t,Iac_real,Iac_int,Vdc_real,Vdc_int,P_charge
0.6,-22.057,-22.057,410.022,410.022,
0.6001,-21.171,-21.171,409.75,409.75,6900.0
0.6002,-20.154,-20.154,409.443,409.443,6900.0
0.6003,-19.386,-19.386,409.109,409.109,6900.0
0.6004,-18.08,-18.08,408.758,408.758,6900.0
0.6005,-16.532,-16.532,408.364,408.364,6900.0
0.6006,-15.613,-15.613,407.927,407.927,6900.0
0.6007,-14.443,-14.443,407.466,407.466,6900.0
0.6008,-13.455,-13.455,406.982,406.982,6900.0
0.6009,-11.946,-11.946,406.479,406.479,6900.0
0.601,-10.473,-10.473,405.947,405.947,6900.0
0.6011,-9.163,-9.163,405.385,405.385,6900.0
0.6012,-7.898,-7.898,404.801,404.801,6900.0
0.6013,-6.561,-6.561,404.197,404.197,6900.0
0.6014,-5.089,-5.089,403.576,403.576,6900.0
0.6015,-3.71,-3.71,402.941,402.941,6900.0
0.6016,-2.239,-2.239,402.295,402.295,6900.0
0.6017,-1.052,-1.052,401.639,401.639,6900.0
0.6018,-1.024,-1.024,400.978,400.978,6900.0
0.6019,0.061,0.061,400.316,400.316,6900.0
0.602,0.583,0.583,399.653,399.653,6900.0
0.6021,2.73,2.73,398.988,398.988,6900.0
0.6022,2.669,2.669,398.328,398.328,6900.0
0.6023,4.056,4.056,397.67,397.67,6900.0
0.6024,5.245,5.245,397.023,397.023,6900.0
0.6025,6.203,6.203,396.384,396.384,6900.0
0.6026,7.591,7.591,395.751,395.751,6900.0
0.6027,9.039,9.039,395.135,395.135,6900.0
0.6028,10.684,10.684,394.541,394.541,6900.0
0.6029,11.907,11.907,393.981,393.981,6900.0
0.603,12.867,12.867,393.44,393.44,6900.0
0.6031,14.25,14.25,392.907,392.907,6900.0
0.6032,15.834,15.834,392.398,392.398,6900.0
0.6033,17.438,17.438,391.932,391.932,6900.0
0.6034,18.624,18.624,391.518,391.518,6900.0
0.6035,19.514,19.514,391.14,391.14,6900.0
0.6036,20.716,20.716,390.782,390.782,6900.0
0.6037,22.081,22.081,390.459,390.459,6900.0
0.6038,23.211,23.211,390.182,390.182,6900.0
0.6039,24.444,24.444,389.948,389.948,6900.0
0.604,25.475,25.475,389.759,389.759,6900.0
0.6041,26.472,26.472,389.606,389.606,6900.0
0.6042,27.53,27.53,389.491,389.491,6900.0
0.6043,28.463,28.463,389.414,389.414,6900.0
0.6044,29.584,29.584,389.373,389.373,6900.0
0.6045,30.651,30.651,389.378,389.378,6900.0
0.6046,31.633,31.633,389.441,389.441,6900.0
0.6047,32.502,32.502,389.553,389.553,6900.0
0.6048,33.301,33.301,389.703,389.703,6900.0
0.6049,34.195,34.195,389.885,389.885,6900.0
0.605,35.138,35.138,390.115,390.115,6900.0
0.6051,36.101,36.101,390.4,390.4,6900.0
0.6052,36.563,36.563,390.741,390.741,6900.0
0.6053,37.044,37.044,391.099,391.099,6900.0
0.6054,37.844,37.844,391.471,391.471,6900.0
0.6055,38.413,38.413,391.88,391.88,6900.0
0.6056,39.393,39.393,392.323,392.323,6900.0
0.6057,39.866,39.866,392.825,392.825,6900.0
0.6058,39.998,39.998,393.346,393.346,6900.0
0.6059,40.599,40.599,393.874,393.874,6900.0
0.606,40.827,40.827,394.439,394.439,6900.0
0.6061,41.39,41.39,395.017,395.017,6900.0
0.6062,41.509,41.509,395.648,395.648,6900.0
0.6063,41.598,41.598,396.284,396.284,6900.0
0.6064,41.822,41.822,396.93,396.93,6900.0
0.6065,41.927,41.927,397.59,397.59,6900.0
0.6066,41.947,41.947,398.244,398.244,6900.0
0.6067,41.946,41.946,398.913,398.913,6900.0
0.6068,41.852,41.852,399.574,399.574,6900.0
0.6069,41.986,41.986,400.233,400.233,6900.0
0.607,41.707,41.707,400.899,400.899,6900.0
0.6071,41.657,41.657,401.535,401.535,6900.0
0.6072,41.635,41.635,402.176,402.176,6900.0
0.6073,41.345,41.345,402.813,402.813,6900.0
0.6074,41.244,41.244,403.45,403.45,6900.0
0.6075,40.745,40.745,404.086,404.086,6900.0
0.6076,40.316,40.316,404.685,404.685,6900.0
0.6077,40.068,40.068,405.26,405.26,6900.0
0.6078,39.62,39.62,405.816,405.816,6900.0
0.6079,39.354,39.354,406.358,406.358,6900.0
0.608,38.785,38.785,406.879,406.879,6900.0
0.6081,38.009,38.009,407.36,407.36,6900.0
0.6082,37.661,37.661,407.792,407.792,6900.0
0.6083,37.194,37.194,408.2,408.2,6900.0
0.6084,36.598,36.598,408.59,408.59,6900.0
0.6085,36.019,36.019,408.953,408.953,6900.0
0.6086,35.295,35.295,409.286,409.286,6900.0
0.6087,34.495,34.495,409.581,409.581,6900.0
0.6088,33.756,33.756,409.841,409.841,6900.0
0.6089,32.907,32.907,410.064,410.064,6900.0
0.609,31.955,31.955,410.249,410.249,6900.0
0.6091,31.143,31.143,410.394,410.394,6900.0
0.6092,30.052,30.052,410.504,410.504,6900.0
0.6093,28.996,28.996,410.562,410.562,6900.0
0.6094,28.135,28.135,410.559,410.559,6900.0
0.6095,27.481,27.481,410.514,410.514,6900.0
0.6096,26.721,26.721,410.446,410.446,6900.0
0.6097,25.608,25.608,410.362,410.362,6900.0
0.6098,24.218,24.218,410.233,410.233,6900.0
0.6099,23.1,23.1,410.033,410.033,6900.0
0.61,22.274,22.274,409.791,409.791,6900.0
0.6101,21.572,21.572,409.523,409.523,6900.0
0.6102,20.609,20.609,409.246,409.246,6900.0
0.6103,19.035,19.035,408.939,408.939,6900.0
0.6104,17.745,17.745,408.577,408.577,6900.0
0.6105,16.675,16.675,408.18,408.18,6900.0
0.6106,15.67,15.67,407.75,407.75,6900.0
0.6107,14.56,14.56,407.3,407.3,6900.0
0.6108,13.166,13.166,406.821,406.821,6900.0
0.6109,11.804,11.804,406.306,406.306,6900.0
0.611,10.593,10.593,405.764,405.764,6900.0
0.6111,9.188,9.188,405.197,405.197,6900.0
0.6112,7.918,7.918,404.61,404.61,6900.0
0.6113,6.461,6.461,404.005,404.005,6900.0
0.6114,5.096,5.096,403.384,403.384,6900.0
0.6115,3.762,3.762,402.749,402.749,6900.0
0.6116,2.343,2.343,402.103,402.103,6900.0
0.6117,1.083,1.083,401.448,401.448,6900.0
0.6118,0.333,0.333,400.788,400.788,6900.0
0.6119,-0.0,-0.0,400.125,400.125,6900.0
0.612,-0.511,-0.511,399.461,399.461,6900.0
0.6121,-2.963,-2.963,398.796,398.796,6900.0
0.6122,-3.022,-3.022,398.139,398.139,6900.0
0.6123,-3.75,-3.75,397.485,397.485,6900.0
0.6124,-4.889,-4.889,396.834,396.834,6900.0
0.6125,-6.477,-6.477,396.193,396.193,6900.0
0.6126,-7.756,-7.756,395.566,395.566,6900.0
0.6127,-9.322,-9.322,394.959,394.959,6900.0
0.6128,-10.226,-10.226,394.373,394.373,6900.0
0.6129,-11.371,-11.371,393.793,393.793,6900.0
0.613,-13.015,-13.015,393.227,393.227,6900.0
0.6131,-14.617,-14.617,392.692,392.692,6900.0
0.6132,-16.24,-16.24,392.201,392.201,6900.0
0.6133,-17.201,-17.201,391.757,391.757,6900.0
0.6134,-18.311,-18.311,391.333,391.333,6900.0
0.6135,-19.613,-19.613,390.934,390.934,6900.0
0.6136,-20.897,-20.897,390.575,390.575,6900.0
0.6137,-22.212,-22.212,390.26,390.26,6900.0
0.6138,-23.305,-23.305,389.992,389.992,6900.0
0.6139,-24.25,-24.25,389.76,389.76,6900.0
0.614,-25.406,-25.406,389.561,389.561,6900.0
0.6141,-26.524,-26.524,389.4,389.4,6900.0
0.6142,-27.611,-27.611,389.279,389.279,6900.0
0.6143,-28.638,-28.638,389.202,389.202,6900.0
0.6144,-29.623,-29.623,389.172,389.172,6900.0
0.6145,-30.585,-30.585,389.189,389.189,6900.0
0.6146,-31.453,-31.453,389.248,389.248,6900.0
0.6147,-32.315,-32.315,389.34,389.34,6900.0
0.6148,-33.449,-33.449,389.477,389.477,6900.0
0.6149,-34.457,-34.457,389.666,389.666,6900.0
0.615,-35.267,-35.267,389.921,389.921,6900.0
0.6151,-35.773,-35.773,390.218,390.218,6900.0
0.6152,-36.512,-36.512,390.528,390.528,6900.0
0.6153,-37.312,-37.312,390.875,390.875,6900.0
0.6154,-38.057,-38.057,391.255,391.255,6900.0
0.6155,-38.753,-38.753,391.691,391.691,6900.0
0.6156,-39.084,-39.084,392.161,392.161,6900.0
0.6157,-39.63,-39.63,392.632,392.632,6900.0
0.6158,-40.223,-40.223,393.136,393.136,6900.0
0.6159,-40.579,-40.579,393.667,393.667,6900.0
0.616,-41.072,-41.072,394.239,394.239,6900.0
0.6161,-41.207,-41.207,394.845,394.845,6900.0
0.6162,-41.529,-41.529,395.448,395.448,6900.0
0.6163,-41.704,-41.704,396.084,396.084,6900.0
0.6164,-41.656,-41.656,396.724,396.724,6900.0
0.6165,-41.949,-41.949,397.373,397.373,6900.0
0.6166,-41.919,-41.919,398.044,398.044,6900.0
0.6167,-41.989,-41.989,398.702,398.702,6900.0
0.6168,-41.963,-41.963,399.376,399.376,6900.0
0.6169,-41.668,-41.668,400.039,400.039,6900.0
0.617,-41.925,-41.925,400.682,400.682,6900.0
0.6171,-41.756,-41.756,401.34,401.34,6900.0
0.6172,-41.7,-41.7,401.98,401.98,6900.0
0.6173,-41.403,-41.403,402.631,402.631,6900.0
0.6174,-41.06,-41.06,403.262,403.262,6900.0
0.6175,-40.961,-40.961,403.862,403.862,6900.0
0.6176,-40.495,-40.495,404.462,404.462,6900.0
0.6177,-40.278,-40.278,405.041,405.041,6900.0
0.6178,-39.879,-39.879,405.621,405.621,6900.0
0.6179,-39.224,-39.224,406.176,406.176,6900.0
0.618,-38.75,-38.75,406.682,406.682,6900.0
0.6181,-38.272,-38.272,407.163,407.163,6900.0
0.6182,-37.764,-37.764,407.614,407.614,6900.0
0.6183,-37.036,-37.036,408.043,408.043,6900.0
0.6184,-36.423,-36.423,408.432,408.432,6900.0
0.6185,-35.827,-35.827,408.78,408.78,6900.0
0.6186,-35.216,-35.216,409.095,409.095,6900.0
0.6187,-34.549,-34.549,409.38,409.38,6900.0
0.6188,-33.883,-33.883,409.635,409.635,6900.0
0.6189,-33.045,-33.045,409.861,409.861,6900.0
0.619,-32.211,-32.211,410.053,410.053,6900.0
0.6191,-31.13,-31.13,410.205,410.205,6900.0
0.6192,-30.182,-30.182,410.304,410.304,6900.0
0.6193,-29.198,-29.198,410.354,410.354,6900.0
0.6194,-28.382,-28.382,410.363,410.363,6900.0
0.6195,-27.565,-27.565,410.347,410.347,6900.0
0.6196,-26.444,-26.444,410.298,410.298,6900.0
0.6197,-25.152,-25.152,410.19,410.19,6900.0
0.6198,-24.259,-24.259,410.023,410.023,6900.0
0.6199,-23.464,-23.464,409.825,409.825,6900.0
0.62,-22.827,-22.827,409.613,409.613,6900.0
0.6201,-21.563,-21.563,409.389,409.389,6900.0
0.6202,-20.051,-20.051,409.113,409.113,6900.0
0.6203,-19.136,-19.136,408.782,408.782,6900.0
0.6204,-17.865,-17.865,408.418,408.418,6900.0
0.6205,-17.002,-17.002,408.022,408.022,6900.0
0.6206,-15.762,-15.762,407.604,407.604,6900.0
0.6207,-14.281,-14.281,407.148,407.148,6900.0
0.6208,-13.343,-13.343,406.652,406.652,6900.0
0.6209,-11.945,-11.945,406.136,406.136,6900.0
0.621,-10.69,-10.69,405.594,405.594,6900.0
0.6211,-9.288,-9.288,405.034,405.034,6900.0
0.6212,-7.989,-7.989,404.451,404.451,6900.0
0.6213,-6.67,-6.67,403.848,403.848,6900.0
0.6214,-5.146,-5.146,403.23,403.23,6900.0
0.6215,-3.665,-3.665,402.596,402.596,6900.0
0.6216,-2.364,-2.364,401.95,401.95,6900.0
0.6217,-1.174,-1.174,401.295,401.295,6900.0
0.6218,-0.134,-0.134,400.634,400.634,6900.0
0.6219,0.0,0.0,399.971,399.971,6900.0
0.622,1.022,1.022,399.307,399.307,6900.0
0.6221,2.081,2.081,398.645,398.645,6900.0
0.6222,2.507,2.507,397.985,397.985,6900.0
0.6223,3.848,3.848,397.326,397.326,6900.0
0.6224,4.907,4.907,396.675,396.675,6900.0
0.6225,6.491,6.491,396.034,396.034,6900.0
0.6226,7.62,7.62,395.411,395.411,6900.0
0.6227,8.607,8.607,394.797,394.797,6900.0
0.6228,10.202,10.202,394.19,394.19,6900.0
0.6229,11.909,11.909,393.604,393.604,6900.0
0.623,13.475,13.475,393.05,393.05,6900.0
0.6231,14.752,14.752,392.54,392.54,6900.0
0.6232,15.634,15.634,392.056,392.056,6900.0
0.6233,16.958,16.958,391.584,391.584,6900.0
0.6234,18.341,18.341,391.143,391.143,6900.0
0.6235,19.815,19.815,390.745,390.745,6900.0
0.6236,21.106,21.106,390.399,390.399,6900.0
0.6237,22.126,22.126,390.095,390.095,6900.0
0.6238,23.109,23.109,389.82,389.82,6900.0
0.6239,24.331,24.331,389.577,389.577,6900.0
0.624,25.368,25.368,389.378,389.378,6900.0
0.6241,26.525,26.525,389.219,389.219,6900.0
0.6242,27.602,27.602,389.106,389.106,6900.0
0.6243,28.57,28.57,389.039,389.039,6900.0
0.6244,29.652,29.652,389.011,389.011,6900.0
0.6245,30.473,30.473,389.024,389.024,6900.0
0.6246,31.625,31.625,389.069,389.069,6900.0
0.6247,32.659,32.659,389.163,389.163,6900.0
0.6248,33.731,33.731,389.317,389.317,6900.0
0.6249,34.521,34.521,389.526,389.526,6900.0
0.625,35.202,35.202,389.767,389.767,6900.0
0.6251,35.966,35.966,390.036,390.036,6900.0
0.6252,36.77,36.77,390.349,390.349,6900.0
0.6253,37.626,37.626,390.712,390.712,6900.0
0.6254,38.163,38.163,391.13,391.13,6900.0
0.6255,38.475,38.475,391.568,391.568,6900.0
0.6256,39.236,39.236,392.014,392.014,6900.0
0.6257,39.668,39.668,392.496,392.496,6900.0
0.6258,40.401,40.401,393.004,393.004,6900.0
0.6259,40.772,40.772,393.564,393.564,6900.0
0.626,40.879,40.879,394.136,394.136,6900.0
0.6261,41.428,41.428,394.714,394.714,6900.0
0.6262,41.639,41.639,395.326,395.326,6900.0
0.6263,42.058,42.058,395.945,395.945,6900.0
0.6264,42.168,42.168,396.607,396.607,6900.0
0.6265,42.041,42.041,397.275,397.275,6900.0
0.6266,42.226,42.226,397.944,397.944,6900.0
0.6267,42.224,42.224,398.625,398.625,6900.0
0.6268,42.103,42.103,399.292,399.292,6900.0
0.6269,42.043,42.043,399.967,399.967,6900.0
0.627,41.797,41.797,400.631,400.631,6900.0
0.6271,41.868,41.868,401.29,401.29,6900.0
0.6272,41.598,41.598,401.949,401.949,6900.0
0.6273,41.222,41.222,402.579,402.579,6900.0
0.6274,41.209,41.209,403.194,403.194,6900.0
0.6275,40.855,40.855,403.803,403.803,6900.0
0.6276,40.758,40.758,404.407,404.407,6900.0
0.6277,40.308,40.308,405.008,405.008,6900.0
0.6278,39.692,39.692,405.575,405.575,6900.0
0.6279,39.502,39.502,406.109,406.109,6900.0
0.628,39.051,39.051,406.626,406.626,6900.0
0.6281,38.591,38.591,407.126,407.126,6900.0
0.6282,37.974,37.974,407.601,407.601,6900.0
0.6283,37.207,37.207,408.035,408.035,6900.0
0.6284,36.589,36.589,408.422,408.422,6900.0
0.6285,35.995,35.995,408.774,408.774,6900.0
0.6286,35.294,35.294,409.1,409.1,6900.0
0.6287,34.623,34.623,409.394,409.394,6900.0
0.6288,33.797,33.797,409.656,409.656,6900.0
0.6289,33.104,33.104,409.879,409.879,6900.0
0.629,32.13,32.13,410.066,410.066,6900.0
0.6291,31.228,31.228,410.205,410.205,6900.0
0.6292,30.449,30.449,410.302,410.302,6900.0
0.6293,29.602,29.602,410.368,410.368,6900.0
0.6294,28.572,28.572,410.406,410.406,6900.0
0.6295,27.333,27.333,410.396,410.396,6900.0
0.6296,26.432,26.432,410.321,410.321,6900.0
0.6297,25.689,25.689,410.204,410.204,6900.0
0.6298,24.794,24.794,410.067,410.067,6900.0
0.6299,23.802,23.802,409.914,409.914,6900.0
0.63,22.32,22.32,409.721,409.721,6900.0
0.6301,21.133,21.133,409.459,409.459,6900.0
0.6302,20.283,20.283,409.153,409.153,6900.0
0.6303,19.318,19.318,408.814,408.814,6900.0
0.6304,18.264,18.264,408.457,408.457,6900.0
0.6305,16.989,16.989,408.07,408.07,6900.0
0.6306,15.738,15.738,407.638,407.638,6900.0
0.6307,14.592,14.592,407.179,407.179,6900.0
0.6308,13.376,13.376,406.693,406.693,6900.0
0.6309,12.127,12.127,406.188,406.188,6900.0
0.631,10.747,10.747,405.66,405.66,6900.0
0.6311,9.19,9.19,405.103,405.103,6900.0
0.6312,7.929,7.929,404.522,404.522,6900.0
0.6313,6.513,6.513,403.919,403.919,6900.0
0.6314,5.094,5.094,403.299,403.299,6900.0
0.6315,3.725,3.725,402.664,402.664,6900.0
0.6316,2.444,2.444,402.017,402.017,6900.0
0.6317,1.049,1.049,401.362,401.362,6900.0
0.6318,1.192,1.192,400.701,400.701,6900.0
0.6319,-0.166,-0.166,400.038,400.038,6900.0
0.632,-0.873,-0.873,399.374,399.374,6900.0
0.6321,-1.785,-1.785,398.71,398.71,6900.0
0.6322,-3.153,-3.153,398.049,398.049,6900.0
0.6323,-3.892,-3.892,397.39,397.39,6900.0
0.6324,-5.078,-5.078,396.74,396.74,6900.0
0.6325,-6.195,-6.195,396.1,396.1,6900.0
0.6326,-7.531,-7.531,395.466,395.466,6900.0
0.6327,-9.212,-9.212,394.844,394.844,6900.0
0.6328,-10.693,-10.693,394.245,394.245,6900.0
0.6329,-12.255,-12.255,393.678,393.678,6900.0
0.633,-13.267,-13.267,393.144,393.144,6900.0
0.6331,-14.26,-14.26,392.621,392.621,6900.0
0.6332,-15.822,-15.822,392.116,392.116,6900.0
0.6333,-17.365,-17.365,391.646,391.646,6900.0
0.6334,-18.836,-18.836,391.225,391.225,6900.0
0.6335,-19.898,-19.898,390.851,390.851,6900.0
0.6336,-20.798,-20.798,390.503,390.503,6900.0
0.6337,-22.04,-22.04,390.177,390.177,6900.0
0.6338,-23.249,-23.249,389.889,389.889,6900.0
0.6339,-24.4,-24.4,389.645,389.645,6900.0
0.634,-25.449,-25.449,389.445,389.445,6900.0
0.6341,-26.577,-26.577,389.287,389.287,6900.0
0.6342,-27.597,-27.597,389.172,389.172,6900.0
0.6343,-28.712,-28.712,389.097,389.097,6900.0
0.6344,-29.742,-29.742,389.065,389.065,6900.0
0.6345,-30.745,-30.745,389.08,389.08,6900.0
0.6346,-31.902,-31.902,389.142,389.142,6900.0
0.6347,-32.631,-32.631,389.265,389.265,6900.0
0.6348,-33.465,-33.465,389.423,389.423,6900.0
0.6349,-34.269,-34.269,389.607,389.607,6900.0
0.635,-35.213,-35.213,389.832,389.832,6900.0
0.6351,-36.108,-36.108,390.102,390.102,6900.0
0.6352,-36.967,-36.967,390.43,390.43,6900.0
0.6353,-37.479,-37.479,390.798,390.798,6900.0
0.6354,-38.144,-38.144,391.178,391.178,6900.0
0.6355,-38.763,-38.763,391.598,391.598,6900.0
0.6356,-39.506,-39.506,392.047,392.047,6900.0
0.6357,-40.076,-40.076,392.555,392.555,6900.0
0.6358,-40.32,-40.32,393.098,393.098,6900.0
0.6359,-40.68,-40.68,393.642,393.642,6900.0
0.636,-41.083,-41.083,394.215,394.215,6900.0
0.6361,-41.352,-41.352,394.803,394.803,6900.0
0.6362,-41.87,-41.87,395.42,395.42,6900.0
0.6363,-41.908,-41.908,396.066,396.066,6900.0
0.6364,-41.947,-41.947,396.703,396.703,6900.0
0.6365,-42.135,-42.135,397.358,397.358,6900.0
0.6366,-42.052,-42.052,398.013,398.013,6900.0
0.6367,-42.376,-42.376,398.67,398.67,6900.0
0.6368,-42.208,-42.208,399.351,399.351,6900.0
0.6369,-42.244,-42.244,400.018,400.018,6900.0
0.637,-42.211,-42.211,400.701,400.701,6900.0
0.6371,-41.857,-41.857,401.378,401.378,6900.0
0.6372,-41.902,-41.902,402.029,402.029,6900.0
0.6373,-41.558,-41.558,402.687,402.687,6900.0
0.6374,-41.425,-41.425,403.319,403.319,6900.0
0.6375,-40.987,-40.987,403.955,403.955,6900.0
0.6376,-40.62,-40.62,404.56,404.56,6900.0
0.6377,-40.364,-40.364,405.126,405.126,6900.0
0.6378,-39.996,-39.996,405.682,405.682,6900.0
0.6379,-39.735,-39.735,406.218,406.218,6900.0
0.638,-39.204,-39.204,406.751,406.751,6900.0
0.6381,-38.464,-38.464,407.257,407.257,6900.0
0.6382,-37.824,-37.824,407.716,407.716,6900.0
0.6383,-37.34,-37.34,408.143,408.143,6900.0
0.6384,-36.863,-36.863,408.54,408.54,6900.0
0.6385,-36.119,-36.119,408.917,408.917,6900.0
0.6386,-35.405,-35.405,409.256,409.256,6900.0
0.6387,-34.604,-34.604,409.555,409.555,6900.0
0.6388,-33.929,-33.929,409.812,409.812,6900.0
0.6389,-32.992,-32.992,410.032,410.032,6900.0
0.639,-32.248,-32.248,410.209,410.209,6900.0
0.6391,-31.436,-31.436,410.352,410.352,6900.0
0.6392,-30.535,-30.535,410.464,410.464,6900.0
0.6393,-29.569,-29.569,410.537,410.537,6900.0
0.6394,-28.364,-28.364,410.559,410.559,6900.0
0.6395,-27.469,-27.469,410.525,410.525,6900.0
0.6396,-26.762,-26.762,410.458,410.458,6900.0
0.6397,-25.998,-25.998,410.373,410.373,6900.0
0.6398,-24.646,-24.646,410.263,410.263,6900.0
0.6399,-23.143,-23.143,410.088,410.088,6900.0
0.64,-22.286,-22.286,409.849,409.849,6900.0
0.6401,-21.512,-21.512,409.576,409.576,6900.0
0.6402,-20.783,-20.783,409.284,409.284,6900.0
0.6403,-19.439,-19.439,408.978,408.978,6900.0
0.6404,-17.887,-17.887,408.627,408.627,6900.0
0.6405,-17.048,-17.048,408.228,408.228,6900.0
0.6406,-15.723,-15.723,407.805,407.805,6900.0
0.6407,-14.89,-14.89,407.353,407.353,6900.0
0.6408,-13.531,-13.531,406.883,406.883,6900.0
0.6409,-11.964,-11.964,406.38,406.38,6900.0
0.641,-10.788,-10.788,405.843,405.843,6900.0
0.6411,-9.296,-9.296,405.282,405.282,6900.0
0.6412,-7.945,-7.945,404.698,404.698,6900.0
0.6413,-6.609,-6.609,404.095,404.095,6900.0
0.6414,-5.279,-5.279,403.475,403.475,6900.0
0.6415,-3.863,-3.863,402.841,402.841,6900.0
0.6416,-2.563,-2.563,402.195,402.195,6900.0
0.6417,-1.079,-1.079,401.541,401.541,6900.0
0.6418,-0.189,-0.189,400.88,400.88,6900.0
0.6419,-0.0,-0.0,400.218,400.218,6900.0
0.642,0.371,0.371,399.554,399.554,6900.0
0.6421,2.605,2.605,398.889,398.889,6900.0
0.6422,2.986,2.986,398.229,398.229,6900.0
0.6423,3.813,3.813,397.574,397.574,6900.0
0.6424,4.754,4.754,396.924,396.924,6900.0
0.6425,6.246,6.246,396.279,396.279,6900.0
0.6426,7.6,7.6,395.648,395.648,6900.0
0.6427,9.231,9.231,395.034,395.034,6900.0
0.6428,10.539,10.539,394.448,394.448,6900.0
0.6429,11.429,11.429,393.878,393.878,6900.0
0.643,12.888,12.888,393.314,393.314,6900.0
0.6431,14.509,14.509,392.777,392.777,6900.0
0.6432,16.124,16.124,392.281,392.281,6900.0
0.6433,17.381,17.381,391.837,391.837,6900.0
0.6434,18.294,18.294,391.427,391.427,6900.0
0.6435,19.486,19.486,391.032,391.032,6900.0
0.6436,20.764,20.764,390.666,390.666,6900.0
0.6437,22.017,22.017,390.341,390.341,6900.0
0.6438,23.078,23.078,390.061,390.061,6900.0
0.6439,24.212,24.212,389.817,389.817,6900.0
0.644,25.404,25.404,389.607,389.607,6900.0
0.6441,26.506,26.506,389.439,389.439,6900.0
0.6442,27.65,27.65,389.314,389.314,6900.0
0.6443,28.726,28.726,389.236,389.236,6900.0
0.6444,29.728,29.728,389.207,389.207,6900.0
0.6445,30.748,30.748,389.232,389.232,6900.0
0.6446,31.58,31.58,389.304,389.304,6900.0
0.6447,32.383,32.383,389.412,389.412,6900.0
0.6448,33.476,33.476,389.547,389.547,6900.0
0.6449,34.202,34.202,389.732,389.732,6900.0
0.645,35.23,35.23,389.964,389.964,6900.0
0.6451,35.893,35.893,390.249,390.249,6900.0
0.6452,36.506,36.506,390.56,390.56,6900.0
0.6453,37.485,37.485,390.889,390.889,6900.0
0.6454,38.047,38.047,391.27,391.27,6900.0
0.6455,39.005,39.005,391.692,391.692,6900.0
0.6456,39.505,39.505,392.175,392.175,6900.0
0.6457,39.718,39.718,392.682,392.682,6900.0
0.6458,40.374,40.374,393.196,393.196,6900.0
0.6459,40.734,40.734,393.746,393.746,6900.0
0.646,41.314,41.314,394.313,394.313,6900.0
0.6461,41.494,41.494,394.928,394.928,6900.0
0.6462,41.399,41.399,395.545,395.545,6900.0
0.6463,41.902,41.902,396.157,396.157,6900.0
0.6464,41.988,41.988,396.794,396.794,6900.0
0.6465,42.246,42.246,397.429,397.429,6900.0
0.6466,42.368,42.368,398.097,398.097,6900.0
0.6467,42.235,42.235,398.768,398.768,6900.0
0.6468,42.306,42.306,399.444,399.444,6900.0
0.6469,42.126,42.126,400.13,400.13,6900.0
0.647,41.985,41.985,400.796,400.796,6900.0
0.6471,41.96,41.96,401.469,401.469,6900.0
0.6472,41.674,41.674,402.132,402.132,6900.0
0.6473,41.636,41.636,402.788,402.788,6900.0
0.6474,41.223,41.223,403.436,403.436,6900.0
0.6475,40.859,40.859,404.045,404.045,6900.0
0.6476,40.652,40.652,404.633,404.633,6900.0
0.6477,40.255,40.255,405.204,405.204,6900.0
0.6478,40.073,40.073,405.764,405.764,6900.0
0.6479,39.447,39.447,406.315,406.315,6900.0
0.648,38.858,38.858,406.83,406.83,6900.0
0.6481,38.417,38.417,407.31,407.31,6900.0
0.6482,37.926,37.926,407.767,407.767,6900.0
0.6483,37.399,37.399,408.207,408.207,6900.0
0.6484,36.716,36.716,408.62,408.62,6900.0
0.6485,36.032,36.032,408.993,408.993,6900.0
0.6486,35.327,35.327,409.323,409.323,6900.0
0.6487,34.677,34.677,409.615,409.615,6900.0
0.6488,33.934,33.934,409.873,409.873,6900.0
0.6489,33.183,33.183,410.094,410.094,6900.0
0.649,32.365,32.365,410.282,410.282,6900.0
0.6491,31.403,31.403,410.436,410.436,6900.0
0.6492,30.299,30.299,410.544,410.544,6900.0
0.6493,29.451,29.451,410.595,410.595,6900.0
0.6494,28.602,28.602,410.607,410.607,6900.0
0.6495,27.868,27.868,410.591,410.591,6900.0
0.6496,26.717,26.717,410.555,410.555,6900.0
0.6497,25.469,25.469,410.47,410.47,6900.0
0.6498,24.488,24.488,410.318,410.318,6900.0
0.6499,23.617,23.617,410.123,410.123,6900.0
0.65,22.801,22.801,409.905,409.905,6900.0
0.6501,21.876,21.876,409.674,409.674,6900.0
0.6502,20.391,20.391,409.412,409.412,6900.0
0.6503,19.138,19.138,409.09,409.09,6900.0
0.6504,18.055,18.055,408.729,408.729,6900.0
0.6505,17.085,17.085,408.332,408.332,6900.0
0.6506,15.9,15.9,407.917,407.917,6900.0
0.6507,14.495,14.495,407.47,407.47,6900.0
0.6508,13.304,13.304,406.982,406.982,6900.0
0.6509,12.052,12.052,406.468,406.468,6900.0
0.651,10.842,10.842,405.927,405.927,6900.0
0.6511,9.531,9.531,405.367,405.367,6900.0
0.6512,8.111,8.111,404.787,404.787,6900.0
0.6513,6.682,6.682,404.187,404.187,6900.0
0.6514,5.262,5.262,403.569,403.569,6900.0
0.6515,3.926,3.926,402.937,402.937,6900.0
0.6516,2.506,2.506,402.293,402.293,6900.0
0.6517,1.213,1.213,401.639,401.639,6900.0
0.6518,0.289,0.289,400.979,400.979,6900.0
0.6519,0.0,0.0,400.317,400.317,6900.0
0.652,0.0,0.0,399.654,399.654,6900.0
0.6521,-1.946,-1.946,398.99,398.99,6900.0
0.6522,-2.501,-2.501,398.33,398.33,6900.0
0.6523,-3.554,-3.554,397.672,397.672,6900.0
0.6524,-4.834,-4.834,397.021,397.021,6900.0
0.6525,-6.253,-6.253,396.378,396.378,6900.0
0.6526,-7.669,-7.669,395.752,395.752,6900.0
0.6527,-8.697,-8.697,395.142,395.142,6900.0
0.6528,-9.9,-9.9,394.538,394.538,6900.0
0.6529,-11.614,-11.614,393.947,393.947,6900.0
0.653,-13.16,-13.16,393.383,393.383,6900.0
0.6531,-14.878,-14.878,392.859,392.859,6900.0
0.6532,-15.852,-15.852,392.379,392.379,6900.0
0.6533,-16.86,-16.86,391.915,391.915,6900.0
0.6534,-18.217,-18.217,391.473,391.473,6900.0
0.6535,-19.689,-19.689,391.07,391.07,6900.0
0.6536,-20.923,-20.923,390.718,390.718,6900.0
0.6537,-22.058,-22.058,390.411,390.411,6900.0
0.6538,-23.055,-23.055,390.137,390.137,6900.0
0.6539,-24.176,-24.176,389.893,389.893,6900.0
0.654,-25.227,-25.227,389.687,389.687,6900.0
0.6541,-26.396,-26.396,389.519,389.519,6900.0
0.6542,-27.341,-27.341,389.396,389.396,6900.0
0.6543,-28.573,-28.573,389.313,389.313,6900.0
0.6544,-29.672,-29.672,389.281,389.281,6900.0
0.6545,-30.616,-30.616,389.294,389.294,6900.0
0.6546,-31.553,-31.553,389.343,389.343,6900.0
0.6547,-32.484,-32.484,389.439,389.439,6900.0
0.6548,-33.497,-33.497,389.584,389.584,6900.0
0.6549,-34.438,-34.438,389.788,389.788,6900.0
0.655,-35.063,-35.063,390.037,390.037,6900.0
0.6551,-35.709,-35.709,390.307,390.307,6900.0
0.6552,-36.545,-36.545,390.612,390.612,6900.0
0.6553,-37.343,-37.343,390.954,390.954,6900.0
0.6554,-38.141,-38.141,391.352,391.352,6900.0
0.6555,-38.56,-38.56,391.788,391.788,6900.0
0.6556,-39.252,-39.252,392.229,392.229,6900.0
0.6557,-39.773,-39.773,392.709,392.709,6900.0
0.6558,-40.312,-40.312,393.211,393.211,6900.0
0.6559,-41.017,-41.017,393.76,393.76,6900.0
0.656,-41.183,-41.183,394.35,394.35,6900.0
0.6561,-41.376,-41.376,394.94,394.94,6900.0
0.6562,-41.649,-41.649,395.556,395.556,6900.0
0.6563,-41.774,-41.774,396.183,396.183,6900.0
0.6564,-42.114,-42.114,396.831,396.831,6900.0
0.6565,-41.996,-41.996,397.504,397.504,6900.0
0.6566,-42.157,-42.157,398.16,398.16,6900.0
0.6567,-42.207,-42.207,398.836,398.836,6900.0
0.6568,-42.065,-42.065,399.502,399.502,6900.0
0.6569,-42.271,-42.271,400.156,400.156,6900.0
0.657,-41.965,-41.965,400.829,400.829,6900.0
0.6571,-42.04,-42.04,401.48,401.48,6900.0
0.6572,-41.87,-41.87,402.148,402.148,6900.0
0.6573,-41.365,-41.365,402.804,402.804,6900.0
0.6574,-41.383,-41.383,403.425,403.425,6900.0
0.6575,-40.986,-40.986,404.051,404.051,6900.0
0.6576,-40.887,-40.887,404.652,404.652,6900.0
0.6577,-40.497,-40.497,405.256,405.256,6900.0
0.6578,-39.984,-39.984,405.832,405.832,6900.0
0.6579,-39.651,-39.651,406.364,406.364,6900.0
0.658,-39.041,-39.041,406.881,406.881,6900.0
0.6581,-38.657,-38.657,407.37,407.37,6900.0
0.6582,-38.053,-38.053,407.845,407.845,6900.0
0.6583,-37.335,-37.335,408.288,408.288,6900.0
0.6584,-36.633,-36.633,408.686,408.686,6900.0
0.6585,-36.09,-36.09,409.046,409.046,6900.0
0.6586,-35.423,-35.423,409.377,409.377,6900.0
0.6587,-34.74,-34.74,409.676,409.676,6900.0
0.6588,-34.045,-34.045,409.942,409.942,6900.0
0.6589,-33.095,-33.095,410.174,410.174,6900.0
0.659,-32.207,-32.207,410.36,410.36,6900.0
0.6591,-31.36,-31.36,410.5,410.5,6900.0
0.6592,-30.597,-30.597,410.597,410.597,6900.0
0.6593,-29.808,-29.808,410.66,410.66,6900.0
0.6594,-28.858,-28.858,410.697,410.697,6900.0
0.6595,-27.787,-27.787,410.699,410.699,6900.0
0.6596,-26.549,-26.549,410.645,410.645,6900.0
0.6597,-25.635,-25.635,410.534,410.534,6900.0
0.6598,-24.838,-24.838,410.392,410.392,6900.0
0.6599,-24.168,-24.168,410.232,410.232,6900.0
0.66,-22.778,-22.778,410.055,410.055,6900.0
0.6601,-21.316,-21.316,409.817,409.817,6900.0
0.6602,-20.388,-20.388,409.519,409.519,6900.0
0.6603,-19.433,-19.433,409.184,409.184,6900.0
0.6604,-18.528,-18.528,408.823,408.823,6900.0
0.6605,-17.296,-17.296,408.441,408.441,6900.0
0.6606,-15.799,-15.799,408.019,408.019,6900.0
0.6607,-14.758,-14.758,407.558,407.558,6900.0
0.6608,-13.486,-13.486,407.074,407.074,6900.0
0.6609,-12.462,-12.462,406.566,406.566,6900.0
0.661,-11.052,-11.052,406.042,406.042,6900.0
0.6611,-9.516,-9.516,405.492,405.492,6900.0
0.6612,-8.254,-8.254,404.915,404.915,6900.0
0.6613,-6.759,-6.759,404.318,404.318,6900.0
0.6614,-5.338,-5.338,403.702,403.702,6900.0
0.6615,-3.943,-3.943,403.07,403.07,6900.0
0.6616,-2.554,-2.554,402.425,402.425,6900.0
0.6617,-1.279,-1.279,401.771,401.771,6900.0
0.6618,-1.378,-1.378,401.111,401.111,6900.0
0.6619,-0.0,-0.0,400.45,400.45,6900.0
0.662,-0.0,-0.0,399.786,399.786,6900.0
0.6621,1.601,1.601,399.123,399.123,6900.0
0.6622,3.215,3.215,398.461,398.461,6900.0
0.6623,3.7,3.7,397.804,397.804,6900.0
0.6624,5.052,5.052,397.152,397.152,6900.0
0.6625,6.191,6.191,396.511,396.511,6900.0
0.6626,7.228,7.228,395.879,395.879,6900.0
0.6627,8.766,8.766,395.253,395.253,6900.0
0.6628,10.393,10.393,394.648,394.648,6900.0
0.6629,12.001,12.001,394.07,394.07,6900.0
0.663,13.382,13.382,393.532,393.532,6900.0
0.6631,14.164,14.164,393.019,393.019,6900.0
0.6632,15.551,15.551,392.515,392.515,6900.0
0.6633,17.124,17.124,392.041,392.041,6900.0
0.6634,18.586,18.586,391.611,391.611,6900.0
0.6635,19.681,19.681,391.234,391.234,6900.0
0.6636,20.634,20.634,390.889,390.889,6900.0
0.6637,21.793,21.793,390.565,390.565,6900.0
0.6638,23.079,23.079,390.271,390.271,6900.0
0.6639,24.223,24.223,390.019,390.019,6900.0
0.664,25.27,25.27,389.81,389.81,6900.0
0.6641,26.407,26.407,389.642,389.642,6900.0
0.6642,27.506,27.506,389.518,389.518,6900.0
0.6643,28.526,28.526,389.441,389.441,6900.0
0.6644,29.638,29.638,389.406,389.406,6900.0
0.6645,30.637,30.637,389.417,389.417,6900.0
0.6646,31.598,31.598,389.477,389.477,6900.0
0.6647,32.631,32.631,389.592,389.592,6900.0
0.6648,33.382,33.382,389.759,389.759,6900.0
0.6649,33.951,33.951,389.955,389.955,6900.0
0.665,35.002,35.002,390.169,390.169,6900.0
0.6651,35.796,35.796,390.427,390.427,6900.0
0.6652,36.654,36.654,390.733,390.733,6900.0
0.6653,37.251,37.251,391.087,391.087,6900.0
0.6654,37.709,37.709,391.463,391.463,6900.0
0.6655,38.54,38.54,391.856,391.856,6900.0
0.6656,39.159,39.159,392.297,392.297,6900.0
0.6657,39.976,39.976,392.78,392.78,6900.0
0.6658,40.417,40.417,393.326,393.326,6900.0
0.6659,40.526,40.526,393.892,393.892,6900.0
0.666,41.06,41.06,394.465,394.465,6900.0
0.6661,41.137,41.137,395.069,395.069,6900.0
0.6662,41.595,41.595,395.672,395.672,6900.0
0.6663,41.741,41.741,396.31,396.31,6900.0
0.6664,41.744,41.744,396.945,396.945,6900.0
0.6665,42.046,42.046,397.575,397.575,6900.0
0.6666,41.957,41.957,398.224,398.224,6900.0
0.6667,42.054,42.054,398.858,398.858,6900.0
0.6668,42.09,42.09,399.519,399.519,6900.0
0.6669,41.912,41.912,400.181,400.181,6900.0
0.667,42.092,42.092,400.849,400.849,6900.0
0.6671,41.857,41.857,401.533,401.533,6900.0
0.6672,41.61,41.61,402.194,402.194,6900.0
0.6673,41.553,41.553,402.849,402.849,6900.0
0.6674,41.097,41.097,403.492,403.492,6900.0
0.6675,41.021,41.021,404.117,404.117,6900.0
0.6676,40.56,40.56,404.73,404.73,6900.0
0.6677,39.973,39.973,405.302,405.302,6900.0
0.6678,39.847,39.847,405.837,405.837,6900.0
0.6679,39.46,39.46,406.357,406.357,6900.0
0.668,39.102,39.102,406.868,406.868,6900.0
0.6681,38.6,38.6,407.364,407.364,6900.0
0.6682,37.929,37.929,407.83,407.83,6900.0
0.6683,37.327,37.327,408.26,408.26,6900.0
0.6684,36.698,36.698,408.662,408.662,6900.0
0.6685,36.067,36.067,409.04,409.04,6900.0
0.6686,35.424,35.424,409.388,409.388,6900.0
0.6687,34.586,34.586,409.699,409.699,6900.0
0.6688,33.862,33.862,409.963,409.963,6900.0
0.6689,32.905,32.905,410.187,410.187,6900.0
0.669,31.99,31.99,410.362,410.362,6900.0
0.6691,31.329,31.329,410.492,410.492,6900.0
0.6692,30.506,30.506,410.594,410.594,6900.0
0.6693,29.465,29.465,410.665,410.665,6900.0
0.6694,28.417,28.417,410.69,410.69,6900.0
0.6695,27.586,27.586,410.659,410.659,6900.0
0.6696,26.801,26.801,410.592,410.592,6900.0
0.6697,25.945,25.945,410.502,410.502,6900.0
0.6698,25.014,25.014,410.395,410.395,6900.0
0.6699,23.471,23.471,410.246,410.246,6900.0
0.67,22.255,22.255,410.022,410.022,6900.0
0.6701,21.303,21.303,409.75,409.75,6900.0
0.6702,20.541,20.541,409.447,409.447,6900.0
0.6703,19.647,19.647,409.13,409.13,6900.0
0.6704,18.288,18.288,408.785,408.785,6900.0
0.6705,17.114,17.114,408.391,408.391,6900.0
0.6706,15.88,15.88,407.97,407.97,6900.0
0.6707,14.846,14.846,407.517,407.517,6900.0
0.6708,13.688,13.688,407.048,407.048,6900.0
0.6709,12.295,12.295,406.553,406.553,6900.0
0.671,10.777,10.777,406.024,406.024,6900.0
0.6711,9.486,9.486,405.467,405.467,6900.0
0.6712,8.139,8.139,404.886,404.886,6900.0
0.6713,6.871,6.871,404.285,404.285,6900.0
0.6714,5.376,5.376,403.668,403.668,6900.0
0.6715,4.086,4.086,403.034,403.034,6900.0
0.6716,2.733,2.733,402.39,402.39,6900.0
0.6717,1.331,1.331,401.736,401.736,6900.0
0.6718,0.27,0.27,401.077,401.077,6900.0
0.6719,0.0,0.0,400.414,400.414,6900.0
0.672,0.0,0.0,399.751,399.751,6900.0
0.6721,-1.881,-1.881,399.086,399.086,6900.0
0.6722,-2.619,-2.619,398.424,398.424,6900.0
0.6723,-3.72,-3.72,397.767,397.767,6900.0
0.6724,-4.775,-4.775,397.117,397.117,6900.0
0.6725,-5.959,-5.959,396.472,396.472,6900.0
0.6726,-7.534,-7.534,395.839,395.839,6900.0
0.6727,-8.906,-8.906,395.222,395.222,6900.0
0.6728,-10.566,-10.566,394.631,394.631,6900.0
0.6729,-11.598,-11.598,394.066,394.066,6900.0
0.673,-12.697,-12.697,393.51,393.51,6900.0
0.6731,-14.255,-14.255,392.968,392.968,6900.0
0.6732,-15.793,-15.793,392.461,392.461,6900.0
0.6733,-17.303,-17.303,392.001,392.001,6900.0
0.6734,-18.257,-18.257,391.588,391.588,6900.0
0.6735,-19.277,-19.277,391.197,391.197,6900.0
0.6736,-20.466,-20.466,390.829,390.829,6900.0
0.6737,-21.737,-21.737,390.496,390.496,6900.0
0.6738,-23.004,-23.004,390.208,390.208,6900.0
0.6739,-24.137,-24.137,389.962,389.962,6900.0
0.674,-25.033,-25.033,389.754,389.754,6900.0
0.6741,-26.146,-26.146,389.578,389.578,6900.0
0.6742,-27.299,-27.299,389.443,389.443,6900.0
0.6743,-28.396,-28.396,389.35,389.35,6900.0
0.6744,-29.495,-29.495,389.306,389.306,6900.0
0.6745,-30.572,-30.572,389.313,389.313,6900.0
0.6746,-31.489,-31.489,389.378,389.378,6900.0
0.6747,-32.356,-32.356,389.487,389.487,6900.0
0.6748,-33.145,-33.145,389.627,389.627,6900.0
0.6749,-34.11,-34.11,389.807,389.807,6900.0
0.675,-35.131,-35.131,390.028,390.028,6900.0
0.6751,-35.786,-35.786,390.312,390.312,6900.0
0.6752,-36.366,-36.366,390.626,390.626,6900.0
0.6753,-37.054,-37.054,390.954,390.954,6900.0
0.6754,-37.873,-37.873,391.317,391.317,6900.0
0.6755,-38.564,-38.564,391.718,391.718,6900.0
0.6756,-39.367,-39.367,392.177,392.177,6900.0
0.6757,-39.563,-39.563,392.682,392.682,6900.0
0.6758,-40.015,-40.015,393.187,393.187,6900.0
0.6759,-40.414,-40.414,393.726,393.726,6900.0
0.676,-40.73,-40.73,394.284,394.284,6900.0
0.6761,-41.272,-41.272,394.876,394.876,6900.0
0.6762,-41.398,-41.398,395.499,395.499,6900.0
0.6763,-41.635,-41.635,396.115,396.115,6900.0
0.6764,-41.682,-41.682,396.754,396.754,6900.0
0.6765,-41.779,-41.779,397.387,397.387,6900.0
0.6766,-42.076,-42.076,398.032,398.032,6900.0
0.6767,-42.01,-42.01,398.698,398.698,6900.0
0.6768,-41.977,-41.977,399.354,399.354,6900.0
0.6769,-41.959,-41.959,400.024,400.024,6900.0
0.677,-41.708,-41.708,400.686,400.686,6900.0
0.6771,-41.741,-41.741,401.333,401.333,6900.0
0.6772,-41.471,-41.471,401.991,401.991,6900.0
0.6773,-41.441,-41.441,402.63,402.63,6900.0
0.6774,-41.182,-41.182,403.281,403.281,6900.0
0.6775,-40.717,-40.717,403.911,403.911,6900.0
0.6776,-40.409,-40.409,404.499,404.499,6900.0
0.6777,-40.043,-40.043,405.075,405.075,6900.0
0.6778,-39.78,-39.78,405.625,405.625,6900.0
0.6779,-39.349,-39.349,406.167,406.167,6900.0
0.678,-38.762,-38.762,406.678,406.678,6900.0
0.6781,-38.365,-38.365,407.146,407.146,6900.0
0.6782,-37.811,-37.811,407.596,407.596,6900.0
0.6783,-37.373,-37.373,408.021,408.021,6900.0
0.6784,-36.736,-36.736,408.431,408.431,6900.0
0.6785,-36.102,-36.102,408.811,408.811,6900.0
0.6786,-35.28,-35.28,409.153,409.153,6900.0
0.6787,-34.522,-34.522,409.454,409.454,6900.0
0.6788,-33.775,-33.775,409.715,409.715,6900.0
0.6789,-33.031,-33.031,409.938,409.938,6900.0
0.679,-32.287,-32.287,410.123,410.123,6900.0
0.6791,-31.449,-31.449,410.275,410.275,6900.0
0.6792,-30.397,-30.397,410.384,410.384,6900.0
0.6793,-29.397,-29.397,410.441,410.441,6900.0
0.6794,-28.567,-28.567,410.448,410.448,6900.0
0.6795,-27.746,-27.746,410.424,410.424,6900.0
0.6796,-27.026,-27.026,410.376,410.376,6900.0
0.6797,-25.892,-25.892,410.305,410.305,6900.0
0.6798,-24.611,-24.611,410.175,410.175,6900.0
0.6799,-23.525,-23.525,409.987,409.987,6900.0
0.68,-22.751,-22.751,409.763,409.763,6900.0
0.6801,-21.942,-21.942,409.524,409.524,6900.0
0.6802,-20.591,-20.591,409.268,409.268,6900.0
0.6803,-19.128,-19.128,408.961,408.961,6900.0
0.6804,-18.063,-18.063,408.602,408.602,6900.0
0.6805,-17.031,-17.031,408.209,408.209,6900.0
0.6806,-16.151,-16.151,407.787,407.787,6900.0
0.6807,-14.86,-14.86,407.344,407.344,6900.0
0.6808,-13.355,-13.355,406.865,406.865,6900.0
0.6809,-12.207,-12.207,406.35,406.35,6900.0
0.681,-10.829,-10.829,405.811,405.811,6900.0
0.6811,-9.714,-9.714,405.249,405.249,6900.0
0.6812,-8.388,-8.388,404.67,404.67,6900.0
0.6813,-6.898,-6.898,404.073,404.073,6900.0
0.6814,-5.649,-5.649,403.456,403.456,6900.0
0.6815,-4.136,-4.136,402.827,402.827,6900.0
0.6816,-2.696,-2.696,402.184,402.184,6900.0
0.6817,-1.436,-1.436,401.531,401.531,6900.0
0.6818,-0.3,-0.3,400.872,400.872,6900.0
0.6819,0.0,0.0,400.21,400.21,6900.0
0.682,-0.0,-0.0,399.546,399.546,6900.0
0.6821,2.747,2.747,398.881,398.881,6900.0
0.6822,2.594,2.594,398.224,398.224,6900.0
0.6823,3.427,3.427,397.567,397.567,6900.0
0.6824,4.757,4.757,396.914,396.914,6900.0
0.6825,5.93,5.93,396.271,396.271,6900.0
0.6826,7.524,7.524,395.64,395.64,6900.0
0.6827,8.741,8.741,395.029,395.029,6900.0
0.6828,9.703,9.703,394.43,394.43,6900.0
0.6829,11.282,11.282,393.837,393.837,6900.0
0.683,12.817,12.817,393.266,393.266,6900.0
0.6831,14.582,14.582,392.728,392.728,6900.0
0.6832,15.918,15.918,392.238,392.238,6900.0
0.6833,16.747,16.747,391.78,391.78,6900.0
0.6834,17.97,17.97,391.338,391.338,6900.0
0.6835,19.459,19.459,390.928,390.928,6900.0
0.6836,20.868,20.868,390.566,390.566,6900.0
0.6837,22.008,22.008,390.257,390.257,6900.0
0.6838,22.956,22.956,389.99,389.99,6900.0
0.6839,24.031,24.031,389.748,389.748,6900.0
0.684,25.049,25.049,389.539,389.539,6900.0
0.6841,26.308,26.308,389.364,389.364,6900.0
0.6842,27.417,27.417,389.233,389.233,6900.0
0.6843,28.442,28.442,389.145,389.145,6900.0
0.6844,29.437,29.437,389.104,389.104,6900.0
0.6845,30.433,30.433,389.108,389.108,6900.0
0.6846,31.337,31.337,389.154,389.154,6900.0
0.6847,32.468,32.468,389.238,389.238,6900.0
0.6848,33.394,33.394,389.378,389.378,6900.0
0.6849,34.316,34.316,389.579,389.579,6900.0
0.685,35.061,35.061,389.83,389.83,6900.0
0.6851,35.715,35.715,390.112,390.112,6900.0
0.6852,36.443,36.443,390.415,390.415,6900.0
0.6853,37.137,37.137,390.753,390.753,6900.0
0.6854,38.014,38.014,391.131,391.131,6900.0
0.6855,38.567,38.567,391.557,391.557,6900.0
0.6856,38.963,38.963,392.002,392.002,6900.0
0.6857,39.687,39.687,392.46,392.46,6900.0
0.6858,40.113,40.113,392.958,392.958,6900.0
0.6859,40.738,40.738,393.485,393.485,6900.0
0.686,41.095,41.095,394.069,394.069,6900.0
0.6861,41.132,41.132,394.671,394.671,6900.0
0.6862,41.571,41.571,395.28,395.28,6900.0
0.6863,41.625,41.625,395.919,395.919,6900.0
0.6864,41.96,41.96,396.556,396.556,6900.0
0.6865,42.014,42.014,397.224,397.224,6900.0
0.6866,41.786,41.786,397.888,397.888,6900.0
0.6867,41.998,41.998,398.542,398.542,6900.0
0.6868,41.937,41.937,399.202,399.202,6900.0
0.6869,42.003,42.003,399.842,399.842,6900.0
0.687,41.926,41.926,400.496,400.496,6900.0
0.6871,41.744,41.744,401.145,401.145,6900.0
0.6872,41.782,41.782,401.797,401.797,6900.0
0.6873,41.444,41.444,402.456,402.456,6900.0
0.6874,41.048,41.048,403.087,403.087,6900.0
0.6875,40.929,40.929,403.707,403.707,6900.0
0.6876,40.565,40.565,404.315,404.315,6900.0
0.6877,40.392,40.392,404.911,404.911,6900.0
0.6878,39.892,39.892,405.495,405.495,6900.0
0.6879,39.302,39.302,406.037,406.037,6900.0
0.688,38.97,38.97,406.54,406.54,6900.0
0.6881,38.567,38.567,407.018,407.018,6900.0
0.6882,38.067,38.067,407.481,407.481,6900.0
0.6883,37.5,37.5,407.918,407.918,6900.0
0.6884,36.816,36.816,408.32,408.32,6900.0
0.6885,36.201,36.201,408.683,408.683,6900.0
0.6886,35.435,35.435,409.018,409.018,6900.0
0.6887,34.825,34.825,409.322,409.322,6900.0
0.6888,34.035,34.035,409.596,409.596,6900.0
0.6889,33.236,33.236,409.836,409.836,6900.0
0.689,32.236,32.236,410.036,410.036,6900.0
0.6891,31.253,31.253,410.188,410.188,6900.0
0.6892,30.373,30.373,410.286,410.286,6900.0
0.6893,29.614,29.614,410.341,410.341,6900.0
0.6894,28.901,28.901,410.365,410.365,6900.0
0.6895,27.934,27.934,410.366,410.366,6900.0
0.6896,26.593,26.593,410.323,410.323,6900.0
0.6897,25.587,25.587,410.214,410.214,6900.0
0.6898,24.804,24.804,410.065,410.065,6900.0
0.6899,24.034,24.034,409.895,409.895,6900.0
0.69,23.104,23.104,409.714,409.714,6900.0
0.6901,21.652,21.652,409.497,409.497,6900.0
0.6902,20.302,20.302,409.215,409.215,6900.0
0.6903,19.393,19.393,408.886,408.886,6900.0
0.6904,18.49,18.49,408.522,408.522,6900.0
0.6905,17.479,17.479,408.138,408.138,6900.0
0.6906,16.047,16.047,407.724,407.724,6900.0
0.6907,14.711,14.711,407.266,407.266,6900.0
0.6908,13.749,13.749,406.78,406.78,6900.0
0.6909,12.57,12.57,406.271,406.271,6900.0
0.691,11.373,11.373,405.745,405.745,6900.0
0.6911,9.817,9.817,405.199,405.199,6900.0
0.6912,8.395,8.395,404.625,404.625,6900.0
0.6913,7.018,7.018,404.03,404.03,6900.0
0.6914,5.569,5.569,403.416,403.416,6900.0
0.6915,4.159,4.159,402.786,402.786,6900.0
0.6916,2.753,2.753,402.143,402.143,6900.0
0.6917,1.415,1.415,401.49,401.49,6900.0
0.6918,1.495,1.495,400.829,400.829,6900.0
0.6919,0.08,0.08,400.167,400.167,6900.0
0.692,0.0,0.0,399.503,399.503,6900.0
0.6921,-1.541,-1.541,398.84,398.84,6900.0
0.6922,-2.305,-2.305,398.177,398.177,6900.0
0.6923,-3.606,-3.606,397.517,397.517,6900.0
0.6924,-4.803,-4.803,396.863,396.863,6900.0
0.6925,-6.273,-6.273,396.219,396.219,6900.0
0.6926,-7.366,-7.366,395.588,395.588,6900.0
0.6927,-8.545,-8.545,394.964,394.964,6900.0
0.6928,-10.202,-10.202,394.353,394.353,6900.0
0.6929,-11.79,-11.79,393.767,393.767,6900.0
0.693,-13.495,-13.495,393.219,393.219,6900.0
0.6931,-14.312,-14.312,392.709,392.709,6900.0
0.6932,-15.368,-15.368,392.211,392.211,6900.0
0.6933,-16.815,-16.815,391.731,391.731,6900.0
0.6934,-18.349,-18.349,391.288,391.288,6900.0
0.6935,-19.7,-19.7,390.896,390.896,6900.0
0.6936,-20.813,-20.813,390.55,390.55,6900.0
0.6937,-21.789,-21.789,390.232,390.232,6900.0
0.6938,-22.93,-22.93,389.941,389.941,6900.0
0.6939,-24.141,-24.141,389.685,389.685,6900.0
0.694,-25.366,-25.366,389.472,389.472,6900.0
0.6941,-26.426,-26.426,389.307,389.307,6900.0
0.6942,-27.546,-27.546,389.183,389.183,6900.0
0.6943,-28.504,-28.504,389.106,389.106,6900.0
0.6944,-29.508,-29.508,389.069,389.069,6900.0
0.6945,-30.383,-30.383,389.072,389.072,6900.0
0.6946,-31.592,-31.592,389.118,389.118,6900.0
0.6947,-32.623,-32.623,389.219,389.219,6900.0
0.6948,-33.503,-33.503,389.38,389.38,6900.0
0.6949,-34.151,-34.151,389.582,389.582,6900.0
0.695,-34.907,-34.907,389.807,389.807,6900.0
0.6951,-35.814,-35.814,390.068,390.068,6900.0
0.6952,-36.697,-36.697,390.367,390.367,6900.0
0.6953,-37.48,-37.48,390.724,390.724,6900.0
0.6954,-37.954,-37.954,391.117,391.117,6900.0
0.6955,-38.48,-38.48,391.52,391.52,6900.0
0.6956,-39.182,-39.182,391.956,391.956,6900.0
0.6957,-39.857,-39.857,392.425,392.425,6900.0
0.6958,-40.445,-40.445,392.955,392.955,6900.0
0.6959,-40.603,-40.603,393.523,393.523,6900.0
0.696,-40.971,-40.971,394.089,394.089,6900.0
0.6961,-41.363,-41.363,394.685,394.685,6900.0
0.6962,-41.421,-41.421,395.296,395.296,6900.0
0.6963,-41.852,-41.852,395.926,395.926,6900.0
0.6964,-41.867,-41.867,396.577,396.577,6900.0
0.6965,-42.059,-42.059,397.216,397.216,6900.0
0.6966,-42.136,-42.136,397.874,397.874,6900.0
0.6967,-41.979,-41.979,398.528,398.528,6900.0
0.6968,-42.308,-42.308,399.176,399.176,6900.0
0.6969,-42.108,-42.108,399.849,399.849,6900.0
0.697,-42.193,-42.193,400.507,400.507,6900.0
0.6971,-41.979,-41.979,401.185,401.185,6900.0
0.6972,-41.681,-41.681,401.849,401.849,6900.0
0.6973,-41.579,-41.579,402.49,402.49,6900.0
0.6974,-41.345,-41.345,403.133,403.133,6900.0
0.6975,-41.234,-41.234,403.759,403.759,6900.0
0.6976,-40.869,-40.869,404.389,404.389,6900.0
0.6977,-40.345,-40.345,404.989,404.989,6900.0
0.6978,-39.976,-39.976,405.546,405.546,6900.0
0.6979,-39.595,-39.595,406.082,406.082,6900.0
0.698,-39.142,-39.142,406.595,406.595,6900.0
0.6981,-38.633,-38.633,407.091,407.091,6900.0
0.6982,-38.007,-38.007,407.558,407.558,6900.0
0.6983,-37.449,-37.449,407.982,407.982,6900.0
0.6984,-36.813,-36.813,408.38,408.38,6900.0
0.6985,-36.207,-36.207,408.751,408.751,6900.0
0.6986,-35.576,-35.576,409.1,409.1,6900.0
0.6987,-34.73,-34.73,409.418,409.418,6900.0
0.6988,-34.067,-34.067,409.693,409.693,6900.0
0.6989,-33.265,-33.265,409.93,409.93,6900.0
0.699,-32.346,-32.346,410.122,410.122,6900.0
0.6991,-31.465,-31.465,410.268,410.268,6900.0
0.6992,-30.711,-30.711,410.373,410.373,6900.0
0.6993,-29.856,-29.856,410.448,410.448,6900.0
0.6994,-28.743,-28.743,410.484,410.484,6900.0
0.6995,-27.724,-27.724,410.466,410.466,6900.0
0.6996,-26.787,-26.787,410.4,410.4,6900.0
0.6997,-26.112,-26.112,410.302,410.302,6900.0
0.6998,-25.221,-25.221,410.19,410.19,6900.0
0.6999,-23.862,-23.862,410.053,410.053,6900.0
0.7,-22.438,-22.438,409.851,409.851,6900.0
0.7001,-23.107,-18.793,409.571,409.571,6900.0
0.7002,-23.906,-18.965,409.284,409.284,6900.0
0.7003,-24.309,-18.744,409.0,409.0,6900.0
0.7004,-23.71,-17.529,408.719,408.719,6900.0
0.7005,-22.872,-16.082,408.4,408.4,6900.0
0.7006,-22.546,-15.158,408.04,408.04,6900.0
0.7007,-21.962,-13.99,407.663,407.663,6900.0
0.7008,-21.476,-12.936,407.268,407.268,6900.0
0.7009,-20.67,-11.58,406.861,406.861,6900.0
0.701,-19.703,-10.082,406.422,406.422,6900.0
0.7011,-18.964,-8.835,405.947,405.947,6900.0
0.7012,-18.028,-7.415,405.445,405.445,6900.0
0.7013,-17.269,-6.198,404.912,404.912,6900.0
0.7014,-16.278,-4.777,404.358,404.358,6900.0
0.7015,-15.372,-3.47,403.778,403.778,6900.0
0.7016,-14.424,-2.154,403.176,403.176,6900.0
0.7017,-13.795,-1.188,402.554,402.554,6900.0
0.7018,-14.059,-1.149,401.909,401.909,6900.0
0.7019,-12.54,0.638,401.264,401.264,6900.0
0.702,-11.872,1.537,400.601,400.601,6900.0
0.7021,-0.0,13.603,399.978,399.978,6900.0
0.7022,-0.0,13.759,399.314,399.314,6900.0
0.7023,-0.0,13.877,398.649,398.649,6900.0
0.7024,-0.0,13.955,397.984,397.984,6900.0
0.7025,-0.0,13.995,397.318,397.318,6900.0
0.7026,-0.0,13.995,396.651,396.651,6900.0
0.7027,-0.0,13.955,395.985,395.985,6900.0
0.7028,0.132,14.009,395.319,395.319,6900.0
0.7029,0.132,13.891,394.655,394.655,6900.0
0.703,0.152,13.755,393.989,393.989,6900.0
0.7031,0.982,14.391,393.327,393.327,6900.0
0.7032,2.273,15.45,392.675,392.675,6900.0
0.7033,3.993,16.904,392.043,392.043,6900.0
0.7034,5.53,18.137,391.438,391.438,6900.0
0.7035,6.687,18.958,390.855,390.855,6900.0
0.7036,8.234,20.136,390.288,390.288,6900.0
0.7037,10.076,21.577,389.748,389.748,6900.0
0.7038,11.821,22.892,389.247,389.247,6900.0
0.7039,13.509,24.122,388.795,388.795,6900.0
0.704,15.084,25.213,388.391,388.391,6900.0
0.7041,16.55,26.171,388.036,388.036,6900.0
0.7042,18.172,27.263,387.728,387.728,6900.0
0.7043,19.72,28.26,387.47,387.47,6900.0
0.7044,21.131,29.103,387.257,387.257,6900.0
0.7045,22.683,30.071,387.086,387.086,6900.0
0.7046,24.257,31.047,386.963,386.963,6900.0
0.7047,25.808,31.989,386.883,386.883,6900.0
0.7048,27.317,32.881,386.841,386.841,6900.0
0.7049,28.978,33.92,386.838,386.838,6900.0
0.705,30.577,34.891,386.895,386.895,6900.0
0.7051,32.376,36.062,387.025,387.025,6900.0
0.7052,33.624,36.683,387.236,387.236,6900.0
0.7053,34.963,37.399,387.501,387.501,6900.0
0.7054,36.376,38.195,387.818,387.818,6900.0
0.7055,37.545,38.755,388.205,388.205,6900.0
0.7056,39.031,39.643,388.651,388.651,6900.0
0.7057,40.022,40.051,389.174,389.174,6900.0
0.7058,40.719,40.179,389.723,389.723,6900.0
0.7059,41.877,40.787,390.279,390.279,6900.0
0.706,42.615,40.994,390.875,390.875,6900.0
0.7061,43.727,41.598,391.485,391.485,6900.0
0.7062,44.548,41.935,392.152,392.152,6900.0
0.7063,45.124,42.053,392.84,392.84,6900.0
0.7064,46.063,42.562,393.55,393.55,6900.0
0.7065,46.629,42.727,394.313,394.313,6900.0
0.7066,47.24,42.969,395.096,395.096,6900.0
0.7067,47.715,43.107,395.937,395.937,6900.0
0.7068,47.778,42.868,396.799,396.799,6900.0
0.7069,48.05,42.873,397.674,397.674,6900.0
0.707,47.967,42.559,398.564,398.564,6900.0
0.7071,48.047,42.445,399.42,399.42,6900.0
0.7072,48.058,42.299,400.277,400.277,6900.0
0.7073,47.863,41.986,401.114,401.114,6900.0
0.7074,47.893,41.938,401.937,401.937,6900.0
0.7075,47.575,41.58,402.753,402.753,6900.0
0.7076,47.106,41.111,403.53,403.53,6900.0
0.7077,47.112,41.156,404.28,404.28,6900.0
0.7078,46.644,40.767,405.029,405.029,6900.0
0.7079,46.328,40.569,405.771,405.771,6900.0
0.708,45.578,39.975,406.506,406.506,6900.0
0.7081,44.701,39.292,407.203,407.203,6900.0
0.7082,43.899,38.721,407.854,407.854,6900.0
0.7083,43.124,38.214,408.466,408.466,6900.0
0.7084,42.253,37.646,409.049,409.049,6900.0
0.7085,41.209,36.938,409.588,409.588,6900.0
0.7086,40.096,36.195,410.07,410.07,6900.0
0.7087,38.961,35.46,410.494,410.494,6900.0
0.7088,37.816,34.745,410.861,410.861,6900.0
0.7089,36.572,33.958,411.176,411.176,6900.0
0.709,35.406,33.276,411.439,411.439,6900.0
0.7091,34.021,32.4,411.661,411.661,6900.0
0.7092,32.652,31.562,411.838,411.838,6900.0
0.7093,31.19,30.65,411.963,411.963,6900.0
0.7094,29.756,29.784,412.026,412.026,6900.0
0.7095,28.331,28.944,412.039,412.039,6900.0
0.7096,26.919,28.129,412.012,412.012,6900.0
0.7097,25.189,27.008,411.953,411.953,6900.0
0.7098,23.169,25.605,411.831,411.831,6900.0
0.7099,21.485,24.544,411.626,411.626,6900.0
0.71,19.978,23.664,411.367,411.367,6900.0
0.7101,18.657,22.971,411.069,411.069,6900.0
0.7102,17.005,21.946,410.749,410.749,6900.0
0.7103,15.009,20.573,410.387,410.387,6900.0
0.7104,13.18,19.361,409.967,409.967,6900.0
0.7105,11.582,18.372,409.508,409.508,6900.0
0.7106,9.921,17.309,409.014,409.014,6900.0
0.7107,8.302,16.274,408.496,408.496,6900.0
0.7108,6.076,14.616,407.946,407.946,6900.0
0.7109,4.201,13.292,407.359,407.359,6900.0
0.711,2.387,12.007,406.747,406.747,6900.0
0.7111,0.55,10.679,406.111,406.111,6900.0
0.7112,0.002,10.615,405.461,405.461,6900.0
0.7113,-0.0,11.071,404.809,404.809,6900.0
0.7114,-0.0,11.501,404.154,404.154,6900.0
0.7115,-0.0,11.901,403.498,403.498,6900.0
0.7116,-0.0,12.27,402.84,402.84,6900.0
0.7117,-0.0,12.607,402.181,402.181,6900.0
0.7118,-0.0,12.91,401.521,401.521,6900.0
0.7119,-0.0,13.177,400.859,400.859,6900.0
0.712,0.0,13.409,400.196,400.196,6900.0
0.7121,-1.856,11.747,399.532,399.532,6900.0
0.7122,-5.916,7.843,398.867,398.867,6900.0
0.7123,-11.356,2.521,398.201,398.201,6900.0
0.7124,-17.071,-3.115,397.534,397.534,6900.0
0.7125,-19.668,-5.672,396.914,396.914,6900.0
0.7126,-21.088,-7.093,396.331,396.331,6900.0
0.7127,-22.686,-8.73,395.79,395.79,6900.0
0.7128,-23.802,-9.925,395.298,395.298,6900.0
0.7129,-24.928,-11.169,394.828,394.828,6900.0
0.713,-26.338,-12.735,394.39,394.39,6900.0
0.7131,-27.724,-14.315,394.007,394.007,6900.0
0.7132,-29.058,-15.88,393.695,393.695,6900.0
0.7133,-29.723,-16.813,393.444,393.444,6900.0
0.7134,-30.258,-17.651,393.203,393.203,6900.0
0.7135,-31.281,-19.01,392.968,392.968,6900.0
0.7136,-32.249,-20.348,392.765,392.765,6900.0
0.7137,-33.375,-21.874,392.606,392.606,6900.0
0.7138,-34.026,-22.955,392.5,392.5,6900.0
0.7139,-34.762,-24.149,392.427,392.427,6900.0
0.714,-35.447,-25.318,392.394,392.394,6900.0
0.7141,-36.169,-26.548,392.408,392.408,6900.0
0.7142,-36.789,-27.698,392.478,392.478,6900.0
0.7143,-37.26,-28.72,392.606,392.606,6900.0
0.7144,-37.669,-29.697,392.787,392.787,6900.0
0.7145,-37.89,-30.503,393.017,393.017,6900.0
0.7146,-38.099,-31.309,393.274,393.274,6900.0
0.7147,-38.183,-32.002,393.547,393.547,6900.0
0.7148,-38.494,-32.93,393.833,393.833,6900.0
0.7149,-38.773,-33.832,394.141,394.141,6900.0
0.715,-38.911,-34.596,394.48,394.48,6900.0
0.7151,-39.002,-35.316,394.835,394.835,6900.0
0.7152,-38.999,-35.94,395.194,395.194,6900.0
0.7153,-39.311,-36.875,395.575,395.575,6900.0
0.7154,-39.427,-37.609,395.989,395.989,6900.0
0.7155,-39.584,-38.374,396.455,396.455,6900.0
0.7156,-39.203,-38.591,396.956,396.956,6900.0
0.7157,-39.081,-39.053,397.449,397.449,6900.0
0.7158,-39.016,-39.556,397.961,397.961,6900.0
0.7159,-38.766,-39.856,398.477,398.477,6900.0
0.716,-38.666,-40.287,399.01,399.01,6900.0
0.7161,-38.2,-40.329,399.546,399.546,6900.0
0.7162,-37.863,-40.476,400.05,400.05,6900.0
0.7163,-37.529,-40.6,400.552,400.552,6900.0
0.7164,-37.162,-40.663,401.035,401.035,6900.0
0.7165,-37.131,-41.032,401.517,401.517,6900.0
0.7166,-36.596,-40.867,402.012,402.012,6900.0
0.7167,-36.383,-40.991,402.487,402.487,6900.0
0.7168,-36.195,-41.105,402.976,402.976,6900.0
0.7169,-35.658,-40.836,403.461,403.461,6900.0
0.717,-35.523,-40.932,403.933,403.933,6900.0
0.7171,-35.058,-40.661,404.41,404.41,6900.0
0.7172,-34.761,-40.52,404.863,404.863,6900.0
0.7173,-34.428,-40.305,405.314,405.314,6900.0
0.7174,-33.883,-39.838,405.738,405.738,6900.0
0.7175,-33.596,-39.591,406.122,406.122,6900.0
0.7176,-33.213,-39.208,406.495,406.495,6900.0
0.7177,-33.087,-39.043,406.84,406.84,6900.0
0.7178,-32.767,-38.644,407.186,407.186,6900.0
0.7179,-32.302,-38.061,407.511,407.511,6900.0
0.718,-32.122,-37.725,407.804,407.804,6900.0
0.7181,-31.916,-37.324,408.089,408.089,6900.0
0.7182,-31.648,-36.825,408.365,408.365,6900.0
0.7183,-31.32,-36.231,408.634,408.634,6900.0
0.7184,-30.984,-35.592,408.882,408.882,6900.0
0.7185,-30.51,-34.781,409.101,409.101,6900.0
0.7186,-30.263,-34.165,409.291,409.291,6900.0
0.7187,-30.034,-33.535,409.457,409.457,6900.0
0.7188,-29.69,-32.761,409.601,409.601,6900.0
0.7189,-29.308,-31.921,409.719,409.719,6900.0
0.719,-28.897,-31.027,409.809,409.809,6900.0
0.7191,-28.595,-30.216,409.869,409.869,6900.0
0.7192,-28.037,-29.127,409.9,409.9,6900.0
0.7193,-27.862,-28.402,409.895,409.895,6900.0
0.7194,-27.59,-27.562,409.873,409.873,6900.0
0.7195,-27.352,-26.739,409.841,409.841,6900.0
0.7196,-26.884,-25.674,409.793,409.793,6900.0
0.7197,-26.203,-24.385,409.707,409.707,6900.0
0.7198,-25.884,-23.448,409.575,409.575,6900.0
0.7199,-25.668,-22.609,409.423,409.423,6900.0
0.72,-25.505,-21.819,409.264,409.264,6900.0
0.7201,-24.793,-20.478,409.096,409.096,6900.0
0.7202,-23.936,-18.995,408.874,408.874,6900.0
0.7203,-23.645,-18.081,408.594,408.594,6900.0
0.7204,-23.24,-17.059,408.281,408.281,6900.0
0.7205,-23.046,-16.256,407.946,407.946,6900.0
0.7206,-22.335,-14.947,407.599,407.599,6900.0
0.7207,-21.465,-13.494,407.218,407.218,6900.0
0.7208,-21.209,-12.669,406.798,406.798,6900.0
0.7209,-20.437,-11.346,406.367,406.367,6900.0
0.721,-19.875,-10.254,405.915,405.915,6900.0
0.7211,-18.987,-8.857,405.451,405.451,6900.0
0.7212,-17.974,-7.361,404.961,404.961,6900.0
0.7213,-17.124,-6.053,404.44,404.44,6900.0
0.7214,-16.158,-4.657,403.892,403.892,6900.0
0.7215,-15.35,-3.449,403.315,403.315,6900.0
0.7216,-14.487,-2.216,402.716,402.716,6900.0
0.7217,-13.674,-1.067,402.095,402.095,6900.0
0.7218,-14.008,-1.098,401.449,401.449,6900.0
0.7219,-12.291,0.886,400.801,400.801,6900.0
0.722,-8.778,4.631,400.149,400.149,6900.0
0.7221,-0.0,13.603,399.507,399.507,6900.0
0.7222,-0.0,13.759,398.842,398.842,6900.0
0.7223,-0.0,13.877,398.176,398.176,6900.0
0.7224,-0.0,13.955,397.509,397.509,6900.0
0.7225,-0.0,13.995,396.842,396.842,6900.0
0.7226,-0.0,13.995,396.175,396.175,6900.0
0.7227,-0.0,13.955,395.508,395.508,6900.0
0.7228,0.062,13.939,394.84,394.84,6900.0
0.7229,0.147,13.907,394.173,394.173,6900.0
0.723,0.419,14.022,393.507,393.507,6900.0
0.7231,1.161,14.57,392.849,392.849,6900.0
0.7232,1.789,14.966,392.2,392.2,6900.0
0.7233,3.098,16.008,391.56,391.56,6900.0
0.7234,4.802,17.41,390.937,390.937,6900.0
0.7235,6.661,18.931,390.34,390.34,6900.0
0.7236,8.131,20.033,389.777,389.777,6900.0
0.7237,9.535,21.036,389.242,389.242,6900.0
0.7238,11.23,22.301,388.733,388.733,6900.0
0.7239,12.816,23.429,388.263,388.263,6900.0
0.724,14.485,24.614,387.838,387.838,6900.0
0.7241,16.263,25.884,387.465,387.465,6900.0
0.7242,17.779,26.869,387.148,387.148,6900.0
0.7243,19.307,27.847,386.883,386.883,6900.0
0.7244,20.651,28.623,386.667,386.667,6900.0
0.7245,22.047,29.434,386.491,386.491,6900.0
0.7246,23.63,30.42,386.35,386.35,6900.0
0.7247,25.128,31.309,386.254,386.254,6900.0
0.7248,26.785,32.349,386.203,386.203,6900.0
0.7249,28.267,33.208,386.204,386.204,6900.0
0.725,29.752,34.066,386.246,386.246,6900.0
0.7251,31.389,35.075,386.334,386.334,6900.0
0.7252,32.992,36.051,386.493,386.493,6900.0
0.7253,34.67,37.105,386.732,386.732,6900.0
0.7254,35.945,37.763,387.06,387.06,6900.0
0.7255,36.983,38.193,387.441,387.441,6900.0
0.7256,38.279,38.892,387.864,387.864,6900.0
0.7257,39.316,39.345,388.344,388.344,6900.0
0.7258,40.622,40.082,388.866,388.866,6900.0
0.7259,41.311,40.221,389.451,389.451,6900.0
0.726,42.052,40.431,390.043,390.043,6900.0
0.7261,43.036,40.907,390.645,390.645,6900.0
0.7262,43.793,41.179,391.279,391.279,6900.0
0.7263,44.761,41.69,391.931,391.931,6900.0
0.7264,45.357,41.856,392.642,392.642,6900.0
0.7265,45.858,41.957,393.376,393.376,6900.0
0.7266,46.701,42.43,394.14,394.14,6900.0
0.7267,46.913,42.306,394.956,394.956,6900.0
0.7268,47.27,42.36,395.776,395.776,6900.0
0.7269,47.618,42.44,396.635,396.635,6900.0
0.727,47.559,42.15,397.504,397.504,6900.0
0.7271,47.699,42.096,398.372,398.372,6900.0
0.7272,47.595,41.835,399.237,399.237,6900.0
0.7273,47.453,41.576,400.063,400.063,6900.0
0.7274,47.379,41.424,400.871,400.871,6900.0
0.7275,47.093,41.098,401.656,401.656,6900.0
0.7276,47.009,41.014,402.428,402.428,6900.0
0.7277,46.599,40.643,403.193,403.193,6900.0
0.7278,46.119,40.242,403.923,403.923,6900.0
0.7279,45.855,40.096,404.631,404.631,6900.0
0.728,45.282,39.679,405.332,405.332,6900.0
0.7281,44.677,39.268,406.027,406.027,6900.0
0.7282,43.826,38.648,406.701,406.701,6900.0
0.7283,42.839,37.929,407.329,407.329,6900.0
0.7284,42.041,37.433,407.898,407.898,6900.0
0.7285,41.06,36.789,408.423,408.423,6900.0
0.7286,40.065,36.164,408.902,408.902,6900.0
0.7287,38.848,35.347,409.332,409.332,6900.0
0.7288,37.606,34.534,409.705,409.705,6900.0
0.7289,36.31,33.697,410.019,410.019,6900.0
0.729,35.022,32.893,410.278,410.278,6900.0
0.7291,33.758,32.138,410.48,410.48,6900.0
0.7292,32.509,31.419,410.637,410.637,6900.0
0.7293,31.274,30.734,410.755,410.755,6900.0
0.7294,29.622,29.65,410.841,410.841,6900.0
0.7295,27.973,28.586,410.868,410.868,6900.0
0.7296,26.406,27.616,410.829,410.829,6900.0
0.7297,24.982,26.801,410.735,410.735,6900.0
0.7298,23.65,26.086,410.604,410.604,6900.0
0.7299,22.008,25.067,410.442,410.442,6900.0
0.73,19.805,23.491,410.221,410.221,6900.0
0.7301,17.942,22.256,409.918,409.918,6900.0
0.7302,16.453,21.394,409.559,409.559,6900.0
0.7303,15.166,20.731,409.162,409.162,6900.0
0.7304,13.599,19.781,408.744,408.744,6900.0
0.7305,11.603,18.393,408.293,408.293,6900.0
0.7306,9.773,17.161,407.797,407.797,6900.0
0.7307,8.195,16.167,407.271,407.271,6900.0
0.7308,6.546,15.086,406.717,406.717,6900.0
0.7309,4.737,13.828,406.14,406.14,6900.0
0.731,2.583,12.204,405.535,405.535,6900.0
0.7311,0.607,10.736,404.902,404.902,6900.0
0.7312,-0.0,10.613,404.25,404.25,6900.0
0.7313,-0.0,11.071,403.596,403.596,6900.0
0.7314,-0.0,11.501,402.94,402.94,6900.0
0.7315,-0.0,11.901,402.281,402.281,6900.0
0.7316,-0.0,12.27,401.621,401.621,6900.0
0.7317,-0.0,12.607,400.96,400.96,6900.0
0.7318,-0.0,12.91,400.298,400.298,6900.0
0.7319,-0.003,13.175,399.634,399.634,6900.0
0.732,0.0,13.409,398.969,398.969,6900.0
0.7321,-1.245,12.358,398.303,398.303,6900.0
0.7322,-3.813,9.946,397.636,397.636,6900.0
0.7323,-7.62,6.257,396.968,396.968,6900.0
0.7324,-13.57,0.386,396.299,396.299,6900.0
0.7325,-19.112,-5.117,395.648,395.648,6900.0
0.7326,-20.692,-6.697,395.052,395.052,6900.0
0.7327,-22.576,-8.62,394.482,394.482,6900.0
0.7328,-24.025,-10.148,393.962,393.962,6900.0
0.7329,-25.591,-11.832,393.505,393.505,6900.0
0.733,-26.567,-12.964,393.114,393.114,6900.0
0.7331,-27.344,-13.935,392.746,392.746,6900.0
0.7332,-28.545,-15.368,392.401,392.401,6900.0
0.7333,-29.858,-16.948,392.102,392.102,6900.0
0.7334,-30.995,-18.387,391.866,391.866,6900.0
0.7335,-31.658,-19.387,391.679,391.679,6900.0
0.7336,-32.207,-20.305,391.501,391.501,6900.0
0.7337,-32.994,-21.493,391.331,391.331,6900.0
0.7338,-33.878,-22.807,391.189,391.189,6900.0
0.7339,-34.795,-24.182,391.096,391.096,6900.0
0.734,-35.578,-25.449,391.058,391.058,6900.0
0.7341,-36.221,-26.6,391.074,391.074,6900.0
0.7342,-36.772,-27.682,391.146,391.146,6900.0
0.7343,-37.379,-28.839,391.269,391.269,6900.0
0.7344,-37.791,-29.82,391.444,391.444,6900.0
0.7345,-38.106,-30.719,391.664,391.664,6900.0
0.7346,-38.494,-31.704,391.921,391.921,6900.0
0.7347,-38.578,-32.397,392.219,392.219,6900.0
0.7348,-38.611,-33.047,392.531,392.531,6900.0
0.7349,-38.699,-33.758,392.84,392.84,6900.0
0.735,-39.023,-34.709,393.161,393.161,6900.0
0.7351,-39.341,-35.655,393.503,393.503,6900.0
0.7352,-39.541,-36.482,393.887,393.887,6900.0
0.7353,-39.536,-37.101,394.298,394.298,6900.0
0.7354,-39.535,-37.717,394.714,394.714,6900.0
0.7355,-39.642,-38.432,395.164,395.164,6900.0
0.7356,-39.769,-39.156,395.639,395.639,6900.0
0.7357,-39.715,-39.687,396.169,396.169,6900.0
0.7358,-39.396,-39.936,396.72,396.72,6900.0
0.7359,-39.094,-40.185,397.256,397.256,6900.0
0.736,-38.738,-40.359,397.797,397.797,6900.0
0.7361,-38.497,-40.626,398.321,398.321,6900.0
0.7362,-38.26,-40.873,398.851,398.851,6900.0
0.7363,-37.809,-40.88,399.374,399.374,6900.0
0.7364,-37.655,-41.156,399.867,399.867,6900.0
0.7365,-37.495,-41.396,400.364,400.364,6900.0
0.7366,-37.156,-41.427,400.853,400.853,6900.0
0.7367,-37.1,-41.708,401.345,401.345,6900.0
0.7368,-36.627,-41.537,401.853,401.853,6900.0
0.7369,-36.32,-41.498,402.348,402.348,6900.0
0.737,-36.061,-41.469,402.854,402.854,6900.0
0.7371,-35.456,-41.059,403.352,403.352,6900.0
0.7372,-35.298,-41.057,403.822,403.822,6900.0
0.7373,-34.74,-40.617,404.291,404.291,6900.0
0.7374,-34.481,-40.436,404.728,404.728,6900.0
0.7375,-34.131,-40.126,405.152,405.152,6900.0
0.7376,-33.677,-39.673,405.545,405.545,6900.0
0.7377,-33.464,-39.42,405.9,405.9,6900.0
0.7378,-33.146,-39.023,406.243,406.243,6900.0
0.7379,-33.092,-38.851,406.567,406.567,6900.0
0.738,-32.834,-38.437,406.894,406.894,6900.0
0.7381,-32.324,-37.733,407.207,407.207,6900.0
0.7382,-32.062,-37.24,407.49,407.49,6900.0
0.7383,-31.856,-36.766,407.762,407.762,6900.0
0.7384,-31.606,-36.213,408.02,408.02,6900.0
0.7385,-31.184,-35.455,408.269,408.269,6900.0
0.7386,-30.723,-34.624,408.491,408.491,6900.0
0.7387,-30.341,-33.842,408.677,408.677,6900.0
0.7388,-29.882,-32.953,408.832,408.832,6900.0
0.7389,-29.619,-32.232,408.953,408.953,6900.0
0.739,-29.288,-31.417,409.046,409.046,6900.0
0.7391,-29.086,-30.706,409.113,409.113,6900.0
0.7392,-28.753,-29.843,409.162,409.162,6900.0
0.7393,-28.376,-28.916,409.185,409.185,6900.0
0.7394,-27.818,-27.79,409.176,409.176,6900.0
0.7395,-27.551,-26.938,409.132,409.132,6900.0
0.7396,-27.43,-26.22,409.069,409.069,6900.0
0.7397,-27.189,-25.371,409.001,409.001,6900.0
0.7398,-26.599,-24.163,408.921,408.921,6900.0
0.7399,-25.763,-22.704,408.792,408.792,6900.0
0.74,-25.435,-21.749,408.607,408.607,6900.0
0.7401,-25.141,-20.827,408.396,408.396,6900.0
0.7402,-25.015,-20.074,408.175,408.175,6900.0
0.7403,-24.259,-18.695,407.946,407.946,6900.0
0.7404,-23.409,-17.228,407.67,407.67,6900.0
0.7405,-23.04,-16.25,407.344,407.344,6900.0
0.7406,-22.553,-15.166,406.991,406.991,6900.0
0.7407,-22.178,-14.207,406.616,406.616,6900.0
0.7408,-21.457,-12.918,406.228,406.228,6900.0
0.7409,-20.603,-11.512,405.806,405.806,6900.0
0.741,-20.083,-10.462,405.347,405.347,6900.0
0.7411,-19.101,-8.972,404.868,404.868,6900.0
0.7412,-18.513,-7.9,404.361,404.361,6900.0
0.7413,-17.551,-6.48,403.839,403.839,6900.0
0.7414,-16.547,-5.046,403.291,403.291,6900.0
0.7415,-15.537,-3.635,402.718,402.718,6900.0
0.7416,-14.681,-2.41,402.122,402.122,6900.0
0.7417,-13.854,-1.247,401.507,401.507,6900.0
0.7418,-14.418,-1.508,400.864,400.864,6900.0
0.7419,-13.166,0.011,400.22,400.22,6900.0
0.742,-2.866,10.542,399.605,399.605,6900.0
0.7421,-0.0,13.603,398.943,398.943,6900.0
0.7422,-0.0,13.759,398.277,398.277,6900.0
0.7423,-0.0,13.877,397.61,397.61,6900.0
0.7424,-0.0,13.955,396.943,396.943,6900.0
0.7425,-0.0,13.995,396.275,396.275,6900.0
0.7426,-0.0,13.995,395.607,395.607,6900.0
0.7427,0.0,13.956,394.939,394.939,6900.0
0.7428,0.022,13.899,394.272,394.272,6900.0
0.7429,0.036,13.796,393.605,393.605,6900.0
0.743,0.211,13.814,392.937,392.937,6900.0
0.7431,1.021,14.43,392.271,392.271,6900.0
0.7432,2.448,15.625,391.62,391.62,6900.0
0.7433,3.733,16.643,390.99,390.99,6900.0
0.7434,4.84,17.447,390.377,390.377,6900.0
0.7435,6.341,18.611,389.777,389.777,6900.0
0.7436,8.132,20.033,389.2,389.2,6900.0
0.7437,10.015,21.516,388.659,388.659,6900.0
0.7438,11.776,22.847,388.164,388.164,6900.0
0.7439,13.255,23.868,387.713,387.713,6900.0
0.744,14.798,24.927,387.304,387.304,6900.0
0.7441,16.448,26.068,386.94,386.94,6900.0
0.7442,18.023,27.113,386.628,386.628,6900.0
0.7443,19.567,28.107,386.364,386.364,6900.0
0.7444,21.108,29.079,386.147,386.147,6900.0
0.7445,22.525,29.912,385.976,385.976,6900.0
0.7446,24.061,30.851,385.844,385.844,6900.0
0.7447,25.565,31.746,385.749,385.749,6900.0
0.7448,27.288,32.853,385.691,385.691,6900.0
0.7449,28.978,33.919,385.686,385.686,6900.0
0.745,30.755,35.069,385.75,385.75,6900.0
0.7451,32.106,35.792,385.887,385.887,6900.0
0.7452,33.463,36.522,386.08,386.08,6900.0
0.7453,35.086,37.521,386.328,386.328,6900.0
0.7454,36.452,38.271,386.654,386.654,6900.0
0.7455,37.864,39.074,387.055,387.055,6900.0
0.7456,38.907,39.519,387.532,387.532,6900.0
0.7457,39.62,39.648,388.044,388.044,6900.0
0.7458,40.916,40.376,388.567,388.567,6900.0
0.7459,41.772,40.681,389.133,389.133,6900.0
0.746,42.907,41.286,389.716,389.716,6900.0
0.7461,43.756,41.627,390.348,390.348,6900.0
0.7462,44.416,41.802,390.994,390.994,6900.0
0.7463,45.481,42.41,391.656,391.656,6900.0
0.7464,46.112,42.611,392.373,392.373,6900.0
0.7465,46.811,42.909,393.117,393.117,6900.0
0.7466,47.49,43.22,393.925,393.925,6900.0
0.7467,47.764,43.156,394.771,394.771,6900.0
0.7468,48.28,43.37,395.645,395.645,6900.0
0.7469,48.289,43.111,396.551,396.551,6900.0
0.747,48.368,42.96,397.437,397.437,6900.0
0.7471,48.364,42.761,398.328,398.328,6900.0
0.7472,48.252,42.493,399.194,399.194,6900.0
0.7473,48.296,42.419,400.045,400.045,6900.0
0.7474,48.068,42.112,400.879,400.879,6900.0
0.7475,47.759,41.764,401.671,401.671,6900.0
0.7476,47.81,41.815,402.438,402.438,6900.0
0.7477,47.495,41.539,403.201,403.201,6900.0
0.7478,47.139,41.262,403.969,403.969,6900.0
0.7479,46.604,40.845,404.734,404.734,6900.0
0.748,45.836,40.233,405.472,405.472,6900.0
0.7481,45.214,39.805,406.177,406.177,6900.0
0.7482,44.425,39.248,406.86,406.86,6900.0
0.7483,43.755,38.845,407.513,407.513,6900.0
0.7484,42.563,37.955,408.132,408.132,6900.0
0.7485,41.424,37.153,408.681,408.681,6900.0
0.7486,40.493,36.591,409.16,409.16,6900.0
0.7487,39.352,35.851,409.583,409.583,6900.0
0.7488,38.263,35.192,409.951,409.951,6900.0
0.7489,37.034,34.421,410.273,410.273,6900.0
0.749,35.694,33.565,410.549,410.549,6900.0
0.7491,34.36,32.739,410.778,410.778,6900.0
0.7492,32.901,31.81,410.96,410.96,6900.0
0.7493,31.595,31.055,411.086,411.086,6900.0
0.7494,30.21,30.239,411.17,411.17,6900.0
0.7495,28.698,29.31,411.215,411.215,6900.0
0.7496,27.048,28.258,411.219,411.219,6900.0
0.7497,25.126,26.945,411.159,411.159,6900.0
0.7498,23.374,25.81,411.018,411.018,6900.0
0.7499,21.99,25.049,410.814,410.814,6900.0
0.75,20.675,24.361,410.574,410.574,6900.0
0.7501,19.089,23.404,410.31,410.31,6900.0
0.7502,16.938,21.879,410.0,410.0,6900.0
0.7503,15.052,20.616,409.622,409.622,6900.0
0.7504,13.554,19.735,409.2,409.2,6900.0
0.7505,11.868,18.658,408.742,408.742,6900.0
0.7506,10.22,17.607,408.258,408.258,6900.0
0.7507,8.269,16.241,407.742,407.742,6900.0
0.7508,6.424,14.964,407.187,407.187,6900.0
0.7509,4.758,13.848,406.605,406.605,6900.0
0.751,2.866,12.487,405.997,405.997,6900.0
0.7511,1.131,11.26,405.367,405.367,6900.0
0.7512,-0.0,10.613,404.719,404.719,6900.0
0.7513,-0.0,11.071,404.065,404.065,6900.0
0.7514,-0.0,11.501,403.41,403.41,6900.0
0.7515,-0.0,11.901,402.753,402.753,6900.0
0.7516,-0.0,12.27,402.094,402.094,6900.0
0.7517,-0.0,12.607,401.433,401.433,6900.0
0.7518,-0.0,12.91,400.772,400.772,6900.0
0.7519,-0.001,13.177,400.109,400.109,6900.0
0.752,0.0,13.409,399.445,399.445,6900.0
0.7521,-2.536,11.067,398.78,398.78,6900.0
0.7522,-6.213,7.546,398.113,398.113,6900.0
0.7523,-10.166,3.711,397.446,397.446,6900.0
0.7524,-15.26,-1.304,396.778,396.778,6900.0
0.7525,-19.663,-5.668,396.129,396.129,6900.0
0.7526,-21.243,-7.248,395.543,395.543,6900.0
0.7527,-22.316,-8.36,394.996,394.996,6900.0
0.7528,-23.676,-9.799,394.466,394.466,6900.0
0.7529,-25.239,-11.48,393.973,393.973,6900.0
0.753,-26.698,-13.095,393.54,393.54,6900.0
0.7531,-28.145,-14.736,393.181,393.181,6900.0
0.7532,-28.751,-15.573,392.894,392.894,6900.0
0.7533,-29.542,-16.632,392.615,392.615,6900.0
0.7534,-30.604,-17.996,392.348,392.348,6900.0
0.7535,-31.549,-19.278,392.115,392.115,6900.0
0.7536,-32.707,-20.806,391.926,391.926,6900.0
0.7537,-33.496,-21.994,391.783,391.783,6900.0
0.7538,-33.949,-22.878,391.667,391.667,6900.0
0.7539,-34.872,-24.259,391.569,391.569,6900.0
0.754,-35.664,-25.535,391.518,391.518,6900.0
0.7541,-36.343,-26.723,391.527,391.527,6900.0
0.7542,-37.102,-28.012,391.597,391.597,6900.0
0.7543,-37.631,-29.091,391.734,391.734,6900.0
0.7544,-38.01,-30.038,391.928,391.928,6900.0
0.7545,-38.163,-30.776,392.168,392.168,6900.0
0.7546,-38.272,-31.482,392.429,392.429,6900.0
0.7547,-38.608,-32.427,392.708,392.708,6900.0
0.7548,-38.933,-33.368,393.01,393.01,6900.0
0.7549,-39.182,-34.241,393.339,393.339,6900.0
0.755,-39.266,-34.952,393.679,393.679,6900.0
0.7551,-39.341,-35.655,394.019,394.019,6900.0
0.7552,-39.67,-36.611,394.377,394.377,6900.0
0.7553,-39.954,-37.518,394.768,394.768,6900.0
0.7554,-40.117,-38.298,395.216,395.216,6900.0
0.7555,-39.875,-38.665,395.702,395.702,6900.0
0.7556,-39.809,-39.196,396.19,396.19,6900.0
0.7557,-39.817,-39.789,396.706,396.706,6900.0
0.7558,-39.594,-40.134,397.241,397.241,6900.0
0.7559,-39.583,-40.673,397.803,397.803,6900.0
0.756,-39.022,-40.642,398.376,398.376,6900.0
0.7561,-38.713,-40.842,398.911,398.911,6900.0
0.7562,-38.381,-40.994,399.44,399.44,6900.0
0.7563,-37.988,-41.059,399.947,399.947,6900.0
0.7564,-38.097,-41.598,400.448,400.448,6900.0
0.7565,-37.695,-41.596,400.96,400.96,6900.0
0.7566,-37.498,-41.769,401.449,401.449,6900.0
0.7567,-37.26,-41.868,401.954,401.954,6900.0
0.7568,-36.855,-41.765,402.456,402.456,6900.0
0.7569,-36.795,-41.972,402.957,402.957,6900.0
0.757,-36.336,-41.745,403.477,403.477,6900.0
0.7571,-36.061,-41.664,403.979,403.979,6900.0
0.7572,-35.628,-41.387,404.487,404.487,6900.0
0.7573,-34.884,-40.761,404.97,404.97,6900.0
0.7574,-34.704,-40.66,405.409,405.409,6900.0
0.7575,-34.243,-40.238,405.835,405.835,6900.0
0.7576,-34.11,-40.105,406.224,406.224,6900.0
0.7577,-33.716,-39.671,406.605,406.605,6900.0
0.7578,-33.347,-39.224,406.955,406.955,6900.0
0.7579,-33.131,-38.89,407.275,407.275,6900.0
0.758,-32.991,-38.594,407.587,407.587,6900.0
0.7581,-32.846,-38.254,407.894,407.894,6900.0
0.7582,-32.555,-37.733,408.207,408.207,6900.0
0.7583,-31.976,-36.886,408.506,408.506,6900.0
0.7584,-31.584,-36.192,408.775,408.775,6900.0
0.7585,-31.202,-35.473,409.022,409.022,6900.0
0.7586,-30.944,-34.846,409.241,409.241,6900.0
0.7587,-30.585,-34.086,409.438,409.438,6900.0
0.7588,-30.135,-33.206,409.605,409.605,6900.0
0.7589,-29.806,-32.419,409.736,409.736,6900.0
0.759,-29.337,-31.466,409.833,409.833,6900.0
0.7591,-29.052,-30.673,409.893,409.893,6900.0
0.7592,-28.834,-29.924,409.924,409.924,6900.0
0.7593,-28.537,-29.077,409.938,409.938,6900.0
0.7594,-28.298,-28.269,409.94,409.94,6900.0
0.7595,-27.773,-27.16,409.928,409.928,6900.0
0.7596,-27.291,-26.081,409.881,409.881,6900.0
0.7597,-26.858,-25.039,409.8,409.8,6900.0
0.7598,-26.683,-24.247,409.697,409.697,6900.0
0.7599,-26.332,-23.273,409.588,409.588,6900.0
0.76,-25.596,-21.91,409.461,409.461,6900.0
0.7601,-24.765,-20.451,409.272,409.272,6900.0
0.7602,-24.433,-19.492,409.022,409.022,6900.0
0.7603,-24.167,-18.603,408.737,408.737,6900.0
0.7604,-24.065,-17.883,408.434,408.434,6900.0
0.7605,-23.337,-16.547,408.125,408.125,6900.0
0.7606,-22.528,-15.141,407.78,407.78,6900.0
0.7607,-22.237,-14.266,407.397,407.397,6900.0
0.7608,-21.526,-12.986,407.002,407.002,6900.0
0.7609,-21.072,-11.982,406.588,406.588,6900.0
0.761,-20.251,-10.631,406.164,406.164,6900.0
0.7611,-19.168,-9.039,405.712,405.712,6900.0
0.7612,-18.414,-7.801,405.221,405.221,6900.0
0.7613,-17.319,-6.247,404.704,404.704,6900.0
0.7614,-16.514,-5.013,404.153,404.153,6900.0
0.7615,-15.549,-3.648,403.579,403.579,6900.0
0.7616,-14.674,-2.403,402.979,402.979,6900.0
0.7617,-13.976,-1.368,402.357,402.357,6900.0
0.7618,-14.179,-1.269,401.711,401.711,6900.0
0.7619,-12.624,0.553,401.064,401.064,6900.0
0.762,-9.522,3.887,400.412,400.412,6900.0
0.7621,-0.0,13.603,399.774,399.774,6900.0
0.7622,-0.0,13.759,399.11,399.11,6900.0
0.7623,-0.0,13.877,398.444,398.444,6900.0
0.7624,-0.0,13.955,397.778,397.778,6900.0
0.7625,-0.0,13.995,397.112,397.112,6900.0
0.7626,-0.0,13.995,396.445,396.445,6900.0
0.7627,-0.0,13.955,395.778,395.778,6900.0
0.7628,0.032,13.909,395.111,395.111,6900.0
0.7629,0.203,13.962,394.445,394.445,6900.0
0.763,0.194,13.797,393.78,393.78,6900.0
0.7631,0.441,13.85,393.116,393.116,6900.0
0.7632,1.636,14.813,392.458,392.458,6900.0
0.7633,3.303,16.213,391.817,391.817,6900.0
0.7634,5.135,17.743,391.2,391.2,6900.0
0.7635,6.582,18.853,390.614,390.614,6900.0
0.7636,7.911,19.813,390.051,390.051,6900.0
0.7637,9.528,21.03,389.505,389.505,6900.0
0.7638,11.313,22.385,388.991,388.991,6900.0
0.7639,13.187,23.8,388.519,388.519,6900.0
0.764,14.822,24.951,388.1,388.1,6900.0
0.7641,16.444,26.065,387.73,387.73,6900.0
0.7642,17.977,27.067,387.412,387.412,6900.0
0.7643,19.5,28.04,387.147,387.147,6900.0
0.7644,20.922,28.893,386.931,386.931,6900.0
0.7645,22.495,29.882,386.759,386.759,6900.0
0.7646,23.843,30.633,386.634,386.634,6900.0
0.7647,25.432,31.614,386.552,386.552,6900.0
0.7648,26.903,32.467,386.513,386.513,6900.0
0.7649,28.422,33.363,386.51,386.51,6900.0
0.765,30.178,34.492,386.545,386.545,6900.0
0.7651,31.726,35.412,386.643,386.643,6900.0
0.7652,33.356,36.415,386.811,386.811,6900.0
0.7653,34.747,37.182,387.057,387.057,6900.0
0.7654,35.958,37.776,387.363,387.363,6900.0
0.7655,37.346,38.556,387.722,387.722,6900.0
0.7656,38.58,39.192,388.151,388.151,6900.0
0.7657,39.921,39.949,388.645,388.645,6900.0
0.7658,40.769,40.229,389.212,389.212,6900.0
0.7659,41.484,40.393,389.8,389.8,6900.0
0.766,42.621,41.0,390.395,390.395,6900.0
0.7661,43.327,41.198,391.024,391.024,6900.0
0.7662,44.27,41.657,391.662,391.662,6900.0
0.7663,44.964,41.893,392.344,392.344,6900.0
0.7664,45.591,42.09,393.037,393.037,6900.0
0.7665,46.337,42.435,393.756,393.756,6900.0
0.7666,46.892,42.621,394.519,394.519,6900.0
0.7667,47.388,42.781,395.305,395.305,6900.0
0.7668,47.863,42.953,396.147,396.147,6900.0
0.7669,47.971,42.794,397.015,397.015,6900.0
0.767,48.181,42.773,397.904,397.904,6900.0
0.7671,48.158,42.555,398.808,398.808,6900.0
0.7672,47.898,42.139,399.684,399.684,6900.0
0.7673,47.986,42.11,400.538,400.538,6900.0
0.7674,47.639,41.684,401.372,401.372,6900.0
0.7675,47.556,41.561,402.178,402.178,6900.0
0.7676,47.185,41.19,402.964,402.964,6900.0
0.7677,46.815,40.859,403.705,403.705,6900.0
0.7678,46.634,40.757,404.421,404.421,6900.0
0.7679,46.239,40.48,405.129,405.129,6900.0
0.768,45.877,40.274,405.841,405.841,6900.0
0.7681,45.151,39.742,406.551,406.551,6900.0
0.7682,44.18,39.002,407.228,407.228,6900.0
0.7683,43.395,38.485,407.859,407.859,6900.0
0.7684,42.351,37.744,408.457,408.457,6900.0
0.7685,41.466,37.195,409.013,409.013,6900.0
0.7686,40.223,36.321,409.525,409.525,6900.0
0.7687,39.033,35.532,409.969,409.969,6900.0
0.7688,37.904,34.833,410.346,410.346,6900.0
0.7689,36.687,34.074,410.663,410.663,6900.0
0.769,35.37,33.241,410.924,410.924,6900.0
0.7691,34.093,32.472,411.133,411.133,6900.0
0.7692,32.856,31.766,411.299,411.299,6900.0
0.7693,31.466,30.926,411.427,411.427,6900.0
0.7694,29.817,29.846,411.509,411.509,6900.0
0.7695,28.318,28.931,411.528,411.528,6900.0
0.7696,26.908,28.118,411.497,411.497,6900.0
0.7697,25.374,27.193,411.43,411.43,6900.0
0.7698,23.849,26.285,411.326,411.326,6900.0
0.7699,21.706,24.764,411.165,411.165,6900.0
0.77,19.974,23.66,410.918,410.918,6900.0
0.7701,18.521,22.836,410.615,410.615,6900.0
0.7702,17.131,22.072,410.273,410.273,6900.0
0.7703,15.446,21.011,409.908,409.908,6900.0
0.7704,13.468,19.649,409.503,409.503,6900.0
0.7705,11.664,18.454,409.047,409.047,6900.0
0.7706,9.994,17.382,408.556,408.556,6900.0
0.7707,8.341,16.312,408.034,408.034,6900.0
0.7708,6.588,15.128,407.488,407.488,6900.0
0.7709,4.536,13.627,406.913,406.913,6900.0
0.771,2.518,12.138,406.305,406.305,6900.0
0.7711,0.756,10.885,405.672,405.672,6900.0
0.7712,0.001,10.614,405.022,405.022,6900.0
0.7713,-0.0,11.071,404.369,404.369,6900.0
0.7714,-0.0,11.501,403.714,403.714,6900.0
0.7715,-0.0,11.901,403.057,403.057,6900.0
0.7716,-0.0,12.27,402.399,402.399,6900.0
0.7717,-0.0,12.607,401.739,401.739,6900.0
0.7718,-0.0,12.91,401.078,401.078,6900.0
0.7719,-0.0,13.177,400.415,400.415,6900.0
0.772,-0.004,13.405,399.752,399.752,6900.0
0.7721,-1.214,12.389,399.087,399.087,6900.0
0.7722,-3.726,10.033,398.421,398.421,6900.0
0.7723,-8.286,5.591,397.755,397.755,6900.0
0.7724,-14.228,-0.272,397.087,397.087,6900.0
0.7725,-19.044,-5.048,396.434,396.434,6900.0
0.7726,-20.914,-6.919,395.835,395.835,6900.0
0.7727,-22.383,-8.427,395.275,395.275,6900.0
0.7728,-23.926,-10.05,394.768,394.768,6900.0
0.7729,-24.857,-11.098,394.316,394.316,6900.0
0.773,-25.931,-12.328,393.885,393.885,6900.0
0.7731,-27.348,-13.939,393.484,393.484,6900.0
0.7732,-28.65,-15.473,393.138,393.138,6900.0
0.7733,-29.934,-17.024,392.858,392.858,6900.0
0.7734,-30.62,-18.013,392.636,392.636,6900.0
0.7735,-31.008,-18.738,392.424,392.424,6900.0
0.7736,-31.904,-20.003,392.213,392.213,6900.0
0.7737,-33.009,-21.508,392.028,392.028,6900.0
0.7738,-33.945,-22.873,391.896,391.896,6900.0
0.7739,-34.662,-24.049,391.812,391.812,6900.0
0.774,-35.245,-25.116,391.771,391.771,6900.0
0.7741,-35.866,-26.245,391.773,391.773,6900.0
0.7742,-36.667,-27.577,391.823,391.823,6900.0
0.7743,-37.057,-28.518,391.936,391.936,6900.0
0.7744,-37.568,-29.597,392.099,392.099,6900.0
0.7745,-37.931,-30.543,392.316,392.316,6900.0
0.7746,-38.148,-31.358,392.577,392.577,6900.0
0.7747,-38.314,-32.133,392.862,392.862,6900.0
0.7748,-38.443,-32.878,393.155,393.155,6900.0
0.7749,-38.76,-33.819,393.457,393.457,6900.0
0.775,-39.098,-34.784,393.777,393.777,6900.0
0.7751,-39.26,-35.575,394.133,394.133,6900.0
0.7752,-39.237,-36.178,394.506,394.506,6900.0
0.7753,-39.214,-36.778,394.882,394.882,6900.0
0.7754,-39.545,-37.726,395.284,395.284,6900.0
0.7755,-39.719,-38.508,395.724,395.724,6900.0
0.7756,-39.775,-39.162,396.224,396.224,6900.0
0.7757,-39.353,-39.325,396.757,396.757,6900.0
0.7758,-39.098,-39.638,397.279,397.279,6900.0
0.7759,-38.902,-39.992,397.812,397.812,6900.0
0.776,-38.616,-40.237,398.34,398.34,6900.0
0.7761,-38.525,-40.655,398.876,398.876,6900.0
0.7762,-38.0,-40.613,399.411,399.411,6900.0
0.7763,-37.605,-40.676,399.909,399.909,6900.0
0.7764,-37.471,-40.972,400.398,400.398,6900.0
0.7765,-37.171,-41.072,400.878,400.878,6900.0
0.7766,-37.141,-41.411,401.36,401.36,6900.0
0.7767,-36.741,-41.348,401.856,401.856,6900.0
0.7768,-36.439,-41.349,402.341,402.341,6900.0
0.7769,-36.266,-41.443,402.838,402.838,6900.0
0.777,-35.798,-41.207,403.333,403.333,6900.0
0.7771,-35.503,-41.106,403.815,403.815,6900.0
0.7772,-34.992,-40.751,404.298,404.298,6900.0
0.7773,-34.855,-40.731,404.752,404.752,6900.0
0.7774,-34.347,-40.303,405.205,405.205,6900.0
0.7775,-33.823,-39.818,405.623,405.623,6900.0
0.7776,-33.549,-39.544,405.999,405.999,6900.0
0.7777,-33.317,-39.272,406.357,406.357,6900.0
0.7778,-33.165,-39.042,406.694,406.694,6900.0
0.7779,-32.891,-38.65,407.025,407.025,6900.0
0.778,-32.506,-38.109,407.341,407.341,6900.0
0.7781,-32.37,-37.778,407.627,407.627,6900.0
0.7782,-32.226,-37.404,407.912,407.912,6900.0
0.7783,-32.031,-36.941,408.191,408.191,6900.0
0.7784,-31.563,-36.17,408.468,408.468,6900.0
0.7785,-31.166,-35.437,408.721,408.721,6900.0
0.7786,-30.625,-34.527,408.945,408.945,6900.0
0.7787,-30.275,-33.776,409.133,409.133,6900.0
0.7788,-29.937,-33.008,409.289,409.289,6900.0
0.7789,-29.633,-32.246,409.413,409.413,6900.0
0.779,-29.402,-31.531,409.509,409.509,6900.0
0.7791,-29.078,-30.699,409.58,409.58,6900.0
0.7792,-28.562,-29.652,409.624,409.624,6900.0
0.7793,-28.188,-28.728,409.633,409.633,6900.0
0.7794,-27.971,-27.942,409.614,409.614,6900.0
0.7795,-27.695,-27.083,409.581,409.581,6900.0
0.7796,-27.517,-26.307,409.54,409.54,6900.0
0.7797,-26.864,-25.045,409.488,409.488,6900.0
0.7798,-26.11,-23.675,409.39,409.39,6900.0
0.7799,-25.753,-22.694,409.241,409.241,6900.0
0.78,-25.626,-21.94,409.066,409.066,6900.0
0.7801,-25.467,-21.153,408.886,408.886,6900.0
0.7802,-24.782,-19.841,408.696,408.696,6900.0
0.7803,-23.88,-18.316,408.455,408.455,6900.0
0.7804,-23.481,-17.299,408.158,408.158,6900.0
0.7805,-23.075,-16.285,407.828,407.828,6900.0
0.7806,-22.887,-15.5,407.476,407.476,6900.0
0.7807,-22.154,-14.183,407.113,407.113,6900.0
0.7808,-21.232,-12.692,406.715,406.715,6900.0
0.7809,-20.807,-11.717,406.279,406.279,6900.0
0.781,-20.047,-10.426,405.826,405.826,6900.0
0.7811,-19.504,-9.374,405.352,405.352,6900.0
0.7812,-18.547,-7.934,404.867,404.867,6900.0
0.7813,-17.494,-6.423,404.356,404.356,6900.0
0.7814,-16.677,-5.176,403.814,403.814,6900.0
0.7815,-15.669,-3.767,403.249,403.249,6900.0
0.7816,-14.749,-2.479,402.658,402.658,6900.0
0.7817,-13.98,-1.373,402.044,402.044,6900.0
0.7818,-14.525,-1.614,401.401,401.401,6900.0
0.7819,-13.064,0.113,400.758,400.758,6900.0
0.782,-10.641,2.768,400.103,400.103,6900.0
0.7821,-0.0,13.603,399.471,399.471,6900.0
0.7822,-0.0,13.759,398.806,398.806,6900.0
0.7823,-0.0,13.877,398.141,398.141,6900.0
0.7824,-0.0,13.955,397.474,397.474,6900.0
0.7825,-0.0,13.995,396.807,396.807,6900.0
0.7826,-0.0,13.995,396.139,396.139,6900.0
0.7827,-0.0,13.955,395.472,395.472,6900.0
0.7828,-0.0,13.877,394.805,394.805,6900.0
0.7829,0.145,13.904,394.137,394.137,6900.0
0.783,0.237,13.84,393.469,393.469,6900.0
0.7831,1.156,14.565,392.807,392.807,6900.0
0.7832,2.283,15.461,392.16,392.16,6900.0
0.7833,3.12,16.03,391.527,391.527,6900.0
0.7834,4.489,17.096,390.904,390.904,6900.0
0.7835,6.208,18.479,390.3,390.3,6900.0
0.7836,8.056,19.958,389.727,389.727,6900.0
0.7837,9.64,21.141,389.193,389.193,6900.0
0.7838,11.151,22.222,388.693,388.693,6900.0
0.7839,12.623,23.236,388.224,388.224,6900.0
0.784,14.401,24.53,387.793,387.793,6900.0
0.7841,15.994,25.614,387.412,387.412,6900.0
0.7842,17.62,26.71,387.081,387.081,6900.0
0.7843,19.159,27.699,386.801,386.801,6900.0
0.7844,20.714,28.686,386.574,386.574,6900.0
0.7845,22.221,29.609,386.394,386.394,6900.0
0.7846,23.739,30.529,386.257,386.257,6900.0
0.7847,25.41,31.591,386.16,386.16,6900.0
0.7848,26.951,32.516,386.116,386.116,6900.0
0.7849,28.607,33.548,386.126,386.126,6900.0
0.785,30.022,34.336,386.194,386.194,6900.0
0.7851,31.427,35.113,386.307,386.307,6900.0
0.7852,32.983,36.042,386.465,386.465,6900.0
0.7853,34.465,36.901,386.69,386.69,6900.0
0.7854,36.019,37.837,386.988,386.988,6900.0
0.7855,37.189,38.399,387.367,387.367,6900.0
0.7856,38.183,38.796,387.792,387.792,6900.0
0.7857,39.576,39.604,388.252,388.252,6900.0
0.7858,40.613,40.073,388.771,388.771,6900.0
0.7859,41.83,40.739,389.332,389.332,6900.0
0.786,42.672,41.051,389.954,389.954,6900.0
0.7861,43.262,41.133,390.593,390.593,6900.0
0.7862,44.162,41.549,391.244,391.244,6900.0
0.7863,44.955,41.884,391.928,391.928,6900.0
0.7864,45.76,42.259,392.628,392.628,6900.0
0.7865,46.373,42.471,393.38,393.38,6900.0
0.7866,46.727,42.456,394.153,394.153,6900.0
0.7867,47.363,42.755,394.948,394.948,6900.0
0.7868,47.638,42.728,395.779,395.779,6900.0
0.7869,47.851,42.673,396.613,396.613,6900.0
0.787,48.072,42.663,397.475,397.475,6900.0
0.7871,48.077,42.474,398.342,398.342,6900.0
0.7872,48.252,42.492,399.214,399.214,6900.0
0.7873,47.993,42.116,400.089,400.089,6900.0
0.7874,47.647,41.692,400.925,400.925,6900.0
0.7875,47.575,41.58,401.735,401.735,6900.0
0.7876,47.339,41.344,402.523,402.523,6900.0
0.7877,47.067,41.111,403.301,403.301,6900.0
0.7878,46.657,40.78,404.06,404.06,6900.0
0.7879,46.013,40.254,404.783,404.783,6900.0
0.788,45.697,40.094,405.472,405.472,6900.0
0.7881,44.945,39.536,406.15,406.15,6900.0
0.7882,44.277,39.099,406.813,406.813,6900.0
0.7883,43.37,38.46,407.453,407.453,6900.0
0.7884,42.396,37.789,408.047,408.047,6900.0
0.7885,41.504,37.234,408.588,408.588,6900.0
0.7886,40.346,36.444,409.085,409.085,6900.0
0.7887,39.355,35.854,409.53,409.53,6900.0
0.7888,38.127,35.056,409.927,409.927,6900.0
0.7889,36.689,34.076,410.268,410.268,6900.0
0.789,35.323,33.194,410.545,410.545,6900.0
0.7891,34.036,32.415,410.762,410.762,6900.0
0.7892,32.824,31.733,410.923,410.923,6900.0
0.7893,31.544,31.004,411.039,411.039,6900.0
0.7894,30.082,30.11,411.116,411.116,6900.0
0.7895,28.574,29.186,411.155,411.155,6900.0
0.7896,26.869,28.08,411.142,411.142,6900.0
0.7897,25.163,26.981,411.062,411.062,6900.0
0.7898,23.73,26.166,410.927,410.927,6900.0
0.7899,22.25,25.309,410.754,410.754,6900.0
0.79,20.537,24.223,410.55,410.55,6900.0
0.7901,18.529,22.844,410.29,410.29,6900.0
0.7902,16.575,21.516,409.954,409.954,6900.0
0.7903,15.164,20.728,409.564,409.564,6900.0
0.7904,13.789,19.97,409.137,409.137,6900.0
0.7905,12.149,18.939,408.689,408.689,6900.0
0.7906,10.159,17.546,408.206,408.206,6900.0
0.7907,8.292,16.263,407.683,407.683,6900.0
0.7908,6.646,15.186,407.13,407.13,6900.0
0.7909,4.934,14.025,406.551,406.551,6900.0
0.791,3.231,12.852,405.95,405.95,6900.0
0.7911,1.078,11.207,405.325,405.325,6900.0
0.7912,-0.0,10.613,404.677,404.677,6900.0
0.7913,-0.0,11.071,404.024,404.024,6900.0
0.7914,-0.0,11.501,403.368,403.368,6900.0
0.7915,-0.0,11.901,402.711,402.711,6900.0
0.7916,-0.0,12.27,402.052,402.052,6900.0
0.7917,-0.0,12.607,401.391,401.391,6900.0
0.7918,-0.0,12.91,400.729,400.729,6900.0
0.7919,-0.004,13.174,400.066,400.066,6900.0
0.792,0.0,13.409,399.402,399.402,6900.0
0.7921,-2.168,11.435,398.737,398.737,6900.0
0.7922,-4.639,9.12,398.071,398.071,6900.0
0.7923,-8.108,5.769,397.404,397.404,6900.0
0.7924,-12.582,1.373,396.735,396.735,6900.0
0.7925,-19.09,-5.095,396.065,396.065,6900.0
0.7926,-20.74,-6.745,395.471,395.471,6900.0
0.7927,-22.135,-8.179,394.896,394.896,6900.0
0.7928,-23.745,-9.868,394.357,394.357,6900.0
0.7929,-25.169,-11.41,393.874,393.874,6900.0
0.793,-26.762,-13.159,393.461,393.461,6900.0
0.7931,-27.572,-14.163,393.119,393.119,6900.0
0.7932,-28.253,-15.076,392.795,392.795,6900.0
0.7933,-29.254,-16.344,392.488,392.488,6900.0
0.7934,-30.525,-17.918,392.215,392.215,6900.0
0.7935,-31.664,-19.393,391.998,391.998,6900.0
0.7936,-32.268,-20.366,391.827,391.827,6900.0
0.7937,-32.803,-21.302,391.665,391.665,6900.0
0.7938,-33.738,-22.667,391.512,391.512,6900.0
0.7939,-34.68,-24.067,391.396,391.396,6900.0
0.794,-35.577,-25.448,391.337,391.337,6900.0
0.7941,-36.17,-26.549,391.343,391.343,6900.0
0.7942,-36.644,-27.553,391.409,391.409,6900.0
0.7943,-37.211,-28.671,391.529,391.529,6900.0
0.7944,-37.604,-29.633,391.704,391.704,6900.0
0.7945,-37.861,-30.474,391.92,391.92,6900.0
0.7946,-38.313,-31.523,392.167,392.167,6900.0
0.7947,-38.475,-32.294,392.451,392.451,6900.0
0.7948,-38.713,-33.149,392.759,392.759,6900.0
0.7949,-38.678,-33.737,393.082,393.082,6900.0
0.795,-38.73,-34.416,393.398,393.398,6900.0
0.7951,-39.17,-35.484,393.722,393.722,6900.0
0.7952,-39.547,-36.488,394.073,394.073,6900.0
0.7953,-39.657,-37.221,394.474,394.474,6900.0
0.7954,-39.591,-37.773,394.902,394.902,6900.0
0.7955,-39.537,-38.327,395.341,395.341,6900.0
0.7956,-39.751,-39.138,395.81,395.81,6900.0
0.7957,-39.707,-39.679,396.315,396.315,6900.0
0.7958,-39.596,-40.136,396.866,396.866,6900.0
0.7959,-39.075,-40.166,397.434,397.434,6900.0
0.796,-38.666,-40.286,397.975,397.975,6900.0
0.7961,-38.583,-40.713,398.509,398.509,6900.0
0.7962,-38.18,-40.793,399.03,399.03,6900.0
0.7963,-38.036,-41.107,399.547,399.547,6900.0
0.7964,-37.577,-41.078,400.057,400.057,6900.0
0.7965,-37.434,-41.335,400.536,400.536,6900.0
0.7966,-37.235,-41.505,401.025,401.025,6900.0
0.7967,-36.888,-41.496,401.507,401.507,6900.0
0.7968,-36.85,-41.76,401.993,401.993,6900.0
0.7969,-36.521,-41.699,402.501,402.501,6900.0
0.797,-36.218,-41.627,403.001,403.001,6900.0
0.7971,-35.905,-41.508,403.511,403.511,6900.0
0.7972,-35.296,-41.055,404.007,404.007,6900.0
0.7973,-35.03,-40.907,404.472,404.472,6900.0
0.7974,-34.648,-40.603,404.927,404.927,6900.0
0.7975,-34.375,-40.37,405.35,405.35,6900.0
0.7976,-34.052,-40.048,405.76,405.76,6900.0
0.7977,-33.442,-39.398,406.141,406.141,6900.0
0.7978,-33.286,-39.163,406.478,406.478,6900.0
0.7979,-33.059,-38.819,406.806,406.806,6900.0
0.798,-32.967,-38.57,407.116,407.116,6900.0
0.7981,-32.718,-38.127,407.43,407.43,6900.0
0.7982,-32.28,-37.457,407.733,407.733,6900.0
0.7983,-31.977,-36.887,408.01,408.01,6900.0
0.7984,-31.754,-36.361,408.274,408.274,6900.0
0.7985,-31.462,-35.733,408.523,408.523,6900.0
0.7986,-31.103,-35.005,408.76,408.76,6900.0
0.7987,-30.63,-34.131,408.97,408.97,6900.0
0.7988,-30.153,-33.224,409.146,409.146,6900.0
0.7989,-29.902,-32.515,409.283,409.283,6900.0
0.799,-29.415,-31.544,409.388,409.388,6900.0
0.7991,-29.158,-30.778,409.454,409.454,6900.0
0.7992,-28.972,-30.063,409.497,409.497,6900.0
0.7993,-28.754,-29.294,409.522,409.522,6900.0
0.7994,-28.322,-28.294,409.528,409.528,6900.0
0.7995,-27.832,-27.22,409.503,409.503,6900.0
0.7996,-27.571,-26.361,409.444,409.444,6900.0
0.7997,-27.245,-25.426,409.371,409.371,6900.0
0.7998,-27.071,-24.635,409.29,409.29,6900.0
0.7999,-26.352,-23.293,409.198,409.198,6900.0
0.8,-25.446,-21.76,409.05,409.05,6900.0
0.8001,-25.036,-20.722,408.843,408.843,6900.0
0.8002,-24.858,-19.917,408.602,408.602,6900.0
0.8003,-24.796,-19.232,408.349,408.349,6900.0
0.8004,-24.077,-17.896,408.09,408.09,6900.0
0.8005,-23.237,-16.447,407.787,407.787,6900.0
0.8006,-22.763,-15.376,407.439,407.439,6900.0
0.8007,-22.149,-14.177,407.068,407.068,6900.0
0.8008,-21.876,-13.336,406.676,406.676,6900.0
0.8009,-21.059,-11.969,406.275,406.275,6900.0
0.801,-20.004,-10.383,405.841,405.841,6900.0
0.8011,-19.366,-9.237,405.368,405.368,6900.0
0.8012,-18.537,-7.924,404.871,404.871,6900.0
0.8013,-17.769,-6.698,404.346,404.346,6900.0
0.8014,-16.813,-5.312,403.801,403.801,6900.0
0.8015,-15.813,-3.911,403.23,403.23,6900.0
0.8016,-14.908,-2.638,402.635,402.635,6900.0
0.8017,-14.003,-1.395,402.021,402.021,6900.0
0.8018,-13.414,-0.504,401.388,401.388,6900.0
0.8019,-12.649,0.529,400.741,400.741,6900.0
0.802,-12.298,1.111,400.081,400.081,6900.0
0.8021,0.45,14.053,399.456,399.456,6900.0
0.8022,-0.0,13.759,398.791,398.791,6900.0
0.8023,-0.0,13.877,398.126,398.126,6900.0
0.8024,-0.0,13.955,397.459,397.459,6900.0
0.8025,-0.0,13.995,396.792,396.792,6900.0
0.8026,-0.0,13.995,396.124,396.124,6900.0
0.8027,-0.0,13.955,395.457,395.457,6900.0
0.8028,0.095,13.972,394.79,394.79,6900.0
0.8029,0.096,13.855,394.124,394.124,6900.0
0.803,0.1,13.703,393.457,393.457,6900.0
0.8031,0.559,13.967,392.79,392.79,6900.0
0.8032,1.793,14.97,392.133,392.133,6900.0
0.8033,3.572,16.482,391.494,391.494,6900.0
0.8034,5.018,17.625,390.882,390.882,6900.0
0.8035,6.259,18.53,390.289,390.289,6900.0
0.8036,7.687,19.589,389.712,389.712,6900.0
0.8037,9.561,21.063,389.159,389.159,6900.0
0.8038,11.346,22.417,388.647,388.647,6900.0
0.8039,13.142,23.755,388.183,388.183,6900.0
0.804,14.645,24.774,387.769,387.769,6900.0
0.8041,16.229,25.85,387.399,387.399,6900.0
0.8042,17.807,26.897,387.08,387.08,6900.0
0.8043,19.283,27.823,386.81,386.81,6900.0
0.8044,20.803,28.775,386.586,386.586,6900.0
0.8045,22.353,29.74,386.407,386.407,6900.0
0.8046,23.957,30.746,386.272,386.272,6900.0
0.8047,25.473,31.654,386.18,386.18,6900.0
0.8048,26.831,32.395,386.127,386.127,6900.0
0.8049,28.539,33.48,386.108,386.108,6900.0
0.805,30.091,34.405,386.149,386.149,6900.0
0.8051,31.857,35.543,386.259,386.259,6900.0
0.8052,33.287,36.346,386.445,386.445,6900.0
0.8053,34.558,36.994,386.691,386.691,6900.0
0.8054,35.988,37.807,386.989,386.989,6900.0
0.8055,37.246,38.456,387.357,387.357,6900.0
0.8056,38.721,39.334,387.791,387.791,6900.0
0.8057,39.723,39.751,388.3,388.3,6900.0
0.8058,40.555,40.015,388.835,388.835,6900.0
0.8059,41.718,40.627,389.385,389.385,6900.0
0.806,42.462,40.841,389.975,389.975,6900.0
0.8061,43.56,41.431,390.579,390.579,6900.0
0.8062,44.423,41.81,391.234,391.234,6900.0
0.8063,45.007,41.936,391.914,391.914,6900.0
0.8064,45.88,42.379,392.615,392.615,6900.0
0.8065,46.523,42.622,393.363,393.363,6900.0
0.8066,47.077,42.807,394.138,394.138,6900.0
0.8067,47.692,43.085,394.964,394.964,6900.0
0.8068,47.809,42.899,395.822,395.822,6900.0
0.8069,48.199,43.021,396.692,396.692,6900.0
0.807,48.147,42.738,397.585,397.585,6900.0
0.8071,48.15,42.547,398.45,398.45,6900.0
0.8072,48.294,42.535,399.31,399.31,6900.0
0.8073,48.082,42.205,400.156,400.156,6900.0
0.8074,48.075,42.12,400.987,400.987,6900.0
0.8075,47.696,41.701,401.81,401.81,6900.0
0.8076,47.272,41.277,402.59,402.59,6900.0
0.8077,47.295,41.339,403.343,403.343,6900.0
0.8078,46.824,40.948,404.096,404.096,6900.0
0.8079,46.533,40.774,404.842,404.842,6900.0
0.808,45.852,40.249,405.583,405.583,6900.0
0.8081,45.043,39.634,406.287,406.287,6900.0
0.8082,44.403,39.225,406.949,406.949,6900.0
0.8083,43.554,38.644,407.58,407.58,6900.0
0.8084,42.712,38.105,408.183,408.183,6900.0
0.8085,41.539,37.268,408.745,408.745,6900.0
0.8086,40.387,36.485,409.242,409.242,6900.0
0.8087,39.293,35.792,409.676,409.676,6900.0
0.8088,38.185,35.114,410.055,410.055,6900.0
0.8089,37.063,34.45,410.384,410.384,6900.0
0.809,35.688,33.559,410.667,410.667,6900.0
0.8091,34.541,32.92,410.899,410.899,6900.0
0.8092,32.972,31.882,411.091,411.091,6900.0
0.8093,31.427,30.887,411.227,411.227,6900.0
0.8094,30.138,30.167,411.302,411.302,6900.0
0.8095,28.765,29.377,411.332,411.332,6900.0
0.8096,27.338,28.548,411.323,411.323,6900.0
0.8097,25.615,27.434,411.276,411.276,6900.0
0.8098,23.622,26.058,411.168,411.168,6900.0
0.8099,21.956,25.015,410.979,410.979,6900.0
0.81,20.534,24.22,410.733,410.733,6900.0
0.8101,19.133,23.447,410.453,410.453,6900.0
0.8102,17.606,22.547,410.15,410.15,6900.0
0.8103,15.473,21.037,409.804,409.804,6900.0
0.8104,13.485,19.667,409.395,409.395,6900.0
0.8105,11.855,18.645,408.942,408.942,6900.0
0.8106,10.251,17.639,408.453,408.453,6900.0
0.8107,8.509,16.48,407.939,407.939,6900.0
0.8108,6.486,15.026,407.393,407.393,6900.0
0.8109,4.615,13.706,406.811,406.811,6900.0
0.811,2.956,12.577,406.203,406.203,6900.0
0.8111,1.14,11.269,405.572,405.572,6900.0
0.8112,0.007,10.62,404.924,404.924,6900.0
0.8113,-0.0,11.071,404.272,404.272,6900.0
0.8114,-0.0,11.501,403.617,403.617,6900.0
0.8115,-0.0,11.901,402.96,402.96,6900.0
0.8116,-0.0,12.27,402.301,402.301,6900.0
0.8117,-0.0,12.607,401.641,401.641,6900.0
0.8118,-0.0,12.91,400.98,400.98,6900.0
0.8119,-0.0,13.177,400.318,400.318,6900.0
0.812,0.0,13.409,399.654,399.654,6900.0
0.8121,-1.014,12.589,398.989,398.989,6900.0
0.8122,-4.673,9.086,398.323,398.323,6900.0
0.8123,-9.53,4.346,397.656,397.656,6900.0
0.8124,-14.638,-0.682,396.988,396.988,6900.0
0.8125,-19.119,-5.124,396.337,396.337,6900.0
0.8126,-20.78,-6.785,395.736,395.736,6900.0
0.8127,-22.367,-8.411,395.175,395.175,6900.0
0.8128,-23.521,-9.644,394.659,394.659,6900.0
0.8129,-24.687,-10.928,394.166,394.166,6900.0
0.813,-26.104,-12.501,393.71,393.71,6900.0
0.8131,-27.415,-14.006,393.312,393.312,6900.0
0.8132,-28.775,-15.598,392.987,392.987,6900.0
0.8133,-29.488,-16.578,392.725,392.725,6900.0
0.8134,-30.042,-17.435,392.474,392.474,6900.0
0.8135,-31.034,-18.763,392.228,392.228,6900.0
0.8136,-32.14,-20.238,392.011,392.011,6900.0
0.8137,-33.277,-21.776,391.843,391.843,6900.0
0.8138,-33.876,-22.805,391.727,391.727,6900.0
0.8139,-34.445,-23.832,391.638,391.638,6900.0
0.814,-35.238,-25.109,391.577,391.577,6900.0
0.8141,-36.031,-26.41,391.565,391.565,6900.0
0.8142,-36.696,-27.605,391.614,391.614,6900.0
0.8143,-37.203,-28.663,391.725,391.725,6900.0
0.8144,-37.683,-29.712,391.893,391.893,6900.0
0.8145,-37.981,-30.593,392.115,392.115,6900.0
0.8146,-38.138,-31.348,392.372,392.372,6900.0
0.8147,-38.341,-32.16,392.645,392.645,6900.0
0.8148,-38.625,-33.06,392.936,392.936,6900.0
0.8149,-38.864,-33.923,393.248,393.248,6900.0
0.815,-38.975,-34.661,393.588,393.588,6900.0
0.8151,-39.054,-35.368,393.94,393.94,6900.0
0.8152,-39.235,-36.176,394.291,394.291,6900.0
0.8153,-39.419,-36.983,394.668,394.668,6900.0
0.8154,-39.751,-37.933,395.071,395.071,6900.0
0.8155,-39.751,-38.541,395.535,395.535,6900.0
0.8156,-39.569,-38.956,396.027,396.027,6900.0
0.8157,-39.424,-39.395,396.521,396.521,6900.0
0.8158,-39.387,-39.927,397.039,397.039,6900.0
0.8159,-39.15,-40.24,397.569,397.569,6900.0
0.816,-39.008,-40.629,398.123,398.123,6900.0
0.8161,-38.603,-40.732,398.681,398.681,6900.0
0.8162,-38.268,-40.881,399.206,399.206,6900.0
0.8163,-37.935,-41.006,399.726,399.726,6900.0
0.8164,-37.587,-41.089,400.224,400.224,6900.0
0.8165,-37.583,-41.485,400.718,400.718,6900.0
0.8166,-37.12,-41.39,401.22,401.22,6900.0
0.8167,-36.889,-41.497,401.699,401.699,6900.0
0.8168,-36.762,-41.672,402.19,402.19,6900.0
0.8169,-36.238,-41.415,402.682,402.682,6900.0
0.817,-36.265,-41.674,403.166,403.166,6900.0
0.8171,-35.747,-41.35,403.668,403.668,6900.0
0.8172,-35.44,-41.199,404.148,404.148,6900.0
0.8173,-34.997,-40.874,404.63,404.63,6900.0
0.8174,-34.5,-40.455,405.084,405.084,6900.0
0.8175,-34.184,-40.179,405.503,405.503,6900.0
0.8176,-33.839,-39.834,405.903,405.903,6900.0
0.8177,-33.772,-39.728,406.275,406.275,6900.0
0.8178,-33.391,-39.268,406.641,406.641,6900.0
0.8179,-32.961,-38.72,406.981,406.981,6900.0
0.818,-32.864,-38.467,407.286,407.286,6900.0
0.8181,-32.547,-37.956,407.589,407.589,6900.0
0.8182,-32.363,-37.541,407.877,407.877,6900.0
0.8183,-32.142,-37.053,408.163,408.163,6900.0
0.8184,-31.795,-36.402,408.436,408.436,6900.0
0.8185,-31.371,-35.642,408.683,408.683,6900.0
0.8186,-31.089,-34.991,408.907,408.907,6900.0
0.8187,-30.619,-34.12,409.108,409.108,6900.0
0.8188,-30.288,-33.359,409.283,409.283,6900.0
0.8189,-30.003,-32.616,409.428,409.428,6900.0
0.819,-29.644,-31.773,409.544,409.544,6900.0
0.8191,-29.172,-30.793,409.628,409.628,6900.0
0.8192,-28.788,-29.878,409.674,409.674,6900.0
0.8193,-28.491,-29.03,409.686,409.686,6900.0
0.8194,-28.179,-28.151,409.677,409.677,6900.0
0.8195,-28.039,-27.426,409.656,409.656,6900.0
0.8196,-27.566,-26.355,409.622,409.622,6900.0
0.8197,-26.858,-25.039,409.553,409.553,6900.0
0.8198,-26.624,-24.188,409.444,409.444,6900.0
0.8199,-26.484,-23.425,409.316,409.316,6900.0
0.82,-26.244,-22.558,409.186,409.186,6900.0
0.8201,-25.36,-21.046,409.043,409.043,6900.0
0.8202,-24.456,-19.515,408.838,408.838,6900.0
0.8203,-24.212,-18.647,408.568,408.568,6900.0
0.8204,-23.783,-17.602,408.266,408.266,6900.0
0.8205,-23.698,-16.908,407.94,407.94,6900.0
0.8206,-23.038,-15.651,407.607,407.607,6900.0
0.8207,-22.076,-14.104,407.24,407.24,6900.0
0.8208,-21.754,-13.214,406.833,406.833,6900.0
0.8209,-21.031,-11.941,406.414,406.414,6900.0
0.821,-20.541,-10.92,405.976,405.976,6900.0
0.8211,-19.677,-9.547,405.53,405.53,6900.0
0.8212,-18.61,-7.997,405.055,405.055,6900.0
0.8213,-17.743,-6.672,404.545,404.545,6900.0
0.8214,-16.684,-5.183,404.008,404.008,6900.0
0.8215,-15.877,-3.975,403.439,403.439,6900.0
0.8216,-15.007,-2.736,402.846,402.846,6900.0
0.8217,-14.059,-1.452,402.231,402.231,6900.0
0.8218,-14.494,-1.584,401.587,401.587,6900.0
0.8219,-13.086,0.092,400.94,400.94,6900.0
0.822,-10.587,2.822,400.285,400.285,6900.0
0.8221,-0.0,13.603,399.647,399.647,6900.0
0.8222,-0.0,13.759,398.983,398.983,6900.0
0.8223,-0.0,13.877,398.317,398.317,6900.0
0.8224,-0.0,13.955,397.651,397.651,6900.0
0.8225,-0.0,13.995,396.984,396.984,6900.0
0.8226,-0.0,13.995,396.316,396.316,6900.0
0.8227,-0.0,13.955,395.649,395.649,6900.0
0.8228,0.028,13.905,394.981,394.981,6900.0
0.8229,0.119,13.878,394.314,394.314,6900.0
0.823,0.334,13.937,393.648,393.648,6900.0
0.8231,0.82,14.229,392.987,392.987,6900.0
0.8232,1.55,14.727,392.334,392.334,6900.0
0.8233,2.948,15.858,391.691,391.691,6900.0
0.8234,4.621,17.228,391.065,391.065,6900.0
0.8235,6.384,18.655,390.466,390.466,6900.0
0.8236,7.998,19.9,389.899,389.899,6900.0
0.8237,9.266,20.767,389.36,389.36,6900.0
0.8238,10.884,21.955,388.842,388.842,6900.0
0.8239,12.817,23.43,388.36,388.36,6900.0
0.824,14.516,24.645,387.927,387.927,6900.0
0.8241,16.175,25.796,387.547,387.547,6900.0
0.8242,17.637,26.727,387.221,387.221,6900.0
0.8243,19.272,27.812,386.946,386.946,6900.0
0.8244,20.718,28.689,386.724,386.724,6900.0
0.8245,22.176,29.563,386.545,386.545,6900.0
0.8246,23.766,30.556,386.408,386.408,6900.0
0.8247,25.18,31.362,386.315,386.315,6900.0
0.8248,26.786,32.35,386.266,386.266,6900.0
0.8249,28.393,33.334,386.262,386.262,6900.0
0.825,29.934,34.248,386.303,386.303,6900.0
0.8251,31.523,35.209,386.39,386.39,6900.0
0.8252,33.077,36.136,386.541,386.541,6900.0
0.8253,34.731,37.167,386.77,386.77,6900.0
0.8254,36.052,37.871,387.084,387.084,6900.0
0.8255,37.254,38.464,387.454,387.454,6900.0
0.8256,38.526,39.138,387.872,387.872,6900.0
0.8257,39.557,39.585,388.351,388.351,6900.0
0.8258,40.733,40.194,388.879,388.879,6900.0
0.8259,41.557,40.466,389.466,389.466,6900.0
0.826,42.229,40.608,390.07,390.07,6900.0
0.8261,43.292,41.163,390.679,390.679,6900.0
0.8262,44.057,41.444,391.321,391.321,6900.0
0.8263,45.103,42.032,391.976,391.976,6900.0
0.8264,45.739,42.238,392.691,392.691,6900.0
0.8265,46.153,42.252,393.427,393.427,6900.0
0.8266,46.937,42.666,394.186,394.186,6900.0
0.8267,47.402,42.794,394.994,394.994,6900.0
0.8268,47.772,42.862,395.817,395.817,6900.0
0.8269,48.106,42.929,396.683,396.683,6900.0
0.827,48.034,42.625,397.563,397.563,6900.0
0.8271,48.305,42.702,398.442,398.442,6900.0
0.8272,48.154,42.394,399.329,399.329,6900.0
0.8273,47.895,42.018,400.179,400.179,6900.0
0.8274,47.918,41.962,401.006,401.006,6900.0
0.8275,47.665,41.67,401.812,401.812,6900.0
0.8276,47.645,41.65,402.602,402.602,6900.0
0.8277,47.167,41.211,403.386,403.386,6900.0
0.8278,46.484,40.607,404.13,404.13,6900.0
0.8279,46.309,40.55,404.842,404.842,6900.0
0.828,45.801,40.198,405.549,405.549,6900.0
0.8281,45.326,39.917,406.253,406.253,6900.0
0.8282,44.377,39.2,406.945,406.945,6900.0
0.8283,43.384,38.474,407.589,407.589,6900.0
0.8284,42.388,37.78,408.179,408.179,6900.0
0.8285,41.53,37.26,408.72,408.72,6900.0
0.8286,40.485,36.583,409.224,409.224,6900.0
0.8287,39.427,35.926,409.676,409.676,6900.0
0.8288,38.069,34.998,410.074,410.074,6900.0
0.8289,36.857,34.244,410.407,410.407,6900.0
0.829,35.651,33.522,410.683,410.683,6900.0
0.8291,34.352,32.731,410.908,410.908,6900.0
0.8292,33.027,31.937,411.085,411.085,6900.0
0.8293,31.769,31.229,411.218,411.218,6900.0
0.8294,30.118,30.146,411.316,411.316,6900.0
0.8295,28.5,29.113,411.356,411.356,6900.0
0.8296,27.058,28.268,411.33,411.33,6900.0
0.8297,25.614,27.433,411.254,411.254,6900.0
0.8298,24.069,26.504,411.139,411.139,6900.0
0.8299,22.512,25.571,410.988,410.988,6900.0
0.83,20.356,24.042,410.781,410.781,6900.0
0.8301,18.632,22.946,410.493,410.493,6900.0
0.8302,17.111,22.052,410.153,410.153,6900.0
0.8303,15.757,21.321,409.776,409.776,6900.0
0.8304,14.07,20.252,409.378,409.378,6900.0
0.8305,12.048,18.838,408.944,408.944,6900.0
0.8306,10.103,17.491,408.46,408.46,6900.0
0.8307,8.449,16.421,407.941,407.941,6900.0
0.8308,6.858,15.398,407.392,407.392,6900.0
0.8309,5.149,14.239,406.821,406.821,6900.0
0.831,2.98,12.601,406.223,406.223,6900.0
0.8311,1.071,11.2,405.594,405.594,6900.0
0.8312,0.008,10.621,404.946,404.946,6900.0
0.8313,-0.0,11.071,404.292,404.292,6900.0
0.8314,-0.0,11.501,403.637,403.637,6900.0
0.8315,-0.0,11.901,402.981,402.981,6900.0
0.8316,-0.0,12.27,402.322,402.322,6900.0
0.8317,-0.0,12.607,401.662,401.662,6900.0
0.8318,-0.0,12.91,401.001,401.001,6900.0
0.8319,-0.0,13.177,400.338,400.338,6900.0
0.832,-0.003,13.406,399.675,399.675,6900.0
0.8321,-0.397,13.206,399.01,399.01,6900.0
0.8322,-2.542,11.217,398.344,398.344,6900.0
0.8323,-6.108,7.769,397.677,397.677,6900.0
0.8324,-11.857,2.099,397.009,397.009,6900.0
0.8325,-19.062,-5.067,396.34,396.34,6900.0
0.8326,-20.446,-6.451,395.743,395.743,6900.0
0.8327,-22.045,-8.09,395.171,395.171,6900.0
0.8328,-23.595,-9.718,394.638,394.638,6900.0
0.8329,-25.158,-11.399,394.164,394.164,6900.0
0.833,-25.973,-12.37,393.753,393.753,6900.0
0.8331,-26.972,-13.563,393.36,393.36,6900.0
0.8332,-28.226,-15.048,392.995,392.995,6900.0
0.8333,-29.495,-16.585,392.681,392.681,6900.0
0.8334,-30.71,-18.103,392.432,392.432,6900.0
0.8335,-31.311,-19.04,392.239,392.239,6900.0
0.8336,-31.888,-19.987,392.051,392.051,6900.0
0.8337,-32.775,-21.274,391.868,391.868,6900.0
0.8338,-33.718,-22.647,391.713,391.713,6900.0
0.8339,-34.711,-24.098,391.608,391.608,6900.0
0.834,-35.322,-25.193,391.561,391.561,6900.0
0.8341,-35.913,-26.292,391.559,391.559,6900.0
0.8342,-36.409,-27.319,391.607,391.607,6900.0
0.8343,-36.974,-28.434,391.705,391.705,6900.0
0.8344,-37.51,-29.539,391.855,391.855,6900.0
0.8345,-37.819,-30.432,392.059,392.059,6900.0
0.8346,-38.236,-31.446,392.303,392.303,6900.0
0.8347,-38.412,-32.23,392.589,392.589,6900.0
0.8348,-38.456,-32.891,392.894,392.894,6900.0
0.8349,-38.618,-33.677,393.198,393.198,6900.0
0.835,-38.926,-34.612,393.513,393.513,6900.0
0.8351,-39.158,-35.472,393.848,393.848,6900.0
0.8352,-39.416,-36.357,394.218,394.218,6900.0
0.8353,-39.363,-36.928,394.613,394.613,6900.0
0.8354,-39.282,-37.464,395.014,395.014,6900.0
0.8355,-39.604,-38.394,395.44,395.44,6900.0
0.8356,-39.716,-39.104,395.904,395.904,6900.0
0.8357,-39.599,-39.57,396.425,396.425,6900.0
0.8358,-39.343,-39.883,396.966,396.966,6900.0
0.8359,-39.055,-40.145,397.498,397.498,6900.0
0.836,-38.776,-40.397,398.037,398.037,6900.0
0.8361,-38.561,-40.69,398.562,398.562,6900.0
0.8362,-38.418,-41.031,399.096,399.096,6900.0
0.8363,-37.996,-41.067,399.626,399.626,6900.0
0.8364,-37.584,-41.085,400.123,400.123,6900.0
0.8365,-37.368,-41.27,400.613,400.613,6900.0
0.8366,-37.1,-41.371,401.093,401.093,6900.0
0.8367,-37.148,-41.755,401.578,401.578,6900.0
0.8368,-36.745,-41.655,402.082,402.082,6900.0
0.8369,-36.464,-41.642,402.575,402.575,6900.0
0.837,-36.074,-41.483,403.081,403.081,6900.0
0.8371,-35.606,-41.209,403.575,403.575,6900.0
0.8372,-35.44,-41.199,404.05,404.05,6900.0
0.8373,-34.826,-40.703,404.525,404.525,6900.0
0.8374,-34.547,-40.502,404.966,404.966,6900.0
0.8375,-34.225,-40.22,405.398,405.398,6900.0
0.8376,-33.816,-39.811,405.8,405.8,6900.0
0.8377,-33.51,-39.466,406.163,406.163,6900.0
0.8378,-33.226,-39.103,406.511,406.511,6900.0
0.8379,-33.226,-38.985,406.839,406.839,6900.0
0.838,-32.944,-38.546,407.17,407.17,6900.0
0.8381,-32.688,-38.097,407.484,407.484,6900.0
0.8382,-32.347,-37.525,407.777,407.777,6900.0
0.8383,-31.988,-36.898,408.059,408.059,6900.0
0.8384,-31.819,-36.426,408.323,408.323,6900.0
0.8385,-31.41,-35.681,408.58,408.58,6900.0
0.8386,-31.026,-34.927,408.811,408.811,6900.0
0.8387,-30.736,-34.237,409.011,409.011,6900.0
0.8388,-30.267,-33.338,409.183,409.183,6900.0
0.8389,-29.873,-32.486,409.32,409.32,6900.0
0.839,-29.631,-31.76,409.427,409.427,6900.0
0.8391,-29.309,-30.93,409.509,409.509,6900.0
0.8392,-28.926,-30.017,409.569,409.569,6900.0
0.8393,-28.604,-29.144,409.601,409.601,6900.0
0.8394,-28.165,-28.137,409.603,409.603,6900.0
0.8395,-27.895,-27.282,409.572,409.572,6900.0
0.8396,-27.594,-26.384,409.522,409.522,6900.0
0.8397,-27.288,-25.47,409.464,409.464,6900.0
0.8398,-26.771,-24.336,409.389,409.389,6900.0
0.8399,-26.023,-22.964,409.27,409.27,6900.0
0.84,-25.74,-22.054,409.099,409.099,6900.0
0.8401,-25.677,-21.363,408.904,408.904,6900.0
0.8402,-25.474,-20.533,408.707,408.707,6900.0
0.8403,-24.669,-19.105,408.5,408.5,6900.0
0.8404,-23.756,-17.575,408.242,408.242,6900.0
0.8405,-23.373,-16.583,407.929,407.929,6900.0
0.8406,-22.826,-15.439,407.586,407.586,6900.0
0.8407,-22.632,-14.661,407.216,407.216,6900.0
0.8408,-21.846,-13.307,406.836,406.836,6900.0
0.8409,-20.999,-11.908,406.419,406.419,6900.0
0.841,-20.485,-10.864,405.965,405.965,6900.0
0.8411,-19.664,-9.535,405.491,405.491,6900.0
0.8412,-18.998,-8.385,404.995,404.995,6900.0
0.8413,-18.084,-7.013,404.485,404.485,6900.0
0.8414,-17.061,-5.56,403.95,403.95,6900.0
0.8415,-16.015,-4.113,403.389,403.389,6900.0
0.8416,-15.058,-2.787,402.804,402.804,6900.0
0.8417,-14.181,-1.574,402.197,402.197,6900.0
0.8418,-13.599,-0.688,401.568,401.568,6900.0
0.8419,-12.901,0.277,400.925,400.925,6900.0
0.842,-11.265,2.144,400.273,400.273,6900.0
0.8421,-0.0,13.603,399.641,399.641,6900.0
0.8422,-0.0,13.759,398.976,398.976,6900.0
0.8423,-0.0,13.877,398.311,398.311,6900.0
0.8424,-0.0,13.955,397.644,397.644,6900.0
0.8425,-0.0,13.995,396.977,396.977,6900.0
0.8426,-0.0,13.995,396.31,396.31,6900.0
0.8427,-0.0,13.955,395.643,395.643,6900.0
0.8428,-0.0,13.877,394.976,394.976,6900.0
0.8429,0.026,13.785,394.309,394.309,6900.0
0.843,0.205,13.808,393.642,393.642,6900.0
0.8431,0.715,14.124,392.976,392.976,6900.0
0.8432,2.042,15.219,392.322,392.322,6900.0
0.8433,3.354,16.264,391.688,391.688,6900.0
0.8434,4.279,16.886,391.07,391.07,6900.0
0.8435,5.889,18.16,390.463,390.463,6900.0
0.8436,7.69,19.591,389.879,389.879,6900.0
0.8437,9.484,20.985,389.328,389.328,6900.0
0.8438,11.186,22.257,388.82,388.82,6900.0
0.8439,12.639,23.253,388.354,388.354,6900.0
0.844,14.253,24.382,387.924,387.924,6900.0
0.8441,15.991,25.612,387.542,387.542,6900.0
0.8442,17.58,26.671,387.213,387.213,6900.0
0.8443,19.174,27.714,386.936,386.936,6900.0
0.8444,20.691,28.663,386.71,386.71,6900.0
0.8445,22.05,29.438,386.53,386.53,6900.0
0.8446,23.651,30.441,386.388,386.388,6900.0
0.8447,25.005,31.186,386.288,386.288,6900.0
0.8448,26.738,32.302,386.221,386.221,6900.0
0.8449,28.41,33.351,386.204,386.204,6900.0
0.845,30.026,34.34,386.25,386.25,6900.0
0.8451,31.579,35.265,386.357,386.357,6900.0
0.8452,33.023,36.082,386.521,386.521,6900.0
0.8453,34.68,37.116,386.741,386.741,6900.0
0.8454,35.94,37.759,387.042,387.042,6900.0
0.8455,37.377,38.587,387.414,387.414,6900.0
0.8456,38.419,39.032,387.867,387.867,6900.0
0.8457,39.382,39.41,388.359,388.359,6900.0
0.8458,40.482,39.942,388.877,388.877,6900.0
0.8459,41.329,40.239,389.433,389.433,6900.0
0.846,42.573,40.953,390.007,390.007,6900.0
0.8461,43.477,41.348,390.633,390.633,6900.0
0.8462,44.103,41.49,391.274,391.274,6900.0
0.8463,45.086,42.015,391.928,391.928,6900.0
0.8464,45.602,42.101,392.626,392.626,6900.0
0.8465,46.545,42.643,393.342,393.342,6900.0
0.8466,47.014,42.743,394.13,394.13,6900.0
0.8467,47.229,42.622,394.948,394.948,6900.0
0.8468,47.884,42.974,395.789,395.789,6900.0
0.8469,48.017,42.839,396.672,396.672,6900.0
0.847,48.104,42.695,397.546,397.546,6900.0
0.8471,48.164,42.561,398.429,398.429,6900.0
0.8472,48.098,42.339,399.295,399.295,6900.0
0.8473,48.091,42.214,400.15,400.15,6900.0
0.8474,47.845,41.889,400.987,400.987,6900.0
0.8475,47.465,41.47,401.78,401.78,6900.0
0.8476,47.368,41.373,402.546,402.546,6900.0
0.8477,47.085,41.129,403.296,403.296,6900.0
0.8478,46.925,41.048,404.047,404.047,6900.0
0.8479,46.478,40.719,404.799,404.799,6900.0
0.848,45.723,40.121,405.524,405.524,6900.0
0.8481,45.179,39.77,406.219,406.219,6900.0
0.8482,44.402,39.224,406.895,406.895,6900.0
0.8483,43.607,38.697,407.551,407.551,6900.0
0.8484,42.488,37.881,408.171,408.171,6900.0
0.8485,41.359,37.089,408.726,408.726,6900.0
0.8486,40.345,36.444,409.215,409.215,6900.0
0.8487,39.186,35.684,409.646,409.646,6900.0
0.8488,38.134,35.063,410.023,410.023,6900.0
0.8489,37.039,34.425,410.351,410.351,6900.0
0.849,35.808,33.679,410.631,410.631,6900.0
0.8491,34.523,32.902,410.864,410.864,6900.0
0.8492,33.041,31.951,411.05,411.05,6900.0
0.8493,31.617,31.077,411.182,411.182,6900.0
0.8494,30.172,30.2,411.269,411.269,6900.0
0.8495,28.783,29.395,411.314,411.314,6900.0
0.8496,27.24,28.45,411.321,411.321,6900.0
0.8497,25.516,27.334,411.271,411.271,6900.0
0.8498,23.842,26.277,411.147,411.147,6900.0
0.8499,22.213,25.272,410.967,410.967,6900.0
0.85,20.797,24.482,410.744,410.744,6900.0
0.8501,19.07,23.384,410.49,410.49,6900.0
0.8502,17.139,22.08,410.184,410.184,6900.0
0.8503,15.276,20.841,409.81,409.81,6900.0
0.8504,13.695,19.877,409.389,409.389,6900.0
0.8505,12.312,19.102,408.932,408.932,6900.0
0.8506,10.621,18.008,408.454,408.454,6900.0
0.8507,8.666,16.638,407.945,407.945,6900.0
0.8508,6.832,15.372,407.397,407.397,6900.0
0.8509,5.101,14.191,406.821,406.821,6900.0
0.851,3.274,12.895,406.22,406.22,6900.0
0.8511,1.549,11.678,405.597,405.597,6900.0
0.8512,0.002,10.615,404.953,404.953,6900.0
0.8513,-0.0,11.071,404.301,404.301,6900.0
0.8514,-0.0,11.501,403.646,403.646,6900.0
0.8515,-0.0,11.901,402.989,402.989,6900.0
0.8516,-0.0,12.27,402.331,402.331,6900.0
0.8517,-0.0,12.607,401.671,401.671,6900.0
0.8518,-0.0,12.91,401.009,401.009,6900.0
0.8519,-0.0,13.177,400.347,400.347,6900.0
0.852,0.0,13.409,399.683,399.683,6900.0
0.8521,-1.197,12.405,399.019,399.019,6900.0
0.8522,-4.214,9.545,398.353,398.353,6900.0
0.8523,-7.501,6.376,397.686,397.686,6900.0
0.8524,-11.88,2.075,397.018,397.018,6900.0
0.8525,-17.432,-3.437,396.349,396.349,6900.0
0.8526,-20.443,-6.448,395.734,395.734,6900.0
0.8527,-21.779,-7.823,395.169,395.169,6900.0
0.8528,-23.196,-9.319,394.625,394.625,6900.0
0.8529,-24.837,-11.077,394.12,394.12,6900.0
0.853,-26.231,-12.628,393.674,393.674,6900.0
0.8531,-27.611,-14.202,393.303,393.303,6900.0
0.8532,-28.309,-15.132,392.998,392.998,6900.0
0.8533,-28.908,-15.998,392.706,392.706,6900.0
0.8534,-29.997,-17.39,392.422,392.422,6900.0
0.8535,-31.091,-18.82,392.173,392.173,6900.0
0.8536,-32.223,-20.321,391.974,391.974,6900.0
0.8537,-32.812,-21.311,391.823,391.823,6900.0
0.8538,-33.419,-22.348,391.682,391.682,6900.0
0.8539,-34.217,-23.604,391.561,391.561,6900.0
0.854,-35.11,-24.981,391.48,391.48,6900.0
0.8541,-35.963,-26.342,391.459,391.459,6900.0
0.8542,-36.451,-27.361,391.507,391.507,6900.0
0.8543,-37.046,-28.506,391.613,391.613,6900.0
0.8544,-37.512,-29.541,391.778,391.778,6900.0
0.8545,-37.765,-30.377,391.991,391.991,6900.0
0.8546,-37.907,-31.117,392.235,392.235,6900.0
0.8547,-38.25,-32.069,392.5,392.5,6900.0
0.8548,-38.505,-32.941,392.792,392.792,6900.0
0.8549,-38.636,-33.695,393.108,393.108,6900.0
0.855,-38.741,-34.427,393.431,393.431,6900.0
0.8551,-38.82,-35.134,393.753,393.753,6900.0
0.8552,-39.177,-36.118,394.088,394.088,6900.0
0.8553,-39.579,-37.143,394.455,394.455,6900.0
0.8554,-39.717,-37.899,394.879,394.879,6900.0
0.8555,-39.573,-38.363,395.339,395.339,6900.0
0.8556,-39.48,-38.868,395.808,395.808,6900.0
0.8557,-39.522,-39.493,396.304,396.304,6900.0
0.8558,-39.519,-40.059,396.822,396.822,6900.0
0.8559,-39.417,-40.508,397.38,397.38,6900.0
0.856,-38.9,-40.521,397.946,397.946,6900.0
0.8561,-38.388,-40.517,398.482,398.482,6900.0
0.8562,-38.196,-40.81,399.002,399.002,6900.0
0.8563,-37.962,-41.033,399.505,399.505,6900.0
0.8564,-37.879,-41.38,400.009,400.009,6900.0
0.8565,-37.503,-41.405,400.514,400.514,6900.0
0.8566,-37.178,-41.449,400.995,400.995,6900.0
0.8567,-37.025,-41.633,401.484,401.484,6900.0
0.8568,-36.691,-41.601,401.972,401.972,6900.0
0.8569,-36.636,-41.814,402.465,402.465,6900.0
0.857,-36.075,-41.484,402.977,402.977,6900.0
0.8571,-35.737,-41.34,403.469,403.469,6900.0
0.8572,-35.502,-41.261,403.967,403.967,6900.0
0.8573,-34.902,-40.779,404.447,404.447,6900.0
0.8574,-34.689,-40.644,404.891,404.891,6900.0
0.8575,-34.262,-40.257,405.323,405.323,6900.0
0.8576,-33.956,-39.951,405.718,405.718,6900.0
0.8577,-33.701,-39.657,406.097,406.097,6900.0
0.8578,-33.239,-39.116,406.451,406.451,6900.0
0.8579,-33.063,-38.822,406.769,406.769,6900.0
0.858,-32.91,-38.513,407.081,407.081,6900.0
0.8581,-32.814,-38.223,407.385,407.385,6900.0
0.8582,-32.565,-37.743,407.697,407.697,6900.0
0.8583,-32.036,-36.946,407.997,407.997,6900.0
0.8584,-31.743,-36.351,408.268,408.268,6900.0
0.8585,-31.416,-35.687,408.522,408.522,6900.0
0.8586,-31.148,-35.05,408.753,408.753,6900.0
0.8587,-30.756,-34.257,408.963,408.963,6900.0
0.8588,-30.334,-33.405,409.142,409.142,6900.0
0.8589,-29.997,-32.61,409.285,409.285,6900.0
0.859,-29.742,-31.871,409.394,409.394,6900.0
0.8591,-29.377,-30.998,409.474,409.474,6900.0
0.8592,-29.091,-30.181,409.522,409.522,6900.0
0.8593,-28.8,-29.34,409.549,409.549,6900.0
0.8594,-28.562,-28.533,409.563,409.563,6900.0
0.8595,-28.069,-27.457,409.558,409.558,6900.0
0.8596,-27.442,-26.232,409.521,409.521,6900.0
0.8597,-27.199,-25.38,409.444,409.444,6900.0
0.8598,-27.02,-24.584,409.349,409.349,6900.0
0.8599,-26.804,-23.746,409.247,409.247,6900.0
0.86,-26.057,-22.371,409.132,409.132,6900.0
0.8601,-25.116,-20.802,408.959,408.959,6900.0
0.8602,-24.724,-19.783,408.722,408.722,6900.0
0.8603,-24.516,-18.952,408.454,408.454,6900.0
0.8604,-24.421,-18.239,408.173,408.173,6900.0
0.8605,-23.769,-16.979,407.887,407.887,6900.0
0.8606,-22.836,-15.448,407.563,407.563,6900.0
0.8607,-22.421,-14.45,407.194,407.194,6900.0
0.8608,-21.801,-13.261,406.805,406.805,6900.0
0.8609,-21.391,-12.301,406.397,406.397,6900.0
0.861,-20.46,-10.839,405.978,405.978,6900.0
0.8611,-19.447,-9.318,405.526,405.526,6900.0
0.8612,-18.738,-8.125,405.036,405.036,6900.0
0.8613,-17.872,-6.801,404.52,404.52,6900.0
0.8614,-17.062,-5.561,403.975,403.975,6900.0
0.8615,-16.063,-4.161,403.41,403.41,6900.0
0.8616,-15.122,-2.851,402.819,402.819,6900.0
0.8617,-14.263,-1.656,402.206,402.206,6900.0
0.8618,-13.552,-0.642,401.575,401.575,6900.0
0.8619,-12.822,0.355,400.929,400.929,6900.0
0.862,-12.15,1.259,400.269,400.269,6900.0
0.8621,0.0,13.603,399.643,399.643,6900.0
0.8622,-0.0,13.759,398.978,398.978,6900.0
0.8623,-0.0,13.877,398.312,398.312,6900.0
0.8624,-0.0,13.955,397.646,397.646,6900.0
0.8625,-0.0,13.995,396.979,396.979,6900.0
0.8626,-0.0,13.995,396.312,396.312,6900.0
0.8627,-0.0,13.955,395.644,395.644,6900.0
0.8628,0.003,13.88,394.977,394.977,6900.0
0.8629,0.166,13.925,394.31,394.31,6900.0
0.863,0.187,13.79,393.644,393.644,6900.0
0.8631,0.328,13.736,392.979,392.979,6900.0
0.8632,1.43,14.607,392.318,392.318,6900.0
0.8633,3.005,15.915,391.674,391.674,6900.0
0.8634,4.752,17.36,391.051,391.051,6900.0
0.8635,6.183,18.454,390.458,390.458,6900.0
0.8636,7.398,19.299,389.886,389.886,6900.0
0.8637,9.072,20.573,389.33,389.33,6900.0
0.8638,10.907,21.978,388.804,388.804,6900.0
0.8639,12.806,23.419,388.321,388.321,6900.0
0.864,14.492,24.621,387.892,387.892,6900.0
0.8641,16.0,25.621,387.514,387.514,6900.0
0.8642,17.612,26.702,387.183,387.183,6900.0
0.8643,19.192,27.732,386.904,386.904,6900.0
0.8644,20.597,28.568,386.676,386.676,6900.0
0.8645,22.127,29.514,386.494,386.494,6900.0
0.8646,23.663,30.453,386.358,386.358,6900.0
0.8647,25.169,31.35,386.267,386.267,6900.0
0.8648,26.65,32.214,386.217,386.217,6900.0
0.8649,28.048,32.989,386.203,386.203,6900.0
0.865,29.874,34.188,386.224,386.224,6900.0
0.8651,31.461,35.147,386.308,386.308,6900.0
0.8652,33.082,36.141,386.463,386.463,6900.0
0.8653,34.576,37.012,386.694,386.694,6900.0
0.8654,35.804,37.622,386.988,386.988,6900.0
0.8655,37.254,38.464,387.335,387.335,6900.0
0.8656,38.433,39.046,387.758,387.758,6900.0
0.8657,39.796,39.824,388.242,388.242,6900.0
0.8658,40.669,40.129,388.8,388.8,6900.0
0.8659,41.309,40.218,389.382,389.382,6900.0
0.866,42.509,40.889,389.97,389.97,6900.0
0.8661,43.284,41.155,390.591,390.591,6900.0
0.8662,44.325,41.712,391.223,391.223,6900.0
0.8663,45.067,41.996,391.901,391.901,6900.0
0.8664,45.572,42.071,392.595,392.595,6900.0
0.8665,46.465,42.564,393.306,393.306,6900.0
0.8666,47.002,42.731,394.065,394.065,6900.0
0.8667,47.531,42.924,394.849,394.849,6900.0
0.8668,47.913,43.003,395.693,395.693,6900.0
0.8669,48.127,42.949,396.56,396.56,6900.0
0.867,48.26,42.851,397.452,397.452,6900.0
0.8671,48.161,42.558,398.357,398.357,6900.0
0.8672,48.04,42.281,399.231,399.231,6900.0
0.8673,48.049,42.172,400.093,400.093,6900.0
0.8674,47.848,41.892,400.93,400.93,6900.0
0.8675,47.763,41.768,401.745,401.745,6900.0
0.8676,47.406,41.411,402.543,402.543,6900.0
0.8677,47.028,41.073,403.293,403.293,6900.0
0.8678,46.831,40.954,404.019,404.019,6900.0
0.8679,46.363,40.604,404.735,404.735,6900.0
0.868,46.045,40.442,405.45,405.45,6900.0
0.8681,45.347,39.939,406.165,406.165,6900.0
0.8682,44.372,39.194,406.847,406.847,6900.0
0.8683,43.627,38.717,407.486,407.486,6900.0
0.8684,42.678,38.071,408.092,408.092,6900.0
0.8685,41.776,37.506,408.661,408.661,6900.0
0.8686,40.551,36.65,409.184,409.184,6900.0
0.8687,39.366,35.865,409.64,409.64,6900.0
0.8688,38.251,35.18,410.027,410.027,6900.0
0.8689,36.968,34.354,410.358,410.358,6900.0
0.869,35.742,33.613,410.634,410.634,6900.0
0.8691,34.607,32.986,410.861,410.861,6900.0
0.8692,33.275,32.184,411.048,411.048,6900.0
0.8693,31.846,31.306,411.192,411.192,6900.0
0.8694,30.191,30.22,411.288,411.288,6900.0
0.8695,28.807,29.419,411.321,411.321,6900.0
0.8696,27.344,28.554,411.31,411.31,6900.0
0.8697,25.838,27.657,411.258,411.258,6900.0
0.8698,24.196,26.632,411.167,411.167,6900.0
0.8699,22.156,25.215,411.016,411.016,6900.0
0.87,20.384,24.07,410.785,410.785,6900.0
0.8701,19.015,23.329,410.495,410.495,6900.0
0.8702,17.638,22.579,410.171,410.171,6900.0
0.8703,15.91,21.474,409.824,409.824,6900.0
0.8704,13.828,20.009,409.435,409.435,6900.0
0.8705,12.04,18.829,408.99,408.99,6900.0
0.8706,10.448,17.835,408.506,408.506,6900.0
0.8707,8.861,16.833,407.991,407.991,6900.0
0.8708,7.23,15.77,407.453,407.453,6900.0
0.8709,5.033,14.124,406.885,406.885,6900.0
0.871,3.138,12.759,406.282,406.282,6900.0
0.8711,1.448,11.577,405.656,405.656,6900.0
0.8712,0.046,10.659,405.009,405.009,6900.0
0.8713,-0.0,11.071,404.357,404.357,6900.0
0.8714,-0.0,11.501,403.702,403.702,6900.0
0.8715,-0.0,11.901,403.045,403.045,6900.0
0.8716,-0.0,12.27,402.387,402.387,6900.0
0.8717,-0.0,12.607,401.727,401.727,6900.0
0.8718,-0.0,12.91,401.066,401.066,6900.0
0.8719,-0.0,13.177,400.404,400.404,6900.0
0.872,-0.002,13.407,399.74,399.74,6900.0
0.8721,-0.736,12.867,399.076,399.076,6900.0
0.8722,-3.183,10.577,398.41,398.41,6900.0
0.8723,-7.549,6.327,397.743,397.743,6900.0
0.8724,-13.159,0.796,397.075,397.075,6900.0
0.8725,-19.105,-5.11,396.406,396.406,6900.0
0.8726,-20.605,-6.61,395.804,395.804,6900.0
0.8727,-21.992,-8.037,395.231,395.231,6900.0
0.8728,-23.578,-9.701,394.706,394.706,6900.0
0.8729,-24.654,-10.895,394.232,394.232,6900.0
0.873,-25.702,-12.099,393.784,393.784,6900.0
0.8731,-27.03,-13.621,393.369,393.369,6900.0
0.8732,-28.353,-15.176,393.008,393.008,6900.0
0.8733,-29.609,-16.699,392.715,392.715,6900.0
0.8734,-30.168,-17.561,392.482,392.482,6900.0
0.8735,-30.633,-18.362,392.252,392.252,6900.0
0.8736,-31.704,-19.802,392.02,392.02,6900.0
0.8737,-32.717,-21.216,391.822,391.822,6900.0
0.8738,-33.736,-22.665,391.675,391.675,6900.0
0.8739,-34.469,-23.856,391.58,391.58,6900.0
0.874,-35.109,-24.98,391.526,391.526,6900.0
0.8741,-35.833,-26.212,391.511,391.511,6900.0
0.8742,-36.422,-27.332,391.551,391.551,6900.0
0.8743,-37.047,-28.507,391.646,391.646,6900.0
0.8744,-37.347,-29.376,391.801,391.801,6900.0
0.8745,-37.837,-30.45,392.003,392.003,6900.0
0.8746,-37.979,-31.19,392.252,392.252,6900.0
0.8747,-38.131,-31.95,392.525,392.525,6900.0
0.8748,-38.364,-32.8,392.806,392.806,6900.0
0.8749,-38.638,-33.697,393.103,393.103,6900.0
0.875,-38.957,-34.643,393.416,393.416,6900.0
0.8751,-39.043,-35.357,393.764,393.764,6900.0
0.8752,-39.109,-36.05,394.125,394.125,6900.0
0.8753,-39.2,-36.765,394.491,394.491,6900.0
0.8754,-39.596,-37.778,394.884,394.884,6900.0
0.8755,-39.857,-38.647,395.319,395.319,6900.0
0.8756,-39.818,-39.206,395.815,395.815,6900.0
0.8757,-39.48,-39.451,396.343,396.343,6900.0
0.8758,-39.195,-39.735,396.863,396.863,6900.0
0.8759,-39.025,-40.115,397.393,397.393,6900.0
0.876,-38.874,-40.495,397.923,397.923,6900.0
0.8761,-38.666,-40.795,398.47,398.47,6900.0
0.8762,-38.194,-40.807,399.01,399.01,6900.0
0.8763,-37.811,-40.882,399.513,399.513,6900.0
0.8764,-37.608,-41.109,400.007,400.007,6900.0
0.8765,-37.386,-41.288,400.487,400.487,6900.0
0.8766,-37.429,-41.7,400.973,400.973,6900.0
0.8767,-37.015,-41.622,401.476,401.476,6900.0
0.8768,-36.788,-41.698,401.963,401.963,6900.0
0.8769,-36.512,-41.689,402.467,402.467,6900.0
0.877,-36.029,-41.438,402.966,402.966,6900.0
0.8771,-35.899,-41.502,403.455,403.455,6900.0
0.8772,-35.485,-41.244,403.951,403.951,6900.0
0.8773,-35.14,-41.017,404.423,404.423,6900.0
0.8774,-34.656,-40.611,404.89,404.89,6900.0
0.8775,-34.189,-40.184,405.322,405.322,6900.0
0.8776,-34.022,-40.017,405.715,405.715,6900.0
0.8777,-33.702,-39.657,406.092,406.092,6900.0
0.8778,-33.525,-39.401,406.441,406.441,6900.0
0.8779,-33.331,-39.09,406.784,406.784,6900.0
0.878,-32.969,-38.572,407.11,407.11,6900.0
0.8781,-32.84,-38.249,407.409,407.409,6900.0
0.8782,-32.566,-37.743,407.707,407.707,6900.0
0.8783,-32.419,-37.33,407.995,407.995,6900.0
0.8784,-32.087,-36.695,408.286,408.286,6900.0
0.8785,-31.708,-35.979,408.558,408.558,6900.0
0.8786,-31.223,-35.124,408.798,408.798,6900.0
0.8787,-30.853,-34.354,409.008,409.008,6900.0
0.8788,-30.399,-33.47,409.187,409.187,6900.0
0.8789,-30.066,-32.679,409.332,409.332,6900.0
0.879,-29.621,-31.75,409.447,409.447,6900.0
0.8791,-29.329,-30.95,409.53,409.53,6900.0
0.8792,-29.109,-30.2,409.584,409.584,6900.0
0.8793,-28.703,-29.243,409.61,409.61,6900.0
0.8794,-28.466,-28.437,409.607,409.607,6900.0
0.8795,-28.291,-27.678,409.588,409.588,6900.0
0.8796,-28.116,-26.906,409.563,409.563,6900.0
0.8797,-27.459,-25.64,409.525,409.525,6900.0
0.8798,-26.847,-24.411,409.445,409.445,6900.0
0.8799,-26.368,-23.309,409.322,409.322,6900.0
0.88,-26.209,-22.523,409.171,409.171,6900.0
0.8801,-25.932,-21.618,409.014,409.014,6900.0
0.8802,-25.112,-20.171,408.842,408.842,6900.0
0.8803,-24.137,-18.572,408.611,408.611,6900.0
0.8804,-23.91,-17.728,408.317,408.317,6900.0
0.8805,-23.589,-16.799,407.992,407.992,6900.0
0.8806,-23.453,-16.066,407.647,407.647,6900.0
0.8807,-22.621,-14.65,407.295,407.295,6900.0
0.8808,-21.728,-13.188,406.907,406.907,6900.0
0.8809,-21.308,-12.217,406.482,406.482,6900.0
0.881,-20.603,-10.983,406.043,406.043,6900.0
0.8811,-20.028,-9.899,405.586,405.586,6900.0
0.8812,-19.175,-8.562,405.118,405.118,6900.0
0.8813,-17.934,-6.863,404.625,404.625,6900.0
0.8814,-17.042,-5.541,404.095,404.095,6900.0
0.8815,-16.122,-4.22,403.538,403.538,6900.0
0.8816,-15.103,-2.833,402.954,402.954,6900.0
0.8817,-14.332,-1.725,402.344,402.344,6900.0
0.8818,-13.67,-0.76,401.713,401.713,6900.0
0.8819,-12.85,0.328,401.066,401.066,6900.0
0.882,-10.432,2.977,400.414,400.414,6900.0
0.8821,-0.0,13.603,399.777,399.777,6900.0
0.8822,-0.0,13.759,399.113,399.113,6900.0
0.8823,-0.0,13.877,398.447,398.447,6900.0
0.8824,-0.0,13.955,397.781,397.781,6900.0
0.8825,-0.0,13.995,397.114,397.114,6900.0
0.8826,-0.0,13.995,396.447,396.447,6900.0
0.8827,-0.0,13.955,395.779,395.779,6900.0
0.8828,-0.0,13.877,395.112,395.112,6900.0
0.8829,0.128,13.887,394.445,394.445,6900.0
0.883,0.194,13.797,393.777,393.777,6900.0
0.8831,0.953,14.362,393.114,393.114,6900.0
0.8832,1.885,15.063,392.463,392.463,6900.0
0.8833,2.623,15.533,391.825,391.825,6900.0
0.8834,4.068,16.675,391.195,391.195,6900.0
0.8835,5.906,18.176,390.587,390.587,6900.0
0.8836,7.83,19.731,390.009,390.009,6900.0
0.8837,9.474,20.975,389.469,389.469,6900.0
0.8838,10.777,21.848,388.962,388.962,6900.0
0.8839,12.353,22.966,388.479,388.479,6900.0
0.884,14.137,24.266,388.035,388.035,6900.0
0.8841,15.884,25.505,387.64,387.64,6900.0
0.8842,17.473,26.563,387.3,387.3,6900.0
0.8843,19.006,27.546,387.013,387.013,6900.0
0.8844,20.633,28.604,386.776,386.776,6900.0
0.8845,22.189,29.577,386.591,386.591,6900.0
0.8846,23.622,30.412,386.452,386.452,6900.0
0.8847,25.167,31.348,386.355,386.355,6900.0
0.8848,26.672,32.237,386.304,386.304,6900.0
0.8849,28.238,33.179,386.304,386.304,6900.0
0.885,29.678,33.992,386.355,386.355,6900.0
0.8851,31.182,34.868,386.448,386.448,6900.0
0.8852,32.929,35.988,386.587,386.587,6900.0
0.8853,34.387,36.822,386.797,386.797,6900.0
0.8854,35.942,37.761,387.08,387.08,6900.0
0.8855,37.162,38.373,387.444,387.444,6900.0
0.8856,38.234,38.846,387.859,387.859,6900.0
0.8857,39.534,39.563,388.314,388.314,6900.0
0.8858,40.485,39.946,388.83,388.83,6900.0
0.8859,41.781,40.691,389.388,389.388,6900.0
0.886,42.561,40.94,390.01,390.01,6900.0
0.8861,43.248,41.119,390.648,390.648,6900.0
0.8862,44.266,41.653,391.296,391.296,6900.0
0.8863,44.885,41.814,391.98,391.98,6900.0
0.8864,45.608,42.107,392.673,392.673,6900.0
0.8865,46.194,42.292,393.412,393.412,6900.0
0.8866,46.648,42.378,394.167,394.167,6900.0
0.8867,47.343,42.736,394.946,394.946,6900.0
0.8868,47.591,42.681,395.767,395.767,6900.0
0.8869,47.941,42.763,396.592,396.592,6900.0
0.887,48.292,42.883,397.455,397.455,6900.0
0.8871,48.2,42.597,398.334,398.334,6900.0
0.8872,48.315,42.555,399.214,399.214,6900.0
0.8873,48.061,42.184,400.097,400.097,6900.0
0.8874,47.743,41.788,400.941,400.941,6900.0
0.8875,47.705,41.71,401.761,401.761,6900.0
0.8876,47.41,41.415,402.557,402.557,6900.0
0.8877,47.294,41.338,403.334,403.334,6900.0
0.8878,46.802,40.925,404.099,404.099,6900.0
0.8879,46.189,40.43,404.821,404.821,6900.0
0.888,45.779,40.176,405.514,405.514,6900.0
0.8881,45.136,39.727,406.19,406.19,6900.0
0.8882,44.491,39.313,406.859,406.859,6900.0
0.8883,43.711,38.801,407.508,407.508,6900.0
0.8884,42.58,37.972,408.117,408.117,6900.0
0.8885,41.624,37.353,408.67,408.67,6900.0
0.8886,40.642,36.74,409.176,409.176,6900.0
0.8887,39.576,36.075,409.638,409.638,6900.0
0.8888,38.443,35.372,410.05,410.05,6900.0
0.8889,36.993,34.38,410.407,410.407,6900.0
0.889,35.834,33.704,410.695,410.695,6900.0
0.8891,34.42,32.799,410.93,410.93,6900.0
0.8892,33.17,32.08,411.106,411.106,6900.0
0.8893,31.868,31.328,411.236,411.236,6900.0
0.8894,30.49,30.518,411.326,411.326,6900.0
0.8895,28.964,29.577,411.378,411.378,6900.0
0.8896,27.132,28.342,411.378,411.378,6900.0
0.8897,25.584,27.402,411.308,411.308,6900.0
0.8898,24.164,26.6,411.186,411.186,6900.0
0.8899,22.641,25.7,411.028,411.028,6900.0
0.89,20.96,24.646,410.835,410.835,6900.0
0.8901,18.806,23.12,410.586,410.586,6900.0
0.8902,16.949,21.89,410.258,410.258,6900.0
0.8903,15.535,21.099,409.878,409.878,6900.0
0.8904,14.126,20.308,409.463,409.463,6900.0
0.8905,12.665,19.454,409.026,409.026,6900.0
0.8906,10.562,17.949,408.558,408.558,6900.0
0.8907,8.639,16.611,408.045,408.045,6900.0
0.8908,6.954,15.494,407.5,407.5,6900.0
0.8909,5.265,14.355,406.928,406.928,6900.0
0.891,3.521,13.142,406.334,406.334,6900.0
0.8911,1.373,11.502,405.713,405.713,6900.0
0.8912,0.0,10.613,405.067,405.067,6900.0
0.8913,-0.0,11.071,404.415,404.415,6900.0
0.8914,-0.0,11.501,403.76,403.76,6900.0
0.8915,-0.0,11.901,403.104,403.104,6900.0
0.8916,-0.0,12.27,402.446,402.446,6900.0
0.8917,-0.0,12.607,401.786,401.786,6900.0
0.8918,-0.0,12.91,401.125,401.125,6900.0
0.8919,-0.0,13.177,400.462,400.462,6900.0
0.892,0.0,13.409,399.799,399.799,6900.0
0.8921,-0.719,12.884,399.135,399.135,6900.0
0.8922,-2.584,11.176,398.469,398.469,6900.0
0.8923,-5.716,8.161,397.802,397.802,6900.0
0.8924,-10.059,3.897,397.134,397.134,6900.0
0.8925,-16.483,-2.488,396.465,396.465,6900.0
0.8926,-19.946,-5.951,395.845,395.845,6900.0
0.8927,-21.377,-7.422,395.264,395.264,6900.0
0.8928,-23.157,-9.281,394.713,394.713,6900.0
0.8929,-24.75,-10.991,394.212,394.212,6900.0
0.893,-26.24,-12.637,393.78,393.78,6900.0
0.8931,-26.997,-13.589,393.413,393.413,6900.0
0.8932,-27.738,-14.56,393.065,393.065,6900.0
0.8933,-29.034,-16.124,392.733,392.733,6900.0
0.8934,-30.152,-17.544,392.452,392.452,6900.0
0.8935,-31.236,-18.965,392.23,392.23,6900.0
0.8936,-31.864,-19.963,392.057,392.057,6900.0
0.8937,-32.454,-20.953,391.89,391.89,6900.0
0.8938,-33.239,-22.168,391.731,391.731,6900.0
0.8939,-34.194,-23.581,391.601,391.601,6900.0
0.894,-35.172,-25.043,391.523,391.523,6900.0
0.8941,-35.759,-26.138,391.509,391.509,6900.0
0.8942,-36.352,-27.261,391.543,391.543,6900.0
0.8943,-36.954,-28.414,391.629,391.629,6900.0
0.8944,-37.434,-29.462,391.77,391.77,6900.0
0.8945,-37.755,-30.368,391.96,391.96,6900.0
0.8946,-38.133,-31.343,392.193,392.193,6900.0
0.8947,-38.405,-32.224,392.466,392.466,6900.0
0.8948,-38.598,-33.033,392.771,392.771,6900.0
0.8949,-38.686,-33.745,393.093,393.093,6900.0
0.895,-38.645,-34.331,393.416,393.416,6900.0
0.8951,-38.906,-35.22,393.743,393.743,6900.0
0.8952,-39.294,-36.235,394.087,394.087,6900.0
0.8953,-39.464,-37.028,394.475,394.475,6900.0
0.8954,-39.252,-37.433,394.889,394.889,6900.0
0.8955,-39.264,-38.054,395.304,395.304,6900.0
0.8956,-39.437,-38.824,395.75,395.75,6900.0
0.8957,-39.573,-39.545,396.229,396.229,6900.0
0.8958,-39.421,-39.961,396.762,396.762,6900.0
0.8959,-39.031,-40.122,397.314,397.314,6900.0
0.896,-38.623,-40.244,397.851,397.851,6900.0
0.8961,-38.546,-40.675,398.383,398.383,6900.0
0.8962,-38.168,-40.781,398.907,398.907,6900.0
0.8963,-38.005,-41.076,399.43,399.43,6900.0
0.8964,-37.498,-40.999,399.945,399.945,6900.0
0.8965,-37.348,-41.25,400.425,400.425,6900.0
0.8966,-37.277,-41.548,400.908,400.908,6900.0
0.8967,-36.894,-41.502,401.389,401.389,6900.0
0.8968,-36.891,-41.801,401.869,401.869,6900.0
0.8969,-36.502,-41.679,402.371,402.371,6900.0
0.897,-36.101,-41.51,402.861,402.861,6900.0
0.8971,-35.743,-41.346,403.359,403.359,6900.0
0.8972,-35.235,-40.994,403.845,403.845,6900.0
0.8973,-35.184,-41.06,404.309,404.309,6900.0
0.8974,-34.724,-40.679,404.772,404.772,6900.0
0.8975,-34.488,-40.483,405.205,405.205,6900.0
0.8976,-33.948,-39.943,405.628,405.628,6900.0
0.8977,-33.452,-39.408,406.014,406.014,6900.0
0.8978,-33.347,-39.224,406.357,406.357,6900.0
0.8979,-33.199,-38.959,406.69,406.69,6900.0
0.898,-33.137,-38.739,407.006,407.006,6900.0
0.8981,-32.934,-38.343,407.323,407.323,6900.0
0.8982,-32.443,-37.62,407.628,407.628,6900.0
0.8983,-32.246,-37.156,407.904,407.904,6900.0
0.8984,-32.055,-36.662,408.173,408.173,6900.0
0.8985,-31.742,-36.013,408.431,408.431,6900.0
0.8986,-31.348,-35.249,408.678,408.678,6900.0
0.8987,-30.958,-34.459,408.9,408.9,6900.0
0.8988,-30.464,-33.535,409.09,409.09,6900.0
0.8989,-29.999,-32.612,409.243,409.243,6900.0
0.899,-29.766,-31.895,409.359,409.359,6900.0
0.8991,-29.5,-31.121,409.446,409.446,6900.0
0.8992,-29.234,-30.325,409.507,409.507,6900.0
0.8993,-28.926,-29.466,409.545,409.545,6900.0
0.8994,-28.577,-28.548,409.559,409.559,6900.0
0.8995,-27.994,-27.382,409.544,409.544,6900.0
0.8996,-27.807,-26.596,409.494,409.494,6900.0
0.8997,-27.499,-25.68,409.429,409.429,6900.0
0.8998,-27.267,-24.831,409.357,409.357,6900.0
0.8999,-26.661,-23.602,409.27,409.27,6900.0
0.9,-25.813,-22.127,409.134,409.134,6900.0
0.9001,-25.372,-21.058,408.942,408.942,6900.0
0.9002,-25.279,-20.338,408.721,408.721,6900.0
0.9003,-25.063,-19.499,408.493,408.493,6900.0
0.9004,-24.23,-18.049,408.257,408.257,6900.0
0.9005,-23.39,-16.6,407.971,407.971,6900.0
0.9006,-23.052,-15.664,407.634,407.634,6900.0
0.9007,-22.392,-14.421,407.271,407.271,6900.0
0.9008,-22.189,-13.649,406.882,406.882,6900.0
0.9009,-21.457,-12.367,406.483,406.483,6900.0
0.901,-20.36,-10.739,406.052,406.052,6900.0
0.9011,-19.875,-9.746,405.579,405.579,6900.0
0.9012,-18.93,-8.317,405.088,405.088,6900.0
0.9013,-18.256,-7.185,404.57,404.57,6900.0
0.9014,-17.302,-5.801,404.037,404.037,6900.0
0.9015,-16.321,-4.419,403.48,403.48,6900.0
0.9016,-15.297,-3.026,402.898,402.898,6900.0
0.9017,-14.404,-1.797,402.294,402.294,6900.0
0.9018,-13.685,-0.775,401.671,401.671,6900.0
0.9019,-13.13,0.047,401.029,401.029,6900.0
0.902,-11.475,1.934,400.381,400.381,6900.0
0.9021,0.0,13.603,399.753,399.753,6900.0
0.9022,-0.0,13.759,399.088,399.088,6900.0
0.9023,-0.0,13.877,398.423,398.423,6900.0
0.9024,-0.0,13.955,397.757,397.757,6900.0
0.9025,-0.0,13.995,397.09,397.09,6900.0
0.9026,-0.0,13.995,396.423,396.423,6900.0
0.9027,-0.0,13.955,395.755,395.755,6900.0
0.9028,0.033,13.91,395.088,395.088,6900.0
0.9029,0.059,13.818,394.422,394.422,6900.0
0.903,0.079,13.682,393.755,393.755,6900.0
0.9031,0.503,13.912,393.088,393.088,6900.0
0.9032,1.524,14.702,392.429,392.429,6900.0
0.9033,3.188,16.098,391.786,391.786,6900.0
0.9034,4.652,17.259,391.168,391.168,6900.0
0.9035,5.657,17.927,390.568,390.568,6900.0
0.9036,7.151,19.053,389.981,389.981,6900.0
0.9037,9.033,20.534,389.418,389.418,6900.0
0.9038,10.903,21.974,388.894,388.894,6900.0
0.9039,12.602,23.215,388.42,388.42,6900.0
0.904,14.151,24.28,387.993,387.993,6900.0
0.9041,15.671,25.292,387.61,387.61,6900.0
0.9042,17.362,26.452,387.274,387.274,6900.0
0.9043,18.912,27.452,386.989,386.989,6900.0
0.9044,20.49,28.461,386.754,386.754,6900.0
0.9045,21.961,29.348,386.564,386.564,6900.0
0.9046,23.548,30.338,386.416,386.416,6900.0
0.9047,25.011,31.192,386.309,386.309,6900.0
0.9048,26.522,32.086,386.24,386.24,6900.0
0.9049,28.26,33.201,386.21,386.21,6900.0
0.905,29.809,34.124,386.238,386.238,6900.0
0.9051,31.523,35.209,386.335,386.335,6900.0
0.9052,33.02,36.079,386.505,386.505,6900.0
0.9053,34.267,36.703,386.737,386.737,6900.0
0.9054,35.727,37.546,387.021,387.021,6900.0
0.9055,37.068,38.278,387.376,387.376,6900.0
0.9056,38.538,39.15,387.8,387.8,6900.0
0.9057,39.538,39.567,388.298,388.298,6900.0
0.9058,40.419,39.879,388.826,388.826,6900.0
0.9059,41.502,40.411,389.37,389.37,6900.0
0.906,42.376,40.755,389.95,389.95,6900.0
0.9061,43.488,41.359,390.552,390.552,6900.0
0.9062,44.296,41.683,391.204,391.204,6900.0
0.9063,44.937,41.866,391.876,391.876,6900.0
0.9064,45.896,42.395,392.567,392.567,6900.0
0.9065,46.406,42.505,393.308,393.308,6900.0
0.9066,47.022,42.751,394.071,394.071,6900.0
0.9067,47.397,42.789,394.892,394.892,6900.0
0.9068,47.656,42.746,395.733,395.733,6900.0
0.9069,48.048,42.87,396.595,396.595,6900.0
0.907,48.095,42.687,397.479,397.479,6900.0
0.9071,48.144,42.541,398.342,398.342,6900.0
0.9072,48.258,42.499,399.207,399.207,6900.0
0.9073,48.023,42.146,400.057,400.057,6900.0
0.9074,48.103,42.147,400.887,400.887,6900.0
0.9075,47.781,41.786,401.712,401.712,6900.0
0.9076,47.375,41.38,402.495,402.495,6900.0
0.9077,47.257,41.302,403.252,403.252,6900.0
0.9078,46.939,41.062,404.0,404.0,6900.0
0.9079,46.6,40.84,404.749,404.749,6900.0
0.908,45.903,40.3,405.491,405.491,6900.0
0.9081,45.102,39.693,406.197,406.197,6900.0
0.9082,44.431,39.253,406.865,406.865,6900.0
0.9083,43.631,38.721,407.503,407.503,6900.0
0.9084,42.768,38.161,408.115,408.115,6900.0
0.9085,41.624,37.353,408.688,408.688,6900.0
0.9086,40.624,36.722,409.195,409.195,6900.0
0.9087,39.455,35.954,409.641,409.641,6900.0
0.9088,38.407,35.336,410.028,410.028,6900.0
0.9089,37.196,34.583,410.369,410.369,6900.0
0.909,36.044,33.915,410.658,410.658,6900.0
0.9091,34.699,33.079,410.903,410.903,6900.0
0.9092,33.208,32.118,411.1,411.1,6900.0
0.9093,31.815,31.276,411.243,411.243,6900.0
0.9094,30.344,30.373,411.335,411.335,6900.0
0.9095,29.061,29.673,411.376,411.376,6900.0
0.9096,27.554,28.765,411.38,411.38,6900.0
0.9097,25.845,27.663,411.344,411.344,6900.0
0.9098,24.01,26.445,411.247,411.247,6900.0
0.9099,22.215,25.274,411.076,411.076,6900.0
0.91,20.723,24.409,410.846,410.846,6900.0
0.9101,19.311,23.625,410.578,410.578,6900.0
0.9102,17.725,22.666,410.283,410.283,6900.0
0.9103,15.604,21.168,409.942,409.942,6900.0
0.9104,13.879,20.061,409.535,409.535,6900.0
0.9105,12.183,18.973,409.086,409.086,6900.0
0.9106,10.633,18.021,408.601,408.601,6900.0
0.9107,9.017,16.989,408.093,408.093,6900.0
0.9108,7.018,15.558,407.555,407.555,6900.0
0.9109,5.177,14.267,406.981,406.981,6900.0
0.911,3.44,13.061,406.382,406.382,6900.0
0.9111,1.627,11.756,405.758,405.758,6900.0
0.9112,0.003,10.616,405.115,405.115,6900.0
0.9113,-0.0,11.071,404.463,404.463,6900.0
0.9114,-0.0,11.501,403.809,403.809,6900.0
0.9115,-0.0,11.901,403.152,403.152,6900.0
0.9116,-0.0,12.27,402.494,402.494,6900.0
0.9117,-0.0,12.607,401.835,401.835,6900.0
0.9118,-0.0,12.91,401.174,401.174,6900.0
0.9119,-0.0,13.177,400.512,400.512,6900.0
0.912,0.0,13.409,399.848,399.848,6900.0
0.9121,-0.922,12.681,399.184,399.184,6900.0
0.9122,-4.082,9.677,398.518,398.518,6900.0
0.9123,-8.171,5.706,397.852,397.852,6900.0
0.9124,-12.463,1.493,397.184,397.184,6900.0
0.9125,-17.789,-3.794,396.515,396.515,6900.0
0.9126,-20.201,-6.206,395.892,395.892,6900.0
0.9127,-21.851,-7.895,395.315,395.315,6900.0
0.9128,-23.111,-9.234,394.78,394.78,6900.0
0.9129,-24.315,-10.556,394.273,394.273,6900.0
0.913,-25.788,-12.185,393.806,393.806,6900.0
0.9131,-27.159,-13.75,393.4,393.4,6900.0
0.9132,-28.513,-15.335,393.068,393.068,6900.0
0.9133,-29.057,-16.147,392.802,392.802,6900.0
0.9134,-29.632,-17.025,392.54,392.54,6900.0
0.9135,-30.659,-18.388,392.28,392.28,6900.0
0.9136,-31.753,-19.852,392.049,392.049,6900.0
0.9137,-32.774,-21.273,391.868,391.868,6900.0
0.9138,-33.546,-22.475,391.733,391.733,6900.0
0.9139,-34.031,-23.418,391.624,391.624,6900.0
0.914,-34.752,-24.622,391.539,391.539,6900.0
0.9141,-35.686,-26.065,391.498,391.498,6900.0
0.9142,-36.386,-27.296,391.526,391.526,6900.0
0.9143,-36.936,-28.396,391.619,391.619,6900.0
0.9144,-37.374,-29.403,391.773,391.773,6900.0
0.9145,-37.665,-30.278,391.98,391.98,6900.0
0.9146,-37.926,-31.136,392.223,392.223,6900.0
0.9147,-38.048,-31.867,392.489,392.489,6900.0
0.9148,-38.234,-32.669,392.771,392.771,6900.0
0.9149,-38.625,-33.684,393.068,393.068,6900.0
0.915,-38.69,-34.376,393.394,393.394,6900.0
0.9151,-38.796,-35.11,393.727,393.727,6900.0
0.9152,-38.844,-35.785,394.062,394.062,6900.0
0.9153,-39.185,-36.75,394.415,394.415,6900.0
0.9154,-39.566,-37.747,394.801,394.801,6900.0
0.9155,-39.639,-38.429,395.248,395.248,6900.0
0.9156,-39.465,-38.852,395.729,395.729,6900.0
0.9157,-39.294,-39.266,396.216,396.216,6900.0
0.9158,-39.309,-39.849,396.725,396.725,6900.0
0.9159,-39.079,-40.17,397.252,397.252,6900.0
0.916,-39.001,-40.622,397.805,397.805,6900.0
0.9161,-38.48,-40.609,398.362,398.362,6900.0
0.9162,-38.148,-40.761,398.884,398.884,6900.0
0.9163,-37.875,-40.946,399.396,399.396,6900.0
0.9164,-37.53,-41.031,399.889,399.889,6900.0
0.9165,-37.509,-41.411,400.376,400.376,6900.0
0.9166,-37.14,-41.411,400.87,400.87,6900.0
0.9167,-36.966,-41.573,401.343,401.343,6900.0
0.9168,-36.74,-41.65,401.831,401.831,6900.0
0.9169,-36.389,-41.567,402.317,402.317,6900.0
0.917,-36.264,-41.673,402.807,402.807,6900.0
0.9171,-35.863,-41.466,403.311,403.311,6900.0
0.9172,-35.529,-41.288,403.798,403.798,6900.0
0.9173,-35.093,-40.97,404.286,404.286,6900.0
0.9174,-34.455,-40.411,404.748,404.748,6900.0
0.9175,-34.376,-40.371,405.168,405.168,6900.0
0.9176,-34.038,-40.033,405.579,405.579,6900.0
0.9177,-33.861,-39.816,405.956,405.956,6900.0
0.9178,-33.476,-39.353,406.325,406.325,6900.0
0.9179,-33.163,-38.923,406.666,406.666,6900.0
0.918,-33.032,-38.634,406.977,406.977,6900.0
0.9181,-32.747,-38.156,407.284,407.284,6900.0
0.9182,-32.648,-37.825,407.578,407.578,6900.0
0.9183,-32.462,-37.372,407.876,407.876,6900.0
0.9184,-32.056,-36.664,408.163,408.163,6900.0
0.9185,-31.617,-35.888,408.423,408.423,6900.0
0.9186,-31.387,-35.289,408.659,408.659,6900.0
0.9187,-30.983,-34.484,408.875,408.875,6900.0
0.9188,-30.574,-33.645,409.066,409.066,6900.0
0.9189,-30.146,-32.759,409.226,409.226,6900.0
0.919,-29.859,-31.988,409.351,409.351,6900.0
0.9191,-29.425,-31.046,409.444,409.444,6900.0
0.9192,-29.133,-30.224,409.5,409.5,6900.0
0.9193,-28.835,-29.375,409.525,409.525,6900.0
0.9194,-28.523,-28.495,409.53,409.53,6900.0
0.9195,-28.321,-27.709,409.52,409.52,6900.0
0.9196,-27.943,-26.733,409.495,409.495,6900.0
0.9197,-27.264,-25.445,409.44,409.44,6900.0
0.9198,-26.945,-24.509,409.346,409.346,6900.0
0.9199,-26.696,-23.637,409.232,409.232,6900.0
0.92,-26.597,-22.911,409.109,409.109,6900.0
0.9201,-25.766,-21.452,408.975,408.975,6900.0
0.9202,-24.886,-19.945,408.779,408.779,6900.0
0.9203,-24.498,-18.933,408.519,408.519,6900.0
0.9204,-24.282,-18.101,408.225,408.225,6900.0
0.9205,-24.078,-17.288,407.918,407.918,6900.0
0.9206,-23.533,-16.146,407.603,407.603,6900.0
0.9207,-22.525,-14.554,407.256,407.256,6900.0
0.9208,-22.057,-13.517,406.866,406.866,6900.0
0.9209,-21.422,-12.332,406.46,406.46,6900.0
0.921,-20.94,-11.319,406.035,406.035,6900.0
0.9211,-19.972,-9.843,405.601,405.601,6900.0
0.9212,-18.913,-8.3,405.133,405.133,6900.0
0.9213,-18.04,-6.969,404.627,404.627,6900.0
0.9214,-17.132,-5.631,404.093,404.093,6900.0
0.9215,-16.379,-4.478,403.529,403.529,6900.0
0.9216,-15.407,-3.136,402.943,402.943,6900.0
0.9217,-14.424,-1.817,402.334,402.334,6900.0
0.9218,-13.71,-0.8,401.703,401.703,6900.0
0.9219,-13.155,0.023,401.056,401.056,6900.0
0.922,-12.597,0.811,400.396,400.396,6900.0
0.9221,0.0,13.603,399.773,399.773,6900.0
0.9222,-0.0,13.759,399.108,399.108,6900.0
0.9223,-0.0,13.877,398.443,398.443,6900.0
0.9224,-0.0,13.955,397.776,397.776,6900.0
0.9225,-0.0,13.995,397.109,397.109,6900.0
0.9226,-0.0,13.995,396.442,396.442,6900.0
0.9227,-0.0,13.955,395.775,395.775,6900.0
0.9228,0.011,13.888,395.107,395.107,6900.0
0.9229,0.087,13.846,394.44,394.44,6900.0
0.923,0.227,13.829,393.774,393.774,6900.0
0.9231,0.594,14.003,393.11,393.11,6900.0
0.9232,1.127,14.305,392.452,392.452,6900.0
0.9233,2.478,15.388,391.802,391.802,6900.0
0.9234,4.162,16.77,391.17,391.17,6900.0
0.9235,5.961,18.231,390.563,390.563,6900.0
0.9236,7.551,19.452,389.988,389.988,6900.0
0.9237,8.905,20.406,389.439,389.439,6900.0
0.9238,10.648,21.719,388.912,388.912,6900.0
0.9239,12.412,23.025,388.42,388.42,6900.0
0.924,14.27,24.399,387.975,387.975,6900.0
0.9241,15.807,25.428,387.589,387.589,6900.0
0.9242,17.337,26.427,387.254,387.254,6900.0
0.9243,18.936,27.476,386.968,386.968,6900.0
0.9244,20.481,28.452,386.733,386.733,6900.0
0.9245,21.93,29.318,386.544,386.544,6900.0
0.9246,23.435,30.225,386.399,386.399,6900.0
0.9247,24.947,31.129,386.294,386.294,6900.0
0.9248,26.507,32.071,386.234,386.234,6900.0
0.9249,28.128,33.069,386.217,386.217,6900.0
0.925,29.546,33.86,386.244,386.244,6900.0
0.9251,31.368,35.054,386.313,386.313,6900.0
0.9252,32.987,36.046,386.452,386.452,6900.0
0.9253,34.572,37.008,386.671,386.671,6900.0
0.9254,35.848,37.666,386.973,386.973,6900.0
0.9255,36.966,38.176,387.334,387.334,6900.0
0.9256,38.234,38.847,387.74,387.74,6900.0
0.9257,39.335,39.363,388.209,388.209,6900.0
0.9258,40.648,40.108,388.729,388.729,6900.0
0.9259,41.57,40.48,389.31,389.31,6900.0
0.926,42.328,40.708,389.91,389.91,6900.0
0.9261,43.22,41.091,390.519,390.519,6900.0
0.9262,44.091,41.478,391.152,391.152,6900.0
0.9263,45.094,42.023,391.805,391.805,6900.0
0.9264,45.814,42.313,392.511,392.511,6900.0
0.9265,46.314,42.412,393.242,393.242,6900.0
0.9266,46.994,42.723,393.999,393.999,6900.0
0.9267,47.424,42.817,394.801,394.801,6900.0
0.9268,47.727,42.817,395.623,395.623,6900.0
0.9269,48.104,42.927,396.488,396.488,6900.0
0.927,48.13,42.722,397.369,397.369,6900.0
0.9271,48.314,42.711,398.256,398.256,6900.0
0.9272,48.074,42.315,399.147,399.147,6900.0
0.9273,47.89,42.014,399.995,399.995,6900.0
0.9274,47.983,42.027,400.823,400.823,6900.0
0.9275,47.735,41.74,401.63,401.63,6900.0
0.9276,47.649,41.654,402.422,402.422,6900.0
0.9277,47.273,41.318,403.201,403.201,6900.0
0.9278,46.7,40.824,403.947,403.947,6900.0
0.9279,46.556,40.797,404.665,404.665,6900.0
0.928,45.961,40.358,405.381,405.381,6900.0
0.9281,45.48,40.071,406.092,406.092,6900.0
0.9282,44.617,39.439,406.792,406.792,6900.0
0.9283,43.556,38.646,407.45,407.45,6900.0
0.9284,42.701,38.094,408.052,408.052,6900.0
0.9285,41.803,37.532,408.609,408.609,6900.0
0.9286,40.84,36.939,409.125,409.125,6900.0
0.9287,39.606,36.105,409.592,409.592,6900.0
0.9288,38.304,35.233,409.995,409.995,6900.0
0.9289,37.26,34.647,410.331,410.331,6900.0
0.929,35.933,33.804,410.62,410.62,6900.0
0.9291,34.695,33.075,410.857,410.857,6900.0
0.9292,33.391,32.3,411.049,411.049,6900.0
0.9293,32.026,31.486,411.2,411.2,6900.0
0.9294,30.426,30.455,411.31,411.31,6900.0
0.9295,28.964,29.577,411.365,411.365,6900.0
0.9296,27.327,28.537,411.359,411.359,6900.0
0.9297,25.873,27.692,411.3,411.3,6900.0
0.9298,24.361,26.797,411.197,411.197,6900.0
0.9299,22.79,25.849,411.057,411.057,6900.0
0.93,20.732,24.417,410.86,410.86,6900.0
0.9301,19.03,23.344,410.583,410.583,6900.0
0.9302,17.585,22.526,410.254,410.254,6900.0
0.9303,16.208,21.772,409.891,409.891,6900.0
0.9304,14.632,20.814,409.508,409.508,6900.0
0.9305,12.543,19.333,409.088,409.088,6900.0
0.9306,10.555,17.942,408.616,408.616,6900.0
0.9307,8.85,16.821,408.107,408.107,6900.0
0.9308,7.15,15.69,407.566,407.566,6900.0
0.9309,5.485,14.575,407.002,407.002,6900.0
0.931,3.465,13.085,406.408,406.408,6900.0
0.9311,1.416,11.545,405.785,405.785,6900.0
0.9312,0.002,10.615,405.14,405.14,6900.0
0.9313,-0.0,11.071,404.487,404.487,6900.0
0.9314,-0.0,11.501,403.833,403.833,6900.0
0.9315,-0.0,11.901,403.176,403.176,6900.0
0.9316,-0.0,12.27,402.518,402.518,6900.0
0.9317,-0.0,12.607,401.859,401.859,6900.0
0.9318,-0.0,12.91,401.198,401.198,6900.0
0.9319,-0.0,13.177,400.536,400.536,6900.0
0.932,-0.0,13.408,399.872,399.872,6900.0
0.9321,-0.256,13.347,399.208,399.208,6900.0
0.9322,-2.088,11.672,398.542,398.542,6900.0
0.9323,-5.332,8.545,397.876,397.876,6900.0
0.9324,-10.639,3.317,397.208,397.208,6900.0
0.9325,-17.337,-3.342,396.539,396.539,6900.0
0.9326,-19.878,-5.883,395.921,395.921,6900.0
0.9327,-21.556,-7.6,395.338,395.338,6900.0
0.9328,-23.018,-9.141,394.793,394.793,6900.0
0.9329,-24.519,-10.759,394.304,394.304,6900.0
0.933,-25.553,-11.95,393.87,393.87,6900.0
0.9331,-26.556,-13.147,393.46,393.46,6900.0
0.9332,-27.839,-14.662,393.08,393.08,6900.0
0.9333,-28.958,-16.048,392.752,392.752,6900.0
0.9334,-30.183,-17.576,392.484,392.484,6900.0
0.9335,-30.795,-18.524,392.271,392.271,6900.0
0.9336,-31.266,-19.364,392.062,392.062,6900.0
0.9337,-32.201,-20.7,391.854,391.854,6900.0
0.9338,-33.345,-22.274,391.677,391.677,6900.0
0.9339,-34.314,-23.7,391.559,391.559,6900.0
0.934,-35.072,-24.943,391.498,391.498,6900.0
0.9341,-35.604,-25.983,391.487,391.487,6900.0
0.9342,-36.131,-27.041,391.522,391.522,6900.0
0.9343,-36.729,-28.189,391.606,391.606,6900.0
0.9344,-37.199,-29.228,391.745,391.745,6900.0
0.9345,-37.544,-30.157,391.935,391.935,6900.0
0.9346,-37.874,-31.084,392.164,392.164,6900.0
0.9347,-38.135,-31.953,392.427,392.427,6900.0
0.9348,-38.254,-32.689,392.711,392.711,6900.0
0.9349,-38.28,-33.339,393.001,393.001,6900.0
0.935,-38.679,-34.364,393.298,393.298,6900.0
0.9351,-38.936,-35.25,393.619,393.619,6900.0
0.9352,-39.246,-36.187,393.976,393.976,6900.0
0.9353,-39.167,-36.732,394.362,394.362,6900.0
0.9354,-39.167,-37.349,394.756,394.756,6900.0
0.9355,-39.417,-38.207,395.177,395.177,6900.0
0.9356,-39.494,-38.882,395.635,395.635,6900.0
0.9357,-39.454,-39.426,396.145,396.145,6900.0
0.9358,-39.053,-39.593,396.679,396.679,6900.0
0.9359,-38.926,-40.017,397.197,397.197,6900.0
0.936,-38.785,-40.406,397.726,397.726,6900.0
0.9361,-38.418,-40.547,398.249,398.249,6900.0
0.9362,-38.33,-40.943,398.774,398.774,6900.0
0.9363,-37.796,-40.867,399.299,399.299,6900.0
0.9364,-37.604,-41.105,399.786,399.786,6900.0
0.9365,-37.408,-41.31,400.274,400.274,6900.0
0.9366,-37.186,-41.457,400.753,400.753,6900.0
0.9367,-37.182,-41.789,401.239,401.239,6900.0
0.9368,-36.731,-41.641,401.743,401.743,6900.0
0.9369,-36.55,-41.728,402.231,402.231,6900.0
0.937,-36.256,-41.665,402.737,402.737,6900.0
0.9371,-35.744,-41.347,403.235,403.235,6900.0
0.9372,-35.62,-41.379,403.715,403.715,6900.0
0.9373,-35.062,-40.939,404.196,404.196,6900.0
0.9374,-34.807,-40.763,404.644,404.644,6900.0
0.9375,-34.356,-40.351,405.083,405.083,6900.0
0.9376,-34.006,-40.001,405.489,405.489,6900.0
0.9377,-33.814,-39.77,405.859,405.859,6900.0
0.9378,-33.486,-39.363,406.22,406.22,6900.0
0.9379,-33.407,-39.166,406.555,406.555,6900.0
0.938,-33.229,-38.832,406.892,406.892,6900.0
0.9381,-32.737,-38.146,407.218,407.218,6900.0
0.9382,-32.539,-37.717,407.513,407.513,6900.0
0.9383,-32.41,-37.32,407.804,407.804,6900.0
0.9384,-32.164,-36.772,408.083,408.083,6900.0
0.9385,-31.748,-36.018,408.356,408.356,6900.0
0.9386,-31.346,-35.247,408.602,408.602,6900.0
0.9387,-30.977,-34.479,408.815,408.815,6900.0
0.9388,-30.586,-33.657,408.998,408.998,6900.0
0.9389,-30.258,-32.871,409.148,409.148,6900.0
0.939,-29.94,-32.069,409.269,409.269,6900.0
0.9391,-29.677,-31.298,409.363,409.363,6900.0
0.9392,-29.443,-30.533,409.433,409.433,6900.0
0.9393,-28.936,-29.476,409.481,409.481,6900.0
0.9394,-28.483,-28.454,409.495,409.495,6900.0
0.9395,-28.352,-27.739,409.477,409.477,6900.0
0.9396,-28.048,-26.838,409.447,409.447,6900.0
0.9397,-27.832,-26.013,409.404,409.404,6900.0
0.9398,-27.174,-24.738,409.348,409.348,6900.0
0.9399,-26.5,-23.441,409.246,409.246,6900.0
0.94,-26.24,-22.554,409.094,409.094,6900.0
0.9401,-26.008,-21.694,408.919,408.919,6900.0
0.9402,-25.833,-20.892,408.735,408.735,6900.0
0.9403,-25.026,-19.461,408.54,408.54,6900.0
0.9404,-24.032,-17.85,408.29,408.29,6900.0
0.9405,-23.73,-16.94,407.979,407.979,6900.0
0.9406,-23.259,-15.872,407.637,407.637,6900.0
0.9407,-23.17,-15.198,407.274,407.274,6900.0
0.9408,-22.392,-13.852,406.904,406.904,6900.0
0.9409,-21.368,-12.278,406.501,406.501,6900.0
0.941,-20.89,-11.27,406.059,406.059,6900.0
0.9411,-20.019,-9.89,405.601,405.601,6900.0
0.9412,-19.42,-8.807,405.123,405.123,6900.0
0.9413,-18.538,-7.467,404.631,404.631,6900.0
0.9414,-17.364,-5.863,404.113,404.113,6900.0
0.9415,-16.347,-4.445,403.563,403.563,6900.0
0.9416,-15.457,-3.186,402.985,402.985,6900.0
0.9417,-14.512,-1.905,402.382,402.382,6900.0
0.9418,-13.87,-0.96,401.756,401.756,6900.0
0.9419,-13.267,-0.09,401.112,401.112,6900.0
0.942,-12.718,0.691,400.452,400.452,6900.0
0.9421,-0.0,13.603,399.828,399.828,6900.0
0.9422,-0.0,13.759,399.164,399.164,6900.0
0.9423,-0.0,13.877,398.499,398.499,6900.0
0.9424,-0.0,13.955,397.833,397.833,6900.0
0.9425,-0.0,13.995,397.166,397.166,6900.0
0.9426,-0.0,13.995,396.498,396.498,6900.0
0.9427,-0.0,13.955,395.831,395.831,6900.0
0.9428,-0.0,13.877,395.163,395.163,6900.0
0.9429,0.021,13.78,394.496,394.496,6900.0
0.943,0.184,13.786,393.829,393.829,6900.0
0.9431,0.613,14.022,393.163,393.163,6900.0
0.9432,1.818,14.995,392.507,392.507,6900.0
0.9433,2.931,15.841,391.87,391.87,6900.0
0.9434,3.985,16.593,391.247,391.247,6900.0
0.9435,5.441,17.712,390.636,390.636,6900.0
0.9436,7.283,19.184,390.046,390.046,6900.0
0.9437,9.165,20.667,389.489,389.489,6900.0
0.9438,10.833,21.904,388.974,388.974,6900.0
0.9439,12.226,22.839,388.497,388.497,6900.0
0.944,13.848,23.977,388.052,388.052,6900.0
0.9441,15.611,25.232,387.651,387.651,6900.0
0.9442,17.357,26.448,387.302,387.302,6900.0
0.9443,18.931,27.471,387.012,387.012,6900.0
0.9444,20.378,28.349,386.774,386.774,6900.0
0.9445,21.883,29.27,386.583,386.583,6900.0
0.9446,23.401,30.191,386.436,386.436,6900.0
0.9447,24.918,31.099,386.331,386.331,6900.0
0.9448,26.46,32.024,386.267,386.267,6900.0
0.9449,28.027,32.968,386.248,386.248,6900.0
0.945,29.77,34.084,386.282,386.282,6900.0
0.9451,31.31,34.996,386.378,386.378,6900.0
0.9452,32.709,35.768,386.524,386.524,6900.0
0.9453,34.317,36.753,386.723,386.723,6900.0
0.9454,35.749,37.567,386.996,386.996,6900.0
0.9455,37.21,38.42,387.348,387.348,6900.0
0.9456,38.462,39.075,387.777,387.777,6900.0
0.9457,39.354,39.383,388.255,388.255,6900.0
0.9458,40.449,39.909,388.764,388.764,6900.0
0.9459,41.408,40.318,389.317,389.317,6900.0
0.946,42.569,40.948,389.903,389.903,6900.0
0.9461,43.37,41.241,390.54,390.54,6900.0
0.9462,43.949,41.336,391.19,391.19,6900.0
0.9463,44.92,41.849,391.847,391.847,6900.0
0.9464,45.571,42.069,392.543,392.543,6900.0
0.9465,46.465,42.563,393.257,393.257,6900.0
0.9466,46.953,42.682,394.035,394.035,6900.0
0.9467,47.307,42.7,394.836,394.836,6900.0
0.9468,47.937,43.027,395.661,395.661,6900.0
0.9469,48.091,42.913,396.528,396.528,6900.0
0.947,48.249,42.84,397.389,397.389,6900.0
0.9471,48.333,42.73,398.273,398.273,6900.0
0.9472,48.215,42.455,399.149,399.149,6900.0
0.9473,48.187,42.31,400.015,400.015,6900.0
0.9474,47.941,41.986,400.869,400.869,6900.0
0.9475,47.639,41.644,401.679,401.679,6900.0
0.9476,47.609,41.614,402.463,402.463,6900.0
0.9477,47.204,41.248,403.232,403.232,6900.0
0.9478,46.993,41.116,403.989,403.989,6900.0
0.9479,46.447,40.688,404.742,404.742,6900.0
0.948,45.755,40.152,405.458,405.458,6900.0
0.9481,45.242,39.833,406.146,406.146,6900.0
0.9482,44.498,39.321,406.815,406.815,6900.0
0.9483,43.865,38.955,407.467,407.467,6900.0
0.9484,42.766,38.159,408.095,408.095,6900.0
0.9485,41.659,37.388,408.663,408.663,6900.0
0.9486,40.701,36.8,409.168,409.168,6900.0
0.9487,39.587,36.086,409.622,409.622,6900.0
0.9488,38.551,35.48,410.024,410.024,6900.0
0.9489,37.302,34.689,410.378,410.378,6900.0
0.949,36.11,33.981,410.678,410.678,6900.0
0.9491,34.813,33.192,410.925,410.925,6900.0
0.9492,33.5,32.41,411.121,411.121,6900.0
0.9493,32.01,31.47,411.265,411.265,6900.0
0.9494,30.596,30.625,411.361,411.361,6900.0
0.9495,29.168,29.781,411.416,411.416,6900.0
0.9496,27.558,28.769,411.432,411.432,6900.0
0.9497,25.785,27.604,411.391,411.391,6900.0
0.9498,24.175,26.611,411.278,411.278,6900.0
0.9499,22.613,25.672,411.113,411.113,6900.0
0.95,21.132,24.818,410.905,410.905,6900.0
0.9501,19.612,23.926,410.665,410.665,6900.0
0.9502,17.406,22.348,410.374,410.374,6900.0
0.9503,15.62,21.185,410.007,410.007,6900.0
0.9504,14.148,20.33,409.592,409.592,6900.0
0.9505,12.752,19.542,409.145,409.145,6900.0
0.9506,11.1,18.488,408.678,408.678,6900.0
0.9507,8.981,16.953,408.179,408.179,6900.0
0.9508,7.171,15.711,407.639,407.639,6900.0
0.9509,5.466,14.556,407.071,407.071,6900.0
0.951,3.703,13.324,406.477,406.477,6900.0
0.9511,1.924,12.053,405.86,405.86,6900.0
0.9512,-0.0,10.613,405.221,405.221,6900.0
0.9513,-0.0,11.071,404.569,404.569,6900.0
0.9514,-0.0,11.501,403.915,403.915,6900.0
0.9515,-0.0,11.901,403.259,403.259,6900.0
0.9516,-0.0,12.27,402.601,402.601,6900.0
0.9517,-0.0,12.607,401.941,401.941,6900.0
0.9518,-0.0,12.91,401.28,401.28,6900.0
0.9519,-0.0,13.177,400.618,400.618,6900.0
0.952,-0.005,13.403,399.955,399.955,6900.0
0.9521,0.0,13.603,399.291,399.291,6900.0
0.9522,-2.172,11.587,398.626,398.626,6900.0
0.9523,-4.871,9.006,397.959,397.959,6900.0
0.9524,-8.85,5.106,397.292,397.292,6900.0
0.9525,-14.139,-0.144,396.623,396.623,6900.0
0.9526,-19.643,-5.648,395.975,395.975,6900.0
0.9527,-21.328,-7.372,395.398,395.398,6900.0
0.9528,-22.537,-8.66,394.847,394.847,6900.0
0.9529,-24.232,-10.473,394.329,394.329,6900.0
0.953,-25.672,-12.069,393.866,393.866,6900.0
0.9531,-27.133,-13.724,393.473,393.473,6900.0
0.9532,-27.879,-14.702,393.147,393.147,6900.0
0.9533,-28.653,-15.743,392.834,392.834,6900.0
0.9534,-29.63,-17.023,392.537,392.537,6900.0
0.9535,-30.772,-18.501,392.277,392.277,6900.0
0.9536,-31.968,-20.067,392.074,392.074,6900.0
0.9537,-32.601,-21.1,391.921,391.921,6900.0
0.9538,-33.002,-21.931,391.781,391.781,6900.0
0.9539,-33.802,-23.189,391.647,391.647,6900.0
0.954,-34.668,-24.539,391.549,391.549,6900.0
0.9541,-35.589,-25.968,391.507,391.507,6900.0
0.9542,-36.176,-27.086,391.53,391.53,6900.0
0.9543,-36.642,-28.102,391.611,391.611,6900.0
0.9544,-37.179,-29.208,391.742,391.742,6900.0
0.9545,-37.462,-30.075,391.925,391.925,6900.0
0.9546,-37.79,-31.0,392.146,392.146,6900.0
0.9547,-37.981,-31.799,392.403,392.403,6900.0
0.9548,-38.199,-32.635,392.687,392.687,6900.0
0.9549,-38.399,-33.457,392.996,392.996,6900.0
0.955,-38.496,-34.181,393.318,393.318,6900.0
0.9551,-38.6,-34.914,393.638,393.638,6900.0
0.9552,-38.969,-35.91,393.968,393.968,6900.0
0.9553,-39.18,-36.744,394.327,394.327,6900.0
0.9554,-39.311,-37.493,394.731,394.731,6900.0
0.9555,-39.303,-38.093,395.164,395.164,6900.0
0.9556,-39.139,-38.526,395.608,395.608,6900.0
0.9557,-39.267,-39.239,396.078,396.078,6900.0
0.9558,-39.343,-39.883,396.574,396.574,6900.0
0.9559,-39.187,-40.278,397.117,397.117,6900.0
0.956,-38.84,-40.461,397.671,397.671,6900.0
0.9561,-38.382,-40.511,398.204,398.204,6900.0
0.9562,-38.203,-40.816,398.728,398.728,6900.0
0.9563,-37.921,-40.992,399.238,399.238,6900.0
0.9564,-37.81,-41.311,399.747,399.747,6900.0
0.9565,-37.452,-41.354,400.252,400.252,6900.0
0.9566,-37.126,-41.397,400.732,400.732,6900.0
0.9567,-36.92,-41.527,401.213,401.213,6900.0
0.9568,-36.566,-41.476,401.691,401.691,6900.0
0.9569,-36.632,-41.81,402.169,402.169,6900.0
0.957,-36.172,-41.581,402.671,402.671,6900.0
0.9571,-35.966,-41.569,403.157,403.157,6900.0
0.9572,-35.607,-41.366,403.654,403.654,6900.0
0.9573,-35.022,-40.899,404.135,404.135,6900.0
0.9574,-34.89,-40.845,404.583,404.583,6900.0
0.9575,-34.391,-40.386,405.025,405.025,6900.0
0.9576,-34.117,-40.112,405.43,405.43,6900.0
0.9577,-33.805,-39.761,405.825,405.825,6900.0
0.9578,-33.442,-39.319,406.189,406.189,6900.0
0.9579,-33.301,-39.06,406.519,406.519,6900.0
0.958,-33.057,-38.66,406.842,406.842,6900.0
0.9581,-33.023,-38.432,407.152,407.152,6900.0
0.9582,-32.723,-37.901,407.469,407.469,6900.0
0.9583,-32.391,-37.301,407.77,407.77,6900.0
0.9584,-32.101,-36.708,408.046,408.046,6900.0
0.9585,-31.715,-35.985,408.31,408.31,6900.0
0.9586,-31.52,-35.422,408.548,408.548,6900.0
0.9587,-31.187,-34.688,408.771,408.771,6900.0
0.9588,-30.744,-33.815,408.967,408.967,6900.0
0.9589,-30.243,-32.857,409.127,409.127,6900.0
0.959,-29.928,-32.057,409.252,409.252,6900.0
0.9591,-29.615,-31.236,409.345,409.345,6900.0
0.9592,-29.297,-30.388,409.41,409.41,6900.0
0.9593,-29.075,-29.615,409.452,409.452,6900.0
0.9594,-28.891,-28.862,409.479,409.479,6900.0
0.9595,-28.467,-27.854,409.486,409.486,6900.0
0.9596,-27.955,-26.745,409.46,409.46,6900.0
0.9597,-27.688,-25.87,409.399,409.399,6900.0
0.9598,-27.454,-25.018,409.318,409.318,6900.0
0.9599,-27.106,-24.047,409.229,409.229,6900.0
0.96,-26.383,-22.698,409.122,409.122,6900.0
0.9601,-25.551,-21.237,408.96,408.96,6900.0
0.9602,-25.304,-20.363,408.74,408.74,6900.0
0.9603,-25.139,-19.575,408.493,408.493,6900.0
0.9604,-24.993,-18.812,408.238,408.238,6900.0
0.9605,-24.153,-17.363,407.979,407.979,6900.0
0.9606,-23.161,-15.774,407.675,407.675,6900.0
0.9607,-22.696,-14.725,407.319,407.319,6900.0
0.9608,-22.082,-13.542,406.938,406.938,6900.0
0.9609,-21.685,-12.594,406.535,406.535,6900.0
0.961,-20.978,-11.358,406.119,406.119,6900.0
0.9611,-20.056,-9.927,405.671,405.671,6900.0
0.9612,-19.26,-8.647,405.185,405.185,6900.0
0.9613,-18.335,-7.264,404.675,404.675,6900.0
0.9614,-17.62,-6.118,404.138,404.138,6900.0
0.9615,-16.574,-4.672,403.584,403.584,6900.0
0.9616,-15.573,-3.302,403.005,403.005,6900.0
0.9617,-14.672,-2.064,402.403,402.403,6900.0
0.9618,-13.885,-0.975,401.781,401.781,6900.0
0.9619,-14.213,-1.036,401.134,401.134,6900.0
0.962,-12.587,0.822,400.487,400.487,6900.0
0.9621,-10.345,3.258,399.832,399.832,6900.0
0.9622,-0.0,13.759,399.198,399.198,6900.0
0.9623,-0.0,13.877,398.532,398.532,6900.0
0.9624,-0.0,13.955,397.866,397.866,6900.0
0.9625,-0.0,13.995,397.199,397.199,6900.0
0.9626,-0.0,13.995,396.532,396.532,6900.0
0.9627,-0.0,13.955,395.865,395.865,6900.0
0.9628,-0.0,13.877,395.197,395.197,6900.0
0.9629,0.135,13.894,394.53,394.53,6900.0
0.963,0.16,13.763,393.864,393.864,6900.0
0.9631,0.165,13.574,393.198,393.198,6900.0
0.9632,1.217,14.394,392.535,392.535,6900.0
0.9633,2.611,15.521,391.887,391.887,6900.0
0.9634,4.31,16.918,391.258,391.258,6900.0
0.9635,5.856,18.127,390.658,390.658,6900.0
0.9636,6.973,18.874,390.078,390.078,6900.0
0.9637,8.628,20.129,389.512,389.512,6900.0
0.9638,10.543,21.614,388.974,388.974,6900.0
0.9639,12.478,23.092,388.48,388.48,6900.0
0.964,14.112,24.241,388.042,388.042,6900.0
0.9641,15.696,25.317,387.652,387.652,6900.0
0.9642,17.249,26.34,387.311,387.311,6900.0
0.9643,18.87,27.41,387.021,387.021,6900.0
0.9644,20.453,28.424,386.785,386.785,6900.0
0.9645,21.937,29.324,386.599,386.599,6900.0
0.9646,23.37,30.16,386.457,386.457,6900.0
0.9647,24.916,31.097,386.356,386.356,6900.0
0.9648,26.471,32.035,386.292,386.292,6900.0
0.9649,27.903,32.844,386.267,386.267,6900.0
0.965,29.604,33.918,386.279,386.279,6900.0
0.9651,31.221,34.907,386.347,386.347,6900.0
0.9652,33.039,36.098,386.486,386.486,6900.0
0.9653,34.434,36.869,386.707,386.707,6900.0
0.9654,35.693,37.512,386.991,386.991,6900.0
0.9655,37.114,38.324,387.332,387.332,6900.0
0.9656,38.203,38.816,387.749,387.749,6900.0
0.9657,39.585,39.613,388.227,388.227,6900.0
0.9658,40.474,39.934,388.778,388.778,6900.0
0.9659,41.294,40.203,389.353,389.353,6900.0
0.966,42.273,40.652,389.939,389.939,6900.0
0.9661,43.101,40.972,390.551,390.551,6900.0
0.9662,44.032,41.419,391.176,391.176,6900.0
0.9663,44.922,41.851,391.839,391.839,6900.0
0.9664,45.543,42.042,392.521,392.521,6900.0
0.9665,46.481,42.58,393.223,393.223,6900.0
0.9666,46.918,42.647,393.979,393.979,6900.0
0.9667,47.454,42.846,394.756,394.756,6900.0
0.9668,47.937,43.027,395.593,395.593,6900.0
0.9669,48.156,42.979,396.461,396.461,6900.0
0.967,48.304,42.895,397.354,397.354,6900.0
0.9671,48.275,42.672,398.261,398.261,6900.0
0.9672,48.273,42.514,399.14,399.14,6900.0
0.9673,48.263,42.386,400.012,400.012,6900.0
0.9674,47.996,42.041,400.858,400.858,6900.0
0.9675,47.926,41.931,401.678,401.678,6900.0
0.9676,47.553,41.558,402.48,402.48,6900.0
0.9677,47.139,41.183,403.234,403.234,6900.0
0.9678,46.952,41.075,403.964,403.964,6900.0
0.9679,46.492,40.733,404.683,404.683,6900.0
0.968,46.199,40.596,405.402,405.402,6900.0
0.9681,45.584,40.175,406.123,406.123,6900.0
0.9682,44.548,39.37,406.816,406.816,6900.0
0.9683,43.897,38.987,407.464,407.464,6900.0
0.9684,42.954,38.347,408.086,408.086,6900.0
0.9685,41.977,37.707,408.673,408.673,6900.0
0.9686,40.859,36.957,409.211,409.211,6900.0
0.9687,39.686,36.185,409.683,409.683,6900.0
0.9688,38.477,35.406,410.085,410.085,6900.0
0.9689,37.357,34.744,410.425,410.425,6900.0
0.969,36.104,33.975,410.713,410.713,6900.0
0.9691,34.737,33.116,410.952,410.952,6900.0
0.9692,33.47,32.379,411.143,411.143,6900.0
0.9693,32.077,31.538,411.292,411.292,6900.0
0.9694,30.592,30.62,411.396,411.396,6900.0
0.9695,29.096,29.709,411.447,411.447,6900.0
0.9696,27.661,28.871,411.451,411.451,6900.0
0.9697,26.196,28.014,411.413,411.413,6900.0
0.9698,24.502,26.938,411.337,411.337,6900.0
0.9699,22.613,25.672,411.199,411.199,6900.0
0.97,20.762,24.448,410.984,410.984,6900.0
0.9701,19.311,23.625,410.709,410.709,6900.0
0.9702,17.851,22.792,410.397,410.397,6900.0
0.9703,16.281,21.845,410.059,410.059,6900.0
0.9704,14.186,20.367,409.68,409.68,6900.0
0.9705,12.363,19.153,409.241,409.241,6900.0
0.9706,10.771,18.159,408.763,408.763,6900.0
0.9707,9.257,17.229,408.253,408.253,6900.0
0.9708,7.523,16.063,407.721,407.721,6900.0
0.9709,5.532,14.622,407.16,407.16,6900.0
0.971,3.586,13.206,406.564,406.564,6900.0
0.9711,1.884,12.013,405.944,405.944,6900.0
0.9712,0.038,10.651,405.302,405.302,6900.0
0.9713,-0.0,11.071,404.651,404.651,6900.0
0.9714,-0.0,11.501,403.997,403.997,6900.0
0.9715,-0.0,11.901,403.341,403.341,6900.0
0.9716,-0.0,12.27,402.684,402.684,6900.0
0.9717,-0.0,12.607,402.025,402.025,6900.0
0.9718,-0.0,12.91,401.364,401.364,6900.0
0.9719,-0.0,13.177,400.702,400.702,6900.0
0.972,-0.003,13.406,400.039,400.039,6900.0
0.9721,0.0,13.603,399.375,399.375,6900.0
0.9722,-2.392,11.368,398.71,398.71,6900.0
0.9723,-6.4,7.477,398.043,398.043,6900.0
0.9724,-11.4,2.556,397.376,397.376,6900.0
0.9725,-16.662,-2.667,396.707,396.707,6900.0
0.9726,-20.412,-6.417,396.069,396.069,6900.0
0.9727,-21.423,-7.468,395.485,395.485,6900.0
0.9728,-22.958,-9.081,394.938,394.938,6900.0
0.9729,-24.149,-10.39,394.44,394.44,6900.0
0.973,-25.271,-11.668,393.971,393.971,6900.0
0.9731,-26.789,-13.38,393.54,393.54,6900.0
0.9732,-27.973,-14.795,393.173,393.173,6900.0
0.9733,-29.194,-16.284,392.875,392.875,6900.0
0.9734,-29.685,-17.077,392.638,392.638,6900.0
0.9735,-30.307,-18.036,392.4,392.4,6900.0
0.9736,-31.205,-19.304,392.163,392.163,6900.0
0.9737,-32.259,-20.757,391.952,391.952,6900.0
0.9738,-33.261,-22.19,391.79,391.79,6900.0
0.9739,-33.994,-23.381,391.679,391.679,6900.0
0.974,-34.605,-24.476,391.599,391.599,6900.0
0.9741,-35.396,-25.775,391.551,391.551,6900.0
0.9742,-36.068,-26.978,391.559,391.559,6900.0
0.9743,-36.693,-28.153,391.629,391.629,6900.0
0.9744,-37.092,-29.121,391.763,391.763,6900.0
0.9745,-37.574,-30.187,391.951,391.951,6900.0
0.9746,-37.874,-31.084,392.189,392.189,6900.0
0.9747,-38.049,-31.867,392.458,392.458,6900.0
0.9748,-38.15,-32.586,392.743,392.743,6900.0
0.9749,-38.432,-33.491,393.037,393.037,6900.0
0.975,-38.63,-34.316,393.347,393.347,6900.0
0.9751,-38.657,-34.971,393.681,393.681,6900.0
0.9752,-38.802,-35.743,394.021,394.021,6900.0
0.9753,-38.865,-36.429,394.368,394.368,6900.0
0.9754,-39.27,-37.451,394.738,394.738,6900.0
0.9755,-39.554,-38.344,395.148,395.148,6900.0
0.9756,-39.531,-38.918,395.621,395.621,6900.0
0.9757,-39.317,-39.288,396.126,396.126,6900.0
0.9758,-39.179,-39.719,396.633,396.633,6900.0
0.9759,-39.001,-40.091,397.159,397.159,6900.0
0.976,-38.91,-40.53,397.688,397.688,6900.0
0.9761,-38.766,-40.896,398.239,398.239,6900.0
0.9762,-38.092,-40.705,398.788,398.788,6900.0
0.9763,-37.814,-40.885,399.292,399.292,6900.0
0.9764,-37.581,-41.083,399.788,399.788,6900.0
0.9765,-37.359,-41.261,400.267,400.267,6900.0
0.9766,-37.269,-41.54,400.75,400.75,6900.0
0.9767,-36.896,-41.503,401.242,401.242,6900.0
0.9768,-36.761,-41.671,401.715,401.715,6900.0
0.9769,-36.541,-41.719,402.207,402.207,6900.0
0.977,-36.035,-41.444,402.699,402.699,6900.0
0.9771,-36.091,-41.694,403.184,403.184,6900.0
0.9772,-35.521,-41.28,403.687,403.687,6900.0
0.9773,-35.307,-41.184,404.162,404.162,6900.0
0.9774,-34.912,-40.868,404.636,404.636,6900.0
0.9775,-34.436,-40.431,405.082,405.082,6900.0
0.9776,-34.153,-40.148,405.489,405.489,6900.0
0.9777,-33.683,-39.638,405.878,405.878,6900.0
0.9778,-33.562,-39.439,406.232,406.232,6900.0
0.9779,-33.31,-39.069,406.579,406.579,6900.0
0.978,-32.943,-38.546,406.904,406.904,6900.0
0.9781,-32.907,-38.315,407.202,407.202,6900.0
0.9782,-32.703,-37.88,407.5,407.5,6900.0
0.9783,-32.46,-37.37,407.791,407.791,6900.0
0.9784,-32.149,-36.757,408.082,408.082,6900.0
0.9785,-31.892,-36.163,408.357,408.357,6900.0
0.9786,-31.441,-35.343,408.607,408.607,6900.0
0.9787,-31.088,-34.589,408.828,408.828,6900.0
0.9788,-30.768,-33.839,409.02,409.02,6900.0
0.9789,-30.503,-33.116,409.184,409.184,6900.0
0.979,-30.088,-32.218,409.317,409.317,6900.0
0.9791,-29.841,-31.462,409.418,409.418,6900.0
0.9792,-29.388,-30.479,409.489,409.489,6900.0
0.9793,-29.07,-29.61,409.526,409.526,6900.0
0.9794,-28.753,-28.724,409.536,409.536,6900.0
0.9795,-28.446,-27.833,409.527,409.527,6900.0
0.9796,-28.226,-27.016,409.508,409.508,6900.0
0.9797,-27.854,-26.035,409.474,409.474,6900.0
0.9798,-27.205,-24.77,409.407,409.407,6900.0
0.9799,-26.862,-23.803,409.297,409.297,6900.0
0.98,-26.548,-22.862,409.166,409.166,6900.0
0.9801,-26.239,-21.925,409.022,409.022,6900.0
0.9802,-25.458,-20.517,408.861,408.861,6900.0
0.9803,-24.528,-18.964,408.64,408.64,6900.0
0.9804,-24.208,-18.027,408.354,408.354,6900.0
0.9805,-23.888,-17.098,408.036,408.036,6900.0
0.9806,-23.759,-16.371,407.702,407.702,6900.0
0.9807,-23.206,-15.234,407.363,407.363,6900.0
0.9808,-22.162,-13.623,406.995,406.995,6900.0
0.9809,-21.755,-12.664,406.587,406.587,6900.0
0.981,-20.898,-11.278,406.164,406.164,6900.0
0.9811,-20.524,-10.395,405.72,405.72,6900.0
0.9812,-19.464,-8.85,405.268,405.268,6900.0
0.9813,-18.286,-7.215,404.783,404.783,6900.0
0.9814,-17.548,-6.047,404.258,404.258,6900.0
0.9815,-16.503,-4.601,403.707,403.707,6900.0
0.9816,-15.681,-3.41,403.125,403.125,6900.0
0.9817,-14.729,-2.122,402.522,402.522,6900.0
0.9818,-13.931,-1.021,401.897,401.897,6900.0
0.9819,-13.362,-0.184,401.252,401.252,6900.0
0.982,-12.793,0.616,400.592,400.592,6900.0
0.9821,-9.26,4.343,399.939,399.939,6900.0
0.9822,-0.0,13.759,399.299,399.299,6900.0
0.9823,-0.0,13.877,398.634,398.634,6900.0
0.9824,-0.0,13.955,397.968,397.968,6900.0
0.9825,-0.0,13.995,397.301,397.301,6900.0
0.9826,-0.0,13.995,396.633,396.633,6900.0
0.9827,-0.0,13.955,395.966,395.966,6900.0
0.9828,-0.0,13.877,395.299,395.299,6900.0
0.9829,0.104,13.863,394.631,394.631,6900.0
0.983,0.176,13.779,393.964,393.964,6900.0
0.9831,0.686,14.095,393.299,393.299,6900.0
0.9832,1.549,14.726,392.645,392.645,6900.0
0.9833,2.33,15.24,392.001,392.001,6900.0
0.9834,3.719,16.326,391.368,391.368,6900.0
0.9835,5.456,17.727,390.753,390.753,6900.0
0.9836,7.296,19.198,390.167,390.167,6900.0
0.9837,8.901,20.402,389.618,389.618,6900.0
0.9838,10.274,21.345,389.098,389.098,6900.0
0.9839,11.94,22.553,388.602,388.602,6900.0
0.984,13.713,23.842,388.143,388.143,6900.0
0.9841,15.559,25.18,387.732,387.732,6900.0
0.9842,17.157,26.247,387.38,387.38,6900.0
0.9843,18.83,27.37,387.081,387.081,6900.0
0.9844,20.301,28.272,386.834,386.834,6900.0
0.9845,21.821,29.208,386.637,386.637,6900.0
0.9846,23.237,30.027,386.488,386.488,6900.0
0.9847,24.774,30.956,386.381,386.381,6900.0
0.9848,26.328,31.892,386.322,386.322,6900.0
0.9849,27.959,32.9,386.311,386.311,6900.0
0.985,29.45,33.764,386.35,386.35,6900.0
0.9851,30.904,34.59,386.431,386.431,6900.0
0.9852,32.503,35.562,386.555,386.555,6900.0
0.9853,34.041,36.477,386.743,386.743,6900.0
0.9854,35.64,37.459,387.004,387.004,6900.0
0.9855,36.895,38.105,387.345,387.345,6900.0
0.9856,38.136,38.748,387.74,387.74,6900.0
0.9857,39.412,39.441,388.184,388.184,6900.0
0.9858,40.339,39.8,388.693,388.693,6900.0
0.9859,41.648,40.558,389.247,389.247,6900.0
0.986,42.515,40.894,389.866,389.866,6900.0
0.9861,43.177,41.048,390.507,390.507,6900.0
0.9862,44.092,41.479,391.156,391.156,6900.0
0.9863,44.702,41.631,391.834,391.834,6900.0
0.9864,45.699,42.198,392.518,392.518,6900.0
0.9865,46.269,42.368,393.254,393.254,6900.0
0.9866,46.616,42.345,394.006,394.006,6900.0
0.9867,47.265,42.658,394.774,394.774,6900.0
0.9868,47.649,42.739,395.582,395.582,6900.0
0.9869,47.928,42.751,396.404,396.404,6900.0
0.987,48.199,42.791,397.265,397.265,6900.0
0.9871,48.153,42.55,398.141,398.141,6900.0
0.9872,48.373,42.613,399.02,399.02,6900.0
0.9873,48.131,42.254,399.911,399.911,6900.0
0.9874,47.875,41.92,400.761,400.761,6900.0
0.9875,47.758,41.763,401.592,401.592,6900.0
0.9876,47.484,41.489,402.394,402.394,6900.0
0.9877,47.28,41.324,403.177,403.177,6900.0
0.9878,46.81,40.933,403.942,403.942,6900.0
0.9879,46.329,40.569,404.663,404.663,6900.0
0.988,45.906,40.303,405.359,405.359,6900.0
0.9881,45.242,39.833,406.039,406.039,6900.0
0.9882,44.778,39.6,406.71,406.71,6900.0
0.9883,43.92,39.01,407.371,407.371,6900.0
0.9884,42.935,38.327,407.988,407.988,6900.0
0.9885,41.892,37.621,408.557,408.557,6900.0
0.9886,40.903,37.002,409.078,409.078,6900.0
0.9887,39.729,36.228,409.559,409.559,6900.0
0.9888,38.49,35.419,409.986,409.986,6900.0
0.9889,37.362,34.749,410.348,410.348,6900.0
0.989,36.093,33.964,410.65,410.65,6900.0
0.9891,34.746,33.125,410.897,410.897,6900.0
0.9892,33.472,32.382,411.087,411.087,6900.0
0.9893,32.166,31.626,411.231,411.231,6900.0
0.9894,30.738,30.767,411.334,411.334,6900.0
0.9895,29.09,29.703,411.396,411.396,6900.0
0.9896,27.564,28.774,411.402,411.402,6900.0
0.9897,25.982,27.8,411.349,411.349,6900.0
0.9898,24.429,26.865,411.244,411.244,6900.0
0.9899,22.908,25.967,411.097,411.097,6900.0
0.99,21.281,24.967,410.914,410.914,6900.0
0.9901,19.202,23.516,410.675,410.675,6900.0
0.9902,17.393,22.334,410.361,410.361,6900.0
0.9903,15.919,21.484,409.994,409.994,6900.0
0.9904,14.497,20.678,409.593,409.593,6900.0
0.9905,12.93,19.72,409.17,409.17,6900.0
0.9906,10.813,18.2,408.712,408.712,6900.0
0.9907,8.985,16.957,408.206,408.206,6900.0
0.9908,7.308,15.848,407.668,407.668,6900.0
0.9909,5.678,14.769,407.101,407.101,6900.0
0.991,3.961,13.581,406.512,406.512,6900.0
0.9911,1.96,12.089,405.898,405.898,6900.0
0.9912,0.0,10.613,405.256,405.256,6900.0
0.9913,-0.0,11.071,404.604,404.604,6900.0
0.9914,-0.0,11.501,403.95,403.95,6900.0
0.9915,-0.0,11.901,403.294,403.294,6900.0
0.9916,-0.0,12.27,402.637,402.637,6900.0
0.9917,-0.0,12.607,401.977,401.977,6900.0
0.9918,-0.0,12.91,401.317,401.317,6900.0
0.9919,-0.0,13.177,400.655,400.655,6900.0
0.992,-0.002,13.407,399.992,399.992,6900.0
0.9921,0.0,13.603,399.327,399.327,6900.0
0.9922,-1.573,12.186,398.662,398.662,6900.0
0.9923,-4.523,9.354,397.996,397.996,6900.0
0.9924,-8.705,5.251,397.328,397.328,6900.0
0.9925,-14.844,-0.849,396.659,396.659,6900.0
0.9926,-19.667,-5.672,396.02,396.02,6900.0
0.9927,-21.018,-7.062,395.431,395.431,6900.0
0.9928,-22.76,-8.883,394.869,394.869,6900.0
0.9929,-24.129,-10.37,394.356,394.356,6900.0
0.993,-25.612,-12.009,393.904,393.904,6900.0
0.9931,-26.542,-13.133,393.513,393.513,6900.0
0.9932,-27.476,-14.299,393.144,393.144,6900.0
0.9933,-28.572,-15.661,392.803,392.803,6900.0
0.9934,-29.76,-17.153,392.506,392.506,6900.0
0.9935,-30.983,-18.712,392.27,392.27,6900.0
0.9936,-31.586,-19.685,392.087,392.087,6900.0
0.9937,-31.971,-20.47,391.908,391.908,6900.0
0.9938,-32.774,-21.703,391.729,391.729,6900.0
0.9939,-33.788,-23.174,391.578,391.578,6900.0
0.994,-34.822,-24.693,391.485,391.485,6900.0
0.9941,-35.4,-25.779,391.457,391.457,6900.0
0.9942,-35.914,-26.823,391.476,391.476,6900.0
0.9943,-36.544,-28.004,391.542,391.542,6900.0
0.9944,-36.947,-28.975,391.666,391.666,6900.0
0.9945,-37.494,-30.106,391.837,391.837,6900.0
0.9946,-37.811,-31.021,392.058,392.058,6900.0
0.9947,-38.153,-31.971,392.317,392.317,6900.0
0.9948,-38.306,-32.742,392.608,392.608,6900.0
0.9949,-38.355,-33.414,392.914,392.914,6900.0
0.995,-38.355,-34.041,393.221,393.221,6900.0
0.9951,-38.643,-34.957,393.533,393.533,6900.0
0.9952,-39.065,-36.006,393.863,393.863,6900.0
0.9953,-39.207,-36.771,394.237,394.237,6900.0
0.9954,-39.159,-37.341,394.634,394.634,6900.0
0.9955,-39.082,-37.872,395.042,395.042,6900.0
0.9956,-39.341,-38.729,395.476,395.476,6900.0
0.9957,-39.464,-39.435,395.948,395.948,6900.0
0.9958,-39.473,-40.013,396.473,396.473,6900.0
0.9959,-39.089,-40.179,397.023,397.023,6900.0
0.996,-38.727,-40.348,397.557,397.557,6900.0
0.9961,-38.545,-40.675,398.09,398.09,6900.0
0.9962,-38.126,-40.739,398.613,398.613,6900.0
0.9963,-37.959,-41.03,399.134,399.134,6900.0
0.9964,-37.579,-41.08,399.647,399.647,6900.0
0.9965,-37.344,-41.245,400.128,400.128,6900.0
0.9966,-37.121,-41.391,400.608,400.608,6900.0
0.9967,-36.914,-41.522,401.079,401.079,6900.0
0.9968,-36.953,-41.863,401.558,401.558,6900.0
0.9969,-36.6,-41.777,402.057,402.057,6900.0
0.997,-36.386,-41.795,402.546,402.546,6900.0
0.9971,-35.896,-41.499,403.051,403.051,6900.0
0.9972,-35.326,-41.085,403.539,403.539,6900.0
0.9973,-35.341,-41.218,404.006,404.006,6900.0
0.9974,-34.829,-40.785,404.478,404.478,6900.0
0.9975,-34.543,-40.538,404.915,404.915,6900.0
0.9976,-34.134,-40.129,405.341,405.341,6900.0
0.9977,-33.752,-39.707,405.734,405.734,6900.0
0.9978,-33.595,-39.472,406.089,406.089,6900.0
0.9979,-33.222,-38.981,406.432,406.432,6900.0
0.998,-33.232,-38.835,406.749,406.749,6900.0
0.9981,-33.114,-38.523,407.07,407.07,6900.0
0.9982,-32.7,-37.877,407.381,407.381,6900.0
0.9983,-32.442,-37.352,407.664,407.664,6900.0
0.9984,-32.14,-36.747,407.943,407.943,6900.0
0.9985,-31.954,-36.225,408.208,408.208,6900.0
0.9986,-31.605,-35.506,408.468,408.468,6900.0
0.9987,-31.089,-34.591,408.703,408.703,6900.0
0.9988,-30.738,-33.809,408.899,408.899,6900.0
0.9989,-30.386,-32.999,409.063,409.063,6900.0
0.999,-30.079,-32.208,409.193,409.193,6900.0
0.9991,-29.757,-31.378,409.292,409.292,6900.0
0.9992,-29.56,-30.651,409.362,409.362,6900.0
0.9993,-29.221,-29.761,409.411,409.411,6900.0
0.9994,-28.836,-28.807,409.434,409.434,6900.0
0.9995,-28.373,-27.76,409.428,409.428,6900.0
0.9996,-28.12,-26.91,409.392,409.392,6900.0
0.9997,-27.958,-26.14,409.341,409.341,6900.0
0.9998,-27.639,-25.203,409.285,409.285,6900.0
0.9999,-27.06,-24.001,409.21,409.21,6900.0
1.0,-26.243,-22.557,409.091,409.091,6900.0
1.0001,-24.394,-24.394,408.931,408.931,6900.0
1.0002,-22.406,-22.406,408.713,408.713,6900.0
1.0003,-21.15,-21.15,408.456,408.456,6900.0
1.0004,-19.665,-19.665,408.172,408.172,6900.0
1.0005,-18.085,-18.085,407.832,407.832,6900.0
1.0006,-16.947,-16.947,407.434,407.434,6900.0
1.0007,-15.804,-15.804,407.003,407.003,6900.0
1.0008,-15.029,-15.029,406.544,406.544,6900.0
1.0009,-13.675,-13.675,406.069,406.069,6900.0
1.001,-12.222,-12.222,405.56,405.56,6900.0
1.0011,-11.086,-11.086,405.018,405.018,6900.0
1.0012,-9.635,-9.635,404.458,404.458,6900.0
1.0013,-8.522,-8.522,403.877,403.877,6900.0
1.0014,-7.119,-7.119,403.283,403.283,6900.0
1.0015,-5.448,-5.448,402.67,402.67,6900.0
1.0016,-4.091,-4.091,402.04,402.04,6900.0
1.0017,-2.668,-2.668,401.396,401.396,6900.0
1.0018,-1.382,-1.382,400.742,400.742,6900.0
1.0019,-0.503,-0.503,400.081,400.081,6900.0
1.002,-0.0,-0.0,399.417,399.417,6900.0
1.0021,-0.0,-0.0,398.752,398.752,6900.0
1.0022,1.694,1.694,398.086,398.086,6900.0
1.0023,2.499,2.499,397.424,397.424,6900.0
1.0024,3.497,3.497,396.766,396.766,6900.0
1.0025,4.608,4.608,396.113,396.113,6900.0
1.0026,6.042,6.042,395.466,395.466,6900.0
1.0027,7.163,7.163,394.831,394.831,6900.0
1.0028,8.875,8.875,394.207,394.207,6900.0
1.0029,10.069,10.069,393.608,393.608,6900.0
1.003,11.191,11.191,393.023,393.023,6900.0
1.0031,12.811,12.811,392.45,392.45,6900.0
1.0032,14.255,14.255,391.907,391.907,6900.0
1.0033,15.905,15.905,391.403,391.403,6900.0
1.0034,17.199,17.199,390.954,390.954,6900.0
1.0035,17.945,17.945,390.537,390.537,6900.0
1.0036,19.101,19.101,390.131,390.131,6900.0
1.0037,20.472,20.472,389.755,389.755,6900.0
1.0038,21.997,21.997,389.423,389.423,6900.0
1.0039,23.208,23.208,389.149,389.149,6900.0
1.004,24.076,24.076,388.913,388.913,6900.0
1.0041,25.033,25.033,388.7,388.7,6900.0
1.0042,26.142,26.142,388.517,388.517,6900.0
1.0043,27.369,27.369,388.377,388.377,6900.0
1.0044,28.41,28.41,388.29,388.29,6900.0
1.0045,29.526,29.526,388.25,388.25,6900.0
1.0046,30.596,30.596,388.261,388.261,6900.0
1.0047,31.496,31.496,388.322,388.322,6900.0
1.0048,32.385,32.385,388.426,388.426,6900.0
1.0049,33.285,33.285,388.569,388.569,6900.0
1.005,34.22,34.22,388.755,388.755,6900.0
1.0051,35.131,35.131,388.993,388.993,6900.0
1.0052,35.909,35.909,389.273,389.273,6900.0
1.0053,36.498,36.498,389.583,389.583,6900.0
1.0054,37.329,37.329,389.91,389.91,6900.0
1.0055,37.982,37.982,390.279,390.279,6900.0
1.0056,38.754,38.754,390.689,390.689,6900.0
1.0057,39.329,39.329,391.148,391.148,6900.0
1.0058,39.671,39.671,391.633,391.633,6900.0
1.0059,40.381,40.381,392.133,392.133,6900.0
1.006,40.735,40.735,392.678,392.678,6900.0
1.0061,41.344,41.344,393.248,393.248,6900.0
1.0062,41.603,41.603,393.869,393.869,6900.0
1.0063,41.681,41.681,394.5,394.5,6900.0
1.0064,41.892,41.892,395.132,395.132,6900.0
1.0065,42.056,42.056,395.776,395.776,6900.0
1.0066,42.254,42.254,396.417,396.417,6900.0
1.0067,42.224,42.224,397.079,397.079,6900.0
1.0068,42.126,42.126,397.734,397.734,6900.0
1.0069,42.39,42.39,398.383,398.383,6900.0
1.007,42.388,42.388,399.045,399.045,6900.0
1.0071,42.258,42.258,399.695,399.695,6900.0
1.0072,42.178,42.178,400.358,400.358,6900.0
1.0073,41.977,41.977,401.017,401.017,6900.0
1.0074,41.939,41.939,401.678,401.678,6900.0
1.0075,41.593,41.593,402.342,402.342,6900.0
1.0076,41.136,41.136,402.976,402.976,6900.0
1.0077,41.002,41.002,403.587,403.587,6900.0
1.0078,40.492,40.492,404.181,404.181,6900.0
1.0079,40.391,40.391,404.751,404.751,6900.0
1.008,39.836,39.836,405.307,405.307,6900.0
1.0081,39.151,39.151,405.819,405.819,6900.0
1.0082,38.799,38.799,406.292,406.292,6900.0
1.0083,38.388,38.388,406.743,406.743,6900.0
1.0084,37.877,37.877,407.183,407.183,6900.0
1.0085,37.317,37.317,407.601,407.601,6900.0
1.0086,36.535,36.535,407.987,407.987,6900.0
1.0087,35.818,35.818,408.331,408.331,6900.0
1.0088,35.061,35.061,408.643,408.643,6900.0
1.0089,34.43,34.43,408.923,408.923,6900.0
1.009,33.579,33.579,409.171,409.171,6900.0
1.0091,32.63,32.63,409.379,409.379,6900.0
1.0092,31.739,31.739,409.536,409.536,6900.0
1.0093,30.943,30.943,409.647,409.647,6900.0
1.0094,29.959,29.959,409.712,409.712,6900.0
1.0095,29.117,29.117,409.733,409.733,6900.0
1.0096,28.312,28.312,409.722,409.722,6900.0
1.0097,27.241,27.241,409.686,409.686,6900.0
1.0098,26.025,26.025,409.607,409.607,6900.0
1.0099,25.083,25.083,409.471,409.471,6900.0
1.01,24.256,24.256,409.299,409.299,6900.0
1.0101,23.473,23.473,409.104,409.104,6900.0
1.0102,22.274,22.274,408.895,408.895,6900.0
1.0103,20.609,20.609,408.643,408.643,6900.0
1.0104,19.387,19.387,408.319,408.319,6900.0
1.0105,18.346,18.346,407.95,407.95,6900.0
1.0106,17.552,17.552,407.548,407.548,6900.0
1.0107,16.463,16.463,407.134,407.134,6900.0
1.0108,15.058,15.058,406.693,406.693,6900.0
1.0109,13.673,13.673,406.212,406.212,6900.0
1.011,12.565,12.565,405.703,405.703,6900.0
1.0111,11.369,11.369,405.172,405.172,6900.0
1.0112,10.086,10.086,404.627,404.627,6900.0
1.0113,8.485,8.485,404.06,404.06,6900.0
1.0114,7.008,7.008,403.466,403.466,6900.0
1.0115,5.611,5.611,402.852,402.852,6900.0
1.0116,4.188,4.188,402.221,402.221,6900.0
1.0117,2.815,2.815,401.577,401.577,6900.0
1.0118,1.55,1.55,400.922,400.922,6900.0
1.0119,1.606,1.606,400.261,400.261,6900.0
1.012,0.041,0.041,399.599,399.599,6900.0
1.0121,0.0,0.0,398.934,398.934,6900.0
1.0122,-1.547,-1.547,398.269,398.269,6900.0
1.0123,-2.286,-2.286,397.606,397.606,6900.0
1.0124,-3.358,-3.358,396.944,396.944,6900.0
1.0125,-4.723,-4.723,396.287,396.287,6900.0
1.0126,-6.066,-6.066,395.638,395.638,6900.0
1.0127,-7.576,-7.576,395.003,395.003,6900.0
1.0128,-8.75,-8.75,394.385,394.385,6900.0
1.0129,-10.008,-10.008,393.777,393.777,6900.0
1.013,-11.787,-11.787,393.187,393.187,6900.0
1.0131,-13.323,-13.323,392.627,392.627,6900.0
1.0132,-14.831,-14.831,392.107,392.107,6900.0
1.0133,-15.771,-15.771,391.627,391.627,6900.0
1.0134,-16.689,-16.689,391.16,391.16,6900.0
1.0135,-18.097,-18.097,390.709,390.709,6900.0
1.0136,-19.686,-19.686,390.295,390.295,6900.0
1.0137,-21.216,-21.216,389.937,389.937,6900.0
1.0138,-22.143,-22.143,389.632,389.632,6900.0
1.0139,-22.949,-22.949,389.349,389.349,6900.0
1.014,-24.183,-24.183,389.087,389.087,6900.0
1.0141,-25.439,-25.439,388.863,388.863,6900.0
1.0142,-26.722,-26.722,388.688,388.688,6900.0
1.0143,-27.835,-27.835,388.564,388.564,6900.0
1.0144,-28.868,-28.868,388.486,388.486,6900.0
1.0145,-29.873,-29.873,388.454,388.454,6900.0
1.0146,-30.892,-30.892,388.467,388.467,6900.0
1.0147,-31.91,-31.91,388.524,388.524,6900.0
1.0148,-32.852,-32.852,388.63,388.63,6900.0
1.0149,-33.875,-33.875,388.784,388.784,6900.0
1.015,-34.655,-34.655,388.995,388.995,6900.0
1.0151,-35.394,-35.394,389.242,389.242,6900.0
1.0152,-36.232,-36.232,389.513,389.513,6900.0
1.0153,-37.035,-37.035,389.821,389.821,6900.0
1.0154,-37.808,-37.808,390.167,390.167,6900.0
1.0155,-38.591,-38.591,390.563,390.563,6900.0
1.0156,-39.092,-39.092,390.998,390.998,6900.0
1.0157,-39.596,-39.596,391.449,391.449,6900.0
1.0158,-40.265,-40.265,391.931,391.931,6900.0
1.0159,-40.932,-40.932,392.447,392.447,6900.0
1.016,-41.485,-41.485,393.022,393.022,6900.0
1.0161,-41.712,-41.712,393.634,393.634,6900.0
1.0162,-41.843,-41.843,394.248,394.248,6900.0
1.0163,-42.168,-42.168,394.88,394.88,6900.0
1.0164,-42.254,-42.254,395.522,395.522,6900.0
1.0165,-42.634,-42.634,396.181,396.181,6900.0
1.0166,-42.682,-42.682,396.858,396.858,6900.0
1.0167,-42.738,-42.738,397.522,397.522,6900.0
1.0168,-42.703,-42.703,398.199,398.199,6900.0
1.0169,-42.676,-42.676,398.866,398.866,6900.0
1.017,-42.882,-42.882,399.535,399.535,6900.0
1.0171,-42.583,-42.583,400.226,400.226,6900.0
1.0172,-42.692,-42.692,400.897,400.897,6900.0
1.0173,-42.553,-42.553,401.586,401.586,6900.0
1.0174,-42.132,-42.132,402.264,402.264,6900.0
1.0175,-42.062,-42.062,402.914,402.914,6900.0
1.0176,-41.714,-41.714,403.564,403.564,6900.0
1.0177,-41.483,-41.483,404.189,404.189,6900.0
1.0178,-41.074,-41.074,404.811,404.811,6900.0
1.0179,-40.434,-40.434,405.402,405.402,6900.0
1.018,-40.162,-40.162,405.943,405.943,6900.0
1.0181,-39.739,-39.739,406.47,406.47,6900.0
1.0182,-39.319,-39.319,406.97,406.97,6900.0
1.0183,-38.735,-38.735,407.457,407.457,6900.0
1.0184,-38.094,-38.094,407.913,407.913,6900.0
1.0185,-37.502,-37.502,408.326,408.326,6900.0
1.0186,-36.808,-36.808,408.712,408.712,6900.0
1.0187,-36.155,-36.155,409.065,409.065,6900.0
1.0188,-35.31,-35.31,409.393,409.393,6900.0
1.0189,-34.661,-34.661,409.682,409.682,6900.0
1.019,-33.78,-33.78,409.933,409.933,6900.0
1.0191,-32.923,-32.923,410.141,410.141,6900.0
1.0192,-32.017,-32.017,410.304,410.304,6900.0
1.0193,-31.085,-31.085,410.424,410.424,6900.0
1.0194,-30.322,-30.322,410.502,410.502,6900.0
1.0195,-29.442,-29.442,410.549,410.549,6900.0
1.0196,-28.264,-28.264,410.558,410.558,6900.0
1.0197,-27.201,-27.201,410.514,410.514,6900.0
1.0198,-26.278,-26.278,410.419,410.419,6900.0
1.0199,-25.447,-25.447,410.291,410.291,6900.0
1.02,-24.554,-24.554,410.143,410.143,6900.0
1.0201,-23.26,-23.26,409.969,409.969,6900.0
1.0202,-21.75,-21.75,409.737,409.737,6900.0
1.0203,-20.813,-20.813,409.444,409.444,6900.0
1.0204,-19.944,-19.944,409.118,409.118,6900.0
1.0205,-19.147,-19.147,408.775,408.775,6900.0
1.0206,-17.764,-17.764,408.418,408.418,6900.0
1.0207,-16.166,-16.166,408.017,408.017,6900.0
1.0208,-15.067,-15.067,407.569,407.569,6900.0
1.0209,-13.797,-13.797,407.093,407.093,6900.0
1.021,-12.776,-12.776,406.592,406.592,6900.0
1.0211,-11.409,-11.409,406.072,406.072,6900.0
1.0212,-9.912,-9.912,405.522,405.522,6900.0
1.0213,-8.643,-8.643,404.944,404.944,6900.0
1.0214,-7.17,-7.17,404.347,404.347,6900.0
1.0215,-5.868,-5.868,403.73,403.73,6900.0
1.0216,-4.43,-4.43,403.101,403.101,6900.0
1.0217,-2.85,-2.85,402.459,402.459,6900.0
1.0218,-1.561,-1.561,401.807,401.807,6900.0
1.0219,-0.535,-0.535,401.148,401.148,6900.0
1.022,-0.0,-0.0,400.486,400.486,6900.0
1.0221,-0.0,-0.0,399.823,399.823,6900.0
1.0222,1.778,1.778,399.158,399.158,6900.0
1.0223,3.094,3.094,398.496,398.496,6900.0
1.0224,3.553,3.553,397.838,397.838,6900.0
1.0225,4.952,4.952,397.185,397.185,6900.0
1.0226,6.098,6.098,396.545,396.545,6900.0
1.0227,7.236,7.236,395.916,395.916,6900.0
1.0228,8.598,8.598,395.295,395.295,6900.0
1.0229,10.076,10.076,394.694,394.694,6900.0
1.023,11.69,11.69,394.116,394.116,6900.0
1.0231,13.081,13.081,393.571,393.571,6900.0
1.0232,13.966,13.966,393.047,393.047,6900.0
1.0233,15.485,15.485,392.531,392.531,6900.0
1.0234,16.913,16.913,392.045,392.045,6900.0
1.0235,18.584,18.584,391.602,391.602,6900.0
1.0236,19.715,19.715,391.219,391.219,6900.0
1.0237,20.522,20.522,390.87,390.87,6900.0
1.0238,21.748,21.748,390.536,390.536,6900.0
1.0239,22.986,22.986,390.237,390.237,6900.0
1.024,24.399,24.399,389.984,389.984,6900.0
1.0241,25.57,25.57,389.787,389.787,6900.0
1.0242,26.419,26.419,389.635,389.635,6900.0
1.0243,27.561,27.561,389.51,389.51,6900.0
1.0244,28.608,28.608,389.427,389.427,6900.0
1.0245,29.708,29.708,389.385,389.385,6900.0
1.0246,30.791,30.791,389.389,389.389,6900.0
1.0247,31.707,31.707,389.444,389.444,6900.0
1.0248,32.702,32.702,389.546,389.546,6900.0
1.0249,33.54,33.54,389.697,389.697,6900.0
1.025,34.373,34.373,389.885,389.885,6900.0
1.0251,35.258,35.258,390.107,390.107,6900.0
1.0252,36.15,36.15,390.374,390.374,6900.0
1.0253,37.045,37.045,390.693,390.693,6900.0
1.0254,37.641,37.641,391.06,391.06,6900.0
1.0255,38.087,38.087,391.454,391.454,6900.0
1.0256,38.895,38.895,391.861,391.861,6900.0
1.0257,39.353,39.353,392.311,392.311,6900.0
1.0258,40.135,40.135,392.794,392.794,6900.0
1.0259,40.664,40.664,393.327,393.327,6900.0
1.026,40.81,40.81,393.883,393.883,6900.0
1.0261,41.337,41.337,394.443,394.443,6900.0
1.0262,41.55,41.55,395.037,395.037,6900.0
1.0263,41.972,41.972,395.645,395.645,6900.0
1.0264,42.171,42.171,396.294,396.294,6900.0
1.0265,42.183,42.183,396.947,396.947,6900.0
1.0266,42.508,42.508,397.598,397.598,6900.0
1.0267,42.486,42.486,398.264,398.264,6900.0
1.0268,42.573,42.573,398.921,398.921,6900.0
1.0269,42.669,42.669,399.596,399.596,6900.0
1.027,42.467,42.467,400.27,400.27,6900.0
1.0271,42.507,42.507,400.939,400.939,6900.0
1.0272,42.244,42.244,401.614,401.614,6900.0
1.0273,42.135,42.135,402.262,402.262,6900.0
1.0274,42.082,42.082,402.913,402.913,6900.0
1.0275,41.677,41.677,403.56,403.56,6900.0
1.0276,41.564,41.564,404.194,404.194,6900.0
1.0277,41.047,41.047,404.827,404.827,6900.0
1.0278,40.497,40.497,405.419,405.419,6900.0
1.0279,40.266,40.266,405.982,405.982,6900.0
1.028,39.869,39.869,406.523,406.523,6900.0
1.0281,39.606,39.606,407.049,407.049,6900.0
1.0282,38.956,38.956,407.559,407.559,6900.0
1.0283,38.283,38.283,408.025,408.025,6900.0
1.0284,37.875,37.875,408.45,408.45,6900.0
1.0285,37.295,37.295,408.851,408.851,6900.0
1.0286,36.774,36.774,409.231,409.231,6900.0
1.0287,35.889,35.889,409.588,409.588,6900.0
1.0288,35.047,35.047,409.903,409.903,6900.0
1.0289,34.317,34.317,410.174,410.174,6900.0
1.029,33.602,33.602,410.41,410.41,6900.0
1.0291,32.722,32.722,410.614,410.614,6900.0
1.0292,31.92,31.92,410.778,410.778,6900.0
1.0293,31.0,31.0,410.904,410.904,6900.0
1.0294,29.951,29.951,410.99,410.99,6900.0
1.0295,28.95,28.95,411.028,411.028,6900.0
1.0296,28.027,28.027,411.012,411.012,6900.0
1.0297,27.115,27.115,410.954,410.954,6900.0
1.0298,26.348,26.348,410.865,410.865,6900.0
1.0299,25.354,25.354,410.756,410.756,6900.0
1.03,23.949,23.949,410.605,410.605,6900.0
1.0301,22.853,22.853,410.392,410.392,6900.0
1.0302,21.976,21.976,410.139,410.139,6900.0
1.0303,21.165,21.165,409.864,409.864,6900.0
1.0304,20.07,20.07,409.58,409.58,6900.0
1.0305,18.559,18.559,409.261,409.261,6900.0
1.0306,17.24,17.24,408.882,408.882,6900.0
1.0307,16.232,16.232,408.463,408.463,6900.0
1.0308,15.211,15.211,408.011,408.011,6900.0
1.0309,14.038,14.038,407.54,407.54,6900.0
1.031,12.552,12.552,407.041,407.041,6900.0
1.0311,11.226,11.226,406.506,406.506,6900.0
1.0312,10.082,10.082,405.947,405.947,6900.0
1.0313,8.798,8.798,405.369,405.369,6900.0
1.0314,7.39,7.39,404.777,404.777,6900.0
1.0315,5.846,5.846,404.168,404.168,6900.0
1.0316,4.4,4.4,403.542,403.542,6900.0
1.0317,2.864,2.864,402.903,402.903,6900.0
1.0318,1.571,1.571,402.252,402.252,6900.0
1.0319,0.452,0.452,401.595,401.595,6900.0
1.032,0.0,0.0,400.934,400.934,6900.0
1.0321,0.0,0.0,400.271,400.271,6900.0
1.0322,-2.312,-2.312,399.607,399.607,6900.0
1.0323,-2.34,-2.34,398.948,398.948,6900.0
1.0324,-3.429,-3.429,398.292,398.292,6900.0
1.0325,-4.573,-4.573,397.642,397.642,6900.0
1.0326,-5.74,-5.74,396.998,396.998,6900.0
1.0327,-7.212,-7.212,396.364,396.364,6900.0
1.0328,-8.512,-8.512,395.742,395.742,6900.0
1.0329,-9.967,-9.967,395.14,395.14,6900.0
1.033,-11.215,-11.215,394.559,394.559,6900.0
1.0331,-12.514,-12.514,393.989,393.989,6900.0
1.0332,-14.127,-14.127,393.439,393.439,6900.0
1.0333,-15.594,-15.594,392.924,392.924,6900.0
1.0334,-17.255,-17.255,392.457,392.457,6900.0
1.0335,-18.142,-18.142,392.041,392.041,6900.0
1.0336,-18.956,-18.956,391.641,391.641,6900.0
1.0337,-20.29,-20.29,391.259,391.259,6900.0
1.0338,-21.756,-21.756,390.916,390.916,6900.0
1.0339,-23.055,-23.055,390.627,390.627,6900.0
1.034,-24.044,-24.044,390.386,390.386,6900.0
1.0341,-25.04,-25.04,390.177,390.177,6900.0
1.0342,-26.128,-26.128,389.997,389.997,6900.0
1.0343,-27.365,-27.365,389.855,389.855,6900.0
1.0344,-28.452,-28.452,389.762,389.762,6900.0
1.0345,-29.391,-29.391,389.719,389.719,6900.0
1.0346,-30.502,-30.502,389.721,389.721,6900.0
1.0347,-31.349,-31.349,389.775,389.775,6900.0
1.0348,-32.343,-32.343,389.87,389.87,6900.0
1.0349,-33.154,-33.154,390.005,390.005,6900.0
1.035,-34.051,-34.051,390.181,390.181,6900.0
1.0351,-35.105,-35.105,390.402,390.402,6900.0
1.0352,-35.869,-35.869,390.681,390.681,6900.0
1.0353,-36.472,-36.472,390.996,390.996,6900.0
1.0354,-36.996,-36.996,391.33,391.33,6900.0
1.0355,-37.852,-37.852,391.691,391.691,6900.0
1.0356,-38.593,-38.593,392.091,392.091,6900.0
1.0357,-39.231,-39.231,392.545,392.545,6900.0
1.0358,-39.588,-39.588,393.035,393.035,6900.0
1.0359,-40.046,-40.046,393.532,393.532,6900.0
1.036,-40.578,-40.578,394.061,394.061,6900.0
1.0361,-40.904,-40.904,394.617,394.617,6900.0
1.0362,-41.341,-41.341,395.214,395.214,6900.0
1.0363,-41.457,-41.457,395.839,395.839,6900.0
1.0364,-41.67,-41.67,396.458,396.458,6900.0
1.0365,-41.965,-41.965,397.096,397.096,6900.0
1.0366,-41.996,-41.996,397.739,397.739,6900.0
1.0367,-42.246,-42.246,398.392,398.392,6900.0
1.0368,-42.128,-42.128,399.058,399.058,6900.0
1.0369,-42.14,-42.14,399.708,399.708,6900.0
1.037,-42.154,-42.154,400.37,400.37,6900.0
1.0371,-41.944,-41.944,401.024,401.024,6900.0
1.0372,-42.064,-42.064,401.671,401.671,6900.0
1.0373,-41.769,-41.769,402.332,402.332,6900.0
1.0374,-41.662,-41.662,402.973,402.973,6900.0
1.0375,-41.407,-41.407,403.623,403.623,6900.0
1.0376,-40.941,-40.941,404.255,404.255,6900.0
1.0377,-40.834,-40.834,404.851,404.851,6900.0
1.0378,-40.423,-40.423,405.443,405.443,6900.0
1.0379,-40.061,-40.061,406.007,406.007,6900.0
1.038,-39.539,-39.539,406.56,406.56,6900.0
1.0381,-38.952,-38.952,407.079,407.079,6900.0
1.0382,-38.496,-38.496,407.552,407.552,6900.0
1.0383,-38.007,-38.007,408.003,408.003,6900.0
1.0384,-37.565,-37.565,408.427,408.427,6900.0
1.0385,-36.898,-36.898,408.836,408.836,6900.0
1.0386,-36.151,-36.151,409.213,409.213,6900.0
1.0387,-35.499,-35.499,409.547,409.547,6900.0
1.0388,-34.922,-34.922,409.847,409.847,6900.0
1.0389,-34.23,-34.23,410.118,410.118,6900.0
1.039,-33.312,-33.312,410.359,410.359,6900.0
1.0391,-32.532,-32.532,410.559,410.559,6900.0
1.0392,-31.551,-31.551,410.722,410.722,6900.0
1.0393,-30.642,-30.642,410.837,410.837,6900.0
1.0394,-29.594,-29.594,410.905,410.905,6900.0
1.0395,-28.767,-28.767,410.925,410.925,6900.0
1.0396,-27.923,-27.923,410.908,410.908,6900.0
1.0397,-27.158,-27.158,410.862,410.862,6900.0
1.0398,-26.067,-26.067,410.786,410.786,6900.0
1.0399,-24.842,-24.842,410.66,410.66,6900.0
1.04,-23.985,-23.985,410.483,410.483,6900.0
1.0401,-23.093,-23.093,410.276,410.276,6900.0
1.0402,-22.305,-22.305,410.052,410.052,6900.0
1.0403,-20.896,-20.896,409.808,409.808,6900.0
1.0404,-19.189,-19.189,409.506,409.506,6900.0
1.0405,-18.242,-18.242,409.14,409.14,6900.0
1.0406,-17.198,-17.198,408.742,408.742,6900.0
1.0407,-16.342,-16.342,408.319,408.319,6900.0
1.0408,-14.993,-14.993,407.88,407.88,6900.0
1.0409,-13.436,-13.436,407.405,407.405,6900.0
1.041,-12.547,-12.547,406.893,406.893,6900.0
1.0411,-11.177,-11.177,406.364,406.364,6900.0
1.0412,-10.252,-10.252,405.813,405.813,6900.0
1.0413,-8.743,-8.743,405.249,405.249,6900.0
1.0414,-7.091,-7.091,404.662,404.662,6900.0
1.0415,-5.79,-5.79,404.05,404.05,6900.0
1.0416,-4.266,-4.266,403.423,403.423,6900.0
1.0417,-2.868,-2.868,402.781,402.781,6900.0
1.0418,-1.631,-1.631,402.129,402.129,6900.0
1.0419,-0.371,-0.371,401.471,401.471,6900.0
1.042,0.0,0.0,400.809,400.809,6900.0
1.0421,-0.0,-0.0,400.147,400.147,6900.0
1.0422,2.701,2.701,399.483,399.483,6900.0
1.0423,2.34,2.34,398.824,398.824,6900.0
1.0424,3.155,3.155,398.166,398.166,6900.0
1.0425,4.455,4.455,397.51,397.51,6900.0
1.0426,5.782,5.782,396.863,396.863,6900.0
1.0427,7.362,7.362,396.226,396.226,6900.0
1.0428,8.56,8.56,395.61,395.61,6900.0
1.0429,9.765,9.765,395.007,395.007,6900.0
1.043,11.262,11.262,394.415,394.415,6900.0
1.0431,12.636,12.636,393.852,393.852,6900.0
1.0432,14.362,14.362,393.318,393.318,6900.0
1.0433,15.549,15.549,392.833,392.833,6900.0
1.0434,16.342,16.342,392.373,392.373,6900.0
1.0435,17.598,17.598,391.922,391.922,6900.0
1.0436,19.162,19.162,391.499,391.499,6900.0
1.0437,20.576,20.576,391.126,391.126,6900.0
1.0438,21.659,21.659,390.811,390.811,6900.0
1.0439,22.502,22.502,390.531,390.531,6900.0
1.044,23.515,23.515,390.268,390.268,6900.0
1.0441,24.798,24.798,390.034,390.034,6900.0
1.0442,26.075,26.075,389.845,389.845,6900.0
1.0443,27.132,27.132,389.711,389.711,6900.0
1.0444,28.12,28.12,389.622,389.622,6900.0
1.0445,29.198,29.198,389.573,389.573,6900.0
1.0446,30.199,30.199,389.569,389.569,6900.0
1.0447,31.082,31.082,389.611,389.611,6900.0
1.0448,32.13,32.13,389.693,389.693,6900.0
1.0449,33.08,33.08,389.825,389.825,6900.0
1.045,33.943,33.943,390.01,390.01,6900.0
1.0451,34.733,34.733,390.238,390.238,6900.0
1.0452,35.381,35.381,390.498,390.498,6900.0
1.0453,36.237,36.237,390.782,390.782,6900.0
1.0454,36.865,36.865,391.107,391.107,6900.0
1.0455,37.64,37.64,391.473,391.473,6900.0
1.0456,38.239,38.239,391.886,391.886,6900.0
1.0457,38.73,38.73,392.32,392.32,6900.0
1.0458,39.422,39.422,392.771,392.771,6900.0
1.0459,39.881,39.881,393.262,393.262,6900.0
1.046,40.579,40.579,393.786,393.786,6900.0
1.0461,40.941,40.941,394.362,394.362,6900.0
1.0462,41.046,41.046,394.954,394.954,6900.0
1.0463,41.404,41.404,395.55,395.55,6900.0
1.0464,41.409,41.409,396.17,396.17,6900.0
1.0465,41.671,41.671,396.789,396.789,6900.0
1.0466,41.81,41.81,397.435,397.435,6900.0
1.0467,41.777,41.777,398.081,398.081,6900.0
1.0468,42.02,42.02,398.723,398.723,6900.0
1.0469,41.829,41.829,399.379,399.379,6900.0
1.047,41.805,41.805,400.018,400.018,6900.0
1.0471,41.822,41.822,400.669,400.669,6900.0
1.0472,41.562,41.562,401.318,401.318,6900.0
1.0473,41.62,41.62,401.96,401.96,6900.0
1.0474,41.361,41.361,402.609,402.609,6900.0
1.0475,40.958,40.958,403.231,403.231,6900.0
1.0476,40.99,40.99,403.839,403.839,6900.0
1.0477,40.486,40.486,404.44,404.44,6900.0
1.0478,40.256,40.256,405.023,405.023,6900.0
1.0479,39.771,39.771,405.591,405.591,6900.0
1.048,39.145,39.145,406.123,406.123,6900.0
1.0481,38.838,38.838,406.619,406.619,6900.0
1.0482,38.374,38.374,407.094,407.094,6900.0
1.0483,38.057,38.057,407.552,407.552,6900.0
1.0484,37.549,37.549,407.99,407.99,6900.0
1.0485,36.78,36.78,408.394,408.394,6900.0
1.0486,36.23,36.23,408.755,408.755,6900.0
1.0487,35.463,35.463,409.088,409.088,6900.0
1.0488,34.761,34.761,409.391,409.391,6900.0
1.0489,34.042,34.042,409.664,409.664,6900.0
1.049,33.147,33.147,409.9,409.9,6900.0
1.0491,32.334,32.334,410.093,410.093,6900.0
1.0492,31.43,31.43,410.246,410.246,6900.0
1.0493,30.511,30.511,410.354,410.354,6900.0
1.0494,29.674,29.674,410.422,410.422,6900.0
1.0495,28.922,28.922,410.454,410.454,6900.0
1.0496,27.941,27.941,410.456,410.456,6900.0
1.0497,26.805,26.805,410.413,410.413,6900.0
1.0498,25.706,25.706,410.314,410.314,6900.0
1.0499,24.923,24.923,410.171,410.171,6900.0
1.05,24.082,24.082,410.004,410.004,6900.0
1.0501,23.06,23.06,409.819,409.819,6900.0
1.0502,21.565,21.565,409.595,409.595,6900.0
1.0503,20.44,20.44,409.306,409.306,6900.0
1.0504,19.545,19.545,408.975,408.975,6900.0
1.0505,18.783,18.783,408.619,408.619,6900.0
1.0506,17.749,17.749,408.253,408.253,6900.0
1.0507,16.208,16.208,407.859,407.859,6900.0
1.0508,14.691,14.691,407.415,407.415,6900.0
1.0509,13.682,13.682,406.936,406.936,6900.0
1.051,12.525,12.525,406.43,406.43,6900.0
1.0511,11.454,11.454,405.907,405.907,6900.0
1.0512,9.975,9.975,405.361,405.361,6900.0
1.0513,8.375,8.375,404.786,404.786,6900.0
1.0514,7.209,7.209,404.187,404.187,6900.0
1.0515,5.846,5.846,403.572,403.572,6900.0
1.0516,4.523,4.523,402.942,402.942,6900.0
1.0517,3.015,3.015,402.301,402.301,6900.0
1.0518,1.615,1.615,401.649,401.649,6900.0
1.0519,0.553,0.553,400.99,400.99,6900.0
1.052,0.0,0.0,400.328,400.328,6900.0
1.0521,0.0,0.0,399.665,399.665,6900.0
1.0522,-1.767,-1.767,399.0,399.0,6900.0
1.0523,-3.251,-3.251,398.336,398.336,6900.0
1.0524,-3.632,-3.632,397.678,397.678,6900.0
1.0525,-4.557,-4.557,397.023,397.023,6900.0
1.0526,-5.939,-5.939,396.38,396.38,6900.0
1.0527,-7.086,-7.086,395.748,395.748,6900.0
1.0528,-8.196,-8.196,395.127,395.127,6900.0
1.0529,-9.813,-9.813,394.519,394.519,6900.0
1.053,-11.252,-11.252,393.934,393.934,6900.0
1.0531,-12.782,-12.782,393.378,393.378,6900.0
1.0532,-13.89,-13.89,392.853,392.853,6900.0
1.0533,-15.009,-15.009,392.34,392.34,6900.0
1.0534,-16.471,-16.471,391.847,391.847,6900.0
1.0535,-18.059,-18.059,391.389,391.389,6900.0
1.0536,-19.59,-19.59,390.987,390.987,6900.0
1.0537,-20.507,-20.507,390.638,390.638,6900.0
1.0538,-21.339,-21.339,390.311,390.311,6900.0
1.0539,-22.469,-22.469,390.004,390.004,6900.0
1.054,-23.859,-23.859,389.734,389.734,6900.0
1.0541,-25.194,-25.194,389.515,389.515,6900.0
1.0542,-26.152,-26.152,389.348,389.348,6900.0
1.0543,-27.164,-27.164,389.215,389.215,6900.0
1.0544,-28.13,-28.13,389.118,389.118,6900.0
1.0545,-29.092,-29.092,389.062,389.062,6900.0
1.0546,-30.069,-30.069,389.049,389.049,6900.0
1.0547,-31.135,-31.135,389.083,389.083,6900.0
1.0548,-32.183,-32.183,389.169,389.169,6900.0
1.0549,-33.127,-33.127,389.307,389.307,6900.0
1.055,-33.874,-33.874,389.489,389.489,6900.0
1.0551,-34.626,-34.626,389.7,389.7,6900.0
1.0552,-35.598,-35.598,389.948,389.948,6900.0
1.0553,-36.372,-36.372,390.241,390.241,6900.0
1.0554,-37.161,-37.161,390.585,390.585,6900.0
1.0555,-37.733,-37.733,390.966,390.966,6900.0
1.0556,-38.304,-38.304,391.364,391.364,6900.0
1.0557,-38.896,-38.896,391.794,391.794,6900.0
1.0558,-39.622,-39.622,392.253,392.253,6900.0
1.0559,-40.106,-40.106,392.77,392.77,6900.0
1.056,-40.424,-40.424,393.318,393.318,6900.0
1.0561,-40.734,-40.734,393.873,393.873,6900.0
1.0562,-41.213,-41.213,394.453,394.453,6900.0
1.0563,-41.518,-41.518,395.052,395.052,6900.0
1.0564,-41.877,-41.877,395.684,395.684,6900.0
1.0565,-41.814,-41.814,396.336,396.336,6900.0
1.0566,-41.917,-41.917,396.973,396.973,6900.0
1.0567,-41.939,-41.939,397.625,397.625,6900.0
1.0568,-41.961,-41.961,398.268,398.268,6900.0
1.0569,-42.229,-42.229,398.915,398.915,6900.0
1.057,-42.074,-42.074,399.581,399.581,6900.0
1.0571,-42.006,-42.006,400.234,400.234,6900.0
1.0572,-41.886,-41.886,400.899,400.899,6900.0
1.0573,-41.674,-41.674,401.551,401.551,6900.0
1.0574,-41.691,-41.691,402.186,402.186,6900.0
1.0575,-41.287,-41.287,402.83,402.83,6900.0
1.0576,-41.105,-41.105,403.449,403.449,6900.0
1.0577,-40.868,-40.868,404.068,404.068,6900.0
1.0578,-40.343,-40.343,404.666,404.666,6900.0
1.0579,-39.904,-39.904,405.221,405.221,6900.0
1.058,-39.585,-39.585,405.757,405.757,6900.0
1.0581,-39.296,-39.296,406.267,406.267,6900.0
1.0582,-38.827,-38.827,406.769,406.769,6900.0
1.0583,-38.039,-38.039,407.242,407.242,6900.0
1.0584,-37.442,-37.442,407.666,407.666,6900.0
1.0585,-36.886,-36.886,408.064,408.064,6900.0
1.0586,-36.421,-36.421,408.432,408.432,6900.0
1.0587,-35.73,-35.73,408.782,408.782,6900.0
1.0588,-34.903,-34.903,409.098,409.098,6900.0
1.0589,-34.154,-34.154,409.37,409.37,6900.0
1.059,-33.299,-33.299,409.606,409.606,6900.0
1.0591,-32.445,-32.445,409.801,409.801,6900.0
1.0592,-31.691,-31.691,409.958,409.958,6900.0
1.0593,-30.777,-30.777,410.079,410.079,6900.0
1.0594,-29.98,-29.98,410.161,410.161,6900.0
1.0595,-28.924,-28.924,410.205,410.205,6900.0
1.0596,-27.897,-27.897,410.196,410.196,6900.0
1.0597,-26.911,-26.911,410.139,410.139,6900.0
1.0598,-26.104,-26.104,410.044,410.044,6900.0
1.0599,-25.35,-25.35,409.926,409.926,6900.0
1.06,-24.074,-24.074,409.783,409.783,6900.0
1.0601,-22.8,-22.8,409.583,409.583,6900.0
1.0602,-21.723,-21.723,409.33,409.33,6900.0
1.0603,-21.03,-21.03,409.044,409.044,6900.0
1.0604,-20.235,-20.235,408.746,408.746,6900.0
1.0605,-18.699,-18.699,408.434,408.434,6900.0
1.0606,-17.216,-17.216,408.069,408.069,6900.0
1.0607,-16.122,-16.122,407.653,407.653,6900.0
1.0608,-14.961,-14.961,407.203,407.203,6900.0
1.0609,-13.991,-13.991,406.725,406.725,6900.0
1.061,-12.76,-12.76,406.227,406.227,6900.0
1.0611,-11.242,-11.242,405.698,405.698,6900.0
1.0612,-10.025,-10.025,405.138,405.138,6900.0
1.0613,-8.633,-8.633,404.559,404.559,6900.0
1.0614,-7.57,-7.57,403.961,403.961,6900.0
1.0615,-6.028,-6.028,403.351,403.351,6900.0
1.0616,-4.519,-4.519,402.726,402.726,6900.0
1.0617,-3.131,-3.131,402.085,402.085,6900.0
1.0618,-1.655,-1.655,401.435,401.435,6900.0
1.0619,-0.53,-0.53,400.776,400.776,6900.0
1.062,-0.693,-0.693,400.114,400.114,6900.0
1.0621,0.144,0.144,399.45,399.45,6900.0
1.0622,1.909,1.909,398.785,398.785,6900.0
1.0623,2.334,2.334,398.123,398.123,6900.0
1.0624,3.463,3.463,397.463,397.463,6900.0
1.0625,4.436,4.436,396.812,396.812,6900.0
1.0626,5.556,5.556,396.168,396.168,6900.0
1.0627,6.946,6.946,395.531,395.531,6900.0
1.0628,8.329,8.329,394.908,394.908,6900.0
1.0629,9.99,9.99,394.301,394.301,6900.0
1.063,11.306,11.306,393.72,393.72,6900.0
1.0631,12.267,12.267,393.157,393.157,6900.0
1.0632,13.682,13.682,392.604,392.604,6900.0
1.0633,15.269,15.269,392.08,392.08,6900.0
1.0634,16.916,16.916,391.598,391.598,6900.0
1.0635,18.243,18.243,391.173,391.173,6900.0
1.0636,19.051,19.051,390.782,390.782,6900.0
1.0637,20.246,20.246,390.402,390.402,6900.0
1.0638,21.591,21.591,390.053,390.053,6900.0
1.0639,22.99,22.99,389.751,389.751,6900.0
1.064,24.027,24.027,389.508,389.508,6900.0
1.0641,24.923,24.923,389.305,389.305,6900.0
1.0642,26.138,26.138,389.125,389.125,6900.0
1.0643,27.216,27.216,388.985,388.985,6900.0
1.0644,28.291,28.291,388.887,388.887,6900.0
1.0645,29.432,29.432,388.839,388.839,6900.0
1.0646,30.497,30.497,388.84,388.84,6900.0
1.0647,31.326,31.326,388.893,388.893,6900.0
1.0648,32.356,32.356,388.986,388.986,6900.0
1.0649,33.165,33.165,389.123,389.123,6900.0
1.065,34.089,34.089,389.294,389.294,6900.0
1.0651,34.897,34.897,389.512,389.512,6900.0
1.0652,35.853,35.853,389.777,389.777,6900.0
1.0653,36.526,36.526,390.091,390.091,6900.0
1.0654,37.084,37.084,390.433,390.433,6900.0
1.0655,37.939,37.939,390.792,390.792,6900.0
1.0656,38.577,38.577,391.195,391.195,6900.0
1.0657,39.321,39.321,391.643,391.643,6900.0
1.0658,39.808,39.808,392.139,392.139,6900.0
1.0659,40.123,40.123,392.654,392.654,6900.0
1.066,40.742,40.742,393.18,393.18,6900.0
1.0661,40.999,40.999,393.744,393.744,6900.0
1.0662,41.671,41.671,394.325,394.325,6900.0
1.0663,41.832,41.832,394.956,394.956,6900.0
1.0664,41.869,41.869,395.591,395.591,6900.0
1.0665,42.223,42.223,396.225,396.225,6900.0
1.0666,42.254,42.254,396.879,396.879,6900.0
1.0667,42.477,42.477,397.528,397.528,6900.0
1.0668,42.508,42.508,398.204,398.204,6900.0
1.0669,42.223,42.223,398.877,398.877,6900.0
1.067,42.292,42.292,399.54,399.54,6900.0
1.0671,42.139,42.139,400.209,400.209,6900.0
1.0672,42.027,42.027,400.861,400.861,6900.0
1.0673,41.951,41.951,401.519,401.519,6900.0
1.0674,41.679,41.679,402.17,402.17,6900.0
1.0675,41.637,41.637,402.812,402.812,6900.0
1.0676,41.225,41.225,403.454,403.454,6900.0
1.0677,40.832,40.832,404.058,404.058,6900.0
1.0678,40.584,40.584,404.644,404.644,6900.0
1.0679,40.215,40.215,405.208,405.208,6900.0
1.068,39.853,39.853,405.76,405.76,6900.0
1.0681,39.414,39.414,406.294,406.294,6900.0
1.0682,38.637,38.637,406.792,406.792,6900.0
1.0683,38.295,38.295,407.25,407.25,6900.0
1.0684,37.833,37.833,407.683,407.683,6900.0
1.0685,37.295,37.295,408.102,408.102,6900.0
1.0686,36.48,36.48,408.495,408.495,6900.0
1.0687,35.827,35.827,408.844,408.844,6900.0
1.0688,35.198,35.198,409.152,409.152,6900.0
1.0689,34.377,34.377,409.428,409.428,6900.0
1.069,33.672,33.672,409.667,409.667,6900.0
1.0691,32.783,32.783,409.873,409.873,6900.0
1.0692,31.895,31.895,410.039,410.039,6900.0
1.0693,30.955,30.955,410.165,410.165,6900.0
1.0694,30.039,30.039,410.245,410.245,6900.0
1.0695,29.006,29.006,410.279,410.279,6900.0
1.0696,28.147,28.147,410.269,410.269,6900.0
1.0697,27.351,27.351,410.227,410.227,6900.0
1.0698,26.28,26.28,410.16,410.16,6900.0
1.0699,25.078,25.078,410.05,410.05,6900.0
1.07,24.023,24.023,409.882,409.882,6900.0
1.0701,23.097,23.097,409.673,409.673,6900.0
1.0702,22.28,22.28,409.439,409.439,6900.0
1.0703,21.282,21.282,409.191,409.191,6900.0
1.0704,19.727,19.727,408.906,408.906,6900.0
1.0705,18.36,18.36,408.555,408.555,6900.0
1.0706,17.396,17.396,408.161,408.161,6900.0
1.0707,16.48,16.48,407.735,407.735,6900.0
1.0708,15.509,15.509,407.295,407.295,6900.0
1.0709,14.039,14.039,406.83,406.83,6900.0
1.071,12.72,12.72,406.327,406.327,6900.0
1.0711,11.616,11.616,405.798,405.798,6900.0
1.0712,10.322,10.322,405.249,405.249,6900.0
1.0713,8.914,8.914,404.684,404.684,6900.0
1.0714,7.336,7.336,404.099,404.099,6900.0
1.0715,5.783,5.783,403.49,403.49,6900.0
1.0716,4.367,4.367,402.864,402.864,6900.0
1.0717,2.998,2.998,402.223,402.223,6900.0
1.0718,1.756,1.756,401.571,401.571,6900.0
1.0719,0.594,0.594,400.912,400.912,6900.0
1.072,0.0,0.0,400.25,400.25,6900.0
1.0721,0.0,0.0,399.586,399.586,6900.0
1.0722,-2.141,-2.141,398.922,398.922,6900.0
1.0723,-2.175,-2.175,398.261,398.261,6900.0
1.0724,-3.089,-3.089,397.601,397.601,6900.0
1.0725,-4.28,-4.28,396.945,396.945,6900.0
1.0726,-5.708,-5.708,396.295,396.295,6900.0
1.0727,-7.083,-7.083,395.656,395.656,6900.0
1.0728,-8.544,-8.544,395.033,395.033,6900.0
1.0729,-9.68,-9.68,394.43,394.43,6900.0
1.073,-11.006,-11.006,393.837,393.837,6900.0
1.0731,-12.767,-12.767,393.264,393.264,6900.0
1.0732,-14.252,-14.252,392.724,392.724,6900.0
1.0733,-15.73,-15.73,392.227,392.227,6900.0
1.0734,-16.735,-16.735,391.773,391.773,6900.0
1.0735,-17.683,-17.683,391.332,391.332,6900.0
1.0736,-19.114,-19.114,390.909,390.909,6900.0
1.0737,-20.521,-20.521,390.526,390.526,6900.0
1.0738,-21.907,-21.907,390.197,390.197,6900.0
1.0739,-22.958,-22.958,389.918,389.918,6900.0
1.074,-23.885,-23.885,389.665,389.665,6900.0
1.0741,-25.056,-25.056,389.436,389.436,6900.0
1.0742,-26.296,-26.296,389.246,389.246,6900.0
1.0743,-27.395,-27.395,389.107,389.107,6900.0
1.0744,-28.451,-28.451,389.015,389.015,6900.0
1.0745,-29.441,-29.441,388.971,388.971,6900.0
1.0746,-30.385,-30.385,388.972,388.972,6900.0
1.0747,-31.437,-31.437,389.015,389.015,6900.0
1.0748,-32.463,-32.463,389.105,389.105,6900.0
1.0749,-33.345,-33.345,389.243,389.243,6900.0
1.075,-34.303,-34.303,389.427,389.427,6900.0
1.0751,-35.071,-35.071,389.662,389.662,6900.0
1.0752,-35.69,-35.69,389.935,389.935,6900.0
1.0753,-36.351,-36.351,390.228,390.228,6900.0
1.0754,-37.387,-37.387,390.551,390.551,6900.0
1.0755,-38.212,-38.212,390.918,390.918,6900.0
1.0756,-38.747,-38.747,391.344,391.344,6900.0
1.0757,-39.249,-39.249,391.799,391.799,6900.0
1.0758,-39.743,-39.743,392.269,392.269,6900.0
1.0759,-40.296,-40.296,392.772,392.772,6900.0
1.076,-40.784,-40.784,393.303,393.303,6900.0
1.0761,-41.433,-41.433,393.883,393.883,6900.0
1.0762,-41.502,-41.502,394.501,394.501,6900.0
1.0763,-41.766,-41.766,395.112,395.112,6900.0
1.0764,-42.114,-42.114,395.742,395.742,6900.0
1.0765,-42.109,-42.109,396.384,396.384,6900.0
1.0766,-42.358,-42.358,397.037,397.037,6900.0
1.0767,-42.405,-42.405,397.706,397.706,6900.0
1.0768,-42.445,-42.445,398.363,398.363,6900.0
1.0769,-42.485,-42.485,399.032,399.032,6900.0
1.077,-42.333,-42.333,399.697,399.697,6900.0
1.0771,-42.452,-42.452,400.356,400.356,6900.0
1.0772,-42.358,-42.358,401.031,401.031,6900.0
1.0773,-42.111,-42.111,401.695,401.695,6900.0
1.0774,-41.964,-41.964,402.365,402.365,6900.0
1.0775,-41.624,-41.624,403.02,403.02,6900.0
1.0776,-41.473,-41.473,403.648,403.648,6900.0
1.0777,-41.08,-41.08,404.27,404.27,6900.0
1.0778,-40.908,-40.908,404.862,404.862,6900.0
1.0779,-40.425,-40.425,405.452,405.452,6900.0
1.078,-39.759,-39.759,406.009,406.009,6900.0
1.0781,-39.415,-39.415,406.518,406.518,6900.0
1.0782,-39.007,-39.007,407.01,407.01,6900.0
1.0783,-38.575,-38.575,407.479,407.479,6900.0
1.0784,-38.014,-38.014,407.935,407.935,6900.0
1.0785,-37.365,-37.365,408.36,408.36,6900.0
1.0786,-36.637,-36.637,408.745,408.745,6900.0
1.0787,-35.996,-35.996,409.095,409.095,6900.0
1.0788,-35.308,-35.308,409.414,409.414,6900.0
1.0789,-34.498,-34.498,409.704,409.704,6900.0
1.079,-33.587,-33.587,409.955,409.955,6900.0
1.0791,-32.682,-32.682,410.16,410.16,6900.0
1.0792,-31.998,-31.998,410.32,410.32,6900.0
1.0793,-31.047,-31.047,410.443,410.443,6900.0
1.0794,-30.267,-30.267,410.52,410.52,6900.0
1.0795,-29.347,-29.347,410.564,410.564,6900.0
1.0796,-28.377,-28.377,410.575,410.575,6900.0
1.0797,-27.291,-27.291,410.546,410.546,6900.0
1.0798,-26.151,-26.151,410.468,410.468,6900.0
1.0799,-25.267,-25.267,410.336,410.336,6900.0
1.08,-24.426,-24.426,410.173,410.173,6900.0
1.0801,-23.464,-23.464,409.991,409.991,6900.0
1.0802,-22.131,-22.131,409.783,409.783,6900.0
1.0803,-20.687,-20.687,409.516,409.516,6900.0
1.0804,-19.736,-19.736,409.191,409.191,6900.0
1.0805,-18.894,-18.894,408.834,408.834,6900.0
1.0806,-18.046,-18.046,408.459,408.459,6900.0
1.0807,-16.726,-16.726,408.069,408.069,6900.0
1.0808,-15.11,-15.11,407.639,407.639,6900.0
1.0809,-14.058,-14.058,407.165,407.165,6900.0
1.081,-12.727,-12.727,406.667,406.667,6900.0
1.0811,-11.776,-11.776,406.143,406.143,6900.0
1.0812,-10.257,-10.257,405.604,405.604,6900.0
1.0813,-8.639,-8.639,405.037,405.037,6900.0
1.0814,-7.291,-7.291,404.442,404.442,6900.0
1.0815,-5.846,-5.846,403.83,403.83,6900.0
1.0816,-4.519,-4.519,403.201,403.201,6900.0
1.0817,-3.068,-3.068,402.56,402.56,6900.0
1.0818,-1.768,-1.768,401.909,401.909,6900.0
1.0819,-0.695,-0.695,401.251,401.251,6900.0
1.082,-0.53,-0.53,400.589,400.589,6900.0
1.0821,-0.0,-0.0,399.926,399.926,6900.0
1.0822,1.924,1.924,399.262,399.262,6900.0
1.0823,2.132,2.132,398.6,398.6,6900.0
1.0824,3.338,3.338,397.938,397.938,6900.0
1.0825,4.342,4.342,397.283,397.283,6900.0
1.0826,5.808,5.808,396.635,396.635,6900.0
1.0827,7.025,7.025,396.003,396.003,6900.0
1.0828,8.161,8.161,395.383,395.383,6900.0
1.0829,9.582,9.582,394.773,394.773,6900.0
1.083,11.188,11.188,394.184,394.184,6900.0
1.0831,12.732,12.732,393.621,393.621,6900.0
1.0832,14.055,14.055,393.096,393.096,6900.0
1.0833,14.984,14.984,392.595,392.595,6900.0
1.0834,16.334,16.334,392.103,392.103,6900.0
1.0835,17.92,17.92,391.642,391.642,6900.0
1.0836,19.524,19.524,391.23,391.23,6900.0
1.0837,20.706,20.706,390.879,390.879,6900.0
1.0838,21.552,21.552,390.565,390.565,6900.0
1.0839,22.646,22.646,390.265,390.265,6900.0
1.084,23.847,23.847,389.996,389.996,6900.0
1.0841,25.098,25.098,389.769,389.769,6900.0
1.0842,26.206,26.206,389.596,389.596,6900.0
1.0843,27.257,27.257,389.464,389.464,6900.0
1.0844,28.215,28.215,389.368,389.368,6900.0
1.0845,29.321,29.321,389.309,389.309,6900.0
1.0846,30.425,30.425,389.297,389.297,6900.0
1.0847,31.429,31.429,389.337,389.337,6900.0
1.0848,32.444,32.444,389.426,389.426,6900.0
1.0849,33.341,33.341,389.571,389.571,6900.0
1.085,34.113,34.113,389.763,389.763,6900.0
1.0851,34.911,34.911,389.988,389.988,6900.0
1.0852,35.7,35.7,390.243,390.243,6900.0
1.0853,36.546,36.546,390.536,390.536,6900.0
1.0854,37.353,37.353,390.875,390.875,6900.0
1.0855,37.887,37.887,391.26,391.26,6900.0
1.0856,38.502,38.502,391.664,391.664,6900.0
1.0857,39.174,39.174,392.089,392.089,6900.0
1.0858,39.638,39.638,392.554,392.554,6900.0
1.0859,40.526,40.526,393.053,393.053,6900.0
1.086,40.813,40.813,393.615,393.615,6900.0
1.0861,40.985,40.985,394.192,394.192,6900.0
1.0862,41.516,41.516,394.776,394.776,6900.0
1.0863,41.721,41.721,395.392,395.392,6900.0
1.0864,41.992,41.992,396.019,396.019,6900.0
1.0865,42.142,42.142,396.674,396.674,6900.0
1.0866,42.061,42.061,397.328,397.328,6900.0
1.0867,42.396,42.396,397.972,397.972,6900.0
1.0868,42.233,42.233,398.632,398.632,6900.0
1.0869,42.367,42.367,399.275,399.275,6900.0
1.087,42.421,42.421,399.938,399.938,6900.0
1.0871,42.085,42.085,400.602,400.602,6900.0
1.0872,42.134,42.134,401.259,401.259,6900.0
1.0873,41.971,41.971,401.924,401.924,6900.0
1.0874,41.677,41.677,402.571,402.571,6900.0
1.0875,41.593,41.593,403.214,403.214,6900.0
1.0876,41.236,41.236,403.845,403.845,6900.0
1.0877,40.991,40.991,404.465,404.465,6900.0
1.0878,40.697,40.697,405.071,405.071,6900.0
1.0879,40.178,40.178,405.641,405.641,6900.0
1.088,39.796,39.796,406.18,406.18,6900.0
1.0881,39.348,39.348,406.693,406.693,6900.0
1.0882,39.027,39.027,407.189,407.189,6900.0
1.0883,38.421,38.421,407.668,407.668,6900.0
1.0884,37.614,37.614,408.109,408.109,6900.0
1.0885,37.31,37.31,408.507,408.507,6900.0
1.0886,36.527,36.527,408.887,408.887,6900.0
1.0887,35.951,35.951,409.239,409.239,6900.0
1.0888,35.261,35.261,409.564,409.564,6900.0
1.0889,34.436,34.436,409.852,409.852,6900.0
1.089,33.638,33.638,410.097,410.097,6900.0
1.0891,32.811,32.811,410.302,410.302,6900.0
1.0892,31.931,31.931,410.467,410.467,6900.0
1.0893,31.031,31.031,410.592,410.592,6900.0
1.0894,30.161,30.161,410.679,410.679,6900.0
1.0895,29.152,29.152,410.728,410.728,6900.0
1.0896,28.07,28.07,410.732,410.732,6900.0
1.0897,27.068,27.068,410.681,410.681,6900.0
1.0898,26.286,26.286,410.588,410.588,6900.0
1.0899,25.379,25.379,410.47,410.47,6900.0
1.09,24.263,24.263,410.33,410.33,6900.0
1.0901,22.932,22.932,410.147,410.147,6900.0
1.0902,21.7,21.7,409.903,409.903,6900.0
1.0903,20.915,20.915,409.614,409.614,6900.0
1.0904,20.147,20.147,409.307,409.307,6900.0
1.0905,19.215,19.215,408.989,408.989,6900.0
1.0906,17.646,17.646,408.642,408.642,6900.0
1.0907,16.186,16.186,408.237,408.237,6900.0
1.0908,15.025,15.025,407.793,407.793,6900.0
1.0909,14.024,14.024,407.315,407.315,6900.0
1.091,12.863,12.863,406.819,406.819,6900.0
1.0911,11.508,11.508,406.297,406.297,6900.0
1.0912,9.934,9.934,405.743,405.743,6900.0
1.0913,8.868,8.868,405.164,405.164,6900.0
1.0914,7.55,7.55,404.568,404.568,6900.0
1.0915,6.176,6.176,403.959,403.959,6900.0
1.0916,4.774,4.774,403.335,403.335,6900.0
1.0917,3.159,3.159,402.698,402.698,6900.0
1.0918,1.799,1.799,402.049,402.049,6900.0
1.0919,0.735,0.735,401.391,401.391,6900.0
1.092,0.807,0.807,400.73,400.73,6900.0
1.0921,-0.081,-0.081,400.067,400.067,6900.0
1.0922,-1.486,-1.486,399.403,399.403,6900.0
1.0923,-2.807,-2.807,398.742,398.742,6900.0
1.0924,-3.299,-3.299,398.084,398.084,6900.0
1.0925,-4.488,-4.488,397.432,397.432,6900.0
1.0926,-5.584,-5.584,396.79,396.79,6900.0
1.0927,-6.758,-6.758,396.154,396.154,6900.0
1.0928,-8.272,-8.272,395.53,395.53,6900.0
1.0929,-9.77,-9.77,394.922,394.922,6900.0
1.093,-11.192,-11.192,394.339,394.339,6900.0
1.0931,-12.313,-12.313,393.778,393.778,6900.0
1.0932,-13.525,-13.525,393.23,393.23,6900.0
1.0933,-15.129,-15.129,392.701,392.701,6900.0
1.0934,-16.611,-16.611,392.208,392.208,6900.0
1.0935,-18.219,-18.219,391.767,391.767,6900.0
1.0936,-19.14,-19.14,391.378,391.378,6900.0
1.0937,-20.029,-20.029,391.006,391.006,6900.0
1.0938,-21.228,-21.228,390.655,390.655,6900.0
1.0939,-22.572,-22.572,390.342,390.342,6900.0
1.094,-24.035,-24.035,390.081,390.081,6900.0
1.0941,-24.994,-24.994,389.875,389.875,6900.0
1.0942,-25.839,-25.839,389.701,389.701,6900.0
1.0943,-27.017,-27.017,389.554,389.554,6900.0
1.0944,-28.17,-28.17,389.45,389.45,6900.0
1.0945,-29.274,-29.274,389.394,389.394,6900.0
1.0946,-30.313,-30.313,389.386,389.386,6900.0
1.0947,-31.273,-31.273,389.428,389.428,6900.0
1.0948,-32.195,-32.195,389.516,389.516,6900.0
1.0949,-33.056,-33.056,389.648,389.648,6900.0
1.095,-33.827,-33.827,389.817,389.817,6900.0
1.0951,-34.795,-34.795,390.024,390.024,6900.0
1.0952,-35.701,-35.701,390.277,390.277,6900.0
1.0953,-36.457,-36.457,390.585,390.585,6900.0
1.0954,-37.017,-37.017,390.931,390.931,6900.0
1.0955,-37.543,-37.543,391.294,391.294,6900.0
1.0956,-38.392,-38.392,391.686,391.686,6900.0
1.0957,-39.127,-39.127,392.116,392.116,6900.0
1.0958,-39.719,-39.719,392.601,392.601,6900.0
1.0959,-40.094,-40.094,393.12,393.12,6900.0
1.096,-40.343,-40.343,393.647,393.647,6900.0
1.0961,-40.904,-40.904,394.195,394.195,6900.0
1.0962,-41.229,-41.229,394.769,394.769,6900.0
1.0963,-41.634,-41.634,395.38,395.38,6900.0
1.0964,-41.767,-41.767,396.017,396.017,6900.0
1.0965,-41.854,-41.854,396.646,396.646,6900.0
1.0966,-42.137,-42.137,397.289,397.289,6900.0
1.0967,-42.148,-42.148,397.937,397.937,6900.0
1.0968,-42.325,-42.325,398.594,398.594,6900.0
1.0969,-42.191,-42.191,399.264,399.264,6900.0
1.097,-42.256,-42.256,399.918,399.918,6900.0
1.0971,-42.215,-42.215,400.585,400.585,6900.0
1.0972,-41.912,-41.912,401.245,401.245,6900.0
1.0973,-41.974,-41.974,401.89,401.89,6900.0
1.0974,-41.67,-41.67,402.545,402.545,6900.0
1.0975,-41.486,-41.486,403.181,403.181,6900.0
1.0976,-41.229,-41.229,403.82,403.82,6900.0
1.0977,-40.68,-40.68,404.439,404.439,6900.0
1.0978,-40.411,-40.411,405.018,405.018,6900.0
1.0979,-40.138,-40.138,405.584,405.584,6900.0
1.098,-39.863,-39.863,406.125,406.125,6900.0
1.0981,-39.378,-39.378,406.658,406.658,6900.0
1.0982,-38.671,-38.671,407.161,407.161,6900.0
1.0983,-38.282,-38.282,407.614,407.614,6900.0
1.0984,-37.75,-37.75,408.049,408.049,6900.0
1.0985,-37.191,-37.191,408.456,408.456,6900.0
1.0986,-36.557,-36.557,408.846,408.846,6900.0
1.0987,-35.833,-35.833,409.202,409.202,6900.0
1.0988,-34.95,-34.95,409.517,409.517,6900.0
1.0989,-34.361,-34.361,409.791,409.791,6900.0
1.099,-33.528,-33.528,410.033,410.033,6900.0
1.0991,-32.737,-32.737,410.238,410.238,6900.0
1.0992,-31.795,-31.795,410.406,410.406,6900.0
1.0993,-30.984,-30.984,410.531,410.531,6900.0
1.0994,-30.035,-30.035,410.614,410.614,6900.0
1.0995,-28.957,-28.957,410.651,410.651,6900.0
1.0996,-27.957,-27.957,410.64,410.64,6900.0
1.0997,-27.213,-27.213,410.59,410.59,6900.0
1.0998,-26.446,-26.446,410.516,410.516,6900.0
1.0999,-25.257,-25.257,410.413,410.413,6900.0
1.1,-24.008,-24.008,410.259,410.259,6900.0
1.1001,-22.989,-22.989,410.051,410.051,6900.0
1.1002,-22.189,-22.189,409.812,409.812,6900.0
1.1003,-21.273,-21.273,409.557,409.557,6900.0
1.1004,-19.935,-19.935,409.281,409.281,6900.0
1.1005,-18.354,-18.354,408.948,408.948,6900.0
1.1006,-17.318,-17.318,408.558,408.558,6900.0
1.1007,-16.275,-16.275,408.134,408.134,6900.0
1.1008,-15.455,-15.455,407.685,407.685,6900.0
1.1009,-14.063,-14.063,407.222,407.222,6900.0
1.101,-12.491,-12.491,406.723,406.723,6900.0
1.1011,-11.614,-11.614,406.19,406.19,6900.0
1.1012,-10.229,-10.229,405.641,405.641,6900.0
1.1013,-9.082,-9.082,405.073,405.073,6900.0
1.1014,-7.567,-7.567,404.49,404.49,6900.0
1.1015,-5.994,-5.994,403.886,403.886,6900.0
1.1016,-4.685,-4.685,403.262,403.262,6900.0
1.1017,-3.163,-3.163,402.624,402.624,6900.0
1.1018,-1.902,-1.902,401.974,401.974,6900.0
1.1019,-0.721,-0.721,401.317,401.317,6900.0
1.102,-0.47,-0.47,400.655,400.655,6900.0
1.1021,-0.0,-0.0,399.992,399.992,6900.0
1.1022,1.428,1.428,399.328,399.328,6900.0
1.1023,2.174,2.174,398.666,398.666,6900.0
1.1024,3.046,3.046,398.007,398.007,6900.0
1.1025,4.148,4.148,397.353,397.353,6900.0
1.1026,5.531,5.531,396.703,396.703,6900.0
1.1027,6.767,6.767,396.063,396.063,6900.0
1.1028,8.47,8.47,395.435,395.435,6900.0
1.1029,9.717,9.717,394.83,394.83,6900.0
1.103,10.949,10.949,394.241,394.241,6900.0
1.1031,12.327,12.327,393.664,393.664,6900.0
1.1032,13.781,13.781,393.117,393.117,6900.0
1.1033,15.386,15.386,392.605,392.605,6900.0
1.1034,16.61,16.61,392.145,392.145,6900.0
1.1035,17.385,17.385,391.714,391.714,6900.0
1.1036,18.682,18.682,391.292,391.292,6900.0
1.1037,20.207,20.207,390.901,390.901,6900.0
1.1038,22.097,21.739,390.559,390.559,6900.0
1.1039,22.742,22.742,390.276,390.276,6900.0
1.104,23.602,23.602,390.028,390.028,6900.0
1.1041,24.573,24.573,389.798,389.798,6900.0
1.1042,25.802,25.802,389.596,389.596,6900.0
1.1043,27.104,27.104,389.44,389.44,6900.0
1.1044,28.186,28.186,389.339,389.339,6900.0
1.1045,29.26,29.26,389.286,389.286,6900.0
1.1046,30.112,30.112,389.281,389.281,6900.0
1.1047,31.13,31.13,389.318,389.318,6900.0
1.1048,32.07,32.07,389.401,389.401,6900.0
1.1049,33.061,33.061,389.528,389.528,6900.0
1.105,33.899,33.899,389.703,389.703,6900.0
1.1051,34.711,34.711,389.928,389.928,6900.0
1.1052,35.489,35.489,390.192,390.192,6900.0
1.1053,36.095,36.095,390.486,390.486,6900.0
1.1054,36.966,36.966,390.797,390.797,6900.0
1.1055,37.651,37.651,391.151,391.151,6900.0
1.1056,38.487,38.487,391.548,391.548,6900.0
1.1057,39.008,39.008,391.994,391.994,6900.0
1.1058,39.344,39.344,392.464,392.464,6900.0
1.1059,40.114,40.114,392.946,392.946,6900.0
1.106,40.416,40.416,393.475,393.475,6900.0
1.1061,41.11,41.11,394.03,394.03,6900.0
1.1062,41.348,41.348,394.641,394.641,6900.0
1.1063,41.39,41.39,395.262,395.262,6900.0
1.1064,41.729,41.729,395.88,395.88,6900.0
1.1065,41.742,41.742,396.519,396.519,6900.0
1.1066,41.956,41.956,397.151,397.151,6900.0
1.1067,41.996,41.996,397.806,397.806,6900.0
1.1068,41.943,41.943,398.453,398.453,6900.0
1.1069,42.229,42.229,399.094,399.094,6900.0
1.107,42.119,42.119,399.751,399.751,6900.0
1.1071,42.057,42.057,400.393,400.393,6900.0
1.1072,42.12,42.12,401.051,401.051,6900.0
1.1073,41.819,41.819,401.708,401.708,6900.0
1.1074,41.807,41.807,402.361,402.361,6900.0
1.1075,41.332,41.332,403.021,403.021,6900.0
1.1076,41.05,41.05,403.646,403.646,6900.0
1.1077,40.869,40.869,404.258,404.258,6900.0
1.1078,40.519,40.369,404.852,404.852,6900.0
1.1079,40.06,40.06,405.425,405.425,6900.0
1.108,39.534,39.534,405.977,405.977,6900.0
1.1081,39.05,39.05,406.485,406.485,6900.0
1.1082,38.769,38.769,406.962,406.962,6900.0
1.1083,38.288,38.288,407.416,407.416,6900.0
1.1084,37.834,37.834,407.855,407.855,6900.0
1.1085,37.137,37.137,408.277,408.277,6900.0
1.1086,36.405,36.405,408.66,408.66,6900.0
1.1087,35.798,35.798,409.003,409.003,6900.0
1.1088,35.179,35.179,409.317,409.317,6900.0
1.1089,34.353,34.353,409.606,409.606,6900.0
1.109,33.588,33.588,409.857,409.857,6900.0
1.1091,32.747,32.747,410.07,410.07,6900.0
1.1092,31.845,31.845,410.237,410.237,6900.0
1.1093,30.788,30.788,410.361,410.361,6900.0
1.1094,29.988,29.988,410.432,410.432,6900.0
1.1095,29.124,29.124,410.465,410.465,6900.0
1.1096,28.381,28.381,410.463,410.463,6900.0
1.1097,27.226,27.226,410.435,410.435,6900.0
1.1098,26.083,26.083,410.361,410.361,6900.0
1.1099,25.014,25.014,410.232,410.232,6900.0
1.11,24.247,24.247,410.062,410.062,6900.0
1.1101,23.481,23.481,409.87,409.87,6900.0
1.1102,22.388,22.388,409.664,409.664,6900.0
1.1103,20.907,20.907,409.416,409.416,6900.0
1.1104,19.551,19.551,409.104,409.104,6900.0
1.1105,18.705,18.705,408.744,408.744,6900.0
1.1106,17.934,17.934,408.358,408.358,6900.0
1.1107,16.866,16.866,407.961,407.961,6900.0
1.1108,15.282,15.282,407.536,407.536,6900.0
1.1109,13.8,13.8,407.066,407.066,6900.0
1.111,12.826,12.826,406.564,406.564,6900.0
1.1111,11.547,11.547,406.04,406.04,6900.0
1.1112,10.42,10.42,405.498,405.498,6900.0
1.1113,8.835,8.835,404.936,404.936,6900.0
1.1114,7.386,7.386,404.346,404.346,6900.0
1.1115,5.928,5.928,403.736,403.736,6900.0
1.1116,4.639,4.639,403.108,403.108,6900.0
1.1117,3.304,3.304,402.468,402.468,6900.0
1.1118,1.949,1.949,401.818,401.818,6900.0
1.1119,0.745,0.745,401.16,401.16,6900.0
1.112,0.0,0.0,400.499,400.499,6900.0
1.1121,0.0,0.0,399.835,399.835,6900.0
1.1122,-1.225,-1.225,399.171,399.171,6900.0
1.1123,-2.385,-2.385,398.508,398.508,6900.0
1.1124,-2.983,-2.983,397.848,397.848,6900.0
1.1125,-4.352,-4.352,397.191,397.191,6900.0
1.1126,-5.548,-5.548,396.541,396.541,6900.0
1.1127,-7.043,-7.043,395.905,395.905,6900.0
1.1128,-8.211,-8.211,395.284,395.284,6900.0
1.1129,-9.317,-9.317,394.675,394.675,6900.0
1.113,-11.027,-11.027,394.081,394.081,6900.0
1.1131,-12.427,-12.427,393.514,393.514,6900.0
1.1132,-14.001,-14.001,392.981,392.981,6900.0
1.1133,-14.971,-14.971,392.485,392.485,6900.0
1.1134,-15.971,-15.971,392.0,392.0,6900.0
1.1135,-17.579,-17.579,391.533,391.533,6900.0
1.1136,-19.085,-19.085,391.107,391.107,6900.0
1.1137,-20.598,-20.598,390.738,390.738,6900.0
1.1138,-21.588,-21.588,390.422,390.422,6900.0
1.1139,-22.617,-22.267,390.13,390.13,6900.0
1.114,-23.453,-23.453,389.855,389.855,6900.0
1.1141,-24.76,-24.76,389.617,389.617,6900.0
1.1142,-26.007,-26.007,389.429,389.429,6900.0
1.1143,-26.966,-26.966,389.291,389.291,6900.0
1.1144,-27.867,-27.867,389.191,389.191,6900.0
1.1145,-28.988,-28.988,389.125,389.125,6900.0
1.1146,-29.99,-29.99,389.105,389.105,6900.0
1.1147,-31.021,-31.021,389.131,389.131,6900.0
1.1148,-32.133,-32.133,389.205,389.205,6900.0
1.1149,-33.084,-33.084,389.336,389.336,6900.0
1.115,-33.96,-33.96,389.518,389.518,6900.0
1.1151,-34.776,-34.776,389.742,389.742,6900.0
1.1152,-35.507,-35.507,389.997,389.997,6900.0
1.1153,-36.287,-36.287,390.286,390.286,6900.0
1.1154,-37.157,-37.157,390.61,390.61,6900.0
1.1155,-37.9,-37.9,390.988,390.988,6900.0
1.1156,-38.329,-38.329,391.401,391.401,6900.0
1.1157,-38.92,-38.92,391.825,391.825,6900.0
1.1158,-39.565,-39.565,392.282,392.282,6900.0
1.1159,-40.203,-40.203,392.77,392.77,6900.0
1.116,-40.804,-40.804,393.315,393.315,6900.0
1.1161,-40.97,-40.97,393.898,393.898,6900.0
1.1162,-41.163,-41.163,394.482,394.482,6900.0
1.1163,-41.507,-41.507,395.09,395.09,6900.0
1.1164,-41.707,-41.707,395.709,395.709,6900.0
1.1165,-41.981,-41.981,396.355,396.355,6900.0
1.1166,-41.875,-41.875,397.017,397.017,6900.0
1.1167,-42.006,-42.006,397.657,397.657,6900.0
1.1168,-42.129,-42.129,398.308,398.308,6900.0
1.1169,-41.963,-41.963,398.956,398.956,6900.0
1.117,-42.273,-42.273,399.599,399.599,6900.0
1.1171,-42.018,-42.018,400.264,400.264,6900.0
1.1172,-42.07,-42.07,400.91,400.91,6900.0
1.1173,-41.955,-41.955,401.572,401.572,6900.0
1.1174,-41.583,-41.583,402.225,402.225,6900.0
1.1175,-41.522,-41.522,402.856,402.856,6900.0
1.1176,-41.167,-41.167,403.49,403.49,6900.0
1.1177,-41.038,-41.038,404.099,404.099,6900.0
1.1178,-40.6,-40.6,404.711,404.711,6900.0
1.1179,-40.181,-40.026,405.294,405.294,6900.0
1.118,-39.775,-39.775,405.83,405.83,6900.0
1.1181,-39.21,-39.21,406.351,406.351,6900.0
1.1182,-38.935,-38.935,406.837,406.837,6900.0
1.1183,-38.454,-38.454,407.314,407.314,6900.0
1.1184,-37.765,-37.765,407.762,407.762,6900.0
1.1185,-37.088,-37.088,408.165,408.165,6900.0
1.1186,-36.487,-36.487,408.539,408.539,6900.0
1.1187,-36.013,-36.013,408.883,408.883,6900.0
1.1188,-35.281,-35.281,409.208,409.208,6900.0
1.1189,-34.458,-34.458,409.499,409.499,6900.0
1.119,-33.513,-33.513,409.749,409.749,6900.0
1.1191,-32.76,-32.76,409.954,409.954,6900.0
1.1192,-31.891,-31.891,410.12,410.12,6900.0
1.1193,-30.985,-30.985,410.245,410.245,6900.0
1.1194,-30.185,-30.185,410.331,410.331,6900.0
1.1195,-29.325,-29.325,410.381,410.381,6900.0
1.1196,-28.176,-28.176,410.392,410.392,6900.0
1.1197,-27.208,-27.208,410.351,410.351,6900.0
1.1198,-26.203,-26.203,410.262,410.262,6900.0
1.1199,-25.278,-25.278,410.137,410.137,6900.0
1.12,-24.498,-24.498,409.987,409.987,6900.0
1.1201,-23.301,-23.301,409.814,409.814,6900.0
1.1202,-21.965,-21.965,409.586,409.586,6900.0
1.1203,-21.019,-21.019,409.302,409.302,6900.0
1.1204,-20.119,-20.119,408.989,408.989,6900.0
1.1205,-19.368,-19.368,408.659,408.659,6900.0
1.1206,-17.906,-17.906,408.317,408.317,6900.0
1.1207,-16.273,-16.273,407.927,407.927,6900.0
1.1208,-15.225,-15.225,407.484,407.484,6900.0
1.1209,-14.037,-14.037,407.012,407.012,6900.0
1.121,-12.979,-12.979,406.514,406.514,6900.0
1.1211,-11.648,-11.648,405.995,405.995,6900.0
1.1212,-10.087,-10.087,405.446,405.446,6900.0
1.1213,-8.997,-8.997,404.867,404.867,6900.0
1.1214,-7.563,-7.563,404.273,404.273,6900.0
1.1215,-6.343,-6.343,403.66,403.66,6900.0
1.1216,-4.822,-4.822,403.037,403.037,6900.0
1.1217,-3.325,-3.325,402.399,402.399,6900.0
1.1218,-1.982,-1.982,401.749,401.749,6900.0
1.1219,-0.931,-0.778,401.092,401.092,6900.0
1.122,-0.859,-0.859,400.431,400.431,6900.0
1.1221,0.051,0.051,399.767,399.767,6900.0
1.1222,0.864,0.864,399.103,399.103,6900.0
1.1223,2.431,2.431,398.439,398.439,6900.0
1.1224,3.051,3.051,397.78,397.78,6900.0
1.1225,4.471,4.471,397.125,397.125,6900.0
1.1226,5.477,5.477,396.482,396.482,6900.0
1.1227,6.718,6.718,395.848,395.848,6900.0
1.1228,8.18,8.18,395.222,395.222,6900.0
1.1229,9.484,9.484,394.614,394.614,6900.0
1.123,11.158,11.158,394.024,394.024,6900.0
1.1231,12.432,12.432,393.466,393.466,6900.0
1.1232,13.402,13.402,392.926,392.926,6900.0
1.1233,14.93,14.93,392.397,392.397,6900.0
1.1234,16.47,16.47,391.899,391.899,6900.0
1.1235,18.03,18.03,391.445,391.445,6900.0
1.1236,19.316,19.316,391.05,391.05,6900.0
1.1237,20.119,20.119,390.692,390.692,6900.0
1.1238,21.198,21.198,390.346,390.346,6900.0
1.1239,22.617,22.617,390.031,390.031,6900.0
1.124,23.903,23.903,389.765,389.765,6900.0
1.1241,25.071,25.071,389.554,389.554,6900.0
1.1242,25.903,25.903,389.386,389.386,6900.0
1.1243,26.955,26.955,389.244,389.244,6900.0
1.1244,28.047,28.047,389.139,389.139,6900.0
1.1245,29.262,29.262,389.078,389.078,6900.0
1.1246,30.229,30.229,389.07,389.07,6900.0
1.1247,31.265,31.265,389.106,389.106,6900.0
1.1248,32.191,32.191,389.195,389.195,6900.0
1.1249,33.092,33.092,389.327,389.327,6900.0
1.125,33.866,33.866,389.5,389.5,6900.0
1.1251,34.883,34.883,389.704,389.704,6900.0
1.1252,35.584,35.584,389.958,389.958,6900.0
1.1253,36.496,36.496,390.26,390.26,6900.0
1.1254,37.26,37.26,390.607,390.607,6900.0
1.1255,37.824,37.824,390.984,390.984,6900.0
1.1256,38.458,38.458,391.382,391.382,6900.0
1.1257,39.132,39.132,391.815,391.815,6900.0
1.1258,39.848,39.848,392.29,392.29,6900.0
1.1259,40.207,40.207,392.817,392.817,6900.0
1.126,40.388,40.388,393.359,393.359,6900.0
1.1261,40.86,40.86,393.907,393.907,6900.0
1.1262,41.265,41.265,394.486,394.486,6900.0
1.1263,41.786,41.786,395.084,395.084,6900.0
1.1264,41.889,41.889,395.728,395.728,6900.0
1.1265,41.789,41.789,396.373,396.373,6900.0
1.1266,42.128,42.128,397.011,397.011,6900.0
1.1267,42.213,42.213,397.665,397.665,6900.0
1.1268,42.367,42.367,398.313,398.313,6900.0
1.1269,42.393,42.393,398.983,398.983,6900.0
1.127,42.245,42.245,399.648,399.648,6900.0
1.1271,42.302,42.302,400.31,400.31,6900.0
1.1272,42.131,42.131,400.979,400.979,6900.0
1.1273,42.027,42.027,401.625,401.625,6900.0
1.1274,41.899,41.899,402.281,402.281,6900.0
1.1275,41.561,41.561,402.926,402.926,6900.0
1.1276,41.463,41.463,403.563,403.563,6900.0
1.1277,41.008,41.008,404.195,404.195,6900.0
1.1278,40.494,40.494,404.789,404.789,6900.0
1.1279,40.213,40.213,405.358,405.358,6900.0
1.128,39.892,39.73,405.903,405.903,6900.0
1.1281,39.471,39.471,406.43,406.43,6900.0
1.1282,39.028,39.028,406.938,406.938,6900.0
1.1283,38.212,38.212,407.41,407.41,6900.0
1.1284,37.907,37.907,407.838,407.838,6900.0
1.1285,37.309,37.309,408.246,408.246,6900.0
1.1286,36.841,36.841,408.633,408.633,6900.0
1.1287,35.96,35.96,409.0,409.0,6900.0
1.1288,35.153,35.153,409.324,409.324,6900.0
1.1289,34.423,34.423,409.602,409.602,6900.0
1.129,33.613,33.613,409.846,409.846,6900.0
1.1291,32.789,32.789,410.052,410.052,6900.0
1.1292,31.878,31.878,410.222,410.222,6900.0
1.1293,31.086,31.086,410.35,410.35,6900.0
1.1294,30.038,30.038,410.441,410.441,6900.0
1.1295,29.074,29.074,410.483,410.483,6900.0
1.1296,28.136,28.136,410.474,410.474,6900.0
1.1297,27.313,27.313,410.425,410.425,6900.0
1.1298,26.471,26.471,410.347,410.347,6900.0
1.1299,25.46,25.46,410.246,410.246,6900.0
1.13,24.174,24.174,410.104,410.104,6900.0
1.1301,23.105,23.105,409.902,409.902,6900.0
1.1302,22.298,22.298,409.659,409.659,6900.0
1.1303,21.474,21.474,409.394,409.394,6900.0
1.1304,20.392,20.392,409.118,409.118,6900.0
1.1305,18.814,18.814,408.806,408.806,6900.0
1.1306,17.456,17.456,408.43,408.43,6900.0
1.1307,16.334,16.334,408.013,408.013,6900.0
1.1308,15.384,15.384,407.562,407.562,6900.0
1.1309,14.334,14.334,407.094,407.094,6900.0
1.131,12.974,12.974,406.601,406.601,6900.0
1.1311,11.495,11.495,406.073,406.073,6900.0
1.1312,10.382,10.382,405.521,405.521,6900.0
1.1313,9.051,9.051,404.949,404.949,6900.0
1.1314,7.742,7.742,404.364,404.364,6900.0
1.1315,6.185,6.185,403.761,403.761,6900.0
1.1316,4.634,4.634,403.138,403.138,6900.0
1.1317,3.307,3.307,402.501,402.501,6900.0
1.1318,1.807,1.807,401.851,401.851,6900.0
1.1319,0.682,0.682,401.194,401.194,6900.0
1.132,0.064,0.0,400.533,400.533,6900.0
1.1321,0.0,0.0,399.869,399.869,6900.0
1.1322,-1.404,-1.404,399.205,399.205,6900.0
1.1323,-1.998,-1.998,398.542,398.542,6900.0
1.1324,-3.12,-3.12,397.884,397.884,6900.0
1.1325,-4.057,-4.057,397.23,397.23,6900.0
1.1326,-5.3,-5.3,396.581,396.581,6900.0
1.1327,-6.826,-6.826,395.941,395.941,6900.0
1.1328,-8.22,-8.22,395.313,395.313,6900.0
1.1329,-9.742,-9.742,394.704,394.704,6900.0
1.133,-10.935,-10.935,394.118,394.118,6900.0
1.1331,-12.215,-12.215,393.543,393.543,6900.0
1.1332,-13.903,-13.903,392.991,392.991,6900.0
1.1333,-15.313,-15.313,392.474,392.474,6900.0
1.1334,-16.895,-16.895,392.005,392.005,6900.0
1.1335,-17.727,-17.727,391.583,391.583,6900.0
1.1336,-18.693,-18.693,391.174,391.174,6900.0
1.1337,-20.009,-20.009,390.784,390.784,6900.0
1.1338,-21.437,-21.437,390.431,390.431,6900.0
1.1339,-22.776,-22.776,390.132,390.132,6900.0
1.134,-23.863,-23.863,389.882,389.882,6900.0
1.1341,-24.77,-24.77,389.663,389.663,6900.0
1.1342,-25.889,-25.889,389.469,389.469,6900.0
1.1343,-27.089,-27.089,389.315,389.315,6900.0
1.1344,-28.254,-28.254,389.211,389.211,6900.0
1.1345,-29.227,-29.227,389.161,389.161,6900.0
1.1346,-30.22,-30.22,389.157,389.157,6900.0
1.1347,-31.245,-31.245,389.201,389.201,6900.0
1.1348,-32.162,-32.162,389.291,389.291,6900.0
1.1349,-32.981,-32.981,389.422,389.422,6900.0
1.135,-33.838,-33.838,389.593,389.593,6900.0
1.1351,-34.789,-34.789,389.806,389.806,6900.0
1.1352,-35.643,-35.643,390.071,390.071,6900.0
1.1353,-36.295,-36.295,390.374,390.374,6900.0
1.1354,-36.939,-36.939,390.696,390.696,6900.0
1.1355,-37.88,-37.88,391.05,391.05,6900.0
1.1356,-38.77,-38.77,391.444,391.444,6900.0
1.1357,-39.197,-39.197,391.9,391.9,6900.0
1.1358,-39.618,-39.618,392.384,392.384,6900.0
1.1359,-40.05,-40.05,392.882,392.882,6900.0
1.136,-40.633,-40.633,393.41,393.41,6900.0
1.1361,-41.02,-41.02,393.968,393.968,6900.0
1.1362,-41.54,-41.54,394.569,394.569,6900.0
1.1363,-41.699,-41.699,395.2,395.2,6900.0
1.1364,-41.769,-41.769,395.826,395.826,6900.0
1.1365,-41.998,-41.998,396.465,396.465,6900.0
1.1366,-41.94,-41.94,397.107,397.107,6900.0
1.1367,-42.255,-42.255,397.756,397.756,6900.0
1.1368,-42.214,-42.214,398.421,398.421,6900.0
1.1369,-42.314,-42.314,399.068,399.068,6900.0
1.137,-42.241,-42.241,399.733,399.733,6900.0
1.1371,-42.155,-42.155,400.388,400.388,6900.0
1.1372,-42.307,-42.307,401.041,401.041,6900.0
1.1373,-42.077,-42.077,401.711,401.711,6900.0
1.1374,-41.912,-41.912,402.365,402.365,6900.0
1.1375,-41.617,-41.617,403.027,403.027,6900.0
1.1376,-41.214,-41.214,403.667,403.667,6900.0
1.1377,-40.881,-40.881,404.276,404.276,6900.0
1.1378,-40.601,-40.601,404.871,404.871,6900.0
1.1379,-40.296,-40.296,405.441,405.441,6900.0
1.138,-39.845,-39.845,406.001,406.001,6900.0
1.1381,-39.465,-39.295,406.529,406.529,6900.0
1.1382,-38.828,-38.828,407.012,407.012,6900.0
1.1383,-38.388,-38.388,407.473,407.473,6900.0
1.1384,-38.037,-38.037,407.907,407.907,6900.0
1.1385,-37.332,-37.332,408.333,408.333,6900.0
1.1386,-36.586,-36.586,408.724,408.724,6900.0
1.1387,-35.766,-35.766,409.073,409.073,6900.0
1.1388,-35.066,-35.066,409.386,409.386,6900.0
1.1389,-34.495,-34.495,409.666,409.666,6900.0
1.139,-33.731,-33.731,409.919,409.919,6900.0
1.1391,-32.855,-32.855,410.134,410.134,6900.0
1.1392,-31.853,-31.853,410.308,410.308,6900.0
1.1393,-30.877,-30.877,410.433,410.433,6900.0
1.1394,-30.007,-30.007,410.508,410.508,6900.0
1.1395,-29.236,-29.236,410.539,410.539,6900.0
1.1396,-28.404,-28.404,410.534,410.534,6900.0
1.1397,-27.427,-27.427,410.502,410.502,6900.0
1.1398,-26.317,-26.317,410.435,410.435,6900.0
1.1399,-25.132,-25.132,410.318,410.318,6900.0
1.14,-24.257,-24.257,410.15,410.15,6900.0
1.1401,-23.348,-23.348,409.953,409.953,6900.0
1.1402,-22.446,-22.446,409.736,409.736,6900.0
1.1403,-21.233,-21.233,409.497,409.497,6900.0
1.1404,-19.53,-19.53,409.201,409.201,6900.0
1.1405,-18.541,-18.541,408.842,408.842,6900.0
1.1406,-17.723,-17.723,408.449,408.449,6900.0
1.1407,-16.83,-16.83,408.038,408.038,6900.0
1.1408,-15.558,-15.558,407.61,407.61,6900.0
1.1409,-13.945,-13.945,407.147,407.147,6900.0
1.141,-12.936,-12.936,406.645,406.645,6900.0
1.1411,-11.522,-11.522,406.123,406.123,6900.0
1.1412,-10.514,-10.514,405.577,405.577,6900.0
1.1413,-9.06,-9.06,405.018,405.018,6900.0
1.1414,-7.452,-7.452,404.434,404.434,6900.0
1.1415,-6.099,-6.099,403.825,403.825,6900.0
1.1416,-4.646,-4.646,403.2,403.2,6900.0
1.1417,-3.182,-3.182,402.56,402.56,6900.0
1.1418,-1.841,-1.841,401.909,401.909,6900.0
1.1419,-0.643,-0.643,401.251,401.251,6900.0
1.142,-0.0,-0.0,400.589,400.589,6900.0
1.1421,-0.0,-0.0,399.926,399.926,6900.0
1.1422,1.354,1.354,399.262,399.262,6900.0
1.1423,2.056,2.056,398.6,398.6,6900.0
1.1424,2.954,2.954,397.939,397.939,6900.0
1.1425,4.232,4.232,397.281,397.281,6900.0
1.1426,5.424,5.424,396.631,396.631,6900.0
1.1427,7.089,7.089,395.991,395.991,6900.0
1.1428,8.39,8.39,395.37,395.37,6900.0
1.1429,9.486,9.486,394.764,394.764,6900.0
1.143,10.957,10.957,394.169,394.169,6900.0
1.1431,12.45,12.45,393.6,393.6,6900.0
1.1432,14.042,14.042,393.062,393.062,6900.0
1.1433,15.334,15.334,392.568,392.568,6900.0
1.1434,16.182,16.182,392.102,392.102,6900.0
1.1435,17.498,17.498,391.644,391.644,6900.0
1.1436,18.977,18.977,391.215,391.215,6900.0
1.1437,20.428,20.428,390.836,390.836,6900.0
1.1438,21.707,21.707,390.515,390.515,6900.0
1.1439,22.546,22.546,390.233,390.233,6900.0
1.144,23.557,23.557,389.966,389.966,6900.0
1.1441,24.806,24.806,389.727,389.727,6900.0
1.1442,26.031,26.031,389.533,389.533,6900.0
1.1443,27.118,27.118,389.392,389.392,6900.0
1.1444,28.105,28.105,389.297,389.297,6900.0
1.1445,29.118,29.118,389.24,389.24,6900.0
1.1446,30.202,30.202,389.226,389.226,6900.0
1.1447,31.093,31.093,389.261,389.261,6900.0
1.1448,32.267,32.267,389.339,389.339,6900.0
1.1449,33.162,33.162,389.473,389.473,6900.0
1.145,34.024,34.024,389.658,389.658,6900.0
1.1451,34.836,34.836,389.888,389.888,6900.0
1.1452,35.489,35.489,390.151,390.151,6900.0
1.1453,36.31,36.31,390.437,390.437,6900.0
1.1454,36.983,36.983,390.763,390.763,6900.0
1.1455,37.919,37.919,391.127,391.127,6900.0
1.1456,38.394,38.394,391.541,391.541,6900.0
1.1457,38.903,38.903,391.973,391.973,6900.0
1.1458,39.642,39.642,392.422,392.422,6900.0
1.1459,40.009,40.009,392.916,392.916,6900.0
1.146,40.753,40.753,393.441,393.441,6900.0
1.1461,41.266,41.134,394.022,394.022,6900.0
1.1462,41.158,41.158,394.624,394.624,6900.0
1.1463,41.689,41.689,395.226,395.226,6900.0
1.1464,41.752,41.752,395.859,395.859,6900.0
1.1465,42.075,42.075,396.491,396.491,6900.0
1.1466,42.206,42.206,397.155,397.155,6900.0
1.1467,42.056,42.056,397.815,397.815,6900.0
1.1468,42.185,42.185,398.464,398.464,6900.0
1.1469,42.15,42.15,399.12,399.12,6900.0
1.147,42.108,42.108,399.762,399.762,6900.0
1.1471,42.259,42.259,400.416,400.416,6900.0
1.1472,41.992,41.992,401.075,401.075,6900.0
1.1473,42.075,42.075,401.727,401.727,6900.0
1.1474,41.754,41.754,402.389,402.389,6900.0
1.1475,41.437,41.437,403.024,403.024,6900.0
1.1476,41.313,41.313,403.652,403.652,6900.0
1.1477,40.908,40.908,404.267,404.267,6900.0
1.1478,40.732,40.732,404.867,404.867,6900.0
1.1479,40.316,40.316,405.456,405.456,6900.0
1.148,39.682,39.682,406.008,406.008,6900.0
1.1481,39.367,39.367,406.524,406.524,6900.0
1.1482,38.776,38.776,407.016,407.016,6900.0
1.1483,38.462,38.462,407.485,407.485,6900.0
1.1484,37.938,37.938,407.935,407.935,6900.0
1.1485,37.157,37.157,408.349,408.349,6900.0
1.1486,36.628,36.628,408.721,408.721,6900.0
1.1487,35.936,35.936,409.065,409.065,6900.0
1.1488,35.18,35.18,409.386,409.386,6900.0
1.1489,34.479,34.479,409.672,409.672,6900.0
1.149,33.641,33.641,409.924,409.924,6900.0
1.1491,32.83,32.83,410.131,410.131,6900.0
1.1492,31.951,31.951,410.299,410.299,6900.0
1.1493,30.926,30.926,410.425,410.425,6900.0
1.1494,29.995,29.995,410.508,410.508,6900.0
1.1495,29.154,29.154,410.553,410.553,6900.0
1.1496,28.167,28.167,410.564,410.564,6900.0
1.1497,27.037,27.037,410.529,410.529,6900.0
1.1498,26.154,26.154,410.437,410.437,6900.0
1.1499,25.271,25.271,410.308,410.308,6900.0
1.15,24.435,24.435,410.15,410.15,6900.0
1.1501,23.395,23.395,409.976,409.976,6900.0
1.1502,22.042,22.042,409.76,409.76,6900.0
1.1503,20.806,20.806,409.482,409.482,6900.0
1.1504,19.903,19.903,409.161,409.161,6900.0
1.1505,19.129,19.129,408.816,408.816,6900.0
1.1506,18.129,18.129,408.462,408.462,6900.0
1.1507,16.423,16.423,408.08,408.08,6900.0
1.1508,14.95,14.95,407.643,407.643,6900.0
1.1509,13.985,13.985,407.17,407.17,6900.0
1.151,12.954,12.954,406.669,406.669,6900.0
1.1511,11.773,11.773,406.151,406.151,6900.0
1.1512,10.261,10.261,405.609,405.609,6900.0
1.1513,8.744,8.744,405.036,405.036,6900.0
1.1514,7.382,7.382,404.441,404.441,6900.0
1.1515,5.944,5.944,403.827,403.827,6900.0
1.1516,4.789,4.789,403.2,403.2,6900.0
1.1517,3.373,3.373,402.562,402.562,6900.0
1.1518,1.911,1.911,401.912,401.912,6900.0
1.1519,0.681,0.681,401.255,401.255,6900.0
1.152,0.294,0.294,400.594,400.594,6900.0
1.1521,-0.101,-0.101,399.93,399.93,6900.0
1.1522,-0.909,-0.932,399.266,399.266,6900.0
1.1523,-2.267,-2.267,398.603,398.603,6900.0
1.1524,-3.205,-3.205,397.942,397.942,6900.0
1.1525,-4.338,-4.338,397.287,397.287,6900.0
1.1526,-5.677,-5.677,396.642,396.642,6900.0
1.1527,-6.858,-6.858,396.01,396.01,6900.0
1.1528,-8.097,-8.097,395.386,395.386,6900.0
1.1529,-9.615,-9.615,394.777,394.777,6900.0
1.153,-10.992,-10.992,394.188,394.188,6900.0
1.1531,-12.684,-12.684,393.626,393.626,6900.0
1.1532,-13.721,-13.721,393.097,393.097,6900.0
1.1533,-14.856,-14.856,392.579,392.579,6900.0
1.1534,-16.358,-16.358,392.081,392.081,6900.0
1.1535,-17.881,-17.881,391.621,391.621,6900.0
1.1536,-19.431,-19.431,391.215,391.215,6900.0
1.1537,-20.346,-20.346,390.863,390.863,6900.0
1.1538,-21.231,-21.231,390.529,390.529,6900.0
1.1539,-22.535,-22.535,390.215,390.215,6900.0
1.154,-23.756,-23.756,389.943,389.943,6900.0
1.1541,-25.016,-25.016,389.721,389.721,6900.0
1.1542,-26.005,-26.005,389.549,389.549,6900.0
1.1543,-26.993,-26.993,389.411,389.411,6900.0
1.1544,-28.108,-28.108,389.307,389.307,6900.0
1.1545,-29.244,-29.244,389.246,389.246,6900.0
1.1546,-30.267,-30.267,389.234,389.234,6900.0
1.1547,-31.225,-31.225,389.271,389.271,6900.0
1.1548,-32.126,-32.126,389.359,389.359,6900.0
1.1549,-33.025,-33.025,389.494,389.494,6900.0
1.155,-33.921,-33.921,389.669,389.669,6900.0
1.1551,-34.704,-34.704,389.879,389.879,6900.0
1.1552,-35.516,-35.516,390.128,390.128,6900.0
1.1553,-36.454,-36.454,390.415,390.415,6900.0
1.1554,-37.199,-37.199,390.758,390.758,6900.0
1.1555,-37.736,-37.736,391.139,391.139,6900.0
1.1556,-38.362,-38.362,391.533,391.533,6900.0
1.1557,-39.15,-39.15,391.962,391.962,6900.0
1.1558,-39.757,-39.757,392.428,392.428,6900.0
1.1559,-40.304,-40.304,392.946,392.946,6900.0
1.156,-40.523,-40.523,393.499,393.499,6900.0
1.1561,-40.761,-40.761,394.056,394.056,6900.0
1.1562,-41.303,-41.168,394.636,394.636,6900.0
1.1563,-41.386,-41.386,395.234,395.234,6900.0
1.1564,-41.861,-41.861,395.859,395.859,6900.0
1.1565,-41.897,-41.897,396.509,396.509,6900.0
1.1566,-42.061,-42.061,397.145,397.145,6900.0
1.1567,-42.153,-42.153,397.796,397.796,6900.0
1.1568,-42.037,-42.037,398.445,398.445,6900.0
1.1569,-42.343,-42.343,399.093,399.093,6900.0
1.157,-42.256,-42.256,399.762,399.762,6900.0
1.1571,-42.271,-42.271,400.417,400.417,6900.0
1.1572,-42.052,-42.052,401.088,401.088,6900.0
1.1573,-41.772,-41.772,401.745,401.745,6900.0
1.1574,-41.925,-41.925,402.384,402.384,6900.0
1.1575,-41.5,-41.5,403.036,403.036,6900.0
1.1576,-41.328,-41.328,403.662,403.662,6900.0
1.1577,-41.072,-41.072,404.289,404.289,6900.0
1.1578,-40.357,-40.357,404.895,404.895,6900.0
1.1579,-40.098,-40.098,405.451,405.451,6900.0
1.158,-39.747,-39.747,405.993,405.993,6900.0
1.1581,-39.411,-39.411,406.509,406.509,6900.0
1.1582,-38.938,-38.938,407.015,407.015,6900.0
1.1583,-38.272,-38.272,407.491,407.491,6900.0
1.1584,-37.821,-37.821,407.92,407.92,6900.0
1.1585,-37.095,-37.095,408.328,408.328,6900.0
1.1586,-36.633,-36.633,408.702,408.702,6900.0
1.1587,-35.995,-35.995,409.059,409.059,6900.0
1.1588,-35.228,-35.228,409.384,409.384,6900.0
1.1589,-34.346,-34.346,409.669,409.669,6900.0
1.159,-33.573,-33.573,409.911,409.911,6900.0
1.1591,-32.823,-32.823,410.115,410.115,6900.0
1.1592,-31.998,-31.998,410.282,410.282,6900.0
1.1593,-31.027,-31.027,410.414,410.414,6900.0
1.1594,-30.089,-30.089,410.505,410.505,6900.0
1.1595,-29.049,-29.049,410.553,410.553,6900.0
1.1596,-27.959,-27.959,410.551,410.551,6900.0
1.1597,-27.102,-27.102,410.497,410.497,6900.0
1.1598,-26.383,-26.383,410.409,410.409,6900.0
1.1599,-25.564,-25.564,410.298,410.298,6900.0
1.16,-24.189,-24.189,410.161,410.161,6900.0
1.1601,-22.865,-22.865,409.968,409.968,6900.0
1.1602,-22.003,-22.003,409.718,409.718,6900.0
1.1603,-21.144,-21.144,409.44,409.44,6900.0
1.1604,-20.334,-20.334,409.148,409.148,6900.0
1.1605,-18.891,-18.891,408.839,408.839,6900.0
1.1606,-17.421,-17.421,408.478,408.478,6900.0
1.1607,-16.261,-16.261,408.064,408.064,6900.0
1.1608,-15.237,-15.237,407.617,407.617,6900.0
1.1609,-14.347,-14.347,407.143,407.143,6900.0
1.161,-13.004,-13.004,406.652,406.652,6900.0
1.1611,-11.434,-11.434,406.129,406.129,6900.0
1.1612,-10.205,-10.205,405.572,405.572,6900.0
1.1613,-8.816,-8.816,404.998,404.998,6900.0
1.1614,-7.693,-7.693,404.404,404.404,6900.0
1.1615,-6.158,-6.158,403.799,403.799,6900.0
1.1616,-4.627,-4.627,403.176,403.176,6900.0
1.1617,-3.224,-3.224,402.538,402.538,6900.0
1.1618,-1.794,-1.794,401.889,401.889,6900.0
1.1619,-0.595,-0.595,401.232,401.232,6900.0
1.162,-0.0,-0.0,400.571,400.571,6900.0
1.1621,0.002,0.002,399.907,399.907,6900.0
1.1622,1.213,1.213,399.243,399.243,6900.0
1.1623,2.454,2.454,398.582,398.582,6900.0
1.1624,3.203,3.203,397.923,397.923,6900.0
1.1625,4.327,4.327,397.271,397.271,6900.0
1.1626,5.35,5.35,396.625,396.625,6900.0
1.1627,6.752,6.752,395.986,395.986,6900.0
1.1628,8.084,8.084,395.36,395.36,6900.0
1.1629,9.701,9.701,394.749,394.749,6900.0
1.163,11.017,11.017,394.164,394.164,6900.0
1.1631,12.175,12.175,393.596,393.596,6900.0
1.1632,13.729,13.729,393.04,393.04,6900.0
1.1633,15.205,15.205,392.517,392.517,6900.0
1.1634,16.766,16.766,392.035,392.035,6900.0
1.1635,18.008,18.008,391.608,391.608,6900.0
1.1636,18.832,18.832,391.212,391.212,6900.0
1.1637,19.942,19.942,390.828,390.828,6900.0
1.1638,21.335,21.335,390.472,390.472,6900.0
1.1639,22.737,22.737,390.164,390.164,6900.0
1.164,23.827,23.827,389.913,389.913,6900.0
1.1641,24.715,24.715,389.702,389.702,6900.0
1.1642,25.908,25.908,389.514,389.514,6900.0
1.1643,26.95,26.95,389.364,389.364,6900.0
1.1644,28.098,28.098,389.258,389.258,6900.0
1.1645,29.245,29.245,389.202,389.202,6900.0
1.1646,30.214,30.214,389.198,389.198,6900.0
1.1647,31.252,31.252,389.242,389.242,6900.0
1.1648,32.175,32.175,389.333,389.333,6900.0
1.1649,32.893,32.893,389.466,389.466,6900.0
1.165,33.759,33.759,389.63,389.63,6900.0
1.1651,34.641,34.641,389.837,389.837,6900.0
1.1652,35.621,35.621,390.092,390.092,6900.0
1.1653,36.392,36.392,390.395,390.395,6900.0
1.1654,37.025,37.025,390.727,390.727,6900.0
1.1655,37.781,37.781,391.083,391.083,6900.0
1.1656,38.344,38.344,391.48,391.48,6900.0
1.1657,39.12,39.12,391.917,391.917,6900.0
1.1658,39.66,39.66,392.404,392.404,6900.0
1.1659,39.924,39.924,392.916,392.916,6900.0
1.166,40.548,40.548,393.437,393.437,6900.0
1.1661,40.805,40.805,393.996,393.996,6900.0
1.1662,41.512,41.512,394.574,394.574,6900.0
1.1663,41.846,41.72,395.201,395.201,6900.0
1.1664,41.733,41.733,395.834,395.834,6900.0
1.1665,42.027,42.027,396.463,396.463,6900.0
1.1666,41.966,41.966,397.11,397.11,6900.0
1.1667,42.242,42.242,397.746,397.746,6900.0
1.1668,42.327,42.327,398.412,398.412,6900.0
1.1669,42.094,42.094,399.078,399.078,6900.0
1.167,42.235,42.235,399.736,399.736,6900.0
1.1671,42.186,42.186,400.403,400.403,6900.0
1.1672,42.075,42.075,401.055,401.055,6900.0
1.1673,42.032,42.032,401.716,401.716,6900.0
1.1674,41.651,41.651,402.372,402.372,6900.0
1.1675,41.462,41.462,403.017,403.017,6900.0
1.1676,41.154,41.154,403.656,403.656,6900.0
1.1677,40.862,40.862,404.26,404.26,6900.0
1.1678,40.516,40.516,404.849,404.849,6900.0
1.1679,40.005,40.005,405.416,405.416,6900.0
1.168,39.815,39.815,405.963,405.963,6900.0
1.1681,39.287,39.287,406.496,406.496,6900.0
1.1682,38.645,38.645,406.991,406.991,6900.0
1.1683,38.295,38.295,407.449,407.449,6900.0
1.1684,37.635,37.635,407.885,407.885,6900.0
1.1685,37.311,37.311,408.297,408.297,6900.0
1.1686,36.577,36.577,408.691,408.691,6900.0
1.1687,35.663,35.663,409.046,409.046,6900.0
1.1688,35.028,35.028,409.353,409.353,6900.0
1.1689,34.35,34.35,409.627,409.627,6900.0
1.169,33.611,33.611,409.87,409.87,6900.0
1.1691,32.867,32.867,410.077,410.077,6900.0
1.1692,31.904,31.904,410.248,410.248,6900.0
1.1693,30.984,30.984,410.375,410.375,6900.0
1.1694,30.102,30.102,410.456,410.456,6900.0
1.1695,29.079,29.079,410.493,410.493,6900.0
1.1696,28.24,28.24,410.485,410.485,6900.0
1.1697,27.503,27.503,410.446,410.446,6900.0
1.1698,26.461,26.461,410.384,410.384,6900.0
1.1699,25.159,25.159,410.279,410.279,6900.0
1.17,24.073,24.073,410.115,410.115,6900.0
1.1701,23.262,23.262,409.908,409.908,6900.0
1.1702,22.409,22.409,409.679,409.679,6900.0
1.1703,21.729,21.349,409.435,409.435,6900.0
1.1704,19.828,19.828,409.152,409.152,6900.0
1.1705,18.48,18.48,408.804,408.804,6900.0
1.1706,17.525,17.525,408.41,408.41,6900.0
1.1707,16.671,16.671,407.987,407.987,6900.0
1.1708,15.618,15.618,407.552,407.552,6900.0
1.1709,14.112,14.112,407.092,407.092,6900.0
1.171,12.761,12.761,406.593,406.593,6900.0
1.1711,11.639,11.639,406.067,406.067,6900.0
1.1712,10.306,10.306,405.52,405.52,6900.0
1.1713,9.094,9.094,404.957,404.957,6900.0
1.1714,7.52,7.52,404.375,404.375,6900.0
1.1715,5.986,5.986,403.769,403.769,6900.0
1.1716,4.526,4.526,403.144,403.144,6900.0
1.1717,3.119,3.119,402.504,402.504,6900.0
1.1718,1.865,1.865,401.853,401.853,6900.0
1.1719,0.712,0.712,401.195,401.195,6900.0
1.172,0.0,0.0,400.534,400.534,6900.0
1.1721,0.0,0.0,399.87,399.87,6900.0
1.1722,-1.295,-1.295,399.206,399.206,6900.0
1.1723,-2.037,-2.037,398.544,398.544,6900.0
1.1724,-2.931,-2.931,397.884,397.884,6900.0
1.1725,-4.179,-4.179,397.227,397.227,6900.0
1.1726,-5.55,-5.55,396.576,396.576,6900.0
1.1727,-6.917,-6.917,395.936,395.936,6900.0
1.1728,-8.377,-8.377,395.312,395.312,6900.0
1.1729,-9.555,-9.555,394.708,394.708,6900.0
1.173,-10.814,-10.814,394.115,394.115,6900.0
1.1731,-12.576,-12.576,393.541,393.541,6900.0
1.1732,-14.031,-14.031,392.999,392.999,6900.0
1.1733,-15.591,-15.591,392.498,392.498,6900.0
1.1734,-16.585,-16.585,392.04,392.04,6900.0
1.1735,-17.487,-17.487,391.596,391.596,6900.0
1.1736,-18.861,-18.861,391.168,391.168,6900.0
1.1737,-20.282,-20.282,390.781,390.781,6900.0
1.1738,-21.729,-21.729,390.447,390.447,6900.0
1.1739,-22.718,-22.718,390.165,390.165,6900.0
1.174,-23.563,-23.563,389.908,389.908,6900.0
1.1741,-24.612,-24.612,389.672,389.672,6900.0
1.1742,-25.863,-25.863,389.474,389.474,6900.0
1.1743,-27.202,-27.202,389.323,389.323,6900.0
1.1744,-28.295,-28.295,389.227,389.227,6900.0
1.1745,-29.263,-29.263,389.177,389.177,6900.0
1.1746,-30.324,-30.324,389.169,389.169,6900.0
1.1747,-31.333,-31.333,389.208,389.208,6900.0
1.1748,-32.189,-32.189,389.294,389.294,6900.0
1.1749,-33.152,-33.152,389.425,389.425,6900.0
1.175,-33.94,-33.94,389.605,389.605,6900.0
1.1751,-34.726,-34.726,389.832,389.832,6900.0
1.1752,-35.421,-35.421,390.096,390.096,6900.0
1.1753,-36.164,-36.164,390.383,390.383,6900.0
1.1754,-37.031,-37.031,390.702,390.702,6900.0
1.1755,-37.934,-37.934,391.059,391.059,6900.0
1.1756,-38.593,-38.593,391.473,391.473,6900.0
1.1757,-38.986,-38.986,391.921,391.921,6900.0
1.1758,-39.534,-39.534,392.378,392.378,6900.0
1.1759,-40.182,-40.182,392.869,392.869,6900.0
1.176,-40.613,-40.613,393.395,393.395,6900.0
1.1761,-41.142,-41.142,393.968,393.968,6900.0
1.1762,-41.307,-41.307,394.577,394.577,6900.0
1.1763,-41.621,-41.621,395.182,395.182,6900.0
1.1764,-41.842,-41.715,395.814,395.814,6900.0
1.1765,-41.85,-41.85,396.445,396.445,6900.0
1.1766,-42.22,-42.22,397.093,397.093,6900.0
1.1767,-42.167,-42.167,397.758,397.758,6900.0
1.1768,-42.174,-42.174,398.408,398.408,6900.0
1.1769,-42.267,-42.267,399.065,399.065,6900.0
1.177,-42.11,-42.11,399.719,399.719,6900.0
1.1771,-42.228,-42.228,400.369,400.369,6900.0
1.1772,-42.001,-42.001,401.034,401.034,6900.0
1.1773,-41.962,-41.962,401.682,401.682,6900.0
1.1774,-41.708,-41.708,402.345,402.345,6900.0
1.1775,-41.327,-41.327,402.992,402.992,6900.0
1.1776,-41.211,-41.211,403.612,403.612,6900.0
1.1777,-40.778,-40.778,404.229,404.229,6900.0
1.1778,-40.597,-40.597,404.816,404.816,6900.0
1.1779,-40.279,-40.279,405.4,405.4,6900.0
1.178,-39.706,-39.706,405.955,405.955,6900.0
1.1781,-39.267,-39.267,406.464,406.464,6900.0
1.1782,-38.84,-38.84,406.953,406.953,6900.0
1.1783,-38.505,-38.505,407.415,407.415,6900.0
1.1784,-37.844,-37.844,407.868,407.868,6900.0
1.1785,-37.124,-37.124,408.288,408.288,6900.0
1.1786,-36.511,-36.511,408.665,408.665,6900.0
1.1787,-35.869,-35.869,409.011,409.011,6900.0
1.1788,-35.209,-35.209,409.326,409.326,6900.0
1.1789,-34.311,-34.311,409.615,409.615,6900.0
1.179,-33.472,-33.472,409.863,409.863,6900.0
1.1791,-32.694,-32.694,410.067,410.067,6900.0
1.1792,-31.791,-31.791,410.231,410.231,6900.0
1.1793,-30.978,-30.978,410.35,410.35,6900.0
1.1794,-30.131,-30.131,410.429,410.429,6900.0
1.1795,-29.29,-29.29,410.471,410.471,6900.0
1.1796,-28.316,-28.316,410.481,410.481,6900.0
1.1797,-27.26,-27.26,410.452,410.452,6900.0
1.1798,-26.175,-26.175,410.373,410.373,6900.0
1.1799,-25.167,-25.167,410.245,410.245,6900.0
1.18,-24.387,-24.387,410.081,410.081,6900.0
1.1801,-23.512,-23.512,409.899,409.899,6900.0
1.1802,-22.192,-22.192,409.692,409.692,6900.0
1.1803,-20.714,-20.714,409.428,409.428,6900.0
1.1804,-20.195,-19.772,409.105,409.105,6900.0
1.1805,-18.783,-18.783,408.751,408.751,6900.0
1.1806,-18.036,-18.036,408.378,408.378,6900.0
1.1807,-16.646,-16.646,407.99,407.99,6900.0
1.1808,-15.037,-15.037,407.562,407.562,6900.0
1.1809,-13.947,-13.947,407.087,407.087,6900.0
1.181,-12.65,-12.65,406.588,406.588,6900.0
1.1811,-11.729,-11.729,406.064,406.064,6900.0
1.1812,-10.218,-10.218,405.524,405.524,6900.0
1.1813,-8.591,-8.591,404.956,404.956,6900.0
1.1814,-7.37,-7.37,404.361,404.361,6900.0
1.1815,-5.961,-5.961,403.749,403.749,6900.0
1.1816,-4.668,-4.668,403.121,403.121,6900.0
1.1817,-3.223,-3.223,402.481,402.481,6900.0
1.1818,-1.795,-1.795,401.831,401.831,6900.0
1.1819,-0.725,-0.725,401.173,401.173,6900.0
1.182,-0.612,-0.612,400.511,400.511,6900.0
1.1821,-0.0,-0.0,399.848,399.848,6900.0
1.1822,1.097,1.097,399.184,399.184,6900.0
1.1823,2.345,2.345,398.521,398.521,6900.0
1.1824,3.257,3.257,397.86,397.86,6900.0
1.1825,4.279,4.279,397.204,397.204,6900.0
1.1826,5.798,5.798,396.556,396.556,6900.0
1.1827,6.897,6.897,395.923,395.923,6900.0
1.1828,8.036,8.036,395.301,395.301,6900.0
1.1829,9.547,9.547,394.689,394.689,6900.0
1.183,11.044,11.044,394.099,394.099,6900.0
1.1831,12.62,12.62,393.535,393.535,6900.0
1.1832,13.986,13.986,393.007,393.007,6900.0
1.1833,14.79,14.79,392.504,392.504,6900.0
1.1834,16.285,16.285,392.008,392.008,6900.0
1.1835,17.764,17.764,391.545,391.545,6900.0
1.1836,19.222,19.222,391.129,391.129,6900.0
1.1837,20.429,20.429,390.773,390.773,6900.0
1.1838,21.311,21.311,390.452,390.452,6900.0
1.1839,22.376,22.376,390.147,390.147,6900.0
1.184,23.521,23.521,389.871,389.871,6900.0
1.1841,24.823,24.823,389.638,389.638,6900.0
1.1842,26.039,26.039,389.457,389.457,6900.0
1.1843,27.033,27.033,389.321,389.321,6900.0
1.1844,28.135,28.135,389.218,389.218,6900.0
1.1845,29.193,29.193,389.158,389.158,6900.0
1.1846,30.294,30.294,389.143,389.143,6900.0
1.1847,31.301,31.301,389.179,389.179,6900.0
1.1848,32.303,32.303,389.265,389.265,6900.0
1.1849,33.159,33.159,389.405,389.405,6900.0
1.185,34.002,34.002,389.589,389.589,6900.0
1.1851,34.709,34.709,389.81,389.81,6900.0
1.1852,35.61,35.61,390.057,390.057,6900.0
1.1853,36.417,36.417,390.346,390.346,6900.0
1.1854,37.331,37.331,390.681,390.681,6900.0
1.1855,37.856,37.856,391.064,391.064,6900.0
1.1856,38.451,38.451,391.466,391.466,6900.0
1.1857,39.116,39.116,391.89,391.89,6900.0
1.1858,39.619,39.619,392.354,392.354,6900.0
1.1859,40.368,40.368,392.856,392.856,6900.0
1.186,40.687,40.687,393.415,393.415,6900.0
1.1861,40.918,40.918,393.99,393.99,6900.0
1.1862,41.322,41.322,394.574,394.574,6900.0
1.1863,41.528,41.528,395.185,395.185,6900.0
1.1864,41.842,41.842,395.807,395.807,6900.0
1.1865,41.999,41.999,396.458,396.458,6900.0
1.1866,41.918,41.918,397.108,397.108,6900.0
1.1867,42.275,42.275,397.747,397.747,6900.0
1.1868,42.14,42.14,398.403,398.403,6900.0
1.1869,42.292,42.292,399.043,399.043,6900.0
1.187,42.217,42.217,399.706,399.706,6900.0
1.1871,42.091,42.091,400.365,400.365,6900.0
1.1872,42.169,42.169,401.024,401.024,6900.0
1.1873,41.908,41.908,401.691,401.691,6900.0
1.1874,41.699,41.699,402.336,402.336,6900.0
1.1875,41.681,41.681,402.98,402.98,6900.0
1.1876,41.214,41.214,403.618,403.618,6900.0
1.1877,41.013,41.013,404.239,404.239,6900.0
1.1878,40.428,40.428,404.849,404.849,6900.0
1.1879,39.967,39.967,405.412,405.412,6900.0
1.188,39.685,39.685,405.947,405.947,6900.0
1.1881,39.319,39.319,406.458,406.458,6900.0
1.1882,39.053,39.053,406.953,406.953,6900.0
1.1883,38.454,38.454,407.434,407.434,6900.0
1.1884,37.649,37.649,407.877,407.877,6900.0
1.1885,37.197,37.197,408.276,408.276,6900.0
1.1886,36.482,36.482,408.654,408.654,6900.0
1.1887,35.985,35.985,409.005,409.005,6900.0
1.1888,35.22,35.22,409.332,409.332,6900.0
1.1889,34.3,34.3,409.622,409.622,6900.0
1.189,33.589,33.589,409.864,409.864,6900.0
1.1891,32.678,32.678,410.069,410.069,6900.0
1.1892,31.908,31.908,410.232,410.232,6900.0
1.1893,31.097,31.097,410.358,410.358,6900.0
1.1894,30.127,30.127,410.445,410.445,6900.0
1.1895,29.142,29.142,410.494,410.494,6900.0
1.1896,28.084,28.084,410.498,410.498,6900.0
1.1897,27.109,27.109,410.448,410.448,6900.0
1.1898,26.219,26.219,410.358,410.358,6900.0
1.1899,25.519,25.519,410.239,410.239,6900.0
1.19,24.469,24.469,410.102,410.102,6900.0
1.1901,23.009,23.009,409.924,409.924,6900.0
1.1902,21.871,21.871,409.682,409.682,6900.0
1.1903,20.979,20.979,409.398,409.398,6900.0
1.1904,20.114,20.114,409.093,409.093,6900.0
1.1905,19.492,19.088,408.777,408.777,6900.0
1.1906,17.613,17.613,408.428,408.428,6900.0
1.1907,16.211,16.211,408.023,408.023,6900.0
1.1908,15.08,15.08,407.578,407.578,6900.0
1.1909,13.913,13.913,407.101,407.101,6900.0
1.191,12.947,12.947,406.603,406.603,6900.0
1.1911,11.42,11.42,406.082,406.082,6900.0
1.1912,10.072,10.072,405.527,405.527,6900.0
1.1913,8.886,8.886,404.95,404.95,6900.0
1.1914,7.631,7.631,404.354,404.354,6900.0
1.1915,6.306,6.306,403.745,403.745,6900.0
1.1916,4.792,4.792,403.122,403.122,6900.0
1.1917,3.189,3.189,402.484,402.484,6900.0
1.1918,1.901,1.901,401.835,401.835,6900.0
1.1919,0.724,0.724,401.178,401.178,6900.0
1.192,0.835,0.835,400.516,400.516,6900.0
1.1921,-0.069,-0.069,399.853,399.853,6900.0
1.1922,-0.911,-0.911,399.189,399.189,6900.0
1.1923,-2.391,-2.391,398.526,398.526,6900.0
1.1924,-3.074,-3.074,397.867,397.867,6900.0
1.1925,-4.397,-4.397,397.214,397.214,6900.0
1.1926,-5.459,-5.459,396.57,396.57,6900.0
1.1927,-6.578,-6.578,395.934,395.934,6900.0
1.1928,-8.186,-8.186,395.307,395.307,6900.0
1.1929,-9.568,-9.568,394.698,394.698,6900.0
1.193,-11.227,-11.227,394.111,394.111,6900.0
1.1931,-12.342,-12.342,393.55,393.55,6900.0
1.1932,-13.465,-13.465,393.001,393.001,6900.0
1.1933,-15.183,-15.183,392.47,392.47,6900.0
1.1934,-16.649,-16.649,391.977,391.977,6900.0
1.1935,-18.249,-18.249,391.536,391.536,6900.0
1.1936,-19.222,-19.222,391.147,391.147,6900.0
1.1937,-19.929,-19.929,390.777,390.777,6900.0
1.1938,-21.167,-21.167,390.424,390.424,6900.0
1.1939,-22.547,-22.547,390.11,390.11,6900.0
1.194,-24.018,-24.018,389.849,389.849,6900.0
1.1941,-24.974,-24.974,389.643,389.643,6900.0
1.1942,-25.798,-25.798,389.468,389.468,6900.0
1.1943,-26.857,-26.857,389.32,389.32,6900.0
1.1944,-27.958,-27.958,389.212,389.212,6900.0
1.1945,-29.474,-29.203,389.149,389.149,6900.0
1.1946,-30.215,-30.215,389.139,389.139,6900.0
1.1947,-31.362,-31.362,389.177,389.177,6900.0
1.1948,-32.155,-32.155,389.268,389.268,6900.0
1.1949,-33.011,-33.011,389.4,389.4,6900.0
1.195,-33.868,-33.868,389.568,389.568,6900.0
1.1951,-34.887,-34.887,389.777,389.777,6900.0
1.1952,-35.824,-35.824,390.033,390.033,6900.0
1.1953,-36.609,-36.609,390.344,390.344,6900.0
1.1954,-37.176,-37.176,390.693,390.693,6900.0
1.1955,-37.639,-37.639,391.061,391.061,6900.0
1.1956,-38.487,-38.487,391.454,391.454,6900.0
1.1957,-39.188,-39.188,391.887,391.887,6900.0
1.1958,-39.772,-39.772,392.373,392.373,6900.0
1.1959,-40.145,-40.145,392.893,392.893,6900.0
1.196,-40.382,-40.382,393.422,393.422,6900.0
1.1961,-40.919,-40.919,393.973,393.973,6900.0
1.1962,-41.301,-41.301,394.548,394.548,6900.0
1.1963,-41.736,-41.736,395.163,395.163,6900.0
1.1964,-41.77,-41.77,395.806,395.806,6900.0
1.1965,-41.929,-41.929,396.436,396.436,6900.0
1.1966,-42.244,-42.244,397.083,397.083,6900.0
1.1967,-42.269,-42.269,397.735,397.735,6900.0
1.1968,-42.472,-42.472,398.395,398.395,6900.0
1.1969,-42.313,-42.313,399.07,399.07,6900.0
1.197,-42.381,-42.381,399.726,399.726,6900.0
1.1971,-42.31,-42.31,400.397,400.397,6900.0
1.1972,-41.983,-41.983,401.06,401.06,6900.0
1.1973,-42.064,-42.064,401.708,401.708,6900.0
1.1974,-41.794,-41.794,402.365,402.365,6900.0
1.1975,-41.625,-41.625,403.005,403.005,6900.0
1.1976,-41.426,-41.426,403.648,403.648,6900.0
1.1977,-40.897,-40.897,404.274,404.274,6900.0
1.1978,-40.636,-40.636,404.861,404.861,6900.0
1.1979,-40.221,-40.221,405.436,405.436,6900.0
1.198,-39.94,-39.94,405.98,405.98,6900.0
1.1981,-39.445,-39.445,406.517,406.517,6900.0
1.1982,-38.758,-38.758,407.022,407.022,6900.0
1.1983,-38.384,-38.384,407.478,407.478,6900.0
1.1984,-37.833,-37.833,407.916,407.916,6900.0
1.1985,-37.455,-37.455,408.325,408.325,6900.0
1.1986,-36.633,-36.633,408.723,408.723,6900.0
1.1987,-35.899,-35.899,409.081,409.081,6900.0
1.1988,-35.047,-35.047,409.398,409.398,6900.0
1.1989,-34.329,-34.329,409.675,409.675,6900.0
1.199,-33.549,-33.549,409.916,409.916,6900.0
1.1991,-32.776,-32.776,410.121,410.121,6900.0
1.1992,-31.843,-31.843,410.291,410.291,6900.0
1.1993,-31.025,-31.025,410.418,410.418,6900.0
1.1994,-30.092,-30.092,410.501,410.501,6900.0
1.1995,-28.991,-28.991,410.54,410.54,6900.0
1.1996,-28.163,-28.163,410.529,410.529,6900.0
1.1997,-27.374,-27.374,410.483,410.483,6900.0
1.1998,-26.561,-26.561,410.412,410.412,6900.0
1.1999,-25.331,-25.331,410.312,410.312,6900.0
1.2,-24.059,-24.059,410.16,410.16,6900.0
1.2001,-23.034,-23.034,409.954,409.954,6900.0
1.2002,-22.273,-22.273,409.716,409.716,6900.0
1.2003,-21.398,-21.398,409.462,409.462,6900.0
1.2004,-19.895,-19.895,409.188,409.188,6900.0
1.2005,-18.479,-18.479,408.856,408.856,6900.0
1.2006,-17.867,-17.416,408.467,408.467,6900.0
1.2007,-16.368,-16.368,408.044,408.044,6900.0
1.2008,-15.541,-15.541,407.597,407.597,6900.0
1.2009,-14.143,-14.143,407.134,407.134,6900.0
1.201,-12.534,-12.534,406.636,406.636,6900.0
1.2011,-11.626,-11.626,406.103,406.103,6900.0
1.2012,-10.221,-10.221,405.554,405.554,6900.0
1.2013,-9.102,-9.102,404.986,404.986,6900.0
1.2014,-7.624,-7.624,404.403,404.403,6900.0
1.2015,-6.085,-6.085,403.8,403.8,6900.0
1.2016,-4.605,-4.605,403.176,403.176,6900.0
1.2017,-3.08,-3.08,402.538,402.538,6900.0
1.2018,-1.809,-1.809,401.887,401.887,6900.0
1.2019,-0.635,-0.635,401.229,401.229,6900.0
1.202,-0.0,-0.0,400.568,400.568,6900.0
1.2021,-0.0,-0.0,399.905,399.905,6900.0
1.2022,1.442,1.442,399.24,399.24,6900.0
1.2023,2.124,2.124,398.579,398.579,6900.0
1.2024,2.96,2.96,397.92,397.92,6900.0
1.2025,4.019,4.019,397.265,397.265,6900.0
1.2026,5.516,5.516,396.614,396.614,6900.0
1.2027,6.727,6.727,395.975,395.975,6900.0
1.2028,8.443,8.443,395.346,395.346,6900.0
1.2029,9.835,9.835,394.741,394.741,6900.0
1.203,10.86,10.86,394.152,394.152,6900.0
1.2031,12.367,12.367,393.574,393.574,6900.0
1.2032,13.76,13.76,393.027,393.027,6900.0
1.2033,15.387,15.387,392.515,392.515,6900.0
1.2034,16.641,16.641,392.055,392.055,6900.0
1.2035,17.604,17.604,391.623,391.623,6900.0
1.2036,18.716,18.716,391.204,391.204,6900.0
1.2037,20.21,20.21,390.814,390.814,6900.0
1.2038,21.674,21.674,390.471,390.471,6900.0
1.2039,22.674,22.674,390.188,390.188,6900.0
1.204,23.505,23.505,389.938,389.938,6900.0
1.2041,24.648,24.648,389.705,389.705,6900.0
1.2042,25.85,25.85,389.505,389.505,6900.0
1.2043,27.16,27.16,389.35,389.35,6900.0
1.2044,28.188,28.188,389.251,389.251,6900.0
1.2045,29.285,29.285,389.198,389.198,6900.0
1.2046,30.556,30.3,389.192,389.192,6900.0
1.2047,31.187,31.187,389.235,389.235,6900.0
1.2048,32.159,32.159,389.321,389.321,6900.0
1.2049,33.18,33.18,389.449,389.449,6900.0
1.205,33.986,33.986,389.627,389.627,6900.0
1.2051,34.837,34.837,389.854,389.854,6900.0
1.2052,35.589,35.589,390.122,390.122,6900.0
1.2053,36.228,36.228,390.419,390.419,6900.0
1.2054,37.123,37.123,390.735,390.735,6900.0
1.2055,37.829,37.829,391.093,391.093,6900.0
1.2056,38.655,38.655,391.495,391.495,6900.0
1.2057,39.204,39.204,391.946,391.946,6900.0
1.2058,39.501,39.501,392.422,392.422,6900.0
1.2059,40.137,40.137,392.911,392.911,6900.0
1.206,40.48,40.48,393.442,393.442,6900.0
1.2061,41.224,41.224,394.0,394.0,6900.0
1.2062,41.326,41.326,394.617,394.617,6900.0
1.2063,41.43,41.43,395.237,395.237,6900.0
1.2064,41.789,41.789,395.859,395.859,6900.0
1.2065,41.843,41.843,396.501,396.501,6900.0
1.2066,42.05,42.05,397.137,397.137,6900.0
1.2067,42.103,42.103,397.795,397.795,6900.0
1.2068,42.051,42.051,398.445,398.445,6900.0
1.2069,42.336,42.336,399.089,399.089,6900.0
1.207,42.166,42.166,399.75,399.75,6900.0
1.2071,42.128,42.128,400.393,400.393,6900.0
1.2072,42.164,42.164,401.053,401.053,6900.0
1.2073,41.911,41.911,401.713,401.713,6900.0
1.2074,41.947,41.947,402.37,402.37,6900.0
1.2075,41.516,41.516,403.035,403.035,6900.0
1.2076,41.204,41.204,403.665,403.665,6900.0
1.2077,40.883,40.883,404.285,404.285,6900.0
1.2078,40.502,40.502,404.88,404.88,6900.0
1.2079,40.193,40.193,405.457,405.457,6900.0
1.208,39.657,39.657,406.014,406.014,6900.0
1.2081,39.133,39.133,406.525,406.525,6900.0
1.2082,38.784,38.784,407.005,407.005,6900.0
1.2083,38.311,38.311,407.46,407.46,6900.0
1.2084,37.834,37.834,407.902,407.902,6900.0
1.2085,37.152,37.152,408.324,408.324,6900.0
1.2086,36.444,36.444,408.708,408.708,6900.0
1.2087,35.828,35.828,409.053,409.053,6900.0
1.2088,35.19,35.19,409.368,409.368,6900.0
1.2089,34.361,34.361,409.657,409.657,6900.0
1.209,33.552,33.552,409.909,409.909,6900.0
1.2091,32.706,32.706,410.12,410.12,6900.0
1.2092,31.764,31.764,410.288,410.288,6900.0
1.2093,30.983,30.983,410.408,410.408,6900.0
1.2094,30.11,30.11,410.483,410.483,6900.0
1.2095,29.165,29.165,410.518,410.518,6900.0
1.2096,28.33,28.33,410.515,410.515,6900.0
1.2097,27.322,27.322,410.486,410.486,6900.0
1.2098,26.132,26.132,410.414,410.414,6900.0
1.2099,25.049,25.049,410.287,410.287,6900.0
1.21,24.276,24.276,410.117,410.117,6900.0
1.2101,23.487,23.487,409.926,409.926,6900.0
1.2102,22.385,22.385,409.721,409.721,6900.0
1.2103,20.912,20.912,409.474,409.474,6900.0
1.2104,19.49,19.49,409.161,409.161,6900.0
1.2105,18.586,18.586,408.801,408.801,6900.0
1.2106,17.727,17.727,408.413,408.413,6900.0
1.2107,16.697,16.697,408.012,408.012,6900.0
1.2108,15.319,15.319,407.584,407.584,6900.0
1.2109,13.912,13.912,407.113,407.113,6900.0
1.211,12.831,12.831,406.612,406.612,6900.0
1.2111,11.675,11.675,406.087,406.087,6900.0
1.2112,10.484,10.484,405.546,405.546,6900.0
1.2113,8.853,8.853,404.985,404.985,6900.0
1.2114,7.211,7.211,404.395,404.395,6900.0
1.2115,5.934,5.934,403.784,403.784,6900.0
1.2116,4.61,4.61,403.157,403.157,6900.0
1.2117,3.242,3.242,402.517,402.517,6900.0
1.2118,1.792,1.792,401.866,401.866,6900.0
1.2119,0.651,0.651,401.208,401.208,6900.0
1.212,0.0,0.0,400.547,400.547,6900.0
1.2121,0.0,0.0,399.883,399.883,6900.0
1.2122,-2.094,-2.094,399.219,399.219,6900.0
1.2123,-1.951,-1.951,398.558,398.558,6900.0
1.2124,-2.978,-2.978,397.896,397.896,6900.0
1.2125,-4.39,-4.39,397.239,397.239,6900.0
1.2126,-5.61,-5.61,396.59,396.59,6900.0
1.2127,-6.96,-6.96,395.955,395.955,6900.0
1.2128,-8.175,-8.175,395.335,395.335,6900.0
1.2129,-9.481,-9.481,394.725,394.725,6900.0
1.213,-11.214,-11.214,394.132,394.132,6900.0
1.2131,-12.618,-12.618,393.567,393.567,6900.0
1.2132,-14.064,-14.064,393.037,393.037,6900.0
1.2133,-15.064,-15.064,392.541,392.541,6900.0
1.2134,-16.159,-16.159,392.059,392.059,6900.0
1.2135,-17.532,-17.532,391.596,391.596,6900.0
1.2136,-19.152,-19.152,391.17,391.17,6900.0
1.2137,-20.627,-20.627,390.804,390.804,6900.0
1.2138,-21.705,-21.705,390.49,390.49,6900.0
1.2139,-22.451,-22.451,390.201,390.201,6900.0
1.214,-23.703,-23.703,389.93,389.93,6900.0
1.2141,-25.005,-25.005,389.697,389.697,6900.0
1.2142,-26.212,-26.212,389.515,389.515,6900.0
1.2143,-27.151,-27.151,389.381,389.381,6900.0
1.2144,-28.048,-28.048,389.285,389.285,6900.0
1.2145,-29.164,-29.164,389.224,389.224,6900.0
1.2146,-30.22,-30.22,389.209,389.209,6900.0
1.2147,-31.536,-31.289,389.241,389.241,6900.0
1.2148,-32.329,-32.329,389.325,389.325,6900.0
1.2149,-33.229,-33.229,389.464,389.464,6900.0
1.215,-34.086,-34.086,389.653,389.653,6900.0
1.2151,-34.698,-34.698,389.885,389.885,6900.0
1.2152,-35.374,-35.374,390.142,390.142,6900.0
1.2153,-36.201,-36.201,390.431,390.431,6900.0
1.2154,-37.117,-37.117,390.755,390.755,6900.0
1.2155,-37.846,-37.846,391.132,391.132,6900.0
1.2156,-38.382,-38.382,391.54,391.54,6900.0
1.2157,-38.857,-38.857,391.964,391.964,6900.0
1.2158,-39.554,-39.554,392.418,392.418,6900.0
1.2159,-40.222,-40.222,392.906,392.906,6900.0
1.216,-40.789,-40.789,393.451,393.451,6900.0
1.2161,-41.096,-41.096,394.034,394.034,6900.0
1.2162,-41.341,-41.341,394.624,394.624,6900.0
1.2163,-41.578,-41.578,395.239,395.239,6900.0
1.2164,-41.712,-41.712,395.866,395.866,6900.0
1.2165,-42.007,-42.007,396.514,396.514,6900.0
1.2166,-41.964,-41.964,397.178,397.178,6900.0
1.2167,-42.095,-42.095,397.823,397.823,6900.0
1.2168,-42.208,-42.208,398.477,398.477,6900.0
1.2169,-42.021,-42.021,399.127,399.127,6900.0
1.217,-42.243,-42.243,399.769,399.769,6900.0
1.2171,-42.155,-42.155,400.429,400.429,6900.0
1.2172,-42.122,-42.122,401.078,401.078,6900.0
1.2173,-42.045,-42.045,401.741,401.741,6900.0
1.2174,-41.642,-41.642,402.397,402.397,6900.0
1.2175,-41.575,-41.575,403.029,403.029,6900.0
1.2176,-41.247,-41.247,403.665,403.665,6900.0
1.2177,-40.97,-40.97,404.28,404.28,6900.0
1.2178,-40.595,-40.595,404.891,404.891,6900.0
1.2179,-40.004,-40.004,405.475,405.475,6900.0
1.218,-39.767,-39.767,406.01,406.01,6900.0
1.2181,-39.302,-39.302,406.529,406.529,6900.0
1.2182,-38.95,-38.95,407.018,407.018,6900.0
1.2183,-38.322,-38.322,407.494,407.494,6900.0
1.2184,-37.684,-37.684,407.935,407.935,6900.0
1.2185,-37.198,-37.198,408.333,408.333,6900.0
1.2186,-36.488,-36.488,408.709,408.709,6900.0
1.2187,-35.909,-35.909,409.052,409.052,6900.0
1.2188,-35.139,-35.139,409.375,409.375,6900.0
1.2189,-34.317,-34.317,409.663,409.663,6900.0
1.219,-33.577,-33.577,409.907,409.907,6900.0
1.2191,-32.777,-32.777,410.114,410.114,6900.0
1.2192,-31.901,-31.901,410.28,410.28,6900.0
1.2193,-30.875,-30.875,410.406,410.406,6900.0
1.2194,-30.0,-30.0,410.488,410.488,6900.0
1.2195,-29.225,-29.225,410.533,410.533,6900.0
1.2196,-28.15,-28.15,410.54,410.54,6900.0
1.2197,-26.987,-26.987,410.496,410.496,6900.0
1.2198,-26.187,-26.187,410.398,410.398,6900.0
1.2199,-25.4,-25.4,410.27,410.27,6900.0
1.22,-24.512,-24.512,410.122,410.122,6900.0
1.2201,-23.245,-23.245,409.948,409.948,6900.0
1.2202,-21.802,-21.802,409.719,409.719,6900.0
1.2203,-20.722,-20.722,409.433,409.433,6900.0
1.2204,-19.92,-19.92,409.113,409.113,6900.0
1.2205,-19.036,-19.036,408.781,408.781,6900.0
1.2206,-17.799,-17.799,408.432,408.432,6900.0
1.2207,-16.221,-16.221,408.038,408.038,6900.0
1.2208,-15.064,-15.064,407.595,407.595,6900.0
1.2209,-13.766,-13.766,407.121,407.121,6900.0
1.221,-12.827,-12.827,406.618,406.618,6900.0
1.2211,-11.58,-11.58,406.097,406.097,6900.0
1.2212,-9.977,-9.977,405.548,405.548,6900.0
1.2213,-8.782,-8.782,404.969,404.969,6900.0
1.2214,-7.457,-7.457,404.372,404.372,6900.0
1.2215,-6.134,-6.134,403.759,403.759,6900.0
1.2216,-4.638,-4.638,403.133,403.133,6900.0
1.2217,-3.125,-3.125,402.494,402.494,6900.0
1.2218,-1.802,-1.802,401.844,401.844,6900.0
1.2219,-0.545,-0.545,401.187,401.187,6900.0
1.222,-0.0,-0.0,400.525,400.525,6900.0
1.2221,0.001,0.001,399.862,399.862,6900.0
1.2222,1.43,1.43,399.198,399.198,6900.0
1.2223,2.373,2.373,398.535,398.535,6900.0
1.2224,3.201,3.201,397.876,397.876,6900.0
1.2225,4.468,4.468,397.222,397.222,6900.0
1.2226,5.554,5.554,396.579,396.579,6900.0
1.2227,6.718,6.718,395.946,395.946,6900.0
1.2228,8.082,8.082,395.321,395.321,6900.0
1.2229,9.517,9.517,394.714,394.714,6900.0
1.223,11.197,11.197,394.125,394.125,6900.0
1.2231,12.472,12.472,393.568,393.568,6900.0
1.2232,13.462,13.462,393.031,393.031,6900.0
1.2233,14.935,14.935,392.503,392.503,6900.0
1.2234,16.538,16.538,392.006,392.006,6900.0
1.2235,18.15,18.15,391.554,391.554,6900.0
1.2236,19.342,19.342,391.161,391.161,6900.0
1.2237,20.209,20.209,390.804,390.804,6900.0
1.2238,21.265,21.265,390.461,390.461,6900.0
1.2239,22.481,22.481,390.15,390.15,6900.0
1.224,23.908,23.908,389.883,389.883,6900.0
1.2241,24.983,24.983,389.674,389.674,6900.0
1.2242,25.875,25.875,389.506,389.506,6900.0
1.2243,26.984,26.984,389.365,389.365,6900.0
1.2244,28.144,28.144,389.262,389.262,6900.0
1.2245,29.202,29.202,389.205,389.205,6900.0
1.2246,30.182,30.182,389.195,389.195,6900.0
1.2247,31.207,31.207,389.232,389.232,6900.0
1.2248,32.162,32.162,389.32,389.32,6900.0
1.2249,33.15,33.15,389.453,389.453,6900.0
1.225,33.855,33.855,389.629,389.629,6900.0
1.2251,34.772,34.772,389.837,389.837,6900.0
1.2252,35.579,35.579,390.089,390.089,6900.0
1.2253,36.409,36.409,390.392,390.392,6900.0
1.2254,37.056,37.056,390.741,390.741,6900.0
1.2255,37.708,37.708,391.115,391.115,6900.0
1.2256,38.399,38.399,391.51,391.51,6900.0
1.2257,39.068,39.068,391.942,391.942,6900.0
1.2258,39.783,39.783,392.415,392.415,6900.0
1.2259,40.268,40.268,392.937,392.937,6900.0
1.226,40.396,40.396,393.482,393.482,6900.0
1.2261,41.021,41.021,394.03,394.03,6900.0
1.2262,41.239,41.239,394.614,394.614,6900.0
1.2263,41.759,41.759,395.214,395.214,6900.0
1.2264,41.93,41.93,395.859,395.859,6900.0
1.2265,41.913,41.913,396.507,396.507,6900.0
1.2266,42.155,42.155,397.151,397.151,6900.0
1.2267,42.013,42.013,397.811,397.811,6900.0
1.2268,42.22,42.22,398.455,398.455,6900.0
1.2269,42.319,42.319,399.122,399.122,6900.0
1.227,42.222,42.222,399.785,399.785,6900.0
1.2271,42.302,42.302,400.447,400.447,6900.0
1.2272,42.081,42.081,401.115,401.115,6900.0
1.2273,41.897,41.897,401.76,401.76,6900.0
1.2274,41.805,41.805,402.408,402.408,6900.0
1.2275,41.405,41.405,403.05,403.05,6900.0
1.2276,41.273,41.273,403.681,403.681,6900.0
1.2277,40.808,40.808,404.306,404.306,6900.0
1.2278,40.473,40.473,404.894,404.894,6900.0
1.2279,40.165,40.165,405.463,405.463,6900.0
1.228,39.629,39.629,406.008,406.008,6900.0
1.2281,39.382,39.382,406.532,406.532,6900.0
1.2282,38.901,38.901,407.037,407.037,6900.0
1.2283,38.043,38.043,407.507,407.507,6900.0
1.2284,37.687,37.687,407.931,407.931,6900.0
1.2285,37.168,37.168,408.331,408.331,6900.0
1.2286,36.507,36.507,408.714,408.714,6900.0
1.2287,35.834,35.834,409.068,409.068,6900.0
1.2288,35.277,35.057,409.385,409.385,6900.0
1.2289,34.414,34.414,409.66,409.66,6900.0
1.229,33.544,33.544,409.903,409.903,6900.0
1.2291,32.83,32.83,410.106,410.106,6900.0
1.2292,31.975,31.975,410.274,410.274,6900.0
1.2293,30.993,30.993,410.405,410.405,6900.0
1.2294,29.896,29.896,410.495,410.495,6900.0
1.2295,28.934,28.934,410.533,410.533,6900.0
1.2296,28.112,28.112,410.52,410.52,6900.0
1.2297,27.192,27.192,410.468,410.468,6900.0
1.2298,26.385,26.385,410.385,410.385,6900.0
1.2299,25.286,25.286,410.281,410.281,6900.0
1.23,23.948,23.948,410.133,410.133,6900.0
1.2301,22.963,22.963,409.923,409.923,6900.0
1.2302,22.167,22.167,409.673,409.673,6900.0
1.2303,21.255,21.255,409.404,409.404,6900.0
1.2304,20.311,20.311,409.123,409.123,6900.0
1.2305,18.667,18.667,408.808,408.808,6900.0
1.2306,17.309,17.309,408.431,408.431,6900.0
1.2307,16.284,16.284,408.012,408.012,6900.0
1.2308,15.195,15.195,407.562,407.562,6900.0
1.2309,14.143,14.143,407.093,407.093,6900.0
1.231,12.705,12.705,406.597,406.597,6900.0
1.2311,11.412,11.412,406.065,406.065,6900.0
1.2312,10.123,10.123,405.511,405.511,6900.0
1.2313,8.927,8.927,404.934,404.934,6900.0
1.2314,7.613,7.613,404.345,404.345,6900.0
1.2315,6.127,6.127,403.739,403.739,6900.0
1.2316,4.615,4.615,403.115,403.115,6900.0
1.2317,3.232,3.232,402.477,402.477,6900.0
1.2318,1.74,1.74,401.827,401.827,6900.0
1.2319,0.606,0.606,401.169,401.169,6900.0
1.232,0.0,0.0,400.507,400.507,6900.0
1.2321,0.0,0.0,399.844,399.844,6900.0
1.2322,-2.214,-2.214,399.18,399.18,6900.0
1.2323,-2.228,-2.228,398.519,398.519,6900.0
1.2324,-3.285,-3.285,397.861,397.861,6900.0
1.2325,-4.204,-4.204,397.209,397.209,6900.0
1.2326,-5.307,-5.307,396.562,396.562,6900.0
1.2327,-6.778,-6.778,395.923,395.923,6900.0
1.2328,-8.251,-8.251,395.297,395.297,6900.0
1.2329,-9.813,-9.813,394.691,394.691,6900.0
1.233,-11.058,-11.058,394.106,394.106,6900.0
1.2331,-12.261,-12.261,393.534,393.534,6900.0
1.2332,-13.876,-13.876,392.981,392.981,6900.0
1.2333,-15.381,-15.381,392.463,392.463,6900.0
1.2334,-17.021,-17.021,391.993,391.993,6900.0
1.2335,-17.865,-17.865,391.573,391.573,6900.0
1.2336,-18.868,-18.868,391.167,391.167,6900.0
1.2337,-20.163,-20.163,390.78,390.78,6900.0
1.2338,-21.583,-21.583,390.431,390.431,6900.0
1.2339,-22.954,-22.954,390.138,390.138,6900.0
1.234,-23.875,-23.875,389.895,389.895,6900.0
1.2341,-24.772,-24.772,389.681,389.681,6900.0
1.2342,-25.924,-25.924,389.493,389.493,6900.0
1.2343,-27.096,-27.096,389.345,389.345,6900.0
1.2344,-28.3,-28.3,389.246,389.246,6900.0
1.2345,-29.26,-29.26,389.199,389.199,6900.0
1.2346,-30.308,-30.308,389.198,389.198,6900.0
1.2347,-31.221,-31.221,389.247,389.247,6900.0
1.2348,-32.154,-32.154,389.337,389.337,6900.0
1.2349,-33.124,-33.124,389.466,389.466,6900.0
1.235,-33.994,-33.994,389.641,389.641,6900.0
1.2351,-35.005,-35.005,389.858,389.858,6900.0
1.2352,-35.652,-35.652,390.133,390.133,6900.0
1.2353,-36.358,-36.358,390.438,390.438,6900.0
1.2354,-37.012,-37.012,390.767,390.767,6900.0
1.2355,-37.877,-37.877,391.129,391.129,6900.0
1.2356,-38.621,-38.621,391.529,391.529,6900.0
1.2357,-39.223,-39.223,391.983,391.983,6900.0
1.2358,-39.551,-39.551,392.472,392.472,6900.0
1.2359,-40.017,-40.017,392.969,392.969,6900.0
1.236,-40.528,-40.528,393.497,393.497,6900.0
1.2361,-41.022,-41.022,394.051,394.051,6900.0
1.2362,-41.432,-41.432,394.652,394.652,6900.0
1.2363,-41.517,-41.517,395.279,395.279,6900.0
1.2364,-41.725,-41.725,395.9,395.9,6900.0
1.2365,-42.023,-42.023,396.54,396.54,6900.0
1.2366,-42.031,-42.031,397.185,397.185,6900.0
1.2367,-42.289,-42.289,397.839,397.839,6900.0
1.2368,-42.175,-42.175,398.508,398.508,6900.0
1.2369,-42.208,-42.208,399.159,399.159,6900.0
1.237,-42.246,-42.246,399.823,399.823,6900.0
1.2371,-42.056,-42.056,400.479,400.479,6900.0
1.2372,-42.161,-42.161,401.129,401.129,6900.0
1.2373,-41.876,-41.876,401.793,401.793,6900.0
1.2374,-41.782,-41.782,402.437,402.437,6900.0
1.2375,-41.512,-41.512,403.092,403.092,6900.0
1.2376,-41.031,-41.031,403.728,403.728,6900.0
1.2377,-40.947,-40.947,404.327,404.327,6900.0
1.2378,-40.564,-40.564,404.923,404.923,6900.0
1.2379,-40.245,-40.245,405.491,405.491,6900.0
1.238,-39.777,-39.777,406.05,406.05,6900.0
1.2381,-39.234,-39.234,406.577,406.577,6900.0
1.2382,-38.807,-38.807,407.06,407.06,6900.0
1.2383,-38.345,-38.345,407.52,407.52,6900.0
1.2384,-37.776,-37.776,407.956,407.956,6900.0
1.2385,-37.185,-37.185,408.372,408.372,6900.0
1.2386,-36.513,-36.513,408.758,408.758,6900.0
1.2387,-35.745,-35.745,409.105,409.105,6900.0
1.2388,-35.064,-35.064,409.414,409.414,6900.0
1.2389,-34.529,-34.302,409.691,409.691,6900.0
1.239,-33.549,-33.549,409.935,409.935,6900.0
1.2391,-32.718,-32.718,410.144,410.144,6900.0
1.2392,-31.784,-31.784,410.313,410.313,6900.0
1.2393,-30.76,-30.76,410.435,410.435,6900.0
1.2394,-29.796,-29.796,410.507,410.507,6900.0
1.2395,-28.873,-28.873,410.532,410.532,6900.0
1.2396,-28.129,-28.129,410.519,410.519,6900.0
1.2397,-27.255,-27.255,410.48,410.48,6900.0
1.2398,-26.204,-26.204,410.406,410.406,6900.0
1.2399,-25.035,-25.035,410.284,410.284,6900.0
1.24,-24.071,-24.071,410.11,410.11,6900.0
1.2401,-23.196,-23.196,409.906,409.906,6900.0
1.2402,-22.432,-22.432,409.684,409.684,6900.0
1.2403,-21.029,-21.029,409.442,409.442,6900.0
1.2404,-19.481,-19.481,409.141,409.141,6900.0
1.2405,-18.515,-18.515,408.779,408.779,6900.0
1.2406,-17.518,-17.518,408.385,408.385,6900.0
1.2407,-16.652,-16.652,407.968,407.968,6900.0
1.2408,-15.27,-15.27,407.536,407.536,6900.0
1.2409,-13.716,-13.716,407.067,407.067,6900.0
1.241,-12.673,-12.673,406.562,406.562,6900.0
1.2411,-11.419,-11.419,406.034,406.034,6900.0
1.2412,-10.384,-10.384,405.487,405.487,6900.0
1.2413,-8.827,-8.827,404.925,404.925,6900.0
1.2414,-7.219,-7.219,404.337,404.337,6900.0
1.2415,-5.834,-5.834,403.726,403.726,6900.0
1.2416,-4.391,-4.391,403.099,403.099,6900.0
1.2417,-3.082,-3.082,402.457,402.457,6900.0
1.2418,-1.699,-1.699,401.805,401.805,6900.0
1.2419,-0.621,-0.621,401.147,401.147,6900.0
1.242,-0.0,-0.0,400.485,400.485,6900.0
1.2421,-0.0,-0.0,399.822,399.822,6900.0
1.2422,2.403,2.403,399.157,399.157,6900.0
1.2423,2.169,2.169,398.497,398.497,6900.0
1.2424,3.142,3.142,397.837,397.837,6900.0
1.2425,4.337,4.337,397.18,397.18,6900.0
1.2426,5.629,5.629,396.531,396.531,6900.0
1.2427,7.217,7.217,395.893,395.893,6900.0
1.2428,8.506,8.506,395.275,395.275,6900.0
1.2429,9.685,9.685,394.671,394.671,6900.0
1.243,11.203,11.203,394.078,394.078,6900.0
1.2431,12.704,12.704,393.512,393.512,6900.0
1.2432,14.321,14.321,392.978,392.978,6900.0
1.2433,15.459,15.459,392.49,392.49,6900.0
1.2434,16.342,16.342,392.026,392.026,6900.0
1.2435,17.608,17.608,391.571,391.571,6900.0
1.2436,19.054,19.054,391.146,391.146,6900.0
1.2437,20.573,20.573,390.768,390.768,6900.0
1.2438,21.709,21.709,390.45,390.45,6900.0
1.2439,22.588,22.588,390.168,390.168,6900.0
1.244,23.686,23.686,389.904,389.904,6900.0
1.2441,24.876,24.876,389.672,389.672,6900.0
1.2442,26.119,26.119,389.485,389.485,6900.0
1.2443,27.317,27.317,389.349,389.349,6900.0
1.2444,28.292,28.292,389.263,389.263,6900.0
1.2445,29.25,29.25,389.217,389.217,6900.0
1.2446,30.301,30.301,389.212,389.212,6900.0
1.2447,31.349,31.349,389.252,389.252,6900.0
1.2448,32.271,32.271,389.34,389.34,6900.0
1.2449,33.138,33.138,389.474,389.474,6900.0
1.245,34.159,34.159,389.657,389.657,6900.0
1.2451,34.946,34.946,389.891,389.891,6900.0
1.2452,35.616,35.616,390.156,390.156,6900.0
1.2453,36.467,36.467,390.446,390.446,6900.0
1.2454,37.125,37.125,390.778,390.778,6900.0
1.2455,37.902,37.902,391.152,391.152,6900.0
1.2456,38.515,38.515,391.572,391.572,6900.0
1.2457,38.994,38.994,392.015,392.015,6900.0
1.2458,39.674,39.674,392.472,392.472,6900.0
1.2459,40.21,40.21,392.97,392.97,6900.0
1.246,40.879,40.879,393.503,393.503,6900.0
1.2461,41.04,41.04,394.092,394.092,6900.0
1.2462,41.168,41.168,394.687,394.687,6900.0
1.2463,41.561,41.561,395.288,395.288,6900.0
1.2464,41.667,41.667,395.914,395.914,6900.0
1.2465,42.0,42.0,396.543,396.543,6900.0
1.2466,42.09,42.09,397.204,397.204,6900.0
1.2467,41.955,41.955,397.864,397.864,6900.0
1.2468,42.254,42.254,398.513,398.513,6900.0
1.2469,42.096,42.096,399.178,399.178,6900.0
1.247,42.139,42.139,399.825,399.825,6900.0
1.2471,42.187,42.187,400.487,400.487,6900.0
1.2472,41.939,41.939,401.147,401.147,6900.0
1.2473,41.953,41.953,401.801,401.801,6900.0
1.2474,41.696,41.696,402.461,402.461,6900.0
1.2475,41.297,41.297,403.094,403.094,6900.0
1.2476,41.078,41.078,403.717,403.717,6900.0
1.2477,40.682,40.682,404.323,404.323,6900.0
1.2478,40.55,40.55,404.914,404.914,6900.0
1.2479,39.99,39.99,405.496,405.496,6900.0
1.248,39.46,39.46,406.036,406.036,6900.0
1.2481,39.206,39.206,406.544,406.544,6900.0
1.2482,38.78,38.78,407.031,407.031,6900.0
1.2483,38.441,38.441,407.501,407.501,6900.0
1.2484,37.719,37.719,407.953,407.953,6900.0
1.2485,36.929,36.929,408.363,408.363,6900.0
1.2486,36.399,36.399,408.728,408.728,6900.0
1.2487,35.801,35.801,409.067,409.067,6900.0
1.2488,35.122,35.122,409.381,409.381,6900.0
1.2489,34.43,34.43,409.665,409.665,6900.0
1.249,33.443,33.443,409.914,409.914,6900.0
1.2491,32.536,32.536,410.115,410.115,6900.0
1.2492,31.71,31.71,410.274,410.274,6900.0
1.2493,30.806,30.806,410.39,410.39,6900.0
1.2494,29.998,29.998,410.466,410.466,6900.0
1.2495,29.101,29.101,410.506,410.506,6900.0
1.2496,28.117,28.117,410.513,410.513,6900.0
1.2497,27.0,27.0,410.473,410.473,6900.0
1.2498,25.892,25.892,410.378,410.378,6900.0
1.2499,25.088,25.088,410.239,410.239,6900.0
1.25,24.242,24.242,410.076,410.076,6900.0
1.2501,23.204,23.204,409.895,409.895,6900.0
1.2502,21.7,21.7,409.675,409.675,6900.0
1.2503,20.59,20.59,409.388,409.388,6900.0
1.2504,19.708,19.708,409.06,409.06,6900.0
1.2505,18.81,18.81,408.708,408.708,6900.0
1.2506,17.833,17.833,408.343,408.343,6900.0
1.2507,16.303,16.303,407.951,407.951,6900.0
1.2508,14.798,14.798,407.51,407.51,6900.0
1.2509,13.766,13.766,407.032,407.032,6900.0
1.251,12.57,12.57,406.528,406.528,6900.0
1.2511,11.489,11.489,406.005,406.005,6900.0
1.2512,9.963,9.963,405.46,405.46,6900.0
1.2513,8.445,8.445,404.884,404.884,6900.0
1.2514,7.226,7.226,404.286,404.286,6900.0
1.2515,5.814,5.814,403.671,403.671,6900.0
1.2516,4.427,4.427,403.042,403.042,6900.0
1.2517,3.071,3.071,402.4,402.4,6900.0
1.2518,1.655,1.655,401.749,401.749,6900.0
1.2519,0.569,0.569,401.09,401.09,6900.0
1.252,0.0,0.0,400.428,400.428,6900.0
1.2521,0.0,0.0,399.765,399.765,6900.0
1.2522,-1.797,-1.797,399.1,399.1,6900.0
1.2523,-2.108,-2.108,398.438,398.438,6900.0
1.2524,-3.299,-3.299,397.777,397.777,6900.0
1.2525,-4.471,-4.471,397.122,397.122,6900.0
1.2526,-5.925,-5.925,396.477,396.477,6900.0
1.2527,-6.947,-6.947,395.847,395.847,6900.0
1.2528,-8.185,-8.185,395.225,395.225,6900.0
1.2529,-9.794,-9.794,394.618,394.618,6900.0
1.253,-11.672,-11.178,394.032,394.032,6900.0
1.2531,-12.857,-12.857,393.476,393.476,6900.0
1.2532,-13.935,-13.935,392.952,392.952,6900.0
1.2533,-15.01,-15.01,392.44,392.44,6900.0
1.2534,-16.623,-16.623,391.945,391.945,6900.0
1.2535,-18.104,-18.104,391.492,391.492,6900.0
1.2536,-19.549,-19.549,391.092,391.092,6900.0
1.2537,-20.602,-20.602,390.744,390.744,6900.0
1.2538,-21.397,-21.397,390.42,390.42,6900.0
1.2539,-22.624,-22.624,390.116,390.116,6900.0
1.254,-23.891,-23.891,389.85,389.85,6900.0
1.2541,-25.275,-25.275,389.633,389.633,6900.0
1.2542,-26.218,-26.218,389.468,389.468,6900.0
1.2543,-27.196,-27.196,389.338,389.338,6900.0
1.2544,-28.256,-28.256,389.241,389.241,6900.0
1.2545,-29.31,-29.31,389.186,389.186,6900.0
1.2546,-30.245,-30.245,389.178,389.178,6900.0
1.2547,-31.308,-31.308,389.217,389.217,6900.0
1.2548,-32.343,-32.343,389.308,389.308,6900.0
1.2549,-33.333,-33.333,389.452,389.452,6900.0
1.255,-34.149,-34.149,389.641,389.641,6900.0
1.2551,-34.86,-34.86,389.863,389.863,6900.0
1.2552,-35.767,-35.767,390.119,390.119,6900.0
1.2553,-36.601,-36.601,390.418,390.418,6900.0
1.2554,-37.201,-37.201,390.771,390.771,6900.0
1.2555,-37.753,-37.753,391.153,391.153,6900.0
1.2556,-38.263,-38.263,391.553,391.553,6900.0
1.2557,-39.133,-39.133,391.98,391.98,6900.0
1.2558,-39.77,-39.77,392.445,392.445,6900.0
1.2559,-40.336,-40.336,392.964,392.964,6900.0
1.256,-40.517,-40.517,393.518,393.518,6900.0
1.2561,-40.806,-40.806,394.075,394.075,6900.0
1.2562,-41.247,-41.247,394.659,394.659,6900.0
1.2563,-41.567,-41.567,395.261,395.261,6900.0
1.2564,-41.94,-41.94,395.895,395.895,6900.0
1.2565,-41.923,-41.923,396.553,396.553,6900.0
1.2566,-42.014,-42.014,397.195,397.195,6900.0
1.2567,-42.071,-42.071,397.85,397.85,6900.0
1.2568,-42.021,-42.021,398.499,398.499,6900.0
1.2569,-42.354,-42.354,399.148,399.148,6900.0
1.257,-42.227,-42.227,399.817,399.817,6900.0
1.2571,-42.225,-42.225,400.471,400.471,6900.0
1.2572,-42.108,-42.108,401.138,401.138,6900.0
1.2573,-41.779,-41.779,401.796,401.796,6900.0
1.2574,-41.807,-41.807,402.434,402.434,6900.0
1.2575,-41.463,-41.463,403.08,403.08,6900.0
1.2576,-41.183,-41.183,403.704,403.704,6900.0
1.2577,-40.912,-40.912,404.327,404.327,6900.0
1.2578,-40.34,-40.34,404.928,404.928,6900.0
1.2579,-40.078,-40.078,405.483,405.483,6900.0
1.258,-39.682,-39.682,406.024,406.024,6900.0
1.2581,-39.347,-39.347,406.538,406.538,6900.0
1.2582,-38.777,-38.777,407.041,407.041,6900.0
1.2583,-38.068,-38.068,407.513,407.513,6900.0
1.2584,-37.689,-37.689,407.936,407.936,6900.0
1.2585,-37.177,-37.177,408.337,408.337,6900.0
1.2586,-36.519,-36.519,408.712,408.712,6900.0
1.2587,-35.843,-35.843,409.063,409.063,6900.0
1.2588,-35.022,-35.022,409.38,409.38,6900.0
1.2589,-34.177,-34.177,409.655,409.655,6900.0
1.259,-33.426,-33.426,409.89,409.89,6900.0
1.2591,-32.567,-32.567,410.089,410.089,6900.0
1.2592,-31.778,-31.778,410.249,410.249,6900.0
1.2593,-30.864,-30.864,410.371,410.371,6900.0
1.2594,-29.992,-29.992,410.455,410.455,6900.0
1.2595,-29.033,-29.033,410.498,410.498,6900.0
1.2596,-27.848,-27.848,410.491,410.491,6900.0
1.2597,-27.03,-27.03,410.431,410.431,6900.0
1.2598,-26.195,-26.195,410.336,410.336,6900.0
1.2599,-25.286,-25.286,410.218,410.218,6900.0
1.26,-24.022,-24.022,410.072,410.072,6900.0
1.2601,-22.769,-22.769,409.871,409.871,6900.0
1.2602,-21.861,-21.861,409.615,409.615,6900.0
1.2603,-21.055,-21.055,409.331,409.331,6900.0
1.2604,-20.181,-20.181,409.036,409.036,6900.0
1.2605,-18.794,-18.794,408.723,408.723,6900.0
1.2606,-17.106,-17.106,408.362,408.362,6900.0
1.2607,-15.99,-15.99,407.944,407.944,6900.0
1.2608,-14.914,-14.914,407.493,407.493,6900.0
1.2609,-14.002,-14.002,407.015,407.015,6900.0
1.261,-12.569,-12.569,406.518,406.518,6900.0
1.2611,-11.073,-11.073,405.986,405.986,6900.0
1.2612,-10.035,-10.035,405.423,405.423,6900.0
1.2613,-8.612,-8.612,404.843,404.843,6900.0
1.2614,-7.485,-7.485,404.245,404.245,6900.0
1.2615,-5.928,-5.928,403.634,403.634,6900.0
1.2616,-4.417,-4.417,403.008,403.008,6900.0
1.2617,-2.906,-2.906,402.367,402.367,6900.0
1.2618,-1.535,-1.535,401.716,401.716,6900.0
1.2619,-0.688,-0.688,401.058,401.058,6900.0
1.262,-0.665,-0.665,400.396,400.396,6900.0
1.2621,0.17,0.17,399.732,399.732,6900.0
1.2622,2.006,2.006,399.068,399.068,6900.0
1.2623,2.304,2.304,398.406,398.406,6900.0
1.2624,3.536,3.536,397.748,397.748,6900.0
1.2625,4.474,4.474,397.098,397.098,6900.0
1.2626,5.553,5.553,396.455,396.455,6900.0
1.2627,7.032,7.032,395.818,395.818,6900.0
1.2628,8.439,8.439,395.197,395.197,6900.0
1.2629,9.987,9.987,394.591,394.591,6900.0
1.263,11.189,11.189,394.013,394.013,6900.0
1.2631,12.874,12.385,393.449,393.449,6900.0
1.2632,13.834,13.834,392.897,392.897,6900.0
1.2633,15.405,15.405,392.375,392.375,6900.0
1.2634,17.043,17.043,391.896,391.896,6900.0
1.2635,18.26,18.26,391.473,391.473,6900.0
1.2636,19.189,19.189,391.084,391.084,6900.0
1.2637,20.203,20.203,390.71,390.71,6900.0
1.2638,21.596,21.596,390.364,390.364,6900.0
1.2639,22.968,22.968,390.065,390.065,6900.0
1.264,24.057,24.057,389.824,389.824,6900.0
1.2641,24.961,24.961,389.622,389.622,6900.0
1.2642,25.991,25.991,389.445,389.445,6900.0
1.2643,27.202,27.202,389.302,389.302,6900.0
1.2644,28.283,28.283,389.206,389.206,6900.0
1.2645,29.375,29.375,389.158,389.158,6900.0
1.2646,30.417,30.417,389.159,389.159,6900.0
1.2647,31.433,31.433,389.211,389.211,6900.0
1.2648,32.322,32.322,389.309,389.309,6900.0
1.2649,33.155,33.155,389.447,389.447,6900.0
1.265,34.154,34.154,389.621,389.621,6900.0
1.2651,35.001,35.001,389.842,389.842,6900.0
1.2652,36.035,36.035,390.111,390.111,6900.0
1.2653,36.749,36.749,390.431,390.431,6900.0
1.2654,37.281,37.281,390.78,390.78,6900.0
1.2655,37.925,37.925,391.148,391.148,6900.0
1.2656,38.555,38.555,391.552,391.552,6900.0
1.2657,39.281,39.281,392.0,392.0,6900.0
1.2658,39.673,39.673,392.498,392.498,6900.0
1.2659,40.071,40.071,393.012,393.012,6900.0
1.266,40.609,40.609,393.541,393.541,6900.0
1.2661,40.908,40.908,394.104,394.104,6900.0
1.2662,41.468,41.468,394.685,394.685,6900.0
1.2663,41.625,41.625,395.312,395.312,6900.0
1.2664,41.648,41.648,395.942,395.942,6900.0
1.2665,41.958,41.958,396.57,396.57,6900.0
1.2666,41.927,41.927,397.217,397.217,6900.0
1.2667,42.253,42.253,397.853,397.853,6900.0
1.2668,42.239,42.239,398.523,398.523,6900.0
1.2669,42.056,42.056,399.189,399.189,6900.0
1.267,42.314,42.314,399.848,399.848,6900.0
1.2671,42.161,42.161,400.52,400.52,6900.0
1.2672,42.092,42.092,401.173,401.173,6900.0
1.2673,42.032,42.032,401.834,401.834,6900.0
1.2674,41.611,41.611,402.488,402.488,6900.0
1.2675,41.553,41.553,403.129,403.129,6900.0
1.2676,41.174,41.174,403.769,403.769,6900.0
1.2677,40.734,40.734,404.373,404.373,6900.0
1.2678,40.447,40.447,404.958,404.958,6900.0
1.2679,40.023,40.023,405.518,405.518,6900.0
1.268,39.75,39.75,406.065,406.065,6900.0
1.2681,39.184,39.184,406.595,406.595,6900.0
1.2682,38.702,38.702,407.084,407.084,6900.0
1.2683,38.24,38.24,407.543,407.543,6900.0
1.2684,37.695,37.695,407.976,407.976,6900.0
1.2685,37.231,37.231,408.388,408.388,6900.0
1.2686,36.487,36.487,408.777,408.777,6900.0
1.2687,35.729,35.729,409.126,409.126,6900.0
1.2688,34.923,34.923,409.432,409.432,6900.0
1.2689,34.196,34.196,409.7,409.7,6900.0
1.269,33.392,33.392,409.937,409.937,6900.0
1.2691,32.553,32.553,410.135,410.135,6900.0
1.2692,31.759,31.759,410.295,410.295,6900.0
1.2693,30.7,30.7,410.417,410.417,6900.0
1.2694,29.707,29.707,410.49,410.49,6900.0
1.2695,28.792,28.792,410.513,410.513,6900.0
1.2696,28.051,28.051,410.495,410.495,6900.0
1.2697,27.186,27.186,410.449,410.449,6900.0
1.2698,26.14,26.14,410.379,410.379,6900.0
1.2699,24.921,24.921,410.264,410.264,6900.0
1.27,23.858,23.858,410.09,410.09,6900.0
1.2701,23.017,23.017,409.874,409.874,6900.0
1.2702,22.228,22.228,409.637,409.637,6900.0
1.2703,21.09,21.09,409.388,409.388,6900.0
1.2704,19.493,19.493,409.1,409.1,6900.0
1.2705,18.25,18.25,408.746,408.746,6900.0
1.2706,17.143,17.143,408.351,408.351,6900.0
1.2707,16.257,16.257,407.921,407.921,6900.0
1.2708,15.104,15.104,407.477,407.477,6900.0
1.2709,13.64,13.64,407.005,407.005,6900.0
1.271,12.32,12.32,406.496,406.496,6900.0
1.2711,11.188,11.188,405.961,405.961,6900.0
1.2712,10.047,10.047,405.405,405.405,6900.0
1.2713,8.863,8.863,404.835,404.835,6900.0
1.2714,7.27,7.27,404.248,404.248,6900.0
1.2715,5.736,5.736,403.638,403.638,6900.0
1.2716,4.429,4.429,403.011,403.011,6900.0
1.2717,2.863,2.863,402.37,402.37,6900.0
1.2718,1.618,1.618,401.717,401.717,6900.0
1.2719,0.586,0.586,401.058,401.058,6900.0
1.272,0.0,0.0,400.396,400.396,6900.0
1.2721,0.0,0.0,399.733,399.733,6900.0
1.2722,-2.354,-2.354,399.068,399.068,6900.0
1.2723,-2.318,-2.318,398.409,398.409,6900.0
1.2724,-3.263,-3.263,397.751,397.751,6900.0
1.2725,-4.271,-4.271,397.096,397.096,6900.0
1.2726,-5.747,-5.747,396.448,396.448,6900.0
1.2727,-7.129,-7.129,395.81,395.81,6900.0
1.2728,-8.596,-8.596,395.19,395.19,6900.0
1.2729,-9.816,-9.816,394.589,394.589,6900.0
1.273,-11.151,-11.151,393.999,393.999,6900.0
1.2731,-12.803,-12.803,393.429,393.429,6900.0
1.2732,-14.251,-14.251,392.891,392.891,6900.0
1.2733,-15.906,-15.906,392.395,392.395,6900.0
1.2734,-16.941,-16.941,391.944,391.944,6900.0
1.2735,-17.735,-17.735,391.51,391.51,6900.0
1.2736,-19.06,-19.06,391.091,391.091,6900.0
1.2737,-20.632,-20.632,390.71,390.71,6900.0
1.2738,-21.971,-21.971,390.385,390.385,6900.0
1.2739,-22.988,-22.988,390.11,390.11,6900.0
1.274,-23.846,-23.846,389.862,389.862,6900.0
1.2741,-24.99,-24.99,389.638,389.638,6900.0
1.2742,-26.221,-26.221,389.452,389.452,6900.0
1.2743,-27.402,-27.402,389.316,389.316,6900.0
1.2744,-28.496,-28.496,389.23,389.23,6900.0
1.2745,-29.385,-29.385,389.192,389.192,6900.0
1.2746,-30.416,-30.416,389.197,389.197,6900.0
1.2747,-31.472,-31.472,389.246,389.246,6900.0
1.2748,-32.277,-32.277,389.342,389.342,6900.0
1.2749,-33.207,-33.207,389.477,389.477,6900.0
1.275,-34.225,-34.225,389.658,389.658,6900.0
1.2751,-35.039,-35.039,389.895,389.895,6900.0
1.2752,-35.773,-35.773,390.168,390.168,6900.0
1.2753,-36.382,-36.382,390.467,390.467,6900.0
1.2754,-37.223,-37.223,390.796,390.796,6900.0
1.2755,-37.996,-37.996,391.163,391.163,6900.0
1.2756,-38.709,-38.709,391.586,391.586,6900.0
1.2757,-39.191,-39.191,392.047,392.047,6900.0
1.2758,-39.649,-39.649,392.52,392.52,6900.0
1.2759,-40.37,-40.37,393.023,393.023,6900.0
1.276,-40.907,-40.907,393.559,393.559,6900.0
1.2761,-41.203,-41.203,394.146,394.146,6900.0
1.2762,-41.384,-41.384,394.757,394.757,6900.0
1.2763,-41.564,-41.564,395.365,395.365,6900.0
1.2764,-41.861,-41.861,395.991,395.991,6900.0
1.2765,-41.875,-41.875,396.626,396.626,6900.0
1.2766,-42.264,-42.264,397.273,397.273,6900.0
1.2767,-42.158,-42.158,397.94,397.94,6900.0
1.2768,-42.265,-42.265,398.591,398.591,6900.0
1.2769,-42.366,-42.366,399.258,399.258,6900.0
1.277,-42.091,-42.091,399.923,399.923,6900.0
1.2771,-42.25,-42.25,400.576,400.576,6900.0
1.2772,-42.288,-42.159,401.245,401.245,6900.0
1.2773,-41.906,-41.906,401.903,401.903,6900.0
1.2774,-41.702,-41.702,402.566,402.566,6900.0
1.2775,-41.255,-41.255,403.213,403.213,6900.0
1.2776,-41.132,-41.132,403.825,403.825,6900.0
1.2777,-40.823,-40.823,404.434,404.434,6900.0
1.2778,-40.525,-40.525,405.018,405.018,6900.0
1.2779,-40.154,-40.154,405.593,405.593,6900.0
1.278,-39.567,-39.567,406.142,406.142,6900.0
1.2781,-39.29,-39.29,406.643,406.643,6900.0
1.2782,-38.733,-38.733,407.13,407.13,6900.0
1.2783,-38.385,-38.385,407.588,407.588,6900.0
1.2784,-37.686,-37.686,408.039,408.039,6900.0
1.2785,-36.973,-36.973,408.455,408.455,6900.0
1.2786,-36.328,-36.328,408.826,408.826,6900.0
1.2787,-35.56,-35.56,409.168,409.168,6900.0
1.2788,-34.866,-34.866,409.473,409.473,6900.0
1.2789,-34.024,-34.024,409.749,409.749,6900.0
1.279,-33.258,-33.258,409.985,409.985,6900.0
1.2791,-32.417,-32.417,410.181,410.181,6900.0
1.2792,-31.514,-31.514,410.332,410.332,6900.0
1.2793,-30.632,-30.632,410.439,410.439,6900.0
1.2794,-29.806,-29.806,410.5,410.5,6900.0
1.2795,-28.992,-28.992,410.525,410.525,6900.0
1.2796,-28.037,-28.037,410.523,410.523,6900.0
1.2797,-26.941,-26.941,410.485,410.485,6900.0
1.2798,-25.713,-25.713,410.396,410.396,6900.0
1.2799,-24.778,-24.778,410.254,410.254,6900.0
1.28,-24.107,-24.107,410.079,410.079,6900.0
1.2801,-23.209,-23.209,409.89,409.89,6900.0
1.2802,-21.767,-21.767,409.676,409.676,6900.0
1.2803,-20.334,-20.334,409.401,409.401,6900.0
1.2804,-19.373,-19.373,409.067,409.067,6900.0
1.2805,-18.41,-18.41,408.7,408.7,6900.0
1.2806,-17.634,-17.634,408.312,408.312,6900.0
1.2807,-16.339,-16.339,407.909,407.909,6900.0
1.2808,-14.801,-14.801,407.468,407.468,6900.0
1.2809,-13.71,-13.71,406.987,406.987,6900.0
1.281,-12.416,-12.416,406.483,406.483,6900.0
1.2811,-11.329,-11.329,405.955,405.955,6900.0
1.2812,-9.884,-9.884,405.411,405.411,6900.0
1.2813,-8.288,-8.288,404.84,404.84,6900.0
1.2814,-7.078,-7.078,404.242,404.242,6900.0
1.2815,-5.575,-5.575,403.627,403.627,6900.0
1.2816,-4.313,-4.313,402.996,402.996,6900.0
1.2817,-2.813,-2.813,402.353,402.353,6900.0
1.2818,-1.493,-1.493,401.7,401.7,6900.0
1.2819,-0.416,-0.416,401.041,401.041,6900.0
1.282,-0.0,-0.0,400.379,400.379,6900.0
1.2821,-0.0,-0.0,399.715,399.715,6900.0
1.2822,2.44,2.44,399.051,399.051,6900.0
1.2823,2.219,2.219,398.39,398.39,6900.0
1.2824,3.443,3.443,397.729,397.729,6900.0
1.2825,4.605,4.605,397.074,397.074,6900.0
1.2826,6.003,6.003,396.428,396.428,6900.0
1.2827,7.213,7.213,395.798,395.798,6900.0
1.2828,8.46,8.46,395.179,395.179,6900.0
1.2829,9.885,9.885,394.571,394.571,6900.0
1.283,11.326,11.326,393.986,393.986,6900.0
1.2831,13.058,13.058,393.428,393.428,6900.0
1.2832,14.349,14.349,392.911,392.911,6900.0
1.2833,15.137,15.137,392.417,392.417,6900.0
1.2834,16.571,16.571,391.931,391.931,6900.0
1.2835,18.231,18.231,391.476,391.476,6900.0
1.2836,19.709,19.709,391.073,391.073,6900.0
1.2837,20.759,20.759,390.73,390.73,6900.0
1.2838,21.601,21.601,390.422,390.422,6900.0
1.2839,22.725,22.725,390.128,390.128,6900.0
1.284,24.004,24.004,389.865,389.865,6900.0
1.2841,25.264,25.264,389.644,389.644,6900.0
1.2842,26.218,26.218,389.475,389.475,6900.0
1.2843,27.287,27.287,389.343,389.343,6900.0
1.2844,28.344,28.344,389.249,389.249,6900.0
1.2845,29.335,29.335,389.199,389.199,6900.0
1.2846,30.327,30.327,389.192,389.192,6900.0
1.2847,31.465,31.465,389.233,389.233,6900.0
1.2848,32.48,32.48,389.33,389.33,6900.0
1.2849,33.357,33.357,389.486,389.486,6900.0
1.285,34.236,34.236,389.688,389.688,6900.0
1.2851,34.93,34.93,389.926,389.926,6900.0
1.2852,35.79,35.79,390.187,390.187,6900.0
1.2853,36.497,36.497,390.488,390.488,6900.0
1.2854,37.392,37.392,390.827,390.827,6900.0
1.2855,37.956,37.956,391.212,391.212,6900.0
1.2856,38.473,38.473,391.617,391.617,6900.0
1.2857,39.255,39.255,392.038,392.038,6900.0
1.2858,39.689,39.689,392.506,392.506,6900.0
1.2859,40.449,40.449,393.011,393.011,6900.0
1.286,40.771,40.771,393.575,393.575,6900.0
1.2861,40.909,40.909,394.158,394.158,6900.0
1.2862,41.411,41.411,394.747,394.747,6900.0
1.2863,41.558,41.558,395.368,395.368,6900.0
1.2864,41.973,41.973,395.993,395.993,6900.0
1.2865,42.024,42.024,396.653,396.653,6900.0
1.2866,41.923,41.923,397.306,397.306,6900.0
1.2867,42.273,42.273,397.945,397.945,6900.0
1.2868,42.224,42.224,398.599,398.599,6900.0
1.2869,42.278,42.278,399.241,399.241,6900.0
1.287,42.244,42.244,399.904,399.904,6900.0
1.2871,42.045,42.045,400.564,400.564,6900.0
1.2872,42.161,42.161,401.223,401.223,6900.0
1.2873,41.86,41.86,401.894,401.894,6900.0
1.2874,41.622,41.622,402.541,402.541,6900.0
1.2875,41.517,41.517,403.184,403.184,6900.0
1.2876,41.056,41.056,403.818,403.818,6900.0
1.2877,40.85,40.85,404.434,404.434,6900.0
1.2878,40.476,40.476,405.035,405.035,6900.0
1.2879,39.829,39.829,405.598,405.598,6900.0
1.288,39.657,39.657,406.124,406.124,6900.0
1.2881,39.232,39.232,406.63,406.63,6900.0
1.2882,38.903,38.903,407.12,407.12,6900.0
1.2883,38.146,38.146,407.594,407.594,6900.0
1.2884,37.567,37.567,408.024,408.024,6900.0
1.2885,37.017,37.017,408.421,408.421,6900.0
1.2886,36.263,36.263,408.794,408.794,6900.0
1.2887,35.686,35.686,409.139,409.139,6900.0
1.2888,34.933,34.933,409.457,409.457,6900.0
1.2889,34.054,34.054,409.736,409.736,6900.0
1.289,33.32,33.32,409.968,409.968,6900.0
1.2891,32.47,32.47,410.162,410.162,6900.0
1.2892,31.619,31.619,410.314,410.314,6900.0
1.2893,30.714,30.714,410.426,410.426,6900.0
1.2894,29.871,29.871,410.499,410.499,6900.0
1.2895,28.778,28.778,410.538,410.538,6900.0
1.2896,27.748,27.748,410.529,410.529,6900.0
1.2897,26.72,26.72,410.466,410.466,6900.0
1.2898,25.952,25.952,410.361,410.361,6900.0
1.2899,25.113,25.113,410.232,410.232,6900.0
1.29,24.076,24.076,410.086,410.086,6900.0
1.2901,22.752,22.752,409.897,409.897,6900.0
1.2902,21.52,21.52,409.645,409.645,6900.0
1.2903,20.587,20.587,409.348,409.348,6900.0
1.2904,19.808,19.808,409.027,409.027,6900.0
1.2905,18.779,18.779,408.696,408.696,6900.0
1.2906,17.38,17.38,408.334,408.334,6900.0
1.2907,15.863,15.863,407.92,407.92,6900.0
1.2908,14.856,14.856,407.468,407.468,6900.0
1.2909,13.649,13.649,406.987,406.987,6900.0
1.291,12.574,12.574,406.486,406.486,6900.0
1.2911,11.053,11.053,405.96,405.96,6900.0
1.2912,9.598,9.598,405.402,405.402,6900.0
1.2913,8.492,8.492,404.821,404.821,6900.0
1.2914,7.131,7.131,404.22,404.22,6900.0
1.2915,5.855,5.855,403.605,403.605,6900.0
1.2916,4.303,4.303,402.977,402.977,6900.0
1.2917,2.843,2.843,402.334,402.334,6900.0
1.2918,1.471,1.471,401.682,401.682,6900.0
1.2919,0.399,0.399,401.023,401.023,6900.0
1.292,0.0,0.0,400.361,400.361,6900.0
1.2921,0.0,0.0,399.697,399.697,6900.0
1.2922,-1.744,-1.744,399.033,399.033,6900.0
1.2923,-2.816,-2.816,398.371,398.371,6900.0
1.2924,-3.555,-3.555,397.713,397.713,6900.0
1.2925,-4.802,-4.802,397.062,397.062,6900.0
1.2926,-5.767,-5.767,396.421,396.421,6900.0
1.2927,-6.989,-6.989,395.787,395.787,6900.0
1.2928,-8.522,-8.522,395.166,395.166,6900.0
1.2929,-10.065,-10.065,394.562,394.562,6900.0
1.293,-11.631,-11.631,393.985,393.985,6900.0
1.2931,-12.664,-12.664,393.436,393.436,6900.0
1.2932,-13.785,-13.785,392.899,392.899,6900.0
1.2933,-15.424,-15.424,392.378,392.378,6900.0
1.2934,-16.882,-16.882,391.895,391.895,6900.0
1.2935,-18.462,-18.462,391.461,391.461,6900.0
1.2936,-19.461,-19.461,391.08,391.08,6900.0
1.2937,-20.289,-20.289,390.718,390.718,6900.0
1.2938,-21.655,-21.655,390.376,390.376,6900.0
1.2939,-23.011,-23.011,390.074,390.074,6900.0
1.294,-24.377,-24.377,389.826,389.826,6900.0
1.2941,-25.302,-25.302,389.628,389.628,6900.0
1.2942,-26.273,-26.273,389.464,389.464,6900.0
1.2943,-27.348,-27.348,389.334,389.334,6900.0
1.2944,-28.353,-28.353,389.245,389.245,6900.0
1.2945,-29.379,-29.379,389.201,389.201,6900.0
1.2946,-30.525,-30.525,389.203,389.203,6900.0
1.2947,-31.401,-31.401,389.258,389.258,6900.0
1.2948,-32.278,-32.278,389.359,389.359,6900.0
1.2949,-33.145,-33.145,389.501,389.501,6900.0
1.295,-34.013,-34.013,389.676,389.676,6900.0
1.2951,-34.934,-34.934,389.893,389.893,6900.0
1.2952,-35.911,-35.911,390.151,390.151,6900.0
1.2953,-36.711,-36.711,390.467,390.467,6900.0
1.2954,-37.378,-37.378,390.821,390.821,6900.0
1.2955,-37.949,-37.949,391.195,391.195,6900.0
1.2956,-38.672,-38.672,391.603,391.603,6900.0
1.2957,-39.261,-39.261,392.046,392.046,6900.0
1.2958,-39.886,-39.886,392.543,392.543,6900.0
1.2959,-40.138,-40.138,393.076,393.076,6900.0
1.296,-40.466,-40.466,393.614,393.614,6900.0
1.2961,-41.045,-41.045,394.176,394.176,6900.0
1.2962,-41.314,-41.314,394.762,394.762,6900.0
1.2963,-41.785,-41.785,395.377,395.377,6900.0
1.2964,-41.895,-41.895,396.018,396.018,6900.0
1.2965,-41.982,-41.982,396.65,396.65,6900.0
1.2966,-42.119,-42.119,397.297,397.297,6900.0
1.2967,-41.954,-41.954,397.943,397.943,6900.0
1.2968,-42.345,-42.345,398.59,398.59,6900.0
1.2969,-42.223,-42.223,399.262,399.262,6900.0
1.297,-42.157,-42.157,399.922,399.922,6900.0
1.2971,-42.188,-42.188,400.594,400.594,6900.0
1.2972,-41.843,-41.843,401.262,401.262,6900.0
1.2973,-41.899,-41.899,401.91,401.91,6900.0
1.2974,-41.574,-41.574,402.567,402.567,6900.0
1.2975,-41.435,-41.435,403.201,403.201,6900.0
1.2976,-41.13,-41.13,403.837,403.837,6900.0
1.2977,-40.688,-40.688,404.448,404.448,6900.0
1.2978,-40.428,-40.428,405.021,405.021,6900.0
1.2979,-40.072,-40.072,405.58,405.58,6900.0
1.298,-39.774,-39.774,406.112,406.112,6900.0
1.2981,-39.181,-39.181,406.639,406.639,6900.0
1.2982,-38.678,-38.678,407.132,407.132,6900.0
1.2983,-38.206,-38.206,407.584,407.584,6900.0
1.2984,-37.63,-37.63,408.017,408.017,6900.0
1.2985,-37.041,-37.041,408.422,408.422,6900.0
1.2986,-36.337,-36.337,408.808,408.808,6900.0
1.2987,-35.684,-35.684,409.158,409.158,6900.0
1.2988,-34.745,-34.745,409.469,409.469,6900.0
1.2989,-33.95,-33.95,409.736,409.736,6900.0
1.299,-33.175,-33.175,409.962,409.962,6900.0
1.2991,-32.399,-32.399,410.15,410.15,6900.0
1.2992,-31.617,-31.617,410.301,410.301,6900.0
1.2993,-30.705,-30.705,410.415,410.415,6900.0
1.2994,-29.793,-29.793,410.486,410.486,6900.0
1.2995,-28.732,-28.732,410.512,410.512,6900.0
1.2996,-27.897,-27.897,410.489,410.489,6900.0
1.2997,-27.144,-27.144,410.433,410.433,6900.0
1.2998,-26.192,-26.192,410.355,410.355,6900.0
1.2999,-24.999,-24.999,410.246,410.246,6900.0
