t,Iac_real,Iac_int,Vdc_real,Vdc_int,P_charge
0.6,-27.535,-27.535,409.726,409.726,
0.6001,-21.733,-21.733,409.49,409.49,6900.0
0.6002,-14.612,-14.612,409.215,409.215,6900.0
0.6003,-14.195,-14.195,408.852,408.852,6900.0
0.6004,-12.974,-12.974,408.476,408.476,6900.0
0.6005,-16.458,-16.458,408.017,408.017,6900.0
0.6006,-11.301,-11.301,407.616,407.616,6900.0
0.6007,-17.871,-17.871,407.082,407.082,6900.0
0.6008,-9.638,-9.638,406.631,406.631,6900.0
0.6009,-14.123,-14.123,406.073,406.073,6900.0
0.601,-9.858,-9.858,405.55,405.55,6900.0
0.6011,-3.566,-3.566,404.992,404.992,6900.0
0.6012,-2.12,-2.12,404.389,404.389,6900.0
0.6013,0.0,0.0,403.772,403.772,6900.0
0.6014,-9.351,-9.351,403.114,403.114,6900.0
0.6015,-5.236,-5.236,402.489,402.489,6900.0
0.6016,-2.152,-2.152,401.848,401.848,6900.0
0.6017,-6.198,-6.198,401.187,401.187,6900.0
0.6018,-1.599,-1.599,400.537,400.537,6900.0
0.6019,-1.74,-1.74,399.873,399.873,6900.0
0.602,0.863,0.863,399.21,399.21,6900.0
0.6021,2.976,2.976,398.544,398.544,6900.0
0.6022,6.915,6.915,397.878,397.878,6900.0
0.6023,4.525,4.525,397.227,397.227,6900.0
0.6024,1.835,1.835,396.588,396.588,6900.0
0.6025,11.481,11.481,395.918,395.918,6900.0
0.6026,8.567,8.567,395.292,395.292,6900.0
0.6027,7.621,7.621,394.681,394.681,6900.0
0.6028,9.057,9.057,394.082,394.082,6900.0
0.6029,13.398,13.398,393.494,393.494,6900.0
0.603,18.555,18.555,392.916,392.916,6900.0
0.6031,10.789,10.789,392.466,392.466,6900.0
0.6032,17.238,17.238,391.914,391.914,6900.0
0.6033,13.334,13.334,391.504,391.504,6900.0
0.6034,24.994,24.994,390.976,390.976,6900.0
0.6035,18.641,18.641,390.676,390.676,6900.0
0.6036,26.249,26.249,390.242,390.242,6900.0
0.6037,21.874,21.874,389.981,389.981,6900.0
0.6038,25.788,25.788,389.667,389.667,6900.0
0.6039,31.086,31.086,389.357,389.357,6900.0
0.604,24.662,24.662,389.287,389.287,6900.0
0.6041,26.124,26.124,389.141,389.141,6900.0
0.6042,34.914,34.914,388.894,388.894,6900.0
0.6043,25.645,25.645,389.008,389.008,6900.0
0.6044,36.637,36.637,388.809,388.809,6900.0
0.6045,29.911,29.911,389.001,389.001,6900.0
0.6046,37.58,37.58,388.967,388.967,6900.0
0.6047,33.893,33.893,389.225,389.225,6900.0
0.6048,37.177,37.177,389.34,389.34,6900.0
0.6049,34.657,34.657,389.593,389.593,6900.0
0.605,39.855,39.855,389.777,389.777,6900.0
0.6051,33.65,33.65,390.227,390.227,6900.0
0.6052,41.241,41.241,390.455,390.455,6900.0
0.6053,36.224,36.224,390.973,390.973,6900.0
0.6054,44.084,44.084,391.194,391.194,6900.0
0.6055,39.758,39.758,391.774,391.774,6900.0
0.6056,36.297,36.297,392.341,392.341,6900.0
0.6057,46.751,46.751,392.633,392.633,6900.0
0.6058,44.438,44.438,393.291,393.291,6900.0
0.6059,42.524,42.524,393.919,393.919,6900.0
0.606,41.268,41.268,394.579,394.579,6900.0
0.6061,40.567,40.567,395.245,395.245,6900.0
0.6062,41.065,41.065,395.915,395.915,6900.0
0.6063,41.449,41.449,396.602,396.602,6900.0
0.6064,41.986,41.986,397.301,397.301,6900.0
0.6065,42.69,42.69,397.983,397.983,6900.0
0.6066,42.931,42.931,398.68,398.68,6900.0
0.6067,43.653,43.653,399.393,399.393,6900.0
0.6068,43.979,43.979,400.084,400.084,6900.0
0.6069,44.465,44.465,400.787,400.787,6900.0
0.607,45.0,45.0,401.467,401.467,6900.0
0.6071,44.829,44.829,402.156,402.156,6900.0
0.6072,44.876,44.876,402.841,402.841,6900.0
0.6073,44.671,44.671,403.486,403.486,6900.0
0.6074,44.764,44.764,404.128,404.128,6900.0
0.6075,44.672,44.672,404.773,404.773,6900.0
0.6076,43.528,43.528,405.403,405.403,6900.0
0.6077,41.856,41.856,406.029,406.029,6900.0
0.6078,39.601,39.601,406.636,406.636,6900.0
0.6079,37.304,37.304,407.211,407.211,6900.0
0.608,34.535,34.535,407.749,407.749,6900.0
0.6081,37.238,37.238,408.108,408.108,6900.0
0.6082,39.192,39.192,408.503,408.503,6900.0
0.6083,33.634,33.634,408.98,408.98,6900.0
0.6084,40.974,40.974,409.167,409.167,6900.0
0.6085,34.258,34.258,409.646,409.646,6900.0
0.6086,33.18,33.18,409.91,409.91,6900.0
0.6087,31.349,31.349,410.183,410.183,6900.0
0.6088,35.084,35.084,410.313,410.313,6900.0
0.6089,30.999,30.999,410.526,410.526,6900.0
0.609,33.135,33.135,410.626,410.626,6900.0
0.6091,34.239,34.239,410.671,410.671,6900.0
0.6092,27.971,27.971,410.844,410.844,6900.0
0.6093,26.721,26.721,410.87,410.87,6900.0
0.6094,30.34,30.34,410.76,410.76,6900.0
0.6095,25.795,25.795,410.73,410.73,6900.0
0.6096,27.728,27.728,410.609,410.609,6900.0
0.6097,29.27,29.27,410.429,410.429,6900.0
0.6098,22.238,22.238,410.35,410.35,6900.0
0.6099,19.478,19.478,410.153,410.153,6900.0
0.61,21.694,21.694,409.83,409.83,6900.0
0.6101,16.513,16.513,409.591,409.591,6900.0
0.6102,24.819,24.819,409.169,409.169,6900.0
0.6103,11.716,11.716,408.946,408.946,6900.0
0.6104,23.082,23.082,408.437,408.437,6900.0
0.6105,12.828,12.828,408.112,408.112,6900.0
0.6106,14.257,14.257,407.642,407.642,6900.0
0.6107,15.033,15.033,407.143,407.143,6900.0
0.6108,7.593,7.593,406.699,406.699,6900.0
0.6109,11.038,11.038,406.135,406.135,6900.0
0.611,13.027,13.027,405.565,405.565,6900.0
0.6111,13.167,13.167,404.981,404.981,6900.0
0.6112,12.051,12.051,404.385,404.385,6900.0
0.6113,9.463,9.463,403.778,403.778,6900.0
0.6114,5.423,5.423,403.164,403.164,6900.0
0.6115,2.103,2.103,402.533,402.533,6900.0
0.6116,1.272,1.272,401.89,401.89,6900.0
0.6117,3.467,3.467,401.229,401.229,6900.0
0.6118,0.159,0.159,400.575,400.575,6900.0
0.6119,1.185,1.185,399.912,399.912,6900.0
0.612,-0.718,-0.718,399.248,399.248,6900.0
0.6121,-3.046,-3.046,398.582,398.582,6900.0
0.6122,-1.055,-1.055,397.931,397.931,6900.0
0.6123,-5.889,-5.889,397.264,397.264,6900.0
0.6124,-2.256,-2.256,396.624,396.624,6900.0
0.6125,-11.178,-11.178,395.954,395.954,6900.0
0.6126,-8.992,-8.992,395.326,395.326,6900.0
0.6127,-9.49,-9.49,394.712,394.712,6900.0
0.6128,-12.001,-12.001,394.11,394.11,6900.0
0.6129,-14.748,-14.748,393.516,393.516,6900.0
0.613,-18.439,-18.439,392.93,392.93,6900.0
0.6131,-11.089,-11.089,392.48,392.48,6900.0
0.6132,-19.499,-19.499,391.921,391.921,6900.0
0.6133,-10.665,-10.665,391.575,391.575,6900.0
0.6134,-21.604,-21.604,391.043,391.043,6900.0
0.6135,-13.824,-13.824,390.748,390.748,6900.0
0.6136,-20.262,-20.262,390.313,390.313,6900.0
0.6137,-22.165,-22.165,389.985,389.985,6900.0
0.6138,-26.049,-26.049,389.676,389.676,6900.0
0.6139,-30.98,-30.98,389.368,389.368,6900.0
0.614,-24.247,-24.247,389.293,389.293,6900.0
0.6141,-25.719,-25.719,389.138,389.138,6900.0
0.6142,-34.79,-34.79,388.887,388.887,6900.0
0.6143,-26.203,-26.203,389.004,389.004,6900.0
0.6144,-31.781,-31.781,388.934,388.934,6900.0
0.6145,-32.236,-32.236,388.999,388.999,6900.0
0.6146,-27.349,-27.349,389.191,389.191,6900.0
0.6147,-35.541,-35.541,389.192,389.192,6900.0
0.6148,-31.903,-31.903,389.444,389.444,6900.0
0.6149,-35.465,-35.465,389.596,389.596,6900.0
0.615,-34.346,-34.346,389.9,389.9,6900.0
0.6151,-40.236,-40.236,390.088,390.088,6900.0
0.6152,-33.63,-33.63,390.548,390.548,6900.0
0.6153,-40.802,-40.802,390.77,390.77,6900.0
0.6154,-36.131,-36.131,391.312,391.312,6900.0
0.6155,-45.971,-45.971,391.552,391.552,6900.0
0.6156,-43.738,-43.738,392.146,392.146,6900.0
0.6157,-41.356,-41.356,392.747,392.747,6900.0
0.6158,-39.576,-39.576,393.359,393.359,6900.0
0.6159,-37.897,-37.897,393.958,393.958,6900.0
0.616,-43.354,-43.354,394.456,394.456,6900.0
0.6161,-42.768,-42.768,395.119,395.119,6900.0
0.6162,-48.366,-48.366,395.613,395.613,6900.0
0.6163,-47.972,-47.972,396.311,396.311,6900.0
0.6164,-47.502,-47.502,396.998,396.998,6900.0
0.6165,-47.761,-47.761,397.677,397.677,6900.0
0.6166,-48.568,-48.568,398.376,398.376,6900.0
0.6167,-49.272,-49.272,399.057,399.057,6900.0
0.6168,-43.98,-43.98,399.921,399.921,6900.0
0.6169,-38.518,-38.518,400.781,400.781,6900.0
0.617,-39.138,-39.138,401.48,401.48,6900.0
0.6171,-39.766,-39.766,402.163,402.163,6900.0
0.6172,-39.934,-39.934,402.815,402.815,6900.0
0.6173,-40.174,-40.174,403.477,403.477,6900.0
0.6174,-39.575,-39.575,404.135,404.135,6900.0
0.6175,-38.066,-38.066,404.757,404.757,6900.0
0.6176,-36.365,-36.365,405.371,405.371,6900.0
0.6177,-40.869,-40.869,405.836,405.836,6900.0
0.6178,-45.869,-45.869,406.288,406.288,6900.0
0.6179,-43.563,-43.563,406.901,406.901,6900.0
0.618,-40.283,-40.283,407.469,407.469,6900.0
0.6181,-36.649,-36.649,408.007,408.007,6900.0
0.6182,-32.576,-32.576,408.502,408.502,6900.0
0.6183,-41.425,-41.425,408.718,408.718,6900.0
0.6184,-36.041,-36.041,409.194,409.194,6900.0
0.6185,-29.371,-29.371,409.595,409.595,6900.0
0.6186,-34.826,-34.826,409.769,409.769,6900.0
0.6187,-32.403,-32.403,409.996,409.996,6900.0
0.6188,-29.302,-29.302,410.229,410.229,6900.0
0.6189,-31.871,-31.871,410.33,410.33,6900.0
0.619,-33.675,-33.675,410.384,410.384,6900.0
0.6191,-34.657,-34.657,410.485,410.485,6900.0
0.6192,-27.487,-27.487,410.658,410.658,6900.0
0.6193,-32.511,-32.511,410.574,410.574,6900.0
0.6194,-29.996,-29.996,410.57,410.57,6900.0
0.6195,-27.432,-27.432,410.59,410.59,6900.0
0.6196,-23.683,-23.683,410.545,410.545,6900.0
0.6197,-24.498,-24.498,410.417,410.417,6900.0
0.6198,-29.633,-29.633,410.121,410.121,6900.0
0.6199,-19.939,-19.939,410.018,410.018,6900.0
0.62,-24.166,-24.166,409.712,409.712,6900.0
0.6201,-20.854,-20.854,409.464,409.464,6900.0
0.6202,-15.197,-15.197,409.189,409.189,6900.0
0.6203,-14.36,-14.36,408.833,408.833,6900.0
0.6204,-18.433,-18.433,408.402,408.402,6900.0
0.6205,-14.749,-14.749,407.994,407.994,6900.0
0.6206,-10.412,-10.412,407.575,407.575,6900.0
0.6207,-17.183,-17.183,407.035,407.035,6900.0
0.6208,-8.475,-8.475,406.596,406.596,6900.0
0.6209,-11.52,-11.52,406.037,406.037,6900.0
0.621,-13.444,-13.444,405.469,405.469,6900.0
0.6211,-14.351,-14.351,404.889,404.889,6900.0
0.6212,-6.933,-6.933,404.34,404.34,6900.0
0.6213,-11.295,-11.295,403.699,403.699,6900.0
0.6214,-7.704,-7.704,403.084,403.084,6900.0
0.6215,-4.591,-4.591,402.454,402.454,6900.0
0.6216,-1.659,-1.659,401.813,401.813,6900.0
0.6217,-6.048,-6.048,401.152,401.152,6900.0
0.6218,-1.924,-1.924,400.501,400.501,6900.0
0.6219,-2.345,-2.345,399.838,399.838,6900.0
0.622,1.349,1.349,399.175,399.175,6900.0
0.6221,4.893,4.893,398.509,398.509,6900.0
0.6222,2.415,2.415,397.854,397.854,6900.0
0.6223,7.934,7.934,397.187,397.187,6900.0
0.6224,5.392,5.392,396.542,396.542,6900.0
0.6225,2.121,2.121,395.91,395.91,6900.0
0.6226,7.531,7.531,395.278,395.278,6900.0
0.6227,13.586,13.586,394.625,394.625,6900.0
0.6228,13.604,13.604,394.016,394.016,6900.0
0.6229,15.476,15.476,393.419,393.419,6900.0
0.623,13.327,13.327,392.899,392.899,6900.0
0.6231,14.017,14.017,392.379,392.379,6900.0
0.6232,15.915,15.915,391.897,391.897,6900.0
0.6233,17.754,17.754,391.414,391.414,6900.0
0.6234,14.535,14.535,391.019,391.019,6900.0
0.6235,26.127,26.127,390.498,390.498,6900.0
0.6236,20.666,20.666,390.226,390.226,6900.0
0.6237,23.615,23.615,389.887,389.887,6900.0
0.6238,20.98,20.98,389.634,389.634,6900.0
0.6239,26.367,26.367,389.355,389.355,6900.0
0.624,26.518,26.518,389.143,389.143,6900.0
0.6241,28.314,28.314,388.996,388.996,6900.0
0.6242,31.181,31.181,388.844,388.844,6900.0
0.6243,29.107,29.107,388.859,388.859,6900.0
0.6244,34.32,34.32,388.77,388.77,6900.0
0.6245,27.582,27.582,388.945,388.945,6900.0
0.6246,34.233,34.233,388.93,388.93,6900.0
0.6247,35.644,35.644,389.031,389.031,6900.0
0.6248,32.522,32.522,389.291,389.291,6900.0
0.6249,36.982,36.982,389.419,389.419,6900.0
0.625,35.622,35.622,389.684,389.684,6900.0
0.6251,35.119,35.119,390.0,390.0,6900.0
0.6252,41.856,41.856,390.182,390.182,6900.0
0.6253,37.211,37.211,390.719,390.719,6900.0
0.6254,39.992,39.992,391.081,391.081,6900.0
0.6255,43.019,43.019,391.5,391.5,6900.0
0.6256,39.536,39.536,392.096,392.096,6900.0
0.6257,36.514,36.514,392.669,392.669,6900.0
0.6258,46.903,46.903,392.963,392.963,6900.0
0.6259,45.597,45.597,393.599,393.599,6900.0
0.626,44.273,44.273,394.237,394.237,6900.0
0.6261,43.264,43.264,394.914,394.914,6900.0
0.6262,42.837,42.837,395.573,395.573,6900.0
0.6263,42.671,42.671,396.261,396.261,6900.0
0.6264,43.528,43.528,396.963,396.963,6900.0
0.6265,44.238,44.238,397.652,397.652,6900.0
0.6266,45.11,45.11,398.364,398.364,6900.0
0.6267,46.039,46.039,399.067,399.067,6900.0
0.6268,46.362,46.362,399.75,399.75,6900.0
0.6269,47.044,47.044,400.447,400.447,6900.0
0.627,47.334,47.334,401.122,401.122,6900.0
0.6271,47.813,47.813,401.807,401.807,6900.0
0.6272,48.204,48.204,402.468,402.468,6900.0
0.6273,47.743,47.743,403.133,403.133,6900.0
0.6274,47.23,47.23,403.78,403.78,6900.0
0.6275,46.35,46.35,404.41,404.41,6900.0
0.6276,45.645,45.645,405.054,405.054,6900.0
0.6277,44.618,44.618,405.674,405.674,6900.0
0.6278,42.491,42.491,406.291,406.291,6900.0
0.6279,39.692,39.692,406.869,406.869,6900.0
0.628,36.31,36.31,407.431,407.431,6900.0
0.6281,32.897,32.897,407.926,407.926,6900.0
0.6282,42.238,42.238,408.154,408.154,6900.0
0.6283,37.239,37.239,408.66,408.66,6900.0
0.6284,31.135,31.135,409.105,409.105,6900.0
0.6285,37.478,37.478,409.295,409.295,6900.0
0.6286,29.826,29.826,409.687,409.687,6900.0
0.6287,34.708,34.708,409.829,409.829,6900.0
0.6288,31.892,31.892,410.048,410.048,6900.0
0.6289,28.342,28.342,410.261,410.261,6900.0
0.629,30.137,30.137,410.35,410.35,6900.0
0.6291,24.085,24.085,410.511,410.511,6900.0
0.6292,30.379,30.379,410.467,410.467,6900.0
0.6293,29.22,29.22,410.486,410.486,6900.0
0.6294,34.355,34.355,410.362,410.362,6900.0
0.6295,24.396,24.396,410.492,410.492,6900.0
0.6296,32.32,32.32,410.251,410.251,6900.0
0.6297,18.628,18.628,410.274,410.274,6900.0
0.6298,24.761,24.761,410.004,410.004,6900.0
0.6299,24.18,24.18,409.789,409.789,6900.0
0.63,15.446,15.446,409.642,409.642,6900.0
0.6301,23.968,23.968,409.246,409.246,6900.0
0.6302,23.87,23.87,408.91,408.91,6900.0
0.6303,22.351,22.351,408.563,408.563,6900.0
0.6304,20.51,20.51,408.19,408.19,6900.0
0.6305,17.477,17.477,407.808,407.808,6900.0
0.6306,11.848,11.848,407.372,407.372,6900.0
0.6307,18.604,18.604,406.841,406.841,6900.0
0.6308,9.984,9.984,406.399,406.399,6900.0
0.6309,14.491,14.491,405.843,405.843,6900.0
0.631,10.832,10.832,405.327,405.327,6900.0
0.6311,4.844,4.844,404.774,404.774,6900.0
0.6312,4.303,4.303,404.176,404.176,6900.0
0.6313,2.127,2.127,403.562,403.562,6900.0
0.6314,-0.0,-0.0,402.937,402.937,6900.0
0.6315,7.922,7.922,402.278,402.278,6900.0
0.6316,4.108,4.108,401.641,401.641,6900.0
0.6317,0.633,0.633,400.993,400.993,6900.0
0.6318,2.757,2.757,400.33,400.33,6900.0
0.6319,2.483,2.483,399.667,399.667,6900.0
0.632,-1.507,-1.507,399.004,399.004,6900.0
0.6321,-3.879,-3.879,398.338,398.338,6900.0
0.6322,-1.011,-1.011,397.687,397.687,6900.0
0.6323,-4.873,-4.873,397.019,397.019,6900.0
0.6324,-1.731,-1.731,396.377,396.377,6900.0
0.6325,-11.243,-11.243,395.707,395.707,6900.0
0.6326,-8.223,-8.223,395.079,395.079,6900.0
0.6327,-6.561,-6.561,394.471,394.471,6900.0
0.6328,-7.178,-7.178,393.872,393.872,6900.0
0.6329,-10.928,-10.928,393.293,393.293,6900.0
0.633,-16.869,-16.869,392.71,392.71,6900.0
0.6331,-9.9,-9.9,392.256,392.256,6900.0
0.6332,-16.559,-16.559,391.698,391.698,6900.0
0.6333,-18.782,-18.782,391.228,391.228,6900.0
0.6334,-16.875,-16.875,390.824,390.824,6900.0
0.6335,-23.852,-23.852,390.365,390.365,6900.0
0.6336,-18.339,-18.339,390.091,390.091,6900.0
0.6337,-26.936,-26.936,389.657,389.657,6900.0
0.6338,-23.589,-23.589,389.427,389.427,6900.0
0.6339,-22.129,-22.129,389.226,389.226,6900.0
0.634,-28.301,-28.301,388.973,388.973,6900.0
0.6341,-29.361,-29.361,388.806,388.806,6900.0
0.6342,-25.511,-25.511,388.798,388.798,6900.0
0.6343,-29.163,-29.163,388.693,388.693,6900.0
0.6344,-33.946,-33.946,388.601,388.601,6900.0
0.6345,-27.465,-27.465,388.768,388.768,6900.0
0.6346,-35.096,-35.096,388.76,388.76,6900.0
0.6347,-31.623,-31.623,389.002,389.002,6900.0
0.6348,-35.245,-35.245,389.131,389.131,6900.0
0.6349,-39.157,-39.157,389.252,389.252,6900.0
0.635,-37.623,-37.623,389.582,389.582,6900.0
0.6351,-36.843,-36.843,389.931,389.931,6900.0
0.6352,-43.719,-43.719,390.119,390.119,6900.0
0.6353,-38.431,-38.431,390.672,390.672,6900.0
0.6354,-39.401,-39.401,391.044,391.044,6900.0
0.6355,-41.57,-41.57,391.469,391.469,6900.0
0.6356,-37.979,-37.979,392.054,392.054,6900.0
0.6357,-42.339,-42.339,392.497,392.497,6900.0
0.6358,-47.681,-47.681,392.972,392.972,6900.0
0.6359,-46.383,-46.383,393.633,393.633,6900.0
0.636,-45.721,-45.721,394.303,394.303,6900.0
0.6361,-45.056,-45.056,394.954,394.954,6900.0
0.6362,-45.104,-45.104,395.633,395.633,6900.0
0.6363,-45.325,-45.325,396.321,396.321,6900.0
0.6364,-45.01,-45.01,397.008,397.008,6900.0
0.6365,-45.124,-45.124,397.692,397.692,6900.0
0.6366,-44.94,-44.94,398.378,398.378,6900.0
0.6367,-45.105,-45.105,399.061,399.061,6900.0
0.6368,-45.668,-45.668,399.758,399.758,6900.0
0.6369,-46.15,-46.15,400.43,400.43,6900.0
0.637,-47.232,-47.232,401.128,401.128,6900.0
0.6371,-47.894,-47.894,401.815,401.815,6900.0
0.6372,-48.123,-48.123,402.474,402.474,6900.0
0.6373,-48.362,-48.362,403.144,403.144,6900.0
0.6374,-48.122,-48.122,403.814,403.814,6900.0
0.6375,-41.194,-41.194,404.621,404.621,6900.0
0.6376,-46.89,-46.89,405.091,405.091,6900.0
0.6377,-44.71,-44.71,405.735,405.735,6900.0
0.6378,-42.136,-42.136,406.346,406.346,6900.0
0.6379,-39.243,-39.243,406.911,406.911,6900.0
0.638,-36.38,-36.38,407.467,407.467,6900.0
0.6381,-32.928,-32.928,407.965,407.965,6900.0
0.6382,-41.695,-41.695,408.188,408.188,6900.0
0.6383,-36.558,-36.558,408.711,408.711,6900.0
0.6384,-30.869,-30.869,409.141,409.141,6900.0
0.6385,-37.96,-37.96,409.333,409.333,6900.0
0.6386,-30.768,-30.768,409.749,409.749,6900.0
0.6387,-35.791,-35.791,409.88,409.88,6900.0
0.6388,-32.714,-32.714,410.126,410.126,6900.0
0.6389,-28.676,-28.676,410.355,410.355,6900.0
0.639,-30.043,-30.043,410.446,410.446,6900.0
0.6391,-24.042,-24.042,410.604,410.604,6900.0
0.6392,-30.802,-30.802,410.564,410.564,6900.0
0.6393,-29.781,-29.781,410.596,410.596,6900.0
0.6394,-33.992,-33.992,410.478,410.478,6900.0
0.6395,-23.26,-23.26,410.586,410.586,6900.0
0.6396,-32.006,-32.006,410.331,410.331,6900.0
0.6397,-20.348,-20.348,410.37,410.37,6900.0
0.6398,-28.028,-28.028,410.104,410.104,6900.0
0.6399,-19.247,-19.247,409.979,409.979,6900.0
0.64,-21.7,-21.7,409.686,409.686,6900.0
0.6401,-22.373,-22.373,409.352,409.352,6900.0
0.6402,-16.144,-16.144,409.081,409.081,6900.0
0.6403,-22.915,-22.915,408.637,408.637,6900.0
0.6404,-20.793,-20.793,408.273,408.273,6900.0
0.6405,-17.08,-17.08,407.89,407.89,6900.0
0.6406,-11.889,-11.889,407.468,407.468,6900.0
0.6407,-19.71,-19.71,406.923,406.923,6900.0
0.6408,-12.807,-12.807,406.495,406.495,6900.0
0.6409,-10.915,-10.915,405.986,405.986,6900.0
0.641,-6.551,-6.551,405.445,405.445,6900.0
0.6411,-7.385,-7.385,404.858,404.858,6900.0
0.6412,-6.276,-6.276,404.267,404.267,6900.0
0.6413,-3.599,-3.599,403.658,403.658,6900.0
0.6414,-0.82,-0.82,403.035,403.035,6900.0
0.6415,-8.227,-8.227,402.376,402.376,6900.0
0.6416,-3.809,-3.809,401.74,401.74,6900.0
0.6417,-0.299,-0.299,401.092,401.092,6900.0
0.6418,-2.537,-2.537,400.43,400.43,6900.0
0.6419,-3.432,-3.432,399.766,399.766,6900.0
0.642,0.302,0.302,399.105,399.105,6900.0
0.6421,2.188,2.188,398.44,398.44,6900.0
0.6422,5.84,5.84,397.773,397.773,6900.0
0.6423,3.305,3.305,397.122,397.122,6900.0
0.6424,4.022,4.022,396.48,396.48,6900.0
0.6425,7.798,7.798,395.815,395.815,6900.0
0.6426,5.187,5.187,395.193,395.193,6900.0
0.6427,5.042,5.042,394.59,394.59,6900.0
0.6428,7.835,7.835,393.991,393.991,6900.0
0.6429,11.456,11.456,393.406,393.406,6900.0
0.643,15.21,15.21,392.822,392.822,6900.0
0.6431,20.278,20.278,392.254,392.254,6900.0
0.6432,14.375,14.375,391.831,391.831,6900.0
0.6433,18.057,18.057,391.363,391.363,6900.0
0.6434,22.61,22.61,390.9,390.9,6900.0
0.6435,21.123,21.123,390.524,390.524,6900.0
0.6436,27.571,27.571,390.081,390.081,6900.0
0.6437,16.431,16.431,389.907,389.907,6900.0
0.6438,26.667,26.667,389.495,389.495,6900.0
0.6439,19.247,19.247,389.38,389.38,6900.0
0.644,32.17,32.17,389.018,389.018,6900.0
0.6441,26.853,26.853,388.985,388.985,6900.0
0.6442,29.407,29.407,388.893,388.893,6900.0
0.6443,32.97,32.97,388.769,388.769,6900.0
0.6444,31.574,31.574,388.832,388.832,6900.0
0.6445,31.514,31.514,388.885,388.885,6900.0
0.6446,32.734,32.734,388.954,388.954,6900.0
0.6447,28.516,28.516,389.169,389.169,6900.0
0.6448,37.613,37.613,389.169,389.169,6900.0
0.6449,35.008,35.008,389.477,389.477,6900.0
0.645,40.2,40.2,389.603,389.603,6900.0
0.6451,33.817,33.817,390.063,390.063,6900.0
0.6452,40.371,40.371,390.283,390.283,6900.0
0.6453,34.508,34.508,390.792,390.792,6900.0
0.6454,42.207,42.207,391.043,391.043,6900.0
0.6455,38.379,38.379,391.605,391.605,6900.0
0.6456,35.881,35.881,392.148,392.148,6900.0
0.6457,46.281,46.281,392.431,392.431,6900.0
0.6458,44.106,44.106,393.073,393.073,6900.0
0.6459,42.47,42.47,393.697,393.697,6900.0
0.646,41.272,41.272,394.353,394.353,6900.0
0.6461,41.047,41.047,395.031,395.031,6900.0
0.6462,40.643,40.643,395.702,395.702,6900.0
0.6463,40.466,40.466,396.362,396.362,6900.0
0.6464,40.534,40.534,397.064,397.064,6900.0
0.6465,40.475,40.475,397.766,397.766,6900.0
0.6466,41.187,41.187,398.482,398.482,6900.0
0.6467,41.688,41.688,399.179,399.179,6900.0
0.6468,42.398,42.398,399.894,399.894,6900.0
0.6469,43.211,43.211,400.595,400.595,6900.0
0.647,43.405,43.405,401.272,401.272,6900.0
0.6471,43.891,43.891,401.96,401.96,6900.0
0.6472,44.061,44.061,402.619,402.619,6900.0
0.6473,44.438,44.438,403.286,403.286,6900.0
0.6474,44.657,44.657,403.924,403.924,6900.0
0.6475,43.842,43.842,404.558,404.558,6900.0
0.6476,42.576,42.576,405.198,405.198,6900.0
0.6477,40.674,40.674,405.831,405.831,6900.0
0.6478,38.711,38.711,406.443,406.443,6900.0
0.6479,36.305,36.305,407.03,407.03,6900.0
0.648,39.361,39.361,407.441,407.441,6900.0
0.6481,41.904,41.904,407.862,407.862,6900.0
0.6482,37.178,37.178,408.396,408.396,6900.0
0.6483,32.426,32.426,408.86,408.86,6900.0
0.6484,40.474,40.474,409.063,409.063,6900.0
0.6485,34.25,34.25,409.535,409.535,6900.0
0.6486,33.446,33.446,409.802,409.802,6900.0
0.6487,31.861,31.861,410.085,410.085,6900.0
0.6488,35.771,35.771,410.195,410.195,6900.0
0.6489,31.966,31.966,410.476,410.476,6900.0
0.649,33.833,33.833,410.534,410.534,6900.0
0.6491,34.927,34.927,410.64,410.64,6900.0
0.6492,27.86,27.86,410.821,410.821,6900.0
0.6493,32.673,32.673,410.744,410.744,6900.0
0.6494,29.67,29.67,410.739,410.739,6900.0
0.6495,26.512,26.512,410.745,410.745,6900.0
0.6496,22.941,22.941,410.679,410.679,6900.0
0.6497,24.784,24.784,410.547,410.547,6900.0
0.6498,23.759,23.759,410.333,410.333,6900.0
0.6499,20.991,20.991,410.144,410.144,6900.0
0.65,17.875,17.875,409.915,409.915,6900.0
0.6501,21.323,21.323,409.609,409.609,6900.0
0.6502,16.508,16.508,409.329,409.329,6900.0
0.6503,22.782,22.782,408.898,408.898,6900.0
0.6504,20.244,20.244,408.529,408.529,6900.0
0.6505,16.351,16.351,408.136,408.136,6900.0
0.6506,18.303,18.303,407.669,407.669,6900.0
0.6507,11.806,11.806,407.257,407.257,6900.0
0.6508,16.787,16.787,406.704,406.704,6900.0
0.6509,6.831,6.831,406.235,406.235,6900.0
0.651,8.504,8.504,405.667,405.667,6900.0
0.6511,9.59,9.59,405.084,405.084,6900.0
0.6512,9.34,9.34,404.493,404.493,6900.0
0.6513,7.367,7.367,403.884,403.884,6900.0
0.6514,4.846,4.846,403.264,403.264,6900.0
0.6515,2.273,2.273,402.633,402.633,6900.0
0.6516,1.789,1.789,401.992,401.992,6900.0
0.6517,3.859,3.859,401.332,401.332,6900.0
0.6518,0.644,0.644,400.678,400.678,6900.0
0.6519,1.208,1.208,400.015,400.015,6900.0
0.652,-0.953,-0.953,399.351,399.351,6900.0
0.6521,-4.283,-4.283,398.686,398.686,6900.0
0.6522,-1.577,-1.577,398.033,398.033,6900.0
0.6523,-7.126,-7.126,397.366,397.366,6900.0
0.6524,-3.84,-3.84,396.723,396.723,6900.0
0.6525,0.0,0.0,396.092,396.092,6900.0
0.6526,-11.468,-11.468,395.421,395.421,6900.0
0.6527,-11.384,-11.384,394.807,394.807,6900.0
0.6528,-11.703,-11.703,394.203,394.203,6900.0
0.6529,-13.273,-13.273,393.613,393.613,6900.0
0.653,-17.046,-17.046,393.028,393.028,6900.0
0.6531,-10.764,-10.764,392.58,392.58,6900.0
0.6532,-19.488,-19.488,392.022,392.022,6900.0
0.6533,-15.252,-15.252,391.617,391.617,6900.0
0.6534,-18.455,-18.455,391.157,391.157,6900.0
0.6535,-22.997,-22.997,390.697,390.697,6900.0
0.6536,-23.624,-23.624,390.344,390.344,6900.0
0.6537,-19.545,-19.545,390.078,390.078,6900.0
0.6538,-29.969,-29.969,389.669,389.669,6900.0
0.6539,-21.885,-21.885,389.555,389.555,6900.0
0.654,-28.411,-28.411,389.3,389.3,6900.0
0.6541,-29.659,-29.659,389.137,389.137,6900.0
0.6542,-26.001,-26.001,389.139,389.139,6900.0
0.6543,-36.41,-36.41,388.901,388.901,6900.0
0.6544,-28.893,-28.893,389.078,389.078,6900.0
0.6545,-35.033,-35.033,389.01,389.01,6900.0
0.6546,-29.101,-29.101,389.232,389.232,6900.0
0.6547,-30.589,-30.589,389.336,389.336,6900.0
0.6548,-39.884,-39.884,389.345,389.345,6900.0
0.6549,-31.616,-31.616,389.764,389.764,6900.0
0.655,-36.94,-36.94,389.95,389.95,6900.0
0.6551,-42.492,-42.492,390.128,390.128,6900.0
0.6552,-36.202,-36.202,390.627,390.627,6900.0
0.6553,-43.438,-43.438,390.839,390.839,6900.0
0.6554,-39.413,-39.413,391.401,391.401,6900.0
0.6555,-35.984,-35.984,391.925,391.925,6900.0
0.6556,-45.1,-45.1,392.194,392.194,6900.0
0.6557,-42.125,-42.125,392.826,392.826,6900.0
0.6558,-39.5,-39.5,393.448,393.448,6900.0
0.6559,-38.175,-38.175,394.086,394.086,6900.0
0.656,-37.433,-37.433,394.737,394.737,6900.0
0.6561,-42.889,-42.889,395.226,395.226,6900.0
0.6562,-49.313,-49.313,395.733,395.733,6900.0
0.6563,-49.087,-49.087,396.425,396.425,6900.0
0.6564,-49.494,-49.494,397.114,397.114,6900.0
0.6565,-43.587,-43.587,397.975,397.975,6900.0
0.6566,-43.895,-43.895,398.663,398.663,6900.0
0.6567,-38.253,-38.253,399.511,399.511,6900.0
0.6568,-38.55,-38.55,400.198,400.198,6900.0
0.6569,-38.779,-38.779,400.888,400.888,6900.0
0.657,-39.144,-39.144,401.594,401.594,6900.0
0.6571,-39.293,-39.293,402.265,402.265,6900.0
0.6572,-39.83,-39.83,402.951,402.951,6900.0
0.6573,-39.864,-39.864,403.608,403.608,6900.0
0.6574,-39.224,-39.224,404.252,404.252,6900.0
0.6575,-38.539,-38.539,404.879,404.879,6900.0
0.6576,-37.526,-37.526,405.478,405.478,6900.0
0.6577,-36.531,-36.531,406.089,406.089,6900.0
0.6578,-34.769,-34.769,406.659,406.659,6900.0
0.6579,-45.047,-45.047,406.939,406.939,6900.0
0.658,-41.527,-41.527,407.511,407.511,6900.0
0.6581,-37.533,-37.533,408.043,408.043,6900.0
0.6582,-33.391,-33.391,408.528,408.528,6900.0
0.6583,-41.835,-41.835,408.721,408.721,6900.0
0.6584,-35.737,-35.737,409.236,409.236,6900.0
0.6585,-35.363,-35.363,409.549,409.549,6900.0
0.6586,-34.538,-34.538,409.858,409.858,6900.0
0.6587,-32.799,-32.799,410.12,410.12,6900.0
0.6588,-30.517,-30.517,410.376,410.376,6900.0
0.6589,-33.848,-33.848,410.482,410.482,6900.0
0.659,-29.192,-29.192,410.656,410.656,6900.0
0.6591,-37.016,-37.016,410.615,410.615,6900.0
0.6592,-29.808,-29.808,410.804,410.804,6900.0
0.6593,-28.197,-28.197,410.838,410.838,6900.0
0.6594,-26.114,-26.114,410.829,410.829,6900.0
0.6595,-30.126,-30.126,410.738,410.738,6900.0
0.6596,-24.967,-24.967,410.699,410.699,6900.0
0.6597,-25.049,-25.049,410.547,410.547,6900.0
0.6598,-24.141,-24.141,410.335,410.335,6900.0
0.6599,-16.77,-16.77,410.201,410.201,6900.0
0.66,-22.286,-22.286,409.898,409.898,6900.0
0.6601,-18.294,-18.294,409.646,409.646,6900.0
0.6602,-18.464,-18.464,409.312,409.312,6900.0
0.6603,-16.808,-16.808,408.963,408.963,6900.0
0.6604,-14.48,-14.48,408.595,408.595,6900.0
0.6605,-11.167,-11.167,408.176,408.176,6900.0
0.6606,-19.603,-19.603,407.649,407.649,6900.0
0.6607,-12.221,-12.221,407.233,407.233,6900.0
0.6608,-17.429,-17.429,406.684,406.684,6900.0
0.6609,-7.86,-7.86,406.215,406.215,6900.0
0.661,-11.299,-11.299,405.652,405.652,6900.0
0.6611,-13.023,-13.023,405.069,405.069,6900.0
0.6612,-12.749,-12.749,404.484,404.484,6900.0
0.6613,-10.779,-10.779,403.883,403.883,6900.0
0.6614,-6.884,-6.884,403.273,403.273,6900.0
0.6615,-3.77,-3.77,402.643,402.643,6900.0
0.6616,-0.514,-0.514,402.004,402.004,6900.0
0.6617,-4.678,-4.678,401.343,401.343,6900.0
0.6618,-0.638,-0.638,400.691,400.691,6900.0
0.6619,-0.854,-0.854,400.028,400.028,6900.0
0.662,1.337,1.337,399.364,399.364,6900.0
0.6621,3.829,3.829,398.698,398.698,6900.0
0.6622,7.039,7.039,398.032,398.032,6900.0
0.6623,4.185,4.185,397.38,397.38,6900.0
0.6624,-0.0,-0.0,396.741,396.741,6900.0
0.6625,9.567,9.567,396.071,396.071,6900.0
0.6626,6.926,6.926,395.447,395.447,6900.0
0.6627,5.18,5.18,394.839,394.839,6900.0
0.6628,5.69,5.69,394.241,394.241,6900.0
0.6629,8.803,8.803,393.661,393.661,6900.0
0.663,14.847,14.847,393.092,393.092,6900.0
0.6631,15.093,15.093,392.595,392.595,6900.0
0.6632,15.072,15.072,392.092,392.092,6900.0
0.6633,22.948,22.948,391.546,391.546,6900.0
0.6634,19.683,19.683,391.163,391.163,6900.0
0.6635,25.837,25.837,390.702,390.702,6900.0
0.6636,20.3,20.3,390.425,390.425,6900.0
0.6637,15.923,15.923,390.164,390.164,6900.0
0.6638,25.722,25.722,389.744,389.744,6900.0
0.6639,24.416,24.416,389.551,389.551,6900.0
0.664,30.997,30.997,389.263,389.263,6900.0
0.6641,25.988,25.988,389.206,389.206,6900.0
0.6642,28.801,28.801,389.101,389.101,6900.0
0.6643,32.438,32.438,388.966,388.966,6900.0
0.6644,30.692,30.692,389.015,389.015,6900.0
0.6645,29.697,29.697,389.036,389.036,6900.0
0.6646,36.671,36.671,389.003,389.003,6900.0
0.6647,32.152,32.152,389.215,389.215,6900.0
0.6648,35.697,35.697,389.352,389.352,6900.0
0.6649,39.718,39.718,389.485,389.485,6900.0
0.665,31.698,31.698,389.903,389.903,6900.0
0.6651,37.417,37.417,390.096,390.096,6900.0
0.6652,38.012,38.012,390.43,390.43,6900.0
0.6653,39.917,39.917,390.814,390.814,6900.0
0.6654,35.387,35.387,391.335,391.335,6900.0
0.6655,43.706,43.706,391.613,391.613,6900.0
0.6656,39.885,39.885,392.19,392.19,6900.0
0.6657,36.987,36.987,392.771,392.771,6900.0
0.6658,41.534,41.534,393.231,393.231,6900.0
0.6659,46.423,46.423,393.719,393.719,6900.0
0.666,45.022,45.022,394.378,394.378,6900.0
0.6661,44.165,44.165,395.044,395.044,6900.0
0.6662,43.625,43.625,395.727,395.727,6900.0
0.6663,44.131,44.131,396.411,396.411,6900.0
0.6664,44.527,44.527,397.073,397.073,6900.0
0.6665,45.14,45.14,397.748,397.748,6900.0
0.6666,45.878,45.878,398.448,398.448,6900.0
0.6667,46.179,46.179,399.123,399.123,6900.0
0.6668,46.941,46.941,399.816,399.816,6900.0
0.6669,47.269,47.269,400.488,400.488,6900.0
0.667,47.702,47.702,401.169,401.169,6900.0
0.6671,48.073,48.073,401.825,401.825,6900.0
0.6672,47.684,47.684,402.485,402.485,6900.0
0.6673,47.463,47.463,403.134,403.134,6900.0
0.6674,46.967,46.967,403.774,403.774,6900.0
0.6675,46.764,46.764,404.402,404.402,6900.0
0.6676,46.392,46.392,405.024,405.024,6900.0
0.6677,44.958,44.958,405.665,405.665,6900.0
0.6678,42.847,42.847,406.289,406.289,6900.0
0.6679,40.076,40.076,406.88,406.88,6900.0
0.668,37.177,37.177,407.422,407.422,6900.0
0.6681,33.7,33.7,407.944,407.944,6900.0
0.6682,42.359,42.359,408.185,408.185,6900.0
0.6683,36.692,36.692,408.72,408.72,6900.0
0.6684,30.442,30.442,409.146,409.146,6900.0
0.6685,37.218,37.218,409.323,409.323,6900.0
0.6686,30.112,30.112,409.716,409.716,6900.0
0.6687,35.454,35.454,409.871,409.871,6900.0
0.6688,32.906,32.906,410.114,410.114,6900.0
0.6689,29.476,29.476,410.356,410.356,6900.0
0.669,38.21,38.21,410.297,410.297,6900.0
0.6691,32.368,32.368,410.534,410.534,6900.0
0.6692,25.644,25.644,410.696,410.696,6900.0
0.6693,31.563,31.563,410.603,410.603,6900.0
0.6694,22.55,22.55,410.729,410.729,6900.0
0.6695,31.875,31.875,410.511,410.511,6900.0
0.6696,19.783,19.783,410.584,410.584,6900.0
0.6697,27.55,27.55,410.348,410.348,6900.0
0.6698,21.7,21.7,410.237,410.237,6900.0
0.6699,21.147,21.147,410.055,410.055,6900.0
0.67,24.107,24.107,409.73,409.73,6900.0
0.6701,18.552,18.552,409.502,409.502,6900.0
0.6702,18.512,18.512,409.144,409.144,6900.0
0.6703,18.721,18.721,408.784,408.784,6900.0
0.6704,17.323,17.323,408.418,408.418,6900.0
0.6705,13.524,13.524,408.011,408.011,6900.0
0.6706,15.461,15.461,407.553,407.553,6900.0
0.6707,15.652,15.652,407.065,407.065,6900.0
0.6708,8.762,8.762,406.618,406.618,6900.0
0.6709,13.654,13.654,406.055,406.055,6900.0
0.671,9.709,9.709,405.529,405.529,6900.0
0.6711,4.005,4.005,404.974,404.974,6900.0
0.6712,2.749,2.749,404.375,404.375,6900.0
0.6713,0.527,0.527,403.765,403.765,6900.0
0.6714,9.814,9.814,403.107,403.107,6900.0
0.6715,6.078,6.078,402.48,402.48,6900.0
0.6716,2.184,2.184,401.843,401.843,6900.0
0.6717,6.423,6.423,401.182,401.182,6900.0
0.6718,1.82,1.82,400.532,400.532,6900.0
0.6719,2.719,2.719,399.869,399.869,6900.0
0.672,-0.1,-0.1,399.207,399.207,6900.0
0.6721,-1.862,-1.862,398.541,398.541,6900.0
0.6722,-5.211,-5.211,397.875,397.875,6900.0
0.6723,-2.029,-2.029,397.226,397.226,6900.0
0.6724,-9.797,-9.797,396.557,396.557,6900.0
0.6725,-7.04,-7.04,395.919,395.919,6900.0
0.6726,-4.054,-4.054,395.297,395.297,6900.0
0.6727,-3.461,-3.461,394.692,394.692,6900.0
0.6728,-5.532,-5.532,394.099,394.099,6900.0
0.6729,-9.279,-9.279,393.51,393.51,6900.0
0.673,-13.326,-13.326,392.937,392.937,6900.0
0.6731,-18.081,-18.081,392.369,392.369,6900.0
0.6732,-11.709,-11.709,391.936,391.936,6900.0
0.6733,-20.995,-20.995,391.402,391.402,6900.0
0.6734,-19.695,-19.695,391.009,391.009,6900.0
0.6735,-25.217,-25.217,390.55,390.55,6900.0
0.6736,-18.879,-18.879,390.269,390.269,6900.0
0.6737,-26.8,-26.8,389.83,389.83,6900.0
0.6738,-23.672,-23.672,389.598,389.598,6900.0
0.6739,-22.501,-22.501,389.403,389.403,6900.0
0.674,-28.819,-28.819,389.122,389.122,6900.0
0.6741,-23.504,-23.504,389.083,389.083,6900.0
0.6742,-32.026,-32.026,388.873,388.873,6900.0
0.6743,-28.831,-28.831,388.859,388.859,6900.0
0.6744,-33.646,-33.646,388.787,388.787,6900.0
0.6745,-26.989,-26.989,388.942,388.942,6900.0
0.6746,-34.484,-34.484,388.926,388.926,6900.0
0.6747,-36.557,-36.557,389.008,389.008,6900.0
0.6748,-39.39,-39.39,389.159,389.159,6900.0
0.6749,-30.371,-30.371,389.552,389.552,6900.0
0.675,-41.628,-41.628,389.611,389.611,6900.0
0.6751,-35.326,-35.326,390.081,390.081,6900.0
0.6752,-42.448,-42.448,390.273,390.273,6900.0
0.6753,-36.876,-36.876,390.783,390.783,6900.0
0.6754,-44.698,-44.698,391.019,391.019,6900.0
0.6755,-40.265,-40.265,391.615,391.615,6900.0
0.6756,-37.248,-37.248,392.17,392.17,6900.0
0.6757,-41.051,-41.051,392.588,392.588,6900.0
0.6758,-44.947,-44.947,393.048,393.048,6900.0
0.6759,-43.06,-43.06,393.693,393.693,6900.0
0.676,-41.53,-41.53,394.326,394.326,6900.0
0.6761,-41.242,-41.242,394.968,394.968,6900.0
0.6762,-41.468,-41.468,395.655,395.655,6900.0
0.6763,-41.42,-41.42,396.344,396.344,6900.0
0.6764,-41.906,-41.906,397.043,397.043,6900.0
0.6765,-42.167,-42.167,397.715,397.715,6900.0
0.6766,-42.722,-42.722,398.398,398.398,6900.0
0.6767,-43.399,-43.399,399.105,399.105,6900.0
0.6768,-43.635,-43.635,399.785,399.785,6900.0
0.6769,-44.23,-44.23,400.479,400.479,6900.0
0.677,-44.367,-44.367,401.147,401.147,6900.0
0.6771,-44.295,-44.295,401.814,401.814,6900.0
0.6772,-44.402,-44.402,402.485,402.485,6900.0
0.6773,-44.295,-44.295,403.154,403.154,6900.0
0.6774,-44.611,-44.611,403.788,403.788,6900.0
0.6775,-44.353,-44.353,404.427,404.427,6900.0
0.6776,-43.216,-43.216,405.044,405.044,6900.0
0.6777,-41.81,-41.81,405.665,405.665,6900.0
0.6778,-39.88,-39.88,406.273,406.273,6900.0
0.6779,-37.785,-37.785,406.86,406.86,6900.0
0.678,-34.804,-34.804,407.41,407.41,6900.0
0.6781,-37.139,-37.139,407.769,407.769,6900.0
0.6782,-39.089,-39.089,408.162,408.162,6900.0
0.6783,-33.73,-33.73,408.637,408.637,6900.0
0.6784,-41.378,-41.378,408.829,408.829,6900.0
0.6785,-34.903,-34.903,409.324,409.324,6900.0
0.6786,-33.938,-33.938,409.607,409.607,6900.0
0.6787,-32.366,-32.366,409.903,409.903,6900.0
0.6788,-36.559,-36.559,409.993,409.993,6900.0
0.6789,-26.56,-26.56,410.322,410.322,6900.0
0.679,-35.875,-35.875,410.292,410.292,6900.0
0.6791,-30.575,-30.575,410.479,410.479,6900.0
0.6792,-31.026,-31.026,410.551,410.551,6900.0
0.6793,-29.398,-29.398,410.583,410.583,6900.0
0.6794,-26.1,-26.1,410.588,410.588,6900.0
0.6795,-28.967,-28.967,410.483,410.483,6900.0
0.6796,-31.312,-31.312,410.332,410.332,6900.0
0.6797,-19.619,-19.619,410.355,410.355,6900.0
0.6798,-25.848,-25.848,410.106,410.106,6900.0
0.6799,-23.196,-23.196,409.897,409.897,6900.0
0.68,-19.582,-19.582,409.686,409.686,6900.0
0.6801,-23.148,-23.148,409.369,409.369,6900.0
0.6802,-19.237,-19.237,409.095,409.095,6900.0
0.6803,-19.956,-19.956,408.754,408.754,6900.0
0.6804,-17.977,-17.977,408.365,408.365,6900.0
0.6805,-21.177,-21.177,407.904,407.904,6900.0
0.6806,-15.952,-15.952,407.51,407.51,6900.0
0.6807,-9.803,-9.803,407.093,407.093,6900.0
0.6808,-14.777,-14.777,406.54,406.54,6900.0
0.6809,-11.142,-11.142,406.042,406.042,6900.0
0.681,-5.984,-5.984,405.499,405.499,6900.0
0.6811,-6.7,-6.7,404.917,404.917,6900.0
0.6812,-6.555,-6.555,404.324,404.324,6900.0
0.6813,-4.928,-4.928,403.723,403.723,6900.0
0.6814,-1.942,-1.942,403.108,403.108,6900.0
0.6815,0.0,0.0,402.476,402.476,6900.0
0.6816,-6.734,-6.734,401.816,401.816,6900.0
0.6817,-3.093,-3.093,401.171,401.171,6900.0
0.6818,0.0,0.0,400.517,400.517,6900.0
0.6819,-0.96,-0.96,399.854,399.854,6900.0
0.682,0.893,0.893,399.19,399.19,6900.0
0.6821,3.849,3.849,398.524,398.524,6900.0
0.6822,1.69,1.69,397.87,397.87,6900.0
0.6823,7.76,7.76,397.202,397.202,6900.0
0.6824,4.978,4.978,396.555,396.555,6900.0
0.6825,0.892,0.892,395.925,395.925,6900.0
0.6826,11.45,11.45,395.254,395.254,6900.0
0.6827,11.186,11.186,394.638,394.638,6900.0
0.6828,11.917,11.917,394.033,394.033,6900.0
0.6829,13.191,13.191,393.444,393.444,6900.0
0.683,16.472,16.472,392.858,392.858,6900.0
0.6831,9.412,9.412,392.393,392.393,6900.0
0.6832,18.294,18.294,391.842,391.842,6900.0
0.6833,15.158,15.158,391.427,391.427,6900.0
0.6834,18.907,18.907,390.969,390.969,6900.0
0.6835,23.357,23.357,390.515,390.515,6900.0
0.6836,23.354,23.354,390.164,390.164,6900.0
0.6837,18.812,18.812,389.887,389.887,6900.0
0.6838,29.005,29.005,389.467,389.467,6900.0
0.6839,20.787,20.787,389.361,389.361,6900.0
0.684,26.615,26.615,389.083,389.083,6900.0
0.6841,21.294,21.294,389.005,389.005,6900.0
0.6842,30.251,30.251,388.763,388.763,6900.0
0.6843,27.685,27.685,388.755,388.755,6900.0
0.6844,33.297,33.297,388.668,388.668,6900.0
0.6845,27.093,27.093,388.823,388.823,6900.0
0.6846,34.22,34.22,388.805,388.805,6900.0
0.6847,35.555,35.555,388.904,388.904,6900.0
0.6848,31.723,31.723,389.153,389.153,6900.0
0.6849,35.624,35.624,389.305,389.305,6900.0
0.685,34.53,34.53,389.613,389.613,6900.0
0.6851,40.165,40.165,389.804,389.804,6900.0
0.6852,33.605,33.605,390.259,390.259,6900.0
0.6853,40.739,40.739,390.48,390.48,6900.0
0.6854,36.419,36.419,391.025,391.025,6900.0
0.6855,46.046,46.046,391.271,391.271,6900.0
0.6856,42.941,42.941,391.894,391.894,6900.0
0.6857,40.01,40.01,392.496,392.496,6900.0
0.6858,37.644,37.644,393.095,393.095,6900.0
0.6859,42.183,42.183,393.57,393.57,6900.0
0.686,48.086,48.086,394.048,394.048,6900.0
0.6861,47.319,47.319,394.733,394.733,6900.0
0.6862,46.72,46.72,395.393,395.393,6900.0
0.6863,46.472,46.472,396.083,396.083,6900.0
0.6864,46.257,46.257,396.764,396.764,6900.0
0.6865,46.954,46.954,397.453,397.453,6900.0
0.6866,47.487,47.487,398.125,398.125,6900.0
0.6867,48.278,48.278,398.813,398.813,6900.0
0.6868,49.193,49.193,399.492,399.492,6900.0
0.6869,49.527,49.527,400.191,400.191,6900.0
0.687,43.513,43.513,401.054,401.054,6900.0
0.6871,43.715,43.715,401.746,401.746,6900.0
0.6872,37.588,37.588,402.584,402.584,6900.0
0.6873,37.725,37.725,403.252,403.252,6900.0
0.6874,36.898,36.898,403.909,403.909,6900.0
0.6875,35.955,35.955,404.537,404.537,6900.0
0.6876,41.13,41.13,405.002,405.002,6900.0
0.6877,46.756,46.756,405.467,405.467,6900.0
0.6878,45.364,45.364,406.078,406.078,6900.0
0.6879,42.956,42.956,406.674,406.674,6900.0
0.688,39.75,39.75,407.262,407.262,6900.0
0.6881,35.94,35.94,407.781,407.781,6900.0
0.6882,31.928,31.928,408.256,408.256,6900.0
0.6883,40.549,40.549,408.491,408.491,6900.0
0.6884,34.714,34.714,408.97,408.97,6900.0
0.6885,34.309,34.309,409.254,409.254,6900.0
0.6886,33.29,33.29,409.568,409.568,6900.0
0.6887,38.179,38.179,409.686,409.686,6900.0
0.6888,28.917,28.917,410.076,410.076,6900.0
0.6889,32.137,32.137,410.21,410.21,6900.0
0.689,34.455,34.455,410.276,410.276,6900.0
0.6891,28.791,28.791,410.454,410.454,6900.0
0.6892,35.565,35.565,410.395,410.395,6900.0
0.6893,27.327,27.327,410.538,410.538,6900.0
0.6894,25.443,25.443,410.566,410.566,6900.0
0.6895,29.568,29.568,410.451,410.451,6900.0
0.6896,25.426,25.426,410.446,410.446,6900.0
0.6897,25.621,25.621,410.254,410.254,6900.0
0.6898,17.859,17.859,410.151,410.151,6900.0
0.6899,23.116,23.116,409.861,409.861,6900.0
0.69,21.736,21.736,409.607,409.607,6900.0
0.6901,18.878,18.878,409.398,409.398,6900.0
0.6902,19.547,19.547,409.054,409.054,6900.0
0.6903,18.549,18.549,408.702,408.702,6900.0
0.6904,15.728,15.728,408.322,408.322,6900.0
0.6905,19.559,19.559,407.864,407.864,6900.0
0.6906,15.18,15.18,407.458,407.458,6900.0
0.6907,14.953,14.953,406.966,406.966,6900.0
0.6908,13.589,13.589,406.484,406.484,6900.0
0.6909,10.436,10.436,405.97,405.97,6900.0
0.691,13.64,13.64,405.398,405.398,6900.0
0.6911,8.71,8.71,404.865,404.865,6900.0
0.6912,1.812,1.812,404.288,404.288,6900.0
0.6913,6.674,6.674,403.668,403.668,6900.0
0.6914,9.592,9.592,403.025,403.025,6900.0
0.6915,5.454,5.454,402.401,402.401,6900.0
0.6916,1.665,1.665,401.765,401.765,6900.0
0.6917,6.063,6.063,401.104,401.104,6900.0
0.6918,1.509,1.509,400.454,400.454,6900.0
0.6919,2.213,2.213,399.79,399.79,6900.0
0.692,-1.027,-1.027,399.127,399.127,6900.0
0.6921,-3.599,-3.599,398.461,398.461,6900.0
0.6922,-6.712,-6.712,397.795,397.795,6900.0
0.6923,-3.648,-3.648,397.142,397.142,6900.0
0.6924,-3.519,-3.519,396.498,396.498,6900.0
0.6925,-8.521,-8.521,395.832,395.832,6900.0
0.6926,-6.42,-6.42,395.209,395.209,6900.0
0.6927,-5.028,-5.028,394.6,394.6,6900.0
0.6928,-5.285,-5.285,393.998,393.998,6900.0
0.6929,-7.759,-7.759,393.41,393.41,6900.0
0.693,-13.24,-13.24,392.83,392.83,6900.0
0.6931,-14.042,-14.042,392.332,392.332,6900.0
0.6932,-14.544,-14.544,391.82,391.82,6900.0
0.6933,-22.232,-22.232,391.269,391.269,6900.0
0.6934,-18.255,-18.255,390.87,390.87,6900.0
0.6935,-17.08,-17.08,390.5,390.5,6900.0
0.6936,-17.846,-17.846,390.123,390.123,6900.0
0.6937,-19.928,-19.928,389.8,389.8,6900.0
0.6938,-23.029,-23.029,389.453,389.453,6900.0
0.6939,-27.932,-27.932,389.164,389.164,6900.0
0.694,-27.837,-27.837,388.98,388.98,6900.0
0.6941,-23.133,-23.133,388.925,388.925,6900.0
0.6942,-32.372,-32.372,388.715,388.715,6900.0
0.6943,-29.774,-29.774,388.716,388.716,6900.0
0.6944,-28.373,-28.373,388.749,388.749,6900.0
0.6945,-33.936,-33.936,388.666,388.666,6900.0
0.6946,-34.246,-34.246,388.772,388.772,6900.0
0.6947,-35.553,-35.553,388.87,388.87,6900.0
0.6948,-32.183,-32.183,389.126,389.126,6900.0
0.6949,-36.022,-36.022,389.271,389.271,6900.0
0.695,-40.348,-40.348,389.414,389.414,6900.0
0.6951,-33.152,-33.152,389.865,389.865,6900.0
0.6952,-39.752,-39.752,390.101,390.101,6900.0
0.6953,-35.316,-35.316,390.613,390.613,6900.0
0.6954,-44.253,-44.253,390.862,390.862,6900.0
0.6955,-40.317,-40.317,391.454,391.454,6900.0
0.6956,-36.995,-36.995,392.006,392.006,6900.0
0.6957,-46.655,-46.655,392.304,392.304,6900.0
0.6958,-44.66,-44.66,392.96,392.96,6900.0
0.6959,-43.029,-43.029,393.602,393.602,6900.0
0.696,-41.149,-41.149,394.228,394.228,6900.0
0.6961,-39.957,-39.957,394.885,394.885,6900.0
0.6962,-38.952,-38.952,395.548,395.548,6900.0
0.6963,-38.967,-38.967,396.236,396.236,6900.0
0.6964,-39.585,-39.585,396.941,396.941,6900.0
0.6965,-40.118,-40.118,397.624,397.624,6900.0
0.6966,-41.237,-41.237,398.336,398.336,6900.0
0.6967,-42.01,-42.01,399.04,399.04,6900.0
0.6968,-42.8,-42.8,399.725,399.725,6900.0
0.6969,-43.552,-43.552,400.438,400.438,6900.0
0.697,-43.738,-43.738,401.124,401.124,6900.0
0.6971,-44.093,-44.093,401.821,401.821,6900.0
0.6972,-43.834,-43.834,402.481,402.481,6900.0
0.6973,-43.018,-43.018,403.163,403.163,6900.0
0.6974,-42.283,-42.283,403.824,403.824,6900.0
0.6975,-41.414,-41.414,404.459,404.459,6900.0
0.6976,-40.97,-40.97,405.076,405.076,6900.0
0.6977,-39.944,-39.944,405.714,405.714,6900.0
0.6978,-37.985,-37.985,406.304,406.304,6900.0
0.6979,-35.723,-35.723,406.87,406.87,6900.0
0.698,-39.468,-39.468,407.271,407.271,6900.0
0.6981,-43.159,-43.159,407.673,407.673,6900.0
0.6982,-39.097,-39.097,408.219,408.219,6900.0
0.6983,-33.682,-33.682,408.696,408.696,6900.0
0.6984,-40.669,-40.669,408.881,408.881,6900.0
0.6985,-33.555,-33.555,409.343,409.343,6900.0
0.6986,-39.299,-39.299,409.476,409.476,6900.0
0.6987,-30.937,-30.937,409.879,409.879,6900.0
0.6988,-35.056,-35.056,410.004,410.004,6900.0
0.6989,-31.432,-31.432,410.222,410.222,6900.0
0.699,-33.882,-33.882,410.335,410.335,6900.0
0.6991,-34.992,-34.992,410.398,410.398,6900.0
0.6992,-28.658,-28.658,410.589,410.589,6900.0
0.6993,-28.193,-28.193,410.609,410.609,6900.0
0.6994,-26.54,-26.54,410.608,410.608,6900.0
0.6995,-29.881,-29.881,410.52,410.52,6900.0
0.6996,-24.253,-24.253,410.468,410.468,6900.0
0.6997,-24.679,-24.679,410.343,410.343,6900.0
0.6998,-24.787,-24.787,410.132,410.132,6900.0
0.6999,-17.696,-17.696,410.02,410.02,6900.0
0.7,-28.124,-28.124,409.628,409.628,6900.0
0.7001,-22.187,-17.622,409.468,409.468,6900.0
0.7002,-28.601,-23.41,409.103,409.103,6900.0
0.7003,-20.639,-14.827,408.93,408.93,6900.0
0.7004,-19.346,-12.92,408.653,408.653,6900.0
0.7005,-29.303,-22.272,408.199,408.199,6900.0
0.7006,-24.122,-16.499,407.912,407.912,6900.0
0.7007,-24.186,-15.985,407.528,407.528,6900.0
0.7008,-16.899,-8.136,407.21,407.21,6900.0
0.7009,-22.095,-12.79,406.729,406.729,6900.0
0.701,-25.51,-15.683,406.237,406.237,6900.0
0.7011,-13.202,-2.876,405.884,405.884,6900.0
0.7012,-12.589,-1.79,405.371,405.371,6900.0
0.7013,-16.758,-5.511,404.793,404.793,6900.0
0.7014,-19.302,-7.637,404.192,404.192,6900.0
0.7015,-13.182,-1.129,403.658,403.658,6900.0
0.7016,-18.88,-6.471,402.999,402.999,6900.0
0.7017,-9.229,3.504,402.445,402.445,6900.0
0.7018,-11.792,1.23,401.785,401.785,6900.0
0.7019,-12.559,0.715,401.124,401.124,6900.0
0.702,-0.0,13.491,400.506,400.506,6900.0
0.7021,-0.0,13.67,399.842,399.842,6900.0
0.7022,-0.0,13.811,399.178,399.178,6900.0
0.7023,-0.0,13.913,398.512,398.512,6900.0
0.7024,-0.0,13.976,397.846,397.846,6900.0
0.7025,-0.0,14.0,397.178,397.178,6900.0
0.7026,-0.0,13.984,396.509,396.509,6900.0
0.7027,-0.0,13.929,395.839,395.839,6900.0
0.7028,-0.0,13.834,395.168,395.168,6900.0
0.7029,-0.0,13.701,394.496,394.496,6900.0
0.703,3.786,17.316,393.835,393.835,6900.0
0.7031,5.755,19.076,393.179,393.179,6900.0
0.7032,6.132,19.207,392.532,392.532,6900.0
0.7033,2.282,15.075,391.919,391.919,6900.0
0.7034,6.827,19.303,391.316,391.316,6900.0
0.7035,5.481,17.608,390.733,390.733,6900.0
0.7036,11.154,22.899,390.174,390.174,6900.0
0.7037,5.09,16.422,389.673,389.673,6900.0
0.7038,13.767,24.658,389.149,389.149,6900.0
0.7039,11.921,22.344,388.709,388.709,6900.0
0.704,12.316,22.245,388.339,388.339,6900.0
0.7041,20.54,29.951,387.948,387.948,6900.0
0.7042,17.341,26.213,387.704,387.704,6900.0
0.7043,22.123,30.437,387.45,387.45,6900.0
0.7044,21.233,28.973,387.27,387.27,6900.0
0.7045,27.996,35.146,387.068,387.068,6900.0
0.7046,22.872,29.419,387.091,387.091,6900.0
0.7047,24.634,30.569,387.05,387.05,6900.0
0.7048,26.723,32.038,387.056,387.056,6900.0
0.7049,35.742,40.433,386.97,386.97,6900.0
0.705,33.263,37.326,387.19,387.19,6900.0
0.7051,38.83,42.264,387.275,387.275,6900.0
0.7052,33.404,36.213,387.702,387.702,6900.0
0.7053,41.393,43.581,387.855,387.855,6900.0
0.7054,37.39,38.964,388.348,388.348,6900.0
0.7055,40.535,41.504,388.716,388.716,6900.0
0.7056,44.889,45.267,389.158,389.158,6900.0
0.7057,43.649,43.448,389.806,389.806,6900.0
0.7058,42.084,41.322,390.452,390.452,6900.0
0.7059,40.344,39.038,391.12,391.12,6900.0
0.706,44.981,43.155,391.671,391.671,6900.0
0.7061,50.153,47.827,392.25,392.25,6900.0
0.7062,49.754,46.954,393.038,393.038,6900.0
0.7063,49.325,46.078,393.816,393.816,6900.0
0.7064,49.303,45.638,394.624,394.624,6900.0
0.7065,49.839,45.786,395.444,395.444,6900.0
0.7066,50.411,46.001,396.281,396.281,6900.0
0.7067,51.872,47.14,397.15,397.15,6900.0
0.7068,53.106,48.085,398.024,398.024,6900.0
0.7069,54.493,49.219,398.895,398.895,6900.0
0.707,55.724,50.233,399.77,399.77,6900.0
0.7071,49.318,43.648,400.845,400.845,6900.0
0.7072,49.472,43.661,401.714,401.714,6900.0
0.7073,48.946,43.033,402.58,402.58,6900.0
0.7074,48.385,42.409,403.428,403.428,6900.0
0.7075,54.235,48.235,404.092,404.092,6900.0
0.7076,52.361,46.377,404.928,404.928,6900.0
0.7077,50.285,44.356,405.74,405.74,6900.0
0.7078,47.952,42.118,406.527,406.527,6900.0
0.7079,45.851,40.15,407.324,407.324,6900.0
0.708,43.556,38.026,408.055,408.055,6900.0
0.7081,40.213,34.892,408.78,408.78,6900.0
0.7082,42.454,37.379,409.287,409.287,6900.0
0.7083,44.151,39.358,409.785,409.785,6900.0
0.7084,38.422,33.946,410.415,410.415,6900.0
0.7085,45.11,40.983,410.71,410.71,6900.0
0.7086,37.166,33.421,411.303,411.303,6900.0
0.7087,41.474,38.141,411.508,411.508,6900.0
0.7088,31.391,28.5,411.991,411.991,6900.0
0.7089,33.902,31.48,412.177,412.177,6900.0
0.709,35.792,33.864,412.282,412.282,6900.0
0.7091,30.404,28.993,412.544,412.544,6900.0
0.7092,37.788,36.915,412.494,412.494,6900.0
0.7093,30.365,30.05,412.705,412.705,6900.0
0.7094,27.801,28.061,412.714,412.714,6900.0
0.7095,23.992,24.842,412.678,412.678,6900.0
0.7096,26.641,28.093,412.533,412.533,6900.0
0.7097,28.608,30.672,412.338,412.338,6900.0
0.7098,15.294,17.978,412.272,412.272,6900.0
0.7099,19.474,22.784,411.939,411.939,6900.0
0.71,21.873,25.81,411.585,411.585,6900.0
0.7101,10.27,14.835,411.311,411.311,6900.0
0.7102,19.084,24.275,410.856,410.856,6900.0
0.7103,6.464,12.276,410.508,410.508,6900.0
0.7104,11.543,17.969,410.013,410.013,6900.0
0.7105,15.06,22.09,409.481,409.481,6900.0
0.7106,3.749,11.372,408.992,408.992,6900.0
0.7107,11.913,20.114,408.405,408.405,6900.0
0.7108,0.605,9.367,407.855,407.855,6900.0
0.7109,6.899,16.204,407.228,407.228,6900.0
0.711,3.065,12.892,406.609,406.609,6900.0
0.7111,2.699,13.025,405.97,405.97,6900.0
0.7112,-0.0,10.799,405.326,405.326,6900.0
0.7113,-0.0,11.246,404.671,404.671,6900.0
0.7114,-0.0,11.665,404.015,404.015,6900.0
0.7115,-0.0,12.053,403.357,403.357,6900.0
0.7116,-0.0,12.409,402.698,402.698,6900.0
0.7117,-0.0,12.732,402.039,402.039,6900.0
0.7118,-0.0,13.021,401.378,401.378,6900.0
0.7119,-0.0,13.274,400.716,400.716,6900.0
0.712,-0.352,13.139,400.053,400.053,6900.0
0.7121,-2.207,11.463,399.389,399.389,6900.0
0.7122,-6.254,7.557,398.724,398.724,6900.0
0.7123,-11.647,2.266,398.057,398.057,6900.0
0.7124,-17.288,-3.312,397.39,397.39,6900.0
0.7125,-24.047,-10.047,396.721,396.721,6900.0
0.7126,-19.23,-5.246,396.2,396.2,6900.0
0.7127,-17.398,-3.469,395.698,395.698,6900.0
0.7128,-18.352,-4.517,395.207,395.207,6900.0
0.7129,-20.005,-6.304,394.73,394.73,6900.0
0.713,-23.143,-9.613,394.267,394.267,6900.0
0.7131,-29.17,-15.85,393.811,393.811,6900.0
0.7132,-25.309,-12.234,393.59,393.59,6900.0
0.7133,-29.906,-17.112,393.254,393.254,6900.0
0.7134,-28.111,-15.634,393.067,393.067,6900.0
0.7135,-32.737,-20.61,392.746,392.746,6900.0
0.7136,-38.444,-26.699,392.44,392.44,6900.0
0.7137,-32.51,-21.177,392.407,392.407,6900.0
0.7138,-34.865,-23.974,392.252,392.252,6900.0
0.7139,-31.592,-21.169,392.218,392.218,6900.0
0.714,-36.401,-26.472,392.102,392.102,6900.0
0.7141,-36.25,-26.839,392.088,392.088,6900.0
0.7142,-31.792,-22.919,392.237,392.237,6900.0
0.7143,-42.048,-33.733,392.134,392.134,6900.0
0.7144,-41.058,-33.318,392.336,392.336,6900.0
0.7145,-41.606,-34.456,392.532,392.532,6900.0
0.7146,-43.002,-36.455,392.75,392.75,6900.0
0.7147,-38.361,-32.426,393.151,393.151,6900.0
0.7148,-34.148,-28.832,393.527,393.527,6900.0
0.7149,-36.828,-32.138,393.774,393.774,6900.0
0.715,-40.618,-36.555,394.002,394.002,6900.0
0.7151,-38.468,-35.033,394.364,394.364,6900.0
0.7152,-36.822,-34.013,394.751,394.751,6900.0
0.7153,-42.641,-40.453,395.004,395.004,6900.0
0.7154,-36.826,-35.252,395.556,395.556,6900.0
0.7155,-39.417,-38.447,395.947,395.947,6900.0
0.7156,-43.334,-42.957,396.368,396.368,6900.0
0.7157,-40.722,-40.923,396.959,396.959,6900.0
0.7158,-38.817,-39.579,397.519,397.519,6900.0
0.7159,-37.036,-38.341,398.061,398.061,6900.0
0.716,-36.06,-37.887,398.601,398.601,6900.0
0.7161,-35.055,-37.381,399.154,399.154,6900.0
0.7162,-33.395,-36.195,399.663,399.663,6900.0
0.7163,-38.422,-41.668,400.046,400.046,6900.0
0.7164,-43.553,-47.218,400.425,400.425,6900.0
0.7165,-42.797,-46.85,400.933,400.933,6900.0
0.7166,-42.726,-47.136,401.43,401.43,6900.0
0.7167,-42.741,-47.474,401.925,401.925,6900.0
0.7168,-36.945,-41.966,402.557,402.557,6900.0
0.7169,-31.298,-36.572,403.174,403.174,6900.0
0.717,-32.093,-37.584,403.658,403.658,6900.0
0.7171,-33.012,-38.682,404.132,404.132,6900.0
0.7172,-33.401,-39.211,404.583,404.583,6900.0
0.7173,-33.733,-39.646,405.047,405.047,6900.0
0.7174,-33.171,-39.147,405.469,405.469,6900.0
0.7175,-31.658,-37.658,405.856,405.856,6900.0
0.7176,-29.881,-35.865,406.234,406.234,6900.0
0.7177,-27.756,-33.685,406.587,406.587,6900.0
0.7178,-32.355,-38.19,406.823,406.823,6900.0
0.7179,-36.722,-42.423,407.079,407.079,6900.0
0.718,-33.431,-38.961,407.434,407.434,6900.0
0.7181,-29.955,-35.275,407.763,407.763,6900.0
0.7182,-26.182,-31.257,408.055,408.055,6900.0
0.7183,-35.499,-40.292,408.125,408.125,6900.0
0.7184,-30.6,-35.077,408.461,408.461,6900.0
0.7185,-30.921,-35.048,408.607,408.607,6900.0
0.7186,-30.278,-34.023,408.798,408.798,6900.0
0.7187,-28.256,-31.588,408.94,408.94,6900.0
0.7188,-25.629,-28.52,409.065,409.065,6900.0
0.7189,-28.54,-30.963,409.103,409.103,6900.0
0.719,-30.828,-32.757,409.145,409.145,6900.0
0.7191,-25.247,-26.658,409.28,409.28,6900.0
0.7192,-31.829,-32.702,409.183,409.183,6900.0
0.7193,-30.555,-30.869,409.173,409.173,6900.0
0.7194,-28.771,-28.51,409.214,409.214,6900.0
0.7195,-33.24,-32.39,409.073,409.073,6900.0
0.7196,-23.4,-21.948,409.171,409.171,6900.0
0.7197,-31.479,-29.414,408.915,408.915,6900.0
0.7198,-23.707,-21.023,408.876,408.876,6900.0
0.7199,-28.67,-25.361,408.634,408.634,6900.0
0.72,-26.314,-22.377,408.477,408.477,6900.0
0.7201,-23.625,-19.06,408.319,408.319,6900.0
0.7202,-24.806,-19.615,408.051,408.051,6900.0
0.7203,-23.437,-17.625,407.779,407.779,6900.0
0.7204,-27.244,-20.818,407.405,407.405,6900.0
0.7205,-23.519,-16.488,407.115,407.115,6900.0
0.7206,-19.335,-11.712,406.832,406.832,6900.0
0.7207,-26.346,-18.146,406.363,406.363,6900.0
0.7208,-17.933,-9.171,406.043,406.043,6900.0
0.7209,-22.031,-12.726,405.548,405.548,6900.0
0.721,-24.916,-15.089,405.051,405.051,6900.0
0.7211,-13.379,-3.053,404.693,404.693,6900.0
0.7212,-13.235,-2.436,404.176,404.176,6900.0
0.7213,-11.545,-0.299,403.651,403.651,6900.0
0.7214,-21.16,-9.495,402.994,402.994,6900.0
0.7215,-15.354,-3.3,402.461,402.461,6900.0
0.7216,-7.838,4.571,401.908,401.908,6900.0
0.7217,-11.99,0.742,401.248,401.248,6900.0
0.7218,-14.595,-1.574,400.586,400.586,6900.0
0.7219,-15.131,-1.857,399.923,399.923,6900.0
0.722,-0.478,13.013,399.321,399.321,6900.0
0.7221,-0.0,13.67,398.656,398.656,6900.0
0.7222,-0.0,13.811,397.99,397.99,6900.0
0.7223,-0.0,13.913,397.322,397.322,6900.0
0.7224,-0.0,13.976,396.653,396.653,6900.0
0.7225,-0.0,14.0,395.984,395.984,6900.0
0.7226,-0.0,13.984,395.313,395.313,6900.0
0.7227,-0.0,13.929,394.641,394.641,6900.0
0.7228,-0.0,13.834,393.967,393.967,6900.0
0.7229,-0.0,13.701,393.293,393.293,6900.0
0.723,1.967,15.497,392.629,392.629,6900.0
0.7231,6.575,19.896,391.967,391.967,6900.0
0.7232,6.419,19.494,391.328,391.328,6900.0
0.7233,4.225,17.018,390.699,390.699,6900.0
0.7234,6.792,19.269,390.085,390.085,6900.0
0.7235,10.599,22.726,389.481,389.481,6900.0
0.7236,10.678,22.423,388.931,388.931,6900.0
0.7237,12.205,23.538,388.383,388.383,6900.0
0.7238,8.456,19.347,387.916,387.916,6900.0
0.7239,19.656,30.079,387.375,387.375,6900.0
0.724,13.242,23.17,387.034,387.034,6900.0
0.7241,15.573,24.984,386.67,386.67,6900.0
0.7242,25.608,34.48,386.262,386.262,6900.0
0.7243,17.801,26.116,386.137,386.137,6900.0
0.7244,23.464,31.203,385.9,385.9,6900.0
0.7245,23.265,30.415,385.758,385.758,6900.0
0.7246,30.2,36.747,385.594,385.594,6900.0
0.7247,31.288,37.223,385.531,385.531,6900.0
0.7248,33.762,39.077,385.505,385.505,6900.0
0.7249,31.2,35.891,385.669,385.669,6900.0
0.725,35.546,39.609,385.694,385.694,6900.0
0.7251,34.465,37.9,385.958,385.958,6900.0
0.7252,34.572,37.381,386.2,386.2,6900.0
0.7253,36.777,38.965,386.519,386.519,6900.0
0.7254,34.046,35.62,386.998,386.998,6900.0
0.7255,44.231,45.201,387.226,387.226,6900.0
0.7256,41.872,42.25,387.832,387.832,6900.0
0.7257,39.805,39.604,388.448,388.448,6900.0
0.7258,38.091,37.329,389.078,389.078,6900.0
0.7259,49.76,48.455,389.422,389.422,6900.0
0.726,48.376,46.549,390.143,390.143,6900.0
0.7261,47.011,44.685,390.897,390.897,6900.0
0.7262,46.092,43.293,391.657,391.657,6900.0
0.7263,45.559,42.312,392.432,392.432,6900.0
0.7264,46.22,42.556,393.253,393.253,6900.0
0.7265,46.963,42.91,394.1,394.1,6900.0
0.7266,48.212,43.803,394.936,394.936,6900.0
0.7267,49.836,45.104,395.78,395.78,6900.0
0.7268,51.034,46.013,396.628,396.628,6900.0
0.7269,52.629,47.354,397.478,397.478,6900.0
0.727,53.649,48.158,398.333,398.333,6900.0
0.7271,54.544,48.874,399.175,399.175,6900.0
0.7272,55.048,49.237,400.043,400.043,6900.0
0.7273,54.371,48.458,400.915,400.915,6900.0
0.7274,53.479,47.503,401.76,401.76,6900.0
0.7275,52.124,46.125,402.615,402.615,6900.0
0.7276,50.942,44.957,403.468,403.468,6900.0
0.7277,49.67,43.741,404.287,404.287,6900.0
0.7278,47.548,41.714,405.096,405.096,6900.0
0.7279,45.066,39.365,405.872,405.872,6900.0
0.728,42.274,36.744,406.608,406.608,6900.0
0.7281,39.583,34.262,407.298,407.298,6900.0
0.7282,42.813,37.738,407.839,407.839,6900.0
0.7283,45.121,40.328,408.354,408.354,6900.0
0.7284,39.338,34.861,408.975,408.975,6900.0
0.7285,39.034,34.907,409.387,409.387,6900.0
0.7286,38.141,34.396,409.795,409.795,6900.0
0.7287,36.004,32.672,410.151,410.151,6900.0
0.7288,33.127,30.236,410.485,410.485,6900.0
0.7289,35.811,33.388,410.645,410.645,6900.0
0.729,30.952,29.023,410.928,410.928,6900.0
0.7291,38.554,37.143,410.888,410.888,6900.0
0.7292,31.961,31.088,411.125,411.125,6900.0
0.7293,31.42,31.106,411.158,411.158,6900.0
0.7294,23.705,23.965,411.299,411.299,6900.0
0.7295,21.114,21.964,411.268,411.268,6900.0
0.7296,29.998,31.45,411.025,411.025,6900.0
0.7297,23.734,25.799,410.928,410.928,6900.0
0.7298,17.062,19.747,410.796,410.796,6900.0
0.7299,23.527,26.837,410.467,410.467,6900.0
0.73,14.505,18.442,410.233,410.233,6900.0
0.7301,16.249,20.814,409.862,409.862,6900.0
0.7302,15.88,21.071,409.436,409.436,6900.0
0.7303,14.434,20.246,409.005,409.005,6900.0
0.7304,13.017,19.443,408.551,408.551,6900.0
0.7305,10.497,17.528,408.069,408.069,6900.0
0.7306,12.872,20.494,407.517,407.517,6900.0
0.7307,7.008,15.208,406.989,406.989,6900.0
0.7308,0.006,8.769,406.423,406.423,6900.0
0.7309,7.7,17.005,405.794,405.794,6900.0
0.731,3.379,13.206,405.184,405.184,6900.0
0.7311,2.867,13.193,404.546,404.546,6900.0
0.7312,-0.0,10.799,403.9,403.9,6900.0
0.7313,-0.0,11.246,403.244,403.244,6900.0
0.7314,-0.0,11.665,402.586,402.586,6900.0
0.7315,-0.0,12.053,401.926,401.926,6900.0
0.7316,-0.0,12.409,401.265,401.265,6900.0
0.7317,-0.0,12.732,400.603,400.603,6900.0
0.7318,-0.0,13.021,399.939,399.939,6900.0
0.7319,-0.0,13.274,399.275,399.275,6900.0
0.732,-0.319,13.172,398.61,398.61,6900.0
0.7321,-1.488,12.182,397.943,397.943,6900.0
0.7322,-4.178,9.633,397.276,397.276,6900.0
0.7323,-8.248,5.665,396.607,396.607,6900.0
0.7324,-14.485,-0.509,395.937,395.937,6900.0
0.7325,-22.094,-8.094,395.266,395.266,6900.0
0.7326,-16.801,-2.817,394.745,394.745,6900.0
0.7327,-26.885,-12.956,394.072,394.072,6900.0
0.7328,-26.152,-12.318,393.575,393.575,6900.0
0.7329,-29.017,-15.316,393.088,393.088,6900.0
0.733,-21.473,-7.943,392.816,392.816,6900.0
0.7331,-27.412,-14.092,392.365,392.365,6900.0
0.7332,-34.569,-21.495,391.914,391.914,6900.0
0.7333,-30.388,-17.595,391.709,391.709,6900.0
0.7334,-29.025,-16.548,391.527,391.527,6900.0
0.7335,-35.693,-23.566,391.205,391.205,6900.0
0.7336,-29.384,-17.639,391.157,391.157,6900.0
0.7337,-30.062,-18.73,391.001,391.001,6900.0
0.7338,-31.416,-20.525,390.864,390.864,6900.0
0.7339,-40.9,-30.478,390.592,390.592,6900.0
0.734,-32.611,-22.682,390.734,390.734,6900.0
0.7341,-39.156,-29.744,390.647,390.647,6900.0
0.7342,-40.574,-31.702,390.698,390.698,6900.0
0.7343,-37.295,-28.98,390.885,390.885,6900.0
0.7344,-42.245,-34.505,390.981,390.981,6900.0
0.7345,-42.061,-34.912,391.195,391.195,6900.0
0.7346,-43.437,-36.889,391.419,391.419,6900.0
0.7347,-39.639,-33.704,391.799,391.799,6900.0
0.7348,-36.656,-31.341,392.194,392.194,6900.0
0.7349,-39.931,-35.24,392.444,392.444,6900.0
0.735,-43.573,-39.51,392.677,392.677,6900.0
0.7351,-35.028,-31.593,393.213,393.213,6900.0
0.7352,-40.495,-37.686,393.485,393.485,6900.0
0.7353,-40.023,-37.835,393.898,393.898,6900.0
0.7354,-40.05,-38.476,394.317,394.317,6900.0
0.7355,-41.001,-40.032,394.736,394.736,6900.0
0.7356,-43.373,-42.996,395.175,395.175,6900.0
0.7357,-41.206,-41.406,395.768,395.768,6900.0
0.7358,-40.036,-40.798,396.352,396.352,6900.0
0.7359,-38.816,-40.121,396.94,396.94,6900.0
0.736,-38.184,-40.011,397.5,397.5,6900.0
0.7361,-37.353,-39.679,398.079,398.079,6900.0
0.7362,-37.036,-39.835,398.641,398.641,6900.0
0.7363,-36.619,-39.865,399.195,399.195,6900.0
0.7364,-35.46,-39.125,399.723,399.723,6900.0
0.7365,-34.557,-38.61,400.259,400.259,6900.0
0.7366,-33.477,-37.886,400.766,400.766,6900.0
0.7367,-32.964,-37.697,401.286,401.286,6900.0
0.7368,-33.121,-38.142,401.807,401.807,6900.0
0.7369,-33.366,-38.641,402.333,402.333,6900.0
0.737,-34.509,-40.0,402.845,402.845,6900.0
0.7371,-35.488,-41.158,403.353,403.353,6900.0
0.7372,-36.231,-42.042,403.843,403.843,6900.0
0.7373,-36.952,-42.865,404.319,404.319,6900.0
0.7374,-37.049,-43.025,404.765,404.765,6900.0
0.7375,-36.96,-42.96,405.213,405.213,6900.0
0.7376,-35.819,-41.803,405.646,405.646,6900.0
0.7377,-33.451,-39.38,406.063,406.063,6900.0
0.7378,-30.69,-36.525,406.441,406.441,6900.0
0.7379,-33.995,-39.696,406.697,406.697,6900.0
0.738,-37.703,-43.233,406.948,406.948,6900.0
0.7381,-34.221,-39.542,407.332,407.332,6900.0
0.7382,-29.934,-35.009,407.673,407.673,6900.0
0.7383,-31.937,-36.73,407.856,407.856,6900.0
0.7384,-33.792,-38.269,408.068,408.068,6900.0
0.7385,-28.469,-32.596,408.381,408.381,6900.0
0.7386,-35.487,-39.232,408.443,408.443,6900.0
0.7387,-27.836,-31.169,408.739,408.739,6900.0
0.7388,-32.112,-35.003,408.792,408.792,6900.0
0.7389,-28.185,-30.608,408.925,408.925,6900.0
0.739,-30.007,-31.935,408.988,408.988,6900.0
0.7391,-30.597,-32.009,409.016,409.016,6900.0
0.7392,-23.981,-24.853,409.129,409.129,6900.0
0.7393,-29.779,-30.094,409.059,409.059,6900.0
0.7394,-34.237,-33.977,408.94,408.94,6900.0
0.7395,-24.091,-23.241,409.059,409.059,6900.0
0.7396,-33.516,-32.064,408.819,408.819,6900.0
0.7397,-22.632,-20.567,408.907,408.907,6900.0
0.7398,-30.966,-28.282,408.68,408.68,6900.0
0.7399,-22.981,-19.672,408.629,408.629,6900.0
0.74,-26.141,-22.203,408.399,408.399,6900.0
0.7401,-27.503,-22.937,408.137,408.137,6900.0
0.7402,-21.987,-16.796,407.97,407.97,6900.0
0.7403,-29.293,-23.481,407.597,407.597,6900.0
0.7404,-21.039,-14.613,407.41,407.41,6900.0
0.7405,-23.971,-16.941,407.021,407.021,6900.0
0.7406,-18.927,-11.305,406.737,406.737,6900.0
0.7407,-26.291,-18.09,406.264,406.264,6900.0
0.7408,-19.408,-10.646,405.954,405.954,6900.0
0.7409,-24.226,-14.921,405.474,405.474,6900.0
0.741,-20.133,-10.306,405.069,405.069,6900.0
0.7411,-14.402,-4.077,404.635,404.635,6900.0
0.7412,-13.522,-2.722,404.12,404.12,6900.0
0.7413,-11.877,-0.63,403.597,403.597,6900.0
0.7414,-21.581,-9.916,402.941,402.941,6900.0
0.7415,-16.046,-3.993,402.404,402.404,6900.0
0.7416,-8.591,3.818,401.856,401.856,6900.0
0.7417,-13.237,-0.504,401.195,401.195,6900.0
0.7418,-15.91,-2.889,400.533,400.533,6900.0
0.7419,-16.827,-3.552,399.87,399.87,6900.0
0.742,-0.0,13.491,399.287,399.287,6900.0
0.7421,-0.0,13.67,398.622,398.622,6900.0
0.7422,-0.0,13.811,397.955,397.955,6900.0
0.7423,-0.0,13.913,397.287,397.287,6900.0
0.7424,-0.0,13.976,396.619,396.619,6900.0
0.7425,-0.0,14.0,395.949,395.949,6900.0
0.7426,-0.0,13.984,395.278,395.278,6900.0
0.7427,-0.0,13.929,394.606,394.606,6900.0
0.7428,-0.0,13.834,393.932,393.932,6900.0
0.7429,-0.0,13.701,393.258,393.258,6900.0
0.743,3.608,17.138,392.592,392.592,6900.0
0.7431,5.842,19.163,391.934,391.934,6900.0
0.7432,6.504,19.579,391.288,391.288,6900.0
0.7433,5.455,18.248,390.667,390.667,6900.0
0.7434,2.807,15.284,390.088,390.088,6900.0
0.7435,12.55,24.677,389.466,389.466,6900.0
0.7436,10.275,22.02,388.924,388.924,6900.0
0.7437,16.867,28.2,388.351,388.351,6900.0
0.7438,6.874,17.765,387.938,387.938,6900.0
0.7439,18.309,28.732,387.416,387.416,6900.0
0.744,12.542,22.471,387.085,387.085,6900.0
0.7441,21.147,30.559,386.698,386.698,6900.0
0.7442,18.539,27.411,386.432,386.432,6900.0
0.7443,23.893,32.207,386.161,386.161,6900.0
0.7444,29.873,37.613,385.901,385.901,6900.0
0.7445,23.94,31.09,385.916,385.916,6900.0
0.7446,31.044,37.592,385.74,385.74,6900.0
0.7447,31.905,37.841,385.696,385.696,6900.0
0.7448,33.247,38.563,385.675,385.675,6900.0
0.7449,35.679,40.37,385.696,385.696,6900.0
0.745,33.685,37.748,385.917,385.917,6900.0
0.7451,39.45,42.885,386.013,386.013,6900.0
0.7452,33.622,36.431,386.418,386.418,6900.0
0.7453,41.379,43.567,386.567,386.567,6900.0
0.7454,37.845,39.419,387.067,387.067,6900.0
0.7455,35.691,36.661,387.587,387.587,6900.0
0.7456,47.204,47.581,387.869,387.869,6900.0
0.7457,45.815,45.614,388.51,388.51,6900.0
0.7458,44.05,43.288,389.177,389.177,6900.0
0.7459,42.204,40.899,389.867,389.867,6900.0
0.746,40.357,38.53,390.573,390.573,6900.0
0.7461,51.987,49.661,390.971,390.971,6900.0
0.7462,50.725,47.926,391.765,391.765,6900.0
0.7463,49.909,46.663,392.561,392.561,6900.0
0.7464,49.842,46.178,393.387,393.387,6900.0
0.7465,50.217,46.164,394.216,394.216,6900.0
0.7466,51.835,47.425,395.078,395.078,6900.0
0.7467,53.471,48.739,395.953,395.953,6900.0
0.7468,55.38,50.359,396.797,396.797,6900.0
0.7469,50.598,45.324,397.881,397.881,6900.0
0.747,45.02,39.529,398.964,398.964,6900.0
0.7471,45.625,39.955,399.863,399.863,6900.0
0.7472,45.371,39.56,400.768,400.768,6900.0
0.7473,44.936,39.023,401.661,401.661,6900.0
0.7474,44.175,38.199,402.538,402.538,6900.0
0.7475,48.896,42.896,403.218,403.218,6900.0
0.7476,53.813,47.829,403.881,403.881,6900.0
0.7477,51.862,45.933,404.74,404.74,6900.0
0.7478,50.311,44.476,405.583,405.583,6900.0
0.7479,48.718,43.017,406.381,406.381,6900.0
0.748,46.211,40.682,407.158,407.158,6900.0
0.7481,42.951,37.63,407.885,407.885,6900.0
0.7482,38.96,33.885,408.578,408.578,6900.0
0.7483,47.783,42.99,408.943,408.943,6900.0
0.7484,42.378,37.901,409.615,409.615,6900.0
0.7485,35.619,31.492,410.212,410.212,6900.0
0.7486,40.837,37.092,410.495,410.495,6900.0
0.7487,38.186,34.854,410.884,410.884,6900.0
0.7488,35.023,32.132,411.239,411.239,6900.0
0.7489,31.117,28.694,411.565,411.565,6900.0
0.749,33.071,31.143,411.736,411.736,6900.0
0.7491,34.392,32.981,411.848,411.848,6900.0
0.7492,28.108,27.235,412.075,412.075,6900.0
0.7493,27.119,26.804,412.126,412.126,6900.0
0.7494,32.237,32.498,412.066,412.066,6900.0
0.7495,29.543,30.393,412.056,412.056,6900.0
0.7496,19.626,21.079,412.115,412.115,6900.0
0.7497,28.138,30.202,411.849,411.849,6900.0
0.7498,20.186,22.87,411.735,411.735,6900.0
0.7499,17.603,20.913,411.501,411.501,6900.0
0.75,21.141,25.078,411.122,411.122,6900.0
0.7501,11.365,15.93,410.889,410.889,6900.0
0.7502,20.535,25.726,410.416,410.416,6900.0
0.7503,6.807,12.619,410.088,410.088,6900.0
0.7504,11.699,18.125,409.595,409.595,6900.0
0.7505,15.139,22.17,409.062,409.062,6900.0
0.7506,4.84,12.463,408.583,408.583,6900.0
0.7507,6.298,14.499,408.021,408.021,6900.0
0.7508,5.671,14.433,407.421,407.421,6900.0
0.7509,-0.0,9.305,406.823,406.823,6900.0
0.751,6.289,16.116,406.187,406.187,6900.0
0.7511,4.389,14.714,405.555,405.555,6900.0
0.7512,-0.0,10.799,404.912,404.912,6900.0
0.7513,-0.0,11.246,404.258,404.258,6900.0
0.7514,-0.0,11.665,403.601,403.601,6900.0
0.7515,-0.0,12.053,402.942,402.942,6900.0
0.7516,-0.0,12.409,402.283,402.283,6900.0
0.7517,-0.0,12.732,401.623,401.623,6900.0
0.7518,-0.0,13.021,400.961,400.961,6900.0
0.7519,-0.0,13.274,400.299,400.299,6900.0
0.752,-0.343,13.148,399.635,399.635,6900.0
0.7521,-2.82,10.85,398.97,398.97,6900.0
0.7522,-6.74,7.071,398.304,398.304,6900.0
0.7523,-11.129,2.784,397.637,397.637,6900.0
0.7524,-16.689,-2.713,396.969,396.969,6900.0
0.7525,-23.348,-9.348,396.3,396.3,6900.0
0.7526,-19.048,-5.064,395.779,395.779,6900.0
0.7527,-16.795,-2.866,395.274,395.274,6900.0
0.7528,-28.949,-15.114,394.602,394.602,6900.0
0.7529,-29.646,-15.945,394.113,394.113,6900.0
0.753,-26.584,-13.054,393.743,393.743,6900.0
0.7531,-26.808,-13.487,393.377,393.377,6900.0
0.7532,-29.603,-16.528,393.052,393.052,6900.0
0.7533,-32.186,-19.393,392.72,392.72,6900.0
0.7534,-28.555,-16.078,392.52,392.52,6900.0
0.7535,-32.945,-20.818,392.224,392.224,6900.0
0.7536,-32.524,-20.779,392.057,392.057,6900.0
0.7537,-33.779,-22.446,391.897,391.897,6900.0
0.7538,-35.891,-25.0,391.731,391.731,6900.0
0.7539,-32.798,-22.375,391.722,391.722,6900.0
0.754,-37.479,-27.551,391.593,391.593,6900.0
0.7541,-31.226,-21.815,391.747,391.747,6900.0
0.7542,-39.54,-30.668,391.659,391.659,6900.0
0.7543,-43.048,-34.734,391.693,391.693,6900.0
0.7544,-35.326,-27.586,392.051,392.051,6900.0
0.7545,-41.523,-34.373,392.115,392.115,6900.0
0.7546,-35.561,-29.013,392.519,392.519,6900.0
0.7547,-43.334,-37.399,392.603,392.603,6900.0
0.7548,-39.301,-33.986,393.018,393.018,6900.0
0.7549,-42.776,-38.085,393.234,393.234,6900.0
0.755,-40.284,-36.221,393.649,393.649,6900.0
0.7551,-38.134,-34.699,394.078,394.078,6900.0
0.7552,-43.114,-40.305,394.351,394.351,6900.0
0.7553,-36.29,-34.102,394.901,394.901,6900.0
0.7554,-44.05,-42.476,395.199,395.199,6900.0
0.7555,-39.826,-38.856,395.786,395.786,6900.0
0.7556,-35.74,-35.362,396.356,396.356,6900.0
0.7557,-45.488,-45.689,396.632,396.632,6900.0
0.7558,-42.878,-43.641,397.25,397.25,6900.0
0.7559,-41.598,-42.903,397.846,397.846,6900.0
0.756,-40.775,-42.602,398.413,398.413,6900.0
0.7561,-39.483,-41.808,398.987,398.987,6900.0
0.7562,-38.573,-41.372,399.528,399.528,6900.0
0.7563,-37.414,-40.66,400.078,400.078,6900.0
0.7564,-36.772,-40.437,400.639,400.639,6900.0
0.7565,-36.378,-40.431,401.188,401.188,6900.0
0.7566,-35.639,-40.048,401.718,401.718,6900.0
0.7567,-35.552,-40.284,402.237,402.237,6900.0
0.7568,-35.381,-40.402,402.756,402.756,6900.0
0.7569,-35.588,-40.862,403.272,403.272,6900.0
0.757,-36.288,-41.779,403.766,403.766,6900.0
0.7571,-36.84,-42.51,404.238,404.238,6900.0
0.7572,-37.834,-43.644,404.694,404.694,6900.0
0.7573,-38.23,-44.143,405.134,405.134,6900.0
0.7574,-37.852,-43.828,405.573,405.573,6900.0
0.7575,-37.17,-43.17,405.998,405.998,6900.0
0.7576,-35.764,-41.749,406.432,406.432,6900.0
0.7577,-34.264,-40.193,406.822,406.822,6900.0
0.7578,-31.97,-37.805,407.195,407.195,6900.0
0.7579,-28.637,-34.338,407.557,407.557,6900.0
0.758,-38.27,-43.8,407.688,407.688,6900.0
0.7581,-34.342,-39.663,408.081,408.081,6900.0
0.7582,-30.524,-35.599,408.434,408.434,6900.0
0.7583,-26.222,-31.015,408.738,408.738,6900.0
0.7584,-34.27,-38.747,408.833,408.833,6900.0
0.7585,-28.273,-32.4,409.152,409.152,6900.0
0.7586,-34.818,-38.563,409.205,409.205,6900.0
0.7587,-27.252,-30.585,409.481,409.481,6900.0
0.7588,-31.951,-34.842,409.526,409.526,6900.0
0.7589,-28.571,-30.993,409.663,409.663,6900.0
0.759,-30.895,-32.823,409.708,409.708,6900.0
0.7591,-24.91,-26.321,409.841,409.841,6900.0
0.7592,-24.174,-25.047,409.86,409.86,6900.0
0.7593,-29.437,-29.752,409.787,409.787,6900.0
0.7594,-34.323,-34.063,409.663,409.663,6900.0
0.7595,-25.042,-24.192,409.798,409.798,6900.0
0.7596,-27.488,-26.036,409.687,409.687,6900.0
0.7597,-28.393,-26.328,409.538,409.538,6900.0
0.7598,-21.912,-19.227,409.514,409.514,6900.0
0.7599,-28.603,-25.293,409.299,409.299,6900.0
0.76,-27.595,-23.657,409.158,409.158,6900.0
0.7601,-23.765,-19.2,409.017,409.017,6900.0
0.7602,-23.555,-18.364,408.741,408.741,6900.0
0.7603,-21.79,-15.978,408.484,408.484,6900.0
0.7604,-19.14,-12.714,408.184,408.184,6900.0
0.7605,-23.121,-16.091,407.797,407.797,6900.0
0.7606,-18.344,-10.721,407.505,407.505,6900.0
0.7607,-25.114,-16.913,407.026,407.026,6900.0
0.7608,-17.497,-8.735,406.72,406.72,6900.0
0.7609,-22.318,-13.013,406.24,406.24,6900.0
0.761,-19.868,-10.041,405.837,405.837,6900.0
0.7611,-15.264,-4.938,405.402,405.402,6900.0
0.7612,-15.442,-4.643,404.89,404.89,6900.0
0.7613,-13.635,-2.389,404.368,404.368,6900.0
0.7614,-16.673,-5.008,403.787,403.787,6900.0
0.7615,-17.646,-5.593,403.183,403.183,6900.0
0.7616,-9.848,2.562,402.638,402.638,6900.0
0.7617,-14.074,-1.341,401.978,401.978,6900.0
0.7618,-16.338,-3.317,401.317,401.317,6900.0
0.7619,-16.673,-3.399,400.655,400.655,6900.0
0.762,-1.736,11.755,400.063,400.063,6900.0
0.7621,-0.269,13.401,399.399,399.399,6900.0
0.7622,-0.0,13.811,398.733,398.733,6900.0
0.7623,-0.0,13.913,398.067,398.067,6900.0
0.7624,-0.0,13.976,397.4,397.4,6900.0
0.7625,-0.0,14.0,396.731,396.731,6900.0
0.7626,-0.0,13.984,396.061,396.061,6900.0
0.7627,-0.0,13.929,395.391,395.391,6900.0
0.7628,-0.0,13.834,394.719,394.719,6900.0
0.7629,-0.0,13.701,394.046,394.046,6900.0
0.763,4.219,17.748,393.379,393.379,6900.0
0.7631,1.845,15.166,392.735,392.735,6900.0
0.7632,1.7,14.775,392.091,392.091,6900.0
0.7633,6.426,19.219,391.445,391.445,6900.0
0.7634,2.895,15.372,390.837,390.837,6900.0
0.7635,8.22,20.347,390.245,390.245,6900.0
0.7636,14.173,25.918,389.651,389.651,6900.0
0.7637,7.913,19.245,389.155,389.155,6900.0
0.7638,9.323,20.215,388.638,388.638,6900.0
0.7639,19.621,30.043,388.103,388.103,6900.0
0.764,12.797,22.726,387.757,387.757,6900.0
0.7641,21.201,30.612,387.334,387.334,6900.0
0.7642,18.134,27.006,387.065,387.065,6900.0
0.7643,23.113,31.428,386.783,386.783,6900.0
0.7644,28.866,36.605,386.506,386.506,6900.0
0.7645,22.732,29.882,386.493,386.493,6900.0
0.7646,29.86,36.407,386.311,386.311,6900.0
0.7647,31.514,37.45,386.246,386.246,6900.0
0.7648,33.873,39.188,386.227,386.227,6900.0
0.7649,30.465,35.156,386.385,386.385,6900.0
0.765,27.649,31.712,386.554,386.554,6900.0
0.7651,32.258,35.692,386.662,386.662,6900.0
0.7652,38.699,41.509,386.8,386.8,6900.0
0.7653,34.165,36.353,387.237,387.237,6900.0
0.7654,42.996,44.57,387.415,387.415,6900.0
0.7655,39.762,40.732,387.969,387.969,6900.0
0.7656,37.38,37.757,388.514,388.514,6900.0
0.7657,42.073,41.873,388.938,388.938,6900.0
0.7658,47.84,47.078,389.405,389.405,6900.0
0.7659,46.714,45.409,390.11,390.11,6900.0
0.766,45.288,43.461,390.812,390.812,6900.0
0.7661,43.886,41.56,391.55,391.55,6900.0
0.7662,42.564,39.764,392.283,392.283,6900.0
0.7663,42.105,38.859,393.069,393.069,6900.0
0.7664,47.972,44.307,393.691,393.691,6900.0
0.7665,48.112,44.059,394.501,394.501,6900.0
0.7666,48.918,44.509,395.331,395.331,6900.0
0.7667,49.759,45.027,396.187,396.187,6900.0
0.7668,45.075,40.054,397.251,397.251,6900.0
0.7669,46.51,41.235,398.123,398.123,6900.0
0.767,48.001,42.51,398.999,398.999,6900.0
0.7671,49.179,43.509,399.88,399.88,6900.0
0.7672,49.174,43.363,400.739,400.739,6900.0
0.7673,48.866,42.953,401.593,401.593,6900.0
0.7674,47.873,41.897,402.429,402.429,6900.0
0.7675,46.846,40.846,403.273,403.273,6900.0
0.7676,45.611,39.627,404.085,404.085,6900.0
0.7677,43.441,37.512,404.885,404.885,6900.0
0.7678,41.024,35.19,405.651,405.651,6900.0
0.7679,51.582,45.881,406.079,406.079,6900.0
0.768,49.14,43.61,406.864,406.864,6900.0
0.7681,46.391,41.07,407.611,407.611,6900.0
0.7682,42.626,37.551,408.301,408.301,6900.0
0.7683,37.843,33.05,408.933,408.933,6900.0
0.7684,45.457,40.98,409.259,409.259,6900.0
0.7685,39.115,34.988,409.882,409.882,6900.0
0.7686,38.384,34.639,410.284,410.284,6900.0
0.7687,36.742,33.41,410.666,410.666,6900.0
0.7688,40.429,37.538,410.855,410.855,6900.0
0.7689,29.668,27.246,411.294,411.294,6900.0
0.769,38.202,36.274,411.319,411.319,6900.0
0.7691,32.202,30.791,411.562,411.562,6900.0
0.7692,32.666,31.793,411.671,411.671,6900.0
0.7693,25.595,25.28,411.839,411.839,6900.0
0.7694,30.757,31.018,411.74,411.74,6900.0
0.7695,20.74,21.59,411.831,411.831,6900.0
0.7696,29.851,31.303,411.583,411.583,6900.0
0.7697,24.68,26.745,411.493,411.493,6900.0
0.7698,19.135,21.819,411.363,411.363,6900.0
0.7699,18.734,22.043,411.134,411.134,6900.0
0.77,21.804,25.741,410.774,410.774,6900.0
0.7701,16.128,20.693,410.46,410.46,6900.0
0.7702,16.703,21.894,410.068,410.068,6900.0
0.7703,10.348,16.16,409.68,409.68,6900.0
0.7704,16.749,23.175,409.177,409.177,6900.0
0.7705,7.22,14.251,408.738,408.738,6900.0
0.7706,2.976,10.599,408.196,408.196,6900.0
0.7707,11.183,19.384,407.602,407.602,6900.0
0.7708,4.902,13.665,407.045,407.045,6900.0
0.7709,-0.0,9.305,406.448,406.448,6900.0
0.771,6.43,16.257,405.814,405.814,6900.0
0.7711,4.242,14.568,405.182,405.182,6900.0
0.7712,-0.0,10.799,404.54,404.54,6900.0
0.7713,-0.0,11.246,403.885,403.885,6900.0
0.7714,-0.0,11.665,403.228,403.228,6900.0
0.7715,-0.0,12.053,402.569,402.569,6900.0
0.7716,-0.0,12.409,401.909,401.909,6900.0
0.7717,-0.0,12.732,401.248,401.248,6900.0
0.7718,-0.0,13.021,400.586,400.586,6900.0
0.7719,-0.0,13.274,399.922,399.922,6900.0
0.772,0.083,13.574,399.258,399.258,6900.0
0.7721,-1.113,12.557,398.593,398.593,6900.0
0.7722,-3.94,9.871,397.926,397.926,6900.0
0.7723,-9.094,4.819,397.259,397.259,6900.0
0.7724,-15.713,-1.737,396.59,396.59,6900.0
0.7725,-22.589,-8.589,395.92,395.92,6900.0
0.7726,-17.499,-3.515,395.397,395.397,6900.0
0.7727,-21.302,-7.373,394.817,394.817,6900.0
0.7728,-28.022,-14.188,394.218,394.218,6900.0
0.7729,-30.578,-16.876,393.724,393.724,6900.0
0.773,-20.749,-7.22,393.447,393.447,6900.0
0.7731,-25.222,-11.901,392.981,392.981,6900.0
0.7732,-32.235,-19.161,392.528,392.528,6900.0
0.7733,-28.848,-16.054,392.328,392.328,6900.0
0.7734,-27.727,-15.25,392.127,392.127,6900.0
0.7735,-32.864,-20.737,391.831,391.831,6900.0
0.7736,-31.783,-20.038,391.641,391.641,6900.0
0.7737,-31.745,-20.412,391.481,391.481,6900.0
0.7738,-33.521,-22.63,391.335,391.335,6900.0
0.7739,-37.252,-26.83,391.204,391.204,6900.0
0.774,-35.584,-25.655,391.192,391.192,6900.0
0.7741,-35.479,-26.067,391.243,391.243,6900.0
0.7742,-43.212,-34.339,391.139,391.139,6900.0
0.7743,-33.378,-25.063,391.473,391.473,6900.0
0.7744,-44.398,-36.658,391.4,391.4,6900.0
0.7745,-37.524,-30.374,391.767,391.767,6900.0
0.7746,-38.677,-32.129,391.98,391.98,6900.0
0.7747,-40.939,-35.003,392.226,392.226,6900.0
0.7748,-36.935,-31.619,392.627,392.627,6900.0
0.7749,-46.425,-41.734,392.688,392.688,6900.0
0.775,-37.331,-33.268,393.271,393.271,6900.0
0.7751,-42.322,-38.887,393.524,393.524,6900.0
0.7752,-35.046,-32.237,394.078,394.078,6900.0
0.7753,-40.735,-38.547,394.357,394.357,6900.0
0.7754,-34.575,-33.001,394.88,394.88,6900.0
0.7755,-42.337,-41.368,395.138,395.138,6900.0
0.7756,-38.999,-38.622,395.72,395.72,6900.0
0.7757,-36.468,-36.669,396.291,396.291,6900.0
0.7758,-40.26,-41.023,396.695,396.695,6900.0
0.7759,-45.004,-46.309,397.112,397.112,6900.0
0.776,-43.398,-45.224,397.692,397.692,6900.0
0.7761,-42.767,-45.093,398.274,398.274,6900.0
0.7762,-42.376,-45.176,398.844,398.844,6900.0
0.7763,-41.454,-44.701,399.395,399.395,6900.0
0.7764,-40.932,-44.597,399.923,399.923,6900.0
0.7765,-40.156,-44.209,400.474,400.474,6900.0
0.7766,-39.89,-44.299,401.006,401.006,6900.0
0.7767,-39.996,-44.729,401.538,401.538,6900.0
0.7768,-39.909,-44.931,402.03,402.03,6900.0
0.7769,-40.473,-45.748,402.529,402.529,6900.0
0.777,-40.84,-46.331,403.005,403.005,6900.0
0.7771,-41.209,-46.879,403.489,403.489,6900.0
0.7772,-41.762,-47.572,403.949,403.949,6900.0
0.7773,-35.238,-41.151,404.539,404.539,6900.0
0.7774,-35.645,-41.621,404.982,404.982,6900.0
0.7775,-35.264,-41.264,405.43,405.43,6900.0
0.7776,-33.914,-39.898,405.847,405.847,6900.0
0.7777,-39.031,-44.96,406.114,406.114,6900.0
0.7778,-36.859,-42.693,406.514,406.514,6900.0
0.7779,-34.649,-40.35,406.888,406.888,6900.0
0.778,-31.692,-37.222,407.263,407.263,6900.0
0.7781,-27.673,-32.993,407.606,407.606,6900.0
0.7782,-36.518,-41.593,407.705,407.705,6900.0
0.7783,-31.651,-36.444,408.069,408.069,6900.0
0.7784,-26.664,-31.141,408.358,408.358,6900.0
0.7785,-34.251,-38.378,408.457,408.457,6900.0
0.7786,-27.401,-31.146,408.762,408.762,6900.0
0.7787,-32.97,-36.302,408.819,408.819,6900.0
0.7788,-24.225,-27.116,409.055,409.055,6900.0
0.7789,-34.653,-37.075,408.989,408.989,6900.0
0.779,-23.811,-25.739,409.245,409.245,6900.0
0.7791,-25.36,-26.771,409.268,409.268,6900.0
0.7792,-32.431,-33.303,409.178,409.178,6900.0
0.7793,-31.15,-31.465,409.184,409.184,6900.0
0.7794,-28.602,-28.342,409.231,409.231,6900.0
0.7795,-25.012,-24.162,409.211,409.211,6900.0
0.7796,-21.469,-20.016,409.188,409.188,6900.0
0.7797,-30.506,-28.442,408.989,408.989,6900.0
0.7798,-23.814,-21.13,408.941,408.941,6900.0
0.7799,-28.99,-25.681,408.703,408.703,6900.0
0.78,-26.089,-22.152,408.55,408.55,6900.0
0.7801,-23.161,-18.596,408.399,408.399,6900.0
0.7802,-26.775,-21.584,408.139,408.139,6900.0
0.7803,-20.599,-14.787,407.951,407.951,6900.0
0.7804,-25.502,-19.076,407.595,407.595,6900.0
0.7805,-21.443,-14.413,407.297,407.297,6900.0
0.7806,-23.19,-15.567,406.927,406.927,6900.0
0.7807,-23.733,-15.532,406.533,406.533,6900.0
0.7808,-22.341,-13.579,406.154,406.154,6900.0
0.7809,-18.788,-9.483,405.741,405.741,6900.0
0.781,-21.143,-11.316,405.244,405.244,6900.0
0.7811,-22.479,-12.153,404.748,404.748,6900.0
0.7812,-23.135,-12.335,404.238,404.238,6900.0
0.7813,-22.262,-11.015,403.719,403.719,6900.0
0.7814,-19.426,-7.761,403.2,403.2,6900.0
0.7815,-14.725,-2.671,402.67,402.67,6900.0
0.7816,-8.15,4.26,402.119,402.119,6900.0
0.7817,-12.909,-0.177,401.46,401.46,6900.0
0.7818,-15.86,-2.839,400.798,400.798,6900.0
0.7819,-16.584,-3.31,400.135,400.135,6900.0
0.782,-1.58,11.911,399.541,399.541,6900.0
0.7821,-0.0,13.67,398.876,398.876,6900.0
0.7822,-0.0,13.811,398.21,398.21,6900.0
0.7823,-0.0,13.913,397.543,397.543,6900.0
0.7824,-0.0,13.976,396.874,396.874,6900.0
0.7825,-0.0,14.0,396.205,396.205,6900.0
0.7826,-0.0,13.984,395.534,395.534,6900.0
0.7827,-0.0,13.929,394.863,394.863,6900.0
0.7828,-0.0,13.834,394.19,394.19,6900.0
0.7829,-0.0,13.701,393.516,393.516,6900.0
0.783,1.825,15.355,392.851,392.851,6900.0
0.7831,6.38,19.701,392.187,392.187,6900.0
0.7832,6.985,20.06,391.549,391.549,6900.0
0.7833,6.817,19.61,390.916,390.916,6900.0
0.7834,2.88,15.357,390.313,390.313,6900.0
0.7835,12.633,24.76,389.692,389.692,6900.0
0.7836,4.342,16.087,389.169,389.169,6900.0
0.7837,11.821,23.154,388.594,388.594,6900.0
0.7838,14.318,25.21,388.092,388.092,6900.0
0.7839,12.054,22.476,387.665,387.665,6900.0
0.784,17.855,27.784,387.212,387.212,6900.0
0.7841,13.074,22.485,386.92,386.92,6900.0
0.7842,22.87,31.742,386.552,386.552,6900.0
0.7843,21.309,29.623,386.337,386.337,6900.0
0.7844,21.129,28.869,386.185,386.185,6900.0
0.7845,27.835,34.985,385.967,385.967,6900.0
0.7846,22.375,28.923,385.979,385.979,6900.0
0.7847,29.842,35.778,385.851,385.851,6900.0
0.7848,25.451,30.766,385.933,385.933,6900.0
0.7849,28.529,33.219,385.967,385.967,6900.0
0.785,32.845,36.908,386.026,386.026,6900.0
0.7851,37.944,41.379,386.097,386.097,6900.0
0.7852,31.346,34.156,386.476,386.476,6900.0
0.7853,38.64,40.828,386.674,386.674,6900.0
0.7854,34.963,36.537,387.156,387.156,6900.0
0.7855,45.233,46.203,387.405,387.405,6900.0
0.7856,43.089,43.466,388.01,388.01,6900.0
0.7857,41.049,40.848,388.625,388.625,6900.0
0.7858,39.35,38.588,389.26,389.26,6900.0
0.7859,44.18,42.875,389.779,389.779,6900.0
0.786,50.014,48.187,390.306,390.306,6900.0
0.7861,49.059,46.733,391.043,391.043,6900.0
0.7862,48.063,45.264,391.825,391.825,6900.0
0.7863,47.373,44.126,392.623,392.623,6900.0
0.7864,46.812,43.147,393.439,393.439,6900.0
0.7865,47.375,43.322,394.259,394.259,6900.0
0.7866,48.031,43.622,395.102,395.102,6900.0
0.7867,49.157,44.425,395.971,395.971,6900.0
0.7868,50.628,45.607,396.844,396.844,6900.0
0.7869,51.623,46.348,397.715,397.715,6900.0
0.787,52.94,47.449,398.582,398.582,6900.0
0.7871,53.687,48.017,399.444,399.444,6900.0
0.7872,54.271,48.46,400.325,400.325,6900.0
0.7873,54.408,48.495,401.182,401.182,6900.0
0.7874,53.344,47.368,402.07,402.07,6900.0
0.7875,51.982,45.983,402.919,402.919,6900.0
0.7876,50.189,44.205,403.762,403.762,6900.0
0.7877,48.656,42.727,404.591,404.591,6900.0
0.7878,47.01,41.176,405.415,405.415,6900.0
0.7879,44.554,38.853,406.179,406.179,6900.0
0.788,41.575,36.046,406.934,406.934,6900.0
0.7881,44.667,39.347,407.487,407.487,6900.0
0.7882,47.915,42.84,408.023,408.023,6900.0
0.7883,43.763,38.969,408.715,408.715,6900.0
0.7884,38.355,33.879,409.338,409.338,6900.0
0.7885,44.917,40.79,409.628,409.628,6900.0
0.7886,37.061,33.316,410.214,410.214,6900.0
0.7887,41.854,38.522,410.42,410.42,6900.0
0.7888,32.359,29.467,410.922,410.922,6900.0
0.7889,35.257,32.834,411.134,411.134,6900.0
0.789,37.225,35.296,411.271,411.271,6900.0
0.7891,31.686,30.274,411.535,411.535,6900.0
0.7892,25.058,24.185,411.73,411.73,6900.0
0.7893,30.967,30.652,411.702,411.702,6900.0
0.7894,29.435,29.695,411.732,411.732,6900.0
0.7895,27.324,28.175,411.722,411.722,6900.0
0.7896,23.605,25.057,411.677,411.677,6900.0
0.7897,24.713,26.778,411.511,411.511,6900.0
0.7898,24.017,26.702,411.298,411.298,6900.0
0.7899,16.028,19.338,411.155,411.155,6900.0
0.79,21.252,25.189,410.839,410.839,6900.0
0.7901,17.842,22.407,410.536,410.536,6900.0
0.7902,11.763,16.954,410.185,410.185,6900.0
0.7903,17.348,23.16,409.685,409.685,6900.0
0.7904,15.005,21.431,409.231,409.231,6900.0
0.7905,6.115,13.145,408.791,408.791,6900.0
0.7906,9.4,17.023,408.256,408.256,6900.0
0.7907,3.698,11.899,407.694,407.694,6900.0
0.7908,10.478,19.24,407.083,407.083,6900.0
0.7909,3.647,12.952,406.5,406.5,6900.0
0.791,-0.0,9.827,405.887,405.887,6900.0
0.7911,-0.0,10.325,405.25,405.25,6900.0
0.7912,1.22,12.02,404.604,404.604,6900.0
0.7913,-0.0,11.246,403.951,403.951,6900.0
0.7914,-0.0,11.665,403.294,403.294,6900.0
0.7915,-0.0,12.053,402.635,402.635,6900.0
0.7916,-0.0,12.409,401.975,401.975,6900.0
0.7917,-0.0,12.732,401.314,401.314,6900.0
0.7918,-0.0,13.021,400.652,400.652,6900.0
0.7919,-0.0,13.274,399.989,399.989,6900.0
0.792,-0.183,13.308,399.325,399.325,6900.0
0.7921,-1.588,12.082,398.659,398.659,6900.0
0.7922,-3.807,10.004,397.993,397.993,6900.0
0.7923,-7.633,6.28,397.325,397.325,6900.0
0.7924,-12.934,1.042,396.657,396.657,6900.0
0.7925,-20.468,-6.469,395.987,395.987,6900.0
0.7926,-16.2,-2.216,395.466,395.466,6900.0
0.7927,-26.259,-12.331,394.794,394.794,6900.0
0.7928,-24.834,-11.0,394.292,394.292,6900.0
0.7929,-25.977,-12.276,393.803,393.803,6900.0
0.793,-30.519,-16.99,393.333,393.333,6900.0
0.7931,-24.23,-10.909,393.071,393.071,6900.0
0.7932,-31.627,-18.552,392.614,392.614,6900.0
0.7933,-26.353,-13.56,392.392,392.392,6900.0
0.7934,-36.054,-23.578,391.958,391.958,6900.0
0.7935,-34.838,-22.711,391.774,391.774,6900.0
0.7936,-29.083,-17.338,391.719,391.719,6900.0
0.7937,-29.937,-18.605,391.565,391.565,6900.0
0.7938,-31.321,-20.43,391.428,391.428,6900.0
0.7939,-34.094,-23.671,391.26,391.26,6900.0
0.794,-32.432,-22.504,391.265,391.265,6900.0
0.7941,-38.747,-29.336,391.177,391.177,6900.0
0.7942,-40.156,-31.283,391.221,391.221,6900.0
0.7943,-36.793,-28.479,391.433,391.433,6900.0
0.7944,-41.143,-33.404,391.49,391.49,6900.0
0.7945,-33.906,-26.756,391.847,391.847,6900.0
0.7946,-40.628,-34.08,391.932,391.932,6900.0
0.7947,-35.829,-29.893,392.325,392.325,6900.0
0.7948,-38.57,-33.255,392.566,392.566,6900.0
0.7949,-42.234,-37.543,392.827,392.827,6900.0
0.795,-39.228,-35.165,393.221,393.221,6900.0
0.7951,-37.26,-33.825,393.621,393.621,6900.0
0.7952,-42.554,-39.745,393.875,393.875,6900.0
0.7953,-36.572,-34.385,394.421,394.421,6900.0
0.7954,-44.259,-42.685,394.655,394.655,6900.0
0.7955,-39.17,-38.2,395.236,395.236,6900.0
0.7956,-34.92,-34.543,395.78,395.78,6900.0
0.7957,-44.228,-44.429,396.068,396.068,6900.0
0.7958,-42.08,-42.842,396.652,396.652,6900.0
0.7959,-40.502,-41.807,397.22,397.22,6900.0
0.796,-38.657,-40.484,397.775,397.775,6900.0
0.7961,-37.384,-39.71,398.321,398.321,6900.0
0.7962,-36.16,-38.96,398.87,398.87,6900.0
0.7963,-35.761,-39.008,399.432,399.432,6900.0
0.7964,-35.687,-39.352,399.993,399.993,6900.0
0.7965,-35.203,-39.256,400.544,400.544,6900.0
0.7966,-35.211,-39.62,401.09,401.09,6900.0
0.7967,-35.092,-39.824,401.596,401.596,6900.0
0.7968,-35.35,-40.371,402.103,402.103,6900.0
0.7969,-35.893,-41.167,402.627,402.627,6900.0
0.797,-36.106,-41.597,403.12,403.12,6900.0
0.7971,-36.774,-42.444,403.588,403.588,6900.0
0.7972,-36.932,-42.743,404.072,404.072,6900.0
0.7973,-36.643,-42.556,404.551,404.551,6900.0
0.7974,-36.38,-42.356,404.984,404.984,6900.0
0.7975,-35.635,-41.635,405.441,405.441,6900.0
0.7976,-35.012,-40.996,405.878,405.878,6900.0
0.7977,-33.713,-39.642,406.289,406.289,6900.0
0.7978,-31.473,-37.307,406.683,406.683,6900.0
0.7979,-29.017,-34.718,407.044,407.044,6900.0
0.798,-32.57,-38.1,407.298,407.298,6900.0
0.7981,-36.342,-41.663,407.551,407.551,6900.0
0.7982,-32.539,-37.614,407.929,407.929,6900.0
0.7983,-27.615,-32.409,408.247,408.247,6900.0
0.7984,-35.282,-39.759,408.332,408.332,6900.0
0.7985,-29.008,-33.135,408.639,408.639,6900.0
0.7986,-35.498,-39.243,408.708,408.708,6900.0
0.7987,-27.822,-31.154,409.003,409.003,6900.0
0.7988,-32.401,-35.292,409.059,409.059,6900.0
0.7989,-29.093,-31.516,409.208,409.208,6900.0
0.799,-31.719,-33.648,409.268,409.268,6900.0
0.7991,-32.983,-34.394,409.28,409.28,6900.0
0.7992,-26.55,-27.422,409.404,409.404,6900.0
0.7993,-26.468,-26.783,409.436,409.436,6900.0
0.7994,-31.842,-31.582,409.335,409.335,6900.0
0.7995,-22.03,-21.18,409.44,409.44,6900.0
0.7996,-30.664,-29.212,409.246,409.246,6900.0
0.7997,-24.809,-22.745,409.207,409.207,6900.0
0.7998,-25.807,-23.122,409.096,409.096,6900.0
0.7999,-32.508,-29.198,408.866,408.866,6900.0
0.8,-22.955,-19.017,408.835,408.835,6900.0
0.8001,-31.61,-27.045,408.49,408.49,6900.0
0.8002,-18.629,-13.438,408.424,408.424,6900.0
0.8003,-25.704,-19.892,408.05,408.05,6900.0
0.8004,-25.594,-19.168,407.783,407.783,6900.0
0.8005,-16.692,-9.662,407.588,407.588,6900.0
0.8006,-25.615,-17.992,407.123,407.123,6900.0
0.8007,-19.301,-11.1,406.826,406.826,6900.0
0.8008,-25.597,-16.834,406.35,406.35,6900.0
0.8009,-17.241,-7.936,406.044,406.044,6900.0
0.801,-19.995,-10.168,405.554,405.554,6900.0
0.8011,-20.886,-10.56,405.049,405.049,6900.0
0.8012,-20.175,-9.376,404.545,404.545,6900.0
0.8013,-17.957,-6.71,404.03,404.03,6900.0
0.8014,-14.59,-2.925,403.501,403.501,6900.0
0.8015,-9.843,2.21,402.964,402.964,6900.0
0.8016,-16.617,-4.207,402.306,402.306,6900.0
0.8017,-8.124,4.609,401.752,401.752,6900.0
0.8018,-11.76,1.261,401.091,401.091,6900.0
0.8019,-13.382,-0.108,400.428,400.428,6900.0
0.802,-0.0,13.491,399.817,399.817,6900.0
0.8021,-0.0,13.67,399.152,399.152,6900.0
0.8022,-0.0,13.811,398.487,398.487,6900.0
0.8023,-0.0,13.913,397.82,397.82,6900.0
0.8024,-0.0,13.976,397.152,397.152,6900.0
0.8025,-0.0,14.0,396.483,396.483,6900.0
0.8026,-0.0,13.984,395.813,395.813,6900.0
0.8027,-0.0,13.929,395.142,395.142,6900.0
0.8028,-0.0,13.834,394.469,394.469,6900.0
0.8029,-0.0,13.701,393.796,393.796,6900.0
0.803,-0.0,13.53,393.132,393.132,6900.0
0.8031,-0.0,13.321,392.474,392.474,6900.0
0.8032,-0.0,13.075,391.826,391.826,6900.0
0.8033,8.946,21.739,391.179,391.179,6900.0
0.8034,6.673,19.15,390.582,390.582,6900.0
0.8035,12.429,24.556,389.968,389.968,6900.0
0.8036,11.039,22.784,389.411,389.411,6900.0
0.8037,4.526,15.858,388.922,388.922,6900.0
0.8038,12.828,23.719,388.386,388.386,6900.0
0.8039,17.156,27.578,387.898,387.898,6900.0
0.804,10.733,20.661,387.571,387.571,6900.0
0.8041,18.526,27.937,387.15,387.15,6900.0
0.8042,21.408,30.28,386.804,386.804,6900.0
0.8043,19.205,27.519,386.59,386.59,6900.0
0.8044,24.912,32.651,386.336,386.336,6900.0
0.8045,31.287,38.437,386.099,386.099,6900.0
0.8046,25.666,32.214,386.117,386.117,6900.0
0.8047,27.184,33.119,386.048,386.048,6900.0
0.8048,29.141,34.457,386.02,386.02,6900.0
0.8049,25.498,30.188,386.14,386.14,6900.0
0.805,35.521,39.584,386.086,386.086,6900.0
0.8051,34.595,38.03,386.352,386.352,6900.0
0.8052,34.994,37.803,386.602,386.602,6900.0
0.8053,36.453,38.64,386.926,386.926,6900.0
0.8054,38.375,39.949,387.247,387.247,6900.0
0.8055,41.531,42.501,387.652,387.652,6900.0
0.8056,39.334,39.711,388.213,388.213,6900.0
0.8057,38.101,37.9,388.802,388.802,6900.0
0.8058,42.798,42.036,389.29,389.29,6900.0
0.8059,47.621,46.316,389.802,389.802,6900.0
0.806,46.065,44.238,390.532,390.532,6900.0
0.8061,44.72,42.394,391.253,391.253,6900.0
0.8062,44.182,41.383,392.026,392.026,6900.0
0.8063,43.505,40.258,392.822,392.822,6900.0
0.8064,43.235,39.57,393.602,393.602,6900.0
0.8065,43.506,39.452,394.427,394.427,6900.0
0.8066,43.905,39.495,395.261,395.261,6900.0
0.8067,45.28,40.548,396.13,396.13,6900.0
0.8068,46.579,41.557,397.004,397.004,6900.0
0.8069,48.106,42.831,397.879,397.879,6900.0
0.807,49.532,44.041,398.765,398.765,6900.0
0.8071,49.966,44.296,399.639,399.639,6900.0
0.8072,50.212,44.402,400.524,400.524,6900.0
0.8073,49.69,43.777,401.408,401.408,6900.0
0.8074,49.062,43.085,402.273,402.273,6900.0
0.8075,48.147,42.147,403.117,403.117,6900.0
0.8076,46.217,40.233,403.959,403.959,6900.0
0.8077,44.101,38.172,404.776,404.776,6900.0
0.8078,41.793,35.958,405.565,405.565,6900.0
0.8079,46.34,40.639,406.179,406.179,6900.0
0.808,51.037,45.507,406.777,406.777,6900.0
0.8081,48.001,42.68,407.542,407.542,6900.0
0.8082,44.008,38.933,408.276,408.276,6900.0
0.8083,39.194,34.401,408.951,408.951,6900.0
0.8084,40.392,35.915,409.416,409.416,6900.0
0.8085,40.957,36.83,409.881,409.881,6900.0
0.8086,33.422,29.677,410.422,410.422,6900.0
0.8087,37.928,34.596,410.679,410.679,6900.0
0.8088,41.41,38.518,410.893,410.893,6900.0
0.8089,30.694,28.272,411.363,411.363,6900.0
0.809,32.687,30.759,411.524,411.524,6900.0
0.8091,27.459,26.047,411.767,411.767,6900.0
0.8092,34.956,34.083,411.739,411.739,6900.0
0.8093,27.918,27.603,411.923,411.923,6900.0
0.8094,26.012,26.272,411.94,411.94,6900.0
0.8095,29.765,30.615,411.834,411.834,6900.0
0.8096,19.373,20.826,411.876,411.876,6900.0
0.8097,28.657,30.722,411.608,411.608,6900.0
0.8098,22.376,25.061,411.484,411.484,6900.0
0.8099,13.667,16.976,411.297,411.297,6900.0
0.81,23.468,27.405,410.89,410.89,6900.0
0.8101,19.113,23.678,410.584,410.584,6900.0
0.8102,8.428,13.619,410.291,410.291,6900.0
0.8103,16.693,22.505,409.811,409.811,6900.0
0.8104,8.83,15.256,409.418,409.418,6900.0
0.8105,12.751,19.781,408.874,408.874,6900.0
0.8106,8.577,16.2,408.363,408.363,6900.0
0.8107,10.282,18.483,407.803,407.803,6900.0
0.8108,3.953,12.716,407.231,407.231,6900.0
0.8109,2.051,11.356,406.633,406.633,6900.0
0.811,4.766,14.593,405.999,405.999,6900.0
0.8111,2.802,13.128,405.366,405.366,6900.0
0.8112,2.585,13.385,404.723,404.723,6900.0
0.8113,-0.0,11.246,404.071,404.071,6900.0
0.8114,-0.0,11.665,403.414,403.414,6900.0
0.8115,-0.0,12.053,402.755,402.755,6900.0
0.8116,-0.0,12.409,402.095,402.095,6900.0
0.8117,-0.0,12.732,401.435,401.435,6900.0
0.8118,-0.0,13.021,400.773,400.773,6900.0
0.8119,-0.0,13.274,400.11,400.11,6900.0
0.812,-0.159,13.332,399.446,399.446,6900.0
0.8121,-1.678,11.992,398.781,398.781,6900.0
0.8122,-5.315,8.496,398.115,398.115,6900.0
0.8123,-10.261,3.652,397.447,397.447,6900.0
0.8124,-15.525,-1.549,396.779,396.779,6900.0
0.8125,-21.888,-7.888,396.109,396.109,6900.0
0.8126,-16.302,-2.318,395.586,395.586,6900.0
0.8127,-27.043,-13.114,394.914,394.914,6900.0
0.8128,-26.739,-12.905,394.411,394.411,6900.0
0.8129,-27.493,-13.792,393.917,393.917,6900.0
0.813,-30.067,-16.537,393.441,393.441,6900.0
0.8131,-22.205,-8.884,393.183,393.183,6900.0
0.8132,-30.554,-17.48,392.731,392.731,6900.0
0.8133,-27.945,-15.152,392.513,392.513,6900.0
0.8134,-31.847,-19.37,392.209,392.209,6900.0
0.8135,-28.962,-16.835,392.008,392.008,6900.0
0.8136,-33.889,-22.144,391.72,391.72,6900.0
0.8137,-27.722,-16.39,391.661,391.661,6900.0
0.8138,-36.053,-25.162,391.374,391.374,6900.0
0.8139,-32.769,-22.347,391.366,391.366,6900.0
0.814,-37.071,-27.142,391.233,391.233,6900.0
0.8141,-30.411,-21.0,391.371,391.371,6900.0
0.8142,-38.523,-29.651,391.268,391.268,6900.0
0.8143,-35.458,-27.143,391.452,391.452,6900.0
0.8144,-40.851,-33.112,391.518,391.518,6900.0
0.8145,-34.532,-27.382,391.88,391.88,6900.0
0.8146,-35.295,-28.747,392.108,392.108,6900.0
0.8147,-42.974,-37.038,392.187,392.187,6900.0
0.8148,-38.424,-33.108,392.586,392.586,6900.0
0.8149,-34.613,-29.922,392.967,392.967,6900.0
0.815,-44.745,-40.683,393.071,393.071,6900.0
0.8151,-36.088,-32.653,393.643,393.643,6900.0
0.8152,-40.53,-37.721,393.929,393.929,6900.0
0.8153,-39.688,-37.5,394.303,394.303,6900.0
0.8154,-40.477,-38.903,394.72,394.72,6900.0
0.8155,-36.775,-35.805,395.274,395.274,6900.0
0.8156,-40.397,-40.02,395.682,395.682,6900.0
0.8157,-44.271,-44.472,396.129,396.129,6900.0
0.8158,-42.128,-42.89,396.716,396.716,6900.0
0.8159,-40.134,-41.439,397.279,397.279,6900.0
0.816,-39.008,-40.835,397.833,397.833,6900.0
0.8161,-37.891,-40.217,398.395,398.395,6900.0
0.8162,-36.048,-38.847,398.949,398.949,6900.0
0.8163,-34.525,-37.772,399.491,399.491,6900.0
0.8164,-39.314,-42.979,399.901,399.901,6900.0
0.8165,-38.638,-42.691,400.44,400.44,6900.0
0.8166,-38.687,-43.097,400.976,400.976,6900.0
0.8167,-32.378,-37.111,401.634,401.634,6900.0
0.8168,-33.361,-38.382,402.152,402.152,6900.0
0.8169,-34.287,-39.562,402.662,402.662,6900.0
0.817,-35.326,-40.817,403.159,403.159,6900.0
0.8171,-36.412,-42.082,403.653,403.653,6900.0
0.8172,-36.799,-42.61,404.127,404.127,6900.0
0.8173,-37.127,-43.04,404.573,404.573,6900.0
0.8174,-36.514,-42.49,405.017,405.017,6900.0
0.8175,-34.948,-40.948,405.466,405.466,6900.0
0.8176,-33.194,-39.178,405.866,405.866,6900.0
0.8177,-31.095,-37.024,406.243,406.243,6900.0
0.8178,-29.222,-35.056,406.64,406.64,6900.0
0.8179,-33.387,-39.089,406.911,406.911,6900.0
0.818,-37.085,-42.614,407.185,407.185,6900.0
0.8181,-33.916,-39.237,407.553,407.553,6900.0
0.8182,-30.459,-35.534,407.896,407.896,6900.0
0.8183,-26.838,-31.631,408.209,408.209,6900.0
0.8184,-35.611,-40.088,408.29,408.29,6900.0
0.8185,-29.692,-33.819,408.615,408.615,6900.0
0.8186,-35.914,-39.659,408.662,408.662,6900.0
0.8187,-27.587,-30.92,408.961,408.961,6900.0
0.8188,-31.63,-34.521,409.004,409.004,6900.0
0.8189,-27.902,-30.324,409.126,409.126,6900.0
0.819,-30.26,-32.188,409.189,409.189,6900.0
0.8191,-31.449,-32.86,409.198,409.198,6900.0
0.8192,-25.0,-25.872,409.356,409.356,6900.0
0.8193,-24.144,-24.458,409.373,409.373,6900.0
0.8194,-29.459,-29.199,409.3,409.3,6900.0
0.8195,-34.402,-33.552,409.176,409.176,6900.0
0.8196,-24.926,-23.473,409.31,409.31,6900.0
0.8197,-33.408,-31.343,409.081,409.081,6900.0
0.8198,-25.991,-23.307,409.091,409.091,6900.0
0.8199,-24.43,-21.121,408.975,408.975,6900.0
0.82,-29.232,-25.294,408.708,408.708,6900.0
0.8201,-19.913,-15.348,408.668,408.668,6900.0
0.8202,-27.97,-22.779,408.322,408.322,6900.0
0.8203,-20.145,-14.333,408.144,408.144,6900.0
0.8204,-24.22,-17.794,407.771,407.771,6900.0
0.8205,-21.031,-14.001,407.494,407.494,6900.0
0.8206,-24.476,-16.853,407.133,407.133,6900.0
0.8207,-19.0,-10.799,406.807,406.807,6900.0
0.8208,-25.282,-16.519,406.329,406.329,6900.0
0.8209,-16.531,-7.225,406.016,406.016,6900.0
0.821,-19.848,-10.021,405.52,405.52,6900.0
0.8211,-22.348,-12.022,405.019,405.019,6900.0
0.8212,-22.693,-11.893,404.52,404.52,6900.0
0.8213,-20.811,-9.564,404.007,404.007,6900.0
0.8214,-17.11,-5.445,403.484,403.484,6900.0
0.8215,-11.449,0.604,402.951,402.951,6900.0
0.8216,-17.996,-5.586,402.292,402.292,6900.0
0.8217,-9.165,3.568,401.739,401.739,6900.0
0.8218,-12.592,0.43,401.078,401.078,6900.0
0.8219,-14.177,-0.903,400.415,400.415,6900.0
0.822,-0.576,12.915,399.808,399.808,6900.0
0.8221,-0.0,13.67,399.144,399.144,6900.0
0.8222,-0.0,13.811,398.478,398.478,6900.0
0.8223,-0.0,13.913,397.811,397.811,6900.0
0.8224,-0.0,13.976,397.144,397.144,6900.0
0.8225,-0.0,14.0,396.475,396.475,6900.0
0.8226,-0.0,13.984,395.804,395.804,6900.0
0.8227,-0.0,13.929,395.133,395.133,6900.0
0.8228,-0.0,13.834,394.461,394.461,6900.0
0.8229,-0.0,13.701,393.787,393.787,6900.0
0.823,-0.0,13.53,393.124,393.124,6900.0
0.8231,2.076,15.397,392.463,392.463,6900.0
0.8232,2.009,15.084,391.821,391.821,6900.0
0.8233,3.798,16.591,391.196,391.196,6900.0
0.8234,6.583,19.06,390.554,390.554,6900.0
0.8235,3.962,16.089,389.989,389.989,6900.0
0.8236,10.329,22.074,389.413,389.413,6900.0
0.8237,11.844,23.177,388.861,388.861,6900.0
0.8238,14.234,25.126,388.359,388.359,6900.0
0.8239,11.963,22.385,387.931,387.931,6900.0
0.824,17.841,27.769,387.477,387.477,6900.0
0.8241,13.058,22.469,387.186,387.186,6900.0
0.8242,22.321,31.193,386.815,386.815,6900.0
0.8243,19.782,28.096,386.577,386.577,6900.0
0.8244,24.849,32.589,386.329,386.329,6900.0
0.8245,30.469,37.619,386.084,386.084,6900.0
0.8246,24.263,30.81,386.112,386.112,6900.0
0.8247,31.595,37.53,385.96,385.96,6900.0
0.8248,33.849,39.165,385.941,385.941,6900.0
0.8249,31.056,35.747,386.104,386.104,6900.0
0.825,35.254,39.317,386.124,386.124,6900.0
0.8251,34.03,37.464,386.38,386.38,6900.0
0.8252,40.303,43.112,386.491,386.491,6900.0
0.8253,35.651,37.839,386.937,386.937,6900.0
0.8254,38.565,40.139,387.251,387.251,6900.0
0.8255,42.031,43.001,387.63,387.63,6900.0
0.8256,39.145,39.523,388.198,388.198,6900.0
0.8257,42.858,42.657,388.623,388.623,6900.0
0.8258,47.214,46.452,389.128,389.128,6900.0
0.8259,45.814,44.509,389.807,389.807,6900.0
0.826,44.164,42.337,390.518,390.518,6900.0
0.8261,42.599,40.273,391.253,391.253,6900.0
0.8262,41.578,38.779,391.991,391.991,6900.0
0.8263,47.28,44.033,392.589,392.589,6900.0
0.8264,47.936,44.271,393.386,393.386,6900.0
0.8265,48.684,44.631,394.209,394.209,6900.0
0.8266,49.763,45.353,395.058,395.058,6900.0
0.8267,44.731,39.999,396.116,396.116,6900.0
0.8268,45.498,40.477,397.002,397.002,6900.0
0.8269,46.655,41.38,397.88,397.88,6900.0
0.827,47.298,41.807,398.748,398.748,6900.0
0.8271,47.839,42.169,399.634,399.634,6900.0
0.8272,48.156,42.345,400.496,400.496,6900.0
0.8273,47.468,41.555,401.353,401.353,6900.0
0.8274,46.639,40.663,402.226,402.226,6900.0
0.8275,45.401,39.401,403.069,403.069,6900.0
0.8276,44.342,38.358,403.916,403.916,6900.0
0.8277,43.198,37.27,404.733,404.733,6900.0
0.8278,41.208,35.374,405.502,405.502,6900.0
0.8279,52.014,46.313,405.936,405.936,6900.0
0.828,49.134,43.604,406.73,406.73,6900.0
0.8281,46.241,40.92,407.474,407.474,6900.0
0.8282,42.778,37.703,408.2,408.2,6900.0
0.8283,38.131,33.338,408.842,408.842,6900.0
0.8284,45.521,41.044,409.171,409.171,6900.0
0.8285,38.663,34.536,409.789,409.789,6900.0
0.8286,37.753,34.008,410.175,410.175,6900.0
0.8287,36.273,32.941,410.576,410.576,6900.0
0.8288,40.378,37.487,410.758,410.758,6900.0
0.8289,30.021,27.599,411.202,411.202,6900.0
0.829,32.165,30.237,411.349,411.349,6900.0
0.8291,33.392,31.981,411.471,411.471,6900.0
0.8292,33.795,32.923,411.548,411.548,6900.0
0.8293,33.674,33.36,411.64,411.64,6900.0
0.8294,25.925,26.186,411.78,411.78,6900.0
0.8295,30.064,30.914,411.678,411.678,6900.0
0.8296,18.781,20.234,411.717,411.717,6900.0
0.8297,26.371,28.435,411.467,411.467,6900.0
0.8298,19.644,22.329,411.321,411.321,6900.0
0.8299,19.745,23.055,411.104,411.104,6900.0
0.83,24.553,28.49,410.771,410.771,6900.0
0.8301,12.841,17.406,410.532,410.532,6900.0
0.8302,20.279,25.47,410.064,410.064,6900.0
0.8303,6.545,12.357,409.727,409.727,6900.0
0.8304,13.264,19.69,409.211,409.211,6900.0
0.8305,11.884,18.915,408.742,408.742,6900.0
0.8306,1.407,9.029,408.264,408.264,6900.0
0.8307,9.521,17.722,407.675,407.675,6900.0
0.8308,2.299,11.062,407.118,407.118,6900.0
0.8309,2.869,12.174,406.513,406.513,6900.0
0.831,5.078,14.905,405.884,405.884,6900.0
0.8311,2.832,13.157,405.254,405.254,6900.0
0.8312,2.496,13.296,404.61,404.61,6900.0
0.8313,-0.0,11.246,403.958,403.958,6900.0
0.8314,-0.0,11.665,403.3,403.3,6900.0
0.8315,-0.0,12.053,402.641,402.641,6900.0
0.8316,-0.0,12.409,401.982,401.982,6900.0
0.8317,-0.0,12.732,401.321,401.321,6900.0
0.8318,-0.0,13.021,400.659,400.659,6900.0
0.8319,-0.0,13.274,399.996,399.996,6900.0
0.832,-0.06,13.431,399.331,399.331,6900.0
0.8321,-0.982,12.688,398.666,398.666,6900.0
0.8322,-3.66,10.151,398.0,398.0,6900.0
0.8323,-7.802,6.111,397.332,397.332,6900.0
0.8324,-13.971,0.005,396.663,396.663,6900.0
0.8325,-21.31,-7.31,395.994,395.994,6900.0
0.8326,-15.502,-1.518,395.472,395.472,6900.0
0.8327,-24.942,-11.013,394.801,394.801,6900.0
0.8328,-23.232,-9.398,394.296,394.296,6900.0
0.8329,-24.911,-11.209,393.808,393.808,6900.0
0.833,-29.206,-15.676,393.33,393.33,6900.0
0.8331,-27.762,-14.441,392.976,392.976,6900.0
0.8332,-27.386,-14.311,392.621,392.621,6900.0
0.8333,-29.494,-16.7,392.295,392.295,6900.0
0.8334,-34.204,-21.727,391.968,391.968,6900.0
0.8335,-27.697,-15.57,391.889,391.889,6900.0
0.8336,-34.367,-22.621,391.6,391.6,6900.0
0.8337,-34.28,-22.947,391.42,391.42,6900.0
0.8338,-28.761,-17.87,391.396,391.396,6900.0
0.8339,-37.657,-27.234,391.124,391.124,6900.0
0.834,-35.149,-25.22,391.137,391.137,6900.0
0.8341,-34.344,-24.932,391.172,391.172,6900.0
0.8342,-41.449,-32.577,391.046,391.046,6900.0
0.8343,-37.354,-29.039,391.246,391.246,6900.0
0.8344,-35.316,-27.577,391.45,391.45,6900.0
0.8345,-41.312,-34.162,391.509,391.509,6900.0
0.8346,-42.644,-36.096,391.756,391.756,6900.0
0.8347,-38.785,-32.85,392.154,392.154,6900.0
0.8348,-41.889,-36.574,392.354,392.354,6900.0
0.8349,-38.688,-33.998,392.777,392.777,6900.0
0.835,-35.812,-31.749,393.182,393.182,6900.0
0.8351,-39.736,-36.302,393.452,393.452,6900.0
0.8352,-44.8,-41.991,393.695,393.695,6900.0
0.8353,-37.654,-35.466,394.26,394.26,6900.0
0.8354,-43.622,-42.048,394.5,394.5,6900.0
0.8355,-37.926,-36.956,395.084,395.084,6900.0
0.8356,-39.789,-39.411,395.494,395.494,6900.0
0.8357,-44.002,-44.203,395.925,395.925,6900.0
0.8358,-42.618,-43.381,396.514,396.514,6900.0
0.8359,-41.192,-42.497,397.101,397.101,6900.0
0.836,-40.254,-42.081,397.691,397.691,6900.0
0.8361,-39.234,-41.559,398.252,398.252,6900.0
0.8362,-38.761,-41.56,398.83,398.83,6900.0
0.8363,-38.179,-41.425,399.395,399.395,6900.0
0.8364,-36.836,-40.501,399.929,399.929,6900.0
0.8365,-35.746,-39.799,400.466,400.466,6900.0
0.8366,-34.554,-38.964,400.969,400.969,6900.0
0.8367,-34.056,-38.789,401.483,401.483,6900.0
0.8368,-34.241,-39.262,401.999,401.999,6900.0
0.8369,-34.45,-39.724,402.52,402.52,6900.0
0.837,-35.503,-40.994,403.024,403.024,6900.0
0.8371,-36.394,-42.064,403.519,403.519,6900.0
0.8372,-37.136,-42.947,403.997,403.997,6900.0
0.8373,-37.869,-43.782,404.459,404.459,6900.0
0.8374,-37.946,-43.922,404.892,404.892,6900.0
0.8375,-37.874,-43.874,405.328,405.328,6900.0
0.8376,-36.799,-42.783,405.75,405.75,6900.0
0.8377,-34.594,-40.523,406.16,406.16,6900.0
0.8378,-32.025,-37.86,406.538,406.538,6900.0
0.8379,-28.973,-34.675,406.904,406.904,6900.0
0.838,-32.492,-38.022,407.157,407.157,6900.0
0.8381,-35.837,-41.158,407.403,407.403,6900.0
0.8382,-31.591,-36.665,407.757,407.757,6900.0
0.8383,-27.086,-31.879,408.089,408.089,6900.0
0.8384,-35.468,-39.945,408.205,408.205,6900.0
0.8385,-30.23,-34.357,408.534,408.534,6900.0
0.8386,-30.665,-34.41,408.707,408.707,6900.0
0.8387,-30.08,-33.412,408.893,408.893,6900.0
0.8388,-34.761,-37.652,408.934,408.934,6900.0
0.8389,-24.764,-27.187,409.207,409.207,6900.0
0.839,-33.735,-35.663,409.137,409.137,6900.0
0.8391,-28.234,-29.645,409.303,409.303,6900.0
0.8392,-28.445,-29.318,409.32,409.32,6900.0
0.8393,-27.67,-27.985,409.331,409.331,6900.0
0.8394,-25.866,-25.605,409.352,409.352,6900.0
0.8395,-29.364,-28.514,409.236,409.236,6900.0
0.8396,-25.382,-23.93,409.23,409.23,6900.0
0.8397,-21.479,-19.415,409.211,409.211,6900.0
0.8398,-30.028,-27.343,409.008,409.008,6900.0
0.8399,-22.512,-19.202,408.94,408.94,6900.0
0.84,-26.389,-22.452,408.71,408.71,6900.0
0.8401,-21.974,-17.408,408.528,408.528,6900.0
0.8402,-31.214,-26.023,408.172,408.172,6900.0
0.8403,-19.462,-13.65,408.111,408.111,6900.0
0.8404,-25.268,-18.842,407.744,407.744,6900.0
0.8405,-28.794,-21.764,407.369,407.369,6900.0
0.8406,-23.586,-15.963,407.095,407.095,6900.0
0.8407,-17.66,-9.459,406.796,406.796,6900.0
0.8408,-24.214,-15.451,406.327,406.327,6900.0
0.8409,-15.487,-6.182,405.997,405.997,6900.0
0.841,-18.019,-8.192,405.503,405.503,6900.0
0.8411,-19.358,-9.032,405.008,405.008,6900.0
0.8412,-19.335,-8.536,404.504,404.504,6900.0
0.8413,-18.314,-7.067,403.986,403.986,6900.0
0.8414,-15.531,-3.866,403.463,403.463,6900.0
0.8415,-10.711,1.342,402.93,402.93,6900.0
0.8416,-17.883,-5.474,402.27,402.27,6900.0
0.8417,-9.341,3.392,401.718,401.718,6900.0
0.8418,-12.806,0.216,401.056,401.056,6900.0
0.8419,-14.433,-1.158,400.394,400.394,6900.0
0.842,-0.897,12.594,399.789,399.789,6900.0
0.8421,-0.0,13.67,399.125,399.125,6900.0
0.8422,-0.0,13.811,398.459,398.459,6900.0
0.8423,-0.0,13.913,397.792,397.792,6900.0
0.8424,-0.0,13.976,397.125,397.125,6900.0
0.8425,-0.0,14.0,396.456,396.456,6900.0
0.8426,-0.0,13.984,395.785,395.785,6900.0
0.8427,-0.0,13.929,395.114,395.114,6900.0
0.8428,-0.0,13.834,394.442,394.442,6900.0
0.8429,-0.0,13.701,393.768,393.768,6900.0
0.843,-0.0,13.53,393.103,393.103,6900.0
0.8431,-0.0,13.321,392.446,392.446,6900.0
0.8432,-0.0,13.075,391.801,391.801,6900.0
0.8433,5.16,17.953,391.171,391.171,6900.0
0.8434,8.524,21.001,390.55,390.55,6900.0
0.8435,4.929,17.056,389.976,389.976,6900.0
0.8436,9.04,20.785,389.397,389.397,6900.0
0.8437,8.607,19.939,388.849,388.849,6900.0
0.8438,17.732,28.623,388.3,388.3,6900.0
0.8439,9.598,20.021,387.93,387.93,6900.0
0.844,22.185,32.114,387.41,387.41,6900.0
0.8441,17.089,26.5,387.142,387.142,6900.0
0.8442,20.436,29.309,386.824,386.824,6900.0
0.8443,18.625,26.939,386.592,386.592,6900.0
0.8444,18.112,25.852,386.418,386.418,6900.0
0.8445,30.9,38.05,386.113,386.113,6900.0
0.8446,25.093,31.64,386.159,386.159,6900.0
0.8447,25.834,31.769,386.095,386.095,6900.0
0.8448,33.447,38.763,385.976,385.976,6900.0
0.8449,29.238,33.929,386.101,386.101,6900.0
0.845,39.721,43.784,386.038,386.038,6900.0
0.8451,32.371,35.806,386.427,386.427,6900.0
0.8452,38.605,41.415,386.568,386.568,6900.0
0.8453,33.239,35.427,386.987,386.987,6900.0
0.8454,41.78,43.354,387.21,387.21,6900.0
0.8455,39.199,40.169,387.734,387.734,6900.0
0.8456,37.739,38.116,388.314,388.314,6900.0
0.8457,42.421,42.221,388.752,388.752,6900.0
0.8458,47.079,46.316,389.252,389.252,6900.0
0.8459,45.218,43.913,389.96,389.96,6900.0
0.846,43.461,41.634,390.648,390.648,6900.0
0.8461,42.334,40.009,391.371,391.371,6900.0
0.8462,47.243,44.443,391.943,391.943,6900.0
0.8463,52.653,49.406,392.549,392.549,6900.0
0.8464,52.184,48.519,393.374,393.374,6900.0
0.8465,52.066,48.013,394.229,394.229,6900.0
0.8466,53.221,48.811,395.058,395.058,6900.0
0.8467,54.525,49.792,395.89,395.89,6900.0
0.8468,49.629,44.608,396.936,396.936,6900.0
0.8469,45.038,39.764,398.002,398.002,6900.0
0.847,45.896,40.405,398.904,398.904,6900.0
0.8471,46.715,41.045,399.793,399.793,6900.0
0.8472,46.782,40.971,400.658,400.658,6900.0
0.8473,46.616,40.703,401.519,401.519,6900.0
0.8474,46.032,40.056,402.372,402.372,6900.0
0.8475,44.281,38.281,403.229,403.229,6900.0
0.8476,42.406,36.422,404.027,404.027,6900.0
0.8477,53.418,47.489,404.49,404.49,6900.0
0.8478,51.625,45.791,405.298,405.298,6900.0
0.8479,49.845,44.143,406.093,406.093,6900.0
0.848,47.192,41.663,406.864,406.864,6900.0
0.8481,43.875,38.555,407.62,407.62,6900.0
0.8482,40.007,34.932,408.305,408.305,6900.0
0.8483,42.388,37.594,408.807,408.807,6900.0
0.8484,44.25,39.774,409.306,409.306,6900.0
0.8485,37.921,33.794,409.931,409.931,6900.0
0.8486,43.515,39.77,410.201,410.201,6900.0
0.8487,34.705,31.373,410.73,410.73,6900.0
0.8488,38.511,35.62,410.939,410.939,6900.0
0.8489,34.66,32.237,411.25,411.25,6900.0
0.849,30.278,28.349,411.527,411.527,6900.0
0.8491,31.574,30.163,411.657,411.657,6900.0
0.8492,25.365,24.493,411.857,411.857,6900.0
0.8493,31.446,31.132,411.807,411.807,6900.0
0.8494,23.191,23.451,411.942,411.942,6900.0
0.8495,27.659,28.509,411.861,411.861,6900.0
0.8496,31.519,32.972,411.699,411.699,6900.0
0.8497,20.153,22.218,411.736,411.736,6900.0
0.8498,26.616,29.301,411.42,411.42,6900.0
0.8499,17.698,21.007,411.258,411.258,6900.0
0.85,15.273,19.211,410.975,410.975,6900.0
0.8501,19.355,23.92,410.601,410.601,6900.0
0.8502,8.354,13.545,410.314,410.314,6900.0
0.8503,14.759,20.571,409.821,409.821,6900.0
0.8504,12.583,19.009,409.37,409.37,6900.0
0.8505,9.493,16.523,408.893,408.893,6900.0
0.8506,6.069,13.691,408.365,408.365,6900.0
0.8507,1.636,9.837,407.83,407.83,6900.0
0.8508,8.165,16.928,407.219,407.219,6900.0
0.8509,1.772,11.077,406.631,406.631,6900.0
0.851,1.681,11.508,406.014,406.014,6900.0
0.8511,-0.0,10.325,405.378,405.378,6900.0
0.8512,-0.0,10.799,404.733,404.733,6900.0
0.8513,-0.0,11.246,404.081,404.081,6900.0
0.8514,-0.0,11.665,403.424,403.424,6900.0
0.8515,-0.0,12.053,402.765,402.765,6900.0
0.8516,-0.0,12.409,402.105,402.105,6900.0
0.8517,-0.0,12.732,401.445,401.445,6900.0
0.8518,-0.0,13.021,400.783,400.783,6900.0
0.8519,-0.0,13.274,400.12,400.12,6900.0
0.852,-0.046,13.445,399.456,399.456,6900.0
0.8521,-1.643,12.027,398.791,398.791,6900.0
0.8522,-4.582,9.229,398.125,398.125,6900.0
0.8523,-8.154,5.759,397.457,397.457,6900.0
0.8524,-13.068,0.908,396.789,396.789,6900.0
0.8525,-19.237,-5.237,396.119,396.119,6900.0
0.8526,-14.381,-0.397,395.603,395.603,6900.0
0.8527,-24.592,-10.664,394.933,394.933,6900.0
0.8528,-22.692,-8.857,394.427,394.427,6900.0
0.8529,-22.86,-9.159,393.94,393.94,6900.0
0.853,-25.779,-12.25,393.467,393.467,6900.0
0.8531,-32.18,-18.859,393.0,393.0,6900.0
0.8532,-27.66,-14.585,392.758,392.758,6900.0
0.8533,-30.009,-17.216,392.441,392.441,6900.0
0.8534,-32.504,-20.027,392.111,392.111,6900.0
0.8535,-29.847,-17.72,391.921,391.921,6900.0
0.8536,-36.145,-24.4,391.611,391.611,6900.0
0.8537,-37.314,-25.981,391.444,391.444,6900.0
0.8538,-38.923,-28.032,391.298,391.298,6900.0
0.8539,-28.519,-18.097,391.4,391.4,6900.0
0.854,-38.805,-28.877,391.134,391.134,6900.0
0.8541,-31.661,-22.25,391.306,391.306,6900.0
0.8542,-39.149,-30.276,391.217,391.217,6900.0
0.8543,-35.354,-27.04,391.407,391.407,6900.0
0.8544,-39.995,-32.255,391.463,391.463,6900.0
0.8545,-33.038,-25.888,391.793,391.793,6900.0
0.8546,-39.825,-33.277,391.892,391.892,6900.0
0.8547,-41.184,-35.249,392.097,392.097,6900.0
0.8548,-43.794,-38.478,392.356,392.356,6900.0
0.8549,-34.377,-29.687,392.885,392.885,6900.0
0.855,-44.785,-40.722,392.988,392.988,6900.0
0.8551,-35.78,-32.345,393.558,393.558,6900.0
0.8552,-40.258,-37.449,393.836,393.836,6900.0
0.8553,-39.174,-36.986,394.231,394.231,6900.0
0.8554,-40.035,-38.461,394.672,394.672,6900.0
0.8555,-35.351,-34.382,395.199,395.199,6900.0
0.8556,-43.803,-43.426,395.487,395.487,6900.0
0.8557,-40.382,-40.583,396.077,396.077,6900.0
0.8558,-37.744,-38.506,396.65,396.65,6900.0
0.8559,-36.63,-37.935,397.206,397.206,6900.0
0.856,-35.967,-37.794,397.778,397.778,6900.0
0.8561,-34.858,-37.184,398.323,398.323,6900.0
0.8562,-33.959,-36.759,398.877,398.877,6900.0
0.8563,-39.167,-42.414,399.278,399.278,6900.0
0.8564,-38.531,-42.196,399.815,399.815,6900.0
0.8565,-38.072,-42.125,400.339,400.339,6900.0
0.8566,-43.835,-48.244,400.716,400.716,6900.0
0.8567,-43.499,-48.231,401.241,401.241,6900.0
0.8568,-43.131,-48.152,401.758,401.758,6900.0
0.8569,-43.308,-48.582,402.266,402.266,6900.0
0.857,-37.326,-42.817,402.917,402.917,6900.0
0.8571,-31.459,-37.129,403.541,403.541,6900.0
0.8572,-32.513,-38.324,404.037,404.037,6900.0
0.8573,-33.051,-38.964,404.519,404.519,6900.0
0.8574,-32.991,-38.967,404.964,404.964,6900.0
0.8575,-32.651,-38.651,405.406,405.406,6900.0
0.8576,-31.566,-37.55,405.824,405.824,6900.0
0.8577,-30.261,-36.19,406.246,406.246,6900.0
0.8578,-28.129,-33.964,406.615,406.615,6900.0
0.8579,-38.237,-43.938,406.737,406.737,6900.0
0.858,-34.802,-40.332,407.137,407.137,6900.0
0.8581,-31.039,-36.359,407.502,407.502,6900.0
0.8582,-27.411,-32.485,407.83,407.83,6900.0
0.8583,-36.541,-41.334,407.928,407.928,6900.0
0.8584,-31.38,-35.857,408.291,408.291,6900.0
0.8585,-25.683,-29.81,408.561,408.561,6900.0
0.8586,-32.579,-36.324,408.628,408.628,6900.0
0.8587,-25.41,-28.742,408.912,408.912,6900.0
0.8588,-30.466,-33.358,408.987,408.987,6900.0
0.8589,-34.203,-36.625,409.027,409.027,6900.0
0.859,-29.804,-31.733,409.179,409.179,6900.0
0.8591,-31.069,-32.48,409.24,409.24,6900.0
0.8592,-24.309,-25.182,409.365,409.365,6900.0
0.8593,-30.038,-30.353,409.299,409.299,6900.0
0.8594,-35.266,-35.006,409.189,409.189,6900.0
0.8595,-26.044,-25.194,409.312,409.312,6900.0
0.8596,-29.208,-27.756,409.209,409.209,6900.0
0.8597,-30.532,-28.467,409.098,409.098,6900.0
0.8598,-24.32,-21.636,409.051,409.051,6900.0
0.8599,-24.949,-21.639,408.926,408.926,6900.0
0.86,-31.134,-27.196,408.68,408.68,6900.0
0.8601,-27.481,-22.915,408.532,408.532,6900.0
0.8602,-21.183,-15.992,408.361,408.361,6900.0
0.8603,-26.48,-20.668,408.017,408.017,6900.0
0.8604,-18.014,-11.588,407.821,407.821,6900.0
0.8605,-29.252,-22.221,407.358,407.358,6900.0
0.8606,-24.887,-17.264,407.08,407.08,6900.0
0.8607,-18.904,-10.703,406.784,406.784,6900.0
0.8608,-25.047,-16.285,406.308,406.308,6900.0
0.8609,-17.131,-7.826,405.996,405.996,6900.0
0.861,-21.73,-11.903,405.512,405.512,6900.0
0.8611,-24.539,-14.214,405.014,405.014,6900.0
0.8612,-18.312,-7.513,404.59,404.59,6900.0
0.8613,-23.615,-12.369,403.995,403.995,6900.0
0.8614,-20.177,-8.512,403.478,403.478,6900.0
0.8615,-15.061,-3.008,402.945,402.945,6900.0
0.8616,-14.856,-2.447,402.355,402.355,6900.0
0.8617,-12.682,0.051,401.741,401.741,6900.0
0.8618,-15.678,-2.657,401.08,401.08,6900.0
0.8619,-16.761,-3.487,400.418,400.418,6900.0
0.862,-9.353,4.138,399.803,399.803,6900.0
0.8621,-1.272,12.398,399.162,399.162,6900.0
0.8622,-0.0,13.811,398.496,398.496,6900.0
0.8623,-0.0,13.913,397.83,397.83,6900.0
0.8624,-0.0,13.976,397.162,397.162,6900.0
0.8625,-0.0,14.0,396.493,396.493,6900.0
0.8626,-0.0,13.984,395.823,395.823,6900.0
0.8627,-0.0,13.929,395.152,395.152,6900.0
0.8628,-0.0,13.834,394.479,394.479,6900.0
0.8629,-0.0,13.701,393.806,393.806,6900.0
0.863,-0.0,13.53,393.138,393.138,6900.0
0.8631,4.045,17.366,392.477,392.477,6900.0
0.8632,4.036,17.111,391.832,391.832,6900.0
0.8633,2.082,14.875,391.2,391.2,6900.0
0.8634,5.009,17.486,390.582,390.582,6900.0
0.8635,9.792,21.919,389.963,389.963,6900.0
0.8636,8.683,20.428,389.408,389.408,6900.0
0.8637,7.901,19.234,388.892,388.892,6900.0
0.8638,8.253,19.144,388.365,388.365,6900.0
0.8639,11.193,21.615,387.895,387.895,6900.0
0.864,16.732,26.661,387.426,387.426,6900.0
0.8641,11.943,21.354,387.108,387.108,6900.0
0.8642,21.557,30.429,386.721,386.721,6900.0
0.8643,19.747,28.062,386.515,386.515,6900.0
0.8644,25.822,33.562,386.276,386.276,6900.0
0.8645,19.912,27.062,386.227,386.227,6900.0
0.8646,27.162,33.71,386.066,386.066,6900.0
0.8647,28.675,34.61,385.998,385.998,6900.0
0.8648,30.665,35.98,385.971,385.971,6900.0
0.8649,32.935,37.626,385.994,385.994,6900.0
0.865,29.56,33.623,386.173,386.173,6900.0
0.8651,33.523,36.958,386.27,386.27,6900.0
0.8652,33.212,36.021,386.524,386.524,6900.0
0.8653,40.816,43.004,386.663,386.663,6900.0
0.8654,36.7,38.274,387.174,387.174,6900.0
0.8655,39.604,40.573,387.515,387.515,6900.0
0.8656,43.753,44.13,387.93,387.93,6900.0
0.8657,42.409,42.208,388.535,388.535,6900.0
0.8658,41.809,41.046,389.193,389.193,6900.0
0.8659,40.759,39.454,389.866,389.866,6900.0
0.866,45.525,43.698,390.388,390.388,6900.0
0.8661,50.468,48.143,390.943,390.943,6900.0
0.8662,48.911,46.111,391.721,391.721,6900.0
0.8663,48.166,44.919,392.504,392.504,6900.0
0.8664,47.412,43.747,393.306,393.306,6900.0
0.8665,47.169,43.116,394.13,394.13,6900.0
0.8666,47.669,43.26,394.962,394.962,6900.0
0.8667,48.379,43.646,395.813,395.813,6900.0
0.8668,50.036,45.014,396.704,396.704,6900.0
0.8669,51.588,46.313,397.566,397.566,6900.0
0.867,53.227,47.736,398.435,398.435,6900.0
0.8671,54.576,48.906,399.313,399.313,6900.0
0.8672,54.717,48.906,400.179,400.179,6900.0
0.8673,54.564,48.65,401.045,401.045,6900.0
0.8674,53.606,47.63,401.938,401.938,6900.0
0.8675,52.526,46.526,402.798,402.798,6900.0
0.8676,51.155,45.171,403.663,403.663,6900.0
0.8677,48.811,42.883,404.515,404.515,6900.0
0.8678,46.285,40.451,405.328,405.328,6900.0
0.8679,43.615,37.914,406.102,406.102,6900.0
0.868,41.344,35.814,406.839,406.839,6900.0
0.8681,38.929,33.608,407.546,407.546,6900.0
0.8682,48.77,43.695,407.922,407.922,6900.0
0.8683,44.251,39.458,408.635,408.635,6900.0
0.8684,38.821,34.344,409.271,409.271,6900.0
0.8685,39.258,35.131,409.716,409.716,6900.0
0.8686,39.016,35.271,410.14,410.14,6900.0
0.8687,37.168,33.835,410.525,410.525,6900.0
0.8688,34.267,31.376,410.891,410.891,6900.0
0.8689,36.939,34.516,411.078,411.078,6900.0
0.869,38.826,36.897,411.22,411.22,6900.0
0.8691,26.605,25.194,411.586,411.586,6900.0
0.8692,33.99,33.118,411.574,411.574,6900.0
0.8693,34.049,33.734,411.673,411.673,6900.0
0.8694,26.143,26.403,411.821,411.821,6900.0
0.8695,30.104,30.954,411.721,411.721,6900.0
0.8696,19.51,20.962,411.769,411.769,6900.0
0.8697,28.49,30.555,411.5,411.5,6900.0
0.8698,16.604,19.289,411.487,411.487,6900.0
0.8699,23.007,26.316,411.194,411.194,6900.0
0.87,19.611,23.549,410.926,410.926,6900.0
0.8701,14.739,19.304,410.619,410.619,6900.0
0.8702,15.878,21.069,410.212,410.212,6900.0
0.8703,10.45,16.262,409.839,409.839,6900.0
0.8704,17.735,24.161,409.343,409.343,6900.0
0.8705,8.581,15.612,408.911,408.911,6900.0
0.8706,11.73,19.353,408.368,408.368,6900.0
0.8707,6.594,14.795,407.834,407.834,6900.0
0.8708,7.356,16.119,407.245,407.245,6900.0
0.8709,1.812,11.117,406.654,406.654,6900.0
0.871,1.435,11.262,406.036,406.036,6900.0
0.8711,4.322,14.648,405.397,405.397,6900.0
0.8712,-0.0,10.799,404.756,404.756,6900.0
0.8713,-0.0,11.246,404.104,404.104,6900.0
0.8714,-0.0,11.665,403.446,403.446,6900.0
0.8715,-0.0,12.053,402.788,402.788,6900.0
0.8716,-0.0,12.409,402.128,402.128,6900.0
0.8717,-0.0,12.732,401.467,401.467,6900.0
0.8718,-0.0,13.021,400.806,400.806,6900.0
0.8719,-0.0,13.274,400.143,400.143,6900.0
0.872,0.021,13.512,399.479,399.479,6900.0
0.8721,-0.853,12.817,398.814,398.814,6900.0
0.8722,-3.458,10.353,398.148,398.148,6900.0
0.8723,-8.288,5.625,397.48,397.48,6900.0
0.8724,-14.503,-0.527,396.812,396.812,6900.0
0.8725,-20.995,-6.995,396.143,396.143,6900.0
0.8726,-15.298,-1.314,395.618,395.618,6900.0
0.8727,-24.985,-11.056,394.946,394.946,6900.0
0.8728,-24.143,-10.309,394.444,394.444,6900.0
0.8729,-25.663,-11.962,393.953,393.953,6900.0
0.873,-28.036,-14.507,393.476,393.476,6900.0
0.8731,-31.991,-18.67,393.008,393.008,6900.0
0.8732,-25.079,-12.004,392.762,392.762,6900.0
0.8733,-34.598,-21.805,392.317,392.317,6900.0
0.8734,-32.82,-20.343,392.11,392.11,6900.0
0.8735,-24.591,-12.464,392.032,392.032,6900.0
0.8736,-35.827,-24.082,391.613,391.613,6900.0
0.8737,-28.867,-17.535,391.564,391.564,6900.0
0.8738,-36.624,-25.732,391.285,391.285,6900.0
0.8739,-33.417,-22.995,391.288,391.288,6900.0
0.874,-37.74,-27.811,391.165,391.165,6900.0
0.8741,-36.916,-27.505,391.17,391.17,6900.0
0.8742,-31.599,-22.726,391.322,391.322,6900.0
0.8743,-40.811,-32.497,391.248,391.248,6900.0
0.8744,-32.398,-24.658,391.578,391.578,6900.0
0.8745,-44.765,-37.615,391.501,391.501,6900.0
0.8746,-38.828,-32.28,391.891,391.891,6900.0
0.8747,-40.485,-34.549,392.133,392.133,6900.0
0.8748,-35.991,-30.675,392.514,392.514,6900.0
0.8749,-38.419,-33.729,392.755,392.755,6900.0
0.875,-35.493,-31.43,393.15,393.15,6900.0
0.8751,-40.079,-36.644,393.422,393.422,6900.0
0.8752,-38.833,-36.024,393.812,393.812,6900.0
0.8753,-38.127,-35.939,394.223,394.223,6900.0
0.8754,-44.673,-43.099,394.479,394.479,6900.0
0.8755,-39.441,-38.471,395.067,395.067,6900.0
0.8756,-35.97,-35.592,395.631,395.631,6900.0
0.8757,-39.605,-39.806,396.055,396.055,6900.0
0.8758,-43.506,-44.268,396.482,396.482,6900.0
0.8759,-41.42,-42.725,397.085,397.085,6900.0
0.876,-39.574,-41.401,397.668,397.668,6900.0
0.8761,-38.738,-41.064,398.248,398.248,6900.0
0.8762,-38.168,-40.968,398.811,398.811,6900.0
0.8763,-37.1,-40.346,399.348,399.348,6900.0
0.8764,-36.366,-40.031,399.898,399.898,6900.0
0.8765,-35.493,-39.546,400.424,400.424,6900.0
0.8766,-35.191,-39.6,400.971,400.971,6900.0
0.8767,-35.262,-39.994,401.52,401.52,6900.0
0.8768,-35.13,-40.152,402.026,402.026,6900.0
0.8769,-35.619,-40.893,402.54,402.54,6900.0
0.877,-35.954,-41.445,403.029,403.029,6900.0
0.8771,-36.358,-42.028,403.527,403.527,6900.0
0.8772,-36.978,-42.789,404.004,404.004,6900.0
0.8773,-37.187,-43.1,404.452,404.452,6900.0
0.8774,-37.533,-43.509,404.91,404.91,6900.0
0.8775,-37.071,-43.07,405.369,405.369,6900.0
0.8776,-35.707,-41.691,405.799,405.799,6900.0
0.8777,-34.047,-39.976,406.225,406.225,6900.0
0.8778,-31.825,-37.659,406.628,406.628,6900.0
0.8779,-29.645,-35.347,407.005,407.005,6900.0
0.878,-33.342,-38.872,407.242,407.242,6900.0
0.8781,-36.326,-41.647,407.507,407.507,6900.0
0.8782,-32.191,-37.266,407.877,407.877,6900.0
0.8783,-27.695,-32.488,408.189,408.189,6900.0
0.8784,-36.298,-40.775,408.286,408.286,6900.0
0.8785,-30.819,-34.946,408.638,408.638,6900.0
0.8786,-30.671,-34.416,408.82,408.82,6900.0
0.8787,-29.852,-33.185,409.002,409.002,6900.0
0.8788,-34.562,-37.453,409.037,409.037,6900.0
0.8789,-24.973,-27.395,409.31,409.31,6900.0
0.879,-34.494,-36.423,409.25,409.25,6900.0
0.8791,-29.319,-30.73,409.399,409.399,6900.0
0.8792,-30.045,-30.918,409.442,409.442,6900.0
0.8793,-29.144,-29.459,409.457,409.457,6900.0
0.8794,-26.962,-26.702,409.467,409.467,6900.0
0.8795,-31.038,-30.188,409.389,409.389,6900.0
0.8796,-21.165,-19.712,409.468,409.468,6900.0
0.8797,-30.609,-28.544,409.269,409.269,6900.0
0.8798,-24.381,-21.697,409.228,409.228,6900.0
0.8799,-23.231,-19.921,409.087,409.087,6900.0
0.88,-27.575,-23.637,408.837,408.837,6900.0
0.8801,-25.153,-20.588,408.704,408.704,6900.0
0.8802,-28.512,-23.321,408.441,408.441,6900.0
0.8803,-22.416,-16.604,408.294,408.294,6900.0
0.8804,-26.91,-20.484,407.912,407.912,6900.0
0.8805,-22.777,-15.746,407.654,407.654,6900.0
0.8806,-24.973,-17.351,407.268,407.268,6900.0
0.8807,-19.616,-11.415,406.968,406.968,6900.0
0.8808,-26.089,-17.327,406.497,406.497,6900.0
0.8809,-17.157,-7.852,406.179,406.179,6900.0
0.881,-20.274,-10.447,405.689,405.689,6900.0
0.8811,-22.608,-12.283,405.19,405.19,6900.0
0.8812,-24.054,-13.255,404.683,404.683,6900.0
0.8813,-23.564,-12.317,404.173,404.173,6900.0
0.8814,-20.839,-9.174,403.656,403.656,6900.0
0.8815,-16.104,-4.051,403.13,403.13,6900.0
0.8816,-9.192,3.218,402.587,402.587,6900.0
0.8817,-14.36,-1.627,401.927,401.927,6900.0
0.8818,-17.505,-4.483,401.266,401.266,6900.0
0.8819,-5.192,8.083,400.695,400.695,6900.0
0.882,0.008,13.498,400.041,400.041,6900.0
0.8821,-0.0,13.67,399.376,399.376,6900.0
0.8822,-0.0,13.811,398.711,398.711,6900.0
0.8823,-0.0,13.913,398.045,398.045,6900.0
0.8824,-0.0,13.976,397.377,397.377,6900.0
0.8825,-0.0,14.0,396.709,396.709,6900.0
0.8826,-0.0,13.984,396.039,396.039,6900.0
0.8827,-0.0,13.929,395.368,395.368,6900.0
0.8828,-0.0,13.834,394.696,394.696,6900.0
0.8829,-0.0,13.701,394.023,394.023,6900.0
0.883,1.779,15.308,393.354,393.354,6900.0
0.8831,-0.0,13.321,392.697,392.697,6900.0
0.8832,2.309,15.384,392.056,392.056,6900.0
0.8833,8.594,21.387,391.4,391.4,6900.0
0.8834,4.21,16.687,390.785,390.785,6900.0
0.8835,6.478,18.605,390.187,390.187,6900.0
0.8836,10.733,22.478,389.581,389.581,6900.0
0.8837,11.422,22.755,389.049,389.049,6900.0
0.8838,14.074,24.966,388.542,388.542,6900.0
0.8839,11.874,22.297,388.113,388.113,6900.0
0.884,17.649,27.577,387.657,387.657,6900.0
0.8841,12.738,22.15,387.36,387.36,6900.0
0.8842,22.306,31.179,386.986,386.986,6900.0
0.8843,20.196,28.511,386.754,386.754,6900.0
0.8844,25.426,33.166,386.515,386.515,6900.0
0.8845,18.386,25.535,386.441,386.441,6900.0
0.8846,24.441,30.989,386.266,386.266,6900.0
0.8847,31.049,36.985,386.111,386.111,6900.0
0.8848,26.012,31.327,386.216,386.216,6900.0
0.8849,35.081,39.772,386.127,386.127,6900.0
0.885,32.929,36.992,386.332,386.332,6900.0
0.8851,38.007,41.442,386.405,386.405,6900.0
0.8852,31.548,34.357,386.789,386.789,6900.0
0.8853,39.072,41.26,386.959,386.959,6900.0
0.8854,35.591,37.165,387.423,387.423,6900.0
0.8855,39.45,40.419,387.787,387.787,6900.0
0.8856,43.599,43.977,388.2,388.2,6900.0
0.8857,41.071,40.87,388.824,388.824,6900.0
0.8858,38.646,37.883,389.448,389.448,6900.0
0.8859,49.152,47.846,389.789,389.789,6900.0
0.886,47.608,45.781,390.526,390.526,6900.0
0.8861,45.891,43.566,391.255,391.255,6900.0
0.8862,44.398,41.598,392.008,392.008,6900.0
0.8863,43.598,40.351,392.768,392.768,6900.0
0.8864,43.327,39.662,393.549,393.549,6900.0
0.8865,44.294,40.24,394.388,394.388,6900.0
0.8866,45.348,40.939,395.263,395.263,6900.0
0.8867,46.775,42.043,396.136,396.136,6900.0
0.8868,48.375,43.354,397.02,397.02,6900.0
0.8869,49.306,44.032,397.903,397.903,6900.0
0.887,50.346,44.855,398.777,398.777,6900.0
0.8871,50.568,44.898,399.674,399.674,6900.0
0.8872,50.466,44.655,400.572,400.572,6900.0
0.8873,50.034,44.121,401.424,401.424,6900.0
0.8874,48.579,42.603,402.289,402.289,6900.0
0.8875,47.112,41.112,403.148,403.148,6900.0
0.8876,45.409,39.425,403.999,403.999,6900.0
0.8877,44.206,38.277,404.805,404.805,6900.0
0.8878,43.045,37.21,405.618,405.618,6900.0
0.8879,41.083,35.382,406.385,406.385,6900.0
0.888,45.073,39.544,406.974,406.974,6900.0
0.8881,48.718,43.398,407.566,407.566,6900.0
0.8882,45.258,40.183,408.291,408.291,6900.0
0.8883,40.967,36.174,408.976,408.976,6900.0
0.8884,41.791,37.314,409.449,409.449,6900.0
0.8885,41.46,37.333,409.939,409.939,6900.0
0.8886,33.387,29.642,410.485,410.485,6900.0
0.8887,38.163,34.831,410.745,410.745,6900.0
0.8888,35.454,32.563,411.094,411.094,6900.0
0.8889,32.285,29.862,411.41,411.41,6900.0
0.889,34.873,32.945,411.55,411.55,6900.0
0.8891,30.023,28.612,411.81,411.81,6900.0
0.8892,30.747,29.875,411.908,411.908,6900.0
0.8893,23.907,23.593,412.075,412.075,6900.0
0.8894,29.595,29.856,412.022,412.022,6900.0
0.8895,27.536,28.386,412.017,412.017,6900.0
0.8896,23.764,25.216,411.977,411.977,6900.0
0.8897,24.881,26.946,411.815,411.815,6900.0
0.8898,24.235,26.919,411.605,411.605,6900.0
0.8899,16.312,19.621,411.469,411.469,6900.0
0.89,21.633,25.57,411.158,411.158,6900.0
0.8901,18.428,22.994,410.866,410.866,6900.0
0.8902,12.719,17.91,410.529,410.529,6900.0
0.8903,12.024,17.836,410.077,410.077,6900.0
0.8904,10.566,16.992,409.628,409.628,6900.0
0.8905,9.265,16.295,409.157,409.157,6900.0
0.8906,6.763,14.386,408.657,408.657,6900.0
0.8907,8.873,17.074,408.088,408.088,6900.0
0.8908,2.321,11.084,407.528,407.528,6900.0
0.8909,7.79,17.095,406.917,406.917,6900.0
0.891,3.487,13.314,406.309,406.309,6900.0
0.8911,1.474,11.8,405.682,405.682,6900.0
0.8912,1.225,12.025,405.04,405.04,6900.0
0.8913,-0.0,11.246,404.388,404.388,6900.0
0.8914,-0.0,11.665,403.731,403.731,6900.0
0.8915,-0.0,12.053,403.073,403.073,6900.0
0.8916,-0.0,12.409,402.414,402.414,6900.0
0.8917,-0.0,12.732,401.754,401.754,6900.0
0.8918,-0.0,13.021,401.092,401.092,6900.0
0.8919,-0.0,13.274,400.43,400.43,6900.0
0.892,-0.001,13.49,399.767,399.767,6900.0
0.8921,-0.754,12.916,399.102,399.102,6900.0
0.8922,-2.685,11.126,398.436,398.436,6900.0
0.8923,-6.405,7.508,397.77,397.77,6900.0
0.8924,-11.645,2.331,397.102,397.102,6900.0
0.8925,-18.986,-4.986,396.433,396.433,6900.0
0.8926,-14.21,-0.226,395.912,395.912,6900.0
0.8927,-23.741,-9.813,395.241,395.241,6900.0
0.8928,-21.552,-7.718,394.735,394.735,6900.0
0.8929,-21.686,-7.985,394.251,394.251,6900.0
0.893,-25.183,-11.653,393.771,393.771,6900.0
0.8931,-31.114,-17.793,393.301,393.301,6900.0
0.8932,-24.303,-11.229,393.045,393.045,6900.0
0.8933,-31.849,-19.056,392.588,392.588,6900.0
0.8934,-27.996,-15.519,392.379,392.379,6900.0
0.8935,-27.083,-14.956,392.185,392.185,6900.0
0.8936,-34.186,-22.441,391.884,391.884,6900.0
0.8937,-34.779,-23.446,391.727,391.727,6900.0
0.8938,-35.582,-24.691,391.58,391.58,6900.0
0.8939,-30.946,-20.524,391.566,391.566,6900.0
0.894,-41.453,-31.525,391.291,391.291,6900.0
0.8941,-33.951,-24.539,391.455,391.455,6900.0
0.8942,-34.855,-25.983,391.486,391.486,6900.0
0.8943,-43.554,-35.239,391.379,391.379,6900.0
0.8944,-34.567,-26.827,391.734,391.734,6900.0
0.8945,-39.893,-32.743,391.773,391.773,6900.0
0.8946,-40.279,-33.731,392.024,392.024,6900.0
0.8947,-35.467,-29.532,392.392,392.392,6900.0
0.8948,-38.071,-32.755,392.622,392.622,6900.0
0.8949,-35.003,-30.313,393.008,393.008,6900.0
0.895,-38.345,-34.282,393.253,393.253,6900.0
0.8951,-35.988,-32.553,393.657,393.657,6900.0
0.8952,-40.7,-37.891,393.942,393.942,6900.0
0.8953,-40.329,-38.141,394.327,394.327,6900.0
0.8954,-40.951,-39.377,394.762,394.762,6900.0
0.8955,-35.274,-34.304,395.302,395.302,6900.0
0.8956,-43.475,-43.098,395.583,395.583,6900.0
0.8957,-39.723,-39.924,396.158,396.158,6900.0
0.8958,-37.662,-38.424,396.72,396.72,6900.0
0.8959,-36.29,-37.596,397.271,397.271,6900.0
0.896,-34.667,-36.494,397.816,397.816,6900.0
0.8961,-39.82,-42.146,398.231,398.231,6900.0
0.8962,-38.58,-41.379,398.779,398.779,6900.0
0.8963,-44.752,-47.998,399.17,399.17,6900.0
0.8964,-44.43,-48.095,399.724,399.724,6900.0
0.8965,-43.568,-47.621,400.261,400.261,6900.0
0.8966,-43.15,-47.559,400.777,400.777,6900.0
0.8967,-42.613,-47.346,401.281,401.281,6900.0
0.8968,-42.629,-47.651,401.771,401.771,6900.0
0.8969,-43.091,-48.365,402.271,402.271,6900.0
0.897,-36.602,-42.093,402.905,402.905,6900.0
0.8971,-30.911,-36.581,403.508,403.508,6900.0
0.8972,-31.29,-37.101,403.977,403.977,6900.0
0.8973,-31.331,-37.245,404.448,404.448,6900.0
0.8974,-31.29,-37.267,404.924,404.924,6900.0
0.8975,-30.748,-36.748,405.347,405.347,6900.0
0.8976,-30.271,-36.255,405.757,405.757,6900.0
0.8977,-29.045,-34.974,406.142,406.142,6900.0
0.8978,-33.294,-39.129,406.407,406.407,6900.0
0.8979,-37.51,-43.211,406.685,406.685,6900.0
0.898,-34.445,-39.974,407.066,407.066,6900.0
0.8981,-31.355,-36.676,407.431,407.431,6900.0
0.8982,-27.578,-32.653,407.769,407.769,6900.0
0.8983,-36.045,-40.838,407.862,407.862,6900.0
0.8984,-30.712,-35.188,408.207,408.207,6900.0
0.8985,-31.305,-35.432,408.393,408.393,6900.0
0.8986,-31.723,-35.468,408.607,408.607,6900.0
0.8987,-31.045,-34.377,408.771,408.771,6900.0
0.8988,-29.457,-32.348,408.952,408.952,6900.0
0.8989,-33.38,-35.802,408.97,408.97,6900.0
0.899,-29.577,-31.506,409.15,409.15,6900.0
0.8991,-31.185,-32.596,409.179,409.179,6900.0
0.8992,-25.227,-26.099,409.319,409.319,6900.0
0.8993,-31.785,-32.099,409.233,409.233,6900.0
0.8994,-23.815,-23.554,409.362,409.362,6900.0
0.8995,-34.354,-33.504,409.171,409.171,6900.0
0.8996,-23.27,-21.818,409.282,409.282,6900.0
0.8997,-31.536,-29.472,409.062,409.062,6900.0
0.8998,-26.017,-23.332,409.046,409.046,6900.0
0.8999,-26.802,-23.493,408.918,408.918,6900.0
0.9,-24.901,-20.964,408.773,408.773,6900.0
0.9001,-27.642,-23.077,408.533,408.533,6900.0
0.9002,-22.1,-16.909,408.365,408.365,6900.0
0.9003,-30.291,-24.479,408.004,408.004,6900.0
0.9004,-17.637,-11.211,407.911,407.911,6900.0
0.9005,-29.362,-22.332,407.449,407.449,6900.0
0.9006,-24.88,-17.257,407.171,407.171,6900.0
0.9007,-18.886,-10.685,406.876,406.876,6900.0
0.9008,-24.987,-16.225,406.398,406.398,6900.0
0.9009,-16.859,-7.554,406.085,406.085,6900.0
0.901,-19.904,-10.077,405.593,405.593,6900.0
0.9011,-21.074,-10.749,405.099,405.099,6900.0
0.9012,-20.828,-10.028,404.599,404.599,6900.0
0.9013,-19.274,-8.027,404.091,404.091,6900.0
0.9014,-16.813,-5.148,403.567,403.567,6900.0
0.9015,-12.75,-0.697,403.034,403.034,6900.0
0.9016,-20.504,-8.095,402.374,402.374,6900.0
0.9017,-12.966,-0.233,401.827,401.827,6900.0
0.9018,-16.977,-3.955,401.166,401.166,6900.0
0.9019,-5.175,8.099,400.594,400.594,6900.0
0.902,-5.76,7.731,399.931,399.931,6900.0
0.9021,-0.0,13.67,399.276,399.276,6900.0
0.9022,-0.0,13.811,398.611,398.611,6900.0
0.9023,-0.0,13.913,397.944,397.944,6900.0
0.9024,-0.0,13.976,397.277,397.277,6900.0
0.9025,-0.0,14.0,396.608,396.608,6900.0
0.9026,-0.0,13.984,395.938,395.938,6900.0
0.9027,-0.0,13.929,395.267,395.267,6900.0
0.9028,-0.0,13.834,394.595,394.595,6900.0
0.9029,-0.0,13.701,393.922,393.922,6900.0
0.903,-0.0,13.53,393.252,393.252,6900.0
0.9031,3.613,16.934,392.587,392.587,6900.0
0.9032,3.911,16.986,391.936,391.936,6900.0
0.9033,2.17,14.963,391.305,391.305,6900.0
0.9034,6.159,18.636,390.696,390.696,6900.0
0.9035,4.759,16.886,390.096,390.096,6900.0
0.9036,9.21,20.955,389.519,389.519,6900.0
0.9037,8.041,19.374,388.969,388.969,6900.0
0.9038,15.911,26.802,388.406,388.406,6900.0
0.9039,13.421,23.844,387.964,387.964,6900.0
0.904,13.251,23.18,387.578,387.578,6900.0
0.9041,20.87,30.281,387.118,387.118,6900.0
0.9042,17.198,26.07,386.835,386.835,6900.0
0.9043,21.596,29.911,386.571,386.571,6900.0
0.9044,20.504,28.243,386.375,386.375,6900.0
0.9045,26.907,34.057,386.154,386.154,6900.0
0.9046,21.081,27.628,386.136,386.136,6900.0
0.9047,28.292,34.228,385.997,385.997,6900.0
0.9048,29.46,34.775,385.985,385.985,6900.0
0.9049,25.123,29.814,386.103,386.103,6900.0
0.905,34.586,38.649,386.067,386.067,6900.0
0.9051,33.143,36.578,386.256,386.256,6900.0
0.9052,33.696,36.505,386.514,386.514,6900.0
0.9053,41.39,43.578,386.667,386.667,6900.0
0.9054,37.265,38.839,387.157,387.157,6900.0
0.9055,40.311,41.281,387.518,387.518,6900.0
0.9056,44.569,44.946,387.951,387.951,6900.0
0.9057,43.097,42.897,388.583,388.583,6900.0
0.9058,41.324,40.562,389.206,389.206,6900.0
0.9059,39.28,37.975,389.844,389.844,6900.0
0.906,50.029,48.203,390.207,390.207,6900.0
0.9061,48.299,45.973,390.967,390.967,6900.0
0.9062,47.459,44.66,391.728,391.728,6900.0
0.9063,46.65,43.404,392.506,392.506,6900.0
0.9064,46.264,42.599,393.303,393.303,6900.0
0.9065,46.504,42.451,394.141,394.141,6900.0
0.9066,46.965,42.556,394.99,394.99,6900.0
0.9067,48.414,43.681,395.873,395.873,6900.0
0.9068,49.741,44.72,396.762,396.762,6900.0
0.9069,51.189,45.915,397.653,397.653,6900.0
0.907,52.57,47.079,398.508,398.508,6900.0
0.9071,52.957,47.287,399.394,399.394,6900.0
0.9072,53.232,47.421,400.25,400.25,6900.0
0.9073,52.777,46.864,401.107,401.107,6900.0
0.9074,52.145,46.169,401.987,401.987,6900.0
0.9075,51.193,45.193,402.846,402.846,6900.0
0.9076,49.228,43.244,403.702,403.702,6900.0
0.9077,47.143,41.214,404.534,404.534,6900.0
0.9078,44.874,39.039,405.34,405.34,6900.0
0.9079,43.009,37.307,406.121,406.121,6900.0
0.908,41.053,35.523,406.886,406.886,6900.0
0.9081,44.601,39.28,407.472,407.472,6900.0
0.9082,47.595,42.52,408.041,408.041,6900.0
0.9083,42.982,38.189,408.755,408.755,6900.0
0.9084,37.895,33.418,409.395,409.395,6900.0
0.9085,45.282,41.155,409.683,409.683,6900.0
0.9086,37.938,34.193,410.289,410.289,6900.0
0.9087,42.652,39.319,410.516,410.516,6900.0
0.9088,33.04,30.149,411.006,411.006,6900.0
0.9089,36.212,33.79,411.169,411.169,6900.0
0.909,32.049,30.12,411.474,411.474,6900.0
0.9091,33.689,32.278,411.597,411.597,6900.0
0.9092,27.902,27.03,411.811,411.811,6900.0
0.9093,27.598,27.284,411.865,411.865,6900.0
0.9094,26.188,26.449,411.91,411.91,6900.0
0.9095,30.231,31.081,411.81,411.81,6900.0
0.9096,20.099,21.551,411.868,411.868,6900.0
0.9097,29.56,31.624,411.614,411.614,6900.0
0.9098,17.044,19.729,411.582,411.582,6900.0
0.9099,22.272,25.581,411.284,411.284,6900.0
0.91,19.083,23.02,411.002,411.002,6900.0
0.9101,15.69,20.255,410.698,410.698,6900.0
0.9102,18.958,24.149,410.286,410.286,6900.0
0.9103,13.855,19.667,409.924,409.924,6900.0
0.9104,12.891,19.317,409.487,409.487,6900.0
0.9105,3.352,10.383,409.02,409.02,6900.0
0.9106,5.819,13.441,408.465,408.465,6900.0
0.9107,8.164,16.365,407.919,407.919,6900.0
0.9108,3.178,11.941,407.343,407.343,6900.0
0.9109,9.137,18.442,406.724,406.724,6900.0
0.911,3.295,13.122,406.121,406.121,6900.0
0.9111,1.459,11.784,405.491,405.491,6900.0
0.9112,1.356,12.156,404.85,404.85,6900.0
0.9113,-0.0,11.246,404.199,404.199,6900.0
0.9114,-0.0,11.665,403.541,403.541,6900.0
0.9115,-0.0,12.053,402.883,402.883,6900.0
0.9116,-0.0,12.409,402.224,402.224,6900.0
0.9117,-0.0,12.732,401.563,401.563,6900.0
0.9118,-0.0,13.021,400.902,400.902,6900.0
0.9119,-0.0,13.274,400.239,400.239,6900.0
0.912,0.0,13.491,399.575,399.575,6900.0
0.9121,-1.031,12.639,398.91,398.91,6900.0
0.9122,-4.027,9.784,398.244,398.244,6900.0
0.9123,-8.27,5.643,397.577,397.577,6900.0
0.9124,-12.955,1.021,396.909,396.909,6900.0
0.9125,-18.832,-4.832,396.239,396.239,6900.0
0.9126,-19.332,-5.348,395.654,395.654,6900.0
0.9127,-22.442,-8.513,395.048,395.048,6900.0
0.9128,-21.208,-7.373,394.545,394.545,6900.0
0.9129,-21.134,-7.432,394.058,394.058,6900.0
0.913,-23.148,-9.618,393.579,393.579,6900.0
0.9131,-27.837,-14.516,393.116,393.116,6900.0
0.9132,-29.321,-16.246,392.775,392.775,6900.0
0.9133,-32.668,-19.875,392.442,392.442,6900.0
0.9134,-29.695,-17.218,392.222,392.222,6900.0
0.9135,-33.157,-21.03,391.893,391.893,6900.0
0.9136,-31.207,-19.462,391.719,391.719,6900.0
0.9137,-31.291,-19.958,391.55,391.55,6900.0
0.9138,-33.02,-22.129,391.398,391.398,6900.0
0.9139,-35.752,-25.329,391.253,391.253,6900.0
0.914,-32.722,-22.794,391.236,391.236,6900.0
0.9141,-31.556,-22.145,391.255,391.255,6900.0
0.9142,-38.643,-29.771,391.161,391.161,6900.0
0.9143,-34.682,-26.367,391.337,391.337,6900.0
0.9144,-32.803,-25.064,391.525,391.525,6900.0
0.9145,-38.63,-31.48,391.607,391.607,6900.0
0.9146,-32.792,-26.245,391.962,391.962,6900.0
0.9147,-40.398,-34.463,392.067,392.067,6900.0
0.9148,-35.94,-30.624,392.444,392.444,6900.0
0.9149,-38.517,-33.826,392.685,392.685,6900.0
0.915,-42.328,-38.265,392.946,392.946,6900.0
0.9151,-39.8,-36.365,393.348,393.348,6900.0
0.9152,-37.721,-34.912,393.764,393.764,6900.0
0.9153,-42.909,-40.721,394.029,394.029,6900.0
0.9154,-36.522,-34.948,394.578,394.578,6900.0
0.9155,-44.998,-44.029,394.818,394.818,6900.0
0.9156,-41.638,-41.261,395.408,395.408,6900.0
0.9157,-38.466,-38.667,395.974,395.974,6900.0
0.9158,-36.042,-36.804,396.53,396.53,6900.0
0.9159,-40.338,-41.643,396.929,396.929,6900.0
0.916,-39.276,-41.103,397.491,397.491,6900.0
0.9161,-44.955,-47.28,397.897,397.897,6900.0
0.9162,-43.312,-46.111,398.478,398.478,6900.0
0.9163,-41.861,-45.107,399.049,399.049,6900.0
0.9164,-40.257,-43.922,399.614,399.614,6900.0
0.9165,-39.515,-43.568,400.14,400.14,6900.0
0.9166,-39.377,-43.786,400.656,400.656,6900.0
0.9167,-39.173,-43.906,401.166,401.166,6900.0
0.9168,-39.75,-44.771,401.682,401.682,6900.0
0.9169,-40.3,-45.575,402.177,402.177,6900.0
0.917,-41.148,-46.639,402.649,402.649,6900.0
0.9171,-42.19,-47.86,403.113,403.113,6900.0
0.9172,-35.948,-41.759,403.722,403.722,6900.0
0.9173,-36.459,-42.372,404.188,404.188,6900.0
0.9174,-36.082,-42.058,404.66,404.66,6900.0
0.9175,-34.883,-40.882,405.103,405.103,6900.0
0.9176,-40.198,-46.182,405.397,405.397,6900.0
0.9177,-38.249,-44.178,405.835,405.835,6900.0
0.9178,-36.449,-42.283,406.257,406.257,6900.0
0.9179,-34.129,-39.831,406.656,406.656,6900.0
0.918,-31.087,-36.617,407.011,407.011,6900.0
0.9181,-27.972,-33.293,407.35,407.35,6900.0
0.9182,-37.762,-42.837,407.465,407.465,6900.0
0.9183,-34.133,-38.927,407.848,407.848,6900.0
0.9184,-29.659,-34.136,408.186,408.186,6900.0
0.9185,-30.464,-34.59,408.348,408.348,6900.0
0.9186,-30.533,-34.278,408.536,408.536,6900.0
0.9187,-29.262,-32.594,408.694,408.694,6900.0
0.9188,-27.396,-30.287,408.857,408.857,6900.0
0.9189,-31.043,-33.466,408.892,408.892,6900.0
0.919,-27.036,-28.964,409.055,409.055,6900.0
0.9191,-28.509,-29.92,409.088,409.088,6900.0
0.9192,-28.873,-29.745,409.113,409.113,6900.0
0.9193,-28.228,-28.543,409.135,409.135,6900.0
0.9194,-27.122,-26.862,409.176,409.176,6900.0
0.9195,-32.08,-31.23,409.081,409.081,6900.0
0.9196,-22.652,-21.2,409.196,409.196,6900.0
0.9197,-31.5,-29.436,408.975,408.975,6900.0
0.9198,-24.871,-22.187,408.948,408.948,6900.0
0.9199,-24.23,-20.921,408.821,408.821,6900.0
0.92,-29.837,-25.9,408.556,408.556,6900.0
0.9201,-21.23,-16.665,408.501,408.501,6900.0
0.9202,-29.746,-24.555,408.139,408.139,6900.0
0.9203,-28.593,-22.781,407.887,407.887,6900.0
0.9204,-25.889,-19.463,407.626,407.626,6900.0
0.9205,-22.814,-15.783,407.357,407.357,6900.0
0.9206,-19.754,-12.131,407.074,407.074,6900.0
0.9207,-28.004,-19.803,406.614,406.614,6900.0
0.9208,-20.854,-12.091,406.313,406.313,6900.0
0.9209,-26.285,-16.98,405.831,405.831,6900.0
0.921,-17.038,-7.211,405.503,405.503,6900.0
0.9211,-20.675,-10.349,405.011,405.011,6900.0
0.9212,-22.084,-11.284,404.513,404.513,6900.0
0.9213,-21.014,-9.768,404.007,404.007,6900.0
0.9214,-17.977,-6.312,403.488,403.488,6900.0
0.9215,-12.849,-0.795,402.958,402.958,6900.0
0.9216,-19.758,-7.349,402.299,402.299,6900.0
0.9217,-11.208,1.524,401.753,401.753,6900.0
0.9218,-14.658,-1.636,401.091,401.091,6900.0
0.9219,-16.286,-3.012,400.429,400.429,6900.0
0.922,-16.089,-2.598,399.766,399.766,6900.0
0.9221,-1.191,12.479,399.172,399.172,6900.0
0.9222,-0.0,13.811,398.506,398.506,6900.0
0.9223,-0.0,13.913,397.84,397.84,6900.0
0.9224,-0.0,13.976,397.172,397.172,6900.0
0.9225,-0.0,14.0,396.503,396.503,6900.0
0.9226,-0.0,13.984,395.833,395.833,6900.0
0.9227,-0.0,13.929,395.162,395.162,6900.0
0.9228,-0.0,13.834,394.49,394.49,6900.0
0.9229,-0.0,13.701,393.816,393.816,6900.0
0.923,-0.0,13.53,393.147,393.147,6900.0
0.9231,4.259,17.58,392.486,392.486,6900.0
0.9232,6.29,19.365,391.835,391.835,6900.0
0.9233,4.127,16.92,391.204,391.204,6900.0
0.9234,0.01,12.487,390.589,390.589,6900.0
0.9235,10.004,22.131,389.964,389.964,6900.0
0.9236,9.558,21.303,389.402,389.402,6900.0
0.9237,3.784,15.117,388.873,388.873,6900.0
0.9238,11.156,22.047,388.323,388.323,6900.0
0.9239,7.24,17.662,387.885,387.885,6900.0
0.924,18.266,28.195,387.365,387.365,6900.0
0.9241,12.65,22.061,387.072,387.072,6900.0
0.9242,21.578,30.45,386.69,386.69,6900.0
0.9243,18.973,27.287,386.475,386.475,6900.0
0.9244,17.899,25.639,386.301,386.301,6900.0
0.9245,30.451,37.601,385.989,385.989,6900.0
0.9246,24.797,31.345,386.024,386.024,6900.0
0.9247,26.104,32.039,385.959,385.959,6900.0
0.9248,28.292,33.608,385.935,385.935,6900.0
0.9249,37.578,42.269,385.816,385.816,6900.0
0.925,34.685,38.748,386.032,386.032,6900.0
0.9251,38.629,42.064,386.101,386.101,6900.0
0.9252,31.23,34.039,386.49,386.49,6900.0
0.9253,38.209,40.396,386.678,386.678,6900.0
0.9254,34.193,35.767,387.144,387.144,6900.0
0.9255,43.468,44.438,387.4,387.4,6900.0
0.9256,40.611,40.988,387.975,387.975,6900.0
0.9257,38.533,38.333,388.551,388.551,6900.0
0.9258,43.382,42.619,389.009,389.009,6900.0
0.9259,49.159,47.854,389.512,389.512,6900.0
0.926,48.082,46.255,390.22,390.22,6900.0
0.9261,46.699,44.373,390.965,390.965,6900.0
0.9262,45.44,42.641,391.711,391.711,6900.0
0.9263,44.26,41.014,392.494,392.494,6900.0
0.9264,43.978,40.313,393.298,393.298,6900.0
0.9265,43.668,39.615,394.136,394.136,6900.0
0.9266,43.827,39.418,394.97,394.97,6900.0
0.9267,44.581,39.848,395.825,395.825,6900.0
0.9268,45.29,40.269,396.703,396.703,6900.0
0.9269,46.721,41.447,397.619,397.619,6900.0
0.927,47.963,42.472,398.498,398.498,6900.0
0.9271,49.252,43.582,399.375,399.375,6900.0
0.9272,50.275,44.464,400.252,400.252,6900.0
0.9273,50.076,44.163,401.142,401.142,6900.0
0.9274,49.499,43.523,402.021,402.021,6900.0
0.9275,48.172,42.172,402.872,402.872,6900.0
0.9276,46.732,40.748,403.72,403.72,6900.0
0.9277,44.988,39.059,404.56,404.56,6900.0
0.9278,42.382,36.547,405.334,405.334,6900.0
0.9279,45.989,40.288,405.95,405.95,6900.0
0.928,49.699,44.169,406.564,406.564,6900.0
0.9281,46.929,41.608,407.326,407.326,6900.0
0.9282,43.946,38.871,408.042,408.042,6900.0
0.9283,39.882,35.089,408.728,408.728,6900.0
0.9284,41.214,36.737,409.213,409.213,6900.0
0.9285,41.838,37.711,409.701,409.701,6900.0
0.9286,34.89,31.145,410.277,410.277,6900.0
0.9287,40.272,36.939,410.545,410.545,6900.0
0.9288,31.001,28.11,411.037,411.037,6900.0
0.9289,33.937,31.515,411.218,411.218,6900.0
0.929,35.879,33.95,411.389,411.389,6900.0
0.9291,37.041,35.63,411.5,411.5,6900.0
0.9292,30.882,30.01,411.751,411.751,6900.0
0.9293,24.072,23.758,411.921,411.921,6900.0
0.9294,29.956,30.217,411.874,411.874,6900.0
0.9295,27.792,28.642,411.876,411.876,6900.0
0.9296,23.908,25.36,411.84,411.84,6900.0
0.9297,25.851,27.915,411.686,411.686,6900.0
0.9298,19.878,22.563,411.577,411.577,6900.0
0.9299,20.513,23.822,411.372,411.372,6900.0
0.93,19.055,22.992,411.072,411.072,6900.0
0.9301,14.635,19.2,410.778,410.778,6900.0
0.9302,8.703,13.894,410.43,410.43,6900.0
0.9303,15.569,21.381,409.941,409.941,6900.0
0.9304,9.273,15.699,409.538,409.538,6900.0
0.9305,15.139,22.169,409.01,409.01,6900.0
0.9306,11.543,19.166,408.517,408.517,6900.0
0.9307,6.312,14.513,407.991,407.991,6900.0
0.9308,6.597,15.359,407.42,407.42,6900.0
0.9309,5.94,15.245,406.823,406.823,6900.0
0.931,1.682,11.509,406.216,406.216,6900.0
0.9311,-0.0,10.325,405.586,405.586,6900.0
0.9312,-0.0,10.799,404.944,404.944,6900.0
0.9313,-0.0,11.246,404.292,404.292,6900.0
0.9314,-0.0,11.665,403.635,403.635,6900.0
0.9315,-0.0,12.053,402.977,402.977,6900.0
0.9316,-0.0,12.409,402.317,402.317,6900.0
0.9317,-0.0,12.732,401.657,401.657,6900.0
0.9318,-0.0,13.021,400.996,400.996,6900.0
0.9319,-0.0,13.274,400.333,400.333,6900.0
0.932,-0.0,13.491,399.669,399.669,6900.0
0.9321,-0.497,13.173,399.005,399.005,6900.0
0.9322,-2.762,11.049,398.339,398.339,6900.0
0.9323,-6.493,7.42,397.672,397.672,6900.0
0.9324,-12.174,1.802,397.004,397.004,6900.0
0.9325,-19.02,-5.02,396.335,396.335,6900.0
0.9326,-19.454,-5.47,395.75,395.75,6900.0
0.9327,-21.468,-7.539,395.145,395.145,6900.0
0.9328,-18.943,-5.109,394.646,394.646,6900.0
0.9329,-19.793,-6.092,394.156,394.156,6900.0
0.933,-23.318,-9.788,393.677,393.677,6900.0
0.9331,-27.827,-14.507,393.202,393.202,6900.0
0.9332,-27.283,-14.208,392.85,392.85,6900.0
0.9333,-28.762,-15.969,392.499,392.499,6900.0
0.9334,-26.772,-14.296,392.287,392.287,6900.0
0.9335,-32.717,-20.59,391.985,391.985,6900.0
0.9336,-25.491,-13.746,391.896,391.896,6900.0
0.9337,-30.93,-19.598,391.595,391.595,6900.0
0.9338,-37.545,-26.654,391.3,391.3,6900.0
0.9339,-39.277,-28.854,391.155,391.155,6900.0
0.934,-30.165,-20.237,391.279,391.279,6900.0
0.9341,-41.91,-32.499,391.006,391.006,6900.0
0.9342,-35.742,-26.87,391.194,391.194,6900.0
0.9343,-38.273,-29.959,391.235,391.235,6900.0
0.9344,-35.956,-28.217,391.422,391.422,6900.0
0.9345,-42.089,-34.939,391.505,391.505,6900.0
0.9346,-36.401,-29.853,391.855,391.855,6900.0
0.9347,-38.535,-32.6,392.11,392.11,6900.0
0.9348,-40.986,-35.671,392.329,392.329,6900.0
0.9349,-43.518,-38.828,392.545,392.545,6900.0
0.935,-39.873,-35.81,392.931,392.931,6900.0
0.9351,-37.086,-33.651,393.336,393.336,6900.0
0.9352,-41.761,-38.952,393.58,393.58,6900.0
0.9353,-34.325,-32.137,394.114,394.114,6900.0
0.9354,-40.153,-38.579,394.377,394.377,6900.0
0.9355,-40.728,-39.758,394.759,394.759,6900.0
0.9356,-42.86,-42.483,395.187,395.187,6900.0
0.9357,-40.46,-40.661,395.761,395.761,6900.0
0.9358,-39.035,-39.797,396.318,396.318,6900.0
0.9359,-37.53,-38.835,396.871,396.871,6900.0
0.936,-36.432,-38.259,397.423,397.423,6900.0
0.9361,-35.17,-37.496,397.978,397.978,6900.0
0.9362,-34.414,-37.213,398.543,398.543,6900.0
0.9363,-33.552,-36.798,399.086,399.086,6900.0
0.9364,-38.352,-42.017,399.469,399.469,6900.0
0.9365,-43.756,-47.809,399.848,399.848,6900.0
0.9366,-42.456,-46.865,400.398,400.398,6900.0
0.9367,-41.996,-46.728,400.916,400.916,6900.0
0.9368,-42.279,-47.301,401.433,401.433,6900.0
0.9369,-42.627,-47.901,401.919,401.919,6900.0
0.937,-37.126,-42.617,402.552,402.552,6900.0
0.9371,-31.7,-37.37,403.18,403.18,6900.0
0.9372,-32.552,-38.363,403.677,403.677,6900.0
0.9373,-33.322,-39.235,404.163,404.163,6900.0
0.9374,-33.321,-39.297,404.618,404.618,6900.0
0.9375,-33.09,-39.09,405.071,405.071,6900.0
0.9376,-31.842,-37.826,405.502,405.502,6900.0
0.9377,-29.536,-35.465,405.913,405.913,6900.0
0.9378,-33.443,-39.278,406.187,406.187,6900.0
0.9379,-37.274,-42.975,406.461,406.461,6900.0
0.938,-34.55,-40.08,406.879,406.879,6900.0
0.9381,-31.445,-36.766,407.248,407.248,6900.0
0.9382,-27.594,-32.669,407.585,407.585,6900.0
0.9383,-36.823,-41.617,407.686,407.686,6900.0
0.9384,-32.29,-36.766,408.065,408.065,6900.0
0.9385,-27.422,-31.548,408.376,408.376,6900.0
0.9386,-34.841,-38.586,408.456,408.456,6900.0
0.9387,-27.525,-30.858,408.772,408.772,6900.0
0.9388,-32.287,-35.178,408.823,408.823,6900.0
0.9389,-28.958,-31.381,408.969,408.969,6900.0
0.939,-24.791,-26.72,409.124,409.124,6900.0
0.9391,-26.137,-27.549,409.168,409.168,6900.0
0.9392,-33.409,-34.282,409.094,409.094,6900.0
0.9393,-32.893,-33.208,409.128,409.128,6900.0
0.9394,-31.257,-30.996,409.141,409.141,6900.0
0.9395,-28.699,-27.849,409.189,409.189,6900.0
0.9396,-25.251,-23.799,409.173,409.173,6900.0
0.9397,-28.529,-26.465,409.096,409.096,6900.0
0.9398,-30.552,-27.868,408.978,408.978,6900.0
0.9399,-23.504,-20.194,408.927,408.927,6900.0
0.94,-27.874,-23.937,408.716,408.716,6900.0
0.9401,-23.875,-19.31,408.568,408.568,6900.0
0.9402,-19.867,-14.676,408.416,408.416,6900.0
0.9403,-28.514,-22.702,408.071,408.071,6900.0
0.9404,-21.134,-14.708,407.91,407.91,6900.0
0.9405,-24.457,-17.427,407.552,407.552,6900.0
0.9406,-26.213,-18.59,407.18,407.18,6900.0
0.9407,-20.503,-12.302,406.894,406.894,6900.0
0.9408,-28.105,-19.342,406.417,406.417,6900.0
0.9409,-19.925,-10.62,406.113,406.113,6900.0
0.941,-23.464,-13.638,405.631,405.631,6900.0
0.9411,-25.601,-15.276,405.132,405.132,6900.0
0.9412,-19.681,-8.881,404.721,404.721,6900.0
0.9413,-12.677,-1.431,404.272,404.272,6900.0
0.9414,-17.18,-5.515,403.693,403.693,6900.0
0.9415,-19.532,-7.478,403.092,403.092,6900.0
0.9416,-13.244,-0.834,402.557,402.557,6900.0
0.9417,-18.66,-5.927,401.897,401.897,6900.0
0.9418,-8.665,4.356,401.342,401.342,6900.0
0.9419,-10.937,2.337,400.68,400.68,6900.0
0.942,-11.521,1.97,400.017,400.017,6900.0
0.9421,-0.0,13.67,399.39,399.39,6900.0
0.9422,-0.0,13.811,398.724,398.724,6900.0
0.9423,-0.0,13.913,398.058,398.058,6900.0
0.9424,-0.0,13.976,397.391,397.391,6900.0
0.9425,-0.0,14.0,396.722,396.722,6900.0
0.9426,-0.0,13.984,396.052,396.052,6900.0
0.9427,-0.0,13.929,395.382,395.382,6900.0
0.9428,-0.0,13.834,394.71,394.71,6900.0
0.9429,-0.0,13.701,394.037,394.037,6900.0
0.943,-0.0,13.53,393.367,393.367,6900.0
0.9431,3.738,17.059,392.702,392.702,6900.0
0.9432,4.187,17.261,392.054,392.054,6900.0
0.9433,4.528,17.322,391.415,391.415,6900.0
0.9434,1.015,13.492,390.815,390.815,6900.0
0.9435,9.855,21.982,390.177,390.177,6900.0
0.9436,6.652,18.397,389.624,389.624,6900.0
0.9437,6.072,17.405,389.096,389.096,6900.0
0.9438,14.733,25.624,388.548,388.548,6900.0
0.9439,12.744,23.167,388.133,388.133,6900.0
0.944,18.386,28.315,387.653,387.653,6900.0
0.9441,12.963,22.374,387.367,387.367,6900.0
0.9442,21.912,30.784,386.99,386.99,6900.0
0.9443,19.609,27.923,386.746,386.746,6900.0
0.9444,24.959,32.698,386.497,386.497,6900.0
0.9445,24.26,31.41,386.342,386.342,6900.0
0.9446,24.281,30.829,386.261,386.261,6900.0
0.9447,30.886,36.821,386.104,386.104,6900.0
0.9448,25.552,30.867,386.2,386.2,6900.0
0.9449,27.471,32.162,386.222,386.222,6900.0
0.945,31.063,35.126,386.277,386.277,6900.0
0.9451,36.18,39.615,386.372,386.372,6900.0
0.9452,35.898,38.707,386.623,386.623,6900.0
0.9453,36.824,39.012,386.926,386.926,6900.0
0.9454,38.732,40.306,387.259,387.259,6900.0
0.9455,42.284,43.254,387.639,387.639,6900.0
0.9456,40.37,40.748,388.23,388.23,6900.0
0.9457,38.416,38.215,388.803,388.803,6900.0
0.9458,48.871,48.109,389.101,389.101,6900.0
0.9459,46.622,45.317,389.821,389.821,6900.0
0.946,44.518,42.691,390.546,390.546,6900.0
0.9461,43.159,40.833,391.259,391.259,6900.0
0.9462,41.67,38.871,392.008,392.008,6900.0
0.9463,53.291,50.044,392.436,392.436,6900.0
0.9464,52.861,49.196,393.243,393.243,6900.0
0.9465,52.952,48.899,394.08,394.08,6900.0
0.9466,54.226,49.816,394.939,394.939,6900.0
0.9467,55.511,50.779,395.801,395.801,6900.0
0.9468,50.399,45.378,396.879,396.879,6900.0
0.9469,45.503,40.228,397.965,397.965,6900.0
0.947,46.08,40.589,398.876,398.876,6900.0
0.9471,46.691,41.021,399.768,399.768,6900.0
0.9472,46.519,40.708,400.667,400.667,6900.0
0.9473,46.128,40.215,401.556,401.556,6900.0
0.9474,45.447,39.47,402.432,402.432,6900.0
0.9475,43.845,37.845,403.272,403.272,6900.0
0.9476,48.641,42.657,403.943,403.943,6900.0
0.9477,53.469,47.54,404.601,404.601,6900.0
0.9478,51.941,46.107,405.414,405.414,6900.0
0.9479,50.386,44.685,406.222,406.222,6900.0
0.948,47.851,42.321,407.012,407.012,6900.0
0.9481,44.676,39.355,407.752,407.752,6900.0
0.9482,40.819,35.744,408.462,408.462,6900.0
0.9483,43.121,38.327,408.986,408.986,6900.0
0.9484,44.872,40.395,409.503,409.503,6900.0
0.9485,38.497,34.37,410.11,410.11,6900.0
0.9486,44.229,40.484,410.36,410.36,6900.0
0.9487,35.604,32.271,410.913,410.913,6900.0
0.9488,39.709,36.818,411.148,411.148,6900.0
0.9489,29.72,27.297,411.576,411.576,6900.0
0.949,39.181,37.252,411.612,411.612,6900.0
0.9491,27.373,25.961,411.997,411.997,6900.0
0.9492,28.092,27.22,412.097,412.097,6900.0
0.9493,27.729,27.414,412.156,412.156,6900.0
0.9494,26.647,26.908,412.207,412.207,6900.0
0.9495,24.566,25.416,412.191,412.191,6900.0
0.9496,28.497,29.949,412.06,412.06,6900.0
0.9497,17.353,19.417,412.06,412.06,6900.0
0.9498,24.193,26.877,411.783,411.783,6900.0
0.9499,22.548,25.857,411.552,411.552,6900.0
0.95,13.623,17.56,411.363,411.363,6900.0
0.9501,18.03,22.595,411.002,411.002,6900.0
0.9502,20.753,25.944,410.592,410.592,6900.0
0.9503,7.093,12.905,410.271,410.271,6900.0
0.9504,11.9,18.326,409.781,409.781,6900.0
0.9505,8.904,15.934,409.295,409.295,6900.0
0.9506,6.268,13.891,408.802,408.802,6900.0
0.9507,2.269,10.47,408.249,408.249,6900.0
0.9508,9.746,18.508,407.648,407.648,6900.0
0.9509,1.861,11.166,407.073,407.073,6900.0
0.951,2.039,11.866,406.46,406.46,6900.0
0.9511,-0.0,10.325,405.827,405.827,6900.0
0.9512,-0.0,10.799,405.184,405.184,6900.0
0.9513,-0.0,11.246,404.533,404.533,6900.0
0.9514,-0.0,11.665,403.876,403.876,6900.0
0.9515,-0.0,12.053,403.219,403.219,6900.0
0.9516,-0.0,12.409,402.56,402.56,6900.0
0.9517,-0.0,12.732,401.9,401.9,6900.0
0.9518,-0.0,13.021,401.239,401.239,6900.0
0.9519,-0.0,13.274,400.577,400.577,6900.0
0.952,-0.0,13.491,399.913,399.913,6900.0
0.9521,-0.84,12.83,399.249,399.249,6900.0
0.9522,-3.084,10.727,398.584,398.584,6900.0
0.9523,-6.157,7.756,397.917,397.917,6900.0
0.9524,-10.687,3.289,397.249,397.249,6900.0
0.9525,-16.531,-2.532,396.581,396.581,6900.0
0.9526,-24.419,-10.435,395.911,395.911,6900.0
0.9527,-20.785,-6.856,395.393,395.393,6900.0
0.9528,-18.113,-4.278,394.889,394.889,6900.0
0.9529,-24.398,-10.697,394.32,394.32,6900.0
0.953,-19.935,-6.405,393.924,393.924,6900.0
0.9531,-25.287,-11.966,393.456,393.456,6900.0
0.9532,-33.297,-20.222,392.994,392.994,6900.0
0.9533,-28.269,-15.476,392.767,392.767,6900.0
0.9534,-30.578,-18.101,392.455,392.455,6900.0
0.9535,-34.26,-22.133,392.137,392.137,6900.0
0.9536,-34.12,-22.375,391.957,391.957,6900.0
0.9537,-28.913,-17.581,391.889,391.889,6900.0
0.9538,-30.618,-19.726,391.738,391.738,6900.0
0.9539,-38.943,-28.52,391.444,391.444,6900.0
0.954,-29.189,-19.26,391.553,391.553,6900.0
0.9541,-40.538,-31.127,391.302,391.302,6900.0
0.9542,-34.214,-25.342,391.457,391.457,6900.0
0.9543,-36.302,-27.987,391.506,391.506,6900.0
0.9544,-39.725,-31.986,391.546,391.546,6900.0
0.9545,-31.974,-24.824,391.856,391.856,6900.0
0.9546,-44.838,-38.291,391.777,391.777,6900.0
0.9547,-33.131,-27.195,392.301,392.301,6900.0
0.9548,-41.923,-36.607,392.394,392.394,6900.0
0.9549,-38.898,-34.208,392.818,392.818,6900.0
0.955,-42.73,-38.667,393.029,393.029,6900.0
0.9551,-33.89,-30.455,393.538,393.538,6900.0
0.9552,-38.335,-35.526,393.807,393.807,6900.0
0.9553,-37.382,-35.194,394.198,394.198,6900.0
0.9554,-44.143,-42.569,394.439,394.439,6900.0
0.9555,-38.838,-37.868,395.011,395.011,6900.0
0.9556,-40.085,-39.708,395.405,395.405,6900.0
0.9557,-42.615,-42.816,395.823,395.823,6900.0
0.9558,-39.51,-40.272,396.381,396.381,6900.0
0.9559,-38.048,-39.353,396.946,396.946,6900.0
0.956,-37.195,-39.022,397.519,397.519,6900.0
0.9561,-36.057,-38.383,398.062,398.062,6900.0
0.9562,-35.228,-38.027,398.615,398.615,6900.0
0.9563,-34.245,-37.491,399.141,399.141,6900.0
0.9564,-33.784,-37.449,399.684,399.684,6900.0
0.9565,-33.396,-37.449,400.218,400.218,6900.0
0.9566,-38.819,-43.229,400.608,400.608,6900.0
0.9567,-38.242,-42.975,401.139,401.139,6900.0
0.9568,-37.571,-42.592,401.654,401.654,6900.0
0.9569,-37.497,-42.771,402.152,402.152,6900.0
0.957,-31.575,-37.066,402.781,402.781,6900.0
0.9571,-31.985,-37.655,403.265,403.265,6900.0
0.9572,-32.905,-38.716,403.774,403.774,6900.0
0.9573,-33.394,-39.307,404.267,404.267,6900.0
0.9574,-33.43,-39.406,404.724,404.724,6900.0
0.9575,-33.262,-39.262,405.182,405.182,6900.0
0.9576,-32.348,-38.332,405.621,405.621,6900.0
0.9577,-31.318,-37.247,406.032,406.032,6900.0
0.9578,-29.366,-35.2,406.437,406.437,6900.0
0.9579,-32.857,-38.559,406.699,406.699,6900.0
0.958,-36.386,-41.916,406.957,406.957,6900.0
0.9581,-32.74,-38.061,407.334,407.334,6900.0
0.9582,-29.201,-34.276,407.678,407.678,6900.0
0.9583,-31.615,-36.409,407.886,407.886,6900.0
0.9584,-33.293,-37.769,408.126,408.126,6900.0
0.9585,-27.602,-31.729,408.455,408.455,6900.0
0.9586,-34.586,-38.332,408.531,408.531,6900.0
0.9587,-27.601,-30.933,408.844,408.844,6900.0
0.9588,-32.971,-35.862,408.904,408.904,6900.0
0.9589,-30.211,-32.633,409.076,409.076,6900.0
0.959,-26.469,-28.398,409.239,409.239,6900.0
0.9591,-27.97,-29.381,409.279,409.279,6900.0
0.9592,-35.355,-36.227,409.207,409.207,6900.0
0.9593,-27.961,-28.276,409.353,409.353,6900.0
0.9594,-27.014,-26.754,409.389,409.389,6900.0
0.9595,-31.673,-30.823,409.291,409.291,6900.0
0.9596,-21.491,-20.039,409.386,409.386,6900.0
0.9597,-30.02,-27.956,409.183,409.183,6900.0
0.9598,-24.022,-21.338,409.167,409.167,6900.0
0.9599,-24.866,-21.556,409.039,409.039,6900.0
0.96,-31.28,-27.343,408.793,408.793,6900.0
0.9601,-28.117,-23.551,408.651,408.651,6900.0
0.9602,-22.488,-17.297,408.499,408.499,6900.0
0.9603,-28.798,-22.986,408.127,408.127,6900.0
0.9604,-21.206,-14.78,407.959,407.959,6900.0
0.9605,-20.248,-13.217,407.693,407.693,6900.0
0.9606,-23.528,-15.905,407.317,407.317,6900.0
0.9607,-18.038,-9.838,407.023,407.023,6900.0
0.9608,-24.382,-15.62,406.556,406.556,6900.0
0.9609,-16.56,-7.255,406.235,406.235,6900.0
0.961,-21.221,-11.394,405.748,405.748,6900.0
0.9611,-23.946,-13.621,405.26,405.26,6900.0
0.9612,-24.352,-13.552,404.761,404.761,6900.0
0.9613,-23.075,-11.829,404.253,404.253,6900.0
0.9614,-20.099,-8.435,403.74,403.74,6900.0
0.9615,-15.791,-3.738,403.217,403.217,6900.0
0.9616,-9.659,2.751,402.677,402.677,6900.0
0.9617,-15.538,-2.805,402.017,402.017,6900.0
0.9618,-12.774,0.248,401.418,401.418,6900.0
0.9619,-8.355,4.92,400.794,400.794,6900.0
0.962,-9.308,4.183,400.131,400.131,6900.0
0.9621,-0.0,13.67,399.492,399.492,6900.0
0.9622,-0.0,13.811,398.827,398.827,6900.0
0.9623,-0.0,13.913,398.161,398.161,6900.0
0.9624,-0.0,13.976,397.493,397.493,6900.0
0.9625,-0.0,14.0,396.825,396.825,6900.0
0.9626,-0.0,13.984,396.156,396.156,6900.0
0.9627,-0.0,13.929,395.485,395.485,6900.0
0.9628,-0.0,13.834,394.813,394.813,6900.0
0.9629,-0.0,13.701,394.14,394.14,6900.0
0.963,3.768,17.298,393.466,393.466,6900.0
0.9631,-0.0,13.321,392.809,392.809,6900.0
0.9632,-0.0,13.075,392.158,392.158,6900.0
0.9633,7.988,20.781,391.506,391.506,6900.0
0.9634,4.481,16.958,390.887,390.887,6900.0
0.9635,2.518,14.645,390.296,390.296,6900.0
0.9636,7.706,19.451,389.718,389.718,6900.0
0.9637,13.159,24.491,389.133,389.133,6900.0
0.9638,13.815,24.706,388.626,388.626,6900.0
0.9639,10.203,20.625,388.168,388.168,6900.0
0.964,16.129,26.057,387.722,387.722,6900.0
0.9641,17.415,26.826,387.316,387.316,6900.0
0.9642,13.839,22.711,387.031,387.031,6900.0
0.9643,24.057,32.371,386.68,386.68,6900.0
0.9644,16.309,24.049,386.558,386.558,6900.0
0.9645,22.124,29.274,386.339,386.339,6900.0
0.9646,28.582,35.129,386.138,386.138,6900.0
0.9647,23.089,29.024,386.186,386.186,6900.0
0.9648,30.858,36.174,386.076,386.076,6900.0
0.9649,26.652,31.342,386.188,386.188,6900.0
0.965,29.439,33.502,386.246,386.246,6900.0
0.9651,33.593,37.027,386.343,386.343,6900.0
0.9652,33.518,36.327,386.603,386.603,6900.0
0.9653,41.261,43.449,386.751,386.751,6900.0
0.9654,37.239,38.813,387.241,387.241,6900.0
0.9655,39.996,40.966,387.596,387.596,6900.0
0.9656,43.755,44.132,388.017,388.017,6900.0
0.9657,41.873,41.672,388.615,388.615,6900.0
0.9658,40.643,39.881,389.246,389.246,6900.0
0.9659,38.974,37.669,389.91,389.91,6900.0
0.966,49.697,47.87,390.263,390.263,6900.0
0.9661,47.835,45.509,391.015,391.015,6900.0
0.9662,46.189,43.39,391.786,391.786,6900.0
0.9663,45.539,42.293,392.565,392.565,6900.0
0.9664,44.998,41.333,393.367,393.367,6900.0
0.9665,44.934,40.881,394.197,394.197,6900.0
0.9666,45.572,41.162,395.043,395.043,6900.0
0.9667,46.357,41.625,395.91,395.91,6900.0
0.9668,48.054,43.033,396.781,396.781,6900.0
0.9669,49.482,44.207,397.663,397.663,6900.0
0.967,50.822,45.331,398.545,398.545,6900.0
0.9671,51.829,46.159,399.427,399.427,6900.0
0.9672,51.711,45.9,400.285,400.285,6900.0
0.9673,51.337,45.424,401.175,401.175,6900.0
0.9674,50.253,44.277,402.046,402.046,6900.0
0.9675,49.119,43.119,402.922,402.922,6900.0
0.9676,47.864,41.88,403.763,403.763,6900.0
0.9677,45.767,39.838,404.594,404.594,6900.0
0.9678,43.604,37.769,405.397,405.397,6900.0
0.9679,41.264,35.563,406.172,406.172,6900.0
0.968,45.69,40.161,406.771,406.771,6900.0
0.9681,50.152,44.831,407.35,407.35,6900.0
0.9682,46.729,41.654,408.083,408.083,6900.0
0.9683,42.259,37.466,408.772,408.772,6900.0
0.9684,36.905,32.429,409.385,409.385,6900.0
0.9685,44.256,40.129,409.686,409.686,6900.0
0.9686,37.352,33.607,410.265,410.265,6900.0
0.9687,42.556,39.224,410.484,410.484,6900.0
0.9688,33.01,30.119,411.007,411.007,6900.0
0.9689,42.823,40.4,411.026,411.026,6900.0
0.969,31.581,29.652,411.498,411.498,6900.0
0.9691,39.986,38.575,411.477,411.477,6900.0
0.9692,27.413,26.54,411.842,411.842,6900.0
0.9693,34.361,34.047,411.808,411.808,6900.0
0.9694,26.778,27.039,411.969,411.969,6900.0
0.9695,24.404,25.255,411.954,411.954,6900.0
0.9696,27.721,29.174,411.812,411.812,6900.0
0.9697,23.587,25.652,411.764,411.764,6900.0
0.9698,25.376,28.061,411.551,411.551,6900.0
0.9699,18.444,21.753,411.383,411.383,6900.0
0.97,15.844,19.781,411.116,411.116,6900.0
0.9701,18.065,22.63,410.737,410.737,6900.0
0.9702,12.813,18.004,410.41,410.41,6900.0
0.9703,8.051,13.863,410.039,410.039,6900.0
0.9704,15.337,21.763,409.548,409.548,6900.0
0.9705,6.551,13.581,409.119,409.119,6900.0
0.9706,9.489,17.111,408.587,408.587,6900.0
0.9707,4.409,12.61,408.044,408.044,6900.0
0.9708,5.902,14.664,407.476,407.476,6900.0
0.9709,5.861,15.166,406.874,406.874,6900.0
0.971,1.628,11.455,406.263,406.263,6900.0
0.9711,-0.0,10.325,405.634,405.634,6900.0
0.9712,-0.0,10.799,404.992,404.992,6900.0
0.9713,-0.0,11.246,404.341,404.341,6900.0
0.9714,-0.0,11.665,403.684,403.684,6900.0
0.9715,-0.0,12.053,403.025,403.025,6900.0
0.9716,-0.0,12.409,402.366,402.366,6900.0
0.9717,-0.0,12.732,401.706,401.706,6900.0
0.9718,-0.0,13.021,401.045,401.045,6900.0
0.9719,-0.0,13.274,400.382,400.382,6900.0
0.972,-0.0,13.491,399.719,399.719,6900.0
0.9721,-0.553,13.117,399.054,399.054,6900.0
0.9722,-2.679,11.132,398.388,398.388,6900.0
0.9723,-6.826,7.087,397.721,397.721,6900.0
0.9724,-12.288,1.688,397.053,397.053,6900.0
0.9725,-18.159,-4.159,396.384,396.384,6900.0
0.9726,-25.14,-11.156,395.714,395.714,6900.0
0.9727,-20.566,-6.638,395.194,395.194,6900.0
0.9728,-18.804,-4.969,394.691,394.691,6900.0
0.9729,-19.485,-5.783,394.201,394.201,6900.0
0.973,-21.265,-7.736,393.722,393.722,6900.0
0.9731,-24.896,-11.576,393.253,393.253,6900.0
0.9732,-30.957,-17.882,392.794,392.794,6900.0
0.9733,-26.792,-13.999,392.568,392.568,6900.0
0.9734,-31.397,-18.92,392.254,392.254,6900.0
0.9735,-29.027,-16.9,392.033,392.033,6900.0
0.9736,-33.396,-21.651,391.743,391.743,6900.0
0.9737,-25.951,-14.618,391.662,391.662,6900.0
0.9738,-33.399,-22.508,391.379,391.379,6900.0
0.9739,-36.406,-25.983,391.24,391.24,6900.0
0.974,-40.217,-30.289,391.091,391.091,6900.0
0.9741,-32.247,-22.836,391.221,391.221,6900.0
0.9742,-39.189,-30.317,391.133,391.133,6900.0
0.9743,-41.329,-33.015,391.149,391.149,6900.0
0.9744,-32.473,-24.733,391.487,391.487,6900.0
0.9745,-44.384,-37.234,391.407,391.407,6900.0
0.9746,-37.988,-31.44,391.781,391.781,6900.0
0.9747,-32.784,-26.849,392.13,392.13,6900.0
0.9748,-40.87,-35.555,392.24,392.24,6900.0
0.9749,-36.849,-32.158,392.638,392.638,6900.0
0.975,-46.554,-42.491,392.698,392.698,6900.0
0.9751,-37.965,-34.53,393.293,393.293,6900.0
0.9752,-42.885,-40.076,393.527,393.527,6900.0
0.9753,-35.338,-33.15,394.061,394.061,6900.0
0.9754,-41.604,-40.03,394.317,394.317,6900.0
0.9755,-36.125,-35.155,394.877,394.877,6900.0
0.9756,-45.311,-44.934,395.115,395.115,6900.0
0.9757,-42.387,-42.588,395.723,395.723,6900.0
0.9758,-39.474,-40.237,396.279,396.279,6900.0
0.9759,-37.213,-38.518,396.831,396.831,6900.0
0.976,-35.297,-37.124,397.359,397.359,6900.0
0.9761,-34.351,-36.676,397.921,397.921,6900.0
0.9762,-33.656,-36.455,398.463,398.463,6900.0
0.9763,-38.81,-42.056,398.854,398.854,6900.0
0.9764,-44.537,-48.202,399.248,399.248,6900.0
0.9765,-43.48,-47.533,399.785,399.785,6900.0
0.9766,-43.151,-47.56,400.296,400.296,6900.0
0.9767,-43.265,-47.997,400.807,400.807,6900.0
0.9768,-43.117,-48.139,401.317,401.317,6900.0
0.9769,-36.913,-42.187,401.955,401.955,6900.0
0.977,-37.236,-42.726,402.446,402.446,6900.0
0.9771,-31.274,-36.944,403.062,403.062,6900.0
0.9772,-31.938,-37.749,403.545,403.545,6900.0
0.9773,-32.144,-38.057,404.0,404.0,6900.0
0.9774,-32.452,-38.429,404.464,404.464,6900.0
0.9775,-32.052,-38.051,404.889,404.889,6900.0
0.9776,-30.771,-36.755,405.323,405.323,6900.0
0.9777,-29.271,-35.2,405.716,405.716,6900.0
0.9778,-33.661,-39.496,405.987,405.987,6900.0
0.9779,-38.387,-44.088,406.241,406.241,6900.0
0.978,-35.68,-41.21,406.657,406.657,6900.0
0.9781,-31.982,-37.303,407.05,407.05,6900.0
0.9782,-28.012,-33.087,407.402,407.402,6900.0
0.9783,-36.919,-41.712,407.508,407.508,6900.0
0.9784,-32.5,-36.977,407.854,407.854,6900.0
0.9785,-27.353,-31.48,408.167,408.167,6900.0
0.9786,-34.257,-38.003,408.274,408.274,6900.0
0.9787,-26.944,-30.277,408.572,408.572,6900.0
0.9788,-31.936,-34.827,408.645,408.645,6900.0
0.9789,-29.293,-31.715,408.789,408.789,6900.0
0.979,-25.904,-27.833,408.931,408.931,6900.0
0.9791,-27.901,-29.312,408.977,408.977,6900.0
0.9792,-35.508,-36.38,408.876,408.876,6900.0
0.9793,-28.154,-28.469,409.027,409.027,6900.0
0.9794,-26.655,-26.395,409.062,409.062,6900.0
0.9795,-30.819,-29.969,408.967,408.967,6900.0
0.9796,-27.93,-26.477,409.0,409.0,6900.0
0.9797,-30.731,-28.666,408.876,408.876,6900.0
0.9798,-25.107,-22.422,408.879,408.879,6900.0
0.9799,-31.024,-27.714,408.633,408.633,6900.0
0.98,-29.193,-25.256,408.491,408.491,6900.0
0.9801,-20.527,-15.962,408.454,408.454,6900.0
0.9802,-31.195,-26.004,408.093,408.093,6900.0
0.9803,-18.683,-12.871,408.026,408.026,6900.0
0.9804,-30.086,-23.66,407.571,407.571,6900.0
0.9805,-26.149,-19.118,407.307,407.307,6900.0
0.9806,-21.649,-14.027,407.03,407.03,6900.0
0.9807,-23.791,-15.59,406.666,406.666,6900.0
0.9808,-23.773,-15.011,406.277,406.277,6900.0
0.9809,-22.139,-12.833,405.895,405.895,6900.0
0.981,-19.193,-9.366,405.483,405.483,6900.0
0.9811,-22.408,-12.082,404.991,404.991,6900.0
0.9812,-24.772,-13.972,404.497,404.497,6900.0
0.9813,-18.396,-7.15,404.073,404.073,6900.0
0.9814,-23.076,-11.411,403.478,403.478,6900.0
0.9815,-19.024,-6.971,402.956,402.956,6900.0
0.9816,-12.721,-0.311,402.422,402.422,6900.0
0.9817,-18.289,-5.557,401.762,401.762,6900.0
0.9818,-8.219,4.803,401.206,401.206,6900.0
0.9819,-10.293,2.982,400.544,400.544,6900.0
0.982,-10.693,2.798,399.88,399.88,6900.0
0.9821,-0.0,13.67,399.248,399.248,6900.0
0.9822,-0.0,13.811,398.582,398.582,6900.0
0.9823,-0.0,13.913,397.916,397.916,6900.0
0.9824,-0.0,13.976,397.248,397.248,6900.0
0.9825,-0.0,13.999,396.579,396.579,6900.0
0.9826,-0.0,13.984,395.909,395.909,6900.0
0.9827,-0.0,13.929,395.238,395.238,6900.0
0.9828,-0.0,13.834,394.566,394.566,6900.0
0.9829,-0.0,13.701,393.893,393.893,6900.0
0.983,-0.0,13.53,393.223,393.223,6900.0
0.9831,1.984,15.305,392.559,392.559,6900.0
0.9832,4.342,17.416,391.908,391.908,6900.0
0.9833,4.217,17.01,391.268,391.268,6900.0
0.9834,-0.0,12.477,390.651,390.651,6900.0
0.9835,8.636,20.763,390.021,390.021,6900.0
0.9836,6.267,18.012,389.454,389.454,6900.0
0.9837,13.574,24.907,388.869,388.869,6900.0
0.9838,15.758,26.649,388.348,388.348,6900.0
0.9839,12.356,22.779,387.897,387.897,6900.0
0.984,17.233,27.161,387.439,387.439,6900.0
0.9841,17.441,26.853,387.045,387.045,6900.0
0.9842,13.608,22.481,386.755,386.755,6900.0
0.9843,23.73,32.044,386.4,386.4,6900.0
0.9844,21.785,29.525,386.202,386.202,6900.0
0.9845,27.203,34.353,385.995,385.995,6900.0
0.9846,20.531,27.079,385.973,385.973,6900.0
0.9847,33.678,39.614,385.706,385.706,6900.0
0.9848,28.562,33.878,385.795,385.795,6900.0
0.9849,25.138,29.828,385.902,385.902,6900.0
0.985,35.496,39.559,385.844,385.844,6900.0
0.9851,33.923,37.358,386.059,386.059,6900.0
0.9852,33.451,36.26,386.323,386.323,6900.0
0.9853,40.386,42.574,386.461,386.461,6900.0
0.9854,36.211,37.785,386.954,386.954,6900.0
0.9855,39.32,40.289,387.323,387.323,6900.0
0.9856,42.859,43.236,387.76,387.76,6900.0
0.9857,39.993,39.792,388.354,388.354,6900.0
0.9858,43.761,42.998,388.803,388.803,6900.0
0.9859,48.261,46.956,389.335,389.335,6900.0
0.986,47.064,45.237,390.049,390.049,6900.0
0.9861,45.707,43.381,390.804,390.804,6900.0
0.9862,44.458,41.658,391.554,391.554,6900.0
0.9863,43.749,40.502,392.317,392.317,6900.0
0.9864,43.435,39.77,393.102,393.102,6900.0
0.9865,44.151,40.098,393.939,393.939,6900.0
0.9866,44.831,40.422,394.802,394.802,6900.0
0.9867,45.696,40.963,395.688,395.688,6900.0
0.9868,46.8,41.778,396.57,396.57,6900.0
0.9869,47.471,42.196,397.438,397.438,6900.0
0.987,48.436,42.945,398.335,398.335,6900.0
0.9871,48.845,43.175,399.215,399.215,6900.0
0.9872,49.078,43.267,400.104,400.104,6900.0
0.9873,49.015,43.102,400.999,400.999,6900.0
0.9874,47.952,41.976,401.877,401.877,6900.0
0.9875,46.91,40.91,402.723,402.723,6900.0
0.9876,45.505,39.521,403.572,403.572,6900.0
0.9877,44.306,38.377,404.42,404.42,6900.0
0.9878,43.062,37.228,405.235,405.235,6900.0
0.9879,40.953,35.252,405.999,405.999,6900.0
0.988,51.578,46.049,406.426,406.426,6900.0
0.9881,48.356,43.036,407.203,407.203,6900.0
0.9882,44.884,39.809,407.955,407.955,6900.0
0.9883,40.78,35.987,408.63,408.63,6900.0
0.9884,41.927,37.451,409.102,409.102,6900.0
0.9885,42.054,37.927,409.602,409.602,6900.0
0.9886,34.477,30.732,410.174,410.174,6900.0
0.9887,39.787,36.455,410.429,410.429,6900.0
0.9888,31.054,28.163,410.914,410.914,6900.0
0.9889,34.836,32.413,411.107,411.107,6900.0
0.989,37.64,35.711,411.242,411.242,6900.0
0.9891,32.934,31.523,411.528,411.528,6900.0
0.9892,33.848,32.975,411.6,411.6,6900.0
0.9893,34.019,33.705,411.698,411.698,6900.0
0.9894,26.184,26.445,411.836,411.836,6900.0
0.9895,31.373,32.223,411.76,411.76,6900.0
0.9896,27.918,29.371,411.724,411.724,6900.0
0.9897,22.776,24.841,411.67,411.67,6900.0
0.9898,22.864,25.548,411.466,411.466,6900.0
0.9899,15.774,19.084,411.308,411.308,6900.0
0.99,21.792,25.729,410.995,410.995,6900.0
0.9901,19.204,23.769,410.71,410.71,6900.0
0.9902,14.079,19.27,410.394,410.394,6900.0
0.9903,13.82,19.632,409.967,409.967,6900.0
0.9904,13.189,19.615,409.529,409.529,6900.0
0.9905,12.58,19.61,409.04,409.04,6900.0
0.9906,11.003,18.625,408.546,408.546,6900.0
0.9907,-0.0,8.201,408.026,408.026,6900.0
0.9908,7.579,16.341,407.423,407.423,6900.0
0.9909,-0.0,9.305,406.845,406.845,6900.0
0.991,7.251,17.078,406.214,406.214,6900.0
0.9911,3.106,13.432,405.598,405.598,6900.0
0.9912,2.584,13.383,404.957,404.957,6900.0
0.9913,-0.0,11.246,404.31,404.31,6900.0
0.9914,-0.0,11.665,403.653,403.653,6900.0
0.9915,-0.0,12.053,402.995,402.995,6900.0
0.9916,-0.0,12.409,402.336,402.336,6900.0
0.9917,-0.0,12.732,401.675,401.675,6900.0
0.9918,-0.0,13.021,401.014,401.014,6900.0
0.9919,-0.0,13.274,400.351,400.351,6900.0
0.992,-0.0,13.491,399.688,399.688,6900.0
0.9921,-0.341,13.329,399.023,399.023,6900.0
0.9922,-1.978,11.833,398.357,398.357,6900.0
0.9923,-5.49,8.423,397.69,397.69,6900.0
0.9924,-10.537,3.439,397.022,397.022,6900.0
0.9925,-17.575,-3.575,396.353,396.353,6900.0
0.9926,-19.176,-5.192,395.767,395.767,6900.0
0.9927,-21.305,-7.376,395.161,395.161,6900.0
0.9928,-18.411,-4.577,394.659,394.659,6900.0
0.9929,-18.042,-4.34,394.164,394.164,6900.0
0.993,-20.643,-7.113,393.689,393.689,6900.0
0.9931,-25.406,-12.085,393.225,393.225,6900.0
0.9932,-31.151,-18.076,392.756,392.756,6900.0
0.9933,-24.992,-12.199,392.529,392.529,6900.0
0.9934,-33.74,-21.264,392.083,392.083,6900.0
0.9935,-32.252,-20.125,391.882,391.882,6900.0
0.9936,-26.281,-14.536,391.816,391.816,6900.0
0.9937,-32.932,-21.599,391.534,391.534,6900.0
0.9938,-33.148,-22.257,391.372,391.372,6900.0
0.9939,-34.472,-24.049,391.221,391.221,6900.0
0.994,-37.742,-27.813,391.07,391.07,6900.0
0.9941,-30.13,-20.719,391.212,391.212,6900.0
0.9942,-36.858,-27.986,391.093,391.093,6900.0
0.9943,-38.611,-30.297,391.102,391.102,6900.0
0.9944,-35.487,-27.747,391.287,391.287,6900.0
0.9945,-40.751,-33.601,391.352,391.352,6900.0
0.9946,-34.397,-27.849,391.71,391.71,6900.0
0.9947,-35.577,-29.642,391.939,391.939,6900.0
0.9948,-37.827,-32.512,392.167,392.167,6900.0
0.9949,-40.858,-36.167,392.436,392.436,6900.0
0.995,-43.919,-39.856,392.653,392.653,6900.0
0.9951,-34.799,-31.364,393.191,393.191,6900.0
0.9952,-39.403,-36.594,393.446,393.446,6900.0
0.9953,-38.853,-36.665,393.826,393.826,6900.0
0.9954,-39.322,-37.748,394.254,394.254,6900.0
0.9955,-39.795,-38.825,394.65,394.65,6900.0
0.9956,-41.472,-41.095,395.084,395.084,6900.0
0.9957,-37.571,-37.772,395.631,395.631,6900.0
0.9958,-35.269,-36.032,396.196,396.196,6900.0
0.9959,-39.959,-41.264,396.618,396.618,6900.0
0.996,-44.726,-46.553,397.029,397.029,6900.0
0.9961,-43.389,-45.715,397.604,397.604,6900.0
0.9962,-42.08,-44.88,398.178,398.178,6900.0
0.9963,-41.624,-44.87,398.723,398.723,6900.0
0.9964,-41.379,-45.044,399.261,399.261,6900.0
0.9965,-40.546,-44.599,399.823,399.823,6900.0
0.9966,-40.063,-44.472,400.365,400.365,6900.0
0.9967,-39.42,-44.152,400.891,400.891,6900.0
0.9968,-39.343,-44.364,401.403,401.403,6900.0
0.9969,-39.689,-44.963,401.923,401.923,6900.0
0.997,-39.815,-45.306,402.409,402.409,6900.0
0.9971,-40.483,-46.153,402.907,402.907,6900.0
0.9972,-40.827,-46.638,403.384,403.384,6900.0
0.9973,-40.967,-46.88,403.865,403.865,6900.0
0.9974,-41.127,-47.103,404.314,404.314,6900.0
0.9975,-40.75,-46.749,404.76,404.76,6900.0
0.9976,-40.409,-46.393,405.197,405.197,6900.0
0.9977,-39.227,-45.155,405.655,405.655,6900.0
0.9978,-36.996,-42.83,406.101,406.101,6900.0
0.9979,-34.459,-40.16,406.514,406.514,6900.0
0.998,-31.371,-36.901,406.916,406.916,6900.0
0.9981,-28.366,-33.687,407.265,407.265,6900.0
0.9982,-37.979,-43.054,407.389,407.389,6900.0
0.9983,-33.342,-38.135,407.766,407.766,6900.0
0.9984,-28.28,-32.757,408.106,408.106,6900.0
0.9985,-36.042,-40.169,408.169,408.169,6900.0
0.9986,-30.131,-33.876,408.505,408.505,6900.0
0.9987,-29.881,-33.214,408.667,408.667,6900.0
0.9988,-28.616,-31.507,408.857,408.857,6900.0
0.9989,-32.687,-35.109,408.925,408.925,6900.0
0.999,-28.745,-30.673,409.074,409.074,6900.0
0.9991,-30.706,-32.117,409.151,409.151,6900.0
0.9992,-31.44,-32.312,409.166,409.166,6900.0
0.9993,-24.734,-25.048,409.318,409.318,6900.0
0.9994,-30.303,-30.043,409.26,409.26,6900.0
0.9995,-34.528,-33.678,409.15,409.15,6900.0
0.9996,-24.108,-22.656,409.274,409.274,6900.0
0.9997,-33.006,-30.942,409.073,409.073,6900.0
0.9998,-21.411,-18.726,409.18,409.18,6900.0
0.9999,-29.096,-25.786,408.969,408.969,6900.0
1.0,-27.599,-23.662,408.834,408.834,6900.0
1.0001,-24.198,-24.198,408.646,408.646,6900.0
1.0002,-26.354,-26.354,408.324,408.324,6900.0
1.0003,-15.191,-15.191,408.155,408.155,6900.0
1.0004,-23.683,-23.683,407.718,407.718,6900.0
1.0005,-15.984,-15.984,407.413,407.413,6900.0
1.0006,-12.516,-12.516,407.021,407.021,6900.0
1.0007,-20.311,-20.311,406.5,406.5,6900.0
1.0008,-13.384,-13.384,406.08,406.08,6900.0
1.0009,-12.501,-12.501,405.597,405.597,6900.0
1.001,-9.271,-9.271,405.07,405.07,6900.0
1.0011,-11.017,-11.017,404.494,404.494,6900.0
1.0012,-11.454,-11.454,403.916,403.916,6900.0
1.0013,-10.815,-10.815,403.325,403.325,6900.0
1.0014,-9.37,-9.37,402.728,402.728,6900.0
1.0015,-6.354,-6.354,402.114,402.114,6900.0
1.0016,-3.299,-3.299,401.486,401.486,6900.0
1.0017,-0.575,-0.575,400.846,400.846,6900.0
1.0018,-5.347,-5.347,400.184,400.184,6900.0
1.0019,-1.402,-1.402,399.531,399.531,6900.0
1.002,-2.183,-2.183,398.866,398.866,6900.0
1.0021,0.785,0.785,398.201,398.201,6900.0
1.0022,3.602,3.602,397.534,397.534,6900.0
1.0023,0.547,0.547,396.878,396.878,6900.0
1.0024,7.089,7.089,396.209,396.209,6900.0
1.0025,4.638,4.638,395.562,395.562,6900.0
1.0026,0.905,0.905,394.926,394.926,6900.0
1.0027,11.097,11.097,394.253,394.253,6900.0
1.0028,9.78,9.78,393.631,393.631,6900.0
1.0029,11.054,11.054,393.024,393.024,6900.0
1.003,13.412,13.412,392.432,392.432,6900.0
1.0031,16.41,16.41,391.845,391.845,6900.0
1.0032,14.871,14.871,391.337,391.337,6900.0
1.0033,15.662,15.662,390.832,390.832,6900.0
1.0034,13.303,13.303,390.411,390.411,6900.0
1.0035,24.573,24.573,389.881,389.881,6900.0
1.0036,16.604,16.604,389.573,389.573,6900.0
1.0037,22.347,22.347,389.133,389.133,6900.0
1.0038,23.878,23.878,388.806,388.806,6900.0
1.0039,21.216,21.216,388.556,388.556,6900.0
1.004,26.671,26.671,388.279,388.279,6900.0
1.0041,26.275,26.275,388.067,388.067,6900.0
1.0042,27.246,27.246,387.944,387.944,6900.0
1.0043,29.478,29.478,387.803,387.803,6900.0
1.0044,27.151,27.151,387.815,387.815,6900.0
1.0045,32.366,32.366,387.731,387.731,6900.0
1.0046,32.184,32.184,387.8,387.8,6900.0
1.0047,33.021,33.021,387.877,387.877,6900.0
1.0048,28.531,28.531,388.094,388.094,6900.0
1.0049,37.476,37.476,388.123,388.123,6900.0
1.005,34.598,34.598,388.378,388.378,6900.0
1.0051,39.746,39.746,388.59,388.59,6900.0
1.0052,33.143,33.143,389.031,389.031,6900.0
1.0053,39.757,39.757,389.268,389.268,6900.0
1.0054,34.178,34.178,389.761,389.761,6900.0
1.0055,42.175,42.175,390.005,390.005,6900.0
1.0056,38.574,38.574,390.569,390.569,6900.0
1.0057,42.138,42.138,391.016,391.016,6900.0
1.0058,46.006,46.006,391.504,391.504,6900.0
1.0059,43.418,43.418,392.168,392.168,6900.0
1.006,41.395,41.395,392.802,392.802,6900.0
1.0061,39.973,39.973,393.457,393.457,6900.0
1.0062,39.545,39.545,394.128,394.128,6900.0
1.0063,39.15,39.15,394.79,394.79,6900.0
1.0064,38.859,38.859,395.478,395.478,6900.0
1.0065,38.925,38.925,396.168,396.168,6900.0
1.0066,38.969,38.969,396.859,396.859,6900.0
1.0067,39.718,39.718,397.567,397.567,6900.0
1.0068,40.126,40.126,398.296,398.296,6900.0
1.0069,40.615,40.615,398.997,398.997,6900.0
1.007,41.105,41.105,399.718,399.718,6900.0
1.0071,41.007,41.007,400.404,400.404,6900.0
1.0072,41.198,41.198,401.092,401.092,6900.0
1.0073,40.966,40.966,401.782,401.782,6900.0
1.0074,40.796,40.796,402.465,402.465,6900.0
1.0075,40.485,40.485,403.144,403.144,6900.0
1.0076,39.239,39.239,403.799,403.799,6900.0
1.0077,37.788,37.788,404.451,404.451,6900.0
1.0078,35.964,35.964,405.054,405.054,6900.0
1.0079,40.69,40.69,405.511,405.511,6900.0
1.008,45.376,45.376,405.956,405.956,6900.0
1.0081,42.205,42.205,406.543,406.543,6900.0
1.0082,38.222,38.222,407.095,407.095,6900.0
1.0083,33.57,33.57,407.592,407.592,6900.0
1.0084,41.844,41.844,407.822,407.822,6900.0
1.0085,36.131,36.131,408.341,408.341,6900.0
1.0086,35.744,35.744,408.665,408.665,6900.0
1.0087,34.483,34.483,408.977,408.977,6900.0
1.0088,38.96,38.96,409.118,409.118,6900.0
1.0089,29.496,29.496,409.528,409.528,6900.0
1.009,32.62,32.62,409.673,409.673,6900.0
1.0091,34.912,34.912,409.749,409.749,6900.0
1.0092,29.534,29.534,409.985,409.985,6900.0
1.0093,36.442,36.442,409.911,409.911,6900.0
1.0094,28.357,28.357,410.08,410.08,6900.0
1.0095,26.242,26.242,410.113,410.113,6900.0
1.0096,29.774,29.774,410.006,410.006,6900.0
1.0097,25.935,25.935,410.007,410.007,6900.0
1.0098,27.115,27.115,409.833,409.833,6900.0
1.0099,19.445,19.445,409.767,409.767,6900.0
1.01,23.695,23.695,409.493,409.493,6900.0
1.0101,20.604,20.604,409.272,409.272,6900.0
1.0102,17.745,17.745,409.038,409.038,6900.0
1.0103,26.439,26.439,408.635,408.635,6900.0
1.0104,11.87,11.87,408.433,408.433,6900.0
1.0105,15.538,15.538,407.988,407.988,6900.0
1.0106,18.229,18.229,407.557,407.557,6900.0
1.0107,13.842,13.842,407.14,407.14,6900.0
1.0108,15.179,15.179,406.68,406.68,6900.0
1.0109,13.841,13.841,406.182,406.182,6900.0
1.011,11.342,11.342,405.679,405.679,6900.0
1.0111,7.071,7.071,405.143,405.143,6900.0
1.0112,9.123,9.123,404.564,404.564,6900.0
1.0113,9.642,9.642,403.972,403.972,6900.0
1.0114,7.834,7.834,403.366,403.366,6900.0
1.0115,4.785,4.785,402.748,402.748,6900.0
1.0116,1.417,1.417,402.119,402.119,6900.0
1.0117,7.553,7.553,401.459,401.459,6900.0
1.0118,3.359,3.359,400.815,400.815,6900.0
1.0119,-0.0,-0.0,400.161,400.161,6900.0
1.012,0.751,0.751,399.497,399.497,6900.0
1.0121,-0.526,-0.526,398.832,398.832,6900.0
1.0122,-2.864,-2.864,398.166,398.166,6900.0
1.0123,-6.418,-6.418,397.498,397.498,6900.0
1.0124,-2.82,-2.82,396.846,396.846,6900.0
1.0125,-9.008,-9.008,396.177,396.177,6900.0
1.0126,-5.868,-5.868,395.537,395.537,6900.0
1.0127,-3.202,-3.202,394.915,394.915,6900.0
1.0128,-2.98,-2.98,394.306,394.306,6900.0
1.0129,-9.929,-9.929,393.68,393.68,6900.0
1.013,-11.87,-11.87,393.09,393.09,6900.0
1.0131,-8.981,-8.981,392.545,392.545,6900.0
1.0132,-15.668,-15.668,391.979,391.979,6900.0
1.0133,-11.076,-11.076,391.541,391.541,6900.0
1.0134,-19.207,-19.207,390.999,390.999,6900.0
1.0135,-14.952,-14.952,390.617,390.617,6900.0
1.0136,-25.273,-25.273,390.094,390.094,6900.0
1.0137,-25.452,-25.452,389.746,389.746,6900.0
1.0138,-27.942,-27.942,389.414,389.414,6900.0
1.0139,-18.685,-18.685,389.271,389.271,6900.0
1.014,-29.503,-29.503,388.889,388.889,6900.0
1.0141,-22.634,-22.634,388.808,388.808,6900.0
1.0142,-30.145,-30.145,388.574,388.574,6900.0
1.0143,-26.175,-26.175,388.547,388.547,6900.0
1.0144,-30.043,-30.043,388.456,388.456,6900.0
1.0145,-34.573,-34.573,388.352,388.352,6900.0
1.0146,-33.698,-33.698,388.459,388.459,6900.0
1.0147,-39.998,-39.998,388.396,388.396,6900.0
1.0148,-34.498,-34.498,388.656,388.656,6900.0
1.0149,-37.156,-37.156,388.802,388.802,6900.0
1.015,-34.843,-34.843,389.115,389.115,6900.0
1.0151,-39.771,-39.771,389.302,389.302,6900.0
1.0152,-38.753,-38.753,389.647,389.647,6900.0
1.0153,-38.97,-38.97,390.025,390.025,6900.0
1.0154,-39.949,-39.949,390.407,390.407,6900.0
1.0155,-42.568,-42.568,390.852,390.852,6900.0
1.0156,-39.209,-39.209,391.436,391.436,6900.0
1.0157,-41.927,-41.927,391.855,391.855,6900.0
1.0158,-45.32,-45.32,392.33,392.33,6900.0
1.0159,-42.505,-42.505,392.972,392.972,6900.0
1.016,-40.869,-40.869,393.622,393.622,6900.0
1.0161,-39.69,-39.69,394.27,394.27,6900.0
1.0162,-44.554,-44.554,394.773,394.773,6900.0
1.0163,-43.708,-43.708,395.467,395.467,6900.0
1.0164,-49.676,-49.676,395.991,395.991,6900.0
1.0165,-50.052,-50.052,396.698,396.698,6900.0
1.0166,-44.3,-44.3,397.579,397.579,6900.0
1.0167,-44.791,-44.791,398.292,398.292,6900.0
1.0168,-39.288,-39.288,399.173,399.173,6900.0
1.0169,-39.734,-39.734,399.893,399.893,6900.0
1.017,-40.139,-40.139,400.624,400.624,6900.0
1.0171,-40.571,-40.571,401.332,401.332,6900.0
1.0172,-40.346,-40.346,402.042,402.042,6900.0
1.0173,-40.283,-40.283,402.749,402.749,6900.0
1.0174,-39.618,-39.618,403.448,403.448,6900.0
1.0175,-38.535,-38.535,404.115,404.115,6900.0
1.0176,-37.599,-37.599,404.756,404.756,6900.0
1.0177,-36.318,-36.318,405.4,405.4,6900.0
1.0178,-41.802,-41.802,405.88,405.88,6900.0
1.0179,-40.177,-40.177,406.499,406.499,6900.0
1.018,-44.33,-44.33,406.963,406.963,6900.0
1.0181,-41.264,-41.264,407.557,407.557,6900.0
1.0182,-37.493,-37.493,408.123,408.123,6900.0
1.0183,-33.375,-33.375,408.646,408.646,6900.0
1.0184,-41.594,-41.594,408.874,408.874,6900.0
1.0185,-35.2,-35.2,409.378,409.378,6900.0
1.0186,-41.354,-41.354,409.553,409.553,6900.0
1.0187,-33.334,-33.334,410.025,410.025,6900.0
1.0188,-38.149,-38.149,410.178,410.178,6900.0
1.0189,-28.856,-28.856,410.568,410.568,6900.0
1.019,-31.986,-31.986,410.701,410.701,6900.0
1.0191,-34.218,-34.218,410.796,410.796,6900.0
1.0192,-35.377,-35.377,410.868,410.868,6900.0
1.0193,-28.875,-28.875,411.069,411.069,6900.0
1.0194,-27.934,-27.934,411.118,411.118,6900.0
1.0195,-26.184,-26.184,411.135,411.135,6900.0
1.0196,-29.976,-29.976,411.033,411.033,6900.0
1.0197,-25.237,-25.237,411.032,411.032,6900.0
1.0198,-25.218,-25.218,410.874,410.874,6900.0
1.0199,-17.734,-17.734,410.765,410.765,6900.0
1.02,-23.474,-23.474,410.478,410.478,6900.0
1.0201,-21.725,-21.725,410.231,410.231,6900.0
1.0202,-17.612,-17.612,410.011,410.011,6900.0
1.0203,-24.352,-24.352,409.596,409.596,6900.0
1.0204,-22.96,-22.96,409.259,409.259,6900.0
1.0205,-21.397,-21.397,408.896,408.896,6900.0
1.0206,-12.908,-12.908,408.585,408.585,6900.0
1.0207,-15.523,-15.523,408.127,408.127,6900.0
1.0208,-15.77,-15.77,407.642,407.642,6900.0
1.0209,-7.81,-7.81,407.205,407.205,6900.0
1.021,-12.035,-12.035,406.646,406.646,6900.0
1.0211,-15.432,-15.432,406.088,406.088,6900.0
1.0212,-3.215,-3.215,405.58,405.58,6900.0
1.0213,-2.282,-2.282,404.985,404.985,6900.0
1.0214,-6.433,-6.433,404.365,404.365,6900.0
1.0215,-9.002,-9.002,403.722,403.722,6900.0
1.0216,-5.654,-5.654,403.096,403.096,6900.0
1.0217,-2.408,-2.408,402.46,402.46,6900.0
1.0218,-0.351,-0.351,401.813,401.813,6900.0
1.0219,-2.558,-2.558,401.152,401.152,6900.0
1.022,-3.539,-3.539,400.49,400.49,6900.0
1.0221,0.564,0.564,399.829,399.829,6900.0
1.0222,2.576,2.576,399.165,399.165,6900.0
1.0223,5.802,5.802,398.499,398.499,6900.0
1.0224,2.784,2.784,397.849,397.849,6900.0
1.0225,9.779,9.779,397.181,397.181,6900.0
1.0226,7.776,7.776,396.544,396.544,6900.0
1.0227,5.074,5.074,395.923,395.923,6900.0
1.0228,3.343,3.343,395.312,395.312,6900.0
1.0229,4.018,4.018,394.71,394.71,6900.0
1.023,6.56,6.56,394.125,394.125,6900.0
1.0231,11.538,11.538,393.55,393.55,6900.0
1.0232,17.582,17.582,392.989,392.989,6900.0
1.0233,10.719,10.719,392.546,392.546,6900.0
1.0234,18.264,18.264,391.999,391.999,6900.0
1.0235,15.408,15.408,391.615,391.615,6900.0
1.0236,21.753,21.753,391.178,391.178,6900.0
1.0237,22.765,22.765,390.806,390.806,6900.0
1.0238,23.911,23.911,390.471,390.471,6900.0
1.0239,26.053,26.053,390.159,390.159,6900.0
1.024,23.755,23.755,389.963,389.963,6900.0
1.0241,29.882,29.882,389.662,389.662,6900.0
1.0242,24.611,24.611,389.577,389.577,6900.0
1.0243,27.107,27.107,389.442,389.442,6900.0
1.0244,30.46,30.46,389.34,389.34,6900.0
1.0245,28.615,28.615,389.347,389.347,6900.0
1.0246,34.783,34.783,389.285,389.285,6900.0
1.0247,29.143,29.143,389.488,389.488,6900.0
1.0248,30.912,30.912,389.598,389.598,6900.0
1.0249,33.66,33.66,389.718,389.718,6900.0
1.025,37.287,37.287,389.893,389.893,6900.0
1.0251,35.087,35.087,390.214,390.214,6900.0
1.0252,40.125,40.125,390.41,390.41,6900.0
1.0253,33.863,33.863,390.904,390.904,6900.0
1.0254,41.556,41.556,391.139,391.139,6900.0
1.0255,36.996,36.996,391.674,391.674,6900.0
1.0256,45.552,45.552,391.921,391.921,6900.0
1.0257,42.036,42.036,392.523,392.523,6900.0
1.0258,39.37,39.37,393.139,393.139,6900.0
1.0259,37.573,37.573,393.766,393.766,6900.0
1.026,42.016,42.016,394.244,394.244,6900.0
1.0261,46.786,46.786,394.743,394.743,6900.0
1.0262,45.397,45.397,395.417,395.417,6900.0
1.0263,44.393,44.393,396.092,396.092,6900.0
1.0264,44.293,44.293,396.792,396.792,6900.0
1.0265,44.084,44.084,397.49,397.49,6900.0
1.0266,44.012,44.012,398.182,398.182,6900.0
1.0267,44.232,44.232,398.88,398.88,6900.0
1.0268,44.241,44.241,399.581,399.581,6900.0
1.0269,44.859,44.859,400.294,400.294,6900.0
1.027,45.178,45.178,400.983,400.983,6900.0
1.0271,45.535,45.535,401.682,401.682,6900.0
1.0272,45.869,45.869,402.353,402.353,6900.0
1.0273,45.402,45.402,403.025,403.025,6900.0
1.0274,45.015,45.015,403.683,403.683,6900.0
1.0275,44.09,44.09,404.364,404.364,6900.0
1.0276,43.17,43.17,405.015,405.015,6900.0
1.0277,42.045,42.045,405.639,405.639,6900.0
1.0278,39.895,39.895,406.253,406.253,6900.0
1.0279,37.389,37.389,406.834,406.834,6900.0
1.028,34.353,34.353,407.407,407.407,6900.0
1.0281,44.607,44.607,407.677,407.677,6900.0
1.0282,41.135,41.135,408.276,408.276,6900.0
1.0283,36.507,36.507,408.829,408.829,6900.0
1.0284,37.496,37.496,409.18,409.18,6900.0
1.0285,37.98,37.98,409.564,409.564,6900.0
1.0286,31.268,31.268,410.023,410.023,6900.0
1.0287,37.228,37.228,410.213,410.213,6900.0
1.0288,28.823,28.823,410.588,410.588,6900.0
1.0289,32.647,32.647,410.729,410.729,6900.0
1.029,35.543,35.543,410.814,410.814,6900.0
1.0291,30.687,30.687,411.031,411.031,6900.0
1.0292,25.144,25.144,411.216,411.216,6900.0
1.0293,32.001,32.001,411.169,411.169,6900.0
1.0294,24.393,24.393,411.328,411.328,6900.0
1.0295,28.865,28.865,411.255,411.255,6900.0
1.0296,24.817,24.817,411.24,411.24,6900.0
1.0297,19.856,19.856,411.198,411.198,6900.0
1.0298,27.667,27.667,410.965,410.965,6900.0
1.0299,21.313,21.313,410.894,410.894,6900.0
1.03,20.502,20.502,410.701,410.701,6900.0
1.0301,23.723,23.723,410.403,410.403,6900.0
1.0302,18.454,18.454,410.164,410.164,6900.0
1.0303,12.966,12.966,409.892,409.892,6900.0
1.0304,21.042,21.042,409.461,409.461,6900.0
1.0305,14.224,14.224,409.162,409.162,6900.0
1.0306,17.662,17.662,408.727,408.727,6900.0
1.0307,12.231,12.231,408.313,408.313,6900.0
1.0308,18.906,18.906,407.786,407.786,6900.0
1.0309,11.089,11.089,407.356,407.356,6900.0
1.031,15.585,15.585,406.796,406.796,6900.0
1.0311,10.784,10.784,406.289,406.289,6900.0
1.0312,4.317,4.317,405.733,405.733,6900.0
1.0313,3.398,3.398,405.14,405.14,6900.0
1.0314,1.767,1.767,404.534,404.534,6900.0
1.0315,-0.0,-0.0,403.914,403.914,6900.0
1.0316,8.823,8.823,403.257,403.257,6900.0
1.0317,5.488,5.488,402.623,402.623,6900.0
1.0318,1.749,1.749,401.981,401.981,6900.0
1.0319,4.664,4.664,401.321,401.321,6900.0
1.032,0.385,0.385,400.666,400.666,6900.0
1.0321,-0.42,-0.42,400.003,400.003,6900.0
1.0322,-2.785,-2.785,399.339,399.339,6900.0
1.0323,-6.625,-6.625,398.673,398.673,6900.0
1.0324,-4.994,-4.994,398.021,398.021,6900.0
1.0325,-2.373,-2.373,397.377,397.377,6900.0
1.0326,-10.608,-10.608,396.709,396.709,6900.0
1.0327,-8.102,-8.102,396.077,396.077,6900.0
1.0328,-6.213,-6.213,395.46,395.46,6900.0
1.0329,-6.961,-6.961,394.86,394.86,6900.0
1.033,-9.624,-9.624,394.277,394.277,6900.0
1.0331,-12.829,-12.829,393.691,393.691,6900.0
1.0332,-17.292,-17.292,393.118,393.118,6900.0
1.0333,-10.78,-10.78,392.673,392.673,6900.0
1.0334,-20.073,-20.073,392.133,392.133,6900.0
1.0335,-18.376,-18.376,391.737,391.737,6900.0
1.0336,-16.93,-16.93,391.372,391.372,6900.0
1.0337,-22.232,-22.232,390.919,390.919,6900.0
1.0338,-16.27,-16.27,390.655,390.655,6900.0
1.0339,-25.528,-25.528,390.234,390.234,6900.0
1.034,-24.074,-24.074,390.038,390.038,6900.0
1.0341,-30.02,-30.02,389.742,389.742,6900.0
1.0342,-24.177,-24.177,389.654,389.654,6900.0
1.0343,-26.533,-26.533,389.508,389.508,6900.0
1.0344,-30.131,-30.131,389.397,389.397,6900.0
1.0345,-28.612,-28.612,389.401,389.401,6900.0
1.0346,-34.998,-34.998,389.341,389.341,6900.0
1.0347,-29.369,-29.369,389.551,389.551,6900.0
1.0348,-37.246,-37.246,389.523,389.523,6900.0
1.0349,-32.781,-32.781,389.756,389.756,6900.0
1.035,-42.462,-42.462,389.762,389.762,6900.0
1.0351,-33.853,-33.853,390.223,390.223,6900.0
1.0352,-39.533,-39.533,390.397,390.397,6900.0
1.0353,-33.369,-33.369,390.876,390.876,6900.0
1.0354,-40.339,-40.339,391.092,391.092,6900.0
1.0355,-35.475,-35.475,391.618,391.618,6900.0
1.0356,-44.228,-44.228,391.867,391.867,6900.0
1.0357,-41.643,-41.643,392.477,392.477,6900.0
1.0358,-39.581,-39.581,393.056,393.056,6900.0
1.0359,-37.227,-37.227,393.643,393.643,6900.0
1.036,-41.525,-41.525,394.108,394.108,6900.0
1.0361,-46.23,-46.23,394.593,394.593,6900.0
1.0362,-45.327,-45.327,395.255,395.255,6900.0
1.0363,-44.73,-44.73,395.936,395.936,6900.0
1.0364,-43.806,-43.806,396.595,396.595,6900.0
1.0365,-43.465,-43.465,397.274,397.274,6900.0
1.0366,-43.195,-43.195,397.945,397.945,6900.0
1.0367,-43.62,-43.62,398.658,398.658,6900.0
1.0368,-44.489,-44.489,399.355,399.355,6900.0
1.0369,-45.043,-45.043,400.033,400.033,6900.0
1.037,-45.97,-45.97,400.735,400.735,6900.0
1.0371,-46.396,-46.396,401.421,401.421,6900.0
1.0372,-46.538,-46.538,402.114,402.114,6900.0
1.0373,-46.622,-46.622,402.773,402.773,6900.0
1.0374,-46.1,-46.1,403.425,403.425,6900.0
1.0375,-45.713,-45.713,404.065,404.065,6900.0
1.0376,-44.606,-44.606,404.727,404.727,6900.0
1.0377,-42.79,-42.79,405.342,405.342,6900.0
1.0378,-40.915,-40.915,405.943,405.943,6900.0
1.0379,-38.676,-38.676,406.518,406.518,6900.0
1.038,-36.505,-36.505,407.106,407.106,6900.0
1.0381,-33.631,-33.631,407.657,407.657,6900.0
1.0382,-42.97,-42.97,407.902,407.902,6900.0
1.0383,-38.547,-38.547,408.436,408.436,6900.0
1.0384,-33.442,-33.442,408.936,408.936,6900.0
1.0385,-41.293,-41.293,409.124,409.124,6900.0
1.0386,-34.798,-34.798,409.618,409.618,6900.0
1.0387,-33.562,-33.562,409.895,409.895,6900.0
1.0388,-31.649,-31.649,410.176,410.176,6900.0
1.0389,-35.359,-35.359,410.312,410.312,6900.0
1.039,-31.493,-31.493,410.536,410.536,6900.0
1.0391,-33.87,-33.87,410.65,410.65,6900.0
1.0392,-35.05,-35.05,410.714,410.714,6900.0
1.0393,-28.597,-28.597,410.906,410.906,6900.0
1.0394,-27.488,-27.488,410.919,410.919,6900.0
1.0395,-25.315,-25.315,410.949,410.949,6900.0
1.0396,-28.821,-28.821,410.825,410.825,6900.0
1.0397,-25.149,-25.149,410.806,410.806,6900.0
1.0398,-26.965,-26.965,410.648,410.648,6900.0
1.0399,-26.566,-26.566,410.483,410.483,6900.0
1.04,-17.428,-17.428,410.386,410.386,6900.0
1.0401,-27.499,-27.499,409.986,409.986,6900.0
1.0402,-16.978,-16.978,409.823,409.823,6900.0
1.0403,-19.799,-19.799,409.498,409.498,6900.0
1.0404,-19.64,-19.64,409.131,409.131,6900.0
1.0405,-10.245,-10.245,408.816,408.816,6900.0
1.0406,-19.462,-19.462,408.303,408.303,6900.0
1.0407,-7.858,-7.858,407.955,407.955,6900.0
1.0408,-15.975,-15.975,407.417,407.417,6900.0
1.0409,-8.698,-8.698,406.974,406.974,6900.0
1.041,-12.552,-12.552,406.42,406.42,6900.0
1.0411,-15.256,-15.256,405.851,405.851,6900.0
1.0412,-3.339,-3.339,405.34,405.34,6900.0
1.0413,-3.735,-3.735,404.747,404.747,6900.0
1.0414,-2.387,-2.387,404.146,404.146,6900.0
1.0415,0.0,0.0,403.526,403.526,6900.0
1.0416,-8.236,-8.236,402.867,402.867,6900.0
1.0417,-4.23,-4.23,402.233,402.233,6900.0
1.0418,-0.754,-0.754,401.588,401.588,6900.0
1.0419,-3.475,-3.475,400.927,400.927,6900.0
1.042,-0.005,-0.005,400.269,400.269,6900.0
1.0421,0.496,0.496,399.605,399.605,6900.0
1.0422,2.699,2.699,398.941,398.941,6900.0
1.0423,6.476,6.476,398.275,398.275,6900.0
1.0424,3.576,3.576,397.622,397.622,6900.0
1.0425,9.512,9.512,396.954,396.954,6900.0
1.0426,6.593,6.593,396.314,396.314,6900.0
1.0427,3.391,3.391,395.687,395.687,6900.0
1.0428,3.121,3.121,395.08,395.08,6900.0
1.0429,3.956,3.956,394.478,394.478,6900.0
1.043,5.636,5.636,393.886,393.886,6900.0
1.0431,9.037,9.037,393.309,393.309,6900.0
1.0432,14.909,14.909,392.74,392.74,6900.0
1.0433,16.921,16.921,392.251,392.251,6900.0
1.0434,19.378,19.378,391.767,391.767,6900.0
1.0435,15.253,15.253,391.36,391.36,6900.0
1.0436,19.129,19.129,390.922,390.922,6900.0
1.0437,25.164,25.164,390.476,390.476,6900.0
1.0438,21.116,21.116,390.205,390.205,6900.0
1.0439,25.369,25.369,389.884,389.884,6900.0
1.044,29.962,29.962,389.564,389.564,6900.0
1.0441,22.701,22.701,389.459,389.459,6900.0
1.0442,30.103,30.103,389.224,389.224,6900.0
1.0443,25.863,25.863,389.195,389.195,6900.0
1.0444,29.546,29.546,389.096,389.096,6900.0
1.0445,33.897,33.897,388.982,388.982,6900.0
1.0446,26.556,26.556,389.137,389.137,6900.0
1.0447,39.358,39.358,388.968,388.968,6900.0
1.0448,33.821,33.821,389.211,389.211,6900.0
1.0449,36.35,36.35,389.341,389.341,6900.0
1.045,33.922,33.922,389.632,389.632,6900.0
1.0451,38.943,38.943,389.799,389.799,6900.0
1.0452,31.976,31.976,390.247,390.247,6900.0
1.0453,38.338,38.338,390.454,390.454,6900.0
1.0454,39.135,39.135,390.784,390.784,6900.0
1.0455,41.271,41.271,391.2,391.2,6900.0
1.0456,37.804,37.804,391.742,391.742,6900.0
1.0457,40.612,40.612,392.162,392.162,6900.0
1.0458,43.712,43.712,392.597,392.597,6900.0
1.0459,40.739,40.739,393.226,393.226,6900.0
1.046,38.459,38.459,393.847,393.847,6900.0
1.0461,37.257,37.257,394.457,394.457,6900.0
1.0462,42.454,42.454,394.939,394.939,6900.0
1.0463,48.18,48.18,395.423,395.423,6900.0
1.0464,47.855,47.855,396.117,396.117,6900.0
1.0465,47.767,47.767,396.802,396.802,6900.0
1.0466,48.525,48.525,397.498,397.498,6900.0
1.0467,49.021,49.021,398.178,398.178,6900.0
1.0468,49.485,49.485,398.87,398.87,6900.0
1.0469,43.319,43.319,399.729,399.729,6900.0
1.047,43.238,43.238,400.406,400.406,6900.0
1.0471,43.502,43.502,401.087,401.087,6900.0
1.0472,43.303,43.303,401.773,401.773,6900.0
1.0473,43.123,43.123,402.45,402.45,6900.0
1.0474,42.887,42.887,403.124,403.124,6900.0
1.0475,41.857,41.857,403.781,403.781,6900.0
1.0476,47.605,47.605,404.265,404.265,6900.0
1.0477,46.253,46.253,404.902,404.902,6900.0
1.0478,45.008,45.008,405.536,405.536,6900.0
1.0479,43.505,43.505,406.131,406.131,6900.0
1.048,40.921,40.921,406.707,406.707,6900.0
1.0481,37.642,37.642,407.269,407.269,6900.0
1.0482,33.634,33.634,407.797,407.797,6900.0
1.0483,42.62,42.62,408.037,408.037,6900.0
1.0484,37.711,37.711,408.554,408.554,6900.0
1.0485,31.637,31.637,409.016,409.016,6900.0
1.0486,37.796,37.796,409.214,409.214,6900.0
1.0487,29.901,29.901,409.613,409.613,6900.0
1.0488,34.903,34.903,409.756,409.756,6900.0
1.0489,32.446,32.446,409.985,409.985,6900.0
1.049,29.286,29.286,410.218,410.218,6900.0
1.0491,38.415,38.415,410.158,410.158,6900.0
1.0492,26.165,26.165,410.478,410.478,6900.0
1.0493,26.095,26.095,410.537,410.537,6900.0
1.0494,31.784,31.784,410.449,410.449,6900.0
1.0495,23.088,23.088,410.584,410.584,6900.0
1.0496,33.696,33.696,410.384,410.384,6900.0
1.0497,22.581,22.581,410.479,410.479,6900.0
1.0498,29.82,29.82,410.205,410.205,6900.0
1.0499,22.087,22.087,410.128,410.128,6900.0
1.05,20.886,20.886,409.941,409.941,6900.0
1.0501,26.104,26.104,409.624,409.624,6900.0
1.0502,16.252,16.252,409.47,409.47,6900.0
1.0503,16.749,16.749,409.147,409.147,6900.0
1.0504,22.236,22.236,408.704,408.704,6900.0
1.0505,13.182,13.182,408.395,408.395,6900.0
1.0506,18.021,18.021,407.943,407.943,6900.0
1.0507,14.379,14.379,407.55,407.55,6900.0
1.0508,15.092,15.092,407.076,407.076,6900.0
1.0509,13.832,13.832,406.577,406.577,6900.0
1.051,11.202,11.202,406.074,406.074,6900.0
1.0511,7.696,7.696,405.542,405.542,6900.0
1.0512,9.729,9.729,404.958,404.958,6900.0
1.0513,9.313,9.313,404.368,404.368,6900.0
1.0514,7.171,7.171,403.768,403.768,6900.0
1.0515,3.689,3.689,403.152,403.152,6900.0
1.0516,0.753,0.753,402.524,402.524,6900.0
1.0517,7.527,7.527,401.864,401.864,6900.0
1.0518,3.212,3.212,401.223,401.223,6900.0
1.0519,-0.0,-0.0,400.57,400.57,6900.0
1.052,1.25,1.25,399.907,399.907,6900.0
1.0521,-0.434,-0.434,399.243,399.243,6900.0
1.0522,-2.404,-2.404,398.578,398.578,6900.0
1.0523,-5.427,-5.427,397.911,397.911,6900.0
1.0524,-2.163,-2.163,397.259,397.259,6900.0
1.0525,-8.63,-8.63,396.59,396.59,6900.0
1.0526,-6.6,-6.6,395.95,395.95,6900.0
1.0527,-4.003,-4.003,395.327,395.327,6900.0
1.0528,-2.553,-2.553,394.716,394.716,6900.0
1.0529,-9.1,-9.1,394.088,394.088,6900.0
1.053,-10.992,-10.992,393.491,393.491,6900.0
1.0531,-8.787,-8.787,392.942,392.942,6900.0
1.0532,-15.253,-15.253,392.375,392.375,6900.0
1.0533,-15.275,-15.275,391.88,391.88,6900.0
1.0534,-15.857,-15.857,391.381,391.381,6900.0
1.0535,-18.621,-18.621,390.922,390.922,6900.0
1.0536,-24.027,-24.027,390.467,390.467,6900.0
1.0537,-25.154,-25.154,390.107,390.107,6900.0
1.0538,-26.713,-26.713,389.768,389.768,6900.0
1.0539,-22.422,-22.422,389.526,389.526,6900.0
1.054,-26.353,-26.353,389.22,389.22,6900.0
1.0541,-32.056,-32.056,388.919,388.919,6900.0
1.0542,-26.456,-26.456,388.88,388.88,6900.0
1.0543,-28.661,-28.661,388.777,388.777,6900.0
1.0544,-31.71,-31.71,388.633,388.633,6900.0
1.0545,-29.76,-29.76,388.661,388.661,6900.0
1.0546,-35.326,-35.326,388.588,388.588,6900.0
1.0547,-29.462,-29.462,388.801,388.801,6900.0
1.0548,-37.656,-37.656,388.763,388.763,6900.0
1.0549,-34.466,-34.466,389.029,389.029,6900.0
1.055,-38.418,-38.418,389.131,389.131,6900.0
1.0551,-36.531,-36.531,389.471,389.471,6900.0
1.0552,-41.724,-41.724,389.635,389.635,6900.0
1.0553,-35.147,-35.147,390.138,390.138,6900.0
1.0554,-42.681,-42.681,390.328,390.328,6900.0
1.0555,-38.164,-38.164,390.861,390.861,6900.0
1.0556,-39.951,-39.951,391.237,391.237,6900.0
1.0557,-42.649,-42.649,391.685,391.685,6900.0
1.0558,-39.459,-39.459,392.274,392.274,6900.0
1.0559,-37.684,-37.684,392.863,392.863,6900.0
1.056,-42.671,-42.671,393.349,393.349,6900.0
1.0561,-47.717,-47.717,393.832,393.832,6900.0
1.0562,-46.795,-46.795,394.5,394.5,6900.0
1.0563,-45.975,-45.975,395.182,395.182,6900.0
1.0564,-46.078,-46.078,395.85,395.85,6900.0
1.0565,-46.508,-46.508,396.531,396.531,6900.0
1.0566,-46.478,-46.478,397.219,397.219,6900.0
1.0567,-46.826,-46.826,397.911,397.911,6900.0
1.0568,-46.866,-46.866,398.613,398.613,6900.0
1.0569,-47.181,-47.181,399.318,399.318,6900.0
1.057,-47.73,-47.73,399.998,399.998,6900.0
1.0571,-47.856,-47.856,400.69,400.69,6900.0
1.0572,-48.365,-48.365,401.351,401.351,6900.0
1.0573,-48.416,-48.416,402.026,402.026,6900.0
1.0574,-48.108,-48.108,402.694,402.694,6900.0
1.0575,-47.812,-47.812,403.357,403.357,6900.0
1.0576,-47.032,-47.032,404.004,404.004,6900.0
1.0577,-46.397,-46.397,404.63,404.63,6900.0
1.0578,-45.013,-45.013,405.27,405.27,6900.0
1.0579,-42.588,-42.588,405.891,405.891,6900.0
1.058,-39.826,-39.826,406.474,406.474,6900.0
1.0581,-36.476,-36.476,407.038,407.038,6900.0
1.0582,-32.991,-32.991,407.575,407.575,6900.0
1.0583,-42.048,-42.048,407.802,407.802,6900.0
1.0584,-36.649,-36.649,408.332,408.332,6900.0
1.0585,-30.641,-30.641,408.797,408.797,6900.0
1.0586,-37.387,-37.387,408.978,408.978,6900.0
1.0587,-30.351,-30.351,409.413,409.413,6900.0
1.0588,-35.775,-35.775,409.573,409.573,6900.0
1.0589,-33.2,-33.2,409.825,409.825,6900.0
1.059,-29.79,-29.79,410.075,410.075,6900.0
1.0591,-38.69,-38.69,410.022,410.022,6900.0
1.0592,-26.323,-26.323,410.348,410.348,6900.0
1.0593,-26.363,-26.363,410.412,410.412,6900.0
1.0594,-32.372,-32.372,410.332,410.332,6900.0
1.0595,-30.454,-30.454,410.331,410.331,6900.0
1.0596,-27.201,-27.201,410.357,410.357,6900.0
1.0597,-29.021,-29.021,410.212,410.212,6900.0
1.0598,-23.326,-23.326,410.173,410.173,6900.0
1.0599,-30.626,-30.626,409.908,409.908,6900.0
1.06,-16.874,-16.874,409.885,409.885,6900.0
1.0601,-27.833,-27.833,409.486,409.486,6900.0
1.0602,-22.783,-22.783,409.261,409.261,6900.0
1.0603,-16.898,-16.898,409.002,409.002,6900.0
1.0604,-17.613,-17.613,408.622,408.622,6900.0
1.0605,-18.175,-18.175,408.252,408.252,6900.0
1.0606,-22.639,-22.639,407.802,407.802,6900.0
1.0607,-11.131,-11.131,407.457,407.457,6900.0
1.0608,-17.836,-17.836,406.922,406.922,6900.0
1.0609,-9.748,-9.748,406.486,406.486,6900.0
1.061,-14.569,-14.569,405.93,405.93,6900.0
1.0611,-10.455,-10.455,405.413,405.413,6900.0
1.0612,-4.208,-4.208,404.862,404.862,6900.0
1.0613,-3.071,-3.071,404.266,404.266,6900.0
1.0614,-1.271,-1.271,403.661,403.661,6900.0
1.0615,-5.023,-5.023,403.033,403.033,6900.0
1.0616,-8.095,-8.095,402.383,402.383,6900.0
1.0617,-4.839,-4.839,401.748,401.748,6900.0
1.0618,-1.9,-1.9,401.103,401.103,6900.0
1.0619,-5.14,-5.14,400.44,400.44,6900.0
1.062,-0.699,-0.699,399.785,399.785,6900.0
1.0621,0.312,0.312,399.121,399.121,6900.0
1.0622,2.314,2.314,398.455,398.455,6900.0
1.0623,6.127,6.127,397.789,397.789,6900.0
1.0624,3.711,3.711,397.136,397.136,6900.0
1.0625,0.821,0.821,396.494,396.494,6900.0
1.0626,9.736,9.736,395.824,395.824,6900.0
1.0627,7.063,7.063,395.191,395.191,6900.0
1.0628,5.29,5.29,394.574,394.574,6900.0
1.0629,5.449,5.449,393.973,393.973,6900.0
1.063,8.174,8.174,393.39,393.39,6900.0
1.0631,11.906,11.906,392.806,392.806,6900.0
1.0632,16.046,16.046,392.239,392.239,6900.0
1.0633,15.47,15.47,391.747,391.747,6900.0
1.0634,17.216,17.216,391.255,391.255,6900.0
1.0635,15.756,15.756,390.867,390.867,6900.0
1.0636,15.157,15.157,390.46,390.46,6900.0
1.0637,21.364,21.364,390.008,390.008,6900.0
1.0638,22.1,22.1,389.662,389.662,6900.0
1.0639,24.516,24.516,389.342,389.342,6900.0
1.064,22.818,22.818,389.115,389.115,6900.0
1.0641,29.284,29.284,388.835,388.835,6900.0
1.0642,29.735,29.735,388.682,388.682,6900.0
1.0643,25.087,25.087,388.673,388.673,6900.0
1.0644,34.534,34.534,388.452,388.452,6900.0
1.0645,26.402,26.402,388.611,388.611,6900.0
1.0646,38.751,38.751,388.435,388.435,6900.0
1.0647,33.016,33.016,388.659,388.659,6900.0
1.0648,35.185,35.185,388.765,388.765,6900.0
1.0649,37.956,37.956,388.872,388.872,6900.0
1.065,35.042,35.042,389.141,389.141,6900.0
1.0651,33.387,33.387,389.425,389.425,6900.0
1.0652,39.246,39.246,389.588,389.588,6900.0
1.0653,33.268,33.268,390.061,390.061,6900.0
1.0654,40.27,40.27,390.308,390.308,6900.0
1.0655,34.806,34.806,390.821,390.821,6900.0
1.0656,42.839,42.839,391.083,391.083,6900.0
1.0657,39.255,39.255,391.669,391.669,6900.0
1.0658,36.85,36.85,392.241,392.241,6900.0
1.0659,47.437,47.437,392.549,392.549,6900.0
1.066,45.467,45.467,393.191,393.191,6900.0
1.0661,44.076,44.076,393.861,393.861,6900.0
1.0662,43.242,43.242,394.533,394.533,6900.0
1.0663,43.368,43.368,395.198,395.198,6900.0
1.0664,43.339,43.339,395.868,395.868,6900.0
1.0665,43.206,43.206,396.574,396.574,6900.0
1.0666,43.211,43.211,397.281,397.281,6900.0
1.0667,43.015,43.015,397.985,397.985,6900.0
1.0668,43.433,43.433,398.694,398.694,6900.0
1.0669,43.592,43.592,399.375,399.375,6900.0
1.067,43.842,43.842,400.06,400.06,6900.0
1.0671,44.199,44.199,400.759,400.759,6900.0
1.0672,43.968,43.968,401.46,401.46,6900.0
1.0673,44.064,44.064,402.159,402.159,6900.0
1.0674,43.851,43.851,402.819,402.819,6900.0
1.0675,43.749,43.749,403.472,403.472,6900.0
1.0676,43.49,43.49,404.124,404.124,6900.0
1.0677,42.21,42.21,404.754,404.754,6900.0
1.0678,40.557,40.557,405.378,405.378,6900.0
1.0679,38.238,38.238,405.982,405.982,6900.0
1.068,35.773,35.773,406.55,406.55,6900.0
1.0681,39.362,39.362,406.952,406.952,6900.0
1.0682,42.026,42.026,407.377,407.377,6900.0
1.0683,37.114,37.114,407.912,407.912,6900.0
1.0684,31.593,31.593,408.398,408.398,6900.0
1.0685,39.24,39.24,408.612,408.612,6900.0
1.0686,33.031,33.031,409.081,409.081,6900.0
1.0687,39.15,39.15,409.241,409.241,6900.0
1.0688,30.797,30.797,409.675,409.675,6900.0
1.0689,34.946,34.946,409.796,409.796,6900.0
1.069,31.49,31.49,410.013,410.013,6900.0
1.0691,34.164,34.164,410.13,410.13,6900.0
1.0692,35.451,35.451,410.201,410.201,6900.0
1.0693,28.99,28.99,410.404,410.404,6900.0
1.0694,27.804,27.804,410.424,410.424,6900.0
1.0695,32.168,32.168,410.369,410.369,6900.0
1.0696,21.742,21.742,410.473,410.473,6900.0
1.0697,30.901,30.901,410.239,410.239,6900.0
1.0698,19.359,19.359,410.293,410.293,6900.0
1.0699,26.588,26.588,410.047,410.047,6900.0
1.07,24.736,24.736,409.86,409.86,6900.0
1.0701,21.443,21.443,409.648,409.648,6900.0
1.0702,17.83,17.83,409.422,409.422,6900.0
1.0703,20.746,20.746,409.076,409.076,6900.0
1.0704,15.0,15.0,408.798,408.798,6900.0
1.0705,13.055,13.055,408.429,408.429,6900.0
1.0706,22.211,22.211,407.92,407.92,6900.0
1.0707,16.25,16.25,407.538,407.538,6900.0
1.0708,10.275,10.275,407.125,407.125,6900.0
1.0709,16.362,16.362,406.579,406.579,6900.0
1.071,6.867,6.867,406.121,406.121,6900.0
1.0711,9.412,9.412,405.558,405.558,6900.0
1.0712,10.872,10.872,404.984,404.984,6900.0
1.0713,11.844,11.844,404.394,404.394,6900.0
1.0714,11.434,11.434,403.798,403.798,6900.0
1.0715,8.823,8.823,403.186,403.186,6900.0
1.0716,5.194,5.194,402.566,402.566,6900.0
1.0717,1.786,1.786,401.93,401.93,6900.0
1.0718,6.461,6.461,401.269,401.269,6900.0
1.0719,1.676,1.676,400.621,400.621,6900.0
1.072,2.432,2.432,399.958,399.958,6900.0
1.0721,-0.552,-0.552,399.295,399.295,6900.0
1.0722,-2.943,-2.943,398.63,398.63,6900.0
1.0723,-0.263,-0.263,397.976,397.976,6900.0
1.0724,-4.78,-4.78,397.308,397.308,6900.0
1.0725,-0.613,-0.613,396.664,396.664,6900.0
1.0726,-8.12,-8.12,395.994,395.994,6900.0
1.0727,-3.915,-3.915,395.368,395.368,6900.0
1.0728,-2.616,-2.616,394.757,394.757,6900.0
1.0729,-9.792,-9.792,394.132,394.132,6900.0
1.073,-11.27,-11.27,393.539,393.539,6900.0
1.0731,-7.842,-7.842,392.996,392.996,6900.0
1.0732,-12.852,-12.852,392.429,392.429,6900.0
1.0733,-21.015,-21.015,391.865,391.865,6900.0
1.0734,-17.794,-17.794,391.455,391.455,6900.0
1.0735,-14.741,-14.741,391.064,391.064,6900.0
1.0736,-24.824,-24.824,390.541,390.541,6900.0
1.0737,-17.061,-17.061,390.262,390.262,6900.0
1.0738,-18.799,-18.799,389.921,389.921,6900.0
1.0739,-28.916,-28.916,389.501,389.501,6900.0
1.074,-20.673,-20.673,389.393,389.393,6900.0
1.0741,-32.436,-32.436,389.004,389.004,6900.0
1.0742,-26.09,-26.09,388.966,388.966,6900.0
1.0743,-28.187,-28.187,388.852,388.852,6900.0
1.0744,-31.587,-31.587,388.729,388.729,6900.0
1.0745,-29.687,-29.687,388.761,388.761,6900.0
1.0746,-35.529,-35.529,388.716,388.716,6900.0
1.0747,-29.424,-29.424,388.932,388.932,6900.0
1.0748,-30.492,-30.492,389.038,389.038,6900.0
1.0749,-39.183,-39.183,389.039,389.039,6900.0
1.075,-36.224,-36.224,389.307,389.307,6900.0
1.0751,-34.888,-34.888,389.628,389.628,6900.0
1.0752,-40.601,-40.601,389.827,389.827,6900.0
1.0753,-33.973,-33.973,390.297,390.297,6900.0
1.0754,-40.858,-40.858,390.523,390.523,6900.0
1.0755,-35.827,-35.827,391.061,391.061,6900.0
1.0756,-44.832,-44.832,391.321,391.321,6900.0
1.0757,-41.608,-41.608,391.941,391.941,6900.0
1.0758,-38.255,-38.255,392.536,392.536,6900.0
1.0759,-41.817,-41.817,392.977,392.977,6900.0
1.076,-46.093,-46.093,393.462,393.462,6900.0
1.0761,-45.103,-45.103,394.116,394.116,6900.0
1.0762,-44.616,-44.616,394.79,394.79,6900.0
1.0763,-43.816,-43.816,395.485,395.485,6900.0
1.0764,-43.538,-43.538,396.163,396.163,6900.0
1.0765,-43.176,-43.176,396.873,396.873,6900.0
1.0766,-43.467,-43.467,397.582,397.582,6900.0
1.0767,-44.067,-44.067,398.268,398.268,6900.0
1.0768,-44.193,-44.193,398.966,398.966,6900.0
1.0769,-44.658,-44.658,399.674,399.674,6900.0
1.077,-44.689,-44.689,400.393,400.393,6900.0
1.0771,-44.727,-44.727,401.11,401.11,6900.0
1.0772,-44.947,-44.947,401.795,401.795,6900.0
1.0773,-44.746,-44.746,402.48,402.48,6900.0
1.0774,-44.858,-44.858,403.165,403.165,6900.0
1.0775,-44.393,-44.393,403.848,403.848,6900.0
1.0776,-43.35,-43.35,404.506,404.506,6900.0
1.0777,-42.266,-42.266,405.134,405.134,6900.0
1.0778,-40.673,-40.673,405.761,405.761,6900.0
1.0779,-39.079,-39.079,406.38,406.38,6900.0
1.078,-36.642,-36.642,406.978,406.978,6900.0
1.0781,-39.57,-39.57,407.394,407.394,6900.0
1.0782,-42.274,-42.274,407.825,407.825,6900.0
1.0783,-37.6,-37.6,408.37,408.37,6900.0
1.0784,-32.803,-32.803,408.847,408.847,6900.0
1.0785,-40.505,-40.505,409.055,409.055,6900.0
1.0786,-33.738,-33.738,409.52,409.52,6900.0
1.0787,-39.525,-39.525,409.693,409.693,6900.0
1.0788,-31.222,-31.222,410.104,410.104,6900.0
1.0789,-35.677,-35.677,410.239,410.239,6900.0
1.079,-32.331,-32.331,410.479,410.479,6900.0
1.0791,-28.127,-28.127,410.695,410.695,6900.0
1.0792,-29.278,-29.278,410.771,410.771,6900.0
1.0793,-36.222,-36.222,410.724,410.724,6900.0
1.0794,-28.029,-28.029,410.887,410.887,6900.0
1.0795,-25.95,-25.95,410.929,410.929,6900.0
1.0796,-29.776,-29.776,410.821,410.821,6900.0
1.0797,-25.946,-25.946,410.824,410.824,6900.0
1.0798,-27.055,-27.055,410.651,410.651,6900.0
1.0799,-19.815,-19.815,410.589,410.589,6900.0
1.08,-24.995,-24.995,410.33,410.33,6900.0
1.0801,-23.126,-23.126,410.109,410.109,6900.0
1.0802,-20.491,-20.491,409.874,409.874,6900.0
1.0803,-22.112,-22.112,409.561,409.561,6900.0
1.0804,-20.704,-20.704,409.21,409.21,6900.0
1.0805,-11.204,-11.204,408.914,408.914,6900.0
1.0806,-14.779,-14.779,408.459,408.459,6900.0
1.0807,-18.289,-18.289,407.99,407.99,6900.0
1.0808,-12.571,-12.571,407.585,407.585,6900.0
1.0809,-18.502,-18.502,407.041,407.041,6900.0
1.081,-9.178,-9.178,406.593,406.593,6900.0
1.0811,-12.667,-12.667,406.026,406.026,6900.0
1.0812,-15.189,-15.189,405.457,405.457,6900.0
1.0813,-2.136,-2.136,404.937,404.937,6900.0
1.0814,-7.014,-7.014,404.319,404.319,6900.0
1.0815,-10.064,-10.064,403.678,403.678,6900.0
1.0816,-5.627,-5.627,403.059,403.059,6900.0
1.0817,-1.817,-1.817,402.426,402.426,6900.0
1.0818,-6.605,-6.605,401.766,401.766,6900.0
1.0819,-2.237,-2.237,401.118,401.118,6900.0
1.082,-3.417,-3.417,400.456,400.456,6900.0
1.0821,0.354,0.354,399.795,399.795,6900.0
1.0822,2.311,2.311,399.131,399.131,6900.0
1.0823,5.336,5.336,398.465,398.465,6900.0
1.0824,1.489,1.489,397.814,397.814,6900.0
1.0825,7.589,7.589,397.146,397.146,6900.0
1.0826,4.447,4.447,396.508,396.508,6900.0
1.0827,1.663,1.663,395.886,395.886,6900.0
1.0828,13.845,13.845,395.215,395.215,6900.0
1.0829,13.619,13.619,394.609,394.609,6900.0
1.083,15.49,15.49,394.012,394.012,6900.0
1.0831,13.019,13.019,393.479,393.479,6900.0
1.0832,12.954,12.954,392.952,392.952,6900.0
1.0833,20.429,20.429,392.391,392.391,6900.0
1.0834,14.534,14.534,391.972,391.972,6900.0
1.0835,23.213,23.213,391.441,391.441,6900.0
1.0836,20.948,20.948,391.068,391.068,6900.0
1.0837,15.364,15.364,390.784,390.784,6900.0
1.0838,23.888,23.888,390.351,390.351,6900.0
1.0839,19.762,19.762,390.113,390.113,6900.0
1.084,30.071,30.071,389.705,389.705,6900.0
1.0841,22.489,22.489,389.598,389.598,6900.0
1.0842,30.12,30.12,389.362,389.362,6900.0
1.0843,25.828,25.828,389.333,389.333,6900.0
1.0844,29.196,29.196,389.231,389.231,6900.0
1.0845,33.343,33.343,389.135,389.135,6900.0
1.0846,25.982,25.982,389.274,389.274,6900.0
1.0847,38.987,38.987,389.098,389.098,6900.0
1.0848,33.764,33.764,389.335,389.335,6900.0
1.0849,36.649,36.649,389.468,389.468,6900.0
1.085,40.381,40.381,389.587,389.587,6900.0
1.0851,32.125,32.125,390.024,390.024,6900.0
1.0852,37.196,37.196,390.217,390.217,6900.0
1.0853,43.215,43.215,390.406,390.406,6900.0
1.0854,37.771,37.771,390.939,390.939,6900.0
1.0855,39.602,39.602,391.304,391.304,6900.0
1.0856,41.915,41.915,391.739,391.739,6900.0
1.0857,37.941,37.941,392.293,392.293,6900.0
1.0858,40.893,40.893,392.717,392.717,6900.0
1.0859,45.038,45.038,393.173,393.173,6900.0
1.086,43.629,43.629,393.828,393.828,6900.0
1.0861,42.235,42.235,394.482,394.482,6900.0
1.0862,40.919,40.919,395.131,395.131,6900.0
1.0863,40.055,40.055,395.789,395.789,6900.0
1.0864,39.494,39.494,396.463,396.463,6900.0
1.0865,39.844,39.844,397.139,397.139,6900.0
1.0866,40.006,40.006,397.827,397.827,6900.0
1.0867,40.18,40.18,398.517,398.517,6900.0
1.0868,40.5,40.5,399.22,399.22,6900.0
1.0869,40.453,40.453,399.926,399.926,6900.0
1.087,40.891,40.891,400.641,400.641,6900.0
1.0871,40.992,40.992,401.327,401.327,6900.0
1.0872,41.102,41.102,402.014,402.014,6900.0
1.0873,41.159,41.159,402.708,402.708,6900.0
1.0874,40.421,40.421,403.391,403.391,6900.0
1.0875,39.807,39.807,404.053,404.053,6900.0
1.0876,38.814,38.814,404.693,404.693,6900.0
1.0877,37.85,37.85,405.34,405.34,6900.0
1.0878,36.696,36.696,405.959,405.959,6900.0
1.0879,34.561,34.561,406.527,406.527,6900.0
1.088,45.176,45.176,406.805,406.805,6900.0
1.0881,41.883,41.883,407.384,407.384,6900.0
1.0882,38.37,38.37,407.935,407.935,6900.0
1.0883,34.284,34.284,408.447,408.447,6900.0
1.0884,42.303,42.303,408.658,408.658,6900.0
1.0885,35.912,35.912,409.181,409.181,6900.0
1.0886,35.306,35.306,409.496,409.496,6900.0
1.0887,34.631,34.631,409.804,409.804,6900.0
1.0888,33.087,33.087,410.072,410.072,6900.0
1.0889,30.882,30.882,410.337,410.337,6900.0
1.089,34.162,34.162,410.451,410.451,6900.0
1.0891,29.688,29.688,410.635,410.635,6900.0
1.0892,38.076,38.076,410.607,410.607,6900.0
1.0893,31.701,31.701,410.835,410.835,6900.0
1.0894,24.357,24.357,410.971,410.971,6900.0
1.0895,29.375,29.375,410.903,410.903,6900.0
1.0896,32.974,32.974,410.772,410.772,6900.0
1.0897,21.418,21.418,410.843,410.843,6900.0
1.0898,21.953,21.953,410.707,410.707,6900.0
1.0899,28.761,28.761,410.418,410.418,6900.0
1.09,21.543,21.543,410.322,410.322,6900.0
1.0901,19.744,19.744,410.122,410.122,6900.0
1.0902,21.833,21.833,409.804,409.804,6900.0
1.0903,15.413,15.413,409.538,409.538,6900.0
1.0904,15.616,15.616,409.194,409.194,6900.0
1.0905,22.522,22.522,408.753,408.753,6900.0
1.0906,14.477,14.477,408.423,408.423,6900.0
1.0907,10.454,10.454,408.024,408.024,6900.0
1.0908,17.731,17.731,407.486,407.486,6900.0
1.0909,9.507,9.507,407.049,407.049,6900.0
1.091,14.382,14.382,406.492,406.492,6900.0
1.0911,10.781,10.781,405.976,405.976,6900.0
1.0912,4.382,4.382,405.421,405.421,6900.0
1.0913,3.478,3.478,404.828,404.828,6900.0
1.0914,1.235,1.235,404.225,404.225,6900.0
1.0915,4.673,4.673,403.597,403.597,6900.0
1.0916,8.176,8.176,402.946,402.946,6900.0
1.0917,4.927,4.927,402.313,402.313,6900.0
1.0918,2.04,2.04,401.669,401.669,6900.0
1.0919,-0.0,-0.0,401.017,401.017,6900.0
1.092,1.505,1.505,400.354,400.354,6900.0
1.0921,-0.155,-0.155,399.691,399.691,6900.0
1.0922,-1.711,-1.711,399.027,399.027,6900.0
1.0923,-5.203,-5.203,398.361,398.361,6900.0
1.0924,-2.31,-2.31,397.709,397.709,6900.0
1.0925,-3.216,-3.216,397.065,397.065,6900.0
1.0926,-8.419,-8.419,396.399,396.399,6900.0
1.0927,-5.115,-5.115,395.773,395.773,6900.0
1.0928,-3.176,-3.176,395.16,395.16,6900.0
1.0929,-9.733,-9.733,394.535,394.535,6900.0
1.093,-5.366,-5.366,393.969,393.969,6900.0
1.0931,-9.113,-9.113,393.392,393.392,6900.0
1.0932,-13.466,-13.466,392.819,392.819,6900.0
1.0933,-18.93,-18.93,392.253,392.253,6900.0
1.0934,-13.395,-13.395,391.84,391.84,6900.0
1.0935,-23.688,-23.688,391.305,391.305,6900.0
1.0936,-17.029,-17.029,390.994,390.994,6900.0
1.0937,-16.857,-16.857,390.611,390.611,6900.0
1.0938,-23.947,-23.947,390.194,390.194,6900.0
1.0939,-19.325,-19.325,389.928,389.928,6900.0
1.094,-30.263,-30.263,389.516,389.516,6900.0
1.0941,-23.393,-23.393,389.422,389.422,6900.0
1.0942,-24.386,-24.386,389.247,389.247,6900.0
1.0943,-32.587,-32.587,388.97,388.97,6900.0
1.0944,-29.049,-29.049,388.965,388.965,6900.0
1.0945,-33.551,-33.551,388.894,388.894,6900.0
1.0946,-26.44,-26.44,389.042,389.042,6900.0
1.0947,-33.251,-33.251,389.006,389.006,6900.0
1.0948,-34.813,-34.813,389.086,389.086,6900.0
1.0949,-37.326,-37.326,389.181,389.181,6900.0
1.095,-34.25,-34.25,389.474,389.474,6900.0
1.0951,-38.406,-38.406,389.638,389.638,6900.0
1.0952,-37.247,-37.247,389.942,389.942,6900.0
1.0953,-37.765,-37.765,390.284,390.284,6900.0
1.0954,-38.754,-38.754,390.636,390.636,6900.0
1.0955,-40.13,-40.13,391.034,391.034,6900.0
1.0956,-35.712,-35.712,391.562,391.562,6900.0
1.0957,-44.648,-44.648,391.856,391.856,6900.0
1.0958,-42.06,-42.06,392.479,392.479,6900.0
1.0959,-40.022,-40.022,393.071,393.071,6900.0
1.096,-37.81,-37.81,393.674,393.674,6900.0
1.0961,-42.432,-42.432,394.159,394.159,6900.0
1.0962,-47.637,-47.637,394.636,394.636,6900.0
1.0963,-47.406,-47.406,395.31,395.31,6900.0
1.0964,-47.591,-47.591,395.987,395.987,6900.0
1.0965,-47.425,-47.425,396.666,396.666,6900.0
1.0966,-47.703,-47.703,397.345,397.345,6900.0
1.0967,-47.757,-47.757,398.033,398.033,6900.0
1.0968,-48.183,-48.183,398.725,398.725,6900.0
1.0969,-48.772,-48.772,399.396,399.396,6900.0
1.097,-48.869,-48.869,400.079,400.079,6900.0
1.0971,-49.266,-49.266,400.769,400.769,6900.0
1.0972,-49.148,-49.148,401.469,401.469,6900.0
1.0973,-48.812,-48.812,402.159,402.159,6900.0
1.0974,-48.569,-48.569,402.843,402.843,6900.0
1.0975,-47.922,-47.922,403.514,403.514,6900.0
1.0976,-47.569,-47.569,404.17,404.17,6900.0
1.0977,-46.625,-46.625,404.811,404.811,6900.0
1.0978,-44.903,-44.903,405.451,405.451,6900.0
1.0979,-42.943,-42.943,406.076,406.076,6900.0
1.098,-40.421,-40.421,406.672,406.672,6900.0
1.0981,-37.831,-37.831,407.23,407.23,6900.0
1.0982,-34.334,-34.334,407.773,407.773,6900.0
1.0983,-42.811,-42.811,408.024,408.024,6900.0
1.0984,-37.404,-37.404,408.541,408.541,6900.0
1.0985,-31.384,-31.384,408.99,408.99,6900.0
1.0986,-38.345,-38.345,409.193,409.193,6900.0
1.0987,-31.138,-31.138,409.62,409.62,6900.0
1.0988,-36.168,-36.168,409.759,409.759,6900.0
1.0989,-33.457,-33.457,410.019,410.019,6900.0
1.099,-30.097,-30.097,410.277,410.277,6900.0
1.0991,-32.529,-32.529,410.362,410.362,6900.0
1.0992,-34.014,-34.014,410.429,410.429,6900.0
1.0993,-27.71,-27.71,410.585,410.585,6900.0
1.0994,-27.22,-27.22,410.642,410.642,6900.0
1.0995,-31.851,-31.851,410.551,410.551,6900.0
1.0996,-21.57,-21.57,410.65,410.65,6900.0
1.0997,-30.551,-30.551,410.412,410.412,6900.0
1.0998,-18.775,-18.775,410.453,410.453,6900.0
1.0999,-26.268,-26.268,410.2,410.2,6900.0
1.1,-24.837,-24.837,410.012,410.012,6900.0
1.1001,-21.383,-21.383,409.801,409.801,6900.0
1.1002,-17.203,-17.203,409.568,409.568,6900.0
1.1003,-26.286,-26.286,409.158,409.158,6900.0
1.1004,-21.16,-21.16,408.901,408.901,6900.0
1.1005,-13.6,-13.6,408.598,408.598,6900.0
1.1006,-16.576,-16.576,408.141,408.141,6900.0
1.1007,-11.262,-11.262,407.742,407.742,6900.0
1.1008,-18.423,-18.423,407.208,407.208,6900.0
1.1009,-11.376,-11.376,406.776,406.776,6900.0
1.101,-16.06,-16.06,406.218,406.218,6900.0
1.1011,-5.178,-5.178,405.729,405.729,6900.0
1.1012,-6.281,-6.281,405.144,405.144,6900.0
1.1013,-6.569,-6.569,404.55,404.55,6900.0
1.1014,-5.922,-5.922,403.954,403.954,6900.0
1.1015,-3.365,-3.365,403.344,403.344,6900.0
1.1016,-0.796,-0.796,402.716,402.716,6900.0
1.1017,-7.82,-7.82,402.057,402.057,6900.0
1.1018,-3.857,-3.857,401.415,401.415,6900.0
1.1019,-0.476,-0.476,400.764,400.764,6900.0
1.102,-1.796,-1.796,400.101,400.101,6900.0
1.1021,0.278,0.278,399.437,399.437,6900.0
1.1022,2.31,2.31,398.772,398.772,6900.0
1.1023,5.854,5.854,398.106,398.106,6900.0
1.1024,3.411,3.411,397.453,397.453,6900.0
1.1025,3.187,3.187,396.808,396.808,6900.0
1.1026,6.847,6.847,396.142,396.142,6900.0
1.1027,3.004,3.004,395.515,395.515,6900.0
1.1028,7.901,7.901,394.884,394.884,6900.0
1.1029,15.233,15.233,394.231,394.231,6900.0
1.103,10.677,10.677,393.687,393.687,6900.0
1.1031,6.919,6.919,393.135,393.135,6900.0
1.1032,11.403,11.403,392.573,392.573,6900.0
1.1033,18.414,18.414,392.011,392.011,6900.0
1.1034,14.874,14.874,391.593,391.593,6900.0
1.1035,18.91,18.91,391.135,391.135,6900.0
1.1036,22.542,22.542,390.677,390.677,6900.0
1.1037,20.814,20.814,390.316,390.316,6900.0
1.1038,21.092,21.378,389.985,389.985,6900.0
1.1039,25.034,25.034,389.66,389.66,6900.0
1.104,23.499,23.499,389.446,389.446,6900.0
1.1041,22.958,22.958,389.256,389.256,6900.0
1.1042,29.811,29.811,388.986,388.986,6900.0
1.1043,25.372,25.372,388.98,388.98,6900.0
1.1044,35.291,35.291,388.729,388.729,6900.0
1.1045,27.241,27.241,388.868,388.868,6900.0
1.1046,32.748,32.748,388.818,388.818,6900.0
1.1047,32.635,32.635,388.899,388.899,6900.0
1.1048,33.445,33.445,388.989,388.989,6900.0
1.1049,29.038,29.038,389.22,389.22,6900.0
1.105,38.507,38.507,389.234,389.234,6900.0
1.1051,36.741,36.741,389.576,389.576,6900.0
1.1052,36.004,36.004,389.875,389.875,6900.0
1.1053,36.277,36.277,390.215,390.215,6900.0
1.1054,43.277,43.277,390.427,390.427,6900.0
1.1055,38.41,38.41,390.972,390.972,6900.0
1.1056,40.91,40.91,391.361,391.361,6900.0
1.1057,44.5,44.5,391.811,391.811,6900.0
1.1058,41.567,41.567,392.427,392.427,6900.0
1.1059,38.64,38.64,393.026,393.026,6900.0
1.106,42.484,42.484,393.484,393.484,6900.0
1.1061,47.277,47.277,393.953,393.953,6900.0
1.1062,46.589,46.589,394.611,394.611,6900.0
1.1063,45.902,45.902,395.29,395.29,6900.0
1.1064,45.308,45.308,395.987,395.987,6900.0
1.1065,45.15,45.15,396.675,396.675,6900.0
1.1066,45.156,45.156,397.359,397.359,6900.0
1.1067,45.982,45.982,398.059,398.059,6900.0
1.1068,46.563,46.563,398.742,398.742,6900.0
1.1069,47.097,47.097,399.441,399.441,6900.0
1.107,47.663,47.663,400.12,400.12,6900.0
1.1071,47.616,47.616,400.808,400.808,6900.0
1.1072,47.839,47.839,401.499,401.499,6900.0
1.1073,47.54,47.54,402.193,402.193,6900.0
1.1074,47.186,47.186,402.875,402.875,6900.0
1.1075,46.722,46.722,403.547,403.547,6900.0
1.1076,45.431,45.431,404.196,404.196,6900.0
1.1077,44.144,44.144,404.844,404.844,6900.0
1.1078,42.592,42.441,405.488,405.488,6900.0
1.1079,40.851,40.851,406.081,406.081,6900.0
1.108,39.007,39.007,406.663,406.663,6900.0
1.1081,36.063,36.063,407.212,407.212,6900.0
1.1082,38.831,38.831,407.611,407.611,6900.0
1.1083,41.07,41.07,408.016,408.016,6900.0
1.1084,36.179,36.179,408.522,408.522,6900.0
1.1085,30.613,30.613,408.98,408.98,6900.0
1.1086,37.242,37.242,409.162,409.162,6900.0
1.1087,29.415,29.415,409.58,409.58,6900.0
1.1088,34.13,34.13,409.744,409.744,6900.0
1.1089,38.282,38.282,409.874,409.874,6900.0
1.109,28.318,28.318,410.257,410.257,6900.0
1.1091,30.8,30.8,410.368,410.368,6900.0
1.1092,25.68,25.68,410.56,410.56,6900.0
1.1093,26.056,26.056,410.614,410.614,6900.0
1.1094,32.05,32.05,410.542,410.542,6900.0
1.1095,23.516,23.516,410.671,410.671,6900.0
1.1096,34.217,34.217,410.477,410.477,6900.0
1.1097,23.789,23.789,410.595,410.595,6900.0
1.1098,32.022,32.022,410.347,410.347,6900.0
1.1099,17.946,17.946,410.359,410.359,6900.0
1.11,29.583,29.583,409.974,409.974,6900.0
1.1101,20.093,20.093,409.871,409.871,6900.0
1.1102,17.622,17.622,409.632,409.632,6900.0
1.1103,19.904,19.904,409.314,409.314,6900.0
1.1104,19.093,19.093,408.973,408.973,6900.0
1.1105,23.125,23.125,408.531,408.531,6900.0
1.1106,19.365,19.365,408.159,408.159,6900.0
1.1107,15.65,15.65,407.765,407.765,6900.0
1.1108,10.948,10.948,407.357,407.357,6900.0
1.1109,16.97,16.97,406.817,406.817,6900.0
1.111,8.094,8.094,406.374,406.374,6900.0
1.1111,10.929,10.929,405.809,405.809,6900.0
1.1112,13.338,13.338,405.238,405.238,6900.0
1.1113,7.436,7.436,404.696,404.696,6900.0
1.1114,12.599,12.599,404.058,404.058,6900.0
1.1115,9.179,9.179,403.454,403.454,6900.0
1.1116,4.724,4.724,402.835,402.835,6900.0
1.1117,1.21,1.21,402.201,402.201,6900.0
1.1118,6.222,6.222,401.54,401.54,6900.0
1.1119,2.044,2.044,400.892,400.892,6900.0
1.112,3.407,3.407,400.229,400.229,6900.0
1.1121,-0.179,-0.179,399.568,399.568,6900.0
1.1122,-2.028,-2.028,398.904,398.904,6900.0
1.1123,-5.169,-5.169,398.238,398.238,6900.0
1.1124,-1.348,-1.348,397.586,397.586,6900.0
1.1125,-7.266,-7.266,396.918,396.918,6900.0
1.1126,-4.104,-4.104,396.277,396.277,6900.0
1.1127,-1.126,-1.126,395.649,395.649,6900.0
1.1128,-13.631,-13.631,394.978,394.978,6900.0
1.1129,-13.59,-13.59,394.37,394.37,6900.0
1.113,-15.133,-15.133,393.772,393.772,6900.0
1.1131,-11.98,-11.98,393.244,393.244,6900.0
1.1132,-11.286,-11.286,392.716,392.716,6900.0
1.1133,-19.166,-19.166,392.159,392.159,6900.0
1.1134,-13.685,-13.685,391.74,391.74,6900.0
1.1135,-22.16,-22.16,391.201,391.201,6900.0
1.1136,-19.332,-19.332,390.808,390.808,6900.0
1.1137,-19.435,-19.435,390.45,390.45,6900.0
1.1138,-15.621,-15.621,390.179,390.179,6900.0
1.1139,-24.934,-25.231,389.755,389.755,6900.0
1.114,-22.789,-22.789,389.543,389.543,6900.0
1.1141,-27.897,-27.897,389.256,389.256,6900.0
1.1142,-22.138,-22.138,389.189,389.189,6900.0
1.1143,-30.635,-30.635,388.957,388.957,6900.0
1.1144,-27.188,-27.188,388.949,388.949,6900.0
1.1145,-31.369,-31.369,388.882,388.882,6900.0
1.1146,-29.934,-29.934,388.914,388.914,6900.0
1.1147,-36.406,-36.406,388.88,388.88,6900.0
1.1148,-37.457,-37.457,388.966,388.966,6900.0
1.1149,-33.482,-33.482,389.207,389.207,6900.0
1.115,-31.209,-31.209,389.472,389.472,6900.0
1.1151,-36.107,-36.107,389.641,389.641,6900.0
1.1152,-41.525,-41.525,389.798,389.798,6900.0
1.1153,-35.013,-35.013,390.297,390.297,6900.0
1.1154,-42.094,-42.094,390.515,390.515,6900.0
1.1155,-37.604,-37.604,391.065,391.065,6900.0
1.1156,-39.923,-39.923,391.433,391.433,6900.0
1.1157,-42.356,-42.356,391.879,391.879,6900.0
1.1158,-38.869,-38.869,392.455,392.455,6900.0
1.1159,-42.12,-42.12,392.908,392.908,6900.0
1.116,-46.961,-46.961,393.369,393.369,6900.0
1.1161,-45.892,-45.892,394.012,394.012,6900.0
1.1162,-44.701,-44.701,394.66,394.66,6900.0
1.1163,-44.172,-44.172,395.321,395.321,6900.0
1.1164,-43.761,-43.761,396.008,396.008,6900.0
1.1165,-44.195,-44.195,396.695,396.695,6900.0
1.1166,-44.881,-44.881,397.404,397.404,6900.0
1.1167,-45.079,-45.079,398.087,398.087,6900.0
1.1168,-45.555,-45.555,398.78,398.78,6900.0
1.1169,-45.574,-45.574,399.485,399.485,6900.0
1.117,-45.658,-45.658,400.188,400.188,6900.0
1.1171,-45.897,-45.897,400.86,400.86,6900.0
1.1172,-45.706,-45.706,401.532,401.532,6900.0
1.1173,-45.891,-45.891,402.206,402.206,6900.0
1.1174,-45.602,-45.602,402.881,402.881,6900.0
1.1175,-44.938,-44.938,403.54,403.54,6900.0
1.1176,-44.345,-44.345,404.182,404.182,6900.0
1.1177,-43.287,-43.287,404.84,404.84,6900.0
1.1178,-42.358,-42.358,405.468,405.468,6900.0
1.1179,-40.857,-40.702,406.06,406.06,6900.0
1.118,-37.915,-37.915,406.661,406.661,6900.0
1.1181,-34.709,-34.709,407.21,407.21,6900.0
1.1182,-44.078,-44.078,407.477,407.477,6900.0
1.1183,-39.929,-39.929,408.049,408.049,6900.0
1.1184,-34.921,-34.921,408.558,408.558,6900.0
1.1185,-35.223,-35.223,408.893,408.893,6900.0
1.1186,-35.161,-35.161,409.245,409.245,6900.0
1.1187,-34.217,-34.217,409.533,409.533,6900.0
1.1188,-33.12,-33.12,409.842,409.842,6900.0
1.1189,-37.791,-37.791,409.955,409.955,6900.0
1.119,-27.955,-27.955,410.326,410.326,6900.0
1.1191,-30.427,-30.427,410.428,410.428,6900.0
1.1192,-25.215,-25.215,410.609,410.609,6900.0
1.1193,-32.2,-32.2,410.564,410.564,6900.0
1.1194,-24.708,-24.708,410.729,410.729,6900.0
1.1195,-22.934,-22.934,410.729,410.729,6900.0
1.1196,-33.557,-33.557,410.527,410.527,6900.0
1.1197,-22.289,-22.289,410.618,410.618,6900.0
1.1198,-29.573,-29.573,410.378,410.378,6900.0
1.1199,-22.35,-22.35,410.301,410.301,6900.0
1.12,-21.923,-21.923,410.128,410.128,6900.0
1.1201,-27.259,-27.259,409.83,409.83,6900.0
1.1202,-23.404,-23.404,409.605,409.605,6900.0
1.1203,-17.428,-17.428,409.359,409.359,6900.0
1.1204,-23.679,-23.679,408.928,408.928,6900.0
1.1205,-16.231,-16.231,408.63,408.63,6900.0
1.1206,-15.184,-15.184,408.251,408.251,6900.0
1.1207,-11.927,-11.927,407.851,407.851,6900.0
1.1208,-19.221,-19.221,407.325,407.325,6900.0
1.1209,-11.069,-11.069,406.898,406.898,6900.0
1.121,-15.429,-15.429,406.349,406.349,6900.0
1.1211,-5.271,-5.271,405.87,405.87,6900.0
1.1212,-6.33,-6.33,405.287,405.287,6900.0
1.1213,-5.504,-5.504,404.699,404.699,6900.0
1.1214,-3.292,-3.292,404.097,404.097,6900.0
1.1215,-0.044,-0.044,403.483,403.483,6900.0
1.1216,-9.214,-9.214,402.825,402.825,6900.0
1.1217,-5.926,-5.926,402.193,402.193,6900.0
1.1218,-2.615,-2.615,401.552,401.552,6900.0
1.1219,0.0,0.0,400.9,400.9,6900.0
1.122,-1.741,-1.741,400.237,400.237,6900.0
1.1221,0.218,0.218,399.574,399.574,6900.0
1.1222,1.993,1.993,398.909,398.909,6900.0
1.1223,5.279,5.279,398.243,398.243,6900.0
1.1224,2.844,2.844,397.59,397.59,6900.0
1.1225,3.279,3.279,396.945,396.945,6900.0
1.1226,8.466,8.466,396.28,396.28,6900.0
1.1227,6.388,6.388,395.647,395.647,6900.0
1.1228,4.137,4.137,395.033,395.033,6900.0
1.1229,4.012,4.012,394.431,394.431,6900.0
1.123,5.549,5.549,393.839,393.839,6900.0
1.1231,9.431,9.431,393.263,393.263,6900.0
1.1232,14.546,14.546,392.696,392.696,6900.0
1.1233,20.096,20.096,392.125,392.125,6900.0
1.1234,14.16,14.16,391.699,391.699,6900.0
1.1235,24.05,24.05,391.168,391.168,6900.0
1.1236,17.508,17.508,390.863,390.863,6900.0
1.1237,24.838,24.838,390.407,390.407,6900.0
1.1238,25.658,25.658,390.059,390.059,6900.0
1.1239,27.422,27.422,389.728,389.728,6900.0
1.124,24.485,24.485,389.509,389.509,6900.0
1.1241,23.946,23.946,389.337,389.337,6900.0
1.1242,31.126,31.126,389.045,389.045,6900.0
1.1243,26.32,26.32,388.994,388.994,6900.0
1.1244,29.401,29.401,388.897,388.897,6900.0
1.1245,33.66,33.66,388.778,388.778,6900.0
1.1246,33.033,33.033,388.867,388.867,6900.0
1.1247,33.513,33.513,388.928,388.928,6900.0
1.1248,35.301,35.301,389.016,389.016,6900.0
1.1249,31.888,31.888,389.264,389.264,6900.0
1.125,35.426,35.426,389.399,389.399,6900.0
1.1251,39.61,39.61,389.526,389.526,6900.0
1.1252,32.065,32.065,389.95,389.95,6900.0
1.1253,38.498,38.498,390.159,390.159,6900.0
1.1254,39.452,39.452,390.495,390.495,6900.0
1.1255,40.921,40.921,390.913,390.913,6900.0
1.1256,36.148,36.148,391.458,391.458,6900.0
1.1257,44.877,44.877,391.725,391.725,6900.0
1.1258,41.939,41.939,392.348,392.348,6900.0
1.1259,40.08,40.08,392.976,392.976,6900.0
1.126,38.407,38.407,393.59,393.59,6900.0
1.1261,43.204,43.204,394.054,394.054,6900.0
1.1262,48.739,48.739,394.558,394.558,6900.0
1.1263,48.177,48.177,395.221,395.221,6900.0
1.1264,48.519,48.519,395.883,395.883,6900.0
1.1265,48.644,48.644,396.555,396.555,6900.0
1.1266,48.683,48.683,397.228,397.228,6900.0
1.1267,48.85,48.85,397.907,397.907,6900.0
1.1268,48.742,48.742,398.586,398.586,6900.0
1.1269,49.211,49.211,399.271,399.271,6900.0
1.127,49.313,49.313,399.97,399.97,6900.0
1.1271,49.443,49.443,400.669,400.669,6900.0
1.1272,42.989,42.989,401.524,401.524,6900.0
1.1273,42.645,42.645,402.191,402.191,6900.0
1.1274,42.62,42.62,402.851,402.851,6900.0
1.1275,42.224,42.224,403.509,403.509,6900.0
1.1276,41.863,41.863,404.153,404.153,6900.0
1.1277,41.268,41.268,404.787,404.787,6900.0
1.1278,46.312,46.312,405.252,405.252,6900.0
1.1279,44.151,44.151,405.877,405.877,6900.0
1.128,41.482,41.318,406.468,406.468,6900.0
1.1281,38.301,38.301,407.046,407.046,6900.0
1.1282,34.865,34.865,407.565,407.565,6900.0
1.1283,36.836,36.836,407.922,407.922,6900.0
1.1284,38.243,38.243,408.298,408.298,6900.0
1.1285,32.176,32.176,408.775,408.775,6900.0
1.1286,39.088,39.088,408.994,408.994,6900.0
1.1287,32.04,32.04,409.446,409.446,6900.0
1.1288,37.324,37.324,409.609,409.609,6900.0
1.1289,28.155,28.155,409.974,409.974,6900.0
1.129,31.454,31.454,410.092,410.092,6900.0
1.1291,27.302,27.302,410.315,410.315,6900.0
1.1292,35.547,35.547,410.29,410.29,6900.0
1.1293,29.324,29.324,410.498,410.498,6900.0
1.1294,28.592,28.592,410.532,410.532,6900.0
1.1295,26.574,26.574,410.534,410.534,6900.0
1.1296,30.042,30.042,410.446,410.446,6900.0
1.1297,25.26,25.26,410.406,410.406,6900.0
1.1298,26.85,26.85,410.272,410.272,6900.0
1.1299,27.66,27.66,410.112,410.112,6900.0
1.13,20.152,20.152,409.988,409.988,6900.0
1.1301,17.257,17.257,409.784,409.784,6900.0
1.1302,26.155,26.155,409.376,409.376,6900.0
1.1303,14.334,14.334,409.196,409.196,6900.0
1.1304,22.666,22.666,408.782,408.782,6900.0
1.1305,22.507,22.507,408.427,408.427,6900.0
1.1306,19.174,19.174,408.05,408.05,6900.0
1.1307,13.728,13.728,407.66,407.66,6900.0
1.1308,13.813,13.813,407.19,407.19,6900.0
1.1309,13.293,13.293,406.694,406.694,6900.0
1.131,11.681,11.681,406.192,406.192,6900.0
1.1311,7.407,7.407,405.662,405.662,6900.0
1.1312,8.746,8.746,405.084,405.084,6900.0
1.1313,8.517,8.517,404.497,404.497,6900.0
1.1314,7.585,7.585,403.894,403.894,6900.0
1.1315,5.464,5.464,403.279,403.279,6900.0
1.1316,2.492,2.492,402.655,402.655,6900.0
1.1317,-0.0,-0.0,402.018,402.018,6900.0
1.1318,5.054,5.054,401.357,401.357,6900.0
1.1319,1.001,1.001,400.707,400.707,6900.0
1.132,2.187,2.189,400.044,400.044,6900.0
1.1321,-0.25,-0.25,399.381,399.381,6900.0
1.1322,-2.353,-2.353,398.716,398.716,6900.0
1.1323,-5.813,-5.813,398.05,398.05,6900.0
1.1324,-3.466,-3.466,397.396,397.396,6900.0
1.1325,0.0,0.0,396.753,396.753,6900.0
1.1326,-7.638,-7.638,396.083,396.083,6900.0
1.1327,-3.991,-3.991,395.454,395.454,6900.0
1.1328,-1.903,-1.903,394.838,394.838,6900.0
1.1329,-8.933,-8.933,394.209,394.209,6900.0
1.133,-11.454,-11.454,393.614,393.614,6900.0
1.1331,-8.03,-8.03,393.074,393.074,6900.0
1.1332,-12.255,-12.255,392.504,392.504,6900.0
1.1333,-18.719,-18.719,391.946,391.946,6900.0
1.1334,-14.701,-14.701,391.528,391.528,6900.0
1.1335,-19.445,-19.445,391.071,391.071,6900.0
1.1336,-23.871,-23.871,390.606,390.606,6900.0
1.1337,-22.205,-22.205,390.248,390.248,6900.0
1.1338,-15.962,-15.962,389.979,389.979,6900.0
1.1339,-25.073,-25.073,389.586,389.586,6900.0
1.134,-23.38,-23.38,389.37,389.37,6900.0
1.1341,-23.046,-23.046,389.18,389.18,6900.0
1.1342,-29.95,-29.95,388.912,388.912,6900.0
1.1343,-25.448,-25.448,388.909,388.909,6900.0
1.1344,-35.321,-35.321,388.657,388.657,6900.0
1.1345,-27.426,-27.426,388.799,388.799,6900.0
1.1346,-33.377,-33.377,388.7,388.7,6900.0
1.1347,-33.957,-33.957,388.797,388.797,6900.0
1.1348,-35.097,-35.097,388.889,388.889,6900.0
1.1349,-36.97,-36.97,388.984,388.984,6900.0
1.135,-40.027,-40.027,389.145,389.145,6900.0
1.1351,-31.344,-31.344,389.562,389.562,6900.0
1.1352,-36.871,-36.871,389.741,389.741,6900.0
1.1353,-43.333,-43.333,389.926,389.926,6900.0
1.1354,-37.47,-37.47,390.458,390.458,6900.0
1.1355,-38.809,-38.809,390.807,390.807,6900.0
1.1356,-41.286,-41.286,391.219,391.219,6900.0
1.1357,-38.577,-38.577,391.81,391.81,6900.0
1.1358,-36.319,-36.319,392.403,392.403,6900.0
1.1359,-46.618,-46.618,392.695,392.695,6900.0
1.136,-44.537,-44.537,393.35,393.35,6900.0
1.1361,-42.643,-42.643,393.984,393.984,6900.0
1.1362,-41.727,-41.727,394.651,394.651,6900.0
1.1363,-41.118,-41.118,395.338,395.338,6900.0
1.1364,-40.228,-40.228,396.002,396.002,6900.0
1.1365,-39.897,-39.897,396.688,396.688,6900.0
1.1366,-39.651,-39.651,397.367,397.367,6900.0
1.1367,-40.087,-40.087,398.089,398.089,6900.0
1.1368,-40.969,-40.969,398.798,398.798,6900.0
1.1369,-41.537,-41.537,399.489,399.489,6900.0
1.137,-42.443,-42.443,400.204,400.204,6900.0
1.1371,-42.857,-42.857,400.902,400.902,6900.0
1.1372,-43.012,-43.012,401.607,401.607,6900.0
1.1373,-43.127,-43.127,402.279,402.279,6900.0
1.1374,-42.622,-42.622,402.945,402.945,6900.0
1.1375,-42.257,-42.257,403.598,403.598,6900.0
1.1376,-41.24,-41.24,404.234,404.234,6900.0
1.1377,-39.524,-39.524,404.864,404.864,6900.0
1.1378,-37.715,-37.715,405.482,405.482,6900.0
1.1379,-35.503,-35.503,406.076,406.076,6900.0
1.138,-39.918,-39.918,406.519,406.519,6900.0
1.1381,-43.451,-43.961,406.937,406.937,6900.0
1.1382,-40.184,-40.184,407.51,407.51,6900.0
1.1383,-35.943,-35.943,408.036,408.036,6900.0
1.1384,-37.611,-37.611,408.379,408.379,6900.0
1.1385,-39.14,-39.14,408.742,408.742,6900.0
1.1386,-32.878,-32.878,409.208,409.208,6900.0
1.1387,-38.617,-38.617,409.362,409.362,6900.0
1.1388,-30.043,-30.043,409.776,409.776,6900.0
1.1389,-33.847,-33.847,409.943,409.943,6900.0
1.139,-36.934,-36.934,410.057,410.057,6900.0
1.1391,-25.833,-25.833,410.381,410.381,6900.0
1.1392,-33.953,-33.953,410.359,410.359,6900.0
1.1393,-34.419,-34.419,410.461,410.461,6900.0
1.1394,-26.936,-26.936,410.623,410.623,6900.0
1.1395,-31.667,-31.667,410.542,410.542,6900.0
1.1396,-22.142,-22.142,410.646,410.646,6900.0
1.1397,-32.162,-32.162,410.425,410.425,6900.0
1.1398,-20.859,-20.859,410.477,410.477,6900.0
1.1399,-27.713,-27.713,410.214,410.214,6900.0
1.14,-19.162,-19.162,410.112,410.112,6900.0
1.1401,-22.779,-22.779,409.828,409.828,6900.0
1.1402,-19.314,-19.314,409.586,409.586,6900.0
1.1403,-22.19,-22.19,409.262,409.262,6900.0
1.1404,-15.158,-15.158,408.978,408.978,6900.0
1.1405,-19.291,-19.291,408.556,408.556,6900.0
1.1406,-14.942,-14.942,408.158,408.158,6900.0
1.1407,-17.232,-17.232,407.716,407.716,6900.0
1.1408,-12.268,-12.268,407.28,407.28,6900.0
1.1409,-19.141,-19.141,406.738,406.738,6900.0
1.141,-10.096,-10.096,406.287,406.287,6900.0
1.1411,-13.429,-13.429,405.727,405.727,6900.0
1.1412,-8.864,-8.864,405.193,405.193,6900.0
1.1413,-3.309,-3.309,404.628,404.628,6900.0
1.1414,-2.047,-2.047,404.024,404.024,6900.0
1.1415,-5.623,-5.623,403.399,403.399,6900.0
1.1416,-7.429,-7.429,402.751,402.751,6900.0
1.1417,-3.006,-3.006,402.12,402.12,6900.0
1.1418,-0.939,-0.939,401.475,401.475,6900.0
1.1419,-2.569,-2.569,400.813,400.813,6900.0
1.142,-3.689,-3.689,400.15,400.15,6900.0
1.1421,0.199,0.209,399.49,399.49,6900.0
1.1422,1.98,1.98,398.825,398.825,6900.0
1.1423,5.183,5.183,398.158,398.158,6900.0
1.1424,1.374,1.374,397.507,397.507,6900.0
1.1425,6.81,6.81,396.839,396.839,6900.0
1.1426,3.208,3.208,396.199,396.199,6900.0
1.1427,6.222,6.222,395.562,395.562,6900.0
1.1428,11.885,11.885,394.904,394.904,6900.0
1.1429,12.46,12.46,394.294,394.294,6900.0
1.143,13.951,13.951,393.699,393.699,6900.0
1.1431,17.522,17.522,393.107,393.107,6900.0
1.1432,10.143,10.143,392.643,392.643,6900.0
1.1433,18.159,18.159,392.094,392.094,6900.0
1.1434,13.797,13.797,391.668,391.668,6900.0
1.1435,22.579,22.579,391.132,391.132,6900.0
1.1436,19.337,19.337,390.744,390.744,6900.0
1.1437,18.792,18.792,390.396,390.396,6900.0
1.1438,21.047,21.047,390.024,390.024,6900.0
1.1439,25.016,25.016,389.7,389.7,6900.0
1.144,22.691,22.691,389.478,389.478,6900.0
1.1441,28.175,28.175,389.189,389.189,6900.0
1.1442,28.455,28.455,389.012,389.012,6900.0
1.1443,24.253,24.253,388.979,388.979,6900.0
1.1444,33.912,33.912,388.749,388.749,6900.0
1.1445,25.285,25.285,388.885,388.885,6900.0
1.1446,36.806,36.806,388.686,388.686,6900.0
1.1447,30.296,30.296,388.886,388.886,6900.0
1.1448,37.612,37.612,388.856,388.856,6900.0
1.1449,33.328,33.328,389.098,389.098,6900.0
1.145,37.246,37.246,389.266,389.266,6900.0
1.1451,35.712,35.712,389.534,389.534,6900.0
1.1452,35.18,35.18,389.854,389.854,6900.0
1.1453,41.382,41.382,390.065,390.065,6900.0
1.1454,35.673,35.673,390.573,390.573,6900.0
1.1455,43.886,43.886,390.784,390.784,6900.0
1.1456,40.214,40.214,391.366,391.366,6900.0
1.1457,36.665,36.665,391.913,391.913,6900.0
1.1458,45.88,45.88,392.197,392.197,6900.0
1.1459,42.896,42.896,392.817,392.817,6900.0
1.146,40.653,40.653,393.467,393.467,6900.0
1.1461,39.613,39.476,394.107,394.107,6900.0
1.1462,38.4,38.4,394.754,394.754,6900.0
1.1463,43.811,43.811,395.267,395.267,6900.0
1.1464,43.462,43.462,395.948,395.948,6900.0
1.1465,50.027,50.027,396.471,396.471,6900.0
1.1466,44.246,44.246,397.349,397.349,6900.0
1.1467,38.462,38.462,398.207,398.207,6900.0
1.1468,38.961,38.961,398.896,398.896,6900.0
1.1469,39.44,39.44,399.606,399.606,6900.0
1.147,39.323,39.323,400.319,400.319,6900.0
1.1471,39.519,39.519,401.036,401.036,6900.0
1.1472,39.322,39.322,401.715,401.715,6900.0
1.1473,39.166,39.166,402.386,402.386,6900.0
1.1474,39.009,39.009,403.057,403.057,6900.0
1.1475,38.117,38.117,403.712,403.712,6900.0
1.1476,37.259,37.259,404.378,404.378,6900.0
1.1477,36.021,36.021,405.014,405.014,6900.0
1.1478,41.346,41.346,405.482,405.482,6900.0
1.1479,39.938,39.938,406.089,406.089,6900.0
1.148,44.181,44.181,406.549,406.549,6900.0
1.1481,40.982,40.982,407.135,407.135,6900.0
1.1482,37.057,37.057,407.692,407.692,6900.0
1.1483,32.868,32.868,408.197,408.197,6900.0
1.1484,41.382,41.382,408.416,408.416,6900.0
1.1485,35.434,35.434,408.919,408.919,6900.0
1.1486,34.993,34.993,409.222,409.222,6900.0
1.1487,34.016,34.016,409.554,409.554,6900.0
1.1488,39.132,39.132,409.691,409.691,6900.0
1.1489,30.22,30.22,410.082,410.082,6900.0
1.149,33.774,33.774,410.183,410.183,6900.0
1.1491,29.618,29.618,410.42,410.42,6900.0
1.1492,37.773,37.773,410.358,410.358,6900.0
1.1493,31.338,31.338,410.577,410.577,6900.0
1.1494,30.395,30.395,410.622,410.622,6900.0
1.1495,35.379,35.379,410.52,410.52,6900.0
1.1496,25.769,25.769,410.643,410.643,6900.0
1.1497,28.648,28.648,410.533,410.533,6900.0
1.1498,22.479,22.479,410.488,410.488,6900.0
1.1499,22.162,22.162,410.321,410.321,6900.0
1.15,27.814,27.814,410.027,410.027,6900.0
1.1501,19.59,19.59,409.897,409.897,6900.0
1.1502,23.576,23.576,409.587,409.587,6900.0
1.1503,24.337,24.337,409.252,409.252,6900.0
1.1504,23.186,23.186,408.916,408.916,6900.0
1.1505,21.25,21.25,408.555,408.555,6900.0
1.1506,12.876,12.876,408.24,408.24,6900.0
1.1507,16.475,16.475,407.787,407.787,6900.0
1.1508,17.235,17.235,407.316,407.316,6900.0
1.1509,9.676,9.676,406.889,406.889,6900.0
1.151,13.782,13.782,406.33,406.33,6900.0
1.1511,10.709,10.709,405.823,405.823,6900.0
1.1512,5.86,5.86,405.277,405.277,6900.0
1.1513,5.554,5.554,404.689,404.689,6900.0
1.1514,3.544,3.544,404.088,404.088,6900.0
1.1515,-0.0,-0.0,403.475,403.475,6900.0
1.1516,8.706,8.706,402.816,402.816,6900.0
1.1517,4.853,4.853,402.186,402.186,6900.0
1.1518,1.362,1.362,401.544,401.544,6900.0
1.1519,4.768,4.768,400.882,400.882,6900.0
1.152,0.756,0.756,400.227,400.227,6900.0
1.1521,-0.201,-0.201,399.564,399.564,6900.0
1.1522,-1.864,-1.887,398.899,398.899,6900.0
1.1523,-4.775,-4.775,398.233,398.233,6900.0
1.1524,-1.084,-1.084,397.582,397.582,6900.0
1.1525,-7.503,-7.503,396.914,396.914,6900.0
1.1526,-4.749,-4.749,396.277,396.277,6900.0
1.1527,-2.232,-2.232,395.648,395.648,6900.0
1.1528,-7.257,-7.257,395.015,395.015,6900.0
1.1529,-13.671,-13.671,394.36,394.36,6900.0
1.153,-15.242,-15.242,393.764,393.764,6900.0
1.1531,-12.828,-12.828,393.24,393.24,6900.0
1.1532,-12.058,-12.058,392.707,392.707,6900.0
1.1533,-18.259,-18.259,392.15,392.15,6900.0
1.1534,-12.288,-12.288,391.723,391.723,6900.0
1.1535,-21.088,-21.088,391.193,391.193,6900.0
1.1536,-13.529,-13.529,390.887,390.887,6900.0
1.1537,-21.041,-21.041,390.457,390.457,6900.0
1.1538,-22.368,-22.368,390.116,390.116,6900.0
1.1539,-24.236,-24.236,389.798,389.798,6900.0
1.154,-21.161,-21.161,389.553,389.553,6900.0
1.1541,-26.946,-26.946,389.278,389.278,6900.0
1.1542,-27.85,-27.85,389.083,389.083,6900.0
1.1543,-23.673,-23.673,389.037,389.037,6900.0
1.1544,-33.078,-33.078,388.838,388.838,6900.0
1.1545,-30.701,-30.701,388.857,388.857,6900.0
1.1546,-29.862,-29.862,388.919,388.919,6900.0
1.1547,-36.474,-36.474,388.874,388.874,6900.0
1.1548,-37.94,-37.94,388.965,388.965,6900.0
1.1549,-34.425,-34.425,389.235,389.235,6900.0
1.155,-38.067,-38.067,389.366,389.366,6900.0
1.1551,-35.819,-35.819,389.648,389.648,6900.0
1.1552,-34.76,-34.76,389.963,389.963,6900.0
1.1553,-40.941,-40.941,390.163,390.163,6900.0
1.1554,-35.714,-35.714,390.665,390.665,6900.0
1.1555,-43.889,-43.889,390.878,390.878,6900.0
1.1556,-39.352,-39.352,391.449,391.449,6900.0
1.1557,-35.479,-35.479,391.999,391.999,6900.0
1.1558,-44.985,-44.985,392.295,392.295,6900.0
1.1559,-42.981,-42.981,392.938,392.938,6900.0
1.156,-41.517,-41.517,393.568,393.568,6900.0
1.1561,-39.899,-39.899,394.191,394.191,6900.0
1.1562,-38.937,-38.801,394.849,394.849,6900.0
1.1563,-44.121,-44.121,395.374,395.374,6900.0
1.1564,-44.05,-44.05,396.066,396.066,6900.0
1.1565,-44.325,-44.325,396.765,396.765,6900.0
1.1566,-44.194,-44.194,397.468,397.468,6900.0
1.1567,-44.489,-44.489,398.174,398.174,6900.0
1.1568,-44.526,-44.526,398.888,398.888,6900.0
1.1569,-38.518,-38.518,399.749,399.749,6900.0
1.157,-39.128,-39.128,400.448,400.448,6900.0
1.1571,-39.261,-39.261,401.158,401.158,6900.0
1.1572,-39.768,-39.768,401.84,401.84,6900.0
1.1573,-39.715,-39.715,402.532,402.532,6900.0
1.1574,-39.248,-39.248,403.212,403.212,6900.0
1.1575,-38.754,-38.754,403.881,403.881,6900.0
1.1576,-37.775,-37.775,404.525,404.525,6900.0
1.1577,-36.984,-36.984,405.145,405.145,6900.0
1.1578,-35.444,-35.444,405.77,405.77,6900.0
1.1579,-46.237,-46.237,406.07,406.07,6900.0
1.158,-43.505,-43.505,406.688,406.688,6900.0
1.1581,-40.21,-40.21,407.29,407.29,6900.0
1.1582,-36.899,-36.899,407.831,407.831,6900.0
1.1583,-32.824,-32.824,408.336,408.336,6900.0
1.1584,-40.836,-40.836,408.585,408.585,6900.0
1.1585,-34.908,-34.908,409.07,409.07,6900.0
1.1586,-34.893,-34.893,409.364,409.364,6900.0
1.1587,-34.715,-34.715,409.669,409.669,6900.0
1.1588,-33.321,-33.321,409.942,409.942,6900.0
1.1589,-30.944,-30.944,410.21,410.21,6900.0
1.159,-34.046,-34.046,410.324,410.324,6900.0
1.1591,-29.485,-29.485,410.563,410.563,6900.0
1.1592,-37.386,-37.386,410.496,410.496,6900.0
1.1593,-30.936,-30.936,410.704,410.704,6900.0
1.1594,-30.202,-30.202,410.741,410.741,6900.0
1.1595,-35.203,-35.203,410.636,410.636,6900.0
1.1596,-25.294,-25.294,410.789,410.789,6900.0
1.1597,-27.367,-27.367,410.652,410.652,6900.0
1.1598,-21.947,-21.947,410.619,410.619,6900.0
1.1599,-29.558,-29.558,410.335,410.335,6900.0
1.16,-22.472,-22.472,410.261,410.261,6900.0
1.1601,-20.057,-20.057,410.073,410.073,6900.0
1.1602,-21.862,-21.862,409.757,409.757,6900.0
1.1603,-15.715,-15.715,409.493,409.493,6900.0
1.1604,-16.613,-16.613,409.161,409.161,6900.0
1.1605,-16.868,-16.868,408.776,408.776,6900.0
1.1606,-14.566,-14.566,408.398,408.398,6900.0
1.1607,-16.632,-16.632,407.954,407.954,6900.0
1.1608,-16.658,-16.658,407.481,407.481,6900.0
1.1609,-9.187,-9.187,407.045,407.045,6900.0
1.161,-14.154,-14.154,406.501,406.501,6900.0
1.1611,-10.425,-10.425,405.996,405.996,6900.0
1.1612,-4.583,-4.583,405.449,405.449,6900.0
1.1613,-3.801,-3.801,404.858,404.858,6900.0
1.1614,-2.071,-2.071,404.254,404.254,6900.0
1.1615,0.0,0.0,403.638,403.638,6900.0
1.1616,-9.301,-9.301,402.98,402.98,6900.0
1.1617,-5.679,-5.679,402.349,402.349,6900.0
1.1618,-2.465,-2.465,401.706,401.706,6900.0
1.1619,0.0,0.0,401.054,401.054,6900.0
1.162,-1.231,-1.231,400.391,400.391,6900.0
1.1621,0.201,0.201,399.728,399.728,6900.0
1.1622,2.012,2.012,399.063,399.063,6900.0
1.1623,5.564,5.564,398.398,398.398,6900.0
1.1624,2.976,2.976,397.746,397.746,6900.0
1.1625,-0.0,-0.0,397.102,397.102,6900.0
1.1626,8.501,8.501,396.433,396.433,6900.0
1.1627,4.971,4.971,395.805,395.805,6900.0
1.1628,2.851,2.851,395.19,395.19,6900.0
1.1629,9.597,9.597,394.564,394.564,6900.0
1.163,5.545,5.545,393.999,393.999,6900.0
1.1631,8.882,8.882,393.421,393.421,6900.0
1.1632,13.021,13.021,392.844,392.844,6900.0
1.1633,18.988,18.988,392.277,392.277,6900.0
1.1634,13.994,13.994,391.855,391.855,6900.0
1.1635,18.787,18.787,391.39,391.39,6900.0
1.1636,17.698,17.698,390.998,390.998,6900.0
1.1637,23.369,23.369,390.543,390.543,6900.0
1.1638,23.295,23.295,390.207,390.207,6900.0
1.1639,25.309,25.309,389.882,389.882,6900.0
1.164,23.616,23.616,389.678,389.678,6900.0
1.1641,29.725,29.725,389.374,389.374,6900.0
1.1642,23.839,23.839,389.279,389.279,6900.0
1.1643,25.947,25.947,389.124,389.124,6900.0
1.1644,35.669,35.669,388.88,388.88,6900.0
1.1645,27.628,27.628,389.029,389.029,6900.0
1.1646,33.469,33.469,388.934,388.934,6900.0
1.1647,34.044,34.044,389.033,389.033,6900.0
1.1648,35.259,35.259,389.127,389.127,6900.0
1.1649,31.055,31.055,389.364,389.364,6900.0
1.165,40.311,40.311,389.383,389.383,6900.0
1.1651,31.496,31.496,389.808,389.808,6900.0
1.1652,36.957,36.957,389.99,389.99,6900.0
1.1653,37.168,37.168,390.308,390.308,6900.0
1.1654,38.214,38.214,390.693,390.693,6900.0
1.1655,39.441,39.441,391.06,391.06,6900.0
1.1656,41.71,41.71,391.489,391.489,6900.0
1.1657,38.58,38.58,392.048,392.048,6900.0
1.1658,36.349,36.349,392.641,392.641,6900.0
1.1659,46.931,46.931,392.938,392.938,6900.0
1.166,44.638,44.638,393.6,393.6,6900.0
1.1661,42.763,42.763,394.238,394.238,6900.0
1.1662,41.375,41.375,394.9,394.9,6900.0
1.1663,41.042,40.91,395.578,395.578,6900.0
1.1664,40.421,40.421,396.244,396.244,6900.0
1.1665,40.032,40.032,396.934,396.934,6900.0
1.1666,40.076,40.076,397.623,397.623,6900.0
1.1667,40.193,40.193,398.314,398.314,6900.0
1.1668,41.078,41.078,399.025,399.025,6900.0
1.1669,41.709,41.709,399.723,399.723,6900.0
1.167,42.257,42.257,400.437,400.437,6900.0
1.1671,42.779,42.779,401.131,401.131,6900.0
1.1672,42.547,42.547,401.829,401.829,6900.0
1.1673,42.474,42.474,402.523,402.523,6900.0
1.1674,41.878,41.878,403.21,403.21,6900.0
1.1675,41.277,41.277,403.876,403.876,6900.0
1.1676,40.574,40.574,404.525,404.525,6900.0
1.1677,39.033,39.033,405.141,405.141,6900.0
1.1678,37.368,37.368,405.746,405.746,6900.0
1.1679,35.247,35.247,406.333,406.333,6900.0
1.168,39.59,39.59,406.768,406.768,6900.0
1.1681,43.849,43.849,407.179,407.179,6900.0
1.1682,40.175,40.175,407.752,407.752,6900.0
1.1683,35.628,35.628,408.273,408.273,6900.0
1.1684,36.877,36.877,408.604,408.604,6900.0
1.1685,37.965,37.965,408.979,408.979,6900.0
1.1686,31.525,31.525,409.442,409.442,6900.0
1.1687,37.275,37.275,409.634,409.634,6900.0
1.1688,28.564,28.564,410.04,410.04,6900.0
1.1689,32.455,32.455,410.174,410.174,6900.0
1.169,35.782,35.782,410.257,410.257,6900.0
1.1691,31.777,31.777,410.5,410.5,6900.0
1.1692,33.413,33.413,410.552,410.552,6900.0
1.1693,34.167,34.167,410.644,410.644,6900.0
1.1694,26.833,26.833,410.801,410.801,6900.0
1.1695,31.379,31.379,410.718,410.718,6900.0
1.1696,21.366,21.366,410.808,410.808,6900.0
1.1697,30.771,30.771,410.57,410.57,6900.0
1.1698,19.247,19.247,410.623,410.623,6900.0
1.1699,26.359,26.359,410.375,410.375,6900.0
1.17,24.313,24.313,410.182,410.182,6900.0
1.1701,21.054,21.054,409.981,409.981,6900.0
1.1702,23.835,23.835,409.649,409.649,6900.0
1.1703,13.615,13.236,409.466,409.466,6900.0
1.1704,21.179,21.179,409.04,409.04,6900.0
1.1705,19.387,19.387,408.679,408.679,6900.0
1.1706,15.291,15.291,408.285,408.285,6900.0
1.1707,16.84,16.84,407.844,407.844,6900.0
1.1708,17.874,17.874,407.377,407.377,6900.0
1.1709,10.798,10.798,406.953,406.953,6900.0
1.171,15.137,15.137,406.404,406.404,6900.0
1.1711,11.312,11.312,405.896,405.896,6900.0
1.1712,5.789,5.789,405.352,405.352,6900.0
1.1713,6.796,6.796,404.758,404.758,6900.0
1.1714,6.409,6.409,404.155,404.155,6900.0
1.1715,4.117,4.117,403.54,403.54,6900.0
1.1716,1.637,1.637,402.913,402.913,6900.0
1.1717,8.443,8.443,402.254,402.254,6900.0
1.1718,3.805,3.805,401.616,401.616,6900.0
1.1719,0.203,0.203,400.965,400.965,6900.0
1.172,1.31,1.31,400.302,400.302,6900.0
1.1721,-0.347,-0.347,399.639,399.639,6900.0
1.1722,-2.417,-2.417,398.974,398.974,6900.0
1.1723,-6.106,-6.106,398.308,398.308,6900.0
1.1724,-3.671,-3.671,397.654,397.654,6900.0
1.1725,-2.825,-2.825,397.009,397.009,6900.0
1.1726,-6.862,-6.862,396.342,396.342,6900.0
1.1727,-2.975,-2.975,395.714,395.714,6900.0
1.1728,-8.245,-8.245,395.084,395.084,6900.0
1.1729,-15.309,-15.309,394.434,394.434,6900.0
1.173,-16.601,-16.601,393.839,393.839,6900.0
1.1731,-12.93,-12.93,393.314,393.314,6900.0
1.1732,-11.094,-11.094,392.789,392.789,6900.0
1.1733,-18.974,-18.974,392.228,392.228,6900.0
1.1734,-15.451,-15.451,391.821,391.821,6900.0
1.1735,-18.728,-18.728,391.365,391.365,6900.0
1.1736,-22.247,-22.247,390.904,390.904,6900.0
1.1737,-21.059,-21.059,390.542,390.542,6900.0
1.1738,-22.941,-22.941,390.199,390.199,6900.0
1.1739,-20.332,-20.332,389.934,389.934,6900.0
1.174,-25.142,-25.142,389.641,389.641,6900.0
1.1741,-23.917,-23.917,389.432,389.432,6900.0
1.1742,-24.21,-24.21,389.258,389.258,6900.0
1.1743,-32.45,-32.45,388.977,388.977,6900.0
1.1744,-29.128,-29.128,388.972,388.972,6900.0
1.1745,-27.153,-27.153,388.983,388.983,6900.0
1.1746,-32.299,-32.299,388.928,388.928,6900.0
1.1747,-31.997,-31.997,388.996,388.996,6900.0
1.1748,-33.008,-33.008,389.112,389.112,6900.0
1.1749,-35.044,-35.044,389.224,389.224,6900.0
1.175,-32.308,-32.308,389.491,389.491,6900.0
1.1751,-31.054,-31.054,389.789,389.789,6900.0
1.1752,-37.024,-37.024,389.97,389.97,6900.0
1.1753,-36.935,-36.935,390.287,390.287,6900.0
1.1754,-37.842,-37.842,390.662,390.662,6900.0
1.1755,-39.218,-39.218,391.021,391.021,6900.0
1.1756,-41.953,-41.953,391.449,391.449,6900.0
1.1757,-38.566,-38.566,392.015,392.015,6900.0
1.1758,-41.184,-41.184,392.453,392.453,6900.0
1.1759,-44.636,-44.636,392.909,392.909,6900.0
1.176,-42.032,-42.032,393.534,393.534,6900.0
1.1761,-40.768,-40.768,394.175,394.175,6900.0
1.1762,-40.126,-40.126,394.83,394.83,6900.0
1.1763,-39.329,-39.329,395.503,395.503,6900.0
1.1764,-39.343,-39.216,396.163,396.163,6900.0
1.1765,-39.101,-39.101,396.862,396.862,6900.0
1.1766,-39.667,-39.667,397.569,397.569,6900.0
1.1767,-40.497,-40.497,398.264,398.264,6900.0
1.1768,-40.728,-40.728,398.973,398.973,6900.0
1.1769,-41.235,-41.235,399.656,399.656,6900.0
1.177,-41.224,-41.224,400.349,400.349,6900.0
1.1771,-41.156,-41.156,401.039,401.039,6900.0
1.1772,-41.153,-41.153,401.731,401.731,6900.0
1.1773,-40.688,-40.688,402.415,402.415,6900.0
1.1774,-40.575,-40.575,403.092,403.092,6900.0
1.1775,-39.987,-39.987,403.761,403.761,6900.0
1.1776,-38.96,-38.96,404.403,404.403,6900.0
1.1777,-38.029,-38.029,405.017,405.017,6900.0
1.1778,-36.658,-36.658,405.634,405.634,6900.0
1.1779,-35.419,-35.419,406.214,406.214,6900.0
1.178,-39.811,-39.811,406.658,406.658,6900.0
1.1781,-43.249,-43.249,407.103,407.103,6900.0
1.1782,-39.333,-39.333,407.653,407.653,6900.0
1.1783,-34.678,-34.678,408.183,408.183,6900.0
1.1784,-36.259,-36.259,408.529,408.529,6900.0
1.1785,-37.253,-37.253,408.887,408.887,6900.0
1.1786,-30.258,-30.258,409.319,409.319,6900.0
1.1787,-35.891,-35.891,409.515,409.515,6900.0
1.1788,-34.082,-34.082,409.777,409.777,6900.0
1.1789,-31.997,-31.997,410.069,410.069,6900.0
1.179,-35.722,-35.722,410.146,410.146,6900.0
1.1791,-31.808,-31.808,410.389,410.389,6900.0
1.1792,-33.311,-33.311,410.44,410.44,6900.0
1.1793,-33.776,-33.776,410.527,410.527,6900.0
1.1794,-32.713,-32.713,410.567,410.567,6900.0
1.1795,-30.674,-30.674,410.573,410.573,6900.0
1.1796,-27.998,-27.998,410.608,410.608,6900.0
1.1797,-23.881,-23.881,410.572,410.572,6900.0
1.1798,-25.057,-25.057,410.451,410.451,6900.0
1.1799,-24.331,-24.331,410.242,410.242,6900.0
1.18,-22.964,-22.964,410.06,410.06,6900.0
1.1801,-27.83,-27.83,409.772,409.772,6900.0
1.1802,-18.321,-18.321,409.63,409.63,6900.0
1.1803,-13.319,-13.319,409.366,409.366,6900.0
1.1804,-19.508,-19.085,408.956,408.956,6900.0
1.1805,-23.42,-23.42,408.514,408.514,6900.0
1.1806,-14.171,-14.171,408.203,408.203,6900.0
1.1807,-11.081,-11.081,407.781,407.781,6900.0
1.1808,-19.551,-19.551,407.253,407.253,6900.0
1.1809,-11.791,-11.791,406.817,406.817,6900.0
1.181,-16.259,-16.259,406.262,406.262,6900.0
1.1811,-6.068,-6.068,405.781,405.781,6900.0
1.1812,-8.132,-8.132,405.209,405.209,6900.0
1.1813,-8.344,-8.344,404.62,404.62,6900.0
1.1814,-6.258,-6.258,404.022,404.022,6900.0
1.1815,-2.79,-2.79,403.408,403.408,6900.0
1.1816,0.0,0.0,402.779,402.779,6900.0
1.1817,-7.007,-7.007,402.119,402.119,6900.0
1.1818,-2.949,-2.949,401.48,401.48,6900.0
1.1819,0.0,0.0,400.828,400.828,6900.0
1.182,-1.645,-1.645,400.165,400.165,6900.0
1.1821,0.197,0.197,399.502,399.502,6900.0
1.1822,1.945,1.945,398.837,398.837,6900.0
1.1823,4.982,4.982,398.171,398.171,6900.0
1.1824,1.047,1.047,397.52,397.52,6900.0
1.1825,7.4,7.4,396.852,396.852,6900.0
1.1826,4.563,4.563,396.212,396.212,6900.0
1.1827,1.93,1.93,395.592,395.592,6900.0
1.1828,7.558,7.558,394.959,394.959,6900.0
1.1829,13.851,13.851,394.306,394.306,6900.0
1.183,15.468,15.468,393.711,393.711,6900.0
1.1831,12.615,12.615,393.175,393.175,6900.0
1.1832,12.061,12.061,392.656,392.656,6900.0
1.1833,19.039,19.039,392.102,392.102,6900.0
1.1834,12.999,12.999,391.687,391.687,6900.0
1.1835,21.297,21.297,391.143,391.143,6900.0
1.1836,12.829,12.829,390.831,390.831,6900.0
1.1837,20.279,20.279,390.391,390.391,6900.0
1.1838,22.853,22.853,390.045,390.045,6900.0
1.1839,25.477,25.477,389.708,389.708,6900.0
1.184,22.921,22.921,389.498,389.498,6900.0
1.1841,28.273,28.273,389.214,389.214,6900.0
1.1842,29.024,29.024,389.044,389.044,6900.0
1.1843,24.776,24.776,389.024,389.024,6900.0
1.1844,33.98,33.98,388.799,388.799,6900.0
1.1845,25.083,25.083,388.933,388.933,6900.0
1.1846,36.599,36.599,388.731,388.731,6900.0
1.1847,30.328,30.328,388.928,388.928,6900.0
1.1848,38.059,38.059,388.902,388.902,6900.0
1.1849,34.579,34.579,389.176,389.176,6900.0
1.185,38.55,38.55,389.28,389.28,6900.0
1.1851,36.954,36.954,389.628,389.628,6900.0
1.1852,42.199,42.199,389.801,389.801,6900.0
1.1853,35.648,35.648,390.287,390.287,6900.0
1.1854,43.046,43.046,390.487,390.487,6900.0
1.1855,38.626,38.626,391.032,391.032,6900.0
1.1856,40.627,40.627,391.424,391.424,6900.0
1.1857,43.001,43.001,391.849,391.849,6900.0
1.1858,39.491,39.491,392.446,392.446,6900.0
1.1859,36.964,36.964,393.022,393.022,6900.0
1.186,41.781,41.781,393.485,393.485,6900.0
1.1861,46.986,46.986,393.985,393.985,6900.0
1.1862,45.731,45.731,394.664,394.664,6900.0
1.1863,44.961,44.961,395.354,395.354,6900.0
1.1864,44.595,44.595,396.024,396.024,6900.0
1.1865,45.16,45.16,396.7,396.7,6900.0
1.1866,45.509,45.509,397.394,397.394,6900.0
1.1867,45.792,45.792,398.095,398.095,6900.0
1.1868,46.217,46.217,398.77,398.77,6900.0
1.1869,46.279,46.279,399.453,399.453,6900.0
1.187,46.813,46.813,400.146,400.146,6900.0
1.1871,46.881,46.881,400.851,400.851,6900.0
1.1872,46.881,46.881,401.556,401.556,6900.0
1.1873,46.879,46.879,402.223,402.223,6900.0
1.1874,46.192,46.192,402.883,402.883,6900.0
1.1875,45.683,45.683,403.563,403.563,6900.0
1.1876,44.802,44.802,404.225,404.225,6900.0
1.1877,44.041,44.041,404.859,404.859,6900.0
1.1878,43.125,43.125,405.472,405.472,6900.0
1.1879,41.148,41.148,406.083,406.083,6900.0
1.188,38.642,38.642,406.663,406.663,6900.0
1.1881,35.379,35.379,407.234,407.234,6900.0
1.1882,38.382,38.382,407.616,407.616,6900.0
1.1883,41.05,41.05,408.015,408.015,6900.0
1.1884,35.746,35.746,408.517,408.517,6900.0
1.1885,36.019,36.019,408.837,408.837,6900.0
1.1886,35.839,35.839,409.172,409.172,6900.0
1.1887,35.094,35.094,409.446,409.446,6900.0
1.1888,33.973,33.973,409.743,409.743,6900.0
1.1889,38.405,38.405,409.874,409.874,6900.0
1.189,28.321,28.321,410.259,410.259,6900.0
1.1891,30.614,30.614,410.368,410.368,6900.0
1.1892,25.373,25.373,410.553,410.553,6900.0
1.1893,32.463,32.463,410.512,410.512,6900.0
1.1894,25.166,25.166,410.686,410.686,6900.0
1.1895,23.481,23.481,410.699,410.699,6900.0
1.1896,33.997,33.997,410.505,410.505,6900.0
1.1897,22.525,22.525,410.604,410.604,6900.0
1.1898,23.25,23.25,410.45,410.45,6900.0
1.1899,30.154,30.154,410.182,410.182,6900.0
1.19,16.431,16.431,410.185,410.185,6900.0
1.1901,28.058,28.058,409.822,409.822,6900.0
1.1902,23.354,23.354,409.605,409.605,6900.0
1.1903,17.254,17.254,409.357,409.357,6900.0
1.1904,24.06,24.06,408.925,408.925,6900.0
1.1905,11.361,10.959,408.681,408.681,6900.0
1.1906,16.593,16.593,408.242,408.242,6900.0
1.1907,19.136,19.136,407.782,407.782,6900.0
1.1908,12.728,12.728,407.384,407.384,6900.0
1.1909,18.329,18.329,406.839,406.839,6900.0
1.191,9.378,9.378,406.391,406.391,6900.0
1.1911,12.627,12.627,405.826,405.826,6900.0
1.1912,13.333,13.333,405.252,405.252,6900.0
1.1913,12.522,12.522,404.668,404.668,6900.0
1.1914,10.153,10.153,404.075,404.075,6900.0
1.1915,7.026,7.026,403.469,403.469,6900.0
1.1916,4.486,4.486,402.843,402.843,6900.0
1.1917,2.025,2.025,402.207,402.207,6900.0
1.1918,1.018,1.018,401.562,401.562,6900.0
1.1919,3.317,3.317,400.901,400.901,6900.0
1.192,0.083,0.083,400.244,400.244,6900.0
1.1921,-0.168,-0.168,399.581,399.581,6900.0
1.1922,-1.752,-1.752,398.916,398.916,6900.0
1.1923,-5.253,-5.253,398.25,398.25,6900.0
1.1924,-2.3,-2.3,397.598,397.598,6900.0
1.1925,-3.155,-3.155,396.953,396.953,6900.0
1.1926,-8.344,-8.344,396.287,396.287,6900.0
1.1927,-5.068,-5.068,395.66,395.66,6900.0
1.1928,-3.043,-3.043,395.046,395.046,6900.0
1.1929,-9.524,-9.524,394.42,394.42,6900.0
1.193,-11.633,-11.633,393.828,393.828,6900.0
1.1931,-8.721,-8.721,393.283,393.283,6900.0
1.1932,-13.059,-13.059,392.707,392.707,6900.0
1.1933,-18.571,-18.571,392.138,392.138,6900.0
1.1934,-13.122,-13.122,391.72,391.72,6900.0
1.1935,-23.508,-23.508,391.183,391.183,6900.0
1.1936,-16.924,-16.924,390.869,390.869,6900.0
1.1937,-16.759,-16.759,390.484,390.484,6900.0
1.1938,-23.784,-23.784,390.055,390.055,6900.0
1.1939,-25.491,-25.491,389.737,389.737,6900.0
1.194,-23.267,-23.267,389.53,389.53,6900.0
1.1941,-29.278,-29.278,389.219,389.219,6900.0
1.1942,-29.862,-29.862,389.069,389.069,6900.0
1.1943,-25.149,-25.149,389.062,389.062,6900.0
1.1944,-34.57,-34.57,388.804,388.804,6900.0
1.1945,-32.188,-32.569,388.817,388.817,6900.0
1.1946,-32.181,-32.181,388.883,388.883,6900.0
1.1947,-32.76,-32.76,388.959,388.959,6900.0
1.1948,-28.241,-28.241,389.17,389.17,6900.0
1.1949,-37.262,-37.262,389.164,389.164,6900.0
1.195,-34.179,-34.179,389.456,389.456,6900.0
1.1951,-38.268,-38.268,389.618,389.618,6900.0
1.1952,-36.996,-36.996,389.917,389.917,6900.0
1.1953,-37.312,-37.312,390.284,390.284,6900.0
1.1954,-38.145,-38.145,390.622,390.622,6900.0
1.1955,-39.471,-39.471,391.002,391.002,6900.0
1.1956,-35.022,-35.022,391.544,391.544,6900.0
1.1957,-44.054,-44.054,391.823,391.823,6900.0
1.1958,-41.639,-41.639,392.43,392.43,6900.0
1.1959,-39.722,-39.722,393.049,393.049,6900.0
1.196,-37.648,-37.648,393.646,393.646,6900.0
1.1961,-42.371,-42.371,394.128,394.128,6900.0
1.1962,-47.616,-47.616,394.604,394.604,6900.0
1.1963,-47.35,-47.35,395.277,395.277,6900.0
1.1964,-47.45,-47.45,395.951,395.951,6900.0
1.1965,-47.184,-47.184,396.624,396.624,6900.0
1.1966,-47.311,-47.311,397.335,397.335,6900.0
1.1967,-47.188,-47.188,398.048,398.048,6900.0
1.1968,-47.464,-47.464,398.761,398.761,6900.0
1.1969,-47.993,-47.993,399.449,399.449,6900.0
1.197,-48.101,-48.101,400.148,400.148,6900.0
1.1971,-48.625,-48.625,400.817,400.817,6900.0
1.1972,-48.755,-48.755,401.499,401.499,6900.0
1.1973,-48.694,-48.694,402.18,402.18,6900.0
1.1974,-48.676,-48.676,402.864,402.864,6900.0
1.1975,-48.148,-48.148,403.54,403.54,6900.0
1.1976,-47.777,-47.777,404.204,404.204,6900.0
1.1977,-46.696,-46.696,404.85,404.85,6900.0
1.1978,-44.763,-44.763,405.489,405.489,6900.0
1.1979,-42.582,-42.582,406.107,406.107,6900.0
1.198,-39.895,-39.895,406.689,406.689,6900.0
1.1981,-37.153,-37.153,407.267,407.267,6900.0
1.1982,-33.648,-33.648,407.789,407.789,6900.0
1.1983,-42.246,-42.246,408.025,408.025,6900.0
1.1984,-36.978,-36.978,408.564,408.564,6900.0
1.1985,-31.146,-31.146,409.003,409.003,6900.0
1.1986,-38.298,-38.298,409.202,409.202,6900.0
1.1987,-31.232,-31.232,409.63,409.63,6900.0
1.1988,-36.321,-36.321,409.773,409.773,6900.0
1.1989,-33.572,-33.572,410.037,410.037,6900.0
1.199,-30.103,-30.103,410.296,410.296,6900.0
1.1991,-32.387,-32.387,410.38,410.38,6900.0
1.1992,-33.731,-33.731,410.442,410.442,6900.0
1.1993,-34.276,-34.276,410.539,410.539,6900.0
1.1994,-26.821,-26.821,410.697,410.697,6900.0
1.1995,-31.378,-31.378,410.614,410.614,6900.0
1.1996,-21.251,-21.251,410.703,410.703,6900.0
1.1997,-23.611,-23.611,410.586,410.586,6900.0
1.1998,-25.482,-25.482,410.439,410.439,6900.0
1.1999,-26.393,-26.393,410.254,410.254,6900.0
1.2,-18.551,-18.551,410.171,410.171,6900.0
1.2001,-21.98,-21.98,409.878,409.878,6900.0
1.2002,-24.303,-24.303,409.558,409.558,6900.0
1.2003,-13.078,-13.078,409.377,409.377,6900.0
1.2004,-21.481,-21.481,408.951,408.951,6900.0
1.2005,-13.766,-13.766,408.652,408.652,6900.0
1.2006,-16.359,-16.588,408.196,408.196,6900.0
1.2007,-11.168,-11.168,407.797,407.797,6900.0
1.2008,-18.304,-18.304,407.262,407.262,6900.0
1.2009,-11.311,-11.311,406.828,406.828,6900.0
1.201,-16.106,-16.106,406.27,406.27,6900.0
1.2011,-5.356,-5.356,405.783,405.783,6900.0
1.2012,-6.58,-6.58,405.2,405.2,6900.0
1.2013,-6.947,-6.947,404.609,404.609,6900.0
1.2014,-6.403,-6.403,404.006,404.006,6900.0
1.2015,-4.221,-4.221,403.391,403.391,6900.0
1.2016,-1.642,-1.642,402.764,402.764,6900.0
1.2017,-1.89,-1.89,402.123,402.123,6900.0
1.2018,-4.302,-4.302,401.464,401.464,6900.0
1.2019,-0.443,-0.443,400.814,400.814,6900.0
1.202,-1.619,-1.619,400.151,400.151,6900.0
1.2021,0.298,0.298,399.487,399.487,6900.0
1.2022,2.345,2.345,398.822,398.822,6900.0
1.2023,5.833,5.833,398.156,398.156,6900.0
1.2024,3.336,3.336,397.503,397.503,6900.0
1.2025,2.972,2.972,396.857,396.857,6900.0
1.2026,6.724,6.724,396.191,396.191,6900.0
1.2027,2.978,2.978,395.562,395.562,6900.0
1.2028,7.831,7.831,394.931,394.931,6900.0
1.2029,15.183,15.183,394.279,394.279,6900.0
1.203,10.695,10.695,393.734,393.734,6900.0
1.2031,7.031,7.031,393.183,393.183,6900.0
1.2032,11.678,11.678,392.608,392.608,6900.0
1.2033,18.82,18.82,392.049,392.049,6900.0
1.2034,15.332,15.332,391.637,391.637,6900.0
1.2035,19.328,19.328,391.185,391.185,6900.0
1.2036,22.841,22.841,390.732,390.732,6900.0
1.2037,21.292,21.292,390.363,390.363,6900.0
1.2038,28.276,28.276,389.926,389.926,6900.0
1.2039,18.834,18.834,389.788,389.788,6900.0
1.204,30.238,30.238,389.376,389.376,6900.0
1.2041,22.984,22.984,389.278,389.278,6900.0
1.2042,23.657,23.657,389.128,389.128,6900.0
1.2043,25.528,25.528,389.008,389.008,6900.0
1.2044,35.54,35.54,388.759,388.759,6900.0
1.2045,27.553,27.553,388.906,388.906,6900.0
1.2046,32.811,33.2,388.807,388.807,6900.0
1.2047,33.459,33.459,388.897,388.897,6900.0
1.2048,34.342,34.342,388.973,388.973,6900.0
1.2049,36.146,36.146,389.081,389.081,6900.0
1.205,32.861,32.861,389.354,389.354,6900.0
1.2051,43.806,43.806,389.341,389.341,6900.0
1.2052,36.718,36.718,389.833,389.833,6900.0
1.2053,43.073,43.073,390.014,390.014,6900.0
1.2054,37.248,37.248,390.537,390.537,6900.0
1.2055,38.645,38.645,390.881,390.881,6900.0
1.2056,41.494,41.494,391.293,391.293,6900.0
1.2057,38.796,38.796,391.854,391.854,6900.0
1.2058,36.166,36.166,392.411,392.411,6900.0
1.2059,46.274,46.274,392.695,392.695,6900.0
1.206,44.002,44.002,393.338,393.338,6900.0
1.2061,42.264,42.264,393.993,393.993,6900.0
1.2062,41.437,41.437,394.652,394.652,6900.0
1.2063,40.535,40.535,395.325,395.325,6900.0
1.2064,39.714,39.714,396.009,396.009,6900.0
1.2065,39.423,39.423,396.68,396.68,6900.0
1.2066,39.329,39.329,397.384,397.384,6900.0
1.2067,40.156,40.156,398.105,398.105,6900.0
1.2068,40.864,40.864,398.814,398.814,6900.0
1.2069,41.672,41.672,399.504,399.504,6900.0
1.207,42.498,42.498,400.224,400.224,6900.0
1.2071,42.703,42.703,400.919,400.919,6900.0
1.2072,43.091,43.091,401.624,401.624,6900.0
1.2073,42.916,42.916,402.294,402.294,6900.0
1.2074,42.611,42.611,402.956,402.956,6900.0
1.2075,42.118,42.118,403.608,403.608,6900.0
1.2076,40.661,40.661,404.272,404.272,6900.0
1.2077,39.2,39.2,404.889,404.889,6900.0
1.2078,37.365,37.365,405.497,405.497,6900.0
1.2079,35.651,35.651,406.088,406.088,6900.0
1.208,40.193,40.193,406.538,406.538,6900.0
1.2081,43.989,43.989,406.961,406.961,6900.0
1.2082,40.367,40.367,407.536,407.536,6900.0
1.2083,36.036,36.036,408.068,408.068,6900.0
1.2084,37.917,37.917,408.417,408.417,6900.0
1.2085,39.316,39.316,408.787,408.787,6900.0
1.2086,32.676,32.676,409.253,409.253,6900.0
1.2087,38.205,38.205,409.433,409.433,6900.0
1.2088,29.492,29.492,409.833,409.833,6900.0
1.2089,33.518,33.518,409.99,409.99,6900.0
1.209,36.819,36.819,410.098,410.098,6900.0
1.2091,25.884,25.884,410.421,410.421,6900.0
1.2092,34.089,34.089,410.402,410.402,6900.0
1.2093,27.648,27.648,410.559,410.559,6900.0
1.2094,27.067,27.067,410.613,410.613,6900.0
1.2095,31.999,31.999,410.52,410.52,6900.0
1.2096,22.569,22.569,410.635,410.635,6900.0
1.2097,32.455,32.455,410.421,410.421,6900.0
1.2098,20.544,20.544,410.473,410.473,6900.0
1.2099,26.615,26.615,410.236,410.236,6900.0
1.21,24.386,24.386,410.044,410.044,6900.0
1.2101,21.613,21.613,409.829,409.829,6900.0
1.2102,18.957,18.957,409.617,409.617,6900.0
1.2103,21.186,21.186,409.286,409.286,6900.0
1.2104,20.388,20.388,408.925,408.925,6900.0
1.2105,11.087,11.087,408.624,408.624,6900.0
1.2106,14.238,14.238,408.165,408.165,6900.0
1.2107,10.896,10.896,407.765,407.765,6900.0
1.2108,19.565,19.565,407.236,407.236,6900.0
1.2109,12.075,12.075,406.804,406.804,6900.0
1.211,16.757,16.757,406.251,406.251,6900.0
1.2111,6.253,6.253,405.776,405.776,6900.0
1.2112,8.22,8.22,405.204,405.204,6900.0
1.2113,8.838,8.838,404.617,404.617,6900.0
1.2114,7.023,7.023,404.016,404.016,6900.0
1.2115,3.849,3.849,403.401,403.401,6900.0
1.2116,0.726,0.726,402.772,402.772,6900.0
1.2117,7.442,7.442,402.113,402.113,6900.0
1.2118,3.383,3.383,401.472,401.472,6900.0
1.2119,0.237,0.237,400.82,400.82,6900.0
1.212,1.755,1.755,400.158,400.158,6900.0
1.2121,-0.149,-0.149,399.495,399.495,6900.0
1.2122,-1.936,-1.936,398.83,398.83,6900.0
1.2123,-5.137,-5.137,398.163,398.163,6900.0
1.2124,-1.403,-1.403,397.512,397.512,6900.0
1.2125,-7.552,-7.552,396.843,396.843,6900.0
1.2126,-4.241,-4.241,396.205,396.205,6900.0
1.2127,-1.409,-1.409,395.58,395.58,6900.0
1.2128,-7.554,-7.554,394.947,394.947,6900.0
1.2129,-14.259,-14.259,394.294,394.294,6900.0
1.213,-15.91,-15.91,393.691,393.691,6900.0
1.2131,-12.793,-12.793,393.16,393.16,6900.0
1.2132,-11.972,-11.972,392.64,392.64,6900.0
1.2133,-19.652,-19.652,392.087,392.087,6900.0
1.2134,-14.071,-14.071,391.658,391.658,6900.0
1.2135,-22.439,-22.439,391.122,391.122,6900.0
1.2136,-19.608,-19.608,390.733,390.733,6900.0
1.2137,-19.824,-19.824,390.38,390.38,6900.0
1.2138,-16.223,-16.223,390.119,390.119,6900.0
1.2139,-26.115,-26.115,389.704,389.704,6900.0
1.214,-23.959,-23.959,389.511,389.511,6900.0
1.2141,-29.394,-29.394,389.208,389.208,6900.0
1.2142,-30.093,-30.093,389.059,389.059,6900.0
1.2143,-26.032,-26.032,389.025,389.025,6900.0
1.2144,-35.629,-35.629,388.783,388.783,6900.0
1.2145,-26.872,-26.872,388.922,388.922,6900.0
1.2146,-31.83,-31.83,388.859,388.859,6900.0
1.2147,-31.082,-31.478,388.915,388.915,6900.0
1.2148,-32.62,-32.62,389.036,389.036,6900.0
1.2149,-41.451,-41.451,389.001,389.001,6900.0
1.215,-32.591,-32.591,389.427,389.427,6900.0
1.2151,-37.582,-37.582,389.562,389.562,6900.0
1.2152,-36.722,-36.722,389.85,389.85,6900.0
1.2153,-36.976,-36.976,390.208,390.208,6900.0
1.2154,-44.341,-44.341,390.405,390.405,6900.0
1.2155,-40.143,-40.143,390.955,390.955,6900.0
1.2156,-36.373,-36.373,391.495,391.495,6900.0
1.2157,-45.107,-45.107,391.769,391.769,6900.0
1.2158,-41.547,-41.547,392.393,392.393,6900.0
1.2159,-38.417,-38.417,392.987,392.987,6900.0
1.216,-42.856,-42.856,393.445,393.445,6900.0
1.2161,-48.108,-48.108,393.935,393.935,6900.0
1.2162,-46.74,-46.74,394.61,394.61,6900.0
1.2163,-46.108,-46.108,395.292,395.292,6900.0
1.2164,-45.768,-45.768,395.96,395.96,6900.0
1.2165,-46.355,-46.355,396.671,396.671,6900.0
1.2166,-47.302,-47.302,397.369,397.369,6900.0
1.2167,-47.792,-47.792,398.049,398.049,6900.0
1.2168,-48.528,-48.528,398.748,398.748,6900.0
1.2169,-48.743,-48.743,399.427,399.427,6900.0
1.217,-48.951,-48.951,400.108,400.108,6900.0
1.2171,-49.141,-49.141,400.8,400.8,6900.0
1.2172,-48.755,-48.755,401.49,401.49,6900.0
1.2173,-48.656,-48.656,402.173,402.173,6900.0
1.2174,-48.078,-48.078,402.849,402.849,6900.0
1.2175,-47.197,-47.197,403.501,403.501,6900.0
1.2176,-46.481,-46.481,404.171,404.171,6900.0
1.2177,-45.451,-45.451,404.813,404.813,6900.0
1.2178,-44.701,-44.701,405.43,405.43,6900.0
1.2179,-43.248,-43.248,406.058,406.058,6900.0
1.218,-40.696,-40.696,406.663,406.663,6900.0
1.2181,-37.684,-37.684,407.224,407.224,6900.0
1.2182,-33.942,-33.942,407.755,407.755,6900.0
1.2183,-43.109,-43.109,408.005,408.005,6900.0
1.2184,-38.008,-38.008,408.536,408.536,6900.0
1.2185,-31.615,-31.615,409.001,409.001,6900.0
1.2186,-37.834,-37.834,409.2,409.2,6900.0
1.2187,-30.053,-30.053,409.635,409.635,6900.0
1.2188,-35.22,-35.22,409.821,409.821,6900.0
1.2189,-32.882,-32.882,410.059,410.059,6900.0
1.219,-29.813,-29.813,410.306,410.306,6900.0
1.2191,-39.18,-39.18,410.258,410.258,6900.0
1.2192,-27.193,-27.193,410.606,410.606,6900.0
1.2193,-34.334,-34.334,410.554,410.554,6900.0
1.2194,-27.042,-27.042,410.715,410.715,6900.0
1.2195,-32.215,-32.215,410.624,410.624,6900.0
1.2196,-29.234,-29.234,410.611,410.611,6900.0
1.2197,-24.739,-24.739,410.595,410.595,6900.0
1.2198,-31.842,-31.842,410.353,410.353,6900.0
1.2199,-17.789,-17.789,410.358,410.358,6900.0
1.22,-23.75,-23.75,410.073,410.073,6900.0
1.2201,-22.2,-22.2,409.833,409.833,6900.0
1.2202,-18.427,-18.427,409.624,409.624,6900.0
1.2203,-18.907,-18.907,409.27,409.27,6900.0
1.2204,-18.162,-18.162,408.935,408.935,6900.0
1.2205,-10.784,-10.784,408.632,408.632,6900.0
1.2206,-16.432,-16.432,408.189,408.189,6900.0
1.2207,-12.858,-12.858,407.772,407.772,6900.0
1.2208,-13.747,-13.747,407.298,407.298,6900.0
1.2209,-12.527,-12.527,406.8,406.8,6900.0
1.221,-16.961,-16.961,406.249,406.249,6900.0
1.2211,-6.564,-6.564,405.768,405.768,6900.0
1.2212,-7.822,-7.822,405.184,405.184,6900.0
1.2213,-6.808,-6.808,404.597,404.597,6900.0
1.2214,-4.335,-4.335,403.994,403.994,6900.0
1.2215,-0.935,-0.935,403.379,403.379,6900.0
1.2216,-9.85,-9.85,402.721,402.721,6900.0
1.2217,-5.719,-5.719,402.092,402.092,6900.0
1.2218,-2.547,-2.547,401.449,401.449,6900.0
1.2219,0.0,0.0,400.797,400.797,6900.0
1.222,-1.773,-1.773,400.134,400.134,6900.0
1.2221,0.185,0.185,399.471,399.471,6900.0
1.2222,1.864,1.864,398.806,398.806,6900.0
1.2223,5.079,5.079,398.14,398.14,6900.0
1.2224,2.308,2.308,397.488,397.488,6900.0
1.2225,9.45,9.45,396.819,396.819,6900.0
1.2226,7.77,7.77,396.18,396.18,6900.0
1.2227,5.467,5.467,395.55,395.55,6900.0
1.2228,3.479,3.479,394.939,394.939,6900.0
1.2229,3.639,3.639,394.334,394.334,6900.0
1.223,5.456,5.456,393.741,393.741,6900.0
1.2231,9.559,9.559,393.166,393.166,6900.0
1.2232,14.786,14.786,392.6,392.6,6900.0
1.2233,20.333,20.333,392.031,392.031,6900.0
1.2234,14.318,14.318,391.608,391.608,6900.0
1.2235,24.132,24.132,391.078,391.078,6900.0
1.2236,17.556,17.556,390.774,390.774,6900.0
1.2237,24.953,24.953,390.319,390.319,6900.0
1.2238,25.959,25.959,389.973,389.973,6900.0
1.2239,27.966,27.966,389.647,389.647,6900.0
1.224,19.127,19.127,389.508,389.508,6900.0
1.2241,31.55,31.55,389.142,389.142,6900.0
1.2242,25.895,25.895,389.091,389.091,6900.0
1.2243,27.819,27.819,388.974,388.974,6900.0
1.2244,30.62,30.62,388.853,388.853,6900.0
1.2245,28.561,28.561,388.896,388.896,6900.0
1.2246,34.174,34.174,388.816,388.816,6900.0
1.2247,28.455,28.455,389.016,389.016,6900.0
1.2248,30.35,30.35,389.11,389.11,6900.0
1.2249,33.326,33.326,389.232,389.232,6900.0
1.225,37.05,37.05,389.371,389.371,6900.0
1.2251,35.114,35.114,389.688,389.688,6900.0
1.2252,40.229,40.229,389.885,389.885,6900.0
1.2253,33.939,33.939,390.347,390.347,6900.0
1.2254,41.362,41.362,390.579,390.579,6900.0
1.2255,36.437,36.437,391.101,391.101,6900.0
1.2256,44.592,44.592,391.331,391.331,6900.0
1.2257,40.743,40.743,391.933,391.933,6900.0
1.2258,37.988,37.988,392.506,392.506,6900.0
1.2259,42.588,42.588,392.955,392.955,6900.0
1.226,47.503,47.503,393.434,393.434,6900.0
1.2261,45.996,45.996,394.086,394.086,6900.0
1.2262,44.974,44.974,394.74,394.74,6900.0
1.2263,44.374,44.374,395.406,395.406,6900.0
1.2264,44.582,44.582,396.109,396.109,6900.0
1.2265,44.595,44.595,396.779,396.779,6900.0
1.2266,44.518,44.518,397.486,397.486,6900.0
1.2267,44.59,44.59,398.197,398.197,6900.0
1.2268,44.429,44.429,398.905,398.905,6900.0
1.2269,44.919,44.919,399.62,399.62,6900.0
1.227,45.181,45.181,400.309,400.309,6900.0
1.2271,45.569,45.569,401.007,401.007,6900.0
1.2272,46.09,46.09,401.681,401.681,6900.0
1.2273,45.965,45.965,402.363,402.363,6900.0
1.2274,46.015,46.015,403.043,403.043,6900.0
1.2275,45.545,45.545,403.721,403.721,6900.0
1.2276,44.992,44.992,404.381,404.381,6900.0
1.2277,44.132,44.132,405.023,405.023,6900.0
1.2278,42.141,42.141,405.665,405.665,6900.0
1.2279,39.717,39.717,406.276,406.276,6900.0
1.228,36.753,36.753,406.845,406.845,6900.0
1.2281,33.724,33.724,407.397,407.397,6900.0
1.2282,43.634,43.634,407.65,407.65,6900.0
1.2283,39.211,39.211,408.207,408.207,6900.0
1.2284,34.007,34.007,408.688,408.688,6900.0
1.2285,41.44,41.44,408.885,408.885,6900.0
1.2286,35.123,35.123,409.383,409.383,6900.0
1.2287,34.631,34.631,409.678,409.678,6900.0
1.2288,33.531,33.309,409.962,409.962,6900.0
1.2289,37.357,37.357,410.073,410.073,6900.0
1.229,27.006,27.006,410.422,410.422,6900.0
1.2291,29.075,29.075,410.53,410.53,6900.0
1.2292,30.192,30.192,410.609,410.609,6900.0
1.2293,23.79,23.79,410.765,410.765,6900.0
1.2294,29.774,29.774,410.713,410.713,6900.0
1.2295,27.618,27.618,410.741,410.741,6900.0
1.2296,24.195,24.195,410.741,410.741,6900.0
1.2297,33.027,33.027,410.502,410.502,6900.0
1.2298,20.95,20.95,410.565,410.565,6900.0
1.2299,28.635,28.635,410.307,410.307,6900.0
1.23,21.079,21.079,410.207,410.207,6900.0
1.2301,24.899,24.899,409.919,409.919,6900.0
1.2302,19.973,19.973,409.671,409.671,6900.0
1.2303,21.583,21.583,409.345,409.345,6900.0
1.2304,16.16,16.16,409.061,409.061,6900.0
1.2305,22.977,22.977,408.628,408.628,6900.0
1.2306,13.125,13.125,408.307,408.307,6900.0
1.2307,21.223,21.223,407.794,407.794,6900.0
1.2308,14.12,14.12,407.389,407.389,6900.0
1.2309,13.678,13.678,406.903,406.903,6900.0
1.231,11.536,11.536,406.398,406.398,6900.0
1.2311,14.014,14.014,405.834,405.834,6900.0
1.2312,15.059,15.059,405.259,405.259,6900.0
1.2313,7.837,7.837,404.719,404.719,6900.0
1.2314,6.653,6.653,404.119,404.119,6900.0
1.2315,10.804,10.804,403.477,403.477,6900.0
1.2316,7.045,7.045,402.858,402.858,6900.0
1.2317,3.324,3.324,402.226,402.226,6900.0
1.2318,0.4,0.4,401.581,401.581,6900.0
1.2319,3.445,3.445,400.919,400.919,6900.0
1.232,-0.0,-0.0,400.262,400.262,6900.0
1.2321,-0.342,-0.342,399.598,399.598,6900.0
1.2322,-2.564,-2.564,398.933,398.933,6900.0
1.2323,-6.181,-6.181,398.267,398.267,6900.0
1.2324,-4.179,-4.179,397.614,397.614,6900.0
1.2325,-0.736,-0.736,396.972,396.972,6900.0
1.2326,-8.662,-8.662,396.303,396.303,6900.0
1.2327,-5.076,-5.076,395.675,395.675,6900.0
1.2328,-2.937,-2.937,395.061,395.061,6900.0
1.2329,-3.864,-3.864,394.456,394.456,6900.0
1.233,-6.55,-6.55,393.872,393.872,6900.0
1.2331,-9.506,-9.506,393.299,393.299,6900.0
1.2332,-14.054,-14.054,392.728,392.728,6900.0
1.2333,-20.597,-20.597,392.17,392.17,6900.0
1.2334,-16.777,-16.777,391.747,391.747,6900.0
1.2335,-15.25,-15.25,391.354,391.354,6900.0
1.2336,-19.949,-19.949,390.906,390.906,6900.0
1.2337,-18.56,-18.56,390.527,390.527,6900.0
1.2338,-25.58,-25.58,390.086,390.086,6900.0
1.2339,-22.066,-22.066,389.868,389.868,6900.0
1.234,-26.901,-26.901,389.568,389.568,6900.0
1.2341,-26.341,-26.341,389.362,389.362,6900.0
1.2342,-27.095,-27.095,389.201,389.201,6900.0
1.2343,-28.936,-28.936,389.056,389.056,6900.0
1.2344,-26.198,-26.198,389.052,389.052,6900.0
1.2345,-31.064,-31.064,388.975,388.975,6900.0
1.2346,-30.628,-30.628,389.012,389.012,6900.0
1.2347,-31.369,-31.369,389.11,389.11,6900.0
1.2348,-32.737,-32.737,389.205,389.205,6900.0
1.2349,-41.289,-41.289,389.172,389.172,6900.0
1.235,-38.061,-38.061,389.488,389.488,6900.0
1.2351,-35.761,-35.761,389.768,389.768,6900.0
1.2352,-35.202,-35.202,390.088,390.088,6900.0
1.2353,-41.777,-41.777,390.27,390.27,6900.0
1.2354,-36.0,-36.0,390.791,390.791,6900.0
1.2355,-43.865,-43.865,391.006,391.006,6900.0
1.2356,-39.812,-39.812,391.581,391.581,6900.0
1.2357,-37.175,-37.175,392.128,392.128,6900.0
1.2358,-41.314,-41.314,392.549,392.549,6900.0
1.2359,-45.426,-45.426,393.02,393.02,6900.0
1.236,-43.359,-43.359,393.678,393.678,6900.0
1.2361,-41.444,-41.444,394.314,394.314,6900.0
1.2362,-40.478,-40.478,394.983,394.983,6900.0
1.2363,-39.937,-39.937,395.632,395.632,6900.0
1.2364,-39.099,-39.099,396.3,396.3,6900.0
1.2365,-38.824,-38.824,396.991,396.991,6900.0
1.2366,-38.613,-38.613,397.678,397.678,6900.0
1.2367,-39.153,-39.153,398.371,398.371,6900.0
1.2368,-40.066,-40.066,399.092,399.092,6900.0
1.2369,-40.635,-40.635,399.796,399.796,6900.0
1.237,-41.601,-41.601,400.485,400.485,6900.0
1.2371,-41.984,-41.984,401.198,401.198,6900.0
1.2372,-42.108,-42.108,401.876,401.876,6900.0
1.2373,-42.122,-42.122,402.559,402.559,6900.0
1.2374,-41.497,-41.497,403.232,403.232,6900.0
1.2375,-41.008,-41.008,403.89,403.89,6900.0
1.2376,-39.889,-39.889,404.526,404.526,6900.0
1.2377,-38.085,-38.085,405.153,405.153,6900.0
1.2378,-36.234,-36.234,405.765,405.765,6900.0
1.2379,-40.506,-40.506,406.224,406.224,6900.0
1.238,-45.244,-45.244,406.664,406.664,6900.0
1.2381,-42.579,-42.579,407.253,407.253,6900.0
1.2382,-38.793,-38.793,407.822,407.822,6900.0
1.2383,-34.49,-34.49,408.343,408.343,6900.0
1.2384,-42.815,-42.815,408.559,408.559,6900.0
1.2385,-37.361,-37.361,409.075,409.075,6900.0
1.2386,-30.916,-30.916,409.52,409.52,6900.0
1.2387,-36.483,-36.483,409.697,409.697,6900.0
1.2388,-34.273,-34.273,409.972,409.972,6900.0
1.2389,-31.634,-31.401,410.258,410.258,6900.0
1.239,-34.383,-34.383,410.38,410.38,6900.0
1.2391,-29.769,-29.769,410.568,410.568,6900.0
1.2392,-31.325,-31.325,410.666,410.666,6900.0
1.2393,-31.613,-31.613,410.725,410.725,6900.0
1.2394,-24.154,-24.154,410.858,410.858,6900.0
1.2395,-28.753,-28.753,410.796,410.796,6900.0
1.2396,-25.56,-25.56,410.787,410.787,6900.0
1.2397,-28.781,-28.781,410.676,410.676,6900.0
1.2398,-23.778,-23.778,410.606,410.606,6900.0
1.2399,-23.665,-23.665,410.469,410.469,6900.0
1.24,-27.965,-27.965,410.192,410.192,6900.0
1.2401,-24.424,-24.424,409.98,409.98,6900.0
1.2402,-14.192,-14.192,409.815,409.815,6900.0
1.2403,-23.61,-23.61,409.409,409.409,6900.0
1.2404,-23.453,-23.453,409.07,409.07,6900.0
1.2405,-20.598,-20.598,408.711,408.711,6900.0
1.2406,-16.211,-16.211,408.334,408.334,6900.0
1.2407,-11.643,-11.643,407.934,407.934,6900.0
1.2408,-19.916,-19.916,407.409,407.409,6900.0
1.2409,-12.586,-12.586,406.984,406.984,6900.0
1.241,-16.923,-16.923,406.434,406.434,6900.0
1.2411,-6.33,-6.33,405.961,405.961,6900.0
1.2412,-7.822,-7.822,405.387,405.387,6900.0
1.2413,-8.642,-8.642,404.798,404.798,6900.0
1.2414,-7.46,-7.46,404.197,404.197,6900.0
1.2415,-3.975,-3.975,403.586,403.586,6900.0
1.2416,-0.717,-0.717,402.96,402.96,6900.0
1.2417,-7.097,-7.097,402.3,402.3,6900.0
1.2418,-3.106,-3.106,401.658,401.658,6900.0
1.2419,0.0,0.0,401.006,401.006,6900.0
1.242,-1.09,-1.09,400.343,400.343,6900.0
1.2421,0.347,0.347,399.68,399.68,6900.0
1.2422,2.386,2.386,399.015,399.015,6900.0
1.2423,6.017,6.017,398.349,398.349,6900.0
1.2424,3.017,3.017,397.697,397.697,6900.0
1.2425,8.889,8.889,397.029,397.029,6900.0
1.2426,5.76,5.76,396.39,396.39,6900.0
1.2427,2.291,2.291,395.764,395.764,6900.0
1.2428,8.465,8.465,395.135,395.135,6900.0
1.2429,9.127,9.127,394.531,394.531,6900.0
1.243,10.637,10.637,393.933,393.933,6900.0
1.2431,7.579,7.579,393.386,393.386,6900.0
1.2432,13.005,13.005,392.82,392.82,6900.0
1.2433,21.361,21.361,392.26,392.26,6900.0
1.2434,17.111,17.111,391.85,391.85,6900.0
1.2435,19.574,19.574,391.39,391.39,6900.0
1.2436,22.998,22.998,390.938,390.938,6900.0
1.2437,22.693,22.693,390.58,390.58,6900.0
1.2438,18.643,18.643,390.295,390.295,6900.0
1.2439,29.377,29.377,389.877,389.877,6900.0
1.244,27.407,27.407,389.673,389.673,6900.0
1.2441,20.249,20.249,389.578,389.578,6900.0
1.2442,27.392,27.392,389.304,389.304,6900.0
1.2443,29.745,29.745,389.131,389.131,6900.0
1.2444,26.917,26.917,389.146,389.146,6900.0
1.2445,31.128,31.128,389.05,389.05,6900.0
1.2446,29.777,29.777,389.078,389.078,6900.0
1.2447,36.138,36.138,389.04,389.04,6900.0
1.2448,36.907,36.907,389.117,389.117,6900.0
1.2449,39.069,39.069,389.226,389.226,6900.0
1.245,30.198,30.198,389.61,389.61,6900.0
1.2451,35.245,35.245,389.793,389.793,6900.0
1.2452,34.896,34.896,390.104,390.104,6900.0
1.2453,41.319,41.319,390.311,390.311,6900.0
1.2454,35.835,35.835,390.822,390.822,6900.0
1.2455,44.256,44.256,391.038,391.038,6900.0
1.2456,40.738,40.738,391.635,391.635,6900.0
1.2457,37.25,37.25,392.2,392.2,6900.0
1.2458,46.564,46.564,392.463,392.463,6900.0
1.2459,43.556,43.556,393.104,393.104,6900.0
1.246,41.299,41.299,393.737,393.737,6900.0
1.2461,40.161,40.161,394.359,394.359,6900.0
1.2462,39.154,39.154,394.991,394.991,6900.0
1.2463,38.39,38.39,395.632,395.632,6900.0
1.2464,38.139,38.139,396.301,396.301,6900.0
1.2465,38.201,38.201,396.967,396.967,6900.0
1.2466,39.124,39.124,397.655,397.655,6900.0
1.2467,39.706,39.706,398.369,398.369,6900.0
1.2468,40.21,40.21,399.058,399.058,6900.0
1.2469,40.651,40.651,399.766,399.766,6900.0
1.247,40.555,40.555,400.437,400.437,6900.0
1.2471,40.82,40.82,401.113,401.113,6900.0
1.2472,40.632,40.632,401.793,401.793,6900.0
1.2473,40.475,40.475,402.465,402.465,6900.0
1.2474,40.301,40.301,403.136,403.136,6900.0
1.2475,39.382,39.382,403.79,403.79,6900.0
1.2476,38.592,38.592,404.418,404.418,6900.0
1.2477,37.38,37.38,405.057,405.057,6900.0
1.2478,36.264,36.264,405.658,405.658,6900.0
1.2479,34.822,34.822,406.263,406.263,6900.0
1.248,45.518,45.518,406.551,406.551,6900.0
1.2481,42.269,42.269,407.139,407.139,6900.0
1.2482,38.287,38.287,407.696,407.696,6900.0
1.2483,34.056,34.056,408.201,408.201,6900.0
1.2484,42.538,42.538,408.41,408.41,6900.0
1.2485,36.539,36.539,408.911,408.911,6900.0
1.2486,36.066,36.066,409.208,409.208,6900.0
1.2487,35.027,35.027,409.533,409.533,6900.0
1.2488,33.289,33.289,409.773,409.773,6900.0
1.2489,31.089,31.089,410.042,410.042,6900.0
1.249,34.458,34.458,410.162,410.162,6900.0
1.2491,29.934,29.934,410.353,410.353,6900.0
1.2492,31.358,31.358,410.454,410.454,6900.0
1.2493,31.369,31.369,410.51,410.51,6900.0
1.2494,23.795,23.795,410.634,410.634,6900.0
1.2495,28.663,28.663,410.568,410.568,6900.0
1.2496,25.832,25.832,410.561,410.561,6900.0
1.2497,28.546,28.546,410.452,410.452,6900.0
1.2498,22.086,22.086,410.401,410.401,6900.0
1.2499,21.449,21.449,410.222,410.222,6900.0
1.25,26.848,26.848,409.915,409.915,6900.0
1.2501,18.498,18.498,409.761,409.761,6900.0
1.2502,22.258,22.258,409.469,409.469,6900.0
1.2503,15.969,15.969,409.193,409.193,6900.0
1.2504,14.859,14.859,408.845,408.845,6900.0
1.2505,19.348,19.348,408.421,408.421,6900.0
1.2506,17.149,17.149,408.018,408.018,6900.0
1.2507,20.656,20.656,407.549,407.549,6900.0
1.2508,14.383,14.383,407.142,407.142,6900.0
1.2509,13.466,13.466,406.657,406.657,6900.0
1.251,10.645,10.645,406.143,406.143,6900.0
1.2511,14.228,14.228,405.574,405.574,6900.0
1.2512,9.458,9.458,405.049,405.049,6900.0
1.2513,2.266,2.266,404.48,404.48,6900.0
1.2514,6.817,6.817,403.86,403.86,6900.0
1.2515,9.501,9.501,403.218,403.218,6900.0
1.2516,5.731,5.731,402.594,402.594,6900.0
1.2517,2.503,2.503,401.958,401.958,6900.0
1.2518,0.646,0.646,401.312,401.312,6900.0
1.2519,2.676,2.676,400.65,400.65,6900.0
1.252,3.85,3.85,399.987,399.987,6900.0
1.2521,-0.461,-0.461,399.327,399.327,6900.0
1.2522,-2.472,-2.472,398.661,398.661,6900.0
1.2523,-5.511,-5.511,397.995,397.995,6900.0
1.2524,-2.165,-2.165,397.343,397.343,6900.0
1.2525,-8.633,-8.633,396.675,396.675,6900.0
1.2526,-6.613,-6.613,396.034,396.034,6900.0
1.2527,-4.041,-4.041,395.412,395.412,6900.0
1.2528,-2.62,-2.62,394.802,394.802,6900.0
1.2529,-9.211,-9.211,394.174,394.174,6900.0
1.253,-11.652,-11.16,393.579,393.579,6900.0
1.2531,-9.031,-9.031,393.032,393.032,6900.0
1.2532,-15.579,-15.579,392.467,392.467,6900.0
1.2533,-15.663,-15.663,391.977,391.977,6900.0
1.2534,-16.289,-16.289,391.482,391.482,6900.0
1.2535,-19.095,-19.095,391.03,391.03,6900.0
1.2536,-18.114,-18.114,390.637,390.637,6900.0
1.2537,-19.437,-19.437,390.273,390.273,6900.0
1.2538,-21.188,-21.188,389.934,389.934,6900.0
1.2539,-17.268,-17.268,389.695,389.695,6900.0
1.254,-27.512,-27.512,389.292,389.292,6900.0
1.2541,-20.541,-20.541,389.2,389.2,6900.0
1.2542,-28.024,-28.024,388.934,388.934,6900.0
1.2543,-30.16,-30.16,388.771,388.771,6900.0
1.2544,-26.973,-26.973,388.79,388.79,6900.0
1.2545,-31.211,-31.211,388.694,388.694,6900.0
1.2546,-30.257,-30.257,388.728,388.728,6900.0
1.2547,-37.294,-37.294,388.705,388.705,6900.0
1.2548,-32.736,-32.736,388.943,388.943,6900.0
1.2549,-35.739,-35.739,389.057,389.057,6900.0
1.255,-39.691,-39.691,389.189,389.189,6900.0
1.2551,-31.558,-31.558,389.606,389.606,6900.0
1.2552,-37.012,-37.012,389.791,389.791,6900.0
1.2553,-43.397,-43.397,389.977,389.977,6900.0
1.2554,-38.288,-38.288,390.521,390.521,6900.0
1.2555,-39.981,-39.981,390.898,390.898,6900.0
1.2556,-41.874,-41.874,391.337,391.337,6900.0
1.2557,-37.987,-37.987,391.891,391.891,6900.0
1.2558,-40.99,-40.99,392.315,392.315,6900.0
1.2559,-45.675,-45.675,392.781,392.781,6900.0
1.256,-44.428,-44.428,393.42,393.42,6900.0
1.2561,-43.058,-43.058,394.058,394.058,6900.0
1.2562,-42.307,-42.307,394.703,394.703,6900.0
1.2563,-41.655,-41.655,395.367,395.367,6900.0
1.2564,-41.783,-41.783,396.064,396.064,6900.0
1.2565,-42.127,-42.127,396.772,396.772,6900.0
1.2566,-42.041,-42.041,397.444,397.444,6900.0
1.2567,-42.263,-42.263,398.159,398.159,6900.0
1.2568,-42.238,-42.238,398.84,398.84,6900.0
1.2569,-42.536,-42.536,399.523,399.523,6900.0
1.257,-43.068,-43.068,400.224,400.224,6900.0
1.2571,-43.176,-43.176,400.933,400.933,6900.0
1.2572,-43.703,-43.703,401.614,401.614,6900.0
1.2573,-43.731,-43.731,402.307,402.307,6900.0
1.2574,-43.36,-43.36,402.992,402.992,6900.0
1.2575,-42.988,-42.988,403.67,403.67,6900.0
1.2576,-42.15,-42.15,404.328,404.328,6900.0
1.2577,-41.469,-41.469,404.964,404.964,6900.0
1.2578,-40.092,-40.092,405.572,405.572,6900.0
1.2579,-37.735,-37.735,406.16,406.16,6900.0
1.258,-35.063,-35.063,406.711,406.711,6900.0
1.2581,-45.006,-45.006,406.992,406.992,6900.0
1.2582,-41.542,-41.542,407.563,407.563,6900.0
1.2583,-37.257,-37.257,408.094,408.094,6900.0
1.2584,-31.841,-31.841,408.55,408.55,6900.0
1.2585,-39.094,-39.094,408.766,408.766,6900.0
1.2586,-32.364,-32.364,409.222,409.222,6900.0
1.2587,-38.573,-38.573,409.367,409.367,6900.0
1.2588,-30.544,-30.544,409.788,409.788,6900.0
1.2589,-34.745,-34.745,409.905,409.905,6900.0
1.259,-31.073,-31.073,410.114,410.114,6900.0
1.2591,-26.585,-26.585,410.324,410.324,6900.0
1.2592,-27.593,-27.593,410.407,410.407,6900.0
1.2593,-27.601,-27.601,410.455,410.455,6900.0
1.2594,-26.974,-26.974,410.507,410.507,6900.0
1.2595,-31.772,-31.772,410.411,410.411,6900.0
1.2596,-21.575,-21.575,410.511,410.511,6900.0
1.2597,-23.234,-23.234,410.392,410.392,6900.0
1.2598,-30.873,-30.873,410.128,410.128,6900.0
1.2599,-17.894,-17.894,410.16,410.16,6900.0
1.26,-24.322,-24.322,409.884,409.884,6900.0
1.2601,-21.606,-21.606,409.646,409.646,6900.0
1.2602,-23.563,-23.563,409.351,409.351,6900.0
1.2603,-17.278,-17.278,409.097,409.097,6900.0
1.2604,-24.851,-24.851,408.677,408.677,6900.0
1.2605,-11.624,-11.624,408.452,408.452,6900.0
1.2606,-16.077,-16.077,408.011,408.011,6900.0
1.2607,-17.889,-17.889,407.541,407.541,6900.0
1.2608,-11.091,-11.091,407.119,407.119,6900.0
1.2609,-16.926,-16.926,406.577,406.577,6900.0
1.261,-7.919,-7.919,406.121,406.121,6900.0
1.2611,-10.564,-10.564,405.555,405.555,6900.0
1.2612,-10.999,-10.999,404.975,404.975,6900.0
1.2613,-10.03,-10.03,404.382,404.382,6900.0
1.2614,-7.827,-7.827,403.778,403.778,6900.0
1.2615,-5.145,-5.145,403.162,403.162,6900.0
1.2616,-2.472,-2.472,402.534,402.534,6900.0
1.2617,0.0,0.0,401.895,401.895,6900.0
1.2618,-5.156,-5.156,401.234,401.234,6900.0
1.2619,-1.329,-1.329,400.584,400.584,6900.0
1.262,-2.493,-2.493,399.921,399.921,6900.0
1.2621,0.386,0.386,399.258,399.258,6900.0
1.2622,2.428,2.428,398.593,398.593,6900.0
1.2623,6.243,6.243,397.926,397.926,6900.0
1.2624,4.245,4.245,397.272,397.272,6900.0
1.2625,1.672,1.672,396.629,396.629,6900.0
1.2626,10.59,10.59,395.959,395.959,6900.0
1.2627,8.03,8.03,395.326,395.326,6900.0
1.2628,6.349,6.349,394.708,394.708,6900.0
1.2629,6.664,6.664,394.106,394.106,6900.0
1.263,9.59,9.59,393.52,393.52,6900.0
1.2631,13.354,13.526,392.935,392.935,6900.0
1.2632,17.813,17.813,392.367,392.367,6900.0
1.2633,10.829,10.829,391.925,391.925,6900.0
1.2634,19.202,19.202,391.38,391.38,6900.0
1.2635,17.567,17.567,390.988,390.988,6900.0
1.2636,17.179,17.179,390.617,390.617,6900.0
1.2637,16.598,16.598,390.232,390.232,6900.0
1.2638,23.813,23.813,389.801,389.801,6900.0
1.2639,19.726,19.726,389.559,389.559,6900.0
1.264,31.245,31.245,389.155,389.155,6900.0
1.2641,24.514,24.514,389.086,389.086,6900.0
1.2642,25.458,25.458,388.93,388.93,6900.0
1.2643,33.853,33.853,388.67,388.67,6900.0
1.2644,24.485,24.485,388.793,388.793,6900.0
1.2645,35.773,35.773,388.579,388.579,6900.0
1.2646,29.264,29.264,388.75,388.75,6900.0
1.2647,36.638,36.638,388.701,388.701,6900.0
1.2648,32.109,32.109,388.913,388.913,6900.0
1.2649,41.472,41.472,388.903,388.903,6900.0
1.265,38.495,38.495,389.228,389.228,6900.0
1.2651,36.219,36.219,389.521,389.521,6900.0
1.2652,35.59,35.59,389.851,389.851,6900.0
1.2653,42.271,42.271,390.043,390.043,6900.0
1.2654,36.695,36.695,390.582,390.582,6900.0
1.2655,44.274,44.274,390.809,390.809,6900.0
1.2656,39.992,39.992,391.395,391.395,6900.0
1.2657,36.881,36.881,391.974,391.974,6900.0
1.2658,41.131,41.131,392.425,392.425,6900.0
1.2659,45.804,45.804,392.898,392.898,6900.0
1.266,44.004,44.004,393.531,393.531,6900.0
1.2661,42.607,42.607,394.196,394.196,6900.0
1.2662,41.606,41.606,394.86,394.86,6900.0
1.2663,41.403,41.403,395.549,395.549,6900.0
1.2664,40.993,40.993,396.233,396.233,6900.0
1.2665,40.648,40.648,396.902,396.902,6900.0
1.2666,40.56,40.56,397.608,397.608,6900.0
1.2667,40.436,40.436,398.31,398.31,6900.0
1.2668,41.084,41.084,399.024,399.024,6900.0
1.2669,41.563,41.563,399.719,399.719,6900.0
1.267,42.127,42.127,400.429,400.429,6900.0
1.2671,42.796,42.796,401.12,401.12,6900.0
1.2672,42.778,42.778,401.823,401.823,6900.0
1.2673,43.022,43.022,402.488,402.488,6900.0
1.2674,42.78,42.78,403.157,403.157,6900.0
1.2675,42.496,42.496,403.816,403.816,6900.0
1.2676,41.954,41.954,404.465,404.465,6900.0
1.2677,40.392,40.392,405.084,405.084,6900.0
1.2678,38.516,38.516,405.688,405.688,6900.0
1.2679,36.096,36.096,406.267,406.267,6900.0
1.268,40.034,40.034,406.719,406.719,6900.0
1.2681,43.898,43.898,407.137,407.137,6900.0
1.2682,39.958,39.958,407.707,407.707,6900.0
1.2683,35.294,35.294,408.22,408.22,6900.0
1.2684,36.511,36.511,408.577,408.577,6900.0
1.2685,37.745,37.745,408.944,408.944,6900.0
1.2686,31.529,31.529,409.403,409.403,6900.0
1.2687,37.521,37.521,409.599,409.599,6900.0
1.2688,29.042,29.042,409.981,409.981,6900.0
1.2689,32.946,32.946,410.127,410.127,6900.0
1.269,36.003,36.003,410.22,410.22,6900.0
1.2691,31.541,31.541,410.463,410.463,6900.0
1.2692,32.64,32.64,410.535,410.535,6900.0
1.2693,26.106,26.106,410.709,410.709,6900.0
1.2694,31.75,31.75,410.622,410.622,6900.0
1.2695,22.499,22.499,410.749,410.749,6900.0
1.2696,32.42,32.42,410.533,410.533,6900.0
1.2697,28.033,28.033,410.509,410.509,6900.0
1.2698,23.427,23.427,410.461,410.461,6900.0
1.2699,30.575,30.575,410.199,410.199,6900.0
1.27,21.541,21.541,410.128,410.128,6900.0
1.2701,24.843,24.843,409.842,409.842,6900.0
1.2702,20.492,20.492,409.596,409.596,6900.0
1.2703,16.437,16.437,409.347,409.347,6900.0
1.2704,24.061,24.061,408.923,408.923,6900.0
1.2705,15.259,15.259,408.632,408.632,6900.0
1.2706,17.81,17.81,408.175,408.175,6900.0
1.2707,19.186,19.186,407.703,407.703,6900.0
1.2708,13.22,13.22,407.29,407.29,6900.0
1.2709,12.855,12.855,406.811,406.811,6900.0
1.271,9.828,9.828,406.291,406.291,6900.0
1.2711,12.38,12.38,405.725,405.725,6900.0
1.2712,13.36,13.36,405.15,405.15,6900.0
1.2713,13.592,13.592,404.567,404.567,6900.0
1.2714,12.397,12.397,403.974,403.974,6900.0
1.2715,9.053,9.053,403.369,403.369,6900.0
1.2716,5.814,5.814,402.743,402.743,6900.0
1.2717,2.368,2.368,402.107,402.107,6900.0
1.2718,0.321,0.321,401.46,401.46,6900.0
1.2719,2.485,2.485,400.798,400.798,6900.0
1.272,3.464,3.464,400.135,400.135,6900.0
1.2721,-0.583,-0.583,399.474,399.474,6900.0
1.2722,-2.931,-2.931,398.809,398.809,6900.0
1.2723,-0.454,-0.454,398.156,398.156,6900.0
1.2724,-5.164,-5.164,397.489,397.489,6900.0
1.2725,-1.351,-1.351,396.846,396.846,6900.0
1.2726,-9.44,-9.44,396.176,396.176,6900.0
1.2727,-6.133,-6.133,395.549,395.549,6900.0
1.2728,-5.147,-5.147,394.938,394.938,6900.0
1.2729,-6.171,-6.171,394.344,394.344,6900.0
1.273,-7.91,-7.91,393.748,393.748,6900.0
1.2731,-11.089,-11.089,393.172,393.172,6900.0
1.2732,-16.316,-16.316,392.602,392.602,6900.0
1.2733,-11.314,-11.314,392.169,392.169,6900.0
1.2734,-21.17,-21.17,391.619,391.619,6900.0
1.2735,-18.025,-18.025,391.213,391.213,6900.0
1.2736,-15.629,-15.629,390.83,390.83,6900.0
1.2737,-21.162,-21.162,390.408,390.408,6900.0
1.2738,-22.86,-22.86,390.068,390.068,6900.0
1.2739,-26.715,-26.715,389.738,389.738,6900.0
1.274,-18.774,-18.774,389.619,389.619,6900.0
1.2741,-30.929,-30.929,389.248,389.248,6900.0
1.2742,-25.036,-25.036,389.179,389.179,6900.0
1.2743,-27.547,-27.547,389.051,389.051,6900.0
1.2744,-31.177,-31.177,388.932,388.932,6900.0
1.2745,-29.46,-29.46,388.958,388.958,6900.0
1.2746,-35.435,-35.435,388.91,388.91,6900.0
1.2747,-29.379,-29.379,389.124,389.124,6900.0
1.2748,-30.436,-30.436,389.23,389.23,6900.0
1.2749,-39.142,-39.142,389.23,389.23,6900.0
1.275,-36.245,-36.245,389.499,389.499,6900.0
1.2751,-35.075,-35.075,389.822,389.822,6900.0
1.2752,-41.057,-41.057,389.994,389.994,6900.0
1.2753,-34.74,-34.74,390.484,390.484,6900.0
1.2754,-41.997,-41.997,390.699,390.699,6900.0
1.2755,-37.244,-37.244,391.241,391.241,6900.0
1.2756,-39.993,-39.993,391.64,391.64,6900.0
1.2757,-43.487,-43.487,392.065,392.065,6900.0
1.2758,-40.214,-40.214,392.682,392.682,6900.0
1.2759,-37.501,-37.501,393.28,393.28,6900.0
1.276,-47.937,-47.937,393.601,393.601,6900.0
1.2761,-46.797,-46.797,394.271,394.271,6900.0
1.2762,-46.183,-46.183,394.956,394.956,6900.0
1.2763,-45.421,-45.421,395.621,395.621,6900.0
1.2764,-45.287,-45.287,396.311,396.311,6900.0
1.2765,-45.178,-45.178,397.0,397.0,6900.0
1.2766,-45.748,-45.748,397.694,397.694,6900.0
1.2767,-46.606,-46.606,398.373,398.373,6900.0
1.2768,-46.944,-46.944,399.072,399.072,6900.0
1.2769,-47.583,-47.583,399.745,399.745,6900.0
1.277,-47.713,-47.713,400.435,400.435,6900.0
1.2771,-47.729,-47.729,401.124,401.124,6900.0
1.2772,-47.917,-47.782,401.817,401.817,6900.0
1.2773,-47.358,-47.358,402.506,402.506,6900.0
1.2774,-47.241,-47.241,403.187,403.187,6900.0
1.2775,-46.601,-46.601,403.86,403.86,6900.0
1.2776,-45.452,-45.452,404.504,404.504,6900.0
1.2777,-44.316,-44.316,405.157,405.157,6900.0
1.2778,-42.814,-42.814,405.768,405.768,6900.0
1.2779,-41.408,-41.408,406.376,406.376,6900.0
1.278,-39.19,-39.19,406.971,406.971,6900.0
1.2781,-35.801,-35.801,407.518,407.518,6900.0
1.2782,-38.335,-38.335,407.907,407.907,6900.0
1.2783,-40.455,-40.455,408.295,408.295,6900.0
1.2784,-35.414,-35.414,408.819,408.819,6900.0
1.2785,-36.049,-36.049,409.137,409.137,6900.0
1.2786,-35.72,-35.72,409.472,409.472,6900.0
1.2787,-34.427,-34.427,409.737,409.737,6900.0
1.2788,-32.635,-32.635,410.042,410.042,6900.0
1.2789,-36.887,-36.887,410.139,410.139,6900.0
1.279,-26.956,-26.956,410.48,410.48,6900.0
1.2791,-36.216,-36.216,410.458,410.458,6900.0
1.2792,-30.583,-30.583,410.651,410.651,6900.0
1.2793,-30.75,-30.75,410.72,410.72,6900.0
1.2794,-29.335,-29.335,410.746,410.746,6900.0
1.2795,-26.871,-26.871,410.759,410.759,6900.0
1.2796,-30.715,-30.715,410.68,410.68,6900.0
1.2797,-19.788,-19.788,410.74,410.74,6900.0
1.2798,-27.28,-27.28,410.504,410.504,6900.0
1.2799,-26.103,-26.103,410.336,410.336,6900.0
1.28,-17.473,-17.473,410.232,410.232,6900.0
1.2801,-22.193,-22.193,409.931,409.931,6900.0
1.2802,-19.449,-19.449,409.687,409.687,6900.0
1.2803,-21.015,-21.015,409.358,409.358,6900.0
1.2804,-19.591,-19.591,408.989,408.989,6900.0
1.2805,-23.589,-23.589,408.551,408.551,6900.0
1.2806,-13.514,-13.514,408.236,408.236,6900.0
1.2807,-16.334,-16.334,407.759,407.759,6900.0
1.2808,-10.37,-10.37,407.35,407.35,6900.0
1.2809,-15.575,-15.575,406.802,406.802,6900.0
1.281,-6.164,-6.164,406.332,406.332,6900.0
1.2811,-9.042,-9.042,405.765,405.765,6900.0
1.2812,-11.298,-11.298,405.192,405.192,6900.0
1.2813,-11.54,-11.54,404.606,404.606,6900.0
1.2814,-9.581,-9.581,404.005,404.005,6900.0
1.2815,-5.844,-5.844,403.394,403.394,6900.0
1.2816,-2.276,-2.276,402.768,402.768,6900.0
1.2817,-1.977,-1.977,402.127,402.127,6900.0
1.2818,-4.028,-4.028,401.468,401.468,6900.0
1.2819,-0.37,-0.37,400.816,400.816,6900.0
1.282,-1.209,-1.209,400.153,400.153,6900.0
1.2821,0.66,0.66,399.49,399.49,6900.0
1.2822,3.055,3.055,398.825,398.825,6900.0
1.2823,6.478,6.478,398.158,398.158,6900.0
1.2824,3.454,3.454,397.506,397.506,6900.0
1.2825,3.291,3.291,396.861,396.861,6900.0
1.2826,7.809,7.809,396.195,396.195,6900.0
1.2827,5.84,5.84,395.566,395.566,6900.0
1.2828,4.853,4.853,394.955,394.955,6900.0
1.2829,4.812,4.812,394.351,394.351,6900.0
1.283,6.891,6.891,393.759,393.759,6900.0
1.2831,11.204,11.204,393.18,393.18,6900.0
1.2832,18.163,18.163,392.619,392.619,6900.0
1.2833,12.522,12.522,392.183,392.183,6900.0
1.2834,20.231,20.231,391.634,391.634,6900.0
1.2835,15.95,15.95,391.238,391.238,6900.0
1.2836,20.989,20.989,390.795,390.795,6900.0
1.2837,16.041,16.041,390.498,390.498,6900.0
1.2838,25.193,25.193,390.077,390.077,6900.0
1.2839,21.993,21.993,389.857,389.857,6900.0
1.284,26.068,26.068,389.55,389.55,6900.0
1.2841,25.524,25.524,389.372,389.372,6900.0
1.2842,32.956,32.956,389.106,389.106,6900.0
1.2843,22.455,22.455,389.191,389.191,6900.0
1.2844,32.096,32.096,388.974,388.974,6900.0
1.2845,36.319,36.319,388.865,388.865,6900.0
1.2846,29.042,29.042,389.042,389.042,6900.0
1.2847,35.705,35.705,388.981,388.981,6900.0
1.2848,30.935,30.935,389.237,389.237,6900.0
1.2849,33.944,33.944,389.359,389.359,6900.0
1.285,38.444,38.444,389.516,389.516,6900.0
1.2851,36.881,36.881,389.818,389.818,6900.0
1.2852,36.107,36.107,390.166,390.166,6900.0
1.2853,42.511,42.511,390.333,390.333,6900.0
1.2854,37.395,37.395,390.849,390.849,6900.0
1.2855,39.473,39.473,391.207,391.207,6900.0
1.2856,41.891,41.891,391.64,391.64,6900.0
1.2857,37.925,37.925,392.194,392.194,6900.0
1.2858,40.833,40.833,392.617,392.617,6900.0
1.2859,44.925,44.925,393.07,393.07,6900.0
1.286,43.545,43.545,393.722,393.722,6900.0
1.2861,42.247,42.247,394.375,394.375,6900.0
1.2862,41.125,41.125,395.027,395.027,6900.0
1.2863,40.509,40.509,395.695,395.695,6900.0
1.2864,40.181,40.181,396.387,396.387,6900.0
1.2865,40.749,40.749,397.088,397.088,6900.0
1.2866,41.161,41.161,397.768,397.768,6900.0
1.2867,41.575,41.575,398.459,398.459,6900.0
1.2868,42.062,42.062,399.168,399.168,6900.0
1.2869,42.159,42.159,399.844,399.844,6900.0
1.287,42.691,42.691,400.533,400.533,6900.0
1.2871,42.741,42.741,401.233,401.233,6900.0
1.2872,42.74,42.74,401.932,401.932,6900.0
1.2873,42.737,42.737,402.594,402.594,6900.0
1.2874,42.011,42.011,403.246,403.246,6900.0
1.2875,41.395,41.395,403.917,403.917,6900.0
1.2876,40.425,40.425,404.566,404.566,6900.0
1.2877,39.62,39.62,405.186,405.186,6900.0
1.2878,38.578,38.578,405.821,405.821,6900.0
1.2879,36.515,36.515,406.409,406.409,6900.0
1.288,33.914,33.914,406.962,406.962,6900.0
1.2881,43.914,43.914,407.22,407.22,6900.0
1.2882,40.352,40.352,407.794,407.794,6900.0
1.2883,36.122,36.122,408.327,408.327,6900.0
1.2884,37.223,37.223,408.671,408.671,6900.0
1.2885,37.5,37.5,409.044,409.044,6900.0
1.2886,30.25,30.25,409.479,409.479,6900.0
1.2887,35.943,35.943,409.675,409.675,6900.0
1.2888,34.24,34.24,409.941,409.941,6900.0
1.2889,31.93,31.93,410.2,410.2,6900.0
1.289,35.235,35.235,410.272,410.272,6900.0
1.2891,30.845,30.845,410.53,410.53,6900.0
1.2892,31.993,31.993,410.587,410.587,6900.0
1.2893,25.503,25.503,410.743,410.743,6900.0
1.2894,24.58,24.58,410.774,410.774,6900.0
1.2895,22.696,22.696,410.771,410.771,6900.0
1.2896,32.906,32.906,410.563,410.563,6900.0
1.2897,20.978,20.978,410.627,410.627,6900.0
1.2898,27.898,27.898,410.403,410.403,6900.0
1.2899,20.512,20.512,410.322,410.322,6900.0
1.29,20.143,20.143,410.116,410.116,6900.0
1.2901,24.774,24.774,409.786,409.786,6900.0
1.2902,19.738,19.738,409.56,409.56,6900.0
1.2903,20.09,20.09,409.222,409.222,6900.0
1.2904,19.454,19.454,408.882,408.882,6900.0
1.2905,19.03,19.03,408.493,408.493,6900.0
1.2906,17.158,17.158,408.111,408.111,6900.0
1.2907,19.494,19.494,407.637,407.637,6900.0
1.2908,12.928,12.928,407.209,407.209,6900.0
1.2909,18.316,18.316,406.666,406.666,6900.0
1.291,9.075,9.075,406.215,406.215,6900.0
1.2911,11.995,11.995,405.646,405.646,6900.0
1.2912,12.415,12.415,405.066,405.066,6900.0
1.2913,11.287,11.287,404.474,404.474,6900.0
1.2914,8.553,8.553,403.871,403.871,6900.0
1.2915,4.889,4.889,403.258,403.258,6900.0
1.2916,2.425,2.425,402.628,402.628,6900.0
1.2917,-0.0,-0.0,401.989,401.989,6900.0
1.2918,5.06,5.06,401.328,401.328,6900.0
1.2919,1.361,1.361,400.677,400.677,6900.0
1.292,2.496,2.496,400.014,400.014,6900.0
1.2921,-0.485,-0.485,399.352,399.352,6900.0
1.2922,-2.418,-2.418,398.686,398.686,6900.0
1.2923,-6.188,-6.188,398.02,398.02,6900.0
1.2924,-3.544,-3.544,397.369,397.369,6900.0
1.2925,0.0,0.0,396.731,396.731,6900.0
1.2926,-9.703,-9.703,396.061,396.061,6900.0
1.2927,-7.422,-7.422,395.43,395.43,6900.0
1.2928,-5.938,-5.938,394.818,394.818,6900.0
1.2929,-6.13,-6.13,394.223,394.223,6900.0
1.293,-8.944,-8.944,393.632,393.632,6900.0
1.2931,-13.555,-13.555,393.059,393.059,6900.0
1.2932,-18.357,-18.357,392.494,392.494,6900.0
1.2933,-11.213,-11.213,392.044,392.044,6900.0
1.2934,-19.002,-19.002,391.501,391.501,6900.0
1.2935,-16.867,-16.867,391.1,391.1,6900.0
1.2936,-23.8,-23.8,390.642,390.642,6900.0
1.2937,-17.785,-17.785,390.363,390.363,6900.0
1.2938,-19.076,-19.076,390.031,390.031,6900.0
1.2939,-21.462,-21.462,389.73,389.73,6900.0
1.294,-25.992,-25.992,389.417,389.417,6900.0
1.2941,-26.084,-26.084,389.244,389.244,6900.0
1.2942,-33.417,-33.417,388.988,388.988,6900.0
1.2943,-22.558,-22.558,389.079,389.079,6900.0
1.2944,-32.216,-32.216,388.864,388.864,6900.0
1.2945,-36.812,-36.812,388.758,388.758,6900.0
1.2946,-30.088,-30.088,388.956,388.956,6900.0
1.2947,-30.911,-30.911,389.029,389.029,6900.0
1.2948,-33.256,-33.256,389.154,389.154,6900.0
1.2949,-30.08,-30.08,389.399,389.399,6900.0
1.295,-33.704,-33.704,389.558,389.558,6900.0
1.2951,-38.273,-38.273,389.715,389.715,6900.0
1.2952,-37.402,-37.402,390.019,390.019,6900.0
1.2953,-38.13,-38.13,390.367,390.367,6900.0
1.2954,-39.217,-39.217,390.732,390.732,6900.0
1.2955,-40.59,-40.59,391.143,391.143,6900.0
1.2956,-36.154,-36.154,391.684,391.684,6900.0
1.2957,-45.101,-45.101,391.952,391.952,6900.0
1.2958,-42.716,-42.716,392.554,392.554,6900.0
1.2959,-40.911,-40.911,393.17,393.17,6900.0
1.296,-38.932,-38.932,393.805,393.805,6900.0
1.2961,-37.626,-37.626,394.428,394.428,6900.0
1.2962,-42.875,-42.875,394.919,394.919,6900.0
1.2963,-49.421,-49.421,395.425,395.425,6900.0
1.2964,-43.178,-43.178,396.274,396.274,6900.0
1.2965,-49.718,-49.718,396.794,396.794,6900.0
1.2966,-43.428,-43.428,397.654,397.654,6900.0
1.2967,-43.471,-43.471,398.335,398.335,6900.0
1.2968,-43.821,-43.821,399.018,399.018,6900.0
1.2969,-44.32,-44.32,399.72,399.72,6900.0
1.297,-44.319,-44.319,400.429,400.429,6900.0
1.2971,-38.267,-38.267,401.288,401.288,6900.0
1.2972,-38.201,-38.201,401.972,401.972,6900.0
1.2973,-37.939,-37.939,402.646,402.646,6900.0
1.2974,-37.819,-37.819,403.32,403.32,6900.0
1.2975,-37.343,-37.343,403.983,403.983,6900.0
1.2976,-37.109,-37.109,404.639,404.639,6900.0
1.2977,-36.189,-36.189,405.278,405.278,6900.0
1.2978,-40.822,-40.822,405.742,405.742,6900.0
1.2979,-45.411,-45.411,406.189,406.189,6900.0
1.298,-42.68,-42.68,406.779,406.779,6900.0
1.2981,-39.772,-39.772,407.363,407.363,6900.0
1.2982,-36.035,-36.035,407.886,407.886,6900.0
1.2983,-37.631,-37.631,408.231,408.231,6900.0
1.2984,-38.871,-38.871,408.591,408.591,6900.0
1.2985,-32.74,-32.74,409.048,409.048,6900.0
1.2986,-39.63,-39.63,409.209,409.209,6900.0
1.2987,-32.377,-32.377,409.639,409.639,6900.0
1.2988,-37.315,-37.315,409.772,409.772,6900.0
1.2989,-27.963,-27.963,410.135,410.135,6900.0
1.299,-31.004,-31.004,410.245,410.245,6900.0
1.2991,-26.527,-26.527,410.452,410.452,6900.0
1.2992,-27.585,-27.585,410.534,410.534,6900.0
1.2993,-27.668,-27.668,410.583,410.583,6900.0
1.2994,-26.763,-26.763,410.634,410.634,6900.0
1.2995,-30.896,-30.896,410.546,410.546,6900.0
1.2996,-26.938,-26.938,410.573,410.573,6900.0
1.2997,-28.743,-28.743,410.422,410.422,6900.0
1.2998,-23.597,-23.597,410.382,410.382,6900.0
1.2999,-24.196,-24.196,410.198,410.198,6900.0
