t,Iac_real,Iac_int,Vdc_real,Vdc_int,P_charge
0.6,-18.946,-18.946,410.264,410.264,
0.6001,-17.885,-17.885,409.938,409.938,6900.0
0.6002,-16.715,-16.715,409.583,409.583,6900.0
0.6003,-15.657,-15.657,409.205,409.205,6900.0
0.6004,-14.251,-14.251,408.806,408.806,6900.0
0.6005,-12.615,-12.615,408.366,408.366,6900.0
0.6006,-11.451,-11.451,407.885,407.885,6900.0
0.6007,-10.022,-10.022,407.377,407.377,6900.0
0.6008,-8.847,-8.847,406.841,406.841,6900.0
0.6009,-7.389,-7.389,406.284,406.284,6900.0
0.601,-5.878,-5.878,405.7,405.7,6900.0
0.6011,-4.588,-4.588,405.094,405.094,6900.0
0.6012,-3.137,-3.137,404.47,404.47,6900.0
0.6013,-1.734,-1.734,403.832,403.832,6900.0
0.6014,-0.34,-0.34,403.182,403.182,6900.0
0.6015,0.0,0.0,402.524,402.524,6900.0
0.6016,0.0,0.0,401.865,401.865,6900.0
0.6017,0.0,0.0,401.204,401.204,6900.0
0.6018,0.0,0.0,400.542,400.542,6900.0
0.6019,0.069,0.069,399.879,399.879,6900.0
0.602,-0.0,-0.0,399.214,399.214,6900.0
0.6021,-0.0,-0.0,398.549,398.549,6900.0
0.6022,-0.0,-0.0,397.882,397.882,6900.0
0.6023,-0.0,-0.0,397.214,397.214,6900.0
0.6024,-0.0,-0.0,396.545,396.545,6900.0
0.6025,-0.0,-0.0,395.876,395.876,6900.0
0.6026,-0.0,-0.0,395.204,395.204,6900.0
0.6027,-0.0,-0.0,394.532,394.532,6900.0
0.6028,1.171,1.171,393.863,393.863,6900.0
0.6029,7.774,7.774,393.222,393.222,6900.0
0.603,10.478,10.478,392.632,392.632,6900.0
0.6031,12.299,12.299,392.065,392.065,6900.0
0.6032,14.151,14.151,391.526,391.526,6900.0
0.6033,15.945,15.945,391.03,391.03,6900.0
0.6034,17.441,17.441,390.59,390.59,6900.0
0.6035,18.669,18.669,390.193,390.193,6900.0
0.6036,20.024,20.024,389.828,389.828,6900.0
0.6037,21.523,21.523,389.502,389.502,6900.0
0.6038,22.9,22.9,389.225,389.225,6900.0
0.6039,24.255,24.255,388.993,388.993,6900.0
0.604,25.543,25.543,388.801,388.801,6900.0
0.6041,26.829,26.829,388.642,388.642,6900.0
0.6042,28.127,28.127,388.521,388.521,6900.0
0.6043,29.403,29.403,388.439,388.439,6900.0
0.6044,30.727,30.727,388.4,388.4,6900.0
0.6045,32.019,32.019,388.417,388.417,6900.0
0.6046,33.277,33.277,388.502,388.502,6900.0
0.6047,34.289,34.289,388.651,388.651,6900.0
0.6048,35.175,35.175,388.849,388.849,6900.0
0.6049,36.259,36.259,389.087,389.087,6900.0
0.605,37.202,37.202,389.382,389.382,6900.0
0.6051,38.218,38.218,389.736,389.736,6900.0
0.6052,38.847,38.847,390.145,390.145,6900.0
0.6053,39.398,39.398,390.571,390.571,6900.0
0.6054,40.228,40.228,391.006,391.006,6900.0
0.6055,40.877,40.877,391.474,391.474,6900.0
0.6056,41.734,41.734,391.974,391.974,6900.0
0.6057,42.221,42.221,392.527,392.527,6900.0
0.6058,42.505,42.505,393.099,393.099,6900.0
0.6059,43.175,43.175,393.689,393.689,6900.0
0.606,43.502,43.502,394.326,394.326,6900.0
0.6061,43.977,43.977,394.992,394.992,6900.0
0.6062,44.156,44.156,395.715,395.715,6900.0
0.6063,44.123,44.123,396.445,396.445,6900.0
0.6064,44.341,44.341,397.18,397.18,6900.0
0.6065,44.246,44.246,397.927,397.927,6900.0
0.6066,44.253,44.253,398.654,398.654,6900.0
0.6067,44.295,44.295,399.391,399.391,6900.0
0.6068,44.016,44.016,400.116,400.116,6900.0
0.6069,44.008,44.008,400.832,400.832,6900.0
0.607,43.712,43.712,401.549,401.549,6900.0
0.6071,43.428,43.428,402.24,402.24,6900.0
0.6072,43.282,43.282,402.931,402.931,6900.0
0.6073,42.859,42.859,403.618,403.618,6900.0
0.6074,42.553,42.553,404.305,404.305,6900.0
0.6075,41.978,41.978,404.985,404.985,6900.0
0.6076,41.289,41.289,405.628,405.628,6900.0
0.6077,40.864,40.864,406.239,406.239,6900.0
0.6078,40.175,40.175,406.826,406.826,6900.0
0.6079,39.641,39.641,407.39,407.39,6900.0
0.608,38.822,38.822,407.925,407.925,6900.0
0.6081,38.029,38.029,408.407,408.407,6900.0
0.6082,37.391,37.391,408.841,408.841,6900.0
0.6083,36.611,36.611,409.242,409.242,6900.0
0.6084,35.876,35.876,409.613,409.613,6900.0
0.6085,35.037,35.037,409.953,409.953,6900.0
0.6086,34.137,34.137,410.256,410.256,6900.0
0.6087,33.205,33.205,410.518,410.518,6900.0
0.6088,32.282,32.282,410.743,410.743,6900.0
0.6089,31.273,31.273,410.929,410.929,6900.0
0.609,30.327,30.327,411.076,411.076,6900.0
0.6091,29.314,29.314,411.185,411.185,6900.0
0.6092,28.207,28.207,411.255,411.255,6900.0
0.6093,26.992,26.992,411.273,411.273,6900.0
0.6094,25.879,25.879,411.227,411.227,6900.0
0.6095,24.956,24.956,411.135,411.135,6900.0
0.6096,23.984,23.984,411.013,411.013,6900.0
0.6097,22.864,22.864,410.87,410.87,6900.0
0.6098,21.341,21.341,410.683,410.683,6900.0
0.6099,20.098,20.098,410.43,410.43,6900.0
0.61,19.094,19.094,410.138,410.138,6900.0
0.6101,18.11,18.11,409.821,409.821,6900.0
0.6102,16.939,16.939,409.489,409.489,6900.0
0.6103,15.336,15.336,409.124,409.124,6900.0
0.6104,13.932,13.932,408.709,408.709,6900.0
0.6105,12.747,12.747,408.26,408.26,6900.0
0.6106,11.489,11.489,407.78,407.78,6900.0
0.6107,10.237,10.237,407.277,407.277,6900.0
0.6108,8.671,8.671,406.746,406.746,6900.0
0.6109,7.215,7.215,406.182,406.182,6900.0
0.611,5.948,5.948,405.595,405.595,6900.0
0.6111,4.571,4.571,404.989,404.989,6900.0
0.6112,3.244,3.244,404.366,404.366,6900.0
0.6113,1.721,1.721,403.729,403.729,6900.0
0.6114,0.269,0.269,403.078,403.078,6900.0
0.6115,-0.0,-0.0,402.421,402.421,6900.0
0.6116,-0.0,-0.0,401.761,401.761,6900.0
0.6117,-0.0,-0.0,401.1,401.1,6900.0
0.6118,-0.0,-0.0,400.438,400.438,6900.0
0.6119,-0.0,-0.0,399.774,399.774,6900.0
0.612,0.0,0.0,399.109,399.109,6900.0
0.6121,0.0,0.0,398.444,398.444,6900.0
0.6122,0.0,0.0,397.777,397.777,6900.0
0.6123,0.0,0.0,397.109,397.109,6900.0
0.6124,0.0,0.0,396.44,396.44,6900.0
0.6125,0.0,0.0,395.77,395.77,6900.0
0.6126,0.0,0.0,395.099,395.099,6900.0
0.6127,0.0,0.0,394.427,394.427,6900.0
0.6128,-1.138,-1.138,393.757,393.757,6900.0
0.6129,-7.414,-7.414,393.109,393.109,6900.0
0.613,-10.647,-10.647,392.507,392.507,6900.0
0.6131,-12.67,-12.67,391.945,391.945,6900.0
0.6132,-14.49,-14.49,391.428,391.428,6900.0
0.6133,-15.748,-15.748,390.956,390.956,6900.0
0.6134,-16.988,-16.988,390.506,390.506,6900.0
0.6135,-18.558,-18.558,390.085,390.085,6900.0
0.6136,-20.16,-20.16,389.705,389.705,6900.0
0.6137,-21.657,-21.657,389.378,389.378,6900.0
0.6138,-22.968,-22.968,389.099,389.099,6900.0
0.6139,-24.178,-24.178,388.86,388.86,6900.0
0.614,-25.549,-25.549,388.658,388.658,6900.0
0.6141,-26.915,-26.915,388.498,388.498,6900.0
0.6142,-28.215,-28.215,388.382,388.382,6900.0
0.6143,-29.487,-29.487,388.316,388.316,6900.0
0.6144,-30.796,-30.796,388.301,388.301,6900.0
0.6145,-31.992,-31.992,388.343,388.343,6900.0
0.6146,-33.051,-33.051,388.433,388.433,6900.0
0.6147,-34.073,-34.073,388.562,388.562,6900.0
0.6148,-35.245,-35.245,388.74,388.74,6900.0
0.6149,-36.325,-36.325,388.973,388.973,6900.0
0.615,-37.255,-37.255,389.273,389.273,6900.0
0.6151,-37.99,-37.99,389.617,389.617,6900.0
0.6152,-38.755,-38.755,389.98,389.98,6900.0
0.6153,-39.633,-39.633,390.384,390.384,6900.0
0.6154,-40.419,-40.419,390.827,390.827,6900.0
0.6155,-41.184,-41.184,391.331,391.331,6900.0
0.6156,-41.62,-41.62,391.872,391.872,6900.0
0.6157,-42.063,-42.063,392.421,392.421,6900.0
0.6158,-42.674,-42.674,393.002,393.002,6900.0
0.6159,-43.065,-43.065,393.608,393.608,6900.0
0.616,-43.614,-43.614,394.256,394.256,6900.0
0.6161,-43.771,-43.771,394.936,394.936,6900.0
0.6162,-43.973,-43.973,395.614,395.614,6900.0
0.6163,-44.21,-44.21,396.318,396.318,6900.0
0.6164,-44.25,-44.25,397.028,397.028,6900.0
0.6165,-44.482,-44.482,397.754,397.754,6900.0
0.6166,-44.363,-44.363,398.501,398.501,6900.0
0.6167,-44.336,-44.336,399.234,399.234,6900.0
0.6168,-44.251,-44.251,399.982,399.982,6900.0
0.6169,-43.85,-43.85,400.718,400.718,6900.0
0.617,-43.831,-43.831,401.431,401.431,6900.0
0.6171,-43.519,-43.519,402.149,402.149,6900.0
0.6172,-43.272,-43.272,402.846,402.846,6900.0
0.6173,-42.896,-42.896,403.547,403.547,6900.0
0.6174,-42.31,-42.31,404.224,404.224,6900.0
0.6175,-41.93,-41.93,404.862,404.862,6900.0
0.6176,-41.452,-41.452,405.491,405.491,6900.0
0.6177,-40.988,-40.988,406.098,406.098,6900.0
0.6178,-40.345,-40.345,406.698,406.698,6900.0
0.6179,-39.545,-39.545,407.265,407.265,6900.0
0.618,-38.837,-38.837,407.781,407.781,6900.0
0.6181,-38.171,-38.171,408.268,408.268,6900.0
0.6182,-37.55,-37.55,408.72,408.72,6900.0
0.6183,-36.688,-36.688,409.149,409.149,6900.0
0.6184,-35.828,-35.828,409.534,409.534,6900.0
0.6185,-34.914,-34.914,409.872,409.872,6900.0
0.6186,-34.12,-34.12,410.166,410.166,6900.0
0.6187,-33.23,-33.23,410.422,410.422,6900.0
0.6188,-32.306,-32.306,410.642,410.642,6900.0
0.6189,-31.325,-31.325,410.825,410.825,6900.0
0.619,-30.384,-30.384,410.972,410.972,6900.0
0.6191,-29.283,-29.283,411.078,411.078,6900.0
0.6192,-28.176,-28.176,411.134,411.134,6900.0
0.6193,-27.175,-27.175,411.141,411.141,6900.0
0.6194,-26.157,-26.157,411.111,411.111,6900.0
0.6195,-25.164,-25.164,411.052,411.052,6900.0
0.6196,-23.863,-23.863,410.956,410.956,6900.0
0.6197,-22.427,-22.427,410.797,410.797,6900.0
0.6198,-21.428,-21.428,410.578,410.578,6900.0
0.6199,-20.431,-20.431,410.327,410.327,6900.0
0.62,-19.461,-19.461,410.058,410.058,6900.0
0.6201,-18.067,-18.067,409.77,409.77,6900.0
0.6202,-16.472,-16.472,409.432,409.432,6900.0
0.6203,-15.348,-15.348,409.045,409.045,6900.0
0.6204,-14.065,-14.065,408.628,408.628,6900.0
0.6205,-12.972,-12.972,408.182,408.182,6900.0
0.6206,-11.533,-11.533,407.712,407.712,6900.0
0.6207,-9.946,-9.946,407.205,407.205,6900.0
0.6208,-8.758,-8.758,406.664,406.664,6900.0
0.6209,-7.31,-7.31,406.101,406.101,6900.0
0.621,-6.066,-6.066,405.514,405.514,6900.0
0.6211,-4.66,-4.66,404.911,404.911,6900.0
0.6212,-3.191,-3.191,404.29,404.29,6900.0
0.6213,-1.761,-1.761,403.652,403.652,6900.0
0.6214,-0.28,-0.28,403.002,403.002,6900.0
0.6215,0.0,0.0,402.344,402.344,6900.0
0.6216,0.0,0.0,401.684,401.684,6900.0
0.6217,0.0,0.0,401.023,401.023,6900.0
0.6218,0.0,0.0,400.361,400.361,6900.0
0.6219,0.013,0.013,399.697,399.697,6900.0
0.622,-0.0,-0.0,399.032,399.032,6900.0
0.6221,-0.0,-0.0,398.366,398.366,6900.0
0.6222,-0.0,-0.0,397.7,397.7,6900.0
0.6223,-0.0,-0.0,397.032,397.032,6900.0
0.6224,-0.0,-0.0,396.362,396.362,6900.0
0.6225,-0.0,-0.0,395.692,395.692,6900.0
0.6226,-0.0,-0.0,395.021,395.021,6900.0
0.6227,-0.0,-0.0,394.348,394.348,6900.0
0.6228,0.876,0.876,393.677,393.677,6900.0
0.6229,7.57,7.57,393.026,393.026,6900.0
0.623,10.93,10.93,392.43,392.43,6900.0
0.6231,12.736,12.736,391.885,391.885,6900.0
0.6232,13.963,13.963,391.366,391.366,6900.0
0.6233,15.468,15.468,390.862,390.862,6900.0
0.6234,17.164,17.164,390.391,390.391,6900.0
0.6235,18.85,18.85,389.97,389.97,6900.0
0.6236,20.333,20.333,389.606,389.606,6900.0
0.6237,21.583,21.583,389.292,389.292,6900.0
0.6238,22.909,22.909,389.015,389.015,6900.0
0.6239,24.282,24.282,388.781,388.781,6900.0
0.624,25.588,25.588,388.591,388.591,6900.0
0.6241,26.874,26.874,388.444,388.444,6900.0
0.6242,28.194,28.194,388.336,388.336,6900.0
0.6243,29.476,29.476,388.271,388.271,6900.0
0.6244,30.673,30.673,388.248,388.248,6900.0
0.6245,31.836,31.836,388.266,388.266,6900.0
0.6246,33.112,33.112,388.324,388.324,6900.0
0.6247,34.293,34.293,388.443,388.443,6900.0
0.6248,35.461,35.461,388.632,388.632,6900.0
0.6249,36.356,36.356,388.888,388.888,6900.0
0.625,37.106,37.106,389.187,389.187,6900.0
0.6251,38.093,38.093,389.518,389.518,6900.0
0.6252,38.945,38.945,389.901,389.901,6900.0
0.6253,39.868,39.868,390.335,390.335,6900.0
0.6254,40.406,40.406,390.822,390.822,6900.0
0.6255,40.862,40.862,391.321,391.321,6900.0
0.6256,41.592,41.592,391.826,391.826,6900.0
0.6257,42.105,42.105,392.363,392.363,6900.0
0.6258,42.827,42.827,392.925,392.925,6900.0
0.6259,43.244,43.244,393.541,393.541,6900.0
0.626,43.421,43.421,394.175,394.175,6900.0
0.6261,43.922,43.922,394.826,394.826,6900.0
0.6262,44.155,44.155,395.516,395.516,6900.0
0.6263,44.413,44.413,396.223,396.223,6900.0
0.6264,44.517,44.517,396.975,396.975,6900.0
0.6265,44.349,44.349,397.728,397.728,6900.0
0.6266,44.485,44.485,398.477,398.477,6900.0
0.6267,44.304,44.304,399.232,399.232,6900.0
0.6268,44.137,44.137,399.958,399.958,6900.0
0.6269,44.09,44.09,400.687,400.687,6900.0
0.627,43.72,43.72,401.402,401.402,6900.0
0.6271,43.645,43.645,402.108,402.108,6900.0
0.6272,43.269,43.269,402.812,402.812,6900.0
0.6273,42.849,42.849,403.487,403.487,6900.0
0.6274,42.562,42.562,404.154,404.154,6900.0
0.6275,42.076,42.076,404.81,404.81,6900.0
0.6276,41.665,41.665,405.461,405.461,6900.0
0.6277,40.981,40.981,406.099,406.099,6900.0
0.6278,40.222,40.222,406.694,406.694,6900.0
0.6279,39.702,39.702,407.248,407.248,6900.0
0.628,38.966,38.966,407.774,407.774,6900.0
0.6281,38.311,38.311,408.272,408.272,6900.0
0.6282,37.515,37.515,408.736,408.736,6900.0
0.6283,36.627,36.627,409.153,409.153,6900.0
0.6284,35.883,35.883,409.52,409.52,6900.0
0.6285,35.087,35.087,409.851,409.851,6900.0
0.6286,34.237,34.237,410.151,410.151,6900.0
0.6287,33.372,33.372,410.416,410.416,6900.0
0.6288,32.368,32.368,410.646,410.646,6900.0
0.6289,31.421,31.421,410.835,410.835,6900.0
0.629,30.358,30.358,410.983,410.983,6900.0
0.6291,29.339,29.339,411.084,411.084,6900.0
0.6292,28.328,28.328,411.143,411.143,6900.0
0.6293,27.379,27.379,411.166,411.166,6900.0
0.6294,26.179,26.179,411.157,411.157,6900.0
0.6295,24.873,24.873,411.094,411.094,6900.0
0.6296,23.695,23.695,410.964,410.964,6900.0
0.6297,22.795,22.795,410.789,410.789,6900.0
0.6298,21.826,21.826,410.588,410.588,6900.0
0.6299,20.668,20.668,410.372,410.372,6900.0
0.63,19.072,19.072,410.117,410.117,6900.0
0.6301,17.754,17.754,409.799,409.799,6900.0
0.6302,16.682,16.682,409.444,409.444,6900.0
0.6303,15.582,15.582,409.057,409.057,6900.0
0.6304,14.386,14.386,408.652,408.652,6900.0
0.6305,12.807,12.807,408.215,408.215,6900.0
0.6306,11.385,11.385,407.735,407.735,6900.0
0.6307,10.21,10.21,407.225,407.225,6900.0
0.6308,8.829,8.829,406.688,406.688,6900.0
0.6309,7.604,7.604,406.132,406.132,6900.0
0.631,6.042,6.042,405.553,405.553,6900.0
0.6311,4.553,4.553,404.949,404.949,6900.0
0.6312,3.206,3.206,404.328,404.328,6900.0
0.6313,1.783,1.783,403.69,403.69,6900.0
0.6314,0.32,0.32,403.04,403.04,6900.0
0.6315,-0.0,-0.0,402.382,402.382,6900.0
0.6316,-0.0,-0.0,401.723,401.723,6900.0
0.6317,-0.0,-0.0,401.062,401.062,6900.0
0.6318,-0.0,-0.0,400.399,400.399,6900.0
0.6319,-0.232,-0.232,399.736,399.736,6900.0
0.632,0.0,0.0,399.071,399.071,6900.0
0.6321,0.0,0.0,398.405,398.405,6900.0
0.6322,0.0,0.0,397.739,397.739,6900.0
0.6323,0.0,0.0,397.071,397.071,6900.0
0.6324,0.0,0.0,396.402,396.402,6900.0
0.6325,0.0,0.0,395.731,395.731,6900.0
0.6326,0.0,0.0,395.06,395.06,6900.0
0.6327,0.0,0.0,394.388,394.388,6900.0
0.6328,-0.898,-0.898,393.717,393.717,6900.0
0.6329,-7.758,-7.758,393.072,393.072,6900.0
0.633,-10.617,-10.617,392.487,392.487,6900.0
0.6331,-12.203,-12.203,391.928,391.928,6900.0
0.6332,-13.959,-13.959,391.388,391.388,6900.0
0.6333,-15.765,-15.765,390.885,390.885,6900.0
0.6334,-17.464,-17.464,390.434,390.434,6900.0
0.6335,-18.789,-18.789,390.035,390.035,6900.0
0.6336,-20.009,-20.009,389.671,389.671,6900.0
0.6337,-21.474,-21.474,389.341,389.341,6900.0
0.6338,-22.925,-22.925,389.055,389.055,6900.0
0.6339,-24.319,-24.319,388.817,388.817,6900.0
0.634,-25.561,-25.561,388.623,388.623,6900.0
0.6341,-26.864,-26.864,388.466,388.466,6900.0
0.6342,-28.144,-28.144,388.349,388.349,6900.0
0.6343,-29.457,-29.457,388.271,388.271,6900.0
0.6344,-30.69,-30.69,388.236,388.236,6900.0
0.6345,-32.012,-32.012,388.253,388.253,6900.0
0.6346,-33.276,-33.276,388.332,388.332,6900.0
0.6347,-34.391,-34.391,388.481,388.481,6900.0
0.6348,-35.282,-35.282,388.685,388.685,6900.0
0.6349,-36.192,-36.192,388.925,388.925,6900.0
0.635,-37.227,-37.227,389.212,389.212,6900.0
0.6351,-38.176,-38.176,389.547,389.547,6900.0
0.6352,-38.968,-38.968,389.942,389.942,6900.0
0.6353,-39.621,-39.621,390.369,390.369,6900.0
0.6354,-40.219,-40.219,390.806,390.806,6900.0
0.6355,-41.056,-41.056,391.272,391.272,6900.0
0.6356,-41.716,-41.716,391.773,391.773,6900.0
0.6357,-42.451,-42.451,392.33,392.33,6900.0
0.6358,-42.777,-42.777,392.929,392.929,6900.0
0.6359,-43.191,-43.191,393.537,393.537,6900.0
0.636,-43.645,-43.645,394.184,394.184,6900.0
0.6361,-43.844,-43.844,394.854,394.854,6900.0
0.6362,-44.264,-44.264,395.558,395.558,6900.0
0.6363,-44.269,-44.269,396.29,396.29,6900.0
0.6364,-44.355,-44.355,397.011,397.011,6900.0
0.6365,-44.446,-44.446,397.746,397.746,6900.0
0.6366,-44.341,-44.341,398.475,398.475,6900.0
0.6367,-44.475,-44.475,399.2,399.2,6900.0
0.6368,-44.268,-44.268,399.936,399.936,6900.0
0.6369,-44.191,-44.191,400.655,400.655,6900.0
0.637,-43.997,-43.997,401.387,401.387,6900.0
0.6371,-43.558,-43.558,402.106,402.106,6900.0
0.6372,-43.375,-43.375,402.802,402.802,6900.0
0.6373,-43.026,-43.026,403.501,403.501,6900.0
0.6374,-42.651,-42.651,404.183,404.183,6900.0
0.6375,-42.159,-42.159,404.865,404.865,6900.0
0.6376,-41.458,-41.458,405.518,405.518,6900.0
0.6377,-40.948,-40.948,406.123,406.123,6900.0
0.6378,-40.37,-40.37,406.705,406.705,6900.0
0.6379,-39.798,-39.798,407.258,407.258,6900.0
0.638,-39.121,-39.121,407.793,407.793,6900.0
0.6381,-38.259,-38.259,408.291,408.291,6900.0
0.6382,-37.491,-37.491,408.737,408.737,6900.0
0.6383,-36.808,-36.808,409.148,409.148,6900.0
0.6384,-36.105,-36.105,409.528,409.528,6900.0
0.6385,-35.199,-35.199,409.883,409.883,6900.0
0.6386,-34.27,-34.27,410.199,410.199,6900.0
0.6387,-33.352,-33.352,410.472,410.472,6900.0
0.6388,-32.393,-32.393,410.701,410.701,6900.0
0.6389,-31.417,-31.417,410.887,410.887,6900.0
0.639,-30.447,-30.447,411.029,411.029,6900.0
0.6391,-29.428,-29.428,411.133,411.133,6900.0
0.6392,-28.46,-28.46,411.2,411.2,6900.0
0.6393,-27.329,-27.329,411.225,411.225,6900.0
0.6394,-26.065,-26.065,411.195,411.195,6900.0
0.6395,-25.045,-25.045,411.111,411.111,6900.0
0.6396,-24.119,-24.119,410.993,410.993,6900.0
0.6397,-23.118,-23.118,410.853,410.853,6900.0
0.6398,-21.714,-21.714,410.683,410.683,6900.0
0.6399,-20.188,-20.188,410.45,410.45,6900.0
0.64,-19.103,-19.103,410.16,410.16,6900.0
0.6401,-18.039,-18.039,409.835,409.835,6900.0
0.6402,-17.046,-17.046,409.49,409.49,6900.0
0.6403,-15.71,-15.71,409.125,409.125,6900.0
0.6404,-14.096,-14.096,408.718,408.718,6900.0
0.6405,-12.908,-12.908,408.269,408.269,6900.0
0.6406,-11.599,-11.599,407.793,407.793,6900.0
0.6407,-10.429,-10.429,407.291,407.291,6900.0
0.6408,-8.983,-8.983,406.767,406.767,6900.0
0.6409,-7.363,-7.363,406.213,406.213,6900.0
0.641,-6.087,-6.087,405.629,405.629,6900.0
0.6411,-4.603,-4.603,405.026,405.026,6900.0
0.6412,-3.275,-3.275,404.404,404.404,6900.0
0.6413,-1.849,-1.849,403.767,403.767,6900.0
0.6414,-0.385,-0.385,403.117,403.117,6900.0
0.6415,0.0,0.0,402.459,402.459,6900.0
0.6416,0.0,0.0,401.8,401.8,6900.0
0.6417,0.0,0.0,401.139,401.139,6900.0
0.6418,0.0,0.0,400.477,400.477,6900.0
0.6419,0.0,0.0,399.813,399.813,6900.0
0.642,-0.0,-0.0,399.149,399.149,6900.0
0.6421,-0.0,-0.0,398.483,398.483,6900.0
0.6422,-0.0,-0.0,397.816,397.816,6900.0
0.6423,-0.0,-0.0,397.149,397.149,6900.0
0.6424,-0.0,-0.0,396.48,396.48,6900.0
0.6425,-0.0,-0.0,395.81,395.81,6900.0
0.6426,-0.0,-0.0,395.138,395.138,6900.0
0.6427,-0.0,-0.0,394.466,394.466,6900.0
0.6428,0.915,0.915,393.796,393.796,6900.0
0.6429,7.2,7.2,393.15,393.15,6900.0
0.643,10.343,10.343,392.546,392.546,6900.0
0.6431,12.373,12.373,391.976,391.976,6900.0
0.6432,14.262,14.262,391.444,391.444,6900.0
0.6433,15.791,15.791,390.962,390.962,6900.0
0.6434,17.01,17.01,390.514,390.514,6900.0
0.6435,18.458,18.458,390.092,390.092,6900.0
0.6436,20.039,20.039,389.708,389.708,6900.0
0.6437,21.578,21.578,389.375,389.375,6900.0
0.6438,22.956,22.956,389.097,389.097,6900.0
0.6439,24.202,24.202,388.863,388.863,6900.0
0.644,25.513,25.513,388.665,388.665,6900.0
0.6441,26.803,26.803,388.507,388.507,6900.0
0.6442,28.126,28.126,388.388,388.388,6900.0
0.6443,29.421,29.421,388.312,388.312,6900.0
0.6444,30.73,30.73,388.283,388.283,6900.0
0.6445,31.989,31.989,388.312,388.312,6900.0
0.6446,33.087,33.087,388.396,388.396,6900.0
0.6447,34.112,34.112,388.526,388.526,6900.0
0.6448,35.268,35.268,388.698,388.698,6900.0
0.6449,36.262,36.262,388.93,388.93,6900.0
0.645,37.376,37.376,389.225,389.225,6900.0
0.6451,38.097,38.097,389.581,389.581,6900.0
0.6452,38.742,38.742,389.964,389.964,6900.0
0.6453,39.605,39.605,390.366,390.366,6900.0
0.6454,40.368,40.368,390.809,390.809,6900.0
0.6455,41.205,41.205,391.294,391.294,6900.0
0.6456,41.699,41.699,391.832,391.832,6900.0
0.6457,42.076,42.076,392.384,392.384,6900.0
0.6458,42.755,42.755,392.949,392.949,6900.0
0.6459,43.185,43.185,393.553,393.553,6900.0
0.646,43.717,43.717,394.184,394.184,6900.0
0.6461,43.943,43.943,394.871,394.871,6900.0
0.6462,44.04,44.04,395.567,395.567,6900.0
0.6463,44.34,44.34,396.275,396.275,6900.0
0.6464,44.421,44.421,397.005,397.005,6900.0
0.6465,44.483,44.483,397.733,397.733,6900.0
0.6466,44.52,44.52,398.484,398.484,6900.0
0.6467,44.287,44.287,399.226,399.226,6900.0
0.6468,44.371,44.371,399.959,399.959,6900.0
0.6469,44.093,44.093,400.696,400.696,6900.0
0.647,43.83,43.83,401.405,401.405,6900.0
0.6471,43.695,43.695,402.115,402.115,6900.0
0.6472,43.321,43.321,402.816,402.816,6900.0
0.6473,43.091,43.091,403.516,403.516,6900.0
0.6474,42.6,42.6,404.212,404.212,6900.0
0.6475,41.994,41.994,404.874,404.874,6900.0
0.6476,41.611,41.611,405.512,405.512,6900.0
0.6477,41.006,41.006,406.129,406.129,6900.0
0.6478,40.497,40.497,406.728,406.728,6900.0
0.6479,39.757,39.757,407.301,407.301,6900.0
0.648,38.934,38.934,407.827,407.827,6900.0
0.6481,38.325,38.325,408.305,408.305,6900.0
0.6482,37.629,37.629,408.752,408.752,6900.0
0.6483,36.875,36.875,409.175,409.175,6900.0
0.6484,36.058,36.058,409.566,409.566,6900.0
0.6485,35.158,35.158,409.916,409.916,6900.0
0.6486,34.302,34.302,410.222,410.222,6900.0
0.6487,33.399,33.399,410.491,410.491,6900.0
0.6488,32.487,32.487,410.722,410.722,6900.0
0.6489,31.514,31.514,410.916,410.916,6900.0
0.649,30.519,30.519,411.069,411.069,6900.0
0.6491,29.45,29.45,411.183,411.183,6900.0
0.6492,28.318,28.318,411.248,411.248,6900.0
0.6493,27.237,27.237,411.256,411.256,6900.0
0.6494,26.304,26.304,411.22,411.22,6900.0
0.6495,25.321,25.321,411.153,411.153,6900.0
0.6496,24.13,24.13,411.06,411.06,6900.0
0.6497,22.724,22.724,410.919,410.919,6900.0
0.6498,21.511,21.511,410.713,410.713,6900.0
0.6499,20.561,20.561,410.464,410.464,6900.0
0.65,19.58,19.58,410.191,410.191,6900.0
0.6501,18.396,18.396,409.906,409.906,6900.0
0.6502,16.761,16.761,409.586,409.586,6900.0
0.6503,15.384,15.384,409.21,409.21,6900.0
0.6504,14.23,14.23,408.796,408.796,6900.0
0.6505,13.001,13.001,408.349,408.349,6900.0
0.6506,11.739,11.739,407.878,407.878,6900.0
0.6507,10.213,10.213,407.376,407.376,6900.0
0.6508,8.806,8.806,406.838,406.838,6900.0
0.6509,7.576,7.576,406.275,406.275,6900.0
0.651,6.183,6.183,405.69,405.69,6900.0
0.6511,4.912,4.912,405.088,405.088,6900.0
0.6512,3.38,3.38,404.47,404.47,6900.0
0.6513,1.879,1.879,403.835,403.835,6900.0
0.6514,0.498,0.498,403.186,403.186,6900.0
0.6515,-0.0,-0.0,402.529,402.529,6900.0
0.6516,-0.0,-0.0,401.87,401.87,6900.0
0.6517,-0.0,-0.0,401.209,401.209,6900.0
0.6518,-0.0,-0.0,400.547,400.547,6900.0
0.6519,-0.02,-0.02,399.884,399.884,6900.0
0.652,0.0,0.0,399.219,399.219,6900.0
0.6521,0.0,0.0,398.554,398.554,6900.0
0.6522,0.0,0.0,397.887,397.887,6900.0
0.6523,0.0,0.0,397.22,397.22,6900.0
0.6524,0.0,0.0,396.551,396.551,6900.0
0.6525,0.0,0.0,395.881,395.881,6900.0
0.6526,0.0,0.0,395.21,395.21,6900.0
0.6527,0.0,0.0,394.538,394.538,6900.0
0.6528,-0.377,-0.377,393.866,393.866,6900.0
0.6529,-6.975,-6.975,393.21,393.21,6900.0
0.653,-10.59,-10.59,392.604,392.604,6900.0
0.6531,-12.685,-12.685,392.049,392.049,6900.0
0.6532,-14.001,-14.001,391.535,391.535,6900.0
0.6533,-15.261,-15.261,391.038,391.038,6900.0
0.6534,-16.89,-16.89,390.566,390.566,6900.0
0.6535,-18.609,-18.609,390.136,390.136,6900.0
0.6536,-20.198,-20.198,389.763,389.763,6900.0
0.6537,-21.503,-21.503,389.444,389.444,6900.0
0.6538,-22.732,-22.732,389.166,389.166,6900.0
0.6539,-24.111,-24.111,388.925,388.925,6900.0
0.654,-25.461,-25.461,388.725,388.725,6900.0
0.6541,-26.801,-26.801,388.569,388.569,6900.0
0.6542,-28.048,-28.048,388.455,388.455,6900.0
0.6543,-29.339,-29.339,388.383,388.383,6900.0
0.6544,-30.571,-30.571,388.357,388.357,6900.0
0.6545,-31.778,-31.778,388.375,388.375,6900.0
0.6546,-32.909,-32.909,388.435,388.435,6900.0
0.6547,-34.187,-34.187,388.55,388.55,6900.0
0.6548,-35.366,-35.366,388.729,388.729,6900.0
0.6549,-36.379,-36.379,388.984,388.984,6900.0
0.655,-37.114,-37.114,389.293,389.293,6900.0
0.6551,-37.901,-37.901,389.628,389.628,6900.0
0.6552,-38.779,-38.779,390.004,390.004,6900.0
0.6553,-39.643,-39.643,390.416,390.416,6900.0
0.6554,-40.389,-40.389,390.882,390.882,6900.0
0.6555,-40.915,-40.915,391.377,391.377,6900.0
0.6556,-41.433,-41.433,391.874,391.874,6900.0
0.6557,-42.169,-42.169,392.401,392.401,6900.0
0.6558,-42.693,-42.693,392.959,392.959,6900.0
0.6559,-43.345,-43.345,393.571,393.571,6900.0
0.656,-43.554,-43.554,394.227,394.227,6900.0
0.6561,-43.84,-43.84,394.891,394.891,6900.0
0.6562,-44.154,-44.154,395.591,395.591,6900.0
0.6563,-44.233,-44.233,396.306,396.306,6900.0
0.6564,-44.508,-44.508,397.041,397.041,6900.0
0.6565,-44.388,-44.388,397.795,397.795,6900.0
0.6566,-44.373,-44.373,398.529,398.529,6900.0
0.6567,-44.359,-44.359,399.27,399.27,6900.0
0.6568,-44.074,-44.074,399.997,399.997,6900.0
0.6569,-44.158,-44.158,400.705,400.705,6900.0
0.657,-43.867,-43.867,401.424,401.424,6900.0
0.6571,-43.72,-43.72,402.124,402.124,6900.0
0.6572,-43.429,-43.429,402.838,402.838,6900.0
0.6573,-42.894,-42.894,403.537,403.537,6900.0
0.6574,-42.618,-42.618,404.206,404.206,6900.0
0.6575,-42.126,-42.126,404.875,404.875,6900.0
0.6576,-41.689,-41.689,405.522,405.522,6900.0
0.6577,-41.069,-41.069,406.163,406.163,6900.0
0.6578,-40.293,-40.293,406.768,406.768,6900.0
0.6579,-39.662,-39.662,407.319,407.319,6900.0
0.658,-39.004,-39.004,407.837,407.837,6900.0
0.6581,-38.41,-38.41,408.32,408.32,6900.0
0.6582,-37.666,-37.666,408.78,408.78,6900.0
0.6583,-36.815,-36.815,409.202,409.202,6900.0
0.6584,-35.966,-35.966,409.576,409.576,6900.0
0.6585,-35.203,-35.203,409.916,409.916,6900.0
0.6586,-34.38,-34.38,410.225,410.225,6900.0
0.6587,-33.478,-33.478,410.503,410.503,6900.0
0.6588,-32.511,-32.511,410.746,410.746,6900.0
0.6589,-31.502,-31.502,410.948,410.948,6900.0
0.659,-30.473,-30.473,411.103,411.103,6900.0
0.6591,-29.362,-29.362,411.208,411.208,6900.0
0.6592,-28.368,-28.368,411.262,411.262,6900.0
0.6593,-27.409,-27.409,411.276,411.276,6900.0
0.6594,-26.406,-26.406,411.258,411.258,6900.0
0.6595,-25.176,-25.176,411.201,411.201,6900.0
0.6596,-23.827,-23.827,411.087,411.087,6900.0
0.6597,-22.853,-22.853,410.917,410.917,6900.0
0.6598,-21.9,-21.9,410.717,410.717,6900.0
0.6599,-20.915,-20.915,410.5,410.5,6900.0
0.66,-19.452,-19.452,410.262,410.262,6900.0
0.6601,-17.871,-17.871,409.966,409.966,6900.0
0.6602,-16.738,-16.738,409.615,409.615,6900.0
0.6603,-15.541,-15.541,409.23,409.23,6900.0
0.6604,-14.505,-14.505,408.817,408.817,6900.0
0.6605,-13.099,-13.099,408.381,408.381,6900.0
0.6606,-11.505,-11.505,407.907,407.907,6900.0
0.6607,-10.355,-10.355,407.395,407.395,6900.0
0.6608,-8.954,-8.954,406.861,406.861,6900.0
0.6609,-7.788,-7.788,406.304,406.304,6900.0
0.661,-6.309,-6.309,405.728,405.728,6900.0
0.6611,-4.773,-4.773,405.13,405.13,6900.0
0.6612,-3.389,-3.389,404.511,404.511,6900.0
0.6613,-1.907,-1.907,403.877,403.877,6900.0
0.6614,-0.475,-0.475,403.228,403.228,6900.0
0.6615,0.0,0.0,402.571,402.571,6900.0
0.6616,0.0,0.0,401.912,401.912,6900.0
0.6617,0.0,0.0,401.251,401.251,6900.0
0.6618,0.0,0.0,400.589,400.589,6900.0
0.6619,0.193,0.193,399.926,399.926,6900.0
0.662,-0.0,-0.0,399.262,399.262,6900.0
0.6621,-0.0,-0.0,398.596,398.596,6900.0
0.6622,-0.0,-0.0,397.93,397.93,6900.0
0.6623,-0.0,-0.0,397.262,397.262,6900.0
0.6624,-0.0,-0.0,396.593,396.593,6900.0
0.6625,-0.0,-0.0,395.923,395.923,6900.0
0.6626,-0.0,-0.0,395.252,395.252,6900.0
0.6627,-0.0,-0.0,394.58,394.58,6900.0
0.6628,0.334,0.334,393.909,393.909,6900.0
0.6629,7.059,7.059,393.257,393.257,6900.0
0.663,10.546,10.546,392.667,392.667,6900.0
0.6631,12.078,12.078,392.114,392.114,6900.0
0.6632,13.627,13.627,391.575,391.575,6900.0
0.6633,15.413,15.413,391.063,391.063,6900.0
0.6634,17.136,17.136,390.596,390.596,6900.0
0.6635,18.642,18.642,390.185,390.185,6900.0
0.6636,19.877,19.877,389.819,389.819,6900.0
0.6637,21.279,21.279,389.486,389.486,6900.0
0.6638,22.718,22.718,389.195,389.195,6900.0
0.6639,24.121,24.121,388.951,388.951,6900.0
0.664,25.45,25.45,388.756,388.756,6900.0
0.6641,26.71,26.71,388.602,388.602,6900.0
0.6642,27.987,27.987,388.486,388.486,6900.0
0.6643,29.231,29.231,388.409,388.409,6900.0
0.6644,30.457,30.457,388.371,388.371,6900.0
0.6645,31.755,31.755,388.375,388.375,6900.0
0.6646,32.98,32.98,388.436,388.436,6900.0
0.6647,34.235,34.235,388.564,388.564,6900.0
0.6648,35.187,35.187,388.759,388.759,6900.0
0.6649,36.059,36.059,388.999,388.999,6900.0
0.665,37.092,37.092,389.277,389.277,6900.0
0.6651,37.974,37.974,389.609,389.609,6900.0
0.6652,38.928,38.928,389.995,389.995,6900.0
0.6653,39.538,39.538,390.433,390.433,6900.0
0.6654,40.074,40.074,390.885,390.885,6900.0
0.6655,40.869,40.869,391.348,391.348,6900.0
0.6656,41.494,41.494,391.846,391.846,6900.0
0.6657,42.282,42.282,392.378,392.378,6900.0
0.6658,42.697,42.697,392.967,392.967,6900.0
0.6659,42.998,42.998,393.572,393.572,6900.0
0.666,43.536,43.536,394.195,394.195,6900.0
0.6661,43.776,43.776,394.858,394.858,6900.0
0.6662,44.21,44.21,395.54,395.54,6900.0
0.6663,44.342,44.342,396.272,396.272,6900.0
0.6664,44.267,44.267,397.008,397.008,6900.0
0.6665,44.466,44.466,397.745,397.745,6900.0
0.6666,44.308,44.308,398.495,398.495,6900.0
0.6667,44.265,44.265,399.223,399.223,6900.0
0.6668,44.286,44.286,399.959,399.959,6900.0
0.6669,43.955,43.955,400.683,400.683,6900.0
0.667,43.905,43.905,401.396,401.396,6900.0
0.6671,43.587,43.587,402.109,402.109,6900.0
0.6672,43.234,43.234,402.793,402.793,6900.0
0.6673,43.056,43.056,403.475,403.475,6900.0
0.6674,42.567,42.567,404.151,404.151,6900.0
0.6675,42.244,42.244,404.825,404.825,6900.0
0.6676,41.581,41.581,405.492,405.492,6900.0
0.6677,40.862,40.862,406.117,406.117,6900.0
0.6678,40.419,40.419,406.707,406.707,6900.0
0.6679,39.715,39.715,407.268,407.268,6900.0
0.668,39.139,39.139,407.802,407.802,6900.0
0.6681,38.32,38.32,408.303,408.303,6900.0
0.6682,37.458,37.458,408.754,408.754,6900.0
0.6683,36.823,36.823,409.156,409.156,6900.0
0.6684,36.041,36.041,409.527,409.527,6900.0
0.6685,35.274,35.274,409.871,409.871,6900.0
0.6686,34.369,34.369,410.186,410.186,6900.0
0.6687,33.452,33.452,410.463,410.463,6900.0
0.6688,32.471,32.471,410.701,410.701,6900.0
0.6689,31.516,31.516,410.897,410.897,6900.0
0.669,30.505,30.505,411.05,411.05,6900.0
0.6691,29.524,29.524,411.16,411.16,6900.0
0.6692,28.519,28.519,411.231,411.231,6900.0
0.6693,27.388,27.388,411.264,411.264,6900.0
0.6694,26.153,26.153,411.244,411.244,6900.0
0.6695,25.064,25.064,411.162,411.162,6900.0
0.6696,24.081,24.081,411.038,411.038,6900.0
0.6697,23.125,23.125,410.885,410.885,6900.0
0.6698,21.996,21.996,410.714,410.714,6900.0
0.6699,20.432,20.432,410.499,410.499,6900.0
0.67,19.124,19.124,410.218,410.218,6900.0
0.6701,18.138,18.138,409.895,409.895,6900.0
0.6702,17.082,17.082,409.546,409.546,6900.0
0.6703,15.952,15.952,409.182,409.182,6900.0
0.6704,14.342,14.342,408.788,408.788,6900.0
0.6705,12.915,12.915,408.346,408.346,6900.0
0.6706,11.714,11.714,407.872,407.872,6900.0
0.6707,10.424,10.424,407.37,407.37,6900.0
0.6708,9.16,9.16,406.845,406.845,6900.0
0.6709,7.607,7.607,406.295,406.295,6900.0
0.671,6.11,6.11,405.714,405.714,6900.0
0.6711,4.834,4.834,405.112,405.112,6900.0
0.6712,3.398,3.398,404.491,404.491,6900.0
0.6713,2.036,2.036,403.855,403.855,6900.0
0.6714,0.585,0.585,403.207,403.207,6900.0
0.6715,-0.0,-0.0,402.55,402.55,6900.0
0.6716,-0.0,-0.0,401.891,401.891,6900.0
0.6717,-0.0,-0.0,401.23,401.23,6900.0
0.6718,-0.0,-0.0,400.568,400.568,6900.0
0.6719,-0.0,-0.0,399.905,399.905,6900.0
0.672,0.0,0.0,399.24,399.24,6900.0
0.6721,0.0,0.0,398.575,398.575,6900.0
0.6722,0.0,0.0,397.908,397.908,6900.0
0.6723,0.0,0.0,397.241,397.241,6900.0
0.6724,0.0,0.0,396.572,396.572,6900.0
0.6725,0.0,0.0,395.902,395.902,6900.0
0.6726,0.0,0.0,395.231,395.231,6900.0
0.6727,0.0,0.0,394.559,394.559,6900.0
0.6728,-0.386,-0.386,393.888,393.888,6900.0
0.6729,-6.738,-6.738,393.238,393.238,6900.0
0.673,-9.98,-9.98,392.633,392.633,6900.0
0.6731,-12.102,-12.102,392.056,392.056,6900.0
0.6732,-13.964,-13.964,391.514,391.514,6900.0
0.6733,-15.719,-15.719,391.019,391.019,6900.0
0.6734,-17.056,-17.056,390.573,390.573,6900.0
0.6735,-18.262,-18.262,390.157,390.157,6900.0
0.6736,-19.79,-19.79,389.773,389.773,6900.0
0.6737,-21.342,-21.342,389.435,389.435,6900.0
0.6738,-22.796,-22.796,389.15,389.15,6900.0
0.6739,-24.07,-24.07,388.914,388.914,6900.0
0.674,-25.261,-25.261,388.715,388.715,6900.0
0.6741,-26.581,-26.581,388.549,388.549,6900.0
0.6742,-27.933,-27.933,388.421,388.421,6900.0
0.6743,-29.193,-29.193,388.334,388.334,6900.0
0.6744,-30.49,-30.49,388.292,388.292,6900.0
0.6745,-31.812,-31.812,388.303,388.303,6900.0
0.6746,-32.987,-32.987,388.376,388.376,6900.0
0.6747,-34.051,-34.051,388.505,388.505,6900.0
0.6748,-35.043,-35.043,388.677,388.677,6900.0
0.6749,-36.169,-36.169,388.906,388.906,6900.0
0.675,-37.204,-37.204,389.194,389.194,6900.0
0.6751,-38.065,-38.065,389.552,389.552,6900.0
0.6752,-38.709,-38.709,389.949,389.949,6900.0
0.6753,-39.331,-39.331,390.36,390.36,6900.0
0.6754,-40.177,-40.177,390.796,390.796,6900.0
0.6755,-40.891,-40.891,391.26,391.26,6900.0
0.6756,-41.632,-41.632,391.772,391.772,6900.0
0.6757,-42.031,-42.031,392.316,392.316,6900.0
0.6758,-42.543,-42.543,392.864,392.864,6900.0
0.6759,-43.151,-43.151,393.452,393.452,6900.0
0.676,-43.514,-43.514,394.075,394.075,6900.0
0.6761,-44.066,-44.066,394.749,394.749,6900.0
0.6762,-44.084,-44.084,395.469,395.469,6900.0
0.6763,-44.212,-44.212,396.189,396.189,6900.0
0.6764,-44.381,-44.381,396.932,396.932,6900.0
0.6765,-44.273,-44.273,397.674,397.674,6900.0
0.6766,-44.449,-44.449,398.413,398.413,6900.0
0.6767,-44.251,-44.251,399.159,399.159,6900.0
0.6768,-44.181,-44.181,399.876,399.876,6900.0
0.6769,-44.084,-44.084,400.597,400.597,6900.0
0.677,-43.735,-43.735,401.301,401.301,6900.0
0.6771,-43.712,-43.712,401.986,401.986,6900.0
0.6772,-43.401,-43.401,402.683,402.683,6900.0
0.6773,-43.151,-43.151,403.37,403.37,6900.0
0.6774,-42.736,-42.736,404.071,404.071,6900.0
0.6775,-42.071,-42.071,404.756,404.756,6900.0
0.6776,-41.6,-41.6,405.402,405.402,6900.0
0.6777,-41.028,-41.028,406.033,406.033,6900.0
0.6778,-40.482,-40.482,406.634,406.634,6900.0
0.6779,-39.782,-39.782,407.214,407.214,6900.0
0.678,-38.96,-38.96,407.749,407.749,6900.0
0.6781,-38.267,-38.267,408.226,408.226,6900.0
0.6782,-37.604,-37.604,408.665,408.665,6900.0
0.6783,-36.912,-36.912,409.07,409.07,6900.0
0.6784,-36.156,-36.156,409.452,409.452,6900.0
0.6785,-35.262,-35.262,409.801,409.801,6900.0
0.6786,-34.377,-34.377,410.11,410.11,6900.0
0.6787,-33.527,-33.527,410.384,410.384,6900.0
0.6788,-32.602,-32.602,410.626,410.626,6900.0
0.6789,-31.603,-31.603,410.832,410.832,6900.0
0.679,-30.615,-30.615,410.998,410.998,6900.0
0.6791,-29.592,-29.592,411.123,411.123,6900.0
0.6792,-28.414,-28.414,411.2,411.2,6900.0
0.6793,-27.232,-27.232,411.217,411.217,6900.0
0.6794,-26.244,-26.244,411.176,411.176,6900.0
0.6795,-25.306,-25.306,411.096,411.096,6900.0
0.6796,-24.35,-24.35,410.991,410.991,6900.0
0.6797,-23.027,-23.027,410.855,410.855,6900.0
0.6798,-21.623,-21.623,410.663,410.663,6900.0
0.6799,-20.604,-20.604,410.417,410.417,6900.0
0.68,-19.611,-19.611,410.145,410.145,6900.0
0.6801,-18.576,-18.576,409.857,409.857,6900.0
0.6802,-17.127,-17.127,409.549,409.549,6900.0
0.6803,-15.495,-15.495,409.19,409.19,6900.0
0.6804,-14.317,-14.317,408.781,408.781,6900.0
0.6805,-12.986,-12.986,408.338,408.338,6900.0
0.6806,-11.853,-11.853,407.863,407.863,6900.0
0.6807,-10.456,-10.456,407.363,407.363,6900.0
0.6808,-8.876,-8.876,406.83,406.83,6900.0
0.6809,-7.689,-7.689,406.266,406.266,6900.0
0.681,-6.32,-6.32,405.683,405.683,6900.0
0.6811,-5.097,-5.097,405.081,405.081,6900.0
0.6812,-3.65,-3.65,404.464,404.464,6900.0
0.6813,-2.103,-2.103,403.832,403.832,6900.0
0.6814,-0.661,-0.661,403.185,403.185,6900.0
0.6815,0.0,0.0,402.529,402.529,6900.0
0.6816,0.0,0.0,401.87,401.87,6900.0
0.6817,0.0,0.0,401.209,401.209,6900.0
0.6818,0.0,0.0,400.547,400.547,6900.0
0.6819,0.009,0.009,399.883,399.883,6900.0
0.682,-0.0,-0.0,399.219,399.219,6900.0
0.6821,-0.0,-0.0,398.553,398.553,6900.0
0.6822,-0.0,-0.0,397.887,397.887,6900.0
0.6823,-0.0,-0.0,397.219,397.219,6900.0
0.6824,-0.0,-0.0,396.55,396.55,6900.0
0.6825,-0.0,-0.0,395.88,395.88,6900.0
0.6826,-0.0,-0.0,395.209,395.209,6900.0
0.6827,-0.0,-0.0,394.537,394.537,6900.0
0.6828,0.002,0.002,393.866,393.866,6900.0
0.6829,6.323,6.323,393.205,393.205,6900.0
0.683,10.267,10.267,392.593,392.593,6900.0
0.6831,12.485,12.485,392.03,392.03,6900.0
0.6832,14.06,14.06,391.515,391.515,6900.0
0.6833,15.205,15.205,391.029,391.029,6900.0
0.6834,16.66,16.66,390.561,390.561,6900.0
0.6835,18.318,18.318,390.127,390.127,6900.0
0.6836,19.933,19.933,389.741,389.741,6900.0
0.6837,21.375,21.375,389.411,389.411,6900.0
0.6838,22.622,22.622,389.125,389.125,6900.0
0.6839,23.952,23.952,388.874,388.874,6900.0
0.684,25.321,25.321,388.664,388.664,6900.0
0.6841,26.673,26.673,388.498,388.498,6900.0
0.6842,27.986,27.986,388.378,388.378,6900.0
0.6843,29.252,29.252,388.304,388.304,6900.0
0.6844,30.533,30.533,388.28,388.28,6900.0
0.6845,31.675,31.675,388.304,388.304,6900.0
0.6846,32.808,32.808,388.371,388.371,6900.0
0.6847,33.998,33.998,388.481,388.481,6900.0
0.6848,35.113,35.113,388.65,388.65,6900.0
0.6849,36.264,36.264,388.886,388.886,6900.0
0.685,37.106,37.106,389.185,389.185,6900.0
0.6851,37.808,37.808,389.52,389.52,6900.0
0.6852,38.757,38.757,389.88,389.88,6900.0
0.6853,39.49,39.49,390.287,390.287,6900.0
0.6854,40.383,40.383,390.736,390.736,6900.0
0.6855,40.968,40.968,391.236,391.236,6900.0
0.6856,41.397,41.397,391.751,391.751,6900.0
0.6857,42.134,42.134,392.278,392.278,6900.0
0.6858,42.58,42.58,392.844,392.844,6900.0
0.6859,43.282,43.282,393.44,393.44,6900.0
0.686,43.582,43.582,394.096,394.096,6900.0
0.6861,43.707,43.707,394.765,394.765,6900.0
0.6862,44.106,44.106,395.446,395.446,6900.0
0.6863,44.242,44.242,396.156,396.156,6900.0
0.6864,44.415,44.415,396.871,396.871,6900.0
0.6865,44.534,44.534,397.617,397.617,6900.0
0.6866,44.353,44.353,398.36,398.36,6900.0
0.6867,44.421,44.421,399.099,399.099,6900.0
0.6868,44.257,44.257,399.842,399.842,6900.0
0.6869,44.065,44.065,400.561,400.561,6900.0
0.687,43.987,43.987,401.283,401.283,6900.0
0.6871,43.64,43.64,401.994,401.994,6900.0
0.6872,43.481,43.481,402.699,402.699,6900.0
0.6873,43.015,43.015,403.402,403.402,6900.0
0.6874,42.493,42.493,404.072,404.072,6900.0
0.6875,42.205,42.205,404.727,404.727,6900.0
0.6876,41.668,41.668,405.368,405.368,6900.0
0.6877,41.231,41.231,405.999,405.999,6900.0
0.6878,40.487,40.487,406.614,406.614,6900.0
0.6879,39.719,39.719,407.182,407.182,6900.0
0.688,39.12,39.12,407.708,407.708,6900.0
0.6881,38.436,38.436,408.199,408.199,6900.0
0.6882,37.759,37.759,408.664,408.664,6900.0
0.6883,36.921,36.921,409.095,409.095,6900.0
0.6884,36.053,36.053,409.48,409.48,6900.0
0.6885,35.271,35.271,409.819,409.819,6900.0
0.6886,34.443,34.443,410.124,410.124,6900.0
0.6887,33.561,33.561,410.398,410.398,6900.0
0.6888,32.66,32.66,410.638,410.638,6900.0
0.6889,31.651,31.651,410.842,410.842,6900.0
0.689,30.621,30.621,411.004,411.004,6900.0
0.6891,29.535,29.535,411.12,411.12,6900.0
0.6892,28.484,28.484,411.184,411.184,6900.0
0.6893,27.498,27.498,411.202,411.202,6900.0
0.6894,26.525,26.525,411.185,411.185,6900.0
0.6895,25.397,25.397,411.136,411.136,6900.0
0.6896,24.022,24.022,411.038,411.038,6900.0
0.6897,22.882,22.882,410.877,410.877,6900.0
0.6898,21.922,21.922,410.674,410.674,6900.0
0.6899,20.938,20.938,410.448,410.448,6900.0
0.69,19.817,19.817,410.208,410.208,6900.0
0.6901,18.176,18.176,409.929,409.929,6900.0
0.6902,16.813,16.813,409.588,409.588,6900.0
0.6903,15.698,15.698,409.207,409.207,6900.0
0.6904,14.544,14.544,408.794,408.794,6900.0
0.6905,13.349,13.349,408.359,408.359,6900.0
0.6906,11.803,11.803,407.894,407.894,6900.0
0.6907,10.349,10.349,407.388,407.388,6900.0
0.6908,9.144,9.144,406.855,406.855,6900.0
0.6909,7.844,7.844,406.298,406.298,6900.0
0.691,6.542,6.542,405.723,405.723,6900.0
0.6911,5.012,5.012,405.127,405.127,6900.0
0.6912,3.513,3.513,404.51,404.51,6900.0
0.6913,2.106,2.106,403.877,403.877,6900.0
0.6914,0.629,0.629,403.23,403.23,6900.0
0.6915,-0.0,-0.0,402.573,402.573,6900.0
0.6916,-0.0,-0.0,401.914,401.914,6900.0
0.6917,-0.0,-0.0,401.253,401.253,6900.0
0.6918,-0.0,-0.0,400.591,400.591,6900.0
0.6919,-0.013,-0.013,399.928,399.928,6900.0
0.692,0.0,0.0,399.263,399.263,6900.0
0.6921,0.0,0.0,398.598,398.598,6900.0
0.6922,0.0,0.0,397.932,397.932,6900.0
0.6923,0.0,0.0,397.264,397.264,6900.0
0.6924,0.0,0.0,396.595,396.595,6900.0
0.6925,0.0,0.0,395.925,395.925,6900.0
0.6926,0.0,0.0,395.254,395.254,6900.0
0.6927,0.0,0.0,394.582,394.582,6900.0
0.6928,-0.0,-0.0,393.911,393.911,6900.0
0.6929,-6.431,-6.431,393.253,393.253,6900.0
0.693,-10.442,-10.442,392.654,392.654,6900.0
0.6931,-12.112,-12.112,392.103,392.103,6900.0
0.6932,-13.447,-13.447,391.568,391.568,6900.0
0.6933,-15.146,-15.146,391.051,391.051,6900.0
0.6934,-16.897,-16.897,390.573,390.573,6900.0
0.6935,-18.571,-18.571,390.148,390.148,6900.0
0.6936,-19.927,-19.927,389.778,389.778,6900.0
0.6937,-21.138,-21.138,389.447,389.447,6900.0
0.6938,-22.57,-22.57,389.153,389.153,6900.0
0.6939,-24.001,-24.001,388.905,388.905,6900.0
0.694,-25.372,-25.372,388.706,388.706,6900.0
0.6941,-26.624,-26.624,388.553,388.553,6900.0
0.6942,-27.841,-27.841,388.439,388.439,6900.0
0.6943,-29.13,-29.13,388.362,388.362,6900.0
0.6944,-30.349,-30.349,388.324,388.324,6900.0
0.6945,-31.56,-31.56,388.324,388.324,6900.0
0.6946,-32.857,-32.857,388.373,388.373,6900.0
0.6947,-34.103,-34.103,388.482,388.482,6900.0
0.6948,-35.162,-35.162,388.662,388.662,6900.0
0.6949,-36.091,-36.091,388.897,388.897,6900.0
0.695,-36.946,-36.946,389.173,389.173,6900.0
0.6951,-37.957,-37.957,389.498,389.498,6900.0
0.6952,-38.877,-38.877,389.875,389.875,6900.0
0.6953,-39.622,-39.622,390.317,390.317,6900.0
0.6954,-40.166,-40.166,390.791,390.791,6900.0
0.6955,-40.727,-40.727,391.269,391.269,6900.0
0.6956,-41.464,-41.464,391.771,391.771,6900.0
0.6957,-42.055,-42.055,392.296,392.296,6900.0
0.6958,-42.716,-42.716,392.866,392.866,6900.0
0.6959,-43.05,-43.05,393.469,393.469,6900.0
0.696,-43.396,-43.396,394.078,394.078,6900.0
0.6961,-43.888,-43.888,394.724,394.724,6900.0
0.6962,-44.1,-44.1,395.399,395.399,6900.0
0.6963,-44.488,-44.488,396.113,396.113,6900.0
0.6964,-44.419,-44.419,396.865,396.865,6900.0
0.6965,-44.449,-44.449,397.61,397.61,6900.0
0.6966,-44.469,-44.469,398.372,398.372,6900.0
0.6967,-44.253,-44.253,399.122,399.122,6900.0
0.6968,-44.318,-44.318,399.857,399.857,6900.0
0.6969,-44.033,-44.033,400.592,400.592,6900.0
0.697,-43.897,-43.897,401.298,401.298,6900.0
0.6971,-43.701,-43.701,402.006,402.006,6900.0
0.6972,-43.259,-43.259,402.697,402.697,6900.0
0.6973,-43.105,-43.105,403.361,403.361,6900.0
0.6974,-42.704,-42.704,404.033,404.033,6900.0
0.6975,-42.337,-42.337,404.694,404.694,6900.0
0.6976,-41.815,-41.815,405.36,405.36,6900.0
0.6977,-41.092,-41.092,406.004,406.004,6900.0
0.6978,-40.496,-40.496,406.602,406.602,6900.0
0.6979,-39.869,-39.869,407.177,407.177,6900.0
0.698,-39.241,-39.241,407.718,407.718,6900.0
0.6981,-38.446,-38.446,408.232,408.232,6900.0
0.6982,-37.628,-37.628,408.698,408.698,6900.0
0.6983,-36.826,-36.826,409.109,409.109,6900.0
0.6984,-36.086,-36.086,409.478,409.478,6900.0
0.6985,-35.392,-35.392,409.812,409.812,6900.0
0.6986,-34.551,-34.551,410.12,410.12,6900.0
0.6987,-33.584,-33.584,410.396,410.396,6900.0
0.6988,-32.679,-32.679,410.634,410.634,6900.0
0.6989,-31.717,-31.717,410.836,410.836,6900.0
0.699,-30.658,-30.658,410.999,410.999,6900.0
0.6991,-29.664,-29.664,411.118,411.118,6900.0
0.6992,-28.65,-28.65,411.199,411.199,6900.0
0.6993,-27.627,-27.627,411.241,411.241,6900.0
0.6994,-26.375,-26.375,411.237,411.237,6900.0
0.6995,-25.092,-25.092,411.171,411.171,6900.0
0.6996,-24.088,-24.088,411.045,411.045,6900.0
0.6997,-23.167,-23.167,410.883,410.883,6900.0
0.6998,-22.199,-22.199,410.7,410.7,6900.0
0.6999,-20.81,-20.81,410.493,410.493,6900.0
0.7,-19.27,-19.27,410.228,410.228,6900.0
0.7001,-23.27,-18.705,409.901,409.901,6900.0
0.7002,-22.429,-17.238,409.627,409.627,6900.0
0.7003,-21.927,-16.115,409.333,409.333,6900.0
0.7004,-21.065,-14.639,409.029,409.029,6900.0
0.7005,-20.032,-13.002,408.687,408.687,6900.0
0.7006,-19.472,-11.85,408.303,408.303,6900.0
0.7007,-18.669,-10.468,407.897,407.897,6900.0
0.7008,-18.043,-9.28,407.468,407.468,6900.0
0.7009,-17.111,-7.806,407.021,407.021,6900.0
0.701,-16.05,-6.223,406.542,406.542,6900.0
0.7011,-15.2,-4.874,406.029,406.029,6900.0
0.7012,-14.256,-3.456,405.493,405.493,6900.0
0.7013,-13.333,-2.086,404.933,404.933,6900.0
0.7014,-12.326,-0.661,404.354,404.354,6900.0
0.7015,-8.088,3.965,403.774,403.774,6900.0
0.7016,0.0,12.41,403.139,403.139,6900.0
0.7017,0.0,12.733,402.48,402.48,6900.0
0.7018,0.0,13.022,401.82,401.82,6900.0
0.7019,0.0,13.275,401.159,401.159,6900.0
0.702,-0.031,13.46,400.497,400.497,6900.0
0.7021,-0.0,13.67,399.833,399.833,6900.0
0.7022,-0.0,13.811,399.169,399.169,6900.0
0.7023,-0.0,13.913,398.503,398.503,6900.0
0.7024,-0.0,13.976,397.837,397.837,6900.0
0.7025,-0.0,14.0,397.169,397.169,6900.0
0.7026,-0.0,13.984,396.5,396.5,6900.0
0.7027,-0.0,13.929,395.83,395.83,6900.0
0.7028,-0.0,13.834,395.159,395.159,6900.0
0.7029,-0.0,13.701,394.487,394.487,6900.0
0.703,-0.0,13.53,393.813,393.813,6900.0
0.7031,-0.0,13.321,393.138,393.138,6900.0
0.7032,-0.0,13.075,392.463,392.463,6900.0
0.7033,-0.0,12.793,391.786,391.786,6900.0
0.7034,-0.0,12.477,391.108,391.108,6900.0
0.7035,-0.0,12.127,390.428,390.428,6900.0
0.7036,-0.0,11.745,389.748,389.748,6900.0
0.7037,-0.0,11.333,389.066,389.066,6900.0
0.7038,-0.0,10.891,388.383,388.383,6900.0
0.7039,0.524,10.947,387.703,387.703,6900.0
0.704,16.443,26.372,387.114,387.114,6900.0
0.7041,23.473,32.885,386.749,386.749,6900.0
0.7042,26.401,35.274,386.508,386.508,6900.0
0.7043,28.552,36.866,386.329,386.329,6900.0
0.7044,30.642,38.381,386.214,386.214,6900.0
0.7045,32.625,39.775,386.187,386.187,6900.0
0.7046,34.576,41.124,386.267,386.267,6900.0
0.7047,36.177,42.113,386.458,386.458,6900.0
0.7048,37.658,42.973,386.734,386.734,6900.0
0.7049,39.235,43.926,387.079,387.079,6900.0
0.705,40.624,44.687,387.498,387.498,6900.0
0.7051,42.126,45.561,387.976,387.976,6900.0
0.7052,43.294,46.103,388.499,388.499,6900.0
0.7053,44.459,46.647,389.026,389.026,6900.0
0.7054,45.895,47.469,389.548,389.548,6900.0
0.7055,47.18,48.149,390.102,390.102,6900.0
0.7056,48.693,49.07,390.7,390.7,6900.0
0.7057,49.864,49.663,391.381,391.381,6900.0
0.7058,50.825,50.062,392.119,392.119,6900.0
0.7059,52.009,50.704,392.924,392.924,6900.0
0.706,52.784,50.957,393.829,393.829,6900.0
0.7061,53.653,51.327,394.806,394.806,6900.0
0.7062,54.112,51.313,395.877,395.877,6900.0
0.7063,54.275,51.028,396.968,396.968,6900.0
0.7064,54.726,51.061,398.051,398.051,6900.0
0.7065,54.877,50.824,399.131,399.131,6900.0
0.7066,55.131,50.722,400.167,400.167,6900.0
0.7067,55.33,50.598,401.196,401.196,6900.0
0.7068,55.337,50.316,402.195,402.195,6900.0
0.7069,55.6,50.325,403.182,403.182,6900.0
0.707,55.53,50.039,404.187,404.187,6900.0
0.7071,55.373,49.703,405.187,405.187,6900.0
0.7072,55.305,49.494,406.222,406.222,6900.0
0.7073,54.815,48.902,407.283,407.283,6900.0
0.7074,54.443,48.467,408.366,408.366,6900.0
0.7075,53.676,47.676,409.455,409.455,6900.0
0.7076,52.748,46.764,410.496,410.496,6900.0
0.7077,52.042,46.113,411.484,411.484,6900.0
0.7078,51.113,45.278,412.416,412.416,6900.0
0.7079,50.303,44.602,413.292,413.292,6900.0
0.708,49.226,43.696,414.109,414.109,6900.0
0.7081,48.161,42.841,414.846,414.846,6900.0
0.7082,47.221,42.147,415.519,415.519,6900.0
0.7083,46.207,41.414,416.153,416.153,6900.0
0.7084,45.135,40.658,416.763,416.763,6900.0
0.7085,43.871,39.744,417.35,417.35,6900.0
0.7086,42.475,38.73,417.901,417.901,6900.0
0.7087,41.079,37.746,418.406,418.406,6900.0
0.7088,39.582,36.691,418.867,418.867,6900.0
0.7089,38.037,35.614,419.273,419.273,6900.0
0.709,36.438,34.509,419.618,419.618,6900.0
0.7091,34.811,33.4,419.897,419.897,6900.0
0.7092,33.127,32.255,420.106,420.106,6900.0
0.7093,31.391,31.077,420.234,420.234,6900.0
0.7094,29.709,29.969,420.278,420.278,6900.0
0.7095,28.218,29.068,420.258,420.258,6900.0
0.7096,26.682,28.134,420.197,420.197,6900.0
0.7097,25.055,27.119,420.107,420.107,6900.0
0.7098,23.03,25.715,419.969,419.969,6900.0
0.7099,21.202,24.511,419.767,419.767,6900.0
0.71,19.564,23.501,419.519,419.519,6900.0
0.7101,17.983,22.548,419.241,419.241,6900.0
0.7102,16.149,21.34,418.938,418.938,6900.0
0.7103,13.908,19.72,418.587,418.587,6900.0
0.7104,11.891,18.317,418.17,418.17,6900.0
0.7105,10.148,17.178,417.706,417.706,6900.0
0.7106,8.374,15.996,417.201,417.201,6900.0
0.7107,6.68,14.88,416.666,416.666,6900.0
0.7108,4.715,13.478,416.1,416.1,6900.0
0.7109,2.905,12.21,415.505,415.505,6900.0
0.711,1.269,11.096,414.889,414.889,6900.0
0.7111,-0.001,10.324,414.255,414.255,6900.0
0.7112,-0.0,10.799,413.617,413.617,6900.0
0.7113,-0.0,11.246,412.976,412.976,6900.0
0.7114,-0.0,11.665,412.333,412.333,6900.0
0.7115,-0.0,12.053,411.688,411.688,6900.0
0.7116,-0.0,12.409,411.043,411.043,6900.0
0.7117,-0.0,12.732,410.397,410.397,6900.0
0.7118,-0.0,13.021,409.749,409.749,6900.0
0.7119,-0.001,13.273,409.101,409.101,6900.0
0.712,0.0,13.491,408.452,408.452,6900.0
0.7121,0.0,13.67,407.801,407.801,6900.0
0.7122,0.0,13.811,407.15,407.15,6900.0
0.7123,0.0,13.913,406.497,406.497,6900.0
0.7124,0.0,13.976,405.844,405.844,6900.0
0.7125,0.0,14.0,405.189,405.189,6900.0
0.7126,0.0,13.984,404.533,404.533,6900.0
0.7127,0.0,13.929,403.877,403.877,6900.0
0.7128,0.0,13.835,403.219,403.219,6900.0
0.7129,0.0,13.701,402.56,402.56,6900.0
0.713,0.0,13.53,401.9,401.9,6900.0
0.7131,0.0,13.321,401.239,401.239,6900.0
0.7132,0.0,13.075,400.577,400.577,6900.0
0.7133,0.0,12.793,399.914,399.914,6900.0
0.7134,0.0,12.477,399.249,399.249,6900.0
0.7135,0.0,12.127,398.584,398.584,6900.0
0.7136,0.0,11.745,397.917,397.917,6900.0
0.7137,-2.534,8.798,397.256,397.256,6900.0
0.7138,-31.54,-20.649,396.587,396.587,6900.0
0.7139,-47.811,-37.389,396.238,396.238,6900.0
0.714,-42.986,-33.058,396.409,396.409,6900.0
0.7141,-42.251,-32.84,396.456,396.456,6900.0
0.7142,-42.757,-33.884,396.535,396.535,6900.0
0.7143,-43.426,-35.111,396.715,396.715,6900.0
0.7144,-43.929,-36.189,397.021,397.021,6900.0
0.7145,-44.158,-37.008,397.45,397.45,6900.0
0.7146,-44.092,-37.544,397.961,397.961,6900.0
0.7147,-43.928,-37.992,398.502,398.502,6900.0
0.7148,-43.891,-38.575,399.044,399.044,6900.0
0.7149,-43.844,-39.154,399.568,399.568,6900.0
0.715,-43.693,-39.63,400.068,400.068,6900.0
0.7151,-43.579,-40.144,400.522,400.522,6900.0
0.7152,-43.602,-40.793,400.928,400.928,6900.0
0.7153,-43.867,-41.679,401.329,401.329,6900.0
0.7154,-44.082,-42.508,401.759,401.759,6900.0
0.7155,-44.202,-43.232,402.267,402.267,6900.0
0.7156,-43.958,-43.581,402.846,402.846,6900.0
0.7157,-43.723,-43.924,403.467,403.467,6900.0
0.7158,-43.481,-44.243,404.15,404.15,6900.0
0.7159,-42.998,-44.304,404.867,404.867,6900.0
0.716,-42.536,-44.363,405.61,405.61,6900.0
0.7161,-41.786,-44.112,406.339,406.339,6900.0
0.7162,-41.151,-43.95,407.002,407.002,6900.0
0.7163,-40.712,-43.959,407.618,407.618,6900.0
0.7164,-40.21,-43.875,408.174,408.174,6900.0
0.7165,-40.045,-44.098,408.693,408.693,6900.0
0.7166,-39.631,-44.04,409.198,409.198,6900.0
0.7167,-39.406,-44.139,409.683,409.683,6900.0
0.7168,-39.18,-44.202,410.196,410.196,6900.0
0.7169,-38.657,-43.932,410.728,410.728,6900.0
0.717,-38.439,-43.93,411.278,411.278,6900.0
0.7171,-37.821,-43.491,411.863,411.863,6900.0
0.7172,-37.259,-43.069,412.444,412.444,6900.0
0.7173,-36.59,-42.503,413.024,413.024,6900.0
0.7174,-35.75,-41.726,413.564,413.564,6900.0
0.7175,-35.198,-41.197,414.04,414.04,6900.0
0.7176,-34.622,-40.606,414.469,414.469,6900.0
0.7177,-34.245,-40.174,414.841,414.841,6900.0
0.7178,-33.809,-39.643,415.179,415.179,6900.0
0.7179,-33.392,-39.094,415.48,415.48,6900.0
0.718,-33.126,-38.655,415.748,415.748,6900.0
0.7181,-32.888,-38.209,416.016,416.016,6900.0
0.7182,-32.691,-37.766,416.293,416.293,6900.0
0.7183,-32.25,-37.043,416.588,416.588,6900.0
0.7184,-31.724,-36.2,416.879,416.879,6900.0
0.7185,-31.152,-35.279,417.151,417.151,6900.0
0.7186,-30.693,-34.438,417.396,417.396,6900.0
0.7187,-30.174,-33.507,417.608,417.608,6900.0
0.7188,-29.688,-32.579,417.778,417.778,6900.0
0.7189,-29.289,-31.712,417.902,417.902,6900.0
0.719,-28.948,-30.876,417.982,417.982,6900.0
0.7191,-28.563,-29.974,418.019,418.019,6900.0
0.7192,-28.234,-29.107,418.016,418.016,6900.0
0.7193,-28.079,-28.394,417.982,417.982,6900.0
0.7194,-27.913,-27.652,417.938,417.938,6900.0
0.7195,-27.752,-26.902,417.897,417.897,6900.0
0.7196,-27.288,-25.835,417.856,417.856,6900.0
0.7197,-26.71,-24.645,417.788,417.788,6900.0
0.7198,-26.385,-23.701,417.689,417.689,6900.0
0.7199,-26.138,-22.828,417.574,417.574,6900.0
0.72,-25.83,-21.892,417.451,417.451,6900.0
0.7201,-25.109,-20.544,417.308,417.308,6900.0
0.7202,-24.291,-19.1,417.101,417.101,6900.0
0.7203,-23.99,-18.178,416.828,416.828,6900.0
0.7204,-23.671,-17.245,416.515,416.515,6900.0
0.7205,-23.521,-16.491,416.175,416.175,6900.0
0.7206,-23.028,-15.405,415.823,415.823,6900.0
0.7207,-22.417,-14.217,415.44,415.44,6900.0
0.7208,-22.116,-13.354,415.029,415.029,6900.0
0.7209,-21.57,-12.265,414.612,414.612,6900.0
0.721,-21.202,-11.375,414.183,414.183,6900.0
0.7211,-20.486,-10.16,413.751,413.751,6900.0
0.7212,-19.615,-8.816,413.296,413.296,6900.0
0.7213,-18.882,-7.635,412.808,412.808,6900.0
0.7214,-18.068,-6.403,412.291,412.291,6900.0
0.7215,-17.262,-5.209,411.74,411.74,6900.0
0.7216,-16.487,-4.078,411.159,411.159,6900.0
0.7217,-15.698,-2.966,410.551,410.551,6900.0
0.7218,-15.179,-2.158,409.919,409.919,6900.0
0.7219,-13.691,-0.416,409.276,409.276,6900.0
0.722,-0.0,13.491,408.673,408.673,6900.0
0.7221,-0.0,13.67,408.023,408.023,6900.0
0.7222,-0.0,13.811,407.372,407.372,6900.0
0.7223,-0.0,13.913,406.719,406.719,6900.0
0.7224,-0.0,13.976,406.066,406.066,6900.0
0.7225,-0.0,14.0,405.412,405.412,6900.0
0.7226,-0.0,13.984,404.757,404.757,6900.0
0.7227,-0.0,13.929,404.1,404.1,6900.0
0.7228,-0.0,13.834,403.443,403.443,6900.0
0.7229,-0.0,13.701,402.784,402.784,6900.0
0.723,-0.0,13.53,402.125,402.125,6900.0
0.7231,-0.0,13.321,401.464,401.464,6900.0
0.7232,-0.0,13.075,400.802,400.802,6900.0
0.7233,-0.0,12.793,400.139,400.139,6900.0
0.7234,-0.0,12.477,399.476,399.476,6900.0
0.7235,-0.0,12.127,398.81,398.81,6900.0
0.7236,-0.0,11.745,398.144,398.144,6900.0
0.7237,0.415,11.747,397.482,397.482,6900.0
0.7238,9.298,20.19,396.877,396.877,6900.0
0.7239,13.6,24.023,396.391,396.391,6900.0
0.724,15.73,25.659,395.98,395.98,6900.0
0.7241,17.394,26.805,395.625,395.625,6900.0
0.7242,18.923,27.795,395.323,395.323,6900.0
0.7243,20.41,28.724,395.076,395.076,6900.0
0.7244,21.813,29.552,394.883,394.883,6900.0
0.7245,23.158,30.308,394.738,394.738,6900.0
0.7246,24.585,31.133,394.636,394.636,6900.0
0.7247,25.937,31.873,394.581,394.581,6900.0
0.7248,27.339,32.655,394.574,394.574,6900.0
0.7249,28.574,33.265,394.609,394.609,6900.0
0.725,29.817,33.88,394.674,394.674,6900.0
0.7251,31.191,34.626,394.769,394.769,6900.0
0.7252,32.473,35.282,394.916,394.916,6900.0
0.7253,33.914,36.102,395.126,395.126,6900.0
0.7254,34.981,36.555,395.409,395.409,6900.0
0.7255,35.881,36.851,395.738,395.738,6900.0
0.7256,37.048,37.425,396.107,396.107,6900.0
0.7257,37.9,37.699,396.536,396.536,6900.0
0.7258,38.932,38.17,397.012,397.012,6900.0
0.7259,39.605,38.3,397.547,397.547,6900.0
0.726,40.105,38.279,398.096,398.096,6900.0
0.7261,40.86,38.535,398.654,398.654,6900.0
0.7262,41.406,38.606,399.235,399.235,6900.0
0.7263,42.05,38.804,399.824,399.824,6900.0
0.7264,42.504,38.839,400.45,400.45,6900.0
0.7265,42.762,38.709,401.085,401.085,6900.0
0.7266,43.253,38.844,401.733,401.733,6900.0
0.7267,43.426,38.694,402.413,402.413,6900.0
0.7268,43.58,38.558,403.096,403.096,6900.0
0.7269,43.76,38.486,403.813,403.813,6900.0
0.727,43.558,38.067,404.54,404.54,6900.0
0.7271,43.57,37.9,405.271,405.271,6900.0
0.7272,43.184,37.373,406.007,406.007,6900.0
0.7273,42.805,36.892,406.704,406.704,6900.0
0.7274,42.546,36.57,407.382,407.382,6900.0
0.7275,42.032,36.032,408.031,408.031,6900.0
0.7276,41.696,35.712,408.657,408.657,6900.0
0.7277,41.07,35.141,409.261,409.261,6900.0
0.7278,40.371,34.536,409.82,409.82,6900.0
0.7279,39.913,34.212,410.347,410.347,6900.0
0.728,39.186,33.656,410.858,410.858,6900.0
0.7281,38.469,33.148,411.358,411.358,6900.0
0.7282,37.542,32.467,411.838,411.838,6900.0
0.7283,36.458,31.665,412.278,412.278,6900.0
0.7284,35.533,31.056,412.669,412.669,6900.0
0.7285,34.47,30.343,413.019,413.019,6900.0
0.7286,33.378,29.633,413.327,413.327,6900.0
0.7287,32.222,28.89,413.584,413.584,6900.0
0.7288,30.982,28.091,413.788,413.788,6900.0
0.7289,29.786,27.363,413.936,413.936,6900.0
0.729,28.544,26.615,414.031,414.031,6900.0
0.7291,27.322,25.911,414.076,414.076,6900.0
0.7292,26.102,25.23,414.077,414.077,6900.0
0.7293,24.817,24.503,414.043,414.043,6900.0
0.7294,23.431,23.691,413.976,413.976,6900.0
0.7295,21.852,22.702,413.861,413.861,6900.0
0.7296,20.383,21.836,413.688,413.688,6900.0
0.7297,19.091,21.155,413.469,413.469,6900.0
0.7298,17.765,20.45,413.218,413.218,6900.0
0.7299,16.258,19.568,412.937,412.937,6900.0
0.73,14.405,18.342,412.606,412.606,6900.0
0.7301,12.743,17.308,412.211,412.211,6900.0
0.7302,11.427,16.618,411.772,411.772,6900.0
0.7303,10.15,15.962,411.302,411.302,6900.0
0.7304,8.764,15.19,410.811,410.811,6900.0
0.7305,6.992,14.023,410.291,410.291,6900.0
0.7306,5.425,13.048,409.735,409.735,6900.0
0.7307,4.038,12.239,409.155,409.155,6900.0
0.7308,2.544,11.307,408.552,408.552,6900.0
0.7309,1.154,10.459,407.93,407.93,6900.0
0.731,-0.0,9.827,407.289,407.289,6900.0
0.7311,-0.0,10.325,406.641,406.641,6900.0
0.7312,-0.0,10.799,405.989,405.989,6900.0
0.7313,-0.0,11.246,405.335,405.335,6900.0
0.7314,-0.0,11.665,404.679,404.679,6900.0
0.7315,-0.0,12.053,404.023,404.023,6900.0
0.7316,-0.0,12.409,403.365,403.365,6900.0
0.7317,-0.0,12.732,402.706,402.706,6900.0
0.7318,-0.0,13.021,402.047,402.047,6900.0
0.7319,-0.001,13.273,401.386,401.386,6900.0
0.732,0.0,13.491,400.724,400.724,6900.0
0.7321,0.0,13.67,400.061,400.061,6900.0
0.7322,0.0,13.811,399.397,399.397,6900.0
0.7323,0.0,13.913,398.732,398.732,6900.0
0.7324,0.0,13.976,398.065,398.065,6900.0
0.7325,0.0,14.0,397.398,397.398,6900.0
0.7326,0.0,13.984,396.729,396.729,6900.0
0.7327,0.0,13.929,396.06,396.06,6900.0
0.7328,0.0,13.835,395.389,395.389,6900.0
0.7329,0.0,13.701,394.717,394.717,6900.0
0.733,0.0,13.53,394.044,394.044,6900.0
0.7331,0.0,13.321,393.37,393.37,6900.0
0.7332,0.0,13.075,392.694,392.694,6900.0
0.7333,0.0,12.793,392.018,392.018,6900.0
0.7334,0.0,12.477,391.34,391.34,6900.0
0.7335,0.0,12.127,390.661,390.661,6900.0
0.7336,0.0,11.745,389.981,389.981,6900.0
0.7337,0.0,11.333,389.3,389.3,6900.0
0.7338,0.0,10.891,388.618,388.618,6900.0
0.7339,-20.929,-10.507,387.941,387.941,6900.0
0.734,-44.778,-34.85,387.432,387.432,6900.0
0.7341,-40.718,-31.307,387.623,387.623,6900.0
0.7342,-39.575,-30.702,387.706,387.706,6900.0
0.7343,-39.814,-31.5,387.793,387.793,6900.0
0.7344,-40.196,-32.456,387.945,387.945,6900.0
0.7345,-40.599,-33.449,388.185,388.185,6900.0
0.7346,-40.866,-34.318,388.523,388.523,6900.0
0.7347,-40.835,-34.899,388.951,388.951,6900.0
0.7348,-40.582,-35.266,389.423,389.423,6900.0
0.7349,-40.274,-35.584,389.894,389.894,6900.0
0.735,-40.168,-36.106,390.35,390.35,6900.0
0.7351,-40.067,-36.632,390.784,390.784,6900.0
0.7352,-39.944,-37.135,391.203,391.203,6900.0
0.7353,-39.775,-37.587,391.594,391.594,6900.0
0.7354,-39.725,-38.151,391.955,391.955,6900.0
0.7355,-39.931,-38.961,392.327,392.327,6900.0
0.7356,-40.021,-39.643,392.736,392.736,6900.0
0.7357,-40.057,-40.257,393.22,393.22,6900.0
0.7358,-39.702,-40.465,393.762,393.762,6900.0
0.7359,-39.336,-40.641,394.326,394.326,6900.0
0.736,-39.044,-40.871,394.926,394.926,6900.0
0.7361,-38.478,-40.804,395.533,395.533,6900.0
0.7362,-38.128,-40.928,396.138,396.138,6900.0
0.7363,-37.435,-40.681,396.721,396.721,6900.0
0.7364,-36.962,-40.627,397.242,397.242,6900.0
0.7365,-36.621,-40.674,397.728,397.728,6900.0
0.7366,-36.237,-40.646,398.169,398.169,6900.0
0.7367,-36.177,-40.91,398.588,398.588,6900.0
0.7368,-35.848,-40.869,399.011,399.011,6900.0
0.7369,-35.72,-40.994,399.427,399.427,6900.0
0.737,-35.476,-40.967,399.876,399.876,6900.0
0.7371,-34.985,-40.655,400.337,400.337,6900.0
0.7372,-34.764,-40.575,400.802,400.802,6900.0
0.7373,-34.247,-40.16,401.284,401.284,6900.0
0.7374,-33.822,-39.798,401.75,401.75,6900.0
0.7375,-33.273,-39.273,402.207,402.207,6900.0
0.7376,-32.648,-38.632,402.619,402.619,6900.0
0.7377,-32.278,-38.207,402.972,402.972,6900.0
0.7378,-31.925,-37.759,403.287,403.287,6900.0
0.7379,-31.724,-37.425,403.562,403.562,6900.0
0.738,-31.478,-37.007,403.819,403.819,6900.0
0.7381,-31.226,-36.547,404.052,404.052,6900.0
0.7382,-31.066,-36.141,404.265,404.265,6900.0
0.7383,-30.933,-35.727,404.481,404.481,6900.0
0.7384,-30.804,-35.281,404.705,404.705,6900.0
0.7385,-30.45,-34.577,404.94,404.94,6900.0
0.7386,-30.084,-33.829,405.165,405.165,6900.0
0.7387,-29.625,-32.958,405.368,405.368,6900.0
0.7388,-29.262,-32.153,405.537,405.537,6900.0
0.7389,-28.911,-31.333,405.667,405.667,6900.0
0.739,-28.628,-30.557,405.755,405.755,6900.0
0.7391,-28.413,-29.824,405.805,405.805,6900.0
0.7392,-28.242,-29.115,405.823,405.823,6900.0
0.7393,-27.974,-28.289,405.811,405.811,6900.0
0.7394,-27.733,-27.472,405.764,405.764,6900.0
0.7395,-27.649,-26.799,405.69,405.69,6900.0
0.7396,-27.587,-26.134,405.611,405.611,6900.0
0.7397,-27.536,-25.471,405.539,405.539,6900.0
0.7398,-27.059,-24.375,405.467,405.467,6900.0
0.7399,-26.41,-23.1,405.357,405.357,6900.0
0.74,-26.19,-22.253,405.2,405.2,6900.0
0.7401,-25.982,-21.416,405.02,405.02,6900.0
0.7402,-25.802,-20.611,404.828,404.828,6900.0
0.7403,-25.22,-19.408,404.619,404.619,6900.0
0.7404,-24.497,-18.071,404.355,404.355,6900.0
0.7405,-24.276,-17.245,404.032,404.032,6900.0
0.7406,-23.888,-16.265,403.679,403.679,6900.0
0.7407,-23.757,-15.556,403.298,403.298,6900.0
0.7408,-23.236,-14.473,402.907,402.907,6900.0
0.7409,-22.568,-13.262,402.487,402.487,6900.0
0.741,-22.178,-12.351,402.035,402.035,6900.0
0.7411,-21.597,-11.272,401.569,401.569,6900.0
0.7412,-21.106,-10.307,401.085,401.085,6900.0
0.7413,-20.365,-9.118,400.588,400.588,6900.0
0.7414,-19.513,-7.848,400.067,400.067,6900.0
0.7415,-18.703,-6.65,399.515,399.515,6900.0
0.7416,-17.832,-5.422,398.935,398.935,6900.0
0.7417,-16.94,-4.207,398.327,398.327,6900.0
0.7418,-16.33,-3.309,397.688,397.688,6900.0
0.7419,-15.455,-2.181,397.031,397.031,6900.0
0.742,-0.0,13.491,396.427,396.427,6900.0
0.7421,-0.0,13.67,395.757,395.757,6900.0
0.7422,-0.0,13.811,395.085,395.085,6900.0
0.7423,-0.0,13.913,394.413,394.413,6900.0
0.7424,-0.0,13.976,393.739,393.739,6900.0
0.7425,-0.0,14.0,393.065,393.065,6900.0
0.7426,-0.0,13.984,392.389,392.389,6900.0
0.7427,-0.0,13.929,391.712,391.712,6900.0
0.7428,-0.0,13.834,391.033,391.033,6900.0
0.7429,-0.0,13.701,390.354,390.354,6900.0
0.743,-0.0,13.53,389.673,389.673,6900.0
0.7431,-0.0,13.321,388.992,388.992,6900.0
0.7432,-0.0,13.075,388.309,388.309,6900.0
0.7433,-0.0,12.793,387.624,387.624,6900.0
0.7434,-0.0,12.477,386.939,386.939,6900.0
0.7435,-0.0,12.127,386.254,386.254,6900.0
0.7436,7.037,18.782,385.601,385.601,6900.0
0.7437,12.246,23.578,385.047,385.047,6900.0
0.7438,14.584,25.475,384.576,384.576,6900.0
0.7439,16.274,26.697,384.154,384.154,6900.0
0.744,17.933,27.861,383.777,383.777,6900.0
0.7441,19.654,29.065,383.453,383.453,6900.0
0.7442,21.315,30.188,383.19,383.19,6900.0
0.7443,22.91,31.225,382.988,382.988,6900.0
0.7444,24.438,32.178,382.849,382.849,6900.0
0.7445,25.962,33.112,382.771,382.771,6900.0
0.7446,27.368,33.915,382.745,382.745,6900.0
0.7447,28.743,34.678,382.757,382.757,6900.0
0.7448,30.257,35.573,382.801,382.801,6900.0
0.7449,31.722,36.412,382.886,382.886,6900.0
0.745,33.362,37.425,383.021,383.021,6900.0
0.7451,34.751,38.186,383.213,383.213,6900.0
0.7452,36.017,38.826,383.45,383.45,6900.0
0.7453,37.545,39.733,383.734,383.734,6900.0
0.7454,38.849,40.423,384.098,384.098,6900.0
0.7455,40.248,41.217,384.547,384.547,6900.0
0.7456,41.239,41.616,385.088,385.088,6900.0
0.7457,42.021,41.82,385.676,385.676,6900.0
0.7458,43.03,42.268,386.295,386.295,6900.0
0.7459,43.821,42.516,386.955,386.955,6900.0
0.746,44.703,42.876,387.638,387.638,6900.0
0.7461,45.391,43.065,388.36,388.36,6900.0
0.7462,45.833,43.034,389.083,389.083,6900.0
0.7463,46.656,43.41,389.804,389.804,6900.0
0.7464,47.166,43.501,390.556,390.556,6900.0
0.7465,47.749,43.696,391.319,391.319,6900.0
0.7466,48.197,43.787,392.138,392.138,6900.0
0.7467,48.359,43.626,392.982,392.982,6900.0
0.7468,48.718,43.696,393.855,393.855,6900.0
0.7469,48.641,43.367,394.764,394.764,6900.0
0.747,48.564,43.074,395.664,395.664,6900.0
0.7471,48.508,42.838,396.577,396.577,6900.0
0.7472,48.161,42.35,397.477,397.477,6900.0
0.7473,48.011,42.098,398.357,398.357,6900.0
0.7474,47.517,41.541,399.219,399.219,6900.0
0.7475,46.996,40.996,400.022,400.022,6900.0
0.7476,46.656,40.672,400.788,400.788,6900.0
0.7477,46.135,40.206,401.525,401.525,6900.0
0.7478,45.708,39.873,402.247,402.247,6900.0
0.7479,44.941,39.24,402.957,402.957,6900.0
0.748,44.058,38.528,403.628,403.628,6900.0
0.7481,43.377,38.056,404.266,404.266,6900.0
0.7482,42.491,37.417,404.884,404.884,6900.0
0.7483,41.531,36.738,405.485,405.485,6900.0
0.7484,40.384,35.907,406.052,406.052,6900.0
0.7485,39.141,35.014,406.56,406.56,6900.0
0.7486,37.961,34.216,407.002,407.002,6900.0
0.7487,36.785,33.452,407.381,407.381,6900.0
0.7488,35.538,32.647,407.701,407.701,6900.0
0.7489,34.305,31.882,407.962,407.962,6900.0
0.749,33.02,31.091,408.169,408.169,6900.0
0.7491,31.653,30.242,408.327,408.327,6900.0
0.7492,30.278,29.406,408.433,408.433,6900.0
0.7493,28.883,28.568,408.488,408.488,6900.0
0.7494,27.521,27.781,408.501,408.501,6900.0
0.7495,26.095,26.946,408.479,408.479,6900.0
0.7496,24.51,25.962,408.424,408.424,6900.0
0.7497,22.672,24.737,408.312,408.312,6900.0
0.7498,20.978,23.663,408.124,408.124,6900.0
0.7499,19.564,22.873,407.88,407.88,6900.0
0.75,18.148,22.085,407.6,407.6,6900.0
0.7501,16.579,21.145,407.29,407.29,6900.0
0.7502,14.58,19.771,406.933,406.933,6900.0
0.7503,12.807,18.619,406.514,406.514,6900.0
0.7504,11.339,17.765,406.052,406.052,6900.0
0.7505,9.846,16.876,405.557,405.557,6900.0
0.7506,8.336,15.958,405.039,405.039,6900.0
0.7507,6.44,14.64,404.491,404.491,6900.0
0.7508,4.712,13.474,403.908,403.908,6900.0
0.7509,3.158,12.464,403.301,403.301,6900.0
0.751,1.525,11.352,402.672,402.672,6900.0
0.7511,0.046,10.371,402.024,402.024,6900.0
0.7512,-0.0,10.799,401.367,401.367,6900.0
0.7513,-0.0,11.246,400.707,400.707,6900.0
0.7514,-0.0,11.665,400.044,400.044,6900.0
0.7515,-0.0,12.053,399.38,399.38,6900.0
0.7516,-0.0,12.409,398.714,398.714,6900.0
0.7517,-0.0,12.732,398.048,398.048,6900.0
0.7518,-0.0,13.021,397.381,397.381,6900.0
0.7519,-0.004,13.27,396.712,396.712,6900.0
0.752,0.0,13.491,396.042,396.042,6900.0
0.7521,0.0,13.67,395.372,395.372,6900.0
0.7522,0.0,13.811,394.7,394.7,6900.0
0.7523,0.0,13.913,394.027,394.027,6900.0
0.7524,0.0,13.976,393.352,393.352,6900.0
0.7525,0.0,14.0,392.677,392.677,6900.0
0.7526,0.0,13.984,392.0,392.0,6900.0
0.7527,0.0,13.929,391.323,391.323,6900.0
0.7528,0.0,13.835,390.644,390.644,6900.0
0.7529,0.0,13.701,389.964,389.964,6900.0
0.753,0.0,13.53,389.282,389.282,6900.0
0.7531,0.0,13.321,388.6,388.6,6900.0
0.7532,0.0,13.075,387.916,387.916,6900.0
0.7533,0.0,12.793,387.231,387.231,6900.0
0.7534,0.0,12.477,386.545,386.545,6900.0
0.7535,0.0,12.127,385.858,385.858,6900.0
0.7536,0.0,11.745,385.169,385.169,6900.0
0.7537,-12.248,-0.915,384.487,384.487,6900.0
0.7538,-40.403,-29.512,383.796,383.796,6900.0
0.7539,-45.749,-35.326,383.721,383.721,6900.0
0.754,-42.258,-32.329,383.842,383.842,6900.0
0.7541,-42.15,-32.739,383.896,383.896,6900.0
0.7542,-42.798,-33.926,384.012,384.012,6900.0
0.7543,-43.481,-35.167,384.236,384.236,6900.0
0.7544,-43.867,-36.128,384.577,384.577,6900.0
0.7545,-44.078,-36.928,385.008,385.008,6900.0
0.7546,-44.114,-37.566,385.495,385.495,6900.0
0.7547,-44.235,-38.3,386.013,386.013,6900.0
0.7548,-44.293,-38.977,386.544,386.544,6900.0
0.7549,-44.256,-39.565,387.074,387.074,6900.0
0.755,-44.202,-40.139,387.572,387.572,6900.0
0.7551,-44.247,-40.812,388.026,388.026,6900.0
0.7552,-44.526,-41.717,388.465,388.465,6900.0
0.7553,-44.82,-42.632,388.918,388.918,6900.0
0.7554,-45.036,-43.462,389.431,389.431,6900.0
0.7555,-44.958,-43.989,389.998,389.998,6900.0
0.7556,-44.891,-44.514,390.601,390.601,6900.0
0.7557,-44.905,-45.106,391.272,391.272,6900.0
0.7558,-44.654,-45.417,391.996,391.996,6900.0
0.7559,-44.433,-45.738,392.777,392.777,6900.0
0.756,-43.782,-45.609,393.573,393.573,6900.0
0.7561,-43.241,-45.567,394.325,394.325,6900.0
0.7562,-42.851,-45.651,395.044,395.044,6900.0
0.7563,-42.363,-45.61,395.71,395.71,6900.0
0.7564,-42.267,-45.932,396.336,396.336,6900.0
0.7565,-41.843,-45.896,396.94,396.94,6900.0
0.7566,-41.639,-46.048,397.506,397.506,6900.0
0.7567,-41.518,-46.251,398.084,398.084,6900.0
0.7568,-41.147,-46.168,398.673,398.673,6900.0
0.7569,-41.078,-46.353,399.285,399.285,6900.0
0.757,-40.572,-46.063,399.941,399.941,6900.0
0.7571,-40.182,-45.852,400.602,400.602,6900.0
0.7572,-39.638,-45.449,401.283,401.283,6900.0
0.7573,-38.86,-44.773,401.941,401.941,6900.0
0.7574,-38.371,-44.347,402.547,402.547,6900.0
0.7575,-37.784,-43.784,403.116,403.116,6900.0
0.7576,-37.368,-43.352,403.626,403.626,6900.0
0.7577,-36.932,-42.861,404.097,404.097,6900.0
0.7578,-36.491,-42.326,404.519,404.519,6900.0
0.7579,-36.264,-41.965,404.895,404.895,6900.0
0.758,-36.051,-41.581,405.261,405.261,6900.0
0.7581,-35.898,-41.219,405.626,405.626,6900.0
0.7582,-35.55,-40.625,406.01,406.01,6900.0
0.7583,-35.042,-39.835,406.395,406.395,6900.0
0.7584,-34.593,-39.07,406.764,406.764,6900.0
0.7585,-34.138,-38.265,407.12,407.12,6900.0
0.7586,-33.693,-37.438,407.452,407.452,6900.0
0.7587,-33.181,-36.513,407.754,407.754,6900.0
0.7588,-32.697,-35.588,408.01,408.01,6900.0
0.7589,-32.241,-34.664,408.214,408.214,6900.0
0.759,-31.822,-33.751,408.365,408.365,6900.0
0.7591,-31.494,-32.906,408.465,408.465,6900.0
0.7592,-31.25,-32.122,408.525,408.525,6900.0
0.7593,-31.11,-31.424,408.564,408.564,6900.0
0.7594,-30.856,-30.596,408.6,408.6,6900.0
0.7595,-30.507,-29.657,408.628,408.628,6900.0
0.7596,-29.978,-28.525,408.637,408.637,6900.0
0.7597,-29.637,-27.573,408.62,408.62,6900.0
0.7598,-29.306,-26.621,408.592,408.592,6900.0
0.7599,-28.956,-25.646,408.557,408.557,6900.0
0.76,-28.149,-24.212,408.5,408.5,6900.0
0.7601,-27.261,-22.696,408.369,408.369,6900.0
0.7602,-26.867,-21.676,408.16,408.16,6900.0
0.7603,-26.561,-20.749,407.904,407.904,6900.0
0.7604,-26.377,-19.951,407.621,407.621,6900.0
0.7605,-25.794,-18.763,407.326,407.326,6900.0
0.7606,-25.043,-17.42,406.994,406.994,6900.0
0.7607,-24.726,-16.525,406.628,406.628,6900.0
0.7608,-24.183,-15.42,406.255,406.255,6900.0
0.7609,-23.711,-14.405,405.872,405.872,6900.0
0.761,-22.944,-13.117,405.486,405.486,6900.0
0.7611,-21.924,-11.598,405.072,405.072,6900.0
0.7612,-21.161,-10.361,404.617,404.617,6900.0
0.7613,-20.235,-8.989,404.13,404.13,6900.0
0.7614,-19.373,-7.708,403.602,403.602,6900.0
0.7615,-18.48,-6.427,403.041,403.041,6900.0
0.7616,-17.558,-5.149,402.448,402.448,6900.0
0.7617,-16.595,-3.862,401.828,401.828,6900.0
0.7618,-15.704,-2.683,401.185,401.185,6900.0
0.7619,-14.576,-1.302,400.529,400.529,6900.0
0.762,-0.0,13.491,399.918,399.918,6900.0
0.7621,-0.0,13.67,399.253,399.253,6900.0
0.7622,-0.0,13.811,398.588,398.588,6900.0
0.7623,-0.0,13.913,397.921,397.921,6900.0
0.7624,-0.0,13.976,397.254,397.254,6900.0
0.7625,-0.0,14.0,396.585,396.585,6900.0
0.7626,-0.0,13.984,395.915,395.915,6900.0
0.7627,-0.0,13.929,395.244,395.244,6900.0
0.7628,-0.0,13.834,394.572,394.572,6900.0
0.7629,-0.0,13.701,393.898,393.898,6900.0
0.763,-0.0,13.53,393.224,393.224,6900.0
0.7631,-0.0,13.321,392.548,392.548,6900.0
0.7632,-0.0,13.075,391.871,391.871,6900.0
0.7633,-0.0,12.793,391.194,391.194,6900.0
0.7634,-0.0,12.477,390.514,390.514,6900.0
0.7635,0.984,13.111,389.84,389.84,6900.0
0.7636,9.411,21.156,389.222,389.222,6900.0
0.7637,13.32,24.652,388.694,388.694,6900.0
0.7638,15.643,26.534,388.225,388.225,6900.0
0.7639,17.633,28.056,387.811,387.811,6900.0
0.764,19.47,29.399,387.46,387.46,6900.0
0.7641,21.178,30.589,387.175,387.175,6900.0
0.7642,22.784,31.656,386.958,386.958,6900.0
0.7643,24.372,32.686,386.806,386.806,6900.0
0.7644,25.889,33.629,386.713,386.713,6900.0
0.7645,27.408,34.557,386.669,386.669,6900.0
0.7646,28.897,35.444,386.669,386.669,6900.0
0.7647,30.459,36.394,386.713,386.713,6900.0
0.7648,31.914,37.23,386.793,386.793,6900.0
0.7649,33.336,38.027,386.902,386.902,6900.0
0.765,34.998,39.061,387.042,387.042,6900.0
0.7651,36.54,39.975,387.242,387.242,6900.0
0.7652,38.236,41.045,387.519,387.519,6900.0
0.7653,39.498,41.686,387.887,387.887,6900.0
0.7654,40.628,42.202,388.321,388.321,6900.0
0.7655,41.952,42.922,388.814,388.814,6900.0
0.7656,42.967,43.345,389.387,389.387,6900.0
0.7657,44.13,43.929,390.024,390.024,6900.0
0.7658,44.878,44.116,390.73,390.73,6900.0
0.7659,45.471,44.166,391.449,391.449,6900.0
0.766,46.356,44.53,392.165,392.165,6900.0
0.7661,46.996,44.67,392.898,392.898,6900.0
0.7662,47.823,45.023,393.631,393.631,6900.0
0.7663,48.452,45.205,394.403,394.403,6900.0
0.7664,48.862,45.197,395.187,395.187,6900.0
0.7665,49.532,45.479,395.992,395.992,6900.0
0.7666,49.796,45.386,396.85,396.85,6900.0
0.7667,50.147,45.414,397.729,397.729,6900.0
0.7668,50.346,45.324,398.667,398.667,6900.0
0.7669,50.181,44.907,399.624,399.624,6900.0
0.767,50.203,44.712,400.59,400.59,6900.0
0.7671,49.846,44.176,401.561,401.561,6900.0
0.7672,49.452,43.642,402.487,402.487,6900.0
0.7673,49.264,43.351,403.384,403.384,6900.0
0.7674,48.749,42.773,404.245,404.245,6900.0
0.7675,48.485,42.485,405.073,405.073,6900.0
0.7676,47.848,41.864,405.877,405.877,6900.0
0.7677,47.188,41.259,406.632,406.632,6900.0
0.7678,46.739,40.905,407.359,407.359,6900.0
0.7679,46.042,40.341,408.075,408.075,6900.0
0.768,45.354,39.824,408.789,408.789,6900.0
0.7681,44.349,39.028,409.493,409.493,6900.0
0.7682,43.215,38.14,410.155,410.155,6900.0
0.7683,42.227,37.434,410.766,410.766,6900.0
0.7684,41.092,36.616,411.333,411.333,6900.0
0.7685,39.929,35.802,411.854,411.854,6900.0
0.7686,38.631,34.886,412.317,412.317,6900.0
0.7687,37.302,33.969,412.711,412.711,6900.0
0.7688,36.016,33.125,413.036,413.036,6900.0
0.7689,34.752,32.329,413.299,413.299,6900.0
0.769,33.447,31.519,413.506,413.506,6900.0
0.7691,32.102,30.691,413.666,413.666,6900.0
0.7692,30.755,29.883,413.786,413.786,6900.0
0.7693,29.222,28.908,413.87,413.87,6900.0
0.7694,27.62,27.881,413.904,413.904,6900.0
0.7695,26.057,26.907,413.882,413.882,6900.0
0.7696,24.556,26.009,413.811,413.811,6900.0
0.7697,23.027,25.092,413.7,413.7,6900.0
0.7698,21.339,24.023,413.551,413.551,6900.0
0.7699,19.307,22.616,413.339,413.339,6900.0
0.77,17.564,21.502,413.047,413.047,6900.0
0.7701,16.104,20.669,412.7,412.7,6900.0
0.7702,14.715,19.906,412.316,412.316,6900.0
0.7703,13.128,18.94,411.91,411.91,6900.0
0.7704,11.185,17.611,411.469,411.469,6900.0
0.7705,9.448,16.479,410.981,410.981,6900.0
0.7706,7.905,15.528,410.464,410.464,6900.0
0.7707,6.279,14.48,409.918,409.918,6900.0
0.7708,4.663,13.425,409.35,409.35,6900.0
0.7709,2.729,12.034,408.754,408.754,6900.0
0.771,0.91,10.737,408.13,408.13,6900.0
0.7711,-0.0,10.325,407.486,407.486,6900.0
0.7712,-0.0,10.799,406.837,406.837,6900.0
0.7713,-0.0,11.246,406.184,406.184,6900.0
0.7714,-0.0,11.665,405.53,405.53,6900.0
0.7715,-0.0,12.053,404.875,404.875,6900.0
0.7716,-0.0,12.409,404.219,404.219,6900.0
0.7717,-0.0,12.732,403.562,403.562,6900.0
0.7718,-0.0,13.021,402.904,402.904,6900.0
0.7719,-0.0,13.274,402.244,402.244,6900.0
0.772,0.111,13.602,401.584,401.584,6900.0
0.7721,0.0,13.67,400.922,400.922,6900.0
0.7722,0.0,13.811,400.259,400.259,6900.0
0.7723,0.0,13.913,399.596,399.596,6900.0
0.7724,0.0,13.976,398.931,398.931,6900.0
0.7725,0.0,14.0,398.265,398.265,6900.0
0.7726,0.0,13.984,397.598,397.598,6900.0
0.7727,0.0,13.929,396.93,396.93,6900.0
0.7728,0.0,13.835,396.26,396.26,6900.0
0.7729,0.0,13.701,395.59,395.59,6900.0
0.773,0.0,13.53,394.918,394.918,6900.0
0.7731,0.0,13.321,394.246,394.246,6900.0
0.7732,0.0,13.075,393.572,393.572,6900.0
0.7733,0.0,12.793,392.897,392.897,6900.0
0.7734,0.0,12.477,392.22,392.22,6900.0
0.7735,0.0,12.127,391.543,391.543,6900.0
0.7736,0.0,11.745,390.865,390.865,6900.0
0.7737,0.0,11.333,390.186,390.186,6900.0
0.7738,-22.783,-11.892,389.51,389.51,6900.0
0.7739,-48.245,-37.822,388.931,388.931,6900.0
0.774,-43.339,-33.41,389.173,389.173,6900.0
0.7741,-41.647,-32.236,389.281,389.281,6900.0
0.7742,-41.911,-33.038,389.379,389.379,6900.0
0.7743,-42.438,-34.124,389.546,389.546,6900.0
0.7744,-42.967,-35.228,389.805,389.805,6900.0
0.7745,-43.371,-36.221,390.164,390.164,6900.0
0.7746,-43.459,-36.911,390.615,390.615,6900.0
0.7747,-43.391,-37.455,391.113,391.113,6900.0
0.7748,-43.241,-37.925,391.619,391.619,6900.0
0.7749,-43.281,-38.59,392.117,392.117,6900.0
0.775,-43.297,-39.234,392.603,392.603,6900.0
0.7751,-43.29,-39.855,393.081,393.081,6900.0
0.7752,-43.222,-40.413,393.537,393.537,6900.0
0.7753,-43.258,-41.07,393.968,393.968,6900.0
0.7754,-43.474,-41.9,394.415,394.415,6900.0
0.7755,-43.648,-42.678,394.9,394.9,6900.0
0.7756,-43.715,-43.338,395.463,395.463,6900.0
0.7757,-43.388,-43.589,396.087,396.087,6900.0
0.7758,-43.073,-43.835,396.734,396.734,6900.0
0.7759,-42.813,-44.118,397.421,397.421,6900.0
0.776,-42.358,-44.185,398.121,398.121,6900.0
0.7761,-42.037,-44.362,398.833,398.833,6900.0
0.7762,-41.34,-44.139,399.529,399.529,6900.0
0.7763,-40.859,-44.106,400.164,400.164,6900.0
0.7764,-40.533,-44.198,400.763,400.763,6900.0
0.7765,-40.089,-44.142,401.32,401.32,6900.0
0.7766,-39.985,-44.395,401.852,401.852,6900.0
0.7767,-39.622,-44.355,402.385,402.385,6900.0
0.7768,-39.389,-44.41,402.906,402.906,6900.0
0.7769,-39.136,-44.411,403.455,403.455,6900.0
0.777,-38.606,-44.097,404.017,404.017,6900.0
0.7771,-38.378,-44.048,404.586,404.586,6900.0
0.7772,-37.814,-43.625,405.178,405.178,6900.0
0.7773,-37.325,-43.238,405.754,405.754,6900.0
0.7774,-36.73,-42.706,406.324,406.324,6900.0
0.7775,-36.01,-42.01,406.851,406.851,6900.0
0.7776,-35.56,-41.544,407.315,407.315,6900.0
0.7777,-35.099,-41.028,407.741,407.741,6900.0
0.7778,-34.778,-40.612,408.12,408.12,6900.0
0.7779,-34.46,-40.161,408.474,408.474,6900.0
0.778,-34.07,-39.599,408.8,408.8,6900.0
0.7781,-33.827,-39.147,409.097,409.097,6900.0
0.7782,-33.585,-38.659,409.395,409.395,6900.0
0.7783,-33.394,-38.187,409.696,409.696,6900.0
0.7784,-32.981,-37.458,410.012,410.012,6900.0
0.7785,-32.46,-36.587,410.319,410.319,6900.0
0.7786,-31.958,-35.703,410.598,410.598,6900.0
0.7787,-31.518,-34.851,410.848,410.848,6900.0
0.7788,-31.081,-33.973,411.059,411.059,6900.0
0.7789,-30.654,-33.077,411.229,411.229,6900.0
0.779,-30.294,-32.222,411.354,411.354,6900.0
0.7791,-30.033,-31.444,411.44,411.44,6900.0
0.7792,-29.681,-30.554,411.488,411.488,6900.0
0.7793,-29.347,-29.661,411.499,411.499,6900.0
0.7794,-29.188,-28.927,411.48,411.48,6900.0
0.7795,-29.034,-28.184,411.453,411.453,6900.0
0.7796,-28.845,-27.392,411.429,411.429,6900.0
0.7797,-28.328,-26.264,411.402,411.402,6900.0
0.7798,-27.708,-25.023,411.342,411.342,6900.0
0.7799,-27.371,-24.061,411.241,411.241,6900.0
0.78,-27.13,-23.193,411.12,411.12,6900.0
0.7801,-26.815,-22.25,410.989,410.989,6900.0
0.7802,-26.12,-20.929,410.837,410.837,6900.0
0.7803,-25.304,-19.492,410.622,410.622,6900.0
0.7804,-24.964,-18.538,410.34,410.34,6900.0
0.7805,-24.566,-17.536,410.019,410.019,6900.0
0.7806,-24.421,-16.798,409.669,409.669,6900.0
0.7807,-23.875,-15.675,409.309,409.309,6900.0
0.7808,-23.176,-14.414,408.917,408.917,6900.0
0.7809,-22.815,-13.51,408.496,408.496,6900.0
0.781,-22.177,-12.35,408.065,408.065,6900.0
0.7811,-21.694,-11.368,407.62,407.62,6900.0
0.7812,-20.912,-10.112,407.168,407.168,6900.0
0.7813,-19.966,-8.719,406.69,406.69,6900.0
0.7814,-19.145,-7.481,406.178,406.178,6900.0
0.7815,-18.274,-6.221,405.636,405.636,6900.0
0.7816,-17.359,-4.95,405.061,405.061,6900.0
0.7817,-16.479,-3.746,404.456,404.456,6900.0
0.7818,-15.745,-2.724,403.825,403.825,6900.0
0.7819,-14.761,-1.487,403.176,403.176,6900.0
0.782,-0.0,13.491,402.568,402.568,6900.0
0.7821,-0.0,13.67,401.908,401.908,6900.0
0.7822,-0.0,13.811,401.247,401.247,6900.0
0.7823,-0.0,13.913,400.584,400.584,6900.0
0.7824,-0.0,13.976,399.921,399.921,6900.0
0.7825,-0.0,13.999,399.257,399.257,6900.0
0.7826,-0.0,13.984,398.591,398.591,6900.0
0.7827,-0.0,13.929,397.925,397.925,6900.0
0.7828,-0.0,13.834,397.257,397.257,6900.0
0.7829,-0.0,13.701,396.589,396.589,6900.0
0.783,-0.0,13.53,395.919,395.919,6900.0
0.7831,-0.0,13.321,395.248,395.248,6900.0
0.7832,-0.0,13.075,394.575,394.575,6900.0
0.7833,-0.0,12.793,393.902,393.902,6900.0
0.7834,-0.0,12.477,393.228,393.228,6900.0
0.7835,-0.0,12.127,392.552,392.552,6900.0
0.7836,1.785,13.53,391.883,391.883,6900.0
0.7837,10.289,21.622,391.286,391.286,6900.0
0.7838,13.726,24.617,390.795,390.795,6900.0
0.7839,15.74,26.163,390.359,390.359,6900.0
0.784,17.537,27.465,389.972,389.972,6900.0
0.7841,19.309,28.72,389.641,389.641,6900.0
0.7842,20.929,29.802,389.373,389.373,6900.0
0.7843,22.478,30.793,389.169,389.169,6900.0
0.7844,23.979,31.719,389.026,389.026,6900.0
0.7845,25.396,32.546,388.937,388.937,6900.0
0.7846,26.788,33.336,388.893,388.893,6900.0
0.7847,28.225,34.16,388.885,388.885,6900.0
0.7848,29.712,35.027,388.915,388.915,6900.0
0.7849,31.239,35.93,388.992,388.992,6900.0
0.785,32.592,36.655,389.116,389.116,6900.0
0.7851,33.929,37.363,389.275,389.275,6900.0
0.7852,35.464,38.273,389.475,389.475,6900.0
0.7853,36.81,38.998,389.745,389.745,6900.0
0.7854,38.295,39.869,390.093,390.093,6900.0
0.7855,39.322,40.291,390.531,390.531,6900.0
0.7856,40.222,40.599,391.02,391.02,6900.0
0.7857,41.292,41.091,391.551,391.551,6900.0
0.7858,42.114,41.351,392.137,392.137,6900.0
0.7859,43.089,41.784,392.759,392.759,6900.0
0.786,43.751,41.924,393.431,393.431,6900.0
0.7861,44.22,41.894,394.106,394.106,6900.0
0.7862,45.015,42.215,394.777,394.777,6900.0
0.7863,45.535,42.288,395.471,395.471,6900.0
0.7864,46.166,42.502,396.169,396.169,6900.0
0.7865,46.691,42.638,396.913,396.913,6900.0
0.7866,46.916,42.506,397.678,397.678,6900.0
0.7867,47.348,42.615,398.469,398.469,6900.0
0.7868,47.427,42.406,399.3,399.3,6900.0
0.7869,47.429,42.155,400.138,400.138,6900.0
0.787,47.453,41.962,401.002,401.002,6900.0
0.7871,47.158,41.488,401.864,401.864,6900.0
0.7872,47.048,41.237,402.716,402.716,6900.0
0.7873,46.605,40.691,403.556,403.556,6900.0
0.7874,46.103,40.127,404.343,404.343,6900.0
0.7875,45.858,39.858,405.095,405.095,6900.0
0.7876,45.328,39.344,405.818,405.818,6900.0
0.7877,44.907,38.978,406.522,406.522,6900.0
0.7878,44.226,38.392,407.208,407.208,6900.0
0.7879,43.413,37.712,407.856,407.856,6900.0
0.788,42.823,37.293,408.473,408.473,6900.0
0.7881,42.006,36.685,409.073,409.073,6900.0
0.7882,41.145,36.07,409.661,409.661,6900.0
0.7883,40.05,35.257,410.222,410.222,6900.0
0.7884,38.855,34.379,410.73,410.73,6900.0
0.7885,37.769,33.642,411.178,411.178,6900.0
0.7886,36.595,32.85,411.573,411.573,6900.0
0.7887,35.439,32.106,411.915,411.915,6900.0
0.7888,34.175,31.284,412.202,412.202,6900.0
0.7889,32.931,30.508,412.433,412.433,6900.0
0.789,31.61,29.681,412.609,412.609,6900.0
0.7891,30.265,28.854,412.733,412.733,6900.0
0.7892,28.934,28.061,412.805,412.805,6900.0
0.7893,27.601,27.286,412.834,412.834,6900.0
0.7894,26.192,26.452,412.828,412.828,6900.0
0.7895,24.675,25.526,412.786,412.786,6900.0
0.7896,22.992,24.445,412.692,412.692,6900.0
0.7897,21.363,23.427,412.533,412.533,6900.0
0.7898,19.952,22.636,412.322,412.322,6900.0
0.7899,18.568,21.877,412.074,412.074,6900.0
0.79,16.957,20.894,411.796,411.796,6900.0
0.7901,14.964,19.529,411.465,411.465,6900.0
0.7902,13.24,18.431,411.067,411.067,6900.0
0.7903,11.848,17.66,410.624,410.624,6900.0
0.7904,10.457,16.882,410.15,410.15,6900.0
0.7905,8.974,16.005,409.655,409.655,6900.0
0.7906,7.155,14.777,409.131,409.131,6900.0
0.7907,5.451,13.652,408.571,408.571,6900.0
0.7908,3.965,12.728,407.987,407.987,6900.0
0.7909,2.365,11.67,407.378,407.378,6900.0
0.791,0.79,10.617,406.75,406.75,6900.0
0.7911,-0.0,10.325,406.104,406.104,6900.0
0.7912,-0.0,10.799,405.452,405.452,6900.0
0.7913,-0.0,11.246,404.798,404.798,6900.0
0.7914,-0.0,11.665,404.142,404.142,6900.0
0.7915,-0.0,12.053,403.484,403.484,6900.0
0.7916,-0.0,12.409,402.826,402.826,6900.0
0.7917,-0.0,12.732,402.166,402.166,6900.0
0.7918,-0.0,13.021,401.506,401.506,6900.0
0.7919,-0.0,13.274,400.844,400.844,6900.0
0.792,0.0,13.491,400.181,400.181,6900.0
0.7921,0.0,13.67,399.517,399.517,6900.0
0.7922,0.0,13.811,398.852,398.852,6900.0
0.7923,0.0,13.913,398.186,398.186,6900.0
0.7924,0.0,13.976,397.519,397.519,6900.0
0.7925,0.0,14.0,396.851,396.851,6900.0
0.7926,0.0,13.984,396.181,396.181,6900.0
0.7927,0.0,13.929,395.511,395.511,6900.0
0.7928,0.0,13.835,394.839,394.839,6900.0
0.7929,0.0,13.701,394.166,394.166,6900.0
0.793,0.0,13.53,393.492,393.492,6900.0
0.7931,0.0,13.321,392.817,392.817,6900.0
0.7932,0.0,13.075,392.141,392.141,6900.0
0.7933,0.0,12.793,391.463,391.463,6900.0
0.7934,0.0,12.477,390.784,390.784,6900.0
0.7935,0.0,12.127,390.105,390.105,6900.0
0.7936,0.0,11.745,389.423,389.423,6900.0
0.7937,0.0,11.333,388.741,388.741,6900.0
0.7938,-11.342,-0.451,388.065,388.065,6900.0
0.7939,-40.279,-29.856,387.38,387.38,6900.0
0.794,-44.59,-34.662,387.369,387.369,6900.0
0.7941,-41.286,-31.875,387.519,387.519,6900.0
0.7942,-41.08,-32.207,387.606,387.606,6900.0
0.7943,-41.541,-33.226,387.742,387.742,6900.0
0.7944,-41.984,-34.245,387.959,387.959,6900.0
0.7945,-42.255,-35.105,388.261,388.261,6900.0
0.7946,-42.534,-35.986,388.644,388.644,6900.0
0.7947,-42.681,-36.745,389.098,389.098,6900.0
0.7948,-42.607,-37.291,389.606,389.606,6900.0
0.7949,-42.382,-37.691,390.122,390.122,6900.0
0.795,-42.17,-38.107,390.61,390.61,6900.0
0.7951,-42.227,-38.792,391.07,391.07,6900.0
0.7952,-42.307,-39.498,391.509,391.509,6900.0
0.7953,-42.317,-40.13,391.953,391.953,6900.0
0.7954,-42.272,-40.698,392.397,392.397,6900.0
0.7955,-42.303,-41.334,392.839,392.839,6900.0
0.7956,-42.457,-42.079,393.322,393.322,6900.0
0.7957,-42.43,-42.631,393.86,393.86,6900.0
0.7958,-42.352,-43.114,394.477,394.477,6900.0
0.7959,-41.889,-43.194,395.144,395.144,6900.0
0.796,-41.416,-43.243,395.814,395.814,6900.0
0.7961,-41.051,-43.377,396.493,396.493,6900.0
0.7962,-40.47,-43.269,397.155,397.155,6900.0
0.7963,-40.186,-43.432,397.794,397.794,6900.0
0.7964,-39.595,-43.26,398.403,398.403,6900.0
0.7965,-39.206,-43.259,398.951,398.951,6900.0
0.7966,-38.985,-43.395,399.474,399.474,6900.0
0.7967,-38.608,-43.341,399.971,399.971,6900.0
0.7968,-38.583,-43.604,400.461,400.461,6900.0
0.7969,-38.204,-43.479,400.973,400.973,6900.0
0.797,-37.976,-43.467,401.487,401.487,6900.0
0.7971,-37.636,-43.306,402.037,402.037,6900.0
0.7972,-37.035,-42.846,402.592,402.592,6900.0
0.7973,-36.676,-42.589,403.136,403.136,6900.0
0.7974,-36.112,-42.088,403.679,403.679,6900.0
0.7975,-35.63,-41.63,404.19,404.19,6900.0
0.7976,-35.116,-41.1,404.675,404.675,6900.0
0.7977,-34.5,-40.429,405.11,405.11,6900.0
0.7978,-34.163,-39.997,405.483,405.483,6900.0
0.7979,-33.832,-39.533,405.823,405.823,6900.0
0.798,-33.688,-39.218,406.131,406.131,6900.0
0.7981,-33.448,-38.769,406.432,406.432,6900.0
0.7982,-33.089,-38.164,406.721,406.721,6900.0
0.7983,-32.81,-37.603,406.993,406.993,6900.0
0.7984,-32.557,-37.034,407.267,407.267,6900.0
0.7985,-32.317,-36.444,407.543,407.543,6900.0
0.7986,-31.882,-35.627,407.82,407.82,6900.0
0.7987,-31.428,-34.76,408.077,408.077,6900.0
0.7988,-30.927,-33.819,408.299,408.299,6900.0
0.7989,-30.516,-32.939,408.479,408.479,6900.0
0.799,-30.108,-32.037,408.611,408.611,6900.0
0.7991,-29.813,-31.224,408.696,408.696,6900.0
0.7992,-29.584,-30.456,408.744,408.744,6900.0
0.7993,-29.433,-29.748,408.764,408.764,6900.0
0.7994,-29.127,-28.866,408.761,408.761,6900.0
0.7995,-28.778,-27.927,408.729,408.729,6900.0
0.7996,-28.632,-27.179,408.672,408.672,6900.0
0.7997,-28.456,-26.392,408.612,408.612,6900.0
0.7998,-28.274,-25.589,408.557,408.557,6900.0
0.7999,-27.635,-24.326,408.498,408.498,6900.0
0.8,-26.887,-22.949,408.39,408.39,6900.0
0.8001,-26.548,-21.983,408.225,408.225,6900.0
0.8002,-26.293,-21.102,408.027,408.027,6900.0
0.8003,-26.049,-20.237,407.811,407.811,6900.0
0.8004,-25.454,-19.028,407.575,407.575,6900.0
0.8005,-24.661,-17.631,407.287,407.287,6900.0
0.8006,-24.389,-16.766,406.944,406.944,6900.0
0.8007,-23.963,-15.762,406.574,406.574,6900.0
0.8008,-23.712,-14.95,406.184,406.184,6900.0
0.8009,-23.086,-13.781,405.787,405.787,6900.0
0.801,-22.322,-12.495,405.363,405.363,6900.0
0.8011,-21.798,-11.473,404.908,404.908,6900.0
0.8012,-21.068,-10.269,404.436,404.436,6900.0
0.8013,-20.42,-9.174,403.94,403.94,6900.0
0.8014,-19.593,-7.928,403.425,403.425,6900.0
0.8015,-18.639,-6.586,402.883,402.883,6900.0
0.8016,-17.764,-5.355,402.308,402.308,6900.0
0.8017,-16.878,-4.146,401.707,401.707,6900.0
0.8018,-16.144,-3.122,401.077,401.077,6900.0
0.8019,-14.94,-1.666,400.43,400.43,6900.0
0.802,-0.0,13.491,399.824,399.824,6900.0
0.8021,-0.0,13.67,399.159,399.159,6900.0
0.8022,-0.0,13.811,398.493,398.493,6900.0
0.8023,-0.0,13.913,397.827,397.827,6900.0
0.8024,-0.0,13.976,397.159,397.159,6900.0
0.8025,-0.0,14.0,396.49,396.49,6900.0
0.8026,-0.0,13.984,395.82,395.82,6900.0
0.8027,-0.0,13.929,395.149,395.149,6900.0
0.8028,-0.0,13.834,394.476,394.476,6900.0
0.8029,-0.0,13.701,393.803,393.803,6900.0
0.803,-0.0,13.53,393.128,393.128,6900.0
0.8031,-0.0,13.321,392.453,392.453,6900.0
0.8032,-0.0,13.075,391.776,391.776,6900.0
0.8033,-0.0,12.793,391.097,391.097,6900.0
0.8034,-0.0,12.477,390.418,390.418,6900.0
0.8035,-0.0,12.127,389.738,389.738,6900.0
0.8036,4.61,16.355,389.074,389.074,6900.0
0.8037,11.396,22.729,388.494,388.494,6900.0
0.8038,14.382,25.274,388.003,388.003,6900.0
0.8039,16.333,26.755,387.575,387.575,6900.0
0.804,18.008,27.937,387.198,387.198,6900.0
0.8041,19.669,29.08,386.874,386.874,6900.0
0.8042,21.346,30.218,386.609,386.609,6900.0
0.8043,22.946,31.261,386.408,386.408,6900.0
0.8044,24.496,32.236,386.269,386.269,6900.0
0.8045,26.004,33.154,386.188,386.188,6900.0
0.8046,27.477,34.024,386.162,386.162,6900.0
0.8047,28.859,34.795,386.181,386.181,6900.0
0.8048,30.234,35.549,386.23,386.23,6900.0
0.8049,31.75,36.44,386.308,386.308,6900.0
0.805,33.257,37.319,386.428,386.428,6900.0
0.8051,34.88,38.315,386.605,386.605,6900.0
0.8052,36.229,39.038,386.849,386.849,6900.0
0.8053,37.443,39.631,387.145,387.145,6900.0
0.8054,38.901,40.475,387.493,387.493,6900.0
0.8055,40.07,41.04,387.924,387.924,6900.0
0.8056,41.409,41.786,388.432,388.432,6900.0
0.8057,42.246,42.045,389.028,389.028,6900.0
0.8058,42.917,42.154,389.658,389.658,6900.0
0.8059,43.85,42.545,390.306,390.306,6900.0
0.806,44.543,42.716,390.988,390.988,6900.0
0.8061,45.381,43.056,391.681,391.681,6900.0
0.8062,46.03,43.231,392.409,392.409,6900.0
0.8063,46.42,43.174,393.138,393.138,6900.0
0.8064,47.152,43.487,393.868,393.868,6900.0
0.8065,47.586,43.533,394.631,394.631,6900.0
0.8066,48.087,43.677,395.409,395.409,6900.0
0.8067,48.437,43.704,396.243,396.243,6900.0
0.8068,48.429,43.407,397.104,397.104,6900.0
0.8069,48.7,43.426,397.989,397.989,6900.0
0.807,48.471,42.98,398.905,398.905,6900.0
0.8071,48.265,42.595,399.799,399.799,6900.0
0.8072,48.113,42.302,400.691,400.691,6900.0
0.8073,47.662,41.749,401.558,401.558,6900.0
0.8074,47.437,41.461,402.397,402.397,6900.0
0.8075,46.88,40.88,403.209,403.209,6900.0
0.8076,46.276,40.292,403.963,403.963,6900.0
0.8077,45.944,40.016,404.68,404.68,6900.0
0.8078,45.307,39.473,405.377,405.377,6900.0
0.8079,44.805,39.104,406.064,406.064,6900.0
0.808,43.958,38.428,406.743,406.743,6900.0
0.8081,42.962,37.642,407.386,407.386,6900.0
0.8082,42.155,37.08,407.991,407.991,6900.0
0.8083,41.167,36.374,408.569,408.569,6900.0
0.8084,40.127,35.65,409.118,409.118,6900.0
0.8085,38.896,34.769,409.623,409.623,6900.0
0.8086,37.62,33.875,410.063,410.063,6900.0
0.8087,36.377,33.045,410.434,410.434,6900.0
0.8088,35.171,32.28,410.742,410.742,6900.0
0.8089,33.942,31.519,410.992,410.992,6900.0
0.809,32.633,30.704,411.19,411.19,6900.0
0.8091,31.342,29.931,411.339,411.339,6900.0
0.8092,29.936,29.064,411.445,411.445,6900.0
0.8093,28.482,28.168,411.503,411.503,6900.0
0.8094,27.042,27.302,411.509,411.509,6900.0
0.8095,25.6,26.45,411.472,411.472,6900.0
0.8096,24.18,25.632,411.398,411.398,6900.0
0.8097,22.53,24.595,411.289,411.289,6900.0
0.8098,20.647,23.331,411.121,411.121,6900.0
0.8099,18.941,22.25,410.879,410.879,6900.0
0.81,17.542,21.479,410.582,410.582,6900.0
0.8101,16.143,20.708,410.25,410.25,6900.0
0.8102,14.606,19.797,409.891,409.891,6900.0
0.8103,12.604,18.416,409.49,409.49,6900.0
0.8104,10.847,17.273,409.033,409.033,6900.0
0.8105,9.372,16.402,408.539,408.539,6900.0
0.8106,7.881,15.504,408.014,408.014,6900.0
0.8107,6.357,14.558,407.467,407.467,6900.0
0.8108,4.462,13.224,406.892,406.892,6900.0
0.8109,2.732,12.038,406.286,406.286,6900.0
0.811,1.208,11.035,405.659,405.659,6900.0
0.8111,-0.0,10.325,405.012,405.012,6900.0
0.8112,-0.0,10.799,404.36,404.36,6900.0
0.8113,-0.0,11.246,403.704,403.704,6900.0
0.8114,-0.0,11.665,403.046,403.046,6900.0
0.8115,-0.0,12.053,402.387,402.387,6900.0
0.8116,-0.0,12.409,401.727,401.727,6900.0
0.8117,-0.0,12.732,401.065,401.065,6900.0
0.8118,-0.0,13.021,400.403,400.403,6900.0
0.8119,-0.0,13.274,399.739,399.739,6900.0
0.812,0.0,13.491,399.075,399.075,6900.0
0.8121,0.0,13.67,398.409,398.409,6900.0
0.8122,0.0,13.811,397.742,397.742,6900.0
0.8123,0.0,13.913,397.074,397.074,6900.0
0.8124,0.0,13.976,396.405,396.405,6900.0
0.8125,0.0,14.0,395.735,395.735,6900.0
0.8126,0.0,13.984,395.064,395.064,6900.0
0.8127,0.0,13.929,394.391,394.391,6900.0
0.8128,0.0,13.835,393.717,393.717,6900.0
0.8129,0.0,13.701,393.043,393.043,6900.0
0.813,0.0,13.53,392.367,392.367,6900.0
0.8131,0.0,13.321,391.69,391.69,6900.0
0.8132,0.0,13.075,391.011,391.011,6900.0
0.8133,0.0,12.793,390.332,390.332,6900.0
0.8134,0.0,12.477,389.651,389.651,6900.0
0.8135,0.0,12.127,388.969,388.969,6900.0
0.8136,0.0,11.745,388.286,388.286,6900.0
0.8137,0.0,11.333,387.603,387.603,6900.0
0.8138,-22.277,-11.386,386.923,386.923,6900.0
0.8139,-47.36,-36.937,386.331,386.331,6900.0
0.814,-42.956,-33.028,386.525,386.525,6900.0
0.8141,-41.431,-32.019,386.607,386.607,6900.0
0.8142,-41.786,-32.914,386.691,386.691,6900.0
0.8143,-42.333,-34.019,386.86,386.86,6900.0
0.8144,-42.857,-35.117,387.131,387.131,6900.0
0.8145,-43.125,-35.975,387.507,387.507,6900.0
0.8146,-43.186,-36.638,387.955,387.955,6900.0
0.8147,-43.104,-37.168,388.437,388.437,6900.0
0.8148,-43.19,-37.874,388.929,388.929,6900.0
0.8149,-43.175,-38.485,389.422,389.422,6900.0
0.815,-43.159,-39.096,389.905,389.905,6900.0
0.8151,-43.085,-39.65,390.363,390.363,6900.0
0.8152,-43.11,-40.301,390.786,390.786,6900.0
0.8153,-43.409,-41.221,391.208,391.208,6900.0
0.8154,-43.629,-42.055,391.662,391.662,6900.0
0.8155,-43.737,-42.768,392.185,392.185,6900.0
0.8156,-43.552,-43.175,392.765,392.765,6900.0
0.8157,-43.355,-43.556,393.376,393.376,6900.0
0.8158,-43.242,-44.004,394.037,394.037,6900.0
0.8159,-42.879,-44.185,394.73,394.73,6900.0
0.816,-42.57,-44.397,395.454,395.454,6900.0
0.8161,-41.949,-44.275,396.173,396.173,6900.0
0.8162,-41.432,-44.232,396.841,396.841,6900.0
0.8163,-41.089,-44.336,397.474,397.474,6900.0
0.8164,-40.678,-44.343,398.062,398.062,6900.0
0.8165,-40.557,-44.61,398.626,398.626,6900.0
0.8166,-40.179,-44.589,399.18,399.18,6900.0
0.8167,-39.954,-44.686,399.713,399.713,6900.0
0.8168,-39.802,-44.824,400.265,400.265,6900.0
0.8169,-39.349,-44.624,400.831,400.831,6900.0
0.817,-39.183,-44.674,401.41,401.41,6900.0
0.8171,-38.652,-44.322,402.019,402.019,6900.0
0.8172,-38.211,-44.022,402.619,402.619,6900.0
0.8173,-37.698,-43.611,403.223,403.223,6900.0
0.8174,-36.942,-42.918,403.794,403.794,6900.0
0.8175,-36.534,-42.534,404.309,404.309,6900.0
0.8176,-36.059,-42.043,404.789,404.789,6900.0
0.8177,-35.706,-41.635,405.22,405.22,6900.0
0.8178,-35.331,-41.165,405.624,405.624,6900.0
0.8179,-34.939,-40.64,405.992,405.992,6900.0
0.818,-34.688,-40.218,406.326,406.326,6900.0
0.8181,-34.482,-39.803,406.656,406.656,6900.0
0.8182,-34.296,-39.371,406.988,406.988,6900.0
0.8183,-33.948,-38.741,407.332,407.332,6900.0
0.8184,-33.457,-37.934,407.671,407.671,6900.0
0.8185,-32.948,-37.075,407.985,407.985,6900.0
0.8186,-32.569,-36.314,408.276,408.276,6900.0
0.8187,-32.16,-35.492,408.535,408.535,6900.0
0.8188,-31.717,-34.608,408.761,408.761,6900.0
0.8189,-31.33,-33.753,408.944,408.944,6900.0
0.819,-30.957,-32.886,409.085,409.085,6900.0
0.8191,-30.642,-32.053,409.184,409.184,6900.0
0.8192,-30.325,-31.198,409.245,409.245,6900.0
0.8193,-30.104,-30.418,409.274,409.274,6900.0
0.8194,-29.95,-29.69,409.288,409.288,6900.0
0.8195,-29.754,-28.904,409.298,409.298,6900.0
0.8196,-29.321,-27.869,409.301,409.301,6900.0
0.8197,-28.768,-26.704,409.275,409.275,6900.0
0.8198,-28.454,-25.77,409.213,409.213,6900.0
0.8199,-28.191,-24.881,409.133,409.133,6900.0
0.82,-27.876,-23.939,409.045,409.045,6900.0
0.8201,-27.164,-22.599,408.936,408.936,6900.0
0.8202,-26.318,-21.127,408.761,408.761,6900.0
0.8203,-26.012,-20.2,408.514,408.514,6900.0
0.8204,-25.71,-19.284,408.23,408.23,6900.0
0.8205,-25.548,-18.518,407.922,407.922,6900.0
0.8206,-24.975,-17.352,407.606,407.606,6900.0
0.8207,-24.218,-16.017,407.257,407.257,6900.0
0.8208,-23.877,-15.115,406.872,406.872,6900.0
0.8209,-23.286,-13.981,406.476,406.476,6900.0
0.821,-22.85,-13.023,406.066,406.066,6900.0
0.8211,-22.085,-11.759,405.648,405.648,6900.0
0.8212,-21.107,-10.308,405.202,405.202,6900.0
0.8213,-20.359,-9.113,404.716,404.716,6900.0
0.8214,-19.471,-7.806,404.199,404.199,6900.0
0.8215,-18.665,-6.612,403.646,403.646,6900.0
0.8216,-17.793,-5.384,403.064,403.064,6900.0
0.8217,-16.888,-4.155,402.454,402.454,6900.0
0.8218,-16.165,-3.144,401.82,401.82,6900.0
0.8219,-15.069,-1.794,401.17,401.17,6900.0
0.822,-1.898,11.593,400.562,400.562,6900.0
0.8221,-0.0,13.67,399.9,399.9,6900.0
0.8222,-0.0,13.811,399.236,399.236,6900.0
0.8223,-0.0,13.913,398.57,398.57,6900.0
0.8224,-0.0,13.976,397.904,397.904,6900.0
0.8225,-0.0,14.0,397.236,397.236,6900.0
0.8226,-0.0,13.984,396.567,396.567,6900.0
0.8227,-0.0,13.929,395.897,395.897,6900.0
0.8228,-0.0,13.834,395.226,395.226,6900.0
0.8229,-0.0,13.701,394.554,394.554,6900.0
0.823,-0.0,13.53,393.88,393.88,6900.0
0.8231,-0.0,13.321,393.206,393.206,6900.0
0.8232,-0.0,13.075,392.53,392.53,6900.0
0.8233,-0.0,12.793,391.854,391.854,6900.0
0.8234,-0.0,12.477,391.176,391.176,6900.0
0.8235,-0.0,12.127,390.497,390.497,6900.0
0.8236,5.426,17.171,389.84,389.84,6900.0
0.8237,11.675,23.008,389.279,389.279,6900.0
0.8238,14.361,25.252,388.795,388.795,6900.0
0.8239,16.394,26.816,388.36,388.36,6900.0
0.824,18.247,28.175,387.979,387.979,6900.0
0.8241,20.005,29.416,387.659,387.659,6900.0
0.8242,21.656,30.529,387.402,387.402,6900.0
0.8243,23.222,31.536,387.209,387.209,6900.0
0.8244,24.756,32.495,387.076,387.076,6900.0
0.8245,26.215,33.365,386.999,386.999,6900.0
0.8246,27.731,34.279,386.967,386.967,6900.0
0.8247,29.205,35.141,386.981,386.981,6900.0
0.8248,30.7,36.015,387.04,387.04,6900.0
0.8249,32.15,36.841,387.138,387.138,6900.0
0.825,33.553,37.616,387.269,387.269,6900.0
0.8251,35.12,38.555,387.435,387.435,6900.0
0.8252,36.572,39.381,387.664,387.664,6900.0
0.8253,38.146,40.334,387.972,387.972,6900.0
0.8254,39.335,40.909,388.368,388.368,6900.0
0.8255,40.37,41.339,388.824,388.824,6900.0
0.8256,41.585,41.962,389.33,389.33,6900.0
0.8257,42.527,42.327,389.905,389.905,6900.0
0.8258,43.571,42.809,390.53,390.53,6900.0
0.8259,44.312,43.007,391.214,391.214,6900.0
0.826,44.851,43.024,391.909,391.909,6900.0
0.8261,45.71,43.384,392.603,392.603,6900.0
0.8262,46.31,43.51,393.319,393.319,6900.0
0.8263,47.073,43.826,394.04,394.04,6900.0
0.8264,47.614,43.949,394.806,394.806,6900.0
0.8265,47.922,43.869,395.586,395.586,6900.0
0.8266,48.488,44.078,396.386,396.386,6900.0
0.8267,48.669,43.936,397.231,397.231,6900.0
0.8268,48.902,43.881,398.086,398.086,6900.0
0.8269,49.012,43.737,398.988,398.988,6900.0
0.827,48.787,43.296,399.899,399.899,6900.0
0.8271,48.77,43.1,400.812,400.812,6900.0
0.8272,48.394,42.583,401.724,401.724,6900.0
0.8273,47.985,42.072,402.59,402.59,6900.0
0.8274,47.71,41.734,403.428,403.428,6900.0
0.8275,47.179,41.179,404.229,404.229,6900.0
0.8276,46.852,40.868,405.003,405.003,6900.0
0.8277,46.2,40.271,405.754,405.754,6900.0
0.8278,45.485,39.65,406.458,406.458,6900.0
0.8279,44.991,39.29,407.134,407.134,6900.0
0.828,44.222,38.692,407.797,407.797,6900.0
0.8281,43.497,38.176,408.454,408.454,6900.0
0.8282,42.442,37.367,409.096,409.096,6900.0
0.8283,41.273,36.48,409.692,409.692,6900.0
0.8284,40.256,35.779,410.233,410.233,6900.0
0.8285,39.076,34.949,410.727,410.727,6900.0
0.8286,37.914,34.169,411.169,411.169,6900.0
0.8287,36.65,33.318,411.553,411.553,6900.0
0.8288,35.341,32.45,411.873,411.873,6900.0
0.8289,34.043,31.62,412.129,412.129,6900.0
0.829,32.781,30.852,412.328,412.328,6900.0
0.8291,31.445,30.034,412.476,412.476,6900.0
0.8292,30.119,29.247,412.579,412.579,6900.0
0.8293,28.768,28.454,412.644,412.644,6900.0
0.8294,27.23,27.491,412.673,412.673,6900.0
0.8295,25.569,26.419,412.652,412.652,6900.0
0.8296,23.989,25.441,412.569,412.569,6900.0
0.8297,22.508,24.572,412.436,412.436,6900.0
0.8298,21.05,23.734,412.262,412.262,6900.0
0.8299,19.389,22.698,412.054,412.054,6900.0
0.83,17.434,21.371,411.786,411.786,6900.0
0.8301,15.669,20.234,411.445,411.445,6900.0
0.8302,14.252,19.443,411.054,411.054,6900.0
0.8303,12.867,18.68,410.63,410.63,6900.0
0.8304,11.36,17.786,410.184,410.184,6900.0
0.8305,9.457,16.487,409.706,409.706,6900.0
0.8306,7.685,15.308,409.186,409.186,6900.0
0.8307,6.198,14.399,408.637,408.637,6900.0
0.8308,4.603,13.365,408.062,408.062,6900.0
0.8309,2.989,12.294,407.466,407.466,6900.0
0.831,1.109,10.936,406.844,406.844,6900.0
0.8311,-0.0,10.325,406.199,406.199,6900.0
0.8312,-0.0,10.799,405.548,405.548,6900.0
0.8313,-0.0,11.246,404.894,404.894,6900.0
0.8314,-0.0,11.665,404.238,404.238,6900.0
0.8315,-0.0,12.053,403.581,403.581,6900.0
0.8316,-0.0,12.409,402.923,402.923,6900.0
0.8317,-0.0,12.732,402.263,402.263,6900.0
0.8318,-0.0,13.021,401.603,401.603,6900.0
0.8319,-0.0,13.274,400.942,400.942,6900.0
0.832,0.0,13.491,400.279,400.279,6900.0
0.8321,0.0,13.67,399.615,399.615,6900.0
0.8322,0.0,13.811,398.95,398.95,6900.0
0.8323,0.0,13.913,398.284,398.284,6900.0
0.8324,0.0,13.976,397.617,397.617,6900.0
0.8325,0.0,14.0,396.949,396.949,6900.0
0.8326,0.0,13.984,396.28,396.28,6900.0
0.8327,0.0,13.929,395.609,395.609,6900.0
0.8328,0.0,13.835,394.938,394.938,6900.0
0.8329,0.0,13.701,394.265,394.265,6900.0
0.833,0.0,13.53,393.591,393.591,6900.0
0.8331,0.0,13.321,392.916,392.916,6900.0
0.8332,0.0,13.075,392.24,392.24,6900.0
0.8333,0.0,12.793,391.563,391.563,6900.0
0.8334,0.0,12.477,390.884,390.884,6900.0
0.8335,0.0,12.127,390.205,390.205,6900.0
0.8336,0.0,11.745,389.524,389.524,6900.0
0.8337,0.0,11.333,388.842,388.842,6900.0
0.8338,-16.083,-5.192,388.165,388.165,6900.0
0.8339,-44.478,-34.056,387.48,387.48,6900.0
0.834,-44.534,-34.605,387.586,387.586,6900.0
0.8341,-41.596,-32.185,387.721,387.721,6900.0
0.8342,-41.591,-32.719,387.806,387.806,6900.0
0.8343,-42.096,-33.782,387.953,387.953,6900.0
0.8344,-42.53,-34.79,388.19,388.19,6900.0
0.8345,-42.959,-35.809,388.524,388.524,6900.0
0.8346,-43.204,-36.656,388.951,388.951,6900.0
0.8347,-43.17,-37.235,389.449,389.449,6900.0
0.8348,-43.04,-37.725,389.971,389.971,6900.0
0.8349,-42.835,-38.145,390.477,390.477,6900.0
0.835,-42.841,-38.778,390.956,390.956,6900.0
0.8351,-42.921,-39.486,391.407,391.407,6900.0
0.8352,-42.978,-40.169,391.85,391.85,6900.0
0.8353,-42.995,-40.807,392.28,392.28,6900.0
0.8354,-43.029,-41.455,392.703,392.703,6900.0
0.8355,-43.325,-42.355,393.16,393.16,6900.0
0.8356,-43.425,-43.048,393.679,393.679,6900.0
0.8357,-43.448,-43.649,394.29,394.29,6900.0
0.8358,-43.007,-43.77,394.967,394.967,6900.0
0.8359,-42.609,-43.914,395.658,395.658,6900.0
0.836,-42.239,-44.066,396.371,396.371,6900.0
0.8361,-41.697,-44.023,397.075,397.075,6900.0
0.8362,-41.381,-44.18,397.762,397.762,6900.0
0.8363,-40.733,-43.979,398.416,398.416,6900.0
0.8364,-40.325,-43.99,398.999,398.999,6900.0
0.8365,-40.093,-44.146,399.549,399.549,6900.0
0.8366,-39.754,-44.163,400.065,400.065,6900.0
0.8367,-39.762,-44.495,400.574,400.574,6900.0
0.8368,-39.4,-44.422,401.106,401.106,6900.0
0.8369,-39.19,-44.464,401.642,401.642,6900.0
0.837,-38.921,-44.412,402.219,402.219,6900.0
0.8371,-38.309,-43.979,402.811,402.811,6900.0
0.8372,-37.977,-43.788,403.401,403.401,6900.0
0.8373,-37.376,-43.289,403.997,403.997,6900.0
0.8374,-36.833,-42.809,404.562,404.562,6900.0
0.8375,-36.278,-42.278,405.102,405.102,6900.0
0.8376,-35.612,-41.596,405.587,405.587,6900.0
0.8377,-35.258,-41.187,406.006,406.006,6900.0
0.8378,-34.901,-40.735,406.387,406.387,6900.0
0.8379,-34.715,-40.416,406.731,406.731,6900.0
0.838,-34.438,-39.968,407.065,407.065,6900.0
0.8381,-34.093,-39.413,407.385,407.385,6900.0
0.8382,-33.822,-38.896,407.689,407.689,6900.0
0.8383,-33.613,-38.406,408.001,408.001,6900.0
0.8384,-33.338,-37.815,408.319,408.319,6900.0
0.8385,-32.897,-37.024,408.645,408.645,6900.0
0.8386,-32.353,-36.098,408.953,408.953,6900.0
0.8387,-31.81,-35.143,409.223,409.223,6900.0
0.8388,-31.359,-34.251,409.449,409.449,6900.0
0.8389,-30.964,-33.387,409.626,409.626,6900.0
0.839,-30.618,-32.547,409.755,409.755,6900.0
0.8391,-30.37,-31.781,409.841,409.841,6900.0
0.8392,-30.177,-31.049,409.895,409.895,6900.0
0.8393,-29.849,-30.164,409.923,409.923,6900.0
0.8394,-29.577,-29.317,409.925,409.925,6900.0
0.8395,-29.386,-28.536,409.907,409.907,6900.0
0.8396,-29.192,-27.74,409.886,409.886,6900.0
0.8397,-28.968,-26.904,409.869,409.869,6900.0
0.8398,-28.374,-25.69,409.847,409.847,6900.0
0.8399,-27.651,-24.341,409.78,409.78,6900.0
0.84,-27.28,-23.343,409.66,409.66,6900.0
0.8401,-27.037,-22.472,409.51,409.51,6900.0
0.8402,-26.783,-21.592,409.344,409.344,6900.0
0.8403,-26.13,-20.318,409.157,409.157,6900.0
0.8404,-25.32,-18.894,408.91,408.91,6900.0
0.8405,-25.015,-17.985,408.601,408.601,6900.0
0.8406,-24.633,-17.011,408.26,408.26,6900.0
0.8407,-24.419,-16.218,407.897,407.897,6900.0
0.8408,-23.832,-15.069,407.527,407.527,6900.0
0.8409,-23.078,-13.773,407.129,407.129,6900.0
0.841,-22.629,-12.803,406.699,406.699,6900.0
0.8411,-21.913,-11.588,406.256,406.256,6900.0
0.8412,-21.348,-10.549,405.793,405.793,6900.0
0.8413,-20.53,-9.283,405.317,405.317,6900.0
0.8414,-19.571,-7.906,404.812,404.812,6900.0
0.8415,-18.689,-6.636,404.272,404.272,6900.0
0.8416,-17.78,-5.37,403.702,403.702,6900.0
0.8417,-16.854,-4.121,403.102,403.102,6900.0
0.8418,-16.39,-3.368,402.47,402.47,6900.0
0.8419,-15.211,-1.936,401.826,401.826,6900.0
0.842,-2.231,11.26,401.221,401.221,6900.0
0.8421,-0.0,13.67,400.56,400.56,6900.0
0.8422,-0.0,13.811,399.897,399.897,6900.0
0.8423,-0.0,13.913,399.233,399.233,6900.0
0.8424,-0.0,13.976,398.567,398.567,6900.0
0.8425,-0.0,13.999,397.901,397.901,6900.0
0.8426,-0.0,13.984,397.233,397.233,6900.0
0.8427,-0.0,13.929,396.564,396.564,6900.0
0.8428,-0.0,13.834,395.894,395.894,6900.0
0.8429,-0.0,13.701,395.223,395.223,6900.0
0.843,-0.0,13.53,394.551,394.551,6900.0
0.8431,-0.0,13.321,393.878,393.878,6900.0
0.8432,-0.0,13.075,393.203,393.203,6900.0
0.8433,-0.0,12.793,392.528,392.528,6900.0
0.8434,-0.0,12.477,391.851,391.851,6900.0
0.8435,-0.0,12.127,391.173,391.173,6900.0
0.8436,2.489,14.234,390.503,390.503,6900.0
0.8437,10.79,22.123,389.904,389.904,6900.0
0.8438,14.217,25.108,389.415,389.415,6900.0
0.8439,16.075,26.498,388.989,388.989,6900.0
0.844,17.769,27.698,388.607,388.607,6900.0
0.8441,19.512,28.923,388.279,388.279,6900.0
0.8442,21.219,30.091,388.012,388.012,6900.0
0.8443,22.829,31.144,387.809,387.809,6900.0
0.8444,24.324,32.064,387.667,387.667,6900.0
0.8445,25.829,32.979,387.583,387.583,6900.0
0.8446,27.241,33.789,387.547,387.547,6900.0
0.8447,28.665,34.601,387.549,387.549,6900.0
0.8448,30.167,35.482,387.583,387.583,6900.0
0.8449,31.651,36.342,387.658,387.658,6900.0
0.845,33.219,37.281,387.781,387.781,6900.0
0.8451,34.633,38.068,387.958,387.958,6900.0
0.8452,35.929,38.738,388.181,388.181,6900.0
0.8453,37.466,39.654,388.453,388.453,6900.0
0.8454,38.734,40.308,388.806,388.806,6900.0
0.8455,40.152,41.121,389.242,389.242,6900.0
0.8456,41.098,41.475,389.772,389.772,6900.0
0.8457,41.876,41.675,390.347,390.347,6900.0
0.8458,42.855,42.093,390.951,390.951,6900.0
0.8459,43.628,42.323,391.596,391.596,6900.0
0.846,44.504,42.677,392.262,392.262,6900.0
0.8461,45.17,42.845,392.965,392.965,6900.0
0.8462,45.649,42.849,393.666,393.666,6900.0
0.8463,46.416,43.169,394.366,394.366,6900.0
0.8464,46.944,43.279,395.093,395.093,6900.0
0.8465,47.501,43.448,395.835,395.835,6900.0
0.8466,47.954,43.544,396.633,396.633,6900.0
0.8467,48.077,43.344,397.458,397.458,6900.0
0.8468,48.435,43.414,398.309,398.309,6900.0
0.8469,48.348,43.073,399.199,399.199,6900.0
0.847,48.25,42.759,400.081,400.081,6900.0
0.8471,48.198,42.528,400.977,400.977,6900.0
0.8472,47.815,42.004,401.859,401.859,6900.0
0.8473,47.628,41.715,402.72,402.72,6900.0
0.8474,47.101,41.125,403.56,403.56,6900.0
0.8475,46.574,40.574,404.341,404.341,6900.0
0.8476,46.264,40.28,405.086,405.086,6900.0
0.8477,45.691,39.762,405.802,405.802,6900.0
0.8478,45.242,39.408,406.503,406.503,6900.0
0.8479,44.481,38.78,407.191,407.191,6900.0
0.848,43.591,38.062,407.843,407.843,6900.0
0.8481,42.888,37.568,408.466,408.466,6900.0
0.8482,42.002,36.927,409.069,409.069,6900.0
0.8483,41.06,36.267,409.655,409.655,6900.0
0.8484,39.89,35.413,410.208,410.208,6900.0
0.8485,38.593,34.466,410.704,410.704,6900.0
0.8486,37.421,33.676,411.13,411.13,6900.0
0.8487,36.235,32.903,411.496,411.496,6900.0
0.8488,35.018,32.127,411.803,411.803,6900.0
0.8489,33.733,31.31,412.054,412.054,6900.0
0.849,32.461,30.533,412.249,412.249,6900.0
0.8491,31.098,29.687,412.394,412.394,6900.0
0.8492,29.753,28.881,412.491,412.491,6900.0
0.8493,28.353,28.039,412.54,412.54,6900.0
0.8494,26.955,27.215,412.548,412.548,6900.0
0.8495,25.525,26.375,412.521,412.521,6900.0
0.8496,23.928,25.38,412.458,412.458,6900.0
0.8497,22.127,24.192,412.339,412.339,6900.0
0.8498,20.475,23.159,412.149,412.149,6900.0
0.8499,19.011,22.321,411.905,411.905,6900.0
0.85,17.599,21.536,411.622,411.622,6900.0
0.8501,16.01,20.575,411.308,411.308,6900.0
0.8502,14.028,19.219,410.946,410.946,6900.0
0.8503,12.288,18.1,410.521,410.521,6900.0
0.8504,10.889,17.315,410.056,410.056,6900.0
0.8505,9.453,16.483,409.561,409.561,6900.0
0.8506,7.951,15.574,409.045,409.045,6900.0
0.8507,6.105,14.306,408.501,408.501,6900.0
0.8508,4.33,13.092,407.923,407.923,6900.0
0.8509,2.831,12.136,407.32,407.32,6900.0
0.851,1.227,11.054,406.695,406.695,6900.0
0.8511,-0.0,10.325,406.052,406.052,6900.0
0.8512,-0.0,10.799,405.401,405.401,6900.0
0.8513,-0.0,11.246,404.747,404.747,6900.0
0.8514,-0.0,11.665,404.091,404.091,6900.0
0.8515,-0.0,12.053,403.434,403.434,6900.0
0.8516,-0.0,12.409,402.775,402.775,6900.0
0.8517,-0.0,12.732,402.115,402.115,6900.0
0.8518,-0.0,13.021,401.455,401.455,6900.0
0.8519,-0.0,13.274,400.793,400.793,6900.0
0.852,0.0,13.491,400.13,400.13,6900.0
0.8521,0.0,13.67,399.466,399.466,6900.0
0.8522,0.0,13.811,398.801,398.801,6900.0
0.8523,0.0,13.913,398.135,398.135,6900.0
0.8524,0.0,13.976,397.468,397.468,6900.0
0.8525,0.0,14.0,396.799,396.799,6900.0
0.8526,0.0,13.984,396.13,396.13,6900.0
0.8527,0.0,13.929,395.459,395.459,6900.0
0.8528,0.0,13.835,394.787,394.787,6900.0
0.8529,0.0,13.701,394.114,394.114,6900.0
0.853,0.0,13.53,393.44,393.44,6900.0
0.8531,0.0,13.321,392.765,392.765,6900.0
0.8532,0.0,13.075,392.088,392.088,6900.0
0.8533,0.0,12.793,391.411,391.411,6900.0
0.8534,0.0,12.477,390.732,390.732,6900.0
0.8535,0.0,12.127,390.052,390.052,6900.0
0.8536,0.0,11.745,389.371,389.371,6900.0
0.8537,0.0,11.333,388.689,388.689,6900.0
0.8538,-13.515,-2.624,388.012,388.012,6900.0
0.8539,-42.112,-31.689,387.327,387.327,6900.0
0.854,-44.06,-34.132,387.355,387.355,6900.0
0.8541,-41.327,-31.916,387.47,387.47,6900.0
0.8542,-41.316,-32.444,387.544,387.544,6900.0
0.8543,-41.841,-33.526,387.68,387.68,6900.0
0.8544,-42.291,-34.552,387.908,387.908,6900.0
0.8545,-42.594,-35.445,388.228,388.228,6900.0
0.8546,-42.743,-36.195,388.621,388.621,6900.0
0.8547,-42.869,-36.933,389.074,389.074,6900.0
0.8548,-42.916,-37.6,389.568,389.568,6900.0
0.8549,-42.789,-38.099,390.085,390.085,6900.0
0.855,-42.598,-38.535,390.585,390.585,6900.0
0.8551,-42.485,-39.05,391.046,391.046,6900.0
0.8552,-42.608,-39.799,391.478,391.478,6900.0
0.8553,-42.763,-40.576,391.902,391.902,6900.0
0.8554,-42.889,-41.315,392.351,392.351,6900.0
0.8555,-42.837,-41.867,392.825,392.825,6900.0
0.8556,-42.823,-42.445,393.319,393.319,6900.0
0.8557,-42.91,-43.11,393.87,393.87,6900.0
0.8558,-42.766,-43.528,394.48,394.48,6900.0
0.8559,-42.601,-43.906,395.162,395.162,6900.0
0.856,-41.978,-43.805,395.879,395.879,6900.0
0.8561,-41.47,-43.796,396.575,396.575,6900.0
0.8562,-41.058,-43.858,397.256,397.256,6900.0
0.8563,-40.497,-43.743,397.898,397.898,6900.0
0.8564,-40.277,-43.942,398.503,398.503,6900.0
0.8565,-39.767,-43.82,399.075,399.075,6900.0
0.8566,-39.472,-43.882,399.595,399.595,6900.0
0.8567,-39.306,-44.039,400.104,400.104,6900.0
0.8568,-39.028,-44.05,400.607,400.607,6900.0
0.8569,-38.984,-44.258,401.123,401.123,6900.0
0.857,-38.579,-44.07,401.676,401.676,6900.0
0.8571,-38.244,-43.914,402.238,402.238,6900.0
0.8572,-37.802,-43.613,402.83,402.83,6900.0
0.8573,-37.138,-43.051,403.416,403.416,6900.0
0.8574,-36.684,-42.66,403.971,403.971,6900.0
0.8575,-36.089,-42.089,404.505,404.505,6900.0
0.8576,-35.649,-41.633,404.988,404.988,6900.0
0.8577,-35.177,-41.106,405.436,405.436,6900.0
0.8578,-34.674,-40.509,405.831,405.831,6900.0
0.8579,-34.4,-40.101,406.172,406.172,6900.0
0.858,-34.214,-39.744,406.49,406.49,6900.0
0.8581,-34.069,-39.39,406.795,406.795,6900.0
0.8582,-33.79,-38.865,407.108,407.108,6900.0
0.8583,-33.424,-38.217,407.42,407.42,6900.0
0.8584,-33.091,-37.568,407.72,407.72,6900.0
0.8585,-32.755,-36.882,408.019,408.019,6900.0
0.8586,-32.405,-36.15,408.308,408.308,6900.0
0.8587,-31.937,-35.269,408.584,408.584,6900.0
0.8588,-31.441,-34.332,408.825,408.825,6900.0
0.8589,-30.956,-33.379,409.02,409.02,6900.0
0.859,-30.567,-32.496,409.165,409.165,6900.0
0.8591,-30.247,-31.658,409.259,409.259,6900.0
0.8592,-30.009,-30.882,409.308,409.308,6900.0
0.8593,-29.869,-30.183,409.327,409.327,6900.0
0.8594,-29.7,-29.44,409.333,409.333,6900.0
0.8595,-29.379,-28.529,409.327,409.327,6900.0
0.8596,-28.966,-27.513,409.301,409.301,6900.0
0.8597,-28.775,-26.71,409.253,409.253,6900.0
0.8598,-28.511,-25.827,409.202,409.202,6900.0
0.8599,-28.251,-24.942,409.15,409.15,6900.0
0.86,-27.547,-23.61,409.084,409.084,6900.0
0.8601,-26.689,-22.124,408.956,408.956,6900.0
0.8602,-26.34,-21.149,408.758,408.758,6900.0
0.8603,-26.079,-20.267,408.518,408.518,6900.0
0.8604,-25.929,-19.503,408.254,408.254,6900.0
0.8605,-25.347,-18.316,407.975,407.975,6900.0
0.8606,-24.608,-16.985,407.653,407.653,6900.0
0.8607,-24.326,-16.126,407.287,407.287,6900.0
0.8608,-23.845,-15.082,406.906,406.906,6900.0
0.8609,-23.541,-14.236,406.513,406.513,6900.0
0.861,-22.824,-12.997,406.118,406.118,6900.0
0.8611,-21.925,-11.6,405.696,405.696,6900.0
0.8612,-21.275,-10.475,405.238,405.238,6900.0
0.8613,-20.452,-9.205,404.754,404.754,6900.0
0.8614,-19.722,-8.057,404.238,404.238,6900.0
0.8615,-18.857,-6.804,403.694,403.694,6900.0
0.8616,-17.909,-5.499,403.12,403.12,6900.0
0.8617,-17.028,-4.296,402.516,402.516,6900.0
0.8618,-16.564,-3.543,401.883,401.883,6900.0
0.8619,-15.265,-1.99,401.238,401.238,6900.0
0.862,-7.342,6.149,400.617,400.617,6900.0
0.8621,-0.0,13.67,399.969,399.969,6900.0
0.8622,-0.0,13.811,399.305,399.305,6900.0
0.8623,-0.0,13.913,398.639,398.639,6900.0
0.8624,-0.0,13.976,397.973,397.973,6900.0
0.8625,-0.0,14.0,397.305,397.305,6900.0
0.8626,-0.0,13.984,396.637,396.637,6900.0
0.8627,-0.0,13.929,395.967,395.967,6900.0
0.8628,-0.0,13.834,395.296,395.296,6900.0
0.8629,-0.0,13.701,394.624,394.624,6900.0
0.863,-0.0,13.53,393.951,393.951,6900.0
0.8631,-0.0,13.321,393.276,393.276,6900.0
0.8632,-0.0,13.075,392.601,392.601,6900.0
0.8633,-0.0,12.793,391.924,391.924,6900.0
0.8634,-0.0,12.477,391.246,391.246,6900.0
0.8635,-0.0,12.127,390.567,390.567,6900.0
0.8636,3.028,14.773,389.899,389.899,6900.0
0.8637,10.655,21.987,389.303,389.303,6900.0
0.8638,13.986,24.877,388.796,388.796,6900.0
0.8639,16.164,26.587,388.35,388.35,6900.0
0.864,17.933,27.861,387.966,387.966,6900.0
0.8641,19.594,29.006,387.641,387.641,6900.0
0.8642,21.192,30.064,387.376,387.376,6900.0
0.8643,22.804,31.118,387.174,387.174,6900.0
0.8644,24.336,32.075,387.033,387.033,6900.0
0.8645,25.81,32.96,386.948,386.948,6900.0
0.8646,27.252,33.8,386.912,386.912,6900.0
0.8647,28.754,34.689,386.92,386.92,6900.0
0.8648,30.172,35.487,386.966,386.966,6900.0
0.8649,31.569,36.26,387.041,387.041,6900.0
0.865,33.126,37.189,387.145,387.145,6900.0
0.8651,34.64,38.075,387.3,387.3,6900.0
0.8652,36.238,39.047,387.522,387.522,6900.0
0.8653,37.57,39.758,387.821,387.821,6900.0
0.8654,38.727,40.301,388.182,388.182,6900.0
0.8655,40.039,41.009,388.6,388.6,6900.0
0.8656,41.108,41.485,389.099,389.099,6900.0
0.8657,42.287,42.087,389.669,389.669,6900.0
0.8658,43.056,42.294,390.313,390.313,6900.0
0.8659,43.654,42.349,390.98,390.98,6900.0
0.866,44.502,42.675,391.651,391.651,6900.0
0.8661,45.154,42.828,392.342,392.342,6900.0
0.8662,45.976,43.177,393.036,393.036,6900.0
0.8663,46.577,43.33,393.764,393.764,6900.0
0.8664,46.968,43.303,394.497,394.497,6900.0
0.8665,47.66,43.607,395.242,395.242,6900.0
0.8666,47.995,43.585,396.031,396.031,6900.0
0.8667,48.37,43.637,396.839,396.839,6900.0
0.8668,48.603,43.582,397.706,397.706,6900.0
0.8669,48.526,43.252,398.594,398.594,6900.0
0.867,48.6,43.109,399.498,399.498,6900.0
0.8671,48.306,42.636,400.415,400.415,6900.0
0.8672,47.974,42.163,401.298,401.298,6900.0
0.8673,47.756,41.843,402.164,402.164,6900.0
0.8674,47.276,41.3,402.997,402.997,6900.0
0.8675,47.013,41.013,403.797,403.797,6900.0
0.8676,46.429,40.445,404.573,404.573,6900.0
0.8677,45.771,39.842,405.295,405.295,6900.0
0.8678,45.366,39.532,405.986,405.986,6900.0
0.8679,44.707,39.005,406.66,406.66,6900.0
0.868,44.075,38.545,407.329,407.329,6900.0
0.8681,43.134,37.813,407.987,407.987,6900.0
0.8682,42.085,37.01,408.605,408.605,6900.0
0.8683,41.171,36.378,409.18,409.18,6900.0
0.8684,40.109,35.632,409.719,409.719,6900.0
0.8685,39.012,34.885,410.221,410.221,6900.0
0.8686,37.73,33.985,410.672,410.672,6900.0
0.8687,36.428,33.095,411.058,411.058,6900.0
0.8688,35.193,32.301,411.373,411.373,6900.0
0.8689,33.943,31.52,411.628,411.628,6900.0
0.869,32.651,30.722,411.827,411.827,6900.0
0.8691,31.382,29.971,411.975,411.975,6900.0
0.8692,30.007,29.134,412.08,412.08,6900.0
0.8693,28.595,28.281,412.145,412.145,6900.0
0.8694,27.086,27.346,412.163,412.163,6900.0
0.8695,25.573,26.423,412.128,412.128,6900.0
0.8696,24.14,25.592,412.048,412.048,6900.0
0.8697,22.625,24.69,411.931,411.931,6900.0
0.8698,21.011,23.695,411.777,411.777,6900.0
0.8699,19.084,22.393,411.563,411.563,6900.0
0.87,17.349,21.286,411.274,411.274,6900.0
0.8701,15.943,20.509,410.932,410.932,6900.0
0.8702,14.578,19.769,410.556,410.556,6900.0
0.8703,13.056,18.868,410.156,410.156,6900.0
0.8704,11.09,17.516,409.719,409.719,6900.0
0.8705,9.344,16.374,409.231,409.231,6900.0
0.8706,7.899,15.522,408.711,408.711,6900.0
0.8707,6.343,14.544,408.162,408.162,6900.0
0.8708,4.797,13.559,407.592,407.592,6900.0
0.8709,2.942,12.247,406.995,406.995,6900.0
0.871,1.129,10.956,406.369,406.369,6900.0
0.8711,-0.0,10.325,405.724,405.724,6900.0
0.8712,-0.0,10.799,405.073,405.073,6900.0
0.8713,-0.0,11.246,404.418,404.418,6900.0
0.8714,-0.0,11.665,403.762,403.762,6900.0
0.8715,-0.0,12.053,403.104,403.104,6900.0
0.8716,-0.0,12.409,402.445,402.445,6900.0
0.8717,-0.0,12.732,401.784,401.784,6900.0
0.8718,-0.0,13.021,401.123,401.123,6900.0
0.8719,-0.0,13.274,400.461,400.461,6900.0
0.872,0.0,13.491,399.797,399.797,6900.0
0.8721,0.0,13.67,399.133,399.133,6900.0
0.8722,0.0,13.811,398.467,398.467,6900.0
0.8723,0.0,13.913,397.801,397.801,6900.0
0.8724,0.0,13.976,397.133,397.133,6900.0
0.8725,0.0,14.0,396.464,396.464,6900.0
0.8726,0.0,13.984,395.794,395.794,6900.0
0.8727,0.0,13.929,395.122,395.122,6900.0
0.8728,0.0,13.835,394.45,394.45,6900.0
0.8729,0.0,13.701,393.776,393.776,6900.0
0.873,0.0,13.53,393.102,393.102,6900.0
0.8731,0.0,13.321,392.426,392.426,6900.0
0.8732,0.0,13.075,391.749,391.749,6900.0
0.8733,0.0,12.793,391.071,391.071,6900.0
0.8734,0.0,12.477,390.391,390.391,6900.0
0.8735,0.0,12.127,389.711,389.711,6900.0
0.8736,0.0,11.745,389.029,389.029,6900.0
0.8737,0.0,11.333,388.346,388.346,6900.0
0.8738,-13.916,-3.025,387.668,387.668,6900.0
0.8739,-43.168,-32.746,386.983,386.983,6900.0
0.874,-44.087,-34.159,387.061,387.061,6900.0
0.8741,-41.315,-31.904,387.184,387.184,6900.0
0.8742,-41.377,-32.505,387.259,387.259,6900.0
0.8743,-41.905,-33.591,387.395,387.395,6900.0
0.8744,-42.401,-34.661,387.625,387.625,6900.0
0.8745,-42.816,-35.666,387.954,387.954,6900.0
0.8746,-42.976,-36.428,388.375,388.375,6900.0
0.8747,-42.943,-37.008,388.852,388.852,6900.0
0.8748,-42.823,-37.507,389.344,389.344,6900.0
0.8749,-42.844,-38.154,389.834,389.834,6900.0
0.875,-42.866,-38.803,390.312,390.312,6900.0
0.8751,-42.852,-39.417,390.781,390.781,6900.0
0.8752,-42.799,-39.99,391.226,391.226,6900.0
0.8753,-42.837,-40.649,391.645,391.645,6900.0
0.8754,-43.092,-41.518,392.075,392.075,6900.0
0.8755,-43.259,-42.289,392.543,392.543,6900.0
0.8756,-43.389,-43.011,393.085,393.085,6900.0
0.8757,-43.119,-43.32,393.689,393.689,6900.0
0.8758,-42.829,-43.592,394.319,394.319,6900.0
0.8759,-42.641,-43.946,394.991,394.991,6900.0
0.876,-42.206,-44.033,395.684,395.684,6900.0
0.8761,-41.922,-44.248,396.393,396.393,6900.0
0.8762,-41.247,-44.047,397.09,397.09,6900.0
0.8763,-40.74,-43.987,397.728,397.728,6900.0
0.8764,-40.474,-44.139,398.33,398.33,6900.0
0.8765,-40.037,-44.09,398.89,398.89,6900.0
0.8766,-39.971,-44.381,399.425,399.425,6900.0
0.8767,-39.645,-44.377,399.958,399.958,6900.0
0.8768,-39.395,-44.416,400.477,400.477,6900.0
0.8769,-39.225,-44.499,401.022,401.022,6900.0
0.877,-38.768,-44.259,401.581,401.581,6900.0
0.8771,-38.559,-44.229,402.152,402.152,6900.0
0.8772,-37.983,-43.794,402.751,402.751,6900.0
0.8773,-37.55,-43.463,403.334,403.334,6900.0
0.8774,-36.989,-42.966,403.915,403.915,6900.0
0.8775,-36.296,-42.296,404.456,404.456,6900.0
0.8776,-35.883,-41.867,404.937,404.937,6900.0
0.8777,-35.426,-41.355,405.381,405.381,6900.0
0.8778,-35.138,-40.972,405.775,405.775,6900.0
0.8779,-34.797,-40.498,406.146,406.146,6900.0
0.878,-34.459,-39.989,406.485,406.485,6900.0
0.8781,-34.225,-39.546,406.795,406.795,6900.0
0.8782,-34.028,-39.103,407.105,407.105,6900.0
0.8783,-33.869,-38.662,407.419,407.419,6900.0
0.8784,-33.454,-37.931,407.75,407.75,6900.0
0.8785,-32.997,-37.124,408.072,408.072,6900.0
0.8786,-32.489,-36.234,408.369,408.369,6900.0
0.8787,-32.086,-35.418,408.639,408.639,6900.0
0.8788,-31.69,-34.581,408.873,408.873,6900.0
0.8789,-31.277,-33.7,409.068,409.068,6900.0
0.879,-30.909,-32.838,409.219,409.219,6900.0
0.8791,-30.572,-31.984,409.328,409.328,6900.0
0.8792,-30.266,-31.139,409.395,409.395,6900.0
0.8793,-29.974,-30.288,409.425,409.425,6900.0
0.8794,-29.829,-29.568,409.426,409.426,6900.0
0.8795,-29.653,-28.803,409.417,409.417,6900.0
0.8796,-29.474,-28.021,409.407,409.407,6900.0
0.8797,-29.002,-26.938,409.395,409.395,6900.0
0.8798,-28.432,-25.748,409.352,409.352,6900.0
0.8799,-28.084,-24.774,409.273,409.273,6900.0
0.88,-27.834,-23.897,409.173,409.173,6900.0
0.8801,-27.506,-22.941,409.063,409.063,6900.0
0.8802,-26.773,-21.582,408.93,408.93,6900.0
0.8803,-25.945,-20.133,408.729,408.729,6900.0
0.8804,-25.599,-19.173,408.457,408.457,6900.0
0.8805,-25.284,-18.253,408.144,408.144,6900.0
0.8806,-25.123,-17.5,407.807,407.807,6900.0
0.8807,-24.592,-16.391,407.461,407.461,6900.0
0.8808,-23.831,-15.069,407.085,407.085,6900.0
0.8809,-23.495,-14.19,406.677,406.677,6900.0
0.881,-22.875,-13.048,406.261,406.261,6900.0
0.8811,-22.39,-12.064,405.832,405.832,6900.0
0.8812,-21.553,-10.753,405.396,405.396,6900.0
0.8813,-20.566,-9.32,404.931,404.931,6900.0
0.8814,-19.766,-8.101,404.427,404.427,6900.0
0.8815,-18.854,-6.801,403.892,403.892,6900.0
0.8816,-17.976,-5.567,403.32,403.32,6900.0
0.8817,-17.095,-4.362,402.718,402.718,6900.0
0.8818,-16.625,-3.603,402.086,402.086,6900.0
0.8819,-15.283,-2.009,401.441,401.441,6900.0
0.882,-13.769,-0.278,400.779,400.779,6900.0
0.8821,-0.0,13.67,400.169,400.169,6900.0
0.8822,-0.0,13.811,399.505,399.505,6900.0
0.8823,-0.0,13.913,398.84,398.84,6900.0
0.8824,-0.0,13.976,398.174,398.174,6900.0
0.8825,-0.0,13.999,397.507,397.507,6900.0
0.8826,-0.0,13.984,396.838,396.838,6900.0
0.8827,-0.0,13.929,396.169,396.169,6900.0
0.8828,-0.0,13.834,395.498,395.498,6900.0
0.8829,-0.0,13.701,394.826,394.826,6900.0
0.883,-0.0,13.53,394.154,394.154,6900.0
0.8831,-0.0,13.321,393.479,393.479,6900.0
0.8832,-0.0,13.075,392.804,392.804,6900.0
0.8833,-0.0,12.793,392.128,392.128,6900.0
0.8834,-0.0,12.477,391.45,391.45,6900.0
0.8835,-0.0,12.127,390.772,390.772,6900.0
0.8836,2.93,14.675,390.103,390.103,6900.0
0.8837,10.858,22.191,389.514,389.514,6900.0
0.8838,13.931,24.822,389.024,389.024,6900.0
0.8839,15.885,26.308,388.582,388.582,6900.0
0.884,17.738,27.666,388.187,388.187,6900.0
0.8841,19.568,28.979,387.85,387.85,6900.0
0.8842,21.245,30.118,387.579,387.579,6900.0
0.8843,22.833,31.148,387.374,387.374,6900.0
0.8844,24.37,32.109,387.23,387.23,6900.0
0.8845,25.813,32.963,387.143,387.143,6900.0
0.8846,27.251,33.798,387.103,387.103,6900.0
0.8847,28.765,34.701,387.101,387.101,6900.0
0.8848,30.234,35.55,387.142,387.142,6900.0
0.8849,31.75,36.441,387.226,387.226,6900.0
0.885,33.171,37.234,387.354,387.354,6900.0
0.8851,34.598,38.033,387.519,387.519,6900.0
0.8852,36.127,38.936,387.727,387.727,6900.0
0.8853,37.543,39.731,388.004,388.004,6900.0
0.8854,39.05,40.624,388.364,388.364,6900.0
0.8855,40.119,41.089,388.815,388.815,6900.0
0.8856,41.039,41.416,389.323,389.323,6900.0
0.8857,42.175,41.974,389.873,389.873,6900.0
0.8858,43.031,42.269,390.483,390.483,6900.0
0.8859,44.016,42.711,391.133,391.133,6900.0
0.886,44.696,42.869,391.833,391.833,6900.0
0.8861,45.179,42.853,392.536,392.536,6900.0
0.8862,46.0,43.2,393.233,393.233,6900.0
0.8863,46.573,43.326,393.951,393.951,6900.0
0.8864,47.247,43.583,394.676,394.676,6900.0
0.8865,47.781,43.728,395.448,395.448,6900.0
0.8866,48.008,43.598,396.242,396.242,6900.0
0.8867,48.472,43.74,397.06,397.06,6900.0
0.8868,48.578,43.556,397.924,397.924,6900.0
0.8869,48.653,43.378,398.796,398.796,6900.0
0.887,48.678,43.187,399.7,399.7,6900.0
0.8871,48.352,42.682,400.605,400.605,6900.0
0.8872,48.276,42.466,401.497,401.497,6900.0
0.8873,47.817,41.904,402.378,402.378,6900.0
0.8874,47.342,41.366,403.206,403.206,6900.0
0.8875,47.048,41.048,404.0,404.0,6900.0
0.8876,46.51,40.526,404.762,404.762,6900.0
0.8877,46.137,40.209,405.501,405.501,6900.0
0.8878,45.446,39.612,406.224,406.224,6900.0
0.8879,44.671,38.97,406.906,406.906,6900.0
0.888,44.052,38.523,407.561,407.561,6900.0
0.8881,43.236,37.915,408.199,408.199,6900.0
0.8882,42.374,37.299,408.827,408.827,6900.0
0.8883,41.288,36.494,409.429,409.429,6900.0
0.8884,40.084,35.607,409.979,409.979,6900.0
0.8885,38.972,34.845,410.468,410.468,6900.0
0.8886,37.802,34.057,410.903,410.903,6900.0
0.8887,36.622,33.289,411.286,411.286,6900.0
0.8888,35.344,32.453,411.611,411.611,6900.0
0.8889,34.021,31.598,411.877,411.877,6900.0
0.889,32.734,30.805,412.083,412.083,6900.0
0.8891,31.412,30.0,412.237,412.237,6900.0
0.8892,30.035,29.163,412.342,412.342,6900.0
0.8893,28.695,28.38,412.403,412.403,6900.0
0.8894,27.279,27.539,412.426,412.426,6900.0
0.8895,25.75,26.6,412.412,412.412,6900.0
0.8896,24.062,25.514,412.346,412.346,6900.0
0.8897,22.41,24.475,412.216,412.216,6900.0
0.8898,20.969,23.653,412.034,412.034,6900.0
0.8899,19.485,22.794,411.812,411.812,6900.0
0.89,17.859,21.796,411.556,411.556,6900.0
0.8901,15.869,20.434,411.245,411.245,6900.0
0.8902,14.11,19.301,410.863,410.863,6900.0
0.8903,12.725,18.537,410.434,410.434,6900.0
0.8904,11.366,17.792,409.975,409.975,6900.0
0.8905,9.869,16.9,409.496,409.496,6900.0
0.8906,7.979,15.601,408.988,408.988,6900.0
0.8907,6.199,14.4,408.442,408.442,6900.0
0.8908,4.713,13.475,407.869,407.869,6900.0
0.8909,3.088,12.393,407.271,407.271,6900.0
0.891,1.521,11.348,406.653,406.653,6900.0
0.8911,-0.0,10.325,406.012,406.012,6900.0
0.8912,-0.0,10.799,405.361,405.361,6900.0
0.8913,-0.0,11.246,404.707,404.707,6900.0
0.8914,-0.0,11.665,404.051,404.051,6900.0
0.8915,-0.0,12.053,403.393,403.393,6900.0
0.8916,-0.0,12.409,402.735,402.735,6900.0
0.8917,-0.0,12.732,402.075,402.075,6900.0
0.8918,-0.0,13.021,401.414,401.414,6900.0
0.8919,-0.0,13.274,400.752,400.752,6900.0
0.892,-0.027,13.463,400.09,400.09,6900.0
0.8921,0.0,13.67,399.425,399.425,6900.0
0.8922,0.0,13.811,398.76,398.76,6900.0
0.8923,0.0,13.913,398.094,398.094,6900.0
0.8924,0.0,13.976,397.427,397.427,6900.0
0.8925,0.0,14.0,396.758,396.758,6900.0
0.8926,0.0,13.984,396.089,396.089,6900.0
0.8927,0.0,13.929,395.418,395.418,6900.0
0.8928,0.0,13.835,394.746,394.746,6900.0
0.8929,0.0,13.701,394.073,394.073,6900.0
0.893,0.0,13.53,393.399,393.399,6900.0
0.8931,0.0,13.321,392.723,392.723,6900.0
0.8932,0.0,13.075,392.047,392.047,6900.0
0.8933,0.0,12.793,391.369,391.369,6900.0
0.8934,0.0,12.477,390.691,390.691,6900.0
0.8935,0.0,12.127,390.011,390.011,6900.0
0.8936,0.0,11.745,389.329,389.329,6900.0
0.8937,0.0,11.333,388.647,388.647,6900.0
0.8938,-10.87,0.021,387.97,387.97,6900.0
0.8939,-39.049,-28.626,387.285,387.285,6900.0
0.894,-45.625,-35.696,387.208,387.208,6900.0
0.8941,-41.72,-32.309,387.379,387.379,6900.0
0.8942,-41.352,-32.479,387.47,387.47,6900.0
0.8943,-41.815,-33.5,387.603,387.603,6900.0
0.8944,-42.322,-34.582,387.821,387.821,6900.0
0.8945,-42.615,-35.465,388.127,388.127,6900.0
0.8946,-42.925,-36.378,388.513,388.513,6900.0
0.8947,-43.052,-37.116,388.97,388.97,6900.0
0.8948,-42.986,-37.67,389.476,389.476,6900.0
0.8949,-42.857,-38.166,389.987,389.987,6900.0
0.895,-42.682,-38.619,390.474,390.474,6900.0
0.8951,-42.757,-39.322,390.934,390.934,6900.0
0.8952,-42.843,-40.034,391.377,391.377,6900.0
0.8953,-42.954,-40.766,391.825,391.825,6900.0
0.8954,-42.917,-41.343,392.276,392.276,6900.0
0.8955,-42.961,-41.992,392.731,392.731,6900.0
0.8956,-43.162,-42.785,393.229,393.229,6900.0
0.8957,-43.174,-43.375,393.786,393.786,6900.0
0.8958,-43.104,-43.866,394.424,394.424,6900.0
0.8959,-42.628,-43.934,395.114,395.114,6900.0
0.896,-42.131,-43.958,395.805,395.805,6900.0
0.8961,-41.809,-44.134,396.501,396.501,6900.0
0.8962,-41.252,-44.051,397.179,397.179,6900.0
0.8963,-40.974,-44.221,397.836,397.836,6900.0
0.8964,-40.397,-44.062,398.463,398.463,6900.0
0.8965,-40.031,-44.085,399.028,399.028,6900.0
0.8966,-39.848,-44.258,399.569,399.569,6900.0
0.8967,-39.495,-44.228,400.088,400.088,6900.0
0.8968,-39.466,-44.488,400.604,400.604,6900.0
0.8969,-39.101,-44.376,401.145,401.145,6900.0
0.897,-38.859,-44.35,401.689,401.689,6900.0
0.8971,-38.522,-44.192,402.268,402.268,6900.0
0.8972,-37.929,-43.74,402.853,402.853,6900.0
0.8973,-37.568,-43.481,403.427,403.427,6900.0
0.8974,-36.992,-42.969,403.999,403.999,6900.0
0.8975,-36.485,-42.485,404.535,404.535,6900.0
0.8976,-35.96,-41.944,405.044,405.044,6900.0
0.8977,-35.36,-41.288,405.502,405.502,6900.0
0.8978,-35.078,-40.912,405.898,405.898,6900.0
0.8979,-34.729,-40.43,406.264,406.264,6900.0
0.898,-34.537,-40.067,406.599,406.599,6900.0
0.8981,-34.302,-39.622,406.928,406.928,6900.0
0.8982,-33.944,-39.019,407.246,407.246,6900.0
0.8983,-33.664,-38.457,407.547,407.547,6900.0
0.8984,-33.411,-37.888,407.851,407.851,6900.0
0.8985,-33.126,-37.253,408.156,408.156,6900.0
0.8986,-32.718,-36.463,408.46,408.46,6900.0
0.8987,-32.169,-35.502,408.744,408.744,6900.0
0.8988,-31.667,-34.558,408.988,408.988,6900.0
0.8989,-31.259,-33.682,409.189,409.189,6900.0
0.899,-30.89,-32.819,409.343,409.343,6900.0
0.8991,-30.578,-31.989,409.451,409.451,6900.0
0.8992,-30.344,-31.217,409.521,409.521,6900.0
0.8993,-30.136,-30.45,409.563,409.563,6900.0
0.8994,-29.836,-29.575,409.581,409.581,6900.0
0.8995,-29.465,-28.615,409.573,409.573,6900.0
0.8996,-29.31,-27.858,409.541,409.541,6900.0
0.8997,-29.066,-27.001,409.505,409.505,6900.0
0.8998,-28.844,-26.16,409.47,409.47,6900.0
0.8999,-28.236,-24.926,409.429,409.429,6900.0
0.9,-27.495,-23.558,409.339,409.339,6900.0
0.9001,-27.135,-22.57,409.194,409.194,6900.0
0.9002,-26.893,-21.702,409.016,409.016,6900.0
0.9003,-26.641,-20.829,408.823,408.823,6900.0
0.9004,-25.975,-19.549,408.61,408.61,6900.0
0.9005,-25.181,-18.151,408.341,408.341,6900.0
0.9006,-24.842,-17.22,408.013,408.013,6900.0
0.9007,-24.418,-16.217,407.654,407.654,6900.0
0.9008,-24.173,-15.411,407.275,407.275,6900.0
0.9009,-23.565,-14.26,406.888,406.888,6900.0
0.901,-22.736,-12.909,406.473,406.473,6900.0
0.9011,-22.229,-11.903,406.025,406.025,6900.0
0.9012,-21.479,-10.679,405.562,405.562,6900.0
0.9013,-20.885,-9.639,405.077,405.077,6900.0
0.9014,-20.013,-8.348,404.576,404.576,6900.0
0.9015,-19.035,-6.982,404.046,404.046,6900.0
0.9016,-18.115,-5.706,403.484,403.484,6900.0
0.9017,-17.193,-4.46,402.893,402.893,6900.0
0.9018,-16.213,-3.191,402.275,402.275,6900.0
0.9019,-15.689,-2.415,401.63,401.63,6900.0
0.902,-14.32,-0.829,400.974,400.974,6900.0
0.9021,-0.0,13.67,400.37,400.37,6900.0
0.9022,-0.0,13.811,399.706,399.706,6900.0
0.9023,-0.0,13.913,399.041,399.041,6900.0
0.9024,-0.0,13.976,398.376,398.376,6900.0
0.9025,-0.0,13.999,397.709,397.709,6900.0
0.9026,-0.0,13.984,397.041,397.041,6900.0
0.9027,-0.0,13.929,396.372,396.372,6900.0
0.9028,-0.0,13.834,395.701,395.701,6900.0
0.9029,-0.0,13.701,395.03,395.03,6900.0
0.903,-0.0,13.53,394.357,394.357,6900.0
0.9031,-0.0,13.321,393.684,393.684,6900.0
0.9032,-0.0,13.075,393.009,393.009,6900.0
0.9033,-0.0,12.793,392.333,392.333,6900.0
0.9034,-0.0,12.477,391.656,391.656,6900.0
0.9035,-0.0,12.127,390.977,390.977,6900.0
0.9036,1.71,13.455,390.305,390.305,6900.0
0.9037,10.141,21.474,389.693,389.693,6900.0
0.9038,13.97,24.861,389.182,389.182,6900.0
0.9039,16.054,26.476,388.744,388.744,6900.0
0.904,17.73,27.658,388.359,388.359,6900.0
0.9041,19.395,28.807,388.025,388.025,6900.0
0.9042,21.11,29.982,387.751,387.751,6900.0
0.9043,22.723,31.037,387.542,387.542,6900.0
0.9044,24.281,32.02,387.398,387.398,6900.0
0.9045,25.771,32.92,387.31,387.31,6900.0
0.9046,27.224,33.771,387.274,387.274,6900.0
0.9047,28.608,34.544,387.28,387.28,6900.0
0.9048,30.036,35.352,387.316,387.316,6900.0
0.9049,31.549,36.239,387.381,387.381,6900.0
0.905,33.055,37.118,387.487,387.487,6900.0
0.9051,34.716,38.151,387.65,387.65,6900.0
0.9052,36.071,38.88,387.879,387.879,6900.0
0.9053,37.34,39.528,388.162,388.162,6900.0
0.9054,38.757,40.331,388.502,388.502,6900.0
0.9055,39.979,40.949,388.924,388.924,6900.0
0.9056,41.274,41.651,389.427,389.427,6900.0
0.9057,42.133,41.932,390.016,390.016,6900.0
0.9058,42.85,42.088,390.64,390.64,6900.0
0.9059,43.761,42.456,391.283,391.283,6900.0
0.906,44.445,42.618,391.956,391.956,6900.0
0.9061,45.328,43.002,392.64,392.64,6900.0
0.9062,45.941,43.141,393.358,393.358,6900.0
0.9063,46.372,43.125,394.076,394.076,6900.0
0.9064,47.103,43.438,394.794,394.794,6900.0
0.9065,47.542,43.489,395.547,395.547,6900.0
0.9066,48.066,43.657,396.318,396.318,6900.0
0.9067,48.418,43.685,397.148,397.148,6900.0
0.9068,48.436,43.415,398.007,398.007,6900.0
0.9069,48.695,43.42,398.889,398.889,6900.0
0.907,48.489,42.998,399.803,399.803,6900.0
0.9071,48.286,42.616,400.697,400.697,6900.0
0.9072,48.155,42.345,401.59,401.59,6900.0
0.9073,47.676,41.763,402.457,402.457,6900.0
0.9074,47.468,41.492,403.292,403.292,6900.0
0.9075,46.902,40.902,404.101,404.101,6900.0
0.9076,46.359,40.375,404.851,404.851,6900.0
0.9077,45.992,40.064,405.569,405.569,6900.0
0.9078,45.375,39.54,406.266,406.266,6900.0
0.9079,44.853,39.152,406.954,406.954,6900.0
0.908,44.058,38.528,407.635,407.635,6900.0
0.9081,43.046,37.725,408.282,408.282,6900.0
0.9082,42.241,37.166,408.894,408.894,6900.0
0.9083,41.236,36.443,409.48,409.48,6900.0
0.9084,40.207,35.73,410.035,410.035,6900.0
0.9085,38.986,34.86,410.546,410.546,6900.0
0.9086,37.697,33.952,410.992,410.992,6900.0
0.9087,36.478,33.145,411.368,411.368,6900.0
0.9088,35.274,32.383,411.681,411.681,6900.0
0.9089,34.02,31.597,411.938,411.938,6900.0
0.909,32.747,30.818,412.143,412.143,6900.0
0.9091,31.425,30.014,412.299,412.299,6900.0
0.9092,30.047,29.175,412.41,412.41,6900.0
0.9093,28.633,28.319,412.475,412.475,6900.0
0.9094,27.189,27.45,412.491,412.491,6900.0
0.9095,25.734,26.584,412.465,412.465,6900.0
0.9096,24.289,25.741,412.401,412.401,6900.0
0.9097,22.627,24.692,412.299,412.299,6900.0
0.9098,20.787,23.471,412.138,412.138,6900.0
0.9099,19.123,22.432,411.905,411.905,6900.0
0.91,17.686,21.623,411.617,411.617,6900.0
0.9101,16.288,20.853,411.293,411.293,6900.0
0.9102,14.692,19.883,410.942,410.942,6900.0
0.9103,12.758,18.57,410.545,410.545,6900.0
0.9104,11.004,17.43,410.092,410.092,6900.0
0.9105,9.553,16.583,409.601,409.601,6900.0
0.9106,8.089,15.712,409.081,409.081,6900.0
0.9107,6.608,14.809,408.541,408.541,6900.0
0.9108,4.723,13.485,407.974,407.974,6900.0
0.9109,2.933,12.239,407.374,407.374,6900.0
0.911,1.437,11.263,406.752,406.752,6900.0
0.9111,0.027,10.352,406.11,406.11,6900.0
0.9112,-0.0,10.799,405.46,405.46,6900.0
0.9113,-0.0,11.246,404.806,404.806,6900.0
0.9114,-0.0,11.665,404.15,404.15,6900.0
0.9115,-0.0,12.053,403.493,403.493,6900.0
0.9116,-0.0,12.409,402.835,402.835,6900.0
0.9117,-0.0,12.732,402.175,402.175,6900.0
0.9118,-0.0,13.021,401.514,401.514,6900.0
0.9119,-0.0,13.274,400.853,400.853,6900.0
0.912,-0.065,13.426,400.19,400.19,6900.0
0.9121,0.0,13.67,399.526,399.526,6900.0
0.9122,0.0,13.811,398.861,398.861,6900.0
0.9123,0.0,13.913,398.195,398.195,6900.0
0.9124,0.0,13.976,397.528,397.528,6900.0
0.9125,0.0,14.0,396.86,396.86,6900.0
0.9126,0.0,13.984,396.19,396.19,6900.0
0.9127,0.0,13.929,395.52,395.52,6900.0
0.9128,0.0,13.835,394.848,394.848,6900.0
0.9129,0.0,13.701,394.175,394.175,6900.0
0.913,0.0,13.53,393.501,393.501,6900.0
0.9131,0.0,13.321,392.826,392.826,6900.0
0.9132,0.0,13.075,392.15,392.15,6900.0
0.9133,0.0,12.793,391.472,391.472,6900.0
0.9134,0.0,12.477,390.793,390.793,6900.0
0.9135,0.0,12.127,390.114,390.114,6900.0
0.9136,0.0,11.745,389.433,389.433,6900.0
0.9137,0.0,11.333,388.75,388.75,6900.0
0.9138,-10.006,0.885,388.074,388.074,6900.0
0.9139,-39.199,-28.777,387.389,387.389,6900.0
0.914,-44.305,-34.377,387.334,387.334,6900.0
0.9141,-41.278,-31.867,387.453,387.453,6900.0
0.9142,-41.201,-32.329,387.52,387.52,6900.0
0.9143,-41.747,-33.432,387.647,387.647,6900.0
0.9144,-42.221,-34.481,387.867,387.867,6900.0
0.9145,-42.559,-35.409,388.183,388.183,6900.0
0.9146,-42.682,-36.134,388.579,388.579,6900.0
0.9147,-42.678,-36.742,389.024,389.024,6900.0
0.9148,-42.73,-37.414,389.497,389.497,6900.0
0.9149,-42.772,-38.081,389.981,389.981,6900.0
0.915,-42.688,-38.626,390.468,390.468,6900.0
0.9151,-42.575,-39.14,390.932,390.932,6900.0
0.9152,-42.555,-39.746,391.361,391.361,6900.0
0.9153,-42.756,-40.568,391.781,391.781,6900.0
0.9154,-42.96,-41.386,392.216,392.216,6900.0
0.9155,-43.094,-42.124,392.704,392.704,6900.0
0.9156,-42.942,-42.564,393.238,393.238,6900.0
0.9157,-42.78,-42.981,393.799,393.799,6900.0
0.9158,-42.753,-43.516,394.41,394.41,6900.0
0.9159,-42.493,-43.798,395.062,395.062,6900.0
0.916,-42.218,-44.045,395.758,395.758,6900.0
0.9161,-41.573,-43.899,396.463,396.463,6900.0
0.9162,-41.073,-43.872,397.126,397.126,6900.0
0.9163,-40.738,-43.984,397.762,397.762,6900.0
0.9164,-40.293,-43.958,398.356,398.356,6900.0
0.9165,-40.131,-44.184,398.924,398.924,6900.0
0.9166,-39.729,-44.139,399.475,399.475,6900.0
0.9167,-39.472,-44.205,399.994,399.994,6900.0
0.9168,-39.319,-44.34,400.523,400.523,6900.0
0.9169,-38.929,-44.204,401.057,401.057,6900.0
0.917,-38.827,-44.318,401.604,401.604,6900.0
0.9171,-38.354,-44.024,402.182,402.182,6900.0
0.9172,-37.903,-43.714,402.758,402.758,6900.0
0.9173,-37.425,-43.338,403.344,403.344,6900.0
0.9174,-36.754,-42.73,403.906,403.906,6900.0
0.9175,-36.361,-42.36,404.424,404.424,6900.0
0.9176,-35.825,-41.809,404.914,404.914,6900.0
0.9177,-35.494,-41.423,405.354,405.354,6900.0
0.9178,-35.09,-40.925,405.767,405.767,6900.0
0.9179,-34.664,-40.365,406.139,406.139,6900.0
0.918,-34.439,-39.968,406.47,406.47,6900.0
0.9181,-34.236,-39.557,406.792,406.792,6900.0
0.9182,-34.037,-39.112,407.109,407.109,6900.0
0.9183,-33.758,-38.551,407.436,407.436,6900.0
0.9184,-33.309,-37.785,407.758,407.758,6900.0
0.9185,-32.897,-37.024,408.06,408.06,6900.0
0.9186,-32.514,-36.259,408.347,408.347,6900.0
0.9187,-32.177,-35.51,408.61,408.61,6900.0
0.9188,-31.733,-34.624,408.849,408.849,6900.0
0.9189,-31.29,-33.712,409.049,409.049,6900.0
0.919,-30.936,-32.864,409.205,409.205,6900.0
0.9191,-30.597,-32.008,409.318,409.318,6900.0
0.9192,-30.284,-31.156,409.39,409.39,6900.0
0.9193,-30.046,-30.361,409.426,409.426,6900.0
0.9194,-29.909,-29.648,409.441,409.441,6900.0
0.9195,-29.72,-28.869,409.448,409.448,6900.0
0.9196,-29.339,-27.887,409.445,409.445,6900.0
0.9197,-28.878,-26.814,409.416,409.416,6900.0
0.9198,-28.589,-25.905,409.358,409.358,6900.0
0.9199,-28.315,-25.006,409.286,409.286,6900.0
0.92,-28.022,-24.085,409.208,409.208,6900.0
0.9201,-27.333,-22.768,409.111,409.111,6900.0
0.9202,-26.5,-21.309,408.948,408.948,6900.0
0.9203,-26.155,-20.343,408.715,408.715,6900.0
0.9204,-25.908,-19.482,408.443,408.443,6900.0
0.9205,-25.753,-18.723,408.152,408.152,6900.0
0.9206,-25.171,-17.548,407.851,407.851,6900.0
0.9207,-24.424,-16.223,407.513,407.513,6900.0
0.9208,-24.105,-15.342,407.136,407.136,6900.0
0.9209,-23.532,-14.227,406.747,406.747,6900.0
0.921,-23.156,-13.329,406.343,406.343,6900.0
0.9211,-22.358,-12.032,405.933,405.933,6900.0
0.9212,-21.419,-10.62,405.493,405.493,6900.0
0.9213,-20.733,-9.487,405.013,405.013,6900.0
0.9214,-19.861,-8.196,404.504,404.504,6900.0
0.9215,-19.094,-7.041,403.961,403.961,6900.0
0.9216,-18.22,-5.81,403.391,403.391,6900.0
0.9217,-17.31,-4.578,402.793,402.793,6900.0
0.9218,-16.353,-3.331,402.169,402.169,6900.0
0.9219,-15.466,-2.191,401.525,401.525,6900.0
0.922,-14.116,-0.625,400.868,400.868,6900.0
0.9221,-0.0,13.67,400.26,400.26,6900.0
0.9222,-0.0,13.811,399.597,399.597,6900.0
0.9223,-0.0,13.913,398.932,398.932,6900.0
0.9224,-0.0,13.976,398.266,398.266,6900.0
0.9225,-0.0,14.0,397.599,397.599,6900.0
0.9226,-0.0,13.984,396.93,396.93,6900.0
0.9227,-0.0,13.929,396.261,396.261,6900.0
0.9228,-0.0,13.834,395.591,395.591,6900.0
0.9229,-0.0,13.701,394.919,394.919,6900.0
0.923,-0.0,13.53,394.246,394.246,6900.0
0.9231,-0.0,13.321,393.573,393.573,6900.0
0.9232,-0.0,13.075,392.898,392.898,6900.0
0.9233,-0.0,12.793,392.221,392.221,6900.0
0.9234,-0.0,12.477,391.544,391.544,6900.0
0.9235,-0.0,12.127,390.865,390.865,6900.0
0.9236,1.787,13.532,390.194,390.194,6900.0
0.9237,9.952,21.285,389.592,389.592,6900.0
0.9238,13.517,24.408,389.079,389.079,6900.0
0.9239,15.72,26.143,388.623,388.623,6900.0
0.924,17.668,27.597,388.221,388.221,6900.0
0.9241,19.412,28.823,387.882,387.882,6900.0
0.9242,21.052,29.925,387.605,387.605,6900.0
0.9243,22.614,30.929,387.391,387.391,6900.0
0.9244,24.181,31.92,387.238,387.238,6900.0
0.9245,25.669,32.819,387.144,387.144,6900.0
0.9246,27.155,33.703,387.1,387.1,6900.0
0.9247,28.581,34.517,387.101,387.101,6900.0
0.9248,30.056,35.371,387.145,387.145,6900.0
0.9249,31.489,36.18,387.225,387.225,6900.0
0.925,32.889,36.952,387.335,387.335,6900.0
0.9251,34.442,37.877,387.48,387.48,6900.0
0.9252,35.938,38.747,387.682,387.682,6900.0
0.9253,37.525,39.713,387.96,387.96,6900.0
0.9254,38.764,40.338,388.324,388.324,6900.0
0.9255,39.784,40.754,388.752,388.752,6900.0
0.9256,41.056,41.433,389.231,389.231,6900.0
0.9257,41.985,41.785,389.785,389.785,6900.0
0.9258,43.078,42.316,390.395,390.395,6900.0
0.9259,43.816,42.51,391.066,391.066,6900.0
0.926,44.341,42.514,391.752,391.752,6900.0
0.9261,45.184,42.859,392.434,392.434,6900.0
0.9262,45.782,42.982,393.136,393.136,6900.0
0.9263,46.563,43.317,393.841,393.841,6900.0
0.9264,47.095,43.43,394.586,394.586,6900.0
0.9265,47.474,43.421,395.341,395.341,6900.0
0.9266,48.056,43.647,396.115,396.115,6900.0
0.9267,48.29,43.558,396.934,396.934,6900.0
0.9268,48.536,43.515,397.769,397.769,6900.0
0.9269,48.675,43.401,398.654,398.654,6900.0
0.927,48.486,42.995,399.554,399.554,6900.0
0.9271,48.458,42.788,400.458,400.458,6900.0
0.9272,48.114,42.303,401.364,401.364,6900.0
0.9273,47.715,41.802,402.228,402.228,6900.0
0.9274,47.429,41.453,403.066,403.066,6900.0
0.9275,46.9,40.9,403.866,403.866,6900.0
0.9276,46.601,40.617,404.634,404.634,6900.0
0.9277,45.966,40.037,405.379,405.379,6900.0
0.9278,45.253,39.419,406.076,406.076,6900.0
0.9279,44.799,39.098,406.744,406.744,6900.0
0.928,44.04,38.51,407.401,407.401,6900.0
0.9281,43.338,38.017,408.051,408.051,6900.0
0.9282,42.341,37.266,408.689,408.689,6900.0
0.9283,41.184,36.391,409.284,409.284,6900.0
0.9284,40.18,35.703,409.827,409.827,6900.0
0.9285,39.023,34.896,410.326,410.326,6900.0
0.9286,37.904,34.159,410.776,410.776,6900.0
0.9287,36.617,33.285,411.17,411.17,6900.0
0.9288,35.32,32.429,411.498,411.498,6900.0
0.9289,34.034,31.612,411.759,411.759,6900.0
0.929,32.762,30.834,411.963,411.963,6900.0
0.9291,31.485,30.074,412.115,412.115,6900.0
0.9292,30.138,29.266,412.223,412.223,6900.0
0.9293,28.787,28.472,412.291,412.291,6900.0
0.9294,27.313,27.573,412.321,412.321,6900.0
0.9295,25.713,26.563,412.305,412.305,6900.0
0.9296,24.138,25.591,412.232,412.232,6900.0
0.9297,22.667,24.732,412.109,412.109,6900.0
0.9298,21.196,23.88,411.946,411.946,6900.0
0.9299,19.528,22.837,411.746,411.746,6900.0
0.93,17.608,21.545,411.487,411.487,6900.0
0.9301,15.861,20.427,411.155,411.155,6900.0
0.9302,14.487,19.678,410.772,410.772,6900.0
0.9303,13.107,18.919,410.358,410.358,6900.0
0.9304,11.62,18.046,409.921,409.921,6900.0
0.9305,9.696,16.726,409.451,409.451,6900.0
0.9306,7.933,15.556,408.937,408.937,6900.0
0.9307,6.435,14.636,408.392,408.392,6900.0
0.9308,4.878,13.64,407.82,407.82,6900.0
0.9309,3.338,12.643,407.228,407.228,6900.0
0.931,1.462,11.289,406.611,406.611,6900.0
0.9311,0.005,10.331,405.969,405.969,6900.0
0.9312,-0.0,10.799,405.318,405.318,6900.0
0.9313,-0.0,11.246,404.664,404.664,6900.0
0.9314,-0.0,11.665,404.008,404.008,6900.0
0.9315,-0.0,12.053,403.35,403.35,6900.0
0.9316,-0.0,12.409,402.691,402.691,6900.0
0.9317,-0.0,12.732,402.032,402.032,6900.0
0.9318,-0.0,13.021,401.371,401.371,6900.0
0.9319,-0.0,13.274,400.709,400.709,6900.0
0.932,-0.0,13.491,400.046,400.046,6900.0
0.9321,0.0,13.67,399.382,399.382,6900.0
0.9322,0.0,13.811,398.717,398.717,6900.0
0.9323,0.0,13.913,398.05,398.05,6900.0
0.9324,0.0,13.976,397.383,397.383,6900.0
0.9325,0.0,14.0,396.714,396.714,6900.0
0.9326,0.0,13.984,396.045,396.045,6900.0
0.9327,0.0,13.929,395.374,395.374,6900.0
0.9328,0.0,13.835,394.702,394.702,6900.0
0.9329,0.0,13.701,394.029,394.029,6900.0
0.933,0.0,13.53,393.354,393.354,6900.0
0.9331,0.0,13.321,392.679,392.679,6900.0
0.9332,0.0,13.075,392.002,392.002,6900.0
0.9333,0.0,12.793,391.325,391.325,6900.0
0.9334,0.0,12.477,390.646,390.646,6900.0
0.9335,0.0,12.127,389.966,389.966,6900.0
0.9336,0.0,11.745,389.284,389.284,6900.0
0.9337,0.0,11.333,388.602,388.602,6900.0
0.9338,-7.761,3.13,387.924,387.924,6900.0
0.9339,-36.245,-25.822,387.239,387.239,6900.0
0.934,-46.003,-36.074,387.083,387.083,6900.0
0.9341,-41.683,-32.271,387.264,387.264,6900.0
0.9342,-41.223,-32.351,387.345,387.345,6900.0
0.9343,-41.693,-33.379,387.47,387.47,6900.0
0.9344,-42.171,-34.431,387.681,387.681,6900.0
0.9345,-42.573,-35.423,387.99,387.99,6900.0
0.9346,-42.855,-36.307,388.389,388.389,6900.0
0.9347,-42.846,-36.91,388.861,388.861,6900.0
0.9348,-42.752,-37.436,389.361,389.361,6900.0
0.9349,-42.588,-37.897,389.854,389.854,6900.0
0.935,-42.611,-38.548,390.324,390.324,6900.0
0.9351,-42.646,-39.211,390.772,390.772,6900.0
0.9352,-42.738,-39.929,391.209,391.209,6900.0
0.9353,-42.7,-40.512,391.634,391.634,6900.0
0.9354,-42.766,-41.192,392.049,392.049,6900.0
0.9355,-43.094,-42.125,392.495,392.495,6900.0
0.9356,-43.214,-42.837,393.0,393.0,6900.0
0.9357,-43.238,-43.438,393.593,393.593,6900.0
0.9358,-42.851,-43.613,394.25,394.25,6900.0
0.9359,-42.456,-43.761,394.924,394.924,6900.0
0.936,-42.153,-43.979,395.621,395.621,6900.0
0.9361,-41.669,-43.995,396.315,396.315,6900.0
0.9362,-41.332,-44.131,397.001,397.001,6900.0
0.9363,-40.727,-43.974,397.655,397.655,6900.0
0.9364,-40.31,-43.975,398.244,398.244,6900.0
0.9365,-40.063,-44.116,398.799,398.799,6900.0
0.9366,-39.769,-44.178,399.32,399.32,6900.0
0.9367,-39.732,-44.465,399.835,399.835,6900.0
0.9368,-39.395,-44.416,400.367,400.367,6900.0
0.9369,-39.207,-44.481,400.899,400.899,6900.0
0.937,-38.974,-44.465,401.469,401.469,6900.0
0.9371,-38.415,-44.085,402.054,402.054,6900.0
0.9372,-38.091,-43.902,402.641,402.641,6900.0
0.9373,-37.527,-43.44,403.238,403.238,6900.0
0.9374,-37.025,-43.001,403.805,403.805,6900.0
0.9375,-36.468,-42.468,404.352,404.352,6900.0
0.9376,-35.841,-41.825,404.848,404.848,6900.0
0.9377,-35.463,-41.392,405.281,405.281,6900.0
0.9378,-35.116,-40.951,405.677,405.677,6900.0
0.9379,-34.923,-40.625,406.034,406.034,6900.0
0.938,-34.643,-40.173,406.381,406.381,6900.0
0.9381,-34.309,-39.629,406.71,406.71,6900.0
0.9382,-34.101,-39.176,407.021,407.021,6900.0
0.9383,-33.842,-38.635,407.341,407.341,6900.0
0.9384,-33.646,-38.122,407.664,407.664,6900.0
0.9385,-33.207,-37.334,407.997,407.997,6900.0
0.9386,-32.67,-36.415,408.314,408.314,6900.0
0.9387,-32.186,-35.518,408.593,408.593,6900.0
0.9388,-31.745,-34.636,408.834,408.834,6900.0
0.9389,-31.361,-33.784,409.028,409.028,6900.0
0.939,-31.013,-32.942,409.178,409.178,6900.0
0.9391,-30.732,-32.143,409.285,409.285,6900.0
0.9392,-30.501,-31.374,409.358,409.358,6900.0
0.9393,-30.233,-30.548,409.401,409.401,6900.0
0.9394,-29.958,-29.697,409.418,409.418,6900.0
0.9395,-29.778,-28.928,409.414,409.414,6900.0
0.9396,-29.566,-28.114,409.405,409.405,6900.0
0.9397,-29.327,-27.263,409.398,409.398,6900.0
0.9398,-28.784,-26.099,409.383,409.383,6900.0
0.9399,-28.129,-24.819,409.328,409.328,6900.0
0.94,-27.764,-23.827,409.224,409.224,6900.0
0.9401,-27.506,-22.941,409.091,409.091,6900.0
0.9402,-27.246,-22.055,408.942,408.942,6900.0
0.9403,-26.532,-20.72,408.772,408.772,6900.0
0.9404,-25.745,-19.319,408.536,408.536,6900.0
0.9405,-25.44,-18.409,408.236,408.236,6900.0
0.9406,-25.087,-17.464,407.902,407.902,6900.0
0.9407,-24.906,-16.705,407.55,407.55,6900.0
0.9408,-24.338,-15.575,407.193,407.193,6900.0
0.9409,-23.532,-14.227,406.808,406.808,6900.0
0.941,-23.073,-13.246,406.391,406.391,6900.0
0.9411,-22.399,-12.073,405.96,405.96,6900.0
0.9412,-21.842,-11.042,405.511,405.511,6900.0
0.9413,-20.978,-9.732,405.049,405.049,6900.0
0.9414,-20.013,-8.348,404.555,404.555,6900.0
0.9415,-19.142,-7.089,404.023,404.023,6900.0
0.9416,-18.247,-5.838,403.46,403.46,6900.0
0.9417,-17.38,-4.648,402.865,402.865,6900.0
0.9418,-16.439,-3.418,402.244,402.244,6900.0
0.9419,-15.728,-2.454,401.599,401.599,6900.0
0.942,-14.671,-1.18,400.94,400.94,6900.0
0.9421,-0.0,13.67,400.335,400.335,6900.0
0.9422,-0.0,13.811,399.671,399.671,6900.0
0.9423,-0.0,13.913,399.006,399.006,6900.0
0.9424,-0.0,13.976,398.341,398.341,6900.0
0.9425,-0.0,13.999,397.674,397.674,6900.0
0.9426,-0.0,13.984,397.006,397.006,6900.0
0.9427,-0.0,13.929,396.336,396.336,6900.0
0.9428,-0.0,13.834,395.666,395.666,6900.0
0.9429,-0.0,13.701,394.995,394.995,6900.0
0.943,-0.0,13.53,394.322,394.322,6900.0
0.9431,-0.0,13.321,393.648,393.648,6900.0
0.9432,-0.0,13.075,392.973,392.973,6900.0
0.9433,-0.0,12.793,392.297,392.297,6900.0
0.9434,-0.0,12.477,391.62,391.62,6900.0
0.9435,-0.0,12.127,390.942,390.942,6900.0
0.9436,1.148,12.893,390.268,390.268,6900.0
0.9437,9.936,21.268,389.653,389.653,6900.0
0.9438,13.785,24.676,389.15,389.15,6900.0
0.9439,15.673,26.096,388.714,388.714,6900.0
0.944,17.423,27.352,388.317,388.317,6900.0
0.9441,19.208,28.62,387.971,387.971,6900.0
0.9442,20.964,29.836,387.686,387.686,6900.0
0.9443,22.607,30.921,387.467,387.467,6900.0
0.9444,24.126,31.865,387.312,387.312,6900.0
0.9445,25.628,32.778,387.214,387.214,6900.0
0.9446,27.081,33.629,387.166,387.166,6900.0
0.9447,28.541,34.476,387.16,387.16,6900.0
0.9448,30.011,35.327,387.191,387.191,6900.0
0.9449,31.513,36.204,387.261,387.261,6900.0
0.945,33.068,37.131,387.38,387.38,6900.0
0.9451,34.461,37.895,387.549,387.549,6900.0
0.9452,35.823,38.632,387.761,387.761,6900.0
0.9453,37.324,39.512,388.023,388.023,6900.0
0.9454,38.688,40.263,388.36,388.36,6900.0
0.9455,40.109,41.079,388.783,388.783,6900.0
0.9456,41.095,41.473,389.297,389.297,6900.0
0.9457,41.923,41.722,389.86,389.86,6900.0
0.9458,42.921,42.158,390.457,390.457,6900.0
0.9459,43.699,42.394,391.099,391.099,6900.0
0.946,44.607,42.78,391.767,391.767,6900.0
0.9461,45.279,42.953,392.475,392.475,6900.0
0.9462,45.751,42.952,393.183,393.183,6900.0
0.9463,46.519,43.273,393.887,393.887,6900.0
0.9464,47.06,43.395,394.618,394.618,6900.0
0.9465,47.695,43.642,395.363,395.363,6900.0
0.9466,48.119,43.71,396.162,396.162,6900.0
0.9467,48.258,43.525,396.986,396.986,6900.0
0.9468,48.625,43.603,397.833,397.833,6900.0
0.9469,48.593,43.318,398.72,398.72,6900.0
0.947,48.525,43.034,399.605,399.605,6900.0
0.9471,48.465,42.795,400.508,400.508,6900.0
0.9472,48.091,42.281,401.399,401.399,6900.0
0.9473,47.919,42.006,402.271,402.271,6900.0
0.9474,47.429,41.453,403.124,403.124,6900.0
0.9475,46.901,40.901,403.92,403.92,6900.0
0.9476,46.583,40.599,404.682,404.682,6900.0
0.9477,46.016,40.087,405.414,405.414,6900.0
0.9478,45.545,39.71,406.127,406.127,6900.0
0.9479,44.83,39.129,406.826,406.826,6900.0
0.948,43.945,38.415,407.488,407.488,6900.0
0.9481,43.27,37.949,408.12,408.12,6900.0
0.9482,42.369,37.294,408.735,408.735,6900.0
0.9483,41.458,36.665,409.334,409.334,6900.0
0.9484,40.264,35.788,409.902,409.902,6900.0
0.9485,39.022,34.895,410.411,410.411,6900.0
0.9486,37.86,34.115,410.855,410.855,6900.0
0.9487,36.638,33.305,411.24,411.24,6900.0
0.9488,35.452,32.561,411.567,411.567,6900.0
0.9489,34.141,31.719,411.839,411.839,6900.0
0.949,32.86,30.931,412.051,412.051,6900.0
0.9491,31.502,30.091,412.211,412.211,6900.0
0.9492,30.164,29.292,412.321,412.321,6900.0
0.9493,28.775,28.461,412.384,412.384,6900.0
0.9494,27.406,27.666,412.406,412.406,6900.0
0.9495,25.939,26.79,412.392,412.392,6900.0
0.9496,24.332,25.785,412.34,412.34,6900.0
0.9497,22.603,24.667,412.234,412.234,6900.0
0.9498,20.971,23.656,412.06,412.06,6900.0
0.9499,19.486,22.796,411.833,411.833,6900.0
0.95,18.004,21.941,411.566,411.566,6900.0
0.9501,16.422,20.987,411.265,411.265,6900.0
0.9502,14.447,19.638,410.913,410.913,6900.0
0.9503,12.665,18.477,410.495,410.495,6900.0
0.9504,11.311,17.737,410.035,410.035,6900.0
0.9505,9.896,16.927,409.546,409.546,6900.0
0.9506,8.443,16.066,409.039,409.039,6900.0
0.9507,6.56,14.761,408.504,408.504,6900.0
0.9508,4.778,13.541,407.934,407.934,6900.0
0.9509,3.28,12.585,407.339,407.339,6900.0
0.951,1.641,11.468,406.721,406.721,6900.0
0.9511,0.093,10.418,406.083,406.083,6900.0
0.9512,-0.0,10.799,405.433,405.433,6900.0
0.9513,-0.0,11.246,404.78,404.78,6900.0
0.9514,-0.0,11.665,404.124,404.124,6900.0
0.9515,-0.0,12.053,403.466,403.466,6900.0
0.9516,-0.0,12.409,402.808,402.808,6900.0
0.9517,-0.0,12.732,402.148,402.148,6900.0
0.9518,-0.0,13.021,401.487,401.487,6900.0
0.9519,-0.0,13.274,400.826,400.826,6900.0
0.952,-0.019,13.472,400.163,400.163,6900.0
0.9521,0.0,13.67,399.499,399.499,6900.0
0.9522,0.0,13.811,398.834,398.834,6900.0
0.9523,0.0,13.913,398.168,398.168,6900.0
0.9524,0.0,13.976,397.501,397.501,6900.0
0.9525,0.0,14.0,396.832,396.832,6900.0
0.9526,0.0,13.984,396.163,396.163,6900.0
0.9527,0.0,13.929,395.492,395.492,6900.0
0.9528,0.0,13.835,394.82,394.82,6900.0
0.9529,0.0,13.701,394.148,394.148,6900.0
0.953,0.0,13.53,393.473,393.473,6900.0
0.9531,0.0,13.321,392.798,392.798,6900.0
0.9532,0.0,13.075,392.122,392.122,6900.0
0.9533,0.0,12.793,391.444,391.444,6900.0
0.9534,0.0,12.477,390.766,390.766,6900.0
0.9535,0.0,12.127,390.086,390.086,6900.0
0.9536,0.0,11.745,389.405,389.405,6900.0
0.9537,0.0,11.333,388.723,388.723,6900.0
0.9538,-6.498,4.393,388.046,388.046,6900.0
0.9539,-34.726,-24.304,387.361,387.361,6900.0
0.954,-45.947,-36.019,387.13,387.13,6900.0
0.9541,-41.774,-32.363,387.289,387.289,6900.0
0.9542,-41.231,-32.358,387.363,387.363,6900.0
0.9543,-41.652,-33.337,387.48,387.48,6900.0
0.9544,-42.142,-34.402,387.681,387.681,6900.0
0.9545,-42.515,-35.365,387.977,387.977,6900.0
0.9546,-42.697,-36.149,388.355,388.355,6900.0
0.9547,-42.847,-36.911,388.797,388.797,6900.0
0.9548,-42.885,-37.569,389.286,389.286,6900.0
0.9549,-42.805,-38.114,389.798,389.798,6900.0
0.955,-42.618,-38.555,390.298,390.298,6900.0
0.9551,-42.495,-39.06,390.76,390.76,6900.0
0.9552,-42.634,-39.825,391.192,391.192,6900.0
0.9553,-42.78,-40.593,391.612,391.612,6900.0
0.9554,-42.912,-41.338,392.053,392.053,6900.0
0.9555,-42.898,-41.928,392.516,392.516,6900.0
0.9556,-42.916,-42.539,392.998,392.998,6900.0
0.9557,-43.043,-43.244,393.538,393.538,6900.0
0.9558,-42.944,-43.707,394.141,394.141,6900.0
0.9559,-42.812,-44.117,394.819,394.819,6900.0
0.956,-42.217,-44.044,395.539,395.539,6900.0
0.9561,-41.704,-44.03,396.24,396.24,6900.0
0.9562,-41.296,-44.095,396.93,396.93,6900.0
0.9563,-40.763,-44.01,397.581,397.581,6900.0
0.9564,-40.515,-44.18,398.199,398.199,6900.0
0.9565,-40.012,-44.065,398.781,398.781,6900.0
0.9566,-39.746,-44.155,399.306,399.306,6900.0
0.9567,-39.598,-44.33,399.82,399.82,6900.0
0.9568,-39.293,-44.314,400.326,400.326,6900.0
0.9569,-39.293,-44.567,400.845,400.845,6900.0
0.957,-38.914,-44.405,401.402,401.402,6900.0
0.9571,-38.599,-44.269,401.969,401.969,6900.0
0.9572,-38.205,-44.016,402.568,402.568,6900.0
0.9573,-37.566,-43.479,403.163,403.163,6900.0
0.9574,-37.112,-43.088,403.735,403.735,6900.0
0.9575,-36.532,-42.532,404.286,404.286,6900.0
0.9576,-36.048,-42.032,404.789,404.789,6900.0
0.9577,-35.604,-41.533,405.255,405.255,6900.0
0.9578,-35.104,-40.939,405.667,405.667,6900.0
0.9579,-34.861,-40.562,406.024,406.024,6900.0
0.958,-34.603,-40.133,406.358,406.358,6900.0
0.9581,-34.496,-39.816,406.674,406.674,6900.0
0.9582,-34.226,-39.301,406.999,406.999,6900.0
0.9583,-33.887,-38.68,407.321,407.321,6900.0
0.9584,-33.553,-38.029,407.632,407.632,6900.0
0.9585,-33.227,-37.354,407.945,407.945,6900.0
0.9586,-32.904,-36.649,408.251,408.251,6900.0
0.9587,-32.453,-35.786,408.546,408.546,6900.0
0.9588,-31.914,-34.805,408.809,408.809,6900.0
0.9589,-31.441,-33.864,409.024,409.024,6900.0
0.959,-31.073,-33.002,409.188,409.188,6900.0
0.9591,-30.717,-32.128,409.302,409.302,6900.0
0.9592,-30.468,-31.34,409.371,409.371,6900.0
0.9593,-30.292,-30.607,409.408,409.408,6900.0
0.9594,-30.125,-29.865,409.428,409.428,6900.0
0.9595,-29.839,-28.989,409.433,409.433,6900.0
0.9596,-29.491,-28.039,409.42,409.42,6900.0
0.9597,-29.224,-27.16,409.389,409.389,6900.0
0.9598,-28.973,-26.289,409.353,409.353,6900.0
0.9599,-28.674,-25.365,409.316,409.316,6900.0
0.96,-28.022,-24.085,409.264,409.264,6900.0
0.9601,-27.201,-22.636,409.154,409.154,6900.0
0.9602,-26.826,-21.636,408.975,408.975,6900.0
0.9603,-26.595,-20.783,408.757,408.757,6900.0
0.9604,-26.389,-19.963,408.518,408.518,6900.0
0.9605,-25.767,-18.736,408.263,408.263,6900.0
0.9606,-24.988,-17.365,407.958,407.958,6900.0
0.9607,-24.7,-16.499,407.605,407.605,6900.0
0.9608,-24.25,-15.488,407.231,407.231,6900.0
0.9609,-23.968,-14.663,406.844,406.844,6900.0
0.961,-23.265,-13.438,406.454,406.454,6900.0
0.9611,-22.332,-12.007,406.038,406.038,6900.0
0.9612,-21.747,-10.947,405.584,405.584,6900.0
0.9613,-20.929,-9.682,405.108,405.108,6900.0
0.9614,-20.207,-8.542,404.603,404.603,6900.0
0.9615,-19.336,-7.283,404.073,404.073,6900.0
0.9616,-18.37,-5.96,403.513,403.513,6900.0
0.9617,-17.471,-4.738,402.921,402.921,6900.0
0.9618,-16.529,-3.508,402.303,402.303,6900.0
0.9619,-15.981,-2.707,401.659,401.659,6900.0
0.962,-14.768,-1.277,401.003,401.003,6900.0
0.9621,-0.0,13.67,400.4,400.4,6900.0
0.9622,-0.0,13.811,399.736,399.736,6900.0
0.9623,-0.0,13.913,399.072,399.072,6900.0
0.9624,-0.0,13.976,398.406,398.406,6900.0
0.9625,-0.0,13.999,397.739,397.739,6900.0
0.9626,-0.0,13.984,397.071,397.071,6900.0
0.9627,-0.0,13.929,396.402,396.402,6900.0
0.9628,-0.0,13.834,395.732,395.732,6900.0
0.9629,-0.0,13.701,395.061,395.061,6900.0
0.963,-0.0,13.53,394.388,394.388,6900.0
0.9631,-0.0,13.321,393.714,393.714,6900.0
0.9632,-0.0,13.075,393.04,393.04,6900.0
0.9633,-0.0,12.793,392.364,392.364,6900.0
0.9634,-0.0,12.477,391.687,391.687,6900.0
0.9635,-0.0,12.127,391.008,391.008,6900.0
0.9636,0.805,12.55,390.334,390.334,6900.0
0.9637,9.322,20.655,389.711,389.711,6900.0
0.9638,13.446,24.337,389.182,389.182,6900.0
0.9639,15.809,26.232,388.723,388.723,6900.0
0.964,17.684,27.613,388.327,388.327,6900.0
0.9641,19.301,28.712,387.991,387.991,6900.0
0.9642,20.923,29.795,387.712,387.712,6900.0
0.9643,22.565,30.88,387.497,387.497,6900.0
0.9644,24.116,31.856,387.346,387.346,6900.0
0.9645,25.616,32.765,387.253,387.253,6900.0
0.9646,27.063,33.611,387.21,387.21,6900.0
0.9647,28.492,34.427,387.212,387.212,6900.0
0.9648,29.938,35.253,387.247,387.247,6900.0
0.9649,31.388,36.078,387.312,387.312,6900.0
0.965,32.908,36.971,387.406,387.406,6900.0
0.9651,34.433,37.868,387.548,387.548,6900.0
0.9652,36.063,38.872,387.756,387.756,6900.0
0.9653,37.403,39.591,388.04,388.04,6900.0
0.9654,38.601,40.175,388.386,388.386,6900.0
0.9655,39.961,40.931,388.792,388.792,6900.0
0.9656,41.054,41.431,389.282,389.282,6900.0
0.9657,42.232,42.032,389.846,389.846,6900.0
0.9658,43.017,42.254,390.487,390.487,6900.0
0.9659,43.6,42.295,391.152,391.152,6900.0
0.966,44.476,42.649,391.82,391.82,6900.0
0.9661,45.102,42.777,392.51,392.51,6900.0
0.9662,45.932,43.132,393.201,393.201,6900.0
0.9663,46.565,43.319,393.923,393.923,6900.0
0.9664,46.951,43.286,394.65,394.65,6900.0
0.9665,47.659,43.606,395.385,395.385,6900.0
0.9666,48.032,43.623,396.163,396.163,6900.0
0.9667,48.431,43.698,396.965,396.965,6900.0
0.9668,48.708,43.687,397.828,397.828,6900.0
0.9669,48.602,43.328,398.717,398.717,6900.0
0.967,48.727,43.236,399.622,399.622,6900.0
0.9671,48.446,42.776,400.545,400.545,6900.0
0.9672,48.084,42.273,401.437,401.437,6900.0
0.9673,47.922,42.009,402.31,402.31,6900.0
0.9674,47.423,41.447,403.151,403.151,6900.0
0.9675,47.137,41.137,403.958,403.958,6900.0
0.9676,46.566,40.582,404.736,404.736,6900.0
0.9677,45.961,40.032,405.46,405.46,6900.0
0.9678,45.517,39.683,406.155,406.155,6900.0
0.9679,44.862,39.161,406.832,406.832,6900.0
0.968,44.285,38.755,407.502,407.502,6900.0
0.9681,43.374,38.053,408.166,408.166,6900.0
0.9682,42.313,37.238,408.793,408.793,6900.0
0.9683,41.391,36.598,409.379,409.379,6900.0
0.9684,40.331,35.854,409.932,409.932,6900.0
0.9685,39.25,35.123,410.449,410.449,6900.0
0.9686,37.976,34.231,410.915,410.915,6900.0
0.9687,36.648,33.315,411.314,411.314,6900.0
0.9688,35.409,32.518,411.64,411.64,6900.0
0.9689,34.174,31.751,411.904,411.904,6900.0
0.969,32.908,30.979,412.113,412.113,6900.0
0.9691,31.604,30.193,412.271,412.271,6900.0
0.9692,30.269,29.396,412.384,412.384,6900.0
0.9693,28.846,28.532,412.456,412.456,6900.0
0.9694,27.374,27.635,412.484,412.484,6900.0
0.9695,25.875,26.725,412.462,412.462,6900.0
0.9696,24.433,25.885,412.397,412.397,6900.0
0.9697,22.941,25.005,412.293,412.293,6900.0
0.9698,21.253,23.937,412.151,412.151,6900.0
0.9699,19.394,22.703,411.949,411.949,6900.0
0.97,17.666,21.604,411.673,411.673,6900.0
0.9701,16.235,20.8,411.342,411.342,6900.0
0.9702,14.865,20.056,410.977,410.977,6900.0
0.9703,13.341,19.153,410.587,410.587,6900.0
0.9704,11.357,17.783,410.157,410.157,6900.0
0.9705,9.655,16.685,409.674,409.674,6900.0
0.9706,8.212,15.835,409.159,409.159,6900.0
0.9707,6.701,14.902,408.616,408.616,6900.0
0.9708,5.188,13.95,408.052,408.052,6900.0
0.9709,3.298,12.603,407.463,407.463,6900.0
0.971,1.514,11.341,406.843,406.843,6900.0
0.9711,0.065,10.39,406.203,406.203,6900.0
0.9712,-0.0,10.799,405.553,405.553,6900.0
0.9713,-0.0,11.246,404.9,404.9,6900.0
0.9714,-0.0,11.665,404.244,404.244,6900.0
0.9715,-0.0,12.053,403.587,403.587,6900.0
0.9716,-0.0,12.409,402.929,402.929,6900.0
0.9717,-0.0,12.732,402.269,402.269,6900.0
0.9718,-0.0,13.021,401.609,401.609,6900.0
0.9719,-0.0,13.274,400.947,400.947,6900.0
0.972,-0.0,13.491,400.285,400.285,6900.0
0.9721,0.0,13.67,399.621,399.621,6900.0
0.9722,0.0,13.811,398.956,398.956,6900.0
0.9723,0.0,13.913,398.29,398.29,6900.0
0.9724,0.0,13.976,397.623,397.623,6900.0
0.9725,0.0,14.0,396.955,396.955,6900.0
0.9726,0.0,13.984,396.286,396.286,6900.0
0.9727,0.0,13.929,395.615,395.615,6900.0
0.9728,0.0,13.835,394.944,394.944,6900.0
0.9729,0.0,13.701,394.271,394.271,6900.0
0.973,0.0,13.53,393.597,393.597,6900.0
0.9731,0.0,13.321,392.922,392.922,6900.0
0.9732,0.0,13.075,392.246,392.246,6900.0
0.9733,0.0,12.793,391.569,391.569,6900.0
0.9734,0.0,12.477,390.89,390.89,6900.0
0.9735,0.0,12.127,390.211,390.211,6900.0
0.9736,0.0,11.745,389.53,389.53,6900.0
0.9737,0.0,11.333,388.848,388.848,6900.0
0.9738,-5.184,5.707,388.171,388.171,6900.0
0.9739,-34.906,-24.484,387.487,387.487,6900.0
0.974,-44.947,-35.018,387.313,387.313,6900.0
0.9741,-41.26,-31.849,387.453,387.453,6900.0
0.9742,-40.973,-32.101,387.509,387.509,6900.0
0.9743,-41.524,-33.209,387.611,387.611,6900.0
0.9744,-42.052,-34.312,387.802,387.802,6900.0
0.9745,-42.486,-35.336,388.093,388.093,6900.0
0.9746,-42.656,-36.108,388.479,388.479,6900.0
0.9747,-42.703,-36.767,388.927,388.927,6900.0
0.9748,-42.603,-37.288,389.405,389.405,6900.0
0.9749,-42.642,-37.951,389.889,389.889,6900.0
0.975,-42.638,-38.575,390.37,390.37,6900.0
0.9751,-42.563,-39.128,390.843,390.843,6900.0
0.9752,-42.501,-39.692,391.288,391.288,6900.0
0.9753,-42.537,-40.349,391.704,391.704,6900.0
0.9754,-42.772,-41.198,392.122,392.122,6900.0
0.9755,-42.998,-42.028,392.57,392.57,6900.0
0.9756,-43.048,-42.671,393.087,393.087,6900.0
0.9757,-42.861,-43.061,393.657,393.657,6900.0
0.9758,-42.641,-43.404,394.257,394.257,6900.0
0.9759,-42.523,-43.828,394.903,394.903,6900.0
0.976,-42.14,-43.967,395.58,395.58,6900.0
0.9761,-41.833,-44.158,396.284,396.284,6900.0
0.9762,-41.2,-44.0,396.982,396.982,6900.0
0.9763,-40.681,-43.927,397.628,397.628,6900.0
0.9764,-40.39,-44.055,398.237,398.237,6900.0
0.9765,-39.966,-44.019,398.804,398.804,6900.0
0.9766,-39.879,-44.288,399.343,399.343,6900.0
0.9767,-39.495,-44.228,399.874,399.874,6900.0
0.9768,-39.266,-44.287,400.383,400.383,6900.0
0.9769,-39.144,-44.418,400.911,400.911,6900.0
0.977,-38.744,-44.235,401.454,401.454,6900.0
0.9771,-38.576,-44.246,402.013,402.013,6900.0
0.9772,-38.062,-43.873,402.602,402.602,6900.0
0.9773,-37.611,-43.524,403.183,403.183,6900.0
0.9774,-37.11,-43.086,403.765,403.765,6900.0
0.9775,-36.415,-42.415,404.314,404.314,6900.0
0.9776,-36.031,-42.015,404.808,404.808,6900.0
0.9777,-35.532,-41.461,405.267,405.267,6900.0
0.9778,-35.206,-41.04,405.675,405.675,6900.0
0.9779,-34.911,-40.612,406.054,406.054,6900.0
0.978,-34.529,-40.059,406.399,406.399,6900.0
0.9781,-34.309,-39.629,406.711,406.711,6900.0
0.9782,-34.122,-39.197,407.021,407.021,6900.0
0.9783,-33.985,-38.778,407.334,407.334,6900.0
0.9784,-33.641,-38.118,407.663,407.663,6900.0
0.9785,-33.215,-37.342,407.987,407.987,6900.0
0.9786,-32.724,-36.469,408.289,408.289,6900.0
0.9787,-32.347,-35.679,408.568,408.568,6900.0
0.9788,-31.94,-34.831,408.817,408.817,6900.0
0.9789,-31.531,-33.953,409.03,409.03,6900.0
0.979,-31.151,-33.08,409.2,409.2,6900.0
0.9791,-30.803,-32.214,409.325,409.325,6900.0
0.9792,-30.49,-31.363,409.407,409.407,6900.0
0.9793,-30.228,-30.542,409.449,409.449,6900.0
0.9794,-30.053,-29.792,409.461,409.461,6900.0
0.9795,-29.888,-29.038,409.459,409.459,6900.0
0.9796,-29.701,-28.249,409.454,409.454,6900.0
0.9797,-29.283,-27.219,409.445,409.445,6900.0
0.9798,-28.747,-26.063,409.41,409.41,6900.0
0.9799,-28.453,-25.144,409.343,409.343,6900.0
0.98,-28.152,-24.215,409.258,409.258,6900.0
0.9801,-27.828,-23.262,409.163,409.163,6900.0
0.9802,-27.09,-21.899,409.044,409.044,6900.0
0.9803,-26.236,-20.424,408.854,408.854,6900.0
0.9804,-25.917,-19.491,408.59,408.59,6900.0
0.9805,-25.666,-18.635,408.284,408.284,6900.0
0.9806,-25.497,-17.875,407.959,407.959,6900.0
0.9807,-24.976,-16.775,407.627,407.627,6900.0
0.9808,-24.205,-15.442,407.265,407.265,6900.0
0.9809,-23.837,-14.531,406.87,406.87,6900.0
0.981,-23.239,-13.412,406.466,406.466,6900.0
0.9811,-22.797,-12.471,406.05,406.05,6900.0
0.9812,-21.971,-11.171,405.628,405.628,6900.0
0.9813,-20.962,-9.716,405.176,405.176,6900.0
0.9814,-20.168,-8.503,404.681,404.681,6900.0
0.9815,-19.24,-7.187,404.154,404.154,6900.0
0.9816,-18.429,-6.02,403.589,403.589,6900.0
0.9817,-17.516,-4.783,402.995,402.995,6900.0
0.9818,-16.594,-3.573,402.374,402.374,6900.0
0.9819,-16.085,-2.81,401.726,401.726,6900.0
0.982,-14.553,-1.062,401.07,401.07,6900.0
0.9821,-0.0,13.67,400.462,400.462,6900.0
0.9822,-0.0,13.811,399.799,399.799,6900.0
0.9823,-0.0,13.913,399.134,399.134,6900.0
0.9824,-0.0,13.976,398.469,398.469,6900.0
0.9825,-0.0,13.999,397.802,397.802,6900.0
0.9826,-0.0,13.984,397.134,397.134,6900.0
0.9827,-0.0,13.929,396.465,396.465,6900.0
0.9828,-0.0,13.834,395.795,395.795,6900.0
0.9829,-0.0,13.701,395.124,395.124,6900.0
0.983,-0.0,13.53,394.451,394.451,6900.0
0.9831,-0.0,13.321,393.778,393.778,6900.0
0.9832,-0.0,13.075,393.103,393.103,6900.0
0.9833,-0.0,12.793,392.427,392.427,6900.0
0.9834,-0.0,12.477,391.75,391.75,6900.0
0.9835,-0.0,12.127,391.072,391.072,6900.0
0.9836,0.534,12.279,390.397,390.397,6900.0
0.9837,9.295,20.628,389.779,389.779,6900.0
0.9838,13.204,24.095,389.266,389.266,6900.0
0.9839,15.321,25.744,388.805,388.805,6900.0
0.984,17.294,27.222,388.39,388.39,6900.0
0.9841,19.148,28.559,388.033,388.033,6900.0
0.9842,20.877,29.749,387.743,387.743,6900.0
0.9843,22.456,30.77,387.521,387.521,6900.0
0.9844,23.977,31.716,387.361,387.361,6900.0
0.9845,25.47,32.62,387.259,387.259,6900.0
0.9846,26.918,33.465,387.21,387.21,6900.0
0.9847,28.407,34.342,387.203,387.203,6900.0
0.9848,29.854,35.17,387.238,387.238,6900.0
0.9849,31.346,36.036,387.313,387.313,6900.0
0.985,32.765,36.828,387.427,387.427,6900.0
0.9851,34.177,37.612,387.576,387.576,6900.0
0.9852,35.747,38.556,387.763,387.763,6900.0
0.9853,37.206,39.394,388.017,388.017,6900.0
0.9854,38.709,40.283,388.353,388.353,6900.0
0.9855,39.824,40.794,388.779,388.779,6900.0
0.9856,40.807,41.185,389.265,389.265,6900.0
0.9857,41.937,41.736,389.799,389.799,6900.0
0.9858,42.796,42.034,390.399,390.399,6900.0
0.9859,43.817,42.512,391.043,391.043,6900.0
0.986,44.501,42.674,391.74,391.74,6900.0
0.9861,44.988,42.663,392.443,392.443,6900.0
0.9862,45.763,42.963,393.139,393.139,6900.0
0.9863,46.353,43.106,393.851,393.851,6900.0
0.9864,47.057,43.392,394.567,394.567,6900.0
0.9865,47.576,43.523,395.328,395.328,6900.0
0.9866,47.821,43.412,396.106,396.106,6900.0
0.9867,48.335,43.603,396.904,396.904,6900.0
0.9868,48.465,43.444,397.749,397.749,6900.0
0.9869,48.614,43.339,398.607,398.607,6900.0
0.987,48.644,43.153,399.507,399.507,6900.0
0.9871,48.338,42.668,400.412,400.412,6900.0
0.9872,48.245,42.434,401.308,401.308,6900.0
0.9873,47.811,41.897,402.197,402.197,6900.0
0.9874,47.334,41.358,403.035,403.035,6900.0
0.9875,47.051,41.051,403.84,403.84,6900.0
0.9876,46.506,40.522,404.609,404.609,6900.0
0.9877,46.143,40.214,405.349,405.349,6900.0
0.9878,45.418,39.583,406.072,406.072,6900.0
0.9879,44.69,38.989,406.749,406.749,6900.0
0.988,44.121,38.591,407.399,407.399,6900.0
0.9881,43.288,37.967,408.037,408.037,6900.0
0.9882,42.488,37.413,408.663,408.663,6900.0
0.9883,41.434,36.641,409.269,409.269,6900.0
0.9884,40.207,35.73,409.827,409.827,6900.0
0.9885,39.14,35.013,410.327,410.327,6900.0
0.9886,37.969,34.224,410.777,410.777,6900.0
0.9887,36.76,33.427,411.176,411.176,6900.0
0.9888,35.487,32.596,411.517,411.517,6900.0
0.9889,34.15,31.727,411.795,411.795,6900.0
0.989,32.891,30.963,412.01,412.01,6900.0
0.9891,31.563,30.151,412.172,412.172,6900.0
0.9892,30.231,29.359,412.283,412.283,6900.0
0.9893,28.86,28.545,412.351,412.351,6900.0
0.9894,27.49,27.751,412.379,412.379,6900.0
0.9895,25.932,26.782,412.37,412.37,6900.0
0.9896,24.323,25.775,412.312,412.312,6900.0
0.9897,22.701,24.765,412.195,412.195,6900.0
0.9898,21.251,23.936,412.027,412.027,6900.0
0.9899,19.743,23.053,411.819,411.819,6900.0
0.99,18.093,22.03,411.575,411.575,6900.0
0.9901,16.148,20.713,411.274,411.274,6900.0
0.9902,14.415,19.606,410.903,410.903,6900.0
0.9903,12.997,18.809,410.484,410.484,6900.0
0.9904,11.681,18.107,410.035,410.035,6900.0
0.9905,10.149,17.18,409.567,409.567,6900.0
0.9906,8.264,15.887,409.067,409.067,6900.0
0.9907,6.499,14.699,408.526,408.526,6900.0
0.9908,5.033,13.796,407.958,407.958,6900.0
0.9909,3.431,12.736,407.365,407.365,6900.0
0.991,1.888,11.715,406.751,406.751,6900.0
0.9911,0.018,10.344,406.114,406.114,6900.0
0.9912,-0.0,10.799,405.464,405.464,6900.0
0.9913,-0.0,11.246,404.811,404.811,6900.0
0.9914,-0.0,11.665,404.155,404.155,6900.0
0.9915,-0.0,12.053,403.497,403.497,6900.0
0.9916,-0.0,12.409,402.839,402.839,6900.0
0.9917,-0.0,12.732,402.179,402.179,6900.0
0.9918,-0.0,13.021,401.519,401.519,6900.0
0.9919,-0.0,13.274,400.857,400.857,6900.0
0.992,-0.0,13.491,400.194,400.194,6900.0
0.9921,0.0,13.67,399.531,399.531,6900.0
0.9922,0.0,13.811,398.866,398.866,6900.0
0.9923,0.0,13.913,398.199,398.199,6900.0
0.9924,0.0,13.976,397.532,397.532,6900.0
0.9925,0.0,14.0,396.864,396.864,6900.0
0.9926,0.0,13.984,396.195,396.195,6900.0
0.9927,0.0,13.929,395.524,395.524,6900.0
0.9928,0.0,13.835,394.852,394.852,6900.0
0.9929,0.0,13.701,394.179,394.179,6900.0
0.993,0.0,13.53,393.505,393.505,6900.0
0.9931,0.0,13.321,392.83,392.83,6900.0
0.9932,0.0,13.075,392.154,392.154,6900.0
0.9933,0.0,12.793,391.477,391.477,6900.0
0.9934,0.0,12.477,390.798,390.798,6900.0
0.9935,0.0,12.127,390.118,390.118,6900.0
0.9936,0.0,11.745,389.437,389.437,6900.0
0.9937,0.0,11.333,388.755,388.755,6900.0
0.9938,-2.941,7.951,388.077,388.077,6900.0
0.9939,-30.544,-20.122,387.393,387.393,6900.0
0.994,-47.411,-37.483,387.027,387.027,6900.0
0.9941,-42.187,-32.776,387.251,387.251,6900.0
0.9942,-41.097,-32.225,387.345,387.345,6900.0
0.9943,-41.465,-33.15,387.456,387.456,6900.0
0.9944,-41.947,-34.207,387.647,387.647,6900.0
0.9945,-42.358,-35.208,387.927,387.927,6900.0
0.9946,-42.634,-36.086,388.294,388.294,6900.0
0.9947,-42.772,-36.836,388.735,388.735,6900.0
0.9948,-42.736,-37.421,389.225,389.225,6900.0
0.9949,-42.591,-37.9,389.727,389.727,6900.0
0.995,-42.463,-38.4,390.207,390.207,6900.0
0.9951,-42.517,-39.083,390.662,390.662,6900.0
0.9952,-42.598,-39.788,391.098,391.098,6900.0
0.9953,-42.691,-40.503,391.534,391.534,6900.0
0.9954,-42.684,-41.11,391.971,391.971,6900.0
0.9955,-42.767,-41.798,392.41,392.41,6900.0
0.9956,-42.958,-42.581,392.891,392.891,6900.0
0.9957,-43.024,-43.225,393.431,393.431,6900.0
0.9958,-42.976,-43.739,394.055,394.055,6900.0
0.9959,-42.509,-43.814,394.734,394.734,6900.0
0.996,-42.049,-43.876,395.416,395.416,6900.0
0.9961,-41.765,-44.09,396.107,396.107,6900.0
0.9962,-41.252,-44.051,396.784,396.784,6900.0
0.9963,-40.947,-44.194,397.444,397.444,6900.0
0.9964,-40.376,-44.041,398.073,398.073,6900.0
0.9965,-39.995,-44.048,398.64,398.64,6900.0
0.9966,-39.822,-44.232,399.179,399.179,6900.0
0.9967,-39.501,-44.233,399.694,399.694,6900.0
0.9968,-39.499,-44.52,400.207,400.207,6900.0
0.9969,-39.15,-44.425,400.744,400.744,6900.0
0.997,-38.903,-44.394,401.283,401.283,6900.0
0.9971,-38.602,-44.272,401.858,401.858,6900.0
0.9972,-38.058,-43.869,402.441,402.441,6900.0
0.9973,-37.709,-43.622,403.019,403.019,6900.0
0.9974,-37.131,-43.108,403.598,403.598,6900.0
0.9975,-36.653,-42.653,404.142,404.142,6900.0
0.9976,-36.157,-42.141,404.661,404.661,6900.0
0.9977,-35.535,-41.464,405.129,405.129,6900.0
0.9978,-35.239,-41.074,405.536,405.536,6900.0
0.9979,-34.928,-40.629,405.91,405.91,6900.0
0.998,-34.727,-40.257,406.253,406.253,6900.0
0.9981,-34.489,-39.81,406.588,406.588,6900.0
0.9982,-34.169,-39.243,406.91,406.91,6900.0
0.9983,-33.912,-38.705,407.217,407.217,6900.0
0.9984,-33.687,-38.164,407.528,407.528,6900.0
0.9985,-33.43,-37.557,407.842,407.842,6900.0
0.9986,-33.01,-36.755,408.159,408.159,6900.0
0.9987,-32.481,-35.813,408.456,408.456,6900.0
0.9988,-31.97,-34.861,408.714,408.714,6900.0
0.9989,-31.577,-34.0,408.929,408.929,6900.0
0.999,-31.202,-33.13,409.098,409.098,6900.0
0.9991,-30.885,-32.296,409.222,409.222,6900.0
0.9992,-30.645,-31.518,409.306,409.306,6900.0
0.9993,-30.424,-30.738,409.36,409.36,6900.0
0.9994,-30.151,-29.89,409.387,409.387,6900.0
0.9995,-29.862,-29.012,409.389,409.389,6900.0
0.9996,-29.636,-28.184,409.372,409.372,6900.0
0.9997,-29.426,-27.361,409.349,409.349,6900.0
0.9998,-29.203,-26.518,409.327,409.327,6900.0
0.9999,-28.596,-25.287,409.296,409.296,6900.0
1.0,-27.916,-23.979,409.221,409.221,6900.0
1.0001,-22.471,-22.471,409.106,409.106,6900.0
1.0002,-21.983,-21.983,408.865,408.865,6900.0
1.0003,-21.262,-21.262,408.61,408.61,6900.0
1.0004,-19.972,-19.972,408.329,408.329,6900.0
1.0005,-18.556,-18.556,407.987,407.987,6900.0
1.0006,-17.616,-17.616,407.585,407.585,6900.0
1.0007,-16.611,-16.611,407.149,407.149,6900.0
1.0008,-15.817,-15.817,406.689,406.689,6900.0
1.0009,-14.728,-14.728,406.214,406.214,6900.0
1.001,-13.405,-13.405,405.713,405.713,6900.0
1.0011,-12.447,-12.447,405.183,405.183,6900.0
1.0012,-11.274,-11.274,404.639,404.639,6900.0
1.0013,-10.213,-10.213,404.079,404.079,6900.0
1.0014,-8.911,-8.911,403.504,403.504,6900.0
1.0015,-7.524,-7.524,402.909,402.909,6900.0
1.0016,-6.247,-6.247,402.293,402.293,6900.0
1.0017,-4.958,-4.958,401.66,401.66,6900.0
1.0018,-3.686,-3.686,401.012,401.012,6900.0
1.0019,-2.869,-2.869,400.355,400.355,6900.0
1.002,-1.21,-1.21,399.694,399.694,6900.0
1.0021,1.205,1.205,399.029,399.029,6900.0
1.0022,4.486,4.486,398.363,398.363,6900.0
1.0023,5.293,5.293,397.707,397.707,6900.0
1.0024,6.159,6.159,397.057,397.057,6900.0
1.0025,7.177,7.177,396.41,396.41,6900.0
1.0026,8.503,8.503,395.767,395.767,6900.0
1.0027,9.725,9.725,395.139,395.139,6900.0
1.0028,11.176,11.176,394.527,394.527,6900.0
1.0029,12.414,12.414,393.946,393.946,6900.0
1.003,13.346,13.346,393.387,393.387,6900.0
1.0031,14.596,14.596,392.842,392.842,6900.0
1.0032,15.959,15.959,392.331,392.331,6900.0
1.0033,17.316,17.316,391.861,391.861,6900.0
1.0034,18.438,18.438,391.442,391.442,6900.0
1.0035,19.113,19.113,391.046,391.046,6900.0
1.0036,20.183,20.183,390.653,390.653,6900.0
1.0037,21.585,21.585,390.28,390.28,6900.0
1.0038,22.992,22.992,389.948,389.948,6900.0
1.0039,24.16,24.16,389.672,389.672,6900.0
1.004,25.129,25.129,389.437,389.437,6900.0
1.0041,26.215,26.215,389.232,389.232,6900.0
1.0042,27.374,27.374,389.072,389.072,6900.0
1.0043,28.566,28.566,388.965,388.965,6900.0
1.0044,29.58,29.58,388.917,388.917,6900.0
1.0045,30.52,30.52,388.921,388.921,6900.0
1.0046,31.406,31.406,388.971,388.971,6900.0
1.0047,32.2,32.2,389.063,389.063,6900.0
1.0048,33.029,33.029,389.186,389.186,6900.0
1.0049,33.925,33.925,389.338,389.338,6900.0
1.005,34.703,34.703,389.527,389.527,6900.0
1.0051,35.62,35.62,389.758,389.758,6900.0
1.0052,36.294,36.294,390.031,390.031,6900.0
1.0053,36.887,36.887,390.334,390.334,6900.0
1.0054,37.651,37.651,390.662,390.662,6900.0
1.0055,38.271,38.271,391.04,391.04,6900.0
1.0056,38.982,38.982,391.468,391.468,6900.0
1.0057,39.342,39.342,391.954,391.954,6900.0
1.0058,39.617,39.617,392.459,392.459,6900.0
1.0059,40.077,40.077,392.977,392.977,6900.0
1.006,40.348,40.348,393.525,393.525,6900.0
1.0061,40.739,40.739,394.088,394.088,6900.0
1.0062,40.881,40.881,394.685,394.685,6900.0
1.0063,40.888,40.888,395.278,395.278,6900.0
1.0064,41.175,41.175,395.864,395.864,6900.0
1.0065,41.263,41.263,396.465,396.465,6900.0
1.0066,41.431,41.431,397.065,397.065,6900.0
1.0067,41.41,41.41,397.698,397.698,6900.0
1.0068,41.269,41.269,398.33,398.33,6900.0
1.0069,41.35,41.35,398.966,398.966,6900.0
1.007,41.065,41.065,399.617,399.617,6900.0
1.0071,40.837,40.837,400.252,400.252,6900.0
1.0072,40.677,40.677,400.892,400.892,6900.0
1.0073,40.269,40.269,401.518,401.518,6900.0
1.0074,40.067,40.067,402.128,402.128,6900.0
1.0075,39.563,39.563,402.726,402.726,6900.0
1.0076,39.044,39.044,403.281,403.281,6900.0
1.0077,38.794,38.794,403.812,403.812,6900.0
1.0078,38.271,38.271,404.324,404.324,6900.0
1.0079,37.97,37.97,404.819,404.819,6900.0
1.008,37.357,37.357,405.301,405.301,6900.0
1.0081,36.643,36.643,405.748,405.748,6900.0
1.0082,36.162,36.162,406.164,406.164,6900.0
1.0083,35.578,35.578,406.559,406.559,6900.0
1.0084,34.982,34.982,406.937,406.937,6900.0
1.0085,34.188,34.188,407.288,407.288,6900.0
1.0086,33.357,33.357,407.598,407.598,6900.0
1.0087,32.663,32.663,407.859,407.859,6900.0
1.0088,31.855,31.855,408.085,408.085,6900.0
1.0089,31.166,31.166,408.273,408.273,6900.0
1.009,30.351,30.351,408.425,408.425,6900.0
1.0091,29.55,29.55,408.538,408.538,6900.0
1.0092,28.674,28.674,408.614,408.614,6900.0
1.0093,27.814,27.814,408.651,408.651,6900.0
1.0094,26.941,26.941,408.648,408.648,6900.0
1.0095,26.128,26.128,408.611,408.611,6900.0
1.0096,25.239,25.239,408.547,408.547,6900.0
1.0097,24.266,24.266,408.456,408.456,6900.0
1.0098,23.15,23.15,408.322,408.322,6900.0
1.0099,22.109,22.109,408.134,408.134,6900.0
1.01,21.284,21.284,407.905,407.905,6900.0
1.0101,20.431,20.431,407.651,407.651,6900.0
1.0102,19.416,19.416,407.38,407.38,6900.0
1.0103,18.021,18.021,407.069,407.069,6900.0
1.0104,16.853,16.853,406.697,406.697,6900.0
1.0105,15.989,15.989,406.287,406.287,6900.0
1.0106,15.165,15.165,405.851,405.851,6900.0
1.0107,14.232,14.232,405.405,405.405,6900.0
1.0108,12.801,12.801,404.937,404.937,6900.0
1.0109,11.551,11.551,404.431,404.431,6900.0
1.011,10.594,10.594,403.902,403.902,6900.0
1.0111,9.422,9.422,403.351,403.351,6900.0
1.0112,8.368,8.368,402.784,402.784,6900.0
1.0113,6.964,6.964,402.197,402.197,6900.0
1.0114,5.601,5.601,401.587,401.587,6900.0
1.0115,4.45,4.45,400.959,400.959,6900.0
1.0116,3.218,3.218,400.317,400.317,6900.0
1.0117,2.059,2.059,399.664,399.664,6900.0
1.0118,0.786,0.786,399.004,399.004,6900.0
1.0119,0.0,0.0,398.339,398.339,6900.0
1.012,-0.0,-0.0,397.672,397.672,6900.0
1.0121,0.0,0.0,397.004,397.004,6900.0
1.0122,0.0,0.0,396.335,396.335,6900.0
1.0123,-0.251,-0.251,395.665,395.665,6900.0
1.0124,-2.37,-2.37,394.995,394.995,6900.0
1.0125,-4.349,-4.349,394.332,394.332,6900.0
1.0126,-5.726,-5.726,393.679,393.679,6900.0
1.0127,-7.203,-7.203,393.04,393.04,6900.0
1.0128,-8.242,-8.242,392.418,392.418,6900.0
1.0129,-9.311,-9.311,391.806,391.806,6900.0
1.013,-10.894,-10.894,391.211,391.211,6900.0
1.0131,-12.235,-12.235,390.642,390.642,6900.0
1.0132,-13.668,-13.668,390.11,390.11,6900.0
1.0133,-14.655,-14.655,389.613,389.613,6900.0
1.0134,-15.57,-15.57,389.128,389.128,6900.0
1.0135,-17.009,-17.009,388.658,388.658,6900.0
1.0136,-18.508,-18.508,388.227,388.227,6900.0
1.0137,-19.928,-19.928,387.849,387.849,6900.0
1.0138,-20.982,-20.982,387.519,387.519,6900.0
1.0139,-21.907,-21.907,387.214,387.214,6900.0
1.014,-23.139,-23.139,386.933,386.933,6900.0
1.0141,-24.469,-24.469,386.691,386.691,6900.0
1.0142,-25.726,-25.726,386.499,386.499,6900.0
1.0143,-26.788,-26.788,386.359,386.359,6900.0
1.0144,-27.869,-27.869,386.261,386.261,6900.0
1.0145,-28.908,-28.908,386.205,386.205,6900.0
1.0146,-29.984,-29.984,386.193,386.193,6900.0
1.0147,-30.942,-30.942,386.227,386.227,6900.0
1.0148,-31.922,-31.922,386.308,386.308,6900.0
1.0149,-32.906,-32.906,386.438,386.438,6900.0
1.015,-33.767,-33.767,386.62,386.62,6900.0
1.0151,-34.48,-34.48,386.842,386.842,6900.0
1.0152,-35.209,-35.209,387.09,387.09,6900.0
1.0153,-36.076,-36.076,387.374,387.374,6900.0
1.0154,-36.875,-36.875,387.699,387.699,6900.0
1.0155,-37.544,-37.544,388.08,388.08,6900.0
1.0156,-38.002,-38.002,388.494,388.494,6900.0
1.0157,-38.486,-38.486,388.92,388.92,6900.0
1.0158,-39.121,-39.121,389.377,389.377,6900.0
1.0159,-39.625,-39.625,389.864,389.864,6900.0
1.016,-40.13,-40.13,390.399,390.399,6900.0
1.0161,-40.33,-40.33,390.965,390.965,6900.0
1.0162,-40.5,-40.5,391.531,391.531,6900.0
1.0163,-40.845,-40.845,392.119,392.119,6900.0
1.0164,-41.009,-41.009,392.719,392.719,6900.0
1.0165,-41.294,-41.294,393.343,393.343,6900.0
1.0166,-41.254,-41.254,393.987,393.987,6900.0
1.0167,-41.249,-41.249,394.617,394.617,6900.0
1.0168,-41.274,-41.274,395.259,395.259,6900.0
1.0169,-41.086,-41.086,395.896,395.896,6900.0
1.017,-41.191,-41.191,396.526,396.526,6900.0
1.0171,-40.92,-40.92,397.169,397.169,6900.0
1.0172,-40.74,-40.74,397.792,397.792,6900.0
1.0173,-40.541,-40.541,398.42,398.42,6900.0
1.0174,-40.108,-40.108,399.032,399.032,6900.0
1.0175,-39.911,-39.911,399.618,399.618,6900.0
1.0176,-39.483,-39.483,400.202,400.202,6900.0
1.0177,-39.124,-39.124,400.762,400.762,6900.0
1.0178,-38.647,-38.647,401.318,401.318,6900.0
1.0179,-38.02,-38.02,401.843,401.843,6900.0
1.018,-37.505,-37.505,402.325,402.325,6900.0
1.0181,-36.983,-36.983,402.785,402.785,6900.0
1.0182,-36.415,-36.415,403.217,403.217,6900.0
1.0183,-35.793,-35.793,403.63,403.63,6900.0
1.0184,-35.061,-35.061,404.008,404.008,6900.0
1.0185,-34.329,-34.329,404.341,404.341,6900.0
1.0186,-33.678,-33.678,404.642,404.642,6900.0
1.0187,-32.974,-32.974,404.91,404.91,6900.0
1.0188,-32.172,-32.172,405.152,405.152,6900.0
1.0189,-31.317,-31.317,405.359,405.359,6900.0
1.019,-30.45,-30.45,405.524,405.524,6900.0
1.0191,-29.636,-29.636,405.647,405.647,6900.0
1.0192,-28.731,-28.731,405.732,405.732,6900.0
1.0193,-27.879,-27.879,405.776,405.776,6900.0
1.0194,-26.989,-26.989,405.783,405.783,6900.0
1.0195,-26.106,-26.106,405.758,405.758,6900.0
1.0196,-25.031,-25.031,405.694,405.694,6900.0
1.0197,-23.904,-23.904,405.58,405.58,6900.0
1.0198,-22.993,-22.993,405.418,405.418,6900.0
1.0199,-22.117,-22.117,405.223,405.223,6900.0
1.02,-21.244,-21.244,405.007,405.007,6900.0
1.0201,-19.959,-19.959,404.766,404.766,6900.0
1.0202,-18.532,-18.532,404.47,404.47,6900.0
1.0203,-17.538,-17.538,404.12,404.12,6900.0
1.0204,-16.663,-16.663,403.741,403.741,6900.0
1.0205,-15.777,-15.777,403.345,403.345,6900.0
1.0206,-14.446,-14.446,402.932,402.932,6900.0
1.0207,-12.914,-12.914,402.478,402.478,6900.0
1.0208,-11.818,-11.818,401.983,401.983,6900.0
1.0209,-10.612,-10.612,401.462,401.462,6900.0
1.021,-9.656,-9.656,400.918,400.918,6900.0
1.0211,-8.296,-8.296,400.356,400.356,6900.0
1.0212,-6.801,-6.801,399.769,399.769,6900.0
1.0213,-5.64,-5.64,399.156,399.156,6900.0
1.0214,-4.312,-4.312,398.528,398.528,6900.0
1.0215,-3.138,-3.138,397.886,397.886,6900.0
1.0216,-1.757,-1.757,397.233,397.233,6900.0
1.0217,-0.302,-0.302,396.57,396.57,6900.0
1.0218,0.0,0.0,395.9,395.9,6900.0
1.0219,0.0,0.0,395.229,395.229,6900.0
1.022,0.0,0.0,394.557,394.557,6900.0
1.0221,-0.0,-0.0,393.884,393.884,6900.0
1.0222,-0.0,-0.0,393.209,393.209,6900.0
1.0223,-0.0,-0.0,392.534,392.534,6900.0
1.0224,-0.0,-0.0,391.857,391.857,6900.0
1.0225,-0.0,-0.0,391.18,391.18,6900.0
1.0226,0.521,0.521,390.502,390.502,6900.0
1.0227,4.567,4.567,389.834,389.834,6900.0
1.0228,6.964,6.964,389.185,389.185,6900.0
1.0229,8.606,8.606,388.558,388.558,6900.0
1.023,10.287,10.287,387.95,387.95,6900.0
1.0231,11.728,11.728,387.374,387.374,6900.0
1.0232,12.831,12.831,386.819,386.819,6900.0
1.0233,14.27,14.27,386.278,386.278,6900.0
1.0234,15.97,15.97,385.771,385.771,6900.0
1.0235,17.599,17.599,385.314,385.314,6900.0
1.0236,18.951,18.951,384.919,384.919,6900.0
1.0237,19.852,19.852,384.563,384.563,6900.0
1.0238,21.114,21.114,384.22,384.22,6900.0
1.0239,22.571,22.571,383.908,383.908,6900.0
1.024,24.05,24.05,383.64,383.64,6900.0
1.0241,25.365,25.365,383.424,383.424,6900.0
1.0242,26.509,26.509,383.249,383.249,6900.0
1.0243,27.761,27.761,383.105,383.105,6900.0
1.0244,29.056,29.056,383.004,383.004,6900.0
1.0245,30.339,30.339,382.957,382.957,6900.0
1.0246,31.576,31.576,382.967,382.967,6900.0
1.0247,32.688,32.688,383.04,383.04,6900.0
1.0248,33.805,33.805,383.176,383.176,6900.0
1.0249,34.697,34.697,383.371,383.371,6900.0
1.025,35.56,35.56,383.608,383.608,6900.0
1.0251,36.541,36.541,383.878,383.878,6900.0
1.0252,37.391,37.391,384.191,384.191,6900.0
1.0253,38.367,38.367,384.548,384.548,6900.0
1.0254,39.025,39.025,384.951,384.951,6900.0
1.0255,39.668,39.668,385.372,385.372,6900.0
1.0256,40.472,40.472,385.811,385.811,6900.0
1.0257,41.118,41.118,386.293,386.293,6900.0
1.0258,41.919,41.919,386.82,386.82,6900.0
1.0259,42.398,42.398,387.406,387.406,6900.0
1.026,42.663,42.663,388.02,388.02,6900.0
1.0261,43.215,43.215,388.651,388.651,6900.0
1.0262,43.47,43.47,389.322,389.322,6900.0
1.0263,43.853,43.853,390.012,390.012,6900.0
1.0264,43.991,43.991,390.742,390.742,6900.0
1.0265,43.923,43.923,391.47,391.47,6900.0
1.0266,44.154,44.154,392.186,392.186,6900.0
1.0267,44.134,44.134,392.911,392.911,6900.0
1.0268,44.175,44.175,393.618,393.618,6900.0
1.0269,44.194,44.194,394.342,394.342,6900.0
1.027,43.972,43.972,395.06,395.06,6900.0
1.0271,44.027,44.027,395.774,395.774,6900.0
1.0272,43.735,43.735,396.5,396.5,6900.0
1.0273,43.438,43.438,397.206,397.206,6900.0
1.0274,43.257,43.257,397.915,397.915,6900.0
1.0275,42.759,42.759,398.616,398.616,6900.0
1.0276,42.468,42.468,399.306,399.306,6900.0
1.0277,41.843,41.843,399.983,399.983,6900.0
1.0278,41.17,41.17,400.614,400.614,6900.0
1.0279,40.802,40.802,401.207,401.207,6900.0
1.028,40.167,40.167,401.771,401.771,6900.0
1.0281,39.686,39.686,402.308,402.308,6900.0
1.0282,38.962,38.962,402.821,402.821,6900.0
1.0283,38.163,38.163,403.288,403.288,6900.0
1.0284,37.545,37.545,403.714,403.714,6900.0
1.0285,36.849,36.849,404.113,404.113,6900.0
1.0286,36.15,36.15,404.491,404.491,6900.0
1.0287,35.263,35.263,404.843,404.843,6900.0
1.0288,34.305,34.305,405.154,405.154,6900.0
1.0289,33.416,33.416,405.417,405.417,6900.0
1.029,32.463,32.463,405.64,405.64,6900.0
1.0291,31.583,31.583,405.818,405.818,6900.0
1.0292,30.59,30.59,405.954,405.954,6900.0
1.0293,29.617,29.617,406.047,406.047,6900.0
1.0294,28.591,28.591,406.096,406.096,6900.0
1.0295,27.485,27.485,406.098,406.098,6900.0
1.0296,26.447,26.447,406.047,406.047,6900.0
1.0297,25.468,25.468,405.955,405.955,6900.0
1.0298,24.477,24.477,405.834,405.834,6900.0
1.0299,23.377,23.377,405.689,405.689,6900.0
1.03,21.95,21.95,405.502,405.502,6900.0
1.0301,20.715,20.715,405.254,405.254,6900.0
1.0302,19.715,19.715,404.965,404.965,6900.0
1.0303,18.705,18.705,404.652,404.652,6900.0
1.0304,17.516,17.516,404.323,404.323,6900.0
1.0305,15.903,15.903,403.957,403.957,6900.0
1.0306,14.424,14.424,403.534,403.534,6900.0
1.0307,13.299,13.299,403.07,403.07,6900.0
1.0308,12.143,12.143,402.575,402.575,6900.0
1.0309,10.924,10.924,402.061,402.061,6900.0
1.031,9.356,9.356,401.521,401.521,6900.0
1.0311,7.925,7.925,400.948,400.948,6900.0
1.0312,6.721,6.721,400.354,400.354,6900.0
1.0313,5.353,5.353,399.743,399.743,6900.0
1.0314,4.024,4.024,399.117,399.117,6900.0
1.0315,2.473,2.473,398.476,398.476,6900.0
1.0316,0.896,0.896,397.821,397.821,6900.0
1.0317,-0.0,-0.0,397.156,397.156,6900.0
1.0318,-0.0,-0.0,396.487,396.487,6900.0
1.0319,-0.0,-0.0,395.817,395.817,6900.0
1.032,-0.0,-0.0,395.146,395.146,6900.0
1.0321,0.0,0.0,394.474,394.474,6900.0
1.0322,0.0,0.0,393.8,393.8,6900.0
1.0323,0.0,0.0,393.126,393.126,6900.0
1.0324,0.0,0.0,392.45,392.45,6900.0
1.0325,0.0,0.0,391.773,391.773,6900.0
1.0326,0.0,0.0,391.095,391.095,6900.0
1.0327,0.0,0.0,390.417,390.417,6900.0
1.0328,-4.238,-4.238,389.743,389.743,6900.0
1.0329,-8.194,-8.194,389.101,389.101,6900.0
1.033,-10.017,-10.017,388.493,388.493,6900.0
1.0331,-11.497,-11.497,387.9,387.9,6900.0
1.0332,-13.322,-13.322,387.328,387.328,6900.0
1.0333,-15.061,-15.061,386.794,386.794,6900.0
1.0334,-16.836,-16.836,386.314,386.314,6900.0
1.0335,-18.042,-18.042,385.886,385.886,6900.0
1.0336,-19.197,-19.197,385.481,385.481,6900.0
1.0337,-20.751,-20.751,385.099,385.099,6900.0
1.0338,-22.378,-22.378,384.762,384.762,6900.0
1.0339,-23.979,-23.979,384.48,384.48,6900.0
1.034,-25.254,-25.254,384.252,384.252,6900.0
1.0341,-26.46,-26.46,384.057,384.057,6900.0
1.0342,-27.872,-27.872,383.892,383.892,6900.0
1.0343,-29.312,-29.312,383.773,383.773,6900.0
1.0344,-30.713,-30.713,383.709,383.709,6900.0
1.0345,-32.005,-32.005,383.706,383.706,6900.0
1.0346,-33.29,-33.29,383.761,383.761,6900.0
1.0347,-34.463,-34.463,383.878,383.878,6900.0
1.0348,-35.557,-35.557,384.05,384.05,6900.0
1.0349,-36.55,-36.55,384.27,384.27,6900.0
1.035,-37.633,-37.633,384.54,384.54,6900.0
1.0351,-38.718,-38.718,384.86,384.86,6900.0
1.0352,-39.634,-39.634,385.239,385.239,6900.0
1.0353,-40.394,-40.394,385.655,385.655,6900.0
1.0354,-41.159,-41.159,386.092,386.092,6900.0
1.0355,-42.063,-42.063,386.563,386.563,6900.0
1.0356,-42.91,-42.91,387.075,387.075,6900.0
1.0357,-43.611,-43.611,387.651,387.651,6900.0
1.0358,-44.083,-44.083,388.268,388.268,6900.0
1.0359,-44.549,-44.549,388.899,388.899,6900.0
1.036,-45.131,-45.131,389.567,389.567,6900.0
1.0361,-45.534,-45.534,390.266,390.266,6900.0
1.0362,-46.02,-46.02,391.012,391.012,6900.0
1.0363,-46.09,-46.09,391.79,391.79,6900.0
1.0364,-46.219,-46.219,392.557,392.557,6900.0
1.0365,-46.465,-46.465,393.339,393.339,6900.0
1.0366,-46.449,-46.449,394.124,394.124,6900.0
1.0367,-46.704,-46.704,394.915,394.915,6900.0
1.0368,-46.566,-46.566,395.723,395.723,6900.0
1.0369,-46.468,-46.468,396.512,396.512,6900.0
1.037,-46.405,-46.405,397.311,397.311,6900.0
1.0371,-46.042,-46.042,398.103,398.103,6900.0
1.0372,-46.034,-46.034,398.879,398.879,6900.0
1.0373,-45.628,-45.628,399.668,399.668,6900.0
1.0374,-45.325,-45.325,400.434,400.434,6900.0
1.0375,-44.942,-44.942,401.203,401.203,6900.0
1.0376,-44.28,-44.28,401.948,401.948,6900.0
1.0377,-43.89,-43.89,402.65,402.65,6900.0
1.0378,-43.312,-43.312,403.336,403.336,6900.0
1.0379,-42.784,-42.784,403.989,403.989,6900.0
1.038,-42.134,-42.134,404.626,404.626,6900.0
1.0381,-41.355,-41.355,405.223,405.223,6900.0
1.0382,-40.671,-40.671,405.768,405.768,6900.0
1.0383,-39.978,-39.978,406.284,406.284,6900.0
1.0384,-39.247,-39.247,406.768,406.768,6900.0
1.0385,-38.413,-38.413,407.23,407.23,6900.0
1.0386,-37.485,-37.485,407.654,407.654,6900.0
1.0387,-36.565,-36.565,408.028,408.028,6900.0
1.0388,-35.67,-35.67,408.362,408.362,6900.0
1.0389,-34.779,-34.779,408.655,408.655,6900.0
1.039,-33.727,-33.727,408.911,408.911,6900.0
1.0391,-32.685,-32.685,409.122,409.122,6900.0
1.0392,-31.716,-31.716,409.287,409.287,6900.0
1.0393,-30.61,-30.61,409.405,409.405,6900.0
1.0394,-29.452,-29.452,409.474,409.474,6900.0
1.0395,-28.406,-28.406,409.492,409.492,6900.0
1.0396,-27.377,-27.377,409.47,409.47,6900.0
1.0397,-26.321,-26.321,409.418,409.418,6900.0
1.0398,-24.983,-24.983,409.328,409.328,6900.0
1.0399,-23.592,-23.592,409.183,409.183,6900.0
1.04,-22.487,-22.487,408.982,408.982,6900.0
1.0401,-21.447,-21.447,408.748,408.748,6900.0
1.0402,-20.369,-20.369,408.492,408.492,6900.0
1.0403,-18.872,-18.872,408.212,408.212,6900.0
1.0404,-17.145,-17.145,407.873,407.873,6900.0
1.0405,-15.939,-15.939,407.476,407.476,6900.0
1.0406,-14.792,-14.792,407.046,407.046,6900.0
1.0407,-13.699,-13.699,406.593,406.593,6900.0
1.0408,-12.212,-12.212,406.12,406.12,6900.0
1.0409,-10.575,-10.575,405.612,405.612,6900.0
1.041,-9.246,-9.246,405.07,405.07,6900.0
1.0411,-7.823,-7.823,404.507,404.507,6900.0
1.0412,-6.586,-6.586,403.922,403.922,6900.0
1.0413,-5.025,-5.025,403.322,403.322,6900.0
1.0414,-3.372,-3.372,402.7,402.7,6900.0
1.0415,-1.901,-1.901,402.06,402.06,6900.0
1.0416,-0.383,-0.383,401.407,401.407,6900.0
1.0417,0.0,0.0,400.746,400.746,6900.0
1.0418,0.0,0.0,400.083,400.083,6900.0
1.0419,0.0,0.0,399.419,399.419,6900.0
1.042,0.006,0.006,398.754,398.754,6900.0
1.0421,-0.0,-0.0,398.088,398.088,6900.0
1.0422,-0.0,-0.0,397.42,397.42,6900.0
1.0423,-0.0,-0.0,396.752,396.752,6900.0
1.0424,-0.0,-0.0,396.082,396.082,6900.0
1.0425,-0.0,-0.0,395.412,395.412,6900.0
1.0426,-0.0,-0.0,394.74,394.74,6900.0
1.0427,-0.0,-0.0,394.067,394.067,6900.0
1.0428,0.192,0.192,393.395,393.395,6900.0
1.0429,5.858,5.858,392.734,392.734,6900.0
1.043,9.336,9.336,392.109,392.109,6900.0
1.0431,11.433,11.433,391.519,391.519,6900.0
1.0432,13.286,13.286,390.964,390.964,6900.0
1.0433,14.888,14.888,390.453,390.453,6900.0
1.0434,16.044,16.044,389.971,389.971,6900.0
1.0435,17.604,17.604,389.506,389.506,6900.0
1.0436,19.347,19.347,389.078,389.078,6900.0
1.0437,21.074,21.074,388.707,388.707,6900.0
1.0438,22.511,22.511,388.403,388.403,6900.0
1.0439,23.638,23.638,388.143,388.143,6900.0
1.044,24.965,24.965,387.905,387.905,6900.0
1.0441,26.476,26.476,387.702,387.702,6900.0
1.0442,27.945,27.945,387.546,387.546,6900.0
1.0443,29.293,29.293,387.443,387.443,6900.0
1.0444,30.578,30.578,387.385,387.385,6900.0
1.0445,31.847,31.847,387.371,387.371,6900.0
1.0446,33.141,33.141,387.406,387.406,6900.0
1.0447,34.403,34.403,387.495,387.495,6900.0
1.0448,35.588,35.588,387.642,387.642,6900.0
1.0449,36.736,36.736,387.852,387.852,6900.0
1.045,37.787,37.787,388.131,388.131,6900.0
1.0451,38.658,38.658,388.47,388.47,6900.0
1.0452,39.482,39.482,388.846,388.846,6900.0
1.0453,40.388,40.388,389.251,389.251,6900.0
1.0454,41.194,41.194,389.698,389.698,6900.0
1.0455,42.09,42.09,390.187,390.187,6900.0
1.0456,42.687,42.687,390.723,390.723,6900.0
1.0457,43.198,43.198,391.275,391.275,6900.0
1.0458,43.928,43.928,391.84,391.84,6900.0
1.0459,44.441,44.441,392.448,392.448,6900.0
1.046,45.148,45.148,393.092,393.092,6900.0
1.0461,45.47,45.47,393.797,393.797,6900.0
1.0462,45.605,45.605,394.522,394.522,6900.0
1.0463,46.014,46.014,395.257,395.257,6900.0
1.0464,46.122,46.122,396.025,396.025,6900.0
1.0465,46.327,46.327,396.801,396.801,6900.0
1.0466,46.37,46.37,397.607,397.607,6900.0
1.0467,46.21,46.21,398.404,398.404,6900.0
1.0468,46.256,46.256,399.187,399.187,6900.0
1.0469,46.118,46.118,399.971,399.971,6900.0
1.047,45.927,45.927,400.733,400.733,6900.0
1.0471,45.826,45.826,401.502,401.502,6900.0
1.0472,45.49,45.49,402.259,402.259,6900.0
1.0473,45.37,45.37,403.01,403.01,6900.0
1.0474,44.909,44.909,403.766,403.766,6900.0
1.0475,44.391,44.391,404.493,404.493,6900.0
1.0476,44.06,44.06,405.211,405.211,6900.0
1.0477,43.419,43.419,405.912,405.912,6900.0
1.0478,42.996,42.996,406.594,406.594,6900.0
1.0479,42.234,42.234,407.257,407.257,6900.0
1.048,41.41,41.41,407.868,407.868,6900.0
1.0481,40.871,40.871,408.433,408.433,6900.0
1.0482,40.104,40.104,408.966,408.966,6900.0
1.0483,39.482,39.482,409.468,409.468,6900.0
1.0484,38.577,38.577,409.942,409.942,6900.0
1.0485,37.652,37.652,410.368,410.368,6900.0
1.0486,36.898,36.898,410.749,410.749,6900.0
1.0487,36.05,36.05,411.098,411.098,6900.0
1.0488,35.182,35.182,411.418,411.418,6900.0
1.0489,34.145,34.145,411.705,411.705,6900.0
1.049,33.065,33.065,411.949,411.949,6900.0
1.0491,32.041,32.041,412.145,412.145,6900.0
1.0492,30.981,30.981,412.295,412.295,6900.0
1.0493,29.918,29.918,412.396,412.396,6900.0
1.0494,28.849,28.849,412.451,412.451,6900.0
1.0495,27.796,27.796,412.465,412.465,6900.0
1.0496,26.613,26.613,412.442,412.442,6900.0
1.0497,25.357,25.357,412.37,412.37,6900.0
1.0498,24.16,24.16,412.24,412.24,6900.0
1.0499,23.099,23.099,412.068,412.068,6900.0
1.05,22.073,22.073,411.869,411.869,6900.0
1.0501,20.858,20.858,411.65,411.65,6900.0
1.0502,19.282,19.282,411.388,411.388,6900.0
1.0503,17.863,17.863,411.065,411.065,6900.0
1.0504,16.779,16.779,410.699,410.699,6900.0
1.0505,15.648,15.648,410.307,410.307,6900.0
1.0506,14.411,14.411,409.898,409.898,6900.0
1.0507,12.75,12.75,409.458,409.458,6900.0
1.0508,11.257,11.257,408.972,408.972,6900.0
1.0509,10.026,10.026,408.454,408.454,6900.0
1.051,8.682,8.682,407.911,407.911,6900.0
1.0511,7.348,7.348,407.349,407.349,6900.0
1.0512,5.757,5.757,406.765,406.765,6900.0
1.0513,4.23,4.23,406.156,406.156,6900.0
1.0514,2.91,2.91,405.53,405.53,6900.0
1.0515,1.406,1.406,404.89,404.89,6900.0
1.0516,0.101,0.101,404.239,404.239,6900.0
1.0517,-0.0,-0.0,403.583,403.583,6900.0
1.0518,-0.0,-0.0,402.925,402.925,6900.0
1.0519,-0.0,-0.0,402.266,402.266,6900.0
1.052,-0.0,-0.0,401.605,401.605,6900.0
1.0521,0.0,0.0,400.944,400.944,6900.0
1.0522,0.0,0.0,400.281,400.281,6900.0
1.0523,0.0,0.0,399.617,399.617,6900.0
1.0524,0.0,0.0,398.952,398.952,6900.0
1.0525,0.0,0.0,398.287,398.287,6900.0
1.0526,0.0,0.0,397.619,397.619,6900.0
1.0527,0.0,0.0,396.951,396.951,6900.0
1.0528,0.0,0.0,396.282,396.282,6900.0
1.0529,-1.31,-1.31,395.615,395.615,6900.0
1.053,-7.575,-7.575,394.969,394.969,6900.0
1.0531,-10.65,-10.65,394.377,394.377,6900.0
1.0532,-12.193,-12.193,393.824,393.824,6900.0
1.0533,-13.561,-13.561,393.286,393.286,6900.0
1.0534,-15.336,-15.336,392.77,392.77,6900.0
1.0535,-17.088,-17.088,392.296,392.296,6900.0
1.0536,-18.821,-18.821,391.882,391.882,6900.0
1.0537,-20.013,-20.013,391.526,391.526,6900.0
1.0538,-21.103,-21.103,391.198,391.198,6900.0
1.0539,-22.579,-22.579,390.896,390.896,6900.0
1.054,-24.076,-24.076,390.636,390.636,6900.0
1.0541,-25.544,-25.544,390.427,390.427,6900.0
1.0542,-26.78,-26.78,390.266,390.266,6900.0
1.0543,-27.964,-27.964,390.14,390.14,6900.0
1.0544,-29.306,-29.306,390.045,390.045,6900.0
1.0545,-30.616,-30.616,389.996,389.996,6900.0
1.0546,-31.868,-31.868,390.0,390.0,6900.0
1.0547,-33.101,-33.101,390.062,390.062,6900.0
1.0548,-34.306,-34.306,390.187,390.187,6900.0
1.0549,-35.32,-35.32,390.378,390.378,6900.0
1.055,-36.242,-36.242,390.623,390.623,6900.0
1.0551,-37.047,-37.047,390.909,390.909,6900.0
1.0552,-38.038,-38.038,391.235,391.235,6900.0
1.0553,-38.938,-38.938,391.604,391.604,6900.0
1.0554,-39.701,-39.701,392.024,392.024,6900.0
1.0555,-40.292,-40.292,392.472,392.472,6900.0
1.0556,-40.904,-40.904,392.93,392.93,6900.0
1.0557,-41.688,-41.688,393.415,393.415,6900.0
1.0558,-42.357,-42.357,393.935,393.935,6900.0
1.0559,-42.987,-42.987,394.511,394.511,6900.0
1.056,-43.269,-43.269,395.13,395.13,6900.0
1.0561,-43.598,-43.598,395.759,395.759,6900.0
1.0562,-44.032,-44.032,396.423,396.423,6900.0
1.0563,-44.236,-44.236,397.112,397.112,6900.0
1.0564,-44.526,-44.526,397.835,397.835,6900.0
1.0565,-44.48,-44.48,398.579,398.579,6900.0
1.0566,-44.452,-44.452,399.307,399.307,6900.0
1.0567,-44.517,-44.517,400.04,400.04,6900.0
1.0568,-44.39,-44.39,400.762,400.762,6900.0
1.0569,-44.483,-44.483,401.478,401.478,6900.0
1.057,-44.264,-44.264,402.202,402.202,6900.0
1.0571,-44.039,-44.039,402.905,402.905,6900.0
1.0572,-43.849,-43.849,403.617,403.617,6900.0
1.0573,-43.441,-43.441,404.316,404.316,6900.0
1.0574,-43.256,-43.256,404.998,404.998,6900.0
1.0575,-42.799,-42.799,405.686,405.686,6900.0
1.0576,-42.384,-42.384,406.353,406.353,6900.0
1.0577,-41.853,-41.853,407.018,407.018,6900.0
1.0578,-41.127,-41.127,407.653,407.653,6900.0
1.0579,-40.535,-40.535,408.239,408.239,6900.0
1.058,-39.899,-39.899,408.799,408.799,6900.0
1.0581,-39.322,-39.322,409.32,409.32,6900.0
1.0582,-38.612,-38.612,409.819,409.819,6900.0
1.0583,-37.772,-37.772,410.278,410.278,6900.0
1.0584,-37.01,-37.01,410.686,410.686,6900.0
1.0585,-36.264,-36.264,411.063,411.063,6900.0
1.0586,-35.507,-35.507,411.41,411.41,6900.0
1.0587,-34.619,-34.619,411.735,411.735,6900.0
1.0588,-33.676,-33.676,412.023,412.023,6900.0
1.0589,-32.672,-32.672,412.269,412.269,6900.0
1.059,-31.734,-31.734,412.472,412.472,6900.0
1.0591,-30.687,-30.687,412.633,412.633,6900.0
1.0592,-29.671,-29.671,412.751,412.751,6900.0
1.0593,-28.645,-28.645,412.825,412.825,6900.0
1.0594,-27.656,-27.656,412.857,412.857,6900.0
1.0595,-26.501,-26.501,412.845,412.845,6900.0
1.0596,-25.326,-25.326,412.782,412.782,6900.0
1.0597,-24.309,-24.309,412.669,412.669,6900.0
1.0598,-23.284,-23.284,412.522,412.522,6900.0
1.0599,-22.26,-22.26,412.349,412.349,6900.0
1.06,-20.903,-20.903,412.148,412.148,6900.0
1.0601,-19.436,-19.436,411.894,411.894,6900.0
1.0602,-18.337,-18.337,411.587,411.587,6900.0
1.0603,-17.331,-17.331,411.251,411.251,6900.0
1.0604,-16.303,-16.303,410.898,410.898,6900.0
1.0605,-14.75,-14.75,410.524,410.524,6900.0
1.0606,-13.096,-13.096,410.101,410.101,6900.0
1.0607,-11.889,-11.889,409.631,409.631,6900.0
1.0608,-10.637,-10.637,409.131,409.131,6900.0
1.0609,-9.53,-9.53,408.606,408.606,6900.0
1.061,-8.103,-8.103,408.06,408.06,6900.0
1.0611,-6.451,-6.451,407.488,407.488,6900.0
1.0612,-5.253,-5.253,406.889,406.889,6900.0
1.0613,-3.862,-3.862,406.276,406.276,6900.0
1.0614,-2.616,-2.616,405.647,405.647,6900.0
1.0615,-1.132,-1.132,405.007,405.007,6900.0
1.0616,0.004,0.004,404.355,404.355,6900.0
1.0617,0.0,0.0,403.699,403.699,6900.0
1.0618,0.0,0.0,403.042,403.042,6900.0
1.0619,0.0,0.0,402.383,402.383,6900.0
1.062,0.0,0.0,401.722,401.722,6900.0
1.0621,-0.0,-0.0,401.061,401.061,6900.0
1.0622,-0.0,-0.0,400.399,400.399,6900.0
1.0623,-0.0,-0.0,399.735,399.735,6900.0
1.0624,-0.0,-0.0,399.07,399.07,6900.0
1.0625,-0.0,-0.0,398.405,398.405,6900.0
1.0626,-0.0,-0.0,397.738,397.738,6900.0
1.0627,-0.0,-0.0,397.07,397.07,6900.0
1.0628,-0.0,-0.0,396.401,396.401,6900.0
1.0629,-0.0,-0.0,395.732,395.732,6900.0
1.063,4.993,4.993,395.073,395.073,6900.0
1.0631,9.162,9.162,394.457,394.457,6900.0
1.0632,11.366,11.366,393.874,393.874,6900.0
1.0633,13.198,13.198,393.324,393.324,6900.0
1.0634,14.967,14.967,392.814,392.814,6900.0
1.0635,16.473,16.473,392.358,392.358,6900.0
1.0636,17.503,17.503,391.937,391.937,6900.0
1.0637,18.868,18.868,391.533,391.533,6900.0
1.0638,20.46,20.46,391.164,391.164,6900.0
1.0639,22.003,22.003,390.848,390.848,6900.0
1.064,23.325,23.325,390.592,390.592,6900.0
1.0641,24.485,24.485,390.378,390.378,6900.0
1.0642,25.69,25.69,390.194,390.194,6900.0
1.0643,27.062,27.062,390.046,390.046,6900.0
1.0644,28.372,28.372,389.943,389.943,6900.0
1.0645,29.616,29.616,389.891,389.891,6900.0
1.0646,30.788,30.788,389.888,389.888,6900.0
1.0647,31.947,31.947,389.936,389.936,6900.0
1.0648,33.048,33.048,390.033,390.033,6900.0
1.0649,34.046,34.046,390.178,390.178,6900.0
1.065,35.09,35.09,390.367,390.367,6900.0
1.0651,36.068,36.068,390.609,390.609,6900.0
1.0652,36.987,36.987,390.911,390.911,6900.0
1.0653,37.71,37.71,391.263,391.263,6900.0
1.0654,38.402,38.402,391.643,391.643,6900.0
1.0655,39.185,39.185,392.044,392.044,6900.0
1.0656,39.868,39.868,392.484,392.484,6900.0
1.0657,40.646,40.646,392.963,392.963,6900.0
1.0658,41.115,41.115,393.49,393.49,6900.0
1.0659,41.478,41.478,394.034,394.034,6900.0
1.066,42.023,42.023,394.589,394.589,6900.0
1.0661,42.391,42.391,395.179,395.179,6900.0
1.0662,42.919,42.919,395.795,395.795,6900.0
1.0663,43.11,43.11,396.46,396.46,6900.0
1.0664,43.126,43.126,397.134,397.134,6900.0
1.0665,43.373,43.373,397.81,397.81,6900.0
1.0666,43.388,43.388,398.505,398.505,6900.0
1.0667,43.457,43.457,399.196,399.196,6900.0
1.0668,43.455,43.455,399.907,399.907,6900.0
1.0669,43.198,43.198,400.61,400.61,6900.0
1.067,43.205,43.205,401.299,401.299,6900.0
1.0671,42.967,42.967,401.991,401.991,6900.0
1.0672,42.644,42.644,402.659,402.659,6900.0
1.0673,42.478,42.478,403.328,403.328,6900.0
1.0674,42.085,42.085,403.985,403.985,6900.0
1.0675,41.833,41.833,404.633,404.633,6900.0
1.0676,41.304,41.304,405.277,405.277,6900.0
1.0677,40.701,40.701,405.886,405.886,6900.0
1.0678,40.34,40.34,406.472,406.472,6900.0
1.0679,39.676,39.676,407.037,407.037,6900.0
1.068,39.152,39.152,407.58,407.58,6900.0
1.0681,38.393,38.393,408.099,408.099,6900.0
1.0682,37.606,37.606,408.57,408.57,6900.0
1.0683,37.007,37.007,408.997,408.997,6900.0
1.0684,36.252,36.252,409.394,409.394,6900.0
1.0685,35.556,35.556,409.763,409.763,6900.0
1.0686,34.676,34.676,410.104,410.104,6900.0
1.0687,33.749,33.749,410.402,410.402,6900.0
1.0688,32.932,32.932,410.654,410.654,6900.0
1.0689,32.054,32.054,410.872,410.872,6900.0
1.069,31.171,31.171,411.056,411.056,6900.0
1.0691,30.171,30.171,411.203,411.203,6900.0
1.0692,29.142,29.142,411.31,411.31,6900.0
1.0693,28.105,28.105,411.374,411.374,6900.0
1.0694,27.014,27.014,411.392,411.392,6900.0
1.0695,26.004,26.004,411.36,411.36,6900.0
1.0696,25.006,25.006,411.287,411.287,6900.0
1.0697,23.99,23.99,411.18,411.18,6900.0
1.0698,22.838,22.838,411.044,411.044,6900.0
1.0699,21.544,21.544,410.862,410.862,6900.0
1.07,20.325,20.325,410.625,410.625,6900.0
1.0701,19.334,19.334,410.347,410.347,6900.0
1.0702,18.345,18.345,410.046,410.046,6900.0
1.0703,17.152,17.152,409.729,409.729,6900.0
1.0704,15.526,15.526,409.374,409.374,6900.0
1.0705,14.136,14.136,408.961,408.961,6900.0
1.0706,13.008,13.008,408.511,408.511,6900.0
1.0707,11.926,11.926,408.033,408.033,6900.0
1.0708,10.736,10.736,407.538,407.538,6900.0
1.0709,9.194,9.194,407.018,407.018,6900.0
1.071,7.747,7.747,406.463,406.463,6900.0
1.0711,6.561,6.561,405.886,405.886,6900.0
1.0712,5.17,5.17,405.289,405.289,6900.0
1.0713,3.879,3.879,404.678,404.678,6900.0
1.0714,2.339,2.339,404.05,404.05,6900.0
1.0715,0.801,0.801,403.405,403.405,6900.0
1.0716,-0.0,-0.0,402.75,402.75,6900.0
1.0717,-0.0,-0.0,402.091,402.091,6900.0
1.0718,-0.0,-0.0,401.43,401.43,6900.0
1.0719,-0.0,-0.0,400.769,400.769,6900.0
1.072,-0.0,-0.0,400.106,400.106,6900.0
1.0721,0.0,0.0,399.442,399.442,6900.0
1.0722,0.0,0.0,398.777,398.777,6900.0
1.0723,0.0,0.0,398.11,398.11,6900.0
1.0724,0.0,0.0,397.443,397.443,6900.0
1.0725,0.0,0.0,396.775,396.775,6900.0
1.0726,0.0,0.0,396.105,396.105,6900.0
1.0727,0.0,0.0,395.434,395.434,6900.0
1.0728,0.0,0.0,394.763,394.763,6900.0
1.0729,0.0,0.0,394.091,394.091,6900.0
1.073,-3.841,-3.841,393.423,393.423,6900.0
1.0731,-9.154,-9.154,392.795,392.795,6900.0
1.0732,-11.457,-11.457,392.216,392.216,6900.0
1.0733,-13.337,-13.337,391.68,391.68,6900.0
1.0734,-14.548,-14.548,391.183,391.183,6900.0
1.0735,-15.813,-15.813,390.702,390.702,6900.0
1.0736,-17.411,-17.411,390.244,390.244,6900.0
1.0737,-19.119,-19.119,389.831,389.831,6900.0
1.0738,-20.709,-20.709,389.479,389.479,6900.0
1.0739,-21.922,-21.922,389.185,389.185,6900.0
1.074,-22.986,-22.986,388.925,388.925,6900.0
1.0741,-24.364,-24.364,388.692,388.692,6900.0
1.0742,-25.755,-25.755,388.501,388.501,6900.0
1.0743,-27.119,-27.119,388.359,388.359,6900.0
1.0744,-28.334,-28.334,388.263,388.263,6900.0
1.0745,-29.511,-29.511,388.208,388.208,6900.0
1.0746,-30.695,-30.695,388.193,388.193,6900.0
1.0747,-31.93,-31.93,388.223,388.223,6900.0
1.0748,-33.044,-33.044,388.304,388.304,6900.0
1.0749,-34.204,-34.204,388.439,388.439,6900.0
1.075,-35.316,-35.316,388.635,388.635,6900.0
1.0751,-36.241,-36.241,388.899,388.899,6900.0
1.0752,-36.949,-36.949,389.212,389.212,6900.0
1.0753,-37.704,-37.704,389.555,389.555,6900.0
1.0754,-38.577,-38.577,389.935,389.935,6900.0
1.0755,-39.403,-39.403,390.351,390.351,6900.0
1.0756,-40.07,-40.07,390.818,390.818,6900.0
1.0757,-40.588,-40.588,391.31,391.31,6900.0
1.0758,-41.117,-41.117,391.809,391.809,6900.0
1.0759,-41.767,-41.767,392.335,392.335,6900.0
1.076,-42.288,-42.288,392.891,392.891,6900.0
1.0761,-42.817,-42.817,393.501,393.501,6900.0
1.0762,-43.027,-43.027,394.146,394.146,6900.0
1.0763,-43.245,-43.245,394.798,394.798,6900.0
1.0764,-43.578,-43.578,395.478,395.478,6900.0
1.0765,-43.622,-43.622,396.173,396.173,6900.0
1.0766,-43.859,-43.859,396.889,396.889,6900.0
1.0767,-43.694,-43.694,397.622,397.622,6900.0
1.0768,-43.611,-43.611,398.333,398.333,6900.0
1.0769,-43.628,-43.628,399.046,399.046,6900.0
1.077,-43.358,-43.358,399.747,399.747,6900.0
1.0771,-43.376,-43.376,400.433,400.433,6900.0
1.0772,-43.076,-43.076,401.124,401.124,6900.0
1.0773,-42.833,-42.833,401.795,401.795,6900.0
1.0774,-42.564,-42.564,402.472,402.472,6900.0
1.0775,-42.087,-42.087,403.133,403.133,6900.0
1.0776,-41.78,-41.78,403.769,403.769,6900.0
1.0777,-41.272,-41.272,404.402,404.402,6900.0
1.0778,-40.79,-40.79,405.012,405.012,6900.0
1.0779,-40.213,-40.213,405.612,405.612,6900.0
1.078,-39.414,-39.414,406.178,406.178,6900.0
1.0781,-38.776,-38.776,406.692,406.692,6900.0
1.0782,-38.108,-38.108,407.175,407.175,6900.0
1.0783,-37.51,-37.51,407.62,407.62,6900.0
1.0784,-36.75,-36.75,408.043,408.043,6900.0
1.0785,-35.875,-35.875,408.426,408.426,6900.0
1.0786,-35.046,-35.046,408.76,408.76,6900.0
1.0787,-34.268,-34.268,409.06,409.06,6900.0
1.0788,-33.449,-33.449,409.328,409.328,6900.0
1.0789,-32.574,-32.574,409.568,409.568,6900.0
1.079,-31.59,-31.59,409.772,409.772,6900.0
1.0791,-30.581,-30.581,409.934,409.934,6900.0
1.0792,-29.56,-29.56,410.052,410.052,6900.0
1.0793,-28.513,-28.513,410.124,410.124,6900.0
1.0794,-27.458,-27.458,410.15,410.15,6900.0
1.0795,-26.511,-26.511,410.133,410.133,6900.0
1.0796,-25.457,-25.457,410.082,410.082,6900.0
1.0797,-24.267,-24.267,409.988,409.988,6900.0
1.0798,-23.023,-23.023,409.844,409.844,6900.0
1.0799,-21.969,-21.969,409.648,409.648,6900.0
1.08,-20.975,-20.975,409.42,409.42,6900.0
1.0801,-19.935,-19.935,409.172,409.172,6900.0
1.0802,-18.51,-18.51,408.897,408.897,6900.0
1.0803,-16.969,-16.969,408.568,408.568,6900.0
1.0804,-15.843,-15.843,408.186,408.186,6900.0
1.0805,-14.764,-14.764,407.774,407.774,6900.0
1.0806,-13.725,-13.725,407.342,407.342,6900.0
1.0807,-12.252,-12.252,406.892,406.892,6900.0
1.0808,-10.611,-10.611,406.402,406.402,6900.0
1.0809,-9.384,-9.384,405.874,405.874,6900.0
1.081,-8.067,-8.067,405.323,405.323,6900.0
1.0811,-6.909,-6.909,404.749,404.749,6900.0
1.0812,-5.408,-5.408,404.159,404.159,6900.0
1.0813,-3.78,-3.78,403.546,403.546,6900.0
1.0814,-2.452,-2.452,402.912,402.912,6900.0
1.0815,-1.003,-1.003,402.266,402.266,6900.0
1.0816,-0.0,-0.0,401.609,401.609,6900.0
1.0817,0.0,0.0,400.948,400.948,6900.0
1.0818,0.0,0.0,400.286,400.286,6900.0
1.0819,0.0,0.0,399.622,399.622,6900.0
1.082,0.0,0.0,398.957,398.957,6900.0
1.0821,-0.0,-0.0,398.291,398.291,6900.0
1.0822,-0.0,-0.0,397.624,397.624,6900.0
1.0823,-0.0,-0.0,396.956,396.956,6900.0
1.0824,-0.0,-0.0,396.287,396.287,6900.0
1.0825,-0.0,-0.0,395.617,395.617,6900.0
1.0826,-0.0,-0.0,394.945,394.945,6900.0
1.0827,-0.0,-0.0,394.272,394.272,6900.0
1.0828,-0.0,-0.0,393.599,393.599,6900.0
1.0829,-0.0,-0.0,392.925,392.925,6900.0
1.083,4.704,4.704,392.258,392.258,6900.0
1.0831,9.596,9.596,391.637,391.637,6900.0
1.0832,11.778,11.778,391.07,391.07,6900.0
1.0833,13.04,13.04,390.531,390.531,6900.0
1.0834,14.615,14.615,390.004,390.004,6900.0
1.0835,16.387,16.387,389.51,389.51,6900.0
1.0836,18.208,18.208,389.066,389.066,6900.0
1.0837,19.663,19.663,388.689,388.689,6900.0
1.0838,20.765,20.765,388.357,388.357,6900.0
1.0839,22.089,22.089,388.048,388.048,6900.0
1.084,23.558,23.558,387.778,387.778,6900.0
1.0841,25.052,25.052,387.555,387.555,6900.0
1.0842,26.359,26.359,387.387,387.387,6900.0
1.0843,27.538,27.538,387.26,387.26,6900.0
1.0844,28.785,28.785,387.162,387.162,6900.0
1.0845,30.107,30.107,387.102,387.102,6900.0
1.0846,31.411,31.411,387.089,387.089,6900.0
1.0847,32.656,32.656,387.131,387.131,6900.0
1.0848,33.819,33.819,387.233,387.233,6900.0
1.0849,34.984,34.984,387.4,387.4,6900.0
1.085,35.962,35.962,387.631,387.631,6900.0
1.0851,36.839,36.839,387.911,387.911,6900.0
1.0852,37.809,37.809,388.229,388.229,6900.0
1.0853,38.59,38.59,388.597,388.597,6900.0
1.0854,39.501,39.501,389.011,389.011,6900.0
1.0855,40.124,40.124,389.469,389.469,6900.0
1.0856,40.724,40.724,389.942,389.942,6900.0
1.0857,41.487,41.487,390.426,390.426,6900.0
1.0858,42.105,42.105,390.945,390.945,6900.0
1.0859,42.84,42.84,391.501,391.501,6900.0
1.086,43.267,43.267,392.111,392.111,6900.0
1.0861,43.521,43.521,392.744,392.744,6900.0
1.0862,44.024,44.024,393.393,393.393,6900.0
1.0863,44.279,44.279,394.082,394.082,6900.0
1.0864,44.612,44.612,394.792,394.792,6900.0
1.0865,44.693,44.693,395.545,395.545,6900.0
1.0866,44.596,44.596,396.298,396.298,6900.0
1.0867,44.725,44.725,397.041,397.041,6900.0
1.0868,44.597,44.597,397.791,397.791,6900.0
1.0869,44.568,44.568,398.518,398.518,6900.0
1.087,44.478,44.478,399.254,399.254,6900.0
1.0871,44.19,44.19,399.974,399.974,6900.0
1.0872,44.152,44.152,400.681,400.681,6900.0
1.0873,43.777,43.777,401.394,401.394,6900.0
1.0874,43.428,43.428,402.08,402.08,6900.0
1.0875,43.139,43.139,402.768,402.768,6900.0
1.0876,42.655,42.655,403.446,403.446,6900.0
1.0877,42.301,42.301,404.116,404.116,6900.0
1.0878,41.63,41.63,404.777,404.777,6900.0
1.0879,40.883,40.883,405.394,405.394,6900.0
1.088,40.401,40.401,405.972,405.972,6900.0
1.0881,39.68,39.68,406.519,406.519,6900.0
1.0882,39.082,39.082,407.034,407.034,6900.0
1.0883,38.263,38.263,407.516,407.516,6900.0
1.0884,37.403,37.403,407.948,407.948,6900.0
1.0885,36.737,36.737,408.333,408.333,6900.0
1.0886,35.951,35.951,408.687,408.687,6900.0
1.0887,35.164,35.164,409.018,409.018,6900.0
1.0888,34.231,34.231,409.32,409.32,6900.0
1.0889,33.244,33.244,409.583,409.583,6900.0
1.089,32.312,32.312,409.802,409.802,6900.0
1.0891,31.305,31.305,409.982,409.982,6900.0
1.0892,30.324,30.324,410.119,410.119,6900.0
1.0893,29.238,29.238,410.213,410.213,6900.0
1.0894,28.162,28.162,410.263,410.263,6900.0
1.0895,27.018,27.018,410.27,410.27,6900.0
1.0896,25.884,25.884,410.226,410.226,6900.0
1.0897,24.776,24.776,410.126,410.126,6900.0
1.0898,23.743,23.743,409.983,409.983,6900.0
1.0899,22.742,22.742,409.811,409.811,6900.0
1.09,21.596,21.596,409.616,409.616,6900.0
1.0901,20.112,20.112,409.38,409.38,6900.0
1.0902,18.753,18.753,409.087,409.087,6900.0
1.0903,17.723,17.723,408.753,408.753,6900.0
1.0904,16.693,16.693,408.398,408.398,6900.0
1.0905,15.452,15.452,408.028,408.028,6900.0
1.0906,13.785,13.785,407.623,407.623,6900.0
1.0907,12.224,12.224,407.166,407.166,6900.0
1.0908,11.019,11.019,406.671,406.671,6900.0
1.0909,9.74,9.74,406.145,406.145,6900.0
1.091,8.54,8.54,405.599,405.599,6900.0
1.0911,6.917,6.917,405.03,405.03,6900.0
1.0912,5.451,5.451,404.432,404.432,6900.0
1.0913,4.188,4.188,403.816,403.816,6900.0
1.0914,2.747,2.747,403.185,403.185,6900.0
1.0915,1.391,1.391,402.542,402.542,6900.0
1.0916,0.05,0.05,401.887,401.887,6900.0
1.0917,-0.0,-0.0,401.228,401.228,6900.0
1.0918,-0.0,-0.0,400.566,400.566,6900.0
1.0919,-0.0,-0.0,399.903,399.903,6900.0
1.092,-0.0,-0.0,399.238,399.238,6900.0
1.0921,0.0,0.0,398.573,398.573,6900.0
1.0922,0.0,0.0,397.906,397.906,6900.0
1.0923,0.0,0.0,397.239,397.239,6900.0
1.0924,0.0,0.0,396.57,396.57,6900.0
1.0925,0.0,0.0,395.9,395.9,6900.0
1.0926,0.0,0.0,395.229,395.229,6900.0
1.0927,0.0,0.0,394.557,394.557,6900.0
1.0928,0.0,0.0,393.883,393.883,6900.0
1.0929,0.0,0.0,393.21,393.21,6900.0
1.093,-5.168,-5.168,392.546,392.546,6900.0
1.0931,-9.58,-9.58,391.928,391.928,6900.0
1.0932,-11.578,-11.578,391.346,391.346,6900.0
1.0933,-13.513,-13.513,390.788,390.788,6900.0
1.0934,-15.249,-15.249,390.269,390.269,6900.0
1.0935,-17.022,-17.022,389.803,389.803,6900.0
1.0936,-18.265,-18.265,389.392,389.392,6900.0
1.0937,-19.423,-19.423,389.006,389.006,6900.0
1.0938,-21.016,-21.016,388.646,388.646,6900.0
1.0939,-22.602,-22.602,388.333,388.333,6900.0
1.094,-24.165,-24.165,388.078,388.078,6900.0
1.0941,-25.379,-25.379,387.877,387.877,6900.0
1.0942,-26.543,-26.543,387.71,387.71,6900.0
1.0943,-27.904,-27.904,387.573,387.573,6900.0
1.0944,-29.28,-29.28,387.478,387.478,6900.0
1.0945,-30.637,-30.637,387.434,387.434,6900.0
1.0946,-31.903,-31.903,387.444,387.444,6900.0
1.0947,-33.145,-33.145,387.51,387.51,6900.0
1.0948,-34.259,-34.259,387.634,387.634,6900.0
1.0949,-35.304,-35.304,387.813,387.813,6900.0
1.095,-36.316,-36.316,388.038,388.038,6900.0
1.0951,-37.393,-37.393,388.315,388.315,6900.0
1.0952,-38.389,-38.389,388.647,388.647,6900.0
1.0953,-39.219,-39.219,389.039,389.039,6900.0
1.0954,-39.881,-39.881,389.469,389.469,6900.0
1.0955,-40.537,-40.537,389.915,389.915,6900.0
1.0956,-41.338,-41.338,390.389,390.389,6900.0
1.0957,-42.118,-42.118,390.895,390.895,6900.0
1.0958,-42.801,-42.801,391.455,391.455,6900.0
1.0959,-43.206,-43.206,392.048,392.048,6900.0
1.096,-43.615,-43.615,392.652,392.652,6900.0
1.0961,-44.181,-44.181,393.288,393.288,6900.0
1.0962,-44.51,-44.51,393.957,393.957,6900.0
1.0963,-44.953,-44.953,394.671,394.671,6900.0
1.0964,-45.02,-45.02,395.419,395.419,6900.0
1.0965,-45.08,-45.08,396.161,396.161,6900.0
1.0966,-45.204,-45.204,396.919,396.919,6900.0
1.0967,-45.163,-45.163,397.672,397.672,6900.0
1.0968,-45.247,-45.247,398.43,398.43,6900.0
1.0969,-45.057,-45.057,399.192,399.192,6900.0
1.097,-44.921,-44.921,399.929,399.929,6900.0
1.0971,-44.829,-44.829,400.67,400.67,6900.0
1.0972,-44.461,-44.461,401.398,401.398,6900.0
1.0973,-44.369,-44.369,402.11,402.11,6900.0
1.0974,-43.958,-43.958,402.83,402.83,6900.0
1.0975,-43.6,-43.6,403.531,403.531,6900.0
1.0976,-43.158,-43.158,404.237,404.237,6900.0
1.0977,-42.536,-42.536,404.919,404.919,6900.0
1.0978,-42.032,-42.032,405.562,405.562,6900.0
1.0979,-41.44,-41.44,406.188,406.188,6900.0
1.098,-40.848,-40.848,406.779,406.779,6900.0
1.0981,-40.196,-40.196,407.349,407.349,6900.0
1.0982,-39.319,-39.319,407.879,407.879,6900.0
1.0983,-38.618,-38.618,408.351,408.351,6900.0
1.0984,-37.852,-37.852,408.792,408.792,6900.0
1.0985,-37.167,-37.167,409.197,409.197,6900.0
1.0986,-36.34,-36.34,409.579,409.579,6900.0
1.0987,-35.413,-35.413,409.924,409.924,6900.0
1.0988,-34.423,-34.423,410.225,410.225,6900.0
1.0989,-33.577,-33.577,410.486,410.486,6900.0
1.099,-32.61,-32.61,410.712,410.712,6900.0
1.0991,-31.614,-31.614,410.901,410.901,6900.0
1.0992,-30.567,-30.567,411.048,411.048,6900.0
1.0993,-29.5,-29.5,411.151,411.151,6900.0
1.0994,-28.359,-28.359,411.205,411.205,6900.0
1.0995,-27.181,-27.181,411.208,411.208,6900.0
1.0996,-26.151,-26.151,411.159,411.159,6900.0
1.0997,-25.121,-25.121,411.071,411.071,6900.0
1.0998,-24.074,-24.074,410.952,410.952,6900.0
1.0999,-22.791,-22.791,410.799,410.799,6900.0
1.1,-21.404,-21.404,410.595,410.595,6900.0
1.1001,-20.282,-20.282,410.339,410.339,6900.0
1.1002,-19.255,-19.255,410.052,410.052,6900.0
1.1003,-18.175,-18.175,409.747,409.747,6900.0
1.1004,-16.649,-16.649,409.418,409.418,6900.0
1.1005,-14.995,-14.995,409.036,409.036,6900.0
1.1006,-13.742,-13.742,408.601,408.601,6900.0
1.1007,-12.534,-12.534,408.133,408.133,6900.0
1.1008,-11.437,-11.437,407.641,407.641,6900.0
1.1009,-9.953,-9.953,407.13,407.13,6900.0
1.101,-8.328,-8.328,406.587,406.587,6900.0
1.1011,-7.099,-7.099,406.014,406.014,6900.0
1.1012,-5.665,-5.665,405.423,405.423,6900.0
1.1013,-4.409,-4.409,404.814,404.814,6900.0
1.1014,-2.854,-2.854,404.191,404.191,6900.0
1.1015,-1.203,-1.203,403.551,403.551,6900.0
1.1016,-0.024,-0.024,402.897,402.897,6900.0
1.1017,0.0,0.0,402.238,402.238,6900.0
1.1018,0.0,0.0,401.578,401.578,6900.0
1.1019,0.0,0.0,400.917,400.917,6900.0
1.102,0.0,0.0,400.254,400.254,6900.0
1.1021,-0.0,-0.0,399.59,399.59,6900.0
1.1022,-0.0,-0.0,398.925,398.925,6900.0
1.1023,-0.0,-0.0,398.259,398.259,6900.0
1.1024,-0.0,-0.0,397.592,397.592,6900.0
1.1025,-0.0,-0.0,396.924,396.924,6900.0
1.1026,-0.0,-0.0,396.255,396.255,6900.0
1.1027,-0.0,-0.0,395.584,395.584,6900.0
1.1028,-0.0,-0.0,394.913,394.913,6900.0
1.1029,-0.0,-0.0,394.241,394.241,6900.0
1.103,4.6,4.6,393.577,393.577,6900.0
1.1031,9.413,9.413,392.951,392.951,6900.0
1.1032,11.823,11.823,392.372,392.372,6900.0
1.1033,13.671,13.671,391.831,391.831,6900.0
1.1034,15.212,15.212,391.337,391.337,6900.0
1.1035,16.354,16.354,390.874,390.874,6900.0
1.1036,17.832,17.832,390.426,390.426,6900.0
1.1037,19.56,19.56,390.014,390.014,6900.0
1.1038,21.603,21.247,389.659,389.659,6900.0
1.1039,22.679,22.679,389.369,389.369,6900.0
1.104,23.804,23.804,389.127,389.127,6900.0
1.1041,25.082,25.082,388.91,388.91,6900.0
1.1042,26.499,26.499,388.73,388.73,6900.0
1.1043,27.911,27.911,388.596,388.596,6900.0
1.1044,29.2,29.2,388.515,388.515,6900.0
1.1045,30.444,30.444,388.478,388.478,6900.0
1.1046,31.673,31.673,388.484,388.484,6900.0
1.1047,32.875,32.875,388.537,388.537,6900.0
1.1048,34.033,34.033,388.64,388.64,6900.0
1.1049,35.193,35.193,388.794,388.794,6900.0
1.105,36.26,36.26,389.009,389.009,6900.0
1.1051,37.304,37.304,389.289,389.289,6900.0
1.1052,38.158,38.158,389.629,389.629,6900.0
1.1053,38.894,38.894,390.007,390.007,6900.0
1.1054,39.74,39.74,390.413,390.413,6900.0
1.1055,40.461,40.461,390.86,390.86,6900.0
1.1056,41.266,41.266,391.348,391.348,6900.0
1.1057,41.835,41.835,391.878,391.878,6900.0
1.1058,42.296,42.296,392.423,392.423,6900.0
1.1059,42.949,42.949,392.978,392.978,6900.0
1.106,43.439,43.439,393.57,393.57,6900.0
1.1061,44.074,44.074,394.196,394.196,6900.0
1.1062,44.353,44.353,394.877,394.877,6900.0
1.1063,44.452,44.452,395.575,395.575,6900.0
1.1064,44.801,44.801,396.28,396.28,6900.0
1.1065,44.874,44.874,397.015,397.015,6900.0
1.1066,45.047,45.047,397.754,397.754,6900.0
1.1067,45.068,45.068,398.521,398.521,6900.0
1.1068,44.822,44.822,399.282,399.282,6900.0
1.1069,44.866,44.866,400.027,400.027,6900.0
1.107,44.608,44.608,400.774,400.774,6900.0
1.1071,44.454,44.454,401.493,401.493,6900.0
1.1072,44.335,44.335,402.216,402.216,6900.0
1.1073,43.935,43.935,402.927,402.927,6900.0
1.1074,43.776,43.776,403.627,403.627,6900.0
1.1075,43.237,43.237,404.328,404.328,6900.0
1.1076,42.684,42.684,404.997,404.997,6900.0
1.1077,42.351,42.351,405.653,405.653,6900.0
1.1078,41.935,41.785,406.293,406.293,6900.0
1.1079,41.272,41.272,406.916,406.916,6900.0
1.108,40.538,40.538,407.52,407.52,6900.0
1.1081,39.691,39.691,408.074,408.074,6900.0
1.1082,39.139,39.139,408.583,408.583,6900.0
1.1083,38.336,38.336,409.058,409.058,6900.0
1.1084,37.695,37.695,409.501,409.501,6900.0
1.1085,36.813,36.813,409.914,409.914,6900.0
1.1086,35.909,35.909,410.278,410.278,6900.0
1.1087,35.124,35.124,410.597,410.597,6900.0
1.1088,34.248,34.248,410.883,410.883,6900.0
1.1089,33.366,33.366,411.141,411.141,6900.0
1.109,32.353,32.353,411.365,411.365,6900.0
1.1091,31.318,31.318,411.549,411.549,6900.0
1.1092,30.295,30.295,411.687,411.687,6900.0
1.1093,29.232,29.232,411.781,411.781,6900.0
1.1094,28.164,28.164,411.826,411.826,6900.0
1.1095,27.072,27.072,411.827,411.827,6900.0
1.1096,26.015,26.015,411.788,411.788,6900.0
1.1097,24.839,24.839,411.712,411.712,6900.0
1.1098,23.615,23.615,411.588,411.588,6900.0
1.1099,22.414,22.414,411.407,411.407,6900.0
1.11,21.376,21.376,411.186,411.186,6900.0
1.1101,20.344,20.344,410.938,410.938,6900.0
1.1102,19.153,19.153,410.672,410.672,6900.0
1.1103,17.551,17.551,410.366,410.366,6900.0
1.1104,16.117,16.117,410.0,410.0,6900.0
1.1105,15.039,15.039,409.594,409.594,6900.0
1.1106,13.953,13.953,409.162,409.162,6900.0
1.1107,12.754,12.754,408.714,408.714,6900.0
1.1108,11.097,11.097,408.238,408.238,6900.0
1.1109,9.532,9.532,407.721,407.721,6900.0
1.111,8.342,8.342,407.175,407.175,6900.0
1.1111,6.981,6.981,406.606,406.606,6900.0
1.1112,5.71,5.71,406.019,406.019,6900.0
1.1113,4.111,4.111,405.412,405.412,6900.0
1.1114,2.549,2.549,404.785,404.785,6900.0
1.1115,1.199,1.199,404.142,404.142,6900.0
1.1116,0.034,0.034,403.489,403.489,6900.0
1.1117,-0.0,-0.0,402.831,402.831,6900.0
1.1118,-0.0,-0.0,402.172,402.172,6900.0
1.1119,-0.0,-0.0,401.512,401.512,6900.0
1.112,-0.0,-0.0,400.85,400.85,6900.0
1.1121,0.0,0.0,400.187,400.187,6900.0
1.1122,0.0,0.0,399.523,399.523,6900.0
1.1123,0.0,0.0,398.858,398.858,6900.0
1.1124,0.0,0.0,398.192,398.192,6900.0
1.1125,0.0,0.0,397.525,397.525,6900.0
1.1126,0.0,0.0,396.857,396.857,6900.0
1.1127,0.0,0.0,396.187,396.187,6900.0
1.1128,0.0,0.0,395.517,395.517,6900.0
1.1129,0.0,0.0,394.846,394.846,6900.0
1.113,-3.809,-3.809,394.18,394.18,6900.0
1.1131,-9.107,-9.107,393.554,393.554,6900.0
1.1132,-11.7,-11.7,392.982,392.982,6900.0
1.1133,-13.141,-13.141,392.448,392.448,6900.0
1.1134,-14.419,-14.419,391.929,391.929,6900.0
1.1135,-16.153,-16.153,391.431,391.431,6900.0
1.1136,-17.944,-17.944,390.979,390.979,6900.0
1.1137,-19.637,-19.637,390.589,390.589,6900.0
1.1138,-20.856,-20.856,390.261,390.261,6900.0
1.1139,-22.313,-21.972,389.964,389.964,6900.0
1.114,-23.393,-23.393,389.695,389.695,6900.0
1.1141,-24.846,-24.846,389.47,389.47,6900.0
1.1142,-26.283,-26.283,389.295,389.295,6900.0
1.1143,-27.467,-27.467,389.167,389.167,6900.0
1.1144,-28.655,-28.655,389.073,389.073,6900.0
1.1145,-29.926,-29.926,389.011,389.011,6900.0
1.1146,-31.203,-31.203,388.991,388.991,6900.0
1.1147,-32.469,-32.469,389.022,389.022,6900.0
1.1148,-33.686,-33.686,389.111,389.111,6900.0
1.1149,-34.82,-34.82,389.265,389.265,6900.0
1.115,-35.854,-35.854,389.487,389.487,6900.0
1.1151,-36.737,-36.737,389.765,389.765,6900.0
1.1152,-37.54,-37.54,390.084,390.084,6900.0
1.1153,-38.462,-38.462,390.445,390.445,6900.0
1.1154,-39.33,-39.33,390.849,390.849,6900.0
1.1155,-39.981,-39.981,391.304,391.304,6900.0
1.1156,-40.57,-40.57,391.782,391.782,6900.0
1.1157,-41.101,-41.101,392.267,392.267,6900.0
1.1158,-41.827,-41.827,392.773,392.773,6900.0
1.1159,-42.46,-42.46,393.308,393.308,6900.0
1.116,-43.052,-43.052,393.895,393.895,6900.0
1.1161,-43.347,-43.347,394.52,394.52,6900.0
1.1162,-43.653,-43.653,395.155,395.155,6900.0
1.1163,-44.047,-44.047,395.828,395.828,6900.0
1.1164,-44.201,-44.201,396.526,396.526,6900.0
1.1165,-44.519,-44.519,397.258,397.258,6900.0
1.1166,-44.41,-44.41,398.015,398.015,6900.0
1.1167,-44.338,-44.338,398.755,398.755,6900.0
1.1168,-44.354,-44.354,399.498,399.498,6900.0
1.1169,-44.105,-44.105,400.226,400.226,6900.0
1.117,-44.157,-44.157,400.938,400.938,6900.0
1.1171,-43.899,-43.899,401.652,401.652,6900.0
1.1172,-43.707,-43.707,402.339,402.339,6900.0
1.1173,-43.502,-43.502,403.031,403.031,6900.0
1.1174,-43.065,-43.065,403.71,403.71,6900.0
1.1175,-42.823,-42.823,404.371,404.371,6900.0
1.1176,-42.348,-42.348,405.039,405.039,6900.0
1.1177,-41.909,-41.909,405.689,405.689,6900.0
1.1178,-41.335,-41.335,406.338,406.338,6900.0
1.1179,-40.761,-40.611,406.958,406.958,6900.0
1.118,-39.967,-39.967,407.528,407.528,6900.0
1.1181,-39.353,-39.353,408.068,408.068,6900.0
1.1182,-38.691,-38.691,408.569,408.569,6900.0
1.1183,-37.951,-37.951,409.042,409.042,6900.0
1.1184,-37.084,-37.084,409.47,409.47,6900.0
1.1185,-36.285,-36.285,409.845,409.845,6900.0
1.1186,-35.554,-35.554,410.184,410.184,6900.0
1.1187,-34.784,-34.784,410.494,410.494,6900.0
1.1188,-33.941,-33.941,410.78,410.78,6900.0
1.1189,-32.954,-32.954,411.034,411.034,6900.0
1.119,-31.941,-31.941,411.247,411.247,6900.0
1.1191,-30.929,-30.929,411.42,411.42,6900.0
1.1192,-29.937,-29.937,411.551,411.551,6900.0
1.1193,-28.922,-28.922,411.639,411.639,6900.0
1.1194,-27.864,-27.864,411.683,411.683,6900.0
1.1195,-26.797,-26.797,411.686,411.686,6900.0
1.1196,-25.567,-25.567,411.642,411.642,6900.0
1.1197,-24.374,-24.374,411.543,411.543,6900.0
1.1198,-23.306,-23.306,411.392,411.392,6900.0
1.1199,-22.365,-22.365,411.205,411.205,6900.0
1.12,-21.349,-21.349,410.995,410.995,6900.0
1.1201,-20.006,-20.006,410.759,410.759,6900.0
1.1202,-18.478,-18.478,410.473,410.473,6900.0
1.1203,-17.359,-17.359,410.135,410.135,6900.0
1.1204,-16.325,-16.325,409.77,409.77,6900.0
1.1205,-15.257,-15.257,409.388,409.388,6900.0
1.1206,-13.756,-13.756,408.986,408.986,6900.0
1.1207,-12.054,-12.054,408.538,408.538,6900.0
1.1208,-10.804,-10.804,408.044,408.044,6900.0
1.1209,-9.465,-9.465,407.52,407.52,6900.0
1.121,-8.334,-8.334,406.971,406.971,6900.0
1.1211,-6.869,-6.869,406.402,406.402,6900.0
1.1212,-5.282,-5.282,405.808,405.808,6900.0
1.1213,-4.055,-4.055,405.192,405.192,6900.0
1.1214,-2.668,-2.668,404.562,404.562,6900.0
1.1215,-1.355,-1.355,403.92,403.92,6900.0
1.1216,-0.075,-0.075,403.267,403.267,6900.0
1.1217,0.0,0.0,402.609,402.609,6900.0
1.1218,0.0,0.0,401.95,401.95,6900.0
1.1219,0.0,0.0,401.289,401.289,6900.0
1.122,0.0,0.0,400.627,400.627,6900.0
1.1221,-0.0,-0.0,399.964,399.964,6900.0
1.1222,-0.0,-0.0,399.3,399.3,6900.0
1.1223,-0.0,-0.0,398.634,398.634,6900.0
1.1224,-0.0,-0.0,397.968,397.968,6900.0
1.1225,-0.0,-0.0,397.3,397.3,6900.0
1.1226,-0.0,-0.0,396.632,396.632,6900.0
1.1227,-0.0,-0.0,395.962,395.962,6900.0
1.1228,-0.0,-0.0,395.291,395.291,6900.0
1.1229,-0.0,-0.0,394.619,394.619,6900.0
1.123,3.15,3.15,393.952,393.952,6900.0
1.1231,8.881,8.881,393.324,393.324,6900.0
1.1232,11.075,11.075,392.743,392.743,6900.0
1.1233,12.903,12.903,392.182,392.182,6900.0
1.1234,14.687,14.687,391.654,391.654,6900.0
1.1235,16.471,16.471,391.173,391.173,6900.0
1.1236,17.911,17.911,390.753,390.753,6900.0
1.1237,18.964,18.964,390.374,390.374,6900.0
1.1238,20.295,20.295,390.015,390.015,6900.0
1.1239,21.853,21.853,389.692,389.692,6900.0
1.124,23.404,23.404,389.42,389.42,6900.0
1.1241,24.722,24.722,389.205,389.205,6900.0
1.1242,25.891,25.891,389.03,389.03,6900.0
1.1243,27.146,27.146,388.882,388.882,6900.0
1.1244,28.477,28.477,388.771,388.771,6900.0
1.1245,29.835,29.835,388.705,388.705,6900.0
1.1246,31.069,31.069,388.694,388.694,6900.0
1.1247,32.311,32.311,388.738,388.738,6900.0
1.1248,33.44,33.44,388.842,388.842,6900.0
1.1249,34.48,34.48,389.004,389.004,6900.0
1.125,35.462,35.462,389.214,389.214,6900.0
1.1251,36.427,36.427,389.469,389.469,6900.0
1.1252,37.311,37.311,389.774,389.774,6900.0
1.1253,38.289,38.289,390.132,390.132,6900.0
1.1254,38.978,38.978,390.538,390.538,6900.0
1.1255,39.605,39.605,390.966,390.966,6900.0
1.1256,40.326,40.326,391.41,391.41,6900.0
1.1257,40.966,40.966,391.888,391.888,6900.0
1.1258,41.748,41.748,392.404,392.404,6900.0
1.1259,42.262,42.262,392.969,392.969,6900.0
1.126,42.588,42.588,393.555,393.555,6900.0
1.1261,43.111,43.111,394.156,394.156,6900.0
1.1262,43.453,43.453,394.796,394.796,6900.0
1.1263,43.914,43.914,395.462,395.462,6900.0
1.1264,44.027,44.027,396.178,396.178,6900.0
1.1265,43.951,43.951,396.899,396.899,6900.0
1.1266,44.158,44.158,397.614,397.614,6900.0
1.1267,44.115,44.115,398.342,398.342,6900.0
1.1268,44.119,44.119,399.056,399.056,6900.0
1.1269,44.097,44.097,399.782,399.782,6900.0
1.127,43.807,43.807,400.496,400.496,6900.0
1.1271,43.819,43.819,401.196,401.196,6900.0
1.1272,43.485,43.485,401.902,401.902,6900.0
1.1273,43.226,43.226,402.581,402.581,6900.0
1.1274,43.015,43.015,403.264,403.264,6900.0
1.1275,42.526,42.526,403.938,403.938,6900.0
1.1276,42.205,42.205,404.604,404.604,6900.0
1.1277,41.611,41.611,405.262,405.262,6900.0
1.1278,40.916,40.916,405.881,405.881,6900.0
1.1279,40.506,40.506,406.469,406.469,6900.0
1.128,39.998,39.837,407.032,407.032,6900.0
1.1281,39.278,39.278,407.568,407.568,6900.0
1.1282,38.515,38.515,408.075,408.075,6900.0
1.1283,37.673,37.673,408.533,408.533,6900.0
1.1284,37.027,37.027,408.946,408.946,6900.0
1.1285,36.246,36.246,409.327,409.327,6900.0
1.1286,35.548,35.548,409.681,409.681,6900.0
1.1287,34.595,34.595,410.008,410.008,6900.0
1.1288,33.696,33.696,410.291,410.291,6900.0
1.1289,32.787,32.787,410.532,410.532,6900.0
1.129,31.834,31.834,410.736,410.736,6900.0
1.1291,30.867,30.867,410.903,410.903,6900.0
1.1292,29.847,29.847,411.03,411.03,6900.0
1.1293,28.833,28.833,411.114,411.114,6900.0
1.1294,27.751,27.751,411.156,411.156,6900.0
1.1295,26.629,26.629,411.148,411.148,6900.0
1.1296,25.491,25.491,411.089,411.089,6900.0
1.1297,24.494,24.494,410.985,410.985,6900.0
1.1298,23.461,23.461,410.85,410.85,6900.0
1.1299,22.31,22.31,410.687,410.687,6900.0
1.13,20.967,20.967,410.481,410.481,6900.0
1.1301,19.698,19.698,410.219,410.219,6900.0
1.1302,18.673,18.673,409.917,409.917,6900.0
1.1303,17.65,17.65,409.593,409.593,6900.0
1.1304,16.468,16.468,409.252,409.252,6900.0
1.1305,14.765,14.765,408.876,408.876,6900.0
1.1306,13.3,13.3,408.443,408.443,6900.0
1.1307,12.163,12.163,407.972,407.972,6900.0
1.1308,11.019,11.019,407.473,407.473,6900.0
1.1309,9.809,9.809,406.955,406.955,6900.0
1.131,8.213,8.213,406.412,406.412,6900.0
1.1311,6.711,6.711,405.838,405.838,6900.0
1.1312,5.452,5.452,405.243,405.243,6900.0
1.1313,4.09,4.09,404.63,404.63,6900.0
1.1314,2.807,2.807,404.003,404.003,6900.0
1.1315,1.236,1.236,403.363,403.363,6900.0
1.1316,0.006,0.006,402.708,402.708,6900.0
1.1317,-0.0,-0.0,402.05,402.05,6900.0
1.1318,-0.0,-0.0,401.389,401.389,6900.0
1.1319,-0.0,-0.0,400.727,400.727,6900.0
1.132,-0.0,-0.0,400.064,400.064,6900.0
1.1321,0.0,0.0,399.4,399.4,6900.0
1.1322,0.0,0.0,398.735,398.735,6900.0
1.1323,0.0,0.0,398.069,398.069,6900.0
1.1324,0.0,0.0,397.402,397.402,6900.0
1.1325,0.0,0.0,396.733,396.733,6900.0
1.1326,0.0,0.0,396.063,396.063,6900.0
1.1327,0.0,0.0,395.393,395.393,6900.0
1.1328,0.0,0.0,394.721,394.721,6900.0
1.1329,0.0,0.0,394.048,394.048,6900.0
1.133,-3.431,-3.431,393.381,393.381,6900.0
1.1331,-8.709,-8.709,392.749,392.749,6900.0
1.1332,-11.404,-11.404,392.161,392.161,6900.0
1.1333,-13.203,-13.203,391.612,391.612,6900.0
1.1334,-14.981,-14.981,391.106,391.106,6900.0
1.1335,-16.204,-16.204,390.645,390.645,6900.0
1.1336,-17.396,-17.396,390.202,390.202,6900.0
1.1337,-18.971,-18.971,389.784,389.784,6900.0
1.1338,-20.694,-20.694,389.411,389.411,6900.0
1.1339,-22.272,-22.272,389.101,389.101,6900.0
1.134,-23.496,-23.496,388.85,388.85,6900.0
1.1341,-24.621,-24.621,388.634,388.634,6900.0
1.1342,-25.973,-25.973,388.449,388.449,6900.0
1.1343,-27.377,-27.377,388.306,388.306,6900.0
1.1344,-28.724,-28.724,388.214,388.214,6900.0
1.1345,-29.925,-29.925,388.17,388.17,6900.0
1.1346,-31.086,-31.086,388.171,388.171,6900.0
1.1347,-32.295,-32.295,388.216,388.216,6900.0
1.1348,-33.438,-33.438,388.308,388.308,6900.0
1.1349,-34.533,-34.533,388.448,388.448,6900.0
1.135,-35.632,-35.632,388.641,388.641,6900.0
1.1351,-36.692,-36.692,388.894,388.894,6900.0
1.1352,-37.612,-37.612,389.212,389.212,6900.0
1.1353,-38.338,-38.338,389.578,389.578,6900.0
1.1354,-39.068,-39.068,389.972,389.972,6900.0
1.1355,-39.906,-39.906,390.402,390.402,6900.0
1.1356,-40.651,-40.651,390.87,390.87,6900.0
1.1357,-41.278,-41.278,391.389,391.389,6900.0
1.1358,-41.74,-41.74,391.935,391.935,6900.0
1.1359,-42.155,-42.155,392.487,392.487,6900.0
1.136,-42.82,-42.82,393.062,393.062,6900.0
1.1361,-43.258,-43.258,393.665,393.665,6900.0
1.1362,-43.759,-43.759,394.313,394.313,6900.0
1.1363,-43.93,-43.93,394.994,394.994,6900.0
1.1364,-44.058,-44.058,395.678,395.678,6900.0
1.1365,-44.323,-44.323,396.386,396.386,6900.0
1.1366,-44.329,-44.329,397.106,397.106,6900.0
1.1367,-44.531,-44.531,397.844,397.844,6900.0
1.1368,-44.379,-44.379,398.598,398.598,6900.0
1.1369,-44.226,-44.226,399.332,399.332,6900.0
1.137,-44.194,-44.194,400.069,400.069,6900.0
1.1371,-43.807,-43.807,400.791,400.791,6900.0
1.1372,-43.753,-43.753,401.492,401.492,6900.0
1.1373,-43.408,-43.408,402.195,402.195,6900.0
1.1374,-43.14,-43.14,402.873,402.873,6900.0
1.1375,-42.79,-42.79,403.554,403.554,6900.0
1.1376,-42.255,-42.255,404.213,404.213,6900.0
1.1377,-41.841,-41.841,404.844,404.844,6900.0
1.1378,-41.309,-41.309,405.466,405.466,6900.0
1.1379,-40.801,-40.801,406.064,406.064,6900.0
1.138,-40.168,-40.168,406.653,406.653,6900.0
1.1381,-39.526,-39.362,407.207,407.207,6900.0
1.1382,-38.676,-38.676,407.708,407.708,6900.0
1.1383,-37.982,-37.982,408.178,408.178,6900.0
1.1384,-37.275,-37.275,408.61,408.61,6900.0
1.1385,-36.478,-36.478,409.015,409.015,6900.0
1.1386,-35.58,-35.58,409.379,409.379,6900.0
1.1387,-34.669,-34.669,409.693,409.693,6900.0
1.1388,-33.892,-33.892,409.967,409.967,6900.0
1.1389,-33.008,-33.008,410.207,410.207,6900.0
1.139,-32.106,-32.106,410.416,410.416,6900.0
1.1391,-31.07,-31.07,410.589,410.589,6900.0
1.1392,-30.014,-30.014,410.72,410.72,6900.0
1.1393,-28.971,-28.971,410.807,410.807,6900.0
1.1394,-27.893,-27.893,410.849,410.849,6900.0
1.1395,-26.876,-26.876,410.843,410.843,6900.0
1.1396,-25.835,-25.835,410.798,410.798,6900.0
1.1397,-24.706,-24.706,410.719,410.719,6900.0
1.1398,-23.465,-23.465,410.598,410.598,6900.0
1.1399,-22.136,-22.136,410.423,410.423,6900.0
1.14,-21.082,-21.082,410.195,410.195,6900.0
1.1401,-20.073,-20.073,409.934,409.934,6900.0
1.1402,-19.077,-19.077,409.653,409.653,6900.0
1.1403,-17.624,-17.624,409.349,409.349,6900.0
1.1404,-16.007,-16.007,408.991,408.991,6900.0
1.1405,-14.83,-14.83,408.58,408.58,6900.0
1.1406,-13.687,-13.687,408.14,408.14,6900.0
1.1407,-12.671,-12.671,407.679,407.679,6900.0
1.1408,-11.188,-11.188,407.201,407.201,6900.0
1.1409,-9.523,-9.523,406.688,406.688,6900.0
1.141,-8.279,-8.279,406.139,406.139,6900.0
1.1411,-6.874,-6.874,405.569,405.569,6900.0
1.1412,-5.662,-5.662,404.978,404.978,6900.0
1.1413,-4.156,-4.156,404.371,404.371,6900.0
1.1414,-2.534,-2.534,403.743,403.743,6900.0
1.1415,-1.18,-1.18,403.099,403.099,6900.0
1.1416,-0.003,-0.003,402.444,402.444,6900.0
1.1417,0.0,0.0,401.784,401.784,6900.0
1.1418,0.0,0.0,401.123,401.123,6900.0
1.1419,0.0,0.0,400.461,400.461,6900.0
1.142,0.0,0.0,399.798,399.798,6900.0
1.1421,-0.0,-0.0,399.133,399.133,6900.0
1.1422,-0.0,-0.0,398.468,398.468,6900.0
1.1423,-0.0,-0.0,397.801,397.801,6900.0
1.1424,-0.0,-0.0,397.133,397.133,6900.0
1.1425,-0.0,-0.0,396.464,396.464,6900.0
1.1426,-0.0,-0.0,395.794,395.794,6900.0
1.1427,-0.0,-0.0,395.123,395.123,6900.0
1.1428,-0.0,-0.0,394.45,394.45,6900.0
1.1429,-0.0,-0.0,393.778,393.778,6900.0
1.143,3.904,3.904,393.11,393.11,6900.0
1.1431,9.159,9.159,392.482,392.482,6900.0
1.1432,11.69,11.69,391.905,391.905,6900.0
1.1433,13.369,13.369,391.373,391.373,6900.0
1.1434,14.552,14.552,390.865,390.865,6900.0
1.1435,16.112,16.112,390.372,390.372,6900.0
1.1436,17.899,17.899,389.914,389.914,6900.0
1.1437,19.58,19.58,389.513,389.513,6900.0
1.1438,21.011,21.011,389.18,389.18,6900.0
1.1439,22.103,22.103,388.894,388.894,6900.0
1.144,23.354,23.354,388.632,388.632,6900.0
1.1441,24.844,24.844,388.404,388.404,6900.0
1.1442,26.28,26.28,388.223,388.223,6900.0
1.1443,27.604,27.604,388.092,388.092,6900.0
1.1444,28.783,28.783,388.001,388.001,6900.0
1.1445,30.041,30.041,387.944,387.944,6900.0
1.1446,31.29,31.29,387.928,387.928,6900.0
1.1447,32.57,32.57,387.961,387.961,6900.0
1.1448,33.791,33.791,388.051,388.051,6900.0
1.1449,34.947,34.947,388.204,388.204,6900.0
1.145,36.048,36.048,388.426,388.426,6900.0
1.1451,36.923,36.923,388.713,388.713,6900.0
1.1452,37.714,37.714,389.044,389.044,6900.0
1.1453,38.584,38.584,389.409,389.409,6900.0
1.1454,39.375,39.375,389.815,389.815,6900.0
1.1455,40.225,40.225,390.263,390.263,6900.0
1.1456,40.806,40.806,390.752,390.752,6900.0
1.1457,41.304,41.304,391.254,391.254,6900.0
1.1458,42.0,42.0,391.763,391.763,6900.0
1.1459,42.573,42.573,392.307,392.307,6900.0
1.146,43.268,43.268,392.886,392.886,6900.0
1.1461,43.832,43.692,393.522,393.522,6900.0
1.1462,43.878,43.878,394.181,394.181,6900.0
1.1463,44.308,44.308,394.855,394.855,6900.0
1.1464,44.434,44.434,395.568,395.568,6900.0
1.1465,44.727,44.727,396.295,396.295,6900.0
1.1466,44.76,44.76,397.059,397.059,6900.0
1.1467,44.535,44.535,397.819,397.819,6900.0
1.1468,44.625,44.625,398.561,398.561,6900.0
1.1469,44.48,44.48,399.304,399.304,6900.0
1.147,44.361,44.361,400.021,400.021,6900.0
1.1471,44.257,44.257,400.741,400.741,6900.0
1.1472,43.904,43.904,401.448,401.448,6900.0
1.1473,43.815,43.815,402.144,402.144,6900.0
1.1474,43.408,43.408,402.844,402.844,6900.0
1.1475,43.006,43.006,403.518,403.518,6900.0
1.1476,42.719,42.719,404.19,404.19,6900.0
1.1477,42.131,42.131,404.851,404.851,6900.0
1.1478,41.676,41.676,405.5,405.5,6900.0
1.1479,40.96,40.96,406.133,406.133,6900.0
1.148,40.142,40.142,406.719,406.719,6900.0
1.1481,39.649,39.649,407.261,407.261,6900.0
1.1482,38.88,38.88,407.769,407.769,6900.0
1.1483,38.3,38.3,408.243,408.243,6900.0
1.1484,37.437,37.437,408.686,408.686,6900.0
1.1485,36.554,36.554,409.08,409.08,6900.0
1.1486,35.858,35.858,409.427,409.427,6900.0
1.1487,35.04,35.04,409.745,409.745,6900.0
1.1488,34.207,34.207,410.036,410.036,6900.0
1.1489,33.262,33.262,410.299,410.299,6900.0
1.149,32.229,32.229,410.522,410.522,6900.0
1.1491,31.252,31.252,410.701,410.701,6900.0
1.1492,30.173,30.173,410.838,410.838,6900.0
1.1493,29.133,29.133,410.929,410.929,6900.0
1.1494,28.092,28.092,410.975,410.975,6900.0
1.1495,27.077,27.077,410.978,410.978,6900.0
1.1496,25.915,25.915,410.942,410.942,6900.0
1.1497,24.712,24.712,410.856,410.856,6900.0
1.1498,23.506,23.506,410.715,410.715,6900.0
1.1499,22.504,22.504,410.531,410.531,6900.0
1.15,21.479,21.479,410.319,410.319,6900.0
1.1501,20.34,20.34,410.087,410.087,6900.0
1.1502,18.79,18.79,409.816,409.816,6900.0
1.1503,17.435,17.435,409.485,409.485,6900.0
1.1504,16.352,16.352,409.116,409.116,6900.0
1.1505,15.307,15.307,408.721,408.721,6900.0
1.1506,14.063,14.063,408.312,408.312,6900.0
1.1507,12.388,12.388,407.871,407.871,6900.0
1.1508,10.864,10.864,407.382,407.382,6900.0
1.1509,9.675,9.675,406.86,406.86,6900.0
1.151,8.391,8.391,406.311,406.311,6900.0
1.1511,7.123,7.123,405.743,405.743,6900.0
1.1512,5.525,5.525,405.154,405.154,6900.0
1.1513,3.99,3.99,404.54,404.54,6900.0
1.1514,2.697,2.697,403.91,403.91,6900.0
1.1515,1.266,1.266,403.266,403.266,6900.0
1.1516,0.076,0.076,402.612,402.612,6900.0
1.1517,-0.0,-0.0,401.953,401.953,6900.0
1.1518,-0.0,-0.0,401.292,401.292,6900.0
1.1519,-0.0,-0.0,400.63,400.63,6900.0
1.152,-0.0,-0.0,399.967,399.967,6900.0
1.1521,0.0,0.0,399.303,399.303,6900.0
1.1522,0.0,0.0,398.638,398.638,6900.0
1.1523,0.0,0.0,397.971,397.971,6900.0
1.1524,0.0,0.0,397.304,397.304,6900.0
1.1525,0.0,0.0,396.635,396.635,6900.0
1.1526,0.0,0.0,395.965,395.965,6900.0
1.1527,0.0,0.0,395.294,395.294,6900.0
1.1528,0.0,0.0,394.622,394.622,6900.0
1.1529,0.0,0.0,393.95,393.95,6900.0
1.153,-4.111,-4.111,393.283,393.283,6900.0
1.1531,-9.432,-9.432,392.66,392.66,6900.0
1.1532,-11.548,-11.548,392.089,392.089,6900.0
1.1533,-13.0,-13.0,391.538,391.538,6900.0
1.1534,-14.8,-14.8,391.009,391.009,6900.0
1.1535,-16.567,-16.567,390.523,390.523,6900.0
1.1536,-18.328,-18.328,390.094,390.094,6900.0
1.1537,-19.519,-19.519,389.724,389.724,6900.0
1.1538,-20.597,-20.597,389.382,389.382,6900.0
1.1539,-22.089,-22.089,389.065,389.065,6900.0
1.154,-23.618,-23.618,388.793,388.793,6900.0
1.1541,-25.144,-25.144,388.575,388.575,6900.0
1.1542,-26.372,-26.372,388.407,388.407,6900.0
1.1543,-27.535,-27.535,388.273,388.273,6900.0
1.1544,-28.888,-28.888,388.17,388.17,6900.0
1.1545,-30.229,-30.229,388.111,388.111,6900.0
1.1546,-31.522,-31.522,388.104,388.104,6900.0
1.1547,-32.746,-32.746,388.155,388.155,6900.0
1.1548,-33.964,-33.964,388.267,388.267,6900.0
1.1549,-35.022,-35.022,388.442,388.442,6900.0
1.155,-35.994,-35.994,388.672,388.672,6900.0
1.1551,-36.879,-36.879,388.945,388.945,6900.0
1.1552,-37.859,-37.859,389.262,389.262,6900.0
1.1553,-38.778,-38.778,389.627,389.627,6900.0
1.1554,-39.556,-39.556,390.044,390.044,6900.0
1.1555,-40.188,-40.188,390.492,390.492,6900.0
1.1556,-40.804,-40.804,390.953,390.953,6900.0
1.1557,-41.615,-41.615,391.441,391.441,6900.0
1.1558,-42.267,-42.267,391.964,391.964,6900.0
1.1559,-42.904,-42.904,392.542,392.542,6900.0
1.156,-43.252,-43.252,393.158,393.158,6900.0
1.1561,-43.567,-43.567,393.786,393.786,6900.0
1.1562,-44.225,-44.089,394.444,394.444,6900.0
1.1563,-44.323,-44.323,395.13,395.13,6900.0
1.1564,-44.664,-44.664,395.853,395.853,6900.0
1.1565,-44.67,-44.67,396.6,396.6,6900.0
1.1566,-44.65,-44.65,397.335,397.335,6900.0
1.1567,-44.744,-44.744,398.078,398.078,6900.0
1.1568,-44.625,-44.625,398.812,398.812,6900.0
1.1569,-44.718,-44.718,399.544,399.544,6900.0
1.157,-44.5,-44.5,400.282,400.282,6900.0
1.1571,-44.357,-44.357,400.998,400.998,6900.0
1.1572,-44.174,-44.174,401.722,401.722,6900.0
1.1573,-43.757,-43.757,402.433,402.433,6900.0
1.1574,-43.546,-43.546,403.126,403.126,6900.0
1.1575,-43.111,-43.111,403.824,403.824,6900.0
1.1576,-42.751,-42.751,404.499,404.499,6900.0
1.1577,-42.257,-42.257,405.175,405.175,6900.0
1.1578,-41.507,-41.507,405.823,405.823,6900.0
1.1579,-40.972,-40.972,406.423,406.423,6900.0
1.158,-40.349,-40.349,406.999,406.999,6900.0
1.1581,-39.745,-39.745,407.54,407.54,6900.0
1.1582,-39.07,-39.07,408.059,408.059,6900.0
1.1583,-38.202,-38.202,408.538,408.538,6900.0
1.1584,-37.477,-37.477,408.964,408.964,6900.0
1.1585,-36.754,-36.754,409.358,409.358,6900.0
1.1586,-36.017,-36.017,409.721,409.721,6900.0
1.1587,-35.097,-35.097,410.061,410.061,6900.0
1.1588,-34.128,-34.128,410.364,410.364,6900.0
1.1589,-33.184,-33.184,410.62,410.62,6900.0
1.159,-32.256,-32.256,410.836,410.836,6900.0
1.1591,-31.284,-31.284,411.01,411.01,6900.0
1.1592,-30.23,-30.23,411.144,411.144,6900.0
1.1593,-29.185,-29.185,411.234,411.234,6900.0
1.1594,-28.153,-28.153,411.283,411.283,6900.0
1.1595,-26.977,-26.977,411.286,411.286,6900.0
1.1596,-25.844,-25.844,411.237,411.237,6900.0
1.1597,-24.789,-24.789,411.139,411.139,6900.0
1.1598,-23.711,-23.711,411.005,411.005,6900.0
1.1599,-22.697,-22.697,410.844,410.844,6900.0
1.16,-21.316,-21.316,410.652,410.652,6900.0
1.1601,-19.86,-19.86,410.407,410.407,6900.0
1.1602,-18.77,-18.77,410.108,410.108,6900.0
1.1603,-17.757,-17.757,409.778,409.778,6900.0
1.1604,-16.73,-16.73,409.432,409.432,6900.0
1.1605,-15.2,-15.2,409.064,409.064,6900.0
1.1606,-13.509,-13.509,408.646,408.646,6900.0
1.1607,-12.297,-12.297,408.18,408.18,6900.0
1.1608,-11.015,-11.015,407.684,407.684,6900.0
1.1609,-9.89,-9.89,407.163,407.163,6900.0
1.161,-8.424,-8.424,406.622,406.622,6900.0
1.1611,-6.822,-6.822,406.053,406.053,6900.0
1.1612,-5.569,-5.569,405.457,405.457,6900.0
1.1613,-4.11,-4.11,404.844,404.844,6900.0
1.1614,-2.833,-2.833,404.216,404.216,6900.0
1.1615,-1.345,-1.345,403.576,403.576,6900.0
1.1616,-0.0,-0.0,402.923,402.923,6900.0
1.1617,0.0,0.0,402.264,402.264,6900.0
1.1618,0.0,0.0,401.604,401.604,6900.0
1.1619,0.0,0.0,400.943,400.943,6900.0
1.162,0.0,0.0,400.28,400.28,6900.0
1.1621,-0.0,-0.0,399.617,399.617,6900.0
1.1622,-0.0,-0.0,398.952,398.952,6900.0
1.1623,-0.0,-0.0,398.286,398.286,6900.0
1.1624,-0.0,-0.0,397.619,397.619,6900.0
1.1625,-0.0,-0.0,396.951,396.951,6900.0
1.1626,-0.0,-0.0,396.281,396.281,6900.0
1.1627,-0.0,-0.0,395.611,395.611,6900.0
1.1628,-0.0,-0.0,394.939,394.939,6900.0
1.1629,-0.0,-0.0,394.268,394.268,6900.0
1.163,4.103,4.103,393.602,393.602,6900.0
1.1631,9.027,9.027,392.978,392.978,6900.0
1.1632,11.444,11.444,392.391,392.391,6900.0
1.1633,13.284,13.284,391.838,391.838,6900.0
1.1634,15.08,15.08,391.325,391.325,6900.0
1.1635,16.633,16.633,390.864,390.864,6900.0
1.1636,17.677,17.677,390.44,390.44,6900.0
1.1637,19.138,19.138,390.032,390.032,6900.0
1.1638,20.803,20.803,389.661,389.661,6900.0
1.1639,22.406,22.406,389.346,389.346,6900.0
1.164,23.765,23.765,389.094,389.094,6900.0
1.1641,24.911,24.911,388.889,388.889,6900.0
1.1642,26.193,26.193,388.711,388.711,6900.0
1.1643,27.568,27.568,388.572,388.572,6900.0
1.1644,28.937,28.937,388.478,388.478,6900.0
1.1645,30.219,30.219,388.437,388.437,6900.0
1.1646,31.435,31.435,388.443,388.443,6900.0
1.1647,32.605,32.605,388.499,388.499,6900.0
1.1648,33.744,33.744,388.605,388.605,6900.0
1.1649,34.822,34.822,388.759,388.759,6900.0
1.165,35.906,35.906,388.961,388.961,6900.0
1.1651,36.906,36.906,389.22,389.22,6900.0
1.1652,37.94,37.94,389.54,389.54,6900.0
1.1653,38.672,38.672,389.917,389.917,6900.0
1.1654,39.332,39.332,390.326,390.326,6900.0
1.1655,40.156,40.156,390.756,390.756,6900.0
1.1656,40.845,40.845,391.226,391.226,6900.0
1.1657,41.661,41.661,391.735,391.735,6900.0
1.1658,42.153,42.153,392.292,392.292,6900.0
1.1659,42.501,42.501,392.866,392.866,6900.0
1.166,43.077,43.077,393.448,393.448,6900.0
1.1661,43.496,43.496,394.066,394.066,6900.0
1.1662,44.024,44.024,394.712,394.712,6900.0
1.1663,44.4,44.271,395.408,395.408,6900.0
1.1664,44.298,44.298,396.116,396.116,6900.0
1.1665,44.603,44.603,396.827,396.827,6900.0
1.1666,44.621,44.621,397.561,397.561,6900.0
1.1667,44.74,44.74,398.293,398.293,6900.0
1.1668,44.663,44.663,399.05,399.05,6900.0
1.1669,44.423,44.423,399.794,399.794,6900.0
1.167,44.418,44.418,400.526,400.526,6900.0
1.1671,44.179,44.179,401.257,401.257,6900.0
1.1672,43.908,43.908,401.962,401.962,6900.0
1.1673,43.745,43.745,402.668,402.668,6900.0
1.1674,43.298,43.298,403.362,403.362,6900.0
1.1675,43.079,43.079,404.044,404.044,6900.0
1.1676,42.528,42.528,404.724,404.724,6900.0
1.1677,41.951,41.951,405.369,405.369,6900.0
1.1678,41.532,41.532,405.994,405.994,6900.0
1.1679,40.832,40.832,406.598,406.598,6900.0
1.168,40.34,40.34,407.18,407.18,6900.0
1.1681,39.574,39.574,407.739,407.739,6900.0
1.1682,38.709,38.709,408.248,408.248,6900.0
1.1683,38.129,38.129,408.712,408.712,6900.0
1.1684,37.378,37.378,409.142,409.142,6900.0
1.1685,36.698,36.698,409.544,409.544,6900.0
1.1686,35.795,35.795,409.916,409.916,6900.0
1.1687,34.839,34.839,410.243,410.243,6900.0
1.1688,33.992,33.992,410.524,410.524,6900.0
1.1689,33.1,33.1,410.769,410.769,6900.0
1.169,32.155,32.155,410.981,410.981,6900.0
1.1691,31.211,31.211,411.155,411.155,6900.0
1.1692,30.162,30.162,411.289,411.289,6900.0
1.1693,29.05,29.05,411.38,411.38,6900.0
1.1694,27.979,27.979,411.423,411.423,6900.0
1.1695,26.846,26.846,411.417,411.417,6900.0
1.1696,25.819,25.819,411.366,411.366,6900.0
1.1697,24.793,24.793,411.28,411.28,6900.0
1.1698,23.63,23.63,411.162,411.162,6900.0
1.1699,22.273,22.273,410.998,410.998,6900.0
1.17,21.045,21.045,410.776,410.776,6900.0
1.1701,20.016,20.016,410.514,410.514,6900.0
1.1702,18.979,18.979,410.226,410.226,6900.0
1.1703,18.204,17.824,409.922,409.922,6900.0
1.1704,16.148,16.148,409.579,409.579,6900.0
1.1705,14.723,14.723,409.177,409.177,6900.0
1.1706,13.6,13.6,408.735,408.735,6900.0
1.1707,12.475,12.475,408.266,408.266,6900.0
1.1708,11.25,11.25,407.781,407.781,6900.0
1.1709,9.668,9.668,407.27,407.27,6900.0
1.171,8.138,8.138,406.723,406.723,6900.0
1.1711,6.938,6.938,406.152,406.152,6900.0
1.1712,5.586,5.586,405.56,405.56,6900.0
1.1713,4.228,4.228,404.953,404.953,6900.0
1.1714,2.653,2.653,404.328,404.328,6900.0
1.1715,1.055,1.055,403.686,403.686,6900.0
1.1716,0.015,0.015,403.032,403.032,6900.0
1.1717,-0.0,-0.0,402.373,402.373,6900.0
1.1718,-0.0,-0.0,401.713,401.713,6900.0
1.1719,-0.0,-0.0,401.052,401.052,6900.0
1.172,-0.0,-0.0,400.39,400.39,6900.0
1.1721,0.0,0.0,399.726,399.726,6900.0
1.1722,0.0,0.0,399.061,399.061,6900.0
1.1723,0.0,0.0,398.396,398.396,6900.0
1.1724,0.0,0.0,397.729,397.729,6900.0
1.1725,0.0,0.0,397.061,397.061,6900.0
1.1726,0.0,0.0,396.392,396.392,6900.0
1.1727,0.0,0.0,395.722,395.722,6900.0
1.1728,0.0,0.0,395.05,395.05,6900.0
1.1729,0.0,0.0,394.379,394.379,6900.0
1.173,-3.715,-3.715,393.712,393.712,6900.0
1.1731,-9.19,-9.19,393.082,393.082,6900.0
1.1732,-11.619,-11.619,392.503,392.503,6900.0
1.1733,-13.477,-13.477,391.968,391.968,6900.0
1.1734,-14.734,-14.734,391.471,391.471,6900.0
1.1735,-16.021,-16.021,390.99,390.99,6900.0
1.1736,-17.656,-17.656,390.532,390.532,6900.0
1.1737,-19.404,-19.404,390.121,390.121,6900.0
1.1738,-21.072,-21.072,389.773,389.773,6900.0
1.1739,-22.298,-22.298,389.485,389.485,6900.0
1.174,-23.342,-23.342,389.232,389.232,6900.0
1.1741,-24.724,-24.724,389.005,389.005,6900.0
1.1742,-26.166,-26.166,388.82,388.82,6900.0
1.1743,-27.587,-27.587,388.685,388.685,6900.0
1.1744,-28.802,-28.802,388.597,388.597,6900.0
1.1745,-29.991,-29.991,388.548,388.548,6900.0
1.1746,-31.239,-31.239,388.539,388.539,6900.0
1.1747,-32.464,-32.464,388.576,388.576,6900.0
1.1748,-33.626,-33.626,388.663,388.663,6900.0
1.1749,-34.801,-34.801,388.809,388.809,6900.0
1.175,-35.898,-35.898,389.02,389.02,6900.0
1.1751,-36.851,-36.851,389.298,389.298,6900.0
1.1752,-37.67,-37.67,389.627,389.627,6900.0
1.1753,-38.417,-38.417,389.99,389.99,6900.0
1.1754,-39.276,-39.276,390.389,390.389,6900.0
1.1755,-40.058,-40.058,390.825,390.825,6900.0
1.1756,-40.764,-40.764,391.309,391.309,6900.0
1.1757,-41.255,-41.255,391.819,391.819,6900.0
1.1758,-41.818,-41.818,392.332,392.332,6900.0
1.1759,-42.485,-42.485,392.873,392.873,6900.0
1.176,-42.985,-42.985,393.446,393.446,6900.0
1.1761,-43.568,-43.568,394.07,394.07,6900.0
1.1762,-43.736,-43.736,394.736,394.736,6900.0
1.1763,-44.005,-44.005,395.407,395.407,6900.0
1.1764,-44.437,-44.311,396.109,396.109,6900.0
1.1765,-44.35,-44.35,396.828,396.828,6900.0
1.1766,-44.616,-44.616,397.568,397.568,6900.0
1.1767,-44.471,-44.471,398.325,398.325,6900.0
1.1768,-44.378,-44.378,399.059,399.059,6900.0
1.1769,-44.363,-44.363,399.795,399.795,6900.0
1.177,-44.082,-44.082,400.516,400.516,6900.0
1.1771,-44.089,-44.089,401.221,401.221,6900.0
1.1772,-43.811,-43.811,401.93,401.93,6900.0
1.1773,-43.545,-43.545,402.619,402.619,6900.0
1.1774,-43.266,-43.266,403.314,403.314,6900.0
1.1775,-42.745,-42.745,403.994,403.994,6900.0
1.1776,-42.422,-42.422,404.65,404.65,6900.0
1.1777,-41.914,-41.914,405.304,405.304,6900.0
1.1778,-41.435,-41.435,405.934,405.934,6900.0
1.1779,-40.851,-40.851,406.557,406.557,6900.0
1.178,-39.978,-39.978,407.145,407.145,6900.0
1.1781,-39.387,-39.387,407.676,407.676,6900.0
1.1782,-38.666,-38.666,408.178,408.178,6900.0
1.1783,-38.032,-38.032,408.64,408.64,6900.0
1.1784,-37.301,-37.301,409.076,409.076,6900.0
1.1785,-36.428,-36.428,409.473,409.473,6900.0
1.1786,-35.592,-35.592,409.82,409.82,6900.0
1.1787,-34.797,-34.797,410.133,410.133,6900.0
1.1788,-33.964,-33.964,410.415,410.415,6900.0
1.1789,-33.056,-33.056,410.669,410.669,6900.0
1.179,-32.041,-32.041,410.887,410.887,6900.0
1.1791,-31.019,-31.019,411.063,411.063,6900.0
1.1792,-30.011,-30.011,411.193,411.193,6900.0
1.1793,-28.932,-28.932,411.278,411.278,6900.0
1.1794,-27.893,-27.893,411.317,411.317,6900.0
1.1795,-26.834,-26.834,411.312,411.312,6900.0
1.1796,-25.828,-25.828,411.269,411.269,6900.0
1.1797,-24.57,-24.57,411.186,411.186,6900.0
1.1798,-23.334,-23.334,411.049,411.049,6900.0
1.1799,-22.266,-22.266,410.861,410.861,6900.0
1.18,-21.256,-21.256,410.64,410.64,6900.0
1.1801,-20.193,-20.193,410.398,410.398,6900.0
1.1802,-18.76,-18.76,410.131,410.131,6900.0
1.1803,-17.204,-17.204,409.809,409.809,6900.0
1.1804,-16.526,-16.106,409.434,409.434,6900.0
1.1805,-15.02,-15.02,409.029,409.029,6900.0
1.1806,-13.948,-13.948,408.605,408.605,6900.0
1.1807,-12.459,-12.459,408.161,408.161,6900.0
1.1808,-10.761,-10.761,407.678,407.678,6900.0
1.1809,-9.544,-9.544,407.154,407.154,6900.0
1.181,-8.18,-8.18,406.606,406.606,6900.0
1.1811,-7.028,-7.028,406.036,406.036,6900.0
1.1812,-5.547,-5.547,405.448,405.448,6900.0
1.1813,-3.936,-3.936,404.838,404.838,6900.0
1.1814,-2.563,-2.563,404.207,404.207,6900.0
1.1815,-1.12,-1.12,403.563,403.563,6900.0
1.1816,-0.04,-0.04,402.909,402.909,6900.0
1.1817,0.0,0.0,402.25,402.25,6900.0
1.1818,0.0,0.0,401.59,401.59,6900.0
1.1819,0.0,0.0,400.929,400.929,6900.0
1.182,0.0,0.0,400.266,400.266,6900.0
1.1821,-0.0,-0.0,399.602,399.602,6900.0
1.1822,-0.0,-0.0,398.937,398.937,6900.0
1.1823,-0.0,-0.0,398.272,398.272,6900.0
1.1824,-0.0,-0.0,397.604,397.604,6900.0
1.1825,-0.0,-0.0,396.936,396.936,6900.0
1.1826,-0.0,-0.0,396.267,396.267,6900.0
1.1827,-0.0,-0.0,395.597,395.597,6900.0
1.1828,-0.0,-0.0,394.925,394.925,6900.0
1.1829,-0.0,-0.0,394.253,394.253,6900.0
1.183,3.739,3.739,393.586,393.586,6900.0
1.1831,9.275,9.275,392.959,392.959,6900.0
1.1832,11.623,11.623,392.39,392.39,6900.0
1.1833,12.975,12.975,391.849,391.849,6900.0
1.1834,14.491,14.491,391.322,391.322,6900.0
1.1835,16.313,16.313,390.828,390.828,6900.0
1.1836,18.055,18.055,390.384,390.384,6900.0
1.1837,19.529,19.529,390.006,390.006,6900.0
1.1838,20.607,20.607,389.672,389.672,6900.0
1.1839,21.947,21.947,389.36,389.36,6900.0
1.184,23.404,23.404,389.086,389.086,6900.0
1.1841,24.89,24.89,388.86,388.86,6900.0
1.1842,26.186,26.186,388.689,388.689,6900.0
1.1843,27.351,27.351,388.558,388.558,6900.0
1.1844,28.629,28.629,388.456,388.456,6900.0
1.1845,29.944,29.944,388.393,388.393,6900.0
1.1846,31.271,31.271,388.378,388.378,6900.0
1.1847,32.492,32.492,388.417,388.417,6900.0
1.1848,33.68,33.68,388.514,388.514,6900.0
1.1849,34.821,34.821,388.677,388.677,6900.0
1.185,35.766,35.766,388.902,388.902,6900.0
1.1851,36.653,36.653,389.174,389.174,6900.0
1.1852,37.591,37.591,389.485,389.485,6900.0
1.1853,38.432,38.432,389.843,389.843,6900.0
1.1854,39.312,39.312,390.25,390.25,6900.0
1.1855,39.951,39.951,390.699,390.699,6900.0
1.1856,40.506,40.506,391.165,391.165,6900.0
1.1857,41.258,41.258,391.642,391.642,6900.0
1.1858,41.858,41.858,392.155,392.155,6900.0
1.1859,42.628,42.628,392.703,392.703,6900.0
1.186,43.019,43.019,393.307,393.307,6900.0
1.1861,43.263,43.263,393.933,393.933,6900.0
1.1862,43.763,43.763,394.573,394.573,6900.0
1.1863,43.955,43.955,395.253,395.253,6900.0
1.1864,44.346,44.346,395.952,395.952,6900.0
1.1865,44.465,44.465,396.693,396.693,6900.0
1.1866,44.304,44.304,397.436,397.436,6900.0
1.1867,44.471,44.471,398.167,398.167,6900.0
1.1868,44.368,44.368,398.905,398.905,6900.0
1.1869,44.302,44.302,399.623,399.623,6900.0
1.187,44.241,44.241,400.349,400.349,6900.0
1.1871,43.903,43.903,401.062,401.062,6900.0
1.1872,43.853,43.853,401.76,401.76,6900.0
1.1873,43.534,43.534,402.462,402.462,6900.0
1.1874,43.141,43.141,403.14,403.14,6900.0
1.1875,42.902,42.902,403.818,403.818,6900.0
1.1876,42.345,42.345,404.488,404.488,6900.0
1.1877,41.987,41.987,405.148,405.148,6900.0
1.1878,41.294,41.294,405.798,405.798,6900.0
1.1879,40.594,40.594,406.402,406.402,6900.0
1.188,40.11,40.11,406.971,406.971,6900.0
1.1881,39.334,39.334,407.508,407.508,6900.0
1.1882,38.772,38.772,408.013,408.013,6900.0
1.1883,37.918,37.918,408.488,408.488,6900.0
1.1884,37.085,37.085,408.911,408.911,6900.0
1.1885,36.472,36.472,409.288,409.288,6900.0
1.1886,35.637,35.637,409.637,409.637,6900.0
1.1887,34.895,34.895,409.96,409.96,6900.0
1.1888,33.991,33.991,410.254,410.254,6900.0
1.1889,32.979,32.979,410.511,410.511,6900.0
1.189,32.008,32.008,410.723,410.723,6900.0
1.1891,31.021,31.021,410.895,410.895,6900.0
1.1892,29.991,29.991,411.025,411.025,6900.0
1.1893,29.002,29.002,411.111,411.111,6900.0
1.1894,27.931,27.931,411.156,411.156,6900.0
1.1895,26.775,26.775,411.158,411.158,6900.0
1.1896,25.624,25.624,411.109,411.109,6900.0
1.1897,24.462,24.462,411.006,411.006,6900.0
1.1898,23.496,23.496,410.859,410.859,6900.0
1.1899,22.495,22.495,410.684,410.684,6900.0
1.19,21.332,21.332,410.486,410.486,6900.0
1.1901,19.849,19.849,410.247,410.247,6900.0
1.1902,18.51,18.51,409.951,409.951,6900.0
1.1903,17.479,17.479,409.615,409.615,6900.0
1.1904,16.431,16.431,409.257,409.257,6900.0
1.1905,15.666,15.265,408.884,408.884,6900.0
1.1906,13.566,13.566,408.477,408.477,6900.0
1.1907,12.083,12.083,408.017,408.017,6900.0
1.1908,10.878,10.878,407.521,407.521,6900.0
1.1909,9.624,9.624,406.996,406.996,6900.0
1.191,8.402,8.402,406.45,406.45,6900.0
1.1911,6.825,6.825,405.881,405.881,6900.0
1.1912,5.335,5.335,405.284,405.284,6900.0
1.1913,4.102,4.102,404.668,404.668,6900.0
1.1914,2.702,2.702,404.038,404.038,6900.0
1.1915,1.33,1.33,403.396,403.396,6900.0
1.1916,0.05,0.05,402.743,402.743,6900.0
1.1917,-0.0,-0.0,402.084,402.084,6900.0
1.1918,-0.0,-0.0,401.424,401.424,6900.0
1.1919,-0.0,-0.0,400.762,400.762,6900.0
1.192,-0.0,-0.0,400.099,400.099,6900.0
1.1921,0.0,0.0,399.435,399.435,6900.0
1.1922,0.0,0.0,398.77,398.77,6900.0
1.1923,0.0,0.0,398.104,398.104,6900.0
1.1924,0.0,0.0,397.437,397.437,6900.0
1.1925,0.0,0.0,396.768,396.768,6900.0
1.1926,0.0,0.0,396.099,396.099,6900.0
1.1927,0.0,0.0,395.428,395.428,6900.0
1.1928,0.0,0.0,394.756,394.756,6900.0
1.1929,0.0,0.0,394.084,394.084,6900.0
1.193,-3.91,-3.91,393.417,393.417,6900.0
1.1931,-9.043,-9.043,392.793,392.793,6900.0
1.1932,-11.243,-11.243,392.207,392.207,6900.0
1.1933,-13.194,-13.194,391.648,391.648,6900.0
1.1934,-14.927,-14.927,391.126,391.126,6900.0
1.1935,-16.712,-16.712,390.656,390.656,6900.0
1.1936,-17.896,-17.896,390.239,390.239,6900.0
1.1937,-19.032,-19.032,389.846,389.846,6900.0
1.1938,-20.565,-20.565,389.478,389.478,6900.0
1.1939,-22.208,-22.208,389.156,389.156,6900.0
1.194,-23.73,-23.73,388.894,388.894,6900.0
1.1941,-24.942,-24.942,388.686,388.686,6900.0
1.1942,-26.051,-26.051,388.514,388.514,6900.0
1.1943,-27.412,-27.412,388.37,388.37,6900.0
1.1944,-28.746,-28.746,388.27,388.27,6900.0
1.1945,-30.391,-30.118,388.218,388.218,6900.0
1.1946,-31.336,-31.336,388.219,388.219,6900.0
1.1947,-32.554,-32.554,388.272,388.272,6900.0
1.1948,-33.693,-33.693,388.381,388.381,6900.0
1.1949,-34.728,-34.728,388.542,388.542,6900.0
1.195,-35.71,-35.71,388.748,388.748,6900.0
1.1951,-36.774,-36.774,389.006,389.006,6900.0
1.1952,-37.774,-37.774,389.319,389.319,6900.0
1.1953,-38.612,-38.612,389.693,389.693,6900.0
1.1954,-39.271,-39.271,390.105,390.105,6900.0
1.1955,-39.943,-39.943,390.535,390.535,6900.0
1.1956,-40.744,-40.744,390.996,390.996,6900.0
1.1957,-41.442,-41.442,391.489,391.489,6900.0
1.1958,-42.075,-42.075,392.033,392.033,6900.0
1.1959,-42.51,-42.51,392.607,392.607,6900.0
1.196,-42.922,-42.922,393.19,393.19,6900.0
1.1961,-43.451,-43.451,393.805,393.805,6900.0
1.1962,-43.785,-43.785,394.449,394.449,6900.0
1.1963,-44.233,-44.233,395.137,395.137,6900.0
1.1964,-44.274,-44.274,395.86,395.86,6900.0
1.1965,-44.354,-44.354,396.577,396.577,6900.0
1.1966,-44.529,-44.529,397.31,397.31,6900.0
1.1967,-44.449,-44.449,398.044,398.044,6900.0
1.1968,-44.596,-44.596,398.78,398.78,6900.0
1.1969,-44.383,-44.383,399.525,399.525,6900.0
1.197,-44.245,-44.245,400.245,400.245,6900.0
1.1971,-44.133,-44.133,400.968,400.968,6900.0
1.1972,-43.738,-43.738,401.677,401.677,6900.0
1.1973,-43.691,-43.691,402.367,402.367,6900.0
1.1974,-43.295,-43.295,403.065,403.065,6900.0
1.1975,-42.936,-42.936,403.743,403.743,6900.0
1.1976,-42.5,-42.5,404.425,404.425,6900.0
1.1977,-41.854,-41.854,405.084,405.084,6900.0
1.1978,-41.393,-41.393,405.705,405.705,6900.0
1.1979,-40.796,-40.796,406.311,406.311,6900.0
1.198,-40.264,-40.264,406.883,406.883,6900.0
1.1981,-39.529,-39.529,407.439,407.439,6900.0
1.1982,-38.713,-38.713,407.953,407.953,6900.0
1.1983,-37.984,-37.984,408.413,408.413,6900.0
1.1984,-37.278,-37.278,408.839,408.839,6900.0
1.1985,-36.582,-36.582,409.229,409.229,6900.0
1.1986,-35.762,-35.762,409.595,409.595,6900.0
1.1987,-34.854,-34.854,409.925,409.925,6900.0
1.1988,-33.912,-33.912,410.209,410.209,6900.0
1.1989,-33.056,-33.056,410.455,410.455,6900.0
1.199,-32.115,-32.115,410.666,410.666,6900.0
1.1991,-31.132,-31.132,410.841,410.841,6900.0
1.1992,-30.104,-30.104,410.976,410.976,6900.0
1.1993,-29.067,-29.067,411.067,411.067,6900.0
1.1994,-27.965,-27.965,411.112,411.112,6900.0
1.1995,-26.792,-26.792,411.106,411.106,6900.0
1.1996,-25.744,-25.744,411.05,411.05,6900.0
1.1997,-24.723,-24.723,410.954,410.954,6900.0
1.1998,-23.694,-23.694,410.828,410.828,6900.0
1.1999,-22.39,-22.39,410.668,410.668,6900.0
1.2,-21.073,-21.073,410.455,410.455,6900.0
1.2001,-19.907,-19.907,410.193,410.193,6900.0
1.2002,-18.916,-18.916,409.899,409.899,6900.0
1.2003,-17.839,-17.839,409.587,409.587,6900.0
1.2004,-16.332,-16.332,409.253,409.253,6900.0
1.2005,-14.658,-14.658,408.865,408.865,6900.0
1.2006,-13.967,-13.52,408.425,408.425,6900.0
1.2007,-12.295,-12.295,407.954,407.954,6900.0
1.2008,-11.254,-11.254,407.459,407.459,6900.0
1.2009,-9.772,-9.772,406.946,406.946,6900.0
1.201,-8.143,-8.143,406.401,406.401,6900.0
1.2011,-6.917,-6.917,405.826,405.826,6900.0
1.2012,-5.484,-5.484,405.233,405.233,6900.0
1.2013,-4.291,-4.291,404.623,404.623,6900.0
1.2014,-2.764,-2.764,403.998,403.998,6900.0
1.2015,-1.151,-1.151,403.357,403.357,6900.0
1.2016,-0.0,-0.0,402.702,402.702,6900.0
1.2017,0.0,0.0,402.044,402.044,6900.0
1.2018,0.0,0.0,401.383,401.383,6900.0
1.2019,0.0,0.0,400.721,400.721,6900.0
1.202,0.0,0.0,400.058,400.058,6900.0
1.2021,-0.0,-0.0,399.394,399.394,6900.0
1.2022,-0.0,-0.0,398.729,398.729,6900.0
1.2023,-0.0,-0.0,398.063,398.063,6900.0
1.2024,-0.0,-0.0,397.395,397.395,6900.0
1.2025,-0.0,-0.0,396.727,396.727,6900.0
1.2026,-0.0,-0.0,396.057,396.057,6900.0
1.2027,-0.0,-0.0,395.386,395.386,6900.0
1.2028,-0.0,-0.0,394.714,394.714,6900.0
1.2029,-0.0,-0.0,394.042,394.042,6900.0
1.203,3.94,3.94,393.376,393.376,6900.0
1.2031,9.116,9.116,392.745,392.745,6900.0
1.2032,11.592,11.592,392.163,392.163,6900.0
1.2033,13.462,13.462,391.621,391.621,6900.0
1.2034,15.048,15.048,391.124,391.124,6900.0
1.2035,16.167,16.167,390.656,390.656,6900.0
1.2036,17.597,17.597,390.205,390.205,6900.0
1.2037,19.316,19.316,389.789,389.789,6900.0
1.2038,21.024,21.024,389.428,389.428,6900.0
1.2039,22.392,22.392,389.135,389.135,6900.0
1.204,23.573,23.573,388.887,388.887,6900.0
1.2041,24.825,24.825,388.667,388.667,6900.0
1.2042,26.184,26.184,388.485,388.485,6900.0
1.2043,27.581,27.581,388.347,388.347,6900.0
1.2044,28.873,28.873,388.262,388.262,6900.0
1.2045,30.086,30.086,388.22,388.22,6900.0
1.2046,31.599,31.335,388.219,388.219,6900.0
1.2047,32.547,32.547,388.264,388.264,6900.0
1.2048,33.715,33.715,388.358,388.358,6900.0
1.2049,34.841,34.841,388.503,388.503,6900.0
1.205,35.918,35.918,388.708,388.708,6900.0
1.2051,37.001,37.001,388.978,388.978,6900.0
1.2052,37.804,37.804,389.31,389.31,6900.0
1.2053,38.562,38.562,389.68,389.68,6900.0
1.2054,39.398,39.398,390.079,390.079,6900.0
1.2055,40.103,40.103,390.518,390.518,6900.0
1.2056,40.934,40.934,390.998,390.998,6900.0
1.2057,41.487,41.487,391.521,391.521,6900.0
1.2058,41.911,41.911,392.058,392.058,6900.0
1.2059,42.589,42.589,392.604,392.604,6900.0
1.206,43.072,43.072,393.186,393.186,6900.0
1.2061,43.708,43.708,393.801,393.801,6900.0
1.2062,43.945,43.945,394.472,394.472,6900.0
1.2063,44.037,44.037,395.158,395.158,6900.0
1.2064,44.398,44.398,395.852,395.852,6900.0
1.2065,44.511,44.511,396.577,396.577,6900.0
1.2066,44.686,44.686,397.307,397.307,6900.0
1.2067,44.705,44.705,398.065,398.065,6900.0
1.2068,44.476,44.476,398.817,398.817,6900.0
1.2069,44.511,44.511,399.554,399.554,6900.0
1.207,44.303,44.303,400.292,400.292,6900.0
1.2071,44.111,44.111,401.005,401.005,6900.0
1.2072,43.995,43.995,401.719,401.719,6900.0
1.2073,43.572,43.572,402.421,402.421,6900.0
1.2074,43.438,43.438,403.111,403.111,6900.0
1.2075,42.979,42.979,403.8,403.8,6900.0
1.2076,42.441,42.441,404.46,404.46,6900.0
1.2077,42.096,42.096,405.108,405.108,6900.0
1.2078,41.473,41.473,405.74,405.74,6900.0
1.2079,40.991,40.991,406.357,406.357,6900.0
1.208,40.274,40.274,406.953,406.953,6900.0
1.2081,39.428,39.428,407.502,407.502,6900.0
1.2082,38.808,38.808,408.006,408.006,6900.0
1.2083,38.068,38.068,408.474,408.474,6900.0
1.2084,37.398,37.398,408.913,408.913,6900.0
1.2085,36.533,36.533,409.318,409.318,6900.0
1.2086,35.663,35.663,409.676,409.676,6900.0
1.2087,34.895,34.895,409.988,409.988,6900.0
1.2088,34.021,34.021,410.269,410.269,6900.0
1.2089,33.198,33.198,410.519,410.519,6900.0
1.209,32.178,32.178,410.738,410.738,6900.0
1.2091,31.156,31.156,410.916,410.916,6900.0
1.2092,30.133,30.133,411.051,411.051,6900.0
1.2093,29.047,29.047,411.141,411.141,6900.0
1.2094,27.982,27.982,411.182,411.182,6900.0
1.2095,26.963,26.963,411.178,411.178,6900.0
1.2096,25.881,25.881,411.136,411.136,6900.0
1.2097,24.717,24.717,411.057,411.057,6900.0
1.2098,23.448,23.448,410.93,410.93,6900.0
1.2099,22.263,22.263,410.746,410.746,6900.0
1.21,21.254,21.254,410.521,410.521,6900.0
1.2101,20.216,20.216,410.27,410.27,6900.0
1.2102,19.035,19.035,410.001,410.001,6900.0
1.2103,17.408,17.408,409.692,409.692,6900.0
1.2104,16.001,16.001,409.322,409.322,6900.0
1.2105,14.912,14.912,408.914,408.914,6900.0
1.2106,13.876,13.876,408.479,408.479,6900.0
1.2107,12.63,12.63,408.029,408.029,6900.0
1.2108,11.035,11.035,407.55,407.55,6900.0
1.2109,9.508,9.508,407.031,407.031,6900.0
1.211,8.295,8.295,406.483,406.483,6900.0
1.2111,6.947,6.947,405.912,405.912,6900.0
1.2112,5.656,5.656,405.324,405.324,6900.0
1.2113,4.04,4.04,404.716,404.716,6900.0
1.2114,2.495,2.495,404.087,404.087,6900.0
1.2115,1.177,1.177,403.443,403.443,6900.0
1.2116,0.001,0.001,402.788,402.788,6900.0
1.2117,-0.0,-0.0,402.129,402.129,6900.0
1.2118,-0.0,-0.0,401.469,401.469,6900.0
1.2119,-0.0,-0.0,400.807,400.807,6900.0
1.212,-0.0,-0.0,400.144,400.144,6900.0
1.2121,0.0,0.0,399.48,399.48,6900.0
1.2122,0.0,0.0,398.815,398.815,6900.0
1.2123,0.0,0.0,398.149,398.149,6900.0
1.2124,0.0,0.0,397.482,397.482,6900.0
1.2125,0.0,0.0,396.813,396.813,6900.0
1.2126,0.0,0.0,396.144,396.144,6900.0
1.2127,0.0,0.0,395.473,395.473,6900.0
1.2128,0.0,0.0,394.801,394.801,6900.0
1.2129,0.0,0.0,394.129,394.129,6900.0
1.213,-4.156,-4.156,393.463,393.463,6900.0
1.2131,-9.278,-9.278,392.838,392.838,6900.0
1.2132,-11.796,-11.796,392.267,392.267,6900.0
1.2133,-13.215,-13.215,391.734,391.734,6900.0
1.2134,-14.527,-14.527,391.216,391.216,6900.0
1.2135,-16.277,-16.277,390.719,390.719,6900.0
1.2136,-18.057,-18.057,390.267,390.267,6900.0
1.2137,-19.718,-19.718,389.879,389.879,6900.0
1.2138,-20.941,-20.941,389.552,389.552,6900.0
1.2139,-22.069,-22.069,389.257,389.257,6900.0
1.214,-23.465,-23.465,388.992,388.992,6900.0
1.2141,-24.946,-24.946,388.768,388.768,6900.0
1.2142,-26.36,-26.36,388.596,388.596,6900.0
1.2143,-27.539,-27.539,388.471,388.471,6900.0
1.2144,-28.726,-28.726,388.379,388.379,6900.0
1.2145,-30.007,-30.007,388.32,388.32,6900.0
1.2146,-31.331,-31.331,388.303,388.303,6900.0
1.2147,-32.871,-32.614,388.338,388.338,6900.0
1.2148,-33.826,-33.826,388.431,388.431,6900.0
1.2149,-35.0,-35.0,388.589,388.589,6900.0
1.215,-36.03,-36.03,388.817,388.817,6900.0
1.2151,-36.884,-36.884,389.102,389.102,6900.0
1.2152,-37.683,-37.683,389.427,389.427,6900.0
1.2153,-38.628,-38.628,389.794,389.794,6900.0
1.2154,-39.468,-39.468,390.204,390.204,6900.0
1.2155,-40.189,-40.189,390.664,390.664,6900.0
1.2156,-40.742,-40.742,391.15,391.15,6900.0
1.2157,-41.261,-41.261,391.641,391.641,6900.0
1.2158,-42.002,-42.002,392.153,392.153,6900.0
1.2159,-42.607,-42.607,392.695,392.695,6900.0
1.216,-43.229,-43.229,393.287,393.287,6900.0
1.2161,-43.523,-43.523,393.919,393.919,6900.0
1.2162,-43.864,-43.864,394.561,394.561,6900.0
1.2163,-44.239,-44.239,395.241,395.241,6900.0
1.2164,-44.375,-44.375,395.947,395.947,6900.0
1.2165,-44.672,-44.672,396.687,396.687,6900.0
1.2166,-44.546,-44.546,397.453,397.453,6900.0
1.2167,-44.523,-44.523,398.2,398.2,6900.0
1.2168,-44.554,-44.554,398.95,398.95,6900.0
1.2169,-44.313,-44.313,399.685,399.685,6900.0
1.217,-44.383,-44.383,400.404,400.404,6900.0
1.2171,-44.069,-44.069,401.125,401.125,6900.0
1.2172,-43.92,-43.92,401.818,401.818,6900.0
1.2173,-43.685,-43.685,402.518,402.518,6900.0
1.2174,-43.247,-43.247,403.204,403.204,6900.0
1.2175,-43.029,-43.029,403.87,403.87,6900.0
1.2176,-42.577,-42.577,404.543,404.543,6900.0
1.2177,-42.104,-42.104,405.2,405.2,6900.0
1.2178,-41.563,-41.563,405.856,405.856,6900.0
1.2179,-40.774,-40.774,406.483,406.483,6900.0
1.218,-40.162,-40.162,407.059,407.059,6900.0
1.2181,-39.503,-39.503,407.606,407.606,6900.0
1.2182,-38.861,-38.861,408.112,408.112,6900.0
1.2183,-38.062,-38.062,408.591,408.591,6900.0
1.2184,-37.23,-37.23,409.023,409.023,6900.0
1.2185,-36.428,-36.428,409.402,409.402,6900.0
1.2186,-35.682,-35.682,409.746,409.746,6900.0
1.2187,-34.96,-34.96,410.058,410.058,6900.0
1.2188,-34.082,-34.082,410.348,410.348,6900.0
1.2189,-33.132,-33.132,410.605,410.605,6900.0
1.219,-32.102,-32.102,410.822,410.822,6900.0
1.2191,-31.127,-31.127,410.998,410.998,6900.0
1.2192,-30.086,-30.086,411.132,411.132,6900.0
1.2193,-29.036,-29.036,411.222,411.222,6900.0
1.2194,-27.982,-27.982,411.269,411.269,6900.0
1.2195,-26.94,-26.94,411.273,411.273,6900.0
1.2196,-25.713,-25.713,411.231,411.231,6900.0
1.2197,-24.481,-24.481,411.134,411.134,6900.0
1.2198,-23.43,-23.43,410.985,410.985,6900.0
1.2199,-22.447,-22.447,410.799,410.799,6900.0
1.22,-21.442,-21.442,410.591,410.591,6900.0
1.2201,-20.08,-20.08,410.357,410.357,6900.0
1.2202,-18.551,-18.551,410.07,410.07,6900.0
1.2203,-17.416,-17.416,409.732,409.732,6900.0
1.2204,-16.383,-16.383,409.366,409.366,6900.0
1.2205,-15.302,-15.302,408.983,408.983,6900.0
1.2206,-13.779,-13.779,408.579,408.579,6900.0
1.2207,-12.089,-12.089,408.13,408.13,6900.0
1.2208,-10.839,-10.839,407.635,407.635,6900.0
1.2209,-9.502,-9.502,407.111,407.111,6900.0
1.221,-8.393,-8.393,406.562,406.562,6900.0
1.2211,-6.912,-6.912,405.993,405.993,6900.0
1.2212,-5.298,-5.298,405.399,405.399,6900.0
1.2213,-4.031,-4.031,404.782,404.782,6900.0
1.2214,-2.618,-2.618,404.151,404.151,6900.0
1.2215,-1.3,-1.3,403.508,403.508,6900.0
1.2216,-0.028,-0.028,402.854,402.854,6900.0
1.2217,0.0,0.0,402.196,402.196,6900.0
1.2218,0.0,0.0,401.535,401.535,6900.0
1.2219,0.0,0.0,400.874,400.874,6900.0
1.222,0.0,0.0,400.211,400.211,6900.0
1.2221,-0.0,-0.0,399.547,399.547,6900.0
1.2222,-0.0,-0.0,398.882,398.882,6900.0
1.2223,-0.0,-0.0,398.216,398.216,6900.0
1.2224,-0.0,-0.0,397.549,397.549,6900.0
1.2225,-0.0,-0.0,396.881,396.881,6900.0
1.2226,-0.0,-0.0,396.211,396.211,6900.0
1.2227,-0.0,-0.0,395.541,395.541,6900.0
1.2228,-0.0,-0.0,394.869,394.869,6900.0
1.2229,-0.0,-0.0,394.197,394.197,6900.0
1.223,4.194,4.194,393.531,393.531,6900.0
1.2231,9.356,9.356,392.91,392.91,6900.0
1.2232,11.377,11.377,392.334,392.334,6900.0
1.2233,13.111,13.111,391.776,391.776,6900.0
1.2234,14.913,14.913,391.252,391.252,6900.0
1.2235,16.697,16.697,390.774,390.774,6900.0
1.2236,18.228,18.228,390.358,390.358,6900.0
1.2237,19.262,19.262,389.985,389.985,6900.0
1.2238,20.592,20.592,389.632,389.632,6900.0
1.2239,22.138,22.138,389.316,389.316,6900.0
1.224,23.7,23.7,389.05,389.05,6900.0
1.2241,24.977,24.977,388.842,388.842,6900.0
1.2242,26.217,26.217,388.672,388.672,6900.0
1.2243,27.423,27.423,388.532,388.532,6900.0
1.2244,28.806,28.806,388.428,388.428,6900.0
1.2245,30.147,30.147,388.371,388.371,6900.0
1.2246,31.423,31.423,388.367,388.367,6900.0
1.2247,32.626,32.626,388.421,388.421,6900.0
1.2248,33.822,33.822,388.535,388.535,6900.0
1.2249,34.858,34.858,388.708,388.708,6900.0
1.225,35.833,35.833,388.93,388.93,6900.0
1.2251,36.843,36.843,389.196,389.196,6900.0
1.2252,37.726,37.726,389.514,389.514,6900.0
1.2253,38.661,38.661,389.885,389.885,6900.0
1.2254,39.36,39.36,390.303,390.303,6900.0
1.2255,39.97,39.97,390.744,390.744,6900.0
1.2256,40.751,40.751,391.198,391.198,6900.0
1.2257,41.379,41.379,391.689,391.689,6900.0
1.2258,42.176,42.176,392.216,392.216,6900.0
1.2259,42.623,42.623,392.795,392.795,6900.0
1.226,42.953,42.953,393.393,393.393,6900.0
1.2261,43.533,43.533,394.006,394.006,6900.0
1.2262,43.844,43.844,394.661,394.661,6900.0
1.2263,44.235,44.235,395.344,395.344,6900.0
1.2264,44.379,44.379,396.072,396.072,6900.0
1.2265,44.319,44.319,396.806,396.806,6900.0
1.2266,44.502,44.502,397.536,397.536,6900.0
1.2267,44.446,44.446,398.275,398.275,6900.0
1.2268,44.506,44.506,398.999,398.999,6900.0
1.2269,44.46,44.46,399.737,399.737,6900.0
1.227,44.177,44.177,400.462,400.462,6900.0
1.2271,44.175,44.175,401.174,401.174,6900.0
1.2272,43.862,43.862,401.89,401.89,6900.0
1.2273,43.557,43.557,402.581,402.581,6900.0
1.2274,43.33,43.33,403.274,403.274,6900.0
1.2275,42.827,42.827,403.958,403.958,6900.0
1.2276,42.564,42.564,404.633,404.633,6900.0
1.2277,41.915,41.915,405.301,405.301,6900.0
1.2278,41.253,41.253,405.928,405.928,6900.0
1.2279,40.772,40.772,406.526,406.526,6900.0
1.228,40.084,40.084,407.095,407.095,6900.0
1.2281,39.531,39.531,407.638,407.638,6900.0
1.2282,38.768,38.768,408.151,408.151,6900.0
1.2283,37.874,37.874,408.617,408.617,6900.0
1.2284,37.247,37.247,409.035,409.035,6900.0
1.2285,36.426,36.426,409.422,409.422,6900.0
1.2286,35.722,35.722,409.781,409.781,6900.0
1.2287,34.801,34.801,410.113,410.113,6900.0
1.2288,34.07,33.848,410.402,410.402,6900.0
1.2289,32.982,32.982,410.646,410.646,6900.0
1.229,32.04,32.04,410.854,410.854,6900.0
1.2291,31.045,31.045,411.024,411.024,6900.0
1.2292,30.017,30.017,411.152,411.152,6900.0
1.2293,28.974,28.974,411.239,411.239,6900.0
1.2294,27.886,27.886,411.283,411.283,6900.0
1.2295,26.742,26.742,411.278,411.278,6900.0
1.2296,25.643,25.643,411.218,411.218,6900.0
1.2297,24.605,24.605,411.115,411.115,6900.0
1.2298,23.555,23.555,410.98,410.98,6900.0
1.2299,22.432,22.432,410.818,410.818,6900.0
1.23,21.002,21.002,410.614,410.614,6900.0
1.2301,19.734,19.734,410.351,410.351,6900.0
1.2302,18.729,18.729,410.048,410.048,6900.0
1.2303,17.712,17.712,409.723,409.723,6900.0
1.2304,16.443,16.443,409.384,409.384,6900.0
1.2305,14.769,14.769,409.008,409.008,6900.0
1.2306,13.301,13.301,408.575,408.575,6900.0
1.2307,12.136,12.136,408.105,408.105,6900.0
1.2308,10.986,10.986,407.604,407.604,6900.0
1.2309,9.744,9.744,407.085,407.085,6900.0
1.231,8.147,8.147,406.541,406.541,6900.0
1.2311,6.685,6.685,405.965,405.965,6900.0
1.2312,5.44,5.44,405.368,405.368,6900.0
1.2313,4.017,4.017,404.754,404.754,6900.0
1.2314,2.705,2.705,404.126,404.126,6900.0
1.2315,1.155,1.155,403.485,403.485,6900.0
1.2316,-0.0,-0.0,402.83,402.83,6900.0
1.2317,-0.0,-0.0,402.172,402.172,6900.0
1.2318,-0.0,-0.0,401.512,401.512,6900.0
1.2319,-0.0,-0.0,400.85,400.85,6900.0
1.232,-0.0,-0.0,400.187,400.187,6900.0
1.2321,0.0,0.0,399.523,399.523,6900.0
1.2322,0.0,0.0,398.858,398.858,6900.0
1.2323,0.0,0.0,398.192,398.192,6900.0
1.2324,0.0,0.0,397.525,397.525,6900.0
1.2325,0.0,0.0,396.857,396.857,6900.0
1.2326,0.0,0.0,396.187,396.187,6900.0
1.2327,0.0,0.0,395.517,395.517,6900.0
1.2328,0.0,0.0,394.845,394.845,6900.0
1.2329,0.0,0.0,394.173,394.173,6900.0
1.233,-4.41,-4.41,393.509,393.509,6900.0
1.2331,-9.165,-9.165,392.884,392.884,6900.0
1.2332,-11.657,-11.657,392.3,392.3,6900.0
1.2333,-13.468,-13.468,391.753,391.753,6900.0
1.2334,-15.247,-15.247,391.252,391.252,6900.0
1.2335,-16.459,-16.459,390.796,390.796,6900.0
1.2336,-17.65,-17.65,390.36,390.36,6900.0
1.2337,-19.302,-19.302,389.948,389.948,6900.0
1.2338,-20.927,-20.927,389.583,389.583,6900.0
1.2339,-22.518,-22.518,389.28,389.28,6900.0
1.234,-23.719,-23.719,389.034,389.034,6900.0
1.2341,-24.859,-24.859,388.824,388.824,6900.0
1.2342,-26.236,-26.236,388.646,388.646,6900.0
1.2343,-27.628,-27.628,388.51,388.51,6900.0
1.2344,-28.942,-28.942,388.425,388.425,6900.0
1.2345,-30.164,-30.164,388.389,388.389,6900.0
1.2346,-31.348,-31.348,388.398,388.398,6900.0
1.2347,-32.55,-32.55,388.454,388.454,6900.0
1.2348,-33.701,-33.701,388.557,388.557,6900.0
1.2349,-34.768,-34.768,388.707,388.707,6900.0
1.235,-35.873,-35.873,388.91,388.91,6900.0
1.2351,-36.955,-36.955,389.172,389.172,6900.0
1.2352,-37.837,-37.837,389.499,389.499,6900.0
1.2353,-38.574,-38.574,389.873,389.873,6900.0
1.2354,-39.268,-39.268,390.274,390.274,6900.0
1.2355,-40.128,-40.128,390.71,390.71,6900.0
1.2356,-40.89,-40.89,391.184,391.184,6900.0
1.2357,-41.536,-41.536,391.71,391.71,6900.0
1.2358,-41.951,-41.951,392.265,392.265,6900.0
1.2359,-42.407,-42.407,392.824,392.824,6900.0
1.236,-43.006,-43.006,393.409,393.409,6900.0
1.2361,-43.4,-43.4,394.021,394.021,6900.0
1.2362,-43.908,-43.908,394.676,394.676,6900.0
1.2363,-44.08,-44.08,395.365,395.365,6900.0
1.2364,-44.19,-44.19,396.056,396.056,6900.0
1.2365,-44.453,-44.453,396.77,396.77,6900.0
1.2366,-44.42,-44.42,397.496,397.496,6900.0
1.2367,-44.64,-44.64,398.236,398.236,6900.0
1.2368,-44.428,-44.428,398.995,398.995,6900.0
1.2369,-44.357,-44.357,399.73,399.73,6900.0
1.237,-44.255,-44.255,400.471,400.471,6900.0
1.2371,-43.937,-43.937,401.194,401.194,6900.0
1.2372,-43.83,-43.83,401.898,401.898,6900.0
1.2373,-43.504,-43.504,402.603,402.603,6900.0
1.2374,-43.211,-43.211,403.283,403.283,6900.0
1.2375,-42.841,-42.841,403.966,403.966,6900.0
1.2376,-42.251,-42.251,404.629,404.629,6900.0
1.2377,-41.924,-41.924,405.257,405.257,6900.0
1.2378,-41.327,-41.327,405.882,405.882,6900.0
1.2379,-40.825,-40.825,406.479,406.479,6900.0
1.238,-40.181,-40.181,407.067,407.067,6900.0
1.2381,-39.357,-39.357,407.62,407.62,6900.0
1.2382,-38.641,-38.641,408.12,408.12,6900.0
1.2383,-37.963,-37.963,408.586,408.586,6900.0
1.2384,-37.235,-37.235,409.016,409.016,6900.0
1.2385,-36.436,-36.436,409.419,409.419,6900.0
1.2386,-35.48,-35.48,409.78,409.78,6900.0
1.2387,-34.602,-34.602,410.091,410.091,6900.0
1.2388,-33.776,-33.776,410.363,410.363,6900.0
1.2389,-33.206,-32.973,410.598,410.598,6900.0
1.239,-31.991,-31.991,410.804,410.804,6900.0
1.2391,-31.022,-31.022,410.972,410.972,6900.0
1.2392,-29.963,-29.963,411.1,411.1,6900.0
1.2393,-28.912,-28.912,411.184,411.184,6900.0
1.2394,-27.79,-27.79,411.222,411.222,6900.0
1.2395,-26.757,-26.757,411.212,411.212,6900.0
1.2396,-25.699,-25.699,411.161,411.161,6900.0
1.2397,-24.694,-24.694,411.076,411.076,6900.0
1.2398,-23.348,-23.348,410.953,410.953,6900.0
1.2399,-21.987,-21.987,410.774,410.774,6900.0
1.24,-20.93,-20.93,410.541,410.541,6900.0
1.2401,-19.965,-19.965,410.275,410.275,6900.0
1.2402,-18.897,-18.897,409.99,409.99,6900.0
1.2403,-17.496,-17.496,409.682,409.682,6900.0
1.2404,-15.819,-15.819,409.321,409.321,6900.0
1.2405,-14.638,-14.638,408.908,408.908,6900.0
1.2406,-13.508,-13.508,408.464,408.464,6900.0
1.2407,-12.45,-12.45,407.999,407.999,6900.0
1.2408,-10.971,-10.971,407.517,407.517,6900.0
1.2409,-9.36,-9.36,406.999,406.999,6900.0
1.241,-8.112,-8.112,406.447,406.447,6900.0
1.2411,-6.705,-6.705,405.875,405.875,6900.0
1.2412,-5.47,-5.47,405.281,405.281,6900.0
1.2413,-3.993,-3.993,404.672,404.672,6900.0
1.2414,-2.356,-2.356,404.044,404.044,6900.0
1.2415,-0.96,-0.96,403.398,403.398,6900.0
1.2416,0.0,0.0,402.743,402.743,6900.0
1.2417,0.0,0.0,402.084,402.084,6900.0
1.2418,0.0,0.0,401.423,401.423,6900.0
1.2419,0.0,0.0,400.762,400.762,6900.0
1.242,0.0,0.0,400.099,400.099,6900.0
1.2421,-0.0,-0.0,399.435,399.435,6900.0
1.2422,-0.0,-0.0,398.77,398.77,6900.0
1.2423,-0.0,-0.0,398.103,398.103,6900.0
1.2424,-0.0,-0.0,397.436,397.436,6900.0
1.2425,-0.0,-0.0,396.768,396.768,6900.0
1.2426,-0.0,-0.0,396.098,396.098,6900.0
1.2427,-0.0,-0.0,395.427,395.427,6900.0
1.2428,-0.0,-0.0,394.755,394.755,6900.0
1.2429,-0.0,-0.0,394.084,394.084,6900.0
1.243,4.668,4.668,393.418,393.418,6900.0
1.2431,9.516,9.516,392.797,392.797,6900.0
1.2432,11.906,11.906,392.226,392.226,6900.0
1.2433,13.566,13.566,391.698,391.698,6900.0
1.2434,14.702,14.702,391.196,391.196,6900.0
1.2435,16.257,16.257,390.708,390.708,6900.0
1.2436,18.005,18.005,390.254,390.254,6900.0
1.2437,19.744,19.744,389.856,389.856,6900.0
1.2438,21.167,21.167,389.526,389.526,6900.0
1.2439,22.257,22.257,389.243,389.243,6900.0
1.244,23.557,23.557,388.986,388.986,6900.0
1.2441,24.944,24.944,388.766,388.766,6900.0
1.2442,26.367,26.367,388.592,388.592,6900.0
1.2443,27.695,27.695,388.467,388.467,6900.0
1.2444,28.904,28.904,388.384,388.384,6900.0
1.2445,30.081,30.081,388.335,388.335,6900.0
1.2446,31.36,31.36,388.327,388.327,6900.0
1.2447,32.587,32.587,388.367,388.367,6900.0
1.2448,33.814,33.814,388.46,388.46,6900.0
1.2449,34.971,34.971,388.615,388.615,6900.0
1.245,36.079,36.079,388.839,388.839,6900.0
1.2451,36.947,36.947,389.127,389.127,6900.0
1.2452,37.748,37.748,389.459,389.459,6900.0
1.2453,38.615,38.615,389.824,389.824,6900.0
1.2454,39.36,39.36,390.233,390.233,6900.0
1.2455,40.228,40.228,390.684,390.684,6900.0
1.2456,40.798,40.798,391.178,391.178,6900.0
1.2457,41.267,41.267,391.685,391.685,6900.0
1.2458,41.999,41.999,392.198,392.198,6900.0
1.2459,42.509,42.509,392.746,392.746,6900.0
1.246,43.194,43.194,393.326,393.326,6900.0
1.2461,43.549,43.549,393.961,393.961,6900.0
1.2462,43.73,43.73,394.616,394.616,6900.0
1.2463,44.168,44.168,395.286,395.286,6900.0
1.2464,44.313,44.313,395.994,395.994,6900.0
1.2465,44.543,44.543,396.716,396.716,6900.0
1.2466,44.579,44.579,397.474,397.474,6900.0
1.2467,44.368,44.368,398.228,398.228,6900.0
1.2468,44.445,44.445,398.969,398.969,6900.0
1.2469,44.293,44.293,399.709,399.709,6900.0
1.247,44.164,44.164,400.424,400.424,6900.0
1.2471,44.071,44.071,401.141,401.141,6900.0
1.2472,43.74,43.74,401.843,401.843,6900.0
1.2473,43.618,43.618,402.534,402.534,6900.0
1.2474,43.195,43.195,403.228,403.228,6900.0
1.2475,42.761,42.761,403.894,403.894,6900.0
1.2476,42.45,42.45,404.556,404.556,6900.0
1.2477,41.856,41.856,405.207,405.207,6900.0
1.2478,41.471,41.471,405.844,405.844,6900.0
1.2479,40.732,40.732,406.468,406.468,6900.0
1.248,39.923,39.923,407.044,407.044,6900.0
1.2481,39.387,39.387,407.578,407.578,6900.0
1.2482,38.616,38.616,408.078,408.078,6900.0
1.2483,37.998,37.998,408.546,408.546,6900.0
1.2484,37.177,37.177,408.981,408.981,6900.0
1.2485,36.243,36.243,409.369,409.369,6900.0
1.2486,35.525,35.525,409.709,409.709,6900.0
1.2487,34.697,34.697,410.017,410.017,6900.0
1.2488,33.868,33.868,410.297,410.297,6900.0
1.2489,32.931,32.931,410.547,410.547,6900.0
1.249,31.936,31.936,410.758,410.758,6900.0
1.2491,30.946,30.946,410.926,410.926,6900.0
1.2492,29.928,29.928,411.052,411.052,6900.0
1.2493,28.847,28.847,411.132,411.132,6900.0
1.2494,27.809,27.809,411.169,411.169,6900.0
1.2495,26.769,26.769,411.165,411.165,6900.0
1.2496,25.622,25.622,411.123,411.123,6900.0
1.2497,24.388,24.388,411.03,411.03,6900.0
1.2498,23.204,23.204,410.879,410.879,6900.0
1.2499,22.184,22.184,410.686,410.686,6900.0
1.25,21.197,21.197,410.465,410.465,6900.0
1.2501,20.026,20.026,410.225,410.225,6900.0
1.2502,18.482,18.482,409.944,409.944,6900.0
1.2503,17.12,17.12,409.605,409.605,6900.0
1.2504,16.08,16.08,409.227,409.227,6900.0
1.2505,14.965,14.965,408.824,408.824,6900.0
1.2506,13.748,13.748,408.407,408.407,6900.0
1.2507,12.102,12.102,407.958,407.958,6900.0
1.2508,10.567,10.567,407.464,407.464,6900.0
1.2509,9.391,9.391,406.938,406.938,6900.0
1.251,8.074,8.074,406.385,406.385,6900.0
1.2511,6.841,6.841,405.814,405.814,6900.0
1.2512,5.27,5.27,405.222,405.222,6900.0
1.2513,3.694,3.694,404.606,404.606,6900.0
1.2514,2.416,2.416,403.973,403.973,6900.0
1.2515,0.973,0.973,403.327,403.327,6900.0
1.2516,0.0,0.0,402.672,402.672,6900.0
1.2517,-0.0,-0.0,402.013,402.013,6900.0
1.2518,-0.0,-0.0,401.352,401.352,6900.0
1.2519,-0.0,-0.0,400.69,400.69,6900.0
1.252,-0.0,-0.0,400.027,400.027,6900.0
1.2521,0.0,0.0,399.363,399.363,6900.0
1.2522,0.0,0.0,398.698,398.698,6900.0
1.2523,0.0,0.0,398.032,398.032,6900.0
1.2524,0.0,0.0,397.364,397.364,6900.0
1.2525,0.0,0.0,396.696,396.696,6900.0
1.2526,0.0,0.0,396.026,396.026,6900.0
1.2527,0.0,0.0,395.355,395.355,6900.0
1.2528,0.0,0.0,394.683,394.683,6900.0
1.2529,0.0,0.0,394.011,394.011,6900.0
1.253,-5.426,-5.012,393.347,393.347,6900.0
1.2531,-9.827,-9.827,392.733,392.733,6900.0
1.2532,-11.786,-11.786,392.169,392.169,6900.0
1.2533,-13.173,-13.173,391.624,391.624,6900.0
1.2534,-14.96,-14.96,391.099,391.099,6900.0
1.2535,-16.747,-16.747,390.617,390.617,6900.0
1.2536,-18.448,-18.448,390.193,390.193,6900.0
1.2537,-19.654,-19.654,389.828,389.828,6900.0
1.2538,-20.795,-20.795,389.492,389.492,6900.0
1.2539,-22.239,-22.239,389.184,389.184,6900.0
1.254,-23.751,-23.751,388.92,388.92,6900.0
1.2541,-25.188,-25.188,388.708,388.708,6900.0
1.2542,-26.421,-26.421,388.544,388.544,6900.0
1.2543,-27.602,-27.602,388.413,388.413,6900.0
1.2544,-28.927,-28.927,388.314,388.314,6900.0
1.2545,-30.236,-30.236,388.259,388.259,6900.0
1.2546,-31.541,-31.541,388.254,388.254,6900.0
1.2547,-32.763,-32.763,388.307,388.307,6900.0
1.2548,-33.945,-33.945,388.422,388.422,6900.0
1.2549,-34.996,-34.996,388.603,388.603,6900.0
1.255,-36.001,-36.001,388.838,388.838,6900.0
1.2551,-36.84,-36.84,389.117,389.117,6900.0
1.2552,-37.835,-37.835,389.439,389.439,6900.0
1.2553,-38.728,-38.728,389.807,389.807,6900.0
1.2554,-39.488,-39.488,390.227,390.227,6900.0
1.2555,-40.108,-40.108,390.677,390.677,6900.0
1.2556,-40.707,-40.707,391.136,391.136,6900.0
1.2557,-41.461,-41.461,391.623,391.623,6900.0
1.2558,-42.176,-42.176,392.14,392.14,6900.0
1.2559,-42.792,-42.792,392.715,392.715,6900.0
1.256,-43.122,-43.122,393.327,393.327,6900.0
1.2561,-43.465,-43.465,393.952,393.952,6900.0
1.2562,-43.922,-43.922,394.611,394.611,6900.0
1.2563,-44.112,-44.112,395.297,395.297,6900.0
1.2564,-44.512,-44.512,396.018,396.018,6900.0
1.2565,-44.423,-44.423,396.766,396.766,6900.0
1.2566,-44.394,-44.394,397.498,397.498,6900.0
1.2567,-44.483,-44.483,398.238,398.238,6900.0
1.2568,-44.36,-44.36,398.966,398.966,6900.0
1.2569,-44.427,-44.427,399.69,399.69,6900.0
1.257,-44.24,-44.24,400.419,400.419,6900.0
1.2571,-44.089,-44.089,401.125,401.125,6900.0
1.2572,-43.906,-43.906,401.839,401.839,6900.0
1.2573,-43.508,-43.508,402.541,402.541,6900.0
1.2574,-43.316,-43.316,403.224,403.224,6900.0
1.2575,-42.874,-42.874,403.913,403.913,6900.0
1.2576,-42.47,-42.47,404.583,404.583,6900.0
1.2577,-41.963,-41.963,405.252,405.252,6900.0
1.2578,-41.214,-41.214,405.893,405.893,6900.0
1.2579,-40.679,-40.679,406.485,406.485,6900.0
1.258,-40.035,-40.035,407.053,407.053,6900.0
1.2581,-39.441,-39.441,407.584,407.584,6900.0
1.2582,-38.705,-38.705,408.092,408.092,6900.0
1.2583,-37.871,-37.871,408.558,408.558,6900.0
1.2584,-37.126,-37.126,408.972,408.972,6900.0
1.2585,-36.395,-36.395,409.353,409.353,6900.0
1.2586,-35.632,-35.632,409.704,409.704,6900.0
1.2587,-34.791,-34.791,410.031,410.031,6900.0
1.2588,-33.778,-33.778,410.323,410.323,6900.0
1.2589,-32.825,-32.825,410.571,410.571,6900.0
1.259,-31.896,-31.896,410.777,410.777,6900.0
1.2591,-30.934,-30.934,410.942,410.942,6900.0
1.2592,-29.899,-29.899,411.065,411.065,6900.0
1.2593,-28.892,-28.892,411.144,411.144,6900.0
1.2594,-27.812,-27.812,411.183,411.183,6900.0
1.2595,-26.66,-26.66,411.175,411.175,6900.0
1.2596,-25.468,-25.468,411.116,411.116,6900.0
1.2597,-24.43,-24.43,411.004,411.004,6900.0
1.2598,-23.406,-23.406,410.858,410.858,6900.0
1.2599,-22.395,-22.395,410.687,410.687,6900.0
1.26,-21.037,-21.037,410.486,410.486,6900.0
1.2601,-19.574,-19.574,410.231,410.231,6900.0
1.2602,-18.469,-18.469,409.924,409.924,6900.0
1.2603,-17.452,-17.452,409.587,409.587,6900.0
1.2604,-16.369,-16.369,409.234,409.234,6900.0
1.2605,-14.914,-14.914,408.86,408.86,6900.0
1.2606,-13.147,-13.147,408.438,408.438,6900.0
1.2607,-11.931,-11.931,407.968,407.968,6900.0
1.2608,-10.634,-10.634,407.466,407.466,6900.0
1.2609,-9.515,-9.515,406.939,406.939,6900.0
1.261,-8.066,-8.066,406.391,406.391,6900.0
1.2611,-6.509,-6.509,405.815,405.815,6900.0
1.2612,-5.258,-5.258,405.213,405.213,6900.0
1.2613,-3.825,-3.825,404.596,404.596,6900.0
1.2614,-2.536,-2.536,403.964,403.964,6900.0
1.2615,-1.071,-1.071,403.321,403.321,6900.0
1.2616,0.0,0.0,402.666,402.666,6900.0
1.2617,0.0,0.0,402.007,402.007,6900.0
1.2618,0.0,0.0,401.346,401.346,6900.0
1.2619,0.0,0.0,400.684,400.684,6900.0
1.262,0.0,0.0,400.021,400.021,6900.0
1.2621,-0.0,-0.0,399.357,399.357,6900.0
1.2622,-0.0,-0.0,398.692,398.692,6900.0
1.2623,-0.0,-0.0,398.026,398.026,6900.0
1.2624,-0.0,-0.0,397.358,397.358,6900.0
1.2625,-0.0,-0.0,396.69,396.69,6900.0
1.2626,-0.0,-0.0,396.02,396.02,6900.0
1.2627,-0.0,-0.0,395.349,395.349,6900.0
1.2628,-0.0,-0.0,394.677,394.677,6900.0
1.2629,-0.0,-0.0,394.005,394.005,6900.0
1.263,5.293,5.293,393.344,393.344,6900.0
1.2631,10.005,9.513,392.728,392.728,6900.0
1.2632,11.722,11.722,392.145,392.145,6900.0
1.2633,13.579,13.579,391.596,391.596,6900.0
1.2634,15.37,15.37,391.088,391.088,6900.0
1.2635,16.934,16.934,390.635,390.635,6900.0
1.2636,17.982,17.982,390.221,390.221,6900.0
1.2637,19.375,19.375,389.825,389.825,6900.0
1.2638,20.984,20.984,389.467,389.467,6900.0
1.2639,22.582,22.582,389.161,389.161,6900.0
1.264,23.927,23.927,388.915,388.915,6900.0
1.2641,25.127,25.127,388.714,388.714,6900.0
1.2642,26.341,26.341,388.542,388.542,6900.0
1.2643,27.747,27.747,388.406,388.406,6900.0
1.2644,29.086,29.086,388.317,388.317,6900.0
1.2645,30.409,30.409,388.279,388.279,6900.0
1.2646,31.601,31.601,388.293,388.293,6900.0
1.2647,32.771,32.771,388.361,388.361,6900.0
1.2648,33.887,33.887,388.481,388.481,6900.0
1.2649,34.935,34.935,388.651,388.651,6900.0
1.265,36.002,36.002,388.867,388.867,6900.0
1.2651,37.007,37.007,389.137,389.137,6900.0
1.2652,38.006,38.006,389.467,389.467,6900.0
1.2653,38.745,38.745,389.85,389.85,6900.0
1.2654,39.388,39.388,390.261,390.261,6900.0
1.2655,40.229,40.229,390.691,390.691,6900.0
1.2656,40.903,40.903,391.16,391.16,6900.0
1.2657,41.72,41.72,391.669,391.669,6900.0
1.2658,42.184,42.184,392.229,392.229,6900.0
1.2659,42.589,42.589,392.805,392.805,6900.0
1.266,43.143,43.143,393.396,393.396,6900.0
1.2661,43.524,43.524,394.023,394.023,6900.0
1.2662,44.017,44.017,394.678,394.678,6900.0
1.2663,44.233,44.233,395.382,395.382,6900.0
1.2664,44.23,44.23,396.096,396.096,6900.0
1.2665,44.545,44.545,396.81,396.81,6900.0
1.2666,44.491,44.491,397.546,397.546,6900.0
1.2667,44.571,44.571,398.274,398.274,6900.0
1.2668,44.572,44.572,399.022,399.022,6900.0
1.2669,44.312,44.312,399.76,399.76,6900.0
1.267,44.305,44.305,400.486,400.486,6900.0
1.2671,44.08,44.08,401.212,401.212,6900.0
1.2672,43.804,43.804,401.914,401.914,6900.0
1.2673,43.636,43.636,402.618,402.618,6900.0
1.2674,43.17,43.17,403.312,403.312,6900.0
1.2675,42.915,42.915,403.997,403.997,6900.0
1.2676,42.356,42.356,404.678,404.678,6900.0
1.2677,41.753,41.753,405.321,405.321,6900.0
1.2678,41.321,41.321,405.942,405.942,6900.0
1.2679,40.683,40.683,406.538,406.538,6900.0
1.268,40.138,40.138,407.112,407.112,6900.0
1.2681,39.376,39.376,407.659,407.659,6900.0
1.2682,38.534,38.534,408.158,408.158,6900.0
1.2683,37.926,37.926,408.61,408.61,6900.0
1.2684,37.164,37.164,409.031,409.031,6900.0
1.2685,36.461,36.461,409.425,409.425,6900.0
1.2686,35.524,35.524,409.789,409.789,6900.0
1.2687,34.617,34.617,410.11,410.11,6900.0
1.2688,33.779,33.779,410.386,410.386,6900.0
1.2689,32.808,32.808,410.627,410.627,6900.0
1.269,31.892,31.892,410.83,410.83,6900.0
1.2691,30.929,30.929,410.995,410.995,6900.0
1.2692,29.898,29.898,411.119,411.119,6900.0
1.2693,28.79,28.79,411.2,411.2,6900.0
1.2694,27.708,27.708,411.232,411.232,6900.0
1.2695,26.599,26.599,411.213,411.213,6900.0
1.2696,25.556,25.556,411.15,411.15,6900.0
1.2697,24.568,24.568,411.052,411.052,6900.0
1.2698,23.411,23.411,410.926,410.926,6900.0
1.2699,22.042,22.042,410.755,410.755,6900.0
1.27,20.795,20.795,410.525,410.525,6900.0
1.2701,19.766,19.766,410.254,410.254,6900.0
1.2702,18.738,18.738,409.959,409.959,6900.0
1.2703,17.524,17.524,409.649,409.649,6900.0
1.2704,15.884,15.884,409.3,409.3,6900.0
1.2705,14.435,14.435,408.892,408.892,6900.0
1.2706,13.317,13.317,408.446,408.446,6900.0
1.2707,12.126,12.126,407.971,407.971,6900.0
1.2708,10.906,10.906,407.478,407.478,6900.0
1.2709,9.3,9.3,406.959,406.959,6900.0
1.271,7.832,7.832,406.404,406.404,6900.0
1.2711,6.635,6.635,405.827,405.827,6900.0
1.2712,5.23,5.23,405.229,405.229,6900.0
1.2713,3.948,3.948,404.617,404.617,6900.0
1.2714,2.372,2.372,403.988,403.988,6900.0
1.2715,0.756,0.756,403.343,403.343,6900.0
1.2716,-0.0,-0.0,402.687,402.687,6900.0
1.2717,-0.0,-0.0,402.028,402.028,6900.0
1.2718,-0.0,-0.0,401.367,401.367,6900.0
1.2719,-0.0,-0.0,400.705,400.705,6900.0
1.272,-0.0,-0.0,400.042,400.042,6900.0
1.2721,0.0,0.0,399.378,399.378,6900.0
1.2722,0.0,0.0,398.713,398.713,6900.0
1.2723,0.0,0.0,398.047,398.047,6900.0
1.2724,0.0,0.0,397.379,397.379,6900.0
1.2725,0.0,0.0,396.711,396.711,6900.0
1.2726,0.0,0.0,396.041,396.041,6900.0
1.2727,0.0,0.0,395.37,395.37,6900.0
1.2728,0.0,0.0,394.698,394.698,6900.0
1.2729,0.0,0.0,394.027,394.027,6900.0
1.273,-5.328,-5.328,393.364,393.364,6900.0
1.2731,-9.829,-9.829,392.745,392.745,6900.0
1.2732,-12.056,-12.056,392.173,392.173,6900.0
1.2733,-13.891,-13.891,391.644,391.644,6900.0
1.2734,-15.17,-15.17,391.155,391.155,6900.0
1.2735,-16.388,-16.388,390.683,390.683,6900.0
1.2736,-18.047,-18.047,390.235,390.235,6900.0
1.2737,-19.751,-19.751,389.833,389.833,6900.0
1.2738,-21.393,-21.393,389.494,389.494,6900.0
1.2739,-22.609,-22.609,389.215,389.215,6900.0
1.274,-23.758,-23.758,388.971,388.971,6900.0
1.2741,-25.103,-25.103,388.757,388.757,6900.0
1.2742,-26.511,-26.511,388.586,388.586,6900.0
1.2743,-27.855,-27.855,388.463,388.463,6900.0
1.2744,-29.087,-29.087,388.386,388.386,6900.0
1.2745,-30.333,-30.333,388.35,388.35,6900.0
1.2746,-31.56,-31.56,388.356,388.356,6900.0
1.2747,-32.747,-32.747,388.409,388.409,6900.0
1.2748,-33.864,-33.864,388.511,388.511,6900.0
1.2749,-35.035,-35.035,388.669,388.669,6900.0
1.275,-36.178,-36.178,388.891,388.891,6900.0
1.2751,-37.098,-37.098,389.182,389.182,6900.0
1.2752,-37.917,-37.917,389.523,389.523,6900.0
1.2753,-38.635,-38.635,389.896,389.896,6900.0
1.2754,-39.527,-39.527,390.304,390.304,6900.0
1.2755,-40.288,-40.288,390.751,390.751,6900.0
1.2756,-40.988,-40.988,391.245,391.245,6900.0
1.2757,-41.46,-41.46,391.766,391.766,6900.0
1.2758,-42.0,-42.0,392.291,392.291,6900.0
1.2759,-42.654,-42.654,392.844,392.844,6900.0
1.276,-43.186,-43.186,393.426,393.426,6900.0
1.2761,-43.723,-43.723,394.061,394.061,6900.0
1.2762,-43.896,-43.896,394.736,394.736,6900.0
1.2763,-44.074,-44.074,395.417,395.417,6900.0
1.2764,-44.4,-44.4,396.126,396.126,6900.0
1.2765,-44.423,-44.423,396.85,396.85,6900.0
1.2766,-44.697,-44.697,397.592,397.592,6900.0
1.2767,-44.484,-44.484,398.353,398.353,6900.0
1.2768,-44.406,-44.406,399.089,399.089,6900.0
1.2769,-44.375,-44.375,399.828,399.828,6900.0
1.277,-44.088,-44.088,400.551,400.551,6900.0
1.2771,-44.095,-44.095,401.258,401.258,6900.0
1.2772,-43.942,-43.805,401.969,401.969,6900.0
1.2773,-43.565,-43.565,402.659,402.659,6900.0
1.2774,-43.282,-43.282,403.357,403.357,6900.0
1.2775,-42.706,-42.706,404.039,404.039,6900.0
1.2776,-42.391,-42.391,404.693,404.693,6900.0
1.2777,-41.87,-41.87,405.345,405.345,6900.0
1.2778,-41.354,-41.354,405.973,405.973,6900.0
1.2779,-40.718,-40.718,406.59,406.59,6900.0
1.278,-39.943,-39.943,407.17,407.17,6900.0
1.2781,-39.265,-39.265,407.697,407.697,6900.0
1.2782,-38.586,-38.586,408.192,408.192,6900.0
1.2783,-37.936,-37.936,408.648,408.648,6900.0
1.2784,-37.163,-37.163,409.08,409.08,6900.0
1.2785,-36.281,-36.281,409.472,409.472,6900.0
1.2786,-35.439,-35.439,409.814,409.814,6900.0
1.2787,-34.608,-34.608,410.122,410.122,6900.0
1.2788,-33.809,-33.809,410.397,410.397,6900.0
1.2789,-32.828,-32.828,410.644,410.644,6900.0
1.279,-31.82,-31.82,410.854,410.854,6900.0
1.2791,-30.797,-30.797,411.021,411.021,6900.0
1.2792,-29.795,-29.795,411.142,411.142,6900.0
1.2793,-28.732,-28.732,411.216,411.216,6900.0
1.2794,-27.686,-27.686,411.242,411.242,6900.0
1.2795,-26.639,-26.639,411.227,411.227,6900.0
1.2796,-25.613,-25.613,411.175,411.175,6900.0
1.2797,-24.356,-24.356,411.084,411.084,6900.0
1.2798,-23.094,-23.094,410.938,410.938,6900.0
1.2799,-22.024,-22.024,410.741,410.741,6900.0
1.28,-21.045,-21.045,410.511,410.511,6900.0
1.2801,-19.965,-19.965,410.263,410.263,6900.0
1.2802,-18.522,-18.522,409.988,409.988,6900.0
1.2803,-16.92,-16.92,409.658,409.658,6900.0
1.2804,-15.762,-15.762,409.274,409.274,6900.0
1.2805,-14.652,-14.652,408.858,408.858,6900.0
1.2806,-13.621,-13.621,408.422,408.422,6900.0
1.2807,-12.145,-12.145,407.966,407.966,6900.0
1.2808,-10.477,-10.477,407.473,407.473,6900.0
1.2809,-9.257,-9.257,406.943,406.943,6900.0
1.281,-7.86,-7.86,406.391,406.391,6900.0
1.2811,-6.674,-6.674,405.816,405.816,6900.0
1.2812,-5.223,-5.223,405.224,405.224,6900.0
1.2813,-3.618,-3.618,404.611,404.611,6900.0
1.2814,-2.242,-2.242,403.977,403.977,6900.0
1.2815,-0.762,-0.762,403.331,403.331,6900.0
1.2816,0.0,0.0,402.674,402.674,6900.0
1.2817,0.0,0.0,402.015,402.015,6900.0
1.2818,0.0,0.0,401.355,401.355,6900.0
1.2819,0.0,0.0,400.693,400.693,6900.0
1.282,0.0,0.0,400.03,400.03,6900.0
1.2821,-0.0,-0.0,399.365,399.365,6900.0
1.2822,-0.0,-0.0,398.7,398.7,6900.0
1.2823,-0.0,-0.0,398.034,398.034,6900.0
1.2824,-0.0,-0.0,397.366,397.366,6900.0
1.2825,-0.0,-0.0,396.698,396.698,6900.0
1.2826,-0.0,-0.0,396.028,396.028,6900.0
1.2827,-0.0,-0.0,395.357,395.357,6900.0
1.2828,-0.0,-0.0,394.685,394.685,6900.0
1.2829,-0.0,-0.0,394.014,394.014,6900.0
1.283,5.7,5.7,393.353,393.353,6900.0
1.2831,10.064,10.064,392.743,392.743,6900.0
1.2832,12.135,12.135,392.186,392.186,6900.0
1.2833,13.414,13.414,391.656,391.656,6900.0
1.2834,14.938,14.938,391.139,391.139,6900.0
1.2835,16.75,16.75,390.653,390.653,6900.0
1.2836,18.5,18.5,390.221,390.221,6900.0
1.2837,19.96,19.96,389.854,389.854,6900.0
1.2838,21.056,21.056,389.533,389.533,6900.0
1.2839,22.379,22.379,389.237,389.237,6900.0
1.284,23.822,23.822,388.979,388.979,6900.0
1.2841,25.285,25.285,388.766,388.766,6900.0
1.2842,26.594,26.594,388.606,388.606,6900.0
1.2843,27.791,27.791,388.484,388.484,6900.0
1.2844,29.047,29.047,388.394,388.394,6900.0
1.2845,30.345,30.345,388.344,388.344,6900.0
1.2846,31.593,31.593,388.34,388.34,6900.0
1.2847,32.908,32.908,388.389,388.389,6900.0
1.2848,34.036,34.036,388.501,388.501,6900.0
1.2849,35.182,35.182,388.682,388.682,6900.0
1.285,36.102,36.102,388.927,388.927,6900.0
1.2851,36.952,36.952,389.219,389.219,6900.0
1.2852,37.854,37.854,389.548,389.548,6900.0
1.2853,38.717,38.717,389.922,389.922,6900.0
1.2854,39.586,39.586,390.343,390.343,6900.0
1.2855,40.204,40.204,390.803,390.803,6900.0
1.2856,40.751,40.751,391.278,391.278,6900.0
1.2857,41.506,41.506,391.762,391.762,6900.0
1.2858,42.093,42.093,392.281,392.281,6900.0
1.2859,42.849,42.849,392.836,392.836,6900.0
1.286,43.248,43.248,393.448,393.448,6900.0
1.2861,43.493,43.493,394.083,394.083,6900.0
1.2862,43.951,43.951,394.735,394.735,6900.0
1.2863,44.164,44.164,395.428,395.428,6900.0
1.2864,44.465,44.465,396.138,396.138,6900.0
1.2865,44.54,44.54,396.889,396.889,6900.0
1.2866,44.377,44.377,397.638,397.638,6900.0
1.2867,44.544,44.544,398.375,398.375,6900.0
1.2868,44.369,44.369,399.117,399.117,6900.0
1.2869,44.303,44.303,399.835,399.835,6900.0
1.287,44.216,44.216,400.559,400.559,6900.0
1.2871,43.909,43.909,401.268,401.268,6900.0
1.2872,43.846,43.846,401.967,401.967,6900.0
1.2873,43.516,43.516,402.668,402.668,6900.0
1.2874,43.111,43.111,403.346,403.346,6900.0
1.2875,42.874,42.874,404.024,404.024,6900.0
1.2876,42.33,42.33,404.693,404.693,6900.0
1.2877,41.929,41.929,405.355,405.355,6900.0
1.2878,41.244,41.244,406.004,406.004,6900.0
1.2879,40.486,40.486,406.608,406.608,6900.0
1.288,39.945,39.945,407.173,407.173,6900.0
1.2881,39.222,39.222,407.703,407.703,6900.0
1.2882,38.619,38.619,408.201,408.201,6900.0
1.2883,37.801,37.801,408.666,408.666,6900.0
1.2884,36.941,36.941,409.08,409.08,6900.0
1.2885,36.281,36.281,409.448,409.448,6900.0
1.2886,35.46,35.46,409.788,409.788,6900.0
1.2887,34.698,34.698,410.101,410.101,6900.0
1.2888,33.732,33.732,410.388,410.388,6900.0
1.2889,32.764,32.764,410.636,410.636,6900.0
1.289,31.771,31.771,410.842,410.842,6900.0
1.2891,30.747,30.747,411.006,411.006,6900.0
1.2892,29.723,29.723,411.126,411.126,6900.0
1.2893,28.701,28.701,411.201,411.201,6900.0
1.2894,27.677,27.677,411.233,411.233,6900.0
1.2895,26.553,26.553,411.224,411.224,6900.0
1.2896,25.347,25.347,411.165,411.165,6900.0
1.2897,24.196,24.196,411.049,411.049,6900.0
1.2898,23.201,23.201,410.891,410.891,6900.0
1.2899,22.193,22.193,410.705,410.705,6900.0
1.29,21.026,21.026,410.499,410.499,6900.0
1.2901,19.543,19.543,410.252,410.252,6900.0
1.2902,18.177,18.177,409.945,409.945,6900.0
1.2903,17.161,17.161,409.597,409.597,6900.0
1.2904,16.123,16.123,409.227,409.227,6900.0
1.2905,14.876,14.876,408.841,408.841,6900.0
1.2906,13.23,13.23,408.423,408.423,6900.0
1.2907,11.729,11.729,407.955,407.955,6900.0
1.2908,10.488,10.488,407.452,407.452,6900.0
1.2909,9.255,9.255,406.92,406.92,6900.0
1.291,7.975,7.975,406.369,406.369,6900.0
1.2911,6.42,6.42,405.795,405.795,6900.0
1.2912,4.898,4.898,405.193,405.193,6900.0
1.2913,3.699,3.699,404.574,404.574,6900.0
1.2914,2.245,2.245,403.939,403.939,6900.0
1.2915,0.91,0.91,403.293,403.293,6900.0
1.2916,-0.0,-0.0,402.638,402.638,6900.0
1.2917,-0.0,-0.0,401.979,401.979,6900.0
1.2918,-0.0,-0.0,401.318,401.318,6900.0
1.2919,-0.0,-0.0,400.656,400.656,6900.0
1.292,-0.0,-0.0,399.993,399.993,6900.0
1.2921,0.0,0.0,399.329,399.329,6900.0
1.2922,0.0,0.0,398.663,398.663,6900.0
1.2923,0.0,0.0,397.997,397.997,6900.0
1.2924,0.0,0.0,397.33,397.33,6900.0
1.2925,0.0,0.0,396.661,396.661,6900.0
1.2926,0.0,0.0,395.991,395.991,6900.0
1.2927,0.0,0.0,395.32,395.32,6900.0
1.2928,0.0,0.0,394.648,394.648,6900.0
1.2929,0.0,0.0,393.977,393.977,6900.0
1.293,-6.033,-6.033,393.318,393.318,6900.0
1.2931,-9.91,-9.91,392.712,392.712,6900.0
1.2932,-11.733,-11.733,392.138,392.138,6900.0
1.2933,-13.646,-13.646,391.587,391.587,6900.0
1.2934,-15.423,-15.423,391.074,391.074,6900.0
1.2935,-17.171,-17.171,390.615,390.615,6900.0
1.2936,-18.387,-18.387,390.211,390.211,6900.0
1.2937,-19.545,-19.545,389.834,389.834,6900.0
1.2938,-21.053,-21.053,389.485,389.485,6900.0
1.2939,-22.6,-22.6,389.182,389.182,6900.0
1.294,-24.065,-24.065,388.934,388.934,6900.0
1.2941,-25.305,-25.305,388.737,388.737,6900.0
1.2942,-26.478,-26.478,388.574,388.574,6900.0
1.2943,-27.79,-27.79,388.442,388.442,6900.0
1.2944,-29.129,-29.129,388.351,388.351,6900.0
1.2945,-30.453,-30.453,388.308,388.308,6900.0
1.2946,-31.687,-31.687,388.318,388.318,6900.0
1.2947,-32.948,-32.948,388.384,388.384,6900.0
1.2948,-34.039,-34.039,388.511,388.511,6900.0
1.2949,-35.042,-35.042,388.693,388.693,6900.0
1.295,-35.985,-35.985,388.921,388.921,6900.0
1.2951,-37.036,-37.036,389.198,389.198,6900.0
1.2952,-38.005,-38.005,389.529,389.529,6900.0
1.2953,-38.819,-38.819,389.919,389.919,6900.0
1.2954,-39.48,-39.48,390.344,390.344,6900.0
1.2955,-40.111,-40.111,390.783,390.783,6900.0
1.2956,-40.9,-40.9,391.249,391.249,6900.0
1.2957,-41.615,-41.615,391.744,391.744,6900.0
1.2958,-42.288,-42.288,392.29,392.29,6900.0
1.2959,-42.657,-42.657,392.87,392.87,6900.0
1.296,-43.089,-43.089,393.459,393.459,6900.0
1.2961,-43.594,-43.594,394.084,394.084,6900.0
1.2962,-43.947,-43.947,394.739,394.739,6900.0
1.2963,-44.328,-44.328,395.441,395.441,6900.0
1.2964,-44.334,-44.334,396.176,396.176,6900.0
1.2965,-44.381,-44.381,396.903,396.903,6900.0
1.2966,-44.516,-44.516,397.645,397.645,6900.0
1.2967,-44.376,-44.376,398.382,398.382,6900.0
1.2968,-44.503,-44.503,399.116,399.116,6900.0
1.2969,-44.269,-44.269,399.855,399.855,6900.0
1.297,-44.146,-44.146,400.567,400.567,6900.0
1.2971,-44.028,-44.028,401.284,401.284,6900.0
1.2972,-43.634,-43.634,401.987,401.987,6900.0
1.2973,-43.551,-43.551,402.671,402.671,6900.0
1.2974,-43.196,-43.196,403.365,403.365,6900.0
1.2975,-42.857,-42.857,404.042,404.042,6900.0
1.2976,-42.38,-42.38,404.727,404.727,6900.0
1.2977,-41.704,-41.704,405.387,405.387,6900.0
1.2978,-41.218,-41.218,406.005,406.005,6900.0
1.2979,-40.574,-40.574,406.606,406.606,6900.0
1.298,-40.001,-40.001,407.17,407.17,6900.0
1.2981,-39.289,-39.289,407.713,407.713,6900.0
1.2982,-38.482,-38.482,408.212,408.212,6900.0
1.2983,-37.726,-37.726,408.657,408.657,6900.0
1.2984,-37.029,-37.029,409.066,409.066,6900.0
1.2985,-36.335,-36.335,409.443,409.443,6900.0
1.2986,-35.505,-35.505,409.797,409.797,6900.0
1.2987,-34.575,-34.575,410.116,410.116,6900.0
1.2988,-33.64,-33.64,410.393,410.393,6900.0
1.2989,-32.739,-32.739,410.632,410.632,6900.0
1.299,-31.79,-31.79,410.834,410.834,6900.0
1.2991,-30.759,-30.759,410.998,410.998,6900.0
1.2992,-29.728,-29.728,411.12,411.12,6900.0
1.2993,-28.681,-28.681,411.2,411.2,6900.0
1.2994,-27.582,-27.582,411.231,411.231,6900.0
1.2995,-26.399,-26.399,411.209,411.209,6900.0
1.2996,-25.369,-25.369,411.135,411.135,6900.0
1.2997,-24.381,-24.381,411.021,411.021,6900.0
1.2998,-23.324,-23.324,410.882,410.882,6900.0
1.2999,-22.037,-22.037,410.71,410.71,6900.0
