t,Iac_real,Iac_int,Vdc_real,Vdc_int,P_charge
0.6,-18.946,-18.946,410.264,410.264,
0.6001,-17.885,-17.885,409.938,409.938,6900.0
0.6002,-16.715,-16.715,409.583,409.583,6900.0
0.6003,-15.657,-15.657,409.205,409.205,6900.0
0.6004,-14.251,-14.251,408.806,408.806,6900.0
0.6005,-12.615,-12.615,408.366,408.366,6900.0
0.6006,-11.451,-11.451,407.885,407.885,6900.0
0.6007,-10.022,-10.022,407.377,407.377,6900.0
0.6008,-8.847,-8.847,406.841,406.841,6900.0
0.6009,-7.389,-7.389,406.284,406.284,6900.0
0.601,-5.878,-5.878,405.7,405.7,6900.0
0.6011,-4.588,-4.588,405.094,405.094,6900.0
0.6012,-3.137,-3.137,404.47,404.47,6900.0
0.6013,-1.734,-1.734,403.832,403.832,6900.0
0.6014,-0.34,-0.34,403.182,403.182,6900.0
0.6015,0.0,0.0,402.524,402.524,6900.0
0.6016,0.0,0.0,401.865,401.865,6900.0
0.6017,0.0,0.0,401.204,401.204,6900.0
0.6018,0.0,0.0,400.542,400.542,6900.0
0.6019,0.069,0.069,399.879,399.879,6900.0
0.602,-0.0,-0.0,399.214,399.214,6900.0
0.6021,-0.0,-0.0,398.549,398.549,6900.0
0.6022,-0.0,-0.0,397.882,397.882,6900.0
0.6023,-0.0,-0.0,397.214,397.214,6900.0
0.6024,-0.0,-0.0,396.545,396.545,6900.0
0.6025,-0.0,-0.0,395.876,395.876,6900.0
0.6026,-0.0,-0.0,395.204,395.204,6900.0
0.6027,-0.0,-0.0,394.532,394.532,6900.0
0.6028,1.171,1.171,393.863,393.863,6900.0
0.6029,7.774,7.774,393.222,393.222,6900.0
0.603,10.478,10.478,392.632,392.632,6900.0
0.6031,12.299,12.299,392.065,392.065,6900.0
0.6032,14.151,14.151,391.526,391.526,6900.0
0.6033,15.945,15.945,391.03,391.03,6900.0
0.6034,17.441,17.441,390.59,390.59,6900.0
0.6035,18.669,18.669,390.193,390.193,6900.0
0.6036,20.024,20.024,389.828,389.828,6900.0
0.6037,21.523,21.523,389.502,389.502,6900.0
0.6038,22.9,22.9,389.225,389.225,6900.0
0.6039,24.255,24.255,388.993,388.993,6900.0
0.604,25.543,25.543,388.801,388.801,6900.0
0.6041,26.829,26.829,388.642,388.642,6900.0
0.6042,28.127,28.127,388.521,388.521,6900.0
0.6043,29.403,29.403,388.439,388.439,6900.0
0.6044,30.727,30.727,388.4,388.4,6900.0
0.6045,32.019,32.019,388.417,388.417,6900.0
0.6046,33.277,33.277,388.502,388.502,6900.0
0.6047,34.289,34.289,388.651,388.651,6900.0
0.6048,35.175,35.175,388.849,388.849,6900.0
0.6049,36.259,36.259,389.087,389.087,6900.0
0.605,37.202,37.202,389.382,389.382,6900.0
0.6051,38.218,38.218,389.736,389.736,6900.0
0.6052,38.847,38.847,390.145,390.145,6900.0
0.6053,39.398,39.398,390.571,390.571,6900.0
0.6054,40.228,40.228,391.006,391.006,6900.0
0.6055,40.877,40.877,391.474,391.474,6900.0
0.6056,41.734,41.734,391.974,391.974,6900.0
0.6057,42.221,42.221,392.527,392.527,6900.0
0.6058,42.505,42.505,393.099,393.099,6900.0
0.6059,43.175,43.175,393.689,393.689,6900.0
0.606,43.502,43.502,394.326,394.326,6900.0
0.6061,43.977,43.977,394.992,394.992,6900.0
0.6062,44.156,44.156,395.715,395.715,6900.0
0.6063,44.123,44.123,396.445,396.445,6900.0
0.6064,44.341,44.341,397.18,397.18,6900.0
0.6065,44.246,44.246,397.927,397.927,6900.0
0.6066,44.253,44.253,398.654,398.654,6900.0
0.6067,44.295,44.295,399.391,399.391,6900.0
0.6068,44.016,44.016,400.116,400.116,6900.0
0.6069,44.008,44.008,400.832,400.832,6900.0
0.607,43.712,43.712,401.549,401.549,6900.0
0.6071,43.428,43.428,402.24,402.24,6900.0
0.6072,43.282,43.282,402.931,402.931,6900.0
0.6073,42.859,42.859,403.618,403.618,6900.0
0.6074,42.553,42.553,404.305,404.305,6900.0
0.6075,41.978,41.978,404.985,404.985,6900.0
0.6076,41.289,41.289,405.628,405.628,6900.0
0.6077,40.864,40.864,406.239,406.239,6900.0
0.6078,40.175,40.175,406.826,406.826,6900.0
0.6079,39.641,39.641,407.39,407.39,6900.0
0.608,38.822,38.822,407.925,407.925,6900.0
0.6081,38.029,38.029,408.407,408.407,6900.0
0.6082,37.391,37.391,408.841,408.841,6900.0
0.6083,36.611,36.611,409.242,409.242,6900.0
0.6084,35.876,35.876,409.613,409.613,6900.0
0.6085,35.037,35.037,409.953,409.953,6900.0
0.6086,34.137,34.137,410.256,410.256,6900.0
0.6087,33.205,33.205,410.518,410.518,6900.0
0.6088,32.282,32.282,410.743,410.743,6900.0
0.6089,31.273,31.273,410.929,410.929,6900.0
0.609,30.327,30.327,411.076,411.076,6900.0
0.6091,29.314,29.314,411.185,411.185,6900.0
0.6092,28.207,28.207,411.255,411.255,6900.0
0.6093,26.992,26.992,411.273,411.273,6900.0
0.6094,25.879,25.879,411.227,411.227,6900.0
0.6095,24.956,24.956,411.135,411.135,6900.0
0.6096,23.984,23.984,411.013,411.013,6900.0
0.6097,22.864,22.864,410.87,410.87,6900.0
0.6098,21.341,21.341,410.683,410.683,6900.0
0.6099,20.098,20.098,410.43,410.43,6900.0
0.61,19.094,19.094,410.138,410.138,6900.0
0.6101,18.11,18.11,409.821,409.821,6900.0
0.6102,16.939,16.939,409.489,409.489,6900.0
0.6103,15.336,15.336,409.124,409.124,6900.0
0.6104,13.932,13.932,408.709,408.709,6900.0
0.6105,12.747,12.747,408.26,408.26,6900.0
0.6106,11.489,11.489,407.78,407.78,6900.0
0.6107,10.237,10.237,407.277,407.277,6900.0
0.6108,8.671,8.671,406.746,406.746,6900.0
0.6109,7.215,7.215,406.182,406.182,6900.0
0.611,5.948,5.948,405.595,405.595,6900.0
0.6111,4.571,4.571,404.989,404.989,6900.0
0.6112,3.244,3.244,404.366,404.366,6900.0
0.6113,1.721,1.721,403.729,403.729,6900.0
0.6114,0.269,0.269,403.078,403.078,6900.0
0.6115,-0.0,-0.0,402.421,402.421,6900.0
0.6116,-0.0,-0.0,401.761,401.761,6900.0
0.6117,-0.0,-0.0,401.1,401.1,6900.0
0.6118,-0.0,-0.0,400.438,400.438,6900.0
0.6119,-0.0,-0.0,399.774,399.774,6900.0
0.612,0.0,0.0,399.109,399.109,6900.0
0.6121,0.0,0.0,398.444,398.444,6900.0
0.6122,0.0,0.0,397.777,397.777,6900.0
0.6123,0.0,0.0,397.109,397.109,6900.0
0.6124,0.0,0.0,396.44,396.44,6900.0
0.6125,0.0,0.0,395.77,395.77,6900.0
0.6126,0.0,0.0,395.099,395.099,6900.0
0.6127,0.0,0.0,394.427,394.427,6900.0
0.6128,-1.138,-1.138,393.757,393.757,6900.0
0.6129,-7.414,-7.414,393.109,393.109,6900.0
0.613,-10.647,-10.647,392.507,392.507,6900.0
0.6131,-12.67,-12.67,391.945,391.945,6900.0
0.6132,-14.49,-14.49,391.428,391.428,6900.0
0.6133,-15.748,-15.748,390.956,390.956,6900.0
0.6134,-16.988,-16.988,390.506,390.506,6900.0
0.6135,-18.558,-18.558,390.085,390.085,6900.0
0.6136,-20.16,-20.16,389.705,389.705,6900.0
0.6137,-21.657,-21.657,389.378,389.378,6900.0
0.6138,-22.968,-22.968,389.099,389.099,6900.0
0.6139,-24.178,-24.178,388.86,388.86,6900.0
0.614,-25.549,-25.549,388.658,388.658,6900.0
0.6141,-26.915,-26.915,388.498,388.498,6900.0
0.6142,-28.215,-28.215,388.382,388.382,6900.0
0.6143,-29.487,-29.487,388.316,388.316,6900.0
0.6144,-30.796,-30.796,388.301,388.301,6900.0
0.6145,-31.992,-31.992,388.343,388.343,6900.0
0.6146,-33.051,-33.051,388.433,388.433,6900.0
0.6147,-34.073,-34.073,388.562,388.562,6900.0
0.6148,-35.245,-35.245,388.74,388.74,6900.0
0.6149,-36.325,-36.325,388.973,388.973,6900.0
0.615,-37.255,-37.255,389.273,389.273,6900.0
0.6151,-37.99,-37.99,389.617,389.617,6900.0
0.6152,-38.755,-38.755,389.98,389.98,6900.0
0.6153,-39.633,-39.633,390.384,390.384,6900.0
0.6154,-40.419,-40.419,390.827,390.827,6900.0
0.6155,-41.184,-41.184,391.331,391.331,6900.0
0.6156,-41.62,-41.62,391.872,391.872,6900.0
0.6157,-42.063,-42.063,392.421,392.421,6900.0
0.6158,-42.674,-42.674,393.002,393.002,6900.0
0.6159,-43.065,-43.065,393.608,393.608,6900.0
0.616,-43.614,-43.614,394.256,394.256,6900.0
0.6161,-43.771,-43.771,394.936,394.936,6900.0
0.6162,-43.973,-43.973,395.614,395.614,6900.0
0.6163,-44.21,-44.21,396.318,396.318,6900.0
0.6164,-44.25,-44.25,397.028,397.028,6900.0
0.6165,-44.482,-44.482,397.754,397.754,6900.0
0.6166,-44.363,-44.363,398.501,398.501,6900.0
0.6167,-44.336,-44.336,399.234,399.234,6900.0
0.6168,-44.251,-44.251,399.982,399.982,6900.0
0.6169,-43.85,-43.85,400.718,400.718,6900.0
0.617,-43.831,-43.831,401.431,401.431,6900.0
0.6171,-43.519,-43.519,402.149,402.149,6900.0
0.6172,-43.272,-43.272,402.846,402.846,6900.0
0.6173,-42.896,-42.896,403.547,403.547,6900.0
0.6174,-42.31,-42.31,404.224,404.224,6900.0
0.6175,-41.93,-41.93,404.862,404.862,6900.0
0.6176,-41.452,-41.452,405.491,405.491,6900.0
0.6177,-40.988,-40.988,406.098,406.098,6900.0
0.6178,-40.345,-40.345,406.698,406.698,6900.0
0.6179,-39.545,-39.545,407.265,407.265,6900.0
0.618,-38.837,-38.837,407.781,407.781,6900.0
0.6181,-38.171,-38.171,408.268,408.268,6900.0
0.6182,-37.55,-37.55,408.72,408.72,6900.0
0.6183,-36.688,-36.688,409.149,409.149,6900.0
0.6184,-35.828,-35.828,409.534,409.534,6900.0
0.6185,-34.914,-34.914,409.872,409.872,6900.0
0.6186,-34.12,-34.12,410.166,410.166,6900.0
0.6187,-33.23,-33.23,410.422,410.422,6900.0
0.6188,-32.306,-32.306,410.642,410.642,6900.0
0.6189,-31.325,-31.325,410.825,410.825,6900.0
0.619,-30.384,-30.384,410.972,410.972,6900.0
0.6191,-29.283,-29.283,411.078,411.078,6900.0
0.6192,-28.176,-28.176,411.134,411.134,6900.0
0.6193,-27.175,-27.175,411.141,411.141,6900.0
0.6194,-26.157,-26.157,411.111,411.111,6900.0
0.6195,-25.164,-25.164,411.052,411.052,6900.0
0.6196,-23.863,-23.863,410.956,410.956,6900.0
0.6197,-22.427,-22.427,410.797,410.797,6900.0
0.6198,-21.428,-21.428,410.578,410.578,6900.0
0.6199,-20.431,-20.431,410.327,410.327,6900.0
0.62,-19.461,-19.461,410.058,410.058,6900.0
0.6201,-18.067,-18.067,409.77,409.77,6900.0
0.6202,-16.472,-16.472,409.432,409.432,6900.0
0.6203,-15.348,-15.348,409.045,409.045,6900.0
0.6204,-14.065,-14.065,408.628,408.628,6900.0
0.6205,-12.972,-12.972,408.182,408.182,6900.0
0.6206,-11.533,-11.533,407.712,407.712,6900.0
0.6207,-9.946,-9.946,407.205,407.205,6900.0
0.6208,-8.758,-8.758,406.664,406.664,6900.0
0.6209,-7.31,-7.31,406.101,406.101,6900.0
0.621,-6.066,-6.066,405.514,405.514,6900.0
0.6211,-4.66,-4.66,404.911,404.911,6900.0
0.6212,-3.191,-3.191,404.29,404.29,6900.0
0.6213,-1.761,-1.761,403.652,403.652,6900.0
0.6214,-0.28,-0.28,403.002,403.002,6900.0
0.6215,0.0,0.0,402.344,402.344,6900.0
0.6216,0.0,0.0,401.684,401.684,6900.0
0.6217,0.0,0.0,401.023,401.023,6900.0
0.6218,0.0,0.0,400.361,400.361,6900.0
0.6219,0.013,0.013,399.697,399.697,6900.0
0.622,-0.0,-0.0,399.032,399.032,6900.0
0.6221,-0.0,-0.0,398.366,398.366,6900.0
0.6222,-0.0,-0.0,397.7,397.7,6900.0
0.6223,-0.0,-0.0,397.032,397.032,6900.0
0.6224,-0.0,-0.0,396.362,396.362,6900.0
0.6225,-0.0,-0.0,395.692,395.692,6900.0
0.6226,-0.0,-0.0,395.021,395.021,6900.0
0.6227,-0.0,-0.0,394.348,394.348,6900.0
0.6228,0.876,0.876,393.677,393.677,6900.0
0.6229,7.57,7.57,393.026,393.026,6900.0
0.623,10.93,10.93,392.43,392.43,6900.0
0.6231,12.736,12.736,391.885,391.885,6900.0
0.6232,13.963,13.963,391.366,391.366,6900.0
0.6233,15.468,15.468,390.862,390.862,6900.0
0.6234,17.164,17.164,390.391,390.391,6900.0
0.6235,18.85,18.85,389.97,389.97,6900.0
0.6236,20.333,20.333,389.606,389.606,6900.0
0.6237,21.583,21.583,389.292,389.292,6900.0
0.6238,22.909,22.909,389.015,389.015,6900.0
0.6239,24.282,24.282,388.781,388.781,6900.0
0.624,25.588,25.588,388.591,388.591,6900.0
0.6241,26.874,26.874,388.444,388.444,6900.0
0.6242,28.194,28.194,388.336,388.336,6900.0
0.6243,29.476,29.476,388.271,388.271,6900.0
0.6244,30.673,30.673,388.248,388.248,6900.0
0.6245,31.836,31.836,388.266,388.266,6900.0
0.6246,33.112,33.112,388.324,388.324,6900.0
0.6247,34.293,34.293,388.443,388.443,6900.0
0.6248,35.461,35.461,388.632,388.632,6900.0
0.6249,36.356,36.356,388.888,388.888,6900.0
0.625,37.106,37.106,389.187,389.187,6900.0
0.6251,38.093,38.093,389.518,389.518,6900.0
0.6252,38.945,38.945,389.901,389.901,6900.0
0.6253,39.868,39.868,390.335,390.335,6900.0
0.6254,40.406,40.406,390.822,390.822,6900.0
0.6255,40.862,40.862,391.321,391.321,6900.0
0.6256,41.592,41.592,391.826,391.826,6900.0
0.6257,42.105,42.105,392.363,392.363,6900.0
0.6258,42.827,42.827,392.925,392.925,6900.0
0.6259,43.244,43.244,393.541,393.541,6900.0
0.626,43.421,43.421,394.175,394.175,6900.0
0.6261,43.922,43.922,394.826,394.826,6900.0
0.6262,44.155,44.155,395.516,395.516,6900.0
0.6263,44.413,44.413,396.223,396.223,6900.0
0.6264,44.517,44.517,396.975,396.975,6900.0
0.6265,44.349,44.349,397.728,397.728,6900.0
0.6266,44.485,44.485,398.477,398.477,6900.0
0.6267,44.304,44.304,399.232,399.232,6900.0
0.6268,44.137,44.137,399.958,399.958,6900.0
0.6269,44.09,44.09,400.687,400.687,6900.0
0.627,43.72,43.72,401.402,401.402,6900.0
0.6271,43.645,43.645,402.108,402.108,6900.0
0.6272,43.269,43.269,402.812,402.812,6900.0
0.6273,42.849,42.849,403.487,403.487,6900.0
0.6274,42.562,42.562,404.154,404.154,6900.0
0.6275,42.076,42.076,404.81,404.81,6900.0
0.6276,41.665,41.665,405.461,405.461,6900.0
0.6277,40.981,40.981,406.099,406.099,6900.0
0.6278,40.222,40.222,406.694,406.694,6900.0
0.6279,39.702,39.702,407.248,407.248,6900.0
0.628,38.966,38.966,407.774,407.774,6900.0
0.6281,38.311,38.311,408.272,408.272,6900.0
0.6282,37.515,37.515,408.736,408.736,6900.0
0.6283,36.627,36.627,409.153,409.153,6900.0
0.6284,35.883,35.883,409.52,409.52,6900.0
0.6285,35.087,35.087,409.851,409.851,6900.0
0.6286,34.237,34.237,410.151,410.151,6900.0
0.6287,33.372,33.372,410.416,410.416,6900.0
0.6288,32.368,32.368,410.646,410.646,6900.0
0.6289,31.421,31.421,410.835,410.835,6900.0
0.629,30.358,30.358,410.983,410.983,6900.0
0.6291,29.339,29.339,411.084,411.084,6900.0
0.6292,28.328,28.328,411.143,411.143,6900.0
0.6293,27.379,27.379,411.166,411.166,6900.0
0.6294,26.179,26.179,411.157,411.157,6900.0
0.6295,24.873,24.873,411.094,411.094,6900.0
0.6296,23.695,23.695,410.964,410.964,6900.0
0.6297,22.795,22.795,410.789,410.789,6900.0
0.6298,21.826,21.826,410.588,410.588,6900.0
0.6299,20.668,20.668,410.372,410.372,6900.0
0.63,19.072,19.072,410.117,410.117,6900.0
0.6301,17.754,17.754,409.799,409.799,6900.0
0.6302,16.682,16.682,409.444,409.444,6900.0
0.6303,15.582,15.582,409.057,409.057,6900.0
0.6304,14.386,14.386,408.652,408.652,6900.0
0.6305,12.807,12.807,408.215,408.215,6900.0
0.6306,11.385,11.385,407.735,407.735,6900.0
0.6307,10.21,10.21,407.225,407.225,6900.0
0.6308,8.829,8.829,406.688,406.688,6900.0
0.6309,7.604,7.604,406.132,406.132,6900.0
0.631,6.042,6.042,405.553,405.553,6900.0
0.6311,4.553,4.553,404.949,404.949,6900.0
0.6312,3.206,3.206,404.328,404.328,6900.0
0.6313,1.783,1.783,403.69,403.69,6900.0
0.6314,0.32,0.32,403.04,403.04,6900.0
0.6315,-0.0,-0.0,402.382,402.382,6900.0
0.6316,-0.0,-0.0,401.723,401.723,6900.0
0.6317,-0.0,-0.0,401.062,401.062,6900.0
0.6318,-0.0,-0.0,400.399,400.399,6900.0
0.6319,-0.232,-0.232,399.736,399.736,6900.0
0.632,0.0,0.0,399.071,399.071,6900.0
0.6321,0.0,0.0,398.405,398.405,6900.0
0.6322,0.0,0.0,397.739,397.739,6900.0
0.6323,0.0,0.0,397.071,397.071,6900.0
0.6324,0.0,0.0,396.402,396.402,6900.0
0.6325,0.0,0.0,395.731,395.731,6900.0
0.6326,0.0,0.0,395.06,395.06,6900.0
0.6327,0.0,0.0,394.388,394.388,6900.0
0.6328,-0.898,-0.898,393.717,393.717,6900.0
0.6329,-7.758,-7.758,393.072,393.072,6900.0
0.633,-10.617,-10.617,392.487,392.487,6900.0
0.6331,-12.203,-12.203,391.928,391.928,6900.0
0.6332,-13.959,-13.959,391.388,391.388,6900.0
0.6333,-15.765,-15.765,390.885,390.885,6900.0
0.6334,-17.464,-17.464,390.434,390.434,6900.0
0.6335,-18.789,-18.789,390.035,390.035,6900.0
0.6336,-20.009,-20.009,389.671,389.671,6900.0
0.6337,-21.474,-21.474,389.341,389.341,6900.0
0.6338,-22.925,-22.925,389.055,389.055,6900.0
0.6339,-24.319,-24.319,388.817,388.817,6900.0
0.634,-25.561,-25.561,388.623,388.623,6900.0
0.6341,-26.864,-26.864,388.466,388.466,6900.0
0.6342,-28.144,-28.144,388.349,388.349,6900.0
0.6343,-29.457,-29.457,388.271,388.271,6900.0
0.6344,-30.69,-30.69,388.236,388.236,6900.0
0.6345,-32.012,-32.012,388.253,388.253,6900.0
0.6346,-33.276,-33.276,388.332,388.332,6900.0
0.6347,-34.391,-34.391,388.481,388.481,6900.0
0.6348,-35.282,-35.282,388.685,388.685,6900.0
0.6349,-36.192,-36.192,388.925,388.925,6900.0
0.635,-37.227,-37.227,389.212,389.212,6900.0
0.6351,-38.176,-38.176,389.547,389.547,6900.0
0.6352,-38.968,-38.968,389.942,389.942,6900.0
0.6353,-39.621,-39.621,390.369,390.369,6900.0
0.6354,-40.219,-40.219,390.806,390.806,6900.0
0.6355,-41.056,-41.056,391.272,391.272,6900.0
0.6356,-41.716,-41.716,391.773,391.773,6900.0
0.6357,-42.451,-42.451,392.33,392.33,6900.0
0.6358,-42.777,-42.777,392.929,392.929,6900.0
0.6359,-43.191,-43.191,393.537,393.537,6900.0
0.636,-43.645,-43.645,394.184,394.184,6900.0
0.6361,-43.844,-43.844,394.854,394.854,6900.0
0.6362,-44.264,-44.264,395.558,395.558,6900.0
0.6363,-44.269,-44.269,396.29,396.29,6900.0
0.6364,-44.355,-44.355,397.011,397.011,6900.0
0.6365,-44.446,-44.446,397.746,397.746,6900.0
0.6366,-44.341,-44.341,398.475,398.475,6900.0
0.6367,-44.475,-44.475,399.2,399.2,6900.0
0.6368,-44.268,-44.268,399.936,399.936,6900.0
0.6369,-44.191,-44.191,400.655,400.655,6900.0
0.637,-43.997,-43.997,401.387,401.387,6900.0
0.6371,-43.558,-43.558,402.106,402.106,6900.0
0.6372,-43.375,-43.375,402.802,402.802,6900.0
0.6373,-43.026,-43.026,403.501,403.501,6900.0
0.6374,-42.651,-42.651,404.183,404.183,6900.0
0.6375,-42.159,-42.159,404.865,404.865,6900.0
0.6376,-41.458,-41.458,405.518,405.518,6900.0
0.6377,-40.948,-40.948,406.123,406.123,6900.0
0.6378,-40.37,-40.37,406.705,406.705,6900.0
0.6379,-39.798,-39.798,407.258,407.258,6900.0
0.638,-39.121,-39.121,407.793,407.793,6900.0
0.6381,-38.259,-38.259,408.291,408.291,6900.0
0.6382,-37.491,-37.491,408.737,408.737,6900.0
0.6383,-36.808,-36.808,409.148,409.148,6900.0
0.6384,-36.105,-36.105,409.528,409.528,6900.0
0.6385,-35.199,-35.199,409.883,409.883,6900.0
0.6386,-34.27,-34.27,410.199,410.199,6900.0
0.6387,-33.352,-33.352,410.472,410.472,6900.0
0.6388,-32.393,-32.393,410.701,410.701,6900.0
0.6389,-31.417,-31.417,410.887,410.887,6900.0
0.639,-30.447,-30.447,411.029,411.029,6900.0
0.6391,-29.428,-29.428,411.133,411.133,6900.0
0.6392,-28.46,-28.46,411.2,411.2,6900.0
0.6393,-27.329,-27.329,411.225,411.225,6900.0
0.6394,-26.065,-26.065,411.195,411.195,6900.0
0.6395,-25.045,-25.045,411.111,411.111,6900.0
0.6396,-24.119,-24.119,410.993,410.993,6900.0
0.6397,-23.118,-23.118,410.853,410.853,6900.0
0.6398,-21.714,-21.714,410.683,410.683,6900.0
0.6399,-20.188,-20.188,410.45,410.45,6900.0
0.64,-19.103,-19.103,410.16,410.16,6900.0
0.6401,-18.039,-18.039,409.835,409.835,6900.0
0.6402,-17.046,-17.046,409.49,409.49,6900.0
0.6403,-15.71,-15.71,409.125,409.125,6900.0
0.6404,-14.096,-14.096,408.718,408.718,6900.0
0.6405,-12.908,-12.908,408.269,408.269,6900.0
0.6406,-11.599,-11.599,407.793,407.793,6900.0
0.6407,-10.429,-10.429,407.291,407.291,6900.0
0.6408,-8.983,-8.983,406.767,406.767,6900.0
0.6409,-7.363,-7.363,406.213,406.213,6900.0
0.641,-6.087,-6.087,405.629,405.629,6900.0
0.6411,-4.603,-4.603,405.026,405.026,6900.0
0.6412,-3.275,-3.275,404.404,404.404,6900.0
0.6413,-1.849,-1.849,403.767,403.767,6900.0
0.6414,-0.385,-0.385,403.117,403.117,6900.0
0.6415,0.0,0.0,402.459,402.459,6900.0
0.6416,0.0,0.0,401.8,401.8,6900.0
0.6417,0.0,0.0,401.139,401.139,6900.0
0.6418,0.0,0.0,400.477,400.477,6900.0
0.6419,0.0,0.0,399.813,399.813,6900.0
0.642,-0.0,-0.0,399.149,399.149,6900.0
0.6421,-0.0,-0.0,398.483,398.483,6900.0
0.6422,-0.0,-0.0,397.816,397.816,6900.0
0.6423,-0.0,-0.0,397.149,397.149,6900.0
0.6424,-0.0,-0.0,396.48,396.48,6900.0
0.6425,-0.0,-0.0,395.81,395.81,6900.0
0.6426,-0.0,-0.0,395.138,395.138,6900.0
0.6427,-0.0,-0.0,394.466,394.466,6900.0
0.6428,0.915,0.915,393.796,393.796,6900.0
0.6429,7.2,7.2,393.15,393.15,6900.0
0.643,10.343,10.343,392.546,392.546,6900.0
0.6431,12.373,12.373,391.976,391.976,6900.0
0.6432,14.262,14.262,391.444,391.444,6900.0
0.6433,15.791,15.791,390.962,390.962,6900.0
0.6434,17.01,17.01,390.514,390.514,6900.0
0.6435,18.458,18.458,390.092,390.092,6900.0
0.6436,20.039,20.039,389.708,389.708,6900.0
0.6437,21.578,21.578,389.375,389.375,6900.0
0.6438,22.956,22.956,389.097,389.097,6900.0
0.6439,24.202,24.202,388.863,388.863,6900.0
0.644,25.513,25.513,388.665,388.665,6900.0
0.6441,26.803,26.803,388.507,388.507,6900.0
0.6442,28.126,28.126,388.388,388.388,6900.0
0.6443,29.421,29.421,388.312,388.312,6900.0
0.6444,30.73,30.73,388.283,388.283,6900.0
0.6445,31.989,31.989,388.312,388.312,6900.0
0.6446,33.087,33.087,388.396,388.396,6900.0
0.6447,34.112,34.112,388.526,388.526,6900.0
0.6448,35.268,35.268,388.698,388.698,6900.0
0.6449,36.262,36.262,388.93,388.93,6900.0
0.645,37.376,37.376,389.225,389.225,6900.0
0.6451,38.097,38.097,389.581,389.581,6900.0
0.6452,38.742,38.742,389.964,389.964,6900.0
0.6453,39.605,39.605,390.366,390.366,6900.0
0.6454,40.368,40.368,390.809,390.809,6900.0
0.6455,41.205,41.205,391.294,391.294,6900.0
0.6456,41.699,41.699,391.832,391.832,6900.0
0.6457,42.076,42.076,392.384,392.384,6900.0
0.6458,42.755,42.755,392.949,392.949,6900.0
0.6459,43.185,43.185,393.553,393.553,6900.0
0.646,43.717,43.717,394.184,394.184,6900.0
0.6461,43.943,43.943,394.871,394.871,6900.0
0.6462,44.04,44.04,395.567,395.567,6900.0
0.6463,44.34,44.34,396.275,396.275,6900.0
0.6464,44.421,44.421,397.005,397.005,6900.0
0.6465,44.483,44.483,397.733,397.733,6900.0
0.6466,44.52,44.52,398.484,398.484,6900.0
0.6467,44.287,44.287,399.226,399.226,6900.0
0.6468,44.371,44.371,399.959,399.959,6900.0
0.6469,44.093,44.093,400.696,400.696,6900.0
0.647,43.83,43.83,401.405,401.405,6900.0
0.6471,43.695,43.695,402.115,402.115,6900.0
0.6472,43.321,43.321,402.816,402.816,6900.0
0.6473,43.091,43.091,403.516,403.516,6900.0
0.6474,42.6,42.6,404.212,404.212,6900.0
0.6475,41.994,41.994,404.874,404.874,6900.0
0.6476,41.611,41.611,405.512,405.512,6900.0
0.6477,41.006,41.006,406.129,406.129,6900.0
0.6478,40.497,40.497,406.728,406.728,6900.0
0.6479,39.757,39.757,407.301,407.301,6900.0
0.648,38.934,38.934,407.827,407.827,6900.0
0.6481,38.325,38.325,408.305,408.305,6900.0
0.6482,37.629,37.629,408.752,408.752,6900.0
0.6483,36.875,36.875,409.175,409.175,6900.0
0.6484,36.058,36.058,409.566,409.566,6900.0
0.6485,35.158,35.158,409.916,409.916,6900.0
0.6486,34.302,34.302,410.222,410.222,6900.0
0.6487,33.399,33.399,410.491,410.491,6900.0
0.6488,32.487,32.487,410.722,410.722,6900.0
0.6489,31.514,31.514,410.916,410.916,6900.0
0.649,30.519,30.519,411.069,411.069,6900.0
0.6491,29.45,29.45,411.183,411.183,6900.0
0.6492,28.318,28.318,411.248,411.248,6900.0
0.6493,27.237,27.237,411.256,411.256,6900.0
0.6494,26.304,26.304,411.22,411.22,6900.0
0.6495,25.321,25.321,411.153,411.153,6900.0
0.6496,24.13,24.13,411.06,411.06,6900.0
0.6497,22.724,22.724,410.919,410.919,6900.0
0.6498,21.511,21.511,410.713,410.713,6900.0
0.6499,20.561,20.561,410.464,410.464,6900.0
0.65,19.58,19.58,410.191,410.191,6900.0
0.6501,18.396,18.396,409.906,409.906,6900.0
0.6502,16.761,16.761,409.586,409.586,6900.0
0.6503,15.384,15.384,409.21,409.21,6900.0
0.6504,14.23,14.23,408.796,408.796,6900.0
0.6505,13.001,13.001,408.349,408.349,6900.0
0.6506,11.739,11.739,407.878,407.878,6900.0
0.6507,10.213,10.213,407.376,407.376,6900.0
0.6508,8.806,8.806,406.838,406.838,6900.0
0.6509,7.576,7.576,406.275,406.275,6900.0
0.651,6.183,6.183,405.69,405.69,6900.0
0.6511,4.912,4.912,405.088,405.088,6900.0
0.6512,3.38,3.38,404.47,404.47,6900.0
0.6513,1.879,1.879,403.835,403.835,6900.0
0.6514,0.498,0.498,403.186,403.186,6900.0
0.6515,-0.0,-0.0,402.529,402.529,6900.0
0.6516,-0.0,-0.0,401.87,401.87,6900.0
0.6517,-0.0,-0.0,401.209,401.209,6900.0
0.6518,-0.0,-0.0,400.547,400.547,6900.0
0.6519,-0.02,-0.02,399.884,399.884,6900.0
0.652,0.0,0.0,399.219,399.219,6900.0
0.6521,0.0,0.0,398.554,398.554,6900.0
0.6522,0.0,0.0,397.887,397.887,6900.0
0.6523,0.0,0.0,397.22,397.22,6900.0
0.6524,0.0,0.0,396.551,396.551,6900.0
0.6525,0.0,0.0,395.881,395.881,6900.0
0.6526,0.0,0.0,395.21,395.21,6900.0
0.6527,0.0,0.0,394.538,394.538,6900.0
0.6528,-0.377,-0.377,393.866,393.866,6900.0
0.6529,-6.975,-6.975,393.21,393.21,6900.0
0.653,-10.59,-10.59,392.604,392.604,6900.0
0.6531,-12.685,-12.685,392.049,392.049,6900.0
0.6532,-14.001,-14.001,391.535,391.535,6900.0
0.6533,-15.261,-15.261,391.038,391.038,6900.0
0.6534,-16.89,-16.89,390.566,390.566,6900.0
0.6535,-18.609,-18.609,390.136,390.136,6900.0
0.6536,-20.198,-20.198,389.763,389.763,6900.0
0.6537,-21.503,-21.503,389.444,389.444,6900.0
0.6538,-22.732,-22.732,389.166,389.166,6900.0
0.6539,-24.111,-24.111,388.925,388.925,6900.0
0.654,-25.461,-25.461,388.725,388.725,6900.0
0.6541,-26.801,-26.801,388.569,388.569,6900.0
0.6542,-28.048,-28.048,388.455,388.455,6900.0
0.6543,-29.339,-29.339,388.383,388.383,6900.0
0.6544,-30.571,-30.571,388.357,388.357,6900.0
0.6545,-31.778,-31.778,388.375,388.375,6900.0
0.6546,-32.909,-32.909,388.435,388.435,6900.0
0.6547,-34.187,-34.187,388.55,388.55,6900.0
0.6548,-35.366,-35.366,388.729,388.729,6900.0
0.6549,-36.379,-36.379,388.984,388.984,6900.0
0.655,-37.114,-37.114,389.293,389.293,6900.0
0.6551,-37.901,-37.901,389.628,389.628,6900.0
0.6552,-38.779,-38.779,390.004,390.004,6900.0
0.6553,-39.643,-39.643,390.416,390.416,6900.0
0.6554,-40.389,-40.389,390.882,390.882,6900.0
0.6555,-40.915,-40.915,391.377,391.377,6900.0
0.6556,-41.433,-41.433,391.874,391.874,6900.0
0.6557,-42.169,-42.169,392.401,392.401,6900.0
0.6558,-42.693,-42.693,392.959,392.959,6900.0
0.6559,-43.345,-43.345,393.571,393.571,6900.0
0.656,-43.554,-43.554,394.227,394.227,6900.0
0.6561,-43.84,-43.84,394.891,394.891,6900.0
0.6562,-44.154,-44.154,395.591,395.591,6900.0
0.6563,-44.233,-44.233,396.306,396.306,6900.0
0.6564,-44.508,-44.508,397.041,397.041,6900.0
0.6565,-44.388,-44.388,397.795,397.795,6900.0
0.6566,-44.373,-44.373,398.529,398.529,6900.0
0.6567,-44.359,-44.359,399.27,399.27,6900.0
0.6568,-44.074,-44.074,399.997,399.997,6900.0
0.6569,-44.158,-44.158,400.705,400.705,6900.0
0.657,-43.867,-43.867,401.424,401.424,6900.0
0.6571,-43.72,-43.72,402.124,402.124,6900.0
0.6572,-43.429,-43.429,402.838,402.838,6900.0
0.6573,-42.894,-42.894,403.537,403.537,6900.0
0.6574,-42.618,-42.618,404.206,404.206,6900.0
0.6575,-42.126,-42.126,404.875,404.875,6900.0
0.6576,-41.689,-41.689,405.522,405.522,6900.0
0.6577,-41.069,-41.069,406.163,406.163,6900.0
0.6578,-40.293,-40.293,406.768,406.768,6900.0
0.6579,-39.662,-39.662,407.319,407.319,6900.0
0.658,-39.004,-39.004,407.837,407.837,6900.0
0.6581,-38.41,-38.41,408.32,408.32,6900.0
0.6582,-37.666,-37.666,408.78,408.78,6900.0
0.6583,-36.815,-36.815,409.202,409.202,6900.0
0.6584,-35.966,-35.966,409.576,409.576,6900.0
0.6585,-35.203,-35.203,409.916,409.916,6900.0
0.6586,-34.38,-34.38,410.225,410.225,6900.0
0.6587,-33.478,-33.478,410.503,410.503,6900.0
0.6588,-32.511,-32.511,410.746,410.746,6900.0
0.6589,-31.502,-31.502,410.948,410.948,6900.0
0.659,-30.473,-30.473,411.103,411.103,6900.0
0.6591,-29.362,-29.362,411.208,411.208,6900.0
0.6592,-28.368,-28.368,411.262,411.262,6900.0
0.6593,-27.409,-27.409,411.276,411.276,6900.0
0.6594,-26.406,-26.406,411.258,411.258,6900.0
0.6595,-25.176,-25.176,411.201,411.201,6900.0
0.6596,-23.827,-23.827,411.087,411.087,6900.0
0.6597,-22.853,-22.853,410.917,410.917,6900.0
0.6598,-21.9,-21.9,410.717,410.717,6900.0
0.6599,-20.915,-20.915,410.5,410.5,6900.0
0.66,-19.452,-19.452,410.262,410.262,6900.0
0.6601,-17.871,-17.871,409.966,409.966,6900.0
0.6602,-16.738,-16.738,409.615,409.615,6900.0
0.6603,-15.541,-15.541,409.23,409.23,6900.0
0.6604,-14.505,-14.505,408.817,408.817,6900.0
0.6605,-13.099,-13.099,408.381,408.381,6900.0
0.6606,-11.505,-11.505,407.907,407.907,6900.0
0.6607,-10.355,-10.355,407.395,407.395,6900.0
0.6608,-8.954,-8.954,406.861,406.861,6900.0
0.6609,-7.788,-7.788,406.304,406.304,6900.0
0.661,-6.309,-6.309,405.728,405.728,6900.0
0.6611,-4.773,-4.773,405.13,405.13,6900.0
0.6612,-3.389,-3.389,404.511,404.511,6900.0
0.6613,-1.907,-1.907,403.877,403.877,6900.0
0.6614,-0.475,-0.475,403.228,403.228,6900.0
0.6615,0.0,0.0,402.571,402.571,6900.0
0.6616,0.0,0.0,401.912,401.912,6900.0
0.6617,0.0,0.0,401.251,401.251,6900.0
0.6618,0.0,0.0,400.589,400.589,6900.0
0.6619,0.193,0.193,399.926,399.926,6900.0
0.662,-0.0,-0.0,399.262,399.262,6900.0
0.6621,-0.0,-0.0,398.596,398.596,6900.0
0.6622,-0.0,-0.0,397.93,397.93,6900.0
0.6623,-0.0,-0.0,397.262,397.262,6900.0
0.6624,-0.0,-0.0,396.593,396.593,6900.0
0.6625,-0.0,-0.0,395.923,395.923,6900.0
0.6626,-0.0,-0.0,395.252,395.252,6900.0
0.6627,-0.0,-0.0,394.58,394.58,6900.0
0.6628,0.334,0.334,393.909,393.909,6900.0
0.6629,7.059,7.059,393.257,393.257,6900.0
0.663,10.546,10.546,392.667,392.667,6900.0
0.6631,12.078,12.078,392.114,392.114,6900.0
0.6632,13.627,13.627,391.575,391.575,6900.0
0.6633,15.413,15.413,391.063,391.063,6900.0
0.6634,17.136,17.136,390.596,390.596,6900.0
0.6635,18.642,18.642,390.185,390.185,6900.0
0.6636,19.877,19.877,389.819,389.819,6900.0
0.6637,21.279,21.279,389.486,389.486,6900.0
0.6638,22.718,22.718,389.195,389.195,6900.0
0.6639,24.121,24.121,388.951,388.951,6900.0
0.664,25.45,25.45,388.756,388.756,6900.0
0.6641,26.71,26.71,388.602,388.602,6900.0
0.6642,27.987,27.987,388.486,388.486,6900.0
0.6643,29.231,29.231,388.409,388.409,6900.0
0.6644,30.457,30.457,388.371,388.371,6900.0
0.6645,31.755,31.755,388.375,388.375,6900.0
0.6646,32.98,32.98,388.436,388.436,6900.0
0.6647,34.235,34.235,388.564,388.564,6900.0
0.6648,35.187,35.187,388.759,388.759,6900.0
0.6649,36.059,36.059,388.999,388.999,6900.0
0.665,37.092,37.092,389.277,389.277,6900.0
0.6651,37.974,37.974,389.609,389.609,6900.0
0.6652,38.928,38.928,389.995,389.995,6900.0
0.6653,39.538,39.538,390.433,390.433,6900.0
0.6654,40.074,40.074,390.885,390.885,6900.0
0.6655,40.869,40.869,391.348,391.348,6900.0
0.6656,41.494,41.494,391.846,391.846,6900.0
0.6657,42.282,42.282,392.378,392.378,6900.0
0.6658,42.697,42.697,392.967,392.967,6900.0
0.6659,42.998,42.998,393.572,393.572,6900.0
0.666,43.536,43.536,394.195,394.195,6900.0
0.6661,43.776,43.776,394.858,394.858,6900.0
0.6662,44.21,44.21,395.54,395.54,6900.0
0.6663,44.342,44.342,396.272,396.272,6900.0
0.6664,44.267,44.267,397.008,397.008,6900.0
0.6665,44.466,44.466,397.745,397.745,6900.0
0.6666,44.308,44.308,398.495,398.495,6900.0
0.6667,44.265,44.265,399.223,399.223,6900.0
0.6668,44.286,44.286,399.959,399.959,6900.0
0.6669,43.955,43.955,400.683,400.683,6900.0
0.667,43.905,43.905,401.396,401.396,6900.0
0.6671,43.587,43.587,402.109,402.109,6900.0
0.6672,43.234,43.234,402.793,402.793,6900.0
0.6673,43.056,43.056,403.475,403.475,6900.0
0.6674,42.567,42.567,404.151,404.151,6900.0
0.6675,42.244,42.244,404.825,404.825,6900.0
0.6676,41.581,41.581,405.492,405.492,6900.0
0.6677,40.862,40.862,406.117,406.117,6900.0
0.6678,40.419,40.419,406.707,406.707,6900.0
0.6679,39.715,39.715,407.268,407.268,6900.0
0.668,39.139,39.139,407.802,407.802,6900.0
0.6681,38.32,38.32,408.303,408.303,6900.0
0.6682,37.458,37.458,408.754,408.754,6900.0
0.6683,36.823,36.823,409.156,409.156,6900.0
0.6684,36.041,36.041,409.527,409.527,6900.0
0.6685,35.274,35.274,409.871,409.871,6900.0
0.6686,34.369,34.369,410.186,410.186,6900.0
0.6687,33.452,33.452,410.463,410.463,6900.0
0.6688,32.471,32.471,410.701,410.701,6900.0
0.6689,31.516,31.516,410.897,410.897,6900.0
0.669,30.505,30.505,411.05,411.05,6900.0
0.6691,29.524,29.524,411.16,411.16,6900.0
0.6692,28.519,28.519,411.231,411.231,6900.0
0.6693,27.388,27.388,411.264,411.264,6900.0
0.6694,26.153,26.153,411.244,411.244,6900.0
0.6695,25.064,25.064,411.162,411.162,6900.0
0.6696,24.081,24.081,411.038,411.038,6900.0
0.6697,23.125,23.125,410.885,410.885,6900.0
0.6698,21.996,21.996,410.714,410.714,6900.0
0.6699,20.432,20.432,410.499,410.499,6900.0
0.67,19.124,19.124,410.218,410.218,6900.0
0.6701,18.138,18.138,409.895,409.895,6900.0
0.6702,17.082,17.082,409.546,409.546,6900.0
0.6703,15.952,15.952,409.182,409.182,6900.0
0.6704,14.342,14.342,408.788,408.788,6900.0
0.6705,12.915,12.915,408.346,408.346,6900.0
0.6706,11.714,11.714,407.872,407.872,6900.0
0.6707,10.424,10.424,407.37,407.37,6900.0
0.6708,9.16,9.16,406.845,406.845,6900.0
0.6709,7.607,7.607,406.295,406.295,6900.0
0.671,6.11,6.11,405.714,405.714,6900.0
0.6711,4.834,4.834,405.112,405.112,6900.0
0.6712,3.398,3.398,404.491,404.491,6900.0
0.6713,2.036,2.036,403.855,403.855,6900.0
0.6714,0.585,0.585,403.207,403.207,6900.0
0.6715,-0.0,-0.0,402.55,402.55,6900.0
0.6716,-0.0,-0.0,401.891,401.891,6900.0
0.6717,-0.0,-0.0,401.23,401.23,6900.0
0.6718,-0.0,-0.0,400.568,400.568,6900.0
0.6719,-0.0,-0.0,399.905,399.905,6900.0
0.672,0.0,0.0,399.24,399.24,6900.0
0.6721,0.0,0.0,398.575,398.575,6900.0
0.6722,0.0,0.0,397.908,397.908,6900.0
0.6723,0.0,0.0,397.241,397.241,6900.0
0.6724,0.0,0.0,396.572,396.572,6900.0
0.6725,0.0,0.0,395.902,395.902,6900.0
0.6726,0.0,0.0,395.231,395.231,6900.0
0.6727,0.0,0.0,394.559,394.559,6900.0
0.6728,-0.386,-0.386,393.888,393.888,6900.0
0.6729,-6.738,-6.738,393.238,393.238,6900.0
0.673,-9.98,-9.98,392.633,392.633,6900.0
0.6731,-12.102,-12.102,392.056,392.056,6900.0
0.6732,-13.964,-13.964,391.514,391.514,6900.0
0.6733,-15.719,-15.719,391.019,391.019,6900.0
0.6734,-17.056,-17.056,390.573,390.573,6900.0
0.6735,-18.262,-18.262,390.157,390.157,6900.0
0.6736,-19.79,-19.79,389.773,389.773,6900.0
0.6737,-21.342,-21.342,389.435,389.435,6900.0
0.6738,-22.796,-22.796,389.15,389.15,6900.0
0.6739,-24.07,-24.07,388.914,388.914,6900.0
0.674,-25.261,-25.261,388.715,388.715,6900.0
0.6741,-26.581,-26.581,388.549,388.549,6900.0
0.6742,-27.933,-27.933,388.421,388.421,6900.0
0.6743,-29.193,-29.193,388.334,388.334,6900.0
0.6744,-30.49,-30.49,388.292,388.292,6900.0
0.6745,-31.812,-31.812,388.303,388.303,6900.0
0.6746,-32.987,-32.987,388.376,388.376,6900.0
0.6747,-34.051,-34.051,388.505,388.505,6900.0
0.6748,-35.043,-35.043,388.677,388.677,6900.0
0.6749,-36.169,-36.169,388.906,388.906,6900.0
0.675,-37.204,-37.204,389.194,389.194,6900.0
0.6751,-38.065,-38.065,389.552,389.552,6900.0
0.6752,-38.709,-38.709,389.949,389.949,6900.0
0.6753,-39.331,-39.331,390.36,390.36,6900.0
0.6754,-40.177,-40.177,390.796,390.796,6900.0
0.6755,-40.891,-40.891,391.26,391.26,6900.0
0.6756,-41.632,-41.632,391.772,391.772,6900.0
0.6757,-42.031,-42.031,392.316,392.316,6900.0
0.6758,-42.543,-42.543,392.864,392.864,6900.0
0.6759,-43.151,-43.151,393.452,393.452,6900.0
0.676,-43.514,-43.514,394.075,394.075,6900.0
0.6761,-44.066,-44.066,394.749,394.749,6900.0
0.6762,-44.084,-44.084,395.469,395.469,6900.0
0.6763,-44.212,-44.212,396.189,396.189,6900.0
0.6764,-44.381,-44.381,396.932,396.932,6900.0
0.6765,-44.273,-44.273,397.674,397.674,6900.0
0.6766,-44.449,-44.449,398.413,398.413,6900.0
0.6767,-44.251,-44.251,399.159,399.159,6900.0
0.6768,-44.181,-44.181,399.876,399.876,6900.0
0.6769,-44.084,-44.084,400.597,400.597,6900.0
0.677,-43.735,-43.735,401.301,401.301,6900.0
0.6771,-43.712,-43.712,401.986,401.986,6900.0
0.6772,-43.401,-43.401,402.683,402.683,6900.0
0.6773,-43.151,-43.151,403.37,403.37,6900.0
0.6774,-42.736,-42.736,404.071,404.071,6900.0
0.6775,-42.071,-42.071,404.756,404.756,6900.0
0.6776,-41.6,-41.6,405.402,405.402,6900.0
0.6777,-41.028,-41.028,406.033,406.033,6900.0
0.6778,-40.482,-40.482,406.634,406.634,6900.0
0.6779,-39.782,-39.782,407.214,407.214,6900.0
0.678,-38.96,-38.96,407.749,407.749,6900.0
0.6781,-38.267,-38.267,408.226,408.226,6900.0
0.6782,-37.604,-37.604,408.665,408.665,6900.0
0.6783,-36.912,-36.912,409.07,409.07,6900.0
0.6784,-36.156,-36.156,409.452,409.452,6900.0
0.6785,-35.262,-35.262,409.801,409.801,6900.0
0.6786,-34.377,-34.377,410.11,410.11,6900.0
0.6787,-33.527,-33.527,410.384,410.384,6900.0
0.6788,-32.602,-32.602,410.626,410.626,6900.0
0.6789,-31.603,-31.603,410.832,410.832,6900.0
0.679,-30.615,-30.615,410.998,410.998,6900.0
0.6791,-29.592,-29.592,411.123,411.123,6900.0
0.6792,-28.414,-28.414,411.2,411.2,6900.0
0.6793,-27.232,-27.232,411.217,411.217,6900.0
0.6794,-26.244,-26.244,411.176,411.176,6900.0
0.6795,-25.306,-25.306,411.096,411.096,6900.0
0.6796,-24.35,-24.35,410.991,410.991,6900.0
0.6797,-23.027,-23.027,410.855,410.855,6900.0
0.6798,-21.623,-21.623,410.663,410.663,6900.0
0.6799,-20.604,-20.604,410.417,410.417,6900.0
0.68,-19.611,-19.611,410.145,410.145,6900.0
0.6801,-18.576,-18.576,409.857,409.857,6900.0
0.6802,-17.127,-17.127,409.549,409.549,6900.0
0.6803,-15.495,-15.495,409.19,409.19,6900.0
0.6804,-14.317,-14.317,408.781,408.781,6900.0
0.6805,-12.986,-12.986,408.338,408.338,6900.0
0.6806,-11.853,-11.853,407.863,407.863,6900.0
0.6807,-10.456,-10.456,407.363,407.363,6900.0
0.6808,-8.876,-8.876,406.83,406.83,6900.0
0.6809,-7.689,-7.689,406.266,406.266,6900.0
0.681,-6.32,-6.32,405.683,405.683,6900.0
0.6811,-5.097,-5.097,405.081,405.081,6900.0
0.6812,-3.65,-3.65,404.464,404.464,6900.0
0.6813,-2.103,-2.103,403.832,403.832,6900.0
0.6814,-0.661,-0.661,403.185,403.185,6900.0
0.6815,0.0,0.0,402.529,402.529,6900.0
0.6816,0.0,0.0,401.87,401.87,6900.0
0.6817,0.0,0.0,401.209,401.209,6900.0
0.6818,0.0,0.0,400.547,400.547,6900.0
0.6819,0.009,0.009,399.883,399.883,6900.0
0.682,-0.0,-0.0,399.219,399.219,6900.0
0.6821,-0.0,-0.0,398.553,398.553,6900.0
0.6822,-0.0,-0.0,397.887,397.887,6900.0
0.6823,-0.0,-0.0,397.219,397.219,6900.0
0.6824,-0.0,-0.0,396.55,396.55,6900.0
0.6825,-0.0,-0.0,395.88,395.88,6900.0
0.6826,-0.0,-0.0,395.209,395.209,6900.0
0.6827,-0.0,-0.0,394.537,394.537,6900.0
0.6828,0.002,0.002,393.866,393.866,6900.0
0.6829,6.323,6.323,393.205,393.205,6900.0
0.683,10.267,10.267,392.593,392.593,6900.0
0.6831,12.485,12.485,392.03,392.03,6900.0
0.6832,14.06,14.06,391.515,391.515,6900.0
0.6833,15.205,15.205,391.029,391.029,6900.0
0.6834,16.66,16.66,390.561,390.561,6900.0
0.6835,18.318,18.318,390.127,390.127,6900.0
0.6836,19.933,19.933,389.741,389.741,6900.0
0.6837,21.375,21.375,389.411,389.411,6900.0
0.6838,22.622,22.622,389.125,389.125,6900.0
0.6839,23.952,23.952,388.874,388.874,6900.0
0.684,25.321,25.321,388.664,388.664,6900.0
0.6841,26.673,26.673,388.498,388.498,6900.0
0.6842,27.986,27.986,388.378,388.378,6900.0
0.6843,29.252,29.252,388.304,388.304,6900.0
0.6844,30.533,30.533,388.28,388.28,6900.0
0.6845,31.675,31.675,388.304,388.304,6900.0
0.6846,32.808,32.808,388.371,388.371,6900.0
0.6847,33.998,33.998,388.481,388.481,6900.0
0.6848,35.113,35.113,388.65,388.65,6900.0
0.6849,36.264,36.264,388.886,388.886,6900.0
0.685,37.106,37.106,389.185,389.185,6900.0
0.6851,37.808,37.808,389.52,389.52,6900.0
0.6852,38.757,38.757,389.88,389.88,6900.0
0.6853,39.49,39.49,390.287,390.287,6900.0
0.6854,40.383,40.383,390.736,390.736,6900.0
0.6855,40.968,40.968,391.236,391.236,6900.0
0.6856,41.397,41.397,391.751,391.751,6900.0
0.6857,42.134,42.134,392.278,392.278,6900.0
0.6858,42.58,42.58,392.844,392.844,6900.0
0.6859,43.282,43.282,393.44,393.44,6900.0
0.686,43.582,43.582,394.096,394.096,6900.0
0.6861,43.707,43.707,394.765,394.765,6900.0
0.6862,44.106,44.106,395.446,395.446,6900.0
0.6863,44.242,44.242,396.156,396.156,6900.0
0.6864,44.415,44.415,396.871,396.871,6900.0
0.6865,44.534,44.534,397.617,397.617,6900.0
0.6866,44.353,44.353,398.36,398.36,6900.0
0.6867,44.421,44.421,399.099,399.099,6900.0
0.6868,44.257,44.257,399.842,399.842,6900.0
0.6869,44.065,44.065,400.561,400.561,6900.0
0.687,43.987,43.987,401.283,401.283,6900.0
0.6871,43.64,43.64,401.994,401.994,6900.0
0.6872,43.481,43.481,402.699,402.699,6900.0
0.6873,43.015,43.015,403.402,403.402,6900.0
0.6874,42.493,42.493,404.072,404.072,6900.0
0.6875,42.205,42.205,404.727,404.727,6900.0
0.6876,41.668,41.668,405.368,405.368,6900.0
0.6877,41.231,41.231,405.999,405.999,6900.0
0.6878,40.487,40.487,406.614,406.614,6900.0
0.6879,39.719,39.719,407.182,407.182,6900.0
0.688,39.12,39.12,407.708,407.708,6900.0
0.6881,38.436,38.436,408.199,408.199,6900.0
0.6882,37.759,37.759,408.664,408.664,6900.0
0.6883,36.921,36.921,409.095,409.095,6900.0
0.6884,36.053,36.053,409.48,409.48,6900.0
0.6885,35.271,35.271,409.819,409.819,6900.0
0.6886,34.443,34.443,410.124,410.124,6900.0
0.6887,33.561,33.561,410.398,410.398,6900.0
0.6888,32.66,32.66,410.638,410.638,6900.0
0.6889,31.651,31.651,410.842,410.842,6900.0
0.689,30.621,30.621,411.004,411.004,6900.0
0.6891,29.535,29.535,411.12,411.12,6900.0
0.6892,28.484,28.484,411.184,411.184,6900.0
0.6893,27.498,27.498,411.202,411.202,6900.0
0.6894,26.525,26.525,411.185,411.185,6900.0
0.6895,25.397,25.397,411.136,411.136,6900.0
0.6896,24.022,24.022,411.038,411.038,6900.0
0.6897,22.882,22.882,410.877,410.877,6900.0
0.6898,21.922,21.922,410.674,410.674,6900.0
0.6899,20.938,20.938,410.448,410.448,6900.0
0.69,19.817,19.817,410.208,410.208,6900.0
0.6901,18.176,18.176,409.929,409.929,6900.0
0.6902,16.813,16.813,409.588,409.588,6900.0
0.6903,15.698,15.698,409.207,409.207,6900.0
0.6904,14.544,14.544,408.794,408.794,6900.0
0.6905,13.349,13.349,408.359,408.359,6900.0
0.6906,11.803,11.803,407.894,407.894,6900.0
0.6907,10.349,10.349,407.388,407.388,6900.0
0.6908,9.144,9.144,406.855,406.855,6900.0
0.6909,7.844,7.844,406.298,406.298,6900.0
0.691,6.542,6.542,405.723,405.723,6900.0
0.6911,5.012,5.012,405.127,405.127,6900.0
0.6912,3.513,3.513,404.51,404.51,6900.0
0.6913,2.106,2.106,403.877,403.877,6900.0
0.6914,0.629,0.629,403.23,403.23,6900.0
0.6915,-0.0,-0.0,402.573,402.573,6900.0
0.6916,-0.0,-0.0,401.914,401.914,6900.0
0.6917,-0.0,-0.0,401.253,401.253,6900.0
0.6918,-0.0,-0.0,400.591,400.591,6900.0
0.6919,-0.013,-0.013,399.928,399.928,6900.0
0.692,0.0,0.0,399.263,399.263,6900.0
0.6921,0.0,0.0,398.598,398.598,6900.0
0.6922,0.0,0.0,397.932,397.932,6900.0
0.6923,0.0,0.0,397.264,397.264,6900.0
0.6924,0.0,0.0,396.595,396.595,6900.0
0.6925,0.0,0.0,395.925,395.925,6900.0
0.6926,0.0,0.0,395.254,395.254,6900.0
0.6927,0.0,0.0,394.582,394.582,6900.0
0.6928,-0.0,-0.0,393.911,393.911,6900.0
0.6929,-6.431,-6.431,393.253,393.253,6900.0
0.693,-10.442,-10.442,392.654,392.654,6900.0
0.6931,-12.112,-12.112,392.103,392.103,6900.0
0.6932,-13.447,-13.447,391.568,391.568,6900.0
0.6933,-15.146,-15.146,391.051,391.051,6900.0
0.6934,-16.897,-16.897,390.573,390.573,6900.0
0.6935,-18.571,-18.571,390.148,390.148,6900.0
0.6936,-19.927,-19.927,389.778,389.778,6900.0
0.6937,-21.138,-21.138,389.447,389.447,6900.0
0.6938,-22.57,-22.57,389.153,389.153,6900.0
0.6939,-24.001,-24.001,388.905,388.905,6900.0
0.694,-25.372,-25.372,388.706,388.706,6900.0
0.6941,-26.624,-26.624,388.553,388.553,6900.0
0.6942,-27.841,-27.841,388.439,388.439,6900.0
0.6943,-29.13,-29.13,388.362,388.362,6900.0
0.6944,-30.349,-30.349,388.324,388.324,6900.0
0.6945,-31.56,-31.56,388.324,388.324,6900.0
0.6946,-32.857,-32.857,388.373,388.373,6900.0
0.6947,-34.103,-34.103,388.482,388.482,6900.0
0.6948,-35.162,-35.162,388.662,388.662,6900.0
0.6949,-36.091,-36.091,388.897,388.897,6900.0
0.695,-36.946,-36.946,389.173,389.173,6900.0
0.6951,-37.957,-37.957,389.498,389.498,6900.0
0.6952,-38.877,-38.877,389.875,389.875,6900.0
0.6953,-39.622,-39.622,390.317,390.317,6900.0
0.6954,-40.166,-40.166,390.791,390.791,6900.0
0.6955,-40.727,-40.727,391.269,391.269,6900.0
0.6956,-41.464,-41.464,391.771,391.771,6900.0
0.6957,-42.055,-42.055,392.296,392.296,6900.0
0.6958,-42.716,-42.716,392.866,392.866,6900.0
0.6959,-43.05,-43.05,393.469,393.469,6900.0
0.696,-43.396,-43.396,394.078,394.078,6900.0
0.6961,-43.888,-43.888,394.724,394.724,6900.0
0.6962,-44.1,-44.1,395.399,395.399,6900.0
0.6963,-44.488,-44.488,396.113,396.113,6900.0
0.6964,-44.419,-44.419,396.865,396.865,6900.0
0.6965,-44.449,-44.449,397.61,397.61,6900.0
0.6966,-44.469,-44.469,398.372,398.372,6900.0
0.6967,-44.253,-44.253,399.122,399.122,6900.0
0.6968,-44.318,-44.318,399.857,399.857,6900.0
0.6969,-44.033,-44.033,400.592,400.592,6900.0
0.697,-43.897,-43.897,401.298,401.298,6900.0
0.6971,-43.701,-43.701,402.006,402.006,6900.0
0.6972,-43.259,-43.259,402.697,402.697,6900.0
0.6973,-43.105,-43.105,403.361,403.361,6900.0
0.6974,-42.704,-42.704,404.033,404.033,6900.0
0.6975,-42.337,-42.337,404.694,404.694,6900.0
0.6976,-41.815,-41.815,405.36,405.36,6900.0
0.6977,-41.092,-41.092,406.004,406.004,6900.0
0.6978,-40.496,-40.496,406.602,406.602,6900.0
0.6979,-39.869,-39.869,407.177,407.177,6900.0
0.698,-39.241,-39.241,407.718,407.718,6900.0
0.6981,-38.446,-38.446,408.232,408.232,6900.0
0.6982,-37.628,-37.628,408.698,408.698,6900.0
0.6983,-36.826,-36.826,409.109,409.109,6900.0
0.6984,-36.086,-36.086,409.478,409.478,6900.0
0.6985,-35.392,-35.392,409.812,409.812,6900.0
0.6986,-34.551,-34.551,410.12,410.12,6900.0
0.6987,-33.584,-33.584,410.396,410.396,6900.0
0.6988,-32.679,-32.679,410.634,410.634,6900.0
0.6989,-31.717,-31.717,410.836,410.836,6900.0
0.699,-30.658,-30.658,410.999,410.999,6900.0
0.6991,-29.664,-29.664,411.118,411.118,6900.0
0.6992,-28.65,-28.65,411.199,411.199,6900.0
0.6993,-27.627,-27.627,411.241,411.241,6900.0
0.6994,-26.375,-26.375,411.237,411.237,6900.0
0.6995,-25.092,-25.092,411.171,411.171,6900.0
0.6996,-24.088,-24.088,411.045,411.045,6900.0
0.6997,-23.167,-23.167,410.883,410.883,6900.0
0.6998,-22.199,-22.199,410.7,410.7,6900.0
0.6999,-20.81,-20.81,410.493,410.493,6900.0
0.7,-19.27,-19.27,410.228,410.228,6900.0
0.7001,-29.927,-19.931,409.867,409.867,6900.0
0.7002,-27.508,-17.526,409.701,409.701,6900.0
0.7003,-26.071,-16.113,409.483,409.483,6900.0
0.7004,-24.555,-14.63,409.24,409.24,6900.0
0.7005,-22.907,-13.025,408.949,408.949,6900.0
0.7006,-21.691,-11.863,408.608,408.608,6900.0
0.7007,-20.244,-10.478,408.239,408.239,6900.0
0.7008,-18.997,-9.303,407.84,407.84,6900.0
0.7009,-17.404,-7.792,407.417,407.417,6900.0
0.701,-15.684,-6.164,406.953,406.953,6900.0
0.7011,-14.252,-4.833,406.446,406.446,6900.0
0.7012,-12.685,-3.375,405.909,405.909,6900.0
0.7013,-11.182,-1.992,405.341,405.341,6900.0
0.7014,-9.622,-0.56,404.751,404.751,6900.0
0.7015,-4.236,4.688,404.152,404.152,6900.0
0.7016,0.0,8.778,403.502,403.502,6900.0
0.7017,0.0,8.624,402.843,402.843,6900.0
0.7018,0.0,8.46,402.184,402.184,6900.0
0.7019,0.0,8.289,401.523,401.523,6900.0
0.702,-0.0,8.108,400.861,400.861,6900.0
0.7021,-0.0,7.92,400.199,400.199,6900.0
0.7022,-0.0,7.725,399.535,399.535,6900.0
0.7023,-0.0,7.522,398.87,398.87,6900.0
0.7024,-0.0,7.311,398.204,398.204,6900.0
0.7025,-0.0,7.093,397.537,397.537,6900.0
0.7026,-0.0,6.868,396.868,396.868,6900.0
0.7027,-0.0,6.636,396.199,396.199,6900.0
0.7028,-0.0,6.398,395.528,395.528,6900.0
0.7029,-0.0,6.154,394.857,394.857,6900.0
0.703,-0.0,5.903,394.184,394.184,6900.0
0.7031,-0.0,5.647,393.51,393.51,6900.0
0.7032,-0.0,5.385,392.835,392.835,6900.0
0.7033,-0.0,5.117,392.158,392.158,6900.0
0.7034,-0.0,4.845,391.481,391.481,6900.0
0.7035,6.498,11.066,390.82,390.82,6900.0
0.7036,16.235,20.521,390.274,390.274,6900.0
0.7037,19.896,23.896,389.856,389.856,6900.0
0.7038,22.03,25.74,389.507,389.507,6900.0
0.7039,23.836,27.253,389.214,389.214,6900.0
0.704,25.501,28.621,388.973,388.973,6900.0
0.7041,27.158,29.978,388.787,388.787,6900.0
0.7042,28.81,31.328,388.663,388.663,6900.0
0.7043,30.365,32.577,388.606,388.606,6900.0
0.7044,31.907,33.811,388.616,388.616,6900.0
0.7045,33.374,34.969,388.695,388.695,6900.0
0.7046,34.744,36.029,388.845,388.845,6900.0
0.7047,35.977,36.95,389.05,389.05,6900.0
0.7048,37.184,37.844,389.29,389.29,6900.0
0.7049,38.472,38.817,389.558,389.558,6900.0
0.705,39.735,39.767,389.867,389.867,6900.0
0.7051,41.118,40.835,390.23,390.23,6900.0
0.7052,42.188,41.591,390.653,390.653,6900.0
0.7053,43.15,42.24,391.112,391.112,6900.0
0.7054,44.334,43.112,391.608,391.608,6900.0
0.7055,45.298,43.765,392.174,392.174,6900.0
0.7056,46.404,44.561,392.81,392.81,6900.0
0.7057,47.107,44.956,393.53,393.53,6900.0
0.7058,47.621,45.165,394.285,394.285,6900.0
0.7059,48.38,45.621,395.062,395.062,6900.0
0.706,48.885,45.825,395.878,395.878,6900.0
0.7061,49.515,46.157,396.709,396.709,6900.0
0.7062,49.91,46.258,397.579,397.579,6900.0
0.7063,50.12,46.177,398.442,398.442,6900.0
0.7064,50.632,46.403,399.299,399.299,6900.0
0.7065,50.899,46.387,400.174,400.174,6900.0
0.7066,51.202,46.412,401.048,401.048,6900.0
0.7067,51.503,46.44,401.962,401.962,6900.0
0.7068,51.471,46.139,402.892,402.892,6900.0
0.7069,51.705,46.11,403.84,403.84,6900.0
0.707,51.506,45.654,404.817,404.817,6900.0
0.7071,51.311,45.207,405.777,405.777,6900.0
0.7072,51.227,44.877,406.741,406.741,6900.0
0.7073,50.854,44.264,407.69,407.69,6900.0
0.7074,50.69,43.867,408.621,408.621,6900.0
0.7075,50.197,43.149,409.532,409.532,6900.0
0.7076,49.724,42.456,410.386,410.386,6900.0
0.7077,49.463,41.983,411.204,411.204,6900.0
0.7078,49.003,41.318,411.997,411.997,6900.0
0.7079,48.645,40.763,412.777,412.777,6900.0
0.708,48.02,39.949,413.545,413.545,6900.0
0.7081,47.33,39.077,414.277,414.277,6900.0
0.7082,46.766,38.34,414.975,414.975,6900.0
0.7083,46.12,37.528,415.651,415.651,6900.0
0.7084,45.432,36.685,416.308,416.308,6900.0
0.7085,44.531,35.636,416.934,416.934,6900.0
0.7086,43.651,34.616,417.508,417.508,6900.0
0.7087,42.803,33.638,418.025,418.025,6900.0
0.7088,41.933,32.647,418.49,418.49,6900.0
0.7089,41.024,31.625,418.903,418.903,6900.0
0.709,40.161,30.66,419.267,419.267,6900.0
0.7091,39.279,29.685,419.588,419.588,6900.0
0.7092,38.276,28.598,419.872,419.872,6900.0
0.7093,37.236,27.484,420.107,420.107,6900.0
0.7094,36.208,26.391,420.287,420.287,6900.0
0.7095,35.267,25.395,420.426,420.426,6900.0
0.7096,34.317,24.4,420.539,420.539,6900.0
0.7097,33.173,23.22,420.632,420.632,6900.0
0.7098,31.716,21.738,420.672,420.672,6900.0
0.7099,30.51,20.516,420.631,420.631,6900.0
0.71,29.533,19.533,420.536,420.536,6900.0
0.7101,28.596,18.6,420.409,420.409,6900.0
0.7102,27.434,17.452,420.266,420.266,6900.0
0.7103,25.88,15.922,420.081,420.081,6900.0
0.7104,24.53,14.605,419.828,419.828,6900.0
0.7105,23.451,13.569,419.531,419.531,6900.0
0.7106,22.282,12.453,419.198,419.198,6900.0
0.7107,21.117,11.351,418.844,418.844,6900.0
0.7108,19.629,9.936,418.46,418.46,6900.0
0.7109,18.202,8.59,418.031,418.031,6900.0
0.711,16.963,7.443,417.572,417.572,6900.0
0.7111,15.623,6.203,417.084,417.084,6900.0
0.7112,14.288,4.979,416.573,416.573,6900.0
0.7113,12.832,3.642,416.039,416.039,6900.0
0.7114,11.335,2.273,415.48,415.48,6900.0
0.7115,9.947,1.023,414.898,414.898,6900.0
0.7116,8.366,-0.413,414.299,414.299,6900.0
0.7117,-0.0,-8.624,413.686,413.686,6900.0
0.7118,-0.0,-8.46,413.044,413.044,6900.0
0.7119,-0.0,-8.289,412.401,412.401,6900.0
0.712,0.0,-8.108,411.757,411.757,6900.0
0.7121,0.0,-7.92,411.111,411.111,6900.0
0.7122,0.0,-7.725,410.465,410.465,6900.0
0.7123,0.0,-7.522,409.818,409.818,6900.0
0.7124,0.0,-7.311,409.17,409.17,6900.0
0.7125,0.0,-7.093,408.52,408.52,6900.0
0.7126,0.0,-6.868,407.87,407.87,6900.0
0.7127,0.0,-6.636,407.219,407.219,6900.0
0.7128,0.0,-6.398,406.566,406.566,6900.0
0.7129,0.0,-6.154,405.913,405.913,6900.0
0.713,0.0,-5.903,405.258,405.258,6900.0
0.7131,0.0,-5.647,404.603,404.603,6900.0
0.7132,0.0,-5.385,403.946,403.946,6900.0
0.7133,0.0,-5.117,403.288,403.288,6900.0
0.7134,-0.252,-5.097,402.633,402.633,6900.0
0.7135,-9.935,-14.503,402.021,402.021,6900.0
0.7136,-14.721,-19.007,401.52,401.52,6900.0
0.7137,-16.954,-20.955,401.096,401.096,6900.0
0.7138,-18.408,-22.119,400.724,400.724,6900.0
0.7139,-19.769,-23.186,400.39,400.39,6900.0
0.714,-21.25,-24.37,400.097,400.097,6900.0
0.7141,-22.653,-25.473,399.855,399.855,6900.0
0.7142,-23.991,-26.508,399.665,399.665,6900.0
0.7143,-25.293,-27.505,399.531,399.531,6900.0
0.7144,-26.542,-28.447,399.45,399.45,6900.0
0.7145,-27.662,-29.257,399.42,399.42,6900.0
0.7146,-28.768,-30.053,399.427,399.427,6900.0
0.7147,-29.813,-30.786,399.462,399.462,6900.0
0.7148,-30.963,-31.622,399.529,399.529,6900.0
0.7149,-32.213,-32.559,399.632,399.632,6900.0
0.715,-33.251,-33.282,399.79,399.79,6900.0
0.7151,-34.179,-33.897,399.985,399.985,6900.0
0.7152,-35.1,-34.503,400.21,400.21,6900.0
0.7153,-36.183,-35.273,400.485,400.485,6900.0
0.7154,-37.157,-35.935,400.817,400.817,6900.0
0.7155,-38.007,-36.473,401.227,401.227,6900.0
0.7156,-38.509,-36.666,401.687,401.687,6900.0
0.7157,-39.081,-36.93,402.163,402.163,6900.0
0.7158,-39.729,-37.272,402.672,402.672,6900.0
0.7159,-40.245,-37.485,403.2,403.2,6900.0
0.716,-40.861,-37.801,403.759,403.759,6900.0
0.7161,-41.137,-37.78,404.336,404.336,6900.0
0.7162,-41.53,-37.878,404.9,404.9,6900.0
0.7163,-41.998,-38.056,405.485,405.485,6900.0
0.7164,-42.285,-38.055,406.08,406.08,6900.0
0.7165,-42.792,-38.28,406.702,406.702,6900.0
0.7166,-42.908,-38.118,407.362,407.362,6900.0
0.7167,-43.099,-38.036,408.028,408.028,6900.0
0.7168,-43.181,-37.85,408.73,408.73,6900.0
0.7169,-43.051,-37.456,409.434,409.434,6900.0
0.717,-43.137,-37.285,410.134,410.134,6900.0
0.7171,-42.933,-36.829,410.843,410.843,6900.0
0.7172,-42.82,-36.47,411.527,411.527,6900.0
0.7173,-42.645,-36.055,412.208,412.208,6900.0
0.7174,-42.258,-35.435,412.86,412.86,6900.0
0.7175,-42.137,-35.088,413.471,413.471,6900.0
0.7176,-41.873,-34.605,414.072,414.072,6900.0
0.7177,-41.67,-34.189,414.655,414.655,6900.0
0.7178,-41.328,-33.643,415.242,415.242,6900.0
0.7179,-40.823,-32.94,415.811,415.811,6900.0
0.718,-40.389,-32.317,416.348,416.348,6900.0
0.7181,-39.996,-31.743,416.873,416.873,6900.0
0.7182,-39.506,-31.08,417.383,417.383,6900.0
0.7183,-38.9,-30.309,417.879,417.879,6900.0
0.7184,-38.201,-29.454,418.339,418.339,6900.0
0.7185,-37.504,-28.608,418.751,418.751,6900.0
0.7186,-36.84,-27.805,419.117,419.117,6900.0
0.7187,-36.239,-27.074,419.44,419.44,6900.0
0.7188,-35.577,-26.291,419.725,419.725,6900.0
0.7189,-34.892,-25.494,419.974,419.974,6900.0
0.719,-34.207,-24.706,420.188,420.188,6900.0
0.7191,-33.442,-23.848,420.368,420.368,6900.0
0.7192,-32.634,-22.956,420.512,420.512,6900.0
0.7193,-31.872,-22.12,420.62,420.62,6900.0
0.7194,-31.113,-21.296,420.701,420.701,6900.0
0.7195,-30.375,-20.503,420.761,420.761,6900.0
0.7196,-29.289,-19.372,420.791,420.791,6900.0
0.7197,-28.116,-18.163,420.76,420.76,6900.0
0.7198,-27.345,-17.367,420.667,420.667,6900.0
0.7199,-26.615,-16.621,420.539,420.539,6900.0
0.72,-25.883,-15.883,420.394,420.394,6900.0
0.7201,-24.731,-14.735,420.229,420.229,6900.0
0.7202,-23.452,-13.47,420.006,420.006,6900.0
0.7203,-22.607,-12.648,419.726,419.726,6900.0
0.7204,-21.701,-11.776,419.414,419.414,6900.0
0.7205,-20.92,-11.038,419.08,419.08,6900.0
0.7206,-19.792,-9.964,418.73,418.73,6900.0
0.7207,-18.521,-8.755,418.342,418.342,6900.0
0.7208,-17.585,-7.891,417.916,417.916,6900.0
0.7209,-16.459,-6.847,417.466,417.466,6900.0
0.721,-15.515,-5.995,416.99,416.99,6900.0
0.7211,-14.302,-4.882,416.497,416.497,6900.0
0.7212,-13.054,-3.744,415.977,415.977,6900.0
0.7213,-11.915,-2.725,415.429,415.429,6900.0
0.7214,-10.764,-1.702,414.86,414.86,6900.0
0.7215,-9.599,-0.675,414.271,414.271,6900.0
0.7216,-7.942,0.836,413.668,413.668,6900.0
0.7217,0.0,8.624,413.051,413.051,6900.0
0.7218,0.0,8.46,412.408,412.408,6900.0
0.7219,0.0,8.289,411.764,411.764,6900.0
0.722,-0.0,8.108,411.119,411.119,6900.0
0.7221,-0.0,7.92,410.472,410.472,6900.0
0.7222,-0.0,7.725,409.825,409.825,6900.0
0.7223,-0.0,7.522,409.177,409.177,6900.0
0.7224,-0.0,7.311,408.528,408.528,6900.0
0.7225,-0.0,7.093,407.877,407.877,6900.0
0.7226,-0.0,6.868,407.226,407.226,6900.0
0.7227,-0.0,6.636,406.574,406.574,6900.0
0.7228,-0.0,6.398,405.92,405.92,6900.0
0.7229,-0.0,6.154,405.266,405.266,6900.0
0.723,-0.0,5.903,404.61,404.61,6900.0
0.7231,-0.0,5.647,403.953,403.953,6900.0
0.7232,-0.0,5.385,403.296,403.296,6900.0
0.7233,-0.0,5.117,402.637,402.637,6900.0
0.7234,-0.0,4.845,401.977,401.977,6900.0
0.7235,-0.0,4.568,401.317,401.317,6900.0
0.7236,5.668,9.954,400.679,400.679,6900.0
0.7237,12.12,16.12,400.152,400.152,6900.0
0.7238,14.461,18.172,399.711,399.711,6900.0
0.7239,15.936,19.352,399.312,399.312,6900.0
0.724,17.289,20.409,398.951,398.951,6900.0
0.7241,18.512,21.332,398.631,398.631,6900.0
0.7242,19.71,22.227,398.35,398.35,6900.0
0.7243,20.87,23.082,398.113,398.113,6900.0
0.7244,21.953,23.857,397.919,397.919,6900.0
0.7245,23.004,24.599,397.765,397.765,6900.0
0.7246,24.081,25.365,397.65,397.65,6900.0
0.7247,25.101,26.073,397.579,397.579,6900.0
0.7248,26.145,26.805,397.555,397.555,6900.0
0.7249,26.985,27.331,397.573,397.573,6900.0
0.725,27.805,27.836,397.615,397.615,6900.0
0.7251,28.778,28.495,397.681,397.681,6900.0
0.7252,29.656,29.059,397.786,397.786,6900.0
0.7253,30.689,29.779,397.936,397.936,6900.0
0.7254,31.382,30.16,398.136,398.136,6900.0
0.7255,31.95,30.416,398.362,398.362,6900.0
0.7256,32.824,30.981,398.61,398.61,6900.0
0.7257,33.446,31.295,398.903,398.903,6900.0
0.7258,34.223,31.766,399.232,399.232,6900.0
0.7259,34.701,31.941,399.613,399.613,6900.0
0.726,34.976,31.915,400.01,400.01,6900.0
0.7261,35.584,32.227,400.416,400.416,6900.0
0.7262,35.948,32.296,400.85,400.85,6900.0
0.7263,36.412,32.47,401.293,401.293,6900.0
0.7264,36.721,32.492,401.768,401.768,6900.0
0.7265,36.849,32.338,402.246,402.246,6900.0
0.7266,37.288,32.498,402.729,402.729,6900.0
0.7267,37.419,32.356,403.23,403.23,6900.0
0.7268,37.566,32.235,403.728,403.728,6900.0
0.7269,37.821,32.227,404.248,404.248,6900.0
0.727,37.754,31.902,404.775,404.775,6900.0
0.7271,37.921,31.817,405.309,405.309,6900.0
0.7272,37.772,31.422,405.854,405.854,6900.0
0.7273,37.601,31.012,406.377,406.377,6900.0
0.7274,37.6,30.778,406.894,406.894,6900.0
0.7275,37.369,30.32,407.4,407.4,6900.0
0.7276,37.299,30.031,407.897,407.897,6900.0
0.7277,36.989,29.509,408.384,408.384,6900.0
0.7278,36.596,28.911,408.837,408.837,6900.0
0.7279,36.493,28.611,409.263,409.263,6900.0
0.728,36.204,28.132,409.677,409.677,6900.0
0.7281,35.937,27.684,410.085,410.085,6900.0
0.7282,35.523,27.097,410.481,410.481,6900.0
0.7283,34.996,26.405,410.848,410.848,6900.0
0.7284,34.603,25.855,411.182,411.182,6900.0
0.7285,34.144,25.249,411.494,411.494,6900.0
0.7286,33.675,24.641,411.784,411.784,6900.0
0.7287,33.092,23.927,412.046,412.046,6900.0
0.7288,32.515,23.229,412.273,412.273,6900.0
0.7289,31.93,22.532,412.462,412.462,6900.0
0.729,31.326,21.825,412.614,412.614,6900.0
0.7291,30.718,21.124,412.728,412.728,6900.0
0.7292,30.152,20.474,412.809,412.809,6900.0
0.7293,29.556,19.804,412.865,412.865,6900.0
0.7294,28.873,19.056,412.899,412.899,6900.0
0.7295,27.999,18.127,412.895,412.895,6900.0
0.7296,27.243,17.326,412.839,412.839,6900.0
0.7297,26.668,16.715,412.747,412.747,6900.0
0.7298,26.064,16.085,412.637,412.637,6900.0
0.7299,25.3,15.306,412.515,412.515,6900.0
0.73,24.083,14.084,412.352,412.352,6900.0
0.7301,23.163,13.167,412.12,412.12,6900.0
0.7302,22.521,12.539,411.845,411.845,6900.0
0.7303,21.851,11.892,411.543,411.543,6900.0
0.7304,21.143,11.218,411.23,411.23,6900.0
0.7305,19.985,10.103,410.892,410.892,6900.0
0.7306,18.984,9.155,410.509,410.509,6900.0
0.7307,18.226,8.46,410.098,410.098,6900.0
0.7308,17.316,7.622,409.663,409.663,6900.0
0.7309,16.417,6.805,409.212,409.212,6900.0
0.731,15.248,5.728,408.738,408.738,6900.0
0.7311,14.133,4.714,408.229,408.229,6900.0
0.7312,13.178,3.868,407.693,407.693,6900.0
0.7313,12.087,2.897,407.133,407.133,6900.0
0.7314,11.111,2.049,406.553,406.553,6900.0
0.7315,10.007,1.083,405.954,405.954,6900.0
0.7316,8.899,0.121,405.338,405.338,6900.0
0.7317,-0.0,-8.624,404.722,404.722,6900.0
0.7318,-0.0,-8.46,404.066,404.066,6900.0
0.7319,-0.0,-8.289,403.408,403.408,6900.0
0.732,0.0,-8.108,402.75,402.75,6900.0
0.7321,0.0,-7.92,402.09,402.09,6900.0
0.7322,0.0,-7.725,401.429,401.429,6900.0
0.7323,0.0,-7.522,400.768,400.768,6900.0
0.7324,0.0,-7.311,400.105,400.105,6900.0
0.7325,0.0,-7.093,399.441,399.441,6900.0
0.7326,0.0,-6.868,398.776,398.776,6900.0
0.7327,0.0,-6.636,398.109,398.109,6900.0
0.7328,0.0,-6.398,397.442,397.442,6900.0
0.7329,0.0,-6.154,396.774,396.774,6900.0
0.733,0.0,-5.903,396.104,396.104,6900.0
0.7331,0.0,-5.647,395.433,395.433,6900.0
0.7332,0.0,-5.385,394.761,394.761,6900.0
0.7333,0.0,-5.117,394.088,394.088,6900.0
0.7334,0.0,-4.845,393.414,393.414,6900.0
0.7335,0.0,-4.568,392.742,392.742,6900.0
0.7336,-7.947,-12.233,392.115,392.115,6900.0
0.7337,-12.338,-16.338,391.593,391.593,6900.0
0.7338,-14.333,-18.043,391.136,391.136,6900.0
0.7339,-15.765,-19.182,390.725,390.725,6900.0
0.734,-16.978,-20.098,390.352,390.352,6900.0
0.7341,-18.157,-20.977,390.015,390.015,6900.0
0.7342,-19.399,-21.916,389.717,389.717,6900.0
0.7343,-20.588,-22.8,389.463,389.463,6900.0
0.7344,-21.71,-23.615,389.254,389.254,6900.0
0.7345,-22.902,-24.498,389.093,389.093,6900.0
0.7346,-24.031,-25.315,388.983,388.983,6900.0
0.7347,-25.009,-25.981,388.923,388.923,6900.0
0.7348,-25.902,-26.562,388.899,388.899,6900.0
0.7349,-26.824,-27.17,388.899,388.899,6900.0
0.735,-27.863,-27.895,388.93,388.93,6900.0
0.7351,-28.95,-28.667,388.996,388.996,6900.0
0.7352,-29.89,-29.293,389.112,389.112,6900.0
0.7353,-30.634,-29.724,389.264,389.264,6900.0
0.7354,-31.456,-30.234,389.436,389.436,6900.0
0.7355,-32.464,-30.93,389.652,389.652,6900.0
0.7356,-33.321,-31.478,389.915,389.915,6900.0
0.7357,-34.154,-32.004,390.246,390.246,6900.0
0.7358,-34.615,-32.159,390.624,390.624,6900.0
0.7359,-35.109,-32.349,391.017,391.017,6900.0
0.736,-35.738,-32.678,391.442,391.442,6900.0
0.7361,-36.155,-32.798,391.885,391.885,6900.0
0.7362,-36.797,-33.145,392.355,392.355,6900.0
0.7363,-37.045,-33.102,392.846,392.846,6900.0
0.7364,-37.418,-33.188,393.325,393.325,6900.0
0.7365,-37.901,-33.389,393.824,393.824,6900.0
0.7366,-38.113,-33.323,394.33,394.33,6900.0
0.7367,-38.629,-33.565,394.851,394.851,6900.0
0.7368,-38.762,-33.43,395.406,395.406,6900.0
0.7369,-38.992,-33.397,395.964,395.964,6900.0
0.737,-39.127,-33.274,396.554,396.554,6900.0
0.7371,-39.02,-32.916,397.147,397.147,6900.0
0.7372,-39.142,-32.792,397.73,397.73,6900.0
0.7373,-39.049,-32.46,398.322,398.322,6900.0
0.7374,-39.024,-32.201,398.897,398.897,6900.0
0.7375,-38.895,-31.846,399.472,399.472,6900.0
0.7376,-38.545,-31.277,400.021,400.021,6900.0
0.7377,-38.469,-30.989,400.528,400.528,6900.0
0.7378,-38.309,-30.624,401.025,401.025,6900.0
0.7379,-38.179,-30.297,401.504,401.504,6900.0
0.738,-37.94,-29.869,401.984,401.984,6900.0
0.7381,-37.505,-29.252,402.448,402.448,6900.0
0.7382,-37.137,-28.711,402.879,402.879,6900.0
0.7383,-36.833,-28.242,403.296,403.296,6900.0
0.7384,-36.483,-27.735,403.699,403.699,6900.0
0.7385,-35.955,-27.059,404.087,404.087,6900.0
0.7386,-35.37,-26.335,404.444,404.444,6900.0
0.7387,-34.763,-25.598,404.759,404.759,6900.0
0.7388,-34.221,-24.935,405.031,405.031,6900.0
0.7389,-33.678,-24.28,405.261,405.261,6900.0
0.739,-33.104,-23.603,405.453,405.453,6900.0
0.7391,-32.551,-22.956,405.61,405.61,6900.0
0.7392,-31.994,-22.316,405.739,405.739,6900.0
0.7393,-31.275,-21.523,405.837,405.837,6900.0
0.7394,-30.484,-20.667,405.894,405.894,6900.0
0.7395,-29.844,-19.972,405.911,405.911,6900.0
0.7396,-29.226,-19.308,405.903,405.903,6900.0
0.7397,-28.6,-18.647,405.88,405.88,6900.0
0.7398,-27.576,-17.598,405.832,405.832,6900.0
0.7399,-26.438,-16.444,405.721,405.721,6900.0
0.74,-25.706,-15.706,405.546,405.546,6900.0
0.7401,-25.039,-15.043,405.335,405.335,6900.0
0.7402,-24.422,-14.44,405.108,405.108,6900.0
0.7403,-23.37,-13.412,404.864,404.864,6900.0
0.7404,-22.129,-12.204,404.571,404.571,6900.0
0.7405,-21.337,-11.455,404.227,404.227,6900.0
0.7406,-20.424,-10.595,403.855,403.855,6900.0
0.7407,-19.668,-9.902,403.459,403.459,6900.0
0.7408,-18.512,-8.819,403.046,403.046,6900.0
0.7409,-17.27,-7.658,402.597,402.597,6900.0
0.741,-16.335,-6.815,402.109,402.109,6900.0
0.7411,-15.206,-5.787,401.597,401.597,6900.0
0.7412,-14.23,-4.921,401.058,401.058,6900.0
0.7413,-13.053,-3.863,400.501,400.501,6900.0
0.7414,-11.839,-2.777,399.92,399.92,6900.0
0.7415,-10.68,-1.755,399.317,399.317,6900.0
0.7416,-9.486,-0.708,398.696,398.696,6900.0
0.7417,-7.776,0.848,398.062,398.062,6900.0
0.7418,0.0,8.46,397.417,397.417,6900.0
0.7419,0.0,8.289,396.749,396.749,6900.0
0.742,-0.108,8.0,396.079,396.079,6900.0
0.7421,-0.0,7.92,395.408,395.408,6900.0
0.7422,-0.0,7.725,394.737,394.737,6900.0
0.7423,-0.0,7.522,394.064,394.064,6900.0
0.7424,-0.0,7.311,393.389,393.389,6900.0
0.7425,-0.0,7.093,392.714,392.714,6900.0
0.7426,-0.0,6.868,392.038,392.038,6900.0
0.7427,-0.0,6.636,391.36,391.36,6900.0
0.7428,-0.0,6.398,390.681,390.681,6900.0
0.7429,-0.0,6.154,390.001,390.001,6900.0
0.743,-0.0,5.903,389.32,389.32,6900.0
0.7431,-0.0,5.647,388.637,388.637,6900.0
0.7432,-0.0,5.385,387.954,387.954,6900.0
0.7433,-0.0,5.117,387.269,387.269,6900.0
0.7434,2.36,7.205,386.592,386.592,6900.0
0.7435,10.098,14.666,385.979,385.979,6900.0
0.7436,13.352,17.638,385.454,385.454,6900.0
0.7437,15.244,19.245,384.988,384.988,6900.0
0.7438,16.678,20.389,384.573,384.573,6900.0
0.7439,17.994,21.411,384.201,384.201,6900.0
0.744,19.329,22.449,383.871,383.871,6900.0
0.7441,20.684,23.504,383.586,383.586,6900.0
0.7442,21.999,24.517,383.351,383.351,6900.0
0.7443,23.305,25.517,383.164,383.164,6900.0
0.7444,24.531,26.436,383.025,383.025,6900.0
0.7445,25.76,27.355,382.934,382.934,6900.0
0.7446,26.85,28.135,382.885,382.885,6900.0
0.7447,27.978,28.951,382.868,382.868,6900.0
0.7448,29.21,29.869,382.882,382.882,6900.0
0.7449,30.412,30.758,382.941,382.941,6900.0
0.745,31.642,31.673,383.055,383.055,6900.0
0.7451,32.667,32.384,383.225,383.225,6900.0
0.7452,33.57,32.974,383.435,383.435,6900.0
0.7453,34.716,33.806,383.683,383.683,6900.0
0.7454,35.635,34.413,383.992,383.992,6900.0
0.7455,36.695,35.162,384.362,384.362,6900.0
0.7456,37.409,35.566,384.799,384.799,6900.0
0.7457,37.91,35.759,385.262,385.262,6900.0
0.7458,38.745,36.289,385.738,385.738,6900.0
0.7459,39.339,36.579,386.249,386.249,6900.0
0.746,40.126,37.066,386.778,386.778,6900.0
0.7461,40.666,37.308,387.351,387.351,6900.0
0.7462,41.023,37.371,387.932,387.932,6900.0
0.7463,41.706,37.763,388.522,388.522,6900.0
0.7464,42.111,37.882,389.146,389.146,6900.0
0.7465,42.589,38.077,389.786,389.786,6900.0
0.7466,42.979,38.189,390.473,390.473,6900.0
0.7467,43.079,38.016,391.178,391.178,6900.0
0.7468,43.438,38.106,391.897,391.897,6900.0
0.7469,43.442,37.847,392.639,392.639,6900.0
0.747,43.479,37.627,393.365,393.365,6900.0
0.7471,43.622,37.517,394.099,394.099,6900.0
0.7472,43.487,37.137,394.825,394.825,6900.0
0.7473,43.588,36.999,395.541,395.541,6900.0
0.7474,43.384,36.562,396.254,396.254,6900.0
0.7475,43.144,36.095,396.93,396.93,6900.0
0.7476,43.178,35.91,397.588,397.588,6900.0
0.7477,42.941,35.461,398.238,398.238,6900.0
0.7478,42.811,35.126,398.886,398.886,6900.0
0.7479,42.422,34.54,399.529,399.529,6900.0
0.748,41.953,33.881,400.141,400.141,6900.0
0.7481,41.688,33.435,400.726,400.726,6900.0
0.7482,41.25,32.823,401.294,401.294,6900.0
0.7483,40.843,32.252,401.848,401.848,6900.0
0.7484,40.258,31.51,402.377,402.377,6900.0
0.7485,39.602,30.706,402.863,402.863,6900.0
0.7486,39.039,30.004,403.299,403.299,6900.0
0.7487,38.45,29.285,403.694,403.694,6900.0
0.7488,37.86,28.574,404.052,404.052,6900.0
0.7489,37.207,27.809,404.372,404.372,6900.0
0.749,36.581,27.081,404.656,404.656,6900.0
0.7491,35.862,26.268,404.907,404.907,6900.0
0.7492,35.088,25.41,405.119,405.119,6900.0
0.7493,34.319,24.566,405.287,405.287,6900.0
0.7494,33.586,23.769,405.421,405.421,6900.0
0.7495,32.83,22.958,405.53,405.53,6900.0
0.7496,31.945,22.028,405.615,405.615,6900.0
0.7497,30.803,20.851,405.649,405.649,6900.0
0.7498,29.804,19.825,405.61,405.61,6900.0
0.7499,29.068,19.074,405.52,405.52,6900.0
0.75,28.381,18.381,405.403,405.403,6900.0
0.7501,27.454,17.458,405.275,405.275,6900.0
0.7502,26.081,16.099,405.108,405.108,6900.0
0.7503,24.947,14.989,404.87,404.87,6900.0
0.7504,24.077,14.152,404.588,404.588,6900.0
0.7505,23.173,13.291,404.272,404.272,6900.0
0.7506,22.211,12.382,403.939,403.939,6900.0
0.7507,20.844,11.078,403.576,403.576,6900.0
0.7508,19.615,9.922,403.163,403.163,6900.0
0.7509,18.592,8.98,402.719,402.719,6900.0
0.751,17.427,7.906,402.245,402.245,6900.0
0.7511,16.285,6.866,401.749,401.749,6900.0
0.7512,14.96,5.65,401.229,401.229,6900.0
0.7513,13.601,4.411,400.678,400.678,6900.0
0.7514,12.374,3.313,400.102,400.102,6900.0
0.7515,11.05,2.125,399.503,399.503,6900.0
0.7516,9.743,0.965,398.886,398.886,6900.0
0.7517,8.323,-0.301,398.253,398.253,6900.0
0.7518,-0.0,-8.46,397.614,397.614,6900.0
0.7519,-0.0,-8.289,396.946,396.946,6900.0
0.752,0.0,-8.108,396.276,396.276,6900.0
0.7521,0.0,-7.92,395.606,395.606,6900.0
0.7522,0.0,-7.725,394.934,394.934,6900.0
0.7523,0.0,-7.522,394.262,394.262,6900.0
0.7524,0.0,-7.311,393.588,393.588,6900.0
0.7525,0.0,-7.093,392.913,392.913,6900.0
0.7526,0.0,-6.868,392.237,392.237,6900.0
0.7527,0.0,-6.636,391.559,391.559,6900.0
0.7528,0.0,-6.398,390.881,390.881,6900.0
0.7529,0.0,-6.154,390.201,390.201,6900.0
0.753,0.0,-5.903,389.52,389.52,6900.0
0.7531,0.0,-5.647,388.838,388.838,6900.0
0.7532,0.0,-5.385,388.155,388.155,6900.0
0.7533,-0.43,-5.548,387.474,387.474,6900.0
0.7534,-9.045,-13.89,386.83,386.83,6900.0
0.7535,-13.419,-17.987,386.281,386.281,6900.0
0.7536,-15.596,-19.882,385.805,385.805,6900.0
0.7537,-17.089,-21.089,385.383,385.383,6900.0
0.7538,-18.466,-22.176,385.001,385.001,6900.0
0.7539,-19.962,-23.379,384.66,384.66,6900.0
0.754,-21.487,-24.607,384.371,384.371,6900.0
0.7541,-22.919,-25.739,384.136,384.136,6900.0
0.7542,-24.259,-26.776,383.954,383.954,6900.0
0.7543,-25.587,-27.8,383.82,383.82,6900.0
0.7544,-26.891,-28.796,383.73,383.73,6900.0
0.7545,-28.116,-29.711,383.681,383.681,6900.0
0.7546,-29.38,-30.665,383.665,383.665,6900.0
0.7547,-30.782,-31.754,383.69,383.69,6900.0
0.7548,-32.144,-32.803,383.767,383.767,6900.0
0.7549,-33.343,-33.689,383.907,383.907,6900.0
0.755,-34.41,-34.442,384.098,384.098,6900.0
0.7551,-35.484,-35.201,384.327,384.327,6900.0
0.7552,-36.722,-36.125,384.612,384.612,6900.0
0.7553,-37.835,-36.925,384.959,384.959,6900.0
0.7554,-38.796,-37.573,385.385,385.385,6900.0
0.7555,-39.477,-37.944,385.859,385.859,6900.0
0.7556,-40.225,-38.382,386.349,386.349,6900.0
0.7557,-41.116,-38.965,386.875,386.875,6900.0
0.7558,-41.859,-39.403,387.43,387.43,6900.0
0.7559,-42.664,-39.905,388.034,388.034,6900.0
0.756,-43.117,-40.056,388.669,388.669,6900.0
0.7561,-43.667,-40.309,389.304,389.304,6900.0
0.7562,-44.341,-40.689,389.969,389.969,6900.0
0.7563,-44.752,-40.81,390.658,390.658,6900.0
0.7564,-45.41,-41.181,391.382,391.382,6900.0
0.7565,-45.609,-41.097,392.149,392.149,6900.0
0.7566,-45.893,-41.103,392.918,392.918,6900.0
0.7567,-46.207,-41.144,393.72,393.72,6900.0
0.7568,-46.188,-40.856,394.53,394.53,6900.0
0.7569,-46.485,-40.89,395.34,395.34,6900.0
0.757,-46.426,-40.573,396.166,396.166,6900.0
0.7571,-46.455,-40.351,396.974,396.974,6900.0
0.7572,-46.407,-40.057,397.789,397.789,6900.0
0.7573,-46.148,-39.559,398.583,398.583,6900.0
0.7574,-46.141,-39.318,399.343,399.343,6900.0
0.7575,-45.958,-38.91,400.103,400.103,6900.0
0.7576,-45.824,-38.556,400.844,400.844,6900.0
0.7577,-45.562,-38.082,401.592,401.592,6900.0
0.7578,-45.108,-37.423,402.32,402.32,6900.0
0.7579,-44.755,-36.872,403.01,403.01,6900.0
0.758,-44.386,-36.314,403.689,403.689,6900.0
0.7581,-44.058,-35.805,404.347,404.347,6900.0
0.7582,-43.479,-35.052,404.997,404.997,6900.0
0.7583,-42.821,-34.23,405.61,405.61,6900.0
0.7584,-42.161,-33.413,406.173,406.173,6900.0
0.7585,-41.606,-32.71,406.694,406.694,6900.0
0.7586,-41.034,-32.0,407.177,407.177,6900.0
0.7587,-40.373,-31.208,407.626,407.626,6900.0
0.7588,-39.635,-30.349,408.035,408.035,6900.0
0.7589,-38.92,-29.522,408.402,408.402,6900.0
0.759,-38.136,-28.635,408.728,408.728,6900.0
0.7591,-37.352,-27.757,409.011,409.011,6900.0
0.7592,-36.591,-26.913,409.255,409.255,6900.0
0.7593,-35.806,-26.053,409.466,409.466,6900.0
0.7594,-34.959,-25.142,409.651,409.651,6900.0
0.7595,-33.913,-24.041,409.799,409.799,6900.0
0.7596,-32.801,-22.884,409.887,409.887,6900.0
0.7597,-31.943,-21.991,409.912,409.912,6900.0
0.7598,-31.115,-21.137,409.9,409.9,6900.0
0.7599,-30.298,-20.304,409.866,409.866,6900.0
0.76,-29.002,-19.002,409.805,409.805,6900.0
0.7601,-27.676,-17.68,409.669,409.669,6900.0
0.7602,-26.728,-16.746,409.464,409.464,6900.0
0.7603,-25.798,-15.84,409.221,409.221,6900.0
0.7604,-24.989,-15.064,408.956,408.956,6900.0
0.7605,-23.735,-13.854,408.678,408.678,6900.0
0.7606,-22.303,-12.474,408.357,408.357,6900.0
0.7607,-21.3,-11.534,407.99,407.99,6900.0
0.7608,-20.066,-10.372,407.597,407.597,6900.0
0.7609,-19.03,-9.418,407.175,407.175,6900.0
0.761,-17.633,-8.113,406.733,406.733,6900.0
0.7611,-16.174,-6.754,406.253,406.253,6900.0
0.7612,-14.919,-5.61,405.734,405.734,6900.0
0.7613,-13.565,-4.375,405.186,405.186,6900.0
0.7614,-12.314,-3.252,404.611,404.611,6900.0
0.7615,-10.98,-2.056,404.016,404.016,6900.0
0.7616,-9.622,-0.844,403.402,403.402,6900.0
0.7617,-7.856,0.768,402.775,402.775,6900.0
0.7618,0.0,8.46,402.138,402.138,6900.0
0.7619,0.0,8.289,401.477,401.477,6900.0
0.762,-0.011,8.097,400.815,400.815,6900.0
0.7621,-0.0,7.92,400.152,400.152,6900.0
0.7622,-0.0,7.725,399.489,399.489,6900.0
0.7623,-0.0,7.522,398.824,398.824,6900.0
0.7624,-0.0,7.311,398.157,398.157,6900.0
0.7625,-0.0,7.093,397.49,397.49,6900.0
0.7626,-0.0,6.868,396.822,396.822,6900.0
0.7627,-0.0,6.636,396.152,396.152,6900.0
0.7628,-0.0,6.398,395.482,395.482,6900.0
0.7629,-0.0,6.154,394.81,394.81,6900.0
0.763,-0.0,5.903,394.137,394.137,6900.0
0.7631,-0.0,5.647,393.463,393.463,6900.0
0.7632,-0.0,5.385,392.788,392.788,6900.0
0.7633,-0.0,5.117,392.113,392.113,6900.0
0.7634,8.155,13.0,391.467,391.467,6900.0
0.7635,13.328,17.896,390.929,390.929,6900.0
0.7636,15.33,19.616,390.466,390.466,6900.0
0.7637,16.917,20.917,390.035,390.035,6900.0
0.7638,18.559,22.269,389.645,389.645,6900.0
0.7639,20.177,23.594,389.305,389.305,6900.0
0.764,21.595,24.715,389.023,389.023,6900.0
0.7641,22.957,25.777,388.792,388.792,6900.0
0.7642,24.294,26.811,388.609,388.609,6900.0
0.7643,25.605,27.817,388.472,388.472,6900.0
0.7644,26.894,28.799,388.378,388.378,6900.0
0.7645,28.212,29.808,388.324,388.324,6900.0
0.7646,29.495,30.78,388.314,388.314,6900.0
0.7647,30.791,31.764,388.356,388.356,6900.0
0.7648,31.961,32.62,388.444,388.444,6900.0
0.7649,33.061,33.407,388.572,388.572,6900.0
0.765,34.319,34.35,388.737,388.737,6900.0
0.7651,35.471,35.188,388.961,388.961,6900.0
0.7652,36.683,36.087,389.252,389.252,6900.0
0.7653,37.529,36.619,389.612,389.612,6900.0
0.7654,38.275,37.053,390.01,390.01,6900.0
0.7655,39.273,37.74,390.436,390.436,6900.0
0.7656,40.032,38.189,390.912,390.912,6900.0
0.7657,40.994,38.843,391.429,391.429,6900.0
0.7658,41.562,39.105,392.002,392.002,6900.0
0.7659,42.003,39.244,392.586,392.586,6900.0
0.766,42.765,39.705,393.177,393.177,6900.0
0.7661,43.295,39.937,393.798,393.798,6900.0
0.7662,43.969,40.317,394.438,394.438,6900.0
0.7663,44.433,40.49,395.128,395.128,6900.0
0.7664,44.618,40.389,395.835,395.835,6900.0
0.7665,45.143,40.631,396.555,396.555,6900.0
0.7666,45.333,40.543,397.309,397.309,6900.0
0.7667,45.567,40.504,398.068,398.068,6900.0
0.7668,45.77,40.438,398.86,398.86,6900.0
0.7669,45.642,40.047,399.653,399.653,6900.0
0.767,45.814,39.962,400.443,400.443,6900.0
0.7671,45.688,39.584,401.236,401.236,6900.0
0.7672,45.542,39.192,401.998,401.998,6900.0
0.7673,45.564,38.974,402.752,402.752,6900.0
0.7674,45.359,38.536,403.494,403.494,6900.0
0.7675,45.306,38.258,404.23,404.23,6900.0
0.7676,44.967,37.699,404.962,404.962,6900.0
0.7677,44.543,37.063,405.663,405.663,6900.0
0.7678,44.361,36.676,406.343,406.343,6900.0
0.7679,43.968,36.086,407.012,407.012,6900.0
0.768,43.639,35.568,407.673,407.673,6900.0
0.7681,43.024,34.771,408.32,408.32,6900.0
0.7682,42.388,33.962,408.924,408.924,6900.0
0.7683,41.928,33.337,409.484,409.484,6900.0
0.7684,41.352,32.604,410.012,410.012,6900.0
0.7685,40.787,31.891,410.512,410.512,6900.0
0.7686,40.096,31.062,410.978,410.978,6900.0
0.7687,39.361,30.196,411.401,411.401,6900.0
0.7688,38.688,29.402,411.778,411.778,6900.0
0.7689,37.957,28.559,412.117,412.117,6900.0
0.769,37.23,27.729,412.416,412.416,6900.0
0.7691,36.479,26.885,412.681,412.681,6900.0
0.7692,35.722,26.044,412.913,412.913,6900.0
0.7693,34.804,25.052,413.116,413.116,6900.0
0.7694,33.857,24.04,413.272,413.272,6900.0
0.7695,32.919,23.047,413.371,413.371,6900.0
0.7696,32.121,22.204,413.427,413.427,6900.0
0.7697,31.301,21.348,413.453,413.453,6900.0
0.7698,30.312,20.334,413.458,413.458,6900.0
0.7699,28.976,18.982,413.41,413.41,6900.0
0.77,27.897,17.897,413.284,413.284,6900.0
0.7701,27.082,17.086,413.108,413.108,6900.0
0.7702,26.296,16.314,412.906,412.906,6900.0
0.7703,25.39,15.432,412.695,412.695,6900.0
0.7704,23.943,14.018,412.455,412.455,6900.0
0.7705,22.739,12.857,412.157,412.157,6900.0
0.7706,21.751,11.922,411.822,411.822,6900.0
0.7707,20.676,10.91,411.455,411.455,6900.0
0.7708,19.57,9.876,411.066,411.066,6900.0
0.7709,18.184,8.573,410.645,410.645,6900.0
0.771,16.826,7.306,410.18,410.18,6900.0
0.7711,15.733,6.314,409.682,409.682,6900.0
0.7712,14.497,5.187,409.155,409.155,6900.0
0.7713,13.326,4.137,408.607,408.607,6900.0
0.7714,12.009,2.947,408.039,408.039,6900.0
0.7715,10.654,1.73,407.449,407.449,6900.0
0.7716,9.381,0.603,406.842,406.842,6900.0
0.7717,6.509,-2.114,406.228,406.228,6900.0
0.7718,-0.0,-8.46,405.589,405.589,6900.0
0.7719,-0.0,-8.289,404.934,404.934,6900.0
0.772,0.428,-7.681,404.278,404.278,6900.0
0.7721,0.0,-7.92,403.62,403.62,6900.0
0.7722,0.0,-7.725,402.962,402.962,6900.0
0.7723,0.0,-7.522,402.303,402.303,6900.0
0.7724,0.0,-7.311,401.642,401.642,6900.0
0.7725,0.0,-7.093,400.981,400.981,6900.0
0.7726,0.0,-6.868,400.318,400.318,6900.0
0.7727,0.0,-6.636,399.655,399.655,6900.0
0.7728,0.0,-6.398,398.99,398.99,6900.0
0.7729,0.0,-6.154,398.324,398.324,6900.0
0.773,0.0,-5.903,397.657,397.657,6900.0
0.7731,0.0,-5.647,396.989,396.989,6900.0
0.7732,0.0,-5.385,396.32,396.32,6900.0
0.7733,0.0,-5.117,395.65,395.65,6900.0
0.7734,-1.666,-6.511,394.985,394.985,6900.0
0.7735,-10.268,-14.836,394.38,394.38,6900.0
0.7736,-13.897,-18.183,393.871,393.871,6900.0
0.7737,-15.911,-19.911,393.422,393.422,6900.0
0.7738,-17.535,-21.245,393.025,393.025,6900.0
0.7739,-18.865,-22.282,392.676,392.676,6900.0
0.774,-20.169,-23.289,392.37,392.37,6900.0
0.7741,-21.505,-24.326,392.106,392.106,6900.0
0.7742,-22.851,-25.368,391.889,391.889,6900.0
0.7743,-24.116,-26.328,391.718,391.718,6900.0
0.7744,-25.394,-27.298,391.593,391.593,6900.0
0.7745,-26.656,-28.252,391.514,391.514,6900.0
0.7746,-27.808,-29.093,391.482,391.482,6900.0
0.7747,-28.903,-29.876,391.488,391.488,6900.0
0.7748,-30.023,-30.682,391.525,391.525,6900.0
0.7749,-31.271,-31.617,391.605,391.605,6900.0
0.775,-32.495,-32.526,391.735,391.735,6900.0
0.7751,-33.515,-33.232,391.932,391.932,6900.0
0.7752,-34.373,-33.776,392.174,392.174,6900.0
0.7753,-35.244,-34.334,392.447,392.447,6900.0
0.7754,-36.265,-35.043,392.766,392.766,6900.0
0.7755,-37.153,-35.62,393.13,393.13,6900.0
0.7756,-38.004,-36.162,393.557,393.557,6900.0
0.7757,-38.553,-36.403,394.023,394.023,6900.0
0.7758,-39.159,-36.702,394.496,394.496,6900.0
0.7759,-39.891,-37.131,395.001,395.001,6900.0
0.776,-40.452,-37.392,395.529,395.529,6900.0
0.7761,-41.146,-37.788,396.097,396.097,6900.0
0.7762,-41.471,-37.819,396.699,396.699,6900.0
0.7763,-41.835,-37.893,397.301,397.301,6900.0
0.7764,-42.342,-38.113,397.931,397.931,6900.0
0.7765,-42.546,-38.034,398.577,398.577,6900.0
0.7766,-43.017,-38.228,399.243,399.243,6900.0
0.7767,-43.082,-38.019,399.94,399.94,6900.0
0.7768,-43.243,-37.912,400.63,400.63,6900.0
0.7769,-43.362,-37.768,401.341,401.341,6900.0
0.777,-43.251,-37.399,402.047,402.047,6900.0
0.7771,-43.397,-37.292,402.74,402.74,6900.0
0.7772,-43.294,-36.944,403.442,403.442,6900.0
0.7773,-43.225,-36.636,404.129,404.129,6900.0
0.7774,-43.117,-36.294,404.821,404.821,6900.0
0.7775,-42.756,-35.708,405.495,405.495,6900.0
0.7776,-42.619,-35.351,406.135,406.135,6900.0
0.7777,-42.373,-34.892,406.769,406.769,6900.0
0.7778,-42.124,-34.439,407.388,407.388,6900.0
0.7779,-41.778,-33.896,408.004,408.004,6900.0
0.778,-41.241,-33.169,408.596,408.596,6900.0
0.7781,-40.78,-32.527,409.145,409.145,6900.0
0.7782,-40.356,-31.93,409.671,409.671,6900.0
0.7783,-39.954,-31.363,410.173,410.173,6900.0
0.7784,-39.402,-30.654,410.657,410.657,6900.0
0.7785,-38.724,-29.828,411.108,411.108,6900.0
0.7786,-38.08,-29.045,411.515,411.515,6900.0
0.7787,-37.486,-28.321,411.883,411.883,6900.0
0.7788,-36.883,-27.597,412.216,412.216,6900.0
0.7789,-36.177,-26.779,412.516,412.516,6900.0
0.779,-35.486,-25.985,412.78,412.78,6900.0
0.7791,-34.778,-25.184,413.01,413.01,6900.0
0.7792,-33.955,-24.277,413.202,413.202,6900.0
0.7793,-33.08,-23.328,413.347,413.347,6900.0
0.7794,-32.337,-22.52,413.446,413.446,6900.0
0.7795,-31.622,-21.75,413.513,413.513,6900.0
0.7796,-30.835,-20.918,413.557,413.557,6900.0
0.7797,-29.793,-19.841,413.57,413.57,6900.0
0.7798,-28.655,-18.677,413.523,413.523,6900.0
0.7799,-27.822,-17.828,413.416,413.416,6900.0
0.78,-27.13,-17.13,413.276,413.276,6900.0
0.7801,-26.354,-16.358,413.124,413.124,6900.0
0.7802,-25.177,-15.195,412.953,412.953,6900.0
0.7803,-23.825,-13.867,412.726,412.726,6900.0
0.7804,-22.909,-12.984,412.439,412.439,6900.0
0.7805,-21.907,-12.025,412.116,412.116,6900.0
0.7806,-21.087,-11.258,411.764,411.764,6900.0
0.7807,-19.911,-10.145,411.393,411.393,6900.0
0.7808,-18.563,-8.869,410.981,410.981,6900.0
0.7809,-17.658,-8.046,410.528,410.528,6900.0
0.781,-16.483,-6.963,410.053,410.053,6900.0
0.7811,-15.487,-6.068,409.553,409.553,6900.0
0.7812,-14.261,-4.952,409.036,409.036,6900.0
0.7813,-12.904,-3.714,408.496,408.496,6900.0
0.7814,-11.701,-2.639,407.929,407.929,6900.0
0.7815,-10.455,-1.53,407.342,407.342,6900.0
0.7816,-9.184,-0.406,406.736,406.736,6900.0
0.7817,-4.585,4.038,406.125,406.125,6900.0
0.7818,0.0,8.46,405.478,405.478,6900.0
0.7819,0.0,8.289,404.822,404.822,6900.0
0.782,-0.0,8.108,404.166,404.166,6900.0
0.7821,-0.0,7.92,403.509,403.509,6900.0
0.7822,-0.0,7.725,402.85,402.85,6900.0
0.7823,-0.0,7.522,402.191,402.191,6900.0
0.7824,-0.0,7.311,401.53,401.53,6900.0
0.7825,-0.0,7.093,400.869,400.869,6900.0
0.7826,-0.0,6.868,400.206,400.206,6900.0
0.7827,-0.0,6.636,399.542,399.542,6900.0
0.7828,-0.0,6.398,398.877,398.877,6900.0
0.7829,-0.0,6.154,398.211,398.211,6900.0
0.783,-0.0,5.903,397.544,397.544,6900.0
0.7831,-0.0,5.647,396.876,396.876,6900.0
0.7832,-0.0,5.385,396.206,396.206,6900.0
0.7833,-0.0,5.117,395.536,395.536,6900.0
0.7834,-0.0,4.845,394.865,394.865,6900.0
0.7835,6.185,10.753,394.214,394.214,6900.0
0.7836,12.513,16.799,393.661,393.661,6900.0
0.7837,14.923,18.923,393.203,393.203,6900.0
0.7838,16.311,20.021,392.793,392.793,6900.0
0.7839,17.661,21.078,392.416,392.416,6900.0
0.784,19.068,22.188,392.078,392.078,6900.0
0.7841,20.462,23.283,391.787,391.787,6900.0
0.7842,21.755,24.273,391.547,391.547,6900.0
0.7843,22.999,25.211,391.356,391.356,6900.0
0.7844,24.163,26.068,391.212,391.212,6900.0
0.7845,25.293,26.888,391.112,391.112,6900.0
0.7846,26.41,27.695,391.047,391.047,6900.0
0.7847,27.572,28.545,391.017,391.017,6900.0
0.7848,28.702,29.361,391.027,391.027,6900.0
0.7849,29.903,30.249,391.087,391.087,6900.0
0.785,30.905,30.937,391.194,391.194,6900.0
0.7851,31.81,31.528,391.336,391.336,6900.0
0.7852,32.895,32.298,391.509,391.509,6900.0
0.7853,33.851,32.942,391.736,391.736,6900.0
0.7854,34.926,33.704,392.02,392.02,6900.0
0.7855,35.618,34.085,392.367,392.367,6900.0
0.7856,36.21,34.367,392.744,392.744,6900.0
0.7857,37.045,34.894,393.142,393.142,6900.0
0.7858,37.682,35.226,393.582,393.582,6900.0
0.7859,38.451,35.691,394.053,394.053,6900.0
0.786,38.952,35.892,394.569,394.569,6900.0
0.7861,39.264,35.906,395.094,395.094,6900.0
0.7862,39.863,36.211,395.624,395.624,6900.0
0.7863,40.289,36.347,396.179,396.179,6900.0
0.7864,40.773,36.544,396.745,396.745,6900.0
0.7865,41.135,36.624,397.353,397.353,6900.0
0.7866,41.319,36.529,397.971,397.971,6900.0
0.7867,41.679,36.616,398.605,398.605,6900.0
0.7868,41.772,36.44,399.265,399.265,6900.0
0.7869,41.854,36.26,399.92,399.92,6900.0
0.787,41.992,36.14,400.594,400.594,6900.0
0.7871,41.876,35.772,401.264,401.264,6900.0
0.7872,41.954,35.604,401.932,401.932,6900.0
0.7873,41.764,35.174,402.597,402.597,6900.0
0.7874,41.543,34.72,403.228,403.228,6900.0
0.7875,41.54,34.491,403.846,403.846,6900.0
0.7876,41.292,34.023,404.451,404.451,6900.0
0.7877,41.224,33.743,405.051,405.051,6900.0
0.7878,40.852,33.167,405.645,405.645,6900.0
0.7879,40.405,32.523,406.209,406.209,6900.0
0.788,40.186,32.114,406.749,406.749,6900.0
0.7881,39.805,31.552,407.274,407.274,6900.0
0.7882,39.449,31.022,407.79,407.79,6900.0
0.7883,38.871,30.279,408.286,408.286,6900.0
0.7884,38.241,29.493,408.743,408.743,6900.0
0.7885,37.762,28.866,409.156,409.156,6900.0
0.7886,37.197,28.162,409.536,409.536,6900.0
0.7887,36.656,27.491,409.884,409.884,6900.0
0.7888,36.048,26.762,410.199,410.199,6900.0
0.7889,35.36,25.962,410.478,410.478,6900.0
0.789,34.689,25.189,410.719,410.719,6900.0
0.7891,33.972,24.378,410.923,410.923,6900.0
0.7892,33.285,23.607,411.085,411.085,6900.0
0.7893,32.607,22.854,411.215,411.215,6900.0
0.7894,31.901,22.084,411.318,411.318,6900.0
0.7895,31.051,21.179,411.397,411.397,6900.0
0.7896,30.019,20.102,411.432,411.432,6900.0
0.7897,29.139,19.186,411.404,411.404,6900.0
0.7898,28.452,18.474,411.333,411.333,6900.0
0.7899,27.747,17.753,411.238,411.238,6900.0
0.79,26.861,16.861,411.129,411.129,6900.0
0.7901,25.533,15.537,410.975,410.975,6900.0
0.7902,24.448,14.465,410.749,410.749,6900.0
0.7903,23.7,13.742,410.476,410.476,6900.0
0.7904,22.922,12.997,410.175,410.175,6900.0
0.7905,22.091,12.209,409.862,409.862,6900.0
0.7906,20.81,10.981,409.524,409.524,6900.0
0.7907,19.649,9.883,409.139,409.139,6900.0
0.7908,18.725,9.032,408.725,408.725,6900.0
0.7909,17.629,8.017,408.283,408.283,6900.0
0.791,16.601,7.08,407.823,407.823,6900.0
0.7911,15.323,5.903,407.335,407.335,6900.0
0.7912,14.042,4.733,406.813,406.813,6900.0
0.7913,12.93,3.74,406.263,406.263,6900.0
0.7914,11.727,2.665,405.687,405.687,6900.0
0.7915,10.584,1.66,405.092,405.092,6900.0
0.7916,9.349,0.57,404.479,404.479,6900.0
0.7917,7.001,-1.622,403.856,403.856,6900.0
0.7918,-0.0,-8.46,403.216,403.216,6900.0
0.7919,-0.0,-8.289,402.557,402.557,6900.0
0.792,0.0,-8.108,401.897,401.897,6900.0
0.7921,0.0,-7.92,401.236,401.236,6900.0
0.7922,0.0,-7.725,400.574,400.574,6900.0
0.7923,0.0,-7.522,399.911,399.911,6900.0
0.7924,0.0,-7.311,399.246,399.246,6900.0
0.7925,0.0,-7.093,398.581,398.581,6900.0
0.7926,0.0,-6.868,397.914,397.914,6900.0
0.7927,0.0,-6.636,397.247,397.247,6900.0
0.7928,0.0,-6.398,396.578,396.578,6900.0
0.7929,0.0,-6.154,395.908,395.908,6900.0
0.793,0.0,-5.903,395.237,395.237,6900.0
0.7931,0.0,-5.647,394.565,394.565,6900.0
0.7932,0.0,-5.385,393.891,393.891,6900.0
0.7933,0.0,-5.117,393.217,393.217,6900.0
0.7934,0.0,-4.845,392.542,392.542,6900.0
0.7935,-7.172,-11.74,391.897,391.897,6900.0
0.7936,-12.54,-16.826,391.361,391.361,6900.0
0.7937,-14.57,-18.57,390.898,390.898,6900.0
0.7938,-16.126,-19.837,390.473,390.473,6900.0
0.7939,-17.626,-21.043,390.088,390.088,6900.0
0.794,-19.083,-22.203,389.751,389.751,6900.0
0.7941,-20.326,-23.146,389.463,389.463,6900.0
0.7942,-21.555,-24.072,389.218,389.218,6900.0
0.7943,-22.815,-25.027,389.017,389.017,6900.0
0.7944,-24.014,-25.918,388.859,388.859,6900.0
0.7945,-25.21,-26.805,388.74,388.74,6900.0
0.7946,-26.394,-27.678,388.665,388.665,6900.0
0.7947,-27.639,-28.611,388.635,388.635,6900.0
0.7948,-28.741,-29.4,388.655,388.655,6900.0
0.7949,-29.73,-30.075,388.715,388.715,6900.0
0.795,-30.764,-30.795,388.806,388.806,6900.0
0.7951,-31.93,-31.647,388.942,388.942,6900.0
0.7952,-33.049,-32.453,389.129,389.129,6900.0
0.7953,-33.997,-33.087,389.384,389.384,6900.0
0.7954,-34.707,-33.485,389.685,389.685,6900.0
0.7955,-35.461,-33.928,390.008,390.008,6900.0
0.7956,-36.367,-34.524,390.37,390.37,6900.0
0.7957,-37.154,-35.003,390.769,390.769,6900.0
0.7958,-37.926,-35.47,391.22,391.22,6900.0
0.7959,-38.403,-35.643,391.705,391.705,6900.0
0.796,-38.953,-35.893,392.192,392.192,6900.0
0.7961,-39.601,-36.244,392.71,392.71,6900.0
0.7962,-40.074,-36.422,393.249,393.249,6900.0
0.7963,-40.707,-36.764,393.824,393.824,6900.0
0.7964,-40.973,-36.744,394.433,394.433,6900.0
0.7965,-41.297,-36.785,395.045,395.045,6900.0
0.7966,-41.655,-36.865,395.686,395.686,6900.0
0.7967,-41.775,-36.711,396.335,396.335,6900.0
0.7968,-42.143,-36.812,396.994,396.994,6900.0
0.7969,-42.149,-36.554,397.674,397.674,6900.0
0.797,-42.244,-36.391,398.342,398.342,6900.0
0.7971,-42.311,-36.206,399.025,399.025,6900.0
0.7972,-42.115,-35.765,399.695,399.695,6900.0
0.7973,-42.234,-35.644,400.343,400.343,6900.0
0.7974,-42.084,-35.262,400.998,400.998,6900.0
0.7975,-42.046,-34.997,401.635,401.635,6900.0
0.7976,-41.865,-34.597,402.281,402.281,6900.0
0.7977,-41.443,-33.963,402.908,402.908,6900.0
0.7978,-41.239,-33.554,403.499,403.499,6900.0
0.7979,-40.959,-33.077,404.083,404.083,6900.0
0.798,-40.704,-32.632,404.649,404.649,6900.0
0.7981,-40.28,-32.026,405.21,405.21,6900.0
0.7982,-39.718,-31.292,405.74,405.74,6900.0
0.7983,-39.238,-30.647,406.226,406.226,6900.0
0.7984,-38.776,-30.028,406.681,406.681,6900.0
0.7985,-38.338,-29.442,407.107,407.107,6900.0
0.7986,-37.775,-28.74,407.509,407.509,6900.0
0.7987,-37.11,-27.945,407.879,407.879,6900.0
0.7988,-36.491,-27.205,408.207,408.207,6900.0
0.7989,-35.867,-26.469,408.499,408.499,6900.0
0.799,-35.218,-25.717,408.755,408.755,6900.0
0.7991,-34.521,-24.927,408.976,408.976,6900.0
0.7992,-33.841,-24.163,409.164,409.164,6900.0
0.7993,-33.141,-23.389,409.323,409.323,6900.0
0.7994,-32.247,-22.43,409.445,409.445,6900.0
0.7995,-31.307,-21.435,409.515,409.515,6900.0
0.7996,-30.559,-20.642,409.531,409.531,6900.0
0.7997,-29.856,-19.904,409.514,409.514,6900.0
0.7998,-29.151,-19.173,409.476,409.476,6900.0
0.7999,-28.034,-18.04,409.413,409.413,6900.0
0.8,-26.811,-16.811,409.286,409.286,6900.0
0.8001,-25.989,-15.993,409.096,409.096,6900.0
0.8002,-25.274,-15.292,408.873,408.873,6900.0
0.8003,-24.564,-14.606,408.636,408.636,6900.0
0.8004,-23.365,-13.44,408.386,408.386,6900.0
0.8005,-22.042,-12.16,408.088,408.088,6900.0
0.8006,-21.123,-11.294,407.738,407.738,6900.0
0.8007,-20.048,-10.282,407.358,407.358,6900.0
0.8008,-19.168,-9.475,406.949,406.949,6900.0
0.8009,-17.944,-8.332,406.519,406.519,6900.0
0.801,-16.611,-7.091,406.052,406.052,6900.0
0.8011,-15.585,-6.165,405.546,405.546,6900.0
0.8012,-14.394,-5.085,405.016,405.016,6900.0
0.8013,-13.327,-4.137,404.461,404.461,6900.0
0.8014,-12.1,-3.039,403.888,403.888,6900.0
0.8015,-10.807,-1.883,403.296,403.296,6900.0
0.8016,-9.572,-0.794,402.685,402.685,6900.0
0.8017,-8.025,0.598,402.06,402.06,6900.0
0.8018,0.0,8.46,401.425,401.425,6900.0
0.8019,0.0,8.289,400.763,400.763,6900.0
0.802,-0.216,7.893,400.1,400.1,6900.0
0.8021,-0.0,7.92,399.436,399.436,6900.0
0.8022,-0.0,7.725,398.771,398.771,6900.0
0.8023,-0.0,7.522,398.105,398.105,6900.0
0.8024,-0.0,7.311,397.438,397.438,6900.0
0.8025,-0.0,7.093,396.769,396.769,6900.0
0.8026,-0.0,6.868,396.1,396.1,6900.0
0.8027,-0.0,6.636,395.429,395.429,6900.0
0.8028,-0.0,6.398,394.757,394.757,6900.0
0.8029,-0.0,6.154,394.084,394.084,6900.0
0.803,-0.0,5.903,393.41,393.41,6900.0
0.8031,-0.0,5.647,392.735,392.735,6900.0
0.8032,-0.0,5.385,392.058,392.058,6900.0
0.8033,-0.0,5.117,391.381,391.381,6900.0
0.8034,0.83,5.675,390.707,390.707,6900.0
0.8035,9.414,13.982,390.089,390.089,6900.0
0.8036,13.194,17.48,389.566,389.566,6900.0
0.8037,15.202,19.202,389.099,389.099,6900.0
0.8038,16.831,20.542,388.678,388.678,6900.0
0.8039,18.306,21.723,388.307,388.307,6900.0
0.804,19.593,22.713,387.981,387.981,6900.0
0.8041,20.915,23.735,387.698,387.698,6900.0
0.8042,22.255,24.772,387.461,387.461,6900.0
0.8043,23.564,25.777,387.273,387.273,6900.0
0.8044,24.824,26.729,387.133,387.133,6900.0
0.8045,26.058,27.654,387.041,387.041,6900.0
0.8046,27.267,28.552,386.998,386.998,6900.0
0.8047,28.381,29.354,386.996,386.996,6900.0
0.8048,29.442,30.102,387.028,387.028,6900.0
0.8049,30.658,31.004,387.09,387.09,6900.0
0.805,31.792,31.824,387.2,387.2,6900.0
0.8051,33.023,32.741,387.367,387.367,6900.0
0.8052,33.973,33.376,387.593,387.593,6900.0
0.8053,34.792,33.882,387.859,387.859,6900.0
0.8054,35.845,34.623,388.157,388.157,6900.0
0.8055,36.709,35.175,388.511,388.511,6900.0
0.8056,37.715,35.872,388.918,388.918,6900.0
0.8057,38.317,36.167,389.386,389.386,6900.0
0.8058,38.843,36.386,389.873,389.873,6900.0
0.8059,39.6,36.84,390.375,390.375,6900.0
0.806,40.168,37.108,390.909,390.909,6900.0
0.8061,40.897,37.539,391.462,391.462,6900.0
0.8062,41.341,37.689,392.062,392.062,6900.0
0.8063,41.636,37.694,392.669,392.669,6900.0
0.8064,42.229,37.999,393.285,393.285,6900.0
0.8065,42.539,38.028,393.932,393.932,6900.0
0.8066,42.9,38.11,394.587,394.587,6900.0
0.8067,43.232,38.169,395.283,395.283,6900.0
0.8068,43.245,37.913,395.991,395.991,6900.0
0.8069,43.533,37.938,396.707,396.707,6900.0
0.807,43.488,37.636,397.442,397.442,6900.0
0.8071,43.436,37.332,398.157,398.157,6900.0
0.8072,43.526,37.176,398.875,398.875,6900.0
0.8073,43.328,36.738,399.581,399.581,6900.0
0.8074,43.361,36.539,400.278,400.278,6900.0
0.8075,43.114,36.065,400.968,400.968,6900.0
0.8076,42.826,35.558,401.621,401.621,6900.0
0.8077,42.748,35.267,402.258,402.258,6900.0
0.8078,42.468,34.783,402.883,402.883,6900.0
0.8079,42.257,34.374,403.507,403.507,6900.0
0.808,41.847,33.775,404.122,404.122,6900.0
0.8081,41.27,33.017,404.707,404.707,6900.0
0.8082,40.926,32.5,405.258,405.258,6900.0
0.8083,40.448,31.856,405.786,405.786,6900.0
0.8084,39.979,31.231,406.295,406.295,6900.0
0.8085,39.328,30.433,406.773,406.773,6900.0
0.8086,38.654,29.619,407.208,407.208,6900.0
0.8087,38.081,28.916,407.594,407.594,6900.0
0.8088,37.485,28.199,407.941,407.941,6900.0
0.8089,36.847,27.449,408.252,408.252,6900.0
0.809,36.171,26.67,408.529,408.529,6900.0
0.8091,35.496,25.902,408.773,408.773,6900.0
0.8092,34.686,25.008,408.986,408.986,6900.0
0.8093,33.879,24.127,409.157,409.157,6900.0
0.8094,33.059,23.242,409.282,409.282,6900.0
0.8095,32.307,22.435,409.368,409.368,6900.0
0.8096,31.548,21.631,409.427,409.427,6900.0
0.8097,30.616,20.663,409.463,409.463,6900.0
0.8098,29.444,19.466,409.448,409.448,6900.0
0.8099,28.483,18.489,409.361,409.361,6900.0
0.81,27.695,17.695,409.227,409.227,6900.0
0.8101,27.009,17.013,409.069,409.069,6900.0
0.8102,26.09,16.107,408.902,408.902,6900.0
0.8103,24.688,14.73,408.699,408.699,6900.0
0.8104,23.518,13.593,408.429,408.429,6900.0
0.8105,22.639,12.757,408.116,408.116,6900.0
0.8106,21.681,11.853,407.769,407.769,6900.0
0.8107,20.703,10.937,407.403,407.403,6900.0
0.8108,19.338,9.645,407.007,407.007,6900.0
0.8109,18.117,8.506,406.564,406.564,6900.0
0.811,17.107,7.586,406.091,406.091,6900.0
0.8111,15.948,6.528,405.591,405.591,6900.0
0.8112,14.827,5.517,405.071,405.071,6900.0
0.8113,13.497,4.307,404.529,404.529,6900.0
0.8114,12.184,3.123,403.961,403.961,6900.0
0.8115,10.933,2.008,403.371,403.371,6900.0
0.8116,9.649,0.871,402.762,402.762,6900.0
0.8117,8.084,-0.539,402.137,402.137,6900.0
0.8118,-0.0,-8.46,401.503,401.503,6900.0
0.8119,-0.0,-8.289,400.841,400.841,6900.0
0.812,0.011,-8.098,400.178,400.178,6900.0
0.8121,0.0,-7.92,399.514,399.514,6900.0
0.8122,0.0,-7.725,398.849,398.849,6900.0
0.8123,0.0,-7.522,398.183,398.183,6900.0
0.8124,0.0,-7.311,397.516,397.516,6900.0
0.8125,0.0,-7.093,396.848,396.848,6900.0
0.8126,0.0,-6.868,396.178,396.178,6900.0
0.8127,0.0,-6.636,395.507,395.507,6900.0
0.8128,0.0,-6.398,394.836,394.836,6900.0
0.8129,0.0,-6.154,394.163,394.163,6900.0
0.813,0.0,-5.903,393.489,393.489,6900.0
0.8131,0.0,-5.647,392.814,392.814,6900.0
0.8132,0.0,-5.385,392.137,392.137,6900.0
0.8133,0.0,-5.117,391.46,391.46,6900.0
0.8134,-1.991,-6.836,390.788,390.788,6900.0
0.8135,-10.418,-14.985,390.174,390.174,6900.0
0.8136,-13.998,-18.284,389.654,389.654,6900.0
0.8137,-15.98,-19.98,389.202,389.202,6900.0
0.8138,-17.399,-21.109,388.801,388.801,6900.0
0.8139,-18.709,-22.126,388.44,388.44,6900.0
0.814,-20.144,-23.264,388.121,388.121,6900.0
0.8141,-21.566,-24.386,387.853,387.853,6900.0
0.8142,-22.935,-25.453,387.638,387.638,6900.0
0.8143,-24.188,-26.401,387.475,387.475,6900.0
0.8144,-25.434,-27.339,387.359,387.359,6900.0
0.8145,-26.639,-28.235,387.286,387.286,6900.0
0.8146,-27.823,-29.107,387.249,387.249,6900.0
0.8147,-28.949,-29.922,387.243,387.243,6900.0
0.8148,-30.237,-30.896,387.272,387.272,6900.0
0.8149,-31.53,-31.876,387.348,387.348,6900.0
0.815,-32.701,-32.732,387.483,387.483,6900.0
0.8151,-33.67,-33.388,387.668,387.668,6900.0
0.8152,-34.651,-34.055,387.891,387.891,6900.0
0.8153,-35.838,-34.928,388.168,388.168,6900.0
0.8154,-36.846,-35.624,388.507,388.507,6900.0
0.8155,-37.724,-36.191,388.922,388.922,6900.0
0.8156,-38.334,-36.491,389.384,389.384,6900.0
0.8157,-38.981,-36.83,389.859,389.859,6900.0
0.8158,-39.712,-37.256,390.364,390.364,6900.0
0.8159,-40.4,-37.64,390.888,390.888,6900.0
0.816,-41.108,-38.048,391.449,391.449,6900.0
0.8161,-41.544,-38.186,392.034,392.034,6900.0
0.8162,-42.031,-38.379,392.615,392.615,6900.0
0.8163,-42.637,-38.695,393.224,393.224,6900.0
0.8164,-43.012,-38.783,393.856,393.856,6900.0
0.8165,-43.64,-39.128,394.526,394.526,6900.0
0.8166,-43.794,-39.004,395.24,395.24,6900.0
0.8167,-44.016,-38.953,395.962,395.962,6900.0
0.8168,-44.197,-38.865,396.717,396.717,6900.0
0.8169,-44.171,-38.577,397.473,397.473,6900.0
0.817,-44.331,-38.479,398.223,398.223,6900.0
0.8171,-44.234,-38.129,398.98,398.98,6900.0
0.8172,-44.235,-37.885,399.711,399.711,6900.0
0.8173,-44.136,-37.547,400.441,400.441,6900.0
0.8174,-43.877,-37.054,401.145,401.145,6900.0
0.8175,-43.855,-36.807,401.815,401.815,6900.0
0.8176,-43.68,-36.412,402.484,402.484,6900.0
0.8177,-43.586,-36.106,403.14,403.14,6900.0
0.8178,-43.303,-35.618,403.807,403.807,6900.0
0.8179,-42.812,-34.93,404.461,404.461,6900.0
0.818,-42.455,-34.383,405.081,405.081,6900.0
0.8181,-42.055,-33.802,405.689,405.689,6900.0
0.8182,-41.637,-33.211,406.277,406.277,6900.0
0.8183,-41.068,-32.476,406.848,406.848,6900.0
0.8184,-40.367,-31.619,407.379,407.379,6900.0
0.8185,-39.757,-30.862,407.855,407.855,6900.0
0.8186,-39.192,-30.158,408.286,408.286,6900.0
0.8187,-38.624,-29.459,408.675,408.675,6900.0
0.8188,-37.998,-28.712,409.031,409.031,6900.0
0.8189,-37.332,-27.934,409.351,409.351,6900.0
0.819,-36.678,-27.177,409.637,409.637,6900.0
0.8191,-35.913,-26.319,409.892,409.892,6900.0
0.8192,-35.123,-25.445,410.11,410.11,6900.0
0.8193,-34.375,-24.622,410.292,410.292,6900.0
0.8194,-33.586,-23.77,410.445,410.445,6900.0
0.8195,-32.781,-22.909,410.57,410.57,6900.0
0.8196,-31.72,-21.803,410.657,410.657,6900.0
0.8197,-30.575,-20.622,410.679,410.679,6900.0
0.8198,-29.775,-19.797,410.634,410.634,6900.0
0.8199,-29.019,-19.025,410.551,410.551,6900.0
0.82,-28.236,-18.236,410.448,410.448,6900.0
0.8201,-27.052,-17.056,410.321,410.321,6900.0
0.8202,-25.758,-15.775,410.131,410.131,6900.0
0.8203,-24.872,-14.913,409.88,409.88,6900.0
0.8204,-23.958,-14.033,409.597,409.597,6900.0
0.8205,-23.171,-13.289,409.296,409.296,6900.0
0.8206,-21.948,-12.12,408.981,408.981,6900.0
0.8207,-20.542,-10.776,408.626,408.626,6900.0
0.8208,-19.537,-9.843,408.224,408.224,6900.0
0.8209,-18.329,-8.717,407.795,407.795,6900.0
0.821,-17.301,-7.781,407.336,407.336,6900.0
0.8211,-16.025,-6.606,406.856,406.856,6900.0
0.8212,-14.607,-5.298,406.342,406.342,6900.0
0.8213,-13.433,-4.243,405.794,405.794,6900.0
0.8214,-12.191,-3.13,405.222,405.222,6900.0
0.8215,-10.957,-2.033,404.628,404.628,6900.0
0.8216,-9.694,-0.916,404.018,404.018,6900.0
0.8217,-8.274,0.349,403.393,403.393,6900.0
0.8218,0.0,8.46,402.762,402.762,6900.0
0.8219,0.0,8.289,402.102,402.102,6900.0
0.822,-0.019,8.09,401.442,401.442,6900.0
0.8221,-0.0,7.92,400.78,400.78,6900.0
0.8222,-0.0,7.725,400.117,400.117,6900.0
0.8223,-0.0,7.522,399.453,399.453,6900.0
0.8224,-0.0,7.311,398.788,398.788,6900.0
0.8225,-0.0,7.093,398.122,398.122,6900.0
0.8226,-0.0,6.868,397.454,397.454,6900.0
0.8227,-0.0,6.636,396.786,396.786,6900.0
0.8228,-0.0,6.398,396.116,396.116,6900.0
0.8229,-0.0,6.154,395.446,395.446,6900.0
0.823,-0.0,5.903,394.774,394.774,6900.0
0.8231,-0.0,5.647,394.101,394.101,6900.0
0.8232,-0.0,5.385,393.427,393.427,6900.0
0.8233,-0.0,5.117,392.752,392.752,6900.0
0.8234,1.495,6.34,392.081,392.081,6900.0
0.8235,10.505,15.073,391.468,391.468,6900.0
0.8236,14.09,18.377,390.969,390.969,6900.0
0.8237,15.684,19.684,390.531,390.531,6900.0
0.8238,17.13,20.841,390.125,390.125,6900.0
0.8239,18.66,22.077,389.757,389.757,6900.0
0.824,20.153,23.273,389.436,389.436,6900.0
0.8241,21.52,24.34,389.169,389.169,6900.0
0.8242,22.807,25.324,388.949,388.949,6900.0
0.8243,24.085,26.297,388.774,388.774,6900.0
0.8244,25.362,27.266,388.643,388.643,6900.0
0.8245,26.574,28.17,388.553,388.553,6900.0
0.8246,27.843,29.128,388.503,388.503,6900.0
0.8247,29.065,30.037,388.498,388.498,6900.0
0.8248,30.313,30.973,388.546,388.546,6900.0
0.8249,31.404,31.749,388.642,388.642,6900.0
0.825,32.404,32.435,388.776,388.776,6900.0
0.8251,33.609,33.327,388.945,388.945,6900.0
0.8252,34.648,34.051,389.172,389.172,6900.0
0.8253,35.808,34.898,389.462,389.462,6900.0
0.8254,36.599,35.377,389.817,389.817,6900.0
0.8255,37.308,35.775,390.205,390.205,6900.0
0.8256,38.19,36.347,390.617,390.617,6900.0
0.8257,38.889,36.738,391.071,391.071,6900.0
0.8258,39.785,37.329,391.56,391.56,6900.0
0.8259,40.342,37.582,392.1,392.1,6900.0
0.826,40.75,37.689,392.651,392.651,6900.0
0.8261,41.509,38.151,393.211,393.211,6900.0
0.8262,41.978,38.326,393.805,393.805,6900.0
0.8263,42.563,38.621,394.419,394.419,6900.0
0.8264,42.975,38.745,395.081,395.081,6900.0
0.8265,43.16,38.648,395.757,395.757,6900.0
0.8266,43.602,38.812,396.445,396.445,6900.0
0.8267,43.721,38.657,397.162,397.162,6900.0
0.8268,43.915,38.584,397.874,397.874,6900.0
0.8269,44.089,38.494,398.612,398.612,6900.0
0.827,43.978,38.125,399.348,399.348,6900.0
0.8271,44.142,38.037,400.08,400.08,6900.0
0.8272,44.023,37.673,400.816,400.816,6900.0
0.8273,43.854,37.264,401.523,401.523,6900.0
0.8274,43.849,37.026,402.222,402.222,6900.0
0.8275,43.613,36.564,402.908,402.908,6900.0
0.8276,43.554,36.286,403.588,403.588,6900.0
0.8277,43.213,35.732,404.263,404.263,6900.0
0.8278,42.789,35.104,404.906,404.906,6900.0
0.8279,42.595,34.713,405.527,405.527,6900.0
0.828,42.199,34.128,406.136,406.136,6900.0
0.8281,41.866,33.613,406.737,406.737,6900.0
0.8282,41.285,32.858,407.322,407.322,6900.0
0.8283,40.642,32.05,407.866,407.866,6900.0
0.8284,40.201,31.453,408.365,408.365,6900.0
0.8285,39.622,30.726,408.832,408.832,6900.0
0.8286,39.053,30.019,409.268,409.268,6900.0
0.8287,38.392,29.227,409.669,409.669,6900.0
0.8288,37.721,28.435,410.029,410.029,6900.0
0.8289,37.019,27.621,410.348,410.348,6900.0
0.829,36.36,26.859,410.628,410.628,6900.0
0.8291,35.65,26.056,410.872,410.872,6900.0
0.8292,34.917,25.239,411.083,411.083,6900.0
0.8293,34.128,24.376,411.266,411.266,6900.0
0.8294,33.274,23.458,411.418,411.418,6900.0
0.8295,32.276,22.404,411.525,411.525,6900.0
0.8296,31.365,21.448,411.571,411.571,6900.0
0.8297,30.595,20.642,411.573,411.573,6900.0
0.8298,29.833,19.855,411.545,411.545,6900.0
0.8299,28.899,18.905,411.498,411.498,6900.0
0.83,27.598,17.598,411.402,411.402,6900.0
0.8301,26.519,16.523,411.233,411.233,6900.0
0.8302,25.765,15.782,411.016,411.016,6900.0
0.8303,24.971,15.012,410.774,410.774,6900.0
0.8304,24.044,14.119,410.525,410.525,6900.0
0.8305,22.674,12.792,410.246,410.246,6900.0
0.8306,21.438,11.61,409.913,409.913,6900.0
0.8307,20.486,10.72,409.543,409.543,6900.0
0.8308,19.436,9.743,409.142,409.142,6900.0
0.8309,18.34,8.728,408.72,408.72,6900.0
0.831,16.964,7.444,408.269,408.269,6900.0
0.8311,15.668,6.249,407.776,407.776,6900.0
0.8312,14.578,5.269,407.252,407.252,6900.0
0.8313,13.349,4.159,406.703,406.703,6900.0
0.8314,12.189,3.127,406.133,406.133,6900.0
0.8315,10.89,1.966,405.544,405.544,6900.0
0.8316,9.572,0.794,404.936,404.936,6900.0
0.8317,8.043,-0.581,404.315,404.315,6900.0
0.8318,-0.0,-8.46,403.683,403.683,6900.0
0.8319,-0.0,-8.289,403.025,403.025,6900.0
0.832,0.116,-7.993,402.366,402.366,6900.0
0.8321,0.0,-7.92,401.705,401.705,6900.0
0.8322,0.0,-7.725,401.044,401.044,6900.0
0.8323,0.0,-7.522,400.382,400.382,6900.0
0.8324,0.0,-7.311,399.718,399.718,6900.0
0.8325,0.0,-7.093,399.053,399.053,6900.0
0.8326,0.0,-6.868,398.388,398.388,6900.0
0.8327,0.0,-6.636,397.721,397.721,6900.0
0.8328,0.0,-6.398,397.053,397.053,6900.0
0.8329,0.0,-6.154,396.384,396.384,6900.0
0.833,0.0,-5.903,395.713,395.713,6900.0
0.8331,0.0,-5.647,395.042,395.042,6900.0
0.8332,0.0,-5.385,394.37,394.37,6900.0
0.8333,0.0,-5.117,393.696,393.696,6900.0
0.8334,-0.322,-5.167,393.025,393.025,6900.0
0.8335,-9.088,-13.656,392.403,392.403,6900.0
0.8336,-13.167,-17.453,391.882,391.882,6900.0
0.8337,-15.203,-19.203,391.417,391.417,6900.0
0.8338,-16.892,-20.602,390.995,390.995,6900.0
0.8339,-18.468,-21.885,390.622,390.622,6900.0
0.834,-19.788,-22.908,390.299,390.299,6900.0
0.8341,-21.072,-23.892,390.02,390.02,6900.0
0.8342,-22.405,-24.922,389.786,389.786,6900.0
0.8343,-23.728,-25.94,389.6,389.6,6900.0
0.8344,-24.967,-26.872,389.463,389.463,6900.0
0.8345,-26.206,-27.802,389.374,389.374,6900.0
0.8346,-27.443,-28.727,389.331,389.331,6900.0
0.8347,-28.578,-29.55,389.335,389.335,6900.0
0.8348,-29.638,-30.297,389.376,389.376,6900.0
0.8349,-30.705,-31.051,389.446,389.446,6900.0
0.835,-31.931,-31.962,389.554,389.554,6900.0
0.8351,-33.148,-32.865,389.709,389.709,6900.0
0.8352,-34.173,-33.576,389.93,389.93,6900.0
0.8353,-34.999,-34.089,390.199,390.199,6900.0
0.8354,-35.869,-34.647,390.498,390.498,6900.0
0.8355,-36.882,-35.349,390.846,390.846,6900.0
0.8356,-37.746,-35.903,391.245,391.245,6900.0
0.8357,-38.561,-36.411,391.71,391.71,6900.0
0.8358,-39.074,-36.618,392.215,392.215,6900.0
0.8359,-39.567,-36.808,392.729,392.729,6900.0
0.836,-40.265,-37.205,393.266,393.266,6900.0
0.8361,-40.752,-37.394,393.821,393.821,6900.0
0.8362,-41.423,-37.771,394.406,394.406,6900.0
0.8363,-41.759,-37.816,395.016,395.016,6900.0
0.8364,-42.114,-37.885,395.623,395.623,6900.0
0.8365,-42.589,-38.077,396.257,396.257,6900.0
0.8366,-42.826,-38.036,396.907,396.907,6900.0
0.8367,-43.266,-38.202,397.582,397.582,6900.0
0.8368,-43.329,-37.997,398.292,398.292,6900.0
0.8369,-43.453,-37.858,399.002,399.002,6900.0
0.837,-43.541,-37.689,399.734,399.734,6900.0
0.8371,-43.348,-37.243,400.462,400.462,6900.0
0.8372,-43.459,-37.109,401.169,401.169,6900.0
0.8373,-43.281,-36.692,401.88,401.88,6900.0
0.8374,-43.196,-36.374,402.565,402.565,6900.0
0.8375,-43.045,-35.997,403.249,403.249,6900.0
0.8376,-42.697,-35.429,403.907,403.907,6900.0
0.8377,-42.563,-35.082,404.528,404.528,6900.0
0.8378,-42.332,-34.647,405.143,405.143,6900.0
0.8379,-42.097,-34.215,405.744,405.744,6900.0
0.838,-41.744,-33.673,406.347,406.347,6900.0
0.8381,-41.184,-32.93,406.931,406.931,6900.0
0.8382,-40.736,-32.309,407.476,407.476,6900.0
0.8383,-40.267,-31.676,408.001,408.001,6900.0
0.8384,-39.807,-31.059,408.5,408.5,6900.0
0.8385,-39.145,-30.25,408.978,408.978,6900.0
0.8386,-38.468,-29.433,409.415,409.415,6900.0
0.8387,-37.818,-28.653,409.802,409.802,6900.0
0.8388,-37.187,-27.901,410.144,410.144,6900.0
0.8389,-36.567,-27.169,410.446,410.446,6900.0
0.839,-35.897,-26.397,410.711,410.711,6900.0
0.8391,-35.227,-25.633,410.942,410.942,6900.0
0.8392,-34.496,-24.818,411.144,411.144,6900.0
0.8393,-33.678,-23.925,411.311,411.311,6900.0
0.8394,-32.795,-22.978,411.437,411.437,6900.0
0.8395,-32.007,-22.135,411.52,411.52,6900.0
0.8396,-31.267,-21.35,411.57,411.57,6900.0
0.8397,-30.445,-20.492,411.599,411.599,6900.0
0.8398,-29.352,-19.374,411.594,411.594,6900.0
0.8399,-28.109,-18.115,411.523,411.523,6900.0
0.84,-27.319,-17.319,411.384,411.384,6900.0
0.8401,-26.619,-16.623,411.21,411.21,6900.0
0.8402,-25.862,-15.88,411.023,411.023,6900.0
0.8403,-24.65,-14.692,410.819,410.819,6900.0
0.8404,-23.287,-13.362,410.562,410.562,6900.0
0.8405,-22.414,-12.532,410.249,410.249,6900.0
0.8406,-21.354,-11.525,409.905,409.905,6900.0
0.8407,-20.491,-10.725,409.533,409.533,6900.0
0.8408,-19.299,-9.605,409.142,409.142,6900.0
0.8409,-17.894,-8.283,408.712,408.712,6900.0
0.841,-16.904,-7.384,408.24,408.24,6900.0
0.8411,-15.706,-6.286,407.743,407.743,6900.0
0.8412,-14.668,-5.359,407.22,407.22,6900.0
0.8413,-13.409,-4.219,406.679,406.679,6900.0
0.8414,-12.067,-3.005,406.115,406.115,6900.0
0.8415,-10.84,-1.916,405.527,405.527,6900.0
0.8416,-9.592,-0.814,404.921,404.921,6900.0
0.8417,-7.979,0.645,404.301,404.301,6900.0
0.8418,0.0,8.46,403.669,403.669,6900.0
0.8419,0.0,8.289,403.01,403.01,6900.0
0.842,-0.069,8.04,402.351,402.351,6900.0
0.8421,-0.0,7.92,401.691,401.691,6900.0
0.8422,-0.0,7.725,401.03,401.03,6900.0
0.8423,-0.0,7.522,400.367,400.367,6900.0
0.8424,-0.0,7.311,399.703,399.703,6900.0
0.8425,-0.0,7.093,399.039,399.039,6900.0
0.8426,-0.0,6.868,398.373,398.373,6900.0
0.8427,-0.0,6.636,397.706,397.706,6900.0
0.8428,-0.0,6.398,397.038,397.038,6900.0
0.8429,-0.0,6.154,396.369,396.369,6900.0
0.843,-0.0,5.903,395.699,395.699,6900.0
0.8431,-0.0,5.647,395.027,395.027,6900.0
0.8432,-0.0,5.385,394.355,394.355,6900.0
0.8433,-0.0,5.117,393.681,393.681,6900.0
0.8434,-0.0,4.845,393.008,393.008,6900.0
0.8435,7.579,12.147,392.364,392.364,6900.0
0.8436,12.843,17.129,391.815,391.815,6900.0
0.8437,15.184,19.184,391.346,391.346,6900.0
0.8438,16.786,20.496,390.934,390.934,6900.0
0.8439,18.053,21.47,390.567,390.567,6900.0
0.844,19.365,22.485,390.237,390.237,6900.0
0.8441,20.773,23.593,389.951,389.951,6900.0
0.8442,22.111,24.629,389.714,389.714,6900.0
0.8443,23.396,25.608,389.528,389.528,6900.0
0.8444,24.617,26.521,389.388,389.388,6900.0
0.8445,25.816,27.411,389.294,389.294,6900.0
0.8446,26.948,28.232,389.238,389.238,6900.0
0.8447,28.079,29.052,389.217,389.217,6900.0
0.8448,29.287,29.946,389.228,389.228,6900.0
0.8449,30.427,30.772,389.284,389.284,6900.0
0.845,31.695,31.727,389.392,389.392,6900.0
0.8451,32.679,32.397,389.556,389.556,6900.0
0.8452,33.551,32.954,389.759,389.759,6900.0
0.8453,34.657,33.747,389.999,389.999,6900.0
0.8454,35.567,34.345,390.297,390.297,6900.0
0.8455,36.635,35.102,390.655,390.655,6900.0
0.8456,37.278,35.435,391.078,391.078,6900.0
0.8457,37.802,35.651,391.525,391.525,6900.0
0.8458,38.598,36.142,391.986,391.986,6900.0
0.8459,39.196,36.436,392.479,392.479,6900.0
0.846,39.925,36.864,392.995,392.995,6900.0
0.8461,40.432,37.074,393.551,393.551,6900.0
0.8462,40.758,37.106,394.114,394.114,6900.0
0.8463,41.428,37.486,394.684,394.684,6900.0
0.8464,41.782,37.553,395.288,395.288,6900.0
0.8465,42.263,37.751,395.907,395.907,6900.0
0.8466,42.601,37.811,396.573,396.573,6900.0
0.8467,42.671,37.607,397.253,397.253,6900.0
0.8468,42.979,37.648,397.946,397.946,6900.0
0.8469,43.019,37.424,398.659,398.659,6900.0
0.847,43.018,37.165,399.36,399.36,6900.0
0.8471,43.139,37.035,400.07,400.07,6900.0
0.8472,42.948,36.598,400.771,400.771,6900.0
0.8473,43.043,36.453,401.462,401.462,6900.0
0.8474,42.794,35.971,402.148,402.148,6900.0
0.8475,42.555,35.506,402.798,402.798,6900.0
0.8476,42.525,35.257,403.434,403.434,6900.0
0.8477,42.237,34.757,404.058,404.058,6900.0
0.8478,42.118,34.433,404.677,404.677,6900.0
0.8479,41.717,33.835,405.292,405.292,6900.0
0.848,41.217,33.146,405.877,405.877,6900.0
0.8481,40.935,32.682,406.436,406.436,6900.0
0.8482,40.498,32.072,406.978,406.978,6900.0
0.8483,40.097,31.506,407.507,407.507,6900.0
0.8484,39.428,30.68,408.013,408.013,6900.0
0.8485,38.774,29.878,408.474,408.474,6900.0
0.8486,38.228,29.193,408.887,408.887,6900.0
0.8487,37.645,28.48,409.261,409.261,6900.0
0.8488,37.057,27.77,409.6,409.6,6900.0
0.8489,36.411,27.013,409.903,409.903,6900.0
0.849,35.733,26.232,410.17,410.17,6900.0
0.8491,35.017,25.423,410.402,410.402,6900.0
0.8492,34.247,24.569,410.598,410.598,6900.0
0.8493,33.509,23.757,410.752,410.752,6900.0
0.8494,32.78,22.963,410.875,410.875,6900.0
0.8495,32.009,22.137,410.97,410.97,6900.0
0.8496,31.105,21.188,411.041,411.041,6900.0
0.8497,30.001,20.049,411.063,411.063,6900.0
0.8498,29.065,19.087,411.017,411.017,6900.0
0.8499,28.298,18.304,410.923,410.923,6900.0
0.85,27.6,17.6,410.802,410.802,6900.0
0.8501,26.669,16.673,410.668,410.668,6900.0
0.8502,25.311,15.329,410.492,410.492,6900.0
0.8503,24.248,14.289,410.245,410.245,6900.0
0.8504,23.403,13.478,409.955,409.955,6900.0
0.8505,22.581,12.699,409.636,409.636,6900.0
0.8506,21.646,11.817,409.306,409.306,6900.0
0.8507,20.319,10.553,408.949,408.949,6900.0
0.8508,19.095,9.402,408.544,408.544,6900.0
0.8509,18.124,8.512,408.109,408.109,6900.0
0.851,16.985,7.464,407.645,407.645,6900.0
0.8511,15.916,6.496,407.161,407.161,6900.0
0.8512,14.565,5.256,406.652,406.652,6900.0
0.8513,13.239,4.049,406.11,406.11,6900.0
0.8514,12.1,3.038,405.542,405.542,6900.0
0.8515,10.848,1.923,404.951,404.951,6900.0
0.8516,9.649,0.871,404.342,404.342,6900.0
0.8517,8.202,-0.421,403.719,403.719,6900.0
0.8518,-0.0,-8.46,403.088,403.088,6900.0
0.8519,-0.0,-8.289,402.428,402.428,6900.0
0.852,0.016,-8.092,401.768,401.768,6900.0
0.8521,0.0,-7.92,401.107,401.107,6900.0
0.8522,0.0,-7.725,400.445,400.445,6900.0
0.8523,0.0,-7.522,399.781,399.781,6900.0
0.8524,0.0,-7.311,399.117,399.117,6900.0
0.8525,0.0,-7.093,398.451,398.451,6900.0
0.8526,0.0,-6.868,397.784,397.784,6900.0
0.8527,0.0,-6.636,397.116,397.116,6900.0
0.8528,0.0,-6.398,396.447,396.447,6900.0
0.8529,0.0,-6.154,395.777,395.777,6900.0
0.853,0.0,-5.903,395.106,395.106,6900.0
0.8531,0.0,-5.647,394.434,394.434,6900.0
0.8532,0.0,-5.385,393.76,393.76,6900.0
0.8533,0.0,-5.117,393.085,393.085,6900.0
0.8534,0.0,-4.845,392.411,392.411,6900.0
0.8535,-7.693,-12.261,391.765,391.765,6900.0
0.8536,-13.118,-17.404,391.228,391.228,6900.0
0.8537,-15.119,-19.119,390.776,390.776,6900.0
0.8538,-16.4,-20.111,390.363,390.363,6900.0
0.8539,-17.883,-21.3,389.981,389.981,6900.0
0.854,-19.348,-22.468,389.642,389.642,6900.0
0.8541,-20.78,-23.6,389.354,389.354,6900.0
0.8542,-22.054,-24.572,389.115,389.115,6900.0
0.8543,-23.287,-25.499,388.922,388.922,6900.0
0.8544,-24.523,-26.428,388.773,388.773,6900.0
0.8545,-25.717,-27.313,388.666,388.666,6900.0
0.8546,-26.92,-28.204,388.597,388.597,6900.0
0.8547,-28.152,-29.124,388.573,388.573,6900.0
0.8548,-29.377,-30.036,388.595,388.595,6900.0
0.8549,-30.502,-30.848,388.671,388.671,6900.0
0.855,-31.514,-31.545,388.789,388.789,6900.0
0.8551,-32.459,-32.176,388.94,388.94,6900.0
0.8552,-33.637,-33.04,389.134,389.134,6900.0
0.8553,-34.726,-33.817,389.38,389.38,6900.0
0.8554,-35.642,-34.42,389.695,389.695,6900.0
0.8555,-36.353,-34.82,390.054,390.054,6900.0
0.8556,-37.072,-35.229,390.434,390.434,6900.0
0.8557,-37.95,-35.799,390.853,390.853,6900.0
0.8558,-38.677,-36.22,391.308,391.308,6900.0
0.8559,-39.444,-36.684,391.815,391.815,6900.0
0.856,-39.871,-36.811,392.356,392.356,6900.0
0.8561,-40.338,-36.98,392.9,392.9,6900.0
0.8562,-40.961,-37.309,393.47,393.47,6900.0
0.8563,-41.404,-37.462,394.057,394.057,6900.0
0.8564,-41.974,-37.744,394.675,394.675,6900.0
0.8565,-42.182,-37.67,395.323,395.323,6900.0
0.8566,-42.492,-37.702,395.969,395.969,6900.0
0.8567,-42.8,-37.737,396.644,396.644,6900.0
0.8568,-42.847,-37.516,397.326,397.326,6900.0
0.8569,-43.18,-37.585,398.016,398.016,6900.0
0.857,-43.169,-37.316,398.728,398.728,6900.0
0.8571,-43.193,-37.088,399.43,399.43,6900.0
0.8572,-43.208,-36.858,400.143,400.143,6900.0
0.8573,-42.973,-36.383,400.842,400.842,6900.0
0.8574,-42.948,-36.125,401.515,401.515,6900.0
0.8575,-42.805,-35.756,402.185,402.185,6900.0
0.8576,-42.663,-35.395,402.837,402.837,6900.0
0.8577,-42.455,-34.975,403.489,403.489,6900.0
0.8578,-42.01,-34.325,404.119,404.119,6900.0
0.8579,-41.752,-33.87,404.711,404.711,6900.0
0.858,-41.468,-33.396,405.292,405.292,6900.0
0.8581,-41.118,-32.865,405.857,405.857,6900.0
0.8582,-40.676,-32.25,406.415,406.415,6900.0
0.8583,-40.073,-31.481,406.946,406.946,6900.0
0.8584,-39.535,-30.787,407.432,407.432,6900.0
0.8585,-39.017,-30.121,407.888,407.888,6900.0
0.8586,-38.512,-29.478,408.31,408.31,6900.0
0.8587,-37.85,-28.685,408.705,408.705,6900.0
0.8588,-37.164,-27.878,409.062,409.062,6900.0
0.8589,-36.493,-27.095,409.375,409.375,6900.0
0.859,-35.811,-26.31,409.648,409.648,6900.0
0.8591,-35.115,-25.521,409.879,409.879,6900.0
0.8592,-34.41,-24.732,410.073,410.073,6900.0
0.8593,-33.715,-23.962,410.235,410.235,6900.0
0.8594,-32.99,-23.173,410.37,410.37,6900.0
0.8595,-32.034,-22.162,410.472,410.472,6900.0
0.8596,-31.052,-21.135,410.522,410.522,6900.0
0.8597,-30.242,-20.29,410.519,410.519,6900.0
0.8598,-29.515,-19.537,410.483,410.483,6900.0
0.8599,-28.731,-18.737,410.427,410.427,6900.0
0.86,-27.531,-17.531,410.343,410.343,6900.0
0.8601,-26.265,-16.269,410.19,410.19,6900.0
0.8602,-25.439,-15.457,409.971,409.971,6900.0
0.8603,-24.657,-14.699,409.716,409.716,6900.0
0.8604,-23.916,-13.991,409.445,409.445,6900.0
0.8605,-22.732,-12.85,409.161,409.161,6900.0
0.8606,-21.354,-11.525,408.833,408.833,6900.0
0.8607,-20.446,-10.68,408.459,408.459,6900.0
0.8608,-19.317,-9.624,408.059,408.059,6900.0
0.8609,-18.408,-8.797,407.632,407.632,6900.0
0.861,-17.119,-7.599,407.186,407.186,6900.0
0.8611,-15.704,-6.284,406.704,406.704,6900.0
0.8612,-14.64,-5.331,406.183,406.183,6900.0
0.8613,-13.368,-4.178,405.638,405.638,6900.0
0.8614,-12.27,-3.208,405.066,405.066,6900.0
0.8615,-11.005,-2.08,404.476,404.476,6900.0
0.8616,-9.698,-0.92,403.868,403.868,6900.0
0.8617,-8.338,0.286,403.243,403.243,6900.0
0.8618,0.0,8.46,402.613,402.613,6900.0
0.8619,0.0,8.289,401.953,401.953,6900.0
0.862,-0.04,8.068,401.292,401.292,6900.0
0.8621,-0.0,7.92,400.63,400.63,6900.0
0.8622,-0.0,7.725,399.967,399.967,6900.0
0.8623,-0.0,7.522,399.302,399.302,6900.0
0.8624,-0.0,7.311,398.637,398.637,6900.0
0.8625,-0.0,7.093,397.97,397.97,6900.0
0.8626,-0.0,6.868,397.303,397.303,6900.0
0.8627,-0.0,6.636,396.634,396.634,6900.0
0.8628,-0.0,6.398,395.964,395.964,6900.0
0.8629,-0.0,6.154,395.293,395.293,6900.0
0.863,-0.0,5.903,394.621,394.621,6900.0
0.8631,-0.0,5.647,393.948,393.948,6900.0
0.8632,-0.0,5.385,393.274,393.274,6900.0
0.8633,-0.0,5.117,392.598,392.598,6900.0
0.8634,-0.0,4.845,391.924,391.924,6900.0
0.8635,8.412,12.98,391.29,391.29,6900.0
0.8636,12.905,17.191,390.763,390.763,6900.0
0.8637,14.928,18.929,390.294,390.294,6900.0
0.8638,16.621,20.332,389.864,389.864,6900.0
0.8639,18.211,21.628,389.481,389.481,6900.0
0.864,19.598,22.718,389.152,389.152,6900.0
0.8641,20.885,23.705,388.871,388.871,6900.0
0.8642,22.155,24.672,388.634,388.634,6900.0
0.8643,23.466,25.678,388.442,388.442,6900.0
0.8644,24.696,26.601,388.297,388.297,6900.0
0.8645,25.955,27.55,388.196,388.196,6900.0
0.8646,27.151,28.435,388.139,388.139,6900.0
0.8647,28.394,29.367,388.129,388.129,6900.0
0.8648,29.477,30.136,388.163,388.163,6900.0
0.8649,30.549,30.895,388.23,388.23,6900.0
0.865,31.743,31.775,388.33,388.33,6900.0
0.8651,32.836,32.553,388.481,388.481,6900.0
0.8652,34.045,33.448,388.691,388.691,6900.0
0.8653,34.907,33.997,388.963,388.963,6900.0
0.8654,35.7,34.477,389.272,389.272,6900.0
0.8655,36.691,35.157,389.614,389.614,6900.0
0.8656,37.489,35.646,390.008,390.008,6900.0
0.8657,38.437,36.286,390.451,390.451,6900.0
0.8658,39.007,36.55,390.951,390.951,6900.0
0.8659,39.438,36.679,391.467,391.467,6900.0
0.866,40.175,37.115,391.99,391.99,6900.0
0.8661,40.702,37.345,392.543,392.543,6900.0
0.8662,41.363,37.711,393.111,393.111,6900.0
0.8663,41.806,37.863,393.723,393.723,6900.0
0.8664,42.049,37.819,394.346,394.346,6900.0
0.8665,42.599,38.087,394.978,394.978,6900.0
0.8666,42.875,38.085,395.643,395.643,6900.0
0.8667,43.139,38.076,396.317,396.317,6900.0
0.8668,43.385,38.053,397.026,397.026,6900.0
0.8669,43.386,37.791,397.742,397.742,6900.0
0.867,43.591,37.739,398.463,398.463,6900.0
0.8671,43.471,37.367,399.195,399.195,6900.0
0.8672,43.397,37.047,399.899,399.899,6900.0
0.8673,43.428,36.839,400.602,400.602,6900.0
0.8674,43.226,36.404,401.293,401.293,6900.0
0.8675,43.243,36.194,401.974,401.974,6900.0
0.8676,42.905,35.637,402.651,402.651,6900.0
0.8677,42.565,35.085,403.293,403.293,6900.0
0.8678,42.452,34.766,403.915,403.915,6900.0
0.8679,42.141,34.259,404.526,404.526,6900.0
0.868,41.883,33.812,405.131,405.131,6900.0
0.8681,41.386,33.133,405.725,405.725,6900.0
0.8682,40.8,32.374,406.284,406.284,6900.0
0.8683,40.416,31.824,406.805,406.805,6900.0
0.8684,39.911,31.163,407.301,407.301,6900.0
0.8685,39.416,30.52,407.774,407.774,6900.0
0.8686,38.733,29.698,408.218,408.218,6900.0
0.8687,38.088,28.923,408.618,408.618,6900.0
0.8688,37.438,28.152,408.973,408.973,6900.0
0.8689,36.785,27.387,409.289,409.289,6900.0
0.869,36.144,26.643,409.566,409.566,6900.0
0.8691,35.443,25.849,409.809,409.809,6900.0
0.8692,34.709,25.031,410.02,410.02,6900.0
0.8693,33.918,24.166,410.198,410.198,6900.0
0.8694,33.049,23.232,410.335,410.335,6900.0
0.8695,32.188,22.316,410.423,410.423,6900.0
0.8696,31.436,21.519,410.471,410.471,6900.0
0.8697,30.709,20.757,410.491,410.491,6900.0
0.8698,29.718,19.739,410.491,410.491,6900.0
0.8699,28.525,18.531,410.441,410.441,6900.0
0.87,27.491,17.491,410.318,410.318,6900.0
0.8701,26.731,16.735,410.146,410.146,6900.0
0.8702,26.012,16.029,409.952,409.952,6900.0
0.8703,25.113,15.155,409.749,409.749,6900.0
0.8704,23.707,13.782,409.513,409.513,6900.0
0.8705,22.537,12.656,409.215,409.215,6900.0
0.8706,21.625,11.796,408.876,408.876,6900.0
0.8707,20.628,10.862,408.503,408.503,6900.0
0.8708,19.608,9.914,408.111,408.111,6900.0
0.8709,18.24,8.628,407.688,407.688,6900.0
0.871,16.999,7.479,407.221,407.221,6900.0
0.8711,15.975,6.555,406.723,406.723,6900.0
0.8712,14.801,5.492,406.199,406.199,6900.0
0.8713,13.687,4.497,405.656,405.656,6900.0
0.8714,12.36,3.299,405.094,405.094,6900.0
0.8715,11.036,2.112,404.509,404.509,6900.0
0.8716,9.812,1.034,403.904,403.904,6900.0
0.8717,8.492,-0.132,403.284,403.284,6900.0
0.8718,-0.0,-8.46,402.657,402.657,6900.0
0.8719,-0.0,-8.289,401.997,401.997,6900.0
0.872,0.082,-8.026,401.336,401.336,6900.0
0.8721,0.0,-7.92,400.674,400.674,6900.0
0.8722,0.0,-7.725,400.011,400.011,6900.0
0.8723,0.0,-7.522,399.347,399.347,6900.0
0.8724,0.0,-7.311,398.682,398.682,6900.0
0.8725,0.0,-7.093,398.015,398.015,6900.0
0.8726,0.0,-6.868,397.348,397.348,6900.0
0.8727,0.0,-6.636,396.679,396.679,6900.0
0.8728,0.0,-6.398,396.01,396.01,6900.0
0.8729,0.0,-6.154,395.339,395.339,6900.0
0.873,0.0,-5.903,394.667,394.667,6900.0
0.8731,0.0,-5.647,393.993,393.993,6900.0
0.8732,0.0,-5.385,393.319,393.319,6900.0
0.8733,0.0,-5.117,392.644,392.644,6900.0
0.8734,-0.0,-4.845,391.97,391.97,6900.0
0.8735,-8.392,-12.96,391.334,391.334,6900.0
0.8736,-12.998,-17.284,390.793,390.793,6900.0
0.8737,-15.279,-19.279,390.319,390.319,6900.0
0.8738,-16.975,-20.686,389.9,389.9,6900.0
0.8739,-18.288,-21.705,389.533,389.533,6900.0
0.874,-19.565,-22.685,389.207,389.207,6900.0
0.8741,-20.981,-23.801,388.923,388.923,6900.0
0.8742,-22.313,-24.83,388.689,388.689,6900.0
0.8743,-23.615,-25.827,388.505,388.505,6900.0
0.8744,-24.852,-26.756,388.368,388.368,6900.0
0.8745,-26.095,-27.691,388.275,388.275,6900.0
0.8746,-27.256,-28.54,388.225,388.225,6900.0
0.8747,-28.404,-29.376,388.21,388.21,6900.0
0.8748,-29.544,-30.203,388.227,388.227,6900.0
0.8749,-30.838,-31.184,388.285,388.285,6900.0
0.875,-32.074,-32.105,388.394,388.394,6900.0
0.8751,-33.158,-32.875,388.567,388.567,6900.0
0.8752,-34.046,-33.45,388.791,388.791,6900.0
0.8753,-34.976,-34.067,389.048,389.048,6900.0
0.8754,-36.023,-34.801,389.356,389.356,6900.0
0.8755,-36.985,-35.451,389.715,389.715,6900.0
0.8756,-37.827,-35.984,390.141,390.141,6900.0
0.8757,-38.398,-36.247,390.607,390.607,6900.0
0.8758,-38.986,-36.529,391.083,391.083,6900.0
0.8759,-39.757,-36.997,391.586,391.586,6900.0
0.876,-40.363,-37.303,392.112,392.112,6900.0
0.8761,-41.085,-37.727,392.677,392.677,6900.0
0.8762,-41.465,-37.813,393.272,393.272,6900.0
0.8763,-41.885,-37.943,393.867,393.867,6900.0
0.8764,-42.413,-38.184,394.492,394.492,6900.0
0.8765,-42.7,-38.188,395.135,395.135,6900.0
0.8766,-43.217,-38.427,395.806,395.806,6900.0
0.8767,-43.323,-38.26,396.513,396.513,6900.0
0.8768,-43.507,-38.175,397.217,397.217,6900.0
0.8769,-43.678,-38.084,397.946,397.946,6900.0
0.877,-43.579,-37.726,398.672,398.672,6900.0
0.8771,-43.748,-37.644,399.388,399.388,6900.0
0.8772,-43.662,-37.312,400.112,400.112,6900.0
0.8773,-43.635,-37.045,400.815,400.815,6900.0
0.8774,-43.548,-36.726,401.522,401.522,6900.0
0.8775,-43.222,-36.173,402.208,402.208,6900.0
0.8776,-43.135,-35.867,402.86,402.86,6900.0
0.8777,-42.918,-35.438,403.51,403.51,6900.0
0.8778,-42.726,-35.041,404.144,404.144,6900.0
0.8779,-42.405,-34.522,404.781,404.781,6900.0
0.878,-41.886,-33.814,405.397,405.397,6900.0
0.8781,-41.471,-33.218,405.974,405.974,6900.0
0.8782,-41.091,-32.665,406.532,406.532,6900.0
0.8783,-40.667,-32.076,407.067,407.067,6900.0
0.8784,-40.119,-31.371,407.585,407.585,6900.0
0.8785,-39.429,-30.534,408.068,408.068,6900.0
0.8786,-38.793,-29.758,408.501,408.501,6900.0
0.8787,-38.252,-29.087,408.894,408.894,6900.0
0.8788,-37.628,-28.342,409.251,409.251,6900.0
0.8789,-36.965,-27.567,409.574,409.574,6900.0
0.879,-36.283,-26.782,409.861,409.861,6900.0
0.8791,-35.572,-25.978,410.113,410.113,6900.0
0.8792,-34.793,-25.115,410.326,410.326,6900.0
0.8793,-33.976,-24.224,410.499,410.499,6900.0
0.8794,-33.213,-23.396,410.629,410.629,6900.0
0.8795,-32.432,-22.56,410.728,410.728,6900.0
0.8796,-31.673,-21.756,410.801,410.801,6900.0
0.8797,-30.623,-20.671,410.84,410.84,6900.0
0.8798,-29.477,-19.498,410.818,410.818,6900.0
0.8799,-28.685,-18.691,410.735,410.735,6900.0
0.88,-27.94,-17.94,410.616,410.616,6900.0
0.8801,-27.124,-17.128,410.482,410.482,6900.0
0.8802,-25.963,-15.981,410.325,410.325,6900.0
0.8803,-24.585,-14.626,410.108,410.108,6900.0
0.8804,-23.7,-13.775,409.828,409.828,6900.0
0.8805,-22.77,-12.888,409.514,409.514,6900.0
0.8806,-21.968,-12.139,409.177,409.177,6900.0
0.8807,-20.758,-10.992,408.824,408.824,6900.0
0.8808,-19.363,-9.669,408.432,408.432,6900.0
0.8809,-18.381,-8.769,407.996,407.996,6900.0
0.881,-17.195,-7.674,407.536,407.536,6900.0
0.8811,-16.186,-6.766,407.05,407.05,6900.0
0.8812,-14.885,-5.576,406.544,406.544,6900.0
0.8813,-13.513,-4.323,406.01,406.01,6900.0
0.8814,-12.319,-3.257,405.445,405.445,6900.0
0.8815,-11.017,-2.093,404.859,404.859,6900.0
0.8816,-9.78,-1.002,404.252,404.252,6900.0
0.8817,-8.524,0.1,403.629,403.629,6900.0
0.8818,0.0,8.46,403.002,403.002,6900.0
0.8819,0.0,8.289,402.343,402.343,6900.0
0.882,0.0,8.109,401.683,401.683,6900.0
0.8821,-0.0,7.92,401.021,401.021,6900.0
0.8822,-0.0,7.725,400.359,400.359,6900.0
0.8823,-0.0,7.522,399.695,399.695,6900.0
0.8824,-0.0,7.311,399.031,399.031,6900.0
0.8825,-0.0,7.093,398.365,398.365,6900.0
0.8826,-0.0,6.868,397.698,397.698,6900.0
0.8827,-0.0,6.636,397.03,397.03,6900.0
0.8828,-0.0,6.398,396.361,396.361,6900.0
0.8829,-0.0,6.154,395.69,395.69,6900.0
0.883,-0.0,5.903,395.019,395.019,6900.0
0.8831,-0.0,5.647,394.346,394.346,6900.0
0.8832,-0.0,5.385,393.673,393.673,6900.0
0.8833,-0.0,5.117,392.998,392.998,6900.0
0.8834,-0.0,4.845,392.324,392.324,6900.0
0.8835,8.081,12.649,391.68,391.68,6900.0
0.8836,13.226,17.513,391.138,391.138,6900.0
0.8837,15.343,19.343,390.683,390.683,6900.0
0.8838,16.651,20.362,390.274,390.274,6900.0
0.8839,18.076,21.493,389.896,389.896,6900.0
0.884,19.543,22.663,389.56,389.56,6900.0
0.8841,20.991,23.811,389.274,389.274,6900.0
0.8842,22.319,24.837,389.041,389.041,6900.0
0.8843,23.547,25.759,388.858,388.858,6900.0
0.8844,24.761,26.666,388.717,388.717,6900.0
0.8845,25.993,27.588,388.617,388.617,6900.0
0.8846,27.18,28.464,388.555,388.555,6900.0
0.8847,28.414,29.386,388.529,388.529,6900.0
0.8848,29.619,30.278,388.547,388.547,6900.0
0.8849,30.867,31.212,388.617,388.617,6900.0
0.885,31.91,31.941,388.74,388.74,6900.0
0.8851,32.918,32.636,388.902,388.902,6900.0
0.8852,34.026,33.43,389.103,389.103,6900.0
0.8853,35.056,34.146,389.361,389.361,6900.0
0.8854,36.123,34.901,389.681,389.681,6900.0
0.8855,36.887,35.354,390.063,390.063,6900.0
0.8856,37.514,35.671,390.474,390.474,6900.0
0.8857,38.332,36.181,390.906,390.906,6900.0
0.8858,39.032,36.575,391.375,391.375,6900.0
0.8859,39.855,37.096,391.876,391.876,6900.0
0.886,40.398,37.338,392.424,392.424,6900.0
0.8861,40.761,37.404,392.983,392.983,6900.0
0.8862,41.436,37.784,393.548,393.548,6900.0
0.8863,41.877,37.935,394.145,394.145,6900.0
0.8864,42.451,38.221,394.76,394.76,6900.0
0.8865,42.82,38.308,395.423,395.423,6900.0
0.8866,42.929,38.139,396.102,396.102,6900.0
0.8867,43.336,38.273,396.792,396.792,6900.0
0.8868,43.433,38.101,397.508,397.508,6900.0
0.8869,43.532,37.937,398.219,398.219,6900.0
0.887,43.677,37.825,398.947,398.947,6900.0
0.8871,43.546,37.442,399.669,399.669,6900.0
0.8872,43.639,37.289,400.383,400.383,6900.0
0.8873,43.498,36.908,401.093,401.093,6900.0
0.8874,43.315,36.492,401.772,401.772,6900.0
0.8875,43.307,36.258,402.442,402.442,6900.0
0.8876,43.068,35.8,403.101,403.101,6900.0
0.8877,42.967,35.487,403.758,403.758,6900.0
0.8878,42.614,34.928,404.412,404.412,6900.0
0.8879,42.136,34.254,405.036,405.036,6900.0
0.888,41.917,33.845,405.636,405.636,6900.0
0.8881,41.48,33.227,406.22,406.22,6900.0
0.8882,41.128,32.701,406.79,406.79,6900.0
0.8883,40.507,31.915,407.34,407.34,6900.0
0.8884,39.852,31.104,407.846,407.846,6900.0
0.8885,39.377,30.481,408.304,408.304,6900.0
0.8886,38.809,29.774,408.728,408.728,6900.0
0.8887,38.245,29.08,409.122,409.122,6900.0
0.8888,37.62,28.334,409.483,409.483,6900.0
0.8889,36.908,27.51,409.807,409.807,6900.0
0.889,36.214,26.713,410.092,410.092,6900.0
0.8891,35.498,25.904,410.341,410.341,6900.0
0.8892,34.767,25.089,410.551,410.551,6900.0
0.8893,34.011,24.259,410.727,410.727,6900.0
0.8894,33.273,23.456,410.872,410.872,6900.0
0.8895,32.355,22.483,410.989,410.989,6900.0
0.8896,31.34,21.423,411.058,411.058,6900.0
0.8897,30.432,20.479,411.064,411.064,6900.0
0.8898,29.656,19.677,411.025,411.025,6900.0
0.8899,28.902,18.908,410.959,410.959,6900.0
0.89,27.985,17.985,410.874,410.874,6900.0
0.8901,26.64,16.644,410.744,410.744,6900.0
0.8902,25.548,15.566,410.539,410.539,6900.0
0.8903,24.782,14.823,410.287,410.287,6900.0
0.8904,23.991,14.066,410.011,410.011,6900.0
0.8905,23.092,13.21,409.726,409.726,6900.0
0.8906,21.695,11.866,409.416,409.416,6900.0
0.8907,20.488,10.722,409.054,409.054,6900.0
0.8908,19.515,9.822,408.659,408.659,6900.0
0.8909,18.403,8.791,408.233,408.233,6900.0
0.891,17.305,7.785,407.786,407.786,6900.0
0.8911,15.969,6.55,407.31,407.31,6900.0
0.8912,14.631,5.322,406.794,406.794,6900.0
0.8913,13.52,4.33,406.25,406.25,6900.0
0.8914,12.28,3.218,405.68,405.68,6900.0
0.8915,11.138,2.214,405.09,405.09,6900.0
0.8916,9.845,1.067,404.484,404.484,6900.0
0.8917,8.541,-0.083,403.862,403.862,6900.0
0.8918,-0.0,-8.46,403.236,403.236,6900.0
0.8919,-0.0,-8.289,402.577,402.577,6900.0
0.892,-0.0,-8.109,401.917,401.917,6900.0
0.8921,0.0,-7.92,401.256,401.256,6900.0
0.8922,0.0,-7.725,400.594,400.594,6900.0
0.8923,0.0,-7.522,399.931,399.931,6900.0
0.8924,0.0,-7.311,399.267,399.267,6900.0
0.8925,0.0,-7.093,398.601,398.601,6900.0
0.8926,0.0,-6.868,397.935,397.935,6900.0
0.8927,0.0,-6.636,397.267,397.267,6900.0
0.8928,0.0,-6.398,396.598,396.598,6900.0
0.8929,0.0,-6.154,395.928,395.928,6900.0
0.893,0.0,-5.903,395.257,395.257,6900.0
0.8931,0.0,-5.647,394.585,394.585,6900.0
0.8932,0.0,-5.385,393.912,393.912,6900.0
0.8933,0.0,-5.117,393.238,393.238,6900.0
0.8934,0.0,-4.845,392.564,392.564,6900.0
0.8935,-7.843,-12.411,391.921,391.921,6900.0
0.8936,-12.92,-17.206,391.39,391.39,6900.0
0.8937,-14.84,-18.84,390.927,390.927,6900.0
0.8938,-16.49,-20.201,390.499,390.499,6900.0
0.8939,-18.079,-21.496,390.113,390.113,6900.0
0.894,-19.575,-22.695,389.778,389.778,6900.0
0.8941,-20.834,-23.654,389.496,389.496,6900.0
0.8942,-22.089,-24.606,389.259,389.259,6900.0
0.8943,-23.387,-25.599,389.063,389.063,6900.0
0.8944,-24.647,-26.552,388.913,388.913,6900.0
0.8945,-25.892,-27.487,388.806,388.806,6900.0
0.8946,-27.099,-28.383,388.742,388.742,6900.0
0.8947,-28.385,-29.357,388.722,388.722,6900.0
0.8948,-29.501,-30.16,388.751,388.751,6900.0
0.8949,-30.564,-30.91,388.821,388.821,6900.0
0.895,-31.64,-31.672,388.924,388.924,6900.0
0.8951,-32.869,-32.586,389.072,389.072,6900.0
0.8952,-34.002,-33.405,389.277,389.277,6900.0
0.8953,-34.979,-34.069,389.551,389.551,6900.0
0.8954,-35.731,-34.509,389.874,389.874,6900.0
0.8955,-36.527,-34.994,390.221,390.221,6900.0
0.8956,-37.462,-35.619,390.61,390.61,6900.0
0.8957,-38.26,-36.11,391.038,391.038,6900.0
0.8958,-39.039,-36.583,391.519,391.519,6900.0
0.8959,-39.525,-36.765,392.032,392.032,6900.0
0.896,-40.058,-36.998,392.547,392.547,6900.0
0.8961,-40.757,-37.399,393.09,393.09,6900.0
0.8962,-41.242,-37.59,393.655,393.655,6900.0
0.8963,-41.921,-37.978,394.258,394.258,6900.0
0.8964,-42.176,-37.947,394.898,394.898,6900.0
0.8965,-42.514,-38.002,395.54,395.54,6900.0
0.8966,-42.889,-38.099,396.212,396.212,6900.0
0.8967,-43.019,-37.956,396.897,396.897,6900.0
0.8968,-43.391,-38.06,397.594,397.594,6900.0
0.8969,-43.395,-37.8,398.314,398.314,6900.0
0.897,-43.457,-37.605,399.022,399.022,6900.0
0.8971,-43.512,-37.407,399.741,399.741,6900.0
0.8972,-43.332,-36.982,400.447,400.447,6900.0
0.8973,-43.419,-36.829,401.131,401.131,6900.0
0.8974,-43.274,-36.451,401.821,401.821,6900.0
0.8975,-43.216,-36.168,402.491,402.491,6900.0
0.8976,-43.053,-35.784,403.169,403.169,6900.0
0.8977,-42.639,-35.159,403.829,403.829,6900.0
0.8978,-42.426,-34.741,404.455,404.455,6900.0
0.8979,-42.141,-34.258,405.075,405.075,6900.0
0.898,-41.832,-33.761,405.677,405.677,6900.0
0.8981,-41.409,-33.155,406.273,406.273,6900.0
0.8982,-40.826,-32.399,406.84,406.84,6900.0
0.8983,-40.288,-31.697,407.361,407.361,6900.0
0.8984,-39.832,-31.084,407.85,407.85,6900.0
0.8985,-39.385,-30.489,408.308,408.308,6900.0
0.8986,-38.788,-29.753,408.742,408.742,6900.0
0.8987,-38.117,-28.952,409.141,409.141,6900.0
0.8988,-37.426,-28.14,409.497,409.497,6900.0
0.8989,-36.808,-27.41,409.815,409.815,6900.0
0.899,-36.146,-26.645,410.099,410.099,6900.0
0.8991,-35.442,-25.848,410.35,410.35,6900.0
0.8992,-34.707,-25.029,410.567,410.567,6900.0
0.8993,-33.934,-24.182,410.753,410.753,6900.0
0.8994,-33.03,-23.213,410.899,410.899,6900.0
0.8995,-32.13,-22.258,410.994,410.994,6900.0
0.8996,-31.32,-21.403,411.038,411.038,6900.0
0.8997,-30.565,-20.613,411.046,411.046,6900.0
0.8998,-29.816,-19.838,411.031,411.031,6900.0
0.8999,-28.676,-18.682,410.987,410.987,6900.0
0.9,-27.472,-17.472,410.879,410.879,6900.0
0.9001,-26.669,-16.673,410.708,410.708,6900.0
0.9002,-25.926,-15.944,410.507,410.507,6900.0
0.9003,-25.144,-15.185,410.295,410.295,6900.0
0.9004,-23.943,-14.018,410.069,410.069,6900.0
0.9005,-22.546,-12.664,409.791,409.791,6900.0
0.9006,-21.576,-11.748,409.457,409.457,6900.0
0.9007,-20.498,-10.732,409.089,409.089,6900.0
0.9008,-19.637,-9.944,408.691,408.691,6900.0
0.9009,-18.365,-8.753,408.271,408.271,6900.0
0.901,-17.003,-7.483,407.812,407.812,6900.0
0.9011,-15.966,-6.547,407.313,407.313,6900.0
0.9012,-14.775,-5.466,406.791,406.791,6900.0
0.9013,-13.726,-4.536,406.245,406.245,6900.0
0.9014,-12.469,-3.407,405.684,405.684,6900.0
0.9015,-11.149,-2.225,405.102,405.102,6900.0
0.9016,-9.879,-1.101,404.5,404.5,6900.0
0.9017,-8.546,0.078,403.883,403.883,6900.0
0.9018,0.0,8.46,403.258,403.258,6900.0
0.9019,0.0,8.289,402.6,402.6,6900.0
0.902,0.0,8.109,401.94,401.94,6900.0
0.9021,-0.0,7.92,401.279,401.279,6900.0
0.9022,-0.0,7.725,400.617,400.617,6900.0
0.9023,-0.0,7.522,399.954,399.954,6900.0
0.9024,-0.0,7.311,399.289,399.289,6900.0
0.9025,-0.0,7.093,398.624,398.624,6900.0
0.9026,-0.0,6.868,397.957,397.957,6900.0
0.9027,-0.0,6.636,397.29,397.29,6900.0
0.9028,-0.0,6.398,396.621,396.621,6900.0
0.9029,-0.0,6.154,395.951,395.951,6900.0
0.903,-0.0,5.903,395.28,395.28,6900.0
0.9031,-0.0,5.647,394.608,394.608,6900.0
0.9032,-0.0,5.385,393.935,393.935,6900.0
0.9033,-0.0,5.117,393.261,393.261,6900.0
0.9034,-0.0,4.845,392.587,392.587,6900.0
0.9035,7.097,11.664,391.942,391.942,6900.0
0.9036,12.438,16.724,391.39,391.39,6900.0
0.9037,14.824,18.824,390.908,390.908,6900.0
0.9038,16.587,20.297,390.477,390.477,6900.0
0.9039,18.066,21.482,390.099,390.099,6900.0
0.904,19.328,22.448,389.767,389.767,6900.0
0.9041,20.66,23.48,389.474,389.474,6900.0
0.9042,22.042,24.559,389.227,389.227,6900.0
0.9043,23.346,25.558,389.031,389.031,6900.0
0.9044,24.62,26.524,388.885,388.885,6900.0
0.9045,25.814,27.409,388.786,388.786,6900.0
0.9046,27.024,28.308,388.732,388.732,6900.0
0.9047,28.112,29.085,388.718,388.718,6900.0
0.9048,29.255,29.915,388.736,388.736,6900.0
0.9049,30.45,30.795,388.786,388.786,6900.0
0.905,31.61,31.642,388.883,388.883,6900.0
0.9051,32.815,32.532,389.036,389.036,6900.0
0.9052,33.798,33.201,389.248,389.248,6900.0
0.9053,34.655,33.745,389.501,389.501,6900.0
0.9054,35.696,34.474,389.789,389.789,6900.0
0.9055,36.551,35.017,390.134,390.134,6900.0
0.9056,37.532,35.689,390.534,390.534,6900.0
0.9057,38.164,36.013,390.993,390.993,6900.0
0.9058,38.679,36.223,391.472,391.472,6900.0
0.9059,39.431,36.671,391.964,391.964,6900.0
0.906,40.024,36.964,392.487,392.487,6900.0
0.9061,40.719,37.362,393.031,393.031,6900.0
0.9062,41.196,37.544,393.618,393.618,6900.0
0.9063,41.478,37.535,394.213,394.213,6900.0
0.9064,42.076,37.847,394.816,394.816,6900.0
0.9065,42.393,37.881,395.449,395.449,6900.0
0.9066,42.834,38.044,396.094,396.094,6900.0
0.9067,43.117,38.053,396.783,396.783,6900.0
0.9068,43.162,37.831,397.484,397.484,6900.0
0.9069,43.405,37.81,398.194,398.194,6900.0
0.907,43.384,37.532,398.922,398.922,6900.0
0.9071,43.342,37.238,399.632,399.632,6900.0
0.9072,43.439,37.089,400.346,400.346,6900.0
0.9073,43.206,36.617,401.048,401.048,6900.0
0.9074,43.257,36.435,401.737,401.737,6900.0
0.9075,43.009,35.96,402.42,402.42,6900.0
0.9076,42.696,35.428,403.067,403.067,6900.0
0.9077,42.67,35.19,403.697,403.697,6900.0
0.9078,42.36,34.675,404.32,404.32,6900.0
0.9079,42.203,34.32,404.939,404.939,6900.0
0.908,41.741,33.669,405.553,405.553,6900.0
0.9081,41.209,32.956,406.135,406.135,6900.0
0.9082,40.863,32.437,406.687,406.687,6900.0
0.9083,40.365,31.774,407.218,407.218,6900.0
0.9084,39.91,31.162,407.728,407.728,6900.0
0.9085,39.249,30.353,408.209,408.209,6900.0
0.9086,38.583,29.548,408.644,408.644,6900.0
0.9087,38.031,28.866,409.031,409.031,6900.0
0.9088,37.402,28.116,409.379,409.379,6900.0
0.9089,36.803,27.405,409.693,409.693,6900.0
0.909,36.125,26.625,409.974,409.974,6900.0
0.9091,35.414,25.819,410.221,410.221,6900.0
0.9092,34.656,24.978,410.435,410.435,6900.0
0.9093,33.841,24.089,410.611,410.611,6900.0
0.9094,33.036,23.219,410.743,410.743,6900.0
0.9095,32.292,22.42,410.837,410.837,6900.0
0.9096,31.53,21.613,410.903,410.903,6900.0
0.9097,30.58,20.628,410.944,410.944,6900.0
0.9098,29.451,19.472,410.935,410.935,6900.0
0.9099,28.47,18.476,410.857,410.857,6900.0
0.91,27.722,17.722,410.732,410.732,6900.0
0.9101,26.989,16.993,410.582,410.582,6900.0
0.9102,26.08,16.098,410.419,410.419,6900.0
0.9103,24.706,14.747,410.219,410.219,6900.0
0.9104,23.537,13.612,409.951,409.951,6900.0
0.9105,22.699,12.817,409.638,409.638,6900.0
0.9106,21.82,11.991,409.296,409.296,6900.0
0.9107,20.831,11.065,408.94,408.94,6900.0
0.9108,19.479,9.785,408.556,408.556,6900.0
0.9109,18.244,8.633,408.126,408.126,6900.0
0.911,17.234,7.714,407.665,407.665,6900.0
0.9111,16.083,6.664,407.177,407.177,6900.0
0.9112,14.982,5.673,406.668,406.668,6900.0
0.9113,13.618,4.428,406.136,406.136,6900.0
0.9114,12.283,3.221,405.575,405.575,6900.0
0.9115,11.114,2.19,404.99,404.99,6900.0
0.9116,9.833,1.055,404.385,404.385,6900.0
0.9117,8.589,-0.034,403.764,403.764,6900.0
0.9118,-0.0,-8.46,403.139,403.139,6900.0
0.9119,-0.0,-8.289,402.48,402.48,6900.0
0.912,-0.0,-8.109,401.82,401.82,6900.0
0.9121,0.0,-7.92,401.159,401.159,6900.0
0.9122,0.0,-7.725,400.496,400.496,6900.0
0.9123,0.0,-7.522,399.833,399.833,6900.0
0.9124,0.0,-7.311,399.168,399.168,6900.0
0.9125,0.0,-7.093,398.503,398.503,6900.0
0.9126,0.0,-6.868,397.836,397.836,6900.0
0.9127,0.0,-6.636,397.168,397.168,6900.0
0.9128,0.0,-6.398,396.5,396.5,6900.0
0.9129,0.0,-6.154,395.829,395.829,6900.0
0.913,0.0,-5.903,395.158,395.158,6900.0
0.9131,0.0,-5.647,394.486,394.486,6900.0
0.9132,0.0,-5.385,393.813,393.813,6900.0
0.9133,0.0,-5.117,393.138,393.138,6900.0
0.9134,0.0,-4.845,392.463,392.463,6900.0
0.9135,-6.662,-11.23,391.809,391.809,6900.0
0.9136,-12.606,-16.893,391.248,391.248,6900.0
0.9137,-15.117,-19.117,390.778,390.778,6900.0
0.9138,-16.566,-20.276,390.364,390.364,6900.0
0.9139,-17.779,-21.196,389.986,389.986,6900.0
0.914,-19.249,-22.369,389.644,389.644,6900.0
0.9141,-20.662,-23.482,389.349,389.349,6900.0
0.9142,-22.041,-24.559,389.106,389.106,6900.0
0.9143,-23.32,-25.532,388.914,388.914,6900.0
0.9144,-24.502,-26.407,388.768,388.768,6900.0
0.9145,-25.71,-27.305,388.663,388.663,6900.0
0.9146,-26.868,-28.152,388.597,388.597,6900.0
0.9147,-28.035,-29.007,388.566,388.566,6900.0
0.9148,-29.303,-29.962,388.573,388.573,6900.0
0.9149,-30.532,-30.877,388.628,388.628,6900.0
0.915,-31.647,-31.678,388.737,388.737,6900.0
0.9151,-32.659,-32.377,388.893,388.893,6900.0
0.9152,-33.634,-33.037,389.085,389.085,6900.0
0.9153,-34.761,-33.851,389.328,389.328,6900.0
0.9154,-35.784,-34.561,389.628,389.628,6900.0
0.9155,-36.662,-35.129,390.0,390.0,6900.0
0.9156,-37.31,-35.467,390.416,390.416,6900.0
0.9157,-37.938,-35.787,390.85,390.85,6900.0
0.9158,-38.76,-36.303,391.312,391.312,6900.0
0.9159,-39.397,-36.638,391.8,391.8,6900.0
0.916,-40.125,-37.065,392.329,392.329,6900.0
0.9161,-40.57,-37.212,392.882,392.882,6900.0
0.9162,-41.051,-37.399,393.435,393.435,6900.0
0.9163,-41.651,-37.708,394.017,394.017,6900.0
0.9164,-42.045,-37.816,394.619,394.619,6900.0
0.9165,-42.617,-38.105,395.26,395.26,6900.0
0.9166,-42.778,-37.988,395.939,395.939,6900.0
0.9167,-43.024,-37.961,396.622,396.622,6900.0
0.9168,-43.249,-37.917,397.335,397.335,6900.0
0.9169,-43.202,-37.607,398.051,398.051,6900.0
0.917,-43.458,-37.606,398.763,398.763,6900.0
0.9171,-43.383,-37.279,399.486,399.486,6900.0
0.9172,-43.358,-37.008,400.187,400.187,6900.0
0.9173,-43.33,-36.741,400.89,400.89,6900.0
0.9174,-43.065,-36.242,401.572,401.572,6900.0
0.9175,-43.085,-36.036,402.224,402.224,6900.0
0.9176,-42.897,-35.629,402.877,402.877,6900.0
0.9177,-42.781,-35.301,403.516,403.516,6900.0
0.9178,-42.523,-34.838,404.162,404.162,6900.0
0.9179,-42.077,-34.195,404.792,404.792,6900.0
0.918,-41.723,-33.651,405.389,405.389,6900.0
0.9181,-41.346,-33.093,405.974,405.974,6900.0
0.9182,-40.952,-32.525,406.537,406.537,6900.0
0.9183,-40.451,-31.859,407.086,407.086,6900.0
0.9184,-39.796,-31.048,407.6,407.6,6900.0
0.9185,-39.186,-30.29,408.062,408.062,6900.0
0.9186,-38.663,-29.628,408.484,408.484,6900.0
0.9187,-38.134,-28.969,408.868,408.868,6900.0
0.9188,-37.496,-28.209,409.222,409.222,6900.0
0.9189,-36.836,-27.437,409.541,409.541,6900.0
0.919,-36.165,-26.664,409.823,409.823,6900.0
0.9191,-35.44,-25.846,410.071,410.071,6900.0
0.9192,-34.685,-25.007,410.284,410.284,6900.0
0.9193,-33.944,-24.192,410.461,410.461,6900.0
0.9194,-33.184,-23.367,410.607,410.607,6900.0
0.9195,-32.4,-22.529,410.725,410.725,6900.0
0.9196,-31.393,-21.476,410.804,410.804,6900.0
0.9197,-30.35,-20.398,410.824,410.824,6900.0
0.9198,-29.526,-19.547,410.785,410.785,6900.0
0.9199,-28.798,-18.804,410.707,410.707,6900.0
0.92,-28.034,-18.034,410.609,410.609,6900.0
0.9201,-26.872,-16.876,410.486,410.486,6900.0
0.9202,-25.564,-15.582,410.3,410.3,6900.0
0.9203,-24.708,-14.749,410.05,410.05,6900.0
0.9204,-23.892,-13.967,409.77,409.77,6900.0
0.9205,-23.131,-13.249,409.474,409.474,6900.0
0.9206,-21.941,-12.112,409.167,409.167,6900.0
0.9207,-20.507,-10.741,408.819,408.819,6900.0
0.9208,-19.522,-9.829,408.424,408.424,6900.0
0.9209,-18.365,-8.753,408.001,408.001,6900.0
0.921,-17.433,-7.912,407.549,407.549,6900.0
0.9211,-16.127,-6.707,407.077,407.077,6900.0
0.9212,-14.714,-5.405,406.569,406.569,6900.0
0.9213,-13.602,-4.412,406.025,406.025,6900.0
0.9214,-12.381,-3.319,405.458,405.458,6900.0
0.9215,-11.203,-2.279,404.869,404.869,6900.0
0.9216,-9.966,-1.188,404.264,404.264,6900.0
0.9217,-8.663,-0.04,403.643,403.643,6900.0
0.9218,0.0,8.46,403.019,403.019,6900.0
0.9219,0.0,8.289,402.36,402.36,6900.0
0.922,0.0,8.109,401.7,401.7,6900.0
0.9221,-0.0,7.92,401.038,401.038,6900.0
0.9222,-0.0,7.725,400.376,400.376,6900.0
0.9223,-0.0,7.522,399.712,399.712,6900.0
0.9224,-0.0,7.311,399.047,399.047,6900.0
0.9225,-0.0,7.093,398.382,398.382,6900.0
0.9226,-0.0,6.868,397.715,397.715,6900.0
0.9227,-0.0,6.636,397.047,397.047,6900.0
0.9228,-0.0,6.398,396.378,396.378,6900.0
0.9229,-0.0,6.154,395.707,395.707,6900.0
0.923,-0.0,5.903,395.036,395.036,6900.0
0.9231,-0.0,5.647,394.364,394.364,6900.0
0.9232,-0.0,5.385,393.69,393.69,6900.0
0.9233,-0.0,5.117,393.015,393.015,6900.0
0.9234,-0.0,4.845,392.34,392.34,6900.0
0.9235,6.95,11.518,391.689,391.689,6900.0
0.9236,12.731,17.017,391.148,391.148,6900.0
0.9237,14.759,18.759,390.688,390.688,6900.0
0.9238,16.255,19.966,390.261,390.261,6900.0
0.9239,17.808,21.225,389.869,389.869,6900.0
0.924,19.329,22.449,389.524,389.524,6900.0
0.9241,20.713,23.533,389.231,389.231,6900.0
0.9242,21.973,24.49,388.986,388.986,6900.0
0.9243,23.245,25.457,388.784,388.784,6900.0
0.9244,24.525,26.429,388.625,388.625,6900.0
0.9245,25.767,27.362,388.512,388.512,6900.0
0.9246,27.027,28.311,388.442,388.442,6900.0
0.9247,28.196,29.168,388.42,388.42,6900.0
0.9248,29.403,30.063,388.447,388.447,6900.0
0.9249,30.499,30.844,388.518,388.518,6900.0
0.925,31.519,31.55,388.626,388.626,6900.0
0.9251,32.68,32.397,388.769,388.769,6900.0
0.9252,33.728,33.132,388.964,388.964,6900.0
0.9253,34.906,33.996,389.218,389.218,6900.0
0.9254,35.718,34.496,389.535,389.535,6900.0
0.9255,36.449,34.915,389.885,389.885,6900.0
0.9256,37.363,35.52,390.263,390.263,6900.0
0.9257,38.1,35.949,390.687,390.687,6900.0
0.9258,38.996,36.539,391.152,391.152,6900.0
0.9259,39.547,36.787,391.669,391.669,6900.0
0.926,39.998,36.938,392.2,392.2,6900.0
0.9261,40.701,37.343,392.741,392.741,6900.0
0.9262,41.165,37.513,393.313,393.313,6900.0
0.9263,41.799,37.856,393.904,393.904,6900.0
0.9264,42.186,37.957,394.54,394.54,6900.0
0.9265,42.4,37.888,395.187,395.187,6900.0
0.9266,42.863,38.073,395.844,395.844,6900.0
0.9267,43.079,38.016,396.527,396.527,6900.0
0.9268,43.264,37.933,397.212,397.212,6900.0
0.9269,43.48,37.885,397.925,397.925,6900.0
0.927,43.394,37.541,398.64,398.64,6900.0
0.9271,43.597,37.492,399.355,399.355,6900.0
0.9272,43.469,37.119,400.077,400.077,6900.0
0.9273,43.327,36.738,400.773,400.773,6900.0
0.9274,43.362,36.54,401.463,401.463,6900.0
0.9275,43.108,36.059,402.142,402.142,6900.0
0.9276,43.08,35.812,402.812,402.812,6900.0
0.9277,42.741,35.261,403.476,403.476,6900.0
0.9278,42.342,34.657,404.107,404.107,6900.0
0.9279,42.199,34.316,404.716,404.716,6900.0
0.928,41.837,33.765,405.313,405.313,6900.0
0.9281,41.52,33.266,405.903,405.903,6900.0
0.9282,40.994,32.568,406.477,406.477,6900.0
0.9283,40.374,31.783,407.014,407.014,6900.0
0.9284,39.947,31.199,407.51,407.51,6900.0
0.9285,39.395,30.499,407.976,407.976,6900.0
0.9286,38.889,29.854,408.415,408.415,6900.0
0.9287,38.214,29.049,408.823,408.823,6900.0
0.9288,37.524,28.238,409.188,409.188,6900.0
0.9289,36.867,27.469,409.51,409.51,6900.0
0.929,36.22,26.72,409.793,409.793,6900.0
0.9291,35.524,25.929,410.042,410.042,6900.0
0.9292,34.814,25.136,410.256,410.256,6900.0
0.9293,34.077,24.325,410.439,410.439,6900.0
0.9294,33.206,23.389,410.591,410.591,6900.0
0.9295,32.29,22.418,410.699,410.699,6900.0
0.9296,31.404,21.487,410.754,410.754,6900.0
0.9297,30.649,20.697,410.765,410.765,6900.0
0.9298,29.88,19.902,410.748,410.748,6900.0
0.9299,28.932,18.938,410.71,410.71,6900.0
0.93,27.689,17.689,410.623,410.623,6900.0
0.9301,26.646,16.65,410.465,410.465,6900.0
0.9302,25.908,15.926,410.259,410.259,6900.0
0.9303,25.149,15.191,410.031,410.031,6900.0
0.9304,24.179,14.254,409.796,409.796,6900.0
0.9305,22.816,12.934,409.529,409.529,6900.0
0.9306,21.623,11.794,409.203,409.203,6900.0
0.9307,20.692,10.926,408.838,408.838,6900.0
0.9308,19.644,9.95,408.441,408.441,6900.0
0.9309,18.623,9.012,408.024,408.024,6900.0
0.931,17.269,7.749,407.577,407.577,6900.0
0.9311,15.972,6.553,407.089,407.089,6900.0
0.9312,14.925,5.616,406.57,406.57,6900.0
0.9313,13.703,4.513,406.026,406.026,6900.0
0.9314,12.603,3.542,405.463,405.463,6900.0
0.9315,11.294,2.37,404.881,404.881,6900.0
0.9316,9.942,1.164,404.28,404.28,6900.0
0.9317,8.674,0.05,403.661,403.661,6900.0
0.9318,-0.0,-8.46,403.039,403.039,6900.0
0.9319,-0.0,-8.289,402.38,402.38,6900.0
0.932,-0.0,-8.109,401.72,401.72,6900.0
0.9321,0.093,-7.827,401.059,401.059,6900.0
0.9322,0.0,-7.725,400.396,400.396,6900.0
0.9323,0.0,-7.522,399.733,399.733,6900.0
0.9324,0.0,-7.311,399.068,399.068,6900.0
0.9325,0.0,-7.093,398.402,398.402,6900.0
0.9326,0.0,-6.868,397.735,397.735,6900.0
0.9327,0.0,-6.636,397.067,397.067,6900.0
0.9328,0.0,-6.398,396.398,396.398,6900.0
0.9329,0.0,-6.154,395.728,395.728,6900.0
0.933,0.0,-5.903,395.057,395.057,6900.0
0.9331,0.0,-5.647,394.384,394.384,6900.0
0.9332,0.0,-5.385,393.711,393.711,6900.0
0.9333,0.0,-5.117,393.036,393.036,6900.0
0.9334,0.0,-4.845,392.361,392.361,6900.0
0.9335,-6.892,-11.46,391.715,391.715,6900.0
0.9336,-12.255,-16.541,391.162,391.162,6900.0
0.9337,-14.664,-18.664,390.677,390.677,6900.0
0.9338,-16.44,-20.151,390.237,390.237,6900.0
0.9339,-18.056,-21.473,389.849,389.849,6900.0
0.934,-19.405,-22.525,389.512,389.512,6900.0
0.9341,-20.649,-23.469,389.221,389.221,6900.0
0.9342,-21.992,-24.51,388.974,388.974,6900.0
0.9343,-23.345,-25.557,388.776,388.776,6900.0
0.9344,-24.603,-26.507,388.629,388.629,6900.0
0.9345,-25.81,-27.406,388.529,388.529,6900.0
0.9346,-27.005,-28.29,388.474,388.474,6900.0
0.9347,-28.135,-29.107,388.46,388.46,6900.0
0.9348,-29.252,-29.911,388.481,388.481,6900.0
0.9349,-30.394,-30.74,388.531,388.531,6900.0
0.935,-31.623,-31.655,388.621,388.621,6900.0
0.9351,-32.818,-32.535,388.76,388.76,6900.0
0.9352,-33.901,-33.304,388.964,388.964,6900.0
0.9353,-34.793,-33.884,389.218,389.218,6900.0
0.9354,-35.642,-34.42,389.509,389.509,6900.0
0.9355,-36.682,-35.149,389.851,389.851,6900.0
0.9356,-37.569,-35.726,390.245,390.245,6900.0
0.9357,-38.358,-36.208,390.706,390.706,6900.0
0.9358,-38.861,-36.404,391.205,391.205,6900.0
0.9359,-39.402,-36.642,391.711,391.711,6900.0
0.936,-40.093,-37.033,392.239,392.239,6900.0
0.9361,-40.659,-37.302,392.783,392.783,6900.0
0.9362,-41.324,-37.672,393.359,393.359,6900.0
0.9363,-41.694,-37.752,393.959,393.959,6900.0
0.9364,-42.07,-37.841,394.558,394.558,6900.0
0.9365,-42.611,-38.099,395.185,395.185,6900.0
0.9366,-42.87,-38.08,395.833,395.833,6900.0
0.9367,-43.326,-38.263,396.511,396.511,6900.0
0.9368,-43.421,-38.09,397.226,397.226,6900.0
0.9369,-43.525,-37.931,397.942,397.942,6900.0
0.937,-43.653,-37.8,398.68,398.68,6900.0
0.9371,-43.481,-37.377,399.414,399.414,6900.0
0.9372,-43.554,-37.204,400.13,400.13,6900.0
0.9373,-43.429,-36.84,400.845,400.845,6900.0
0.9374,-43.349,-36.526,401.534,401.534,6900.0
0.9375,-43.243,-36.194,402.219,402.219,6900.0
0.9376,-42.888,-35.619,402.88,402.88,6900.0
0.9377,-42.788,-35.308,403.505,403.505,6900.0
0.9378,-42.555,-34.87,404.129,404.129,6900.0
0.9379,-42.379,-34.496,404.74,404.74,6900.0
0.938,-42.029,-33.957,405.357,405.357,6900.0
0.9381,-41.467,-33.214,405.957,405.957,6900.0
0.9382,-41.025,-32.599,406.518,406.518,6900.0
0.9383,-40.568,-31.977,407.061,407.061,6900.0
0.9384,-40.117,-31.369,407.576,407.576,6900.0
0.9385,-39.481,-30.585,408.069,408.069,6900.0
0.9386,-38.813,-29.778,408.52,408.52,6900.0
0.9387,-38.127,-28.962,408.92,408.92,6900.0
0.9388,-37.557,-28.271,409.273,409.273,6900.0
0.9389,-36.964,-27.566,409.586,409.586,6900.0
0.939,-36.305,-26.804,409.866,409.866,6900.0
0.9391,-35.601,-26.007,410.113,410.113,6900.0
0.9392,-34.91,-25.233,410.328,410.328,6900.0
0.9393,-34.102,-24.35,410.51,410.51,6900.0
0.9394,-33.212,-23.395,410.654,410.654,6900.0
0.9395,-32.433,-22.561,410.756,410.756,6900.0
0.9396,-31.692,-21.775,410.826,410.826,6900.0
0.9397,-30.852,-20.899,410.872,410.872,6900.0
0.9398,-29.764,-19.786,410.88,410.88,6900.0
0.9399,-28.588,-18.594,410.824,410.824,6900.0
0.94,-27.74,-17.74,410.701,410.701,6900.0
0.9401,-27.007,-17.011,410.541,410.541,6900.0
0.9402,-26.249,-16.267,410.366,410.366,6900.0
0.9403,-25.058,-15.1,410.172,410.172,6900.0
0.9404,-23.713,-13.788,409.922,409.922,6900.0
0.9405,-22.811,-12.929,409.614,409.614,6900.0
0.9406,-21.848,-12.019,409.276,409.276,6900.0
0.9407,-20.993,-11.227,408.916,408.916,6900.0
0.9408,-19.791,-10.098,408.539,408.539,6900.0
0.9409,-18.379,-8.768,408.124,408.124,6900.0
0.941,-17.341,-7.821,407.666,407.666,6900.0
0.9411,-16.136,-6.716,407.181,407.181,6900.0
0.9412,-15.101,-5.791,406.669,406.669,6900.0
0.9413,-13.806,-4.616,406.138,406.138,6900.0
0.9414,-12.449,-3.388,405.58,405.58,6900.0
0.9415,-11.23,-2.306,404.996,404.996,6900.0
0.9416,-9.962,-1.184,404.393,404.393,6900.0
0.9417,-8.703,-0.079,403.773,403.773,6900.0
0.9418,0.0,8.46,403.151,403.151,6900.0
0.9419,0.0,8.289,402.492,402.492,6900.0
0.942,0.0,8.109,401.832,401.832,6900.0
0.9421,-0.0,7.92,401.17,401.17,6900.0
0.9422,-0.0,7.725,400.508,400.508,6900.0
0.9423,-0.0,7.522,399.845,399.845,6900.0
0.9424,-0.0,7.311,399.18,399.18,6900.0
0.9425,-0.0,7.093,398.515,398.515,6900.0
0.9426,-0.0,6.868,397.848,397.848,6900.0
0.9427,-0.0,6.636,397.18,397.18,6900.0
0.9428,-0.0,6.398,396.511,396.511,6900.0
0.9429,-0.0,6.154,395.841,395.841,6900.0
0.943,-0.0,5.903,395.17,395.17,6900.0
0.9431,-0.0,5.647,394.498,394.498,6900.0
0.9432,-0.0,5.385,393.825,393.825,6900.0
0.9433,-0.0,5.117,393.15,393.15,6900.0
0.9434,-0.0,4.845,392.475,392.475,6900.0
0.9435,6.213,10.781,391.819,391.819,6900.0
0.9436,12.355,16.641,391.251,391.251,6900.0
0.9437,14.973,18.973,390.77,390.77,6900.0
0.9438,16.607,20.318,390.351,390.351,6900.0
0.9439,17.828,21.245,389.977,389.977,6900.0
0.944,19.19,22.31,389.636,389.636,6900.0
0.9441,20.602,23.422,389.338,389.338,6900.0
0.9442,21.992,24.51,389.091,389.091,6900.0
0.9443,23.272,25.484,388.896,388.896,6900.0
0.9444,24.498,26.403,388.747,388.747,6900.0
0.9445,25.723,27.318,388.639,388.639,6900.0
0.9446,26.922,28.206,388.571,388.571,6900.0
0.9447,28.072,29.044,388.541,388.541,6900.0
0.9448,29.292,29.951,388.545,388.545,6900.0
0.9449,30.505,30.85,388.595,388.595,6900.0
0.945,31.745,31.776,388.701,388.701,6900.0
0.9451,32.719,32.437,388.861,388.861,6900.0
0.9452,33.687,33.091,389.062,389.062,6900.0
0.9453,34.767,33.857,389.301,389.301,6900.0
0.9454,35.709,34.487,389.599,389.599,6900.0
0.9455,36.764,35.231,389.956,389.956,6900.0
0.9456,37.449,35.606,390.375,390.375,6900.0
0.9457,38.037,35.886,390.819,390.819,6900.0
0.9458,38.795,36.338,391.278,391.278,6900.0
0.9459,39.443,36.683,391.769,391.769,6900.0
0.946,40.23,37.17,392.286,392.286,6900.0
0.9461,40.746,37.388,392.846,392.846,6900.0
0.9462,41.107,37.455,393.416,393.416,6900.0
0.9463,41.779,37.837,393.994,393.994,6900.0
0.9464,42.137,37.908,394.609,394.609,6900.0
0.9465,42.678,38.166,395.239,395.239,6900.0
0.9466,43.0,38.21,395.919,395.919,6900.0
0.9467,43.046,37.982,396.614,396.614,6900.0
0.9468,43.408,38.077,397.316,397.316,6900.0
0.9469,43.421,37.826,398.04,398.04,6900.0
0.947,43.469,37.617,398.75,398.75,6900.0
0.9471,43.62,37.516,399.472,399.472,6900.0
0.9472,43.441,37.091,400.185,400.185,6900.0
0.9473,43.516,36.926,400.887,400.887,6900.0
0.9474,43.316,36.494,401.586,401.586,6900.0
0.9475,43.125,36.076,402.251,402.251,6900.0
0.9476,43.089,35.821,402.907,402.907,6900.0
0.9477,42.812,35.332,403.553,403.553,6900.0
0.9478,42.673,34.988,404.195,404.195,6900.0
0.9479,42.266,34.384,404.832,404.832,6900.0
0.948,41.786,33.714,405.437,405.437,6900.0
0.9481,41.531,33.278,406.016,406.016,6900.0
0.9482,41.023,32.597,406.579,406.579,6900.0
0.9483,40.646,32.054,407.125,407.125,6900.0
0.9484,40.017,31.269,407.648,407.648,6900.0
0.9485,39.365,30.47,408.126,408.126,6900.0
0.9486,38.83,29.795,408.557,408.557,6900.0
0.9487,38.232,29.067,408.951,408.951,6900.0
0.9488,37.662,28.376,409.311,409.311,6900.0
0.9489,36.977,27.579,409.638,409.638,6900.0
0.949,36.284,26.783,409.927,409.927,6900.0
0.9491,35.578,25.984,410.18,410.18,6900.0
0.9492,34.812,25.134,410.396,410.396,6900.0
0.9493,34.048,24.296,410.573,410.573,6900.0
0.9494,33.306,23.489,410.716,410.716,6900.0
0.9495,32.521,22.649,410.83,410.83,6900.0
0.9496,31.599,21.682,410.915,410.915,6900.0
0.9497,30.583,20.631,410.952,410.952,6900.0
0.9498,29.61,19.632,410.925,410.925,6900.0
0.9499,28.852,18.858,410.85,410.85,6900.0
0.95,28.066,18.067,410.748,410.748,6900.0
0.9501,27.179,17.183,410.628,410.628,6900.0
0.9502,25.815,15.832,410.465,410.465,6900.0
0.9503,24.68,14.722,410.229,410.229,6900.0
0.9504,23.913,13.988,409.947,409.947,6900.0
0.9505,23.102,13.22,409.64,409.64,6900.0
0.9506,22.138,12.31,409.324,409.324,6900.0
0.9507,20.789,11.023,408.983,408.983,6900.0
0.9508,19.554,9.86,408.594,408.594,6900.0
0.9509,18.569,8.958,408.172,408.172,6900.0
0.951,17.413,7.893,407.721,407.721,6900.0
0.9511,16.334,6.914,407.25,407.25,6900.0
0.9512,14.939,5.63,406.752,406.752,6900.0
0.9513,13.607,4.417,406.217,406.217,6900.0
0.9514,12.507,3.446,405.654,405.654,6900.0
0.9515,11.222,2.298,405.068,405.068,6900.0
0.9516,10.051,1.273,404.463,404.463,6900.0
0.9517,8.747,0.123,403.843,403.843,6900.0
0.9518,-0.0,-8.46,403.222,403.222,6900.0
0.9519,-0.0,-8.289,402.563,402.563,6900.0
0.952,-0.0,-8.109,401.903,401.903,6900.0
0.9521,0.0,-7.92,401.242,401.242,6900.0
0.9522,0.0,-7.725,400.58,400.58,6900.0
0.9523,0.0,-7.522,399.917,399.917,6900.0
0.9524,0.0,-7.311,399.253,399.253,6900.0
0.9525,0.0,-7.093,398.587,398.587,6900.0
0.9526,0.0,-6.868,397.921,397.921,6900.0
0.9527,0.0,-6.636,397.253,397.253,6900.0
0.9528,0.0,-6.398,396.584,396.584,6900.0
0.9529,0.0,-6.154,395.914,395.914,6900.0
0.953,0.0,-5.903,395.243,395.243,6900.0
0.9531,0.0,-5.647,394.571,394.571,6900.0
0.9532,0.0,-5.385,393.898,393.898,6900.0
0.9533,0.0,-5.117,393.223,393.223,6900.0
0.9534,0.0,-4.845,392.548,392.548,6900.0
0.9535,-6.02,-10.588,391.891,391.891,6900.0
0.9536,-12.537,-16.823,391.334,391.334,6900.0
0.9537,-14.798,-18.799,390.873,390.873,6900.0
0.9538,-16.115,-19.825,390.45,390.45,6900.0
0.9539,-17.661,-21.078,390.055,390.055,6900.0
0.954,-19.165,-22.285,389.703,389.703,6900.0
0.9541,-20.651,-23.471,389.403,389.403,6900.0
0.9542,-21.926,-24.443,389.155,389.155,6900.0
0.9543,-23.154,-25.366,388.951,388.951,6900.0
0.9544,-24.447,-26.352,388.79,388.79,6900.0
0.9545,-25.668,-27.263,388.674,388.674,6900.0
0.9546,-26.886,-28.171,388.601,388.601,6900.0
0.9547,-28.127,-29.1,388.573,388.573,6900.0
0.9548,-29.378,-30.037,388.593,388.593,6900.0
0.9549,-30.486,-30.832,388.664,388.664,6900.0
0.955,-31.506,-31.537,388.776,388.776,6900.0
0.9551,-32.5,-32.217,388.921,388.921,6900.0
0.9552,-33.681,-33.085,389.109,389.109,6900.0
0.9553,-34.782,-33.872,389.349,389.349,6900.0
0.9554,-35.722,-34.499,389.655,389.655,6900.0
0.9555,-36.467,-34.934,390.007,390.007,6900.0
0.9556,-37.209,-35.366,390.382,390.382,6900.0
0.9557,-38.132,-35.982,390.798,390.798,6900.0
0.9558,-38.898,-36.441,391.253,391.253,6900.0
0.9559,-39.648,-36.888,391.764,391.764,6900.0
0.956,-40.099,-37.039,392.309,392.309,6900.0
0.9561,-40.577,-37.219,392.858,392.858,6900.0
0.9562,-41.198,-37.546,393.432,393.432,6900.0
0.9563,-41.608,-37.665,394.024,394.024,6900.0
0.9564,-42.239,-38.01,394.646,394.646,6900.0
0.9565,-42.472,-37.96,395.297,395.297,6900.0
0.9566,-42.773,-37.983,395.946,395.946,6900.0
0.9567,-43.08,-38.017,396.622,396.622,6900.0
0.9568,-43.189,-37.858,397.307,397.307,6900.0
0.9569,-43.535,-37.94,398.003,398.003,6900.0
0.957,-43.542,-37.69,398.724,398.724,6900.0
0.9571,-43.559,-37.455,399.436,399.436,6900.0
0.9572,-43.592,-37.242,400.161,400.161,6900.0
0.9573,-43.363,-36.774,400.874,400.874,6900.0
0.9574,-43.36,-36.538,401.562,401.562,6900.0
0.9575,-43.173,-36.124,402.25,402.25,6900.0
0.9576,-43.057,-35.789,402.915,402.915,6900.0
0.9577,-42.838,-35.358,403.58,403.58,6900.0
0.9578,-42.403,-34.718,404.222,404.222,6900.0
0.9579,-42.156,-34.274,404.825,404.825,6900.0
0.958,-41.862,-33.791,405.419,405.419,6900.0
0.9581,-41.542,-33.289,405.996,405.996,6900.0
0.9582,-41.097,-32.671,406.567,406.567,6900.0
0.9583,-40.511,-31.919,407.112,407.112,6900.0
0.9584,-39.957,-31.209,407.612,407.612,6900.0
0.9585,-39.457,-30.561,408.084,408.084,6900.0
0.9586,-38.938,-29.904,408.525,408.525,6900.0
0.9587,-38.28,-29.115,408.939,408.939,6900.0
0.9588,-37.593,-28.307,409.315,409.315,6900.0
0.9589,-36.879,-27.48,409.646,409.646,6900.0
0.959,-36.215,-26.714,409.934,409.934,6900.0
0.9591,-35.518,-25.924,410.181,410.181,6900.0
0.9592,-34.839,-25.161,410.391,410.391,6900.0
0.9593,-34.119,-24.366,410.568,410.568,6900.0
0.9594,-33.339,-23.522,410.717,410.717,6900.0
0.9595,-32.445,-22.573,410.829,410.829,6900.0
0.9596,-31.478,-21.56,410.894,410.894,6900.0
0.9597,-30.64,-20.688,410.91,410.91,6900.0
0.9598,-29.893,-19.915,410.892,410.892,6900.0
0.9599,-29.086,-19.092,410.852,410.852,6900.0
0.96,-27.927,-17.927,410.782,410.782,6900.0
0.9601,-26.681,-16.685,410.645,410.645,6900.0
0.9602,-25.797,-15.815,410.444,410.444,6900.0
0.9603,-25.07,-15.112,410.206,410.206,6900.0
0.9604,-24.271,-14.346,409.955,409.955,6900.0
0.9605,-23.065,-13.183,409.689,409.689,6900.0
0.9606,-21.663,-11.835,409.376,409.376,6900.0
0.9607,-20.731,-10.965,409.011,409.011,6900.0
0.9608,-19.635,-9.941,408.617,408.617,6900.0
0.9609,-18.75,-9.139,408.196,408.196,6900.0
0.961,-17.454,-7.934,407.756,407.756,6900.0
0.9611,-16.071,-6.651,407.279,407.279,6900.0
0.9612,-14.963,-5.654,406.764,406.764,6900.0
0.9613,-13.733,-4.543,406.225,406.225,6900.0
0.9614,-12.667,-3.606,405.661,405.661,6900.0
0.9615,-11.371,-2.447,405.081,405.081,6900.0
0.9616,-10.049,-1.271,404.481,404.481,6900.0
0.9617,-8.784,-0.161,403.863,403.863,6900.0
0.9618,0.0,8.46,403.244,403.244,6900.0
0.9619,0.0,8.289,402.585,402.585,6900.0
0.962,0.0,8.109,401.925,401.925,6900.0
0.9621,-0.025,7.896,401.264,401.264,6900.0
0.9622,-0.0,7.725,400.602,400.602,6900.0
0.9623,-0.0,7.522,399.939,399.939,6900.0
0.9624,-0.0,7.311,399.275,399.275,6900.0
0.9625,-0.0,7.093,398.609,398.609,6900.0
0.9626,-0.0,6.868,397.943,397.943,6900.0
0.9627,-0.0,6.636,397.275,397.275,6900.0
0.9628,-0.0,6.398,396.606,396.606,6900.0
0.9629,-0.0,6.154,395.937,395.937,6900.0
0.963,-0.0,5.903,395.266,395.266,6900.0
0.9631,-0.0,5.647,394.593,394.593,6900.0
0.9632,-0.0,5.385,393.92,393.92,6900.0
0.9633,-0.0,5.117,393.246,393.246,6900.0
0.9634,-0.0,4.845,392.571,392.571,6900.0
0.9635,5.933,10.501,391.917,391.917,6900.0
0.9636,11.963,16.25,391.36,391.36,6900.0
0.9637,14.404,18.405,390.872,390.872,6900.0
0.9638,16.188,19.898,390.427,390.427,6900.0
0.9639,17.823,21.24,390.029,390.029,6900.0
0.964,19.24,22.36,389.687,389.687,6900.0
0.9641,20.539,23.359,389.394,389.394,6900.0
0.9642,21.828,24.346,389.143,389.143,6900.0
0.9643,23.142,25.354,388.939,388.939,6900.0
0.9644,24.432,26.337,388.784,388.784,6900.0
0.9645,25.663,27.258,388.676,388.676,6900.0
0.9646,26.841,28.126,388.612,388.612,6900.0
0.9647,28.044,29.017,388.592,388.592,6900.0
0.9648,29.153,29.812,388.612,388.612,6900.0
0.9649,30.267,30.613,388.664,388.664,6900.0
0.965,31.434,31.465,388.75,388.75,6900.0
0.9651,32.595,32.312,388.883,388.883,6900.0
0.9652,33.774,33.178,389.077,389.077,6900.0
0.9653,34.707,33.797,389.331,389.331,6900.0
0.9654,35.5,34.278,389.626,389.626,6900.0
0.9655,36.504,34.971,389.955,389.955,6900.0
0.9656,37.3,35.457,390.341,390.341,6900.0
0.9657,38.27,36.12,390.777,390.777,6900.0
0.9658,38.82,36.364,391.272,391.272,6900.0
0.9659,39.3,36.54,391.782,391.782,6900.0
0.966,40.027,36.967,392.3,392.3,6900.0
0.9661,40.53,37.172,392.845,392.845,6900.0
0.9662,41.214,37.562,393.407,393.407,6900.0
0.9663,41.675,37.732,394.009,394.009,6900.0
0.9664,41.944,37.715,394.62,394.62,6900.0
0.9665,42.501,37.989,395.24,395.24,6900.0
0.9666,42.776,37.986,395.893,395.893,6900.0
0.9667,43.151,38.087,396.557,396.557,6900.0
0.9668,43.385,38.054,397.264,397.264,6900.0
0.9669,43.344,37.749,397.98,397.98,6900.0
0.967,43.588,37.736,398.7,398.7,6900.0
0.9671,43.488,37.384,399.433,399.433,6900.0
0.9672,43.394,37.044,400.143,400.143,6900.0
0.9673,43.462,36.872,400.85,400.85,6900.0
0.9674,43.223,36.4,401.544,401.544,6900.0
0.9675,43.21,36.161,402.225,402.225,6900.0
0.9676,42.962,35.694,402.899,402.899,6900.0
0.9677,42.624,35.144,403.538,403.538,6900.0
0.9678,42.553,34.868,404.158,404.158,6900.0
0.9679,42.2,34.318,404.769,404.769,6900.0
0.968,41.991,33.919,405.375,405.375,6900.0
0.9681,41.486,33.233,405.974,405.974,6900.0
0.9682,40.898,32.471,406.539,406.539,6900.0
0.9683,40.546,31.954,407.069,407.069,6900.0
0.9684,40.028,31.28,407.577,407.577,6900.0
0.9685,39.534,30.638,408.063,408.063,6900.0
0.9686,38.874,29.839,408.519,408.519,6900.0
0.9687,38.154,28.989,408.929,408.929,6900.0
0.9688,37.569,28.283,409.29,409.29,6900.0
0.9689,36.925,27.527,409.611,409.611,6900.0
0.969,36.285,26.784,409.895,409.895,6900.0
0.9691,35.585,25.99,410.145,410.145,6900.0
0.9692,34.888,25.21,410.361,410.361,6900.0
0.9693,34.075,24.323,410.546,410.546,6900.0
0.9694,33.257,23.44,410.691,410.691,6900.0
0.9695,32.401,22.529,410.792,410.792,6900.0
0.9696,31.629,21.712,410.856,410.856,6900.0
0.9697,30.865,20.912,410.891,410.891,6900.0
0.9698,29.885,19.906,410.902,410.902,6900.0
0.9699,28.715,18.721,410.863,410.863,6900.0
0.97,27.724,17.724,410.753,410.753,6900.0
0.9701,26.949,16.953,410.593,410.593,6900.0
0.9702,26.224,16.241,410.409,410.409,6900.0
0.9703,25.277,15.319,410.215,410.215,6900.0
0.9704,23.907,13.982,409.984,409.984,6900.0
0.9705,22.739,12.857,409.689,409.689,6900.0
0.9706,21.864,12.036,409.353,409.353,6900.0
0.9707,20.923,11.157,408.986,408.986,6900.0
0.9708,19.908,10.214,408.604,408.604,6900.0
0.9709,18.573,8.961,408.194,408.194,6900.0
0.971,17.274,7.754,407.74,407.74,6900.0
0.9711,16.258,6.838,407.254,407.254,6900.0
0.9712,15.112,5.803,406.742,406.742,6900.0
0.9713,13.985,4.795,406.21,406.21,6900.0
0.9714,12.624,3.563,405.657,405.657,6900.0
0.9715,11.263,2.339,405.078,405.078,6900.0
0.9716,10.084,1.306,404.477,404.477,6900.0
0.9717,8.765,0.141,403.86,403.86,6900.0
0.9718,-0.0,-8.46,403.241,403.241,6900.0
0.9719,-0.0,-8.289,402.582,402.582,6900.0
0.972,-0.0,-8.109,401.922,401.922,6900.0
0.9721,0.0,-7.92,401.261,401.261,6900.0
0.9722,0.0,-7.725,400.599,400.599,6900.0
0.9723,0.0,-7.522,399.936,399.936,6900.0
0.9724,0.0,-7.311,399.272,399.272,6900.0
0.9725,0.0,-7.093,398.606,398.606,6900.0
0.9726,0.0,-6.868,397.94,397.94,6900.0
0.9727,0.0,-6.636,397.272,397.272,6900.0
0.9728,0.0,-6.398,396.603,396.603,6900.0
0.9729,0.0,-6.154,395.933,395.933,6900.0
0.973,0.0,-5.903,395.262,395.262,6900.0
0.9731,0.0,-5.647,394.59,394.59,6900.0
0.9732,0.0,-5.385,393.917,393.917,6900.0
0.9733,0.0,-5.117,393.243,393.243,6900.0
0.9734,0.0,-4.845,392.568,392.568,6900.0
0.9735,-5.228,-9.796,391.908,391.908,6900.0
0.9736,-11.896,-16.183,391.33,391.33,6900.0
0.9737,-14.646,-18.646,390.838,390.838,6900.0
0.9738,-16.455,-20.166,390.407,390.407,6900.0
0.9739,-17.805,-21.222,390.028,390.028,6900.0
0.974,-19.002,-22.122,389.687,389.687,6900.0
0.9741,-20.411,-23.231,389.384,389.384,6900.0
0.9742,-21.823,-24.341,389.129,389.129,6900.0
0.9743,-23.16,-25.372,388.926,388.926,6900.0
0.9744,-24.386,-26.291,388.772,388.772,6900.0
0.9745,-25.584,-27.18,388.662,388.662,6900.0
0.9746,-26.778,-28.063,388.592,388.592,6900.0
0.9747,-27.959,-28.931,388.559,388.559,6900.0
0.9748,-29.071,-29.73,388.563,388.563,6900.0
0.9749,-30.351,-30.697,388.606,388.606,6900.0
0.975,-31.575,-31.606,388.701,388.701,6900.0
0.9751,-32.659,-32.376,388.855,388.855,6900.0
0.9752,-33.602,-33.006,389.058,389.058,6900.0
0.9753,-34.504,-33.594,389.297,389.297,6900.0
0.9754,-35.603,-34.38,389.583,389.583,6900.0
0.9755,-36.544,-35.01,389.923,389.923,6900.0
0.9756,-37.395,-35.552,390.328,390.328,6900.0
0.9757,-38.003,-35.853,390.773,390.773,6900.0
0.9758,-38.575,-36.119,391.231,391.231,6900.0
0.9759,-39.391,-36.631,391.715,391.715,6900.0
0.976,-40.007,-36.946,392.226,392.226,6900.0
0.9761,-40.737,-37.379,392.778,392.778,6900.0
0.9762,-41.117,-37.465,393.36,393.36,6900.0
0.9763,-41.542,-37.6,393.943,393.943,6900.0
0.9764,-42.112,-37.882,394.554,394.554,6900.0
0.9765,-42.426,-37.915,395.185,395.185,6900.0
0.9766,-42.94,-38.15,395.845,395.845,6900.0
0.9767,-43.064,-38.001,396.54,396.54,6900.0
0.9768,-43.245,-37.914,397.232,397.232,6900.0
0.9769,-43.421,-37.826,397.947,397.947,6900.0
0.977,-43.361,-37.509,398.662,398.662,6900.0
0.9771,-43.575,-37.47,399.369,399.369,6900.0
0.9772,-43.473,-37.123,400.087,400.087,6900.0
0.9773,-43.422,-36.832,400.784,400.784,6900.0
0.9774,-43.375,-36.552,401.484,401.484,6900.0
0.9775,-43.091,-36.042,402.166,402.166,6900.0
0.9776,-43.026,-35.758,402.816,402.816,6900.0
0.9777,-42.815,-35.334,403.465,403.465,6900.0
0.9778,-42.617,-34.932,404.099,404.099,6900.0
0.9779,-42.317,-34.435,404.734,404.734,6900.0
0.978,-41.799,-33.728,405.349,405.349,6900.0
0.9781,-41.43,-33.177,405.925,405.925,6900.0
0.9782,-41.042,-32.615,406.484,406.484,6900.0
0.9783,-40.609,-32.018,407.021,407.021,6900.0
0.9784,-40.096,-31.348,407.541,407.541,6900.0
0.9785,-39.41,-30.514,408.027,408.027,6900.0
0.9786,-38.795,-29.76,408.463,408.463,6900.0
0.9787,-38.263,-29.098,408.86,408.86,6900.0
0.9788,-37.663,-28.377,409.223,409.223,6900.0
0.9789,-37.031,-27.633,409.553,409.553,6900.0
0.979,-36.335,-26.834,409.848,409.848,6900.0
0.9791,-35.604,-26.01,410.107,410.107,6900.0
0.9792,-34.847,-25.169,410.327,410.327,6900.0
0.9793,-34.071,-24.319,410.507,410.507,6900.0
0.9794,-33.294,-23.477,410.648,410.648,6900.0
0.9795,-32.545,-22.673,410.756,410.756,6900.0
0.9796,-31.751,-21.834,410.837,410.837,6900.0
0.9797,-30.743,-20.79,410.882,410.882,6900.0
0.9798,-29.64,-19.662,410.87,410.87,6900.0
0.9799,-28.841,-18.847,410.799,410.799,6900.0
0.98,-28.053,-18.053,410.693,410.693,6900.0
0.9801,-27.289,-17.293,410.567,410.567,6900.0
0.9802,-26.064,-16.081,410.419,410.419,6900.0
0.9803,-24.71,-14.752,410.205,410.205,6900.0
0.9804,-23.862,-13.937,409.926,409.926,6900.0
0.9805,-23.019,-13.137,409.615,409.615,6900.0
0.9806,-22.226,-12.397,409.286,409.286,6900.0
0.9807,-21.023,-11.257,408.945,408.945,6900.0
0.9808,-19.655,-9.961,408.564,408.564,6900.0
0.9809,-18.627,-9.016,408.141,408.141,6900.0
0.981,-17.456,-7.936,407.693,407.693,6900.0
0.9811,-16.454,-7.034,407.219,407.219,6900.0
0.9812,-15.154,-5.845,406.726,406.726,6900.0
0.9813,-13.741,-4.551,406.2,406.2,6900.0
0.9814,-12.56,-3.499,405.641,405.641,6900.0
0.9815,-11.312,-2.387,405.059,405.059,6900.0
0.9816,-10.125,-1.347,404.456,404.456,6900.0
0.9817,-8.839,-0.216,403.837,403.837,6900.0
0.9818,0.0,8.46,403.218,403.218,6900.0
0.9819,0.0,8.289,402.559,402.559,6900.0
0.982,0.0,8.109,401.899,401.899,6900.0
0.9821,-0.0,7.92,401.238,401.238,6900.0
0.9822,-0.0,7.725,400.576,400.576,6900.0
0.9823,-0.0,7.521,399.912,399.912,6900.0
0.9824,-0.0,7.311,399.248,399.248,6900.0
0.9825,-0.0,7.093,398.583,398.583,6900.0
0.9826,-0.0,6.868,397.916,397.916,6900.0
0.9827,-0.0,6.636,397.248,397.248,6900.0
0.9828,-0.0,6.398,396.58,396.58,6900.0
0.9829,-0.0,6.154,395.91,395.91,6900.0
0.983,-0.0,5.903,395.239,395.239,6900.0
0.9831,-0.0,5.647,394.566,394.566,6900.0
0.9832,-0.0,5.385,393.893,393.893,6900.0
0.9833,-0.0,5.117,393.219,393.219,6900.0
0.9834,-0.0,4.845,392.543,392.543,6900.0
0.9835,4.989,9.557,391.881,391.881,6900.0
0.9836,12.099,16.386,391.306,391.306,6900.0
0.9837,14.741,18.741,390.834,390.834,6900.0
0.9838,16.119,19.829,390.412,390.412,6900.0
0.9839,17.489,20.906,390.017,390.017,6900.0
0.984,18.994,22.114,389.66,389.66,6900.0
0.9841,20.519,23.339,389.353,389.353,6900.0
0.9842,21.825,24.343,389.101,389.101,6900.0
0.9843,23.059,25.271,388.898,388.898,6900.0
0.9844,24.306,26.211,388.737,388.737,6900.0
0.9845,25.558,27.154,388.619,388.619,6900.0
0.9846,26.752,28.037,388.543,388.543,6900.0
0.9847,27.987,28.96,388.507,388.507,6900.0
0.9848,29.16,29.819,388.515,388.515,6900.0
0.9849,30.397,30.743,388.573,388.573,6900.0
0.985,31.459,31.49,388.68,388.68,6900.0
0.9851,32.445,32.162,388.825,388.825,6900.0
0.9852,33.572,32.976,389.006,389.006,6900.0
0.9853,34.615,33.705,389.241,389.241,6900.0
0.9854,35.702,34.48,389.538,389.538,6900.0
0.9855,36.472,34.939,389.895,389.895,6900.0
0.9856,37.141,35.298,390.284,390.284,6900.0
0.9857,38.016,35.866,390.697,390.697,6900.0
0.9858,38.707,36.251,391.152,391.152,6900.0
0.9859,39.554,36.794,391.643,391.643,6900.0
0.986,40.11,37.05,392.183,392.183,6900.0
0.9861,40.464,37.107,392.736,392.736,6900.0
0.9862,41.141,37.489,393.295,393.295,6900.0
0.9863,41.589,37.646,393.884,393.884,6900.0
0.9864,42.195,37.965,394.488,394.488,6900.0
0.9865,42.555,38.043,395.14,395.14,6900.0
0.9866,42.713,37.923,395.802,395.802,6900.0
0.9867,43.132,38.069,396.475,396.475,6900.0
0.9868,43.267,37.935,397.174,397.174,6900.0
0.9869,43.423,37.828,397.871,397.871,6900.0
0.987,43.554,37.702,398.593,398.593,6900.0
0.9871,43.458,37.354,399.311,399.311,6900.0
0.9872,43.59,37.24,400.023,400.023,6900.0
0.9873,43.418,36.828,400.738,400.738,6900.0
0.9874,43.251,36.428,401.422,401.422,6900.0
0.9875,43.258,36.21,402.098,402.098,6900.0
0.9876,42.982,35.714,402.763,402.763,6900.0
0.9877,42.909,35.429,403.42,403.42,6900.0
0.9878,42.58,34.895,404.072,404.072,6900.0
0.9879,42.127,34.244,404.693,404.693,6900.0
0.988,41.94,33.868,405.29,405.29,6900.0
0.9881,41.489,33.236,405.873,405.873,6900.0
0.9882,41.17,32.743,406.443,406.443,6900.0
0.9883,40.584,31.992,406.996,406.996,6900.0
0.9884,39.938,31.19,407.507,407.507,6900.0
0.9885,39.472,30.576,407.974,407.974,6900.0
0.9886,38.917,29.882,408.41,408.41,6900.0
0.9887,38.364,29.199,408.818,408.818,6900.0
0.9888,37.692,28.405,409.193,409.193,6900.0
0.9889,37.007,27.609,409.528,409.528,6900.0
0.989,36.318,26.817,409.822,409.822,6900.0
0.9891,35.611,26.017,410.077,410.077,6900.0
0.9892,34.895,25.217,410.295,410.295,6900.0
0.9893,34.158,24.406,410.478,410.478,6900.0
0.9894,33.409,23.592,410.63,410.63,6900.0
0.9895,32.525,22.653,410.751,410.751,6900.0
0.9896,31.596,21.679,410.827,410.827,6900.0
0.9897,30.665,20.713,410.848,410.848,6900.0
0.9898,29.912,19.933,410.825,410.825,6900.0
0.9899,29.113,19.119,410.775,410.775,6900.0
0.99,28.18,18.18,410.703,410.703,6900.0
0.9901,26.896,16.9,410.585,410.585,6900.0
0.9902,25.793,15.81,410.395,410.395,6900.0
0.9903,25.046,15.087,410.156,410.156,6900.0
0.9904,24.259,14.334,409.895,409.895,6900.0
0.9905,23.331,13.449,409.626,409.626,6900.0
0.9906,21.947,12.119,409.328,409.328,6900.0
0.9907,20.724,10.958,408.975,408.975,6900.0
0.9908,19.767,10.073,408.584,408.584,6900.0
0.9909,18.696,9.085,408.163,408.163,6900.0
0.991,17.633,8.113,407.722,407.722,6900.0
0.9911,16.269,6.849,407.252,407.252,6900.0
0.9912,14.966,5.656,406.741,406.741,6900.0
0.9913,13.894,4.704,406.202,406.202,6900.0
0.9914,12.671,3.61,405.639,405.639,6900.0
0.9915,11.506,2.582,405.058,405.058,6900.0
0.9916,10.215,1.437,404.459,404.459,6900.0
0.9917,8.87,0.247,403.843,403.843,6900.0
0.9918,0.679,-7.781,403.227,403.227,6900.0
0.9919,-0.0,-8.289,402.568,402.568,6900.0
0.992,-0.0,-8.109,401.908,401.908,6900.0
0.9921,0.09,-7.83,401.247,401.247,6900.0
0.9922,0.0,-7.725,400.585,400.585,6900.0
0.9923,0.0,-7.522,399.922,399.922,6900.0
0.9924,0.0,-7.311,399.258,399.258,6900.0
0.9925,0.0,-7.093,398.592,398.592,6900.0
0.9926,0.0,-6.868,397.926,397.926,6900.0
0.9927,0.0,-6.636,397.258,397.258,6900.0
0.9928,0.0,-6.398,396.589,396.589,6900.0
0.9929,0.0,-6.154,395.919,395.919,6900.0
0.993,0.0,-5.903,395.248,395.248,6900.0
0.9931,0.0,-5.647,394.576,394.576,6900.0
0.9932,0.0,-5.385,393.903,393.903,6900.0
0.9933,0.0,-5.117,393.228,393.228,6900.0
0.9934,0.0,-4.845,392.553,392.553,6900.0
0.9935,-5.196,-9.764,391.894,391.894,6900.0
0.9936,-11.879,-16.165,391.331,391.331,6900.0
0.9937,-14.242,-18.242,390.847,390.847,6900.0
0.9938,-15.996,-19.706,390.401,390.401,6900.0
0.9939,-17.638,-21.055,389.996,389.996,6900.0
0.994,-19.211,-22.331,389.645,389.645,6900.0
0.9941,-20.487,-23.307,389.349,389.349,6900.0
0.9942,-21.718,-24.235,389.098,389.098,6900.0
0.9943,-23.041,-25.253,388.889,388.889,6900.0
0.9944,-24.32,-26.225,388.728,388.728,6900.0
0.9945,-25.571,-27.167,388.614,388.614,6900.0
0.9946,-26.774,-28.058,388.544,388.544,6900.0
0.9947,-27.968,-28.941,388.516,388.516,6900.0
0.9948,-29.134,-29.793,388.532,388.532,6900.0
0.9949,-30.204,-30.549,388.585,388.585,6900.0
0.995,-31.326,-31.357,388.671,388.671,6900.0
0.9951,-32.549,-32.267,388.801,388.801,6900.0
0.9952,-33.714,-33.117,388.986,388.986,6900.0
0.9953,-34.716,-33.806,389.239,389.239,6900.0
0.9954,-35.523,-34.3,389.543,389.543,6900.0
0.9955,-36.332,-34.799,389.877,389.877,6900.0
0.9956,-37.277,-35.434,390.257,390.257,6900.0
0.9957,-38.098,-35.947,390.679,390.679,6900.0
0.9958,-38.884,-36.427,391.159,391.159,6900.0
0.9959,-39.393,-36.633,391.671,391.671,6900.0
0.996,-39.869,-36.809,392.187,392.187,6900.0
0.9961,-40.619,-37.261,392.725,392.725,6900.0
0.9962,-41.116,-37.464,393.285,393.285,6900.0
0.9963,-41.785,-37.842,393.88,393.88,6900.0
0.9964,-42.085,-37.856,394.507,394.507,6900.0
0.9965,-42.407,-37.895,395.136,395.136,6900.0
0.9966,-42.865,-38.075,395.794,395.794,6900.0
0.9967,-43.007,-37.944,396.469,396.469,6900.0
0.9968,-43.421,-38.089,397.162,397.162,6900.0
0.9969,-43.423,-37.828,397.883,397.883,6900.0
0.997,-43.503,-37.651,398.595,398.595,6900.0
0.9971,-43.576,-37.472,399.321,399.321,6900.0
0.9972,-43.408,-37.058,400.036,400.036,6900.0
0.9973,-43.514,-36.924,400.73,400.73,6900.0
0.9974,-43.351,-36.528,401.428,401.428,6900.0
0.9975,-43.256,-36.207,402.104,402.104,6900.0
0.9976,-43.123,-35.855,402.782,402.782,6900.0
0.9977,-42.735,-35.255,403.441,403.441,6900.0
0.9978,-42.561,-34.876,404.066,404.066,6900.0
0.9979,-42.298,-34.416,404.686,404.686,6900.0
0.998,-42.013,-33.941,405.29,405.29,6900.0
0.9981,-41.616,-33.363,405.893,405.893,6900.0
0.9982,-41.051,-32.624,406.469,406.469,6900.0
0.9983,-40.55,-31.958,407.002,407.002,6900.0
0.9984,-40.072,-31.324,407.508,407.508,6900.0
0.9985,-39.592,-30.696,407.983,407.983,6900.0
0.9986,-38.997,-29.962,408.435,408.435,6900.0
0.9987,-38.315,-29.15,408.85,408.85,6900.0
0.9988,-37.655,-28.369,409.217,409.217,6900.0
0.9989,-37.03,-27.632,409.545,409.545,6900.0
0.999,-36.392,-26.891,409.836,409.836,6900.0
0.9991,-35.709,-26.115,410.094,410.094,6900.0
0.9992,-34.967,-25.289,410.319,410.319,6900.0
0.9993,-34.22,-24.468,410.512,410.512,6900.0
0.9994,-33.366,-23.549,410.666,410.666,6900.0
0.9995,-32.463,-22.592,410.776,410.776,6900.0
0.9996,-31.672,-21.755,410.838,410.838,6900.0
0.9997,-30.873,-20.92,410.867,410.867,6900.0
0.9998,-30.074,-20.096,410.869,410.869,6900.0
0.9999,-29.012,-19.018,410.838,410.838,6900.0
1.0,-27.809,-17.809,410.745,410.745,6900.0
1.0001,-15.424,-15.424,410.593,410.593,6900.0
1.0002,-15.858,-15.858,410.221,410.221,6900.0
1.0003,-15.529,-15.529,409.858,409.858,6900.0
1.0004,-14.366,-14.366,409.485,409.485,6900.0
1.0005,-12.966,-12.966,409.066,409.066,6900.0
1.0006,-12.06,-12.06,408.602,408.602,6900.0
1.0007,-11.071,-11.071,408.109,408.109,6900.0
1.0008,-10.306,-10.306,407.593,407.593,6900.0
1.0009,-9.21,-9.21,407.06,407.06,6900.0
1.001,-7.956,-7.956,406.501,406.501,6900.0
1.0011,-7.093,-7.093,405.917,405.917,6900.0
1.0012,-6.044,-6.044,405.321,405.321,6900.0
1.0013,-5.131,-5.131,404.712,404.712,6900.0
1.0014,-3.977,-3.977,404.093,404.093,6900.0
1.0015,-2.677,-2.677,403.46,403.46,6900.0
1.0016,-1.554,-1.554,402.815,402.815,6900.0
1.0017,-0.356,-0.356,402.161,402.161,6900.0
1.0018,0.0,0.0,401.501,401.501,6900.0
1.0019,0.0,0.0,400.84,400.84,6900.0
1.002,0.0,0.0,400.177,400.177,6900.0
1.0021,-0.0,-0.0,399.513,399.513,6900.0
1.0022,-0.0,-0.0,398.848,398.848,6900.0
1.0023,-0.0,-0.0,398.182,398.182,6900.0
1.0024,-0.0,-0.0,397.515,397.515,6900.0
1.0025,-0.0,-0.0,396.848,396.848,6900.0
1.0026,1.482,1.482,396.181,396.181,6900.0
1.0027,4.437,4.437,395.524,395.524,6900.0
1.0028,6.228,6.228,394.884,394.884,6900.0
1.0029,7.521,7.521,394.263,394.263,6900.0
1.003,8.458,8.458,393.654,393.654,6900.0
1.0031,9.772,9.772,393.055,393.055,6900.0
1.0032,11.165,11.165,392.482,392.482,6900.0
1.0033,12.595,12.595,391.944,391.944,6900.0
1.0034,13.722,13.722,391.454,391.454,6900.0
1.0035,14.426,14.426,390.991,390.991,6900.0
1.0036,15.433,15.433,390.539,390.539,6900.0
1.0037,16.758,16.758,390.113,390.113,6900.0
1.0038,18.027,18.027,389.725,389.725,6900.0
1.0039,19.128,19.128,389.382,389.382,6900.0
1.004,20.026,20.026,389.069,389.069,6900.0
1.0041,21.01,21.01,388.774,388.774,6900.0
1.0042,22.214,22.214,388.507,388.507,6900.0
1.0043,23.369,23.369,388.282,388.282,6900.0
1.0044,24.463,24.463,388.105,388.105,6900.0
1.0045,25.492,25.492,387.976,387.976,6900.0
1.0046,26.468,26.468,387.896,387.896,6900.0
1.0047,27.312,27.312,387.865,387.865,6900.0
1.0048,28.151,28.151,387.874,387.874,6900.0
1.0049,29.038,29.038,387.92,387.92,6900.0
1.005,29.843,29.843,388.007,388.007,6900.0
1.0051,30.673,30.673,388.138,388.138,6900.0
1.0052,31.324,31.324,388.305,388.305,6900.0
1.0053,31.904,31.904,388.492,388.492,6900.0
1.0054,32.675,32.675,388.694,388.694,6900.0
1.0055,33.305,33.305,388.932,388.932,6900.0
1.0056,34.079,34.079,389.208,389.208,6900.0
1.0057,34.574,34.574,389.533,389.533,6900.0
1.0058,34.912,34.912,389.881,389.881,6900.0
1.0059,35.51,35.51,390.246,390.246,6900.0
1.006,35.847,35.847,390.653,390.653,6900.0
1.0061,36.367,36.367,391.089,391.089,6900.0
1.0062,36.544,36.544,391.569,391.569,6900.0
1.0063,36.582,36.582,392.055,392.055,6900.0
1.0064,36.876,36.876,392.537,392.537,6900.0
1.0065,36.973,36.973,393.033,393.033,6900.0
1.0066,37.128,37.128,393.524,393.524,6900.0
1.0067,37.219,37.219,394.032,394.032,6900.0
1.0068,37.074,37.074,394.536,394.536,6900.0
1.0069,37.277,37.277,395.034,395.034,6900.0
1.007,37.148,37.148,395.545,395.545,6900.0
1.0071,37.02,37.02,396.045,396.045,6900.0
1.0072,36.987,36.987,396.557,396.557,6900.0
1.0073,36.686,36.686,397.066,397.066,6900.0
1.0074,36.577,36.577,397.573,397.573,6900.0
1.0075,36.169,36.169,398.078,398.078,6900.0
1.0076,35.678,35.678,398.55,398.55,6900.0
1.0077,35.432,35.432,399.003,399.003,6900.0
1.0078,34.957,34.957,399.435,399.435,6900.0
1.0079,34.642,34.642,399.848,399.848,6900.0
1.008,34.108,34.108,400.24,400.24,6900.0
1.0081,33.493,33.493,400.593,400.593,6900.0
1.0082,33.085,33.085,400.913,400.913,6900.0
1.0083,32.553,32.553,401.211,401.211,6900.0
1.0084,32.113,32.113,401.493,401.493,6900.0
1.0085,31.403,31.403,401.756,401.756,6900.0
1.0086,30.674,30.674,401.984,401.984,6900.0
1.0087,30.034,30.034,402.176,402.176,6900.0
1.0088,29.284,29.284,402.339,402.339,6900.0
1.0089,28.607,28.607,402.471,402.471,6900.0
1.009,27.839,27.839,402.57,402.57,6900.0
1.0091,27.009,27.009,402.632,402.632,6900.0
1.0092,26.166,26.166,402.653,402.653,6900.0
1.0093,25.331,25.331,402.633,402.633,6900.0
1.0094,24.477,24.477,402.569,402.569,6900.0
1.0095,23.695,23.695,402.469,402.469,6900.0
1.0096,22.89,22.89,402.34,402.34,6900.0
1.0097,21.942,21.942,402.188,402.188,6900.0
1.0098,20.886,20.886,401.996,401.996,6900.0
1.0099,19.877,19.877,401.756,401.756,6900.0
1.01,19.059,19.059,401.481,401.481,6900.0
1.0101,18.268,18.268,401.185,401.185,6900.0
1.0102,17.215,17.215,400.874,400.874,6900.0
1.0103,15.78,15.78,400.524,400.524,6900.0
1.0104,14.574,14.574,400.115,400.115,6900.0
1.0105,13.724,13.724,399.668,399.668,6900.0
1.0106,12.828,12.828,399.195,399.195,6900.0
1.0107,11.852,11.852,398.709,398.709,6900.0
1.0108,10.458,10.458,398.198,398.198,6900.0
1.0109,9.188,9.188,397.653,397.653,6900.0
1.011,8.202,8.202,397.085,397.085,6900.0
1.0111,7.04,7.04,396.498,396.498,6900.0
1.0112,5.924,5.924,395.896,395.896,6900.0
1.0113,4.517,4.517,395.277,395.277,6900.0
1.0114,3.079,3.079,394.638,394.638,6900.0
1.0115,1.903,1.903,393.983,393.983,6900.0
1.0116,0.548,0.548,393.316,393.316,6900.0
1.0117,-0.0,-0.0,392.642,392.642,6900.0
1.0118,-0.0,-0.0,391.966,391.966,6900.0
1.0119,-0.0,-0.0,391.288,391.288,6900.0
1.012,-0.02,-0.02,390.609,390.609,6900.0
1.0121,0.0,0.0,389.929,389.929,6900.0
1.0122,0.0,0.0,389.248,389.248,6900.0
1.0123,0.0,0.0,388.565,388.565,6900.0
1.0124,0.0,0.0,387.882,387.882,6900.0
1.0125,0.0,0.0,387.197,387.197,6900.0
1.0126,0.0,0.0,386.511,386.511,6900.0
1.0127,0.0,0.0,385.825,385.825,6900.0
1.0128,-4.381,-4.381,385.147,385.147,6900.0
1.0129,-7.309,-7.309,384.496,384.496,6900.0
1.013,-9.326,-9.326,383.87,383.87,6900.0
1.0131,-10.909,-10.909,383.271,383.271,6900.0
1.0132,-12.533,-12.533,382.708,382.708,6900.0
1.0133,-13.697,-13.697,382.181,382.181,6900.0
1.0134,-14.791,-14.791,381.671,381.671,6900.0
1.0135,-16.36,-16.36,381.181,381.181,6900.0
1.0136,-18.023,-18.023,380.735,380.735,6900.0
1.0137,-19.581,-19.581,380.347,380.347,6900.0
1.0138,-20.717,-20.717,380.014,380.014,6900.0
1.0139,-21.769,-21.769,379.706,379.706,6900.0
1.014,-23.133,-23.133,379.422,379.422,6900.0
1.0141,-24.598,-24.598,379.177,379.177,6900.0
1.0142,-25.983,-25.983,378.983,378.983,6900.0
1.0143,-27.208,-27.208,378.838,378.838,6900.0
1.0144,-28.397,-28.397,378.737,378.737,6900.0
1.0145,-29.67,-29.67,378.679,378.679,6900.0
1.0146,-30.866,-30.866,378.673,378.673,6900.0
1.0147,-32.046,-32.046,378.719,378.719,6900.0
1.0148,-33.175,-33.175,378.824,378.824,6900.0
1.0149,-34.273,-34.273,378.99,378.99,6900.0
1.015,-35.307,-35.307,379.217,379.217,6900.0
1.0151,-36.147,-36.147,379.493,379.493,6900.0
1.0152,-36.947,-36.947,379.8,379.8,6900.0
1.0153,-37.902,-37.902,380.144,380.144,6900.0
1.0154,-38.797,-38.797,380.529,380.529,6900.0
1.0155,-39.598,-39.598,380.967,380.967,6900.0
1.0156,-40.156,-40.156,381.439,381.439,6900.0
1.0157,-40.781,-40.781,381.923,381.923,6900.0
1.0158,-41.542,-41.542,382.44,382.44,6900.0
1.0159,-42.154,-42.154,382.994,382.994,6900.0
1.016,-42.785,-42.785,383.605,383.605,6900.0
1.0161,-43.06,-43.06,384.259,384.259,6900.0
1.0162,-43.348,-43.348,384.919,384.919,6900.0
1.0163,-43.762,-43.762,385.611,385.611,6900.0
1.0164,-43.944,-43.944,386.32,386.32,6900.0
1.0165,-44.295,-44.295,387.055,387.055,6900.0
1.0166,-44.291,-44.291,387.809,387.809,6900.0
1.0167,-44.281,-44.281,388.548,388.548,6900.0
1.0168,-44.36,-44.36,389.293,389.293,6900.0
1.0169,-44.21,-44.21,390.03,390.03,6900.0
1.017,-44.38,-44.38,390.756,390.756,6900.0
1.0171,-44.171,-44.171,391.496,391.496,6900.0
1.0172,-44.015,-44.015,392.218,392.218,6900.0
1.0173,-43.854,-43.854,392.95,392.95,6900.0
1.0174,-43.398,-43.398,393.671,393.671,6900.0
1.0175,-43.219,-43.219,394.367,394.367,6900.0
1.0176,-42.784,-42.784,395.066,395.066,6900.0
1.0177,-42.406,-42.406,395.742,395.742,6900.0
1.0178,-41.894,-41.894,396.414,396.414,6900.0
1.0179,-41.211,-41.211,397.051,397.051,6900.0
1.018,-40.672,-40.672,397.636,397.636,6900.0
1.0181,-40.074,-40.074,398.195,398.195,6900.0
1.0182,-39.5,-39.5,398.717,398.717,6900.0
1.0183,-38.813,-38.813,399.219,399.219,6900.0
1.0184,-38.038,-38.038,399.681,399.681,6900.0
1.0185,-37.282,-37.282,400.093,400.093,6900.0
1.0186,-36.582,-36.582,400.472,400.472,6900.0
1.0187,-35.835,-35.835,400.821,400.821,6900.0
1.0188,-34.949,-34.949,401.145,401.145,6900.0
1.0189,-34.017,-34.017,401.432,401.432,6900.0
1.019,-33.077,-33.077,401.673,401.673,6900.0
1.0191,-32.108,-32.108,401.871,401.871,6900.0
1.0192,-31.165,-31.165,402.022,402.022,6900.0
1.0193,-30.17,-30.17,402.127,402.127,6900.0
1.0194,-29.167,-29.167,402.19,402.19,6900.0
1.0195,-28.165,-28.165,402.213,402.213,6900.0
1.0196,-26.995,-26.995,402.192,402.192,6900.0
1.0197,-25.763,-25.763,402.117,402.117,6900.0
1.0198,-24.755,-24.755,401.988,401.988,6900.0
1.0199,-23.798,-23.798,401.824,401.824,6900.0
1.02,-22.751,-22.751,401.639,401.639,6900.0
1.0201,-21.391,-21.391,401.426,401.426,6900.0
1.0202,-19.825,-19.825,401.156,401.156,6900.0
1.0203,-18.695,-18.695,400.827,400.827,6900.0
1.0204,-17.639,-17.639,400.467,400.467,6900.0
1.0205,-16.609,-16.609,400.086,400.086,6900.0
1.0206,-15.127,-15.127,399.684,399.684,6900.0
1.0207,-13.432,-13.432,399.238,399.238,6900.0
1.0208,-12.183,-12.183,398.745,398.745,6900.0
1.0209,-10.79,-10.79,398.224,398.224,6900.0
1.021,-9.68,-9.68,397.676,397.676,6900.0
1.0211,-8.158,-8.158,397.11,397.11,6900.0
1.0212,-6.565,-6.565,396.515,396.515,6900.0
1.0213,-5.207,-5.207,395.896,395.896,6900.0
1.0214,-3.747,-3.747,395.26,395.26,6900.0
1.0215,-2.366,-2.366,394.608,394.608,6900.0
1.0216,-0.817,-0.817,393.946,393.946,6900.0
1.0217,0.0,0.0,393.273,393.273,6900.0
1.0218,0.0,0.0,392.598,392.598,6900.0
1.0219,0.0,0.0,391.921,391.921,6900.0
1.022,0.0,0.0,391.244,391.244,6900.0
1.0221,-0.0,-0.0,390.565,390.565,6900.0
1.0222,-0.0,-0.0,389.884,389.884,6900.0
1.0223,-0.0,-0.0,389.203,389.203,6900.0
1.0224,-0.0,-0.0,388.52,388.52,6900.0
1.0225,-0.0,-0.0,387.836,387.836,6900.0
1.0226,-0.0,-0.0,387.152,387.152,6900.0
1.0227,-0.0,-0.0,386.466,386.466,6900.0
1.0228,3.719,3.719,385.784,385.784,6900.0
1.0229,8.189,8.189,385.13,385.13,6900.0
1.023,10.653,10.653,384.513,384.513,6900.0
1.0231,12.426,12.426,383.932,383.932,6900.0
1.0232,13.787,13.787,383.375,383.375,6900.0
1.0233,15.492,15.492,382.833,382.833,6900.0
1.0234,17.382,17.382,382.329,382.329,6900.0
1.0235,19.261,19.261,381.882,381.882,6900.0
1.0236,20.816,20.816,381.506,381.506,6900.0
1.0237,21.94,21.94,381.177,381.177,6900.0
1.0238,23.346,23.346,380.869,380.869,6900.0
1.0239,25.026,25.026,380.596,380.596,6900.0
1.024,26.626,26.626,380.374,380.374,6900.0
1.0241,28.082,28.082,380.208,380.208,6900.0
1.0242,29.445,29.445,380.083,380.083,6900.0
1.0243,30.811,30.811,379.993,379.993,6900.0
1.0244,32.321,32.321,379.946,379.946,6900.0
1.0245,33.815,33.815,379.955,379.955,6900.0
1.0246,35.186,35.186,380.031,380.031,6900.0
1.0247,36.539,36.539,380.177,380.177,6900.0
1.0248,37.786,37.786,380.401,380.401,6900.0
1.0249,38.843,38.843,380.694,380.694,6900.0
1.025,39.802,39.802,381.041,381.041,6900.0
1.0251,40.916,40.916,381.426,381.426,6900.0
1.0252,41.872,41.872,381.864,381.864,6900.0
1.0253,42.893,42.893,382.352,382.352,6900.0
1.0254,43.674,43.674,382.886,382.886,6900.0
1.0255,44.372,44.372,383.44,383.44,6900.0
1.0256,45.261,45.261,384.006,384.006,6900.0
1.0257,45.991,45.991,384.617,384.617,6900.0
1.0258,46.87,46.87,385.275,385.275,6900.0
1.0259,47.389,47.389,386.002,386.002,6900.0
1.026,47.736,47.736,386.757,386.757,6900.0
1.0261,48.338,48.338,387.535,387.535,6900.0
1.0262,48.643,48.643,388.362,388.362,6900.0
1.0263,49.063,49.063,389.216,389.216,6900.0
1.0264,49.194,49.194,390.118,390.118,6900.0
1.0265,49.122,49.122,391.018,391.018,6900.0
1.0266,49.339,49.339,391.904,391.904,6900.0
1.0267,49.315,49.315,392.795,392.795,6900.0
1.0268,49.332,49.332,393.664,393.664,6900.0
1.0269,49.278,49.278,394.547,394.547,6900.0
1.027,49.058,49.058,395.417,395.417,6900.0
1.0271,49.051,49.051,396.28,396.28,6900.0
1.0272,48.775,48.775,397.152,397.152,6900.0
1.0273,48.39,48.39,398.006,398.006,6900.0
1.0274,48.167,48.167,398.865,398.865,6900.0
1.0275,47.616,47.616,399.716,399.716,6900.0
1.0276,47.256,47.256,400.556,400.556,6900.0
1.0277,46.571,46.571,401.385,401.385,6900.0
1.0278,45.82,45.82,402.163,402.163,6900.0
1.0279,45.316,45.316,402.899,402.899,6900.0
1.028,44.578,44.578,403.6,403.6,6900.0
1.0281,43.978,43.978,404.267,404.267,6900.0
1.0282,43.156,43.156,404.902,404.902,6900.0
1.0283,42.242,42.242,405.484,405.484,6900.0
1.0284,41.561,41.561,406.018,406.018,6900.0
1.0285,40.728,40.728,406.522,406.522,6900.0
1.0286,39.921,39.921,407.002,407.002,6900.0
1.0287,38.937,38.937,407.453,407.453,6900.0
1.0288,37.865,37.865,407.861,407.861,6900.0
1.0289,36.826,36.826,408.219,408.219,6900.0
1.029,35.764,35.764,408.531,408.531,6900.0
1.0291,34.713,34.713,408.796,408.796,6900.0
1.0292,33.595,33.595,409.013,409.013,6900.0
1.0293,32.478,32.478,409.181,409.181,6900.0
1.0294,31.297,31.297,409.3,409.3,6900.0
1.0295,30.061,30.061,409.365,409.365,6900.0
1.0296,28.848,28.848,409.37,409.37,6900.0
1.0297,27.775,27.775,409.327,409.327,6900.0
1.0298,26.672,26.672,409.253,409.253,6900.0
1.0299,25.408,25.408,409.153,409.153,6900.0
1.03,23.874,23.874,409.007,409.007,6900.0
1.0301,22.487,22.487,408.797,408.797,6900.0
1.0302,21.322,21.322,408.543,408.543,6900.0
1.0303,20.148,20.148,408.262,408.262,6900.0
1.0304,18.833,18.833,407.964,407.964,6900.0
1.0305,17.036,17.036,407.626,407.626,6900.0
1.0306,15.436,15.436,407.225,407.225,6900.0
1.0307,14.155,14.155,406.779,406.779,6900.0
1.0308,12.828,12.828,406.3,406.3,6900.0
1.0309,11.488,11.488,405.799,405.799,6900.0
1.031,9.769,9.769,405.27,405.27,6900.0
1.0311,8.23,8.23,404.706,404.706,6900.0
1.0312,6.879,6.879,404.12,404.12,6900.0
1.0313,5.341,5.341,403.515,403.515,6900.0
1.0314,3.898,3.898,402.895,402.895,6900.0
1.0315,2.193,2.193,402.26,402.26,6900.0
1.0316,0.49,0.49,401.609,401.609,6900.0
1.0317,-0.0,-0.0,400.949,400.949,6900.0
1.0318,-0.0,-0.0,400.286,400.286,6900.0
1.0319,-0.0,-0.0,399.623,399.623,6900.0
1.032,-0.0,-0.0,398.958,398.958,6900.0
1.0321,0.0,0.0,398.292,398.292,6900.0
1.0322,0.0,0.0,397.625,397.625,6900.0
1.0323,0.0,0.0,396.957,396.957,6900.0
1.0324,0.0,0.0,396.288,396.288,6900.0
1.0325,0.0,0.0,395.617,395.617,6900.0
1.0326,0.0,0.0,394.946,394.946,6900.0
1.0327,0.0,0.0,394.273,394.273,6900.0
1.0328,-0.451,-0.451,393.601,393.601,6900.0
1.0329,-6.882,-6.882,392.944,392.944,6900.0
1.033,-10.053,-10.053,392.332,392.332,6900.0
1.0331,-11.901,-11.901,391.745,391.745,6900.0
1.0332,-13.879,-13.879,391.181,391.181,6900.0
1.0333,-15.754,-15.754,390.656,390.656,6900.0
1.0334,-17.621,-17.621,390.185,390.185,6900.0
1.0335,-18.94,-18.94,389.771,389.771,6900.0
1.0336,-20.199,-20.199,389.381,389.381,6900.0
1.0337,-21.86,-21.86,389.017,389.017,6900.0
1.0338,-23.555,-23.555,388.7,388.7,6900.0
1.0339,-25.221,-25.221,388.444,388.444,6900.0
1.034,-26.567,-26.567,388.244,388.244,6900.0
1.0341,-27.811,-27.811,388.079,388.079,6900.0
1.0342,-29.32,-29.32,387.944,387.944,6900.0
1.0343,-30.804,-30.804,387.857,387.857,6900.0
1.0344,-32.268,-32.268,387.825,387.825,6900.0
1.0345,-33.608,-33.608,387.853,387.853,6900.0
1.0346,-34.927,-34.927,387.94,387.94,6900.0
1.0347,-36.16,-36.16,388.09,388.09,6900.0
1.0348,-37.327,-37.327,388.296,388.296,6900.0
1.0349,-38.358,-38.358,388.554,388.554,6900.0
1.035,-39.509,-39.509,388.863,388.863,6900.0
1.0351,-40.597,-40.597,389.228,389.228,6900.0
1.0352,-41.537,-41.537,389.655,389.655,6900.0
1.0353,-42.3,-42.3,390.122,390.122,6900.0
1.0354,-43.055,-43.055,390.609,390.609,6900.0
1.0355,-43.947,-43.947,391.13,391.13,6900.0
1.0356,-44.794,-44.794,391.691,391.691,6900.0
1.0357,-45.505,-45.505,392.313,392.313,6900.0
1.0358,-45.954,-45.954,392.975,392.975,6900.0
1.0359,-46.406,-46.406,393.65,393.65,6900.0
1.036,-46.998,-46.998,394.36,394.36,6900.0
1.0361,-47.395,-47.395,395.101,395.101,6900.0
1.0362,-47.847,-47.847,395.891,395.891,6900.0
1.0363,-47.926,-47.926,396.713,396.713,6900.0
1.0364,-48.016,-48.016,397.527,397.527,6900.0
1.0365,-48.218,-48.218,398.357,398.357,6900.0
1.0366,-48.196,-48.196,399.188,399.188,6900.0
1.0367,-48.372,-48.372,400.026,400.026,6900.0
1.0368,-48.192,-48.192,400.878,400.878,6900.0
1.0369,-48.054,-48.054,401.708,401.708,6900.0
1.037,-47.881,-47.881,402.546,402.546,6900.0
1.0371,-47.54,-47.54,403.371,403.371,6900.0
1.0372,-47.457,-47.457,404.181,404.181,6900.0
1.0373,-47.035,-47.035,404.999,404.999,6900.0
1.0374,-46.661,-46.661,405.794,405.794,6900.0
1.0375,-46.233,-46.233,406.591,406.591,6900.0
1.0376,-45.546,-45.546,407.363,407.363,6900.0
1.0377,-45.064,-45.064,408.094,408.094,6900.0
1.0378,-44.416,-44.416,408.808,408.808,6900.0
1.0379,-43.844,-43.844,409.488,409.488,6900.0
1.038,-43.136,-43.136,410.15,410.15,6900.0
1.0381,-42.269,-42.269,410.772,410.772,6900.0
1.0382,-41.512,-41.512,411.338,411.338,6900.0
1.0383,-40.762,-40.762,411.871,411.871,6900.0
1.0384,-39.963,-39.963,412.37,412.37,6900.0
1.0385,-39.081,-39.081,412.844,412.844,6900.0
1.0386,-38.115,-38.115,413.278,413.278,6900.0
1.0387,-37.099,-37.099,413.662,413.662,6900.0
1.0388,-36.178,-36.178,414.004,414.004,6900.0
1.0389,-35.222,-35.222,414.305,414.305,6900.0
1.039,-34.14,-34.14,414.569,414.569,6900.0
1.0391,-33.029,-33.029,414.79,414.79,6900.0
1.0392,-31.936,-31.936,414.963,414.963,6900.0
1.0393,-30.806,-30.806,415.087,415.087,6900.0
1.0394,-29.61,-29.61,415.161,415.161,6900.0
1.0395,-28.523,-28.523,415.183,415.183,6900.0
1.0396,-27.392,-27.392,415.166,415.166,6900.0
1.0397,-26.298,-26.298,415.114,415.114,6900.0
1.0398,-24.922,-24.922,415.025,415.025,6900.0
1.0399,-23.498,-23.498,414.879,414.879,6900.0
1.04,-22.353,-22.353,414.678,414.678,6900.0
1.0401,-21.267,-21.267,414.443,414.443,6900.0
1.0402,-20.132,-20.132,414.188,414.188,6900.0
1.0403,-18.588,-18.588,413.907,413.907,6900.0
1.0404,-16.859,-16.859,413.568,413.568,6900.0
1.0405,-15.598,-15.598,413.174,413.174,6900.0
1.0406,-14.407,-14.407,412.745,412.745,6900.0
1.0407,-13.283,-13.283,412.294,412.294,6900.0
1.0408,-11.755,-11.755,411.823,411.823,6900.0
1.0409,-10.077,-10.077,411.317,411.317,6900.0
1.041,-8.742,-8.742,410.778,410.778,6900.0
1.0411,-7.29,-7.29,410.217,410.217,6900.0
1.0412,-6.046,-6.046,409.635,409.635,6900.0
1.0413,-4.47,-4.47,409.038,409.038,6900.0
1.0414,-2.797,-2.797,408.42,408.42,6900.0
1.0415,-1.323,-1.323,407.785,407.785,6900.0
1.0416,-0.03,-0.03,407.138,407.138,6900.0
1.0417,0.0,0.0,406.486,406.486,6900.0
1.0418,0.0,0.0,405.833,405.833,6900.0
1.0419,0.0,0.0,405.178,405.178,6900.0
1.042,0.004,0.004,404.523,404.523,6900.0
1.0421,-0.0,-0.0,403.866,403.866,6900.0
1.0422,-0.0,-0.0,403.208,403.208,6900.0
1.0423,-0.0,-0.0,402.549,402.549,6900.0
1.0424,-0.0,-0.0,401.889,401.889,6900.0
1.0425,-0.0,-0.0,401.228,401.228,6900.0
1.0426,-0.0,-0.0,400.566,400.566,6900.0
1.0427,-0.0,-0.0,399.903,399.903,6900.0
1.0428,-0.0,-0.0,399.239,399.239,6900.0
1.0429,0.823,0.823,398.576,398.576,6900.0
1.043,7.243,7.243,397.931,397.931,6900.0
1.0431,10.459,10.459,397.335,397.335,6900.0
1.0432,12.534,12.534,396.779,396.779,6900.0
1.0433,14.089,14.089,396.267,396.267,6900.0
1.0434,15.273,15.273,395.781,395.781,6900.0
1.0435,16.785,16.785,395.309,395.309,6900.0
1.0436,18.521,18.521,394.873,394.873,6900.0
1.0437,20.184,20.184,394.491,394.491,6900.0
1.0438,21.624,21.624,394.174,394.174,6900.0
1.0439,22.704,22.704,393.903,393.903,6900.0
1.044,23.966,23.966,393.655,393.655,6900.0
1.0441,25.41,25.41,393.442,393.442,6900.0
1.0442,26.825,26.825,393.274,393.274,6900.0
1.0443,28.112,28.112,393.157,393.157,6900.0
1.0444,29.301,29.301,393.081,393.081,6900.0
1.0445,30.554,30.554,393.043,393.043,6900.0
1.0446,31.766,31.766,393.05,393.05,6900.0
1.0447,32.967,32.967,393.104,393.104,6900.0
1.0448,34.125,34.125,393.212,393.212,6900.0
1.0449,35.244,35.244,393.379,393.379,6900.0
1.045,36.239,36.239,393.613,393.613,6900.0
1.0451,37.076,37.076,393.905,393.905,6900.0
1.0452,37.885,37.885,394.236,394.236,6900.0
1.0453,38.729,38.729,394.597,394.597,6900.0
1.0454,39.47,39.47,394.998,394.998,6900.0
1.0455,40.291,40.291,395.442,395.442,6900.0
1.0456,40.871,40.871,395.928,395.928,6900.0
1.0457,41.309,41.309,396.428,396.428,6900.0
1.0458,41.971,41.971,396.937,396.937,6900.0
1.0459,42.464,42.464,397.482,397.482,6900.0
1.046,43.082,43.082,398.06,398.06,6900.0
1.0461,43.401,43.401,398.693,398.693,6900.0
1.0462,43.545,43.545,399.342,399.342,6900.0
1.0463,43.902,43.902,400.004,400.004,6900.0
1.0464,43.97,43.97,400.698,400.698,6900.0
1.0465,44.189,44.189,401.401,401.401,6900.0
1.0466,44.197,44.197,402.135,402.135,6900.0
1.0467,43.996,43.996,402.863,402.863,6900.0
1.0468,44.023,44.023,403.577,403.577,6900.0
1.0469,43.838,43.838,404.292,404.292,6900.0
1.047,43.64,43.64,404.982,404.982,6900.0
1.0471,43.559,43.559,405.677,405.677,6900.0
1.0472,43.151,43.151,406.36,406.36,6900.0
1.0473,43.04,43.04,407.031,407.031,6900.0
1.0474,42.564,42.564,407.705,407.705,6900.0
1.0475,42.069,42.069,408.352,408.352,6900.0
1.0476,41.767,41.767,408.989,408.989,6900.0
1.0477,41.156,41.156,409.613,409.613,6900.0
1.0478,40.682,40.682,410.222,410.222,6900.0
1.0479,39.934,39.934,410.812,410.812,6900.0
1.048,39.15,39.15,411.354,411.354,6900.0
1.0481,38.573,38.573,411.855,411.855,6900.0
1.0482,37.815,37.815,412.323,412.323,6900.0
1.0483,37.199,37.199,412.761,412.761,6900.0
1.0484,36.346,36.346,413.17,413.17,6900.0
1.0485,35.417,35.417,413.532,413.532,6900.0
1.0486,34.68,34.68,413.849,413.849,6900.0
1.0487,33.869,33.869,414.135,414.135,6900.0
1.0488,33.009,33.009,414.393,414.393,6900.0
1.0489,32.068,32.068,414.619,414.619,6900.0
1.049,31.006,31.006,414.806,414.806,6900.0
1.0491,30.021,30.021,414.949,414.949,6900.0
1.0492,28.977,28.977,415.05,415.05,6900.0
1.0493,27.965,27.965,415.104,415.104,6900.0
1.0494,26.928,26.928,415.117,415.117,6900.0
1.0495,25.93,25.93,415.09,415.09,6900.0
1.0496,24.759,24.759,415.028,415.028,6900.0
1.0497,23.566,23.566,414.917,414.917,6900.0
1.0498,22.388,22.388,414.752,414.752,6900.0
1.0499,21.384,21.384,414.546,414.546,6900.0
1.05,20.381,20.381,414.313,414.313,6900.0
1.0501,19.257,19.257,414.062,414.062,6900.0
1.0502,17.692,17.692,413.771,413.771,6900.0
1.0503,16.368,16.368,413.422,413.422,6900.0
1.0504,15.34,15.34,413.035,413.035,6900.0
1.0505,14.262,14.262,412.623,412.623,6900.0
1.0506,13.097,13.097,412.197,412.197,6900.0
1.0507,11.474,11.474,411.741,411.741,6900.0
1.0508,10.037,10.037,411.242,411.242,6900.0
1.0509,8.848,8.848,410.714,410.714,6900.0
1.051,7.579,7.579,410.161,410.161,6900.0
1.0511,6.338,6.338,409.59,409.59,6900.0
1.0512,4.792,4.792,408.999,408.999,6900.0
1.0513,3.323,3.323,408.386,408.386,6900.0
1.0514,2.087,2.087,407.756,407.756,6900.0
1.0515,0.683,0.683,407.115,407.115,6900.0
1.0516,-0.0,-0.0,406.464,406.464,6900.0
1.0517,-0.0,-0.0,405.812,405.812,6900.0
1.0518,-0.0,-0.0,405.157,405.157,6900.0
1.0519,-0.0,-0.0,404.502,404.502,6900.0
1.052,-0.0,-0.0,403.845,403.845,6900.0
1.0521,0.0,0.0,403.187,403.187,6900.0
1.0522,0.0,0.0,402.528,402.528,6900.0
1.0523,0.0,0.0,401.868,401.868,6900.0
1.0524,0.0,0.0,401.207,401.207,6900.0
1.0525,0.0,0.0,400.545,400.545,6900.0
1.0526,0.0,0.0,399.881,399.881,6900.0
1.0527,0.0,0.0,399.217,399.217,6900.0
1.0528,0.0,0.0,398.552,398.552,6900.0
1.0529,0.0,0.0,397.885,397.885,6900.0
1.053,-2.65,-2.65,397.223,397.223,6900.0
1.0531,-8.607,-8.607,396.6,396.6,6900.0
1.0532,-10.877,-10.877,396.032,396.032,6900.0
1.0533,-12.318,-12.318,395.485,395.485,6900.0
1.0534,-14.024,-14.024,394.958,394.958,6900.0
1.0535,-15.704,-15.704,394.469,394.469,6900.0
1.0536,-17.328,-17.328,394.034,394.034,6900.0
1.0537,-18.495,-18.495,393.653,393.653,6900.0
1.0538,-19.509,-19.509,393.298,393.298,6900.0
1.0539,-20.91,-20.91,392.969,392.969,6900.0
1.054,-22.347,-22.347,392.682,392.682,6900.0
1.0541,-23.739,-23.739,392.446,392.446,6900.0
1.0542,-24.884,-24.884,392.256,392.256,6900.0
1.0543,-25.992,-25.992,392.1,392.1,6900.0
1.0544,-27.224,-27.224,391.974,391.974,6900.0
1.0545,-28.451,-28.451,391.889,391.889,6900.0
1.0546,-29.658,-29.658,391.851,391.851,6900.0
1.0547,-30.803,-30.803,391.865,391.865,6900.0
1.0548,-31.926,-31.926,391.934,391.934,6900.0
1.0549,-32.904,-32.904,392.062,392.062,6900.0
1.055,-33.805,-33.805,392.238,392.238,6900.0
1.0551,-34.571,-34.571,392.454,392.454,6900.0
1.0552,-35.517,-35.517,392.711,392.711,6900.0
1.0553,-36.401,-36.401,393.012,393.012,6900.0
1.0554,-37.126,-37.126,393.364,393.364,6900.0
1.0555,-37.667,-37.667,393.747,393.747,6900.0
1.0556,-38.257,-38.257,394.14,394.14,6900.0
1.0557,-38.968,-38.968,394.561,394.561,6900.0
1.0558,-39.587,-39.587,395.011,395.011,6900.0
1.0559,-40.16,-40.16,395.511,395.511,6900.0
1.056,-40.469,-40.469,396.046,396.046,6900.0
1.0561,-40.775,-40.775,396.588,396.588,6900.0
1.0562,-41.202,-41.202,397.161,397.161,6900.0
1.0563,-41.397,-41.397,397.757,397.757,6900.0
1.0564,-41.744,-41.744,398.386,398.386,6900.0
1.0565,-41.689,-41.689,399.039,399.039,6900.0
1.0566,-41.7,-41.7,399.679,399.679,6900.0
1.0567,-41.759,-41.759,400.329,400.329,6900.0
1.0568,-41.644,-41.644,400.971,400.971,6900.0
1.0569,-41.746,-41.746,401.609,401.609,6900.0
1.057,-41.519,-41.519,402.255,402.255,6900.0
1.0571,-41.318,-41.318,402.88,402.88,6900.0
1.0572,-41.098,-41.098,403.512,403.512,6900.0
1.0573,-40.746,-40.746,404.128,404.128,6900.0
1.0574,-40.602,-40.602,404.725,404.725,6900.0
1.0575,-40.139,-40.139,405.327,405.327,6900.0
1.0576,-39.806,-39.806,405.908,405.908,6900.0
1.0577,-39.324,-39.324,406.49,406.49,6900.0
1.0578,-38.619,-38.619,407.045,407.045,6900.0
1.0579,-38.113,-38.113,407.556,407.556,6900.0
1.058,-37.509,-37.509,408.046,408.046,6900.0
1.0581,-36.977,-36.977,408.502,408.502,6900.0
1.0582,-36.288,-36.288,408.939,408.939,6900.0
1.0583,-35.481,-35.481,409.338,409.338,6900.0
1.0584,-34.773,-34.773,409.687,409.687,6900.0
1.0585,-34.064,-34.064,410.006,410.006,6900.0
1.0586,-33.357,-33.357,410.294,410.294,6900.0
1.0587,-32.559,-32.559,410.56,410.56,6900.0
1.0588,-31.669,-31.669,410.79,410.79,6900.0
1.0589,-30.718,-30.718,410.98,410.98,6900.0
1.059,-29.846,-29.846,411.129,411.129,6900.0
1.0591,-28.9,-28.9,411.241,411.241,6900.0
1.0592,-27.937,-27.937,411.314,411.314,6900.0
1.0593,-26.983,-26.983,411.347,411.347,6900.0
1.0594,-26.03,-26.03,411.341,411.341,6900.0
1.0595,-24.913,-24.913,411.294,411.294,6900.0
1.0596,-23.814,-23.814,411.197,411.197,6900.0
1.0597,-22.836,-22.836,411.054,411.054,6900.0
1.0598,-21.892,-21.892,410.877,410.877,6900.0
1.0599,-20.907,-20.907,410.675,410.675,6900.0
1.06,-19.618,-19.618,410.445,410.445,6900.0
1.0601,-18.227,-18.227,410.163,410.163,6900.0
1.0602,-17.169,-17.169,409.833,409.833,6900.0
1.0603,-16.243,-16.243,409.473,409.473,6900.0
1.0604,-15.264,-15.264,409.099,409.099,6900.0
1.0605,-13.818,-13.818,408.706,408.706,6900.0
1.0606,-12.191,-12.191,408.267,408.267,6900.0
1.0607,-11.058,-11.058,407.782,407.782,6900.0
1.0608,-9.844,-9.844,407.27,407.27,6900.0
1.0609,-8.78,-8.78,406.733,406.733,6900.0
1.061,-7.406,-7.406,406.178,406.178,6900.0
1.0611,-5.828,-5.828,405.596,405.596,6900.0
1.0612,-4.667,-4.667,404.99,404.99,6900.0
1.0613,-3.319,-3.319,404.368,404.368,6900.0
1.0614,-2.166,-2.166,403.733,403.733,6900.0
1.0615,-0.747,-0.747,403.087,403.087,6900.0
1.0616,0.0,0.0,402.43,402.43,6900.0
1.0617,0.0,0.0,401.771,401.771,6900.0
1.0618,0.0,0.0,401.11,401.11,6900.0
1.0619,0.0,0.0,400.448,400.448,6900.0
1.062,0.0,0.0,399.784,399.784,6900.0
1.0621,-0.0,-0.0,399.12,399.12,6900.0
1.0622,-0.0,-0.0,398.454,398.454,6900.0
1.0623,-0.0,-0.0,397.787,397.787,6900.0
1.0624,-0.0,-0.0,397.12,397.12,6900.0
1.0625,-0.0,-0.0,396.451,396.451,6900.0
1.0626,-0.0,-0.0,395.78,395.78,6900.0
1.0627,-0.0,-0.0,395.109,395.109,6900.0
1.0628,-0.0,-0.0,394.437,394.437,6900.0
1.0629,-0.0,-0.0,393.764,393.764,6900.0
1.063,2.386,2.386,393.095,393.095,6900.0
1.0631,8.077,8.077,392.459,392.459,6900.0
1.0632,10.759,10.759,391.865,391.865,6900.0
1.0633,12.634,12.634,391.306,391.306,6900.0
1.0634,14.391,14.391,390.786,390.786,6900.0
1.0635,15.854,15.854,390.318,390.318,6900.0
1.0636,16.874,16.874,389.883,389.883,6900.0
1.0637,18.211,18.211,389.465,389.465,6900.0
1.0638,19.79,19.79,389.082,389.082,6900.0
1.0639,21.355,21.355,388.751,388.751,6900.0
1.064,22.632,22.632,388.481,388.481,6900.0
1.0641,23.789,23.789,388.254,388.254,6900.0
1.0642,24.977,24.977,388.058,388.058,6900.0
1.0643,26.299,26.299,387.899,387.899,6900.0
1.0644,27.591,27.591,387.784,387.784,6900.0
1.0645,28.796,28.796,387.719,387.719,6900.0
1.0646,29.962,29.962,387.699,387.699,6900.0
1.0647,31.1,31.1,387.727,387.727,6900.0
1.0648,32.21,32.21,387.803,387.803,6900.0
1.0649,33.222,33.222,387.924,387.924,6900.0
1.065,34.269,34.269,388.088,388.088,6900.0
1.0651,35.268,35.268,388.306,388.306,6900.0
1.0652,36.214,36.214,388.586,388.586,6900.0
1.0653,36.921,36.921,388.918,388.918,6900.0
1.0654,37.6,37.6,389.281,389.281,6900.0
1.0655,38.413,38.413,389.666,389.666,6900.0
1.0656,39.046,39.046,390.092,390.092,6900.0
1.0657,39.881,39.881,390.556,390.556,6900.0
1.0658,40.339,40.339,391.068,391.068,6900.0
1.0659,40.711,40.711,391.593,391.593,6900.0
1.066,41.266,41.266,392.129,392.129,6900.0
1.0661,41.662,41.662,392.697,392.697,6900.0
1.0662,42.205,42.205,393.291,393.291,6900.0
1.0663,42.408,42.408,393.934,393.934,6900.0
1.0664,42.457,42.457,394.586,394.586,6900.0
1.0665,42.762,42.762,395.242,395.242,6900.0
1.0666,42.759,42.759,395.923,395.923,6900.0
1.0667,42.899,42.899,396.6,396.6,6900.0
1.0668,42.887,42.887,397.302,397.302,6900.0
1.0669,42.652,42.652,397.995,397.995,6900.0
1.067,42.677,42.677,398.676,398.676,6900.0
1.0671,42.42,42.42,399.359,399.359,6900.0
1.0672,42.146,42.146,400.017,400.017,6900.0
1.0673,41.99,41.99,400.674,400.674,6900.0
1.0674,41.63,41.63,401.318,401.318,6900.0
1.0675,41.422,41.422,401.953,401.953,6900.0
1.0676,40.916,40.916,402.585,402.585,6900.0
1.0677,40.349,40.349,403.182,403.182,6900.0
1.0678,40.006,40.006,403.759,403.759,6900.0
1.0679,39.389,39.389,404.317,404.317,6900.0
1.068,38.882,38.882,404.856,404.856,6900.0
1.0681,38.131,38.131,405.373,405.373,6900.0
1.0682,37.344,37.344,405.842,405.842,6900.0
1.0683,36.773,36.773,406.269,406.269,6900.0
1.0684,36.04,36.04,406.664,406.664,6900.0
1.0685,35.371,35.371,407.031,407.031,6900.0
1.0686,34.518,34.518,407.368,407.368,6900.0
1.0687,33.62,33.62,407.662,407.662,6900.0
1.0688,32.819,32.819,407.91,407.91,6900.0
1.0689,32.001,32.001,408.124,408.124,6900.0
1.069,31.079,31.079,408.305,408.305,6900.0
1.0691,30.138,30.138,408.45,408.45,6900.0
1.0692,29.146,29.146,408.555,408.555,6900.0
1.0693,28.092,28.092,408.62,408.62,6900.0
1.0694,27.022,27.022,408.64,408.64,6900.0
1.0695,26.015,26.015,408.61,408.61,6900.0
1.0696,25.02,25.02,408.538,408.538,6900.0
1.0697,24.052,24.052,408.431,408.431,6900.0
1.0698,22.909,22.909,408.296,408.296,6900.0
1.0699,21.595,21.595,408.115,408.115,6900.0
1.07,20.381,20.381,407.876,407.876,6900.0
1.0701,19.377,19.377,407.597,407.597,6900.0
1.0702,18.425,18.425,407.294,407.294,6900.0
1.0703,17.281,17.281,406.974,406.974,6900.0
1.0704,15.658,15.658,406.618,406.618,6900.0
1.0705,14.256,14.256,406.205,406.205,6900.0
1.0706,13.15,13.15,405.753,405.753,6900.0
1.0707,12.056,12.056,405.274,405.274,6900.0
1.0708,10.847,10.847,404.778,404.778,6900.0
1.0709,9.317,9.317,404.257,404.257,6900.0
1.071,7.844,7.844,403.7,403.7,6900.0
1.0711,6.653,6.653,403.12,403.12,6900.0
1.0712,5.27,5.27,402.52,402.52,6900.0
1.0713,3.969,3.969,401.905,401.905,6900.0
1.0714,2.412,2.412,401.274,401.274,6900.0
1.0715,0.896,0.896,400.625,400.625,6900.0
1.0716,-0.007,-0.007,399.965,399.965,6900.0
1.0717,-0.0,-0.0,399.302,399.302,6900.0
1.0718,-0.0,-0.0,398.637,398.637,6900.0
1.0719,-0.0,-0.0,397.97,397.97,6900.0
1.072,-0.0,-0.0,397.303,397.303,6900.0
1.0721,0.0,0.0,396.634,396.634,6900.0
1.0722,0.0,0.0,395.964,395.964,6900.0
1.0723,0.0,0.0,395.293,395.293,6900.0
1.0724,0.0,0.0,394.621,394.621,6900.0
1.0725,0.0,0.0,393.948,393.948,6900.0
1.0726,0.0,0.0,393.273,393.273,6900.0
1.0727,0.0,0.0,392.598,392.598,6900.0
1.0728,0.0,0.0,391.921,391.921,6900.0
1.0729,0.0,0.0,391.245,391.245,6900.0
1.073,-4.873,-4.873,390.576,390.576,6900.0
1.0731,-9.622,-9.622,389.949,389.949,6900.0
1.0732,-11.827,-11.827,389.37,389.37,6900.0
1.0733,-13.66,-13.66,388.833,388.833,6900.0
1.0734,-14.958,-14.958,388.336,388.336,6900.0
1.0735,-16.208,-16.208,387.856,387.856,6900.0
1.0736,-17.864,-17.864,387.4,387.4,6900.0
1.0737,-19.617,-19.617,386.99,386.99,6900.0
1.0738,-21.266,-21.266,386.644,386.644,6900.0
1.0739,-22.505,-22.505,386.358,386.358,6900.0
1.074,-23.597,-23.597,386.107,386.107,6900.0
1.0741,-24.983,-24.983,385.885,385.885,6900.0
1.0742,-26.427,-26.427,385.705,385.705,6900.0
1.0743,-27.854,-27.854,385.574,385.574,6900.0
1.0744,-29.08,-29.08,385.492,385.492,6900.0
1.0745,-30.279,-30.279,385.451,385.451,6900.0
1.0746,-31.543,-31.543,385.451,385.451,6900.0
1.0747,-32.772,-32.772,385.499,385.499,6900.0
1.0748,-33.941,-33.941,385.598,385.598,6900.0
1.0749,-35.161,-35.161,385.754,385.754,6900.0
1.075,-36.305,-36.305,385.976,385.976,6900.0
1.0751,-37.264,-37.264,386.267,386.267,6900.0
1.0752,-38.026,-38.026,386.611,386.611,6900.0
1.0753,-38.804,-38.804,386.985,386.985,6900.0
1.0754,-39.685,-39.685,387.397,387.397,6900.0
1.0755,-40.555,-40.555,387.846,387.846,6900.0
1.0756,-41.264,-41.264,388.346,388.346,6900.0
1.0757,-41.792,-41.792,388.874,388.874,6900.0
1.0758,-42.31,-42.31,389.408,389.408,6900.0
1.0759,-43.008,-43.008,389.97,389.97,6900.0
1.076,-43.581,-43.581,390.563,390.563,6900.0
1.0761,-44.146,-44.146,391.211,391.211,6900.0
1.0762,-44.352,-44.352,391.9,391.9,6900.0
1.0763,-44.555,-44.555,392.596,392.596,6900.0
1.0764,-44.925,-44.925,393.32,393.32,6900.0
1.0765,-44.979,-44.979,394.061,394.061,6900.0
1.0766,-45.216,-45.216,394.824,394.824,6900.0
1.0767,-45.065,-45.065,395.604,395.604,6900.0
1.0768,-45.034,-45.034,396.36,396.36,6900.0
1.0769,-45.039,-45.039,397.12,397.12,6900.0
1.077,-44.761,-44.761,397.865,397.865,6900.0
1.0771,-44.81,-44.81,398.595,398.595,6900.0
1.0772,-44.498,-44.498,399.331,399.331,6900.0
1.0773,-44.247,-44.247,400.046,400.046,6900.0
1.0774,-43.952,-43.952,400.769,400.769,6900.0
1.0775,-43.495,-43.495,401.475,401.475,6900.0
1.0776,-43.154,-43.154,402.156,402.156,6900.0
1.0777,-42.655,-42.655,402.835,402.835,6900.0
1.0778,-42.187,-42.187,403.489,403.489,6900.0
1.0779,-41.552,-41.552,404.135,404.135,6900.0
1.078,-40.775,-40.775,404.744,404.744,6900.0
1.0781,-40.126,-40.126,405.299,405.299,6900.0
1.0782,-39.452,-39.452,405.822,405.822,6900.0
1.0783,-38.791,-38.791,406.307,406.307,6900.0
1.0784,-38.024,-38.024,406.767,406.767,6900.0
1.0785,-37.167,-37.167,407.185,407.185,6900.0
1.0786,-36.317,-36.317,407.554,407.554,6900.0
1.0787,-35.494,-35.494,407.889,407.889,6900.0
1.0788,-34.683,-34.683,408.19,408.19,6900.0
1.0789,-33.798,-33.798,408.463,408.463,6900.0
1.079,-32.74,-32.74,408.701,408.701,6900.0
1.0791,-31.721,-31.721,408.893,408.893,6900.0
1.0792,-30.683,-30.683,409.039,409.039,6900.0
1.0793,-29.578,-29.578,409.139,409.139,6900.0
1.0794,-28.523,-28.523,409.191,409.191,6900.0
1.0795,-27.521,-27.521,409.198,409.198,6900.0
1.0796,-26.459,-26.459,409.169,409.169,6900.0
1.0797,-25.246,-25.246,409.097,409.097,6900.0
1.0798,-23.942,-23.942,408.972,408.972,6900.0
1.0799,-22.868,-22.868,408.794,408.794,6900.0
1.08,-21.857,-21.857,408.582,408.582,6900.0
1.0801,-20.771,-20.771,408.35,408.35,6900.0
1.0802,-19.342,-19.342,408.09,408.09,6900.0
1.0803,-17.741,-17.741,407.775,407.775,6900.0
1.0804,-16.561,-16.561,407.405,407.405,6900.0
1.0805,-15.465,-15.465,407.003,407.003,6900.0
1.0806,-14.403,-14.403,406.581,406.581,6900.0
1.0807,-12.865,-12.865,406.139,406.139,6900.0
1.0808,-11.174,-11.174,405.657,405.657,6900.0
1.0809,-9.915,-9.915,405.135,405.135,6900.0
1.081,-8.55,-8.55,404.589,404.589,6900.0
1.0811,-7.333,-7.333,404.019,404.019,6900.0
1.0812,-5.808,-5.808,403.432,403.432,6900.0
1.0813,-4.123,-4.123,402.821,402.821,6900.0
1.0814,-2.747,-2.747,402.189,402.189,6900.0
1.0815,-1.263,-1.263,401.543,401.543,6900.0
1.0816,-0.096,-0.096,400.886,400.886,6900.0
1.0817,0.0,0.0,400.224,400.224,6900.0
1.0818,0.0,0.0,399.561,399.561,6900.0
1.0819,0.0,0.0,398.896,398.896,6900.0
1.082,0.0,0.0,398.23,398.23,6900.0
1.0821,-0.0,-0.0,397.563,397.563,6900.0
1.0822,-0.0,-0.0,396.894,396.894,6900.0
1.0823,-0.0,-0.0,396.225,396.225,6900.0
1.0824,-0.0,-0.0,395.554,395.554,6900.0
1.0825,-0.0,-0.0,394.883,394.883,6900.0
1.0826,-0.0,-0.0,394.21,394.21,6900.0
1.0827,-0.0,-0.0,393.536,393.536,6900.0
1.0828,-0.0,-0.0,392.861,392.861,6900.0
1.0829,0.0,0.0,392.187,392.187,6900.0
1.083,6.341,6.341,391.525,391.525,6900.0
1.0831,10.34,10.34,390.914,390.914,6900.0
1.0832,12.348,12.348,390.353,390.353,6900.0
1.0833,13.627,13.627,389.817,389.817,6900.0
1.0834,15.258,15.258,389.295,389.295,6900.0
1.0835,17.093,17.093,388.807,388.807,6900.0
1.0836,18.943,18.943,388.373,388.373,6900.0
1.0837,20.462,20.462,388.008,388.008,6900.0
1.0838,21.57,21.57,387.69,387.69,6900.0
1.0839,22.909,22.909,387.396,387.396,6900.0
1.084,24.471,24.471,387.139,387.139,6900.0
1.0841,25.957,25.957,386.933,386.933,6900.0
1.0842,27.32,27.32,386.78,386.78,6900.0
1.0843,28.541,28.541,386.67,386.67,6900.0
1.0844,29.842,29.842,386.589,386.589,6900.0
1.0845,31.194,31.194,386.548,386.548,6900.0
1.0846,32.557,32.557,386.556,386.556,6900.0
1.0847,33.811,33.811,386.622,386.622,6900.0
1.0848,35.048,35.048,386.75,386.75,6900.0
1.0849,36.225,36.225,386.949,386.949,6900.0
1.085,37.222,37.222,387.213,387.213,6900.0
1.0851,38.118,38.118,387.528,387.528,6900.0
1.0852,39.109,39.109,387.882,387.882,6900.0
1.0853,39.897,39.897,388.287,388.287,6900.0
1.0854,40.822,40.822,388.737,388.737,6900.0
1.0855,41.499,41.499,389.23,389.23,6900.0
1.0856,42.104,42.104,389.739,389.739,6900.0
1.0857,42.876,42.876,390.258,390.258,6900.0
1.0858,43.505,43.505,390.813,390.813,6900.0
1.0859,44.283,44.283,391.406,391.406,6900.0
1.086,44.701,44.701,392.058,392.058,6900.0
1.0861,44.957,44.957,392.734,392.734,6900.0
1.0862,45.461,45.461,393.426,393.426,6900.0
1.0863,45.707,45.707,394.161,394.161,6900.0
1.0864,46.072,46.072,394.917,394.917,6900.0
1.0865,46.137,46.137,395.718,395.718,6900.0
1.0866,45.983,45.983,396.518,396.518,6900.0
1.0867,46.133,46.133,397.304,397.304,6900.0
1.0868,45.972,45.972,398.096,398.096,6900.0
1.0869,45.973,45.973,398.863,398.863,6900.0
1.087,45.891,45.891,399.639,399.639,6900.0
1.0871,45.569,45.569,400.399,400.399,6900.0
1.0872,45.508,45.508,401.146,401.146,6900.0
1.0873,45.139,45.139,401.898,401.898,6900.0
1.0874,44.739,44.739,402.625,402.625,6900.0
1.0875,44.476,44.476,403.354,403.354,6900.0
1.0876,43.938,43.938,404.074,404.074,6900.0
1.0877,43.565,43.565,404.785,404.785,6900.0
1.0878,42.895,42.895,405.485,405.485,6900.0
1.0879,42.122,42.122,406.14,406.14,6900.0
1.088,41.578,41.578,406.755,406.755,6900.0
1.0881,40.816,40.816,407.335,407.335,6900.0
1.0882,40.203,40.203,407.881,407.881,6900.0
1.0883,39.379,39.379,408.393,408.393,6900.0
1.0884,38.484,38.484,408.853,408.853,6900.0
1.0885,37.805,37.805,409.265,409.265,6900.0
1.0886,37.0,37.0,409.647,409.647,6900.0
1.0887,36.158,36.158,410.005,410.005,6900.0
1.0888,35.204,35.204,410.334,410.334,6900.0
1.0889,34.187,34.187,410.623,410.623,6900.0
1.089,33.206,33.206,410.868,410.868,6900.0
1.0891,32.178,32.178,411.072,411.072,6900.0
1.0892,31.152,31.152,411.23,411.23,6900.0
1.0893,30.026,30.026,411.345,411.345,6900.0
1.0894,28.951,28.951,411.414,411.414,6900.0
1.0895,27.755,27.755,411.438,411.438,6900.0
1.0896,26.591,26.591,411.41,411.41,6900.0
1.0897,25.419,25.419,411.324,411.324,6900.0
1.0898,24.371,24.371,411.195,411.195,6900.0
1.0899,23.345,23.345,411.036,411.036,6900.0
1.09,22.167,22.167,410.853,410.853,6900.0
1.0901,20.646,20.646,410.63,410.63,6900.0
1.0902,19.278,19.278,410.348,410.348,6900.0
1.0903,18.182,18.182,410.025,410.025,6900.0
1.0904,17.12,17.12,409.679,409.679,6900.0
1.0905,15.866,15.866,409.318,409.318,6900.0
1.0906,14.134,14.134,408.922,408.922,6900.0
1.0907,12.56,12.56,408.471,408.471,6900.0
1.0908,11.36,11.36,407.982,407.982,6900.0
1.0909,10.043,10.043,407.462,407.462,6900.0
1.091,8.769,8.769,406.921,406.921,6900.0
1.0911,7.153,7.153,406.355,406.355,6900.0
1.0912,5.65,5.65,405.761,405.761,6900.0
1.0913,4.376,4.376,405.149,405.149,6900.0
1.0914,2.882,2.882,404.521,404.521,6900.0
1.0915,1.528,1.528,403.881,403.881,6900.0
1.0916,0.086,0.086,403.229,403.229,6900.0
1.0917,-0.0,-0.0,402.572,402.572,6900.0
1.0918,-0.0,-0.0,401.912,401.912,6900.0
1.0919,-0.0,-0.0,401.251,401.251,6900.0
1.092,-0.0,-0.0,400.589,400.589,6900.0
1.0921,0.0,0.0,399.926,399.926,6900.0
1.0922,0.0,0.0,399.262,399.262,6900.0
1.0923,0.0,0.0,398.596,398.596,6900.0
1.0924,0.0,0.0,397.93,397.93,6900.0
1.0925,0.0,0.0,397.262,397.262,6900.0
1.0926,0.0,0.0,396.593,396.593,6900.0
1.0927,0.0,0.0,395.924,395.924,6900.0
1.0928,0.0,0.0,395.253,395.253,6900.0
1.0929,0.0,0.0,394.582,394.582,6900.0
1.093,-5.616,-5.616,393.921,393.921,6900.0
1.0931,-9.857,-9.857,393.308,393.308,6900.0
1.0932,-11.763,-11.763,392.73,392.73,6900.0
1.0933,-13.733,-13.733,392.175,392.175,6900.0
1.0934,-15.466,-15.466,391.661,391.661,6900.0
1.0935,-17.222,-17.222,391.2,391.2,6900.0
1.0936,-18.459,-18.459,390.795,390.795,6900.0
1.0937,-19.672,-19.672,390.414,390.414,6900.0
1.0938,-21.241,-21.241,390.06,390.06,6900.0
1.0939,-22.838,-22.838,389.753,389.753,6900.0
1.094,-24.407,-24.407,389.503,389.503,6900.0
1.0941,-25.621,-25.621,389.307,389.307,6900.0
1.0942,-26.815,-26.815,389.145,389.145,6900.0
1.0943,-28.159,-28.159,389.012,389.012,6900.0
1.0944,-29.547,-29.547,388.922,388.922,6900.0
1.0945,-30.927,-30.927,388.882,388.882,6900.0
1.0946,-32.172,-32.172,388.899,388.899,6900.0
1.0947,-33.416,-33.416,388.971,388.971,6900.0
1.0948,-34.518,-34.518,389.103,389.103,6900.0
1.0949,-35.598,-35.598,389.288,389.288,6900.0
1.095,-36.581,-36.581,389.521,389.521,6900.0
1.0951,-37.648,-37.648,389.806,389.806,6900.0
1.0952,-38.637,-38.637,390.144,390.144,6900.0
1.0953,-39.484,-39.484,390.542,390.542,6900.0
1.0954,-40.1,-40.1,390.977,390.977,6900.0
1.0955,-40.759,-40.759,391.427,391.427,6900.0
1.0956,-41.583,-41.583,391.904,391.904,6900.0
1.0957,-42.353,-42.353,392.414,392.414,6900.0
1.0958,-43.029,-43.029,392.976,392.976,6900.0
1.0959,-43.443,-43.443,393.574,393.574,6900.0
1.096,-43.822,-43.822,394.182,394.182,6900.0
1.0961,-44.378,-44.378,394.823,394.823,6900.0
1.0962,-44.705,-44.705,395.496,395.496,6900.0
1.0963,-45.14,-45.14,396.214,396.214,6900.0
1.0964,-45.157,-45.157,396.966,396.966,6900.0
1.0965,-45.224,-45.224,397.711,397.711,6900.0
1.0966,-45.366,-45.366,398.47,398.47,6900.0
1.0967,-45.257,-45.257,399.226,399.226,6900.0
1.0968,-45.353,-45.353,399.982,399.982,6900.0
1.0969,-45.167,-45.167,400.744,400.744,6900.0
1.097,-45.01,-45.01,401.481,401.481,6900.0
1.0971,-44.905,-44.905,402.222,402.222,6900.0
1.0972,-44.541,-44.541,402.948,402.948,6900.0
1.0973,-44.435,-44.435,403.66,403.66,6900.0
1.0974,-43.991,-43.991,404.38,404.38,6900.0
1.0975,-43.648,-43.648,405.08,405.08,6900.0
1.0976,-43.193,-43.193,405.785,405.785,6900.0
1.0977,-42.555,-42.555,406.467,406.467,6900.0
1.0978,-42.028,-42.028,407.108,407.108,6900.0
1.0979,-41.431,-41.431,407.731,407.731,6900.0
1.098,-40.823,-40.823,408.32,408.32,6900.0
1.0981,-40.145,-40.145,408.887,408.887,6900.0
1.0982,-39.273,-39.273,409.412,409.412,6900.0
1.0983,-38.547,-38.547,409.882,409.882,6900.0
1.0984,-37.837,-37.837,410.318,410.318,6900.0
1.0985,-37.089,-37.089,410.719,410.719,6900.0
1.0986,-36.286,-36.286,411.097,411.097,6900.0
1.0987,-35.328,-35.328,411.44,411.44,6900.0
1.0988,-34.354,-34.354,411.738,411.738,6900.0
1.0989,-33.426,-33.426,411.997,411.997,6900.0
1.099,-32.484,-32.484,412.219,412.219,6900.0
1.0991,-31.507,-31.507,412.404,412.404,6900.0
1.0992,-30.436,-30.436,412.548,412.548,6900.0
1.0993,-29.371,-29.371,412.647,412.647,6900.0
1.0994,-28.19,-28.19,412.699,412.699,6900.0
1.0995,-27.044,-27.044,412.697,412.697,6900.0
1.0996,-25.985,-25.985,412.645,412.645,6900.0
1.0997,-24.97,-24.97,412.554,412.554,6900.0
1.0998,-23.912,-23.912,412.433,412.433,6900.0
1.0999,-22.633,-22.633,412.277,412.277,6900.0
1.1,-21.237,-21.237,412.07,412.07,6900.0
1.1001,-20.124,-20.124,411.812,411.812,6900.0
1.1002,-19.078,-19.078,411.524,411.524,6900.0
1.1003,-17.977,-17.977,411.218,411.218,6900.0
1.1004,-16.49,-16.49,410.887,410.887,6900.0
1.1005,-14.805,-14.805,410.504,410.504,6900.0
1.1006,-13.594,-13.594,410.068,410.068,6900.0
1.1007,-12.39,-12.39,409.599,409.599,6900.0
1.1008,-11.296,-11.296,409.107,409.107,6900.0
1.1009,-9.813,-9.813,408.596,408.596,6900.0
1.101,-8.164,-8.164,408.053,408.053,6900.0
1.1011,-6.963,-6.963,407.481,407.481,6900.0
1.1012,-5.535,-5.535,406.89,406.89,6900.0
1.1013,-4.3,-4.3,406.282,406.282,6900.0
1.1014,-2.739,-2.739,405.661,405.661,6900.0
1.1015,-1.129,-1.129,405.022,405.022,6900.0
1.1016,-0.0,-0.0,404.37,404.37,6900.0
1.1017,0.0,0.0,403.714,403.714,6900.0
1.1018,0.0,0.0,403.057,403.057,6900.0
1.1019,0.0,0.0,402.398,402.398,6900.0
1.102,0.0,0.0,401.737,401.737,6900.0
1.1021,-0.0,-0.0,401.076,401.076,6900.0
1.1022,-0.0,-0.0,400.414,400.414,6900.0
1.1023,-0.0,-0.0,399.75,399.75,6900.0
1.1024,-0.0,-0.0,399.086,399.086,6900.0
1.1025,-0.0,-0.0,398.42,398.42,6900.0
1.1026,-0.0,-0.0,397.753,397.753,6900.0
1.1027,-0.0,-0.0,397.085,397.085,6900.0
1.1028,-0.0,-0.0,396.416,396.416,6900.0
1.1029,-0.0,-0.0,395.747,395.747,6900.0
1.103,3.586,3.586,395.082,395.082,6900.0
1.1031,8.989,8.989,394.452,394.452,6900.0
1.1032,11.536,11.536,393.872,393.872,6900.0
1.1033,13.424,13.424,393.331,393.331,6900.0
1.1034,14.927,14.927,392.837,392.837,6900.0
1.1035,16.063,16.063,392.371,392.371,6900.0
1.1036,17.476,17.476,391.921,391.921,6900.0
1.1037,19.22,19.22,391.505,391.505,6900.0
1.1038,21.242,20.883,391.145,391.145,6900.0
1.1039,22.292,22.292,390.851,390.851,6900.0
1.104,23.383,23.383,390.602,390.602,6900.0
1.1041,24.656,24.656,390.378,390.378,6900.0
1.1042,26.059,26.059,390.192,390.192,6900.0
1.1043,27.437,27.437,390.051,390.051,6900.0
1.1044,28.689,28.689,389.962,389.962,6900.0
1.1045,29.918,29.918,389.915,389.915,6900.0
1.1046,31.109,31.109,389.911,389.911,6900.0
1.1047,32.315,32.315,389.952,389.952,6900.0
1.1048,33.449,33.449,390.041,390.041,6900.0
1.1049,34.567,34.567,390.18,390.18,6900.0
1.105,35.645,35.645,390.378,390.378,6900.0
1.1051,36.669,36.669,390.641,390.641,6900.0
1.1052,37.512,37.512,390.962,390.962,6900.0
1.1053,38.223,38.223,391.321,391.321,6900.0
1.1054,39.064,39.064,391.708,391.708,6900.0
1.1055,39.738,39.738,392.136,392.136,6900.0
1.1056,40.546,40.546,392.603,392.603,6900.0
1.1057,41.09,41.09,393.113,393.113,6900.0
1.1058,41.524,41.524,393.637,393.637,6900.0
1.1059,42.17,42.17,394.169,394.169,6900.0
1.106,42.635,42.635,394.738,394.738,6900.0
1.1061,43.259,43.259,395.338,395.338,6900.0
1.1062,43.543,43.543,395.993,395.993,6900.0
1.1063,43.606,43.606,396.665,396.665,6900.0
1.1064,43.956,43.956,397.343,397.343,6900.0
1.1065,44.045,44.045,398.049,398.049,6900.0
1.1066,44.224,44.224,398.761,398.761,6900.0
1.1067,44.207,44.207,399.502,399.502,6900.0
1.1068,43.977,43.977,400.235,400.235,6900.0
1.1069,44.017,44.017,400.953,400.953,6900.0
1.107,43.759,43.759,401.674,401.674,6900.0
1.1071,43.606,43.606,402.367,402.367,6900.0
1.1072,43.479,43.479,403.064,403.064,6900.0
1.1073,43.06,43.06,403.748,403.748,6900.0
1.1074,42.903,42.903,404.42,404.42,6900.0
1.1075,42.39,42.39,405.093,405.093,6900.0
1.1076,41.897,41.897,405.734,405.734,6900.0
1.1077,41.527,41.527,406.365,406.365,6900.0
1.1078,41.085,40.934,406.979,406.979,6900.0
1.1079,40.442,40.442,407.576,407.576,6900.0
1.108,39.713,39.713,408.154,408.154,6900.0
1.1081,38.925,38.925,408.684,408.684,6900.0
1.1082,38.343,38.343,409.17,409.17,6900.0
1.1083,37.551,37.551,409.623,409.623,6900.0
1.1084,36.918,36.918,410.045,410.045,6900.0
1.1085,36.04,36.04,410.436,410.436,6900.0
1.1086,35.167,35.167,410.779,410.779,6900.0
1.1087,34.403,34.403,411.078,411.078,6900.0
1.1088,33.536,33.536,411.345,411.345,6900.0
1.1089,32.655,32.655,411.582,411.582,6900.0
1.109,31.675,31.675,411.787,411.787,6900.0
1.1091,30.647,30.647,411.953,411.953,6900.0
1.1092,29.646,29.646,412.075,412.075,6900.0
1.1093,28.588,28.588,412.153,412.153,6900.0
1.1094,27.535,27.535,412.184,412.184,6900.0
1.1095,26.473,26.473,412.171,412.171,6900.0
1.1096,25.419,25.419,412.119,412.119,6900.0
1.1097,24.284,24.284,412.031,412.031,6900.0
1.1098,23.056,23.056,411.895,411.895,6900.0
1.1099,21.87,21.87,411.704,411.704,6900.0
1.11,20.867,20.867,411.473,411.473,6900.0
1.1101,19.829,19.829,411.216,411.216,6900.0
1.1102,18.699,18.699,410.94,410.94,6900.0
1.1103,17.09,17.09,410.626,410.626,6900.0
1.1104,15.719,15.719,410.253,410.253,6900.0
1.1105,14.643,14.643,409.84,409.84,6900.0
1.1106,13.603,13.603,409.402,409.402,6900.0
1.1107,12.36,12.36,408.95,408.95,6900.0
1.1108,10.768,10.768,408.469,408.469,6900.0
1.1109,9.242,9.242,407.948,407.948,6900.0
1.111,8.058,8.058,407.4,407.4,6900.0
1.1111,6.734,6.734,406.828,406.828,6900.0
1.1112,5.462,5.462,406.239,406.239,6900.0
1.1113,3.886,3.886,405.631,405.631,6900.0
1.1114,2.375,2.375,405.002,405.002,6900.0
1.1115,1.034,1.034,404.358,404.358,6900.0
1.1116,-0.0,-0.0,403.705,403.705,6900.0
1.1117,-0.0,-0.0,403.047,403.047,6900.0
1.1118,-0.0,-0.0,402.389,402.389,6900.0
1.1119,-0.0,-0.0,401.728,401.728,6900.0
1.112,-0.0,-0.0,401.067,401.067,6900.0
1.1121,0.0,0.0,400.405,400.405,6900.0
1.1122,0.0,0.0,399.741,399.741,6900.0
1.1123,0.0,0.0,399.077,399.077,6900.0
1.1124,0.0,0.0,398.411,398.411,6900.0
1.1125,0.0,0.0,397.744,397.744,6900.0
1.1126,0.0,0.0,397.076,397.076,6900.0
1.1127,0.0,0.0,396.407,396.407,6900.0
1.1128,0.0,0.0,395.737,395.737,6900.0
1.1129,0.0,0.0,395.066,395.066,6900.0
1.113,-2.63,-2.63,394.399,394.399,6900.0
1.1131,-8.564,-8.564,393.765,393.765,6900.0
1.1132,-11.349,-11.349,393.189,393.189,6900.0
1.1133,-12.813,-12.813,392.652,392.652,6900.0
1.1134,-14.1,-14.1,392.13,392.13,6900.0
1.1135,-15.797,-15.797,391.629,391.629,6900.0
1.1136,-17.547,-17.547,391.171,391.171,6900.0
1.1137,-19.247,-19.247,390.775,390.775,6900.0
1.1138,-20.444,-20.444,390.439,390.439,6900.0
1.1139,-21.869,-21.527,390.134,390.134,6900.0
1.114,-22.917,-22.917,389.858,389.858,6900.0
1.1141,-24.35,-24.35,389.625,389.625,6900.0
1.1142,-25.772,-25.772,389.442,389.442,6900.0
1.1143,-26.935,-26.935,389.305,389.305,6900.0
1.1144,-28.072,-28.072,389.202,389.202,6900.0
1.1145,-29.343,-29.343,389.129,389.129,6900.0
1.1146,-30.63,-30.63,389.099,389.099,6900.0
1.1147,-31.844,-31.844,389.118,389.118,6900.0
1.1148,-33.077,-33.077,389.192,389.192,6900.0
1.1149,-34.196,-34.196,389.33,389.33,6900.0
1.115,-35.195,-35.195,389.535,389.535,6900.0
1.1151,-36.047,-36.047,389.796,389.796,6900.0
1.1152,-36.872,-36.872,390.095,390.095,6900.0
1.1153,-37.784,-37.784,390.438,390.438,6900.0
1.1154,-38.642,-38.642,390.824,390.824,6900.0
1.1155,-39.318,-39.318,391.26,391.26,6900.0
1.1156,-39.859,-39.859,391.722,391.722,6900.0
1.1157,-40.388,-40.388,392.189,392.189,6900.0
1.1158,-41.136,-41.136,392.677,392.677,6900.0
1.1159,-41.737,-41.737,393.193,393.193,6900.0
1.116,-42.329,-42.329,393.759,393.759,6900.0
1.1161,-42.595,-42.595,394.363,394.363,6900.0
1.1162,-42.92,-42.92,394.975,394.975,6900.0
1.1163,-43.325,-43.325,395.624,395.624,6900.0
1.1164,-43.494,-43.494,396.299,396.299,6900.0
1.1165,-43.777,-43.777,397.009,397.009,6900.0
1.1166,-43.659,-43.659,397.744,397.744,6900.0
1.1167,-43.612,-43.612,398.462,398.462,6900.0
1.1168,-43.649,-43.649,399.183,399.183,6900.0
1.1169,-43.407,-43.407,399.892,399.892,6900.0
1.117,-43.468,-43.468,400.585,400.585,6900.0
1.1171,-43.183,-43.183,401.279,401.279,6900.0
1.1172,-42.986,-42.986,401.947,401.947,6900.0
1.1173,-42.824,-42.824,402.619,402.619,6900.0
1.1174,-42.405,-42.405,403.277,403.277,6900.0
1.1175,-42.161,-42.161,403.919,403.919,6900.0
1.1176,-41.706,-41.706,404.565,404.565,6900.0
1.1177,-41.257,-41.257,405.196,405.196,6900.0
1.1178,-40.723,-40.723,405.826,405.826,6900.0
1.1179,-40.172,-40.022,406.426,406.426,6900.0
1.118,-39.421,-39.421,406.979,406.979,6900.0
1.1181,-38.734,-38.734,407.505,407.505,6900.0
1.1182,-38.122,-38.122,407.99,407.99,6900.0
1.1183,-37.41,-37.41,408.448,408.448,6900.0
1.1184,-36.531,-36.531,408.863,408.863,6900.0
1.1185,-35.772,-35.772,409.223,409.223,6900.0
1.1186,-35.024,-35.024,409.55,409.55,6900.0
1.1187,-34.319,-34.319,409.846,409.846,6900.0
1.1188,-33.455,-33.455,410.119,410.119,6900.0
1.1189,-32.504,-32.504,410.36,410.36,6900.0
1.119,-31.489,-31.489,410.561,410.561,6900.0
1.1191,-30.551,-30.551,410.722,410.722,6900.0
1.1192,-29.515,-29.515,410.843,410.843,6900.0
1.1193,-28.544,-28.544,410.921,410.921,6900.0
1.1194,-27.513,-27.513,410.956,410.956,6900.0
1.1195,-26.45,-26.45,410.951,410.951,6900.0
1.1196,-25.259,-25.259,410.9,410.9,6900.0
1.1197,-24.033,-24.033,410.795,410.795,6900.0
1.1198,-23.019,-23.019,410.636,410.636,6900.0
1.1199,-22.047,-22.047,410.444,410.444,6900.0
1.12,-21.052,-21.052,410.228,410.228,6900.0
1.1201,-19.749,-19.749,409.985,409.985,6900.0
1.1202,-18.246,-18.246,409.693,409.693,6900.0
1.1203,-17.145,-17.145,409.351,409.351,6900.0
1.1204,-16.132,-16.132,408.98,408.98,6900.0
1.1205,-15.096,-15.096,408.594,408.594,6900.0
1.1206,-13.573,-13.573,408.188,408.188,6900.0
1.1207,-11.895,-11.895,407.737,407.737,6900.0
1.1208,-10.675,-10.675,407.24,407.24,6900.0
1.1209,-9.335,-9.335,406.714,406.714,6900.0
1.121,-8.2,-8.2,406.162,406.162,6900.0
1.1211,-6.787,-6.787,405.591,405.591,6900.0
1.1212,-5.203,-5.203,404.995,404.995,6900.0
1.1213,-3.961,-3.961,404.377,404.377,6900.0
1.1214,-2.58,-2.58,403.745,403.745,6900.0
1.1215,-1.299,-1.299,403.101,403.101,6900.0
1.1216,-0.041,-0.041,402.447,402.447,6900.0
1.1217,0.0,0.0,401.788,401.788,6900.0
1.1218,0.0,0.0,401.127,401.127,6900.0
1.1219,0.0,0.0,400.465,400.465,6900.0
1.122,0.0,0.0,399.801,399.801,6900.0
1.1221,-0.0,-0.0,399.137,399.137,6900.0
1.1222,-0.0,-0.0,398.471,398.471,6900.0
1.1223,-0.0,-0.0,397.804,397.804,6900.0
1.1224,-0.0,-0.0,397.137,397.137,6900.0
1.1225,-0.0,-0.0,396.468,396.468,6900.0
1.1226,-0.0,-0.0,395.797,395.797,6900.0
1.1227,-0.0,-0.0,395.126,395.126,6900.0
1.1228,-0.0,-0.0,394.454,394.454,6900.0
1.1229,-0.0,-0.0,393.781,393.781,6900.0
1.123,2.939,2.939,393.112,393.112,6900.0
1.1231,8.744,8.744,392.481,392.481,6900.0
1.1232,11.044,11.044,391.897,391.897,6900.0
1.1233,12.801,12.801,391.335,391.335,6900.0
1.1234,14.604,14.604,390.805,390.805,6900.0
1.1235,16.37,16.37,390.322,390.322,6900.0
1.1236,17.827,17.827,389.9,389.9,6900.0
1.1237,18.902,18.902,389.518,389.518,6900.0
1.1238,20.228,20.228,389.157,389.157,6900.0
1.1239,21.794,21.794,388.831,388.831,6900.0
1.124,23.337,23.337,388.557,388.557,6900.0
1.1241,24.663,24.663,388.34,388.34,6900.0
1.1242,25.82,25.82,388.163,388.163,6900.0
1.1243,27.04,27.04,388.014,388.014,6900.0
1.1244,28.401,28.401,387.901,387.901,6900.0
1.1245,29.753,29.753,387.834,387.834,6900.0
1.1246,31.007,31.007,387.822,387.822,6900.0
1.1247,32.228,32.228,387.864,387.864,6900.0
1.1248,33.394,33.394,387.966,387.966,6900.0
1.1249,34.403,34.403,388.125,388.125,6900.0
1.125,35.387,35.387,388.334,388.334,6900.0
1.1251,36.359,36.359,388.586,388.586,6900.0
1.1252,37.26,37.26,388.89,388.89,6900.0
1.1253,38.27,38.27,389.247,389.247,6900.0
1.1254,38.939,38.939,389.653,389.653,6900.0
1.1255,39.555,39.555,390.082,390.082,6900.0
1.1256,40.3,40.3,390.525,390.525,6900.0
1.1257,40.968,40.968,391.004,391.004,6900.0
1.1258,41.744,41.744,391.52,391.52,6900.0
1.1259,42.218,42.218,392.087,392.087,6900.0
1.126,42.561,42.561,392.673,392.673,6900.0
1.1261,43.124,43.124,393.274,393.274,6900.0
1.1262,43.437,43.437,393.915,393.915,6900.0
1.1263,43.902,43.902,394.583,394.583,6900.0
1.1264,44.059,44.059,395.3,395.3,6900.0
1.1265,43.962,43.962,396.023,396.023,6900.0
1.1266,44.186,44.186,396.74,396.74,6900.0
1.1267,44.136,44.136,397.47,397.47,6900.0
1.1268,44.175,44.175,398.186,398.186,6900.0
1.1269,44.161,44.161,398.915,398.915,6900.0
1.127,43.845,43.845,399.634,399.634,6900.0
1.1271,43.858,43.858,400.337,400.337,6900.0
1.1272,43.552,43.552,401.046,401.046,6900.0
1.1273,43.28,43.28,401.729,401.729,6900.0
1.1274,43.085,43.085,402.416,402.416,6900.0
1.1275,42.604,42.604,403.093,403.093,6900.0
1.1276,42.284,42.284,403.762,403.762,6900.0
1.1277,41.691,41.691,404.424,404.424,6900.0
1.1278,41.029,41.029,405.045,405.045,6900.0
1.1279,40.623,40.623,405.638,405.638,6900.0
1.128,40.121,39.961,406.204,406.204,6900.0
1.1281,39.415,39.415,406.745,406.745,6900.0
1.1282,38.602,38.602,407.258,407.258,6900.0
1.1283,37.779,37.779,407.72,407.72,6900.0
1.1284,37.152,37.152,408.137,408.137,6900.0
1.1285,36.351,36.351,408.523,408.523,6900.0
1.1286,35.656,35.656,408.881,408.881,6900.0
1.1287,34.733,34.733,409.211,409.211,6900.0
1.1288,33.818,33.818,409.499,409.499,6900.0
1.1289,32.922,32.922,409.743,409.743,6900.0
1.129,31.976,31.976,409.95,409.95,6900.0
1.1291,31.013,31.013,410.12,410.12,6900.0
1.1292,29.998,29.998,410.251,410.251,6900.0
1.1293,28.959,28.959,410.339,410.339,6900.0
1.1294,27.889,27.889,410.384,410.384,6900.0
1.1295,26.781,26.781,410.38,410.38,6900.0
1.1296,25.623,25.623,410.324,410.324,6900.0
1.1297,24.637,24.637,410.223,410.223,6900.0
1.1298,23.613,23.613,410.09,410.09,6900.0
1.1299,22.435,22.435,409.93,409.93,6900.0
1.13,21.091,21.091,409.726,409.726,6900.0
1.1301,19.843,19.843,409.466,409.466,6900.0
1.1302,18.797,18.797,409.166,409.166,6900.0
1.1303,17.785,17.785,408.843,408.843,6900.0
1.1304,16.58,16.58,408.504,408.504,6900.0
1.1305,14.892,14.892,408.129,408.129,6900.0
1.1306,13.438,13.438,407.697,407.697,6900.0
1.1307,12.28,12.28,407.227,407.227,6900.0
1.1308,11.116,11.116,406.728,406.728,6900.0
1.1309,9.923,9.923,406.211,406.211,6900.0
1.131,8.308,8.308,405.669,405.669,6900.0
1.1311,6.78,6.78,405.094,405.094,6900.0
1.1312,5.557,5.557,404.499,404.499,6900.0
1.1313,4.19,4.19,403.885,403.885,6900.0
1.1314,2.863,2.863,403.258,403.258,6900.0
1.1315,1.277,1.277,402.617,402.617,6900.0
1.1316,0.007,0.007,401.962,401.962,6900.0
1.1317,-0.0,-0.0,401.302,401.302,6900.0
1.1318,-0.0,-0.0,400.64,400.64,6900.0
1.1319,-0.0,-0.0,399.977,399.977,6900.0
1.132,-0.0,-0.0,399.313,399.313,6900.0
1.1321,0.0,0.0,398.647,398.647,6900.0
1.1322,0.0,0.0,397.981,397.981,6900.0
1.1323,0.0,0.0,397.313,397.313,6900.0
1.1324,0.0,0.0,396.645,396.645,6900.0
1.1325,0.0,0.0,395.975,395.975,6900.0
1.1326,0.0,0.0,395.304,395.304,6900.0
1.1327,0.0,0.0,394.632,394.632,6900.0
1.1328,0.0,0.0,393.959,393.959,6900.0
1.1329,0.0,0.0,393.285,393.285,6900.0
1.133,-4.035,-4.035,392.618,392.618,6900.0
1.1331,-8.968,-8.968,391.989,391.989,6900.0
1.1332,-11.558,-11.558,391.402,391.402,6900.0
1.1333,-13.371,-13.371,390.853,390.853,6900.0
1.1334,-15.154,-15.154,390.348,390.348,6900.0
1.1335,-16.404,-16.404,389.888,389.888,6900.0
1.1336,-17.603,-17.603,389.447,389.447,6900.0
1.1337,-19.193,-19.193,389.031,389.031,6900.0
1.1338,-20.899,-20.899,388.662,388.662,6900.0
1.1339,-22.488,-22.488,388.355,388.355,6900.0
1.134,-23.748,-23.748,388.108,388.108,6900.0
1.1341,-24.894,-24.894,387.896,387.896,6900.0
1.1342,-26.252,-26.252,387.715,387.715,6900.0
1.1343,-27.654,-27.654,387.578,387.578,6900.0
1.1344,-29.032,-29.032,387.49,387.49,6900.0
1.1345,-30.238,-30.238,387.452,387.452,6900.0
1.1346,-31.446,-31.446,387.46,387.46,6900.0
1.1347,-32.651,-32.651,387.512,387.512,6900.0
1.1348,-33.804,-33.804,387.613,387.613,6900.0
1.1349,-34.887,-34.887,387.761,387.761,6900.0
1.135,-36.044,-36.044,387.963,387.963,6900.0
1.1351,-37.094,-37.094,388.227,388.227,6900.0
1.1352,-37.998,-37.998,388.557,388.557,6900.0
1.1353,-38.729,-38.729,388.934,388.934,6900.0
1.1354,-39.488,-39.488,389.339,389.339,6900.0
1.1355,-40.344,-40.344,389.781,389.781,6900.0
1.1356,-41.101,-41.101,390.26,390.26,6900.0
1.1357,-41.737,-41.737,390.792,390.792,6900.0
1.1358,-42.212,-42.212,391.351,391.351,6900.0
1.1359,-42.615,-42.615,391.917,391.917,6900.0
1.136,-43.309,-43.309,392.506,392.506,6900.0
1.1361,-43.753,-43.753,393.123,393.123,6900.0
1.1362,-44.263,-44.263,393.787,393.787,6900.0
1.1363,-44.381,-44.381,394.485,394.485,6900.0
1.1364,-44.55,-44.55,395.184,395.184,6900.0
1.1365,-44.817,-44.817,395.908,395.908,6900.0
1.1366,-44.814,-44.814,396.644,396.644,6900.0
1.1367,-45.029,-45.029,397.398,397.398,6900.0
1.1368,-44.88,-44.88,398.167,398.167,6900.0
1.1369,-44.754,-44.754,398.917,398.917,6900.0
1.137,-44.681,-44.681,399.669,399.669,6900.0
1.1371,-44.318,-44.318,400.407,400.407,6900.0
1.1372,-44.257,-44.257,401.123,401.123,6900.0
1.1373,-43.909,-43.909,401.842,401.842,6900.0
1.1374,-43.611,-43.611,402.536,402.536,6900.0
1.1375,-43.303,-43.303,403.231,403.231,6900.0
1.1376,-42.742,-42.742,403.907,403.907,6900.0
1.1377,-42.299,-42.299,404.553,404.553,6900.0
1.1378,-41.768,-41.768,405.19,405.19,6900.0
1.1379,-41.257,-41.257,405.803,405.803,6900.0
1.138,-40.648,-40.648,406.405,406.405,6900.0
1.1381,-39.989,-39.825,406.973,406.973,6900.0
1.1382,-39.151,-39.151,407.487,407.487,6900.0
1.1383,-38.431,-38.431,407.97,407.97,6900.0
1.1384,-37.73,-37.73,408.415,408.415,6900.0
1.1385,-36.906,-36.906,408.833,408.833,6900.0
1.1386,-35.983,-35.983,409.209,409.209,6900.0
1.1387,-35.115,-35.115,409.533,409.533,6900.0
1.1388,-34.283,-34.283,409.819,409.819,6900.0
1.1389,-33.418,-33.418,410.07,410.07,6900.0
1.139,-32.502,-32.502,410.289,410.289,6900.0
1.1391,-31.417,-31.417,410.472,410.472,6900.0
1.1392,-30.41,-30.41,410.612,410.612,6900.0
1.1393,-29.341,-29.341,410.709,410.709,6900.0
1.1394,-28.229,-28.229,410.759,410.759,6900.0
1.1395,-27.21,-27.21,410.761,410.761,6900.0
1.1396,-26.162,-26.162,410.723,410.723,6900.0
1.1397,-25.024,-25.024,410.65,410.65,6900.0
1.1398,-23.776,-23.776,410.536,410.536,6900.0
1.1399,-22.411,-22.411,410.367,410.367,6900.0
1.14,-21.365,-21.365,410.145,410.145,6900.0
1.1401,-20.335,-20.335,409.889,409.889,6900.0
1.1402,-19.32,-19.32,409.613,409.613,6900.0
1.1403,-17.882,-17.882,409.313,409.313,6900.0
1.1404,-16.242,-16.242,408.959,408.959,6900.0
1.1405,-15.039,-15.039,408.553,408.553,6900.0
1.1406,-13.899,-13.899,408.115,408.115,6900.0
1.1407,-12.849,-12.849,407.658,407.658,6900.0
1.1408,-11.363,-11.363,407.182,407.182,6900.0
1.1409,-9.693,-9.693,406.67,406.67,6900.0
1.141,-8.444,-8.444,406.124,406.124,6900.0
1.1411,-7.003,-7.003,405.555,405.555,6900.0
1.1412,-5.79,-5.79,404.965,404.965,6900.0
1.1413,-4.286,-4.286,404.359,404.359,6900.0
1.1414,-2.634,-2.634,403.733,403.733,6900.0
1.1415,-1.254,-1.254,403.089,403.089,6900.0
1.1416,-0.038,-0.038,402.434,402.434,6900.0
1.1417,0.0,0.0,401.775,401.775,6900.0
1.1418,0.0,0.0,401.114,401.114,6900.0
1.1419,0.0,0.0,400.451,400.451,6900.0
1.142,0.0,0.0,399.788,399.788,6900.0
1.1421,-0.0,-0.0,399.123,399.123,6900.0
1.1422,-0.0,-0.0,398.458,398.458,6900.0
1.1423,-0.0,-0.0,397.791,397.791,6900.0
1.1424,-0.0,-0.0,397.123,397.123,6900.0
1.1425,-0.0,-0.0,396.454,396.454,6900.0
1.1426,-0.0,-0.0,395.784,395.784,6900.0
1.1427,-0.0,-0.0,395.113,395.113,6900.0
1.1428,-0.0,-0.0,394.44,394.44,6900.0
1.1429,-0.0,-0.0,393.768,393.768,6900.0
1.143,4.468,4.468,393.101,393.101,6900.0
1.1431,9.403,9.403,392.477,392.477,6900.0
1.1432,11.85,11.85,391.902,391.902,6900.0
1.1433,13.528,13.528,391.371,391.371,6900.0
1.1434,14.731,14.731,390.866,390.866,6900.0
1.1435,16.27,16.27,390.375,390.375,6900.0
1.1436,18.085,18.085,389.919,389.919,6900.0
1.1437,19.768,19.768,389.521,389.521,6900.0
1.1438,21.263,21.263,389.192,389.192,6900.0
1.1439,22.342,22.342,388.91,388.91,6900.0
1.144,23.596,23.596,388.652,388.652,6900.0
1.1441,25.072,25.072,388.429,388.429,6900.0
1.1442,26.544,26.544,388.251,388.251,6900.0
1.1443,27.859,27.859,388.125,388.125,6900.0
1.1444,29.058,29.058,388.039,388.039,6900.0
1.1445,30.313,30.313,387.987,387.987,6900.0
1.1446,31.603,31.603,387.977,387.977,6900.0
1.1447,32.87,32.87,388.017,388.017,6900.0
1.1448,34.09,34.09,388.113,388.113,6900.0
1.1449,35.253,35.253,388.274,388.274,6900.0
1.145,36.368,36.368,388.505,388.505,6900.0
1.1451,37.253,37.253,388.8,388.8,6900.0
1.1452,38.045,38.045,389.141,389.141,6900.0
1.1453,38.935,38.935,389.513,389.513,6900.0
1.1454,39.7,39.7,389.929,389.929,6900.0
1.1455,40.578,40.578,390.386,390.386,6900.0
1.1456,41.178,41.178,390.883,390.883,6900.0
1.1457,41.659,41.659,391.395,391.395,6900.0
1.1458,42.373,42.373,391.913,391.913,6900.0
1.1459,42.941,42.941,392.466,392.466,6900.0
1.146,43.646,43.646,393.055,393.055,6900.0
1.1461,44.2,44.059,393.702,393.702,6900.0
1.1462,44.242,44.242,394.372,394.372,6900.0
1.1463,44.637,44.637,395.058,395.058,6900.0
1.1464,44.787,44.787,395.782,395.782,6900.0
1.1465,45.094,45.094,396.519,396.519,6900.0
1.1466,45.093,45.093,397.295,397.295,6900.0
1.1467,44.885,44.885,398.064,398.064,6900.0
1.1468,44.946,44.946,398.817,398.817,6900.0
1.1469,44.803,44.803,399.568,399.568,6900.0
1.147,44.72,44.72,400.293,400.293,6900.0
1.1471,44.625,44.625,401.024,401.024,6900.0
1.1472,44.221,44.221,401.741,401.741,6900.0
1.1473,44.158,44.158,402.445,402.445,6900.0
1.1474,43.753,43.753,403.155,403.155,6900.0
1.1475,43.294,43.294,403.84,403.84,6900.0
1.1476,43.02,43.02,404.521,404.521,6900.0
1.1477,42.437,42.437,405.192,405.192,6900.0
1.1478,41.94,41.94,405.85,405.85,6900.0
1.1479,41.239,41.239,406.491,406.491,6900.0
1.148,40.427,40.427,407.084,407.084,6900.0
1.1481,39.9,39.9,407.634,407.634,6900.0
1.1482,39.161,39.161,408.147,408.147,6900.0
1.1483,38.542,38.542,408.629,408.629,6900.0
1.1484,37.682,37.682,409.078,409.078,6900.0
1.1485,36.812,36.812,409.478,409.478,6900.0
1.1486,36.072,36.072,409.833,409.833,6900.0
1.1487,35.253,35.253,410.156,410.156,6900.0
1.1488,34.426,34.426,410.454,410.454,6900.0
1.1489,33.452,33.452,410.722,410.722,6900.0
1.149,32.458,32.458,410.95,410.95,6900.0
1.1491,31.444,31.444,411.134,411.134,6900.0
1.1492,30.353,30.353,411.277,411.277,6900.0
1.1493,29.323,29.323,411.371,411.371,6900.0
1.1494,28.253,28.253,411.421,411.421,6900.0
1.1495,27.241,27.241,411.428,411.428,6900.0
1.1496,26.05,26.05,411.396,411.396,6900.0
1.1497,24.861,24.861,411.313,411.313,6900.0
1.1498,23.645,23.645,411.175,411.175,6900.0
1.1499,22.612,22.612,410.993,410.993,6900.0
1.15,21.6,21.6,410.784,410.784,6900.0
1.1501,20.443,20.443,410.555,410.555,6900.0
1.1502,18.91,18.91,410.286,410.286,6900.0
1.1503,17.503,17.503,409.958,409.958,6900.0
1.1504,16.467,16.467,409.59,409.59,6900.0
1.1505,15.39,15.39,409.198,409.198,6900.0
1.1506,14.14,14.14,408.79,408.79,6900.0
1.1507,12.454,12.454,408.35,408.35,6900.0
1.1508,10.922,10.922,407.863,407.863,6900.0
1.1509,9.729,9.729,407.342,407.342,6900.0
1.151,8.449,8.449,406.794,406.794,6900.0
1.1511,7.159,7.159,406.228,406.228,6900.0
1.1512,5.547,5.547,405.639,405.639,6900.0
1.1513,4.007,4.007,405.026,405.026,6900.0
1.1514,2.713,2.713,404.397,404.397,6900.0
1.1515,1.283,1.283,403.754,403.754,6900.0
1.1516,0.076,0.076,403.101,403.101,6900.0
1.1517,-0.0,-0.0,402.443,402.443,6900.0
1.1518,-0.0,-0.0,401.783,401.783,6900.0
1.1519,-0.0,-0.0,401.122,401.122,6900.0
1.152,-0.0,-0.0,400.46,400.46,6900.0
1.1521,0.0,0.0,399.796,399.796,6900.0
1.1522,0.0,0.0,399.132,399.132,6900.0
1.1523,0.0,0.0,398.466,398.466,6900.0
1.1524,0.0,0.0,397.8,397.8,6900.0
1.1525,0.0,0.0,397.132,397.132,6900.0
1.1526,0.0,0.0,396.463,396.463,6900.0
1.1527,0.0,0.0,395.793,395.793,6900.0
1.1528,0.0,0.0,395.121,395.121,6900.0
1.1529,0.0,0.0,394.45,394.45,6900.0
1.153,-4.137,-4.137,393.784,393.784,6900.0
1.1531,-9.447,-9.447,393.162,393.162,6900.0
1.1532,-11.553,-11.553,392.592,392.592,6900.0
1.1533,-13.03,-13.03,392.042,392.042,6900.0
1.1534,-14.825,-14.825,391.514,391.514,6900.0
1.1535,-16.581,-16.581,391.028,391.028,6900.0
1.1536,-18.326,-18.326,390.601,390.601,6900.0
1.1537,-19.555,-19.555,390.231,390.231,6900.0
1.1538,-20.596,-20.596,389.89,389.89,6900.0
1.1539,-22.111,-22.111,389.574,389.574,6900.0
1.154,-23.658,-23.658,389.301,389.301,6900.0
1.1541,-25.133,-25.133,389.084,389.084,6900.0
1.1542,-26.377,-26.377,388.916,388.916,6900.0
1.1543,-27.561,-27.561,388.782,388.782,6900.0
1.1544,-28.877,-28.877,388.68,388.68,6900.0
1.1545,-30.251,-30.251,388.621,388.621,6900.0
1.1546,-31.514,-31.514,388.615,388.615,6900.0
1.1547,-32.771,-32.771,388.666,388.666,6900.0
1.1548,-33.951,-33.951,388.778,388.778,6900.0
1.1549,-34.995,-34.995,388.953,388.953,6900.0
1.155,-35.98,-35.98,389.182,389.182,6900.0
1.1551,-36.872,-36.872,389.454,389.454,6900.0
1.1552,-37.821,-37.821,389.771,389.771,6900.0
1.1553,-38.769,-38.769,390.134,390.134,6900.0
1.1554,-39.542,-39.542,390.55,390.55,6900.0
1.1555,-40.172,-40.172,390.997,390.997,6900.0
1.1556,-40.792,-40.792,391.456,391.456,6900.0
1.1557,-41.58,-41.58,391.943,391.943,6900.0
1.1558,-42.213,-42.213,392.465,392.465,6900.0
1.1559,-42.866,-42.866,393.041,393.041,6900.0
1.156,-43.196,-43.196,393.656,393.656,6900.0
1.1561,-43.526,-43.526,394.281,394.281,6900.0
1.1562,-44.163,-44.027,394.938,394.938,6900.0
1.1563,-44.264,-44.264,395.621,395.621,6900.0
1.1564,-44.599,-44.599,396.342,396.342,6900.0
1.1565,-44.595,-44.595,397.086,397.086,6900.0
1.1566,-44.566,-44.566,397.817,397.817,6900.0
1.1567,-44.682,-44.682,398.556,398.556,6900.0
1.1568,-44.522,-44.522,399.288,399.288,6900.0
1.1569,-44.644,-44.644,400.016,400.016,6900.0
1.157,-44.425,-44.425,400.751,400.751,6900.0
1.1571,-44.255,-44.255,401.464,401.464,6900.0
1.1572,-44.083,-44.083,402.185,402.185,6900.0
1.1573,-43.648,-43.648,402.893,402.893,6900.0
1.1574,-43.453,-43.453,403.582,403.582,6900.0
1.1575,-43.032,-43.032,404.276,404.276,6900.0
1.1576,-42.652,-42.652,404.949,404.949,6900.0
1.1577,-42.131,-42.131,405.621,405.621,6900.0
1.1578,-41.385,-41.385,406.265,406.265,6900.0
1.1579,-40.85,-40.85,406.861,406.861,6900.0
1.158,-40.225,-40.225,407.434,407.434,6900.0
1.1581,-39.623,-39.623,407.971,407.971,6900.0
1.1582,-38.954,-38.954,408.485,408.485,6900.0
1.1583,-38.098,-38.098,408.961,408.961,6900.0
1.1584,-37.356,-37.356,409.384,409.384,6900.0
1.1585,-36.622,-36.622,409.775,409.775,6900.0
1.1586,-35.881,-35.881,410.134,410.134,6900.0
1.1587,-34.993,-34.993,410.471,410.471,6900.0
1.1588,-34.021,-34.021,410.771,410.771,6900.0
1.1589,-33.037,-33.037,411.025,411.025,6900.0
1.159,-32.134,-32.134,411.237,411.237,6900.0
1.1591,-31.149,-31.149,411.408,411.408,6900.0
1.1592,-30.149,-30.149,411.538,411.538,6900.0
1.1593,-29.054,-29.054,411.627,411.627,6900.0
1.1594,-28.041,-28.041,411.672,411.672,6900.0
1.1595,-26.887,-26.887,411.672,411.672,6900.0
1.1596,-25.712,-25.712,411.622,411.622,6900.0
1.1597,-24.653,-24.653,411.522,411.522,6900.0
1.1598,-23.61,-23.61,411.385,411.385,6900.0
1.1599,-22.599,-22.599,411.222,411.222,6900.0
1.16,-21.222,-21.222,411.029,411.029,6900.0
1.1601,-19.774,-19.774,410.781,410.781,6900.0
1.1602,-18.695,-18.695,410.481,410.481,6900.0
1.1603,-17.659,-17.659,410.151,410.151,6900.0
1.1604,-16.64,-16.64,409.803,409.803,6900.0
1.1605,-15.118,-15.118,409.433,409.433,6900.0
1.1606,-13.435,-13.435,409.015,409.015,6900.0
1.1607,-12.201,-12.201,408.548,408.548,6900.0
1.1608,-10.934,-10.934,408.051,408.051,6900.0
1.1609,-9.858,-9.858,407.53,407.53,6900.0
1.161,-8.373,-8.373,406.989,406.989,6900.0
1.1611,-6.754,-6.754,406.419,406.419,6900.0
1.1612,-5.519,-5.519,405.823,405.823,6900.0
1.1613,-4.046,-4.046,405.211,405.211,6900.0
1.1614,-2.789,-2.789,404.583,404.583,6900.0
1.1615,-1.288,-1.288,403.943,403.943,6900.0
1.1616,-0.0,-0.0,403.29,403.29,6900.0
1.1617,0.0,0.0,402.632,402.632,6900.0
1.1618,0.0,0.0,401.973,401.973,6900.0
1.1619,0.0,0.0,401.312,401.312,6900.0
1.162,0.0,0.0,400.65,400.65,6900.0
1.1621,-0.0,-0.0,399.987,399.987,6900.0
1.1622,-0.0,-0.0,399.323,399.323,6900.0
1.1623,-0.0,-0.0,398.658,398.658,6900.0
1.1624,-0.0,-0.0,397.991,397.991,6900.0
1.1625,-0.0,-0.0,397.324,397.324,6900.0
1.1626,-0.0,-0.0,396.655,396.655,6900.0
1.1627,-0.0,-0.0,395.985,395.985,6900.0
1.1628,-0.0,-0.0,395.314,395.314,6900.0
1.1629,-0.0,-0.0,394.643,394.643,6900.0
1.163,3.745,3.745,393.978,393.978,6900.0
1.1631,8.88,8.88,393.351,393.351,6900.0
1.1632,11.338,11.338,392.763,392.763,6900.0
1.1633,13.174,13.174,392.211,392.211,6900.0
1.1634,14.984,14.984,391.696,391.696,6900.0
1.1635,16.504,16.504,391.235,391.235,6900.0
1.1636,17.571,17.571,390.809,390.809,6900.0
1.1637,19.019,19.019,390.399,390.399,6900.0
1.1638,20.671,20.671,390.027,390.027,6900.0
1.1639,22.233,22.233,389.71,389.71,6900.0
1.164,23.594,23.594,389.456,389.456,6900.0
1.1641,24.751,24.751,389.247,389.247,6900.0
1.1642,26.021,26.021,389.068,389.068,6900.0
1.1643,27.391,27.391,388.925,388.925,6900.0
1.1644,28.755,28.755,388.829,388.829,6900.0
1.1645,30.027,30.027,388.784,388.784,6900.0
1.1646,31.223,31.223,388.787,388.787,6900.0
1.1647,32.395,32.395,388.838,388.838,6900.0
1.1648,33.524,33.524,388.939,388.939,6900.0
1.1649,34.586,34.586,389.088,389.088,6900.0
1.165,35.683,35.683,389.284,389.284,6900.0
1.1651,36.665,36.665,389.537,389.537,6900.0
1.1652,37.689,37.689,389.85,389.85,6900.0
1.1653,38.453,38.453,390.22,390.22,6900.0
1.1654,39.09,39.09,390.622,390.622,6900.0
1.1655,39.9,39.9,391.046,391.046,6900.0
1.1656,40.58,40.58,391.509,391.509,6900.0
1.1657,41.421,41.421,392.011,392.011,6900.0
1.1658,41.9,41.9,392.561,392.561,6900.0
1.1659,42.226,42.226,393.127,393.127,6900.0
1.166,42.805,42.805,393.702,393.702,6900.0
1.1661,43.216,43.216,394.311,394.311,6900.0
1.1662,43.731,43.731,394.948,394.948,6900.0
1.1663,44.13,44.0,395.634,395.634,6900.0
1.1664,44.021,44.021,396.333,396.333,6900.0
1.1665,44.329,44.329,397.035,397.035,6900.0
1.1666,44.325,44.325,397.761,397.761,6900.0
1.1667,44.432,44.432,398.484,398.484,6900.0
1.1668,44.386,44.386,399.232,399.232,6900.0
1.1669,44.148,44.148,399.968,399.968,6900.0
1.167,44.114,44.114,400.691,400.691,6900.0
1.1671,43.908,43.908,401.413,401.413,6900.0
1.1672,43.628,43.628,402.11,402.11,6900.0
1.1673,43.451,43.451,402.807,402.807,6900.0
1.1674,43.015,43.015,403.492,403.492,6900.0
1.1675,42.803,42.803,404.165,404.165,6900.0
1.1676,42.259,42.259,404.836,404.836,6900.0
1.1677,41.66,41.66,405.472,405.472,6900.0
1.1678,41.261,41.261,406.089,406.089,6900.0
1.1679,40.588,40.588,406.685,406.685,6900.0
1.168,40.099,40.099,407.259,407.259,6900.0
1.1681,39.307,39.307,407.811,407.811,6900.0
1.1682,38.453,38.453,408.313,408.313,6900.0
1.1683,37.885,37.885,408.769,408.769,6900.0
1.1684,37.142,37.142,409.193,409.193,6900.0
1.1685,36.431,36.431,409.589,409.589,6900.0
1.1686,35.525,35.525,409.954,409.954,6900.0
1.1687,34.598,34.598,410.274,410.274,6900.0
1.1688,33.775,33.775,410.548,410.548,6900.0
1.1689,32.872,32.872,410.788,410.788,6900.0
1.169,31.949,31.949,410.994,410.994,6900.0
1.1691,30.994,30.994,411.163,411.163,6900.0
1.1692,29.94,29.94,411.292,411.292,6900.0
1.1693,28.865,28.865,411.377,411.377,6900.0
1.1694,27.767,27.767,411.417,411.417,6900.0
1.1695,26.682,26.682,411.406,411.406,6900.0
1.1696,25.637,25.637,411.351,411.351,6900.0
1.1697,24.628,24.628,411.261,411.261,6900.0
1.1698,23.481,23.481,411.139,411.139,6900.0
1.1699,22.133,22.133,410.972,410.972,6900.0
1.17,20.873,20.873,410.748,410.748,6900.0
1.1701,19.876,19.876,410.482,410.482,6900.0
1.1702,18.834,18.834,410.193,410.193,6900.0
1.1703,18.054,17.674,409.885,409.885,6900.0
1.1704,16.027,16.027,409.54,409.54,6900.0
1.1705,14.596,14.596,409.136,409.136,6900.0
1.1706,13.504,13.504,408.692,408.692,6900.0
1.1707,12.408,12.408,408.222,408.222,6900.0
1.1708,11.18,11.18,407.735,407.735,6900.0
1.1709,9.564,9.564,407.223,407.223,6900.0
1.171,8.071,8.071,406.675,406.675,6900.0
1.1711,6.876,6.876,406.103,406.103,6900.0
1.1712,5.499,5.499,405.51,405.51,6900.0
1.1713,4.182,4.182,404.902,404.902,6900.0
1.1714,2.578,2.578,404.277,404.277,6900.0
1.1715,1.017,1.017,403.634,403.634,6900.0
1.1716,0.006,0.006,402.98,402.98,6900.0
1.1717,-0.0,-0.0,402.322,402.322,6900.0
1.1718,-0.0,-0.0,401.662,401.662,6900.0
1.1719,-0.0,-0.0,401.0,401.0,6900.0
1.172,-0.0,-0.0,400.338,400.338,6900.0
1.1721,0.0,0.0,399.674,399.674,6900.0
1.1722,0.0,0.0,399.009,399.009,6900.0
1.1723,0.0,0.0,398.344,398.344,6900.0
1.1724,0.0,0.0,397.677,397.677,6900.0
1.1725,0.0,0.0,397.009,397.009,6900.0
1.1726,0.0,0.0,396.339,396.339,6900.0
1.1727,0.0,0.0,395.669,395.669,6900.0
1.1728,0.0,0.0,394.998,394.998,6900.0
1.1729,0.0,0.0,394.326,394.326,6900.0
1.173,-3.4,-3.4,393.658,393.658,6900.0
1.1731,-9.074,-9.074,393.027,393.027,6900.0
1.1732,-11.534,-11.534,392.447,392.447,6900.0
1.1733,-13.414,-13.414,391.91,391.91,6900.0
1.1734,-14.647,-14.647,391.413,391.413,6900.0
1.1735,-15.931,-15.931,390.93,390.93,6900.0
1.1736,-17.582,-17.582,390.471,390.471,6900.0
1.1737,-19.311,-19.311,390.058,390.058,6900.0
1.1738,-20.963,-20.963,389.708,389.708,6900.0
1.1739,-22.18,-22.18,389.419,389.419,6900.0
1.174,-23.225,-23.225,389.163,389.163,6900.0
1.1741,-24.617,-24.617,388.934,388.934,6900.0
1.1742,-26.016,-26.016,388.748,388.748,6900.0
1.1743,-27.467,-27.467,388.61,388.61,6900.0
1.1744,-28.68,-28.68,388.519,388.519,6900.0
1.1745,-29.864,-29.864,388.468,388.468,6900.0
1.1746,-31.099,-31.099,388.456,388.456,6900.0
1.1747,-32.302,-32.302,388.49,388.49,6900.0
1.1748,-33.469,-33.469,388.574,388.574,6900.0
1.1749,-34.644,-34.644,388.716,388.716,6900.0
1.175,-35.769,-35.769,388.922,388.922,6900.0
1.1751,-36.684,-36.684,389.197,389.197,6900.0
1.1752,-37.505,-37.505,389.521,389.521,6900.0
1.1753,-38.229,-38.229,389.88,389.88,6900.0
1.1754,-39.109,-39.109,390.274,390.274,6900.0
1.1755,-39.918,-39.918,390.706,390.706,6900.0
1.1756,-40.59,-40.59,391.186,391.186,6900.0
1.1757,-41.115,-41.115,391.691,391.691,6900.0
1.1758,-41.613,-41.613,392.202,392.202,6900.0
1.1759,-42.343,-42.343,392.738,392.738,6900.0
1.176,-42.801,-42.801,393.306,393.306,6900.0
1.1761,-43.4,-43.4,393.925,393.925,6900.0
1.1762,-43.58,-43.58,394.585,394.585,6900.0
1.1763,-43.826,-43.826,395.252,395.252,6900.0
1.1764,-44.266,-44.14,395.949,395.949,6900.0
1.1765,-44.189,-44.189,396.662,396.662,6900.0
1.1766,-44.437,-44.437,397.398,397.398,6900.0
1.1767,-44.314,-44.314,398.149,398.149,6900.0
1.1768,-44.184,-44.184,398.88,398.88,6900.0
1.1769,-44.206,-44.206,399.61,399.61,6900.0
1.177,-43.932,-43.932,400.326,400.326,6900.0
1.1771,-43.946,-43.946,401.028,401.028,6900.0
1.1772,-43.675,-43.675,401.733,401.733,6900.0
1.1773,-43.412,-43.412,402.417,402.417,6900.0
1.1774,-43.132,-43.132,403.108,403.108,6900.0
1.1775,-42.606,-42.606,403.785,403.785,6900.0
1.1776,-42.272,-42.272,404.437,404.437,6900.0
1.1777,-41.785,-41.785,405.087,405.087,6900.0
1.1778,-41.293,-41.293,405.713,405.713,6900.0
1.1779,-40.733,-40.733,406.331,406.331,6900.0
1.178,-39.886,-39.886,406.915,406.915,6900.0
1.1781,-39.256,-39.256,407.444,407.444,6900.0
1.1782,-38.569,-38.569,407.943,407.943,6900.0
1.1783,-37.941,-37.941,408.402,408.402,6900.0
1.1784,-37.15,-37.15,408.837,408.837,6900.0
1.1785,-36.32,-36.32,409.23,409.23,6900.0
1.1786,-35.489,-35.489,409.574,409.574,6900.0
1.1787,-34.726,-34.726,409.885,409.885,6900.0
1.1788,-33.886,-33.886,410.164,410.164,6900.0
1.1789,-32.967,-32.967,410.416,410.416,6900.0
1.179,-31.971,-31.971,410.631,410.631,6900.0
1.1791,-30.964,-30.964,410.805,410.805,6900.0
1.1792,-29.939,-29.939,410.933,410.933,6900.0
1.1793,-28.881,-28.881,411.016,411.016,6900.0
1.1794,-27.832,-27.832,411.053,411.053,6900.0
1.1795,-26.801,-26.801,411.047,411.047,6900.0
1.1796,-25.722,-25.722,411.004,411.004,6900.0
1.1797,-24.533,-24.533,410.918,410.918,6900.0
1.1798,-23.297,-23.297,410.78,410.78,6900.0
1.1799,-22.228,-22.228,410.591,410.591,6900.0
1.18,-21.18,-21.18,410.37,410.37,6900.0
1.1801,-20.144,-20.144,410.127,410.127,6900.0
1.1802,-18.729,-18.729,409.858,409.858,6900.0
1.1803,-17.181,-17.181,409.535,409.535,6900.0
1.1804,-16.47,-16.05,409.159,409.159,6900.0
1.1805,-14.962,-14.962,408.754,408.754,6900.0
1.1806,-13.925,-13.925,408.328,408.328,6900.0
1.1807,-12.443,-12.443,407.884,407.884,6900.0
1.1808,-10.759,-10.759,407.4,407.4,6900.0
1.1809,-9.528,-9.528,406.876,406.876,6900.0
1.181,-8.157,-8.157,406.327,406.327,6900.0
1.1811,-7.031,-7.031,405.756,405.756,6900.0
1.1812,-5.541,-5.541,405.168,405.168,6900.0
1.1813,-3.916,-3.916,404.557,404.557,6900.0
1.1814,-2.555,-2.555,403.926,403.926,6900.0
1.1815,-1.116,-1.116,403.282,403.282,6900.0
1.1816,-0.039,-0.039,402.627,402.627,6900.0
1.1817,0.0,0.0,401.968,401.968,6900.0
1.1818,0.0,0.0,401.307,401.307,6900.0
1.1819,0.0,0.0,400.645,400.645,6900.0
1.182,0.0,0.0,399.982,399.982,6900.0
1.1821,-0.0,-0.0,399.318,399.318,6900.0
1.1822,-0.0,-0.0,398.653,398.653,6900.0
1.1823,-0.0,-0.0,397.986,397.986,6900.0
1.1824,-0.0,-0.0,397.319,397.319,6900.0
1.1825,-0.0,-0.0,396.65,396.65,6900.0
1.1826,-0.0,-0.0,395.98,395.98,6900.0
1.1827,-0.0,-0.0,395.309,395.309,6900.0
1.1828,-0.0,-0.0,394.637,394.637,6900.0
1.1829,-0.0,-0.0,393.965,393.965,6900.0
1.183,3.783,3.783,393.298,393.298,6900.0
1.1831,9.274,9.274,392.671,392.671,6900.0
1.1832,11.609,11.609,392.102,392.102,6900.0
1.1833,12.977,12.977,391.56,391.56,6900.0
1.1834,14.503,14.503,391.033,391.033,6900.0
1.1835,16.329,16.329,390.537,390.537,6900.0
1.1836,18.071,18.071,390.094,390.094,6900.0
1.1837,19.545,19.545,389.715,389.715,6900.0
1.1838,20.626,20.626,389.381,389.381,6900.0
1.1839,21.941,21.941,389.069,389.069,6900.0
1.184,23.414,23.414,388.794,388.794,6900.0
1.1841,24.923,24.923,388.568,388.568,6900.0
1.1842,26.216,26.216,388.397,388.397,6900.0
1.1843,27.38,27.38,388.267,388.267,6900.0
1.1844,28.659,28.659,388.166,388.166,6900.0
1.1845,29.972,29.972,388.103,388.103,6900.0
1.1846,31.294,31.294,388.088,388.088,6900.0
1.1847,32.539,32.539,388.127,388.127,6900.0
1.1848,33.713,33.713,388.225,388.225,6900.0
1.1849,34.839,34.839,388.389,388.389,6900.0
1.185,35.802,35.802,388.614,388.614,6900.0
1.1851,36.677,36.677,388.887,388.887,6900.0
1.1852,37.639,37.639,389.199,389.199,6900.0
1.1853,38.479,38.479,389.558,389.558,6900.0
1.1854,39.364,39.364,389.966,389.966,6900.0
1.1855,40.013,40.013,390.417,390.417,6900.0
1.1856,40.547,40.547,390.886,390.886,6900.0
1.1857,41.309,41.309,391.364,391.364,6900.0
1.1858,41.916,41.916,391.878,391.878,6900.0
1.1859,42.688,42.688,392.429,392.429,6900.0
1.186,43.076,43.076,393.035,393.035,6900.0
1.1861,43.314,43.314,393.662,393.662,6900.0
1.1862,43.803,43.803,394.305,394.305,6900.0
1.1863,44.02,44.02,394.986,394.986,6900.0
1.1864,44.407,44.407,395.687,395.687,6900.0
1.1865,44.53,44.53,396.431,396.431,6900.0
1.1866,44.378,44.378,397.176,397.176,6900.0
1.1867,44.554,44.554,397.91,397.91,6900.0
1.1868,44.427,44.427,398.651,398.651,6900.0
1.1869,44.369,44.369,399.372,399.372,6900.0
1.187,44.281,44.281,400.101,400.101,6900.0
1.1871,43.977,43.977,400.816,400.816,6900.0
1.1872,43.925,43.925,401.518,401.518,6900.0
1.1873,43.599,43.599,402.222,402.222,6900.0
1.1874,43.233,43.233,402.902,402.902,6900.0
1.1875,42.987,42.987,403.583,403.583,6900.0
1.1876,42.423,42.423,404.256,404.256,6900.0
1.1877,42.062,42.062,404.918,404.918,6900.0
1.1878,41.402,41.402,405.57,405.57,6900.0
1.1879,40.702,40.702,406.177,406.177,6900.0
1.188,40.186,40.186,406.75,406.75,6900.0
1.1881,39.445,39.445,407.289,407.289,6900.0
1.1882,38.847,38.847,407.798,407.798,6900.0
1.1883,38.023,38.023,408.275,408.275,6900.0
1.1884,37.149,37.149,408.701,408.701,6900.0
1.1885,36.525,36.525,409.081,409.081,6900.0
1.1886,35.746,35.746,409.431,409.431,6900.0
1.1887,34.955,34.955,409.757,409.757,6900.0
1.1888,34.071,34.071,410.053,410.053,6900.0
1.1889,33.045,33.045,410.312,410.312,6900.0
1.189,32.096,32.096,410.526,410.526,6900.0
1.1891,31.097,31.097,410.7,410.7,6900.0
1.1892,30.089,30.089,410.832,410.832,6900.0
1.1893,29.087,29.087,410.921,410.921,6900.0
1.1894,28.004,28.004,410.967,410.967,6900.0
1.1895,26.868,26.868,410.97,410.97,6900.0
1.1896,25.701,25.701,410.923,410.923,6900.0
1.1897,24.557,24.557,410.822,410.822,6900.0
1.1898,23.537,23.537,410.677,410.677,6900.0
1.1899,22.584,22.584,410.502,410.502,6900.0
1.19,21.4,21.4,410.306,410.306,6900.0
1.1901,19.898,19.898,410.068,410.068,6900.0
1.1902,18.574,18.574,409.773,409.773,6900.0
1.1903,17.525,17.525,409.438,409.438,6900.0
1.1904,16.493,16.493,409.081,409.081,6900.0
1.1905,15.711,15.31,408.709,408.709,6900.0
1.1906,13.627,13.627,408.303,408.303,6900.0
1.1907,12.122,12.122,407.844,407.844,6900.0
1.1908,10.927,10.927,407.348,407.348,6900.0
1.1909,9.68,9.68,406.822,406.822,6900.0
1.191,8.431,8.431,406.277,406.277,6900.0
1.1911,6.859,6.859,405.708,405.708,6900.0
1.1912,5.374,5.374,405.111,405.111,6900.0
1.1913,4.112,4.112,404.496,404.496,6900.0
1.1914,2.719,2.719,403.866,403.866,6900.0
1.1915,1.388,1.388,403.223,403.223,6900.0
1.1916,0.051,0.051,402.57,402.57,6900.0
1.1917,-0.0,-0.0,401.911,401.911,6900.0
1.1918,-0.0,-0.0,401.251,401.251,6900.0
1.1919,-0.0,-0.0,400.589,400.589,6900.0
1.192,-0.0,-0.0,399.925,399.925,6900.0
1.1921,0.0,0.0,399.261,399.261,6900.0
1.1922,0.0,0.0,398.596,398.596,6900.0
1.1923,0.0,0.0,397.929,397.929,6900.0
1.1924,0.0,0.0,397.261,397.261,6900.0
1.1925,0.0,0.0,396.593,396.593,6900.0
1.1926,0.0,0.0,395.923,395.923,6900.0
1.1927,0.0,0.0,395.252,395.252,6900.0
1.1928,0.0,0.0,394.58,394.58,6900.0
1.1929,0.0,0.0,393.907,393.907,6900.0
1.193,-4.132,-4.132,393.241,393.241,6900.0
1.1931,-9.126,-9.126,392.617,392.617,6900.0
1.1932,-11.288,-11.288,392.033,392.033,6900.0
1.1933,-13.269,-13.269,391.473,391.473,6900.0
1.1934,-15.007,-15.007,390.952,390.952,6900.0
1.1935,-16.772,-16.772,390.483,390.483,6900.0
1.1936,-17.977,-17.977,390.067,390.067,6900.0
1.1937,-19.105,-19.105,389.674,389.674,6900.0
1.1938,-20.663,-20.663,389.308,389.308,6900.0
1.1939,-22.297,-22.297,388.987,388.987,6900.0
1.194,-23.807,-23.807,388.726,388.726,6900.0
1.1941,-25.033,-25.033,388.52,388.52,6900.0
1.1942,-26.182,-26.182,388.348,388.348,6900.0
1.1943,-27.511,-27.511,388.207,388.207,6900.0
1.1944,-28.842,-28.842,388.108,388.108,6900.0
1.1945,-30.484,-30.211,388.058,388.058,6900.0
1.1946,-31.463,-31.463,388.061,388.061,6900.0
1.1947,-32.659,-32.659,388.118,388.118,6900.0
1.1948,-33.819,-33.819,388.228,388.228,6900.0
1.1949,-34.849,-34.849,388.393,388.393,6900.0
1.195,-35.831,-35.831,388.603,388.603,6900.0
1.1951,-36.925,-36.925,388.864,388.864,6900.0
1.1952,-37.885,-37.885,389.182,389.182,6900.0
1.1953,-38.741,-38.741,389.558,389.558,6900.0
1.1954,-39.408,-39.408,389.975,389.975,6900.0
1.1955,-40.081,-40.081,390.408,390.408,6900.0
1.1956,-40.879,-40.879,390.873,390.873,6900.0
1.1957,-41.603,-41.603,391.369,391.369,6900.0
1.1958,-42.232,-42.232,391.917,391.917,6900.0
1.1959,-42.636,-42.636,392.496,392.496,6900.0
1.196,-43.088,-43.088,393.083,393.083,6900.0
1.1961,-43.6,-43.6,393.703,393.703,6900.0
1.1962,-43.954,-43.954,394.351,394.351,6900.0
1.1963,-44.391,-44.391,395.045,395.045,6900.0
1.1964,-44.422,-44.422,395.773,395.773,6900.0
1.1965,-44.519,-44.519,396.495,396.495,6900.0
1.1966,-44.672,-44.672,397.234,397.234,6900.0
1.1967,-44.628,-44.628,397.971,397.971,6900.0
1.1968,-44.768,-44.768,398.713,398.713,6900.0
1.1969,-44.544,-44.544,399.463,399.463,6900.0
1.197,-44.393,-44.393,400.187,400.187,6900.0
1.1971,-44.305,-44.305,400.914,400.914,6900.0
1.1972,-43.905,-43.905,401.628,401.628,6900.0
1.1973,-43.826,-43.826,402.323,402.323,6900.0
1.1974,-43.472,-43.472,403.024,403.024,6900.0
1.1975,-43.094,-43.094,403.708,403.708,6900.0
1.1976,-42.677,-42.677,404.395,404.395,6900.0
1.1977,-41.981,-41.981,405.06,405.06,6900.0
1.1978,-41.567,-41.567,405.685,405.685,6900.0
1.1979,-40.941,-40.941,406.296,406.296,6900.0
1.198,-40.403,-40.403,406.872,406.872,6900.0
1.1981,-39.689,-39.689,407.432,407.432,6900.0
1.1982,-38.853,-38.853,407.95,407.95,6900.0
1.1983,-38.102,-38.102,408.413,408.413,6900.0
1.1984,-37.412,-37.412,408.842,408.842,6900.0
1.1985,-36.704,-36.704,409.235,409.235,6900.0
1.1986,-35.913,-35.913,409.605,409.605,6900.0
1.1987,-34.974,-34.974,409.938,409.938,6900.0
1.1988,-34.039,-34.039,410.226,410.226,6900.0
1.1989,-33.192,-33.192,410.475,410.475,6900.0
1.199,-32.224,-32.224,410.69,410.69,6900.0
1.1991,-31.246,-31.246,410.867,410.867,6900.0
1.1992,-30.216,-30.216,411.005,411.005,6900.0
1.1993,-29.172,-29.172,411.099,411.099,6900.0
1.1994,-28.057,-28.057,411.146,411.146,6900.0
1.1995,-26.869,-26.869,411.143,411.143,6900.0
1.1996,-25.842,-25.842,411.088,411.088,6900.0
1.1997,-24.809,-24.809,410.995,410.995,6900.0
1.1998,-23.773,-23.773,410.87,410.87,6900.0
1.1999,-22.465,-22.465,410.712,410.712,6900.0
1.2,-21.116,-21.116,410.501,410.501,6900.0
1.2001,-19.994,-19.994,410.24,410.24,6900.0
1.2002,-18.979,-18.979,409.948,409.948,6900.0
1.2003,-17.909,-17.909,409.637,409.637,6900.0
1.2004,-16.406,-16.406,409.304,409.304,6900.0
1.2005,-14.728,-14.728,408.918,408.918,6900.0
1.2006,-13.997,-13.55,408.479,408.479,6900.0
1.2007,-12.381,-12.381,408.008,408.008,6900.0
1.2008,-11.29,-11.29,407.514,407.514,6900.0
1.2009,-9.828,-9.828,407.002,407.002,6900.0
1.201,-8.187,-8.187,406.457,406.457,6900.0
1.2011,-6.954,-6.954,405.883,405.883,6900.0
1.2012,-5.552,-5.552,405.29,405.29,6900.0
1.2013,-4.296,-4.296,404.68,404.68,6900.0
1.2014,-2.776,-2.776,404.056,404.056,6900.0
1.2015,-1.174,-1.174,403.415,403.415,6900.0
1.2016,-0.022,-0.022,402.76,402.76,6900.0
1.2017,0.0,0.0,402.102,402.102,6900.0
1.2018,0.0,0.0,401.441,401.441,6900.0
1.2019,0.0,0.0,400.78,400.78,6900.0
1.202,0.0,0.0,400.117,400.117,6900.0
1.2021,-0.0,-0.0,399.453,399.453,6900.0
1.2022,-0.0,-0.0,398.788,398.788,6900.0
1.2023,-0.0,-0.0,398.121,398.121,6900.0
1.2024,-0.0,-0.0,397.454,397.454,6900.0
1.2025,-0.0,-0.0,396.786,396.786,6900.0
1.2026,-0.0,-0.0,396.116,396.116,6900.0
1.2027,-0.0,-0.0,395.445,395.445,6900.0
1.2028,-0.0,-0.0,394.774,394.774,6900.0
1.2029,-0.0,-0.0,394.102,394.102,6900.0
1.203,4.035,4.035,393.435,393.435,6900.0
1.2031,9.16,9.16,392.806,392.806,6900.0
1.2032,11.622,11.622,392.225,392.225,6900.0
1.2033,13.518,13.518,391.682,391.682,6900.0
1.2034,15.07,15.07,391.186,391.186,6900.0
1.2035,16.226,16.226,390.719,390.719,6900.0
1.2036,17.633,17.633,390.269,390.269,6900.0
1.2037,19.361,19.361,389.854,389.854,6900.0
1.2038,21.042,21.042,389.494,389.494,6900.0
1.2039,22.441,22.441,389.202,389.202,6900.0
1.204,23.614,23.614,388.955,388.955,6900.0
1.2041,24.885,24.885,388.736,388.736,6900.0
1.2042,26.258,26.258,388.554,388.554,6900.0
1.2043,27.666,27.666,388.417,388.417,6900.0
1.2044,28.939,28.939,388.333,388.333,6900.0
1.2045,30.136,30.136,388.293,388.293,6900.0
1.2046,31.673,31.41,388.293,388.293,6900.0
1.2047,32.619,32.619,388.34,388.34,6900.0
1.2048,33.756,33.756,388.436,388.436,6900.0
1.2049,34.918,34.918,388.582,388.582,6900.0
1.205,35.994,35.994,388.789,388.789,6900.0
1.2051,37.073,37.073,389.062,389.062,6900.0
1.2052,37.899,37.899,389.395,389.395,6900.0
1.2053,38.609,38.609,389.767,389.767,6900.0
1.2054,39.458,39.458,390.167,390.167,6900.0
1.2055,40.173,40.173,390.608,390.608,6900.0
1.2056,41.013,41.013,391.09,391.09,6900.0
1.2057,41.543,41.543,391.615,391.615,6900.0
1.2058,42.01,42.01,392.154,392.154,6900.0
1.2059,42.638,42.638,392.703,392.703,6900.0
1.206,43.142,43.142,393.286,393.286,6900.0
1.2061,43.769,43.769,393.903,393.903,6900.0
1.2062,44.033,44.033,394.576,394.576,6900.0
1.2063,44.118,44.118,395.265,395.265,6900.0
1.2064,44.47,44.47,395.961,395.961,6900.0
1.2065,44.571,44.571,396.688,396.688,6900.0
1.2066,44.764,44.764,397.419,397.419,6900.0
1.2067,44.765,44.765,398.181,398.181,6900.0
1.2068,44.549,44.549,398.934,398.934,6900.0
1.2069,44.595,44.595,399.673,399.673,6900.0
1.207,44.366,44.366,400.413,400.413,6900.0
1.2071,44.188,44.188,401.127,401.127,6900.0
1.2072,44.056,44.056,401.844,401.844,6900.0
1.2073,43.651,43.651,402.547,402.547,6900.0
1.2074,43.504,43.504,403.239,403.239,6900.0
1.2075,43.031,43.031,403.93,403.93,6900.0
1.2076,42.479,42.479,404.592,404.592,6900.0
1.2077,42.154,42.154,405.241,405.241,6900.0
1.2078,41.514,41.514,405.875,405.875,6900.0
1.2079,41.046,41.046,406.493,406.493,6900.0
1.208,40.309,40.309,407.091,407.091,6900.0
1.2081,39.509,39.509,407.639,407.639,6900.0
1.2082,38.868,38.868,408.145,408.145,6900.0
1.2083,38.107,38.107,408.615,408.615,6900.0
1.2084,37.451,37.451,409.054,409.054,6900.0
1.2085,36.569,36.569,409.461,409.461,6900.0
1.2086,35.716,35.716,409.82,409.82,6900.0
1.2087,34.934,34.934,410.134,410.134,6900.0
1.2088,34.082,34.082,410.415,410.415,6900.0
1.2089,33.211,33.211,410.666,410.666,6900.0
1.209,32.212,32.212,410.885,410.885,6900.0
1.2091,31.21,31.21,411.064,411.064,6900.0
1.2092,30.172,30.172,411.2,411.2,6900.0
1.2093,29.07,29.07,411.291,411.291,6900.0
1.2094,28.025,28.025,411.333,411.333,6900.0
1.2095,26.957,26.957,411.33,411.33,6900.0
1.2096,25.894,25.894,411.288,411.288,6900.0
1.2097,24.751,24.751,411.209,411.209,6900.0
1.2098,23.468,23.468,411.083,411.083,6900.0
1.2099,22.271,22.271,410.9,410.9,6900.0
1.21,21.284,21.284,410.674,410.674,6900.0
1.2101,20.236,20.236,410.424,410.424,6900.0
1.2102,19.043,19.043,410.155,410.155,6900.0
1.2103,17.439,17.439,409.846,409.846,6900.0
1.2104,16.02,16.02,409.478,409.478,6900.0
1.2105,14.92,14.92,409.069,409.069,6900.0
1.2106,13.872,13.872,408.634,408.634,6900.0
1.2107,12.649,12.649,408.184,408.184,6900.0
1.2108,11.01,11.01,407.706,407.706,6900.0
1.2109,9.509,9.509,407.187,407.187,6900.0
1.211,8.291,8.291,406.64,406.64,6900.0
1.2111,6.937,6.937,406.069,406.069,6900.0
1.2112,5.643,5.643,405.481,405.481,6900.0
1.2113,4.055,4.055,404.873,404.873,6900.0
1.2114,2.506,2.506,404.244,404.244,6900.0
1.2115,1.151,1.151,403.601,403.601,6900.0
1.2116,0.001,0.001,402.946,402.946,6900.0
1.2117,-0.0,-0.0,402.287,402.287,6900.0
1.2118,-0.0,-0.0,401.627,401.627,6900.0
1.2119,-0.0,-0.0,400.966,400.966,6900.0
1.212,-0.0,-0.0,400.303,400.303,6900.0
1.2121,0.0,0.0,399.64,399.64,6900.0
1.2122,0.0,0.0,398.975,398.975,6900.0
1.2123,0.0,0.0,398.309,398.309,6900.0
1.2124,0.0,0.0,397.642,397.642,6900.0
1.2125,0.0,0.0,396.974,396.974,6900.0
1.2126,0.0,0.0,396.305,396.305,6900.0
1.2127,0.0,0.0,395.634,395.634,6900.0
1.2128,0.0,0.0,394.963,394.963,6900.0
1.2129,0.0,0.0,394.291,394.291,6900.0
1.213,-4.114,-4.114,393.625,393.625,6900.0
1.2131,-9.24,-9.24,393.0,393.0,6900.0
1.2132,-11.794,-11.794,392.429,392.429,6900.0
1.2133,-13.213,-13.213,391.896,391.896,6900.0
1.2134,-14.523,-14.523,391.378,391.378,6900.0
1.2135,-16.267,-16.267,390.881,390.881,6900.0
1.2136,-18.038,-18.038,390.429,390.429,6900.0
1.2137,-19.717,-19.717,390.041,390.041,6900.0
1.2138,-20.922,-20.922,389.715,389.715,6900.0
1.2139,-22.029,-22.029,389.42,389.42,6900.0
1.214,-23.47,-23.47,389.153,389.153,6900.0
1.2141,-24.932,-24.932,388.93,388.93,6900.0
1.2142,-26.329,-26.329,388.758,388.758,6900.0
1.2143,-27.529,-27.529,388.632,388.632,6900.0
1.2144,-28.708,-28.708,388.54,388.54,6900.0
1.2145,-29.982,-29.982,388.48,388.48,6900.0
1.2146,-31.301,-31.301,388.463,388.463,6900.0
1.2147,-32.834,-32.577,388.497,388.497,6900.0
1.2148,-33.779,-33.779,388.591,388.591,6900.0
1.2149,-34.972,-34.972,388.748,388.748,6900.0
1.215,-35.984,-35.984,388.975,388.975,6900.0
1.2151,-36.848,-36.848,389.259,389.259,6900.0
1.2152,-37.655,-37.655,389.582,389.582,6900.0
1.2153,-38.577,-38.577,389.948,389.948,6900.0
1.2154,-39.426,-39.426,390.357,390.357,6900.0
1.2155,-40.159,-40.159,390.815,390.815,6900.0
1.2156,-40.695,-40.695,391.3,391.3,6900.0
1.2157,-41.234,-41.234,391.79,391.79,6900.0
1.2158,-41.965,-41.965,392.302,392.302,6900.0
1.2159,-42.559,-42.559,392.842,392.842,6900.0
1.216,-43.203,-43.203,393.433,393.433,6900.0
1.2161,-43.484,-43.484,394.063,394.063,6900.0
1.2162,-43.809,-43.809,394.704,394.704,6900.0
1.2163,-44.199,-44.199,395.382,395.382,6900.0
1.2164,-44.312,-44.312,396.086,396.086,6900.0
1.2165,-44.618,-44.618,396.825,396.825,6900.0
1.2166,-44.5,-44.5,397.588,397.588,6900.0
1.2167,-44.454,-44.454,398.333,398.333,6900.0
1.2168,-44.499,-44.499,399.081,399.081,6900.0
1.2169,-44.275,-44.275,399.815,399.815,6900.0
1.217,-44.299,-44.299,400.533,400.533,6900.0
1.2171,-44.042,-44.042,401.251,401.251,6900.0
1.2172,-43.85,-43.85,401.943,401.943,6900.0
1.2173,-43.64,-43.64,402.64,402.64,6900.0
1.2174,-43.19,-43.19,403.325,403.325,6900.0
1.2175,-42.992,-42.992,403.989,403.989,6900.0
1.2176,-42.49,-42.49,404.662,404.662,6900.0
1.2177,-42.067,-42.067,405.315,405.315,6900.0
1.2178,-41.508,-41.508,405.97,405.97,6900.0
1.2179,-40.702,-40.702,406.595,406.595,6900.0
1.218,-40.106,-40.106,407.168,407.168,6900.0
1.2181,-39.467,-39.467,407.713,407.713,6900.0
1.2182,-38.813,-38.813,408.218,408.218,6900.0
1.2183,-38.037,-38.037,408.695,408.695,6900.0
1.2184,-37.163,-37.163,409.126,409.126,6900.0
1.2185,-36.386,-36.386,409.503,409.503,6900.0
1.2186,-35.629,-35.629,409.846,409.846,6900.0
1.2187,-34.895,-34.895,410.157,410.157,6900.0
1.2188,-34.039,-34.039,410.445,410.445,6900.0
1.2189,-33.042,-33.042,410.701,410.701,6900.0
1.219,-32.067,-32.067,410.916,410.916,6900.0
1.2191,-31.08,-31.08,411.09,411.09,6900.0
1.2192,-30.06,-30.06,411.223,411.223,6900.0
1.2193,-28.965,-28.965,411.312,411.312,6900.0
1.2194,-27.934,-27.934,411.357,411.357,6900.0
1.2195,-26.884,-26.884,411.361,411.361,6900.0
1.2196,-25.683,-25.683,411.318,411.318,6900.0
1.2197,-24.445,-24.445,411.22,411.22,6900.0
1.2198,-23.391,-23.391,411.069,411.069,6900.0
1.2199,-22.403,-22.403,410.883,410.883,6900.0
1.22,-21.393,-21.393,410.674,410.674,6900.0
1.2201,-20.025,-20.025,410.439,410.439,6900.0
1.2202,-18.524,-18.524,410.152,410.152,6900.0
1.2203,-17.347,-17.347,409.814,409.814,6900.0
1.2204,-16.34,-16.34,409.446,409.446,6900.0
1.2205,-15.251,-15.251,409.063,409.063,6900.0
1.2206,-13.721,-13.721,408.659,408.659,6900.0
1.2207,-12.092,-12.092,408.209,408.209,6900.0
1.2208,-10.837,-10.837,407.714,407.714,6900.0
1.2209,-9.462,-9.462,407.19,407.19,6900.0
1.221,-8.349,-8.349,406.64,406.64,6900.0
1.2211,-6.866,-6.866,406.071,406.071,6900.0
1.2212,-5.284,-5.284,405.477,405.477,6900.0
1.2213,-4.016,-4.016,404.86,404.86,6900.0
1.2214,-2.6,-2.6,404.229,404.229,6900.0
1.2215,-1.28,-1.28,403.586,403.586,6900.0
1.2216,-0.027,-0.027,402.932,402.932,6900.0
1.2217,0.0,0.0,402.274,402.274,6900.0
1.2218,0.0,0.0,401.614,401.614,6900.0
1.2219,0.0,0.0,400.952,400.952,6900.0
1.222,0.0,0.0,400.29,400.29,6900.0
1.2221,-0.0,-0.0,399.626,399.626,6900.0
1.2222,-0.0,-0.0,398.961,398.961,6900.0
1.2223,-0.0,-0.0,398.295,398.295,6900.0
1.2224,-0.0,-0.0,397.628,397.628,6900.0
1.2225,-0.0,-0.0,396.96,396.96,6900.0
1.2226,-0.0,-0.0,396.291,396.291,6900.0
1.2227,-0.0,-0.0,395.621,395.621,6900.0
1.2228,-0.0,-0.0,394.949,394.949,6900.0
1.2229,-0.0,-0.0,394.277,394.277,6900.0
1.223,4.063,4.063,393.611,393.611,6900.0
1.2231,9.297,9.297,392.989,392.989,6900.0
1.2232,11.322,11.322,392.413,392.413,6900.0
1.2233,13.089,13.089,391.855,391.855,6900.0
1.2234,14.884,14.884,391.33,391.33,6900.0
1.2235,16.656,16.656,390.852,390.852,6900.0
1.2236,18.171,18.171,390.436,390.436,6900.0
1.2237,19.221,19.221,390.061,390.061,6900.0
1.2238,20.571,20.571,389.708,389.708,6900.0
1.2239,22.106,22.106,389.391,389.391,6900.0
1.224,23.631,23.631,389.125,389.125,6900.0
1.2241,24.94,24.94,388.915,388.915,6900.0
1.2242,26.183,26.183,388.745,388.745,6900.0
1.2243,27.364,27.364,388.604,388.604,6900.0
1.2244,28.753,28.753,388.499,388.499,6900.0
1.2245,30.064,30.064,388.441,388.441,6900.0
1.2246,31.339,31.339,388.436,388.436,6900.0
1.2247,32.569,32.569,388.488,388.488,6900.0
1.2248,33.752,33.752,388.6,388.6,6900.0
1.2249,34.801,34.801,388.771,388.771,6900.0
1.225,35.756,35.756,388.992,388.992,6900.0
1.2251,36.748,36.748,389.256,389.256,6900.0
1.2252,37.652,37.652,389.571,389.571,6900.0
1.2253,38.614,38.614,389.94,389.94,6900.0
1.2254,39.282,39.282,390.357,390.357,6900.0
1.2255,39.896,39.896,390.796,390.796,6900.0
1.2256,40.686,40.686,391.248,391.248,6900.0
1.2257,41.288,41.288,391.737,391.737,6900.0
1.2258,42.089,42.089,392.262,392.262,6900.0
1.2259,42.535,42.535,392.839,392.839,6900.0
1.226,42.859,42.859,393.434,393.434,6900.0
1.2261,43.429,43.429,394.045,394.045,6900.0
1.2262,43.729,43.729,394.697,394.697,6900.0
1.2263,44.174,44.174,395.375,395.375,6900.0
1.2264,44.308,44.308,396.102,396.102,6900.0
1.2265,44.241,44.241,396.833,396.833,6900.0
1.2266,44.423,44.423,397.56,397.56,6900.0
1.2267,44.37,44.37,398.297,398.297,6900.0
1.2268,44.405,44.405,399.019,399.019,6900.0
1.2269,44.369,44.369,399.755,399.755,6900.0
1.227,44.097,44.097,400.477,400.477,6900.0
1.2271,44.071,44.071,401.187,401.187,6900.0
1.2272,43.765,43.765,401.9,401.9,6900.0
1.2273,43.461,43.461,402.588,402.588,6900.0
1.2274,43.264,43.264,403.279,403.279,6900.0
1.2275,42.754,42.754,403.961,403.961,6900.0
1.2276,42.482,42.482,404.633,404.633,6900.0
1.2277,41.86,41.86,405.298,405.298,6900.0
1.2278,41.16,41.16,405.923,405.923,6900.0
1.2279,40.681,40.681,406.519,406.519,6900.0
1.228,40.001,40.001,407.086,407.086,6900.0
1.2281,39.459,39.459,407.626,407.626,6900.0
1.2282,38.709,38.709,408.137,408.137,6900.0
1.2283,37.794,37.794,408.601,408.601,6900.0
1.2284,37.177,37.177,409.018,409.018,6900.0
1.2285,36.364,36.364,409.403,409.403,6900.0
1.2286,35.662,35.662,409.76,409.76,6900.0
1.2287,34.706,34.706,410.09,410.09,6900.0
1.2288,34.04,33.819,410.376,410.376,6900.0
1.2289,32.915,32.915,410.62,410.62,6900.0
1.229,31.971,31.971,410.826,410.826,6900.0
1.2291,31.011,31.011,410.993,410.993,6900.0
1.2292,29.952,29.952,411.121,411.121,6900.0
1.2293,28.915,28.915,411.207,411.207,6900.0
1.2294,27.836,27.836,411.249,411.249,6900.0
1.2295,26.702,26.702,411.243,411.243,6900.0
1.2296,25.576,25.576,411.183,411.183,6900.0
1.2297,24.578,24.578,411.078,411.078,6900.0
1.2298,23.532,23.532,410.942,410.942,6900.0
1.2299,22.376,22.376,410.78,410.78,6900.0
1.23,20.979,20.979,410.574,410.574,6900.0
1.2301,19.673,19.673,410.311,410.311,6900.0
1.2302,18.7,18.7,410.007,410.007,6900.0
1.2303,17.682,17.682,409.682,409.682,6900.0
1.2304,16.414,16.414,409.341,409.341,6900.0
1.2305,14.744,14.744,408.965,408.965,6900.0
1.2306,13.249,13.249,408.532,408.532,6900.0
1.2307,12.092,12.092,408.061,408.061,6900.0
1.2308,10.95,10.95,407.56,407.56,6900.0
1.2309,9.715,9.715,407.041,407.041,6900.0
1.231,8.156,8.156,406.496,406.496,6900.0
1.2311,6.66,6.66,405.92,405.92,6900.0
1.2312,5.413,5.413,405.323,405.323,6900.0
1.2313,4.02,4.02,404.709,404.709,6900.0
1.2314,2.703,2.703,404.081,404.081,6900.0
1.2315,1.149,1.149,403.439,403.439,6900.0
1.2316,-0.0,-0.0,402.784,402.784,6900.0
1.2317,-0.0,-0.0,402.126,402.126,6900.0
1.2318,-0.0,-0.0,401.465,401.465,6900.0
1.2319,-0.0,-0.0,400.804,400.804,6900.0
1.232,-0.0,-0.0,400.141,400.141,6900.0
1.2321,0.0,0.0,399.477,399.477,6900.0
1.2322,0.0,0.0,398.812,398.812,6900.0
1.2323,0.0,0.0,398.146,398.146,6900.0
1.2324,0.0,0.0,397.478,397.478,6900.0
1.2325,0.0,0.0,396.81,396.81,6900.0
1.2326,0.0,0.0,396.141,396.141,6900.0
1.2327,0.0,0.0,395.47,395.47,6900.0
1.2328,0.0,0.0,394.798,394.798,6900.0
1.2329,0.0,0.0,394.126,394.126,6900.0
1.233,-4.347,-4.347,393.462,393.462,6900.0
1.2331,-9.139,-9.139,392.836,392.836,6900.0
1.2332,-11.633,-11.633,392.252,392.252,6900.0
1.2333,-13.444,-13.444,391.705,391.705,6900.0
1.2334,-15.223,-15.223,391.203,391.203,6900.0
1.2335,-16.434,-16.434,390.747,390.747,6900.0
1.2336,-17.625,-17.625,390.311,390.311,6900.0
1.2337,-19.246,-19.246,389.898,389.898,6900.0
1.2338,-20.907,-20.907,389.533,389.533,6900.0
1.2339,-22.473,-22.473,389.229,389.229,6900.0
1.234,-23.714,-23.714,388.983,388.983,6900.0
1.2341,-24.862,-24.862,388.773,388.773,6900.0
1.2342,-26.215,-26.215,388.594,388.594,6900.0
1.2343,-27.582,-27.582,388.458,388.458,6900.0
1.2344,-28.905,-28.905,388.372,388.372,6900.0
1.2345,-30.132,-30.132,388.335,388.335,6900.0
1.2346,-31.32,-31.32,388.344,388.344,6900.0
1.2347,-32.493,-32.493,388.4,388.4,6900.0
1.2348,-33.68,-33.68,388.501,388.501,6900.0
1.2349,-34.751,-34.751,388.651,388.651,6900.0
1.235,-35.828,-35.828,388.853,388.853,6900.0
1.2351,-36.949,-36.949,389.113,389.113,6900.0
1.2352,-37.804,-37.804,389.441,389.441,6900.0
1.2353,-38.515,-38.515,389.814,389.814,6900.0
1.2354,-39.25,-39.25,390.213,390.213,6900.0
1.2355,-40.086,-40.086,390.649,390.649,6900.0
1.2356,-40.857,-40.857,391.122,391.122,6900.0
1.2357,-41.512,-41.512,391.646,391.646,6900.0
1.2358,-41.936,-41.936,392.201,392.201,6900.0
1.2359,-42.368,-42.368,392.76,392.76,6900.0
1.236,-42.944,-42.944,393.344,393.344,6900.0
1.2361,-43.379,-43.379,393.954,393.954,6900.0
1.2362,-43.895,-43.895,394.609,394.609,6900.0
1.2363,-44.043,-44.043,395.297,395.297,6900.0
1.2364,-44.16,-44.16,395.987,395.987,6900.0
1.2365,-44.399,-44.399,396.701,396.701,6900.0
1.2366,-44.406,-44.406,397.425,397.425,6900.0
1.2367,-44.599,-44.599,398.165,398.165,6900.0
1.2368,-44.396,-44.396,398.922,398.922,6900.0
1.2369,-44.334,-44.334,399.656,399.656,6900.0
1.237,-44.242,-44.242,400.396,400.396,6900.0
1.2371,-43.902,-43.902,401.12,401.12,6900.0
1.2372,-43.841,-43.841,401.822,401.822,6900.0
1.2373,-43.461,-43.461,402.527,402.527,6900.0
1.2374,-43.181,-43.181,403.206,403.206,6900.0
1.2375,-42.856,-42.856,403.888,403.888,6900.0
1.2376,-42.242,-42.242,404.551,404.551,6900.0
1.2377,-41.891,-41.891,405.179,405.179,6900.0
1.2378,-41.302,-41.302,405.803,405.803,6900.0
1.2379,-40.809,-40.809,406.399,406.399,6900.0
1.238,-40.139,-40.139,406.988,406.988,6900.0
1.2381,-39.324,-39.324,407.539,407.539,6900.0
1.2382,-38.618,-38.618,408.039,408.039,6900.0
1.2383,-37.95,-37.95,408.505,408.505,6900.0
1.2384,-37.2,-37.2,408.935,408.935,6900.0
1.2385,-36.412,-36.412,409.337,409.337,6900.0
1.2386,-35.5,-35.5,409.697,409.697,6900.0
1.2387,-34.597,-34.597,410.009,410.009,6900.0
1.2388,-33.78,-33.78,410.28,410.28,6900.0
1.2389,-33.186,-32.953,410.515,410.515,6900.0
1.239,-31.98,-31.98,410.721,410.721,6900.0
1.2391,-30.986,-30.986,410.888,410.888,6900.0
1.2392,-29.97,-29.97,411.016,411.016,6900.0
1.2393,-28.894,-28.894,411.1,411.1,6900.0
1.2394,-27.78,-27.78,411.138,411.138,6900.0
1.2395,-26.754,-26.754,411.127,411.127,6900.0
1.2396,-25.668,-25.668,411.077,411.077,6900.0
1.2397,-24.67,-24.67,410.992,410.992,6900.0
1.2398,-23.366,-23.366,410.868,410.868,6900.0
1.2399,-22.011,-22.011,410.689,410.689,6900.0
1.24,-20.927,-20.927,410.456,410.456,6900.0
1.2401,-19.935,-19.935,410.19,410.19,6900.0
1.2402,-18.909,-18.909,409.905,409.905,6900.0
1.2403,-17.48,-17.48,409.597,409.597,6900.0
1.2404,-15.81,-15.81,409.236,409.236,6900.0
1.2405,-14.669,-14.669,408.822,408.822,6900.0
1.2406,-13.508,-13.508,408.379,408.379,6900.0
1.2407,-12.454,-12.454,407.914,407.914,6900.0
1.2408,-10.978,-10.978,407.431,407.431,6900.0
1.2409,-9.338,-9.338,406.913,406.913,6900.0
1.241,-8.094,-8.094,406.361,406.361,6900.0
1.2411,-6.725,-6.725,405.788,405.788,6900.0
1.2412,-5.495,-5.495,405.195,405.195,6900.0
1.2413,-3.988,-3.988,404.586,404.586,6900.0
1.2414,-2.355,-2.355,403.957,403.957,6900.0
1.2415,-0.961,-0.961,403.312,403.312,6900.0
1.2416,0.0,0.0,402.656,402.656,6900.0
1.2417,0.0,0.0,401.997,401.997,6900.0
1.2418,0.0,0.0,401.336,401.336,6900.0
1.2419,0.0,0.0,400.674,400.674,6900.0
1.242,0.0,0.0,400.011,400.011,6900.0
1.2421,-0.0,-0.0,399.347,399.347,6900.0
1.2422,-0.0,-0.0,398.682,398.682,6900.0
1.2423,-0.0,-0.0,398.016,398.016,6900.0
1.2424,-0.0,-0.0,397.348,397.348,6900.0
1.2425,-0.0,-0.0,396.679,396.679,6900.0
1.2426,-0.0,-0.0,396.01,396.01,6900.0
1.2427,-0.0,-0.0,395.339,395.339,6900.0
1.2428,-0.0,-0.0,394.667,394.667,6900.0
1.2429,-0.0,-0.0,393.995,393.995,6900.0
1.243,4.701,4.701,393.33,393.33,6900.0
1.2431,9.55,9.55,392.708,392.708,6900.0
1.2432,11.941,11.941,392.137,392.137,6900.0
1.2433,13.538,13.538,391.609,391.609,6900.0
1.2434,14.71,14.71,391.108,391.108,6900.0
1.2435,16.27,16.27,390.619,390.619,6900.0
1.2436,17.991,17.991,390.166,390.166,6900.0
1.2437,19.768,19.768,389.768,389.768,6900.0
1.2438,21.198,21.198,389.437,389.437,6900.0
1.2439,22.261,22.261,389.155,389.155,6900.0
1.244,23.566,23.566,388.898,388.898,6900.0
1.2441,24.989,24.989,388.677,388.677,6900.0
1.2442,26.383,26.383,388.504,388.504,6900.0
1.2443,27.713,27.713,388.38,388.38,6900.0
1.2444,28.927,28.927,388.296,388.296,6900.0
1.2445,30.11,30.11,388.248,388.248,6900.0
1.2446,31.364,31.364,388.241,388.241,6900.0
1.2447,32.601,32.601,388.281,388.281,6900.0
1.2448,33.838,33.838,388.374,388.374,6900.0
1.2449,35.009,35.009,388.529,388.529,6900.0
1.245,36.097,36.097,388.755,388.755,6900.0
1.2451,36.978,36.978,389.043,389.043,6900.0
1.2452,37.756,37.756,389.376,389.376,6900.0
1.2453,38.632,38.632,389.741,389.741,6900.0
1.2454,39.384,39.384,390.151,390.151,6900.0
1.2455,40.257,40.257,390.603,390.603,6900.0
1.2456,40.832,40.832,391.098,391.098,6900.0
1.2457,41.307,41.307,391.606,391.606,6900.0
1.2458,42.012,42.012,392.12,392.12,6900.0
1.2459,42.53,42.53,392.668,392.668,6900.0
1.246,43.225,43.225,393.249,393.249,6900.0
1.2461,43.592,43.592,393.885,393.885,6900.0
1.2462,43.75,43.75,394.542,394.542,6900.0
1.2463,44.2,44.2,395.212,395.212,6900.0
1.2464,44.355,44.355,395.921,395.921,6900.0
1.2465,44.562,44.562,396.645,396.645,6900.0
1.2466,44.606,44.606,397.405,397.405,6900.0
1.2467,44.402,44.402,398.16,398.16,6900.0
1.2468,44.486,44.486,398.901,398.901,6900.0
1.2469,44.34,44.34,399.643,399.643,6900.0
1.247,44.184,44.184,400.359,400.359,6900.0
1.2471,44.097,44.097,401.077,401.077,6900.0
1.2472,43.774,43.774,401.78,401.78,6900.0
1.2473,43.66,43.66,402.472,402.472,6900.0
1.2474,43.214,43.214,403.168,403.168,6900.0
1.2475,42.791,42.791,403.835,403.835,6900.0
1.2476,42.493,42.493,404.498,404.498,6900.0
1.2477,41.912,41.912,405.15,405.15,6900.0
1.2478,41.503,41.503,405.789,405.789,6900.0
1.2479,40.739,40.739,406.415,406.415,6900.0
1.248,39.937,39.937,406.992,406.992,6900.0
1.2481,39.405,39.405,407.527,407.527,6900.0
1.2482,38.669,38.669,408.027,408.027,6900.0
1.2483,38.018,38.018,408.497,408.497,6900.0
1.2484,37.232,37.232,408.931,408.931,6900.0
1.2485,36.302,36.302,409.32,409.32,6900.0
1.2486,35.552,35.552,409.662,409.662,6900.0
1.2487,34.731,34.731,409.971,409.971,6900.0
1.2488,33.908,33.908,410.252,410.252,6900.0
1.2489,32.944,32.944,410.504,410.504,6900.0
1.249,31.992,31.992,410.714,410.714,6900.0
1.2491,30.973,30.973,410.884,410.884,6900.0
1.2492,29.927,29.927,411.011,411.011,6900.0
1.2493,28.883,28.883,411.092,411.092,6900.0
1.2494,27.845,27.845,411.129,411.129,6900.0
1.2495,26.771,26.771,411.126,411.126,6900.0
1.2496,25.657,25.657,411.083,411.083,6900.0
1.2497,24.423,24.423,410.991,410.991,6900.0
1.2498,23.24,23.24,410.841,410.841,6900.0
1.2499,22.225,22.225,410.648,410.648,6900.0
1.25,21.211,21.211,410.428,410.428,6900.0
1.2501,20.049,20.049,410.188,410.188,6900.0
1.2502,18.513,18.513,409.908,409.908,6900.0
1.2503,17.124,17.124,409.57,409.57,6900.0
1.2504,16.09,16.09,409.192,409.192,6900.0
1.2505,14.98,14.98,408.79,408.79,6900.0
1.2506,13.766,13.766,408.372,408.372,6900.0
1.2507,12.121,12.121,407.923,407.923,6900.0
1.2508,10.584,10.584,407.429,407.429,6900.0
1.2509,9.406,9.406,406.904,406.904,6900.0
1.251,8.087,8.087,406.351,406.351,6900.0
1.2511,6.853,6.853,405.78,405.78,6900.0
1.2512,5.283,5.283,405.188,405.188,6900.0
1.2513,3.708,3.708,404.572,404.572,6900.0
1.2514,2.434,2.434,403.939,403.939,6900.0
1.2515,0.993,0.993,403.294,403.294,6900.0
1.2516,0.0,0.0,402.638,402.638,6900.0
1.2517,-0.0,-0.0,401.979,401.979,6900.0
1.2518,-0.0,-0.0,401.318,401.318,6900.0
1.2519,-0.0,-0.0,400.657,400.657,6900.0
1.252,-0.0,-0.0,399.993,399.993,6900.0
1.2521,0.0,0.0,399.329,399.329,6900.0
1.2522,0.0,0.0,398.664,398.664,6900.0
1.2523,0.0,0.0,397.998,397.998,6900.0
1.2524,0.0,0.0,397.33,397.33,6900.0
1.2525,0.0,0.0,396.661,396.661,6900.0
1.2526,0.0,0.0,395.992,395.992,6900.0
1.2527,0.0,0.0,395.321,395.321,6900.0
1.2528,0.0,0.0,394.649,394.649,6900.0
1.2529,0.0,0.0,393.977,393.977,6900.0
1.253,-5.49,-5.076,393.313,393.313,6900.0
1.2531,-9.856,-9.856,392.699,392.699,6900.0
1.2532,-11.781,-11.781,392.136,392.136,6900.0
1.2533,-13.168,-13.168,391.59,391.59,6900.0
1.2534,-14.99,-14.99,391.066,391.066,6900.0
1.2535,-16.748,-16.748,390.584,390.584,6900.0
1.2536,-18.488,-18.488,390.16,390.16,6900.0
1.2537,-19.7,-19.7,389.796,389.796,6900.0
1.2538,-20.814,-20.814,389.46,389.46,6900.0
1.2539,-22.263,-22.263,389.153,389.153,6900.0
1.254,-23.779,-23.779,388.888,388.888,6900.0
1.2541,-25.216,-25.216,388.677,388.677,6900.0
1.2542,-26.448,-26.448,388.513,388.513,6900.0
1.2543,-27.625,-27.625,388.384,388.384,6900.0
1.2544,-28.979,-28.979,388.285,388.285,6900.0
1.2545,-30.282,-30.282,388.23,388.23,6900.0
1.2546,-31.553,-31.553,388.226,388.226,6900.0
1.2547,-32.808,-32.808,388.28,388.28,6900.0
1.2548,-33.993,-33.993,388.396,388.396,6900.0
1.2549,-35.052,-35.052,388.578,388.578,6900.0
1.255,-36.034,-36.034,388.814,388.814,6900.0
1.2551,-36.882,-36.882,389.094,389.094,6900.0
1.2552,-37.887,-37.887,389.417,389.417,6900.0
1.2553,-38.785,-38.785,389.786,389.786,6900.0
1.2554,-39.515,-39.515,390.208,390.208,6900.0
1.2555,-40.166,-40.166,390.658,390.658,6900.0
1.2556,-40.761,-40.761,391.118,391.118,6900.0
1.2557,-41.542,-41.542,391.606,391.606,6900.0
1.2558,-42.22,-42.22,392.125,392.125,6900.0
1.2559,-42.832,-42.832,392.701,392.701,6900.0
1.256,-43.16,-43.16,393.315,393.315,6900.0
1.2561,-43.504,-43.504,393.941,393.941,6900.0
1.2562,-43.966,-43.966,394.601,394.601,6900.0
1.2563,-44.162,-44.162,395.289,395.289,6900.0
1.2564,-44.535,-44.535,396.011,396.011,6900.0
1.2565,-44.484,-44.484,396.76,396.76,6900.0
1.2566,-44.457,-44.457,397.494,397.494,6900.0
1.2567,-44.543,-44.543,398.235,398.235,6900.0
1.2568,-44.381,-44.381,398.966,398.966,6900.0
1.2569,-44.509,-44.509,399.689,399.689,6900.0
1.257,-44.281,-44.281,400.42,400.42,6900.0
1.2571,-44.121,-44.121,401.128,401.128,6900.0
1.2572,-43.935,-43.935,401.843,401.843,6900.0
1.2573,-43.569,-43.569,402.545,402.545,6900.0
1.2574,-43.345,-43.345,403.231,403.231,6900.0
1.2575,-42.91,-42.91,403.921,403.921,6900.0
1.2576,-42.512,-42.512,404.592,404.592,6900.0
1.2577,-42.011,-42.011,405.263,405.263,6900.0
1.2578,-41.264,-41.264,405.905,405.905,6900.0
1.2579,-40.695,-40.695,406.499,406.499,6900.0
1.258,-40.047,-40.047,407.068,407.068,6900.0
1.2581,-39.48,-39.48,407.599,407.599,6900.0
1.2582,-38.735,-38.735,408.108,408.108,6900.0
1.2583,-37.926,-37.926,408.575,408.575,6900.0
1.2584,-37.173,-37.173,408.99,408.99,6900.0
1.2585,-36.437,-36.437,409.372,409.372,6900.0
1.2586,-35.64,-35.64,409.725,409.725,6900.0
1.2587,-34.801,-34.801,410.052,410.052,6900.0
1.2588,-33.826,-33.826,410.345,410.345,6900.0
1.2589,-32.843,-32.843,410.594,410.594,6900.0
1.259,-31.949,-31.949,410.8,410.8,6900.0
1.2591,-30.951,-30.951,410.967,410.967,6900.0
1.2592,-29.947,-29.947,411.09,411.09,6900.0
1.2593,-28.898,-28.898,411.171,411.171,6900.0
1.2594,-27.845,-27.845,411.209,411.209,6900.0
1.2595,-26.684,-26.684,411.203,411.203,6900.0
1.2596,-25.485,-25.485,411.143,411.143,6900.0
1.2597,-24.442,-24.442,411.033,411.033,6900.0
1.2598,-23.45,-23.45,410.886,410.886,6900.0
1.2599,-22.438,-22.438,410.715,410.715,6900.0
1.26,-21.045,-21.045,410.515,410.515,6900.0
1.2601,-19.583,-19.583,410.261,410.261,6900.0
1.2602,-18.478,-18.478,409.954,409.954,6900.0
1.2603,-17.461,-17.461,409.618,409.618,6900.0
1.2604,-16.411,-16.411,409.265,409.265,6900.0
1.2605,-14.918,-14.918,408.891,408.891,6900.0
1.2606,-13.181,-13.181,408.47,408.47,6900.0
1.2607,-11.959,-11.959,407.999,407.999,6900.0
1.2608,-10.625,-10.625,407.498,407.498,6900.0
1.2609,-9.539,-9.539,406.971,406.971,6900.0
1.261,-8.09,-8.09,406.423,406.423,6900.0
1.2611,-6.5,-6.5,405.847,405.847,6900.0
1.2612,-5.252,-5.252,405.246,405.246,6900.0
1.2613,-3.82,-3.82,404.629,404.629,6900.0
1.2614,-2.533,-2.533,403.997,403.997,6900.0
1.2615,-1.069,-1.069,403.354,403.354,6900.0
1.2616,0.0,0.0,402.699,402.699,6900.0
1.2617,0.0,0.0,402.04,402.04,6900.0
1.2618,0.0,0.0,401.379,401.379,6900.0
1.2619,0.0,0.0,400.717,400.717,6900.0
1.262,0.0,0.0,400.054,400.054,6900.0
1.2621,-0.0,-0.0,399.39,399.39,6900.0
1.2622,-0.0,-0.0,398.725,398.725,6900.0
1.2623,-0.0,-0.0,398.059,398.059,6900.0
1.2624,-0.0,-0.0,397.391,397.391,6900.0
1.2625,-0.0,-0.0,396.723,396.723,6900.0
1.2626,-0.0,-0.0,396.053,396.053,6900.0
1.2627,-0.0,-0.0,395.382,395.382,6900.0
1.2628,-0.0,-0.0,394.711,394.711,6900.0
1.2629,-0.0,-0.0,394.039,394.039,6900.0
1.263,5.325,5.325,393.378,393.378,6900.0
1.2631,10.034,9.543,392.762,392.762,6900.0
1.2632,11.717,11.717,392.179,392.179,6900.0
1.2633,13.606,13.606,391.63,391.63,6900.0
1.2634,15.396,15.396,391.122,391.122,6900.0
1.2635,16.925,16.925,390.67,390.67,6900.0
1.2636,18.003,18.003,390.256,390.256,6900.0
1.2637,19.394,19.394,389.86,389.86,6900.0
1.2638,21.0,21.0,389.501,389.501,6900.0
1.2639,22.595,22.595,389.196,389.196,6900.0
1.264,23.935,23.935,388.951,388.951,6900.0
1.2641,25.131,25.131,388.749,388.749,6900.0
1.2642,26.374,26.374,388.578,388.578,6900.0
1.2643,27.747,27.747,388.442,388.442,6900.0
1.2644,29.117,29.117,388.353,388.353,6900.0
1.2645,30.405,30.405,388.316,388.316,6900.0
1.2646,31.596,31.596,388.33,388.33,6900.0
1.2647,32.795,32.795,388.398,388.398,6900.0
1.2648,33.908,33.908,388.519,388.519,6900.0
1.2649,34.95,34.95,388.689,388.689,6900.0
1.265,36.011,36.011,388.905,388.905,6900.0
1.2651,37.01,37.01,389.176,389.176,6900.0
1.2652,38.003,38.003,389.507,389.507,6900.0
1.2653,38.768,38.768,389.889,389.889,6900.0
1.2654,39.405,39.405,390.3,390.3,6900.0
1.2655,40.242,40.242,390.73,390.73,6900.0
1.2656,40.912,40.912,391.2,391.2,6900.0
1.2657,41.726,41.726,391.71,391.71,6900.0
1.2658,42.188,42.188,392.27,392.27,6900.0
1.2659,42.591,42.591,392.846,392.846,6900.0
1.266,43.144,43.144,393.437,393.437,6900.0
1.2661,43.555,43.555,394.064,394.064,6900.0
1.2662,44.012,44.012,394.72,394.72,6900.0
1.2663,44.223,44.223,395.425,395.425,6900.0
1.2664,44.247,44.247,396.138,396.138,6900.0
1.2665,44.556,44.556,396.853,396.853,6900.0
1.2666,44.495,44.495,397.589,397.589,6900.0
1.2667,44.567,44.567,398.318,398.318,6900.0
1.2668,44.56,44.56,399.066,399.066,6900.0
1.2669,44.293,44.293,399.805,399.805,6900.0
1.267,44.314,44.314,400.53,400.53,6900.0
1.2671,44.083,44.083,401.256,401.256,6900.0
1.2672,43.803,43.803,401.959,401.959,6900.0
1.2673,43.631,43.631,402.663,402.663,6900.0
1.2674,43.194,43.194,403.356,403.356,6900.0
1.2675,42.933,42.933,404.041,404.041,6900.0
1.2676,42.367,42.367,404.723,404.723,6900.0
1.2677,41.758,41.758,405.366,405.366,6900.0
1.2678,41.319,41.319,405.988,405.988,6900.0
1.2679,40.675,40.675,406.584,406.584,6900.0
1.268,40.157,40.157,407.157,407.157,6900.0
1.2681,39.388,39.388,407.705,407.705,6900.0
1.2682,38.54,38.54,408.203,408.203,6900.0
1.2683,37.928,37.928,408.656,408.656,6900.0
1.2684,37.161,37.161,409.077,409.077,6900.0
1.2685,36.454,36.454,409.471,409.471,6900.0
1.2686,35.547,35.547,409.835,409.835,6900.0
1.2687,34.601,34.601,410.156,410.156,6900.0
1.2688,33.757,33.757,410.432,410.432,6900.0
1.2689,32.814,32.814,410.672,410.672,6900.0
1.269,31.888,31.888,410.876,410.876,6900.0
1.2691,30.914,30.914,411.041,411.041,6900.0
1.2692,29.907,29.907,411.164,411.164,6900.0
1.2693,28.824,28.824,411.245,411.245,6900.0
1.2694,27.7,27.7,411.278,411.278,6900.0
1.2695,26.589,26.589,411.259,411.259,6900.0
1.2696,25.582,25.582,411.195,411.195,6900.0
1.2697,24.562,24.562,411.098,411.098,6900.0
1.2698,23.41,23.41,410.972,410.972,6900.0
1.2699,22.042,22.042,410.801,410.801,6900.0
1.27,20.794,20.794,410.571,410.571,6900.0
1.2701,19.76,19.76,410.3,410.3,6900.0
1.2702,18.723,18.723,410.006,410.006,6900.0
1.2703,17.534,17.534,409.694,409.694,6900.0
1.2704,15.883,15.883,409.345,409.345,6900.0
1.2705,14.423,14.423,408.938,408.938,6900.0
1.2706,13.3,13.3,408.492,408.492,6900.0
1.2707,12.106,12.106,408.017,408.017,6900.0
1.2708,10.92,10.92,407.524,407.524,6900.0
1.2709,9.318,9.318,407.004,407.004,6900.0
1.271,7.819,7.819,406.45,406.45,6900.0
1.2711,6.627,6.627,405.873,405.873,6900.0
1.2712,5.262,5.262,405.275,405.275,6900.0
1.2713,3.949,3.949,404.663,404.663,6900.0
1.2714,2.339,2.339,404.034,404.034,6900.0
1.2715,0.754,0.754,403.389,403.389,6900.0
1.2716,-0.0,-0.0,402.733,402.733,6900.0
1.2717,-0.0,-0.0,402.074,402.074,6900.0
1.2718,-0.0,-0.0,401.414,401.414,6900.0
1.2719,-0.0,-0.0,400.752,400.752,6900.0
1.272,-0.0,-0.0,400.089,400.089,6900.0
1.2721,0.0,0.0,399.425,399.425,6900.0
1.2722,0.0,0.0,398.76,398.76,6900.0
1.2723,0.0,0.0,398.094,398.094,6900.0
1.2724,0.0,0.0,397.426,397.426,6900.0
1.2725,0.0,0.0,396.758,396.758,6900.0
1.2726,0.0,0.0,396.088,396.088,6900.0
1.2727,0.0,0.0,395.417,395.417,6900.0
1.2728,0.0,0.0,394.746,394.746,6900.0
1.2729,0.0,0.0,394.074,394.074,6900.0
1.273,-5.299,-5.299,393.411,393.411,6900.0
1.2731,-9.836,-9.836,392.792,392.792,6900.0
1.2732,-12.033,-12.033,392.22,392.22,6900.0
1.2733,-13.903,-13.903,391.691,391.691,6900.0
1.2734,-15.147,-15.147,391.202,391.202,6900.0
1.2735,-16.361,-16.361,390.73,390.73,6900.0
1.2736,-18.047,-18.047,390.282,390.282,6900.0
1.2737,-19.745,-19.745,389.88,389.88,6900.0
1.2738,-21.381,-21.381,389.541,389.541,6900.0
1.2739,-22.623,-22.623,389.262,389.262,6900.0
1.274,-23.735,-23.735,389.018,389.018,6900.0
1.2741,-25.078,-25.078,388.804,388.804,6900.0
1.2742,-26.517,-26.517,388.632,388.632,6900.0
1.2743,-27.861,-27.861,388.509,388.509,6900.0
1.2744,-29.092,-29.092,388.432,388.432,6900.0
1.2745,-30.304,-30.304,388.396,388.396,6900.0
1.2746,-31.562,-31.562,388.402,388.402,6900.0
1.2747,-32.712,-32.712,388.455,388.455,6900.0
1.2748,-33.857,-33.857,388.556,388.556,6900.0
1.2749,-35.023,-35.023,388.714,388.714,6900.0
1.275,-36.16,-36.16,388.935,388.935,6900.0
1.2751,-37.074,-37.074,389.226,389.226,6900.0
1.2752,-37.888,-37.888,389.566,389.566,6900.0
1.2753,-38.633,-38.633,389.938,389.938,6900.0
1.2754,-39.489,-39.489,390.347,390.347,6900.0
1.2755,-40.279,-40.279,390.792,390.792,6900.0
1.2756,-40.975,-40.975,391.286,391.286,6900.0
1.2757,-41.444,-41.444,391.807,391.807,6900.0
1.2758,-41.982,-41.982,392.331,392.331,6900.0
1.2759,-42.633,-42.633,392.883,392.883,6900.0
1.276,-43.161,-43.161,393.465,393.465,6900.0
1.2761,-43.694,-43.694,394.1,394.1,6900.0
1.2762,-43.862,-43.862,394.774,394.774,6900.0
1.2763,-44.067,-44.067,395.453,395.453,6900.0
1.2764,-44.387,-44.387,396.161,396.161,6900.0
1.2765,-44.405,-44.405,396.885,396.885,6900.0
1.2766,-44.676,-44.676,397.627,397.627,6900.0
1.2767,-44.494,-44.494,398.386,398.386,6900.0
1.2768,-44.383,-44.383,399.122,399.122,6900.0
1.2769,-44.352,-44.352,399.86,399.86,6900.0
1.277,-44.063,-44.063,400.583,400.583,6900.0
1.2771,-44.068,-44.068,401.289,401.289,6900.0
1.2772,-43.912,-43.775,402.0,402.0,6900.0
1.2773,-43.53,-43.53,402.689,402.689,6900.0
1.2774,-43.242,-43.242,403.386,403.386,6900.0
1.2775,-42.694,-42.694,404.067,404.067,6900.0
1.2776,-42.372,-42.372,404.72,404.72,6900.0
1.2777,-41.846,-41.846,405.372,405.372,6900.0
1.2778,-41.326,-41.326,405.998,405.998,6900.0
1.2779,-40.722,-40.722,406.614,406.614,6900.0
1.278,-39.912,-39.912,407.195,407.195,6900.0
1.2781,-39.233,-39.233,407.721,407.721,6900.0
1.2782,-38.585,-38.585,408.214,408.214,6900.0
1.2783,-37.897,-37.897,408.671,408.671,6900.0
1.2784,-37.118,-37.118,409.102,409.102,6900.0
1.2785,-36.231,-36.231,409.492,409.492,6900.0
1.2786,-35.418,-35.418,409.834,409.834,6900.0
1.2787,-34.581,-34.581,410.142,410.142,6900.0
1.2788,-33.777,-33.777,410.416,410.416,6900.0
1.2789,-32.827,-32.827,410.662,410.662,6900.0
1.279,-31.818,-31.818,410.871,410.871,6900.0
1.2791,-30.795,-30.795,411.038,411.038,6900.0
1.2792,-29.794,-29.794,411.159,411.159,6900.0
1.2793,-28.698,-28.698,411.233,411.233,6900.0
1.2794,-27.654,-27.654,411.259,411.259,6900.0
1.2795,-26.643,-26.643,411.242,411.242,6900.0
1.2796,-25.581,-25.581,411.191,411.191,6900.0
1.2797,-24.357,-24.357,411.099,411.099,6900.0
1.2798,-23.057,-23.057,410.953,410.953,6900.0
1.2799,-21.981,-21.981,410.756,410.756,6900.0
1.28,-21.03,-21.03,410.525,410.525,6900.0
1.2801,-19.944,-19.944,410.276,410.276,6900.0
1.2802,-18.496,-18.496,410.002,410.002,6900.0
1.2803,-16.926,-16.926,409.671,409.671,6900.0
1.2804,-15.734,-15.734,409.287,409.287,6900.0
1.2805,-14.626,-14.626,408.871,408.871,6900.0
1.2806,-13.633,-13.633,408.434,408.434,6900.0
1.2807,-12.126,-12.126,407.979,407.979,6900.0
1.2808,-10.461,-10.461,407.486,407.486,6900.0
1.2809,-9.241,-9.241,406.956,406.956,6900.0
1.281,-7.843,-7.843,406.403,406.403,6900.0
1.2811,-6.655,-6.655,405.828,405.828,6900.0
1.2812,-5.202,-5.202,405.237,405.237,6900.0
1.2813,-3.593,-3.593,404.623,404.623,6900.0
1.2814,-2.249,-2.249,403.989,403.989,6900.0
1.2815,-0.767,-0.767,403.343,403.343,6900.0
1.2816,0.0,0.0,402.686,402.686,6900.0
1.2817,0.0,0.0,402.027,402.027,6900.0
1.2818,0.0,0.0,401.367,401.367,6900.0
1.2819,0.0,0.0,400.705,400.705,6900.0
1.282,0.0,0.0,400.042,400.042,6900.0
1.2821,-0.0,-0.0,399.378,399.378,6900.0
1.2822,-0.0,-0.0,398.712,398.712,6900.0
1.2823,-0.0,-0.0,398.046,398.046,6900.0
1.2824,-0.0,-0.0,397.379,397.379,6900.0
1.2825,-0.0,-0.0,396.71,396.71,6900.0
1.2826,-0.0,-0.0,396.04,396.04,6900.0
1.2827,-0.0,-0.0,395.37,395.37,6900.0
1.2828,-0.0,-0.0,394.698,394.698,6900.0
1.2829,-0.0,-0.0,394.026,394.026,6900.0
1.283,5.669,5.669,393.365,393.365,6900.0
1.2831,10.068,10.068,392.755,392.755,6900.0
1.2832,12.14,12.14,392.198,392.198,6900.0
1.2833,13.386,13.386,391.668,391.668,6900.0
1.2834,14.942,14.942,391.15,391.15,6900.0
1.2835,16.75,16.75,390.665,390.665,6900.0
1.2836,18.496,18.496,390.232,390.232,6900.0
1.2837,19.92,19.92,389.866,389.866,6900.0
1.2838,21.045,21.045,389.544,389.544,6900.0
1.2839,22.333,22.333,389.248,389.248,6900.0
1.284,23.839,23.839,388.988,388.988,6900.0
1.2841,25.268,25.268,388.776,388.776,6900.0
1.2842,26.577,26.577,388.615,388.615,6900.0
1.2843,27.775,27.775,388.494,388.494,6900.0
1.2844,29.032,29.032,388.404,388.404,6900.0
1.2845,30.331,30.331,388.353,388.353,6900.0
1.2846,31.58,31.58,388.349,388.349,6900.0
1.2847,32.864,32.864,388.398,388.398,6900.0
1.2848,34.023,34.023,388.509,388.509,6900.0
1.2849,35.17,35.17,388.689,388.689,6900.0
1.285,36.088,36.088,388.934,388.934,6900.0
1.2851,36.935,36.935,389.225,389.225,6900.0
1.2852,37.836,37.836,389.554,389.554,6900.0
1.2853,38.697,38.697,389.927,389.927,6900.0
1.2854,39.565,39.565,390.347,390.347,6900.0
1.2855,40.182,40.182,390.807,390.807,6900.0
1.2856,40.731,40.731,391.282,391.282,6900.0
1.2857,41.487,41.487,391.764,391.764,6900.0
1.2858,42.075,42.075,392.283,392.283,6900.0
1.2859,42.832,42.832,392.837,392.837,6900.0
1.286,43.232,43.232,393.449,393.449,6900.0
1.2861,43.477,43.477,394.083,394.083,6900.0
1.2862,43.935,43.935,394.735,394.735,6900.0
1.2863,44.115,44.115,395.427,395.427,6900.0
1.2864,44.416,44.416,396.137,396.137,6900.0
1.2865,44.524,44.524,396.886,396.886,6900.0
1.2866,44.362,44.362,397.634,397.634,6900.0
1.2867,44.531,44.531,398.37,398.37,6900.0
1.2868,44.329,44.329,399.113,399.113,6900.0
1.2869,44.269,44.269,399.83,399.83,6900.0
1.287,44.221,44.221,400.553,400.553,6900.0
1.2871,43.853,43.853,401.263,401.263,6900.0
1.2872,43.827,43.827,401.96,401.96,6900.0
1.2873,43.498,43.498,402.661,402.661,6900.0
1.2874,43.092,43.092,403.338,403.338,6900.0
1.2875,42.853,42.853,404.015,404.015,6900.0
1.2876,42.306,42.306,404.684,404.684,6900.0
1.2877,41.903,41.903,405.344,405.344,6900.0
1.2878,41.218,41.218,405.993,405.993,6900.0
1.2879,40.462,40.462,406.596,406.596,6900.0
1.288,39.923,39.923,407.161,407.161,6900.0
1.2881,39.205,39.205,407.69,407.69,6900.0
1.2882,38.607,38.607,408.188,408.188,6900.0
1.2883,37.758,37.758,408.652,408.652,6900.0
1.2884,36.936,36.936,409.066,409.066,6900.0
1.2885,36.243,36.243,409.434,409.434,6900.0
1.2886,35.454,35.454,409.773,409.773,6900.0
1.2887,34.691,34.691,410.086,410.086,6900.0
1.2888,33.722,33.722,410.372,410.372,6900.0
1.2889,32.718,32.718,410.621,410.621,6900.0
1.289,31.76,31.76,410.825,410.825,6900.0
1.2891,30.738,30.738,410.989,410.989,6900.0
1.2892,29.719,29.719,411.108,411.108,6900.0
1.2893,28.705,28.705,411.182,411.182,6900.0
1.2894,27.654,27.654,411.215,411.215,6900.0
1.2895,26.537,26.537,411.206,411.206,6900.0
1.2896,25.337,25.337,411.146,411.146,6900.0
1.2897,24.188,24.188,411.031,411.031,6900.0
1.2898,23.193,23.193,410.872,410.872,6900.0
1.2899,22.183,22.183,410.686,410.686,6900.0
1.29,21.014,21.014,410.48,410.48,6900.0
1.2901,19.529,19.529,410.232,410.232,6900.0
1.2902,18.196,18.196,409.925,409.925,6900.0
1.2903,17.144,17.144,409.578,409.578,6900.0
1.2904,16.108,16.108,409.207,409.207,6900.0
1.2905,14.864,14.864,408.821,408.821,6900.0
1.2906,13.222,13.222,408.403,408.403,6900.0
1.2907,11.726,11.726,407.934,407.934,6900.0
1.2908,10.489,10.489,407.432,407.432,6900.0
1.2909,9.225,9.225,406.9,406.9,6900.0
1.291,7.982,7.982,406.349,406.349,6900.0
1.2911,6.427,6.427,405.774,405.774,6900.0
1.2912,4.904,4.904,405.172,405.172,6900.0
1.2913,3.669,3.669,404.553,404.553,6900.0
1.2914,2.247,2.247,403.919,403.919,6900.0
1.2915,0.91,0.91,403.272,403.272,6900.0
1.2916,-0.0,-0.0,402.617,402.617,6900.0
1.2917,-0.0,-0.0,401.958,401.958,6900.0
1.2918,-0.0,-0.0,401.297,401.297,6900.0
1.2919,-0.0,-0.0,400.635,400.635,6900.0
1.292,-0.0,-0.0,399.972,399.972,6900.0
1.2921,0.0,0.0,399.308,399.308,6900.0
1.2922,0.0,0.0,398.642,398.642,6900.0
1.2923,0.0,0.0,397.976,397.976,6900.0
1.2924,0.0,0.0,397.308,397.308,6900.0
1.2925,0.0,0.0,396.64,396.64,6900.0
1.2926,0.0,0.0,395.97,395.97,6900.0
1.2927,0.0,0.0,395.299,395.299,6900.0
1.2928,0.0,0.0,394.627,394.627,6900.0
1.2929,0.0,0.0,393.955,393.955,6900.0
1.293,-6.001,-6.001,393.297,393.297,6900.0
1.2931,-9.912,-9.912,392.691,392.691,6900.0
1.2932,-11.734,-11.734,392.117,392.117,6900.0
1.2933,-13.614,-13.614,391.565,391.565,6900.0
1.2934,-15.424,-15.424,391.052,391.052,6900.0
1.2935,-17.173,-17.173,390.593,390.593,6900.0
1.2936,-18.39,-18.39,390.189,390.189,6900.0
1.2937,-19.517,-19.517,389.812,389.812,6900.0
1.2938,-21.031,-21.031,389.463,389.463,6900.0
1.2939,-22.616,-22.616,389.159,389.159,6900.0
1.294,-24.086,-24.086,388.912,388.912,6900.0
1.2941,-25.297,-25.297,388.715,388.715,6900.0
1.2942,-26.473,-26.473,388.552,388.552,6900.0
1.2943,-27.787,-27.787,388.42,388.42,6900.0
1.2944,-29.126,-29.126,388.329,388.329,6900.0
1.2945,-30.45,-30.45,388.286,388.286,6900.0
1.2946,-31.683,-31.683,388.296,388.296,6900.0
1.2947,-32.942,-32.942,388.361,388.361,6900.0
1.2948,-34.028,-34.028,388.488,388.488,6900.0
1.2949,-35.06,-35.06,388.669,388.669,6900.0
1.295,-36.001,-36.001,388.897,388.897,6900.0
1.2951,-37.022,-37.022,389.175,389.175,6900.0
1.2952,-37.997,-37.997,389.506,389.506,6900.0
1.2953,-38.821,-38.821,389.896,389.896,6900.0
1.2954,-39.459,-39.459,390.321,390.321,6900.0
1.2955,-40.133,-40.133,390.759,390.759,6900.0
1.2956,-40.897,-40.897,391.226,391.226,6900.0
1.2957,-41.584,-41.584,391.721,391.721,6900.0
1.2958,-42.259,-42.259,392.267,392.267,6900.0
1.2959,-42.659,-42.659,392.846,392.846,6900.0
1.296,-43.056,-43.056,393.436,393.436,6900.0
1.2961,-43.592,-43.592,394.06,394.06,6900.0
1.2962,-43.944,-43.944,394.715,394.715,6900.0
1.2963,-44.324,-44.324,395.417,395.417,6900.0
1.2964,-44.331,-44.331,396.152,396.152,6900.0
1.2965,-44.383,-44.383,396.879,396.879,6900.0
1.2966,-44.493,-44.493,397.622,397.622,6900.0
1.2967,-44.361,-44.361,398.359,398.359,6900.0
1.2968,-44.497,-44.497,399.092,399.092,6900.0
1.2969,-44.27,-44.27,399.831,399.831,6900.0
1.297,-44.152,-44.152,400.543,400.543,6900.0
1.2971,-44.037,-44.037,401.259,401.259,6900.0
1.2972,-43.643,-43.643,401.963,401.963,6900.0
1.2973,-43.56,-43.56,402.647,402.647,6900.0
1.2974,-43.203,-43.203,403.34,403.34,6900.0
1.2975,-42.864,-42.864,404.018,404.018,6900.0
1.2976,-42.389,-42.389,404.702,404.702,6900.0
1.2977,-41.685,-41.685,405.363,405.363,6900.0
1.2978,-41.206,-41.206,405.982,405.982,6900.0
1.2979,-40.571,-40.571,406.582,406.582,6900.0
1.298,-40.006,-40.006,407.146,407.146,6900.0
1.2981,-39.298,-39.298,407.689,407.689,6900.0
1.2982,-38.46,-38.46,408.189,408.189,6900.0
1.2983,-37.736,-37.736,408.633,408.633,6900.0
1.2984,-37.004,-37.004,409.043,409.043,6900.0
1.2985,-36.341,-36.341,409.419,409.419,6900.0
1.2986,-35.479,-35.479,409.773,409.773,6900.0
1.2987,-34.586,-34.586,410.091,410.091,6900.0
1.2988,-33.657,-33.657,410.368,410.368,6900.0
1.2989,-32.727,-32.727,410.608,410.608,6900.0
1.299,-31.785,-31.785,410.81,410.81,6900.0
1.2991,-30.761,-30.761,410.974,410.974,6900.0
1.2992,-29.734,-29.734,411.097,411.097,6900.0
1.2993,-28.691,-28.691,411.176,411.176,6900.0
1.2994,-27.592,-27.592,411.207,411.207,6900.0
1.2995,-26.407,-26.407,411.186,411.186,6900.0
1.2996,-25.372,-25.372,411.111,411.111,6900.0
1.2997,-24.38,-24.38,410.998,410.998,6900.0
1.2998,-23.357,-23.357,410.858,410.858,6900.0
1.2999,-22.036,-22.036,410.686,410.686,6900.0
