t,Iac_real,Iac_int,Vdc_real,Vdc_int,P_charge
0.6,-21.862,-21.862,410.246,410.246,
0.6001,-20.814,-20.814,409.971,409.971,6900.0
0.6002,-19.82,-19.82,409.658,409.658,6900.0
0.6003,-19.074,-19.074,409.319,409.319,6900.0
0.6004,-17.782,-17.782,408.963,408.963,6900.0
0.6005,-16.234,-16.234,408.566,408.566,6900.0
0.6006,-15.303,-15.303,408.125,408.125,6900.0
0.6007,-14.108,-14.108,407.661,407.661,6900.0
0.6008,-13.088,-13.088,407.172,407.172,6900.0
0.6009,-11.711,-11.711,406.666,406.666,6900.0
0.601,-10.202,-10.202,406.131,406.131,6900.0
0.6011,-9.034,-9.034,405.567,405.567,6900.0
0.6012,-7.749,-7.749,404.982,404.982,6900.0
0.6013,-6.571,-6.571,404.377,404.377,6900.0
0.6014,-5.419,-5.419,403.756,403.756,6900.0
0.6015,-4.01,-4.01,403.123,403.123,6900.0
0.6016,-2.672,-2.672,402.477,402.477,6900.0
0.6017,-1.447,-1.447,401.823,401.823,6900.0
0.6018,-1.091,-1.091,401.164,401.164,6900.0
0.6019,-0.0,-0.0,400.502,400.502,6900.0
0.602,0.561,0.561,399.839,399.839,6900.0
0.6021,2.653,2.653,399.174,399.174,6900.0
0.6022,2.374,2.374,398.515,398.515,6900.0
0.6023,3.567,3.567,397.856,397.856,6900.0
0.6024,4.602,4.602,397.207,397.207,6900.0
0.6025,5.613,5.613,396.565,396.565,6900.0
0.6026,7.075,7.075,395.93,395.93,6900.0
0.6027,8.599,8.599,395.312,395.312,6900.0
0.6028,10.139,10.139,394.716,394.716,6900.0
0.6029,11.4,11.4,394.151,394.151,6900.0
0.603,12.371,12.371,393.604,393.604,6900.0
0.6031,13.577,13.577,393.066,393.066,6900.0
0.6032,15.289,15.289,392.55,392.55,6900.0
0.6033,17.006,17.006,392.076,392.076,6900.0
0.6034,18.295,18.295,391.655,391.655,6900.0
0.6035,19.121,19.121,391.271,391.271,6900.0
0.6036,20.431,20.431,390.907,390.907,6900.0
0.6037,21.76,21.76,390.58,390.58,6900.0
0.6038,23.042,23.042,390.295,390.295,6900.0
0.6039,24.28,24.28,390.058,390.058,6900.0
0.604,25.334,25.334,389.866,389.866,6900.0
0.6041,26.363,26.363,389.712,389.712,6900.0
0.6042,27.298,27.298,389.595,389.595,6900.0
0.6043,28.266,28.266,389.513,389.513,6900.0
0.6044,29.408,29.408,389.468,389.468,6900.0
0.6045,30.476,30.476,389.471,389.471,6900.0
0.6046,31.281,31.281,389.529,389.529,6900.0
0.6047,32.13,32.13,389.633,389.633,6900.0
0.6048,32.906,32.906,389.773,389.773,6900.0
0.6049,33.784,33.784,389.945,389.945,6900.0
0.605,34.72,34.72,390.164,390.164,6900.0
0.6051,35.844,35.844,390.438,390.438,6900.0
0.6052,36.46,36.46,390.772,390.772,6900.0
0.6053,36.928,36.928,391.127,391.127,6900.0
0.6054,37.715,37.715,391.495,391.495,6900.0
0.6055,38.276,38.276,391.901,391.901,6900.0
0.6056,39.099,39.099,392.34,392.34,6900.0
0.6057,39.594,39.594,392.834,392.834,6900.0
0.6058,39.757,39.757,393.348,393.348,6900.0
0.6059,40.391,40.391,393.869,393.869,6900.0
0.606,40.645,40.645,394.428,394.428,6900.0
0.6061,41.221,41.221,395.001,395.001,6900.0
0.6062,41.339,41.339,395.627,395.627,6900.0
0.6063,41.418,41.418,396.257,396.257,6900.0
0.6064,41.948,41.948,396.894,396.894,6900.0
0.6065,41.854,41.854,397.558,397.558,6900.0
0.6066,42.169,42.169,398.206,398.206,6900.0
0.6067,42.292,42.292,398.879,398.879,6900.0
0.6068,41.991,41.991,399.552,399.552,6900.0
0.6069,42.108,42.108,400.216,400.216,6900.0
0.607,41.839,41.839,400.886,400.886,6900.0
0.6071,41.494,41.494,401.528,401.528,6900.0
0.6072,41.545,41.545,402.166,402.166,6900.0
0.6073,41.338,41.338,402.801,402.801,6900.0
0.6074,41.306,41.306,403.439,403.439,6900.0
0.6075,40.845,40.845,404.078,404.078,6900.0
0.6076,40.415,40.415,404.68,404.68,6900.0
0.6077,40.129,40.129,405.257,405.257,6900.0
0.6078,39.619,39.619,405.815,405.815,6900.0
0.6079,39.282,39.282,406.355,406.355,6900.0
0.608,38.654,38.654,406.873,406.873,6900.0
0.6081,38.177,38.177,407.347,407.347,6900.0
0.6082,37.635,37.635,407.786,407.786,6900.0
0.6083,37.014,37.014,408.193,408.193,6900.0
0.6084,36.472,36.472,408.579,408.579,6900.0
0.6085,35.795,35.795,408.942,408.942,6900.0
0.6086,35.152,35.152,409.27,409.27,6900.0
0.6087,34.247,34.247,409.564,409.564,6900.0
0.6088,33.552,33.552,409.818,409.818,6900.0
0.6089,32.708,32.708,410.036,410.036,6900.0
0.609,31.898,31.898,410.214,410.214,6900.0
0.6091,31.024,31.024,410.357,410.357,6900.0
0.6092,30.03,30.03,410.461,410.461,6900.0
0.6093,28.904,28.904,410.516,410.516,6900.0
0.6094,27.829,27.829,410.51,410.51,6900.0
0.6095,27.173,27.173,410.459,410.459,6900.0
0.6096,26.45,26.45,410.384,410.384,6900.0
0.6097,25.402,25.402,410.295,410.295,6900.0
0.6098,23.923,23.923,410.162,410.162,6900.0
0.6099,22.72,22.72,409.959,409.959,6900.0
0.61,21.8,21.8,409.712,409.712,6900.0
0.6101,21.315,21.315,409.437,409.437,6900.0
0.6102,20.359,20.359,409.156,409.156,6900.0
0.6103,18.754,18.754,408.844,408.844,6900.0
0.6104,17.412,17.412,408.477,408.477,6900.0
0.6105,16.284,16.284,408.075,408.075,6900.0
0.6106,15.396,15.396,407.639,407.639,6900.0
0.6107,14.413,14.413,407.185,407.185,6900.0
0.6108,12.994,12.994,406.705,406.705,6900.0
0.6109,11.475,11.475,406.187,406.187,6900.0
0.611,10.145,10.145,405.642,405.642,6900.0
0.6111,8.984,8.984,405.072,405.072,6900.0
0.6112,7.788,7.788,404.483,404.483,6900.0
0.6113,6.552,6.552,403.878,403.878,6900.0
0.6114,5.199,5.199,403.256,403.256,6900.0
0.6115,3.837,3.837,402.622,402.622,6900.0
0.6116,2.527,2.527,401.976,401.976,6900.0
0.6117,1.192,1.192,401.321,401.321,6900.0
0.6118,0.369,0.369,400.66,400.66,6900.0
0.6119,0.0,0.0,399.997,399.997,6900.0
0.612,-0.518,-0.518,399.333,399.333,6900.0
0.6121,-2.948,-2.948,398.668,398.668,6900.0
0.6122,-2.954,-2.954,398.011,398.011,6900.0
0.6123,-3.617,-3.617,397.356,397.356,6900.0
0.6124,-4.695,-4.695,396.705,396.705,6900.0
0.6125,-6.245,-6.245,396.062,396.062,6900.0
0.6126,-7.517,-7.517,395.433,395.433,6900.0
0.6127,-9.11,-9.11,394.824,394.824,6900.0
0.6128,-9.904,-9.904,394.238,394.238,6900.0
0.6129,-10.966,-10.966,393.655,393.655,6900.0
0.613,-12.54,-12.54,393.086,393.086,6900.0
0.6131,-14.069,-14.069,392.546,392.546,6900.0
0.6132,-15.598,-15.598,392.05,392.05,6900.0
0.6133,-16.76,-16.76,391.596,391.596,6900.0
0.6134,-17.856,-17.856,391.166,391.166,6900.0
0.6135,-19.107,-19.107,390.76,390.76,6900.0
0.6136,-20.483,-20.483,390.39,390.39,6900.0
0.6137,-21.728,-21.728,390.068,390.068,6900.0
0.6138,-22.931,-22.931,389.79,389.79,6900.0
0.6139,-24.013,-24.013,389.551,389.551,6900.0
0.614,-25.178,-25.178,389.347,389.347,6900.0
0.6141,-26.494,-26.494,389.181,389.181,6900.0
0.6142,-27.63,-27.63,389.06,389.06,6900.0
0.6143,-28.715,-28.715,388.984,388.984,6900.0
0.6144,-29.752,-29.752,388.956,388.956,6900.0
0.6145,-30.756,-30.756,388.976,388.976,6900.0
0.6146,-31.648,-31.648,389.038,389.038,6900.0
0.6147,-32.515,-32.515,389.135,389.135,6900.0
0.6148,-33.641,-33.641,389.276,389.276,6900.0
0.6149,-34.634,-34.634,389.47,389.47,6900.0
0.615,-35.433,-35.433,389.729,389.729,6900.0
0.6151,-36.099,-36.099,390.027,390.027,6900.0
0.6152,-36.685,-36.685,390.346,390.346,6900.0
0.6153,-37.511,-37.511,390.698,390.698,6900.0
0.6154,-38.298,-38.298,391.084,391.084,6900.0
0.6155,-39.044,-39.044,391.527,391.527,6900.0
0.6156,-39.267,-39.267,392.006,392.006,6900.0
0.6157,-39.708,-39.708,392.483,392.483,6900.0
0.6158,-40.192,-40.192,392.993,392.993,6900.0
0.6159,-40.596,-40.596,393.523,393.523,6900.0
0.616,-41.119,-41.119,394.096,394.096,6900.0
0.6161,-41.265,-41.265,394.703,394.703,6900.0
0.6162,-41.58,-41.58,395.308,395.308,6900.0
0.6163,-41.901,-41.901,395.942,395.942,6900.0
0.6164,-41.821,-41.821,396.587,396.587,6900.0
0.6165,-42.244,-42.244,397.241,397.241,6900.0
0.6166,-42.183,-42.183,397.92,397.92,6900.0
0.6167,-42.239,-42.239,398.586,398.586,6900.0
0.6168,-42.221,-42.221,399.268,399.268,6900.0
0.6169,-42.111,-42.111,399.939,399.939,6900.0
0.617,-42.393,-42.393,400.596,400.596,6900.0
0.6171,-42.089,-42.089,401.269,401.269,6900.0
0.6172,-41.902,-41.902,401.922,401.922,6900.0
0.6173,-41.646,-41.646,402.581,402.581,6900.0
0.6174,-41.173,-41.173,403.22,403.22,6900.0
0.6175,-41.106,-41.106,403.823,403.823,6900.0
0.6176,-40.815,-40.815,404.428,404.428,6900.0
0.6177,-40.576,-40.576,405.016,405.016,6900.0
0.6178,-40.133,-40.133,405.605,405.605,6900.0
0.6179,-39.427,-39.427,406.167,406.167,6900.0
0.618,-39.071,-39.071,406.678,406.678,6900.0
0.6181,-38.552,-38.552,407.168,407.168,6900.0
0.6182,-38.023,-38.023,407.626,407.626,6900.0
0.6183,-37.296,-37.296,408.062,408.062,6900.0
0.6184,-36.541,-36.541,408.459,408.459,6900.0
0.6185,-35.66,-35.66,408.813,408.813,6900.0
0.6186,-35.124,-35.124,409.125,409.125,6900.0
0.6187,-34.528,-34.528,409.408,409.408,6900.0
0.6188,-33.91,-33.91,409.664,409.664,6900.0
0.6189,-33.083,-33.083,409.891,409.891,6900.0
0.619,-32.225,-32.225,410.083,410.083,6900.0
0.6191,-31.089,-31.089,410.235,410.235,6900.0
0.6192,-29.905,-29.905,410.332,410.332,6900.0
0.6193,-29.035,-29.035,410.373,410.373,6900.0
0.6194,-28.507,-28.507,410.377,410.377,6900.0
0.6195,-27.642,-27.642,410.362,410.362,6900.0
0.6196,-26.332,-26.332,410.315,410.315,6900.0
0.6197,-25.058,-25.058,410.204,410.204,6900.0
0.6198,-24.211,-24.211,410.036,410.036,6900.0
0.6199,-23.476,-23.476,409.839,409.839,6900.0
0.62,-22.728,-22.728,409.628,409.628,6900.0
0.6201,-21.182,-21.182,409.404,409.404,6900.0
0.6202,-19.563,-19.563,409.122,409.122,6900.0
0.6203,-18.7,-18.7,408.784,408.784,6900.0
0.6204,-17.617,-17.617,408.414,408.414,6900.0
0.6205,-16.901,-16.901,408.013,408.013,6900.0
0.6206,-15.436,-15.436,407.593,407.593,6900.0
0.6207,-13.892,-13.892,407.132,407.132,6900.0
0.6208,-12.901,-12.901,406.632,406.632,6900.0
0.6209,-11.641,-11.641,406.11,406.11,6900.0
0.621,-10.538,-10.538,405.565,405.565,6900.0
0.6211,-9.298,-9.298,405.003,405.003,6900.0
0.6212,-7.999,-7.999,404.421,404.421,6900.0
0.6213,-6.691,-6.691,403.818,403.818,6900.0
0.6214,-5.184,-5.184,403.2,403.2,6900.0
0.6215,-3.721,-3.721,402.566,402.566,6900.0
0.6216,-2.757,-2.757,401.921,401.921,6900.0
0.6217,-1.54,-1.54,401.267,401.267,6900.0
0.6218,-0.225,-0.225,400.607,400.607,6900.0
0.6219,0.0,0.0,399.944,399.944,6900.0
0.622,1.018,1.018,399.28,399.28,6900.0
0.6221,1.222,1.222,398.617,398.617,6900.0
0.6222,2.035,2.035,397.954,397.954,6900.0
0.6223,3.418,3.418,397.294,397.294,6900.0
0.6224,4.494,4.494,396.642,396.642,6900.0
0.6225,6.067,6.067,395.998,395.998,6900.0
0.6226,7.324,7.324,395.371,395.371,6900.0
0.6227,8.419,8.419,394.755,394.755,6900.0
0.6228,9.787,9.787,394.146,394.146,6900.0
0.6229,11.295,11.295,393.557,393.557,6900.0
0.623,13.021,13.021,392.997,392.997,6900.0
0.6231,14.322,14.322,392.482,392.482,6900.0
0.6232,15.251,15.251,391.993,391.993,6900.0
0.6233,16.633,16.633,391.517,391.517,6900.0
0.6234,18.072,18.072,391.072,391.072,6900.0
0.6235,19.587,19.587,390.67,390.67,6900.0
0.6236,20.74,20.74,390.32,390.32,6900.0
0.6237,21.614,21.614,390.01,390.01,6900.0
0.6238,22.758,22.758,389.726,389.726,6900.0
0.6239,23.964,23.964,389.476,389.476,6900.0
0.624,24.98,24.98,389.27,389.27,6900.0
0.6241,26.437,26.437,389.101,389.101,6900.0
0.6242,27.645,27.645,388.984,388.984,6900.0
0.6243,28.58,28.58,388.917,388.917,6900.0
0.6244,29.328,29.328,388.891,388.891,6900.0
0.6245,30.175,30.175,388.897,388.897,6900.0
0.6246,31.228,31.228,388.935,388.935,6900.0
0.6247,32.351,32.351,389.021,389.021,6900.0
0.6248,33.363,33.363,389.168,389.168,6900.0
0.6249,34.247,34.247,389.369,389.369,6900.0
0.625,34.993,34.993,389.604,389.604,6900.0
0.6251,35.938,35.938,389.868,389.868,6900.0
0.6252,36.711,36.711,390.179,390.179,6900.0
0.6253,37.823,37.823,390.537,390.537,6900.0
0.6254,38.426,38.426,390.956,390.956,6900.0
0.6255,38.802,38.802,391.397,391.397,6900.0
0.6256,39.486,39.486,391.851,391.851,6900.0
0.6257,39.89,39.89,392.34,392.34,6900.0
0.6258,40.492,40.492,392.857,392.857,6900.0
0.6259,40.8,40.8,393.421,393.421,6900.0
0.626,40.73,40.73,393.998,393.998,6900.0
0.6261,41.295,41.295,394.575,394.575,6900.0
0.6262,41.514,41.514,395.184,395.184,6900.0
0.6263,41.901,41.901,395.802,395.802,6900.0
0.6264,42.232,42.232,396.46,396.46,6900.0
0.6265,42.24,42.24,397.127,397.127,6900.0
0.6266,42.318,42.318,397.8,397.8,6900.0
0.6267,42.168,42.168,398.481,398.481,6900.0
0.6268,42.234,42.234,399.141,399.141,6900.0
0.6269,42.384,42.384,399.815,399.815,6900.0
0.627,42.228,42.228,400.487,400.487,6900.0
0.6271,42.288,42.288,401.158,401.158,6900.0
0.6272,41.906,41.906,401.833,401.833,6900.0
0.6273,41.643,41.643,402.474,402.474,6900.0
0.6274,41.442,41.442,403.107,403.107,6900.0
0.6275,41.243,41.243,403.726,403.726,6900.0
0.6276,41.097,41.097,404.345,404.345,6900.0
0.6277,40.552,40.552,404.957,404.957,6900.0
0.6278,39.949,39.949,405.533,405.533,6900.0
0.6279,39.551,39.551,406.073,406.073,6900.0
0.628,39.022,39.022,406.59,406.59,6900.0
0.6281,38.633,38.633,407.089,407.089,6900.0
0.6282,37.922,37.922,407.563,407.563,6900.0
0.6283,37.26,37.26,407.993,407.993,6900.0
0.6284,36.615,36.615,408.381,408.381,6900.0
0.6285,36.201,36.201,408.733,408.733,6900.0
0.6286,35.37,35.37,409.067,409.067,6900.0
0.6287,34.599,34.599,409.366,409.366,6900.0
0.6288,33.858,33.858,409.629,409.629,6900.0
0.6289,33.075,33.075,409.855,409.855,6900.0
0.629,32.158,32.158,410.041,410.041,6900.0
0.6291,31.275,31.275,410.181,410.181,6900.0
0.6292,30.474,30.474,410.279,410.279,6900.0
0.6293,29.576,29.576,410.345,410.345,6900.0
0.6294,28.318,28.318,410.382,410.382,6900.0
0.6295,27.203,27.203,410.363,410.363,6900.0
0.6296,26.267,26.267,410.285,410.285,6900.0
0.6297,25.342,25.342,410.167,410.167,6900.0
0.6298,24.472,24.472,410.023,410.023,6900.0
0.6299,23.53,23.53,409.864,409.864,6900.0
0.63,21.939,21.939,409.667,409.667,6900.0
0.6301,20.82,20.82,409.4,409.4,6900.0
0.6302,19.856,19.856,409.09,409.09,6900.0
0.6303,18.931,18.931,408.745,408.745,6900.0
0.6304,17.889,17.889,408.383,408.383,6900.0
0.6305,16.602,16.602,407.989,407.989,6900.0
0.6306,15.483,15.483,407.553,407.553,6900.0
0.6307,14.284,14.284,407.09,407.09,6900.0
0.6308,13.177,13.177,406.599,406.599,6900.0
0.6309,12.207,12.207,406.091,406.091,6900.0
0.631,10.604,10.604,405.564,405.564,6900.0
0.6311,9.19,9.19,405.006,405.006,6900.0
0.6312,7.931,7.931,404.424,404.424,6900.0
0.6313,6.544,6.544,403.822,403.822,6900.0
0.6314,5.176,5.176,403.202,403.202,6900.0
0.6315,3.861,3.861,402.567,402.567,6900.0
0.6316,2.465,2.465,401.921,401.921,6900.0
0.6317,1.117,1.117,401.265,401.265,6900.0
0.6318,1.154,1.154,400.604,400.604,6900.0
0.6319,0.0,0.0,399.941,399.941,6900.0
0.632,-0.884,-0.884,399.277,399.277,6900.0
0.6321,-1.829,-1.829,398.613,398.613,6900.0
0.6322,-2.551,-2.551,397.951,397.951,6900.0
0.6323,-3.719,-3.719,397.291,397.291,6900.0
0.6324,-4.976,-4.976,396.64,396.64,6900.0
0.6325,-6.124,-6.124,395.999,395.999,6900.0
0.6326,-7.13,-7.13,395.364,395.364,6900.0
0.6327,-8.794,-8.794,394.74,394.74,6900.0
0.6328,-10.243,-10.243,394.138,394.138,6900.0
0.6329,-11.77,-11.77,393.566,393.566,6900.0
0.633,-12.755,-12.755,393.027,393.027,6900.0
0.6331,-13.577,-13.577,392.499,392.499,6900.0
0.6332,-15.164,-15.164,391.986,391.986,6900.0
0.6333,-16.594,-16.594,391.509,391.509,6900.0
0.6334,-17.984,-17.984,391.078,391.078,6900.0
0.6335,-18.982,-18.982,390.691,390.691,6900.0
0.6336,-19.975,-19.975,390.329,390.329,6900.0
0.6337,-21.283,-21.283,389.99,389.99,6900.0
0.6338,-22.844,-22.844,389.687,389.687,6900.0
0.6339,-24.284,-24.284,389.433,389.433,6900.0
0.634,-25.403,-25.403,389.228,389.228,6900.0
0.6341,-26.566,-26.566,389.065,389.065,6900.0
0.6342,-27.773,-27.773,388.947,388.947,6900.0
0.6343,-28.773,-28.773,388.874,388.874,6900.0
0.6344,-29.905,-29.905,388.841,388.841,6900.0
0.6345,-31.071,-31.071,388.858,388.858,6900.0
0.6346,-32.132,-32.132,388.93,388.93,6900.0
0.6347,-32.985,-32.985,389.06,389.06,6900.0
0.6348,-33.81,-33.81,389.228,389.228,6900.0
0.6349,-34.596,-34.596,389.425,389.425,6900.0
0.635,-35.489,-35.489,389.662,389.662,6900.0
0.6351,-36.448,-36.448,389.939,389.939,6900.0
0.6352,-37.31,-37.31,390.276,390.276,6900.0
0.6353,-37.774,-37.774,390.654,390.654,6900.0
0.6354,-38.36,-38.36,391.041,391.041,6900.0
0.6355,-39.213,-39.213,391.462,391.462,6900.0
0.6356,-39.711,-39.711,391.923,391.923,6900.0
0.6357,-40.402,-40.402,392.433,392.433,6900.0
0.6358,-40.807,-40.807,392.983,392.983,6900.0
0.6359,-41.195,-41.195,393.542,393.542,6900.0
0.636,-41.651,-41.651,394.131,394.131,6900.0
0.6361,-41.827,-41.827,394.738,394.738,6900.0
0.6362,-42.254,-42.254,395.372,395.372,6900.0
0.6363,-42.351,-42.351,396.033,396.033,6900.0
0.6364,-42.423,-42.423,396.686,396.686,6900.0
0.6365,-42.611,-42.611,397.355,397.355,6900.0
0.6366,-42.495,-42.495,398.025,398.025,6900.0
0.6367,-42.764,-42.764,398.694,398.694,6900.0
0.6368,-42.698,-42.698,399.384,399.384,6900.0
0.6369,-42.666,-42.666,400.065,400.065,6900.0
0.637,-42.576,-42.576,400.761,400.761,6900.0
0.6371,-42.19,-42.19,401.449,401.449,6900.0
0.6372,-42.231,-42.231,402.11,402.11,6900.0
0.6373,-42.073,-42.073,402.775,402.775,6900.0
0.6374,-41.96,-41.96,403.425,403.425,6900.0
0.6375,-41.532,-41.532,404.077,404.077,6900.0
0.6376,-40.999,-40.999,404.699,404.699,6900.0
0.6377,-40.735,-40.735,405.277,405.277,6900.0
0.6378,-40.342,-40.342,405.843,405.843,6900.0
0.6379,-40.043,-40.043,406.389,406.389,6900.0
0.638,-39.464,-39.464,406.932,406.932,6900.0
0.6381,-38.675,-38.675,407.444,407.444,6900.0
0.6382,-37.994,-37.994,407.909,407.909,6900.0
0.6383,-37.48,-37.48,408.34,408.34,6900.0
0.6384,-36.985,-36.985,408.742,408.742,6900.0
0.6385,-36.232,-36.232,409.123,409.123,6900.0
0.6386,-35.346,-35.346,409.467,409.467,6900.0
0.6387,-34.552,-34.552,409.764,409.764,6900.0
0.6388,-33.891,-33.891,410.018,410.018,6900.0
0.6389,-33.121,-33.121,410.238,410.238,6900.0
0.639,-32.347,-32.347,410.418,410.418,6900.0
0.6391,-31.317,-31.317,410.565,410.565,6900.0
0.6392,-30.536,-30.536,410.675,410.675,6900.0
0.6393,-29.516,-29.516,410.747,410.747,6900.0
0.6394,-28.267,-28.267,410.767,410.767,6900.0
0.6395,-27.346,-27.346,410.732,410.732,6900.0
0.6396,-26.467,-26.467,410.663,410.663,6900.0
0.6397,-25.561,-25.561,410.571,410.571,6900.0
0.6398,-24.427,-24.427,410.452,410.452,6900.0
0.6399,-23.132,-23.132,410.272,410.272,6900.0
0.64,-22.284,-22.284,410.033,410.033,6900.0
0.6401,-21.485,-21.485,409.76,409.76,6900.0
0.6402,-20.703,-20.703,409.468,409.468,6900.0
0.6403,-19.291,-19.291,409.161,409.161,6900.0
0.6404,-17.675,-17.675,408.807,408.807,6900.0
0.6405,-16.793,-16.793,408.405,408.405,6900.0
0.6406,-15.45,-15.45,407.978,407.978,6900.0
0.6407,-14.631,-14.631,407.523,407.523,6900.0
0.6408,-13.308,-13.308,407.05,407.05,6900.0
0.6409,-11.786,-11.786,406.546,406.546,6900.0
0.641,-10.651,-10.651,406.007,406.007,6900.0
0.6411,-9.183,-9.183,405.446,405.446,6900.0
0.6412,-7.833,-7.833,404.861,404.861,6900.0
0.6413,-6.803,-6.803,404.257,404.257,6900.0
0.6414,-5.569,-5.569,403.638,403.638,6900.0
0.6415,-4.061,-4.061,403.006,403.006,6900.0
0.6416,-2.836,-2.836,402.361,402.361,6900.0
0.6417,-1.445,-1.445,401.708,401.708,6900.0
0.6418,-0.352,-0.352,401.048,401.048,6900.0
0.6419,-0.0,-0.0,400.386,400.386,6900.0
0.642,0.334,0.334,399.722,399.722,6900.0
0.6421,1.197,1.197,399.059,399.059,6900.0
0.6422,2.773,2.773,398.397,398.397,6900.0
0.6423,3.219,3.219,397.741,397.741,6900.0
0.6424,4.318,4.318,397.088,397.088,6900.0
0.6425,5.671,5.671,396.442,396.442,6900.0
0.6426,7.085,7.085,395.809,395.809,6900.0
0.6427,8.784,8.784,395.193,395.193,6900.0
0.6428,9.994,9.994,394.604,394.604,6900.0
0.6429,10.939,10.939,394.029,394.029,6900.0
0.643,12.585,12.585,393.462,393.462,6900.0
0.6431,14.188,14.188,392.921,392.921,6900.0
0.6432,15.912,15.912,392.421,392.421,6900.0
0.6433,17.087,17.087,391.974,391.974,6900.0
0.6434,17.913,17.913,391.559,391.559,6900.0
0.6435,19.037,19.037,391.158,391.158,6900.0
0.6436,20.595,20.595,390.785,390.785,6900.0
0.6437,22.142,22.142,390.456,390.456,6900.0
0.6438,23.184,23.184,390.178,390.178,6900.0
0.6439,24.003,24.003,389.937,389.937,6900.0
0.644,25.242,25.242,389.724,389.724,6900.0
0.6441,26.409,26.409,389.554,389.554,6900.0
0.6442,27.615,27.615,389.428,389.428,6900.0
0.6443,28.892,28.892,389.348,389.348,6900.0
0.6444,29.734,29.734,389.323,389.323,6900.0
0.6445,30.725,30.725,389.348,389.348,6900.0
0.6446,31.349,31.349,389.42,389.42,6900.0
0.6447,32.108,32.108,389.521,389.521,6900.0
0.6448,33.166,33.166,389.649,389.649,6900.0
0.6449,34.032,34.032,389.826,389.826,6900.0
0.645,35.051,35.051,390.054,390.054,6900.0
0.6451,35.72,35.72,390.335,390.335,6900.0
0.6452,36.508,36.508,390.639,390.639,6900.0
0.6453,37.335,37.335,390.971,390.971,6900.0
0.6454,37.909,37.909,391.348,391.348,6900.0
0.6455,38.721,38.721,391.766,391.766,6900.0
0.6456,39.238,39.238,392.241,392.241,6900.0
0.6457,39.626,39.626,392.738,392.738,6900.0
0.6458,40.274,40.274,393.249,393.249,6900.0
0.6459,40.611,40.611,393.796,393.796,6900.0
0.646,41.159,41.159,394.36,394.36,6900.0
0.6461,41.309,41.309,394.969,394.969,6900.0
0.6462,41.193,41.193,395.58,395.58,6900.0
0.6463,41.688,41.688,396.186,396.186,6900.0
0.6464,41.781,41.781,396.817,396.817,6900.0
0.6465,42.058,42.058,397.445,397.445,6900.0
0.6466,42.207,42.207,398.108,398.108,6900.0
0.6467,42.102,42.102,398.775,398.775,6900.0
0.6468,42.358,42.358,399.444,399.444,6900.0
0.6469,42.334,42.334,400.131,400.131,6900.0
0.647,42.157,42.157,400.804,400.804,6900.0
0.6471,42.08,42.08,401.481,401.481,6900.0
0.6472,41.744,41.744,402.147,402.147,6900.0
0.6473,41.835,41.835,402.802,402.802,6900.0
0.6474,41.397,41.397,403.455,403.455,6900.0
0.6475,41.026,41.026,404.069,404.069,6900.0
0.6476,40.831,40.831,404.663,404.663,6900.0
0.6477,40.459,40.459,405.24,405.24,6900.0
0.6478,40.14,40.14,405.809,405.809,6900.0
0.6479,39.714,39.714,406.363,406.363,6900.0
0.648,38.976,38.976,406.886,406.886,6900.0
0.6481,38.545,38.545,407.369,407.369,6900.0
0.6482,38.046,38.046,407.83,407.83,6900.0
0.6483,37.496,37.496,408.273,408.273,6900.0
0.6484,36.78,36.78,408.688,408.688,6900.0
0.6485,36.061,36.061,409.063,409.063,6900.0
0.6486,35.327,35.327,409.394,409.394,6900.0
0.6487,34.658,34.658,409.685,409.685,6900.0
0.6488,33.908,33.908,409.943,409.943,6900.0
0.6489,33.162,33.162,410.164,410.164,6900.0
0.649,32.356,32.356,410.352,410.352,6900.0
0.6491,31.406,31.406,410.505,410.505,6900.0
0.6492,30.312,30.312,410.614,410.614,6900.0
0.6493,29.294,29.294,410.667,410.667,6900.0
0.6494,28.449,28.449,410.676,410.676,6900.0
0.6495,27.716,27.716,410.656,410.656,6900.0
0.6496,26.562,26.562,410.618,410.618,6900.0
0.6497,25.307,25.307,410.529,410.529,6900.0
0.6498,24.314,24.314,410.374,410.374,6900.0
0.6499,23.594,23.594,410.176,410.176,6900.0
0.65,22.748,22.748,409.956,409.956,6900.0
0.6501,21.793,21.793,409.725,409.725,6900.0
0.6502,20.286,20.286,409.461,409.461,6900.0
0.6503,19.022,19.022,409.137,409.137,6900.0
0.6504,17.778,17.778,408.775,408.775,6900.0
0.6505,16.669,16.669,408.375,408.375,6900.0
0.6506,15.534,15.534,407.955,407.955,6900.0
0.6507,14.183,14.183,407.504,407.504,6900.0
0.6508,13.034,13.034,407.013,407.013,6900.0
0.6509,11.967,11.967,406.495,406.495,6900.0
0.651,10.569,10.569,405.953,405.953,6900.0
0.6511,9.386,9.386,405.391,405.391,6900.0
0.6512,7.907,7.907,404.81,404.81,6900.0
0.6513,6.421,6.421,404.207,404.207,6900.0
0.6514,5.122,5.122,403.588,403.588,6900.0
0.6515,3.757,3.757,402.955,402.955,6900.0
0.6516,2.496,2.496,402.31,402.31,6900.0
0.6517,1.211,1.211,401.657,401.657,6900.0
0.6518,0.475,0.475,400.997,400.997,6900.0
0.6519,0.32,0.32,400.335,400.335,6900.0
0.652,0.0,0.0,399.671,399.671,6900.0
0.6521,-1.913,-1.913,399.008,399.008,6900.0
0.6522,-2.61,-2.61,398.348,398.348,6900.0
0.6523,-3.486,-3.486,397.69,397.69,6900.0
0.6524,-4.779,-4.779,397.038,397.038,6900.0
0.6525,-5.907,-5.907,396.396,396.396,6900.0
0.6526,-7.39,-7.39,395.768,395.768,6900.0
0.6527,-8.49,-8.49,395.156,395.156,6900.0
0.6528,-9.588,-9.588,394.552,394.552,6900.0
0.6529,-11.346,-11.346,393.959,393.959,6900.0
0.653,-12.745,-12.745,393.393,393.393,6900.0
0.6531,-14.299,-14.299,392.865,392.865,6900.0
0.6532,-15.26,-15.26,392.377,392.377,6900.0
0.6533,-16.241,-16.241,391.905,391.905,6900.0
0.6534,-17.73,-17.73,391.454,391.454,6900.0
0.6535,-19.168,-19.168,391.044,391.044,6900.0
0.6536,-20.697,-20.697,390.682,390.682,6900.0
0.6537,-21.955,-21.955,390.371,390.371,6900.0
0.6538,-22.757,-22.757,390.097,390.097,6900.0
0.6539,-23.873,-23.873,389.847,389.847,6900.0
0.654,-24.943,-24.943,389.635,389.635,6900.0
0.6541,-26.152,-26.152,389.462,389.462,6900.0
0.6542,-27.149,-27.149,389.334,389.334,6900.0
0.6543,-28.437,-28.437,389.246,389.246,6900.0
0.6544,-29.58,-29.58,389.211,389.211,6900.0
0.6545,-30.546,-30.546,389.222,389.222,6900.0
0.6546,-31.484,-31.484,389.27,389.27,6900.0
0.6547,-32.71,-32.71,389.362,389.362,6900.0
0.6548,-33.825,-33.825,389.509,389.509,6900.0
0.6549,-34.688,-34.688,389.72,389.72,6900.0
0.655,-35.403,-35.403,389.973,389.973,6900.0
0.6551,-35.993,-35.993,390.25,390.25,6900.0
0.6552,-36.81,-36.81,390.562,390.562,6900.0
0.6553,-37.63,-37.63,390.912,390.912,6900.0
0.6554,-38.327,-38.327,391.321,391.321,6900.0
0.6555,-38.834,-38.834,391.764,391.764,6900.0
0.6556,-39.296,-39.296,392.217,392.217,6900.0
0.6557,-39.906,-39.906,392.7,392.7,6900.0
0.6558,-40.507,-40.507,393.204,393.204,6900.0
0.6559,-41.224,-41.224,393.759,393.759,6900.0
0.656,-41.355,-41.355,394.354,394.354,6900.0
0.6561,-41.476,-41.476,394.949,394.949,6900.0
0.6562,-41.818,-41.818,395.566,395.566,6900.0
0.6563,-42.011,-42.011,396.195,396.195,6900.0
0.6564,-42.27,-42.27,396.849,396.849,6900.0
0.6565,-42.272,-42.272,397.523,397.523,6900.0
0.6566,-42.265,-42.265,398.188,398.188,6900.0
0.6567,-42.358,-42.358,398.867,398.867,6900.0
0.6568,-42.127,-42.127,399.54,399.54,6900.0
0.6569,-42.416,-42.416,400.2,400.2,6900.0
0.657,-42.182,-42.182,400.878,400.878,6900.0
0.6571,-42.133,-42.133,401.537,401.537,6900.0
0.6572,-41.971,-41.971,402.209,402.209,6900.0
0.6573,-41.601,-41.601,402.865,402.865,6900.0
0.6574,-41.711,-41.711,403.489,403.489,6900.0
0.6575,-41.376,-41.376,404.121,404.121,6900.0
0.6576,-41.159,-41.159,404.732,404.732,6900.0
0.6577,-40.836,-40.836,405.341,405.341,6900.0
0.6578,-40.252,-40.252,405.925,405.925,6900.0
0.6579,-39.892,-39.892,406.465,406.465,6900.0
0.658,-39.304,-39.304,406.99,406.99,6900.0
0.6581,-38.814,-38.814,407.488,407.488,6900.0
0.6582,-38.13,-38.13,407.971,407.971,6900.0
0.6583,-37.34,-37.34,408.417,408.417,6900.0
0.6584,-36.717,-36.717,408.817,408.817,6900.0
0.6585,-36.037,-36.037,409.182,409.182,6900.0
0.6586,-35.526,-35.526,409.51,409.51,6900.0
0.6587,-34.764,-34.764,409.813,409.813,6900.0
0.6588,-33.96,-33.96,410.079,410.079,6900.0
0.6589,-33.067,-33.067,410.305,410.305,6900.0
0.659,-32.081,-32.081,410.489,410.489,6900.0
0.6591,-31.175,-31.175,410.626,410.626,6900.0
0.6592,-30.402,-30.402,410.718,410.718,6900.0
0.6593,-29.479,-29.479,410.779,410.779,6900.0
0.6594,-28.604,-28.604,410.81,410.81,6900.0
0.6595,-27.457,-27.457,410.807,410.807,6900.0
0.6596,-26.14,-26.14,410.749,410.749,6900.0
0.6597,-25.297,-25.297,410.631,410.631,6900.0
0.6598,-24.537,-24.537,410.481,410.481,6900.0
0.6599,-23.692,-23.692,410.315,410.315,6900.0
0.66,-22.265,-22.265,410.129,410.129,6900.0
0.6601,-21.077,-21.077,409.88,409.88,6900.0
0.6602,-20.059,-20.059,409.577,409.577,6900.0
0.6603,-19.017,-19.017,409.237,409.237,6900.0
0.6604,-18.215,-18.215,408.869,408.869,6900.0
0.6605,-16.948,-16.948,408.482,408.482,6900.0
0.6606,-15.452,-15.452,408.057,408.057,6900.0
0.6607,-14.449,-14.449,407.592,407.592,6900.0
0.6608,-13.242,-13.242,407.105,407.105,6900.0
0.6609,-12.289,-12.289,406.595,406.595,6900.0
0.661,-10.939,-10.939,406.069,406.069,6900.0
0.6611,-9.435,-9.435,405.518,405.518,6900.0
0.6612,-8.173,-8.173,404.941,404.941,6900.0
0.6613,-6.807,-6.807,404.344,404.344,6900.0
0.6614,-5.318,-5.318,403.727,403.727,6900.0
0.6615,-4.013,-4.013,403.095,403.095,6900.0
0.6616,-3.036,-3.036,402.45,402.45,6900.0
0.6617,-1.667,-1.667,401.798,401.798,6900.0
0.6618,-0.325,-0.325,401.139,401.139,6900.0
0.6619,-0.283,-0.283,400.477,400.477,6900.0
0.662,-0.0,-0.0,399.813,399.813,6900.0
0.6621,1.341,1.341,399.15,399.15,6900.0
0.6622,3.455,3.455,398.486,398.486,6900.0
0.6623,3.158,3.158,397.831,397.831,6900.0
0.6624,4.337,4.337,397.176,397.176,6900.0
0.6625,5.365,5.365,396.532,396.532,6900.0
0.6626,6.668,6.668,395.895,395.895,6900.0
0.6627,8.31,8.31,395.267,395.267,6900.0
0.6628,9.701,9.701,394.659,394.659,6900.0
0.6629,11.221,11.221,394.076,394.076,6900.0
0.663,12.647,12.647,393.53,393.53,6900.0
0.6631,13.59,13.59,393.009,393.009,6900.0
0.6632,14.93,14.93,392.499,392.499,6900.0
0.6633,16.434,16.434,392.016,392.016,6900.0
0.6634,17.829,17.829,391.577,391.577,6900.0
0.6635,19.037,19.037,391.187,391.187,6900.0
0.6636,20.122,20.122,390.832,390.832,6900.0
0.6637,21.277,21.277,390.499,390.499,6900.0
0.6638,22.589,22.589,390.197,390.197,6900.0
0.6639,23.941,23.941,389.935,389.935,6900.0
0.664,25.036,25.036,389.721,389.721,6900.0
0.6641,26.059,26.059,389.549,389.549,6900.0
0.6642,27.201,27.201,389.418,389.418,6900.0
0.6643,28.256,28.256,389.333,389.333,6900.0
0.6644,29.384,29.384,389.293,389.293,6900.0
0.6645,30.383,30.383,389.298,389.298,6900.0
0.6646,31.17,31.17,389.353,389.353,6900.0
0.6647,32.196,32.196,389.458,389.458,6900.0
0.6648,33.11,33.11,389.611,389.611,6900.0
0.6649,33.839,33.839,389.8,389.8,6900.0
0.665,34.889,34.889,390.01,390.01,6900.0
0.6651,35.536,35.536,390.266,390.266,6900.0
0.6652,36.428,36.428,390.565,390.565,6900.0
0.6653,37.075,37.075,390.913,390.913,6900.0
0.6654,37.586,37.586,391.284,391.284,6900.0
0.6655,38.467,38.467,391.675,391.675,6900.0
0.6656,39.127,39.127,392.114,392.114,6900.0
0.6657,39.969,39.969,392.596,392.596,6900.0
0.6658,40.421,40.421,393.142,393.142,6900.0
0.6659,40.686,40.686,393.707,393.707,6900.0
0.666,41.201,41.201,394.284,394.284,6900.0
0.6661,41.421,41.421,394.889,394.889,6900.0
0.6662,41.7,41.7,395.501,395.501,6900.0
0.6663,41.855,41.855,396.142,396.142,6900.0
0.6664,41.89,41.89,396.78,396.78,6900.0
0.6665,42.241,42.241,397.416,397.416,6900.0
0.6666,42.208,42.208,398.071,398.071,6900.0
0.6667,42.356,42.356,398.714,398.714,6900.0
0.6668,42.428,42.428,399.385,399.385,6900.0
0.6669,42.268,42.268,400.057,400.057,6900.0
0.667,42.28,42.28,400.739,400.739,6900.0
0.6671,42.036,42.036,401.429,401.429,6900.0
0.6672,41.779,41.779,402.094,402.094,6900.0
0.6673,41.713,41.713,402.755,402.755,6900.0
0.6674,41.417,41.417,403.402,403.402,6900.0
0.6675,41.332,41.332,404.037,404.037,6900.0
0.6676,40.701,40.701,404.662,404.662,6900.0
0.6677,40.128,40.128,405.238,405.238,6900.0
0.6678,40.026,40.026,405.778,405.778,6900.0
0.6679,39.499,39.499,406.306,406.306,6900.0
0.668,39.338,39.338,406.819,406.819,6900.0
0.6681,38.683,38.683,407.324,407.324,6900.0
0.6682,38.023,38.023,407.792,407.792,6900.0
0.6683,37.422,37.422,408.225,408.225,6900.0
0.6684,36.785,36.785,408.63,408.63,6900.0
0.6685,36.139,36.139,409.01,409.01,6900.0
0.6686,35.314,35.314,409.359,409.359,6900.0
0.6687,34.477,34.477,409.667,409.667,6900.0
0.6688,33.763,33.763,409.929,409.929,6900.0
0.6689,32.822,32.822,410.15,410.15,6900.0
0.669,31.926,31.926,410.323,410.323,6900.0
0.6691,31.111,31.111,410.454,410.454,6900.0
0.6692,30.31,30.31,410.551,410.551,6900.0
0.6693,29.458,29.458,410.616,410.616,6900.0
0.6694,28.409,28.409,410.641,410.641,6900.0
0.6695,27.562,27.562,410.609,410.609,6900.0
0.6696,26.582,26.582,410.542,410.542,6900.0
0.6697,25.713,25.713,410.448,410.448,6900.0
0.6698,24.614,24.614,410.337,410.337,6900.0
0.6699,23.266,23.266,410.18,410.18,6900.0
0.67,22.079,22.079,409.952,409.952,6900.0
0.6701,21.155,21.155,409.677,409.677,6900.0
0.6702,20.251,20.251,409.372,409.372,6900.0
0.6703,19.384,19.384,409.05,409.05,6900.0
0.6704,18.043,18.043,408.701,408.701,6900.0
0.6705,16.877,16.877,408.304,408.304,6900.0
0.6706,15.64,15.64,407.879,407.879,6900.0
0.6707,14.594,14.594,407.423,407.423,6900.0
0.6708,13.42,13.42,406.951,406.951,6900.0
0.6709,12.014,12.014,406.452,406.452,6900.0
0.671,10.489,10.489,405.92,405.92,6900.0
0.6711,9.371,9.371,405.36,405.36,6900.0
0.6712,8.026,8.026,404.777,404.777,6900.0
0.6713,6.761,6.761,404.176,404.176,6900.0
0.6714,5.268,5.268,403.558,403.558,6900.0
0.6715,3.983,3.983,402.924,402.924,6900.0
0.6716,2.634,2.634,402.278,402.278,6900.0
0.6717,1.403,1.403,401.624,401.624,6900.0
0.6718,0.177,0.177,400.965,400.965,6900.0
0.6719,0.0,0.0,400.302,400.302,6900.0
0.672,0.0,0.0,399.639,399.639,6900.0
0.6721,-1.886,-1.886,398.974,398.974,6900.0
0.6722,-2.303,-2.303,398.312,398.312,6900.0
0.6723,-3.596,-3.596,397.653,397.653,6900.0
0.6724,-4.668,-4.668,397.002,397.002,6900.0
0.6725,-6.026,-6.026,396.357,396.357,6900.0
0.6726,-7.267,-7.267,395.724,395.724,6900.0
0.6727,-8.642,-8.642,395.106,395.106,6900.0
0.6728,-9.988,-9.988,394.512,394.512,6900.0
0.6729,-10.899,-10.899,393.942,393.942,6900.0
0.673,-12.06,-12.06,393.379,393.379,6900.0
0.6731,-13.518,-13.518,392.833,392.833,6900.0
0.6732,-15.114,-15.114,392.317,392.317,6900.0
0.6733,-16.662,-16.662,391.849,391.849,6900.0
0.6734,-17.627,-17.627,391.427,391.427,6900.0
0.6735,-18.473,-18.473,391.026,391.026,6900.0
0.6736,-19.957,-19.957,390.644,390.644,6900.0
0.6737,-21.337,-21.337,390.302,390.302,6900.0
0.6738,-22.865,-22.865,390.004,390.004,6900.0
0.6739,-23.934,-23.934,389.755,389.755,6900.0
0.674,-25.108,-25.108,389.541,389.541,6900.0
0.6741,-26.194,-26.194,389.366,389.366,6900.0
0.6742,-27.196,-27.196,389.231,389.231,6900.0
0.6743,-28.342,-28.342,389.136,389.136,6900.0
0.6744,-29.676,-29.676,389.091,389.091,6900.0
0.6745,-30.671,-30.671,389.105,389.105,6900.0
0.6746,-31.671,-31.671,389.174,389.174,6900.0
0.6747,-32.448,-32.448,389.287,389.287,6900.0
0.6748,-33.286,-33.286,389.429,389.429,6900.0
0.6749,-34.27,-34.27,389.613,389.613,6900.0
0.675,-35.28,-35.28,389.838,389.838,6900.0
0.6751,-35.901,-35.901,390.125,390.125,6900.0
0.6752,-36.443,-36.443,390.442,390.442,6900.0
0.6753,-37.103,-37.103,390.77,390.77,6900.0
0.6754,-38.071,-38.071,391.134,391.134,6900.0
0.6755,-38.925,-38.925,391.54,391.54,6900.0
0.6756,-39.426,-39.426,392.013,392.013,6900.0
0.6757,-39.841,-39.841,392.517,392.517,6900.0
0.6758,-40.353,-40.353,393.03,393.03,6900.0
0.6759,-40.807,-40.807,393.581,393.581,6900.0
0.676,-41.16,-41.16,394.151,394.151,6900.0
0.6761,-41.56,-41.56,394.756,394.756,6900.0
0.6762,-41.693,-41.693,395.388,395.388,6900.0
0.6763,-41.922,-41.922,396.012,396.012,6900.0
0.6764,-42.274,-42.274,396.657,396.657,6900.0
0.6765,-42.326,-42.326,397.308,397.308,6900.0
0.6766,-42.574,-42.574,397.969,397.969,6900.0
0.6767,-42.469,-42.469,398.65,398.65,6900.0
0.6768,-42.581,-42.581,399.317,399.317,6900.0
0.6769,-42.555,-42.555,400.006,400.006,6900.0
0.677,-42.308,-42.308,400.686,400.686,6900.0
0.6771,-42.519,-42.519,401.35,401.35,6900.0
0.6772,-42.256,-42.256,402.032,402.032,6900.0
0.6773,-42.056,-42.056,402.699,402.699,6900.0
0.6774,-41.794,-41.794,403.369,403.369,6900.0
0.6775,-41.16,-41.16,404.017,404.017,6900.0
0.6776,-40.851,-40.851,404.62,404.62,6900.0
0.6777,-40.317,-40.317,405.209,405.209,6900.0
0.6778,-40.052,-40.052,405.767,405.767,6900.0
0.6779,-39.613,-39.613,406.317,406.317,6900.0
0.678,-39.008,-39.008,406.836,406.836,6900.0
0.6781,-38.585,-38.585,407.311,407.311,6900.0
0.6782,-38.165,-38.165,407.765,407.765,6900.0
0.6783,-37.675,-37.675,408.2,408.2,6900.0
0.6784,-36.98,-36.98,408.617,408.617,6900.0
0.6785,-36.294,-36.294,409.003,409.003,6900.0
0.6786,-35.431,-35.431,409.35,409.35,6900.0
0.6787,-34.481,-34.481,409.657,409.657,6900.0
0.6788,-33.738,-33.738,409.918,409.918,6900.0
0.6789,-33.014,-33.014,410.141,410.141,6900.0
0.679,-32.126,-32.126,410.328,410.328,6900.0
0.6791,-31.485,-31.485,410.474,410.474,6900.0
0.6792,-30.437,-30.437,410.585,410.585,6900.0
0.6793,-29.414,-29.414,410.643,410.643,6900.0
0.6794,-28.535,-28.535,410.651,410.651,6900.0
0.6795,-27.822,-27.822,410.623,410.623,6900.0
0.6796,-27.029,-27.029,410.577,410.577,6900.0
0.6797,-25.666,-25.666,410.505,410.505,6900.0
0.6798,-24.36,-24.36,410.37,410.37,6900.0
0.6799,-23.442,-23.442,410.178,410.178,6900.0
0.68,-22.681,-22.681,409.953,409.953,6900.0
0.6801,-21.73,-21.73,409.713,409.713,6900.0
0.6802,-20.417,-20.417,409.455,409.455,6900.0
0.6803,-18.817,-18.817,409.146,409.146,6900.0
0.6804,-17.782,-17.782,408.783,408.783,6900.0
0.6805,-16.765,-16.765,408.386,408.386,6900.0
0.6806,-15.878,-15.878,407.961,407.961,6900.0
0.6807,-14.56,-14.56,407.515,407.515,6900.0
0.6808,-13.181,-13.181,407.032,407.032,6900.0
0.6809,-11.977,-11.977,406.515,406.515,6900.0
0.681,-10.717,-10.717,405.974,405.974,6900.0
0.6811,-9.724,-9.724,405.41,405.41,6900.0
0.6812,-8.36,-8.36,404.831,404.831,6900.0
0.6813,-7.011,-7.011,404.234,404.234,6900.0
0.6814,-5.748,-5.748,403.619,403.619,6900.0
0.6815,-4.398,-4.398,402.99,402.99,6900.0
0.6816,-3.119,-3.119,402.349,402.349,6900.0
0.6817,-1.688,-1.688,401.698,401.698,6900.0
0.6818,-0.557,-0.557,401.039,401.039,6900.0
0.6819,-0.563,-0.563,400.377,400.377,6900.0
0.682,-0.0,-0.0,399.714,399.714,6900.0
0.6821,1.489,1.489,399.05,399.05,6900.0
0.6822,1.946,1.946,398.389,398.389,6900.0
0.6823,3.012,3.012,397.73,397.73,6900.0
0.6824,4.405,4.405,397.076,397.076,6900.0
0.6825,5.625,5.625,396.433,396.433,6900.0
0.6826,7.237,7.237,395.8,395.8,6900.0
0.6827,8.441,8.441,395.187,395.187,6900.0
0.6828,9.2,9.2,394.587,394.587,6900.0
0.6829,10.58,10.58,393.99,393.99,6900.0
0.683,12.098,12.098,393.413,393.413,6900.0
0.6831,13.862,13.862,392.868,392.868,6900.0
0.6832,15.217,15.217,392.37,392.37,6900.0
0.6833,16.234,16.234,391.904,391.904,6900.0
0.6834,17.636,17.636,391.455,391.455,6900.0
0.6835,19.126,19.126,391.041,391.041,6900.0
0.6836,20.522,20.522,390.674,390.674,6900.0
0.6837,21.644,21.644,390.359,390.359,6900.0
0.6838,22.571,22.571,390.085,390.085,6900.0
0.6839,23.63,23.63,389.836,389.836,6900.0
0.684,24.642,24.642,389.62,389.62,6900.0
0.6841,25.904,25.904,389.437,389.437,6900.0
0.6842,27.026,27.026,389.298,389.298,6900.0
0.6843,28.072,28.072,389.202,389.202,6900.0
0.6844,29.089,29.089,389.154,389.154,6900.0
0.6845,29.948,29.948,389.151,389.151,6900.0
0.6846,30.879,30.879,389.186,389.186,6900.0
0.6847,32.032,32.032,389.259,389.259,6900.0
0.6848,32.963,32.963,389.391,389.391,6900.0
0.6849,34.041,34.041,389.578,389.578,6900.0
0.685,34.763,34.763,389.822,389.822,6900.0
0.6851,35.39,35.39,390.096,390.096,6900.0
0.6852,36.256,36.256,390.387,390.387,6900.0
0.6853,36.929,36.929,390.72,390.72,6900.0
0.6854,37.959,37.959,391.09,391.09,6900.0
0.6855,38.505,38.505,391.516,391.516,6900.0
0.6856,38.746,38.746,391.962,391.962,6900.0
0.6857,39.503,39.503,392.414,392.414,6900.0
0.6858,39.976,39.976,392.907,392.907,6900.0
0.6859,40.809,40.809,393.431,393.431,6900.0
0.686,41.035,41.035,394.018,394.018,6900.0
0.6861,41.093,41.093,394.618,394.618,6900.0
0.6862,41.375,41.375,395.229,395.229,6900.0
0.6863,41.597,41.597,395.859,395.859,6900.0
0.6864,41.922,41.922,396.494,396.494,6900.0
0.6865,42.116,42.116,397.161,397.161,6900.0
0.6866,42.179,42.179,397.825,397.825,6900.0
0.6867,42.339,42.339,398.49,398.49,6900.0
0.6868,42.229,42.229,399.16,399.16,6900.0
0.6869,42.103,42.103,399.81,399.81,6900.0
0.687,42.196,42.196,400.468,400.468,6900.0
0.6871,42.046,42.046,401.123,401.123,6900.0
0.6872,41.972,41.972,401.785,401.785,6900.0
0.6873,41.698,41.698,402.451,402.451,6900.0
0.6874,41.354,41.354,403.091,403.091,6900.0
0.6875,41.262,41.262,403.721,403.721,6900.0
0.6876,40.893,40.893,404.339,404.339,6900.0
0.6877,40.844,40.844,404.944,404.944,6900.0
0.6878,40.105,40.105,405.544,405.544,6900.0
0.6879,39.448,39.448,406.092,406.092,6900.0
0.688,39.064,39.064,406.598,406.598,6900.0
0.6881,38.637,38.637,407.078,407.078,6900.0
0.6882,38.144,38.144,407.543,407.543,6900.0
0.6883,37.608,37.608,407.983,407.983,6900.0
0.6884,36.796,36.796,408.391,408.391,6900.0
0.6885,36.062,36.062,408.756,408.756,6900.0
0.6886,35.515,35.515,409.086,409.086,6900.0
0.6887,34.755,34.755,409.395,409.395,6900.0
0.6888,33.957,33.957,409.67,409.67,6900.0
0.6889,33.129,33.129,409.907,409.907,6900.0
0.689,32.086,32.086,410.104,410.104,6900.0
0.6891,31.056,31.056,410.252,410.252,6900.0
0.6892,30.134,30.134,410.345,410.345,6900.0
0.6893,29.349,29.349,410.394,410.394,6900.0
0.6894,28.63,28.63,410.413,410.413,6900.0
0.6895,27.675,27.675,410.407,410.407,6900.0
0.6896,26.361,26.361,410.359,410.359,6900.0
0.6897,25.387,25.387,410.246,410.246,6900.0
0.6898,24.633,24.633,410.093,410.093,6900.0
0.6899,23.878,23.878,409.92,409.92,6900.0
0.69,22.779,22.779,409.738,409.738,6900.0
0.6901,21.157,21.157,409.516,409.516,6900.0
0.6902,19.982,19.982,409.224,409.224,6900.0
0.6903,19.071,19.071,408.89,408.89,6900.0
0.6904,18.159,18.159,408.522,408.522,6900.0
0.6905,16.968,16.968,408.134,408.134,6900.0
0.6906,15.702,15.702,407.713,407.713,6900.0
0.6907,14.526,14.526,407.251,407.251,6900.0
0.6908,13.55,13.55,406.763,406.763,6900.0
0.6909,12.361,12.361,406.252,406.252,6900.0
0.691,11.159,11.159,405.723,405.723,6900.0
0.6911,9.606,9.606,405.175,405.175,6900.0
0.6912,8.027,8.027,404.6,404.6,6900.0
0.6913,6.677,6.677,404.002,404.002,6900.0
0.6914,5.262,5.262,403.386,403.386,6900.0
0.6915,4.049,4.049,402.754,402.754,6900.0
0.6916,2.653,2.653,402.11,402.11,6900.0
0.6917,1.307,1.307,401.456,401.456,6900.0
0.6918,1.364,1.364,400.796,400.796,6900.0
0.6919,0.059,0.059,400.134,400.134,6900.0
0.692,0.0,0.0,399.47,399.47,6900.0
0.6921,-1.414,-1.414,398.807,398.807,6900.0
0.6922,-2.212,-2.212,398.144,398.144,6900.0
0.6923,-3.371,-3.371,397.483,397.483,6900.0
0.6924,-4.581,-4.581,396.828,396.828,6900.0
0.6925,-6.049,-6.049,396.183,396.183,6900.0
0.6926,-6.964,-6.964,395.552,395.552,6900.0
0.6927,-8.294,-8.294,394.925,394.925,6900.0
0.6928,-9.77,-9.77,394.313,394.313,6900.0
0.6929,-11.194,-11.194,393.724,393.724,6900.0
0.693,-12.921,-12.921,393.17,393.17,6900.0
0.6931,-13.775,-13.775,392.654,392.654,6900.0
0.6932,-14.711,-14.711,392.15,392.15,6900.0
0.6933,-16.21,-16.21,391.663,391.663,6900.0
0.6934,-17.626,-17.626,391.214,391.214,6900.0
0.6935,-19.175,-19.175,390.811,390.811,6900.0
0.6936,-20.3,-20.3,390.456,390.456,6900.0
0.6937,-21.261,-21.261,390.13,390.13,6900.0
0.6938,-22.533,-22.533,389.828,389.828,6900.0
0.6939,-23.855,-23.855,389.564,389.564,6900.0
0.694,-25.183,-25.183,389.346,389.346,6900.0
0.6941,-26.192,-26.192,389.175,389.175,6900.0
0.6942,-27.29,-27.29,389.047,389.047,6900.0
0.6943,-28.423,-28.423,388.962,388.962,6900.0
0.6944,-29.464,-29.464,388.923,388.923,6900.0
0.6945,-30.389,-30.389,388.926,388.926,6900.0
0.6946,-31.655,-31.655,388.972,388.972,6900.0
0.6947,-32.737,-32.737,389.076,389.076,6900.0
0.6948,-33.655,-33.655,389.239,389.239,6900.0
0.6949,-34.32,-34.32,389.446,389.446,6900.0
0.695,-35.072,-35.072,389.674,389.674,6900.0
0.6951,-35.962,-35.962,389.939,389.939,6900.0
0.6952,-36.822,-36.822,390.242,390.242,6900.0
0.6953,-37.587,-37.587,390.601,390.601,6900.0
0.6954,-38.054,-38.054,390.997,390.997,6900.0
0.6955,-38.749,-38.749,391.4,391.4,6900.0
0.6956,-39.464,-39.464,391.844,391.844,6900.0
0.6957,-39.999,-39.999,392.324,392.324,6900.0
0.6958,-40.625,-40.625,392.858,392.858,6900.0
0.6959,-40.827,-40.827,393.432,393.432,6900.0
0.696,-41.232,-41.232,394.006,394.006,6900.0
0.6961,-41.648,-41.648,394.61,394.61,6900.0
0.6962,-41.714,-41.714,395.23,395.23,6900.0
0.6963,-42.297,-42.297,395.866,395.866,6900.0
0.6964,-42.434,-42.434,396.53,396.53,6900.0
0.6965,-42.565,-42.565,397.186,397.186,6900.0
0.6966,-42.418,-42.418,397.861,397.861,6900.0
0.6967,-42.228,-42.228,398.523,398.523,6900.0
0.6968,-42.558,-42.558,399.179,399.179,6900.0
0.6969,-42.388,-42.388,399.86,399.86,6900.0
0.697,-42.356,-42.356,400.53,400.53,6900.0
0.6971,-42.204,-42.204,401.214,401.214,6900.0
0.6972,-41.795,-41.795,401.888,401.888,6900.0
0.6973,-41.9,-41.9,402.532,402.532,6900.0
0.6974,-41.827,-41.827,403.185,403.185,6900.0
0.6975,-41.662,-41.662,403.825,403.825,6900.0
0.6976,-41.209,-41.209,404.466,404.466,6900.0
0.6977,-40.588,-40.588,405.076,405.076,6900.0
0.6978,-40.136,-40.136,405.638,405.638,6900.0
0.6979,-39.705,-39.705,406.179,406.179,6900.0
0.698,-39.41,-39.41,406.692,406.692,6900.0
0.6981,-38.75,-38.75,407.199,407.199,6900.0
0.6982,-38.169,-38.169,407.67,407.67,6900.0
0.6983,-37.504,-37.504,408.1,408.1,6900.0
0.6984,-36.927,-36.927,408.501,408.501,6900.0
0.6985,-36.356,-36.356,408.876,408.876,6900.0
0.6986,-35.725,-35.725,409.229,409.229,6900.0
0.6987,-35.011,-35.011,409.549,409.549,6900.0
0.6988,-34.105,-34.105,409.832,409.832,6900.0
0.6989,-33.223,-33.223,410.069,410.069,6900.0
0.699,-32.394,-32.394,410.259,410.259,6900.0
0.6991,-31.617,-31.617,410.405,410.405,6900.0
0.6992,-30.812,-30.812,410.512,410.512,6900.0
0.6993,-29.935,-29.935,410.589,410.589,6900.0
0.6994,-28.659,-28.659,410.629,410.629,6900.0
0.6995,-27.348,-27.348,410.612,410.612,6900.0
0.6996,-26.496,-26.496,410.539,410.539,6900.0
0.6997,-25.746,-25.746,410.436,410.436,6900.0
0.6998,-25.106,-25.106,410.317,410.317,6900.0
0.6999,-23.777,-23.777,410.178,410.178,6900.0
0.7,-22.326,-22.326,409.974,409.974,6900.0
0.7001,-23.096,-18.096,409.69,409.69,6900.0
0.7002,-23.95,-18.95,409.401,409.401,6900.0
0.7003,-23.888,-18.888,409.119,409.119,6900.0
0.7004,-22.875,-17.875,408.833,408.833,6900.0
0.7005,-21.54,-16.54,408.507,408.507,6900.0
0.7006,-20.827,-15.827,408.135,408.135,6900.0
0.7007,-19.627,-14.627,407.744,407.744,6900.0
0.7008,-18.785,-13.785,407.327,407.327,6900.0
0.7009,-17.333,-12.333,406.897,406.897,6900.0
0.701,-15.897,-10.897,406.43,406.43,6900.0
0.7011,-14.483,-9.483,405.927,405.927,6900.0
0.7012,-12.976,-7.976,405.393,405.393,6900.0
0.7013,-11.728,-6.728,404.829,404.829,6900.0
0.7014,-10.33,-5.33,404.243,404.243,6900.0
0.7015,-8.969,-3.969,403.636,403.636,6900.0
0.7016,-7.872,-2.872,403.011,403.011,6900.0
0.7017,-6.738,-1.738,402.373,402.373,6900.0
0.7018,-5.48,-0.48,401.725,401.725,6900.0
0.7019,-4.568,0.432,401.068,401.068,6900.0
0.702,-3.808,1.192,400.406,400.406,6900.0
0.7021,-0.0,5.0,399.747,399.747,6900.0
0.7022,-0.0,5.0,399.083,399.083,6900.0
0.7023,0.16,5.16,398.418,398.418,6900.0
0.7024,0.209,5.209,397.752,397.752,6900.0
0.7025,0.568,5.568,397.087,397.087,6900.0
0.7026,1.982,6.982,396.425,396.425,6900.0
0.7027,3.436,8.436,395.775,395.775,6900.0
0.7028,4.829,9.829,395.14,395.14,6900.0
0.7029,5.899,10.899,394.525,394.525,6900.0
0.703,6.693,11.693,393.922,393.922,6900.0
0.7031,8.027,13.027,393.326,393.326,6900.0
0.7032,9.695,14.695,392.749,392.749,6900.0
0.7033,11.522,16.522,392.203,392.203,6900.0
0.7034,12.958,17.958,391.701,391.701,6900.0
0.7035,13.98,18.98,391.23,391.23,6900.0
0.7036,15.205,20.205,390.777,390.777,6900.0
0.7037,16.558,21.558,390.353,390.353,6900.0
0.7038,17.983,22.983,389.969,389.969,6900.0
0.7039,19.09,24.09,389.633,389.633,6900.0
0.704,20.13,25.13,389.337,389.337,6900.0
0.7041,21.211,26.211,389.078,389.078,6900.0
0.7042,22.263,27.263,388.856,388.856,6900.0
0.7043,23.318,28.318,388.672,388.672,6900.0
0.7044,24.582,29.582,388.524,388.524,6900.0
0.7045,25.592,30.592,388.42,388.42,6900.0
0.7046,26.284,31.284,388.361,388.361,6900.0
0.7047,27.031,32.031,388.334,388.334,6900.0
0.7048,28.091,33.091,388.333,388.333,6900.0
0.7049,29.329,34.329,388.368,388.368,6900.0
0.705,30.305,35.305,388.458,388.458,6900.0
0.7051,31.36,36.36,388.603,388.603,6900.0
0.7052,32.03,37.03,388.804,388.804,6900.0
0.7053,32.54,37.54,389.036,389.036,6900.0
0.7054,33.478,38.478,389.285,389.285,6900.0
0.7055,34.081,39.081,389.58,389.58,6900.0
0.7056,34.906,39.906,389.912,389.912,6900.0
0.7057,35.193,40.193,390.294,390.294,6900.0
0.7058,35.552,40.552,390.685,390.685,6900.0
0.7059,36.096,41.096,391.084,391.084,6900.0
0.706,36.525,41.525,391.51,391.51,6900.0
0.7061,37.292,42.292,391.954,391.954,6900.0
0.7062,37.63,42.63,392.448,392.448,6900.0
0.7063,37.743,42.743,392.954,392.954,6900.0
0.7064,38.2,43.2,393.468,393.468,6900.0
0.7065,38.26,43.26,394.011,394.011,6900.0
0.7066,38.717,43.717,394.549,394.549,6900.0
0.7067,38.831,43.831,395.125,395.125,6900.0
0.7068,38.708,43.708,395.701,395.701,6900.0
0.7069,38.758,43.758,396.276,396.276,6900.0
0.707,38.45,43.45,396.855,396.855,6900.0
0.7071,38.315,43.315,397.405,397.405,6900.0
0.7072,38.256,43.256,397.956,397.956,6900.0
0.7073,38.039,43.039,398.496,398.496,6900.0
0.7074,38.089,43.089,399.032,399.032,6900.0
0.7075,37.754,42.754,399.566,399.566,6900.0
0.7076,37.247,42.247,400.071,400.071,6900.0
0.7077,37.045,42.045,400.551,400.551,6900.0
0.7078,36.576,41.576,401.018,401.018,6900.0
0.7079,36.185,41.185,401.475,401.475,6900.0
0.708,35.756,40.756,401.912,401.912,6900.0
0.7081,35.122,40.122,402.317,402.317,6900.0
0.7082,34.72,39.72,402.684,402.684,6900.0
0.7083,34.268,39.268,403.026,403.026,6900.0
0.7084,33.795,38.795,403.349,403.349,6900.0
0.7085,33.163,38.163,403.647,403.647,6900.0
0.7086,32.208,37.208,403.911,403.911,6900.0
0.7087,31.511,36.511,404.127,404.127,6900.0
0.7088,30.881,35.881,404.309,404.309,6900.0
0.7089,30.132,35.132,404.459,404.459,6900.0
0.709,29.311,34.311,404.573,404.573,6900.0
0.7091,28.502,33.502,404.653,404.653,6900.0
0.7092,27.494,32.494,404.701,404.701,6900.0
0.7093,26.44,31.44,404.704,404.704,6900.0
0.7094,25.613,30.613,404.651,404.651,6900.0
0.7095,24.739,29.739,404.562,404.562,6900.0
0.7096,23.785,28.785,404.445,404.445,6900.0
0.7097,22.732,27.732,404.305,404.305,6900.0
0.7098,21.325,26.325,404.123,404.123,6900.0
0.7099,20.231,25.231,403.874,403.874,6900.0
0.71,19.337,24.337,403.586,403.586,6900.0
0.7101,18.646,23.646,403.271,403.271,6900.0
0.7102,17.587,22.587,402.948,402.948,6900.0
0.7103,16.016,21.016,402.593,402.593,6900.0
0.7104,14.644,19.644,402.182,402.182,6900.0
0.7105,13.644,18.644,401.737,401.737,6900.0
0.7106,12.504,17.504,401.262,401.262,6900.0
0.7107,11.349,16.349,400.767,400.767,6900.0
0.7108,9.898,14.898,400.243,400.243,6900.0
0.7109,8.47,13.47,399.686,399.686,6900.0
0.711,7.234,12.234,399.104,399.104,6900.0
0.7111,6.021,11.021,398.501,398.501,6900.0
0.7112,4.799,9.799,397.882,397.882,6900.0
0.7113,3.105,8.105,397.247,397.247,6900.0
0.7114,1.51,6.51,396.596,396.596,6900.0
0.7115,0.085,5.085,395.931,395.931,6900.0
0.7116,-0.0,5.0,395.261,395.261,6900.0
0.7117,-0.0,5.0,394.59,394.59,6900.0
0.7118,-0.0,5.0,393.917,393.917,6900.0
0.7119,-0.0,5.0,393.242,393.242,6900.0
0.712,0.0,5.0,392.567,392.567,6900.0
0.7121,-2.358,2.642,391.89,391.89,6900.0
0.7122,-7.206,-2.206,391.212,391.212,6900.0
0.7123,-8.652,-3.652,390.557,390.557,6900.0
0.7124,-9.713,-4.713,389.909,389.909,6900.0
0.7125,-11.389,-6.389,389.269,389.269,6900.0
0.7126,-12.734,-7.734,388.648,388.648,6900.0
0.7127,-14.41,-9.41,388.054,388.054,6900.0
0.7128,-15.433,-10.433,387.492,387.492,6900.0
0.7129,-16.734,-11.734,386.938,386.938,6900.0
0.713,-18.513,-13.513,386.406,386.406,6900.0
0.7131,-20.156,-15.156,385.916,385.916,6900.0
0.7132,-21.91,-16.91,385.482,385.482,6900.0
0.7133,-22.911,-17.911,385.106,385.106,6900.0
0.7134,-23.85,-18.85,384.75,384.75,6900.0
0.7135,-25.439,-20.439,384.411,384.411,6900.0
0.7136,-27.148,-22.148,384.116,384.116,6900.0
0.7137,-28.757,-23.757,383.881,383.881,6900.0
0.7138,-29.965,-24.965,383.705,383.705,6900.0
0.7139,-31.119,-26.119,383.57,383.57,6900.0
0.714,-32.375,-27.375,383.476,383.476,6900.0
0.7141,-33.993,-28.993,383.428,383.428,6900.0
0.7142,-35.285,-30.285,383.446,383.446,6900.0
0.7143,-36.687,-31.687,383.521,383.521,6900.0
0.7144,-37.87,-32.87,383.665,383.665,6900.0
0.7145,-39.04,-34.04,383.868,383.868,6900.0
0.7146,-39.927,-34.927,384.127,384.127,6900.0
0.7147,-40.921,-35.921,384.419,384.419,6900.0
0.7148,-41.898,-36.898,384.761,384.761,6900.0
0.7149,-42.983,-37.983,385.15,385.15,6900.0
0.715,-43.888,-38.888,385.608,385.608,6900.0
0.7151,-44.822,-39.822,386.11,386.11,6900.0
0.7152,-45.668,-40.668,386.639,386.639,6900.0
0.7153,-46.504,-41.504,387.216,387.216,6900.0
0.7154,-47.471,-42.471,387.832,387.832,6900.0
0.7155,-48.248,-43.248,388.526,388.526,6900.0
0.7156,-48.427,-43.427,389.271,389.271,6900.0
0.7157,-49.024,-44.024,390.013,390.013,6900.0
0.7158,-49.516,-44.516,390.799,390.799,6900.0
0.7159,-49.976,-44.976,391.608,391.608,6900.0
0.716,-50.581,-45.581,392.465,392.465,6900.0
0.7161,-50.748,-45.748,393.36,393.36,6900.0
0.7162,-51.147,-46.147,394.242,394.242,6900.0
0.7163,-51.321,-46.321,395.156,395.156,6900.0
0.7164,-51.429,-46.429,396.071,396.071,6900.0
0.7165,-51.868,-46.868,397.002,397.002,6900.0
0.7166,-51.829,-46.829,397.963,397.963,6900.0
0.7167,-51.669,-46.669,398.916,398.916,6900.0
0.7168,-51.702,-46.702,399.881,399.881,6900.0
0.7169,-51.369,-46.369,400.843,400.843,6900.0
0.717,-51.467,-46.467,401.788,401.788,6900.0
0.7171,-51.21,-46.21,402.747,402.747,6900.0
0.7172,-51.212,-46.212,403.681,403.681,6900.0
0.7173,-50.899,-45.899,404.629,404.629,6900.0
0.7174,-50.343,-45.343,405.552,405.552,6900.0
0.7175,-50.232,-45.232,406.426,406.426,6900.0
0.7176,-49.713,-44.713,407.299,407.299,6900.0
0.7177,-49.423,-44.423,408.14,408.14,6900.0
0.7178,-48.66,-43.66,408.983,408.983,6900.0
0.7179,-47.862,-42.862,409.785,409.785,6900.0
0.718,-47.348,-42.348,410.532,410.532,6900.0
0.7181,-46.733,-41.733,411.254,411.254,6900.0
0.7182,-46.12,-41.12,411.947,411.947,6900.0
0.7183,-45.362,-40.362,412.617,412.617,6900.0
0.7184,-44.587,-39.587,413.244,413.244,6900.0
0.7185,-43.769,-38.769,413.823,413.823,6900.0
0.7186,-43.052,-38.052,414.356,414.356,6900.0
0.7187,-42.33,-37.33,414.85,414.85,6900.0
0.7188,-41.526,-36.526,415.307,415.307,6900.0
0.7189,-40.697,-35.697,415.725,415.725,6900.0
0.719,-39.626,-34.626,416.104,416.104,6900.0
0.7191,-38.594,-33.594,416.431,416.431,6900.0
0.7192,-37.364,-32.364,416.705,416.705,6900.0
0.7193,-36.331,-31.331,416.92,416.92,6900.0
0.7194,-35.604,-30.604,417.091,417.091,6900.0
0.7195,-34.726,-29.726,417.237,417.237,6900.0
0.7196,-33.265,-28.265,417.351,417.351,6900.0
0.7197,-31.854,-26.854,417.396,417.396,6900.0
0.7198,-30.783,-25.783,417.376,417.376,6900.0
0.7199,-29.674,-24.674,417.32,417.32,6900.0
0.72,-28.872,-23.872,417.24,417.24,6900.0
0.7201,-27.474,-22.474,417.141,417.141,6900.0
0.7202,-25.805,-20.805,416.976,416.976,6900.0
0.7203,-24.932,-19.932,416.737,416.737,6900.0
0.7204,-23.916,-18.916,416.459,416.459,6900.0
0.7205,-23.013,-18.013,416.149,416.149,6900.0
0.7206,-21.422,-16.422,415.82,415.82,6900.0
0.7207,-19.829,-14.829,415.445,415.445,6900.0
0.7208,-18.803,-13.803,415.024,415.024,6900.0
0.7209,-17.494,-12.494,414.582,414.582,6900.0
0.721,-16.286,-11.286,414.114,414.114,6900.0
0.7211,-15.014,-10.014,413.627,413.627,6900.0
0.7212,-13.441,-8.441,413.115,413.115,6900.0
0.7213,-11.945,-6.945,412.572,412.572,6900.0
0.7214,-10.459,-5.459,412.004,412.004,6900.0
0.7215,-9.131,-4.131,411.413,411.413,6900.0
0.7216,-7.912,-2.912,410.804,410.804,6900.0
0.7217,-6.707,-1.707,410.18,410.18,6900.0
0.7218,-6.764,-1.764,409.541,409.541,6900.0
0.7219,-5.414,-0.414,408.899,408.899,6900.0
0.722,-4.049,0.951,408.25,408.25,6900.0
0.7221,-0.0,5.0,407.603,407.603,6900.0
0.7222,-0.0,5.0,406.952,406.952,6900.0
0.7223,0.157,5.157,406.3,406.3,6900.0
0.7224,0.23,5.23,405.647,405.647,6900.0
0.7225,1.055,6.055,404.995,404.995,6900.0
0.7226,1.866,6.866,404.348,404.348,6900.0
0.7227,2.74,7.74,403.708,403.708,6900.0
0.7228,4.308,9.308,403.075,403.075,6900.0
0.7229,5.804,10.804,402.459,402.459,6900.0
0.723,7.328,12.328,401.865,401.865,6900.0
0.7231,8.163,13.163,401.299,401.299,6900.0
0.7232,8.871,13.871,400.747,400.747,6900.0
0.7233,10.379,15.379,400.201,400.201,6900.0
0.7234,12.094,17.094,399.68,399.68,6900.0
0.7235,13.668,18.668,399.196,399.196,6900.0
0.7236,14.71,19.71,398.755,398.755,6900.0
0.7237,15.593,20.593,398.344,398.344,6900.0
0.7238,16.627,21.627,397.955,397.955,6900.0
0.7239,17.757,22.757,397.596,397.596,6900.0
0.724,19.101,24.101,397.275,397.275,6900.0
0.7241,20.241,25.241,397.0,397.0,6900.0
0.7242,21.316,26.316,396.767,396.767,6900.0
0.7243,22.421,27.421,396.572,396.572,6900.0
0.7244,23.443,28.443,396.417,396.417,6900.0
0.7245,24.414,29.414,396.294,396.294,6900.0
0.7246,25.405,30.405,396.201,396.201,6900.0
0.7247,26.182,31.182,396.148,396.148,6900.0
0.7248,27.075,32.075,396.135,396.135,6900.0
0.7249,27.811,32.811,396.162,396.162,6900.0
0.725,28.524,33.524,396.218,396.218,6900.0
0.7251,29.578,34.578,396.301,396.301,6900.0
0.7252,30.358,35.358,396.433,396.433,6900.0
0.7253,31.095,36.095,396.617,396.617,6900.0
0.7254,31.548,36.548,396.846,396.846,6900.0
0.7255,31.952,36.952,397.093,397.093,6900.0
0.7256,32.74,37.74,397.355,397.355,6900.0
0.7257,33.235,38.235,397.653,397.653,6900.0
0.7258,33.899,38.899,397.975,397.975,6900.0
0.7259,34.181,39.181,398.34,398.34,6900.0
0.726,34.279,39.279,398.711,398.711,6900.0
0.7261,34.947,39.947,399.081,399.081,6900.0
0.7262,35.175,40.175,399.484,399.484,6900.0
0.7263,35.644,40.644,399.894,399.894,6900.0
0.7264,35.869,40.869,400.346,400.346,6900.0
0.7265,35.772,40.772,400.808,400.808,6900.0
0.7266,36.259,41.259,401.273,401.273,6900.0
0.7267,36.241,41.241,401.763,401.763,6900.0
0.7268,36.191,41.191,402.245,402.245,6900.0
0.7269,36.165,41.165,402.737,402.737,6900.0
0.727,35.914,40.914,403.221,403.221,6900.0
0.7271,36.038,41.038,403.7,403.7,6900.0
0.7272,35.777,40.777,404.179,404.179,6900.0
0.7273,35.683,40.683,404.63,404.63,6900.0
0.7274,35.586,40.586,405.077,405.077,6900.0
0.7275,35.34,40.34,405.511,405.511,6900.0
0.7276,35.263,40.263,405.941,405.941,6900.0
0.7277,34.855,39.855,406.369,406.369,6900.0
0.7278,34.234,39.234,406.768,406.768,6900.0
0.7279,34.032,39.032,407.14,407.14,6900.0
0.728,33.43,38.43,407.5,407.5,6900.0
0.7281,33.141,38.141,407.842,407.842,6900.0
0.7282,32.666,37.666,408.167,408.167,6900.0
0.7283,31.912,36.912,408.458,408.458,6900.0
0.7284,31.179,36.179,408.708,408.708,6900.0
0.7285,30.55,35.55,408.922,408.922,6900.0
0.7286,29.956,34.956,409.107,409.107,6900.0
0.7287,29.258,34.258,409.264,409.264,6900.0
0.7288,28.496,33.496,409.387,409.387,6900.0
0.7289,27.587,32.587,409.476,409.476,6900.0
0.729,26.819,31.819,409.525,409.525,6900.0
0.7291,26.063,31.063,409.537,409.537,6900.0
0.7292,25.377,30.377,409.517,409.517,6900.0
0.7293,24.692,29.692,409.469,409.469,6900.0
0.7294,23.712,28.712,409.399,409.399,6900.0
0.7295,22.469,27.469,409.287,409.287,6900.0
0.7296,21.743,26.743,409.118,409.118,6900.0
0.7297,21.035,26.035,408.918,408.918,6900.0
0.7298,20.116,25.116,408.697,408.697,6900.0
0.7299,19.064,24.064,408.457,408.457,6900.0
0.73,17.514,22.514,408.174,408.174,6900.0
0.7301,16.36,21.36,407.827,407.827,6900.0
0.7302,15.439,20.439,407.442,407.442,6900.0
0.7303,14.679,19.679,407.029,407.029,6900.0
0.7304,13.672,18.672,406.605,406.605,6900.0
0.7305,12.139,17.139,406.155,406.155,6900.0
0.7306,10.904,15.904,405.665,405.665,6900.0
0.7307,9.842,14.842,405.151,405.151,6900.0
0.7308,8.632,13.632,404.613,404.613,6900.0
0.7309,7.408,12.408,404.057,404.057,6900.0
0.731,5.726,10.726,403.479,403.479,6900.0
0.7311,4.374,9.374,402.875,402.875,6900.0
0.7312,3.11,8.11,402.25,402.25,6900.0
0.7313,1.686,6.686,401.61,401.61,6900.0
0.7314,0.319,5.319,400.956,400.956,6900.0
0.7315,0.016,5.016,400.295,400.295,6900.0
0.7316,-0.0,5.0,399.632,399.632,6900.0
0.7317,-0.0,5.0,398.968,398.968,6900.0
0.7318,-0.0,5.0,398.302,398.302,6900.0
0.7319,-0.001,4.999,397.635,397.635,6900.0
0.732,0.0,5.0,396.967,396.967,6900.0
0.7321,-1.647,3.353,396.298,396.298,6900.0
0.7322,-4.863,0.137,395.627,395.627,6900.0
0.7323,-9.389,-4.389,394.956,394.956,6900.0
0.7324,-10.119,-5.119,394.318,394.318,6900.0
0.7325,-11.152,-6.152,393.69,393.69,6900.0
0.7326,-12.288,-7.288,393.071,393.071,6900.0
0.7327,-13.797,-8.797,392.469,392.469,6900.0
0.7328,-15.237,-10.237,391.895,391.895,6900.0
0.7329,-16.876,-11.876,391.363,391.363,6900.0
0.733,-17.968,-12.968,390.873,390.873,6900.0
0.7331,-18.809,-13.809,390.399,390.399,6900.0
0.7332,-20.179,-15.179,389.942,389.942,6900.0
0.7333,-21.684,-16.684,389.522,389.522,6900.0
0.7334,-23.085,-18.085,389.158,389.158,6900.0
0.7335,-24.032,-19.032,388.843,388.843,6900.0
0.7336,-25.057,-20.057,388.544,388.544,6900.0
0.7337,-26.316,-21.316,388.266,388.266,6900.0
0.7338,-27.738,-22.738,388.023,388.023,6900.0
0.7339,-29.127,-24.127,387.833,387.833,6900.0
0.734,-30.149,-25.149,387.702,387.702,6900.0
0.7341,-31.431,-26.431,387.616,387.616,6900.0
0.7342,-32.466,-27.466,387.586,387.586,6900.0
0.7343,-33.598,-28.598,387.608,387.608,6900.0
0.7344,-34.666,-29.666,387.683,387.683,6900.0
0.7345,-35.532,-30.532,387.814,387.814,6900.0
0.7346,-36.776,-31.776,387.99,387.99,6900.0
0.7347,-37.498,-32.498,388.229,388.229,6900.0
0.7348,-38.381,-33.381,388.497,388.497,6900.0
0.7349,-39.085,-34.085,388.796,388.796,6900.0
0.735,-39.979,-34.979,389.126,389.126,6900.0
0.7351,-41.378,-36.378,389.492,389.492,6900.0
0.7352,-42.098,-37.098,389.939,389.939,6900.0
0.7353,-42.591,-37.591,390.427,390.427,6900.0
0.7354,-43.121,-38.121,390.934,390.934,6900.0
0.7355,-43.882,-38.882,391.481,391.481,6900.0
0.7356,-44.555,-39.555,392.071,392.071,6900.0
0.7357,-44.973,-39.973,392.732,392.732,6900.0
0.7358,-45.294,-40.294,393.425,393.425,6900.0
0.7359,-45.571,-40.571,394.123,394.123,6900.0
0.736,-45.836,-40.836,394.846,394.846,6900.0
0.7361,-46.3,-41.3,395.572,395.572,6900.0
0.7362,-46.743,-41.743,396.33,396.33,6900.0
0.7363,-46.801,-41.801,397.11,397.11,6900.0
0.7364,-46.963,-41.963,397.875,397.875,6900.0
0.7365,-47.045,-42.045,398.663,398.663,6900.0
0.7366,-47.087,-42.087,399.446,399.446,6900.0
0.7367,-47.282,-42.282,400.245,400.245,6900.0
0.7368,-47.213,-42.213,401.068,401.068,6900.0
0.7369,-47.103,-42.103,401.888,401.888,6900.0
0.737,-46.837,-41.837,402.729,402.729,6900.0
0.7371,-46.709,-41.709,403.553,403.553,6900.0
0.7372,-46.711,-41.711,404.36,404.36,6900.0
0.7373,-46.276,-41.276,405.172,405.172,6900.0
0.7374,-45.877,-40.877,405.952,405.952,6900.0
0.7375,-45.359,-40.359,406.721,406.721,6900.0
0.7376,-45.034,-40.034,407.45,407.45,6900.0
0.7377,-44.701,-39.701,408.139,408.139,6900.0
0.7378,-44.166,-39.166,408.813,408.813,6900.0
0.7379,-43.755,-38.755,409.461,409.461,6900.0
0.738,-43.271,-38.271,410.101,410.101,6900.0
0.7381,-42.575,-37.575,410.716,410.716,6900.0
0.7382,-41.945,-36.945,411.289,411.289,6900.0
0.7383,-41.19,-36.19,411.834,411.834,6900.0
0.7384,-40.602,-35.602,412.347,412.347,6900.0
0.7385,-39.759,-34.759,412.837,412.837,6900.0
0.7386,-39.02,-34.02,413.284,413.284,6900.0
0.7387,-38.214,-33.214,413.684,413.684,6900.0
0.7388,-37.598,-32.598,414.034,414.034,6900.0
0.7389,-36.821,-31.821,414.347,414.347,6900.0
0.739,-35.961,-30.961,414.619,414.619,6900.0
0.7391,-35.336,-30.336,414.85,414.85,6900.0
0.7392,-34.434,-29.434,415.053,415.053,6900.0
0.7393,-33.318,-28.318,415.214,415.214,6900.0
0.7394,-32.37,-27.37,415.32,415.32,6900.0
0.7395,-31.5,-26.5,415.378,415.378,6900.0
0.7396,-30.691,-25.691,415.402,415.402,6900.0
0.7397,-29.827,-24.827,415.406,415.406,6900.0
0.7398,-28.542,-23.542,415.383,415.383,6900.0
0.7399,-27.045,-22.045,415.295,415.295,6900.0
0.74,-25.973,-20.973,415.139,415.139,6900.0
0.7401,-25.369,-20.369,414.943,414.943,6900.0
0.7402,-24.666,-19.666,414.733,414.733,6900.0
0.7403,-23.242,-18.242,414.508,414.508,6900.0
0.7404,-21.512,-16.512,414.228,414.228,6900.0
0.7405,-20.567,-15.567,413.888,413.888,6900.0
0.7406,-19.724,-14.724,413.516,413.516,6900.0
0.7407,-18.973,-13.973,413.119,413.119,6900.0
0.7408,-17.645,-12.645,412.704,412.704,6900.0
0.7409,-16.316,-11.316,412.252,412.252,6900.0
0.741,-15.298,-10.298,411.764,411.764,6900.0
0.7411,-13.783,-8.783,411.254,411.254,6900.0
0.7412,-12.671,-7.671,410.716,410.716,6900.0
0.7413,-11.219,-6.219,410.162,410.162,6900.0
0.7414,-9.812,-4.812,409.585,409.585,6900.0
0.7415,-8.669,-3.669,408.987,408.987,6900.0
0.7416,-7.593,-2.593,408.374,408.374,6900.0
0.7417,-6.451,-1.451,407.748,407.748,6900.0
0.7418,-5.548,-0.548,407.11,407.11,6900.0
0.7419,-4.583,0.417,406.465,406.465,6900.0
0.742,-4.235,0.765,405.812,405.812,6900.0
0.7421,-0.0,5.0,405.163,405.163,6900.0
0.7422,0.0,5.0,404.507,404.507,6900.0
0.7423,0.085,5.085,403.852,403.852,6900.0
0.7424,0.135,5.135,403.195,403.195,6900.0
0.7425,0.508,5.508,402.538,402.538,6900.0
0.7426,1.316,6.316,401.884,401.884,6900.0
0.7427,2.581,7.581,401.238,401.238,6900.0
0.7428,3.637,8.637,400.605,400.605,6900.0
0.7429,4.472,9.472,399.981,399.981,6900.0
0.743,5.822,10.822,399.365,399.365,6900.0
0.7431,7.17,12.17,398.767,398.767,6900.0
0.7432,8.695,13.695,398.192,398.192,6900.0
0.7433,9.937,14.937,397.651,397.651,6900.0
0.7434,10.668,15.668,397.133,397.133,6900.0
0.7435,11.913,16.913,396.625,396.625,6900.0
0.7436,13.101,18.101,396.143,396.143,6900.0
0.7437,14.358,19.358,395.694,395.694,6900.0
0.7438,15.488,20.488,395.287,395.287,6900.0
0.7439,16.312,21.312,394.914,394.914,6900.0
0.744,17.404,22.404,394.569,394.569,6900.0
0.7441,18.513,23.513,394.258,394.258,6900.0
0.7442,19.467,24.467,393.982,393.982,6900.0
0.7443,20.544,25.544,393.742,393.742,6900.0
0.7444,21.546,26.546,393.54,393.54,6900.0
0.7445,22.432,27.432,393.375,393.375,6900.0
0.7446,23.412,28.412,393.242,393.242,6900.0
0.7447,24.341,29.341,393.141,393.141,6900.0
0.7448,25.239,30.239,393.069,393.069,6900.0
0.7449,26.071,31.071,393.037,393.037,6900.0
0.745,27.1,32.1,393.049,393.049,6900.0
0.7451,27.731,32.731,393.113,393.113,6900.0
0.7452,28.386,33.386,393.203,393.203,6900.0
0.7453,29.199,34.199,393.32,393.32,6900.0
0.7454,29.788,34.788,393.481,393.481,6900.0
0.7455,30.557,35.557,393.681,393.681,6900.0
0.7456,31.07,36.07,393.926,393.926,6900.0
0.7457,31.27,36.27,394.187,394.187,6900.0
0.7458,31.952,36.952,394.452,394.452,6900.0
0.7459,32.254,37.254,394.746,394.746,6900.0
0.746,32.847,37.847,395.052,395.052,6900.0
0.7461,33.121,38.121,395.395,395.395,6900.0
0.7462,33.205,38.205,395.743,395.743,6900.0
0.7463,33.841,38.841,396.095,396.095,6900.0
0.7464,34.001,39.001,396.481,396.481,6900.0
0.7465,34.382,39.382,396.874,396.874,6900.0
0.7466,34.592,39.592,397.303,397.303,6900.0
0.7467,34.541,39.541,397.742,397.742,6900.0
0.7468,34.757,39.757,398.188,398.188,6900.0
0.7469,34.642,39.642,398.645,398.645,6900.0
0.747,34.654,39.654,399.085,399.085,6900.0
0.7471,34.624,39.624,399.531,399.531,6900.0
0.7472,34.467,39.467,399.963,399.963,6900.0
0.7473,34.357,39.357,400.39,400.39,6900.0
0.7474,34.037,39.037,400.809,400.809,6900.0
0.7475,33.804,38.804,401.194,401.194,6900.0
0.7476,33.954,38.954,401.569,401.569,6900.0
0.7477,33.737,38.737,401.941,401.941,6900.0
0.7478,33.484,38.484,402.314,402.314,6900.0
0.7479,32.983,37.983,402.68,402.68,6900.0
0.748,32.344,37.344,403.017,403.017,6900.0
0.7481,31.965,36.965,403.324,403.324,6900.0
0.7482,31.421,36.421,403.611,403.611,6900.0
0.7483,31.092,36.092,403.878,403.878,6900.0
0.7484,30.488,35.488,404.124,404.124,6900.0
0.7485,29.803,34.803,404.33,404.33,6900.0
0.7486,29.11,34.11,404.495,404.495,6900.0
0.7487,28.331,33.331,404.623,404.623,6900.0
0.7488,27.676,32.676,404.715,404.715,6900.0
0.7489,27.037,32.037,404.779,404.779,6900.0
0.749,26.318,31.318,404.814,404.814,6900.0
0.7491,25.508,30.508,404.821,404.821,6900.0
0.7492,24.657,29.657,404.793,404.793,6900.0
0.7493,23.79,28.79,404.723,404.723,6900.0
0.7494,23.247,28.247,404.619,404.619,6900.0
0.7495,22.414,27.414,404.494,404.494,6900.0
0.7496,21.576,26.576,404.345,404.345,6900.0
0.7497,20.45,25.45,404.155,404.155,6900.0
0.7498,19.512,24.512,403.908,403.908,6900.0
0.7499,18.733,23.733,403.623,403.623,6900.0
0.75,18.085,23.085,403.314,403.314,6900.0
0.7501,17.079,22.079,402.997,402.997,6900.0
0.7502,15.493,20.493,402.647,402.647,6900.0
0.7503,14.181,19.181,402.241,402.241,6900.0
0.7504,13.35,18.35,401.8,401.8,6900.0
0.7505,12.336,17.336,401.332,401.332,6900.0
0.7506,11.475,16.475,400.847,400.847,6900.0
0.7507,10.049,15.049,400.337,400.337,6900.0
0.7508,8.802,13.802,399.791,399.791,6900.0
0.7509,7.72,12.72,399.223,399.223,6900.0
0.751,6.502,11.502,398.633,398.633,6900.0
0.7511,4.989,9.989,398.027,398.027,6900.0
0.7512,3.292,8.292,397.401,397.401,6900.0
0.7513,1.85,6.85,396.755,396.755,6900.0
0.7514,0.424,5.424,396.095,396.095,6900.0
0.7515,0.036,5.036,395.426,395.426,6900.0
0.7516,-0.0,5.0,394.756,394.756,6900.0
0.7517,-0.0,5.0,394.083,394.083,6900.0
0.7518,-0.0,5.0,393.409,393.409,6900.0
0.7519,-0.0,5.0,392.734,392.734,6900.0
0.752,0.0,5.0,392.057,392.057,6900.0
0.7521,-3.102,1.898,391.38,391.38,6900.0
0.7522,-7.582,-2.582,390.701,390.701,6900.0
0.7523,-8.315,-3.315,390.041,390.041,6900.0
0.7524,-9.593,-4.593,389.385,389.385,6900.0
0.7525,-10.957,-5.957,388.74,388.74,6900.0
0.7526,-12.307,-7.307,388.117,388.117,6900.0
0.7527,-13.421,-8.421,387.516,387.516,6900.0
0.7528,-14.567,-9.567,386.926,386.926,6900.0
0.7529,-16.109,-11.109,386.356,386.356,6900.0
0.753,-17.61,-12.61,385.824,385.824,6900.0
0.7531,-19.322,-14.322,385.343,385.343,6900.0
0.7532,-20.272,-15.272,384.916,384.916,6900.0
0.7533,-21.298,-16.298,384.503,384.503,6900.0
0.7534,-22.696,-17.696,384.107,384.107,6900.0
0.7535,-24.1,-19.1,383.75,383.75,6900.0
0.7536,-25.581,-20.581,383.444,383.444,6900.0
0.7537,-26.819,-21.819,383.19,383.19,6900.0
0.7538,-27.98,-22.98,382.968,382.968,6900.0
0.7539,-29.342,-24.342,382.779,382.779,6900.0
0.754,-30.629,-25.629,382.638,382.638,6900.0
0.7541,-32.039,-27.039,382.554,382.554,6900.0
0.7542,-33.318,-28.318,382.533,382.533,6900.0
0.7543,-34.565,-29.565,382.574,382.574,6900.0
0.7544,-35.633,-30.633,382.678,382.678,6900.0
0.7545,-36.655,-31.655,382.833,382.833,6900.0
0.7546,-37.702,-32.702,383.031,383.031,6900.0
0.7547,-38.593,-33.593,383.279,383.279,6900.0
0.7548,-39.686,-34.686,383.567,383.567,6900.0
0.7549,-40.503,-35.503,383.917,383.917,6900.0
0.755,-41.216,-36.216,384.302,384.302,6900.0
0.7551,-42.158,-37.158,384.705,384.705,6900.0
0.7552,-43.108,-38.108,385.155,385.155,6900.0
0.7553,-44.034,-39.034,385.654,385.654,6900.0
0.7554,-44.888,-39.888,386.226,386.226,6900.0
0.7555,-45.312,-40.312,386.851,386.851,6900.0
0.7556,-45.715,-40.715,387.493,387.493,6900.0
0.7557,-46.398,-41.398,388.171,388.171,6900.0
0.7558,-46.972,-41.972,388.883,388.883,6900.0
0.7559,-47.546,-42.546,389.654,389.654,6900.0
0.756,-47.857,-42.857,390.455,390.455,6900.0
0.7561,-48.153,-43.153,391.253,391.253,6900.0
0.7562,-48.409,-43.409,392.071,392.071,6900.0
0.7563,-48.677,-43.677,392.889,392.889,6900.0
0.7564,-49.11,-44.11,393.729,393.729,6900.0
0.7565,-49.118,-44.118,394.594,394.594,6900.0
0.7566,-49.104,-44.104,395.45,395.45,6900.0
0.7567,-49.04,-44.04,396.327,396.327,6900.0
0.7568,-48.99,-43.99,397.198,397.198,6900.0
0.7569,-49.229,-44.229,398.074,398.074,6900.0
0.757,-48.915,-43.915,398.978,398.978,6900.0
0.7571,-48.904,-43.904,399.863,399.863,6900.0
0.7572,-48.632,-43.632,400.766,400.766,6900.0
0.7573,-48.206,-43.206,401.646,401.646,6900.0
0.7574,-48.091,-43.091,402.485,402.485,6900.0
0.7575,-47.73,-42.73,403.317,403.317,6900.0
0.7576,-47.45,-42.45,404.114,404.114,6900.0
0.7577,-46.974,-41.974,404.903,404.903,6900.0
0.7578,-46.438,-41.438,405.655,405.655,6900.0
0.7579,-45.991,-40.991,406.363,406.363,6900.0
0.758,-45.475,-40.475,407.055,407.055,6900.0
0.7581,-45.085,-40.085,407.725,407.725,6900.0
0.7582,-44.459,-39.459,408.39,408.39,6900.0
0.7583,-43.771,-38.771,409.026,409.026,6900.0
0.7584,-43.026,-38.026,409.617,409.617,6900.0
0.7585,-42.334,-37.334,410.168,410.168,6900.0
0.7586,-41.623,-36.623,410.68,410.68,6900.0
0.7587,-40.769,-35.769,411.157,411.157,6900.0
0.7588,-39.832,-34.832,411.587,411.587,6900.0
0.7589,-38.857,-33.857,411.966,411.966,6900.0
0.759,-37.776,-32.776,412.292,412.292,6900.0
0.7591,-37.076,-32.076,412.562,412.562,6900.0
0.7592,-36.19,-31.19,412.791,412.791,6900.0
0.7593,-35.514,-30.514,412.981,412.981,6900.0
0.7594,-34.707,-29.707,413.147,413.147,6900.0
0.7595,-33.549,-28.549,413.282,413.282,6900.0
0.7596,-32.258,-27.258,413.361,413.361,6900.0
0.7597,-31.226,-26.226,413.381,413.381,6900.0
0.7598,-30.37,-25.37,413.363,413.363,6900.0
0.7599,-29.325,-24.325,413.325,413.325,6900.0
0.76,-27.99,-22.99,413.257,413.257,6900.0
0.7601,-26.254,-21.254,413.117,413.117,6900.0
0.7602,-25.281,-20.281,412.899,412.899,6900.0
0.7603,-24.425,-19.425,412.639,412.639,6900.0
0.7604,-23.547,-18.547,412.355,412.355,6900.0
0.7605,-22.122,-17.122,412.053,412.053,6900.0
0.7606,-20.796,-15.796,411.706,411.706,6900.0
0.7607,-19.905,-14.905,411.316,411.316,6900.0
0.7608,-18.6,-13.6,410.905,410.905,6900.0
0.7609,-17.371,-12.371,410.468,410.468,6900.0
0.761,-15.965,-10.965,410.011,410.011,6900.0
0.7611,-14.569,-9.569,409.52,409.52,6900.0
0.7612,-13.18,-8.18,408.996,408.996,6900.0
0.7613,-11.871,-6.871,408.444,408.444,6900.0
0.7614,-10.487,-5.487,407.867,407.867,6900.0
0.7615,-9.121,-4.121,407.27,407.27,6900.0
0.7616,-8.021,-3.021,406.654,406.654,6900.0
0.7617,-6.73,-1.73,406.024,406.024,6900.0
0.7618,-6.957,-1.957,405.378,405.378,6900.0
0.7619,-5.57,-0.57,404.73,404.73,6900.0
0.762,-4.559,0.441,404.074,404.074,6900.0
0.7621,-0.0,5.0,403.423,403.423,6900.0
0.7622,-0.0,5.0,402.764,402.764,6900.0
0.7623,0.092,5.092,402.105,402.105,6900.0
0.7624,0.264,5.264,401.445,401.445,6900.0
0.7625,0.637,5.637,400.786,400.786,6900.0
0.7626,1.41,6.41,400.13,400.13,6900.0
0.7627,2.826,7.826,399.48,399.48,6900.0
0.7628,4.016,9.016,398.843,398.843,6900.0
0.7629,5.464,10.464,398.22,398.22,6900.0
0.763,6.756,11.756,397.622,397.622,6900.0
0.7631,7.47,12.47,397.039,397.039,6900.0
0.7632,8.808,13.808,396.462,396.462,6900.0
0.7633,10.527,15.527,395.906,395.906,6900.0
0.7634,12.224,17.224,395.385,395.385,6900.0
0.7635,13.495,18.495,394.908,394.908,6900.0
0.7636,14.115,19.115,394.461,394.461,6900.0
0.7637,15.135,20.135,394.027,394.027,6900.0
0.7638,16.522,21.522,393.619,393.619,6900.0
0.7639,17.812,22.812,393.25,393.25,6900.0
0.764,18.884,23.884,392.927,392.927,6900.0
0.7641,19.855,24.855,392.64,392.64,6900.0
0.7642,21.011,26.011,392.388,392.388,6900.0
0.7643,22.137,27.137,392.174,392.174,6900.0
0.7644,23.261,28.261,392.001,392.001,6900.0
0.7645,24.472,29.472,391.867,391.867,6900.0
0.7646,25.393,30.393,391.777,391.777,6900.0
0.7647,26.436,31.436,391.731,391.731,6900.0
0.7648,27.246,32.246,391.727,391.727,6900.0
0.7649,27.987,32.987,391.753,391.753,6900.0
0.765,28.941,33.941,391.805,391.805,6900.0
0.7651,29.588,34.588,391.9,391.9,6900.0
0.7652,30.758,35.758,392.037,392.037,6900.0
0.7653,31.378,36.378,392.231,392.231,6900.0
0.7654,31.895,36.895,392.448,392.448,6900.0
0.7655,32.807,37.807,392.685,392.685,6900.0
0.7656,33.27,38.27,392.969,392.969,6900.0
0.7657,33.989,38.989,393.284,393.284,6900.0
0.7658,34.437,39.437,393.647,393.647,6900.0
0.7659,34.723,39.723,394.027,394.027,6900.0
0.766,35.261,40.261,394.414,394.414,6900.0
0.7661,35.312,40.312,394.828,394.828,6900.0
0.7662,35.873,40.873,395.243,395.243,6900.0
0.7663,36.268,41.268,395.695,395.695,6900.0
0.7664,36.556,41.556,396.156,396.156,6900.0
0.7665,36.974,41.974,396.628,396.628,6900.0
0.7666,37.034,42.034,397.121,397.121,6900.0
0.7667,37.29,42.29,397.612,397.612,6900.0
0.7668,37.401,42.401,398.133,398.133,6900.0
0.7669,37.263,42.263,398.656,398.656,6900.0
0.767,37.498,42.498,399.183,399.183,6900.0
0.7671,37.202,42.202,399.726,399.726,6900.0
0.7672,36.971,41.971,400.242,400.242,6900.0
0.7673,36.892,41.892,400.753,400.753,6900.0
0.7674,36.549,41.549,401.249,401.249,6900.0
0.7675,36.595,41.595,401.732,401.732,6900.0
0.7676,36.192,41.192,402.21,402.21,6900.0
0.7677,35.789,40.789,402.653,402.653,6900.0
0.7678,35.696,40.696,403.073,403.073,6900.0
0.7679,35.295,40.295,403.48,403.48,6900.0
0.768,35.183,40.183,403.879,403.879,6900.0
0.7681,34.484,39.484,404.272,404.272,6900.0
0.7682,33.769,38.769,404.629,404.629,6900.0
0.7683,33.265,38.265,404.95,404.95,6900.0
0.7684,32.65,37.65,405.246,405.246,6900.0
0.7685,32.142,37.142,405.518,405.518,6900.0
0.7686,31.388,36.388,405.764,405.764,6900.0
0.7687,30.543,35.543,405.97,405.97,6900.0
0.7688,29.794,34.794,406.132,406.132,6900.0
0.7689,29.058,34.058,406.253,406.253,6900.0
0.769,28.336,33.336,406.338,406.338,6900.0
0.7691,27.621,32.621,406.388,406.388,6900.0
0.7692,26.788,31.788,406.407,406.407,6900.0
0.7693,25.891,30.891,406.397,406.397,6900.0
0.7694,24.876,29.876,406.346,406.346,6900.0
0.7695,23.946,28.946,406.245,406.245,6900.0
0.7696,23.186,28.186,406.108,406.108,6900.0
0.7697,22.413,27.413,405.946,405.946,6900.0
0.7698,21.261,26.261,405.769,405.769,6900.0
0.7699,19.872,24.872,405.544,405.544,6900.0
0.77,18.782,23.782,405.257,405.257,6900.0
0.7701,17.889,22.889,404.929,404.929,6900.0
0.7702,17.124,22.124,404.575,404.575,6900.0
0.7703,16.043,21.043,404.209,404.209,6900.0
0.7704,14.477,19.477,403.812,403.812,6900.0
0.7705,13.227,18.227,403.367,403.367,6900.0
0.7706,12.173,17.173,402.891,402.891,6900.0
0.7707,11.142,16.142,402.389,402.389,6900.0
0.7708,9.887,14.887,401.87,401.87,6900.0
0.7709,8.277,13.277,401.325,401.325,6900.0
0.771,6.75,11.75,400.747,400.747,6900.0
0.7711,5.5,10.5,400.146,400.146,6900.0
0.7712,4.144,9.144,399.525,399.525,6900.0
0.7713,2.605,7.605,398.889,398.889,6900.0
0.7714,1.134,6.134,398.237,398.237,6900.0
0.7715,0.076,5.076,397.574,397.574,6900.0
0.7716,-0.001,4.999,396.907,396.907,6900.0
0.7717,-0.0,5.0,396.238,396.238,6900.0
0.7718,-0.0,5.0,395.568,395.568,6900.0
0.7719,-0.0,5.0,394.896,394.896,6900.0
0.772,-0.002,4.998,394.223,394.223,6900.0
0.7721,-1.729,3.271,393.549,393.549,6900.0
0.7722,-5.075,-0.075,392.874,392.874,6900.0
0.7723,-8.586,-3.586,392.208,392.208,6900.0
0.7724,-9.594,-4.594,391.563,391.563,6900.0
0.7725,-10.746,-5.746,390.923,390.923,6900.0
0.7726,-12.262,-7.262,390.298,390.298,6900.0
0.7727,-13.803,-8.803,389.693,389.693,6900.0
0.7728,-15.341,-10.341,389.123,389.123,6900.0
0.7729,-16.419,-11.419,388.587,388.587,6900.0
0.773,-17.636,-12.636,388.064,388.064,6900.0
0.7731,-19.341,-14.341,387.56,387.56,6900.0
0.7732,-20.919,-15.919,387.101,387.101,6900.0
0.7733,-22.564,-17.564,386.698,386.698,6900.0
0.7734,-23.442,-18.442,386.351,386.351,6900.0
0.7735,-24.441,-19.441,386.02,386.02,6900.0
0.7736,-25.774,-20.774,385.708,385.708,6900.0
0.7737,-27.28,-22.28,385.434,385.434,6900.0
0.7738,-28.79,-23.79,385.216,385.216,6900.0
0.7739,-30.203,-25.203,385.055,385.055,6900.0
0.774,-31.341,-26.341,384.942,384.942,6900.0
0.7741,-32.693,-27.693,384.872,384.872,6900.0
0.7742,-33.859,-28.859,384.858,384.858,6900.0
0.7743,-35.087,-30.087,384.898,384.898,6900.0
0.7744,-36.449,-31.449,384.997,384.997,6900.0
0.7745,-37.437,-32.437,385.164,385.164,6900.0
0.7746,-38.397,-33.397,385.387,385.387,6900.0
0.7747,-39.148,-34.148,385.657,385.657,6900.0
0.7748,-40.017,-35.017,385.956,385.956,6900.0
0.7749,-41.001,-36.001,386.295,386.295,6900.0
0.775,-41.893,-36.893,386.678,386.678,6900.0
0.7751,-43.065,-38.065,387.117,387.117,6900.0
0.7752,-43.843,-38.843,387.605,387.605,6900.0
0.7753,-44.544,-39.544,388.118,388.118,6900.0
0.7754,-45.522,-40.522,388.671,388.671,6900.0
0.7755,-46.285,-41.285,389.278,389.278,6900.0
0.7756,-46.853,-41.853,389.96,389.96,6900.0
0.7757,-47.274,-42.274,390.685,390.685,6900.0
0.7758,-47.665,-42.665,391.421,391.421,6900.0
0.7759,-48.075,-43.075,392.19,392.19,6900.0
0.776,-48.454,-43.454,392.976,392.976,6900.0
0.7761,-48.889,-43.889,393.8,393.8,6900.0
0.7762,-49.007,-44.007,394.648,394.648,6900.0
0.7763,-49.202,-44.202,395.481,395.481,6900.0
0.7764,-49.542,-44.542,396.331,396.331,6900.0
0.7765,-49.588,-44.588,397.187,397.187,6900.0
0.7766,-49.949,-44.949,398.055,398.055,6900.0
0.7767,-49.731,-44.731,398.956,398.956,6900.0
0.7768,-49.835,-44.835,399.839,399.839,6900.0
0.7769,-49.746,-44.746,400.75,400.75,6900.0
0.777,-49.374,-44.374,401.657,401.657,6900.0
0.7771,-49.416,-44.416,402.545,402.545,6900.0
0.7772,-49.124,-44.124,403.445,403.445,6900.0
0.7773,-48.921,-43.921,404.323,404.323,6900.0
0.7774,-48.666,-43.666,405.202,405.202,6900.0
0.7775,-48.219,-43.219,406.053,406.053,6900.0
0.7776,-47.842,-42.842,406.86,406.86,6900.0
0.7777,-47.335,-42.335,407.647,407.647,6900.0
0.7778,-46.876,-41.876,408.401,408.401,6900.0
0.7779,-46.482,-41.482,409.142,409.142,6900.0
0.778,-45.844,-40.844,409.855,409.855,6900.0
0.7781,-45.046,-40.046,410.525,410.525,6900.0
0.7782,-44.326,-39.326,411.168,411.168,6900.0
0.7783,-43.684,-38.684,411.782,411.782,6900.0
0.7784,-43.093,-38.093,412.377,412.377,6900.0
0.7785,-42.27,-37.27,412.94,412.94,6900.0
0.7786,-41.427,-36.427,413.454,413.454,6900.0
0.7787,-40.677,-35.677,413.919,413.919,6900.0
0.7788,-39.805,-34.805,414.339,414.339,6900.0
0.7789,-38.869,-33.869,414.714,414.714,6900.0
0.779,-38.027,-33.027,415.042,415.042,6900.0
0.7791,-37.192,-32.192,415.328,415.328,6900.0
0.7792,-36.366,-31.366,415.568,415.568,6900.0
0.7793,-35.343,-30.343,415.762,415.762,6900.0
0.7794,-34.412,-29.412,415.908,415.908,6900.0
0.7795,-33.616,-28.616,416.018,416.018,6900.0
0.7796,-32.557,-27.557,416.108,416.108,6900.0
0.7797,-31.229,-26.229,416.163,416.163,6900.0
0.7798,-29.796,-24.796,416.152,416.152,6900.0
0.7799,-28.825,-23.825,416.075,416.075,6900.0
0.78,-27.994,-22.994,415.96,415.96,6900.0
0.7801,-27.045,-22.045,415.829,415.829,6900.0
0.7802,-25.705,-20.705,415.675,415.675,6900.0
0.7803,-24.17,-19.17,415.46,415.46,6900.0
0.7804,-23.323,-18.323,415.179,415.179,6900.0
0.7805,-22.036,-17.036,414.864,414.864,6900.0
0.7806,-21.169,-16.169,414.514,414.514,6900.0
0.7807,-19.725,-14.725,414.144,414.144,6900.0
0.7808,-18.406,-13.406,413.731,413.731,6900.0
0.7809,-17.362,-12.362,413.279,413.279,6900.0
0.781,-16.069,-11.069,412.805,412.805,6900.0
0.7811,-15.103,-10.103,412.306,412.306,6900.0
0.7812,-13.689,-8.689,411.792,411.792,6900.0
0.7813,-12.219,-7.219,411.253,411.253,6900.0
0.7814,-10.745,-5.745,410.689,410.689,6900.0
0.7815,-9.388,-4.388,410.102,410.102,6900.0
0.7816,-7.931,-2.931,409.496,409.496,6900.0
0.7817,-6.772,-1.772,408.874,408.874,6900.0
0.7818,-5.986,-0.986,408.239,408.239,6900.0
0.7819,-5.555,-0.555,407.594,407.594,6900.0
0.782,-4.75,0.25,406.942,406.942,6900.0
0.7821,-0.0,5.0,406.296,406.296,6900.0
0.7822,-0.0,5.0,405.643,405.643,6900.0
0.7823,0.038,5.038,404.988,404.988,6900.0
0.7824,0.234,5.234,404.333,404.333,6900.0
0.7825,0.429,5.429,403.678,403.678,6900.0
0.7826,1.677,6.677,403.026,403.026,6900.0
0.7827,2.736,7.736,402.383,402.383,6900.0
0.7828,3.404,8.404,401.749,401.749,6900.0
0.7829,4.791,9.791,401.12,401.12,6900.0
0.783,6.241,11.241,400.508,400.508,6900.0
0.7831,8.033,13.033,399.918,399.918,6900.0
0.7832,9.219,14.219,399.362,399.362,6900.0
0.7833,9.936,14.936,398.826,398.826,6900.0
0.7834,11.029,16.029,398.299,398.299,6900.0
0.7835,12.411,17.411,397.794,397.794,6900.0
0.7836,13.823,18.823,397.324,397.324,6900.0
0.7837,14.951,19.951,396.898,396.898,6900.0
0.7838,16.002,21.002,396.505,396.505,6900.0
0.7839,16.971,21.971,396.136,396.136,6900.0
0.784,17.989,22.989,395.797,395.797,6900.0
0.7841,19.265,24.265,395.493,395.493,6900.0
0.7842,20.356,25.356,395.23,395.23,6900.0
0.7843,21.607,26.607,395.004,395.004,6900.0
0.7844,22.509,27.509,394.821,394.821,6900.0
0.7845,23.556,28.556,394.674,394.674,6900.0
0.7846,24.675,29.675,394.561,394.561,6900.0
0.7847,25.672,30.672,394.486,394.486,6900.0
0.7848,26.396,31.396,394.455,394.455,6900.0
0.7849,27.276,32.276,394.466,394.466,6900.0
0.785,28.096,33.096,394.52,394.52,6900.0
0.7851,28.667,33.667,394.605,394.605,6900.0
0.7852,29.553,34.553,394.712,394.712,6900.0
0.7853,30.186,35.186,394.861,394.861,6900.0
0.7854,30.95,35.95,395.048,395.048,6900.0
0.7855,31.52,36.52,395.278,395.278,6900.0
0.7856,31.719,36.719,395.529,395.529,6900.0
0.7857,32.458,37.458,395.787,395.787,6900.0
0.7858,32.872,37.872,396.08,396.08,6900.0
0.7859,33.738,38.738,396.398,396.398,6900.0
0.786,34.104,39.104,396.768,396.768,6900.0
0.7861,34.293,39.293,397.15,397.15,6900.0
0.7862,34.835,39.835,397.541,397.541,6900.0
0.7863,34.916,39.916,397.959,397.959,6900.0
0.7864,35.214,40.214,398.377,398.377,6900.0
0.7865,35.488,40.488,398.824,398.824,6900.0
0.7866,35.482,40.482,399.275,399.275,6900.0
0.7867,35.769,40.769,399.729,399.729,6900.0
0.7868,35.703,40.703,400.195,400.195,6900.0
0.7869,35.852,40.852,400.649,400.649,6900.0
0.787,35.868,40.868,401.122,401.122,6900.0
0.7871,35.652,40.652,401.592,401.592,6900.0
0.7872,35.895,40.895,402.061,402.061,6900.0
0.7873,35.649,40.649,402.54,402.54,6900.0
0.7874,35.37,40.37,402.994,402.994,6900.0
0.7875,35.265,40.265,403.437,403.437,6900.0
0.7876,34.629,39.629,403.869,403.869,6900.0
0.7877,34.472,39.472,404.281,404.281,6900.0
0.7878,34.063,39.063,404.68,404.68,6900.0
0.7879,33.517,38.517,405.047,405.047,6900.0
0.788,33.277,38.277,405.385,405.385,6900.0
0.7881,32.968,37.968,405.705,405.705,6900.0
0.7882,32.566,37.566,406.017,406.017,6900.0
0.7883,32.044,37.044,406.308,406.308,6900.0
0.7884,31.413,36.413,406.568,406.568,6900.0
0.7885,30.817,35.817,406.792,406.792,6900.0
0.7886,29.987,34.987,406.99,406.99,6900.0
0.7887,29.253,34.253,407.155,407.155,6900.0
0.7888,28.593,33.593,407.287,407.287,6900.0
0.7889,27.819,32.819,407.388,407.388,6900.0
0.789,26.781,31.781,407.451,407.451,6900.0
0.7891,26.161,31.161,407.468,407.468,6900.0
0.7892,25.282,30.282,407.45,407.45,6900.0
0.7893,24.474,29.474,407.393,407.393,6900.0
0.7894,23.781,28.781,407.307,407.307,6900.0
0.7895,22.847,27.847,407.198,407.198,6900.0
0.7896,21.997,26.997,407.05,407.05,6900.0
0.7897,21.1,26.1,406.856,406.856,6900.0
0.7898,20.091,25.091,406.628,406.628,6900.0
0.7899,19.339,24.339,406.372,406.372,6900.0
0.79,18.254,23.254,406.104,406.104,6900.0
0.7901,16.78,21.78,405.795,405.795,6900.0
0.7902,15.534,20.534,405.427,405.427,6900.0
0.7903,14.624,19.624,405.018,405.018,6900.0
0.7904,13.796,18.796,404.582,404.582,6900.0
0.7905,12.824,17.824,404.131,404.131,6900.0
0.7906,11.486,16.486,403.654,403.654,6900.0
0.7907,10.162,15.162,403.141,403.141,6900.0
0.7908,8.956,13.956,402.603,402.603,6900.0
0.7909,7.792,12.792,402.042,402.042,6900.0
0.791,6.502,11.502,401.466,401.466,6900.0
0.7911,5.051,10.051,400.869,400.869,6900.0
0.7912,3.422,8.422,400.249,400.249,6900.0
0.7913,2.137,7.137,399.61,399.61,6900.0
0.7914,0.742,5.742,398.957,398.957,6900.0
0.7915,0.059,5.059,398.294,398.294,6900.0
0.7916,-0.0,5.0,397.628,397.628,6900.0
0.7917,-0.0,5.0,396.961,396.961,6900.0
0.7918,-0.0,5.0,396.292,396.292,6900.0
0.7919,-0.001,4.999,395.621,395.621,6900.0
0.792,0.0,5.0,394.95,394.95,6900.0
0.7921,-2.604,2.396,394.277,394.277,6900.0
0.7922,-5.766,-0.766,393.603,393.603,6900.0
0.7923,-8.341,-3.341,392.936,392.936,6900.0
0.7924,-9.477,-4.477,392.282,392.282,6900.0
0.7925,-10.893,-5.893,391.642,391.642,6900.0
0.7926,-12.005,-7.005,391.02,391.02,6900.0
0.7927,-13.349,-8.349,390.409,390.409,6900.0
0.7928,-14.918,-9.918,389.82,389.82,6900.0
0.7929,-16.34,-11.34,389.265,389.265,6900.0
0.793,-17.817,-12.817,388.757,388.757,6900.0
0.7931,-18.804,-13.804,388.295,388.295,6900.0
0.7932,-19.918,-14.918,387.846,387.846,6900.0
0.7933,-21.328,-16.328,387.414,387.414,6900.0
0.7934,-22.91,-17.91,387.021,387.021,6900.0
0.7935,-24.451,-19.451,386.683,386.683,6900.0
0.7936,-25.443,-20.443,386.397,386.397,6900.0
0.7937,-26.418,-21.418,386.13,386.13,6900.0
0.7938,-27.736,-22.736,385.885,385.885,6900.0
0.7939,-29.181,-24.181,385.681,385.681,6900.0
0.794,-30.546,-25.546,385.535,385.535,6900.0
0.7941,-31.852,-26.852,385.45,385.45,6900.0
0.7942,-33.083,-28.083,385.424,385.424,6900.0
0.7943,-34.286,-29.286,385.455,385.455,6900.0
0.7944,-35.339,-30.339,385.543,385.543,6900.0
0.7945,-36.308,-31.308,385.683,385.683,6900.0
0.7946,-37.049,-32.049,385.875,385.875,6900.0
0.7947,-37.861,-32.861,386.11,386.11,6900.0
0.7948,-38.747,-33.747,386.392,386.392,6900.0
0.7949,-39.565,-34.565,386.711,386.711,6900.0
0.795,-40.307,-35.307,387.055,387.055,6900.0
0.7951,-41.341,-36.341,387.43,387.43,6900.0
0.7952,-42.349,-37.349,387.85,387.85,6900.0
0.7953,-43.151,-38.151,388.336,388.336,6900.0
0.7954,-43.716,-38.716,388.867,388.867,6900.0
0.7955,-44.328,-39.328,389.419,389.419,6900.0
0.7956,-45.211,-40.211,390.016,390.016,6900.0
0.7957,-45.686,-40.686,390.665,390.665,6900.0
0.7958,-46.376,-41.376,391.372,391.372,6900.0
0.7959,-46.608,-41.608,392.127,392.127,6900.0
0.796,-46.892,-41.892,392.88,392.88,6900.0
0.7961,-47.242,-42.242,393.655,393.655,6900.0
0.7962,-47.343,-42.343,394.437,394.437,6900.0
0.7963,-47.766,-42.766,395.234,395.234,6900.0
0.7964,-47.892,-42.892,396.05,396.05,6900.0
0.7965,-48.089,-43.089,396.851,396.851,6900.0
0.7966,-48.186,-43.186,397.674,397.674,6900.0
0.7967,-48.077,-43.077,398.498,398.498,6900.0
0.7968,-48.274,-43.274,399.328,399.328,6900.0
0.7969,-48.191,-43.191,400.187,400.187,6900.0
0.797,-48.207,-43.207,401.038,401.038,6900.0
0.7971,-48.022,-43.022,401.913,401.913,6900.0
0.7972,-47.762,-42.762,402.774,402.774,6900.0
0.7973,-47.493,-42.493,403.613,403.613,6900.0
0.7974,-47.071,-42.071,404.444,404.444,6900.0
0.7975,-46.837,-41.837,405.242,405.242,6900.0
0.7976,-46.462,-41.462,406.033,406.033,6900.0
0.7977,-45.937,-40.937,406.791,406.791,6900.0
0.7978,-45.542,-40.542,407.499,407.499,6900.0
0.7979,-44.861,-39.861,408.189,408.189,6900.0
0.798,-44.554,-39.554,408.844,408.844,6900.0
0.7981,-43.898,-38.898,409.496,409.496,6900.0
0.7982,-43.151,-38.151,410.117,410.117,6900.0
0.7983,-42.465,-37.465,410.69,410.69,6900.0
0.7984,-41.843,-36.843,411.237,411.237,6900.0
0.7985,-41.105,-36.105,411.757,411.757,6900.0
0.7986,-40.668,-35.668,412.247,412.247,6900.0
0.7987,-39.842,-34.842,412.709,412.709,6900.0
0.7988,-38.952,-33.952,413.122,413.122,6900.0
0.7989,-37.958,-32.958,413.485,413.485,6900.0
0.799,-36.978,-31.978,413.794,413.794,6900.0
0.7991,-36.246,-31.246,414.05,414.05,6900.0
0.7992,-35.469,-30.469,414.266,414.266,6900.0
0.7993,-34.747,-29.747,414.448,414.448,6900.0
0.7994,-33.663,-28.663,414.596,414.596,6900.0
0.7995,-32.57,-27.57,414.69,414.69,6900.0
0.7996,-31.568,-26.568,414.735,414.735,6900.0
0.7997,-30.707,-25.707,414.744,414.744,6900.0
0.7998,-29.89,-24.89,414.734,414.734,6900.0
0.7999,-28.519,-23.519,414.699,414.699,6900.0
0.8,-27.11,-22.11,414.594,414.594,6900.0
0.8001,-26.241,-21.241,414.419,414.419,6900.0
0.8002,-25.459,-20.459,414.206,414.206,6900.0
0.8003,-24.441,-19.441,413.977,413.977,6900.0
0.8004,-23.075,-18.075,413.725,413.725,6900.0
0.8005,-21.522,-16.522,413.423,413.423,6900.0
0.8006,-20.385,-15.385,413.068,413.068,6900.0
0.8007,-19.216,-14.216,412.682,412.682,6900.0
0.8008,-18.262,-13.262,412.268,412.268,6900.0
0.8009,-16.791,-11.791,411.835,411.835,6900.0
0.801,-15.329,-10.329,411.365,411.365,6900.0
0.8011,-14.244,-9.244,410.858,410.858,6900.0
0.8012,-12.952,-7.952,410.327,410.327,6900.0
0.8013,-11.777,-6.777,409.771,409.771,6900.0
0.8014,-10.526,-5.526,409.196,409.196,6900.0
0.8015,-9.206,-4.206,408.602,408.602,6900.0
0.8016,-7.968,-2.968,407.991,407.991,6900.0
0.8017,-6.861,-1.861,407.365,407.365,6900.0
0.8018,-5.839,-0.839,406.729,406.729,6900.0
0.8019,-5.762,-0.762,406.081,406.081,6900.0
0.802,-3.941,1.059,405.433,405.433,6900.0
0.8021,0.138,5.138,404.782,404.782,6900.0
0.8022,-0.0,5.0,404.126,404.126,6900.0
0.8023,0.141,5.141,403.469,403.469,6900.0
0.8024,0.187,5.187,402.812,402.812,6900.0
0.8025,0.256,5.256,402.154,402.154,6900.0
0.8026,1.062,6.062,401.498,401.498,6900.0
0.8027,2.254,7.254,400.849,400.849,6900.0
0.8028,3.588,8.588,400.211,400.211,6900.0
0.8029,4.662,9.662,399.589,399.589,6900.0
0.803,5.527,10.527,398.979,398.979,6900.0
0.8031,6.952,11.952,398.375,398.375,6900.0
0.8032,8.436,13.436,397.791,397.791,6900.0
0.8033,9.962,14.962,397.233,397.233,6900.0
0.8034,11.151,16.151,396.712,396.712,6900.0
0.8035,11.959,16.959,396.214,396.214,6900.0
0.8036,13.029,18.029,395.731,395.731,6900.0
0.8037,14.425,19.425,395.274,395.274,6900.0
0.8038,15.677,20.677,394.859,394.859,6900.0
0.8039,16.687,21.687,394.488,394.488,6900.0
0.804,17.763,22.763,394.152,394.152,6900.0
0.8041,18.837,23.837,393.848,393.848,6900.0
0.8042,19.88,24.88,393.579,393.579,6900.0
0.8043,20.995,25.995,393.343,393.343,6900.0
0.8044,21.964,26.964,393.143,393.143,6900.0
0.8045,22.959,27.959,392.976,392.976,6900.0
0.8046,23.982,28.982,392.849,392.849,6900.0
0.8047,24.856,29.856,392.759,392.759,6900.0
0.8048,25.817,30.817,392.7,392.7,6900.0
0.8049,26.93,31.93,392.675,392.675,6900.0
0.805,27.87,32.87,392.7,392.7,6900.0
0.8051,28.956,33.956,392.779,392.779,6900.0
0.8052,29.516,34.516,392.912,392.912,6900.0
0.8053,30.004,35.004,393.073,393.073,6900.0
0.8054,30.772,35.772,393.251,393.251,6900.0
0.8055,31.339,36.339,393.467,393.467,6900.0
0.8056,31.932,36.932,393.718,393.718,6900.0
0.8057,32.366,37.366,394.004,394.004,6900.0
0.8058,32.525,37.525,394.304,394.304,6900.0
0.8059,33.293,38.293,394.604,394.604,6900.0
0.806,33.605,38.605,394.938,394.938,6900.0
0.8061,34.344,39.344,395.286,395.286,6900.0
0.8062,34.679,39.679,395.682,395.682,6900.0
0.8063,34.715,39.715,396.089,396.089,6900.0
0.8064,35.294,40.294,396.504,396.504,6900.0
0.8065,35.393,40.393,396.95,396.95,6900.0
0.8066,35.523,40.523,397.398,397.398,6900.0
0.8067,35.703,40.703,397.871,397.871,6900.0
0.8068,35.494,40.494,398.349,398.349,6900.0
0.8069,35.717,40.717,398.821,398.821,6900.0
0.807,35.514,40.514,399.301,399.301,6900.0
0.8071,35.457,40.457,399.754,399.754,6900.0
0.8072,35.63,40.63,400.21,400.21,6900.0
0.8073,35.448,40.448,400.661,400.661,6900.0
0.8074,35.524,40.524,401.109,401.109,6900.0
0.8075,35.286,40.286,401.559,401.559,6900.0
0.8076,34.821,39.821,401.985,401.985,6900.0
0.8077,34.658,39.658,402.393,402.393,6900.0
0.8078,34.326,39.326,402.789,402.789,6900.0
0.8079,33.977,38.977,403.18,403.18,6900.0
0.808,33.484,38.484,403.557,403.557,6900.0
0.8081,32.947,37.947,403.899,403.899,6900.0
0.8082,32.491,37.491,404.209,404.209,6900.0
0.8083,32.11,37.11,404.492,404.492,6900.0
0.8084,31.624,36.624,404.755,404.755,6900.0
0.8085,31.052,36.052,404.994,404.994,6900.0
0.8086,30.232,35.232,405.198,405.198,6900.0
0.8087,29.483,34.483,405.361,405.361,6900.0
0.8088,28.721,33.721,405.489,405.489,6900.0
0.8089,28.049,33.049,405.585,405.585,6900.0
0.809,27.297,32.297,405.653,405.653,6900.0
0.8091,26.472,31.472,405.69,405.69,6900.0
0.8092,25.473,30.473,405.695,405.695,6900.0
0.8093,24.709,29.709,405.656,405.656,6900.0
0.8094,23.948,28.948,405.575,405.575,6900.0
0.8095,23.105,28.105,405.459,405.459,6900.0
0.8096,22.358,27.358,405.313,405.313,6900.0
0.8097,21.444,26.444,405.147,405.147,6900.0
0.8098,20.108,25.108,404.939,404.939,6900.0
0.8099,19.173,24.173,404.67,404.67,6900.0
0.81,18.341,23.341,404.365,404.365,6900.0
0.8101,17.633,22.633,404.041,404.041,6900.0
0.8102,16.561,21.561,403.707,403.707,6900.0
0.8103,15.189,20.189,403.341,403.341,6900.0
0.8104,13.752,18.752,402.925,402.925,6900.0
0.8105,12.712,17.712,402.471,402.471,6900.0
0.8106,11.648,16.648,401.988,401.988,6900.0
0.8107,10.532,15.532,401.485,401.485,6900.0
0.8108,9.354,14.354,400.954,400.954,6900.0
0.8109,8.048,13.048,400.393,400.393,6900.0
0.811,6.925,11.925,399.809,399.809,6900.0
0.8111,5.591,10.591,399.205,399.205,6900.0
0.8112,4.37,9.37,398.585,398.585,6900.0
0.8113,2.853,7.853,397.95,397.95,6900.0
0.8114,1.277,6.277,397.299,397.299,6900.0
0.8115,0.088,5.088,396.635,396.635,6900.0
0.8116,-0.0,5.0,395.966,395.966,6900.0
0.8117,-0.0,5.0,395.296,395.296,6900.0
0.8118,-0.0,5.0,394.625,394.625,6900.0
0.8119,-0.0,5.0,393.951,393.951,6900.0
0.812,0.0,5.0,393.277,393.277,6900.0
0.8121,-1.259,3.741,392.601,392.601,6900.0
0.8122,-5.724,-0.724,391.925,391.925,6900.0
0.8123,-8.616,-3.616,391.262,391.262,6900.0
0.8124,-9.127,-4.127,390.614,390.614,6900.0
0.8125,-10.5,-5.5,389.97,389.97,6900.0
0.8126,-11.86,-6.86,389.341,389.341,6900.0
0.8127,-13.538,-8.538,388.735,388.735,6900.0
0.8128,-14.6,-9.6,388.156,388.156,6900.0
0.8129,-15.868,-10.868,387.588,387.588,6900.0
0.813,-17.637,-12.637,387.041,387.041,6900.0
0.8131,-19.06,-14.06,386.536,386.536,6900.0
0.8132,-20.745,-15.745,386.084,386.084,6900.0
0.8133,-21.775,-16.775,385.689,385.689,6900.0
0.8134,-22.65,-17.65,385.31,385.31,6900.0
0.8135,-23.986,-18.986,384.949,384.949,6900.0
0.8136,-25.697,-20.697,384.626,384.626,6900.0
0.8137,-27.327,-22.327,384.364,384.364,6900.0
0.8138,-28.308,-23.308,384.162,384.162,6900.0
0.8139,-29.341,-24.341,383.992,383.992,6900.0
0.814,-30.607,-25.607,383.854,383.854,6900.0
0.8141,-32.038,-27.038,383.763,383.763,6900.0
0.8142,-33.419,-28.419,383.729,383.729,6900.0
0.8143,-34.656,-29.656,383.758,383.758,6900.0
0.8144,-35.712,-30.712,383.849,383.849,6900.0
0.8145,-36.784,-31.784,383.994,383.994,6900.0
0.8146,-37.865,-32.865,384.19,384.19,6900.0
0.8147,-38.749,-33.749,384.432,384.432,6900.0
0.8148,-39.672,-34.672,384.72,384.72,6900.0
0.8149,-40.721,-35.721,385.053,385.053,6900.0
0.815,-41.493,-36.493,385.45,385.45,6900.0
0.8151,-42.258,-37.258,385.885,385.885,6900.0
0.8152,-42.944,-37.944,386.344,386.344,6900.0
0.8153,-43.88,-38.88,386.839,386.839,6900.0
0.8154,-44.788,-39.788,387.377,387.377,6900.0
0.8155,-45.551,-40.551,387.985,387.985,6900.0
0.8156,-45.991,-40.991,388.636,388.636,6900.0
0.8157,-46.42,-41.42,389.301,389.301,6900.0
0.8158,-47.055,-42.055,390.002,390.002,6900.0
0.8159,-47.554,-42.554,390.736,390.736,6900.0
0.816,-48.07,-43.07,391.527,391.527,6900.0
0.8161,-48.423,-43.423,392.348,392.348,6900.0
0.8162,-48.707,-43.707,393.169,393.169,6900.0
0.8163,-48.873,-43.873,394.016,394.016,6900.0
0.8164,-48.755,-43.755,394.863,394.863,6900.0
0.8165,-49.061,-44.061,395.717,395.717,6900.0
0.8166,-49.193,-44.193,396.586,396.586,6900.0
0.8167,-49.19,-44.19,397.448,397.448,6900.0
0.8168,-49.29,-44.29,398.326,398.326,6900.0
0.8169,-49.063,-44.063,399.202,399.202,6900.0
0.817,-49.28,-44.28,400.068,400.068,6900.0
0.8171,-48.989,-43.989,400.96,400.96,6900.0
0.8172,-48.963,-43.963,401.831,401.831,6900.0
0.8173,-48.663,-43.663,402.721,402.721,6900.0
0.8174,-48.103,-43.103,403.59,403.59,6900.0
0.8175,-47.934,-42.934,404.415,404.415,6900.0
0.8176,-47.354,-42.354,405.236,405.236,6900.0
0.8177,-47.021,-42.021,406.021,406.021,6900.0
0.8178,-46.572,-41.572,406.797,406.797,6900.0
0.8179,-45.896,-40.896,407.539,407.539,6900.0
0.818,-45.363,-40.363,408.228,408.228,6900.0
0.8181,-44.837,-39.837,408.891,408.891,6900.0
0.8182,-44.469,-39.469,409.524,409.524,6900.0
0.8183,-43.724,-38.724,410.148,410.148,6900.0
0.8184,-42.925,-37.925,410.734,410.734,6900.0
0.8185,-42.059,-37.059,411.273,411.273,6900.0
0.8186,-41.337,-36.337,411.771,411.771,6900.0
0.8187,-40.617,-35.617,412.235,412.235,6900.0
0.8188,-39.782,-34.782,412.668,412.668,6900.0
0.8189,-38.903,-33.903,413.061,413.061,6900.0
0.819,-37.803,-32.803,413.409,413.409,6900.0
0.8191,-37.094,-32.094,413.698,413.698,6900.0
0.8192,-36.241,-31.241,413.942,413.942,6900.0
0.8193,-35.464,-30.464,414.133,414.133,6900.0
0.8194,-34.672,-29.672,414.287,414.287,6900.0
0.8195,-33.781,-28.781,414.412,414.412,6900.0
0.8196,-32.476,-27.476,414.503,414.503,6900.0
0.8197,-31.147,-26.147,414.534,414.534,6900.0
0.8198,-30.071,-25.071,414.508,414.508,6900.0
0.8199,-29.278,-24.278,414.446,414.446,6900.0
0.82,-28.462,-23.462,414.368,414.368,6900.0
0.8201,-26.991,-21.991,414.269,414.269,6900.0
0.8202,-25.416,-20.416,414.099,414.099,6900.0
0.8203,-24.435,-19.435,413.856,413.856,6900.0
0.8204,-23.471,-18.471,413.571,413.571,6900.0
0.8205,-22.626,-17.626,413.258,413.258,6900.0
0.8206,-21.223,-16.223,412.928,412.928,6900.0
0.8207,-19.647,-14.647,412.553,412.553,6900.0
0.8208,-18.772,-13.772,412.132,412.132,6900.0
0.8209,-17.48,-12.48,411.692,411.692,6900.0
0.821,-16.401,-11.401,411.227,411.227,6900.0
0.8211,-14.979,-9.979,410.746,410.746,6900.0
0.8212,-13.326,-8.326,410.235,410.235,6900.0
0.8213,-11.958,-6.958,409.691,409.691,6900.0
0.8214,-10.714,-5.714,409.122,409.122,6900.0
0.8215,-9.406,-4.406,408.531,408.531,6900.0
0.8216,-8.243,-3.243,407.921,407.921,6900.0
0.8217,-7.004,-2.004,407.296,407.296,6900.0
0.8218,-6.051,-1.051,406.658,406.658,6900.0
0.8219,-5.387,-0.387,406.011,406.011,6900.0
0.822,-4.331,0.669,405.357,405.357,6900.0
0.8221,-0.008,4.992,404.705,404.705,6900.0
0.8222,-0.0,5.0,404.049,404.049,6900.0
0.8223,0.056,5.056,403.392,403.392,6900.0
0.8224,0.132,5.132,402.734,402.734,6900.0
0.8225,0.432,5.432,402.076,402.076,6900.0
0.8226,1.044,6.044,401.42,401.42,6900.0
0.8227,1.915,6.915,400.769,400.769,6900.0
0.8228,3.314,8.314,400.126,400.126,6900.0
0.8229,4.732,9.732,399.496,399.496,6900.0
0.823,6.372,11.372,398.886,398.886,6900.0
0.8231,7.667,12.667,398.304,398.304,6900.0
0.8232,8.534,13.534,397.739,397.739,6900.0
0.8233,9.93,14.93,397.181,397.181,6900.0
0.8234,11.438,16.438,396.645,396.645,6900.0
0.8235,12.869,17.869,396.144,396.144,6900.0
0.8236,14.034,19.034,395.685,395.685,6900.0
0.8237,14.996,19.996,395.256,395.256,6900.0
0.8238,16.055,21.055,394.849,394.849,6900.0
0.8239,17.279,22.279,394.472,394.472,6900.0
0.824,18.598,23.598,394.133,394.133,6900.0
0.8241,19.822,24.822,393.84,393.84,6900.0
0.8242,20.769,25.769,393.589,393.589,6900.0
0.8243,21.779,26.779,393.372,393.372,6900.0
0.8244,22.729,27.729,393.191,393.191,6900.0
0.8245,23.799,28.799,393.043,393.043,6900.0
0.8246,24.762,29.762,392.93,392.93,6900.0
0.8247,25.611,30.611,392.857,392.857,6900.0
0.8248,26.576,31.576,392.824,392.824,6900.0
0.8249,27.538,32.538,392.832,392.832,6900.0
0.825,28.357,33.357,392.876,392.876,6900.0
0.8251,29.345,34.345,392.95,392.95,6900.0
0.8252,30.171,35.171,393.071,393.071,6900.0
0.8253,30.915,35.915,393.245,393.245,6900.0
0.8254,31.466,36.466,393.462,393.462,6900.0
0.8255,32.004,37.004,393.701,393.701,6900.0
0.8256,32.611,37.611,393.958,393.958,6900.0
0.8257,33.175,38.175,394.246,394.246,6900.0
0.8258,33.877,38.877,394.565,394.565,6900.0
0.8259,34.266,39.266,394.927,394.927,6900.0
0.826,34.551,39.551,395.299,395.299,6900.0
0.8261,35.055,40.055,395.681,395.681,6900.0
0.8262,35.305,40.305,396.087,396.087,6900.0
0.8263,35.994,40.994,396.504,396.504,6900.0
0.8264,36.22,41.22,396.968,396.968,6900.0
0.8265,36.23,41.23,397.439,397.439,6900.0
0.8266,36.545,41.545,397.914,397.914,6900.0
0.8267,36.525,41.525,398.409,398.409,6900.0
0.8268,36.55,41.55,398.897,398.897,6900.0
0.8269,36.515,41.515,399.402,399.402,6900.0
0.827,36.301,41.301,399.899,399.899,6900.0
0.8271,36.469,41.469,400.391,400.391,6900.0
0.8272,36.322,41.322,400.887,400.887,6900.0
0.8273,36.234,41.234,401.357,401.357,6900.0
0.8274,36.374,41.374,401.826,401.826,6900.0
0.8275,36.16,41.16,402.288,402.288,6900.0
0.8276,35.879,40.879,402.749,402.749,6900.0
0.8277,35.424,40.424,403.198,403.198,6900.0
0.8278,34.888,39.888,403.617,403.617,6900.0
0.8279,34.636,39.636,404.011,404.011,6900.0
0.828,34.133,39.133,404.391,404.391,6900.0
0.8281,33.956,38.956,404.757,404.757,6900.0
0.8282,33.296,38.296,405.11,405.11,6900.0
0.8283,32.701,37.701,405.423,405.423,6900.0
0.8284,32.169,37.169,405.699,405.699,6900.0
0.8285,31.597,36.597,405.944,405.944,6900.0
0.8286,30.961,35.961,406.164,406.164,6900.0
0.8287,30.242,35.242,406.354,406.354,6900.0
0.8288,29.41,34.41,406.509,406.509,6900.0
0.8289,28.568,33.568,406.625,406.625,6900.0
0.829,27.792,32.792,406.704,406.704,6900.0
0.8291,26.995,31.995,406.747,406.747,6900.0
0.8292,26.124,31.124,406.757,406.757,6900.0
0.8293,25.506,30.506,406.734,406.734,6900.0
0.8294,24.435,29.435,406.687,406.687,6900.0
0.8295,23.378,28.378,406.593,406.593,6900.0
0.8296,22.449,27.449,406.447,406.447,6900.0
0.8297,21.636,26.636,406.261,406.261,6900.0
0.8298,21.028,26.028,406.05,406.05,6900.0
0.8299,20.028,25.028,405.825,405.825,6900.0
0.83,18.621,23.621,405.561,405.561,6900.0
0.8301,17.174,22.174,405.236,405.236,6900.0
0.8302,16.187,21.187,404.867,404.867,6900.0
0.8303,15.59,20.59,404.473,404.473,6900.0
0.8304,14.622,19.622,404.07,404.07,6900.0
0.8305,13.098,18.098,403.643,403.643,6900.0
0.8306,11.938,16.938,403.17,403.17,6900.0
0.8307,10.937,15.937,402.669,402.669,6900.0
0.8308,9.676,14.676,402.144,402.144,6900.0
0.8309,8.378,13.378,401.598,401.598,6900.0
0.831,6.775,11.775,401.027,401.027,6900.0
0.8311,5.349,10.349,400.428,400.428,6900.0
0.8312,3.941,8.941,399.808,399.808,6900.0
0.8313,2.573,7.573,399.17,399.17,6900.0
0.8314,1.273,6.273,398.519,398.519,6900.0
0.8315,0.067,5.067,397.857,397.857,6900.0
0.8316,0.0,5.0,397.191,397.191,6900.0
0.8317,-0.0,5.0,396.522,396.522,6900.0
0.8318,-0.0,5.0,395.853,395.853,6900.0
0.8319,-0.0,5.0,395.182,395.182,6900.0
0.832,-0.002,4.998,394.509,394.509,6900.0
0.8321,-0.608,4.392,393.836,393.836,6900.0
0.8322,-3.438,1.562,393.161,393.161,6900.0
0.8323,-7.856,-2.856,392.486,392.486,6900.0
0.8324,-9.74,-4.74,391.834,391.834,6900.0
0.8325,-10.767,-5.767,391.201,391.201,6900.0
0.8326,-11.875,-6.875,390.575,390.575,6900.0
0.8327,-13.542,-8.542,389.965,389.965,6900.0
0.8328,-14.836,-9.836,389.382,389.382,6900.0
0.8329,-16.525,-11.525,388.833,388.833,6900.0
0.833,-17.632,-12.632,388.325,388.325,6900.0
0.8331,-18.957,-13.957,387.83,387.83,6900.0
0.8332,-20.437,-15.437,387.358,387.358,6900.0
0.8333,-21.906,-16.906,386.929,386.929,6900.0
0.8334,-23.234,-18.234,386.559,386.559,6900.0
0.8335,-24.204,-19.204,386.239,386.239,6900.0
0.8336,-25.415,-20.415,385.935,385.935,6900.0
0.8337,-26.71,-21.71,385.654,385.654,6900.0
0.8338,-28.235,-23.235,385.412,385.412,6900.0
0.8339,-29.675,-24.675,385.226,385.226,6900.0
0.834,-30.722,-25.722,385.1,385.1,6900.0
0.8341,-31.8,-26.8,385.019,385.019,6900.0
0.8342,-32.901,-27.901,384.983,384.983,6900.0
0.8343,-34.196,-29.196,384.997,384.997,6900.0
0.8344,-35.357,-30.357,385.071,385.071,6900.0
0.8345,-36.59,-31.59,385.202,385.202,6900.0
0.8346,-37.661,-32.661,385.396,385.396,6900.0
0.8347,-38.562,-33.562,385.647,385.647,6900.0
0.8348,-39.412,-34.412,385.936,385.936,6900.0
0.8349,-40.389,-35.389,386.254,386.254,6900.0
0.835,-41.391,-36.391,386.614,386.614,6900.0
0.8351,-42.569,-37.569,387.017,387.017,6900.0
0.8352,-43.283,-38.283,387.492,387.492,6900.0
0.8353,-43.72,-38.72,388.007,388.007,6900.0
0.8354,-44.188,-39.188,388.539,388.539,6900.0
0.8355,-44.988,-39.988,389.106,389.106,6900.0
0.8356,-45.875,-40.875,389.719,389.719,6900.0
0.8357,-46.488,-41.488,390.408,390.408,6900.0
0.8358,-46.852,-41.852,391.14,391.14,6900.0
0.8359,-47.222,-42.222,391.879,391.879,6900.0
0.836,-47.62,-42.62,392.644,392.644,6900.0
0.8361,-48.0,-43.0,393.421,393.421,6900.0
0.8362,-48.463,-43.463,394.233,394.233,6900.0
0.8363,-48.568,-43.568,395.069,395.069,6900.0
0.8364,-48.599,-43.599,395.892,395.892,6900.0
0.8365,-48.673,-43.673,396.729,396.729,6900.0
0.8366,-48.854,-43.854,397.561,397.561,6900.0
0.8367,-49.189,-44.189,398.413,398.413,6900.0
0.8368,-49.176,-44.176,399.294,399.294,6900.0
0.8369,-49.186,-44.186,400.169,400.169,6900.0
0.837,-49.12,-44.12,401.066,401.066,6900.0
0.8371,-48.683,-43.683,401.957,401.957,6900.0
0.8372,-48.657,-43.657,402.823,402.823,6900.0
0.8373,-48.288,-43.288,403.693,403.693,6900.0
0.8374,-48.181,-43.181,404.535,404.535,6900.0
0.8375,-47.876,-42.876,405.376,405.376,6900.0
0.8376,-47.16,-42.16,406.19,406.19,6900.0
0.8377,-46.863,-41.863,406.948,406.948,6900.0
0.8378,-46.547,-41.547,407.691,407.691,6900.0
0.8379,-46.258,-41.258,408.412,408.412,6900.0
0.838,-45.653,-40.653,409.131,409.131,6900.0
0.8381,-45.079,-40.079,409.816,409.816,6900.0
0.8382,-44.5,-39.5,410.458,410.458,6900.0
0.8383,-43.793,-38.793,411.078,411.078,6900.0
0.8384,-42.916,-37.916,411.666,411.666,6900.0
0.8385,-42.021,-37.021,412.224,412.224,6900.0
0.8386,-41.277,-36.277,412.734,412.734,6900.0
0.8387,-40.316,-35.316,413.199,413.199,6900.0
0.8388,-39.658,-34.658,413.612,413.612,6900.0
0.8389,-38.794,-33.794,413.987,413.987,6900.0
0.839,-37.967,-32.967,414.319,414.319,6900.0
0.8391,-37.19,-32.19,414.61,414.61,6900.0
0.8392,-36.361,-31.361,414.865,414.865,6900.0
0.8393,-35.381,-30.381,415.076,415.076,6900.0
0.8394,-34.263,-29.263,415.236,415.236,6900.0
0.8395,-33.239,-28.239,415.343,415.343,6900.0
0.8396,-32.39,-27.39,415.41,415.41,6900.0
0.8397,-31.542,-26.542,415.451,415.451,6900.0
0.8398,-30.202,-25.202,415.465,415.465,6900.0
0.8399,-28.679,-23.679,415.415,415.415,6900.0
0.84,-27.748,-22.748,415.295,415.295,6900.0
0.8401,-26.827,-21.827,415.142,415.142,6900.0
0.8402,-26.064,-21.064,414.971,414.971,6900.0
0.8403,-24.646,-19.646,414.786,414.786,6900.0
0.8404,-23.096,-18.096,414.54,414.54,6900.0
0.8405,-22.03,-17.03,414.232,414.232,6900.0
0.8406,-20.992,-15.992,413.885,413.885,6900.0
0.8407,-20.261,-15.261,413.505,413.505,6900.0
0.8408,-19.012,-14.012,413.108,413.108,6900.0
0.8409,-17.47,-12.47,412.672,412.672,6900.0
0.841,-16.419,-11.419,412.195,412.195,6900.0
0.8411,-14.882,-9.882,411.697,411.697,6900.0
0.8412,-13.544,-8.544,411.173,411.173,6900.0
0.8413,-12.199,-7.199,410.631,410.631,6900.0
0.8414,-10.843,-5.843,410.067,410.067,6900.0
0.8415,-9.401,-4.401,409.482,409.482,6900.0
0.8416,-7.974,-2.974,408.878,408.878,6900.0
0.8417,-6.871,-1.871,408.257,408.257,6900.0
0.8418,-5.926,-0.926,407.624,407.624,6900.0
0.8419,-5.963,-0.963,406.978,406.978,6900.0
0.842,-3.92,1.08,406.332,406.332,6900.0
0.8421,-0.0,5.0,405.681,405.681,6900.0
0.8422,-0.0,5.0,405.027,405.027,6900.0
0.8423,0.036,5.036,404.371,404.371,6900.0
0.8424,0.149,5.149,403.716,403.716,6900.0
0.8425,0.503,5.503,403.059,403.059,6900.0
0.8426,1.189,6.189,402.405,402.405,6900.0
0.8427,2.666,7.666,401.758,401.758,6900.0
0.8428,3.501,8.501,401.124,401.124,6900.0
0.8429,4.233,9.233,400.497,400.497,6900.0
0.843,5.525,10.525,399.877,399.877,6900.0
0.8431,7.199,12.199,399.275,399.275,6900.0
0.8432,8.753,13.753,398.699,398.699,6900.0
0.8433,9.921,14.921,398.157,398.157,6900.0
0.8434,10.764,15.764,397.635,397.635,6900.0
0.8435,11.913,16.913,397.124,397.124,6900.0
0.8436,13.288,18.288,396.637,396.637,6900.0
0.8437,14.667,19.667,396.186,396.186,6900.0
0.8438,15.777,20.777,395.78,395.78,6900.0
0.8439,16.756,21.756,395.409,395.409,6900.0
0.844,17.845,22.845,395.066,395.066,6900.0
0.8441,18.938,23.938,394.756,394.756,6900.0
0.8442,19.986,24.986,394.485,394.485,6900.0
0.8443,21.155,26.155,394.25,394.25,6900.0
0.8444,22.137,27.137,394.058,394.058,6900.0
0.8445,23.134,28.134,393.901,393.901,6900.0
0.8446,24.077,29.077,393.78,393.78,6900.0
0.8447,24.887,29.887,393.692,393.692,6900.0
0.8448,26.054,31.054,393.63,393.63,6900.0
0.8449,27.113,32.113,393.612,393.612,6900.0
0.845,28.102,33.102,393.647,393.647,6900.0
0.8451,28.757,33.757,393.728,393.728,6900.0
0.8452,29.277,34.277,393.84,393.84,6900.0
0.8453,30.114,35.114,393.975,393.975,6900.0
0.8454,30.58,35.58,394.155,394.155,6900.0
0.8455,31.449,36.449,394.37,394.37,6900.0
0.8456,32.028,37.028,394.636,394.636,6900.0
0.8457,32.342,37.342,394.92,394.92,6900.0
0.8458,32.998,37.998,395.213,395.213,6900.0
0.8459,33.353,38.353,395.534,395.534,6900.0
0.846,34.111,39.111,395.87,395.87,6900.0
0.8461,34.239,39.239,396.25,396.25,6900.0
0.8462,34.366,39.366,396.632,396.632,6900.0
0.8463,34.975,39.975,397.019,397.019,6900.0
0.8464,35.072,40.072,397.436,397.436,6900.0
0.8465,35.56,40.56,397.858,397.858,6900.0
0.8466,35.977,40.977,398.32,398.32,6900.0
0.8467,35.902,40.902,398.798,398.798,6900.0
0.8468,36.0,41.0,399.283,399.283,6900.0
0.8469,35.792,40.792,399.774,399.774,6900.0
0.847,35.65,40.65,400.246,400.246,6900.0
0.8471,35.752,40.752,400.721,400.721,6900.0
0.8472,35.616,40.616,401.189,401.189,6900.0
0.8473,35.537,40.537,401.652,401.652,6900.0
0.8474,35.303,40.303,402.107,402.107,6900.0
0.8475,34.85,39.85,402.534,402.534,6900.0
0.8476,34.839,39.839,402.942,402.942,6900.0
0.8477,34.579,39.579,403.343,403.343,6900.0
0.8478,34.529,39.529,403.741,403.741,6900.0
0.8479,34.008,39.008,404.136,404.136,6900.0
0.848,33.457,38.457,404.501,404.501,6900.0
0.8481,33.188,38.188,404.839,404.839,6900.0
0.8482,32.737,37.737,405.16,405.16,6900.0
0.8483,32.223,37.223,405.465,405.465,6900.0
0.8484,31.527,36.527,405.744,405.744,6900.0
0.8485,30.809,35.809,405.982,405.982,6900.0
0.8486,30.0,35.0,406.178,406.178,6900.0
0.8487,29.364,34.364,406.335,406.335,6900.0
0.8488,28.779,33.779,406.462,406.462,6900.0
0.8489,28.047,33.047,406.561,406.561,6900.0
0.849,27.151,32.151,406.628,406.628,6900.0
0.8491,26.38,31.38,406.659,406.659,6900.0
0.8492,25.547,30.547,406.656,406.656,6900.0
0.8493,24.757,29.757,406.612,406.612,6900.0
0.8494,23.962,28.962,406.536,406.536,6900.0
0.8495,23.171,28.171,406.43,406.43,6900.0
0.8496,22.296,27.296,406.302,406.302,6900.0
0.8497,21.171,26.171,406.133,406.133,6900.0
0.8498,20.246,25.246,405.91,405.91,6900.0
0.8499,19.328,24.328,405.649,405.649,6900.0
0.85,18.522,23.522,405.364,405.364,6900.0
0.8501,17.517,22.517,405.065,405.065,6900.0
0.8502,15.993,20.993,404.728,404.728,6900.0
0.8503,14.77,19.77,404.333,404.333,6900.0
0.8504,13.964,18.964,403.902,403.902,6900.0
0.8505,13.05,18.05,403.444,403.444,6900.0
0.8506,12.139,17.139,402.971,402.971,6900.0
0.8507,10.689,15.689,402.475,402.475,6900.0
0.8508,9.412,14.412,401.943,401.943,6900.0
0.8509,8.199,13.199,401.388,401.388,6900.0
0.851,6.953,11.953,400.811,400.811,6900.0
0.8511,5.664,10.664,400.218,400.218,6900.0
0.8512,4.026,9.026,399.605,399.605,6900.0
0.8513,2.574,7.574,398.971,398.971,6900.0
0.8514,1.112,6.112,398.321,398.321,6900.0
0.8515,0.071,5.071,397.658,397.658,6900.0
0.8516,-0.001,4.999,396.991,396.991,6900.0
0.8517,-0.0,5.0,396.322,396.322,6900.0
0.8518,-0.0,5.0,395.652,395.652,6900.0
0.8519,-0.0,5.0,394.981,394.981,6900.0
0.852,0.0,5.0,394.308,394.308,6900.0
0.8521,-1.503,3.497,393.634,393.634,6900.0
0.8522,-5.345,-0.345,392.96,392.96,6900.0
0.8523,-8.009,-3.009,392.29,392.29,6900.0
0.8524,-9.105,-4.105,391.634,391.634,6900.0
0.8525,-10.359,-5.359,390.987,390.987,6900.0
0.8526,-11.763,-6.763,390.358,390.358,6900.0
0.8527,-13.016,-8.016,389.75,389.75,6900.0
0.8528,-14.213,-9.213,389.156,389.156,6900.0
0.8529,-16.045,-11.045,388.582,388.582,6900.0
0.853,-17.519,-12.519,388.05,388.05,6900.0
0.8531,-19.139,-14.139,387.568,387.568,6900.0
0.8532,-20.058,-15.058,387.137,387.137,6900.0
0.8533,-20.859,-15.859,386.719,386.719,6900.0
0.8534,-22.177,-17.177,386.314,386.314,6900.0
0.8535,-23.729,-18.729,385.945,385.945,6900.0
0.8536,-25.465,-20.465,385.63,385.63,6900.0
0.8537,-26.751,-21.751,385.371,385.371,6900.0
0.8538,-27.792,-22.792,385.14,385.14,6900.0
0.8539,-28.945,-23.945,384.936,384.936,6900.0
0.854,-30.297,-25.297,384.773,384.773,6900.0
0.8541,-31.757,-26.757,384.669,384.669,6900.0
0.8542,-32.872,-27.872,384.631,384.631,6900.0
0.8543,-34.145,-29.145,384.65,384.65,6900.0
0.8544,-35.251,-30.251,384.732,384.732,6900.0
0.8545,-36.298,-31.298,384.869,384.869,6900.0
0.8546,-37.274,-32.274,385.053,385.053,6900.0
0.8547,-38.164,-33.164,385.287,385.287,6900.0
0.8548,-39.087,-34.087,385.564,385.564,6900.0
0.8549,-39.762,-34.762,385.893,385.893,6900.0
0.855,-40.437,-35.437,386.251,386.251,6900.0
0.8551,-41.653,-36.653,386.622,386.622,6900.0
0.8552,-42.592,-37.592,387.046,387.046,6900.0
0.8553,-43.62,-38.62,387.514,387.514,6900.0
0.8554,-44.472,-39.472,388.056,388.056,6900.0
0.8555,-45.066,-40.066,388.65,388.65,6900.0
0.8556,-45.419,-40.419,389.27,389.27,6900.0
0.8557,-45.981,-40.981,389.927,389.927,6900.0
0.8558,-46.621,-41.621,390.617,390.617,6900.0
0.8559,-47.397,-42.397,391.368,391.368,6900.0
0.856,-47.496,-42.496,392.165,392.165,6900.0
0.8561,-47.791,-42.791,392.949,392.949,6900.0
0.8562,-48.157,-43.157,393.752,393.752,6900.0
0.8563,-48.181,-43.181,394.561,394.561,6900.0
0.8564,-48.501,-43.501,395.382,395.382,6900.0
0.8565,-48.614,-43.614,396.22,396.22,6900.0
0.8566,-48.758,-43.758,397.048,397.048,6900.0
0.8567,-48.766,-43.766,397.9,397.9,6900.0
0.8568,-48.643,-43.643,398.75,398.75,6900.0
0.8569,-48.784,-43.784,399.607,399.607,6900.0
0.857,-48.625,-43.625,400.49,400.49,6900.0
0.8571,-48.658,-43.658,401.362,401.362,6900.0
0.8572,-48.518,-43.518,402.253,402.253,6900.0
0.8573,-47.986,-42.986,403.129,403.129,6900.0
0.8574,-47.895,-42.895,403.964,403.964,6900.0
0.8575,-47.428,-42.428,404.794,404.794,6900.0
0.8576,-47.159,-42.159,405.585,405.585,6900.0
0.8577,-46.647,-41.647,406.367,406.367,6900.0
0.8578,-46.012,-41.012,407.111,407.111,6900.0
0.8579,-45.607,-40.607,407.804,407.804,6900.0
0.858,-45.097,-40.097,408.482,408.482,6900.0
0.8581,-44.821,-39.821,409.136,409.136,6900.0
0.8582,-44.164,-39.164,409.79,409.79,6900.0
0.8583,-43.312,-38.312,410.417,410.417,6900.0
0.8584,-42.477,-37.477,410.996,410.996,6900.0
0.8585,-41.672,-36.672,411.537,411.537,6900.0
0.8586,-41.309,-36.309,412.035,412.035,6900.0
0.8587,-40.414,-35.414,412.512,412.512,6900.0
0.8588,-39.457,-34.457,412.943,412.943,6900.0
0.8589,-38.557,-33.557,413.318,413.318,6900.0
0.859,-37.576,-32.576,413.645,413.645,6900.0
0.8591,-36.861,-31.861,413.919,413.919,6900.0
0.8592,-35.989,-30.989,414.153,414.153,6900.0
0.8593,-35.247,-30.247,414.347,414.347,6900.0
0.8594,-34.393,-29.393,414.514,414.514,6900.0
0.8595,-33.255,-28.255,414.644,414.644,6900.0
0.8596,-32.023,-27.023,414.719,414.719,6900.0
0.8597,-31.077,-26.077,414.737,414.737,6900.0
0.8598,-30.125,-25.125,414.72,414.72,6900.0
0.8599,-29.117,-24.117,414.68,414.68,6900.0
0.86,-27.663,-22.663,414.611,414.611,6900.0
0.8601,-26.244,-21.244,414.471,414.471,6900.0
0.8602,-25.286,-20.286,414.262,414.262,6900.0
0.8603,-24.357,-19.357,414.016,414.016,6900.0
0.8604,-23.491,-18.491,413.747,413.747,6900.0
0.8605,-22.122,-17.122,413.461,413.461,6900.0
0.8606,-20.652,-15.652,413.128,413.128,6900.0
0.8607,-19.82,-14.82,412.745,412.745,6900.0
0.8608,-18.466,-13.466,412.338,412.338,6900.0
0.8609,-17.347,-12.347,411.903,411.903,6900.0
0.861,-15.921,-10.921,411.448,411.448,6900.0
0.8611,-14.551,-9.551,410.958,410.958,6900.0
0.8612,-13.364,-8.364,410.434,410.434,6900.0
0.8613,-12.113,-7.113,409.886,409.886,6900.0
0.8614,-10.893,-5.893,409.315,409.315,6900.0
0.8615,-9.647,-4.647,408.725,408.725,6900.0
0.8616,-8.272,-3.272,408.118,408.118,6900.0
0.8617,-7.105,-2.105,407.494,407.494,6900.0
0.8618,-5.994,-0.994,406.859,406.859,6900.0
0.8619,-5.968,-0.968,406.212,406.212,6900.0
0.862,-3.956,1.044,405.564,405.564,6900.0
0.8621,0.0,5.0,404.913,404.913,6900.0
0.8622,-0.009,4.991,404.257,404.257,6900.0
0.8623,0.034,5.034,403.6,403.6,6900.0
0.8624,0.239,5.239,402.943,402.943,6900.0
0.8625,0.306,5.306,402.285,402.285,6900.0
0.8626,0.812,5.812,401.629,401.629,6900.0
0.8627,2.133,7.133,400.977,400.977,6900.0
0.8628,3.121,8.121,400.336,400.336,6900.0
0.8629,4.62,9.62,399.707,399.707,6900.0
0.863,5.75,10.75,399.099,399.099,6900.0
0.8631,6.725,11.725,398.504,398.504,6900.0
0.8632,8.158,13.158,397.918,397.918,6900.0
0.8633,9.58,14.58,397.353,397.353,6900.0
0.8634,11.104,16.104,396.818,396.818,6900.0
0.8635,12.395,17.395,396.324,396.324,6900.0
0.8636,13.163,18.163,395.859,395.859,6900.0
0.8637,14.203,19.203,395.406,395.406,6900.0
0.8638,15.608,20.608,394.979,394.979,6900.0
0.8639,17.022,22.022,394.592,394.592,6900.0
0.864,18.029,23.029,394.252,394.252,6900.0
0.8641,19.055,24.055,393.947,393.947,6900.0
0.8642,20.091,25.091,393.675,393.675,6900.0
0.8643,21.204,26.204,393.438,393.438,6900.0
0.8644,22.236,27.236,393.238,393.238,6900.0
0.8645,23.343,28.343,393.077,393.077,6900.0
0.8646,24.435,29.435,392.959,392.959,6900.0
0.8647,25.394,30.394,392.887,392.887,6900.0
0.8648,26.217,31.217,392.853,392.853,6900.0
0.8649,27.002,32.002,392.848,392.848,6900.0
0.865,27.855,32.855,392.87,392.87,6900.0
0.8651,28.7,33.7,392.931,392.931,6900.0
0.8652,29.708,34.708,393.038,393.038,6900.0
0.8653,30.143,35.143,393.196,393.196,6900.0
0.8654,30.726,35.726,393.374,393.374,6900.0
0.8655,31.598,36.598,393.574,393.574,6900.0
0.8656,32.075,37.075,393.819,393.819,6900.0
0.8657,32.724,37.724,394.097,394.097,6900.0
0.8658,33.262,38.262,394.419,394.419,6900.0
0.8659,33.516,38.516,394.76,394.76,6900.0
0.866,34.137,39.137,395.107,395.107,6900.0
0.8661,34.419,39.419,395.481,395.481,6900.0
0.8662,34.913,39.913,395.867,395.867,6900.0
0.8663,35.209,40.209,396.287,396.287,6900.0
0.8664,35.255,40.255,396.713,396.713,6900.0
0.8665,35.737,40.737,397.14,397.14,6900.0
0.8666,35.732,40.732,397.593,397.593,6900.0
0.8667,36.016,41.016,398.042,398.042,6900.0
0.8668,36.21,41.21,398.523,398.523,6900.0
0.8669,36.013,41.013,399.011,399.011,6900.0
0.867,36.154,41.154,399.498,399.498,6900.0
0.8671,36.076,41.076,399.994,399.994,6900.0
0.8672,35.924,40.924,400.472,400.472,6900.0
0.8673,36.01,41.01,400.949,400.949,6900.0
0.8674,35.841,40.841,401.418,401.418,6900.0
0.8675,35.884,40.884,401.879,401.879,6900.0
0.8676,35.186,40.186,402.338,402.338,6900.0
0.8677,34.702,39.702,402.751,402.751,6900.0
0.8678,34.609,39.609,403.141,403.141,6900.0
0.8679,34.202,39.202,403.52,403.52,6900.0
0.868,33.91,38.91,403.89,403.89,6900.0
0.8681,33.532,38.532,404.249,404.249,6900.0
0.8682,32.923,37.923,404.58,404.58,6900.0
0.8683,32.532,37.532,404.878,404.878,6900.0
0.8684,32.012,37.012,405.155,405.155,6900.0
0.8685,31.586,36.586,405.41,405.41,6900.0
0.8686,30.567,35.567,405.642,405.642,6900.0
0.8687,29.794,34.794,405.825,405.825,6900.0
0.8688,28.995,33.995,405.967,405.967,6900.0
0.8689,28.336,33.336,406.072,406.072,6900.0
0.869,27.555,32.555,406.144,406.144,6900.0
0.8691,26.887,31.887,406.184,406.184,6900.0
0.8692,26.254,31.254,406.193,406.193,6900.0
0.8693,25.295,30.295,406.176,406.176,6900.0
0.8694,24.399,29.399,406.117,406.117,6900.0
0.8695,23.485,28.485,406.013,406.013,6900.0
0.8696,22.71,27.71,405.872,405.872,6900.0
0.8697,21.967,26.967,405.705,405.705,6900.0
0.8698,21.017,26.017,405.518,405.518,6900.0
0.8699,19.67,24.67,405.291,405.291,6900.0
0.87,18.625,23.625,405.004,405.004,6900.0
0.8701,17.576,22.576,404.679,404.679,6900.0
0.8702,16.813,21.813,404.328,404.328,6900.0
0.8703,15.743,20.743,403.967,403.967,6900.0
0.8704,14.337,19.337,403.574,403.574,6900.0
0.8705,12.879,17.879,403.133,403.133,6900.0
0.8706,11.865,16.865,402.657,402.657,6900.0
0.8707,10.875,15.875,402.153,402.153,6900.0
0.8708,9.876,14.876,401.631,401.631,6900.0
0.8709,8.372,13.372,401.086,401.086,6900.0
0.871,6.975,11.975,400.508,400.508,6900.0
0.8711,5.571,10.571,399.909,399.909,6900.0
0.8712,4.242,9.242,399.289,399.289,6900.0
0.8713,2.907,7.907,398.654,398.654,6900.0
0.8714,1.526,6.526,398.006,398.006,6900.0
0.8715,0.056,5.056,397.344,397.344,6900.0
0.8716,0.003,5.003,396.677,396.677,6900.0
0.8717,-0.0,5.0,396.008,396.008,6900.0
0.8718,-0.0,5.0,395.337,395.337,6900.0
0.8719,-0.0,5.0,394.665,394.665,6900.0
0.872,-0.001,4.999,393.992,393.992,6900.0
0.8721,-0.976,4.024,393.318,393.318,6900.0
0.8722,-4.168,0.832,392.642,392.642,6900.0
0.8723,-8.298,-3.298,391.971,391.971,6900.0
0.8724,-9.183,-4.183,391.323,391.323,6900.0
0.8725,-10.317,-5.317,390.68,390.68,6900.0
0.8726,-11.833,-6.833,390.048,390.048,6900.0
0.8727,-13.302,-8.302,389.435,389.435,6900.0
0.8728,-14.714,-9.714,388.854,388.854,6900.0
0.8729,-15.733,-10.733,388.303,388.303,6900.0
0.873,-16.834,-11.834,387.764,387.764,6900.0
0.8731,-18.627,-13.627,387.244,387.244,6900.0
0.8732,-20.215,-15.215,386.768,386.768,6900.0
0.8733,-21.822,-16.822,386.349,386.349,6900.0
0.8734,-22.882,-17.882,385.983,385.983,6900.0
0.8735,-23.768,-18.768,385.635,385.635,6900.0
0.8736,-25.26,-20.26,385.3,385.3,6900.0
0.8737,-26.7,-21.7,385.009,385.009,6900.0
0.8738,-28.193,-23.193,384.775,384.775,6900.0
0.8739,-29.251,-24.251,384.601,384.601,6900.0
0.874,-30.262,-25.262,384.465,384.465,6900.0
0.8741,-31.708,-26.708,384.365,384.365,6900.0
0.8742,-33.121,-28.121,384.32,384.32,6900.0
0.8743,-34.358,-29.358,384.337,384.337,6900.0
0.8744,-35.568,-30.568,384.413,384.413,6900.0
0.8745,-36.672,-31.672,384.55,384.55,6900.0
0.8746,-37.5,-32.5,384.745,384.745,6900.0
0.8747,-38.326,-33.326,384.982,384.982,6900.0
0.8748,-39.25,-34.25,385.253,385.253,6900.0
0.8749,-40.193,-35.193,385.565,385.565,6900.0
0.875,-41.268,-36.268,385.921,385.921,6900.0
0.8751,-42.13,-37.13,386.341,386.341,6900.0
0.8752,-42.815,-37.815,386.802,386.802,6900.0
0.8753,-43.659,-38.659,387.282,387.282,6900.0
0.8754,-44.584,-39.584,387.809,387.809,6900.0
0.8755,-45.451,-40.451,388.387,388.387,6900.0
0.8756,-46.042,-41.042,389.038,389.038,6900.0
0.8757,-46.441,-41.441,389.731,389.731,6900.0
0.8758,-46.977,-41.977,390.434,390.434,6900.0
0.8759,-47.385,-42.385,391.177,391.177,6900.0
0.876,-47.859,-42.859,391.936,391.936,6900.0
0.8761,-48.473,-43.473,392.738,392.738,6900.0
0.8762,-48.64,-43.64,393.572,393.572,6900.0
0.8763,-48.896,-43.896,394.392,394.392,6900.0
0.8764,-49.118,-44.118,395.232,395.232,6900.0
0.8765,-49.075,-44.075,396.078,396.078,6900.0
0.8766,-49.385,-44.385,396.934,396.934,6900.0
0.8767,-49.232,-44.232,397.816,397.816,6900.0
0.8768,-49.331,-44.331,398.683,398.683,6900.0
0.8769,-49.361,-44.361,399.574,399.574,6900.0
0.877,-48.957,-43.957,400.467,400.467,6900.0
0.8771,-49.066,-44.066,401.34,401.34,6900.0
0.8772,-48.879,-43.879,402.23,402.23,6900.0
0.8773,-48.613,-43.613,403.102,403.102,6900.0
0.8774,-48.187,-43.187,403.976,403.976,6900.0
0.8775,-47.472,-42.472,404.821,404.821,6900.0
0.8776,-47.44,-42.44,405.608,405.608,6900.0
0.8777,-46.976,-41.976,406.391,406.391,6900.0
0.8778,-46.515,-41.515,407.141,407.141,6900.0
0.8779,-46.102,-41.102,407.878,407.878,6900.0
0.878,-45.401,-40.401,408.586,408.586,6900.0
0.8781,-45.006,-40.006,409.244,409.244,6900.0
0.8782,-44.48,-39.48,409.886,409.886,6900.0
0.8783,-43.971,-38.971,410.505,410.505,6900.0
0.8784,-43.202,-38.202,411.111,411.111,6900.0
0.8785,-42.234,-37.234,411.681,411.681,6900.0
0.8786,-41.456,-36.456,412.196,412.196,6900.0
0.8787,-40.722,-35.722,412.668,412.668,6900.0
0.8788,-39.819,-34.819,413.099,413.099,6900.0
0.8789,-38.82,-33.82,413.487,413.487,6900.0
0.879,-37.933,-32.933,413.826,413.826,6900.0
0.8791,-37.301,-32.301,414.117,414.117,6900.0
0.8792,-36.257,-31.257,414.37,414.37,6900.0
0.8793,-35.383,-30.383,414.568,414.568,6900.0
0.8794,-34.592,-29.592,414.722,414.722,6900.0
0.8795,-33.839,-28.839,414.842,414.842,6900.0
0.8796,-32.854,-27.854,414.938,414.938,6900.0
0.8797,-31.544,-26.544,415.001,415.001,6900.0
0.8798,-30.084,-25.084,415.004,415.004,6900.0
0.8799,-29.178,-24.178,414.942,414.942,6900.0
0.88,-28.172,-23.172,414.847,414.847,6900.0
0.8801,-27.172,-22.172,414.73,414.73,6900.0
0.8802,-25.79,-20.79,414.587,414.587,6900.0
0.8803,-24.292,-19.292,414.378,414.378,6900.0
0.8804,-23.22,-18.22,414.1,414.1,6900.0
0.8805,-22.158,-17.158,413.782,413.782,6900.0
0.8806,-21.472,-16.472,413.433,413.433,6900.0
0.8807,-20.193,-15.193,413.069,413.069,6900.0
0.8808,-18.602,-13.602,412.667,412.667,6900.0
0.8809,-17.41,-12.41,412.222,412.222,6900.0
0.881,-16.179,-11.179,411.753,411.753,6900.0
0.8811,-15.176,-10.176,411.263,411.263,6900.0
0.8812,-13.865,-8.865,410.757,410.757,6900.0
0.8813,-12.379,-7.379,410.226,410.226,6900.0
0.8814,-11.015,-6.015,409.666,409.666,6900.0
0.8815,-9.59,-4.59,409.084,409.084,6900.0
0.8816,-8.39,-3.39,408.479,408.479,6900.0
0.8817,-7.233,-2.233,407.858,407.858,6900.0
0.8818,-6.118,-1.118,407.224,407.224,6900.0
0.8819,-5.803,-0.803,406.578,406.578,6900.0
0.882,-3.782,1.218,405.929,405.929,6900.0
0.8821,-0.0,5.0,405.277,405.277,6900.0
0.8822,-0.0,5.0,404.622,404.622,6900.0
0.8823,-0.0,5.0,403.966,403.966,6900.0
0.8824,0.178,5.178,403.309,403.309,6900.0
0.8825,0.248,5.248,402.652,402.652,6900.0
0.8826,1.134,6.134,401.996,401.996,6900.0
0.8827,2.139,7.139,401.347,401.347,6900.0
0.8828,3.029,8.029,400.706,400.706,6900.0
0.8829,4.423,9.423,400.072,400.072,6900.0
0.883,5.903,10.903,399.455,399.455,6900.0
0.8831,7.479,12.479,398.859,398.859,6900.0
0.8832,8.656,13.656,398.294,398.294,6900.0
0.8833,9.554,14.554,397.747,397.747,6900.0
0.8834,10.806,15.806,397.21,397.21,6900.0
0.8835,12.265,17.265,396.696,396.696,6900.0
0.8836,13.488,18.488,396.218,396.218,6900.0
0.8837,14.72,19.72,395.78,395.78,6900.0
0.8838,15.592,20.592,395.377,395.377,6900.0
0.8839,16.667,21.667,394.993,394.993,6900.0
0.884,17.918,22.918,394.638,394.638,6900.0
0.8841,19.234,24.234,394.322,394.322,6900.0
0.8842,20.26,25.26,394.052,394.052,6900.0
0.8843,21.212,26.212,393.819,393.819,6900.0
0.8844,22.277,27.277,393.62,393.62,6900.0
0.8845,23.357,28.357,393.461,393.461,6900.0
0.8846,24.303,29.303,393.34,393.34,6900.0
0.8847,25.233,30.233,393.253,393.253,6900.0
0.8848,26.181,31.181,393.207,393.207,6900.0
0.8849,27.142,32.142,393.207,393.207,6900.0
0.885,28.082,33.082,393.25,393.25,6900.0
0.8851,28.609,33.609,393.326,393.326,6900.0
0.8852,29.463,34.463,393.423,393.423,6900.0
0.8853,30.092,35.092,393.561,393.561,6900.0
0.8854,30.923,35.923,393.739,393.739,6900.0
0.8855,31.595,36.595,393.961,393.961,6900.0
0.8856,32.177,37.177,394.207,394.207,6900.0
0.8857,32.998,37.998,394.473,394.473,6900.0
0.8858,33.372,38.372,394.781,394.781,6900.0
0.8859,34.117,39.117,395.114,395.114,6900.0
0.886,34.359,39.359,395.494,395.494,6900.0
0.8861,34.442,39.442,395.884,395.884,6900.0
0.8862,34.976,39.976,396.277,396.277,6900.0
0.8863,35.196,40.196,396.695,396.695,6900.0
0.8864,35.658,40.658,397.119,397.119,6900.0
0.8865,35.901,40.901,397.577,397.577,6900.0
0.8866,35.857,40.857,398.039,398.039,6900.0
0.8867,36.224,41.224,398.498,398.498,6900.0
0.8868,36.11,41.11,398.979,398.979,6900.0
0.8869,36.15,41.15,399.446,399.446,6900.0
0.887,36.325,41.325,399.929,399.929,6900.0
0.8871,36.129,41.129,400.414,400.414,6900.0
0.8872,36.194,41.194,400.899,400.899,6900.0
0.8873,35.968,40.968,401.39,401.39,6900.0
0.8874,35.9,40.9,401.856,401.856,6900.0
0.8875,35.872,40.872,402.319,402.319,6900.0
0.8876,35.422,40.422,402.77,402.77,6900.0
0.8877,35.37,40.37,403.206,403.206,6900.0
0.8878,34.881,39.881,403.635,403.635,6900.0
0.8879,34.255,39.255,404.026,404.026,6900.0
0.888,34.013,39.013,404.387,404.387,6900.0
0.8881,33.576,38.576,404.731,404.731,6900.0
0.8882,33.122,38.122,405.064,405.064,6900.0
0.8883,32.624,37.624,405.377,405.377,6900.0
0.8884,31.858,36.858,405.66,405.66,6900.0
0.8885,31.326,36.326,405.904,405.904,6900.0
0.8886,30.728,35.728,406.12,406.12,6900.0
0.8887,30.076,35.076,406.31,406.31,6900.0
0.8888,29.296,34.296,406.471,406.471,6900.0
0.8889,28.487,33.487,406.594,406.594,6900.0
0.889,27.684,32.684,406.676,406.676,6900.0
0.8891,26.86,31.86,406.72,406.72,6900.0
0.8892,26.098,31.098,406.724,406.724,6900.0
0.8893,25.295,30.295,406.693,406.693,6900.0
0.8894,24.571,29.571,406.633,406.633,6900.0
0.8895,23.512,28.512,406.548,406.548,6900.0
0.8896,22.738,27.738,406.418,406.418,6900.0
0.8897,21.808,26.808,406.244,406.244,6900.0
0.8898,20.908,25.908,406.034,406.034,6900.0
0.8899,20.156,25.156,405.798,405.798,6900.0
0.89,19.109,24.109,405.547,405.547,6900.0
0.8901,17.626,22.626,405.256,405.256,6900.0
0.8902,16.258,21.258,404.903,404.903,6900.0
0.8903,15.478,20.478,404.508,404.508,6900.0
0.8904,14.792,19.792,404.089,404.089,6900.0
0.8905,13.723,18.723,403.66,403.66,6900.0
0.8906,12.229,17.229,403.204,403.204,6900.0
0.8907,10.841,15.841,402.706,402.706,6900.0
0.8908,9.765,14.765,402.182,402.182,6900.0
0.8909,8.77,13.77,401.634,401.634,6900.0
0.891,7.54,12.54,401.071,401.071,6900.0
0.8911,5.802,10.802,400.486,400.486,6900.0
0.8912,4.167,9.167,399.873,399.873,6900.0
0.8913,2.841,7.841,399.239,399.239,6900.0
0.8914,1.28,6.28,398.591,398.591,6900.0
0.8915,0.075,5.075,397.929,397.929,6900.0
0.8916,0.0,5.0,397.263,397.263,6900.0
0.8917,-0.0,5.0,396.595,396.595,6900.0
0.8918,-0.0,5.0,395.925,395.925,6900.0
0.8919,-0.0,5.0,395.254,395.254,6900.0
0.892,0.0,5.0,394.582,394.582,6900.0
0.8921,-0.949,4.051,393.909,393.909,6900.0
0.8922,-3.492,1.508,393.234,393.234,6900.0
0.8923,-7.464,-2.464,392.559,392.559,6900.0
0.8924,-9.03,-4.03,391.9,391.9,6900.0
0.8925,-10.426,-5.426,391.257,391.257,6900.0
0.8926,-11.474,-6.474,390.631,390.631,6900.0
0.8927,-12.742,-7.742,390.014,390.014,6900.0
0.8928,-14.302,-9.302,389.418,389.418,6900.0
0.8929,-15.789,-10.789,388.852,388.852,6900.0
0.893,-17.413,-12.413,388.329,388.329,6900.0
0.8931,-18.403,-13.403,387.85,387.85,6900.0
0.8932,-19.561,-14.561,387.384,387.384,6900.0
0.8933,-21.005,-16.005,386.938,386.938,6900.0
0.8934,-22.562,-17.562,386.532,386.532,6900.0
0.8935,-24.236,-19.236,386.184,386.184,6900.0
0.8936,-25.372,-20.372,385.893,385.893,6900.0
0.8937,-26.186,-21.186,385.623,385.623,6900.0
0.8938,-27.519,-22.519,385.368,385.368,6900.0
0.8939,-28.92,-23.92,385.154,385.154,6900.0
0.894,-30.271,-25.271,384.996,384.996,6900.0
0.8941,-31.619,-26.619,384.896,384.896,6900.0
0.8942,-32.8,-27.8,384.851,384.851,6900.0
0.8943,-34.095,-29.095,384.856,384.856,6900.0
0.8944,-35.122,-30.122,384.923,384.923,6900.0
0.8945,-36.142,-31.142,385.043,385.043,6900.0
0.8946,-37.175,-32.175,385.219,385.219,6900.0
0.8947,-38.144,-33.144,385.45,385.45,6900.0
0.8948,-39.2,-34.2,385.732,385.732,6900.0
0.8949,-39.931,-34.931,386.061,386.061,6900.0
0.895,-40.672,-35.672,386.413,386.413,6900.0
0.8951,-41.97,-36.97,386.792,386.792,6900.0
0.8952,-42.857,-37.857,387.226,387.226,6900.0
0.8953,-43.549,-38.549,387.72,387.72,6900.0
0.8954,-44.103,-39.103,388.253,388.253,6900.0
0.8955,-44.708,-39.708,388.806,388.806,6900.0
0.8956,-45.555,-40.555,389.403,389.403,6900.0
0.8957,-46.221,-41.221,390.051,390.051,6900.0
0.8958,-46.83,-41.83,390.769,390.769,6900.0
0.8959,-47.219,-42.219,391.53,391.53,6900.0
0.896,-47.424,-42.424,392.299,392.299,6900.0
0.8961,-47.741,-42.741,393.089,393.089,6900.0
0.8962,-47.898,-42.898,393.885,393.885,6900.0
0.8963,-48.433,-43.433,394.7,394.7,6900.0
0.8964,-48.628,-43.628,395.537,395.537,6900.0
0.8965,-48.809,-43.809,396.359,396.359,6900.0
0.8966,-48.787,-43.787,397.202,397.202,6900.0
0.8967,-48.681,-43.681,398.04,398.04,6900.0
0.8968,-49.057,-44.057,398.882,398.882,6900.0
0.8969,-48.969,-43.969,399.758,399.758,6900.0
0.897,-48.807,-43.807,400.63,400.63,6900.0
0.8971,-48.799,-43.799,401.518,401.518,6900.0
0.8972,-48.44,-43.44,402.4,402.4,6900.0
0.8973,-48.409,-43.409,403.259,403.259,6900.0
0.8974,-47.99,-42.99,404.122,404.122,6900.0
0.8975,-47.784,-42.784,404.951,404.951,6900.0
0.8976,-47.296,-42.296,405.778,405.778,6900.0
0.8977,-46.647,-41.647,406.567,406.567,6900.0
0.8978,-46.286,-41.286,407.302,407.302,6900.0
0.8979,-45.758,-40.758,408.017,408.017,6900.0
0.898,-45.494,-40.494,408.698,408.698,6900.0
0.8981,-44.833,-39.833,409.377,409.377,6900.0
0.8982,-44.04,-39.04,410.024,410.024,6900.0
0.8983,-43.471,-38.471,410.621,410.621,6900.0
0.8984,-42.859,-37.859,411.196,411.196,6900.0
0.8985,-42.177,-37.177,411.744,411.744,6900.0
0.8986,-41.519,-36.519,412.269,412.269,6900.0
0.8987,-40.687,-35.687,412.756,412.756,6900.0
0.8988,-39.79,-34.79,413.196,413.196,6900.0
0.8989,-38.886,-33.886,413.585,413.585,6900.0
0.899,-37.936,-32.936,413.925,413.925,6900.0
0.8991,-37.173,-32.173,414.215,414.215,6900.0
0.8992,-36.352,-31.352,414.464,414.464,6900.0
0.8993,-35.477,-30.477,414.675,414.675,6900.0
0.8994,-34.492,-29.492,414.845,414.845,6900.0
0.8995,-33.39,-28.39,414.964,414.964,6900.0
0.8996,-32.417,-27.417,415.033,415.033,6900.0
0.8997,-31.528,-26.528,415.067,415.067,6900.0
0.8998,-30.569,-25.569,415.078,415.078,6900.0
0.8999,-29.17,-24.17,415.059,415.059,6900.0
0.9,-27.786,-22.786,414.972,414.972,6900.0
0.9001,-26.787,-21.787,414.819,414.819,6900.0
0.9002,-25.943,-20.943,414.629,414.629,6900.0
0.9003,-24.934,-19.934,414.423,414.423,6900.0
0.9004,-23.436,-18.436,414.197,414.197,6900.0
0.9005,-21.905,-16.905,413.912,413.912,6900.0
0.9006,-20.98,-15.98,413.569,413.569,6900.0
0.9007,-19.887,-14.887,413.194,413.194,6900.0
0.9008,-18.999,-13.999,412.79,412.79,6900.0
0.9009,-17.478,-12.478,412.367,412.367,6900.0
0.901,-16.039,-11.039,411.904,411.904,6900.0
0.9011,-15.012,-10.012,411.403,411.403,6900.0
0.9012,-13.675,-8.675,410.88,410.88,6900.0
0.9013,-12.471,-7.471,410.333,410.333,6900.0
0.9014,-11.058,-6.058,409.771,409.771,6900.0
0.9015,-9.566,-4.566,409.188,409.188,6900.0
0.9016,-8.341,-3.341,408.584,408.584,6900.0
0.9017,-7.027,-2.027,407.966,407.966,6900.0
0.9018,-5.984,-0.984,407.334,407.334,6900.0
0.9019,-6.262,-1.262,406.689,406.689,6900.0
0.902,-4.485,0.515,406.043,406.043,6900.0
0.9021,0.549,5.549,405.394,405.394,6900.0
0.9022,-0.0,5.0,404.739,404.739,6900.0
0.9023,0.05,5.05,404.083,404.083,6900.0
0.9024,0.111,5.111,403.427,403.427,6900.0
0.9025,0.206,5.206,402.77,402.77,6900.0
0.9026,1.099,6.099,402.114,402.114,6900.0
0.9027,2.161,7.161,401.465,401.465,6900.0
0.9028,3.495,8.495,400.825,400.825,6900.0
0.9029,4.467,9.467,400.201,400.201,6900.0
0.903,5.346,10.346,399.586,399.586,6900.0
0.9031,6.544,11.544,398.979,398.979,6900.0
0.9032,7.926,12.926,398.389,398.389,6900.0
0.9033,9.448,14.448,397.824,397.824,6900.0
0.9034,10.731,15.731,397.296,397.296,6900.0
0.9035,11.649,16.649,396.79,396.79,6900.0
0.9036,12.899,17.899,396.298,396.298,6900.0
0.9037,14.34,19.34,395.835,395.835,6900.0
0.9038,15.827,20.827,395.411,395.411,6900.0
0.9039,16.856,21.856,395.038,395.038,6900.0
0.904,17.773,22.773,394.7,394.7,6900.0
0.9041,18.627,23.627,394.39,394.39,6900.0
0.9042,19.702,24.702,394.11,394.11,6900.0
0.9043,20.887,25.887,393.865,393.865,6900.0
0.9044,22.125,27.125,393.661,393.661,6900.0
0.9045,23.113,28.113,393.497,393.497,6900.0
0.9046,24.043,29.043,393.37,393.37,6900.0
0.9047,24.925,29.925,393.277,393.277,6900.0
0.9048,25.894,30.894,393.217,393.217,6900.0
0.9049,26.992,31.992,393.189,393.189,6900.0
0.905,27.828,32.828,393.21,393.21,6900.0
0.9051,28.566,33.566,393.28,393.28,6900.0
0.9052,29.222,34.222,393.394,393.394,6900.0
0.9053,29.72,34.72,393.538,393.538,6900.0
0.9054,30.568,35.568,393.703,393.703,6900.0
0.9055,31.134,36.134,393.908,393.908,6900.0
0.9056,31.835,36.835,394.149,394.149,6900.0
0.9057,32.401,37.401,394.429,394.429,6900.0
0.9058,32.749,37.749,394.727,394.727,6900.0
0.9059,33.402,38.402,395.033,395.033,6900.0
0.906,33.801,38.801,395.37,395.37,6900.0
0.9061,34.505,39.505,395.724,395.724,6900.0
0.9062,34.728,39.728,396.123,396.123,6900.0
0.9063,34.912,39.912,396.53,396.53,6900.0
0.9064,35.49,40.49,396.945,396.945,6900.0
0.9065,35.52,40.52,397.39,397.39,6900.0
0.9066,35.94,40.94,397.834,397.834,6900.0
0.9067,36.084,41.084,398.313,398.313,6900.0
0.9068,35.878,40.878,398.797,398.797,6900.0
0.9069,35.975,40.975,399.275,399.275,6900.0
0.907,35.772,40.772,399.759,399.759,6900.0
0.9071,35.864,40.864,400.221,400.221,6900.0
0.9072,35.814,40.814,400.694,400.694,6900.0
0.9073,35.608,40.608,401.155,401.155,6900.0
0.9074,35.609,40.609,401.612,401.612,6900.0
0.9075,35.275,40.275,402.067,402.067,6900.0
0.9076,34.994,39.994,402.494,402.494,6900.0
0.9077,34.987,39.987,402.906,402.906,6900.0
0.9078,34.7,39.7,403.312,403.312,6900.0
0.9079,34.48,39.48,403.711,403.711,6900.0
0.908,33.946,38.946,404.098,404.098,6900.0
0.9081,33.392,38.392,404.451,404.451,6900.0
0.9082,32.931,37.931,404.774,404.774,6900.0
0.9083,32.354,37.354,405.073,405.073,6900.0
0.9084,32.005,37.005,405.351,405.351,6900.0
0.9085,31.332,36.332,405.607,405.607,6900.0
0.9086,30.565,35.565,405.827,405.827,6900.0
0.9087,29.811,34.811,406.005,406.005,6900.0
0.9088,29.13,34.13,406.148,406.148,6900.0
0.9089,28.322,33.322,406.26,406.26,6900.0
0.909,27.683,32.683,406.337,406.337,6900.0
0.9091,27.015,32.015,406.384,406.384,6900.0
0.9092,26.068,31.068,406.401,406.401,6900.0
0.9093,25.26,30.26,406.376,406.376,6900.0
0.9094,24.327,29.327,406.311,406.311,6900.0
0.9095,23.465,28.465,406.209,406.209,6900.0
0.9096,22.925,27.925,406.077,406.077,6900.0
0.9097,22.014,27.014,405.928,405.928,6900.0
0.9098,20.847,25.847,405.739,405.739,6900.0
0.9099,19.645,24.645,405.495,405.495,6900.0
0.91,18.94,23.94,405.209,405.209,6900.0
0.9101,18.053,23.053,404.904,404.904,6900.0
0.9102,17.055,22.055,404.584,404.584,6900.0
0.9103,15.457,20.457,404.23,404.23,6900.0
0.9104,14.033,19.033,403.818,403.818,6900.0
0.9105,13.016,18.016,403.367,403.367,6900.0
0.9106,12.26,17.26,402.888,402.888,6900.0
0.9107,11.35,16.35,402.395,402.395,6900.0
0.9108,9.95,14.95,401.878,401.878,6900.0
0.9109,8.634,13.634,401.328,401.328,6900.0
0.911,7.467,12.467,400.756,400.756,6900.0
0.9111,6.219,11.219,400.163,400.163,6900.0
0.9112,4.885,9.885,399.556,399.556,6900.0
0.9113,3.098,8.098,398.93,398.93,6900.0
0.9114,1.466,6.466,398.284,398.284,6900.0
0.9115,0.052,5.052,397.623,397.623,6900.0
0.9116,0.0,5.0,396.956,396.956,6900.0
0.9117,-0.0,5.0,396.288,396.288,6900.0
0.9118,-0.0,5.0,395.618,395.618,6900.0
0.9119,-0.0,5.0,394.946,394.946,6900.0
0.912,0.0,5.0,394.273,394.273,6900.0
0.9121,-1.184,3.816,393.6,393.6,6900.0
0.9122,-5.163,-0.163,392.925,392.925,6900.0
0.9123,-7.906,-2.906,392.259,392.259,6900.0
0.9124,-8.768,-3.768,391.604,391.604,6900.0
0.9125,-10.164,-5.164,390.955,390.955,6900.0
0.9126,-11.442,-6.442,390.318,390.318,6900.0
0.9127,-12.915,-7.915,389.703,389.703,6900.0
0.9128,-14.129,-9.129,389.113,389.113,6900.0
0.9129,-15.29,-10.29,388.538,388.538,6900.0
0.913,-16.922,-11.922,387.987,387.987,6900.0
0.9131,-18.564,-13.564,387.476,387.476,6900.0
0.9132,-20.34,-15.34,387.021,387.021,6900.0
0.9133,-21.023,-16.023,386.623,386.623,6900.0
0.9134,-21.95,-16.95,386.233,386.233,6900.0
0.9135,-23.385,-18.385,385.855,385.855,6900.0
0.9136,-24.891,-19.891,385.517,385.517,6900.0
0.9137,-26.476,-21.476,385.232,385.232,6900.0
0.9138,-27.67,-22.67,385.003,385.003,6900.0
0.9139,-28.67,-23.67,384.807,384.807,6900.0
0.914,-29.964,-24.964,384.637,384.637,6900.0
0.9141,-31.395,-26.395,384.517,384.517,6900.0
0.9142,-32.774,-27.774,384.459,384.459,6900.0
0.9143,-34.105,-29.105,384.465,384.465,6900.0
0.9144,-35.376,-30.376,384.537,384.537,6900.0
0.9145,-36.372,-31.372,384.673,384.673,6900.0
0.9146,-37.452,-32.452,384.857,384.857,6900.0
0.9147,-38.263,-33.263,385.089,385.089,6900.0
0.9148,-39.178,-34.178,385.362,385.362,6900.0
0.9149,-39.904,-34.904,385.68,385.68,6900.0
0.915,-40.589,-35.589,386.045,386.045,6900.0
0.9151,-41.637,-36.637,386.438,386.438,6900.0
0.9152,-42.605,-37.605,386.861,386.861,6900.0
0.9153,-43.639,-38.639,387.328,387.328,6900.0
0.9154,-44.578,-39.578,387.845,387.845,6900.0
0.9155,-45.292,-40.292,388.435,388.435,6900.0
0.9156,-45.694,-40.694,389.07,389.07,6900.0
0.9157,-46.119,-41.119,389.722,389.722,6900.0
0.9158,-46.855,-41.855,390.41,390.41,6900.0
0.9159,-47.399,-42.399,391.139,391.139,6900.0
0.916,-47.978,-42.978,391.924,391.924,6900.0
0.9161,-47.999,-42.999,392.748,392.748,6900.0
0.9162,-48.189,-43.189,393.556,393.556,6900.0
0.9163,-48.437,-43.437,394.379,394.379,6900.0
0.9164,-48.479,-43.479,395.202,395.202,6900.0
0.9165,-48.738,-43.738,396.038,396.038,6900.0
0.9166,-48.778,-43.778,396.887,396.887,6900.0
0.9167,-48.852,-43.852,397.723,397.723,6900.0
0.9168,-48.928,-43.928,398.58,398.58,6900.0
0.9169,-48.822,-43.822,399.437,399.437,6900.0
0.917,-49.04,-44.04,400.297,400.297,6900.0
0.9171,-48.698,-43.698,401.186,401.186,6900.0
0.9172,-48.495,-43.495,402.055,402.055,6900.0
0.9173,-48.387,-43.387,402.931,402.931,6900.0
0.9174,-47.996,-42.996,403.794,403.794,6900.0
0.9175,-47.814,-42.814,404.62,404.62,6900.0
0.9176,-47.287,-42.287,405.438,405.438,6900.0
0.9177,-47.021,-42.021,406.217,406.217,6900.0
0.9178,-46.554,-41.554,406.988,406.988,6900.0
0.9179,-45.82,-40.82,407.725,407.725,6900.0
0.918,-45.448,-40.448,408.406,408.406,6900.0
0.9181,-44.853,-39.853,409.071,409.071,6900.0
0.9182,-44.36,-39.36,409.707,409.707,6900.0
0.9183,-43.509,-38.509,410.335,410.335,6900.0
0.9184,-42.555,-37.555,410.926,410.926,6900.0
0.9185,-41.765,-36.765,411.464,411.464,6900.0
0.9186,-41.327,-36.327,411.965,411.965,6900.0
0.9187,-40.672,-35.672,412.437,412.437,6900.0
0.9188,-39.861,-34.861,412.878,412.878,6900.0
0.9189,-39.044,-34.044,413.277,413.277,6900.0
0.919,-37.998,-32.998,413.63,413.63,6900.0
0.9191,-37.311,-32.311,413.925,413.925,6900.0
0.9192,-36.405,-31.405,414.175,414.175,6900.0
0.9193,-35.544,-30.544,414.376,414.376,6900.0
0.9194,-34.739,-29.739,414.539,414.539,6900.0
0.9195,-33.831,-28.831,414.673,414.673,6900.0
0.9196,-32.527,-27.527,414.772,414.772,6900.0
0.9197,-31.31,-26.31,414.813,414.813,6900.0
0.9198,-30.382,-25.382,414.798,414.798,6900.0
0.9199,-29.489,-24.489,414.75,414.75,6900.0
0.92,-28.593,-23.593,414.682,414.682,6900.0
0.9201,-27.088,-22.088,414.588,414.588,6900.0
0.9202,-25.455,-20.455,414.423,414.423,6900.0
0.9203,-24.435,-19.435,414.184,414.184,6900.0
0.9204,-23.463,-18.463,413.904,413.904,6900.0
0.9205,-22.608,-17.608,413.601,413.601,6900.0
0.9206,-21.431,-16.431,413.281,413.281,6900.0
0.9207,-19.915,-14.915,412.921,412.921,6900.0
0.9208,-18.834,-13.834,412.515,412.515,6900.0
0.9209,-17.583,-12.583,412.083,412.083,6900.0
0.921,-16.646,-11.646,411.626,411.626,6900.0
0.9211,-15.252,-10.252,411.153,411.153,6900.0
0.9212,-13.743,-8.743,410.648,410.648,6900.0
0.9213,-12.504,-7.504,410.108,410.108,6900.0
0.9214,-11.206,-6.206,409.544,409.544,6900.0
0.9215,-9.917,-4.917,408.958,408.958,6900.0
0.9216,-8.607,-3.607,408.354,408.354,6900.0
0.9217,-7.293,-2.293,407.733,407.733,6900.0
0.9218,-6.377,-1.377,407.098,407.098,6900.0
0.9219,-6.422,-1.422,406.452,406.452,6900.0
0.922,-4.618,0.382,405.805,405.805,6900.0
0.9221,-0.0,5.0,405.155,405.155,6900.0
0.9222,-0.0,5.0,404.5,404.5,6900.0
0.9223,0.017,5.017,403.843,403.843,6900.0
0.9224,0.117,5.117,403.186,403.186,6900.0
0.9225,0.325,5.325,402.528,402.528,6900.0
0.9226,0.928,5.928,401.872,401.872,6900.0
0.9227,1.784,6.784,401.222,401.222,6900.0
0.9228,3.09,8.09,400.577,400.577,6900.0
0.9229,4.364,9.364,399.946,399.946,6900.0
0.923,5.95,10.95,399.332,399.332,6900.0
0.9231,6.955,11.955,398.742,398.742,6900.0
0.9232,7.733,12.733,398.166,398.166,6900.0
0.9233,9.151,14.151,397.595,397.595,6900.0
0.9234,10.744,15.744,397.046,397.046,6900.0
0.9235,12.389,17.389,396.532,396.532,6900.0
0.9236,13.303,18.303,396.064,396.064,6900.0
0.9237,14.158,19.158,395.621,395.621,6900.0
0.9238,15.306,20.306,395.194,395.194,6900.0
0.9239,16.76,21.76,394.797,394.797,6900.0
0.924,18.067,23.067,394.445,394.445,6900.0
0.9241,19.081,24.081,394.139,394.139,6900.0
0.9242,20.088,25.088,393.87,393.87,6900.0
0.9243,21.156,26.156,393.631,393.631,6900.0
0.9244,22.124,27.124,393.429,393.429,6900.0
0.9245,23.144,28.144,393.261,393.261,6900.0
0.9246,24.066,29.066,393.129,393.129,6900.0
0.9247,25.008,30.008,393.036,393.036,6900.0
0.9248,26.025,31.025,392.984,392.984,6900.0
0.9249,27.003,32.003,392.974,392.974,6900.0
0.925,27.711,32.711,393.001,393.001,6900.0
0.9251,28.598,33.598,393.057,393.057,6900.0
0.9252,29.439,34.439,393.153,393.153,6900.0
0.9253,30.146,35.146,393.301,393.301,6900.0
0.9254,30.759,35.759,393.488,393.488,6900.0
0.9255,31.243,36.243,393.7,393.7,6900.0
0.9256,31.83,36.83,393.929,393.929,6900.0
0.9257,32.436,37.436,394.189,394.189,6900.0
0.9258,33.277,38.277,394.482,394.482,6900.0
0.9259,33.658,38.658,394.824,394.824,6900.0
0.926,33.844,38.844,395.176,395.176,6900.0
0.9261,34.41,39.41,395.533,395.533,6900.0
0.9262,34.735,39.735,395.919,395.919,6900.0
0.9263,35.391,40.391,396.317,396.317,6900.0
0.9264,35.71,40.71,396.759,396.759,6900.0
0.9265,35.615,40.615,397.212,397.212,6900.0
0.9266,36.063,41.063,397.664,397.664,6900.0
0.9267,36.155,41.155,398.138,398.138,6900.0
0.9268,36.177,41.177,398.611,398.611,6900.0
0.9269,36.192,41.192,399.103,399.103,6900.0
0.927,36.071,41.071,399.588,399.588,6900.0
0.9271,36.186,41.186,400.072,400.072,6900.0
0.9272,36.061,41.061,400.558,400.558,6900.0
0.9273,35.91,40.91,401.023,401.023,6900.0
0.9274,35.915,40.915,401.486,401.486,6900.0
0.9275,35.582,40.582,401.939,401.939,6900.0
0.9276,35.48,40.48,402.384,402.384,6900.0
0.9277,35.181,40.181,402.823,402.823,6900.0
0.9278,34.751,39.751,403.235,403.235,6900.0
0.9279,34.435,39.435,403.628,403.628,6900.0
0.928,33.992,38.992,404.003,404.003,6900.0
0.9281,33.866,38.866,404.364,404.364,6900.0
0.9282,33.293,38.293,404.715,404.715,6900.0
0.9283,32.796,37.796,405.03,405.03,6900.0
0.9284,32.273,37.273,405.311,405.311,6900.0
0.9285,31.778,36.778,405.564,405.564,6900.0
0.9286,31.108,36.108,405.793,405.793,6900.0
0.9287,30.368,35.368,405.993,405.993,6900.0
0.9288,29.473,34.473,406.155,406.155,6900.0
0.9289,28.705,33.705,406.277,406.277,6900.0
0.929,27.876,32.876,406.364,406.364,6900.0
0.9291,27.148,32.148,406.414,406.414,6900.0
0.9292,26.387,31.387,406.434,406.434,6900.0
0.9293,25.666,30.666,406.422,406.422,6900.0
0.9294,24.571,29.571,406.383,406.383,6900.0
0.9295,23.554,28.554,406.297,406.297,6900.0
0.9296,22.806,27.806,406.16,406.16,6900.0
0.9297,22.021,27.021,405.99,405.99,6900.0
0.9298,21.356,26.356,405.792,405.792,6900.0
0.9299,20.328,25.328,405.578,405.578,6900.0
0.93,18.925,23.925,405.322,405.322,6900.0
0.9301,17.484,22.484,405.009,405.009,6900.0
0.9302,16.44,21.44,404.651,404.651,6900.0
0.9303,15.724,20.724,404.269,404.269,6900.0
0.9304,14.758,19.758,403.879,403.879,6900.0
0.9305,13.345,18.345,403.461,403.461,6900.0
0.9306,12.224,17.224,402.997,402.997,6900.0
0.9307,11.156,16.156,402.503,402.503,6900.0
0.9308,10.012,15.012,401.982,401.982,6900.0
0.9309,8.749,13.749,401.442,401.442,6900.0
0.931,7.102,12.102,400.876,400.876,6900.0
0.9311,5.875,10.875,400.28,400.28,6900.0
0.9312,4.589,9.589,399.665,399.665,6900.0
0.9313,3.178,8.178,399.032,399.032,6900.0
0.9314,1.846,6.846,398.386,398.386,6900.0
0.9315,0.303,5.303,397.727,397.727,6900.0
0.9316,0.014,5.014,397.061,397.061,6900.0
0.9317,-0.0,5.0,396.392,396.392,6900.0
0.9318,-0.0,5.0,395.723,395.723,6900.0
0.9319,-0.0,5.0,395.051,395.051,6900.0
0.932,-0.0,5.0,394.379,394.379,6900.0
0.9321,-0.487,4.513,393.705,393.705,6900.0
0.9322,-3.113,1.887,393.031,393.031,6900.0
0.9323,-7.363,-2.363,392.355,392.355,6900.0
0.9324,-9.28,-4.28,391.7,391.7,6900.0
0.9325,-10.206,-5.206,391.062,391.062,6900.0
0.9326,-11.325,-6.325,390.431,390.431,6900.0
0.9327,-13.059,-8.059,389.812,389.812,6900.0
0.9328,-14.388,-9.388,389.219,389.219,6900.0
0.9329,-15.943,-10.943,388.659,388.659,6900.0
0.933,-17.188,-12.188,388.134,388.134,6900.0
0.9331,-18.142,-13.142,387.627,387.627,6900.0
0.9332,-19.806,-14.806,387.138,387.138,6900.0
0.9333,-21.308,-16.308,386.692,386.692,6900.0
0.9334,-22.84,-17.84,386.303,386.303,6900.0
0.9335,-23.852,-18.852,385.967,385.967,6900.0
0.9336,-24.833,-19.833,385.648,385.648,6900.0
0.9337,-26.218,-21.218,385.345,385.345,6900.0
0.9338,-27.828,-22.828,385.083,385.083,6900.0
0.9339,-29.442,-24.442,384.883,384.883,6900.0
0.934,-30.502,-25.502,384.748,384.748,6900.0
0.9341,-31.54,-26.54,384.658,384.658,6900.0
0.9342,-32.682,-27.682,384.61,384.61,6900.0
0.9343,-34.012,-29.012,384.613,384.613,6900.0
0.9344,-35.268,-30.268,384.676,384.676,6900.0
0.9345,-36.383,-31.383,384.8,384.8,6900.0
0.9346,-37.388,-32.388,384.981,384.981,6900.0
0.9347,-38.405,-33.405,385.211,385.211,6900.0
0.9348,-39.214,-34.214,385.484,385.484,6900.0
0.9349,-40.117,-35.117,385.788,385.788,6900.0
0.935,-41.117,-36.117,386.132,386.132,6900.0
0.9351,-42.239,-37.239,386.521,386.521,6900.0
0.9352,-42.929,-37.929,386.98,386.98,6900.0
0.9353,-43.576,-38.576,387.479,387.479,6900.0
0.9354,-44.327,-39.327,388.002,388.002,6900.0
0.9355,-45.058,-40.058,388.571,388.571,6900.0
0.9356,-45.721,-40.721,389.187,389.187,6900.0
0.9357,-46.382,-41.382,389.866,389.866,6900.0
0.9358,-46.751,-41.751,390.588,390.588,6900.0
0.9359,-47.127,-42.127,391.318,391.318,6900.0
0.936,-47.545,-42.545,392.076,392.076,6900.0
0.9361,-48.018,-43.018,392.848,392.848,6900.0
0.9362,-48.469,-43.469,393.659,393.659,6900.0
0.9363,-48.565,-43.565,394.494,394.494,6900.0
0.9364,-48.742,-43.742,395.312,395.312,6900.0
0.9365,-49.067,-44.067,396.148,396.148,6900.0
0.9366,-49.159,-44.159,396.989,396.989,6900.0
0.9367,-49.287,-44.287,397.85,397.85,6900.0
0.9368,-49.223,-44.223,398.732,398.732,6900.0
0.9369,-49.161,-44.161,399.606,399.606,6900.0
0.937,-49.037,-44.037,400.501,400.501,6900.0
0.9371,-48.594,-43.594,401.388,401.388,6900.0
0.9372,-48.668,-43.668,402.251,402.251,6900.0
0.9373,-48.422,-43.422,403.123,403.123,6900.0
0.9374,-48.243,-43.243,403.97,403.97,6900.0
0.9375,-47.869,-42.869,404.817,404.817,6900.0
0.9376,-47.256,-42.256,405.631,405.631,6900.0
0.9377,-47.099,-42.099,406.394,406.394,6900.0
0.9378,-46.582,-41.582,407.149,407.149,6900.0
0.9379,-46.223,-41.223,407.872,407.872,6900.0
0.938,-45.731,-40.731,408.591,408.591,6900.0
0.9381,-44.934,-39.934,409.282,409.282,6900.0
0.9382,-44.186,-39.186,409.925,409.925,6900.0
0.9383,-43.607,-38.607,410.54,410.54,6900.0
0.9384,-43.079,-38.079,411.127,411.127,6900.0
0.9385,-42.412,-37.412,411.694,411.694,6900.0
0.9386,-41.346,-36.346,412.226,412.226,6900.0
0.9387,-40.334,-35.334,412.699,412.699,6900.0
0.9388,-39.6,-34.6,413.118,413.118,6900.0
0.9389,-38.823,-33.823,413.495,413.495,6900.0
0.939,-37.934,-32.934,413.834,413.834,6900.0
0.9391,-37.403,-32.403,414.127,414.127,6900.0
0.9392,-36.566,-31.566,414.388,414.388,6900.0
0.9393,-35.591,-30.591,414.606,414.606,6900.0
0.9394,-34.635,-29.635,414.775,414.775,6900.0
0.9395,-33.745,-28.745,414.898,414.898,6900.0
0.9396,-32.719,-27.719,414.986,414.986,6900.0
0.9397,-31.641,-26.641,415.044,415.044,6900.0
0.9398,-30.562,-25.562,415.064,415.064,6900.0
0.9399,-29.346,-24.346,415.028,415.028,6900.0
0.94,-28.313,-23.313,414.934,414.934,6900.0
0.9401,-27.246,-22.246,414.803,414.803,6900.0
0.9402,-26.333,-21.333,414.648,414.648,6900.0
0.9403,-24.897,-19.897,414.471,414.471,6900.0
0.9404,-23.416,-18.416,414.23,414.23,6900.0
0.9405,-22.406,-17.406,413.923,413.923,6900.0
0.9406,-21.431,-16.431,413.578,413.578,6900.0
0.9407,-20.637,-15.637,413.205,413.205,6900.0
0.9408,-19.431,-14.431,412.816,412.816,6900.0
0.9409,-17.928,-12.928,412.39,412.39,6900.0
0.941,-16.943,-11.943,411.925,411.925,6900.0
0.9411,-15.358,-10.358,411.441,411.441,6900.0
0.9412,-14.06,-9.06,410.931,410.931,6900.0
0.9413,-12.701,-7.701,410.404,410.404,6900.0
0.9414,-11.143,-6.143,409.852,409.852,6900.0
0.9415,-9.858,-4.858,409.273,409.273,6900.0
0.9416,-8.628,-3.628,408.674,408.674,6900.0
0.9417,-7.254,-2.254,408.057,408.057,6900.0
0.9418,-6.413,-1.413,407.425,407.425,6900.0
0.9419,-6.387,-1.387,406.779,406.779,6900.0
0.942,-4.572,0.428,406.132,406.132,6900.0
0.9421,-0.0,5.0,405.483,405.483,6900.0
0.9422,-0.0,5.0,404.828,404.828,6900.0
0.9423,-0.0,5.0,404.172,404.172,6900.0
0.9424,0.079,5.079,403.516,403.516,6900.0
0.9425,0.272,5.272,402.858,402.858,6900.0
0.9426,0.763,5.763,402.202,402.202,6900.0
0.9427,2.257,7.257,401.55,401.55,6900.0
0.9428,3.243,8.243,400.91,400.91,6900.0
0.9429,4.102,9.102,400.28,400.28,6900.0
0.943,5.549,10.549,399.658,399.658,6900.0
0.9431,6.683,11.683,399.055,399.055,6900.0
0.9432,8.1,13.1,398.473,398.473,6900.0
0.9433,9.301,14.301,397.922,397.922,6900.0
0.9434,10.045,15.045,397.391,397.391,6900.0
0.9435,11.377,16.377,396.867,396.867,6900.0
0.9436,12.779,17.779,396.368,396.368,6900.0
0.9437,14.299,19.299,395.905,395.905,6900.0
0.9438,15.55,20.55,395.488,395.488,6900.0
0.9439,16.482,21.482,395.106,395.106,6900.0
0.944,17.612,22.612,394.747,394.747,6900.0
0.9441,18.724,23.724,394.422,394.422,6900.0
0.9442,19.822,24.822,394.135,394.135,6900.0
0.9443,21.004,26.004,393.891,393.891,6900.0
0.9444,22.022,27.022,393.691,393.691,6900.0
0.9445,23.13,28.13,393.527,393.527,6900.0
0.9446,24.118,29.118,393.405,393.405,6900.0
0.9447,24.93,29.93,393.317,393.317,6900.0
0.9448,25.983,30.983,393.257,393.257,6900.0
0.9449,26.681,31.681,393.238,393.238,6900.0
0.945,27.779,32.779,393.257,393.257,6900.0
0.9451,28.354,33.354,393.324,393.324,6900.0
0.9452,29.055,34.055,393.415,393.415,6900.0
0.9453,30.016,35.016,393.535,393.535,6900.0
0.9454,30.584,35.584,393.7,393.7,6900.0
0.9455,31.446,36.446,393.908,393.908,6900.0
0.9456,32.064,37.064,394.162,394.162,6900.0
0.9457,32.414,37.414,394.441,394.441,6900.0
0.9458,33.072,38.072,394.731,394.731,6900.0
0.9459,33.426,38.426,395.052,395.052,6900.0
0.946,34.197,39.197,395.391,395.391,6900.0
0.9461,34.538,39.538,395.776,395.776,6900.0
0.9462,34.702,39.702,396.17,396.17,6900.0
0.9463,35.213,40.213,396.566,396.566,6900.0
0.9464,35.423,40.423,396.987,396.987,6900.0
0.9465,35.785,40.785,397.417,397.417,6900.0
0.9466,35.961,40.961,397.883,397.883,6900.0
0.9467,35.914,40.914,398.353,398.353,6900.0
0.9468,36.145,41.145,398.828,398.828,6900.0
0.9469,36.133,41.133,399.317,399.317,6900.0
0.947,36.175,41.175,399.795,399.795,6900.0
0.9471,36.301,41.301,400.286,400.286,6900.0
0.9472,35.978,40.978,400.774,400.774,6900.0
0.9473,35.947,40.947,401.25,401.25,6900.0
0.9474,35.682,40.682,401.722,401.722,6900.0
0.9475,35.234,40.234,402.167,402.167,6900.0
0.9476,35.238,40.238,402.593,402.593,6900.0
0.9477,34.881,39.881,403.011,403.011,6900.0
0.9478,34.914,39.914,403.419,403.419,6900.0
0.9479,34.374,39.374,403.826,403.826,6900.0
0.948,33.882,38.882,404.2,404.2,6900.0
0.9481,33.532,38.532,404.549,404.549,6900.0
0.9482,33.029,38.029,404.878,404.878,6900.0
0.9483,32.574,37.574,405.192,405.192,6900.0
0.9484,32.068,37.068,405.483,405.483,6900.0
0.9485,31.278,36.278,405.74,405.74,6900.0
0.9486,30.665,35.665,405.954,405.954,6900.0
0.9487,29.946,34.946,406.136,406.136,6900.0
0.9488,29.361,34.361,406.285,406.285,6900.0
0.9489,28.616,33.616,406.406,406.406,6900.0
0.949,27.759,32.759,406.494,406.494,6900.0
0.9491,27.048,32.048,406.543,406.543,6900.0
0.9492,26.227,31.227,406.557,406.557,6900.0
0.9493,25.332,30.332,406.534,406.534,6900.0
0.9494,24.446,29.446,406.474,406.474,6900.0
0.9495,23.537,28.537,406.383,406.383,6900.0
0.9496,22.836,27.836,406.264,406.264,6900.0
0.9497,21.671,26.671,406.11,406.11,6900.0
0.9498,20.912,25.912,405.903,405.903,6900.0
0.9499,20.069,25.069,405.663,405.663,6900.0
0.95,19.293,24.293,405.398,405.398,6900.0
0.9501,18.022,23.022,405.118,405.118,6900.0
0.9502,16.42,21.42,404.794,404.794,6900.0
0.9503,15.303,20.303,404.407,404.407,6900.0
0.9504,14.344,19.344,403.984,403.984,6900.0
0.9505,13.58,18.58,403.535,403.535,6900.0
0.9506,12.783,17.783,403.075,403.075,6900.0
0.9507,11.303,16.303,402.594,402.594,6900.0
0.9508,9.868,14.868,402.076,402.076,6900.0
0.9509,8.675,13.675,401.531,401.531,6900.0
0.951,7.462,12.462,400.963,400.963,6900.0
0.9511,6.198,11.198,400.38,400.38,6900.0
0.9512,4.59,9.59,399.775,399.775,6900.0
0.9513,3.042,8.042,399.147,399.147,6900.0
0.9514,1.669,6.669,398.501,398.501,6900.0
0.9515,0.096,5.096,397.842,397.842,6900.0
0.9516,0.015,5.015,397.175,397.175,6900.0
0.9517,-0.0,5.0,396.507,396.507,6900.0
0.9518,-0.0,5.0,395.837,395.837,6900.0
0.9519,-0.0,5.0,395.166,395.166,6900.0
0.952,-0.002,4.998,394.494,394.494,6900.0
0.9521,0.0,5.0,393.82,393.82,6900.0
0.9522,-2.907,2.093,393.146,393.146,6900.0
0.9523,-6.451,-1.451,392.47,392.47,6900.0
0.9524,-9.197,-4.197,391.804,391.804,6900.0
0.9525,-10.204,-5.204,391.154,391.154,6900.0
0.9526,-11.667,-6.667,390.521,390.521,6900.0
0.9527,-12.843,-7.843,389.909,389.909,6900.0
0.9528,-14.085,-9.085,389.31,389.31,6900.0
0.9529,-15.724,-10.724,388.734,388.734,6900.0
0.953,-17.261,-12.261,388.195,388.195,6900.0
0.9531,-18.676,-13.676,387.705,387.705,6900.0
0.9532,-19.631,-14.631,387.261,387.261,6900.0
0.9533,-20.637,-15.637,386.829,386.829,6900.0
0.9534,-22.035,-17.035,386.413,386.413,6900.0
0.9535,-23.496,-18.496,386.037,386.037,6900.0
0.9536,-25.201,-20.201,385.716,385.716,6900.0
0.9537,-26.38,-21.38,385.452,385.452,6900.0
0.9538,-27.239,-22.239,385.212,385.212,6900.0
0.9539,-28.486,-23.486,384.989,384.989,6900.0
0.954,-29.856,-24.856,384.807,384.807,6900.0
0.9541,-31.553,-26.553,384.68,384.68,6900.0
0.9542,-32.726,-27.726,384.626,384.626,6900.0
0.9543,-33.923,-28.923,384.629,384.629,6900.0
0.9544,-35.032,-30.032,384.688,384.688,6900.0
0.9545,-36.031,-31.031,384.805,384.805,6900.0
0.9546,-37.05,-32.05,384.974,384.974,6900.0
0.9547,-38.042,-33.042,385.195,385.195,6900.0
0.9548,-39.061,-34.061,385.466,385.466,6900.0
0.9549,-39.971,-34.971,385.789,385.789,6900.0
0.955,-40.56,-35.56,386.152,386.152,6900.0
0.9551,-41.543,-36.543,386.528,386.528,6900.0
0.9552,-42.601,-37.601,386.942,386.942,6900.0
0.9553,-43.631,-38.631,387.403,387.403,6900.0
0.9554,-44.443,-39.443,387.933,387.933,6900.0
0.9555,-45.083,-40.083,388.509,388.509,6900.0
0.9556,-45.518,-40.518,389.113,389.113,6900.0
0.9557,-46.195,-41.195,389.757,389.757,6900.0
0.9558,-46.771,-41.771,390.445,390.445,6900.0
0.9559,-47.317,-42.317,391.197,391.197,6900.0
0.956,-47.505,-42.505,391.988,391.988,6900.0
0.9561,-47.855,-42.855,392.773,392.773,6900.0
0.9562,-48.158,-43.158,393.58,393.58,6900.0
0.9563,-48.321,-43.321,394.39,394.39,6900.0
0.9564,-48.752,-43.752,395.217,395.217,6900.0
0.9565,-48.684,-43.684,396.064,396.064,6900.0
0.9566,-48.992,-43.992,396.888,396.888,6900.0
0.9567,-49.005,-44.005,397.738,397.738,6900.0
0.9568,-48.835,-43.835,398.585,398.585,6900.0
0.9569,-49.143,-44.143,399.438,399.438,6900.0
0.957,-48.862,-43.862,400.324,400.324,6900.0
0.9571,-49.012,-44.012,401.193,401.193,6900.0
0.9572,-48.73,-43.73,402.092,402.092,6900.0
0.9573,-48.321,-43.321,402.973,402.973,6900.0
0.9574,-48.176,-43.176,403.823,403.823,6900.0
0.9575,-47.591,-42.591,404.668,404.668,6900.0
0.9576,-47.235,-42.235,405.471,405.471,6900.0
0.9577,-46.835,-41.835,406.263,406.263,6900.0
0.9578,-46.28,-41.28,407.017,407.017,6900.0
0.9579,-46.078,-41.078,407.72,407.72,6900.0
0.958,-45.679,-40.679,408.414,408.414,6900.0
0.9581,-45.215,-40.215,409.085,409.085,6900.0
0.9582,-44.667,-39.667,409.749,409.749,6900.0
0.9583,-43.728,-38.728,410.389,410.389,6900.0
0.9584,-43.004,-38.004,410.976,410.976,6900.0
0.9585,-42.259,-37.259,411.532,411.532,6900.0
0.9586,-41.725,-36.725,412.051,412.051,6900.0
0.9587,-40.777,-35.777,412.547,412.547,6900.0
0.9588,-39.979,-34.979,412.992,412.992,6900.0
0.9589,-39.195,-34.195,413.388,413.388,6900.0
0.959,-38.349,-33.349,413.737,413.737,6900.0
0.9591,-37.481,-32.481,414.038,414.038,6900.0
0.9592,-36.53,-31.53,414.296,414.296,6900.0
0.9593,-35.679,-30.679,414.511,414.511,6900.0
0.9594,-34.775,-29.775,414.694,414.694,6900.0
0.9595,-33.702,-28.702,414.835,414.835,6900.0
0.9596,-32.494,-27.494,414.927,414.927,6900.0
0.9597,-31.667,-26.667,414.962,414.962,6900.0
0.9598,-30.639,-25.639,414.967,414.967,6900.0
0.9599,-29.623,-24.623,414.944,414.944,6900.0
0.96,-28.248,-23.248,414.888,414.888,6900.0
0.9601,-26.733,-21.733,414.767,414.767,6900.0
0.9602,-25.814,-20.814,414.575,414.575,6900.0
0.9603,-24.94,-19.94,414.347,414.347,6900.0
0.9604,-23.997,-18.997,414.102,414.102,6900.0
0.9605,-22.587,-17.587,413.838,413.838,6900.0
0.9606,-21.24,-16.24,413.523,413.523,6900.0
0.9607,-20.083,-15.083,413.156,413.156,6900.0
0.9608,-18.887,-13.887,412.756,412.756,6900.0
0.9609,-17.992,-12.992,412.327,412.327,6900.0
0.961,-16.544,-11.544,411.882,411.882,6900.0
0.9611,-15.217,-10.217,411.399,411.399,6900.0
0.9612,-14.061,-9.061,410.881,410.881,6900.0
0.9613,-12.658,-7.658,410.341,410.341,6900.0
0.9614,-11.383,-6.383,409.778,409.778,6900.0
0.9615,-10.052,-5.052,409.197,409.197,6900.0
0.9616,-8.7,-3.7,408.598,408.598,6900.0
0.9617,-7.54,-2.54,407.981,407.981,6900.0
0.9618,-6.39,-1.39,407.351,407.351,6900.0
0.9619,-6.57,-1.57,406.707,406.707,6900.0
0.962,-4.916,0.084,406.061,406.061,6900.0
0.9621,-4.131,0.869,405.407,405.407,6900.0
0.9622,-0.002,4.998,404.757,404.757,6900.0
0.9623,0.004,5.004,404.101,404.101,6900.0
0.9624,0.189,5.189,403.444,403.444,6900.0
0.9625,0.247,5.247,402.787,402.787,6900.0
0.9626,0.606,5.606,402.13,402.13,6900.0
0.9627,1.769,6.769,401.477,401.477,6900.0
0.9628,2.896,7.896,400.834,400.834,6900.0
0.9629,4.265,9.265,400.202,400.202,6900.0
0.963,5.563,10.563,399.588,399.588,6900.0
0.9631,6.316,11.316,398.989,398.989,6900.0
0.9632,7.526,12.526,398.396,398.396,6900.0
0.9633,9.182,14.182,397.822,397.822,6900.0
0.9634,10.932,15.932,397.28,397.28,6900.0
0.9635,12.194,17.194,396.779,396.779,6900.0
0.9636,12.923,17.923,396.304,396.304,6900.0
0.9637,13.938,18.938,395.841,395.841,6900.0
0.9638,15.387,20.387,395.401,395.401,6900.0
0.9639,16.772,21.772,395.004,395.004,6900.0
0.964,17.763,22.763,394.656,394.656,6900.0
0.9641,18.797,23.797,394.344,394.344,6900.0
0.9642,19.866,24.866,394.064,394.064,6900.0
0.9643,20.888,25.888,393.821,393.821,6900.0
0.9644,22.032,27.032,393.615,393.615,6900.0
0.9645,23.067,28.067,393.45,393.45,6900.0
0.9646,24.066,29.066,393.322,393.322,6900.0
0.9647,24.979,29.979,393.234,393.234,6900.0
0.9648,25.909,30.909,393.179,393.179,6900.0
0.9649,26.78,31.78,393.155,393.155,6900.0
0.965,27.783,32.783,393.163,393.163,6900.0
0.9651,28.538,33.538,393.213,393.213,6900.0
0.9652,29.431,34.431,393.309,393.309,6900.0
0.9653,30.218,35.218,393.454,393.454,6900.0
0.9654,30.848,35.848,393.633,393.633,6900.0
0.9655,31.554,36.554,393.838,393.838,6900.0
0.9656,31.768,36.768,394.084,394.084,6900.0
0.9657,32.514,37.514,394.356,394.356,6900.0
0.9658,33.039,38.039,394.672,394.672,6900.0
0.9659,33.192,38.192,395.005,395.005,6900.0
0.966,33.897,38.897,395.338,395.338,6900.0
0.9661,34.168,39.168,395.702,395.702,6900.0
0.9662,34.649,39.649,396.073,396.073,6900.0
0.9663,35.069,40.069,396.477,396.477,6900.0
0.9664,35.112,40.112,396.892,396.892,6900.0
0.9665,35.616,40.616,397.308,397.308,6900.0
0.9666,35.735,40.735,397.753,397.753,6900.0
0.9667,35.968,40.968,398.201,398.201,6900.0
0.9668,36.063,41.063,398.681,398.681,6900.0
0.9669,35.988,40.988,399.166,399.166,6900.0
0.967,36.204,41.204,399.654,399.654,6900.0
0.9671,36.01,41.01,400.153,400.153,6900.0
0.9672,35.885,40.885,400.629,400.629,6900.0
0.9673,35.962,40.962,401.105,401.105,6900.0
0.9674,35.706,40.706,401.572,401.572,6900.0
0.9675,35.745,40.745,402.027,402.027,6900.0
0.9676,35.379,40.379,402.475,402.475,6900.0
0.9677,34.909,39.909,402.892,402.892,6900.0
0.9678,34.765,39.765,403.29,403.29,6900.0
0.9679,34.376,39.376,403.675,403.675,6900.0
0.968,34.179,39.179,404.052,404.052,6900.0
0.9681,33.658,38.658,404.422,404.422,6900.0
0.9682,33.109,38.109,404.762,404.762,6900.0
0.9683,32.726,37.726,405.073,405.073,6900.0
0.9684,32.086,37.086,405.361,405.361,6900.0
0.9685,31.576,36.576,405.626,405.626,6900.0
0.9686,30.771,35.771,405.863,405.863,6900.0
0.9687,29.904,34.904,406.056,406.056,6900.0
0.9688,29.217,34.217,406.204,406.204,6900.0
0.9689,28.425,33.425,406.315,406.315,6900.0
0.969,27.858,32.858,406.391,406.391,6900.0
0.9691,27.236,32.236,406.437,406.437,6900.0
0.9692,26.472,31.472,406.455,406.455,6900.0
0.9693,25.394,30.394,406.445,406.445,6900.0
0.9694,24.401,29.401,406.392,406.392,6900.0
0.9695,23.501,28.501,406.297,406.297,6900.0
0.9696,22.88,27.88,406.165,406.165,6900.0
0.9697,22.102,27.102,406.012,406.012,6900.0
0.9698,21.143,26.143,405.836,405.836,6900.0
0.9699,19.928,24.928,405.617,405.617,6900.0
0.97,18.901,23.901,405.342,405.342,6900.0
0.9701,17.995,22.995,405.026,405.026,6900.0
0.9702,17.17,22.17,404.687,404.687,6900.0
0.9703,16.11,21.11,404.336,404.336,6900.0
0.9704,14.587,19.587,403.953,403.953,6900.0
0.9705,13.219,18.219,403.517,403.517,6900.0
0.9706,12.383,17.383,403.047,403.047,6900.0
0.9707,11.347,16.347,402.551,402.551,6900.0
0.9708,10.165,15.165,402.039,402.039,6900.0
0.9709,8.486,13.486,401.501,401.501,6900.0
0.971,7.17,12.17,400.929,400.929,6900.0
0.9711,6.171,11.171,400.336,400.336,6900.0
0.9712,4.887,9.887,399.725,399.725,6900.0
0.9713,3.479,8.479,399.099,399.099,6900.0
0.9714,1.847,6.847,398.457,398.457,6900.0
0.9715,0.377,5.377,397.799,397.799,6900.0
0.9716,0.026,5.026,397.133,397.133,6900.0
0.9717,-0.0,5.0,396.465,396.465,6900.0
0.9718,-0.0,5.0,395.796,395.796,6900.0
0.9719,-0.0,5.0,395.125,395.125,6900.0
0.972,-0.001,4.999,394.452,394.452,6900.0
0.9721,0.0,5.0,393.779,393.779,6900.0
0.9722,-2.993,2.007,393.104,393.104,6900.0
0.9723,-7.891,-2.891,392.428,392.428,6900.0
0.9724,-8.502,-3.502,391.778,391.778,6900.0
0.9725,-9.671,-4.671,391.128,391.128,6900.0
0.9726,-11.245,-6.245,390.489,390.489,6900.0
0.9727,-12.757,-7.757,389.865,389.865,6900.0
0.9728,-14.265,-9.265,389.27,389.27,6900.0
0.9729,-15.416,-10.416,388.704,388.704,6900.0
0.973,-16.599,-11.599,388.154,388.154,6900.0
0.9731,-18.368,-13.368,387.627,387.627,6900.0
0.9732,-19.848,-14.848,387.146,387.146,6900.0
0.9733,-21.347,-16.347,386.723,386.723,6900.0
0.9734,-22.035,-17.035,386.353,386.353,6900.0
0.9735,-22.915,-17.915,385.992,385.992,6900.0
0.9736,-24.413,-19.413,385.642,385.642,6900.0
0.9737,-26.094,-21.094,385.33,385.33,6900.0
0.9738,-27.807,-22.807,385.078,385.078,6900.0
0.9739,-29.13,-24.13,384.887,384.887,6900.0
0.974,-30.087,-25.087,384.735,384.735,6900.0
0.9741,-31.453,-26.453,384.613,384.613,6900.0
0.9742,-32.688,-27.688,384.546,384.546,6900.0
0.9743,-34.013,-29.013,384.537,384.537,6900.0
0.9744,-35.239,-30.239,384.597,384.597,6900.0
0.9745,-36.22,-31.22,384.722,384.722,6900.0
0.9746,-37.207,-32.207,384.901,384.901,6900.0
0.9747,-38.012,-33.012,385.132,385.132,6900.0
0.9748,-38.888,-33.888,385.396,385.396,6900.0
0.9749,-39.88,-34.88,385.701,385.701,6900.0
0.975,-40.701,-35.701,386.052,386.052,6900.0
0.9751,-41.7,-36.7,386.446,386.446,6900.0
0.9752,-42.517,-37.517,386.881,386.881,6900.0
0.9753,-43.262,-38.262,387.341,387.341,6900.0
0.9754,-44.18,-39.18,387.841,387.841,6900.0
0.9755,-44.952,-39.952,388.392,388.392,6900.0
0.9756,-45.654,-40.654,389.013,389.013,6900.0
0.9757,-46.128,-41.128,389.684,389.684,6900.0
0.9758,-46.597,-41.597,390.373,390.373,6900.0
0.9759,-47.086,-42.086,391.1,391.1,6900.0
0.976,-47.493,-42.493,391.854,391.854,6900.0
0.9761,-48.149,-43.149,392.65,392.65,6900.0
0.9762,-48.198,-43.198,393.481,393.481,6900.0
0.9763,-48.438,-43.438,394.292,394.292,6900.0
0.9764,-48.818,-43.818,395.117,395.117,6900.0
0.9765,-48.814,-43.814,395.948,395.948,6900.0
0.9766,-49.073,-44.073,396.79,396.79,6900.0
0.9767,-49.088,-44.088,397.65,397.65,6900.0
0.9768,-49.121,-44.121,398.502,398.502,6900.0
0.9769,-49.109,-44.109,399.376,399.376,6900.0
0.977,-48.792,-43.792,400.252,400.252,6900.0
0.9771,-49.042,-44.042,401.118,401.118,6900.0
0.9772,-48.649,-43.649,402.012,402.012,6900.0
0.9773,-48.431,-43.431,402.881,402.881,6900.0
0.9774,-48.128,-43.128,403.757,403.757,6900.0
0.9775,-47.552,-42.552,404.605,404.605,6900.0
0.9776,-47.499,-42.499,405.403,405.403,6900.0
0.9777,-46.939,-41.939,406.195,406.195,6900.0
0.9778,-46.568,-41.568,406.945,406.945,6900.0
0.9779,-45.982,-40.982,407.684,407.684,6900.0
0.978,-45.375,-40.375,408.384,408.384,6900.0
0.9781,-44.896,-39.896,409.039,409.039,6900.0
0.9782,-44.337,-39.337,409.678,409.678,6900.0
0.9783,-43.851,-38.851,410.292,410.292,6900.0
0.9784,-43.071,-38.071,410.899,410.899,6900.0
0.9785,-42.186,-37.186,411.472,411.472,6900.0
0.9786,-41.541,-36.541,411.992,411.992,6900.0
0.9787,-40.862,-35.862,412.474,412.474,6900.0
0.9788,-40.058,-35.058,412.918,412.918,6900.0
0.9789,-39.029,-34.029,413.323,413.323,6900.0
0.979,-38.053,-33.053,413.676,413.676,6900.0
0.9791,-37.364,-32.364,413.977,413.977,6900.0
0.9792,-36.532,-31.532,414.234,414.234,6900.0
0.9793,-35.708,-30.708,414.444,414.444,6900.0
0.9794,-34.839,-29.839,414.61,414.61,6900.0
0.9795,-33.996,-28.996,414.741,414.741,6900.0
0.9796,-32.87,-27.87,414.845,414.845,6900.0
0.9797,-31.611,-26.611,414.911,414.911,6900.0
0.9798,-30.386,-25.386,414.92,414.92,6900.0
0.9799,-29.323,-24.323,414.874,414.874,6900.0
0.98,-28.512,-23.512,414.789,414.789,6900.0
0.9801,-27.594,-22.594,414.685,414.685,6900.0
0.9802,-25.987,-20.987,414.555,414.555,6900.0
0.9803,-24.462,-19.462,414.352,414.352,6900.0
0.9804,-23.603,-18.603,414.076,414.076,6900.0
0.9805,-22.694,-17.694,413.764,413.764,6900.0
0.9806,-21.836,-16.836,413.429,413.429,6900.0
0.9807,-20.687,-15.687,413.079,413.079,6900.0
0.9808,-19.157,-14.157,412.692,412.692,6900.0
0.9809,-18.186,-13.186,412.262,412.262,6900.0
0.981,-16.808,-11.808,411.812,411.812,6900.0
0.9811,-15.647,-10.647,411.337,411.337,6900.0
0.9812,-14.101,-9.101,410.844,410.844,6900.0
0.9813,-12.654,-7.654,410.319,410.319,6900.0
0.9814,-11.418,-6.418,409.763,409.763,6900.0
0.9815,-10.011,-5.011,409.184,409.184,6900.0
0.9816,-8.645,-3.645,408.583,408.583,6900.0
0.9817,-7.456,-2.456,407.965,407.965,6900.0
0.9818,-6.351,-1.351,407.333,407.333,6900.0
0.9819,-6.453,-1.453,406.687,406.687,6900.0
0.982,-4.727,0.273,406.04,406.04,6900.0
0.9821,0.0,5.0,405.391,405.391,6900.0
0.9822,-0.0,5.0,404.736,404.736,6900.0
0.9823,-0.0,5.0,404.079,404.079,6900.0
0.9824,0.158,5.158,403.423,403.423,6900.0
0.9825,0.215,5.215,402.765,402.765,6900.0
0.9826,1.117,6.117,402.109,402.109,6900.0
0.9827,2.056,7.056,401.459,401.459,6900.0
0.9828,2.941,7.941,400.816,400.816,6900.0
0.9829,4.181,9.181,400.181,400.181,6900.0
0.983,5.57,10.57,399.562,399.562,6900.0
0.9831,6.742,11.742,398.962,398.962,6900.0
0.9832,7.854,12.854,398.386,398.386,6900.0
0.9833,8.733,13.733,397.827,397.827,6900.0
0.9834,10.023,15.023,397.276,397.276,6900.0
0.9835,11.528,16.528,396.748,396.748,6900.0
0.9836,13.085,18.085,396.256,396.256,6900.0
0.9837,14.311,19.311,395.809,395.809,6900.0
0.9838,15.235,20.235,395.394,395.394,6900.0
0.9839,16.308,21.308,394.997,394.997,6900.0
0.984,17.491,22.491,394.628,394.628,6900.0
0.9841,18.833,23.833,394.297,394.297,6900.0
0.9842,19.734,24.734,394.014,394.014,6900.0
0.9843,20.75,25.75,393.765,393.765,6900.0
0.9844,21.776,26.776,393.551,393.551,6900.0
0.9845,22.835,27.835,393.373,393.373,6900.0
0.9846,23.881,28.881,393.234,393.234,6900.0
0.9847,25.052,30.052,393.134,393.134,6900.0
0.9848,25.811,30.811,393.081,393.081,6900.0
0.9849,26.707,31.707,393.068,393.068,6900.0
0.985,27.549,32.549,393.094,393.094,6900.0
0.9851,28.333,33.333,393.153,393.153,6900.0
0.9852,29.26,34.26,393.238,393.238,6900.0
0.9853,29.892,34.892,393.365,393.365,6900.0
0.9854,30.663,35.663,393.53,393.53,6900.0
0.9855,31.204,36.204,393.737,393.737,6900.0
0.9856,31.875,36.875,393.965,393.965,6900.0
0.9857,32.66,37.66,394.215,394.215,6900.0
0.9858,33.069,38.069,394.507,394.507,6900.0
0.9859,33.653,38.653,394.827,394.827,6900.0
0.986,34.112,39.112,395.19,395.19,6900.0
0.9861,34.323,39.323,395.569,395.569,6900.0
0.9862,34.956,39.956,395.955,395.955,6900.0
0.9863,35.111,40.111,396.371,396.371,6900.0
0.9864,35.555,40.555,396.792,396.792,6900.0
0.9865,35.743,40.743,397.245,397.245,6900.0
0.9866,35.621,40.621,397.7,397.7,6900.0
0.9867,35.991,40.991,398.15,398.15,6900.0
0.9868,36.041,41.041,398.616,398.616,6900.0
0.9869,36.134,41.134,399.076,399.076,6900.0
0.987,36.245,41.245,399.557,399.557,6900.0
0.9871,36.019,41.019,400.038,400.038,6900.0
0.9872,36.05,41.05,400.519,400.519,6900.0
0.9873,36.01,41.01,401.003,401.003,6900.0
0.9874,35.852,40.852,401.472,401.472,6900.0
0.9875,35.817,40.817,401.935,401.935,6900.0
0.9876,35.204,40.204,402.388,402.388,6900.0
0.9877,34.983,39.983,402.82,402.82,6900.0
0.9878,34.681,39.681,403.239,403.239,6900.0
0.9879,34.213,39.213,403.628,403.628,6900.0
0.988,33.984,38.984,403.99,403.99,6900.0
0.9881,33.677,38.677,404.335,404.335,6900.0
0.9882,33.485,38.485,404.67,404.67,6900.0
0.9883,33.069,38.069,404.993,404.993,6900.0
0.9884,32.358,37.358,405.29,405.29,6900.0
0.9885,31.931,36.931,405.549,405.549,6900.0
0.9886,30.997,35.997,405.785,405.785,6900.0
0.9887,30.301,35.301,405.987,405.987,6900.0
0.9888,29.55,34.55,406.159,406.159,6900.0
0.9889,28.765,33.765,406.295,406.295,6900.0
0.989,27.976,32.976,406.389,406.389,6900.0
0.9891,27.235,32.235,406.447,406.447,6900.0
0.9892,26.501,31.501,406.466,406.466,6900.0
0.9893,25.728,30.728,406.452,406.452,6900.0
0.9894,24.931,29.931,406.406,406.406,6900.0
0.9895,23.979,28.979,406.332,406.332,6900.0
0.9896,22.81,27.81,406.217,406.217,6900.0
0.9897,21.785,26.785,406.051,406.051,6900.0
0.9898,21.169,26.169,405.844,405.844,6900.0
0.9899,20.467,25.467,405.617,405.617,6900.0
0.99,19.525,24.525,405.376,405.376,6900.0
0.9901,17.874,22.874,405.097,405.097,6900.0
0.9902,16.561,21.561,404.755,404.755,6900.0
0.9903,15.809,20.809,404.371,404.371,6900.0
0.9904,14.931,19.931,403.966,403.966,6900.0
0.9905,13.962,18.962,403.549,403.549,6900.0
0.9906,12.486,17.486,403.104,403.104,6900.0
0.9907,11.17,16.17,402.615,402.615,6900.0
0.9908,10.185,15.185,402.097,402.097,6900.0
0.9909,9.08,14.08,401.555,401.555,6900.0
0.991,7.976,12.976,400.996,400.996,6900.0
0.9911,6.111,11.111,400.416,400.416,6900.0
0.9912,4.449,9.449,399.805,399.805,6900.0
0.9913,3.236,8.236,399.174,399.174,6900.0
0.9914,1.989,6.989,398.529,398.529,6900.0
0.9915,0.656,5.656,397.872,397.872,6900.0
0.9916,0.048,5.048,397.207,397.207,6900.0
0.9917,-0.0,5.0,396.539,396.539,6900.0
0.9918,-0.0,5.0,395.869,395.869,6900.0
0.9919,-0.0,5.0,395.198,395.198,6900.0
0.992,-0.001,4.999,394.526,394.526,6900.0
0.9921,0.0,5.0,393.853,393.853,6900.0
0.9922,-2.151,2.849,393.178,393.178,6900.0
0.9923,-5.941,-0.941,392.502,392.502,6900.0
0.9924,-9.007,-4.007,391.836,391.836,6900.0
0.9925,-10.28,-5.28,391.191,391.191,6900.0
0.9926,-11.234,-6.234,390.562,390.562,6900.0
0.9927,-12.352,-7.352,389.941,389.941,6900.0
0.9928,-13.983,-8.983,389.337,389.337,6900.0
0.9929,-15.352,-10.352,388.763,388.763,6900.0
0.993,-17.03,-12.03,388.226,388.226,6900.0
0.9931,-17.881,-12.881,387.733,387.733,6900.0
0.9932,-18.9,-13.9,387.253,387.253,6900.0
0.9933,-20.44,-15.44,386.791,386.791,6900.0
0.9934,-21.974,-16.974,386.372,386.372,6900.0
0.9935,-23.5,-18.5,386.01,386.01,6900.0
0.9936,-24.818,-19.818,385.699,385.699,6900.0
0.9937,-25.978,-20.978,385.408,385.408,6900.0
0.9938,-27.416,-22.416,385.136,385.136,6900.0
0.9939,-28.996,-23.996,384.906,384.906,6900.0
0.994,-30.397,-25.397,384.742,384.742,6900.0
0.9941,-31.463,-26.463,384.64,384.64,6900.0
0.9942,-32.521,-27.521,384.587,384.587,6900.0
0.9943,-33.834,-28.834,384.579,384.579,6900.0
0.9944,-35.247,-30.247,384.631,384.631,6900.0
0.9945,-36.259,-31.259,384.75,384.75,6900.0
0.9946,-37.258,-32.258,384.923,384.923,6900.0
0.9947,-38.253,-33.253,385.149,385.149,6900.0
0.9948,-39.025,-34.025,385.427,385.427,6900.0
0.9949,-39.784,-34.784,385.739,385.739,6900.0
0.995,-40.482,-35.482,386.078,386.078,6900.0
0.9951,-41.453,-36.453,386.447,386.447,6900.0
0.9952,-42.421,-37.421,386.86,386.86,6900.0
0.9953,-43.363,-38.363,387.331,387.331,6900.0
0.9954,-44.059,-39.059,387.852,387.852,6900.0
0.9955,-44.717,-39.717,388.398,388.398,6900.0
0.9956,-45.442,-40.442,388.993,388.993,6900.0
0.9957,-46.18,-41.18,389.633,389.633,6900.0
0.9958,-46.824,-41.824,390.344,390.344,6900.0
0.9959,-47.219,-42.219,391.098,391.098,6900.0
0.996,-47.588,-42.588,391.861,391.861,6900.0
0.9961,-48.055,-43.055,392.647,392.647,6900.0
0.9962,-48.242,-43.242,393.45,393.45,6900.0
0.9963,-48.535,-43.535,394.276,394.276,6900.0
0.9964,-48.517,-43.517,395.116,395.116,6900.0
0.9965,-48.671,-43.671,395.934,395.934,6900.0
0.9966,-48.938,-43.938,396.767,396.767,6900.0
0.9967,-48.97,-43.97,397.605,397.605,6900.0
0.9968,-49.352,-44.352,398.455,398.455,6900.0
0.9969,-49.238,-44.238,399.339,399.339,6900.0
0.997,-49.165,-44.165,400.215,400.215,6900.0
0.9971,-49.052,-44.052,401.111,401.111,6900.0
0.9972,-48.614,-43.614,402.0,402.0,6900.0
0.9973,-48.603,-43.603,402.864,402.864,6900.0
0.9974,-48.24,-43.24,403.733,403.733,6900.0
0.9975,-47.914,-42.914,404.573,404.573,6900.0
0.9976,-47.505,-42.505,405.404,405.404,6900.0
0.9977,-46.955,-41.955,406.201,406.201,6900.0
0.9978,-46.575,-41.575,406.946,406.946,6900.0
0.9979,-46.047,-41.047,407.675,407.675,6900.0
0.998,-45.754,-40.754,408.367,408.367,6900.0
0.9981,-45.246,-40.246,409.055,409.055,6900.0
0.9982,-44.581,-39.581,409.715,409.715,6900.0
0.9983,-43.971,-38.971,410.331,410.331,6900.0
0.9984,-43.23,-38.23,410.926,410.926,6900.0
0.9985,-42.463,-37.463,411.491,411.491,6900.0
0.9986,-41.8,-36.8,412.031,412.031,6900.0
0.9987,-40.961,-35.961,412.534,412.534,6900.0
0.9988,-40.007,-35.007,412.985,412.985,6900.0
0.9989,-39.047,-34.047,413.386,413.386,6900.0
0.999,-38.056,-33.056,413.737,413.737,6900.0
0.9991,-37.462,-32.462,414.034,414.034,6900.0
0.9992,-36.589,-31.589,414.297,414.297,6900.0
0.9993,-35.732,-30.732,414.518,414.518,6900.0
0.9994,-34.898,-29.898,414.695,414.695,6900.0
0.9995,-33.885,-28.885,414.828,414.828,6900.0
0.9996,-32.944,-27.944,414.914,414.914,6900.0
0.9997,-31.943,-26.943,414.966,414.966,6900.0
0.9998,-30.993,-25.993,414.992,414.992,6900.0
0.9999,-29.735,-24.735,414.986,414.986,6900.0
1.0,-28.351,-23.351,414.92,414.92,6900.0
1.0001,-25.415,-25.415,414.808,414.808,6900.0
1.0002,-22.703,-22.703,414.615,414.615,6900.0
1.0003,-21.204,-21.204,414.371,414.371,6900.0
1.0004,-19.396,-19.396,414.095,414.095,6900.0
1.0005,-17.734,-17.734,413.759,413.759,6900.0
1.0006,-16.691,-16.691,413.366,413.366,6900.0
1.0007,-15.543,-15.543,412.939,412.939,6900.0
1.0008,-14.62,-14.62,412.484,412.484,6900.0
1.0009,-13.151,-13.151,412.009,412.009,6900.0
1.001,-11.522,-11.522,411.501,411.501,6900.0
1.0011,-10.586,-10.586,410.958,410.958,6900.0
1.0012,-9.386,-9.386,410.4,410.4,6900.0
1.0013,-8.276,-8.276,409.825,409.825,6900.0
1.0014,-6.835,-6.835,409.237,409.237,6900.0
1.0015,-5.253,-5.253,408.632,408.632,6900.0
1.0016,-3.941,-3.941,408.01,408.01,6900.0
1.0017,-2.654,-2.654,407.375,407.375,6900.0
1.0018,-1.709,-1.709,406.731,406.731,6900.0
1.0019,-0.66,-0.66,406.081,406.081,6900.0
1.002,-0.0,-0.0,405.427,405.427,6900.0
1.0021,-0.0,-0.0,404.772,404.772,6900.0
1.0022,1.202,1.202,404.117,404.117,6900.0
1.0023,2.193,2.193,403.463,403.463,6900.0
1.0024,3.031,3.031,402.814,402.814,6900.0
1.0025,3.973,3.973,402.169,402.169,6900.0
1.0026,5.375,5.375,401.529,401.529,6900.0
1.0027,6.522,6.522,400.9,400.9,6900.0
1.0028,7.985,7.985,400.282,400.282,6900.0
1.0029,9.136,9.136,399.684,399.684,6900.0
1.003,10.163,10.163,399.1,399.1,6900.0
1.0031,11.532,11.532,398.525,398.525,6900.0
1.0032,12.886,12.886,397.978,397.978,6900.0
1.0033,14.613,14.613,397.465,397.465,6900.0
1.0034,15.796,15.796,397.004,397.004,6900.0
1.0035,16.464,16.464,396.574,396.574,6900.0
1.0036,17.6,17.6,396.154,396.154,6900.0
1.0037,18.949,18.949,395.762,395.762,6900.0
1.0038,20.234,20.234,395.413,395.413,6900.0
1.0039,21.292,21.292,395.113,395.113,6900.0
1.004,22.148,22.148,394.846,394.846,6900.0
1.0041,23.265,23.265,394.6,394.6,6900.0
1.0042,24.339,24.339,394.386,394.386,6900.0
1.0043,25.634,25.634,394.211,394.211,6900.0
1.0044,26.826,26.826,394.088,394.088,6900.0
1.0045,27.931,27.931,394.012,394.012,6900.0
1.0046,28.891,28.891,393.987,393.987,6900.0
1.0047,29.883,29.883,394.008,394.008,6900.0
1.0048,30.698,30.698,394.074,394.074,6900.0
1.0049,31.67,31.67,394.174,394.174,6900.0
1.005,32.386,32.386,394.321,394.321,6900.0
1.0051,33.16,33.16,394.512,394.512,6900.0
1.0052,33.832,33.832,394.742,394.742,6900.0
1.0053,34.286,34.286,394.997,394.997,6900.0
1.0054,35.083,35.083,395.265,395.265,6900.0
1.0055,35.832,35.832,395.569,395.569,6900.0
1.0056,36.378,36.378,395.918,395.918,6900.0
1.0057,36.882,36.882,396.307,396.307,6900.0
1.0058,37.274,37.274,396.717,396.717,6900.0
1.0059,37.998,37.998,397.143,397.143,6900.0
1.006,38.378,38.378,397.611,397.611,6900.0
1.0061,38.924,38.924,398.108,398.108,6900.0
1.0062,39.185,39.185,398.653,398.653,6900.0
1.0063,39.287,39.287,399.205,399.205,6900.0
1.0064,39.684,39.684,399.759,399.759,6900.0
1.0065,39.717,39.717,400.333,400.333,6900.0
1.0066,39.84,39.84,400.901,400.901,6900.0
1.0067,39.766,39.766,401.487,401.487,6900.0
1.0068,39.602,39.602,402.063,402.063,6900.0
1.0069,39.92,39.92,402.629,402.629,6900.0
1.007,39.783,39.783,403.213,403.213,6900.0
1.0071,39.711,39.711,403.781,403.781,6900.0
1.0072,39.875,39.875,404.36,404.36,6900.0
1.0073,39.555,39.555,404.944,404.944,6900.0
1.0074,39.705,39.705,405.524,405.524,6900.0
1.0075,39.226,39.226,406.115,406.115,6900.0
1.0076,38.88,38.88,406.672,406.672,6900.0
1.0077,38.764,38.764,407.213,407.213,6900.0
1.0078,38.285,38.285,407.738,407.738,6900.0
1.0079,38.04,38.04,408.241,408.241,6900.0
1.008,37.526,37.526,408.726,408.726,6900.0
1.0081,36.92,36.92,409.17,409.17,6900.0
1.0082,36.504,36.504,409.582,409.582,6900.0
1.0083,35.994,35.994,409.97,409.97,6900.0
1.0084,35.492,35.492,410.341,410.341,6900.0
1.0085,34.753,34.753,410.693,410.693,6900.0
1.0086,34.003,34.003,411.007,411.007,6900.0
1.0087,33.373,33.373,411.282,411.282,6900.0
1.0088,32.536,32.536,411.528,411.528,6900.0
1.0089,31.798,31.798,411.743,411.743,6900.0
1.009,31.031,31.031,411.923,411.923,6900.0
1.0091,30.216,30.216,412.065,412.065,6900.0
1.0092,29.346,29.346,412.166,412.166,6900.0
1.0093,28.405,28.405,412.223,412.223,6900.0
1.0094,27.577,27.577,412.23,412.23,6900.0
1.0095,26.703,26.703,412.2,412.2,6900.0
1.0096,26.06,26.06,412.138,412.138,6900.0
1.0097,25.172,25.172,412.056,412.056,6900.0
1.0098,24.117,24.117,411.935,411.935,6900.0
1.0099,23.284,23.284,411.762,411.762,6900.0
1.01,22.557,22.557,411.556,411.556,6900.0
1.0101,21.575,21.575,411.331,411.331,6900.0
1.0102,20.421,20.421,411.09,411.09,6900.0
1.0103,19.025,19.025,410.806,410.806,6900.0
1.0104,17.757,17.757,410.46,410.46,6900.0
1.0105,16.863,16.863,410.07,410.07,6900.0
1.0106,16.187,16.187,409.651,409.651,6900.0
1.0107,15.344,15.344,409.22,409.22,6900.0
1.0108,13.791,13.791,408.767,408.767,6900.0
1.0109,12.403,12.403,408.273,408.273,6900.0
1.011,11.275,11.275,407.753,407.753,6900.0
1.0111,10.068,10.068,407.211,407.211,6900.0
1.0112,8.798,8.798,406.655,406.655,6900.0
1.0113,7.248,7.248,406.078,406.078,6900.0
1.0114,5.867,5.867,405.478,405.478,6900.0
1.0115,4.429,4.429,404.86,404.86,6900.0
1.0116,3.162,3.162,404.225,404.225,6900.0
1.0117,1.933,1.933,403.579,403.579,6900.0
1.0118,1.122,1.122,402.926,402.926,6900.0
1.0119,1.261,1.261,402.267,402.267,6900.0
1.012,-0.03,-0.03,401.607,401.607,6900.0
1.0121,0.0,0.0,400.946,400.946,6900.0
1.0122,-1.587,-1.587,400.285,400.285,6900.0
1.0123,-2.175,-2.175,399.625,399.625,6900.0
1.0124,-3.22,-3.22,398.967,398.967,6900.0
1.0125,-4.509,-4.509,398.313,398.313,6900.0
1.0126,-5.552,-5.552,397.667,397.667,6900.0
1.0127,-7.06,-7.06,397.033,397.033,6900.0
1.0128,-8.04,-8.04,396.415,396.415,6900.0
1.0129,-9.106,-9.106,395.806,395.806,6900.0
1.013,-10.728,-10.728,395.213,395.213,6900.0
1.0131,-11.986,-11.986,394.648,394.648,6900.0
1.0132,-13.592,-13.592,394.118,394.118,6900.0
1.0133,-14.499,-14.499,393.626,393.626,6900.0
1.0134,-15.543,-15.543,393.147,393.147,6900.0
1.0135,-16.739,-16.739,392.687,392.687,6900.0
1.0136,-18.105,-18.105,392.26,392.26,6900.0
1.0137,-19.401,-19.401,391.884,391.884,6900.0
1.0138,-20.393,-20.393,391.551,391.551,6900.0
1.0139,-21.329,-21.329,391.242,391.242,6900.0
1.014,-22.459,-22.459,390.954,390.954,6900.0
1.0141,-23.743,-23.743,390.7,390.7,6900.0
1.0142,-24.903,-24.903,390.494,390.494,6900.0
1.0143,-25.76,-25.76,390.336,390.336,6900.0
1.0144,-26.692,-26.692,390.219,390.219,6900.0
1.0145,-27.617,-27.617,390.142,390.142,6900.0
1.0146,-28.767,-28.767,390.105,390.105,6900.0
1.0147,-29.489,-29.489,390.118,390.118,6900.0
1.0148,-30.507,-30.507,390.17,390.17,6900.0
1.0149,-31.567,-31.567,390.269,390.269,6900.0
1.015,-32.309,-32.309,390.423,390.423,6900.0
1.0151,-32.97,-32.97,390.611,390.611,6900.0
1.0152,-33.723,-33.723,390.82,390.82,6900.0
1.0153,-34.417,-34.417,391.062,391.062,6900.0
1.0154,-35.185,-35.185,391.335,391.335,6900.0
1.0155,-35.742,-35.742,391.657,391.657,6900.0
1.0156,-36.205,-36.205,392.011,392.011,6900.0
1.0157,-36.592,-36.592,392.379,392.379,6900.0
1.0158,-37.222,-37.222,392.776,392.776,6900.0
1.0159,-37.877,-37.877,393.205,393.205,6900.0
1.016,-38.25,-38.25,393.692,393.692,6900.0
1.0161,-38.646,-38.646,394.206,394.206,6900.0
1.0162,-38.818,-38.818,394.728,394.728,6900.0
1.0163,-39.175,-39.175,395.268,395.268,6900.0
1.0164,-39.234,-39.234,395.819,395.819,6900.0
1.0165,-39.509,-39.509,396.383,396.383,6900.0
1.0166,-39.589,-39.589,396.961,396.961,6900.0
1.0167,-39.55,-39.55,397.528,397.528,6900.0
1.0168,-39.626,-39.626,398.102,398.102,6900.0
1.0169,-39.562,-39.562,398.673,398.673,6900.0
1.017,-39.897,-39.897,399.246,399.246,6900.0
1.0171,-39.926,-39.926,399.84,399.84,6900.0
1.0172,-39.932,-39.932,400.428,400.428,6900.0
1.0173,-39.763,-39.763,401.032,401.032,6900.0
1.0174,-39.501,-39.501,401.624,401.624,6900.0
1.0175,-39.23,-39.23,402.196,402.196,6900.0
1.0176,-38.84,-38.84,402.762,402.762,6900.0
1.0177,-38.588,-38.588,403.302,403.302,6900.0
1.0178,-38.319,-38.319,403.836,403.836,6900.0
1.0179,-37.773,-37.773,404.344,404.344,6900.0
1.018,-37.364,-37.364,404.808,404.808,6900.0
1.0181,-36.958,-36.958,405.252,405.252,6900.0
1.0182,-36.602,-36.602,405.671,405.671,6900.0
1.0183,-36.129,-36.129,406.079,406.079,6900.0
1.0184,-35.621,-35.621,406.46,406.46,6900.0
1.0185,-34.831,-34.831,406.806,406.806,6900.0
1.0186,-34.31,-34.31,407.119,407.119,6900.0
1.0187,-33.724,-33.724,407.407,407.407,6900.0
1.0188,-32.995,-32.995,407.67,407.67,6900.0
1.0189,-32.287,-32.287,407.901,407.901,6900.0
1.019,-31.311,-31.311,408.093,408.093,6900.0
1.0191,-30.493,-30.493,408.238,408.238,6900.0
1.0192,-29.616,-29.616,408.344,408.344,6900.0
1.0193,-28.867,-28.867,408.404,408.404,6900.0
1.0194,-28.074,-28.074,408.431,408.431,6900.0
1.0195,-27.291,-27.291,408.424,408.424,6900.0
1.0196,-26.193,-26.193,408.383,408.383,6900.0
1.0197,-25.065,-25.065,408.294,408.294,6900.0
1.0198,-24.126,-24.126,408.155,408.155,6900.0
1.0199,-23.314,-23.314,407.985,407.985,6900.0
1.02,-22.627,-22.627,407.794,407.794,6900.0
1.0201,-21.545,-21.545,407.582,407.582,6900.0
1.0202,-20.073,-20.073,407.318,407.318,6900.0
1.0203,-19.164,-19.164,406.996,406.996,6900.0
1.0204,-18.296,-18.296,406.644,406.644,6900.0
1.0205,-17.634,-17.634,406.273,406.273,6900.0
1.0206,-16.195,-16.195,405.89,405.89,6900.0
1.0207,-14.694,-14.694,405.463,405.463,6900.0
1.0208,-13.852,-13.852,404.992,404.992,6900.0
1.0209,-12.825,-12.825,404.497,404.497,6900.0
1.021,-12.03,-12.03,403.981,403.981,6900.0
1.0211,-10.717,-10.717,403.449,403.449,6900.0
1.0212,-9.112,-9.112,402.889,402.889,6900.0
1.0213,-7.926,-7.926,402.301,402.301,6900.0
1.0214,-6.732,-6.732,401.694,401.694,6900.0
1.0215,-5.552,-5.552,401.071,401.071,6900.0
1.0216,-4.24,-4.24,400.436,400.436,6900.0
1.0217,-2.926,-2.926,399.789,399.789,6900.0
1.0218,-1.858,-1.858,399.133,399.133,6900.0
1.0219,-0.674,-0.674,398.47,398.47,6900.0
1.022,-0.0,-0.0,397.804,397.804,6900.0
1.0221,-0.0,-0.0,397.136,397.136,6900.0
1.0222,1.764,1.764,396.467,396.467,6900.0
1.0223,1.949,1.949,395.8,395.8,6900.0
1.0224,2.961,2.961,395.135,395.135,6900.0
1.0225,4.218,4.218,394.475,394.475,6900.0
1.0226,5.349,5.349,393.827,393.827,6900.0
1.0227,6.449,6.449,393.188,393.188,6900.0
1.0228,7.589,7.589,392.558,392.558,6900.0
1.0229,8.857,8.857,391.945,391.945,6900.0
1.023,10.621,10.621,391.351,391.351,6900.0
1.0231,11.701,11.701,390.791,390.791,6900.0
1.0232,12.65,12.65,390.248,390.248,6900.0
1.0233,14.115,14.115,389.713,389.713,6900.0
1.0234,15.686,15.686,389.208,389.208,6900.0
1.0235,17.515,17.515,388.745,388.745,6900.0
1.0236,18.785,18.785,388.342,388.342,6900.0
1.0237,19.539,19.539,387.975,387.975,6900.0
1.0238,20.831,20.831,387.622,387.622,6900.0
1.0239,22.103,22.103,387.302,387.302,6900.0
1.024,23.381,23.381,387.028,387.028,6900.0
1.0241,24.439,24.439,386.808,386.808,6900.0
1.0242,25.399,25.399,386.629,386.629,6900.0
1.0243,26.407,26.407,386.482,386.482,6900.0
1.0244,27.551,27.551,386.372,386.372,6900.0
1.0245,28.621,28.621,386.308,386.308,6900.0
1.0246,29.534,29.534,386.29,386.29,6900.0
1.0247,30.481,30.481,386.316,386.316,6900.0
1.0248,31.384,31.384,386.393,386.393,6900.0
1.0249,32.293,32.293,386.513,386.513,6900.0
1.025,33.157,33.157,386.67,386.67,6900.0
1.0251,34.173,34.173,386.862,386.862,6900.0
1.0252,35.014,35.014,387.1,387.1,6900.0
1.0253,36.041,36.041,387.389,387.389,6900.0
1.0254,36.632,36.632,387.73,387.73,6900.0
1.0255,37.397,37.397,388.093,388.093,6900.0
1.0256,38.201,38.201,388.482,388.482,6900.0
1.0257,38.878,38.878,388.912,388.912,6900.0
1.0258,39.638,39.638,389.387,389.387,6900.0
1.0259,40.069,40.069,389.913,389.913,6900.0
1.026,40.303,40.303,390.457,390.457,6900.0
1.0261,40.901,40.901,391.01,391.01,6900.0
1.0262,41.182,41.182,391.599,391.599,6900.0
1.0263,41.673,41.673,392.203,392.203,6900.0
1.0264,41.622,41.622,392.851,392.851,6900.0
1.0265,41.672,41.672,393.493,393.493,6900.0
1.0266,41.988,41.988,394.132,394.132,6900.0
1.0267,42.11,42.11,394.786,394.786,6900.0
1.0268,42.344,42.344,395.436,395.436,6900.0
1.0269,42.454,42.454,396.109,396.109,6900.0
1.027,42.421,42.421,396.781,396.781,6900.0
1.0271,42.456,42.456,397.453,397.453,6900.0
1.0272,42.219,42.219,398.131,398.131,6900.0
1.0273,42.006,42.006,398.787,398.787,6900.0
1.0274,41.904,41.904,399.443,399.443,6900.0
1.0275,41.62,41.62,400.091,400.091,6900.0
1.0276,41.435,41.435,400.733,400.733,6900.0
1.0277,41.001,41.001,401.367,401.367,6900.0
1.0278,40.503,40.503,401.965,401.965,6900.0
1.0279,40.301,40.301,402.534,402.534,6900.0
1.028,39.875,39.875,403.083,403.083,6900.0
1.0281,39.534,39.534,403.614,403.614,6900.0
1.0282,38.963,38.963,404.125,404.125,6900.0
1.0283,38.21,38.21,404.597,404.597,6900.0
1.0284,37.756,37.756,405.026,405.026,6900.0
1.0285,37.15,37.15,405.429,405.429,6900.0
1.0286,36.777,36.777,405.808,405.808,6900.0
1.0287,36.046,36.046,406.169,406.169,6900.0
1.0288,35.191,35.191,406.492,406.492,6900.0
1.0289,34.279,34.279,406.771,406.771,6900.0
1.029,33.52,33.52,407.01,407.01,6900.0
1.0291,32.711,32.711,407.213,407.213,6900.0
1.0292,31.937,31.937,407.378,407.378,6900.0
1.0293,31.027,31.027,407.505,407.505,6900.0
1.0294,29.991,29.991,407.593,407.593,6900.0
1.0295,28.987,28.987,407.631,407.631,6900.0
1.0296,27.872,27.872,407.616,407.616,6900.0
1.0297,26.948,26.948,407.555,407.555,6900.0
1.0298,26.032,26.032,407.464,407.464,6900.0
1.0299,25.103,25.103,407.349,407.349,6900.0
1.03,23.759,23.759,407.193,407.193,6900.0
1.0301,22.664,22.664,406.976,406.976,6900.0
1.0302,21.91,21.91,406.716,406.716,6900.0
1.0303,21.029,21.029,406.439,406.439,6900.0
1.0304,20.022,20.022,406.15,406.15,6900.0
1.0305,18.57,18.57,405.826,405.826,6900.0
1.0306,16.926,16.926,405.446,405.446,6900.0
1.0307,15.759,15.759,405.02,405.02,6900.0
1.0308,14.921,14.921,404.557,404.557,6900.0
1.0309,13.936,13.936,404.078,404.078,6900.0
1.031,12.459,12.459,403.574,403.574,6900.0
1.0311,11.11,11.11,403.033,403.033,6900.0
1.0312,9.923,9.923,402.469,402.469,6900.0
1.0313,8.741,8.741,401.884,401.884,6900.0
1.0314,7.734,7.734,401.286,401.286,6900.0
1.0315,6.209,6.209,400.674,400.674,6900.0
1.0316,4.425,4.425,400.045,400.045,6900.0
1.0317,3.055,3.055,399.4,399.4,6900.0
1.0318,1.595,1.595,398.744,398.744,6900.0
1.0319,0.48,0.48,398.081,398.081,6900.0
1.032,0.0,0.0,397.414,397.414,6900.0
1.0321,0.0,0.0,396.746,396.746,6900.0
1.0322,-2.278,-2.278,396.076,396.076,6900.0
1.0323,-2.316,-2.316,395.411,395.411,6900.0
1.0324,-3.294,-3.294,394.749,394.749,6900.0
1.0325,-4.388,-4.388,394.093,394.093,6900.0
1.0326,-5.386,-5.386,393.442,393.442,6900.0
1.0327,-6.908,-6.908,392.801,392.801,6900.0
1.0328,-8.289,-8.289,392.173,392.173,6900.0
1.0329,-9.844,-9.844,391.564,391.564,6900.0
1.033,-11.024,-11.024,390.977,390.977,6900.0
1.0331,-12.219,-12.219,390.402,390.402,6900.0
1.0332,-13.872,-13.872,389.844,389.844,6900.0
1.0333,-15.364,-15.364,389.322,389.322,6900.0
1.0334,-16.901,-16.901,388.848,388.848,6900.0
1.0335,-18.016,-18.016,388.422,388.422,6900.0
1.0336,-19.041,-19.041,388.016,388.016,6900.0
1.0337,-20.427,-20.427,387.63,387.63,6900.0
1.0338,-21.984,-21.984,387.285,387.285,6900.0
1.0339,-23.586,-23.586,386.996,386.996,6900.0
1.034,-24.753,-24.753,386.764,386.764,6900.0
1.0341,-25.609,-25.609,386.566,386.566,6900.0
1.0342,-26.582,-26.582,386.396,386.396,6900.0
1.0343,-28.05,-28.05,386.261,386.261,6900.0
1.0344,-29.378,-29.378,386.182,386.182,6900.0
1.0345,-30.542,-30.542,386.159,386.159,6900.0
1.0346,-31.349,-31.349,386.189,386.189,6900.0
1.0347,-32.352,-32.352,386.262,386.262,6900.0
1.0348,-33.337,-33.337,386.381,386.381,6900.0
1.0349,-34.318,-34.318,386.54,386.54,6900.0
1.035,-35.244,-35.244,386.747,386.747,6900.0
1.0351,-36.326,-36.326,386.999,386.999,6900.0
1.0352,-37.28,-37.28,387.312,387.312,6900.0
1.0353,-37.924,-37.924,387.667,387.667,6900.0
1.0354,-38.673,-38.673,388.04,388.04,6900.0
1.0355,-39.591,-39.591,388.45,388.45,6900.0
1.0356,-40.526,-40.526,388.897,388.897,6900.0
1.0357,-41.155,-41.155,389.409,389.409,6900.0
1.0358,-41.492,-41.492,389.957,389.957,6900.0
1.0359,-41.784,-41.784,390.512,390.512,6900.0
1.036,-42.494,-42.494,391.092,391.092,6900.0
1.0361,-42.821,-42.821,391.708,391.708,6900.0
1.0362,-43.398,-43.398,392.363,392.363,6900.0
1.0363,-43.482,-43.482,393.055,393.055,6900.0
1.0364,-43.67,-43.67,393.74,393.74,6900.0
1.0365,-43.943,-43.943,394.443,394.443,6900.0
1.0366,-43.933,-43.933,395.15,395.15,6900.0
1.0367,-44.432,-44.432,395.862,395.862,6900.0
1.0368,-44.367,-44.367,396.599,396.599,6900.0
1.0369,-44.429,-44.429,397.317,397.317,6900.0
1.037,-44.486,-44.486,398.05,398.05,6900.0
1.0371,-44.132,-44.132,398.778,398.778,6900.0
1.0372,-44.257,-44.257,399.492,399.492,6900.0
1.0373,-43.974,-43.974,400.221,400.221,6900.0
1.0374,-44.062,-44.062,400.929,400.929,6900.0
1.0375,-43.836,-43.836,401.657,401.657,6900.0
1.0376,-43.217,-43.217,402.367,402.367,6900.0
1.0377,-42.931,-42.931,403.034,403.034,6900.0
1.0378,-42.506,-42.506,403.692,403.692,6900.0
1.0379,-42.308,-42.308,404.318,404.318,6900.0
1.038,-41.936,-41.936,404.938,404.938,6900.0
1.0381,-41.129,-41.129,405.529,405.529,6900.0
1.0382,-40.59,-40.59,406.064,406.064,6900.0
1.0383,-39.841,-39.841,406.576,406.576,6900.0
1.0384,-39.336,-39.336,407.052,407.052,6900.0
1.0385,-38.796,-38.796,407.511,407.511,6900.0
1.0386,-38.162,-38.162,407.94,407.94,6900.0
1.0387,-37.252,-37.252,408.329,408.329,6900.0
1.0388,-36.741,-36.741,408.675,408.675,6900.0
1.0389,-35.953,-35.953,408.995,408.995,6900.0
1.039,-35.115,-35.115,409.279,409.279,6900.0
1.0391,-34.226,-34.226,409.526,409.526,6900.0
1.0392,-33.279,-33.279,409.73,409.73,6900.0
1.0393,-32.218,-32.218,409.887,409.887,6900.0
1.0394,-31.213,-31.213,409.991,409.991,6900.0
1.0395,-30.282,-30.282,410.046,410.046,6900.0
1.0396,-29.171,-29.171,410.063,410.063,6900.0
1.0397,-28.305,-28.305,410.045,410.045,6900.0
1.0398,-27.108,-27.108,409.994,409.994,6900.0
1.0399,-25.795,-25.795,409.891,409.891,6900.0
1.04,-25.024,-25.024,409.73,409.73,6900.0
1.0401,-24.021,-24.021,409.544,409.544,6900.0
1.0402,-23.084,-23.084,409.336,409.336,6900.0
1.0403,-21.674,-21.674,409.106,409.106,6900.0
1.0404,-19.955,-19.955,408.816,408.816,6900.0
1.0405,-18.992,-18.992,408.46,408.46,6900.0
1.0406,-17.941,-17.941,408.071,408.071,6900.0
1.0407,-17.096,-17.096,407.657,407.657,6900.0
1.0408,-15.781,-15.781,407.227,407.227,6900.0
1.0409,-14.274,-14.274,406.76,406.76,6900.0
1.041,-13.114,-13.114,406.257,406.257,6900.0
1.0411,-11.83,-11.83,405.733,405.733,6900.0
1.0412,-10.819,-10.819,405.188,405.188,6900.0
1.0413,-9.386,-9.386,404.629,404.629,6900.0
1.0414,-7.622,-7.622,404.046,404.046,6900.0
1.0415,-6.188,-6.188,403.437,403.437,6900.0
1.0416,-4.847,-4.847,402.812,402.812,6900.0
1.0417,-3.604,-3.604,402.171,402.171,6900.0
1.0418,-2.17,-2.17,401.521,401.521,6900.0
1.0419,-1.048,-1.048,400.863,400.863,6900.0
1.042,-0.082,-0.082,400.201,400.201,6900.0
1.0421,-0.0,-0.0,399.537,399.537,6900.0
1.0422,1.239,1.239,398.873,398.873,6900.0
1.0423,2.047,2.047,398.21,398.21,6900.0
1.0424,2.956,2.956,397.55,397.55,6900.0
1.0425,4.344,4.344,396.892,396.892,6900.0
1.0426,5.427,5.427,396.243,396.243,6900.0
1.0427,7.116,7.116,395.604,395.604,6900.0
1.0428,8.277,8.277,394.984,394.984,6900.0
1.0429,9.476,9.476,394.378,394.378,6900.0
1.043,10.991,10.991,393.784,393.784,6900.0
1.0431,12.394,12.394,393.217,393.217,6900.0
1.0432,14.148,14.148,392.68,392.68,6900.0
1.0433,15.508,15.508,392.19,392.19,6900.0
1.0434,16.284,16.284,391.728,391.728,6900.0
1.0435,17.657,17.657,391.275,391.275,6900.0
1.0436,19.465,19.465,390.849,390.849,6900.0
1.0437,21.085,21.085,390.478,390.478,6900.0
1.0438,22.347,22.347,390.167,390.167,6900.0
1.0439,23.378,23.378,389.895,389.895,6900.0
1.044,24.457,24.457,389.644,389.644,6900.0
1.0441,25.844,25.844,389.425,389.425,6900.0
1.0442,27.255,27.255,389.254,389.254,6900.0
1.0443,28.309,28.309,389.142,389.142,6900.0
1.0444,29.193,29.193,389.077,389.077,6900.0
1.0445,30.395,30.395,389.052,389.052,6900.0
1.0446,31.378,31.378,389.077,389.077,6900.0
1.0447,32.375,32.375,389.146,389.146,6900.0
1.0448,33.466,33.466,389.259,389.259,6900.0
1.0449,34.399,34.399,389.422,389.422,6900.0
1.045,35.373,35.373,389.637,389.637,6900.0
1.0451,36.083,36.083,389.899,389.899,6900.0
1.0452,36.781,36.781,390.192,390.192,6900.0
1.0453,37.679,37.679,390.508,390.508,6900.0
1.0454,38.547,38.547,390.868,390.868,6900.0
1.0455,39.618,39.618,391.277,391.277,6900.0
1.0456,40.076,40.076,391.745,391.745,6900.0
1.0457,40.454,40.454,392.233,392.233,6900.0
1.0458,41.044,41.044,392.736,392.736,6900.0
1.0459,41.586,41.586,393.275,393.275,6900.0
1.046,42.389,42.389,393.851,393.851,6900.0
1.0461,42.682,42.682,394.484,394.484,6900.0
1.0462,42.824,42.824,395.13,395.13,6900.0
1.0463,43.305,43.305,395.777,395.777,6900.0
1.0464,43.37,43.37,396.451,396.451,6900.0
1.0465,43.657,43.657,397.126,397.126,6900.0
1.0466,43.801,43.801,397.833,397.833,6900.0
1.0467,43.596,43.596,398.539,398.539,6900.0
1.0468,43.843,43.843,399.234,399.234,6900.0
1.0469,43.866,43.866,399.943,399.943,6900.0
1.047,43.946,43.946,400.642,400.642,6900.0
1.0471,43.947,43.947,401.36,401.36,6900.0
1.0472,43.676,43.676,402.076,402.076,6900.0
1.0473,43.703,43.703,402.785,402.785,6900.0
1.0474,43.395,43.395,403.5,403.5,6900.0
1.0475,43.091,43.091,404.182,404.182,6900.0
1.0476,42.692,42.692,404.858,404.858,6900.0
1.0477,42.228,42.228,405.508,405.508,6900.0
1.0478,41.981,41.981,406.142,406.142,6900.0
1.0479,41.289,41.289,406.762,406.762,6900.0
1.048,40.805,40.805,407.335,407.335,6900.0
1.0481,40.323,40.323,407.879,407.879,6900.0
1.0482,39.864,39.864,408.393,408.393,6900.0
1.0483,39.549,39.549,408.891,408.891,6900.0
1.0484,38.885,38.885,409.371,409.371,6900.0
1.0485,37.99,37.99,409.813,409.813,6900.0
1.0486,37.51,37.51,410.208,410.208,6900.0
1.0487,36.794,36.794,410.576,410.576,6900.0
1.0488,36.095,36.095,410.915,410.915,6900.0
1.0489,35.181,35.181,411.222,411.222,6900.0
1.049,34.259,34.259,411.488,411.488,6900.0
1.0491,33.434,33.434,411.706,411.706,6900.0
1.0492,32.514,32.514,411.885,411.885,6900.0
1.0493,31.564,31.564,412.019,412.019,6900.0
1.0494,30.708,30.708,412.11,412.11,6900.0
1.0495,29.793,29.793,412.166,412.166,6900.0
1.0496,28.69,28.69,412.189,412.189,6900.0
1.0497,27.459,27.459,412.164,412.164,6900.0
1.0498,26.445,26.445,412.078,412.078,6900.0
1.0499,25.574,25.574,411.951,411.951,6900.0
1.05,24.644,24.644,411.798,411.798,6900.0
1.0501,23.529,23.529,411.626,411.626,6900.0
1.0502,22.095,22.095,411.412,411.412,6900.0
1.0503,21.003,21.003,411.131,411.131,6900.0
1.0504,20.113,20.113,410.81,410.81,6900.0
1.0505,19.347,19.347,410.463,410.463,6900.0
1.0506,18.306,18.306,410.107,410.107,6900.0
1.0507,16.606,16.606,409.723,409.723,6900.0
1.0508,15.137,15.137,409.287,409.287,6900.0
1.0509,14.045,14.045,408.815,408.815,6900.0
1.051,12.846,12.846,408.317,408.317,6900.0
1.0511,11.431,11.431,407.8,407.8,6900.0
1.0512,9.816,9.816,407.257,407.257,6900.0
1.0513,8.433,8.433,406.683,406.683,6900.0
1.0514,7.284,7.284,406.088,406.088,6900.0
1.0515,6.052,6.052,405.476,405.476,6900.0
1.0516,4.627,4.627,404.851,404.851,6900.0
1.0517,3.147,3.147,404.213,404.213,6900.0
1.0518,1.753,1.753,403.564,403.564,6900.0
1.0519,0.547,0.547,402.909,402.909,6900.0
1.052,0.0,0.0,402.25,402.25,6900.0
1.0521,0.0,0.0,401.589,401.589,6900.0
1.0522,-1.763,-1.763,400.928,400.928,6900.0
1.0523,-3.035,-3.035,400.267,400.267,6900.0
1.0524,-3.348,-3.348,399.612,399.612,6900.0
1.0525,-4.369,-4.369,398.959,398.959,6900.0
1.0526,-5.863,-5.863,398.317,398.317,6900.0
1.0527,-6.972,-6.972,397.69,397.69,6900.0
1.0528,-8.073,-8.073,397.071,397.071,6900.0
1.0529,-9.558,-9.558,396.466,396.466,6900.0
1.053,-11.057,-11.057,395.881,395.881,6900.0
1.0531,-12.488,-12.488,395.328,395.328,6900.0
1.0532,-13.493,-13.493,394.804,394.804,6900.0
1.0533,-14.488,-14.488,394.291,394.291,6900.0
1.0534,-16.128,-16.128,393.794,393.794,6900.0
1.0535,-17.672,-17.672,393.336,393.336,6900.0
1.0536,-19.423,-19.423,392.93,392.93,6900.0
1.0537,-20.5,-20.5,392.579,392.579,6900.0
1.0538,-21.286,-21.286,392.251,392.251,6900.0
1.0539,-22.525,-22.525,391.944,391.944,6900.0
1.054,-23.884,-23.884,391.675,391.675,6900.0
1.0541,-25.228,-25.228,391.458,391.458,6900.0
1.0542,-26.246,-26.246,391.293,391.293,6900.0
1.0543,-27.359,-27.359,391.164,391.164,6900.0
1.0544,-28.446,-28.446,391.074,391.074,6900.0
1.0545,-29.529,-29.529,391.026,391.026,6900.0
1.0546,-30.759,-30.759,391.023,391.023,6900.0
1.0547,-31.853,-31.853,391.074,391.074,6900.0
1.0548,-32.849,-32.849,391.177,391.177,6900.0
1.0549,-33.681,-33.681,391.329,391.329,6900.0
1.055,-34.45,-34.45,391.522,391.522,6900.0
1.0551,-35.232,-35.232,391.746,391.746,6900.0
1.0552,-36.09,-36.09,392.009,392.009,6900.0
1.0553,-36.934,-36.934,392.313,392.313,6900.0
1.0554,-37.648,-37.648,392.672,392.672,6900.0
1.0555,-38.18,-38.18,393.067,393.067,6900.0
1.0556,-38.753,-38.753,393.476,393.476,6900.0
1.0557,-39.513,-39.513,393.918,393.918,6900.0
1.0558,-40.041,-40.041,394.395,394.395,6900.0
1.0559,-40.437,-40.437,394.923,394.923,6900.0
1.056,-40.624,-40.624,395.48,395.48,6900.0
1.0561,-40.954,-40.954,396.037,396.037,6900.0
1.0562,-41.427,-41.427,396.62,396.62,6900.0
1.0563,-41.859,-41.859,397.218,397.218,6900.0
1.0564,-42.306,-42.306,397.852,397.852,6900.0
1.0565,-42.316,-42.316,398.512,398.512,6900.0
1.0566,-42.358,-42.358,399.16,399.16,6900.0
1.0567,-42.353,-42.353,399.82,399.82,6900.0
1.0568,-42.381,-42.381,400.471,400.471,6900.0
1.0569,-42.506,-42.506,401.131,401.131,6900.0
1.057,-42.235,-42.235,401.805,401.805,6900.0
1.0571,-42.096,-42.096,402.46,402.46,6900.0
1.0572,-42.074,-42.074,403.125,403.125,6900.0
1.0573,-41.77,-41.77,403.779,403.779,6900.0
1.0574,-41.97,-41.97,404.414,404.414,6900.0
1.0575,-41.678,-41.678,405.062,405.062,6900.0
1.0576,-41.405,-41.405,405.687,405.687,6900.0
1.0577,-41.053,-41.053,406.31,406.31,6900.0
1.0578,-40.421,-40.421,406.908,406.908,6900.0
1.0579,-39.906,-39.906,407.46,407.46,6900.0
1.058,-39.4,-39.4,407.994,407.994,6900.0
1.0581,-39.339,-39.339,408.496,408.496,6900.0
1.0582,-38.809,-38.809,408.999,408.999,6900.0
1.0583,-37.987,-37.987,409.472,409.472,6900.0
1.0584,-37.362,-37.362,409.893,409.893,6900.0
1.0585,-36.591,-36.591,410.29,410.29,6900.0
1.0586,-36.239,-36.239,410.648,410.648,6900.0
1.0587,-35.616,-35.616,410.991,410.991,6900.0
1.0588,-34.804,-34.804,411.301,411.301,6900.0
1.0589,-34.031,-34.031,411.567,411.567,6900.0
1.059,-33.302,-33.302,411.794,411.794,6900.0
1.0591,-32.419,-32.419,411.986,411.986,6900.0
1.0592,-31.509,-31.509,412.14,412.14,6900.0
1.0593,-30.492,-30.492,412.256,412.256,6900.0
1.0594,-29.645,-29.645,412.332,412.332,6900.0
1.0595,-28.428,-28.428,412.37,412.37,6900.0
1.0596,-27.476,-27.476,412.353,412.353,6900.0
1.0597,-26.426,-26.426,412.289,412.289,6900.0
1.0598,-25.551,-25.551,412.187,412.187,6900.0
1.0599,-24.688,-24.688,412.061,412.061,6900.0
1.06,-23.425,-23.425,411.905,411.905,6900.0
1.0601,-22.117,-22.117,411.695,411.695,6900.0
1.0602,-21.14,-21.14,411.43,411.43,6900.0
1.0603,-20.513,-20.513,411.134,411.134,6900.0
1.0604,-19.757,-19.757,410.829,410.829,6900.0
1.0605,-18.27,-18.27,410.508,410.508,6900.0
1.0606,-16.557,-16.557,410.139,410.139,6900.0
1.0607,-15.505,-15.505,409.715,409.715,6900.0
1.0608,-14.468,-14.468,409.259,409.259,6900.0
1.0609,-13.671,-13.671,408.778,408.778,6900.0
1.061,-12.464,-12.464,408.28,408.28,6900.0
1.0611,-10.97,-10.97,407.752,407.752,6900.0
1.0612,-9.758,-9.758,407.193,407.193,6900.0
1.0613,-8.498,-8.498,406.614,406.614,6900.0
1.0614,-7.348,-7.348,406.018,406.018,6900.0
1.0615,-5.848,-5.848,405.41,405.41,6900.0
1.0616,-4.523,-4.523,404.786,404.786,6900.0
1.0617,-3.143,-3.143,404.149,404.149,6900.0
1.0618,-1.865,-1.865,403.502,403.502,6900.0
1.0619,-0.813,-0.813,402.847,402.847,6900.0
1.062,-0.696,-0.696,402.188,402.188,6900.0
1.0621,-0.0,-0.0,401.528,401.528,6900.0
1.0622,1.671,1.671,400.866,400.866,6900.0
1.0623,1.966,1.966,400.207,400.207,6900.0
1.0624,3.284,3.284,399.55,399.55,6900.0
1.0625,4.269,4.269,398.901,398.901,6900.0
1.0626,5.264,5.264,398.259,398.259,6900.0
1.0627,6.741,6.741,397.623,397.623,6900.0
1.0628,7.912,7.912,397.003,397.003,6900.0
1.0629,9.409,9.409,396.396,396.396,6900.0
1.063,10.739,10.739,395.814,395.814,6900.0
1.0631,11.55,11.55,395.25,395.25,6900.0
1.0632,12.962,12.962,394.693,394.693,6900.0
1.0633,14.491,14.491,394.166,394.166,6900.0
1.0634,16.175,16.175,393.676,393.676,6900.0
1.0635,17.461,17.461,393.242,393.242,6900.0
1.0636,18.334,18.334,392.839,392.839,6900.0
1.0637,19.405,19.405,392.45,392.45,6900.0
1.0638,20.79,20.79,392.088,392.088,6900.0
1.0639,22.246,22.246,391.773,391.773,6900.0
1.064,23.366,23.366,391.517,391.517,6900.0
1.0641,24.242,24.242,391.301,391.301,6900.0
1.0642,25.187,25.187,391.11,391.11,6900.0
1.0643,26.374,26.374,390.952,390.952,6900.0
1.0644,27.403,27.403,390.841,390.841,6900.0
1.0645,28.472,28.472,390.776,390.776,6900.0
1.0646,29.431,29.431,390.758,390.758,6900.0
1.0647,30.277,30.277,390.785,390.785,6900.0
1.0648,31.111,31.111,390.855,390.855,6900.0
1.0649,32.002,32.002,390.959,390.959,6900.0
1.065,32.967,32.967,391.099,391.099,6900.0
1.0651,33.804,33.804,391.285,391.285,6900.0
1.0652,34.651,34.651,391.519,391.519,6900.0
1.0653,35.414,35.414,391.798,391.798,6900.0
1.0654,36.092,36.092,392.107,392.107,6900.0
1.0655,36.775,36.775,392.44,392.44,6900.0
1.0656,37.45,37.45,392.811,392.811,6900.0
1.0657,38.277,38.277,393.226,393.226,6900.0
1.0658,38.699,38.699,393.693,393.693,6900.0
1.0659,38.779,38.779,394.178,394.178,6900.0
1.066,39.308,39.308,394.665,394.665,6900.0
1.0661,39.773,39.773,395.185,395.185,6900.0
1.0662,40.298,40.298,395.729,395.729,6900.0
1.0663,40.608,40.608,396.315,396.315,6900.0
1.0664,40.595,40.595,396.912,396.912,6900.0
1.0665,41.048,41.048,397.502,397.502,6900.0
1.0666,41.184,41.184,398.116,398.116,6900.0
1.0667,41.381,41.381,398.731,398.731,6900.0
1.0668,41.441,41.441,399.37,399.37,6900.0
1.0669,41.224,41.224,400.01,400.01,6900.0
1.067,41.391,41.391,400.642,400.642,6900.0
1.0671,41.359,41.359,401.285,401.285,6900.0
1.0672,41.216,41.216,401.914,401.914,6900.0
1.0673,41.116,41.116,402.548,402.548,6900.0
1.0674,40.798,40.798,403.174,403.174,6900.0
1.0675,40.684,40.684,403.789,403.789,6900.0
1.0676,40.35,40.35,404.399,404.399,6900.0
1.0677,39.855,39.855,404.977,404.977,6900.0
1.0678,39.676,39.676,405.532,405.532,6900.0
1.0679,39.203,39.203,406.068,406.068,6900.0
1.068,38.902,38.902,406.59,406.59,6900.0
1.0681,38.372,38.372,407.095,407.095,6900.0
1.0682,37.706,37.706,407.562,407.562,6900.0
1.0683,37.171,37.171,407.993,407.993,6900.0
1.0684,36.538,36.538,408.399,408.399,6900.0
1.0685,36.013,36.013,408.782,408.782,6900.0
1.0686,35.217,35.217,409.141,409.141,6900.0
1.0687,34.416,34.416,409.459,409.459,6900.0
1.0688,33.646,33.646,409.732,409.732,6900.0
1.0689,33.006,33.006,409.966,409.966,6900.0
1.069,32.258,32.258,410.172,410.172,6900.0
1.0691,31.465,31.465,410.343,410.343,6900.0
1.0692,30.657,30.657,410.476,410.476,6900.0
1.0693,29.8,29.8,410.572,410.572,6900.0
1.0694,28.801,28.801,410.625,410.625,6900.0
1.0695,28.037,28.037,410.629,410.629,6900.0
1.0696,27.125,27.125,410.598,410.598,6900.0
1.0697,26.149,26.149,410.536,410.536,6900.0
1.0698,25.125,25.125,410.445,410.445,6900.0
1.0699,23.835,23.835,410.312,410.312,6900.0
1.07,22.706,22.706,410.122,410.122,6900.0
1.0701,22.205,22.205,409.889,409.889,6900.0
1.0702,21.433,21.433,409.64,409.64,6900.0
1.0703,20.438,20.438,409.378,409.378,6900.0
1.0704,18.844,18.844,409.078,409.078,6900.0
1.0705,17.406,17.406,408.713,408.713,6900.0
1.0706,16.534,16.534,408.304,408.304,6900.0
1.0707,15.541,15.541,407.867,407.867,6900.0
1.0708,14.521,14.521,407.415,407.415,6900.0
1.0709,13.201,13.201,406.938,406.938,6900.0
1.071,11.89,11.89,406.426,406.426,6900.0
1.0711,10.982,10.982,405.889,405.889,6900.0
1.0712,9.721,9.721,405.334,405.334,6900.0
1.0713,8.51,8.51,404.764,404.764,6900.0
1.0714,6.939,6.939,404.176,404.176,6900.0
1.0715,5.375,5.375,403.565,403.565,6900.0
1.0716,4.257,4.257,402.936,402.936,6900.0
1.0717,2.821,2.821,402.294,402.294,6900.0
1.0718,1.666,1.666,401.641,401.641,6900.0
1.0719,0.59,0.59,400.982,400.982,6900.0
1.072,0.0,0.0,400.32,400.32,6900.0
1.0721,0.0,0.0,399.657,399.657,6900.0
1.0722,-2.158,-2.158,398.992,398.992,6900.0
1.0723,-2.345,-2.345,398.332,398.332,6900.0
1.0724,-3.214,-3.214,397.673,397.673,6900.0
1.0725,-4.345,-4.345,397.017,397.017,6900.0
1.0726,-5.562,-5.562,396.367,396.367,6900.0
1.0727,-6.762,-6.762,395.727,395.727,6900.0
1.0728,-8.099,-8.099,395.104,395.104,6900.0
1.0729,-9.004,-9.004,394.498,394.498,6900.0
1.073,-10.31,-10.31,393.901,393.901,6900.0
1.0731,-11.908,-11.908,393.324,393.324,6900.0
1.0732,-13.23,-13.23,392.777,392.777,6900.0
1.0733,-14.686,-14.686,392.271,392.271,6900.0
1.0734,-15.629,-15.629,391.803,391.803,6900.0
1.0735,-16.466,-16.466,391.348,391.348,6900.0
1.0736,-18.218,-18.218,390.908,390.908,6900.0
1.0737,-19.728,-19.728,390.511,390.511,6900.0
1.0738,-21.194,-21.194,390.167,390.167,6900.0
1.0739,-22.159,-22.159,389.875,389.875,6900.0
1.074,-23.016,-23.016,389.607,389.607,6900.0
1.0741,-24.158,-24.158,389.362,389.362,6900.0
1.0742,-25.27,-25.27,389.157,389.157,6900.0
1.0743,-26.633,-26.633,388.996,388.996,6900.0
1.0744,-27.665,-27.665,388.892,388.892,6900.0
1.0745,-28.795,-28.795,388.832,388.832,6900.0
1.0746,-29.853,-29.853,388.819,388.819,6900.0
1.0747,-30.82,-30.82,388.853,388.853,6900.0
1.0748,-31.738,-31.738,388.929,388.929,6900.0
1.0749,-32.648,-32.648,389.049,389.049,6900.0
1.075,-33.443,-33.443,389.215,389.215,6900.0
1.0751,-34.509,-34.509,389.426,389.426,6900.0
1.0752,-35.09,-35.09,389.682,389.682,6900.0
1.0753,-35.732,-35.732,389.958,389.958,6900.0
1.0754,-36.62,-36.62,390.267,390.267,6900.0
1.0755,-37.489,-37.489,390.616,390.616,6900.0
1.0756,-38.096,-38.096,391.021,391.021,6900.0
1.0757,-38.532,-38.532,391.461,391.461,6900.0
1.0758,-38.831,-38.831,391.915,391.915,6900.0
1.0759,-39.369,-39.369,392.395,392.395,6900.0
1.076,-39.985,-39.985,392.9,392.9,6900.0
1.0761,-40.714,-40.714,393.456,393.456,6900.0
1.0762,-40.817,-40.817,394.052,394.052,6900.0
1.0763,-41.085,-41.085,394.641,394.641,6900.0
1.0764,-41.263,-41.263,395.25,395.25,6900.0
1.0765,-41.412,-41.412,395.862,395.862,6900.0
1.0766,-41.649,-41.649,396.493,396.493,6900.0
1.0767,-41.554,-41.554,397.139,397.139,6900.0
1.0768,-41.67,-41.67,397.769,397.769,6900.0
1.0769,-41.83,-41.83,398.415,398.415,6900.0
1.077,-41.654,-41.654,399.061,399.061,6900.0
1.0771,-41.913,-41.913,399.7,399.7,6900.0
1.0772,-41.62,-41.62,400.362,400.362,6900.0
1.0773,-41.504,-41.504,401.004,401.004,6900.0
1.0774,-41.311,-41.311,401.656,401.656,6900.0
1.0775,-40.904,-40.904,402.291,402.291,6900.0
1.0776,-40.822,-40.822,402.896,402.896,6900.0
1.0777,-40.476,-40.476,403.499,403.499,6900.0
1.0778,-40.181,-40.181,404.074,404.074,6900.0
1.0779,-39.755,-39.755,404.641,404.641,6900.0
1.078,-39.156,-39.156,405.178,405.178,6900.0
1.0781,-38.721,-38.721,405.669,405.669,6900.0
1.0782,-38.082,-38.082,406.144,406.144,6900.0
1.0783,-37.638,-37.638,406.587,406.587,6900.0
1.0784,-37.261,-37.261,407.018,407.018,6900.0
1.0785,-36.455,-36.455,407.425,407.425,6900.0
1.0786,-35.889,-35.889,407.785,407.785,6900.0
1.0787,-35.039,-35.039,408.118,408.118,6900.0
1.0788,-34.466,-34.466,408.41,408.41,6900.0
1.0789,-33.916,-33.916,408.676,408.676,6900.0
1.079,-33.056,-33.056,408.911,408.911,6900.0
1.0791,-32.174,-32.174,409.102,409.102,6900.0
1.0792,-31.169,-31.169,409.249,409.249,6900.0
1.0793,-30.447,-30.447,409.349,409.349,6900.0
1.0794,-29.586,-29.586,409.414,409.414,6900.0
1.0795,-28.788,-28.788,409.442,409.442,6900.0
1.0796,-27.784,-27.784,409.442,409.442,6900.0
1.0797,-26.514,-26.514,409.402,409.402,6900.0
1.0798,-25.384,-25.384,409.307,409.307,6900.0
1.0799,-24.508,-24.508,409.162,409.162,6900.0
1.08,-23.822,-23.822,408.985,408.985,6900.0
1.0801,-22.969,-22.969,408.79,408.79,6900.0
1.0802,-21.692,-21.692,408.571,408.571,6900.0
1.0803,-20.088,-20.088,408.297,408.297,6900.0
1.0804,-19.128,-19.128,407.96,407.96,6900.0
1.0805,-18.279,-18.279,407.592,407.592,6900.0
1.0806,-17.442,-17.442,407.206,407.206,6900.0
1.0807,-16.169,-16.169,406.806,406.806,6900.0
1.0808,-14.633,-14.633,406.367,406.367,6900.0
1.0809,-13.522,-13.522,405.886,405.886,6900.0
1.081,-12.325,-12.325,405.38,405.38,6900.0
1.0811,-11.342,-11.342,404.851,404.851,6900.0
1.0812,-9.947,-9.947,404.306,404.306,6900.0
1.0813,-8.415,-8.415,403.735,403.735,6900.0
1.0814,-7.266,-7.266,403.136,403.136,6900.0
1.0815,-5.802,-5.802,402.521,402.521,6900.0
1.0816,-4.912,-4.912,401.89,401.89,6900.0
1.0817,-3.688,-3.688,401.249,401.249,6900.0
1.0818,-2.266,-2.266,400.597,400.597,6900.0
1.0819,-0.936,-0.936,399.938,399.938,6900.0
1.082,-0.151,-0.151,399.275,399.275,6900.0
1.0821,-0.0,-0.0,398.61,398.61,6900.0
1.0822,1.795,1.795,397.943,397.943,6900.0
1.0823,1.512,1.512,397.278,397.278,6900.0
1.0824,2.736,2.736,396.613,396.613,6900.0
1.0825,3.634,3.634,395.954,395.954,6900.0
1.0826,5.227,5.227,395.301,395.301,6900.0
1.0827,6.477,6.477,394.663,394.663,6900.0
1.0828,7.545,7.545,394.038,394.038,6900.0
1.0829,9.104,9.104,393.422,393.422,6900.0
1.083,10.537,10.537,392.828,392.828,6900.0
1.0831,12.074,12.074,392.258,392.258,6900.0
1.0832,13.365,13.365,391.724,391.724,6900.0
1.0833,14.376,14.376,391.213,391.213,6900.0
1.0834,15.746,15.746,390.712,390.712,6900.0
1.0835,17.301,17.301,390.241,390.241,6900.0
1.0836,18.849,18.849,389.818,389.818,6900.0
1.0837,20.138,20.138,389.453,389.453,6900.0
1.0838,21.117,21.117,389.125,389.125,6900.0
1.0839,22.22,22.22,388.816,388.816,6900.0
1.084,23.482,23.482,388.537,388.537,6900.0
1.0841,24.838,24.838,388.304,388.304,6900.0
1.0842,25.933,25.933,388.125,388.125,6900.0
1.0843,27.007,27.007,387.988,387.988,6900.0
1.0844,28.016,28.016,387.886,387.886,6900.0
1.0845,29.008,29.008,387.825,387.825,6900.0
1.0846,29.985,29.985,387.808,387.808,6900.0
1.0847,30.999,30.999,387.837,387.837,6900.0
1.0848,31.995,31.995,387.918,387.918,6900.0
1.0849,32.852,32.852,388.053,388.053,6900.0
1.085,33.731,33.731,388.231,388.231,6900.0
1.0851,34.463,34.463,388.446,388.446,6900.0
1.0852,35.511,35.511,388.686,388.686,6900.0
1.0853,36.153,36.153,388.975,388.975,6900.0
1.0854,37.128,37.128,389.303,389.303,6900.0
1.0855,37.864,37.864,389.681,389.681,6900.0
1.0856,38.37,38.37,390.088,390.088,6900.0
1.0857,39.265,39.265,390.509,390.509,6900.0
1.0858,39.79,39.79,390.98,390.98,6900.0
1.0859,40.581,40.581,391.487,391.487,6900.0
1.086,40.944,40.944,392.052,392.052,6900.0
1.0861,41.173,41.173,392.634,392.634,6900.0
1.0862,41.575,41.575,393.226,393.226,6900.0
1.0863,41.809,41.809,393.847,393.847,6900.0
1.0864,42.272,42.272,394.477,394.477,6900.0
1.0865,42.449,42.449,395.143,395.143,6900.0
1.0866,42.228,42.228,395.81,395.81,6900.0
1.0867,42.434,42.434,396.462,396.462,6900.0
1.0868,42.496,42.496,397.125,397.125,6900.0
1.0869,42.704,42.704,397.777,397.777,6900.0
1.087,42.837,42.837,398.454,398.454,6900.0
1.0871,42.57,42.57,399.133,399.133,6900.0
1.0872,42.664,42.664,399.806,399.806,6900.0
1.0873,42.366,42.366,400.491,400.491,6900.0
1.0874,42.102,42.102,401.151,401.151,6900.0
1.0875,42.047,42.047,401.81,401.81,6900.0
1.0876,41.709,41.709,402.459,402.459,6900.0
1.0877,41.639,41.639,403.094,403.094,6900.0
1.0878,41.181,41.181,403.722,403.722,6900.0
1.0879,40.51,40.51,404.31,404.31,6900.0
1.088,40.327,40.327,404.86,404.86,6900.0
1.0881,39.74,39.74,405.391,405.391,6900.0
1.0882,39.444,39.444,405.901,405.901,6900.0
1.0883,38.695,38.695,406.396,406.396,6900.0
1.0884,38.079,38.079,406.845,406.845,6900.0
1.0885,37.614,37.614,407.259,407.259,6900.0
1.0886,36.99,36.99,407.647,407.647,6900.0
1.0887,36.208,36.208,408.015,408.015,6900.0
1.0888,35.477,35.477,408.346,408.346,6900.0
1.0889,34.612,34.612,408.642,408.642,6900.0
1.089,33.947,33.947,408.891,408.891,6900.0
1.0891,33.08,33.08,409.103,409.103,6900.0
1.0892,32.16,32.16,409.275,409.275,6900.0
1.0893,31.226,31.226,409.406,409.406,6900.0
1.0894,30.33,30.33,409.496,409.496,6900.0
1.0895,29.299,29.299,409.551,409.551,6900.0
1.0896,28.194,28.194,409.558,409.558,6900.0
1.0897,27.151,27.151,409.511,409.511,6900.0
1.0898,26.151,26.151,409.421,409.421,6900.0
1.0899,25.369,25.369,409.299,409.299,6900.0
1.09,24.37,24.37,409.158,409.158,6900.0
1.0901,22.966,22.966,408.976,408.976,6900.0
1.0902,21.641,21.641,408.732,408.732,6900.0
1.0903,20.919,20.919,408.441,408.441,6900.0
1.0904,20.211,20.211,408.132,408.132,6900.0
1.0905,19.175,19.175,407.816,407.816,6900.0
1.0906,17.513,17.513,407.467,407.467,6900.0
1.0907,16.3,16.3,407.059,407.059,6900.0
1.0908,15.208,15.208,406.615,406.615,6900.0
1.0909,14.103,14.103,406.138,406.138,6900.0
1.091,12.845,12.845,405.642,405.642,6900.0
1.0911,11.231,11.231,405.118,405.118,6900.0
1.0912,9.741,9.741,404.56,404.56,6900.0
1.0913,8.746,8.746,403.978,403.978,6900.0
1.0914,7.642,7.642,403.38,403.38,6900.0
1.0915,6.439,6.439,402.769,402.769,6900.0
1.0916,4.678,4.678,402.145,402.145,6900.0
1.0917,3.04,3.04,401.505,401.505,6900.0
1.0918,1.831,1.831,400.854,400.854,6900.0
1.0919,0.751,0.751,400.195,400.195,6900.0
1.092,0.802,0.802,399.531,399.531,6900.0
1.0921,-0.079,-0.079,398.866,398.866,6900.0
1.0922,-1.468,-1.468,398.2,398.2,6900.0
1.0923,-2.61,-2.61,397.537,397.537,6900.0
1.0924,-3.11,-3.11,396.877,396.877,6900.0
1.0925,-4.33,-4.33,396.222,396.222,6900.0
1.0926,-5.317,-5.317,395.577,395.577,6900.0
1.0927,-6.565,-6.565,394.938,394.938,6900.0
1.0928,-8.0,-8.0,394.311,394.311,6900.0
1.0929,-9.425,-9.425,393.7,393.7,6900.0
1.093,-10.942,-10.942,393.112,393.112,6900.0
1.0931,-11.989,-11.989,392.549,392.549,6900.0
1.0932,-13.12,-13.12,391.995,391.995,6900.0
1.0933,-14.801,-14.801,391.46,391.46,6900.0
1.0934,-16.351,-16.351,390.962,390.962,6900.0
1.0935,-18.022,-18.022,390.516,390.516,6900.0
1.0936,-18.851,-18.851,390.122,390.122,6900.0
1.0937,-19.652,-19.652,389.745,389.745,6900.0
1.0938,-21.099,-21.099,389.385,389.385,6900.0
1.0939,-22.689,-22.689,389.067,389.067,6900.0
1.094,-24.236,-24.236,388.807,388.807,6900.0
1.0941,-25.285,-25.285,388.604,388.604,6900.0
1.0942,-26.22,-26.22,388.434,388.434,6900.0
1.0943,-27.49,-27.49,388.293,388.293,6900.0
1.0944,-28.74,-28.74,388.197,388.197,6900.0
1.0945,-29.795,-29.795,388.153,388.153,6900.0
1.0946,-30.96,-30.96,388.156,388.156,6900.0
1.0947,-31.894,-31.894,388.212,388.212,6900.0
1.0948,-32.954,-32.954,388.314,388.314,6900.0
1.0949,-33.945,-33.945,388.465,388.465,6900.0
1.095,-34.832,-34.832,388.656,388.656,6900.0
1.0951,-35.583,-35.583,388.89,388.89,6900.0
1.0952,-36.593,-36.593,389.163,389.163,6900.0
1.0953,-37.446,-37.446,389.494,389.494,6900.0
1.0954,-38.098,-38.098,389.866,389.866,6900.0
1.0955,-38.712,-38.712,390.259,390.259,6900.0
1.0956,-39.329,-39.329,390.685,390.685,6900.0
1.0957,-40.01,-40.01,391.142,391.142,6900.0
1.0958,-40.559,-40.559,391.655,391.655,6900.0
1.0959,-40.906,-40.906,392.199,392.199,6900.0
1.096,-41.295,-41.295,392.751,392.751,6900.0
1.0961,-41.818,-41.818,393.331,393.331,6900.0
1.0962,-42.245,-42.245,393.932,393.932,6900.0
1.0963,-42.711,-42.711,394.576,394.576,6900.0
1.0964,-42.877,-42.877,395.245,395.245,6900.0
1.0965,-42.983,-42.983,395.908,395.908,6900.0
1.0966,-43.116,-43.116,396.588,396.588,6900.0
1.0967,-43.155,-43.155,397.265,397.265,6900.0
1.0968,-43.371,-43.371,397.953,397.953,6900.0
1.0969,-43.451,-43.451,398.655,398.655,6900.0
1.097,-43.412,-43.412,399.348,399.348,6900.0
1.0971,-43.443,-43.443,400.052,400.052,6900.0
1.0972,-43.204,-43.204,400.75,400.75,6900.0
1.0973,-43.15,-43.15,401.435,401.435,6900.0
1.0974,-42.886,-42.886,402.126,402.126,6900.0
1.0975,-42.725,-42.725,402.799,402.799,6900.0
1.0976,-42.473,-42.473,403.476,403.476,6900.0
1.0977,-41.91,-41.91,404.132,404.132,6900.0
1.0978,-41.61,-41.61,404.748,404.748,6900.0
1.0979,-41.302,-41.302,405.349,405.349,6900.0
1.098,-41.004,-41.004,405.924,405.924,6900.0
1.0981,-40.179,-40.179,406.492,406.492,6900.0
1.0982,-39.5,-39.5,407.019,407.019,6900.0
1.0983,-38.986,-38.986,407.496,407.496,6900.0
1.0984,-38.346,-38.346,407.951,407.951,6900.0
1.0985,-38.011,-38.011,408.375,408.375,6900.0
1.0986,-37.569,-37.569,408.786,408.786,6900.0
1.0987,-36.815,-36.815,409.169,409.169,6900.0
1.0988,-35.856,-35.856,409.51,409.51,6900.0
1.0989,-35.164,-35.164,409.806,409.806,6900.0
1.099,-34.23,-34.23,410.068,410.068,6900.0
1.0991,-33.361,-33.361,410.289,410.289,6900.0
1.0992,-32.372,-32.372,410.472,410.472,6900.0
1.0993,-31.547,-31.547,410.61,410.61,6900.0
1.0994,-30.776,-30.776,410.707,410.707,6900.0
1.0995,-29.72,-29.72,410.761,410.761,6900.0
1.0996,-28.582,-28.582,410.767,410.767,6900.0
1.0997,-27.7,-27.7,410.731,410.731,6900.0
1.0998,-26.618,-26.618,410.669,410.669,6900.0
1.0999,-25.45,-25.45,410.57,410.57,6900.0
1.1,-24.209,-24.209,410.42,410.42,6900.0
1.1001,-23.181,-23.181,410.217,410.217,6900.0
1.1002,-22.349,-22.349,409.981,409.981,6900.0
1.1003,-21.545,-21.545,409.728,409.728,6900.0
1.1004,-20.136,-20.136,409.455,409.455,6900.0
1.1005,-18.489,-18.489,409.125,409.125,6900.0
1.1006,-17.567,-17.567,408.737,408.737,6900.0
1.1007,-16.487,-16.487,408.316,408.316,6900.0
1.1008,-15.486,-15.486,407.871,407.871,6900.0
1.1009,-14.12,-14.12,407.408,407.408,6900.0
1.101,-12.596,-12.596,406.912,406.912,6900.0
1.1011,-11.776,-11.776,406.38,406.38,6900.0
1.1012,-10.437,-10.437,405.833,405.833,6900.0
1.1013,-9.479,-9.479,405.266,405.266,6900.0
1.1014,-7.946,-7.946,404.687,404.687,6900.0
1.1015,-6.324,-6.324,404.086,404.086,6900.0
1.1016,-5.117,-5.117,403.464,403.464,6900.0
1.1017,-3.688,-3.688,402.828,402.828,6900.0
1.1018,-2.355,-2.355,402.18,402.18,6900.0
1.1019,-0.962,-0.962,401.524,401.524,6900.0
1.102,-0.232,-0.232,400.864,400.864,6900.0
1.1021,-0.0,-0.0,400.201,400.201,6900.0
1.1022,1.378,1.378,399.537,399.537,6900.0
1.1023,1.848,1.848,398.875,398.875,6900.0
1.1024,2.784,2.784,398.215,398.215,6900.0
1.1025,3.809,3.809,397.56,397.56,6900.0
1.1026,5.32,5.32,396.909,396.909,6900.0
1.1027,6.558,6.558,396.269,396.269,6900.0
1.1028,8.135,8.135,395.641,395.641,6900.0
1.1029,9.288,9.288,395.034,395.034,6900.0
1.103,10.451,10.451,394.442,394.442,6900.0
1.1031,11.921,11.921,393.863,393.863,6900.0
1.1032,13.432,13.432,393.312,393.312,6900.0
1.1033,15.205,15.205,392.796,392.796,6900.0
1.1034,16.53,16.53,392.332,392.332,6900.0
1.1035,17.35,17.35,391.898,391.898,6900.0
1.1036,18.663,18.663,391.474,391.474,6900.0
1.1037,20.199,20.199,391.081,391.081,6900.0
1.1038,21.962,21.602,390.737,390.737,6900.0
1.1039,22.684,22.684,390.452,390.452,6900.0
1.104,23.527,23.527,390.203,390.203,6900.0
1.1041,24.71,24.71,389.971,389.971,6900.0
1.1042,25.858,25.858,389.774,389.774,6900.0
1.1043,27.094,27.094,389.62,389.62,6900.0
1.1044,28.409,28.409,389.521,389.521,6900.0
1.1045,29.51,29.51,389.472,389.472,6900.0
1.1046,30.499,30.499,389.472,389.472,6900.0
1.1047,31.435,31.435,389.517,389.517,6900.0
1.1048,32.249,32.249,389.608,389.608,6900.0
1.1049,33.108,33.108,389.738,389.738,6900.0
1.105,33.997,33.997,389.913,389.913,6900.0
1.1051,34.909,34.909,390.137,390.137,6900.0
1.1052,35.666,35.666,390.407,390.407,6900.0
1.1053,36.443,36.443,390.706,390.706,6900.0
1.1054,37.336,37.336,391.027,391.027,6900.0
1.1055,38.05,38.05,391.392,391.392,6900.0
1.1056,38.914,38.914,391.801,391.801,6900.0
1.1057,39.445,39.445,392.26,392.26,6900.0
1.1058,39.76,39.76,392.743,392.743,6900.0
1.1059,40.478,40.478,393.236,393.236,6900.0
1.106,40.867,40.867,393.773,393.773,6900.0
1.1061,41.472,41.472,394.341,394.341,6900.0
1.1062,41.786,41.786,394.96,394.96,6900.0
1.1063,41.898,41.898,395.592,395.592,6900.0
1.1064,42.309,42.309,396.226,396.226,6900.0
1.1065,42.566,42.566,396.879,396.879,6900.0
1.1066,42.707,42.707,397.536,397.536,6900.0
1.1067,42.696,42.696,398.214,398.214,6900.0
1.1068,42.772,42.772,398.88,398.88,6900.0
1.1069,43.024,43.024,399.546,399.546,6900.0
1.107,43.047,43.047,400.226,400.226,6900.0
1.1071,42.943,42.943,400.897,400.897,6900.0
1.1072,42.793,42.793,401.582,401.582,6900.0
1.1073,42.602,42.602,402.258,402.258,6900.0
1.1074,42.67,42.67,402.934,402.934,6900.0
1.1075,42.253,42.253,403.618,403.618,6900.0
1.1076,41.849,41.849,404.27,404.27,6900.0
1.1077,41.55,41.55,404.906,404.906,6900.0
1.1078,41.257,41.106,405.52,405.52,6900.0
1.1079,40.693,40.693,406.115,406.115,6900.0
1.108,40.084,40.084,406.686,406.686,6900.0
1.1081,39.542,39.542,407.21,407.21,6900.0
1.1082,39.224,39.224,407.701,407.701,6900.0
1.1083,38.707,38.707,408.169,408.169,6900.0
1.1084,38.202,38.202,408.621,408.621,6900.0
1.1085,37.604,37.604,409.051,409.051,6900.0
1.1086,36.947,36.947,409.444,409.444,6900.0
1.1087,36.218,36.218,409.802,409.802,6900.0
1.1088,35.459,35.459,410.126,410.126,6900.0
1.1089,34.652,34.652,410.422,410.422,6900.0
1.109,33.91,33.91,410.681,410.681,6900.0
1.1091,32.944,32.944,410.901,410.901,6900.0
1.1092,31.953,31.953,411.076,411.076,6900.0
1.1093,31.011,31.011,411.202,411.202,6900.0
1.1094,30.012,30.012,411.28,411.28,6900.0
1.1095,28.977,28.977,411.314,411.314,6900.0
1.1096,28.414,28.414,411.31,411.31,6900.0
1.1097,27.413,27.413,411.285,411.285,6900.0
1.1098,26.21,26.21,411.216,411.216,6900.0
1.1099,25.04,25.04,411.09,411.09,6900.0
1.11,24.148,24.148,410.92,410.92,6900.0
1.1101,23.255,23.255,410.726,410.726,6900.0
1.1102,22.22,22.22,410.517,410.517,6900.0
1.1103,20.82,20.82,410.265,410.265,6900.0
1.1104,19.564,19.564,409.952,409.952,6900.0
1.1105,18.67,18.67,409.594,409.594,6900.0
1.1106,17.711,17.711,409.208,409.208,6900.0
1.1107,16.482,16.482,408.81,408.81,6900.0
1.1108,14.929,14.929,408.382,408.382,6900.0
1.1109,13.481,13.481,407.909,407.909,6900.0
1.111,12.358,12.358,407.406,407.406,6900.0
1.1111,11.411,11.411,406.878,406.878,6900.0
1.1112,10.231,10.231,406.336,406.336,6900.0
1.1113,8.727,8.727,405.772,405.772,6900.0
1.1114,7.334,7.334,405.182,405.182,6900.0
1.1115,6.087,6.087,404.573,404.573,6900.0
1.1116,4.677,4.677,403.947,403.947,6900.0
1.1117,3.256,3.256,403.308,403.308,6900.0
1.1118,2.027,2.027,402.659,402.659,6900.0
1.1119,0.826,0.826,402.003,402.003,6900.0
1.112,0.519,0.519,401.343,401.343,6900.0
1.1121,0.0,0.0,400.681,400.681,6900.0
1.1122,-1.18,-1.18,400.018,400.018,6900.0
1.1123,-2.549,-2.549,399.357,399.357,6900.0
1.1124,-2.925,-2.925,398.698,398.698,6900.0
1.1125,-4.297,-4.297,398.042,398.042,6900.0
1.1126,-5.702,-5.702,397.394,397.394,6900.0
1.1127,-7.098,-7.098,396.76,396.76,6900.0
1.1128,-8.017,-8.017,396.143,396.143,6900.0
1.1129,-9.212,-9.212,395.534,395.534,6900.0
1.113,-10.829,-10.829,394.941,394.941,6900.0
1.1131,-11.943,-11.943,394.374,394.374,6900.0
1.1132,-13.528,-13.528,393.838,393.838,6900.0
1.1133,-14.469,-14.469,393.338,393.338,6900.0
1.1134,-15.573,-15.573,392.847,392.847,6900.0
1.1135,-17.096,-17.096,392.376,392.376,6900.0
1.1136,-18.665,-18.665,391.944,391.944,6900.0
1.1137,-20.079,-20.079,391.569,391.569,6900.0
1.1138,-21.154,-21.154,391.244,391.244,6900.0
1.1139,-22.448,-22.097,390.945,390.945,6900.0
1.114,-23.236,-23.236,390.667,390.667,6900.0
1.1141,-24.671,-24.671,390.426,390.426,6900.0
1.1142,-25.888,-25.888,390.238,390.238,6900.0
1.1143,-26.982,-26.982,390.097,390.097,6900.0
1.1144,-28.158,-28.158,389.996,389.996,6900.0
1.1145,-29.2,-29.2,389.937,389.937,6900.0
1.1146,-30.261,-30.261,389.922,389.922,6900.0
1.1147,-31.18,-31.18,389.954,389.954,6900.0
1.1148,-32.347,-32.347,390.03,390.03,6900.0
1.1149,-33.349,-33.349,390.166,390.166,6900.0
1.115,-34.28,-34.28,390.355,390.355,6900.0
1.1151,-35.0,-35.0,390.587,390.587,6900.0
1.1152,-35.656,-35.656,390.848,390.848,6900.0
1.1153,-36.542,-36.542,391.14,391.14,6900.0
1.1154,-37.511,-37.511,391.471,391.471,6900.0
1.1155,-38.173,-38.173,391.859,391.859,6900.0
1.1156,-38.356,-38.356,392.281,392.281,6900.0
1.1157,-38.869,-38.869,392.706,392.706,6900.0
1.1158,-39.591,-39.591,393.161,393.161,6900.0
1.1159,-40.129,-40.129,393.65,393.65,6900.0
1.116,-40.616,-40.616,394.193,394.193,6900.0
1.1161,-41.143,-41.143,394.767,394.767,6900.0
1.1162,-41.51,-41.51,395.353,395.353,6900.0
1.1163,-41.84,-41.84,395.968,395.968,6900.0
1.1164,-42.011,-42.011,396.595,396.595,6900.0
1.1165,-42.261,-42.261,397.247,397.247,6900.0
1.1166,-42.308,-42.308,397.913,397.913,6900.0
1.1167,-42.291,-42.291,398.566,398.566,6900.0
1.1168,-42.301,-42.301,399.226,399.226,6900.0
1.1169,-42.214,-42.214,399.879,399.879,6900.0
1.117,-42.451,-42.451,400.53,400.53,6900.0
1.1171,-42.45,-42.45,401.198,401.198,6900.0
1.1172,-42.243,-42.243,401.858,401.858,6900.0
1.1173,-42.179,-42.179,402.525,402.525,6900.0
1.1174,-41.828,-41.828,403.184,403.184,6900.0
1.1175,-41.76,-41.76,403.819,403.819,6900.0
1.1176,-41.376,-41.376,404.459,404.459,6900.0
1.1177,-41.054,-41.054,405.073,405.073,6900.0
1.1178,-40.606,-40.606,405.685,405.685,6900.0
1.1179,-40.039,-39.882,406.267,406.267,6900.0
1.118,-39.519,-39.519,406.798,406.798,6900.0
1.1181,-39.207,-39.207,407.31,407.31,6900.0
1.1182,-38.856,-38.856,407.796,407.796,6900.0
1.1183,-38.301,-38.301,408.271,408.271,6900.0
1.1184,-37.532,-37.532,408.715,408.715,6900.0
1.1185,-36.764,-36.764,409.112,409.112,6900.0
1.1186,-36.225,-36.225,409.475,409.475,6900.0
1.1187,-35.627,-35.627,409.812,409.812,6900.0
1.1188,-34.93,-34.93,410.124,410.124,6900.0
1.1189,-34.297,-34.297,410.403,410.403,6900.0
1.119,-33.361,-33.361,410.646,410.646,6900.0
1.1191,-32.451,-32.451,410.847,410.847,6900.0
1.1192,-31.455,-31.455,411.005,411.005,6900.0
1.1193,-30.794,-30.794,411.118,411.118,6900.0
1.1194,-29.918,-29.918,411.2,411.2,6900.0
1.1195,-29.165,-29.165,411.244,411.244,6900.0
1.1196,-27.794,-27.794,411.253,411.253,6900.0
1.1197,-26.628,-26.628,411.204,411.204,6900.0
1.1198,-25.612,-25.612,411.105,411.105,6900.0
1.1199,-24.675,-24.675,410.969,410.969,6900.0
1.12,-23.867,-23.867,410.809,410.809,6900.0
1.1201,-22.623,-22.623,410.624,410.624,6900.0
1.1202,-21.22,-21.22,410.385,410.385,6900.0
1.1203,-20.532,-20.532,410.088,410.088,6900.0
1.1204,-19.692,-19.692,409.766,409.766,6900.0
1.1205,-18.816,-18.816,409.43,409.43,6900.0
1.1206,-17.409,-17.409,409.078,409.078,6900.0
1.1207,-15.856,-15.856,408.68,408.68,6900.0
1.1208,-14.751,-14.751,408.233,408.233,6900.0
1.1209,-13.544,-13.544,407.757,407.757,6900.0
1.121,-12.498,-12.498,407.254,407.254,6900.0
1.1211,-11.032,-11.032,406.732,406.732,6900.0
1.1212,-9.519,-9.519,406.18,406.18,6900.0
1.1213,-8.643,-8.643,405.597,405.597,6900.0
1.1214,-7.551,-7.551,405.001,405.001,6900.0
1.1215,-6.451,-6.451,404.389,404.389,6900.0
1.1216,-5.001,-5.001,403.767,403.767,6900.0
1.1217,-3.706,-3.706,403.131,403.131,6900.0
1.1218,-2.379,-2.379,402.484,402.484,6900.0
1.1219,-1.199,-1.045,401.829,401.829,6900.0
1.122,-0.898,-0.898,401.169,401.169,6900.0
1.1221,0.041,0.041,400.507,400.507,6900.0
1.1222,0.815,0.815,399.844,399.844,6900.0
1.1223,2.085,2.085,399.181,399.181,6900.0
1.1224,2.575,2.575,398.521,398.521,6900.0
1.1225,3.892,3.892,397.866,397.866,6900.0
1.1226,5.007,5.007,397.221,397.221,6900.0
1.1227,6.08,6.08,396.585,396.585,6900.0
1.1228,7.43,7.43,395.957,395.957,6900.0
1.1229,8.669,8.669,395.346,395.346,6900.0
1.123,10.295,10.295,394.751,394.751,6900.0
1.1231,11.669,11.669,394.187,394.187,6900.0
1.1232,12.695,12.695,393.642,393.642,6900.0
1.1233,14.053,14.053,393.107,393.107,6900.0
1.1234,15.53,15.53,392.6,392.6,6900.0
1.1235,17.139,17.139,392.134,392.134,6900.0
1.1236,18.437,18.437,391.725,391.725,6900.0
1.1237,19.396,19.396,391.351,391.351,6900.0
1.1238,20.477,20.477,390.993,390.993,6900.0
1.1239,21.924,21.924,390.665,390.665,6900.0
1.124,23.286,23.286,390.386,390.386,6900.0
1.1241,24.414,24.414,390.165,390.165,6900.0
1.1242,25.258,25.258,389.985,389.985,6900.0
1.1243,26.363,26.363,389.832,389.832,6900.0
1.1244,27.359,27.359,389.718,389.718,6900.0
1.1245,28.47,28.47,389.646,389.646,6900.0
1.1246,29.623,29.623,389.621,389.621,6900.0
1.1247,30.631,30.631,389.645,389.645,6900.0
1.1248,31.48,31.48,389.718,389.718,6900.0
1.1249,32.269,32.269,389.832,389.832,6900.0
1.125,33.081,33.081,389.982,389.982,6900.0
1.1251,33.979,33.979,390.166,390.166,6900.0
1.1252,34.907,34.907,390.394,390.394,6900.0
1.1253,35.911,35.911,390.674,390.674,6900.0
1.1254,36.634,36.634,391.006,391.006,6900.0
1.1255,37.187,37.187,391.366,391.366,6900.0
1.1256,37.994,37.994,391.745,391.745,6900.0
1.1257,38.684,38.684,392.165,392.165,6900.0
1.1258,39.251,39.251,392.631,392.631,6900.0
1.1259,39.627,39.627,393.138,393.138,6900.0
1.126,39.808,39.808,393.663,393.663,6900.0
1.1261,40.416,40.416,394.194,394.194,6900.0
1.1262,40.768,40.768,394.759,394.759,6900.0
1.1263,41.227,41.227,395.343,395.343,6900.0
1.1264,41.436,41.436,395.966,395.966,6900.0
1.1265,41.283,41.283,396.596,396.596,6900.0
1.1266,41.748,41.748,397.216,397.216,6900.0
1.1267,41.812,41.812,397.858,397.858,6900.0
1.1268,42.129,42.129,398.492,398.492,6900.0
1.1269,42.164,42.164,399.154,399.154,6900.0
1.127,42.032,42.032,399.813,399.813,6900.0
1.1271,41.944,41.944,400.469,400.469,6900.0
1.1272,41.798,41.798,401.127,401.127,6900.0
1.1273,41.55,41.55,401.766,401.766,6900.0
1.1274,41.286,41.286,402.408,402.408,6900.0
1.1275,40.979,40.979,403.035,403.035,6900.0
1.1276,40.9,40.9,403.654,403.654,6900.0
1.1277,40.45,40.45,404.269,404.269,6900.0
1.1278,40.093,40.093,404.846,404.846,6900.0
1.1279,39.949,39.949,405.401,405.401,6900.0
1.128,39.581,39.418,405.937,405.937,6900.0
1.1281,39.11,39.11,406.454,406.454,6900.0
1.1282,38.47,38.47,406.951,406.951,6900.0
1.1283,37.829,37.829,407.405,407.405,6900.0
1.1284,37.384,37.384,407.825,407.825,6900.0
1.1285,36.673,36.673,408.221,408.221,6900.0
1.1286,36.115,36.115,408.595,408.595,6900.0
1.1287,35.324,35.324,408.942,408.942,6900.0
1.1288,34.604,34.604,409.248,409.248,6900.0
1.1289,33.763,33.763,409.515,409.515,6900.0
1.129,32.982,32.982,409.742,409.742,6900.0
1.1291,32.311,32.311,409.932,409.932,6900.0
1.1292,31.516,31.516,410.088,410.088,6900.0
1.1293,30.652,30.652,410.205,410.205,6900.0
1.1294,29.713,29.713,410.284,410.284,6900.0
1.1295,28.705,28.705,410.317,410.317,6900.0
1.1296,27.596,27.596,410.3,410.3,6900.0
1.1297,26.653,26.653,410.241,410.241,6900.0
1.1298,25.91,25.91,410.15,410.15,6900.0
1.1299,24.689,24.689,410.04,410.04,6900.0
1.13,23.38,23.38,409.885,409.885,6900.0
1.1301,22.6,22.6,409.668,409.668,6900.0
1.1302,21.854,21.854,409.417,409.417,6900.0
1.1303,20.867,20.867,409.146,409.146,6900.0
1.1304,19.757,19.757,408.859,408.859,6900.0
1.1305,18.127,18.127,408.535,408.535,6900.0
1.1306,16.715,16.715,408.148,408.148,6900.0
1.1307,15.717,15.717,407.72,407.72,6900.0
1.1308,14.908,14.908,407.261,407.261,6900.0
1.1309,13.854,13.854,406.787,406.787,6900.0
1.131,12.357,12.357,406.288,406.288,6900.0
1.1311,11.105,11.105,405.754,405.754,6900.0
1.1312,10.056,10.056,405.198,405.198,6900.0
1.1313,8.782,8.782,404.624,404.624,6900.0
1.1314,7.678,7.678,404.035,404.035,6900.0
1.1315,6.121,6.121,403.431,403.431,6900.0
1.1316,4.541,4.541,402.808,402.808,6900.0
1.1317,3.325,3.325,402.169,402.169,6900.0
1.1318,1.919,1.919,401.519,401.519,6900.0
1.1319,0.718,0.718,400.861,400.861,6900.0
1.132,0.078,0.0,400.2,400.2,6900.0
1.1321,0.0,0.0,399.536,399.536,6900.0
1.1322,-1.393,-1.393,398.871,398.871,6900.0
1.1323,-1.951,-1.951,398.207,398.207,6900.0
1.1324,-3.023,-3.023,397.548,397.548,6900.0
1.1325,-3.907,-3.907,396.893,396.893,6900.0
1.1326,-5.11,-5.11,396.243,396.243,6900.0
1.1327,-6.622,-6.622,395.601,395.601,6900.0
1.1328,-7.871,-7.871,394.972,394.972,6900.0
1.1329,-9.293,-9.293,394.361,394.361,6900.0
1.133,-10.42,-10.42,393.771,393.771,6900.0
1.1331,-11.65,-11.65,393.193,393.193,6900.0
1.1332,-13.449,-13.449,392.635,392.635,6900.0
1.1333,-14.784,-14.784,392.114,392.114,6900.0
1.1334,-16.267,-16.267,391.637,391.637,6900.0
1.1335,-17.13,-17.13,391.206,391.206,6900.0
1.1336,-18.093,-18.093,390.788,390.788,6900.0
1.1337,-19.229,-19.229,390.388,390.388,6900.0
1.1338,-20.806,-20.806,390.021,390.021,6900.0
1.1339,-22.298,-22.298,389.711,389.711,6900.0
1.134,-23.385,-23.385,389.452,389.452,6900.0
1.1341,-24.307,-24.307,389.224,389.224,6900.0
1.1342,-25.46,-25.46,389.02,389.02,6900.0
1.1343,-26.873,-26.873,388.856,388.856,6900.0
1.1344,-28.25,-28.25,388.747,388.747,6900.0
1.1345,-29.114,-29.114,388.696,388.696,6900.0
1.1346,-30.159,-30.159,388.69,388.69,6900.0
1.1347,-31.073,-31.073,388.734,388.734,6900.0
1.1348,-32.046,-32.046,388.82,388.82,6900.0
1.1349,-32.924,-32.924,388.948,388.948,6900.0
1.135,-33.837,-33.837,389.117,389.117,6900.0
1.1351,-34.836,-34.836,389.33,389.33,6900.0
1.1352,-35.729,-35.729,389.596,389.596,6900.0
1.1353,-36.415,-36.415,389.901,389.901,6900.0
1.1354,-37.092,-37.092,390.226,390.226,6900.0
1.1355,-37.752,-37.752,390.586,390.586,6900.0
1.1356,-38.706,-38.706,390.977,390.977,6900.0
1.1357,-39.21,-39.21,391.431,391.431,6900.0
1.1358,-39.551,-39.551,391.918,391.918,6900.0
1.1359,-39.915,-39.915,392.415,392.415,6900.0
1.136,-40.595,-40.595,392.94,392.94,6900.0
1.1361,-41.064,-41.064,393.497,393.497,6900.0
1.1362,-41.485,-41.485,394.1,394.1,6900.0
1.1363,-41.696,-41.696,394.729,394.729,6900.0
1.1364,-41.803,-41.803,395.355,395.355,6900.0
1.1365,-42.059,-42.059,395.995,395.995,6900.0
1.1366,-42.177,-42.177,396.638,396.638,6900.0
1.1367,-42.496,-42.496,397.294,397.294,6900.0
1.1368,-42.466,-42.466,397.965,397.965,6900.0
1.1369,-42.431,-42.431,398.623,398.623,6900.0
1.137,-42.42,-42.42,399.291,399.291,6900.0
1.1371,-42.091,-42.091,399.955,399.955,6900.0
1.1372,-42.358,-42.358,400.607,400.607,6900.0
1.1373,-42.087,-42.087,401.28,401.28,6900.0
1.1374,-42.039,-42.039,401.935,401.935,6900.0
1.1375,-41.673,-41.673,402.602,402.602,6900.0
1.1376,-41.333,-41.333,403.244,403.244,6900.0
1.1377,-41.182,-41.182,403.856,403.856,6900.0
1.1378,-40.876,-40.876,404.46,404.46,6900.0
1.1379,-40.529,-40.529,405.037,405.037,6900.0
1.138,-40.04,-40.04,405.603,405.603,6900.0
1.1381,-39.644,-39.474,406.135,406.135,6900.0
1.1382,-39.023,-39.023,406.623,406.623,6900.0
1.1383,-38.309,-38.309,407.092,407.092,6900.0
1.1384,-37.904,-37.904,407.527,407.527,6900.0
1.1385,-37.189,-37.189,407.951,407.951,6900.0
1.1386,-36.436,-36.436,408.342,408.342,6900.0
1.1387,-35.757,-35.757,408.689,408.689,6900.0
1.1388,-34.981,-34.981,409.002,409.002,6900.0
1.1389,-34.288,-34.288,409.28,409.28,6900.0
1.139,-33.524,-33.524,409.527,409.527,6900.0
1.1391,-32.775,-32.775,409.736,409.736,6900.0
1.1392,-31.871,-31.871,409.906,409.906,6900.0
1.1393,-30.819,-30.819,410.03,410.03,6900.0
1.1394,-29.901,-29.901,410.102,410.102,6900.0
1.1395,-28.959,-28.959,410.132,410.132,6900.0
1.1396,-28.018,-28.018,410.123,410.123,6900.0
1.1397,-27.155,-27.155,410.083,410.083,6900.0
1.1398,-26.025,-26.025,410.011,410.011,6900.0
1.1399,-24.827,-24.827,409.891,409.891,6900.0
1.14,-23.924,-23.924,409.719,409.719,6900.0
1.1401,-23.119,-23.119,409.516,409.516,6900.0
1.1402,-22.265,-22.265,409.295,409.295,6900.0
1.1403,-20.871,-20.871,409.053,409.053,6900.0
1.1404,-19.285,-19.285,408.75,408.75,6900.0
1.1405,-18.214,-18.214,408.387,408.387,6900.0
1.1406,-17.489,-17.489,407.986,407.986,6900.0
1.1407,-16.707,-16.707,407.57,407.57,6900.0
1.1408,-15.241,-15.241,407.141,407.141,6900.0
1.1409,-13.657,-13.657,406.673,406.673,6900.0
1.141,-12.723,-12.723,406.167,406.167,6900.0
1.1411,-11.246,-11.246,405.643,405.643,6900.0
1.1412,-10.192,-10.192,405.096,405.096,6900.0
1.1413,-8.863,-8.863,404.533,404.533,6900.0
1.1414,-7.343,-7.343,403.946,403.946,6900.0
1.1415,-6.024,-6.024,403.336,403.336,6900.0
1.1416,-4.71,-4.71,402.71,402.71,6900.0
1.1417,-3.494,-3.494,402.069,402.069,6900.0
1.1418,-2.183,-2.183,401.418,401.418,6900.0
1.1419,-0.842,-0.842,400.76,400.76,6900.0
1.142,-0.0,-0.0,400.098,400.098,6900.0
1.1421,0.073,0.086,399.434,399.434,6900.0
1.1422,1.322,1.322,398.769,398.769,6900.0
1.1423,2.968,2.968,398.104,398.104,6900.0
1.1424,2.716,2.716,397.445,397.445,6900.0
1.1425,3.851,3.851,396.785,396.785,6900.0
1.1426,5.112,5.112,396.133,396.133,6900.0
1.1427,6.749,6.749,395.49,395.49,6900.0
1.1428,7.772,7.772,394.868,394.868,6900.0
1.1429,8.841,8.841,394.257,394.257,6900.0
1.143,10.33,10.33,393.657,393.657,6900.0
1.1431,11.539,11.539,393.084,393.084,6900.0
1.1432,13.16,13.16,392.538,392.538,6900.0
1.1433,14.432,14.432,392.034,392.034,6900.0
1.1434,15.195,15.195,391.556,391.556,6900.0
1.1435,16.516,16.516,391.084,391.084,6900.0
1.1436,18.414,18.414,390.64,390.64,6900.0
1.1437,20.059,20.059,390.249,390.249,6900.0
1.1438,21.347,21.347,389.918,389.918,6900.0
1.1439,22.211,22.211,389.627,389.627,6900.0
1.144,23.301,23.301,389.352,389.352,6900.0
1.1441,24.697,24.697,389.107,389.107,6900.0
1.1442,25.98,25.98,388.909,388.909,6900.0
1.1443,27.034,27.034,388.768,388.768,6900.0
1.1444,28.051,28.051,388.672,388.672,6900.0
1.1445,29.127,29.127,388.616,388.616,6900.0
1.1446,29.941,29.941,388.607,388.607,6900.0
1.1447,30.86,30.86,388.638,388.638,6900.0
1.1448,31.843,31.843,388.713,388.713,6900.0
1.1449,32.806,32.806,388.836,388.836,6900.0
1.145,33.826,33.826,389.009,389.009,6900.0
1.1451,34.737,34.737,389.23,389.23,6900.0
1.1452,35.451,35.451,389.487,389.487,6900.0
1.1453,36.34,36.34,389.767,389.767,6900.0
1.1454,37.122,37.122,390.09,390.09,6900.0
1.1455,38.071,38.071,390.457,390.457,6900.0
1.1456,38.635,38.635,390.875,390.875,6900.0
1.1457,39.129,39.129,391.317,391.317,6900.0
1.1458,39.733,39.733,391.779,391.779,6900.0
1.1459,40.164,40.164,392.278,392.278,6900.0
1.146,40.808,40.808,392.813,392.813,6900.0
1.1461,41.352,41.221,393.4,393.4,6900.0
1.1462,41.381,41.381,394.006,394.006,6900.0
1.1463,41.814,41.814,394.614,394.614,6900.0
1.1464,42.044,42.044,395.248,395.248,6900.0
1.1465,42.478,42.478,395.888,395.888,6900.0
1.1466,42.528,42.528,396.562,396.562,6900.0
1.1467,42.471,42.471,397.229,397.229,6900.0
1.1468,42.729,42.729,397.887,397.887,6900.0
1.1469,42.713,42.713,398.559,398.559,6900.0
1.147,42.752,42.752,399.218,399.218,6900.0
1.1471,42.716,42.716,399.897,399.897,6900.0
1.1472,42.477,42.477,400.572,400.572,6900.0
1.1473,42.598,42.598,401.243,401.243,6900.0
1.1474,42.296,42.296,401.925,401.925,6900.0
1.1475,41.946,41.946,402.58,402.58,6900.0
1.1476,41.733,41.733,403.225,403.225,6900.0
1.1477,41.346,41.346,403.851,403.851,6900.0
1.1478,41.127,41.127,404.466,404.466,6900.0
1.1479,40.644,40.644,405.066,405.066,6900.0
1.148,40.11,40.11,405.626,405.626,6900.0
1.1481,39.918,39.918,406.151,406.151,6900.0
1.1482,39.316,39.316,406.657,406.657,6900.0
1.1483,38.868,38.868,407.144,407.144,6900.0
1.1484,38.1,38.1,407.609,407.609,6900.0
1.1485,37.464,37.464,408.029,408.029,6900.0
1.1486,36.762,36.762,408.413,408.413,6900.0
1.1487,36.063,36.063,408.765,408.765,6900.0
1.1488,35.273,35.273,409.091,409.091,6900.0
1.1489,34.489,34.489,409.382,409.382,6900.0
1.149,33.687,33.687,409.634,409.634,6900.0
1.1491,32.861,32.861,409.842,409.842,6900.0
1.1492,31.924,31.924,410.01,410.01,6900.0
1.1493,31.154,31.154,410.132,410.132,6900.0
1.1494,30.294,30.294,410.217,410.217,6900.0
1.1495,29.371,29.371,410.267,410.267,6900.0
1.1496,28.184,28.184,410.282,410.282,6900.0
1.1497,27.093,27.093,410.247,410.247,6900.0
1.1498,26.142,26.142,410.157,410.157,6900.0
1.1499,25.24,25.24,410.028,410.028,6900.0
1.15,24.398,24.398,409.873,409.873,6900.0
1.1501,23.34,23.34,409.699,409.699,6900.0
1.1502,21.927,21.927,409.482,409.482,6900.0
1.1503,20.738,20.738,409.203,409.203,6900.0
1.1504,19.815,19.815,408.88,408.88,6900.0
1.1505,18.965,18.965,408.532,408.532,6900.0
1.1506,17.864,17.864,408.175,408.175,6900.0
1.1507,16.395,16.395,407.786,407.786,6900.0
1.1508,14.835,14.835,407.349,407.349,6900.0
1.1509,13.666,13.666,406.874,406.874,6900.0
1.151,12.667,12.667,406.369,406.369,6900.0
1.1511,11.573,11.573,405.847,405.847,6900.0
1.1512,10.18,10.18,405.303,405.303,6900.0
1.1513,8.618,8.618,404.73,404.73,6900.0
1.1514,7.358,7.358,404.134,404.134,6900.0
1.1515,5.977,5.977,403.52,403.52,6900.0
1.1516,4.82,4.82,402.892,402.892,6900.0
1.1517,3.355,3.355,402.253,402.253,6900.0
1.1518,1.975,1.975,401.603,401.603,6900.0
1.1519,0.803,0.803,400.946,400.946,6900.0
1.152,0.747,0.747,400.284,400.284,6900.0
1.1521,-0.123,-0.123,399.62,399.62,6900.0
1.1522,-0.917,-0.939,398.955,398.955,6900.0
1.1523,-2.088,-2.088,398.292,398.292,6900.0
1.1524,-2.973,-2.973,397.63,397.63,6900.0
1.1525,-4.037,-4.037,396.973,396.973,6900.0
1.1526,-5.467,-5.467,396.326,396.326,6900.0
1.1527,-6.59,-6.59,395.692,395.692,6900.0
1.1528,-7.639,-7.639,395.067,395.067,6900.0
1.1529,-9.341,-9.341,394.454,394.454,6900.0
1.153,-10.772,-10.772,393.862,393.862,6900.0
1.1531,-12.221,-12.221,393.299,393.299,6900.0
1.1532,-13.366,-13.366,392.765,392.765,6900.0
1.1533,-14.282,-14.282,392.244,392.244,6900.0
1.1534,-15.882,-15.882,391.74,391.74,6900.0
1.1535,-17.469,-17.469,391.274,391.274,6900.0
1.1536,-19.04,-19.04,390.862,390.862,6900.0
1.1537,-20.096,-20.096,390.501,390.501,6900.0
1.1538,-20.913,-20.913,390.164,390.164,6900.0
1.1539,-22.138,-22.138,389.844,389.844,6900.0
1.154,-23.459,-23.459,389.563,389.563,6900.0
1.1541,-25.009,-25.009,389.333,389.333,6900.0
1.1542,-26.157,-26.157,389.158,389.158,6900.0
1.1543,-27.178,-27.178,389.023,389.023,6900.0
1.1544,-28.363,-28.363,388.923,388.923,6900.0
1.1545,-29.435,-29.435,388.868,388.868,6900.0
1.1546,-30.406,-30.406,388.862,388.862,6900.0
1.1547,-31.474,-31.474,388.904,388.904,6900.0
1.1548,-32.621,-32.621,388.995,388.995,6900.0
1.1549,-33.563,-33.563,389.141,389.141,6900.0
1.155,-34.458,-34.458,389.328,389.328,6900.0
1.1551,-35.207,-35.207,389.552,389.552,6900.0
1.1552,-36.127,-36.127,389.812,389.812,6900.0
1.1553,-37.011,-37.011,390.114,390.114,6900.0
1.1554,-37.726,-37.726,390.472,390.472,6900.0
1.1555,-38.271,-38.271,390.866,390.866,6900.0
1.1556,-38.779,-38.779,391.278,391.278,6900.0
1.1557,-39.654,-39.654,391.719,391.719,6900.0
1.1558,-40.205,-40.205,392.203,392.203,6900.0
1.1559,-40.702,-40.702,392.738,392.738,6900.0
1.156,-41.023,-41.023,393.304,393.304,6900.0
1.1561,-41.327,-41.327,393.877,393.877,6900.0
1.1562,-41.884,-41.749,394.475,394.475,6900.0
1.1563,-42.096,-42.096,395.087,395.087,6900.0
1.1564,-42.49,-42.49,395.732,395.732,6900.0
1.1565,-42.427,-42.427,396.4,396.4,6900.0
1.1566,-42.509,-42.509,397.051,397.051,6900.0
1.1567,-42.712,-42.712,397.715,397.715,6900.0
1.1568,-42.745,-42.745,398.377,398.377,6900.0
1.1569,-43.062,-43.062,399.048,399.048,6900.0
1.157,-43.012,-43.012,399.739,399.739,6900.0
1.1571,-42.916,-42.916,400.418,400.418,6900.0
1.1572,-42.755,-42.755,401.111,401.111,6900.0
1.1573,-42.514,-42.514,401.79,401.79,6900.0
1.1574,-42.511,-42.511,402.453,402.453,6900.0
1.1575,-42.066,-42.066,403.123,403.123,6900.0
1.1576,-41.847,-41.847,403.766,403.766,6900.0
1.1577,-41.361,-41.361,404.408,404.408,6900.0
1.1578,-40.748,-40.748,405.022,405.022,6900.0
1.1579,-40.425,-40.425,405.589,405.589,6900.0
1.158,-40.023,-40.023,406.14,406.14,6900.0
1.1581,-39.818,-39.818,406.664,406.664,6900.0
1.1582,-39.317,-39.317,407.181,407.181,6900.0
1.1583,-38.634,-38.634,407.668,407.668,6900.0
1.1584,-38.006,-38.006,408.11,408.11,6900.0
1.1585,-37.286,-37.286,408.523,408.523,6900.0
1.1586,-36.832,-36.832,408.903,408.903,6900.0
1.1587,-36.196,-36.196,409.266,409.266,6900.0
1.1588,-35.416,-35.416,409.597,409.597,6900.0
1.1589,-34.672,-34.672,409.884,409.884,6900.0
1.159,-33.84,-33.84,410.134,410.134,6900.0
1.1591,-33.187,-33.187,410.342,410.342,6900.0
1.1592,-32.438,-32.438,410.518,410.518,6900.0
1.1593,-31.37,-31.37,410.659,410.659,6900.0
1.1594,-30.352,-30.352,410.758,410.758,6900.0
1.1595,-29.264,-29.264,410.811,410.811,6900.0
1.1596,-28.167,-28.167,410.814,410.814,6900.0
1.1597,-27.173,-27.173,410.765,410.765,6900.0
1.1598,-26.179,-26.179,410.682,410.682,6900.0
1.1599,-25.442,-25.442,410.568,410.568,6900.0
1.16,-24.133,-24.133,410.43,410.43,6900.0
1.1601,-22.677,-22.677,410.236,410.236,6900.0
1.1602,-21.814,-21.814,409.984,409.984,6900.0
1.1603,-20.914,-20.914,409.703,409.703,6900.0
1.1604,-20.202,-20.202,409.405,409.405,6900.0
1.1605,-18.825,-18.825,409.094,409.094,6900.0
1.1606,-17.246,-17.246,408.731,408.731,6900.0
1.1607,-16.169,-16.169,408.314,408.314,6900.0
1.1608,-15.088,-15.088,407.865,407.865,6900.0
1.1609,-14.183,-14.183,407.39,407.39,6900.0
1.161,-12.867,-12.867,406.898,406.898,6900.0
1.1611,-11.354,-11.354,406.374,406.374,6900.0
1.1612,-10.355,-10.355,405.817,405.817,6900.0
1.1613,-8.84,-8.84,405.245,405.245,6900.0
1.1614,-7.742,-7.742,404.652,404.652,6900.0
1.1615,-6.205,-6.205,404.048,404.048,6900.0
1.1616,-4.976,-4.976,403.426,403.426,6900.0
1.1617,-3.504,-3.504,402.789,402.789,6900.0
1.1618,-2.318,-2.318,402.142,402.142,6900.0
1.1619,-1.185,-1.185,401.486,401.486,6900.0
1.162,-0.912,-0.912,400.825,400.825,6900.0
1.1621,0.151,0.151,400.163,400.163,6900.0
1.1622,1.186,1.186,399.499,399.499,6900.0
1.1623,1.666,1.666,398.837,398.837,6900.0
1.1624,2.883,2.883,398.177,398.177,6900.0
1.1625,3.964,3.964,397.524,397.524,6900.0
1.1626,4.952,4.952,396.877,396.877,6900.0
1.1627,6.499,6.499,396.235,396.235,6900.0
1.1628,7.818,7.818,395.608,395.608,6900.0
1.1629,9.433,9.433,394.996,394.996,6900.0
1.163,10.758,10.758,394.409,394.409,6900.0
1.1631,11.767,11.767,393.84,393.84,6900.0
1.1632,13.349,13.349,393.281,393.281,6900.0
1.1633,14.853,14.853,392.755,392.755,6900.0
1.1634,16.434,16.434,392.268,392.268,6900.0
1.1635,17.677,17.677,391.837,391.837,6900.0
1.1636,18.483,18.483,391.437,391.437,6900.0
1.1637,19.723,19.723,391.046,391.046,6900.0
1.1638,21.065,21.065,390.687,390.687,6900.0
1.1639,22.573,22.573,390.372,390.372,6900.0
1.164,23.605,23.605,390.118,390.118,6900.0
1.1641,24.766,24.766,389.902,389.902,6900.0
1.1642,25.913,25.913,389.714,389.714,6900.0
1.1643,26.925,26.925,389.565,389.565,6900.0
1.1644,28.061,28.061,389.458,389.458,6900.0
1.1645,29.05,29.05,389.404,389.404,6900.0
1.1646,30.047,30.047,389.396,389.396,6900.0
1.1647,31.125,31.125,389.437,389.437,6900.0
1.1648,32.081,32.081,389.526,389.526,6900.0
1.1649,32.815,32.815,389.657,389.657,6900.0
1.165,33.672,33.672,389.82,389.82,6900.0
1.1651,34.52,34.52,390.024,390.024,6900.0
1.1652,35.605,35.605,390.275,390.275,6900.0
1.1653,36.465,36.465,390.575,390.575,6900.0
1.1654,37.174,37.174,390.908,390.908,6900.0
1.1655,38.008,38.008,391.265,391.265,6900.0
1.1656,38.501,38.501,391.667,391.667,6900.0
1.1657,39.238,39.238,392.108,392.108,6900.0
1.1658,39.775,39.775,392.599,392.599,6900.0
1.1659,40.06,40.06,393.115,393.115,6900.0
1.166,40.722,40.722,393.64,393.64,6900.0
1.1661,41.016,41.016,394.206,394.206,6900.0
1.1662,41.582,41.582,394.794,394.794,6900.0
1.1663,41.921,41.795,395.424,395.424,6900.0
1.1664,41.789,41.789,396.059,396.059,6900.0
1.1665,42.198,42.198,396.689,396.689,6900.0
1.1666,42.224,42.224,397.338,397.338,6900.0
1.1667,42.564,42.564,397.981,397.981,6900.0
1.1668,42.542,42.542,398.655,398.655,6900.0
1.1669,42.384,42.384,399.325,399.325,6900.0
1.167,42.622,42.622,399.988,399.988,6900.0
1.1671,42.528,42.528,400.667,400.667,6900.0
1.1672,42.401,42.401,401.33,401.33,6900.0
1.1673,42.366,42.366,402.001,402.001,6900.0
1.1674,42.001,42.001,402.668,402.668,6900.0
1.1675,41.989,41.989,403.322,403.322,6900.0
1.1676,41.503,41.503,403.977,403.977,6900.0
1.1677,41.182,41.182,404.593,404.593,6900.0
1.1678,40.946,40.946,405.191,405.191,6900.0
1.1679,40.352,40.352,405.77,405.77,6900.0
1.168,40.07,40.07,406.324,406.324,6900.0
1.1681,39.453,39.453,406.864,406.864,6900.0
1.1682,38.906,38.906,407.361,407.361,6900.0
1.1683,38.498,38.498,407.826,407.826,6900.0
1.1684,37.799,37.799,408.268,408.268,6900.0
1.1685,37.285,37.285,408.687,408.687,6900.0
1.1686,36.554,36.554,409.081,409.081,6900.0
1.1687,35.816,35.816,409.437,409.437,6900.0
1.1688,35.005,35.005,409.75,409.75,6900.0
1.1689,34.311,34.311,410.024,410.024,6900.0
1.169,33.537,33.537,410.266,410.266,6900.0
1.1691,32.742,32.742,410.471,410.471,6900.0
1.1692,31.89,31.89,410.637,410.637,6900.0
1.1693,30.9,30.9,410.763,410.763,6900.0
1.1694,29.949,29.949,410.843,410.843,6900.0
1.1695,29.031,29.031,410.875,410.875,6900.0
1.1696,27.966,27.966,410.868,410.868,6900.0
1.1697,27.204,27.204,410.824,410.824,6900.0
1.1698,26.16,26.16,410.756,410.756,6900.0
1.1699,24.872,24.872,410.646,410.646,6900.0
1.17,23.968,23.968,410.477,410.477,6900.0
1.1701,23.153,23.153,410.269,410.269,6900.0
1.1702,22.278,22.278,410.038,410.038,6900.0
1.1703,21.393,21.012,409.794,409.794,6900.0
1.1704,19.458,19.458,409.505,409.505,6900.0
1.1705,18.084,18.084,409.151,409.151,6900.0
1.1706,17.274,17.274,408.752,408.752,6900.0
1.1707,16.392,16.392,408.327,408.327,6900.0
1.1708,15.312,15.312,407.888,407.888,6900.0
1.1709,13.783,13.783,407.425,407.425,6900.0
1.171,12.42,12.42,406.922,406.922,6900.0
1.1711,11.295,11.295,406.394,406.394,6900.0
1.1712,9.966,9.966,405.845,405.845,6900.0
1.1713,8.927,8.927,405.278,405.278,6900.0
1.1714,7.345,7.345,404.696,404.696,6900.0
1.1715,5.797,5.797,404.088,404.088,6900.0
1.1716,4.645,4.645,403.463,403.463,6900.0
1.1717,3.189,3.189,402.823,402.823,6900.0
1.1718,2.046,2.046,402.173,402.173,6900.0
1.1719,0.837,0.837,401.516,401.516,6900.0
1.172,0.0,0.0,400.855,400.855,6900.0
1.1721,0.0,0.0,400.193,400.193,6900.0
1.1722,-1.283,-1.283,399.529,399.529,6900.0
1.1723,-1.984,-1.984,398.867,398.867,6900.0
1.1724,-2.986,-2.986,398.207,398.207,6900.0
1.1725,-4.167,-4.167,397.551,397.551,6900.0
1.1726,-5.319,-5.319,396.901,396.901,6900.0
1.1727,-6.669,-6.669,396.26,396.26,6900.0
1.1728,-8.148,-8.148,395.636,395.636,6900.0
1.1729,-9.216,-9.216,395.03,395.03,6900.0
1.173,-10.551,-10.551,394.435,394.435,6900.0
1.1731,-11.909,-11.909,393.861,393.861,6900.0
1.1732,-13.295,-13.295,393.314,393.314,6900.0
1.1733,-14.768,-14.768,392.807,392.807,6900.0
1.1734,-15.807,-15.807,392.338,392.338,6900.0
1.1735,-16.713,-16.713,391.884,391.884,6900.0
1.1736,-18.207,-18.207,391.447,391.447,6900.0
1.1737,-19.867,-19.867,391.048,391.048,6900.0
1.1738,-21.356,-21.356,390.707,390.707,6900.0
1.1739,-22.376,-22.376,390.418,390.418,6900.0
1.174,-23.107,-23.107,390.154,390.154,6900.0
1.1741,-24.407,-24.407,389.908,389.908,6900.0
1.1742,-25.785,-25.785,389.704,389.704,6900.0
1.1743,-27.123,-27.123,389.553,389.553,6900.0
1.1744,-28.249,-28.249,389.455,389.455,6900.0
1.1745,-29.111,-29.111,389.407,389.407,6900.0
1.1746,-30.242,-30.242,389.397,389.397,6900.0
1.1747,-31.153,-31.153,389.436,389.436,6900.0
1.1748,-32.211,-32.211,389.516,389.516,6900.0
1.1749,-33.168,-33.168,389.648,389.648,6900.0
1.175,-34.218,-34.218,389.826,389.826,6900.0
1.1751,-35.05,-35.05,390.057,390.057,6900.0
1.1752,-35.761,-35.761,390.326,390.326,6900.0
1.1753,-36.356,-36.356,390.62,390.62,6900.0
1.1754,-37.268,-37.268,390.943,390.943,6900.0
1.1755,-38.103,-38.103,391.306,391.306,6900.0
1.1756,-38.754,-38.754,391.724,391.724,6900.0
1.1757,-39.192,-39.192,392.178,392.178,6900.0
1.1758,-39.656,-39.656,392.643,392.643,6900.0
1.1759,-40.392,-40.392,393.139,393.139,6900.0
1.176,-40.884,-40.884,393.673,393.673,6900.0
1.1761,-41.424,-41.424,394.255,394.255,6900.0
1.1762,-41.542,-41.542,394.872,394.872,6900.0
1.1763,-41.762,-41.762,395.484,395.484,6900.0
1.1764,-42.183,-42.054,396.115,396.115,6900.0
1.1765,-42.198,-42.198,396.753,396.753,6900.0
1.1766,-42.415,-42.415,397.41,397.41,6900.0
1.1767,-42.402,-42.402,398.079,398.079,6900.0
1.1768,-42.331,-42.331,398.735,398.735,6900.0
1.1769,-42.563,-42.563,399.397,399.397,6900.0
1.177,-42.415,-42.415,400.061,400.061,6900.0
1.1771,-42.405,-42.405,400.722,400.722,6900.0
1.1772,-42.226,-42.226,401.394,401.394,6900.0
1.1773,-42.219,-42.219,402.049,402.049,6900.0
1.1774,-42.126,-42.126,402.719,402.719,6900.0
1.1775,-41.685,-41.685,403.379,403.379,6900.0
1.1776,-41.464,-41.464,404.008,404.008,6900.0
1.1777,-41.059,-41.059,404.632,404.632,6900.0
1.1778,-40.895,-40.895,405.224,405.224,6900.0
1.1779,-40.433,-40.433,405.814,405.814,6900.0
1.178,-39.749,-39.749,406.373,406.373,6900.0
1.1781,-39.25,-39.25,406.884,406.884,6900.0
1.1782,-38.813,-38.813,407.372,407.372,6900.0
1.1783,-38.339,-38.339,407.836,407.836,6900.0
1.1784,-37.732,-37.732,408.287,408.287,6900.0
1.1785,-36.894,-36.894,408.707,408.707,6900.0
1.1786,-36.32,-36.32,409.077,409.077,6900.0
1.1787,-35.671,-35.671,409.418,409.418,6900.0
1.1788,-35.125,-35.125,409.726,409.726,6900.0
1.1789,-34.448,-34.448,410.01,410.01,6900.0
1.179,-33.616,-33.616,410.258,410.258,6900.0
1.1791,-32.659,-32.659,410.464,410.464,6900.0
1.1792,-31.605,-31.605,410.625,410.625,6900.0
1.1793,-30.698,-30.698,410.739,410.739,6900.0
1.1794,-29.827,-29.827,410.812,410.812,6900.0
1.1795,-29.021,-29.021,410.848,410.848,6900.0
1.1796,-27.953,-27.953,410.854,410.854,6900.0
1.1797,-26.658,-26.658,410.82,410.82,6900.0
1.1798,-25.68,-25.68,410.729,410.729,6900.0
1.1799,-24.743,-24.743,410.592,410.592,6900.0
1.18,-23.975,-23.975,410.421,410.421,6900.0
1.1801,-23.214,-23.214,410.231,410.231,6900.0
1.1802,-21.947,-21.947,410.017,410.017,6900.0
1.1803,-20.304,-20.304,409.749,409.749,6900.0
1.1804,-19.787,-19.363,409.419,409.419,6900.0
1.1805,-18.4,-18.4,409.058,409.058,6900.0
1.1806,-17.563,-17.563,408.679,408.679,6900.0
1.1807,-16.156,-16.156,408.285,408.285,6900.0
1.1808,-14.768,-14.768,407.849,407.849,6900.0
1.1809,-13.768,-13.768,407.373,407.373,6900.0
1.181,-12.404,-12.404,406.873,406.873,6900.0
1.1811,-11.416,-11.416,406.348,406.348,6900.0
1.1812,-9.979,-9.979,405.806,405.806,6900.0
1.1813,-8.545,-8.545,405.236,405.236,6900.0
1.1814,-7.453,-7.453,404.64,404.64,6900.0
1.1815,-5.943,-5.943,404.029,404.029,6900.0
1.1816,-4.682,-4.682,403.401,403.401,6900.0
1.1817,-3.264,-3.264,402.761,402.761,6900.0
1.1818,-2.214,-2.214,402.111,402.111,6900.0
1.1819,-1.046,-1.046,401.455,401.455,6900.0
1.182,-0.3,-0.3,400.794,400.794,6900.0
1.1821,-0.0,-0.0,400.131,400.131,6900.0
1.1822,1.035,1.035,399.467,399.467,6900.0
1.1823,1.965,1.965,398.805,398.805,6900.0
1.1824,2.734,2.734,398.143,398.143,6900.0
1.1825,3.656,3.656,397.486,397.486,6900.0
1.1826,5.306,5.306,396.835,396.835,6900.0
1.1827,6.43,6.43,396.2,396.2,6900.0
1.1828,7.323,7.323,395.577,395.577,6900.0
1.1829,8.798,8.798,394.961,394.961,6900.0
1.183,10.275,10.275,394.367,394.367,6900.0
1.1831,11.82,11.82,393.797,393.797,6900.0
1.1832,13.271,13.271,393.262,393.262,6900.0
1.1833,14.252,14.252,392.751,392.751,6900.0
1.1834,15.689,15.689,392.249,392.249,6900.0
1.1835,17.216,17.216,391.779,391.779,6900.0
1.1836,18.843,18.843,391.354,391.354,6900.0
1.1837,20.039,20.039,390.99,390.99,6900.0
1.1838,20.933,20.933,390.662,390.662,6900.0
1.1839,22.067,22.067,390.348,390.348,6900.0
1.184,23.344,23.344,390.066,390.066,6900.0
1.1841,24.67,24.67,389.83,389.83,6900.0
1.1842,25.792,25.792,389.649,389.649,6900.0
1.1843,26.725,26.725,389.511,389.511,6900.0
1.1844,27.779,27.779,389.405,389.405,6900.0
1.1845,28.782,28.782,389.339,389.339,6900.0
1.1846,29.792,29.792,389.318,389.318,6900.0
1.1847,30.829,30.829,389.341,389.341,6900.0
1.1848,31.805,31.805,389.416,389.416,6900.0
1.1849,32.738,32.738,389.543,389.543,6900.0
1.185,33.464,33.464,389.715,389.715,6900.0
1.1851,34.364,34.364,389.92,389.92,6900.0
1.1852,35.308,35.308,390.157,390.157,6900.0
1.1853,36.035,36.035,390.437,390.437,6900.0
1.1854,36.932,36.932,390.762,390.762,6900.0
1.1855,37.656,37.656,391.134,391.134,6900.0
1.1856,38.005,38.005,391.535,391.535,6900.0
1.1857,38.781,38.781,391.948,391.948,6900.0
1.1858,39.395,39.395,392.404,392.404,6900.0
1.1859,40.067,40.067,392.901,392.901,6900.0
1.186,40.431,40.431,393.451,393.451,6900.0
1.1861,40.656,40.656,394.018,394.018,6900.0
1.1862,41.17,41.17,394.592,394.592,6900.0
1.1863,41.283,41.283,395.197,395.197,6900.0
1.1864,41.816,41.816,395.806,395.806,6900.0
1.1865,41.866,41.866,396.455,396.455,6900.0
1.1866,42.034,42.034,397.097,397.097,6900.0
1.1867,42.346,42.346,397.738,397.738,6900.0
1.1868,42.219,42.219,398.397,398.397,6900.0
1.1869,42.264,42.264,399.04,399.04,6900.0
1.187,42.29,42.29,399.704,399.704,6900.0
1.1871,42.113,42.113,400.367,400.367,6900.0
1.1872,42.293,42.293,401.028,401.028,6900.0
1.1873,41.93,41.93,401.703,401.703,6900.0
1.1874,41.582,41.582,402.349,402.349,6900.0
1.1875,41.552,41.552,402.99,402.99,6900.0
1.1876,41.037,41.037,403.623,403.623,6900.0
1.1877,40.93,40.93,404.237,404.237,6900.0
1.1878,40.425,40.425,404.844,404.844,6900.0
1.1879,39.886,39.886,405.405,405.405,6900.0
1.188,39.559,39.559,405.937,405.937,6900.0
1.1881,39.023,39.023,406.446,406.446,6900.0
1.1882,38.644,38.644,406.936,406.936,6900.0
1.1883,38.146,38.146,407.407,407.407,6900.0
1.1884,37.456,37.456,407.843,407.843,6900.0
1.1885,36.934,36.934,408.241,408.241,6900.0
1.1886,36.289,36.289,408.612,408.612,6900.0
1.1887,35.649,35.649,408.958,408.958,6900.0
1.1888,34.872,34.872,409.276,409.276,6900.0
1.1889,34.078,34.078,409.554,409.554,6900.0
1.189,33.135,33.135,409.789,409.789,6900.0
1.1891,32.332,32.332,409.982,409.982,6900.0
1.1892,31.51,31.51,410.136,410.136,6900.0
1.1893,30.677,30.677,410.251,410.251,6900.0
1.1894,29.884,29.884,410.329,410.329,6900.0
1.1895,28.762,28.762,410.374,410.374,6900.0
1.1896,27.766,27.766,410.37,410.37,6900.0
1.1897,26.696,26.696,410.316,410.316,6900.0
1.1898,25.726,25.726,410.218,410.218,6900.0
1.1899,25.111,25.111,410.09,410.09,6900.0
1.19,24.122,24.122,409.945,409.945,6900.0
1.1901,22.684,22.684,409.761,409.761,6900.0
1.1902,21.362,21.362,409.512,409.512,6900.0
1.1903,20.605,20.605,409.218,409.218,6900.0
1.1904,19.693,19.693,408.906,408.906,6900.0
1.1905,19.197,18.793,408.582,408.582,6900.0
1.1906,17.284,17.284,408.227,408.227,6900.0
1.1907,16.035,16.035,407.817,407.817,6900.0
1.1908,14.905,14.905,407.37,407.37,6900.0
1.1909,13.761,13.761,406.891,406.891,6900.0
1.191,12.668,12.668,406.392,406.392,6900.0
1.1911,11.202,11.202,405.868,405.868,6900.0
1.1912,9.752,9.752,405.31,405.31,6900.0
1.1913,8.634,8.634,404.73,404.73,6900.0
1.1914,7.425,7.425,404.132,404.132,6900.0
1.1915,6.273,6.273,403.522,403.522,6900.0
1.1916,4.887,4.887,402.898,402.898,6900.0
1.1917,3.377,3.377,402.26,402.26,6900.0
1.1918,1.995,1.995,401.611,401.611,6900.0
1.1919,0.733,0.733,400.954,400.954,6900.0
1.192,0.859,0.859,400.292,400.292,6900.0
1.1921,-0.069,-0.069,399.628,399.628,6900.0
1.1922,-0.892,-0.892,398.964,398.964,6900.0
1.1923,-2.476,-2.476,398.301,398.301,6900.0
1.1924,-3.072,-3.072,397.641,397.641,6900.0
1.1925,-4.468,-4.468,396.987,396.987,6900.0
1.1926,-5.296,-5.296,396.344,396.344,6900.0
1.1927,-6.393,-6.393,395.706,395.706,6900.0
1.1928,-7.866,-7.866,395.079,395.079,6900.0
1.1929,-9.167,-9.167,394.467,394.467,6900.0
1.193,-10.631,-10.631,393.878,393.878,6900.0
1.1931,-11.746,-11.746,393.312,393.312,6900.0
1.1932,-12.863,-12.863,392.758,392.758,6900.0
1.1933,-14.534,-14.534,392.222,392.222,6900.0
1.1934,-16.057,-16.057,391.722,391.722,6900.0
1.1935,-17.646,-17.646,391.272,391.272,6900.0
1.1936,-18.395,-18.395,390.873,390.873,6900.0
1.1937,-19.329,-19.329,390.488,390.488,6900.0
1.1938,-20.774,-20.774,390.122,390.122,6900.0
1.1939,-22.361,-22.361,389.798,389.798,6900.0
1.194,-23.743,-23.743,389.532,389.532,6900.0
1.1941,-24.832,-24.832,389.319,389.319,6900.0
1.1942,-25.695,-25.695,389.141,389.141,6900.0
1.1943,-26.852,-26.852,388.991,388.991,6900.0
1.1944,-27.925,-27.925,388.885,388.885,6900.0
1.1945,-29.269,-29.0,388.825,388.825,6900.0
1.1946,-30.16,-30.16,388.812,388.812,6900.0
1.1947,-31.253,-31.253,388.851,388.851,6900.0
1.1948,-32.264,-32.264,388.938,388.938,6900.0
1.1949,-33.114,-33.114,389.072,389.072,6900.0
1.195,-33.917,-33.917,389.241,389.241,6900.0
1.1951,-35.018,-35.018,389.449,389.449,6900.0
1.1952,-36.029,-36.029,389.707,389.707,6900.0
1.1953,-36.748,-36.748,390.023,390.023,6900.0
1.1954,-37.295,-37.295,390.374,390.374,6900.0
1.1955,-37.794,-37.794,390.745,390.745,6900.0
1.1956,-38.413,-38.413,391.146,391.146,6900.0
1.1957,-39.263,-39.263,391.578,391.578,6900.0
1.1958,-39.857,-39.857,392.069,392.069,6900.0
1.1959,-40.236,-40.236,392.593,392.593,6900.0
1.196,-40.601,-40.601,393.126,393.126,6900.0
1.1961,-41.037,-41.037,393.687,393.687,6900.0
1.1962,-41.42,-41.42,394.266,394.266,6900.0
1.1963,-41.957,-41.957,394.882,394.882,6900.0
1.1964,-42.057,-42.057,395.528,395.528,6900.0
1.1965,-42.267,-42.267,396.165,396.165,6900.0
1.1966,-42.331,-42.331,396.82,396.82,6900.0
1.1967,-42.331,-42.331,397.473,397.473,6900.0
1.1968,-42.578,-42.578,398.136,398.136,6900.0
1.1969,-42.526,-42.526,398.815,398.815,6900.0
1.197,-42.575,-42.575,399.48,399.48,6900.0
1.1971,-42.497,-42.497,400.162,400.162,6900.0
1.1972,-42.15,-42.15,400.833,400.833,6900.0
1.1973,-42.338,-42.338,401.484,401.484,6900.0
1.1974,-41.944,-41.944,402.152,402.152,6900.0
1.1975,-41.76,-41.76,402.797,402.797,6900.0
1.1976,-41.5,-41.5,403.443,403.443,6900.0
1.1977,-41.05,-41.05,404.069,404.069,6900.0
1.1978,-40.865,-40.865,404.656,404.656,6900.0
1.1979,-40.545,-40.545,405.235,405.235,6900.0
1.198,-40.224,-40.224,405.787,405.787,6900.0
1.1981,-39.41,-39.41,406.334,406.334,6900.0
1.1982,-38.806,-38.806,406.84,406.84,6900.0
1.1983,-38.222,-38.222,407.301,407.301,6900.0
1.1984,-37.666,-37.666,407.737,407.737,6900.0
1.1985,-37.285,-37.285,408.143,408.143,6900.0
1.1986,-36.753,-36.753,408.537,408.537,6900.0
1.1987,-36.065,-36.065,408.9,408.9,6900.0
1.1988,-35.183,-35.183,409.221,409.221,6900.0
1.1989,-34.373,-34.373,409.499,409.499,6900.0
1.199,-33.472,-33.472,409.74,409.74,6900.0
1.1991,-32.749,-32.749,409.942,409.942,6900.0
1.1992,-31.897,-31.897,410.107,410.107,6900.0
1.1993,-31.038,-31.038,410.234,410.234,6900.0
1.1994,-29.955,-29.955,410.32,410.32,6900.0
1.1995,-28.944,-28.944,410.356,410.356,6900.0
1.1996,-28.083,-28.083,410.345,410.345,6900.0
1.1997,-27.113,-27.113,410.3,410.3,6900.0
1.1998,-26.29,-26.29,410.226,410.226,6900.0
1.1999,-25.181,-25.181,410.121,410.121,6900.0
1.2,-23.797,-23.797,409.966,409.966,6900.0
1.2001,-22.762,-22.762,409.755,409.755,6900.0
1.2002,-21.937,-21.937,409.511,409.511,6900.0
1.2003,-21.135,-21.135,409.25,409.25,6900.0
1.2004,-19.7,-19.7,408.97,408.97,6900.0
1.2005,-18.035,-18.035,408.633,408.633,6900.0
1.2006,-17.56,-17.109,408.238,408.238,6900.0
1.2007,-16.079,-16.079,407.811,407.811,6900.0
1.2008,-15.317,-15.317,407.359,407.359,6900.0
1.2009,-14.015,-14.015,406.894,406.894,6900.0
1.201,-12.505,-12.505,406.395,406.395,6900.0
1.2011,-11.509,-11.509,405.863,405.863,6900.0
1.2012,-10.157,-10.157,405.313,405.313,6900.0
1.2013,-9.052,-9.052,404.743,404.743,6900.0
1.2014,-7.388,-7.388,404.159,404.159,6900.0
1.2015,-5.814,-5.814,403.553,403.553,6900.0
1.2016,-4.782,-4.782,402.928,402.928,6900.0
1.2017,-3.507,-3.507,402.29,402.29,6900.0
1.2018,-2.133,-2.133,401.64,401.64,6900.0
1.2019,-0.876,-0.876,400.983,400.983,6900.0
1.202,-0.0,-0.0,400.322,400.322,6900.0
1.2021,-0.0,-0.0,399.658,399.658,6900.0
1.2022,1.399,1.399,398.993,398.993,6900.0
1.2023,1.826,1.826,398.33,398.33,6900.0
1.2024,2.576,2.576,397.67,397.67,6900.0
1.2025,3.576,3.576,397.013,397.013,6900.0
1.2026,5.057,5.057,396.36,396.36,6900.0
1.2027,6.299,6.299,395.718,395.718,6900.0
1.2028,7.92,7.92,395.087,395.087,6900.0
1.2029,9.091,9.091,394.479,394.479,6900.0
1.203,10.244,10.244,393.884,393.884,6900.0
1.2031,11.704,11.704,393.302,393.302,6900.0
1.2032,13.182,13.182,392.748,392.748,6900.0
1.2033,14.84,14.84,392.23,392.23,6900.0
1.2034,16.23,16.23,391.761,391.761,6900.0
1.2035,17.12,17.12,391.323,391.323,6900.0
1.2036,18.141,18.141,390.896,390.896,6900.0
1.2037,19.559,19.559,390.496,390.496,6900.0
1.2038,21.151,21.151,390.141,390.141,6900.0
1.2039,22.476,22.476,389.847,389.847,6900.0
1.204,23.339,23.339,389.594,389.594,6900.0
1.2041,24.7,24.7,389.357,389.357,6900.0
1.2042,25.967,25.967,389.158,389.158,6900.0
1.2043,27.023,27.023,389.007,389.007,6900.0
1.2044,27.972,27.972,388.906,388.906,6900.0
1.2045,28.99,28.99,388.85,388.85,6900.0
1.2046,30.177,29.923,388.84,388.84,6900.0
1.2047,30.88,30.88,388.875,388.875,6900.0
1.2048,32.057,32.057,388.953,388.953,6900.0
1.2049,33.09,33.09,389.079,389.079,6900.0
1.205,33.886,33.886,389.254,389.254,6900.0
1.2051,34.717,34.717,389.477,389.477,6900.0
1.2052,35.455,35.455,389.741,389.741,6900.0
1.2053,36.099,36.099,390.034,390.034,6900.0
1.2054,37.025,37.025,390.346,390.346,6900.0
1.2055,37.793,37.793,390.701,390.701,6900.0
1.2056,38.703,38.703,391.102,391.102,6900.0
1.2057,39.347,39.347,391.555,391.555,6900.0
1.2058,39.73,39.73,392.036,392.036,6900.0
1.2059,40.274,40.274,392.533,392.533,6900.0
1.206,40.672,40.672,393.068,393.068,6900.0
1.2061,41.285,41.285,393.634,393.634,6900.0
1.2062,41.569,41.569,394.252,394.252,6900.0
1.2063,41.675,41.675,394.88,394.88,6900.0
1.2064,42.033,42.033,395.508,395.508,6900.0
1.2065,42.093,42.093,396.157,396.157,6900.0
1.2066,42.322,42.322,396.8,396.8,6900.0
1.2067,42.416,42.416,397.467,397.467,6900.0
1.2068,42.417,42.417,398.128,398.128,6900.0
1.2069,42.764,42.764,398.783,398.783,6900.0
1.207,42.653,42.653,399.457,399.457,6900.0
1.2071,42.664,42.664,400.116,400.116,6900.0
1.2072,42.573,42.573,400.793,400.793,6900.0
1.2073,42.35,42.35,401.466,401.466,6900.0
1.2074,42.563,42.563,402.136,402.136,6900.0
1.2075,42.123,42.123,402.82,402.82,6900.0
1.2076,41.466,41.466,403.471,403.471,6900.0
1.2077,41.155,41.155,404.098,404.098,6900.0
1.2078,40.64,40.64,404.702,404.702,6900.0
1.2079,40.553,40.553,405.281,405.281,6900.0
1.208,40.066,40.066,405.849,405.849,6900.0
1.2081,39.577,39.577,406.373,406.373,6900.0
1.2082,39.244,39.244,406.866,406.866,6900.0
1.2083,38.599,38.599,407.336,407.336,6900.0
1.2084,38.111,38.111,407.785,407.785,6900.0
1.2085,37.255,37.255,408.215,408.215,6900.0
1.2086,36.722,36.722,408.599,408.599,6900.0
1.2087,36.11,36.11,408.951,408.951,6900.0
1.2088,35.312,35.312,409.274,409.274,6900.0
1.2089,34.505,34.505,409.566,409.566,6900.0
1.209,33.553,33.553,409.824,409.824,6900.0
1.2091,32.742,32.742,410.036,410.036,6900.0
1.2092,31.835,31.835,410.205,410.205,6900.0
1.2093,30.91,30.91,410.329,410.329,6900.0
1.2094,30.058,30.058,410.402,410.402,6900.0
1.2095,29.294,29.294,410.434,410.434,6900.0
1.2096,28.448,28.448,410.434,410.434,6900.0
1.2097,27.415,27.415,410.407,410.407,6900.0
1.2098,26.194,26.194,410.337,410.337,6900.0
1.2099,25.082,25.082,410.21,410.21,6900.0
1.21,24.291,24.291,410.041,410.041,6900.0
1.2101,23.167,23.167,409.851,409.851,6900.0
1.2102,21.94,21.94,409.642,409.642,6900.0
1.2103,20.547,20.547,409.387,409.387,6900.0
1.2104,19.546,19.546,409.068,409.068,6900.0
1.2105,18.689,18.689,408.709,408.709,6900.0
1.2106,17.838,17.838,408.322,408.322,6900.0
1.2107,16.777,16.777,407.923,407.923,6900.0
1.2108,15.173,15.173,407.496,407.496,6900.0
1.2109,13.713,13.713,407.023,407.023,6900.0
1.211,12.595,12.595,406.52,406.52,6900.0
1.2111,11.261,11.261,405.992,405.992,6900.0
1.2112,10.104,10.104,405.448,405.448,6900.0
1.2113,8.541,8.541,404.882,404.882,6900.0
1.2114,7.305,7.305,404.29,404.29,6900.0
1.2115,6.072,6.072,403.679,403.679,6900.0
1.2116,4.596,4.596,403.052,403.052,6900.0
1.2117,3.216,3.216,402.412,402.412,6900.0
1.2118,2.063,2.063,401.761,401.761,6900.0
1.2119,0.854,0.854,401.103,401.103,6900.0
1.212,0.0,0.0,400.442,400.442,6900.0
1.2121,0.0,0.0,399.778,399.778,6900.0
1.2122,-2.117,-2.117,399.114,399.114,6900.0
1.2123,-1.803,-1.803,398.452,398.452,6900.0
1.2124,-2.805,-2.805,397.79,397.79,6900.0
1.2125,-4.18,-4.18,397.133,397.133,6900.0
1.2126,-5.361,-5.361,396.483,396.483,6900.0
1.2127,-6.845,-6.845,395.845,395.845,6900.0
1.2128,-7.88,-7.88,395.224,395.224,6900.0
1.2129,-9.032,-9.032,394.612,394.612,6900.0
1.213,-10.808,-10.808,394.016,394.016,6900.0
1.2131,-12.116,-12.116,393.447,393.447,6900.0
1.2132,-13.642,-13.642,392.912,392.912,6900.0
1.2133,-14.55,-14.55,392.413,392.413,6900.0
1.2134,-15.383,-15.383,391.926,391.926,6900.0
1.2135,-16.815,-16.815,391.453,391.453,6900.0
1.2136,-18.626,-18.626,391.018,391.018,6900.0
1.2137,-20.093,-20.093,390.643,390.643,6900.0
1.2138,-21.298,-21.298,390.318,390.318,6900.0
1.2139,-22.142,-22.142,390.022,390.022,6900.0
1.214,-23.321,-23.321,389.744,389.744,6900.0
1.2141,-24.726,-24.726,389.503,389.503,6900.0
1.2142,-26.057,-26.057,389.315,389.315,6900.0
1.2143,-27.155,-27.155,389.176,389.176,6900.0
1.2144,-28.079,-28.079,389.08,389.08,6900.0
1.2145,-29.252,-29.252,389.019,389.019,6900.0
1.2146,-30.533,-30.533,389.007,389.007,6900.0
1.2147,-31.903,-31.656,389.046,389.046,6900.0
1.2148,-32.577,-32.577,389.139,389.139,6900.0
1.2149,-33.67,-33.67,389.282,389.282,6900.0
1.215,-34.533,-34.533,389.482,389.482,6900.0
1.2151,-35.132,-35.132,389.726,389.726,6900.0
1.2152,-35.784,-35.784,389.994,389.994,6900.0
1.2153,-36.587,-36.587,390.292,390.292,6900.0
1.2154,-37.652,-37.652,390.624,390.624,6900.0
1.2155,-38.376,-38.376,391.015,391.015,6900.0
1.2156,-38.761,-38.761,391.439,391.439,6900.0
1.2157,-39.268,-39.268,391.873,391.873,6900.0
1.2158,-39.851,-39.851,392.34,392.34,6900.0
1.2159,-40.423,-40.423,392.837,392.837,6900.0
1.216,-41.058,-41.058,393.39,393.39,6900.0
1.2161,-41.418,-41.418,393.981,393.981,6900.0
1.2162,-41.686,-41.686,394.581,394.581,6900.0
1.2163,-42.068,-42.068,395.207,395.207,6900.0
1.2164,-42.147,-42.147,395.847,395.847,6900.0
1.2165,-42.529,-42.529,396.506,396.506,6900.0
1.2166,-42.721,-42.721,397.182,397.182,6900.0
1.2167,-42.752,-42.752,397.848,397.848,6900.0
1.2168,-42.789,-42.789,398.522,398.522,6900.0
1.2169,-42.568,-42.568,399.189,399.189,6900.0
1.217,-42.797,-42.797,399.848,399.848,6900.0
1.2171,-42.593,-42.593,400.526,400.526,6900.0
1.2172,-42.475,-42.475,401.19,401.19,6900.0
1.2173,-42.487,-42.487,401.863,401.863,6900.0
1.2174,-42.147,-42.147,402.534,402.534,6900.0
1.2175,-42.259,-42.259,403.18,403.18,6900.0
1.2176,-41.707,-41.707,403.838,403.838,6900.0
1.2177,-41.498,-41.498,404.464,404.464,6900.0
1.2178,-40.983,-40.983,405.092,405.092,6900.0
1.2179,-40.254,-40.254,405.686,405.686,6900.0
1.218,-39.912,-39.912,406.228,406.228,6900.0
1.2181,-39.554,-39.554,406.75,406.75,6900.0
1.2182,-39.186,-39.186,407.246,407.246,6900.0
1.2183,-38.58,-38.58,407.73,407.73,6900.0
1.2184,-37.82,-37.82,408.181,408.181,6900.0
1.2185,-37.061,-37.061,408.587,408.587,6900.0
1.2186,-36.589,-36.589,408.958,408.958,6900.0
1.2187,-36.04,-36.04,409.305,409.305,6900.0
1.2188,-35.418,-35.418,409.629,409.629,6900.0
1.2189,-34.686,-34.686,409.921,409.921,6900.0
1.219,-33.817,-33.817,410.174,410.174,6900.0
1.2191,-32.871,-32.871,410.385,410.385,6900.0
1.2192,-32.029,-32.029,410.553,410.553,6900.0
1.2193,-31.06,-31.06,410.68,410.68,6900.0
1.2194,-30.114,-30.114,410.767,410.767,6900.0
1.2195,-29.321,-29.321,410.814,410.814,6900.0
1.2196,-28.276,-28.276,410.824,410.824,6900.0
1.2197,-27.014,-27.014,410.784,410.784,6900.0
1.2198,-26.135,-26.135,410.69,410.69,6900.0
1.2199,-25.102,-25.102,410.564,410.564,6900.0
1.22,-24.292,-24.292,410.411,410.411,6900.0
1.2201,-23.057,-23.057,410.234,410.234,6900.0
1.2202,-21.588,-21.588,410.002,410.002,6900.0
1.2203,-20.429,-20.429,409.712,409.712,6900.0
1.2204,-19.68,-19.68,409.387,409.387,6900.0
1.2205,-18.994,-18.994,409.049,409.049,6900.0
1.2206,-17.615,-17.615,408.699,408.699,6900.0
1.2207,-16.098,-16.098,408.302,408.302,6900.0
1.2208,-15.053,-15.053,407.856,407.856,6900.0
1.2209,-13.749,-13.749,407.382,407.382,6900.0
1.221,-12.851,-12.851,406.88,406.88,6900.0
1.2211,-11.516,-11.516,406.36,406.36,6900.0
1.2212,-10.008,-10.008,405.812,405.812,6900.0
1.2213,-8.894,-8.894,405.233,405.233,6900.0
1.2214,-7.446,-7.446,404.639,404.639,6900.0
1.2215,-6.299,-6.299,404.025,404.025,6900.0
1.2216,-5.088,-5.088,403.401,403.401,6900.0
1.2217,-3.632,-3.632,402.764,402.764,6900.0
1.2218,-2.338,-2.338,402.116,402.116,6900.0
1.2219,-1.107,-1.107,401.46,401.46,6900.0
1.222,-0.777,-0.777,400.8,400.8,6900.0
1.2221,0.091,0.091,400.137,400.137,6900.0
1.2222,1.453,1.453,399.473,399.473,6900.0
1.2223,1.722,1.722,398.81,398.81,6900.0
1.2224,2.649,2.649,398.15,398.15,6900.0
1.2225,4.01,4.01,397.494,397.494,6900.0
1.2226,5.044,5.044,396.85,396.85,6900.0
1.2227,6.188,6.188,396.214,396.214,6900.0
1.2228,7.734,7.734,395.586,395.586,6900.0
1.2229,9.204,9.204,394.977,394.977,6900.0
1.223,10.77,10.77,394.386,394.386,6900.0
1.2231,11.777,11.777,393.827,393.827,6900.0
1.2232,12.835,12.835,393.283,393.283,6900.0
1.2233,14.362,14.362,392.749,392.749,6900.0
1.2234,15.826,15.826,392.248,392.248,6900.0
1.2235,17.598,17.598,391.786,391.786,6900.0
1.2236,18.905,18.905,391.385,391.385,6900.0
1.2237,19.689,19.689,391.021,391.021,6900.0
1.2238,20.968,20.968,390.668,390.668,6900.0
1.2239,22.392,22.392,390.349,390.349,6900.0
1.224,23.71,23.71,390.081,390.081,6900.0
1.2241,24.868,24.868,389.868,389.868,6900.0
1.2242,25.884,25.884,389.697,389.697,6900.0
1.2243,26.844,26.844,389.558,389.558,6900.0
1.2244,27.906,27.906,389.455,389.455,6900.0
1.2245,28.898,28.898,389.396,389.396,6900.0
1.2246,29.984,29.984,389.381,389.381,6900.0
1.2247,30.932,30.932,389.417,389.417,6900.0
1.2248,31.936,31.936,389.5,389.5,6900.0
1.2249,32.608,32.608,389.63,389.63,6900.0
1.225,33.454,33.454,389.79,389.79,6900.0
1.2251,34.475,34.475,389.985,389.985,6900.0
1.2252,35.349,35.349,390.228,390.228,6900.0
1.2253,36.389,36.389,390.521,390.521,6900.0
1.2254,37.081,37.081,390.866,390.866,6900.0
1.2255,37.635,37.635,391.239,391.239,6900.0
1.2256,38.436,38.436,391.629,391.629,6900.0
1.2257,38.943,38.943,392.062,392.062,6900.0
1.2258,39.714,39.714,392.533,392.533,6900.0
1.2259,39.97,39.97,393.057,393.057,6900.0
1.226,40.217,40.217,393.595,393.595,6900.0
1.2261,40.946,40.946,394.14,394.14,6900.0
1.2262,41.222,41.222,394.723,394.723,6900.0
1.2263,41.738,41.738,395.322,395.322,6900.0
1.2264,42.01,42.01,395.963,395.963,6900.0
1.2265,41.881,41.881,396.612,396.612,6900.0
1.2266,42.319,42.319,397.251,397.251,6900.0
1.2267,42.362,42.362,397.911,397.911,6900.0
1.2268,42.604,42.604,398.561,398.561,6900.0
1.2269,42.615,42.615,399.238,399.238,6900.0
1.227,42.49,42.49,399.911,399.911,6900.0
1.2271,42.447,42.447,400.581,400.581,6900.0
1.2272,42.322,42.322,401.256,401.256,6900.0
1.2273,42.087,42.087,401.913,401.913,6900.0
1.2274,42.1,42.1,402.569,402.569,6900.0
1.2275,41.762,41.762,403.221,403.221,6900.0
1.2276,41.467,41.467,403.864,403.864,6900.0
1.2277,40.949,40.949,404.495,404.495,6900.0
1.2278,40.519,40.519,405.086,405.086,6900.0
1.2279,40.423,40.423,405.652,405.652,6900.0
1.228,39.91,39.91,406.202,406.202,6900.0
1.2281,39.529,39.529,406.733,406.733,6900.0
1.2282,38.957,38.957,407.242,407.242,6900.0
1.2283,38.234,38.234,407.711,407.711,6900.0
1.2284,37.892,37.892,408.14,408.14,6900.0
1.2285,37.095,37.095,408.55,408.55,6900.0
1.2286,36.531,36.531,408.932,408.932,6900.0
1.2287,35.782,35.782,409.29,409.29,6900.0
1.2288,35.127,34.908,409.609,409.609,6900.0
1.2289,34.137,34.137,409.882,409.882,6900.0
1.229,33.263,33.263,410.118,410.118,6900.0
1.2291,32.491,32.491,410.314,410.314,6900.0
1.2292,31.704,31.704,410.473,410.473,6900.0
1.2293,30.77,30.77,410.594,410.594,6900.0
1.2294,29.721,29.721,410.675,410.675,6900.0
1.2295,28.819,28.819,410.709,410.709,6900.0
1.2296,27.919,27.919,410.692,410.692,6900.0
1.2297,26.971,26.971,410.636,410.636,6900.0
1.2298,26.015,26.015,410.551,410.551,6900.0
1.2299,24.985,24.985,410.44,410.44,6900.0
1.23,23.575,23.575,410.288,410.288,6900.0
1.2301,22.692,22.692,410.072,410.072,6900.0
1.2302,21.971,21.971,409.819,409.819,6900.0
1.2303,21.086,21.086,409.547,409.547,6900.0
1.2304,19.954,19.954,409.262,409.262,6900.0
1.2305,18.256,18.256,408.941,408.941,6900.0
1.2306,16.827,16.827,408.558,408.558,6900.0
1.2307,15.73,15.73,408.133,408.133,6900.0
1.2308,14.755,14.755,407.674,407.674,6900.0
1.2309,13.667,13.667,407.2,407.2,6900.0
1.231,12.223,12.223,406.699,406.699,6900.0
1.2311,10.955,10.955,406.162,406.162,6900.0
1.2312,9.882,9.882,405.604,405.604,6900.0
1.2313,8.73,8.73,405.025,405.025,6900.0
1.2314,7.447,7.447,404.435,404.435,6900.0
1.2315,5.973,5.973,403.828,403.828,6900.0
1.2316,4.62,4.62,403.203,403.203,6900.0
1.2317,3.199,3.199,402.565,402.565,6900.0
1.2318,1.654,1.654,401.915,401.915,6900.0
1.2319,0.632,0.632,401.257,401.257,6900.0
1.232,0.578,0.578,400.595,400.595,6900.0
1.2321,0.0,0.0,399.932,399.932,6900.0
1.2322,-2.223,-2.223,399.268,399.268,6900.0
1.2323,-2.221,-2.221,398.607,398.607,6900.0
1.2324,-3.248,-3.248,397.949,397.949,6900.0
1.2325,-4.291,-4.291,397.298,397.298,6900.0
1.2326,-5.19,-5.19,396.651,396.651,6900.0
1.2327,-6.64,-6.64,396.012,396.012,6900.0
1.2328,-7.949,-7.949,395.385,395.385,6900.0
1.2329,-9.54,-9.54,394.777,394.777,6900.0
1.233,-10.67,-10.67,394.192,394.192,6900.0
1.2331,-11.779,-11.779,393.616,393.616,6900.0
1.2332,-13.31,-13.31,393.06,393.06,6900.0
1.2333,-14.886,-14.886,392.537,392.537,6900.0
1.2334,-16.568,-16.568,392.061,392.061,6900.0
1.2335,-17.418,-17.418,391.634,391.634,6900.0
1.2336,-18.392,-18.392,391.222,391.222,6900.0
1.2337,-19.637,-19.637,390.828,390.828,6900.0
1.2338,-20.995,-20.995,390.472,390.472,6900.0
1.2339,-22.326,-22.326,390.166,390.166,6900.0
1.234,-23.229,-23.229,389.912,389.912,6900.0
1.2341,-24.451,-24.451,389.685,389.685,6900.0
1.2342,-25.607,-25.607,389.49,389.49,6900.0
1.2343,-26.95,-26.95,389.334,389.334,6900.0
1.2344,-28.156,-28.156,389.233,389.233,6900.0
1.2345,-29.116,-29.116,389.183,389.183,6900.0
1.2346,-30.162,-30.162,389.178,389.178,6900.0
1.2347,-31.234,-31.234,389.221,389.221,6900.0
1.2348,-32.158,-32.158,389.312,389.312,6900.0
1.2349,-33.116,-33.116,389.441,389.441,6900.0
1.235,-33.976,-33.976,389.615,389.615,6900.0
1.2351,-35.138,-35.138,389.832,389.832,6900.0
1.2352,-36.088,-36.088,390.107,390.107,6900.0
1.2353,-36.757,-36.757,390.424,390.424,6900.0
1.2354,-37.528,-37.528,390.762,390.762,6900.0
1.2355,-38.348,-38.348,391.138,391.138,6900.0
1.2356,-38.906,-38.906,391.551,391.551,6900.0
1.2357,-39.513,-39.513,392.014,392.014,6900.0
1.2358,-39.713,-39.713,392.512,392.512,6900.0
1.2359,-40.078,-40.078,393.014,393.014,6900.0
1.236,-40.66,-40.66,393.545,393.545,6900.0
1.2361,-41.212,-41.212,394.104,394.104,6900.0
1.2362,-41.813,-41.813,394.708,394.708,6900.0
1.2363,-41.874,-41.874,395.347,395.347,6900.0
1.2364,-42.02,-42.02,395.979,395.979,6900.0
1.2365,-42.233,-42.233,396.626,396.626,6900.0
1.2366,-42.154,-42.154,397.277,397.277,6900.0
1.2367,-42.503,-42.503,397.934,397.934,6900.0
1.2368,-42.5,-42.5,398.608,398.608,6900.0
1.2369,-42.503,-42.503,399.269,399.269,6900.0
1.237,-42.541,-42.541,399.942,399.942,6900.0
1.2371,-42.208,-42.208,400.611,400.611,6900.0
1.2372,-42.198,-42.198,401.267,401.267,6900.0
1.2373,-41.974,-41.974,401.933,401.933,6900.0
1.2374,-41.928,-41.928,402.581,402.581,6900.0
1.2375,-41.675,-41.675,403.241,403.241,6900.0
1.2376,-41.337,-41.337,403.882,403.882,6900.0
1.2377,-41.185,-41.185,404.489,404.489,6900.0
1.2378,-40.707,-40.707,405.091,405.091,6900.0
1.2379,-40.449,-40.449,405.663,405.663,6900.0
1.238,-40.045,-40.045,406.226,406.226,6900.0
1.2381,-39.252,-39.252,406.763,406.763,6900.0
1.2382,-38.792,-38.792,407.246,407.246,6900.0
1.2383,-38.177,-38.177,407.708,407.708,6900.0
1.2384,-37.67,-37.67,408.141,408.141,6900.0
1.2385,-36.994,-36.994,408.558,408.558,6900.0
1.2386,-36.408,-36.408,408.94,408.94,6900.0
1.2387,-35.536,-35.536,409.285,409.285,6900.0
1.2388,-34.879,-34.879,409.589,409.589,6900.0
1.2389,-34.487,-34.258,409.86,409.86,6900.0
1.239,-33.582,-33.582,410.102,410.102,6900.0
1.2391,-32.617,-32.617,410.31,410.31,6900.0
1.2392,-31.717,-31.717,410.473,410.473,6900.0
1.2393,-30.747,-30.747,410.59,410.59,6900.0
1.2394,-29.703,-29.703,410.661,410.661,6900.0
1.2395,-28.754,-28.754,410.684,410.684,6900.0
1.2396,-27.871,-27.871,410.669,410.669,6900.0
1.2397,-27.075,-27.075,410.625,410.625,6900.0
1.2398,-25.787,-25.787,410.551,410.551,6900.0
1.2399,-24.561,-24.561,410.423,410.423,6900.0
1.24,-23.525,-23.525,410.243,410.243,6900.0
1.2401,-22.717,-22.717,410.03,410.03,6900.0
1.2402,-21.969,-21.969,409.799,409.799,6900.0
1.2403,-20.529,-20.529,409.549,409.549,6900.0
1.2404,-18.908,-18.908,409.239,409.239,6900.0
1.2405,-18.016,-18.016,408.869,408.869,6900.0
1.2406,-17.09,-17.09,408.466,408.466,6900.0
1.2407,-16.306,-16.306,408.042,408.042,6900.0
1.2408,-15.031,-15.031,407.604,407.604,6900.0
1.2409,-13.447,-13.447,407.132,407.132,6900.0
1.241,-12.582,-12.582,406.623,406.623,6900.0
1.2411,-11.034,-11.034,406.095,406.095,6900.0
1.2412,-10.078,-10.078,405.545,405.545,6900.0
1.2413,-8.609,-8.609,404.98,404.98,6900.0
1.2414,-7.241,-7.241,404.391,404.391,6900.0
1.2415,-5.882,-5.882,403.78,403.78,6900.0
1.2416,-4.746,-4.746,403.153,403.153,6900.0
1.2417,-3.515,-3.515,402.512,402.512,6900.0
1.2418,-2.167,-2.167,401.862,401.862,6900.0
1.2419,-0.944,-0.944,401.204,401.204,6900.0
1.242,-0.0,-0.0,400.543,400.543,6900.0
1.2421,-0.0,-0.0,399.88,399.88,6900.0
1.2422,0.674,0.674,399.216,399.216,6900.0
1.2423,1.553,1.553,398.554,398.554,6900.0
1.2424,2.458,2.458,397.892,397.892,6900.0
1.2425,3.745,3.745,397.233,397.233,6900.0
1.2426,5.134,5.134,396.582,396.582,6900.0
1.2427,6.672,6.672,395.941,395.941,6900.0
1.2428,7.778,7.778,395.32,395.32,6900.0
1.2429,8.985,8.985,394.711,394.711,6900.0
1.243,10.407,10.407,394.113,394.113,6900.0
1.2431,12.002,12.002,393.541,393.541,6900.0
1.2432,13.712,13.712,393.0,393.0,6900.0
1.2433,15.073,15.073,392.505,392.505,6900.0
1.2434,15.97,15.97,392.036,392.036,6900.0
1.2435,17.205,17.205,391.577,391.577,6900.0
1.2436,18.75,18.75,391.144,391.144,6900.0
1.2437,20.348,20.348,390.76,390.76,6900.0
1.2438,21.556,21.556,390.437,390.437,6900.0
1.2439,22.36,22.36,390.152,390.152,6900.0
1.244,23.422,23.422,389.884,389.884,6900.0
1.2441,24.777,24.777,389.647,389.647,6900.0
1.2442,25.895,25.895,389.459,389.459,6900.0
1.2443,27.002,27.002,389.322,389.322,6900.0
1.2444,27.916,27.916,389.23,389.23,6900.0
1.2445,28.982,28.982,389.177,389.177,6900.0
1.2446,29.958,29.958,389.169,389.169,6900.0
1.2447,31.062,31.062,389.202,389.202,6900.0
1.2448,31.998,31.998,389.283,389.283,6900.0
1.2449,32.838,32.838,389.41,389.41,6900.0
1.245,33.802,33.802,389.585,389.585,6900.0
1.2451,34.523,34.523,389.808,389.808,6900.0
1.2452,35.298,35.298,390.061,390.061,6900.0
1.2453,36.114,36.114,390.342,390.342,6900.0
1.2454,36.775,36.775,390.664,390.664,6900.0
1.2455,37.753,37.753,391.026,391.026,6900.0
1.2456,38.425,38.425,391.443,391.443,6900.0
1.2457,38.969,38.969,391.884,391.884,6900.0
1.2458,39.547,39.547,392.344,392.344,6900.0
1.2459,40.136,40.136,392.839,392.839,6900.0
1.246,40.841,40.841,393.37,393.37,6900.0
1.2461,41.016,41.016,393.957,393.957,6900.0
1.2462,41.14,41.14,394.552,394.552,6900.0
1.2463,41.68,41.68,395.149,395.149,6900.0
1.2464,41.754,41.754,395.777,395.777,6900.0
1.2465,42.057,42.057,396.408,396.408,6900.0
1.2466,42.131,42.131,397.071,397.071,6900.0
1.2467,42.164,42.164,397.729,397.729,6900.0
1.2468,42.477,42.477,398.385,398.385,6900.0
1.2469,42.346,42.346,399.057,399.057,6900.0
1.247,42.422,42.422,399.712,399.712,6900.0
1.2471,42.34,42.34,400.386,400.386,6900.0
1.2472,42.133,42.133,401.051,401.051,6900.0
1.2473,42.018,42.018,401.714,401.714,6900.0
1.2474,41.638,41.638,402.376,402.376,6900.0
1.2475,41.28,41.28,403.008,403.008,6900.0
1.2476,41.256,41.256,403.628,403.628,6900.0
1.2477,40.858,40.858,404.24,404.24,6900.0
1.2478,40.704,40.704,404.836,404.836,6900.0
1.2479,40.109,40.109,405.422,405.422,6900.0
1.248,39.544,39.544,405.965,405.965,6900.0
1.2481,39.267,39.267,406.475,406.475,6900.0
1.2482,38.676,38.676,406.963,406.963,6900.0
1.2483,38.371,38.371,407.431,407.431,6900.0
1.2484,37.709,37.709,407.879,407.879,6900.0
1.2485,36.98,36.98,408.289,408.289,6900.0
1.2486,36.498,36.498,408.657,408.657,6900.0
1.2487,35.761,35.761,408.998,408.998,6900.0
1.2488,34.925,34.925,409.314,409.314,6900.0
1.2489,34.068,34.068,409.594,409.594,6900.0
1.249,33.257,33.257,409.832,409.832,6900.0
1.2491,32.347,32.347,410.028,410.028,6900.0
1.2492,31.511,31.511,410.182,410.182,6900.0
1.2493,30.595,30.595,410.293,410.293,6900.0
1.2494,29.779,29.779,410.364,410.364,6900.0
1.2495,29.045,29.045,410.398,410.398,6900.0
1.2496,27.722,27.722,410.406,410.406,6900.0
1.2497,26.634,26.634,410.358,410.358,6900.0
1.2498,25.737,25.737,410.254,410.254,6900.0
1.2499,24.805,24.805,410.112,410.112,6900.0
1.25,24.0,24.0,409.944,409.944,6900.0
1.2501,22.992,22.992,409.758,409.758,6900.0
1.2502,21.5,21.5,409.534,409.534,6900.0
1.2503,20.22,20.22,409.244,409.244,6900.0
1.2504,19.334,19.334,408.91,408.91,6900.0
1.2505,18.595,18.595,408.552,408.552,6900.0
1.2506,17.599,17.599,408.183,408.183,6900.0
1.2507,16.055,16.055,407.788,407.788,6900.0
1.2508,14.545,14.545,407.343,407.343,6900.0
1.2509,13.52,13.52,406.862,406.862,6900.0
1.251,12.344,12.344,406.355,406.355,6900.0
1.2511,11.292,11.292,405.83,405.83,6900.0
1.2512,9.798,9.798,405.282,405.282,6900.0
1.2513,8.306,8.306,404.705,404.705,6900.0
1.2514,7.102,7.102,404.106,404.106,6900.0
1.2515,5.86,5.86,403.489,403.489,6900.0
1.2516,4.616,4.616,402.86,402.86,6900.0
1.2517,3.214,3.214,402.219,402.219,6900.0
1.2518,1.748,1.748,401.567,401.567,6900.0
1.2519,0.624,0.624,400.909,400.909,6900.0
1.252,0.552,0.552,400.246,400.246,6900.0
1.2521,0.0,0.0,399.583,399.583,6900.0
1.2522,-1.761,-1.761,398.918,398.918,6900.0
1.2523,-2.817,-2.817,398.254,398.254,6900.0
1.2524,-3.528,-3.528,397.595,397.595,6900.0
1.2525,-4.465,-4.465,396.94,396.94,6900.0
1.2526,-5.727,-5.727,396.295,396.295,6900.0
1.2527,-6.773,-6.773,395.664,395.664,6900.0
1.2528,-7.917,-7.917,395.041,395.041,6900.0
1.2529,-9.627,-9.627,394.431,394.431,6900.0
1.253,-11.605,-11.113,393.845,393.845,6900.0
1.2531,-12.392,-12.392,393.289,393.289,6900.0
1.2532,-13.386,-13.386,392.76,392.76,6900.0
1.2533,-14.353,-14.353,392.243,392.243,6900.0
1.2534,-15.836,-15.836,391.742,391.742,6900.0
1.2535,-17.492,-17.492,391.277,391.277,6900.0
1.2536,-19.074,-19.074,390.868,390.868,6900.0
1.2537,-20.073,-20.073,390.512,390.512,6900.0
1.2538,-21.283,-21.283,390.175,390.175,6900.0
1.2539,-22.58,-22.58,389.867,389.867,6900.0
1.254,-23.919,-23.919,389.599,389.599,6900.0
1.2541,-25.081,-25.081,389.383,389.383,6900.0
1.2542,-26.026,-26.026,389.213,389.213,6900.0
1.2543,-27.071,-27.071,389.079,389.079,6900.0
1.2544,-28.246,-28.246,388.981,388.981,6900.0
1.2545,-29.274,-29.274,388.929,388.929,6900.0
1.2546,-30.492,-30.492,388.921,388.921,6900.0
1.2547,-31.631,-31.631,388.965,388.965,6900.0
1.2548,-32.531,-32.531,389.065,389.065,6900.0
1.2549,-33.502,-33.502,389.213,389.213,6900.0
1.255,-34.268,-34.268,389.405,389.405,6900.0
1.2551,-35.08,-35.08,389.627,389.627,6900.0
1.2552,-36.082,-36.082,389.887,389.887,6900.0
1.2553,-36.869,-36.869,390.193,390.193,6900.0
1.2554,-37.62,-37.62,390.55,390.55,6900.0
1.2555,-38.191,-38.191,390.944,390.944,6900.0
1.2556,-38.747,-38.747,391.356,391.356,6900.0
1.2557,-39.527,-39.527,391.798,391.798,6900.0
1.2558,-40.095,-40.095,392.276,392.276,6900.0
1.2559,-40.593,-40.593,392.808,392.808,6900.0
1.256,-40.856,-40.856,393.371,393.371,6900.0
1.2561,-41.194,-41.194,393.938,393.938,6900.0
1.2562,-41.64,-41.64,394.534,394.534,6900.0
1.2563,-41.765,-41.765,395.15,395.15,6900.0
1.2564,-42.093,-42.093,395.79,395.79,6900.0
1.2565,-42.193,-42.193,396.448,396.448,6900.0
1.2566,-42.24,-42.24,397.098,397.098,6900.0
1.2567,-42.436,-42.436,397.757,397.757,6900.0
1.2568,-42.374,-42.374,398.416,398.416,6900.0
1.2569,-42.716,-42.716,399.076,399.076,6900.0
1.257,-42.614,-42.614,399.757,399.757,6900.0
1.2571,-42.647,-42.647,400.424,400.424,6900.0
1.2572,-42.565,-42.565,401.104,401.104,6900.0
1.2573,-42.261,-42.261,401.776,401.776,6900.0
1.2574,-42.138,-42.138,402.429,402.429,6900.0
1.2575,-41.8,-41.8,403.086,403.086,6900.0
1.2576,-41.672,-41.672,403.72,403.72,6900.0
1.2577,-41.364,-41.364,404.358,404.358,6900.0
1.2578,-40.911,-40.911,404.969,404.969,6900.0
1.2579,-40.591,-40.591,405.541,405.541,6900.0
1.258,-40.142,-40.142,406.096,406.096,6900.0
1.2581,-39.77,-39.77,406.623,406.623,6900.0
1.2582,-39.019,-39.019,407.141,407.141,6900.0
1.2583,-38.328,-38.328,407.62,407.62,6900.0
1.2584,-37.654,-37.654,408.053,408.053,6900.0
1.2585,-37.042,-37.042,408.456,408.456,6900.0
1.2586,-36.459,-36.459,408.829,408.829,6900.0
1.2587,-35.84,-35.84,409.18,409.18,6900.0
1.2588,-35.038,-35.038,409.497,409.497,6900.0
1.2589,-34.172,-34.172,409.773,409.773,6900.0
1.259,-33.359,-33.359,410.007,410.007,6900.0
1.2591,-32.584,-32.584,410.201,410.201,6900.0
1.2592,-31.694,-31.694,410.36,410.36,6900.0
1.2593,-30.693,-30.693,410.48,410.48,6900.0
1.2594,-29.931,-29.931,410.56,410.56,6900.0
1.2595,-28.948,-28.948,410.6,410.6,6900.0
1.2596,-27.943,-27.943,410.592,410.592,6900.0
1.2597,-26.993,-26.993,410.534,410.534,6900.0
1.2598,-26.047,-26.047,410.441,410.441,6900.0
1.2599,-25.206,-25.206,410.321,410.321,6900.0
1.26,-23.996,-23.996,410.174,410.174,6900.0
1.2601,-22.602,-22.602,409.973,409.973,6900.0
1.2602,-21.697,-21.697,409.715,409.715,6900.0
1.2603,-20.698,-20.698,409.429,409.429,6900.0
1.2604,-19.961,-19.961,409.127,409.127,6900.0
1.2605,-18.53,-18.53,408.81,408.81,6900.0
1.2606,-16.804,-16.804,408.443,408.443,6900.0
1.2607,-15.662,-15.662,408.022,408.022,6900.0
1.2608,-14.582,-14.582,407.566,407.566,6900.0
1.2609,-13.851,-13.851,407.083,407.083,6900.0
1.261,-12.431,-12.431,406.584,406.584,6900.0
1.2611,-11.11,-11.11,406.051,406.051,6900.0
1.2612,-10.067,-10.067,405.488,405.488,6900.0
1.2613,-8.79,-8.79,404.909,404.909,6900.0
1.2614,-7.626,-7.626,404.312,404.312,6900.0
1.2615,-6.191,-6.191,403.702,403.702,6900.0
1.2616,-4.632,-4.632,403.077,403.077,6900.0
1.2617,-3.248,-3.248,402.438,402.438,6900.0
1.2618,-2.015,-2.015,401.788,401.788,6900.0
1.2619,-0.982,-0.982,401.131,401.131,6900.0
1.262,-0.805,-0.805,400.47,400.47,6900.0
1.2621,-0.0,-0.0,399.806,399.806,6900.0
1.2622,1.775,1.775,399.142,399.142,6900.0
1.2623,2.023,2.023,398.48,398.48,6900.0
1.2624,3.221,3.221,397.821,397.821,6900.0
1.2625,4.15,4.15,397.17,397.17,6900.0
1.2626,5.242,5.242,396.525,396.525,6900.0
1.2627,6.756,6.756,395.888,395.888,6900.0
1.2628,8.048,8.048,395.265,395.265,6900.0
1.2629,9.655,9.655,394.657,394.657,6900.0
1.263,10.909,10.909,394.076,394.076,6900.0
1.2631,12.463,11.973,393.511,393.511,6900.0
1.2632,13.439,13.439,392.955,392.955,6900.0
1.2633,15.006,15.006,392.43,392.43,6900.0
1.2634,16.628,16.628,391.944,391.944,6900.0
1.2635,17.817,17.817,391.516,391.516,6900.0
1.2636,18.713,18.713,391.12,391.12,6900.0
1.2637,19.856,19.856,390.738,390.738,6900.0
1.2638,21.222,21.222,390.387,390.387,6900.0
1.2639,22.736,22.736,390.082,390.082,6900.0
1.264,23.817,23.817,389.836,389.836,6900.0
1.2641,24.891,24.891,389.628,389.628,6900.0
1.2642,25.935,25.935,389.45,389.45,6900.0
1.2643,27.004,27.004,389.308,389.308,6900.0
1.2644,28.114,28.114,389.208,389.208,6900.0
1.2645,29.236,29.236,389.156,389.156,6900.0
1.2646,30.142,30.142,389.156,389.156,6900.0
1.2647,31.028,31.028,389.202,389.202,6900.0
1.2648,31.945,31.945,389.293,389.293,6900.0
1.2649,32.801,32.801,389.423,389.423,6900.0
1.265,33.814,33.814,389.587,389.587,6900.0
1.2651,34.667,34.667,389.8,389.8,6900.0
1.2652,35.697,35.697,390.06,390.06,6900.0
1.2653,36.402,36.402,390.371,390.371,6900.0
1.2654,37.082,37.082,390.71,390.71,6900.0
1.2655,38.026,38.026,391.069,391.069,6900.0
1.2656,38.459,38.459,391.478,391.478,6900.0
1.2657,39.326,39.326,391.921,391.921,6900.0
1.2658,39.707,39.707,392.419,392.419,6900.0
1.2659,40.109,40.109,392.934,392.934,6900.0
1.266,40.669,40.669,393.465,393.465,6900.0
1.2661,40.846,40.846,394.03,394.03,6900.0
1.2662,41.299,41.299,394.612,394.612,6900.0
1.2663,41.523,41.523,395.235,395.235,6900.0
1.2664,41.606,41.606,395.863,395.863,6900.0
1.2665,41.955,41.955,396.49,396.49,6900.0
1.2666,42.095,42.095,397.137,397.137,6900.0
1.2667,42.391,42.391,397.778,397.778,6900.0
1.2668,42.325,42.325,398.451,398.451,6900.0
1.2669,42.251,42.251,399.116,399.116,6900.0
1.267,42.457,42.457,399.78,399.78,6900.0
1.2671,42.433,42.433,400.455,400.455,6900.0
1.2672,42.348,42.348,401.116,401.116,6900.0
1.2673,42.301,42.301,401.786,401.786,6900.0
1.2674,41.917,41.917,402.449,402.449,6900.0
1.2675,41.745,41.745,403.102,403.102,6900.0
1.2676,41.269,41.269,403.749,403.749,6900.0
1.2677,40.898,40.898,404.358,404.358,6900.0
1.2678,40.825,40.825,404.945,404.945,6900.0
1.2679,40.403,40.403,405.516,405.516,6900.0
1.268,40.258,40.258,406.072,406.072,6900.0
1.2681,39.451,39.451,406.616,406.616,6900.0
1.2682,38.728,38.728,407.111,407.111,6900.0
1.2683,38.218,38.218,407.571,407.571,6900.0
1.2684,37.655,37.655,408.002,408.002,6900.0
1.2685,37.207,37.207,408.414,408.414,6900.0
1.2686,36.334,36.334,408.805,408.805,6900.0
1.2687,35.471,35.471,409.153,409.153,6900.0
1.2688,34.739,34.739,409.454,409.454,6900.0
1.2689,33.904,33.904,409.719,409.719,6900.0
1.269,33.309,33.309,409.947,409.947,6900.0
1.2691,32.463,32.463,410.144,410.144,6900.0
1.2692,31.628,31.628,410.301,410.301,6900.0
1.2693,30.669,30.669,410.419,410.419,6900.0
1.2694,29.754,29.754,410.49,410.49,6900.0
1.2695,28.75,28.75,410.513,410.513,6900.0
1.2696,27.775,27.775,410.495,410.495,6900.0
1.2697,26.901,26.901,410.443,410.443,6900.0
1.2698,25.895,25.895,410.367,410.367,6900.0
1.2699,24.751,24.751,410.248,410.248,6900.0
1.27,23.781,23.781,410.071,410.071,6900.0
1.2701,23.023,23.023,409.856,409.856,6900.0
1.2702,22.116,22.116,409.62,409.62,6900.0
1.2703,20.999,20.999,409.37,409.37,6900.0
1.2704,19.385,19.385,409.08,409.08,6900.0
1.2705,17.933,17.933,408.724,408.724,6900.0
1.2706,16.949,16.949,408.323,408.323,6900.0
1.2707,15.843,15.843,407.891,407.891,6900.0
1.2708,14.825,14.825,407.442,407.442,6900.0
1.2709,13.346,13.346,406.967,406.967,6900.0
1.271,12.036,12.036,406.454,406.454,6900.0
1.2711,11.097,11.097,405.916,405.916,6900.0
1.2712,9.983,9.983,405.359,405.359,6900.0
1.2713,8.663,8.663,404.789,404.789,6900.0
1.2714,7.102,7.102,404.2,404.2,6900.0
1.2715,5.592,5.592,403.589,403.589,6900.0
1.2716,4.293,4.293,402.961,402.961,6900.0
1.2717,3.045,3.045,402.319,402.319,6900.0
1.2718,1.586,1.586,401.667,401.667,6900.0
1.2719,0.505,0.505,401.008,401.008,6900.0
1.272,0.0,0.0,400.346,400.346,6900.0
1.2721,0.0,0.0,399.683,399.683,6900.0
1.2722,-2.367,-2.367,399.018,399.018,6900.0
1.2723,-2.314,-2.314,398.359,398.359,6900.0
1.2724,-3.218,-3.218,397.7,397.7,6900.0
1.2725,-4.334,-4.334,397.045,397.045,6900.0
1.2726,-5.751,-5.751,396.397,396.397,6900.0
1.2727,-7.086,-7.086,395.759,395.759,6900.0
1.2728,-8.369,-8.369,395.139,395.139,6900.0
1.2729,-9.454,-9.454,394.537,394.537,6900.0
1.273,-10.536,-10.536,393.945,393.945,6900.0
1.2731,-12.138,-12.138,393.37,393.37,6900.0
1.2732,-13.717,-13.717,392.826,392.826,6900.0
1.2733,-15.161,-15.161,392.325,392.325,6900.0
1.2734,-16.119,-16.119,391.866,391.866,6900.0
1.2735,-17.12,-17.12,391.42,391.42,6900.0
1.2736,-18.59,-18.59,390.991,390.991,6900.0
1.2737,-20.092,-20.092,390.602,390.602,6900.0
1.2738,-21.654,-21.654,390.266,390.266,6900.0
1.2739,-22.716,-22.716,389.983,389.983,6900.0
1.274,-23.625,-23.625,389.729,389.729,6900.0
1.2741,-24.846,-24.846,389.499,389.499,6900.0
1.2742,-26.042,-26.042,389.31,389.31,6900.0
1.2743,-27.245,-27.245,389.17,389.17,6900.0
1.2744,-28.416,-28.416,389.081,389.081,6900.0
1.2745,-29.42,-29.42,389.043,389.043,6900.0
1.2746,-30.574,-30.574,389.049,389.049,6900.0
1.2747,-31.414,-31.414,389.106,389.106,6900.0
1.2748,-32.46,-32.46,389.199,389.199,6900.0
1.2749,-33.566,-33.566,389.339,389.339,6900.0
1.275,-34.533,-34.533,389.528,389.528,6900.0
1.2751,-35.253,-35.253,389.771,389.771,6900.0
1.2752,-35.883,-35.883,390.048,390.048,6900.0
1.2753,-36.57,-36.57,390.346,390.346,6900.0
1.2754,-37.52,-37.52,390.679,390.679,6900.0
1.2755,-38.444,-38.444,391.052,391.052,6900.0
1.2756,-39.184,-39.184,391.488,391.488,6900.0
1.2757,-39.566,-39.566,391.962,391.962,6900.0
1.2758,-39.945,-39.945,392.45,392.45,6900.0
1.2759,-40.603,-40.603,392.964,392.964,6900.0
1.276,-41.068,-41.068,393.51,393.51,6900.0
1.2761,-41.595,-41.595,394.101,394.101,6900.0
1.2762,-41.633,-41.633,394.724,394.724,6900.0
1.2763,-41.954,-41.954,395.336,395.336,6900.0
1.2764,-42.183,-42.183,395.973,395.973,6900.0
1.2765,-42.426,-42.426,396.614,396.614,6900.0
1.2766,-42.698,-42.698,397.276,397.276,6900.0
1.2767,-42.652,-42.652,397.955,397.955,6900.0
1.2768,-42.688,-42.688,398.621,398.621,6900.0
1.2769,-42.77,-42.77,399.3,399.3,6900.0
1.277,-42.527,-42.527,399.977,399.977,6900.0
1.2771,-42.756,-42.756,400.646,400.646,6900.0
1.2772,-42.55,-42.422,401.335,401.335,6900.0
1.2773,-42.264,-42.264,402.003,402.003,6900.0
1.2774,-42.126,-42.126,402.678,402.678,6900.0
1.2775,-41.697,-41.697,403.338,403.338,6900.0
1.2776,-41.537,-41.537,403.964,403.964,6900.0
1.2777,-41.141,-41.141,404.584,404.584,6900.0
1.2778,-40.896,-40.896,405.174,405.174,6900.0
1.2779,-40.559,-40.559,405.759,405.759,6900.0
1.278,-40.017,-40.017,406.315,406.315,6900.0
1.2781,-39.314,-39.314,406.831,406.831,6900.0
1.2782,-38.739,-38.739,407.319,407.319,6900.0
1.2783,-38.264,-38.264,407.78,407.78,6900.0
1.2784,-37.658,-37.658,408.229,408.229,6900.0
1.2785,-36.885,-36.885,408.648,408.648,6900.0
1.2786,-36.332,-36.332,409.021,409.021,6900.0
1.2787,-35.612,-35.612,409.364,409.364,6900.0
1.2788,-34.904,-34.904,409.671,409.671,6900.0
1.2789,-34.156,-34.156,409.945,409.945,6900.0
1.279,-33.263,-33.263,410.183,410.183,6900.0
1.2791,-32.452,-32.452,410.375,410.375,6900.0
1.2792,-31.579,-31.579,410.526,410.526,6900.0
1.2793,-30.754,-30.754,410.631,410.631,6900.0
1.2794,-29.858,-29.858,410.695,410.695,6900.0
1.2795,-29.028,-29.028,410.721,410.721,6900.0
1.2796,-28.105,-28.105,410.72,410.72,6900.0
1.2797,-26.911,-26.911,410.685,410.685,6900.0
1.2798,-25.775,-25.775,410.596,410.596,6900.0
1.2799,-24.758,-24.758,410.457,410.457,6900.0
1.28,-23.815,-23.815,410.284,410.284,6900.0
1.2801,-23.128,-23.128,410.088,410.088,6900.0
1.2802,-21.672,-21.672,409.874,409.874,6900.0
1.2803,-20.006,-20.006,409.598,409.598,6900.0
1.2804,-18.959,-18.959,409.259,409.259,6900.0
1.2805,-18.241,-18.241,408.884,408.884,6900.0
1.2806,-17.369,-17.369,408.493,408.493,6900.0
1.2807,-16.004,-16.004,408.086,408.086,6900.0
1.2808,-14.439,-14.439,407.641,407.641,6900.0
1.2809,-13.529,-13.529,407.156,407.156,6900.0
1.281,-12.275,-12.275,406.65,406.65,6900.0
1.2811,-11.243,-11.243,406.122,406.122,6900.0
1.2812,-9.852,-9.852,405.578,405.578,6900.0
1.2813,-8.293,-8.293,405.007,405.007,6900.0
1.2814,-6.928,-6.928,404.409,404.409,6900.0
1.2815,-5.587,-5.587,403.794,403.794,6900.0
1.2816,-4.617,-4.617,403.162,403.162,6900.0
1.2817,-3.366,-3.366,402.521,402.521,6900.0
1.2818,-1.93,-1.93,401.87,401.87,6900.0
1.2819,-0.747,-0.747,401.212,401.212,6900.0
1.282,-0.0,-0.0,400.55,400.55,6900.0
1.2821,-0.0,-0.0,399.887,399.887,6900.0
1.2822,0.976,0.976,399.224,399.224,6900.0
1.2823,2.108,2.108,398.561,398.561,6900.0
1.2824,2.754,2.754,397.9,397.9,6900.0
1.2825,3.867,3.867,397.243,397.243,6900.0
1.2826,5.41,5.41,396.594,396.594,6900.0
1.2827,6.631,6.631,395.961,395.961,6900.0
1.2828,7.754,7.754,395.339,395.339,6900.0
1.2829,9.246,9.246,394.727,394.727,6900.0
1.283,10.758,10.758,394.137,394.137,6900.0
1.2831,12.39,12.39,393.574,393.574,6900.0
1.2832,13.566,13.566,393.05,393.05,6900.0
1.2833,14.701,14.701,392.547,392.547,6900.0
1.2834,16.109,16.109,392.056,392.056,6900.0
1.2835,17.711,17.711,391.595,391.595,6900.0
1.2836,19.273,19.273,391.183,391.183,6900.0
1.2837,20.558,20.558,390.832,390.832,6900.0
1.2838,21.314,21.314,390.52,390.52,6900.0
1.2839,22.381,22.381,390.221,390.221,6900.0
1.284,23.644,23.644,389.951,389.951,6900.0
1.2841,25.09,25.09,389.723,389.723,6900.0
1.2842,26.091,26.091,389.551,389.551,6900.0
1.2843,27.217,27.217,389.417,389.417,6900.0
1.2844,28.173,28.173,389.323,389.323,6900.0
1.2845,29.214,29.214,389.269,389.269,6900.0
1.2846,30.232,30.232,389.261,389.261,6900.0
1.2847,31.206,31.206,389.302,389.302,6900.0
1.2848,32.038,32.038,389.395,389.395,6900.0
1.2849,33.051,33.051,389.537,389.537,6900.0
1.285,33.894,33.894,389.731,389.731,6900.0
1.2851,34.557,34.557,389.96,389.96,6900.0
1.2852,35.398,35.398,390.211,390.211,6900.0
1.2853,36.267,36.267,390.498,390.498,6900.0
1.2854,37.328,37.328,390.831,390.831,6900.0
1.2855,37.896,37.896,391.214,391.214,6900.0
1.2856,38.417,38.417,391.618,391.618,6900.0
1.2857,39.201,39.201,392.04,392.04,6900.0
1.2858,39.641,39.641,392.506,392.506,6900.0
1.2859,40.253,40.253,393.011,393.011,6900.0
1.286,40.601,40.601,393.568,393.568,6900.0
1.2861,40.77,40.77,394.147,394.147,6900.0
1.2862,41.297,41.297,394.732,394.732,6900.0
1.2863,41.46,41.46,395.35,395.35,6900.0
1.2864,41.878,41.878,395.972,395.972,6900.0
1.2865,41.923,41.923,396.629,396.629,6900.0
1.2866,41.81,41.81,397.278,397.278,6900.0
1.2867,42.147,42.147,397.914,397.914,6900.0
1.2868,42.248,42.248,398.564,398.564,6900.0
1.2869,42.451,42.451,399.204,399.204,6900.0
1.287,42.56,42.56,399.869,399.869,6900.0
1.2871,42.174,42.174,400.538,400.538,6900.0
1.2872,42.282,42.282,401.2,401.2,6900.0
1.2873,41.988,41.988,401.876,401.876,6900.0
1.2874,41.767,41.767,402.527,402.527,6900.0
1.2875,41.522,41.522,403.178,403.178,6900.0
1.2876,41.1,41.1,403.812,403.812,6900.0
1.2877,40.933,40.933,404.43,404.43,6900.0
1.2878,40.421,40.421,405.037,405.037,6900.0
1.2879,39.958,39.958,405.598,405.598,6900.0
1.288,39.777,39.777,406.128,406.128,6900.0
1.2881,39.163,39.163,406.637,406.637,6900.0
1.2882,38.811,38.811,407.125,407.125,6900.0
1.2883,38.195,38.195,407.596,407.596,6900.0
1.2884,37.421,37.421,408.03,408.03,6900.0
1.2885,37.025,37.025,408.422,408.422,6900.0
1.2886,36.267,36.267,408.795,408.795,6900.0
1.2887,35.695,35.695,409.14,409.14,6900.0
1.2888,34.956,34.956,409.458,409.458,6900.0
1.2889,34.093,34.093,409.738,409.738,6900.0
1.289,33.204,33.204,409.974,409.974,6900.0
1.2891,32.372,32.372,410.165,410.165,6900.0
1.2892,31.372,31.372,410.315,410.315,6900.0
1.2893,30.49,30.49,410.421,410.421,6900.0
1.2894,29.664,29.664,410.489,410.489,6900.0
1.2895,28.747,28.747,410.522,410.522,6900.0
1.2896,27.536,27.536,410.511,410.511,6900.0
1.2897,26.49,26.49,410.444,410.444,6900.0
1.2898,25.534,25.534,410.336,410.336,6900.0
1.2899,24.693,24.693,410.198,410.198,6900.0
1.29,23.668,23.668,410.044,410.044,6900.0
1.2901,22.366,22.366,409.847,409.847,6900.0
1.2902,21.158,21.158,409.589,409.589,6900.0
1.2903,20.246,20.246,409.287,409.287,6900.0
1.2904,19.479,19.479,408.96,408.96,6900.0
1.2905,18.453,18.453,408.623,408.623,6900.0
1.2906,17.049,17.049,408.256,408.256,6900.0
1.2907,15.691,15.691,407.837,407.837,6900.0
1.2908,14.501,14.501,407.382,407.382,6900.0
1.2909,13.458,13.458,406.896,406.896,6900.0
1.291,12.21,12.21,406.393,406.393,6900.0
1.2911,10.862,10.862,405.864,405.864,6900.0
1.2912,9.575,9.575,405.304,405.304,6900.0
1.2913,8.462,8.462,404.722,404.722,6900.0
1.2914,7.094,7.094,404.122,404.122,6900.0
1.2915,5.812,5.812,403.506,403.506,6900.0
1.2916,4.425,4.425,402.877,402.877,6900.0
1.2917,2.955,2.955,402.235,402.235,6900.0
1.2918,1.568,1.568,401.583,401.583,6900.0
1.2919,0.486,0.486,400.924,400.924,6900.0
1.292,0.0,0.0,400.262,400.262,6900.0
1.2921,0.0,0.0,399.598,399.598,6900.0
1.2922,-1.719,-1.719,398.933,398.933,6900.0
1.2923,-2.17,-2.17,398.271,398.271,6900.0
1.2924,-3.276,-3.276,397.611,397.611,6900.0
1.2925,-4.56,-4.56,396.959,396.959,6900.0
1.2926,-5.714,-5.714,396.317,396.317,6900.0
1.2927,-6.939,-6.939,395.682,395.682,6900.0
1.2928,-8.292,-8.292,395.061,395.061,6900.0
1.2929,-9.66,-9.66,394.455,394.455,6900.0
1.293,-11.226,-11.226,393.875,393.875,6900.0
1.2931,-12.105,-12.105,393.323,393.323,6900.0
1.2932,-13.256,-13.256,392.779,392.779,6900.0
1.2933,-14.934,-14.934,392.253,392.253,6900.0
1.2934,-16.433,-16.433,391.764,391.764,6900.0
1.2935,-17.885,-17.885,391.326,391.326,6900.0
1.2936,-18.761,-18.761,390.936,390.936,6900.0
1.2937,-19.622,-19.622,390.563,390.563,6900.0
1.2938,-21.169,-21.169,390.209,390.209,6900.0
1.2939,-22.683,-22.683,389.898,389.898,6900.0
1.294,-24.023,-24.023,389.643,389.643,6900.0
1.2941,-25.068,-25.068,389.437,389.437,6900.0
1.2942,-25.994,-25.994,389.269,389.269,6900.0
1.2943,-27.198,-27.198,389.13,389.13,6900.0
1.2944,-28.342,-28.342,389.038,389.038,6900.0
1.2945,-29.361,-29.361,388.992,388.992,6900.0
1.2946,-30.682,-30.682,388.994,388.994,6900.0
1.2947,-31.59,-31.59,389.053,389.053,6900.0
1.2948,-32.514,-32.514,389.158,389.158,6900.0
1.2949,-33.433,-33.433,389.307,389.307,6900.0
1.295,-34.186,-34.186,389.491,389.491,6900.0
1.2951,-35.31,-35.31,389.71,389.71,6900.0
1.2952,-36.309,-36.309,389.979,389.979,6900.0
1.2953,-36.952,-36.952,390.308,390.308,6900.0
1.2954,-37.463,-37.463,390.667,390.667,6900.0
1.2955,-38.048,-38.048,391.044,391.044,6900.0
1.2956,-38.791,-38.791,391.454,391.454,6900.0
1.2957,-39.566,-39.566,391.899,391.899,6900.0
1.2958,-40.045,-40.045,392.407,392.407,6900.0
1.2959,-40.316,-40.316,392.945,392.945,6900.0
1.296,-40.663,-40.663,393.488,393.488,6900.0
1.2961,-41.257,-41.257,394.056,394.056,6900.0
1.2962,-41.539,-41.539,394.648,394.648,6900.0
1.2963,-42.019,-42.019,395.271,395.271,6900.0
1.2964,-42.136,-42.136,395.919,395.919,6900.0
1.2965,-42.389,-42.389,396.556,396.556,6900.0
1.2966,-42.516,-42.516,397.214,397.214,6900.0
1.2967,-42.334,-42.334,397.872,397.872,6900.0
1.2968,-42.709,-42.709,398.531,398.531,6900.0
1.2969,-42.571,-42.571,399.216,399.216,6900.0
1.297,-42.658,-42.658,399.887,399.887,6900.0
1.2971,-42.519,-42.519,400.575,400.575,6900.0
1.2972,-42.184,-42.184,401.253,401.253,6900.0
1.2973,-42.26,-42.26,401.912,401.912,6900.0
1.2974,-41.956,-41.956,402.58,402.58,6900.0
1.2975,-41.672,-41.672,403.226,403.226,6900.0
1.2976,-41.387,-41.387,403.87,403.87,6900.0
1.2977,-40.955,-40.955,404.489,404.489,6900.0
1.2978,-40.692,-40.692,405.07,405.07,6900.0
1.2979,-40.148,-40.148,405.639,405.639,6900.0
1.298,-39.828,-39.828,406.174,406.174,6900.0
1.2981,-39.381,-39.381,406.7,406.7,6900.0
1.2982,-38.848,-38.848,407.198,407.198,6900.0
1.2983,-38.348,-38.348,407.655,407.655,6900.0
1.2984,-37.585,-37.585,408.091,408.091,6900.0
1.2985,-36.996,-36.996,408.495,408.495,6900.0
1.2986,-36.305,-36.305,408.88,408.88,6900.0
1.2987,-35.509,-35.509,409.23,409.23,6900.0
1.2988,-34.773,-34.773,409.534,409.534,6900.0
1.2989,-33.994,-33.994,409.802,409.802,6900.0
1.299,-33.214,-33.214,410.029,410.029,6900.0
1.2991,-32.412,-32.412,410.219,410.219,6900.0
1.2992,-31.591,-31.591,410.37,410.37,6900.0
1.2993,-30.632,-30.632,410.485,410.485,6900.0
1.2994,-29.682,-29.682,410.553,410.553,6900.0
1.2995,-28.601,-28.601,410.577,410.577,6900.0
1.2996,-27.603,-27.603,410.551,410.551,6900.0
1.2997,-26.882,-26.882,410.489,410.489,6900.0
1.2998,-25.975,-25.975,410.406,410.406,6900.0
1.2999,-24.664,-24.664,410.294,410.294,6900.0
