t,Iac_real,Iac_int,Vdc_real,Vdc_int,P_charge
0.6,-21.811,-21.811,410.23,410.23,
0.6001,-20.911,-20.911,409.954,409.954,6900.0
0.6002,-20.008,-20.008,409.642,409.642,6900.0
0.6003,-18.977,-18.977,409.306,409.306,6900.0
0.6004,-17.58,-17.58,408.948,408.948,6900.0
0.6005,-16.125,-16.125,408.547,408.547,6900.0
0.6006,-15.33,-15.33,408.104,408.104,6900.0
0.6007,-14.144,-14.144,407.64,407.64,6900.0
0.6008,-13.173,-13.173,407.152,407.152,6900.0
0.6009,-11.707,-11.707,406.647,406.647,6900.0
0.601,-10.289,-10.289,406.112,406.112,6900.0
0.6011,-9.029,-9.029,405.55,405.55,6900.0
0.6012,-7.797,-7.797,404.965,404.965,6900.0
0.6013,-6.633,-6.633,404.36,404.36,6900.0
0.6014,-5.456,-5.456,403.74,403.74,6900.0
0.6015,-4.159,-4.159,403.106,403.106,6900.0
0.6016,-2.743,-2.743,402.461,402.461,6900.0
0.6017,-1.438,-1.438,401.807,401.807,6900.0
0.6018,-1.324,-1.324,401.148,401.148,6900.0
0.6019,-0.0,-0.0,400.486,400.486,6900.0
0.602,0.557,0.557,399.823,399.823,6900.0
0.6021,2.321,2.321,399.158,399.158,6900.0
0.6022,2.172,2.172,398.498,398.498,6900.0
0.6023,3.485,3.485,397.839,397.839,6900.0
0.6024,4.633,4.633,397.189,397.189,6900.0
0.6025,5.593,5.593,396.547,396.547,6900.0
0.6026,7.183,7.183,395.911,395.911,6900.0
0.6027,8.685,8.685,395.293,395.293,6900.0
0.6028,10.224,10.224,394.698,394.698,6900.0
0.6029,11.505,11.505,394.134,394.134,6900.0
0.603,12.346,12.346,393.589,393.589,6900.0
0.6031,13.6,13.6,393.051,393.051,6900.0
0.6032,15.201,15.201,392.535,392.535,6900.0
0.6033,16.966,16.966,392.06,392.06,6900.0
0.6034,18.283,18.283,391.639,391.639,6900.0
0.6035,19.274,19.274,391.254,391.254,6900.0
0.6036,20.392,20.392,390.892,390.892,6900.0
0.6037,21.679,21.679,390.564,390.564,6900.0
0.6038,22.919,22.919,390.277,390.277,6900.0
0.6039,24.128,24.128,390.038,390.038,6900.0
0.604,25.171,25.171,389.843,389.843,6900.0
0.6041,26.214,26.214,389.685,389.685,6900.0
0.6042,27.337,27.337,389.565,389.565,6900.0
0.6043,28.333,28.333,389.485,389.485,6900.0
0.6044,29.341,29.341,389.442,389.442,6900.0
0.6045,30.436,30.436,389.443,389.443,6900.0
0.6046,31.26,31.26,389.5,389.5,6900.0
0.6047,32.116,32.116,389.604,389.604,6900.0
0.6048,33.049,33.049,389.742,389.742,6900.0
0.6049,34.058,34.058,389.917,389.917,6900.0
0.605,34.945,34.945,390.142,390.142,6900.0
0.6051,36.017,36.017,390.422,390.422,6900.0
0.6052,36.594,36.594,390.759,390.759,6900.0
0.6053,37.044,37.044,391.118,391.118,6900.0
0.6054,37.839,37.839,391.489,391.489,6900.0
0.6055,38.432,38.432,391.899,391.899,6900.0
0.6056,39.137,39.137,392.345,392.345,6900.0
0.6057,39.526,39.526,392.844,392.844,6900.0
0.6058,39.749,39.749,393.357,393.357,6900.0
0.6059,40.426,40.426,393.879,393.879,6900.0
0.606,40.852,40.852,394.438,394.438,6900.0
0.6061,41.397,41.397,395.017,395.017,6900.0
0.6062,41.612,41.612,395.647,395.647,6900.0
0.6063,41.604,41.604,396.285,396.285,6900.0
0.6064,42.052,42.052,396.927,396.927,6900.0
0.6065,42.06,42.06,397.593,397.593,6900.0
0.6066,42.182,42.182,398.247,398.247,6900.0
0.6067,42.159,42.159,398.923,398.923,6900.0
0.6068,42.087,42.087,399.591,399.591,6900.0
0.6069,42.279,42.279,400.258,400.258,6900.0
0.607,42.074,42.074,400.935,400.935,6900.0
0.6071,41.764,41.764,401.585,401.585,6900.0
0.6072,41.643,41.643,402.234,402.234,6900.0
0.6073,41.567,41.567,402.869,402.869,6900.0
0.6074,41.466,41.466,403.513,403.513,6900.0
0.6075,41.089,41.089,404.153,404.153,6900.0
0.6076,40.572,40.572,404.762,404.762,6900.0
0.6077,40.218,40.218,405.343,405.343,6900.0
0.6078,39.835,39.835,405.903,405.903,6900.0
0.6079,39.488,39.488,406.449,406.449,6900.0
0.608,39.041,39.041,406.974,406.974,6900.0
0.6081,38.253,38.253,407.462,407.462,6900.0
0.6082,37.759,37.759,407.904,407.904,6900.0
0.6083,37.184,37.184,408.315,408.315,6900.0
0.6084,36.672,36.672,408.707,408.707,6900.0
0.6085,35.999,35.999,409.075,409.075,6900.0
0.6086,35.168,35.168,409.409,409.409,6900.0
0.6087,34.398,34.398,409.701,409.701,6900.0
0.6088,33.647,33.647,409.959,409.959,6900.0
0.6089,32.739,32.739,410.178,410.178,6900.0
0.609,31.871,31.871,410.357,410.357,6900.0
0.6091,31.126,31.126,410.496,410.496,6900.0
0.6092,30.104,30.104,410.603,410.603,6900.0
0.6093,28.8,28.8,410.661,410.661,6900.0
0.6094,27.909,27.909,410.654,410.654,6900.0
0.6095,27.109,27.109,410.604,410.604,6900.0
0.6096,26.419,26.419,410.529,410.529,6900.0
0.6097,25.396,25.396,410.44,410.44,6900.0
0.6098,24.089,24.089,410.307,410.307,6900.0
0.6099,23.024,23.024,410.106,410.106,6900.0
0.61,22.207,22.207,409.863,409.863,6900.0
0.6101,21.297,21.297,409.595,409.595,6900.0
0.6102,20.275,20.275,409.313,409.313,6900.0
0.6103,18.635,18.635,409.0,409.0,6900.0
0.6104,17.456,17.456,408.632,408.632,6900.0
0.6105,16.344,16.344,408.23,408.23,6900.0
0.6106,15.491,15.491,407.796,407.796,6900.0
0.6107,14.385,14.385,407.343,407.343,6900.0
0.6108,13.015,13.015,406.863,406.863,6900.0
0.6109,11.53,11.53,406.347,406.347,6900.0
0.611,10.208,10.208,405.802,405.802,6900.0
0.6111,9.034,9.034,405.232,405.232,6900.0
0.6112,7.801,7.801,404.644,404.644,6900.0
0.6113,6.349,6.349,404.039,404.039,6900.0
0.6114,4.962,4.962,403.417,403.417,6900.0
0.6115,3.583,3.583,402.781,402.781,6900.0
0.6116,2.111,2.111,402.134,402.134,6900.0
0.6117,0.807,0.807,401.478,401.478,6900.0
0.6118,1.442,1.442,400.817,400.817,6900.0
0.6119,0.646,0.646,400.156,400.156,6900.0
0.612,-0.494,-0.494,399.492,399.492,6900.0
0.6121,-2.949,-2.949,398.827,398.827,6900.0
0.6122,-2.97,-2.97,398.17,398.17,6900.0
0.6123,-3.634,-3.634,397.515,397.515,6900.0
0.6124,-4.697,-4.697,396.865,396.865,6900.0
0.6125,-6.225,-6.225,396.223,396.223,6900.0
0.6126,-7.315,-7.315,395.594,395.594,6900.0
0.6127,-8.902,-8.902,394.984,394.984,6900.0
0.6128,-9.862,-9.862,394.395,394.395,6900.0
0.6129,-11.083,-11.083,393.812,393.812,6900.0
0.613,-12.64,-12.64,393.244,393.244,6900.0
0.6131,-14.147,-14.147,392.705,392.705,6900.0
0.6132,-15.652,-15.652,392.21,392.21,6900.0
0.6133,-16.795,-16.795,391.757,391.757,6900.0
0.6134,-17.88,-17.88,391.328,391.328,6900.0
0.6135,-19.284,-19.284,390.922,390.922,6900.0
0.6136,-20.488,-20.488,390.557,390.557,6900.0
0.6137,-21.732,-21.732,390.235,390.235,6900.0
0.6138,-22.938,-22.938,389.958,389.958,6900.0
0.6139,-24.024,-24.024,389.719,389.719,6900.0
0.614,-25.188,-25.188,389.516,389.516,6900.0
0.6141,-26.182,-26.182,389.352,389.352,6900.0
0.6142,-27.332,-27.332,389.225,389.225,6900.0
0.6143,-28.431,-28.431,389.143,389.143,6900.0
0.6144,-29.639,-29.639,389.107,389.107,6900.0
0.6145,-30.629,-30.629,389.125,389.125,6900.0
0.6146,-31.646,-31.646,389.184,389.184,6900.0
0.6147,-32.618,-32.618,389.279,389.279,6900.0
0.6148,-33.672,-33.672,389.421,389.421,6900.0
0.6149,-34.757,-34.757,389.613,389.613,6900.0
0.615,-35.493,-35.493,389.874,389.874,6900.0
0.6151,-36.118,-36.118,390.174,390.174,6900.0
0.6152,-36.69,-36.69,390.493,390.493,6900.0
0.6153,-37.529,-37.529,390.846,390.846,6900.0
0.6154,-38.346,-38.346,391.233,391.233,6900.0
0.6155,-38.971,-38.971,391.679,391.679,6900.0
0.6156,-39.232,-39.232,392.156,392.156,6900.0
0.6157,-39.694,-39.694,392.633,392.633,6900.0
0.6158,-40.172,-40.172,393.142,393.142,6900.0
0.6159,-40.543,-40.543,393.672,393.672,6900.0
0.616,-41.014,-41.014,394.243,394.243,6900.0
0.6161,-41.261,-41.261,394.844,394.844,6900.0
0.6162,-41.51,-41.51,395.447,395.447,6900.0
0.6163,-41.937,-41.937,396.076,396.076,6900.0
0.6164,-42.132,-42.132,396.719,396.719,6900.0
0.6165,-42.344,-42.344,397.382,397.382,6900.0
0.6166,-42.261,-42.261,398.064,398.064,6900.0
0.6167,-42.154,-42.154,398.735,398.735,6900.0
0.6168,-42.33,-42.33,399.412,399.412,6900.0
0.6169,-42.249,-42.249,400.088,400.088,6900.0
0.617,-42.39,-42.39,400.75,400.75,6900.0
0.6171,-42.102,-42.102,401.423,401.423,6900.0
0.6172,-41.91,-41.91,402.077,402.077,6900.0
0.6173,-41.629,-41.629,402.735,402.735,6900.0
0.6174,-41.275,-41.275,403.374,403.374,6900.0
0.6175,-41.142,-41.142,403.979,403.979,6900.0
0.6176,-40.785,-40.785,404.584,404.584,6900.0
0.6177,-40.494,-40.494,405.171,405.171,6900.0
0.6178,-40.021,-40.021,405.757,405.757,6900.0
0.6179,-39.311,-39.311,406.316,406.316,6900.0
0.618,-38.972,-38.972,406.824,406.824,6900.0
0.6181,-38.483,-38.483,407.311,407.311,6900.0
0.6182,-37.815,-37.815,407.771,407.771,6900.0
0.6183,-37.118,-37.118,408.202,408.202,6900.0
0.6184,-36.542,-36.542,408.594,408.594,6900.0
0.6185,-35.805,-35.805,408.949,408.949,6900.0
0.6186,-35.212,-35.212,409.264,409.264,6900.0
0.6187,-34.541,-34.541,409.548,409.548,6900.0
0.6188,-33.849,-33.849,409.803,409.803,6900.0
0.6189,-32.96,-32.96,410.03,410.03,6900.0
0.619,-32.234,-32.234,410.219,410.219,6900.0
0.6191,-31.086,-31.086,410.372,410.372,6900.0
0.6192,-29.917,-29.917,410.469,410.469,6900.0
0.6193,-29.082,-29.082,410.511,410.511,6900.0
0.6194,-28.26,-28.26,410.518,410.518,6900.0
0.6195,-27.452,-27.452,410.499,410.499,6900.0
0.6196,-26.186,-26.186,410.448,410.448,6900.0
0.6197,-24.93,-24.93,410.335,410.335,6900.0
0.6198,-24.07,-24.07,410.164,410.164,6900.0
0.6199,-23.461,-23.461,409.963,409.963,6900.0
0.62,-22.639,-22.639,409.752,409.752,6900.0
0.6201,-21.177,-21.177,409.525,409.525,6900.0
0.6202,-19.64,-19.64,409.243,409.243,6900.0
0.6203,-18.708,-18.708,408.905,408.905,6900.0
0.6204,-17.427,-17.427,408.536,408.536,6900.0
0.6205,-16.565,-16.565,408.133,408.133,6900.0
0.6206,-15.17,-15.17,407.709,407.709,6900.0
0.6207,-13.719,-13.719,407.246,407.246,6900.0
0.6208,-12.985,-12.985,406.744,406.744,6900.0
0.6209,-11.935,-11.935,406.224,406.224,6900.0
0.621,-10.813,-10.813,405.682,405.682,6900.0
0.6211,-9.67,-9.67,405.121,405.121,6900.0
0.6212,-8.261,-8.261,404.541,404.541,6900.0
0.6213,-6.669,-6.669,403.941,403.941,6900.0
0.6214,-5.248,-5.248,403.322,403.322,6900.0
0.6215,-3.911,-3.911,402.689,402.689,6900.0
0.6216,-2.786,-2.786,402.044,402.044,6900.0
0.6217,-1.46,-1.46,401.391,401.391,6900.0
0.6218,-0.238,-0.238,400.731,400.731,6900.0
0.6219,-0.0,-0.0,400.068,400.068,6900.0
0.622,1.188,1.188,399.404,399.404,6900.0
0.6221,1.316,1.316,398.741,398.741,6900.0
0.6222,2.262,2.262,398.079,398.079,6900.0
0.6223,3.486,3.486,397.42,397.42,6900.0
0.6224,4.455,4.455,396.768,396.768,6900.0
0.6225,6.126,6.126,396.125,396.125,6900.0
0.6226,7.327,7.327,395.499,395.499,6900.0
0.6227,8.356,8.356,394.884,394.884,6900.0
0.6228,9.63,9.63,394.276,394.276,6900.0
0.6229,11.17,11.17,393.686,393.686,6900.0
0.623,12.877,12.877,393.125,393.125,6900.0
0.6231,14.116,14.116,392.608,392.608,6900.0
0.6232,14.957,14.957,392.117,392.117,6900.0
0.6233,16.408,16.408,391.635,391.635,6900.0
0.6234,17.926,17.926,391.186,391.186,6900.0
0.6235,19.38,19.38,390.781,390.781,6900.0
0.6236,20.506,20.506,390.43,390.43,6900.0
0.6237,21.554,21.554,390.116,390.116,6900.0
0.6238,22.583,22.583,389.831,389.831,6900.0
0.6239,23.855,23.855,389.581,389.581,6900.0
0.624,24.938,24.938,389.373,389.373,6900.0
0.6241,26.282,26.282,389.206,389.206,6900.0
0.6242,27.516,27.516,389.087,389.087,6900.0
0.6243,28.444,28.444,389.017,389.017,6900.0
0.6244,29.316,29.316,388.986,388.986,6900.0
0.6245,30.253,30.253,388.991,388.991,6900.0
0.6246,31.375,31.375,389.03,389.03,6900.0
0.6247,32.404,32.404,389.118,389.118,6900.0
0.6248,33.341,33.341,389.268,389.268,6900.0
0.6249,34.192,34.192,389.467,389.467,6900.0
0.625,34.789,34.789,389.704,389.704,6900.0
0.6251,35.639,35.639,389.963,389.963,6900.0
0.6252,36.353,36.353,390.27,390.27,6900.0
0.6253,37.419,37.419,390.622,390.622,6900.0
0.6254,37.967,37.967,391.034,391.034,6900.0
0.6255,38.419,38.419,391.464,391.464,6900.0
0.6256,39.289,39.289,391.904,391.904,6900.0
0.6257,39.809,39.809,392.385,392.385,6900.0
0.6258,40.465,40.465,392.895,392.895,6900.0
0.6259,40.782,40.782,393.456,393.456,6900.0
0.626,40.876,40.876,394.028,394.028,6900.0
0.6261,41.302,41.302,394.607,394.607,6900.0
0.6262,41.445,41.445,395.215,395.215,6900.0
0.6263,41.834,41.834,395.83,395.83,6900.0
0.6264,42.087,42.087,396.488,396.488,6900.0
0.6265,42.074,42.074,397.155,397.155,6900.0
0.6266,42.318,42.318,397.825,397.825,6900.0
0.6267,42.151,42.151,398.509,398.509,6900.0
0.6268,42.151,42.151,399.171,399.171,6900.0
0.6269,42.33,42.33,399.843,399.843,6900.0
0.627,42.13,42.13,400.512,400.512,6900.0
0.6271,42.086,42.086,401.179,401.179,6900.0
0.6272,41.739,41.739,401.843,401.843,6900.0
0.6273,41.511,41.511,402.474,402.474,6900.0
0.6274,41.532,41.532,403.099,403.099,6900.0
0.6275,41.256,41.256,403.719,403.719,6900.0
0.6276,40.935,40.935,404.338,404.338,6900.0
0.6277,40.45,40.45,404.946,404.946,6900.0
0.6278,39.789,39.789,405.52,405.52,6900.0
0.6279,39.358,39.358,406.06,406.06,6900.0
0.628,38.8,38.8,406.574,406.574,6900.0
0.6281,38.519,38.519,407.067,407.067,6900.0
0.6282,37.856,37.856,407.539,407.539,6900.0
0.6283,37.179,37.179,407.967,407.967,6900.0
0.6284,36.46,36.46,408.352,408.352,6900.0
0.6285,35.939,35.939,408.698,408.698,6900.0
0.6286,35.33,35.33,409.022,409.022,6900.0
0.6287,34.619,34.619,409.316,409.316,6900.0
0.6288,33.8,33.8,409.578,409.578,6900.0
0.6289,32.992,32.992,409.801,409.801,6900.0
0.629,32.113,32.113,409.987,409.987,6900.0
0.6291,31.318,31.318,410.126,410.126,6900.0
0.6292,30.465,30.465,410.226,410.226,6900.0
0.6293,29.516,29.516,410.295,410.295,6900.0
0.6294,28.356,28.356,410.332,410.332,6900.0
0.6295,27.12,27.12,410.316,410.316,6900.0
0.6296,26.187,26.187,410.236,410.236,6900.0
0.6297,25.39,25.39,410.114,410.114,6900.0
0.6298,24.607,24.607,409.969,409.969,6900.0
0.6299,23.563,23.563,409.812,409.812,6900.0
0.63,22.049,22.049,409.613,409.613,6900.0
0.6301,20.862,20.862,409.347,409.347,6900.0
0.6302,19.876,19.876,409.038,409.038,6900.0
0.6303,18.979,18.979,408.693,408.693,6900.0
0.6304,18.007,18.007,408.332,408.332,6900.0
0.6305,16.477,16.477,407.941,407.941,6900.0
0.6306,15.306,15.306,407.504,407.504,6900.0
0.6307,14.213,14.213,407.04,407.04,6900.0
0.6308,13.01,13.01,406.549,406.549,6900.0
0.6309,11.904,11.904,406.039,406.039,6900.0
0.631,10.46,10.46,405.507,405.507,6900.0
0.6311,8.991,8.991,404.947,404.947,6900.0
0.6312,7.65,7.65,404.364,404.364,6900.0
0.6313,6.347,6.347,403.759,403.759,6900.0
0.6314,5.069,5.069,403.137,403.137,6900.0
0.6315,3.698,3.698,402.501,402.501,6900.0
0.6316,2.442,2.442,401.854,401.854,6900.0
0.6317,1.094,1.094,401.199,401.199,6900.0
0.6318,1.162,1.162,400.537,400.537,6900.0
0.6319,0.0,0.0,399.875,399.875,6900.0
0.632,-0.851,-0.851,399.21,399.21,6900.0
0.6321,-1.896,-1.896,398.546,398.546,6900.0
0.6322,-3.102,-3.102,397.884,397.884,6900.0
0.6323,-3.704,-3.704,397.226,397.226,6900.0
0.6324,-4.949,-4.949,396.575,396.575,6900.0
0.6325,-5.979,-5.979,395.934,395.934,6900.0
0.6326,-7.072,-7.072,395.299,395.299,6900.0
0.6327,-8.675,-8.675,394.675,394.675,6900.0
0.6328,-10.063,-10.063,394.073,394.073,6900.0
0.6329,-11.673,-11.673,393.5,393.5,6900.0
0.633,-12.698,-12.698,392.959,392.959,6900.0
0.6331,-13.673,-13.673,392.43,392.43,6900.0
0.6332,-15.196,-15.196,391.918,391.918,6900.0
0.6333,-16.697,-16.697,391.44,391.44,6900.0
0.6334,-18.14,-18.14,391.009,391.009,6900.0
0.6335,-19.198,-19.198,390.624,390.624,6900.0
0.6336,-20.438,-20.438,390.263,390.263,6900.0
0.6337,-21.699,-21.699,389.931,389.931,6900.0
0.6338,-23.095,-23.095,389.636,389.636,6900.0
0.6339,-24.266,-24.266,389.388,389.388,6900.0
0.634,-25.331,-25.331,389.186,389.186,6900.0
0.6341,-26.478,-26.478,389.023,389.023,6900.0
0.6342,-27.515,-27.515,388.906,388.906,6900.0
0.6343,-28.646,-28.646,388.829,388.829,6900.0
0.6344,-29.692,-29.692,388.796,388.796,6900.0
0.6345,-30.868,-30.868,388.809,388.809,6900.0
0.6346,-31.874,-31.874,388.876,388.876,6900.0
0.6347,-32.786,-32.786,388.995,388.995,6900.0
0.6348,-33.642,-33.642,389.157,389.157,6900.0
0.6349,-34.461,-34.461,389.348,389.348,6900.0
0.635,-35.425,-35.425,389.578,389.578,6900.0
0.6351,-36.505,-36.505,389.85,389.85,6900.0
0.6352,-37.384,-37.384,390.189,390.189,6900.0
0.6353,-37.751,-37.751,390.571,390.571,6900.0
0.6354,-38.28,-38.28,390.961,390.961,6900.0
0.6355,-38.94,-38.94,391.385,391.385,6900.0
0.6356,-39.575,-39.575,391.84,391.84,6900.0
0.6357,-40.207,-40.207,392.35,392.35,6900.0
0.6358,-40.668,-40.668,392.895,392.895,6900.0
0.6359,-41.056,-41.056,393.449,393.449,6900.0
0.636,-41.616,-41.616,394.033,394.033,6900.0
0.6361,-41.849,-41.849,394.637,394.637,6900.0
0.6362,-42.32,-42.32,395.268,395.268,6900.0
0.6363,-42.308,-42.308,395.929,395.929,6900.0
0.6364,-42.318,-42.318,396.578,396.578,6900.0
0.6365,-42.508,-42.508,397.244,397.244,6900.0
0.6366,-42.457,-42.457,397.911,397.911,6900.0
0.6367,-42.834,-42.834,398.581,398.581,6900.0
0.6368,-42.57,-42.57,399.278,399.278,6900.0
0.6369,-42.674,-42.674,399.956,399.956,6900.0
0.637,-42.524,-42.524,400.657,400.657,6900.0
0.6371,-42.199,-42.199,401.344,401.344,6900.0
0.6372,-42.244,-42.244,402.006,402.006,6900.0
0.6373,-42.036,-42.036,402.671,402.671,6900.0
0.6374,-41.84,-41.84,403.318,403.318,6900.0
0.6375,-41.492,-41.492,403.962,403.962,6900.0
0.6376,-40.885,-40.885,404.581,404.581,6900.0
0.6377,-40.584,-40.584,405.155,405.155,6900.0
0.6378,-40.207,-40.207,405.717,405.717,6900.0
0.6379,-39.971,-39.971,406.26,406.26,6900.0
0.638,-39.489,-39.489,406.801,406.801,6900.0
0.6381,-38.641,-38.641,407.316,407.316,6900.0
0.6382,-37.897,-37.897,407.781,407.781,6900.0
0.6383,-37.301,-37.301,408.21,408.21,6900.0
0.6384,-37.019,-37.019,408.608,408.608,6900.0
0.6385,-36.255,-36.255,408.989,408.989,6900.0
0.6386,-35.485,-35.485,409.331,409.331,6900.0
0.6387,-34.608,-34.608,409.631,409.631,6900.0
0.6388,-34.026,-34.026,409.885,409.885,6900.0
0.6389,-33.352,-33.352,410.104,410.104,6900.0
0.639,-32.533,-32.533,410.29,410.29,6900.0
0.6391,-31.501,-31.501,410.441,410.441,6900.0
0.6392,-30.595,-30.595,410.555,410.555,6900.0
0.6393,-29.494,-29.494,410.631,410.631,6900.0
0.6394,-28.362,-28.362,410.652,410.652,6900.0
0.6395,-27.388,-27.388,410.62,410.62,6900.0
0.6396,-26.602,-26.602,410.552,410.552,6900.0
0.6397,-25.743,-25.743,410.464,410.464,6900.0
0.6398,-24.599,-24.599,410.348,410.348,6900.0
0.6399,-23.243,-23.243,410.171,410.171,6900.0
0.64,-22.302,-22.302,409.933,409.933,6900.0
0.6401,-21.41,-21.41,409.659,409.659,6900.0
0.6402,-20.724,-20.724,409.365,409.365,6900.0
0.6403,-19.444,-19.444,409.056,409.056,6900.0
0.6404,-17.823,-17.823,408.705,408.705,6900.0
0.6405,-16.804,-16.804,408.306,408.306,6900.0
0.6406,-15.534,-15.534,407.88,407.88,6900.0
0.6407,-14.641,-14.641,407.426,407.426,6900.0
0.6408,-13.248,-13.248,406.955,406.955,6900.0
0.6409,-11.649,-11.649,406.45,406.45,6900.0
0.641,-10.414,-10.414,405.91,405.91,6900.0
0.6411,-9.141,-9.141,405.347,405.347,6900.0
0.6412,-8.094,-8.094,404.76,404.76,6900.0
0.6413,-6.64,-6.64,404.159,404.159,6900.0
0.6414,-5.156,-5.156,403.539,403.539,6900.0
0.6415,-3.922,-3.922,402.903,402.903,6900.0
0.6416,-2.82,-2.82,402.258,402.258,6900.0
0.6417,-1.409,-1.409,401.604,401.604,6900.0
0.6418,-1.571,-1.571,400.944,400.944,6900.0
0.6419,-0.441,-0.441,400.283,400.283,6900.0
0.642,0.315,0.315,399.619,399.619,6900.0
0.6421,2.408,2.408,398.954,398.954,6900.0
0.6422,2.643,2.643,398.294,398.294,6900.0
0.6423,3.357,3.357,397.637,397.637,6900.0
0.6424,4.251,4.251,396.985,396.985,6900.0
0.6425,5.766,5.766,396.339,396.339,6900.0
0.6426,7.051,7.051,395.706,395.706,6900.0
0.6427,8.662,8.662,395.089,395.089,6900.0
0.6428,9.969,9.969,394.5,394.5,6900.0
0.6429,10.847,10.847,393.925,393.925,6900.0
0.643,12.408,12.408,393.357,393.357,6900.0
0.6431,14.059,14.059,392.815,392.815,6900.0
0.6432,15.784,15.784,392.313,392.313,6900.0
0.6433,16.921,16.921,391.864,391.864,6900.0
0.6434,17.841,17.841,391.444,391.444,6900.0
0.6435,19.038,19.038,391.041,391.041,6900.0
0.6436,20.665,20.665,390.666,390.666,6900.0
0.6437,22.138,22.138,390.336,390.336,6900.0
0.6438,23.148,23.148,390.058,390.058,6900.0
0.6439,24.142,24.142,389.816,389.816,6900.0
0.644,25.282,25.282,389.606,389.606,6900.0
0.6441,26.383,26.383,389.44,389.44,6900.0
0.6442,27.539,27.539,389.315,389.315,6900.0
0.6443,28.608,28.608,389.237,389.237,6900.0
0.6444,29.549,29.549,389.207,389.207,6900.0
0.6445,30.443,30.443,389.228,389.228,6900.0
0.6446,31.244,31.244,389.293,389.293,6900.0
0.6447,32.129,32.129,389.389,389.389,6900.0
0.6448,33.11,33.11,389.517,389.517,6900.0
0.6449,34.043,34.043,389.689,389.689,6900.0
0.645,35.132,35.132,389.914,389.914,6900.0
0.6451,35.887,35.887,390.195,390.195,6900.0
0.6452,36.475,36.475,390.505,390.505,6900.0
0.6453,37.485,37.485,390.833,390.833,6900.0
0.6454,38.123,38.123,391.215,391.215,6900.0
0.6455,39.027,39.027,391.64,391.64,6900.0
0.6456,39.325,39.325,392.129,392.129,6900.0
0.6457,39.5,39.5,392.632,392.632,6900.0
0.6458,40.249,40.249,393.141,393.141,6900.0
0.6459,40.65,40.65,393.688,393.688,6900.0
0.646,41.211,41.211,394.253,394.253,6900.0
0.6461,41.324,41.324,394.864,394.864,6900.0
0.6462,41.303,41.303,395.471,395.471,6900.0
0.6463,41.874,41.874,396.076,396.076,6900.0
0.6464,42.037,42.037,396.711,396.711,6900.0
0.6465,42.24,42.24,397.346,397.346,6900.0
0.6466,42.359,42.359,398.013,398.013,6900.0
0.6467,42.276,42.276,398.685,398.685,6900.0
0.6468,42.436,42.436,399.363,399.363,6900.0
0.6469,42.358,42.358,400.054,400.054,6900.0
0.647,42.143,42.143,400.729,400.729,6900.0
0.6471,42.347,42.347,401.405,401.405,6900.0
0.6472,42.072,42.072,402.081,402.081,6900.0
0.6473,41.991,41.991,402.749,402.749,6900.0
0.6474,41.661,41.661,403.406,403.406,6900.0
0.6475,41.192,41.192,404.027,404.027,6900.0
0.6476,40.892,40.892,404.624,404.624,6900.0
0.6477,40.606,40.606,405.199,405.199,6900.0
0.6478,40.405,40.405,405.768,405.768,6900.0
0.6479,39.803,39.803,406.33,406.33,6900.0
0.648,39.104,39.104,406.855,406.855,6900.0
0.6481,38.746,38.746,407.344,407.344,6900.0
0.6482,38.335,38.335,407.812,407.812,6900.0
0.6483,37.694,37.694,408.267,408.267,6900.0
0.6484,37.034,37.034,408.688,408.688,6900.0
0.6485,36.172,36.172,409.071,409.071,6900.0
0.6486,35.264,35.264,409.406,409.406,6900.0
0.6487,34.57,34.57,409.696,409.696,6900.0
0.6488,33.78,33.78,409.951,409.951,6900.0
0.6489,33.153,33.153,410.168,410.168,6900.0
0.649,32.296,32.296,410.355,410.355,6900.0
0.6491,31.31,31.31,410.507,410.507,6900.0
0.6492,30.366,30.366,410.612,410.612,6900.0
0.6493,29.347,29.347,410.667,410.667,6900.0
0.6494,28.515,28.515,410.677,410.677,6900.0
0.6495,27.643,27.643,410.659,410.659,6900.0
0.6496,26.531,26.531,410.619,410.619,6900.0
0.6497,25.152,25.152,410.531,410.531,6900.0
0.6498,24.203,24.203,410.373,410.373,6900.0
0.6499,23.345,23.345,410.173,410.173,6900.0
0.65,22.518,22.518,409.949,409.949,6900.0
0.6501,21.562,21.562,409.713,409.713,6900.0
0.6502,20.036,20.036,409.445,409.445,6900.0
0.6503,18.743,18.743,409.117,409.117,6900.0
0.6504,17.799,17.799,408.749,408.749,6900.0
0.6505,16.805,16.805,408.349,408.349,6900.0
0.6506,15.609,15.609,407.929,407.929,6900.0
0.6507,14.378,14.378,407.478,407.478,6900.0
0.6508,13.031,13.031,406.989,406.989,6900.0
0.6509,11.974,11.974,406.472,406.472,6900.0
0.651,10.617,10.617,405.93,405.93,6900.0
0.6511,9.491,9.491,405.369,405.369,6900.0
0.6512,8.073,8.073,404.789,404.789,6900.0
0.6513,6.633,6.633,404.188,404.188,6900.0
0.6514,5.355,5.355,403.57,403.57,6900.0
0.6515,3.982,3.982,402.938,402.938,6900.0
0.6516,2.526,2.526,402.294,402.294,6900.0
0.6517,1.372,1.372,401.64,401.64,6900.0
0.6518,0.261,0.261,400.981,400.981,6900.0
0.6519,0.0,0.0,400.319,400.319,6900.0
0.652,0.0,0.0,399.655,399.655,6900.0
0.6521,-1.909,-1.909,398.992,398.992,6900.0
0.6522,-2.425,-2.425,398.331,398.331,6900.0
0.6523,-3.449,-3.449,397.673,397.673,6900.0
0.6524,-4.716,-4.716,397.021,397.021,6900.0
0.6525,-5.977,-5.977,396.378,396.378,6900.0
0.6526,-7.268,-7.268,395.751,395.751,6900.0
0.6527,-8.36,-8.36,395.138,395.138,6900.0
0.6528,-9.467,-9.467,394.532,394.532,6900.0
0.6529,-11.09,-11.09,393.938,393.938,6900.0
0.653,-12.534,-12.534,393.371,393.371,6900.0
0.6531,-14.137,-14.137,392.84,392.84,6900.0
0.6532,-15.135,-15.135,392.351,392.351,6900.0
0.6533,-16.132,-16.132,391.878,391.878,6900.0
0.6534,-17.614,-17.614,391.425,391.425,6900.0
0.6535,-19.028,-19.028,391.013,391.013,6900.0
0.6536,-20.524,-20.524,390.649,390.649,6900.0
0.6537,-21.751,-21.751,390.334,390.334,6900.0
0.6538,-22.853,-22.853,390.053,390.053,6900.0
0.6539,-24.094,-24.094,389.805,389.805,6900.0
0.654,-25.287,-25.287,389.595,389.595,6900.0
0.6541,-26.3,-26.3,389.428,389.428,6900.0
0.6542,-27.285,-27.285,389.303,389.303,6900.0
0.6543,-28.587,-28.587,389.218,389.218,6900.0
0.6544,-29.604,-29.604,389.189,389.189,6900.0
0.6545,-30.624,-30.624,389.201,389.201,6900.0
0.6546,-31.615,-31.615,389.251,389.251,6900.0
0.6547,-32.727,-32.727,389.347,389.347,6900.0
0.6548,-33.714,-33.714,389.497,389.497,6900.0
0.6549,-34.599,-34.599,389.706,389.706,6900.0
0.655,-35.317,-35.317,389.956,389.956,6900.0
0.6551,-36.055,-36.055,390.229,390.229,6900.0
0.6552,-36.835,-36.835,390.542,390.542,6900.0
0.6553,-37.608,-37.608,390.891,390.891,6900.0
0.6554,-38.423,-38.423,391.297,391.297,6900.0
0.6555,-38.892,-38.892,391.742,391.742,6900.0
0.6556,-39.333,-39.333,392.196,392.196,6900.0
0.6557,-39.948,-39.948,392.68,392.68,6900.0
0.6558,-40.575,-40.575,393.185,393.185,6900.0
0.6559,-41.334,-41.334,393.743,393.743,6900.0
0.656,-41.51,-41.51,394.343,394.343,6900.0
0.6561,-41.666,-41.666,394.942,394.942,6900.0
0.6562,-41.867,-41.867,395.566,395.566,6900.0
0.6563,-42.071,-42.071,396.196,396.196,6900.0
0.6564,-42.487,-42.487,396.85,396.85,6900.0
0.6565,-42.45,-42.45,397.532,397.532,6900.0
0.6566,-42.551,-42.551,398.202,398.202,6900.0
0.6567,-42.578,-42.578,398.889,398.889,6900.0
0.6568,-42.452,-42.452,399.568,399.568,6900.0
0.6569,-42.538,-42.538,400.237,400.237,6900.0
0.657,-42.301,-42.301,400.919,400.919,6900.0
0.6571,-42.282,-42.282,401.583,401.583,6900.0
0.6572,-42.004,-42.004,402.262,402.262,6900.0
0.6573,-41.699,-41.699,402.921,402.921,6900.0
0.6574,-41.7,-41.7,403.551,403.551,6900.0
0.6575,-41.407,-41.407,404.184,404.184,6900.0
0.6576,-41.203,-41.203,404.796,404.796,6900.0
0.6577,-40.693,-40.693,405.409,405.409,6900.0
0.6578,-40.241,-40.241,405.986,405.986,6900.0
0.6579,-39.828,-39.828,406.525,406.525,6900.0
0.658,-39.345,-39.345,407.047,407.047,6900.0
0.6581,-38.792,-38.792,407.545,407.545,6900.0
0.6582,-38.23,-38.23,408.024,408.024,6900.0
0.6583,-37.409,-37.409,408.474,408.474,6900.0
0.6584,-36.778,-36.778,408.875,408.875,6900.0
0.6585,-36.112,-36.112,409.242,409.242,6900.0
0.6586,-35.63,-35.63,409.573,409.573,6900.0
0.6587,-34.74,-34.74,409.879,409.879,6900.0
0.6588,-33.979,-33.979,410.144,410.144,6900.0
0.6589,-33.281,-33.281,410.372,410.372,6900.0
0.659,-32.288,-32.288,410.561,410.561,6900.0
0.6591,-31.349,-31.349,410.703,410.703,6900.0
0.6592,-30.523,-30.523,410.798,410.798,6900.0
0.6593,-29.713,-29.713,410.86,410.86,6900.0
0.6594,-28.779,-28.779,410.896,410.896,6900.0
0.6595,-27.588,-27.588,410.897,410.897,6900.0
0.6596,-26.421,-26.421,410.839,410.839,6900.0
0.6597,-25.574,-25.574,410.727,410.727,6900.0
0.6598,-24.654,-24.654,410.584,410.584,6900.0
0.6599,-23.839,-23.839,410.421,410.421,6900.0
0.66,-22.446,-22.446,410.238,410.238,6900.0
0.6601,-21.123,-21.123,409.993,409.993,6900.0
0.6602,-20.132,-20.132,409.691,409.691,6900.0
0.6603,-19.1,-19.1,409.353,409.353,6900.0
0.6604,-18.124,-18.124,408.986,408.986,6900.0
0.6605,-16.842,-16.842,408.598,408.598,6900.0
0.6606,-15.491,-15.491,408.171,408.171,6900.0
0.6607,-14.451,-14.451,407.706,407.706,6900.0
0.6608,-13.204,-13.204,407.219,407.219,6900.0
0.6609,-12.218,-12.218,406.708,406.708,6900.0
0.661,-10.849,-10.849,406.182,406.182,6900.0
0.6611,-9.344,-9.344,405.63,405.63,6900.0
0.6612,-8.097,-8.097,405.052,405.052,6900.0
0.6613,-6.595,-6.595,404.454,404.454,6900.0
0.6614,-5.31,-5.31,403.837,403.837,6900.0
0.6615,-4.029,-4.029,403.205,403.205,6900.0
0.6616,-2.732,-2.732,402.561,402.561,6900.0
0.6617,-1.547,-1.547,401.908,401.908,6900.0
0.6618,-1.577,-1.577,401.248,401.248,6900.0
0.6619,-0.0,-0.0,400.587,400.587,6900.0
0.662,-0.0,-0.0,399.924,399.924,6900.0
0.6621,1.221,1.221,399.261,399.261,6900.0
0.6622,2.165,2.165,398.598,398.598,6900.0
0.6623,3.181,3.181,397.938,397.938,6900.0
0.6624,4.706,4.706,397.284,397.284,6900.0
0.6625,5.837,5.837,396.642,396.642,6900.0
0.6626,6.858,6.858,396.008,396.008,6900.0
0.6627,8.375,8.375,395.38,395.38,6900.0
0.6628,9.822,9.822,394.773,394.773,6900.0
0.6629,11.594,11.594,394.19,394.19,6900.0
0.663,12.98,12.98,393.648,393.648,6900.0
0.6631,13.609,13.609,393.131,393.131,6900.0
0.6632,15.021,15.021,392.622,392.622,6900.0
0.6633,16.467,16.467,392.142,392.142,6900.0
0.6634,17.972,17.972,391.704,391.704,6900.0
0.6635,19.26,19.26,391.317,391.317,6900.0
0.6636,20.22,20.22,390.966,390.966,6900.0
0.6637,21.363,21.363,390.635,390.635,6900.0
0.6638,22.618,22.618,390.334,390.334,6900.0
0.6639,23.727,23.727,390.073,390.073,6900.0
0.664,24.907,24.907,389.854,389.854,6900.0
0.6641,26.023,26.023,389.678,389.678,6900.0
0.6642,27.114,27.114,389.547,389.547,6900.0
0.6643,28.144,28.144,389.462,389.462,6900.0
0.6644,29.125,29.125,389.419,389.419,6900.0
0.6645,30.172,30.172,389.419,389.419,6900.0
0.6646,31.178,31.178,389.47,389.47,6900.0
0.6647,32.248,32.248,389.576,389.576,6900.0
0.6648,33.02,33.02,389.733,389.733,6900.0
0.6649,33.594,33.594,389.92,389.92,6900.0
0.665,34.635,34.635,390.124,390.124,6900.0
0.6651,35.412,35.412,390.373,390.373,6900.0
0.6652,36.413,36.413,390.666,390.666,6900.0
0.6653,36.99,36.99,391.013,391.013,6900.0
0.6654,37.437,37.437,391.381,391.381,6900.0
0.6655,38.274,38.274,391.767,391.767,6900.0
0.6656,38.916,38.916,392.2,392.2,6900.0
0.6657,39.772,39.772,392.676,392.676,6900.0
0.6658,40.259,40.259,393.217,393.217,6900.0
0.6659,40.413,40.413,393.778,393.778,6900.0
0.666,40.983,40.983,394.348,394.348,6900.0
0.6661,41.244,41.244,394.947,394.947,6900.0
0.6662,41.539,41.539,395.554,395.554,6900.0
0.6663,41.677,41.677,396.19,396.19,6900.0
0.6664,41.672,41.672,396.822,396.822,6900.0
0.6665,41.969,41.969,397.451,397.451,6900.0
0.6666,42.206,42.206,398.093,398.093,6900.0
0.6667,42.289,42.289,398.735,398.735,6900.0
0.6668,42.476,42.476,399.4,399.4,6900.0
0.6669,42.284,42.284,400.074,400.074,6900.0
0.667,42.455,42.455,400.753,400.753,6900.0
0.6671,42.222,42.222,401.449,401.449,6900.0
0.6672,41.986,41.986,402.121,402.121,6900.0
0.6673,41.783,41.783,402.791,402.791,6900.0
0.6674,41.362,41.362,403.441,403.441,6900.0
0.6675,41.325,41.325,404.075,404.075,6900.0
0.6676,40.73,40.73,404.7,404.7,6900.0
0.6677,40.171,40.171,405.277,405.277,6900.0
0.6678,39.892,39.892,405.822,405.822,6900.0
0.6679,39.515,39.515,406.343,406.343,6900.0
0.668,39.156,39.156,406.856,406.856,6900.0
0.6681,38.643,38.643,407.353,407.353,6900.0
0.6682,37.954,37.954,407.82,407.82,6900.0
0.6683,37.5,37.5,408.248,408.248,6900.0
0.6684,36.841,36.841,408.654,408.654,6900.0
0.6685,36.18,36.18,409.036,409.036,6900.0
0.6686,35.514,35.514,409.386,409.386,6900.0
0.6687,34.666,34.666,409.7,409.7,6900.0
0.6688,33.782,33.782,409.966,409.966,6900.0
0.6689,32.856,32.856,410.188,410.188,6900.0
0.669,31.983,31.983,410.362,410.362,6900.0
0.6691,31.191,31.191,410.495,410.495,6900.0
0.6692,30.405,30.405,410.594,410.594,6900.0
0.6693,29.387,29.387,410.663,410.663,6900.0
0.6694,28.339,28.339,410.687,410.687,6900.0
0.6695,27.318,27.318,410.655,410.655,6900.0
0.6696,26.343,26.343,410.583,410.583,6900.0
0.6697,25.481,25.481,410.484,410.484,6900.0
0.6698,24.559,24.559,410.368,410.368,6900.0
0.6699,23.204,23.204,410.209,410.209,6900.0
0.67,21.999,21.999,409.98,409.98,6900.0
0.6701,21.215,21.215,409.704,409.704,6900.0
0.6702,20.601,20.601,409.397,409.397,6900.0
0.6703,19.498,19.498,409.082,409.082,6900.0
0.6704,18.105,18.105,408.734,408.734,6900.0
0.6705,16.912,16.912,408.338,408.338,6900.0
0.6706,15.842,15.842,407.913,407.913,6900.0
0.6707,14.81,14.81,407.46,407.46,6900.0
0.6708,13.497,13.497,406.992,406.992,6900.0
0.6709,11.807,11.807,406.495,406.495,6900.0
0.671,10.356,10.356,405.961,405.961,6900.0
0.6711,9.299,9.299,405.401,405.401,6900.0
0.6712,7.994,7.994,404.818,404.818,6900.0
0.6713,6.739,6.739,404.216,404.216,6900.0
0.6714,5.386,5.386,403.598,403.598,6900.0
0.6715,4.043,4.043,402.965,402.965,6900.0
0.6716,2.624,2.624,402.32,402.32,6900.0
0.6717,1.33,1.33,401.666,401.666,6900.0
0.6718,0.223,0.223,401.006,401.006,6900.0
0.6719,0.0,0.0,400.343,400.343,6900.0
0.672,0.0,0.0,399.68,399.68,6900.0
0.6721,-1.851,-1.851,399.015,399.015,6900.0
0.6722,-2.545,-2.545,398.353,398.353,6900.0
0.6723,-3.763,-3.763,397.695,397.695,6900.0
0.6724,-4.769,-4.769,397.044,397.044,6900.0
0.6725,-6.082,-6.082,396.399,396.399,6900.0
0.6726,-7.311,-7.311,395.767,395.767,6900.0
0.6727,-8.545,-8.545,395.149,395.149,6900.0
0.6728,-10.108,-10.108,394.556,394.556,6900.0
0.6729,-11.078,-11.078,393.987,393.987,6900.0
0.673,-12.287,-12.287,393.426,393.426,6900.0
0.6731,-13.613,-13.613,392.882,392.882,6900.0
0.6732,-15.063,-15.063,392.368,392.368,6900.0
0.6733,-16.774,-16.774,391.898,391.898,6900.0
0.6734,-17.873,-17.873,391.476,391.476,6900.0
0.6735,-18.814,-18.814,391.078,391.078,6900.0
0.6736,-19.893,-19.893,390.703,390.703,6900.0
0.6737,-21.219,-21.219,390.359,390.359,6900.0
0.6738,-22.57,-22.57,390.06,390.06,6900.0
0.6739,-23.825,-23.825,389.805,389.805,6900.0
0.674,-24.887,-24.887,389.592,389.592,6900.0
0.6741,-26.045,-26.045,389.413,389.413,6900.0
0.6742,-27.117,-27.117,389.276,389.276,6900.0
0.6743,-28.311,-28.311,389.18,389.18,6900.0
0.6744,-29.496,-29.496,389.136,389.136,6900.0
0.6745,-30.635,-30.635,389.144,389.144,6900.0
0.6746,-31.742,-31.742,389.209,389.209,6900.0
0.6747,-32.592,-32.592,389.323,389.323,6900.0
0.6748,-33.332,-33.332,389.468,389.468,6900.0
0.6749,-34.398,-34.398,389.649,389.649,6900.0
0.675,-35.356,-35.356,389.878,389.878,6900.0
0.6751,-36.13,-36.13,390.164,390.164,6900.0
0.6752,-36.691,-36.691,390.487,390.487,6900.0
0.6753,-37.229,-37.229,390.825,390.825,6900.0
0.6754,-37.941,-37.941,391.196,391.196,6900.0
0.6755,-38.882,-38.882,391.6,391.6,6900.0
0.6756,-39.459,-39.459,392.072,392.072,6900.0
0.6757,-39.756,-39.756,392.581,392.581,6900.0
0.6758,-40.28,-40.28,393.092,393.092,6900.0
0.6759,-40.869,-40.869,393.638,393.638,6900.0
0.676,-41.155,-41.155,394.209,394.209,6900.0
0.6761,-41.625,-41.625,394.813,394.813,6900.0
0.6762,-41.658,-41.658,395.445,395.445,6900.0
0.6763,-41.811,-41.811,396.067,396.067,6900.0
0.6764,-42.129,-42.129,396.708,396.708,6900.0
0.6765,-42.193,-42.193,397.355,397.355,6900.0
0.6766,-42.494,-42.494,398.012,398.012,6900.0
0.6767,-42.464,-42.464,398.692,398.692,6900.0
0.6768,-42.487,-42.487,399.363,399.363,6900.0
0.6769,-42.366,-42.366,400.05,400.05,6900.0
0.677,-42.005,-42.005,400.728,400.728,6900.0
0.6771,-42.241,-42.241,401.383,401.383,6900.0
0.6772,-41.968,-41.968,402.056,402.056,6900.0
0.6773,-41.894,-41.894,402.711,402.711,6900.0
0.6774,-41.562,-41.562,403.374,403.374,6900.0
0.6775,-41.178,-41.178,404.012,404.012,6900.0
0.6776,-40.945,-40.945,404.614,404.614,6900.0
0.6777,-40.66,-40.66,405.202,405.202,6900.0
0.6778,-40.328,-40.328,405.769,405.769,6900.0
0.6779,-39.698,-39.698,406.327,406.327,6900.0
0.678,-39.121,-39.121,406.849,406.849,6900.0
0.6781,-38.763,-38.763,407.328,407.328,6900.0
0.6782,-38.096,-38.096,407.791,407.791,6900.0
0.6783,-37.549,-37.549,408.225,408.225,6900.0
0.6784,-36.954,-36.954,408.641,408.641,6900.0
0.6785,-36.167,-36.167,409.027,409.027,6900.0
0.6786,-35.329,-35.329,409.371,409.371,6900.0
0.6787,-34.685,-34.685,409.673,409.673,6900.0
0.6788,-33.844,-33.844,409.938,409.938,6900.0
0.6789,-32.993,-32.993,410.161,410.161,6900.0
0.679,-32.155,-32.155,410.345,410.345,6900.0
0.6791,-31.252,-31.252,410.492,410.492,6900.0
0.6792,-30.343,-30.343,410.597,410.597,6900.0
0.6793,-29.346,-29.346,410.653,410.653,6900.0
0.6794,-28.544,-28.544,410.66,410.66,6900.0
0.6795,-27.762,-27.762,410.636,410.636,6900.0
0.6796,-26.91,-26.91,410.589,410.589,6900.0
0.6797,-25.641,-25.641,410.516,410.516,6900.0
0.6798,-24.382,-24.382,410.381,410.381,6900.0
0.6799,-23.455,-23.455,410.189,410.189,6900.0
0.68,-22.636,-22.636,409.964,409.964,6900.0
0.6801,-21.596,-21.596,409.723,409.723,6900.0
0.6802,-20.187,-20.187,409.461,409.461,6900.0
0.6803,-18.683,-18.683,409.147,409.147,6900.0
0.6804,-17.766,-17.766,408.781,408.781,6900.0
0.6805,-16.559,-16.559,408.385,408.385,6900.0
0.6806,-15.703,-15.703,407.958,407.958,6900.0
0.6807,-14.451,-14.451,407.51,407.51,6900.0
0.6808,-13.153,-13.153,407.026,407.026,6900.0
0.6809,-12.022,-12.022,406.509,406.509,6900.0
0.681,-10.808,-10.808,405.968,405.968,6900.0
0.6811,-9.654,-9.654,405.406,405.406,6900.0
0.6812,-8.272,-8.272,404.827,404.827,6900.0
0.6813,-6.885,-6.885,404.228,404.228,6900.0
0.6814,-5.575,-5.575,403.612,403.612,6900.0
0.6815,-4.185,-4.185,402.982,402.982,6900.0
0.6816,-3.048,-3.048,402.34,402.34,6900.0
0.6817,-1.765,-1.765,401.689,401.689,6900.0
0.6818,-0.455,-0.455,401.031,401.031,6900.0
0.6819,0.0,0.0,400.369,400.369,6900.0
0.682,-0.0,-0.0,399.705,399.705,6900.0
0.6821,2.678,2.678,399.041,399.041,6900.0
0.6822,2.14,2.14,398.383,398.383,6900.0
0.6823,2.955,2.955,397.725,397.725,6900.0
0.6824,4.307,4.307,397.07,397.07,6900.0
0.6825,5.534,5.534,396.426,396.426,6900.0
0.6826,7.033,7.033,395.793,395.793,6900.0
0.6827,8.326,8.326,395.18,395.18,6900.0
0.6828,9.185,9.185,394.579,394.579,6900.0
0.6829,10.648,10.648,393.982,393.982,6900.0
0.683,12.208,12.208,393.406,393.406,6900.0
0.6831,13.963,13.963,392.862,392.862,6900.0
0.6832,15.262,15.262,392.365,392.365,6900.0
0.6833,16.353,16.353,391.898,391.898,6900.0
0.6834,17.646,17.646,391.45,391.45,6900.0
0.6835,19.042,19.042,391.035,391.035,6900.0
0.6836,20.539,20.539,390.666,390.666,6900.0
0.6837,21.64,21.64,390.352,390.352,6900.0
0.6838,22.597,22.597,390.078,390.078,6900.0
0.6839,23.566,23.566,389.831,389.831,6900.0
0.684,24.676,24.676,389.614,389.614,6900.0
0.6841,25.717,25.717,389.436,389.436,6900.0
0.6842,26.931,26.931,389.294,389.294,6900.0
0.6843,28.027,28.027,389.197,389.197,6900.0
0.6844,29.041,29.041,389.147,389.147,6900.0
0.6845,30.166,30.166,389.14,389.14,6900.0
0.6846,30.837,30.837,389.18,389.18,6900.0
0.6847,31.889,31.889,389.25,389.25,6900.0
0.6848,32.901,32.901,389.375,389.375,6900.0
0.6849,33.934,33.934,389.561,389.561,6900.0
0.685,34.657,34.657,389.802,389.802,6900.0
0.6851,35.327,35.327,390.072,390.072,6900.0
0.6852,36.259,36.259,390.365,390.365,6900.0
0.6853,36.85,36.85,390.701,390.701,6900.0
0.6854,37.642,37.642,391.073,391.073,6900.0
0.6855,38.278,38.278,391.49,391.49,6900.0
0.6856,38.74,38.74,391.927,391.927,6900.0
0.6857,39.503,39.503,392.379,392.379,6900.0
0.6858,39.931,39.931,392.871,392.871,6900.0
0.6859,40.531,40.531,393.393,393.393,6900.0
0.686,40.847,40.847,393.97,393.97,6900.0
0.6861,41.002,41.002,394.563,394.563,6900.0
0.6862,41.559,41.559,395.168,395.168,6900.0
0.6863,41.745,41.745,395.803,395.803,6900.0
0.6864,42.063,42.063,396.443,396.443,6900.0
0.6865,42.119,42.119,397.117,397.117,6900.0
0.6866,41.921,41.921,397.784,397.784,6900.0
0.6867,42.025,42.025,398.443,398.443,6900.0
0.6868,42.037,42.037,399.105,399.105,6900.0
0.6869,42.011,42.011,399.751,399.751,6900.0
0.687,42.157,42.157,400.407,400.407,6900.0
0.6871,41.843,41.843,401.063,401.063,6900.0
0.6872,42.054,42.054,401.715,401.715,6900.0
0.6873,41.852,41.852,402.38,402.38,6900.0
0.6874,41.392,41.392,403.023,403.023,6900.0
0.6875,41.364,41.364,403.649,403.649,6900.0
0.6876,40.764,40.764,404.269,404.269,6900.0
0.6877,40.39,40.39,404.873,404.873,6900.0
0.6878,39.907,39.907,405.457,405.457,6900.0
0.6879,39.372,39.372,406.001,406.001,6900.0
0.688,39.112,39.112,406.509,406.509,6900.0
0.6881,38.62,38.62,406.992,406.992,6900.0
0.6882,38.192,38.192,407.458,407.458,6900.0
0.6883,37.499,37.499,407.902,407.902,6900.0
0.6884,36.662,36.662,408.306,408.306,6900.0
0.6885,35.875,35.875,408.667,408.667,6900.0
0.6886,35.425,35.425,408.991,408.991,6900.0
0.6887,34.761,34.761,409.293,409.293,6900.0
0.6888,33.901,33.901,409.567,409.567,6900.0
0.6889,33.043,33.043,409.803,409.803,6900.0
0.689,32.012,32.012,409.998,409.998,6900.0
0.6891,31.197,31.197,410.143,410.143,6900.0
0.6892,30.339,30.339,410.241,410.241,6900.0
0.6893,29.451,29.451,410.297,410.297,6900.0
0.6894,28.628,28.628,410.32,410.32,6900.0
0.6895,27.562,27.562,410.317,410.317,6900.0
0.6896,26.293,26.293,410.267,410.267,6900.0
0.6897,25.338,25.338,410.153,410.153,6900.0
0.6898,24.575,24.575,409.998,409.998,6900.0
0.6899,23.793,23.793,409.824,409.824,6900.0
0.69,22.827,22.827,409.638,409.638,6900.0
0.6901,21.33,21.33,409.415,409.415,6900.0
0.6902,20.106,20.106,409.126,409.126,6900.0
0.6903,18.99,18.99,408.795,408.795,6900.0
0.6904,18.08,18.08,408.425,408.425,6900.0
0.6905,17.091,17.091,408.035,408.035,6900.0
0.6906,15.867,15.867,407.616,407.616,6900.0
0.6907,14.571,14.571,407.156,407.156,6900.0
0.6908,13.475,13.475,406.669,406.669,6900.0
0.6909,12.329,12.329,406.157,406.157,6900.0
0.691,11.155,11.155,405.629,405.629,6900.0
0.6911,9.608,9.608,405.08,405.08,6900.0
0.6912,8.015,8.015,404.505,404.505,6900.0
0.6913,6.802,6.802,403.906,403.906,6900.0
0.6914,5.339,5.339,403.291,403.291,6900.0
0.6915,4.079,4.079,402.659,402.659,6900.0
0.6916,2.976,2.976,402.015,402.015,6900.0
0.6917,1.756,1.756,401.362,401.362,6900.0
0.6918,0.404,0.404,400.703,400.703,6900.0
0.6919,-0.0,-0.0,400.04,400.04,6900.0
0.692,0.0,0.0,399.376,399.376,6900.0
0.6921,-1.511,-1.511,398.712,398.712,6900.0
0.6922,-2.235,-2.235,398.049,398.049,6900.0
0.6923,-3.515,-3.515,397.388,397.388,6900.0
0.6924,-4.692,-4.692,396.733,396.733,6900.0
0.6925,-6.158,-6.158,396.089,396.089,6900.0
0.6926,-6.942,-6.942,395.458,395.458,6900.0
0.6927,-8.173,-8.173,394.831,394.831,6900.0
0.6928,-9.731,-9.731,394.218,394.218,6900.0
0.6929,-11.23,-11.23,393.63,393.63,6900.0
0.693,-12.843,-12.843,393.076,393.076,6900.0
0.6931,-13.721,-13.721,392.56,392.56,6900.0
0.6932,-14.813,-14.813,392.054,392.054,6900.0
0.6933,-16.268,-16.268,391.568,391.568,6900.0
0.6934,-17.785,-17.785,391.118,391.118,6900.0
0.6935,-19.264,-19.264,390.716,390.716,6900.0
0.6936,-20.333,-20.333,390.362,390.362,6900.0
0.6937,-21.268,-21.268,390.036,390.036,6900.0
0.6938,-22.549,-22.549,389.734,389.734,6900.0
0.6939,-23.911,-23.911,389.471,389.471,6900.0
0.694,-25.141,-25.141,389.254,389.254,6900.0
0.6941,-26.226,-26.226,389.083,389.083,6900.0
0.6942,-27.392,-27.392,388.956,388.956,6900.0
0.6943,-28.569,-28.569,388.874,388.874,6900.0
0.6944,-29.467,-29.467,388.838,388.838,6900.0
0.6945,-30.387,-30.387,388.841,388.841,6900.0
0.6946,-31.627,-31.627,388.887,388.887,6900.0
0.6947,-32.671,-32.671,388.989,388.989,6900.0
0.6948,-33.551,-33.551,389.15,389.15,6900.0
0.6949,-34.191,-34.191,389.354,389.354,6900.0
0.695,-34.939,-34.939,389.579,389.579,6900.0
0.6951,-36.004,-36.004,389.84,389.84,6900.0
0.6952,-36.887,-36.887,390.144,390.144,6900.0
0.6953,-37.683,-37.683,390.505,390.505,6900.0
0.6954,-38.342,-38.342,390.901,390.901,6900.0
0.6955,-39.049,-39.049,391.313,391.313,6900.0
0.6956,-39.599,-39.599,391.767,391.767,6900.0
0.6957,-40.291,-40.291,392.248,392.248,6900.0
0.6958,-40.901,-40.901,392.791,392.791,6900.0
0.6959,-41.086,-41.086,393.373,393.373,6900.0
0.696,-41.477,-41.477,393.954,393.954,6900.0
0.6961,-41.886,-41.886,394.566,394.566,6900.0
0.6962,-41.954,-41.954,395.192,395.192,6900.0
0.6963,-42.385,-42.385,395.838,395.838,6900.0
0.6964,-42.392,-42.392,396.506,396.506,6900.0
0.6965,-42.572,-42.572,397.161,397.161,6900.0
0.6966,-42.634,-42.634,397.835,397.835,6900.0
0.6967,-42.465,-42.465,398.504,398.504,6900.0
0.6968,-42.787,-42.787,399.167,399.167,6900.0
0.6969,-42.584,-42.584,399.855,399.855,6900.0
0.697,-42.505,-42.505,400.53,400.53,6900.0
0.6971,-42.304,-42.304,401.218,401.218,6900.0
0.6972,-41.858,-41.858,401.895,401.895,6900.0
0.6973,-41.946,-41.946,402.54,402.54,6900.0
0.6974,-41.718,-41.718,403.195,403.195,6900.0
0.6975,-41.593,-41.593,403.832,403.832,6900.0
0.6976,-41.194,-41.194,404.472,404.472,6900.0
0.6977,-40.624,-40.624,405.082,405.082,6900.0
0.6978,-40.374,-40.374,405.643,405.643,6900.0
0.6979,-39.941,-39.941,406.191,406.191,6900.0
0.698,-39.773,-39.773,406.711,406.711,6900.0
0.6981,-38.877,-38.877,407.227,407.227,6900.0
0.6982,-38.231,-38.231,407.701,407.701,6900.0
0.6983,-37.678,-37.678,408.132,408.132,6900.0
0.6984,-37.063,-37.063,408.537,408.537,6900.0
0.6985,-36.481,-36.481,408.915,408.915,6900.0
0.6986,-35.704,-35.704,409.272,409.272,6900.0
0.6987,-34.873,-34.873,409.594,409.594,6900.0
0.6988,-34.045,-34.045,409.873,409.873,6900.0
0.6989,-33.234,-33.234,410.11,410.11,6900.0
0.699,-32.452,-32.452,410.301,410.301,6900.0
0.6991,-31.514,-31.514,410.45,410.45,6900.0
0.6992,-30.693,-30.693,410.555,410.555,6900.0
0.6993,-29.947,-29.947,410.627,410.627,6900.0
0.6994,-28.779,-28.779,410.665,410.665,6900.0
0.6995,-27.722,-27.722,410.647,410.647,6900.0
0.6996,-26.771,-26.771,410.581,410.581,6900.0
0.6997,-25.938,-25.938,410.483,410.483,6900.0
0.6998,-25.25,-25.25,410.367,410.367,6900.0
0.6999,-23.921,-23.921,410.231,410.231,6900.0
0.7,-22.345,-22.345,410.032,410.032,6900.0
0.7001,-21.341,-21.341,409.841,409.841,6068.654
0.7002,-20.434,-20.434,409.663,409.663,5557.946
0.7003,-19.65,-19.65,409.487,409.487,5286.728
0.7004,-18.352,-18.352,409.308,409.308,5144.724
0.7005,-16.885,-16.885,409.096,409.096,5072.47
0.7006,-15.75,-15.75,408.846,408.846,5037.783
0.7007,-14.438,-14.438,408.572,408.572,5023.217
0.7008,-13.575,-13.575,408.272,408.272,5019.31
0.7009,-12.198,-12.198,407.956,407.956,5020.937
0.701,-10.687,-10.687,407.61,407.61,5025.325
0.7011,-9.319,-9.319,407.231,407.231,5030.983
0.7012,-8.062,-8.062,406.829,406.829,5037.736
0.7013,-6.681,-6.681,406.407,406.407,5043.3
0.7014,-5.339,-5.339,405.967,405.967,5049.324
0.7015,-4.077,-4.077,405.512,405.512,5055.082
0.7016,-2.928,-2.928,405.046,405.046,5060.529
0.7017,-1.87,-1.87,404.572,404.572,5065.653
0.7018,-0.4,-0.4,404.093,404.093,5070.455
0.7019,-0.0,-0.0,403.61,403.61,5074.947
0.702,-0.0,-0.0,403.125,403.125,5079.145
0.7021,1.379,1.379,402.64,402.64,5083.064
0.7022,1.882,1.882,402.156,402.156,5086.723
0.7023,3.232,3.232,401.674,401.674,5090.138
0.7024,4.241,4.241,401.202,401.202,5093.324
0.7025,5.215,5.215,400.736,400.736,5096.296
0.7026,6.609,6.609,400.278,400.278,5099.069
0.7027,8.015,8.015,399.835,399.835,5101.656
0.7028,9.417,9.417,399.413,399.413,5104.07
0.7029,10.515,10.515,399.017,399.017,5106.321
0.703,11.525,11.525,398.637,398.637,5108.421
0.7031,12.754,12.754,398.265,398.265,5110.381
0.7032,14.25,14.25,397.917,397.917,5112.384
0.7033,15.872,15.872,397.606,397.606,5114.077
0.7034,17.179,17.179,397.347,397.347,5115.504
0.7035,18.095,18.095,397.122,397.122,5116.987
0.7036,19.119,19.119,396.916,396.916,5118.371
0.7037,20.168,20.168,396.739,396.739,5119.662
0.7038,21.37,21.37,396.599,396.599,5120.866
0.7039,22.384,22.384,396.503,396.503,5121.989
0.704,23.236,23.236,396.444,396.444,5123.036
0.7041,24.248,24.248,396.414,396.414,5124.013
0.7042,25.164,25.164,396.42,396.42,5124.924
0.7043,26.359,26.359,396.458,396.458,5125.774
0.7044,27.542,27.542,396.54,396.54,5126.566
0.7045,28.371,28.371,396.67,396.67,5127.305
0.7046,29.174,29.174,396.846,396.846,5127.995
0.7047,29.968,29.968,397.064,397.064,5128.637
0.7048,30.601,30.601,397.316,397.316,5129.237
0.7049,31.48,31.48,397.595,397.595,5129.796
0.705,32.173,32.173,397.92,397.92,5130.317
0.7051,33.042,33.042,398.29,398.29,5130.803
0.7052,33.524,33.524,398.707,398.707,5131.299
0.7053,34.03,34.03,399.141,399.141,5131.719
0.7054,34.681,34.681,399.59,399.59,5132.072
0.7055,35.26,35.26,400.072,400.072,5132.439
0.7056,36.115,36.115,400.586,400.586,5132.782
0.7057,36.416,36.416,401.152,401.152,5133.101
0.7058,36.611,36.611,401.73,401.73,5133.399
0.7059,37.057,37.057,402.317,402.317,5133.676
0.706,37.135,37.135,402.933,402.933,5133.935
0.7061,37.458,37.458,403.561,403.561,5134.176
0.7062,37.468,37.468,404.229,404.229,5134.422
0.7063,37.45,37.45,404.897,404.897,5134.61
0.7064,37.825,37.825,405.569,405.569,5134.806
0.7065,37.719,37.719,406.26,406.26,5134.988
0.7066,37.754,37.754,406.937,406.937,5135.158
0.7067,37.642,37.642,407.631,407.631,5135.316
0.7068,37.419,37.419,408.313,408.313,5135.464
0.7069,37.583,37.583,408.987,408.987,5135.601
0.707,37.363,37.363,409.669,409.669,5135.729
0.7071,37.112,37.112,410.33,410.33,5135.849
0.7072,36.963,36.963,410.991,410.991,5135.971
0.7073,36.568,36.568,411.641,411.641,5136.074
0.7074,36.344,36.344,412.287,412.287,5136.161
0.7075,35.737,35.737,412.929,412.929,5136.251
0.7076,35.397,35.397,413.533,413.533,5136.336
0.7077,35.142,35.142,414.121,414.121,5136.414
0.7078,34.795,34.795,414.688,414.688,5136.487
0.7079,34.434,34.434,415.245,415.245,5136.556
0.708,33.789,33.789,415.78,415.78,5136.619
0.7081,33.126,33.126,416.274,416.274,5136.678
0.7082,32.461,32.461,416.732,416.732,5136.739
0.7083,31.953,31.953,417.158,417.158,5136.785
0.7084,31.366,31.366,417.566,417.566,5136.833
0.7085,30.64,30.64,417.952,417.952,5136.878
0.7086,29.98,29.98,418.304,418.304,5136.92
0.7087,29.1,29.1,418.624,418.624,5136.959
0.7088,28.466,28.466,418.907,418.907,5136.995
0.7089,27.627,27.627,419.162,419.162,5137.029
0.709,26.873,26.873,419.382,419.382,5137.061
0.7091,26.196,26.196,419.568,419.568,5137.09
0.7092,25.144,25.144,419.725,419.725,5137.121
0.7093,24.219,24.219,419.833,419.833,5137.146
0.7094,23.379,23.379,419.893,419.893,5137.168
0.7095,22.578,22.578,419.917,419.917,5137.19
0.7096,21.862,21.862,419.916,419.916,5137.211
0.7097,20.773,20.773,419.899,419.899,5137.23
0.7098,19.536,19.536,419.842,419.842,5137.248
0.7099,18.732,18.732,419.732,419.732,5137.265
0.71,18.016,18.016,419.591,419.591,5137.281
0.7101,17.479,17.479,419.431,419.431,5137.296
0.7102,16.596,16.596,419.266,419.266,5137.311
0.7103,15.019,15.019,419.072,419.072,5137.322
0.7104,13.817,13.817,418.827,418.827,5137.334
0.7105,12.901,12.901,418.551,418.551,5137.345
0.7106,11.898,11.898,418.246,418.246,5137.355
0.7107,10.916,10.916,417.924,417.924,5137.365
0.7108,9.922,9.922,417.577,417.577,5137.374
0.7109,8.823,8.823,417.204,417.204,5137.383
0.711,7.843,7.843,416.81,416.81,5137.39
0.7111,7.047,7.047,416.399,416.399,5137.398
0.7112,5.904,5.904,415.978,415.978,5137.405
0.7113,4.821,4.821,415.541,415.541,5137.412
0.7114,3.655,3.655,415.093,415.093,5137.417
0.7115,2.604,2.604,414.634,414.634,5137.423
0.7116,1.742,1.742,414.167,414.167,5137.428
0.7117,0.889,0.889,413.694,413.694,5137.433
0.7118,0.149,0.149,413.217,413.217,5137.437
0.7119,-0.0,-0.0,412.739,412.739,5137.441
0.712,0.0,0.0,412.26,412.26,5137.445
0.7121,-2.278,-2.278,411.78,411.78,5137.449
0.7122,-1.929,-1.929,411.305,411.305,5137.453
0.7123,-2.619,-2.619,410.832,410.832,5137.456
0.7124,-3.278,-3.278,410.363,410.363,5137.459
0.7125,-4.439,-4.439,409.899,409.899,5137.461
0.7126,-5.415,-5.415,409.445,409.445,5137.464
0.7127,-6.519,-6.519,409.005,409.005,5137.466
0.7128,-7.167,-7.167,408.578,408.578,5137.469
0.7129,-8.072,-8.072,408.156,408.156,5137.471
0.713,-9.286,-9.286,407.746,407.746,5137.473
0.7131,-10.376,-10.376,407.358,407.358,5137.475
0.7132,-11.554,-11.554,407.001,407.001,5137.476
0.7133,-12.279,-12.279,406.676,406.676,5137.478
0.7134,-12.81,-12.81,406.364,406.364,5137.479
0.7135,-13.799,-13.799,406.067,406.067,5137.481
0.7136,-14.835,-14.835,405.798,405.798,5137.482
0.7137,-15.779,-15.779,405.566,405.566,5137.483
0.7138,-16.545,-16.545,405.365,405.365,5137.484
0.7139,-17.166,-17.166,405.189,405.189,5137.485
0.714,-17.847,-17.847,405.033,405.033,5137.486
0.7141,-18.624,-18.624,404.902,404.902,5137.487
0.7142,-19.276,-19.276,404.799,404.799,5137.488
0.7143,-20.066,-20.066,404.723,404.723,5137.489
0.7144,-20.846,-20.846,404.68,404.68,5137.49
0.7145,-21.431,-21.431,404.67,404.67,5137.49
0.7146,-22.228,-22.228,404.688,404.688,5137.491
0.7147,-22.795,-22.795,404.733,404.733,5137.492
0.7148,-23.404,-23.404,404.806,404.806,5137.492
0.7149,-24.024,-24.024,404.912,404.912,5137.493
0.715,-24.485,-24.485,405.059,405.059,5137.493
0.7151,-25.151,-25.151,405.23,405.23,5137.494
0.7152,-25.488,-25.488,405.421,405.421,5137.494
0.7153,-25.934,-25.934,405.633,405.633,5137.495
0.7154,-26.196,-26.196,405.866,405.866,5137.495
0.7155,-26.362,-26.362,406.128,406.128,5137.495
0.7156,-26.568,-26.568,406.404,406.404,5137.496
0.7157,-26.611,-26.611,406.682,406.682,5137.496
0.7158,-27.0,-27.0,406.973,406.973,5137.496
0.7159,-27.215,-27.215,407.279,407.279,5137.496
0.716,-27.511,-27.511,407.613,407.613,5137.497
0.7161,-27.57,-27.57,407.965,407.965,5137.497
0.7162,-27.486,-27.486,408.316,408.316,5137.497
0.7163,-27.779,-27.779,408.675,408.675,5137.497
0.7164,-27.861,-27.861,409.044,409.044,5137.497
0.7165,-28.036,-28.036,409.425,409.425,5137.498
0.7166,-27.925,-27.925,409.818,409.818,5137.498
0.7167,-27.851,-27.851,410.203,410.203,5137.498
0.7168,-27.887,-27.887,410.591,410.591,5137.498
0.7169,-27.608,-27.608,410.977,410.977,5137.498
0.717,-27.494,-27.494,411.35,411.35,5137.498
0.7171,-27.338,-27.338,411.725,411.725,5137.498
0.7172,-27.209,-27.209,412.087,412.087,5137.499
0.7173,-26.922,-26.922,412.452,412.452,5137.499
0.7174,-26.424,-26.424,412.802,412.802,5137.499
0.7175,-26.246,-26.246,413.125,413.125,5137.499
0.7176,-26.209,-26.209,413.445,413.445,5137.499
0.7177,-25.909,-25.909,413.758,413.758,5137.499
0.7178,-25.751,-25.751,414.065,414.065,5137.499
0.7179,-25.375,-25.375,414.359,414.359,5137.499
0.718,-24.693,-24.693,414.625,414.625,5137.499
0.7181,-24.491,-24.491,414.866,414.866,5137.499
0.7182,-24.204,-24.204,415.094,415.094,5137.499
0.7183,-23.698,-23.698,415.306,415.306,5137.499
0.7184,-23.171,-23.171,415.495,415.495,5137.499
0.7185,-22.499,-22.499,415.654,415.654,5137.499
0.7186,-22.377,-22.377,415.786,415.786,5137.499
0.7187,-21.876,-21.876,415.904,415.904,5137.499
0.7188,-21.273,-21.273,416.0,416.0,5137.5
0.7189,-20.623,-20.623,416.075,416.075,5137.5
0.719,-19.864,-19.864,416.123,416.123,5137.5
0.7191,-19.357,-19.357,416.14,416.14,5137.5
0.7192,-18.584,-18.584,416.128,416.128,5137.5
0.7193,-18.06,-18.06,416.083,416.083,5137.5
0.7194,-17.555,-17.555,416.016,416.016,5137.5
0.7195,-16.839,-16.839,415.931,415.931,5137.5
0.7196,-15.99,-15.99,415.822,415.822,5137.5
0.7197,-15.032,-15.032,415.675,415.675,5137.5
0.7198,-14.513,-14.513,415.49,415.49,5137.5
0.7199,-14.155,-14.155,415.289,415.289,5137.5
0.72,-13.709,-13.709,415.082,415.082,5137.5
0.7201,-12.845,-12.845,414.863,414.863,5137.5
0.7202,-11.537,-11.537,414.609,414.609,5137.5
0.7203,-10.988,-10.988,414.315,414.315,5137.5
0.7204,-10.359,-10.359,414.001,414.001,5137.5
0.7205,-9.987,-9.987,413.671,413.671,5137.5
0.7206,-9.148,-9.148,413.328,413.328,5137.5
0.7207,-7.969,-7.969,412.962,412.962,5137.5
0.7208,-7.669,-7.669,412.571,412.571,5137.5
0.7209,-6.893,-6.893,412.171,412.171,5137.5
0.721,-6.249,-6.249,411.758,411.758,5137.5
0.7211,-5.467,-5.467,411.335,411.335,5137.5
0.7212,-4.599,-4.599,410.9,410.9,5137.5
0.7213,-3.744,-3.744,410.45,410.45,5137.5
0.7214,-2.876,-2.876,409.99,409.99,5137.5
0.7215,-2.153,-2.153,409.522,409.522,5137.5
0.7216,-1.163,-1.163,409.046,409.046,5137.5
0.7217,-0.621,-0.621,408.565,408.565,5137.5
0.7218,-1.179,-1.179,408.081,408.081,5137.5
0.7219,0.0,0.0,407.597,407.597,5137.5
0.722,-0.0,-0.0,407.112,407.112,5137.5
0.7221,1.248,1.248,406.627,406.627,5137.5
0.7222,1.534,1.534,406.144,406.144,5137.5
0.7223,2.433,2.433,405.661,405.661,5137.5
0.7224,3.042,3.042,405.184,405.184,5137.5
0.7225,4.05,4.05,404.712,404.712,5137.5
0.7226,4.746,4.746,404.25,404.25,5137.5
0.7227,5.22,5.22,403.796,403.796,5137.5
0.7228,6.021,6.021,403.346,403.346,5137.5
0.7229,6.878,6.878,402.91,402.91,5137.5
0.723,8.048,8.048,402.492,402.492,5137.5
0.7231,9.044,9.044,402.103,402.103,5137.5
0.7232,9.288,9.288,401.731,401.731,5137.5
0.7233,10.044,10.044,401.362,401.362,5137.5
0.7234,10.876,10.876,401.011,401.011,5137.5
0.7235,11.715,11.715,400.684,400.684,5137.5
0.7236,12.384,12.384,400.388,400.388,5137.5
0.7237,12.766,12.766,400.114,400.114,5137.5
0.7238,13.555,13.555,399.85,399.85,5137.5
0.7239,14.336,14.336,399.61,399.61,5137.5
0.724,14.958,14.958,399.397,399.397,5137.5
0.7241,15.589,15.589,399.21,399.21,5137.5
0.7242,16.072,16.072,399.05,399.05,5137.5
0.7243,16.579,16.579,398.912,398.912,5137.5
0.7244,17.123,17.123,398.798,398.798,5137.5
0.7245,17.503,17.503,398.704,398.704,5137.5
0.7246,18.307,18.307,398.63,398.63,5137.5
0.7247,18.573,18.573,398.586,398.586,5137.5
0.7248,19.048,19.048,398.565,398.565,5137.5
0.7249,19.377,19.377,398.57,398.57,5137.5
0.725,19.638,19.638,398.589,398.589,5137.5
0.7251,20.295,20.295,398.62,398.62,5137.5
0.7252,20.495,20.495,398.683,398.683,5137.5
0.7253,21.134,21.134,398.766,398.766,5137.5
0.7254,21.65,21.65,398.884,398.884,5137.5
0.7255,21.723,21.723,399.018,399.018,5137.5
0.7256,22.389,22.389,399.158,399.158,5137.5
0.7257,22.392,22.392,399.324,399.324,5137.5
0.7258,22.93,22.93,399.501,399.501,5137.5
0.7259,22.815,22.815,399.71,399.71,5137.5
0.726,22.571,22.571,399.916,399.916,5137.5
0.7261,23.226,23.226,400.12,400.12,5137.5
0.7262,23.173,23.173,400.35,400.35,5137.5
0.7263,23.666,23.666,400.576,400.576,5137.5
0.7264,23.804,23.804,400.835,400.835,5137.5
0.7265,23.477,23.477,401.094,401.094,5137.5
0.7266,24.088,24.088,401.352,401.352,5137.5
0.7267,23.902,23.902,401.63,401.63,5137.5
0.7268,23.967,23.967,401.892,401.892,5137.5
0.7269,23.916,23.916,402.167,402.167,5137.5
0.727,23.589,23.589,402.437,402.437,5137.5
0.7271,23.832,23.832,402.703,402.703,5137.5
0.7272,23.396,23.396,402.973,402.973,5137.5
0.7273,23.303,23.303,403.217,403.217,5137.5
0.7274,23.502,23.502,403.464,403.464,5137.5
0.7275,23.118,23.118,403.708,403.708,5137.5
0.7276,23.085,23.085,403.946,403.946,5137.5
0.7277,22.652,22.652,404.177,404.177,5137.5
0.7278,22.366,22.366,404.381,404.381,5137.5
0.7279,22.319,22.319,404.573,404.573,5137.5
0.728,21.743,21.743,404.755,404.755,5137.5
0.7281,21.756,21.756,404.922,404.922,5137.5
0.7282,21.236,21.236,405.081,405.081,5137.5
0.7283,20.832,20.832,405.21,405.21,5137.5
0.7284,20.536,20.536,405.317,405.317,5137.5
0.7285,20.148,20.148,405.408,405.408,5137.5
0.7286,19.79,19.79,405.483,405.483,5137.5
0.7287,19.272,19.272,405.54,405.54,5137.5
0.7288,18.897,18.897,405.573,405.573,5137.5
0.7289,18.492,18.492,405.587,405.587,5137.5
0.729,17.795,17.795,405.577,405.577,5137.5
0.7291,17.491,17.491,405.537,405.537,5137.5
0.7292,16.943,16.943,405.479,405.479,5137.5
0.7293,16.451,16.451,405.398,405.398,5137.5
0.7294,15.923,15.923,405.302,405.302,5137.5
0.7295,14.914,14.914,405.178,405.178,5137.5
0.7296,14.578,14.578,405.015,405.015,5137.5
0.7297,14.137,14.137,404.833,404.833,5137.5
0.7298,13.902,13.902,404.636,404.636,5137.5
0.7299,13.434,13.434,404.436,404.436,5137.5
0.73,12.331,12.331,404.21,404.21,5137.5
0.7301,11.601,11.601,403.94,403.94,5137.5
0.7302,11.063,11.063,403.644,403.644,5137.5
0.7303,10.79,10.79,403.329,403.329,5137.5
0.7304,10.189,10.189,403.009,403.009,5137.5
0.7305,9.141,9.141,402.672,402.672,5137.5
0.7306,8.461,8.461,402.305,402.305,5137.5
0.7307,7.712,7.712,401.922,401.922,5137.5
0.7308,7.281,7.281,401.523,401.523,5137.5
0.7309,6.644,6.644,401.116,401.116,5137.5
0.731,5.546,5.546,400.694,400.694,5137.5
0.7311,4.618,4.618,400.252,400.252,5137.5
0.7312,3.976,3.976,399.796,399.796,5137.5
0.7313,3.199,3.199,399.328,399.328,5137.5
0.7314,2.496,2.496,398.851,398.851,5137.5
0.7315,1.805,1.805,398.367,398.367,5137.5
0.7316,1.141,1.141,397.876,397.876,5137.5
0.7317,0.735,0.735,397.381,397.381,5137.5
0.7318,1.174,1.174,396.884,396.884,5137.5
0.7319,0.189,0.189,396.386,396.386,5137.5
0.732,0.0,0.0,395.887,395.887,5137.5
0.7321,-1.437,-1.437,395.388,395.388,5137.5
0.7322,-1.615,-1.615,394.89,394.89,5137.5
0.7323,-2.274,-2.274,394.393,394.393,5137.5
0.7324,-2.951,-2.951,393.903,393.903,5137.5
0.7325,-3.612,-3.612,393.418,393.418,5137.5
0.7326,-4.232,-4.232,392.938,392.938,5137.5
0.7327,-5.349,-5.349,392.467,392.467,5137.5
0.7328,-6.032,-6.032,392.009,392.009,5137.5
0.7329,-6.991,-6.991,391.569,391.569,5137.5
0.733,-7.502,-7.502,391.147,391.147,5137.5
0.7331,-8.153,-8.153,390.73,390.73,5137.5
0.7332,-9.213,-9.213,390.324,390.324,5137.5
0.7333,-10.334,-10.334,389.941,389.941,5137.5
0.7334,-11.292,-11.292,389.592,389.592,5137.5
0.7335,-11.982,-11.982,389.273,389.273,5137.5
0.7336,-12.455,-12.455,388.968,388.968,5137.5
0.7337,-13.302,-13.302,388.676,388.676,5137.5
0.7338,-14.336,-14.336,388.409,388.409,5137.5
0.7339,-15.379,-15.379,388.175,388.175,5137.5
0.734,-15.929,-15.929,387.976,387.976,5137.5
0.7341,-16.624,-16.624,387.8,387.8,5137.5
0.7342,-17.394,-17.394,387.65,387.65,5137.5
0.7343,-18.156,-18.156,387.53,387.53,5137.5
0.7344,-18.873,-18.873,387.44,387.44,5137.5
0.7345,-19.494,-19.494,387.383,387.383,5137.5
0.7346,-20.387,-20.387,387.355,387.355,5137.5
0.7347,-21.067,-21.067,387.366,387.366,5137.5
0.7348,-21.671,-21.671,387.405,387.405,5137.5
0.7349,-22.234,-22.234,387.466,387.466,5137.5
0.735,-22.952,-22.952,387.554,387.554,5137.5
0.7351,-23.598,-23.598,387.673,387.673,5137.5
0.7352,-24.045,-24.045,387.834,387.834,5137.5
0.7353,-24.453,-24.453,388.019,388.019,5137.5
0.7354,-24.959,-24.959,388.216,388.216,5137.5
0.7355,-25.504,-25.504,388.441,388.441,5137.5
0.7356,-26.059,-26.059,388.689,388.689,5137.5
0.7357,-26.653,-26.653,388.979,388.979,5137.5
0.7358,-26.722,-26.722,389.296,389.296,5137.5
0.7359,-27.097,-27.097,389.612,389.612,5137.5
0.736,-27.453,-27.453,389.951,389.951,5137.5
0.7361,-27.745,-27.745,390.302,390.302,5137.5
0.7362,-28.163,-28.163,390.679,390.679,5137.5
0.7363,-28.189,-28.189,391.075,391.075,5137.5
0.7364,-28.405,-28.405,391.466,391.466,5137.5
0.7365,-28.558,-28.558,391.877,391.877,5137.5
0.7366,-28.52,-28.52,392.288,392.288,5137.5
0.7367,-28.874,-28.874,392.704,392.704,5137.5
0.7368,-28.819,-28.819,393.141,393.141,5137.5
0.7369,-28.876,-28.876,393.571,393.571,5137.5
0.737,-28.806,-28.806,394.014,394.014,5137.5
0.7371,-28.595,-28.595,394.447,394.447,5137.5
0.7372,-28.806,-28.806,394.867,394.867,5137.5
0.7373,-28.522,-28.522,395.296,395.296,5137.5
0.7374,-28.462,-28.462,395.708,395.708,5137.5
0.7375,-28.197,-28.197,396.122,396.122,5137.5
0.7376,-27.975,-27.975,396.516,396.516,5137.5
0.7377,-27.867,-27.867,396.884,396.884,5137.5
0.7378,-27.669,-27.669,397.247,397.247,5137.5
0.7379,-27.632,-27.632,397.599,397.599,5137.5
0.738,-27.31,-27.31,397.952,397.952,5137.5
0.7381,-26.643,-26.643,398.284,398.284,5137.5
0.7382,-26.181,-26.181,398.581,398.581,5137.5
0.7383,-25.921,-25.921,398.855,398.855,5137.5
0.7384,-25.553,-25.553,399.113,399.113,5137.5
0.7385,-25.24,-25.24,399.355,399.355,5137.5
0.7386,-24.704,-24.704,399.576,399.576,5137.5
0.7387,-24.161,-24.161,399.765,399.765,5137.5
0.7388,-23.714,-23.714,399.924,399.924,5137.5
0.7389,-23.213,-23.213,400.058,400.058,5137.5
0.739,-22.712,-22.712,400.166,400.166,5137.5
0.7391,-22.314,-22.314,400.25,400.25,5137.5
0.7392,-21.813,-21.813,400.314,400.314,5137.5
0.7393,-20.858,-20.858,400.35,400.35,5137.5
0.7394,-20.064,-20.064,400.344,400.344,5137.5
0.7395,-19.663,-19.663,400.301,400.301,5137.5
0.7396,-19.179,-19.179,400.239,400.239,5137.5
0.7397,-18.569,-18.569,400.162,400.162,5137.5
0.7398,-17.502,-17.502,400.065,400.065,5137.5
0.7399,-16.447,-16.447,399.92,399.92,5137.5
0.74,-15.89,-15.89,399.731,399.731,5137.5
0.7401,-15.283,-15.283,399.519,399.519,5137.5
0.7402,-14.813,-14.813,399.294,399.294,5137.5
0.7403,-13.732,-13.732,399.058,399.058,5137.5
0.7404,-12.525,-12.525,398.784,398.784,5137.5
0.7405,-11.87,-11.87,398.473,398.473,5137.5
0.7406,-10.781,-10.781,398.14,398.14,5137.5
0.7407,-10.237,-10.237,397.785,397.785,5137.5
0.7408,-9.212,-9.212,397.416,397.416,5137.5
0.7409,-8.203,-8.203,397.023,397.023,5137.5
0.741,-7.482,-7.482,396.606,396.606,5137.5
0.7411,-6.456,-6.456,396.174,396.174,5137.5
0.7412,-5.683,-5.683,395.726,395.726,5137.5
0.7413,-4.808,-4.808,395.266,395.266,5137.5
0.7414,-3.753,-3.753,394.795,394.795,5137.5
0.7415,-2.939,-2.939,394.313,394.313,5137.5
0.7416,-2.051,-2.051,393.823,393.823,5137.5
0.7417,-1.141,-1.141,393.326,393.326,5137.5
0.7418,-0.337,-0.337,392.825,392.825,5137.5
0.7419,-0.0,-0.0,392.322,392.322,5137.5
0.742,0.0,0.0,391.818,391.818,5137.5
0.7421,1.776,1.776,391.313,391.313,5137.5
0.7422,1.58,1.58,390.811,390.811,5137.5
0.7423,2.218,2.218,390.311,390.311,5137.5
0.7424,2.879,2.879,389.816,389.816,5137.5
0.7425,4.008,4.008,389.324,389.324,5137.5
0.7426,4.801,4.801,388.843,388.843,5137.5
0.7427,6.085,6.085,388.373,388.373,5137.5
0.7428,6.95,6.95,387.922,387.922,5137.5
0.7429,7.591,7.591,387.481,387.481,5137.5
0.743,8.949,8.949,387.046,387.046,5137.5
0.7431,10.155,10.155,386.633,386.633,5137.5
0.7432,11.476,11.476,386.249,386.249,5137.5
0.7433,12.628,12.628,385.903,385.903,5137.5
0.7434,13.466,13.466,385.584,385.584,5137.5
0.7435,14.392,14.392,385.278,385.278,5137.5
0.7436,15.442,15.442,384.997,384.997,5137.5
0.7437,16.514,16.514,384.752,384.752,5137.5
0.7438,17.373,17.373,384.548,384.548,5137.5
0.7439,18.247,18.247,384.374,384.374,5137.5
0.744,19.191,19.191,384.229,384.229,5137.5
0.7441,19.893,19.893,384.116,384.116,5137.5
0.7442,20.768,20.768,384.033,384.033,5137.5
0.7443,21.697,21.697,383.985,383.985,5137.5
0.7444,22.549,22.549,383.975,383.975,5137.5
0.7445,23.464,23.464,384.003,384.003,5137.5
0.7446,24.155,24.155,384.068,384.068,5137.5
0.7447,24.925,24.925,384.162,384.162,5137.5
0.7448,25.882,25.882,384.283,384.283,5137.5
0.7449,26.757,26.757,384.445,384.445,5137.5
0.745,27.735,27.735,384.655,384.655,5137.5
0.7451,28.195,28.195,384.911,384.911,5137.5
0.7452,28.699,28.699,385.19,385.19,5137.5
0.7453,29.397,29.397,385.491,385.491,5137.5
0.7454,29.968,29.968,385.83,385.83,5137.5
0.7455,30.871,30.871,386.207,386.207,5137.5
0.7456,31.087,31.087,386.636,386.636,5137.5
0.7457,31.397,31.397,387.074,387.074,5137.5
0.7458,31.955,31.955,387.523,387.523,5137.5
0.7459,32.257,32.257,387.997,387.997,5137.5
0.746,33.093,33.093,388.484,388.484,5137.5
0.7461,33.016,33.016,389.018,389.018,5137.5
0.7462,33.054,33.054,389.546,389.546,5137.5
0.7463,33.559,33.559,390.079,390.079,5137.5
0.7464,33.816,33.816,390.636,390.636,5137.5
0.7465,34.158,34.158,391.2,391.2,5137.5
0.7466,34.22,34.22,391.801,391.801,5137.5
0.7467,34.253,34.253,392.404,392.404,5137.5
0.7468,34.499,34.499,393.016,393.016,5137.5
0.7469,34.264,34.264,393.639,393.639,5137.5
0.747,34.356,34.356,394.242,394.242,5137.5
0.7471,34.009,34.009,394.856,394.856,5137.5
0.7472,33.643,33.643,395.448,395.448,5137.5
0.7473,33.747,33.747,396.029,396.029,5137.5
0.7474,33.511,33.511,396.608,396.608,5137.5
0.7475,33.46,33.46,397.157,397.157,5137.5
0.7476,33.204,33.204,397.699,397.699,5137.5
0.7477,32.972,32.972,398.226,398.226,5137.5
0.7478,32.92,32.92,398.749,398.749,5137.5
0.7479,32.493,32.493,399.27,399.27,5137.5
0.748,32.136,32.136,399.76,399.76,5137.5
0.7481,31.798,31.798,400.228,400.228,5137.5
0.7482,31.45,31.45,400.677,400.677,5137.5
0.7483,31.036,31.036,401.116,401.116,5137.5
0.7484,30.434,30.434,401.53,401.53,5137.5
0.7485,29.816,29.816,401.906,401.906,5137.5
0.7486,29.243,29.243,402.243,402.243,5137.5
0.7487,28.625,28.625,402.547,402.547,5137.5
0.7488,28.138,28.138,402.822,402.822,5137.5
0.7489,27.445,27.445,403.069,403.069,5137.5
0.749,26.896,26.896,403.284,403.284,5137.5
0.7491,26.113,26.113,403.473,403.473,5137.5
0.7492,25.497,25.497,403.625,403.625,5137.5
0.7493,24.59,24.59,403.743,403.743,5137.5
0.7494,23.952,23.952,403.822,403.822,5137.5
0.7495,23.341,23.341,403.878,403.878,5137.5
0.7496,22.407,22.407,403.916,403.916,5137.5
0.7497,21.443,21.443,403.911,403.911,5137.5
0.7498,20.469,20.469,403.853,403.853,5137.5
0.7499,19.768,19.768,403.756,403.756,5137.5
0.75,19.226,19.226,403.638,403.638,5137.5
0.7501,18.45,18.45,403.513,403.513,5137.5
0.7502,17.156,17.156,403.357,403.357,5137.5
0.7503,16.147,16.147,403.148,403.148,5137.5
0.7504,15.288,15.288,402.905,402.905,5137.5
0.7505,14.612,14.612,402.633,402.633,5137.5
0.7506,13.664,13.664,402.346,402.346,5137.5
0.7507,12.635,12.635,402.033,402.033,5137.5
0.7508,11.326,11.326,401.687,401.687,5137.5
0.7509,10.468,10.468,401.317,401.317,5137.5
0.751,9.438,9.438,400.926,400.926,5137.5
0.7511,8.399,8.399,400.522,400.522,5137.5
0.7512,7.075,7.075,400.1,400.1,5137.5
0.7513,5.843,5.843,399.659,399.659,5137.5
0.7514,4.758,4.758,399.202,399.202,5137.5
0.7515,3.595,3.595,398.731,398.731,5137.5
0.7516,2.55,2.55,398.249,398.249,5137.5
0.7517,1.481,1.481,397.76,397.76,5137.5
0.7518,0.537,0.537,397.265,397.265,5137.5
0.7519,0.0,0.0,396.767,396.767,5137.5
0.752,0.0,0.0,396.269,396.269,5137.5
0.7521,-0.879,-0.879,395.771,395.771,5137.5
0.7522,-1.541,-1.541,395.274,395.274,5137.5
0.7523,-2.352,-2.352,394.779,394.779,5137.5
0.7524,-3.42,-3.42,394.288,394.288,5137.5
0.7525,-4.494,-4.494,393.803,393.803,5137.5
0.7526,-5.608,-5.608,393.331,393.331,5137.5
0.7527,-6.4,-6.4,392.871,392.871,5137.5
0.7528,-7.402,-7.402,392.417,392.417,5137.5
0.7529,-8.948,-8.948,391.975,391.975,5137.5
0.753,-10.245,-10.245,391.558,391.558,5137.5
0.7531,-11.492,-11.492,391.175,391.175,5137.5
0.7532,-12.208,-12.208,390.824,390.824,5137.5
0.7533,-12.959,-12.959,390.485,390.485,5137.5
0.7534,-14.172,-14.172,390.16,390.16,5137.5
0.7535,-15.519,-15.519,389.867,389.867,5137.5
0.7536,-16.725,-16.725,389.617,389.617,5137.5
0.7537,-17.583,-17.583,389.407,389.407,5137.5
0.7538,-18.491,-18.491,389.22,389.22,5137.5
0.7539,-19.588,-19.588,389.058,389.058,5137.5
0.754,-20.773,-20.773,388.93,388.93,5137.5
0.7541,-21.83,-21.83,388.844,388.844,5137.5
0.7542,-22.919,-22.919,388.797,388.797,5137.5
0.7543,-23.816,-23.816,388.796,388.796,5137.5
0.7544,-24.621,-24.621,388.832,388.832,5137.5
0.7545,-25.468,-25.468,388.904,388.904,5137.5
0.7546,-26.259,-26.259,389.01,389.01,5137.5
0.7547,-27.249,-27.249,389.154,389.154,5137.5
0.7548,-28.21,-28.21,389.342,389.342,5137.5
0.7549,-28.849,-28.849,389.58,389.58,5137.5
0.755,-29.445,-29.445,389.849,389.849,5137.5
0.7551,-30.084,-30.084,390.136,390.136,5137.5
0.7552,-30.917,-30.917,390.455,390.455,5137.5
0.7553,-31.628,-31.628,390.813,390.813,5137.5
0.7554,-32.245,-32.245,391.219,391.219,5137.5
0.7555,-32.862,-32.862,391.656,391.656,5137.5
0.7556,-33.094,-33.094,392.11,392.11,5137.5
0.7557,-33.777,-33.777,392.587,392.587,5137.5
0.7558,-34.116,-34.116,393.094,393.094,5137.5
0.7559,-34.67,-34.67,393.637,393.637,5137.5
0.756,-34.79,-34.79,394.212,394.212,5137.5
0.7561,-34.974,-34.974,394.783,394.783,5137.5
0.7562,-35.223,-35.223,395.374,395.374,5137.5
0.7563,-35.374,-35.374,395.97,395.97,5137.5
0.7564,-35.838,-35.838,396.586,396.586,5137.5
0.7565,-35.928,-35.928,397.223,397.223,5137.5
0.7566,-35.95,-35.95,397.854,397.854,5137.5
0.7567,-35.957,-35.957,398.498,398.498,5137.5
0.7568,-35.789,-35.789,399.138,399.138,5137.5
0.7569,-36.061,-36.061,399.772,399.772,5137.5
0.757,-35.988,-35.988,400.423,400.423,5137.5
0.7571,-35.854,-35.854,401.069,401.069,5137.5
0.7572,-35.69,-35.69,401.723,401.723,5137.5
0.7573,-35.165,-35.165,402.365,402.365,5137.5
0.7574,-35.136,-35.136,402.971,402.971,5137.5
0.7575,-34.918,-34.918,403.577,403.577,5137.5
0.7576,-34.495,-34.495,404.165,404.165,5137.5
0.7577,-34.198,-34.198,404.742,404.742,5137.5
0.7578,-33.711,-33.711,405.295,405.295,5137.5
0.7579,-33.412,-33.412,405.809,405.809,5137.5
0.758,-33.24,-33.24,406.309,406.309,5137.5
0.7581,-32.852,-32.852,406.798,406.798,5137.5
0.7582,-32.394,-32.394,407.276,407.276,5137.5
0.7583,-31.747,-31.747,407.73,407.73,5137.5
0.7584,-31.167,-31.167,408.145,408.145,5137.5
0.7585,-30.662,-30.662,408.531,408.531,5137.5
0.7586,-30.085,-30.085,408.891,408.891,5137.5
0.7587,-29.519,-29.519,409.224,409.224,5137.5
0.7588,-28.69,-28.69,409.528,409.528,5137.5
0.7589,-27.959,-27.959,409.793,409.793,5137.5
0.759,-27.347,-27.347,410.019,410.019,5137.5
0.7591,-26.425,-26.425,410.21,410.21,5137.5
0.7592,-25.616,-25.616,410.36,410.36,5137.5
0.7593,-24.937,-24.937,410.479,410.479,5137.5
0.7594,-24.212,-24.212,410.573,410.573,5137.5
0.7595,-23.371,-23.371,410.638,410.638,5137.5
0.7596,-22.084,-22.084,410.662,410.662,5137.5
0.7597,-21.134,-21.134,410.635,410.635,5137.5
0.7598,-20.522,-20.522,410.578,410.578,5137.5
0.7599,-19.943,-19.943,410.507,410.507,5137.5
0.76,-18.809,-18.809,410.417,410.417,5137.5
0.7601,-17.364,-17.364,410.275,410.275,5137.5
0.7602,-16.587,-16.587,410.078,410.078,5137.5
0.7603,-15.801,-15.801,409.852,409.852,5137.5
0.7604,-15.165,-15.165,409.607,409.607,5137.5
0.7605,-14.109,-14.109,409.347,409.347,5137.5
0.7606,-12.736,-12.736,409.055,409.055,5137.5
0.7607,-12.048,-12.048,408.73,408.73,5137.5
0.7608,-11.02,-11.02,408.388,408.388,5137.5
0.7609,-10.3,-10.3,408.027,408.027,5137.5
0.761,-9.147,-9.147,407.654,407.654,5137.5
0.7611,-7.979,-7.979,407.257,407.257,5137.5
0.7612,-6.837,-6.837,406.837,406.837,5137.5
0.7613,-5.661,-5.661,406.401,406.401,5137.5
0.7614,-4.664,-4.664,405.948,405.948,5137.5
0.7615,-3.587,-3.587,405.483,405.483,5137.5
0.7616,-2.498,-2.498,405.009,405.009,5137.5
0.7617,-1.588,-1.588,404.527,404.527,5137.5
0.7618,-0.771,-0.771,404.04,404.04,5137.5
0.7619,-0.0,-0.0,403.551,403.551,5137.5
0.762,-0.0,-0.0,403.061,403.061,5137.5
0.7621,0.507,0.507,402.571,402.571,5137.5
0.7622,1.695,1.695,402.081,402.081,5137.5
0.7623,2.215,2.215,401.594,401.594,5137.5
0.7624,3.326,3.326,401.11,401.11,5137.5
0.7625,4.08,4.08,400.635,400.635,5137.5
0.7626,4.996,4.996,400.168,400.168,5137.5
0.7627,6.268,6.268,399.707,399.707,5137.5
0.7628,7.294,7.294,399.263,399.263,5137.5
0.7629,8.531,8.531,398.837,398.837,5137.5
0.763,9.538,9.538,398.438,398.438,5137.5
0.7631,10.173,10.173,398.055,398.055,5137.5
0.7632,11.359,11.359,397.678,397.678,5137.5
0.7633,12.836,12.836,397.325,397.325,5137.5
0.7634,14.149,14.149,397.01,397.01,5137.5
0.7635,15.122,15.122,396.738,396.738,5137.5
0.7636,15.746,15.746,396.493,396.493,5137.5
0.7637,16.622,16.622,396.261,396.261,5137.5
0.7638,17.649,17.649,396.053,396.053,5137.5
0.7639,18.677,18.677,395.878,395.878,5137.5
0.764,19.438,19.438,395.741,395.741,5137.5
0.7641,20.398,20.398,395.634,395.634,5137.5
0.7642,21.409,21.409,395.559,395.559,5137.5
0.7643,22.053,22.053,395.523,395.523,5137.5
0.7644,22.671,22.671,395.516,395.516,5137.5
0.7645,23.432,23.432,395.541,395.541,5137.5
0.7646,24.297,24.297,395.602,395.602,5137.5
0.7647,25.137,25.137,395.707,395.707,5137.5
0.7648,25.832,25.832,395.851,395.851,5137.5
0.7649,26.285,26.285,396.023,396.023,5137.5
0.765,27.008,27.008,396.209,396.209,5137.5
0.7651,27.695,27.695,396.429,396.429,5137.5
0.7652,28.63,28.63,396.687,396.687,5137.5
0.7653,28.93,28.93,396.988,396.988,5137.5
0.7654,29.31,29.31,397.302,397.302,5137.5
0.7655,29.882,29.882,397.63,397.63,5137.5
0.7656,30.217,30.217,397.994,397.994,5137.5
0.7657,30.941,30.941,398.386,398.386,5137.5
0.7658,31.229,31.229,398.826,398.826,5137.5
0.7659,31.218,31.218,399.279,399.279,5137.5
0.766,31.623,31.623,399.736,399.736,5137.5
0.7661,31.782,31.782,400.214,400.214,5137.5
0.7662,32.109,32.109,400.698,400.698,5137.5
0.7663,32.172,32.172,401.208,401.208,5137.5
0.7664,32.002,32.002,401.715,401.715,5137.5
0.7665,32.309,32.309,402.216,402.216,5137.5
0.7666,32.425,32.425,402.73,402.73,5137.5
0.7667,32.612,32.612,403.241,403.241,5137.5
0.7668,32.746,32.746,403.775,403.775,5137.5
0.7669,32.472,32.472,404.312,404.312,5137.5
0.767,32.503,32.503,404.85,404.85,5137.5
0.7671,32.308,32.308,405.394,405.394,5137.5
0.7672,32.003,32.003,405.922,405.922,5137.5
0.7673,32.011,32.011,406.444,406.444,5137.5
0.7674,31.688,31.688,406.958,406.958,5137.5
0.7675,31.464,31.464,407.463,407.463,5137.5
0.7676,31.094,31.094,407.953,407.953,5137.5
0.7677,30.622,30.622,408.411,408.411,5137.5
0.7678,30.318,30.318,408.844,408.844,5137.5
0.7679,29.908,29.908,409.256,409.256,5137.5
0.768,29.679,29.679,409.659,409.659,5137.5
0.7681,29.129,29.129,410.049,410.049,5137.5
0.7682,28.553,28.553,410.41,410.41,5137.5
0.7683,28.242,28.242,410.74,410.74,5137.5
0.7684,27.911,27.911,411.056,411.056,5137.5
0.7685,27.475,27.475,411.36,411.36,5137.5
0.7686,26.744,26.744,411.641,411.641,5137.5
0.7687,26.008,26.008,411.888,411.888,5137.5
0.7688,25.24,25.24,412.099,412.099,5137.5
0.7689,24.504,24.504,412.272,412.272,5137.5
0.769,23.765,23.765,412.412,412.412,5137.5
0.7691,23.307,23.307,412.518,412.518,5137.5
0.7692,22.618,22.618,412.601,412.601,5137.5
0.7693,21.756,21.756,412.658,412.658,5137.5
0.7694,21.037,21.037,412.677,412.677,5137.5
0.7695,20.366,20.366,412.657,412.657,5137.5
0.7696,19.864,19.864,412.609,412.609,5137.5
0.7697,19.209,19.209,412.543,412.543,5137.5
0.7698,18.237,18.237,412.465,412.465,5137.5
0.7699,17.139,17.139,412.349,412.349,5137.5
0.77,16.139,16.139,412.183,412.183,5137.5
0.7701,15.442,15.442,411.982,411.982,5137.5
0.7702,14.907,14.907,411.762,411.762,5137.5
0.7703,14.186,14.186,411.532,411.532,5137.5
0.7704,12.907,12.907,411.28,411.28,5137.5
0.7705,11.886,11.886,410.985,410.985,5137.5
0.7706,11.314,11.314,410.665,410.665,5137.5
0.7707,10.505,10.505,410.325,410.325,5137.5
0.7708,9.737,9.737,409.971,409.971,5137.5
0.7709,8.423,8.423,409.598,409.598,5137.5
0.771,7.424,7.424,409.198,409.198,5137.5
0.7711,6.621,6.621,408.78,408.78,5137.5
0.7712,5.488,5.488,408.347,408.347,5137.5
0.7713,4.799,4.799,407.901,407.901,5137.5
0.7714,3.749,3.749,407.445,407.445,5137.5
0.7715,2.773,2.773,406.977,406.977,5137.5
0.7716,1.862,1.862,406.502,406.502,5137.5
0.7717,0.866,0.866,406.02,406.02,5137.5
0.7718,1.681,1.681,405.534,405.534,5137.5
0.7719,0.633,0.633,405.048,405.048,5137.5
0.772,-0.021,-0.021,404.559,404.559,5137.5
0.7721,-1.544,-1.544,404.07,404.07,5137.5
0.7722,-1.652,-1.652,403.583,403.583,5137.5
0.7723,-2.415,-2.415,403.1,403.1,5137.5
0.7724,-3.085,-3.085,402.621,402.621,5137.5
0.7725,-3.916,-3.916,402.146,402.146,5137.5
0.7726,-4.902,-4.902,401.678,401.678,5137.5
0.7727,-5.834,-5.834,401.221,401.221,5137.5
0.7728,-7.018,-7.018,400.781,400.781,5137.5
0.7729,-7.606,-7.606,400.358,400.358,5137.5
0.773,-8.476,-8.476,399.939,399.939,5137.5
0.7731,-9.57,-9.57,399.533,399.533,5137.5
0.7732,-10.688,-10.688,399.149,399.149,5137.5
0.7733,-11.84,-11.84,398.799,398.799,5137.5
0.7734,-12.515,-12.515,398.48,398.48,5137.5
0.7735,-13.114,-13.114,398.175,398.175,5137.5
0.7736,-14.053,-14.053,397.886,397.886,5137.5
0.7737,-15.107,-15.107,397.624,397.624,5137.5
0.7738,-16.15,-16.15,397.399,397.399,5137.5
0.7739,-16.947,-16.947,397.21,397.21,5137.5
0.774,-17.504,-17.504,397.045,397.045,5137.5
0.7741,-18.378,-18.378,396.901,396.901,5137.5
0.7742,-19.106,-19.106,396.788,396.788,5137.5
0.7743,-19.955,-19.955,396.703,396.703,5137.5
0.7744,-20.846,-20.846,396.653,396.653,5137.5
0.7745,-21.491,-21.491,396.64,396.64,5137.5
0.7746,-22.038,-22.038,396.66,396.66,5137.5
0.7747,-22.471,-22.471,396.705,396.705,5137.5
0.7748,-23.096,-23.096,396.769,396.769,5137.5
0.7749,-23.949,-23.949,396.865,396.865,5137.5
0.775,-24.626,-24.626,396.998,396.998,5137.5
0.7751,-25.305,-25.305,397.169,397.169,5137.5
0.7752,-25.553,-25.553,397.37,397.37,5137.5
0.7753,-25.937,-25.937,397.579,397.579,5137.5
0.7754,-26.351,-26.351,397.812,397.812,5137.5
0.7755,-26.869,-26.869,398.066,398.066,5137.5
0.7756,-27.281,-27.281,398.361,398.361,5137.5
0.7757,-27.359,-27.359,398.678,398.678,5137.5
0.7758,-27.652,-27.652,398.995,398.995,5137.5
0.7759,-28.109,-28.109,399.333,399.333,5137.5
0.776,-28.278,-28.278,399.687,399.687,5137.5
0.7761,-28.673,-28.673,400.066,400.066,5137.5
0.7762,-28.669,-28.669,400.464,400.464,5137.5
0.7763,-28.864,-28.864,400.855,400.855,5137.5
0.7764,-29.13,-29.13,401.265,401.265,5137.5
0.7765,-29.104,-29.104,401.68,401.68,5137.5
0.7766,-29.297,-29.297,402.105,402.105,5137.5
0.7767,-29.077,-29.077,402.543,402.543,5137.5
0.7768,-29.129,-29.129,402.968,402.968,5137.5
0.7769,-29.038,-29.038,403.407,403.407,5137.5
0.777,-28.7,-28.7,403.836,403.836,5137.5
0.7771,-29.146,-29.146,404.252,404.252,5137.5
0.7772,-28.873,-28.873,404.684,404.684,5137.5
0.7773,-28.924,-28.924,405.1,405.1,5137.5
0.7774,-28.561,-28.561,405.526,405.526,5137.5
0.7775,-28.037,-28.037,405.93,405.93,5137.5
0.7776,-27.96,-27.96,406.301,406.301,5137.5
0.7777,-27.633,-27.633,406.671,406.671,5137.5
0.7778,-27.551,-27.551,407.02,407.02,5137.5
0.7779,-27.128,-27.128,407.371,407.371,5137.5
0.778,-26.638,-26.638,407.697,407.697,5137.5
0.7781,-26.385,-26.385,407.993,407.993,5137.5
0.7782,-25.879,-25.879,408.276,408.276,5137.5
0.7783,-25.643,-25.643,408.537,408.537,5137.5
0.7784,-25.15,-25.15,408.79,408.79,5137.5
0.7785,-24.53,-24.53,409.02,409.02,5137.5
0.7786,-23.908,-23.908,409.215,409.215,5137.5
0.7787,-23.46,-23.46,409.38,409.38,5137.5
0.7788,-22.871,-22.871,409.52,409.52,5137.5
0.7789,-22.212,-22.212,409.633,409.633,5137.5
0.779,-21.63,-21.63,409.718,409.718,5137.5
0.7791,-21.165,-21.165,409.778,409.778,5137.5
0.7792,-20.393,-20.393,409.811,409.811,5137.5
0.7793,-19.699,-19.699,409.81,409.81,5137.5
0.7794,-19.139,-19.139,409.776,409.776,5137.5
0.7795,-18.583,-18.583,409.721,409.721,5137.5
0.7796,-18.002,-18.002,409.649,409.649,5137.5
0.7797,-17.036,-17.036,409.556,409.556,5137.5
0.7798,-16.143,-16.143,409.419,409.419,5137.5
0.7799,-15.6,-15.6,409.243,409.243,5137.5
0.78,-15.205,-15.205,409.048,409.048,5137.5
0.7801,-14.64,-14.64,408.845,408.845,5137.5
0.7802,-13.504,-13.504,408.629,408.629,5137.5
0.7803,-12.316,-12.316,408.372,408.372,5137.5
0.7804,-11.896,-11.896,408.077,408.077,5137.5
0.7805,-11.086,-11.086,407.764,407.764,5137.5
0.7806,-10.647,-10.647,407.431,407.431,5137.5
0.7807,-9.518,-9.518,407.086,407.086,5137.5
0.7808,-8.512,-8.512,406.712,406.712,5137.5
0.7809,-7.913,-7.913,406.315,406.315,5137.5
0.781,-7.053,-7.053,405.905,405.905,5137.5
0.7811,-6.543,-6.543,405.48,405.48,5137.5
0.7812,-5.506,-5.506,405.047,405.047,5137.5
0.7813,-4.42,-4.42,404.6,404.6,5137.5
0.7814,-3.41,-3.41,404.138,404.138,5137.5
0.7815,-2.461,-2.461,403.667,403.667,5137.5
0.7816,-1.861,-1.861,403.187,403.187,5137.5
0.7817,-1.126,-1.126,402.701,402.701,5137.5
0.7818,-0.299,-0.299,402.212,402.212,5137.5
0.7819,-0.0,-0.0,401.721,401.721,5137.5
0.782,-0.0,-0.0,401.228,401.228,5137.5
0.7821,0.922,0.922,400.736,400.736,5137.5
0.7822,1.417,1.417,400.245,400.245,5137.5
0.7823,1.991,1.991,399.756,399.756,5137.5
0.7824,2.786,2.786,399.269,399.269,5137.5
0.7825,3.579,3.579,398.788,398.788,5137.5
0.7826,4.834,4.834,398.315,398.315,5137.5
0.7827,5.643,5.643,397.855,397.855,5137.5
0.7828,6.222,6.222,397.403,397.403,5137.5
0.7829,7.291,7.291,396.957,396.957,5137.5
0.783,8.364,8.364,396.528,396.528,5137.5
0.7831,9.525,9.525,396.122,396.122,5137.5
0.7832,10.217,10.217,395.75,395.75,5137.5
0.7833,10.706,10.706,395.394,395.394,5137.5
0.7834,11.569,11.569,395.046,395.046,5137.5
0.7835,12.62,12.62,394.72,394.72,5137.5
0.7836,13.672,13.672,394.425,394.425,5137.5
0.7837,14.475,14.475,394.168,394.168,5137.5
0.7838,15.127,15.127,393.935,393.935,5137.5
0.7839,15.903,15.903,393.718,393.718,5137.5
0.784,16.671,16.671,393.526,393.526,5137.5
0.7841,17.603,17.603,393.361,393.361,5137.5
0.7842,18.384,18.384,393.231,393.231,5137.5
0.7843,19.108,19.108,393.131,393.131,5137.5
0.7844,19.664,19.664,393.064,393.064,5137.5
0.7845,20.265,20.265,393.025,393.025,5137.5
0.7846,20.842,20.842,393.013,393.013,5137.5
0.7847,21.473,21.473,393.027,393.027,5137.5
0.7848,22.06,22.06,393.072,393.072,5137.5
0.7849,22.885,22.885,393.154,393.154,5137.5
0.785,23.32,23.32,393.273,393.273,5137.5
0.7851,23.807,23.807,393.407,393.407,5137.5
0.7852,24.405,24.405,393.557,393.557,5137.5
0.7853,24.905,24.905,393.734,393.734,5137.5
0.7854,25.746,25.746,393.942,393.942,5137.5
0.7855,26.042,26.042,394.191,394.191,5137.5
0.7856,26.39,26.39,394.452,394.452,5137.5
0.7857,26.956,26.956,394.726,394.726,5137.5
0.7858,27.255,27.255,395.033,395.033,5137.5
0.7859,27.738,27.738,395.364,395.364,5137.5
0.786,27.92,27.92,395.731,395.731,5137.5
0.7861,27.862,27.862,396.107,396.107,5137.5
0.7862,28.161,28.161,396.485,396.485,5137.5
0.7863,28.243,28.243,396.876,396.876,5137.5
0.7864,28.363,28.363,397.267,397.267,5137.5
0.7865,28.428,28.428,397.673,397.673,5137.5
0.7866,28.527,28.527,398.076,398.076,5137.5
0.7867,28.629,28.629,398.481,398.481,5137.5
0.7868,28.67,28.67,398.89,398.89,5137.5
0.7869,28.792,28.792,399.294,399.294,5137.5
0.787,28.912,28.912,399.715,399.715,5137.5
0.7871,28.648,28.648,400.139,400.139,5137.5
0.7872,28.731,28.731,400.564,400.564,5137.5
0.7873,28.511,28.511,400.995,400.995,5137.5
0.7874,28.341,28.341,401.407,401.407,5137.5
0.7875,28.186,28.186,401.813,401.813,5137.5
0.7876,27.933,27.933,402.204,402.204,5137.5
0.7877,27.69,27.69,402.587,402.587,5137.5
0.7878,27.363,27.363,402.952,402.952,5137.5
0.7879,26.886,26.886,403.289,403.289,5137.5
0.788,26.746,26.746,403.599,403.599,5137.5
0.7881,26.489,26.489,403.896,403.896,5137.5
0.7882,26.188,26.188,404.186,404.186,5137.5
0.7883,25.698,25.698,404.46,404.46,5137.5
0.7884,25.209,25.209,404.711,404.711,5137.5
0.7885,24.871,24.871,404.934,404.934,5137.5
0.7886,24.418,24.418,405.14,405.14,5137.5
0.7887,23.973,23.973,405.327,405.327,5137.5
0.7888,23.263,23.263,405.491,405.491,5137.5
0.7889,22.541,22.541,405.624,405.624,5137.5
0.789,21.93,21.93,405.723,405.723,5137.5
0.7891,21.246,21.246,405.788,405.788,5137.5
0.7892,20.678,20.678,405.818,405.818,5137.5
0.7893,20.231,20.231,405.819,405.819,5137.5
0.7894,19.819,19.819,405.8,405.8,5137.5
0.7895,18.981,18.981,405.766,405.766,5137.5
0.7896,18.117,18.117,405.698,405.698,5137.5
0.7897,17.491,17.491,405.59,405.59,5137.5
0.7898,17.024,17.024,405.457,405.457,5137.5
0.7899,16.37,16.37,405.31,405.31,5137.5
0.79,15.588,15.588,405.152,405.152,5137.5
0.7901,14.562,14.562,404.962,404.962,5137.5
0.7902,13.522,13.522,404.724,404.724,5137.5
0.7903,12.881,12.881,404.452,404.452,5137.5
0.7904,12.369,12.369,404.156,404.156,5137.5
0.7905,11.766,11.766,403.85,403.85,5137.5
0.7906,10.547,10.547,403.525,403.525,5137.5
0.7907,9.807,9.807,403.166,403.166,5137.5
0.7908,9.011,9.011,402.791,402.791,5137.5
0.7909,8.29,8.29,402.399,402.399,5137.5
0.791,7.5,7.5,401.996,401.996,5137.5
0.7911,6.277,6.277,401.579,401.579,5137.5
0.7912,5.264,5.264,401.141,401.141,5137.5
0.7913,4.456,4.456,400.688,400.688,5137.5
0.7914,3.374,3.374,400.223,400.223,5137.5
0.7915,2.473,2.473,399.745,399.745,5137.5
0.7916,1.657,1.657,399.26,399.26,5137.5
0.7917,0.939,0.939,398.769,398.769,5137.5
0.7918,1.389,1.389,398.274,398.274,5137.5
0.7919,0.252,0.252,397.778,397.778,5137.5
0.792,0.0,0.0,397.281,397.281,5137.5
0.7921,-0.894,-0.894,396.783,396.783,5137.5
0.7922,-1.798,-1.798,396.287,396.287,5137.5
0.7923,-2.222,-2.222,395.793,395.793,5137.5
0.7924,-2.956,-2.956,395.301,395.301,5137.5
0.7925,-3.956,-3.956,394.817,394.817,5137.5
0.7926,-4.783,-4.783,394.341,394.341,5137.5
0.7927,-5.66,-5.66,393.872,393.872,5137.5
0.7928,-6.768,-6.768,393.414,393.414,5137.5
0.7929,-7.658,-7.658,392.973,392.973,5137.5
0.793,-8.884,-8.884,392.555,392.555,5137.5
0.7931,-9.511,-9.511,392.163,392.163,5137.5
0.7932,-10.039,-10.039,391.778,391.778,5137.5
0.7933,-11.127,-11.127,391.404,391.404,5137.5
0.7934,-12.303,-12.303,391.057,391.057,5137.5
0.7935,-13.433,-13.433,390.746,390.746,5137.5
0.7936,-14.164,-14.164,390.47,390.47,5137.5
0.7937,-14.806,-14.806,390.211,390.211,5137.5
0.7938,-15.922,-15.922,389.967,389.967,5137.5
0.7939,-16.979,-16.979,389.755,389.755,5137.5
0.794,-17.809,-17.809,389.579,389.579,5137.5
0.7941,-18.781,-18.781,389.436,389.436,5137.5
0.7942,-19.479,-19.479,389.328,389.328,5137.5
0.7943,-20.168,-20.168,389.249,389.249,5137.5
0.7944,-20.876,-20.876,389.202,389.202,5137.5
0.7945,-21.514,-21.514,389.186,389.186,5137.5
0.7946,-22.538,-22.538,389.201,389.201,5137.5
0.7947,-23.343,-23.343,389.259,389.259,5137.5
0.7948,-23.988,-23.988,389.359,389.359,5137.5
0.7949,-24.668,-24.668,389.487,389.487,5137.5
0.795,-25.166,-25.166,389.637,389.637,5137.5
0.7951,-25.94,-25.94,389.812,389.812,5137.5
0.7952,-26.72,-26.72,390.017,390.017,5137.5
0.7953,-27.218,-27.218,390.268,390.268,5137.5
0.7954,-27.51,-27.51,390.543,390.543,5137.5
0.7955,-27.857,-27.857,390.826,390.826,5137.5
0.7956,-28.479,-28.479,391.137,391.137,5137.5
0.7957,-29.059,-29.059,391.474,391.474,5137.5
0.7958,-29.478,-29.478,391.86,391.86,5137.5
0.7959,-29.664,-29.664,392.273,392.273,5137.5
0.796,-29.898,-29.898,392.686,392.686,5137.5
0.7961,-30.257,-30.257,393.12,393.12,5137.5
0.7962,-30.42,-30.42,393.565,393.565,5137.5
0.7963,-30.784,-30.784,394.029,394.029,5137.5
0.7964,-30.856,-30.856,394.508,394.508,5137.5
0.7965,-30.924,-30.924,394.98,394.98,5137.5
0.7966,-31.082,-31.082,395.463,395.463,5137.5
0.7967,-30.951,-30.951,395.947,395.947,5137.5
0.7968,-31.317,-31.317,396.432,396.432,5137.5
0.7969,-31.12,-31.12,396.938,396.938,5137.5
0.797,-31.115,-31.115,397.433,397.433,5137.5
0.7971,-31.226,-31.226,397.943,397.943,5137.5
0.7972,-30.944,-30.944,398.45,398.45,5137.5
0.7973,-31.05,-31.05,398.938,398.938,5137.5
0.7974,-30.656,-30.656,399.433,399.433,5137.5
0.7975,-30.642,-30.642,399.906,399.906,5137.5
0.7976,-30.346,-30.346,400.383,400.383,5137.5
0.7977,-29.856,-29.856,400.836,400.836,5137.5
0.7978,-29.687,-29.687,401.254,401.254,5137.5
0.7979,-29.397,-29.397,401.661,401.661,5137.5
0.798,-29.418,-29.418,402.05,402.05,5137.5
0.7981,-28.829,-28.829,402.439,402.439,5137.5
0.7982,-28.359,-28.359,402.799,402.799,5137.5
0.7983,-27.814,-27.814,403.129,403.129,5137.5
0.7984,-27.265,-27.265,403.436,403.436,5137.5
0.7985,-26.945,-26.945,403.722,403.722,5137.5
0.7986,-26.472,-26.472,403.995,403.995,5137.5
0.7987,-25.886,-25.886,404.242,404.242,5137.5
0.7988,-25.337,-25.337,404.456,404.456,5137.5
0.7989,-24.768,-24.768,404.639,404.639,5137.5
0.799,-24.257,-24.257,404.79,404.79,5137.5
0.7991,-23.481,-23.481,404.91,404.91,5137.5
0.7992,-22.801,-22.801,404.998,404.998,5137.5
0.7993,-22.131,-22.131,405.056,405.056,5137.5
0.7994,-21.515,-21.515,405.085,405.085,5137.5
0.7995,-20.712,-20.712,405.079,405.079,5137.5
0.7996,-20.012,-20.012,405.037,405.037,5137.5
0.7997,-19.366,-19.366,404.97,404.97,5137.5
0.7998,-18.767,-18.767,404.888,404.888,5137.5
0.7999,-17.82,-17.82,404.788,404.788,5137.5
0.8,-16.637,-16.637,404.641,404.641,5137.5
0.8001,-15.984,-15.984,404.445,404.445,5137.5
0.8002,-15.441,-15.441,404.226,404.226,5137.5
0.8003,-14.869,-14.869,403.994,403.994,5137.5
0.8004,-13.638,-13.638,403.748,403.748,5137.5
0.8005,-12.369,-12.369,403.464,403.464,5137.5
0.8006,-11.773,-11.773,403.145,403.145,5137.5
0.8007,-10.891,-10.891,402.806,402.806,5137.5
0.8008,-10.29,-10.29,402.448,402.448,5137.5
0.8009,-9.245,-9.245,402.078,402.078,5137.5
0.801,-8.108,-8.108,401.683,401.683,5137.5
0.8011,-7.255,-7.255,401.264,401.264,5137.5
0.8012,-6.167,-6.167,400.83,400.83,5137.5
0.8013,-5.363,-5.363,400.379,400.379,5137.5
0.8014,-4.33,-4.33,399.918,399.918,5137.5
0.8015,-3.259,-3.259,399.445,399.445,5137.5
0.8016,-2.291,-2.291,398.963,398.963,5137.5
0.8017,-1.455,-1.455,398.473,398.473,5137.5
0.8018,-0.677,-0.677,397.98,397.98,5137.5
0.8019,-0.773,-0.773,397.483,397.483,5137.5
0.802,-0.068,-0.068,396.986,396.986,5137.5
0.8021,0.877,0.877,396.487,396.487,5137.5
0.8022,1.648,1.648,395.991,395.991,5137.5
0.8023,2.368,2.368,395.496,395.496,5137.5
0.8024,2.963,2.963,395.007,395.007,5137.5
0.8025,3.638,3.638,394.523,394.523,5137.5
0.8026,4.628,4.628,394.045,394.045,5137.5
0.8027,5.615,5.615,393.578,393.578,5137.5
0.8028,6.944,6.944,393.125,393.125,5137.5
0.8029,7.825,7.825,392.694,392.694,5137.5
0.803,8.577,8.577,392.274,392.274,5137.5
0.8031,9.549,9.549,391.86,391.86,5137.5
0.8032,10.843,10.843,391.465,391.465,5137.5
0.8033,12.322,12.322,391.1,391.1,5137.5
0.8034,13.228,13.228,390.779,390.779,5137.5
0.8035,13.886,13.886,390.481,390.481,5137.5
0.8036,14.786,14.786,390.197,390.197,5137.5
0.8037,16.051,16.051,389.939,389.939,5137.5
0.8038,17.153,17.153,389.72,389.72,5137.5
0.8039,18.117,18.117,389.544,389.544,5137.5
0.804,18.892,18.892,389.402,389.402,5137.5
0.8041,19.781,19.781,389.284,389.284,5137.5
0.8042,20.727,20.727,389.196,389.196,5137.5
0.8043,21.486,21.486,389.144,389.144,5137.5
0.8044,22.29,22.29,389.121,389.121,5137.5
0.8045,23.046,23.046,389.134,389.134,5137.5
0.8046,23.771,23.771,389.184,389.184,5137.5
0.8047,24.56,24.56,389.268,389.268,5137.5
0.8048,25.222,25.222,389.385,389.385,5137.5
0.8049,26.033,26.033,389.529,389.529,5137.5
0.805,26.725,26.725,389.712,389.712,5137.5
0.8051,27.364,27.364,389.94,389.94,5137.5
0.8052,27.899,27.899,390.204,390.204,5137.5
0.8053,28.312,28.312,390.49,390.49,5137.5
0.8054,28.999,28.999,390.79,390.79,5137.5
0.8055,29.721,29.721,391.122,391.122,5137.5
0.8056,30.312,30.312,391.491,391.491,5137.5
0.8057,30.68,30.68,391.898,391.898,5137.5
0.8058,30.771,30.771,392.32,392.32,5137.5
0.8059,31.343,31.343,392.745,392.745,5137.5
0.806,31.66,31.66,393.2,393.2,5137.5
0.8061,32.38,32.38,393.672,393.672,5137.5
0.8062,32.591,32.591,394.191,394.191,5137.5
0.8063,32.457,32.457,394.718,394.718,5137.5
0.8064,32.746,32.746,395.243,395.243,5137.5
0.8065,32.874,32.874,395.786,395.786,5137.5
0.8066,32.997,32.997,396.327,396.327,5137.5
0.8067,33.154,33.154,396.89,396.89,5137.5
0.8068,32.963,32.963,397.452,397.452,5137.5
0.8069,33.002,33.002,398.009,398.009,5137.5
0.807,32.838,32.838,398.568,398.568,5137.5
0.8071,32.767,32.767,399.107,399.107,5137.5
0.8072,32.764,32.764,399.651,399.651,5137.5
0.8073,32.416,32.416,400.189,400.189,5137.5
0.8074,32.479,32.479,400.721,400.721,5137.5
0.8075,32.138,32.138,401.257,401.257,5137.5
0.8076,31.706,31.706,401.763,401.763,5137.5
0.8077,31.63,31.63,402.252,402.252,5137.5
0.8078,31.376,31.376,402.731,402.731,5137.5
0.8079,31.083,31.083,403.202,403.202,5137.5
0.808,30.638,30.638,403.657,403.657,5137.5
0.8081,30.182,30.182,404.079,404.079,5137.5
0.8082,29.764,29.764,404.471,404.471,5137.5
0.8083,29.469,29.469,404.839,404.839,5137.5
0.8084,29.031,29.031,405.195,405.195,5137.5
0.8085,28.489,28.489,405.529,405.529,5137.5
0.8086,27.82,27.82,405.833,405.833,5137.5
0.8087,27.307,27.307,406.102,406.102,5137.5
0.8088,26.669,26.669,406.346,406.346,5137.5
0.8089,25.959,25.959,406.562,406.562,5137.5
0.809,25.428,25.428,406.748,406.748,5137.5
0.8091,24.676,24.676,406.908,406.908,5137.5
0.8092,23.906,23.906,407.036,407.036,5137.5
0.8093,23.205,23.205,407.125,407.125,5137.5
0.8094,22.566,22.566,407.172,407.172,5137.5
0.8095,21.955,21.955,407.188,407.188,5137.5
0.8096,21.275,21.275,407.181,407.181,5137.5
0.8097,20.329,20.329,407.156,407.156,5137.5
0.8098,19.271,19.271,407.091,407.091,5137.5
0.8099,18.272,18.272,406.976,406.976,5137.5
0.81,17.672,17.672,406.826,406.826,5137.5
0.8101,17.241,17.241,406.66,406.66,5137.5
0.8102,16.569,16.569,406.491,406.491,5137.5
0.8103,15.162,15.162,406.297,406.297,5137.5
0.8104,13.917,13.917,406.051,406.051,5137.5
0.8105,13.103,13.103,405.77,405.77,5137.5
0.8106,12.478,12.478,405.461,405.461,5137.5
0.8107,11.694,11.694,405.137,405.137,5137.5
0.8108,10.47,10.47,404.792,404.792,5137.5
0.8109,9.347,9.347,404.413,404.413,5137.5
0.811,8.524,8.524,404.014,404.014,5137.5
0.8111,7.622,7.622,403.598,403.598,5137.5
0.8112,6.792,6.792,403.171,403.171,5137.5
0.8113,5.578,5.578,402.732,402.732,5137.5
0.8114,4.336,4.336,402.276,402.276,5137.5
0.8115,3.278,3.278,401.808,401.808,5137.5
0.8116,2.207,2.207,401.33,401.33,5137.5
0.8117,1.252,1.252,400.844,400.844,5137.5
0.8118,0.721,0.721,400.353,400.353,5137.5
0.8119,0.911,0.911,399.859,399.859,5137.5
0.812,-0.208,-0.208,399.365,399.365,5137.5
0.8121,-1.203,-1.203,398.87,398.87,5137.5
0.8122,-1.516,-1.516,398.377,398.377,5137.5
0.8123,-2.26,-2.26,397.887,397.887,5137.5
0.8124,-2.998,-2.998,397.399,397.399,5137.5
0.8125,-4.043,-4.043,396.918,396.918,5137.5
0.8126,-4.991,-4.991,396.444,396.444,5137.5
0.8127,-6.171,-6.171,395.982,395.982,5137.5
0.8128,-6.88,-6.88,395.535,395.535,5137.5
0.8129,-7.809,-7.809,395.092,395.092,5137.5
0.813,-9.131,-9.131,394.663,394.663,5137.5
0.8131,-10.35,-10.35,394.257,394.257,5137.5
0.8132,-11.702,-11.702,393.885,393.885,5137.5
0.8133,-12.404,-12.404,393.547,393.547,5137.5
0.8134,-13.103,-13.103,393.222,393.222,5137.5
0.8135,-14.171,-14.171,392.913,392.913,5137.5
0.8136,-15.222,-15.222,392.634,392.634,5137.5
0.8137,-16.411,-16.411,392.395,392.395,5137.5
0.8138,-17.243,-17.243,392.194,392.194,5137.5
0.8139,-17.983,-17.983,392.019,392.019,5137.5
0.814,-19.025,-19.025,391.865,391.865,5137.5
0.8141,-20.044,-20.044,391.743,391.743,5137.5
0.8142,-20.944,-20.944,391.657,391.657,5137.5
0.8143,-21.763,-21.763,391.608,391.608,5137.5
0.8144,-22.493,-22.493,391.594,391.594,5137.5
0.8145,-23.253,-23.253,391.614,391.614,5137.5
0.8146,-24.176,-24.176,391.668,391.668,5137.5
0.8147,-25.011,-25.011,391.757,391.757,5137.5
0.8148,-25.909,-25.909,391.883,391.883,5137.5
0.8149,-26.664,-26.664,392.05,392.05,5137.5
0.815,-27.355,-27.355,392.263,392.263,5137.5
0.8151,-27.888,-27.888,392.508,392.508,5137.5
0.8152,-28.436,-28.436,392.77,392.77,5137.5
0.8153,-29.064,-29.064,393.061,393.061,5137.5
0.8154,-29.726,-29.726,393.379,393.379,5137.5
0.8155,-30.246,-30.246,393.74,393.74,5137.5
0.8156,-30.29,-30.29,394.127,394.127,5137.5
0.8157,-30.713,-30.713,394.511,394.511,5137.5
0.8158,-31.112,-31.112,394.924,394.924,5137.5
0.8159,-31.377,-31.377,395.356,395.356,5137.5
0.816,-31.904,-31.904,395.824,395.824,5137.5
0.8161,-32.083,-32.083,396.322,396.322,5137.5
0.8162,-32.391,-32.391,396.819,396.819,5137.5
0.8163,-32.611,-32.611,397.339,397.339,5137.5
0.8164,-32.684,-32.684,397.864,397.864,5137.5
0.8165,-32.93,-32.93,398.402,398.402,5137.5
0.8166,-32.725,-32.725,398.951,398.951,5137.5
0.8167,-32.729,-32.729,399.485,399.485,5137.5
0.8168,-32.794,-32.794,400.03,400.03,5137.5
0.8169,-32.768,-32.768,400.569,400.569,5137.5
0.817,-33.071,-33.071,401.105,401.105,5137.5
0.8171,-32.802,-32.802,401.66,401.66,5137.5
0.8172,-32.809,-32.809,402.199,402.199,5137.5
0.8173,-32.61,-32.61,402.751,402.751,5137.5
0.8174,-32.084,-32.084,403.288,403.288,5137.5
0.8175,-32.066,-32.066,403.795,403.795,5137.5
0.8176,-31.62,-31.62,404.303,404.303,5137.5
0.8177,-31.577,-31.577,404.789,404.789,5137.5
0.8178,-31.19,-31.19,405.276,405.276,5137.5
0.8179,-30.612,-30.612,405.737,405.737,5137.5
0.818,-30.468,-30.468,406.158,406.158,5137.5
0.8181,-29.915,-29.915,406.568,406.568,5137.5
0.8182,-29.62,-29.62,406.951,406.951,5137.5
0.8183,-29.048,-29.048,407.323,407.323,5137.5
0.8184,-28.527,-28.527,407.666,407.666,5137.5
0.8185,-28.07,-28.07,407.976,407.976,5137.5
0.8186,-27.582,-27.582,408.262,408.262,5137.5
0.8187,-26.981,-26.981,408.526,408.526,5137.5
0.8188,-26.518,-26.518,408.767,408.767,5137.5
0.8189,-25.923,-25.923,408.984,408.984,5137.5
0.819,-25.182,-25.182,409.171,409.171,5137.5
0.8191,-24.368,-24.368,409.321,409.321,5137.5
0.8192,-23.605,-23.605,409.432,409.432,5137.5
0.8193,-22.9,-22.9,409.505,409.505,5137.5
0.8194,-22.157,-22.157,409.548,409.548,5137.5
0.8195,-21.457,-21.457,409.565,409.565,5137.5
0.8196,-20.444,-20.444,409.554,409.554,5137.5
0.8197,-19.425,-19.425,409.501,409.501,5137.5
0.8198,-18.697,-18.697,409.406,409.406,5137.5
0.8199,-18.183,-18.183,409.287,409.287,5137.5
0.82,-17.658,-17.658,409.158,409.158,5137.5
0.8201,-16.53,-16.53,409.015,409.015,5137.5
0.8202,-15.348,-15.348,408.822,408.822,5137.5
0.8203,-14.63,-14.63,408.584,408.584,5137.5
0.8204,-13.794,-13.794,408.318,408.318,5137.5
0.8205,-13.235,-13.235,408.032,408.032,5137.5
0.8206,-12.095,-12.095,407.733,407.733,5137.5
0.8207,-10.896,-10.896,407.403,407.403,5137.5
0.8208,-10.315,-10.315,407.044,407.044,5137.5
0.8209,-9.411,-9.411,406.671,406.671,5137.5
0.821,-8.809,-8.809,406.282,406.282,5137.5
0.8211,-7.625,-7.625,405.883,405.883,5137.5
0.8212,-6.354,-6.354,405.463,405.463,5137.5
0.8213,-5.355,-5.355,405.023,405.023,5137.5
0.8214,-4.325,-4.325,404.57,404.57,5137.5
0.8215,-3.273,-3.273,404.103,404.103,5137.5
0.8216,-2.571,-2.571,403.627,403.627,5137.5
0.8217,-1.65,-1.65,403.144,403.144,5137.5
0.8218,-0.701,-0.701,402.656,402.656,5137.5
0.8219,-0.194,-0.194,402.165,402.165,5137.5
0.822,0.024,0.024,401.673,401.673,5137.5
0.8221,1.348,1.348,401.181,401.181,5137.5
0.8222,2.447,2.447,400.689,400.689,5137.5
0.8223,2.103,2.103,400.202,400.202,5137.5
0.8224,2.752,2.752,399.715,399.715,5137.5
0.8225,3.936,3.936,399.233,399.233,5137.5
0.8226,4.967,4.967,398.763,398.763,5137.5
0.8227,5.681,5.681,398.302,398.302,5137.5
0.8228,6.749,6.749,397.848,397.848,5137.5
0.8229,7.798,7.798,397.411,397.411,5137.5
0.823,9.17,9.17,396.995,396.995,5137.5
0.8231,9.904,9.904,396.61,396.61,5137.5
0.8232,10.465,10.465,396.239,396.239,5137.5
0.8233,11.464,11.464,395.874,395.874,5137.5
0.8234,12.755,12.755,395.529,395.529,5137.5
0.8235,14.048,14.048,395.22,395.22,5137.5
0.8236,14.863,14.863,394.954,394.954,5137.5
0.8237,15.486,15.486,394.713,394.713,5137.5
0.8238,16.464,16.464,394.485,394.485,5137.5
0.8239,17.371,17.371,394.284,394.284,5137.5
0.824,18.365,18.365,394.116,394.116,5137.5
0.8241,19.333,19.333,393.987,393.987,5137.5
0.8242,20.149,20.149,393.893,393.893,5137.5
0.8243,20.892,20.892,393.832,393.832,5137.5
0.8244,21.536,21.536,393.801,393.801,5137.5
0.8245,22.317,22.317,393.799,393.799,5137.5
0.8246,23.019,23.019,393.828,393.828,5137.5
0.8247,23.749,23.749,393.89,393.89,5137.5
0.8248,24.485,24.485,393.992,393.992,5137.5
0.8249,25.036,25.036,394.127,394.127,5137.5
0.825,25.531,25.531,394.286,394.286,5137.5
0.8251,26.384,26.384,394.465,394.465,5137.5
0.8252,27.05,27.05,394.682,394.682,5137.5
0.8253,27.606,27.606,394.939,394.939,5137.5
0.8254,27.831,27.831,395.23,395.23,5137.5
0.8255,28.171,28.171,395.532,395.532,5137.5
0.8256,28.946,28.946,395.846,395.846,5137.5
0.8257,29.438,29.438,396.197,396.197,5137.5
0.8258,29.879,29.879,396.578,396.578,5137.5
0.8259,30.162,30.162,396.992,396.992,5137.5
0.826,30.15,30.15,397.417,397.417,5137.5
0.8261,30.618,30.618,397.842,397.842,5137.5
0.8262,30.684,30.684,398.292,398.292,5137.5
0.8263,31.144,31.144,398.746,398.746,5137.5
0.8264,31.202,31.202,399.233,399.233,5137.5
0.8265,31.078,31.078,399.719,399.719,5137.5
0.8266,31.292,31.292,400.205,400.205,5137.5
0.8267,31.224,31.224,400.702,400.702,5137.5
0.8268,31.305,31.305,401.188,401.188,5137.5
0.8269,31.478,31.478,401.692,401.692,5137.5
0.827,31.343,31.343,402.196,402.196,5137.5
0.8271,31.199,31.199,402.7,402.7,5137.5
0.8272,30.889,30.889,403.199,403.199,5137.5
0.8273,30.61,30.61,403.675,403.675,5137.5
0.8274,30.522,30.522,404.144,404.144,5137.5
0.8275,30.324,30.324,404.604,404.604,5137.5
0.8276,30.232,30.232,405.059,405.059,5137.5
0.8277,29.88,29.88,405.508,405.508,5137.5
0.8278,29.466,29.466,405.929,405.929,5137.5
0.8279,29.329,29.329,406.329,406.329,5137.5
0.828,28.963,28.963,406.715,406.715,5137.5
0.8281,28.668,28.668,407.091,407.091,5137.5
0.8282,28.204,28.204,407.451,407.451,5137.5
0.8283,27.504,27.504,407.781,407.781,5137.5
0.8284,27.144,27.144,408.076,408.076,5137.5
0.8285,26.561,26.561,408.349,408.349,5137.5
0.8286,26.09,26.09,408.602,408.602,5137.5
0.8287,25.484,25.484,408.832,408.832,5137.5
0.8288,24.797,24.797,409.032,409.032,5137.5
0.8289,24.222,24.222,409.201,409.201,5137.5
0.829,23.458,23.458,409.34,409.34,5137.5
0.8291,22.894,22.894,409.444,409.444,5137.5
0.8292,22.281,22.281,409.52,409.52,5137.5
0.8293,21.617,21.617,409.571,409.571,5137.5
0.8294,20.751,20.751,409.597,409.597,5137.5
0.8295,19.872,19.872,409.584,409.584,5137.5
0.8296,19.162,19.162,409.527,409.527,5137.5
0.8297,18.643,18.643,409.44,409.44,5137.5
0.8298,18.078,18.078,409.336,409.336,5137.5
0.8299,17.217,17.217,409.221,409.221,5137.5
0.83,16.047,16.047,409.072,409.072,5137.5
0.8301,15.405,15.405,408.872,408.872,5137.5
0.8302,14.69,14.69,408.646,408.646,5137.5
0.8303,14.12,14.12,408.399,408.399,5137.5
0.8304,13.409,13.409,408.145,408.145,5137.5
0.8305,12.048,12.048,407.868,407.868,5137.5
0.8306,11.161,11.161,407.55,407.55,5137.5
0.8307,10.388,10.388,407.21,407.21,5137.5
0.8308,9.673,9.673,406.849,406.849,5137.5
0.8309,8.745,8.745,406.475,406.475,5137.5
0.831,7.713,7.713,406.082,406.082,5137.5
0.8311,6.745,6.745,405.665,405.665,5137.5
0.8312,5.86,5.86,405.233,405.233,5137.5
0.8313,4.91,4.91,404.785,404.785,5137.5
0.8314,3.924,3.924,404.326,404.326,5137.5
0.8315,2.891,2.891,403.856,403.856,5137.5
0.8316,1.987,1.987,403.378,403.378,5137.5
0.8317,1.198,1.198,402.893,402.893,5137.5
0.8318,0.585,0.585,402.404,402.404,5137.5
0.8319,0.784,0.784,401.913,401.913,5137.5
0.832,-0.001,-0.001,401.421,401.421,5137.5
0.8321,-0.49,-0.49,400.928,400.928,5137.5
0.8322,-1.814,-1.814,400.436,400.436,5137.5
0.8323,-2.143,-2.143,399.947,399.947,5137.5
0.8324,-3.064,-3.064,399.462,399.462,5137.5
0.8325,-3.836,-3.836,398.985,398.985,5137.5
0.8326,-4.439,-4.439,398.513,398.513,5137.5
0.8327,-5.621,-5.621,398.049,398.049,5137.5
0.8328,-6.561,-6.561,397.598,397.598,5137.5
0.8329,-7.58,-7.58,397.166,397.166,5137.5
0.833,-8.197,-8.197,396.751,396.751,5137.5
0.8331,-9.049,-9.049,396.342,396.342,5137.5
0.8332,-10.205,-10.205,395.945,395.945,5137.5
0.8333,-11.6,-11.6,395.573,395.573,5137.5
0.8334,-12.907,-12.907,395.241,395.241,5137.5
0.8335,-13.57,-13.57,394.946,394.946,5137.5
0.8336,-14.021,-14.021,394.664,394.664,5137.5
0.8337,-14.943,-14.943,394.396,394.396,5137.5
0.8338,-16.065,-16.065,394.156,394.156,5137.5
0.8339,-17.068,-17.068,393.956,393.956,5137.5
0.834,-17.797,-17.797,393.791,393.791,5137.5
0.8341,-18.507,-18.507,393.653,393.653,5137.5
0.8342,-19.244,-19.244,393.539,393.539,5137.5
0.8343,-20.167,-20.167,393.454,393.454,5137.5
0.8344,-20.837,-20.837,393.403,393.403,5137.5
0.8345,-21.701,-21.701,393.385,393.385,5137.5
0.8346,-22.469,-22.469,393.402,393.402,5137.5
0.8347,-23.103,-23.103,393.455,393.455,5137.5
0.8348,-23.709,-23.709,393.538,393.538,5137.5
0.8349,-24.246,-24.246,393.645,393.645,5137.5
0.835,-24.975,-24.975,393.779,393.779,5137.5
0.8351,-25.837,-25.837,393.946,393.946,5137.5
0.8352,-26.254,-26.254,394.162,394.162,5137.5
0.8353,-26.614,-26.614,394.401,394.401,5137.5
0.8354,-27.092,-27.092,394.651,394.651,5137.5
0.8355,-27.697,-27.697,394.927,394.927,5137.5
0.8356,-28.125,-28.125,395.229,395.229,5137.5
0.8357,-28.679,-28.679,395.57,395.57,5137.5
0.8358,-28.825,-28.825,395.937,395.937,5137.5
0.8359,-28.964,-28.964,396.304,396.304,5137.5
0.836,-29.401,-29.401,396.688,396.688,5137.5
0.8361,-29.688,-29.688,397.087,397.087,5137.5
0.8362,-30.008,-30.008,397.515,397.515,5137.5
0.8363,-30.115,-30.115,397.959,397.959,5137.5
0.8364,-30.254,-30.254,398.401,398.401,5137.5
0.8365,-30.448,-30.448,398.861,398.861,5137.5
0.8366,-30.305,-30.305,399.323,399.323,5137.5
0.8367,-30.602,-30.602,399.787,399.787,5137.5
0.8368,-30.441,-30.441,400.27,400.27,5137.5
0.8369,-30.5,-30.5,400.74,400.74,5137.5
0.837,-30.34,-30.34,401.224,401.224,5137.5
0.8371,-30.026,-30.026,401.696,401.696,5137.5
0.8372,-30.062,-30.062,402.151,402.151,5137.5
0.8373,-29.812,-29.812,402.61,402.61,5137.5
0.8374,-29.825,-29.825,403.051,403.051,5137.5
0.8375,-29.527,-29.527,403.501,403.501,5137.5
0.8376,-29.194,-29.194,403.929,403.929,5137.5
0.8377,-29.096,-29.096,404.331,404.331,5137.5
0.8378,-28.785,-28.785,404.729,404.729,5137.5
0.8379,-28.605,-28.605,405.111,405.111,5137.5
0.838,-28.129,-28.129,405.49,405.49,5137.5
0.8381,-27.774,-27.774,405.845,405.845,5137.5
0.8382,-27.261,-27.261,406.168,406.168,5137.5
0.8383,-26.795,-26.795,406.47,406.47,5137.5
0.8384,-26.373,-26.373,406.749,406.749,5137.5
0.8385,-25.838,-25.838,407.01,407.01,5137.5
0.8386,-25.421,-25.421,407.244,407.244,5137.5
0.8387,-24.672,-24.672,407.45,407.45,5137.5
0.8388,-24.325,-24.325,407.623,407.623,5137.5
0.8389,-23.925,-23.925,407.774,407.774,5137.5
0.839,-23.371,-23.371,407.905,407.905,5137.5
0.8391,-22.658,-22.658,408.01,408.01,5137.5
0.8392,-22.153,-22.153,408.088,408.088,5137.5
0.8393,-21.338,-21.338,408.137,408.137,5137.5
0.8394,-20.459,-20.459,408.149,408.149,5137.5
0.8395,-19.866,-19.866,408.122,408.122,5137.5
0.8396,-19.126,-19.126,408.071,408.071,5137.5
0.8397,-18.447,-18.447,407.999,407.999,5137.5
0.8398,-17.692,-17.692,407.903,407.903,5137.5
0.8399,-16.595,-16.595,407.767,407.767,5137.5
0.84,-15.988,-15.988,407.587,407.587,5137.5
0.8401,-15.385,-15.385,407.386,407.386,5137.5
0.8402,-15.003,-15.003,407.175,407.175,5137.5
0.8403,-13.923,-13.923,406.954,406.954,5137.5
0.8404,-12.65,-12.65,406.696,406.696,5137.5
0.8405,-11.943,-11.943,406.397,406.397,5137.5
0.8406,-11.164,-11.164,406.075,406.075,5137.5
0.8407,-10.695,-10.695,405.734,405.734,5137.5
0.8408,-9.665,-9.665,405.38,405.38,5137.5
0.8409,-8.555,-8.555,404.999,404.999,5137.5
0.841,-7.897,-7.897,404.594,404.594,5137.5
0.8411,-6.89,-6.89,404.175,404.175,5137.5
0.8412,-6.222,-6.222,403.74,403.74,5137.5
0.8413,-5.234,-5.234,403.296,403.296,5137.5
0.8414,-4.187,-4.187,402.839,402.839,5137.5
0.8415,-3.096,-3.096,402.37,402.37,5137.5
0.8416,-2.126,-2.126,401.892,401.892,5137.5
0.8417,-1.284,-1.284,401.406,401.406,5137.5
0.8418,-0.913,-0.913,400.916,400.916,5137.5
0.8419,-0.95,-0.95,400.423,400.423,5137.5
0.842,-0.0,-0.0,399.93,399.93,5137.5
0.8421,0.965,0.965,399.435,399.435,5137.5
0.8422,1.368,1.368,398.942,398.942,5137.5
0.8423,2.088,2.088,398.451,398.451,5137.5
0.8424,2.776,2.776,397.964,397.964,5137.5
0.8425,3.73,3.73,397.481,397.481,5137.5
0.8426,4.53,4.53,397.006,397.006,5137.5
0.8427,5.793,5.793,396.541,396.541,5137.5
0.8428,6.445,6.445,396.093,396.093,5137.5
0.8429,7.071,7.071,395.654,395.654,5137.5
0.843,8.23,8.23,395.22,395.22,5137.5
0.8431,9.374,9.374,394.805,394.805,5137.5
0.8432,10.603,10.603,394.416,394.416,5137.5
0.8433,11.511,11.511,394.063,394.063,5137.5
0.8434,12.119,12.119,393.731,393.731,5137.5
0.8435,13.135,13.135,393.407,393.407,5137.5
0.8436,14.4,14.4,393.108,393.108,5137.5
0.8437,15.462,15.462,392.845,392.845,5137.5
0.8438,16.306,16.306,392.624,392.624,5137.5
0.8439,16.829,16.829,392.432,392.432,5137.5
0.844,17.579,17.579,392.258,392.258,5137.5
0.8441,18.358,18.358,392.112,392.112,5137.5
0.8442,19.222,19.222,391.995,391.995,5137.5
0.8443,20.091,20.091,391.913,391.913,5137.5
0.8444,20.869,20.869,391.867,391.867,5137.5
0.8445,21.622,21.622,391.852,391.852,5137.5
0.8446,22.149,22.149,391.87,391.87,5137.5
0.8447,22.698,22.698,391.91,391.91,5137.5
0.8448,23.38,23.38,391.973,391.973,5137.5
0.8449,24.149,24.149,392.07,392.07,5137.5
0.845,24.952,24.952,392.208,392.208,5137.5
0.8451,25.464,25.464,392.385,392.385,5137.5
0.8452,25.864,25.864,392.583,392.583,5137.5
0.8453,26.596,26.596,392.798,392.798,5137.5
0.8454,27.142,27.142,393.05,393.05,5137.5
0.8455,27.829,27.829,393.337,393.337,5137.5
0.8456,28.047,28.047,393.664,393.664,5137.5
0.8457,28.241,28.241,394.001,394.001,5137.5
0.8458,28.761,28.761,394.344,394.344,5137.5
0.8459,28.994,28.994,394.713,394.713,5137.5
0.846,29.477,29.477,395.098,395.098,5137.5
0.8461,29.79,29.79,395.516,395.516,5137.5
0.8462,29.809,29.809,395.944,395.944,5137.5
0.8463,30.115,30.115,396.372,396.372,5137.5
0.8464,30.308,30.308,396.818,396.818,5137.5
0.8465,30.579,30.579,397.268,397.268,5137.5
0.8466,30.639,30.639,397.747,397.747,5137.5
0.8467,30.427,30.427,398.229,398.229,5137.5
0.8468,30.663,30.663,398.706,398.706,5137.5
0.8469,30.57,30.57,399.196,399.196,5137.5
0.847,30.403,30.403,399.673,399.673,5137.5
0.8471,30.572,30.572,400.152,400.152,5137.5
0.8472,30.297,30.297,400.63,400.63,5137.5
0.8473,30.228,30.228,401.1,401.1,5137.5
0.8474,29.949,29.949,401.567,401.567,5137.5
0.8475,29.653,29.653,402.006,402.006,5137.5
0.8476,29.613,29.613,402.434,402.434,5137.5
0.8477,29.431,29.431,402.853,402.853,5137.5
0.8478,29.205,29.205,403.27,403.27,5137.5
0.8479,28.737,28.737,403.676,403.676,5137.5
0.848,28.285,28.285,404.053,404.053,5137.5
0.8481,28.191,28.191,404.405,404.405,5137.5
0.8482,27.713,27.713,404.747,404.747,5137.5
0.8483,27.537,27.537,405.072,405.072,5137.5
0.8484,26.885,26.885,405.384,405.384,5137.5
0.8485,26.265,26.265,405.659,405.659,5137.5
0.8486,25.619,25.619,405.9,405.9,5137.5
0.8487,25.054,25.054,406.11,406.11,5137.5
0.8488,24.623,24.623,406.294,406.294,5137.5
0.8489,24.222,24.222,406.456,406.456,5137.5
0.849,23.59,23.59,406.597,406.597,5137.5
0.8491,22.976,22.976,406.708,406.708,5137.5
0.8492,22.195,22.195,406.789,406.789,5137.5
0.8493,21.544,21.544,406.833,406.833,5137.5
0.8494,20.82,20.82,406.847,406.847,5137.5
0.8495,20.225,20.225,406.836,406.836,5137.5
0.8496,19.536,19.536,406.807,406.807,5137.5
0.8497,18.628,18.628,406.745,406.745,5137.5
0.8498,17.826,17.826,406.637,406.637,5137.5
0.8499,17.264,17.264,406.498,406.498,5137.5
0.85,16.678,16.678,406.342,406.342,5137.5
0.8501,15.893,15.893,406.176,406.176,5137.5
0.8502,14.568,14.568,405.978,405.978,5137.5
0.8503,13.667,13.667,405.729,405.729,5137.5
0.8504,13.111,13.111,405.45,405.45,5137.5
0.8505,12.527,12.527,405.149,405.149,5137.5
0.8506,11.701,11.701,404.837,404.837,5137.5
0.8507,10.631,10.631,404.504,404.504,5137.5
0.8508,9.722,9.722,404.14,404.14,5137.5
0.8509,8.887,8.887,403.759,403.759,5137.5
0.851,8.048,8.048,403.359,403.359,5137.5
0.8511,7.201,7.201,402.949,402.949,5137.5
0.8512,6.038,6.038,402.523,402.523,5137.5
0.8513,4.918,4.918,402.079,402.079,5137.5
0.8514,3.977,3.977,401.62,401.62,5137.5
0.8515,2.951,2.951,401.149,401.149,5137.5
0.8516,2.04,2.04,400.668,400.668,5137.5
0.8517,1.218,1.218,400.18,400.18,5137.5
0.8518,0.566,0.566,399.688,399.688,5137.5
0.8519,0.0,0.0,399.194,399.194,5137.5
0.852,0.0,0.0,398.698,398.698,5137.5
0.8521,-1.373,-1.373,398.202,398.202,5137.5
0.8522,-1.279,-1.279,397.708,397.708,5137.5
0.8523,-1.88,-1.88,397.214,397.214,5137.5
0.8524,-2.856,-2.856,396.723,396.723,5137.5
0.8525,-3.692,-3.692,396.237,396.237,5137.5
0.8526,-4.67,-4.67,395.761,395.761,5137.5
0.8527,-5.483,-5.483,395.295,395.295,5137.5
0.8528,-6.43,-6.43,394.836,394.836,5137.5
0.8529,-7.621,-7.621,394.39,394.39,5137.5
0.853,-8.852,-8.852,393.964,393.964,5137.5
0.8531,-9.891,-9.891,393.566,393.566,5137.5
0.8532,-10.384,-10.384,393.195,393.195,5137.5
0.8533,-10.977,-10.977,392.83,392.83,5137.5
0.8534,-11.967,-11.967,392.477,392.477,5137.5
0.8535,-13.164,-13.164,392.151,392.151,5137.5
0.8536,-14.385,-14.385,391.864,391.864,5137.5
0.8537,-15.125,-15.125,391.614,391.614,5137.5
0.8538,-15.825,-15.825,391.382,391.382,5137.5
0.8539,-16.851,-16.851,391.168,391.168,5137.5
0.854,-17.799,-17.799,390.983,390.983,5137.5
0.8541,-18.945,-18.945,390.835,390.835,5137.5
0.8542,-19.874,-19.874,390.726,390.726,5137.5
0.8543,-20.573,-20.573,390.654,390.654,5137.5
0.8544,-21.295,-21.295,390.613,390.613,5137.5
0.8545,-22.162,-22.162,390.604,390.604,5137.5
0.8546,-23.008,-23.008,390.63,390.63,5137.5
0.8547,-23.795,-23.795,390.693,390.693,5137.5
0.8548,-24.573,-24.573,390.792,390.792,5137.5
0.8549,-25.259,-25.259,390.932,390.932,5137.5
0.855,-25.735,-25.735,391.102,391.102,5137.5
0.8551,-26.317,-26.317,391.288,391.288,5137.5
0.8552,-27.046,-27.046,391.503,391.503,5137.5
0.8553,-27.827,-27.827,391.748,391.748,5137.5
0.8554,-28.275,-28.275,392.042,392.042,5137.5
0.8555,-28.592,-28.592,392.36,392.36,5137.5
0.8556,-28.952,-28.952,392.687,392.687,5137.5
0.8557,-29.493,-29.493,393.039,393.039,5137.5
0.8558,-29.98,-29.98,393.417,393.417,5137.5
0.8559,-30.437,-30.437,393.836,393.836,5137.5
0.856,-30.511,-30.511,394.28,394.28,5137.5
0.8561,-30.687,-30.687,394.721,394.721,5137.5
0.8562,-30.909,-30.909,395.18,395.18,5137.5
0.8563,-31.062,-31.062,395.644,395.644,5137.5
0.8564,-31.399,-31.399,396.126,396.126,5137.5
0.8565,-31.338,-31.338,396.625,396.625,5137.5
0.8566,-31.351,-31.351,397.113,397.113,5137.5
0.8567,-31.5,-31.5,397.612,397.612,5137.5
0.8568,-31.357,-31.357,398.112,398.112,5137.5
0.8569,-31.77,-31.77,398.609,398.609,5137.5
0.857,-31.715,-31.715,399.128,399.128,5137.5
0.8571,-31.609,-31.609,399.64,399.64,5137.5
0.8572,-31.523,-31.523,400.161,400.161,5137.5
0.8573,-31.132,-31.132,400.673,400.673,5137.5
0.8574,-31.004,-31.004,401.161,401.161,5137.5
0.8575,-30.746,-30.746,401.646,401.646,5137.5
0.8576,-30.606,-30.606,402.112,402.112,5137.5
0.8577,-30.436,-30.436,402.575,402.575,5137.5
0.8578,-29.897,-29.897,403.021,403.021,5137.5
0.8579,-29.723,-29.723,403.427,403.427,5137.5
0.858,-29.359,-29.359,403.825,403.825,5137.5
0.8581,-29.11,-29.11,404.206,404.206,5137.5
0.8582,-28.835,-28.835,404.58,404.58,5137.5
0.8583,-28.214,-28.214,404.936,404.936,5137.5
0.8584,-27.664,-27.664,405.255,405.255,5137.5
0.8585,-27.094,-27.094,405.55,405.55,5137.5
0.8586,-26.682,-26.682,405.82,405.82,5137.5
0.8587,-26.204,-26.204,406.069,406.069,5137.5
0.8588,-25.636,-25.636,406.292,406.292,5137.5
0.8589,-24.914,-24.914,406.484,406.484,5137.5
0.859,-24.369,-24.369,406.64,406.64,5137.5
0.8591,-23.784,-23.784,406.766,406.766,5137.5
0.8592,-23.201,-23.201,406.861,406.861,5137.5
0.8593,-22.521,-22.521,406.931,406.931,5137.5
0.8594,-21.829,-21.829,406.975,406.975,5137.5
0.8595,-20.912,-20.912,406.99,406.99,5137.5
0.8596,-19.9,-19.9,406.963,406.963,5137.5
0.8597,-19.196,-19.196,406.894,406.894,5137.5
0.8598,-18.589,-18.589,406.801,406.801,5137.5
0.8599,-18.111,-18.111,406.692,406.692,5137.5
0.86,-17.062,-17.062,406.566,406.566,5137.5
0.8601,-15.866,-15.866,406.394,406.394,5137.5
0.8602,-15.301,-15.301,406.174,406.174,5137.5
0.8603,-14.794,-14.794,405.932,405.932,5137.5
0.8604,-14.205,-14.205,405.677,405.677,5137.5
0.8605,-13.137,-13.137,405.41,405.41,5137.5
0.8606,-11.946,-11.946,405.11,405.11,5137.5
0.8607,-11.169,-11.169,404.776,404.776,5137.5
0.8608,-10.163,-10.163,404.423,404.423,5137.5
0.8609,-9.48,-9.48,404.051,404.051,5137.5
0.861,-8.402,-8.402,403.667,403.667,5137.5
0.8611,-7.29,-7.29,403.259,403.259,5137.5
0.8612,-6.443,-6.443,402.83,402.83,5137.5
0.8613,-5.317,-5.317,402.386,402.386,5137.5
0.8614,-4.383,-4.383,401.928,401.928,5137.5
0.8615,-3.436,-3.436,401.459,401.459,5137.5
0.8616,-2.556,-2.556,400.98,400.98,5137.5
0.8617,-1.565,-1.565,400.494,400.494,5137.5
0.8618,-0.801,-0.801,400.003,400.003,5137.5
0.8619,-0.927,-0.927,399.509,399.509,5137.5
0.862,-0.0,-0.0,399.014,399.014,5137.5
0.8621,0.657,0.657,398.519,398.519,5137.5
0.8622,1.482,1.482,398.024,398.024,5137.5
0.8623,1.884,1.884,397.53,397.53,5137.5
0.8624,3.024,3.024,397.04,397.04,5137.5
0.8625,3.718,3.718,396.558,396.558,5137.5
0.8626,4.526,4.526,396.083,396.083,5137.5
0.8627,5.73,5.73,395.614,395.614,5137.5
0.8628,6.634,6.634,395.16,395.16,5137.5
0.8629,7.864,7.864,394.722,394.722,5137.5
0.863,8.839,8.839,394.307,394.307,5137.5
0.8631,9.357,9.357,393.907,393.907,5137.5
0.8632,10.397,10.397,393.513,393.513,5137.5
0.8633,11.681,11.681,393.14,393.14,5137.5
0.8634,13.122,13.122,392.801,392.801,5137.5
0.8635,14.114,14.114,392.507,392.507,5137.5
0.8636,14.735,14.735,392.24,392.24,5137.5
0.8637,15.636,15.636,391.984,391.984,5137.5
0.8638,16.534,16.534,391.751,391.751,5137.5
0.8639,17.585,17.585,391.549,391.549,5137.5
0.864,18.4,18.4,391.387,391.387,5137.5
0.8641,19.241,19.241,391.255,391.255,5137.5
0.8642,19.994,19.994,391.152,391.152,5137.5
0.8643,20.851,20.851,391.079,391.079,5137.5
0.8644,21.595,21.595,391.041,391.041,5137.5
0.8645,22.453,22.453,391.037,391.037,5137.5
0.8646,23.183,23.183,391.073,391.073,5137.5
0.8647,23.957,23.957,391.148,391.148,5137.5
0.8648,24.696,24.696,391.258,391.258,5137.5
0.8649,25.239,25.239,391.396,391.396,5137.5
0.865,25.929,25.929,391.553,391.553,5137.5
0.8651,26.445,26.445,391.741,391.741,5137.5
0.8652,27.243,27.243,391.963,391.963,5137.5
0.8653,27.76,27.76,392.223,392.223,5137.5
0.8654,28.126,28.126,392.504,392.504,5137.5
0.8655,28.731,28.731,392.799,392.799,5137.5
0.8656,29.304,29.304,393.129,393.129,5137.5
0.8657,29.981,29.981,393.498,393.498,5137.5
0.8658,30.365,30.365,393.911,393.911,5137.5
0.8659,30.466,30.466,394.339,394.339,5137.5
0.866,30.92,30.92,394.774,394.774,5137.5
0.8661,31.137,31.137,395.231,395.231,5137.5
0.8662,31.431,31.431,395.697,395.697,5137.5
0.8663,31.654,31.654,396.189,396.189,5137.5
0.8664,31.677,31.677,396.682,396.682,5137.5
0.8665,31.98,31.98,397.175,397.175,5137.5
0.8666,31.967,31.967,397.682,397.682,5137.5
0.8667,32.109,32.109,398.184,398.184,5137.5
0.8668,32.259,32.259,398.708,398.708,5137.5
0.8669,32.176,32.176,399.237,399.237,5137.5
0.867,32.322,32.322,399.771,399.771,5137.5
0.8671,32.028,32.028,400.314,400.314,5137.5
0.8672,31.95,31.95,400.836,400.836,5137.5
0.8673,31.744,31.744,401.363,401.363,5137.5
0.8674,31.41,31.41,401.874,401.874,5137.5
0.8675,31.372,31.372,402.374,402.374,5137.5
0.8676,31.08,31.08,402.868,402.868,5137.5
0.8677,30.549,30.549,403.332,403.332,5137.5
0.8678,30.585,30.585,403.769,403.769,5137.5
0.8679,30.309,30.309,404.196,404.196,5137.5
0.868,30.172,30.172,404.616,404.616,5137.5
0.8681,29.686,29.686,405.027,405.027,5137.5
0.8682,29.104,29.104,405.409,405.409,5137.5
0.8683,28.62,28.62,405.764,405.764,5137.5
0.8684,28.141,28.141,406.094,406.094,5137.5
0.8685,27.767,27.767,406.41,406.41,5137.5
0.8686,27.269,27.269,406.705,406.705,5137.5
0.8687,26.551,26.551,406.971,406.971,5137.5
0.8688,25.792,25.792,407.2,407.2,5137.5
0.8689,25.136,25.136,407.392,407.392,5137.5
0.869,24.616,24.616,407.554,407.554,5137.5
0.8691,23.924,23.924,407.687,407.687,5137.5
0.8692,23.309,23.309,407.791,407.791,5137.5
0.8693,22.589,22.589,407.868,407.868,5137.5
0.8694,21.695,21.695,407.912,407.912,5137.5
0.8695,20.953,20.953,407.912,407.912,5137.5
0.8696,20.213,20.213,407.881,407.881,5137.5
0.8697,19.736,19.736,407.827,407.827,5137.5
0.8698,18.78,18.78,407.762,407.762,5137.5
0.8699,17.689,17.689,407.658,407.658,5137.5
0.87,16.814,16.814,407.505,407.505,5137.5
0.8701,16.299,16.299,407.318,407.318,5137.5
0.8702,15.846,15.846,407.116,407.116,5137.5
0.8703,14.985,14.985,406.908,406.908,5137.5
0.8704,13.687,13.687,406.672,406.672,5137.5
0.8705,12.59,12.59,406.391,406.391,5137.5
0.8706,12.026,12.026,406.08,406.08,5137.5
0.8707,11.263,11.263,405.747,405.747,5137.5
0.8708,10.476,10.476,405.401,405.401,5137.5
0.8709,9.226,9.226,405.034,405.034,5137.5
0.871,8.169,8.169,404.638,404.638,5137.5
0.8711,7.367,7.367,404.223,404.223,5137.5
0.8712,6.37,6.37,403.792,403.792,5137.5
0.8713,5.585,5.585,403.349,403.349,5137.5
0.8714,4.427,4.427,402.896,402.896,5137.5
0.8715,3.317,3.317,402.429,402.429,5137.5
0.8716,2.456,2.456,401.952,401.952,5137.5
0.8717,1.398,1.398,401.468,401.468,5137.5
0.8718,0.753,0.753,400.978,400.978,5137.5
0.8719,1.115,1.115,400.485,400.485,5137.5
0.872,-0.0,-0.0,399.992,399.992,5137.5
0.8721,-0.86,-0.86,399.497,399.497,5137.5
0.8722,-1.695,-1.695,399.004,399.004,5137.5
0.8723,-1.955,-1.955,398.514,398.514,5137.5
0.8724,-2.753,-2.753,398.027,398.027,5137.5
0.8725,-3.563,-3.563,397.544,397.544,5137.5
0.8726,-4.64,-4.64,397.068,397.068,5137.5
0.8727,-5.692,-5.692,396.602,396.602,5137.5
0.8728,-6.683,-6.683,396.153,396.153,5137.5
0.8729,-7.501,-7.501,395.717,395.717,5137.5
0.873,-8.355,-8.355,395.288,395.288,5137.5
0.8731,-9.632,-9.632,394.872,394.872,5137.5
0.8732,-10.842,-10.842,394.481,394.481,5137.5
0.8733,-12.022,-12.022,394.124,394.124,5137.5
0.8734,-12.763,-12.763,393.801,393.801,5137.5
0.8735,-13.417,-13.417,393.491,393.491,5137.5
0.8736,-14.5,-14.5,393.195,393.195,5137.5
0.8737,-15.478,-15.478,392.931,392.931,5137.5
0.8738,-16.697,-16.697,392.704,392.704,5137.5
0.8739,-17.53,-17.53,392.518,392.518,5137.5
0.874,-18.222,-18.222,392.358,392.358,5137.5
0.8741,-19.163,-19.163,392.221,392.221,5137.5
0.8742,-19.99,-19.99,392.116,392.116,5137.5
0.8743,-20.897,-20.897,392.043,392.043,5137.5
0.8744,-21.873,-21.873,392.009,392.009,5137.5
0.8745,-22.724,-22.724,392.012,392.012,5137.5
0.8746,-23.54,-23.54,392.053,392.053,5137.5
0.8747,-24.244,-24.244,392.126,392.126,5137.5
0.8748,-24.737,-24.737,392.229,392.229,5137.5
0.8749,-25.501,-25.501,392.359,392.359,5137.5
0.875,-26.329,-26.329,392.527,392.527,5137.5
0.8751,-26.842,-26.842,392.74,392.74,5137.5
0.8752,-27.325,-27.325,392.979,392.979,5137.5
0.8753,-27.848,-27.848,393.235,393.235,5137.5
0.8754,-28.547,-28.547,393.519,393.519,5137.5
0.8755,-29.19,-29.19,393.834,393.834,5137.5
0.8756,-29.502,-29.502,394.194,394.194,5137.5
0.8757,-29.769,-29.769,394.574,394.574,5137.5
0.8758,-30.074,-30.074,394.959,394.959,5137.5
0.8759,-30.394,-30.394,395.367,395.367,5137.5
0.876,-30.844,-30.844,395.788,395.788,5137.5
0.8761,-31.258,-31.258,396.245,396.245,5137.5
0.8762,-31.288,-31.288,396.723,396.723,5137.5
0.8763,-31.497,-31.497,397.196,397.196,5137.5
0.8764,-31.577,-31.577,397.686,397.686,5137.5
0.8765,-31.544,-31.544,398.178,398.178,5137.5
0.8766,-32.085,-32.085,398.679,398.679,5137.5
0.8767,-31.975,-31.975,399.206,399.206,5137.5
0.8768,-32.037,-32.037,399.722,399.722,5137.5
0.8769,-32.074,-32.074,400.25,400.25,5137.5
0.877,-31.706,-31.706,400.774,400.774,5137.5
0.8771,-31.897,-31.897,401.282,401.282,5137.5
0.8772,-31.604,-31.604,401.802,401.802,5137.5
0.8773,-31.481,-31.481,402.306,402.306,5137.5
0.8774,-31.341,-31.341,402.814,402.814,5137.5
0.8775,-30.897,-30.897,403.307,403.307,5137.5
0.8776,-30.778,-30.778,403.771,403.771,5137.5
0.8777,-30.41,-30.41,404.229,404.229,5137.5
0.8778,-30.363,-30.363,404.667,404.667,5137.5
0.8779,-30.104,-30.104,405.103,405.103,5137.5
0.878,-29.54,-29.54,405.52,405.52,5137.5
0.8781,-29.182,-29.182,405.9,405.9,5137.5
0.8782,-28.748,-28.748,406.267,406.267,5137.5
0.8783,-28.406,-28.406,406.611,406.611,5137.5
0.8784,-27.884,-27.884,406.944,406.944,5137.5
0.8785,-27.27,-27.27,407.253,407.253,5137.5
0.8786,-26.659,-26.659,407.526,407.526,5137.5
0.8787,-26.297,-26.297,407.769,407.769,5137.5
0.8788,-25.69,-25.69,407.989,407.989,5137.5
0.8789,-25.095,-25.095,408.18,408.18,5137.5
0.879,-24.372,-24.372,408.344,408.344,5137.5
0.8791,-23.821,-23.821,408.474,408.474,5137.5
0.8792,-23.064,-23.064,408.575,408.575,5137.5
0.8793,-22.264,-22.264,408.64,408.64,5137.5
0.8794,-21.483,-21.483,408.668,408.668,5137.5
0.8795,-21.015,-21.015,408.668,408.668,5137.5
0.8796,-20.416,-20.416,408.651,408.651,5137.5
0.8797,-19.401,-19.401,408.612,408.612,5137.5
0.8798,-18.417,-18.417,408.528,408.528,5137.5
0.8799,-17.847,-17.847,408.403,408.403,5137.5
0.88,-17.313,-17.313,408.256,408.256,5137.5
0.8801,-16.661,-16.661,408.097,408.097,5137.5
0.8802,-15.56,-15.56,407.921,407.921,5137.5
0.8803,-14.098,-14.098,407.701,407.701,5137.5
0.8804,-13.322,-13.322,407.433,407.433,5137.5
0.8805,-12.448,-12.448,407.138,407.138,5137.5
0.8806,-12.112,-12.112,406.823,406.823,5137.5
0.8807,-11.124,-11.124,406.498,406.498,5137.5
0.8808,-9.88,-9.88,406.146,406.146,5137.5
0.8809,-9.365,-9.365,405.765,405.765,5137.5
0.881,-8.293,-8.293,405.373,405.373,5137.5
0.8811,-7.639,-7.639,404.964,404.964,5137.5
0.8812,-6.585,-6.585,404.545,404.545,5137.5
0.8813,-5.346,-5.346,404.109,404.109,5137.5
0.8814,-4.272,-4.272,403.656,403.656,5137.5
0.8815,-3.231,-3.231,403.19,403.19,5137.5
0.8816,-2.519,-2.519,402.713,402.713,5137.5
0.8817,-1.596,-1.596,402.23,402.23,5137.5
0.8818,-0.773,-0.773,401.741,401.741,5137.5
0.8819,-0.157,-0.157,401.25,401.25,5137.5
0.882,-0.0,-0.0,400.757,400.757,5137.5
0.8821,1.316,1.316,400.264,400.264,5137.5
0.8822,1.134,1.134,399.772,399.772,5137.5
0.8823,1.821,1.821,399.28,399.28,5137.5
0.8824,2.718,2.718,398.791,398.791,5137.5
0.8825,3.574,3.574,398.308,398.308,5137.5
0.8826,4.637,4.637,397.831,397.831,5137.5
0.8827,5.544,5.544,397.367,397.367,5137.5
0.8828,6.311,6.311,396.912,396.912,5137.5
0.8829,7.648,7.648,396.464,396.464,5137.5
0.883,8.786,8.786,396.037,396.037,5137.5
0.8831,9.894,9.894,395.634,395.634,5137.5
0.8832,10.89,10.89,395.264,395.264,5137.5
0.8833,11.39,11.39,394.913,394.913,5137.5
0.8834,12.47,12.47,394.57,394.57,5137.5
0.8835,13.562,13.562,394.25,394.25,5137.5
0.8836,14.77,14.77,393.964,393.964,5137.5
0.8837,15.551,15.551,393.721,393.721,5137.5
0.8838,16.248,16.248,393.503,393.503,5137.5
0.8839,17.184,17.184,393.299,393.299,5137.5
0.884,18.051,18.051,393.121,393.121,5137.5
0.8841,19.007,19.007,392.974,392.974,5137.5
0.8842,19.969,19.969,392.865,392.865,5137.5
0.8843,20.726,20.726,392.793,392.793,5137.5
0.8844,21.382,21.382,392.753,392.753,5137.5
0.8845,22.087,22.087,392.745,392.745,5137.5
0.8846,22.714,22.714,392.77,392.77,5137.5
0.8847,23.353,23.353,392.823,392.823,5137.5
0.8848,24.12,24.12,392.911,392.911,5137.5
0.8849,24.893,24.893,393.04,393.04,5137.5
0.885,25.393,25.393,393.203,393.203,5137.5
0.8851,25.824,25.824,393.386,393.386,5137.5
0.8852,26.39,26.39,393.585,393.585,5137.5
0.8853,27.014,27.014,393.81,393.81,5137.5
0.8854,27.815,27.815,394.071,394.071,5137.5
0.8855,28.346,28.346,394.371,394.371,5137.5
0.8856,28.635,28.635,394.691,394.691,5137.5
0.8857,29.127,29.127,395.024,395.024,5137.5
0.8858,29.533,29.533,395.388,395.388,5137.5
0.8859,30.196,30.196,395.78,395.78,5137.5
0.886,30.371,30.371,396.218,396.218,5137.5
0.8861,30.333,30.333,396.665,396.665,5137.5
0.8862,30.607,30.607,397.113,397.113,5137.5
0.8863,30.513,30.513,397.577,397.577,5137.5
0.8864,30.707,30.707,398.034,398.034,5137.5
0.8865,30.848,30.848,398.51,398.51,5137.5
0.8866,30.861,30.861,398.984,398.984,5137.5
0.8867,31.134,31.134,399.458,399.458,5137.5
0.8868,31.164,31.164,399.943,399.943,5137.5
0.8869,31.165,31.165,400.419,400.419,5137.5
0.887,31.2,31.2,400.913,400.913,5137.5
0.8871,31.16,31.16,401.407,401.407,5137.5
0.8872,31.221,31.221,401.906,401.906,5137.5
0.8873,30.991,30.991,402.412,402.412,5137.5
0.8874,30.694,30.694,402.9,402.9,5137.5
0.8875,30.675,30.675,403.378,403.378,5137.5
0.8876,30.232,30.232,403.845,403.845,5137.5
0.8877,29.967,29.967,404.296,404.296,5137.5
0.8878,29.489,29.489,404.731,404.731,5137.5
0.8879,29.043,29.043,405.132,405.132,5137.5
0.888,28.82,28.82,405.506,405.506,5137.5
0.8881,28.454,28.454,405.864,405.864,5137.5
0.8882,28.193,28.193,406.21,406.21,5137.5
0.8883,27.725,27.725,406.544,406.544,5137.5
0.8884,27.213,27.213,406.851,406.851,5137.5
0.8885,26.702,26.702,407.13,407.13,5137.5
0.8886,26.266,26.266,407.387,407.387,5137.5
0.8887,25.761,25.761,407.627,407.627,5137.5
0.8888,25.213,25.213,407.843,407.843,5137.5
0.8889,24.469,24.469,408.03,408.03,5137.5
0.889,23.664,23.664,408.181,408.181,5137.5
0.8891,23.088,23.088,408.294,408.294,5137.5
0.8892,22.457,22.457,408.374,408.374,5137.5
0.8893,21.819,21.819,408.424,408.424,5137.5
0.8894,21.312,21.312,408.448,408.448,5137.5
0.8895,20.389,20.389,408.452,408.452,5137.5
0.8896,19.573,19.573,408.418,408.418,5137.5
0.8897,18.831,18.831,408.345,408.345,5137.5
0.8898,18.37,18.37,408.241,408.241,5137.5
0.8899,17.79,17.79,408.123,408.123,5137.5
0.89,16.98,16.98,407.994,407.994,5137.5
0.8901,15.622,15.622,407.832,407.832,5137.5
0.8902,14.592,14.592,407.616,407.616,5137.5
0.8903,13.974,13.974,407.365,407.365,5137.5
0.8904,13.553,13.553,407.093,407.093,5137.5
0.8905,12.975,12.975,406.816,406.816,5137.5
0.8906,11.691,11.691,406.518,406.518,5137.5
0.8907,10.601,10.601,406.183,406.183,5137.5
0.8908,9.938,9.938,405.825,405.825,5137.5
0.8909,9.166,9.166,405.449,405.449,5137.5
0.891,8.508,8.508,405.062,405.062,5137.5
0.8911,7.217,7.217,404.659,404.659,5137.5
0.8912,5.932,5.932,404.233,404.233,5137.5
0.8913,5.045,5.045,403.788,403.788,5137.5
0.8914,4.16,4.16,403.33,403.33,5137.5
0.8915,3.228,3.228,402.861,402.861,5137.5
0.8916,2.243,2.243,402.384,402.384,5137.5
0.8917,1.429,1.429,401.899,401.899,5137.5
0.8918,0.865,0.865,401.409,401.409,5137.5
0.8919,0.896,0.896,400.917,400.917,5137.5
0.892,0.0,0.0,400.424,400.424,5137.5
0.8921,-0.82,-0.82,399.93,399.93,5137.5
0.8922,-1.495,-1.495,399.437,399.437,5137.5
0.8923,-2.017,-2.017,398.945,398.945,5137.5
0.8924,-2.911,-2.911,398.456,398.456,5137.5
0.8925,-3.84,-3.84,397.975,397.975,5137.5
0.8926,-4.493,-4.493,397.502,397.502,5137.5
0.8927,-5.266,-5.266,397.034,397.034,5137.5
0.8928,-6.521,-6.521,396.577,396.577,5137.5
0.8929,-7.585,-7.585,396.136,396.136,5137.5
0.893,-8.8,-8.8,395.718,395.718,5137.5
0.8931,-9.153,-9.153,395.323,395.323,5137.5
0.8932,-9.85,-9.85,394.931,394.931,5137.5
0.8933,-11.168,-11.168,394.551,394.551,5137.5
0.8934,-12.392,-12.392,394.201,394.201,5137.5
0.8935,-13.645,-13.645,393.89,393.89,5137.5
0.8936,-14.182,-14.182,393.617,393.617,5137.5
0.8937,-14.739,-14.739,393.357,393.357,5137.5
0.8938,-15.746,-15.746,393.11,393.11,5137.5
0.8939,-16.905,-16.905,392.892,392.892,5137.5
0.894,-17.928,-17.928,392.714,392.714,5137.5
0.8941,-18.712,-18.712,392.572,392.572,5137.5
0.8942,-19.478,-19.478,392.458,392.458,5137.5
0.8943,-20.335,-20.335,392.371,392.371,5137.5
0.8944,-21.146,-21.146,392.319,392.319,5137.5
0.8945,-21.823,-21.823,392.3,392.3,5137.5
0.8946,-22.677,-22.677,392.316,392.316,5137.5
0.8947,-23.412,-23.412,392.372,392.372,5137.5
0.8948,-24.119,-24.119,392.465,392.465,5137.5
0.8949,-24.771,-24.771,392.591,392.591,5137.5
0.895,-25.21,-25.21,392.741,392.741,5137.5
0.8951,-25.951,-25.951,392.914,392.914,5137.5
0.8952,-26.727,-26.727,393.117,393.117,5137.5
0.8953,-27.145,-27.145,393.362,393.362,5137.5
0.8954,-27.655,-27.655,393.629,393.629,5137.5
0.8955,-28.043,-28.043,393.91,393.91,5137.5
0.8956,-28.461,-28.461,394.218,394.218,5137.5
0.8957,-28.995,-28.995,394.547,394.547,5137.5
0.8958,-29.499,-29.499,394.922,394.922,5137.5
0.8959,-29.605,-29.605,395.326,395.326,5137.5
0.896,-29.969,-29.969,395.731,395.731,5137.5
0.8961,-30.316,-30.316,396.16,396.16,5137.5
0.8962,-30.411,-30.411,396.6,396.6,5137.5
0.8963,-30.818,-30.818,397.058,397.058,5137.5
0.8964,-30.798,-30.798,397.535,397.535,5137.5
0.8965,-30.778,-30.778,398.002,398.002,5137.5
0.8966,-30.81,-30.81,398.477,398.477,5137.5
0.8967,-30.713,-30.713,398.949,398.949,5137.5
0.8968,-31.132,-31.132,399.421,399.421,5137.5
0.8969,-31.087,-31.087,399.916,399.916,5137.5
0.897,-31.156,-31.156,400.405,400.405,5137.5
0.8971,-31.11,-31.11,400.907,400.907,5137.5
0.8972,-30.84,-30.84,401.402,401.402,5137.5
0.8973,-30.777,-30.777,401.883,401.883,5137.5
0.8974,-30.49,-30.49,402.366,402.366,5137.5
0.8975,-30.322,-30.322,402.832,402.832,5137.5
0.8976,-30.131,-30.131,403.298,403.298,5137.5
0.8977,-29.629,-29.629,403.746,403.746,5137.5
0.8978,-29.507,-29.507,404.158,404.158,5137.5
0.8979,-29.093,-29.093,404.561,404.561,5137.5
0.898,-28.923,-28.923,404.941,404.941,5137.5
0.8981,-28.602,-28.602,405.317,405.317,5137.5
0.8982,-27.994,-27.994,405.671,405.671,5137.5
0.8983,-27.61,-27.61,405.987,405.987,5137.5
0.8984,-27.06,-27.06,406.286,406.286,5137.5
0.8985,-26.577,-26.577,406.564,406.564,5137.5
0.8986,-26.312,-26.312,406.824,406.824,5137.5
0.8987,-25.781,-25.781,407.066,407.066,5137.5
0.8988,-25.133,-25.133,407.278,407.278,5137.5
0.8989,-24.606,-24.606,407.459,407.459,5137.5
0.899,-23.826,-23.826,407.609,407.609,5137.5
0.8991,-23.154,-23.154,407.727,407.727,5137.5
0.8992,-22.468,-22.468,407.814,407.814,5137.5
0.8993,-21.881,-21.881,407.873,407.873,5137.5
0.8994,-21.087,-21.087,407.902,407.902,5137.5
0.8995,-20.167,-20.167,407.893,407.893,5137.5
0.8996,-19.523,-19.523,407.846,407.846,5137.5
0.8997,-19.001,-19.001,407.774,407.774,5137.5
0.8998,-18.355,-18.355,407.687,407.687,5137.5
0.8999,-17.426,-17.426,407.58,407.58,5137.5
0.9,-16.295,-16.295,407.429,407.429,5137.5
0.9001,-15.718,-15.718,407.234,407.234,5137.5
0.9002,-15.175,-15.175,407.018,407.018,5137.5
0.9003,-14.717,-14.717,406.792,406.792,5137.5
0.9004,-13.68,-13.68,406.555,406.555,5137.5
0.9005,-12.463,-12.463,406.281,406.281,5137.5
0.9006,-11.503,-11.503,405.97,405.97,5137.5
0.9007,-10.554,-10.554,405.633,405.633,5137.5
0.9008,-9.94,-9.94,405.277,405.277,5137.5
0.9009,-8.956,-8.956,404.906,404.906,5137.5
0.901,-7.758,-7.758,404.511,404.511,5137.5
0.9011,-7.159,-7.159,404.092,404.092,5137.5
0.9012,-6.285,-6.285,403.66,403.66,5137.5
0.9013,-5.435,-5.435,403.215,403.215,5137.5
0.9014,-4.48,-4.48,402.759,402.759,5137.5
0.9015,-3.27,-3.27,402.293,402.293,5137.5
0.9016,-2.527,-2.527,401.816,401.816,5137.5
0.9017,-1.594,-1.594,401.332,401.332,5137.5
0.9018,-0.835,-0.835,400.843,400.843,5137.5
0.9019,-1.28,-1.28,400.35,400.35,5137.5
0.902,-0.291,-0.291,399.856,399.856,5137.5
0.9021,0.574,0.574,399.362,399.362,5137.5
0.9022,1.219,1.219,398.868,398.868,5137.5
0.9023,1.941,1.941,398.376,398.376,5137.5
0.9024,2.539,2.539,397.888,397.888,5137.5
0.9025,3.335,3.335,397.405,397.405,5137.5
0.9026,4.398,4.398,396.927,396.927,5137.5
0.9027,5.332,5.332,396.46,396.46,5137.5
0.9028,6.43,6.43,396.005,396.005,5137.5
0.9029,7.424,7.424,395.568,395.568,5137.5
0.903,7.992,7.992,395.142,395.142,5137.5
0.9031,9.14,9.14,394.722,394.722,5137.5
0.9032,10.317,10.317,394.323,394.323,5137.5
0.9033,11.536,11.536,393.952,393.952,5137.5
0.9034,12.567,12.567,393.619,393.619,5137.5
0.9035,13.053,13.053,393.31,393.31,5137.5
0.9036,14.075,14.075,393.01,393.01,5137.5
0.9037,15.248,15.248,392.735,392.735,5137.5
0.9038,16.2,16.2,392.499,392.499,5137.5
0.9039,16.877,16.877,392.303,392.303,5137.5
0.904,17.549,17.549,392.135,392.135,5137.5
0.9041,18.393,18.393,391.988,391.988,5137.5
0.9042,19.3,19.3,391.867,391.867,5137.5
0.9043,20.123,20.123,391.781,391.781,5137.5
0.9044,20.787,20.787,391.727,391.727,5137.5
0.9045,21.557,21.557,391.705,391.705,5137.5
0.9046,22.321,22.321,391.716,391.716,5137.5
0.9047,23.081,23.081,391.76,391.76,5137.5
0.9048,23.596,23.596,391.834,391.834,5137.5
0.9049,24.323,24.323,391.931,391.931,5137.5
0.905,25.087,25.087,392.066,392.066,5137.5
0.9051,25.925,25.925,392.242,392.242,5137.5
0.9052,26.461,26.461,392.46,392.46,5137.5
0.9053,26.792,26.792,392.7,392.7,5137.5
0.9054,27.465,27.465,392.951,392.951,5137.5
0.9055,27.906,27.906,393.235,393.235,5137.5
0.9056,28.612,28.612,393.55,393.55,5137.5
0.9057,28.907,28.907,393.905,393.905,5137.5
0.9058,29.133,29.133,394.27,394.27,5137.5
0.9059,29.544,29.544,394.643,394.643,5137.5
0.906,29.916,29.916,395.042,395.042,5137.5
0.9061,30.434,30.434,395.46,395.46,5137.5
0.9062,30.565,30.565,395.916,395.916,5137.5
0.9063,30.484,30.484,396.378,396.378,5137.5
0.9064,30.712,30.712,396.837,396.837,5137.5
0.9065,30.737,30.737,397.311,397.311,5137.5
0.9066,30.959,30.959,397.782,397.782,5137.5
0.9067,31.055,31.055,398.274,398.274,5137.5
0.9068,30.836,30.836,398.766,398.766,5137.5
0.9069,31.027,31.027,399.25,399.25,5137.5
0.907,30.934,30.934,399.743,399.743,5137.5
0.9071,30.885,30.885,400.222,400.222,5137.5
0.9072,31.014,31.014,400.709,400.709,5137.5
0.9073,30.661,30.661,401.194,401.194,5137.5
0.9074,30.697,30.697,401.673,401.673,5137.5
0.9075,30.342,30.342,402.153,402.153,5137.5
0.9076,30.061,30.061,402.605,402.605,5137.5
0.9077,29.996,29.996,403.046,403.046,5137.5
0.9078,29.71,29.71,403.476,403.476,5137.5
0.9079,29.521,29.521,403.895,403.895,5137.5
0.908,29.028,29.028,404.303,404.303,5137.5
0.9081,28.532,28.532,404.678,404.678,5137.5
0.9082,28.204,28.204,405.024,405.024,5137.5
0.9083,27.746,27.746,405.352,405.352,5137.5
0.9084,27.419,27.419,405.664,405.664,5137.5
0.9085,26.875,26.875,405.959,405.959,5137.5
0.9086,26.339,26.339,406.224,406.224,5137.5
0.9087,25.744,25.744,406.458,406.458,5137.5
0.9088,25.311,25.311,406.664,406.664,5137.5
0.9089,24.805,24.805,406.849,406.849,5137.5
0.909,24.106,24.106,407.008,407.008,5137.5
0.9091,23.301,23.301,407.136,407.136,5137.5
0.9092,22.605,22.605,407.231,407.231,5137.5
0.9093,21.919,21.919,407.29,407.29,5137.5
0.9094,21.164,21.164,407.314,407.314,5137.5
0.9095,20.561,20.561,407.305,407.305,5137.5
0.9096,20.063,20.063,407.275,407.275,5137.5
0.9097,19.202,19.202,407.229,407.229,5137.5
0.9098,18.157,18.157,407.147,407.147,5137.5
0.9099,17.347,17.347,407.018,407.018,5137.5
0.91,16.78,16.78,406.859,406.859,5137.5
0.9101,16.253,16.253,406.684,406.684,5137.5
0.9102,15.615,15.615,406.501,406.501,5137.5
0.9103,14.343,14.343,406.291,406.291,5137.5
0.9104,13.35,13.35,406.032,406.032,5137.5
0.9105,12.506,12.506,405.74,405.74,5137.5
0.9106,12.006,12.006,405.423,405.423,5137.5
0.9107,11.277,11.277,405.096,405.096,5137.5
0.9108,10.188,10.188,404.748,404.748,5137.5
0.9109,9.188,9.188,404.37,404.37,5137.5
0.911,8.368,8.368,403.975,403.975,5137.5
0.9111,7.517,7.517,403.562,403.562,5137.5
0.9112,6.632,6.632,403.14,403.14,5137.5
0.9113,5.498,5.498,402.703,402.703,5137.5
0.9114,4.361,4.361,402.25,402.25,5137.5
0.9115,3.464,3.464,401.784,401.784,5137.5
0.9116,2.215,2.215,401.307,401.307,5137.5
0.9117,1.268,1.268,400.822,400.822,5137.5
0.9118,0.76,0.76,400.331,400.331,5137.5
0.9119,0.844,0.844,399.837,399.837,5137.5
0.912,-0.164,-0.164,399.342,399.342,5137.5
0.9121,-1.04,-1.04,398.847,398.847,5137.5
0.9122,-1.213,-1.213,398.353,398.353,5137.5
0.9123,-2.023,-2.023,397.861,397.861,5137.5
0.9124,-2.739,-2.739,397.371,397.371,5137.5
0.9125,-3.694,-3.694,396.886,396.886,5137.5
0.9126,-4.547,-4.547,396.407,396.407,5137.5
0.9127,-5.742,-5.742,395.94,395.94,5137.5
0.9128,-6.514,-6.514,395.486,395.486,5137.5
0.9129,-7.363,-7.363,395.039,395.039,5137.5
0.913,-8.623,-8.623,394.605,394.605,5137.5
0.9131,-9.712,-9.712,394.194,394.194,5137.5
0.9132,-10.9,-10.9,393.815,393.815,5137.5
0.9133,-11.459,-11.459,393.466,393.466,5137.5
0.9134,-11.967,-11.967,393.125,393.125,5137.5
0.9135,-12.969,-12.969,392.796,392.796,5137.5
0.9136,-14.372,-14.372,392.494,392.494,5137.5
0.9137,-15.629,-15.629,392.235,392.235,5137.5
0.9138,-16.34,-16.34,392.015,392.015,5137.5
0.9139,-17.071,-17.071,391.815,391.815,5137.5
0.914,-18.009,-18.009,391.633,391.633,5137.5
0.9141,-19.041,-19.041,391.483,391.483,5137.5
0.9142,-19.916,-19.916,391.371,391.371,5137.5
0.9143,-20.604,-20.604,391.296,391.296,5137.5
0.9144,-21.446,-21.446,391.254,391.254,5137.5
0.9145,-22.159,-22.159,391.246,391.246,5137.5
0.9146,-22.941,-22.941,391.272,391.272,5137.5
0.9147,-23.586,-23.586,391.33,391.33,5137.5
0.9148,-24.394,-24.394,391.421,391.421,5137.5
0.9149,-25.261,-25.261,391.547,391.547,5137.5
0.915,-25.833,-25.833,391.717,391.717,5137.5
0.9151,-26.317,-26.317,391.913,391.913,5137.5
0.9152,-26.853,-26.853,392.125,392.125,5137.5
0.9153,-27.484,-27.484,392.364,392.364,5137.5
0.9154,-28.109,-28.109,392.631,392.631,5137.5
0.9155,-28.676,-28.676,392.941,392.941,5137.5
0.9156,-28.912,-28.912,393.278,393.278,5137.5
0.9157,-29.342,-29.342,393.622,393.622,5137.5
0.9158,-29.801,-29.801,393.994,393.994,5137.5
0.9159,-30.357,-30.357,394.39,394.39,5137.5
0.916,-30.84,-30.84,394.827,394.827,5137.5
0.9161,-30.919,-30.919,395.291,395.291,5137.5
0.9162,-31.062,-31.062,395.751,395.751,5137.5
0.9163,-31.194,-31.194,396.227,396.227,5137.5
0.9164,-31.33,-31.33,396.706,396.706,5137.5
0.9165,-31.674,-31.674,397.198,397.198,5137.5
0.9166,-31.551,-31.551,397.706,397.706,5137.5
0.9167,-31.64,-31.64,398.199,398.199,5137.5
0.9168,-31.666,-31.666,398.707,398.707,5137.5
0.9169,-31.548,-31.548,399.211,399.211,5137.5
0.917,-31.773,-31.773,399.713,399.713,5137.5
0.9171,-31.679,-31.679,400.232,400.232,5137.5
0.9172,-31.691,-31.691,400.74,400.74,5137.5
0.9173,-31.507,-31.507,401.262,401.262,5137.5
0.9174,-31.143,-31.143,401.769,401.769,5137.5
0.9175,-30.965,-30.965,402.253,402.253,5137.5
0.9176,-30.646,-30.646,402.731,402.731,5137.5
0.9177,-30.626,-30.626,403.187,403.187,5137.5
0.9178,-30.394,-30.394,403.646,403.646,5137.5
0.9179,-29.945,-29.945,404.083,404.083,5137.5
0.918,-29.631,-29.631,404.485,404.485,5137.5
0.9181,-29.014,-29.014,404.873,404.873,5137.5
0.9182,-28.743,-28.743,405.233,405.233,5137.5
0.9183,-28.336,-28.336,405.586,405.586,5137.5
0.9184,-27.706,-27.706,405.916,405.916,5137.5
0.9185,-27.149,-27.149,406.21,406.21,5137.5
0.9186,-26.922,-26.922,406.48,406.48,5137.5
0.9187,-26.546,-26.546,406.732,406.732,5137.5
0.9188,-25.951,-25.951,406.968,406.968,5137.5
0.9189,-25.312,-25.312,407.174,407.174,5137.5
0.919,-24.568,-24.568,407.348,407.348,5137.5
0.9191,-23.903,-23.903,407.486,407.486,5137.5
0.9192,-23.211,-23.211,407.589,407.589,5137.5
0.9193,-22.53,-22.53,407.656,407.656,5137.5
0.9194,-21.849,-21.849,407.695,407.695,5137.5
0.9195,-21.331,-21.331,407.709,407.709,5137.5
0.9196,-20.301,-20.301,407.7,407.7,5137.5
0.9197,-19.38,-19.38,407.647,407.647,5137.5
0.9198,-18.631,-18.631,407.557,407.557,5137.5
0.9199,-18.049,-18.049,407.442,407.442,5137.5
0.92,-17.498,-17.498,407.314,407.314,5137.5
0.9201,-16.394,-16.394,407.169,407.169,5137.5
0.9202,-15.144,-15.144,406.975,406.975,5137.5
0.9203,-14.317,-14.317,406.733,406.733,5137.5
0.9204,-13.705,-13.705,406.464,406.464,5137.5
0.9205,-13.207,-13.207,406.18,406.18,5137.5
0.9206,-12.375,-12.375,405.886,405.886,5137.5
0.9207,-11.176,-11.176,405.563,405.563,5137.5
0.9208,-10.517,-10.517,405.211,405.211,5137.5
0.9209,-9.471,-9.471,404.843,404.843,5137.5
0.921,-8.687,-8.687,404.457,404.457,5137.5
0.9211,-7.747,-7.747,404.058,404.058,5137.5
0.9212,-6.479,-6.479,403.64,403.64,5137.5
0.9213,-5.603,-5.603,403.2,403.2,5137.5
0.9214,-4.63,-4.63,402.746,402.746,5137.5
0.9215,-3.657,-3.657,402.279,402.279,5137.5
0.9216,-2.504,-2.504,401.803,401.803,5137.5
0.9217,-1.527,-1.527,401.319,401.319,5137.5
0.9218,-0.938,-0.938,400.829,400.829,5137.5
0.9219,-1.108,-1.108,400.336,400.336,5137.5
0.922,-0.0,-0.0,399.842,399.842,5137.5
0.9221,0.788,0.788,399.348,399.348,5137.5
0.9222,1.569,1.569,398.853,398.853,5137.5
0.9223,1.839,1.839,398.36,398.36,5137.5
0.9224,2.594,2.594,397.869,397.869,5137.5
0.9225,3.7,3.7,397.383,397.383,5137.5
0.9226,4.409,4.409,396.909,396.909,5137.5
0.9227,5.124,5.124,396.441,396.441,5137.5
0.9228,6.276,6.276,395.981,395.981,5137.5
0.9229,7.364,7.364,395.537,395.537,5137.5
0.923,8.549,8.549,395.112,395.112,5137.5
0.9231,9.385,9.385,394.714,394.714,5137.5
0.9232,9.928,9.928,394.33,394.33,5137.5
0.9233,11.016,11.016,393.952,393.952,5137.5
0.9234,12.319,12.319,393.596,393.596,5137.5
0.9235,13.651,13.651,393.274,393.274,5137.5
0.9236,14.592,14.592,392.997,392.997,5137.5
0.9237,15.168,15.168,392.747,392.747,5137.5
0.9238,16.114,16.114,392.508,392.508,5137.5
0.9239,17.122,17.122,392.294,392.294,5137.5
0.924,18.13,18.13,392.115,392.115,5137.5
0.9241,18.897,18.897,391.977,391.977,5137.5
0.9242,19.583,19.583,391.87,391.87,5137.5
0.9243,20.342,20.342,391.787,391.787,5137.5
0.9244,21.124,21.124,391.735,391.735,5137.5
0.9245,21.986,21.986,391.717,391.717,5137.5
0.9246,22.953,22.953,391.732,391.732,5137.5
0.9247,23.619,23.619,391.789,391.789,5137.5
0.9248,24.297,24.297,391.884,391.884,5137.5
0.9249,24.81,24.81,392.011,392.011,5137.5
0.925,25.341,25.341,392.162,392.162,5137.5
0.9251,26.091,26.091,392.334,392.334,5137.5
0.9252,26.766,26.766,392.54,392.54,5137.5
0.9253,27.578,27.578,392.785,392.785,5137.5
0.9254,27.944,27.944,393.069,393.069,5137.5
0.9255,28.414,28.414,393.368,393.368,5137.5
0.9256,28.983,28.983,393.684,393.684,5137.5
0.9257,29.492,29.492,394.029,394.029,5137.5
0.9258,30.064,30.064,394.408,394.408,5137.5
0.9259,30.215,30.215,394.827,394.827,5137.5
0.926,30.355,30.355,395.253,395.253,5137.5
0.9261,30.837,30.837,395.686,395.686,5137.5
0.9262,30.968,30.968,396.144,396.144,5137.5
0.9263,31.399,31.399,396.609,396.609,5137.5
0.9264,31.558,31.558,397.105,397.105,5137.5
0.9265,31.477,31.477,397.602,397.602,5137.5
0.9266,31.597,31.597,398.098,398.098,5137.5
0.9267,31.545,31.545,398.602,398.602,5137.5
0.9268,31.817,31.817,399.097,399.097,5137.5
0.9269,31.871,31.871,399.616,399.616,5137.5
0.927,31.658,31.658,400.13,400.13,5137.5
0.9271,31.625,31.625,400.643,400.643,5137.5
0.9272,31.487,31.487,401.156,401.156,5137.5
0.9273,31.295,31.295,401.652,401.652,5137.5
0.9274,31.248,31.248,402.147,402.147,5137.5
0.9275,30.8,30.8,402.634,402.634,5137.5
0.9276,30.799,30.799,403.109,403.109,5137.5
0.9277,30.381,30.381,403.582,403.582,5137.5
0.9278,29.873,29.873,404.023,404.023,5137.5
0.9279,29.65,29.65,404.441,404.441,5137.5
0.928,29.304,29.304,404.84,404.84,5137.5
0.9281,29.309,29.309,405.229,405.229,5137.5
0.9282,28.775,28.775,405.61,405.61,5137.5
0.9283,28.292,28.292,405.957,405.957,5137.5
0.9284,27.838,27.838,406.275,406.275,5137.5
0.9285,27.375,27.375,406.569,406.569,5137.5
0.9286,26.903,26.903,406.847,406.847,5137.5
0.9287,26.323,26.323,407.102,407.102,5137.5
0.9288,25.647,25.647,407.328,407.328,5137.5
0.9289,24.932,24.932,407.52,407.52,5137.5
0.929,24.296,24.296,407.681,407.681,5137.5
0.9291,23.687,23.687,407.813,407.813,5137.5
0.9292,23.097,23.097,407.915,407.915,5137.5
0.9293,22.404,22.404,407.992,407.992,5137.5
0.9294,21.719,21.719,408.041,408.041,5137.5
0.9295,20.853,20.853,408.053,408.053,5137.5
0.9296,20.065,20.065,408.023,408.023,5137.5
0.9297,19.449,19.449,407.959,407.959,5137.5
0.9298,18.852,18.852,407.876,407.876,5137.5
0.9299,17.984,17.984,407.778,407.778,5137.5
0.93,16.85,16.85,407.645,407.645,5137.5
0.9301,16.099,16.099,407.464,407.464,5137.5
0.9302,15.415,15.415,407.253,407.253,5137.5
0.9303,14.834,14.834,407.025,407.025,5137.5
0.9304,14.087,14.087,406.79,406.79,5137.5
0.9305,12.797,12.797,406.53,406.53,5137.5
0.9306,11.727,11.727,406.228,406.228,5137.5
0.9307,10.99,10.99,405.898,405.898,5137.5
0.9308,10.302,10.302,405.544,405.544,5137.5
0.9309,9.464,9.464,405.178,405.178,5137.5
0.931,8.24,8.24,404.791,404.791,5137.5
0.9311,7.317,7.317,404.379,404.379,5137.5
0.9312,6.565,6.565,403.949,403.949,5137.5
0.9313,5.584,5.584,403.506,403.506,5137.5
0.9314,4.741,4.741,403.052,403.052,5137.5
0.9315,3.553,3.553,402.587,402.587,5137.5
0.9316,2.355,2.355,402.112,402.112,5137.5
0.9317,1.467,1.467,401.628,401.628,5137.5
0.9318,0.795,0.795,401.139,401.139,5137.5
0.9319,0.2,0.2,400.647,400.647,5137.5
0.932,0.0,0.0,400.153,400.153,5137.5
0.9321,-0.379,-0.379,399.659,399.659,5137.5
0.9322,-1.289,-1.289,399.165,399.165,5137.5
0.9323,-1.924,-1.924,398.673,398.673,5137.5
0.9324,-2.693,-2.693,398.185,398.185,5137.5
0.9325,-3.372,-3.372,397.703,397.703,5137.5
0.9326,-4.186,-4.186,397.226,397.226,5137.5
0.9327,-5.483,-5.483,396.757,396.757,5137.5
0.9328,-6.358,-6.358,396.301,396.301,5137.5
0.9329,-7.488,-7.488,395.862,395.862,5137.5
0.933,-8.165,-8.165,395.44,395.44,5137.5
0.9331,-8.885,-8.885,395.025,395.025,5137.5
0.9332,-10.156,-10.156,394.621,394.621,5137.5
0.9333,-11.377,-11.377,394.243,394.243,5137.5
0.9334,-12.722,-12.722,393.902,393.902,5137.5
0.9335,-13.433,-13.433,393.599,393.599,5137.5
0.9336,-13.947,-13.947,393.309,393.309,5137.5
0.9337,-15.028,-15.028,393.033,393.033,5137.5
0.9338,-16.233,-16.233,392.788,392.788,5137.5
0.9339,-17.381,-17.381,392.584,392.584,5137.5
0.934,-18.074,-18.074,392.421,392.421,5137.5
0.9341,-18.861,-18.861,392.283,392.283,5137.5
0.9342,-19.776,-19.776,392.171,392.171,5137.5
0.9343,-20.582,-20.582,392.092,392.092,5137.5
0.9344,-21.414,-21.414,392.046,392.046,5137.5
0.9345,-22.112,-22.112,392.037,392.037,5137.5
0.9346,-22.97,-22.97,392.059,392.059,5137.5
0.9347,-23.732,-23.732,392.118,392.118,5137.5
0.9348,-24.297,-24.297,392.209,392.209,5137.5
0.9349,-25.05,-25.05,392.323,392.323,5137.5
0.935,-25.841,-25.841,392.471,392.471,5137.5
0.9351,-26.486,-26.486,392.657,392.657,5137.5
0.9352,-27.006,-27.006,392.884,392.884,5137.5
0.9353,-27.524,-27.524,393.139,393.139,5137.5
0.9354,-27.925,-27.925,393.411,393.411,5137.5
0.9355,-28.636,-28.636,393.709,393.709,5137.5
0.9356,-29.064,-29.064,394.036,394.036,5137.5
0.9357,-29.6,-29.6,394.401,394.401,5137.5
0.9358,-29.713,-29.713,394.794,394.794,5137.5
0.9359,-29.829,-29.829,395.186,395.186,5137.5
0.936,-30.259,-30.259,395.594,395.594,5137.5
0.9361,-30.591,-30.591,396.02,396.02,5137.5
0.9362,-30.978,-30.978,396.475,396.475,5137.5
0.9363,-30.943,-30.943,396.95,396.95,5137.5
0.9364,-31.217,-31.217,397.414,397.414,5137.5
0.9365,-31.468,-31.468,397.9,397.9,5137.5
0.9366,-31.365,-31.365,398.391,398.391,5137.5
0.9367,-31.578,-31.578,398.888,398.888,5137.5
0.9368,-31.66,-31.66,399.398,399.398,5137.5
0.9369,-31.613,-31.613,399.904,399.904,5137.5
0.937,-31.547,-31.547,400.42,400.42,5137.5
0.9371,-31.229,-31.229,400.928,400.928,5137.5
0.9372,-31.384,-31.384,401.421,401.421,5137.5
0.9373,-31.127,-31.127,401.924,401.924,5137.5
0.9374,-31.108,-31.108,402.41,402.41,5137.5
0.9375,-30.949,-30.949,402.9,402.9,5137.5
0.9376,-30.569,-30.569,403.375,403.375,5137.5
0.9377,-30.447,-30.447,403.819,403.819,5137.5
0.9378,-30.091,-30.091,404.26,404.26,5137.5
0.9379,-29.962,-29.962,404.681,404.681,5137.5
0.938,-29.528,-29.528,405.101,405.101,5137.5
0.9381,-28.87,-28.87,405.498,405.498,5137.5
0.9382,-28.61,-28.61,405.855,405.855,5137.5
0.9383,-28.026,-28.026,406.198,406.198,5137.5
0.9384,-27.74,-27.74,406.516,406.516,5137.5
0.9385,-27.268,-27.268,406.822,406.822,5137.5
0.9386,-26.575,-26.575,407.102,407.102,5137.5
0.9387,-25.988,-25.988,407.342,407.342,5137.5
0.9388,-25.601,-25.601,407.553,407.553,5137.5
0.9389,-25.128,-25.128,407.742,407.742,5137.5
0.939,-24.497,-24.497,407.906,407.906,5137.5
0.9391,-23.972,-23.972,408.043,408.043,5137.5
0.9392,-23.204,-23.204,408.154,408.154,5137.5
0.9393,-22.452,-22.452,408.23,408.23,5137.5
0.9394,-21.622,-21.622,408.272,408.272,5137.5
0.9395,-20.894,-20.894,408.276,408.276,5137.5
0.9396,-20.251,-20.251,408.252,408.252,5137.5
0.9397,-19.622,-19.622,408.209,408.209,5137.5
0.9398,-18.708,-18.708,408.142,408.142,5137.5
0.9399,-17.661,-17.661,408.033,408.033,5137.5
0.94,-17.052,-17.052,407.879,407.879,5137.5
0.9401,-16.434,-16.434,407.704,407.704,5137.5
0.9402,-15.917,-15.917,407.517,407.517,5137.5
0.9403,-14.863,-14.863,407.317,407.317,5137.5
0.9404,-13.712,-13.712,407.075,407.075,5137.5
0.9405,-12.932,-12.932,406.792,406.792,5137.5
0.9406,-12.049,-12.049,406.483,406.483,5137.5
0.9407,-11.488,-11.488,406.153,406.153,5137.5
0.9408,-10.425,-10.425,405.811,405.811,5137.5
0.9409,-9.093,-9.093,405.443,405.443,5137.5
0.941,-8.428,-8.428,405.047,405.047,5137.5
0.9411,-7.493,-7.493,404.637,404.637,5137.5
0.9412,-6.837,-6.837,404.214,404.214,5137.5
0.9413,-5.664,-5.664,403.78,403.78,5137.5
0.9414,-4.61,-4.61,403.331,403.331,5137.5
0.9415,-3.704,-3.704,402.867,402.867,5137.5
0.9416,-2.788,-2.788,402.394,402.394,5137.5
0.9417,-1.865,-1.865,401.912,401.912,5137.5
0.9418,-0.922,-0.922,401.424,401.424,5137.5
0.9419,-1.226,-1.226,400.932,400.932,5137.5
0.942,-0.0,-0.0,400.439,400.439,5137.5
0.9421,0.884,0.884,399.945,399.945,5137.5
0.9422,2.262,2.262,399.451,399.451,5137.5
0.9423,1.592,1.592,398.962,398.962,5137.5
0.9424,2.452,2.452,398.472,398.472,5137.5
0.9425,3.369,3.369,397.987,397.987,5137.5
0.9426,4.359,4.359,397.508,397.508,5137.5
0.9427,5.476,5.476,397.038,397.038,5137.5
0.9428,6.408,6.408,396.585,396.585,5137.5
0.9429,7.101,7.101,396.142,396.142,5137.5
0.943,8.176,8.176,395.707,395.707,5137.5
0.9431,9.193,9.193,395.291,395.291,5137.5
0.9432,10.503,10.503,394.901,394.901,5137.5
0.9433,11.475,11.475,394.546,394.546,5137.5
0.9434,11.853,11.853,394.212,394.212,5137.5
0.9435,12.785,12.785,393.883,393.883,5137.5
0.9436,14.184,14.184,393.574,393.574,5137.5
0.9437,15.361,15.361,393.305,393.305,5137.5
0.9438,16.195,16.195,393.077,393.077,5137.5
0.9439,16.715,16.715,392.878,392.878,5137.5
0.944,17.558,17.558,392.693,392.693,5137.5
0.9441,18.551,18.551,392.535,392.535,5137.5
0.9442,19.598,19.598,392.413,392.413,5137.5
0.9443,20.387,20.387,392.333,392.333,5137.5
0.9444,21.215,21.215,392.287,392.287,5137.5
0.9445,21.885,21.885,392.277,392.277,5137.5
0.9446,22.582,22.582,392.298,392.298,5137.5
0.9447,23.104,23.104,392.347,392.347,5137.5
0.9448,23.842,23.842,392.42,392.42,5137.5
0.9449,24.451,24.451,392.527,392.527,5137.5
0.945,25.269,25.269,392.669,392.669,5137.5
0.9451,25.807,25.807,392.847,392.847,5137.5
0.9452,26.182,26.182,393.048,393.048,5137.5
0.9453,26.848,26.848,393.265,393.265,5137.5
0.9454,27.315,27.315,393.515,393.515,5137.5
0.9455,28.132,28.132,393.799,393.799,5137.5
0.9456,28.644,28.644,394.127,394.127,5137.5
0.9457,28.914,28.914,394.474,394.474,5137.5
0.9458,29.416,29.416,394.831,394.831,5137.5
0.9459,29.579,29.579,395.217,395.217,5137.5
0.946,30.153,30.153,395.62,395.62,5137.5
0.9461,30.44,30.44,396.059,396.059,5137.5
0.9462,30.464,30.464,396.507,396.507,5137.5
0.9463,30.846,30.846,396.955,396.955,5137.5
0.9464,30.871,30.871,397.422,397.422,5137.5
0.9465,30.947,30.947,397.888,397.888,5137.5
0.9466,31.044,31.044,398.374,398.374,5137.5
0.9467,30.955,30.955,398.861,398.861,5137.5
0.9468,31.371,31.371,399.347,399.347,5137.5
0.9469,31.467,31.467,399.852,399.852,5137.5
0.947,31.59,31.59,400.35,400.35,5137.5
0.9471,31.517,31.517,400.864,400.864,5137.5
0.9472,31.111,31.111,401.369,401.369,5137.5
0.9473,30.99,30.99,401.866,401.866,5137.5
0.9474,30.62,30.62,402.357,402.357,5137.5
0.9475,30.325,30.325,402.819,402.819,5137.5
0.9476,30.187,30.187,403.273,403.273,5137.5
0.9477,29.84,29.84,403.713,403.713,5137.5
0.9478,29.819,29.819,404.143,404.143,5137.5
0.9479,29.439,29.439,404.567,404.567,5137.5
0.948,28.955,28.955,404.961,404.961,5137.5
0.9481,28.804,28.804,405.332,405.332,5137.5
0.9482,28.403,28.403,405.689,405.689,5137.5
0.9483,28.027,28.027,406.032,406.032,5137.5
0.9484,27.46,27.46,406.358,406.358,5137.5
0.9485,26.851,26.851,406.651,406.651,5137.5
0.9486,26.351,26.351,406.911,406.911,5137.5
0.9487,25.878,25.878,407.144,407.144,5137.5
0.9488,25.325,25.325,407.357,407.357,5137.5
0.9489,24.673,24.673,407.546,407.546,5137.5
0.949,24.055,24.055,407.704,407.704,5137.5
0.9491,23.492,23.492,407.83,407.83,5137.5
0.9492,22.705,22.705,407.927,407.927,5137.5
0.9493,22.065,22.065,407.985,407.985,5137.5
0.9494,21.476,21.476,408.014,408.014,5137.5
0.9495,20.917,20.917,408.021,408.021,5137.5
0.9496,20.001,20.001,408.007,408.007,5137.5
0.9497,19.151,19.151,407.956,407.956,5137.5
0.9498,18.281,18.281,407.865,407.865,5137.5
0.9499,17.612,17.612,407.741,407.741,5137.5
0.95,17.107,17.107,407.597,407.597,5137.5
0.9501,16.332,16.332,407.444,407.444,5137.5
0.9502,15.075,15.075,407.259,407.259,5137.5
0.9503,14.125,14.125,407.022,407.022,5137.5
0.9504,13.617,13.617,406.751,406.751,5137.5
0.9505,13.03,13.03,406.462,406.462,5137.5
0.9506,12.3,12.3,406.163,406.163,5137.5
0.9507,10.981,10.981,405.845,405.845,5137.5
0.9508,10.008,10.008,405.491,405.491,5137.5
0.9509,9.248,9.248,405.119,405.119,5137.5
0.951,8.469,8.469,404.73,404.73,5137.5
0.9511,7.499,7.499,404.329,404.329,5137.5
0.9512,6.244,6.244,403.911,403.911,5137.5
0.9513,5.288,5.288,403.471,403.471,5137.5
0.9514,4.4,4.4,403.017,403.017,5137.5
0.9515,3.348,3.348,402.55,402.55,5137.5
0.9516,2.715,2.715,402.073,402.073,5137.5
0.9517,1.748,1.748,401.59,401.59,5137.5
0.9518,0.789,0.789,401.101,401.101,5137.5
0.9519,0.385,0.385,400.609,400.609,5137.5
0.952,-0.0,-0.0,400.115,400.115,5137.5
0.9521,-0.832,-0.832,399.621,399.621,5137.5
0.9522,-2.006,-2.006,399.127,399.127,5137.5
0.9523,-1.732,-1.732,398.635,398.635,5137.5
0.9524,-2.727,-2.727,398.144,398.144,5137.5
0.9525,-3.745,-3.745,397.658,397.658,5137.5
0.9526,-4.525,-4.525,397.183,397.183,5137.5
0.9527,-5.285,-5.285,396.717,396.717,5137.5
0.9528,-6.044,-6.044,396.259,396.259,5137.5
0.9529,-7.309,-7.309,395.811,395.811,5137.5
0.953,-8.312,-8.312,395.382,395.382,5137.5
0.9531,-9.391,-9.391,394.979,394.979,5137.5
0.9532,-10.177,-10.177,394.599,394.599,5137.5
0.9533,-10.767,-10.767,394.228,394.228,5137.5
0.9534,-12.015,-12.015,393.868,393.868,5137.5
0.9535,-13.243,-13.243,393.538,393.538,5137.5
0.9536,-14.562,-14.562,393.249,393.249,5137.5
0.9537,-15.22,-15.22,393.0,393.0,5137.5
0.9538,-15.887,-15.887,392.766,392.766,5137.5
0.9539,-16.802,-16.802,392.548,392.548,5137.5
0.954,-17.671,-17.671,392.359,392.359,5137.5
0.9541,-18.708,-18.708,392.205,392.205,5137.5
0.9542,-19.551,-19.551,392.089,392.089,5137.5
0.9543,-20.169,-20.169,392.005,392.005,5137.5
0.9544,-20.969,-20.969,391.947,391.947,5137.5
0.9545,-21.736,-21.736,391.922,391.922,5137.5
0.9546,-22.611,-22.611,391.932,391.932,5137.5
0.9547,-23.541,-23.541,391.979,391.979,5137.5
0.9548,-24.379,-24.379,392.067,392.067,5137.5
0.9549,-25.068,-25.068,392.197,392.197,5137.5
0.955,-25.589,-25.589,392.356,392.356,5137.5
0.9551,-26.138,-26.138,392.535,392.535,5137.5
0.9552,-26.796,-26.796,392.74,392.74,5137.5
0.9553,-27.494,-27.494,392.975,392.975,5137.5
0.9554,-28.068,-28.068,393.252,393.252,5137.5
0.9555,-28.315,-28.315,393.556,393.556,5137.5
0.9556,-28.639,-28.639,393.869,393.869,5137.5
0.9557,-29.133,-29.133,394.206,394.206,5137.5
0.9558,-29.491,-29.491,394.567,394.567,5137.5
0.9559,-30.035,-30.035,394.967,394.967,5137.5
0.956,-30.084,-30.084,395.394,395.394,5137.5
0.9561,-30.302,-30.302,395.818,395.818,5137.5
0.9562,-30.573,-30.573,396.262,396.262,5137.5
0.9563,-30.828,-30.828,396.713,396.713,5137.5
0.9564,-31.135,-31.135,397.187,397.187,5137.5
0.9565,-31.169,-31.169,397.675,397.675,5137.5
0.9566,-31.216,-31.216,398.154,398.154,5137.5
0.9567,-31.33,-31.33,398.644,398.644,5137.5
0.9568,-31.158,-31.158,399.133,399.133,5137.5
0.9569,-31.454,-31.454,399.622,399.622,5137.5
0.957,-31.15,-31.15,400.129,400.129,5137.5
0.9571,-31.311,-31.311,400.621,400.621,5137.5
0.9572,-31.157,-31.157,401.13,401.13,5137.5
0.9573,-30.891,-30.891,401.628,401.628,5137.5
0.9574,-30.804,-30.804,402.109,402.109,5137.5
0.9575,-30.464,-30.464,402.588,402.588,5137.5
0.9576,-30.418,-30.418,403.044,403.044,5137.5
0.9577,-30.059,-30.059,403.501,403.501,5137.5
0.9578,-29.699,-29.699,403.934,403.934,5137.5
0.9579,-29.577,-29.577,404.337,404.337,5137.5
0.958,-29.273,-29.273,404.733,404.733,5137.5
0.9581,-29.031,-29.031,405.112,405.112,5137.5
0.9582,-28.607,-28.607,405.484,405.484,5137.5
0.9583,-27.992,-27.992,405.835,405.835,5137.5
0.9584,-27.439,-27.439,406.149,406.149,5137.5
0.9585,-26.922,-26.922,406.439,406.439,5137.5
0.9586,-26.589,-26.589,406.706,406.706,5137.5
0.9587,-26.213,-26.213,406.956,406.956,5137.5
0.9588,-25.551,-25.551,407.182,407.182,5137.5
0.9589,-24.857,-24.857,407.373,407.373,5137.5
0.959,-24.23,-24.23,407.531,407.531,5137.5
0.9591,-23.694,-23.694,407.657,407.657,5137.5
0.9592,-23.14,-23.14,407.756,407.756,5137.5
0.9593,-22.353,-22.353,407.831,407.831,5137.5
0.9594,-21.661,-21.661,407.877,407.877,5137.5
0.9595,-20.71,-20.71,407.893,407.893,5137.5
0.9596,-19.804,-19.804,407.868,407.868,5137.5
0.9597,-19.111,-19.111,407.803,407.803,5137.5
0.9598,-18.628,-18.628,407.713,407.713,5137.5
0.9599,-18.102,-18.102,407.609,407.609,5137.5
0.96,-17.027,-17.027,407.487,407.487,5137.5
0.9601,-15.765,-15.765,407.317,407.317,5137.5
0.9602,-15.087,-15.087,407.102,407.102,5137.5
0.9603,-14.675,-14.675,406.861,406.861,5137.5
0.9604,-14.249,-14.249,406.613,406.613,5137.5
0.9605,-13.243,-13.243,406.356,406.356,5137.5
0.9606,-11.984,-11.984,406.064,406.064,5137.5
0.9607,-11.084,-11.084,405.736,405.736,5137.5
0.9608,-10.125,-10.125,405.386,405.386,5137.5
0.9609,-9.413,-9.413,405.017,405.017,5137.5
0.961,-8.411,-8.411,404.634,404.634,5137.5
0.9611,-7.416,-7.416,404.229,404.229,5137.5
0.9612,-6.632,-6.632,403.802,403.802,5137.5
0.9613,-5.667,-5.667,403.361,403.361,5137.5
0.9614,-4.752,-4.752,402.907,402.907,5137.5
0.9615,-3.741,-3.741,402.443,402.443,5137.5
0.9616,-2.715,-2.715,401.968,401.968,5137.5
0.9617,-1.755,-1.755,401.485,401.485,5137.5
0.9618,-1.025,-1.025,400.997,400.997,5137.5
0.9619,-0.272,-0.272,400.505,400.505,5137.5
0.962,-0.0,-0.0,400.011,400.011,5137.5
0.9621,0.423,0.423,399.516,399.516,5137.5
0.9622,1.109,1.109,399.022,399.022,5137.5
0.9623,1.756,1.756,398.529,398.529,5137.5
0.9624,2.633,2.633,398.038,398.038,5137.5
0.9625,3.311,3.311,397.555,397.555,5137.5
0.9626,4.139,4.139,397.077,397.077,5137.5
0.9627,5.23,5.23,396.606,396.606,5137.5
0.9628,6.129,6.129,396.148,396.148,5137.5
0.9629,7.358,7.358,395.703,395.703,5137.5
0.963,8.355,8.355,395.282,395.282,5137.5
0.9631,8.897,8.897,394.874,394.874,5137.5
0.9632,10.033,10.033,394.471,394.471,5137.5
0.9633,11.307,11.307,394.091,394.091,5137.5
0.9634,12.573,12.573,393.742,393.742,5137.5
0.9635,13.53,13.53,393.434,393.434,5137.5
0.9636,13.865,13.865,393.15,393.15,5137.5
0.9637,14.766,14.766,392.873,392.873,5137.5
0.9638,15.813,15.813,392.619,392.619,5137.5
0.9639,16.973,16.973,392.401,392.401,5137.5
0.964,17.737,17.737,392.227,392.227,5137.5
0.9641,18.504,18.504,392.083,392.083,5137.5
0.9642,19.452,19.452,391.964,391.964,5137.5
0.9643,20.288,20.288,391.879,391.879,5137.5
0.9644,21.146,21.146,391.827,391.827,5137.5
0.9645,21.891,21.891,391.811,391.811,5137.5
0.9646,22.478,22.478,391.829,391.829,5137.5
0.9647,23.183,23.183,391.877,391.877,5137.5
0.9648,23.742,23.742,391.958,391.958,5137.5
0.9649,24.346,24.346,392.06,392.06,5137.5
0.965,25.087,25.087,392.187,392.187,5137.5
0.9651,25.797,25.797,392.347,392.347,5137.5
0.9652,26.598,26.598,392.547,392.547,5137.5
0.9653,27.067,27.067,392.788,392.788,5137.5
0.9654,27.535,27.535,393.05,393.05,5137.5
0.9655,28.132,28.132,393.33,393.33,5137.5
0.9656,28.675,28.675,393.643,393.643,5137.5
0.9657,29.277,29.277,393.993,393.993,5137.5
0.9658,29.447,29.447,394.383,394.383,5137.5
0.9659,29.589,29.589,394.779,394.779,5137.5
0.966,29.989,29.989,395.182,395.182,5137.5
0.9661,30.141,30.141,395.605,395.605,5137.5
0.9662,30.611,30.611,396.037,396.037,5137.5
0.9663,30.88,30.88,396.498,396.498,5137.5
0.9664,30.865,30.865,396.966,396.966,5137.5
0.9665,31.167,31.167,397.431,397.431,5137.5
0.9666,31.078,31.078,397.913,397.913,5137.5
0.9667,31.263,31.263,398.388,398.388,5137.5
0.9668,31.339,31.339,398.888,398.888,5137.5
0.9669,31.183,31.183,399.39,399.39,5137.5
0.967,31.342,31.342,399.891,399.891,5137.5
0.9671,31.178,31.178,400.403,400.403,5137.5
0.9672,31.202,31.202,400.898,400.898,5137.5
0.9673,31.086,31.086,401.4,401.4,5137.5
0.9674,30.787,30.787,401.889,401.889,5137.5
0.9675,30.745,30.745,402.368,402.368,5137.5
0.9676,30.342,30.342,402.84,402.84,5137.5
0.9677,29.95,29.95,403.281,403.281,5137.5
0.9678,29.935,29.935,403.704,403.704,5137.5
0.9679,29.686,29.686,404.116,404.116,5137.5
0.968,29.472,29.472,404.522,404.522,5137.5
0.9681,28.974,28.974,404.918,404.918,5137.5
0.9682,28.523,28.523,405.285,405.285,5137.5
0.9683,28.225,28.225,405.627,405.627,5137.5
0.9684,27.57,27.57,405.952,405.952,5137.5
0.9685,27.188,27.188,406.257,406.257,5137.5
0.9686,26.643,26.643,406.54,406.54,5137.5
0.9687,25.788,25.788,406.792,406.792,5137.5
0.9688,25.339,25.339,407.001,407.001,5137.5
0.9689,24.802,24.802,407.183,407.183,5137.5
0.969,24.299,24.299,407.338,407.338,5137.5
0.9691,23.657,23.657,407.467,407.467,5137.5
0.9692,23.086,23.086,407.567,407.567,5137.5
0.9693,22.399,22.399,407.641,407.641,5137.5
0.9694,21.66,21.66,407.684,407.684,5137.5
0.9695,20.936,20.936,407.69,407.69,5137.5
0.9696,20.135,20.135,407.666,407.666,5137.5
0.9697,19.561,19.561,407.618,407.618,5137.5
0.9698,18.712,18.712,407.554,407.554,5137.5
0.9699,17.726,17.726,407.453,407.453,5137.5
0.97,16.72,16.72,407.306,407.306,5137.5
0.9701,16.25,16.25,407.123,407.123,5137.5
0.9702,15.686,15.686,406.925,406.925,5137.5
0.9703,14.987,14.987,406.719,406.719,5137.5
0.9704,13.557,13.557,406.486,406.486,5137.5
0.9705,12.677,12.677,406.204,406.204,5137.5
0.9706,12.043,12.043,405.895,405.895,5137.5
0.9707,11.442,11.442,405.563,405.563,5137.5
0.9708,10.62,10.62,405.221,405.221,5137.5
0.9709,9.45,9.45,404.858,404.858,5137.5
0.971,8.355,8.355,404.467,404.467,5137.5
0.9711,7.518,7.518,404.057,404.057,5137.5
0.9712,6.693,6.693,403.631,403.631,5137.5
0.9713,5.684,5.684,403.195,403.195,5137.5
0.9714,4.525,4.525,402.746,402.746,5137.5
0.9715,3.377,3.377,402.282,402.282,5137.5
0.9716,2.473,2.473,401.807,401.807,5137.5
0.9717,1.439,1.439,401.323,401.323,5137.5
0.9718,1.017,1.017,400.833,400.833,5137.5
0.9719,1.251,1.251,400.341,400.341,5137.5
0.972,0.154,0.154,399.847,399.847,5137.5
0.9721,0.0,0.0,399.353,399.353,5137.5
0.9722,-1.214,-1.214,398.858,398.858,5137.5
0.9723,-1.716,-1.716,398.366,398.366,5137.5
0.9724,-2.476,-2.476,397.877,397.877,5137.5
0.9725,-3.295,-3.295,397.391,397.391,5137.5
0.9726,-4.392,-4.392,396.911,396.911,5137.5
0.9727,-5.448,-5.448,396.44,396.44,5137.5
0.9728,-6.373,-6.373,395.984,395.984,5137.5
0.9729,-7.078,-7.078,395.54,395.54,5137.5
0.973,-7.984,-7.984,395.104,395.104,5137.5
0.9731,-9.194,-9.194,394.683,394.683,5137.5
0.9732,-10.23,-10.23,394.285,394.285,5137.5
0.9733,-11.531,-11.531,393.921,393.921,5137.5
0.9734,-12.078,-12.078,393.591,393.591,5137.5
0.9735,-12.722,-12.722,393.269,393.269,5137.5
0.9736,-13.789,-13.789,392.96,392.96,5137.5
0.9737,-14.989,-14.989,392.68,392.68,5137.5
0.9738,-16.104,-16.104,392.441,392.441,5137.5
0.9739,-16.934,-16.934,392.239,392.239,5137.5
0.974,-17.53,-17.53,392.059,392.059,5137.5
0.9741,-18.708,-18.708,391.898,391.898,5137.5
0.9742,-19.658,-19.658,391.774,391.774,5137.5
0.9743,-20.586,-20.586,391.687,391.687,5137.5
0.9744,-21.311,-21.311,391.639,391.639,5137.5
0.9745,-22.056,-22.056,391.627,391.627,5137.5
0.9746,-22.699,-22.699,391.649,391.649,5137.5
0.9747,-23.38,-23.38,391.702,391.702,5137.5
0.9748,-24.155,-24.155,391.784,391.784,5137.5
0.9749,-24.979,-24.979,391.9,391.9,5137.5
0.975,-25.74,-25.74,392.051,392.051,5137.5
0.9751,-26.43,-26.43,392.242,392.242,5137.5
0.9752,-26.939,-26.939,392.462,392.462,5137.5
0.9753,-27.282,-27.282,392.699,392.699,5137.5
0.9754,-27.912,-27.912,392.959,392.959,5137.5
0.9755,-28.568,-28.568,393.248,393.248,5137.5
0.9756,-28.94,-28.94,393.583,393.583,5137.5
0.9757,-29.232,-29.232,393.941,393.941,5137.5
0.9758,-29.569,-29.569,394.308,394.308,5137.5
0.9759,-30.043,-30.043,394.7,394.7,5137.5
0.976,-30.475,-30.475,395.111,395.111,5137.5
0.9761,-30.802,-30.802,395.561,395.561,5137.5
0.9762,-30.907,-30.907,396.027,396.027,5137.5
0.9763,-30.955,-30.955,396.49,396.49,5137.5
0.9764,-31.229,-31.229,396.965,396.965,5137.5
0.9765,-31.284,-31.284,397.444,397.444,5137.5
0.9766,-31.521,-31.521,397.934,397.934,5137.5
0.9767,-31.522,-31.522,398.436,398.436,5137.5
0.9768,-31.646,-31.646,398.929,398.929,5137.5
0.9769,-31.766,-31.766,399.44,399.44,5137.5
0.977,-31.591,-31.591,399.949,399.949,5137.5
0.9771,-31.679,-31.679,400.455,400.455,5137.5
0.9772,-31.423,-31.423,400.971,400.971,5137.5
0.9773,-31.402,-31.402,401.472,401.472,5137.5
0.9774,-31.1,-31.1,401.984,401.984,5137.5
0.9775,-30.693,-30.693,402.475,402.475,5137.5
0.9776,-30.642,-30.642,402.938,402.938,5137.5
0.9777,-30.286,-30.286,403.397,403.397,5137.5
0.9778,-30.113,-30.113,403.834,403.834,5137.5
0.9779,-29.654,-29.654,404.265,404.265,5137.5
0.978,-29.16,-29.16,404.668,404.668,5137.5
0.9781,-28.855,-28.855,405.037,405.037,5137.5
0.9782,-28.67,-28.67,405.392,405.392,5137.5
0.9783,-28.253,-28.253,405.736,405.736,5137.5
0.9784,-27.766,-27.766,406.068,406.068,5137.5
0.9785,-27.099,-27.099,406.377,406.377,5137.5
0.9786,-26.822,-26.822,406.649,406.649,5137.5
0.9787,-26.387,-26.387,406.9,406.9,5137.5
0.9788,-25.947,-25.947,407.128,407.128,5137.5
0.9789,-25.253,-25.253,407.334,407.334,5137.5
0.979,-24.562,-24.562,407.507,407.507,5137.5
0.9791,-23.747,-23.747,407.647,407.647,5137.5
0.9792,-23.002,-23.002,407.75,407.75,5137.5
0.9793,-22.242,-22.242,407.817,407.817,5137.5
0.9794,-21.537,-21.537,407.849,407.849,5137.5
0.9795,-21.098,-21.098,407.854,407.854,5137.5
0.9796,-20.432,-20.432,407.841,407.841,5137.5
0.9797,-19.491,-19.491,407.803,407.803,5137.5
0.9798,-18.604,-18.604,407.725,407.725,5137.5
0.9799,-17.953,-17.953,407.609,407.609,5137.5
0.98,-17.215,-17.215,407.47,407.47,5137.5
0.9801,-16.8,-16.8,407.315,407.315,5137.5
0.9802,-15.628,-15.628,407.146,407.146,5137.5
0.9803,-14.407,-14.407,406.928,406.928,5137.5
0.9804,-13.695,-13.695,406.664,406.664,5137.5
0.9805,-13.106,-13.106,406.375,406.375,5137.5
0.9806,-12.527,-12.527,406.071,406.071,5137.5
0.9807,-11.593,-11.593,405.756,405.756,5137.5
0.9808,-10.36,-10.36,405.414,405.414,5137.5
0.9809,-9.726,-9.726,405.043,405.043,5137.5
0.981,-8.757,-8.757,404.658,404.658,5137.5
0.9811,-8.076,-8.076,404.258,404.258,5137.5
0.9812,-6.942,-6.942,403.847,403.847,5137.5
0.9813,-5.707,-5.707,403.416,403.416,5137.5
0.9814,-4.861,-4.861,402.966,402.966,5137.5
0.9815,-3.722,-3.722,402.503,402.503,5137.5
0.9816,-2.851,-2.851,402.029,402.029,5137.5
0.9817,-1.87,-1.87,401.546,401.546,5137.5
0.9818,-1.009,-1.009,401.058,401.058,5137.5
0.9819,-1.333,-1.333,400.565,400.565,5137.5
0.982,-0.0,-0.0,400.072,400.072,5137.5
0.9821,-0.0,-0.0,399.578,399.578,5137.5
0.9822,0.785,0.785,399.084,399.084,5137.5
0.9823,1.459,1.459,398.591,398.591,5137.5
0.9824,2.491,2.491,398.099,398.099,5137.5
0.9825,3.256,3.256,397.612,397.612,5137.5
0.9826,4.349,4.349,397.132,397.132,5137.5
0.9827,5.228,5.228,396.663,396.663,5137.5
0.9828,6.168,6.168,396.204,396.204,5137.5
0.9829,7.337,7.337,395.754,395.754,5137.5
0.983,8.523,8.523,395.323,395.323,5137.5
0.9831,9.511,9.511,394.914,394.914,5137.5
0.9832,10.379,10.379,394.535,394.535,5137.5
0.9833,10.974,10.974,394.174,394.174,5137.5
0.9834,11.904,11.904,393.819,393.819,5137.5
0.9835,13.064,13.064,393.486,393.486,5137.5
0.9836,14.351,14.351,393.188,393.188,5137.5
0.9837,15.252,15.252,392.935,392.935,5137.5
0.9838,15.829,15.829,392.708,392.708,5137.5
0.9839,16.765,16.765,392.49,392.49,5137.5
0.984,17.87,17.87,392.298,392.298,5137.5
0.9841,18.787,18.787,392.14,392.14,5137.5
0.9842,19.505,19.505,392.022,392.022,5137.5
0.9843,20.315,20.315,391.933,391.933,5137.5
0.9844,21.038,21.038,391.876,391.876,5137.5
0.9845,21.799,21.799,391.852,391.852,5137.5
0.9846,22.614,22.614,391.862,391.862,5137.5
0.9847,23.459,23.459,391.908,391.908,5137.5
0.9848,24.069,24.069,391.995,391.995,5137.5
0.9849,24.724,24.724,392.119,392.119,5137.5
0.985,25.141,25.141,392.276,392.276,5137.5
0.9851,25.725,25.725,392.452,392.452,5137.5
0.9852,26.44,26.44,392.645,392.645,5137.5
0.9853,26.956,26.956,392.869,392.869,5137.5
0.9854,27.861,27.861,393.124,393.124,5137.5
0.9855,28.349,28.349,393.418,393.418,5137.5
0.9856,28.582,28.582,393.731,393.731,5137.5
0.9857,29.165,29.165,394.055,394.055,5137.5
0.9858,29.54,29.54,394.413,394.413,5137.5
0.9859,30.141,30.141,394.801,394.801,5137.5
0.986,30.342,30.342,395.235,395.235,5137.5
0.9861,30.306,30.306,395.679,395.679,5137.5
0.9862,30.636,30.636,396.126,396.126,5137.5
0.9863,30.67,30.67,396.591,396.591,5137.5
0.9864,31.07,31.07,397.055,397.055,5137.5
0.9865,31.207,31.207,397.546,397.546,5137.5
0.9866,31.15,31.15,398.032,398.032,5137.5
0.9867,31.542,31.542,398.512,398.512,5137.5
0.9868,31.453,31.453,399.007,399.007,5137.5
0.9869,31.503,31.503,399.49,399.49,5137.5
0.987,31.608,31.608,399.99,399.99,5137.5
0.9871,31.491,31.491,400.493,400.493,5137.5
0.9872,31.641,31.641,401.002,401.002,5137.5
0.9873,31.229,31.229,401.521,401.521,5137.5
0.9874,31.027,31.027,402.016,402.016,5137.5
0.9875,30.903,30.903,402.508,402.508,5137.5
0.9876,30.58,30.58,402.987,402.987,5137.5
0.9877,30.443,30.443,403.454,403.454,5137.5
0.9878,30.105,30.105,403.908,403.908,5137.5
0.9879,29.431,29.431,404.33,404.33,5137.5
0.988,29.323,29.323,404.721,404.721,5137.5
0.9881,29.001,29.001,405.095,405.095,5137.5
0.9882,28.726,28.726,405.46,405.46,5137.5
0.9883,28.225,28.225,405.811,405.811,5137.5
0.9884,27.647,27.647,406.134,406.134,5137.5
0.9885,27.29,27.29,406.427,406.427,5137.5
0.9886,26.731,26.731,406.702,406.702,5137.5
0.9887,26.358,26.358,406.959,406.959,5137.5
0.9888,25.651,25.651,407.194,407.194,5137.5
0.9889,24.907,24.907,407.397,407.397,5137.5
0.989,24.266,24.266,407.562,407.562,5137.5
0.9891,23.758,23.758,407.694,407.694,5137.5
0.9892,22.991,22.991,407.797,407.797,5137.5
0.9893,22.426,22.426,407.866,407.866,5137.5
0.9894,21.911,21.911,407.908,407.908,5137.5
0.9895,21.167,21.167,407.93,407.93,5137.5
0.9896,20.357,20.357,407.917,407.917,5137.5
0.9897,19.555,19.555,407.863,407.863,5137.5
0.9898,18.883,18.883,407.779,407.779,5137.5
0.9899,18.202,18.202,407.676,407.676,5137.5
0.99,17.36,17.36,407.557,407.557,5137.5
0.9901,16.051,16.051,407.406,407.406,5137.5
0.9902,15.118,15.118,407.203,407.203,5137.5
0.9903,14.719,14.719,406.966,406.966,5137.5
0.9904,14.107,14.107,406.715,406.715,5137.5
0.9905,13.287,13.287,406.454,406.454,5137.5
0.9906,12.19,12.19,406.168,406.168,5137.5
0.9907,11.173,11.173,405.845,405.845,5137.5
0.9908,10.432,10.432,405.497,405.497,5137.5
0.9909,9.401,9.401,405.127,405.127,5137.5
0.991,8.581,8.581,404.744,404.744,5137.5
0.9911,7.559,7.559,404.342,404.342,5137.5
0.9912,6.458,6.458,403.919,403.919,5137.5
0.9913,5.694,5.694,403.478,403.478,5137.5
0.9914,4.609,4.609,403.025,403.025,5137.5
0.9915,3.65,3.65,402.561,402.561,5137.5
0.9916,2.669,2.669,402.087,402.087,5137.5
0.9917,1.695,1.695,401.604,401.604,5137.5
0.9918,0.846,0.846,401.116,401.116,5137.5
0.9919,0.28,0.28,400.624,400.624,5137.5
0.992,0.0,0.0,400.13,400.13,5137.5
0.9921,0.0,0.0,399.636,399.636,5137.5
0.9922,-1.933,-1.933,399.141,399.141,5137.5
0.9923,-1.878,-1.878,398.649,398.649,5137.5
0.9924,-2.663,-2.663,398.159,398.159,5137.5
0.9925,-3.594,-3.594,397.675,397.675,5137.5
0.9926,-4.196,-4.196,397.2,397.2,5137.5
0.9927,-5.091,-5.091,396.729,396.729,5137.5
0.9928,-6.238,-6.238,396.269,396.269,5137.5
0.9929,-7.193,-7.193,395.822,395.822,5137.5
0.993,-8.297,-8.297,395.397,395.397,5137.5
0.9931,-8.953,-8.953,394.991,394.991,5137.5
0.9932,-9.701,-9.701,394.592,394.592,5137.5
0.9933,-10.923,-10.923,394.207,394.207,5137.5
0.9934,-12.197,-12.197,393.849,393.849,5137.5
0.9935,-13.484,-13.484,393.53,393.53,5137.5
0.9936,-14.366,-14.366,393.248,393.248,5137.5
0.9937,-14.963,-14.963,392.983,392.983,5137.5
0.9938,-15.989,-15.989,392.731,392.731,5137.5
0.9939,-17.162,-17.162,392.511,392.511,5137.5
0.994,-18.157,-18.157,392.332,392.332,5137.5
0.9941,-18.809,-18.809,392.192,392.192,5137.5
0.9942,-19.466,-19.466,392.079,392.079,5137.5
0.9943,-20.351,-20.351,391.99,391.99,5137.5
0.9944,-21.205,-21.205,391.935,391.935,5137.5
0.9945,-22.122,-22.122,391.916,391.916,5137.5
0.9946,-22.773,-22.773,391.936,391.936,5137.5
0.9947,-23.611,-23.611,391.989,391.989,5137.5
0.9948,-24.359,-24.359,392.079,392.079,5137.5
0.9949,-24.995,-24.995,392.201,392.201,5137.5
0.995,-25.514,-25.514,392.347,392.347,5137.5
0.9951,-26.244,-26.244,392.52,392.52,5137.5
0.9952,-26.997,-26.997,392.724,392.724,5137.5
0.9953,-27.652,-27.652,392.973,392.973,5137.5
0.9954,-28.052,-28.052,393.251,393.251,5137.5
0.9955,-28.479,-28.479,393.543,393.543,5137.5
0.9956,-28.957,-28.957,393.864,393.864,5137.5
0.9957,-29.401,-29.401,394.209,394.209,5137.5
0.9958,-29.895,-29.895,394.596,394.596,5137.5
0.9959,-30.051,-30.051,395.009,395.009,5137.5
0.996,-30.219,-30.219,395.423,395.423,5137.5
0.9961,-30.625,-30.625,395.854,395.854,5137.5
0.9962,-30.79,-30.79,396.299,396.299,5137.5
0.9963,-31.135,-31.135,396.766,396.766,5137.5
0.9964,-31.234,-31.234,397.248,397.248,5137.5
0.9965,-31.357,-31.357,397.724,397.724,5137.5
0.9966,-31.548,-31.548,398.214,398.214,5137.5
0.9967,-31.354,-31.354,398.707,398.707,5137.5
0.9968,-31.791,-31.791,399.199,399.199,5137.5
0.9969,-31.798,-31.798,399.715,399.715,5137.5
0.997,-31.738,-31.738,400.225,400.225,5137.5
0.9971,-31.548,-31.548,400.747,400.747,5137.5
0.9972,-31.303,-31.303,401.257,401.257,5137.5
0.9973,-31.465,-31.465,401.753,401.753,5137.5
0.9974,-31.027,-31.027,402.257,402.257,5137.5
0.9975,-30.8,-30.8,402.739,402.739,5137.5
0.9976,-30.531,-30.531,403.219,403.219,5137.5
0.9977,-30.124,-30.124,403.677,403.677,5137.5
0.9978,-29.991,-29.991,404.102,404.102,5137.5
0.9979,-29.628,-29.628,404.521,404.521,5137.5
0.998,-29.533,-29.533,404.918,404.918,5137.5
0.9981,-29.195,-29.195,405.312,405.312,5137.5
0.9982,-28.607,-28.607,405.685,405.685,5137.5
0.9983,-28.266,-28.266,406.023,406.023,5137.5
0.9984,-27.647,-27.647,406.345,406.345,5137.5
0.9985,-27.424,-27.424,406.643,406.643,5137.5
0.9986,-26.764,-26.764,406.932,406.932,5137.5
0.9987,-26.144,-26.144,407.19,407.19,5137.5
0.9988,-25.501,-25.501,407.413,407.413,5137.5
0.9989,-25.147,-25.147,407.606,407.606,5137.5
0.999,-24.557,-24.557,407.773,407.773,5137.5
0.9991,-23.793,-23.793,407.913,407.913,5137.5
0.9992,-23.011,-23.011,408.019,408.019,5137.5
0.9993,-22.276,-22.276,408.094,408.094,5137.5
0.9994,-21.509,-21.509,408.135,408.135,5137.5
0.9995,-20.766,-20.766,408.14,408.14,5137.5
0.9996,-20.251,-20.251,408.112,408.112,5137.5
0.9997,-19.688,-19.688,408.06,408.06,5137.5
0.9998,-19.068,-19.068,407.993,407.993,5137.5
0.9999,-18.078,-18.078,407.903,407.903,5137.5
1.0,-16.88,-16.88,407.77,407.77,5137.5
1.0001,-16.162,-16.162,407.521,407.521,5959.182
1.0002,-15.741,-15.741,407.193,407.193,6471.203
1.0003,-15.267,-15.267,406.83,406.83,6745.888
1.0004,-14.152,-14.152,406.441,406.441,6890.8
1.0005,-12.719,-12.719,406.005,406.005,6965.034
1.0006,-11.998,-11.998,405.522,405.522,7000.943
1.0007,-11.145,-11.145,405.014,405.014,7016.207
1.0008,-10.644,-10.644,404.486,404.486,7020.473
1.0009,-9.68,-9.68,403.944,403.944,7018.993
1.001,-8.532,-8.532,403.378,403.378,7014.624
1.0011,-7.938,-7.938,402.787,402.787,7008.301
1.0012,-6.924,-6.924,402.185,402.185,7002.049
1.0013,-6.323,-6.323,401.568,401.568,6995.753
1.0014,-5.218,-5.218,400.944,400.944,6989.624
1.0015,-4.012,-4.012,400.306,400.306,6983.766
1.0016,-3.002,-3.002,399.655,399.655,6978.225
1.0017,-1.857,-1.857,398.995,398.995,6973.013
1.0018,-1.128,-1.128,398.327,398.327,6968.601
1.0019,-0.567,-0.567,397.656,397.656,6963.557
1.002,-0.0,-0.0,396.982,396.982,6959.7
1.0021,-0.0,-0.0,396.308,396.308,6955.299
1.0022,0.799,0.799,395.633,395.633,6951.938
1.0023,1.761,1.761,394.96,394.96,6948.44
1.0024,2.501,2.501,394.29,394.29,6945.177
1.0025,3.301,3.301,393.625,393.625,6942.133
1.0026,4.211,4.211,392.964,392.964,6939.293
1.0027,5.052,5.052,392.312,392.312,6936.644
1.0028,6.363,6.363,391.669,391.669,6934.172
1.0029,7.456,7.456,391.044,391.044,6931.867
1.003,8.266,8.266,390.432,390.432,6929.717
1.0031,9.328,9.328,389.828,389.828,6927.518
1.0032,10.62,10.62,389.244,389.244,6925.66
1.0033,12.041,12.041,388.692,388.692,6923.928
1.0034,13.052,13.052,388.184,388.184,6922.311
1.0035,13.683,13.683,387.699,387.699,6920.803
1.0036,14.753,14.753,387.225,387.225,6919.397
1.0037,15.948,15.948,386.776,386.776,6918.213
1.0038,17.235,17.235,386.366,386.366,6916.862
1.0039,18.161,18.161,386.003,386.003,6915.832
1.004,18.874,18.874,385.672,385.672,6914.658
1.0041,19.622,19.622,385.36,385.36,6913.761
1.0042,20.57,20.57,385.073,385.073,6912.83
1.0043,21.782,21.782,384.822,384.822,6911.961
1.0044,22.59,22.59,384.617,384.617,6911.15
1.0045,23.586,23.586,384.449,384.449,6910.395
1.0046,24.515,24.515,384.323,384.323,6909.69
1.0047,25.408,25.408,384.238,384.238,6909.033
1.0048,26.11,26.11,384.192,384.192,6908.42
1.0049,26.998,26.998,384.176,384.176,6907.849
1.005,27.705,27.705,384.202,384.202,6907.316
1.0051,28.572,28.572,384.271,384.271,6906.772
1.0052,29.143,29.143,384.381,384.381,6906.312
1.0053,29.777,29.777,384.512,384.512,6905.884
1.0054,30.677,30.677,384.665,384.665,6905.484
1.0055,31.29,31.29,384.858,384.858,6905.112
1.0056,32.082,32.082,385.089,385.089,6904.765
1.0057,32.53,32.53,385.366,385.366,6904.441
1.0058,32.842,32.842,385.66,385.66,6904.168
1.0059,33.448,33.448,385.969,385.969,6903.858
1.006,33.868,33.868,386.311,386.311,6903.621
1.0061,34.446,34.446,386.682,386.682,6903.352
1.0062,34.779,34.779,387.098,387.098,6903.146
1.0063,34.965,34.965,387.527,387.527,6902.932
1.0064,35.322,35.322,387.96,387.96,6902.733
1.0065,35.4,35.4,388.412,388.412,6902.547
1.0066,35.785,35.785,388.859,388.859,6902.374
1.0067,35.893,35.893,389.335,389.335,6902.213
1.0068,35.931,35.931,389.807,389.807,6902.063
1.0069,36.293,36.293,390.279,390.279,6901.922
1.007,36.376,36.376,390.767,390.767,6901.792
1.0071,36.31,36.31,391.246,391.246,6901.659
1.0072,36.311,36.311,391.737,391.737,6901.546
1.0073,35.996,35.996,392.228,392.228,6901.441
1.0074,36.009,36.009,392.715,392.715,6901.343
1.0075,35.923,35.923,393.204,393.204,6901.252
1.0076,35.752,35.752,393.674,393.674,6901.167
1.0077,35.629,35.629,394.133,394.133,6901.088
1.0078,35.314,35.314,394.577,394.577,6901.014
1.0079,35.249,35.249,395.005,395.005,6900.952
1.008,34.914,34.914,395.421,395.421,6900.881
1.0081,34.429,34.429,395.802,395.802,6900.827
1.0082,34.254,34.254,396.152,396.152,6900.766
1.0083,33.807,33.807,396.488,396.488,6900.719
1.0084,33.556,33.556,396.806,396.806,6900.67
1.0085,33.06,33.06,397.112,397.112,6900.625
1.0086,32.328,32.328,397.388,397.388,6900.583
1.0087,31.822,31.822,397.626,397.626,6900.543
1.0088,31.257,31.257,397.836,397.836,6900.507
1.0089,30.627,30.627,398.022,398.022,6900.472
1.009,30.107,30.107,398.176,398.176,6900.44
1.0091,29.326,29.326,398.298,398.298,6900.408
1.0092,28.595,28.595,398.378,398.378,6900.38
1.0093,27.748,27.748,398.417,398.417,6900.354
1.0094,26.979,26.979,398.409,398.409,6900.331
1.0095,26.301,26.301,398.363,398.363,6900.308
1.0096,25.484,25.484,398.289,398.289,6900.287
1.0097,24.583,24.583,398.19,398.19,6900.268
1.0098,23.646,23.646,398.052,398.052,6900.252
1.0099,22.867,22.867,397.865,397.865,6900.233
1.01,22.305,22.305,397.644,397.644,6900.219
1.0101,21.456,21.456,397.405,397.405,6900.203
1.0102,20.404,20.404,397.152,397.152,6900.19
1.0103,18.869,18.869,396.859,396.859,6900.177
1.0104,17.673,17.673,396.498,396.498,6900.165
1.0105,16.768,16.768,396.093,396.093,6900.154
1.0106,16.049,16.049,395.657,395.657,6900.144
1.0107,15.185,15.185,395.209,395.209,6900.134
1.0108,13.943,13.943,394.737,394.737,6900.125
1.0109,12.618,12.618,394.227,394.227,6900.117
1.011,11.662,11.662,393.691,393.691,6900.109
1.0111,10.561,10.561,393.134,393.134,6900.101
1.0112,9.52,9.52,392.562,392.562,6900.094
1.0113,8.129,8.129,391.971,391.971,6900.088
1.0114,6.642,6.642,391.356,391.356,6900.082
1.0115,5.522,5.522,390.72,390.72,6900.076
1.0116,4.171,4.171,390.068,390.068,6900.071
1.0117,2.83,2.83,389.404,389.404,6900.066
1.0118,1.554,1.554,388.729,388.729,6900.062
1.0119,0.507,0.507,388.048,388.048,6900.058
1.012,-0.0,-0.0,387.363,387.363,6900.054
1.0121,0.0,0.0,386.677,386.677,6900.05
1.0122,-1.451,-1.451,385.992,385.992,6900.047
1.0123,-2.046,-2.046,385.307,385.307,6900.044
1.0124,-3.025,-3.025,384.624,384.624,6900.041
1.0125,-4.376,-4.376,383.945,383.945,6900.038
1.0126,-5.614,-5.614,383.274,383.274,6900.036
1.0127,-7.099,-7.099,382.617,382.617,6900.033
1.0128,-8.143,-8.143,381.977,381.977,6900.031
1.0129,-9.268,-9.268,381.346,381.346,6900.029
1.013,-10.931,-10.931,380.732,380.732,6900.027
1.0131,-12.4,-12.4,380.147,380.147,6900.025
1.0132,-13.92,-13.92,379.6,379.6,6900.023
1.0133,-14.95,-14.95,379.093,379.093,6900.022
1.0134,-15.947,-15.947,378.599,378.599,6900.02
1.0135,-17.447,-17.447,378.123,378.123,6900.019
1.0136,-19.202,-19.202,377.686,377.686,6900.018
1.0137,-20.861,-20.861,377.309,377.309,6900.016
1.0138,-22.02,-22.02,376.987,376.987,6900.015
1.0139,-22.898,-22.898,376.693,376.693,6900.014
1.014,-24.353,-24.353,376.42,376.42,6900.013
1.0141,-25.702,-25.702,376.192,376.192,6900.012
1.0142,-27.135,-27.135,376.015,376.015,6900.012
1.0143,-28.297,-28.297,375.897,375.897,6900.011
1.0144,-29.387,-29.387,375.826,375.826,6900.01
1.0145,-30.475,-30.475,375.802,375.802,6900.009
1.0146,-31.778,-31.778,375.825,375.825,6900.009
1.0147,-32.971,-32.971,375.902,375.902,6900.008
1.0148,-33.98,-33.98,376.038,376.038,6900.008
1.0149,-35.086,-35.086,376.225,376.225,6900.007
1.015,-35.977,-35.977,376.472,376.472,6900.007
1.0151,-36.852,-36.852,376.76,376.76,6900.006
1.0152,-37.842,-37.842,377.077,377.077,6900.006
1.0153,-38.816,-38.816,377.437,377.437,6900.005
1.0154,-39.737,-39.737,377.84,377.84,6900.005
1.0155,-40.653,-40.653,378.3,378.3,6900.005
1.0156,-41.136,-41.136,378.807,378.807,6900.004
1.0157,-41.951,-41.951,379.324,379.324,6900.004
1.0158,-42.783,-42.783,379.888,379.888,6900.004
1.0159,-43.288,-43.288,380.494,380.494,6900.003
1.016,-44.167,-44.167,381.153,381.153,6900.003
1.0161,-44.118,-44.118,381.866,381.866,6900.003
1.0162,-44.481,-44.481,382.569,382.569,6900.003
1.0163,-44.894,-44.894,383.302,383.302,6900.003
1.0164,-45.196,-45.196,384.042,384.042,6900.002
1.0165,-45.731,-45.731,384.809,384.809,6900.002
1.0166,-45.896,-45.896,385.599,385.599,6900.002
1.0167,-46.191,-46.191,386.375,386.375,6900.002
1.0168,-46.366,-46.366,387.175,387.175,6900.002
1.0169,-46.168,-46.168,387.971,387.971,6900.002
1.017,-46.479,-46.479,388.763,388.763,6900.002
1.0171,-46.15,-46.15,389.582,389.582,6900.001
1.0172,-46.26,-46.26,390.38,390.38,6900.001
1.0173,-46.178,-46.178,391.2,391.2,6900.001
1.0174,-45.807,-45.807,392.01,392.01,6900.001
1.0175,-45.892,-45.892,392.786,392.786,6900.001
1.0176,-45.351,-45.351,393.572,393.572,6900.001
1.0177,-45.236,-45.236,394.321,394.321,6900.001
1.0178,-44.914,-44.914,395.074,395.074,6900.001
1.0179,-44.435,-44.435,395.793,395.793,6900.001
1.018,-44.192,-44.192,396.461,396.461,6900.001
1.0181,-43.418,-43.418,397.118,397.118,6900.001
1.0182,-42.994,-42.994,397.732,397.732,6900.001
1.0183,-42.602,-42.602,398.334,398.334,6900.001
1.0184,-41.971,-41.971,398.909,398.909,6900.001
1.0185,-41.342,-41.342,399.438,399.438,6900.001
1.0186,-40.61,-40.61,399.937,399.937,6900.001
1.0187,-40.108,-40.108,400.401,400.401,6900.0
1.0188,-39.411,-39.411,400.843,400.843,6900.0
1.0189,-38.518,-38.518,401.247,401.247,6900.0
1.019,-37.805,-37.805,401.601,401.601,6900.0
1.0191,-36.88,-36.88,401.912,401.912,6900.0
1.0192,-36.06,-36.06,402.174,402.174,6900.0
1.0193,-35.033,-35.033,402.394,402.394,6900.0
1.0194,-33.98,-33.98,402.567,402.567,6900.0
1.0195,-32.941,-32.941,402.699,402.699,6900.0
1.0196,-31.763,-31.763,402.786,402.786,6900.0
1.0197,-30.722,-30.722,402.816,402.816,6900.0
1.0198,-29.826,-29.826,402.793,402.793,6900.0
1.0199,-28.99,-28.99,402.733,402.733,6900.0
1.02,-28.189,-28.189,402.652,402.652,6900.0
1.0201,-26.273,-26.273,402.549,402.549,6900.0
1.0202,-24.636,-24.636,402.367,402.367,6900.0
1.0203,-23.549,-23.549,402.118,402.118,6900.0
1.0204,-22.527,-22.527,401.83,401.83,6900.0
1.0205,-21.734,-21.734,401.522,401.522,6900.0
1.0206,-20.025,-20.025,401.2,401.2,6900.0
1.0207,-18.396,-18.396,400.825,400.825,6900.0
1.0208,-17.051,-17.051,400.399,400.399,6900.0
1.0209,-15.671,-15.671,399.939,399.939,6900.0
1.021,-14.661,-14.661,399.45,399.45,6900.0
1.0211,-13.275,-13.275,398.941,398.941,6900.0
1.0212,-11.704,-11.704,398.399,398.399,6900.0
1.0213,-10.315,-10.315,397.825,397.825,6900.0
1.0214,-8.709,-8.709,397.23,397.23,6900.0
1.0215,-7.43,-7.43,396.612,396.612,6900.0
1.0216,-6.021,-6.021,395.98,395.98,6900.0
1.0217,-4.448,-4.448,395.334,395.334,6900.0
1.0218,-2.807,-2.807,394.676,394.676,6900.0
1.0219,-1.267,-1.267,394.008,394.008,6900.0
1.022,-0.768,-0.768,393.335,393.335,6900.0
1.0221,-0.0,-0.0,392.659,392.659,6900.0
1.0222,1.577,1.577,391.983,391.983,6900.0
1.0223,2.928,2.928,391.307,391.307,6900.0
1.0224,3.498,3.498,390.637,390.637,6900.0
1.0225,4.959,4.959,389.971,389.971,6900.0
1.0226,6.09,6.09,389.319,389.319,6900.0
1.0227,7.427,7.427,388.678,388.678,6900.0
1.0228,8.999,8.999,388.047,388.047,6900.0
1.0229,10.688,10.688,387.436,387.436,6900.0
1.023,12.644,12.644,386.85,386.85,6900.0
1.0231,14.03,14.03,386.303,386.303,6900.0
1.0232,15.209,15.209,385.776,385.776,6900.0
1.0233,16.664,16.664,385.262,385.262,6900.0
1.0234,18.376,18.376,384.777,384.777,6900.0
1.0235,20.236,20.236,384.341,384.341,6900.0
1.0236,21.649,21.649,383.972,383.972,6900.0
1.0237,22.833,22.833,383.644,383.644,6900.0
1.0238,24.185,24.185,383.34,383.34,6900.0
1.0239,25.909,25.909,383.072,383.072,6900.0
1.024,27.638,27.638,382.862,382.862,6900.0
1.0241,28.78,28.78,382.721,382.721,6900.0
1.0242,30.083,30.083,382.624,382.624,6900.0
1.0243,31.207,31.207,382.57,382.57,6900.0
1.0244,32.401,32.401,382.558,382.558,6900.0
1.0245,33.786,33.786,382.592,382.592,6900.0
1.0246,35.13,35.13,382.682,382.682,6900.0
1.0247,36.503,36.503,382.831,382.831,6900.0
1.0248,37.553,37.553,383.049,383.049,6900.0
1.0249,38.508,38.508,383.32,383.32,6900.0
1.025,39.622,39.622,383.632,383.632,6900.0
1.0251,40.608,40.608,383.989,383.989,6900.0
1.0252,41.782,41.782,384.396,384.396,6900.0
1.0253,42.686,42.686,384.873,384.873,6900.0
1.0254,43.312,43.312,385.403,385.403,6900.0
1.0255,44.211,44.211,385.954,385.954,6900.0
1.0256,45.055,45.055,386.534,386.534,6900.0
1.0257,45.833,45.833,387.158,387.158,6900.0
1.0258,46.76,46.76,387.831,387.831,6900.0
1.0259,47.435,47.435,388.562,388.562,6900.0
1.026,47.841,47.841,389.319,389.319,6900.0
1.0261,48.099,48.099,390.095,390.095,6900.0
1.0262,48.403,48.403,390.896,390.896,6900.0
1.0263,48.809,48.809,391.721,391.721,6900.0
1.0264,49.058,49.058,392.589,392.589,6900.0
1.0265,49.101,49.101,393.462,393.462,6900.0
1.0266,49.4,49.4,394.332,394.332,6900.0
1.0267,49.629,49.629,395.217,395.217,6900.0
1.0268,49.744,49.744,396.099,396.099,6900.0
1.0269,49.809,49.809,397.002,397.002,6900.0
1.027,49.798,49.798,397.897,397.897,6900.0
1.0271,49.755,49.755,398.791,398.791,6900.0
1.0272,49.53,49.53,399.689,399.689,6900.0
1.0273,49.296,49.296,400.562,400.562,6900.0
1.0274,49.163,49.163,401.435,401.435,6900.0
1.0275,49.024,49.024,402.296,402.296,6900.0
1.0276,48.665,48.665,403.159,403.159,6900.0
1.0277,48.1,48.1,404.011,404.011,6900.0
1.0278,47.517,47.517,404.82,404.82,6900.0
1.0279,47.262,47.262,405.594,405.594,6900.0
1.028,46.771,46.771,406.346,406.346,6900.0
1.0281,46.152,46.152,407.077,407.077,6900.0
1.0282,45.424,45.424,407.776,407.776,6900.0
1.0283,44.63,44.63,408.426,408.426,6900.0
1.0284,44.082,44.082,409.026,409.026,6900.0
1.0285,43.48,43.48,409.595,409.595,6900.0
1.0286,42.72,42.72,410.142,410.142,6900.0
1.0287,41.932,41.932,410.656,410.656,6900.0
1.0288,40.867,40.867,411.131,411.131,6900.0
1.0289,39.967,39.967,411.552,411.552,6900.0
1.029,39.101,39.101,411.933,411.933,6900.0
1.0291,37.912,37.912,412.276,412.276,6900.0
1.0292,36.99,36.99,412.569,412.569,6900.0
1.0293,35.95,35.95,412.82,412.82,6900.0
1.0294,34.779,34.779,413.025,413.025,6900.0
1.0295,33.799,33.799,413.171,413.171,6900.0
1.0296,32.503,32.503,413.261,413.261,6900.0
1.0297,31.36,31.36,413.297,413.297,6900.0
1.0298,30.351,30.351,413.296,413.296,6900.0
1.0299,29.121,29.121,413.269,413.269,6900.0
1.03,27.663,27.663,413.193,413.193,6900.0
1.0301,26.531,26.531,413.048,413.048,6900.0
1.0302,25.633,25.633,412.858,412.858,6900.0
1.0303,24.472,24.472,412.649,412.649,6900.0
1.0304,23.222,23.222,412.424,412.424,6900.0
1.0305,21.571,21.571,412.16,412.16,6900.0
1.0306,19.957,19.957,411.831,411.831,6900.0
1.0307,18.673,18.673,411.453,411.453,6900.0
1.0308,17.556,17.556,411.035,411.035,6900.0
1.0309,16.448,16.448,410.596,410.596,6900.0
1.031,14.835,14.835,410.128,410.128,6900.0
1.0311,13.038,13.038,409.62,409.62,6900.0
1.0312,11.613,11.613,409.081,409.081,6900.0
1.0313,10.227,10.227,408.519,408.519,6900.0
1.0314,8.713,8.713,407.943,407.943,6900.0
1.0315,7.07,7.07,407.348,407.348,6900.0
1.0316,5.536,5.536,406.734,406.734,6900.0
1.0317,3.921,3.921,406.106,406.106,6900.0
1.0318,2.225,2.225,405.465,405.465,6900.0
1.0319,0.897,0.897,404.814,404.814,6900.0
1.032,0.615,0.615,404.158,404.158,6900.0
1.0321,0.0,0.0,403.501,403.501,6900.0
1.0322,-2.263,-2.263,402.843,402.843,6900.0
1.0323,-2.237,-2.237,402.188,402.188,6900.0
1.0324,-3.48,-3.48,401.537,401.537,6900.0
1.0325,-4.645,-4.645,400.893,400.893,6900.0
1.0326,-6.02,-6.02,400.255,400.255,6900.0
1.0327,-7.715,-7.715,399.627,399.627,6900.0
1.0328,-9.041,-9.041,399.015,399.015,6900.0
1.0329,-10.654,-10.654,398.422,398.422,6900.0
1.033,-11.862,-11.862,397.852,397.852,6900.0
1.0331,-13.259,-13.259,397.292,397.292,6900.0
1.0332,-15.123,-15.123,396.752,396.752,6900.0
1.0333,-16.627,-16.627,396.252,396.252,6900.0
1.0334,-18.298,-18.298,395.801,395.801,6900.0
1.0335,-19.347,-19.347,395.403,395.403,6900.0
1.0336,-20.326,-20.326,395.024,395.024,6900.0
1.0337,-21.685,-21.685,394.665,394.665,6900.0
1.0338,-23.346,-23.346,394.346,394.346,6900.0
1.0339,-24.977,-24.977,394.087,394.087,6900.0
1.034,-26.265,-26.265,393.883,393.883,6900.0
1.0341,-27.349,-27.349,393.717,393.717,6900.0
1.0342,-28.66,-28.66,393.58,393.58,6900.0
1.0343,-29.92,-29.92,393.489,393.489,6900.0
1.0344,-31.004,-31.004,393.449,393.449,6900.0
1.0345,-32.252,-32.252,393.459,393.459,6900.0
1.0346,-33.473,-33.473,393.524,393.524,6900.0
1.0347,-34.568,-34.568,393.644,393.644,6900.0
1.0348,-35.472,-35.472,393.814,393.814,6900.0
1.0349,-36.358,-36.358,394.025,394.025,6900.0
1.035,-37.489,-37.489,394.277,394.277,6900.0
1.0351,-38.418,-38.418,394.584,394.584,6900.0
1.0352,-39.348,-39.348,394.946,394.946,6900.0
1.0353,-39.924,-39.924,395.352,395.352,6900.0
1.0354,-40.575,-40.575,395.774,395.774,6900.0
1.0355,-41.529,-41.529,396.227,396.227,6900.0
1.0356,-42.47,-42.47,396.718,396.718,6900.0
1.0357,-43.06,-43.06,397.275,397.275,6900.0
1.0358,-43.336,-43.336,397.867,397.867,6900.0
1.0359,-43.569,-43.569,398.465,398.465,6900.0
1.036,-44.22,-44.22,399.086,399.086,6900.0
1.0361,-44.483,-44.483,399.741,399.741,6900.0
1.0362,-44.989,-44.989,400.435,400.435,6900.0
1.0363,-44.988,-44.988,401.163,401.163,6900.0
1.0364,-45.103,-45.103,401.882,401.882,6900.0
1.0365,-45.29,-45.29,402.616,402.616,6900.0
1.0366,-45.186,-45.186,403.352,403.352,6900.0
1.0367,-45.58,-45.58,404.09,404.09,6900.0
1.0368,-45.548,-45.548,404.846,404.846,6900.0
1.0369,-45.625,-45.625,405.586,405.586,6900.0
1.037,-45.66,-45.66,406.341,406.341,6900.0
1.0371,-45.272,-45.272,407.09,407.09,6900.0
1.0372,-45.212,-45.212,407.824,407.824,6900.0
1.0373,-44.917,-44.917,408.568,408.568,6900.0
1.0374,-44.694,-44.694,409.295,409.295,6900.0
1.0375,-44.354,-44.354,410.03,410.03,6900.0
1.0376,-43.831,-43.831,410.743,410.743,6900.0
1.0377,-43.515,-43.515,411.417,411.417,6900.0
1.0378,-43.063,-43.063,412.079,412.079,6900.0
1.0379,-42.829,-42.829,412.711,412.711,6900.0
1.038,-42.213,-42.213,413.337,413.337,6900.0
1.0381,-41.493,-41.493,413.925,413.925,6900.0
1.0382,-41.05,-41.05,414.459,414.459,6900.0
1.0383,-40.374,-40.374,414.973,414.973,6900.0
1.0384,-39.77,-39.77,415.453,415.453,6900.0
1.0385,-38.972,-38.972,415.916,415.916,6900.0
1.0386,-38.312,-38.312,416.341,416.341,6900.0
1.0387,-37.448,-37.448,416.726,416.726,6900.0
1.0388,-36.712,-36.712,417.074,417.074,6900.0
1.0389,-35.926,-35.926,417.387,417.387,6900.0
1.039,-34.776,-34.776,417.671,417.671,6900.0
1.0391,-33.956,-33.956,417.905,417.905,6900.0
1.0392,-32.91,-32.91,418.102,418.102,6900.0
1.0393,-31.738,-31.738,418.249,418.249,6900.0
1.0394,-30.605,-30.605,418.342,418.342,6900.0
1.0395,-29.533,-29.533,418.383,418.383,6900.0
1.0396,-28.617,-28.617,418.382,418.382,6900.0
1.0397,-27.774,-27.774,418.351,418.351,6900.0
1.0398,-26.443,-26.443,418.29,418.29,6900.0
1.0399,-25.055,-25.055,418.175,418.175,6900.0
1.04,-24.133,-24.133,418.004,418.004,6900.0
1.0401,-23.388,-23.388,417.804,417.804,6900.0
1.0402,-22.396,-22.396,417.59,417.59,6900.0
1.0403,-20.957,-20.957,417.352,417.352,6900.0
1.0404,-19.427,-19.427,417.057,417.057,6900.0
1.0405,-18.355,-18.355,416.702,416.702,6900.0
1.0406,-17.537,-17.537,416.311,416.311,6900.0
1.0407,-16.545,-16.545,415.9,415.9,6900.0
1.0408,-15.232,-15.232,415.471,415.471,6900.0
1.0409,-13.578,-13.578,415.007,415.007,6900.0
1.041,-12.333,-12.333,414.507,414.507,6900.0
1.0411,-11.352,-11.352,413.984,413.984,6900.0
1.0412,-10.339,-10.339,413.446,413.446,6900.0
1.0413,-8.937,-8.937,412.894,412.894,6900.0
1.0414,-7.254,-7.254,412.318,412.318,6900.0
1.0415,-5.959,-5.959,411.72,411.72,6900.0
1.0416,-4.455,-4.455,411.105,411.105,6900.0
1.0417,-3.262,-3.262,410.476,410.476,6900.0
1.0418,-1.902,-1.902,409.838,409.838,6900.0
1.0419,-0.71,-0.71,409.193,409.193,6900.0
1.042,0.0,0.0,408.544,408.544,6900.0
1.0421,-0.0,-0.0,407.894,407.894,6900.0
1.0422,1.277,1.277,407.243,407.243,6900.0
1.0423,1.746,1.746,406.594,406.594,6900.0
1.0424,2.477,2.477,405.946,405.946,6900.0
1.0425,3.849,3.849,405.301,405.301,6900.0
1.0426,5.187,5.187,404.664,404.664,6900.0
1.0427,6.888,6.888,404.036,404.036,6900.0
1.0428,7.956,7.956,403.428,403.428,6900.0
1.0429,9.172,9.172,402.832,402.832,6900.0
1.043,10.678,10.678,402.248,402.248,6900.0
1.0431,12.189,12.189,401.689,401.689,6900.0
1.0432,13.851,13.851,401.162,401.162,6900.0
1.0433,14.753,14.753,400.681,400.681,6900.0
1.0434,15.442,15.442,400.22,400.22,6900.0
1.0435,16.638,16.638,399.766,399.766,6900.0
1.0436,18.298,18.298,399.34,399.34,6900.0
1.0437,19.747,19.747,398.962,398.962,6900.0
1.0438,20.937,20.937,398.638,398.638,6900.0
1.0439,21.821,21.821,398.351,398.351,6900.0
1.044,22.84,22.84,398.081,398.081,6900.0
1.0441,23.926,23.926,397.84,397.84,6900.0
1.0442,25.141,25.141,397.637,397.637,6900.0
1.0443,26.113,26.113,397.485,397.485,6900.0
1.0444,27.036,27.036,397.377,397.377,6900.0
1.0445,27.938,27.938,397.308,397.308,6900.0
1.0446,28.634,28.634,397.281,397.281,6900.0
1.0447,29.39,29.39,397.291,397.291,6900.0
1.0448,30.298,30.298,397.335,397.335,6900.0
1.0449,31.24,31.24,397.423,397.423,6900.0
1.045,31.887,31.887,397.562,397.562,6900.0
1.0451,32.735,32.735,397.734,397.734,6900.0
1.0452,33.364,33.364,397.94,397.94,6900.0
1.0453,34.146,34.146,398.165,398.165,6900.0
1.0454,34.827,34.827,398.427,398.427,6900.0
1.0455,35.653,35.653,398.731,398.731,6900.0
1.0456,36.153,36.153,399.079,399.079,6900.0
1.0457,36.421,36.421,399.45,399.45,6900.0
1.0458,37.114,37.114,399.83,399.83,6900.0
1.0459,37.467,37.467,400.253,400.253,6900.0
1.046,37.975,37.975,400.706,400.706,6900.0
1.0461,38.189,38.189,401.203,401.203,6900.0
1.0462,38.156,38.156,401.71,401.71,6900.0
1.0463,38.526,38.526,402.214,402.214,6900.0
1.0464,38.487,38.487,402.741,402.741,6900.0
1.0465,38.659,38.659,403.266,403.266,6900.0
1.0466,39.134,39.134,403.81,403.81,6900.0
1.0467,38.867,38.867,404.366,404.366,6900.0
1.0468,39.183,39.183,404.907,404.907,6900.0
1.0469,39.071,39.071,405.465,405.465,6900.0
1.047,39.035,39.035,406.008,406.008,6900.0
1.0471,39.288,39.288,406.565,406.565,6900.0
1.0472,38.997,38.997,407.129,407.129,6900.0
1.0473,38.932,38.932,407.688,407.688,6900.0
1.0474,38.619,38.619,408.251,408.251,6900.0
1.0475,38.225,38.225,408.789,408.789,6900.0
1.0476,38.125,38.125,409.313,409.313,6900.0
1.0477,37.638,37.638,409.823,409.823,6900.0
1.0478,37.369,37.369,410.316,410.316,6900.0
1.0479,36.784,36.784,410.796,410.796,6900.0
1.048,36.204,36.204,411.235,411.235,6900.0
1.0481,35.928,35.928,411.64,411.64,6900.0
1.0482,35.477,35.477,412.026,412.026,6900.0
1.0483,35.007,35.007,412.395,412.395,6900.0
1.0484,34.233,34.233,412.744,412.744,6900.0
1.0485,33.306,33.306,413.055,413.055,6900.0
1.0486,32.884,32.884,413.322,413.322,6900.0
1.0487,32.301,32.301,413.565,413.565,6900.0
1.0488,31.627,31.627,413.786,413.786,6900.0
1.0489,30.766,30.766,413.98,413.98,6900.0
1.049,29.736,29.736,414.134,414.134,6900.0
1.0491,29.294,29.294,414.242,414.242,6900.0
1.0492,28.348,28.348,414.321,414.321,6900.0
1.0493,27.483,27.483,414.354,414.354,6900.0
1.0494,26.829,26.829,414.35,414.35,6900.0
1.0495,25.926,25.926,414.316,414.316,6900.0
1.0496,25.023,25.023,414.252,414.252,6900.0
1.0497,24.027,24.027,414.146,414.146,6900.0
1.0498,23.126,23.126,413.99,413.99,6900.0
1.0499,22.429,22.429,413.799,413.799,6900.0
1.05,21.57,21.57,413.587,413.587,6900.0
1.0501,20.578,20.578,413.359,413.359,6900.0
1.0502,19.133,19.133,413.093,413.093,6900.0
1.0503,18.048,18.048,412.767,412.767,6900.0
1.0504,17.161,17.161,412.403,412.403,6900.0
1.0505,16.363,16.363,412.015,412.015,6900.0
1.0506,15.251,15.251,411.616,411.616,6900.0
1.0507,13.787,13.787,411.189,411.189,6900.0
1.0508,12.527,12.527,410.716,410.716,6900.0
1.0509,11.616,11.616,410.215,410.215,6900.0
1.051,10.581,10.581,409.69,409.69,6900.0
1.0511,9.498,9.498,409.151,409.151,6900.0
1.0512,8.056,8.056,408.59,408.59,6900.0
1.0513,6.881,6.881,408.003,408.003,6900.0
1.0514,6.143,6.143,407.398,407.398,6900.0
1.0515,4.854,4.854,406.781,406.781,6900.0
1.0516,3.586,3.586,406.151,406.151,6900.0
1.0517,2.293,2.293,405.511,405.511,6900.0
1.0518,1.273,1.273,404.862,404.862,6900.0
1.0519,0.412,0.412,404.207,404.207,6900.0
1.052,0.0,0.0,403.55,403.55,6900.0
1.0521,0.0,0.0,402.892,402.892,6900.0
1.0522,-1.848,-1.848,402.233,402.233,6900.0
1.0523,-2.137,-2.137,401.575,401.575,6900.0
1.0524,-3.274,-3.274,400.92,400.92,6900.0
1.0525,-4.337,-4.337,400.269,400.269,6900.0
1.0526,-5.481,-5.481,399.63,399.63,6900.0
1.0527,-6.365,-6.365,399.002,399.002,6900.0
1.0528,-7.386,-7.386,398.381,398.381,6900.0
1.0529,-8.931,-8.931,397.773,397.773,6900.0
1.053,-10.156,-10.156,397.185,397.185,6900.0
1.0531,-11.335,-11.335,396.625,396.625,6900.0
1.0532,-12.285,-12.285,396.091,396.091,6900.0
1.0533,-13.265,-13.265,395.567,395.567,6900.0
1.0534,-14.595,-14.595,395.059,395.059,6900.0
1.0535,-16.015,-16.015,394.585,394.585,6900.0
1.0536,-17.488,-17.488,394.159,394.159,6900.0
1.0537,-18.273,-18.273,393.781,393.781,6900.0
1.0538,-19.222,-19.222,393.418,393.418,6900.0
1.0539,-20.397,-20.397,393.078,393.078,6900.0
1.054,-21.48,-21.48,392.775,392.775,6900.0
1.0541,-23.014,-23.014,392.514,392.514,6900.0
1.0542,-23.871,-23.871,392.306,392.306,6900.0
1.0543,-24.655,-24.655,392.131,392.131,6900.0
1.0544,-25.607,-25.607,391.985,391.985,6900.0
1.0545,-26.451,-26.451,391.879,391.879,6900.0
1.0546,-27.519,-27.519,391.812,391.812,6900.0
1.0547,-28.358,-28.358,391.793,391.793,6900.0
1.0548,-29.148,-29.148,391.816,391.816,6900.0
1.0549,-29.949,-29.949,391.883,391.883,6900.0
1.055,-30.674,-30.674,391.986,391.986,6900.0
1.0551,-31.381,-31.381,392.118,392.118,6900.0
1.0552,-32.116,-32.116,392.283,392.283,6900.0
1.0553,-33.103,-33.103,392.479,392.479,6900.0
1.0554,-33.732,-33.732,392.733,392.733,6900.0
1.0555,-34.161,-34.161,393.018,393.018,6900.0
1.0556,-34.818,-34.818,393.314,393.314,6900.0
1.0557,-35.388,-35.388,393.646,393.646,6900.0
1.0558,-35.979,-35.979,394.004,394.004,6900.0
1.0559,-36.522,-36.522,394.413,394.413,6900.0
1.056,-36.605,-36.605,394.857,394.857,6900.0
1.0561,-36.893,-36.893,395.299,395.299,6900.0
1.0562,-37.36,-37.36,395.766,395.766,6900.0
1.0563,-37.63,-37.63,396.247,396.247,6900.0
1.0564,-38.065,-38.065,396.757,396.757,6900.0
1.0565,-38.032,-38.032,397.29,397.29,6900.0
1.0566,-38.159,-38.159,397.808,397.808,6900.0
1.0567,-38.04,-38.04,398.341,398.341,6900.0
1.0568,-38.103,-38.103,398.861,398.861,6900.0
1.0569,-38.262,-38.262,399.391,399.391,6900.0
1.057,-38.054,-38.054,399.935,399.935,6900.0
1.0571,-38.19,-38.19,400.462,400.462,6900.0
1.0572,-38.008,-38.008,401.009,401.009,6900.0
1.0573,-37.776,-37.776,401.542,401.542,6900.0
1.0574,-37.772,-37.772,402.063,402.063,6900.0
1.0575,-37.346,-37.346,402.589,402.589,6900.0
1.0576,-37.471,-37.471,403.088,403.088,6900.0
1.0577,-37.01,-37.01,403.599,403.599,6900.0
1.0578,-36.575,-36.575,404.077,404.077,6900.0
1.0579,-36.184,-36.184,404.52,404.52,6900.0
1.058,-35.736,-35.736,404.947,404.947,6900.0
1.0581,-35.526,-35.526,405.345,405.345,6900.0
1.0582,-35.012,-35.012,405.739,405.739,6900.0
1.0583,-34.393,-34.393,406.102,406.102,6900.0
1.0584,-33.984,-33.984,406.425,406.425,6900.0
1.0585,-33.304,-33.304,406.729,406.729,6900.0
1.0586,-33.095,-33.095,407.001,407.001,6900.0
1.0587,-32.502,-32.502,407.263,407.263,6900.0
1.0588,-31.759,-31.759,407.494,407.494,6900.0
1.0589,-30.897,-30.897,407.685,407.685,6900.0
1.059,-30.237,-30.237,407.837,407.837,6900.0
1.0591,-29.724,-29.724,407.955,407.955,6900.0
1.0592,-28.947,-28.947,408.044,408.044,6900.0
1.0593,-28.169,-28.169,408.097,408.097,6900.0
1.0594,-27.334,-27.334,408.118,408.118,6900.0
1.0595,-26.268,-26.268,408.099,408.099,6900.0
1.0596,-25.277,-25.277,408.032,408.032,6900.0
1.0597,-24.369,-24.369,407.921,407.921,6900.0
1.0598,-23.672,-23.672,407.773,407.773,6900.0
1.0599,-22.866,-22.866,407.607,407.607,6900.0
1.06,-21.706,-21.706,407.413,407.413,6900.0
1.0601,-20.347,-20.347,407.17,407.17,6900.0
1.0602,-19.481,-19.481,406.872,406.872,6900.0
1.0603,-18.782,-18.782,406.546,406.546,6900.0
1.0604,-18.113,-18.113,406.208,406.208,6900.0
1.0605,-16.676,-16.676,405.857,405.857,6900.0
1.0606,-15.272,-15.272,405.458,405.458,6900.0
1.0607,-14.253,-14.253,405.011,405.011,6900.0
1.0608,-13.18,-13.18,404.534,404.534,6900.0
1.0609,-12.323,-12.323,404.032,404.032,6900.0
1.061,-11.23,-11.23,403.512,403.512,6900.0
1.0611,-9.862,-9.862,402.964,402.964,6900.0
1.0612,-8.951,-8.951,402.388,402.388,6900.0
1.0613,-7.677,-7.677,401.796,401.796,6900.0
1.0614,-6.706,-6.706,401.187,401.187,6900.0
1.0615,-5.235,-5.235,400.568,400.568,6900.0
1.0616,-4.095,-4.095,399.933,399.933,6900.0
1.0617,-2.862,-2.862,399.286,399.286,6900.0
1.0618,-1.68,-1.68,398.63,398.63,6900.0
1.0619,-0.662,-0.662,397.967,397.967,6900.0
1.062,-0.67,-0.67,397.299,397.299,6900.0
1.0621,0.15,0.15,396.631,396.631,6900.0
1.0622,1.893,1.893,395.961,395.961,6900.0
1.0623,1.95,1.95,395.294,395.294,6900.0
1.0624,3.032,3.032,394.629,394.629,6900.0
1.0625,3.959,3.959,393.971,393.971,6900.0
1.0626,4.735,4.735,393.32,393.32,6900.0
1.0627,5.993,5.993,392.673,392.673,6900.0
1.0628,7.297,7.297,392.04,392.04,6900.0
1.0629,8.935,8.935,391.421,391.421,6900.0
1.063,10.253,10.253,390.828,390.828,6900.0
1.0631,11.222,11.222,390.252,390.252,6900.0
1.0632,12.614,12.614,389.684,389.684,6900.0
1.0633,13.986,13.986,389.146,389.146,6900.0
1.0634,15.569,15.569,388.644,388.644,6900.0
1.0635,16.83,16.83,388.196,388.196,6900.0
1.0636,17.57,17.57,387.779,387.779,6900.0
1.0637,18.689,18.689,387.373,387.373,6900.0
1.0638,20.136,20.136,386.996,386.996,6900.0
1.0639,21.669,21.669,386.666,386.666,6900.0
1.064,22.563,22.563,386.397,386.397,6900.0
1.0641,23.531,23.531,386.162,386.162,6900.0
1.0642,24.54,24.54,385.954,385.954,6900.0
1.0643,25.615,25.615,385.781,385.781,6900.0
1.0644,26.711,26.711,385.65,385.65,6900.0
1.0645,27.877,27.877,385.568,385.568,6900.0
1.0646,28.652,28.652,385.536,385.536,6900.0
1.0647,29.521,29.521,385.546,385.546,6900.0
1.0648,30.581,30.581,385.596,385.596,6900.0
1.0649,31.407,31.407,385.69,385.69,6900.0
1.065,32.335,32.335,385.817,385.817,6900.0
1.0651,33.156,33.156,385.99,385.99,6900.0
1.0652,34.155,34.155,386.21,386.21,6900.0
1.0653,34.905,34.905,386.479,386.479,6900.0
1.0654,35.56,35.56,386.778,386.778,6900.0
1.0655,36.524,36.524,387.097,387.097,6900.0
1.0656,37.143,37.143,387.466,387.466,6900.0
1.0657,37.921,37.921,387.876,387.876,6900.0
1.0658,38.483,38.483,388.335,388.335,6900.0
1.0659,38.715,38.715,388.818,388.818,6900.0
1.066,39.247,39.247,389.309,389.309,6900.0
1.0661,39.748,39.748,389.833,389.833,6900.0
1.0662,40.338,40.338,390.383,390.383,6900.0
1.0663,40.585,40.585,390.98,390.98,6900.0
1.0664,40.684,40.684,391.583,391.583,6900.0
1.0665,41.075,41.075,392.187,392.187,6900.0
1.0666,40.994,40.994,392.812,392.812,6900.0
1.0667,41.134,41.134,393.429,393.429,6900.0
1.0668,41.299,41.299,394.069,394.069,6900.0
1.0669,41.324,41.324,394.71,394.71,6900.0
1.067,41.525,41.525,395.352,395.352,6900.0
1.0671,41.498,41.498,396.005,396.005,6900.0
1.0672,41.498,41.498,396.642,396.642,6900.0
1.0673,41.371,41.371,397.292,397.292,6900.0
1.0674,41.043,41.043,397.929,397.929,6900.0
1.0675,40.946,40.946,398.559,398.559,6900.0
1.0676,40.66,40.66,399.184,399.184,6900.0
1.0677,40.224,40.224,399.779,399.779,6900.0
1.0678,39.946,39.946,400.354,400.354,6900.0
1.0679,39.547,39.547,400.906,400.906,6900.0
1.068,39.152,39.152,401.446,401.446,6900.0
1.0681,38.677,38.677,401.965,401.965,6900.0
1.0682,38.179,38.179,402.447,402.447,6900.0
1.0683,37.748,37.748,402.897,402.897,6900.0
1.0684,37.17,37.17,403.321,403.321,6900.0
1.0685,36.671,36.671,403.724,403.724,6900.0
1.0686,36.048,36.048,404.102,404.102,6900.0
1.0687,35.238,35.238,404.443,404.443,6900.0
1.0688,34.629,34.629,404.738,404.738,6900.0
1.0689,33.995,33.995,405.001,405.001,6900.0
1.069,33.294,33.294,405.234,405.234,6900.0
1.0691,32.405,32.405,405.433,405.433,6900.0
1.0692,31.516,31.516,405.593,405.593,6900.0
1.0693,30.574,30.574,405.712,405.712,6900.0
1.0694,29.639,29.639,405.786,405.786,6900.0
1.0695,28.729,28.729,405.811,405.811,6900.0
1.0696,27.796,27.796,405.796,405.796,6900.0
1.0697,27.085,27.085,405.745,405.745,6900.0
1.0698,26.095,26.095,405.672,405.672,6900.0
1.0699,24.95,24.95,405.555,405.555,6900.0
1.07,23.904,23.904,405.382,405.382,6900.0
1.0701,22.964,22.964,405.168,405.168,6900.0
1.0702,22.136,22.136,404.929,404.929,6900.0
1.0703,21.147,21.147,404.676,404.676,6900.0
1.0704,19.603,19.603,404.385,404.385,6900.0
1.0705,18.38,18.38,404.028,404.028,6900.0
1.0706,17.53,17.53,403.629,403.629,6900.0
1.0707,16.697,16.697,403.201,403.201,6900.0
1.0708,15.462,15.462,402.76,402.76,6900.0
1.0709,13.895,13.895,402.289,402.289,6900.0
1.071,12.461,12.461,401.779,401.779,6900.0
1.0711,11.4,11.4,401.242,401.242,6900.0
1.0712,10.143,10.143,400.684,400.684,6900.0
1.0713,9.089,9.089,400.111,400.111,6900.0
1.0714,7.811,7.811,399.52,399.52,6900.0
1.0715,6.325,6.325,398.908,398.908,6900.0
1.0716,4.6,4.6,398.277,398.277,6900.0
1.0717,3.082,3.082,397.629,397.629,6900.0
1.0718,2.028,2.028,396.97,396.97,6900.0
1.0719,0.726,0.726,396.305,396.305,6900.0
1.072,0.0,0.0,395.635,395.635,6900.0
1.0721,0.0,0.0,394.963,394.963,6900.0
1.0722,-1.137,-1.137,394.292,394.292,6900.0
1.0723,-2.086,-2.086,393.621,393.621,6900.0
1.0724,-3.043,-3.043,392.953,392.953,6900.0
1.0725,-4.131,-4.131,392.288,392.288,6900.0
1.0726,-5.497,-5.497,391.631,391.631,6900.0
1.0727,-6.849,-6.849,390.983,390.983,6900.0
1.0728,-8.332,-8.332,390.352,390.352,6900.0
1.0729,-9.526,-9.526,389.74,389.74,6900.0
1.073,-10.747,-10.747,389.14,389.14,6900.0
1.0731,-12.414,-12.414,388.558,388.558,6900.0
1.0732,-13.824,-13.824,388.009,388.009,6900.0
1.0733,-15.41,-15.41,387.501,387.501,6900.0
1.0734,-16.378,-16.378,387.037,387.037,6900.0
1.0735,-17.438,-17.438,386.585,386.585,6900.0
1.0736,-18.81,-18.81,386.154,386.154,6900.0
1.0737,-20.497,-20.497,385.76,385.76,6900.0
1.0738,-22.032,-22.032,385.425,385.425,6900.0
1.0739,-23.098,-23.098,385.144,385.144,6900.0
1.074,-24.051,-24.051,384.89,384.89,6900.0
1.0741,-25.416,-25.416,384.661,384.661,6900.0
1.0742,-26.866,-26.866,384.474,384.474,6900.0
1.0743,-28.042,-28.042,384.343,384.343,6900.0
1.0744,-29.199,-29.199,384.263,384.263,6900.0
1.0745,-30.303,-30.303,384.233,384.233,6900.0
1.0746,-31.525,-31.525,384.252,384.252,6900.0
1.0747,-32.535,-32.535,384.323,384.323,6900.0
1.0748,-33.693,-33.693,384.439,384.439,6900.0
1.0749,-34.872,-34.872,384.606,384.606,6900.0
1.075,-35.957,-35.957,384.828,384.828,6900.0
1.0751,-36.698,-36.698,385.108,385.108,6900.0
1.0752,-37.459,-37.459,385.424,385.424,6900.0
1.0753,-38.265,-38.265,385.765,385.765,6900.0
1.0754,-39.14,-39.14,386.144,386.144,6900.0
1.0755,-40.137,-40.137,386.563,386.563,6900.0
1.0756,-40.857,-40.857,387.046,387.046,6900.0
1.0757,-41.537,-41.537,387.565,387.565,6900.0
1.0758,-41.716,-41.716,388.11,388.11,6900.0
1.0759,-42.29,-42.29,388.673,388.673,6900.0
1.076,-42.95,-42.95,389.267,389.267,6900.0
1.0761,-43.593,-43.593,389.916,389.916,6900.0
1.0762,-43.802,-43.802,390.603,390.603,6900.0
1.0763,-44.014,-44.014,391.291,391.291,6900.0
1.0764,-44.305,-44.305,391.994,391.994,6900.0
1.0765,-44.391,-44.391,392.706,392.706,6900.0
1.0766,-44.712,-44.712,393.434,393.434,6900.0
1.0767,-44.824,-44.824,394.179,394.179,6900.0
1.0768,-44.921,-44.921,394.914,394.914,6900.0
1.0769,-45.182,-45.182,395.661,395.661,6900.0
1.077,-45.226,-45.226,396.409,396.409,6900.0
1.0771,-45.025,-45.025,397.165,397.165,6900.0
1.0772,-44.79,-44.79,397.924,397.924,6900.0
1.0773,-44.743,-44.743,398.667,398.667,6900.0
1.0774,-44.63,-44.63,399.423,399.423,6900.0
1.0775,-44.305,-44.305,400.165,400.165,6900.0
1.0776,-43.979,-43.979,400.878,400.878,6900.0
1.0777,-43.566,-43.566,401.581,401.581,6900.0
1.0778,-43.36,-43.36,402.251,402.251,6900.0
1.0779,-42.997,-42.997,402.915,402.915,6900.0
1.078,-42.578,-42.578,403.548,403.548,6900.0
1.0781,-41.933,-41.933,404.142,404.142,6900.0
1.0782,-41.379,-41.379,404.708,404.708,6900.0
1.0783,-40.979,-40.979,405.243,405.243,6900.0
1.0784,-40.459,-40.459,405.768,405.768,6900.0
1.0785,-39.843,-39.843,406.264,406.264,6900.0
1.0786,-38.97,-38.97,406.718,406.718,6900.0
1.0787,-38.189,-38.189,407.134,407.134,6900.0
1.0788,-37.54,-37.54,407.513,407.513,6900.0
1.0789,-36.768,-36.768,407.862,407.862,6900.0
1.079,-35.874,-35.874,408.172,408.172,6900.0
1.0791,-35.112,-35.112,408.434,408.434,6900.0
1.0792,-34.192,-34.192,408.654,408.654,6900.0
1.0793,-33.164,-33.164,408.83,408.83,6900.0
1.0794,-32.143,-32.143,408.957,408.957,6900.0
1.0795,-31.33,-31.33,409.042,409.042,6900.0
1.0796,-30.127,-30.127,409.098,409.098,6900.0
1.0797,-28.828,-28.828,409.108,409.108,6900.0
1.0798,-27.682,-27.682,409.061,409.061,6900.0
1.0799,-26.804,-26.804,408.961,408.961,6900.0
1.08,-25.961,-25.961,408.827,408.827,6900.0
1.0801,-24.797,-24.797,408.674,408.674,6900.0
1.0802,-23.404,-23.404,408.49,408.49,6900.0
1.0803,-21.877,-21.877,408.244,408.244,6900.0
1.0804,-20.821,-20.821,407.936,407.936,6900.0
1.0805,-20.025,-20.025,407.593,407.593,6900.0
1.0806,-18.875,-18.875,407.234,407.234,6900.0
1.0807,-17.435,-17.435,406.856,406.856,6900.0
1.0808,-15.881,-15.881,406.434,406.434,6900.0
1.0809,-14.734,-14.734,405.968,405.968,6900.0
1.081,-13.487,-13.487,405.475,405.475,6900.0
1.0811,-12.285,-12.285,404.959,404.959,6900.0
1.0812,-10.86,-10.86,404.423,404.423,6900.0
1.0813,-9.158,-9.158,403.86,403.86,6900.0
1.0814,-7.874,-7.874,403.267,403.267,6900.0
1.0815,-6.469,-6.469,402.657,402.657,6900.0
1.0816,-5.312,-5.312,402.029,402.029,6900.0
1.0817,-3.835,-3.835,401.39,401.39,6900.0
1.0818,-2.492,-2.492,400.74,400.74,6900.0
1.0819,-1.209,-1.209,400.082,400.082,6900.0
1.082,-0.859,-0.859,399.419,399.419,6900.0
1.0821,-0.0,-0.0,398.754,398.754,6900.0
1.0822,1.825,1.825,398.087,398.087,6900.0
1.0823,1.76,1.76,397.423,397.423,6900.0
1.0824,3.043,3.043,396.759,396.759,6900.0
1.0825,4.314,4.314,396.1,396.1,6900.0
1.0826,5.748,5.748,395.451,395.451,6900.0
1.0827,6.977,6.977,394.816,394.816,6900.0
1.0828,8.167,8.167,394.194,394.194,6900.0
1.0829,9.668,9.668,393.582,393.582,6900.0
1.083,11.363,11.363,392.992,392.992,6900.0
1.0831,12.67,12.67,392.43,392.43,6900.0
1.0832,14.081,14.081,391.903,391.903,6900.0
1.0833,15.238,15.238,391.399,391.399,6900.0
1.0834,16.775,16.775,390.908,390.908,6900.0
1.0835,18.499,18.499,390.449,390.449,6900.0
1.0836,20.05,20.05,390.042,390.042,6900.0
1.0837,21.338,21.338,389.697,389.697,6900.0
1.0838,22.313,22.313,389.39,389.39,6900.0
1.0839,23.569,23.569,389.101,389.101,6900.0
1.084,24.961,24.961,388.845,388.845,6900.0
1.0841,26.266,26.266,388.637,388.637,6900.0
1.0842,27.295,27.295,388.486,388.486,6900.0
1.0843,28.305,28.305,388.376,388.376,6900.0
1.0844,29.422,29.422,388.301,388.301,6900.0
1.0845,30.685,30.685,388.268,388.268,6900.0
1.0846,31.755,31.755,388.286,388.286,6900.0
1.0847,32.847,32.847,388.353,388.353,6900.0
1.0848,33.909,33.909,388.476,388.476,6900.0
1.0849,34.984,34.984,388.655,388.655,6900.0
1.085,36.06,36.06,388.884,388.884,6900.0
1.0851,36.807,36.807,389.157,389.157,6900.0
1.0852,37.855,37.855,389.457,389.457,6900.0
1.0853,38.497,38.497,389.807,389.807,6900.0
1.0854,39.486,39.486,390.198,390.198,6900.0
1.0855,40.093,40.093,390.641,390.641,6900.0
1.0856,40.49,40.49,391.11,391.11,6900.0
1.0857,41.292,41.292,391.592,391.592,6900.0
1.0858,41.89,41.89,392.118,392.118,6900.0
1.0859,42.572,42.572,392.688,392.688,6900.0
1.086,42.952,42.952,393.312,393.312,6900.0
1.0861,43.154,43.154,393.954,393.954,6900.0
1.0862,43.644,43.644,394.602,394.602,6900.0
1.0863,43.917,43.917,395.281,395.281,6900.0
1.0864,44.387,44.387,395.97,395.97,6900.0
1.0865,44.711,44.711,396.694,396.694,6900.0
1.0866,44.631,44.631,397.423,397.423,6900.0
1.0867,44.818,44.818,398.143,398.143,6900.0
1.0868,44.883,44.883,398.874,398.874,6900.0
1.0869,44.965,44.965,399.597,399.597,6900.0
1.087,45.172,45.172,400.34,400.34,6900.0
1.0871,44.831,44.831,401.091,401.091,6900.0
1.0872,44.856,44.856,401.833,401.833,6900.0
1.0873,44.476,44.476,402.587,402.587,6900.0
1.0874,44.279,44.279,403.309,403.309,6900.0
1.0875,44.086,44.086,404.031,404.031,6900.0
1.0876,43.735,43.735,404.738,404.738,6900.0
1.0877,43.607,43.607,405.43,405.43,6900.0
1.0878,43.061,43.061,406.113,406.113,6900.0
1.0879,42.464,42.464,406.752,406.752,6900.0
1.088,42.196,42.196,407.354,407.354,6900.0
1.0881,41.542,41.542,407.935,407.935,6900.0
1.0882,41.208,41.208,408.493,408.493,6900.0
1.0883,40.45,40.45,409.035,409.035,6900.0
1.0884,39.689,39.689,409.534,409.534,6900.0
1.0885,39.276,39.276,409.99,409.99,6900.0
1.0886,38.539,38.539,410.422,410.422,6900.0
1.0887,37.798,37.798,410.829,410.829,6900.0
1.0888,36.911,36.911,411.204,411.204,6900.0
1.0889,36.04,36.04,411.535,411.535,6900.0
1.089,35.351,35.351,411.818,411.818,6900.0
1.0891,34.437,34.437,412.063,412.063,6900.0
1.0892,33.458,33.458,412.266,412.266,6900.0
1.0893,32.47,32.47,412.426,412.426,6900.0
1.0894,31.543,31.543,412.544,412.544,6900.0
1.0895,30.511,30.511,412.626,412.626,6900.0
1.0896,29.274,29.274,412.66,412.66,6900.0
1.0897,28.154,28.154,412.637,412.637,6900.0
1.0898,27.279,27.279,412.568,412.568,6900.0
1.0899,26.453,26.453,412.471,412.471,6900.0
1.09,25.398,25.398,412.353,412.353,6900.0
1.0901,23.922,23.922,412.194,412.194,6900.0
1.0902,22.689,22.689,411.967,411.967,6900.0
1.0903,21.878,21.878,411.695,411.695,6900.0
1.0904,21.07,21.07,411.403,411.403,6900.0
1.0905,19.927,19.927,411.103,411.103,6900.0
1.0906,18.176,18.176,410.768,410.768,6900.0
1.0907,16.59,16.59,410.373,410.373,6900.0
1.0908,15.526,15.526,409.936,409.936,6900.0
1.0909,14.321,14.321,409.467,409.467,6900.0
1.091,13.151,13.151,408.978,408.978,6900.0
1.0911,11.79,11.79,408.462,408.462,6900.0
1.0912,10.361,10.361,407.914,407.914,6900.0
1.0913,9.234,9.234,407.342,407.342,6900.0
1.0914,7.82,7.82,406.752,406.752,6900.0
1.0915,6.485,6.485,406.147,406.147,6900.0
1.0916,4.942,4.942,405.529,405.529,6900.0
1.0917,3.366,3.366,404.896,404.896,6900.0
1.0918,2.077,2.077,404.251,404.251,6900.0
1.0919,0.946,0.946,403.598,403.598,6900.0
1.092,0.863,0.863,402.94,402.94,6900.0
1.0921,-0.065,-0.065,402.281,402.281,6900.0
1.0922,-1.396,-1.396,401.621,401.621,6900.0
1.0923,-2.634,-2.634,400.963,400.963,6900.0
1.0924,-3.049,-3.049,400.308,400.308,6900.0
1.0925,-4.355,-4.355,399.659,399.659,6900.0
1.0926,-5.591,-5.591,399.02,399.02,6900.0
1.0927,-6.92,-6.92,398.388,398.388,6900.0
1.0928,-8.269,-8.269,397.77,397.77,6900.0
1.0929,-9.618,-9.618,397.165,397.165,6900.0
1.093,-11.057,-11.057,396.584,396.584,6900.0
1.0931,-12.191,-12.191,396.027,396.027,6900.0
1.0932,-13.24,-13.24,395.481,395.481,6900.0
1.0933,-14.83,-14.83,394.953,394.953,6900.0
1.0934,-16.416,-16.416,394.46,394.46,6900.0
1.0935,-18.073,-18.073,394.018,394.018,6900.0
1.0936,-18.834,-18.834,393.63,393.63,6900.0
1.0937,-19.708,-19.708,393.255,393.255,6900.0
1.0938,-21.212,-21.212,392.898,392.898,6900.0
1.0939,-22.838,-22.838,392.585,392.585,6900.0
1.094,-24.403,-24.403,392.329,392.329,6900.0
1.0941,-25.308,-25.308,392.13,392.13,6900.0
1.0942,-26.12,-26.12,391.964,391.964,6900.0
1.0943,-27.464,-27.464,391.823,391.823,6900.0
1.0944,-28.795,-28.795,391.729,391.729,6900.0
1.0945,-29.914,-29.914,391.686,391.686,6900.0
1.0946,-30.96,-30.96,391.693,391.693,6900.0
1.0947,-31.905,-31.905,391.75,391.75,6900.0
1.0948,-32.943,-32.943,391.852,391.852,6900.0
1.0949,-33.88,-33.88,392.002,392.002,6900.0
1.095,-34.693,-34.693,392.189,392.189,6900.0
1.0951,-35.514,-35.514,392.418,392.418,6900.0
1.0952,-36.425,-36.425,392.687,392.687,6900.0
1.0953,-37.18,-37.18,393.012,393.012,6900.0
1.0954,-37.752,-37.752,393.375,393.375,6900.0
1.0955,-38.312,-38.312,393.756,393.756,6900.0
1.0956,-39.209,-39.209,394.167,394.167,6900.0
1.0957,-39.986,-39.986,394.617,394.617,6900.0
1.0958,-40.437,-40.437,395.127,395.127,6900.0
1.0959,-40.669,-40.669,395.664,395.664,6900.0
1.096,-41.1,-41.1,396.205,396.205,6900.0
1.0961,-41.657,-41.657,396.772,396.772,6900.0
1.0962,-41.948,-41.948,397.365,397.365,6900.0
1.0963,-42.283,-42.283,397.996,397.996,6900.0
1.0964,-42.335,-42.335,398.648,398.648,6900.0
1.0965,-42.515,-42.515,399.29,399.29,6900.0
1.0966,-42.732,-42.732,399.949,399.949,6900.0
1.0967,-42.689,-42.689,400.611,400.611,6900.0
1.0968,-42.821,-42.821,401.281,401.281,6900.0
1.0969,-42.813,-42.813,401.962,401.962,6900.0
1.097,-42.847,-42.847,402.631,402.631,6900.0
1.0971,-42.931,-42.931,403.313,403.313,6900.0
1.0972,-42.57,-42.57,403.99,403.99,6900.0
1.0973,-42.566,-42.566,404.649,404.649,6900.0
1.0974,-42.185,-42.185,405.317,405.317,6900.0
1.0975,-41.929,-41.929,405.964,405.964,6900.0
1.0976,-41.603,-41.603,406.613,406.613,6900.0
1.0977,-41.158,-41.158,407.239,407.239,6900.0
1.0978,-40.996,-40.996,407.826,407.826,6900.0
1.0979,-40.654,-40.654,408.405,408.405,6900.0
1.098,-40.32,-40.32,408.958,408.958,6900.0
1.0981,-39.782,-39.782,409.501,409.501,6900.0
1.0982,-39.035,-39.035,410.012,410.012,6900.0
1.0983,-38.289,-38.289,410.475,410.475,6900.0
1.0984,-37.606,-37.606,410.908,410.908,6900.0
1.0985,-37.092,-37.092,411.308,411.308,6900.0
1.0986,-36.673,-36.673,411.691,411.691,6900.0
1.0987,-35.8,-35.8,412.051,412.051,6900.0
1.0988,-34.922,-34.922,412.363,412.363,6900.0
1.0989,-34.152,-34.152,412.634,412.634,6900.0
1.099,-33.305,-33.305,412.869,412.869,6900.0
1.0991,-32.33,-32.33,413.068,413.068,6900.0
1.0992,-31.393,-31.393,413.224,413.224,6900.0
1.0993,-30.61,-30.61,413.338,413.338,6900.0
1.0994,-29.54,-29.54,413.413,413.413,6900.0
1.0995,-28.548,-28.548,413.439,413.439,6900.0
1.0996,-27.818,-27.818,413.419,413.419,6900.0
1.0997,-26.995,-26.995,413.368,413.368,6900.0
1.0998,-25.98,-25.98,413.291,413.291,6900.0
1.0999,-24.558,-24.558,413.181,413.181,6900.0
1.1,-23.283,-23.283,413.014,413.014,6900.0
1.1001,-22.431,-22.431,412.795,412.795,6900.0
1.1002,-21.625,-21.625,412.547,412.547,6900.0
1.1003,-20.853,-20.853,412.283,412.283,6900.0
1.1004,-19.465,-19.465,412.001,412.001,6900.0
1.1005,-18.006,-18.006,411.663,411.663,6900.0
1.1006,-16.926,-16.926,411.27,411.27,6900.0
1.1007,-15.857,-15.857,410.843,410.843,6900.0
1.1008,-15.031,-15.031,410.391,410.391,6900.0
1.1009,-13.822,-13.822,409.925,409.925,6900.0
1.101,-12.283,-12.283,409.428,409.428,6900.0
1.1011,-11.306,-11.306,408.897,408.897,6900.0
1.1012,-10.016,-10.016,408.348,408.348,6900.0
1.1013,-8.978,-8.978,407.781,407.781,6900.0
1.1014,-7.569,-7.569,407.201,407.201,6900.0
1.1015,-6.093,-6.093,406.601,406.601,6900.0
1.1016,-4.705,-4.705,405.982,405.982,6900.0
1.1017,-3.266,-3.266,405.349,405.349,6900.0
1.1018,-2.092,-2.092,404.703,404.703,6900.0
1.1019,-0.83,-0.83,404.051,404.051,6900.0
1.102,-0.174,-0.174,403.394,403.394,6900.0
1.1021,-0.0,-0.0,402.735,402.735,6900.0
1.1022,1.421,1.421,402.076,402.076,6900.0
1.1023,1.938,1.938,401.418,401.418,6900.0
1.1024,2.732,2.732,400.763,400.763,6900.0
1.1025,3.737,3.737,400.112,400.112,6900.0
1.1026,5.194,5.194,399.464,399.464,6900.0
1.1027,6.34,6.34,398.828,398.828,6900.0
1.1028,7.808,7.808,398.202,398.202,6900.0
1.1029,9.165,9.165,397.597,397.597,6900.0
1.103,10.356,10.356,397.008,397.008,6900.0
1.1031,11.538,11.538,396.432,396.432,6900.0
1.1032,12.953,12.953,395.882,395.882,6900.0
1.1033,14.49,14.49,395.366,395.366,6900.0
1.1034,15.603,15.603,394.898,394.898,6900.0
1.1035,16.401,16.401,394.456,394.456,6900.0
1.1036,17.855,17.855,394.023,394.023,6900.0
1.1037,19.334,19.334,393.622,393.622,6900.0
1.1038,21.153,20.789,393.267,393.267,6900.0
1.1039,21.856,21.856,392.97,392.97,6900.0
1.104,22.776,22.776,392.707,392.707,6900.0
1.1041,23.981,23.981,392.46,392.46,6900.0
1.1042,25.12,25.12,392.25,392.25,6900.0
1.1043,26.191,26.191,392.083,392.083,6900.0
1.1044,27.229,27.229,391.966,391.966,6900.0
1.1045,28.287,28.287,391.894,391.894,6900.0
1.1046,29.144,29.144,391.869,391.869,6900.0
1.1047,30.009,30.009,391.886,391.886,6900.0
1.1048,30.787,30.787,391.946,391.946,6900.0
1.1049,31.753,31.753,392.043,392.043,6900.0
1.105,32.529,32.529,392.187,392.187,6900.0
1.1051,33.402,33.402,392.375,392.375,6900.0
1.1052,34.039,34.039,392.605,392.605,6900.0
1.1053,34.815,34.815,392.855,392.855,6900.0
1.1054,35.682,35.682,393.13,393.13,6900.0
1.1055,36.37,36.37,393.447,393.447,6900.0
1.1056,37.233,37.233,393.805,393.805,6900.0
1.1057,37.648,37.648,394.215,394.215,6900.0
1.1058,38.079,38.079,394.644,394.644,6900.0
1.1059,38.653,38.653,395.09,395.09,6900.0
1.106,39.11,39.11,395.575,395.575,6900.0
1.1061,39.644,39.644,396.092,396.092,6900.0
1.1062,39.886,39.886,396.657,396.657,6900.0
1.1063,39.917,39.917,397.23,397.23,6900.0
1.1064,40.38,40.38,397.801,397.801,6900.0
1.1065,40.315,40.315,398.395,398.395,6900.0
1.1066,40.595,40.595,398.98,398.98,6900.0
1.1067,40.517,40.517,399.591,399.591,6900.0
1.1068,40.518,40.518,400.188,400.188,6900.0
1.1069,40.88,40.88,400.782,400.782,6900.0
1.107,40.714,40.714,401.394,401.394,6900.0
1.1071,40.807,40.807,401.991,401.991,6900.0
1.1072,40.893,40.893,402.607,402.607,6900.0
1.1073,40.473,40.473,403.227,403.227,6900.0
1.1074,40.524,40.524,403.839,403.839,6900.0
1.1075,40.114,40.114,404.457,404.457,6900.0
1.1076,39.722,39.722,405.045,405.045,6900.0
1.1077,39.422,39.422,405.617,405.617,6900.0
1.1078,39.107,38.955,406.167,406.167,6900.0
1.1079,38.663,38.663,406.695,406.695,6900.0
1.108,38.145,38.145,407.203,407.203,6900.0
1.1081,37.666,37.666,407.67,407.67,6900.0
1.1082,37.404,37.404,408.105,408.105,6900.0
1.1083,36.951,36.951,408.52,408.52,6900.0
1.1084,36.375,36.375,408.922,408.922,6900.0
1.1085,35.588,35.588,409.303,409.303,6900.0
1.1086,34.973,34.973,409.642,409.642,6900.0
1.1087,34.334,34.334,409.947,409.947,6900.0
1.1088,33.528,33.528,410.223,410.223,6900.0
1.1089,32.854,32.854,410.47,410.47,6900.0
1.109,31.89,31.89,410.685,410.685,6900.0
1.1091,31.183,31.183,410.856,410.856,6900.0
1.1092,30.396,30.396,410.986,410.986,6900.0
1.1093,29.586,29.586,411.072,411.072,6900.0
1.1094,28.65,28.65,411.115,411.115,6900.0
1.1095,27.815,27.815,411.116,411.116,6900.0
1.1096,27.115,27.115,411.085,411.085,6900.0
1.1097,26.033,26.033,411.03,411.03,6900.0
1.1098,25.0,25.0,410.93,410.93,6900.0
1.1099,23.904,23.904,410.78,410.78,6900.0
1.11,22.976,22.976,410.592,410.592,6900.0
1.1101,22.421,22.421,410.377,410.377,6900.0
1.1102,21.377,21.377,410.152,410.152,6900.0
1.1103,19.764,19.764,409.889,409.889,6900.0
1.1104,18.426,18.426,409.559,409.559,6900.0
1.1105,17.409,17.409,409.184,409.184,6900.0
1.1106,16.615,16.615,408.78,408.78,6900.0
1.1107,15.671,15.671,408.365,408.365,6900.0
1.1108,14.193,14.193,407.923,407.923,6900.0
1.1109,12.802,12.802,407.44,407.44,6900.0
1.111,11.754,11.754,406.927,406.927,6900.0
1.1111,10.753,10.753,406.392,406.392,6900.0
1.1112,9.58,9.58,405.843,405.843,6900.0
1.1113,8.142,8.142,405.273,405.273,6900.0
1.1114,6.853,6.853,404.678,404.678,6900.0
1.1115,5.559,5.559,404.065,404.065,6900.0
1.1116,4.267,4.267,403.436,403.436,6900.0
1.1117,2.931,2.931,402.795,402.795,6900.0
1.1118,1.902,1.902,402.144,402.144,6900.0
1.1119,0.832,0.832,401.486,401.486,6900.0
1.112,0.0,0.0,400.825,400.825,6900.0
1.1121,0.0,0.0,400.163,400.163,6900.0
1.1122,-1.245,-1.245,399.499,399.499,6900.0
1.1123,-2.098,-2.098,398.837,398.837,6900.0
1.1124,-2.725,-2.725,398.176,398.176,6900.0
1.1125,-3.95,-3.95,397.519,397.519,6900.0
1.1126,-5.318,-5.318,396.869,396.869,6900.0
1.1127,-6.799,-6.799,396.231,396.231,6900.0
1.1128,-7.774,-7.774,395.61,395.61,6900.0
1.1129,-8.857,-8.857,394.998,394.998,6900.0
1.113,-10.553,-10.553,394.401,394.401,6900.0
1.1131,-11.786,-11.786,393.831,393.831,6900.0
1.1132,-13.221,-13.221,393.293,393.293,6900.0
1.1133,-14.235,-14.235,392.788,392.788,6900.0
1.1134,-15.128,-15.128,392.295,392.295,6900.0
1.1135,-16.474,-16.474,391.82,391.82,6900.0
1.1136,-18.045,-18.045,391.38,391.38,6900.0
1.1137,-19.443,-19.443,390.997,390.997,6900.0
1.1138,-20.46,-20.46,390.663,390.663,6900.0
1.1139,-21.638,-21.287,390.352,390.352,6900.0
1.114,-22.422,-22.422,390.06,390.06,6900.0
1.1141,-23.821,-23.821,389.803,389.803,6900.0
1.1142,-24.997,-24.997,389.597,389.597,6900.0
1.1143,-26.072,-26.072,389.435,389.435,6900.0
1.1144,-27.251,-27.251,389.314,389.314,6900.0
1.1145,-28.333,-28.333,389.235,389.235,6900.0
1.1146,-29.316,-29.316,389.201,389.201,6900.0
1.1147,-30.358,-30.358,389.211,389.211,6900.0
1.1148,-31.346,-31.346,389.273,389.273,6900.0
1.1149,-32.194,-32.194,389.387,389.387,6900.0
1.115,-32.984,-32.984,389.549,389.549,6900.0
1.1151,-33.723,-33.723,389.752,389.752,6900.0
1.1152,-34.379,-34.379,389.982,389.982,6900.0
1.1153,-35.232,-35.232,390.243,390.243,6900.0
1.1154,-35.977,-35.977,390.541,390.541,6900.0
1.1155,-36.723,-36.723,390.886,390.886,6900.0
1.1156,-37.298,-37.298,391.263,391.263,6900.0
1.1157,-37.857,-37.857,391.657,391.657,6900.0
1.1158,-38.475,-38.475,392.083,392.083,6900.0
1.1159,-38.94,-38.94,392.542,392.542,6900.0
1.116,-39.567,-39.567,393.049,393.049,6900.0
1.1161,-39.8,-39.8,393.595,393.595,6900.0
1.1162,-40.095,-40.095,394.145,394.145,6900.0
1.1163,-40.399,-40.399,394.721,394.721,6900.0
1.1164,-40.563,-40.563,395.31,395.31,6900.0
1.1165,-40.797,-40.797,395.922,395.922,6900.0
1.1166,-40.964,-40.964,396.545,396.545,6900.0
1.1167,-41.013,-41.013,397.158,397.158,6900.0
1.1168,-41.191,-41.191,397.778,397.778,6900.0
1.1169,-41.055,-41.055,398.397,398.397,6900.0
1.117,-41.214,-41.214,399.013,399.013,6900.0
1.1171,-41.149,-41.149,399.644,399.644,6900.0
1.1172,-41.089,-41.089,400.264,400.264,6900.0
1.1173,-40.902,-40.902,400.898,400.898,6900.0
1.1174,-40.505,-40.505,401.519,401.519,6900.0
1.1175,-40.451,-40.451,402.118,402.118,6900.0
1.1176,-40.122,-40.122,402.723,402.723,6900.0
1.1177,-40.022,-40.022,403.305,403.305,6900.0
1.1178,-39.764,-39.764,403.887,403.887,6900.0
1.1179,-39.32,-39.166,404.446,404.446,6900.0
1.118,-38.683,-38.683,404.958,404.958,6900.0
1.1181,-38.2,-38.2,405.447,405.447,6900.0
1.1182,-37.826,-37.826,405.906,405.906,6900.0
1.1183,-37.254,-37.254,406.353,406.353,6900.0
1.1184,-36.661,-36.661,406.767,406.767,6900.0
1.1185,-35.934,-35.934,407.139,407.139,6900.0
1.1186,-35.477,-35.477,407.482,407.482,6900.0
1.1187,-34.837,-34.837,407.801,407.801,6900.0
1.1188,-34.3,-34.3,408.095,408.095,6900.0
1.1189,-33.499,-33.499,408.361,408.361,6900.0
1.119,-32.56,-32.56,408.587,408.587,6900.0
1.1191,-31.785,-31.785,408.769,408.769,6900.0
1.1192,-31.041,-31.041,408.911,408.911,6900.0
1.1193,-30.23,-30.23,409.015,409.015,6900.0
1.1194,-29.338,-29.338,409.082,409.082,6900.0
1.1195,-28.383,-28.383,409.113,409.113,6900.0
1.1196,-27.158,-27.158,409.103,409.103,6900.0
1.1197,-26.144,-26.144,409.038,409.038,6900.0
1.1198,-25.126,-25.126,408.928,408.928,6900.0
1.1199,-24.375,-24.375,408.781,408.781,6900.0
1.12,-23.431,-23.431,408.614,408.614,6900.0
1.1201,-22.407,-22.407,408.42,408.42,6900.0
1.1202,-21.045,-21.045,408.175,408.175,6900.0
1.1203,-20.206,-20.206,407.874,407.874,6900.0
1.1204,-19.373,-19.373,407.547,407.547,6900.0
1.1205,-18.656,-18.656,407.203,407.203,6900.0
1.1206,-17.212,-17.212,406.848,406.848,6900.0
1.1207,-15.595,-15.595,406.445,406.445,6900.0
1.1208,-14.573,-14.573,405.992,405.992,6900.0
1.1209,-13.275,-13.275,405.51,405.51,6900.0
1.121,-12.313,-12.313,405.001,405.001,6900.0
1.1211,-10.938,-10.938,404.474,404.474,6900.0
1.1212,-9.35,-9.35,403.917,403.917,6900.0
1.1213,-8.562,-8.562,403.33,403.33,6900.0
1.1214,-7.554,-7.554,402.73,402.73,6900.0
1.1215,-6.358,-6.358,402.115,402.115,6900.0
1.1216,-4.974,-4.974,401.488,401.488,6900.0
1.1217,-3.399,-3.399,400.849,400.849,6900.0
1.1218,-2.291,-2.291,400.197,400.197,6900.0
1.1219,-1.302,-1.149,399.538,399.538,6900.0
1.122,-1.125,-1.125,398.874,398.874,6900.0
1.1221,0.049,0.049,398.209,398.209,6900.0
1.1222,0.83,0.83,397.542,397.542,6900.0
1.1223,1.966,1.966,396.875,396.875,6900.0
1.1224,2.493,2.493,396.212,396.212,6900.0
1.1225,3.842,3.842,395.552,395.552,6900.0
1.1226,4.983,4.983,394.904,394.904,6900.0
1.1227,6.237,6.237,394.264,394.264,6900.0
1.1228,7.43,7.43,393.634,393.634,6900.0
1.1229,8.694,8.694,393.018,393.018,6900.0
1.123,10.368,10.368,392.42,392.42,6900.0
1.1231,11.66,11.66,391.853,391.853,6900.0
1.1232,12.637,12.637,391.304,391.304,6900.0
1.1233,14.129,14.129,390.765,390.765,6900.0
1.1234,15.746,15.746,390.255,390.255,6900.0
1.1235,17.33,17.33,389.79,389.79,6900.0
1.1236,18.606,18.606,389.382,389.382,6900.0
1.1237,19.381,19.381,389.009,389.009,6900.0
1.1238,20.596,20.596,388.647,388.647,6900.0
1.1239,22.016,22.016,388.319,388.319,6900.0
1.124,23.359,23.359,388.04,388.04,6900.0
1.1241,24.646,24.646,387.817,387.817,6900.0
1.1242,25.655,25.655,387.639,387.639,6900.0
1.1243,26.606,26.606,387.493,387.493,6900.0
1.1244,27.63,27.63,387.383,387.383,6900.0
1.1245,28.628,28.628,387.316,387.316,6900.0
1.1246,29.541,29.541,387.295,387.295,6900.0
1.1247,30.661,30.661,387.318,387.318,6900.0
1.1248,31.633,31.633,387.392,387.392,6900.0
1.1249,32.539,32.539,387.509,387.509,6900.0
1.125,33.284,33.284,387.667,387.667,6900.0
1.1251,34.41,34.41,387.855,387.855,6900.0
1.1252,35.216,35.216,388.095,388.095,6900.0
1.1253,36.249,36.249,388.384,388.384,6900.0
1.1254,36.848,36.848,388.726,388.726,6900.0
1.1255,37.459,37.459,389.094,389.094,6900.0
1.1256,38.188,38.188,389.482,389.482,6900.0
1.1257,38.843,38.843,389.911,389.911,6900.0
1.1258,39.569,39.569,390.384,390.384,6900.0
1.1259,40.118,40.118,390.904,390.904,6900.0
1.126,40.297,40.297,391.448,391.448,6900.0
1.1261,40.888,40.888,391.994,391.994,6900.0
1.1262,41.201,41.201,392.577,392.577,6900.0
1.1263,41.758,41.758,393.177,393.177,6900.0
1.1264,41.883,41.883,393.819,393.819,6900.0
1.1265,41.957,41.957,394.463,394.463,6900.0
1.1266,42.308,42.308,395.106,395.106,6900.0
1.1267,42.434,42.434,395.766,395.766,6900.0
1.1268,42.502,42.502,396.424,396.424,6900.0
1.1269,42.5,42.5,397.102,397.102,6900.0
1.127,42.364,42.364,397.775,397.775,6900.0
1.1271,42.454,42.454,398.446,398.446,6900.0
1.1272,42.313,42.313,399.125,399.125,6900.0
1.1273,42.211,42.211,399.782,399.782,6900.0
1.1274,42.21,42.21,400.446,400.446,6900.0
1.1275,41.936,41.936,401.103,401.103,6900.0
1.1276,41.847,41.847,401.751,401.751,6900.0
1.1277,41.363,41.363,402.397,402.397,6900.0
1.1278,40.808,40.808,403.003,403.003,6900.0
1.1279,40.507,40.507,403.581,403.581,6900.0
1.128,40.198,40.038,404.137,404.137,6900.0
1.1281,39.843,39.843,404.673,404.673,6900.0
1.1282,39.338,39.338,405.196,405.196,6900.0
1.1283,38.653,38.653,405.681,405.681,6900.0
1.1284,38.145,38.145,406.128,406.128,6900.0
1.1285,37.512,37.512,406.546,406.546,6900.0
1.1286,36.988,36.988,406.943,406.943,6900.0
1.1287,36.186,36.186,407.314,407.314,6900.0
1.1288,35.41,35.41,407.644,407.644,6900.0
1.1289,34.659,34.659,407.931,407.931,6900.0
1.129,33.793,33.793,408.18,408.18,6900.0
1.1291,33.055,33.055,408.389,408.389,6900.0
1.1292,32.222,32.222,408.564,408.564,6900.0
1.1293,31.348,31.348,408.7,408.7,6900.0
1.1294,30.422,30.422,408.796,408.796,6900.0
1.1295,29.277,29.277,408.847,408.847,6900.0
1.1296,28.208,28.208,408.845,408.845,6900.0
1.1297,27.297,27.297,408.798,408.798,6900.0
1.1298,26.389,26.389,408.722,408.722,6900.0
1.1299,25.314,25.314,408.622,408.622,6900.0
1.13,24.101,24.101,408.477,408.477,6900.0
1.1301,23.033,23.033,408.274,408.274,6900.0
1.1302,22.157,22.157,408.029,408.029,6900.0
1.1303,21.385,21.385,407.76,407.76,6900.0
1.1304,20.324,20.324,407.48,407.48,6900.0
1.1305,18.753,18.753,407.164,407.164,6900.0
1.1306,17.565,17.565,406.785,406.785,6900.0
1.1307,16.458,16.458,406.366,406.366,6900.0
1.1308,15.391,15.391,405.915,405.915,6900.0
1.1309,14.278,14.278,405.447,405.447,6900.0
1.131,12.74,12.74,404.952,404.952,6900.0
1.1311,11.452,11.452,404.421,404.421,6900.0
1.1312,10.353,10.353,403.867,403.867,6900.0
1.1313,9.012,9.012,403.293,403.293,6900.0
1.1314,7.814,7.814,402.705,402.705,6900.0
1.1315,6.303,6.303,402.1,402.1,6900.0
1.1316,4.573,4.573,401.475,401.475,6900.0
1.1317,3.19,3.19,400.834,400.834,6900.0
1.1318,1.945,1.945,400.182,400.182,6900.0
1.1319,0.729,0.729,399.522,399.522,6900.0
1.132,0.072,0.0,398.858,398.858,6900.0
1.1321,0.0,0.0,398.192,398.192,6900.0
1.1322,-1.391,-1.391,397.525,397.525,6900.0
1.1323,-3.146,-3.146,396.858,396.858,6900.0
1.1324,-3.176,-3.176,396.199,396.199,6900.0
1.1325,-4.172,-4.172,395.543,395.543,6900.0
1.1326,-5.021,-5.021,394.892,394.892,6900.0
1.1327,-6.558,-6.558,394.247,394.247,6900.0
1.1328,-8.039,-8.039,393.615,393.615,6900.0
1.1329,-9.553,-9.553,393.003,393.003,6900.0
1.133,-10.783,-10.783,392.413,392.413,6900.0
1.1331,-11.942,-11.942,391.836,391.836,6900.0
1.1332,-13.497,-13.497,391.279,391.279,6900.0
1.1333,-15.067,-15.067,390.757,390.757,6900.0
1.1334,-16.598,-16.598,390.282,390.282,6900.0
1.1335,-17.493,-17.493,389.853,389.853,6900.0
1.1336,-18.633,-18.633,389.437,389.437,6900.0
1.1337,-20.087,-20.087,389.041,389.041,6900.0
1.1338,-21.49,-21.49,388.686,388.686,6900.0
1.1339,-22.998,-22.998,388.385,388.385,6900.0
1.134,-23.984,-23.984,388.139,388.139,6900.0
1.1341,-25.023,-25.023,387.92,387.92,6900.0
1.1342,-26.331,-26.331,387.729,387.729,6900.0
1.1343,-27.754,-27.754,387.583,387.583,6900.0
1.1344,-28.984,-28.984,387.493,387.493,6900.0
1.1345,-30.016,-30.016,387.459,387.459,6900.0
1.1346,-31.043,-31.043,387.472,387.472,6900.0
1.1347,-31.913,-31.913,387.536,387.536,6900.0
1.1348,-32.971,-32.971,387.641,387.641,6900.0
1.1349,-33.904,-33.904,387.791,387.791,6900.0
1.135,-34.853,-34.853,387.983,387.983,6900.0
1.1351,-35.886,-35.886,388.22,388.22,6900.0
1.1352,-36.675,-36.675,388.512,388.512,6900.0
1.1353,-37.449,-37.449,388.842,388.842,6900.0
1.1354,-38.235,-38.235,389.195,389.195,6900.0
1.1355,-39.024,-39.024,389.586,389.586,6900.0
1.1356,-39.796,-39.796,390.015,390.015,6900.0
1.1357,-40.458,-40.458,390.501,390.501,6900.0
1.1358,-40.78,-40.78,391.028,391.028,6900.0
1.1359,-41.099,-41.099,391.563,391.563,6900.0
1.136,-41.87,-41.87,392.123,392.123,6900.0
1.1361,-42.396,-42.396,392.718,392.718,6900.0
1.1362,-43.002,-43.002,393.36,393.36,6900.0
1.1363,-43.043,-43.043,394.038,394.038,6900.0
1.1364,-43.301,-43.301,394.704,394.704,6900.0
1.1365,-43.549,-43.549,395.389,395.389,6900.0
1.1366,-43.525,-43.525,396.077,396.077,6900.0
1.1367,-43.746,-43.746,396.775,396.775,6900.0
1.1368,-43.819,-43.819,397.486,397.486,6900.0
1.1369,-43.895,-43.895,398.186,398.186,6900.0
1.137,-43.822,-43.822,398.901,398.901,6900.0
1.1371,-43.574,-43.574,399.609,399.609,6900.0
1.1372,-43.72,-43.72,400.308,400.308,6900.0
1.1373,-43.457,-43.457,401.023,401.023,6900.0
1.1374,-43.378,-43.378,401.72,401.72,6900.0
1.1375,-43.276,-43.276,402.425,402.425,6900.0
1.1376,-42.671,-42.671,403.117,403.117,6900.0
1.1377,-42.434,-42.434,403.768,403.768,6900.0
1.1378,-41.905,-41.905,404.411,404.411,6900.0
1.1379,-41.55,-41.55,405.019,405.019,6900.0
1.138,-41.256,-41.256,405.616,405.616,6900.0
1.1381,-40.899,-40.729,406.185,406.185,6900.0
1.1382,-40.316,-40.316,406.709,406.709,6900.0
1.1383,-39.779,-39.779,407.215,407.215,6900.0
1.1384,-39.178,-39.178,407.691,407.691,6900.0
1.1385,-38.404,-38.404,408.151,408.151,6900.0
1.1386,-37.901,-37.901,408.572,408.572,6900.0
1.1387,-37.104,-37.104,408.958,408.958,6900.0
1.1388,-36.369,-36.369,409.306,409.306,6900.0
1.1389,-35.553,-35.553,409.619,409.619,6900.0
1.139,-34.696,-34.696,409.898,409.898,6900.0
1.1391,-33.731,-33.731,410.136,410.136,6900.0
1.1392,-32.824,-32.824,410.331,410.331,6900.0
1.1393,-31.799,-31.799,410.479,410.479,6900.0
1.1394,-30.748,-30.748,410.577,410.577,6900.0
1.1395,-29.843,-29.843,410.627,410.627,6900.0
1.1396,-28.911,-28.911,410.638,410.638,6900.0
1.1397,-28.016,-28.016,410.618,410.618,6900.0
1.1398,-26.808,-26.808,410.564,410.564,6900.0
1.1399,-25.67,-25.67,410.458,410.458,6900.0
1.14,-24.798,-24.798,410.3,410.3,6900.0
1.1401,-23.846,-23.846,410.113,410.113,6900.0
1.1402,-22.863,-22.863,409.905,409.905,6900.0
1.1403,-21.552,-21.552,409.672,409.672,6900.0
1.1404,-19.926,-19.926,409.382,409.382,6900.0
1.1405,-18.865,-18.865,409.028,409.028,6900.0
1.1406,-17.849,-17.849,408.64,408.64,6900.0
1.1407,-17.142,-17.142,408.23,408.23,6900.0
1.1408,-15.741,-15.741,407.808,407.808,6900.0
1.1409,-14.189,-14.189,407.348,407.348,6900.0
1.141,-13.241,-13.241,406.849,406.849,6900.0
1.1411,-11.537,-11.537,406.331,406.331,6900.0
1.1412,-10.397,-10.397,405.787,405.787,6900.0
1.1413,-9.132,-9.132,405.226,405.226,6900.0
1.1414,-7.673,-7.673,404.643,404.643,6900.0
1.1415,-6.434,-6.434,404.036,404.036,6900.0
1.1416,-5.057,-5.057,403.412,403.412,6900.0
1.1417,-3.817,-3.817,402.774,402.774,6900.0
1.1418,-2.358,-2.358,402.126,402.126,6900.0
1.1419,-1.071,-1.071,401.47,401.47,6900.0
1.142,-0.288,-0.288,400.809,400.809,6900.0
1.1421,-0.0,-0.0,400.146,400.146,6900.0
1.1422,1.283,1.283,399.482,399.482,6900.0
1.1423,1.661,1.661,398.82,398.82,6900.0
1.1424,2.582,2.582,398.158,398.158,6900.0
1.1425,3.927,3.927,397.5,397.5,6900.0
1.1426,5.081,5.081,396.849,396.849,6900.0
1.1427,6.62,6.62,396.207,396.207,6900.0
1.1428,7.861,7.861,395.585,395.585,6900.0
1.1429,8.945,8.945,394.976,394.976,6900.0
1.143,10.413,10.413,394.378,394.378,6900.0
1.1431,12.038,12.038,393.806,393.806,6900.0
1.1432,13.695,13.695,393.265,393.265,6900.0
1.1433,14.971,14.971,392.767,392.767,6900.0
1.1434,15.896,15.896,392.295,392.295,6900.0
1.1435,17.239,17.239,391.831,391.831,6900.0
1.1436,18.719,18.719,391.398,391.398,6900.0
1.1437,20.341,20.341,391.013,391.013,6900.0
1.1438,21.5,21.5,390.69,390.69,6900.0
1.1439,22.449,22.449,390.404,390.404,6900.0
1.144,23.48,23.48,390.136,390.136,6900.0
1.1441,24.962,24.962,389.896,389.896,6900.0
1.1442,26.433,26.433,389.706,389.706,6900.0
1.1443,27.586,27.586,389.574,389.574,6900.0
1.1444,28.453,28.453,389.489,389.489,6900.0
1.1445,29.481,29.481,389.441,389.441,6900.0
1.1446,30.381,30.381,389.437,389.437,6900.0
1.1447,31.388,31.388,389.474,389.474,6900.0
1.1448,32.489,32.489,389.558,389.558,6900.0
1.1449,33.623,33.623,389.694,389.694,6900.0
1.145,34.554,34.554,389.888,389.888,6900.0
1.1451,35.28,35.28,390.131,390.131,6900.0
1.1452,35.866,35.866,390.405,390.405,6900.0
1.1453,36.651,36.651,390.701,390.701,6900.0
1.1454,37.486,37.486,391.034,391.034,6900.0
1.1455,38.44,38.44,391.413,391.413,6900.0
1.1456,39.099,39.099,391.84,391.84,6900.0
1.1457,39.606,39.606,392.293,392.293,6900.0
1.1458,40.306,40.306,392.764,392.764,6900.0
1.1459,40.769,40.769,393.274,393.274,6900.0
1.146,41.42,41.42,393.821,393.821,6900.0
1.1461,41.986,41.852,394.421,394.421,6900.0
1.1462,42.078,42.078,395.041,395.041,6900.0
1.1463,42.478,42.478,395.669,395.669,6900.0
1.1464,42.593,42.593,396.323,396.323,6900.0
1.1465,42.988,42.988,396.98,396.98,6900.0
1.1466,43.049,43.049,397.673,397.673,6900.0
1.1467,43.011,43.011,398.359,398.359,6900.0
1.1468,43.255,43.255,399.035,399.035,6900.0
1.1469,43.163,43.163,399.724,399.724,6900.0
1.147,43.217,43.217,400.394,400.394,6900.0
1.1471,43.275,43.275,401.083,401.083,6900.0
1.1472,43.06,43.06,401.77,401.77,6900.0
1.1473,43.005,43.005,402.453,402.453,6900.0
1.1474,42.706,42.706,403.141,403.141,6900.0
1.1475,42.406,42.406,403.804,403.804,6900.0
1.1476,42.14,42.14,404.461,404.461,6900.0
1.1477,41.613,41.613,405.1,405.1,6900.0
1.1478,41.498,41.498,405.721,405.721,6900.0
1.1479,40.99,40.99,406.334,406.334,6900.0
1.148,40.441,40.441,406.905,406.905,6900.0
1.1481,40.209,40.209,407.442,407.442,6900.0
1.1482,39.514,39.514,407.958,407.958,6900.0
1.1483,39.077,39.077,408.448,408.448,6900.0
1.1484,38.419,38.419,408.915,408.915,6900.0
1.1485,37.675,37.675,409.34,409.34,6900.0
1.1486,37.014,37.014,409.725,409.725,6900.0
1.1487,36.358,36.358,410.08,410.08,6900.0
1.1488,35.636,35.636,410.41,410.41,6900.0
1.1489,34.964,34.964,410.707,410.707,6900.0
1.149,33.991,33.991,410.971,410.971,6900.0
1.1491,33.064,33.064,411.188,411.188,6900.0
1.1492,32.249,32.249,411.362,411.362,6900.0
1.1493,31.288,31.288,411.496,411.496,6900.0
1.1494,30.42,30.42,411.586,411.586,6900.0
1.1495,29.469,29.469,411.64,411.64,6900.0
1.1496,28.546,28.546,411.657,411.657,6900.0
1.1497,27.476,27.476,411.629,411.629,6900.0
1.1498,26.309,26.309,411.549,411.549,6900.0
1.1499,25.5,25.5,411.421,411.421,6900.0
1.15,24.575,24.575,411.269,411.269,6900.0
1.1501,23.457,23.457,411.098,411.098,6900.0
1.1502,22.041,22.041,410.885,410.885,6900.0
1.1503,20.76,20.76,410.609,410.609,6900.0
1.1504,19.82,19.82,410.288,410.288,6900.0
1.1505,19.009,19.009,409.943,409.943,6900.0
1.1506,17.962,17.962,409.589,409.589,6900.0
1.1507,16.369,16.369,409.204,409.204,6900.0
1.1508,14.995,14.995,408.768,408.768,6900.0
1.1509,13.778,13.778,408.297,408.297,6900.0
1.151,12.671,12.671,407.795,407.795,6900.0
1.1511,11.586,11.586,407.275,407.275,6900.0
1.1512,10.012,10.012,406.732,406.732,6900.0
1.1513,8.624,8.624,406.158,406.158,6900.0
1.1514,7.56,7.56,405.564,405.564,6900.0
1.1515,6.076,6.076,404.953,404.953,6900.0
1.1516,4.875,4.875,404.328,404.328,6900.0
1.1517,3.422,3.422,403.692,403.692,6900.0
1.1518,2.096,2.096,403.045,403.045,6900.0
1.1519,0.841,0.841,402.39,402.39,6900.0
1.152,0.878,0.878,401.73,401.73,6900.0
1.1521,-0.099,-0.099,401.069,401.069,6900.0
1.1522,-0.901,-0.923,400.407,400.407,6900.0
1.1523,-2.231,-2.231,399.745,399.745,6900.0
1.1524,-2.976,-2.976,399.087,399.087,6900.0
1.1525,-4.094,-4.094,398.432,398.432,6900.0
1.1526,-5.586,-5.586,397.788,397.788,6900.0
1.1527,-6.754,-6.754,397.157,397.157,6900.0
1.1528,-7.818,-7.818,396.536,396.536,6900.0
1.1529,-9.336,-9.336,395.926,395.926,6900.0
1.153,-10.711,-10.711,395.337,395.337,6900.0
1.1531,-12.071,-12.071,394.775,394.775,6900.0
1.1532,-13.111,-13.111,394.241,394.241,6900.0
1.1533,-14.248,-14.248,393.719,393.719,6900.0
1.1534,-15.74,-15.74,393.216,393.216,6900.0
1.1535,-17.23,-17.23,392.751,392.751,6900.0
1.1536,-18.876,-18.876,392.337,392.337,6900.0
1.1537,-19.856,-19.856,391.976,391.976,6900.0
1.1538,-20.781,-20.781,391.635,391.635,6900.0
1.1539,-21.955,-21.955,391.315,391.315,6900.0
1.154,-23.219,-23.219,391.033,391.033,6900.0
1.1541,-24.699,-24.699,390.801,390.801,6900.0
1.1542,-25.916,-25.916,390.621,390.621,6900.0
1.1543,-26.979,-26.979,390.481,390.481,6900.0
1.1544,-28.175,-28.175,390.378,390.378,6900.0
1.1545,-29.235,-29.235,390.32,390.32,6900.0
1.1546,-30.343,-30.343,390.308,390.308,6900.0
1.1547,-31.378,-31.378,390.348,390.348,6900.0
1.1548,-32.345,-32.345,390.438,390.438,6900.0
1.1549,-33.297,-33.297,390.577,390.577,6900.0
1.155,-34.071,-34.071,390.759,390.759,6900.0
1.1551,-34.891,-34.891,390.971,390.971,6900.0
1.1552,-35.894,-35.894,391.222,391.222,6900.0
1.1553,-36.689,-36.689,391.519,391.519,6900.0
1.1554,-37.457,-37.457,391.867,391.867,6900.0
1.1555,-38.023,-38.023,392.252,392.252,6900.0
1.1556,-38.523,-38.523,392.655,392.655,6900.0
1.1557,-39.2,-39.2,393.088,393.088,6900.0
1.1558,-39.871,-39.871,393.553,393.553,6900.0
1.1559,-40.316,-40.316,394.075,394.075,6900.0
1.156,-40.589,-40.589,394.629,394.629,6900.0
1.1561,-41.028,-41.028,395.185,395.185,6900.0
1.1562,-41.579,-41.442,395.771,395.771,6900.0
1.1563,-41.796,-41.796,396.373,396.373,6900.0
1.1564,-42.21,-42.21,397.009,397.009,6900.0
1.1565,-42.178,-42.178,397.665,397.665,6900.0
1.1566,-42.29,-42.29,398.309,398.309,6900.0
1.1567,-42.355,-42.355,398.966,398.966,6900.0
1.1568,-42.245,-42.245,399.62,399.62,6900.0
1.1569,-42.426,-42.426,400.275,400.275,6900.0
1.157,-42.245,-42.245,400.947,400.947,6900.0
1.1571,-42.19,-42.19,401.602,401.602,6900.0
1.1572,-42.068,-42.068,402.269,402.269,6900.0
1.1573,-41.858,-41.858,402.924,402.924,6900.0
1.1574,-41.872,-41.872,403.566,403.566,6900.0
1.1575,-41.594,-41.594,404.213,404.213,6900.0
1.1576,-41.363,-41.363,404.838,404.838,6900.0
1.1577,-40.856,-40.856,405.464,405.464,6900.0
1.1578,-40.397,-40.397,406.059,406.059,6900.0
1.1579,-40.236,-40.236,406.612,406.612,6900.0
1.158,-39.673,-39.673,407.157,407.157,6900.0
1.1581,-39.18,-39.18,407.67,407.67,6900.0
1.1582,-38.77,-38.77,408.169,408.169,6900.0
1.1583,-38.039,-38.039,408.642,408.642,6900.0
1.1584,-37.382,-37.382,409.068,409.068,6900.0
1.1585,-36.631,-36.631,409.465,409.465,6900.0
1.1586,-36.466,-36.466,409.826,409.826,6900.0
1.1587,-35.731,-35.731,410.178,410.178,6900.0
1.1588,-34.822,-34.822,410.496,410.496,6900.0
1.1589,-33.938,-33.938,410.767,410.767,6900.0
1.159,-33.14,-33.14,410.996,410.996,6900.0
1.1591,-32.524,-32.524,411.186,411.186,6900.0
1.1592,-31.66,-31.66,411.346,411.346,6900.0
1.1593,-30.679,-30.679,411.467,411.467,6900.0
1.1594,-29.937,-29.937,411.548,411.548,6900.0
1.1595,-28.789,-28.789,411.593,411.593,6900.0
1.1596,-27.642,-27.642,411.585,411.585,6900.0
1.1597,-26.77,-26.77,411.526,411.526,6900.0
1.1598,-25.893,-25.893,411.433,411.433,6900.0
1.1599,-24.922,-24.922,411.316,411.316,6900.0
1.16,-23.719,-23.719,411.168,411.168,6900.0
1.1601,-22.529,-22.529,410.966,410.966,6900.0
1.1602,-21.578,-21.578,410.711,410.711,6900.0
1.1603,-20.756,-20.756,410.427,410.427,6900.0
1.1604,-19.788,-19.788,410.128,410.128,6900.0
1.1605,-18.355,-18.355,409.811,409.811,6900.0
1.1606,-16.757,-16.757,409.442,409.442,6900.0
1.1607,-15.691,-15.691,409.019,409.019,6900.0
1.1608,-14.638,-14.638,408.566,408.566,6900.0
1.1609,-13.758,-13.758,408.087,408.087,6900.0
1.161,-12.451,-12.451,407.591,407.591,6900.0
1.1611,-11.257,-11.257,407.063,407.063,6900.0
1.1612,-10.198,-10.198,406.506,406.506,6900.0
1.1613,-8.763,-8.763,405.933,405.933,6900.0
1.1614,-7.727,-7.727,405.34,405.34,6900.0
1.1615,-6.24,-6.24,404.736,404.736,6900.0
1.1616,-4.582,-4.582,404.115,404.115,6900.0
1.1617,-3.239,-3.239,403.478,403.478,6900.0
1.1618,-2.072,-2.072,402.83,402.83,6900.0
1.1619,-0.999,-0.999,402.175,402.175,6900.0
1.162,-0.974,-0.974,401.515,401.515,6900.0
1.1621,0.124,0.124,400.854,400.854,6900.0
1.1622,1.164,1.164,400.191,400.191,6900.0
1.1623,2.137,2.137,399.531,399.531,6900.0
1.1624,2.816,2.816,398.873,398.873,6900.0
1.1625,3.749,3.749,398.221,398.221,6900.0
1.1626,4.805,4.805,397.575,397.575,6900.0
1.1627,6.117,6.117,396.935,396.935,6900.0
1.1628,7.388,7.388,396.307,396.307,6900.0
1.1629,9.108,9.108,395.693,395.693,6900.0
1.163,10.487,10.487,395.105,395.105,6900.0
1.1631,11.333,11.333,394.535,394.535,6900.0
1.1632,12.863,12.863,393.973,393.973,6900.0
1.1633,14.427,14.427,393.443,393.443,6900.0
1.1634,16.03,16.03,392.951,392.951,6900.0
1.1635,17.283,17.283,392.513,392.513,6900.0
1.1636,18.111,18.111,392.107,392.107,6900.0
1.1637,19.406,19.406,391.712,391.712,6900.0
1.1638,20.687,20.687,391.348,391.348,6900.0
1.1639,22.185,22.185,391.028,391.028,6900.0
1.164,23.246,23.246,390.769,390.769,6900.0
1.1641,23.986,23.986,390.549,390.549,6900.0
1.1642,25.065,25.065,390.35,390.35,6900.0
1.1643,26.167,26.167,390.186,390.186,6900.0
1.1644,27.353,27.353,390.066,390.066,6900.0
1.1645,28.494,28.494,389.996,389.996,6900.0
1.1646,29.555,29.555,389.976,389.976,6900.0
1.1647,30.463,30.463,390.004,390.004,6900.0
1.1648,31.383,31.383,390.073,390.073,6900.0
1.1649,32.244,32.244,390.184,390.184,6900.0
1.165,33.256,33.256,390.329,390.329,6900.0
1.1651,33.985,33.985,390.522,390.522,6900.0
1.1652,35.024,35.024,390.759,390.759,6900.0
1.1653,35.748,35.748,391.046,391.046,6900.0
1.1654,36.385,36.385,391.363,391.363,6900.0
1.1655,37.177,37.177,391.703,391.703,6900.0
1.1656,37.628,37.628,392.085,392.085,6900.0
1.1657,38.444,38.444,392.503,392.503,6900.0
1.1658,38.83,38.83,392.974,392.974,6900.0
1.1659,39.067,39.067,393.462,393.462,6900.0
1.166,39.629,39.629,393.958,393.958,6900.0
1.1661,40.113,40.113,394.487,394.487,6900.0
1.1662,40.688,40.688,395.042,395.042,6900.0
1.1663,41.052,40.924,395.641,395.641,6900.0
1.1664,40.976,40.976,396.247,396.247,6900.0
1.1665,41.336,41.336,396.852,396.852,6900.0
1.1666,41.538,41.538,397.475,397.475,6900.0
1.1667,41.614,41.614,398.101,398.101,6900.0
1.1668,41.71,41.71,398.747,398.747,6900.0
1.1669,41.518,41.518,399.395,399.395,6900.0
1.167,41.713,41.713,400.036,400.036,6900.0
1.1671,41.709,41.709,400.688,400.688,6900.0
1.1672,41.618,41.618,401.327,401.327,6900.0
1.1673,41.56,41.56,401.974,401.974,6900.0
1.1674,41.131,41.131,402.615,402.615,6900.0
1.1675,41.04,41.04,403.241,403.241,6900.0
1.1676,40.648,40.648,403.865,403.865,6900.0
1.1677,40.281,40.281,404.454,404.454,6900.0
1.1678,40.047,40.047,405.025,405.025,6900.0
1.1679,39.508,39.508,405.577,405.577,6900.0
1.168,39.161,39.161,406.109,406.109,6900.0
1.1681,38.681,38.681,406.624,406.624,6900.0
1.1682,38.105,38.105,407.102,407.102,6900.0
1.1683,37.659,37.659,407.546,407.546,6900.0
1.1684,37.06,37.06,407.966,407.966,6900.0
1.1685,36.603,36.603,408.365,408.365,6900.0
1.1686,35.884,35.884,408.74,408.74,6900.0
1.1687,35.125,35.125,409.076,409.076,6900.0
1.1688,34.281,34.281,409.369,409.369,6900.0
1.1689,33.563,33.563,409.624,409.624,6900.0
1.169,32.794,32.794,409.846,409.846,6900.0
1.1691,32.204,32.204,410.032,410.032,6900.0
1.1692,31.242,31.242,410.187,410.187,6900.0
1.1693,30.343,30.343,410.298,410.298,6900.0
1.1694,29.498,29.498,410.365,410.365,6900.0
1.1695,28.519,28.519,410.388,410.388,6900.0
1.1696,27.552,27.552,410.37,410.37,6900.0
1.1697,26.531,26.531,410.318,410.318,6900.0
1.1698,25.39,25.39,410.238,410.238,6900.0
1.1699,24.165,24.165,410.112,410.112,6900.0
1.17,23.142,23.142,409.929,409.929,6900.0
1.1701,22.535,22.535,409.705,409.705,6900.0
1.1702,21.847,21.847,409.463,409.463,6900.0
1.1703,20.963,20.583,409.21,409.21,6900.0
1.1704,19.026,19.026,408.913,408.913,6900.0
1.1705,17.653,17.653,408.552,408.552,6900.0
1.1706,16.857,16.857,408.146,408.146,6900.0
1.1707,16.007,16.007,407.714,407.714,6900.0
1.1708,14.977,14.977,407.27,407.27,6900.0
1.1709,13.509,13.509,406.802,406.802,6900.0
1.171,12.204,12.204,406.296,406.296,6900.0
1.1711,11.128,11.128,405.765,405.765,6900.0
1.1712,9.998,9.998,405.212,405.212,6900.0
1.1713,8.796,8.796,404.646,404.646,6900.0
1.1714,7.209,7.209,404.061,404.061,6900.0
1.1715,5.65,5.65,403.451,403.451,6900.0
1.1716,4.322,4.322,402.824,402.824,6900.0
1.1717,3.043,3.043,402.182,402.182,6900.0
1.1718,1.749,1.749,401.53,401.53,6900.0
1.1719,0.571,0.571,400.872,400.872,6900.0
1.172,0.0,0.0,400.209,400.209,6900.0
1.1721,0.0,0.0,399.546,399.546,6900.0
1.1722,-1.284,-1.284,398.881,398.881,6900.0
1.1723,-1.84,-1.84,398.218,398.218,6900.0
1.1724,-2.884,-2.884,397.557,397.557,6900.0
1.1725,-3.957,-3.957,396.899,396.899,6900.0
1.1726,-5.332,-5.332,396.247,396.247,6900.0
1.1727,-6.561,-6.561,395.605,395.605,6900.0
1.1728,-8.067,-8.067,394.979,394.979,6900.0
1.1729,-9.141,-9.141,394.372,394.372,6900.0
1.173,-10.304,-10.304,393.775,393.775,6900.0
1.1731,-11.81,-11.81,393.198,393.198,6900.0
1.1732,-13.18,-13.18,392.648,392.648,6900.0
1.1733,-14.648,-14.648,392.138,392.138,6900.0
1.1734,-15.701,-15.701,391.668,391.668,6900.0
1.1735,-16.638,-16.638,391.211,391.211,6900.0
1.1736,-18.177,-18.177,390.772,390.772,6900.0
1.1737,-19.737,-19.737,390.372,390.372,6900.0
1.1738,-21.147,-21.147,390.028,390.028,6900.0
1.1739,-22.103,-22.103,389.735,389.735,6900.0
1.174,-22.93,-22.93,389.466,389.466,6900.0
1.1741,-24.305,-24.305,389.217,389.217,6900.0
1.1742,-25.574,-25.574,389.012,389.012,6900.0
1.1743,-26.952,-26.952,388.855,388.855,6900.0
1.1744,-27.789,-27.789,388.756,388.756,6900.0
1.1745,-28.696,-28.696,388.697,388.697,6900.0
1.1746,-29.878,-29.878,388.677,388.677,6900.0
1.1747,-31.005,-31.005,388.706,388.706,6900.0
1.1748,-31.963,-31.963,388.783,388.783,6900.0
1.1749,-32.992,-32.992,388.908,388.908,6900.0
1.175,-33.961,-33.961,389.083,389.083,6900.0
1.1751,-34.726,-34.726,389.31,389.31,6900.0
1.1752,-35.383,-35.383,389.573,389.573,6900.0
1.1753,-35.938,-35.938,389.86,389.86,6900.0
1.1754,-36.659,-36.659,390.174,390.174,6900.0
1.1755,-37.636,-37.636,390.521,390.521,6900.0
1.1756,-38.418,-38.418,390.927,390.927,6900.0
1.1757,-38.961,-38.961,391.371,391.371,6900.0
1.1758,-39.339,-39.339,391.832,391.832,6900.0
1.1759,-39.815,-39.815,392.321,392.321,6900.0
1.176,-40.384,-40.384,392.837,392.837,6900.0
1.1761,-41.011,-41.011,393.404,393.404,6900.0
1.1762,-41.228,-41.228,394.009,394.009,6900.0
1.1763,-41.553,-41.553,394.611,394.611,6900.0
1.1764,-42.084,-41.956,395.236,395.236,6900.0
1.1765,-41.892,-41.892,395.874,395.874,6900.0
1.1766,-42.246,-42.246,396.522,396.522,6900.0
1.1767,-42.215,-42.215,397.187,397.187,6900.0
1.1768,-42.125,-42.125,397.841,397.841,6900.0
1.1769,-42.177,-42.177,398.5,398.5,6900.0
1.177,-41.861,-41.861,399.155,399.155,6900.0
1.1771,-42.18,-42.18,399.8,399.8,6900.0
1.1772,-41.975,-41.975,400.468,400.468,6900.0
1.1773,-41.928,-41.928,401.117,401.117,6900.0
1.1774,-41.782,-41.782,401.78,401.78,6900.0
1.1775,-41.448,-41.448,402.429,402.429,6900.0
1.1776,-41.324,-41.324,403.052,403.052,6900.0
1.1777,-40.852,-40.852,403.671,403.671,6900.0
1.1778,-40.628,-40.628,404.259,404.259,6900.0
1.1779,-40.13,-40.13,404.842,404.842,6900.0
1.178,-39.594,-39.594,405.392,405.392,6900.0
1.1781,-39.239,-39.239,405.899,405.899,6900.0
1.1782,-38.607,-38.607,406.39,406.39,6900.0
1.1783,-38.276,-38.276,406.849,406.849,6900.0
1.1784,-37.639,-37.639,407.298,407.298,6900.0
1.1785,-36.928,-36.928,407.715,407.715,6900.0
1.1786,-36.288,-36.288,408.088,408.088,6900.0
1.1787,-35.734,-35.734,408.429,408.429,6900.0
1.1788,-35.101,-35.101,408.74,408.74,6900.0
1.1789,-34.18,-34.18,409.025,409.025,6900.0
1.179,-33.295,-33.295,409.268,409.268,6900.0
1.1791,-32.637,-32.637,409.466,409.466,6900.0
1.1792,-31.869,-31.869,409.627,409.627,6900.0
1.1793,-30.885,-30.885,409.748,409.748,6900.0
1.1794,-29.933,-29.933,409.825,409.825,6900.0
1.1795,-29.048,-29.048,409.863,409.863,6900.0
1.1796,-27.905,-27.905,409.87,409.87,6900.0
1.1797,-26.875,-26.875,409.835,409.835,6900.0
1.1798,-25.812,-25.812,409.75,409.75,6900.0
1.1799,-24.956,-24.956,409.615,409.615,6900.0
1.18,-24.1,-24.1,409.447,409.447,6900.0
1.1801,-23.257,-23.257,409.258,409.258,6900.0
1.1802,-21.913,-21.913,409.046,409.046,6900.0
1.1803,-20.362,-20.362,408.777,408.777,6900.0
1.1804,-19.922,-19.499,408.446,408.446,6900.0
1.1805,-18.434,-18.434,408.087,408.087,6900.0
1.1806,-17.657,-17.657,407.707,407.707,6900.0
1.1807,-16.298,-16.298,407.313,407.313,6900.0
1.1808,-14.941,-14.941,406.878,406.878,6900.0
1.1809,-13.957,-13.957,406.402,406.402,6900.0
1.181,-12.772,-12.772,405.903,405.903,6900.0
1.1811,-11.455,-11.455,405.38,405.38,6900.0
1.1812,-10.048,-10.048,404.837,404.837,6900.0
1.1813,-8.492,-8.492,404.267,404.267,6900.0
1.1814,-7.463,-7.463,403.669,403.669,6900.0
1.1815,-6.025,-6.025,403.056,403.056,6900.0
1.1816,-4.827,-4.827,402.427,402.427,6900.0
1.1817,-3.455,-3.455,401.787,401.787,6900.0
1.1818,-2.257,-2.257,401.136,401.136,6900.0
1.1819,-1.098,-1.098,400.478,400.478,6900.0
1.182,-0.888,-0.888,399.816,399.816,6900.0
1.1821,-0.0,-0.0,399.151,399.151,6900.0
1.1822,1.673,1.673,398.486,398.486,6900.0
1.1823,1.473,1.473,397.822,397.822,6900.0
1.1824,3.249,3.249,397.159,397.159,6900.0
1.1825,3.839,3.839,396.502,396.502,6900.0
1.1826,5.329,5.329,395.85,395.85,6900.0
1.1827,6.476,6.476,395.214,395.214,6900.0
1.1828,7.565,7.565,394.589,394.589,6900.0
1.1829,8.909,8.909,393.973,393.973,6900.0
1.183,10.423,10.423,393.379,393.379,6900.0
1.1831,12.006,12.006,392.808,392.808,6900.0
1.1832,13.334,13.334,392.274,392.274,6900.0
1.1833,14.366,14.366,391.761,391.761,6900.0
1.1834,15.849,15.849,391.26,391.26,6900.0
1.1835,17.42,17.42,390.79,390.79,6900.0
1.1836,18.937,18.937,390.366,390.366,6900.0
1.1837,20.202,20.202,390.001,390.001,6900.0
1.1838,21.008,21.008,389.674,389.674,6900.0
1.1839,22.217,22.217,389.361,389.361,6900.0
1.184,23.404,23.404,389.082,389.082,6900.0
1.1841,24.805,24.805,388.846,388.846,6900.0
1.1842,25.845,25.845,388.667,388.667,6900.0
1.1843,26.706,26.706,388.529,388.529,6900.0
1.1844,27.853,27.853,388.422,388.422,6900.0
1.1845,28.944,28.944,388.357,388.357,6900.0
1.1846,30.034,30.034,388.338,388.338,6900.0
1.1847,31.141,31.141,388.366,388.366,6900.0
1.1848,32.018,32.018,388.449,388.449,6900.0
1.1849,32.867,32.867,388.581,388.581,6900.0
1.185,33.685,33.685,388.756,388.756,6900.0
1.1851,34.53,34.53,388.967,388.967,6900.0
1.1852,35.434,35.434,389.208,389.208,6900.0
1.1853,36.291,36.291,389.491,389.491,6900.0
1.1854,37.312,37.312,389.823,389.823,6900.0
1.1855,37.988,37.988,390.205,390.205,6900.0
1.1856,38.436,38.436,390.616,390.616,6900.0
1.1857,39.29,39.29,391.04,391.04,6900.0
1.1858,39.805,39.805,391.513,391.513,6900.0
1.1859,40.543,40.543,392.021,392.021,6900.0
1.186,40.821,40.821,392.586,392.586,6900.0
1.1861,41.138,41.138,393.165,393.165,6900.0
1.1862,41.592,41.592,393.755,393.755,6900.0
1.1863,41.664,41.664,394.376,394.376,6900.0
1.1864,42.011,42.011,395.001,395.001,6900.0
1.1865,42.221,42.221,395.656,395.656,6900.0
1.1866,42.216,42.216,396.313,396.313,6900.0
1.1867,42.674,42.674,396.961,396.961,6900.0
1.1868,42.662,42.662,397.63,397.63,6900.0
1.1869,42.784,42.784,398.287,398.287,6900.0
1.187,42.848,42.848,398.967,398.967,6900.0
1.1871,42.526,42.526,399.647,399.647,6900.0
1.1872,42.567,42.567,400.32,400.32,6900.0
1.1873,42.252,42.252,401.002,401.002,6900.0
1.1874,41.975,41.975,401.659,401.659,6900.0
1.1875,41.874,41.874,402.314,402.314,6900.0
1.1876,41.48,41.48,402.958,402.958,6900.0
1.1877,41.339,41.339,403.587,403.587,6900.0
1.1878,40.963,40.963,404.207,404.207,6900.0
1.1879,40.362,40.362,404.788,404.788,6900.0
1.188,40.115,40.115,405.334,405.334,6900.0
1.1881,39.629,39.629,405.859,405.859,6900.0
1.1882,39.268,39.268,406.366,406.366,6900.0
1.1883,38.771,38.771,406.854,406.854,6900.0
1.1884,38.077,38.077,407.306,407.306,6900.0
1.1885,37.56,37.56,407.721,407.721,6900.0
1.1886,36.939,36.939,408.109,408.109,6900.0
1.1887,36.349,36.349,408.473,408.473,6900.0
1.1888,35.473,35.473,408.811,408.811,6900.0
1.1889,34.436,34.436,409.108,409.108,6900.0
1.189,33.609,33.609,409.353,409.353,6900.0
1.1891,32.916,32.916,409.558,409.558,6900.0
1.1892,32.015,32.015,409.727,409.727,6900.0
1.1893,31.243,31.243,409.855,409.855,6900.0
1.1894,30.309,30.309,409.946,409.946,6900.0
1.1895,29.359,29.359,409.998,409.998,6900.0
1.1896,28.171,28.171,410.006,410.006,6900.0
1.1897,27.075,27.075,409.96,409.96,6900.0
1.1898,26.248,26.248,409.869,409.869,6900.0
1.1899,25.45,25.45,409.75,409.75,6900.0
1.19,24.477,24.477,409.612,409.612,6900.0
1.1901,23.081,23.081,409.434,409.434,6900.0
1.1902,21.983,21.983,409.193,409.193,6900.0
1.1903,20.945,20.945,408.911,408.911,6900.0
1.1904,20.095,20.095,408.604,408.604,6900.0
1.1905,19.488,19.084,408.286,408.286,6900.0
1.1906,17.452,17.452,407.937,407.937,6900.0
1.1907,16.073,16.073,407.529,407.529,6900.0
1.1908,14.973,14.973,407.082,407.082,6900.0
1.1909,13.842,13.842,406.603,406.603,6900.0
1.191,12.747,12.747,406.105,406.105,6900.0
1.1911,11.43,11.43,405.581,405.581,6900.0
1.1912,9.947,9.947,405.025,405.025,6900.0
1.1913,8.957,8.957,404.446,404.446,6900.0
1.1914,7.711,7.711,403.849,403.849,6900.0
1.1915,6.377,6.377,403.24,403.24,6900.0
1.1916,4.845,4.845,402.617,402.617,6900.0
1.1917,3.22,3.22,401.979,401.979,6900.0
1.1918,2.083,2.083,401.329,401.329,6900.0
1.1919,0.888,0.888,400.671,400.671,6900.0
1.192,0.898,0.898,400.009,400.009,6900.0
1.1921,-0.064,-0.064,399.345,399.345,6900.0
1.1922,-0.895,-0.895,398.68,398.68,6900.0
1.1923,-2.339,-2.339,398.016,398.016,6900.0
1.1924,-2.99,-2.99,397.356,397.356,6900.0
1.1925,-4.296,-4.296,396.702,396.702,6900.0
1.1926,-5.203,-5.203,396.057,396.057,6900.0
1.1927,-6.361,-6.361,395.418,395.418,6900.0
1.1928,-7.863,-7.863,394.79,394.79,6900.0
1.1929,-9.319,-9.319,394.178,394.178,6900.0
1.193,-10.89,-10.89,393.589,393.589,6900.0
1.1931,-11.917,-11.917,393.025,393.025,6900.0
1.1932,-13.109,-13.109,392.47,392.47,6900.0
1.1933,-14.708,-14.708,391.936,391.936,6900.0
1.1934,-16.2,-16.2,391.437,391.437,6900.0
1.1935,-17.807,-17.807,390.989,390.989,6900.0
1.1936,-18.622,-18.622,390.592,390.592,6900.0
1.1937,-19.498,-19.498,390.211,390.211,6900.0
1.1938,-20.904,-20.904,389.849,389.849,6900.0
1.1939,-22.607,-22.607,389.528,389.528,6900.0
1.194,-24.069,-24.069,389.267,389.267,6900.0
1.1941,-25.029,-25.029,389.061,389.061,6900.0
1.1942,-25.878,-25.878,388.886,388.886,6900.0
1.1943,-26.988,-26.988,388.739,388.739,6900.0
1.1944,-28.159,-28.159,388.633,388.633,6900.0
1.1945,-29.594,-29.324,388.576,388.576,6900.0
1.1946,-30.584,-30.584,388.569,388.569,6900.0
1.1947,-31.644,-31.644,388.617,388.617,6900.0
1.1948,-32.666,-32.666,388.713,388.713,6900.0
1.1949,-33.564,-33.564,388.857,388.857,6900.0
1.195,-34.441,-34.441,389.038,389.038,6900.0
1.1951,-35.468,-35.468,389.261,389.261,6900.0
1.1952,-36.566,-36.566,389.531,389.531,6900.0
1.1953,-37.19,-37.19,389.864,389.864,6900.0
1.1954,-37.781,-37.781,390.228,390.228,6900.0
1.1955,-38.289,-38.289,390.612,390.612,6900.0
1.1956,-39.047,-39.047,391.024,391.024,6900.0
1.1957,-39.842,-39.842,391.473,391.473,6900.0
1.1958,-40.526,-40.526,391.979,391.979,6900.0
1.1959,-40.831,-40.831,392.522,392.522,6900.0
1.196,-41.298,-41.298,393.072,393.072,6900.0
1.1961,-41.7,-41.7,393.652,393.652,6900.0
1.1962,-42.082,-42.082,394.251,394.251,6900.0
1.1963,-42.652,-42.652,394.888,394.888,6900.0
1.1964,-42.801,-42.801,395.556,395.556,6900.0
1.1965,-42.902,-42.902,396.217,396.217,6900.0
1.1966,-43.007,-43.007,396.895,396.895,6900.0
1.1967,-43.024,-43.024,397.57,397.57,6900.0
1.1968,-43.257,-43.257,398.254,398.254,6900.0
1.1969,-43.157,-43.157,398.954,398.954,6900.0
1.197,-43.135,-43.135,399.637,399.637,6900.0
1.1971,-43.138,-43.138,400.333,400.333,6900.0
1.1972,-42.86,-42.86,401.023,401.023,6900.0
1.1973,-42.949,-42.949,401.697,401.697,6900.0
1.1974,-42.643,-42.643,402.381,402.381,6900.0
1.1975,-42.402,-42.402,403.046,403.046,6900.0
1.1976,-42.111,-42.111,403.713,403.713,6900.0
1.1977,-41.652,-41.652,404.358,404.358,6900.0
1.1978,-41.472,-41.472,404.964,404.964,6900.0
1.1979,-41.155,-41.155,405.561,405.561,6900.0
1.198,-40.823,-40.823,406.132,406.132,6900.0
1.1981,-40.302,-40.302,406.694,406.694,6900.0
1.1982,-39.611,-39.611,407.225,407.225,6900.0
1.1983,-38.915,-38.915,407.708,407.708,6900.0
1.1984,-38.236,-38.236,408.162,408.162,6900.0
1.1985,-37.742,-37.742,408.584,408.584,6900.0
1.1986,-37.293,-37.293,408.987,408.987,6900.0
1.1987,-36.542,-36.542,409.365,409.365,6900.0
1.1988,-35.624,-35.624,409.699,409.699,6900.0
1.1989,-34.799,-34.799,409.989,409.989,6900.0
1.199,-33.893,-33.893,410.241,410.241,6900.0
1.1991,-33.162,-33.162,410.454,410.454,6900.0
1.1992,-32.288,-32.288,410.631,410.631,6900.0
1.1993,-31.386,-31.386,410.767,410.767,6900.0
1.1994,-30.241,-30.241,410.861,410.861,6900.0
1.1995,-29.152,-29.152,410.904,410.904,6900.0
1.1996,-28.207,-28.207,410.897,410.897,6900.0
1.1997,-27.492,-27.492,410.854,410.854,6900.0
1.1998,-26.574,-26.574,410.787,410.787,6900.0
1.1999,-25.382,-25.382,410.688,410.688,6900.0
1.2,-24.101,-24.101,410.537,410.537,6900.0
1.2001,-23.182,-23.182,410.332,410.332,6900.0
1.2002,-22.483,-22.483,410.095,410.095,6900.0
1.2003,-21.465,-21.465,409.846,409.846,6900.0
1.2004,-19.998,-19.998,409.571,409.571,6900.0
1.2005,-18.313,-18.313,409.24,409.24,6900.0
1.2006,-17.665,-17.214,408.849,408.849,6900.0
1.2007,-16.189,-16.189,408.425,408.425,6900.0
1.2008,-15.43,-15.43,407.976,407.976,6900.0
1.2009,-13.956,-13.956,407.513,407.513,6900.0
1.201,-12.442,-12.442,407.014,407.014,6900.0
1.2011,-11.601,-11.601,406.481,406.481,6900.0
1.2012,-10.213,-10.213,405.933,405.933,6900.0
1.2013,-9.224,-9.224,405.364,405.364,6900.0
1.2014,-7.817,-7.817,404.782,404.782,6900.0
1.2015,-6.147,-6.147,404.18,404.18,6900.0
1.2016,-5.028,-5.028,403.557,403.557,6900.0
1.2017,-3.694,-3.694,402.921,402.921,6900.0
1.2018,-2.305,-2.305,402.274,402.274,6900.0
1.2019,-0.91,-0.91,401.618,401.618,6900.0
1.202,-0.0,-0.0,400.957,400.957,6900.0
1.2021,-0.0,-0.0,400.294,400.294,6900.0
1.2022,1.358,1.358,399.631,399.631,6900.0
1.2023,1.553,1.553,398.969,398.969,6900.0
1.2024,2.454,2.454,398.309,398.309,6900.0
1.2025,3.481,3.481,397.653,397.653,6900.0
1.2026,5.18,5.18,397.001,397.001,6900.0
1.2027,6.478,6.478,396.361,396.361,6900.0
1.2028,7.979,7.979,395.733,395.733,6900.0
1.2029,9.177,9.177,395.126,395.126,6900.0
1.203,10.329,10.329,394.533,394.533,6900.0
1.2031,11.761,11.761,393.952,393.952,6900.0
1.2032,13.185,13.185,393.4,393.4,6900.0
1.2033,14.928,14.928,392.882,392.882,6900.0
1.2034,16.388,16.388,392.415,392.415,6900.0
1.2035,17.185,17.185,391.979,391.979,6900.0
1.2036,18.452,18.452,391.553,391.553,6900.0
1.2037,19.961,19.961,391.156,391.156,6900.0
1.2038,21.329,21.329,390.809,390.809,6900.0
1.2039,22.619,22.619,390.519,390.519,6900.0
1.204,23.472,23.472,390.269,390.269,6900.0
1.2041,24.687,24.687,390.036,390.036,6900.0
1.2042,25.819,25.819,389.84,389.84,6900.0
1.2043,27.061,27.061,389.686,389.686,6900.0
1.2044,28.155,28.155,389.587,389.587,6900.0
1.2045,29.108,29.108,389.535,389.535,6900.0
1.2046,30.507,30.251,389.526,389.526,6900.0
1.2047,31.214,31.214,389.566,389.566,6900.0
1.2048,32.058,32.058,389.653,389.653,6900.0
1.2049,32.948,32.948,389.778,389.778,6900.0
1.205,33.648,33.648,389.95,389.95,6900.0
1.2051,34.756,34.756,390.165,390.165,6900.0
1.2052,35.476,35.476,390.431,390.431,6900.0
1.2053,36.118,36.118,390.726,390.726,6900.0
1.2054,37.041,37.041,391.039,391.039,6900.0
1.2055,37.786,37.786,391.396,391.396,6900.0
1.2056,38.646,38.646,391.798,391.798,6900.0
1.2057,39.207,39.207,392.249,392.249,6900.0
1.2058,39.486,39.486,392.726,392.726,6900.0
1.2059,40.234,40.234,393.212,393.212,6900.0
1.206,40.654,40.654,393.742,393.742,6900.0
1.2061,41.285,41.285,394.304,394.304,6900.0
1.2062,41.593,41.593,394.919,394.919,6900.0
1.2063,41.577,41.577,395.546,395.546,6900.0
1.2064,42.004,42.004,396.171,396.171,6900.0
1.2065,42.159,42.159,396.817,396.817,6900.0
1.2066,42.335,42.335,397.462,397.462,6900.0
1.2067,42.388,42.388,398.13,398.13,6900.0
1.2068,42.354,42.354,398.79,398.79,6900.0
1.2069,42.817,42.817,399.444,399.444,6900.0
1.207,42.636,42.636,400.12,400.12,6900.0
1.2071,42.558,42.558,400.777,400.777,6900.0
1.2072,42.689,42.689,401.448,401.448,6900.0
1.2073,42.334,42.334,402.124,402.124,6900.0
1.2074,42.414,42.414,402.792,402.792,6900.0
1.2075,42.022,42.022,403.467,403.467,6900.0
1.2076,41.591,41.591,404.113,404.113,6900.0
1.2077,41.346,41.346,404.741,404.741,6900.0
1.2078,40.737,40.737,405.349,405.349,6900.0
1.2079,40.404,40.404,405.934,405.934,6900.0
1.208,39.87,39.87,406.498,406.498,6900.0
1.2081,39.189,39.189,407.019,407.019,6900.0
1.2082,38.853,38.853,407.502,407.502,6900.0
1.2083,38.373,38.373,407.959,407.959,6900.0
1.2084,38.023,38.023,408.401,408.401,6900.0
1.2085,37.424,37.424,408.825,408.825,6900.0
1.2086,36.592,36.592,409.216,409.216,6900.0
1.2087,35.838,35.838,409.564,409.564,6900.0
1.2088,35.071,35.071,409.878,409.878,6900.0
1.2089,34.476,34.476,410.161,410.161,6900.0
1.209,33.582,33.582,410.416,410.416,6900.0
1.2091,32.684,32.684,410.628,410.628,6900.0
1.2092,31.724,31.724,410.796,410.796,6900.0
1.2093,30.948,30.948,410.916,410.916,6900.0
1.2094,30.087,30.087,410.991,410.991,6900.0
1.2095,29.146,29.146,411.026,411.026,6900.0
1.2096,28.296,28.296,411.024,411.024,6900.0
1.2097,27.248,27.248,410.994,410.994,6900.0
1.2098,25.994,25.994,410.921,410.921,6900.0
1.2099,24.829,24.829,410.791,410.791,6900.0
1.21,24.137,24.137,410.617,410.617,6900.0
1.2101,23.425,23.425,410.423,410.423,6900.0
1.2102,22.24,22.24,410.217,410.217,6900.0
1.2103,20.544,20.544,409.969,409.969,6900.0
1.2104,19.117,19.117,409.651,409.651,6900.0
1.2105,18.243,18.243,409.286,409.286,6900.0
1.2106,17.431,17.431,408.894,408.894,6900.0
1.2107,16.445,16.445,408.491,408.491,6900.0
1.2108,14.923,14.923,408.061,408.061,6900.0
1.2109,13.525,13.525,407.586,407.586,6900.0
1.211,12.427,12.427,407.082,407.082,6900.0
1.2111,11.228,11.228,406.553,406.553,6900.0
1.2112,9.977,9.977,406.008,406.008,6900.0
1.2113,8.619,8.619,405.442,405.442,6900.0
1.2114,7.235,7.235,404.85,404.85,6900.0
1.2115,5.873,5.873,404.24,404.24,6900.0
1.2116,4.484,4.484,403.613,403.613,6900.0
1.2117,3.251,3.251,402.972,402.972,6900.0
1.2118,1.794,1.794,402.323,402.323,6900.0
1.2119,0.508,0.508,401.666,401.666,6900.0
1.212,0.0,0.0,401.005,401.005,6900.0
1.2121,0.0,0.0,400.342,400.342,6900.0
1.2122,-2.04,-2.04,399.679,399.679,6900.0
1.2123,-1.86,-1.86,399.018,399.018,6900.0
1.2124,-2.879,-2.879,398.357,398.357,6900.0
1.2125,-4.146,-4.146,397.701,397.701,6900.0
1.2126,-5.417,-5.417,397.052,397.052,6900.0
1.2127,-6.828,-6.828,396.416,396.416,6900.0
1.2128,-7.937,-7.937,395.796,395.796,6900.0
1.2129,-9.125,-9.125,395.186,395.186,6900.0
1.213,-10.887,-10.887,394.592,394.592,6900.0
1.2131,-11.968,-11.968,394.025,394.025,6900.0
1.2132,-13.563,-13.563,393.489,393.489,6900.0
1.2133,-14.524,-14.524,392.988,392.988,6900.0
1.2134,-15.57,-15.57,392.5,392.5,6900.0
1.2135,-17.058,-17.058,392.028,392.028,6900.0
1.2136,-18.627,-18.627,391.597,391.597,6900.0
1.2137,-20.22,-20.22,391.221,391.221,6900.0
1.2138,-21.259,-21.259,390.901,390.901,6900.0
1.2139,-21.979,-21.979,390.605,390.605,6900.0
1.214,-23.221,-23.221,390.327,390.327,6900.0
1.2141,-24.68,-24.68,390.086,390.086,6900.0
1.2142,-25.879,-25.879,389.898,389.898,6900.0
1.2143,-26.967,-26.967,389.756,389.756,6900.0
1.2144,-27.834,-27.834,389.657,389.657,6900.0
1.2145,-28.91,-28.91,389.591,389.591,6900.0
1.2146,-30.236,-30.236,389.569,389.569,6900.0
1.2147,-31.485,-31.236,389.601,389.601,6900.0
1.2148,-32.368,-32.368,389.682,389.682,6900.0
1.2149,-33.362,-33.362,389.819,389.819,6900.0
1.215,-34.158,-34.158,390.012,390.012,6900.0
1.2151,-35.041,-35.041,390.243,390.243,6900.0
1.2152,-35.665,-35.665,390.509,390.509,6900.0
1.2153,-36.449,-36.449,390.805,390.805,6900.0
1.2154,-37.339,-37.339,391.134,391.134,6900.0
1.2155,-38.051,-38.051,391.517,391.517,6900.0
1.2156,-38.412,-38.412,391.934,391.934,6900.0
1.2157,-38.884,-38.884,392.36,392.36,6900.0
1.2158,-39.573,-39.573,392.815,392.815,6900.0
1.2159,-40.067,-40.067,393.304,393.304,6900.0
1.216,-40.613,-40.613,393.846,393.846,6900.0
1.2161,-40.887,-40.887,394.423,394.423,6900.0
1.2162,-41.243,-41.243,395.006,395.006,6900.0
1.2163,-41.564,-41.564,395.618,395.618,6900.0
1.2164,-41.763,-41.763,396.241,396.241,6900.0
1.2165,-42.113,-42.113,396.887,396.887,6900.0
1.2166,-42.282,-42.282,397.551,397.551,6900.0
1.2167,-42.299,-42.299,398.204,398.204,6900.0
1.2168,-42.324,-42.324,398.864,398.864,6900.0
1.2169,-42.252,-42.252,399.514,399.514,6900.0
1.217,-42.449,-42.449,400.164,400.164,6900.0
1.2171,-42.357,-42.357,400.831,400.831,6900.0
1.2172,-42.331,-42.331,401.487,401.487,6900.0
1.2173,-42.093,-42.093,402.157,402.157,6900.0
1.2174,-41.847,-41.847,402.815,402.815,6900.0
1.2175,-41.906,-41.906,403.451,403.451,6900.0
1.2176,-41.495,-41.495,404.096,404.096,6900.0
1.2177,-41.277,-41.277,404.716,404.716,6900.0
1.2178,-40.77,-40.77,405.334,405.334,6900.0
1.2179,-40.054,-40.054,405.923,405.923,6900.0
1.218,-39.718,-39.718,406.459,406.459,6900.0
1.2181,-39.188,-39.188,406.979,406.979,6900.0
1.2182,-38.811,-38.811,407.464,407.464,6900.0
1.2183,-38.358,-38.358,407.935,407.935,6900.0
1.2184,-37.731,-37.731,408.378,408.378,6900.0
1.2185,-37.083,-37.083,408.778,408.778,6900.0
1.2186,-36.367,-36.367,409.151,409.151,6900.0
1.2187,-35.756,-35.756,409.492,409.492,6900.0
1.2188,-34.927,-34.927,409.81,409.81,6900.0
1.2189,-34.197,-34.197,410.09,410.09,6900.0
1.219,-33.362,-33.362,410.331,410.331,6900.0
1.2191,-32.468,-32.468,410.531,410.531,6900.0
1.2192,-31.677,-31.677,410.69,410.69,6900.0
1.2193,-30.745,-30.745,410.81,410.81,6900.0
1.2194,-29.811,-29.811,410.889,410.889,6900.0
1.2195,-29.003,-29.003,410.93,410.93,6900.0
1.2196,-27.748,-27.748,410.934,410.934,6900.0
1.2197,-26.607,-26.607,410.882,410.882,6900.0
1.2198,-25.674,-25.674,410.78,410.78,6900.0
1.2199,-24.762,-24.762,410.644,410.644,6900.0
1.22,-23.917,-23.917,410.485,410.485,6900.0
1.2201,-22.84,-22.84,410.299,410.299,6900.0
1.2202,-21.372,-21.372,410.063,410.063,6900.0
1.2203,-20.562,-20.562,409.768,409.768,6900.0
1.2204,-19.646,-19.646,409.446,409.446,6900.0
1.2205,-18.966,-18.966,409.107,409.107,6900.0
1.2206,-17.43,-17.43,408.756,408.756,6900.0
1.2207,-15.767,-15.767,408.357,408.357,6900.0
1.2208,-14.755,-14.755,407.907,407.907,6900.0
1.2209,-13.481,-13.481,407.43,407.43,6900.0
1.221,-12.603,-12.603,406.925,406.925,6900.0
1.2211,-11.434,-11.434,406.403,406.403,6900.0
1.2212,-9.9,-9.9,405.853,405.853,6900.0
1.2213,-8.745,-8.745,405.274,405.274,6900.0
1.2214,-7.422,-7.422,404.678,404.678,6900.0
1.2215,-6.39,-6.39,404.064,404.064,6900.0
1.2216,-4.969,-4.969,403.44,403.44,6900.0
1.2217,-3.335,-3.335,402.803,402.803,6900.0
1.2218,-2.233,-2.233,402.154,402.154,6900.0
1.2219,-1.041,-1.041,401.498,401.498,6900.0
1.222,-1.087,-1.087,400.837,400.837,6900.0
1.2221,0.083,0.083,400.174,400.174,6900.0
1.2222,1.428,1.428,399.511,399.511,6900.0
1.2223,2.64,2.64,398.847,398.847,6900.0
1.2224,2.961,2.961,398.189,398.189,6900.0
1.2225,4.133,4.133,397.535,397.535,6900.0
1.2226,5.17,5.17,396.891,396.891,6900.0
1.2227,6.181,6.181,396.256,396.256,6900.0
1.2228,7.453,7.453,395.629,395.629,6900.0
1.2229,8.845,8.845,395.018,395.018,6900.0
1.223,10.506,10.506,394.425,394.425,6900.0
1.2231,11.742,11.742,393.864,393.864,6900.0
1.2232,12.818,12.818,393.319,393.319,6900.0
1.2233,14.314,14.314,392.786,392.786,6900.0
1.2234,15.871,15.871,392.282,392.282,6900.0
1.2235,17.541,17.541,391.821,391.821,6900.0
1.2236,18.91,18.91,391.417,391.417,6900.0
1.2237,19.61,19.61,391.052,391.052,6900.0
1.2238,20.847,20.847,390.698,390.698,6900.0
1.2239,22.118,22.118,390.378,390.378,6900.0
1.224,23.496,23.496,390.106,390.106,6900.0
1.2241,24.427,24.427,389.891,389.891,6900.0
1.2242,25.409,25.409,389.713,389.713,6900.0
1.2243,26.336,26.336,389.567,389.567,6900.0
1.2244,27.496,27.496,389.454,389.454,6900.0
1.2245,28.535,28.535,389.387,389.387,6900.0
1.2246,29.762,29.762,389.364,389.364,6900.0
1.2247,30.784,30.784,389.391,389.391,6900.0
1.2248,31.651,31.651,389.469,389.469,6900.0
1.2249,32.498,32.498,389.588,389.588,6900.0
1.225,33.369,33.369,389.743,389.743,6900.0
1.2251,34.302,34.302,389.934,389.934,6900.0
1.2252,35.165,35.165,390.173,390.173,6900.0
1.2253,36.109,36.109,390.464,390.464,6900.0
1.2254,36.774,36.774,390.805,390.805,6900.0
1.2255,37.334,37.334,391.175,391.175,6900.0
1.2256,38.139,38.139,391.561,391.561,6900.0
1.2257,38.777,38.777,391.988,391.988,6900.0
1.2258,39.447,39.447,392.457,392.457,6900.0
1.2259,39.852,39.852,392.973,392.973,6900.0
1.226,40.021,40.021,393.506,393.506,6900.0
1.2261,40.478,40.478,394.043,394.043,6900.0
1.2262,40.812,40.812,394.61,394.61,6900.0
1.2263,41.255,41.255,395.196,395.196,6900.0
1.2264,41.666,41.666,395.821,395.821,6900.0
1.2265,41.563,41.563,396.459,396.459,6900.0
1.2266,41.911,41.911,397.092,397.092,6900.0
1.2267,42.071,42.071,397.741,397.741,6900.0
1.2268,42.119,42.119,398.387,398.387,6900.0
1.2269,42.27,42.27,399.05,399.05,6900.0
1.227,42.094,42.094,399.714,399.714,6900.0
1.2271,42.123,42.123,400.373,400.373,6900.0
1.2272,41.856,41.856,401.038,401.038,6900.0
1.2273,41.771,41.771,401.677,401.677,6900.0
1.2274,41.734,41.734,402.323,402.323,6900.0
1.2275,41.501,41.501,402.959,402.959,6900.0
1.2276,41.311,41.311,403.592,403.592,6900.0
1.2277,40.912,40.912,404.217,404.217,6900.0
1.2278,40.464,40.464,404.806,404.806,6900.0
1.2279,40.235,40.235,405.371,405.371,6900.0
1.228,39.809,39.809,405.916,405.916,6900.0
1.2281,39.222,39.222,406.448,406.448,6900.0
1.2282,38.48,38.48,406.952,406.952,6900.0
1.2283,37.764,37.764,407.411,407.411,6900.0
1.2284,37.404,37.404,407.832,407.832,6900.0
1.2285,36.881,36.881,408.227,408.227,6900.0
1.2286,36.343,36.343,408.603,408.603,6900.0
1.2287,35.393,35.393,408.956,408.956,6900.0
1.2288,34.845,34.625,409.261,409.261,6900.0
1.2289,33.941,33.941,409.524,409.524,6900.0
1.229,33.163,33.163,409.751,409.751,6900.0
1.2291,32.348,32.348,409.944,409.944,6900.0
1.2292,31.567,31.567,410.098,410.098,6900.0
1.2293,30.692,30.692,410.216,410.216,6900.0
1.2294,29.742,29.742,410.296,410.296,6900.0
1.2295,28.798,28.798,410.331,410.331,6900.0
1.2296,27.7,27.7,410.317,410.317,6900.0
1.2297,26.89,26.89,410.257,410.257,6900.0
1.2298,25.872,25.872,410.17,410.17,6900.0
1.2299,24.908,24.908,410.057,410.057,6900.0
1.23,23.507,23.507,409.902,409.902,6900.0
1.2301,22.414,22.414,409.686,409.686,6900.0
1.2302,21.638,21.638,409.427,409.427,6900.0
1.2303,20.707,20.707,409.148,409.148,6900.0
1.2304,19.719,19.719,408.856,408.856,6900.0
1.2305,18.187,18.187,408.531,408.531,6900.0
1.2306,16.939,16.939,408.146,408.146,6900.0
1.2307,15.867,15.867,407.722,407.722,6900.0
1.2308,14.93,14.93,407.265,407.265,6900.0
1.2309,13.889,13.889,406.792,406.792,6900.0
1.231,12.49,12.49,406.294,406.294,6900.0
1.2311,11.087,11.087,405.76,405.76,6900.0
1.2312,10.043,10.043,405.202,405.202,6900.0
1.2313,8.741,8.741,404.625,404.625,6900.0
1.2314,7.475,7.475,404.034,404.034,6900.0
1.2315,6.011,6.011,403.427,403.427,6900.0
1.2316,4.495,4.495,402.801,402.801,6900.0
1.2317,3.084,3.084,402.162,402.162,6900.0
1.2318,1.55,1.55,401.511,401.511,6900.0
1.2319,0.535,0.535,400.852,400.852,6900.0
1.232,0.0,0.0,400.19,400.19,6900.0
1.2321,0.0,0.0,399.526,399.526,6900.0
1.2322,-2.228,-2.228,398.861,398.861,6900.0
1.2323,-2.073,-2.073,398.2,398.2,6900.0
1.2324,-3.119,-3.119,397.541,397.541,6900.0
1.2325,-4.182,-4.182,396.888,396.888,6900.0
1.2326,-5.256,-5.256,396.24,396.24,6900.0
1.2327,-6.7,-6.7,395.601,395.601,6900.0
1.2328,-7.997,-7.997,394.974,394.974,6900.0
1.2329,-9.418,-9.418,394.365,394.365,6900.0
1.233,-10.554,-10.554,393.778,393.778,6900.0
1.2331,-11.68,-11.68,393.201,393.201,6900.0
1.2332,-13.238,-13.238,392.643,392.643,6900.0
1.2333,-14.684,-14.684,392.119,392.119,6900.0
1.2334,-16.257,-16.257,391.641,391.641,6900.0
1.2335,-17.171,-17.171,391.21,391.21,6900.0
1.2336,-18.206,-18.206,390.793,390.793,6900.0
1.2337,-19.496,-19.496,390.396,390.396,6900.0
1.2338,-21.044,-21.044,390.036,390.036,6900.0
1.2339,-22.531,-22.531,389.731,389.731,6900.0
1.234,-23.559,-23.559,389.479,389.479,6900.0
1.2341,-24.41,-24.41,389.258,389.258,6900.0
1.2342,-25.701,-25.701,389.062,389.062,6900.0
1.2343,-27.041,-27.041,388.907,388.907,6900.0
1.2344,-28.279,-28.279,388.806,388.806,6900.0
1.2345,-29.301,-29.301,388.759,388.759,6900.0
1.2346,-30.272,-30.272,388.761,388.761,6900.0
1.2347,-31.287,-31.287,388.809,388.809,6900.0
1.2348,-32.164,-32.164,388.902,388.902,6900.0
1.2349,-33.066,-33.066,389.034,389.034,6900.0
1.235,-34.012,-34.012,389.207,389.207,6900.0
1.2351,-35.071,-35.071,389.425,389.425,6900.0
1.2352,-35.896,-35.896,389.698,389.698,6900.0
1.2353,-36.426,-36.426,390.012,390.012,6900.0
1.2354,-37.063,-37.063,390.341,390.341,6900.0
1.2355,-37.923,-37.923,390.704,390.704,6900.0
1.2356,-38.686,-38.686,391.105,391.105,6900.0
1.2357,-39.335,-39.335,391.561,391.561,6900.0
1.2358,-39.573,-39.573,392.056,392.056,6900.0
1.2359,-39.979,-39.979,392.554,392.554,6900.0
1.236,-40.608,-40.608,393.082,393.082,6900.0
1.2361,-41.055,-41.055,393.639,393.639,6900.0
1.2362,-41.564,-41.564,394.242,394.242,6900.0
1.2363,-41.876,-41.876,394.871,394.871,6900.0
1.2364,-42.1,-42.1,395.504,395.504,6900.0
1.2365,-42.377,-42.377,396.153,396.153,6900.0
1.2366,-42.345,-42.345,396.808,396.808,6900.0
1.2367,-42.567,-42.567,397.471,397.471,6900.0
1.2368,-42.601,-42.601,398.147,398.147,6900.0
1.2369,-42.643,-42.643,398.811,398.811,6900.0
1.237,-42.566,-42.566,399.489,399.489,6900.0
1.2371,-42.299,-42.299,400.158,400.158,6900.0
1.2372,-42.521,-42.521,400.817,400.817,6900.0
1.2373,-42.356,-42.356,401.494,401.494,6900.0
1.2374,-42.032,-42.032,402.157,402.157,6900.0
1.2375,-41.678,-41.678,402.823,402.823,6900.0
1.2376,-41.414,-41.414,403.464,403.464,6900.0
1.2377,-41.334,-41.334,404.074,404.074,6900.0
1.2378,-40.752,-40.752,404.684,404.684,6900.0
1.2379,-40.392,-40.392,405.257,405.257,6900.0
1.238,-39.891,-39.891,405.819,405.819,6900.0
1.2381,-39.169,-39.169,406.351,406.351,6900.0
1.2382,-38.77,-38.77,406.832,406.832,6900.0
1.2383,-38.208,-38.208,407.292,407.292,6900.0
1.2384,-37.737,-37.737,407.725,407.725,6900.0
1.2385,-37.082,-37.082,408.143,408.143,6900.0
1.2386,-36.508,-36.508,408.528,408.528,6900.0
1.2387,-35.647,-35.647,408.875,408.875,6900.0
1.2388,-34.84,-34.84,409.184,409.184,6900.0
1.2389,-34.321,-34.093,409.455,409.455,6900.0
1.239,-33.328,-33.328,409.693,409.693,6900.0
1.2391,-32.801,-32.801,409.894,409.894,6900.0
1.2392,-31.979,-31.979,410.061,410.061,6900.0
1.2393,-31.059,-31.059,410.186,410.186,6900.0
1.2394,-30.033,-30.033,410.263,410.263,6900.0
1.2395,-29.076,-29.076,410.293,410.293,6900.0
1.2396,-28.003,-28.003,410.285,410.285,6900.0
1.2397,-27.035,-27.035,410.244,410.244,6900.0
1.2398,-25.774,-25.774,410.168,410.168,6900.0
1.2399,-24.6,-24.6,410.04,410.04,6900.0
1.24,-23.632,-23.632,409.861,409.861,6900.0
1.2401,-22.893,-22.893,409.65,409.65,6900.0
1.2402,-22.036,-22.036,409.423,409.423,6900.0
1.2403,-20.648,-20.648,409.175,409.175,6900.0
1.2404,-19.059,-19.059,408.867,408.867,6900.0
1.2405,-18.175,-18.175,408.498,408.498,6900.0
1.2406,-17.241,-17.241,408.096,408.096,6900.0
1.2407,-16.272,-16.272,407.675,407.675,6900.0
1.2408,-15.164,-15.164,407.235,407.235,6900.0
1.2409,-13.74,-13.74,406.764,406.764,6900.0
1.241,-12.866,-12.866,406.257,406.257,6900.0
1.2411,-11.147,-11.147,405.733,405.733,6900.0
1.2412,-10.049,-10.049,405.183,405.183,6900.0
1.2413,-8.799,-8.799,404.617,404.617,6900.0
1.2414,-7.313,-7.313,404.029,404.029,6900.0
1.2415,-6.164,-6.164,403.419,403.419,6900.0
1.2416,-4.559,-4.559,402.792,402.792,6900.0
1.2417,-3.206,-3.206,402.15,402.15,6900.0
1.2418,-2.069,-2.069,401.499,401.499,6900.0
1.2419,-0.868,-0.868,400.84,400.84,6900.0
1.242,-0.0,-0.0,400.178,400.178,6900.0
1.2421,-0.0,-0.0,399.514,399.514,6900.0
1.2422,0.561,0.561,398.85,398.85,6900.0
1.2423,1.67,1.67,398.187,398.187,6900.0
1.2424,2.621,2.621,397.525,397.525,6900.0
1.2425,3.931,3.931,396.866,396.866,6900.0
1.2426,4.99,4.99,396.215,396.215,6900.0
1.2427,6.522,6.522,395.573,395.573,6900.0
1.2428,7.774,7.774,394.95,394.95,6900.0
1.2429,8.953,8.953,394.34,394.34,6900.0
1.243,10.351,10.351,393.741,393.741,6900.0
1.2431,11.773,11.773,393.169,393.169,6900.0
1.2432,13.502,13.502,392.625,392.625,6900.0
1.2433,14.589,14.589,392.128,392.128,6900.0
1.2434,15.571,15.571,391.653,391.653,6900.0
1.2435,16.899,16.899,391.188,391.188,6900.0
1.2436,18.527,18.527,390.752,390.752,6900.0
1.2437,20.184,20.184,390.364,390.364,6900.0
1.2438,21.579,21.579,390.036,390.036,6900.0
1.2439,22.519,22.519,389.751,389.751,6900.0
1.244,23.67,23.67,389.484,389.484,6900.0
1.2441,24.779,24.779,389.25,389.25,6900.0
1.2442,25.998,25.998,389.059,389.059,6900.0
1.2443,27.085,27.085,388.921,388.921,6900.0
1.2444,28.183,28.183,388.831,388.831,6900.0
1.2445,29.311,29.311,388.784,388.784,6900.0
1.2446,30.063,30.063,388.785,388.785,6900.0
1.2447,30.975,30.975,388.824,388.824,6900.0
1.2448,32.055,32.055,388.904,388.904,6900.0
1.2449,32.862,32.862,389.033,389.033,6900.0
1.245,33.759,33.759,389.211,389.211,6900.0
1.2451,34.693,34.693,389.431,389.431,6900.0
1.2452,35.466,35.466,389.688,389.688,6900.0
1.2453,36.4,36.4,389.97,389.97,6900.0
1.2454,37.146,37.146,390.298,390.298,6900.0
1.2455,38.039,38.039,390.671,390.671,6900.0
1.2456,38.502,38.502,391.094,391.094,6900.0
1.2457,39.055,39.055,391.537,391.537,6900.0
1.2458,39.859,39.859,391.999,391.999,6900.0
1.2459,40.395,40.395,392.505,392.505,6900.0
1.246,41.078,41.078,393.047,393.047,6900.0
1.2461,41.247,41.247,393.644,393.644,6900.0
1.2462,41.345,41.345,394.25,394.25,6900.0
1.2463,41.983,41.983,394.854,394.854,6900.0
1.2464,42.099,42.099,395.492,395.492,6900.0
1.2465,42.386,42.386,396.133,396.133,6900.0
1.2466,42.4,42.4,396.804,396.804,6900.0
1.2467,42.359,42.359,397.47,397.47,6900.0
1.2468,42.61,42.61,398.13,398.13,6900.0
1.2469,42.617,42.617,398.802,398.802,6900.0
1.247,42.7,42.7,399.465,399.465,6900.0
1.2471,42.833,42.833,400.146,400.146,6900.0
1.2472,42.691,42.691,400.826,400.826,6900.0
1.2473,42.49,42.49,401.508,401.508,6900.0
1.2474,42.191,42.191,402.186,402.186,6900.0
1.2475,41.894,41.894,402.836,402.836,6900.0
1.2476,41.572,41.572,403.478,403.478,6900.0
1.2477,41.196,41.196,404.099,404.099,6900.0
1.2478,41.04,41.04,404.705,404.705,6900.0
1.2479,40.426,40.426,405.301,405.301,6900.0
1.248,39.833,39.833,405.853,405.853,6900.0
1.2481,39.529,39.529,406.37,406.37,6900.0
1.2482,38.921,38.921,406.866,406.866,6900.0
1.2483,38.613,38.613,407.34,407.34,6900.0
1.2484,38.126,38.126,407.795,407.795,6900.0
1.2485,37.404,37.404,408.217,408.217,6900.0
1.2486,36.601,36.601,408.598,408.598,6900.0
1.2487,35.732,35.732,408.945,408.945,6900.0
1.2488,35.12,35.12,409.259,409.259,6900.0
1.2489,34.472,34.472,409.543,409.543,6900.0
1.249,33.669,33.669,409.791,409.791,6900.0
1.2491,32.736,32.736,409.997,409.997,6900.0
1.2492,31.854,31.854,410.16,410.16,6900.0
1.2493,30.881,30.881,410.279,410.279,6900.0
1.2494,30.012,30.012,410.355,410.355,6900.0
1.2495,29.244,29.244,410.395,410.395,6900.0
1.2496,28.081,28.081,410.404,410.404,6900.0
1.2497,26.83,26.83,410.366,410.366,6900.0
1.2498,25.801,25.801,410.268,410.268,6900.0
1.2499,24.93,24.93,410.128,410.128,6900.0
1.25,24.188,24.188,409.963,409.963,6900.0
1.2501,23.057,23.057,409.783,409.783,6900.0
1.2502,21.595,21.595,409.56,409.56,6900.0
1.2503,20.315,20.315,409.272,409.272,6900.0
1.2504,19.403,19.403,408.939,408.939,6900.0
1.2505,18.617,18.617,408.582,408.582,6900.0
1.2506,17.563,17.563,408.215,408.215,6900.0
1.2507,15.97,15.97,407.818,407.818,6900.0
1.2508,14.763,14.763,407.371,407.371,6900.0
1.2509,13.874,13.874,406.893,406.893,6900.0
1.251,12.671,12.671,406.389,406.389,6900.0
1.2511,11.279,11.279,405.868,405.868,6900.0
1.2512,9.818,9.818,405.321,405.321,6900.0
1.2513,8.385,8.385,404.743,404.743,6900.0
1.2514,7.241,7.241,404.145,404.145,6900.0
1.2515,5.885,5.885,403.529,403.529,6900.0
1.2516,4.676,4.676,402.9,402.9,6900.0
1.2517,3.283,3.283,402.26,402.26,6900.0
1.2518,1.964,1.964,401.608,401.608,6900.0
1.2519,0.788,0.788,400.95,400.95,6900.0
1.252,0.523,0.523,400.288,400.288,6900.0
1.2521,0.0,0.0,399.624,399.624,6900.0
1.2522,-1.795,-1.795,398.96,398.96,6900.0
1.2523,-2.857,-2.857,398.296,398.296,6900.0
1.2524,-3.55,-3.55,397.637,397.637,6900.0
1.2525,-4.45,-4.45,396.982,396.982,6900.0
1.2526,-5.828,-5.828,396.337,396.337,6900.0
1.2527,-6.984,-6.984,395.706,395.706,6900.0
1.2528,-7.912,-7.912,395.084,395.084,6900.0
1.2529,-9.439,-9.439,394.475,394.475,6900.0
1.253,-11.44,-10.948,393.887,393.887,6900.0
1.2531,-12.442,-12.442,393.329,393.329,6900.0
1.2532,-13.491,-13.491,392.802,392.802,6900.0
1.2533,-14.503,-14.503,392.286,392.286,6900.0
1.2534,-16.014,-16.014,391.786,391.786,6900.0
1.2535,-17.667,-17.667,391.323,391.323,6900.0
1.2536,-19.217,-19.217,390.916,390.916,6900.0
1.2537,-20.166,-20.166,390.562,390.562,6900.0
1.2538,-21.16,-21.16,390.228,390.228,6900.0
1.2539,-22.424,-22.424,389.917,389.917,6900.0
1.254,-23.755,-23.755,389.646,389.646,6900.0
1.2541,-25.251,-25.251,389.426,389.426,6900.0
1.2542,-26.204,-26.204,389.26,389.26,6900.0
1.2543,-27.26,-27.26,389.13,389.13,6900.0
1.2544,-28.445,-28.445,389.036,389.036,6900.0
1.2545,-29.475,-29.475,388.988,388.988,6900.0
1.2546,-30.688,-30.688,388.985,388.985,6900.0
1.2547,-31.815,-31.815,389.033,389.033,6900.0
1.2548,-32.697,-32.697,389.137,389.137,6900.0
1.2549,-33.647,-33.647,389.289,389.289,6900.0
1.255,-34.393,-34.393,389.485,389.485,6900.0
1.2551,-35.346,-35.346,389.71,389.71,6900.0
1.2552,-36.325,-36.325,389.976,389.976,6900.0
1.2553,-37.247,-37.247,390.288,390.288,6900.0
1.2554,-37.809,-37.809,390.658,390.658,6900.0
1.2555,-38.366,-38.366,391.058,391.058,6900.0
1.2556,-38.919,-38.919,391.475,391.475,6900.0
1.2557,-39.706,-39.706,391.921,391.921,6900.0
1.2558,-40.122,-40.122,392.407,392.407,6900.0
1.2559,-40.639,-40.639,392.941,392.941,6900.0
1.256,-40.917,-40.917,393.506,393.506,6900.0
1.2561,-41.415,-41.415,394.075,394.075,6900.0
1.2562,-41.832,-41.832,394.677,394.677,6900.0
1.2563,-42.073,-42.073,395.296,395.296,6900.0
1.2564,-42.651,-42.651,395.941,395.941,6900.0
1.2565,-42.649,-42.649,396.616,396.616,6900.0
1.2566,-42.597,-42.597,397.279,397.279,6900.0
1.2567,-42.875,-42.875,397.948,397.948,6900.0
1.2568,-42.758,-42.758,398.62,398.62,6900.0
1.2569,-42.916,-42.916,399.295,399.295,6900.0
1.257,-42.838,-42.838,399.982,399.982,6900.0
1.2571,-42.758,-42.758,400.657,400.657,6900.0
1.2572,-42.574,-42.574,401.345,401.345,6900.0
1.2573,-42.329,-42.329,402.019,402.019,6900.0
1.2574,-42.233,-42.233,402.675,402.675,6900.0
1.2575,-41.874,-41.874,403.335,403.335,6900.0
1.2576,-41.846,-41.846,403.968,403.968,6900.0
1.2577,-41.425,-41.425,404.61,404.61,6900.0
1.2578,-40.844,-40.844,405.221,405.221,6900.0
1.2579,-40.577,-40.577,405.787,405.787,6900.0
1.258,-40.037,-40.037,406.341,406.341,6900.0
1.2581,-39.778,-39.778,406.864,406.864,6900.0
1.2582,-39.173,-39.173,407.38,407.38,6900.0
1.2583,-38.481,-38.481,407.864,407.864,6900.0
1.2584,-37.822,-37.822,408.302,408.302,6900.0
1.2585,-37.226,-37.226,408.71,408.71,6900.0
1.2586,-36.818,-36.818,409.087,409.087,6900.0
1.2587,-36.174,-36.174,409.447,409.447,6900.0
1.2588,-35.322,-35.322,409.773,409.773,6900.0
1.2589,-34.388,-34.388,410.056,410.056,6900.0
1.259,-33.666,-33.666,410.295,410.295,6900.0
1.2591,-32.808,-32.808,410.496,410.496,6900.0
1.2592,-31.848,-31.848,410.66,410.66,6900.0
1.2593,-30.963,-30.963,410.784,410.784,6900.0
1.2594,-30.165,-30.165,410.87,410.87,6900.0
1.2595,-29.167,-29.167,410.916,410.916,6900.0
1.2596,-28.001,-28.001,410.913,410.913,6900.0
1.2597,-27.079,-27.079,410.857,410.857,6900.0
1.2598,-26.161,-26.161,410.766,410.766,6900.0
1.2599,-25.333,-25.333,410.65,410.65,6900.0
1.26,-23.943,-23.943,410.507,410.507,6900.0
1.2601,-22.688,-22.688,410.305,410.305,6900.0
1.2602,-21.729,-21.729,410.049,410.049,6900.0
1.2603,-20.832,-20.832,409.763,409.763,6900.0
1.2604,-20.019,-20.019,409.462,409.462,6900.0
1.2605,-18.519,-18.519,409.146,409.146,6900.0
1.2606,-16.91,-16.91,408.779,408.779,6900.0
1.2607,-15.736,-15.736,408.36,408.36,6900.0
1.2608,-14.48,-14.48,407.906,407.906,6900.0
1.2609,-13.776,-13.776,407.423,407.423,6900.0
1.261,-12.4,-12.4,406.924,406.924,6900.0
1.2611,-10.962,-10.962,406.391,406.391,6900.0
1.2612,-9.798,-9.798,405.829,405.829,6900.0
1.2613,-8.726,-8.726,405.247,405.247,6900.0
1.2614,-7.731,-7.731,404.65,404.65,6900.0
1.2615,-6.25,-6.25,404.042,404.042,6900.0
1.2616,-4.619,-4.619,403.417,403.417,6900.0
1.2617,-3.322,-3.322,402.778,402.778,6900.0
1.2618,-1.845,-1.845,402.129,402.129,6900.0
1.2619,-0.765,-0.765,401.472,401.472,6900.0
1.262,-0.746,-0.746,400.811,400.811,6900.0
1.2621,-0.0,-0.0,400.148,400.148,6900.0
1.2622,1.736,1.736,399.484,399.484,6900.0
1.2623,1.926,1.926,398.823,398.823,6900.0
1.2624,3.237,3.237,398.164,398.164,6900.0
1.2625,4.279,4.279,397.513,397.513,6900.0
1.2626,5.335,5.335,396.87,396.87,6900.0
1.2627,6.674,6.674,396.233,396.233,6900.0
1.2628,7.823,7.823,395.611,395.611,6900.0
1.2629,9.483,9.483,395.002,395.002,6900.0
1.263,10.801,10.801,394.421,394.421,6900.0
1.2631,12.253,11.763,393.855,393.855,6900.0
1.2632,13.276,13.276,393.299,393.299,6900.0
1.2633,14.857,14.857,392.772,392.772,6900.0
1.2634,16.608,16.608,392.285,392.285,6900.0
1.2635,17.878,17.878,391.857,391.857,6900.0
1.2636,18.661,18.661,391.461,391.461,6900.0
1.2637,19.851,19.851,391.077,391.077,6900.0
1.2638,21.277,21.277,390.725,390.725,6900.0
1.2639,22.716,22.716,390.42,390.42,6900.0
1.264,23.761,23.761,390.174,390.174,6900.0
1.2641,24.688,24.688,389.967,389.967,6900.0
1.2642,25.642,25.642,389.787,389.787,6900.0
1.2643,26.812,26.812,389.64,389.64,6900.0
1.2644,28.015,28.015,389.538,389.538,6900.0
1.2645,29.034,29.034,389.486,389.486,6900.0
1.2646,30.108,30.108,389.48,389.48,6900.0
1.2647,31.085,31.085,389.525,389.525,6900.0
1.2648,32.032,32.032,389.614,389.614,6900.0
1.2649,32.879,32.879,389.744,389.744,6900.0
1.265,33.882,33.882,389.907,389.907,6900.0
1.2651,34.753,34.753,390.118,390.118,6900.0
1.2652,35.691,35.691,390.38,390.38,6900.0
1.2653,36.371,36.371,390.69,390.69,6900.0
1.2654,36.929,36.929,391.029,391.029,6900.0
1.2655,37.804,37.804,391.386,391.386,6900.0
1.2656,38.51,38.51,391.789,391.789,6900.0
1.2657,39.297,39.297,392.237,392.237,6900.0
1.2658,39.713,39.713,392.736,392.736,6900.0
1.2659,40.09,40.09,393.252,393.252,6900.0
1.266,40.727,40.727,393.779,393.779,6900.0
1.2661,40.921,40.921,394.344,394.344,6900.0
1.2662,41.523,41.523,394.923,394.923,6900.0
1.2663,41.561,41.561,395.55,395.55,6900.0
1.2664,41.499,41.499,396.178,396.178,6900.0
1.2665,41.773,41.773,396.8,396.8,6900.0
1.2666,42.077,42.077,397.44,397.44,6900.0
1.2667,42.261,42.261,398.084,398.084,6900.0
1.2668,42.451,42.451,398.753,398.753,6900.0
1.2669,42.293,42.293,399.426,399.426,6900.0
1.267,42.553,42.553,400.093,400.093,6900.0
1.2671,42.37,42.37,400.772,400.772,6900.0
1.2672,42.245,42.245,401.431,401.431,6900.0
1.2673,42.109,42.109,402.096,402.096,6900.0
1.2674,41.773,41.773,402.749,402.749,6900.0
1.2675,41.634,41.634,403.394,403.394,6900.0
1.2676,41.355,41.355,404.034,404.034,6900.0
1.2677,40.862,40.862,404.643,404.643,6900.0
1.2678,40.71,40.71,405.228,405.228,6900.0
1.2679,40.422,40.422,405.796,405.796,6900.0
1.268,40.123,40.123,406.353,406.353,6900.0
1.2681,39.201,39.201,406.896,406.896,6900.0
1.2682,38.387,38.387,407.389,407.389,6900.0
1.2683,38.125,38.125,407.838,407.838,6900.0
1.2684,37.763,37.763,408.268,408.268,6900.0
1.2685,37.283,37.283,408.683,408.683,6900.0
1.2686,36.324,36.324,409.075,409.075,6900.0
1.2687,35.511,35.511,409.419,409.419,6900.0
1.2688,34.808,34.808,409.72,409.72,6900.0
1.2689,34.009,34.009,409.984,409.984,6900.0
1.269,33.139,33.139,410.215,410.215,6900.0
1.2691,32.418,32.418,410.405,410.405,6900.0
1.2692,31.584,31.584,410.561,410.561,6900.0
1.2693,30.503,30.503,410.679,410.679,6900.0
1.2694,29.504,29.504,410.748,410.748,6900.0
1.2695,28.595,28.595,410.767,410.767,6900.0
1.2696,27.864,27.864,410.745,410.745,6900.0
1.2697,27.005,27.005,410.696,410.696,6900.0
1.2698,25.786,25.786,410.624,410.624,6900.0
1.2699,24.561,24.561,410.502,410.502,6900.0
1.27,23.484,23.484,410.321,410.321,6900.0
1.2701,22.624,22.624,410.1,410.1,6900.0
1.2702,21.975,21.975,409.855,409.855,6900.0
1.2703,20.798,20.798,409.602,409.602,6900.0
1.2704,19.163,19.163,409.309,409.309,6900.0
1.2705,17.73,17.73,408.95,408.95,6900.0
1.2706,16.959,16.959,408.547,408.547,6900.0
1.2707,15.898,15.898,408.116,408.116,6900.0
1.2708,14.919,14.919,407.667,407.667,6900.0
1.2709,13.455,13.455,407.193,407.193,6900.0
1.271,12.134,12.134,406.682,406.682,6900.0
1.2711,11.157,11.157,406.146,406.146,6900.0
1.2712,9.822,9.822,405.59,405.59,6900.0
1.2713,8.617,8.617,405.019,405.019,6900.0
1.2714,7.172,7.172,404.43,404.43,6900.0
1.2715,5.619,5.619,403.819,403.819,6900.0
1.2716,4.3,4.3,403.192,403.192,6900.0
1.2717,2.732,2.732,402.55,402.55,6900.0
1.2718,1.66,1.66,401.898,401.898,6900.0
1.2719,0.633,0.633,401.239,401.239,6900.0
1.272,0.0,0.0,400.578,400.578,6900.0
1.2721,0.0,0.0,399.914,399.914,6900.0
1.2722,-1.416,-1.416,399.251,399.251,6900.0
1.2723,-2.155,-2.155,398.59,398.59,6900.0
1.2724,-3.125,-3.125,397.931,397.931,6900.0
1.2725,-4.295,-4.295,397.276,397.276,6900.0
1.2726,-5.737,-5.737,396.629,396.629,6900.0
1.2727,-7.066,-7.066,395.991,395.991,6900.0
1.2728,-8.311,-8.311,395.371,395.371,6900.0
1.2729,-9.337,-9.337,394.768,394.768,6900.0
1.273,-10.679,-10.679,394.175,394.175,6900.0
1.2731,-12.205,-12.205,393.602,393.602,6900.0
1.2732,-13.725,-13.725,393.058,393.058,6900.0
1.2733,-15.135,-15.135,392.558,392.558,6900.0
1.2734,-16.094,-16.094,392.098,392.098,6900.0
1.2735,-16.963,-16.963,391.653,391.653,6900.0
1.2736,-18.49,-18.49,391.223,391.223,6900.0
1.2737,-19.891,-19.891,390.835,390.835,6900.0
1.2738,-21.507,-21.507,390.496,390.496,6900.0
1.2739,-22.597,-22.597,390.212,390.212,6900.0
1.274,-23.496,-23.496,389.956,389.956,6900.0
1.2741,-24.517,-24.517,389.724,389.724,6900.0
1.2742,-25.815,-25.815,389.529,389.529,6900.0
1.2743,-27.103,-27.103,389.383,389.383,6900.0
1.2744,-28.197,-28.197,389.291,389.291,6900.0
1.2745,-29.139,-29.139,389.248,389.248,6900.0
1.2746,-30.421,-30.421,389.246,389.246,6900.0
1.2747,-31.563,-31.563,389.297,389.297,6900.0
1.2748,-32.428,-32.428,389.395,389.395,6900.0
1.2749,-33.378,-33.378,389.535,389.535,6900.0
1.275,-34.21,-34.21,389.722,389.722,6900.0
1.2751,-34.973,-34.973,389.958,389.958,6900.0
1.2752,-35.646,-35.646,390.229,390.229,6900.0
1.2753,-36.359,-36.359,390.521,390.521,6900.0
1.2754,-37.308,-37.308,390.849,390.849,6900.0
1.2755,-38.203,-38.203,391.216,391.216,6900.0
1.2756,-38.891,-38.891,391.644,391.644,6900.0
1.2757,-39.212,-39.212,392.11,392.11,6900.0
1.2758,-39.537,-39.537,392.586,392.586,6900.0
1.2759,-40.154,-40.154,393.09,393.09,6900.0
1.276,-40.767,-40.767,393.621,393.621,6900.0
1.2761,-41.453,-41.453,394.202,394.202,6900.0
1.2762,-41.494,-41.494,394.821,394.821,6900.0
1.2763,-41.661,-41.661,395.433,395.433,6900.0
1.2764,-41.912,-41.912,396.061,396.061,6900.0
1.2765,-42.022,-42.022,396.694,396.694,6900.0
1.2766,-42.494,-42.494,397.342,397.342,6900.0
1.2767,-42.463,-42.463,398.015,398.015,6900.0
1.2768,-42.492,-42.492,398.675,398.675,6900.0
1.2769,-42.39,-42.39,399.348,399.348,6900.0
1.277,-42.123,-42.123,400.013,400.013,6900.0
1.2771,-42.49,-42.49,400.669,400.669,6900.0
1.2772,-42.415,-42.287,401.349,401.349,6900.0
1.2773,-42.259,-42.259,402.009,402.009,6900.0
1.2774,-42.087,-42.087,402.684,402.684,6900.0
1.2775,-41.635,-41.635,403.342,403.342,6900.0
1.2776,-41.469,-41.469,403.966,403.966,6900.0
1.2777,-41.089,-41.089,404.584,404.584,6900.0
1.2778,-40.708,-40.708,405.175,405.175,6900.0
1.2779,-40.094,-40.094,405.758,405.758,6900.0
1.278,-39.465,-39.465,406.304,406.304,6900.0
1.2781,-39.181,-39.181,406.802,406.802,6900.0
1.2782,-38.647,-38.647,407.287,407.287,6900.0
1.2783,-38.17,-38.17,407.746,407.746,6900.0
1.2784,-37.523,-37.523,408.192,408.192,6900.0
1.2785,-36.686,-36.686,408.606,408.606,6900.0
1.2786,-36.068,-36.068,408.972,408.972,6900.0
1.2787,-35.302,-35.302,409.307,409.307,6900.0
1.2788,-34.748,-34.748,409.604,409.604,6900.0
1.2789,-34.174,-34.174,409.873,409.873,6900.0
1.279,-33.299,-33.299,410.112,410.112,6900.0
1.2791,-32.517,-32.517,410.306,410.306,6900.0
1.2792,-31.678,-31.678,410.459,410.459,6900.0
1.2793,-30.718,-30.718,410.568,410.568,6900.0
1.2794,-29.692,-29.692,410.633,410.633,6900.0
1.2795,-28.736,-28.736,410.658,410.658,6900.0
1.2796,-27.862,-27.862,410.651,410.651,6900.0
1.2797,-26.867,-26.867,410.611,410.611,6900.0
1.2798,-25.562,-25.562,410.523,410.523,6900.0
1.2799,-24.696,-24.696,410.379,410.379,6900.0
1.28,-23.716,-23.716,410.204,410.204,6900.0
1.2801,-22.822,-22.822,410.008,410.008,6900.0
1.2802,-21.519,-21.519,409.786,409.786,6900.0
1.2803,-20.014,-20.014,409.506,409.506,6900.0
1.2804,-18.963,-18.963,409.167,409.167,6900.0
1.2805,-18.085,-18.085,408.792,408.792,6900.0
1.2806,-17.24,-17.24,408.399,408.399,6900.0
1.2807,-15.91,-15.91,407.991,407.991,6900.0
1.2808,-14.379,-14.379,407.544,407.544,6900.0
1.2809,-13.5,-13.5,407.058,407.058,6900.0
1.281,-12.26,-12.26,406.551,406.551,6900.0
1.2811,-11.227,-11.227,406.023,406.023,6900.0
1.2812,-9.657,-9.657,405.478,405.478,6900.0
1.2813,-8.091,-8.091,404.905,404.905,6900.0
1.2814,-7.049,-7.049,404.306,404.306,6900.0
1.2815,-5.679,-5.679,403.691,403.691,6900.0
1.2816,-4.35,-4.35,403.06,403.06,6900.0
1.2817,-2.942,-2.942,402.417,402.417,6900.0
1.2818,-1.879,-1.879,401.764,401.764,6900.0
1.2819,-0.885,-0.885,401.106,401.106,6900.0
1.282,-0.0,-0.0,400.444,400.444,6900.0
1.2821,-0.0,-0.0,399.781,399.781,6900.0
1.2822,1.139,1.139,399.117,399.117,6900.0
1.2823,1.997,1.997,398.454,398.454,6900.0
1.2824,2.832,2.832,397.793,397.793,6900.0
1.2825,3.796,3.796,397.136,397.136,6900.0
1.2826,5.521,5.521,396.487,396.487,6900.0
1.2827,6.743,6.743,395.854,395.854,6900.0
1.2828,7.854,7.854,395.233,395.233,6900.0
1.2829,9.326,9.326,394.621,394.621,6900.0
1.283,10.654,10.654,394.032,394.032,6900.0
1.2831,12.28,12.28,393.468,393.468,6900.0
1.2832,13.627,13.627,392.942,392.942,6900.0
1.2833,14.606,14.606,392.44,392.44,6900.0
1.2834,16.033,16.033,391.948,391.948,6900.0
1.2835,17.66,17.66,391.486,391.486,6900.0
1.2836,19.245,19.245,391.074,391.074,6900.0
1.2837,20.548,20.548,390.722,390.722,6900.0
1.2838,21.312,21.312,390.409,390.409,6900.0
1.2839,22.376,22.376,390.11,390.11,6900.0
1.284,23.629,23.629,389.84,389.84,6900.0
1.2841,24.903,24.903,389.613,389.613,6900.0
1.2842,25.907,25.907,389.437,389.437,6900.0
1.2843,26.891,26.891,389.302,389.302,6900.0
1.2844,27.886,27.886,389.201,389.201,6900.0
1.2845,28.977,28.977,389.141,389.141,6900.0
1.2846,30.044,30.044,389.128,389.128,6900.0
1.2847,31.216,31.216,389.162,389.162,6900.0
1.2848,32.056,32.056,389.256,389.256,6900.0
1.2849,32.89,32.89,389.4,389.4,6900.0
1.285,33.71,33.71,389.589,389.589,6900.0
1.2851,34.514,34.514,389.811,389.811,6900.0
1.2852,35.338,35.338,390.06,390.06,6900.0
1.2853,36.201,36.201,390.346,390.346,6900.0
1.2854,37.273,37.273,390.677,390.677,6900.0
1.2855,37.869,37.869,391.058,391.058,6900.0
1.2856,38.431,38.431,391.462,391.462,6900.0
1.2857,39.103,39.103,391.884,391.884,6900.0
1.2858,39.599,39.599,392.349,392.349,6900.0
1.2859,40.26,40.26,392.852,392.852,6900.0
1.286,40.64,40.64,393.41,393.41,6900.0
1.2861,40.822,40.822,393.99,393.99,6900.0
1.2862,41.346,41.346,394.577,394.577,6900.0
1.2863,41.497,41.497,395.195,395.195,6900.0
1.2864,41.903,41.903,395.818,395.818,6900.0
1.2865,41.943,41.943,396.476,396.476,6900.0
1.2866,41.839,41.839,397.125,397.125,6900.0
1.2867,42.2,42.2,397.762,397.762,6900.0
1.2868,42.179,42.179,398.414,398.414,6900.0
1.2869,42.44,42.44,399.052,399.052,6900.0
1.287,42.444,42.444,399.72,399.72,6900.0
1.2871,42.118,42.118,400.386,400.386,6900.0
1.2872,42.274,42.274,401.048,401.048,6900.0
1.2873,42.007,42.007,401.723,401.723,6900.0
1.2874,41.791,41.791,402.375,402.375,6900.0
1.2875,41.698,41.698,403.023,403.023,6900.0
1.2876,41.08,41.08,403.662,403.662,6900.0
1.2877,40.89,40.89,404.279,404.279,6900.0
1.2878,40.375,40.375,404.881,404.881,6900.0
1.2879,39.926,39.926,405.441,405.441,6900.0
1.288,39.777,39.777,405.97,405.97,6900.0
1.2881,39.208,39.208,406.48,406.48,6900.0
1.2882,38.905,38.905,406.97,406.97,6900.0
1.2883,38.171,38.171,407.443,407.443,6900.0
1.2884,37.443,37.443,407.877,407.877,6900.0
1.2885,36.917,36.917,408.271,408.271,6900.0
1.2886,36.187,36.187,408.641,408.641,6900.0
1.2887,35.467,35.467,408.984,408.984,6900.0
1.2888,34.743,34.743,409.296,409.296,6900.0
1.2889,33.891,33.891,409.57,409.57,6900.0
1.289,33.01,33.01,409.801,409.801,6900.0
1.2891,32.186,32.186,409.987,409.987,6900.0
1.2892,31.362,31.362,410.132,410.132,6900.0
1.2893,30.648,30.648,410.235,410.235,6900.0
1.2894,29.81,29.81,410.306,410.306,6900.0
1.2895,28.713,28.713,410.344,410.344,6900.0
1.2896,27.51,27.51,410.333,410.333,6900.0
1.2897,26.491,26.491,410.265,410.265,6900.0
1.2898,25.575,25.575,410.157,410.157,6900.0
1.2899,24.778,24.778,410.02,410.02,6900.0
1.29,23.63,23.63,409.867,409.867,6900.0
1.2901,22.372,22.372,409.67,409.67,6900.0
1.2902,21.194,21.194,409.412,409.412,6900.0
1.2903,20.295,20.295,409.11,409.11,6900.0
1.2904,19.523,19.523,408.784,408.784,6900.0
1.2905,18.479,18.479,408.448,408.448,6900.0
1.2906,17.053,17.053,408.08,408.08,6900.0
1.2907,15.509,15.509,407.662,407.662,6900.0
1.2908,14.485,14.485,407.205,407.205,6900.0
1.2909,13.281,13.281,406.719,406.719,6900.0
1.291,12.063,12.063,406.214,406.214,6900.0
1.2911,10.758,10.758,405.683,405.683,6900.0
1.2912,9.355,9.355,405.122,405.122,6900.0
1.2913,8.46,8.46,404.538,404.538,6900.0
1.2914,7.278,7.278,403.937,403.937,6900.0
1.2915,5.979,5.979,403.322,403.322,6900.0
1.2916,4.222,4.222,402.694,402.694,6900.0
1.2917,2.727,2.727,402.051,402.051,6900.0
1.2918,1.328,1.328,401.397,401.397,6900.0
1.2919,0.415,0.415,400.738,400.738,6900.0
1.292,0.0,0.0,400.075,400.075,6900.0
1.2921,0.0,0.0,399.411,399.411,6900.0
1.2922,-1.713,-1.713,398.746,398.746,6900.0
1.2923,-2.323,-2.323,398.083,398.083,6900.0
1.2924,-3.413,-3.413,397.423,397.423,6900.0
1.2925,-4.679,-4.679,396.771,396.771,6900.0
1.2926,-5.501,-5.501,396.129,396.129,6900.0
1.2927,-6.749,-6.749,395.493,395.493,6900.0
1.2928,-8.303,-8.303,394.87,394.87,6900.0
1.2929,-9.701,-9.701,394.264,394.264,6900.0
1.293,-11.287,-11.287,393.684,393.684,6900.0
1.2931,-12.173,-12.173,393.132,393.132,6900.0
1.2932,-13.323,-13.323,392.588,392.588,6900.0
1.2933,-14.988,-14.988,392.062,392.062,6900.0
1.2934,-16.47,-16.47,391.574,391.574,6900.0
1.2935,-17.909,-17.909,391.135,391.135,6900.0
1.2936,-18.78,-18.78,390.745,390.745,6900.0
1.2937,-19.649,-19.649,390.373,390.373,6900.0
1.2938,-21.061,-21.061,390.019,390.019,6900.0
1.2939,-22.776,-22.776,389.706,389.706,6900.0
1.294,-24.15,-24.15,389.452,389.452,6900.0
1.2941,-25.221,-25.221,389.249,389.249,6900.0
1.2942,-26.16,-26.16,389.083,389.083,6900.0
1.2943,-27.365,-27.365,388.948,388.948,6900.0
1.2944,-28.499,-28.499,388.858,388.858,6900.0
1.2945,-29.507,-29.507,388.816,388.816,6900.0
1.2946,-30.819,-30.819,388.82,388.82,6900.0
1.2947,-31.884,-31.884,388.882,388.882,6900.0
1.2948,-32.808,-32.808,388.994,388.994,6900.0
1.2949,-33.579,-33.579,389.15,389.15,6900.0
1.295,-34.361,-34.361,389.338,389.338,6900.0
1.2951,-35.209,-35.209,389.564,389.564,6900.0
1.2952,-36.273,-36.273,389.83,389.83,6900.0
1.2953,-36.987,-36.987,390.157,390.157,6900.0
1.2954,-37.554,-37.554,390.519,390.519,6900.0
1.2955,-38.167,-38.167,390.898,390.898,6900.0
1.2956,-38.908,-38.908,391.311,391.311,6900.0
1.2957,-39.655,-39.655,391.759,391.759,6900.0
1.2958,-40.41,-40.41,392.265,392.265,6900.0
1.2959,-40.615,-40.615,392.813,392.813,6900.0
1.296,-40.903,-40.903,393.364,393.364,6900.0
1.2961,-41.304,-41.304,393.941,393.941,6900.0
1.2962,-41.763,-41.763,394.532,394.532,6900.0
1.2963,-42.128,-42.128,395.164,395.164,6900.0
1.2964,-42.165,-42.165,395.817,395.817,6900.0
1.2965,-42.357,-42.357,396.459,396.459,6900.0
1.2966,-42.587,-42.587,397.118,397.118,6900.0
1.2967,-42.482,-42.482,397.779,397.779,6900.0
1.2968,-42.724,-42.724,398.446,398.446,6900.0
1.2969,-42.581,-42.581,399.132,399.132,6900.0
1.297,-42.629,-42.629,399.801,399.801,6900.0
1.2971,-42.591,-42.591,400.487,400.487,6900.0
1.2972,-42.342,-42.342,401.166,401.166,6900.0
1.2973,-42.344,-42.344,401.829,401.829,6900.0
1.2974,-41.996,-41.996,402.499,402.499,6900.0
1.2975,-41.71,-41.71,403.146,403.146,6900.0
1.2976,-41.465,-41.465,403.792,403.792,6900.0
1.2977,-41.101,-41.101,404.414,404.414,6900.0
1.2978,-40.915,-40.915,405.0,405.0,6900.0
1.2979,-40.439,-40.439,405.577,405.577,6900.0
1.298,-40.161,-40.161,406.121,406.121,6900.0
1.2981,-39.555,-39.555,406.659,406.659,6900.0
1.2982,-38.847,-38.847,407.162,407.162,6900.0
1.2983,-38.331,-38.331,407.619,407.619,6900.0
1.2984,-37.875,-37.875,408.052,408.052,6900.0
1.2985,-37.236,-37.236,408.462,408.462,6900.0
1.2986,-36.493,-36.493,408.853,408.853,6900.0
1.2987,-35.659,-35.659,409.208,409.208,6900.0
1.2988,-34.906,-34.906,409.516,409.516,6900.0
1.2989,-34.138,-34.138,409.787,409.787,6900.0
1.299,-33.391,-33.391,410.019,410.019,6900.0
1.2991,-32.636,-32.636,410.213,410.213,6900.0
1.2992,-31.696,-31.696,410.37,410.37,6900.0
1.2993,-30.62,-30.62,410.488,410.488,6900.0
1.2994,-29.542,-29.542,410.559,410.559,6900.0
1.2995,-28.49,-28.49,410.58,410.58,6900.0
1.2996,-27.497,-27.497,410.552,410.552,6900.0
1.2997,-26.761,-26.761,410.487,410.487,6900.0
1.2998,-25.993,-25.993,410.4,410.4,6900.0
1.2999,-24.796,-24.796,410.287,410.287,6900.0
