t,Iac_real,Iac_int,Vdc_real,Vdc_int,P_charge
0.6,-21.811,-21.811,410.23,410.23,
0.6001,-20.911,-20.911,409.954,409.954,6900.0
0.6002,-20.008,-20.008,409.642,409.642,6900.0
0.6003,-18.977,-18.977,409.306,409.306,6900.0
0.6004,-17.58,-17.58,408.948,408.948,6900.0
0.6005,-16.125,-16.125,408.547,408.547,6900.0
0.6006,-15.33,-15.33,408.104,408.104,6900.0
0.6007,-14.144,-14.144,407.64,407.64,6900.0
0.6008,-13.173,-13.173,407.152,407.152,6900.0
0.6009,-11.707,-11.707,406.647,406.647,6900.0
0.601,-10.289,-10.289,406.112,406.112,6900.0
0.6011,-9.029,-9.029,405.55,405.55,6900.0
0.6012,-7.797,-7.797,404.965,404.965,6900.0
0.6013,-6.633,-6.633,404.36,404.36,6900.0
0.6014,-5.456,-5.456,403.74,403.74,6900.0
0.6015,-4.159,-4.159,403.106,403.106,6900.0
0.6016,-2.743,-2.743,402.461,402.461,6900.0
0.6017,-1.438,-1.438,401.807,401.807,6900.0
0.6018,-1.324,-1.324,401.148,401.148,6900.0
0.6019,-0.0,-0.0,400.486,400.486,6900.0
0.602,0.557,0.557,399.823,399.823,6900.0
0.6021,2.321,2.321,399.158,399.158,6900.0
0.6022,2.172,2.172,398.498,398.498,6900.0
0.6023,3.485,3.485,397.839,397.839,6900.0
0.6024,4.633,4.633,397.189,397.189,6900.0
0.6025,5.593,5.593,396.547,396.547,6900.0
0.6026,7.183,7.183,395.911,395.911,6900.0
0.6027,8.685,8.685,395.293,395.293,6900.0
0.6028,10.224,10.224,394.698,394.698,6900.0
0.6029,11.505,11.505,394.134,394.134,6900.0
0.603,12.346,12.346,393.589,393.589,6900.0
0.6031,13.6,13.6,393.051,393.051,6900.0
0.6032,15.201,15.201,392.535,392.535,6900.0
0.6033,16.966,16.966,392.06,392.06,6900.0
0.6034,18.283,18.283,391.639,391.639,6900.0
0.6035,19.274,19.274,391.254,391.254,6900.0
0.6036,20.392,20.392,390.892,390.892,6900.0
0.6037,21.679,21.679,390.564,390.564,6900.0
0.6038,22.919,22.919,390.277,390.277,6900.0
0.6039,24.128,24.128,390.038,390.038,6900.0
0.604,25.171,25.171,389.843,389.843,6900.0
0.6041,26.214,26.214,389.685,389.685,6900.0
0.6042,27.337,27.337,389.565,389.565,6900.0
0.6043,28.333,28.333,389.485,389.485,6900.0
0.6044,29.341,29.341,389.442,389.442,6900.0
0.6045,30.436,30.436,389.443,389.443,6900.0
0.6046,31.26,31.26,389.5,389.5,6900.0
0.6047,32.116,32.116,389.604,389.604,6900.0
0.6048,33.049,33.049,389.742,389.742,6900.0
0.6049,34.058,34.058,389.917,389.917,6900.0
0.605,34.945,34.945,390.142,390.142,6900.0
0.6051,36.017,36.017,390.422,390.422,6900.0
0.6052,36.594,36.594,390.759,390.759,6900.0
0.6053,37.044,37.044,391.118,391.118,6900.0
0.6054,37.839,37.839,391.489,391.489,6900.0
0.6055,38.432,38.432,391.899,391.899,6900.0
0.6056,39.137,39.137,392.345,392.345,6900.0
0.6057,39.526,39.526,392.844,392.844,6900.0
0.6058,39.749,39.749,393.357,393.357,6900.0
0.6059,40.426,40.426,393.879,393.879,6900.0
0.606,40.852,40.852,394.438,394.438,6900.0
0.6061,41.397,41.397,395.017,395.017,6900.0
0.6062,41.612,41.612,395.647,395.647,6900.0
0.6063,41.604,41.604,396.285,396.285,6900.0
0.6064,42.052,42.052,396.927,396.927,6900.0
0.6065,42.06,42.06,397.593,397.593,6900.0
0.6066,42.182,42.182,398.247,398.247,6900.0
0.6067,42.159,42.159,398.923,398.923,6900.0
0.6068,42.087,42.087,399.591,399.591,6900.0
0.6069,42.279,42.279,400.258,400.258,6900.0
0.607,42.074,42.074,400.935,400.935,6900.0
0.6071,41.764,41.764,401.585,401.585,6900.0
0.6072,41.643,41.643,402.234,402.234,6900.0
0.6073,41.567,41.567,402.869,402.869,6900.0
0.6074,41.466,41.466,403.513,403.513,6900.0
0.6075,41.089,41.089,404.153,404.153,6900.0
0.6076,40.572,40.572,404.762,404.762,6900.0
0.6077,40.218,40.218,405.343,405.343,6900.0
0.6078,39.835,39.835,405.903,405.903,6900.0
0.6079,39.488,39.488,406.449,406.449,6900.0
0.608,39.041,39.041,406.974,406.974,6900.0
0.6081,38.253,38.253,407.462,407.462,6900.0
0.6082,37.759,37.759,407.904,407.904,6900.0
0.6083,37.184,37.184,408.315,408.315,6900.0
0.6084,36.672,36.672,408.707,408.707,6900.0
0.6085,35.999,35.999,409.075,409.075,6900.0
0.6086,35.168,35.168,409.409,409.409,6900.0
0.6087,34.398,34.398,409.701,409.701,6900.0
0.6088,33.647,33.647,409.959,409.959,6900.0
0.6089,32.739,32.739,410.178,410.178,6900.0
0.609,31.871,31.871,410.357,410.357,6900.0
0.6091,31.126,31.126,410.496,410.496,6900.0
0.6092,30.104,30.104,410.603,410.603,6900.0
0.6093,28.8,28.8,410.661,410.661,6900.0
0.6094,27.909,27.909,410.654,410.654,6900.0
0.6095,27.109,27.109,410.604,410.604,6900.0
0.6096,26.419,26.419,410.529,410.529,6900.0
0.6097,25.396,25.396,410.44,410.44,6900.0
0.6098,24.089,24.089,410.307,410.307,6900.0
0.6099,23.024,23.024,410.106,410.106,6900.0
0.61,22.207,22.207,409.863,409.863,6900.0
0.6101,21.297,21.297,409.595,409.595,6900.0
0.6102,20.275,20.275,409.313,409.313,6900.0
0.6103,18.635,18.635,409.0,409.0,6900.0
0.6104,17.456,17.456,408.632,408.632,6900.0
0.6105,16.344,16.344,408.23,408.23,6900.0
0.6106,15.491,15.491,407.796,407.796,6900.0
0.6107,14.385,14.385,407.343,407.343,6900.0
0.6108,13.015,13.015,406.863,406.863,6900.0
0.6109,11.53,11.53,406.347,406.347,6900.0
0.611,10.208,10.208,405.802,405.802,6900.0
0.6111,9.034,9.034,405.232,405.232,6900.0
0.6112,7.801,7.801,404.644,404.644,6900.0
0.6113,6.349,6.349,404.039,404.039,6900.0
0.6114,4.962,4.962,403.417,403.417,6900.0
0.6115,3.583,3.583,402.781,402.781,6900.0
0.6116,2.111,2.111,402.134,402.134,6900.0
0.6117,0.807,0.807,401.478,401.478,6900.0
0.6118,1.442,1.442,400.817,400.817,6900.0
0.6119,0.646,0.646,400.156,400.156,6900.0
0.612,-0.494,-0.494,399.492,399.492,6900.0
0.6121,-2.949,-2.949,398.827,398.827,6900.0
0.6122,-2.97,-2.97,398.17,398.17,6900.0
0.6123,-3.634,-3.634,397.515,397.515,6900.0
0.6124,-4.697,-4.697,396.865,396.865,6900.0
0.6125,-6.225,-6.225,396.223,396.223,6900.0
0.6126,-7.315,-7.315,395.594,395.594,6900.0
0.6127,-8.902,-8.902,394.984,394.984,6900.0
0.6128,-9.862,-9.862,394.395,394.395,6900.0
0.6129,-11.083,-11.083,393.812,393.812,6900.0
0.613,-12.64,-12.64,393.244,393.244,6900.0
0.6131,-14.147,-14.147,392.705,392.705,6900.0
0.6132,-15.652,-15.652,392.21,392.21,6900.0
0.6133,-16.795,-16.795,391.757,391.757,6900.0
0.6134,-17.88,-17.88,391.328,391.328,6900.0
0.6135,-19.284,-19.284,390.922,390.922,6900.0
0.6136,-20.488,-20.488,390.557,390.557,6900.0
0.6137,-21.732,-21.732,390.235,390.235,6900.0
0.6138,-22.938,-22.938,389.958,389.958,6900.0
0.6139,-24.024,-24.024,389.719,389.719,6900.0
0.614,-25.188,-25.188,389.516,389.516,6900.0
0.6141,-26.182,-26.182,389.352,389.352,6900.0
0.6142,-27.332,-27.332,389.225,389.225,6900.0
0.6143,-28.431,-28.431,389.143,389.143,6900.0
0.6144,-29.639,-29.639,389.107,389.107,6900.0
0.6145,-30.629,-30.629,389.125,389.125,6900.0
0.6146,-31.646,-31.646,389.184,389.184,6900.0
0.6147,-32.618,-32.618,389.279,389.279,6900.0
0.6148,-33.672,-33.672,389.421,389.421,6900.0
0.6149,-34.757,-34.757,389.613,389.613,6900.0
0.615,-35.493,-35.493,389.874,389.874,6900.0
0.6151,-36.118,-36.118,390.174,390.174,6900.0
0.6152,-36.69,-36.69,390.493,390.493,6900.0
0.6153,-37.529,-37.529,390.846,390.846,6900.0
0.6154,-38.346,-38.346,391.233,391.233,6900.0
0.6155,-38.971,-38.971,391.679,391.679,6900.0
0.6156,-39.232,-39.232,392.156,392.156,6900.0
0.6157,-39.694,-39.694,392.633,392.633,6900.0
0.6158,-40.172,-40.172,393.142,393.142,6900.0
0.6159,-40.543,-40.543,393.672,393.672,6900.0
0.616,-41.014,-41.014,394.243,394.243,6900.0
0.6161,-41.261,-41.261,394.844,394.844,6900.0
0.6162,-41.51,-41.51,395.447,395.447,6900.0
0.6163,-41.937,-41.937,396.076,396.076,6900.0
0.6164,-42.132,-42.132,396.719,396.719,6900.0
0.6165,-42.344,-42.344,397.382,397.382,6900.0
0.6166,-42.261,-42.261,398.064,398.064,6900.0
0.6167,-42.154,-42.154,398.735,398.735,6900.0
0.6168,-42.33,-42.33,399.412,399.412,6900.0
0.6169,-42.249,-42.249,400.088,400.088,6900.0
0.617,-42.39,-42.39,400.75,400.75,6900.0
0.6171,-42.102,-42.102,401.423,401.423,6900.0
0.6172,-41.91,-41.91,402.077,402.077,6900.0
0.6173,-41.629,-41.629,402.735,402.735,6900.0
0.6174,-41.275,-41.275,403.374,403.374,6900.0
0.6175,-41.142,-41.142,403.979,403.979,6900.0
0.6176,-40.785,-40.785,404.584,404.584,6900.0
0.6177,-40.494,-40.494,405.171,405.171,6900.0
0.6178,-40.021,-40.021,405.757,405.757,6900.0
0.6179,-39.311,-39.311,406.316,406.316,6900.0
0.618,-38.972,-38.972,406.824,406.824,6900.0
0.6181,-38.483,-38.483,407.311,407.311,6900.0
0.6182,-37.815,-37.815,407.771,407.771,6900.0
0.6183,-37.118,-37.118,408.202,408.202,6900.0
0.6184,-36.542,-36.542,408.594,408.594,6900.0
0.6185,-35.805,-35.805,408.949,408.949,6900.0
0.6186,-35.212,-35.212,409.264,409.264,6900.0
0.6187,-34.541,-34.541,409.548,409.548,6900.0
0.6188,-33.849,-33.849,409.803,409.803,6900.0
0.6189,-32.96,-32.96,410.03,410.03,6900.0
0.619,-32.234,-32.234,410.219,410.219,6900.0
0.6191,-31.086,-31.086,410.372,410.372,6900.0
0.6192,-29.917,-29.917,410.469,410.469,6900.0
0.6193,-29.082,-29.082,410.511,410.511,6900.0
0.6194,-28.26,-28.26,410.518,410.518,6900.0
0.6195,-27.452,-27.452,410.499,410.499,6900.0
0.6196,-26.186,-26.186,410.448,410.448,6900.0
0.6197,-24.93,-24.93,410.335,410.335,6900.0
0.6198,-24.07,-24.07,410.164,410.164,6900.0
0.6199,-23.461,-23.461,409.963,409.963,6900.0
0.62,-22.639,-22.639,409.752,409.752,6900.0
0.6201,-21.177,-21.177,409.525,409.525,6900.0
0.6202,-19.64,-19.64,409.243,409.243,6900.0
0.6203,-18.708,-18.708,408.905,408.905,6900.0
0.6204,-17.427,-17.427,408.536,408.536,6900.0
0.6205,-16.565,-16.565,408.133,408.133,6900.0
0.6206,-15.17,-15.17,407.709,407.709,6900.0
0.6207,-13.719,-13.719,407.246,407.246,6900.0
0.6208,-12.985,-12.985,406.744,406.744,6900.0
0.6209,-11.935,-11.935,406.224,406.224,6900.0
0.621,-10.813,-10.813,405.682,405.682,6900.0
0.6211,-9.67,-9.67,405.121,405.121,6900.0
0.6212,-8.261,-8.261,404.541,404.541,6900.0
0.6213,-6.669,-6.669,403.941,403.941,6900.0
0.6214,-5.248,-5.248,403.322,403.322,6900.0
0.6215,-3.911,-3.911,402.689,402.689,6900.0
0.6216,-2.786,-2.786,402.044,402.044,6900.0
0.6217,-1.46,-1.46,401.391,401.391,6900.0
0.6218,-0.238,-0.238,400.731,400.731,6900.0
0.6219,-0.0,-0.0,400.068,400.068,6900.0
0.622,1.188,1.188,399.404,399.404,6900.0
0.6221,1.316,1.316,398.741,398.741,6900.0
0.6222,2.262,2.262,398.079,398.079,6900.0
0.6223,3.486,3.486,397.42,397.42,6900.0
0.6224,4.455,4.455,396.768,396.768,6900.0
0.6225,6.126,6.126,396.125,396.125,6900.0
0.6226,7.327,7.327,395.499,395.499,6900.0
0.6227,8.356,8.356,394.884,394.884,6900.0
0.6228,9.63,9.63,394.276,394.276,6900.0
0.6229,11.17,11.17,393.686,393.686,6900.0
0.623,12.877,12.877,393.125,393.125,6900.0
0.6231,14.116,14.116,392.608,392.608,6900.0
0.6232,14.957,14.957,392.117,392.117,6900.0
0.6233,16.408,16.408,391.635,391.635,6900.0
0.6234,17.926,17.926,391.186,391.186,6900.0
0.6235,19.38,19.38,390.781,390.781,6900.0
0.6236,20.506,20.506,390.43,390.43,6900.0
0.6237,21.554,21.554,390.116,390.116,6900.0
0.6238,22.583,22.583,389.831,389.831,6900.0
0.6239,23.855,23.855,389.581,389.581,6900.0
0.624,24.938,24.938,389.373,389.373,6900.0
0.6241,26.282,26.282,389.206,389.206,6900.0
0.6242,27.516,27.516,389.087,389.087,6900.0
0.6243,28.444,28.444,389.017,389.017,6900.0
0.6244,29.316,29.316,388.986,388.986,6900.0
0.6245,30.253,30.253,388.991,388.991,6900.0
0.6246,31.375,31.375,389.03,389.03,6900.0
0.6247,32.404,32.404,389.118,389.118,6900.0
0.6248,33.341,33.341,389.268,389.268,6900.0
0.6249,34.192,34.192,389.467,389.467,6900.0
0.625,34.789,34.789,389.704,389.704,6900.0
0.6251,35.639,35.639,389.963,389.963,6900.0
0.6252,36.353,36.353,390.27,390.27,6900.0
0.6253,37.419,37.419,390.622,390.622,6900.0
0.6254,37.967,37.967,391.034,391.034,6900.0
0.6255,38.419,38.419,391.464,391.464,6900.0
0.6256,39.289,39.289,391.904,391.904,6900.0
0.6257,39.809,39.809,392.385,392.385,6900.0
0.6258,40.465,40.465,392.895,392.895,6900.0
0.6259,40.782,40.782,393.456,393.456,6900.0
0.626,40.876,40.876,394.028,394.028,6900.0
0.6261,41.302,41.302,394.607,394.607,6900.0
0.6262,41.445,41.445,395.215,395.215,6900.0
0.6263,41.834,41.834,395.83,395.83,6900.0
0.6264,42.087,42.087,396.488,396.488,6900.0
0.6265,42.074,42.074,397.155,397.155,6900.0
0.6266,42.318,42.318,397.825,397.825,6900.0
0.6267,42.151,42.151,398.509,398.509,6900.0
0.6268,42.151,42.151,399.171,399.171,6900.0
0.6269,42.33,42.33,399.843,399.843,6900.0
0.627,42.13,42.13,400.512,400.512,6900.0
0.6271,42.086,42.086,401.179,401.179,6900.0
0.6272,41.739,41.739,401.843,401.843,6900.0
0.6273,41.511,41.511,402.474,402.474,6900.0
0.6274,41.532,41.532,403.099,403.099,6900.0
0.6275,41.256,41.256,403.719,403.719,6900.0
0.6276,40.935,40.935,404.338,404.338,6900.0
0.6277,40.45,40.45,404.946,404.946,6900.0
0.6278,39.789,39.789,405.52,405.52,6900.0
0.6279,39.358,39.358,406.06,406.06,6900.0
0.628,38.8,38.8,406.574,406.574,6900.0
0.6281,38.519,38.519,407.067,407.067,6900.0
0.6282,37.856,37.856,407.539,407.539,6900.0
0.6283,37.179,37.179,407.967,407.967,6900.0
0.6284,36.46,36.46,408.352,408.352,6900.0
0.6285,35.939,35.939,408.698,408.698,6900.0
0.6286,35.33,35.33,409.022,409.022,6900.0
0.6287,34.619,34.619,409.316,409.316,6900.0
0.6288,33.8,33.8,409.578,409.578,6900.0
0.6289,32.992,32.992,409.801,409.801,6900.0
0.629,32.113,32.113,409.987,409.987,6900.0
0.6291,31.318,31.318,410.126,410.126,6900.0
0.6292,30.465,30.465,410.226,410.226,6900.0
0.6293,29.516,29.516,410.295,410.295,6900.0
0.6294,28.356,28.356,410.332,410.332,6900.0
0.6295,27.12,27.12,410.316,410.316,6900.0
0.6296,26.187,26.187,410.236,410.236,6900.0
0.6297,25.39,25.39,410.114,410.114,6900.0
0.6298,24.607,24.607,409.969,409.969,6900.0
0.6299,23.563,23.563,409.812,409.812,6900.0
0.63,22.049,22.049,409.613,409.613,6900.0
0.6301,20.862,20.862,409.347,409.347,6900.0
0.6302,19.876,19.876,409.038,409.038,6900.0
0.6303,18.979,18.979,408.693,408.693,6900.0
0.6304,18.007,18.007,408.332,408.332,6900.0
0.6305,16.477,16.477,407.941,407.941,6900.0
0.6306,15.306,15.306,407.504,407.504,6900.0
0.6307,14.213,14.213,407.04,407.04,6900.0
0.6308,13.01,13.01,406.549,406.549,6900.0
0.6309,11.904,11.904,406.039,406.039,6900.0
0.631,10.46,10.46,405.507,405.507,6900.0
0.6311,8.991,8.991,404.947,404.947,6900.0
0.6312,7.65,7.65,404.364,404.364,6900.0
0.6313,6.347,6.347,403.759,403.759,6900.0
0.6314,5.069,5.069,403.137,403.137,6900.0
0.6315,3.698,3.698,402.501,402.501,6900.0
0.6316,2.442,2.442,401.854,401.854,6900.0
0.6317,1.094,1.094,401.199,401.199,6900.0
0.6318,1.162,1.162,400.537,400.537,6900.0
0.6319,0.0,0.0,399.875,399.875,6900.0
0.632,-0.851,-0.851,399.21,399.21,6900.0
0.6321,-1.896,-1.896,398.546,398.546,6900.0
0.6322,-3.102,-3.102,397.884,397.884,6900.0
0.6323,-3.704,-3.704,397.226,397.226,6900.0
0.6324,-4.949,-4.949,396.575,396.575,6900.0
0.6325,-5.979,-5.979,395.934,395.934,6900.0
0.6326,-7.072,-7.072,395.299,395.299,6900.0
0.6327,-8.675,-8.675,394.675,394.675,6900.0
0.6328,-10.063,-10.063,394.073,394.073,6900.0
0.6329,-11.673,-11.673,393.5,393.5,6900.0
0.633,-12.698,-12.698,392.959,392.959,6900.0
0.6331,-13.673,-13.673,392.43,392.43,6900.0
0.6332,-15.196,-15.196,391.918,391.918,6900.0
0.6333,-16.697,-16.697,391.44,391.44,6900.0
0.6334,-18.14,-18.14,391.009,391.009,6900.0
0.6335,-19.198,-19.198,390.624,390.624,6900.0
0.6336,-20.438,-20.438,390.263,390.263,6900.0
0.6337,-21.699,-21.699,389.931,389.931,6900.0
0.6338,-23.095,-23.095,389.636,389.636,6900.0
0.6339,-24.266,-24.266,389.388,389.388,6900.0
0.634,-25.331,-25.331,389.186,389.186,6900.0
0.6341,-26.478,-26.478,389.023,389.023,6900.0
0.6342,-27.515,-27.515,388.906,388.906,6900.0
0.6343,-28.646,-28.646,388.829,388.829,6900.0
0.6344,-29.692,-29.692,388.796,388.796,6900.0
0.6345,-30.868,-30.868,388.809,388.809,6900.0
0.6346,-31.874,-31.874,388.876,388.876,6900.0
0.6347,-32.786,-32.786,388.995,388.995,6900.0
0.6348,-33.642,-33.642,389.157,389.157,6900.0
0.6349,-34.461,-34.461,389.348,389.348,6900.0
0.635,-35.425,-35.425,389.578,389.578,6900.0
0.6351,-36.505,-36.505,389.85,389.85,6900.0
0.6352,-37.384,-37.384,390.189,390.189,6900.0
0.6353,-37.751,-37.751,390.571,390.571,6900.0
0.6354,-38.28,-38.28,390.961,390.961,6900.0
0.6355,-38.94,-38.94,391.385,391.385,6900.0
0.6356,-39.575,-39.575,391.84,391.84,6900.0
0.6357,-40.207,-40.207,392.35,392.35,6900.0
0.6358,-40.668,-40.668,392.895,392.895,6900.0
0.6359,-41.056,-41.056,393.449,393.449,6900.0
0.636,-41.616,-41.616,394.033,394.033,6900.0
0.6361,-41.849,-41.849,394.637,394.637,6900.0
0.6362,-42.32,-42.32,395.268,395.268,6900.0
0.6363,-42.308,-42.308,395.929,395.929,6900.0
0.6364,-42.318,-42.318,396.578,396.578,6900.0
0.6365,-42.508,-42.508,397.244,397.244,6900.0
0.6366,-42.457,-42.457,397.911,397.911,6900.0
0.6367,-42.834,-42.834,398.581,398.581,6900.0
0.6368,-42.57,-42.57,399.278,399.278,6900.0
0.6369,-42.674,-42.674,399.956,399.956,6900.0
0.637,-42.524,-42.524,400.657,400.657,6900.0
0.6371,-42.199,-42.199,401.344,401.344,6900.0
0.6372,-42.244,-42.244,402.006,402.006,6900.0
0.6373,-42.036,-42.036,402.671,402.671,6900.0
0.6374,-41.84,-41.84,403.318,403.318,6900.0
0.6375,-41.492,-41.492,403.962,403.962,6900.0
0.6376,-40.885,-40.885,404.581,404.581,6900.0
0.6377,-40.584,-40.584,405.155,405.155,6900.0
0.6378,-40.207,-40.207,405.717,405.717,6900.0
0.6379,-39.971,-39.971,406.26,406.26,6900.0
0.638,-39.489,-39.489,406.801,406.801,6900.0
0.6381,-38.641,-38.641,407.316,407.316,6900.0
0.6382,-37.897,-37.897,407.781,407.781,6900.0
0.6383,-37.301,-37.301,408.21,408.21,6900.0
0.6384,-37.019,-37.019,408.608,408.608,6900.0
0.6385,-36.255,-36.255,408.989,408.989,6900.0
0.6386,-35.485,-35.485,409.331,409.331,6900.0
0.6387,-34.608,-34.608,409.631,409.631,6900.0
0.6388,-34.026,-34.026,409.885,409.885,6900.0
0.6389,-33.352,-33.352,410.104,410.104,6900.0
0.639,-32.533,-32.533,410.29,410.29,6900.0
0.6391,-31.501,-31.501,410.441,410.441,6900.0
0.6392,-30.595,-30.595,410.555,410.555,6900.0
0.6393,-29.494,-29.494,410.631,410.631,6900.0
0.6394,-28.362,-28.362,410.652,410.652,6900.0
0.6395,-27.388,-27.388,410.62,410.62,6900.0
0.6396,-26.602,-26.602,410.552,410.552,6900.0
0.6397,-25.743,-25.743,410.464,410.464,6900.0
0.6398,-24.599,-24.599,410.348,410.348,6900.0
0.6399,-23.243,-23.243,410.171,410.171,6900.0
0.64,-22.302,-22.302,409.933,409.933,6900.0
0.6401,-21.41,-21.41,409.659,409.659,6900.0
0.6402,-20.724,-20.724,409.365,409.365,6900.0
0.6403,-19.444,-19.444,409.056,409.056,6900.0
0.6404,-17.823,-17.823,408.705,408.705,6900.0
0.6405,-16.804,-16.804,408.306,408.306,6900.0
0.6406,-15.534,-15.534,407.88,407.88,6900.0
0.6407,-14.641,-14.641,407.426,407.426,6900.0
0.6408,-13.248,-13.248,406.955,406.955,6900.0
0.6409,-11.649,-11.649,406.45,406.45,6900.0
0.641,-10.414,-10.414,405.91,405.91,6900.0
0.6411,-9.141,-9.141,405.347,405.347,6900.0
0.6412,-8.094,-8.094,404.76,404.76,6900.0
0.6413,-6.64,-6.64,404.159,404.159,6900.0
0.6414,-5.156,-5.156,403.539,403.539,6900.0
0.6415,-3.922,-3.922,402.903,402.903,6900.0
0.6416,-2.82,-2.82,402.258,402.258,6900.0
0.6417,-1.409,-1.409,401.604,401.604,6900.0
0.6418,-1.571,-1.571,400.944,400.944,6900.0
0.6419,-0.441,-0.441,400.283,400.283,6900.0
0.642,0.315,0.315,399.619,399.619,6900.0
0.6421,2.408,2.408,398.954,398.954,6900.0
0.6422,2.643,2.643,398.294,398.294,6900.0
0.6423,3.357,3.357,397.637,397.637,6900.0
0.6424,4.251,4.251,396.985,396.985,6900.0
0.6425,5.766,5.766,396.339,396.339,6900.0
0.6426,7.051,7.051,395.706,395.706,6900.0
0.6427,8.662,8.662,395.089,395.089,6900.0
0.6428,9.969,9.969,394.5,394.5,6900.0
0.6429,10.847,10.847,393.925,393.925,6900.0
0.643,12.408,12.408,393.357,393.357,6900.0
0.6431,14.059,14.059,392.815,392.815,6900.0
0.6432,15.784,15.784,392.313,392.313,6900.0
0.6433,16.921,16.921,391.864,391.864,6900.0
0.6434,17.841,17.841,391.444,391.444,6900.0
0.6435,19.038,19.038,391.041,391.041,6900.0
0.6436,20.665,20.665,390.666,390.666,6900.0
0.6437,22.138,22.138,390.336,390.336,6900.0
0.6438,23.148,23.148,390.058,390.058,6900.0
0.6439,24.142,24.142,389.816,389.816,6900.0
0.644,25.282,25.282,389.606,389.606,6900.0
0.6441,26.383,26.383,389.44,389.44,6900.0
0.6442,27.539,27.539,389.315,389.315,6900.0
0.6443,28.608,28.608,389.237,389.237,6900.0
0.6444,29.549,29.549,389.207,389.207,6900.0
0.6445,30.443,30.443,389.228,389.228,6900.0
0.6446,31.244,31.244,389.293,389.293,6900.0
0.6447,32.129,32.129,389.389,389.389,6900.0
0.6448,33.11,33.11,389.517,389.517,6900.0
0.6449,34.043,34.043,389.689,389.689,6900.0
0.645,35.132,35.132,389.914,389.914,6900.0
0.6451,35.887,35.887,390.195,390.195,6900.0
0.6452,36.475,36.475,390.505,390.505,6900.0
0.6453,37.485,37.485,390.833,390.833,6900.0
0.6454,38.123,38.123,391.215,391.215,6900.0
0.6455,39.027,39.027,391.64,391.64,6900.0
0.6456,39.325,39.325,392.129,392.129,6900.0
0.6457,39.5,39.5,392.632,392.632,6900.0
0.6458,40.249,40.249,393.141,393.141,6900.0
0.6459,40.65,40.65,393.688,393.688,6900.0
0.646,41.211,41.211,394.253,394.253,6900.0
0.6461,41.324,41.324,394.864,394.864,6900.0
0.6462,41.303,41.303,395.471,395.471,6900.0
0.6463,41.874,41.874,396.076,396.076,6900.0
0.6464,42.037,42.037,396.711,396.711,6900.0
0.6465,42.24,42.24,397.346,397.346,6900.0
0.6466,42.359,42.359,398.013,398.013,6900.0
0.6467,42.276,42.276,398.685,398.685,6900.0
0.6468,42.436,42.436,399.363,399.363,6900.0
0.6469,42.358,42.358,400.054,400.054,6900.0
0.647,42.143,42.143,400.729,400.729,6900.0
0.6471,42.347,42.347,401.405,401.405,6900.0
0.6472,42.072,42.072,402.081,402.081,6900.0
0.6473,41.991,41.991,402.749,402.749,6900.0
0.6474,41.661,41.661,403.406,403.406,6900.0
0.6475,41.192,41.192,404.027,404.027,6900.0
0.6476,40.892,40.892,404.624,404.624,6900.0
0.6477,40.606,40.606,405.199,405.199,6900.0
0.6478,40.405,40.405,405.768,405.768,6900.0
0.6479,39.803,39.803,406.33,406.33,6900.0
0.648,39.104,39.104,406.855,406.855,6900.0
0.6481,38.746,38.746,407.344,407.344,6900.0
0.6482,38.335,38.335,407.812,407.812,6900.0
0.6483,37.694,37.694,408.267,408.267,6900.0
0.6484,37.034,37.034,408.688,408.688,6900.0
0.6485,36.172,36.172,409.071,409.071,6900.0
0.6486,35.264,35.264,409.406,409.406,6900.0
0.6487,34.57,34.57,409.696,409.696,6900.0
0.6488,33.78,33.78,409.951,409.951,6900.0
0.6489,33.153,33.153,410.168,410.168,6900.0
0.649,32.296,32.296,410.355,410.355,6900.0
0.6491,31.31,31.31,410.507,410.507,6900.0
0.6492,30.366,30.366,410.612,410.612,6900.0
0.6493,29.347,29.347,410.667,410.667,6900.0
0.6494,28.515,28.515,410.677,410.677,6900.0
0.6495,27.643,27.643,410.659,410.659,6900.0
0.6496,26.531,26.531,410.619,410.619,6900.0
0.6497,25.152,25.152,410.531,410.531,6900.0
0.6498,24.203,24.203,410.373,410.373,6900.0
0.6499,23.345,23.345,410.173,410.173,6900.0
0.65,22.518,22.518,409.949,409.949,6900.0
0.6501,21.562,21.562,409.713,409.713,6900.0
0.6502,20.036,20.036,409.445,409.445,6900.0
0.6503,18.743,18.743,409.117,409.117,6900.0
0.6504,17.799,17.799,408.749,408.749,6900.0
0.6505,16.805,16.805,408.349,408.349,6900.0
0.6506,15.609,15.609,407.929,407.929,6900.0
0.6507,14.378,14.378,407.478,407.478,6900.0
0.6508,13.031,13.031,406.989,406.989,6900.0
0.6509,11.974,11.974,406.472,406.472,6900.0
0.651,10.617,10.617,405.93,405.93,6900.0
0.6511,9.491,9.491,405.369,405.369,6900.0
0.6512,8.073,8.073,404.789,404.789,6900.0
0.6513,6.633,6.633,404.188,404.188,6900.0
0.6514,5.355,5.355,403.57,403.57,6900.0
0.6515,3.982,3.982,402.938,402.938,6900.0
0.6516,2.526,2.526,402.294,402.294,6900.0
0.6517,1.372,1.372,401.64,401.64,6900.0
0.6518,0.261,0.261,400.981,400.981,6900.0
0.6519,0.0,0.0,400.319,400.319,6900.0
0.652,0.0,0.0,399.655,399.655,6900.0
0.6521,-1.909,-1.909,398.992,398.992,6900.0
0.6522,-2.425,-2.425,398.331,398.331,6900.0
0.6523,-3.449,-3.449,397.673,397.673,6900.0
0.6524,-4.716,-4.716,397.021,397.021,6900.0
0.6525,-5.977,-5.977,396.378,396.378,6900.0
0.6526,-7.268,-7.268,395.751,395.751,6900.0
0.6527,-8.36,-8.36,395.138,395.138,6900.0
0.6528,-9.467,-9.467,394.532,394.532,6900.0
0.6529,-11.09,-11.09,393.938,393.938,6900.0
0.653,-12.534,-12.534,393.371,393.371,6900.0
0.6531,-14.137,-14.137,392.84,392.84,6900.0
0.6532,-15.135,-15.135,392.351,392.351,6900.0
0.6533,-16.132,-16.132,391.878,391.878,6900.0
0.6534,-17.614,-17.614,391.425,391.425,6900.0
0.6535,-19.028,-19.028,391.013,391.013,6900.0
0.6536,-20.524,-20.524,390.649,390.649,6900.0
0.6537,-21.751,-21.751,390.334,390.334,6900.0
0.6538,-22.853,-22.853,390.053,390.053,6900.0
0.6539,-24.094,-24.094,389.805,389.805,6900.0
0.654,-25.287,-25.287,389.595,389.595,6900.0
0.6541,-26.3,-26.3,389.428,389.428,6900.0
0.6542,-27.285,-27.285,389.303,389.303,6900.0
0.6543,-28.587,-28.587,389.218,389.218,6900.0
0.6544,-29.604,-29.604,389.189,389.189,6900.0
0.6545,-30.624,-30.624,389.201,389.201,6900.0
0.6546,-31.615,-31.615,389.251,389.251,6900.0
0.6547,-32.727,-32.727,389.347,389.347,6900.0
0.6548,-33.714,-33.714,389.497,389.497,6900.0
0.6549,-34.599,-34.599,389.706,389.706,6900.0
0.655,-35.317,-35.317,389.956,389.956,6900.0
0.6551,-36.055,-36.055,390.229,390.229,6900.0
0.6552,-36.835,-36.835,390.542,390.542,6900.0
0.6553,-37.608,-37.608,390.891,390.891,6900.0
0.6554,-38.423,-38.423,391.297,391.297,6900.0
0.6555,-38.892,-38.892,391.742,391.742,6900.0
0.6556,-39.333,-39.333,392.196,392.196,6900.0
0.6557,-39.948,-39.948,392.68,392.68,6900.0
0.6558,-40.575,-40.575,393.185,393.185,6900.0
0.6559,-41.334,-41.334,393.743,393.743,6900.0
0.656,-41.51,-41.51,394.343,394.343,6900.0
0.6561,-41.666,-41.666,394.942,394.942,6900.0
0.6562,-41.867,-41.867,395.566,395.566,6900.0
0.6563,-42.071,-42.071,396.196,396.196,6900.0
0.6564,-42.487,-42.487,396.85,396.85,6900.0
0.6565,-42.45,-42.45,397.532,397.532,6900.0
0.6566,-42.551,-42.551,398.202,398.202,6900.0
0.6567,-42.578,-42.578,398.889,398.889,6900.0
0.6568,-42.452,-42.452,399.568,399.568,6900.0
0.6569,-42.538,-42.538,400.237,400.237,6900.0
0.657,-42.301,-42.301,400.919,400.919,6900.0
0.6571,-42.282,-42.282,401.583,401.583,6900.0
0.6572,-42.004,-42.004,402.262,402.262,6900.0
0.6573,-41.699,-41.699,402.921,402.921,6900.0
0.6574,-41.7,-41.7,403.551,403.551,6900.0
0.6575,-41.407,-41.407,404.184,404.184,6900.0
0.6576,-41.203,-41.203,404.796,404.796,6900.0
0.6577,-40.693,-40.693,405.409,405.409,6900.0
0.6578,-40.241,-40.241,405.986,405.986,6900.0
0.6579,-39.828,-39.828,406.525,406.525,6900.0
0.658,-39.345,-39.345,407.047,407.047,6900.0
0.6581,-38.792,-38.792,407.545,407.545,6900.0
0.6582,-38.23,-38.23,408.024,408.024,6900.0
0.6583,-37.409,-37.409,408.474,408.474,6900.0
0.6584,-36.778,-36.778,408.875,408.875,6900.0
0.6585,-36.112,-36.112,409.242,409.242,6900.0
0.6586,-35.63,-35.63,409.573,409.573,6900.0
0.6587,-34.74,-34.74,409.879,409.879,6900.0
0.6588,-33.979,-33.979,410.144,410.144,6900.0
0.6589,-33.281,-33.281,410.372,410.372,6900.0
0.659,-32.288,-32.288,410.561,410.561,6900.0
0.6591,-31.349,-31.349,410.703,410.703,6900.0
0.6592,-30.523,-30.523,410.798,410.798,6900.0
0.6593,-29.713,-29.713,410.86,410.86,6900.0
0.6594,-28.779,-28.779,410.896,410.896,6900.0
0.6595,-27.588,-27.588,410.897,410.897,6900.0
0.6596,-26.421,-26.421,410.839,410.839,6900.0
0.6597,-25.574,-25.574,410.727,410.727,6900.0
0.6598,-24.654,-24.654,410.584,410.584,6900.0
0.6599,-23.839,-23.839,410.421,410.421,6900.0
0.66,-22.446,-22.446,410.238,410.238,6900.0
0.6601,-21.123,-21.123,409.993,409.993,6900.0
0.6602,-20.132,-20.132,409.691,409.691,6900.0
0.6603,-19.1,-19.1,409.353,409.353,6900.0
0.6604,-18.124,-18.124,408.986,408.986,6900.0
0.6605,-16.842,-16.842,408.598,408.598,6900.0
0.6606,-15.491,-15.491,408.171,408.171,6900.0
0.6607,-14.451,-14.451,407.706,407.706,6900.0
0.6608,-13.204,-13.204,407.219,407.219,6900.0
0.6609,-12.218,-12.218,406.708,406.708,6900.0
0.661,-10.849,-10.849,406.182,406.182,6900.0
0.6611,-9.344,-9.344,405.63,405.63,6900.0
0.6612,-8.097,-8.097,405.052,405.052,6900.0
0.6613,-6.595,-6.595,404.454,404.454,6900.0
0.6614,-5.31,-5.31,403.837,403.837,6900.0
0.6615,-4.029,-4.029,403.205,403.205,6900.0
0.6616,-2.732,-2.732,402.561,402.561,6900.0
0.6617,-1.547,-1.547,401.908,401.908,6900.0
0.6618,-1.577,-1.577,401.248,401.248,6900.0
0.6619,-0.0,-0.0,400.587,400.587,6900.0
0.662,-0.0,-0.0,399.924,399.924,6900.0
0.6621,1.221,1.221,399.261,399.261,6900.0
0.6622,2.165,2.165,398.598,398.598,6900.0
0.6623,3.181,3.181,397.938,397.938,6900.0
0.6624,4.706,4.706,397.284,397.284,6900.0
0.6625,5.837,5.837,396.642,396.642,6900.0
0.6626,6.858,6.858,396.008,396.008,6900.0
0.6627,8.375,8.375,395.38,395.38,6900.0
0.6628,9.822,9.822,394.773,394.773,6900.0
0.6629,11.594,11.594,394.19,394.19,6900.0
0.663,12.98,12.98,393.648,393.648,6900.0
0.6631,13.609,13.609,393.131,393.131,6900.0
0.6632,15.021,15.021,392.622,392.622,6900.0
0.6633,16.467,16.467,392.142,392.142,6900.0
0.6634,17.972,17.972,391.704,391.704,6900.0
0.6635,19.26,19.26,391.317,391.317,6900.0
0.6636,20.22,20.22,390.966,390.966,6900.0
0.6637,21.363,21.363,390.635,390.635,6900.0
0.6638,22.618,22.618,390.334,390.334,6900.0
0.6639,23.727,23.727,390.073,390.073,6900.0
0.664,24.907,24.907,389.854,389.854,6900.0
0.6641,26.023,26.023,389.678,389.678,6900.0
0.6642,27.114,27.114,389.547,389.547,6900.0
0.6643,28.144,28.144,389.462,389.462,6900.0
0.6644,29.125,29.125,389.419,389.419,6900.0
0.6645,30.172,30.172,389.419,389.419,6900.0
0.6646,31.178,31.178,389.47,389.47,6900.0
0.6647,32.248,32.248,389.576,389.576,6900.0
0.6648,33.02,33.02,389.733,389.733,6900.0
0.6649,33.594,33.594,389.92,389.92,6900.0
0.665,34.635,34.635,390.124,390.124,6900.0
0.6651,35.412,35.412,390.373,390.373,6900.0
0.6652,36.413,36.413,390.666,390.666,6900.0
0.6653,36.99,36.99,391.013,391.013,6900.0
0.6654,37.437,37.437,391.381,391.381,6900.0
0.6655,38.274,38.274,391.767,391.767,6900.0
0.6656,38.916,38.916,392.2,392.2,6900.0
0.6657,39.772,39.772,392.676,392.676,6900.0
0.6658,40.259,40.259,393.217,393.217,6900.0
0.6659,40.413,40.413,393.778,393.778,6900.0
0.666,40.983,40.983,394.348,394.348,6900.0
0.6661,41.244,41.244,394.947,394.947,6900.0
0.6662,41.539,41.539,395.554,395.554,6900.0
0.6663,41.677,41.677,396.19,396.19,6900.0
0.6664,41.672,41.672,396.822,396.822,6900.0
0.6665,41.969,41.969,397.451,397.451,6900.0
0.6666,42.206,42.206,398.093,398.093,6900.0
0.6667,42.289,42.289,398.735,398.735,6900.0
0.6668,42.476,42.476,399.4,399.4,6900.0
0.6669,42.284,42.284,400.074,400.074,6900.0
0.667,42.455,42.455,400.753,400.753,6900.0
0.6671,42.222,42.222,401.449,401.449,6900.0
0.6672,41.986,41.986,402.121,402.121,6900.0
0.6673,41.783,41.783,402.791,402.791,6900.0
0.6674,41.362,41.362,403.441,403.441,6900.0
0.6675,41.325,41.325,404.075,404.075,6900.0
0.6676,40.73,40.73,404.7,404.7,6900.0
0.6677,40.171,40.171,405.277,405.277,6900.0
0.6678,39.892,39.892,405.822,405.822,6900.0
0.6679,39.515,39.515,406.343,406.343,6900.0
0.668,39.156,39.156,406.856,406.856,6900.0
0.6681,38.643,38.643,407.353,407.353,6900.0
0.6682,37.954,37.954,407.82,407.82,6900.0
0.6683,37.5,37.5,408.248,408.248,6900.0
0.6684,36.841,36.841,408.654,408.654,6900.0
0.6685,36.18,36.18,409.036,409.036,6900.0
0.6686,35.514,35.514,409.386,409.386,6900.0
0.6687,34.666,34.666,409.7,409.7,6900.0
0.6688,33.782,33.782,409.966,409.966,6900.0
0.6689,32.856,32.856,410.188,410.188,6900.0
0.669,31.983,31.983,410.362,410.362,6900.0
0.6691,31.191,31.191,410.495,410.495,6900.0
0.6692,30.405,30.405,410.594,410.594,6900.0
0.6693,29.387,29.387,410.663,410.663,6900.0
0.6694,28.339,28.339,410.687,410.687,6900.0
0.6695,27.318,27.318,410.655,410.655,6900.0
0.6696,26.343,26.343,410.583,410.583,6900.0
0.6697,25.481,25.481,410.484,410.484,6900.0
0.6698,24.559,24.559,410.368,410.368,6900.0
0.6699,23.204,23.204,410.209,410.209,6900.0
0.67,21.999,21.999,409.98,409.98,6900.0
0.6701,21.215,21.215,409.704,409.704,6900.0
0.6702,20.601,20.601,409.397,409.397,6900.0
0.6703,19.498,19.498,409.082,409.082,6900.0
0.6704,18.105,18.105,408.734,408.734,6900.0
0.6705,16.912,16.912,408.338,408.338,6900.0
0.6706,15.842,15.842,407.913,407.913,6900.0
0.6707,14.81,14.81,407.46,407.46,6900.0
0.6708,13.497,13.497,406.992,406.992,6900.0
0.6709,11.807,11.807,406.495,406.495,6900.0
0.671,10.356,10.356,405.961,405.961,6900.0
0.6711,9.299,9.299,405.401,405.401,6900.0
0.6712,7.994,7.994,404.818,404.818,6900.0
0.6713,6.739,6.739,404.216,404.216,6900.0
0.6714,5.386,5.386,403.598,403.598,6900.0
0.6715,4.043,4.043,402.965,402.965,6900.0
0.6716,2.624,2.624,402.32,402.32,6900.0
0.6717,1.33,1.33,401.666,401.666,6900.0
0.6718,0.223,0.223,401.006,401.006,6900.0
0.6719,0.0,0.0,400.343,400.343,6900.0
0.672,0.0,0.0,399.68,399.68,6900.0
0.6721,-1.851,-1.851,399.015,399.015,6900.0
0.6722,-2.545,-2.545,398.353,398.353,6900.0
0.6723,-3.763,-3.763,397.695,397.695,6900.0
0.6724,-4.769,-4.769,397.044,397.044,6900.0
0.6725,-6.082,-6.082,396.399,396.399,6900.0
0.6726,-7.311,-7.311,395.767,395.767,6900.0
0.6727,-8.545,-8.545,395.149,395.149,6900.0
0.6728,-10.108,-10.108,394.556,394.556,6900.0
0.6729,-11.078,-11.078,393.987,393.987,6900.0
0.673,-12.287,-12.287,393.426,393.426,6900.0
0.6731,-13.613,-13.613,392.882,392.882,6900.0
0.6732,-15.063,-15.063,392.368,392.368,6900.0
0.6733,-16.774,-16.774,391.898,391.898,6900.0
0.6734,-17.873,-17.873,391.476,391.476,6900.0
0.6735,-18.814,-18.814,391.078,391.078,6900.0
0.6736,-19.893,-19.893,390.703,390.703,6900.0
0.6737,-21.219,-21.219,390.359,390.359,6900.0
0.6738,-22.57,-22.57,390.06,390.06,6900.0
0.6739,-23.825,-23.825,389.805,389.805,6900.0
0.674,-24.887,-24.887,389.592,389.592,6900.0
0.6741,-26.045,-26.045,389.413,389.413,6900.0
0.6742,-27.117,-27.117,389.276,389.276,6900.0
0.6743,-28.311,-28.311,389.18,389.18,6900.0
0.6744,-29.496,-29.496,389.136,389.136,6900.0
0.6745,-30.635,-30.635,389.144,389.144,6900.0
0.6746,-31.742,-31.742,389.209,389.209,6900.0
0.6747,-32.592,-32.592,389.323,389.323,6900.0
0.6748,-33.332,-33.332,389.468,389.468,6900.0
0.6749,-34.398,-34.398,389.649,389.649,6900.0
0.675,-35.356,-35.356,389.878,389.878,6900.0
0.6751,-36.13,-36.13,390.164,390.164,6900.0
0.6752,-36.691,-36.691,390.487,390.487,6900.0
0.6753,-37.229,-37.229,390.825,390.825,6900.0
0.6754,-37.941,-37.941,391.196,391.196,6900.0
0.6755,-38.882,-38.882,391.6,391.6,6900.0
0.6756,-39.459,-39.459,392.072,392.072,6900.0
0.6757,-39.756,-39.756,392.581,392.581,6900.0
0.6758,-40.28,-40.28,393.092,393.092,6900.0
0.6759,-40.869,-40.869,393.638,393.638,6900.0
0.676,-41.155,-41.155,394.209,394.209,6900.0
0.6761,-41.625,-41.625,394.813,394.813,6900.0
0.6762,-41.658,-41.658,395.445,395.445,6900.0
0.6763,-41.811,-41.811,396.067,396.067,6900.0
0.6764,-42.129,-42.129,396.708,396.708,6900.0
0.6765,-42.193,-42.193,397.355,397.355,6900.0
0.6766,-42.494,-42.494,398.012,398.012,6900.0
0.6767,-42.464,-42.464,398.692,398.692,6900.0
0.6768,-42.487,-42.487,399.363,399.363,6900.0
0.6769,-42.366,-42.366,400.05,400.05,6900.0
0.677,-42.005,-42.005,400.728,400.728,6900.0
0.6771,-42.241,-42.241,401.383,401.383,6900.0
0.6772,-41.968,-41.968,402.056,402.056,6900.0
0.6773,-41.894,-41.894,402.711,402.711,6900.0
0.6774,-41.562,-41.562,403.374,403.374,6900.0
0.6775,-41.178,-41.178,404.012,404.012,6900.0
0.6776,-40.945,-40.945,404.614,404.614,6900.0
0.6777,-40.66,-40.66,405.202,405.202,6900.0
0.6778,-40.328,-40.328,405.769,405.769,6900.0
0.6779,-39.698,-39.698,406.327,406.327,6900.0
0.678,-39.121,-39.121,406.849,406.849,6900.0
0.6781,-38.763,-38.763,407.328,407.328,6900.0
0.6782,-38.096,-38.096,407.791,407.791,6900.0
0.6783,-37.549,-37.549,408.225,408.225,6900.0
0.6784,-36.954,-36.954,408.641,408.641,6900.0
0.6785,-36.167,-36.167,409.027,409.027,6900.0
0.6786,-35.329,-35.329,409.371,409.371,6900.0
0.6787,-34.685,-34.685,409.673,409.673,6900.0
0.6788,-33.844,-33.844,409.938,409.938,6900.0
0.6789,-32.993,-32.993,410.161,410.161,6900.0
0.679,-32.155,-32.155,410.345,410.345,6900.0
0.6791,-31.252,-31.252,410.492,410.492,6900.0
0.6792,-30.343,-30.343,410.597,410.597,6900.0
0.6793,-29.346,-29.346,410.653,410.653,6900.0
0.6794,-28.544,-28.544,410.66,410.66,6900.0
0.6795,-27.762,-27.762,410.636,410.636,6900.0
0.6796,-26.91,-26.91,410.589,410.589,6900.0
0.6797,-25.641,-25.641,410.516,410.516,6900.0
0.6798,-24.382,-24.382,410.381,410.381,6900.0
0.6799,-23.455,-23.455,410.189,410.189,6900.0
0.68,-22.636,-22.636,409.964,409.964,6900.0
0.6801,-21.596,-21.596,409.723,409.723,6900.0
0.6802,-20.187,-20.187,409.461,409.461,6900.0
0.6803,-18.683,-18.683,409.147,409.147,6900.0
0.6804,-17.766,-17.766,408.781,408.781,6900.0
0.6805,-16.559,-16.559,408.385,408.385,6900.0
0.6806,-15.703,-15.703,407.958,407.958,6900.0
0.6807,-14.451,-14.451,407.51,407.51,6900.0
0.6808,-13.153,-13.153,407.026,407.026,6900.0
0.6809,-12.022,-12.022,406.509,406.509,6900.0
0.681,-10.808,-10.808,405.968,405.968,6900.0
0.6811,-9.654,-9.654,405.406,405.406,6900.0
0.6812,-8.272,-8.272,404.827,404.827,6900.0
0.6813,-6.885,-6.885,404.228,404.228,6900.0
0.6814,-5.575,-5.575,403.612,403.612,6900.0
0.6815,-4.185,-4.185,402.982,402.982,6900.0
0.6816,-3.048,-3.048,402.34,402.34,6900.0
0.6817,-1.765,-1.765,401.689,401.689,6900.0
0.6818,-0.455,-0.455,401.031,401.031,6900.0
0.6819,0.0,0.0,400.369,400.369,6900.0
0.682,-0.0,-0.0,399.705,399.705,6900.0
0.6821,2.678,2.678,399.041,399.041,6900.0
0.6822,2.14,2.14,398.383,398.383,6900.0
0.6823,2.955,2.955,397.725,397.725,6900.0
0.6824,4.307,4.307,397.07,397.07,6900.0
0.6825,5.534,5.534,396.426,396.426,6900.0
0.6826,7.033,7.033,395.793,395.793,6900.0
0.6827,8.326,8.326,395.18,395.18,6900.0
0.6828,9.185,9.185,394.579,394.579,6900.0
0.6829,10.648,10.648,393.982,393.982,6900.0
0.683,12.208,12.208,393.406,393.406,6900.0
0.6831,13.963,13.963,392.862,392.862,6900.0
0.6832,15.262,15.262,392.365,392.365,6900.0
0.6833,16.353,16.353,391.898,391.898,6900.0
0.6834,17.646,17.646,391.45,391.45,6900.0
0.6835,19.042,19.042,391.035,391.035,6900.0
0.6836,20.539,20.539,390.666,390.666,6900.0
0.6837,21.64,21.64,390.352,390.352,6900.0
0.6838,22.597,22.597,390.078,390.078,6900.0
0.6839,23.566,23.566,389.831,389.831,6900.0
0.684,24.676,24.676,389.614,389.614,6900.0
0.6841,25.717,25.717,389.436,389.436,6900.0
0.6842,26.931,26.931,389.294,389.294,6900.0
0.6843,28.027,28.027,389.197,389.197,6900.0
0.6844,29.041,29.041,389.147,389.147,6900.0
0.6845,30.166,30.166,389.14,389.14,6900.0
0.6846,30.837,30.837,389.18,389.18,6900.0
0.6847,31.889,31.889,389.25,389.25,6900.0
0.6848,32.901,32.901,389.375,389.375,6900.0
0.6849,33.934,33.934,389.561,389.561,6900.0
0.685,34.657,34.657,389.802,389.802,6900.0
0.6851,35.327,35.327,390.072,390.072,6900.0
0.6852,36.259,36.259,390.365,390.365,6900.0
0.6853,36.85,36.85,390.701,390.701,6900.0
0.6854,37.642,37.642,391.073,391.073,6900.0
0.6855,38.278,38.278,391.49,391.49,6900.0
0.6856,38.74,38.74,391.927,391.927,6900.0
0.6857,39.503,39.503,392.379,392.379,6900.0
0.6858,39.931,39.931,392.871,392.871,6900.0
0.6859,40.531,40.531,393.393,393.393,6900.0
0.686,40.847,40.847,393.97,393.97,6900.0
0.6861,41.002,41.002,394.563,394.563,6900.0
0.6862,41.559,41.559,395.168,395.168,6900.0
0.6863,41.745,41.745,395.803,395.803,6900.0
0.6864,42.063,42.063,396.443,396.443,6900.0
0.6865,42.119,42.119,397.117,397.117,6900.0
0.6866,41.921,41.921,397.784,397.784,6900.0
0.6867,42.025,42.025,398.443,398.443,6900.0
0.6868,42.037,42.037,399.105,399.105,6900.0
0.6869,42.011,42.011,399.751,399.751,6900.0
0.687,42.157,42.157,400.407,400.407,6900.0
0.6871,41.843,41.843,401.063,401.063,6900.0
0.6872,42.054,42.054,401.715,401.715,6900.0
0.6873,41.852,41.852,402.38,402.38,6900.0
0.6874,41.392,41.392,403.023,403.023,6900.0
0.6875,41.364,41.364,403.649,403.649,6900.0
0.6876,40.764,40.764,404.269,404.269,6900.0
0.6877,40.39,40.39,404.873,404.873,6900.0
0.6878,39.907,39.907,405.457,405.457,6900.0
0.6879,39.372,39.372,406.001,406.001,6900.0
0.688,39.112,39.112,406.509,406.509,6900.0
0.6881,38.62,38.62,406.992,406.992,6900.0
0.6882,38.192,38.192,407.458,407.458,6900.0
0.6883,37.499,37.499,407.902,407.902,6900.0
0.6884,36.662,36.662,408.306,408.306,6900.0
0.6885,35.875,35.875,408.667,408.667,6900.0
0.6886,35.425,35.425,408.991,408.991,6900.0
0.6887,34.761,34.761,409.293,409.293,6900.0
0.6888,33.901,33.901,409.567,409.567,6900.0
0.6889,33.043,33.043,409.803,409.803,6900.0
0.689,32.012,32.012,409.998,409.998,6900.0
0.6891,31.197,31.197,410.143,410.143,6900.0
0.6892,30.339,30.339,410.241,410.241,6900.0
0.6893,29.451,29.451,410.297,410.297,6900.0
0.6894,28.628,28.628,410.32,410.32,6900.0
0.6895,27.562,27.562,410.317,410.317,6900.0
0.6896,26.293,26.293,410.267,410.267,6900.0
0.6897,25.338,25.338,410.153,410.153,6900.0
0.6898,24.575,24.575,409.998,409.998,6900.0
0.6899,23.793,23.793,409.824,409.824,6900.0
0.69,22.827,22.827,409.638,409.638,6900.0
0.6901,21.33,21.33,409.415,409.415,6900.0
0.6902,20.106,20.106,409.126,409.126,6900.0
0.6903,18.99,18.99,408.795,408.795,6900.0
0.6904,18.08,18.08,408.425,408.425,6900.0
0.6905,17.091,17.091,408.035,408.035,6900.0
0.6906,15.867,15.867,407.616,407.616,6900.0
0.6907,14.571,14.571,407.156,407.156,6900.0
0.6908,13.475,13.475,406.669,406.669,6900.0
0.6909,12.329,12.329,406.157,406.157,6900.0
0.691,11.155,11.155,405.629,405.629,6900.0
0.6911,9.608,9.608,405.08,405.08,6900.0
0.6912,8.015,8.015,404.505,404.505,6900.0
0.6913,6.802,6.802,403.906,403.906,6900.0
0.6914,5.339,5.339,403.291,403.291,6900.0
0.6915,4.079,4.079,402.659,402.659,6900.0
0.6916,2.976,2.976,402.015,402.015,6900.0
0.6917,1.756,1.756,401.362,401.362,6900.0
0.6918,0.404,0.404,400.703,400.703,6900.0
0.6919,-0.0,-0.0,400.04,400.04,6900.0
0.692,0.0,0.0,399.376,399.376,6900.0
0.6921,-1.511,-1.511,398.712,398.712,6900.0
0.6922,-2.235,-2.235,398.049,398.049,6900.0
0.6923,-3.515,-3.515,397.388,397.388,6900.0
0.6924,-4.692,-4.692,396.733,396.733,6900.0
0.6925,-6.158,-6.158,396.089,396.089,6900.0
0.6926,-6.942,-6.942,395.458,395.458,6900.0
0.6927,-8.173,-8.173,394.831,394.831,6900.0
0.6928,-9.731,-9.731,394.218,394.218,6900.0
0.6929,-11.23,-11.23,393.63,393.63,6900.0
0.693,-12.843,-12.843,393.076,393.076,6900.0
0.6931,-13.721,-13.721,392.56,392.56,6900.0
0.6932,-14.813,-14.813,392.054,392.054,6900.0
0.6933,-16.268,-16.268,391.568,391.568,6900.0
0.6934,-17.785,-17.785,391.118,391.118,6900.0
0.6935,-19.264,-19.264,390.716,390.716,6900.0
0.6936,-20.333,-20.333,390.362,390.362,6900.0
0.6937,-21.268,-21.268,390.036,390.036,6900.0
0.6938,-22.549,-22.549,389.734,389.734,6900.0
0.6939,-23.911,-23.911,389.471,389.471,6900.0
0.694,-25.141,-25.141,389.254,389.254,6900.0
0.6941,-26.226,-26.226,389.083,389.083,6900.0
0.6942,-27.392,-27.392,388.956,388.956,6900.0
0.6943,-28.569,-28.569,388.874,388.874,6900.0
0.6944,-29.467,-29.467,388.838,388.838,6900.0
0.6945,-30.387,-30.387,388.841,388.841,6900.0
0.6946,-31.627,-31.627,388.887,388.887,6900.0
0.6947,-32.671,-32.671,388.989,388.989,6900.0
0.6948,-33.551,-33.551,389.15,389.15,6900.0
0.6949,-34.191,-34.191,389.354,389.354,6900.0
0.695,-34.939,-34.939,389.579,389.579,6900.0
0.6951,-36.004,-36.004,389.84,389.84,6900.0
0.6952,-36.887,-36.887,390.144,390.144,6900.0
0.6953,-37.683,-37.683,390.505,390.505,6900.0
0.6954,-38.342,-38.342,390.901,390.901,6900.0
0.6955,-39.049,-39.049,391.313,391.313,6900.0
0.6956,-39.599,-39.599,391.767,391.767,6900.0
0.6957,-40.291,-40.291,392.248,392.248,6900.0
0.6958,-40.901,-40.901,392.791,392.791,6900.0
0.6959,-41.086,-41.086,393.373,393.373,6900.0
0.696,-41.477,-41.477,393.954,393.954,6900.0
0.6961,-41.886,-41.886,394.566,394.566,6900.0
0.6962,-41.954,-41.954,395.192,395.192,6900.0
0.6963,-42.385,-42.385,395.838,395.838,6900.0
0.6964,-42.392,-42.392,396.506,396.506,6900.0
0.6965,-42.572,-42.572,397.161,397.161,6900.0
0.6966,-42.634,-42.634,397.835,397.835,6900.0
0.6967,-42.465,-42.465,398.504,398.504,6900.0
0.6968,-42.787,-42.787,399.167,399.167,6900.0
0.6969,-42.584,-42.584,399.855,399.855,6900.0
0.697,-42.505,-42.505,400.53,400.53,6900.0
0.6971,-42.304,-42.304,401.218,401.218,6900.0
0.6972,-41.858,-41.858,401.895,401.895,6900.0
0.6973,-41.946,-41.946,402.54,402.54,6900.0
0.6974,-41.718,-41.718,403.195,403.195,6900.0
0.6975,-41.593,-41.593,403.832,403.832,6900.0
0.6976,-41.194,-41.194,404.472,404.472,6900.0
0.6977,-40.624,-40.624,405.082,405.082,6900.0
0.6978,-40.374,-40.374,405.643,405.643,6900.0
0.6979,-39.941,-39.941,406.191,406.191,6900.0
0.698,-39.773,-39.773,406.711,406.711,6900.0
0.6981,-38.877,-38.877,407.227,407.227,6900.0
0.6982,-38.231,-38.231,407.701,407.701,6900.0
0.6983,-37.678,-37.678,408.132,408.132,6900.0
0.6984,-37.063,-37.063,408.537,408.537,6900.0
0.6985,-36.481,-36.481,408.915,408.915,6900.0
0.6986,-35.704,-35.704,409.272,409.272,6900.0
0.6987,-34.873,-34.873,409.594,409.594,6900.0
0.6988,-34.045,-34.045,409.873,409.873,6900.0
0.6989,-33.234,-33.234,410.11,410.11,6900.0
0.699,-32.452,-32.452,410.301,410.301,6900.0
0.6991,-31.514,-31.514,410.45,410.45,6900.0
0.6992,-30.693,-30.693,410.555,410.555,6900.0
0.6993,-29.947,-29.947,410.627,410.627,6900.0
0.6994,-28.779,-28.779,410.665,410.665,6900.0
0.6995,-27.722,-27.722,410.647,410.647,6900.0
0.6996,-26.771,-26.771,410.581,410.581,6900.0
0.6997,-25.938,-25.938,410.483,410.483,6900.0
0.6998,-25.25,-25.25,410.367,410.367,6900.0
0.6999,-23.921,-23.921,410.231,410.231,6900.0
0.7,-22.345,-22.345,410.032,410.032,6900.0
0.7001,-21.336,-21.336,410.003,410.003,4140.86
0.7002,-20.41,-20.41,410.062,410.062,2793.915
0.7003,-19.592,-19.592,410.163,410.163,2166.199
0.7004,-18.409,-18.409,410.288,410.288,1784.491
0.7005,-16.866,-16.866,410.403,410.403,1493.558
0.7006,-15.647,-15.647,410.5,410.5,1241.753
0.7007,-14.243,-14.243,410.592,410.592,1011.468
0.7008,-13.288,-13.288,410.678,410.678,796.362
0.7009,-11.813,-11.813,410.766,410.766,593.84
0.701,-10.208,-10.208,410.842,410.842,406.342
0.7011,-9.087,-9.087,410.902,410.902,283.866
0.7012,-7.716,-7.716,410.95,410.95,207.815
0.7013,-6.543,-6.543,410.983,410.983,170.609
0.7014,-5.38,-5.38,411.005,411.005,143.828
0.7015,-3.938,-3.938,411.017,411.017,125.819
0.7016,-2.794,-2.794,411.019,411.019,112.821
0.7017,-1.601,-1.601,411.016,411.016,102.769
0.7018,-0.543,-0.543,411.008,411.008,94.524
0.7019,-0.0,-0.0,411.0,411.0,87.452
0.702,-0.0,-0.0,410.992,410.992,81.192
0.7021,1.348,1.348,410.984,410.984,75.534
0.7022,1.748,1.748,410.979,410.979,70.355
0.7023,2.968,2.968,410.978,410.978,65.573
0.7024,3.792,3.792,410.985,410.985,61.132
0.7025,4.741,4.741,411.001,411.001,56.99
0.7026,5.949,5.949,411.024,411.024,53.118
0.7027,7.137,7.137,411.062,411.062,49.489
0.7028,8.609,8.609,411.118,411.118,46.074
0.7029,9.497,9.497,411.201,411.201,42.846
0.703,10.252,10.252,411.297,411.297,39.784
0.7031,11.37,11.37,411.4,411.4,36.89
0.7032,12.847,12.847,411.523,411.523,33.89
0.7033,14.148,14.148,411.683,411.683,31.299
0.7034,14.99,14.99,411.886,411.886,29.049
0.7035,15.695,15.695,412.114,412.114,26.626
0.7036,16.465,16.465,412.357,412.357,24.296
0.7037,17.54,17.54,412.623,412.623,22.063
0.7038,18.518,18.518,412.922,412.922,19.916
0.7039,19.215,19.215,413.258,413.258,17.835
0.704,19.834,19.834,413.622,413.622,15.813
0.7041,20.711,20.711,414.008,414.008,13.853
0.7042,21.239,21.239,414.424,414.424,11.955
0.7043,21.997,21.997,414.862,414.862,10.115
0.7044,22.69,22.69,415.331,415.331,8.332
0.7045,23.289,23.289,415.831,415.831,6.597
0.7046,23.913,23.913,416.366,416.366,4.902
0.7047,24.248,24.248,416.933,416.933,3.239
0.7048,24.686,24.686,417.518,417.518,1.615
0.7049,25.304,25.304,418.121,418.121,0.043
0.705,25.624,25.624,418.757,418.757,0.0
0.7051,26.181,26.181,419.423,419.423,0.0
0.7052,26.249,26.249,420.118,420.118,0.0
0.7053,26.337,26.337,420.816,420.816,0.0
0.7054,26.752,26.752,421.518,421.518,0.0
0.7055,26.713,26.713,422.243,422.243,0.0
0.7056,27.105,27.105,422.978,422.978,0.0
0.7057,26.857,26.857,423.743,423.743,0.0
0.7058,26.689,26.689,424.5,424.5,0.0
0.7059,27.102,27.102,425.257,425.257,0.0
0.706,26.851,26.851,426.035,426.035,0.0
0.7061,26.936,26.936,426.811,426.811,0.0
0.7062,26.556,26.556,427.607,427.607,0.0
0.7063,26.294,26.294,428.389,428.389,0.0
0.7064,26.245,26.245,429.169,429.169,0.0
0.7065,25.696,25.696,429.951,429.951,0.0
0.7066,25.53,25.53,430.71,430.71,0.0
0.7067,25.217,25.217,431.476,431.476,0.0
0.7068,24.868,24.868,432.221,432.221,0.0
0.7069,24.948,24.948,432.962,432.962,0.0
0.707,24.265,24.265,433.704,433.704,0.0
0.7071,23.939,23.939,434.417,434.417,0.0
0.7072,23.493,23.493,435.125,435.125,0.0
0.7073,22.959,22.959,435.811,435.811,0.0
0.7074,22.554,22.554,436.49,436.49,0.0
0.7075,21.714,21.714,437.155,437.155,0.0
0.7076,21.38,21.38,437.785,437.785,0.0
0.7077,20.785,20.785,438.402,438.402,0.0
0.7078,20.336,20.336,438.993,438.993,0.0
0.7079,19.734,19.734,439.572,439.572,0.0
0.708,18.904,18.904,440.128,440.128,0.0
0.7081,18.339,18.339,440.65,440.65,0.0
0.7082,17.645,17.645,441.147,441.147,0.0
0.7083,17.148,17.148,441.615,441.615,0.0
0.7084,16.727,16.727,442.073,442.073,0.0
0.7085,15.783,15.783,442.512,442.512,0.0
0.7086,15.122,15.122,442.921,442.921,0.0
0.7087,14.258,14.258,443.305,443.305,0.0
0.7088,13.844,13.844,443.66,443.66,0.0
0.7089,13.195,13.195,444.002,444.002,0.0
0.709,12.297,12.297,444.318,444.318,0.0
0.7091,12.1,12.1,444.611,444.611,0.0
0.7092,11.213,11.213,444.89,444.89,0.0
0.7093,10.366,10.366,445.138,445.138,0.0
0.7094,9.704,9.704,445.359,445.359,0.0
0.7095,8.983,8.983,445.558,445.558,0.0
0.7096,8.768,8.768,445.744,445.744,0.0
0.7097,7.984,7.984,445.922,445.922,0.0
0.7098,7.276,7.276,446.075,446.075,0.0
0.7099,6.708,6.708,446.207,446.207,0.0
0.71,6.248,6.248,446.322,446.322,0.0
0.7101,5.925,5.925,446.429,446.429,0.0
0.7102,5.188,5.188,446.53,446.53,0.0
0.7103,4.361,4.361,446.614,446.614,0.0
0.7104,3.741,3.741,446.679,446.679,0.0
0.7105,3.193,3.193,446.732,446.732,0.0
0.7106,3.045,3.045,446.775,446.775,0.0
0.7107,2.402,2.402,446.813,446.813,0.0
0.7108,2.04,2.04,446.841,446.841,0.0
0.7109,1.706,1.706,446.862,446.862,0.0
0.711,1.181,1.181,446.878,446.878,0.0
0.7111,0.923,0.923,446.888,446.888,0.0
0.7112,0.496,0.496,446.895,446.895,0.0
0.7113,0.713,0.713,446.901,446.901,0.0
0.7114,0.334,0.334,446.905,446.905,0.0
0.7115,-0.0,-0.0,446.908,446.908,0.0
0.7116,0.631,0.631,446.914,446.914,0.0
0.7117,2.16,2.16,446.914,446.914,0.0
0.7118,-0.0,-0.0,446.916,446.916,0.0
0.7119,-0.0,-0.0,446.916,446.916,0.0
0.712,0.0,0.0,446.915,446.915,0.0
0.7121,-0.703,-0.703,446.916,446.916,0.0
0.7122,-0.821,-0.821,446.917,446.917,0.0
0.7123,-1.039,-1.039,446.92,446.92,0.0
0.7124,-1.221,-1.221,446.924,446.924,0.0
0.7125,-1.388,-1.388,446.93,446.93,0.0
0.7126,-1.8,-1.8,446.939,446.939,0.0
0.7127,-1.788,-1.788,446.953,446.953,0.0
0.7128,-1.671,-1.671,446.97,446.97,0.0
0.7129,-1.724,-1.724,446.985,446.985,0.0
0.713,-1.825,-1.825,447.003,447.003,0.0
0.7131,-2.229,-2.229,447.026,447.026,0.0
0.7132,-2.27,-2.27,447.056,447.056,0.0
0.7133,-1.932,-1.932,447.088,447.088,0.0
0.7134,-1.632,-1.632,447.117,447.117,0.0
0.7135,-1.569,-1.569,447.145,447.145,0.0
0.7136,-1.913,-1.913,447.179,447.179,0.0
0.7137,-1.677,-1.677,447.215,447.215,0.0
0.7138,-1.419,-1.419,447.249,447.249,0.0
0.7139,-1.034,-1.034,447.28,447.28,0.0
0.714,-0.581,-0.581,447.305,447.305,0.0
0.7141,-0.609,-0.609,447.338,447.338,0.0
0.7142,-0.314,-0.314,447.36,447.36,0.0
0.7143,-6.356,-6.356,447.395,447.395,0.0
0.7144,-0.124,-0.124,447.478,447.478,0.0
0.7145,-0.0,-0.0,447.486,447.486,0.0
0.7146,-10.775,-10.775,447.719,447.719,0.0
0.7147,-0.198,-0.198,447.866,447.866,0.0
0.7148,-0.0,-0.0,447.868,447.868,0.0
0.7149,-0.0,-0.0,447.867,447.867,0.0
0.715,-0.0,-0.0,447.867,447.867,0.0
0.7151,-0.0,-0.0,447.867,447.867,0.0
0.7152,-0.0,-0.0,447.866,447.866,0.0
0.7153,-0.0,-0.0,447.866,447.866,0.0
0.7154,-0.0,-0.0,447.866,447.866,0.0
0.7155,-0.0,-0.0,447.865,447.865,0.0
0.7156,-0.0,-0.0,447.865,447.865,0.0
0.7157,-0.0,-0.0,447.865,447.865,0.0
0.7158,-0.0,-0.0,447.864,447.864,0.0
0.7159,-0.0,-0.0,447.864,447.864,0.0
0.716,-0.0,-0.0,447.863,447.863,0.0
0.7161,-0.0,-0.0,447.863,447.863,0.0
0.7162,-0.0,-0.0,447.863,447.863,0.0
0.7163,-0.0,-0.0,447.862,447.862,0.0
0.7164,-0.0,-0.0,447.862,447.862,0.0
0.7165,-0.0,-0.0,447.862,447.862,0.0
0.7166,-0.0,-0.0,447.861,447.861,0.0
0.7167,-0.0,-0.0,447.861,447.861,0.0
0.7168,-0.0,-0.0,447.861,447.861,0.0
0.7169,-0.0,-0.0,447.86,447.86,0.0
0.717,-0.0,-0.0,447.86,447.86,0.0
0.7171,-0.0,-0.0,447.859,447.859,0.0
0.7172,-0.0,-0.0,447.859,447.859,0.0
0.7173,-0.0,-0.0,447.859,447.859,0.0
0.7174,-0.0,-0.0,447.858,447.858,0.0
0.7175,-0.0,-0.0,447.858,447.858,0.0
0.7176,-0.0,-0.0,447.858,447.858,0.0
0.7177,-0.0,-0.0,447.857,447.857,0.0
0.7178,-0.0,-0.0,447.857,447.857,0.0
0.7179,-0.0,-0.0,447.857,447.857,0.0
0.718,-0.0,-0.0,447.856,447.856,0.0
0.7181,-0.0,-0.0,447.856,447.856,0.0
0.7182,-0.0,-0.0,447.855,447.855,0.0
0.7183,-0.0,-0.0,447.855,447.855,0.0
0.7184,-0.0,-0.0,447.855,447.855,0.0
0.7185,-0.0,-0.0,447.854,447.854,0.0
0.7186,-0.0,-0.0,447.854,447.854,0.0
0.7187,-0.0,-0.0,447.854,447.854,0.0
0.7188,-0.0,-0.0,447.853,447.853,0.0
0.7189,-0.0,-0.0,447.853,447.853,0.0
0.719,-0.0,-0.0,447.852,447.852,0.0
0.7191,-0.0,-0.0,447.852,447.852,0.0
0.7192,-0.0,-0.0,447.852,447.852,0.0
0.7193,-0.0,-0.0,447.851,447.851,0.0
0.7194,-0.0,-0.0,447.851,447.851,0.0
0.7195,-0.0,-0.0,447.851,447.851,0.0
0.7196,0.0,0.0,447.85,447.85,0.0
0.7197,0.0,0.0,447.85,447.85,0.0
0.7198,0.0,0.0,447.85,447.85,0.0
0.7199,0.0,0.0,447.849,447.849,0.0
0.72,0.0,0.0,447.849,447.849,0.0
0.7201,0.0,0.0,447.848,447.848,0.0
0.7202,0.0,0.0,447.848,447.848,0.0
0.7203,0.0,0.0,447.848,447.848,0.0
0.7204,0.0,0.0,447.847,447.847,0.0
0.7205,0.0,0.0,447.847,447.847,0.0
0.7206,0.0,0.0,447.847,447.847,0.0
0.7207,0.0,0.0,447.846,447.846,0.0
0.7208,0.0,0.0,447.846,447.846,0.0
0.7209,0.0,0.0,447.845,447.845,0.0
0.721,0.0,0.0,447.845,447.845,0.0
0.7211,0.0,0.0,447.845,447.845,0.0
0.7212,0.0,0.0,447.844,447.844,0.0
0.7213,0.0,0.0,447.844,447.844,0.0
0.7214,0.0,0.0,447.844,447.844,0.0
0.7215,0.0,0.0,447.843,447.843,0.0
0.7216,0.0,0.0,447.843,447.843,0.0
0.7217,0.0,0.0,447.842,447.842,0.0
0.7218,0.0,0.0,447.842,447.842,0.0
0.7219,0.0,0.0,447.842,447.842,0.0
0.722,-0.0,-0.0,447.841,447.841,0.0
0.7221,-0.0,-0.0,447.841,447.841,0.0
0.7222,-0.0,-0.0,447.841,447.841,0.0
0.7223,-0.0,-0.0,447.84,447.84,0.0
0.7224,-0.0,-0.0,447.84,447.84,0.0
0.7225,-0.0,-0.0,447.839,447.839,0.0
0.7226,-0.0,-0.0,447.839,447.839,0.0
0.7227,-0.0,-0.0,447.839,447.839,0.0
0.7228,-0.0,-0.0,447.838,447.838,0.0
0.7229,-0.0,-0.0,447.838,447.838,0.0
0.723,-0.0,-0.0,447.838,447.838,0.0
0.7231,-0.0,-0.0,447.837,447.837,0.0
0.7232,-0.0,-0.0,447.837,447.837,0.0
0.7233,-0.0,-0.0,447.836,447.836,0.0
0.7234,-0.0,-0.0,447.836,447.836,0.0
0.7235,-0.0,-0.0,447.836,447.836,0.0
0.7236,-0.0,-0.0,447.835,447.835,0.0
0.7237,-0.0,-0.0,447.835,447.835,0.0
0.7238,-0.0,-0.0,447.835,447.835,0.0
0.7239,-0.0,-0.0,447.834,447.834,0.0
0.724,-0.0,-0.0,447.834,447.834,0.0
0.7241,-0.0,-0.0,447.833,447.833,0.0
0.7242,-0.0,-0.0,447.833,447.833,0.0
0.7243,0.0,0.0,447.833,447.833,0.0
0.7244,0.0,0.0,447.832,447.832,0.0
0.7245,0.0,0.0,447.832,447.832,0.0
0.7246,0.0,0.0,447.832,447.832,0.0
0.7247,0.0,0.0,447.831,447.831,0.0
0.7248,0.0,0.0,447.831,447.831,0.0
0.7249,0.0,0.0,447.831,447.831,0.0
0.725,0.0,0.0,447.83,447.83,0.0
0.7251,0.0,0.0,447.83,447.83,0.0
0.7252,0.0,0.0,447.829,447.829,0.0
0.7253,0.0,0.0,447.829,447.829,0.0
0.7254,0.0,0.0,447.829,447.829,0.0
0.7255,0.0,0.0,447.828,447.828,0.0
0.7256,0.0,0.0,447.828,447.828,0.0
0.7257,0.0,0.0,447.828,447.828,0.0
0.7258,0.0,0.0,447.827,447.827,0.0
0.7259,0.0,0.0,447.827,447.827,0.0
0.726,0.0,0.0,447.826,447.826,0.0
0.7261,0.0,0.0,447.826,447.826,0.0
0.7262,0.0,0.0,447.826,447.826,0.0
0.7263,0.0,0.0,447.825,447.825,0.0
0.7264,0.0,0.0,447.825,447.825,0.0
0.7265,0.0,0.0,447.825,447.825,0.0
0.7266,0.0,0.0,447.824,447.824,0.0
0.7267,0.0,0.0,447.824,447.824,0.0
0.7268,0.0,0.0,447.824,447.824,0.0
0.7269,0.0,0.0,447.823,447.823,0.0
0.727,0.0,0.0,447.823,447.823,0.0
0.7271,0.0,0.0,447.822,447.822,0.0
0.7272,0.0,0.0,447.822,447.822,0.0
0.7273,0.0,0.0,447.822,447.822,0.0
0.7274,0.0,0.0,447.821,447.821,0.0
0.7275,0.0,0.0,447.821,447.821,0.0
0.7276,0.0,0.0,447.821,447.821,0.0
0.7277,0.0,0.0,447.82,447.82,0.0
0.7278,0.0,0.0,447.82,447.82,0.0
0.7279,0.0,0.0,447.82,447.82,0.0
0.728,0.0,0.0,447.819,447.819,0.0
0.7281,0.0,0.0,447.819,447.819,0.0
0.7282,0.0,0.0,447.818,447.818,0.0
0.7283,0.0,0.0,447.818,447.818,0.0
0.7284,0.0,0.0,447.818,447.818,0.0
0.7285,0.0,0.0,447.817,447.817,0.0
0.7286,0.0,0.0,447.817,447.817,0.0
0.7287,0.0,0.0,447.817,447.817,0.0
0.7288,0.0,0.0,447.816,447.816,0.0
0.7289,0.0,0.0,447.816,447.816,0.0
0.729,0.0,0.0,447.816,447.816,0.0
0.7291,0.0,0.0,447.815,447.815,0.0
0.7292,0.0,0.0,447.815,447.815,0.0
0.7293,0.0,0.0,447.814,447.814,0.0
0.7294,0.0,0.0,447.814,447.814,0.0
0.7295,0.0,0.0,447.814,447.814,0.0
0.7296,-0.0,-0.0,447.813,447.813,0.0
0.7297,-0.0,-0.0,447.813,447.813,0.0
0.7298,-0.0,-0.0,447.813,447.813,0.0
0.7299,-0.0,-0.0,447.812,447.812,0.0
0.73,-0.0,-0.0,447.812,447.812,0.0
0.7301,-0.0,-0.0,447.811,447.811,0.0
0.7302,-0.0,-0.0,447.811,447.811,0.0
0.7303,-0.0,-0.0,447.811,447.811,0.0
0.7304,-0.0,-0.0,447.81,447.81,0.0
0.7305,-0.0,-0.0,447.81,447.81,0.0
0.7306,-0.0,-0.0,447.81,447.81,0.0
0.7307,-0.0,-0.0,447.809,447.809,0.0
0.7308,-0.0,-0.0,447.809,447.809,0.0
0.7309,-0.0,-0.0,447.808,447.808,0.0
0.731,-0.0,-0.0,447.808,447.808,0.0
0.7311,-0.0,-0.0,447.808,447.808,0.0
0.7312,-0.0,-0.0,447.807,447.807,0.0
0.7313,-0.0,-0.0,447.807,447.807,0.0
0.7314,-0.0,-0.0,447.807,447.807,0.0
0.7315,-0.0,-0.0,447.806,447.806,0.0
0.7316,-0.0,-0.0,447.806,447.806,0.0
0.7317,-0.0,-0.0,447.805,447.805,0.0
0.7318,-0.0,-0.0,447.805,447.805,0.0
0.7319,-0.0,-0.0,447.805,447.805,0.0
0.732,-0.015,-0.015,447.804,447.804,0.0
0.7321,0.0,0.0,447.804,447.804,0.0
0.7322,0.0,0.0,447.804,447.804,0.0
0.7323,0.0,0.0,447.803,447.803,0.0
0.7324,0.0,0.0,447.803,447.803,0.0
0.7325,0.0,0.0,447.802,447.802,0.0
0.7326,0.0,0.0,447.802,447.802,0.0
0.7327,0.0,0.0,447.802,447.802,0.0
0.7328,0.0,0.0,447.801,447.801,0.0
0.7329,0.0,0.0,447.801,447.801,0.0
0.733,0.0,0.0,447.801,447.801,0.0
0.7331,0.0,0.0,447.8,447.8,0.0
0.7332,0.0,0.0,447.8,447.8,0.0
0.7333,0.0,0.0,447.799,447.799,0.0
0.7334,0.0,0.0,447.799,447.799,0.0
0.7335,0.0,0.0,447.799,447.799,0.0
0.7336,0.0,0.0,447.798,447.798,0.0
0.7337,0.0,0.0,447.798,447.798,0.0
0.7338,0.0,0.0,447.798,447.798,0.0
0.7339,0.0,0.0,447.797,447.797,0.0
0.734,0.0,0.0,447.797,447.797,0.0
0.7341,0.0,0.0,447.797,447.797,0.0
0.7342,0.0,0.0,447.796,447.796,0.0
0.7343,-0.0,-0.0,447.796,447.796,0.0
0.7344,-0.0,-0.0,447.795,447.795,0.0
0.7345,-0.0,-0.0,447.795,447.795,0.0
0.7346,-0.0,-0.0,447.795,447.795,0.0
0.7347,-0.0,-0.0,447.794,447.794,0.0
0.7348,-0.0,-0.0,447.794,447.794,0.0
0.7349,-0.0,-0.0,447.794,447.794,0.0
0.735,-0.0,-0.0,447.793,447.793,0.0
0.7351,-0.0,-0.0,447.793,447.793,0.0
0.7352,-0.0,-0.0,447.792,447.792,0.0
0.7353,-0.0,-0.0,447.792,447.792,0.0
0.7354,-0.0,-0.0,447.792,447.792,0.0
0.7355,-0.0,-0.0,447.791,447.791,0.0
0.7356,-0.0,-0.0,447.791,447.791,0.0
0.7357,-0.0,-0.0,447.791,447.791,0.0
0.7358,-0.0,-0.0,447.79,447.79,0.0
0.7359,-0.0,-0.0,447.79,447.79,0.0
0.736,-0.0,-0.0,447.79,447.79,0.0
0.7361,-0.0,-0.0,447.789,447.789,0.0
0.7362,-0.0,-0.0,447.789,447.789,0.0
0.7363,-0.0,-0.0,447.788,447.788,0.0
0.7364,-0.0,-0.0,447.788,447.788,0.0
0.7365,-0.0,-0.0,447.788,447.788,0.0
0.7366,-0.0,-0.0,447.787,447.787,0.0
0.7367,-0.0,-0.0,447.787,447.787,0.0
0.7368,-0.0,-0.0,447.787,447.787,0.0
0.7369,-0.0,-0.0,447.786,447.786,0.0
0.737,-0.0,-0.0,447.786,447.786,0.0
0.7371,-0.0,-0.0,447.786,447.786,0.0
0.7372,-0.0,-0.0,447.785,447.785,0.0
0.7373,-0.0,-0.0,447.785,447.785,0.0
0.7374,-0.0,-0.0,447.784,447.784,0.0
0.7375,-0.0,-0.0,447.784,447.784,0.0
0.7376,-0.0,-0.0,447.784,447.784,0.0
0.7377,-0.0,-0.0,447.783,447.783,0.0
0.7378,-0.0,-0.0,447.783,447.783,0.0
0.7379,-0.0,-0.0,447.783,447.783,0.0
0.738,-0.0,-0.0,447.782,447.782,0.0
0.7381,-0.0,-0.0,447.782,447.782,0.0
0.7382,-0.0,-0.0,447.781,447.781,0.0
0.7383,-0.0,-0.0,447.781,447.781,0.0
0.7384,-0.0,-0.0,447.781,447.781,0.0
0.7385,-0.0,-0.0,447.78,447.78,0.0
0.7386,-0.0,-0.0,447.78,447.78,0.0
0.7387,-0.0,-0.0,447.78,447.78,0.0
0.7388,-0.0,-0.0,447.779,447.779,0.0
0.7389,-0.0,-0.0,447.779,447.779,0.0
0.739,-0.0,-0.0,447.779,447.779,0.0
0.7391,-0.0,-0.0,447.778,447.778,0.0
0.7392,-0.0,-0.0,447.778,447.778,0.0
0.7393,-0.0,-0.0,447.777,447.777,0.0
0.7394,-0.0,-0.0,447.777,447.777,0.0
0.7395,0.0,0.0,447.777,447.777,0.0
0.7396,0.0,0.0,447.776,447.776,0.0
0.7397,0.0,0.0,447.776,447.776,0.0
0.7398,0.0,0.0,447.776,447.776,0.0
0.7399,0.0,0.0,447.775,447.775,0.0
0.74,0.0,0.0,447.775,447.775,0.0
0.7401,0.0,0.0,447.774,447.774,0.0
0.7402,0.0,0.0,447.774,447.774,0.0
0.7403,0.0,0.0,447.774,447.774,0.0
0.7404,0.0,0.0,447.773,447.773,0.0
0.7405,0.0,0.0,447.773,447.773,0.0
0.7406,0.0,0.0,447.773,447.773,0.0
0.7407,0.0,0.0,447.772,447.772,0.0
0.7408,0.0,0.0,447.772,447.772,0.0
0.7409,0.0,0.0,447.772,447.772,0.0
0.741,0.0,0.0,447.771,447.771,0.0
0.7411,0.0,0.0,447.771,447.771,0.0
0.7412,0.0,0.0,447.77,447.77,0.0
0.7413,0.0,0.0,447.77,447.77,0.0
0.7414,0.0,0.0,447.77,447.77,0.0
0.7415,0.0,0.0,447.769,447.769,0.0
0.7416,0.0,0.0,447.769,447.769,0.0
0.7417,0.0,0.0,447.769,447.769,0.0
0.7418,0.0,0.0,447.768,447.768,0.0
0.7419,0.0,0.0,447.768,447.768,0.0
0.742,0.147,0.147,447.767,447.767,0.0
0.7421,-0.0,-0.0,447.767,447.767,0.0
0.7422,-0.0,-0.0,447.767,447.767,0.0
0.7423,-0.0,-0.0,447.766,447.766,0.0
0.7424,-0.0,-0.0,447.766,447.766,0.0
0.7425,-0.0,-0.0,447.766,447.766,0.0
0.7426,-0.0,-0.0,447.765,447.765,0.0
0.7427,-0.0,-0.0,447.765,447.765,0.0
0.7428,-0.0,-0.0,447.764,447.764,0.0
0.7429,-0.0,-0.0,447.764,447.764,0.0
0.743,-0.0,-0.0,447.764,447.764,0.0
0.7431,-0.0,-0.0,447.763,447.763,0.0
0.7432,-0.0,-0.0,447.763,447.763,0.0
0.7433,-0.0,-0.0,447.763,447.763,0.0
0.7434,-0.0,-0.0,447.762,447.762,0.0
0.7435,-0.0,-0.0,447.762,447.762,0.0
0.7436,-0.0,-0.0,447.761,447.761,0.0
0.7437,-0.0,-0.0,447.761,447.761,0.0
0.7438,-0.0,-0.0,447.761,447.761,0.0
0.7439,-0.0,-0.0,447.76,447.76,0.0
0.744,-0.0,-0.0,447.76,447.76,0.0
0.7441,-0.0,-0.0,447.76,447.76,0.0
0.7442,-0.0,-0.0,447.759,447.759,0.0
0.7443,0.0,0.0,447.759,447.759,0.0
0.7444,0.0,0.0,447.758,447.758,0.0
0.7445,0.0,0.0,447.758,447.758,0.0
0.7446,0.0,0.0,447.758,447.758,0.0
0.7447,0.0,0.0,447.757,447.757,0.0
0.7448,0.0,0.0,447.757,447.757,0.0
0.7449,0.0,0.0,447.757,447.757,0.0
0.745,0.0,0.0,447.756,447.756,0.0
0.7451,0.0,0.0,447.756,447.756,0.0
0.7452,0.0,0.0,447.756,447.756,0.0
0.7453,0.0,0.0,447.755,447.755,0.0
0.7454,0.0,0.0,447.755,447.755,0.0
0.7455,0.0,0.0,447.754,447.754,0.0
0.7456,0.0,0.0,447.754,447.754,0.0
0.7457,0.0,0.0,447.754,447.754,0.0
0.7458,0.0,0.0,447.753,447.753,0.0
0.7459,0.0,0.0,447.753,447.753,0.0
0.746,0.0,0.0,447.753,447.753,0.0
0.7461,0.0,0.0,447.752,447.752,0.0
0.7462,0.0,0.0,447.752,447.752,0.0
0.7463,0.0,0.0,447.751,447.751,0.0
0.7464,0.0,0.0,447.751,447.751,0.0
0.7465,0.0,0.0,447.751,447.751,0.0
0.7466,0.0,0.0,447.75,447.75,0.0
0.7467,0.0,0.0,447.75,447.75,0.0
0.7468,0.0,0.0,447.75,447.75,0.0
0.7469,0.0,0.0,447.749,447.749,0.0
0.747,0.0,0.0,447.749,447.749,0.0
0.7471,0.0,0.0,447.749,447.749,0.0
0.7472,0.0,0.0,447.748,447.748,0.0
0.7473,0.0,0.0,447.748,447.748,0.0
0.7474,0.0,0.0,447.747,447.747,0.0
0.7475,0.0,0.0,447.747,447.747,0.0
0.7476,0.0,0.0,447.747,447.747,0.0
0.7477,0.0,0.0,447.746,447.746,0.0
0.7478,0.0,0.0,447.746,447.746,0.0
0.7479,0.0,0.0,447.746,447.746,0.0
0.748,0.0,0.0,447.745,447.745,0.0
0.7481,0.0,0.0,447.745,447.745,0.0
0.7482,0.0,0.0,447.745,447.745,0.0
0.7483,0.0,0.0,447.744,447.744,0.0
0.7484,0.0,0.0,447.744,447.744,0.0
0.7485,0.0,0.0,447.743,447.743,0.0
0.7486,0.0,0.0,447.743,447.743,0.0
0.7487,0.0,0.0,447.743,447.743,0.0
0.7488,0.0,0.0,447.742,447.742,0.0
0.7489,0.0,0.0,447.742,447.742,0.0
0.749,0.0,0.0,447.742,447.742,0.0
0.7491,0.0,0.0,447.741,447.741,0.0
0.7492,0.0,0.0,447.741,447.741,0.0
0.7493,0.0,0.0,447.741,447.741,0.0
0.7494,0.0,0.0,447.74,447.74,0.0
0.7495,0.0,0.0,447.74,447.74,0.0
0.7496,0.0,0.0,447.739,447.739,0.0
0.7497,-0.0,-0.0,447.739,447.739,0.0
0.7498,-0.0,-0.0,447.739,447.739,0.0
0.7499,-0.0,-0.0,447.738,447.738,0.0
0.75,-0.0,-0.0,447.738,447.738,0.0
0.7501,-0.0,-0.0,447.738,447.738,0.0
0.7502,-0.0,-0.0,447.737,447.737,0.0
0.7503,-0.0,-0.0,447.737,447.737,0.0
0.7504,-0.0,-0.0,447.736,447.736,0.0
0.7505,-0.0,-0.0,447.736,447.736,0.0
0.7506,-0.0,-0.0,447.736,447.736,0.0
0.7507,-0.0,-0.0,447.735,447.735,0.0
0.7508,-0.0,-0.0,447.735,447.735,0.0
0.7509,-0.0,-0.0,447.735,447.735,0.0
0.751,-0.0,-0.0,447.734,447.734,0.0
0.7511,-0.0,-0.0,447.734,447.734,0.0
0.7512,-0.0,-0.0,447.733,447.733,0.0
0.7513,-0.0,-0.0,447.733,447.733,0.0
0.7514,-0.0,-0.0,447.733,447.733,0.0
0.7515,-0.0,-0.0,447.732,447.732,0.0
0.7516,-0.0,-0.0,447.732,447.732,0.0
0.7517,-0.0,-0.0,447.732,447.732,0.0
0.7518,-0.0,-0.0,447.731,447.731,0.0
0.7519,-0.0,-0.0,447.731,447.731,0.0
0.752,-0.037,-0.037,447.73,447.73,0.0
0.7521,0.0,0.0,447.73,447.73,0.0
0.7522,0.0,0.0,447.73,447.73,0.0
0.7523,0.0,0.0,447.729,447.729,0.0
0.7524,0.0,0.0,447.729,447.729,0.0
0.7525,0.0,0.0,447.729,447.729,0.0
0.7526,0.0,0.0,447.728,447.728,0.0
0.7527,0.0,0.0,447.728,447.728,0.0
0.7528,0.0,0.0,447.727,447.727,0.0
0.7529,0.0,0.0,447.727,447.727,0.0
0.753,0.0,0.0,447.727,447.727,0.0
0.7531,0.0,0.0,447.726,447.726,0.0
0.7532,0.0,0.0,447.726,447.726,0.0
0.7533,0.0,0.0,447.726,447.726,0.0
0.7534,0.0,0.0,447.725,447.725,0.0
0.7535,0.0,0.0,447.725,447.725,0.0
0.7536,0.0,0.0,447.724,447.724,0.0
0.7537,0.0,0.0,447.724,447.724,0.0
0.7538,0.0,0.0,447.724,447.724,0.0
0.7539,0.0,0.0,447.723,447.723,0.0
0.754,0.0,0.0,447.723,447.723,0.0
0.7541,0.0,0.0,447.723,447.723,0.0
0.7542,0.0,0.0,447.722,447.722,0.0
0.7543,-0.0,-0.0,447.722,447.722,0.0
0.7544,-0.0,-0.0,447.722,447.722,0.0
0.7545,-0.0,-0.0,447.721,447.721,0.0
0.7546,-0.0,-0.0,447.721,447.721,0.0
0.7547,-0.0,-0.0,447.72,447.72,0.0
0.7548,-0.0,-0.0,447.72,447.72,0.0
0.7549,-0.0,-0.0,447.72,447.72,0.0
0.755,-0.0,-0.0,447.719,447.719,0.0
0.7551,-0.0,-0.0,447.719,447.719,0.0
0.7552,-0.0,-0.0,447.719,447.719,0.0
0.7553,-0.0,-0.0,447.718,447.718,0.0
0.7554,-0.0,-0.0,447.718,447.718,0.0
0.7555,-0.0,-0.0,447.717,447.717,0.0
0.7556,-0.0,-0.0,447.717,447.717,0.0
0.7557,-0.0,-0.0,447.717,447.717,0.0
0.7558,-0.0,-0.0,447.716,447.716,0.0
0.7559,-0.0,-0.0,447.716,447.716,0.0
0.756,-0.0,-0.0,447.716,447.716,0.0
0.7561,-0.0,-0.0,447.715,447.715,0.0
0.7562,-0.0,-0.0,447.715,447.715,0.0
0.7563,-0.0,-0.0,447.715,447.715,0.0
0.7564,-0.0,-0.0,447.714,447.714,0.0
0.7565,-0.0,-0.0,447.714,447.714,0.0
0.7566,-0.0,-0.0,447.713,447.713,0.0
0.7567,-0.0,-0.0,447.713,447.713,0.0
0.7568,-0.0,-0.0,447.713,447.713,0.0
0.7569,-0.0,-0.0,447.712,447.712,0.0
0.757,-0.0,-0.0,447.712,447.712,0.0
0.7571,-0.0,-0.0,447.712,447.712,0.0
0.7572,-0.0,-0.0,447.711,447.711,0.0
0.7573,-0.0,-0.0,447.711,447.711,0.0
0.7574,-0.0,-0.0,447.711,447.711,0.0
0.7575,-0.0,-0.0,447.71,447.71,0.0
0.7576,-0.0,-0.0,447.71,447.71,0.0
0.7577,-0.0,-0.0,447.709,447.709,0.0
0.7578,-0.0,-0.0,447.709,447.709,0.0
0.7579,-0.0,-0.0,447.709,447.709,0.0
0.758,-0.0,-0.0,447.708,447.708,0.0
0.7581,-0.0,-0.0,447.708,447.708,0.0
0.7582,-0.0,-0.0,447.708,447.708,0.0
0.7583,-0.0,-0.0,447.707,447.707,0.0
0.7584,-0.0,-0.0,447.707,447.707,0.0
0.7585,-0.0,-0.0,447.707,447.707,0.0
0.7586,-0.0,-0.0,447.706,447.706,0.0
0.7587,-0.0,-0.0,447.706,447.706,0.0
0.7588,-0.0,-0.0,447.705,447.705,0.0
0.7589,-0.0,-0.0,447.705,447.705,0.0
0.759,-0.0,-0.0,447.705,447.705,0.0
0.7591,-0.0,-0.0,447.704,447.704,0.0
0.7592,-0.0,-0.0,447.704,447.704,0.0
0.7593,-0.0,-0.0,447.704,447.704,0.0
0.7594,-0.0,-0.0,447.703,447.703,0.0
0.7595,-0.0,-0.0,447.703,447.703,0.0
0.7596,0.0,0.0,447.702,447.702,0.0
0.7597,0.0,0.0,447.702,447.702,0.0
0.7598,0.0,0.0,447.702,447.702,0.0
0.7599,0.0,0.0,447.701,447.701,0.0
0.76,0.0,0.0,447.701,447.701,0.0
0.7601,0.0,0.0,447.701,447.701,0.0
0.7602,0.0,0.0,447.7,447.7,0.0
0.7603,0.0,0.0,447.7,447.7,0.0
0.7604,0.0,0.0,447.699,447.699,0.0
0.7605,0.0,0.0,447.699,447.699,0.0
0.7606,0.0,0.0,447.699,447.699,0.0
0.7607,0.0,0.0,447.698,447.698,0.0
0.7608,0.0,0.0,447.698,447.698,0.0
0.7609,0.0,0.0,447.698,447.698,0.0
0.761,0.0,0.0,447.697,447.697,0.0
0.7611,0.0,0.0,447.697,447.697,0.0
0.7612,0.0,0.0,447.697,447.697,0.0
0.7613,0.0,0.0,447.696,447.696,0.0
0.7614,0.0,0.0,447.696,447.696,0.0
0.7615,0.0,0.0,447.695,447.695,0.0
0.7616,0.0,0.0,447.695,447.695,0.0
0.7617,0.0,0.0,447.695,447.695,0.0
0.7618,0.0,0.0,447.694,447.694,0.0
0.7619,0.007,0.007,447.694,447.694,0.0
0.762,0.013,0.013,447.694,447.694,0.0
0.7621,-0.0,-0.0,447.693,447.693,0.0
0.7622,-0.0,-0.0,447.693,447.693,0.0
0.7623,-0.0,-0.0,447.692,447.692,0.0
0.7624,-0.0,-0.0,447.692,447.692,0.0
0.7625,-0.0,-0.0,447.692,447.692,0.0
0.7626,-0.0,-0.0,447.691,447.691,0.0
0.7627,-0.0,-0.0,447.691,447.691,0.0
0.7628,-0.0,-0.0,447.69,447.69,0.0
0.7629,-0.0,-0.0,447.69,447.69,0.0
0.763,-0.0,-0.0,447.69,447.69,0.0
0.7631,-0.0,-0.0,447.689,447.689,0.0
0.7632,-0.0,-0.0,447.689,447.689,0.0
0.7633,-0.0,-0.0,447.689,447.689,0.0
0.7634,-0.0,-0.0,447.688,447.688,0.0
0.7635,-0.0,-0.0,447.688,447.688,0.0
0.7636,-0.0,-0.0,447.688,447.688,0.0
0.7637,-0.0,-0.0,447.687,447.687,0.0
0.7638,-0.0,-0.0,447.687,447.687,0.0
0.7639,-0.0,-0.0,447.686,447.686,0.0
0.764,-0.0,-0.0,447.686,447.686,0.0
0.7641,-0.0,-0.0,447.686,447.686,0.0
0.7642,-0.0,-0.0,447.685,447.685,0.0
0.7643,0.0,0.0,447.685,447.685,0.0
0.7644,0.0,0.0,447.685,447.685,0.0
0.7645,0.0,0.0,447.684,447.684,0.0
0.7646,0.0,0.0,447.684,447.684,0.0
0.7647,0.0,0.0,447.683,447.683,0.0
0.7648,0.0,0.0,447.683,447.683,0.0
0.7649,0.0,0.0,447.683,447.683,0.0
0.765,0.0,0.0,447.682,447.682,0.0
0.7651,0.0,0.0,447.682,447.682,0.0
0.7652,0.0,0.0,447.682,447.682,0.0
0.7653,0.0,0.0,447.681,447.681,0.0
0.7654,0.0,0.0,447.681,447.681,0.0
0.7655,0.0,0.0,447.681,447.681,0.0
0.7656,0.0,0.0,447.68,447.68,0.0
0.7657,0.0,0.0,447.68,447.68,0.0
0.7658,0.0,0.0,447.679,447.679,0.0
0.7659,0.0,0.0,447.679,447.679,0.0
0.766,0.0,0.0,447.679,447.679,0.0
0.7661,0.0,0.0,447.678,447.678,0.0
0.7662,0.0,0.0,447.678,447.678,0.0
0.7663,0.0,0.0,447.678,447.678,0.0
0.7664,0.0,0.0,447.677,447.677,0.0
0.7665,0.0,0.0,447.677,447.677,0.0
0.7666,0.0,0.0,447.677,447.677,0.0
0.7667,0.0,0.0,447.676,447.676,0.0
0.7668,0.0,0.0,447.676,447.676,0.0
0.7669,0.0,0.0,447.675,447.675,0.0
0.767,0.0,0.0,447.675,447.675,0.0
0.7671,0.0,0.0,447.675,447.675,0.0
0.7672,0.0,0.0,447.674,447.674,0.0
0.7673,0.0,0.0,447.674,447.674,0.0
0.7674,0.0,0.0,447.674,447.674,0.0
0.7675,0.0,0.0,447.673,447.673,0.0
0.7676,0.0,0.0,447.673,447.673,0.0
0.7677,0.0,0.0,447.672,447.672,0.0
0.7678,0.0,0.0,447.672,447.672,0.0
0.7679,0.0,0.0,447.672,447.672,0.0
0.768,0.0,0.0,447.671,447.671,0.0
0.7681,0.0,0.0,447.671,447.671,0.0
0.7682,0.0,0.0,447.671,447.671,0.0
0.7683,0.0,0.0,447.67,447.67,0.0
0.7684,0.0,0.0,447.67,447.67,0.0
0.7685,0.0,0.0,447.67,447.67,0.0
0.7686,0.0,0.0,447.669,447.669,0.0
0.7687,0.0,0.0,447.669,447.669,0.0
0.7688,0.0,0.0,447.668,447.668,0.0
0.7689,0.0,0.0,447.668,447.668,0.0
0.769,0.0,0.0,447.668,447.668,0.0
0.7691,0.0,0.0,447.667,447.667,0.0
0.7692,0.0,0.0,447.667,447.667,0.0
0.7693,0.0,0.0,447.667,447.667,0.0
0.7694,0.0,0.0,447.666,447.666,0.0
0.7695,0.0,0.0,447.666,447.666,0.0
0.7696,-0.0,-0.0,447.666,447.666,0.0
0.7697,-0.0,-0.0,447.665,447.665,0.0
0.7698,-0.0,-0.0,447.665,447.665,0.0
0.7699,-0.0,-0.0,447.664,447.664,0.0
0.77,-0.0,-0.0,447.664,447.664,0.0
0.7701,-0.0,-0.0,447.664,447.664,0.0
0.7702,-0.0,-0.0,447.663,447.663,0.0
0.7703,-0.0,-0.0,447.663,447.663,0.0
0.7704,-0.0,-0.0,447.663,447.663,0.0
0.7705,-0.0,-0.0,447.662,447.662,0.0
0.7706,-0.0,-0.0,447.662,447.662,0.0
0.7707,-0.0,-0.0,447.661,447.661,0.0
0.7708,-0.0,-0.0,447.661,447.661,0.0
0.7709,-0.0,-0.0,447.661,447.661,0.0
0.771,-0.0,-0.0,447.66,447.66,0.0
0.7711,-0.0,-0.0,447.66,447.66,0.0
0.7712,-0.0,-0.0,447.66,447.66,0.0
0.7713,-0.0,-0.0,447.659,447.659,0.0
0.7714,-0.0,-0.0,447.659,447.659,0.0
0.7715,-0.0,-0.0,447.658,447.658,0.0
0.7716,-0.0,-0.0,447.658,447.658,0.0
0.7717,-0.0,-0.0,447.658,447.658,0.0
0.7718,-0.0,-0.0,447.657,447.657,0.0
0.7719,-0.0,-0.0,447.657,447.657,0.0
0.772,-0.012,-0.012,447.657,447.657,0.0
0.7721,0.0,0.0,447.656,447.656,0.0
0.7722,0.0,0.0,447.656,447.656,0.0
0.7723,0.0,0.0,447.655,447.655,0.0
0.7724,0.0,0.0,447.655,447.655,0.0
0.7725,0.0,0.0,447.655,447.655,0.0
0.7726,0.0,0.0,447.654,447.654,0.0
0.7727,0.0,0.0,447.654,447.654,0.0
0.7728,0.0,0.0,447.654,447.654,0.0
0.7729,0.0,0.0,447.653,447.653,0.0
0.773,0.0,0.0,447.653,447.653,0.0
0.7731,0.0,0.0,447.652,447.652,0.0
0.7732,0.0,0.0,447.652,447.652,0.0
0.7733,0.0,0.0,447.652,447.652,0.0
0.7734,0.0,0.0,447.651,447.651,0.0
0.7735,0.0,0.0,447.651,447.651,0.0
0.7736,0.0,0.0,447.651,447.651,0.0
0.7737,0.0,0.0,447.65,447.65,0.0
0.7738,0.0,0.0,447.65,447.65,0.0
0.7739,0.0,0.0,447.649,447.649,0.0
0.774,0.0,0.0,447.649,447.649,0.0
0.7741,0.0,0.0,447.649,447.649,0.0
0.7742,0.0,0.0,447.648,447.648,0.0
0.7743,-0.0,-0.0,447.648,447.648,0.0
0.7744,-0.0,-0.0,447.648,447.648,0.0
0.7745,-0.0,-0.0,447.647,447.647,0.0
0.7746,-0.0,-0.0,447.647,447.647,0.0
0.7747,-0.0,-0.0,447.647,447.647,0.0
0.7748,-0.0,-0.0,447.646,447.646,0.0
0.7749,-0.0,-0.0,447.646,447.646,0.0
0.775,-0.0,-0.0,447.645,447.645,0.0
0.7751,-0.0,-0.0,447.645,447.645,0.0
0.7752,-0.0,-0.0,447.645,447.645,0.0
0.7753,-0.0,-0.0,447.644,447.644,0.0
0.7754,-0.0,-0.0,447.644,447.644,0.0
0.7755,-0.0,-0.0,447.644,447.644,0.0
0.7756,-0.0,-0.0,447.643,447.643,0.0
0.7757,-0.0,-0.0,447.643,447.643,0.0
0.7758,-0.0,-0.0,447.642,447.642,0.0
0.7759,-0.0,-0.0,447.642,447.642,0.0
0.776,-0.0,-0.0,447.642,447.642,0.0
0.7761,-0.0,-0.0,447.641,447.641,0.0
0.7762,-0.0,-0.0,447.641,447.641,0.0
0.7763,-0.0,-0.0,447.641,447.641,0.0
0.7764,-0.0,-0.0,447.64,447.64,0.0
0.7765,-0.0,-0.0,447.64,447.64,0.0
0.7766,-0.0,-0.0,447.64,447.64,0.0
0.7767,-0.0,-0.0,447.639,447.639,0.0
0.7768,-0.0,-0.0,447.639,447.639,0.0
0.7769,-0.0,-0.0,447.638,447.638,0.0
0.777,-0.0,-0.0,447.638,447.638,0.0
0.7771,-0.0,-0.0,447.638,447.638,0.0
0.7772,-0.0,-0.0,447.637,447.637,0.0
0.7773,-0.0,-0.0,447.637,447.637,0.0
0.7774,-0.0,-0.0,447.637,447.637,0.0
0.7775,-0.0,-0.0,447.636,447.636,0.0
0.7776,-0.0,-0.0,447.636,447.636,0.0
0.7777,-0.0,-0.0,447.636,447.636,0.0
0.7778,-0.0,-0.0,447.635,447.635,0.0
0.7779,-0.0,-0.0,447.635,447.635,0.0
0.778,-0.0,-0.0,447.634,447.634,0.0
0.7781,-0.0,-0.0,447.634,447.634,0.0
0.7782,-0.0,-0.0,447.634,447.634,0.0
0.7783,-0.0,-0.0,447.633,447.633,0.0
0.7784,-0.0,-0.0,447.633,447.633,0.0
0.7785,-0.0,-0.0,447.633,447.633,0.0
0.7786,-0.0,-0.0,447.632,447.632,0.0
0.7787,-0.0,-0.0,447.632,447.632,0.0
0.7788,-0.0,-0.0,447.632,447.632,0.0
0.7789,-0.0,-0.0,447.631,447.631,0.0
0.779,-0.0,-0.0,447.631,447.631,0.0
0.7791,-0.0,-0.0,447.63,447.63,0.0
0.7792,-0.0,-0.0,447.63,447.63,0.0
0.7793,-0.0,-0.0,447.63,447.63,0.0
0.7794,-0.0,-0.0,447.629,447.629,0.0
0.7795,-0.0,-0.0,447.629,447.629,0.0
0.7796,-0.0,-0.0,447.629,447.629,0.0
0.7797,0.0,0.0,447.628,447.628,0.0
0.7798,0.0,0.0,447.628,447.628,0.0
0.7799,0.0,0.0,447.627,447.627,0.0
0.78,0.0,0.0,447.627,447.627,0.0
0.7801,0.0,0.0,447.627,447.627,0.0
0.7802,0.0,0.0,447.626,447.626,0.0
0.7803,0.0,0.0,447.626,447.626,0.0
0.7804,0.0,0.0,447.626,447.626,0.0
0.7805,0.0,0.0,447.625,447.625,0.0
0.7806,0.0,0.0,447.625,447.625,0.0
0.7807,0.0,0.0,447.624,447.624,0.0
0.7808,0.0,0.0,447.624,447.624,0.0
0.7809,0.0,0.0,447.624,447.624,0.0
0.781,0.0,0.0,447.623,447.623,0.0
0.7811,0.0,0.0,447.623,447.623,0.0
0.7812,0.0,0.0,447.623,447.623,0.0
0.7813,0.0,0.0,447.622,447.622,0.0
0.7814,0.0,0.0,447.622,447.622,0.0
0.7815,0.0,0.0,447.622,447.622,0.0
0.7816,0.0,0.0,447.621,447.621,0.0
0.7817,0.0,0.0,447.621,447.621,0.0
0.7818,0.0,0.0,447.62,447.62,0.0
0.7819,0.0,0.0,447.62,447.62,0.0
0.782,0.02,0.02,447.62,447.62,0.0
0.7821,-0.0,-0.0,447.619,447.619,0.0
0.7822,-0.0,-0.0,447.619,447.619,0.0
0.7823,-0.0,-0.0,447.618,447.618,0.0
0.7824,-0.0,-0.0,447.618,447.618,0.0
0.7825,-0.0,-0.0,447.618,447.618,0.0
0.7826,-0.0,-0.0,447.617,447.617,0.0
0.7827,-0.0,-0.0,447.617,447.617,0.0
0.7828,-0.0,-0.0,447.617,447.617,0.0
0.7829,-0.0,-0.0,447.616,447.616,0.0
0.783,-0.0,-0.0,447.616,447.616,0.0
0.7831,-0.0,-0.0,447.615,447.615,0.0
0.7832,-0.0,-0.0,447.615,447.615,0.0
0.7833,-0.0,-0.0,447.615,447.615,0.0
0.7834,-0.0,-0.0,447.614,447.614,0.0
0.7835,-0.0,-0.0,447.614,447.614,0.0
0.7836,-0.0,-0.0,447.614,447.614,0.0
0.7837,-0.0,-0.0,447.613,447.613,0.0
0.7838,-0.0,-0.0,447.613,447.613,0.0
0.7839,-0.0,-0.0,447.613,447.613,0.0
0.784,-0.0,-0.0,447.612,447.612,0.0
0.7841,-0.0,-0.0,447.612,447.612,0.0
0.7842,-0.0,-0.0,447.611,447.611,0.0
0.7843,0.0,0.0,447.611,447.611,0.0
0.7844,0.0,0.0,447.611,447.611,0.0
0.7845,0.0,0.0,447.61,447.61,0.0
0.7846,0.0,0.0,447.61,447.61,0.0
0.7847,0.0,0.0,447.61,447.61,0.0
0.7848,0.0,0.0,447.609,447.609,0.0
0.7849,0.0,0.0,447.609,447.609,0.0
0.785,0.0,0.0,447.608,447.608,0.0
0.7851,0.0,0.0,447.608,447.608,0.0
0.7852,0.0,0.0,447.608,447.608,0.0
0.7853,0.0,0.0,447.607,447.607,0.0
0.7854,0.0,0.0,447.607,447.607,0.0
0.7855,0.0,0.0,447.607,447.607,0.0
0.7856,0.0,0.0,447.606,447.606,0.0
0.7857,0.0,0.0,447.606,447.606,0.0
0.7858,0.0,0.0,447.606,447.606,0.0
0.7859,0.0,0.0,447.605,447.605,0.0
0.786,0.0,0.0,447.605,447.605,0.0
0.7861,0.0,0.0,447.604,447.604,0.0
0.7862,0.0,0.0,447.604,447.604,0.0
0.7863,0.0,0.0,447.604,447.604,0.0
0.7864,0.0,0.0,447.603,447.603,0.0
0.7865,0.0,0.0,447.603,447.603,0.0
0.7866,0.0,0.0,447.603,447.603,0.0
0.7867,0.0,0.0,447.602,447.602,0.0
0.7868,0.0,0.0,447.602,447.602,0.0
0.7869,0.0,0.0,447.602,447.602,0.0
0.787,0.0,0.0,447.601,447.601,0.0
0.7871,0.0,0.0,447.601,447.601,0.0
0.7872,0.0,0.0,447.6,447.6,0.0
0.7873,0.0,0.0,447.6,447.6,0.0
0.7874,0.0,0.0,447.6,447.6,0.0
0.7875,0.0,0.0,447.599,447.599,0.0
0.7876,0.0,0.0,447.599,447.599,0.0
0.7877,0.0,0.0,447.599,447.599,0.0
0.7878,0.0,0.0,447.598,447.598,0.0
0.7879,0.0,0.0,447.598,447.598,0.0
0.788,0.0,0.0,447.598,447.598,0.0
0.7881,0.0,0.0,447.597,447.597,0.0
0.7882,0.0,0.0,447.597,447.597,0.0
0.7883,0.0,0.0,447.596,447.596,0.0
0.7884,0.0,0.0,447.596,447.596,0.0
0.7885,0.0,0.0,447.596,447.596,0.0
0.7886,0.0,0.0,447.595,447.595,0.0
0.7887,0.0,0.0,447.595,447.595,0.0
0.7888,0.0,0.0,447.595,447.595,0.0
0.7889,0.0,0.0,447.594,447.594,0.0
0.789,0.0,0.0,447.594,447.594,0.0
0.7891,0.0,0.0,447.593,447.593,0.0
0.7892,0.0,0.0,447.593,447.593,0.0
0.7893,0.0,0.0,447.593,447.593,0.0
0.7894,0.0,0.0,447.592,447.592,0.0
0.7895,0.0,0.0,447.592,447.592,0.0
0.7896,-0.0,-0.0,447.592,447.592,0.0
0.7897,-0.0,-0.0,447.591,447.591,0.0
0.7898,-0.0,-0.0,447.591,447.591,0.0
0.7899,-0.0,-0.0,447.591,447.591,0.0
0.79,-0.0,-0.0,447.59,447.59,0.0
0.7901,-0.0,-0.0,447.59,447.59,0.0
0.7902,-0.0,-0.0,447.589,447.589,0.0
0.7903,-0.0,-0.0,447.589,447.589,0.0
0.7904,-0.0,-0.0,447.589,447.589,0.0
0.7905,-0.0,-0.0,447.588,447.588,0.0
0.7906,-0.0,-0.0,447.588,447.588,0.0
0.7907,-0.0,-0.0,447.588,447.588,0.0
0.7908,-0.0,-0.0,447.587,447.587,0.0
0.7909,-0.0,-0.0,447.587,447.587,0.0
0.791,-0.0,-0.0,447.586,447.586,0.0
0.7911,-0.0,-0.0,447.586,447.586,0.0
0.7912,-0.0,-0.0,447.586,447.586,0.0
0.7913,-0.0,-0.0,447.585,447.585,0.0
0.7914,-0.0,-0.0,447.585,447.585,0.0
0.7915,-0.0,-0.0,447.585,447.585,0.0
0.7916,-0.0,-0.0,447.584,447.584,0.0
0.7917,-0.0,-0.0,447.584,447.584,0.0
0.7918,-0.0,-0.0,447.583,447.583,0.0
0.7919,-0.002,-0.002,447.583,447.583,0.0
0.792,-0.001,-0.001,447.583,447.583,0.0
0.7921,0.0,0.0,447.582,447.582,0.0
0.7922,0.0,0.0,447.582,447.582,0.0
0.7923,0.0,0.0,447.582,447.582,0.0
0.7924,0.0,0.0,447.581,447.581,0.0
0.7925,0.0,0.0,447.581,447.581,0.0
0.7926,0.0,0.0,447.58,447.58,0.0
0.7927,0.0,0.0,447.58,447.58,0.0
0.7928,0.0,0.0,447.58,447.58,0.0
0.7929,0.0,0.0,447.579,447.579,0.0
0.793,0.0,0.0,447.579,447.579,0.0
0.7931,0.0,0.0,447.579,447.579,0.0
0.7932,0.0,0.0,447.578,447.578,0.0
0.7933,0.0,0.0,447.578,447.578,0.0
0.7934,0.0,0.0,447.577,447.577,0.0
0.7935,0.0,0.0,447.577,447.577,0.0
0.7936,0.0,0.0,447.577,447.577,0.0
0.7937,0.0,0.0,447.576,447.576,0.0
0.7938,0.0,0.0,447.576,447.576,0.0
0.7939,0.0,0.0,447.576,447.576,0.0
0.794,0.0,0.0,447.575,447.575,0.0
0.7941,0.0,0.0,447.575,447.575,0.0
0.7942,0.0,0.0,447.574,447.574,0.0
0.7943,-0.0,-0.0,447.574,447.574,0.0
0.7944,-0.0,-0.0,447.574,447.574,0.0
0.7945,-0.0,-0.0,447.573,447.573,0.0
0.7946,-0.0,-0.0,447.573,447.573,0.0
0.7947,-0.0,-0.0,447.573,447.573,0.0
0.7948,-0.0,-0.0,447.572,447.572,0.0
0.7949,-0.0,-0.0,447.572,447.572,0.0
0.795,-0.0,-0.0,447.572,447.572,0.0
0.7951,-0.0,-0.0,447.571,447.571,0.0
0.7952,-0.0,-0.0,447.571,447.571,0.0
0.7953,-0.0,-0.0,447.57,447.57,0.0
0.7954,-0.0,-0.0,447.57,447.57,0.0
0.7955,-0.0,-0.0,447.57,447.57,0.0
0.7956,-0.0,-0.0,447.569,447.569,0.0
0.7957,-0.0,-0.0,447.569,447.569,0.0
0.7958,-0.0,-0.0,447.569,447.569,0.0
0.7959,-0.0,-0.0,447.568,447.568,0.0
0.796,-0.0,-0.0,447.568,447.568,0.0
0.7961,-0.0,-0.0,447.568,447.568,0.0
0.7962,-0.0,-0.0,447.567,447.567,0.0
0.7963,-0.0,-0.0,447.567,447.567,0.0
0.7964,-0.0,-0.0,447.566,447.566,0.0
0.7965,-0.0,-0.0,447.566,447.566,0.0
0.7966,-0.0,-0.0,447.566,447.566,0.0
0.7967,-0.0,-0.0,447.565,447.565,0.0
0.7968,-0.0,-0.0,447.565,447.565,0.0
0.7969,-0.0,-0.0,447.565,447.565,0.0
0.797,-0.0,-0.0,447.564,447.564,0.0
0.7971,-0.0,-0.0,447.564,447.564,0.0
0.7972,-0.0,-0.0,447.564,447.564,0.0
0.7973,-0.0,-0.0,447.563,447.563,0.0
0.7974,-0.0,-0.0,447.563,447.563,0.0
0.7975,-0.0,-0.0,447.562,447.562,0.0
0.7976,-0.0,-0.0,447.562,447.562,0.0
0.7977,-0.0,-0.0,447.562,447.562,0.0
0.7978,-0.0,-0.0,447.561,447.561,0.0
0.7979,-0.0,-0.0,447.561,447.561,0.0
0.798,-0.0,-0.0,447.561,447.561,0.0
0.7981,-0.0,-0.0,447.56,447.56,0.0
0.7982,-0.0,-0.0,447.56,447.56,0.0
0.7983,-0.0,-0.0,447.559,447.559,0.0
0.7984,-0.0,-0.0,447.559,447.559,0.0
0.7985,-0.0,-0.0,447.559,447.559,0.0
0.7986,-0.0,-0.0,447.558,447.558,0.0
0.7987,-0.0,-0.0,447.558,447.558,0.0
0.7988,-0.0,-0.0,447.558,447.558,0.0
0.7989,-0.0,-0.0,447.557,447.557,0.0
0.799,-0.0,-0.0,447.557,447.557,0.0
0.7991,-0.0,-0.0,447.557,447.557,0.0
0.7992,-0.0,-0.0,447.556,447.556,0.0
0.7993,-0.0,-0.0,447.556,447.556,0.0
0.7994,-0.0,-0.0,447.555,447.555,0.0
0.7995,-0.0,-0.0,447.555,447.555,0.0
0.7996,0.0,0.0,447.555,447.555,0.0
0.7997,0.0,0.0,447.554,447.554,0.0
0.7998,0.0,0.0,447.554,447.554,0.0
0.7999,0.0,0.0,447.554,447.554,0.0
0.8,0.0,0.0,447.553,447.553,0.0
0.8001,0.0,0.0,447.553,447.553,0.0
0.8002,0.0,0.0,447.553,447.553,0.0
0.8003,0.0,0.0,447.552,447.552,0.0
0.8004,0.0,0.0,447.552,447.552,0.0
0.8005,0.0,0.0,447.551,447.551,0.0
0.8006,0.0,0.0,447.551,447.551,0.0
0.8007,0.0,0.0,447.551,447.551,0.0
0.8008,0.0,0.0,447.55,447.55,0.0
0.8009,0.0,0.0,447.55,447.55,0.0
0.801,0.0,0.0,447.55,447.55,0.0
0.8011,0.0,0.0,447.549,447.549,0.0
0.8012,0.0,0.0,447.549,447.549,0.0
0.8013,0.0,0.0,447.548,447.548,0.0
0.8014,0.0,0.0,447.548,447.548,0.0
0.8015,0.0,0.0,447.548,447.548,0.0
0.8016,0.0,0.0,447.547,447.547,0.0
0.8017,0.0,0.0,447.547,447.547,0.0
0.8018,0.0,0.0,447.547,447.547,0.0
0.8019,0.0,0.0,447.546,447.546,0.0
0.802,0.0,0.0,447.546,447.546,0.0
0.8021,-0.0,-0.0,447.545,447.545,0.0
0.8022,-0.0,-0.0,447.545,447.545,0.0
0.8023,-0.0,-0.0,447.545,447.545,0.0
0.8024,-0.0,-0.0,447.544,447.544,0.0
0.8025,-0.0,-0.0,447.544,447.544,0.0
0.8026,-0.0,-0.0,447.544,447.544,0.0
0.8027,-0.0,-0.0,447.543,447.543,0.0
0.8028,-0.0,-0.0,447.543,447.543,0.0
0.8029,-0.0,-0.0,447.542,447.542,0.0
0.803,-0.0,-0.0,447.542,447.542,0.0
0.8031,-0.0,-0.0,447.542,447.542,0.0
0.8032,-0.0,-0.0,447.541,447.541,0.0
0.8033,-0.0,-0.0,447.541,447.541,0.0
0.8034,-0.0,-0.0,447.541,447.541,0.0
0.8035,-0.0,-0.0,447.54,447.54,0.0
0.8036,-0.0,-0.0,447.54,447.54,0.0
0.8037,-0.0,-0.0,447.539,447.539,0.0
0.8038,-0.0,-0.0,447.539,447.539,0.0
0.8039,-0.0,-0.0,447.539,447.539,0.0
0.804,-0.0,-0.0,447.538,447.538,0.0
0.8041,-0.0,-0.0,447.538,447.538,0.0
0.8042,-0.0,-0.0,447.538,447.538,0.0
0.8043,0.0,0.0,447.537,447.537,0.0
0.8044,0.0,0.0,447.537,447.537,0.0
0.8045,0.0,0.0,447.536,447.536,0.0
0.8046,0.0,0.0,447.536,447.536,0.0
0.8047,0.0,0.0,447.536,447.536,0.0
0.8048,0.0,0.0,447.535,447.535,0.0
0.8049,0.0,0.0,447.535,447.535,0.0
0.805,0.0,0.0,447.535,447.535,0.0
0.8051,0.0,0.0,447.534,447.534,0.0
0.8052,0.0,0.0,447.534,447.534,0.0
0.8053,0.0,0.0,447.534,447.534,0.0
0.8054,0.0,0.0,447.533,447.533,0.0
0.8055,0.0,0.0,447.533,447.533,0.0
0.8056,0.0,0.0,447.532,447.532,0.0
0.8057,0.0,0.0,447.532,447.532,0.0
0.8058,0.0,0.0,447.532,447.532,0.0
0.8059,0.0,0.0,447.531,447.531,0.0
0.806,0.0,0.0,447.531,447.531,0.0
0.8061,0.0,0.0,447.531,447.531,0.0
0.8062,0.0,0.0,447.53,447.53,0.0
0.8063,0.0,0.0,447.53,447.53,0.0
0.8064,0.0,0.0,447.529,447.529,0.0
0.8065,0.0,0.0,447.529,447.529,0.0
0.8066,0.0,0.0,447.529,447.529,0.0
0.8067,0.0,0.0,447.528,447.528,0.0
0.8068,0.0,0.0,447.528,447.528,0.0
0.8069,0.0,0.0,447.528,447.528,0.0
0.807,0.0,0.0,447.527,447.527,0.0
0.8071,0.0,0.0,447.527,447.527,0.0
0.8072,0.0,0.0,447.527,447.527,0.0
0.8073,0.0,0.0,447.526,447.526,0.0
0.8074,0.0,0.0,447.526,447.526,0.0
0.8075,0.0,0.0,447.525,447.525,0.0
0.8076,0.0,0.0,447.525,447.525,0.0
0.8077,0.0,0.0,447.525,447.525,0.0
0.8078,0.0,0.0,447.524,447.524,0.0
0.8079,0.0,0.0,447.524,447.524,0.0
0.808,0.0,0.0,447.524,447.524,0.0
0.8081,0.0,0.0,447.523,447.523,0.0
0.8082,0.0,0.0,447.523,447.523,0.0
0.8083,0.0,0.0,447.523,447.523,0.0
0.8084,0.0,0.0,447.522,447.522,0.0
0.8085,0.0,0.0,447.522,447.522,0.0
0.8086,0.0,0.0,447.521,447.521,0.0
0.8087,0.0,0.0,447.521,447.521,0.0
0.8088,0.0,0.0,447.521,447.521,0.0
0.8089,0.0,0.0,447.52,447.52,0.0
0.809,0.0,0.0,447.52,447.52,0.0
0.8091,0.0,0.0,447.52,447.52,0.0
0.8092,0.0,0.0,447.519,447.519,0.0
0.8093,0.0,0.0,447.519,447.519,0.0
0.8094,0.0,0.0,447.519,447.519,0.0
0.8095,0.0,0.0,447.518,447.518,0.0
0.8096,0.0,0.0,447.518,447.518,0.0
0.8097,-0.0,-0.0,447.517,447.517,0.0
0.8098,-0.0,-0.0,447.517,447.517,0.0
0.8099,-0.0,-0.0,447.517,447.517,0.0
0.81,-0.0,-0.0,447.516,447.516,0.0
0.8101,-0.0,-0.0,447.516,447.516,0.0
0.8102,-0.0,-0.0,447.516,447.516,0.0
0.8103,-0.0,-0.0,447.515,447.515,0.0
0.8104,-0.0,-0.0,447.515,447.515,0.0
0.8105,-0.0,-0.0,447.514,447.514,0.0
0.8106,-0.0,-0.0,447.514,447.514,0.0
0.8107,-0.0,-0.0,447.514,447.514,0.0
0.8108,-0.0,-0.0,447.513,447.513,0.0
0.8109,-0.0,-0.0,447.513,447.513,0.0
0.811,-0.0,-0.0,447.513,447.513,0.0
0.8111,-0.0,-0.0,447.512,447.512,0.0
0.8112,-0.0,-0.0,447.512,447.512,0.0
0.8113,-0.0,-0.0,447.511,447.511,0.0
0.8114,-0.0,-0.0,447.511,447.511,0.0
0.8115,-0.0,-0.0,447.511,447.511,0.0
0.8116,-0.0,-0.0,447.51,447.51,0.0
0.8117,-0.0,-0.0,447.51,447.51,0.0
0.8118,-0.0,-0.0,447.51,447.51,0.0
0.8119,-0.0,-0.0,447.509,447.509,0.0
0.812,-0.173,-0.173,447.509,447.509,0.0
0.8121,0.0,0.0,447.508,447.508,5.87
0.8122,0.0,0.0,447.507,447.507,17.567
0.8123,0.0,0.0,447.505,447.505,32.177
0.8124,0.0,0.0,447.501,447.501,46.734
0.8125,0.0,0.0,447.496,447.496,60.728
0.8126,0.0,0.0,447.49,447.49,74.055
0.8127,0.0,0.0,447.483,447.483,86.726
0.8128,0.0,0.0,447.474,447.474,98.781
0.8129,0.0,0.0,447.465,447.465,110.268
0.813,0.0,0.0,447.455,447.455,121.232
0.8131,0.0,0.0,447.444,447.444,131.718
0.8132,0.0,0.0,447.431,447.431,141.766
0.8133,0.0,0.0,447.418,447.418,151.414
0.8134,0.0,0.0,447.405,447.405,160.695
0.8135,0.0,0.0,447.39,447.39,169.642
0.8136,0.0,0.0,447.375,447.375,178.284
0.8137,0.0,0.0,447.359,447.359,186.649
0.8138,0.0,0.0,447.342,447.342,194.761
0.8139,0.0,0.0,447.325,447.325,202.643
0.814,0.0,0.0,447.307,447.307,210.317
0.8141,0.0,0.0,447.288,447.288,218.542
0.8142,0.0,0.0,447.268,447.268,225.118
0.8143,-0.0,-0.0,447.248,447.248,232.279
0.8144,-0.0,-0.0,447.228,447.228,239.3
0.8145,-0.0,-0.0,447.207,447.207,246.197
0.8146,-0.0,-0.0,447.185,447.185,252.982
0.8147,-0.0,-0.0,447.162,447.162,259.666
0.8148,-0.0,-0.0,447.139,447.139,266.261
0.8149,-0.0,-0.0,447.116,447.116,272.777
0.815,-0.0,-0.0,447.092,447.092,279.221
0.8151,-0.0,-0.0,447.067,447.067,285.604
0.8152,-0.0,-0.0,447.042,447.042,291.932
0.8153,-0.0,-0.0,447.016,447.016,298.212
0.8154,-0.0,-0.0,446.99,446.99,304.45
0.8155,-0.0,-0.0,446.963,446.963,310.653
0.8156,-0.0,-0.0,446.936,446.936,316.826
0.8157,-0.0,-0.0,446.908,446.908,322.973
0.8158,-0.0,-0.0,446.879,446.879,329.099
0.8159,-0.0,-0.0,446.85,446.85,335.208
0.816,-0.0,-0.0,446.819,446.819,411.515
0.8161,-0.0,-0.0,446.777,446.777,563.624
0.8162,-0.0,-0.0,446.723,446.723,697.481
0.8163,-0.0,-0.0,446.656,446.656,848.265
0.8164,-0.0,-0.0,446.576,446.576,999.664
0.8165,-0.0,-0.0,446.482,446.482,1151.169
0.8166,-0.0,-0.0,446.376,446.376,1302.493
0.8167,-0.0,-0.0,446.256,446.256,1453.407
0.8168,-0.0,-0.0,446.122,446.122,1603.711
0.8169,-0.0,-0.0,445.976,445.976,1753.227
0.817,-0.0,-0.0,445.817,445.817,1901.796
0.8171,-0.0,-0.0,445.644,445.644,2049.279
0.8172,-0.0,-0.0,445.459,445.459,2195.55
0.8173,-0.0,-0.0,445.261,445.261,2340.499
0.8174,-0.0,-0.0,445.05,445.05,2484.03
0.8175,-0.0,-0.0,444.827,444.827,2626.057
0.8176,-0.0,-0.0,444.591,444.591,2766.507
0.8177,-0.0,-0.0,444.343,444.343,2905.317
0.8178,-0.0,-0.0,444.083,444.083,3042.431
0.8179,-0.0,-0.0,443.81,443.81,3177.802
0.818,-0.0,-0.0,443.526,443.526,3311.392
0.8181,-0.0,-0.0,443.23,443.23,3456.246
0.8182,-0.0,-0.0,442.923,442.923,3585.997
0.8183,-0.0,-0.0,442.603,442.603,3701.18
0.8184,-0.0,-0.0,442.273,442.273,3827.379
0.8185,-0.0,-0.0,441.931,441.931,3951.69
0.8186,-0.0,-0.0,441.578,441.578,4074.105
0.8187,-0.0,-0.0,441.215,441.215,4194.622
0.8188,-0.0,-0.0,440.84,440.84,4313.241
0.8189,-0.0,-0.0,440.455,440.455,4429.963
0.819,-0.0,-0.0,440.059,440.059,4544.795
0.8191,-0.0,-0.0,439.653,439.653,4657.744
0.8192,-0.0,-0.0,439.237,439.237,4768.82
0.8193,-0.0,-0.0,438.811,438.811,4878.036
0.8194,-0.0,-0.0,438.375,438.375,4985.404
0.8195,-0.0,-0.0,437.929,437.929,5090.941
0.8196,-0.0,-0.0,437.473,437.473,5194.662
0.8197,0.0,0.0,437.008,437.008,5296.585
0.8198,0.0,0.0,436.533,436.533,5396.729
0.8199,0.0,0.0,436.049,436.049,5495.113
0.82,0.0,0.0,435.556,435.556,5591.758
0.8201,0.0,0.0,435.054,435.054,5696.084
0.8202,0.0,0.0,434.543,434.543,5789.145
0.8203,0.0,0.0,434.024,434.024,5871.47
0.8204,0.0,0.0,433.495,433.495,5961.373
0.8205,0.0,0.0,432.958,432.958,6049.647
0.8206,0.0,0.0,432.413,432.413,6136.315
0.8207,0.0,0.0,431.859,431.859,6221.4
0.8208,0.0,0.0,431.297,431.297,6304.925
0.8209,0.0,0.0,430.727,430.727,6386.915
0.821,0.0,0.0,430.149,430.149,6467.391
0.8211,0.0,0.0,429.564,429.564,6546.379
0.8212,0.0,0.0,428.97,428.97,6623.902
0.8213,0.0,0.0,428.369,428.369,6699.983
0.8214,0.0,0.0,427.76,427.76,6774.645
0.8215,0.0,0.0,427.143,427.143,6847.745
0.8216,0.0,0.0,426.521,426.521,6896.022
0.8217,0.0,0.0,425.897,425.897,6916.776
0.8218,0.0,0.0,425.271,425.271,6922.75
0.8219,0.0,0.0,424.644,424.644,6921.046
0.822,0.002,0.002,424.017,424.017,6915.601
0.8221,-0.0,-0.0,423.39,423.39,6907.84
0.8222,-0.0,-0.0,422.762,422.762,6900.405
0.8223,-0.0,-0.0,422.134,422.134,6893.913
0.8224,-0.0,-0.0,421.506,421.506,6887.188
0.8225,-0.0,-0.0,420.877,420.877,6881.104
0.8226,-0.0,-0.0,420.248,420.248,6875.7
0.8227,-0.0,-0.0,419.619,419.619,6870.967
0.8228,-0.0,-0.0,418.989,418.989,6866.872
0.8229,-0.0,-0.0,418.358,418.358,6863.37
0.823,-0.0,-0.0,417.727,417.727,6860.409
0.8231,-0.0,-0.0,417.095,417.095,6857.941
0.8232,-0.0,-0.0,416.462,416.462,6855.917
0.8233,-0.0,-0.0,415.828,415.828,6854.293
0.8234,-0.0,-0.0,415.194,415.194,6853.025
0.8235,-0.0,-0.0,414.558,414.558,6852.077
0.8236,-0.0,-0.0,413.922,413.922,6851.411
0.8237,-0.0,-0.0,413.285,413.285,6850.997
0.8238,-0.0,-0.0,412.646,412.646,6850.806
0.8239,-0.0,-0.0,412.007,412.007,6850.81
0.824,-0.0,-0.0,411.367,411.367,6850.986
0.8241,0.0,0.0,410.726,410.726,6851.353
0.8242,0.0,0.0,410.083,410.083,6851.822
0.8243,0.0,0.0,409.44,409.44,6852.341
0.8244,0.0,0.0,408.795,408.795,6853.009
0.8245,0.0,0.0,408.15,408.15,6853.76
0.8246,0.0,0.0,407.503,407.503,6854.581
0.8247,0.0,0.0,406.856,406.856,6855.462
0.8248,0.0,0.0,406.207,406.207,6856.39
0.8249,0.0,0.0,405.557,405.557,6857.358
0.825,0.0,0.0,404.906,404.906,6858.357
0.8251,0.0,0.0,404.253,404.253,6859.38
0.8252,0.0,0.0,403.6,403.6,6860.42
0.8253,0.0,0.0,402.945,402.945,6861.471
0.8254,0.0,0.0,402.29,402.29,6862.529
0.8255,0.0,0.0,401.633,401.633,6863.588
0.8256,0.0,0.0,400.975,400.975,6864.646
0.8257,0.0,0.0,400.315,400.315,6865.697
0.8258,0.0,0.0,399.655,399.655,6866.74
0.8259,0.0,0.0,398.993,398.993,6867.771
0.826,0.0,0.0,398.33,398.33,6868.789
0.8261,0.0,0.0,397.666,397.666,6869.791
0.8262,0.0,0.0,397.001,397.001,6870.874
0.8263,0.0,0.0,396.335,396.335,6871.743
0.8264,0.0,0.0,395.667,395.667,6872.689
0.8265,0.0,0.0,394.998,394.998,6873.615
0.8266,0.0,0.0,394.328,394.328,6874.52
0.8267,0.0,0.0,393.657,393.657,6875.403
0.8268,0.0,0.0,392.984,392.984,6876.263
0.8269,0.0,0.0,392.31,392.31,6877.1
0.827,0.0,0.0,391.635,391.635,6877.915
0.8271,0.0,0.0,390.959,390.959,6878.706
0.8272,0.0,0.0,390.282,390.282,6879.475
0.8273,0.0,0.0,389.603,389.603,6880.22
0.8274,0.0,0.0,388.923,388.923,6880.943
0.8275,0.0,0.0,388.241,388.241,6881.643
0.8276,0.0,0.0,387.559,387.559,6882.321
0.8277,0.0,0.0,386.875,386.875,6882.978
0.8278,0.0,0.0,386.19,386.19,6883.612
0.8279,0.0,0.0,385.504,385.504,6884.226
0.828,0.0,0.0,384.816,384.816,6884.818
0.8281,0.0,0.0,384.127,384.127,6885.391
0.8282,0.0,0.0,383.437,383.437,6885.997
0.8283,0.0,0.0,382.745,382.745,6886.476
0.8284,0.0,0.0,382.053,382.053,6886.99
0.8285,0.0,0.0,381.358,381.358,6887.486
0.8286,0.0,0.0,380.663,380.663,6887.964
0.8287,0.0,0.0,379.966,379.966,6888.424
0.8288,0.0,0.0,379.268,379.268,6888.868
0.8289,0.0,0.0,378.569,378.569,6889.295
0.829,0.0,0.0,377.868,377.868,6889.706
0.8291,0.0,0.0,377.166,377.166,6890.102
0.8292,0.0,0.0,376.463,376.463,6890.482
0.8293,0.0,0.0,375.758,375.758,6890.849
0.8294,0.0,0.0,375.052,375.052,6891.201
0.8295,0.0,0.0,374.344,374.344,6891.54
0.8296,0.0,0.0,373.635,373.635,6891.865
0.8297,0.0,0.0,372.925,372.925,6892.178
0.8298,0.0,0.0,372.213,372.213,6892.479
0.8299,0.0,0.0,371.5,371.5,6892.768
0.83,0.0,0.0,370.786,370.786,6893.046
0.8301,-0.0,-0.0,370.07,370.07,6893.312
0.8302,-0.0,-0.0,369.353,369.353,6893.593
0.8303,-0.0,-0.0,368.634,368.634,6893.814
0.8304,-0.0,-0.0,367.914,367.914,6894.05
0.8305,-0.0,-0.0,367.193,367.193,6894.277
0.8306,-0.0,-0.0,366.47,366.47,6894.494
0.8307,-0.0,-0.0,365.745,365.745,6894.703
0.8308,-0.0,-0.0,365.019,365.019,6894.903
0.8309,-0.0,-0.0,364.292,364.292,6895.095
0.831,-0.0,-0.0,363.563,363.563,6895.28
0.8311,-0.0,-0.0,362.833,362.833,6895.456
0.8312,-0.0,-0.0,362.101,362.101,6895.626
0.8313,-0.0,-0.0,361.368,361.368,6895.788
0.8314,-0.0,-0.0,360.633,360.633,6895.944
0.8315,-0.0,-0.0,359.897,359.897,6896.094
0.8316,-0.0,-0.0,359.159,359.159,6896.237
0.8317,-0.0,-0.0,358.42,358.42,6896.374
0.8318,-0.0,-0.0,357.679,357.679,6896.505
0.8319,-0.0,-0.0,356.936,356.936,6896.631
0.832,-0.002,-0.002,356.192,356.192,6896.752
0.8321,0.0,0.0,355.447,355.447,6896.868
0.8322,0.0,0.0,354.7,354.7,6896.989
0.8323,0.0,0.0,353.951,353.951,6897.095
0.8324,0.0,0.0,353.2,353.2,6897.186
0.8325,0.0,0.0,352.449,352.449,6897.283
0.8326,0.0,0.0,351.695,351.695,6896.144
0.8327,0.0,0.0,350.942,350.942,6875.497
0.8328,0.0,0.0,350.193,350.193,6830.295
0.8329,0.0,0.0,349.449,349.449,6761.91
0.833,0.0,0.0,348.714,348.714,6671.742
0.8331,0.0,0.0,347.989,347.989,6561.215
0.8332,0.0,0.0,347.277,347.277,6431.764
0.8333,0.0,0.0,346.579,346.579,6284.831
0.8334,0.0,0.0,345.898,345.898,6121.854
0.8335,0.0,0.0,345.235,345.235,5944.266
0.8336,0.0,0.0,344.592,344.592,5753.482
0.8337,0.0,0.0,343.97,343.97,5550.9
0.8338,-0.0,-0.0,343.37,343.37,5337.89
0.8339,-0.0,-0.0,342.794,342.794,5115.793
0.834,-0.0,-0.0,342.241,342.241,4885.915
0.8341,-0.0,-0.0,341.714,341.714,4649.524
0.8342,-0.0,-0.0,341.213,341.213,4383.433
0.8343,-0.0,-0.0,340.738,340.738,4137.3
0.8344,-0.0,-0.0,340.29,340.29,3913.303
0.8345,-0.0,-0.0,339.869,339.869,3662.656
0.8346,-0.0,-0.0,339.476,339.476,3411.154
0.8347,-0.0,-0.0,339.11,339.11,3159.777
0.8348,-0.0,-0.0,338.771,338.771,2909.452
0.8349,-0.0,-0.0,338.46,338.46,2661.052
0.835,-0.0,-0.0,338.176,338.176,2415.396
0.8351,-0.0,-0.0,337.919,337.919,2173.247
0.8352,-0.0,-0.0,337.688,337.688,1935.314
0.8353,-0.0,-0.0,337.484,337.484,1702.254
0.8354,-0.0,-0.0,337.305,337.305,1474.668
0.8355,-0.0,-0.0,337.151,337.151,1253.104
0.8356,-0.0,-0.0,337.021,337.021,1038.062
0.8357,-0.0,-0.0,336.915,336.915,829.988
0.8358,-0.0,-0.0,336.832,336.832,629.279
0.8359,-0.0,-0.0,336.771,336.771,436.286
0.836,-0.0,-0.0,336.731,336.731,251.313
0.8361,-0.0,-0.0,336.712,336.712,74.617
0.8362,-0.0,-0.0,336.709,336.709,0.0
0.8363,-0.0,-0.0,336.709,336.709,0.0
0.8364,-0.0,-0.0,336.708,336.708,0.0
0.8365,-0.0,-0.0,336.708,336.708,0.0
0.8366,-0.0,-0.0,336.708,336.708,0.0
0.8367,-0.0,-0.0,336.708,336.708,0.0
0.8368,-0.0,-0.0,336.707,336.707,0.0
0.8369,-0.0,-0.0,336.707,336.707,0.0
0.837,-0.0,-0.0,336.707,336.707,0.0
0.8371,-0.0,-0.0,336.707,336.707,0.0
0.8372,-0.0,-0.0,336.706,336.706,0.0
0.8373,-0.0,-0.0,336.706,336.706,0.0
0.8374,-0.0,-0.0,336.706,336.706,0.0
0.8375,-0.0,-0.0,336.705,336.705,0.0
0.8376,-0.0,-0.0,336.705,336.705,0.0
0.8377,-0.0,-0.0,336.705,336.705,0.0
0.8378,-0.0,-0.0,336.705,336.705,0.0
0.8379,-0.0,-0.0,336.704,336.704,0.0
0.838,-0.0,-0.0,336.704,336.704,0.0
0.8381,-0.0,-0.0,336.704,336.704,0.0
0.8382,-0.0,-0.0,336.704,336.704,0.0
0.8383,-0.0,-0.0,336.703,336.703,0.0
0.8384,-0.0,-0.0,336.703,336.703,0.0
0.8385,-0.0,-0.0,336.703,336.703,0.0
0.8386,-0.0,-0.0,336.702,336.702,0.0
0.8387,-0.0,-0.0,336.702,336.702,0.0
0.8388,-0.0,-0.0,336.702,336.702,0.0
0.8389,-0.0,-0.0,336.702,336.702,0.0
0.839,-0.0,-0.0,336.701,336.701,0.0
0.8391,-0.0,-0.0,336.701,336.701,0.0
0.8392,-0.0,-0.0,336.701,336.701,0.0
0.8393,-0.0,-0.0,336.701,336.701,0.0
0.8394,-0.0,-0.0,336.7,336.7,0.0
0.8395,-0.0,-0.0,336.7,336.7,0.0
0.8396,-0.0,-0.0,336.7,336.7,0.0
0.8397,-0.0,-0.0,336.699,336.699,0.0
0.8398,-0.0,-0.0,336.699,336.699,0.0
0.8399,-0.0,-0.0,336.699,336.699,0.0
0.84,-0.0,-0.0,336.699,336.699,0.0
0.8401,-0.0,-0.0,336.698,336.698,0.0
0.8402,-0.0,-0.0,336.698,336.698,0.0
0.8403,-0.0,-0.0,336.698,336.698,0.0
0.8404,0.0,0.0,336.698,336.698,0.0
0.8405,0.0,0.0,336.697,336.697,0.0
0.8406,0.0,0.0,336.697,336.697,0.0
0.8407,0.0,0.0,336.697,336.697,0.0
0.8408,0.0,0.0,336.696,336.696,0.0
0.8409,0.0,0.0,336.696,336.696,0.0
0.841,0.0,0.0,336.696,336.696,0.0
0.8411,0.0,0.0,336.696,336.696,0.0
0.8412,0.0,0.0,336.695,336.695,0.0
0.8413,0.0,0.0,336.695,336.695,0.0
0.8414,0.0,0.0,336.695,336.695,0.0
0.8415,0.0,0.0,336.694,336.694,0.0
0.8416,0.0,0.0,336.694,336.694,0.0
0.8417,0.0,0.0,336.694,336.694,0.0
0.8418,0.0,0.0,336.694,336.694,0.0
0.8419,0.0,0.0,336.693,336.693,0.0
0.842,0.003,0.003,336.693,336.693,0.0
0.8421,-0.0,-0.0,336.693,336.693,0.0
0.8422,-0.0,-0.0,336.693,336.693,0.0
0.8423,-0.0,-0.0,336.692,336.692,0.0
0.8424,-0.0,-0.0,336.692,336.692,0.0
0.8425,-0.0,-0.0,336.692,336.692,0.0
0.8426,-0.0,-0.0,336.691,336.691,0.0
0.8427,-0.0,-0.0,336.691,336.691,0.0
0.8428,-0.0,-0.0,336.691,336.691,0.0
0.8429,-0.0,-0.0,336.691,336.691,0.0
0.843,-0.0,-0.0,336.69,336.69,0.0
0.8431,-0.0,-0.0,336.69,336.69,0.0
0.8432,-0.0,-0.0,336.69,336.69,0.0
0.8433,-0.0,-0.0,336.689,336.689,0.0
0.8434,-0.0,-0.0,336.689,336.689,0.0
0.8435,-0.0,-0.0,336.689,336.689,0.0
0.8436,-0.0,-0.0,336.689,336.689,0.0
0.8437,0.0,0.0,336.688,336.688,0.0
0.8438,0.0,0.0,336.688,336.688,0.0
0.8439,0.0,0.0,336.688,336.688,0.0
0.844,0.0,0.0,336.687,336.687,0.0
0.8441,0.0,0.0,336.687,336.687,0.0
0.8442,0.0,0.0,336.687,336.687,0.0
0.8443,0.0,0.0,336.687,336.687,0.0
0.8444,0.0,0.0,336.686,336.686,0.0
0.8445,0.0,0.0,336.686,336.686,0.0
0.8446,0.0,0.0,336.686,336.686,0.0
0.8447,11.996,11.996,336.992,336.992,0.0
0.8448,3.009,3.009,337.237,337.237,0.0
0.8449,0.009,0.009,337.286,337.286,0.0
0.845,15.138,15.138,337.637,337.637,0.0
0.8451,5.381,5.381,338.003,338.003,0.0
0.8452,1.736,1.736,338.123,338.123,0.0
0.8453,1.68,1.68,338.181,338.181,0.0
0.8454,1.907,1.907,338.25,338.25,0.0
0.8455,2.221,2.221,338.33,338.33,0.0
0.8456,2.102,2.102,338.412,338.412,0.0
0.8457,2.231,2.231,338.495,338.495,0.0
0.8458,2.732,2.732,338.587,338.587,0.0
0.8459,2.86,2.86,338.693,338.693,0.0
0.846,3.321,3.321,338.806,338.806,0.0
0.8461,3.539,3.539,338.933,338.933,0.0
0.8462,3.681,3.681,339.066,339.066,0.0
0.8463,4.287,4.287,339.211,339.211,0.0
0.8464,4.533,4.533,339.374,339.374,0.0
0.8465,5.134,5.134,339.549,339.549,0.0
0.8466,5.457,5.457,339.751,339.751,0.0
0.8467,5.66,5.66,339.961,339.961,0.0
0.8468,6.129,6.129,340.187,340.187,0.0
0.8469,6.468,6.468,340.431,340.431,0.0
0.847,6.647,6.647,340.677,340.677,0.0
0.8471,7.047,7.047,340.938,340.938,0.0
0.8472,7.243,7.243,341.206,341.206,0.0
0.8473,7.802,7.802,341.483,341.483,0.0
0.8474,8.076,8.076,341.776,341.776,0.0
0.8475,8.395,8.395,342.072,342.072,1.975
0.8476,9.046,9.046,342.382,342.382,12.887
0.8477,9.299,9.299,342.707,342.707,33.443
0.8478,9.867,9.867,343.047,343.047,63.578
0.8479,10.035,10.035,343.402,343.402,103.381
0.848,9.968,9.968,343.751,343.751,152.622
0.8481,9.384,9.384,344.082,344.082,210.55
0.8482,9.198,9.198,344.388,344.388,276.019
0.8483,9.482,9.482,344.684,344.684,355.55
0.8484,9.751,9.751,344.977,344.977,434.15
0.8485,9.876,9.876,345.259,345.259,509.628
0.8486,10.748,10.748,345.531,345.531,598.128
0.8487,11.194,11.194,345.805,345.805,691.207
0.8488,11.416,11.416,346.073,346.073,788.589
0.8489,11.377,11.377,346.325,346.325,889.817
0.849,11.585,11.585,346.564,346.564,994.172
0.8491,11.608,11.608,346.793,346.793,1101.15
0.8492,11.59,11.59,347.005,347.005,1210.219
0.8493,11.6,11.6,347.2,347.2,1320.743
0.8494,11.541,11.541,347.378,347.378,1432.125
0.8495,11.582,11.582,347.537,347.537,1543.737
0.8496,11.222,11.222,347.677,347.677,1654.982
0.8497,10.672,10.672,347.78,347.78,1765.037
0.8498,10.522,10.522,347.836,347.836,1872.624
0.8499,10.562,10.562,347.863,347.863,1976.488
0.85,10.554,10.554,347.87,347.87,2076.008
0.8501,10.51,10.51,347.866,347.866,2170.829
0.8502,9.878,9.878,347.835,347.835,2260.706
0.8503,9.56,9.56,347.761,347.761,2344.73
0.8504,9.545,9.545,347.663,347.663,2429.28
0.8505,9.383,9.383,347.55,347.55,2498.658
0.8506,8.874,8.874,347.427,347.427,2554.934
0.8507,8.028,8.028,347.283,347.283,2610.529
0.8508,7.278,7.278,347.106,347.106,2658.315
0.8509,6.756,6.756,346.908,346.908,2697.696
0.851,6.171,6.171,346.689,346.689,2728.424
0.8511,5.474,5.474,346.457,346.457,2750.3
0.8512,4.552,4.552,346.208,346.208,2763.275
0.8513,3.694,3.694,345.939,345.939,2767.188
0.8514,3.037,3.037,345.658,345.658,2761.911
0.8515,2.241,2.241,345.368,345.368,2747.539
0.8516,1.847,1.847,345.073,345.073,2724.27
0.8517,1.268,1.268,344.777,344.777,2692.434
0.8518,0.408,0.408,344.481,344.481,2652.442
0.8519,0.001,0.001,344.189,344.189,2604.739
0.852,-0.0,-0.0,343.902,343.902,2549.855
0.8521,-0.921,-0.921,343.621,343.621,2488.322
0.8522,-1.025,-1.025,343.349,343.349,2420.714
0.8523,-1.573,-1.573,343.085,343.085,2347.625
0.8524,-2.398,-2.398,342.834,342.834,2261.617
0.8525,-3.277,-3.277,342.598,342.598,2179.085
0.8526,-3.979,-3.979,342.383,342.383,2101.934
0.8527,-4.622,-4.622,342.19,342.19,2013.84
0.8528,-5.443,-5.443,342.013,342.013,1924.005
0.8529,-6.745,-6.745,341.861,341.861,1833.114
0.853,-7.856,-7.856,341.741,341.741,1742.142
0.8531,-9.293,-9.293,341.66,341.66,1652.188
0.8532,-10.003,-10.003,341.621,341.621,1564.589
0.8533,-11.058,-11.058,341.598,341.598,1480.279
0.8534,-12.429,-12.429,341.604,341.604,1399.694
0.8535,-13.976,-13.976,341.652,341.652,1323.756
0.8536,-15.657,-15.657,341.76,341.76,1253.794
0.8537,-16.8,-16.8,341.929,341.929,1191.544
0.8538,-17.314,-17.314,342.141,342.141,1138.354
0.8539,-18.128,-18.128,342.378,342.378,1094.93
0.854,-19.298,-19.298,342.653,342.653,1061.747
0.8541,-20.94,-20.94,342.979,342.979,1039.656
0.8542,-22.223,-22.223,343.366,343.366,1029.942
0.8543,-22.961,-22.961,343.806,343.806,1033.812
0.8544,-23.437,-23.437,344.276,344.276,1054.829
0.8545,-24.425,-24.425,344.769,344.769,1089.214
0.8546,-25.216,-25.216,345.296,345.296,1132.852
0.8547,-26.293,-26.293,345.854,345.854,1195.688
0.8548,-27.522,-27.522,346.452,346.452,1274.027
0.8549,-28.516,-28.516,347.1,347.1,1368.628
0.855,-29.473,-29.473,347.781,347.781,1480.134
0.8551,-29.953,-29.953,348.485,348.485,1608.814
0.8552,-30.857,-30.857,349.206,349.206,1754.403
0.8553,-31.805,-31.805,349.956,349.956,1916.933
0.8554,-32.601,-32.601,350.752,350.752,2096.74
0.8555,-33.179,-33.179,351.568,351.568,2294.38
0.8556,-33.773,-33.773,352.374,352.374,2509.394
0.8557,-34.642,-34.642,353.188,353.188,2740.736
0.8558,-35.068,-35.068,354.014,354.014,2988.163
0.8559,-35.485,-35.485,354.851,354.851,3251.365
0.856,-35.828,-35.828,355.68,355.68,3529.927
0.8561,-36.372,-36.372,356.477,356.477,3822.644
0.8562,-36.96,-36.96,357.273,357.273,4128.128
0.8563,-37.52,-37.52,358.053,358.053,4445.807
0.8564,-38.289,-38.289,358.835,358.835,4808.222
0.8565,-38.712,-38.712,359.62,359.62,5149.348
0.8566,-39.115,-39.115,360.371,360.371,5500.623
0.8567,-39.616,-39.616,361.114,361.114,5824.355
0.8568,-39.52,-39.52,361.834,361.834,6191.934
0.8569,-39.762,-39.762,362.512,362.512,6551.914
0.857,-39.825,-39.825,363.18,363.18,6790.641
0.8571,-40.113,-40.113,363.824,363.824,6928.711
0.8572,-40.273,-40.273,364.484,364.484,7004.057
0.8573,-40.206,-40.206,365.133,365.133,7040.802
0.8574,-40.329,-40.329,365.757,365.757,7054.202
0.8575,-40.254,-40.254,366.386,366.386,7053.85
0.8576,-40.25,-40.25,366.998,366.998,7045.735
0.8577,-40.177,-40.177,367.618,367.618,7033.559
0.8578,-39.798,-39.798,368.225,368.225,7019.582
0.8579,-39.619,-39.619,368.79,368.79,7005.159
0.858,-39.517,-39.517,369.347,369.347,6991.075
0.8581,-39.247,-39.247,369.897,369.897,6977.763
0.8582,-39.129,-39.129,370.44,370.44,6965.439
0.8583,-38.372,-38.372,370.972,370.972,6954.19
0.8584,-37.575,-37.575,371.447,371.447,6943.064
0.8585,-37.313,-37.313,371.878,371.878,6934.043
0.8586,-36.824,-36.824,372.284,372.284,6925.999
0.8587,-36.429,-36.429,372.661,372.661,6919.536
0.8588,-35.779,-35.779,373.009,373.009,6913.146
0.8589,-35.304,-35.304,373.31,373.31,6907.517
0.859,-35.077,-35.077,373.573,373.573,6902.576
0.8591,-34.512,-34.512,373.809,373.809,6898.256
0.8592,-33.999,-33.999,374.008,374.008,6894.493
0.8593,-33.414,-33.414,374.178,374.178,6891.232
0.8594,-32.633,-32.633,374.321,374.321,6888.42
0.8595,-31.884,-31.884,374.423,374.423,6886.009
0.8596,-30.471,-30.471,374.476,374.476,6883.955
0.8597,-29.833,-29.833,374.459,374.459,6882.219
0.8598,-28.822,-28.822,374.413,374.413,6880.764
0.8599,-27.958,-27.958,374.337,374.337,6879.562
0.86,-26.737,-26.737,374.231,374.231,6878.583
0.8601,-24.69,-24.69,374.061,374.061,6877.802
0.8602,-22.343,-22.343,373.811,373.811,6877.194
0.8603,-20.89,-20.89,373.493,373.493,6876.735
0.8604,-20.716,-20.716,373.139,373.139,6876.383
0.8605,-20.695,-20.695,372.778,372.778,6876.186
0.8606,-19.045,-19.045,372.394,372.394,6876.095
0.8607,-17.218,-17.218,371.955,371.955,6876.092
0.8608,-15.471,-15.471,371.475,371.475,6876.164
0.8609,-14.363,-14.363,370.955,370.955,6876.304
0.861,-13.555,-13.555,370.413,370.413,6876.503
0.8611,-12.042,-12.042,369.844,369.844,6876.755
0.8612,-10.312,-10.312,369.241,369.241,6877.051
0.8613,-8.876,-8.876,368.607,368.607,6877.385
0.8614,-7.4,-7.4,367.951,367.951,6877.751
0.8615,-6.18,-6.18,367.276,367.276,6878.143
0.8616,-4.776,-4.776,366.585,366.585,6878.559
0.8617,-3.312,-3.312,365.881,365.881,6878.993
0.8618,-1.786,-1.786,365.166,365.166,6879.444
0.8619,-0.295,-0.295,364.443,364.443,6879.907
0.862,0.0,0.0,363.716,363.716,6880.381
0.8621,0.605,0.605,362.987,362.987,6880.864
0.8622,2.958,2.958,362.257,362.257,6881.352
0.8623,2.626,2.626,361.535,361.535,6881.845
0.8624,3.889,3.889,360.812,360.812,6882.391
0.8625,5.612,5.612,360.1,360.1,6882.888
0.8626,7.046,7.046,359.402,359.402,6883.386
0.8627,7.828,7.828,358.714,358.714,6883.833
0.8628,9.523,9.523,358.041,358.041,6884.329
0.8629,11.455,11.455,357.392,357.392,6884.823
0.863,13.74,13.74,356.78,356.78,6885.315
0.8631,14.692,14.692,356.203,356.203,6885.807
0.8632,14.685,14.685,355.641,355.641,6886.297
0.8633,15.657,15.657,355.09,355.09,6886.782
0.8634,17.807,17.807,354.575,354.575,6887.261
0.8635,20.548,20.548,354.128,354.128,6887.736
0.8636,21.803,21.803,353.752,353.752,6888.212
0.8637,22.226,22.226,353.404,353.404,6888.688
0.8638,22.925,22.925,353.076,353.076,6889.16
0.8639,24.166,24.166,352.782,352.782,6889.623
0.864,25.707,25.707,352.539,352.539,6890.08
0.8641,26.992,26.992,352.351,352.351,6890.53
0.8642,27.925,27.925,352.208,352.208,6890.976
0.8643,29.008,29.008,352.104,352.104,6891.414
0.8644,30.347,30.347,352.049,352.049,6891.845
0.8645,31.595,31.595,352.054,352.054,6892.311
0.8646,32.773,32.773,352.123,352.123,6892.728
0.8647,34.11,34.11,352.256,352.256,6893.099
0.8648,35.315,35.315,352.453,352.453,6893.507
0.8649,36.003,36.003,352.704,352.704,6893.91
0.865,36.461,36.461,352.986,352.986,6894.304
0.8651,36.484,36.484,353.306,353.306,6894.687
0.8652,37.409,37.409,353.65,353.65,6895.055
0.8653,38.46,38.46,354.048,354.048,6895.409
0.8654,38.834,38.834,354.492,354.492,6895.751
0.8655,39.302,39.302,354.949,354.949,6896.08
0.8656,39.831,39.831,355.443,355.443,6896.392
0.8657,40.899,40.899,355.975,355.975,6896.691
0.8658,42.131,42.131,356.579,356.579,6896.977
0.8659,42.397,42.397,357.234,357.234,6897.256
0.866,42.656,42.656,357.898,357.898,6897.524
0.8661,43.223,43.223,358.586,358.586,6897.778
0.8662,43.968,43.968,359.296,359.296,6898.018
0.8663,44.935,44.935,360.057,360.057,6898.243
0.8664,45.246,45.246,360.85,360.85,6898.459
0.8665,45.65,45.65,361.647,361.647,6898.681
0.8666,45.175,45.175,362.476,362.476,6898.869
0.8667,45.113,45.113,363.28,363.28,6899.024
0.8668,46.121,46.121,364.095,364.095,6899.18
0.8669,46.873,46.873,364.943,364.943,6899.322
0.867,47.778,47.778,365.817,365.817,6899.454
0.8671,47.612,47.612,366.739,366.739,6899.577
0.8672,47.445,47.445,367.633,367.633,6899.692
0.8673,47.727,47.727,368.525,368.525,6899.794
0.8674,47.671,47.671,369.417,369.417,6899.884
0.8675,48.365,48.365,370.298,370.298,6899.96
0.8676,47.339,47.339,371.214,371.214,6900.028
0.8677,46.585,46.585,372.064,372.064,6900.084
0.8678,46.298,46.298,372.873,372.873,6900.124
0.8679,46.201,46.201,373.655,373.655,6900.148
0.868,46.655,46.655,374.426,374.426,6900.16
0.8681,45.845,45.845,375.214,375.214,6900.164
0.8682,45.149,45.149,375.948,375.948,6900.161
0.8683,44.442,44.442,376.635,376.635,6900.147
0.8684,43.958,43.958,377.278,377.278,6900.123
0.8685,44.002,44.002,377.893,377.893,6900.085
0.8686,43.297,43.297,378.498,378.498,6900.045
0.8687,42.442,42.442,379.058,379.058,6900.0
0.8688,41.377,41.377,379.567,379.567,6899.954
0.8689,40.333,40.333,380.023,380.023,6899.897
0.869,39.722,39.722,380.425,380.425,6899.833
0.8691,39.338,39.338,380.789,380.789,6899.763
0.8692,38.986,38.986,381.121,381.121,6899.689
0.8693,38.079,38.079,381.429,381.429,6899.615
0.8694,36.99,36.99,381.681,381.681,6899.54
0.8695,35.528,35.528,381.869,381.869,6899.462
0.8696,34.218,34.218,381.993,381.993,6899.38
0.8697,33.645,33.645,382.066,382.066,6899.294
0.8698,32.956,32.956,382.123,382.123,6899.206
0.8699,31.357,31.357,382.137,382.137,6899.121
0.87,29.094,29.094,382.072,382.072,6899.036
0.8701,27.408,27.408,381.929,381.929,6898.947
0.8702,27.084,27.084,381.736,381.736,6898.854
0.8703,27.271,27.271,381.539,381.539,6898.762
0.8704,26.421,26.421,381.329,381.329,6898.675
0.8705,24.195,24.195,381.065,381.065,6898.588
0.8706,21.822,21.822,380.735,380.735,6898.51
0.8707,19.94,19.94,380.342,380.342,6898.431
0.8708,19.096,19.096,379.908,379.908,6898.359
0.8709,17.681,17.681,379.446,379.446,6898.281
0.871,15.477,15.477,378.942,378.942,6898.206
0.8711,13.481,13.481,378.395,378.395,6898.134
0.8712,11.75,11.75,377.813,377.813,6898.064
0.8713,10.87,10.87,377.205,377.205,6897.998
0.8714,9.73,9.73,376.58,376.58,6897.937
0.8715,8.021,8.021,375.937,375.937,6897.882
0.8716,6.264,6.264,375.273,375.273,6897.833
0.8717,4.51,4.51,374.591,374.591,6897.791
0.8718,2.864,2.864,373.895,373.895,6897.755
0.8719,1.251,1.251,373.19,373.19,6897.725
0.872,0.507,0.507,372.479,372.479,6897.702
0.8721,-0.77,-0.77,371.766,371.766,6897.686
0.8722,-1.765,-1.765,371.054,371.054,6897.677
0.8723,-2.919,-2.919,370.345,370.345,6897.676
0.8724,-4.433,-4.433,369.641,369.641,6897.682
0.8725,-5.277,-5.277,368.945,368.945,6897.698
0.8726,-6.863,-6.863,368.257,368.257,6897.719
0.8727,-8.397,-8.397,367.585,367.585,6897.748
0.8728,-10.496,-10.496,366.935,366.935,6897.78
0.8729,-12.076,-12.076,366.314,366.314,6897.824
0.873,-12.439,-12.439,365.711,365.711,6897.876
0.8731,-13.145,-13.145,365.117,365.117,6897.935
0.8732,-14.894,-14.894,364.545,364.545,6897.999
0.8733,-17.431,-17.431,364.02,364.02,6898.069
0.8734,-19.535,-19.535,363.557,363.557,6898.149
0.8735,-20.332,-20.332,363.136,363.136,6898.239
0.8736,-20.869,-20.869,362.735,362.735,6898.338
0.8737,-22.253,-22.253,362.361,362.361,6898.442
0.8738,-24.201,-24.201,362.044,362.044,6898.55
0.8739,-26.11,-26.11,361.791,361.791,6898.666
0.874,-27.413,-27.413,361.599,361.599,6898.79
0.8741,-28.316,-28.316,361.451,361.451,6898.922
0.8742,-29.228,-29.228,361.344,361.344,6899.058
0.8743,-30.577,-30.577,361.278,361.278,6899.197
0.8744,-31.91,-31.91,361.27,361.27,6899.338
0.8745,-33.213,-33.213,361.32,361.32,6899.497
0.8746,-34.261,-34.261,361.431,361.431,6899.644
0.8747,-35.226,-35.226,361.589,361.589,6899.793
0.8748,-36.119,-36.119,361.788,361.788,6899.928
0.8749,-37.294,-37.294,362.032,362.032,6900.076
0.875,-38.6,-38.6,362.334,362.334,6900.221
0.8751,-40.309,-40.309,362.707,362.707,6900.367
0.8752,-41.369,-41.369,363.154,363.154,6900.514
0.8753,-41.655,-41.655,363.645,363.645,6900.662
0.8754,-42.189,-42.189,364.161,364.161,6900.806
0.8755,-42.941,-42.941,364.714,364.714,6900.944
0.8756,-44.311,-44.311,365.325,365.325,6901.075
0.8757,-45.187,-45.187,366.003,366.003,6901.203
0.8758,-45.084,-45.084,366.717,366.717,6901.327
0.8759,-45.29,-45.29,367.438,367.438,6901.443
0.876,-45.729,-45.729,368.172,368.172,6901.548
0.8761,-46.449,-46.449,368.946,368.946,6901.642
0.8762,-47.025,-47.025,369.759,369.759,6901.727
0.8763,-46.535,-46.535,370.593,370.593,6901.804
0.8764,-46.51,-46.51,371.418,371.418,6901.871
0.8765,-46.487,-46.487,372.241,372.241,6901.924
0.8766,-47.182,-47.182,373.069,373.069,6901.967
0.8767,-47.849,-47.849,373.932,373.932,6901.996
0.8768,-47.631,-47.631,374.818,374.818,6902.016
0.8769,-47.977,-47.977,375.703,375.703,6902.032
0.877,-47.859,-47.859,376.595,376.595,6902.04
0.8771,-47.765,-47.765,377.475,377.475,6902.04
0.8772,-47.965,-47.965,378.359,378.359,6902.031
0.8773,-47.758,-47.758,379.242,379.242,6902.014
0.8774,-47.808,-47.808,380.126,380.126,6901.991
0.8775,-47.479,-47.479,381.0,381.0,6901.961
0.8776,-46.923,-46.923,381.838,381.838,6901.924
0.8777,-46.576,-46.576,382.654,382.654,6901.877
0.8778,-46.458,-46.458,383.437,383.437,6901.822
0.8779,-46.554,-46.554,384.218,384.218,6901.758
0.878,-45.932,-45.932,384.988,384.988,6901.691
0.8781,-44.784,-44.784,385.71,385.71,6901.62
0.8782,-44.18,-44.18,386.384,386.384,6901.541
0.8783,-43.919,-43.919,387.025,387.025,6901.454
0.8784,-43.901,-43.901,387.65,387.65,6901.363
0.8785,-43.356,-43.356,388.262,388.262,6901.27
0.8786,-42.376,-42.376,388.83,388.83,6901.167
0.8787,-41.42,-41.42,389.348,389.348,6901.07
0.8788,-40.684,-40.684,389.815,389.815,6900.979
0.8789,-40.101,-40.101,390.242,390.242,6900.875
0.879,-39.357,-39.357,390.633,390.633,6900.768
0.8791,-37.927,-37.927,390.987,390.987,6900.66
0.8792,-36.623,-36.623,391.277,391.277,6900.551
0.8793,-35.608,-35.608,391.503,391.503,6900.438
0.8794,-34.737,-34.737,391.677,391.677,6900.322
0.8795,-34.091,-34.091,391.808,391.808,6900.205
0.8796,-33.376,-33.376,391.914,391.914,6900.088
0.8797,-32.603,-32.603,391.986,391.986,6899.975
0.8798,-31.061,-31.061,392.007,392.007,6899.865
0.8799,-29.199,-29.199,391.96,391.96,6899.756
0.88,-28.212,-28.212,391.853,391.853,6899.645
0.8801,-28.121,-28.121,391.716,391.716,6899.991
0.8802,-27.864,-27.864,391.572,391.572,6901.037
0.8803,-25.62,-25.62,391.394,391.394,6902.437
0.8804,-22.852,-22.852,391.132,391.132,6903.985
0.8805,-20.908,-20.908,390.797,390.797,6905.56
0.8806,-19.962,-19.962,390.416,390.416,6907.249
0.8807,-19.291,-19.291,390.014,390.014,6908.712
0.8808,-17.79,-17.79,389.58,389.58,6909.959
0.8809,-16.054,-16.054,389.104,389.104,6911.262
0.881,-14.796,-14.796,388.593,388.593,6912.478
0.8811,-13.619,-13.619,388.056,388.056,6913.611
0.8812,-12.865,-12.865,387.499,387.499,6914.667
0.8813,-11.552,-11.552,386.92,386.92,6915.652
0.8814,-9.904,-9.904,386.316,386.316,6916.571
0.8815,-8.058,-8.058,385.688,385.688,6917.43
0.8816,-6.079,-6.079,385.037,385.037,6918.234
0.8817,-4.349,-4.349,384.369,384.369,6918.987
0.8818,-2.533,-2.533,383.688,383.688,6919.695
0.8819,-1.072,-1.072,382.998,382.998,6920.362
0.882,-0.0,-0.0,382.302,382.302,6920.993
0.8821,0.195,0.195,381.605,381.605,6921.59
0.8822,1.583,1.583,380.909,380.909,6922.157
0.8823,2.19,2.19,380.214,380.214,6922.697
0.8824,3.18,3.18,379.52,379.52,6923.213
0.8825,4.495,4.495,378.834,378.834,6923.705
0.8826,6.102,6.102,378.156,378.156,6924.223
0.8827,8.048,8.048,377.497,377.497,6924.673
0.8828,9.169,9.169,376.856,376.856,6925.106
0.8829,10.088,10.088,376.226,376.226,6925.482
0.883,11.691,11.691,375.613,375.613,6925.885
0.8831,13.785,13.785,375.03,375.03,6926.273
0.8832,16.475,16.475,374.494,374.494,6926.648
0.8833,17.912,17.912,374.005,374.005,6927.01
0.8834,18.471,18.471,373.539,373.539,6927.36
0.8835,19.571,19.571,373.092,373.092,6927.696
0.8836,22.188,22.188,372.684,372.684,6928.019
0.8837,25.014,25.014,372.354,372.354,6928.329
0.8838,26.46,26.46,372.105,372.105,6928.628
0.8839,27.148,27.148,371.896,371.896,6928.913
0.884,28.135,28.135,371.713,371.713,6929.185
0.8841,29.01,29.01,371.576,371.576,6929.442
0.8842,30.368,30.368,371.482,371.482,6929.683
0.8843,31.483,31.483,371.444,371.444,6929.908
0.8844,32.718,32.718,371.453,371.453,6930.118
0.8845,33.994,33.994,371.513,371.513,6930.311
0.8846,34.572,34.572,371.631,371.631,6930.505
0.8847,35.537,35.537,371.78,371.78,6930.664
0.8848,36.807,36.807,371.978,371.978,6930.805
0.8849,38.377,38.377,372.242,372.242,6930.918
0.885,39.665,39.665,372.578,372.578,6931.027
0.8851,39.917,39.917,372.971,372.971,6931.117
0.8852,40.447,40.447,373.379,373.379,6931.19
0.8853,41.22,41.22,373.823,373.823,6931.245
0.8854,42.48,42.48,374.315,374.315,6931.283
0.8855,43.673,43.673,374.873,374.873,6931.303
0.8856,43.882,43.882,375.482,375.482,6931.305
0.8857,44.261,44.261,376.098,376.098,6931.29
0.8858,44.697,44.697,376.748,376.748,6931.26
0.8859,45.694,45.694,377.424,377.424,6931.214
0.886,46.859,46.859,378.165,378.165,6931.152
0.8861,47.017,47.017,378.956,378.956,6931.075
0.8862,47.246,47.246,379.75,379.75,6930.983
0.8863,47.473,47.473,380.567,380.567,6930.878
0.8864,47.616,47.616,381.389,381.389,6930.761
0.8865,48.187,48.187,382.238,382.238,6930.633
0.8866,48.24,48.24,383.104,383.104,6930.48
0.8867,48.289,48.289,383.969,383.969,6930.332
0.8868,48.6,48.6,384.839,384.839,6930.177
0.8869,48.633,48.633,385.711,385.711,6930.031
0.887,49.037,49.037,386.598,386.598,6929.865
0.8871,49.12,49.12,387.493,387.493,6929.693
0.8872,49.515,49.515,388.392,388.392,6929.516
0.8873,49.541,49.541,389.313,389.313,6929.336
0.8874,48.858,48.858,390.218,390.218,6929.152
0.8875,48.748,48.748,391.091,391.091,6928.967
0.8876,48.562,48.562,391.951,391.951,6928.784
0.8877,48.61,48.61,392.799,392.799,6928.604
0.8878,48.21,48.21,393.645,393.645,6928.425
0.8879,47.28,47.28,394.453,394.453,6928.249
0.888,46.685,46.685,395.208,395.208,6928.08
0.8881,46.303,46.303,395.931,395.931,6927.919
0.8882,46.123,46.123,396.637,396.637,6927.766
0.8883,45.591,45.591,397.332,397.332,6927.621
0.8884,44.659,44.659,397.988,397.988,6927.482
0.8885,43.71,43.71,398.591,398.591,6927.353
0.8886,42.821,42.821,399.15,399.15,6927.236
0.8887,42.063,42.063,399.67,399.67,6927.121
0.8888,41.366,41.366,400.15,400.15,6927.029
0.8889,40.466,40.466,400.592,400.592,6926.956
0.889,39.402,39.402,400.985,400.985,6926.888
0.8891,38.516,38.516,401.324,401.324,6926.833
0.8892,37.546,37.546,401.612,401.612,6926.792
0.8893,36.504,36.504,401.854,401.854,6926.767
0.8894,35.625,35.625,402.053,402.053,6926.756
0.8895,34.784,34.784,402.216,402.216,6926.758
0.8896,33.268,33.268,402.335,402.335,6926.774
0.8897,31.543,31.543,402.382,402.382,6926.803
0.8898,30.338,30.338,402.363,402.363,6926.85
0.8899,29.757,29.757,402.306,402.306,6926.915
0.89,29.497,29.497,402.233,402.233,6926.993
0.8901,27.749,27.749,402.136,402.136,6927.08
0.8902,25.319,25.319,401.96,401.96,6927.179
0.8903,23.593,23.593,401.707,401.707,6927.295
0.8904,22.61,22.61,401.41,401.41,6927.429
0.8905,22.321,22.321,401.094,401.094,6927.578
0.8906,21.207,21.207,400.762,400.762,6927.736
0.8907,19.382,19.382,400.384,400.384,6927.92
0.8908,17.91,17.91,399.96,399.96,6928.099
0.8909,16.559,16.559,399.501,399.501,6928.27
0.891,15.71,15.71,399.018,399.018,6928.47
0.8911,14.097,14.097,398.512,398.512,6928.677
0.8912,11.876,11.876,397.971,397.971,6928.892
0.8913,10.2,10.2,397.393,397.393,6929.116
0.8914,8.391,8.391,396.79,396.79,6929.348
0.8915,6.791,6.791,396.166,396.166,6929.588
0.8916,5.392,5.392,395.525,395.525,6929.833
0.8917,3.739,3.739,394.87,394.87,6930.083
0.8918,2.075,2.075,394.204,394.204,6930.336
0.8919,0.518,0.518,393.53,393.53,6930.59
0.892,-0.0,-0.0,392.852,392.852,6930.845
0.8921,-0.667,-0.667,392.173,392.173,6931.099
0.8922,-2.871,-2.871,391.493,391.493,6931.35
0.8923,-3.185,-3.185,390.818,390.818,6931.599
0.8924,-4.435,-4.435,390.145,390.145,6931.843
0.8925,-6.524,-6.524,389.482,389.482,6932.082
0.8926,-8.065,-8.065,388.836,388.836,6932.313
0.8927,-9.02,-9.02,388.203,388.203,6932.558
0.8928,-10.421,-10.421,387.583,387.583,6932.772
0.8929,-11.902,-11.902,386.983,386.983,6932.955
0.893,-14.282,-14.282,386.413,386.413,6933.148
0.8931,-15.892,-15.892,385.884,385.884,6933.325
0.8932,-16.448,-16.448,385.377,385.377,6933.485
0.8933,-17.04,-17.04,384.882,384.882,6933.631
0.8934,-18.72,-18.72,384.413,384.413,6933.765
0.8935,-21.284,-21.284,383.997,383.997,6933.882
0.8936,-23.304,-23.304,383.653,383.653,6933.976
0.8937,-24.306,-24.306,383.355,383.355,6934.042
0.8938,-25.018,-25.018,383.085,383.085,6934.083
0.8939,-25.93,-25.93,382.845,382.845,6934.103
0.894,-27.344,-27.344,382.646,382.646,6934.105
0.8941,-28.949,-28.949,382.497,382.497,6934.086
0.8942,-29.982,-29.982,382.403,382.403,6934.043
0.8943,-31.198,-31.198,382.343,382.343,6933.976
0.8944,-32.451,-32.451,382.333,382.333,6933.889
0.8945,-33.503,-33.503,382.376,382.376,6933.778
0.8946,-34.731,-34.731,382.472,382.472,6933.642
0.8947,-36.081,-36.081,382.626,382.626,6933.463
0.8948,-37.356,-37.356,382.848,382.848,6933.271
0.8949,-38.489,-38.489,383.126,383.126,6933.073
0.895,-39.129,-39.129,383.451,383.451,6928.988
0.8951,-40.116,-40.116,383.809,383.809,6920.786
0.8952,-41.177,-41.177,384.213,384.213,6911.242
0.8953,-42.372,-42.372,384.68,384.68,6901.063
0.8954,-43.241,-43.241,385.197,385.197,6890.429
0.8955,-43.536,-43.536,385.745,385.745,6879.411
0.8956,-43.77,-43.77,386.321,386.321,6868.047
0.8957,-44.227,-44.227,386.921,386.921,6856.35
0.8958,-45.585,-45.585,387.568,387.568,6844.33
0.8959,-46.47,-46.47,388.283,388.283,6831.966
0.896,-46.709,-46.709,389.029,389.029,6819.271
0.8961,-47.23,-47.23,389.797,389.797,6806.276
0.8962,-47.505,-47.505,390.589,390.589,6792.995
0.8963,-48.115,-48.115,391.413,391.413,6779.439
0.8964,-48.151,-48.151,392.272,392.272,6765.597
0.8965,-48.009,-48.009,393.122,393.122,6751.501
0.8966,-48.381,-48.381,393.976,393.976,6737.177
0.8967,-48.249,-48.249,394.84,394.84,6721.15
0.8968,-48.567,-48.567,395.704,395.704,6706.349
0.8969,-48.652,-48.652,396.592,396.592,6691.319
0.897,-48.553,-48.553,397.475,397.475,6677.606
0.8971,-48.703,-48.703,398.369,398.369,6662.175
0.8972,-48.371,-48.371,399.265,399.265,6646.537
0.8973,-48.04,-48.04,400.141,400.141,6630.713
0.8974,-47.785,-47.785,401.014,401.014,6614.711
0.8975,-47.448,-47.448,401.869,401.869,6598.535
0.8976,-47.245,-47.245,402.72,402.72,6582.19
0.8977,-46.589,-46.589,403.552,403.552,6565.677
0.8978,-45.865,-45.865,404.337,404.337,6549.022
0.8979,-45.37,-45.37,405.093,405.093,6532.238
0.898,-44.908,-44.908,405.818,405.818,6515.318
0.8981,-44.398,-44.398,406.527,406.527,6498.258
0.8982,-43.703,-43.703,407.207,407.207,6481.06
0.8983,-42.675,-42.675,407.841,407.841,6463.738
0.8984,-41.927,-41.927,408.434,408.434,6446.306
0.8985,-41.324,-41.324,408.992,408.992,6428.759
0.8986,-40.861,-40.861,409.53,409.53,6411.092
0.8987,-40.103,-40.103,410.041,410.041,6391.512
0.8988,-39.084,-39.084,410.51,410.51,6373.593
0.8989,-38.243,-38.243,410.932,410.932,6355.576
0.899,-37.202,-37.202,411.313,411.313,6339.276
0.8991,-36.488,-36.488,411.647,411.647,6321.076
0.8992,-35.618,-35.618,411.946,411.946,6302.779
0.8993,-34.689,-34.689,412.206,412.206,6284.383
0.8994,-33.387,-33.387,412.427,412.427,6265.893
0.8995,-31.819,-31.819,412.591,412.591,6247.314
0.8996,-30.565,-30.565,412.691,412.691,6228.667
0.8997,-29.611,-29.611,412.749,412.749,6209.946
0.8998,-28.674,-28.674,412.784,412.784,6191.135
0.8999,-27.574,-27.574,412.789,412.789,6172.223
0.9,-25.755,-25.755,412.741,412.741,6153.224
0.9001,-24.534,-24.534,412.622,412.622,6134.165
0.9002,-23.578,-23.578,412.464,412.464,6115.041
0.9003,-23.097,-23.097,412.289,412.289,6095.833
0.9004,-22.531,-22.531,412.104,412.104,6076.524
0.9005,-20.73,-20.73,411.886,411.886,6057.115
0.9006,-18.868,-18.868,411.611,411.611,6037.635
0.9007,-17.232,-17.232,411.294,411.294,6018.093
0.9008,-16.174,-16.174,410.941,410.941,5996.518
0.9009,-14.964,-14.964,410.57,410.57,5976.821
0.901,-13.408,-13.408,410.169,410.169,5959.023
0.9011,-11.503,-11.503,409.734,409.734,5939.178
0.9012,-9.919,-9.919,409.273,409.273,5919.26
0.9013,-8.757,-8.757,408.789,408.789,5899.268
0.9014,-7.506,-7.506,408.294,408.294,5879.193
0.9015,-6.145,-6.145,407.784,407.784,5859.035
0.9016,-4.708,-4.708,407.261,407.261,5838.794
0.9017,-3.207,-3.207,406.728,406.728,5818.472
0.9018,-2.033,-2.033,406.187,406.187,5798.067
0.9019,-0.846,-0.846,405.642,405.642,5777.578
0.902,-0.0,-0.0,405.096,405.096,5757.004
0.9021,0.573,0.573,404.551,404.551,5736.344
0.9022,1.519,1.519,404.008,404.008,5715.6
0.9023,2.488,2.488,403.47,403.47,5694.77
0.9024,3.782,3.782,402.939,402.939,5673.855
0.9025,4.879,4.879,402.418,402.418,5652.853
0.9026,5.903,5.903,401.906,401.906,5631.766
0.9027,7.462,7.462,401.407,401.407,5610.595
0.9028,9.161,9.161,400.928,400.928,5587.207
0.9029,10.923,10.923,400.476,400.476,5565.848
0.903,11.91,11.91,400.048,400.048,5546.545
0.9031,12.649,12.649,399.631,399.631,5525.016
0.9032,13.935,13.935,399.235,399.235,5503.41
0.9033,15.752,15.752,398.874,398.874,5481.719
0.9034,17.978,17.978,398.565,398.565,5459.929
0.9035,19.394,19.394,398.304,398.304,5438.029
0.9036,20.139,20.139,398.07,398.07,5416.035
0.9037,21.182,21.182,397.863,397.863,5393.96
0.9038,22.964,22.964,397.696,397.696,5371.806
0.9039,24.719,24.719,397.594,397.594,5349.558
0.904,26.088,26.088,397.548,397.548,5327.204
0.9041,27.144,27.144,397.544,397.544,5304.754
0.9042,27.945,27.945,397.581,397.581,5282.223
0.9043,29.003,29.003,397.655,397.655,5259.618
0.9044,30.046,30.046,397.775,397.775,5236.938
0.9045,31.023,31.023,397.943,397.943,5214.182
0.9046,31.663,31.663,398.161,398.161,5191.348
0.9047,32.436,32.436,398.417,398.417,5168.444
0.9048,33.384,33.384,398.707,398.707,5143.177
0.9049,34.424,34.424,399.037,399.037,5120.15
0.905,35.207,35.207,399.419,399.419,5099.369
0.9051,35.955,35.955,399.853,399.853,5076.215
0.9052,36.645,36.645,400.333,400.333,5052.994
0.9053,37.237,37.237,400.842,400.842,5029.719
0.9054,37.804,37.804,401.376,401.376,5006.407
0.9055,38.291,38.291,401.946,401.946,4983.057
0.9056,39.206,39.206,402.552,402.552,4959.668
0.9057,39.832,39.832,403.214,403.214,4936.227
0.9058,40.016,40.016,403.904,403.904,4912.737
0.9059,40.348,40.348,404.601,404.601,4889.224
0.906,40.583,40.583,405.326,405.326,4865.693
0.9061,40.911,40.911,406.07,406.07,4842.14
0.9062,41.251,41.251,406.855,406.855,4818.563
0.9063,41.129,41.129,407.654,407.654,4794.955
0.9064,41.235,41.235,408.45,408.45,4771.344
0.9065,41.057,41.057,409.261,409.261,4747.728
0.9066,40.892,40.892,410.062,410.062,4724.115
0.9067,41.029,41.029,410.878,410.878,4700.507
0.9068,40.798,40.798,411.695,411.695,4674.531
0.9069,40.93,40.93,412.505,412.505,4650.926
0.907,40.567,40.567,413.328,413.328,4629.679
0.9071,40.292,40.292,414.128,414.128,4606.08
0.9072,40.208,40.208,414.93,414.93,4582.494
0.9073,39.639,39.639,415.729,415.729,4558.91
0.9074,39.443,39.443,416.515,416.515,4535.338
0.9075,38.99,38.99,417.299,417.299,4511.772
0.9076,38.452,38.452,418.053,418.053,4488.221
0.9077,38.107,38.107,418.784,418.784,4464.696
0.9078,37.48,37.48,419.499,419.499,4441.19
0.9079,37.038,37.038,420.192,420.192,4417.702
0.908,36.242,36.242,420.867,420.867,4394.23
0.9081,35.652,35.652,421.499,421.499,4370.782
0.9082,34.926,34.926,422.099,422.099,4347.366
0.9083,34.259,34.259,422.67,422.67,4323.975
0.9084,33.722,33.722,423.22,423.22,4300.603
0.9085,32.986,32.986,423.749,423.749,4277.243
0.9086,32.325,32.325,424.245,424.245,4253.898
0.9087,31.492,31.492,424.706,424.706,4230.574
0.9088,30.678,30.678,425.134,425.134,4204.944
0.9089,29.961,29.961,425.532,425.532,4181.664
0.909,29.057,29.057,425.898,425.898,4160.725
0.9091,28.406,28.406,426.23,426.23,4137.478
0.9092,27.356,27.356,426.533,426.533,4114.246
0.9093,26.179,26.179,426.793,426.793,4091.031
0.9094,24.999,24.999,427.007,427.007,4067.844
0.9095,23.885,23.885,427.179,427.179,4044.681
0.9096,23.48,23.48,427.319,427.319,4021.54
0.9097,22.897,22.897,427.448,427.448,3998.401
0.9098,21.814,21.814,427.548,427.548,3975.259
0.9099,20.183,20.183,427.602,427.602,3952.129
0.91,18.908,18.908,427.61,427.61,3929.024
0.9101,18.437,18.437,427.591,427.591,3905.937
0.9102,18.182,18.182,427.567,427.567,3882.846
0.9103,16.918,16.918,427.526,427.526,3859.741
0.9104,15.162,15.162,427.435,427.435,3836.641
0.9105,13.667,13.667,427.303,427.303,3813.564
0.9106,12.313,12.313,427.138,427.138,3790.503
0.9107,11.527,11.527,426.954,426.954,3767.447
0.9108,10.649,10.649,426.752,426.752,3742.078
0.9109,9.45,9.45,426.527,426.527,3719.012
0.911,8.486,8.486,426.285,426.285,3695.944
0.9111,7.519,7.519,426.027,426.027,3675.176
0.9112,6.837,6.837,425.761,425.761,3652.09
0.9113,5.881,5.881,425.485,425.485,3628.99
0.9114,4.446,4.446,425.197,425.197,3605.878
0.9115,3.179,3.179,424.896,424.896,3582.758
0.9116,1.862,1.862,424.586,424.586,3559.627
0.9117,1.014,1.014,424.27,424.27,3536.484
0.9118,0.776,0.776,423.952,423.952,3513.326
0.9119,0.867,0.867,423.635,423.635,3490.15
0.912,-0.141,-0.141,423.32,423.32,3466.955
0.9121,-1.011,-1.011,423.006,423.006,3443.741
0.9122,-1.606,-1.606,422.696,422.696,3420.508
0.9123,-2.261,-2.261,422.391,422.391,3397.255
0.9124,-2.967,-2.967,422.09,422.09,3373.983
0.9125,-3.711,-3.711,421.797,421.797,3350.691
0.9126,-4.484,-4.484,421.511,421.511,3327.38
0.9127,-5.687,-5.687,421.238,421.238,3304.049
0.9128,-6.346,-6.346,420.981,420.981,3280.692
0.9129,-6.87,-6.87,420.732,420.732,3254.974
0.913,-7.739,-7.739,420.495,420.495,3231.575
0.9131,-8.957,-8.957,420.278,420.278,3210.496
0.9132,-10.529,-10.529,420.092,420.092,3187.047
0.9133,-11.521,-11.521,419.942,419.942,3163.559
0.9134,-11.807,-11.807,419.806,419.806,3140.039
0.9135,-12.191,-12.191,419.68,419.68,3116.504
0.9136,-12.93,-12.93,419.574,419.574,3092.955
0.9137,-13.964,-13.964,419.499,419.499,3069.383
0.9138,-15.064,-15.064,419.46,419.46,3045.779
0.9139,-15.479,-15.479,419.447,419.447,3022.145
0.914,-15.588,-15.588,419.45,419.45,2998.493
0.9141,-16.108,-16.108,419.469,419.469,2974.831
0.9142,-16.537,-16.537,419.514,419.514,2951.155
0.9143,-17.302,-17.302,419.585,419.585,2927.462
0.9144,-17.833,-17.833,419.687,419.687,2903.749
0.9145,-18.173,-18.173,419.815,419.815,2880.016
0.9146,-18.583,-18.583,419.964,419.964,2856.27
0.9147,-18.9,-18.9,420.134,420.134,2832.513
0.9148,-19.301,-19.301,420.324,420.324,2808.748
0.9149,-19.866,-19.866,420.54,420.54,2782.598
0.915,-20.051,-20.051,420.787,420.787,2758.809
0.9151,-20.677,-20.677,421.052,421.052,2737.392
0.9152,-20.541,-20.541,421.335,421.335,2713.588
0.9153,-20.705,-20.705,421.627,421.627,2689.789
0.9154,-20.678,-20.678,421.934,421.934,2665.994
0.9155,-20.852,-20.852,422.26,422.26,2642.201
0.9156,-21.132,-21.132,422.602,422.602,2618.406
0.9157,-20.873,-20.873,422.952,422.952,2594.615
0.9158,-21.054,-21.054,423.305,423.305,2570.836
0.9159,-21.048,-21.048,423.671,423.671,2547.067
0.916,-20.978,-20.978,424.056,424.056,2523.301
0.9161,-21.111,-21.111,424.451,424.451,2499.537
0.9162,-20.644,-20.644,424.845,424.845,2475.78
0.9163,-20.719,-20.719,425.232,425.232,2452.045
0.9164,-20.344,-20.344,425.625,425.625,2428.328
0.9165,-20.235,-20.235,426.017,426.017,2404.626
0.9166,-20.392,-20.392,426.415,426.415,2380.937
0.9167,-19.976,-19.976,426.808,426.808,2357.257
0.9168,-20.03,-20.03,427.198,427.198,2333.597
0.9169,-19.771,-19.771,427.59,427.59,2307.587
0.917,-19.482,-19.482,427.978,427.978,2283.958
0.9171,-19.337,-19.337,428.365,428.365,2262.702
0.9172,-18.782,-18.782,428.743,428.743,2239.099
0.9173,-18.698,-18.698,429.112,429.112,2215.516
0.9174,-18.455,-18.455,429.48,429.48,2191.949
0.9175,-17.923,-17.923,429.833,429.833,2168.397
0.9176,-17.807,-17.807,430.177,430.177,2144.868
0.9177,-17.375,-17.375,430.51,430.51,2121.354
0.9178,-17.139,-17.139,430.832,430.832,2097.858
0.9179,-16.613,-16.613,431.146,431.146,2074.378
0.918,-15.844,-15.844,431.433,431.433,2050.918
0.9181,-15.714,-15.714,431.704,431.704,2027.487
0.9182,-15.269,-15.269,431.965,431.965,2004.071
0.9183,-15.021,-15.021,432.215,432.215,1980.669
0.9184,-14.551,-14.551,432.455,432.455,1957.278
0.9185,-13.674,-13.674,432.674,432.674,1933.902
0.9186,-13.7,-13.7,432.873,432.873,1910.548
0.9187,-13.04,-13.04,433.064,433.064,1887.205
0.9188,-12.716,-12.716,433.237,433.237,1863.875
0.9189,-12.236,-12.236,433.399,433.399,1838.227
0.919,-11.413,-11.413,433.543,433.543,1814.922
0.9191,-11.136,-11.136,433.664,433.664,1793.962
0.9192,-10.367,-10.367,433.77,433.77,1770.687
0.9193,-9.871,-9.871,433.852,433.852,1747.428
0.9194,-9.449,-9.449,433.922,433.922,1724.183
0.9195,-8.912,-8.912,433.981,433.981,1700.945
0.9196,-8.44,-8.44,434.025,434.025,1677.712
0.9197,-7.429,-7.429,434.051,434.051,1654.488
0.9198,-7.225,-7.225,434.053,434.053,1631.278
0.9199,-7.038,-7.038,434.052,434.052,1608.078
0.92,-6.701,-6.701,434.048,434.048,1584.873
0.9201,-6.502,-6.502,433.908,433.908,3785.355
0.9202,-5.156,-5.156,433.617,433.617,4589.332
0.9203,-4.76,-4.76,433.269,433.269,4852.792
0.9204,-4.485,-4.485,432.897,432.897,5014.984
0.9205,-4.362,-4.362,432.507,432.507,5154.696
0.9206,-4.113,-4.113,432.102,432.102,5286.251
0.9207,-3.289,-3.289,431.675,431.675,5412.463
0.9208,-3.404,-3.404,431.223,431.223,5534.077
0.9209,-3.043,-3.043,430.758,430.758,5662.95
0.921,-2.864,-2.864,430.277,430.277,5775.933
0.9211,-2.734,-2.734,429.783,429.783,5874.413
0.9212,-1.99,-1.99,429.272,429.272,5980.471
0.9213,-1.762,-1.762,428.742,428.742,6083.177
0.9214,-1.329,-1.329,428.198,428.198,6182.711
0.9215,-0.996,-0.996,427.64,427.64,6279.238
0.9216,-0.741,-0.741,427.07,427.07,6372.911
0.9217,-0.595,-0.595,426.489,426.489,6463.872
0.9218,-1.461,-1.461,425.898,425.898,6552.252
0.9219,-0.685,-0.685,425.299,425.299,6638.172
0.922,0.081,0.081,424.691,424.691,6721.746
0.9221,0.784,0.784,424.074,424.074,6803.081
0.9222,1.551,1.551,423.45,423.45,6868.462
0.9223,1.266,1.266,422.825,422.825,6900.299
0.9224,1.394,1.394,422.199,422.199,6913.118
0.9225,2.018,2.018,421.574,421.574,6915.755
0.9226,2.682,2.682,420.956,420.956,6913.152
0.9227,2.849,2.849,420.343,420.343,6908.06
0.9228,3.353,3.353,419.732,419.732,6901.992
0.9229,3.934,3.934,419.13,419.13,6895.153
0.923,4.556,4.556,418.539,418.539,6889.233
0.9231,5.002,5.002,417.962,417.962,6884.318
0.9232,4.707,4.707,417.39,417.39,6879.391
0.9233,4.585,4.585,416.815,416.815,6875.043
0.9234,4.769,4.769,416.243,416.243,6871.261
0.9235,5.186,5.186,415.68,415.68,6868.011
0.9236,5.888,5.888,415.136,415.136,6865.254
0.9237,5.566,5.566,414.603,414.603,6862.947
0.9238,5.587,5.587,414.064,414.064,6861.048
0.9239,5.669,5.669,413.53,413.53,6859.516
0.924,5.797,5.797,413.004,413.004,6858.312
0.9241,6.74,6.74,412.494,412.494,6857.403
0.9242,6.704,6.704,411.999,411.999,6856.756
0.9243,6.689,6.689,411.507,411.507,6856.342
0.9244,6.681,6.681,411.019,411.019,6856.134
0.9245,6.454,6.454,410.534,410.534,6856.108
0.9246,6.901,6.901,410.054,410.054,6856.241
0.9247,6.834,6.834,409.585,409.585,6856.513
0.9248,7.043,7.043,409.118,409.118,6856.908
0.9249,7.196,7.196,408.663,408.663,6857.462
0.925,6.726,6.726,408.21,408.21,6858.061
0.9251,7.084,7.084,407.755,407.755,6858.736
0.9252,6.902,6.902,407.306,407.306,6859.399
0.9253,7.252,7.252,406.857,406.857,6860.186
0.9254,7.202,7.202,406.423,406.423,6861.019
0.9255,6.733,6.733,405.984,405.984,6861.89
0.9256,7.692,7.692,405.547,405.547,6862.789
0.9257,7.468,7.468,405.127,405.127,6863.711
0.9258,7.87,7.87,404.706,404.706,6864.65
0.9259,7.865,7.865,404.303,404.303,6865.6
0.926,7.271,7.271,403.893,403.893,6866.558
0.9261,7.822,7.822,403.478,403.478,6867.516
0.9262,7.433,7.433,403.071,403.071,6868.473
0.9263,7.631,7.631,402.653,402.653,6869.425
0.9264,7.496,7.496,402.248,402.248,6870.368
0.9265,6.957,6.957,401.832,401.832,6871.301
0.9266,7.472,7.472,401.413,401.413,6872.22
0.9267,7.109,7.109,400.998,400.998,6873.125
0.9268,7.368,7.368,400.57,400.57,6874.013
0.9269,7.666,7.666,400.163,400.163,6874.884
0.927,7.302,7.302,399.754,399.754,6875.823
0.9271,8.225,8.225,399.351,399.351,6876.657
0.9272,7.953,7.953,398.961,398.961,6877.393
0.9273,8.194,8.194,398.559,398.559,6878.191
0.9274,8.448,8.448,398.171,398.171,6878.969
0.9275,7.915,7.915,397.779,397.779,6879.728
0.9276,8.637,8.637,397.387,397.387,6880.465
0.9277,8.411,8.411,397.005,397.005,6881.181
0.9278,8.701,8.701,396.609,396.609,6881.877
0.9279,9.005,9.005,396.228,396.228,6882.551
0.928,8.647,8.647,395.843,395.843,6883.205
0.9281,9.272,9.272,395.461,395.461,6883.838
0.9282,8.966,8.966,395.083,395.083,6884.452
0.9283,8.777,8.777,394.686,394.686,6885.045
0.9284,8.635,8.635,394.284,394.284,6885.616
0.9285,8.212,8.212,393.87,393.87,6886.166
0.9286,9.465,9.465,393.462,393.462,6886.696
0.9287,9.589,9.589,393.072,393.072,6887.208
0.9288,9.414,9.414,392.673,392.673,6887.703
0.9289,9.31,9.31,392.266,392.266,6888.181
0.929,8.776,8.776,391.846,391.846,6888.685
0.9291,9.243,9.243,391.416,391.416,6889.123
0.9292,8.93,8.93,390.985,390.985,6889.503
0.9293,8.919,8.919,390.54,390.54,6889.909
0.9294,8.503,8.503,390.09,390.09,6890.299
0.9295,7.945,7.945,389.622,389.622,6890.672
0.9296,8.076,8.076,389.134,389.134,6891.028
0.9297,7.699,7.699,388.637,388.637,6891.368
0.9298,7.835,7.835,388.128,388.128,6891.692
0.9299,7.693,7.693,387.623,387.623,6892.003
0.93,6.827,6.827,387.101,387.101,6892.302
0.9301,6.583,6.583,386.55,386.55,6892.587
0.9302,6.259,6.259,385.986,385.986,6892.858
0.9303,6.287,6.287,385.413,385.413,6893.115
0.9304,6.168,6.168,384.842,384.842,6893.362
0.9305,5.354,5.354,384.26,384.26,6893.6
0.9306,5.007,5.007,383.654,383.654,6893.826
0.9307,4.503,4.503,383.035,383.035,6894.042
0.9308,4.237,4.237,382.402,382.402,6894.248
0.9309,3.878,3.878,381.764,381.764,6894.444
0.931,3.261,3.261,381.115,381.115,6894.651
0.9311,2.774,2.774,380.452,380.452,6894.829
0.9312,2.29,2.29,379.779,379.779,6894.984
0.9313,2.056,2.056,379.097,379.097,6895.148
0.9314,1.47,1.47,378.411,378.411,6895.305
0.9315,1.022,1.022,377.718,377.718,6895.457
0.9316,0.703,0.703,377.02,377.02,6895.603
0.9317,0.692,0.692,376.317,376.317,6895.744
0.9318,1.845,1.845,375.612,375.612,6895.88
0.9319,-0.0,-0.0,374.907,374.907,6896.012
0.932,-0.0,-0.0,374.199,374.199,6896.14
0.9321,-0.387,-0.387,373.49,373.49,6896.264
0.9322,-2.675,-2.675,372.779,372.779,6896.384
0.9323,-2.204,-2.204,372.073,372.073,6896.502
0.9324,-2.801,-2.801,371.369,371.369,6896.616
0.9325,-3.3,-3.3,370.669,370.669,6896.729
0.9326,-3.634,-3.634,369.974,369.974,6896.839
0.9327,-4.543,-4.543,369.283,369.283,6896.946
0.9328,-5.258,-5.258,368.602,368.602,6897.053
0.9329,-6.128,-6.128,367.937,367.937,6897.158
0.933,-6.638,-6.638,367.287,367.287,6897.273
0.9331,-7.075,-7.075,366.642,366.642,6897.378
0.9332,-8.039,-8.039,366.005,366.005,6897.471
0.9333,-9.149,-9.149,365.388,365.388,6897.574
0.9334,-10.444,-10.444,364.804,364.804,6897.677
0.9335,-11.126,-11.126,364.253,364.253,6897.783
0.9336,-11.629,-11.629,363.714,363.714,6897.891
0.9337,-12.447,-12.447,363.186,363.186,6897.999
0.9338,-13.534,-13.534,362.683,362.683,6898.107
0.9339,-14.729,-14.729,362.222,362.222,6898.216
0.934,-15.676,-15.676,361.802,361.802,6898.328
0.9341,-16.681,-16.681,361.414,361.414,6898.443
0.9342,-17.596,-17.596,361.059,361.059,6898.561
0.9343,-18.642,-18.642,360.737,360.737,6898.681
0.9344,-19.444,-19.444,360.457,360.457,6898.803
0.9345,-20.229,-20.229,360.211,360.211,6898.926
0.9346,-21.181,-21.181,360.001,360.001,6899.051
0.9347,-21.871,-21.871,359.83,359.83,6899.176
0.9348,-22.803,-22.803,359.685,359.685,6899.301
0.9349,-23.729,-23.729,359.576,359.576,6899.425
0.935,-24.581,-24.581,359.506,359.506,6899.561
0.9351,-25.852,-25.852,359.475,359.475,6899.683
0.9352,-26.724,-26.724,359.507,359.507,6899.793
0.9353,-27.613,-27.613,359.577,359.577,6899.918
0.9354,-28.528,-28.528,359.682,359.682,6900.042
0.9355,-29.336,-29.336,359.831,359.831,6900.165
0.9356,-30.365,-30.365,360.019,360.019,6900.287
0.9357,-31.248,-31.248,360.27,360.27,6900.408
0.9358,-31.672,-31.672,360.561,360.561,6900.529
0.9359,-32.058,-32.058,360.862,360.862,6900.647
0.936,-32.58,-32.58,361.19,361.19,6900.759
0.9361,-33.264,-33.264,361.536,361.536,6900.864
0.9362,-33.863,-33.863,361.927,361.927,6900.961
0.9363,-34.2,-34.2,362.345,362.345,6901.054
0.9364,-34.59,-34.59,362.767,362.767,6901.14
0.9365,-35.015,-35.015,363.214,363.214,6901.218
0.9366,-35.143,-35.143,363.675,363.675,6901.289
0.9367,-35.533,-35.533,364.151,364.151,6901.351
0.9368,-35.626,-35.626,364.651,364.651,6901.406
0.9369,-35.804,-35.804,365.149,365.149,6901.454
0.937,-35.91,-35.91,365.67,365.67,6901.498
0.9371,-35.894,-35.894,366.187,366.187,6901.53
0.9372,-36.244,-36.244,366.696,366.696,6901.552
0.9373,-36.001,-36.001,367.221,367.221,6901.569
0.9374,-36.006,-36.006,367.726,367.726,6901.577
0.9375,-35.833,-35.833,368.238,368.238,6901.578
0.9376,-35.934,-35.934,368.727,368.727,6901.571
0.9377,-36.122,-36.122,369.194,369.194,6901.554
0.9378,-35.894,-35.894,369.67,369.67,6901.53
0.9379,-35.56,-35.56,370.126,370.126,6901.501
0.938,-35.341,-35.341,370.576,370.576,6901.465
0.9381,-35.061,-35.061,371.007,371.007,6901.425
0.9382,-34.922,-34.922,371.403,371.403,6901.378
0.9383,-34.629,-34.629,371.788,371.788,6901.325
0.9384,-34.418,-34.418,372.152,372.152,6901.268
0.9385,-33.997,-33.997,372.507,372.507,6901.207
0.9386,-33.252,-33.252,372.83,372.83,6901.143
0.9387,-32.731,-32.731,373.104,373.104,6901.075
0.9388,-32.243,-32.243,373.343,373.343,6901.0
0.9389,-31.719,-31.719,373.549,373.549,6900.92
0.939,-31.279,-31.279,373.723,373.723,6900.836
0.9391,-30.545,-30.545,373.868,373.868,6900.74
0.9392,-29.977,-29.977,373.976,373.976,6900.651
0.9393,-29.195,-29.195,374.05,374.05,6900.568
0.9394,-28.437,-28.437,374.079,374.079,6900.475
0.9395,-27.864,-27.864,374.065,374.065,6900.379
0.9396,-27.15,-27.15,374.02,374.02,6900.281
0.9397,-26.703,-26.703,373.949,373.949,6900.184
0.9398,-25.58,-25.58,373.856,373.856,6900.088
0.9399,-24.501,-24.501,373.702,373.702,6899.993
0.94,-23.818,-23.818,373.49,373.49,6899.896
0.9401,-23.031,-23.031,373.249,373.249,6899.797
0.9402,-22.454,-22.454,372.989,372.989,6899.699
0.9403,-21.305,-21.305,372.714,372.714,6899.605
0.9404,-19.83,-19.83,372.381,372.381,6899.515
0.9405,-19.091,-19.091,371.984,371.984,6899.423
0.9406,-17.97,-17.97,371.555,371.555,6899.33
0.9407,-17.255,-17.255,371.095,371.095,6899.238
0.9408,-15.755,-15.755,370.62,370.62,6899.148
0.9409,-14.202,-14.202,370.102,370.102,6899.063
0.941,-13.291,-13.291,369.542,369.542,6898.979
0.9411,-12.065,-12.065,368.963,368.963,6898.889
0.9412,-11.029,-11.029,368.36,368.36,6898.812
0.9413,-9.46,-9.46,367.741,367.741,6898.747
0.9414,-7.991,-7.991,367.095,367.095,6898.679
0.9415,-6.607,-6.607,366.425,366.425,6898.615
0.9416,-5.032,-5.032,365.737,365.737,6898.555
0.9417,-3.572,-3.572,365.032,365.032,6898.5
0.9418,-2.086,-2.086,364.314,364.314,6898.45
0.9419,-0.796,-0.796,363.589,363.589,6898.406
0.942,0.0,0.0,362.858,362.858,6898.367
0.9421,1.207,1.207,362.126,362.126,6898.335
0.9422,2.471,2.471,361.394,361.394,6898.31
0.9423,2.559,2.559,360.667,360.667,6898.292
0.9424,3.558,3.558,359.941,359.941,6898.282
0.9425,5.019,5.019,359.218,359.218,6898.277
0.9426,6.569,6.569,358.507,358.507,6898.28
0.9427,8.383,8.383,357.81,357.81,6898.29
0.9428,9.939,9.939,357.137,357.137,6898.307
0.9429,11.188,11.188,356.483,356.483,6898.334
0.943,12.818,12.818,355.842,355.842,6898.367
0.9431,14.577,14.577,355.233,355.233,6898.413
0.9432,16.411,16.411,354.667,354.667,6898.463
0.9433,17.691,17.691,354.161,354.161,6898.519
0.9434,18.457,18.457,353.687,353.687,6898.592
0.9435,19.949,19.949,353.221,353.221,6898.673
0.9436,21.299,21.299,352.793,352.793,6898.758
0.9437,22.855,22.855,352.415,352.415,6898.85
0.9438,24.068,24.068,352.106,352.106,6898.95
0.9439,25.023,25.023,351.841,351.841,6897.268
0.944,26.505,26.505,351.602,351.602,6887.622
0.9441,27.62,27.62,351.416,351.416,6870.981
0.9442,29.022,29.022,351.281,351.281,6849.371
0.9443,30.28,30.28,351.213,351.213,6824.995
0.9444,31.392,31.392,351.205,351.205,6800.299
0.9445,32.649,32.649,351.252,351.252,6777.198
0.9446,33.458,33.458,351.361,351.361,6757.642
0.9447,34.487,34.487,351.514,351.514,6743.227
0.9448,35.202,35.202,351.718,351.718,6735.281
0.9449,35.967,35.967,351.963,351.963,6735.224
0.945,37.281,37.281,352.258,352.258,6744.013
0.9451,37.466,37.466,352.624,352.624,6766.02
0.9452,38.142,38.142,353.002,353.002,6798.185
0.9453,38.916,38.916,353.407,353.407,6836.495
0.9454,39.683,39.683,353.85,353.85,6870.372
0.9455,40.946,40.946,354.343,354.343,6891.018
0.9456,41.059,41.059,354.913,354.913,6903.249
0.9457,41.47,41.47,355.489,355.489,6910.161
0.9458,42.161,42.161,356.082,356.082,6913.738
0.9459,42.706,42.706,356.712,356.712,6915.259
0.946,43.821,43.821,357.375,357.375,6915.534
0.9461,43.877,43.877,358.115,358.115,6915.087
0.9462,44.425,44.425,358.851,358.851,6914.241
0.9463,44.817,44.817,359.614,359.614,6913.194
0.9464,44.908,44.908,360.398,360.398,6912.074
0.9465,45.771,45.771,361.177,361.177,6910.952
0.9466,45.612,45.612,362.023,362.023,6909.872
0.9467,45.784,45.784,362.853,362.853,6908.859
0.9468,46.309,46.309,363.693,363.693,6907.919
0.9469,46.468,46.468,364.556,364.556,6907.059
0.947,46.842,46.842,365.405,365.405,6906.276
0.9471,46.706,46.706,366.289,366.289,6905.499
0.9472,46.769,46.769,367.155,367.155,6904.866
0.9473,46.998,46.998,368.03,368.03,6904.347
0.9474,46.776,46.776,368.91,368.91,6903.827
0.9475,46.962,46.962,369.752,369.752,6903.358
0.9476,46.798,46.798,370.599,370.599,6902.933
0.9477,46.822,46.822,371.425,371.425,6902.548
0.9478,46.782,46.782,372.257,372.257,6902.198
0.9479,46.517,46.517,373.077,373.077,6901.884
0.948,46.493,46.493,373.855,373.855,6901.598
0.9481,45.923,45.923,374.619,374.619,6901.336
0.9482,45.811,45.811,375.344,375.344,6901.096
0.9483,45.63,45.63,376.066,376.066,6900.874
0.9484,45.162,45.162,376.768,376.768,6900.672
0.9485,44.952,44.952,377.422,377.422,6900.485
0.9486,43.77,43.77,378.05,378.05,6900.312
0.9487,43.315,43.315,378.613,378.613,6900.148
0.9488,42.733,42.733,379.156,379.156,6899.992
0.9489,42.005,42.005,379.66,379.66,6899.846
0.949,41.539,41.539,380.118,380.118,6899.707
0.9491,40.098,40.098,380.545,380.545,6899.563
0.9492,39.371,39.371,380.898,380.898,6899.437
0.9493,38.412,38.412,381.207,381.207,6899.326
0.9494,37.588,37.588,381.461,381.461,6899.205
0.9495,37.002,37.002,381.674,381.674,6899.089
0.9496,35.784,35.784,381.862,381.862,6898.977
0.9497,34.777,34.777,381.986,381.986,6898.871
0.9498,33.389,33.389,382.049,382.049,6898.767
0.9499,32.383,32.383,382.047,382.047,6898.664
0.95,31.621,31.621,382.012,382.012,6898.563
0.9501,30.127,30.127,381.966,381.966,6898.468
0.9502,28.49,28.49,381.86,381.86,6898.379
0.9503,26.947,26.947,381.667,381.667,6898.292
0.9504,25.842,25.842,381.41,381.41,6898.203
0.9505,24.888,24.888,381.115,381.115,6898.115
0.9506,23.383,23.383,380.809,380.809,6898.03
0.9507,21.706,21.706,380.461,380.461,6897.952
0.9508,20.096,20.096,380.055,380.055,6897.879
0.9509,18.633,18.633,379.607,379.607,6897.808
0.951,17.24,17.24,379.121,379.121,6897.74
0.9511,15.528,15.528,378.613,378.613,6897.677
0.9512,13.72,13.72,378.071,378.071,6897.614
0.9513,11.883,11.883,377.489,377.489,6897.561
0.9514,10.237,10.237,376.876,376.876,6897.516
0.9515,8.433,8.433,376.236,376.236,6897.471
0.9516,6.747,6.747,375.574,375.574,6897.43
0.9517,4.93,4.93,374.895,374.895,6897.395
0.9518,3.103,3.103,374.202,374.202,6897.365
0.9519,1.485,1.485,373.498,373.498,6897.342
0.952,0.744,0.744,372.788,372.788,6897.326
0.9521,0.0,0.0,372.075,372.075,6897.317
0.9522,-0.84,-0.84,371.362,371.362,6897.316
0.9523,-2.271,-2.271,370.65,370.65,6897.322
0.9524,-3.309,-3.309,369.941,369.941,6897.335
0.9525,-4.799,-4.799,369.238,369.238,6897.356
0.9526,-6.306,-6.306,368.549,368.549,6897.384
0.9527,-7.579,-7.579,367.876,367.876,6897.419
0.9528,-9.066,-9.066,367.214,367.214,6897.463
0.9529,-10.939,-10.939,366.569,366.569,6897.512
0.953,-12.641,-12.641,365.951,365.951,6897.569
0.9531,-14.128,-14.128,365.373,365.373,6897.635
0.9532,-15.414,-15.414,364.829,364.829,6897.717
0.9533,-16.535,-16.535,364.303,364.303,6897.801
0.9534,-18.144,-18.144,363.795,363.795,6897.88
0.9535,-19.9,-19.9,363.332,363.332,6897.973
0.9536,-21.527,-21.527,362.934,362.934,6898.074
0.9537,-22.92,-22.92,362.597,362.597,6898.186
0.9538,-23.954,-23.954,362.298,362.298,6898.307
0.9539,-25.379,-25.379,362.025,362.025,6898.434
0.954,-26.965,-26.965,361.796,361.796,6898.565
0.9541,-28.353,-28.353,361.627,361.627,6898.7
0.9542,-29.622,-29.622,361.514,361.514,6898.839
0.9543,-30.735,-30.735,361.45,361.45,6898.984
0.9544,-32.094,-32.094,361.426,361.426,6899.132
0.9545,-33.529,-33.529,361.457,361.457,6899.281
0.9546,-34.777,-34.777,361.547,361.547,6899.432
0.9547,-36.205,-36.205,361.699,361.699,6899.585
0.9548,-37.2,-37.2,361.926,361.926,6899.742
0.9549,-38.271,-38.271,362.216,362.216,6899.903
0.955,-39.283,-39.283,362.56,362.56,6900.065
0.9551,-40.129,-40.129,362.945,362.945,6900.227
0.9552,-41.301,-41.301,363.373,363.373,6900.4
0.9553,-42.344,-42.344,363.855,363.855,6900.554
0.9554,-43.226,-43.226,364.402,364.402,6900.689
0.9555,-44.064,-44.064,364.989,364.989,6900.836
0.9556,-44.697,-44.697,365.597,365.597,6900.976
0.9557,-45.748,-45.748,366.237,366.237,6901.107
0.9558,-46.38,-46.38,366.932,366.932,6901.23
0.9559,-47.065,-47.065,367.686,367.686,6901.347
0.956,-47.497,-47.497,368.485,368.485,6901.46
0.9561,-47.695,-47.695,369.297,369.297,6901.566
0.9562,-48.274,-48.274,370.137,370.137,6901.662
0.9563,-48.517,-48.517,371.007,371.007,6901.748
0.9564,-48.977,-48.977,371.906,371.906,6901.826
0.9565,-49.36,-49.36,372.831,372.831,6901.895
0.9566,-49.458,-49.458,373.753,373.753,6901.954
0.9567,-49.753,-49.753,374.686,374.686,6902.002
0.9568,-49.819,-49.819,375.62,375.62,6902.038
0.9569,-50.381,-50.381,376.548,376.548,6902.061
0.957,-50.583,-50.583,377.507,377.507,6902.075
0.9571,-50.208,-50.208,378.466,378.466,6902.081
0.9572,-50.099,-50.099,379.426,379.426,6902.078
0.9573,-50.039,-50.039,380.371,380.371,6902.066
0.9574,-50.243,-50.243,381.301,381.301,6902.046
0.9575,-50.169,-50.169,382.245,382.245,6902.018
0.9576,-49.812,-49.812,383.175,383.175,6901.983
0.9577,-49.553,-49.553,384.1,384.1,6901.941
0.9578,-48.952,-48.952,385.001,385.001,6901.894
0.9579,-48.654,-48.654,385.845,385.845,6901.838
0.958,-48.351,-48.351,386.669,386.669,6901.773
0.9581,-47.709,-47.709,387.469,387.469,6901.7
0.9582,-47.146,-47.146,388.244,388.244,6901.621
0.9583,-46.501,-46.501,388.98,388.98,6901.537
0.9584,-45.895,-45.895,389.663,389.663,6901.446
0.9585,-45.377,-45.377,390.311,390.311,6901.35
0.9586,-44.347,-44.347,390.93,390.93,6901.249
0.9587,-43.505,-43.505,391.51,391.51,6901.145
0.9588,-42.652,-42.652,392.046,392.046,6901.039
0.9589,-41.703,-41.703,392.531,392.531,6900.931
0.959,-40.913,-40.913,392.968,392.968,6900.819
0.9591,-39.757,-39.757,393.363,393.363,6900.705
0.9592,-38.735,-38.735,393.705,393.705,6900.578
0.9593,-37.72,-37.72,394.0,394.0,6900.461
0.9594,-36.787,-36.787,394.248,394.248,6900.355
0.9595,-35.543,-35.543,394.45,394.45,6900.238
0.9596,-34.288,-34.288,394.584,394.584,6900.12
0.9597,-33.218,-33.218,394.654,394.654,6900.001
0.9598,-32.092,-32.092,394.681,394.681,6899.88
0.9599,-30.94,-30.94,394.676,394.676,6899.761
0.96,-29.507,-29.507,394.636,394.636,6899.647
0.9601,-28.017,-28.017,394.527,394.527,6899.535
0.9602,-26.893,-26.893,394.349,394.349,6899.423
0.9603,-25.672,-25.672,394.135,394.135,6899.312
0.9604,-24.585,-24.585,393.897,393.897,6899.204
0.9605,-22.972,-22.972,393.639,393.639,6899.102
0.9606,-20.982,-20.982,393.323,393.323,6899.006
0.9607,-19.777,-19.777,392.94,392.94,6898.913
0.9608,-18.425,-18.425,392.519,392.519,6898.82
0.9609,-17.384,-17.384,392.064,392.064,6898.73
0.961,-16.019,-16.019,391.585,391.585,6898.645
0.9611,-14.022,-14.022,391.071,391.071,6898.565
0.9612,-12.544,-12.544,390.513,390.513,6898.481
0.9613,-10.984,-10.984,389.931,389.931,6898.41
0.9614,-9.629,-9.629,389.325,389.325,6898.35
0.9615,-7.884,-7.884,388.703,388.703,6898.289
0.9616,-6.26,-6.26,388.062,388.062,6898.234
0.9617,-4.591,-4.591,387.404,387.404,6898.185
0.9618,-2.97,-2.97,386.734,386.734,6898.143
0.9619,-1.395,-1.395,386.053,386.053,6898.107
0.962,-0.966,-0.966,385.366,385.366,6898.078
0.9621,-0.0,-0.0,384.677,384.677,6898.056
0.9622,1.92,1.92,383.987,383.987,6898.04
0.9623,1.877,1.877,383.3,383.3,6898.032
0.9624,3.16,3.16,382.614,382.614,6898.03
0.9625,4.437,4.437,381.938,381.938,6898.036
0.9626,5.699,5.699,381.27,381.27,6898.048
0.9627,7.277,7.277,380.611,380.611,6898.067
0.9628,8.702,8.702,379.97,379.97,6898.092
0.9629,10.585,10.585,379.346,379.346,6898.125
0.963,12.149,12.149,378.755,378.755,6898.164
0.9631,13.335,13.335,378.185,378.185,6898.212
0.9632,15.077,15.077,377.625,377.625,6898.265
0.9633,16.943,16.943,377.097,377.097,6898.33
0.9634,18.909,18.909,376.618,376.618,6898.389
0.9635,20.6,20.6,376.204,376.204,6898.464
0.9636,21.533,21.533,375.838,375.838,6898.55
0.9637,22.803,22.803,375.49,375.49,6898.644
0.9638,24.378,24.378,375.178,375.178,6898.743
0.9639,25.94,25.94,374.922,374.922,6898.846
0.964,27.214,27.214,374.73,374.73,6898.956
0.9641,28.362,28.362,374.585,374.585,6899.072
0.9642,29.694,29.694,374.477,374.477,6899.193
0.9643,30.929,30.929,374.415,374.415,6899.317
0.9644,31.931,31.931,374.403,374.403,6899.443
0.9645,33.127,33.127,374.438,374.438,6899.57
0.9646,34.432,34.432,374.527,374.527,6899.699
0.9647,35.739,35.739,374.677,374.677,6899.83
0.9648,36.63,36.63,374.888,374.888,6899.964
0.9649,37.55,37.55,375.141,375.141,6900.098
0.965,38.547,38.547,375.432,375.432,6900.231
0.9651,39.315,39.315,375.777,375.777,6900.362
0.9652,40.413,40.413,376.176,376.176,6900.491
0.9653,41.324,41.324,376.634,376.634,6900.631
0.9654,42.081,42.081,377.127,377.127,6900.757
0.9655,43.062,43.062,377.645,377.645,6900.865
0.9656,43.804,43.804,378.214,378.214,6900.979
0.9657,44.94,44.94,378.829,378.829,6901.089
0.9658,45.565,45.565,379.513,379.513,6901.195
0.9659,46.086,46.086,380.221,380.221,6901.299
0.966,46.858,46.858,380.944,380.944,6901.395
0.9661,47.166,47.166,381.714,381.714,6901.484
0.9662,47.927,47.927,382.498,382.498,6901.565
0.9663,48.162,48.162,383.344,383.344,6901.639
0.9664,48.042,48.042,384.196,384.196,6901.708
0.9665,48.555,48.555,385.037,385.037,6901.767
0.9666,48.63,48.63,385.906,385.906,6901.815
0.9667,48.986,48.986,386.77,386.77,6901.852
0.9668,49.199,49.199,387.67,387.67,6901.881
0.9669,49.405,49.405,388.568,388.568,6901.902
0.967,49.652,49.652,389.474,389.474,6901.915
0.9671,49.565,49.565,390.395,390.395,6901.921
0.9672,49.58,49.58,391.29,391.29,6901.92
0.9673,49.637,49.637,392.196,392.196,6901.907
0.9674,49.242,49.242,393.098,393.098,6901.889
0.9675,49.192,49.192,393.984,393.984,6901.866
0.9676,48.591,48.591,394.871,394.871,6901.835
0.9677,48.108,48.108,395.711,395.711,6901.796
0.9678,47.896,47.896,396.523,396.523,6901.748
0.9679,47.405,47.405,397.315,397.315,6901.692
0.968,47.13,47.13,398.09,398.09,6901.629
0.9681,46.389,46.389,398.849,398.849,6901.561
0.9682,45.507,45.507,399.561,399.561,6901.489
0.9683,45.103,45.103,400.22,400.22,6901.41
0.9684,44.498,44.498,400.853,400.853,6901.325
0.9685,43.691,43.691,401.463,401.463,6901.236
0.9686,42.707,42.707,402.035,402.035,6901.145
0.9687,41.823,41.823,402.554,402.554,6901.05
0.9688,41.134,41.134,403.02,403.02,6900.951
0.9689,40.325,40.325,403.447,403.447,6900.849
0.969,39.346,39.346,403.837,403.837,6900.745
0.9691,38.49,38.49,404.181,404.181,6900.639
0.9692,37.387,37.387,404.486,404.486,6900.533
0.9693,36.127,36.127,404.744,404.744,6900.417
0.9694,34.902,34.902,404.945,404.945,6900.31
0.9695,33.735,33.735,405.084,405.084,6900.212
0.9696,32.846,32.846,405.171,405.171,6900.102
0.9697,31.869,31.869,405.225,405.225,6899.992
0.9698,30.522,30.522,405.252,405.252,6899.884
0.9699,29.043,29.043,405.221,405.221,6899.78
0.97,27.789,27.789,405.118,405.118,6899.676
0.9701,27.001,27.001,404.963,404.963,6899.571
0.9702,26.058,26.058,404.784,404.784,6899.467
0.9703,24.904,24.904,404.595,404.595,6899.369
0.9704,23.078,23.078,404.365,404.365,6899.277
0.9705,21.482,21.482,404.063,404.063,6899.188
0.9706,20.299,20.299,403.711,403.711,6899.099
0.9707,19.143,19.143,403.319,403.319,6899.012
0.9708,17.91,17.91,402.907,402.907,6898.927
0.9709,16.108,16.108,402.464,402.464,6898.848
0.971,14.487,14.487,401.974,401.974,6898.772
0.9711,13.253,13.253,401.452,401.452,6898.7
0.9712,11.834,11.834,400.906,400.906,6898.631
0.9713,10.575,10.575,400.341,400.341,6898.562
0.9714,9.0,9.0,399.757,399.757,6898.504
0.9715,7.283,7.283,399.15,399.15,6898.457
0.9716,5.685,5.685,398.524,398.524,6898.41
0.9717,4.003,4.003,397.881,397.881,6898.368
0.9718,2.488,2.488,397.225,397.225,6898.332
0.9719,0.825,0.825,396.561,396.561,6898.3
0.972,0.0,0.0,395.892,395.892,6898.275
0.9721,0.0,0.0,395.221,395.221,6898.256
0.9722,-2.702,-2.702,394.549,394.549,6898.243
0.9723,-2.711,-2.711,393.883,393.883,6898.237
0.9724,-3.687,-3.687,393.22,393.22,6898.237
0.9725,-5.006,-5.006,392.56,392.56,6898.243
0.9726,-6.861,-6.861,391.909,391.909,6898.255
0.9727,-8.523,-8.523,391.272,391.272,6898.273
0.9728,-10.346,-10.346,390.656,390.656,6898.297
0.9729,-11.693,-11.693,390.064,390.064,6898.328
0.973,-13.266,-13.266,389.482,389.482,6898.366
0.9731,-14.898,-14.898,388.924,388.924,6898.409
0.9732,-16.486,-16.486,388.4,388.4,6898.458
0.9733,-18.207,-18.207,387.925,387.925,6898.521
0.9734,-19.278,-19.278,387.503,387.503,6898.589
0.9735,-20.383,-20.383,387.098,387.098,6898.656
0.9736,-21.721,-21.721,386.716,386.716,6898.735
0.9737,-23.319,-23.319,386.374,386.374,6898.817
0.9738,-24.915,-24.915,386.091,386.091,6898.905
0.9739,-25.985,-25.985,385.866,385.866,6899.0
0.974,-27.049,-27.049,385.674,385.674,6899.101
0.9741,-28.693,-28.693,385.51,385.51,6899.205
0.9742,-30.041,-30.041,385.399,385.399,6899.311
0.9743,-31.4,-31.4,385.341,385.341,6899.42
0.9744,-32.45,-32.45,385.341,385.341,6899.533
0.9745,-33.625,-33.625,385.391,385.391,6899.649
0.9746,-34.835,-34.835,385.494,385.494,6899.768
0.9747,-35.898,-35.898,385.651,385.651,6899.889
0.9748,-36.896,-36.896,385.852,385.852,6900.011
0.9749,-38.17,-38.17,386.101,386.101,6900.132
0.975,-39.17,-39.17,386.41,386.41,6900.254
0.9751,-40.07,-40.07,386.779,386.779,6900.376
0.9752,-40.855,-40.855,387.189,387.189,6900.497
0.9753,-41.46,-41.46,387.628,387.628,6900.615
0.9754,-42.458,-42.458,388.098,388.098,6900.739
0.9755,-43.386,-43.386,388.613,388.613,6900.835
0.9756,-44.233,-44.233,389.193,389.193,6900.938
0.9757,-44.996,-44.996,389.813,389.813,6901.04
0.9758,-45.313,-45.313,390.461,390.461,6901.136
0.9759,-45.835,-45.835,391.133,391.133,6901.227
0.976,-46.29,-46.29,391.833,391.833,6901.31
0.9761,-46.995,-46.995,392.581,392.581,6901.387
0.9762,-47.194,-47.194,393.369,393.369,6901.459
0.9763,-47.383,-47.383,394.155,394.155,6901.525
0.9764,-47.523,-47.523,394.961,394.961,6901.583
0.9765,-47.493,-47.493,395.769,395.769,6901.631
0.9766,-47.811,-47.811,396.589,396.589,6901.67
0.9767,-47.662,-47.662,397.431,397.431,6901.7
0.9768,-47.844,-47.844,398.25,398.25,6901.722
0.9769,-47.863,-47.863,399.089,399.089,6901.735
0.977,-47.616,-47.616,399.922,399.922,6901.74
0.9771,-47.682,-47.682,400.743,400.743,6901.736
0.9772,-47.453,-47.453,401.578,401.578,6901.725
0.9773,-47.046,-47.046,402.396,402.396,6901.709
0.9774,-46.668,-46.668,403.217,403.217,6901.683
0.9775,-46.07,-46.07,404.014,404.014,6901.656
0.9776,-46.26,-46.26,404.766,404.766,6901.619
0.9777,-45.854,-45.854,405.527,405.527,6901.574
0.9778,-45.486,-45.486,406.255,406.255,6901.524
0.9779,-44.982,-44.982,406.976,406.976,6901.469
0.978,-44.26,-44.26,407.661,407.661,6901.41
0.9781,-43.712,-43.712,408.294,408.294,6901.345
0.9782,-43.046,-43.046,408.904,408.904,6901.274
0.9783,-42.559,-42.559,409.481,409.481,6901.198
0.9784,-41.566,-41.566,410.048,410.048,6901.119
0.9785,-40.699,-40.699,410.569,410.569,6901.039
0.9786,-39.905,-39.905,411.04,411.04,6900.955
0.9787,-39.158,-39.158,411.472,411.472,6900.868
0.9788,-38.443,-38.443,411.865,411.865,6900.778
0.9789,-37.672,-37.672,412.227,412.227,6900.686
0.979,-36.77,-36.77,412.549,412.549,6900.594
0.9791,-35.946,-35.946,412.825,412.825,6900.501
0.9792,-34.884,-34.884,413.056,413.056,6900.407
0.9793,-33.836,-33.836,413.237,413.237,6900.311
0.9794,-32.855,-32.855,413.367,413.367,6900.205
0.9795,-31.802,-31.802,413.459,413.459,6900.108
0.9796,-30.692,-30.692,413.518,413.518,6900.021
0.9797,-29.477,-29.477,413.535,413.535,6899.927
0.9798,-28.164,-28.164,413.498,413.498,6899.834
0.9799,-27.108,-27.108,413.403,413.403,6899.74
0.98,-26.139,-26.139,413.272,413.272,6899.647
0.9801,-25.153,-25.153,413.121,413.121,6899.556
0.9802,-23.768,-23.768,412.944,412.944,6899.47
0.9803,-22.23,-22.23,412.702,412.702,6899.387
0.9804,-21.111,-21.111,412.395,412.395,6899.303
0.9805,-20.028,-20.028,412.05,412.05,6899.22
0.9806,-19.204,-19.204,411.681,411.681,6899.138
0.9807,-17.731,-17.731,411.299,411.299,6899.061
0.9808,-15.999,-15.999,410.877,410.877,6898.989
0.9809,-14.739,-14.739,410.412,410.412,6898.92
0.981,-13.158,-13.158,409.923,409.923,6898.854
0.9811,-12.375,-12.375,409.408,409.408,6898.792
0.9812,-10.77,-10.77,408.879,408.879,6898.735
0.9813,-9.388,-9.388,408.321,408.321,6898.683
0.9814,-8.045,-8.045,407.737,407.737,6898.63
0.9815,-6.577,-6.577,407.133,407.133,6898.586
0.9816,-4.896,-4.896,406.512,406.512,6898.55
0.9817,-3.508,-3.508,405.877,405.877,6898.514
0.9818,-2.15,-2.15,405.231,405.231,6898.482
0.9819,-0.85,-0.85,404.579,404.579,6898.456
0.982,0.0,0.0,403.923,403.923,6898.435
0.9821,-0.0,-0.0,403.265,403.265,6898.42
0.9822,1.231,1.231,402.607,402.607,6898.41
0.9823,2.058,2.058,401.95,401.95,6898.406
0.9824,3.348,3.348,401.295,401.295,6898.407
0.9825,4.441,4.441,400.646,400.646,6898.413
0.9826,6.235,6.235,400.005,400.005,6898.425
0.9827,7.65,7.65,399.381,399.381,6898.442
0.9828,8.751,8.751,398.772,398.772,6898.465
0.9829,10.367,10.367,398.172,398.172,6898.493
0.983,12.085,12.085,397.596,397.596,6898.526
0.9831,13.507,13.507,397.052,397.052,6898.565
0.9832,14.737,14.737,396.548,396.548,6898.612
0.9833,15.821,15.821,396.067,396.067,6898.665
0.9834,17.242,17.242,395.598,395.598,6898.73
0.9835,18.911,18.911,395.159,395.159,6898.792
0.9836,20.723,20.723,394.769,394.769,6898.852
0.9837,22.011,22.011,394.444,394.444,6898.926
0.9838,22.893,22.893,394.159,394.159,6899.008
0.9839,24.084,24.084,393.888,393.888,6899.094
0.984,25.507,25.507,393.65,393.65,6899.183
0.9841,26.731,26.731,393.459,393.459,6899.273
0.9842,27.864,27.864,393.32,393.32,6899.367
0.9843,28.874,28.874,393.226,393.226,6899.465
0.9844,29.915,29.915,393.172,393.172,6899.565
0.9845,30.915,30.915,393.164,393.164,6899.666
0.9846,32.198,32.198,393.2,393.2,6899.77
0.9847,33.255,33.255,393.289,393.289,6899.875
0.9848,34.188,34.188,393.431,393.431,6899.981
0.9849,35.009,35.009,393.628,393.628,6900.089
0.985,35.784,35.784,393.869,393.869,6900.199
0.9851,36.597,36.597,394.141,394.141,6900.307
0.9852,37.581,37.581,394.439,394.439,6900.412
0.9853,38.409,38.409,394.78,394.78,6900.513
0.9854,39.329,39.329,395.167,395.167,6900.62
0.9855,39.84,39.84,395.604,395.604,6900.715
0.9856,40.386,40.386,396.06,396.06,6900.798
0.9857,41.039,41.039,396.537,396.537,6900.885
0.9858,41.545,41.545,397.055,397.055,6900.966
0.9859,42.324,42.324,397.612,397.612,6901.043
0.986,42.75,42.75,398.229,398.229,6901.117
0.9861,42.69,42.69,398.868,398.868,6901.189
0.9862,42.96,42.96,399.505,399.505,6901.256
0.9863,43.101,43.101,400.164,400.164,6901.315
0.9864,43.483,43.483,400.826,400.826,6901.365
0.9865,43.476,43.476,401.522,401.522,6901.409
0.9866,43.336,43.336,402.208,402.208,6901.445
0.9867,43.51,43.51,402.884,402.884,6901.472
0.9868,43.542,43.542,403.566,403.566,6901.49
0.9869,43.686,43.686,404.24,404.24,6901.5
0.987,43.624,43.624,404.938,404.938,6901.503
0.9871,43.732,43.732,405.629,405.629,6901.501
0.9872,43.792,43.792,406.334,406.334,6901.494
0.9873,43.521,43.521,407.048,407.048,6901.483
0.9874,43.095,43.095,407.739,407.739,6901.467
0.9875,42.745,42.745,408.421,408.421,6901.446
0.9876,42.396,42.396,409.079,409.079,6901.422
0.9877,42.09,42.09,409.726,409.726,6901.389
0.9878,41.485,41.485,410.355,410.355,6901.351
0.9879,40.976,40.976,410.938,410.938,6901.307
0.988,40.588,40.588,411.491,411.491,6901.255
0.9881,40.156,40.156,412.016,412.016,6901.197
0.9882,39.713,39.713,412.525,412.525,6901.135
0.9883,38.989,38.989,413.015,413.015,6901.07
0.9884,38.328,38.328,413.464,413.464,6901.003
0.9885,37.687,37.687,413.878,413.878,6900.932
0.9886,36.964,36.964,414.262,414.262,6900.858
0.9887,36.043,36.043,414.622,414.622,6900.783
0.9888,35.153,35.153,414.943,414.943,6900.706
0.9889,34.294,34.294,415.221,415.221,6900.627
0.989,33.295,33.295,415.457,415.457,6900.546
0.9891,32.535,32.535,415.645,415.645,6900.463
0.9892,31.594,31.594,415.794,415.794,6900.377
0.9893,30.744,30.744,415.901,415.901,6900.29
0.9894,29.974,29.974,415.971,415.971,6900.203
0.9895,28.805,28.805,416.012,416.012,6900.108
0.9896,27.741,27.741,416.003,416.003,6900.03
0.9897,26.675,26.675,415.94,415.94,6899.944
0.9898,25.726,25.726,415.834,415.834,6899.857
0.9899,24.917,24.917,415.701,415.701,6899.77
0.99,23.751,23.751,415.553,415.553,6899.687
0.9901,22.492,22.492,415.36,415.36,6899.607
0.9902,21.187,21.187,415.106,415.106,6899.529
0.9903,20.186,20.186,414.807,414.807,6899.45
0.9904,19.436,19.436,414.482,414.482,6899.372
0.9905,18.214,18.214,414.147,414.147,6899.297
0.9906,16.623,16.623,413.779,413.779,6899.227
0.9907,15.028,15.028,413.36,413.36,6899.16
0.9908,13.928,13.928,412.902,412.902,6899.094
0.9909,12.868,12.868,412.417,412.417,6899.03
0.991,11.79,11.79,411.914,411.914,6898.969
0.9911,10.291,10.291,411.387,411.387,6898.912
0.9912,8.868,8.868,410.83,410.83,6898.858
0.9913,7.785,7.785,410.25,410.25,6898.808
0.9914,6.402,6.402,409.653,409.653,6898.761
0.9915,5.194,5.194,409.041,409.041,6898.715
0.9916,4.038,4.038,408.417,408.417,6898.681
0.9917,2.641,2.641,407.781,407.781,6898.648
0.9918,1.142,1.142,407.137,407.137,6898.62
0.9919,0.123,0.123,406.486,406.486,6898.596
0.992,0.0,0.0,405.833,405.833,6898.578
0.9921,0.0,0.0,405.178,405.178,6898.565
0.9922,-1.805,-1.805,404.523,404.523,6898.557
0.9923,-3.296,-3.296,403.87,403.87,6898.553
0.9924,-3.805,-3.805,403.222,403.222,6898.555
0.9925,-5.015,-5.015,402.581,402.581,6898.562
0.9926,-5.928,-5.928,401.951,401.951,6898.574
0.9927,-6.979,-6.979,401.327,401.327,6898.591
0.9928,-8.437,-8.437,400.715,400.715,6898.612
0.9929,-9.641,-9.641,400.121,400.121,6898.638
0.993,-11.078,-11.078,399.551,399.551,6898.669
0.9931,-11.983,-11.983,399.007,399.007,6898.706
0.9932,-13.073,-13.073,398.472,398.472,6898.748
0.9933,-14.574,-14.574,397.954,397.954,6898.794
0.9934,-16.098,-16.098,397.469,397.469,6898.843
0.9935,-17.635,-17.635,397.033,397.033,6898.903
0.9936,-18.652,-18.652,396.644,396.644,6898.966
0.9937,-19.492,-19.492,396.275,396.275,6899.028
0.9938,-20.866,-20.866,395.924,395.924,6899.099
0.9939,-22.26,-22.26,395.614,395.614,6899.173
0.994,-23.457,-23.457,395.356,395.356,6899.251
0.9941,-24.429,-24.429,395.145,395.145,6899.334
0.9942,-25.187,-25.187,394.971,394.971,6899.421
0.9943,-26.274,-26.274,394.823,394.823,6899.511
0.9944,-27.406,-27.406,394.717,394.717,6899.602
0.9945,-28.352,-28.352,394.658,394.658,6899.694
0.9946,-29.473,-29.473,394.64,394.64,6899.788
0.9947,-30.278,-30.278,394.671,394.671,6899.883
0.9948,-31.193,-31.193,394.744,394.744,6899.98
0.9949,-31.876,-31.876,394.858,394.858,6900.078
0.995,-32.5,-32.5,395.0,395.0,6900.175
0.9951,-33.394,-33.394,395.174,395.174,6900.269
0.9952,-34.184,-34.184,395.391,395.391,6900.362
0.9953,-34.89,-34.89,395.657,395.657,6900.453
0.9954,-35.474,-35.474,395.96,395.96,6900.542
0.9955,-36.019,-36.019,396.282,396.282,6900.638
0.9956,-37.003,-37.003,396.633,396.633,6900.72
0.9957,-37.667,-37.667,397.026,397.026,6900.791
0.9958,-38.104,-38.104,397.473,397.473,6900.868
0.9959,-38.151,-38.151,397.95,397.95,6900.944
0.996,-38.387,-38.387,398.425,398.425,6901.015
0.9961,-38.9,-38.9,398.92,398.92,6901.078
0.9962,-39.236,-39.236,399.434,399.434,6901.136
0.9963,-39.654,-39.654,399.978,399.978,6901.187
0.9964,-39.55,-39.55,400.548,400.548,6901.235
0.9965,-39.685,-39.685,401.102,401.102,6901.276
0.9966,-39.877,-39.877,401.674,401.674,6901.309
0.9967,-39.815,-39.815,402.247,402.247,6901.336
0.9968,-40.139,-40.139,402.825,402.825,6901.356
0.9969,-40.096,-40.096,403.423,403.423,6901.37
0.997,-39.899,-39.899,404.012,404.012,6901.379
0.9971,-39.819,-39.819,404.609,404.609,6901.382
0.9972,-39.326,-39.326,405.197,405.197,6901.381
0.9973,-39.61,-39.61,405.758,405.758,6901.372
0.9974,-39.467,-39.467,406.336,406.336,6901.356
0.9975,-39.06,-39.06,406.9,406.9,6901.335
0.9976,-38.813,-38.813,407.459,407.459,6901.31
0.9977,-38.16,-38.16,407.997,407.997,6901.284
0.9978,-38.041,-38.041,408.489,408.489,6901.25
0.9979,-37.713,-37.713,408.973,408.973,6901.208
0.998,-37.303,-37.303,409.436,409.436,6901.161
0.9981,-36.78,-36.78,409.888,409.888,6901.111
0.9982,-36.153,-36.153,410.308,410.308,6901.058
0.9983,-35.597,-35.597,410.687,410.687,6901.001
0.9984,-34.886,-34.886,411.043,411.043,6900.939
0.9985,-34.194,-34.194,411.371,411.371,6900.874
0.9986,-33.717,-33.717,411.675,411.675,6900.807
0.9987,-32.952,-32.952,411.951,411.951,6900.738
0.9988,-32.225,-32.225,412.184,412.184,6900.667
0.9989,-31.513,-31.513,412.382,412.382,6900.594
0.999,-30.639,-30.639,412.544,412.544,6900.519
0.9991,-29.998,-29.998,412.667,412.667,6900.442
0.9992,-29.376,-29.376,412.757,412.757,6900.363
0.9993,-28.47,-28.47,412.818,412.818,6900.284
0.9994,-27.546,-27.546,412.838,412.838,6900.206
0.9995,-26.317,-26.317,412.814,412.814,6900.118
0.9996,-25.511,-25.511,412.739,412.739,6900.037
0.9997,-24.666,-24.666,412.634,412.634,6899.964
0.9998,-23.941,-23.941,412.506,412.506,6899.883
0.9999,-22.839,-22.839,412.351,412.351,6899.805
1.0,-21.547,-21.547,412.145,412.145,6899.721
1.0001,-20.583,-20.583,411.932,411.932,6413.493
1.0002,-19.764,-19.764,411.713,411.713,6156.471
1.0003,-19.084,-19.084,411.486,411.486,6068.311
1.0004,-17.945,-17.945,411.244,411.244,6071.665
1.0005,-16.51,-16.51,410.952,410.952,6122.491
1.0006,-15.479,-15.479,410.604,410.604,6195.799
1.0007,-14.346,-14.346,410.218,410.218,6277.599
1.0008,-13.439,-13.439,409.797,409.797,6360.217
1.0009,-12.265,-12.265,409.352,409.352,6439.595
1.001,-10.77,-10.77,408.869,408.869,6513.726
1.0011,-9.873,-9.873,408.348,408.348,6588.204
1.0012,-8.741,-8.741,407.805,407.805,6649.292
1.0013,-7.694,-7.694,407.24,407.24,6704.251
1.0014,-6.311,-6.311,406.657,406.657,6753.422
1.0015,-5.001,-5.001,406.054,406.054,6797.214
1.0016,-4.049,-4.049,405.431,405.431,6836.059
1.0017,-2.939,-2.939,404.795,404.795,6870.388
1.0018,-1.569,-1.569,404.147,404.147,6897.764
1.0019,-0.589,-0.589,403.49,403.49,6927.122
1.002,-0.0,-0.0,402.828,402.828,6948.099
1.0021,-0.0,-0.0,402.161,402.161,6970.396
1.0022,1.24,1.24,401.494,401.494,6986.168
1.0023,2.246,2.246,400.825,400.825,7001.346
1.0024,3.143,3.143,400.161,400.161,7014.298
1.0025,4.074,4.074,399.5,399.5,7025.254
1.0026,5.267,5.267,398.843,398.843,7034.42
1.0027,6.383,6.383,398.196,398.196,7041.985
1.0028,7.974,7.974,397.559,397.559,7048.122
1.0029,9.175,9.175,396.944,396.944,7052.987
1.003,10.098,10.098,396.342,396.342,7056.722
1.0031,11.453,11.453,395.749,395.749,7059.674
1.0032,13.005,13.005,395.181,395.181,7061.427
1.0033,14.473,14.473,394.65,394.65,7062.408
1.0034,15.626,15.626,394.168,394.168,7062.714
1.0035,16.35,16.35,393.713,393.713,7062.43
1.0036,17.5,17.5,393.269,393.269,7061.621
1.0037,18.737,18.737,392.853,392.853,7060.497
1.0038,20.028,20.028,392.479,392.479,7058.684
1.0039,21.232,21.232,392.156,392.156,7056.894
1.004,22.04,22.04,391.872,391.872,7054.388
1.0041,22.895,22.895,391.61,391.61,7052.113
1.0042,23.949,23.949,391.376,391.376,7049.381
1.0043,25.092,25.092,391.182,391.182,7046.469
1.0044,26.277,26.277,391.035,391.035,7043.411
1.0045,27.131,27.131,390.937,390.937,7040.239
1.0046,28.054,28.054,390.88,390.88,7036.978
1.0047,28.754,28.754,390.867,390.867,7033.65
1.0048,29.72,29.72,390.888,390.888,7030.272
1.0049,30.657,30.657,390.949,390.949,7026.862
1.005,31.354,31.354,391.056,391.056,7023.436
1.0051,32.322,32.322,391.206,391.206,7019.665
1.0052,32.781,32.781,391.404,391.404,7016.25
1.0053,33.453,33.453,391.618,391.618,7012.854
1.0054,34.388,34.388,391.855,391.855,7009.482
1.0055,35.018,35.018,392.136,392.136,7006.144
1.0056,35.812,35.812,392.457,392.457,7002.849
1.0057,36.231,36.231,392.826,392.826,6999.605
1.0058,36.671,36.671,393.212,393.212,6996.733
1.0059,37.385,37.385,393.614,393.614,6993.282
1.006,37.699,37.699,394.058,394.058,6990.512
1.0061,38.135,38.135,394.528,394.528,6987.196
1.0062,38.277,38.277,395.042,395.042,6984.544
1.0063,38.433,38.433,395.56,395.56,6981.662
1.0064,38.748,38.748,396.085,396.085,6978.846
1.0065,38.767,38.767,396.626,396.626,6976.096
1.0066,39.092,39.092,397.161,397.161,6973.412
1.0067,38.946,38.946,397.725,397.725,6970.795
1.0068,38.907,38.907,398.274,398.274,6968.247
1.0069,39.349,39.349,398.82,398.82,6965.764
1.007,39.156,39.156,399.388,399.388,6963.349
1.0071,39.314,39.314,399.935,399.935,6960.772
1.0072,39.331,39.331,400.503,400.503,6958.499
1.0073,39.003,39.003,401.068,401.068,6956.295
1.0074,38.965,38.965,401.631,401.631,6954.158
1.0075,38.641,38.641,402.198,402.198,6952.088
1.0076,38.117,38.117,402.736,402.736,6950.082
1.0077,37.857,37.857,403.255,403.255,6948.136
1.0078,37.452,37.452,403.752,403.752,6946.249
1.0079,37.313,37.313,404.233,404.233,6944.601
1.008,36.914,36.914,404.699,404.699,6942.651
1.0081,36.234,36.234,405.128,405.128,6941.107
1.0082,35.886,35.886,405.52,405.52,6939.279
1.0083,35.582,35.582,405.888,405.888,6937.831
1.0084,35.242,35.242,406.247,406.247,6936.272
1.0085,34.452,34.452,406.59,406.59,6934.769
1.0086,33.78,33.78,406.893,406.893,6933.318
1.0087,33.205,33.205,407.16,407.16,6931.917
1.0088,32.427,32.427,407.399,407.399,6930.564
1.0089,31.777,31.777,407.609,407.609,6929.258
1.009,30.793,30.793,407.788,407.788,6927.998
1.0091,30.134,30.134,407.923,407.923,6926.664
1.0092,29.261,29.261,408.023,408.023,6925.496
1.0093,28.33,28.33,408.076,408.076,6924.369
1.0094,27.669,27.669,408.08,408.08,6923.281
1.0095,26.759,26.759,408.05,408.05,6922.231
1.0096,25.869,25.869,407.988,407.988,6921.219
1.0097,24.876,24.876,407.899,407.899,6920.246
1.0098,23.847,23.847,407.768,407.768,6919.402
1.0099,22.996,22.996,407.586,407.586,6918.409
1.01,22.061,22.061,407.371,407.371,6917.627
1.0101,21.379,21.379,407.131,407.131,6916.707
1.0102,20.352,20.352,406.88,406.88,6915.986
1.0103,18.898,18.898,406.591,406.591,6915.218
1.0104,17.552,17.552,406.237,406.237,6914.48
1.0105,16.741,16.741,405.839,405.839,6913.767
1.0106,15.987,15.987,405.413,405.413,6913.082
1.0107,15.088,15.088,404.975,404.975,6912.424
1.0108,13.658,13.658,404.512,404.512,6911.795
1.0109,12.355,12.355,404.011,404.011,6911.194
1.011,11.279,11.279,403.484,403.484,6910.617
1.0111,10.247,10.247,402.935,402.935,6910.012
1.0112,9.103,9.103,402.373,402.373,6909.488
1.0113,7.635,7.635,401.793,401.793,6908.989
1.0114,6.3,6.3,401.187,401.187,6908.512
1.0115,5.056,5.056,400.564,400.564,6908.058
1.0116,3.637,3.637,399.925,399.925,6907.624
1.0117,2.446,2.446,399.273,399.273,6907.211
1.0118,1.361,1.361,398.614,398.614,6906.819
1.0119,0.375,0.375,397.948,397.948,6906.484
1.012,-0.0,-0.0,397.28,397.28,6906.095
1.0121,0.0,0.0,396.611,396.611,6905.795
1.0122,-1.627,-1.627,395.942,395.942,6905.448
1.0123,-2.155,-2.155,395.274,395.274,6905.182
1.0124,-3.199,-3.199,394.609,394.609,6904.902
1.0125,-4.567,-4.567,393.947,393.947,6904.638
1.0126,-5.761,-5.761,393.294,393.294,6904.391
1.0127,-7.304,-7.304,392.654,392.654,6904.16
1.0128,-8.184,-8.184,392.031,392.031,6903.945
1.0129,-9.146,-9.146,391.417,391.417,6903.745
1.013,-10.81,-10.81,390.817,390.817,6903.56
1.0131,-12.248,-12.248,390.246,390.246,6903.388
1.0132,-13.682,-13.682,389.712,389.712,6903.217
1.0133,-14.57,-14.57,389.216,389.216,6903.079
1.0134,-15.422,-15.422,388.732,388.732,6902.954
1.0135,-16.764,-16.764,388.263,388.263,6902.841
1.0136,-18.311,-18.311,387.83,387.83,6902.738
1.0137,-19.839,-19.839,387.45,387.45,6902.648
1.0138,-20.786,-20.786,387.121,387.121,6902.579
1.0139,-21.72,-21.72,386.814,386.814,6902.507
1.014,-23.038,-23.038,386.528,386.528,6902.457
1.0141,-24.367,-24.367,386.281,386.281,6902.404
1.0142,-25.585,-25.585,386.085,386.085,6902.368
1.0143,-26.657,-26.657,385.938,385.938,6902.337
1.0144,-27.783,-27.783,385.835,385.835,6902.315
1.0145,-28.876,-28.876,385.777,385.777,6902.301
1.0146,-30.011,-30.011,385.766,385.766,6902.294
1.0147,-31.037,-31.037,385.804,385.804,6902.295
1.0148,-32.041,-32.041,385.89,385.89,6902.301
1.0149,-32.962,-32.962,386.028,386.028,6902.313
1.015,-33.793,-33.793,386.218,386.218,6902.331
1.0151,-34.591,-34.591,386.445,386.445,6902.353
1.0152,-35.35,-35.35,386.697,386.697,6902.379
1.0153,-36.232,-36.232,386.985,386.985,6902.402
1.0154,-37.024,-37.024,387.31,387.31,6902.424
1.0155,-37.601,-37.601,387.689,387.689,6902.447
1.0156,-38.06,-38.06,388.097,388.097,6902.47
1.0157,-38.564,-38.564,388.52,388.52,6902.491
1.0158,-39.269,-39.269,388.975,388.975,6902.508
1.0159,-39.968,-39.968,389.465,389.465,6902.522
1.016,-40.694,-40.694,390.013,390.013,6902.537
1.0161,-40.629,-40.629,390.605,390.605,6902.552
1.0162,-40.851,-40.851,391.19,391.19,6902.567
1.0163,-41.292,-41.292,391.795,391.795,6902.574
1.0164,-41.626,-41.626,392.412,392.412,6902.578
1.0165,-42.025,-42.025,393.054,393.054,6902.576
1.0166,-41.9,-41.9,393.717,393.717,6902.57
1.0167,-41.971,-41.971,394.358,394.358,6902.559
1.0168,-41.968,-41.968,395.014,395.014,6902.54
1.0169,-41.961,-41.961,395.661,395.661,6902.515
1.017,-42.319,-42.319,396.31,396.31,6902.483
1.0171,-42.182,-42.182,396.983,396.983,6902.447
1.0172,-42.166,-42.166,397.644,397.644,6902.403
1.0173,-42.122,-42.122,398.32,398.32,6902.359
1.0174,-41.805,-41.805,398.988,398.988,6902.313
1.0175,-41.802,-41.802,399.631,399.631,6902.261
1.0176,-41.342,-41.342,400.279,400.279,6902.205
1.0177,-41.182,-41.182,400.896,400.896,6902.145
1.0178,-40.842,-40.842,401.511,401.511,6902.086
1.0179,-40.232,-40.232,402.098,402.098,6902.011
1.018,-39.762,-39.762,402.637,402.637,6901.944
1.0181,-39.298,-39.298,403.154,403.154,6901.855
1.0182,-38.878,-38.878,403.643,403.643,6901.779
1.0183,-38.328,-38.328,404.119,404.119,6901.69
1.0184,-37.89,-37.89,404.563,404.563,6901.6
1.0185,-37.298,-37.298,404.972,404.972,6901.508
1.0186,-36.591,-36.591,405.354,405.354,6901.413
1.0187,-35.959,-35.959,405.702,405.702,6901.317
1.0188,-35.16,-35.16,406.027,406.027,6901.22
1.0189,-34.381,-34.381,406.313,406.313,6901.123
1.019,-33.507,-33.507,406.558,406.558,6901.024
1.0191,-32.8,-32.8,406.758,406.758,6900.924
1.0192,-31.879,-31.879,406.919,406.919,6900.812
1.0193,-31.098,-31.098,407.034,407.034,6900.709
1.0194,-30.283,-30.283,407.112,407.112,6900.606
1.0195,-29.472,-29.472,407.157,407.157,6900.502
1.0196,-28.172,-28.172,407.166,407.166,6900.4
1.0197,-27.013,-27.013,407.119,407.119,6900.299
1.0198,-26.194,-26.194,407.019,407.019,6900.196
1.0199,-25.305,-25.305,406.888,406.888,6900.104
1.02,-24.515,-24.515,406.734,406.734,6899.994
1.0201,-23.146,-23.146,406.559,406.559,6899.908
1.0202,-21.726,-21.726,406.323,406.323,6899.806
1.0203,-20.86,-20.86,406.027,406.027,6899.723
1.0204,-20.033,-20.033,405.699,405.699,6899.63
1.0205,-19.246,-19.246,405.355,405.355,6899.54
1.0206,-17.532,-17.532,404.997,404.997,6899.455
1.0207,-15.779,-15.779,404.589,404.589,6899.374
1.0208,-14.876,-14.876,404.13,404.13,6899.296
1.0209,-13.795,-13.795,403.648,403.648,6899.219
1.021,-12.939,-12.939,403.142,403.142,6899.145
1.0211,-11.386,-11.386,402.62,402.62,6899.076
1.0212,-9.691,-9.691,402.066,402.066,6899.005
1.0213,-8.718,-8.718,401.48,401.48,6898.943
1.0214,-7.521,-7.521,400.878,400.878,6898.886
1.0215,-6.296,-6.296,400.259,400.259,6898.832
1.0216,-4.756,-4.756,399.626,399.626,6898.784
1.0217,-3.227,-3.227,398.98,398.98,6898.741
1.0218,-1.976,-1.976,398.323,398.323,6898.702
1.0219,-0.978,-0.978,397.66,397.66,6898.669
1.022,-0.523,-0.523,396.993,396.993,6898.644
1.0221,-0.0,-0.0,396.324,396.324,6898.62
1.0222,1.664,1.664,395.653,395.653,6898.605
1.0223,2.879,2.879,394.984,394.984,6898.593
1.0224,3.245,3.245,394.32,394.32,6898.588
1.0225,4.467,4.467,393.66,393.66,6898.587
1.0226,5.633,5.633,393.012,393.012,6898.593
1.0227,6.82,6.82,392.374,392.374,6898.604
1.0228,8.241,8.241,391.745,391.745,6898.62
1.0229,9.623,9.623,391.136,391.136,6898.642
1.023,11.317,11.317,390.547,390.547,6898.669
1.0231,12.461,12.461,389.994,389.994,6898.703
1.0232,13.432,13.432,389.457,389.457,6898.748
1.0233,15.033,15.033,388.93,388.93,6898.794
1.0234,16.701,16.701,388.433,388.433,6898.844
1.0235,18.452,18.452,387.981,387.981,6898.899
1.0236,19.667,19.667,387.591,387.591,6898.963
1.0237,20.573,20.573,387.236,387.236,6899.035
1.0238,21.747,21.747,386.899,386.899,6899.112
1.0239,23.116,23.116,386.594,386.594,6899.184
1.024,24.522,24.522,386.338,386.338,6899.276
1.0241,25.71,25.71,386.139,386.139,6899.355
1.0242,26.784,26.784,385.986,385.986,6899.459
1.0243,27.871,27.871,385.866,385.866,6899.546
1.0244,28.893,28.893,385.788,385.788,6899.646
1.0245,30.127,30.127,385.751,385.751,6899.747
1.0246,31.321,31.321,385.763,385.763,6899.85
1.0247,32.511,32.511,385.827,385.827,6899.954
1.0248,33.478,33.478,385.948,385.948,6900.061
1.0249,34.298,34.298,386.118,386.118,6900.169
1.025,35.264,35.264,386.323,386.323,6900.278
1.0251,36.106,36.106,386.567,386.567,6900.386
1.0252,36.993,36.993,386.856,386.856,6900.492
1.0253,38.114,38.114,387.199,387.199,6900.606
1.0254,38.816,38.816,387.599,387.599,6900.71
1.0255,39.356,39.356,388.028,388.028,6900.812
1.0256,40.071,40.071,388.473,388.473,6900.91
1.0257,40.612,40.612,388.959,388.959,6901.001
1.0258,41.349,41.349,389.484,389.484,6901.087
1.0259,41.859,41.859,390.06,390.06,6901.171
1.026,42.282,42.282,390.653,390.653,6901.242
1.0261,42.866,42.866,391.26,391.26,6901.322
1.0262,43.274,43.274,391.903,391.903,6901.381
1.0263,43.73,43.73,392.568,392.568,6901.447
1.0264,43.831,43.831,393.276,393.276,6901.496
1.0265,43.898,43.898,393.984,393.984,6901.546
1.0266,44.111,44.111,394.692,394.692,6901.588
1.0267,44.33,44.33,395.412,395.412,6901.621
1.0268,44.521,44.521,396.13,396.13,6901.646
1.0269,44.744,44.744,396.872,396.872,6901.662
1.027,44.631,44.631,397.616,397.616,6901.674
1.0271,44.703,44.703,398.356,398.356,6901.677
1.0272,44.608,44.608,399.1,399.1,6901.675
1.0273,44.317,44.317,399.828,399.828,6901.665
1.0274,44.096,44.096,400.553,400.553,6901.648
1.0275,43.847,43.847,401.263,401.263,6901.624
1.0276,43.372,43.372,401.971,401.971,6901.594
1.0277,42.86,42.86,402.661,402.661,6901.56
1.0278,42.337,42.337,403.312,403.312,6901.518
1.0279,42.151,42.151,403.935,403.935,6901.474
1.028,41.765,41.765,404.537,404.537,6901.413
1.0281,41.455,41.455,405.122,405.122,6901.359
1.0282,40.89,40.89,405.686,405.686,6901.289
1.0283,40.105,40.105,406.211,406.211,6901.228
1.0284,39.578,39.578,406.689,406.689,6901.155
1.0285,39.018,39.018,407.139,407.139,6901.078
1.0286,38.32,38.32,407.568,407.568,6900.998
1.0287,37.602,37.602,407.967,407.967,6900.916
1.0288,36.607,36.607,408.33,408.33,6900.833
1.0289,35.763,35.763,408.644,408.644,6900.748
1.029,34.94,34.94,408.92,408.92,6900.661
1.0291,34.272,34.272,409.158,409.158,6900.572
1.0292,33.321,33.321,409.362,409.362,6900.482
1.0293,32.416,32.416,409.524,409.524,6900.382
1.0294,31.38,31.38,409.646,409.646,6900.291
1.0295,30.366,30.366,409.715,409.715,6900.2
1.0296,29.054,29.054,409.731,409.731,6900.107
1.0297,28.09,28.09,409.696,409.696,6900.012
1.0298,27.284,27.284,409.627,409.627,6899.916
1.0299,26.111,26.111,409.539,409.539,6899.823
1.03,24.87,24.87,409.403,409.403,6899.742
1.0301,23.733,23.733,409.206,409.206,6899.644
1.0302,22.794,22.794,408.967,408.967,6899.564
1.0303,21.919,21.919,408.706,408.706,6899.467
1.0304,20.934,20.934,408.434,408.434,6899.392
1.0305,19.349,19.349,408.128,408.128,6899.314
1.0306,17.765,17.765,407.761,407.761,6899.239
1.0307,16.497,16.497,407.349,407.349,6899.165
1.0308,15.564,15.564,406.899,406.899,6899.091
1.0309,14.481,14.481,406.431,406.431,6899.019
1.031,13.068,13.068,405.936,405.936,6898.951
1.0311,11.616,11.616,405.405,405.405,6898.887
1.0312,10.497,10.497,404.848,404.848,6898.826
1.0313,9.38,9.38,404.27,404.27,6898.763
1.0314,8.265,8.265,403.68,403.68,6898.711
1.0315,6.643,6.643,403.076,403.076,6898.664
1.0316,4.95,4.95,402.453,402.453,6898.622
1.0317,3.358,3.358,401.815,401.815,6898.585
1.0318,1.876,1.876,401.164,401.164,6898.553
1.0319,0.767,0.767,400.506,400.506,6898.528
1.032,0.682,0.682,399.843,399.843,6898.503
1.0321,0.0,0.0,399.179,399.179,6898.487
1.0322,-2.224,-2.224,398.514,398.514,6898.474
1.0323,-2.208,-2.208,397.852,397.852,6898.469
1.0324,-3.32,-3.32,397.194,397.194,6898.468
1.0325,-4.396,-4.396,396.542,396.542,6898.472
1.0326,-5.547,-5.547,395.896,395.896,6898.482
1.0327,-7.213,-7.213,395.26,395.26,6898.497
1.0328,-8.551,-8.551,394.638,394.638,6898.517
1.0329,-10.04,-10.04,394.035,394.035,6898.542
1.033,-11.298,-11.298,393.454,393.454,6898.574
1.0331,-12.555,-12.555,392.884,392.884,6898.61
1.0332,-14.256,-14.256,392.332,392.332,6898.651
1.0333,-15.77,-15.77,391.817,391.817,6898.702
1.0334,-17.462,-17.462,391.35,391.35,6898.756
1.0335,-18.387,-18.387,390.935,390.935,6898.819
1.0336,-19.243,-19.243,390.537,390.537,6898.889
1.0337,-20.651,-20.651,390.158,390.158,6898.962
1.0338,-22.24,-22.24,389.819,389.819,6899.038
1.0339,-23.712,-23.712,389.538,389.538,6899.119
1.034,-24.906,-24.906,389.31,389.31,6899.198
1.0341,-25.931,-25.931,389.118,389.118,6899.301
1.0342,-27.195,-27.195,388.955,388.955,6899.387
1.0343,-28.267,-28.267,388.836,388.836,6899.494
1.0344,-29.504,-29.504,388.762,388.762,6899.584
1.0345,-30.569,-30.569,388.741,388.741,6899.686
1.0346,-31.906,-31.906,388.768,388.768,6899.791
1.0347,-32.928,-32.928,388.854,388.854,6899.898
1.0348,-33.916,-33.916,388.984,388.984,6900.007
1.0349,-34.898,-34.898,389.156,389.156,6900.117
1.035,-35.829,-35.829,389.375,389.375,6900.227
1.0351,-36.93,-36.93,389.64,389.64,6900.336
1.0352,-37.759,-37.759,389.967,389.967,6900.445
1.0353,-38.455,-38.455,390.334,390.334,6900.565
1.0354,-39.26,-39.26,390.719,390.719,6900.67
1.0355,-40.221,-40.221,391.143,391.143,6900.77
1.0356,-40.856,-40.856,391.608,391.608,6900.865
1.0357,-41.492,-41.492,392.127,392.127,6900.957
1.0358,-41.653,-41.653,392.684,392.684,6901.047
1.0359,-41.926,-41.926,393.241,393.241,6901.131
1.036,-42.607,-42.607,393.821,393.821,6901.206
1.0361,-43.211,-43.211,394.433,394.433,6901.269
1.0362,-43.711,-43.711,395.096,395.096,6901.339
1.0363,-43.705,-43.705,395.792,395.792,6901.394
1.0364,-43.816,-43.816,396.479,396.479,6901.454
1.0365,-44.03,-44.03,397.182,397.182,6901.496
1.0366,-43.984,-43.984,397.887,397.887,6901.535
1.0367,-44.471,-44.471,398.597,398.597,6901.565
1.0368,-44.405,-44.405,399.331,399.331,6901.588
1.0369,-44.308,-44.308,400.05,400.05,6901.604
1.037,-44.371,-44.371,400.775,400.775,6901.611
1.0371,-44.173,-44.173,401.496,401.496,6901.612
1.0372,-44.425,-44.425,402.206,402.206,6901.605
1.0373,-44.057,-44.057,402.937,402.937,6901.59
1.0374,-43.724,-43.724,403.646,403.646,6901.573
1.0375,-43.427,-43.427,404.358,404.358,6901.549
1.0376,-43.096,-43.096,405.048,405.048,6901.52
1.0377,-42.785,-42.785,405.707,405.707,6901.485
1.0378,-42.348,-42.348,406.357,406.357,6901.443
1.0379,-41.994,-41.994,406.974,406.974,6901.395
1.038,-41.482,-41.482,407.584,407.584,6901.348
1.0381,-40.722,-40.722,408.159,408.159,6901.286
1.0382,-40.404,-40.404,408.679,408.679,6901.229
1.0383,-39.683,-39.683,409.183,409.183,6901.154
1.0384,-39.181,-39.181,409.652,409.652,6901.088
1.0385,-38.452,-38.452,410.105,410.105,6901.013
1.0386,-37.803,-37.803,410.521,410.521,6900.937
1.0387,-37.227,-37.227,410.895,410.895,6900.858
1.0388,-36.381,-36.381,411.24,411.24,6900.776
1.0389,-35.631,-35.631,411.547,411.547,6900.693
1.039,-34.689,-34.689,411.824,411.824,6900.609
1.0391,-33.568,-33.568,412.061,412.061,6900.524
1.0392,-32.606,-32.606,412.248,412.248,6900.438
1.0393,-31.725,-31.725,412.387,412.387,6900.35
1.0394,-30.885,-30.885,412.479,412.479,6900.251
1.0395,-30.081,-30.081,412.526,412.526,6900.16
1.0396,-28.886,-28.886,412.538,412.538,6900.068
1.0397,-27.912,-27.912,412.513,412.513,6899.977
1.0398,-26.604,-26.604,412.454,412.454,6899.887
1.0399,-25.362,-25.362,412.339,412.339,6899.799
1.04,-24.524,-24.524,412.171,412.171,6899.71
1.0401,-23.488,-23.488,411.976,411.976,6899.63
1.0402,-22.721,-22.721,411.76,411.76,6899.535
1.0403,-21.161,-21.161,411.525,411.525,6899.462
1.0404,-19.501,-19.501,411.228,411.228,6899.376
1.0405,-18.617,-18.617,410.869,410.869,6899.305
1.0406,-17.641,-17.641,410.477,410.477,6899.227
1.0407,-16.681,-16.681,410.062,410.062,6899.152
1.0408,-15.404,-15.404,409.628,409.628,6899.08
1.0409,-14.088,-14.088,409.16,409.16,6899.014
1.041,-13.101,-13.101,408.657,408.657,6898.951
1.0411,-11.637,-11.637,408.135,408.135,6898.892
1.0412,-10.634,-10.634,407.591,407.591,6898.837
1.0413,-9.065,-9.065,407.034,407.034,6898.788
1.0414,-7.376,-7.376,406.452,406.452,6898.739
1.0415,-6.063,-6.063,405.845,405.845,6898.699
1.0416,-4.705,-4.705,405.222,405.222,6898.663
1.0417,-3.468,-3.468,404.586,404.586,6898.631
1.0418,-2.052,-2.052,403.939,403.939,6898.604
1.0419,-0.949,-0.949,403.285,403.285,6898.581
1.042,0.0,0.0,402.627,402.627,6898.565
1.0421,-0.0,-0.0,401.967,401.967,6898.551
1.0422,1.272,1.272,401.307,401.307,6898.545
1.0423,1.783,1.783,400.649,400.649,6898.543
1.0424,2.738,2.738,399.992,399.992,6898.546
1.0425,4.001,4.001,399.338,399.338,6898.554
1.0426,5.43,5.43,398.692,398.692,6898.566
1.0427,7.081,7.081,398.057,398.057,6898.583
1.0428,8.306,8.306,397.441,397.441,6898.606
1.0429,9.207,9.207,396.839,396.839,6898.634
1.043,10.754,10.754,396.246,396.246,6898.666
1.0431,12.019,12.019,395.68,395.68,6898.703
1.0432,13.652,13.652,395.143,395.143,6898.745
1.0433,15.067,15.067,394.651,394.651,6898.793
1.0434,15.91,15.91,394.187,394.187,6898.855
1.0435,17.205,17.205,393.733,393.733,6898.915
1.0436,18.936,18.936,393.306,393.306,6898.978
1.0437,20.63,20.63,392.929,392.929,6899.045
1.0438,21.769,21.769,392.614,392.614,6899.118
1.0439,22.652,22.652,392.336,392.336,6899.198
1.044,23.721,23.721,392.075,392.075,6899.281
1.0441,25.236,25.236,391.843,391.843,6899.356
1.0442,26.428,26.428,391.663,391.663,6899.45
1.0443,27.424,27.424,391.535,391.535,6899.529
1.0444,28.566,28.566,391.451,391.451,6899.63
1.0445,29.532,29.532,391.414,391.414,6899.714
1.0446,30.452,30.452,391.42,391.42,6899.809
1.0447,31.246,31.246,391.47,391.47,6899.906
1.0448,32.169,32.169,391.558,391.558,6900.002
1.0449,32.96,32.96,391.692,391.692,6900.098
1.045,33.805,33.805,391.872,391.872,6900.193
1.0451,34.698,34.698,392.096,392.096,6900.287
1.0452,35.393,35.393,392.352,392.352,6900.38
1.0453,36.412,36.412,392.63,392.63,6900.469
1.0454,37.182,37.182,392.956,392.956,6900.563
1.0455,38.116,38.116,393.327,393.327,6900.645
1.0456,38.581,38.581,393.749,393.749,6900.726
1.0457,38.974,38.974,394.192,394.192,6900.804
1.0458,39.774,39.774,394.647,394.647,6900.877
1.0459,40.226,40.226,395.149,395.149,6900.944
1.046,40.98,40.98,395.684,395.684,6901.001
1.0461,41.102,41.102,396.277,396.277,6901.069
1.0462,41.125,41.125,396.876,396.876,6901.122
1.0463,41.526,41.526,397.473,397.473,6901.178
1.0464,41.681,41.681,398.094,398.094,6901.218
1.0465,42.032,42.032,398.719,398.719,6901.255
1.0466,42.193,42.193,399.372,399.372,6901.286
1.0467,42.12,42.12,400.025,400.025,6901.311
1.0468,42.292,42.292,400.671,400.671,6901.329
1.0469,42.375,42.375,401.328,401.328,6901.34
1.047,42.351,42.351,401.975,401.975,6901.345
1.0471,42.437,42.437,402.64,402.64,6901.343
1.0472,42.128,42.128,403.307,403.307,6901.338
1.0473,42.018,42.018,403.968,403.968,6901.327
1.0474,41.642,41.642,404.63,404.63,6901.311
1.0475,41.325,41.325,405.263,405.263,6901.29
1.0476,41.112,41.112,405.884,405.884,6901.264
1.0477,40.658,40.658,406.487,406.487,6901.232
1.0478,40.565,40.565,407.071,407.071,6901.195
1.0479,40.131,40.131,407.646,407.646,6901.154
1.048,39.5,39.5,408.184,408.184,6901.109
1.0481,39.159,39.159,408.686,408.686,6901.064
1.0482,38.646,38.646,409.165,409.165,6901.004
1.0483,38.288,38.288,409.625,409.625,6900.952
1.0484,37.462,37.462,410.069,410.069,6900.887
1.0485,36.647,36.647,410.471,410.471,6900.832
1.0486,36.154,36.154,410.83,410.83,6900.768
1.0487,35.491,35.491,411.162,411.162,6900.701
1.0488,34.723,34.723,411.469,411.469,6900.633
1.0489,33.922,33.922,411.743,411.743,6900.564
1.049,32.919,32.919,411.978,411.978,6900.495
1.0491,32.135,32.135,412.164,412.164,6900.424
1.0492,31.188,31.188,412.311,412.311,6900.352
1.0493,30.315,30.315,412.412,412.412,6900.278
1.0494,29.48,29.48,412.473,412.473,6900.196
1.0495,28.735,28.735,412.498,412.498,6900.121
1.0496,27.633,27.633,412.496,412.496,6900.048
1.0497,26.445,26.445,412.446,412.446,6899.975
1.0498,25.528,25.528,412.339,412.339,6899.902
1.0499,24.645,24.645,412.194,412.194,6899.829
1.05,23.764,23.764,412.025,412.025,6899.757
1.0501,22.568,22.568,411.839,411.839,6899.689
1.0502,21.079,21.079,411.609,411.609,6899.63
1.0503,19.938,19.938,411.313,411.313,6899.559
1.0504,18.979,18.979,410.977,410.977,6899.501
1.0505,18.266,18.266,410.615,410.615,6899.431
1.0506,17.219,17.219,410.243,410.243,6899.376
1.0507,15.793,15.793,409.842,409.842,6899.32
1.0508,14.374,14.374,409.394,409.394,6899.267
1.0509,13.302,13.302,408.913,408.913,6899.215
1.051,12.291,12.291,408.404,408.404,6899.166
1.0511,11.083,11.083,407.881,407.881,6899.119
1.0512,9.541,9.541,407.335,407.335,6899.077
1.0513,8.113,8.113,406.759,406.759,6899.037
1.0514,6.988,6.988,406.162,406.162,6899.0
1.0515,5.678,5.678,405.548,405.548,6898.964
1.0516,4.388,4.388,404.921,404.921,6898.934
1.0517,3.045,3.045,404.283,404.283,6898.908
1.0518,1.76,1.76,403.634,403.634,6898.887
1.0519,0.598,0.598,402.979,402.979,6898.869
1.052,0.0,0.0,402.32,402.32,6898.855
1.0521,0.0,0.0,401.66,401.66,6898.846
1.0522,-1.881,-1.881,400.999,400.999,6898.841
1.0523,-2.055,-2.055,400.339,400.339,6898.84
1.0524,-3.254,-3.254,399.682,399.682,6898.843
1.0525,-4.374,-4.374,399.03,399.03,6898.849
1.0526,-5.563,-5.563,398.388,398.388,6898.859
1.0527,-6.802,-6.802,397.758,397.758,6898.874
1.0528,-7.809,-7.809,397.138,397.138,6898.893
1.0529,-9.492,-9.492,396.531,396.531,6898.915
1.053,-10.843,-10.843,395.945,395.945,6898.942
1.0531,-12.154,-12.154,395.389,395.389,6898.972
1.0532,-13.095,-13.095,394.862,394.862,6899.008
1.0533,-14.095,-14.095,394.345,394.345,6899.047
1.0534,-15.636,-15.636,393.845,393.845,6899.089
1.0535,-17.131,-17.131,393.382,393.382,6899.139
1.0536,-18.702,-18.702,392.971,392.971,6899.189
1.0537,-19.605,-19.605,392.611,392.611,6899.244
1.0538,-20.515,-20.515,392.27,392.27,6899.305
1.0539,-21.815,-21.815,391.951,391.951,6899.366
1.054,-23.164,-23.164,391.67,391.67,6899.43
1.0541,-24.441,-24.441,391.44,391.44,6899.496
1.0542,-25.353,-25.353,391.258,391.258,6899.558
1.0543,-26.346,-26.346,391.11,391.11,6899.636
1.0544,-27.334,-27.334,390.998,390.998,6899.701
1.0545,-28.363,-28.363,390.927,390.927,6899.782
1.0546,-29.606,-29.606,390.898,390.898,6899.848
1.0547,-30.619,-30.619,390.924,390.924,6899.923
1.0548,-31.753,-31.753,390.996,390.996,6900.0
1.0549,-32.732,-32.732,391.126,391.126,6900.077
1.055,-33.63,-33.63,391.296,391.296,6900.155
1.0551,-34.18,-34.18,391.502,391.502,6900.233
1.0552,-34.935,-34.935,391.739,391.739,6900.308
1.0553,-35.8,-35.8,392.011,392.011,6900.382
1.0554,-36.5,-36.5,392.339,392.339,6900.453
1.0555,-37.003,-37.003,392.701,392.701,6900.529
1.0556,-37.711,-37.711,393.076,393.076,6900.595
1.0557,-38.463,-38.463,393.488,393.488,6900.656
1.0558,-39.018,-39.018,393.935,393.935,6900.714
1.0559,-39.324,-39.324,394.435,394.435,6900.769
1.056,-39.476,-39.476,394.959,394.959,6900.823
1.0561,-39.808,-39.808,395.486,395.486,6900.867
1.0562,-40.147,-40.147,396.039,396.039,6900.914
1.0563,-40.457,-40.457,396.603,396.603,6900.949
1.0564,-40.937,-40.937,397.199,397.199,6900.986
1.0565,-40.956,-40.956,397.818,397.818,6901.013
1.0566,-41.128,-41.128,398.425,398.425,6901.038
1.0567,-41.202,-41.202,399.047,399.047,6901.057
1.0568,-41.265,-41.265,399.662,399.662,6901.071
1.0569,-41.406,-41.406,400.286,400.286,6901.079
1.057,-41.158,-41.158,400.924,400.924,6901.083
1.0571,-41.074,-41.074,401.545,401.545,6901.083
1.0572,-40.997,-40.997,402.178,402.178,6901.077
1.0573,-40.861,-40.861,402.801,402.801,6901.068
1.0574,-40.943,-40.943,403.412,403.412,6901.055
1.0575,-40.581,-40.581,404.033,404.033,6901.036
1.0576,-40.261,-40.261,404.629,404.629,6901.015
1.0577,-39.865,-39.865,405.222,405.222,6900.991
1.0578,-39.332,-39.332,405.786,405.786,6900.963
1.0579,-39.022,-39.022,406.307,406.307,6900.931
1.058,-38.643,-38.643,406.815,406.815,6900.893
1.0581,-38.148,-38.148,407.297,407.297,6900.853
1.0582,-37.514,-37.514,407.764,407.764,6900.814
1.0583,-36.939,-36.939,408.197,408.197,6900.764
1.0584,-36.568,-36.568,408.588,408.588,6900.721
1.0585,-35.905,-35.905,408.961,408.961,6900.665
1.0586,-35.363,-35.363,409.303,409.303,6900.619
1.0587,-34.611,-34.611,409.624,409.624,6900.566
1.0588,-33.894,-33.894,409.909,409.909,6900.512
1.0589,-33.064,-33.064,410.155,410.155,6900.458
1.059,-32.281,-32.281,410.36,410.36,6900.402
1.0591,-31.656,-31.656,410.528,410.528,6900.345
1.0592,-30.772,-30.772,410.665,410.665,6900.288
1.0593,-29.89,-29.89,410.764,410.764,6900.23
1.0594,-29.12,-29.12,410.824,410.824,6900.172
1.0595,-28.108,-28.108,410.846,410.846,6900.109
1.0596,-27.158,-27.158,410.819,410.819,6900.051
1.0597,-26.116,-26.116,410.747,410.747,6899.993
1.0598,-25.115,-25.115,410.638,410.638,6899.935
1.0599,-24.197,-24.197,410.501,410.501,6899.877
1.06,-22.787,-22.787,410.336,410.336,6899.822
1.0601,-21.569,-21.569,410.114,410.114,6899.773
1.0602,-20.705,-20.705,409.841,409.841,6899.713
1.0603,-20.01,-20.01,409.539,409.539,6899.665
1.0604,-19.324,-19.324,409.225,409.225,6899.608
1.0605,-18.007,-18.007,408.897,408.897,6899.565
1.0606,-16.371,-16.371,408.521,408.521,6899.52
1.0607,-15.303,-15.303,408.092,408.092,6899.476
1.0608,-14.026,-14.026,407.631,407.631,6899.432
1.0609,-13.157,-13.157,407.143,407.143,6899.39
1.061,-11.911,-11.911,406.636,406.636,6899.351
1.0611,-10.433,-10.433,406.1,406.1,6899.313
1.0612,-9.459,-9.459,405.533,405.533,6899.278
1.0613,-8.314,-8.314,404.95,404.95,6899.246
1.0614,-7.137,-7.137,404.352,404.352,6899.216
1.0615,-5.79,-5.79,403.74,403.74,6899.187
1.0616,-4.43,-4.43,403.113,403.113,6899.164
1.0617,-3.141,-3.141,402.473,402.473,6899.144
1.0618,-1.901,-1.901,401.823,401.823,6899.127
1.0619,-0.826,-0.826,401.166,401.166,6899.113
1.062,-0.653,-0.653,400.504,400.504,6899.103
1.0621,0.156,0.156,399.841,399.841,6899.095
1.0622,1.909,1.909,399.177,399.177,6899.092
1.0623,1.935,1.935,398.515,398.515,6899.091
1.0624,3.135,3.135,397.855,397.855,6899.093
1.0625,3.986,3.986,397.203,397.203,6899.099
1.0626,5.001,5.001,396.558,396.558,6899.107
1.0627,6.483,6.483,395.918,395.918,6899.119
1.0628,7.658,7.658,395.293,395.293,6899.133
1.0629,9.324,9.324,394.681,394.681,6899.151
1.063,10.504,10.504,394.097,394.097,6899.171
1.0631,11.357,11.357,393.528,393.528,6899.196
1.0632,12.828,12.828,392.967,392.967,6899.222
1.0633,14.279,14.279,392.436,392.436,6899.251
1.0634,15.924,15.924,391.942,391.942,6899.284
1.0635,17.043,17.043,391.503,391.503,6899.32
1.0636,18.092,18.092,391.093,391.093,6899.366
1.0637,19.317,19.317,390.699,390.699,6899.41
1.0638,20.824,20.824,390.333,390.333,6899.456
1.0639,22.214,22.214,390.017,390.017,6899.503
1.064,23.259,23.259,389.757,389.757,6899.554
1.0641,24.053,24.053,389.539,389.539,6899.608
1.0642,25.079,25.079,389.344,389.344,6899.664
1.0643,26.361,26.361,389.182,389.182,6899.715
1.0644,27.506,27.506,389.068,389.068,6899.777
1.0645,28.559,28.559,389.004,389.004,6899.83
1.0646,29.375,29.375,388.989,388.989,6899.895
1.0647,30.272,30.272,389.016,389.016,6899.949
1.0648,31.179,31.179,389.085,389.085,6900.01
1.0649,32.139,32.139,389.193,389.193,6900.071
1.065,33.001,33.001,389.338,389.338,6900.13
1.0651,33.884,33.884,389.525,389.525,6900.189
1.0652,34.754,34.754,389.762,389.762,6900.247
1.0653,35.363,35.363,390.045,390.045,6900.304
1.0654,36.044,36.044,390.354,390.354,6900.36
1.0655,36.893,36.893,390.685,390.685,6900.413
1.0656,37.417,37.417,391.062,391.062,6900.468
1.0657,38.277,38.277,391.477,391.477,6900.516
1.0658,38.76,38.76,391.945,391.945,6900.562
1.0659,39.075,39.075,392.432,392.432,6900.607
1.066,39.671,39.671,392.928,392.928,6900.648
1.0661,40.036,40.036,393.461,393.461,6900.685
1.0662,40.624,40.624,394.014,394.014,6900.716
1.0663,40.833,40.833,394.613,394.613,6900.75
1.0664,40.881,40.881,395.217,395.217,6900.776
1.0665,41.224,41.224,395.819,395.819,6900.802
1.0666,41.256,41.256,396.442,396.442,6900.82
1.0667,41.521,41.521,397.06,397.06,6900.835
1.0668,41.646,41.646,397.707,397.707,6900.847
1.0669,41.489,41.489,398.354,398.354,6900.855
1.067,41.542,41.542,398.997,398.997,6900.859
1.0671,41.399,41.399,399.648,399.648,6900.86
1.0672,41.315,41.315,400.278,400.278,6900.857
1.0673,41.269,41.269,400.919,400.919,6900.849
1.0674,41.003,41.003,401.551,401.551,6900.839
1.0675,40.929,40.929,402.175,402.175,6900.826
1.0676,40.466,40.466,402.795,402.795,6900.808
1.0677,40.17,40.17,403.377,403.377,6900.789
1.0678,40.01,40.01,403.943,403.943,6900.765
1.0679,39.546,39.546,404.492,404.492,6900.739
1.068,39.257,39.257,405.025,405.025,6900.71
1.0681,38.906,38.906,405.54,405.54,6900.68
1.0682,38.238,38.238,406.024,406.024,6900.647
1.0683,37.699,37.699,406.474,406.474,6900.616
1.0684,37.071,37.071,406.894,406.894,6900.575
1.0685,36.564,36.564,407.292,407.292,6900.54
1.0686,35.793,35.793,407.667,407.667,6900.496
1.0687,35.012,35.012,408.0,408.0,6900.46
1.0688,34.248,34.248,408.291,408.291,6900.418
1.0689,33.597,33.597,408.543,408.543,6900.374
1.069,32.833,32.833,408.764,408.764,6900.329
1.0691,32.014,32.014,408.948,408.948,6900.284
1.0692,31.173,31.173,409.094,409.094,6900.239
1.0693,30.278,30.278,409.202,409.202,6900.193
1.0694,29.235,29.235,409.267,409.267,6900.147
1.0695,28.26,28.26,409.282,409.282,6900.101
1.0696,27.651,27.651,409.255,409.255,6900.05
1.0697,26.791,26.791,409.203,409.203,6900.004
1.0698,25.694,25.694,409.126,409.126,6899.959
1.0699,24.323,24.323,409.006,409.006,6899.916
1.07,23.112,23.112,408.825,408.825,6899.873
1.0701,22.536,22.536,408.599,408.599,6899.83
1.0702,21.869,21.869,408.355,408.355,6899.792
1.0703,20.651,20.651,408.101,408.101,6899.748
1.0704,19.012,19.012,407.805,407.805,6899.715
1.0705,17.693,17.693,407.442,407.442,6899.674
1.0706,16.589,16.589,407.036,407.036,6899.641
1.0707,15.697,15.697,406.599,406.599,6899.605
1.0708,14.759,14.759,406.147,406.147,6899.57
1.0709,13.494,13.494,405.672,405.672,6899.538
1.071,12.209,12.209,405.161,405.161,6899.508
1.0711,11.142,11.142,404.625,404.625,6899.479
1.0712,9.731,9.731,404.07,404.07,6899.453
1.0713,8.72,8.72,403.497,403.497,6899.429
1.0714,7.344,7.344,402.909,402.909,6899.407
1.0715,5.797,5.797,402.299,402.299,6899.388
1.0716,4.365,4.365,401.67,401.67,6899.369
1.0717,2.969,2.969,401.027,401.027,6899.354
1.0718,1.697,1.697,400.373,400.373,6899.342
1.0719,0.68,0.68,399.713,399.713,6899.331
1.072,0.0,0.0,399.049,399.049,6899.323
1.0721,0.0,0.0,398.383,398.383,6899.318
1.0722,-1.188,-1.188,397.717,397.717,6899.315
1.0723,-2.163,-2.163,397.052,397.052,6899.315
1.0724,-3.104,-3.104,396.39,396.39,6899.317
1.0725,-4.146,-4.146,395.732,395.732,6899.321
1.0726,-5.434,-5.434,395.08,395.08,6899.329
1.0727,-6.683,-6.683,394.437,394.437,6899.337
1.0728,-8.209,-8.209,393.811,393.811,6899.348
1.0729,-9.425,-9.425,393.203,393.203,6899.362
1.073,-10.673,-10.673,392.607,392.607,6899.378
1.0731,-12.051,-12.051,392.031,392.031,6899.396
1.0732,-13.508,-13.508,391.482,391.482,6899.417
1.0733,-14.974,-14.974,390.976,390.976,6899.44
1.0734,-15.82,-15.82,390.51,390.51,6899.467
1.0735,-16.767,-16.767,390.057,390.057,6899.496
1.0736,-18.337,-18.337,389.62,389.62,6899.53
1.0737,-19.858,-19.858,389.225,389.225,6899.562
1.0738,-21.339,-21.339,388.884,388.884,6899.596
1.0739,-22.461,-22.461,388.593,388.593,6899.633
1.074,-23.268,-23.268,388.331,388.331,6899.672
1.0741,-24.48,-24.48,388.089,388.089,6899.712
1.0742,-25.785,-25.785,387.886,387.886,6899.748
1.0743,-27.151,-27.151,387.734,387.734,6899.794
1.0744,-28.34,-28.34,387.636,387.636,6899.832
1.0745,-29.477,-29.477,387.588,387.588,6899.88
1.0746,-30.575,-30.575,387.589,387.589,6899.92
1.0747,-31.622,-31.622,387.638,387.638,6899.965
1.0748,-32.497,-32.497,387.735,387.735,6900.011
1.0749,-33.404,-33.404,387.875,387.875,6900.057
1.075,-34.387,-34.387,388.061,388.061,6900.103
1.0751,-35.328,-35.328,388.298,388.298,6900.148
1.0752,-36.099,-36.099,388.577,388.577,6900.193
1.0753,-36.575,-36.575,388.883,388.883,6900.237
1.0754,-37.431,-37.431,389.215,389.215,6900.278
1.0755,-38.402,-38.402,389.582,389.582,6900.317
1.0756,-39.077,-39.077,390.013,390.013,6900.354
1.0757,-39.555,-39.555,390.48,390.48,6900.394
1.0758,-40.04,-40.04,390.959,390.959,6900.428
1.0759,-40.594,-40.594,391.473,391.473,6900.459
1.076,-41.239,-41.239,392.013,392.013,6900.488
1.0761,-41.71,-41.71,392.609,392.609,6900.515
1.0762,-41.93,-41.93,393.236,393.236,6900.54
1.0763,-42.184,-42.184,393.86,393.86,6900.561
1.0764,-42.365,-42.365,394.507,394.507,6900.583
1.0765,-42.517,-42.517,395.156,395.156,6900.598
1.0766,-42.9,-42.9,395.822,395.822,6900.612
1.0767,-42.742,-42.742,396.511,396.511,6900.621
1.0768,-42.754,-42.754,397.178,397.178,6900.629
1.0769,-42.936,-42.936,397.857,397.857,6900.633
1.077,-42.751,-42.751,398.536,398.536,6900.633
1.0771,-42.822,-42.822,399.211,399.211,6900.631
1.0772,-42.518,-42.518,399.9,399.9,6900.627
1.0773,-42.412,-42.412,400.569,400.569,6900.62
1.0774,-42.253,-42.253,401.249,401.249,6900.611
1.0775,-41.9,-41.9,401.914,401.914,6900.6
1.0776,-41.884,-41.884,402.55,402.55,6900.587
1.0777,-41.441,-41.441,403.185,403.185,6900.569
1.0778,-41.21,-41.21,403.79,403.79,6900.551
1.0779,-40.667,-40.667,404.389,404.389,6900.532
1.078,-40.099,-40.099,404.953,404.953,6900.51
1.0781,-39.673,-39.673,405.472,405.472,6900.486
1.0782,-39.18,-39.18,405.973,405.973,6900.46
1.0783,-38.848,-38.848,406.446,406.446,6900.433
1.0784,-38.232,-38.232,406.91,406.91,6900.408
1.0785,-37.368,-37.368,407.344,407.344,6900.377
1.0786,-36.767,-36.767,407.728,407.728,6900.35
1.0787,-36.082,-36.082,408.083,408.083,6900.317
1.0788,-35.52,-35.52,408.403,408.403,6900.289
1.0789,-34.657,-34.657,408.699,408.699,6900.258
1.079,-33.842,-33.842,408.954,408.954,6900.226
1.0791,-33.001,-33.001,409.165,409.165,6900.195
1.0792,-32.183,-32.183,409.333,409.333,6900.163
1.0793,-31.273,-31.273,409.459,409.459,6900.13
1.0794,-30.372,-30.372,409.543,409.543,6900.098
1.0795,-29.518,-29.518,409.588,409.588,6900.065
1.0796,-28.457,-28.457,409.602,409.602,6900.033
1.0797,-27.136,-27.136,409.576,409.576,6899.998
1.0798,-25.97,-25.97,409.495,409.495,6899.967
1.0799,-25.077,-25.077,409.361,409.361,6899.936
1.08,-24.39,-24.39,409.195,409.195,6899.905
1.0801,-23.543,-23.543,409.011,409.011,6899.875
1.0802,-22.274,-22.274,408.804,408.804,6899.847
1.0803,-20.843,-20.843,408.538,408.538,6899.823
1.0804,-19.869,-19.869,408.214,408.214,6899.794
1.0805,-18.988,-18.988,407.856,407.856,6899.771
1.0806,-18.107,-18.107,407.481,407.481,6899.743
1.0807,-16.618,-16.618,407.092,407.092,6899.722
1.0808,-15.05,-15.05,406.659,406.659,6899.7
1.0809,-13.925,-13.925,406.184,406.184,6899.68
1.081,-12.56,-12.56,405.684,405.684,6899.66
1.0811,-11.762,-11.762,405.158,405.158,6899.642
1.0812,-10.382,-10.382,404.618,404.618,6899.625
1.0813,-8.693,-8.693,404.051,404.051,6899.61
1.0814,-7.392,-7.392,403.455,403.455,6899.596
1.0815,-5.944,-5.944,402.842,402.842,6899.583
1.0816,-4.901,-4.901,402.211,402.211,6899.572
1.0817,-3.526,-3.526,401.571,401.571,6899.562
1.0818,-2.285,-2.285,400.919,400.919,6899.554
1.0819,-1.112,-1.112,400.261,400.261,6899.548
1.082,-0.719,-0.719,399.598,399.598,6899.544
1.0821,-0.0,-0.0,398.933,398.933,6899.541
1.0822,1.819,1.819,398.267,398.267,6899.54
1.0823,1.725,1.725,397.603,397.603,6899.541
1.0824,2.961,2.961,396.939,396.939,6899.544
1.0825,4.018,4.018,396.281,396.281,6899.548
1.0826,5.58,5.58,395.63,395.63,6899.553
1.0827,6.786,6.786,394.995,394.995,6899.561
1.0828,7.807,7.807,394.372,394.372,6899.569
1.0829,9.172,9.172,393.758,393.758,6899.579
1.083,10.599,10.599,393.166,393.166,6899.591
1.0831,12.153,12.153,392.597,392.597,6899.604
1.0832,13.472,13.472,392.065,392.065,6899.619
1.0833,14.515,14.515,391.556,391.556,6899.636
1.0834,15.909,15.909,391.057,391.057,6899.653
1.0835,17.628,17.628,390.589,390.589,6899.672
1.0836,19.146,19.146,390.17,390.17,6899.692
1.0837,20.382,20.382,389.81,389.81,6899.716
1.0838,21.294,21.294,389.487,389.487,6899.74
1.0839,22.489,22.489,389.18,389.18,6899.765
1.084,23.841,23.841,388.906,388.906,6899.79
1.0841,25.294,25.294,388.678,388.678,6899.816
1.0842,26.334,26.334,388.508,388.508,6899.843
1.0843,27.376,27.376,388.379,388.379,6899.867
1.0844,28.379,28.379,388.286,388.286,6899.898
1.0845,29.383,29.383,388.233,388.233,6899.923
1.0846,30.687,30.687,388.223,388.223,6899.954
1.0847,31.677,31.677,388.269,388.269,6899.979
1.0848,32.62,32.62,388.366,388.366,6900.007
1.0849,33.404,33.404,388.516,388.516,6900.035
1.085,34.196,34.196,388.708,388.708,6900.063
1.0851,35.002,35.002,388.933,388.933,6900.091
1.0852,35.963,35.963,389.186,389.186,6900.117
1.0853,36.686,36.686,389.487,389.487,6900.142
1.0854,37.591,37.591,389.83,389.83,6900.167
1.0855,38.272,38.272,390.221,390.221,6900.19
1.0856,38.738,38.738,390.639,390.639,6900.212
1.0857,39.445,39.445,391.071,391.071,6900.235
1.0858,40.113,40.113,391.545,391.545,6900.254
1.0859,40.868,40.868,392.063,392.063,6900.272
1.086,41.172,41.172,392.636,392.636,6900.289
1.0861,41.324,41.324,393.225,393.225,6900.304
1.0862,41.79,41.79,393.821,393.821,6900.318
1.0863,42.232,42.232,394.442,394.442,6900.33
1.0864,42.875,42.875,395.081,395.081,6900.34
1.0865,43.045,43.045,395.762,395.762,6900.349
1.0866,42.975,42.975,396.443,396.443,6900.356
1.0867,43.333,43.333,397.114,397.114,6900.362
1.0868,43.234,43.234,397.802,397.802,6900.365
1.0869,43.321,43.321,398.476,398.476,6900.366
1.087,43.381,43.381,399.173,399.173,6900.366
1.0871,43.24,43.24,399.868,399.868,6900.364
1.0872,43.311,43.311,400.563,400.563,6900.36
1.0873,42.986,42.986,401.27,401.27,6900.356
1.0874,42.677,42.677,401.949,401.949,6900.35
1.0875,42.384,42.384,402.627,402.627,6900.342
1.0876,41.949,41.949,403.285,403.285,6900.334
1.0877,41.756,41.756,403.928,403.928,6900.324
1.0878,41.485,41.485,404.556,404.556,6900.311
1.0879,40.974,40.974,405.149,405.149,6900.299
1.088,40.602,40.602,405.711,405.711,6900.285
1.0881,40.0,40.0,406.249,406.249,6900.27
1.0882,39.715,39.715,406.763,406.763,6900.254
1.0883,39.167,39.167,407.262,407.262,6900.24
1.0884,38.437,38.437,407.725,407.725,6900.222
1.0885,37.889,37.889,408.149,408.149,6900.206
1.0886,37.205,37.205,408.545,408.545,6900.187
1.0887,36.708,36.708,408.917,408.917,6900.171
1.0888,35.737,35.737,409.265,409.265,6900.151
1.0889,34.962,34.962,409.565,409.565,6900.135
1.089,34.034,34.034,409.824,409.824,6900.118
1.0891,33.229,33.229,410.038,410.038,6900.099
1.0892,32.347,32.347,410.213,410.213,6900.081
1.0893,31.434,31.434,410.348,410.348,6900.063
1.0894,30.553,30.553,410.444,410.444,6900.045
1.0895,29.543,29.543,410.504,410.504,6900.027
1.0896,28.476,28.476,410.515,410.515,6900.01
1.0897,27.33,27.33,410.475,410.475,6899.993
1.0898,26.594,26.594,410.388,410.388,6899.974
1.0899,25.745,25.745,410.275,410.275,6899.958
1.09,24.688,24.688,410.143,410.143,6899.942
1.0901,23.236,23.236,409.968,409.968,6899.927
1.0902,22.033,22.033,409.729,409.729,6899.913
1.0903,21.085,21.085,409.448,409.448,6899.899
1.0904,20.327,20.327,409.141,409.141,6899.887
1.0905,19.233,19.233,408.828,408.828,6899.873
1.0906,17.679,17.679,408.481,408.481,6899.863
1.0907,16.397,16.397,408.076,408.076,6899.851
1.0908,15.236,15.236,407.634,407.634,6899.842
1.0909,14.066,14.066,407.159,407.159,6899.832
1.091,12.913,12.913,406.664,406.664,6899.823
1.0911,11.239,11.239,406.142,406.142,6899.815
1.0912,9.868,9.868,405.585,405.585,6899.808
1.0913,8.832,8.832,405.006,405.006,6899.801
1.0914,7.535,7.535,404.41,404.41,6899.796
1.0915,6.329,6.329,403.8,403.8,6899.791
1.0916,4.903,4.903,403.177,403.177,6899.787
1.0917,3.251,3.251,402.54,402.54,6899.784
1.0918,1.852,1.852,401.891,401.891,6899.782
1.0919,0.589,0.589,401.234,401.234,6899.781
1.092,0.833,0.833,400.572,400.572,6899.781
1.0921,-0.08,-0.08,399.909,399.909,6899.782
1.0922,-1.473,-1.473,399.245,399.245,6899.784
1.0923,-2.163,-2.163,398.582,398.582,6899.786
1.0924,-3.196,-3.196,397.923,397.923,6899.789
1.0925,-4.576,-4.576,397.27,397.27,6899.793
1.0926,-5.356,-5.356,396.628,396.628,6899.798
1.0927,-6.544,-6.544,395.991,395.991,6899.803
1.0928,-8.069,-8.069,395.365,395.365,6899.809
1.0929,-9.415,-9.415,394.756,394.756,6899.815
1.093,-10.863,-10.863,394.169,394.169,6899.822
1.0931,-12.024,-12.024,393.606,393.606,6899.83
1.0932,-13.124,-13.124,393.055,393.055,6899.839
1.0933,-14.791,-14.791,392.521,392.521,6899.847
1.0934,-16.334,-16.334,392.025,392.025,6899.857
1.0935,-17.993,-17.993,391.58,391.58,6899.866
1.0936,-18.795,-18.795,391.188,391.188,6899.877
1.0937,-19.713,-19.713,390.811,390.811,6899.888
1.0938,-21.09,-21.09,390.453,390.453,6899.9
1.0939,-22.752,-22.752,390.136,390.136,6899.911
1.094,-24.187,-24.187,389.878,389.878,6899.923
1.0941,-25.119,-25.119,389.674,389.674,6899.935
1.0942,-25.947,-25.947,389.502,389.502,6899.947
1.0943,-27.13,-27.13,389.357,389.357,6899.958
1.0944,-28.317,-28.317,389.255,389.255,6899.969
1.0945,-29.481,-29.481,389.202,389.202,6899.981
1.0946,-30.75,-30.75,389.199,389.199,6899.992
1.0947,-31.929,-31.929,389.25,389.25,6900.004
1.0948,-32.719,-32.719,389.355,389.355,6900.014
1.0949,-33.596,-33.596,389.5,389.5,6900.025
1.095,-34.371,-34.371,389.683,389.683,6900.035
1.0951,-35.49,-35.49,389.903,389.903,6900.045
1.0952,-36.523,-36.523,390.173,390.173,6900.054
1.0953,-37.231,-37.231,390.503,390.503,6900.062
1.0954,-37.91,-37.91,390.866,390.866,6900.071
1.0955,-38.564,-38.564,391.251,391.251,6900.078
1.0956,-39.389,-39.389,391.671,391.671,6900.085
1.0957,-40.108,-40.108,392.129,392.129,6900.091
1.0958,-40.535,-40.535,392.645,392.645,6900.097
1.0959,-40.773,-40.773,393.188,393.188,6900.102
1.096,-41.229,-41.229,393.733,393.733,6900.105
1.0961,-41.823,-41.823,394.309,394.309,6900.109
1.0962,-42.148,-42.148,394.911,394.911,6900.111
1.0963,-42.667,-42.667,395.549,395.549,6900.112
1.0964,-42.71,-42.71,396.217,396.217,6900.113
1.0965,-42.848,-42.848,396.873,396.873,6900.114
1.0966,-43.006,-43.006,397.546,397.546,6900.113
1.0967,-42.902,-42.902,398.219,398.219,6900.112
1.0968,-43.144,-43.144,398.898,398.898,6900.11
1.0969,-43.095,-43.095,399.593,399.593,6900.108
1.097,-43.107,-43.107,400.274,400.274,6900.105
1.0971,-43.194,-43.194,400.968,400.968,6900.102
1.0972,-42.853,-42.853,401.659,401.659,6900.098
1.0973,-42.866,-42.866,402.333,402.333,6900.094
1.0974,-42.501,-42.501,403.015,403.015,6900.089
1.0975,-42.409,-42.409,403.673,403.673,6900.085
1.0976,-42.052,-42.052,404.34,404.34,6900.079
1.0977,-41.545,-41.545,404.983,404.983,6900.074
1.0978,-41.462,-41.462,405.585,405.585,6900.068
1.0979,-41.021,-41.021,406.18,406.18,6900.062
1.098,-40.594,-40.594,406.747,406.747,6900.057
1.0981,-40.149,-40.149,407.3,407.3,6900.051
1.0982,-39.507,-39.507,407.822,407.822,6900.045
1.0983,-39.031,-39.031,408.299,408.299,6900.039
1.0984,-38.431,-38.431,408.755,408.755,6900.034
1.0985,-37.983,-37.983,409.181,409.181,6900.028
1.0986,-37.123,-37.123,409.593,409.593,6900.023
1.0987,-36.339,-36.339,409.965,409.965,6900.017
1.0988,-35.55,-35.55,410.292,410.292,6900.013
1.0989,-34.856,-34.856,410.581,410.581,6900.008
1.099,-34.066,-34.066,410.836,410.836,6900.003
1.0991,-33.131,-33.131,411.054,411.054,6899.999
1.0992,-32.214,-32.214,411.229,411.229,6899.995
1.0993,-31.261,-31.261,411.363,411.363,6899.991
1.0994,-30.193,-30.193,411.453,411.453,6899.988
1.0995,-29.198,-29.198,411.494,411.494,6899.985
1.0996,-28.137,-28.137,411.488,411.488,6899.982
1.0997,-27.35,-27.35,411.443,411.443,6899.98
1.0998,-26.38,-26.38,411.373,411.373,6899.978
1.0999,-25.166,-25.166,411.27,411.27,6899.976
1.1,-23.893,-23.893,411.115,411.115,6899.975
1.1001,-23.004,-23.004,410.907,410.907,6899.975
1.1002,-22.141,-22.141,410.667,410.667,6899.976
1.1003,-21.297,-21.297,410.411,410.411,6899.977
1.1004,-20.005,-20.005,410.135,410.135,6899.978
1.1005,-18.458,-18.458,409.804,409.804,6899.979
1.1006,-17.296,-17.296,409.415,409.415,6899.981
1.1007,-16.159,-16.159,408.991,408.991,6899.982
1.1008,-15.286,-15.286,408.543,408.543,6899.983
1.1009,-13.886,-13.886,408.078,408.078,6899.984
1.101,-12.341,-12.341,407.58,407.58,6899.985
1.1011,-11.514,-11.514,407.047,407.047,6899.986
1.1012,-10.174,-10.174,406.498,406.498,6899.987
1.1013,-9.055,-9.055,405.93,405.93,6899.988
1.1014,-7.701,-7.701,405.348,405.348,6899.989
1.1015,-6.076,-6.076,404.746,404.746,6899.989
1.1016,-4.849,-4.849,404.124,404.124,6899.99
1.1017,-3.55,-3.55,403.488,403.488,6899.991
1.1018,-2.168,-2.168,402.841,402.841,6899.991
1.1019,-0.886,-0.886,402.186,402.186,6899.992
1.102,-0.105,-0.105,401.526,401.526,6899.993
1.1021,-0.0,-0.0,400.864,400.864,6899.993
1.1022,1.388,1.388,400.202,400.202,6899.994
1.1023,2.802,2.802,399.54,399.54,6899.994
1.1024,2.776,2.776,398.885,398.885,6899.994
1.1025,3.729,3.729,398.23,398.23,6899.995
1.1026,5.025,5.025,397.58,397.58,6899.995
1.1027,6.247,6.247,396.939,396.939,6899.995
1.1028,7.84,7.84,396.311,396.311,6899.996
1.1029,9.188,9.188,395.703,395.703,6899.996
1.103,10.374,10.374,395.113,395.113,6899.996
1.1031,11.538,11.538,394.534,394.534,6899.997
1.1032,13.069,13.069,393.981,393.981,6899.997
1.1033,14.846,14.846,393.462,393.462,6899.997
1.1034,16.306,16.306,392.995,392.995,6899.997
1.1035,17.069,17.069,392.559,392.559,6899.997
1.1036,18.308,18.308,392.132,392.132,6899.998
1.1037,19.766,19.766,391.734,391.734,6899.998
1.1038,21.623,21.262,391.383,391.383,6899.998
1.1039,22.442,22.442,391.091,391.091,6899.998
1.104,23.388,23.388,390.836,390.836,6899.998
1.1041,24.354,24.354,390.604,390.604,6899.998
1.1042,25.465,25.465,390.401,390.401,6899.998
1.1043,26.842,26.842,390.239,390.239,6899.999
1.1044,27.978,27.978,390.135,390.135,6899.999
1.1045,29.065,29.065,390.079,390.079,6899.999
1.1046,29.872,29.872,390.071,390.071,6899.999
1.1047,30.788,30.788,390.102,390.102,6899.999
1.1048,31.737,31.737,390.177,390.177,6899.999
1.1049,32.703,32.703,390.295,390.295,6899.999
1.105,33.511,33.511,390.459,390.459,6899.999
1.1051,34.483,34.483,390.671,390.671,6899.999
1.1052,35.289,35.289,390.928,390.928,6899.999
1.1053,36.121,36.121,391.214,391.214,6899.999
1.1054,37.077,37.077,391.527,391.527,6899.999
1.1055,37.715,37.715,391.884,391.884,6899.999
1.1056,38.533,38.533,392.284,392.284,6899.999
1.1057,38.887,38.887,392.735,392.735,6899.999
1.1058,39.381,39.381,393.2,393.2,6899.999
1.1059,40.116,40.116,393.684,393.684,6900.0
1.106,40.666,40.666,394.211,394.211,6900.0
1.1061,41.236,41.236,394.773,394.773,6900.0
1.1062,41.484,41.484,395.384,395.384,6900.0
1.1063,41.355,41.355,396.007,396.007,6900.0
1.1064,41.693,41.693,396.623,396.623,6900.0
1.1065,41.734,41.734,397.257,397.257,6900.0
1.1066,42.015,42.015,397.886,397.886,6900.0
1.1067,41.992,41.992,398.543,398.543,6900.0
1.1068,41.903,41.903,399.19,399.19,6900.0
1.1069,42.17,42.17,399.831,399.831,6900.0
1.107,42.209,42.209,400.485,400.485,6900.0
1.1071,42.273,42.273,401.131,401.131,6900.0
1.1072,42.258,42.258,401.795,401.795,6900.0
1.1073,41.84,41.84,402.459,402.459,6900.0
1.1074,41.848,41.848,403.111,403.111,6900.0
1.1075,41.383,41.383,403.769,403.769,6900.0
1.1076,40.955,40.955,404.394,404.394,6900.0
1.1077,40.819,40.819,405.003,405.003,6900.0
1.1078,40.538,40.388,405.594,405.594,6900.0
1.1079,40.17,40.17,406.165,406.165,6900.0
1.108,39.586,39.586,406.722,406.722,6900.0
1.1081,39.223,39.223,407.231,407.231,6900.0
1.1082,39.064,39.064,407.711,407.711,6900.0
1.1083,38.348,38.348,408.176,408.176,6900.0
1.1084,37.817,37.817,408.618,408.618,6900.0
1.1085,37.043,37.043,409.036,409.036,6900.0
1.1086,36.235,36.235,409.417,409.417,6900.0
1.1087,35.556,35.556,409.756,409.756,6900.0
1.1088,34.866,34.866,410.063,410.063,6900.0
1.1089,34.13,34.13,410.344,410.344,6900.0
1.109,33.284,33.284,410.59,410.59,6900.0
1.1091,32.369,32.369,410.795,410.795,6900.0
1.1092,31.405,31.405,410.956,410.956,6900.0
1.1093,30.63,30.63,411.067,411.067,6900.0
1.1094,29.757,29.757,411.135,411.135,6900.0
1.1095,28.819,28.819,411.163,411.163,6900.0
1.1096,28.012,28.012,411.154,411.154,6900.0
1.1097,26.971,26.971,411.119,411.119,6900.0
1.1098,25.772,25.772,411.041,411.041,6900.0
1.1099,24.65,24.65,410.906,410.906,6900.0
1.11,23.839,23.839,410.73,410.73,6900.0
1.1101,23.203,23.203,410.531,410.531,6900.0
1.1102,22.071,22.071,410.32,410.32,6900.0
1.1103,20.384,20.384,410.069,410.069,6900.0
1.1104,19.005,19.005,409.749,409.749,6900.0
1.1105,18.145,18.145,409.382,409.382,6900.0
1.1106,17.526,17.526,408.99,408.99,6900.0
1.1107,16.59,16.59,408.587,408.587,6900.0
1.1108,14.953,14.953,408.16,408.16,6900.0
1.1109,13.414,13.414,407.686,407.686,6900.0
1.111,12.39,12.39,407.18,407.18,6900.0
1.1111,11.402,11.402,406.652,406.652,6900.0
1.1112,10.225,10.225,406.109,406.109,6900.0
1.1113,8.765,8.765,405.546,405.546,6900.0
1.1114,7.279,7.279,404.956,404.956,6900.0
1.1115,5.797,5.797,404.346,404.346,6900.0
1.1116,4.5,4.5,403.718,403.718,6900.0
1.1117,3.168,3.168,403.079,403.079,6900.0
1.1118,1.818,1.818,402.429,402.429,6900.0
1.1119,0.619,0.619,401.773,401.773,6900.0
1.112,0.0,0.0,401.112,401.112,6900.0
1.1121,0.0,0.0,400.45,400.45,6900.0
1.1122,-1.233,-1.233,399.786,399.786,6900.0
1.1123,-2.409,-2.409,399.125,399.125,6900.0
1.1124,-2.858,-2.858,398.465,398.465,6900.0
1.1125,-4.25,-4.25,397.809,397.809,6900.0
1.1126,-5.463,-5.463,397.16,397.16,6900.0
1.1127,-6.964,-6.964,396.524,396.524,6900.0
1.1128,-7.798,-7.798,395.905,395.905,6900.0
1.1129,-8.911,-8.911,395.294,395.294,6900.0
1.113,-10.476,-10.476,394.698,394.698,6900.0
1.1131,-11.9,-11.9,394.127,394.127,6900.0
1.1132,-13.493,-13.493,393.59,393.59,6900.0
1.1133,-14.47,-14.47,393.089,393.089,6900.0
1.1134,-15.464,-15.464,392.6,392.6,6900.0
1.1135,-16.897,-16.897,392.127,392.127,6900.0
1.1136,-18.544,-18.544,391.693,391.693,6900.0
1.1137,-20.021,-20.021,391.316,391.316,6900.0
1.1138,-21.131,-21.131,390.99,390.99,6900.0
1.1139,-22.264,-21.912,390.691,390.691,6900.0
1.114,-23.035,-23.035,390.41,390.41,6900.0
1.1141,-24.444,-24.444,390.165,390.165,6900.0
1.1142,-25.641,-25.641,389.971,389.971,6900.0
1.1143,-26.731,-26.731,389.825,389.825,6900.0
1.1144,-27.921,-27.921,389.718,389.718,6900.0
1.1145,-28.998,-28.998,389.654,389.654,6900.0
1.1146,-29.954,-29.954,389.635,389.635,6900.0
1.1147,-30.943,-30.943,389.66,389.66,6900.0
1.1148,-32.02,-32.02,389.733,389.733,6900.0
1.1149,-33.093,-33.093,389.861,389.861,6900.0
1.115,-33.764,-33.764,390.046,390.046,6900.0
1.1151,-34.547,-34.547,390.266,390.266,6900.0
1.1152,-35.255,-35.255,390.515,390.515,6900.0
1.1153,-36.17,-36.17,390.799,390.799,6900.0
1.1154,-36.835,-36.835,391.122,391.122,6900.0
1.1155,-37.53,-37.53,391.491,391.491,6900.0
1.1156,-38.072,-38.072,391.891,391.891,6900.0
1.1157,-38.607,-38.607,392.308,392.308,6900.0
1.1158,-39.351,-39.351,392.756,392.756,6900.0
1.1159,-39.914,-39.914,393.238,393.238,6900.0
1.116,-40.436,-40.436,393.774,393.774,6900.0
1.1161,-40.69,-40.69,394.345,394.345,6900.0
1.1162,-40.982,-40.982,394.918,394.918,6900.0
1.1163,-41.266,-41.266,395.52,395.52,6900.0
1.1164,-41.412,-41.412,396.132,396.132,6900.0
1.1165,-41.803,-41.803,396.766,396.766,6900.0
1.1166,-41.811,-41.811,397.419,397.419,6900.0
1.1167,-41.889,-41.889,398.058,398.058,6900.0
1.1168,-41.957,-41.957,398.705,398.705,6900.0
1.1169,-41.892,-41.892,399.347,399.347,6900.0
1.117,-42.13,-42.13,399.987,399.987,6900.0
1.1171,-41.964,-41.964,400.647,400.647,6900.0
1.1172,-41.786,-41.786,401.291,401.291,6900.0
1.1173,-41.787,-41.787,401.944,401.944,6900.0
1.1174,-41.373,-41.373,402.592,402.592,6900.0
1.1175,-41.114,-41.114,403.217,403.217,6900.0
1.1176,-40.905,-40.905,403.838,403.838,6900.0
1.1177,-40.756,-40.756,404.44,404.44,6900.0
1.1178,-40.289,-40.289,405.046,405.046,6900.0
1.1179,-39.836,-39.68,405.62,405.62,6900.0
1.118,-39.385,-39.385,406.144,406.144,6900.0
1.1181,-38.93,-38.93,406.654,406.654,6900.0
1.1182,-38.589,-38.589,407.132,407.132,6900.0
1.1183,-38.045,-38.045,407.598,407.598,6900.0
1.1184,-37.303,-37.303,408.034,408.034,6900.0
1.1185,-36.588,-36.588,408.424,408.424,6900.0
1.1186,-36.134,-36.134,408.782,408.782,6900.0
1.1187,-35.649,-35.649,409.117,409.117,6900.0
1.1188,-34.912,-34.912,409.432,409.432,6900.0
1.1189,-34.084,-34.084,409.714,409.714,6900.0
1.119,-33.134,-33.134,409.953,409.953,6900.0
1.1191,-32.366,-32.366,410.148,410.148,6900.0
1.1192,-31.477,-31.477,410.305,410.305,6900.0
1.1193,-30.543,-30.543,410.42,410.42,6900.0
1.1194,-29.712,-29.712,410.495,410.495,6900.0
1.1195,-28.986,-28.986,410.534,410.534,6900.0
1.1196,-27.633,-27.633,410.538,410.538,6900.0
1.1197,-26.485,-26.485,410.484,410.484,6900.0
1.1198,-25.496,-25.496,410.382,410.382,6900.0
1.1199,-24.602,-24.602,410.243,410.243,6900.0
1.12,-23.854,-23.854,410.081,410.081,6900.0
1.1201,-22.682,-22.682,409.895,409.895,6900.0
1.1202,-21.356,-21.356,409.656,409.656,6900.0
1.1203,-20.406,-20.406,409.362,409.362,6900.0
1.1204,-19.654,-19.654,409.038,409.038,6900.0
1.1205,-18.858,-18.858,408.701,408.701,6900.0
1.1206,-17.182,-17.182,408.35,408.35,6900.0
1.1207,-15.525,-15.525,407.949,407.949,6900.0
1.1208,-14.477,-14.477,407.497,407.497,6900.0
1.1209,-13.313,-13.313,407.017,407.017,6900.0
1.121,-12.463,-12.463,406.509,406.509,6900.0
1.1211,-11.329,-11.329,405.985,405.985,6900.0
1.1212,-9.941,-9.941,405.433,405.433,6900.0
1.1213,-8.829,-8.829,404.854,404.854,6900.0
1.1214,-7.523,-7.523,404.257,404.257,6900.0
1.1215,-6.417,-6.417,403.644,403.644,6900.0
1.1216,-5.004,-5.004,403.02,403.02,6900.0
1.1217,-3.614,-3.614,402.383,402.383,6900.0
1.1218,-2.22,-2.22,401.735,401.735,6900.0
1.1219,-1.304,-1.151,401.078,401.078,6900.0
1.122,-1.202,-1.202,400.417,400.417,6900.0
1.1221,0.039,0.039,399.754,399.754,6900.0
1.1222,0.825,0.825,399.089,399.089,6900.0
1.1223,2.138,2.138,398.426,398.426,6900.0
1.1224,2.529,2.529,397.765,397.765,6900.0
1.1225,3.926,3.926,397.108,397.108,6900.0
1.1226,5.108,5.108,396.463,396.463,6900.0
1.1227,6.221,6.221,395.827,395.827,6900.0
1.1228,7.577,7.577,395.199,395.199,6900.0
1.1229,8.797,8.797,394.588,394.588,6900.0
1.123,10.392,10.392,393.993,393.993,6900.0
1.1231,11.579,11.579,393.428,393.428,6900.0
1.1232,12.604,12.604,392.88,392.88,6900.0
1.1233,14.148,14.148,392.343,392.343,6900.0
1.1234,15.82,15.82,391.836,391.836,6900.0
1.1235,17.467,17.467,391.372,391.372,6900.0
1.1236,18.81,18.81,390.967,390.967,6900.0
1.1237,19.499,19.499,390.599,390.599,6900.0
1.1238,20.648,20.648,390.242,390.242,6900.0
1.1239,22.01,22.01,389.916,389.916,6900.0
1.124,23.452,23.452,389.638,389.638,6900.0
1.1241,24.652,24.652,389.419,389.419,6900.0
1.1242,25.552,25.552,389.243,389.243,6900.0
1.1243,26.533,26.533,389.097,389.097,6900.0
1.1244,27.562,27.562,388.986,388.986,6900.0
1.1245,28.549,28.549,388.917,388.917,6900.0
1.1246,29.597,29.597,388.893,388.893,6900.0
1.1247,30.682,30.682,388.916,388.916,6900.0
1.1248,31.617,31.617,388.99,388.99,6900.0
1.1249,32.494,32.494,389.108,389.108,6900.0
1.125,33.385,33.385,389.263,389.263,6900.0
1.1251,34.348,34.348,389.454,389.454,6900.0
1.1252,35.01,35.01,389.693,389.693,6900.0
1.1253,36.08,36.08,389.976,389.976,6900.0
1.1254,36.712,36.712,390.314,390.314,6900.0
1.1255,37.346,37.346,390.676,390.676,6900.0
1.1256,38.074,38.074,391.062,391.062,6900.0
1.1257,38.693,38.693,391.487,391.487,6900.0
1.1258,39.362,39.362,391.953,391.953,6900.0
1.1259,39.676,39.676,392.466,392.466,6900.0
1.126,39.954,39.954,392.994,392.994,6900.0
1.1261,40.49,40.49,393.529,393.529,6900.0
1.1262,40.925,40.925,394.097,394.097,6900.0
1.1263,41.453,41.453,394.685,394.685,6900.0
1.1264,41.718,41.718,395.315,395.315,6900.0
1.1265,41.609,41.609,395.953,395.953,6900.0
1.1266,42.112,42.112,396.583,396.583,6900.0
1.1267,42.057,42.057,397.236,397.236,6900.0
1.1268,42.274,42.274,397.88,397.88,6900.0
1.1269,42.403,42.403,398.547,398.547,6900.0
1.127,42.213,42.213,399.216,399.216,6900.0
1.1271,42.246,42.246,399.879,399.879,6900.0
1.1272,42.054,42.054,400.547,400.547,6900.0
1.1273,41.914,41.914,401.196,401.196,6900.0
1.1274,41.728,41.728,401.849,401.849,6900.0
1.1275,41.465,41.465,402.489,402.489,6900.0
1.1276,41.243,41.243,403.123,403.123,6900.0
1.1277,40.81,40.81,403.747,403.747,6900.0
1.1278,40.469,40.469,404.335,404.335,6900.0
1.1279,40.352,40.352,404.9,404.9,6900.0
1.128,40.025,39.862,405.449,405.449,6900.0
1.1281,39.451,39.451,405.978,405.978,6900.0
1.1282,38.73,38.73,406.488,406.488,6900.0
1.1283,38.025,38.025,406.953,406.953,6900.0
1.1284,37.53,37.53,407.379,407.379,6900.0
1.1285,36.935,36.935,407.781,407.781,6900.0
1.1286,36.466,36.466,408.162,408.162,6900.0
1.1287,35.727,35.727,408.519,408.519,6900.0
1.1288,35.014,35.014,408.837,408.837,6900.0
1.1289,34.151,34.151,409.114,409.114,6900.0
1.129,33.336,33.336,409.351,409.351,6900.0
1.1291,32.636,32.636,409.549,409.549,6900.0
1.1292,31.666,31.666,409.713,409.713,6900.0
1.1293,30.835,30.835,409.834,409.834,6900.0
1.1294,29.793,29.793,409.919,409.919,6900.0
1.1295,28.883,28.883,409.954,409.954,6900.0
1.1296,27.879,27.879,409.942,409.942,6900.0
1.1297,26.864,26.864,409.889,409.889,6900.0
1.1298,26.032,26.032,409.803,409.803,6900.0
1.1299,25.029,25.029,409.696,409.696,6900.0
1.13,23.888,23.888,409.545,409.545,6900.0
1.1301,22.725,22.725,409.339,409.339,6900.0
1.1302,21.932,21.932,409.088,409.088,6900.0
1.1303,21.079,21.079,408.816,408.816,6900.0
1.1304,19.947,19.947,408.532,408.532,6900.0
1.1305,18.321,18.321,408.211,408.211,6900.0
1.1306,16.938,16.938,407.827,407.827,6900.0
1.1307,15.827,15.827,407.402,407.402,6900.0
1.1308,14.932,14.932,406.944,406.944,6900.0
1.1309,13.971,13.971,406.47,406.47,6900.0
1.131,12.552,12.552,405.973,405.973,6900.0
1.1311,11.184,11.184,405.44,405.44,6900.0
1.1312,9.988,9.988,404.885,404.885,6900.0
1.1313,8.881,8.881,404.309,404.309,6900.0
1.1314,7.743,7.743,403.72,403.72,6900.0
1.1315,6.137,6.137,403.116,403.116,6900.0
1.1316,4.674,4.674,402.492,402.492,6900.0
1.1317,3.414,3.414,401.853,401.853,6900.0
1.1318,1.984,1.984,401.203,401.203,6900.0
1.1319,0.786,0.786,400.545,400.545,6900.0
1.132,0.173,0.0,399.883,399.883,6900.0
1.1321,0.0,0.0,399.219,399.219,6900.0
1.1322,-1.363,-1.363,398.553,398.553,6900.0
1.1323,-2.027,-2.027,397.889,397.889,6900.0
1.1324,-3.052,-3.052,397.229,397.229,6900.0
1.1325,-4.076,-4.076,396.574,396.574,6900.0
1.1326,-5.115,-5.115,395.924,395.924,6900.0
1.1327,-6.664,-6.664,395.282,395.282,6900.0
1.1328,-7.978,-7.978,394.652,394.652,6900.0
1.1329,-9.309,-9.309,394.042,394.042,6900.0
1.133,-10.508,-10.508,393.452,393.452,6900.0
1.1331,-11.634,-11.634,392.874,392.874,6900.0
1.1332,-13.312,-13.312,392.316,392.316,6900.0
1.1333,-14.67,-14.67,391.793,391.793,6900.0
1.1334,-16.152,-16.152,391.315,391.315,6900.0
1.1335,-16.997,-16.997,390.881,390.881,6900.0
1.1336,-18.091,-18.091,390.46,390.46,6900.0
1.1337,-19.508,-19.508,390.058,390.058,6900.0
1.1338,-21.036,-21.036,389.695,389.695,6900.0
1.1339,-22.494,-22.494,389.387,389.387,6900.0
1.134,-23.579,-23.579,389.131,389.131,6900.0
1.1341,-24.533,-24.533,388.906,388.906,6900.0
1.1342,-25.748,-25.748,388.707,388.707,6900.0
1.1343,-27.077,-27.077,388.55,388.55,6900.0
1.1344,-28.223,-28.223,388.448,388.448,6900.0
1.1345,-29.185,-29.185,388.397,388.397,6900.0
1.1346,-30.466,-30.466,388.393,388.393,6900.0
1.1347,-31.413,-31.413,388.444,388.444,6900.0
1.1348,-32.541,-32.541,388.535,388.535,6900.0
1.1349,-33.532,-33.532,388.672,388.672,6900.0
1.135,-34.37,-34.37,388.855,388.855,6900.0
1.1351,-35.294,-35.294,389.08,389.08,6900.0
1.1352,-35.987,-35.987,389.357,389.357,6900.0
1.1353,-36.685,-36.685,389.668,389.668,6900.0
1.1354,-37.418,-37.418,390.002,390.002,6900.0
1.1355,-38.17,-38.17,390.371,390.371,6900.0
1.1356,-38.911,-38.911,390.777,390.777,6900.0
1.1357,-39.536,-39.536,391.239,391.239,6900.0
1.1358,-39.973,-39.973,391.737,391.737,6900.0
1.1359,-40.386,-40.386,392.247,392.247,6900.0
1.136,-41.061,-41.061,392.785,392.785,6900.0
1.1361,-41.476,-41.476,393.355,393.355,6900.0
1.1362,-41.972,-41.972,393.969,393.969,6900.0
1.1363,-42.083,-42.083,394.612,394.612,6900.0
1.1364,-42.267,-42.267,395.248,395.248,6900.0
1.1365,-42.471,-42.471,395.901,395.901,6900.0
1.1366,-42.428,-42.428,396.556,396.556,6900.0
1.1367,-42.808,-42.808,397.22,397.22,6900.0
1.1368,-42.875,-42.875,397.903,397.903,6900.0
1.1369,-42.943,-42.943,398.575,398.575,6900.0
1.137,-43.012,-43.012,399.26,399.26,6900.0
1.1371,-42.721,-42.721,399.943,399.943,6900.0
1.1372,-42.813,-42.813,400.615,400.615,6900.0
1.1373,-42.494,-42.494,401.301,401.301,6900.0
1.1374,-42.537,-42.537,401.966,401.966,6900.0
1.1375,-42.4,-42.4,402.644,402.644,6900.0
1.1376,-41.777,-41.777,403.309,403.309,6900.0
1.1377,-41.541,-41.541,403.934,403.934,6900.0
1.1378,-41.031,-41.031,404.55,404.55,6900.0
1.1379,-40.706,-40.706,405.132,405.132,6900.0
1.138,-40.286,-40.286,405.704,405.704,6900.0
1.1381,-39.976,-39.806,406.246,406.246,6900.0
1.1382,-39.431,-39.431,406.744,406.744,6900.0
1.1383,-38.748,-38.748,407.228,407.228,6900.0
1.1384,-38.163,-38.163,407.675,407.675,6900.0
1.1385,-37.397,-37.397,408.106,408.106,6900.0
1.1386,-36.898,-36.898,408.5,408.5,6900.0
1.1387,-36.105,-36.105,408.858,408.858,6900.0
1.1388,-35.377,-35.377,409.18,409.18,6900.0
1.1389,-34.741,-34.741,409.466,409.466,6900.0
1.139,-33.894,-33.894,409.724,409.724,6900.0
1.1391,-33.108,-33.108,409.942,409.942,6900.0
1.1392,-32.21,-32.21,410.121,410.121,6900.0
1.1393,-31.2,-31.2,410.254,410.254,6900.0
1.1394,-30.342,-30.342,410.336,410.336,6900.0
1.1395,-29.293,-29.293,410.377,410.377,6900.0
1.1396,-28.398,-28.398,410.376,410.376,6900.0
1.1397,-27.545,-27.545,410.345,410.345,6900.0
1.1398,-26.381,-26.381,410.281,410.281,6900.0
1.1399,-25.112,-25.112,410.168,410.168,6900.0
1.14,-24.283,-24.283,410.0,410.0,6900.0
1.1401,-23.371,-23.371,409.803,409.803,6900.0
1.1402,-22.586,-22.586,409.586,409.586,6900.0
1.1403,-21.285,-21.285,409.348,409.348,6900.0
1.1404,-19.651,-19.651,409.052,409.052,6900.0
1.1405,-18.573,-18.573,408.694,408.694,6900.0
1.1406,-17.706,-17.706,408.301,408.301,6900.0
1.1407,-16.814,-16.814,407.889,407.889,6900.0
1.1408,-15.424,-15.424,407.462,407.462,6900.0
1.1409,-13.906,-13.906,406.998,406.998,6900.0
1.141,-12.676,-12.676,406.497,406.497,6900.0
1.1411,-11.548,-11.548,405.972,405.972,6900.0
1.1412,-10.617,-10.617,405.427,405.427,6900.0
1.1413,-9.025,-9.025,404.869,404.869,6900.0
1.1414,-7.402,-7.402,404.284,404.284,6900.0
1.1415,-6.163,-6.163,403.674,403.674,6900.0
1.1416,-4.784,-4.784,403.048,403.048,6900.0
1.1417,-3.383,-3.383,402.408,402.408,6900.0
1.1418,-2.109,-2.109,401.758,401.758,6900.0
1.1419,-0.997,-0.997,401.1,401.1,6900.0
1.142,-0.209,-0.209,400.439,400.439,6900.0
1.1421,-0.0,-0.0,399.776,399.776,6900.0
1.1422,1.301,1.301,399.111,399.111,6900.0
1.1423,1.72,1.72,398.448,398.448,6900.0
1.1424,2.511,2.511,397.786,397.786,6900.0
1.1425,3.881,3.881,397.127,397.127,6900.0
1.1426,5.044,5.044,396.475,396.475,6900.0
1.1427,6.732,6.732,395.833,395.833,6900.0
1.1428,7.774,7.774,395.211,395.211,6900.0
1.1429,8.827,8.827,394.6,394.6,6900.0
1.143,10.435,10.435,394.0,394.0,6900.0
1.1431,11.727,11.727,393.428,393.428,6900.0
1.1432,13.251,13.251,392.884,392.884,6900.0
1.1433,14.756,14.756,392.38,392.38,6900.0
1.1434,15.751,15.751,391.905,391.905,6900.0
1.1435,17.153,17.153,391.439,391.439,6900.0
1.1436,18.67,18.67,391.005,391.005,6900.0
1.1437,20.306,20.306,390.618,390.618,6900.0
1.1438,21.46,21.46,390.294,390.294,6900.0
1.1439,22.389,22.389,390.006,390.006,6900.0
1.144,23.394,23.394,389.736,389.736,6900.0
1.1441,24.86,24.86,389.494,389.494,6900.0
1.1442,26.017,26.017,389.303,389.303,6900.0
1.1443,27.069,27.069,389.163,389.163,6900.0
1.1444,28.19,28.19,389.068,389.068,6900.0
1.1445,29.316,29.316,389.014,389.014,6900.0
1.1446,30.15,30.15,389.006,389.006,6900.0
1.1447,31.076,31.076,389.041,389.041,6900.0
1.1448,32.08,32.08,389.12,389.12,6900.0
1.1449,32.944,32.944,389.248,389.248,6900.0
1.145,33.927,33.927,389.425,389.425,6900.0
1.1451,34.695,34.695,389.651,389.651,6900.0
1.1452,35.473,35.473,389.909,389.909,6900.0
1.1453,36.278,36.278,390.194,390.194,6900.0
1.1454,36.815,36.815,390.519,390.519,6900.0
1.1455,37.823,37.823,390.879,390.879,6900.0
1.1456,38.398,38.398,391.291,391.291,6900.0
1.1457,39.01,39.01,391.725,391.725,6900.0
1.1458,39.67,39.67,392.18,392.18,6900.0
1.1459,40.1,40.1,392.675,392.675,6900.0
1.146,40.876,40.876,393.204,393.204,6900.0
1.1461,41.392,41.259,393.788,393.788,6900.0
1.1462,41.422,41.422,394.39,394.39,6900.0
1.1463,42.069,42.069,394.996,394.996,6900.0
1.1464,42.239,42.239,395.637,395.637,6900.0
1.1465,42.511,42.511,396.283,396.283,6900.0
1.1466,42.618,42.618,396.96,396.96,6900.0
1.1467,42.479,42.479,397.633,397.633,6900.0
1.1468,42.652,42.652,398.295,398.295,6900.0
1.1469,42.69,42.69,398.966,398.966,6900.0
1.147,42.729,42.729,399.626,399.626,6900.0
1.1471,42.79,42.79,400.303,400.303,6900.0
1.1472,42.581,42.581,400.979,400.979,6900.0
1.1473,42.524,42.524,401.652,401.652,6900.0
1.1474,42.205,42.205,402.328,402.328,6900.0
1.1475,41.868,41.868,402.977,402.977,6900.0
1.1476,41.71,41.71,403.617,403.617,6900.0
1.1477,41.267,41.267,404.243,404.243,6900.0
1.1478,41.051,41.051,404.856,404.856,6900.0
1.1479,40.452,40.452,405.455,405.455,6900.0
1.148,39.834,39.834,406.011,406.011,6900.0
1.1481,39.558,39.558,406.533,406.533,6900.0
1.1482,39.177,39.177,407.03,407.03,6900.0
1.1483,38.886,38.886,407.511,407.511,6900.0
1.1484,38.2,38.2,407.973,407.973,6900.0
1.1485,37.416,37.416,408.395,408.395,6900.0
1.1486,36.703,36.703,408.776,408.776,6900.0
1.1487,35.996,35.996,409.122,409.122,6900.0
1.1488,35.392,35.392,409.442,409.442,6900.0
1.1489,34.664,34.664,409.734,409.734,6900.0
1.149,33.801,33.801,409.99,409.99,6900.0
1.1491,32.971,32.971,410.201,410.201,6900.0
1.1492,32.079,32.079,410.372,410.372,6900.0
1.1493,31.047,31.047,410.502,410.502,6900.0
1.1494,30.113,30.113,410.588,410.588,6900.0
1.1495,29.275,29.275,410.635,410.635,6900.0
1.1496,28.13,28.13,410.649,410.649,6900.0
1.1497,27.018,27.018,410.614,410.614,6900.0
1.1498,25.983,25.983,410.522,410.522,6900.0
1.1499,25.289,25.289,410.388,410.388,6900.0
1.15,24.455,24.455,410.231,410.231,6900.0
1.1501,23.237,23.237,410.057,410.057,6900.0
1.1502,21.872,21.872,409.838,409.838,6900.0
1.1503,20.621,20.621,409.557,409.557,6900.0
1.1504,19.702,19.702,409.233,409.233,6900.0
1.1505,18.917,18.917,408.885,408.885,6900.0
1.1506,17.912,17.912,408.528,408.528,6900.0
1.1507,16.208,16.208,408.142,408.142,6900.0
1.1508,14.91,14.91,407.702,407.702,6900.0
1.1509,13.943,13.943,407.229,407.229,6900.0
1.151,12.905,12.905,406.728,406.728,6900.0
1.1511,11.545,11.545,406.21,406.21,6900.0
1.1512,10.035,10.035,405.665,405.665,6900.0
1.1513,8.533,8.533,405.09,405.09,6900.0
1.1514,7.517,7.517,404.493,404.493,6900.0
1.1515,6.068,6.068,403.881,403.881,6900.0
1.1516,4.885,4.885,403.254,403.254,6900.0
1.1517,3.436,3.436,402.616,402.616,6900.0
1.1518,1.938,1.938,401.967,401.967,6900.0
1.1519,0.845,0.845,401.31,401.31,6900.0
1.152,0.872,0.872,400.649,400.649,6900.0
1.1521,-0.1,-0.1,399.986,399.986,6900.0
1.1522,-0.898,-0.92,399.322,399.322,6900.0
1.1523,-2.222,-2.222,398.658,398.658,6900.0
1.1524,-2.961,-2.961,397.998,397.998,6900.0
1.1525,-4.077,-4.077,397.342,397.342,6900.0
1.1526,-5.574,-5.574,396.696,396.696,6900.0
1.1527,-6.599,-6.599,396.063,396.063,6900.0
1.1528,-7.864,-7.864,395.438,395.438,6900.0
1.1529,-9.418,-9.418,394.827,394.827,6900.0
1.153,-10.831,-10.831,394.237,394.237,6900.0
1.1531,-12.23,-12.23,393.675,393.675,6900.0
1.1532,-13.307,-13.307,393.141,393.141,6900.0
1.1533,-14.311,-14.311,392.62,392.62,6900.0
1.1534,-15.842,-15.842,392.116,392.116,6900.0
1.1535,-17.382,-17.382,391.65,391.65,6900.0
1.1536,-18.772,-18.772,391.238,391.238,6900.0
1.1537,-19.692,-19.692,390.874,390.874,6900.0
1.1538,-20.738,-20.738,390.528,390.528,6900.0
1.1539,-22.181,-22.181,390.207,390.207,6900.0
1.154,-23.525,-23.525,389.927,389.927,6900.0
1.1541,-25.059,-25.059,389.699,389.699,6900.0
1.1542,-26.149,-26.149,389.525,389.525,6900.0
1.1543,-27.082,-27.082,389.39,389.39,6900.0
1.1544,-28.32,-28.32,389.287,389.287,6900.0
1.1545,-29.441,-29.441,389.231,389.231,6900.0
1.1546,-30.631,-30.631,389.223,389.223,6900.0
1.1547,-31.613,-31.613,389.269,389.269,6900.0
1.1548,-32.551,-32.551,389.366,389.366,6900.0
1.1549,-33.336,-33.336,389.512,389.512,6900.0
1.155,-34.28,-34.28,389.695,389.695,6900.0
1.1551,-35.097,-35.097,389.916,389.916,6900.0
1.1552,-36.082,-36.082,390.172,390.172,6900.0
1.1553,-36.836,-36.836,390.476,390.476,6900.0
1.1554,-37.542,-37.542,390.83,390.83,6900.0
1.1555,-38.197,-38.197,391.217,391.217,6900.0
1.1556,-38.772,-38.772,391.624,391.624,6900.0
1.1557,-39.518,-39.518,392.063,392.063,6900.0
1.1558,-40.096,-40.096,392.539,392.539,6900.0
1.1559,-40.633,-40.633,393.068,393.068,6900.0
1.156,-41.015,-41.015,393.631,393.631,6900.0
1.1561,-41.255,-41.255,394.202,394.202,6900.0
1.1562,-41.794,-41.66,394.798,394.798,6900.0
1.1563,-41.865,-41.865,395.411,395.411,6900.0
1.1564,-42.316,-42.316,396.05,396.05,6900.0
1.1565,-42.316,-42.316,396.714,396.714,6900.0
1.1566,-42.439,-42.439,397.363,397.363,6900.0
1.1567,-42.486,-42.486,398.026,398.026,6900.0
1.1568,-42.489,-42.489,398.682,398.682,6900.0
1.1569,-42.74,-42.74,399.344,399.344,6900.0
1.157,-42.596,-42.596,400.024,400.024,6900.0
1.1571,-42.563,-42.563,400.689,400.689,6900.0
1.1572,-42.626,-42.626,401.367,401.367,6900.0
1.1573,-42.283,-42.283,402.041,402.041,6900.0
1.1574,-42.37,-42.37,402.695,402.695,6900.0
1.1575,-41.881,-41.881,403.361,403.361,6900.0
1.1576,-41.655,-41.655,403.998,403.998,6900.0
1.1577,-41.354,-41.354,404.635,404.635,6900.0
1.1578,-40.766,-40.766,405.249,405.249,6900.0
1.1579,-40.461,-40.461,405.818,405.818,6900.0
1.158,-40.061,-40.061,406.37,406.37,6900.0
1.1581,-39.836,-39.836,406.895,406.895,6900.0
1.1582,-39.294,-39.294,407.413,407.413,6900.0
1.1583,-38.555,-38.555,407.899,407.899,6900.0
1.1584,-37.868,-37.868,408.338,408.338,6900.0
1.1585,-37.257,-37.257,408.747,408.747,6900.0
1.1586,-36.749,-36.749,409.126,409.126,6900.0
1.1587,-36.076,-36.076,409.486,409.486,6900.0
1.1588,-35.278,-35.278,409.814,409.814,6900.0
1.1589,-34.535,-34.535,410.097,410.097,6900.0
1.159,-33.717,-33.717,410.345,410.345,6900.0
1.1591,-32.912,-32.912,410.552,410.552,6900.0
1.1592,-32.022,-32.022,410.722,410.722,6900.0
1.1593,-31.154,-31.154,410.852,410.852,6900.0
1.1594,-30.313,-30.313,410.944,410.944,6900.0
1.1595,-29.195,-29.195,410.997,410.997,6900.0
1.1596,-28.038,-28.038,410.998,410.998,6900.0
1.1597,-26.967,-26.967,410.946,410.946,6900.0
1.1598,-25.9,-25.9,410.857,410.857,6900.0
1.1599,-25.111,-25.111,410.738,410.738,6900.0
1.16,-23.781,-23.781,410.593,410.593,6900.0
1.1601,-22.662,-22.662,410.393,410.393,6900.0
1.1602,-21.803,-21.803,410.141,410.141,6900.0
1.1603,-21.075,-21.075,409.86,409.86,6900.0
1.1604,-20.185,-20.185,409.566,409.566,6900.0
1.1605,-18.804,-18.804,409.255,409.255,6900.0
1.1606,-17.061,-17.061,408.892,408.892,6900.0
1.1607,-15.829,-15.829,408.474,408.474,6900.0
1.1608,-14.776,-14.776,408.021,408.021,6900.0
1.1609,-13.898,-13.898,407.543,407.543,6900.0
1.161,-12.599,-12.599,407.048,407.048,6900.0
1.1611,-11.252,-11.252,406.521,406.521,6900.0
1.1612,-10.226,-10.226,405.964,405.964,6900.0
1.1613,-8.838,-8.838,405.39,405.39,6900.0
1.1614,-7.683,-7.683,404.797,404.797,6900.0
1.1615,-6.252,-6.252,404.193,404.193,6900.0
1.1616,-5.13,-5.13,403.571,403.571,6900.0
1.1617,-3.777,-3.777,402.935,402.935,6900.0
1.1618,-2.233,-2.233,402.289,402.289,6900.0
1.1619,-1.121,-1.121,401.634,401.634,6900.0
1.162,-1.065,-1.065,400.973,400.973,6900.0
1.1621,0.125,0.125,400.311,400.311,6900.0
1.1622,1.154,1.154,399.647,399.647,6900.0
1.1623,1.739,1.739,398.985,398.985,6900.0
1.1624,2.913,2.913,398.325,398.325,6900.0
1.1625,3.981,3.981,397.673,397.673,6900.0
1.1626,4.827,4.827,397.026,397.026,6900.0
1.1627,6.265,6.265,396.385,396.385,6900.0
1.1628,7.504,7.504,395.757,395.757,6900.0
1.1629,9.213,9.213,395.143,395.143,6900.0
1.163,10.609,10.609,394.555,394.555,6900.0
1.1631,11.493,11.493,393.985,393.985,6900.0
1.1632,13.076,13.076,393.424,393.424,6900.0
1.1633,14.541,14.541,392.895,392.895,6900.0
1.1634,16.211,16.211,392.404,392.404,6900.0
1.1635,17.525,17.525,391.968,391.968,6900.0
1.1636,18.392,18.392,391.565,391.565,6900.0
1.1637,19.546,19.546,391.173,391.173,6900.0
1.1638,20.841,20.841,390.811,390.811,6900.0
1.1639,22.345,22.345,390.493,390.493,6900.0
1.164,23.415,23.415,390.235,390.235,6900.0
1.1641,24.326,24.326,390.018,390.018,6900.0
1.1642,25.415,25.415,389.824,389.824,6900.0
1.1643,26.535,26.535,389.667,389.667,6900.0
1.1644,27.751,27.751,389.553,389.553,6900.0
1.1645,28.932,28.932,389.491,389.491,6900.0
1.1646,29.889,29.889,389.481,389.481,6900.0
1.1647,30.873,30.873,389.516,389.516,6900.0
1.1648,31.711,31.711,389.598,389.598,6900.0
1.1649,32.491,32.491,389.718,389.718,6900.0
1.165,33.419,33.419,389.872,389.872,6900.0
1.1651,34.378,34.378,390.069,390.069,6900.0
1.1652,35.305,35.305,390.317,390.317,6900.0
1.1653,36.064,36.064,390.611,390.611,6900.0
1.1654,36.721,36.721,390.936,390.936,6900.0
1.1655,37.523,37.523,391.284,391.284,6900.0
1.1656,38.138,38.138,391.675,391.675,6900.0
1.1657,38.955,38.955,392.107,392.107,6900.0
1.1658,39.513,39.513,392.59,392.59,6900.0
1.1659,39.761,39.761,393.098,393.098,6900.0
1.166,40.343,40.343,393.613,393.613,6900.0
1.1661,40.702,40.702,394.164,394.164,6900.0
1.1662,41.335,41.335,394.737,394.737,6900.0
1.1663,41.602,41.475,395.359,395.359,6900.0
1.1664,41.6,41.6,395.983,395.983,6900.0
1.1665,41.862,41.862,396.608,396.608,6900.0
1.1666,42.119,42.119,397.247,397.247,6900.0
1.1667,42.225,42.225,397.891,397.891,6900.0
1.1668,42.325,42.325,398.556,398.556,6900.0
1.1669,42.278,42.278,399.22,399.22,6900.0
1.167,42.426,42.426,399.884,399.884,6900.0
1.1671,42.37,42.37,400.557,400.557,6900.0
1.1672,42.236,42.236,401.215,401.215,6900.0
1.1673,42.158,42.158,401.881,401.881,6900.0
1.1674,41.734,41.734,402.54,402.54,6900.0
1.1675,41.67,41.67,403.185,403.185,6900.0
1.1676,41.157,41.157,403.83,403.83,6900.0
1.1677,40.843,40.843,404.434,404.434,6900.0
1.1678,40.82,40.82,405.02,405.02,6900.0
1.1679,40.454,40.454,405.593,405.593,6900.0
1.168,40.231,40.231,406.151,406.151,6900.0
1.1681,39.33,39.33,406.698,406.698,6900.0
1.1682,38.509,38.509,407.195,407.195,6900.0
1.1683,38.172,38.172,407.649,407.649,6900.0
1.1684,37.535,37.535,408.083,408.083,6900.0
1.1685,37.065,37.065,408.495,408.495,6900.0
1.1686,36.353,36.353,408.883,408.883,6900.0
1.1687,35.614,35.614,409.233,409.233,6900.0
1.1688,34.789,34.789,409.54,409.54,6900.0
1.1689,34.076,34.076,409.808,409.808,6900.0
1.169,33.29,33.29,410.043,410.043,6900.0
1.1691,32.662,32.662,410.242,410.242,6900.0
1.1692,31.816,31.816,410.406,410.406,6900.0
1.1693,30.845,30.845,410.53,410.53,6900.0
1.1694,29.929,29.929,410.608,410.608,6900.0
1.1695,28.89,28.89,410.64,410.64,6900.0
1.1696,28.219,28.219,410.629,410.629,6900.0
1.1697,27.317,27.317,410.592,410.592,6900.0
1.1698,26.125,26.125,410.527,410.527,6900.0
1.1699,24.856,24.856,410.417,410.417,6900.0
1.17,23.633,23.633,410.248,410.248,6900.0
1.1701,22.855,22.855,410.034,410.034,6900.0
1.1702,22.187,22.187,409.798,409.798,6900.0
1.1703,21.328,20.948,409.552,409.552,6900.0
1.1704,19.409,19.409,409.262,409.262,6900.0
1.1705,18.036,18.036,408.907,408.907,6900.0
1.1706,17.218,17.218,408.507,408.507,6900.0
1.1707,16.158,16.158,408.082,408.082,6900.0
1.1708,15.083,15.083,407.64,407.64,6900.0
1.1709,13.572,13.572,407.173,407.173,6900.0
1.171,12.236,12.236,406.668,406.668,6900.0
1.1711,11.303,11.303,406.138,406.138,6900.0
1.1712,10.152,10.152,405.587,405.587,6900.0
1.1713,8.936,8.936,405.023,405.023,6900.0
1.1714,7.342,7.342,404.44,404.44,6900.0
1.1715,5.783,5.783,403.832,403.832,6900.0
1.1716,4.458,4.458,403.206,403.206,6900.0
1.1717,3.183,3.183,402.565,402.565,6900.0
1.1718,1.89,1.89,401.915,401.915,6900.0
1.1719,0.71,0.71,401.257,401.257,6900.0
1.172,0.0,0.0,400.596,400.596,6900.0
1.1721,0.0,0.0,399.932,399.932,6900.0
1.1722,-1.283,-1.283,399.268,399.268,6900.0
1.1723,-1.99,-1.99,398.606,398.606,6900.0
1.1724,-3.011,-3.011,397.946,397.946,6900.0
1.1725,-4.058,-4.058,397.289,397.289,6900.0
1.1726,-5.571,-5.571,396.638,396.638,6900.0
1.1727,-6.769,-6.769,395.998,395.998,6900.0
1.1728,-8.25,-8.25,395.374,395.374,6900.0
1.1729,-9.309,-9.309,394.768,394.768,6900.0
1.173,-10.469,-10.469,394.174,394.174,6900.0
1.1731,-11.981,-11.981,393.598,393.598,6900.0
1.1732,-13.358,-13.358,393.051,393.051,6900.0
1.1733,-14.829,-14.829,392.545,392.545,6900.0
1.1734,-15.557,-15.557,392.078,392.078,6900.0
1.1735,-16.505,-16.505,391.62,391.62,6900.0
1.1736,-18.216,-18.216,391.178,391.178,6900.0
1.1737,-19.921,-19.921,390.78,390.78,6900.0
1.1738,-21.285,-21.285,390.439,390.439,6900.0
1.1739,-22.334,-22.334,390.149,390.149,6900.0
1.174,-23.079,-23.079,389.884,389.884,6900.0
1.1741,-24.377,-24.377,389.637,389.637,6900.0
1.1742,-25.747,-25.747,389.432,389.432,6900.0
1.1743,-27.078,-27.078,389.279,389.279,6900.0
1.1744,-28.05,-28.05,389.181,389.181,6900.0
1.1745,-28.942,-28.942,389.128,389.128,6900.0
1.1746,-30.119,-30.119,389.114,389.114,6900.0
1.1747,-31.24,-31.24,389.15,389.15,6900.0
1.1748,-32.337,-32.337,389.233,389.233,6900.0
1.1749,-33.481,-33.481,389.365,389.365,6900.0
1.175,-34.373,-34.373,389.552,389.552,6900.0
1.1751,-35.046,-35.046,389.79,389.79,6900.0
1.1752,-35.769,-35.769,390.058,390.058,6900.0
1.1753,-36.389,-36.389,390.352,390.352,6900.0
1.1754,-37.335,-37.335,390.676,390.676,6900.0
1.1755,-38.213,-38.213,391.04,391.04,6900.0
1.1756,-38.754,-38.754,391.463,391.463,6900.0
1.1757,-39.249,-39.249,391.917,391.917,6900.0
1.1758,-39.602,-39.602,392.386,392.386,6900.0
1.1759,-40.069,-40.069,392.884,392.884,6900.0
1.176,-40.626,-40.626,393.408,393.408,6900.0
1.1761,-41.227,-41.227,393.983,393.983,6900.0
1.1762,-41.391,-41.391,394.595,394.595,6900.0
1.1763,-41.641,-41.641,395.202,395.202,6900.0
1.1764,-42.073,-41.944,395.83,395.83,6900.0
1.1765,-41.928,-41.928,396.466,396.466,6900.0
1.1766,-42.478,-42.478,397.111,397.111,6900.0
1.1767,-42.462,-42.462,397.782,397.782,6900.0
1.1768,-42.393,-42.393,398.44,398.44,6900.0
1.1769,-42.483,-42.483,399.103,399.103,6900.0
1.177,-42.384,-42.384,399.765,399.765,6900.0
1.1771,-42.602,-42.602,400.425,400.425,6900.0
1.1772,-42.483,-42.483,401.103,401.103,6900.0
1.1773,-42.202,-42.202,401.77,401.77,6900.0
1.1774,-42.007,-42.007,402.443,402.443,6900.0
1.1775,-41.636,-41.636,403.099,403.099,6900.0
1.1776,-41.473,-41.473,403.728,403.728,6900.0
1.1777,-40.95,-40.95,404.352,404.352,6900.0
1.1778,-40.826,-40.826,404.941,404.941,6900.0
1.1779,-40.389,-40.389,405.529,405.529,6900.0
1.178,-39.882,-39.882,406.086,406.086,6900.0
1.1781,-39.374,-39.374,406.6,406.6,6900.0
1.1782,-38.757,-38.757,407.094,407.094,6900.0
1.1783,-38.457,-38.457,407.554,407.554,6900.0
1.1784,-37.868,-37.868,408.007,408.007,6900.0
1.1785,-37.06,-37.06,408.431,408.431,6900.0
1.1786,-36.52,-36.52,408.808,408.808,6900.0
1.1787,-35.915,-35.915,409.155,409.155,6900.0
1.1788,-35.246,-35.246,409.472,409.472,6900.0
1.1789,-34.461,-34.461,409.759,409.759,6900.0
1.179,-33.525,-33.525,410.01,410.01,6900.0
1.1791,-32.636,-32.636,410.214,410.214,6900.0
1.1792,-31.801,-31.801,410.375,410.375,6900.0
1.1793,-30.911,-30.911,410.494,410.494,6900.0
1.1794,-29.868,-29.868,410.571,410.571,6900.0
1.1795,-29.053,-29.053,410.608,410.608,6900.0
1.1796,-27.976,-27.976,410.614,410.614,6900.0
1.1797,-26.844,-26.844,410.58,410.58,6900.0
1.1798,-25.694,-25.694,410.494,410.494,6900.0
1.1799,-24.776,-24.776,410.357,410.357,6900.0
1.18,-24.046,-24.046,410.187,410.187,6900.0
1.1801,-23.169,-23.169,409.998,409.998,6900.0
1.1802,-21.797,-21.797,409.785,409.785,6900.0
1.1803,-20.393,-20.393,409.514,409.514,6900.0
1.1804,-19.758,-19.334,409.184,409.184,6900.0
1.1805,-18.403,-18.403,408.823,408.823,6900.0
1.1806,-17.573,-17.573,408.444,408.444,6900.0
1.1807,-16.314,-16.314,408.049,408.049,6900.0
1.1808,-14.714,-14.714,407.616,407.616,6900.0
1.1809,-13.676,-13.676,407.139,407.139,6900.0
1.181,-12.458,-12.458,406.637,406.637,6900.0
1.1811,-11.619,-11.619,406.111,406.111,6900.0
1.1812,-10.173,-10.173,405.571,405.571,6900.0
1.1813,-8.576,-8.576,405.003,405.003,6900.0
1.1814,-7.351,-7.351,404.407,404.407,6900.0
1.1815,-5.901,-5.901,403.795,403.795,6900.0
1.1816,-5.034,-5.034,403.166,403.166,6900.0
1.1817,-3.644,-3.644,402.528,402.528,6900.0
1.1818,-2.259,-2.259,401.879,401.879,6900.0
1.1819,-1.083,-1.083,401.222,401.222,6900.0
1.182,-0.868,-0.868,400.561,400.561,6900.0
1.1821,0.202,0.202,399.898,399.898,6900.0
1.1822,1.041,1.041,399.234,399.234,6900.0
1.1823,1.819,1.819,398.571,398.571,6900.0
1.1824,2.616,2.616,397.909,397.909,6900.0
1.1825,3.731,3.731,397.251,397.251,6900.0
1.1826,5.23,5.23,396.6,396.6,6900.0
1.1827,6.364,6.364,395.964,395.964,6900.0
1.1828,7.586,7.586,395.339,395.339,6900.0
1.1829,9.197,9.197,394.724,394.724,6900.0
1.183,10.782,10.782,394.132,394.132,6900.0
1.1831,12.097,12.097,393.566,393.566,6900.0
1.1832,13.338,13.338,393.034,393.034,6900.0
1.1833,14.31,14.31,392.523,392.523,6900.0
1.1834,15.774,15.774,392.021,392.021,6900.0
1.1835,17.201,17.201,391.552,391.552,6900.0
1.1836,18.916,18.916,391.127,391.127,6900.0
1.1837,20.047,20.047,390.765,390.765,6900.0
1.1838,21.026,21.026,390.437,390.437,6900.0
1.1839,22.212,22.212,390.125,390.125,6900.0
1.184,23.34,23.34,389.847,389.847,6900.0
1.1841,24.655,24.655,389.61,389.61,6900.0
1.1842,25.746,25.746,389.428,389.428,6900.0
1.1843,26.644,26.644,389.289,389.289,6900.0
1.1844,27.517,27.517,389.181,389.181,6900.0
1.1845,28.683,28.683,389.108,389.108,6900.0
1.1846,29.873,29.873,389.083,389.083,6900.0
1.1847,31.092,31.092,389.108,389.108,6900.0
1.1848,31.926,31.926,389.191,389.191,6900.0
1.1849,32.735,32.735,389.321,389.321,6900.0
1.185,33.51,33.51,389.493,389.493,6900.0
1.1851,34.305,34.305,389.7,389.7,6900.0
1.1852,35.307,35.307,389.935,389.935,6900.0
1.1853,36.081,36.081,390.216,390.216,6900.0
1.1854,37.008,37.008,390.542,390.542,6900.0
1.1855,37.589,37.589,390.916,390.916,6900.0
1.1856,38.112,38.112,391.312,391.312,6900.0
1.1857,38.883,38.883,391.728,391.728,6900.0
1.1858,39.487,39.487,392.186,392.186,6900.0
1.1859,40.153,40.153,392.686,392.686,6900.0
1.186,40.521,40.521,393.238,393.238,6900.0
1.1861,40.765,40.765,393.808,393.808,6900.0
1.1862,41.312,41.312,394.385,394.385,6900.0
1.1863,41.47,41.47,394.995,394.995,6900.0
1.1864,42.05,42.05,395.61,395.61,6900.0
1.1865,42.144,42.144,396.266,396.266,6900.0
1.1866,42.024,42.024,396.92,396.92,6900.0
1.1867,42.382,42.382,397.562,397.562,6900.0
1.1868,42.295,42.295,398.221,398.221,6900.0
1.1869,42.369,42.369,398.867,398.867,6900.0
1.187,42.41,42.41,399.535,399.535,6900.0
1.1871,42.236,42.236,400.201,400.201,6900.0
1.1872,42.411,42.411,400.866,400.866,6900.0
1.1873,42.041,42.041,401.543,401.543,6900.0
1.1874,41.85,41.85,402.193,402.193,6900.0
1.1875,41.809,41.809,402.841,402.841,6900.0
1.1876,41.292,41.292,403.482,403.482,6900.0
1.1877,41.034,41.034,404.104,404.104,6900.0
1.1878,40.565,40.565,404.714,404.714,6900.0
1.1879,40.073,40.073,405.28,405.28,6900.0
1.188,39.793,39.793,405.818,405.818,6900.0
1.1881,39.295,39.295,406.335,406.335,6900.0
1.1882,38.935,38.935,406.833,406.833,6900.0
1.1883,38.275,38.275,407.311,407.311,6900.0
1.1884,37.586,37.586,407.751,407.751,6900.0
1.1885,37.059,37.059,408.152,408.152,6900.0
1.1886,36.406,36.406,408.527,408.527,6900.0
1.1887,35.761,35.761,408.876,408.876,6900.0
1.1888,34.983,34.983,409.196,409.196,6900.0
1.1889,34.194,34.194,409.477,409.477,6900.0
1.189,33.262,33.262,409.715,409.715,6900.0
1.1891,32.471,32.471,409.912,409.912,6900.0
1.1892,31.664,31.664,410.069,410.069,6900.0
1.1893,30.843,30.843,410.188,410.188,6900.0
1.1894,30.058,30.058,410.27,410.27,6900.0
1.1895,28.939,28.939,410.319,410.319,6900.0
1.1896,27.941,27.941,410.318,410.318,6900.0
1.1897,26.867,26.867,410.268,410.268,6900.0
1.1898,25.892,25.892,410.174,410.174,6900.0
1.1899,25.108,25.108,410.048,410.048,6900.0
1.19,23.963,23.963,409.906,409.906,6900.0
1.1901,22.557,22.557,409.718,409.718,6900.0
1.1902,21.437,21.437,409.468,409.468,6900.0
1.1903,20.7,20.7,409.175,409.175,6900.0
1.1904,19.791,19.791,408.865,408.865,6900.0
1.1905,19.286,18.881,408.541,408.541,6900.0
1.1906,17.182,17.182,408.189,408.189,6900.0
1.1907,15.919,15.919,407.778,407.778,6900.0
1.1908,14.784,14.784,407.329,407.329,6900.0
1.1909,13.644,13.644,406.848,406.848,6900.0
1.191,12.562,12.562,406.348,406.348,6900.0
1.1911,11.276,11.276,405.823,405.823,6900.0
1.1912,9.828,9.828,405.266,405.266,6900.0
1.1913,8.866,8.866,404.686,404.686,6900.0
1.1914,7.632,7.632,404.09,404.09,6900.0
1.1915,6.29,6.29,403.48,403.48,6900.0
1.1916,4.732,4.732,402.857,402.857,6900.0
1.1917,3.074,3.074,402.218,402.218,6900.0
1.1918,1.737,1.737,401.568,401.568,6900.0
1.1919,0.53,0.53,400.91,400.91,6900.0
1.192,0.1,0.1,400.248,400.248,6900.0
1.1921,-0.002,-0.002,399.584,399.584,6900.0
1.1922,-0.895,-0.895,398.919,398.919,6900.0
1.1923,-2.343,-2.343,398.256,398.256,6900.0
1.1924,-3.001,-3.001,397.596,397.596,6900.0
1.1925,-4.306,-4.306,396.943,396.943,6900.0
1.1926,-5.369,-5.369,396.298,396.298,6900.0
1.1927,-6.507,-6.507,395.661,395.661,6900.0
1.1928,-7.984,-7.984,395.034,395.034,6900.0
1.1929,-9.256,-9.256,394.423,394.423,6900.0
1.193,-10.826,-10.826,393.833,393.833,6900.0
1.1931,-11.861,-11.861,393.269,393.269,6900.0
1.1932,-13.059,-13.059,392.715,392.715,6900.0
1.1933,-14.665,-14.665,392.18,392.18,6900.0
1.1934,-16.159,-16.159,391.682,391.682,6900.0
1.1935,-17.761,-17.761,391.233,391.233,6900.0
1.1936,-18.716,-18.716,390.837,390.837,6900.0
1.1937,-19.553,-19.553,390.457,390.457,6900.0
1.1938,-20.913,-20.913,390.096,390.096,6900.0
1.1939,-22.41,-22.41,389.777,389.777,6900.0
1.194,-23.85,-23.85,389.512,389.512,6900.0
1.1941,-24.966,-24.966,389.301,389.301,6900.0
1.1942,-25.815,-25.815,389.125,389.125,6900.0
1.1943,-26.927,-26.927,388.977,388.977,6900.0
1.1944,-28.097,-28.097,388.871,388.871,6900.0
1.1945,-29.524,-29.254,388.813,388.813,6900.0
1.1946,-30.497,-30.497,388.804,388.804,6900.0
1.1947,-31.529,-31.529,388.851,388.851,6900.0
1.1948,-32.516,-32.516,388.944,388.944,6900.0
1.1949,-33.537,-33.537,389.082,389.082,6900.0
1.195,-34.369,-34.369,389.262,389.262,6900.0
1.1951,-35.353,-35.353,389.483,389.483,6900.0
1.1952,-36.261,-36.261,389.75,389.75,6900.0
1.1953,-37.039,-37.039,390.073,390.073,6900.0
1.1954,-37.625,-37.625,390.433,390.433,6900.0
1.1955,-38.13,-38.13,390.813,390.813,6900.0
1.1956,-38.721,-38.721,391.223,391.223,6900.0
1.1957,-39.359,-39.359,391.663,391.663,6900.0
1.1958,-40.052,-40.052,392.156,392.156,6900.0
1.1959,-40.519,-40.519,392.686,392.686,6900.0
1.196,-40.814,-40.814,393.226,393.226,6900.0
1.1961,-41.201,-41.201,393.792,393.792,6900.0
1.1962,-41.564,-41.564,394.376,394.376,6900.0
1.1963,-42.113,-42.113,394.997,394.997,6900.0
1.1964,-42.08,-42.08,395.65,395.65,6900.0
1.1965,-42.339,-42.339,396.289,396.289,6900.0
1.1966,-42.449,-42.449,396.948,396.948,6900.0
1.1967,-42.474,-42.474,397.606,397.606,6900.0
1.1968,-42.716,-42.716,398.273,398.273,6900.0
1.1969,-42.625,-42.625,398.956,398.956,6900.0
1.197,-42.769,-42.769,399.623,399.623,6900.0
1.1971,-42.6,-42.6,400.31,400.31,6900.0
1.1972,-42.323,-42.323,400.982,400.982,6900.0
1.1973,-42.428,-42.428,401.638,401.638,6900.0
1.1974,-42.145,-42.145,402.306,402.306,6900.0
1.1975,-41.933,-41.933,402.956,402.956,6900.0
1.1976,-41.672,-41.672,403.608,403.608,6900.0
1.1977,-41.082,-41.082,404.24,404.24,6900.0
1.1978,-40.942,-40.942,404.829,404.829,6900.0
1.1979,-40.663,-40.663,405.411,405.411,6900.0
1.198,-40.364,-40.364,405.968,405.968,6900.0
1.1981,-39.7,-39.7,406.519,406.519,6900.0
1.1982,-39.038,-39.038,407.032,407.032,6900.0
1.1983,-38.371,-38.371,407.499,407.499,6900.0
1.1984,-37.723,-37.723,407.938,407.938,6900.0
1.1985,-37.261,-37.261,408.345,408.345,6900.0
1.1986,-36.843,-36.843,408.736,408.736,6900.0
1.1987,-36.121,-36.121,409.101,409.101,6900.0
1.1988,-35.233,-35.233,409.423,409.423,6900.0
1.1989,-34.6,-34.6,409.703,409.703,6900.0
1.199,-33.709,-33.709,409.951,409.951,6900.0
1.1991,-32.993,-32.993,410.159,410.159,6900.0
1.1992,-31.967,-31.967,410.333,410.333,6900.0
1.1993,-31.102,-31.102,410.461,410.461,6900.0
1.1994,-30.005,-30.005,410.549,410.549,6900.0
1.1995,-28.97,-28.97,410.586,410.586,6900.0
1.1996,-28.078,-28.078,410.576,410.576,6900.0
1.1997,-27.074,-27.074,410.531,410.531,6900.0
1.1998,-26.219,-26.219,410.456,410.456,6900.0
1.1999,-25.084,-25.084,410.35,410.35,6900.0
1.2,-23.845,-23.845,410.193,410.193,6900.0
1.2001,-22.948,-22.948,409.983,409.983,6900.0
1.2002,-22.255,-22.255,409.741,409.741,6900.0
1.2003,-21.405,-21.405,409.486,409.486,6900.0
1.2004,-19.755,-19.755,409.211,409.211,6900.0
1.2005,-18.231,-18.231,408.876,408.876,6900.0
1.2006,-17.74,-17.289,408.483,408.483,6900.0
1.2007,-16.257,-16.257,408.059,408.059,6900.0
1.2008,-15.504,-15.504,407.61,407.61,6900.0
1.2009,-14.052,-14.052,407.147,407.147,6900.0
1.201,-12.569,-12.569,406.65,406.65,6900.0
1.2011,-11.433,-11.433,406.118,406.118,6900.0
1.2012,-10.105,-10.105,405.568,405.568,6900.0
1.2013,-9.176,-9.176,404.998,404.998,6900.0
1.2014,-7.818,-7.818,404.415,404.415,6900.0
1.2015,-6.341,-6.341,403.812,403.812,6900.0
1.2016,-4.722,-4.722,403.19,403.19,6900.0
1.2017,-3.231,-3.231,402.552,402.552,6900.0
1.2018,-2.026,-2.026,401.902,401.902,6900.0
1.2019,-0.959,-0.959,401.245,401.245,6900.0
1.202,-0.0,-0.0,400.583,400.583,6900.0
1.2021,-0.0,-0.0,399.92,399.92,6900.0
1.2022,1.379,1.379,399.256,399.256,6900.0
1.2023,1.774,1.774,398.594,398.594,6900.0
1.2024,2.517,2.517,397.934,397.934,6900.0
1.2025,3.535,3.535,397.277,397.277,6900.0
1.2026,5.052,5.052,396.624,396.624,6900.0
1.2027,6.336,6.336,395.983,395.983,6900.0
1.2028,7.991,7.991,395.353,395.353,6900.0
1.2029,9.18,9.18,394.745,394.745,6900.0
1.203,10.486,10.486,394.152,394.152,6900.0
1.2031,11.588,11.588,393.573,393.573,6900.0
1.2032,13.036,13.036,393.018,393.018,6900.0
1.2033,14.829,14.829,392.498,392.498,6900.0
1.2034,16.347,16.347,392.028,392.028,6900.0
1.2035,17.197,17.197,391.592,391.592,6900.0
1.2036,18.501,18.501,391.165,391.165,6900.0
1.2037,19.866,19.866,390.77,390.77,6900.0
1.2038,21.409,21.409,390.42,390.42,6900.0
1.2039,22.696,22.696,390.13,390.13,6900.0
1.204,23.54,23.54,389.881,389.881,6900.0
1.2041,24.585,24.585,389.65,389.65,6900.0
1.2042,25.889,25.889,389.45,389.45,6900.0
1.2043,26.992,26.992,389.299,389.299,6900.0
1.2044,28.133,28.133,389.197,389.197,6900.0
1.2045,29.147,29.147,389.146,389.146,6900.0
1.2046,30.295,30.039,389.139,389.139,6900.0
1.2047,30.928,30.928,389.177,389.177,6900.0
1.2048,31.864,31.864,389.258,389.258,6900.0
1.2049,32.831,32.831,389.378,389.378,6900.0
1.205,33.581,33.581,389.547,389.547,6900.0
1.2051,34.553,34.553,389.76,389.76,6900.0
1.2052,35.281,35.281,390.02,390.02,6900.0
1.2053,36.08,36.08,390.309,390.309,6900.0
1.2054,36.993,36.993,390.62,390.62,6900.0
1.2055,37.738,37.738,390.975,390.975,6900.0
1.2056,38.616,38.616,391.375,391.375,6900.0
1.2057,39.22,39.22,391.825,391.825,6900.0
1.2058,39.4,39.4,392.305,392.305,6900.0
1.2059,39.918,39.918,392.792,392.792,6900.0
1.206,40.458,40.458,393.317,393.317,6900.0
1.2061,41.214,41.214,393.874,393.874,6900.0
1.2062,41.309,41.309,394.49,394.49,6900.0
1.2063,41.393,41.393,395.109,395.109,6900.0
1.2064,41.888,41.888,395.729,395.729,6900.0
1.2065,41.913,41.913,396.373,396.373,6900.0
1.2066,42.264,42.264,397.011,397.011,6900.0
1.2067,42.31,42.31,397.675,397.675,6900.0
1.2068,42.267,42.267,398.332,398.332,6900.0
1.2069,42.581,42.581,398.982,398.982,6900.0
1.207,42.451,42.451,399.651,399.651,6900.0
1.2071,42.454,42.454,400.304,400.304,6900.0
1.2072,42.525,42.525,400.975,400.975,6900.0
1.2073,42.293,42.293,401.646,401.646,6900.0
1.2074,42.167,42.167,402.317,402.317,6900.0
1.2075,41.9,41.9,402.986,402.986,6900.0
1.2076,41.409,41.409,403.628,403.628,6900.0
1.2077,41.243,41.243,404.251,404.251,6900.0
1.2078,40.68,40.68,404.857,404.857,6900.0
1.2079,40.364,40.364,405.44,405.44,6900.0
1.208,39.83,39.83,406.001,406.001,6900.0
1.2081,39.313,39.313,406.518,406.518,6900.0
1.2082,38.975,38.975,407.003,407.003,6900.0
1.2083,38.512,38.512,407.464,407.464,6900.0
1.2084,38.038,38.038,407.911,407.911,6900.0
1.2085,37.352,37.352,408.339,408.339,6900.0
1.2086,36.634,36.634,408.728,408.728,6900.0
1.2087,36.003,36.003,409.078,409.078,6900.0
1.2088,35.346,35.346,409.398,409.398,6900.0
1.2089,34.501,34.501,409.691,409.691,6900.0
1.209,33.511,33.511,409.948,409.948,6900.0
1.2091,32.67,32.67,410.158,410.158,6900.0
1.2092,31.746,31.746,410.326,410.326,6900.0
1.2093,30.986,30.986,410.446,410.446,6900.0
1.2094,30.129,30.129,410.521,410.521,6900.0
1.2095,29.192,29.192,410.556,410.556,6900.0
1.2096,28.353,28.353,410.555,410.555,6900.0
1.2097,27.329,27.329,410.525,410.525,6900.0
1.2098,26.115,26.115,410.454,410.454,6900.0
1.2099,25.003,25.003,410.325,410.325,6900.0
1.21,24.205,24.205,410.155,410.155,6900.0
1.2101,23.231,23.231,409.964,409.964,6900.0
1.2102,22.139,22.139,409.754,409.754,6900.0
1.2103,20.525,20.525,409.504,409.504,6900.0
1.2104,19.155,19.155,409.186,409.186,6900.0
1.2105,18.306,18.306,408.821,408.821,6900.0
1.2106,17.49,17.49,408.43,408.43,6900.0
1.2107,16.48,16.48,408.026,408.026,6900.0
1.2108,14.933,14.933,407.595,407.595,6900.0
1.2109,13.514,13.514,407.119,407.119,6900.0
1.211,12.41,12.41,406.614,406.614,6900.0
1.2111,11.389,11.389,406.084,406.084,6900.0
1.2112,10.159,10.159,405.54,405.54,6900.0
1.2113,8.665,8.665,404.975,404.975,6900.0
1.2114,7.326,7.326,404.384,404.384,6900.0
1.2115,6.013,6.013,403.773,403.773,6900.0
1.2116,4.662,4.662,403.146,403.146,6900.0
1.2117,3.284,3.284,402.506,402.506,6900.0
1.2118,2.008,2.008,401.856,401.856,6900.0
1.2119,0.716,0.716,401.198,401.198,6900.0
1.212,0.0,0.0,400.537,400.537,6900.0
1.2121,0.0,0.0,399.874,399.874,6900.0
1.2122,-2.057,-2.057,399.209,399.209,6900.0
1.2123,-2.053,-2.053,398.548,398.548,6900.0
1.2124,-3.064,-3.064,397.886,397.886,6900.0
1.2125,-4.309,-4.309,397.23,397.23,6900.0
1.2126,-5.551,-5.551,396.581,396.581,6900.0
1.2127,-7.102,-7.102,395.944,395.944,6900.0
1.2128,-8.024,-8.024,395.326,395.326,6900.0
1.2129,-9.21,-9.21,394.715,394.715,6900.0
1.213,-10.833,-10.833,394.121,394.121,6900.0
1.2131,-11.966,-11.966,393.553,393.553,6900.0
1.2132,-13.472,-13.472,393.016,393.016,6900.0
1.2133,-14.514,-14.514,392.514,392.514,6900.0
1.2134,-15.627,-15.627,392.026,392.026,6900.0
1.2135,-17.155,-17.155,391.554,391.554,6900.0
1.2136,-18.89,-18.89,391.123,391.123,6900.0
1.2137,-20.293,-20.293,390.752,390.752,6900.0
1.2138,-21.299,-21.299,390.432,390.432,6900.0
1.2139,-22.15,-22.15,390.136,390.136,6900.0
1.214,-23.373,-23.373,389.859,389.859,6900.0
1.2141,-24.682,-24.682,389.62,389.62,6900.0
1.2142,-25.93,-25.93,389.432,389.432,6900.0
1.2143,-27.095,-27.095,389.291,389.291,6900.0
1.2144,-28.056,-28.056,389.194,389.194,6900.0
1.2145,-29.223,-29.223,389.134,389.134,6900.0
1.2146,-30.305,-30.305,389.12,389.12,6900.0
1.2147,-31.622,-31.374,389.154,389.154,6900.0
1.2148,-32.392,-32.392,389.24,389.24,6900.0
1.2149,-33.416,-33.416,389.377,389.377,6900.0
1.215,-34.226,-34.226,389.571,389.571,6900.0
1.2151,-35.113,-35.113,389.804,389.804,6900.0
1.2152,-35.902,-35.902,390.068,390.068,6900.0
1.2153,-36.686,-36.686,390.37,390.37,6900.0
1.2154,-37.587,-37.587,390.705,390.705,6900.0
1.2155,-38.329,-38.329,391.095,391.095,6900.0
1.2156,-38.735,-38.735,391.519,391.519,6900.0
1.2157,-39.264,-39.264,391.954,391.954,6900.0
1.2158,-39.861,-39.861,392.421,392.421,6900.0
1.2159,-40.434,-40.434,392.918,392.918,6900.0
1.216,-41.053,-41.053,393.471,393.471,6900.0
1.2161,-41.383,-41.383,394.062,394.062,6900.0
1.2162,-41.617,-41.617,394.661,394.661,6900.0
1.2163,-41.967,-41.967,395.284,395.284,6900.0
1.2164,-42.185,-42.185,395.919,395.919,6900.0
1.2165,-42.546,-42.546,396.578,396.578,6900.0
1.2166,-42.403,-42.403,397.257,397.257,6900.0
1.2167,-42.458,-42.458,397.914,397.914,6900.0
1.2168,-42.537,-42.537,398.579,398.579,6900.0
1.2169,-42.524,-42.524,399.237,399.237,6900.0
1.217,-42.775,-42.775,399.895,399.895,6900.0
1.2171,-42.726,-42.726,400.572,400.572,6900.0
1.2172,-42.565,-42.565,401.24,401.24,6900.0
1.2173,-42.35,-42.35,401.917,401.917,6900.0
1.2174,-41.958,-41.958,402.583,402.583,6900.0
1.2175,-41.873,-41.873,403.226,403.226,6900.0
1.2176,-41.657,-41.657,403.87,403.87,6900.0
1.2177,-41.46,-41.46,404.494,404.494,6900.0
1.2178,-40.967,-40.967,405.121,405.121,6900.0
1.2179,-40.102,-40.102,405.715,405.715,6900.0
1.218,-39.795,-39.795,406.253,406.253,6900.0
1.2181,-39.466,-39.466,406.772,406.772,6900.0
1.2182,-39.112,-39.112,407.266,407.266,6900.0
1.2183,-38.503,-38.503,407.747,407.747,6900.0
1.2184,-37.724,-37.724,408.197,408.197,6900.0
1.2185,-36.938,-36.938,408.599,408.599,6900.0
1.2186,-36.44,-36.44,408.967,408.967,6900.0
1.2187,-35.873,-35.873,409.31,409.31,6900.0
1.2188,-35.077,-35.077,409.631,409.631,6900.0
1.2189,-34.366,-34.366,409.915,409.915,6900.0
1.219,-33.535,-33.535,410.16,410.16,6900.0
1.2191,-32.632,-32.632,410.364,410.364,6900.0
1.2192,-31.664,-31.664,410.526,410.526,6900.0
1.2193,-30.906,-30.906,410.644,410.644,6900.0
1.2194,-30.143,-30.143,410.725,410.725,6900.0
1.2195,-29.328,-29.328,410.773,410.773,6900.0
1.2196,-28.073,-28.073,410.782,410.782,6900.0
1.2197,-26.77,-26.77,410.737,410.737,6900.0
1.2198,-25.86,-25.86,410.638,410.638,6900.0
1.2199,-24.979,-24.979,410.506,410.506,6900.0
1.22,-24.165,-24.165,410.351,410.351,6900.0
1.2201,-22.943,-22.943,410.171,410.171,6900.0
1.2202,-21.502,-21.502,409.937,409.937,6900.0
1.2203,-20.379,-20.379,409.646,409.646,6900.0
1.2204,-19.67,-19.67,409.319,409.319,6900.0
1.2205,-18.851,-18.851,408.981,408.981,6900.0
1.2206,-17.503,-17.503,408.629,408.629,6900.0
1.2207,-15.839,-15.839,408.23,408.23,6900.0
1.2208,-14.973,-14.973,407.781,407.781,6900.0
1.2209,-13.827,-13.827,407.305,407.305,6900.0
1.221,-12.893,-12.893,406.804,406.804,6900.0
1.2211,-11.345,-11.345,406.285,406.285,6900.0
1.2212,-9.814,-9.814,405.733,405.733,6900.0
1.2213,-8.694,-8.694,405.153,405.153,6900.0
1.2214,-7.59,-7.59,404.557,404.557,6900.0
1.2215,-6.445,-6.445,403.944,403.944,6900.0
1.2216,-4.909,-4.909,403.321,403.321,6900.0
1.2217,-3.322,-3.322,402.683,402.683,6900.0
1.2218,-2.244,-2.244,402.034,402.034,6900.0
1.2219,-1.052,-1.052,401.377,401.377,6900.0
1.222,-1.072,-1.072,400.716,400.716,6900.0
1.2221,0.099,0.099,400.054,400.054,6900.0
1.2222,1.494,1.494,399.39,399.39,6900.0
1.2223,2.918,2.918,398.726,398.726,6900.0
1.2224,3.094,3.094,398.068,398.068,6900.0
1.2225,4.263,4.263,397.414,397.414,6900.0
1.2226,5.117,5.117,396.771,396.771,6900.0
1.2227,6.105,6.105,396.135,396.135,6900.0
1.2228,7.681,7.681,395.507,395.507,6900.0
1.2229,9.192,9.192,394.897,394.897,6900.0
1.223,10.957,10.957,394.306,394.306,6900.0
1.2231,11.979,11.979,393.749,393.749,6900.0
1.2232,13.031,13.031,393.206,393.206,6900.0
1.2233,14.533,14.533,392.675,392.675,6900.0
1.2234,15.962,15.962,392.175,392.175,6900.0
1.2235,17.536,17.536,391.716,391.716,6900.0
1.2236,18.991,18.991,391.313,391.313,6900.0
1.2237,19.773,19.773,390.949,390.949,6900.0
1.2238,20.903,20.903,390.599,390.599,6900.0
1.2239,22.202,22.202,390.281,390.281,6900.0
1.224,23.577,23.577,390.009,390.009,6900.0
1.2241,24.793,24.793,389.794,389.794,6900.0
1.2242,25.699,25.699,389.623,389.623,6900.0
1.2243,26.693,26.693,389.481,389.481,6900.0
1.2244,27.765,27.765,389.375,389.375,6900.0
1.2245,28.746,28.746,389.312,389.312,6900.0
1.2246,29.806,29.806,389.294,389.294,6900.0
1.2247,30.881,30.881,389.323,389.323,6900.0
1.2248,31.843,31.843,389.403,389.403,6900.0
1.2249,32.642,32.642,389.528,389.528,6900.0
1.225,33.616,33.616,389.689,389.689,6900.0
1.2251,34.616,34.616,389.887,389.887,6900.0
1.2252,35.336,35.336,390.134,390.134,6900.0
1.2253,36.412,36.412,390.427,390.427,6900.0
1.2254,37.0,37.0,390.776,390.776,6900.0
1.2255,37.627,37.627,391.147,391.147,6900.0
1.2256,38.332,38.332,391.54,391.54,6900.0
1.2257,38.896,38.896,391.971,391.971,6900.0
1.2258,39.698,39.698,392.441,392.441,6900.0
1.2259,40.112,40.112,392.964,392.964,6900.0
1.226,40.32,40.32,393.506,393.506,6900.0
1.2261,40.835,40.835,394.053,394.053,6900.0
1.2262,41.229,41.229,394.632,394.632,6900.0
1.2263,41.711,41.711,395.231,395.231,6900.0
1.2264,41.811,41.811,395.873,395.873,6900.0
1.2265,41.87,41.87,396.516,396.516,6900.0
1.2266,42.188,42.188,397.157,397.157,6900.0
1.2267,42.298,42.298,397.814,397.814,6900.0
1.2268,42.446,42.446,398.466,398.466,6900.0
1.2269,42.528,42.528,399.139,399.139,6900.0
1.227,42.453,42.453,399.81,399.81,6900.0
1.2271,42.431,42.431,400.479,400.479,6900.0
1.2272,42.138,42.138,401.153,401.153,6900.0
1.2273,42.051,42.051,401.801,401.801,6900.0
1.2274,42.03,42.03,402.456,402.456,6900.0
1.2275,41.656,41.656,403.105,403.105,6900.0
1.2276,41.663,41.663,403.741,403.741,6900.0
1.2277,41.114,41.114,404.377,404.377,6900.0
1.2278,40.502,40.502,404.975,404.975,6900.0
1.2279,40.265,40.265,405.541,405.541,6900.0
1.228,39.815,39.815,406.088,406.088,6900.0
1.2281,39.518,39.518,406.617,406.617,6900.0
1.2282,38.867,38.867,407.126,407.126,6900.0
1.2283,38.054,38.054,407.596,407.596,6900.0
1.2284,37.601,37.601,408.023,408.023,6900.0
1.2285,37.008,37.008,408.423,408.423,6900.0
1.2286,36.436,36.436,408.803,408.803,6900.0
1.2287,35.819,35.819,409.156,409.156,6900.0
1.2288,35.27,35.049,409.472,409.472,6900.0
1.2289,34.204,34.204,409.747,409.747,6900.0
1.229,33.44,33.44,409.982,409.982,6900.0
1.2291,32.633,32.633,410.181,410.181,6900.0
1.2292,31.683,31.683,410.344,410.344,6900.0
1.2293,30.8,30.8,410.465,410.465,6900.0
1.2294,29.829,29.829,410.547,410.547,6900.0
1.2295,28.852,28.852,410.584,410.584,6900.0
1.2296,27.877,27.877,410.571,410.571,6900.0
1.2297,27.008,27.008,410.515,410.515,6900.0
1.2298,26.097,26.097,410.43,410.43,6900.0
1.2299,25.071,25.071,410.321,410.321,6900.0
1.23,23.787,23.787,410.17,410.17,6900.0
1.2301,22.491,22.491,409.959,409.959,6900.0
1.2302,21.709,21.709,409.701,409.701,6900.0
1.2303,20.791,20.791,409.424,409.424,6900.0
1.2304,19.825,19.825,409.134,409.134,6900.0
1.2305,18.151,18.151,408.812,408.812,6900.0
1.2306,16.93,16.93,408.427,408.427,6900.0
1.2307,15.872,15.872,408.003,408.003,6900.0
1.2308,14.929,14.929,407.547,407.547,6900.0
1.2309,13.86,13.86,407.074,407.074,6900.0
1.231,12.419,12.419,406.575,406.575,6900.0
1.2311,10.969,10.969,406.041,406.041,6900.0
1.2312,9.882,9.882,405.482,405.482,6900.0
1.2313,8.718,8.718,404.904,404.904,6900.0
1.2314,7.43,7.43,404.313,404.313,6900.0
1.2315,5.958,5.958,403.706,403.706,6900.0
1.2316,4.448,4.448,403.081,403.081,6900.0
1.2317,3.218,3.218,402.441,402.441,6900.0
1.2318,1.858,1.858,401.791,401.791,6900.0
1.2319,0.671,0.671,401.133,401.133,6900.0
1.232,0.577,0.577,400.471,400.471,6900.0
1.2321,0.0,0.0,399.808,399.808,6900.0
1.2322,-2.227,-2.227,399.144,399.144,6900.0
1.2323,-2.071,-2.071,398.483,398.483,6900.0
1.2324,-3.116,-3.116,397.824,397.824,6900.0
1.2325,-4.177,-4.177,397.172,397.172,6900.0
1.2326,-5.248,-5.248,396.524,396.524,6900.0
1.2327,-6.853,-6.853,395.885,395.885,6900.0
1.2328,-8.138,-8.138,395.259,395.259,6900.0
1.2329,-9.695,-9.695,394.652,394.652,6900.0
1.233,-10.789,-10.789,394.067,394.067,6900.0
1.2331,-11.873,-11.873,393.493,393.493,6900.0
1.2332,-13.395,-13.395,392.937,392.937,6900.0
1.2333,-14.82,-14.82,392.415,392.415,6900.0
1.2334,-16.385,-16.385,391.939,391.939,6900.0
1.2335,-17.303,-17.303,391.51,391.51,6900.0
1.2336,-18.348,-18.348,391.096,391.096,6900.0
1.2337,-19.648,-19.648,390.701,390.701,6900.0
1.2338,-21.195,-21.195,390.344,390.344,6900.0
1.2339,-22.506,-22.506,390.044,390.044,6900.0
1.234,-23.517,-23.517,389.792,389.792,6900.0
1.2341,-24.662,-24.662,389.569,389.569,6900.0
1.2342,-25.901,-25.901,389.377,389.377,6900.0
1.2343,-27.02,-27.02,389.228,389.228,6900.0
1.2344,-28.055,-28.055,389.127,389.127,6900.0
1.2345,-29.06,-29.06,389.075,389.075,6900.0
1.2346,-30.351,-30.351,389.07,389.07,6900.0
1.2347,-31.356,-31.356,389.121,389.121,6900.0
1.2348,-32.37,-32.37,389.215,389.215,6900.0
1.2349,-33.229,-33.229,389.352,389.352,6900.0
1.235,-34.12,-34.12,389.53,389.53,6900.0
1.2351,-35.12,-35.12,389.75,389.75,6900.0
1.2352,-36.045,-36.045,390.025,390.025,6900.0
1.2353,-36.516,-36.516,390.342,390.342,6900.0
1.2354,-37.105,-37.105,390.673,390.673,6900.0
1.2355,-37.932,-37.932,391.037,391.037,6900.0
1.2356,-38.677,-38.677,391.439,391.439,6900.0
1.2357,-39.318,-39.318,391.895,391.895,6900.0
1.2358,-39.711,-39.711,392.388,392.388,6900.0
1.2359,-40.095,-40.095,392.89,392.89,6900.0
1.236,-40.683,-40.683,393.421,393.421,6900.0
1.2361,-41.232,-41.232,393.981,393.981,6900.0
1.2362,-41.662,-41.662,394.588,394.588,6900.0
1.2363,-41.887,-41.887,395.222,395.222,6900.0
1.2364,-41.878,-41.878,395.854,395.854,6900.0
1.2365,-42.116,-42.116,396.497,396.497,6900.0
1.2366,-42.23,-42.23,397.144,397.144,6900.0
1.2367,-42.443,-42.443,397.804,397.804,6900.0
1.2368,-42.47,-42.47,398.477,398.477,6900.0
1.2369,-42.663,-42.663,399.134,399.134,6900.0
1.237,-42.706,-42.706,399.812,399.812,6900.0
1.2371,-42.367,-42.367,400.485,400.485,6900.0
1.2372,-42.342,-42.342,401.146,401.146,6900.0
1.2373,-42.105,-42.105,401.816,401.816,6900.0
1.2374,-42.053,-42.053,402.468,402.468,6900.0
1.2375,-41.806,-41.806,403.132,403.132,6900.0
1.2376,-41.483,-41.483,403.777,403.777,6900.0
1.2377,-41.355,-41.355,404.389,404.389,6900.0
1.2378,-40.905,-40.905,404.996,404.996,6900.0
1.2379,-40.512,-40.512,405.574,405.574,6900.0
1.238,-40.142,-40.142,406.14,406.14,6900.0
1.2381,-39.544,-39.544,406.677,406.677,6900.0
1.2382,-39.087,-39.087,407.168,407.168,6900.0
1.2383,-38.456,-38.456,407.639,407.639,6900.0
1.2384,-37.76,-37.76,408.079,408.079,6900.0
1.2385,-37.069,-37.069,408.498,408.498,6900.0
1.2386,-36.48,-36.48,408.882,408.882,6900.0
1.2387,-35.778,-35.778,409.229,409.229,6900.0
1.2388,-34.955,-34.955,409.541,409.541,6900.0
1.2389,-34.579,-34.351,409.814,409.814,6900.0
1.239,-33.367,-33.367,410.061,410.061,6900.0
1.2391,-32.626,-32.626,410.262,410.262,6900.0
1.2392,-31.77,-31.77,410.426,410.426,6900.0
1.2393,-30.656,-30.656,410.547,410.547,6900.0
1.2394,-29.789,-29.789,410.616,410.616,6900.0
1.2395,-28.819,-28.819,410.64,410.64,6900.0
1.2396,-28.065,-28.065,410.626,410.626,6900.0
1.2397,-27.05,-27.05,410.586,410.586,6900.0
1.2398,-25.892,-25.892,410.511,410.511,6900.0
1.2399,-24.639,-24.639,410.385,410.385,6900.0
1.24,-23.598,-23.598,410.206,410.206,6900.0
1.2401,-22.805,-22.805,409.994,409.994,6900.0
1.2402,-22.088,-22.088,409.765,409.765,6900.0
1.2403,-20.686,-20.686,409.518,409.518,6900.0
1.2404,-19.098,-19.098,409.211,409.211,6900.0
1.2405,-18.064,-18.064,408.843,408.843,6900.0
1.2406,-17.158,-17.158,408.441,408.441,6900.0
1.2407,-16.38,-16.38,408.018,408.018,6900.0
1.2408,-14.93,-14.93,407.582,407.582,6900.0
1.2409,-13.341,-13.341,407.109,407.109,6900.0
1.241,-12.31,-12.31,406.598,406.598,6900.0
1.2411,-11.1,-11.1,406.068,406.068,6900.0
1.2412,-10.133,-10.133,405.518,405.518,6900.0
1.2413,-8.816,-8.816,404.953,404.953,6900.0
1.2414,-7.254,-7.254,404.367,404.367,6900.0
1.2415,-6.04,-6.04,403.756,403.756,6900.0
1.2416,-4.395,-4.395,403.129,403.129,6900.0
1.2417,-3.198,-3.198,402.487,402.487,6900.0
1.2418,-2.073,-2.073,401.836,401.836,6900.0
1.2419,-0.903,-0.903,401.178,401.178,6900.0
1.242,-0.0,-0.0,400.516,400.516,6900.0
1.2421,-0.0,-0.0,399.853,399.853,6900.0
1.2422,0.69,0.69,399.189,399.189,6900.0
1.2423,1.767,1.767,398.527,398.527,6900.0
1.2424,2.536,2.536,397.866,397.866,6900.0
1.2425,3.854,3.854,397.207,397.207,6900.0
1.2426,5.106,5.106,396.556,396.556,6900.0
1.2427,6.667,6.667,395.916,395.916,6900.0
1.2428,7.784,7.784,395.294,395.294,6900.0
1.2429,8.988,8.988,394.685,394.685,6900.0
1.243,10.395,10.395,394.088,394.088,6900.0
1.2431,11.808,11.808,393.516,393.516,6900.0
1.2432,13.353,13.353,392.973,392.973,6900.0
1.2433,14.896,14.896,392.473,392.473,6900.0
1.2434,15.813,15.813,392.002,392.002,6900.0
1.2435,17.068,17.068,391.54,391.54,6900.0
1.2436,18.784,18.784,391.106,391.106,6900.0
1.2437,20.375,20.375,390.722,390.722,6900.0
1.2438,21.565,21.565,390.399,390.399,6900.0
1.2439,22.347,22.347,390.114,390.114,6900.0
1.244,23.543,23.543,389.845,389.845,6900.0
1.2441,24.716,24.716,389.61,389.61,6900.0
1.2442,25.831,25.831,389.421,389.421,6900.0
1.2443,26.951,26.951,389.283,389.283,6900.0
1.2444,28.046,28.046,389.19,389.19,6900.0
1.2445,29.131,29.131,389.14,389.14,6900.0
1.2446,30.123,30.123,389.135,389.135,6900.0
1.2447,31.079,31.079,389.173,389.173,6900.0
1.2448,32.029,32.029,389.254,389.254,6900.0
1.2449,33.038,33.038,389.38,389.38,6900.0
1.245,33.993,33.993,389.559,389.559,6900.0
1.2451,34.539,34.539,389.788,389.788,6900.0
1.2452,35.304,35.304,390.041,390.041,6900.0
1.2453,36.117,36.117,390.322,390.322,6900.0
1.2454,36.78,36.78,390.644,390.644,6900.0
1.2455,37.606,37.606,391.009,391.009,6900.0
1.2456,38.302,38.302,391.422,391.422,6900.0
1.2457,38.875,38.875,391.86,391.86,6900.0
1.2458,39.641,39.641,392.315,392.315,6900.0
1.2459,40.236,40.236,392.812,392.812,6900.0
1.246,41.082,41.082,393.346,393.346,6900.0
1.2461,41.056,41.056,393.94,393.94,6900.0
1.2462,41.144,41.144,394.535,394.535,6900.0
1.2463,41.659,41.659,395.132,395.132,6900.0
1.2464,41.727,41.727,395.759,395.759,6900.0
1.2465,42.043,42.043,396.389,396.389,6900.0
1.2466,42.146,42.146,397.052,397.052,6900.0
1.2467,42.057,42.057,397.712,397.712,6900.0
1.2468,42.419,42.419,398.365,398.365,6900.0
1.2469,42.328,42.328,399.035,399.035,6900.0
1.247,42.431,42.431,399.688,399.688,6900.0
1.2471,42.517,42.517,400.36,400.36,6900.0
1.2472,42.277,42.277,401.029,401.029,6900.0
1.2473,42.274,42.274,401.694,401.694,6900.0
1.2474,41.983,41.983,402.363,402.363,6900.0
1.2475,41.545,41.545,403.004,403.004,6900.0
1.2476,41.297,41.297,403.634,403.634,6900.0
1.2477,40.89,40.89,404.246,404.246,6900.0
1.2478,40.771,40.771,404.844,404.844,6900.0
1.2479,40.243,40.243,405.433,405.433,6900.0
1.248,39.753,39.753,405.981,405.981,6900.0
1.2481,39.209,39.209,406.5,406.5,6900.0
1.2482,38.679,38.679,406.988,406.988,6900.0
1.2483,38.241,38.241,407.457,407.457,6900.0
1.2484,37.75,37.75,407.901,407.901,6900.0
1.2485,36.984,36.984,408.312,408.312,6900.0
1.2486,36.273,36.273,408.681,408.681,6900.0
1.2487,35.64,35.64,409.016,409.016,6900.0
1.2488,34.915,34.915,409.325,409.325,6900.0
1.2489,34.179,34.179,409.603,409.603,6900.0
1.249,33.334,33.334,409.843,409.843,6900.0
1.2491,32.577,32.577,410.041,410.041,6900.0
1.2492,31.577,31.577,410.2,410.2,6900.0
1.2493,30.694,30.694,410.314,410.314,6900.0
1.2494,29.922,29.922,410.387,410.387,6900.0
1.2495,29.068,29.068,410.425,410.425,6900.0
1.2496,27.789,27.789,410.434,410.434,6900.0
1.2497,26.556,26.556,410.389,410.389,6900.0
1.2498,25.671,25.671,410.284,410.284,6900.0
1.2499,24.895,24.895,410.141,410.141,6900.0
1.25,24.051,24.051,409.974,409.974,6900.0
1.2501,22.994,22.994,409.789,409.789,6900.0
1.2502,21.454,21.454,409.564,409.564,6900.0
1.2503,20.303,20.303,409.274,409.274,6900.0
1.2504,19.388,19.388,408.941,408.941,6900.0
1.2505,18.477,18.477,408.583,408.583,6900.0
1.2506,17.51,17.51,408.213,408.213,6900.0
1.2507,16.012,16.012,407.816,407.816,6900.0
1.2508,14.552,14.552,407.371,407.371,6900.0
1.2509,13.401,13.401,406.892,406.892,6900.0
1.251,12.257,12.257,406.384,406.384,6900.0
1.2511,11.219,11.219,405.858,405.858,6900.0
1.2512,9.716,9.716,405.309,405.309,6900.0
1.2513,8.365,8.365,404.731,404.731,6900.0
1.2514,7.274,7.274,404.132,404.132,6900.0
1.2515,5.964,5.964,403.517,403.517,6900.0
1.2516,4.496,4.496,402.887,402.887,6900.0
1.2517,3.069,3.069,402.246,402.246,6900.0
1.2518,1.611,1.611,401.594,401.594,6900.0
1.2519,0.359,0.359,400.935,400.935,6900.0
1.252,0.0,0.0,400.273,400.273,6900.0
1.2521,0.0,0.0,399.609,399.609,6900.0
1.2522,-1.722,-1.722,398.944,398.944,6900.0
1.2523,-2.913,-2.913,398.28,398.28,6900.0
1.2524,-3.448,-3.448,397.621,397.621,6900.0
1.2525,-4.403,-4.403,396.966,396.966,6900.0
1.2526,-5.701,-5.701,396.322,396.322,6900.0
1.2527,-6.793,-6.793,395.69,395.69,6900.0
1.2528,-7.816,-7.816,395.068,395.068,6900.0
1.2529,-9.406,-9.406,394.458,394.458,6900.0
1.253,-11.42,-10.928,393.87,393.87,6900.0
1.2531,-12.386,-12.386,393.311,393.311,6900.0
1.2532,-13.362,-13.362,392.783,392.783,6900.0
1.2533,-14.45,-14.45,392.264,392.264,6900.0
1.2534,-16.033,-16.033,391.763,391.763,6900.0
1.2535,-17.614,-17.614,391.3,391.3,6900.0
1.2536,-19.133,-19.133,390.892,390.892,6900.0
1.2537,-20.095,-20.095,390.537,390.537,6900.0
1.2538,-21.143,-21.143,390.202,390.202,6900.0
1.2539,-22.324,-22.324,389.893,389.893,6900.0
1.254,-23.589,-23.589,389.621,389.621,6900.0
1.2541,-25.172,-25.172,389.399,389.399,6900.0
1.2542,-26.18,-26.18,389.232,389.232,6900.0
1.2543,-27.242,-27.242,389.101,389.101,6900.0
1.2544,-28.231,-28.231,389.007,389.007,6900.0
1.2545,-29.206,-29.206,388.953,388.953,6900.0
1.2546,-30.521,-30.521,388.941,388.941,6900.0
1.2547,-31.59,-31.59,388.986,388.986,6900.0
1.2548,-32.59,-32.59,389.083,389.083,6900.0
1.2549,-33.518,-33.518,389.232,389.232,6900.0
1.255,-34.272,-34.272,389.424,389.424,6900.0
1.2551,-35.101,-35.101,389.647,389.647,6900.0
1.2552,-36.145,-36.145,389.908,389.908,6900.0
1.2553,-36.982,-36.982,390.216,390.216,6900.0
1.2554,-37.619,-37.619,390.58,390.58,6900.0
1.2555,-38.229,-38.229,390.974,390.974,6900.0
1.2556,-38.648,-38.648,391.388,391.388,6900.0
1.2557,-39.593,-39.593,391.827,391.827,6900.0
1.2558,-40.288,-40.288,392.306,392.306,6900.0
1.2559,-40.884,-40.884,392.84,392.84,6900.0
1.256,-41.063,-41.063,393.411,393.411,6900.0
1.2561,-41.321,-41.321,393.983,393.983,6900.0
1.2562,-41.715,-41.715,394.582,394.582,6900.0
1.2563,-41.989,-41.989,395.197,395.197,6900.0
1.2564,-42.327,-42.327,395.844,395.844,6900.0
1.2565,-42.459,-42.459,396.511,396.511,6900.0
1.2566,-42.545,-42.545,397.17,397.17,6900.0
1.2567,-42.611,-42.611,397.841,397.841,6900.0
1.2568,-42.578,-42.578,398.506,398.506,6900.0
1.2569,-42.772,-42.772,399.174,399.174,6900.0
1.257,-42.673,-42.673,399.856,399.856,6900.0
1.2571,-42.526,-42.526,400.527,400.527,6900.0
1.2572,-42.424,-42.424,401.204,401.204,6900.0
1.2573,-42.096,-42.096,401.871,401.871,6900.0
1.2574,-42.108,-42.108,402.519,402.519,6900.0
1.2575,-41.73,-41.73,403.174,403.174,6900.0
1.2576,-41.566,-41.566,403.806,403.806,6900.0
1.2577,-41.233,-41.233,404.44,404.44,6900.0
1.2578,-40.77,-40.77,405.047,405.047,6900.0
1.2579,-40.453,-40.453,405.615,405.615,6900.0
1.258,-40.019,-40.019,406.167,406.167,6900.0
1.2581,-39.665,-39.665,406.69,406.69,6900.0
1.2582,-39.095,-39.095,407.203,407.203,6900.0
1.2583,-38.398,-38.398,407.684,407.684,6900.0
1.2584,-37.702,-37.702,408.119,408.119,6900.0
1.2585,-36.895,-36.895,408.523,408.523,6900.0
1.2586,-36.46,-36.46,408.89,408.89,6900.0
1.2587,-35.817,-35.817,409.24,409.24,6900.0
1.2588,-34.996,-34.996,409.557,409.557,6900.0
1.2589,-34.119,-34.119,409.831,409.831,6900.0
1.259,-33.468,-33.468,410.064,410.064,6900.0
1.2591,-32.845,-32.845,410.261,410.261,6900.0
1.2592,-31.93,-31.93,410.426,410.426,6900.0
1.2593,-31.066,-31.066,410.551,410.551,6900.0
1.2594,-30.102,-30.102,410.639,410.639,6900.0
1.2595,-28.934,-28.934,410.686,410.686,6900.0
1.2596,-27.941,-27.941,410.678,410.678,6900.0
1.2597,-27.022,-27.022,410.62,410.62,6900.0
1.2598,-25.944,-25.944,410.529,410.529,6900.0
1.2599,-24.982,-24.982,410.408,410.408,6900.0
1.26,-23.652,-23.652,410.259,410.259,6900.0
1.2601,-22.464,-22.464,410.052,410.052,6900.0
1.2602,-21.566,-21.566,409.792,409.792,6900.0
1.2603,-20.708,-20.708,409.504,409.504,6900.0
1.2604,-19.915,-19.915,409.201,409.201,6900.0
1.2605,-18.414,-18.414,408.883,408.883,6900.0
1.2606,-16.79,-16.79,408.514,408.514,6900.0
1.2607,-15.763,-15.763,408.091,408.091,6900.0
1.2608,-14.476,-14.476,407.637,407.637,6900.0
1.2609,-13.746,-13.746,407.154,407.154,6900.0
1.261,-12.359,-12.359,406.654,406.654,6900.0
1.2611,-10.929,-10.929,406.12,406.12,6900.0
1.2612,-9.791,-9.791,405.557,405.557,6900.0
1.2613,-8.589,-8.589,404.976,404.976,6900.0
1.2614,-7.479,-7.479,404.378,404.378,6900.0
1.2615,-6.062,-6.062,403.768,403.768,6900.0
1.2616,-4.647,-4.647,403.142,403.142,6900.0
1.2617,-3.367,-3.367,402.503,402.503,6900.0
1.2618,-2.037,-2.037,401.854,401.854,6900.0
1.2619,-0.909,-0.909,401.196,401.196,6900.0
1.262,-0.662,-0.662,400.535,400.535,6900.0
1.2621,-0.0,-0.0,399.872,399.872,6900.0
1.2622,1.773,1.773,399.207,399.207,6900.0
1.2623,1.98,1.98,398.546,398.546,6900.0
1.2624,3.114,3.114,397.886,397.886,6900.0
1.2625,4.132,4.132,397.235,397.235,6900.0
1.2626,5.315,5.315,396.59,396.59,6900.0
1.2627,6.77,6.77,395.952,395.952,6900.0
1.2628,8.034,8.034,395.33,395.33,6900.0
1.2629,9.649,9.649,394.722,394.722,6900.0
1.263,10.944,10.944,394.141,394.141,6900.0
1.2631,12.399,11.91,393.577,393.577,6900.0
1.2632,13.451,13.451,393.021,393.021,6900.0
1.2633,15.079,15.079,392.496,392.496,6900.0
1.2634,16.57,16.57,392.013,392.013,6900.0
1.2635,17.766,17.766,391.584,391.584,6900.0
1.2636,18.637,18.637,391.187,391.187,6900.0
1.2637,19.892,19.892,390.803,390.803,6900.0
1.2638,21.349,21.349,390.451,390.451,6900.0
1.2639,22.785,22.785,390.147,390.147,6900.0
1.264,23.801,23.801,389.901,389.901,6900.0
1.2641,24.841,24.841,389.693,389.693,6900.0
1.2642,25.733,25.733,389.514,389.514,6900.0
1.2643,26.853,26.853,389.368,389.368,6900.0
1.2644,28.034,28.034,389.266,389.266,6900.0
1.2645,29.069,29.069,389.214,389.214,6900.0
1.2646,30.197,30.197,389.209,389.209,6900.0
1.2647,31.102,31.102,389.257,389.257,6900.0
1.2648,32.0,32.0,389.347,389.347,6900.0
1.2649,32.957,32.957,389.477,389.477,6900.0
1.265,33.882,33.882,389.645,389.645,6900.0
1.2651,34.804,34.804,389.856,389.856,6900.0
1.2652,35.751,35.751,390.119,390.119,6900.0
1.2653,36.404,36.404,390.43,390.43,6900.0
1.2654,36.918,36.918,390.769,390.769,6900.0
1.2655,37.75,37.75,391.125,391.125,6900.0
1.2656,38.59,38.59,391.525,391.525,6900.0
1.2657,39.37,39.37,391.975,391.975,6900.0
1.2658,39.81,39.81,392.476,392.476,6900.0
1.2659,40.083,40.083,392.995,392.995,6900.0
1.266,40.805,40.805,393.522,393.522,6900.0
1.2661,40.938,40.938,394.091,394.091,6900.0
1.2662,41.48,41.48,394.672,394.672,6900.0
1.2663,41.61,41.61,395.299,395.299,6900.0
1.2664,41.606,41.606,395.929,395.929,6900.0
1.2665,41.898,41.898,396.554,396.554,6900.0
1.2666,42.021,42.021,397.199,397.199,6900.0
1.2667,42.34,42.34,397.839,397.839,6900.0
1.2668,42.492,42.492,398.509,398.509,6900.0
1.2669,42.471,42.471,399.18,399.18,6900.0
1.267,42.715,42.715,399.851,399.851,6900.0
1.2671,42.542,42.542,400.535,400.535,6900.0
1.2672,42.293,42.293,401.2,401.2,6900.0
1.2673,42.232,42.232,401.867,401.867,6900.0
1.2674,41.821,41.821,402.528,402.528,6900.0
1.2675,41.613,41.613,403.178,403.178,6900.0
1.2676,41.261,41.261,403.821,403.821,6900.0
1.2677,40.846,40.846,404.428,404.428,6900.0
1.2678,40.572,40.572,405.016,405.016,6900.0
1.2679,40.145,40.145,405.58,405.58,6900.0
1.268,40.017,40.017,406.128,406.128,6900.0
1.2681,39.404,39.404,406.665,406.665,6900.0
1.2682,38.702,38.702,407.16,407.16,6900.0
1.2683,38.202,38.202,407.619,407.619,6900.0
1.2684,37.636,37.636,408.05,408.05,6900.0
1.2685,37.172,37.172,408.461,408.461,6900.0
1.2686,36.274,36.274,408.851,408.851,6900.0
1.2687,35.383,35.383,409.197,409.197,6900.0
1.2688,34.792,34.792,409.495,409.495,6900.0
1.2689,34.098,34.098,409.76,409.76,6900.0
1.269,33.309,33.309,409.992,409.992,6900.0
1.2691,32.458,32.458,410.188,410.188,6900.0
1.2692,31.632,31.632,410.346,410.346,6900.0
1.2693,30.528,30.528,410.464,410.464,6900.0
1.2694,29.651,29.651,410.533,410.533,6900.0
1.2695,28.682,28.682,410.554,410.554,6900.0
1.2696,27.903,27.903,410.533,410.533,6900.0
1.2697,27.193,27.193,410.482,410.482,6900.0
1.2698,25.976,25.976,410.413,410.413,6900.0
1.2699,24.619,24.619,410.295,410.295,6900.0
1.27,23.447,23.447,410.118,410.118,6900.0
1.2701,22.683,22.683,409.896,409.896,6900.0
1.2702,21.796,21.796,409.654,409.654,6900.0
1.2703,20.717,20.717,409.399,409.399,6900.0
1.2704,19.147,19.147,409.104,409.104,6900.0
1.2705,17.897,17.897,408.745,408.745,6900.0
1.2706,17.085,17.085,408.344,408.344,6900.0
1.2707,16.11,16.11,407.914,407.914,6900.0
1.2708,15.022,15.022,407.467,407.467,6900.0
1.2709,13.464,13.464,406.994,406.994,6900.0
1.271,12.088,12.088,406.482,406.482,6900.0
1.2711,11.113,11.113,405.945,405.945,6900.0
1.2712,10.0,10.0,405.388,405.388,6900.0
1.2713,8.716,8.716,404.818,404.818,6900.0
1.2714,7.213,7.213,404.23,404.23,6900.0
1.2715,5.603,5.603,403.62,403.62,6900.0
1.2716,4.367,4.367,402.992,402.992,6900.0
1.2717,2.833,2.833,402.351,402.351,6900.0
1.2718,1.575,1.575,401.698,401.698,6900.0
1.2719,0.496,0.496,401.039,401.039,6900.0
1.272,0.0,0.0,400.377,400.377,6900.0
1.2721,0.0,0.0,399.714,399.714,6900.0
1.2722,-1.488,-1.488,399.05,399.05,6900.0
1.2723,-2.271,-2.271,398.389,398.389,6900.0
1.2724,-3.245,-3.245,397.73,397.73,6900.0
1.2725,-4.225,-4.225,397.075,397.075,6900.0
1.2726,-5.625,-5.625,396.427,396.427,6900.0
1.2727,-6.907,-6.907,395.788,395.788,6900.0
1.2728,-8.434,-8.434,395.166,395.166,6900.0
1.2729,-9.414,-9.414,394.564,394.564,6900.0
1.273,-10.727,-10.727,393.971,393.971,6900.0
1.2731,-12.249,-12.249,393.398,393.398,6900.0
1.2732,-13.628,-13.628,392.855,392.855,6900.0
1.2733,-15.09,-15.09,392.354,392.354,6900.0
1.2734,-15.958,-15.958,391.894,391.894,6900.0
1.2735,-16.905,-16.905,391.448,391.448,6900.0
1.2736,-18.495,-18.495,391.017,391.017,6900.0
1.2737,-20.093,-20.093,390.627,390.627,6900.0
1.2738,-21.546,-21.546,390.292,390.292,6900.0
1.2739,-22.612,-22.612,390.007,390.007,6900.0
1.274,-23.63,-23.63,389.749,389.749,6900.0
1.2741,-24.912,-24.912,389.517,389.517,6900.0
1.2742,-26.137,-26.137,389.328,389.328,6900.0
1.2743,-27.37,-27.37,389.188,389.188,6900.0
1.2744,-28.442,-28.442,389.101,389.101,6900.0
1.2745,-29.409,-29.409,389.063,389.063,6900.0
1.2746,-30.592,-30.592,389.069,389.069,6900.0
1.2747,-31.512,-31.512,389.127,389.127,6900.0
1.2748,-32.5,-32.5,389.226,389.226,6900.0
1.2749,-33.559,-33.559,389.368,389.368,6900.0
1.275,-34.463,-34.463,389.561,389.561,6900.0
1.2751,-35.244,-35.244,389.803,389.803,6900.0
1.2752,-35.885,-35.885,390.08,390.08,6900.0
1.2753,-36.533,-36.533,390.378,390.378,6900.0
1.2754,-37.567,-37.567,390.707,390.707,6900.0
1.2755,-38.389,-38.389,391.079,391.079,6900.0
1.2756,-39.031,-39.031,391.512,391.512,6900.0
1.2757,-39.503,-39.503,391.981,391.981,6900.0
1.2758,-39.848,-39.848,392.466,392.466,6900.0
1.2759,-40.357,-40.357,392.98,392.98,6900.0
1.276,-40.893,-40.893,393.518,393.518,6900.0
1.2761,-41.52,-41.52,394.105,394.105,6900.0
1.2762,-41.657,-41.657,394.727,394.727,6900.0
1.2763,-41.887,-41.887,395.344,395.344,6900.0
1.2764,-42.154,-42.154,395.98,395.98,6900.0
1.2765,-42.233,-42.233,396.62,396.62,6900.0
1.2766,-42.317,-42.317,397.276,397.276,6900.0
1.2767,-42.234,-42.234,397.943,397.943,6900.0
1.2768,-42.394,-42.394,398.592,398.592,6900.0
1.2769,-42.436,-42.436,399.261,399.261,6900.0
1.277,-42.326,-42.326,399.927,399.927,6900.0
1.2771,-42.694,-42.694,400.589,400.589,6900.0
1.2772,-42.642,-42.514,401.273,401.273,6900.0
1.2773,-42.351,-42.351,401.944,401.944,6900.0
1.2774,-42.223,-42.223,402.622,402.622,6900.0
1.2775,-41.814,-41.814,403.285,403.285,6900.0
1.2776,-41.515,-41.515,403.918,403.918,6900.0
1.2777,-41.161,-41.161,404.538,404.538,6900.0
1.2778,-40.79,-40.79,405.131,405.131,6900.0
1.2779,-40.335,-40.335,405.713,405.713,6900.0
1.278,-39.674,-39.674,406.266,406.266,6900.0
1.2781,-39.346,-39.346,406.77,406.77,6900.0
1.2782,-38.771,-38.771,407.259,407.259,6900.0
1.2783,-38.268,-38.268,407.721,407.721,6900.0
1.2784,-37.615,-37.615,408.169,408.169,6900.0
1.2785,-36.793,-36.793,408.586,408.586,6900.0
1.2786,-36.204,-36.204,408.955,408.955,6900.0
1.2787,-35.475,-35.475,409.294,409.294,6900.0
1.2788,-34.954,-34.954,409.596,409.596,6900.0
1.2789,-34.401,-34.401,409.871,409.871,6900.0
1.279,-33.53,-33.53,410.116,410.116,6900.0
1.2791,-32.566,-32.566,410.317,410.317,6900.0
1.2792,-31.549,-31.549,410.471,410.471,6900.0
1.2793,-30.588,-30.588,410.578,410.578,6900.0
1.2794,-29.736,-29.736,410.638,410.638,6900.0
1.2795,-28.776,-28.776,410.664,410.664,6900.0
1.2796,-27.892,-27.892,410.658,410.658,6900.0
1.2797,-26.723,-26.723,410.618,410.618,6900.0
1.2798,-25.594,-25.594,410.525,410.525,6900.0
1.2799,-24.728,-24.728,410.382,410.382,6900.0
1.28,-23.915,-23.915,410.207,410.207,6900.0
1.2801,-23.172,-23.172,410.012,410.012,6900.0
1.2802,-21.833,-21.833,409.797,409.797,6900.0
1.2803,-20.289,-20.289,409.522,409.522,6900.0
1.2804,-19.204,-19.204,409.186,409.186,6900.0
1.2805,-18.302,-18.302,408.816,408.816,6900.0
1.2806,-17.453,-17.453,408.426,408.426,6900.0
1.2807,-15.971,-15.971,408.022,408.022,6900.0
1.2808,-14.479,-14.479,407.577,407.577,6900.0
1.2809,-13.479,-13.479,407.093,407.093,6900.0
1.281,-12.127,-12.127,406.587,406.587,6900.0
1.2811,-11.15,-11.15,406.057,406.057,6900.0
1.2812,-9.78,-9.78,405.512,405.512,6900.0
1.2813,-8.21,-8.21,404.94,404.94,6900.0
1.2814,-6.972,-6.972,404.342,404.342,6900.0
1.2815,-5.724,-5.724,403.726,403.726,6900.0
1.2816,-4.34,-4.34,403.095,403.095,6900.0
1.2817,-2.885,-2.885,402.453,402.453,6900.0
1.2818,-1.96,-1.96,401.8,401.8,6900.0
1.2819,-0.795,-0.795,401.141,401.141,6900.0
1.282,-0.0,-0.0,400.48,400.48,6900.0
1.2821,-0.0,-0.0,399.816,399.816,6900.0
1.2822,1.094,1.094,399.153,399.153,6900.0
1.2823,2.076,2.076,398.49,398.49,6900.0
1.2824,3.032,3.032,397.829,397.829,6900.0
1.2825,4.121,4.121,397.173,397.173,6900.0
1.2826,5.654,5.654,396.524,396.524,6900.0
1.2827,6.718,6.718,395.892,395.892,6900.0
1.2828,7.866,7.866,395.271,395.271,6900.0
1.2829,9.227,9.227,394.66,394.66,6900.0
1.283,10.621,10.621,394.071,394.071,6900.0
1.2831,12.141,12.141,393.507,393.507,6900.0
1.2832,13.371,13.371,392.981,392.981,6900.0
1.2833,14.544,14.544,392.475,392.475,6900.0
1.2834,15.967,15.967,391.983,391.983,6900.0
1.2835,17.56,17.56,391.52,391.52,6900.0
1.2836,19.255,19.255,391.105,391.105,6900.0
1.2837,20.49,20.49,390.752,390.752,6900.0
1.2838,21.354,21.354,390.437,390.437,6900.0
1.2839,22.524,22.524,390.138,390.138,6900.0
1.284,23.738,23.738,389.87,389.87,6900.0
1.2841,24.999,24.999,389.645,389.645,6900.0
1.2842,26.018,26.018,389.471,389.471,6900.0
1.2843,27.046,27.046,389.337,389.337,6900.0
1.2844,28.252,28.252,389.24,389.24,6900.0
1.2845,29.377,29.377,389.188,389.188,6900.0
1.2846,30.455,30.455,389.184,389.184,6900.0
1.2847,31.611,31.611,389.228,389.228,6900.0
1.2848,32.413,32.413,389.33,389.33,6900.0
1.2849,33.196,33.196,389.483,389.483,6900.0
1.285,33.81,33.81,389.679,389.679,6900.0
1.2851,34.588,34.588,389.904,389.904,6900.0
1.2852,35.408,35.408,390.155,390.155,6900.0
1.2853,36.286,36.286,390.443,390.443,6900.0
1.2854,37.231,37.231,390.777,390.777,6900.0
1.2855,37.872,37.872,391.158,391.158,6900.0
1.2856,38.471,38.471,391.562,391.562,6900.0
1.2857,39.161,39.161,391.987,391.987,6900.0
1.2858,39.648,39.648,392.453,392.453,6900.0
1.2859,40.275,40.275,392.957,392.957,6900.0
1.286,40.603,40.603,393.515,393.515,6900.0
1.2861,41.047,41.047,394.09,394.09,6900.0
1.2862,41.652,41.652,394.683,394.683,6900.0
1.2863,41.715,41.715,395.312,395.312,6900.0
1.2864,41.899,41.899,395.941,395.941,6900.0
1.2865,41.925,41.925,396.598,396.598,6900.0
1.2866,41.846,41.846,397.248,397.248,6900.0
1.2867,42.26,42.26,397.886,397.886,6900.0
1.2868,42.299,42.299,398.541,398.541,6900.0
1.2869,42.441,42.441,399.186,399.186,6900.0
1.287,42.472,42.472,399.855,399.855,6900.0
1.2871,42.142,42.142,400.522,400.522,6900.0
1.2872,42.26,42.26,401.184,401.184,6900.0
1.2873,41.932,41.932,401.859,401.859,6900.0
1.2874,41.646,41.646,402.507,402.507,6900.0
1.2875,41.65,41.65,403.15,403.15,6900.0
1.2876,41.3,41.3,403.784,403.784,6900.0
1.2877,41.046,41.046,404.407,404.407,6900.0
1.2878,40.481,40.481,405.016,405.016,6900.0
1.2879,40.008,40.008,405.579,405.579,6900.0
1.288,39.697,39.697,406.113,406.113,6900.0
1.2881,39.166,39.166,406.621,406.621,6900.0
1.2882,38.753,38.753,407.111,407.111,6900.0
1.2883,38.082,38.082,407.581,407.581,6900.0
1.2884,37.4,37.4,408.013,408.013,6900.0
1.2885,36.885,36.885,408.406,408.406,6900.0
1.2886,36.289,36.289,408.775,408.775,6900.0
1.2887,35.651,35.651,409.12,409.12,6900.0
1.2888,34.811,34.811,409.436,409.436,6900.0
1.2889,34.008,34.008,409.71,409.71,6900.0
1.289,33.196,33.196,409.941,409.941,6900.0
1.2891,32.305,32.305,410.131,410.131,6900.0
1.2892,31.461,31.461,410.279,410.279,6900.0
1.2893,30.603,30.603,410.387,410.387,6900.0
1.2894,29.832,29.832,410.458,410.458,6900.0
1.2895,28.815,28.815,410.497,410.497,6900.0
1.2896,27.512,27.512,410.491,410.491,6900.0
1.2897,26.542,26.542,410.424,410.424,6900.0
1.2898,25.637,25.637,410.317,410.317,6900.0
1.2899,24.811,24.811,410.182,410.182,6900.0
1.29,23.602,23.602,410.03,410.03,6900.0
1.2901,22.265,22.265,409.832,409.832,6900.0
1.2902,21.179,21.179,409.57,409.57,6900.0
1.2903,20.21,20.21,409.267,409.267,6900.0
1.2904,19.557,19.557,408.939,408.939,6900.0
1.2905,18.487,18.487,408.604,408.604,6900.0
1.2906,16.901,16.901,408.237,408.237,6900.0
1.2907,15.401,15.401,407.816,407.816,6900.0
1.2908,14.439,14.439,407.359,407.359,6900.0
1.2909,13.46,13.46,406.872,406.872,6900.0
1.291,12.268,12.268,406.37,406.37,6900.0
1.2911,10.952,10.952,405.841,405.841,6900.0
1.2912,9.669,9.669,405.282,405.282,6900.0
1.2913,8.367,8.367,404.701,404.701,6900.0
1.2914,7.129,7.129,404.099,404.099,6900.0
1.2915,5.796,5.796,403.484,403.484,6900.0
1.2916,4.361,4.361,402.854,402.854,6900.0
1.2917,2.859,2.859,402.212,402.212,6900.0
1.2918,1.466,1.466,401.56,401.56,6900.0
1.2919,0.401,0.401,400.9,400.9,6900.0
1.292,0.0,0.0,400.238,400.238,6900.0
1.2921,0.0,0.0,399.574,399.574,6900.0
1.2922,-1.682,-1.682,398.909,398.909,6900.0
1.2923,-2.706,-2.706,398.247,398.247,6900.0
1.2924,-3.26,-3.26,397.588,397.588,6900.0
1.2925,-4.528,-4.528,396.936,396.936,6900.0
1.2926,-5.543,-5.543,396.294,396.294,6900.0
1.2927,-6.67,-6.67,395.659,395.659,6900.0
1.2928,-8.277,-8.277,395.035,395.035,6900.0
1.2929,-9.557,-9.557,394.43,394.43,6900.0
1.293,-11.178,-11.178,393.85,393.85,6900.0
1.2931,-12.239,-12.239,393.296,393.296,6900.0
1.2932,-13.363,-13.363,392.753,392.753,6900.0
1.2933,-14.979,-14.979,392.228,392.228,6900.0
1.2934,-16.395,-16.395,391.739,391.739,6900.0
1.2935,-17.932,-17.932,391.298,391.298,6900.0
1.2936,-19.061,-19.061,390.907,390.907,6900.0
1.2937,-19.867,-19.867,390.538,390.538,6900.0
1.2938,-21.23,-21.23,390.189,390.189,6900.0
1.2939,-22.608,-22.608,389.88,389.88,6900.0
1.294,-24.016,-24.016,389.624,389.624,6900.0
1.2941,-25.15,-25.15,389.42,389.42,6900.0
1.2942,-26.161,-26.161,389.254,389.254,6900.0
1.2943,-27.266,-27.266,389.121,389.121,6900.0
1.2944,-28.286,-28.286,389.03,389.03,6900.0
1.2945,-29.315,-29.315,388.984,388.984,6900.0
1.2946,-30.612,-30.612,388.984,388.984,6900.0
1.2947,-31.786,-31.786,389.039,389.039,6900.0
1.2948,-32.625,-32.625,389.148,389.148,6900.0
1.2949,-33.303,-33.303,389.298,389.298,6900.0
1.295,-34.168,-34.168,389.476,389.476,6900.0
1.2951,-35.277,-35.277,389.695,389.695,6900.0
1.2952,-36.298,-36.298,389.962,389.962,6900.0
1.2953,-37.153,-37.153,390.289,390.289,6900.0
1.2954,-37.719,-37.719,390.656,390.656,6900.0
1.2955,-38.347,-38.347,391.04,391.04,6900.0
1.2956,-38.953,-38.953,391.459,391.459,6900.0
1.2957,-39.573,-39.573,391.911,391.911,6900.0
1.2958,-40.209,-40.209,392.417,392.417,6900.0
1.2959,-40.455,-40.455,392.959,392.959,6900.0
1.296,-40.764,-40.764,393.506,393.506,6900.0
1.2961,-41.476,-41.476,394.076,394.076,6900.0
1.2962,-41.873,-41.873,394.672,394.672,6900.0
1.2963,-42.145,-42.145,395.306,395.306,6900.0
1.2964,-42.242,-42.242,395.958,395.958,6900.0
1.2965,-42.181,-42.181,396.601,396.601,6900.0
1.2966,-42.363,-42.363,397.254,397.254,6900.0
1.2967,-42.254,-42.254,397.909,397.909,6900.0
1.2968,-42.698,-42.698,398.566,398.566,6900.0
1.2969,-42.603,-42.603,399.252,399.252,6900.0
1.297,-42.697,-42.697,399.923,399.923,6900.0
1.2971,-42.527,-42.527,400.612,400.612,6900.0
1.2972,-42.132,-42.132,401.29,401.29,6900.0
1.2973,-42.138,-42.138,401.946,401.946,6900.0
1.2974,-41.937,-41.937,402.607,402.607,6900.0
1.2975,-41.763,-41.763,403.252,403.252,6900.0
1.2976,-41.438,-41.438,403.898,403.898,6900.0
1.2977,-40.993,-40.993,404.518,404.518,6900.0
1.2978,-40.743,-40.743,405.101,405.101,6900.0
1.2979,-40.403,-40.403,405.669,405.669,6900.0
1.298,-40.117,-40.117,406.212,406.212,6900.0
1.2981,-39.528,-39.528,406.749,406.749,6900.0
1.2982,-38.852,-38.852,407.252,407.252,6900.0
1.2983,-38.21,-38.21,407.71,407.71,6900.0
1.2984,-37.631,-37.631,408.143,408.143,6900.0
1.2985,-37.033,-37.033,408.547,408.547,6900.0
1.2986,-36.313,-36.313,408.933,408.933,6900.0
1.2987,-35.639,-35.639,409.283,409.283,6900.0
1.2988,-34.845,-34.845,409.59,409.59,6900.0
1.2989,-34.182,-34.182,409.857,409.857,6900.0
1.299,-33.356,-33.356,410.089,410.089,6900.0
1.2991,-32.527,-32.527,410.281,410.281,6900.0
1.2992,-31.702,-31.702,410.435,410.435,6900.0
1.2993,-30.764,-30.764,410.551,410.551,6900.0
1.2994,-29.675,-29.675,410.625,410.625,6900.0
1.2995,-28.638,-28.638,410.649,410.649,6900.0
1.2996,-27.681,-27.681,410.625,410.625,6900.0
1.2997,-26.821,-26.821,410.564,410.564,6900.0
1.2998,-25.932,-25.932,410.481,410.481,6900.0
1.2999,-24.617,-24.617,410.367,410.367,6900.0
