t,Iac_real,Iac_int,Vdc_real,Vdc_int,P_charge
0.6,-20.937,-20.937,410.118,410.118,
0.6001,-19.93,-19.93,409.828,409.828,6900.0
0.6002,-18.832,-18.832,409.502,409.502,6900.0
0.6003,-18.021,-18.021,409.15,409.15,6900.0
0.6004,-16.705,-16.705,408.779,408.779,6900.0
0.6005,-15.316,-15.316,408.366,408.366,6900.0
0.6006,-14.366,-14.366,407.914,407.914,6900.0
0.6007,-13.133,-13.133,407.44,407.44,6900.0
0.6008,-12.216,-12.216,406.941,406.941,6900.0
0.6009,-10.91,-10.91,406.424,406.424,6900.0
0.601,-9.435,-9.435,405.88,405.88,6900.0
0.6011,-8.275,-8.275,405.308,405.308,6900.0
0.6012,-6.99,-6.99,404.717,404.717,6900.0
0.6013,-5.824,-5.824,404.106,404.106,6900.0
0.6014,-4.714,-4.714,403.481,403.481,6900.0
0.6015,-3.541,-3.541,402.844,402.844,6900.0
0.6016,-2.287,-2.287,402.196,402.196,6900.0
0.6017,-1.334,-1.334,401.541,401.541,6900.0
0.6018,-1.217,-1.217,400.88,400.88,6900.0
0.6019,-0.0,-0.0,400.218,400.218,6900.0
0.602,0.526,0.526,399.554,399.554,6900.0
0.6021,1.322,1.322,398.89,398.89,6900.0
0.6022,1.814,1.814,398.227,398.227,6900.0
0.6023,3.063,3.063,397.567,397.567,6900.0
0.6024,3.824,3.824,396.915,396.915,6900.0
0.6025,4.719,4.719,396.268,396.268,6900.0
0.6026,6.04,6.04,395.628,395.628,6900.0
0.6027,7.386,7.386,395.002,395.002,6900.0
0.6028,8.87,8.87,394.396,394.396,6900.0
0.6029,10.043,10.043,393.818,393.818,6900.0
0.603,11.071,11.071,393.256,393.256,6900.0
0.6031,12.324,12.324,392.704,392.704,6900.0
0.6032,13.941,13.941,392.173,392.173,6900.0
0.6033,15.609,15.609,391.681,391.681,6900.0
0.6034,17.061,17.061,391.24,391.24,6900.0
0.6035,18.074,18.074,390.836,390.836,6900.0
0.6036,19.249,19.249,390.456,390.456,6900.0
0.6037,20.61,20.61,390.108,390.108,6900.0
0.6038,22.078,22.078,389.803,389.803,6900.0
0.6039,23.323,23.323,389.548,389.548,6900.0
0.604,24.517,24.517,389.335,389.335,6900.0
0.6041,25.805,25.805,389.161,389.161,6900.0
0.6042,26.963,26.963,389.029,389.029,6900.0
0.6043,28.135,28.135,388.936,388.936,6900.0
0.6044,29.481,29.481,388.884,388.884,6900.0
0.6045,30.767,30.767,388.884,388.884,6900.0
0.6046,31.974,31.974,388.944,388.944,6900.0
0.6047,32.929,32.929,389.061,389.061,6900.0
0.6048,33.688,33.688,389.22,389.22,6900.0
0.6049,34.748,34.748,389.411,389.411,6900.0
0.605,35.735,35.735,389.654,389.654,6900.0
0.6051,36.777,36.777,389.956,389.956,6900.0
0.6052,37.328,37.328,390.316,390.316,6900.0
0.6053,37.886,37.886,390.696,390.696,6900.0
0.6054,38.729,38.729,391.09,391.09,6900.0
0.6055,39.458,39.458,391.524,391.524,6900.0
0.6056,40.39,40.39,391.995,391.995,6900.0
0.6057,40.787,40.787,392.525,392.525,6900.0
0.6058,41.155,41.155,393.069,393.069,6900.0
0.6059,41.824,41.824,393.626,393.626,6900.0
0.606,42.128,42.128,394.226,394.226,6900.0
0.6061,42.79,42.79,394.842,394.842,6900.0
0.6062,43.033,43.033,395.515,395.515,6900.0
0.6063,42.945,42.945,396.2,396.2,6900.0
0.6064,43.353,43.353,396.886,396.886,6900.0
0.6065,43.331,43.331,397.595,397.595,6900.0
0.6066,43.393,43.393,398.293,398.293,6900.0
0.6067,43.417,43.417,399.009,399.009,6900.0
0.6068,43.154,43.154,399.715,399.715,6900.0
0.6069,43.249,43.249,400.415,400.415,6900.0
0.607,43.064,43.064,401.117,401.117,6900.0
0.6071,42.91,42.91,401.793,401.793,6900.0
0.6072,42.771,42.771,402.472,402.472,6900.0
0.6073,42.368,42.368,403.143,403.143,6900.0
0.6074,42.171,42.171,403.811,403.811,6900.0
0.6075,41.605,41.605,404.475,404.475,6900.0
0.6076,40.974,40.974,405.103,405.103,6900.0
0.6077,40.562,40.562,405.701,405.701,6900.0
0.6078,39.978,39.978,406.276,406.276,6900.0
0.6079,39.584,39.584,406.832,406.832,6900.0
0.608,38.884,38.884,407.363,407.363,6900.0
0.6081,38.129,38.129,407.848,407.848,6900.0
0.6082,37.435,37.435,408.287,408.287,6900.0
0.6083,36.773,36.773,408.689,408.689,6900.0
0.6084,36.129,36.129,409.068,409.068,6900.0
0.6085,35.486,35.486,409.418,409.418,6900.0
0.6086,34.696,34.696,409.736,409.736,6900.0
0.6087,33.84,33.84,410.015,410.015,6900.0
0.6088,33.065,33.065,410.258,410.258,6900.0
0.6089,32.204,32.204,410.464,410.464,6900.0
0.609,31.264,31.264,410.633,410.633,6900.0
0.6091,30.315,30.315,410.761,410.761,6900.0
0.6092,29.273,29.273,410.853,410.853,6900.0
0.6093,28.107,28.107,410.893,410.893,6900.0
0.6094,27.141,27.141,410.872,410.872,6900.0
0.6095,26.384,26.384,410.807,410.807,6900.0
0.6096,25.516,25.516,410.717,410.717,6900.0
0.6097,24.454,24.454,410.609,410.609,6900.0
0.6098,23.1,23.1,410.457,410.457,6900.0
0.6099,21.837,21.837,410.239,410.239,6900.0
0.61,21.039,21.039,409.976,409.976,6900.0
0.6101,20.201,20.201,409.688,409.688,6900.0
0.6102,19.292,19.292,409.389,409.389,6900.0
0.6103,17.783,17.783,409.061,409.061,6900.0
0.6104,16.567,16.567,408.681,408.681,6900.0
0.6105,15.572,15.572,408.268,408.268,6900.0
0.6106,14.309,14.309,407.824,407.824,6900.0
0.6107,13.295,13.295,407.357,407.357,6900.0
0.6108,11.996,11.996,406.864,406.864,6900.0
0.6109,10.555,10.555,406.337,406.337,6900.0
0.611,9.422,9.422,405.784,405.784,6900.0
0.6111,8.245,8.245,405.207,405.207,6900.0
0.6112,7.01,7.01,404.613,404.613,6900.0
0.6113,5.901,5.901,404.002,404.002,6900.0
0.6114,4.689,4.689,403.377,403.377,6900.0
0.6115,3.494,3.494,402.74,402.74,6900.0
0.6116,2.385,2.385,402.093,402.093,6900.0
0.6117,1.284,1.284,401.438,401.438,6900.0
0.6118,0.545,0.545,400.778,400.778,6900.0
0.6119,0.703,0.703,400.115,400.115,6900.0
0.612,-0.427,-0.427,399.452,399.452,6900.0
0.6121,-1.186,-1.186,398.788,398.788,6900.0
0.6122,-1.911,-1.911,398.125,398.125,6900.0
0.6123,-2.765,-2.765,397.467,397.467,6900.0
0.6124,-3.708,-3.708,396.812,396.812,6900.0
0.6125,-4.96,-4.96,396.165,396.165,6900.0
0.6126,-6.092,-6.092,395.529,395.529,6900.0
0.6127,-7.524,-7.524,394.909,394.909,6900.0
0.6128,-8.458,-8.458,394.309,394.309,6900.0
0.6129,-9.46,-9.46,393.714,393.714,6900.0
0.613,-11.107,-11.107,393.131,393.131,6900.0
0.6131,-12.66,-12.66,392.576,392.576,6900.0
0.6132,-14.346,-14.346,392.062,392.062,6900.0
0.6133,-15.492,-15.492,391.59,391.59,6900.0
0.6134,-16.586,-16.586,391.14,391.14,6900.0
0.6135,-17.873,-17.873,390.715,390.715,6900.0
0.6136,-19.344,-19.344,390.326,390.326,6900.0
0.6137,-20.742,-20.742,389.985,389.985,6900.0
0.6138,-21.984,-21.984,389.69,389.69,6900.0
0.6139,-23.29,-23.29,389.432,389.432,6900.0
0.614,-24.506,-24.506,389.215,389.215,6900.0
0.6141,-25.851,-25.851,389.036,389.036,6900.0
0.6142,-26.987,-26.987,388.902,388.902,6900.0
0.6143,-28.196,-28.196,388.812,388.812,6900.0
0.6144,-29.477,-29.477,388.769,388.769,6900.0
0.6145,-30.681,-30.681,388.779,388.779,6900.0
0.6146,-31.748,-31.748,388.835,388.835,6900.0
0.6147,-32.632,-32.632,388.93,388.93,6900.0
0.6148,-33.809,-33.809,389.07,389.07,6900.0
0.6149,-35.058,-35.058,389.264,389.264,6900.0
0.615,-35.837,-35.837,389.533,389.533,6900.0
0.6151,-36.684,-36.684,389.843,389.843,6900.0
0.6152,-37.313,-37.313,390.177,390.177,6900.0
0.6153,-38.193,-38.193,390.547,390.547,6900.0
0.6154,-39.026,-39.026,390.952,390.952,6900.0
0.6155,-39.793,-39.793,391.417,391.417,6900.0
0.6156,-40.16,-40.16,391.917,391.917,6900.0
0.6157,-40.699,-40.699,392.418,392.418,6900.0
0.6158,-41.4,-41.4,392.953,392.953,6900.0
0.6159,-41.829,-41.829,393.514,393.514,6900.0
0.616,-42.367,-42.367,394.121,394.121,6900.0
0.6161,-42.545,-42.545,394.762,394.762,6900.0
0.6162,-42.763,-42.763,395.404,395.404,6900.0
0.6163,-43.039,-43.039,396.074,396.074,6900.0
0.6164,-43.12,-43.12,396.755,396.755,6900.0
0.6165,-43.408,-43.408,397.45,397.45,6900.0
0.6166,-43.389,-43.389,398.167,398.167,6900.0
0.6167,-43.472,-43.472,398.872,398.872,6900.0
0.6168,-43.445,-43.445,399.593,399.593,6900.0
0.6169,-43.119,-43.119,400.302,400.302,6900.0
0.617,-43.158,-43.158,400.99,400.99,6900.0
0.6171,-42.916,-42.916,401.686,401.686,6900.0
0.6172,-42.769,-42.769,402.361,402.361,6900.0
0.6173,-42.374,-42.374,403.045,403.045,6900.0
0.6174,-41.936,-41.936,403.705,403.705,6900.0
0.6175,-41.591,-41.591,404.333,404.333,6900.0
0.6176,-41.234,-41.234,404.952,404.952,6900.0
0.6177,-40.803,-40.803,405.556,405.556,6900.0
0.6178,-40.215,-40.215,406.153,406.153,6900.0
0.6179,-39.394,-39.394,406.719,406.719,6900.0
0.618,-38.766,-38.766,407.234,407.234,6900.0
0.6181,-38.304,-38.304,407.716,407.716,6900.0
0.6182,-37.62,-37.62,408.171,408.171,6900.0
0.6183,-36.862,-36.862,408.596,408.596,6900.0
0.6184,-36.031,-36.031,408.981,408.981,6900.0
0.6185,-35.377,-35.377,409.318,409.318,6900.0
0.6186,-34.706,-34.706,409.622,409.622,6900.0
0.6187,-33.983,-33.983,409.893,409.893,6900.0
0.6188,-33.112,-33.112,410.133,410.133,6900.0
0.6189,-32.094,-32.094,410.342,410.342,6900.0
0.619,-31.275,-31.275,410.513,410.513,6900.0
0.6191,-30.23,-30.23,410.644,410.644,6900.0
0.6192,-29.164,-29.164,410.722,410.722,6900.0
0.6193,-28.238,-28.238,410.75,410.75,6900.0
0.6194,-27.465,-27.465,410.739,410.739,6900.0
0.6195,-26.667,-26.667,410.703,410.703,6900.0
0.6196,-25.377,-25.377,410.636,410.636,6900.0
0.6197,-24.082,-24.082,410.506,410.506,6900.0
0.6198,-23.187,-23.187,410.319,410.319,6900.0
0.6199,-22.235,-22.235,410.103,410.103,6900.0
0.62,-21.468,-21.468,409.87,409.87,6900.0
0.6201,-20.105,-20.105,409.623,409.623,6900.0
0.6202,-18.692,-18.692,409.323,409.323,6900.0
0.6203,-17.718,-17.718,408.973,408.973,6900.0
0.6204,-16.561,-16.561,408.589,408.589,6900.0
0.6205,-15.633,-15.633,408.176,408.176,6900.0
0.6206,-14.316,-14.316,407.739,407.739,6900.0
0.6207,-12.908,-12.908,407.266,407.266,6900.0
0.6208,-12.023,-12.023,406.756,406.756,6900.0
0.6209,-10.66,-10.66,406.226,406.226,6900.0
0.621,-9.593,-9.593,405.672,405.672,6900.0
0.6211,-8.366,-8.366,405.102,405.102,6900.0
0.6212,-7.068,-7.068,404.512,404.512,6900.0
0.6213,-5.93,-5.93,403.903,403.903,6900.0
0.6214,-4.599,-4.599,403.279,403.279,6900.0
0.6215,-3.482,-3.482,402.643,402.643,6900.0
0.6216,-2.214,-2.214,401.996,401.996,6900.0
0.6217,-1.225,-1.225,401.341,401.341,6900.0
0.6218,-0.311,-0.311,400.681,400.681,6900.0
0.6219,-0.0,-0.0,400.018,400.018,6900.0
0.622,0.979,0.979,399.354,399.354,6900.0
0.6221,1.261,1.261,398.69,398.69,6900.0
0.6222,1.678,1.678,398.027,398.027,6900.0
0.6223,2.848,2.848,397.366,397.366,6900.0
0.6224,3.733,3.733,396.711,396.711,6900.0
0.6225,5.133,5.133,396.064,396.064,6900.0
0.6226,6.066,6.066,395.431,395.431,6900.0
0.6227,7.019,7.019,394.807,394.807,6900.0
0.6228,8.413,8.413,394.188,394.188,6900.0
0.6229,9.929,9.929,393.589,393.589,6900.0
0.623,11.624,11.624,393.017,393.017,6900.0
0.6231,12.856,12.856,392.485,392.485,6900.0
0.6232,13.836,13.836,391.977,391.977,6900.0
0.6233,15.07,15.07,391.482,391.482,6900.0
0.6234,16.685,16.685,391.015,391.015,6900.0
0.6235,18.234,18.234,390.591,390.591,6900.0
0.6236,19.459,19.459,390.219,390.219,6900.0
0.6237,20.599,20.599,389.885,389.885,6900.0
0.6238,21.871,21.871,389.581,389.581,6900.0
0.6239,23.219,23.219,389.315,389.315,6900.0
0.624,24.546,24.546,389.092,389.092,6900.0
0.6241,25.981,25.981,388.915,388.915,6900.0
0.6242,27.161,27.161,388.788,388.788,6900.0
0.6243,28.377,28.377,388.708,388.708,6900.0
0.6244,29.38,29.38,388.675,388.675,6900.0
0.6245,30.457,30.457,388.678,388.678,6900.0
0.6246,31.72,31.72,388.719,388.719,6900.0
0.6247,32.726,32.726,388.815,388.815,6900.0
0.6248,33.965,33.965,388.967,388.967,6900.0
0.6249,34.78,34.78,389.182,389.182,6900.0
0.625,35.653,35.653,389.43,389.43,6900.0
0.6251,36.597,36.597,389.71,389.71,6900.0
0.6252,37.402,37.402,390.039,390.039,6900.0
0.6253,38.404,38.404,390.419,390.419,6900.0
0.6254,39.068,39.068,390.856,390.856,6900.0
0.6255,39.488,39.488,391.316,391.316,6900.0
0.6256,40.344,40.344,391.786,391.786,6900.0
0.6257,40.868,40.868,392.297,392.297,6900.0
0.6258,41.541,41.541,392.838,392.838,6900.0
0.6259,41.875,41.875,393.432,393.432,6900.0
0.626,41.973,41.973,394.037,394.037,6900.0
0.6261,42.537,42.537,394.648,394.648,6900.0
0.6262,42.78,42.78,395.293,395.293,6900.0
0.6263,43.234,43.234,395.948,395.948,6900.0
0.6264,43.366,43.366,396.648,396.648,6900.0
0.6265,43.395,43.395,397.35,397.35,6900.0
0.6266,43.526,43.526,398.061,398.061,6900.0
0.6267,43.433,43.433,398.782,398.782,6900.0
0.6268,43.371,43.371,399.483,399.483,6900.0
0.6269,43.354,43.354,400.196,400.196,6900.0
0.627,42.987,42.987,400.9,400.9,6900.0
0.6271,42.962,42.962,401.595,401.595,6900.0
0.6272,42.631,42.631,402.287,402.287,6900.0
0.6273,42.232,42.232,402.949,402.949,6900.0
0.6274,42.058,42.058,403.599,403.599,6900.0
0.6275,41.726,41.726,404.235,404.235,6900.0
0.6276,41.315,41.315,404.868,404.868,6900.0
0.6277,40.72,40.72,405.487,405.487,6900.0
0.6278,39.948,39.948,406.068,406.068,6900.0
0.6279,39.586,39.586,406.61,406.61,6900.0
0.628,38.94,38.94,407.13,407.13,6900.0
0.6281,38.427,38.427,407.627,407.627,6900.0
0.6282,37.735,37.735,408.097,408.097,6900.0
0.6283,36.886,36.886,408.524,408.524,6900.0
0.6284,36.192,36.192,408.902,408.902,6900.0
0.6285,35.536,35.536,409.243,409.243,6900.0
0.6286,34.794,34.794,409.557,409.557,6900.0
0.6287,33.94,33.94,409.84,409.84,6900.0
0.6288,33.133,33.133,410.085,410.085,6900.0
0.6289,32.146,32.146,410.295,410.295,6900.0
0.629,31.246,31.246,410.459,410.459,6900.0
0.6291,30.419,30.419,410.578,410.578,6900.0
0.6292,29.532,29.532,410.657,410.657,6900.0
0.6293,28.724,28.724,410.703,410.703,6900.0
0.6294,27.538,27.538,410.721,410.721,6900.0
0.6295,26.295,26.295,410.689,410.689,6900.0
0.6296,25.38,25.38,410.592,410.592,6900.0
0.6297,24.452,24.452,410.457,410.457,6900.0
0.6298,23.563,23.563,410.295,410.295,6900.0
0.6299,22.6,22.6,410.119,410.119,6900.0
0.63,21.0,21.0,409.905,409.905,6900.0
0.6301,19.893,19.893,409.621,409.621,6900.0
0.6302,18.807,18.807,409.297,409.297,6900.0
0.6303,17.972,17.972,408.938,408.938,6900.0
0.6304,16.88,16.88,408.563,408.563,6900.0
0.6305,15.395,15.395,408.157,408.157,6900.0
0.6306,14.262,14.262,407.706,407.706,6900.0
0.6307,13.205,13.205,407.229,407.229,6900.0
0.6308,12.041,12.041,406.727,406.727,6900.0
0.6309,10.981,10.981,406.207,406.207,6900.0
0.631,9.591,9.591,405.667,405.667,6900.0
0.6311,8.347,8.347,405.099,405.099,6900.0
0.6312,7.058,7.058,404.51,404.51,6900.0
0.6313,5.803,5.803,403.901,403.901,6900.0
0.6314,4.579,4.579,403.277,403.277,6900.0
0.6315,3.423,3.423,402.639,402.639,6900.0
0.6316,2.37,2.37,401.991,401.991,6900.0
0.6317,1.214,1.214,401.335,401.335,6900.0
0.6318,1.424,1.424,400.674,400.674,6900.0
0.6319,0.0,0.0,400.012,400.012,6900.0
0.632,-0.825,-0.825,399.348,399.348,6900.0
0.6321,-1.415,-1.415,398.683,398.683,6900.0
0.6322,-1.842,-1.842,398.02,398.02,6900.0
0.6323,-2.795,-2.795,397.359,397.359,6900.0
0.6324,-3.878,-3.878,396.704,396.704,6900.0
0.6325,-4.729,-4.729,396.058,396.058,6900.0
0.6326,-5.797,-5.797,395.416,395.416,6900.0
0.6327,-7.368,-7.368,394.785,394.785,6900.0
0.6328,-8.706,-8.706,394.173,394.173,6900.0
0.6329,-10.246,-10.246,393.587,393.587,6900.0
0.633,-11.192,-11.192,393.031,393.031,6900.0
0.6331,-12.248,-12.248,392.486,392.486,6900.0
0.6332,-13.695,-13.695,391.957,391.957,6900.0
0.6333,-15.463,-15.463,391.46,391.46,6900.0
0.6334,-17.023,-17.023,391.011,391.011,6900.0
0.6335,-18.198,-18.198,390.607,390.607,6900.0
0.6336,-19.218,-19.218,390.23,390.23,6900.0
0.6337,-20.579,-20.579,389.878,389.878,6900.0
0.6338,-21.919,-21.919,389.563,389.563,6900.0
0.6339,-23.37,-23.37,389.293,389.293,6900.0
0.634,-24.55,-24.55,389.071,389.071,6900.0
0.6341,-25.794,-25.794,388.892,388.892,6900.0
0.6342,-27.071,-27.071,388.758,388.758,6900.0
0.6343,-28.268,-28.268,388.67,388.67,6900.0
0.6344,-29.391,-29.391,388.626,388.626,6900.0
0.6345,-30.657,-30.657,388.629,388.629,6900.0
0.6346,-31.924,-31.924,388.688,388.688,6900.0
0.6347,-32.936,-32.936,388.807,388.807,6900.0
0.6348,-33.743,-33.743,388.972,388.972,6900.0
0.6349,-34.7,-34.7,389.162,389.162,6900.0
0.635,-35.808,-35.808,389.397,389.397,6900.0
0.6351,-36.876,-36.876,389.679,389.679,6900.0
0.6352,-37.747,-37.747,390.027,390.027,6900.0
0.6353,-38.271,-38.271,390.417,390.417,6900.0
0.6354,-38.944,-38.944,390.819,390.819,6900.0
0.6355,-39.728,-39.728,391.258,391.258,6900.0
0.6356,-40.459,-40.459,391.733,391.733,6900.0
0.6357,-41.171,-41.171,392.266,392.266,6900.0
0.6358,-41.542,-41.542,392.838,392.838,6900.0
0.6359,-41.851,-41.851,393.417,393.417,6900.0
0.636,-42.36,-42.36,394.024,394.024,6900.0
0.6361,-42.575,-42.575,394.65,394.65,6900.0
0.6362,-43.213,-43.213,395.303,395.303,6900.0
0.6363,-43.217,-43.217,395.989,395.989,6900.0
0.6364,-43.399,-43.399,396.664,396.664,6900.0
0.6365,-43.568,-43.568,397.363,397.363,6900.0
0.6366,-43.467,-43.467,398.064,398.064,6900.0
0.6367,-43.773,-43.773,398.764,398.764,6900.0
0.6368,-43.586,-43.586,399.486,399.486,6900.0
0.6369,-43.429,-43.429,400.196,400.196,6900.0
0.637,-43.362,-43.362,400.917,400.917,6900.0
0.6371,-42.966,-42.966,401.629,401.629,6900.0
0.6372,-42.962,-42.962,402.314,402.314,6900.0
0.6373,-42.401,-42.401,403.005,403.005,6900.0
0.6374,-42.218,-42.218,403.663,403.663,6900.0
0.6375,-41.729,-41.729,404.323,404.323,6900.0
0.6376,-41.15,-41.15,404.951,404.951,6900.0
0.6377,-40.86,-40.86,405.533,405.533,6900.0
0.6378,-40.293,-40.293,406.106,406.106,6900.0
0.6379,-39.846,-39.846,406.651,406.651,6900.0
0.638,-39.306,-39.306,407.189,407.189,6900.0
0.6381,-38.556,-38.556,407.698,407.698,6900.0
0.6382,-37.897,-37.897,408.16,408.16,6900.0
0.6383,-37.051,-37.051,408.591,408.591,6900.0
0.6384,-36.388,-36.388,408.984,408.984,6900.0
0.6385,-35.635,-35.635,409.348,409.348,6900.0
0.6386,-34.748,-34.748,409.677,409.677,6900.0
0.6387,-33.951,-33.951,409.958,409.958,6900.0
0.6388,-33.122,-33.122,410.199,410.199,6900.0
0.6389,-32.209,-32.209,410.4,410.4,6900.0
0.639,-31.321,-31.321,410.558,410.558,6900.0
0.6391,-30.368,-30.368,410.682,410.682,6900.0
0.6392,-29.499,-29.499,410.77,410.77,6900.0
0.6393,-28.56,-28.56,410.818,410.818,6900.0
0.6394,-27.374,-27.374,410.818,410.818,6900.0
0.6395,-26.49,-26.49,410.764,410.764,6900.0
0.6396,-25.624,-25.624,410.677,410.677,6900.0
0.6397,-24.716,-24.716,410.568,410.568,6900.0
0.6398,-23.409,-23.409,410.433,410.433,6900.0
0.6399,-21.971,-21.971,410.235,410.235,6900.0
0.64,-21.023,-21.023,409.978,409.978,6900.0
0.6401,-20.008,-20.008,409.686,409.686,6900.0
0.6402,-19.397,-19.397,409.371,409.371,6900.0
0.6403,-18.166,-18.166,409.043,409.043,6900.0
0.6404,-16.704,-16.704,408.673,408.673,6900.0
0.6405,-15.595,-15.595,408.259,408.259,6900.0
0.6406,-14.331,-14.331,407.817,407.817,6900.0
0.6407,-13.55,-13.55,407.348,407.348,6900.0
0.6408,-12.237,-12.237,406.861,406.861,6900.0
0.6409,-10.713,-10.713,406.344,406.344,6900.0
0.641,-9.583,-9.583,405.795,405.795,6900.0
0.6411,-8.314,-8.314,405.223,405.223,6900.0
0.6412,-7.177,-7.177,404.631,404.631,6900.0
0.6413,-6.041,-6.041,404.023,404.023,6900.0
0.6414,-4.732,-4.732,403.4,403.4,6900.0
0.6415,-3.501,-3.501,402.763,402.763,6900.0
0.6416,-2.388,-2.388,402.116,402.116,6900.0
0.6417,-1.27,-1.27,401.461,401.461,6900.0
0.6418,-0.418,-0.418,400.801,400.801,6900.0
0.6419,-0.0,-0.0,400.138,400.138,6900.0
0.642,0.327,0.327,399.474,399.474,6900.0
0.6421,1.026,1.026,398.81,398.81,6900.0
0.6422,2.427,2.427,398.148,398.148,6900.0
0.6423,2.707,2.707,397.49,397.49,6900.0
0.6424,3.477,3.477,396.835,396.835,6900.0
0.6425,4.837,4.837,396.185,396.185,6900.0
0.6426,6.085,6.085,395.546,395.546,6900.0
0.6427,7.442,7.442,394.923,394.923,6900.0
0.6428,8.633,8.633,394.322,394.322,6900.0
0.6429,9.551,9.551,393.735,393.735,6900.0
0.643,10.84,10.84,393.155,393.155,6900.0
0.6431,12.425,12.425,392.597,392.597,6900.0
0.6432,14.123,14.123,392.076,392.076,6900.0
0.6433,15.429,15.429,391.604,391.604,6900.0
0.6434,16.519,16.519,391.163,391.163,6900.0
0.6435,17.864,17.864,390.74,390.74,6900.0
0.6436,19.144,19.144,390.348,390.348,6900.0
0.6437,20.61,20.61,389.994,389.994,6900.0
0.6438,21.941,21.941,389.687,389.687,6900.0
0.6439,23.073,23.073,389.421,389.421,6900.0
0.644,24.475,24.475,389.189,389.189,6900.0
0.6441,25.652,25.652,389.003,389.003,6900.0
0.6442,27.037,27.037,388.86,388.86,6900.0
0.6443,28.333,28.333,388.767,388.767,6900.0
0.6444,29.511,29.511,388.728,388.728,6900.0
0.6445,30.655,30.655,388.744,388.744,6900.0
0.6446,31.723,31.723,388.811,388.811,6900.0
0.6447,32.727,32.727,388.917,388.917,6900.0
0.6448,33.851,33.851,389.056,389.056,6900.0
0.6449,34.789,34.789,389.245,389.245,6900.0
0.645,35.909,35.909,389.489,389.489,6900.0
0.6451,36.711,36.711,389.79,389.79,6900.0
0.6452,37.352,37.352,390.12,390.12,6900.0
0.6453,38.241,38.241,390.475,390.475,6900.0
0.6454,38.911,38.911,390.877,390.877,6900.0
0.6455,39.828,39.828,391.325,391.325,6900.0
0.6456,40.434,40.434,391.833,391.833,6900.0
0.6457,40.711,40.711,392.368,392.368,6900.0
0.6458,41.527,41.527,392.91,392.91,6900.0
0.6459,41.822,41.822,393.493,393.493,6900.0
0.646,42.454,42.454,394.091,394.091,6900.0
0.6461,42.667,42.667,394.736,394.736,6900.0
0.6462,42.768,42.768,395.384,395.384,6900.0
0.6463,43.157,43.157,396.035,396.035,6900.0
0.6464,43.178,43.178,396.71,396.71,6900.0
0.6465,43.432,43.432,397.38,397.38,6900.0
0.6466,43.602,43.602,398.086,398.086,6900.0
0.6467,43.545,43.545,398.797,398.797,6900.0
0.6468,43.688,43.688,399.515,399.515,6900.0
0.6469,43.381,43.381,400.248,400.248,6900.0
0.647,43.082,43.082,400.955,400.955,6900.0
0.6471,43.023,43.023,401.662,401.662,6900.0
0.6472,42.663,42.663,402.357,402.357,6900.0
0.6473,42.517,42.517,403.043,403.043,6900.0
0.6474,42.148,42.148,403.716,403.716,6900.0
0.6475,41.498,41.498,404.355,404.355,6900.0
0.6476,41.211,41.211,404.962,404.962,6900.0
0.6477,40.776,40.776,405.55,405.55,6900.0
0.6478,40.426,40.426,406.128,406.128,6900.0
0.6479,39.838,39.838,406.691,406.691,6900.0
0.648,39.134,39.134,407.218,407.218,6900.0
0.6481,38.58,38.58,407.71,407.71,6900.0
0.6482,37.796,37.796,408.175,408.175,6900.0
0.6483,37.294,37.294,408.613,408.613,6900.0
0.6484,36.435,36.435,409.023,409.023,6900.0
0.6485,35.556,35.556,409.389,409.389,6900.0
0.6486,34.81,34.81,409.706,409.706,6900.0
0.6487,33.939,33.939,409.986,409.986,6900.0
0.6488,33.155,33.155,410.226,410.226,6900.0
0.6489,32.213,32.213,410.429,410.429,6900.0
0.649,31.405,31.405,410.594,410.594,6900.0
0.6491,30.478,30.478,410.725,410.725,6900.0
0.6492,29.428,29.428,410.812,410.812,6900.0
0.6493,28.47,28.47,410.846,410.846,6900.0
0.6494,27.518,27.518,410.839,410.839,6900.0
0.6495,26.686,26.686,410.8,410.8,6900.0
0.6496,25.601,25.601,410.74,410.74,6900.0
0.6497,24.405,24.405,410.632,410.632,6900.0
0.6498,23.128,23.128,410.462,410.462,6900.0
0.6499,22.307,22.307,410.243,410.243,6900.0
0.65,21.541,21.541,410.001,410.001,6900.0
0.6501,20.498,20.498,409.749,409.749,6900.0
0.6502,19.073,19.073,409.464,409.464,6900.0
0.6503,17.72,17.72,409.121,409.121,6900.0
0.6504,16.715,16.715,408.74,408.74,6900.0
0.6505,15.658,15.658,408.326,408.326,6900.0
0.6506,14.562,14.562,407.891,407.891,6900.0
0.6507,13.249,13.249,407.427,407.427,6900.0
0.6508,11.975,11.975,406.925,406.925,6900.0
0.6509,10.975,10.975,406.397,406.397,6900.0
0.651,9.661,9.661,405.846,405.846,6900.0
0.6511,8.577,8.577,405.276,405.276,6900.0
0.6512,7.198,7.198,404.688,404.688,6900.0
0.6513,5.961,5.961,404.081,404.081,6900.0
0.6514,4.883,4.883,403.458,403.458,6900.0
0.6515,3.537,3.537,402.824,402.824,6900.0
0.6516,2.287,2.287,402.178,402.178,6900.0
0.6517,1.336,1.336,401.523,401.523,6900.0
0.6518,0.416,0.416,400.864,400.864,6900.0
0.6519,0.0,0.0,400.201,400.201,6900.0
0.652,0.0,0.0,399.538,399.538,6900.0
0.6521,-1.169,-1.169,398.874,398.874,6900.0
0.6522,-1.801,-1.801,398.211,398.211,6900.0
0.6523,-2.626,-2.626,397.551,397.551,6900.0
0.6524,-3.715,-3.715,396.895,396.895,6900.0
0.6525,-4.816,-4.816,396.247,396.247,6900.0
0.6526,-5.947,-5.947,395.612,395.612,6900.0
0.6527,-7.035,-7.035,394.99,394.99,6900.0
0.6528,-8.125,-8.125,394.375,394.375,6900.0
0.6529,-9.713,-9.713,393.77,393.77,6900.0
0.653,-11.26,-11.26,393.189,393.189,6900.0
0.6531,-12.932,-12.932,392.644,392.644,6900.0
0.6532,-13.979,-13.979,392.138,392.138,6900.0
0.6533,-14.999,-14.999,391.649,391.649,6900.0
0.6534,-16.35,-16.35,391.181,391.181,6900.0
0.6535,-17.994,-17.994,390.749,390.749,6900.0
0.6536,-19.443,-19.443,390.368,390.368,6900.0
0.6537,-20.675,-20.675,390.034,390.034,6900.0
0.6538,-21.815,-21.815,389.736,389.736,6900.0
0.6539,-23.12,-23.12,389.469,389.469,6900.0
0.654,-24.538,-24.538,389.241,389.241,6900.0
0.6541,-25.752,-25.752,389.059,389.059,6900.0
0.6542,-27.049,-27.049,388.921,388.921,6900.0
0.6543,-28.273,-28.273,388.831,388.831,6900.0
0.6544,-29.337,-29.337,388.791,388.791,6900.0
0.6545,-30.551,-30.551,388.792,388.792,6900.0
0.6546,-31.585,-31.585,388.837,388.837,6900.0
0.6547,-32.771,-32.771,388.93,388.93,6900.0
0.6548,-33.881,-33.881,389.077,389.077,6900.0
0.6549,-34.936,-34.936,389.29,389.29,6900.0
0.655,-35.7,-35.7,389.549,389.549,6900.0
0.6551,-36.508,-36.508,389.831,389.831,6900.0
0.6552,-37.367,-37.367,390.157,390.157,6900.0
0.6553,-38.207,-38.207,390.521,390.521,6900.0
0.6554,-39.062,-39.062,390.944,390.944,6900.0
0.6555,-39.535,-39.535,391.407,391.407,6900.0
0.6556,-40.266,-40.266,391.876,391.876,6900.0
0.6557,-40.965,-40.965,392.382,392.382,6900.0
0.6558,-41.487,-41.487,392.917,392.917,6900.0
0.6559,-42.151,-42.151,393.5,393.5,6900.0
0.656,-42.266,-42.266,394.123,394.123,6900.0
0.6561,-42.726,-42.726,394.742,394.742,6900.0
0.6562,-43.091,-43.091,395.398,395.398,6900.0
0.6563,-43.15,-43.15,396.068,396.068,6900.0
0.6564,-43.606,-43.606,396.755,396.755,6900.0
0.6565,-43.455,-43.455,397.474,397.474,6900.0
0.6566,-43.6,-43.6,398.176,398.176,6900.0
0.6567,-43.649,-43.649,398.896,398.896,6900.0
0.6568,-43.352,-43.352,399.609,399.609,6900.0
0.6569,-43.408,-43.408,400.306,400.306,6900.0
0.657,-43.28,-43.28,401.011,401.011,6900.0
0.6571,-43.174,-43.174,401.704,401.704,6900.0
0.6572,-42.964,-42.964,402.408,402.408,6900.0
0.6573,-42.394,-42.394,403.097,403.097,6900.0
0.6574,-42.17,-42.17,403.749,403.749,6900.0
0.6575,-41.697,-41.697,404.398,404.398,6900.0
0.6576,-41.525,-41.525,405.02,405.02,6900.0
0.6577,-41.069,-41.069,405.643,405.643,6900.0
0.6578,-40.338,-40.338,406.239,406.239,6900.0
0.6579,-39.82,-39.82,406.782,406.782,6900.0
0.658,-39.219,-39.219,407.305,407.305,6900.0
0.6581,-38.686,-38.686,407.8,407.8,6900.0
0.6582,-37.936,-37.936,408.279,408.279,6900.0
0.6583,-37.235,-37.235,408.72,408.72,6900.0
0.6584,-36.363,-36.363,409.118,409.118,6900.0
0.6585,-35.633,-35.633,409.473,409.473,6900.0
0.6586,-34.937,-34.937,409.793,409.793,6900.0
0.6587,-34.045,-34.045,410.081,410.081,6900.0
0.6588,-33.319,-33.319,410.329,410.329,6900.0
0.6589,-32.348,-32.348,410.542,410.542,6900.0
0.659,-31.454,-31.454,410.71,410.71,6900.0
0.6591,-30.456,-30.456,410.833,410.833,6900.0
0.6592,-29.565,-29.565,410.911,410.911,6900.0
0.6593,-28.838,-28.838,410.952,410.952,6900.0
0.6594,-27.95,-27.95,410.968,410.968,6900.0
0.6595,-26.767,-26.767,410.951,410.951,6900.0
0.6596,-25.413,-25.413,410.877,410.877,6900.0
0.6597,-24.551,-24.551,410.745,410.745,6900.0
0.6598,-23.629,-23.629,410.582,410.582,6900.0
0.6599,-22.835,-22.835,410.399,410.399,6900.0
0.66,-21.493,-21.493,410.197,410.197,6900.0
0.6601,-20.075,-20.075,409.937,409.937,6900.0
0.6602,-19.024,-19.024,409.618,409.618,6900.0
0.6603,-17.962,-17.962,409.264,409.264,6900.0
0.6604,-17.136,-17.136,408.882,408.882,6900.0
0.6605,-15.819,-15.819,408.481,408.481,6900.0
0.6606,-14.409,-14.409,408.042,408.042,6900.0
0.6607,-13.452,-13.452,407.565,407.565,6900.0
0.6608,-12.258,-12.258,407.066,407.066,6900.0
0.6609,-11.301,-11.301,406.545,406.545,6900.0
0.661,-9.95,-9.95,406.009,406.009,6900.0
0.6611,-8.462,-8.462,405.448,405.448,6900.0
0.6612,-7.245,-7.245,404.862,404.862,6900.0
0.6613,-6.126,-6.126,404.258,404.258,6900.0
0.6614,-4.896,-4.896,403.638,403.638,6900.0
0.6615,-3.686,-3.686,403.003,403.003,6900.0
0.6616,-2.468,-2.468,402.357,402.357,6900.0
0.6617,-1.364,-1.364,401.703,401.703,6900.0
0.6618,-1.478,-1.478,401.043,401.043,6900.0
0.6619,-0.0,-0.0,400.381,400.381,6900.0
0.662,-0.0,-0.0,399.718,399.718,6900.0
0.6621,0.828,0.828,399.055,399.055,6900.0
0.6622,2.204,2.204,398.392,398.392,6900.0
0.6623,2.655,2.655,397.732,397.732,6900.0
0.6624,3.843,3.843,397.075,397.075,6900.0
0.6625,4.851,4.851,396.428,396.428,6900.0
0.6626,5.78,5.78,395.789,395.789,6900.0
0.6627,7.057,7.057,395.156,395.156,6900.0
0.6628,8.428,8.428,394.539,394.539,6900.0
0.6629,10.08,10.08,393.945,393.945,6900.0
0.663,11.459,11.459,393.387,393.387,6900.0
0.6631,12.19,12.19,392.851,392.851,6900.0
0.6632,13.487,13.487,392.325,392.325,6900.0
0.6633,15.118,15.118,391.825,391.825,6900.0
0.6634,16.805,16.805,391.366,391.366,6900.0
0.6635,18.135,18.135,390.959,390.959,6900.0
0.6636,19.156,19.156,390.589,390.589,6900.0
0.6637,20.39,20.39,390.238,390.238,6900.0
0.6638,21.774,21.774,389.918,389.918,6900.0
0.6639,23.205,23.205,389.64,389.64,6900.0
0.664,24.553,24.553,389.41,389.41,6900.0
0.6641,25.83,25.83,389.226,389.226,6900.0
0.6642,27.057,27.057,389.089,389.089,6900.0
0.6643,28.202,28.202,389.0,389.0,6900.0
0.6644,29.28,29.28,388.957,388.957,6900.0
0.6645,30.577,30.577,388.956,388.956,6900.0
0.6646,31.664,31.664,389.013,389.013,6900.0
0.6647,32.819,32.819,389.129,389.129,6900.0
0.6648,33.696,33.696,389.297,389.297,6900.0
0.6649,34.553,34.553,389.497,389.497,6900.0
0.665,35.569,35.569,389.725,389.725,6900.0
0.6651,36.345,36.345,389.997,389.997,6900.0
0.6652,37.371,37.371,390.314,390.314,6900.0
0.6653,38.146,38.146,390.685,390.685,6900.0
0.6654,38.617,38.617,391.085,391.085,6900.0
0.6655,39.618,39.618,391.501,391.501,6900.0
0.6656,40.23,40.23,391.971,391.971,6900.0
0.6657,41.031,41.031,392.485,392.485,6900.0
0.6658,41.451,41.451,393.061,393.061,6900.0
0.6659,41.693,41.693,393.657,393.657,6900.0
0.666,42.192,42.192,394.265,394.265,6900.0
0.6661,42.4,42.4,394.9,394.9,6900.0
0.6662,42.825,42.825,395.541,395.541,6900.0
0.6663,42.945,42.945,396.217,396.217,6900.0
0.6664,42.931,42.931,396.888,396.888,6900.0
0.6665,43.375,43.375,397.554,397.554,6900.0
0.6666,43.259,43.259,398.243,398.243,6900.0
0.6667,43.483,43.483,398.917,398.917,6900.0
0.6668,43.469,43.469,399.622,399.622,6900.0
0.6669,43.234,43.234,400.327,400.327,6900.0
0.667,43.35,43.35,401.035,401.035,6900.0
0.6671,43.055,43.055,401.759,401.759,6900.0
0.6672,42.755,42.755,402.456,402.456,6900.0
0.6673,42.489,42.489,403.15,403.15,6900.0
0.6674,42.007,42.007,403.821,403.821,6900.0
0.6675,41.748,41.748,404.475,404.475,6900.0
0.6676,41.113,41.113,405.114,405.114,6900.0
0.6677,40.526,40.526,405.702,405.702,6900.0
0.6678,40.224,40.224,406.258,406.258,6900.0
0.6679,39.648,39.648,406.792,406.792,6900.0
0.668,39.259,39.259,407.308,407.308,6900.0
0.6681,38.543,38.543,407.811,407.811,6900.0
0.6682,37.827,37.827,408.276,408.276,6900.0
0.6683,37.183,37.183,408.703,408.703,6900.0
0.6684,36.512,36.512,409.101,409.101,6900.0
0.6685,35.674,35.674,409.476,409.476,6900.0
0.6686,34.847,34.847,409.813,409.813,6900.0
0.6687,34.021,34.021,410.11,410.11,6900.0
0.6688,32.988,32.988,410.362,410.362,6900.0
0.6689,32.086,32.086,410.565,410.565,6900.0
0.669,31.229,31.229,410.721,410.721,6900.0
0.6691,30.443,30.443,410.836,410.836,6900.0
0.6692,29.487,29.487,410.918,410.918,6900.0
0.6693,28.472,28.472,410.966,410.966,6900.0
0.6694,27.434,27.434,410.969,410.969,6900.0
0.6695,26.43,26.43,410.919,410.919,6900.0
0.6696,25.647,25.647,410.828,410.828,6900.0
0.6697,24.8,24.8,410.715,410.715,6900.0
0.6698,23.722,23.722,410.586,410.586,6900.0
0.6699,22.233,22.233,410.412,410.412,6900.0
0.67,21.098,21.098,410.167,410.167,6900.0
0.6701,20.24,20.24,409.877,409.877,6900.0
0.6702,19.41,19.41,409.558,409.558,6900.0
0.6703,18.283,18.283,409.225,409.225,6900.0
0.6704,16.864,16.864,408.86,408.86,6900.0
0.6705,15.631,15.631,408.448,408.448,6900.0
0.6706,14.659,14.659,408.007,408.007,6900.0
0.6707,13.522,13.522,407.54,407.54,6900.0
0.6708,12.411,12.411,407.055,407.055,6900.0
0.6709,11.05,11.05,406.545,406.545,6900.0
0.671,9.724,9.724,406.002,406.002,6900.0
0.6711,8.451,8.451,405.436,405.436,6900.0
0.6712,7.292,7.292,404.846,404.846,6900.0
0.6713,6.051,6.051,404.24,404.24,6900.0
0.6714,4.924,4.924,403.617,403.617,6900.0
0.6715,3.662,3.662,402.982,402.982,6900.0
0.6716,2.513,2.513,402.335,402.335,6900.0
0.6717,1.48,1.48,401.681,401.681,6900.0
0.6718,1.671,1.671,401.022,401.022,6900.0
0.6719,0.445,0.445,400.36,400.36,6900.0
0.672,0.0,0.0,399.697,399.697,6900.0
0.6721,-1.8,-1.8,399.032,399.032,6900.0
0.6722,-1.788,-1.788,398.369,398.369,6900.0
0.6723,-2.657,-2.657,397.71,397.71,6900.0
0.6724,-3.511,-3.511,397.055,397.055,6900.0
0.6725,-4.54,-4.54,396.405,396.405,6900.0
0.6726,-5.988,-5.988,395.764,395.764,6900.0
0.6727,-7.248,-7.248,395.137,395.137,6900.0
0.6728,-8.631,-8.631,394.533,394.533,6900.0
0.6729,-9.545,-9.545,393.95,393.95,6900.0
0.673,-10.67,-10.67,393.374,393.374,6900.0
0.6731,-12.219,-12.219,392.812,392.812,6900.0
0.6732,-13.861,-13.861,392.282,392.282,6900.0
0.6733,-15.427,-15.427,391.795,391.795,6900.0
0.6734,-16.558,-16.558,391.353,391.353,6900.0
0.6735,-17.556,-17.556,390.934,390.934,6900.0
0.6736,-19.047,-19.047,390.536,390.536,6900.0
0.6737,-20.484,-20.484,390.177,390.177,6900.0
0.6738,-21.969,-21.969,389.864,389.864,6900.0
0.6739,-23.06,-23.06,389.599,389.599,6900.0
0.674,-24.302,-24.302,389.369,389.369,6900.0
0.6741,-25.476,-25.476,389.179,389.179,6900.0
0.6742,-26.875,-26.875,389.028,389.028,6900.0
0.6743,-28.042,-28.042,388.928,388.928,6900.0
0.6744,-29.34,-29.34,388.876,388.876,6900.0
0.6745,-30.562,-30.562,388.879,388.879,6900.0
0.6746,-31.571,-31.571,388.941,388.941,6900.0
0.6747,-32.495,-32.495,389.047,389.047,6900.0
0.6748,-33.488,-33.488,389.185,389.185,6900.0
0.6749,-34.504,-34.504,389.369,389.369,6900.0
0.675,-35.606,-35.606,389.599,389.599,6900.0
0.6751,-36.545,-36.545,389.892,389.892,6900.0
0.6752,-37.125,-37.125,390.226,390.226,6900.0
0.6753,-37.852,-37.852,390.573,390.573,6900.0
0.6754,-38.736,-38.736,390.961,390.961,6900.0
0.6755,-39.664,-39.664,391.386,391.386,6900.0
0.6756,-40.37,-40.37,391.878,391.878,6900.0
0.6757,-40.774,-40.774,392.41,392.41,6900.0
0.6758,-41.225,-41.225,392.95,392.95,6900.0
0.6759,-41.744,-41.744,393.522,393.522,6900.0
0.676,-42.139,-42.139,394.115,394.115,6900.0
0.6761,-42.573,-42.573,394.749,394.749,6900.0
0.6762,-42.594,-42.594,395.41,395.41,6900.0
0.6763,-42.915,-42.915,396.058,396.058,6900.0
0.6764,-43.235,-43.235,396.733,396.733,6900.0
0.6765,-43.293,-43.293,397.414,397.414,6900.0
0.6766,-43.574,-43.574,398.105,398.105,6900.0
0.6767,-43.508,-43.508,398.818,398.818,6900.0
0.6768,-43.477,-43.477,399.521,399.521,6900.0
0.6769,-43.29,-43.29,400.239,400.239,6900.0
0.677,-42.858,-42.858,400.945,400.945,6900.0
0.6771,-42.865,-42.865,401.628,401.628,6900.0
0.6772,-42.55,-42.55,402.321,402.321,6900.0
0.6773,-42.451,-42.451,402.994,402.994,6900.0
0.6774,-42.105,-42.105,403.675,403.675,6900.0
0.6775,-41.545,-41.545,404.333,404.333,6900.0
0.6776,-41.149,-41.149,404.946,404.946,6900.0
0.6777,-40.545,-40.545,405.543,405.543,6900.0
0.6778,-40.234,-40.234,406.108,406.108,6900.0
0.6779,-39.615,-39.615,406.664,406.664,6900.0
0.678,-38.859,-38.859,407.186,407.186,6900.0
0.6781,-38.318,-38.318,407.659,407.659,6900.0
0.6782,-37.792,-37.792,408.108,408.108,6900.0
0.6783,-37.199,-37.199,408.534,408.534,6900.0
0.6784,-36.382,-36.382,408.942,408.942,6900.0
0.6785,-35.719,-35.719,409.312,409.312,6900.0
0.6786,-34.848,-34.848,409.644,409.644,6900.0
0.6787,-34.028,-34.028,409.933,409.933,6900.0
0.6788,-33.215,-33.215,410.181,410.181,6900.0
0.6789,-32.245,-32.245,410.392,410.392,6900.0
0.679,-31.308,-31.308,410.56,410.56,6900.0
0.6791,-30.486,-30.486,410.688,410.688,6900.0
0.6792,-29.484,-29.484,410.776,410.776,6900.0
0.6793,-28.392,-28.392,410.813,410.813,6900.0
0.6794,-27.488,-27.488,410.8,410.8,6900.0
0.6795,-26.595,-26.595,410.754,410.754,6900.0
0.6796,-25.953,-25.953,410.683,410.683,6900.0
0.6797,-24.697,-24.697,410.59,410.59,6900.0
0.6798,-23.27,-23.27,410.438,410.438,6900.0
0.6799,-22.356,-22.356,410.225,410.225,6900.0
0.68,-21.566,-21.566,409.981,409.981,6900.0
0.6801,-20.742,-20.742,409.721,409.721,6900.0
0.6802,-19.389,-19.389,409.445,409.445,6900.0
0.6803,-17.781,-17.781,409.119,409.119,6900.0
0.6804,-16.783,-16.783,408.74,408.74,6900.0
0.6805,-15.518,-15.518,408.33,408.33,6900.0
0.6806,-14.786,-14.786,407.89,407.89,6900.0
0.6807,-13.483,-13.483,407.431,407.431,6900.0
0.6808,-11.958,-11.958,406.938,406.938,6900.0
0.6809,-10.933,-10.933,406.409,406.409,6900.0
0.681,-9.807,-9.807,405.858,405.858,6900.0
0.6811,-8.72,-8.72,405.287,405.287,6900.0
0.6812,-7.551,-7.551,404.7,404.7,6900.0
0.6813,-6.18,-6.18,404.096,404.096,6900.0
0.6814,-5.043,-5.043,403.475,403.475,6900.0
0.6815,-3.817,-3.817,402.841,402.841,6900.0
0.6816,-2.681,-2.681,402.197,402.197,6900.0
0.6817,-1.588,-1.588,401.544,401.544,6900.0
0.6818,-0.649,-0.649,400.886,400.886,6900.0
0.6819,-0.593,-0.593,400.223,400.223,6900.0
0.682,-0.0,-0.0,399.56,399.56,6900.0
0.6821,1.208,1.208,398.895,398.895,6900.0
0.6822,1.694,1.694,398.233,398.233,6900.0
0.6823,2.482,2.482,397.573,397.573,6900.0
0.6824,3.64,3.64,396.916,396.916,6900.0
0.6825,4.681,4.681,396.269,396.269,6900.0
0.6826,5.997,5.997,395.63,395.63,6900.0
0.6827,7.103,7.103,395.009,395.009,6900.0
0.6828,7.942,7.942,394.397,394.397,6900.0
0.6829,9.376,9.376,393.79,393.79,6900.0
0.683,10.895,10.895,393.204,393.204,6900.0
0.6831,12.592,12.592,392.646,392.646,6900.0
0.6832,13.987,13.987,392.132,392.132,6900.0
0.6833,14.993,14.993,391.648,391.648,6900.0
0.6834,16.357,16.357,391.18,391.18,6900.0
0.6835,17.834,17.834,390.745,390.745,6900.0
0.6836,19.273,19.273,390.356,390.356,6900.0
0.6837,20.51,20.51,390.02,390.02,6900.0
0.6838,21.62,21.62,389.724,389.724,6900.0
0.6839,22.895,22.895,389.457,389.457,6900.0
0.684,24.129,24.129,389.227,389.227,6900.0
0.6841,25.442,25.442,389.035,389.035,6900.0
0.6842,26.752,26.752,388.884,388.884,6900.0
0.6843,28.095,28.095,388.78,388.78,6900.0
0.6844,29.188,29.188,388.728,388.728,6900.0
0.6845,30.401,30.401,388.721,388.721,6900.0
0.6846,31.492,31.492,388.762,388.762,6900.0
0.6847,32.642,32.642,388.847,388.847,6900.0
0.6848,33.613,33.613,388.989,388.989,6900.0
0.6849,34.794,34.794,389.191,389.191,6900.0
0.685,35.683,35.683,389.454,389.454,6900.0
0.6851,36.366,36.366,389.752,389.752,6900.0
0.6852,37.161,37.161,390.072,390.072,6900.0
0.6853,37.944,37.944,390.431,390.431,6900.0
0.6854,38.915,38.915,390.83,390.83,6900.0
0.6855,39.375,39.375,391.285,391.285,6900.0
0.6856,39.807,39.807,391.753,391.753,6900.0
0.6857,40.686,40.686,392.232,392.232,6900.0
0.6858,41.213,41.213,392.757,392.757,6900.0
0.6859,41.895,41.895,393.315,393.315,6900.0
0.686,42.289,42.289,393.929,393.929,6900.0
0.6861,42.36,42.36,394.565,394.565,6900.0
0.6862,42.852,42.852,395.21,395.21,6900.0
0.6863,42.997,42.997,395.887,395.887,6900.0
0.6864,43.302,43.302,396.566,396.566,6900.0
0.6865,43.365,43.365,397.279,397.279,6900.0
0.6866,43.176,43.176,397.986,397.986,6900.0
0.6867,43.432,43.432,398.684,398.684,6900.0
0.6868,43.233,43.233,399.393,399.393,6900.0
0.6869,43.142,43.142,400.075,400.075,6900.0
0.687,43.205,43.205,400.765,400.765,6900.0
0.6871,42.959,42.959,401.45,401.45,6900.0
0.6872,42.897,42.897,402.136,402.136,6900.0
0.6873,42.436,42.436,402.829,402.829,6900.0
0.6874,41.915,41.915,403.49,403.49,6900.0
0.6875,41.69,41.69,404.135,404.135,6900.0
0.6876,41.248,41.248,404.766,404.766,6900.0
0.6877,40.862,40.862,405.385,405.385,6900.0
0.6878,40.19,40.19,405.987,405.987,6900.0
0.6879,39.466,39.466,406.54,406.54,6900.0
0.688,39.017,39.017,407.051,407.051,6900.0
0.6881,38.497,38.497,407.532,407.532,6900.0
0.6882,38.024,38.024,407.994,407.994,6900.0
0.6883,37.112,37.112,408.433,408.433,6900.0
0.6884,36.396,36.396,408.825,408.825,6900.0
0.6885,35.554,35.554,409.178,409.178,6900.0
0.6886,34.883,34.883,409.494,409.494,6900.0
0.6887,34.182,34.182,409.782,409.782,6900.0
0.6888,33.307,33.307,410.039,410.039,6900.0
0.6889,32.447,32.447,410.26,410.26,6900.0
0.689,31.424,31.424,410.441,410.441,6900.0
0.6891,30.461,30.461,410.573,410.573,6900.0
0.6892,29.476,29.476,410.654,410.654,6900.0
0.6893,28.64,28.64,410.692,410.692,6900.0
0.6894,27.697,27.697,410.698,410.698,6900.0
0.6895,26.672,26.672,410.675,410.675,6900.0
0.6896,25.431,25.431,410.606,410.606,6900.0
0.6897,24.493,24.493,410.476,410.476,6900.0
0.6898,23.567,23.567,410.307,410.307,6900.0
0.6899,22.795,22.795,410.114,410.114,6900.0
0.69,21.676,21.676,409.911,409.911,6900.0
0.6901,20.217,20.217,409.667,409.667,6900.0
0.6902,19.049,19.049,409.36,409.36,6900.0
0.6903,18.002,18.002,409.013,409.013,6900.0
0.6904,17.168,17.168,408.63,408.63,6900.0
0.6905,16.085,16.085,408.229,408.229,6900.0
0.6906,14.607,14.607,407.798,407.798,6900.0
0.6907,13.406,13.406,407.323,407.323,6900.0
0.6908,12.408,12.408,406.823,406.823,6900.0
0.6909,11.344,11.344,406.301,406.301,6900.0
0.691,10.231,10.231,405.763,405.763,6900.0
0.6911,8.724,8.724,405.205,405.205,6900.0
0.6912,7.482,7.482,404.622,404.622,6900.0
0.6913,6.26,6.26,404.02,404.02,6900.0
0.6914,4.953,4.953,403.401,403.401,6900.0
0.6915,3.69,3.69,402.767,402.767,6900.0
0.6916,2.607,2.607,402.121,402.121,6900.0
0.6917,1.434,1.434,401.468,401.468,6900.0
0.6918,1.696,1.696,400.807,400.807,6900.0
0.6919,0.174,0.174,400.146,400.146,6900.0
0.692,0.0,0.0,399.482,399.482,6900.0
0.6921,-0.914,-0.914,398.818,398.818,6900.0
0.6922,-1.574,-1.574,398.154,398.154,6900.0
0.6923,-2.476,-2.476,397.492,397.492,6900.0
0.6924,-3.492,-3.492,396.834,396.834,6900.0
0.6925,-4.667,-4.667,396.185,396.185,6900.0
0.6926,-5.672,-5.672,395.545,395.545,6900.0
0.6927,-6.786,-6.786,394.912,394.912,6900.0
0.6928,-8.375,-8.375,394.29,394.29,6900.0
0.6929,-9.861,-9.861,393.69,393.69,6900.0
0.693,-11.413,-11.413,393.123,393.123,6900.0
0.6931,-12.341,-12.341,392.589,392.589,6900.0
0.6932,-13.292,-13.292,392.067,392.067,6900.0
0.6933,-14.929,-14.929,391.561,391.561,6900.0
0.6934,-16.479,-16.479,391.092,391.092,6900.0
0.6935,-18.034,-18.034,390.67,390.67,6900.0
0.6936,-19.22,-19.22,390.295,390.295,6900.0
0.6937,-20.294,-20.294,389.949,389.949,6900.0
0.6938,-21.565,-21.565,389.63,389.63,6900.0
0.6939,-22.93,-22.93,389.349,389.349,6900.0
0.694,-24.329,-24.329,389.114,389.114,6900.0
0.6941,-25.721,-25.721,388.926,388.926,6900.0
0.6942,-26.827,-26.827,388.787,388.787,6900.0
0.6943,-28.074,-28.074,388.69,388.69,6900.0
0.6944,-29.337,-29.337,388.64,388.64,6900.0
0.6945,-30.443,-30.443,388.636,388.636,6900.0
0.6946,-31.55,-31.55,388.681,388.681,6900.0
0.6947,-32.815,-32.815,388.777,388.777,6900.0
0.6948,-33.785,-33.785,388.94,388.94,6900.0
0.6949,-34.553,-34.553,389.149,389.149,6900.0
0.695,-35.304,-35.304,389.383,389.383,6900.0
0.6951,-36.248,-36.248,389.654,389.654,6900.0
0.6952,-37.201,-37.201,389.965,389.965,6900.0
0.6953,-38.068,-38.068,390.336,390.336,6900.0
0.6954,-38.778,-38.778,390.743,390.743,6900.0
0.6955,-39.5,-39.5,391.167,391.167,6900.0
0.6956,-40.182,-40.182,391.631,391.631,6900.0
0.6957,-40.796,-40.796,392.127,392.127,6900.0
0.6958,-41.463,-41.463,392.68,392.68,6900.0
0.6959,-41.847,-41.847,393.274,393.274,6900.0
0.696,-42.112,-42.112,393.876,393.876,6900.0
0.6961,-42.585,-42.585,394.505,394.505,6900.0
0.6962,-42.754,-42.754,395.152,395.152,6900.0
0.6963,-43.167,-43.167,395.822,395.822,6900.0
0.6964,-43.197,-43.197,396.515,396.515,6900.0
0.6965,-43.423,-43.423,397.196,397.196,6900.0
0.6966,-43.536,-43.536,397.896,397.896,6900.0
0.6967,-43.401,-43.401,398.594,398.594,6900.0
0.6968,-43.562,-43.562,399.29,399.29,6900.0
0.6969,-43.334,-43.334,400.002,400.002,6900.0
0.697,-43.361,-43.361,400.696,400.696,6900.0
0.6971,-43.225,-43.225,401.411,401.411,6900.0
0.6972,-42.655,-42.655,402.114,402.114,6900.0
0.6973,-42.463,-42.463,402.786,402.786,6900.0
0.6974,-42.159,-42.159,403.455,403.455,6900.0
0.6975,-42.001,-42.001,404.106,404.106,6900.0
0.6976,-41.45,-41.45,404.759,404.759,6900.0
0.6977,-40.765,-40.765,405.381,405.381,6900.0
0.6978,-40.421,-40.421,405.951,405.951,6900.0
0.6979,-39.731,-39.731,406.504,406.504,6900.0
0.698,-39.299,-39.299,407.022,407.022,6900.0
0.6981,-38.616,-38.616,407.526,407.526,6900.0
0.6982,-37.965,-37.965,407.993,407.993,6900.0
0.6983,-37.193,-37.193,408.418,408.418,6900.0
0.6984,-36.502,-36.502,408.809,408.809,6900.0
0.6985,-35.834,-35.834,409.171,409.171,6900.0
0.6986,-34.983,-34.983,409.509,409.509,6900.0
0.6987,-34.109,-34.109,409.812,409.812,6900.0
0.6988,-33.272,-33.272,410.073,410.073,6900.0
0.6989,-32.334,-32.334,410.292,410.292,6900.0
0.699,-31.485,-31.485,410.462,410.462,6900.0
0.6991,-30.522,-30.522,410.589,410.589,6900.0
0.6992,-29.684,-29.684,410.675,410.675,6900.0
0.6993,-28.739,-28.739,410.727,410.727,6900.0
0.6994,-27.683,-27.683,410.739,410.739,6900.0
0.6995,-26.521,-26.521,410.701,410.701,6900.0
0.6996,-25.592,-25.592,410.61,410.61,6900.0
0.6997,-24.909,-24.909,410.488,410.488,6900.0
0.6998,-24.007,-24.007,410.352,410.352,6900.0
0.6999,-22.645,-22.645,410.191,410.191,6900.0
0.7,-21.245,-21.245,409.966,409.966,6900.0
0.7001,-20.277,-20.277,409.919,409.919,4141.245
0.7002,-19.271,-19.271,409.961,409.961,2794.255
0.7003,-18.416,-18.416,410.047,410.047,2166.446
0.7004,-17.065,-17.065,410.156,410.156,1784.679
0.7005,-15.548,-15.548,410.252,410.252,1493.722
0.7006,-14.511,-14.511,410.333,410.333,1241.912
0.7007,-13.245,-13.245,410.411,410.411,1011.627
0.7008,-12.366,-12.366,410.486,410.486,796.518
0.7009,-10.911,-10.911,410.564,410.564,593.992
0.701,-9.452,-9.452,410.63,410.63,406.534
0.7011,-8.281,-8.281,410.682,410.682,284.139
0.7012,-7.038,-7.038,410.723,410.723,208.111
0.7013,-5.854,-5.854,410.751,410.751,170.903
0.7014,-4.73,-4.73,410.769,410.769,144.112
0.7015,-3.542,-3.542,410.778,410.778,126.091
0.7016,-2.345,-2.345,410.778,410.778,113.078
0.7017,-1.47,-1.47,410.774,410.774,103.012
0.7018,-0.546,-0.546,410.766,410.766,94.752
0.7019,-0.0,-0.0,410.758,410.758,87.666
0.702,-0.0,-0.0,410.749,410.749,81.391
0.7021,1.307,1.307,410.742,410.742,75.72
0.7022,1.366,1.366,410.737,410.737,70.527
0.7023,2.446,2.446,410.735,410.735,65.734
0.7024,3.155,3.155,410.74,410.74,61.284
0.7025,3.833,3.833,410.752,410.752,57.136
0.7026,4.931,4.931,410.771,410.771,53.26
0.7027,5.984,5.984,410.802,410.802,49.631
0.7028,7.282,7.282,410.849,410.849,46.221
0.7029,8.124,8.124,410.92,410.92,43.003
0.703,8.799,8.799,411.002,411.002,39.958
0.7031,9.988,9.988,411.09,411.09,37.084
0.7032,11.357,11.357,411.199,411.199,34.108
0.7033,12.729,12.729,411.34,411.34,31.541
0.7034,13.664,13.664,411.523,411.523,29.317
0.7035,14.306,14.306,411.731,411.731,26.925
0.7036,15.204,15.204,411.954,411.954,24.625
0.7037,16.261,16.261,412.2,412.2,22.42
0.7038,17.421,17.421,412.479,412.479,20.3
0.7039,18.31,18.31,412.797,412.797,18.245
0.704,18.939,18.939,413.144,413.144,16.242
0.7041,19.812,19.812,413.514,413.514,14.298
0.7042,20.665,20.665,413.911,413.911,12.414
0.7043,21.386,21.386,414.338,414.338,10.584
0.7044,22.212,22.212,414.793,414.793,8.805
0.7045,22.938,22.938,415.281,415.281,7.071
0.7046,23.689,23.689,415.806,415.806,5.374
0.7047,24.157,24.157,416.366,416.366,3.704
0.7048,24.736,24.736,416.949,416.949,2.067
0.7049,25.338,25.338,417.554,417.554,0.473
0.705,25.671,25.671,418.19,418.19,0.0
0.7051,26.272,26.272,418.858,418.858,0.0
0.7052,26.408,26.408,419.556,419.556,0.0
0.7053,26.565,26.565,420.261,420.261,0.0
0.7054,27.042,27.042,420.97,420.97,0.0
0.7055,27.054,27.054,421.703,421.703,0.0
0.7056,27.477,27.477,422.448,422.448,0.0
0.7057,27.416,27.416,423.222,423.222,0.0
0.7058,27.399,27.399,423.996,423.996,0.0
0.7059,27.597,27.597,424.77,424.77,0.0
0.706,27.496,27.496,425.56,425.56,0.0
0.7061,27.743,27.743,426.353,426.353,0.0
0.7062,27.532,27.532,427.174,427.174,0.0
0.7063,27.093,27.093,427.986,427.986,0.0
0.7064,27.072,27.072,428.789,428.789,0.0
0.7065,26.748,26.748,429.594,429.594,0.0
0.7066,26.458,26.458,430.384,430.384,0.0
0.7067,26.208,26.208,431.175,431.175,0.0
0.7068,25.722,25.722,431.953,431.953,0.0
0.7069,25.483,25.483,432.72,432.72,0.0
0.707,24.845,24.845,433.478,433.478,0.0
0.7071,24.384,24.384,434.207,434.207,0.0
0.7072,24.156,24.156,434.927,434.927,0.0
0.7073,23.625,23.625,435.635,435.635,0.0
0.7074,23.199,23.199,436.333,436.333,0.0
0.7075,22.505,22.505,437.016,437.016,0.0
0.7076,21.768,21.768,437.667,437.667,0.0
0.7077,21.162,21.162,438.295,438.295,0.0
0.7078,20.55,20.55,438.897,438.897,0.0
0.7079,20.003,20.003,439.483,439.483,0.0
0.708,19.248,19.248,440.047,440.047,0.0
0.7081,18.401,18.401,440.578,440.578,0.0
0.7082,17.796,17.796,441.077,441.077,0.0
0.7083,17.189,17.189,441.552,441.552,0.0
0.7084,16.642,16.642,442.009,442.009,0.0
0.7085,15.919,15.919,442.446,442.446,0.0
0.7086,15.081,15.081,442.857,442.857,0.0
0.7087,14.388,14.388,443.239,443.239,0.0
0.7088,13.75,13.75,443.6,443.6,0.0
0.7089,13.081,13.081,443.937,443.937,0.0
0.709,12.36,12.36,444.252,444.252,0.0
0.7091,11.634,11.634,444.543,444.543,0.0
0.7092,10.825,10.825,444.812,444.812,0.0
0.7093,10.09,10.09,445.055,445.055,0.0
0.7094,9.383,9.383,445.27,445.27,0.0
0.7095,8.803,8.803,445.464,445.464,0.0
0.7096,8.343,8.343,445.644,445.644,0.0
0.7097,7.655,7.655,445.815,445.815,0.0
0.7098,6.81,6.81,445.964,445.964,0.0
0.7099,6.089,6.089,446.086,446.086,0.0
0.71,5.828,5.828,446.194,446.194,0.0
0.7101,5.509,5.509,446.294,446.294,0.0
0.7102,4.963,4.963,446.389,446.389,0.0
0.7103,3.959,3.959,446.469,446.469,0.0
0.7104,3.375,3.375,446.528,446.528,0.0
0.7105,3.07,3.07,446.578,446.578,0.0
0.7106,2.82,2.82,446.619,446.619,0.0
0.7107,2.468,2.468,446.656,446.656,0.0
0.7108,1.836,1.836,446.684,446.684,0.0
0.7109,1.614,1.614,446.703,446.703,0.0
0.711,1.372,1.372,446.719,446.719,0.0
0.7111,1.188,1.188,446.73,446.73,0.0
0.7112,0.806,0.806,446.738,446.738,0.0
0.7113,0.495,0.495,446.744,446.744,0.0
0.7114,0.137,0.137,446.748,446.748,0.0
0.7115,1.452,1.452,446.759,446.759,0.0
0.7116,3.015,3.015,446.76,446.76,0.0
0.7117,0.039,0.039,446.765,446.765,0.0
0.7118,-0.0,-0.0,446.767,446.767,0.0
0.7119,-0.0,-0.0,446.767,446.767,0.0
0.712,0.0,0.0,446.766,446.766,0.0
0.7121,-0.042,-0.042,446.766,446.766,0.0
0.7122,-0.199,-0.199,446.769,446.769,0.0
0.7123,-0.146,-0.146,446.769,446.769,0.0
0.7124,0.0,0.0,446.773,446.773,0.0
0.7125,-1.798,-1.798,446.785,446.785,0.0
0.7126,-5.647,-5.647,446.788,446.788,0.0
0.7127,-0.769,-0.769,446.82,446.82,0.0
0.7128,-3.748,-3.748,446.827,446.827,0.0
0.7129,-0.042,-0.042,446.846,446.846,0.0
0.713,-4.174,-4.174,446.887,446.887,0.0
0.7131,-0.419,-0.419,446.913,446.913,0.0
0.7132,-0.372,-0.372,446.927,446.927,0.0
0.7133,-0.033,-0.033,446.941,446.941,0.0
0.7134,-6.39,-6.39,447.028,447.028,0.0
0.7135,-0.549,-0.549,447.086,447.086,0.0
0.7136,-2.697,-2.697,447.104,447.104,0.0
0.7137,-0.119,-0.119,447.13,447.13,0.0
0.7138,-0.322,-0.322,447.163,447.163,0.0
0.7139,-4.509,-4.509,447.189,447.189,0.0
0.714,0.0,0.0,447.235,447.235,0.0
0.7141,-9.209,-9.209,447.408,447.408,0.0
0.7142,-0.78,-0.78,447.524,447.524,0.0
0.7143,-0.0,-0.0,447.532,447.532,0.0
0.7144,-0.0,-0.0,447.531,447.531,0.0
0.7145,-0.0,-0.0,447.531,447.531,0.0
0.7146,-0.0,-0.0,447.531,447.531,0.0
0.7147,-0.0,-0.0,447.53,447.53,0.0
0.7148,-0.0,-0.0,447.53,447.53,0.0
0.7149,-0.0,-0.0,447.529,447.529,0.0
0.715,-0.0,-0.0,447.529,447.529,0.0
0.7151,-0.0,-0.0,447.529,447.529,0.0
0.7152,-0.0,-0.0,447.528,447.528,0.0
0.7153,-0.0,-0.0,447.528,447.528,0.0
0.7154,-0.0,-0.0,447.528,447.528,0.0
0.7155,-0.0,-0.0,447.527,447.527,0.0
0.7156,-0.0,-0.0,447.527,447.527,0.0
0.7157,-0.0,-0.0,447.527,447.527,0.0
0.7158,-0.0,-0.0,447.526,447.526,0.0
0.7159,-0.0,-0.0,447.526,447.526,0.0
0.716,-0.0,-0.0,447.525,447.525,0.0
0.7161,-0.0,-0.0,447.525,447.525,0.0
0.7162,-0.0,-0.0,447.525,447.525,0.0
0.7163,-0.0,-0.0,447.524,447.524,0.0
0.7164,-0.0,-0.0,447.524,447.524,0.0
0.7165,-0.0,-0.0,447.524,447.524,0.0
0.7166,-0.0,-0.0,447.523,447.523,0.0
0.7167,-0.0,-0.0,447.523,447.523,0.0
0.7168,-0.0,-0.0,447.523,447.523,0.0
0.7169,-0.0,-0.0,447.522,447.522,0.0
0.717,-0.0,-0.0,447.522,447.522,0.0
0.7171,-0.0,-0.0,447.521,447.521,0.0
0.7172,-0.0,-0.0,447.521,447.521,0.0
0.7173,-0.0,-0.0,447.521,447.521,0.0
0.7174,-0.0,-0.0,447.52,447.52,0.0
0.7175,-0.0,-0.0,447.52,447.52,0.0
0.7176,-0.0,-0.0,447.52,447.52,0.0
0.7177,-0.0,-0.0,447.519,447.519,0.0
0.7178,-0.0,-0.0,447.519,447.519,0.0
0.7179,-0.0,-0.0,447.519,447.519,0.0
0.718,-0.0,-0.0,447.518,447.518,0.0
0.7181,-0.0,-0.0,447.518,447.518,0.0
0.7182,-0.0,-0.0,447.517,447.517,0.0
0.7183,-0.0,-0.0,447.517,447.517,0.0
0.7184,-0.0,-0.0,447.517,447.517,0.0
0.7185,-0.0,-0.0,447.516,447.516,0.0
0.7186,-0.0,-0.0,447.516,447.516,0.0
0.7187,-0.0,-0.0,447.516,447.516,0.0
0.7188,-0.0,-0.0,447.515,447.515,0.0
0.7189,-0.0,-0.0,447.515,447.515,0.0
0.719,-0.0,-0.0,447.515,447.515,0.0
0.7191,-0.0,-0.0,447.514,447.514,0.0
0.7192,-0.0,-0.0,447.514,447.514,0.0
0.7193,-0.0,-0.0,447.513,447.513,0.0
0.7194,-0.0,-0.0,447.513,447.513,0.0
0.7195,-0.0,-0.0,447.513,447.513,0.0
0.7196,0.0,0.0,447.512,447.512,0.0
0.7197,0.0,0.0,447.512,447.512,0.0
0.7198,0.0,0.0,447.512,447.512,0.0
0.7199,0.0,0.0,447.511,447.511,0.0
0.72,0.0,0.0,447.511,447.511,0.0
0.7201,0.0,0.0,447.51,447.51,0.0
0.7202,0.0,0.0,447.51,447.51,0.0
0.7203,0.0,0.0,447.51,447.51,0.0
0.7204,0.0,0.0,447.509,447.509,0.0
0.7205,0.0,0.0,447.509,447.509,0.0
0.7206,0.0,0.0,447.509,447.509,0.0
0.7207,0.0,0.0,447.508,447.508,0.0
0.7208,0.0,0.0,447.508,447.508,0.0
0.7209,0.0,0.0,447.508,447.508,0.0
0.721,0.0,0.0,447.507,447.507,0.0
0.7211,0.0,0.0,447.507,447.507,0.0
0.7212,0.0,0.0,447.506,447.506,0.0
0.7213,0.0,0.0,447.506,447.506,0.0
0.7214,0.0,0.0,447.506,447.506,0.0
0.7215,0.0,0.0,447.505,447.505,0.0
0.7216,0.0,0.0,447.505,447.505,0.0
0.7217,0.0,0.0,447.505,447.505,0.0
0.7218,0.0,0.0,447.504,447.504,0.0
0.7219,0.0,0.0,447.504,447.504,0.0
0.722,0.003,0.003,447.503,447.503,0.0
0.7221,-0.0,-0.0,447.503,447.503,0.0
0.7222,-0.0,-0.0,447.503,447.503,0.0
0.7223,-0.0,-0.0,447.502,447.502,0.0
0.7224,-0.0,-0.0,447.502,447.502,0.0
0.7225,-0.0,-0.0,447.502,447.502,0.0
0.7226,-0.0,-0.0,447.501,447.501,0.0
0.7227,-0.0,-0.0,447.501,447.501,0.0
0.7228,-0.0,-0.0,447.5,447.5,0.0
0.7229,-0.0,-0.0,447.5,447.5,0.0
0.723,-0.0,-0.0,447.5,447.5,0.0
0.7231,-0.0,-0.0,447.499,447.499,0.0
0.7232,-0.0,-0.0,447.499,447.499,0.0
0.7233,-0.0,-0.0,447.499,447.499,0.0
0.7234,-0.0,-0.0,447.498,447.498,0.0
0.7235,-0.0,-0.0,447.498,447.498,0.0
0.7236,-0.0,-0.0,447.497,447.497,0.0
0.7237,-0.0,-0.0,447.497,447.497,0.0
0.7238,-0.0,-0.0,447.497,447.497,0.0
0.7239,-0.0,-0.0,447.496,447.496,0.0
0.724,-0.0,-0.0,447.496,447.496,0.0
0.7241,-0.0,-0.0,447.496,447.496,0.0
0.7242,-0.0,-0.0,447.495,447.495,0.0
0.7243,0.0,0.0,447.495,447.495,0.0
0.7244,0.0,0.0,447.494,447.494,0.0
0.7245,0.0,0.0,447.494,447.494,0.0
0.7246,0.0,0.0,447.494,447.494,0.0
0.7247,0.0,0.0,447.493,447.493,0.0
0.7248,0.0,0.0,447.493,447.493,0.0
0.7249,0.0,0.0,447.493,447.493,0.0
0.725,0.0,0.0,447.492,447.492,0.0
0.7251,0.0,0.0,447.492,447.492,0.0
0.7252,0.0,0.0,447.492,447.492,0.0
0.7253,0.0,0.0,447.491,447.491,0.0
0.7254,0.0,0.0,447.491,447.491,0.0
0.7255,0.0,0.0,447.49,447.49,0.0
0.7256,0.0,0.0,447.49,447.49,0.0
0.7257,0.0,0.0,447.49,447.49,0.0
0.7258,0.0,0.0,447.489,447.489,0.0
0.7259,0.0,0.0,447.489,447.489,0.0
0.726,0.0,0.0,447.489,447.489,0.0
0.7261,0.0,0.0,447.488,447.488,0.0
0.7262,0.0,0.0,447.488,447.488,0.0
0.7263,0.0,0.0,447.488,447.488,0.0
0.7264,0.0,0.0,447.487,447.487,0.0
0.7265,0.0,0.0,447.487,447.487,0.0
0.7266,0.0,0.0,447.486,447.486,0.0
0.7267,0.0,0.0,447.486,447.486,0.0
0.7268,0.0,0.0,447.486,447.486,0.0
0.7269,0.0,0.0,447.485,447.485,0.0
0.727,0.0,0.0,447.485,447.485,0.0
0.7271,0.0,0.0,447.485,447.485,0.0
0.7272,0.0,0.0,447.484,447.484,0.0
0.7273,0.0,0.0,447.484,447.484,0.0
0.7274,0.0,0.0,447.484,447.484,0.0
0.7275,0.0,0.0,447.483,447.483,0.0
0.7276,0.0,0.0,447.483,447.483,0.0
0.7277,0.0,0.0,447.482,447.482,0.0
0.7278,0.0,0.0,447.482,447.482,0.0
0.7279,0.0,0.0,447.482,447.482,0.0
0.728,0.0,0.0,447.481,447.481,0.0
0.7281,0.0,0.0,447.481,447.481,0.0
0.7282,0.0,0.0,447.481,447.481,0.0
0.7283,0.0,0.0,447.48,447.48,0.0
0.7284,0.0,0.0,447.48,447.48,0.0
0.7285,0.0,0.0,447.48,447.48,0.0
0.7286,0.0,0.0,447.479,447.479,0.0
0.7287,0.0,0.0,447.479,447.479,0.0
0.7288,0.0,0.0,447.478,447.478,0.0
0.7289,0.0,0.0,447.478,447.478,0.0
0.729,0.0,0.0,447.478,447.478,0.0
0.7291,0.0,0.0,447.477,447.477,0.0
0.7292,0.0,0.0,447.477,447.477,0.0
0.7293,0.0,0.0,447.477,447.477,0.0
0.7294,0.0,0.0,447.476,447.476,0.0
0.7295,0.0,0.0,447.476,447.476,0.0
0.7296,-0.0,-0.0,447.476,447.476,0.0
0.7297,-0.0,-0.0,447.475,447.475,0.0
0.7298,-0.0,-0.0,447.475,447.475,0.0
0.7299,-0.0,-0.0,447.474,447.474,0.0
0.73,-0.0,-0.0,447.474,447.474,0.0
0.7301,-0.0,-0.0,447.474,447.474,0.0
0.7302,-0.0,-0.0,447.473,447.473,0.0
0.7303,-0.0,-0.0,447.473,447.473,0.0
0.7304,-0.0,-0.0,447.473,447.473,0.0
0.7305,-0.0,-0.0,447.472,447.472,0.0
0.7306,-0.0,-0.0,447.472,447.472,0.0
0.7307,-0.0,-0.0,447.471,447.471,0.0
0.7308,-0.0,-0.0,447.471,447.471,0.0
0.7309,-0.0,-0.0,447.471,447.471,0.0
0.731,-0.0,-0.0,447.47,447.47,0.0
0.7311,-0.0,-0.0,447.47,447.47,0.0
0.7312,-0.0,-0.0,447.47,447.47,0.0
0.7313,-0.0,-0.0,447.469,447.469,0.0
0.7314,-0.0,-0.0,447.469,447.469,0.0
0.7315,-0.0,-0.0,447.468,447.468,0.0
0.7316,-0.0,-0.0,447.468,447.468,0.0
0.7317,-0.0,-0.0,447.468,447.468,0.0
0.7318,-0.0,-0.0,447.467,447.467,0.0
0.7319,-0.0,-0.0,447.467,447.467,0.0
0.732,-0.014,-0.014,447.467,447.467,0.0
0.7321,0.0,0.0,447.466,447.466,0.0
0.7322,0.0,0.0,447.466,447.466,0.0
0.7323,0.0,0.0,447.465,447.465,0.0
0.7324,0.0,0.0,447.465,447.465,0.0
0.7325,0.0,0.0,447.465,447.465,0.0
0.7326,0.0,0.0,447.464,447.464,0.0
0.7327,0.0,0.0,447.464,447.464,0.0
0.7328,0.0,0.0,447.464,447.464,0.0
0.7329,0.0,0.0,447.463,447.463,0.0
0.733,0.0,0.0,447.463,447.463,0.0
0.7331,0.0,0.0,447.462,447.462,0.0
0.7332,0.0,0.0,447.462,447.462,0.0
0.7333,0.0,0.0,447.462,447.462,0.0
0.7334,0.0,0.0,447.461,447.461,0.0
0.7335,0.0,0.0,447.461,447.461,0.0
0.7336,0.0,0.0,447.461,447.461,0.0
0.7337,0.0,0.0,447.46,447.46,0.0
0.7338,0.0,0.0,447.46,447.46,0.0
0.7339,0.0,0.0,447.46,447.46,0.0
0.734,0.0,0.0,447.459,447.459,0.0
0.7341,0.0,0.0,447.459,447.459,0.0
0.7342,0.0,0.0,447.458,447.458,0.0
0.7343,-0.0,-0.0,447.458,447.458,0.0
0.7344,-0.0,-0.0,447.458,447.458,0.0
0.7345,-0.0,-0.0,447.457,447.457,0.0
0.7346,-0.0,-0.0,447.457,447.457,0.0
0.7347,-0.0,-0.0,447.457,447.457,0.0
0.7348,-0.0,-0.0,447.456,447.456,0.0
0.7349,-0.0,-0.0,447.456,447.456,0.0
0.735,-0.0,-0.0,447.455,447.455,0.0
0.7351,-0.0,-0.0,447.455,447.455,0.0
0.7352,-0.0,-0.0,447.455,447.455,0.0
0.7353,-0.0,-0.0,447.454,447.454,0.0
0.7354,-0.0,-0.0,447.454,447.454,0.0
0.7355,-0.0,-0.0,447.454,447.454,0.0
0.7356,-0.0,-0.0,447.453,447.453,0.0
0.7357,-0.0,-0.0,447.453,447.453,0.0
0.7358,-0.0,-0.0,447.453,447.453,0.0
0.7359,-0.0,-0.0,447.452,447.452,0.0
0.736,-0.0,-0.0,447.452,447.452,0.0
0.7361,-0.0,-0.0,447.451,447.451,0.0
0.7362,-0.0,-0.0,447.451,447.451,0.0
0.7363,-0.0,-0.0,447.451,447.451,0.0
0.7364,-0.0,-0.0,447.45,447.45,0.0
0.7365,-0.0,-0.0,447.45,447.45,0.0
0.7366,-0.0,-0.0,447.45,447.45,0.0
0.7367,-0.0,-0.0,447.449,447.449,0.0
0.7368,-0.0,-0.0,447.449,447.449,0.0
0.7369,-0.0,-0.0,447.449,447.449,0.0
0.737,-0.0,-0.0,447.448,447.448,0.0
0.7371,-0.0,-0.0,447.448,447.448,0.0
0.7372,-0.0,-0.0,447.447,447.447,0.0
0.7373,-0.0,-0.0,447.447,447.447,0.0
0.7374,-0.0,-0.0,447.447,447.447,0.0
0.7375,-0.0,-0.0,447.446,447.446,0.0
0.7376,-0.0,-0.0,447.446,447.446,0.0
0.7377,-0.0,-0.0,447.446,447.446,0.0
0.7378,-0.0,-0.0,447.445,447.445,0.0
0.7379,-0.0,-0.0,447.445,447.445,0.0
0.738,-0.0,-0.0,447.445,447.445,0.0
0.7381,-0.0,-0.0,447.444,447.444,0.0
0.7382,-0.0,-0.0,447.444,447.444,0.0
0.7383,-0.0,-0.0,447.443,447.443,0.0
0.7384,-0.0,-0.0,447.443,447.443,0.0
0.7385,-0.0,-0.0,447.443,447.443,0.0
0.7386,-0.0,-0.0,447.442,447.442,0.0
0.7387,-0.0,-0.0,447.442,447.442,0.0
0.7388,-0.0,-0.0,447.442,447.442,0.0
0.7389,-0.0,-0.0,447.441,447.441,0.0
0.739,-0.0,-0.0,447.441,447.441,0.0
0.7391,-0.0,-0.0,447.441,447.441,0.0
0.7392,-0.0,-0.0,447.44,447.44,0.0
0.7393,-0.0,-0.0,447.44,447.44,0.0
0.7394,-0.0,-0.0,447.439,447.439,0.0
0.7395,-0.0,-0.0,447.439,447.439,0.0
0.7396,0.0,0.0,447.439,447.439,0.0
0.7397,0.0,0.0,447.438,447.438,0.0
0.7398,0.0,0.0,447.438,447.438,0.0
0.7399,0.0,0.0,447.438,447.438,0.0
0.74,0.0,0.0,447.437,447.437,0.0
0.7401,0.0,0.0,447.437,447.437,0.0
0.7402,0.0,0.0,447.436,447.436,0.0
0.7403,0.0,0.0,447.436,447.436,0.0
0.7404,0.0,0.0,447.436,447.436,0.0
0.7405,0.0,0.0,447.435,447.435,0.0
0.7406,0.0,0.0,447.435,447.435,0.0
0.7407,0.0,0.0,447.435,447.435,0.0
0.7408,0.0,0.0,447.434,447.434,0.0
0.7409,0.0,0.0,447.434,447.434,0.0
0.741,0.0,0.0,447.433,447.433,0.0
0.7411,0.0,0.0,447.433,447.433,0.0
0.7412,0.0,0.0,447.433,447.433,0.0
0.7413,0.0,0.0,447.432,447.432,0.0
0.7414,0.0,0.0,447.432,447.432,0.0
0.7415,0.0,0.0,447.432,447.432,0.0
0.7416,0.0,0.0,447.431,447.431,0.0
0.7417,0.0,0.0,447.431,447.431,0.0
0.7418,0.0,0.0,447.431,447.431,0.0
0.7419,0.0,0.0,447.43,447.43,0.0
0.742,0.124,0.124,447.43,447.43,0.0
0.7421,-0.0,-0.0,447.429,447.429,0.0
0.7422,-0.0,-0.0,447.429,447.429,0.0
0.7423,-0.0,-0.0,447.429,447.429,0.0
0.7424,-0.0,-0.0,447.428,447.428,0.0
0.7425,-0.0,-0.0,447.428,447.428,0.0
0.7426,-0.0,-0.0,447.428,447.428,0.0
0.7427,-0.0,-0.0,447.427,447.427,0.0
0.7428,-0.0,-0.0,447.427,447.427,0.0
0.7429,-0.0,-0.0,447.426,447.426,0.0
0.743,-0.0,-0.0,447.426,447.426,0.0
0.7431,-0.0,-0.0,447.426,447.426,0.0
0.7432,-0.0,-0.0,447.425,447.425,0.0
0.7433,-0.0,-0.0,447.425,447.425,0.0
0.7434,-0.0,-0.0,447.425,447.425,0.0
0.7435,-0.0,-0.0,447.424,447.424,0.0
0.7436,-0.0,-0.0,447.424,447.424,0.0
0.7437,-0.0,-0.0,447.423,447.423,0.0
0.7438,-0.0,-0.0,447.423,447.423,0.0
0.7439,-0.0,-0.0,447.423,447.423,0.0
0.744,-0.0,-0.0,447.422,447.422,0.0
0.7441,-0.0,-0.0,447.422,447.422,0.0
0.7442,-0.0,-0.0,447.422,447.422,0.0
0.7443,0.0,0.0,447.421,447.421,0.0
0.7444,0.0,0.0,447.421,447.421,0.0
0.7445,0.0,0.0,447.42,447.42,0.0
0.7446,0.0,0.0,447.42,447.42,0.0
0.7447,0.0,0.0,447.42,447.42,0.0
0.7448,0.0,0.0,447.419,447.419,0.0
0.7449,0.0,0.0,447.419,447.419,0.0
0.745,0.0,0.0,447.419,447.419,0.0
0.7451,0.0,0.0,447.418,447.418,0.0
0.7452,0.0,0.0,447.418,447.418,0.0
0.7453,0.0,0.0,447.418,447.418,0.0
0.7454,0.0,0.0,447.417,447.417,0.0
0.7455,0.0,0.0,447.417,447.417,0.0
0.7456,0.0,0.0,447.416,447.416,0.0
0.7457,0.0,0.0,447.416,447.416,0.0
0.7458,0.0,0.0,447.416,447.416,0.0
0.7459,0.0,0.0,447.415,447.415,0.0
0.746,0.0,0.0,447.415,447.415,0.0
0.7461,0.0,0.0,447.415,447.415,0.0
0.7462,0.0,0.0,447.414,447.414,0.0
0.7463,0.0,0.0,447.414,447.414,0.0
0.7464,0.0,0.0,447.414,447.414,0.0
0.7465,0.0,0.0,447.413,447.413,0.0
0.7466,0.0,0.0,447.413,447.413,0.0
0.7467,0.0,0.0,447.412,447.412,0.0
0.7468,0.0,0.0,447.412,447.412,0.0
0.7469,0.0,0.0,447.412,447.412,0.0
0.747,0.0,0.0,447.411,447.411,0.0
0.7471,0.0,0.0,447.411,447.411,0.0
0.7472,0.0,0.0,447.411,447.411,0.0
0.7473,0.0,0.0,447.41,447.41,0.0
0.7474,0.0,0.0,447.41,447.41,0.0
0.7475,0.0,0.0,447.41,447.41,0.0
0.7476,0.0,0.0,447.409,447.409,0.0
0.7477,0.0,0.0,447.409,447.409,0.0
0.7478,0.0,0.0,447.408,447.408,0.0
0.7479,0.0,0.0,447.408,447.408,0.0
0.748,0.0,0.0,447.408,447.408,0.0
0.7481,0.0,0.0,447.407,447.407,0.0
0.7482,0.0,0.0,447.407,447.407,0.0
0.7483,0.0,0.0,447.407,447.407,0.0
0.7484,0.0,0.0,447.406,447.406,0.0
0.7485,0.0,0.0,447.406,447.406,0.0
0.7486,0.0,0.0,447.406,447.406,0.0
0.7487,0.0,0.0,447.405,447.405,0.0
0.7488,0.0,0.0,447.405,447.405,0.0
0.7489,0.0,0.0,447.404,447.404,0.0
0.749,0.0,0.0,447.404,447.404,0.0
0.7491,0.0,0.0,447.404,447.404,0.0
0.7492,0.0,0.0,447.403,447.403,0.0
0.7493,0.0,0.0,447.403,447.403,0.0
0.7494,0.0,0.0,447.403,447.403,0.0
0.7495,0.0,0.0,447.402,447.402,0.0
0.7496,0.0,0.0,447.402,447.402,0.0
0.7497,-0.0,-0.0,447.401,447.401,0.0
0.7498,-0.0,-0.0,447.401,447.401,0.0
0.7499,-0.0,-0.0,447.401,447.401,0.0
0.75,-0.0,-0.0,447.4,447.4,0.0
0.7501,-0.0,-0.0,447.4,447.4,0.0
0.7502,-0.0,-0.0,447.4,447.4,0.0
0.7503,-0.0,-0.0,447.399,447.399,0.0
0.7504,-0.0,-0.0,447.399,447.399,0.0
0.7505,-0.0,-0.0,447.399,447.399,0.0
0.7506,-0.0,-0.0,447.398,447.398,0.0
0.7507,-0.0,-0.0,447.398,447.398,0.0
0.7508,-0.0,-0.0,447.397,447.397,0.0
0.7509,-0.0,-0.0,447.397,447.397,0.0
0.751,-0.0,-0.0,447.397,447.397,0.0
0.7511,-0.0,-0.0,447.396,447.396,0.0
0.7512,-0.0,-0.0,447.396,447.396,0.0
0.7513,-0.0,-0.0,447.396,447.396,0.0
0.7514,-0.0,-0.0,447.395,447.395,0.0
0.7515,-0.0,-0.0,447.395,447.395,0.0
0.7516,-0.0,-0.0,447.394,447.394,0.0
0.7517,-0.0,-0.0,447.394,447.394,0.0
0.7518,-0.0,-0.0,447.394,447.394,0.0
0.7519,-0.0,-0.0,447.393,447.393,0.0
0.752,-0.042,-0.042,447.393,447.393,0.0
0.7521,0.0,0.0,447.393,447.393,0.0
0.7522,0.0,0.0,447.392,447.392,0.0
0.7523,0.0,0.0,447.392,447.392,0.0
0.7524,0.0,0.0,447.391,447.391,0.0
0.7525,0.0,0.0,447.391,447.391,0.0
0.7526,0.0,0.0,447.391,447.391,0.0
0.7527,0.0,0.0,447.39,447.39,0.0
0.7528,0.0,0.0,447.39,447.39,0.0
0.7529,0.0,0.0,447.39,447.39,0.0
0.753,0.0,0.0,447.389,447.389,0.0
0.7531,0.0,0.0,447.389,447.389,0.0
0.7532,0.0,0.0,447.388,447.388,0.0
0.7533,0.0,0.0,447.388,447.388,0.0
0.7534,0.0,0.0,447.388,447.388,0.0
0.7535,0.0,0.0,447.387,447.387,0.0
0.7536,0.0,0.0,447.387,447.387,0.0
0.7537,0.0,0.0,447.387,447.387,0.0
0.7538,0.0,0.0,447.386,447.386,0.0
0.7539,0.0,0.0,447.386,447.386,0.0
0.754,0.0,0.0,447.385,447.385,0.0
0.7541,0.0,0.0,447.385,447.385,0.0
0.7542,0.0,0.0,447.385,447.385,0.0
0.7543,-0.0,-0.0,447.384,447.384,0.0
0.7544,-0.0,-0.0,447.384,447.384,0.0
0.7545,-0.0,-0.0,447.384,447.384,0.0
0.7546,-0.0,-0.0,447.383,447.383,0.0
0.7547,-0.0,-0.0,447.383,447.383,0.0
0.7548,-0.0,-0.0,447.383,447.383,0.0
0.7549,-0.0,-0.0,447.382,447.382,0.0
0.755,-0.0,-0.0,447.382,447.382,0.0
0.7551,-0.0,-0.0,447.381,447.381,0.0
0.7552,-0.0,-0.0,447.381,447.381,0.0
0.7553,-0.0,-0.0,447.381,447.381,0.0
0.7554,-0.0,-0.0,447.38,447.38,0.0
0.7555,-0.0,-0.0,447.38,447.38,0.0
0.7556,-0.0,-0.0,447.38,447.38,0.0
0.7557,-0.0,-0.0,447.379,447.379,0.0
0.7558,-0.0,-0.0,447.379,447.379,0.0
0.7559,-0.0,-0.0,447.379,447.379,0.0
0.756,-0.0,-0.0,447.378,447.378,0.0
0.7561,-0.0,-0.0,447.378,447.378,0.0
0.7562,-0.0,-0.0,447.377,447.377,0.0
0.7563,-0.0,-0.0,447.377,447.377,0.0
0.7564,-0.0,-0.0,447.377,447.377,0.0
0.7565,-0.0,-0.0,447.376,447.376,0.0
0.7566,-0.0,-0.0,447.376,447.376,0.0
0.7567,-0.0,-0.0,447.376,447.376,0.0
0.7568,-0.0,-0.0,447.375,447.375,0.0
0.7569,-0.0,-0.0,447.375,447.375,0.0
0.757,-0.0,-0.0,447.375,447.375,0.0
0.7571,-0.0,-0.0,447.374,447.374,0.0
0.7572,-0.0,-0.0,447.374,447.374,0.0
0.7573,-0.0,-0.0,447.373,447.373,0.0
0.7574,-0.0,-0.0,447.373,447.373,0.0
0.7575,-0.0,-0.0,447.373,447.373,0.0
0.7576,-0.0,-0.0,447.372,447.372,0.0
0.7577,-0.0,-0.0,447.372,447.372,0.0
0.7578,-0.0,-0.0,447.372,447.372,0.0
0.7579,-0.0,-0.0,447.371,447.371,0.0
0.758,-0.0,-0.0,447.371,447.371,0.0
0.7581,-0.0,-0.0,447.371,447.371,0.0
0.7582,-0.0,-0.0,447.37,447.37,0.0
0.7583,-0.0,-0.0,447.37,447.37,0.0
0.7584,-0.0,-0.0,447.369,447.369,0.0
0.7585,-0.0,-0.0,447.369,447.369,0.0
0.7586,-0.0,-0.0,447.369,447.369,0.0
0.7587,-0.0,-0.0,447.368,447.368,0.0
0.7588,-0.0,-0.0,447.368,447.368,0.0
0.7589,-0.0,-0.0,447.368,447.368,0.0
0.759,-0.0,-0.0,447.367,447.367,0.0
0.7591,-0.0,-0.0,447.367,447.367,0.0
0.7592,-0.0,-0.0,447.367,447.367,0.0
0.7593,-0.0,-0.0,447.366,447.366,0.0
0.7594,-0.0,-0.0,447.366,447.366,0.0
0.7595,-0.0,-0.0,447.365,447.365,0.0
0.7596,0.0,0.0,447.365,447.365,0.0
0.7597,0.0,0.0,447.365,447.365,0.0
0.7598,0.0,0.0,447.364,447.364,0.0
0.7599,0.0,0.0,447.364,447.364,0.0
0.76,0.0,0.0,447.364,447.364,0.0
0.7601,0.0,0.0,447.363,447.363,0.0
0.7602,0.0,0.0,447.363,447.363,0.0
0.7603,0.0,0.0,447.362,447.362,0.0
0.7604,0.0,0.0,447.362,447.362,0.0
0.7605,0.0,0.0,447.362,447.362,0.0
0.7606,0.0,0.0,447.361,447.361,0.0
0.7607,0.0,0.0,447.361,447.361,0.0
0.7608,0.0,0.0,447.361,447.361,0.0
0.7609,0.0,0.0,447.36,447.36,0.0
0.761,0.0,0.0,447.36,447.36,0.0
0.7611,0.0,0.0,447.359,447.359,0.0
0.7612,0.0,0.0,447.359,447.359,0.0
0.7613,0.0,0.0,447.359,447.359,0.0
0.7614,0.0,0.0,447.358,447.358,0.0
0.7615,0.0,0.0,447.358,447.358,0.0
0.7616,0.0,0.0,447.358,447.358,0.0
0.7617,0.0,0.0,447.357,447.357,0.0
0.7618,0.0,0.0,447.357,447.357,0.0
0.7619,0.001,0.001,447.356,447.356,0.0
0.762,0.005,0.005,447.356,447.356,0.0
0.7621,-0.0,-0.0,447.356,447.356,0.0
0.7622,-0.0,-0.0,447.355,447.355,0.0
0.7623,-0.0,-0.0,447.355,447.355,0.0
0.7624,-0.0,-0.0,447.355,447.355,0.0
0.7625,-0.0,-0.0,447.354,447.354,0.0
0.7626,-0.0,-0.0,447.354,447.354,0.0
0.7627,-0.0,-0.0,447.354,447.354,0.0
0.7628,-0.0,-0.0,447.353,447.353,0.0
0.7629,-0.0,-0.0,447.353,447.353,0.0
0.763,-0.0,-0.0,447.352,447.352,0.0
0.7631,-0.0,-0.0,447.352,447.352,0.0
0.7632,-0.0,-0.0,447.352,447.352,0.0
0.7633,-0.0,-0.0,447.351,447.351,0.0
0.7634,-0.0,-0.0,447.351,447.351,0.0
0.7635,-0.0,-0.0,447.351,447.351,0.0
0.7636,-0.0,-0.0,447.35,447.35,0.0
0.7637,-0.0,-0.0,447.35,447.35,0.0
0.7638,-0.0,-0.0,447.349,447.349,0.0
0.7639,-0.0,-0.0,447.349,447.349,0.0
0.764,-0.0,-0.0,447.349,447.349,0.0
0.7641,-0.0,-0.0,447.348,447.348,0.0
0.7642,-0.0,-0.0,447.348,447.348,0.0
0.7643,0.0,0.0,447.348,447.348,0.0
0.7644,0.0,0.0,447.347,447.347,0.0
0.7645,0.0,0.0,447.347,447.347,0.0
0.7646,0.0,0.0,447.346,447.346,0.0
0.7647,0.0,0.0,447.346,447.346,0.0
0.7648,0.0,0.0,447.346,447.346,0.0
0.7649,0.0,0.0,447.345,447.345,0.0
0.765,0.0,0.0,447.345,447.345,0.0
0.7651,0.0,0.0,447.345,447.345,0.0
0.7652,0.0,0.0,447.344,447.344,0.0
0.7653,0.0,0.0,447.344,447.344,0.0
0.7654,0.0,0.0,447.344,447.344,0.0
0.7655,0.0,0.0,447.343,447.343,0.0
0.7656,0.0,0.0,447.343,447.343,0.0
0.7657,0.0,0.0,447.342,447.342,0.0
0.7658,0.0,0.0,447.342,447.342,0.0
0.7659,0.0,0.0,447.342,447.342,0.0
0.766,0.0,0.0,447.341,447.341,0.0
0.7661,0.0,0.0,447.341,447.341,0.0
0.7662,0.0,0.0,447.341,447.341,0.0
0.7663,0.0,0.0,447.34,447.34,0.0
0.7664,0.0,0.0,447.34,447.34,0.0
0.7665,0.0,0.0,447.34,447.34,0.0
0.7666,0.0,0.0,447.339,447.339,0.0
0.7667,0.0,0.0,447.339,447.339,0.0
0.7668,0.0,0.0,447.338,447.338,0.0
0.7669,0.0,0.0,447.338,447.338,0.0
0.767,0.0,0.0,447.338,447.338,0.0
0.7671,0.0,0.0,447.337,447.337,0.0
0.7672,0.0,0.0,447.337,447.337,0.0
0.7673,0.0,0.0,447.337,447.337,0.0
0.7674,0.0,0.0,447.336,447.336,0.0
0.7675,0.0,0.0,447.336,447.336,0.0
0.7676,0.0,0.0,447.336,447.336,0.0
0.7677,0.0,0.0,447.335,447.335,0.0
0.7678,0.0,0.0,447.335,447.335,0.0
0.7679,0.0,0.0,447.334,447.334,0.0
0.768,0.0,0.0,447.334,447.334,0.0
0.7681,0.0,0.0,447.334,447.334,0.0
0.7682,0.0,0.0,447.333,447.333,0.0
0.7683,0.0,0.0,447.333,447.333,0.0
0.7684,0.0,0.0,447.333,447.333,0.0
0.7685,0.0,0.0,447.332,447.332,0.0
0.7686,0.0,0.0,447.332,447.332,0.0
0.7687,0.0,0.0,447.332,447.332,0.0
0.7688,0.0,0.0,447.331,447.331,0.0
0.7689,0.0,0.0,447.331,447.331,0.0
0.769,0.0,0.0,447.33,447.33,0.0
0.7691,0.0,0.0,447.33,447.33,0.0
0.7692,0.0,0.0,447.33,447.33,0.0
0.7693,0.0,0.0,447.329,447.329,0.0
0.7694,0.0,0.0,447.329,447.329,0.0
0.7695,0.0,0.0,447.329,447.329,0.0
0.7696,-0.0,-0.0,447.328,447.328,0.0
0.7697,-0.0,-0.0,447.328,447.328,0.0
0.7698,-0.0,-0.0,447.327,447.327,0.0
0.7699,-0.0,-0.0,447.327,447.327,0.0
0.77,-0.0,-0.0,447.327,447.327,0.0
0.7701,-0.0,-0.0,447.326,447.326,0.0
0.7702,-0.0,-0.0,447.326,447.326,0.0
0.7703,-0.0,-0.0,447.326,447.326,0.0
0.7704,-0.0,-0.0,447.325,447.325,0.0
0.7705,-0.0,-0.0,447.325,447.325,0.0
0.7706,-0.0,-0.0,447.325,447.325,0.0
0.7707,-0.0,-0.0,447.324,447.324,0.0
0.7708,-0.0,-0.0,447.324,447.324,0.0
0.7709,-0.0,-0.0,447.323,447.323,0.0
0.771,-0.0,-0.0,447.323,447.323,0.0
0.7711,-0.0,-0.0,447.323,447.323,0.0
0.7712,-0.0,-0.0,447.322,447.322,0.0
0.7713,-0.0,-0.0,447.322,447.322,0.0
0.7714,-0.0,-0.0,447.322,447.322,0.0
0.7715,-0.0,-0.0,447.321,447.321,0.0
0.7716,-0.0,-0.0,447.321,447.321,0.0
0.7717,-0.0,-0.0,447.32,447.32,0.0
0.7718,-0.0,-0.0,447.32,447.32,0.0
0.7719,-0.0,-0.0,447.32,447.32,0.0
0.772,-0.007,-0.007,447.319,447.319,0.0
0.7721,0.0,0.0,447.319,447.319,0.0
0.7722,0.0,0.0,447.319,447.319,0.0
0.7723,0.0,0.0,447.318,447.318,0.0
0.7724,0.0,0.0,447.318,447.318,0.0
0.7725,0.0,0.0,447.317,447.317,0.0
0.7726,0.0,0.0,447.317,447.317,0.0
0.7727,0.0,0.0,447.317,447.317,0.0
0.7728,0.0,0.0,447.316,447.316,0.0
0.7729,0.0,0.0,447.316,447.316,0.0
0.773,0.0,0.0,447.316,447.316,0.0
0.7731,0.0,0.0,447.315,447.315,0.0
0.7732,0.0,0.0,447.315,447.315,0.0
0.7733,0.0,0.0,447.314,447.314,0.0
0.7734,0.0,0.0,447.314,447.314,0.0
0.7735,0.0,0.0,447.314,447.314,0.0
0.7736,0.0,0.0,447.313,447.313,0.0
0.7737,0.0,0.0,447.313,447.313,0.0
0.7738,0.0,0.0,447.313,447.313,0.0
0.7739,0.0,0.0,447.312,447.312,0.0
0.774,0.0,0.0,447.312,447.312,0.0
0.7741,0.0,0.0,447.311,447.311,0.0
0.7742,0.0,0.0,447.311,447.311,0.0
0.7743,-0.0,-0.0,447.311,447.311,0.0
0.7744,-0.0,-0.0,447.31,447.31,0.0
0.7745,-0.0,-0.0,447.31,447.31,0.0
0.7746,-0.0,-0.0,447.31,447.31,0.0
0.7747,-0.0,-0.0,447.309,447.309,0.0
0.7748,-0.0,-0.0,447.309,447.309,0.0
0.7749,-0.0,-0.0,447.309,447.309,0.0
0.775,-0.0,-0.0,447.308,447.308,0.0
0.7751,-0.0,-0.0,447.308,447.308,0.0
0.7752,-0.0,-0.0,447.307,447.307,0.0
0.7753,-0.0,-0.0,447.307,447.307,0.0
0.7754,-0.0,-0.0,447.307,447.307,0.0
0.7755,-0.0,-0.0,447.306,447.306,0.0
0.7756,-0.0,-0.0,447.306,447.306,0.0
0.7757,-0.0,-0.0,447.306,447.306,0.0
0.7758,-0.0,-0.0,447.305,447.305,0.0
0.7759,-0.0,-0.0,447.305,447.305,0.0
0.776,-0.0,-0.0,447.305,447.305,0.0
0.7761,-0.0,-0.0,447.304,447.304,0.0
0.7762,-0.0,-0.0,447.304,447.304,0.0
0.7763,-0.0,-0.0,447.303,447.303,0.0
0.7764,-0.0,-0.0,447.303,447.303,0.0
0.7765,-0.0,-0.0,447.303,447.303,0.0
0.7766,-0.0,-0.0,447.302,447.302,0.0
0.7767,-0.0,-0.0,447.302,447.302,0.0
0.7768,-0.0,-0.0,447.302,447.302,0.0
0.7769,-0.0,-0.0,447.301,447.301,0.0
0.777,-0.0,-0.0,447.301,447.301,0.0
0.7771,-0.0,-0.0,447.301,447.301,0.0
0.7772,-0.0,-0.0,447.3,447.3,0.0
0.7773,-0.0,-0.0,447.3,447.3,0.0
0.7774,-0.0,-0.0,447.299,447.299,0.0
0.7775,-0.0,-0.0,447.299,447.299,0.0
0.7776,-0.0,-0.0,447.299,447.299,0.0
0.7777,-0.0,-0.0,447.298,447.298,0.0
0.7778,-0.0,-0.0,447.298,447.298,0.0
0.7779,-0.0,-0.0,447.298,447.298,0.0
0.778,-0.0,-0.0,447.297,447.297,0.0
0.7781,-0.0,-0.0,447.297,447.297,0.0
0.7782,-0.0,-0.0,447.297,447.297,0.0
0.7783,-0.0,-0.0,447.296,447.296,0.0
0.7784,-0.0,-0.0,447.296,447.296,0.0
0.7785,-0.0,-0.0,447.295,447.295,0.0
0.7786,-0.0,-0.0,447.295,447.295,0.0
0.7787,-0.0,-0.0,447.295,447.295,0.0
0.7788,-0.0,-0.0,447.294,447.294,0.0
0.7789,-0.0,-0.0,447.294,447.294,0.0
0.779,-0.0,-0.0,447.294,447.294,0.0
0.7791,-0.0,-0.0,447.293,447.293,0.0
0.7792,-0.0,-0.0,447.293,447.293,0.0
0.7793,-0.0,-0.0,447.293,447.293,0.0
0.7794,-0.0,-0.0,447.292,447.292,0.0
0.7795,-0.0,-0.0,447.292,447.292,0.0
0.7796,-0.0,-0.0,447.291,447.291,0.0
0.7797,0.0,0.0,447.291,447.291,0.0
0.7798,0.0,0.0,447.291,447.291,0.0
0.7799,0.0,0.0,447.29,447.29,0.0
0.78,0.0,0.0,447.29,447.29,0.0
0.7801,0.0,0.0,447.29,447.29,0.0
0.7802,0.0,0.0,447.289,447.289,0.0
0.7803,0.0,0.0,447.289,447.289,0.0
0.7804,0.0,0.0,447.288,447.288,0.0
0.7805,0.0,0.0,447.288,447.288,0.0
0.7806,0.0,0.0,447.288,447.288,0.0
0.7807,0.0,0.0,447.287,447.287,0.0
0.7808,0.0,0.0,447.287,447.287,0.0
0.7809,0.0,0.0,447.287,447.287,0.0
0.781,0.0,0.0,447.286,447.286,0.0
0.7811,0.0,0.0,447.286,447.286,0.0
0.7812,0.0,0.0,447.285,447.285,0.0
0.7813,0.0,0.0,447.285,447.285,0.0
0.7814,0.0,0.0,447.285,447.285,0.0
0.7815,0.0,0.0,447.284,447.284,0.0
0.7816,0.0,0.0,447.284,447.284,0.0
0.7817,0.0,0.0,447.284,447.284,0.0
0.7818,0.0,0.0,447.283,447.283,0.0
0.7819,0.0,0.0,447.283,447.283,0.0
0.782,0.037,0.037,447.282,447.282,0.0
0.7821,-0.0,-0.0,447.282,447.282,0.0
0.7822,-0.0,-0.0,447.282,447.282,0.0
0.7823,-0.0,-0.0,447.281,447.281,0.0
0.7824,-0.0,-0.0,447.281,447.281,0.0
0.7825,-0.0,-0.0,447.281,447.281,0.0
0.7826,-0.0,-0.0,447.28,447.28,0.0
0.7827,-0.0,-0.0,447.28,447.28,0.0
0.7828,-0.0,-0.0,447.279,447.279,0.0
0.7829,-0.0,-0.0,447.279,447.279,0.0
0.783,-0.0,-0.0,447.279,447.279,0.0
0.7831,-0.0,-0.0,447.278,447.278,0.0
0.7832,-0.0,-0.0,447.278,447.278,0.0
0.7833,-0.0,-0.0,447.278,447.278,0.0
0.7834,-0.0,-0.0,447.277,447.277,0.0
0.7835,-0.0,-0.0,447.277,447.277,0.0
0.7836,-0.0,-0.0,447.277,447.277,0.0
0.7837,-0.0,-0.0,447.276,447.276,0.0
0.7838,-0.0,-0.0,447.276,447.276,0.0
0.7839,-0.0,-0.0,447.275,447.275,0.0
0.784,-0.0,-0.0,447.275,447.275,0.0
0.7841,-0.0,-0.0,447.275,447.275,0.0
0.7842,-0.0,-0.0,447.274,447.274,0.0
0.7843,0.0,0.0,447.274,447.274,0.0
0.7844,0.0,0.0,447.274,447.274,0.0
0.7845,0.0,0.0,447.273,447.273,0.0
0.7846,0.0,0.0,447.273,447.273,0.0
0.7847,0.0,0.0,447.272,447.272,0.0
0.7848,0.0,0.0,447.272,447.272,0.0
0.7849,0.0,0.0,447.272,447.272,0.0
0.785,0.0,0.0,447.271,447.271,0.0
0.7851,0.0,0.0,447.271,447.271,0.0
0.7852,0.0,0.0,447.271,447.271,0.0
0.7853,0.0,0.0,447.27,447.27,0.0
0.7854,0.0,0.0,447.27,447.27,0.0
0.7855,0.0,0.0,447.27,447.27,0.0
0.7856,0.0,0.0,447.269,447.269,0.0
0.7857,0.0,0.0,447.269,447.269,0.0
0.7858,0.0,0.0,447.268,447.268,0.0
0.7859,0.0,0.0,447.268,447.268,0.0
0.786,0.0,0.0,447.268,447.268,0.0
0.7861,0.0,0.0,447.267,447.267,0.0
0.7862,0.0,0.0,447.267,447.267,0.0
0.7863,0.0,0.0,447.267,447.267,0.0
0.7864,0.0,0.0,447.266,447.266,0.0
0.7865,0.0,0.0,447.266,447.266,0.0
0.7866,0.0,0.0,447.266,447.266,0.0
0.7867,0.0,0.0,447.265,447.265,0.0
0.7868,0.0,0.0,447.265,447.265,0.0
0.7869,0.0,0.0,447.264,447.264,0.0
0.787,0.0,0.0,447.264,447.264,0.0
0.7871,0.0,0.0,447.264,447.264,0.0
0.7872,0.0,0.0,447.263,447.263,0.0
0.7873,0.0,0.0,447.263,447.263,0.0
0.7874,0.0,0.0,447.263,447.263,0.0
0.7875,0.0,0.0,447.262,447.262,0.0
0.7876,0.0,0.0,447.262,447.262,0.0
0.7877,0.0,0.0,447.262,447.262,0.0
0.7878,0.0,0.0,447.261,447.261,0.0
0.7879,0.0,0.0,447.261,447.261,0.0
0.788,0.0,0.0,447.26,447.26,0.0
0.7881,0.0,0.0,447.26,447.26,0.0
0.7882,0.0,0.0,447.26,447.26,0.0
0.7883,0.0,0.0,447.259,447.259,0.0
0.7884,0.0,0.0,447.259,447.259,0.0
0.7885,0.0,0.0,447.259,447.259,0.0
0.7886,0.0,0.0,447.258,447.258,0.0
0.7887,0.0,0.0,447.258,447.258,0.0
0.7888,0.0,0.0,447.258,447.258,0.0
0.7889,0.0,0.0,447.257,447.257,0.0
0.789,0.0,0.0,447.257,447.257,0.0
0.7891,0.0,0.0,447.256,447.256,0.0
0.7892,0.0,0.0,447.256,447.256,0.0
0.7893,0.0,0.0,447.256,447.256,0.0
0.7894,0.0,0.0,447.255,447.255,0.0
0.7895,0.0,0.0,447.255,447.255,0.0
0.7896,-0.0,-0.0,447.255,447.255,0.0
0.7897,-0.0,-0.0,447.254,447.254,0.0
0.7898,-0.0,-0.0,447.254,447.254,0.0
0.7899,-0.0,-0.0,447.253,447.253,0.0
0.79,-0.0,-0.0,447.253,447.253,0.0
0.7901,-0.0,-0.0,447.253,447.253,0.0
0.7902,-0.0,-0.0,447.252,447.252,0.0
0.7903,-0.0,-0.0,447.252,447.252,0.0
0.7904,-0.0,-0.0,447.252,447.252,0.0
0.7905,-0.0,-0.0,447.251,447.251,0.0
0.7906,-0.0,-0.0,447.251,447.251,0.0
0.7907,-0.0,-0.0,447.251,447.251,0.0
0.7908,-0.0,-0.0,447.25,447.25,0.0
0.7909,-0.0,-0.0,447.25,447.25,0.0
0.791,-0.0,-0.0,447.249,447.249,0.0
0.7911,-0.0,-0.0,447.249,447.249,0.0
0.7912,-0.0,-0.0,447.249,447.249,0.0
0.7913,-0.0,-0.0,447.248,447.248,0.0
0.7914,-0.0,-0.0,447.248,447.248,0.0
0.7915,-0.0,-0.0,447.248,447.248,0.0
0.7916,-0.0,-0.0,447.247,447.247,0.0
0.7917,-0.0,-0.0,447.247,447.247,0.0
0.7918,-0.0,-0.0,447.246,447.246,0.0
0.7919,-0.001,-0.001,447.246,447.246,0.0
0.792,-0.002,-0.002,447.246,447.246,0.0
0.7921,0.0,0.0,447.245,447.245,0.0
0.7922,0.0,0.0,447.245,447.245,0.0
0.7923,0.0,0.0,447.245,447.245,0.0
0.7924,0.0,0.0,447.244,447.244,0.0
0.7925,0.0,0.0,447.244,447.244,0.0
0.7926,0.0,0.0,447.243,447.243,0.0
0.7927,0.0,0.0,447.243,447.243,0.0
0.7928,0.0,0.0,447.243,447.243,0.0
0.7929,0.0,0.0,447.242,447.242,0.0
0.793,0.0,0.0,447.242,447.242,0.0
0.7931,0.0,0.0,447.242,447.242,0.0
0.7932,0.0,0.0,447.241,447.241,0.0
0.7933,0.0,0.0,447.241,447.241,0.0
0.7934,0.0,0.0,447.24,447.24,0.0
0.7935,0.0,0.0,447.24,447.24,0.0
0.7936,0.0,0.0,447.24,447.24,0.0
0.7937,0.0,0.0,447.239,447.239,0.0
0.7938,0.0,0.0,447.239,447.239,0.0
0.7939,0.0,0.0,447.239,447.239,0.0
0.794,0.0,0.0,447.238,447.238,0.0
0.7941,0.0,0.0,447.238,447.238,0.0
0.7942,0.0,0.0,447.238,447.238,0.0
0.7943,-0.0,-0.0,447.237,447.237,0.0
0.7944,-0.0,-0.0,447.237,447.237,0.0
0.7945,-0.0,-0.0,447.236,447.236,0.0
0.7946,-0.0,-0.0,447.236,447.236,0.0
0.7947,-0.0,-0.0,447.236,447.236,0.0
0.7948,-0.0,-0.0,447.235,447.235,0.0
0.7949,-0.0,-0.0,447.235,447.235,0.0
0.795,-0.0,-0.0,447.235,447.235,0.0
0.7951,-0.0,-0.0,447.234,447.234,0.0
0.7952,-0.0,-0.0,447.234,447.234,0.0
0.7953,-0.0,-0.0,447.233,447.233,0.0
0.7954,-0.0,-0.0,447.233,447.233,0.0
0.7955,-0.0,-0.0,447.233,447.233,0.0
0.7956,-0.0,-0.0,447.232,447.232,0.0
0.7957,-0.0,-0.0,447.232,447.232,0.0
0.7958,-0.0,-0.0,447.232,447.232,0.0
0.7959,-0.0,-0.0,447.231,447.231,0.0
0.796,-0.0,-0.0,447.231,447.231,0.0
0.7961,-0.0,-0.0,447.231,447.231,0.0
0.7962,-0.0,-0.0,447.23,447.23,0.0
0.7963,-0.0,-0.0,447.23,447.23,0.0
0.7964,-0.0,-0.0,447.229,447.229,0.0
0.7965,-0.0,-0.0,447.229,447.229,0.0
0.7966,-0.0,-0.0,447.229,447.229,0.0
0.7967,-0.0,-0.0,447.228,447.228,0.0
0.7968,-0.0,-0.0,447.228,447.228,0.0
0.7969,-0.0,-0.0,447.228,447.228,0.0
0.797,-0.0,-0.0,447.227,447.227,0.0
0.7971,-0.0,-0.0,447.227,447.227,0.0
0.7972,-0.0,-0.0,447.227,447.227,0.0
0.7973,-0.0,-0.0,447.226,447.226,0.0
0.7974,-0.0,-0.0,447.226,447.226,0.0
0.7975,-0.0,-0.0,447.225,447.225,0.0
0.7976,-0.0,-0.0,447.225,447.225,0.0
0.7977,-0.0,-0.0,447.225,447.225,0.0
0.7978,-0.0,-0.0,447.224,447.224,0.0
0.7979,-0.0,-0.0,447.224,447.224,0.0
0.798,-0.0,-0.0,447.224,447.224,0.0
0.7981,-0.0,-0.0,447.223,447.223,0.0
0.7982,-0.0,-0.0,447.223,447.223,0.0
0.7983,-0.0,-0.0,447.223,447.223,0.0
0.7984,-0.0,-0.0,447.222,447.222,0.0
0.7985,-0.0,-0.0,447.222,447.222,0.0
0.7986,-0.0,-0.0,447.221,447.221,0.0
0.7987,-0.0,-0.0,447.221,447.221,0.0
0.7988,-0.0,-0.0,447.221,447.221,0.0
0.7989,-0.0,-0.0,447.22,447.22,0.0
0.799,-0.0,-0.0,447.22,447.22,0.0
0.7991,-0.0,-0.0,447.22,447.22,0.0
0.7992,-0.0,-0.0,447.219,447.219,0.0
0.7993,-0.0,-0.0,447.219,447.219,0.0
0.7994,-0.0,-0.0,447.219,447.219,0.0
0.7995,-0.0,-0.0,447.218,447.218,0.0
0.7996,0.0,0.0,447.218,447.218,0.0
0.7997,0.0,0.0,447.217,447.217,0.0
0.7998,0.0,0.0,447.217,447.217,0.0
0.7999,0.0,0.0,447.217,447.217,0.0
0.8,0.0,0.0,447.216,447.216,0.0
0.8001,0.0,0.0,447.216,447.216,0.0
0.8002,0.0,0.0,447.216,447.216,0.0
0.8003,0.0,0.0,447.215,447.215,0.0
0.8004,0.0,0.0,447.215,447.215,0.0
0.8005,0.0,0.0,447.214,447.214,0.0
0.8006,0.0,0.0,447.214,447.214,0.0
0.8007,0.0,0.0,447.214,447.214,0.0
0.8008,0.0,0.0,447.213,447.213,0.0
0.8009,0.0,0.0,447.213,447.213,0.0
0.801,0.0,0.0,447.213,447.213,0.0
0.8011,0.0,0.0,447.212,447.212,0.0
0.8012,0.0,0.0,447.212,447.212,0.0
0.8013,0.0,0.0,447.212,447.212,0.0
0.8014,0.0,0.0,447.211,447.211,0.0
0.8015,0.0,0.0,447.211,447.211,0.0
0.8016,0.0,0.0,447.21,447.21,0.0
0.8017,0.0,0.0,447.21,447.21,0.0
0.8018,0.0,0.0,447.21,447.21,0.0
0.8019,0.0,0.0,447.209,447.209,0.0
0.802,0.0,0.0,447.209,447.209,0.0
0.8021,-0.0,-0.0,447.209,447.209,0.0
0.8022,-0.0,-0.0,447.208,447.208,0.0
0.8023,-0.0,-0.0,447.208,447.208,0.0
0.8024,-0.0,-0.0,447.207,447.207,0.0
0.8025,-0.0,-0.0,447.207,447.207,0.0
0.8026,-0.0,-0.0,447.207,447.207,0.0
0.8027,-0.0,-0.0,447.206,447.206,0.0
0.8028,-0.0,-0.0,447.206,447.206,0.0
0.8029,-0.0,-0.0,447.206,447.206,0.0
0.803,-0.0,-0.0,447.205,447.205,0.0
0.8031,-0.0,-0.0,447.205,447.205,0.0
0.8032,-0.0,-0.0,447.204,447.204,0.0
0.8033,-0.0,-0.0,447.204,447.204,0.0
0.8034,-0.0,-0.0,447.204,447.204,0.0
0.8035,-0.0,-0.0,447.203,447.203,0.0
0.8036,-0.0,-0.0,447.203,447.203,0.0
0.8037,-0.0,-0.0,447.203,447.203,0.0
0.8038,-0.0,-0.0,447.202,447.202,0.0
0.8039,-0.0,-0.0,447.202,447.202,0.0
0.804,-0.0,-0.0,447.201,447.201,0.0
0.8041,-0.0,-0.0,447.201,447.201,0.0
0.8042,-0.0,-0.0,447.201,447.201,0.0
0.8043,0.0,0.0,447.2,447.2,0.0
0.8044,0.0,0.0,447.2,447.2,0.0
0.8045,0.0,0.0,447.2,447.2,0.0
0.8046,0.0,0.0,447.199,447.199,0.0
0.8047,0.0,0.0,447.199,447.199,0.0
0.8048,0.0,0.0,447.198,447.198,0.0
0.8049,0.0,0.0,447.198,447.198,0.0
0.805,0.0,0.0,447.198,447.198,0.0
0.8051,0.0,0.0,447.197,447.197,0.0
0.8052,0.0,0.0,447.197,447.197,0.0
0.8053,0.0,0.0,447.197,447.197,0.0
0.8054,0.0,0.0,447.196,447.196,0.0
0.8055,0.0,0.0,447.196,447.196,0.0
0.8056,0.0,0.0,447.196,447.196,0.0
0.8057,0.0,0.0,447.195,447.195,0.0
0.8058,0.0,0.0,447.195,447.195,0.0
0.8059,0.0,0.0,447.194,447.194,0.0
0.806,0.0,0.0,447.194,447.194,0.0
0.8061,0.0,0.0,447.194,447.194,0.0
0.8062,0.0,0.0,447.193,447.193,0.0
0.8063,0.0,0.0,447.193,447.193,0.0
0.8064,0.0,0.0,447.193,447.193,0.0
0.8065,0.0,0.0,447.192,447.192,0.0
0.8066,0.0,0.0,447.192,447.192,0.0
0.8067,0.0,0.0,447.192,447.192,0.0
0.8068,0.0,0.0,447.191,447.191,0.0
0.8069,0.0,0.0,447.191,447.191,0.0
0.807,0.0,0.0,447.19,447.19,0.0
0.8071,0.0,0.0,447.19,447.19,0.0
0.8072,0.0,0.0,447.19,447.19,0.0
0.8073,0.0,0.0,447.189,447.189,0.0
0.8074,0.0,0.0,447.189,447.189,0.0
0.8075,0.0,0.0,447.189,447.189,0.0
0.8076,0.0,0.0,447.188,447.188,0.0
0.8077,0.0,0.0,447.188,447.188,0.0
0.8078,0.0,0.0,447.188,447.188,0.0
0.8079,0.0,0.0,447.187,447.187,0.0
0.808,0.0,0.0,447.187,447.187,0.0
0.8081,0.0,0.0,447.186,447.186,0.0
0.8082,0.0,0.0,447.186,447.186,0.0
0.8083,0.0,0.0,447.186,447.186,0.0
0.8084,0.0,0.0,447.185,447.185,0.0
0.8085,0.0,0.0,447.185,447.185,0.0
0.8086,0.0,0.0,447.185,447.185,0.0
0.8087,0.0,0.0,447.184,447.184,0.0
0.8088,0.0,0.0,447.184,447.184,0.0
0.8089,0.0,0.0,447.184,447.184,0.0
0.809,0.0,0.0,447.183,447.183,0.0
0.8091,0.0,0.0,447.183,447.183,0.0
0.8092,0.0,0.0,447.182,447.182,0.0
0.8093,0.0,0.0,447.182,447.182,0.0
0.8094,0.0,0.0,447.182,447.182,0.0
0.8095,0.0,0.0,447.181,447.181,0.0
0.8096,0.0,0.0,447.181,447.181,0.0
0.8097,-0.0,-0.0,447.181,447.181,0.0
0.8098,-0.0,-0.0,447.18,447.18,0.0
0.8099,-0.0,-0.0,447.18,447.18,0.0
0.81,-0.0,-0.0,447.18,447.18,0.0
0.8101,-0.0,-0.0,447.179,447.179,0.0
0.8102,-0.0,-0.0,447.179,447.179,0.0
0.8103,-0.0,-0.0,447.178,447.178,0.0
0.8104,-0.0,-0.0,447.178,447.178,0.0
0.8105,-0.0,-0.0,447.178,447.178,0.0
0.8106,-0.0,-0.0,447.177,447.177,0.0
0.8107,-0.0,-0.0,447.177,447.177,0.0
0.8108,-0.0,-0.0,447.177,447.177,0.0
0.8109,-0.0,-0.0,447.176,447.176,0.0
0.811,-0.0,-0.0,447.176,447.176,0.0
0.8111,-0.0,-0.0,447.175,447.175,0.0
0.8112,-0.0,-0.0,447.175,447.175,0.0
0.8113,-0.0,-0.0,447.175,447.175,0.0
0.8114,-0.0,-0.0,447.174,447.174,0.0
0.8115,-0.0,-0.0,447.174,447.174,0.0
0.8116,-0.0,-0.0,447.174,447.174,0.0
0.8117,-0.0,-0.0,447.173,447.173,0.0
0.8118,-0.0,-0.0,447.173,447.173,0.0
0.8119,-0.0,-0.0,447.172,447.172,0.0
0.812,-0.162,-0.162,447.172,447.172,0.0
0.8121,0.0,0.0,447.172,447.172,0.0
0.8122,0.0,0.0,447.171,447.171,0.0
0.8123,0.0,0.0,447.171,447.171,0.0
0.8124,0.0,0.0,447.171,447.171,0.0
0.8125,0.0,0.0,447.17,447.17,0.0
0.8126,0.0,0.0,447.17,447.17,0.0
0.8127,0.0,0.0,447.169,447.169,0.0
0.8128,0.0,0.0,447.169,447.169,0.0
0.8129,0.0,0.0,447.169,447.169,0.0
0.813,0.0,0.0,447.168,447.168,0.0
0.8131,0.0,0.0,447.168,447.168,0.0
0.8132,0.0,0.0,447.168,447.168,0.0
0.8133,0.0,0.0,447.167,447.167,0.0
0.8134,0.0,0.0,447.167,447.167,0.0
0.8135,0.0,0.0,447.167,447.167,0.0
0.8136,0.0,0.0,447.166,447.166,0.0
0.8137,0.0,0.0,447.166,447.166,0.0
0.8138,0.0,0.0,447.165,447.165,0.0
0.8139,0.0,0.0,447.165,447.165,0.0
0.814,0.0,0.0,447.165,447.165,0.0
0.8141,0.0,0.0,447.164,447.164,0.0
0.8142,0.0,0.0,447.164,447.164,0.0
0.8143,-0.0,-0.0,447.164,447.164,0.0
0.8144,-0.0,-0.0,447.163,447.163,0.0
0.8145,-0.0,-0.0,447.163,447.163,0.0
0.8146,-0.0,-0.0,447.162,447.162,0.0
0.8147,-0.0,-0.0,447.162,447.162,0.0
0.8148,-0.0,-0.0,447.162,447.162,0.0
0.8149,-0.0,-0.0,447.161,447.161,0.0
0.815,-0.0,-0.0,447.161,447.161,0.0
0.8151,-0.0,-0.0,447.161,447.161,0.0
0.8152,-0.0,-0.0,447.16,447.16,0.0
0.8153,-0.0,-0.0,447.16,447.16,0.0
0.8154,-0.0,-0.0,447.16,447.16,0.0
0.8155,-0.0,-0.0,447.159,447.159,0.0
0.8156,-0.0,-0.0,447.159,447.159,0.0
0.8157,-0.0,-0.0,447.158,447.158,0.0
0.8158,-0.0,-0.0,447.158,447.158,0.0
0.8159,-0.0,-0.0,447.158,447.158,0.0
0.816,-0.0,-0.0,447.157,447.157,0.0
0.8161,-0.0,-0.0,447.157,447.157,0.0
0.8162,-0.0,-0.0,447.157,447.157,0.0
0.8163,-0.0,-0.0,447.156,447.156,0.0
0.8164,-0.0,-0.0,447.156,447.156,0.0
0.8165,-0.0,-0.0,447.156,447.156,0.0
0.8166,-0.0,-0.0,447.155,447.155,0.0
0.8167,-0.0,-0.0,447.155,447.155,0.0
0.8168,-0.0,-0.0,447.154,447.154,0.0
0.8169,-0.0,-0.0,447.154,447.154,0.0
0.817,-0.0,-0.0,447.154,447.154,0.0
0.8171,-0.0,-0.0,447.153,447.153,0.0
0.8172,-0.0,-0.0,447.153,447.153,0.0
0.8173,-0.0,-0.0,447.153,447.153,0.0
0.8174,-0.0,-0.0,447.152,447.152,0.0
0.8175,-0.0,-0.0,447.152,447.152,0.0
0.8176,-0.0,-0.0,447.152,447.152,0.0
0.8177,-0.0,-0.0,447.151,447.151,0.0
0.8178,-0.0,-0.0,447.151,447.151,0.0
0.8179,-0.0,-0.0,447.15,447.15,0.0
0.818,-0.0,-0.0,447.15,447.15,0.0
0.8181,-0.0,-0.0,447.15,447.15,0.0
0.8182,-0.0,-0.0,447.149,447.149,0.0
0.8183,-0.0,-0.0,447.149,447.149,0.0
0.8184,-0.0,-0.0,447.149,447.149,0.0
0.8185,-0.0,-0.0,447.148,447.148,0.0
0.8186,-0.0,-0.0,447.148,447.148,0.0
0.8187,-0.0,-0.0,447.148,447.148,0.0
0.8188,-0.0,-0.0,447.147,447.147,0.0
0.8189,-0.0,-0.0,447.147,447.147,0.0
0.819,-0.0,-0.0,447.146,447.146,0.0
0.8191,-0.0,-0.0,447.146,447.146,0.0
0.8192,-0.0,-0.0,447.146,447.146,0.0
0.8193,-0.0,-0.0,447.145,447.145,0.0
0.8194,-0.0,-0.0,447.145,447.145,0.0
0.8195,-0.0,-0.0,447.145,447.145,0.0
0.8196,-0.0,-0.0,447.144,447.144,0.0
0.8197,0.0,0.0,447.144,447.144,0.0
0.8198,0.0,0.0,447.143,447.143,0.0
0.8199,0.0,0.0,447.143,447.143,0.0
0.82,0.0,0.0,447.143,447.143,0.0
0.8201,0.0,0.0,447.142,447.142,0.0
0.8202,0.0,0.0,447.142,447.142,0.0
0.8203,0.0,0.0,447.142,447.142,0.0
0.8204,0.0,0.0,447.141,447.141,0.0
0.8205,0.0,0.0,447.141,447.141,0.0
0.8206,0.0,0.0,447.141,447.141,0.0
0.8207,0.0,0.0,447.14,447.14,0.0
0.8208,0.0,0.0,447.14,447.14,0.0
0.8209,0.0,0.0,447.139,447.139,0.0
0.821,0.0,0.0,447.139,447.139,0.0
0.8211,0.0,0.0,447.139,447.139,0.0
0.8212,0.0,0.0,447.138,447.138,0.0
0.8213,0.0,0.0,447.138,447.138,0.0
0.8214,0.0,0.0,447.138,447.138,0.0
0.8215,0.0,0.0,447.137,447.137,0.0
0.8216,0.0,0.0,447.137,447.137,0.0
0.8217,0.0,0.0,447.136,447.136,0.0
0.8218,0.0,0.0,447.136,447.136,0.0
0.8219,0.0,0.0,447.136,447.136,0.0
0.822,0.0,0.0,447.135,447.135,0.0
0.8221,-0.0,-0.0,447.135,447.135,0.0
0.8222,-0.0,-0.0,447.135,447.135,0.0
0.8223,-0.0,-0.0,447.134,447.134,0.0
0.8224,-0.0,-0.0,447.134,447.134,0.0
0.8225,-0.0,-0.0,447.133,447.133,0.0
0.8226,-0.0,-0.0,447.133,447.133,0.0
0.8227,-0.0,-0.0,447.133,447.133,0.0
0.8228,-0.0,-0.0,447.132,447.132,0.0
0.8229,-0.0,-0.0,447.132,447.132,0.0
0.823,-0.0,-0.0,447.132,447.132,0.0
0.8231,-0.0,-0.0,447.131,447.131,0.0
0.8232,-0.0,-0.0,447.131,447.131,0.0
0.8233,-0.0,-0.0,447.13,447.13,0.0
0.8234,-0.0,-0.0,447.13,447.13,0.0
0.8235,-0.0,-0.0,447.13,447.13,0.0
0.8236,-0.0,-0.0,447.129,447.129,0.0
0.8237,-0.0,-0.0,447.129,447.129,0.0
0.8238,-0.0,-0.0,447.129,447.129,0.0
0.8239,-0.0,-0.0,447.128,447.128,0.0
0.824,-0.0,-0.0,447.128,447.128,0.0
0.8241,-0.0,-0.0,447.127,447.127,0.0
0.8242,-0.0,-0.0,447.127,447.127,0.0
0.8243,-0.0,-0.0,447.127,447.127,0.0
0.8244,0.0,0.0,447.126,447.126,0.0
0.8245,0.0,0.0,447.126,447.126,0.0
0.8246,0.0,0.0,447.126,447.126,0.0
0.8247,0.0,0.0,447.125,447.125,0.0
0.8248,0.0,0.0,447.125,447.125,0.0
0.8249,0.0,0.0,447.125,447.125,0.0
0.825,0.0,0.0,447.124,447.124,0.0
0.8251,0.0,0.0,447.124,447.124,0.0
0.8252,0.0,0.0,447.123,447.123,0.0
0.8253,0.0,0.0,447.123,447.123,0.0
0.8254,0.0,0.0,447.123,447.123,0.0
0.8255,0.0,0.0,447.122,447.122,0.0
0.8256,0.0,0.0,447.122,447.122,0.0
0.8257,0.0,0.0,447.122,447.122,0.0
0.8258,0.0,0.0,447.121,447.121,0.0
0.8259,0.0,0.0,447.121,447.121,0.0
0.826,0.0,0.0,447.121,447.121,0.0
0.8261,0.0,0.0,447.12,447.12,0.0
0.8262,0.0,0.0,447.12,447.12,0.0
0.8263,0.0,0.0,447.119,447.119,0.0
0.8264,0.0,0.0,447.119,447.119,0.0
0.8265,0.0,0.0,447.119,447.119,0.0
0.8266,0.0,0.0,447.118,447.118,0.0
0.8267,0.0,0.0,447.118,447.118,0.0
0.8268,0.0,0.0,447.118,447.118,0.0
0.8269,0.0,0.0,447.117,447.117,0.0
0.827,0.0,0.0,447.117,447.117,0.0
0.8271,0.0,0.0,447.117,447.117,0.0
0.8272,0.0,0.0,447.116,447.116,0.0
0.8273,0.0,0.0,447.116,447.116,0.0
0.8274,0.0,0.0,447.115,447.115,0.0
0.8275,0.0,0.0,447.115,447.115,0.0
0.8276,0.0,0.0,447.115,447.115,0.0
0.8277,0.0,0.0,447.114,447.114,0.0
0.8278,0.0,0.0,447.114,447.114,0.0
0.8279,0.0,0.0,447.114,447.114,0.0
0.828,0.0,0.0,447.113,447.113,0.0
0.8281,0.0,0.0,447.113,447.113,0.0
0.8282,0.0,0.0,447.113,447.113,0.0
0.8283,0.0,0.0,447.112,447.112,0.0
0.8284,0.0,0.0,447.112,447.112,0.0
0.8285,0.0,0.0,447.111,447.111,0.0
0.8286,0.0,0.0,447.111,447.111,0.0
0.8287,0.0,0.0,447.111,447.111,0.0
0.8288,0.0,0.0,447.11,447.11,0.0
0.8289,0.0,0.0,447.11,447.11,0.0
0.829,0.0,0.0,447.11,447.11,0.0
0.8291,0.0,0.0,447.109,447.109,0.0
0.8292,0.0,0.0,447.109,447.109,0.0
0.8293,0.0,0.0,447.109,447.109,0.0
0.8294,0.0,0.0,447.108,447.108,0.0
0.8295,0.0,0.0,447.108,447.108,0.0
0.8296,-0.0,-0.0,447.107,447.107,0.0
0.8297,-0.0,-0.0,447.107,447.107,0.0
0.8298,-0.0,-0.0,447.107,447.107,0.0
0.8299,-0.0,-0.0,447.106,447.106,0.0
0.83,-0.0,-0.0,447.106,447.106,0.0
0.8301,-0.0,-0.0,447.106,447.106,0.0
0.8302,-0.0,-0.0,447.105,447.105,0.0
0.8303,-0.0,-0.0,447.105,447.105,0.0
0.8304,-0.0,-0.0,447.104,447.104,0.0
0.8305,-0.0,-0.0,447.104,447.104,0.0
0.8306,-0.0,-0.0,447.104,447.104,0.0
0.8307,-0.0,-0.0,447.103,447.103,0.0
0.8308,-0.0,-0.0,447.103,447.103,0.0
0.8309,-0.0,-0.0,447.103,447.103,0.0
0.831,-0.0,-0.0,447.102,447.102,0.0
0.8311,-0.0,-0.0,447.102,447.102,0.0
0.8312,-0.0,-0.0,447.101,447.101,0.0
0.8313,-0.0,-0.0,447.101,447.101,0.0
0.8314,-0.0,-0.0,447.101,447.101,0.0
0.8315,-0.0,-0.0,447.1,447.1,0.0
0.8316,-0.0,-0.0,447.1,447.1,0.0
0.8317,-0.0,-0.0,447.1,447.1,0.0
0.8318,-0.0,-0.0,447.099,447.099,0.0
0.8319,-0.0,-0.0,447.099,447.099,0.0
0.832,-0.0,-0.0,447.098,447.098,0.0
0.8321,0.0,0.0,447.098,447.098,0.0
0.8322,0.0,0.0,447.098,447.098,0.0
0.8323,0.0,0.0,447.097,447.097,0.0
0.8324,0.0,0.0,447.097,447.097,0.0
0.8325,0.0,0.0,447.097,447.097,0.0
0.8326,0.0,0.0,447.096,447.096,0.0
0.8327,0.0,0.0,447.096,447.096,0.0
0.8328,0.0,0.0,447.096,447.096,0.0
0.8329,0.0,0.0,447.095,447.095,0.0
0.833,0.0,0.0,447.095,447.095,0.0
0.8331,0.0,0.0,447.094,447.094,0.0
0.8332,0.0,0.0,447.094,447.094,0.0
0.8333,0.0,0.0,447.094,447.094,0.0
0.8334,0.0,0.0,447.093,447.093,0.0
0.8335,0.0,0.0,447.093,447.093,0.0
0.8336,0.0,0.0,447.093,447.093,0.0
0.8337,0.0,0.0,447.092,447.092,0.0
0.8338,0.0,0.0,447.092,447.092,0.0
0.8339,0.0,0.0,447.091,447.091,0.0
0.834,0.0,0.0,447.091,447.091,0.0
0.8341,0.0,0.0,447.091,447.091,0.0
0.8342,0.0,0.0,447.09,447.09,0.0
0.8343,0.0,0.0,447.09,447.09,0.0
0.8344,-0.0,-0.0,447.09,447.09,0.0
0.8345,-0.0,-0.0,447.089,447.089,0.0
0.8346,-0.0,-0.0,447.089,447.089,0.0
0.8347,-0.0,-0.0,447.088,447.088,0.0
0.8348,-0.0,-0.0,447.088,447.088,0.0
0.8349,-0.0,-0.0,447.088,447.088,0.0
0.835,-0.0,-0.0,447.087,447.087,0.0
0.8351,-0.0,-0.0,447.087,447.087,0.0
0.8352,-0.0,-0.0,447.087,447.087,0.0
0.8353,-0.0,-0.0,447.086,447.086,0.0
0.8354,-0.0,-0.0,447.086,447.086,0.0
0.8355,-0.0,-0.0,447.086,447.086,0.0
0.8356,-0.0,-0.0,447.085,447.085,0.0
0.8357,-0.0,-0.0,447.085,447.085,0.0
0.8358,-0.0,-0.0,447.084,447.084,0.0
0.8359,-0.0,-0.0,447.084,447.084,0.0
0.836,-0.0,-0.0,447.084,447.084,0.0
0.8361,-0.0,-0.0,447.083,447.083,0.0
0.8362,-0.0,-0.0,447.083,447.083,0.0
0.8363,-0.0,-0.0,447.083,447.083,0.0
0.8364,-0.0,-0.0,447.082,447.082,0.0
0.8365,-0.0,-0.0,447.082,447.082,0.0
0.8366,-0.0,-0.0,447.082,447.082,0.0
0.8367,-0.0,-0.0,447.081,447.081,0.0
0.8368,-0.0,-0.0,447.081,447.081,0.0
0.8369,-0.0,-0.0,447.08,447.08,0.0
0.837,-0.0,-0.0,447.08,447.08,0.0
0.8371,-0.0,-0.0,447.08,447.08,0.0
0.8372,-0.0,-0.0,447.079,447.079,0.0
0.8373,-0.0,-0.0,447.079,447.079,0.0
0.8374,-0.0,-0.0,447.079,447.079,0.0
0.8375,-0.0,-0.0,447.078,447.078,0.0
0.8376,-0.0,-0.0,447.078,447.078,0.0
0.8377,-0.0,-0.0,447.078,447.078,0.0
0.8378,-0.0,-0.0,447.077,447.077,0.0
0.8379,-0.0,-0.0,447.077,447.077,0.0
0.838,-0.0,-0.0,447.076,447.076,0.0
0.8381,-0.0,-0.0,447.076,447.076,0.0
0.8382,-0.0,-0.0,447.076,447.076,0.0
0.8383,-0.0,-0.0,447.075,447.075,0.0
0.8384,-0.0,-0.0,447.075,447.075,0.0
0.8385,-0.0,-0.0,447.075,447.075,0.0
0.8386,-0.0,-0.0,447.074,447.074,0.0
0.8387,-0.0,-0.0,447.074,447.074,0.0
0.8388,-0.0,-0.0,447.074,447.074,0.0
0.8389,-0.0,-0.0,447.073,447.073,0.0
0.839,-0.0,-0.0,447.073,447.073,0.0
0.8391,-0.0,-0.0,447.072,447.072,0.0
0.8392,-0.0,-0.0,447.072,447.072,0.0
0.8393,-0.0,-0.0,447.072,447.072,0.0
0.8394,-0.0,-0.0,447.071,447.071,0.0
0.8395,-0.0,-0.0,447.071,447.071,0.0
0.8396,0.0,0.0,447.071,447.071,0.0
0.8397,0.0,0.0,447.07,447.07,0.0
0.8398,0.0,0.0,447.07,447.07,0.0
0.8399,0.0,0.0,447.07,447.07,0.0
0.84,0.0,0.0,447.069,447.069,0.0
0.8401,0.0,0.0,447.069,447.069,0.0
0.8402,0.0,0.0,447.068,447.068,0.0
0.8403,0.0,0.0,447.068,447.068,0.0
0.8404,0.0,0.0,447.068,447.068,0.0
0.8405,0.0,0.0,447.067,447.067,0.0
0.8406,0.0,0.0,447.067,447.067,0.0
0.8407,0.0,0.0,447.067,447.067,0.0
0.8408,0.0,0.0,447.066,447.066,0.0
0.8409,0.0,0.0,447.066,447.066,0.0
0.841,0.0,0.0,447.065,447.065,0.0
0.8411,0.0,0.0,447.065,447.065,0.0
0.8412,0.0,0.0,447.065,447.065,0.0
0.8413,0.0,0.0,447.064,447.064,0.0
0.8414,0.0,0.0,447.064,447.064,0.0
0.8415,0.0,0.0,447.064,447.064,0.0
0.8416,0.0,0.0,447.063,447.063,0.0
0.8417,0.0,0.0,447.063,447.063,0.0
0.8418,0.0,0.0,447.062,447.062,0.0
0.8419,0.0,0.0,447.062,447.062,0.0
0.842,0.02,0.02,447.062,447.062,0.0
0.8421,-0.0,-0.0,447.061,447.061,0.0
0.8422,-0.0,-0.0,447.061,447.061,0.0
0.8423,-0.0,-0.0,447.061,447.061,0.0
0.8424,-0.0,-0.0,447.06,447.06,0.0
0.8425,-0.0,-0.0,447.06,447.06,0.0
0.8426,-0.0,-0.0,447.06,447.06,0.0
0.8427,-0.0,-0.0,447.059,447.059,0.0
0.8428,-0.0,-0.0,447.059,447.059,0.0
0.8429,-0.0,-0.0,447.058,447.058,0.0
0.843,-0.0,-0.0,447.058,447.058,0.0
0.8431,-0.0,-0.0,447.058,447.058,0.0
0.8432,-0.0,-0.0,447.057,447.057,0.0
0.8433,-0.0,-0.0,447.057,447.057,0.0
0.8434,-0.0,-0.0,447.057,447.057,0.0
0.8435,-0.0,-0.0,447.056,447.056,0.0
0.8436,-0.0,-0.0,447.056,447.056,0.0
0.8437,-0.0,-0.0,447.055,447.055,0.0
0.8438,-0.0,-0.0,447.055,447.055,0.0
0.8439,-0.0,-0.0,447.055,447.055,0.0
0.844,-0.0,-0.0,447.054,447.054,0.0
0.8441,-0.0,-0.0,447.054,447.054,0.0
0.8442,-0.0,-0.0,447.054,447.054,0.0
0.8443,0.0,0.0,447.053,447.053,0.0
0.8444,0.0,0.0,447.053,447.053,0.0
0.8445,0.0,0.0,447.053,447.053,0.0
0.8446,0.0,0.0,447.052,447.052,0.0
0.8447,0.0,0.0,447.052,447.052,0.0
0.8448,0.0,0.0,447.051,447.051,0.0
0.8449,0.0,0.0,447.051,447.051,0.0
0.845,0.0,0.0,447.051,447.051,0.0
0.8451,0.0,0.0,447.05,447.05,0.0
0.8452,0.0,0.0,447.05,447.05,0.0
0.8453,0.0,0.0,447.05,447.05,0.0
0.8454,0.0,0.0,447.049,447.049,0.0
0.8455,0.0,0.0,447.049,447.049,0.0
0.8456,0.0,0.0,447.048,447.048,0.0
0.8457,0.0,0.0,447.048,447.048,0.0
0.8458,0.0,0.0,447.048,447.048,0.0
0.8459,0.0,0.0,447.047,447.047,0.0
0.846,0.0,0.0,447.047,447.047,0.0
0.8461,0.0,0.0,447.047,447.047,0.0
0.8462,0.0,0.0,447.046,447.046,0.0
0.8463,0.0,0.0,447.046,447.046,0.0
0.8464,0.0,0.0,447.046,447.046,0.0
0.8465,0.0,0.0,447.045,447.045,0.0
0.8466,0.0,0.0,447.045,447.045,0.0
0.8467,0.0,0.0,447.044,447.044,0.0
0.8468,0.0,0.0,447.044,447.044,0.0
0.8469,0.0,0.0,447.044,447.044,0.0
0.847,0.0,0.0,447.043,447.043,0.0
0.8471,0.0,0.0,447.043,447.043,0.0
0.8472,0.0,0.0,447.043,447.043,0.0
0.8473,0.0,0.0,447.042,447.042,0.0
0.8474,0.0,0.0,447.042,447.042,0.0
0.8475,0.0,0.0,447.042,447.042,0.0
0.8476,0.0,0.0,447.041,447.041,0.0
0.8477,0.0,0.0,447.041,447.041,0.0
0.8478,0.0,0.0,447.04,447.04,0.0
0.8479,0.0,0.0,447.04,447.04,0.0
0.848,0.0,0.0,447.04,447.04,0.0
0.8481,0.0,0.0,447.039,447.039,0.0
0.8482,0.0,0.0,447.039,447.039,0.0
0.8483,0.0,0.0,447.039,447.039,0.0
0.8484,0.0,0.0,447.038,447.038,0.0
0.8485,0.0,0.0,447.038,447.038,0.0
0.8486,0.0,0.0,447.038,447.038,0.0
0.8487,0.0,0.0,447.037,447.037,0.0
0.8488,0.0,0.0,447.037,447.037,0.0
0.8489,0.0,0.0,447.036,447.036,0.0
0.849,0.0,0.0,447.036,447.036,0.0
0.8491,0.0,0.0,447.036,447.036,0.0
0.8492,0.0,0.0,447.035,447.035,0.0
0.8493,0.0,0.0,447.035,447.035,0.0
0.8494,0.0,0.0,447.035,447.035,0.0
0.8495,0.0,0.0,447.034,447.034,0.0
0.8496,0.0,0.0,447.034,447.034,0.0
0.8497,-0.0,-0.0,447.034,447.034,0.0
0.8498,-0.0,-0.0,447.033,447.033,0.0
0.8499,-0.0,-0.0,447.033,447.033,0.0
0.85,-0.0,-0.0,447.032,447.032,0.0
0.8501,-0.0,-0.0,447.032,447.032,0.0
0.8502,-0.0,-0.0,447.032,447.032,0.0
0.8503,-0.0,-0.0,447.031,447.031,0.0
0.8504,-0.0,-0.0,447.031,447.031,0.0
0.8505,-0.0,-0.0,447.031,447.031,0.0
0.8506,-0.0,-0.0,447.03,447.03,0.0
0.8507,-0.0,-0.0,447.03,447.03,0.0
0.8508,-0.0,-0.0,447.029,447.029,0.0
0.8509,-0.0,-0.0,447.029,447.029,0.0
0.851,-0.0,-0.0,447.029,447.029,0.0
0.8511,-0.0,-0.0,447.028,447.028,0.0
0.8512,-0.0,-0.0,447.028,447.028,0.0
0.8513,-0.0,-0.0,447.028,447.028,0.0
0.8514,-0.0,-0.0,447.027,447.027,0.0
0.8515,-0.0,-0.0,447.027,447.027,0.0
0.8516,-0.0,-0.0,447.026,447.026,0.0
0.8517,-0.0,-0.0,447.026,447.026,0.0
0.8518,-0.0,-0.0,447.026,447.026,0.0
0.8519,-0.0,-0.0,447.025,447.025,0.0
0.852,-0.222,-0.222,447.025,447.025,0.0
0.8521,0.0,0.0,447.025,447.025,0.0
0.8522,0.0,0.0,447.024,447.024,0.0
0.8523,0.0,0.0,447.024,447.024,0.0
0.8524,0.0,0.0,447.024,447.024,0.0
0.8525,0.0,0.0,447.023,447.023,0.0
0.8526,0.0,0.0,447.023,447.023,0.0
0.8527,0.0,0.0,447.022,447.022,0.0
0.8528,0.0,0.0,447.022,447.022,0.0
0.8529,0.0,0.0,447.022,447.022,0.0
0.853,0.0,0.0,447.021,447.021,0.0
0.8531,0.0,0.0,447.021,447.021,0.0
0.8532,0.0,0.0,447.021,447.021,0.0
0.8533,0.0,0.0,447.02,447.02,0.0
0.8534,0.0,0.0,447.02,447.02,0.0
0.8535,0.0,0.0,447.019,447.019,0.0
0.8536,0.0,0.0,447.019,447.019,0.0
0.8537,0.0,0.0,447.019,447.019,0.0
0.8538,0.0,0.0,447.018,447.018,0.0
0.8539,0.0,0.0,447.018,447.018,0.0
0.854,0.0,0.0,447.018,447.018,0.0
0.8541,0.0,0.0,447.017,447.017,0.0
0.8542,0.0,0.0,447.017,447.017,0.0
0.8543,0.0,0.0,447.016,447.016,0.0
0.8544,-0.0,-0.0,447.016,447.016,0.0
0.8545,-0.0,-0.0,447.016,447.016,0.0
0.8546,-0.0,-0.0,447.015,447.015,0.0
0.8547,-0.0,-0.0,447.015,447.015,0.0
0.8548,-0.0,-0.0,447.015,447.015,0.0
0.8549,-0.0,-0.0,447.014,447.014,0.0
0.855,-0.0,-0.0,447.014,447.014,0.0
0.8551,-0.0,-0.0,447.014,447.014,0.0
0.8552,-0.0,-0.0,447.013,447.013,0.0
0.8553,-0.0,-0.0,447.013,447.013,0.0
0.8554,-0.0,-0.0,447.012,447.012,0.0
0.8555,-0.0,-0.0,447.012,447.012,0.0
0.8556,-0.0,-0.0,447.012,447.012,0.0
0.8557,-0.0,-0.0,447.011,447.011,0.0
0.8558,-0.0,-0.0,447.011,447.011,0.0
0.8559,-0.0,-0.0,447.011,447.011,0.0
0.856,-0.0,-0.0,447.01,447.01,0.0
0.8561,-0.0,-0.0,447.01,447.01,0.0
0.8562,-0.0,-0.0,447.01,447.01,0.0
0.8563,-0.0,-0.0,447.009,447.009,0.0
0.8564,-0.0,-0.0,447.009,447.009,0.0
0.8565,-0.0,-0.0,447.008,447.008,0.0
0.8566,-0.0,-0.0,447.008,447.008,0.0
0.8567,-0.0,-0.0,447.008,447.008,0.0
0.8568,-0.0,-0.0,447.007,447.007,0.0
0.8569,-0.0,-0.0,447.007,447.007,0.0
0.857,-0.0,-0.0,447.007,447.007,0.0
0.8571,-0.0,-0.0,447.006,447.006,0.0
0.8572,-0.0,-0.0,447.006,447.006,0.0
0.8573,-0.0,-0.0,447.006,447.006,0.0
0.8574,-0.0,-0.0,447.005,447.005,0.0
0.8575,-0.0,-0.0,447.005,447.005,0.0
0.8576,-0.0,-0.0,447.004,447.004,0.0
0.8577,-0.0,-0.0,447.004,447.004,0.0
0.8578,-0.0,-0.0,447.004,447.004,0.0
0.8579,-0.0,-0.0,447.003,447.003,0.0
0.858,-0.0,-0.0,447.003,447.003,0.0
0.8581,-0.0,-0.0,447.003,447.003,0.0
0.8582,-0.0,-0.0,447.002,447.002,0.0
0.8583,-0.0,-0.0,447.002,447.002,0.0
0.8584,-0.0,-0.0,447.002,447.002,0.0
0.8585,-0.0,-0.0,447.001,447.001,0.0
0.8586,-0.0,-0.0,447.001,447.001,0.0
0.8587,-0.0,-0.0,447.0,447.0,0.0
0.8588,-0.0,-0.0,447.0,447.0,0.0
0.8589,-0.0,-0.0,447.0,447.0,0.0
0.859,-0.0,-0.0,446.999,446.999,0.0
0.8591,-0.0,-0.0,446.999,446.999,0.0
0.8592,-0.0,-0.0,446.999,446.999,0.0
0.8593,-0.0,-0.0,446.998,446.998,0.0
0.8594,-0.0,-0.0,446.998,446.998,0.0
0.8595,-0.0,-0.0,446.997,446.997,0.0
0.8596,0.0,0.0,446.997,446.997,0.0
0.8597,0.0,0.0,446.997,446.997,0.0
0.8598,0.0,0.0,446.996,446.996,0.0
0.8599,0.0,0.0,446.996,446.996,0.0
0.86,0.0,0.0,446.996,446.996,0.0
0.8601,0.0,0.0,446.995,446.995,0.0
0.8602,0.0,0.0,446.995,446.995,0.0
0.8603,0.0,0.0,446.995,446.995,0.0
0.8604,0.0,0.0,446.994,446.994,0.0
0.8605,0.0,0.0,446.994,446.994,0.0
0.8606,0.0,0.0,446.993,446.993,0.0
0.8607,0.0,0.0,446.993,446.993,0.0
0.8608,0.0,0.0,446.993,446.993,0.0
0.8609,0.0,0.0,446.992,446.992,0.0
0.861,0.0,0.0,446.992,446.992,0.0
0.8611,0.0,0.0,446.992,446.992,0.0
0.8612,0.0,0.0,446.991,446.991,0.0
0.8613,0.0,0.0,446.991,446.991,0.0
0.8614,0.0,0.0,446.99,446.99,0.0
0.8615,0.0,0.0,446.99,446.99,0.0
0.8616,0.0,0.0,446.99,446.99,0.0
0.8617,0.0,0.0,446.989,446.989,0.0
0.8618,0.0,0.0,446.989,446.989,0.0
0.8619,0.0,0.0,446.989,446.989,0.0
0.862,0.04,0.04,446.988,446.988,0.0
0.8621,-0.0,-0.0,446.988,446.988,0.0
0.8622,-0.0,-0.0,446.987,446.987,0.0
0.8623,-0.0,-0.0,446.987,446.987,0.0
0.8624,-0.0,-0.0,446.987,446.987,0.0
0.8625,-0.0,-0.0,446.986,446.986,0.0
0.8626,-0.0,-0.0,446.986,446.986,0.0
0.8627,-0.0,-0.0,446.986,446.986,0.0
0.8628,-0.0,-0.0,446.985,446.985,0.0
0.8629,-0.0,-0.0,446.985,446.985,0.0
0.863,-0.0,-0.0,446.984,446.984,0.0
0.8631,-0.0,-0.0,446.984,446.984,0.0
0.8632,-0.0,-0.0,446.984,446.984,0.0
0.8633,-0.0,-0.0,446.983,446.983,0.0
0.8634,-0.0,-0.0,446.983,446.983,0.0
0.8635,-0.0,-0.0,446.983,446.983,0.0
0.8636,-0.0,-0.0,446.982,446.982,0.0
0.8637,-0.0,-0.0,446.982,446.982,0.0
0.8638,-0.0,-0.0,446.982,446.982,0.0
0.8639,-0.0,-0.0,446.981,446.981,0.0
0.864,-0.0,-0.0,446.981,446.981,0.0
0.8641,-0.0,-0.0,446.98,446.98,0.0
0.8642,-0.0,-0.0,446.98,446.98,0.0
0.8643,-0.0,-0.0,446.98,446.98,0.0
0.8644,0.0,0.0,446.979,446.979,0.0
0.8645,0.0,0.0,446.979,446.979,0.0
0.8646,0.0,0.0,446.979,446.979,0.0
0.8647,0.0,0.0,446.978,446.978,0.0
0.8648,0.0,0.0,446.978,446.978,0.0
0.8649,0.0,0.0,446.977,446.977,0.0
0.865,0.0,0.0,446.977,446.977,0.0
0.8651,0.0,0.0,446.977,446.977,0.0
0.8652,0.0,0.0,446.976,446.976,0.0
0.8653,0.0,0.0,446.976,446.976,0.0
0.8654,0.0,0.0,446.976,446.976,0.0
0.8655,0.0,0.0,446.975,446.975,0.0
0.8656,0.0,0.0,446.975,446.975,0.0
0.8657,0.0,0.0,446.975,446.975,0.0
0.8658,0.0,0.0,446.974,446.974,0.0
0.8659,0.0,0.0,446.974,446.974,0.0
0.866,0.0,0.0,446.973,446.973,0.0
0.8661,0.0,0.0,446.973,446.973,0.0
0.8662,0.0,0.0,446.973,446.973,0.0
0.8663,0.0,0.0,446.972,446.972,0.0
0.8664,0.0,0.0,446.972,446.972,0.0
0.8665,0.0,0.0,446.972,446.972,0.0
0.8666,0.0,0.0,446.971,446.971,0.0
0.8667,0.0,0.0,446.971,446.971,0.0
0.8668,0.0,0.0,446.971,446.971,0.0
0.8669,0.0,0.0,446.97,446.97,0.0
0.867,0.0,0.0,446.97,446.97,0.0
0.8671,0.0,0.0,446.969,446.969,0.0
0.8672,0.0,0.0,446.969,446.969,0.0
0.8673,0.0,0.0,446.969,446.969,0.0
0.8674,0.0,0.0,446.968,446.968,0.0
0.8675,0.0,0.0,446.968,446.968,0.0
0.8676,0.0,0.0,446.968,446.968,0.0
0.8677,0.0,0.0,446.967,446.967,0.0
0.8678,0.0,0.0,446.967,446.967,0.0
0.8679,0.0,0.0,446.967,446.967,0.0
0.868,0.0,0.0,446.966,446.966,0.0
0.8681,0.0,0.0,446.966,446.966,0.0
0.8682,0.0,0.0,446.965,446.965,0.0
0.8683,0.0,0.0,446.965,446.965,0.0
0.8684,0.0,0.0,446.965,446.965,0.0
0.8685,0.0,0.0,446.964,446.964,0.0
0.8686,0.0,0.0,446.964,446.964,0.0
0.8687,0.0,0.0,446.964,446.964,0.0
0.8688,0.0,0.0,446.963,446.963,0.0
0.8689,0.0,0.0,446.963,446.963,0.0
0.869,0.0,0.0,446.963,446.963,0.0
0.8691,0.0,0.0,446.962,446.962,0.0
0.8692,0.0,0.0,446.962,446.962,0.0
0.8693,0.0,0.0,446.961,446.961,0.0
0.8694,0.0,0.0,446.961,446.961,0.0
0.8695,0.0,0.0,446.961,446.961,0.0
0.8696,-0.0,-0.0,446.96,446.96,0.0
0.8697,-0.0,-0.0,446.96,446.96,0.0
0.8698,-0.0,-0.0,446.96,446.96,0.0
0.8699,-0.0,-0.0,446.959,446.959,0.0
0.87,-0.0,-0.0,446.959,446.959,0.0
0.8701,-0.0,-0.0,446.958,446.958,0.0
0.8702,-0.0,-0.0,446.958,446.958,0.0
0.8703,-0.0,-0.0,446.958,446.958,0.0
0.8704,-0.0,-0.0,446.957,446.957,0.0
0.8705,-0.0,-0.0,446.957,446.957,0.0
0.8706,-0.0,-0.0,446.957,446.957,0.0
0.8707,-0.0,-0.0,446.956,446.956,0.0
0.8708,-0.0,-0.0,446.956,446.956,0.0
0.8709,-0.0,-0.0,446.956,446.956,0.0
0.871,-0.0,-0.0,446.955,446.955,0.0
0.8711,-0.0,-0.0,446.955,446.955,0.0
0.8712,-0.0,-0.0,446.954,446.954,0.0
0.8713,-0.0,-0.0,446.954,446.954,0.0
0.8714,-0.0,-0.0,446.954,446.954,0.0
0.8715,-0.0,-0.0,446.953,446.953,0.0
0.8716,-0.0,-0.0,446.953,446.953,0.0
0.8717,-0.0,-0.0,446.953,446.953,0.0
0.8718,-0.0,-0.0,446.952,446.952,0.0
0.8719,-0.0,-0.0,446.952,446.952,0.0
0.872,-0.0,-0.0,446.951,446.951,0.0
0.8721,0.0,0.0,446.951,446.951,0.0
0.8722,0.0,0.0,446.951,446.951,0.0
0.8723,0.0,0.0,446.95,446.95,0.0
0.8724,0.0,0.0,446.95,446.95,0.0
0.8725,0.0,0.0,446.95,446.95,0.0
0.8726,0.0,0.0,446.949,446.949,0.0
0.8727,0.0,0.0,446.949,446.949,0.0
0.8728,0.0,0.0,446.948,446.948,0.0
0.8729,0.0,0.0,446.948,446.948,0.0
0.873,0.0,0.0,446.948,446.948,0.0
0.8731,0.0,0.0,446.947,446.947,0.0
0.8732,0.0,0.0,446.947,446.947,0.0
0.8733,0.0,0.0,446.947,446.947,0.0
0.8734,0.0,0.0,446.946,446.946,0.0
0.8735,0.0,0.0,446.946,446.946,0.0
0.8736,0.0,0.0,446.945,446.945,0.0
0.8737,0.0,0.0,446.945,446.945,0.0
0.8738,0.0,0.0,446.945,446.945,0.0
0.8739,0.0,0.0,446.944,446.944,0.0
0.874,0.0,0.0,446.944,446.944,0.0
0.8741,0.0,0.0,446.944,446.944,0.0
0.8742,0.0,0.0,446.943,446.943,0.0
0.8743,-0.0,-0.0,446.943,446.943,0.0
0.8744,-0.0,-0.0,446.943,446.943,0.0
0.8745,-0.0,-0.0,446.942,446.942,0.0
0.8746,-0.0,-0.0,446.942,446.942,0.0
0.8747,-0.0,-0.0,446.941,446.941,0.0
0.8748,-0.0,-0.0,446.941,446.941,0.0
0.8749,-0.0,-0.0,446.941,446.941,0.0
0.875,-0.0,-0.0,446.94,446.94,0.0
0.8751,-0.0,-0.0,446.94,446.94,0.0
0.8752,-0.0,-0.0,446.94,446.94,0.0
0.8753,-0.0,-0.0,446.939,446.939,0.0
0.8754,-0.0,-0.0,446.939,446.939,0.0
0.8755,-0.0,-0.0,446.939,446.939,0.0
0.8756,-0.0,-0.0,446.938,446.938,0.0
0.8757,-0.0,-0.0,446.938,446.938,0.0
0.8758,-0.0,-0.0,446.937,446.937,0.0
0.8759,-0.0,-0.0,446.937,446.937,0.0
0.876,-0.0,-0.0,446.937,446.937,0.0
0.8761,-0.0,-0.0,446.936,446.936,0.0
0.8762,-0.0,-0.0,446.936,446.936,0.0
0.8763,-0.0,-0.0,446.936,446.936,0.0
0.8764,-0.0,-0.0,446.935,446.935,0.0
0.8765,-0.0,-0.0,446.935,446.935,0.0
0.8766,-0.0,-0.0,446.935,446.935,0.0
0.8767,-0.0,-0.0,446.934,446.934,0.0
0.8768,-0.0,-0.0,446.934,446.934,0.0
0.8769,-0.0,-0.0,446.933,446.933,0.0
0.877,-0.0,-0.0,446.933,446.933,0.0
0.8771,-0.0,-0.0,446.933,446.933,0.0
0.8772,-0.0,-0.0,446.932,446.932,0.0
0.8773,-0.0,-0.0,446.932,446.932,0.0
0.8774,-0.0,-0.0,446.932,446.932,0.0
0.8775,-0.0,-0.0,446.931,446.931,0.0
0.8776,-0.0,-0.0,446.931,446.931,0.0
0.8777,-0.0,-0.0,446.931,446.931,0.0
0.8778,-0.0,-0.0,446.93,446.93,0.0
0.8779,-0.0,-0.0,446.93,446.93,0.0
0.878,-0.0,-0.0,446.929,446.929,0.0
0.8781,-0.0,-0.0,446.929,446.929,0.0
0.8782,-0.0,-0.0,446.929,446.929,0.0
0.8783,-0.0,-0.0,446.928,446.928,0.0
0.8784,-0.0,-0.0,446.928,446.928,0.0
0.8785,-0.0,-0.0,446.928,446.928,0.0
0.8786,-0.0,-0.0,446.927,446.927,0.0
0.8787,-0.0,-0.0,446.927,446.927,0.0
0.8788,-0.0,-0.0,446.927,446.927,0.0
0.8789,-0.0,-0.0,446.926,446.926,0.0
0.879,-0.0,-0.0,446.926,446.926,0.0
0.8791,-0.0,-0.0,446.925,446.925,0.0
0.8792,-0.0,-0.0,446.925,446.925,0.0
0.8793,-0.0,-0.0,446.925,446.925,0.0
0.8794,-0.0,-0.0,446.924,446.924,0.0
0.8795,-0.0,-0.0,446.924,446.924,0.0
0.8796,-0.0,-0.0,446.924,446.924,0.0
0.8797,0.0,0.0,446.923,446.923,0.0
0.8798,0.0,0.0,446.923,446.923,0.0
0.8799,0.0,0.0,446.922,446.922,0.0
0.88,0.0,0.0,446.922,446.922,0.0
0.8801,0.0,0.0,446.922,446.922,0.0
0.8802,0.0,0.0,446.921,446.921,0.0
0.8803,0.0,0.0,446.921,446.921,0.0
0.8804,0.0,0.0,446.921,446.921,0.0
0.8805,0.0,0.0,446.92,446.92,0.0
0.8806,0.0,0.0,446.92,446.92,0.0
0.8807,0.0,0.0,446.92,446.92,0.0
0.8808,0.0,0.0,446.919,446.919,0.0
0.8809,0.0,0.0,446.919,446.919,0.0
0.881,0.0,0.0,446.918,446.918,0.0
0.8811,0.0,0.0,446.918,446.918,0.0
0.8812,0.0,0.0,446.918,446.918,0.0
0.8813,0.0,0.0,446.917,446.917,0.0
0.8814,0.0,0.0,446.917,446.917,0.0
0.8815,0.0,0.0,446.917,446.917,0.0
0.8816,0.0,0.0,446.916,446.916,0.0
0.8817,0.0,0.0,446.916,446.916,0.0
0.8818,0.0,0.0,446.915,446.915,0.0
0.8819,0.0,0.0,446.915,446.915,0.0
0.882,0.228,0.228,446.915,446.915,0.0
0.8821,-0.0,-0.0,446.914,446.914,0.0
0.8822,-0.0,-0.0,446.914,446.914,0.0
0.8823,-0.0,-0.0,446.914,446.914,0.0
0.8824,-0.0,-0.0,446.913,446.913,0.0
0.8825,-0.0,-0.0,446.913,446.913,0.0
0.8826,-0.0,-0.0,446.912,446.912,0.0
0.8827,-0.0,-0.0,446.912,446.912,0.0
0.8828,-0.0,-0.0,446.912,446.912,0.0
0.8829,-0.0,-0.0,446.911,446.911,0.0
0.883,-0.0,-0.0,446.911,446.911,0.0
0.8831,-0.0,-0.0,446.911,446.911,0.0
0.8832,-0.0,-0.0,446.91,446.91,0.0
0.8833,-0.0,-0.0,446.91,446.91,0.0
0.8834,-0.0,-0.0,446.909,446.909,0.0
0.8835,-0.0,-0.0,446.909,446.909,0.0
0.8836,-0.0,-0.0,446.909,446.909,0.0
0.8837,-0.0,-0.0,446.908,446.908,0.0
0.8838,-0.0,-0.0,446.908,446.908,0.0
0.8839,-0.0,-0.0,446.908,446.908,0.0
0.884,-0.0,-0.0,446.907,446.907,0.0
0.8841,-0.0,-0.0,446.907,446.907,0.0
0.8842,-0.0,-0.0,446.906,446.906,0.0
0.8843,-0.0,-0.0,446.906,446.906,0.0
0.8844,0.0,0.0,446.906,446.906,0.0
0.8845,0.0,0.0,446.905,446.905,0.0
0.8846,0.0,0.0,446.905,446.905,0.0
0.8847,0.0,0.0,446.905,446.905,0.0
0.8848,0.0,0.0,446.904,446.904,0.0
0.8849,0.0,0.0,446.904,446.904,0.0
0.885,0.0,0.0,446.904,446.904,0.0
0.8851,0.0,0.0,446.903,446.903,0.0
0.8852,0.0,0.0,446.903,446.903,0.0
0.8853,0.0,0.0,446.902,446.902,0.0
0.8854,0.0,0.0,446.902,446.902,0.0
0.8855,0.0,0.0,446.902,446.902,0.0
0.8856,0.0,0.0,446.901,446.901,0.0
0.8857,0.0,0.0,446.901,446.901,0.0
0.8858,0.0,0.0,446.901,446.901,0.0
0.8859,0.0,0.0,446.9,446.9,0.0
0.886,0.0,0.0,446.9,446.9,0.0
0.8861,0.0,0.0,446.9,446.9,0.0
0.8862,0.0,0.0,446.899,446.899,0.0
0.8863,0.0,0.0,446.899,446.899,0.0
0.8864,0.0,0.0,446.898,446.898,0.0
0.8865,0.0,0.0,446.898,446.898,0.0
0.8866,0.0,0.0,446.898,446.898,0.0
0.8867,0.0,0.0,446.897,446.897,0.0
0.8868,0.0,0.0,446.897,446.897,0.0
0.8869,0.0,0.0,446.897,446.897,0.0
0.887,0.0,0.0,446.896,446.896,0.0
0.8871,0.0,0.0,446.896,446.896,0.0
0.8872,0.0,0.0,446.896,446.896,0.0
0.8873,0.0,0.0,446.895,446.895,0.0
0.8874,0.0,0.0,446.895,446.895,0.0
0.8875,0.0,0.0,446.894,446.894,0.0
0.8876,0.0,0.0,446.894,446.894,0.0
0.8877,0.0,0.0,446.894,446.894,0.0
0.8878,0.0,0.0,446.893,446.893,0.0
0.8879,0.0,0.0,446.893,446.893,0.0
0.888,0.0,0.0,446.893,446.893,0.0
0.8881,0.0,0.0,446.892,446.892,0.0
0.8882,0.0,0.0,446.892,446.892,0.0
0.8883,0.0,0.0,446.892,446.892,0.0
0.8884,0.0,0.0,446.891,446.891,0.0
0.8885,0.0,0.0,446.891,446.891,0.0
0.8886,0.0,0.0,446.89,446.89,0.0
0.8887,0.0,0.0,446.89,446.89,0.0
0.8888,0.0,0.0,446.89,446.89,0.0
0.8889,0.0,0.0,446.889,446.889,0.0
0.889,0.0,0.0,446.889,446.889,0.0
0.8891,0.0,0.0,446.889,446.889,0.0
0.8892,0.0,0.0,446.888,446.888,0.0
0.8893,0.0,0.0,446.888,446.888,0.0
0.8894,0.0,0.0,446.888,446.888,0.0
0.8895,0.0,0.0,446.887,446.887,0.0
0.8896,-0.0,-0.0,446.887,446.887,0.0
0.8897,-0.0,-0.0,446.886,446.886,0.0
0.8898,-0.0,-0.0,446.886,446.886,0.0
0.8899,-0.0,-0.0,446.886,446.886,0.0
0.89,-0.0,-0.0,446.885,446.885,0.0
0.8901,-0.0,-0.0,446.885,446.885,0.0
0.8902,-0.0,-0.0,446.885,446.885,0.0
0.8903,-0.0,-0.0,446.884,446.884,0.0
0.8904,-0.0,-0.0,446.884,446.884,0.0
0.8905,-0.0,-0.0,446.883,446.883,0.0
0.8906,-0.0,-0.0,446.883,446.883,0.0
0.8907,-0.0,-0.0,446.883,446.883,0.0
0.8908,-0.0,-0.0,446.882,446.882,0.0
0.8909,-0.0,-0.0,446.882,446.882,0.0
0.891,-0.0,-0.0,446.882,446.882,0.0
0.8911,-0.0,-0.0,446.881,446.881,0.0
0.8912,-0.0,-0.0,446.881,446.881,0.0
0.8913,-0.0,-0.0,446.881,446.881,0.0
0.8914,-0.0,-0.0,446.88,446.88,0.0
0.8915,-0.0,-0.0,446.88,446.88,0.0
0.8916,-0.0,-0.0,446.879,446.879,0.0
0.8917,-0.0,-0.0,446.879,446.879,0.0
0.8918,-0.0,-0.0,446.879,446.879,0.0
0.8919,-0.0,-0.0,446.878,446.878,0.0
0.892,-0.13,-0.13,446.878,446.878,0.0
0.8921,0.0,0.0,446.878,446.878,0.0
0.8922,0.0,0.0,446.877,446.877,0.0
0.8923,0.0,0.0,446.877,446.877,0.0
0.8924,0.0,0.0,446.876,446.876,0.0
0.8925,0.0,0.0,446.876,446.876,0.0
0.8926,0.0,0.0,446.876,446.876,0.0
0.8927,0.0,0.0,446.875,446.875,0.0
0.8928,0.0,0.0,446.875,446.875,0.0
0.8929,0.0,0.0,446.875,446.875,0.0
0.893,0.0,0.0,446.874,446.874,0.0
0.8931,0.0,0.0,446.874,446.874,0.0
0.8932,0.0,0.0,446.873,446.873,0.0
0.8933,0.0,0.0,446.873,446.873,0.0
0.8934,0.0,0.0,446.873,446.873,0.0
0.8935,0.0,0.0,446.872,446.872,0.0
0.8936,0.0,0.0,446.872,446.872,0.0
0.8937,0.0,0.0,446.872,446.872,0.0
0.8938,0.0,0.0,446.871,446.871,0.0
0.8939,0.0,0.0,446.871,446.871,0.0
0.894,0.0,0.0,446.87,446.87,0.0
0.8941,0.0,0.0,446.87,446.87,0.0
0.8942,0.0,0.0,446.87,446.87,0.0
0.8943,0.0,0.0,446.869,446.869,0.0
0.8944,-0.0,-0.0,446.869,446.869,0.0
0.8945,-0.0,-0.0,446.869,446.869,0.0
0.8946,-0.0,-0.0,446.868,446.868,0.0
0.8947,-0.0,-0.0,446.868,446.868,0.0
0.8948,-0.0,-0.0,446.868,446.868,0.0
0.8949,-0.0,-0.0,446.867,446.867,0.0
0.895,-0.0,-0.0,446.867,446.867,0.0
0.8951,-0.0,-0.0,446.866,446.866,0.0
0.8952,-0.0,-0.0,446.866,446.866,0.0
0.8953,-0.0,-0.0,446.866,446.866,0.0
0.8954,-0.0,-0.0,446.865,446.865,0.0
0.8955,-0.0,-0.0,446.865,446.865,0.0
0.8956,-0.0,-0.0,446.865,446.865,0.0
0.8957,-0.0,-0.0,446.864,446.864,0.0
0.8958,-0.0,-0.0,446.864,446.864,0.0
0.8959,-0.0,-0.0,446.864,446.864,0.0
0.896,-0.0,-0.0,446.863,446.863,0.0
0.8961,-0.0,-0.0,446.863,446.863,0.0
0.8962,-0.0,-0.0,446.862,446.862,0.0
0.8963,-0.0,-0.0,446.862,446.862,0.0
0.8964,-0.0,-0.0,446.862,446.862,0.0
0.8965,-0.0,-0.0,446.861,446.861,0.0
0.8966,-0.0,-0.0,446.861,446.861,0.0
0.8967,-0.0,-0.0,446.861,446.861,0.0
0.8968,-0.0,-0.0,446.86,446.86,0.0
0.8969,-0.0,-0.0,446.86,446.86,0.0
0.897,-0.0,-0.0,446.86,446.86,0.0
0.8971,-0.0,-0.0,446.859,446.859,0.0
0.8972,-0.0,-0.0,446.859,446.859,0.0
0.8973,-0.0,-0.0,446.858,446.858,0.0
0.8974,-0.0,-0.0,446.858,446.858,0.0
0.8975,-0.0,-0.0,446.858,446.858,0.0
0.8976,-0.0,-0.0,446.857,446.857,0.0
0.8977,-0.0,-0.0,446.857,446.857,0.0
0.8978,-0.0,-0.0,446.857,446.857,0.0
0.8979,-0.0,-0.0,446.856,446.856,0.0
0.898,-0.0,-0.0,446.856,446.856,0.0
0.8981,-0.0,-0.0,446.856,446.856,0.0
0.8982,-0.0,-0.0,446.855,446.855,0.0
0.8983,-0.0,-0.0,446.855,446.855,0.0
0.8984,-0.0,-0.0,446.854,446.854,0.0
0.8985,-0.0,-0.0,446.854,446.854,0.0
0.8986,-0.0,-0.0,446.854,446.854,0.0
0.8987,-0.0,-0.0,446.853,446.853,0.0
0.8988,-0.0,-0.0,446.853,446.853,0.0
0.8989,-0.0,-0.0,446.853,446.853,0.0
0.899,-0.0,-0.0,446.852,446.852,0.0
0.8991,-0.0,-0.0,446.852,446.852,0.0
0.8992,-0.0,-0.0,446.851,446.851,0.0
0.8993,-0.0,-0.0,446.851,446.851,0.0
0.8994,-0.0,-0.0,446.851,446.851,0.0
0.8995,-0.0,-0.0,446.85,446.85,0.0
0.8996,0.0,0.0,446.85,446.85,0.0
0.8997,0.0,0.0,446.85,446.85,0.0
0.8998,0.0,0.0,446.849,446.849,0.0
0.8999,0.0,0.0,446.849,446.849,0.0
0.9,0.0,0.0,446.849,446.849,0.0
0.9001,0.0,0.0,446.848,446.848,0.0
0.9002,0.0,0.0,446.848,446.848,0.0
0.9003,0.0,0.0,446.847,446.847,0.0
0.9004,0.0,0.0,446.847,446.847,0.0
0.9005,0.0,0.0,446.847,446.847,0.0
0.9006,0.0,0.0,446.846,446.846,0.0
0.9007,0.0,0.0,446.846,446.846,0.0
0.9008,0.0,0.0,446.846,446.846,0.0
0.9009,0.0,0.0,446.845,446.845,0.0
0.901,0.0,0.0,446.845,446.845,0.0
0.9011,0.0,0.0,446.844,446.844,0.0
0.9012,0.0,0.0,446.844,446.844,0.0
0.9013,0.0,0.0,446.844,446.844,0.0
0.9014,0.0,0.0,446.843,446.843,0.0
0.9015,0.0,0.0,446.843,446.843,0.0
0.9016,0.0,0.0,446.843,446.843,0.0
0.9017,0.0,0.0,446.842,446.842,0.0
0.9018,0.0,0.0,446.842,446.842,0.0
0.9019,0.0,0.0,446.841,446.841,0.0
0.902,0.0,0.0,446.841,446.841,0.0
0.9021,-0.0,-0.0,446.841,446.841,0.0
0.9022,-0.0,-0.0,446.84,446.84,0.0
0.9023,-0.0,-0.0,446.84,446.84,0.0
0.9024,-0.0,-0.0,446.84,446.84,0.0
0.9025,-0.0,-0.0,446.839,446.839,0.0
0.9026,-0.0,-0.0,446.839,446.839,0.0
0.9027,-0.0,-0.0,446.838,446.838,0.0
0.9028,-0.0,-0.0,446.838,446.838,0.0
0.9029,-0.0,-0.0,446.838,446.838,0.0
0.903,-0.0,-0.0,446.837,446.837,0.0
0.9031,-0.0,-0.0,446.837,446.837,0.0
0.9032,-0.0,-0.0,446.837,446.837,0.0
0.9033,-0.0,-0.0,446.836,446.836,0.0
0.9034,-0.0,-0.0,446.836,446.836,0.0
0.9035,-0.0,-0.0,446.836,446.836,0.0
0.9036,-0.0,-0.0,446.835,446.835,0.0
0.9037,-0.0,-0.0,446.835,446.835,0.0
0.9038,-0.0,-0.0,446.834,446.834,0.0
0.9039,-0.0,-0.0,446.834,446.834,0.0
0.904,-0.0,-0.0,446.834,446.834,0.0
0.9041,-0.0,-0.0,446.833,446.833,0.0
0.9042,-0.0,-0.0,446.833,446.833,0.0
0.9043,-0.0,-0.0,446.833,446.833,0.0
0.9044,0.0,0.0,446.832,446.832,0.0
0.9045,0.0,0.0,446.832,446.832,0.0
0.9046,0.0,0.0,446.831,446.831,0.0
0.9047,0.0,0.0,446.831,446.831,0.0
0.9048,0.0,0.0,446.831,446.831,0.0
0.9049,0.0,0.0,446.83,446.83,0.0
0.905,0.0,0.0,446.83,446.83,0.0
0.9051,0.0,0.0,446.83,446.83,0.0
0.9052,0.0,0.0,446.829,446.829,0.0
0.9053,0.0,0.0,446.829,446.829,0.0
0.9054,0.0,0.0,446.829,446.829,0.0
0.9055,0.0,0.0,446.828,446.828,0.0
0.9056,0.0,0.0,446.828,446.828,0.0
0.9057,0.0,0.0,446.827,446.827,0.0
0.9058,0.0,0.0,446.827,446.827,0.0
0.9059,0.0,0.0,446.827,446.827,0.0
0.906,0.0,0.0,446.826,446.826,0.0
0.9061,0.0,0.0,446.826,446.826,0.0
0.9062,0.0,0.0,446.826,446.826,0.0
0.9063,0.0,0.0,446.825,446.825,0.0
0.9064,0.0,0.0,446.825,446.825,0.0
0.9065,0.0,0.0,446.825,446.825,0.0
0.9066,0.0,0.0,446.824,446.824,0.0
0.9067,0.0,0.0,446.824,446.824,0.0
0.9068,0.0,0.0,446.823,446.823,0.0
0.9069,0.0,0.0,446.823,446.823,0.0
0.907,0.0,0.0,446.823,446.823,0.0
0.9071,0.0,0.0,446.822,446.822,0.0
0.9072,0.0,0.0,446.822,446.822,0.0
0.9073,0.0,0.0,446.822,446.822,0.0
0.9074,0.0,0.0,446.821,446.821,0.0
0.9075,0.0,0.0,446.821,446.821,0.0
0.9076,0.0,0.0,446.821,446.821,0.0
0.9077,0.0,0.0,446.82,446.82,0.0
0.9078,0.0,0.0,446.82,446.82,0.0
0.9079,0.0,0.0,446.819,446.819,0.0
0.908,0.0,0.0,446.819,446.819,0.0
0.9081,0.0,0.0,446.819,446.819,0.0
0.9082,0.0,0.0,446.818,446.818,0.0
0.9083,0.0,0.0,446.818,446.818,0.0
0.9084,0.0,0.0,446.818,446.818,0.0
0.9085,0.0,0.0,446.817,446.817,0.0
0.9086,0.0,0.0,446.817,446.817,0.0
0.9087,0.0,0.0,446.817,446.817,0.0
0.9088,0.0,0.0,446.816,446.816,0.0
0.9089,0.0,0.0,446.816,446.816,0.0
0.909,0.0,0.0,446.815,446.815,0.0
0.9091,0.0,0.0,446.815,446.815,0.0
0.9092,0.0,0.0,446.815,446.815,0.0
0.9093,0.0,0.0,446.814,446.814,0.0
0.9094,0.0,0.0,446.814,446.814,0.0
0.9095,0.0,0.0,446.814,446.814,0.0
0.9096,0.0,0.0,446.813,446.813,0.0
0.9097,-0.0,-0.0,446.813,446.813,0.0
0.9098,-0.0,-0.0,446.813,446.813,0.0
0.9099,-0.0,-0.0,446.812,446.812,0.0
0.91,-0.0,-0.0,446.812,446.812,0.0
0.9101,-0.0,-0.0,446.811,446.811,0.0
0.9102,-0.0,-0.0,446.811,446.811,0.0
0.9103,-0.0,-0.0,446.811,446.811,0.0
0.9104,-0.0,-0.0,446.81,446.81,0.0
0.9105,-0.0,-0.0,446.81,446.81,0.0
0.9106,-0.0,-0.0,446.81,446.81,0.0
0.9107,-0.0,-0.0,446.809,446.809,0.0
0.9108,-0.0,-0.0,446.809,446.809,0.0
0.9109,-0.0,-0.0,446.808,446.808,0.0
0.911,-0.0,-0.0,446.808,446.808,0.0
0.9111,-0.0,-0.0,446.808,446.808,0.0
0.9112,-0.0,-0.0,446.807,446.807,0.0
0.9113,-0.0,-0.0,446.807,446.807,0.0
0.9114,-0.0,-0.0,446.807,446.807,0.0
0.9115,-0.0,-0.0,446.806,446.806,0.0
0.9116,-0.0,-0.0,446.806,446.806,0.0
0.9117,-0.0,-0.0,446.805,446.805,0.0
0.9118,-0.0,-0.0,446.805,446.805,0.0
0.9119,-0.0,-0.0,446.805,446.805,0.0
0.912,-0.146,-0.146,446.804,446.804,0.0
0.9121,0.0,0.0,446.804,446.804,0.0
0.9122,0.0,0.0,446.804,446.804,0.0
0.9123,0.0,0.0,446.803,446.803,0.0
0.9124,0.0,0.0,446.803,446.803,0.0
0.9125,0.0,0.0,446.802,446.802,0.0
0.9126,0.0,0.0,446.802,446.802,0.0
0.9127,0.0,0.0,446.802,446.802,0.0
0.9128,0.0,0.0,446.801,446.801,0.0
0.9129,0.0,0.0,446.801,446.801,0.0
0.913,0.0,0.0,446.801,446.801,0.0
0.9131,0.0,0.0,446.8,446.8,0.0
0.9132,0.0,0.0,446.8,446.8,0.0
0.9133,0.0,0.0,446.799,446.799,0.0
0.9134,0.0,0.0,446.799,446.799,0.0
0.9135,0.0,0.0,446.799,446.799,0.0
0.9136,0.0,0.0,446.798,446.798,0.0
0.9137,0.0,0.0,446.798,446.798,0.0
0.9138,0.0,0.0,446.798,446.798,0.0
0.9139,0.0,0.0,446.797,446.797,0.0
0.914,0.0,0.0,446.797,446.797,0.0
0.9141,0.0,0.0,446.797,446.797,0.0
0.9142,0.0,0.0,446.796,446.796,0.0
0.9143,0.0,0.0,446.796,446.796,0.0
0.9144,-0.0,-0.0,446.795,446.795,0.0
0.9145,-0.0,-0.0,446.795,446.795,0.0
0.9146,-0.0,-0.0,446.795,446.795,0.0
0.9147,-0.0,-0.0,446.794,446.794,0.0
0.9148,-0.0,-0.0,446.794,446.794,0.0
0.9149,-0.0,-0.0,446.794,446.794,0.0
0.915,-0.0,-0.0,446.793,446.793,0.0
0.9151,-0.0,-0.0,446.793,446.793,0.0
0.9152,-0.0,-0.0,446.792,446.792,0.0
0.9153,-0.0,-0.0,446.792,446.792,0.0
0.9154,-0.0,-0.0,446.792,446.792,0.0
0.9155,-0.0,-0.0,446.791,446.791,0.0
0.9156,-0.0,-0.0,446.791,446.791,0.0
0.9157,-0.0,-0.0,446.791,446.791,0.0
0.9158,-0.0,-0.0,446.79,446.79,0.0
0.9159,-0.0,-0.0,446.79,446.79,0.0
0.916,-0.0,-0.0,446.79,446.79,0.0
0.9161,-0.0,-0.0,446.789,446.789,0.0
0.9162,-0.0,-0.0,446.789,446.789,0.0
0.9163,-0.0,-0.0,446.788,446.788,0.0
0.9164,-0.0,-0.0,446.788,446.788,0.0
0.9165,-0.0,-0.0,446.788,446.788,0.0
0.9166,-0.0,-0.0,446.787,446.787,0.0
0.9167,-0.0,-0.0,446.787,446.787,0.0
0.9168,-0.0,-0.0,446.787,446.787,0.0
0.9169,-0.0,-0.0,446.786,446.786,0.0
0.917,-0.0,-0.0,446.786,446.786,0.0
0.9171,-0.0,-0.0,446.786,446.786,0.0
0.9172,-0.0,-0.0,446.785,446.785,0.0
0.9173,-0.0,-0.0,446.785,446.785,0.0
0.9174,-0.0,-0.0,446.784,446.784,0.0
0.9175,-0.0,-0.0,446.784,446.784,0.0
0.9176,-0.0,-0.0,446.784,446.784,0.0
0.9177,-0.0,-0.0,446.783,446.783,0.0
0.9178,-0.0,-0.0,446.783,446.783,0.0
0.9179,-0.0,-0.0,446.783,446.783,0.0
0.918,-0.0,-0.0,446.782,446.782,0.0
0.9181,-0.0,-0.0,446.782,446.782,0.0
0.9182,-0.0,-0.0,446.782,446.782,0.0
0.9183,-0.0,-0.0,446.781,446.781,0.0
0.9184,-0.0,-0.0,446.781,446.781,0.0
0.9185,-0.0,-0.0,446.78,446.78,0.0
0.9186,-0.0,-0.0,446.78,446.78,0.0
0.9187,-0.0,-0.0,446.78,446.78,0.0
0.9188,-0.0,-0.0,446.779,446.779,0.0
0.9189,-0.0,-0.0,446.779,446.779,0.0
0.919,-0.0,-0.0,446.779,446.779,0.0
0.9191,-0.0,-0.0,446.778,446.778,0.0
0.9192,-0.0,-0.0,446.778,446.778,0.0
0.9193,-0.0,-0.0,446.778,446.778,0.0
0.9194,-0.0,-0.0,446.777,446.777,0.0
0.9195,-0.0,-0.0,446.777,446.777,0.0
0.9196,-0.0,-0.0,446.776,446.776,0.0
0.9197,0.0,0.0,446.776,446.776,0.0
0.9198,0.0,0.0,446.776,446.776,0.0
0.9199,0.0,0.0,446.775,446.775,0.0
0.92,0.0,0.0,446.775,446.775,0.0
0.9201,0.0,0.0,446.775,446.775,0.0
0.9202,0.0,0.0,446.774,446.774,0.0
0.9203,0.0,0.0,446.774,446.774,0.0
0.9204,0.0,0.0,446.774,446.774,0.0
0.9205,0.0,0.0,446.773,446.773,0.0
0.9206,0.0,0.0,446.773,446.773,0.0
0.9207,0.0,0.0,446.772,446.772,0.0
0.9208,0.0,0.0,446.772,446.772,0.0
0.9209,0.0,0.0,446.772,446.772,0.0
0.921,0.0,0.0,446.771,446.771,0.0
0.9211,0.0,0.0,446.771,446.771,0.0
0.9212,0.0,0.0,446.771,446.771,0.0
0.9213,0.0,0.0,446.77,446.77,0.0
0.9214,0.0,0.0,446.77,446.77,0.0
0.9215,0.0,0.0,446.769,446.769,0.0
0.9216,0.0,0.0,446.769,446.769,0.0
0.9217,0.0,0.0,446.769,446.769,0.0
0.9218,0.0,0.0,446.768,446.768,0.0
0.9219,0.0,0.0,446.768,446.768,0.0
0.922,0.06,0.06,446.768,446.768,0.0
0.9221,-0.0,-0.0,446.767,446.767,0.0
0.9222,-0.0,-0.0,446.767,446.767,0.0
0.9223,-0.0,-0.0,446.766,446.766,0.0
0.9224,-0.0,-0.0,446.766,446.766,0.0
0.9225,-0.0,-0.0,446.766,446.766,0.0
0.9226,-0.0,-0.0,446.765,446.765,0.0
0.9227,-0.0,-0.0,446.765,446.765,0.0
0.9228,-0.0,-0.0,446.765,446.765,0.0
0.9229,-0.0,-0.0,446.764,446.764,0.0
0.923,-0.0,-0.0,446.764,446.764,0.0
0.9231,-0.0,-0.0,446.763,446.763,0.0
0.9232,-0.0,-0.0,446.763,446.763,0.0
0.9233,-0.0,-0.0,446.763,446.763,0.0
0.9234,-0.0,-0.0,446.762,446.762,0.0
0.9235,-0.0,-0.0,446.762,446.762,0.0
0.9236,-0.0,-0.0,446.762,446.762,0.0
0.9237,-0.0,-0.0,446.761,446.761,0.0
0.9238,-0.0,-0.0,446.761,446.761,0.0
0.9239,-0.0,-0.0,446.76,446.76,0.0
0.924,-0.0,-0.0,446.76,446.76,0.0
0.9241,-0.0,-0.0,446.76,446.76,0.0
0.9242,-0.0,-0.0,446.759,446.759,0.0
0.9243,-0.0,-0.0,446.759,446.759,0.0
0.9244,0.0,0.0,446.759,446.759,0.0
0.9245,0.0,0.0,446.758,446.758,0.0
0.9246,0.0,0.0,446.758,446.758,0.0
0.9247,0.0,0.0,446.758,446.758,0.0
0.9248,0.0,0.0,446.757,446.757,0.0
0.9249,0.0,0.0,446.757,446.757,0.0
0.925,0.0,0.0,446.756,446.756,0.0
0.9251,0.0,0.0,446.756,446.756,0.0
0.9252,0.0,0.0,446.756,446.756,0.0
0.9253,0.0,0.0,446.755,446.755,0.0
0.9254,0.0,0.0,446.755,446.755,0.0
0.9255,0.0,0.0,446.755,446.755,0.0
0.9256,0.0,0.0,446.754,446.754,0.0
0.9257,0.0,0.0,446.754,446.754,0.0
0.9258,0.0,0.0,446.754,446.754,0.0
0.9259,0.0,0.0,446.753,446.753,0.0
0.926,0.0,0.0,446.753,446.753,0.0
0.9261,0.0,0.0,446.752,446.752,0.0
0.9262,0.0,0.0,446.752,446.752,0.0
0.9263,0.0,0.0,446.752,446.752,0.0
0.9264,0.0,0.0,446.751,446.751,0.0
0.9265,0.0,0.0,446.751,446.751,0.0
0.9266,0.0,0.0,446.751,446.751,0.0
0.9267,0.0,0.0,446.75,446.75,0.0
0.9268,0.0,0.0,446.75,446.75,0.0
0.9269,0.0,0.0,446.75,446.75,0.0
0.927,0.0,0.0,446.749,446.749,0.0
0.9271,0.0,0.0,446.749,446.749,0.0
0.9272,0.0,0.0,446.748,446.748,0.0
0.9273,0.0,0.0,446.748,446.748,0.0
0.9274,0.0,0.0,446.748,446.748,0.0
0.9275,0.0,0.0,446.747,446.747,0.0
0.9276,0.0,0.0,446.747,446.747,0.0
0.9277,0.0,0.0,446.747,446.747,0.0
0.9278,0.0,0.0,446.746,446.746,0.0
0.9279,0.0,0.0,446.746,446.746,0.0
0.928,0.0,0.0,446.746,446.746,0.0
0.9281,0.0,0.0,446.745,446.745,0.0
0.9282,0.0,0.0,446.745,446.745,0.0
0.9283,0.0,0.0,446.744,446.744,0.0
0.9284,0.0,0.0,446.744,446.744,0.0
0.9285,0.0,0.0,446.744,446.744,0.0
0.9286,0.0,0.0,446.743,446.743,0.0
0.9287,0.0,0.0,446.743,446.743,0.0
0.9288,0.0,0.0,446.743,446.743,0.0
0.9289,0.0,0.0,446.742,446.742,0.0
0.929,0.0,0.0,446.742,446.742,0.0
0.9291,0.0,0.0,446.742,446.742,0.0
0.9292,0.0,0.0,446.741,446.741,0.0
0.9293,0.0,0.0,446.741,446.741,0.0
0.9294,0.0,0.0,446.74,446.74,0.0
0.9295,0.0,0.0,446.74,446.74,0.0
0.9296,-0.0,-0.0,446.74,446.74,0.0
0.9297,-0.0,-0.0,446.739,446.739,0.0
0.9298,-0.0,-0.0,446.739,446.739,0.0
0.9299,-0.0,-0.0,446.739,446.739,0.0
0.93,-0.0,-0.0,446.738,446.738,0.0
0.9301,-0.0,-0.0,446.738,446.738,0.0
0.9302,-0.0,-0.0,446.737,446.737,0.0
0.9303,-0.0,-0.0,446.737,446.737,0.0
0.9304,-0.0,-0.0,446.737,446.737,0.0
0.9305,-0.0,-0.0,446.736,446.736,0.0
0.9306,-0.0,-0.0,446.736,446.736,0.0
0.9307,-0.0,-0.0,446.736,446.736,0.0
0.9308,-0.0,-0.0,446.735,446.735,0.0
0.9309,-0.0,-0.0,446.735,446.735,0.0
0.931,-0.0,-0.0,446.735,446.735,0.0
0.9311,-0.0,-0.0,446.734,446.734,0.0
0.9312,-0.0,-0.0,446.734,446.734,0.0
0.9313,-0.0,-0.0,446.733,446.733,0.0
0.9314,-0.0,-0.0,446.733,446.733,0.0
0.9315,-0.0,-0.0,446.733,446.733,0.0
0.9316,-0.0,-0.0,446.732,446.732,0.0
0.9317,-0.0,-0.0,446.732,446.732,0.0
0.9318,-0.0,-0.0,446.732,446.732,0.0
0.9319,-0.0,-0.0,446.731,446.731,0.0
0.932,-0.0,-0.0,446.731,446.731,0.0
0.9321,0.0,0.0,446.73,446.73,0.0
0.9322,0.0,0.0,446.73,446.73,0.0
0.9323,0.0,0.0,446.73,446.73,0.0
0.9324,0.0,0.0,446.729,446.729,0.0
0.9325,0.0,0.0,446.729,446.729,0.0
0.9326,0.0,0.0,446.729,446.729,0.0
0.9327,0.0,0.0,446.728,446.728,0.0
0.9328,0.0,0.0,446.728,446.728,0.0
0.9329,0.0,0.0,446.727,446.727,0.0
0.933,0.0,0.0,446.727,446.727,0.0
0.9331,0.0,0.0,446.727,446.727,0.0
0.9332,0.0,0.0,446.726,446.726,0.0
0.9333,0.0,0.0,446.726,446.726,0.0
0.9334,0.0,0.0,446.726,446.726,0.0
0.9335,0.0,0.0,446.725,446.725,0.0
0.9336,0.0,0.0,446.725,446.725,0.0
0.9337,0.0,0.0,446.724,446.724,0.0
0.9338,0.0,0.0,446.724,446.724,0.0
0.9339,0.0,0.0,446.724,446.724,0.0
0.934,0.0,0.0,446.723,446.723,0.0
0.9341,0.0,0.0,446.723,446.723,0.0
0.9342,0.0,0.0,446.723,446.723,0.0
0.9343,0.0,0.0,446.722,446.722,0.0
0.9344,-0.0,-0.0,446.722,446.722,0.0
0.9345,-0.0,-0.0,446.722,446.722,0.0
0.9346,-0.0,-0.0,446.721,446.721,0.0
0.9347,-0.0,-0.0,446.721,446.721,0.0
0.9348,-0.0,-0.0,446.72,446.72,0.0
0.9349,-0.0,-0.0,446.72,446.72,0.0
0.935,-0.0,-0.0,446.72,446.72,0.0
0.9351,-0.0,-0.0,446.719,446.719,0.0
0.9352,-0.0,-0.0,446.719,446.719,0.0
0.9353,-0.0,-0.0,446.719,446.719,0.0
0.9354,-0.0,-0.0,446.718,446.718,0.0
0.9355,-0.0,-0.0,446.718,446.718,0.0
0.9356,-0.0,-0.0,446.717,446.717,0.0
0.9357,-0.0,-0.0,446.717,446.717,0.0
0.9358,-0.0,-0.0,446.717,446.717,0.0
0.9359,-0.0,-0.0,446.716,446.716,0.0
0.936,-0.0,-0.0,446.716,446.716,0.0
0.9361,-0.0,-0.0,446.716,446.716,0.0
0.9362,-0.0,-0.0,446.715,446.715,0.0
0.9363,-0.0,-0.0,446.715,446.715,0.0
0.9364,-0.0,-0.0,446.715,446.715,0.0
0.9365,-0.0,-0.0,446.714,446.714,0.0
0.9366,-0.0,-0.0,446.714,446.714,0.0
0.9367,-0.0,-0.0,446.713,446.713,0.0
0.9368,-0.0,-0.0,446.713,446.713,0.0
0.9369,-0.0,-0.0,446.713,446.713,0.0
0.937,-0.0,-0.0,446.712,446.712,0.0
0.9371,-0.0,-0.0,446.712,446.712,0.0
0.9372,-0.0,-0.0,446.712,446.712,0.0
0.9373,-0.0,-0.0,446.711,446.711,0.0
0.9374,-0.0,-0.0,446.711,446.711,0.0
0.9375,-0.0,-0.0,446.711,446.711,0.0
0.9376,-0.0,-0.0,446.71,446.71,0.0
0.9377,-0.0,-0.0,446.71,446.71,0.0
0.9378,-0.0,-0.0,446.709,446.709,0.0
0.9379,-0.0,-0.0,446.709,446.709,0.0
0.938,-0.0,-0.0,446.709,446.709,0.0
0.9381,-0.0,-0.0,446.708,446.708,0.0
0.9382,-0.0,-0.0,446.708,446.708,0.0
0.9383,-0.0,-0.0,446.708,446.708,0.0
0.9384,-0.0,-0.0,446.707,446.707,0.0
0.9385,-0.0,-0.0,446.707,446.707,0.0
0.9386,-0.0,-0.0,446.707,446.707,0.0
0.9387,-0.0,-0.0,446.706,446.706,0.0
0.9388,-0.0,-0.0,446.706,446.706,0.0
0.9389,-0.0,-0.0,446.705,446.705,0.0
0.939,-0.0,-0.0,446.705,446.705,0.0
0.9391,-0.0,-0.0,446.705,446.705,0.0
0.9392,-0.0,-0.0,446.704,446.704,0.0
0.9393,-0.0,-0.0,446.704,446.704,0.0
0.9394,-0.0,-0.0,446.704,446.704,0.0
0.9395,-0.0,-0.0,446.703,446.703,0.0
0.9396,-0.0,-0.0,446.703,446.703,0.0
0.9397,-0.0,-0.0,446.703,446.703,0.0
0.9398,0.0,0.0,446.702,446.702,0.0
0.9399,0.0,0.0,446.702,446.702,0.0
0.94,0.0,0.0,446.701,446.701,0.0
0.9401,0.0,0.0,446.701,446.701,0.0
0.9402,0.0,0.0,446.701,446.701,0.0
0.9403,0.0,0.0,446.7,446.7,0.0
0.9404,0.0,0.0,446.7,446.7,0.0
0.9405,0.0,0.0,446.7,446.7,0.0
0.9406,0.0,0.0,446.699,446.699,0.0
0.9407,0.0,0.0,446.699,446.699,0.0
0.9408,0.0,0.0,446.698,446.698,0.0
0.9409,0.0,0.0,446.698,446.698,0.0
0.941,0.0,0.0,446.698,446.698,0.0
0.9411,0.0,0.0,446.697,446.697,0.0
0.9412,0.0,0.0,446.697,446.697,0.0
0.9413,0.0,0.0,446.697,446.697,0.0
0.9414,0.0,0.0,446.696,446.696,0.0
0.9415,0.0,0.0,446.696,446.696,0.0
0.9416,0.0,0.0,446.696,446.696,0.0
0.9417,0.0,0.0,446.695,446.695,0.0
0.9418,0.0,0.0,446.695,446.695,0.0
0.9419,0.0,0.0,446.694,446.694,0.0
0.942,0.03,0.03,446.694,446.694,0.0
0.9421,-0.0,-0.0,446.694,446.694,0.0
0.9422,-0.0,-0.0,446.693,446.693,0.0
0.9423,-0.0,-0.0,446.693,446.693,0.0
0.9424,-0.0,-0.0,446.693,446.693,0.0
0.9425,-0.0,-0.0,446.692,446.692,0.0
0.9426,-0.0,-0.0,446.692,446.692,0.0
0.9427,-0.0,-0.0,446.691,446.691,0.0
0.9428,-0.0,-0.0,446.691,446.691,0.0
0.9429,-0.0,-0.0,446.691,446.691,0.0
0.943,-0.0,-0.0,446.69,446.69,0.0
0.9431,-0.0,-0.0,446.69,446.69,0.0
0.9432,-0.0,-0.0,446.69,446.69,0.0
0.9433,-0.0,-0.0,446.689,446.689,0.0
0.9434,-0.0,-0.0,446.689,446.689,0.0
0.9435,-0.0,-0.0,446.688,446.688,0.0
0.9436,-0.0,-0.0,446.688,446.688,0.0
0.9437,-0.0,-0.0,446.688,446.688,0.0
0.9438,-0.0,-0.0,446.687,446.687,0.0
0.9439,-0.0,-0.0,446.687,446.687,0.0
0.944,-0.0,-0.0,446.687,446.687,0.0
0.9441,-0.0,-0.0,446.686,446.686,0.0
0.9442,-0.0,-0.0,446.686,446.686,0.0
0.9443,-0.0,-0.0,446.685,446.685,0.0
0.9444,0.0,0.0,446.685,446.685,0.0
0.9445,0.0,0.0,446.685,446.685,0.0
0.9446,0.0,0.0,446.684,446.684,0.0
0.9447,0.0,0.0,446.684,446.684,0.0
0.9448,0.0,0.0,446.684,446.684,0.0
0.9449,0.0,0.0,446.683,446.683,0.0
0.945,0.0,0.0,446.683,446.683,0.0
0.9451,0.0,0.0,446.683,446.683,0.0
0.9452,0.0,0.0,446.682,446.682,0.0
0.9453,0.0,0.0,446.682,446.682,0.0
0.9454,0.0,0.0,446.681,446.681,0.0
0.9455,0.0,0.0,446.681,446.681,0.0
0.9456,0.0,0.0,446.681,446.681,0.0
0.9457,0.0,0.0,446.68,446.68,0.0
0.9458,0.0,0.0,446.68,446.68,0.0
0.9459,0.0,0.0,446.68,446.68,0.0
0.946,0.0,0.0,446.679,446.679,0.0
0.9461,0.0,0.0,446.679,446.679,0.0
0.9462,0.0,0.0,446.679,446.679,0.0
0.9463,0.0,0.0,446.678,446.678,0.0
0.9464,0.0,0.0,446.678,446.678,0.0
0.9465,0.0,0.0,446.677,446.677,0.0
0.9466,0.0,0.0,446.677,446.677,0.0
0.9467,0.0,0.0,446.677,446.677,0.0
0.9468,0.0,0.0,446.676,446.676,0.0
0.9469,0.0,0.0,446.676,446.676,0.0
0.947,0.0,0.0,446.676,446.676,0.0
0.9471,0.0,0.0,446.675,446.675,0.0
0.9472,0.0,0.0,446.675,446.675,0.0
0.9473,0.0,0.0,446.675,446.675,0.0
0.9474,0.0,0.0,446.674,446.674,0.0
0.9475,0.0,0.0,446.674,446.674,0.0
0.9476,0.0,0.0,446.673,446.673,0.0
0.9477,0.0,0.0,446.673,446.673,0.0
0.9478,0.0,0.0,446.673,446.673,0.0
0.9479,0.0,0.0,446.672,446.672,0.0
0.948,0.0,0.0,446.672,446.672,0.0
0.9481,0.0,0.0,446.672,446.672,0.0
0.9482,0.0,0.0,446.671,446.671,0.0
0.9483,0.0,0.0,446.671,446.671,0.0
0.9484,0.0,0.0,446.671,446.671,0.0
0.9485,0.0,0.0,446.67,446.67,0.0
0.9486,0.0,0.0,446.67,446.67,0.0
0.9487,0.0,0.0,446.669,446.669,0.0
0.9488,0.0,0.0,446.669,446.669,0.0
0.9489,0.0,0.0,446.669,446.669,0.0
0.949,0.0,0.0,446.668,446.668,0.0
0.9491,0.0,0.0,446.668,446.668,0.0
0.9492,0.0,0.0,446.668,446.668,0.0
0.9493,0.0,0.0,446.667,446.667,0.0
0.9494,0.0,0.0,446.667,446.667,0.0
0.9495,0.0,0.0,446.667,446.667,0.0
0.9496,0.0,0.0,446.666,446.666,0.0
0.9497,-0.0,-0.0,446.666,446.666,0.0
0.9498,-0.0,-0.0,446.665,446.665,0.0
0.9499,-0.0,-0.0,446.665,446.665,0.0
0.95,-0.0,-0.0,446.665,446.665,0.0
0.9501,-0.0,-0.0,446.664,446.664,0.0
0.9502,-0.0,-0.0,446.664,446.664,0.0
0.9503,-0.0,-0.0,446.664,446.664,0.0
0.9504,-0.0,-0.0,446.663,446.663,0.0
0.9505,-0.0,-0.0,446.663,446.663,0.0
0.9506,-0.0,-0.0,446.662,446.662,0.0
0.9507,-0.0,-0.0,446.662,446.662,0.0
0.9508,-0.0,-0.0,446.662,446.662,0.0
0.9509,-0.0,-0.0,446.661,446.661,0.0
0.951,-0.0,-0.0,446.661,446.661,0.0
0.9511,-0.0,-0.0,446.661,446.661,0.0
0.9512,-0.0,-0.0,446.66,446.66,0.0
0.9513,-0.0,-0.0,446.66,446.66,0.0
0.9514,-0.0,-0.0,446.659,446.659,0.0
0.9515,-0.0,-0.0,446.659,446.659,0.0
0.9516,-0.0,-0.0,446.659,446.659,0.0
0.9517,-0.0,-0.0,446.658,446.658,0.0
0.9518,-0.0,-0.0,446.658,446.658,0.0
0.9519,-0.0,-0.0,446.658,446.658,0.0
0.952,-0.026,-0.026,446.657,446.657,0.0
0.9521,0.0,0.0,446.657,446.657,0.0
0.9522,0.0,0.0,446.656,446.656,0.0
0.9523,0.0,0.0,446.656,446.656,0.0
0.9524,0.0,0.0,446.656,446.656,0.0
0.9525,0.0,0.0,446.655,446.655,0.0
0.9526,0.0,0.0,446.655,446.655,0.0
0.9527,0.0,0.0,446.655,446.655,0.0
0.9528,0.0,0.0,446.654,446.654,0.0
0.9529,0.0,0.0,446.654,446.654,0.0
0.953,0.0,0.0,446.654,446.654,0.0
0.9531,0.0,0.0,446.653,446.653,0.0
0.9532,0.0,0.0,446.653,446.653,0.0
0.9533,0.0,0.0,446.652,446.652,0.0
0.9534,0.0,0.0,446.652,446.652,0.0
0.9535,0.0,0.0,446.652,446.652,0.0
0.9536,0.0,0.0,446.651,446.651,0.0
0.9537,0.0,0.0,446.651,446.651,0.0
0.9538,0.0,0.0,446.651,446.651,0.0
0.9539,0.0,0.0,446.65,446.65,0.0
0.954,0.0,0.0,446.65,446.65,0.0
0.9541,0.0,0.0,446.649,446.649,0.0
0.9542,0.0,0.0,446.649,446.649,0.0
0.9543,0.0,0.0,446.649,446.649,0.0
0.9544,-0.0,-0.0,446.648,446.648,0.0
0.9545,-0.0,-0.0,446.648,446.648,0.0
0.9546,-0.0,-0.0,446.648,446.648,0.0
0.9547,-0.0,-0.0,446.647,446.647,0.0
0.9548,-0.0,-0.0,446.647,446.647,0.0
0.9549,-0.0,-0.0,446.647,446.647,0.0
0.955,-0.0,-0.0,446.646,446.646,0.0
0.9551,-0.0,-0.0,446.646,446.646,0.0
0.9552,-0.0,-0.0,446.645,446.645,0.0
0.9553,-0.0,-0.0,446.645,446.645,0.0
0.9554,-0.0,-0.0,446.645,446.645,0.0
0.9555,-0.0,-0.0,446.644,446.644,0.0
0.9556,-0.0,-0.0,446.644,446.644,0.0
0.9557,-0.0,-0.0,446.644,446.644,0.0
0.9558,-0.0,-0.0,446.643,446.643,0.0
0.9559,-0.0,-0.0,446.643,446.643,0.0
0.956,-0.0,-0.0,446.642,446.642,0.0
0.9561,-0.0,-0.0,446.642,446.642,0.0
0.9562,-0.0,-0.0,446.642,446.642,0.0
0.9563,-0.0,-0.0,446.641,446.641,0.0
0.9564,-0.0,-0.0,446.641,446.641,0.0
0.9565,-0.0,-0.0,446.641,446.641,0.0
0.9566,-0.0,-0.0,446.64,446.64,0.0
0.9567,-0.0,-0.0,446.64,446.64,0.0
0.9568,-0.0,-0.0,446.64,446.64,0.0
0.9569,-0.0,-0.0,446.639,446.639,0.0
0.957,-0.0,-0.0,446.639,446.639,0.0
0.9571,-0.0,-0.0,446.639,446.639,0.0
0.9572,-0.0,-0.0,446.638,446.638,0.0
0.9573,-0.0,-0.0,446.638,446.638,0.0
0.9574,-0.0,-0.0,446.637,446.637,0.0
0.9575,-0.0,-0.0,446.637,446.637,0.0
0.9576,-0.0,-0.0,446.637,446.637,0.0
0.9577,-0.0,-0.0,446.636,446.636,0.0
0.9578,-0.0,-0.0,446.636,446.636,0.0
0.9579,-0.0,-0.0,446.636,446.636,0.0
0.958,-0.0,-0.0,446.635,446.635,0.0
0.9581,-0.0,-0.0,446.635,446.635,0.0
0.9582,-0.0,-0.0,446.635,446.635,0.0
0.9583,-0.0,-0.0,446.634,446.634,0.0
0.9584,-0.0,-0.0,446.634,446.634,0.0
0.9585,-0.0,-0.0,446.633,446.633,0.0
0.9586,-0.0,-0.0,446.633,446.633,0.0
0.9587,-0.0,-0.0,446.633,446.633,0.0
0.9588,-0.0,-0.0,446.632,446.632,0.0
0.9589,-0.0,-0.0,446.632,446.632,0.0
0.959,-0.0,-0.0,446.632,446.632,0.0
0.9591,-0.0,-0.0,446.631,446.631,0.0
0.9592,-0.0,-0.0,446.631,446.631,0.0
0.9593,-0.0,-0.0,446.63,446.63,0.0
0.9594,-0.0,-0.0,446.63,446.63,0.0
0.9595,-0.0,-0.0,446.63,446.63,0.0
0.9596,0.0,0.0,446.629,446.629,0.0
0.9597,0.0,0.0,446.629,446.629,0.0
0.9598,0.0,0.0,446.629,446.629,0.0
0.9599,0.0,0.0,446.628,446.628,0.0
0.96,0.0,0.0,446.628,446.628,0.0
0.9601,0.0,0.0,446.628,446.628,0.0
0.9602,0.0,0.0,446.627,446.627,0.0
0.9603,0.0,0.0,446.627,446.627,0.0
0.9604,0.0,0.0,446.626,446.626,0.0
0.9605,0.0,0.0,446.626,446.626,0.0
0.9606,0.0,0.0,446.626,446.626,0.0
0.9607,0.0,0.0,446.625,446.625,0.0
0.9608,0.0,0.0,446.625,446.625,0.0
0.9609,0.0,0.0,446.625,446.625,0.0
0.961,0.0,0.0,446.624,446.624,0.0
0.9611,0.0,0.0,446.624,446.624,0.0
0.9612,0.0,0.0,446.623,446.623,0.0
0.9613,0.0,0.0,446.623,446.623,0.0
0.9614,0.0,0.0,446.623,446.623,0.0
0.9615,0.0,0.0,446.622,446.622,0.0
0.9616,0.0,0.0,446.622,446.622,0.0
0.9617,0.0,0.0,446.622,446.622,0.0
0.9618,0.0,0.0,446.621,446.621,0.0
0.9619,0.0,0.0,446.621,446.621,0.0
0.962,0.0,0.0,446.62,446.62,0.0
0.9621,-0.0,-0.0,446.62,446.62,0.0
0.9622,-0.0,-0.0,446.62,446.62,0.0
0.9623,-0.0,-0.0,446.619,446.619,0.0
0.9624,-0.0,-0.0,446.619,446.619,0.0
0.9625,-0.0,-0.0,446.619,446.619,0.0
0.9626,-0.0,-0.0,446.618,446.618,0.0
0.9627,-0.0,-0.0,446.618,446.618,0.0
0.9628,-0.0,-0.0,446.617,446.617,0.0
0.9629,-0.0,-0.0,446.617,446.617,0.0
0.963,-0.0,-0.0,446.617,446.617,0.0
0.9631,-0.0,-0.0,446.616,446.616,0.0
0.9632,-0.0,-0.0,446.616,446.616,0.0
0.9633,-0.0,-0.0,446.616,446.616,0.0
0.9634,-0.0,-0.0,446.615,446.615,0.0
0.9635,-0.0,-0.0,446.615,446.615,0.0
0.9636,-0.0,-0.0,446.615,446.615,0.0
0.9637,-0.0,-0.0,446.614,446.614,0.0
0.9638,-0.0,-0.0,446.614,446.614,0.0
0.9639,-0.0,-0.0,446.613,446.613,0.0
0.964,-0.0,-0.0,446.613,446.613,0.0
0.9641,-0.0,-0.0,446.613,446.613,0.0
0.9642,-0.0,-0.0,446.612,446.612,0.0
0.9643,-0.0,-0.0,446.612,446.612,0.0
0.9644,0.0,0.0,446.612,446.612,0.0
0.9645,0.0,0.0,446.611,446.611,0.0
0.9646,0.0,0.0,446.611,446.611,0.0
0.9647,0.0,0.0,446.61,446.61,0.0
0.9648,0.0,0.0,446.61,446.61,0.0
0.9649,0.0,0.0,446.61,446.61,0.0
0.965,0.0,0.0,446.609,446.609,0.0
0.9651,0.0,0.0,446.609,446.609,0.0
0.9652,0.0,0.0,446.609,446.609,0.0
0.9653,0.0,0.0,446.608,446.608,0.0
0.9654,0.0,0.0,446.608,446.608,0.0
0.9655,0.0,0.0,446.608,446.608,0.0
0.9656,0.0,0.0,446.607,446.607,0.0
0.9657,0.0,0.0,446.607,446.607,0.0
0.9658,0.0,0.0,446.606,446.606,0.0
0.9659,0.0,0.0,446.606,446.606,0.0
0.966,0.0,0.0,446.606,446.606,0.0
0.9661,0.0,0.0,446.605,446.605,0.0
0.9662,0.0,0.0,446.605,446.605,0.0
0.9663,0.0,0.0,446.605,446.605,0.0
0.9664,0.0,0.0,446.604,446.604,0.0
0.9665,0.0,0.0,446.604,446.604,0.0
0.9666,0.0,0.0,446.604,446.604,0.0
0.9667,0.0,0.0,446.603,446.603,0.0
0.9668,0.0,0.0,446.603,446.603,0.0
0.9669,0.0,0.0,446.602,446.602,0.0
0.967,0.0,0.0,446.602,446.602,0.0
0.9671,0.0,0.0,446.602,446.602,0.0
0.9672,0.0,0.0,446.601,446.601,0.0
0.9673,0.0,0.0,446.601,446.601,0.0
0.9674,0.0,0.0,446.601,446.601,0.0
0.9675,0.0,0.0,446.6,446.6,0.0
0.9676,0.0,0.0,446.6,446.6,0.0
0.9677,0.0,0.0,446.6,446.6,0.0
0.9678,0.0,0.0,446.599,446.599,0.0
0.9679,0.0,0.0,446.599,446.599,0.0
0.968,0.0,0.0,446.598,446.598,0.0
0.9681,0.0,0.0,446.598,446.598,0.0
0.9682,0.0,0.0,446.598,446.598,0.0
0.9683,0.0,0.0,446.597,446.597,0.0
0.9684,0.0,0.0,446.597,446.597,0.0
0.9685,0.0,0.0,446.597,446.597,0.0
0.9686,0.0,0.0,446.596,446.596,0.0
0.9687,0.0,0.0,446.596,446.596,0.0
0.9688,0.0,0.0,446.596,446.596,0.0
0.9689,0.0,0.0,446.595,446.595,0.0
0.969,0.0,0.0,446.595,446.595,0.0
0.9691,0.0,0.0,446.594,446.594,0.0
0.9692,0.0,0.0,446.594,446.594,0.0
0.9693,0.0,0.0,446.594,446.594,0.0
0.9694,0.0,0.0,446.593,446.593,0.0
0.9695,0.0,0.0,446.593,446.593,0.0
0.9696,0.0,0.0,446.593,446.593,0.0
0.9697,0.0,0.0,446.592,446.592,0.0
0.9698,-0.0,-0.0,446.592,446.592,0.0
0.9699,-0.0,-0.0,446.592,446.592,0.0
0.97,-0.0,-0.0,446.591,446.591,0.0
0.9701,-0.0,-0.0,446.591,446.591,0.0
0.9702,-0.0,-0.0,446.59,446.59,0.0
0.9703,-0.0,-0.0,446.59,446.59,0.0
0.9704,-0.0,-0.0,446.59,446.59,0.0
0.9705,-0.0,-0.0,446.589,446.589,0.0
0.9706,-0.0,-0.0,446.589,446.589,0.0
0.9707,-0.0,-0.0,446.589,446.589,0.0
0.9708,-0.0,-0.0,446.588,446.588,0.0
0.9709,-0.0,-0.0,446.588,446.588,0.0
0.971,-0.0,-0.0,446.587,446.587,0.0
0.9711,-0.0,-0.0,446.587,446.587,0.0
0.9712,-0.0,-0.0,446.587,446.587,0.0
0.9713,-0.0,-0.0,446.586,446.586,0.0
0.9714,-0.0,-0.0,446.586,446.586,0.0
0.9715,-0.0,-0.0,446.586,446.586,0.0
0.9716,-0.0,-0.0,446.585,446.585,0.0
0.9717,-0.0,-0.0,446.585,446.585,0.0
0.9718,-0.0,-0.0,446.584,446.584,0.0
0.9719,-0.0,-0.0,446.584,446.584,0.0
0.972,-0.0,-0.0,446.584,446.584,0.0
0.9721,0.0,0.0,446.583,446.583,0.0
0.9722,0.0,0.0,446.583,446.583,0.0
0.9723,0.0,0.0,446.583,446.583,0.0
0.9724,0.0,0.0,446.582,446.582,0.0
0.9725,0.0,0.0,446.582,446.582,0.0
0.9726,0.0,0.0,446.582,446.582,0.0
0.9727,0.0,0.0,446.581,446.581,0.0
0.9728,0.0,0.0,446.581,446.581,0.0
0.9729,0.0,0.0,446.58,446.58,0.0
0.973,0.0,0.0,446.58,446.58,0.0
0.9731,0.0,0.0,446.58,446.58,0.0
0.9732,0.0,0.0,446.579,446.579,0.0
0.9733,0.0,0.0,446.579,446.579,0.0
0.9734,0.0,0.0,446.579,446.579,0.0
0.9735,0.0,0.0,446.578,446.578,0.0
0.9736,0.0,0.0,446.578,446.578,0.0
0.9737,0.0,0.0,446.577,446.577,0.0
0.9738,0.0,0.0,446.577,446.577,0.0
0.9739,0.0,0.0,446.577,446.577,0.0
0.974,0.0,0.0,446.576,446.576,0.0
0.9741,0.0,0.0,446.576,446.576,0.0
0.9742,0.0,0.0,446.576,446.576,0.0
0.9743,0.0,0.0,446.575,446.575,0.0
0.9744,-0.0,-0.0,446.575,446.575,0.0
0.9745,-0.0,-0.0,446.574,446.574,0.0
0.9746,-0.0,-0.0,446.574,446.574,0.0
0.9747,-0.0,-0.0,446.574,446.574,0.0
0.9748,-0.0,-0.0,446.573,446.573,0.0
0.9749,-0.0,-0.0,446.573,446.573,0.0
0.975,-0.0,-0.0,446.573,446.573,0.0
0.9751,-0.0,-0.0,446.572,446.572,0.0
0.9752,-0.0,-0.0,446.572,446.572,0.0
0.9753,-0.0,-0.0,446.572,446.572,0.0
0.9754,-0.0,-0.0,446.571,446.571,0.0
0.9755,-0.0,-0.0,446.571,446.571,0.0
0.9756,-0.0,-0.0,446.57,446.57,0.0
0.9757,-0.0,-0.0,446.57,446.57,0.0
0.9758,-0.0,-0.0,446.57,446.57,0.0
0.9759,-0.0,-0.0,446.569,446.569,0.0
0.976,-0.0,-0.0,446.569,446.569,0.0
0.9761,-0.0,-0.0,446.569,446.569,0.0
0.9762,-0.0,-0.0,446.568,446.568,0.0
0.9763,-0.0,-0.0,446.568,446.568,0.0
0.9764,-0.0,-0.0,446.568,446.568,0.0
0.9765,-0.0,-0.0,446.567,446.567,0.0
0.9766,-0.0,-0.0,446.567,446.567,0.0
0.9767,-0.0,-0.0,446.566,446.566,0.0
0.9768,-0.0,-0.0,446.566,446.566,0.0
0.9769,-0.0,-0.0,446.566,446.566,0.0
0.977,-0.0,-0.0,446.565,446.565,0.0
0.9771,-0.0,-0.0,446.565,446.565,0.0
0.9772,-0.0,-0.0,446.565,446.565,0.0
0.9773,-0.0,-0.0,446.564,446.564,0.0
0.9774,-0.0,-0.0,446.564,446.564,0.0
0.9775,-0.0,-0.0,446.564,446.564,0.0
0.9776,-0.0,-0.0,446.563,446.563,0.0
0.9777,-0.0,-0.0,446.563,446.563,0.0
0.9778,-0.0,-0.0,446.562,446.562,0.0
0.9779,-0.0,-0.0,446.562,446.562,0.0
0.978,-0.0,-0.0,446.562,446.562,0.0
0.9781,-0.0,-0.0,446.561,446.561,0.0
0.9782,-0.0,-0.0,446.561,446.561,0.0
0.9783,-0.0,-0.0,446.561,446.561,0.0
0.9784,-0.0,-0.0,446.56,446.56,0.0
0.9785,-0.0,-0.0,446.56,446.56,0.0
0.9786,-0.0,-0.0,446.56,446.56,0.0
0.9787,-0.0,-0.0,446.559,446.559,0.0
0.9788,-0.0,-0.0,446.559,446.559,0.0
0.9789,-0.0,-0.0,446.558,446.558,0.0
0.979,-0.0,-0.0,446.558,446.558,0.0
0.9791,-0.0,-0.0,446.558,446.558,0.0
0.9792,-0.0,-0.0,446.557,446.557,0.0
0.9793,-0.0,-0.0,446.557,446.557,0.0
0.9794,-0.0,-0.0,446.557,446.557,0.0
0.9795,-0.0,-0.0,446.556,446.556,0.0
0.9796,-0.0,-0.0,446.556,446.556,0.0
0.9797,0.0,0.0,446.556,446.556,0.0
0.9798,0.0,0.0,446.555,446.555,0.0
0.9799,0.0,0.0,446.555,446.555,0.0
0.98,0.0,0.0,446.554,446.554,0.0
0.9801,0.0,0.0,446.554,446.554,0.0
0.9802,0.0,0.0,446.554,446.554,0.0
0.9803,0.0,0.0,446.553,446.553,0.0
0.9804,0.0,0.0,446.553,446.553,0.0
0.9805,0.0,0.0,446.553,446.553,0.0
0.9806,0.0,0.0,446.552,446.552,0.0
0.9807,0.0,0.0,446.552,446.552,0.0
0.9808,0.0,0.0,446.551,446.551,0.0
0.9809,0.0,0.0,446.551,446.551,0.0
0.981,0.0,0.0,446.551,446.551,0.0
0.9811,0.0,0.0,446.55,446.55,0.0
0.9812,0.0,0.0,446.55,446.55,0.0
0.9813,0.0,0.0,446.55,446.55,0.0
0.9814,0.0,0.0,446.549,446.549,0.0
0.9815,0.0,0.0,446.549,446.549,0.0
0.9816,0.0,0.0,446.548,446.548,0.0
0.9817,0.0,0.0,446.548,446.548,0.0
0.9818,0.0,0.0,446.548,446.548,0.0
0.9819,0.0,0.0,446.547,446.547,0.0
0.982,0.045,0.045,446.547,446.547,0.0
0.9821,0.885,0.885,446.547,446.547,0.0
0.9822,-0.0,-0.0,446.547,446.547,0.0
0.9823,-0.0,-0.0,446.546,446.546,0.0
0.9824,-0.0,-0.0,446.546,446.546,0.0
0.9825,-0.0,-0.0,446.545,446.545,0.0
0.9826,-0.0,-0.0,446.545,446.545,0.0
0.9827,-0.0,-0.0,446.545,446.545,0.0
0.9828,-0.0,-0.0,446.544,446.544,0.0
0.9829,-0.0,-0.0,446.544,446.544,0.0
0.983,-0.0,-0.0,446.544,446.544,0.0
0.9831,-0.0,-0.0,446.543,446.543,0.0
0.9832,-0.0,-0.0,446.543,446.543,0.0
0.9833,-0.0,-0.0,446.543,446.543,0.0
0.9834,-0.0,-0.0,446.542,446.542,0.0
0.9835,-0.0,-0.0,446.542,446.542,0.0
0.9836,-0.0,-0.0,446.541,446.541,0.0
0.9837,-0.0,-0.0,446.541,446.541,0.0
0.9838,-0.0,-0.0,446.541,446.541,0.0
0.9839,-0.0,-0.0,446.54,446.54,0.0
0.984,-0.0,-0.0,446.54,446.54,0.0
0.9841,-0.0,-0.0,446.54,446.54,0.0
0.9842,-0.0,-0.0,446.539,446.539,0.0
0.9843,-0.0,-0.0,446.539,446.539,0.0
0.9844,0.0,0.0,446.538,446.538,0.0
0.9845,0.0,0.0,446.538,446.538,0.0
0.9846,0.0,0.0,446.538,446.538,0.0
0.9847,0.0,0.0,446.537,446.537,0.0
0.9848,0.0,0.0,446.537,446.537,0.0
0.9849,0.0,0.0,446.537,446.537,0.0
0.985,0.0,0.0,446.536,446.536,0.0
0.9851,0.0,0.0,446.536,446.536,0.0
0.9852,0.0,0.0,446.536,446.536,0.0
0.9853,0.0,0.0,446.535,446.535,0.0
0.9854,0.0,0.0,446.535,446.535,0.0
0.9855,0.0,0.0,446.534,446.534,0.0
0.9856,0.0,0.0,446.534,446.534,0.0
0.9857,0.0,0.0,446.534,446.534,0.0
0.9858,0.0,0.0,446.533,446.533,0.0
0.9859,0.0,0.0,446.533,446.533,0.0
0.986,0.0,0.0,446.533,446.533,0.0
0.9861,0.0,0.0,446.532,446.532,0.0
0.9862,0.0,0.0,446.532,446.532,0.0
0.9863,0.0,0.0,446.532,446.532,0.0
0.9864,0.0,0.0,446.531,446.531,0.0
0.9865,0.0,0.0,446.531,446.531,0.0
0.9866,0.0,0.0,446.53,446.53,0.0
0.9867,0.0,0.0,446.53,446.53,0.0
0.9868,0.0,0.0,446.53,446.53,0.0
0.9869,0.0,0.0,446.529,446.529,0.0
0.987,0.0,0.0,446.529,446.529,0.0
0.9871,0.0,0.0,446.529,446.529,0.0
0.9872,0.0,0.0,446.528,446.528,0.0
0.9873,0.0,0.0,446.528,446.528,0.0
0.9874,0.0,0.0,446.528,446.528,0.0
0.9875,0.0,0.0,446.527,446.527,0.0
0.9876,0.0,0.0,446.527,446.527,0.0
0.9877,0.0,0.0,446.526,446.526,0.0
0.9878,0.0,0.0,446.526,446.526,0.0
0.9879,0.0,0.0,446.526,446.526,0.0
0.988,0.0,0.0,446.525,446.525,0.0
0.9881,0.0,0.0,446.525,446.525,0.0
0.9882,0.0,0.0,446.525,446.525,0.0
0.9883,0.0,0.0,446.524,446.524,0.0
0.9884,0.0,0.0,446.524,446.524,0.0
0.9885,0.0,0.0,446.524,446.524,0.0
0.9886,0.0,0.0,446.523,446.523,0.0
0.9887,0.0,0.0,446.523,446.523,0.0
0.9888,0.0,0.0,446.522,446.522,0.0
0.9889,0.0,0.0,446.522,446.522,0.0
0.989,0.0,0.0,446.522,446.522,0.0
0.9891,0.0,0.0,446.521,446.521,0.0
0.9892,0.0,0.0,446.521,446.521,0.0
0.9893,0.0,0.0,446.521,446.521,0.0
0.9894,0.0,0.0,446.52,446.52,0.0
0.9895,0.0,0.0,446.52,446.52,0.0
0.9896,0.0,0.0,446.52,446.52,0.0
0.9897,-0.0,-0.0,446.519,446.519,0.0
0.9898,-0.0,-0.0,446.519,446.519,0.0
0.9899,-0.0,-0.0,446.518,446.518,0.0
0.99,-0.0,-0.0,446.518,446.518,0.0
0.9901,-0.0,-0.0,446.518,446.518,0.0
0.9902,-0.0,-0.0,446.517,446.517,0.0
0.9903,-0.0,-0.0,446.517,446.517,0.0
0.9904,-0.0,-0.0,446.517,446.517,0.0
0.9905,-0.0,-0.0,446.516,446.516,0.0
0.9906,-0.0,-0.0,446.516,446.516,0.0
0.9907,-0.0,-0.0,446.515,446.515,0.0
0.9908,-0.0,-0.0,446.515,446.515,0.0
0.9909,-0.0,-0.0,446.515,446.515,0.0
0.991,-0.0,-0.0,446.514,446.514,0.0
0.9911,-0.0,-0.0,446.514,446.514,0.0
0.9912,-0.0,-0.0,446.514,446.514,0.0
0.9913,-0.0,-0.0,446.513,446.513,0.0
0.9914,-0.0,-0.0,446.513,446.513,0.0
0.9915,-0.0,-0.0,446.512,446.512,0.0
0.9916,-0.0,-0.0,446.512,446.512,0.0
0.9917,-0.0,-0.0,446.512,446.512,0.0
0.9918,-0.0,-0.0,446.511,446.511,0.0
0.9919,-0.0,-0.0,446.511,446.511,0.0
0.992,-0.0,-0.0,446.511,446.511,0.0
0.9921,-0.023,-0.023,446.51,446.51,0.0
0.9922,0.0,0.0,446.51,446.51,0.0
0.9923,0.0,0.0,446.509,446.509,0.0
0.9924,0.0,0.0,446.509,446.509,0.0
0.9925,0.0,0.0,446.509,446.509,0.0
0.9926,0.0,0.0,446.508,446.508,0.0
0.9927,0.0,0.0,446.508,446.508,0.0
0.9928,0.0,0.0,446.508,446.508,0.0
0.9929,0.0,0.0,446.507,446.507,0.0
0.993,0.0,0.0,446.507,446.507,0.0
0.9931,0.0,0.0,446.507,446.507,0.0
0.9932,0.0,0.0,446.506,446.506,0.0
0.9933,0.0,0.0,446.506,446.506,0.0
0.9934,0.0,0.0,446.505,446.505,0.0
0.9935,0.0,0.0,446.505,446.505,0.0
0.9936,0.0,0.0,446.505,446.505,0.0
0.9937,0.0,0.0,446.504,446.504,0.0
0.9938,0.0,0.0,446.504,446.504,0.0
0.9939,0.0,0.0,446.504,446.504,0.0
0.994,0.0,0.0,446.503,446.503,0.0
0.9941,0.0,0.0,446.503,446.503,0.0
0.9942,0.0,0.0,446.502,446.502,0.0
0.9943,0.0,0.0,446.502,446.502,0.0
0.9944,-0.0,-0.0,446.502,446.502,0.0
0.9945,-0.0,-0.0,446.501,446.501,0.0
0.9946,-0.0,-0.0,446.501,446.501,0.0
0.9947,-0.0,-0.0,446.501,446.501,0.0
0.9948,-0.0,-0.0,446.5,446.5,0.0
0.9949,-0.0,-0.0,446.5,446.5,0.0
0.995,-0.0,-0.0,446.5,446.5,0.0
0.9951,-0.0,-0.0,446.499,446.499,0.0
0.9952,-0.0,-0.0,446.499,446.499,0.0
0.9953,-0.0,-0.0,446.498,446.498,0.0
0.9954,-0.0,-0.0,446.498,446.498,0.0
0.9955,-0.0,-0.0,446.498,446.498,0.0
0.9956,-0.0,-0.0,446.497,446.497,0.0
0.9957,-0.0,-0.0,446.497,446.497,0.0
0.9958,-0.0,-0.0,446.497,446.497,0.0
0.9959,-0.0,-0.0,446.496,446.496,0.0
0.996,-0.0,-0.0,446.496,446.496,0.0
0.9961,-0.0,-0.0,446.496,446.496,0.0
0.9962,-0.0,-0.0,446.495,446.495,0.0
0.9963,-0.0,-0.0,446.495,446.495,0.0
0.9964,-0.0,-0.0,446.494,446.494,0.0
0.9965,-0.0,-0.0,446.494,446.494,0.0
0.9966,-0.0,-0.0,446.494,446.494,0.0
0.9967,-0.0,-0.0,446.493,446.493,0.0
0.9968,-0.0,-0.0,446.493,446.493,0.0
0.9969,-0.0,-0.0,446.493,446.493,0.0
0.997,-0.0,-0.0,446.492,446.492,0.0
0.9971,-0.0,-0.0,446.492,446.492,0.0
0.9972,-0.0,-0.0,446.492,446.492,0.0
0.9973,-0.0,-0.0,446.491,446.491,0.0
0.9974,-0.0,-0.0,446.491,446.491,0.0
0.9975,-0.0,-0.0,446.49,446.49,0.0
0.9976,-0.0,-0.0,446.49,446.49,0.0
0.9977,-0.0,-0.0,446.49,446.49,0.0
0.9978,-0.0,-0.0,446.489,446.489,0.0
0.9979,-0.0,-0.0,446.489,446.489,0.0
0.998,-0.0,-0.0,446.489,446.489,0.0
0.9981,-0.0,-0.0,446.488,446.488,0.0
0.9982,-0.0,-0.0,446.488,446.488,0.0
0.9983,-0.0,-0.0,446.488,446.488,0.0
0.9984,-0.0,-0.0,446.487,446.487,0.0
0.9985,-0.0,-0.0,446.487,446.487,0.0
0.9986,-0.0,-0.0,446.486,446.486,0.0
0.9987,-0.0,-0.0,446.486,446.486,0.0
0.9988,-0.0,-0.0,446.486,446.486,0.0
0.9989,-0.0,-0.0,446.485,446.485,0.0
0.999,-0.0,-0.0,446.485,446.485,0.0
0.9991,-0.0,-0.0,446.485,446.485,0.0
0.9992,-0.0,-0.0,446.484,446.484,0.0
0.9993,-0.0,-0.0,446.484,446.484,0.0
0.9994,-0.0,-0.0,446.483,446.483,0.0
0.9995,-0.0,-0.0,446.483,446.483,0.0
0.9996,-0.0,-0.0,446.483,446.483,0.0
0.9997,0.0,0.0,446.482,446.482,0.0
0.9998,0.0,0.0,446.482,446.482,0.0
0.9999,0.0,0.0,446.482,446.482,0.0
1.0,0.0,0.0,446.481,446.481,0.0
1.0001,0.0,0.0,446.354,446.354,2714.828
1.0002,0.0,0.0,446.028,446.028,4039.381
1.0003,0.0,0.0,445.634,445.634,4635.523
1.0004,0.0,0.0,445.206,445.206,5004.543
1.0005,0.0,0.0,444.75,444.75,5296.341
1.0006,0.0,0.0,444.271,444.271,5555.853
1.0007,0.0,0.0,443.771,443.771,5796.884
1.0008,0.0,0.0,443.249,443.249,6024.005
1.0009,0.0,0.0,442.708,442.708,6239.026
1.001,0.0,0.0,442.149,442.149,6428.489
1.0011,0.0,0.0,441.579,441.579,6549.285
1.0012,0.0,0.0,441.003,441.003,6611.715
1.0013,0.0,0.0,440.422,440.422,6651.019
1.0014,0.0,0.0,439.838,439.838,6677.949
1.0015,0.0,0.0,439.252,439.252,6698.066
1.0016,0.0,0.0,438.664,438.664,6714.259
1.0017,0.0,0.0,438.073,438.073,6728.041
1.0018,0.0,0.0,437.481,437.481,6739.06
1.0019,0.0,0.0,436.887,436.887,6751.235
1.002,0.0,0.0,436.291,436.291,6760.36
1.0021,0.1,0.1,435.694,435.694,6770.667
1.0022,-0.0,-0.0,435.095,435.095,6778.493
1.0023,-0.0,-0.0,434.494,434.494,6786.613
1.0024,-0.0,-0.0,433.892,433.892,6794.18
1.0025,-0.0,-0.0,433.288,433.288,6801.237
1.0026,-0.0,-0.0,432.683,432.683,6807.821
1.0027,-0.0,-0.0,432.077,432.077,6813.966
1.0028,-0.0,-0.0,431.469,431.469,6819.701
1.0029,-0.0,-0.0,430.86,430.86,6825.054
1.003,-0.0,-0.0,430.25,430.25,6830.051
1.0031,-0.0,-0.0,429.638,429.638,6835.165
1.0032,-0.0,-0.0,429.025,429.025,6839.489
1.0033,-0.0,-0.0,428.411,428.411,6843.525
1.0034,-0.0,-0.0,427.796,427.796,6847.293
1.0035,-0.0,-0.0,427.179,427.179,6850.81
1.0036,-0.0,-0.0,426.562,426.562,6854.093
1.0037,-0.0,-0.0,425.943,425.943,6856.861
1.0038,-0.0,-0.0,425.322,425.322,6860.018
1.0039,-0.0,-0.0,424.701,424.701,6862.429
1.004,-0.0,-0.0,424.079,424.079,6865.18
1.0041,-0.0,-0.0,423.455,423.455,6867.281
1.0042,-0.0,-0.0,422.831,422.831,6869.467
1.0043,0.0,0.0,422.205,422.205,6871.507
1.0044,0.0,0.0,421.578,421.578,6873.411
1.0045,0.0,0.0,420.95,420.95,6875.188
1.0046,0.0,0.0,420.321,420.321,6876.847
1.0047,0.0,0.0,419.691,419.691,6878.395
1.0048,0.0,0.0,419.06,419.06,6879.84
1.0049,0.0,0.0,418.428,418.428,6881.189
1.005,0.0,0.0,417.795,417.795,6882.447
1.0051,0.0,0.0,417.16,417.16,6883.735
1.0052,0.0,0.0,416.525,416.525,6884.824
1.0053,0.0,0.0,415.888,415.888,6885.84
1.0054,0.0,0.0,415.251,415.251,6886.788
1.0055,0.0,0.0,414.612,414.612,6887.672
1.0056,0.0,0.0,413.972,413.972,6888.498
1.0057,0.0,0.0,413.332,413.332,6889.269
1.0058,0.0,0.0,412.69,412.69,6889.918
1.0059,0.0,0.0,412.047,412.047,6890.659
1.006,0.0,0.0,411.403,411.403,6891.224
1.0061,0.0,0.0,410.758,410.758,6891.869
1.0062,0.0,0.0,410.112,410.112,6892.361
1.0063,0.0,0.0,409.465,409.465,6892.874
1.0064,0.0,0.0,408.817,408.817,6893.352
1.0065,0.0,0.0,408.167,408.167,6893.798
1.0066,0.0,0.0,407.517,407.517,6894.214
1.0067,0.0,0.0,406.866,406.866,6894.602
1.0068,0.0,0.0,406.213,406.213,6894.965
1.0069,0.0,0.0,405.56,405.56,6895.303
1.007,0.0,0.0,404.905,404.905,6895.618
1.0071,0.0,0.0,404.249,404.249,6895.941
1.0072,0.0,0.0,403.592,403.592,6896.213
1.0073,0.0,0.0,402.934,402.934,6896.468
1.0074,0.0,0.0,402.275,402.275,6896.705
1.0075,0.0,0.0,401.615,401.615,6896.927
1.0076,0.0,0.0,400.954,400.954,6897.133
1.0077,0.0,0.0,400.292,400.292,6897.326
1.0078,0.0,0.0,399.628,399.628,6897.506
1.0079,0.0,0.0,398.964,398.964,6897.657
1.008,0.0,0.0,398.298,398.298,6897.83
1.0081,0.0,0.0,397.631,397.631,6897.962
1.0082,0.0,0.0,396.963,396.963,6898.113
1.0083,0.0,0.0,396.294,396.294,6898.227
1.0084,0.0,0.0,395.624,395.624,6898.347
1.0085,0.0,0.0,394.953,394.953,6898.458
1.0086,0.0,0.0,394.28,394.28,6898.562
1.0087,0.0,0.0,393.606,393.606,6898.659
1.0088,0.0,0.0,392.932,392.932,6898.749
1.0089,0.0,0.0,392.256,392.256,6898.834
1.009,0.0,0.0,391.578,391.578,6898.912
1.0091,0.0,0.0,390.9,390.9,6898.993
1.0092,0.0,0.0,390.22,390.22,6899.061
1.0093,0.0,0.0,389.54,389.54,6899.124
1.0094,0.0,0.0,388.858,388.858,6899.183
1.0095,0.0,0.0,388.175,388.175,6899.238
1.0096,0.0,0.0,387.49,387.49,6899.29
1.0097,0.0,0.0,386.805,386.805,6899.338
1.0098,0.0,0.0,386.118,386.118,6899.378
1.0099,0.0,0.0,385.43,385.43,6899.424
1.01,0.0,0.0,384.741,384.741,6899.459
1.0101,0.0,0.0,384.05,384.05,6899.499
1.0102,-0.0,-0.0,383.359,383.359,6899.53
1.0103,-0.0,-0.0,382.666,382.666,6899.562
1.0104,-0.0,-0.0,381.971,381.971,6899.591
1.0105,-0.0,-0.0,381.276,381.276,6899.619
1.0106,-0.0,-0.0,380.579,380.579,6899.645
1.0107,-0.0,-0.0,379.881,379.881,6899.669
1.0108,-0.0,-0.0,379.182,379.182,6899.691
1.0109,-0.0,-0.0,378.481,378.481,6899.712
1.011,-0.0,-0.0,377.779,377.779,6899.732
1.0111,-0.0,-0.0,377.076,377.076,6899.752
1.0112,-0.0,-0.0,376.371,376.371,6899.768
1.0113,-0.0,-0.0,375.665,375.665,6899.784
1.0114,-0.0,-0.0,374.958,374.958,6899.799
1.0115,-0.0,-0.0,374.25,374.25,6899.812
1.0116,-0.0,-0.0,373.54,373.54,6899.825
1.0117,-0.0,-0.0,372.829,372.829,6899.837
1.0118,-0.0,-0.0,372.116,372.116,6899.848
1.0119,-0.0,-0.0,371.402,371.402,6899.857
1.012,-0.059,-0.059,370.687,370.687,6899.868
1.0121,-0.815,-0.815,369.97,369.97,6899.876
1.0122,0.0,0.0,369.252,369.252,6899.885
1.0123,0.0,0.0,368.533,368.533,6899.892
1.0124,0.0,0.0,367.812,367.812,6899.9
1.0125,0.0,0.0,367.09,367.09,6899.906
1.0126,0.0,0.0,366.366,366.366,6899.913
1.0127,0.0,0.0,365.641,365.641,6899.919
1.0128,0.0,0.0,364.914,364.914,6899.924
1.0129,0.0,0.0,364.186,364.186,6899.929
1.013,0.0,0.0,363.457,363.457,6899.934
1.0131,0.0,0.0,362.726,362.726,6899.939
1.0132,0.0,0.0,361.993,361.993,6899.943
1.0133,0.0,0.0,361.259,361.259,6899.947
1.0134,0.0,0.0,360.524,360.524,6899.951
1.0135,0.0,0.0,359.787,359.787,6899.954
1.0136,0.0,0.0,359.048,359.048,6899.957
1.0137,0.0,0.0,358.308,358.308,6899.96
1.0138,-0.0,-0.0,357.567,357.567,6899.963
1.0139,-0.0,-0.0,356.824,356.824,6899.965
1.014,-0.0,-0.0,356.079,356.079,6899.968
1.0141,-0.0,-0.0,355.333,355.333,6899.97
1.0142,-0.0,-0.0,354.585,354.585,6899.972
1.0143,-0.0,-0.0,353.836,353.836,6899.974
1.0144,-0.0,-0.0,353.085,353.085,6899.976
1.0145,-0.0,-0.0,352.333,352.333,6899.977
1.0146,-0.0,-0.0,351.579,351.579,6897.207
1.0147,-0.0,-0.0,350.826,350.826,6872.561
1.0148,-0.0,-0.0,350.077,350.077,6823.566
1.0149,-0.0,-0.0,349.334,349.334,6751.6
1.015,-0.0,-0.0,348.6,348.6,6658.068
1.0151,-0.0,-0.0,347.877,347.877,6544.396
1.0152,-0.0,-0.0,347.167,347.167,6397.811
1.0153,-0.0,-0.0,346.472,346.472,6246.53
1.0154,-0.0,-0.0,345.793,345.793,6079.571
1.0155,-0.0,-0.0,345.133,345.133,5898.363
1.0156,-0.0,-0.0,344.493,344.493,5704.318
1.0157,-0.0,-0.0,343.874,343.874,5498.829
1.0158,-0.0,-0.0,343.278,343.278,5283.257
1.0159,-0.0,-0.0,342.705,342.705,5081.726
1.016,-0.0,-0.0,342.156,342.156,4827.166
1.0161,-0.0,-0.0,341.633,341.633,4613.241
1.0162,-0.0,-0.0,341.136,341.136,4346.256
1.0163,-0.0,-0.0,340.665,340.665,4124.316
1.0164,-0.0,-0.0,340.221,340.221,3875.092
1.0165,-0.0,-0.0,339.804,339.804,3624.148
1.0166,-0.0,-0.0,339.415,339.415,3372.506
1.0167,-0.0,-0.0,339.053,339.053,3121.141
1.0168,-0.0,-0.0,338.719,338.719,2870.971
1.0169,-0.0,-0.0,338.412,338.412,2622.86
1.017,-0.0,-0.0,338.132,338.132,2377.619
1.0171,-0.0,-0.0,337.879,337.879,2136.003
1.0172,-0.0,-0.0,337.653,337.653,1875.247
1.0173,-0.0,-0.0,337.452,337.452,1643.462
1.0174,-0.0,-0.0,337.277,337.277,1417.299
1.0175,-0.0,-0.0,337.127,337.127,1197.296
1.0176,-0.0,-0.0,337.001,337.001,983.936
1.0177,-0.0,-0.0,336.899,336.899,777.655
1.0178,-0.0,-0.0,336.819,336.819,598.373
1.0179,-0.0,-0.0,336.761,336.761,387.821
1.018,-0.0,-0.0,336.725,336.725,222.82
1.0181,-0.0,-0.0,336.708,336.708,30.317
1.0182,-0.0,-0.0,336.707,336.707,0.0
1.0183,-0.0,-0.0,336.707,336.707,0.0
1.0184,-0.0,-0.0,336.707,336.707,0.0
1.0185,-0.0,-0.0,336.706,336.706,0.0
1.0186,-0.0,-0.0,336.706,336.706,0.0
1.0187,-0.0,-0.0,336.706,336.706,0.0
1.0188,-0.0,-0.0,336.705,336.705,0.0
1.0189,-0.0,-0.0,336.705,336.705,0.0
1.019,-0.0,-0.0,336.705,336.705,0.0
1.0191,-0.0,-0.0,336.705,336.705,0.0
1.0192,-0.0,-0.0,336.704,336.704,0.0
1.0193,-0.0,-0.0,336.704,336.704,0.0
1.0194,-0.0,-0.0,336.704,336.704,0.0
1.0195,-0.0,-0.0,336.704,336.704,0.0
1.0196,-0.0,-0.0,336.703,336.703,0.0
1.0197,-0.0,-0.0,336.703,336.703,0.0
1.0198,-0.0,-0.0,336.703,336.703,0.0
1.0199,-0.0,-0.0,336.702,336.702,0.0
1.02,-0.0,-0.0,336.702,336.702,0.0
1.0201,-0.0,-0.0,336.702,336.702,0.0
1.0202,-0.0,-0.0,336.702,336.702,0.0
1.0203,0.0,0.0,336.701,336.701,0.0
1.0204,0.0,0.0,336.701,336.701,0.0
1.0205,0.0,0.0,336.701,336.701,0.0
1.0206,0.0,0.0,336.701,336.701,0.0
1.0207,0.0,0.0,336.7,336.7,0.0
1.0208,0.0,0.0,336.7,336.7,0.0
1.0209,0.0,0.0,336.7,336.7,0.0
1.021,0.0,0.0,336.699,336.699,0.0
1.0211,0.0,0.0,336.699,336.699,0.0
1.0212,0.0,0.0,336.699,336.699,0.0
1.0213,0.0,0.0,336.699,336.699,0.0
1.0214,0.0,0.0,336.698,336.698,0.0
1.0215,0.0,0.0,336.698,336.698,0.0
1.0216,0.0,0.0,336.698,336.698,0.0
1.0217,0.0,0.0,336.697,336.697,0.0
1.0218,0.0,0.0,336.697,336.697,0.0
1.0219,0.0,0.0,336.697,336.697,0.0
1.022,0.0,0.0,336.697,336.697,0.0
1.0221,0.009,0.009,336.696,336.696,0.0
1.0222,-0.0,-0.0,336.696,336.696,0.0
1.0223,-0.0,-0.0,336.696,336.696,0.0
1.0224,-0.0,-0.0,336.695,336.695,0.0
1.0225,-0.0,-0.0,336.695,336.695,0.0
1.0226,-0.0,-0.0,336.695,336.695,0.0
1.0227,-0.0,-0.0,336.695,336.695,0.0
1.0228,-0.0,-0.0,336.694,336.694,0.0
1.0229,-0.0,-0.0,336.694,336.694,0.0
1.023,-0.0,-0.0,336.694,336.694,0.0
1.0231,-0.0,-0.0,336.694,336.694,0.0
1.0232,-0.0,-0.0,336.693,336.693,0.0
1.0233,-0.0,-0.0,336.693,336.693,0.0
1.0234,-0.0,-0.0,336.693,336.693,0.0
1.0235,-0.0,-0.0,336.692,336.692,0.0
1.0236,-0.0,-0.0,336.692,336.692,0.0
1.0237,-0.0,-0.0,336.692,336.692,0.0
1.0238,0.0,0.0,336.692,336.692,0.0
1.0239,0.0,0.0,336.691,336.691,0.0
1.024,0.0,0.0,336.691,336.691,0.0
1.0241,0.0,0.0,336.691,336.691,0.0
1.0242,0.0,0.0,336.69,336.69,0.0
1.0243,0.0,0.0,336.69,336.69,0.0
1.0244,0.0,0.0,336.69,336.69,0.0
1.0245,0.0,0.0,336.69,336.69,0.0
1.0246,0.0,0.0,336.689,336.689,0.0
1.0247,0.0,0.0,336.689,336.689,0.0
1.0248,0.0,0.0,336.689,336.689,0.0
1.0249,0.0,0.0,336.689,336.689,0.0
1.025,0.0,0.0,336.688,336.688,0.0
1.0251,0.0,0.0,336.688,336.688,0.0
1.0252,0.0,0.0,336.688,336.688,0.0
1.0253,0.0,0.0,336.687,336.687,0.0
1.0254,0.0,0.0,336.687,336.687,0.0
1.0255,0.0,0.0,336.687,336.687,0.0
1.0256,0.0,0.0,336.687,336.687,0.0
1.0257,0.0,0.0,336.686,336.686,0.0
1.0258,0.0,0.0,336.686,336.686,0.0
1.0259,0.0,0.0,336.686,336.686,0.0
1.026,0.0,0.0,336.686,336.686,0.0
1.0261,0.0,0.0,336.685,336.685,0.0
1.0262,0.0,0.0,336.685,336.685,0.0
1.0263,0.0,0.0,336.685,336.685,0.0
1.0264,0.0,0.0,336.684,336.684,0.0
1.0265,0.0,0.0,336.684,336.684,0.0
1.0266,0.0,0.0,336.684,336.684,0.0
1.0267,0.0,0.0,336.684,336.684,0.0
1.0268,0.0,0.0,336.683,336.683,0.0
1.0269,0.0,0.0,336.683,336.683,0.0
1.027,0.0,0.0,336.683,336.683,0.0
1.0271,0.0,0.0,336.683,336.683,0.0
1.0272,0.0,0.0,336.682,336.682,0.0
1.0273,0.0,0.0,336.682,336.682,0.0
1.0274,0.0,0.0,336.682,336.682,0.0
1.0275,0.0,0.0,336.681,336.681,0.0
1.0276,0.0,0.0,336.681,336.681,0.0
1.0277,0.0,0.0,336.681,336.681,0.0
1.0278,0.0,0.0,336.681,336.681,0.0
1.0279,0.0,0.0,336.68,336.68,0.0
1.028,0.0,0.0,336.68,336.68,0.0
1.0281,0.0,0.0,336.68,336.68,0.0
1.0282,0.0,0.0,336.68,336.68,0.0
1.0283,0.0,0.0,336.679,336.679,0.0
1.0284,0.0,0.0,336.679,336.679,0.0
1.0285,24.042,24.042,336.679,336.679,0.0
1.0286,15.249,15.249,337.438,337.438,0.0
1.0287,5.561,5.561,337.84,337.84,0.0
1.0288,0.474,0.474,337.941,337.941,0.0
1.0289,1.161,1.161,337.971,337.971,0.0
1.029,1.103,1.103,338.008,338.008,0.0
1.0291,1.021,1.021,338.046,338.046,0.0
1.0292,1.021,1.021,338.087,338.087,0.0
1.0293,1.077,1.077,338.133,338.133,0.0
1.0294,1.065,1.065,338.179,338.179,0.0
1.0295,1.278,1.278,338.227,338.227,0.0
1.0296,1.394,1.394,338.276,338.276,0.0
1.0297,1.619,1.619,338.327,338.327,0.0
1.0298,1.8,1.8,338.381,338.381,0.0
1.0299,1.949,1.949,338.439,338.439,0.0
1.03,1.848,1.848,338.495,338.495,0.0
1.0301,2.017,2.017,338.546,338.546,0.0
1.0302,2.291,2.291,338.601,338.601,0.0
1.0303,2.334,2.334,338.659,338.659,0.0
1.0304,2.259,2.259,338.72,338.72,0.0
1.0305,1.976,1.976,338.775,338.775,0.0
1.0306,1.813,1.813,338.819,338.819,0.0
1.0307,1.742,1.742,338.857,338.857,0.0
1.0308,1.848,1.848,338.89,338.89,0.0
1.0309,1.687,1.687,338.921,338.921,0.0
1.031,1.477,1.477,338.946,338.946,0.0
1.0311,1.394,1.394,338.963,338.963,0.0
1.0312,1.448,1.448,338.979,338.979,0.0
1.0313,1.397,1.397,338.991,338.991,0.0
1.0314,1.214,1.214,339.002,339.002,0.0
1.0315,0.938,0.938,339.011,339.011,0.0
1.0316,0.684,0.684,339.017,339.017,0.0
1.0317,0.404,0.404,339.021,339.021,0.0
1.0318,0.063,0.063,339.023,339.023,0.0
1.0319,0.509,0.509,339.027,339.027,0.0
1.032,0.897,0.897,339.027,339.027,0.0
1.0321,0.0,0.0,339.027,339.027,0.0
1.0322,-0.219,-0.219,339.028,339.028,0.0
1.0323,-0.899,-0.899,339.031,339.031,0.0
1.0324,-0.94,-0.94,339.035,339.035,0.0
1.0325,-1.186,-1.186,339.043,339.043,0.0
1.0326,-1.439,-1.439,339.052,339.052,0.0
1.0327,-2.104,-2.104,339.067,339.067,0.0
1.0328,-2.664,-2.664,339.087,339.087,0.0
1.0329,-3.17,-3.17,339.117,339.117,0.0
1.033,-3.513,-3.513,339.154,339.154,0.0
1.0331,-4.137,-4.137,339.196,339.196,0.0
1.0332,-5.217,-5.217,339.248,339.248,0.0
1.0333,-6.188,-6.188,339.322,339.322,0.0
1.0334,-7.062,-7.062,339.425,339.425,0.0
1.0335,-7.52,-7.52,339.555,339.555,0.0
1.0336,-8.042,-8.042,339.696,339.696,0.0
1.0337,-8.862,-8.862,339.853,339.853,0.0
1.0338,-9.887,-9.887,340.036,340.036,0.0
1.0339,-10.867,-10.867,340.257,340.257,0.0
1.034,-11.445,-11.445,340.509,340.509,0.0
1.0341,-12.0,-12.0,340.779,340.779,0.0
1.0342,-12.84,-12.84,341.065,341.065,0.0
1.0343,-13.838,-13.838,341.379,341.379,0.0
1.0344,-14.866,-14.866,341.728,341.728,0.0
1.0345,-15.674,-15.674,342.115,342.115,1.971
1.0346,-16.557,-16.557,342.536,342.536,15.508
1.0347,-17.358,-17.358,342.993,342.993,42.318
1.0348,-18.125,-18.125,343.481,343.481,82.866
1.0349,-18.906,-18.906,343.997,343.997,137.459
1.035,-19.804,-19.804,344.546,344.546,206.341
1.0351,-20.665,-20.665,345.126,345.126,289.932
1.0352,-21.319,-21.319,345.742,345.742,388.606
1.0353,-21.881,-21.881,346.374,346.374,514.874
1.0354,-22.421,-22.421,347.01,347.01,645.356
1.0355,-23.285,-23.285,347.655,347.655,790.236
1.0356,-24.152,-24.152,348.313,348.313,949.297
1.0357,-24.677,-24.677,349.0,349.0,1122.548
1.0358,-25.143,-25.143,349.692,349.692,1309.977
1.0359,-25.782,-25.782,350.373,350.373,1510.898
1.036,-26.467,-26.467,351.067,351.067,1724.642
1.0361,-27.105,-27.105,351.765,351.765,1927.869
1.0362,-27.685,-27.685,352.486,352.486,2189.942
1.0363,-27.914,-27.914,353.211,353.211,2415.701
1.0364,-28.203,-28.203,353.911,353.911,2704.55
1.0365,-28.583,-28.583,354.604,354.604,2950.416
1.0366,-28.831,-28.831,355.273,355.273,3233.006
1.0367,-29.367,-29.367,355.925,355.925,3524.244
1.0368,-29.469,-29.469,356.565,356.565,3823.507
1.0369,-29.787,-29.787,357.158,357.158,4129.583
1.037,-30.154,-30.154,357.738,357.738,4440.97
1.0371,-30.098,-30.098,358.284,358.284,4756.957
1.0372,-30.664,-30.664,358.79,358.79,5075.984
1.0373,-30.741,-30.741,359.288,359.288,5429.389
1.0374,-30.923,-30.923,359.748,359.748,5752.04
1.0375,-30.922,-30.922,360.193,360.193,6074.995
1.0376,-30.81,-30.81,360.596,360.596,6396.223
1.0377,-30.88,-30.88,360.95,360.95,6630.287
1.0378,-30.798,-30.798,361.293,361.293,6767.265
1.0379,-30.964,-30.964,361.614,361.614,6846.636
1.038,-30.876,-30.876,361.935,361.935,6888.479
1.0381,-30.515,-30.515,362.234,362.234,6917.127
1.0382,-30.372,-30.372,362.489,362.489,6929.562
1.0383,-30.141,-30.141,362.73,362.73,6937.056
1.0384,-30.128,-30.128,362.948,362.948,6939.476
1.0385,-29.873,-29.873,363.164,363.164,6939.94
1.0386,-29.572,-29.572,363.358,363.358,6939.074
1.0387,-29.187,-29.187,363.521,363.521,6937.5
1.0388,-28.86,-28.86,363.662,363.662,6935.582
1.0389,-28.539,-28.539,363.783,363.783,6933.529
1.039,-28.14,-28.14,363.886,363.886,6931.458
1.0391,-27.541,-27.541,363.965,363.965,6929.437
1.0392,-26.923,-26.923,364.008,364.008,6927.5
1.0393,-26.334,-26.334,364.011,364.011,6925.664
1.0394,-25.728,-25.728,363.974,363.974,6923.768
1.0395,-25.243,-25.243,363.895,363.895,6922.156
1.0396,-24.796,-24.796,363.785,363.785,6920.65
1.0397,-24.182,-24.182,363.652,363.652,6919.242
1.0398,-23.376,-23.376,363.488,363.488,6917.93
1.0399,-22.393,-22.393,363.278,363.278,6916.705
1.04,-21.77,-21.77,363.02,363.02,6915.564
1.0401,-21.244,-21.244,362.736,362.736,6914.604
1.0402,-20.558,-20.558,362.441,362.441,6913.51
1.0403,-19.34,-19.34,362.127,362.127,6912.676
1.0404,-18.06,-18.06,361.754,361.754,6911.727
1.0405,-17.168,-17.168,361.323,361.323,6911.003
1.0406,-16.295,-16.295,360.855,360.855,6910.251
1.0407,-15.612,-15.612,360.363,360.363,6909.551
1.0408,-14.517,-14.517,359.854,359.854,6908.898
1.0409,-13.077,-13.077,359.308,359.308,6908.291
1.041,-12.233,-12.233,358.722,358.722,6907.724
1.0411,-11.08,-11.08,358.117,358.117,6907.196
1.0412,-10.194,-10.194,357.489,357.489,6906.705
1.0413,-8.869,-8.869,356.847,356.847,6906.247
1.0414,-7.381,-7.381,356.18,356.18,6905.779
1.0415,-6.145,-6.145,355.487,355.487,6905.384
1.0416,-4.713,-4.713,354.776,354.776,6905.016
1.0417,-3.518,-3.518,354.048,354.048,6904.673
1.0418,-2.169,-2.169,353.309,353.309,6904.353
1.0419,-0.895,-0.895,352.561,352.561,6904.055
1.042,-0.114,-0.114,351.808,351.808,6903.512
1.0421,-0.0,-0.0,351.054,351.054,6883.234
1.0422,1.264,1.264,350.304,350.304,6844.396
1.0423,2.006,2.006,349.562,349.562,6771.37
1.0424,2.899,2.899,348.832,348.832,6692.008
1.0425,4.37,4.37,348.117,348.117,6584.601
1.0426,5.631,5.631,347.426,347.426,6458.565
1.0427,7.453,7.453,346.762,346.762,6315.697
1.0428,8.881,8.881,346.138,346.138,6157.981
1.0429,10.257,10.257,345.55,345.55,5987.531
1.043,12.076,12.076,344.995,344.995,5806.181
1.0431,13.974,13.974,344.496,344.496,5615.871
1.0432,15.992,15.992,344.058,344.058,5419.064
1.0433,17.724,17.724,343.704,343.704,5218.461
1.0434,19.097,19.097,343.409,343.409,4996.752
1.0435,20.914,20.914,343.155,343.155,4796.097
1.0436,23.035,23.035,342.965,342.965,4597.965
1.0437,25.171,25.171,342.866,342.866,4404.818
1.0438,26.904,26.904,342.874,342.874,4219.748
1.0439,28.451,28.451,342.96,342.96,4045.479
1.044,30.076,30.076,343.099,343.099,3883.661
1.0441,32.02,32.02,343.303,343.303,3749.635
1.0442,33.905,33.905,343.591,343.591,3602.724
1.0443,35.546,35.546,343.975,343.975,3498.224
1.0444,37.23,37.23,344.44,344.44,3392.054
1.0445,38.958,38.958,344.982,344.982,3324.218
1.0446,40.539,40.539,345.607,345.607,3270.405
1.0447,42.177,42.177,346.303,346.303,3240.734
1.0448,43.663,43.663,347.073,347.073,3236.377
1.0449,45.124,45.124,347.915,347.915,3258.504
1.045,46.663,46.663,348.834,348.834,3308.213
1.0451,47.922,47.922,349.825,349.825,3386.785
1.0452,49.014,49.014,350.858,350.858,3494.932
1.0453,50.37,50.37,351.91,351.91,3632.302
1.0454,51.401,51.401,353.017,353.017,3816.898
1.0455,52.801,52.801,354.166,354.166,4015.382
1.0456,53.767,53.767,355.372,355.372,4243.734
1.0457,54.492,54.492,356.587,356.587,4501.819
1.0458,55.526,55.526,357.792,357.792,4788.162
1.0459,56.276,56.276,359.024,359.024,5101.947
1.046,57.25,57.25,360.269,360.269,5407.386
1.0461,57.932,57.932,361.554,361.554,5810.265
1.0462,58.388,58.388,362.821,362.821,6163.723
1.0463,59.092,59.092,364.058,364.058,6528.603
1.0464,59.412,59.412,365.316,365.316,6703.416
1.0465,59.926,59.926,366.571,366.571,6819.055
1.0466,60.336,60.336,367.868,367.868,6884.826
1.0467,60.301,60.301,369.17,369.17,6921.275
1.0468,60.715,60.715,370.455,370.455,6940.582
1.0469,60.658,60.658,371.766,371.766,6949.948
1.047,60.815,60.815,373.051,373.051,6953.613
1.0471,60.827,60.827,374.366,374.366,6954.064
1.0472,60.434,60.434,375.677,375.677,6952.754
1.0473,60.512,60.512,376.968,376.968,6950.526
1.0474,60.009,60.009,378.272,378.272,6947.588
1.0475,59.679,59.679,379.524,379.524,6944.765
1.0476,59.381,59.381,380.764,380.764,6941.951
1.0477,58.785,58.785,381.981,381.981,6939.223
1.0478,58.379,58.379,383.173,383.173,6936.622
1.0479,57.684,57.684,384.344,384.344,6934.165
1.048,56.911,56.911,385.456,385.456,6931.856
1.0481,56.389,56.389,386.52,386.52,6929.905
1.0482,55.617,55.617,387.548,387.548,6927.677
1.0483,54.905,54.905,388.545,388.545,6925.976
1.0484,53.924,53.924,389.507,389.507,6924.038
1.0485,52.879,52.879,390.407,390.407,6922.56
1.0486,51.923,51.923,391.245,391.245,6921.025
1.0487,50.961,50.961,392.031,392.031,6919.595
1.0488,49.941,49.941,392.778,392.778,6918.262
1.0489,48.949,48.949,393.473,393.473,6917.021
1.049,47.669,47.669,394.116,394.116,6915.865
1.0491,46.562,46.562,394.691,394.691,6914.787
1.0492,45.352,45.352,395.21,395.21,6913.784
1.0493,43.998,43.998,395.671,395.671,6912.849
1.0494,42.746,42.746,396.072,396.072,6911.894
1.0495,41.557,41.557,396.418,396.418,6911.088
1.0496,40.09,40.09,396.719,396.719,6910.337
1.0497,38.576,38.576,396.951,396.951,6909.637
1.0498,37.192,37.192,397.101,397.101,6908.985
1.0499,35.849,35.849,397.191,397.191,6908.377
1.05,34.51,34.51,397.24,397.24,6907.81
1.0501,33.056,33.056,397.259,397.259,6907.282
1.0502,31.222,31.222,397.22,397.22,6906.838
1.0503,29.527,29.527,397.091,397.091,6906.331
1.0504,28.209,28.209,396.898,396.898,6905.945
1.0505,26.749,26.749,396.673,396.673,6905.505
1.0506,25.262,25.262,396.426,396.426,6905.169
1.0507,23.126,23.126,396.141,396.141,6904.82
1.0508,21.267,21.267,395.783,395.783,6904.495
1.0509,19.657,19.657,395.377,395.377,6904.192
1.051,18.127,18.127,394.928,394.928,6903.909
1.0511,16.431,16.431,394.454,394.454,6903.645
1.0512,14.561,14.561,393.945,393.945,6903.399
1.0513,12.601,12.601,393.394,393.394,6903.17
1.0514,10.826,10.826,392.812,392.812,6902.956
1.0515,9.124,9.124,392.202,392.202,6902.737
1.0516,7.448,7.448,391.573,391.573,6902.553
1.0517,5.594,5.594,390.928,390.928,6902.38
1.0518,3.675,3.675,390.268,390.268,6902.22
1.0519,1.805,1.805,389.595,389.595,6902.07
1.052,0.226,0.226,388.915,388.915,6901.93
1.0521,0.0,0.0,388.232,388.232,6901.813
1.0522,-1.418,-1.418,387.548,387.548,6901.678
1.0523,-2.706,-2.706,386.864,386.864,6901.576
1.0524,-3.704,-3.704,386.185,386.185,6901.459
1.0525,-5.201,-5.201,385.511,385.511,6901.37
1.0526,-6.987,-6.987,384.851,384.851,6901.278
1.0527,-8.487,-8.487,384.208,384.208,6901.191
1.0528,-10.255,-10.255,383.577,383.577,6901.111
1.0529,-12.484,-12.484,382.964,382.964,6901.036
1.053,-14.432,-14.432,382.38,382.38,6900.966
1.0531,-16.521,-16.521,381.834,381.834,6900.9
1.0532,-18.292,-18.292,381.328,381.328,6900.839
1.0533,-19.994,-19.994,380.841,380.841,6900.782
1.0534,-22.225,-22.225,380.379,380.379,6900.729
1.0535,-24.523,-24.523,379.97,379.97,6900.675
1.0536,-26.772,-26.772,379.64,379.64,6900.629
1.0537,-28.627,-28.627,379.387,379.387,6900.587
1.0538,-30.237,-30.237,379.179,379.179,6900.547
1.0539,-32.107,-32.107,379.008,379.008,6900.51
1.054,-34.11,-34.11,378.896,378.896,6900.475
1.0541,-36.166,-36.166,378.857,378.857,6900.443
1.0542,-37.935,-37.935,378.893,378.893,6900.416
1.0543,-39.646,-39.646,378.986,378.986,6900.385
1.0544,-41.365,-41.365,379.134,379.134,6900.361
1.0545,-43.117,-43.117,379.344,379.344,6900.334
1.0546,-44.776,-44.776,379.623,379.623,6900.314
1.0547,-46.509,-46.509,379.975,379.975,6900.292
1.0548,-48.134,-48.134,380.412,380.412,6900.272
1.0549,-49.626,-49.626,380.934,380.934,6900.254
1.055,-51.005,-51.005,381.526,381.526,6900.237
1.0551,-52.098,-52.098,382.176,382.176,6900.22
1.0552,-53.44,-53.44,382.88,382.88,6900.205
1.0553,-54.897,-54.897,383.645,383.645,6900.191
1.0554,-56.0,-56.0,384.5,384.5,6900.178
1.0555,-56.759,-56.759,385.41,385.41,6900.165
1.0556,-57.655,-57.655,386.334,386.334,6900.154
1.0557,-58.709,-58.709,387.299,387.299,6900.143
1.0558,-59.56,-59.56,388.312,388.312,6900.134
1.0559,-60.367,-60.367,389.399,389.399,6900.124
1.056,-60.905,-60.905,390.537,390.537,6900.116
1.0561,-61.376,-61.376,391.687,391.687,6900.109
1.0562,-62.012,-62.012,392.871,392.871,6900.101
1.0563,-62.332,-62.332,394.088,394.088,6900.094
1.0564,-62.736,-62.736,395.35,395.35,6900.087
1.0565,-62.876,-62.876,396.641,396.641,6900.082
1.0566,-62.968,-62.968,397.918,397.918,6900.076
1.0567,-62.881,-62.881,399.212,399.212,6900.071
1.0568,-62.675,-62.675,400.49,400.49,6900.066
1.0569,-62.899,-62.899,401.757,401.757,6900.062
1.057,-62.679,-62.679,403.046,403.046,6900.058
1.0571,-62.384,-62.384,404.31,404.31,6900.054
1.0572,-62.051,-62.051,405.58,405.58,6900.05
1.0573,-61.545,-61.545,406.827,406.827,6900.047
1.0574,-61.248,-61.248,408.044,408.044,6900.044
1.0575,-60.684,-60.684,409.264,409.264,6900.04
1.0576,-60.189,-60.189,410.449,410.449,6900.038
1.0577,-59.32,-59.32,411.636,411.636,6900.035
1.0578,-58.384,-58.384,412.773,412.773,6900.033
1.0579,-57.742,-57.742,413.844,413.844,6900.03
1.058,-56.847,-56.847,414.89,414.89,6900.028
1.0581,-56.084,-56.084,415.884,415.884,6900.026
1.0582,-55.033,-55.033,416.857,416.857,6900.025
1.0583,-53.909,-53.909,417.774,417.774,6900.023
1.0584,-52.908,-52.908,418.619,418.619,6900.022
1.0585,-51.877,-51.877,419.42,419.42,6900.02
1.0586,-50.893,-50.893,420.174,420.174,6900.019
1.0587,-49.671,-49.671,420.896,420.896,6900.018
1.0588,-48.351,-48.351,421.565,421.565,6900.016
1.0589,-47.009,-47.009,422.173,422.173,6900.015
1.059,-45.842,-45.842,422.723,422.723,6900.014
1.0591,-44.602,-44.602,423.223,423.223,6900.013
1.0592,-43.204,-43.204,423.674,423.674,6900.012
1.0593,-41.848,-41.848,424.069,424.069,6900.012
1.0594,-40.58,-40.58,424.408,424.408,6900.011
1.0595,-39.023,-39.023,424.691,424.691,6900.01
1.0596,-37.516,-37.516,424.903,424.903,6900.009
1.0597,-36.077,-36.077,425.047,425.047,6900.009
1.0598,-34.801,-34.801,425.138,425.138,6900.008
1.0599,-33.351,-33.351,425.197,425.197,6900.008
1.06,-31.733,-31.733,425.214,425.214,6900.007
1.0601,-29.929,-29.929,425.163,425.163,6900.007
1.0602,-28.513,-28.513,425.042,425.042,6900.006
1.0603,-27.232,-27.232,424.881,424.881,6900.006
1.0604,-26.024,-26.024,424.7,424.7,6900.005
1.0605,-24.057,-24.057,424.5,424.5,6900.005
1.0606,-22.048,-22.048,424.233,424.233,6900.005
1.0607,-20.545,-20.545,423.9,423.9,6900.004
1.0608,-18.849,-18.849,423.526,423.526,6900.004
1.0609,-17.562,-17.562,423.113,423.113,6900.004
1.061,-15.873,-15.873,422.676,422.676,6900.004
1.0611,-13.961,-13.961,422.201,422.201,6900.003
1.0612,-12.463,-12.463,421.687,421.687,6900.003
1.0613,-11.012,-11.012,421.15,421.15,6900.003
1.0614,-9.583,-9.583,420.594,420.594,6900.003
1.0615,-7.878,-7.878,420.023,420.023,6900.002
1.0616,-6.081,-6.081,419.433,419.433,6900.002
1.0617,-4.476,-4.476,418.826,418.826,6900.002
1.0618,-2.847,-2.847,418.207,418.207,6900.002
1.0619,-1.305,-1.305,417.578,417.578,6900.002
1.062,-1.106,-1.106,416.943,416.943,6900.002
1.0621,-0.0,-0.0,416.307,416.307,6900.002
1.0622,1.133,1.133,415.668,415.668,6900.002
1.0623,1.855,1.855,415.032,415.032,6900.001
1.0624,3.07,3.07,414.398,414.398,6900.001
1.0625,4.055,4.055,413.772,413.772,6900.001
1.0626,5.172,5.172,413.152,413.152,6900.001
1.0627,6.744,6.744,412.539,412.539,6900.001
1.0628,8.219,8.219,411.941,411.941,6900.001
1.0629,10.023,10.023,411.357,411.357,6900.001
1.063,11.516,11.516,410.8,410.8,6900.001
1.0631,12.755,12.755,410.261,410.261,6900.001
1.0632,14.447,14.447,409.734,409.734,6900.001
1.0633,16.219,16.219,409.238,409.238,6900.001
1.0634,18.068,18.068,408.784,408.784,6900.001
1.0635,19.758,19.758,408.389,408.389,6900.001
1.0636,20.841,20.841,408.032,408.032,6900.001
1.0637,22.334,22.334,407.691,407.691,6900.001
1.0638,23.938,23.938,407.386,407.386,6900.001
1.0639,25.676,25.676,407.131,407.131,6900.0
1.064,27.095,27.095,406.941,406.941,6900.0
1.0641,28.34,28.34,406.798,406.798,6900.0
1.0642,29.772,29.772,406.686,406.686,6900.0
1.0643,31.033,31.033,406.62,406.62,6900.0
1.0644,32.539,32.539,406.599,406.599,6900.0
1.0645,33.817,33.817,406.637,406.637,6900.0
1.0646,35.099,35.099,406.729,406.729,6900.0
1.0647,36.248,36.248,406.877,406.877,6900.0
1.0648,37.358,37.358,407.077,407.077,6900.0
1.0649,38.323,38.323,407.322,407.322,6900.0
1.065,39.329,39.329,407.604,407.604,6900.0
1.0651,40.333,40.333,407.936,407.936,6900.0
1.0652,41.295,41.295,408.324,408.324,6900.0
1.0653,42.103,42.103,408.762,408.762,6900.0
1.0654,42.759,42.759,409.232,409.232,6900.0
1.0655,43.514,43.514,409.725,409.725,6900.0
1.0656,44.176,44.176,410.258,410.258,6900.0
1.0657,44.908,44.908,410.837,410.837,6900.0
1.0658,45.312,45.312,411.468,411.468,6900.0
1.0659,45.498,45.498,412.116,412.116,6900.0
1.066,45.95,45.95,412.769,412.769,6900.0
1.0661,46.306,46.306,413.453,413.453,6900.0
1.0662,46.88,46.88,414.157,414.157,6900.0
1.0663,47.012,47.012,414.911,414.911,6900.0
1.0664,46.987,46.987,415.667,415.667,6900.0
1.0665,47.26,47.26,416.418,416.418,6900.0
1.0666,47.013,47.013,417.189,417.189,6900.0
1.0667,47.185,47.185,417.946,417.946,6900.0
1.0668,46.978,46.978,418.731,418.731,6900.0
1.0669,46.643,46.643,419.506,419.506,6900.0
1.067,46.485,46.485,420.271,420.271,6900.0
1.0671,46.091,46.091,421.037,421.037,6900.0
1.0672,45.795,45.795,421.775,421.775,6900.0
1.0673,45.523,45.523,422.515,422.515,6900.0
1.0674,45.034,45.034,423.241,423.241,6900.0
1.0675,44.56,44.56,423.954,423.954,6900.0
1.0676,43.875,43.875,424.652,424.652,6900.0
1.0677,43.112,43.112,425.307,425.307,6900.0
1.0678,42.731,42.731,425.931,425.931,6900.0
1.0679,41.899,41.899,426.534,426.534,6900.0
1.068,41.246,41.246,427.111,427.111,6900.0
1.0681,40.551,40.551,427.66,427.66,6900.0
1.0682,39.6,39.6,428.169,428.169,6900.0
1.0683,39.007,39.007,428.634,428.634,6900.0
1.0684,38.138,38.138,429.07,429.07,6900.0
1.0685,37.358,37.358,429.479,429.479,6900.0
1.0686,36.311,36.311,429.859,429.859,6900.0
1.0687,35.338,35.338,430.19,430.19,6900.0
1.0688,34.487,34.487,430.476,430.476,6900.0
1.0689,33.482,33.482,430.724,430.724,6900.0
1.069,32.437,32.437,430.934,430.934,6900.0
1.0691,31.604,31.604,431.103,431.103,6900.0
1.0692,30.482,30.482,431.238,431.238,6900.0
1.0693,29.396,29.396,431.329,431.329,6900.0
1.0694,28.242,28.242,431.374,431.374,6900.0
1.0695,27.225,27.225,431.37,431.37,6900.0
1.0696,26.276,26.276,431.325,431.325,6900.0
1.0697,25.268,25.268,431.251,431.251,6900.0
1.0698,24.028,24.028,431.15,431.15,6900.0
1.0699,22.739,22.739,431.003,431.003,6900.0
1.07,21.529,21.529,430.804,430.804,6900.0
1.0701,20.701,20.701,430.564,430.564,6900.0
1.0702,19.83,19.83,430.303,430.303,6900.0
1.0703,18.604,18.604,430.027,430.027,6900.0
1.0704,17.067,17.067,429.713,429.713,6900.0
1.0705,15.703,15.703,429.342,429.342,6900.0
1.0706,14.695,14.695,428.932,428.932,6900.0
1.0707,13.807,13.807,428.495,428.495,6900.0
1.0708,12.698,12.698,428.046,428.046,6900.0
1.0709,11.315,11.315,427.571,427.571,6900.0
1.071,10.201,10.201,427.065,427.065,6900.0
1.0711,9.183,9.183,426.539,426.539,6900.0
1.0712,8.017,8.017,425.994,425.994,6900.0
1.0713,6.911,6.911,425.438,425.438,6900.0
1.0714,5.665,5.665,424.865,424.865,6900.0
1.0715,4.349,4.349,424.275,424.275,6900.0
1.0716,3.427,3.427,423.671,423.671,6900.0
1.0717,2.285,2.285,423.057,423.057,6900.0
1.0718,1.367,1.367,422.435,422.435,6900.0
1.0719,1.901,1.901,421.808,421.808,6900.0
1.072,0.359,0.359,421.179,421.179,6900.0
1.0721,0.0,0.0,420.549,420.549,6900.0
1.0722,-1.407,-1.407,419.917,419.917,6900.0
1.0723,-1.37,-1.37,419.287,419.287,6900.0
1.0724,-1.818,-1.818,418.657,418.657,6900.0
1.0725,-2.533,-2.533,418.03,418.03,6900.0
1.0726,-3.469,-3.469,417.406,417.406,6900.0
1.0727,-4.492,-4.492,416.789,416.789,6900.0
1.0728,-5.525,-5.525,416.184,416.184,6900.0
1.0729,-6.336,-6.336,415.591,415.591,6900.0
1.073,-7.341,-7.341,415.005,415.005,6900.0
1.0731,-8.741,-8.741,414.433,414.433,6900.0
1.0732,-9.879,-9.879,413.885,413.885,6900.0
1.0733,-11.147,-11.147,413.367,413.367,6900.0
1.0734,-11.924,-11.924,412.879,412.879,6900.0
1.0735,-12.588,-12.588,412.4,412.4,6900.0
1.0736,-13.878,-13.878,411.934,411.934,6900.0
1.0737,-15.059,-15.059,411.499,411.499,6900.0
1.0738,-16.458,-16.458,411.105,411.105,6900.0
1.0739,-17.252,-17.252,410.753,410.753,6900.0
1.074,-17.876,-17.876,410.419,410.419,6900.0
1.0741,-18.905,-18.905,410.1,410.1,6900.0
1.0742,-19.974,-19.974,409.813,409.813,6900.0
1.0743,-21.19,-21.19,409.565,409.565,6900.0
1.0744,-22.111,-22.111,409.359,409.359,6900.0
1.0745,-23.025,-23.025,409.19,409.19,6900.0
1.0746,-23.792,-23.792,409.056,409.056,6900.0
1.0747,-24.617,-24.617,408.956,408.956,6900.0
1.0748,-25.412,-25.412,408.891,408.891,6900.0
1.0749,-26.063,-26.063,408.862,408.862,6900.0
1.075,-26.948,-26.948,408.867,408.867,6900.0
1.0751,-27.594,-27.594,408.913,408.913,6900.0
1.0752,-28.087,-28.087,408.987,408.987,6900.0
1.0753,-28.487,-28.487,409.08,409.08,6900.0
1.0754,-29.269,-29.269,409.194,409.194,6900.0
1.0755,-29.949,-29.949,409.338,409.338,6900.0
1.0756,-30.403,-30.403,409.526,409.526,6900.0
1.0757,-30.796,-30.796,409.736,409.736,6900.0
1.0758,-31.053,-31.053,409.957,409.957,6900.0
1.0759,-31.55,-31.55,410.2,410.2,6900.0
1.076,-31.981,-31.981,410.466,410.466,6900.0
1.0761,-32.213,-32.213,410.773,410.773,6900.0
1.0762,-32.235,-32.235,411.097,411.097,6900.0
1.0763,-32.4,-32.4,411.417,411.417,6900.0
1.0764,-32.545,-32.545,411.754,411.754,6900.0
1.0765,-32.551,-32.551,412.092,412.092,6900.0
1.0766,-32.643,-32.643,412.442,412.442,6900.0
1.0767,-32.546,-32.546,412.8,412.8,6900.0
1.0768,-32.505,-32.505,413.145,413.145,6900.0
1.0769,-32.474,-32.474,413.498,413.498,6900.0
1.077,-32.268,-32.268,413.845,413.845,6900.0
1.0771,-32.342,-32.342,414.186,414.186,6900.0
1.0772,-32.051,-32.051,414.536,414.536,6900.0
1.0773,-31.863,-31.863,414.873,414.873,6900.0
1.0774,-31.671,-31.671,415.214,415.214,6900.0
1.0775,-31.196,-31.196,415.544,415.544,6900.0
1.0776,-30.996,-30.996,415.849,415.849,6900.0
1.0777,-30.446,-30.446,416.146,416.146,6900.0
1.0778,-30.054,-30.054,416.416,416.416,6900.0
1.0779,-29.741,-29.741,416.676,416.676,6900.0
1.078,-29.103,-29.103,416.914,416.914,6900.0
1.0781,-28.649,-28.649,417.114,417.114,6900.0
1.0782,-28.134,-28.134,417.296,417.296,6900.0
1.0783,-27.81,-27.81,417.452,417.452,6900.0
1.0784,-27.193,-27.193,417.602,417.602,6900.0
1.0785,-26.537,-26.537,417.722,417.722,6900.0
1.0786,-25.87,-25.87,417.809,417.809,6900.0
1.0787,-25.351,-25.351,417.869,417.869,6900.0
1.0788,-24.696,-24.696,417.907,417.907,6900.0
1.0789,-24.01,-24.01,417.92,417.92,6900.0
1.079,-23.303,-23.303,417.902,417.902,6900.0
1.0791,-22.485,-22.485,417.852,417.852,6900.0
1.0792,-21.908,-21.908,417.768,417.768,6900.0
1.0793,-21.064,-21.064,417.654,417.654,6900.0
1.0794,-20.382,-20.382,417.506,417.506,6900.0
1.0795,-19.895,-19.895,417.33,417.33,6900.0
1.0796,-19.173,-19.173,417.135,417.135,6900.0
1.0797,-18.174,-18.174,416.911,416.911,6900.0
1.0798,-17.327,-17.327,416.647,416.647,6900.0
1.0799,-16.615,-16.615,416.348,416.348,6900.0
1.08,-16.012,-16.012,416.026,416.026,6900.0
1.0801,-15.354,-15.354,415.69,415.69,6900.0
1.0802,-14.382,-14.382,415.337,415.337,6900.0
1.0803,-13.009,-13.009,414.943,414.943,6900.0
1.0804,-12.522,-12.522,414.506,414.506,6900.0
1.0805,-11.797,-11.797,414.05,414.05,6900.0
1.0806,-11.379,-11.379,413.579,413.579,6900.0
1.0807,-10.273,-10.273,413.1,413.1,6900.0
1.0808,-9.047,-9.047,412.59,412.59,6900.0
1.0809,-8.236,-8.236,412.051,412.051,6900.0
1.081,-7.334,-7.334,411.495,411.495,6900.0
1.0811,-6.837,-6.837,410.923,410.923,6900.0
1.0812,-5.779,-5.779,410.342,410.342,6900.0
1.0813,-4.656,-4.656,409.742,409.742,6900.0
1.0814,-3.998,-3.998,409.126,409.126,6900.0
1.0815,-3.086,-3.086,408.5,408.5,6900.0
1.0816,-2.474,-2.474,407.864,407.864,6900.0
1.0817,-1.734,-1.734,407.222,407.222,6900.0
1.0818,-0.967,-0.967,406.574,406.574,6900.0
1.0819,-0.417,-0.417,405.922,405.922,6900.0
1.082,-0.0,-0.0,405.268,405.268,6900.0
1.0821,-0.0,-0.0,404.612,404.612,6900.0
1.0822,0.149,0.149,403.956,403.956,6900.0
1.0823,0.985,0.985,403.3,403.3,6900.0
1.0824,1.69,1.69,402.644,402.644,6900.0
1.0825,2.153,2.153,401.99,401.99,6900.0
1.0826,3.085,3.085,401.341,401.341,6900.0
1.0827,3.781,3.781,400.701,400.701,6900.0
1.0828,4.467,4.467,400.067,400.067,6900.0
1.0829,5.347,5.347,399.439,399.439,6900.0
1.083,6.293,6.293,398.824,398.824,6900.0
1.0831,7.535,7.535,398.225,398.225,6900.0
1.0832,8.509,8.509,397.652,397.652,6900.0
1.0833,9.037,9.037,397.093,397.093,6900.0
1.0834,9.943,9.943,396.541,396.541,6900.0
1.0835,11.178,11.178,396.008,396.008,6900.0
1.0836,12.496,12.496,395.509,395.509,6900.0
1.0837,13.458,13.458,395.051,395.051,6900.0
1.0838,13.999,13.999,394.619,394.619,6900.0
1.0839,14.902,14.902,394.195,394.195,6900.0
1.084,16.083,16.083,393.795,393.795,6900.0
1.0841,17.061,17.061,393.431,393.431,6900.0
1.0842,18.015,18.015,393.105,393.105,6900.0
1.0843,18.854,18.854,392.812,392.812,6900.0
1.0844,19.838,19.838,392.546,392.546,6900.0
1.0845,20.856,20.856,392.315,392.315,6900.0
1.0846,21.738,21.738,392.122,392.122,6900.0
1.0847,22.53,22.53,391.967,391.967,6900.0
1.0848,23.448,23.448,391.85,391.85,6900.0
1.0849,24.164,24.164,391.775,391.775,6900.0
1.085,24.86,24.86,391.733,391.733,6900.0
1.0851,25.565,25.565,391.72,391.72,6900.0
1.0852,26.442,26.442,391.731,391.731,6900.0
1.0853,27.089,27.089,391.778,391.778,6900.0
1.0854,27.929,27.929,391.862,391.862,6900.0
1.0855,28.425,28.425,391.984,391.984,6900.0
1.0856,28.793,28.793,392.127,392.127,6900.0
1.0857,29.502,29.502,392.283,392.283,6900.0
1.0858,29.934,29.934,392.476,392.476,6900.0
1.0859,30.689,30.689,392.702,392.702,6900.0
1.086,30.886,30.886,392.974,392.974,6900.0
1.0861,31.133,31.133,393.257,393.257,6900.0
1.0862,31.548,31.548,393.55,393.55,6900.0
1.0863,31.779,31.779,393.865,393.865,6900.0
1.0864,32.22,32.22,394.188,394.188,6900.0
1.0865,32.377,32.377,394.542,394.542,6900.0
1.0866,32.329,32.329,394.895,394.895,6900.0
1.0867,32.597,32.597,395.244,395.244,6900.0
1.0868,32.635,32.635,395.605,395.605,6900.0
1.0869,32.742,32.742,395.96,395.96,6900.0
1.087,32.732,32.732,396.334,396.334,6900.0
1.0871,32.601,32.601,396.706,396.706,6900.0
1.0872,32.76,32.76,397.081,397.081,6900.0
1.0873,32.581,32.581,397.465,397.465,6900.0
1.0874,32.428,32.428,397.83,397.83,6900.0
1.0875,32.297,32.297,398.196,398.196,6900.0
1.0876,32.026,32.026,398.55,398.55,6900.0
1.0877,31.844,31.844,398.896,398.896,6900.0
1.0878,31.442,31.442,399.229,399.229,6900.0
1.0879,30.985,30.985,399.529,399.529,6900.0
1.088,30.697,30.697,399.804,399.804,6900.0
1.0881,30.244,30.244,400.059,400.059,6900.0
1.0882,30.011,30.011,400.298,400.298,6900.0
1.0883,29.569,29.569,400.525,400.525,6900.0
1.0884,28.962,28.962,400.724,400.724,6900.0
1.0885,28.523,28.523,400.891,400.891,6900.0
1.0886,27.951,27.951,401.036,401.036,6900.0
1.0887,27.56,27.56,401.161,401.161,6900.0
1.0888,27.012,27.012,401.265,401.265,6900.0
1.0889,26.283,26.283,401.338,401.338,6900.0
1.089,25.701,25.701,401.374,401.374,6900.0
1.0891,25.051,25.051,401.378,401.378,6900.0
1.0892,24.323,24.323,401.351,401.351,6900.0
1.0893,23.738,23.738,401.292,401.292,6900.0
1.0894,23.04,23.04,401.205,401.205,6900.0
1.0895,22.24,22.24,401.09,401.09,6900.0
1.0896,21.381,21.381,400.939,400.939,6900.0
1.0897,20.585,20.585,400.744,400.744,6900.0
1.0898,19.997,19.997,400.517,400.517,6900.0
1.0899,19.457,19.457,400.268,400.268,6900.0
1.09,18.536,18.536,400.006,400.006,6900.0
1.0901,17.339,17.339,399.707,399.707,6900.0
1.0902,16.452,16.452,399.355,399.355,6900.0
1.0903,15.746,15.746,398.97,398.97,6900.0
1.0904,15.188,15.188,398.568,398.568,6900.0
1.0905,14.313,14.313,398.159,398.159,6900.0
1.0906,12.968,12.968,397.722,397.722,6900.0
1.0907,11.85,11.85,397.239,397.239,6900.0
1.0908,10.999,10.999,396.725,396.725,6900.0
1.0909,10.285,10.285,396.187,396.187,6900.0
1.091,9.413,9.413,395.635,395.635,6900.0
1.0911,8.308,8.308,395.062,395.062,6900.0
1.0912,7.233,7.233,394.462,394.462,6900.0
1.0913,6.405,6.405,393.845,393.845,6900.0
1.0914,5.423,5.423,393.214,393.214,6900.0
1.0915,4.492,4.492,392.573,392.573,6900.0
1.0916,3.307,3.307,391.921,391.921,6900.0
1.0917,2.342,2.342,391.257,391.257,6900.0
1.0918,1.404,1.404,390.586,390.586,6900.0
1.0919,0.708,0.708,389.908,389.908,6900.0
1.092,0.795,0.795,389.227,389.227,6900.0
1.0921,0.0,0.0,388.545,388.545,6900.0
1.0922,-1.34,-1.34,387.861,387.861,6900.0
1.0923,-1.209,-1.209,387.179,387.179,6900.0
1.0924,-1.961,-1.961,386.497,386.497,6900.0
1.0925,-2.974,-2.974,385.82,385.82,6900.0
1.0926,-3.637,-3.637,385.15,385.15,6900.0
1.0927,-4.589,-4.589,384.485,384.485,6900.0
1.0928,-5.773,-5.773,383.829,383.829,6900.0
1.0929,-7.016,-7.016,383.184,383.184,6900.0
1.093,-8.268,-8.268,382.56,382.56,6900.0
1.0931,-9.255,-9.255,381.955,381.955,6900.0
1.0932,-10.314,-10.314,381.36,381.36,6900.0
1.0933,-11.908,-11.908,380.781,380.781,6900.0
1.0934,-13.406,-13.406,380.236,380.236,6900.0
1.0935,-14.943,-14.943,379.736,379.736,6900.0
1.0936,-15.87,-15.87,379.282,379.282,6900.0
1.0937,-16.914,-16.914,378.845,378.845,6900.0
1.0938,-18.271,-18.271,378.429,378.429,6900.0
1.0939,-19.691,-19.691,378.054,378.054,6900.0
1.094,-21.053,-21.053,377.731,377.731,6900.0
1.0941,-22.212,-22.212,377.458,377.458,6900.0
1.0942,-23.149,-23.149,377.221,377.221,6900.0
1.0943,-24.44,-24.44,377.014,377.014,6900.0
1.0944,-25.751,-25.751,376.85,376.85,6900.0
1.0945,-27.064,-27.064,376.737,376.737,6900.0
1.0946,-28.335,-28.335,376.676,376.676,6900.0
1.0947,-29.37,-29.37,376.669,376.669,6900.0
1.0948,-30.368,-30.368,376.71,376.71,6900.0
1.0949,-31.488,-31.488,376.795,376.795,6900.0
1.095,-32.404,-32.404,376.926,376.926,6900.0
1.0951,-33.568,-33.568,377.098,377.098,6900.0
1.0952,-34.732,-34.732,377.323,377.323,6900.0
1.0953,-35.663,-35.663,377.61,377.61,6900.0
1.0954,-36.309,-36.309,377.941,377.941,6900.0
1.0955,-36.967,-36.967,378.293,378.293,6900.0
1.0956,-37.831,-37.831,378.681,378.681,6900.0
1.0957,-38.615,-38.615,379.108,379.108,6900.0
1.0958,-39.299,-39.299,379.593,379.593,6900.0
1.0959,-39.774,-39.774,380.114,380.114,6900.0
1.096,-40.406,-40.406,380.645,380.645,6900.0
1.0961,-41.001,-41.001,381.21,381.21,6900.0
1.0962,-41.494,-41.494,381.801,381.801,6900.0
1.0963,-42.063,-42.063,382.435,382.435,6900.0
1.0964,-42.214,-42.214,383.102,383.102,6900.0
1.0965,-42.482,-42.482,383.762,383.762,6900.0
1.0966,-42.827,-42.827,384.442,384.442,6900.0
1.0967,-42.934,-42.934,385.13,385.13,6900.0
1.0968,-43.244,-43.244,385.832,385.832,6900.0
1.0969,-43.122,-43.122,386.554,386.554,6900.0
1.097,-43.039,-43.039,387.261,387.261,6900.0
1.0971,-43.037,-43.037,387.977,387.977,6900.0
1.0972,-42.901,-42.901,388.683,388.683,6900.0
1.0973,-43.064,-43.064,389.377,389.377,6900.0
1.0974,-42.658,-42.658,390.087,390.087,6900.0
1.0975,-42.476,-42.476,390.772,390.772,6900.0
1.0976,-42.205,-42.205,391.461,391.461,6900.0
1.0977,-41.761,-41.761,392.127,392.127,6900.0
1.0978,-41.545,-41.545,392.753,392.753,6900.0
1.0979,-41.162,-41.162,393.369,393.369,6900.0
1.098,-40.8,-40.8,393.957,393.957,6900.0
1.0981,-40.282,-40.282,394.535,394.535,6900.0
1.0982,-39.553,-39.553,395.081,395.081,6900.0
1.0983,-38.943,-38.943,395.575,395.575,6900.0
1.0984,-38.356,-38.356,396.045,396.045,6900.0
1.0985,-37.882,-37.882,396.483,396.483,6900.0
1.0986,-37.137,-37.137,396.906,396.906,6900.0
1.0987,-36.393,-36.393,397.291,397.291,6900.0
1.0988,-35.561,-35.561,397.63,397.63,6900.0
1.0989,-34.777,-34.777,397.927,397.927,6900.0
1.099,-33.887,-33.887,398.186,398.186,6900.0
1.0991,-33.183,-33.183,398.404,398.404,6900.0
1.0992,-32.312,-32.312,398.586,398.586,6900.0
1.0993,-31.381,-31.381,398.727,398.727,6900.0
1.0994,-30.47,-30.47,398.822,398.822,6900.0
1.0995,-29.433,-29.433,398.871,398.871,6900.0
1.0996,-28.467,-28.467,398.872,398.872,6900.0
1.0997,-27.572,-27.572,398.834,398.834,6900.0
1.0998,-26.803,-26.803,398.766,398.766,6900.0
1.0999,-25.58,-25.58,398.67,398.67,6900.0
1.1,-24.242,-24.242,398.518,398.518,6900.0
1.1001,-23.228,-23.228,398.31,398.31,6900.0
1.1002,-22.372,-22.372,398.069,398.069,6900.0
1.1003,-21.53,-21.53,397.809,397.809,6900.0
1.1004,-20.067,-20.067,397.53,397.53,6900.0
1.1005,-18.448,-18.448,397.19,397.19,6900.0
1.1006,-17.453,-17.453,396.789,396.789,6900.0
1.1007,-16.422,-16.422,396.354,396.354,6900.0
1.1008,-15.457,-15.457,395.895,395.895,6900.0
1.1009,-14.124,-14.124,395.418,395.418,6900.0
1.101,-12.58,-12.58,394.907,394.907,6900.0
1.1011,-11.505,-11.505,394.361,394.361,6900.0
1.1012,-10.079,-10.079,393.795,393.795,6900.0
1.1013,-9.022,-9.022,393.208,393.208,6900.0
1.1014,-7.563,-7.563,392.608,392.608,6900.0
1.1015,-6.116,-6.116,391.986,391.986,6900.0
1.1016,-4.815,-4.815,391.344,391.344,6900.0
1.1017,-3.54,-3.54,390.688,390.688,6900.0
1.1018,-2.27,-2.27,390.019,390.019,6900.0
1.1019,-1.024,-1.024,389.342,389.342,6900.0
1.102,-0.345,-0.345,388.661,388.661,6900.0
1.1021,-0.0,-0.0,387.978,387.978,6900.0
1.1022,1.363,1.363,387.293,387.293,6900.0
1.1023,1.728,1.728,386.609,386.609,6900.0
1.1024,2.409,2.409,385.929,385.929,6900.0
1.1025,3.518,3.518,385.251,385.251,6900.0
1.1026,4.797,4.797,384.578,384.578,6900.0
1.1027,6.026,6.026,383.914,383.914,6900.0
1.1028,7.652,7.652,383.262,383.262,6900.0
1.1029,9.102,9.102,382.632,382.632,6900.0
1.103,10.28,10.28,382.018,382.018,6900.0
1.1031,11.938,11.938,381.418,381.418,6900.0
1.1032,13.538,13.538,380.848,380.848,6900.0
1.1033,15.307,15.307,380.315,380.315,6900.0
1.1034,16.738,16.738,379.837,379.837,6900.0
1.1035,17.873,17.873,379.389,379.389,6900.0
1.1036,19.473,19.473,378.956,378.956,6900.0
1.1037,21.156,21.156,378.559,378.559,6900.0
1.1038,23.268,22.928,378.215,378.215,6900.0
1.1039,24.453,24.453,377.938,377.938,6900.0
1.104,25.758,25.758,377.708,377.708,6900.0
1.1041,27.222,27.222,377.504,377.504,6900.0
1.1042,28.823,28.823,377.342,377.342,6900.0
1.1043,30.385,30.385,377.236,377.236,6900.0
1.1044,31.777,31.777,377.195,377.195,6900.0
1.1045,33.198,33.198,377.213,377.213,6900.0
1.1046,34.583,34.583,377.291,377.291,6900.0
1.1047,35.815,35.815,377.429,377.429,6900.0
1.1048,37.117,37.117,377.621,377.621,6900.0
1.1049,38.453,38.453,377.868,377.868,6900.0
1.105,39.652,39.652,378.176,378.176,6900.0
1.1051,40.716,40.716,378.551,378.551,6900.0
1.1052,41.626,41.626,378.978,378.978,6900.0
1.1053,42.539,42.539,379.441,379.441,6900.0
1.1054,43.706,43.706,379.931,379.931,6900.0
1.1055,44.56,44.56,380.477,380.477,6900.0
1.1056,45.603,45.603,381.075,381.075,6900.0
1.1057,46.352,46.352,381.736,381.736,6900.0
1.1058,46.878,46.878,382.428,382.428,6900.0
1.1059,47.766,47.766,383.138,383.138,6900.0
1.106,48.471,48.471,383.9,383.9,6900.0
1.1061,49.205,49.205,384.707,384.707,6900.0
1.1062,49.631,49.631,385.576,385.576,6900.0
1.1063,49.652,49.652,386.464,386.464,6900.0
1.1064,50.084,50.084,387.348,387.348,6900.0
1.1065,50.351,50.351,388.253,388.253,6900.0
1.1066,50.653,50.653,389.16,389.16,6900.0
1.1067,50.638,50.638,390.1,390.1,6900.0
1.1068,50.665,50.665,391.028,391.028,6900.0
1.1069,50.83,50.83,391.951,391.951,6900.0
1.107,50.589,50.589,392.889,392.889,6900.0
1.1071,50.528,50.528,393.805,393.805,6900.0
1.1072,50.563,50.563,394.736,394.736,6900.0
1.1073,50.163,50.163,395.669,395.669,6900.0
1.1074,49.966,49.966,396.593,396.593,6900.0
1.1075,49.582,49.582,397.514,397.514,6900.0
1.1076,49.161,49.161,398.4,398.4,6900.0
1.1077,48.649,48.649,399.271,399.271,6900.0
1.1078,48.27,48.127,400.108,400.108,6900.0
1.1079,47.61,47.61,400.922,400.922,6900.0
1.108,46.884,46.884,401.708,401.708,6900.0
1.1081,46.039,46.039,402.441,402.441,6900.0
1.1082,45.588,45.588,403.125,403.125,6900.0
1.1083,44.759,44.759,403.784,403.784,6900.0
1.1084,44.102,44.102,404.415,404.415,6900.0
1.1085,43.335,43.335,405.017,405.017,6900.0
1.1086,42.472,42.472,405.575,405.575,6900.0
1.1087,41.504,41.504,406.089,406.089,6900.0
1.1088,40.634,40.634,406.557,406.557,6900.0
1.1089,39.662,39.662,406.992,406.992,6900.0
1.109,38.704,38.704,407.383,407.383,6900.0
1.1091,37.654,37.654,407.726,407.726,6900.0
1.1092,36.564,36.564,408.018,408.018,6900.0
1.1093,35.382,35.382,408.257,408.257,6900.0
1.1094,34.352,34.352,408.439,408.439,6900.0
1.1095,33.313,33.313,408.574,408.574,6900.0
1.1096,32.245,32.245,408.669,408.669,6900.0
1.1097,30.922,30.922,408.73,408.73,6900.0
1.1098,29.578,29.578,408.737,408.737,6900.0
1.1099,28.423,28.423,408.68,408.68,6900.0
1.11,27.326,27.326,408.578,408.578,6900.0
1.1101,26.34,26.34,408.443,408.443,6900.0
1.1102,24.985,24.985,408.291,408.291,6900.0
1.1103,23.233,23.233,408.09,408.09,6900.0
1.1104,21.797,21.797,407.815,407.815,6900.0
1.1105,20.737,20.737,407.489,407.489,6900.0
1.1106,19.816,19.816,407.132,407.132,6900.0
1.1107,18.486,18.486,406.764,406.764,6900.0
1.1108,16.845,16.845,406.363,406.363,6900.0
1.1109,15.296,15.296,405.912,405.912,6900.0
1.111,14.059,14.059,405.427,405.427,6900.0
1.1111,12.642,12.642,404.916,404.916,6900.0
1.1112,11.329,11.329,404.384,404.384,6900.0
1.1113,9.678,9.678,403.83,403.83,6900.0
1.1114,8.109,8.109,403.245,403.245,6900.0
1.1115,6.672,6.672,402.638,402.638,6900.0
1.1116,5.384,5.384,402.013,402.013,6900.0
1.1117,4.054,4.054,401.374,401.374,6900.0
1.1118,2.558,2.558,400.725,400.725,6900.0
1.1119,1.243,1.243,400.067,400.067,6900.0
1.112,0.942,0.942,399.404,399.404,6900.0
1.1121,0.0,0.0,398.739,398.739,6900.0
1.1122,-1.119,-1.119,398.073,398.073,6900.0
1.1123,-2.548,-2.548,397.407,397.407,6900.0
1.1124,-2.556,-2.556,396.744,396.744,6900.0
1.1125,-3.735,-3.735,396.084,396.084,6900.0
1.1126,-4.983,-4.983,395.431,395.431,6900.0
1.1127,-6.421,-6.421,394.79,394.79,6900.0
1.1128,-7.735,-7.735,394.164,394.164,6900.0
1.1129,-8.979,-8.979,393.55,393.55,6900.0
1.113,-10.794,-10.794,392.952,392.952,6900.0
1.1131,-12.389,-12.389,392.381,392.381,6900.0
1.1132,-14.078,-14.078,391.845,391.845,6900.0
1.1133,-15.427,-15.427,391.345,391.345,6900.0
1.1134,-16.75,-16.75,390.861,390.861,6900.0
1.1135,-18.502,-18.502,390.398,390.398,6900.0
1.1136,-20.334,-20.334,389.98,389.98,6900.0
1.1137,-22.057,-22.057,389.624,389.624,6900.0
1.1138,-23.335,-23.335,389.329,389.329,6900.0
1.1139,-24.876,-24.527,389.064,389.064,6900.0
1.114,-26.111,-26.111,388.824,388.824,6900.0
1.1141,-27.825,-27.825,388.63,388.63,6900.0
1.1142,-29.451,-29.451,388.497,388.497,6900.0
1.1143,-30.592,-30.592,388.425,388.425,6900.0
1.1144,-31.951,-31.951,388.393,388.393,6900.0
1.1145,-33.315,-33.315,388.408,388.408,6900.0
1.1146,-34.669,-34.669,388.476,388.476,6900.0
1.1147,-36.007,-36.007,388.599,388.599,6900.0
1.1148,-37.25,-37.25,388.784,388.784,6900.0
1.1149,-38.507,-38.507,389.033,389.033,6900.0
1.115,-39.564,-39.564,389.349,389.349,6900.0
1.1151,-40.597,-40.597,389.713,389.713,6900.0
1.1152,-41.403,-41.403,390.118,390.118,6900.0
1.1153,-42.437,-42.437,390.56,390.56,6900.0
1.1154,-43.386,-43.386,391.048,391.048,6900.0
1.1155,-44.34,-44.34,391.594,391.594,6900.0
1.1156,-44.923,-44.923,392.184,392.184,6900.0
1.1157,-45.595,-45.595,392.787,392.787,6900.0
1.1158,-46.402,-46.402,393.427,393.427,6900.0
1.1159,-47.129,-47.129,394.104,394.104,6900.0
1.116,-47.762,-47.762,394.843,394.843,6900.0
1.1161,-48.092,-48.092,395.625,395.625,6900.0
1.1162,-48.439,-48.439,396.413,396.413,6900.0
1.1163,-48.774,-48.774,397.231,397.231,6900.0
1.1164,-48.982,-48.982,398.065,398.065,6900.0
1.1165,-49.283,-49.283,398.926,398.926,6900.0
1.1166,-49.209,-49.209,399.807,399.807,6900.0
1.1167,-49.368,-49.368,400.664,400.664,6900.0
1.1168,-49.314,-49.314,401.536,401.536,6900.0
1.1169,-49.261,-49.261,402.395,402.395,6900.0
1.117,-49.292,-49.292,403.254,403.254,6900.0
1.1171,-49.023,-49.023,404.126,404.126,6900.0
1.1172,-48.843,-48.843,404.976,404.976,6900.0
1.1173,-48.609,-48.609,405.836,405.836,6900.0
1.1174,-48.102,-48.102,406.682,406.682,6900.0
1.1175,-47.913,-47.913,407.501,407.501,6900.0
1.1176,-47.265,-47.265,408.323,408.323,6900.0
1.1177,-46.871,-46.871,409.111,409.111,6900.0
1.1178,-46.183,-46.183,409.894,409.894,6900.0
1.1179,-45.562,-45.398,410.637,410.637,6900.0
1.118,-44.804,-44.804,411.326,411.326,6900.0
1.1181,-44.226,-44.226,411.987,411.987,6900.0
1.1182,-43.564,-43.564,412.613,412.613,6900.0
1.1183,-42.817,-42.817,413.217,413.217,6900.0
1.1184,-41.837,-41.837,413.781,413.781,6900.0
1.1185,-41.033,-41.033,414.289,414.289,6900.0
1.1186,-40.119,-40.119,414.764,414.764,6900.0
1.1187,-39.501,-39.501,415.198,415.198,6900.0
1.1188,-38.622,-38.622,415.61,415.61,6900.0
1.1189,-37.671,-37.671,415.984,415.984,6900.0
1.119,-36.467,-36.467,416.312,416.312,6900.0
1.1191,-35.507,-35.507,416.589,416.589,6900.0
1.1192,-34.479,-34.479,416.823,416.823,6900.0
1.1193,-33.453,-33.453,417.011,417.011,6900.0
1.1194,-32.389,-32.389,417.155,417.155,6900.0
1.1195,-31.279,-31.279,417.257,417.257,6900.0
1.1196,-30.065,-30.065,417.313,417.313,6900.0
1.1197,-28.881,-28.881,417.314,417.314,6900.0
1.1198,-27.677,-27.677,417.261,417.261,6900.0
1.1199,-26.551,-26.551,417.168,417.168,6900.0
1.12,-25.555,-25.555,417.047,417.047,6900.0
1.1201,-24.141,-24.141,416.898,416.898,6900.0
1.1202,-22.645,-22.645,416.69,416.69,6900.0
1.1203,-21.614,-21.614,416.424,416.424,6900.0
1.1204,-20.505,-20.505,416.127,416.127,6900.0
1.1205,-19.579,-19.579,415.811,415.811,6900.0
1.1206,-18.124,-18.124,415.479,415.479,6900.0
1.1207,-16.36,-16.36,415.1,415.1,6900.0
1.1208,-15.222,-15.222,414.668,414.668,6900.0
1.1209,-13.947,-13.947,414.204,414.204,6900.0
1.121,-12.797,-12.797,413.714,413.714,6900.0
1.1211,-11.362,-11.362,413.203,413.203,6900.0
1.1212,-9.715,-9.715,412.662,412.662,6900.0
1.1213,-8.587,-8.587,412.091,412.091,6900.0
1.1214,-7.316,-7.316,411.504,411.504,6900.0
1.1215,-6.289,-6.289,410.901,410.901,6900.0
1.1216,-4.814,-4.814,410.288,410.288,6900.0
1.1217,-3.395,-3.395,409.661,409.661,6900.0
1.1218,-2.161,-2.161,409.024,409.024,6900.0
1.1219,-1.249,-1.093,408.379,408.379,6900.0
1.122,-1.171,-1.171,407.729,407.729,6900.0
1.1221,-0.0,-0.0,407.078,407.078,6900.0
1.1222,0.819,0.819,406.426,406.426,6900.0
1.1223,1.764,1.764,405.774,405.774,6900.0
1.1224,2.258,2.258,405.124,405.124,6900.0
1.1225,3.396,3.396,404.479,404.479,6900.0
1.1226,4.441,4.441,403.842,403.842,6900.0
1.1227,5.391,5.391,403.213,403.213,6900.0
1.1228,6.735,6.735,402.592,402.592,6900.0
1.1229,8.048,8.048,401.985,401.985,6900.0
1.123,9.498,9.498,401.395,401.395,6900.0
1.1231,10.79,10.79,400.832,400.832,6900.0
1.1232,11.885,11.885,400.285,400.285,6900.0
1.1233,13.505,13.505,399.749,399.749,6900.0
1.1234,15.072,15.072,399.244,399.244,6900.0
1.1235,16.748,16.748,398.78,398.78,6900.0
1.1236,18.086,18.086,398.372,398.372,6900.0
1.1237,18.925,18.925,397.999,397.999,6900.0
1.1238,20.241,20.241,397.64,397.64,6900.0
1.1239,21.754,21.754,397.313,397.313,6900.0
1.124,23.3,23.3,397.035,397.035,6900.0
1.1241,24.543,24.543,396.817,396.817,6900.0
1.1242,25.76,25.76,396.641,396.641,6900.0
1.1243,26.848,26.848,396.499,396.499,6900.0
1.1244,28.103,28.103,396.394,396.394,6900.0
1.1245,29.27,29.27,396.335,396.335,6900.0
1.1246,30.465,30.465,396.324,396.324,6900.0
1.1247,31.683,31.683,396.363,396.363,6900.0
1.1248,32.75,32.75,396.457,396.457,6900.0
1.1249,33.764,33.764,396.598,396.598,6900.0
1.125,34.636,34.636,396.782,396.782,6900.0
1.1251,35.754,35.754,396.999,396.999,6900.0
1.1252,36.556,36.556,397.27,397.27,6900.0
1.1253,37.419,37.419,397.59,397.59,6900.0
1.1254,38.144,38.144,397.958,397.958,6900.0
1.1255,38.68,38.68,398.355,398.355,6900.0
1.1256,39.452,39.452,398.769,398.769,6900.0
1.1257,40.075,40.075,399.222,399.222,6900.0
1.1258,40.865,40.865,399.716,399.716,6900.0
1.1259,41.235,41.235,400.262,400.262,6900.0
1.126,41.549,41.549,400.821,400.821,6900.0
1.1261,41.951,41.951,401.392,401.392,6900.0
1.1262,42.259,42.259,401.991,401.991,6900.0
1.1263,42.851,42.851,402.607,402.607,6900.0
1.1264,42.856,42.856,403.271,403.271,6900.0
1.1265,42.855,42.855,403.933,403.933,6900.0
1.1266,43.162,43.162,404.592,404.592,6900.0
1.1267,43.078,43.078,405.266,405.266,6900.0
1.1268,43.271,43.271,405.93,405.93,6900.0
1.1269,43.155,43.155,406.619,406.619,6900.0
1.127,42.866,42.866,407.297,407.297,6900.0
1.1271,42.766,42.766,407.967,407.967,6900.0
1.1272,42.58,42.58,408.639,408.639,6900.0
1.1273,42.286,42.286,409.29,409.29,6900.0
1.1274,41.954,41.954,409.943,409.943,6900.0
1.1275,41.579,41.579,410.577,410.577,6900.0
1.1276,41.275,41.275,411.203,411.203,6900.0
1.1277,40.628,40.628,411.821,411.821,6900.0
1.1278,39.98,39.98,412.396,412.396,6900.0
1.1279,39.619,39.619,412.941,412.941,6900.0
1.128,39.259,39.084,413.462,413.462,6900.0
1.1281,38.616,38.616,413.964,413.964,6900.0
1.1282,37.982,37.982,414.442,414.442,6900.0
1.1283,37.007,37.007,414.879,414.879,6900.0
1.1284,36.404,36.404,415.272,415.272,6900.0
1.1285,35.687,35.687,415.635,415.635,6900.0
1.1286,35.089,35.089,415.974,415.974,6900.0
1.1287,34.242,34.242,416.287,416.287,6900.0
1.1288,33.31,33.31,416.562,416.562,6900.0
1.1289,32.482,32.482,416.789,416.789,6900.0
1.129,31.593,31.593,416.981,416.981,6900.0
1.1291,30.705,30.705,417.135,417.135,6900.0
1.1292,29.761,29.761,417.253,417.253,6900.0
1.1293,28.81,28.81,417.331,417.331,6900.0
1.1294,27.833,27.833,417.369,417.369,6900.0
1.1295,26.813,26.813,417.363,417.363,6900.0
1.1296,25.864,25.864,417.308,417.308,6900.0
1.1297,24.889,24.889,417.215,417.215,6900.0
1.1298,24.09,24.09,417.09,417.09,6900.0
1.1299,22.952,22.952,416.945,416.945,6900.0
1.13,21.719,21.719,416.758,416.758,6900.0
1.1301,20.542,20.542,416.516,416.516,6900.0
1.1302,19.642,19.642,416.234,416.234,6900.0
1.1303,18.902,18.902,415.93,415.93,6900.0
1.1304,17.906,17.906,415.614,415.614,6900.0
1.1305,16.265,16.265,415.267,415.267,6900.0
1.1306,14.914,14.914,414.861,414.861,6900.0
1.1307,13.852,13.852,414.417,414.417,6900.0
1.1308,13.173,13.173,413.944,413.944,6900.0
1.1309,12.226,12.226,413.458,413.458,6900.0
1.131,10.815,10.815,412.95,412.95,6900.0
1.1311,9.49,9.49,412.409,412.409,6900.0
1.1312,8.543,8.543,411.848,411.848,6900.0
1.1313,7.379,7.379,411.27,411.27,6900.0
1.1314,6.399,6.399,410.68,410.68,6900.0
1.1315,4.989,4.989,410.076,410.076,6900.0
1.1316,3.769,3.769,409.456,409.456,6900.0
1.1317,2.782,2.782,408.824,408.824,6900.0
1.1318,1.634,1.634,408.183,408.183,6900.0
1.1319,0.726,0.726,407.535,407.535,6900.0
1.132,0.211,0.064,406.884,406.884,6900.0
1.1321,0.0,0.0,406.231,406.231,6900.0
1.1322,-1.368,-1.368,405.577,405.577,6900.0
1.1323,-2.542,-2.542,404.924,404.924,6900.0
1.1324,-1.957,-1.957,404.275,404.275,6900.0
1.1325,-2.71,-2.71,403.627,403.627,6900.0
1.1326,-3.656,-3.656,402.983,402.983,6900.0
1.1327,-4.768,-4.768,402.345,402.345,6900.0
1.1328,-5.953,-5.953,401.716,401.716,6900.0
1.1329,-7.264,-7.264,401.102,401.102,6900.0
1.133,-8.22,-8.22,400.506,400.506,6900.0
1.1331,-9.235,-9.235,399.92,399.92,6900.0
1.1332,-10.767,-10.767,399.35,399.35,6900.0
1.1333,-12.077,-12.077,398.809,398.809,6900.0
1.1334,-13.61,-13.61,398.306,398.306,6900.0
1.1335,-14.441,-14.441,397.844,397.844,6900.0
1.1336,-15.374,-15.374,397.394,397.394,6900.0
1.1337,-16.657,-16.657,396.96,396.96,6900.0
1.1338,-18.233,-18.233,396.561,396.561,6900.0
1.1339,-19.58,-19.58,396.214,396.214,6900.0
1.134,-20.545,-20.545,395.912,395.912,6900.0
1.1341,-21.526,-21.526,395.636,395.636,6900.0
1.1342,-22.729,-22.729,395.387,395.387,6900.0
1.1343,-23.846,-23.846,395.176,395.176,6900.0
1.1344,-25.074,-25.074,395.01,395.01,6900.0
1.1345,-26.064,-26.064,394.894,394.894,6900.0
1.1346,-27.161,-27.161,394.82,394.82,6900.0
1.1347,-28.212,-28.212,394.793,394.793,6900.0
1.1348,-29.11,-29.11,394.809,394.809,6900.0
1.1349,-30.072,-30.072,394.862,394.862,6900.0
1.135,-31.074,-31.074,394.955,394.955,6900.0
1.1351,-32.016,-32.016,395.095,395.095,6900.0
1.1352,-32.725,-32.725,395.283,395.283,6900.0
1.1353,-33.451,-33.451,395.505,395.505,6900.0
1.1354,-34.073,-34.073,395.749,395.749,6900.0
1.1355,-34.875,-34.875,396.024,396.024,6900.0
1.1356,-35.648,-35.648,396.336,396.336,6900.0
1.1357,-36.264,-36.264,396.7,396.7,6900.0
1.1358,-36.675,-36.675,397.098,397.098,6900.0
1.1359,-37.072,-37.072,397.506,397.506,6900.0
1.136,-37.737,-37.737,397.942,397.942,6900.0
1.1361,-38.156,-38.156,398.407,398.407,6900.0
1.1362,-38.51,-38.51,398.914,398.914,6900.0
1.1363,-38.678,-38.678,399.444,399.444,6900.0
1.1364,-38.805,-38.805,399.97,399.97,6900.0
1.1365,-38.986,-38.986,400.512,400.512,6900.0
1.1366,-38.941,-38.941,401.058,401.058,6900.0
1.1367,-39.164,-39.164,401.612,401.612,6900.0
1.1368,-39.083,-39.083,402.179,402.179,6900.0
1.1369,-39.025,-39.025,402.731,402.731,6900.0
1.137,-38.975,-38.975,403.292,403.292,6900.0
1.1371,-38.737,-38.737,403.848,403.848,6900.0
1.1372,-38.879,-38.879,404.394,404.394,6900.0
1.1373,-38.6,-38.6,404.954,404.954,6900.0
1.1374,-38.368,-38.368,405.498,405.498,6900.0
1.1375,-38.155,-38.155,406.044,406.044,6900.0
1.1376,-37.499,-37.499,406.575,406.575,6900.0
1.1377,-37.278,-37.278,407.067,407.067,6900.0
1.1378,-36.817,-36.817,407.553,407.553,6900.0
1.1379,-36.406,-36.406,408.01,408.01,6900.0
1.138,-35.92,-35.92,408.455,408.455,6900.0
1.1381,-35.404,-35.232,408.869,408.869,6900.0
1.1382,-34.679,-34.679,409.238,409.238,6900.0
1.1383,-34.175,-34.175,409.583,409.583,6900.0
1.1384,-33.763,-33.763,409.902,409.902,6900.0
1.1385,-33.142,-33.142,410.208,410.208,6900.0
1.1386,-32.271,-32.271,410.484,410.484,6900.0
1.1387,-31.635,-31.635,410.716,410.716,6900.0
1.1388,-30.912,-30.912,410.917,410.917,6900.0
1.1389,-30.143,-30.143,411.087,411.087,6900.0
1.139,-29.378,-29.378,411.226,411.226,6900.0
1.1391,-28.545,-28.545,411.331,411.331,6900.0
1.1392,-27.643,-27.643,411.399,411.399,6900.0
1.1393,-26.656,-26.656,411.424,411.424,6900.0
1.1394,-25.997,-25.997,411.404,411.404,6900.0
1.1395,-25.127,-25.127,411.349,411.349,6900.0
1.1396,-24.218,-24.218,411.258,411.258,6900.0
1.1397,-23.507,-23.507,411.139,411.139,6900.0
1.1398,-22.468,-22.468,410.991,410.991,6900.0
1.1399,-21.314,-21.314,410.798,410.798,6900.0
1.14,-20.43,-20.43,410.559,410.559,6900.0
1.1401,-19.656,-19.656,410.292,410.292,6900.0
1.1402,-18.877,-18.877,410.009,410.009,6900.0
1.1403,-17.631,-17.631,409.704,409.704,6900.0
1.1404,-16.093,-16.093,409.349,409.349,6900.0
1.1405,-15.138,-15.138,408.94,408.94,6900.0
1.1406,-14.401,-14.401,408.501,408.501,6900.0
1.1407,-13.795,-13.795,408.046,408.046,6900.0
1.1408,-12.484,-12.484,407.579,407.579,6900.0
1.1409,-11.011,-11.011,407.079,407.079,6900.0
1.141,-10.129,-10.129,406.546,406.546,6900.0
1.1411,-8.981,-8.981,405.995,405.995,6900.0
1.1412,-8.196,-8.196,405.426,405.426,6900.0
1.1413,-6.922,-6.922,404.844,404.844,6900.0
1.1414,-5.625,-5.625,404.242,404.242,6900.0
1.1415,-4.721,-4.721,403.62,403.62,6900.0
1.1416,-3.528,-3.528,402.986,402.986,6900.0
1.1417,-2.498,-2.498,402.34,402.34,6900.0
1.1418,-1.596,-1.596,401.687,401.687,6900.0
1.1419,-0.685,-0.685,401.028,401.028,6900.0
1.142,-0.0,-0.0,400.366,400.366,6900.0
1.1421,-0.0,-0.0,399.703,399.703,6900.0
1.1422,1.277,1.277,399.038,399.038,6900.0
1.1423,1.312,1.312,398.375,398.375,6900.0
1.1424,1.899,1.899,397.711,397.711,6900.0
1.1425,2.914,2.914,397.05,397.05,6900.0
1.1426,3.742,3.742,396.395,396.395,6900.0
1.1427,4.964,4.964,395.746,395.746,6900.0
1.1428,6.054,6.054,395.112,395.112,6900.0
1.1429,6.824,6.824,394.49,394.49,6900.0
1.143,8.141,8.141,393.875,393.875,6900.0
1.1431,9.446,9.446,393.282,393.282,6900.0
1.1432,10.938,10.938,392.714,392.714,6900.0
1.1433,12.04,12.04,392.184,392.184,6900.0
1.1434,12.792,12.792,391.673,391.673,6900.0
1.1435,14.123,14.123,391.17,391.17,6900.0
1.1436,15.598,15.598,390.695,390.695,6900.0
1.1437,17.08,17.08,390.262,390.262,6900.0
1.1438,18.29,18.29,389.885,389.885,6900.0
1.1439,19.286,19.286,389.542,389.542,6900.0
1.144,20.336,20.336,389.218,389.218,6900.0
1.1441,21.668,21.668,388.921,388.921,6900.0
1.1442,23.011,23.011,388.667,388.667,6900.0
1.1443,24.223,24.223,388.467,388.467,6900.0
1.1444,25.287,25.287,388.31,388.31,6900.0
1.1445,26.469,26.469,388.19,388.19,6900.0
1.1446,27.509,27.509,388.115,388.115,6900.0
1.1447,28.664,28.664,388.085,388.085,6900.0
1.1448,29.792,29.792,388.103,388.103,6900.0
1.1449,30.683,30.683,388.173,388.173,6900.0
1.145,31.602,31.602,388.294,388.294,6900.0
1.1451,32.542,32.542,388.46,388.46,6900.0
1.1452,33.226,33.226,388.664,388.664,6900.0
1.1453,34.137,34.137,388.891,388.891,6900.0
1.1454,34.933,34.933,389.159,389.159,6900.0
1.1455,35.836,35.836,389.471,389.471,6900.0
1.1456,36.268,36.268,389.829,389.829,6900.0
1.1457,36.712,36.712,390.204,390.204,6900.0
1.1458,37.515,37.515,390.593,390.593,6900.0
1.1459,38.079,38.079,391.025,391.025,6900.0
1.146,38.835,38.835,391.494,391.494,6900.0
1.1461,39.355,39.225,392.018,392.018,6900.0
1.1462,39.279,39.279,392.56,392.56,6900.0
1.1463,39.876,39.876,393.105,393.105,6900.0
1.1464,40.058,40.058,393.683,393.683,6900.0
1.1465,40.385,40.385,394.266,394.266,6900.0
1.1466,40.415,40.415,394.882,394.882,6900.0
1.1467,40.204,40.204,395.494,395.494,6900.0
1.1468,40.454,40.454,396.091,396.091,6900.0
1.1469,40.38,40.38,396.699,396.699,6900.0
1.147,40.437,40.437,397.291,397.291,6900.0
1.1471,40.496,40.496,397.899,397.899,6900.0
1.1472,40.109,40.109,398.507,398.507,6900.0
1.1473,40.217,40.217,399.104,399.104,6900.0
1.1474,39.91,39.91,399.711,399.711,6900.0
1.1475,39.603,39.603,400.293,400.293,6900.0
1.1476,39.344,39.344,400.87,400.87,6900.0
1.1477,38.845,38.845,401.43,401.43,6900.0
1.1478,38.627,38.627,401.974,401.974,6900.0
1.1479,38.058,38.058,402.507,402.507,6900.0
1.148,37.468,37.468,402.999,402.999,6900.0
1.1481,37.042,37.042,403.458,403.458,6900.0
1.1482,36.503,36.503,403.89,403.89,6900.0
1.1483,36.049,36.049,404.301,404.301,6900.0
1.1484,35.358,35.358,404.688,404.688,6900.0
1.1485,34.712,34.712,405.034,405.034,6900.0
1.1486,33.944,33.944,405.343,405.343,6900.0
1.1487,33.334,33.334,405.617,405.617,6900.0
1.1488,32.651,32.651,405.87,405.87,6900.0
1.1489,31.855,31.855,406.093,406.093,6900.0
1.149,31.111,31.111,406.278,406.278,6900.0
1.1491,30.247,30.247,406.424,406.424,6900.0
1.1492,29.345,29.345,406.532,406.532,6900.0
1.1493,28.494,28.494,406.597,406.597,6900.0
1.1494,27.576,27.576,406.624,406.624,6900.0
1.1495,26.91,26.91,406.615,406.615,6900.0
1.1496,25.908,25.908,406.576,406.576,6900.0
1.1497,24.892,24.892,406.492,406.492,6900.0
1.1498,23.736,23.736,406.357,406.357,6900.0
1.1499,22.899,22.899,406.179,406.179,6900.0
1.15,22.103,22.103,405.974,405.974,6900.0
1.1501,21.112,21.112,405.753,405.753,6900.0
1.1502,19.806,19.806,405.492,405.492,6900.0
1.1503,18.605,18.605,405.175,405.175,6900.0
1.1504,17.733,17.733,404.816,404.816,6900.0
1.1505,17.0,17.0,404.435,404.435,6900.0
1.1506,16.058,16.058,404.045,404.045,6900.0
1.1507,14.571,14.571,403.627,403.627,6900.0
1.1508,13.098,13.098,403.162,403.162,6900.0
1.1509,12.094,12.094,402.662,402.662,6900.0
1.151,11.166,11.166,402.135,402.135,6900.0
1.1511,10.066,10.066,401.592,401.592,6900.0
1.1512,8.776,8.776,401.027,401.027,6900.0
1.1513,7.439,7.439,400.435,400.435,6900.0
1.1514,6.391,6.391,399.823,399.823,6900.0
1.1515,5.234,5.234,399.196,399.196,6900.0
1.1516,4.178,4.178,398.558,398.558,6900.0
1.1517,2.86,2.86,397.909,397.909,6900.0
1.1518,1.818,1.818,397.25,397.25,6900.0
1.1519,0.825,0.825,396.585,396.585,6900.0
1.152,1.078,1.078,395.916,395.916,6900.0
1.1521,0.0,0.0,395.245,395.245,6900.0
1.1522,-0.863,-0.885,394.573,394.573,6900.0
1.1523,-1.518,-1.518,393.902,393.902,6900.0
1.1524,-2.268,-2.268,393.231,393.231,6900.0
1.1525,-3.104,-3.104,392.565,392.565,6900.0
1.1526,-4.367,-4.367,391.907,391.907,6900.0
1.1527,-5.203,-5.203,391.259,391.259,6900.0
1.1528,-6.302,-6.302,390.618,390.618,6900.0
1.1529,-7.701,-7.701,389.989,389.989,6900.0
1.153,-9.124,-9.124,389.377,389.377,6900.0
1.1531,-10.684,-10.684,388.791,388.791,6900.0
1.1532,-11.733,-11.733,388.233,388.233,6900.0
1.1533,-12.843,-12.843,387.686,387.686,6900.0
1.1534,-14.298,-14.298,387.157,387.157,6900.0
1.1535,-15.928,-15.928,386.664,386.664,6900.0
1.1536,-17.604,-17.604,386.223,386.223,6900.0
1.1537,-18.685,-18.685,385.833,385.833,6900.0
1.1538,-19.585,-19.585,385.466,385.466,6900.0
1.1539,-21.098,-21.098,385.118,385.118,6900.0
1.154,-22.593,-22.593,384.814,384.814,6900.0
1.1541,-24.044,-24.044,384.565,384.565,6900.0
1.1542,-25.287,-25.287,384.368,384.368,6900.0
1.1543,-26.394,-26.394,384.213,384.213,6900.0
1.1544,-27.64,-27.64,384.094,384.094,6900.0
1.1545,-28.912,-28.912,384.021,384.021,6900.0
1.1546,-30.227,-30.227,383.999,383.999,6900.0
1.1547,-31.302,-31.302,384.034,384.034,6900.0
1.1548,-32.463,-32.463,384.119,384.119,6900.0
1.1549,-33.604,-33.604,384.258,384.258,6900.0
1.155,-34.577,-34.577,384.446,384.446,6900.0
1.1551,-35.455,-35.455,384.672,384.672,6900.0
1.1552,-36.402,-36.402,384.939,384.939,6900.0
1.1553,-37.524,-37.524,385.249,385.249,6900.0
1.1554,-38.355,-38.355,385.624,385.624,6900.0
1.1555,-39.023,-39.023,386.039,386.039,6900.0
1.1556,-39.635,-39.635,386.475,386.475,6900.0
1.1557,-40.423,-40.423,386.945,386.945,6900.0
1.1558,-41.19,-41.19,387.451,387.451,6900.0
1.1559,-41.876,-41.876,388.018,388.018,6900.0
1.156,-42.195,-42.195,388.624,388.624,6900.0
1.1561,-42.641,-42.641,389.234,389.234,6900.0
1.1562,-43.339,-43.21,389.873,389.873,6900.0
1.1563,-43.404,-43.404,390.536,390.536,6900.0
1.1564,-43.858,-43.858,391.227,391.227,6900.0
1.1565,-44.062,-44.062,391.943,391.943,6900.0
1.1566,-44.095,-44.095,392.652,392.652,6900.0
1.1567,-44.267,-44.267,393.374,393.374,6900.0
1.1568,-44.107,-44.107,394.096,394.096,6900.0
1.1569,-44.395,-44.395,394.817,394.817,6900.0
1.157,-44.302,-44.302,395.559,395.559,6900.0
1.1571,-44.287,-44.287,396.286,396.286,6900.0
1.1572,-44.167,-44.167,397.027,397.027,6900.0
1.1573,-43.755,-43.755,397.757,397.757,6900.0
1.1574,-43.716,-43.716,398.464,398.464,6900.0
1.1575,-43.23,-43.23,399.178,399.178,6900.0
1.1576,-42.966,-42.966,399.862,399.862,6900.0
1.1577,-42.461,-42.461,400.546,400.546,6900.0
1.1578,-41.852,-41.852,401.197,401.197,6900.0
1.1579,-41.548,-41.548,401.802,401.802,6900.0
1.158,-41.015,-41.015,402.393,402.393,6900.0
1.1581,-40.525,-40.525,402.953,402.953,6900.0
1.1582,-40.084,-40.084,403.498,403.498,6900.0
1.1583,-39.274,-39.274,404.015,404.015,6900.0
1.1584,-38.654,-38.654,404.479,404.479,6900.0
1.1585,-37.902,-37.902,404.916,404.916,6900.0
1.1586,-37.211,-37.211,405.318,405.318,6900.0
1.1587,-36.486,-36.486,405.696,405.696,6900.0
1.1588,-35.606,-35.606,406.036,406.036,6900.0
1.1589,-34.59,-34.59,406.332,406.332,6900.0
1.159,-33.84,-33.84,406.582,406.582,6900.0
1.1591,-33.107,-33.107,406.794,406.794,6900.0
1.1592,-32.13,-32.13,406.972,406.972,6900.0
1.1593,-31.186,-31.186,407.108,407.108,6900.0
1.1594,-30.276,-30.276,407.204,407.204,6900.0
1.1595,-29.103,-29.103,407.257,407.257,6900.0
1.1596,-28.059,-28.059,407.256,407.256,6900.0
1.1597,-27.08,-27.08,407.205,407.205,6900.0
1.1598,-26.071,-26.071,407.119,407.119,6900.0
1.1599,-25.298,-25.298,407.002,407.002,6900.0
1.16,-23.953,-23.953,406.86,406.86,6900.0
1.1601,-22.63,-22.63,406.661,406.661,6900.0
1.1602,-21.565,-21.565,406.408,406.408,6900.0
1.1603,-20.658,-20.658,406.121,406.121,6900.0
1.1604,-19.791,-19.791,405.819,405.819,6900.0
1.1605,-18.292,-18.292,405.499,405.499,6900.0
1.1606,-16.752,-16.752,405.126,405.126,6900.0
1.1607,-15.678,-15.678,404.7,404.7,6900.0
1.1608,-14.567,-14.567,404.242,404.242,6900.0
1.1609,-13.598,-13.598,403.758,403.758,6900.0
1.161,-12.193,-12.193,403.255,403.255,6900.0
1.1611,-10.718,-10.718,402.72,402.72,6900.0
1.1612,-9.723,-9.723,402.153,402.153,6900.0
1.1613,-8.369,-8.369,401.569,401.569,6900.0
1.1614,-7.411,-7.411,400.967,400.967,6900.0
1.1615,-6.008,-6.008,400.355,400.355,6900.0
1.1616,-4.567,-4.567,399.726,399.726,6900.0
1.1617,-3.224,-3.224,399.082,399.082,6900.0
1.1618,-2.007,-2.007,398.427,398.427,6900.0
1.1619,-1.014,-1.014,397.765,397.765,6900.0
1.162,-1.031,-1.031,397.098,397.098,6900.0
1.1621,-0.0,-0.0,396.429,396.429,6900.0
1.1622,1.145,1.145,395.759,395.759,6900.0
1.1623,1.43,1.43,395.09,395.09,6900.0
1.1624,2.488,2.488,394.423,394.423,6900.0
1.1625,3.292,3.292,393.762,393.762,6900.0
1.1626,4.367,4.367,393.106,393.106,6900.0
1.1627,5.685,5.685,392.455,392.455,6900.0
1.1628,6.945,6.945,391.817,391.817,6900.0
1.1629,8.492,8.492,391.193,391.193,6900.0
1.163,9.751,9.751,390.593,390.593,6900.0
1.1631,10.848,10.848,390.009,390.009,6900.0
1.1632,12.492,12.492,389.435,389.435,6900.0
1.1633,14.054,14.054,388.893,388.893,6900.0
1.1634,15.851,15.851,388.391,388.391,6900.0
1.1635,17.168,17.168,387.945,387.945,6900.0
1.1636,18.072,18.072,387.531,387.531,6900.0
1.1637,19.429,19.429,387.129,387.129,6900.0
1.1638,21.085,21.085,386.759,386.759,6900.0
1.1639,22.787,22.787,386.439,386.439,6900.0
1.164,24.06,24.06,386.185,386.185,6900.0
1.1641,25.319,25.319,385.972,385.972,6900.0
1.1642,26.566,26.566,385.792,385.792,6900.0
1.1643,27.998,27.998,385.65,385.65,6900.0
1.1644,29.373,29.373,385.56,385.56,6900.0
1.1645,30.744,30.744,385.528,385.528,6900.0
1.1646,31.938,31.938,385.553,385.553,6900.0
1.1647,33.203,33.203,385.633,385.633,6900.0
1.1648,34.353,34.353,385.767,385.767,6900.0
1.1649,35.299,35.299,385.949,385.949,6900.0
1.165,36.392,36.392,386.171,386.171,6900.0
1.1651,37.512,37.512,386.441,386.441,6900.0
1.1652,38.59,38.59,386.771,386.771,6900.0
1.1653,39.328,39.328,387.155,387.155,6900.0
1.1654,40.105,40.105,387.569,387.569,6900.0
1.1655,41.011,41.011,388.007,388.007,6900.0
1.1656,41.723,41.723,388.496,388.496,6900.0
1.1657,42.639,42.639,389.031,389.031,6900.0
1.1658,43.146,43.146,389.623,389.623,6900.0
1.1659,43.667,43.667,390.237,390.237,6900.0
1.166,44.344,44.344,390.867,390.867,6900.0
1.1661,44.787,44.787,391.539,391.539,6900.0
1.1662,45.335,45.335,392.237,392.237,6900.0
1.1663,45.836,45.712,392.982,392.982,6900.0
1.1664,45.565,45.565,393.74,393.74,6900.0
1.1665,46.03,46.03,394.486,394.486,6900.0
1.1666,46.143,46.143,395.256,395.256,6900.0
1.1667,46.423,46.423,396.023,396.023,6900.0
1.1668,46.35,46.35,396.823,396.823,6900.0
1.1669,46.118,46.118,397.615,397.615,6900.0
1.167,46.238,46.238,398.397,398.397,6900.0
1.1671,45.985,45.985,399.193,399.193,6900.0
1.1672,45.983,45.983,399.962,399.962,6900.0
1.1673,45.692,45.692,400.748,400.748,6900.0
1.1674,45.368,45.368,401.516,401.516,6900.0
1.1675,45.038,45.038,402.276,402.276,6900.0
1.1676,44.577,44.577,403.025,403.025,6900.0
1.1677,43.967,43.967,403.737,403.737,6900.0
1.1678,43.653,43.653,404.419,404.419,6900.0
1.1679,43.007,43.007,405.08,405.08,6900.0
1.168,42.675,42.675,405.716,405.716,6900.0
1.1681,41.838,41.838,406.336,406.336,6900.0
1.1682,41.064,41.064,406.906,406.906,6900.0
1.1683,40.586,40.586,407.433,407.433,6900.0
1.1684,39.945,39.945,407.935,407.935,6900.0
1.1685,39.271,39.271,408.414,408.414,6900.0
1.1686,38.512,38.512,408.863,408.863,6900.0
1.1687,37.556,37.556,409.27,409.27,6900.0
1.1688,36.698,36.698,409.629,409.629,6900.0
1.1689,35.804,35.804,409.947,409.947,6900.0
1.169,35.03,35.03,410.227,410.227,6900.0
1.1691,34.093,34.093,410.472,410.472,6900.0
1.1692,32.962,32.962,410.674,410.674,6900.0
1.1693,31.892,31.892,410.83,410.83,6900.0
1.1694,30.88,30.88,410.936,410.936,6900.0
1.1695,29.909,29.909,410.991,410.991,6900.0
1.1696,28.94,28.94,411.004,411.004,6900.0
1.1697,27.892,27.892,410.983,410.983,6900.0
1.1698,26.698,26.698,410.932,410.932,6900.0
1.1699,25.407,25.407,410.833,410.833,6900.0
1.17,24.317,24.317,410.674,410.674,6900.0
1.1701,23.319,23.319,410.475,410.475,6900.0
1.1702,22.447,22.447,410.247,410.247,6900.0
1.1703,21.75,21.37,410.005,410.005,6900.0
1.1704,19.677,19.677,409.723,409.723,6900.0
1.1705,18.353,18.353,409.373,409.373,6900.0
1.1706,17.273,17.273,408.98,408.98,6900.0
1.1707,16.334,16.334,408.557,408.557,6900.0
1.1708,15.227,15.227,408.12,408.12,6900.0
1.1709,13.68,13.68,407.658,407.658,6900.0
1.171,12.291,12.291,407.155,407.155,6900.0
1.1711,11.113,11.113,406.627,406.627,6900.0
1.1712,10.03,10.03,406.076,406.076,6900.0
1.1713,8.687,8.687,405.511,405.511,6900.0
1.1714,7.285,7.285,404.927,404.927,6900.0
1.1715,5.722,5.722,404.319,404.319,6900.0
1.1716,4.557,4.557,403.693,403.693,6900.0
1.1717,3.27,3.27,403.054,403.054,6900.0
1.1718,1.986,1.986,402.405,402.405,6900.0
1.1719,1.007,1.007,401.748,401.748,6900.0
1.172,0.288,0.288,401.088,401.088,6900.0
1.1721,0.0,0.0,400.425,400.425,6900.0
1.1722,-1.217,-1.217,399.762,399.762,6900.0
1.1723,-1.3,-1.3,399.1,399.1,6900.0
1.1724,-2.231,-2.231,398.439,398.439,6900.0
1.1725,-3.237,-3.237,397.78,397.78,6900.0
1.1726,-4.431,-4.431,397.127,397.127,6900.0
1.1727,-5.681,-5.681,396.483,396.483,6900.0
1.1728,-7.06,-7.06,395.853,395.853,6900.0
1.1729,-8.17,-8.17,395.24,395.24,6900.0
1.173,-9.349,-9.349,394.638,394.638,6900.0
1.1731,-11.155,-11.155,394.052,394.052,6900.0
1.1732,-12.576,-12.576,393.497,393.497,6900.0
1.1733,-14.182,-14.182,392.98,392.98,6900.0
1.1734,-15.32,-15.32,392.503,392.503,6900.0
1.1735,-16.485,-16.485,392.04,392.04,6900.0
1.1736,-17.948,-17.948,391.597,391.597,6900.0
1.1737,-19.649,-19.649,391.193,391.193,6900.0
1.1738,-21.414,-21.414,390.846,390.846,6900.0
1.1739,-22.447,-22.447,390.558,390.558,6900.0
1.174,-23.552,-23.552,390.295,390.295,6900.0
1.1741,-24.899,-24.899,390.058,390.058,6900.0
1.1742,-26.302,-26.302,389.863,389.863,6900.0
1.1743,-27.782,-27.782,389.722,389.722,6900.0
1.1744,-28.992,-28.992,389.636,389.636,6900.0
1.1745,-30.196,-30.196,389.598,389.598,6900.0
1.1746,-31.441,-31.441,389.608,389.608,6900.0
1.1747,-32.588,-32.588,389.669,389.669,6900.0
1.1748,-33.716,-33.716,389.779,389.779,6900.0
1.1749,-34.775,-34.775,389.942,389.942,6900.0
1.175,-35.986,-35.986,390.155,390.155,6900.0
1.1751,-36.883,-36.883,390.432,390.432,6900.0
1.1752,-37.714,-37.714,390.749,390.749,6900.0
1.1753,-38.459,-38.459,391.095,391.095,6900.0
1.1754,-39.364,-39.364,391.475,391.475,6900.0
1.1755,-40.339,-40.339,391.893,391.893,6900.0
1.1756,-41.082,-41.082,392.372,392.372,6900.0
1.1757,-41.549,-41.549,392.889,392.889,6900.0
1.1758,-42.137,-42.137,393.416,393.416,6900.0
1.1759,-42.929,-42.929,393.979,393.979,6900.0
1.176,-43.434,-43.434,394.58,394.58,6900.0
1.1761,-43.972,-43.972,395.232,395.232,6900.0
1.1762,-44.102,-44.102,395.921,395.921,6900.0
1.1763,-44.375,-44.375,396.606,396.606,6900.0
1.1764,-44.896,-44.764,397.312,397.312,6900.0
1.1765,-44.885,-44.885,398.032,398.032,6900.0
1.1766,-45.273,-45.273,398.768,398.768,6900.0
1.1767,-45.106,-45.106,399.527,399.527,6900.0
1.1768,-45.039,-45.039,400.264,400.264,6900.0
1.1769,-45.075,-45.075,401.009,401.009,6900.0
1.177,-44.859,-44.859,401.749,401.749,6900.0
1.1771,-45.063,-45.063,402.48,402.48,6900.0
1.1772,-44.864,-44.864,403.229,403.229,6900.0
1.1773,-44.629,-44.629,403.961,403.961,6900.0
1.1774,-44.289,-44.289,404.702,404.702,6900.0
1.1775,-43.792,-43.792,405.423,405.423,6900.0
1.1776,-43.558,-43.558,406.112,406.112,6900.0
1.1777,-43.015,-43.015,406.795,406.795,6900.0
1.1778,-42.59,-42.59,407.446,407.446,6900.0
1.1779,-41.907,-41.907,408.088,408.088,6900.0
1.178,-41.198,-41.198,408.691,408.691,6900.0
1.1781,-40.677,-40.677,409.242,409.242,6900.0
1.1782,-40.018,-40.018,409.772,409.772,6900.0
1.1783,-39.448,-39.448,410.269,410.269,6900.0
1.1784,-38.691,-38.691,410.748,410.748,6900.0
1.1785,-37.833,-37.833,411.191,411.191,6900.0
1.1786,-37.05,-37.05,411.586,411.586,6900.0
1.1787,-36.367,-36.367,411.944,411.944,6900.0
1.1788,-35.463,-35.463,412.271,412.271,6900.0
1.1789,-34.485,-34.485,412.564,412.564,6900.0
1.179,-33.589,-33.589,412.814,412.814,6900.0
1.1791,-32.627,-32.627,413.021,413.021,6900.0
1.1792,-31.778,-31.778,413.182,413.182,6900.0
1.1793,-30.74,-30.74,413.302,413.302,6900.0
1.1794,-29.734,-29.734,413.379,413.379,6900.0
1.1795,-28.776,-28.776,413.415,413.415,6900.0
1.1796,-27.866,-27.866,413.416,413.416,6900.0
1.1797,-26.681,-26.681,413.38,413.38,6900.0
1.1798,-25.443,-25.443,413.293,413.293,6900.0
1.1799,-24.589,-24.589,413.151,413.151,6900.0
1.18,-23.579,-23.579,412.979,412.979,6900.0
1.1801,-22.787,-22.787,412.782,412.782,6900.0
1.1802,-21.37,-21.37,412.563,412.563,6900.0
1.1803,-19.829,-19.829,412.287,412.287,6900.0
1.1804,-19.31,-18.884,411.953,411.953,6900.0
1.1805,-17.782,-17.782,411.589,411.589,6900.0
1.1806,-16.986,-16.986,411.206,411.206,6900.0
1.1807,-15.591,-15.591,410.807,410.807,6900.0
1.1808,-14.009,-14.009,410.369,410.369,6900.0
1.1809,-12.956,-12.956,409.887,409.887,6900.0
1.181,-11.672,-11.672,409.382,409.382,6900.0
1.1811,-10.728,-10.728,408.852,408.852,6900.0
1.1812,-9.483,-9.483,408.306,408.306,6900.0
1.1813,-7.908,-7.908,407.735,407.735,6900.0
1.1814,-6.724,-6.724,407.138,407.138,6900.0
1.1815,-5.518,-5.518,406.526,406.526,6900.0
1.1816,-4.276,-4.276,405.899,405.899,6900.0
1.1817,-3.097,-3.097,405.262,405.262,6900.0
1.1818,-1.971,-1.971,404.616,404.616,6900.0
1.1819,-0.913,-0.913,403.963,403.963,6900.0
1.182,-0.82,-0.82,403.306,403.306,6900.0
1.1821,-0.0,-0.0,402.647,402.647,6900.0
1.1822,1.011,1.011,401.988,401.988,6900.0
1.1823,1.809,1.809,401.328,401.328,6900.0
1.1824,2.385,2.385,400.671,400.671,6900.0
1.1825,3.172,3.172,400.017,400.017,6900.0
1.1826,4.506,4.506,399.368,399.368,6900.0
1.1827,5.447,5.447,398.733,398.733,6900.0
1.1828,6.453,6.453,398.106,398.106,6900.0
1.1829,7.668,7.668,397.489,397.489,6900.0
1.183,9.165,9.165,396.889,396.889,6900.0
1.1831,10.67,10.67,396.312,396.312,6900.0
1.1832,12.031,12.031,395.767,395.767,6900.0
1.1833,12.92,12.92,395.244,395.244,6900.0
1.1834,14.304,14.304,394.729,394.729,6900.0
1.1835,15.819,15.819,394.244,394.244,6900.0
1.1836,17.617,17.617,393.802,393.802,6900.0
1.1837,18.825,18.825,393.421,393.421,6900.0
1.1838,19.726,19.726,393.074,393.074,6900.0
1.1839,21.013,21.013,392.742,392.742,6900.0
1.184,22.411,22.411,392.443,392.443,6900.0
1.1841,23.821,23.821,392.19,392.19,6900.0
1.1842,25.153,25.153,391.991,391.991,6900.0
1.1843,26.256,26.256,391.838,391.838,6900.0
1.1844,27.449,27.449,391.719,391.719,6900.0
1.1845,28.574,28.574,391.644,391.644,6900.0
1.1846,29.872,29.872,391.614,391.614,6900.0
1.1847,31.046,31.046,391.637,391.637,6900.0
1.1848,32.025,32.025,391.715,391.715,6900.0
1.1849,33.164,33.164,391.844,391.844,6900.0
1.185,34.113,34.113,392.025,392.025,6900.0
1.1851,34.928,34.928,392.245,392.245,6900.0
1.1852,35.955,35.955,392.495,392.495,6900.0
1.1853,36.75,36.75,392.79,392.79,6900.0
1.1854,37.686,37.686,393.132,393.132,6900.0
1.1855,38.258,38.258,393.522,393.522,6900.0
1.1856,38.754,38.754,393.937,393.937,6900.0
1.1857,39.493,39.493,394.367,394.367,6900.0
1.1858,40.054,40.054,394.839,394.839,6900.0
1.1859,40.992,40.992,395.349,395.349,6900.0
1.186,41.279,41.279,395.922,395.922,6900.0
1.1861,41.443,41.443,396.51,396.51,6900.0
1.1862,41.919,41.919,397.104,397.104,6900.0
1.1863,42.175,42.175,397.727,397.727,6900.0
1.1864,42.702,42.702,398.36,398.36,6900.0
1.1865,42.745,42.745,399.032,399.032,6900.0
1.1866,42.585,42.585,399.701,399.701,6900.0
1.1867,42.911,42.911,400.356,400.356,6900.0
1.1868,42.785,42.785,401.028,401.028,6900.0
1.1869,42.821,42.821,401.685,401.685,6900.0
1.187,42.808,42.808,402.363,402.363,6900.0
1.1871,42.572,42.572,403.038,403.038,6900.0
1.1872,42.678,42.678,403.708,403.708,6900.0
1.1873,42.234,42.234,404.39,404.39,6900.0
1.1874,41.82,41.82,405.041,405.041,6900.0
1.1875,41.744,41.744,405.685,405.685,6900.0
1.1876,41.204,41.204,406.32,406.32,6900.0
1.1877,40.928,40.928,406.936,406.936,6900.0
1.1878,40.283,40.283,407.54,407.54,6900.0
1.1879,39.631,39.631,408.097,408.097,6900.0
1.188,39.207,39.207,408.622,408.622,6900.0
1.1881,38.582,38.582,409.119,409.119,6900.0
1.1882,38.266,38.266,409.594,409.594,6900.0
1.1883,37.474,37.474,410.054,410.054,6900.0
1.1884,36.658,36.658,410.471,410.471,6900.0
1.1885,36.018,36.018,410.845,410.845,6900.0
1.1886,35.424,35.424,411.189,411.189,6900.0
1.1887,34.659,34.659,411.512,411.512,6900.0
1.1888,33.767,33.767,411.803,411.803,6900.0
1.1889,32.883,32.883,412.052,412.052,6900.0
1.189,32.053,32.053,412.256,412.256,6900.0
1.1891,31.213,31.213,412.421,412.421,6900.0
1.1892,30.208,30.208,412.549,412.549,6900.0
1.1893,29.388,29.388,412.633,412.633,6900.0
1.1894,28.451,28.451,412.683,412.683,6900.0
1.1895,27.368,27.368,412.696,412.696,6900.0
1.1896,26.243,26.243,412.663,412.663,6900.0
1.1897,25.221,25.221,412.577,412.577,6900.0
1.1898,24.456,24.456,412.45,412.45,6900.0
1.1899,23.52,23.52,412.298,412.298,6900.0
1.19,22.387,22.387,412.125,412.125,6900.0
1.1901,21.163,21.163,411.908,411.908,6900.0
1.1902,19.896,19.896,411.635,411.635,6900.0
1.1903,19.045,19.045,411.32,411.32,6900.0
1.1904,18.221,18.221,410.985,410.985,6900.0
1.1905,17.657,17.249,410.639,410.639,6900.0
1.1906,15.689,15.689,410.263,410.263,6900.0
1.1907,14.418,14.418,409.835,409.835,6900.0
1.1908,13.286,13.286,409.37,409.37,6900.0
1.1909,12.316,12.316,408.875,408.875,6900.0
1.191,11.218,11.218,408.363,408.363,6900.0
1.1911,9.906,9.906,407.827,407.827,6900.0
1.1912,8.594,8.594,407.261,407.261,6900.0
1.1913,7.598,7.598,406.675,406.675,6900.0
1.1914,6.507,6.507,406.072,406.072,6900.0
1.1915,5.478,5.478,405.458,405.458,6900.0
1.1916,4.059,4.059,404.833,404.833,6900.0
1.1917,2.706,2.706,404.194,404.194,6900.0
1.1918,1.674,1.674,403.546,403.546,6900.0
1.1919,0.767,0.767,402.891,402.891,6900.0
1.192,1.089,1.089,402.232,402.232,6900.0
1.1921,0.0,0.0,401.572,401.572,6900.0
1.1922,-0.867,-0.867,400.911,400.911,6900.0
1.1923,-1.592,-1.592,400.251,400.251,6900.0
1.1924,-2.153,-2.153,399.592,399.592,6900.0
1.1925,-3.193,-3.193,398.938,398.938,6900.0
1.1926,-4.01,-4.01,398.291,398.291,6900.0
1.1927,-4.934,-4.934,397.65,397.65,6900.0
1.1928,-6.389,-6.389,397.017,397.017,6900.0
1.1929,-7.475,-7.475,396.398,396.398,6900.0
1.193,-8.847,-8.847,395.798,395.798,6900.0
1.1931,-9.984,-9.984,395.218,395.218,6900.0
1.1932,-11.09,-11.09,394.65,394.65,6900.0
1.1933,-12.737,-12.737,394.098,394.098,6900.0
1.1934,-14.223,-14.223,393.579,393.579,6900.0
1.1935,-15.776,-15.776,393.106,393.106,6900.0
1.1936,-16.656,-16.656,392.68,392.68,6900.0
1.1937,-17.727,-17.727,392.269,392.269,6900.0
1.1938,-19.156,-19.156,391.88,391.88,6900.0
1.1939,-20.588,-20.588,391.532,391.532,6900.0
1.194,-22.005,-22.005,391.237,391.237,6900.0
1.1941,-23.144,-23.144,390.993,390.993,6900.0
1.1942,-24.204,-24.204,390.782,390.782,6900.0
1.1943,-25.366,-25.366,390.604,390.604,6900.0
1.1944,-26.58,-26.58,390.467,390.467,6900.0
1.1945,-28.199,-27.927,390.377,390.377,6900.0
1.1946,-29.008,-29.008,390.338,390.338,6900.0
1.1947,-30.014,-30.014,390.349,390.349,6900.0
1.1948,-31.106,-31.106,390.404,390.404,6900.0
1.1949,-32.056,-32.056,390.507,390.507,6900.0
1.195,-32.988,-32.988,390.648,390.648,6900.0
1.1951,-34.084,-34.084,390.831,390.831,6900.0
1.1952,-34.955,-34.955,391.065,391.065,6900.0
1.1953,-35.877,-35.877,391.35,391.35,6900.0
1.1954,-36.47,-36.47,391.676,391.676,6900.0
1.1955,-37.165,-37.165,392.022,392.022,6900.0
1.1956,-37.946,-37.946,392.403,392.403,6900.0
1.1957,-38.76,-38.76,392.818,392.818,6900.0
1.1958,-39.284,-39.284,393.293,393.293,6900.0
1.1959,-39.744,-39.744,393.797,393.797,6900.0
1.196,-40.196,-40.196,394.311,394.311,6900.0
1.1961,-40.576,-40.576,394.856,394.856,6900.0
1.1962,-40.936,-40.936,395.42,395.42,6900.0
1.1963,-41.331,-41.331,396.021,396.021,6900.0
1.1964,-41.337,-41.337,396.647,396.647,6900.0
1.1965,-41.66,-41.66,397.261,397.261,6900.0
1.1966,-41.839,-41.839,397.898,397.898,6900.0
1.1967,-41.771,-41.771,398.538,398.538,6900.0
1.1968,-42.088,-42.088,399.181,399.181,6900.0
1.1969,-41.898,-41.898,399.844,399.844,6900.0
1.197,-41.945,-41.945,400.488,400.488,6900.0
1.1971,-41.844,-41.844,401.147,401.147,6900.0
1.1972,-41.467,-41.467,401.796,401.796,6900.0
1.1973,-41.64,-41.64,402.425,402.425,6900.0
1.1974,-41.262,-41.262,403.068,403.068,6900.0
1.1975,-40.972,-40.972,403.688,403.688,6900.0
1.1976,-40.65,-40.65,404.311,404.311,6900.0
1.1977,-40.015,-40.015,404.912,404.912,6900.0
1.1978,-39.678,-39.678,405.472,405.472,6900.0
1.1979,-39.062,-39.062,406.019,406.019,6900.0
1.198,-38.792,-38.792,406.53,406.53,6900.0
1.1981,-38.165,-38.165,407.036,407.036,6900.0
1.1982,-37.369,-37.369,407.506,407.506,6900.0
1.1983,-36.725,-36.725,407.926,407.926,6900.0
1.1984,-36.074,-36.074,408.319,408.319,6900.0
1.1985,-35.586,-35.586,408.681,408.681,6900.0
1.1986,-34.796,-34.796,409.027,409.027,6900.0
1.1987,-34.062,-34.062,409.336,409.336,6900.0
1.1988,-33.185,-33.185,409.604,409.604,6900.0
1.1989,-32.427,-32.427,409.832,409.832,6900.0
1.199,-31.61,-31.61,410.024,410.024,6900.0
1.1991,-30.819,-30.819,410.18,410.18,6900.0
1.1992,-29.9,-29.9,410.302,410.302,6900.0
1.1993,-28.965,-28.965,410.384,410.384,6900.0
1.1994,-27.961,-27.961,410.422,410.422,6900.0
1.1995,-27.0,-27.0,410.413,410.413,6900.0
1.1996,-26.16,-26.16,410.361,410.361,6900.0
1.1997,-25.193,-25.193,410.275,410.275,6900.0
1.1998,-24.37,-24.37,410.161,410.161,6900.0
1.1999,-23.273,-23.273,410.016,410.016,6900.0
1.2,-22.091,-22.091,409.824,409.824,6900.0
1.2001,-21.108,-21.108,409.582,409.582,6900.0
1.2002,-20.195,-20.195,409.31,409.31,6900.0
1.2003,-19.339,-19.339,409.019,409.019,6900.0
1.2004,-17.874,-17.874,408.709,408.709,6900.0
1.2005,-16.358,-16.358,408.344,408.344,6900.0
1.2006,-15.854,-15.405,407.926,407.926,6900.0
1.2007,-14.498,-14.498,407.477,407.477,6900.0
1.2008,-13.668,-13.668,407.006,407.006,6900.0
1.2009,-12.281,-12.281,406.52,406.52,6900.0
1.201,-10.84,-10.84,406.001,406.001,6900.0
1.2011,-10.066,-10.066,405.452,405.452,6900.0
1.2012,-8.751,-8.751,404.888,404.888,6900.0
1.2013,-7.848,-7.848,404.305,404.305,6900.0
1.2014,-6.544,-6.544,403.711,403.711,6900.0
1.2015,-5.15,-5.15,403.098,403.098,6900.0
1.2016,-3.965,-3.965,402.467,402.467,6900.0
1.2017,-2.735,-2.735,401.824,401.824,6900.0
1.2018,-1.771,-1.771,401.171,401.171,6900.0
1.2019,-0.765,-0.765,400.512,400.512,6900.0
1.202,-0.0,-0.0,399.85,399.85,6900.0
1.2021,-0.0,-0.0,399.185,399.185,6900.0
1.2022,1.37,1.37,398.52,398.52,6900.0
1.2023,1.419,1.419,397.856,397.856,6900.0
1.2024,2.14,2.14,397.194,397.194,6900.0
1.2025,2.803,2.803,396.534,396.534,6900.0
1.2026,4.135,4.135,395.878,395.878,6900.0
1.2027,5.08,5.08,395.231,395.231,6900.0
1.2028,6.582,6.582,394.592,394.592,6900.0
1.2029,7.785,7.785,393.973,393.973,6900.0
1.203,8.782,8.782,393.368,393.368,6900.0
1.2031,10.063,10.063,392.773,392.773,6900.0
1.2032,11.507,11.507,392.203,392.203,6900.0
1.2033,13.108,13.108,391.665,391.665,6900.0
1.2034,14.436,14.436,391.172,391.172,6900.0
1.2035,15.269,15.269,390.707,390.707,6900.0
1.2036,16.563,16.563,390.253,390.253,6900.0
1.2037,18.1,18.1,389.827,389.827,6900.0
1.2038,19.671,19.671,389.448,389.448,6900.0
1.2039,21.006,21.006,389.127,389.127,6900.0
1.204,21.892,21.892,388.846,388.846,6900.0
1.2041,23.117,23.117,388.582,388.582,6900.0
1.2042,24.575,24.575,388.353,388.353,6900.0
1.2043,25.825,25.825,388.172,388.172,6900.0
1.2044,26.957,26.957,388.044,388.044,6900.0
1.2045,28.289,28.289,387.963,387.963,6900.0
1.2046,29.745,29.49,387.934,387.934,6900.0
1.2047,30.526,30.526,387.956,387.956,6900.0
1.2048,31.628,31.628,388.023,388.023,6900.0
1.2049,32.63,32.63,388.136,388.136,6900.0
1.205,33.607,33.607,388.298,388.298,6900.0
1.2051,34.671,34.671,388.511,388.511,6900.0
1.2052,35.515,35.515,388.773,388.773,6900.0
1.2053,36.286,36.286,389.068,389.068,6900.0
1.2054,37.177,37.177,389.387,389.387,6900.0
1.2055,37.908,37.908,389.747,389.747,6900.0
1.2056,38.77,38.77,390.154,390.154,6900.0
1.2057,39.35,39.35,390.611,390.611,6900.0
1.2058,39.817,39.817,391.092,391.092,6900.0
1.2059,40.427,40.427,391.59,391.59,6900.0
1.206,40.877,40.877,392.129,392.129,6900.0
1.2061,41.538,41.538,392.7,392.7,6900.0
1.2062,41.874,41.874,393.325,393.325,6900.0
1.2063,42.041,42.041,393.962,393.962,6900.0
1.2064,42.473,42.473,394.601,394.601,6900.0
1.2065,42.465,42.465,395.264,395.264,6900.0
1.2066,42.811,42.811,395.918,395.918,6900.0
1.2067,42.871,42.871,396.604,396.604,6900.0
1.2068,42.843,42.843,397.282,397.282,6900.0
1.2069,43.0,43.0,397.954,397.954,6900.0
1.207,42.712,42.712,398.639,398.639,6900.0
1.2071,42.718,42.718,399.301,399.301,6900.0
1.2072,42.615,42.615,399.984,399.984,6900.0
1.2073,42.201,42.201,400.661,400.661,6900.0
1.2074,42.216,42.216,401.33,401.33,6900.0
1.2075,41.746,41.746,402.003,402.003,6900.0
1.2076,41.216,41.216,402.644,402.644,6900.0
1.2077,41.012,41.012,403.264,403.264,6900.0
1.2078,40.415,40.415,403.865,403.865,6900.0
1.2079,40.078,40.078,404.441,404.441,6900.0
1.208,39.533,39.533,404.995,404.995,6900.0
1.2081,38.845,38.845,405.506,405.506,6900.0
1.2082,38.353,38.353,405.981,405.981,6900.0
1.2083,37.753,37.753,406.428,406.428,6900.0
1.2084,37.157,37.157,406.857,406.857,6900.0
1.2085,36.359,36.359,407.263,407.263,6900.0
1.2086,35.528,35.528,407.629,407.629,6900.0
1.2087,34.777,34.777,407.952,407.952,6900.0
1.2088,33.99,33.99,408.242,408.242,6900.0
1.2089,33.334,33.334,408.5,408.5,6900.0
1.209,32.499,32.499,408.727,408.727,6900.0
1.2091,31.447,31.447,408.913,408.913,6900.0
1.2092,30.481,30.481,409.05,409.05,6900.0
1.2093,29.525,29.525,409.141,409.141,6900.0
1.2094,28.841,28.841,409.182,409.182,6900.0
1.2095,27.93,27.93,409.188,409.188,6900.0
1.2096,26.967,26.967,409.161,409.161,6900.0
1.2097,26.01,26.01,409.102,409.102,6900.0
1.2098,24.869,24.869,409.003,409.003,6900.0
1.2099,23.653,23.653,408.851,408.851,6900.0
1.21,22.903,22.903,408.657,408.657,6900.0
1.2101,22.123,22.123,408.441,408.441,6900.0
1.2102,20.857,20.857,408.21,408.21,6900.0
1.2103,19.391,19.391,407.936,407.936,6900.0
1.2104,18.142,18.142,407.598,407.598,6900.0
1.2105,17.234,17.234,407.217,407.217,6900.0
1.2106,16.372,16.372,406.81,406.81,6900.0
1.2107,15.349,15.349,406.388,406.388,6900.0
1.2108,13.814,13.814,405.941,405.941,6900.0
1.2109,12.423,12.423,405.451,405.451,6900.0
1.211,11.518,11.518,404.932,404.932,6900.0
1.2111,10.351,10.351,404.392,404.392,6900.0
1.2112,9.307,9.307,403.836,403.836,6900.0
1.2113,7.965,7.965,403.262,403.262,6900.0
1.2114,6.568,6.568,402.662,402.662,6900.0
1.2115,5.499,5.499,402.044,402.044,6900.0
1.2116,4.189,4.189,401.411,401.411,6900.0
1.2117,3.004,3.004,400.766,400.766,6900.0
1.2118,1.908,1.908,400.112,400.112,6900.0
1.2119,0.782,0.782,399.451,399.451,6900.0
1.212,0.0,0.0,398.787,398.787,6900.0
1.2121,0.0,0.0,398.121,398.121,6900.0
1.2122,-1.221,-1.221,397.453,397.453,6900.0
1.2123,-1.348,-1.348,396.787,396.787,6900.0
1.2124,-2.156,-2.156,396.121,396.121,6900.0
1.2125,-3.213,-3.213,395.459,395.459,6900.0
1.2126,-4.282,-4.282,394.803,394.803,6900.0
1.2127,-5.514,-5.514,394.158,394.158,6900.0
1.2128,-6.641,-6.641,393.525,393.525,6900.0
1.2129,-7.713,-7.713,392.902,392.902,6900.0
1.213,-9.225,-9.225,392.293,392.293,6900.0
1.2131,-10.729,-10.729,391.708,391.708,6900.0
1.2132,-12.246,-12.246,391.155,391.155,6900.0
1.2133,-13.278,-13.278,390.635,390.635,6900.0
1.2134,-14.37,-14.37,390.128,390.128,6900.0
1.2135,-16.038,-16.038,389.638,389.638,6900.0
1.2136,-17.609,-17.609,389.188,389.188,6900.0
1.2137,-19.215,-19.215,388.793,388.793,6900.0
1.2138,-20.297,-20.297,388.452,388.452,6900.0
1.2139,-21.245,-21.245,388.136,388.136,6900.0
1.214,-22.579,-22.579,387.841,387.841,6900.0
1.2141,-24.016,-24.016,387.585,387.585,6900.0
1.2142,-25.403,-25.403,387.382,387.382,6900.0
1.2143,-26.705,-26.705,387.229,387.229,6900.0
1.2144,-27.781,-27.781,387.122,387.122,6900.0
1.2145,-29.04,-29.04,387.053,387.053,6900.0
1.2146,-30.207,-30.207,387.033,387.033,6900.0
1.2147,-31.614,-31.368,387.061,387.061,6900.0
1.2148,-32.654,-32.654,387.143,387.143,6900.0
1.2149,-33.797,-33.797,387.284,387.284,6900.0
1.215,-34.74,-34.74,387.485,387.485,6900.0
1.2151,-35.615,-35.615,387.732,387.732,6900.0
1.2152,-36.418,-36.418,388.011,388.011,6900.0
1.2153,-37.406,-37.406,388.325,388.325,6900.0
1.2154,-38.364,-38.364,388.681,388.681,6900.0
1.2155,-39.178,-39.178,389.092,389.092,6900.0
1.2156,-39.659,-39.659,389.541,389.541,6900.0
1.2157,-40.246,-40.246,390.002,390.002,6900.0
1.2158,-41.039,-41.039,390.496,390.496,6900.0
1.2159,-41.771,-41.771,391.027,391.027,6900.0
1.216,-42.521,-42.521,391.618,391.618,6900.0
1.2161,-42.804,-42.804,392.253,392.253,6900.0
1.2162,-43.148,-43.148,392.893,392.893,6900.0
1.2163,-43.462,-43.462,393.562,393.562,6900.0
1.2164,-43.67,-43.67,394.245,394.245,6900.0
1.2165,-43.9,-43.9,394.953,394.953,6900.0
1.2166,-43.99,-43.99,395.676,395.676,6900.0
1.2167,-44.12,-44.12,396.383,396.383,6900.0
1.2168,-44.103,-44.103,397.104,397.104,6900.0
1.2169,-44.135,-44.135,397.813,397.813,6900.0
1.217,-44.241,-44.241,398.525,398.525,6900.0
1.2171,-44.025,-44.025,399.251,399.251,6900.0
1.2172,-43.838,-43.838,399.962,399.962,6900.0
1.2173,-43.579,-43.579,400.682,400.682,6900.0
1.2174,-43.295,-43.295,401.385,401.385,6900.0
1.2175,-43.146,-43.146,402.069,402.069,6900.0
1.2176,-42.705,-42.705,402.754,402.754,6900.0
1.2177,-42.305,-42.305,403.414,403.414,6900.0
1.2178,-41.81,-41.81,404.067,404.067,6900.0
1.2179,-41.123,-41.123,404.688,404.688,6900.0
1.218,-40.652,-40.652,405.26,405.26,6900.0
1.2181,-40.157,-40.157,405.808,405.808,6900.0
1.2182,-39.628,-39.628,406.324,406.324,6900.0
1.2183,-38.841,-38.841,406.824,406.824,6900.0
1.2184,-38.047,-38.047,407.284,407.284,6900.0
1.2185,-37.394,-37.394,407.696,407.696,6900.0
1.2186,-36.663,-36.663,408.078,408.078,6900.0
1.2187,-36.026,-36.026,408.427,408.427,6900.0
1.2188,-35.156,-35.156,408.755,408.755,6900.0
1.2189,-34.373,-34.373,409.043,409.043,6900.0
1.219,-33.318,-33.318,409.29,409.29,6900.0
1.2191,-32.389,-32.389,409.491,409.491,6900.0
1.2192,-31.586,-31.586,409.648,409.648,6900.0
1.2193,-30.659,-30.659,409.766,409.766,6900.0
1.2194,-29.736,-29.736,409.844,409.844,6900.0
1.2195,-28.764,-28.764,409.885,409.885,6900.0
1.2196,-27.515,-27.515,409.884,409.884,6900.0
1.2197,-26.373,-26.373,409.828,409.828,6900.0
1.2198,-25.589,-25.589,409.72,409.72,6900.0
1.2199,-24.633,-24.633,409.582,409.582,6900.0
1.22,-23.721,-23.721,409.421,409.421,6900.0
1.2201,-22.403,-22.403,409.232,409.232,6900.0
1.2202,-21.053,-21.053,408.988,408.988,6900.0
1.2203,-20.037,-20.037,408.688,408.688,6900.0
1.2204,-19.12,-19.12,408.357,408.357,6900.0
1.2205,-18.299,-18.299,408.011,408.011,6900.0
1.2206,-16.81,-16.81,407.651,407.651,6900.0
1.2207,-15.181,-15.181,407.244,407.244,6900.0
1.2208,-14.174,-14.174,406.787,406.787,6900.0
1.2209,-12.874,-12.874,406.302,406.302,6900.0
1.221,-11.934,-11.934,405.79,405.79,6900.0
1.2211,-10.518,-10.518,405.259,405.259,6900.0
1.2212,-9.069,-9.069,404.7,404.7,6900.0
1.2213,-7.992,-7.992,404.113,404.113,6900.0
1.2214,-6.748,-6.748,403.509,403.509,6900.0
1.2215,-5.801,-5.801,402.89,402.89,6900.0
1.2216,-4.472,-4.472,402.261,402.261,6900.0
1.2217,-3.091,-3.091,401.62,401.62,6900.0
1.2218,-1.893,-1.893,400.968,400.968,6900.0
1.2219,-0.943,-0.943,400.309,400.309,6900.0
1.222,-1.049,-1.049,399.646,399.646,6900.0
1.2221,-0.0,-0.0,398.982,398.982,6900.0
1.2222,0.855,0.855,398.316,398.316,6900.0
1.2223,1.53,1.53,397.651,397.651,6900.0
1.2224,2.268,2.268,396.988,396.988,6900.0
1.2225,3.472,3.472,396.329,396.329,6900.0
1.2226,4.366,4.366,395.68,395.68,6900.0
1.2227,5.386,5.386,395.038,395.038,6900.0
1.2228,6.805,6.805,394.404,394.404,6900.0
1.2229,7.983,7.983,393.786,393.786,6900.0
1.223,9.576,9.576,393.184,393.184,6900.0
1.2231,10.91,10.91,392.61,392.61,6900.0
1.2232,11.927,11.927,392.055,392.055,6900.0
1.2233,13.389,13.389,391.51,391.51,6900.0
1.2234,14.949,14.949,390.994,390.994,6900.0
1.2235,16.655,16.655,390.519,390.519,6900.0
1.2236,18.09,18.09,390.101,390.101,6900.0
1.2237,19.023,19.023,389.72,389.72,6900.0
1.2238,20.305,20.305,389.354,389.354,6900.0
1.2239,21.764,21.764,389.023,389.023,6900.0
1.224,23.312,23.312,388.74,388.74,6900.0
1.2241,24.558,24.558,388.518,388.518,6900.0
1.2242,25.823,25.823,388.338,388.338,6900.0
1.2243,27.006,27.006,388.195,388.195,6900.0
1.2244,28.259,28.259,388.091,388.091,6900.0
1.2245,29.572,29.572,388.035,388.035,6900.0
1.2246,30.787,30.787,388.032,388.032,6900.0
1.2247,31.858,31.858,388.081,388.081,6900.0
1.2248,32.998,32.998,388.181,388.181,6900.0
1.2249,33.988,33.988,388.333,388.333,6900.0
1.225,35.008,35.008,388.525,388.525,6900.0
1.2251,36.071,36.071,388.757,388.757,6900.0
1.2252,37.028,37.028,389.041,389.041,6900.0
1.2253,38.023,38.023,389.381,389.381,6900.0
1.2254,38.861,38.861,389.771,389.771,6900.0
1.2255,39.395,39.395,390.196,390.196,6900.0
1.2256,40.319,40.319,390.635,390.635,6900.0
1.2257,40.915,40.915,391.121,391.121,6900.0
1.2258,41.732,41.732,391.647,391.647,6900.0
1.2259,42.15,42.15,392.23,392.23,6900.0
1.226,42.52,42.52,392.828,392.828,6900.0
1.2261,43.023,43.023,393.439,393.439,6900.0
1.2262,43.411,43.411,394.083,394.083,6900.0
1.2263,43.903,43.903,394.747,394.747,6900.0
1.2264,44.025,44.025,395.457,395.457,6900.0
1.2265,43.951,43.951,396.169,396.169,6900.0
1.2266,44.301,44.301,396.874,396.874,6900.0
1.2267,44.436,44.436,397.597,397.597,6900.0
1.2268,44.593,44.593,398.314,398.314,6900.0
1.2269,44.487,44.487,399.057,399.057,6900.0
1.227,44.37,44.37,399.788,399.788,6900.0
1.2271,44.443,44.443,400.515,400.515,6900.0
1.2272,44.06,44.06,401.251,401.251,6900.0
1.2273,43.883,43.883,401.957,401.957,6900.0
1.2274,43.784,43.784,402.668,402.668,6900.0
1.2275,43.345,43.345,403.37,403.37,6900.0
1.2276,42.974,42.974,404.06,404.06,6900.0
1.2277,42.416,42.416,404.737,404.737,6900.0
1.2278,41.816,41.816,405.373,405.373,6900.0
1.2279,41.419,41.419,405.982,405.982,6900.0
1.228,40.8,40.8,406.563,406.563,6900.0
1.2281,40.475,40.475,407.122,407.122,6900.0
1.2282,39.597,39.597,407.662,407.662,6900.0
1.2283,38.709,38.709,408.152,408.152,6900.0
1.2284,38.176,38.176,408.597,408.597,6900.0
1.2285,37.496,37.496,409.013,409.013,6900.0
1.2286,36.839,36.839,409.406,409.406,6900.0
1.2287,35.979,35.979,409.772,409.772,6900.0
1.2288,35.387,35.166,410.093,410.093,6900.0
1.2289,34.301,34.301,410.372,410.372,6900.0
1.229,33.364,33.364,410.612,410.612,6900.0
1.2291,32.57,32.57,410.811,410.811,6900.0
1.2292,31.635,31.635,410.973,410.973,6900.0
1.2293,30.584,30.584,411.096,411.096,6900.0
1.2294,29.607,29.607,411.174,411.174,6900.0
1.2295,28.612,28.612,411.207,411.207,6900.0
1.2296,27.61,27.61,411.189,411.189,6900.0
1.2297,26.708,26.708,411.128,411.128,6900.0
1.2298,25.762,25.762,411.038,411.038,6900.0
1.2299,24.705,24.705,410.923,410.923,6900.0
1.23,23.246,23.246,410.765,410.765,6900.0
1.2301,21.983,21.983,410.545,410.545,6900.0
1.2302,21.087,21.087,410.282,410.282,6900.0
1.2303,20.24,20.24,409.996,409.996,6900.0
1.2304,19.17,19.17,409.699,409.699,6900.0
1.2305,17.554,17.554,409.367,409.367,6900.0
1.2306,16.211,16.211,408.975,408.975,6900.0
1.2307,15.188,15.188,408.542,408.542,6900.0
1.2308,14.102,14.102,408.08,408.08,6900.0
1.2309,13.061,13.061,407.598,407.598,6900.0
1.231,11.652,11.652,407.091,407.091,6900.0
1.2311,10.408,10.408,406.55,406.55,6900.0
1.2312,9.361,9.361,405.987,405.987,6900.0
1.2313,8.243,8.243,405.405,405.405,6900.0
1.2314,7.007,7.007,404.812,404.812,6900.0
1.2315,5.59,5.59,404.203,404.203,6900.0
1.2316,4.132,4.132,403.577,403.577,6900.0
1.2317,3.117,3.117,402.937,402.937,6900.0
1.2318,1.795,1.795,402.287,402.287,6900.0
1.2319,0.807,0.807,401.63,401.63,6900.0
1.232,0.0,0.0,400.97,400.97,6900.0
1.2321,0.0,0.0,400.307,400.307,6900.0
1.2322,-0.352,-0.352,399.644,399.644,6900.0
1.2323,-1.511,-1.511,398.982,398.982,6900.0
1.2324,-2.361,-2.361,398.322,398.322,6900.0
1.2325,-3.221,-3.221,397.667,397.667,6900.0
1.2326,-4.09,-4.09,397.016,397.016,6900.0
1.2327,-5.497,-5.497,396.372,396.372,6900.0
1.2328,-6.752,-6.752,395.739,395.739,6900.0
1.2329,-8.28,-8.28,395.123,395.123,6900.0
1.233,-9.343,-9.343,394.527,394.527,6900.0
1.2331,-10.551,-10.551,393.941,393.941,6900.0
1.2332,-12.177,-12.177,393.373,393.373,6900.0
1.2333,-13.671,-13.671,392.838,392.838,6900.0
1.2334,-15.271,-15.271,392.347,392.347,6900.0
1.2335,-16.366,-16.366,391.901,391.901,6900.0
1.2336,-17.424,-17.424,391.472,391.472,6900.0
1.2337,-18.913,-18.913,391.062,391.062,6900.0
1.2338,-20.352,-20.352,390.694,390.694,6900.0
1.2339,-21.919,-21.919,390.377,390.377,6900.0
1.234,-23.047,-23.047,390.114,390.114,6900.0
1.2341,-24.154,-24.154,389.882,389.882,6900.0
1.2342,-25.52,-25.52,389.68,389.68,6900.0
1.2343,-26.913,-26.913,389.521,389.521,6900.0
1.2344,-28.19,-28.19,389.416,389.416,6900.0
1.2345,-29.394,-29.394,389.364,389.364,6900.0
1.2346,-30.524,-30.524,389.365,389.365,6900.0
1.2347,-31.524,-31.524,389.416,389.416,6900.0
1.2348,-32.705,-32.705,389.511,389.511,6900.0
1.2349,-33.596,-33.596,389.653,389.653,6900.0
1.235,-34.711,-34.711,389.836,389.836,6900.0
1.2351,-35.798,-35.798,390.069,390.069,6900.0
1.2352,-36.67,-36.67,390.361,390.361,6900.0
1.2353,-37.422,-37.422,390.693,390.693,6900.0
1.2354,-38.114,-38.114,391.048,391.048,6900.0
1.2355,-39.02,-39.02,391.439,391.439,6900.0
1.2356,-39.975,-39.975,391.867,391.867,6900.0
1.2357,-40.631,-40.631,392.357,392.357,6900.0
1.2358,-41.022,-41.022,392.884,392.884,6900.0
1.2359,-41.556,-41.556,393.419,393.419,6900.0
1.236,-42.135,-42.135,393.989,393.989,6900.0
1.2361,-42.691,-42.691,394.588,394.588,6900.0
1.2362,-43.152,-43.152,395.236,395.236,6900.0
1.2363,-43.265,-43.265,395.915,395.915,6900.0
1.2364,-43.326,-43.326,396.589,396.589,6900.0
1.2365,-43.634,-43.634,397.277,397.277,6900.0
1.2366,-43.648,-43.648,397.97,397.97,6900.0
1.2367,-43.91,-43.91,398.673,398.673,6900.0
1.2368,-43.8,-43.8,399.391,399.391,6900.0
1.2369,-43.842,-43.842,400.089,400.089,6900.0
1.237,-43.724,-43.724,400.803,400.803,6900.0
1.2371,-43.55,-43.55,401.504,401.504,6900.0
1.2372,-43.677,-43.677,402.197,402.197,6900.0
1.2373,-43.239,-43.239,402.907,402.907,6900.0
1.2374,-42.989,-42.989,403.593,403.593,6900.0
1.2375,-42.561,-42.561,404.285,404.285,6900.0
1.2376,-42.09,-42.09,404.953,404.953,6900.0
1.2377,-41.85,-41.85,405.583,405.583,6900.0
1.2378,-41.309,-41.309,406.206,406.206,6900.0
1.2379,-40.833,-40.833,406.797,406.797,6900.0
1.238,-40.209,-40.209,407.373,407.373,6900.0
1.2381,-39.521,-39.521,407.913,407.913,6900.0
1.2382,-38.961,-38.961,408.404,408.404,6900.0
1.2383,-38.372,-38.372,408.869,408.869,6900.0
1.2384,-37.679,-37.679,409.306,409.306,6900.0
1.2385,-36.962,-36.962,409.72,409.72,6900.0
1.2386,-36.17,-36.17,410.1,410.1,6900.0
1.2387,-35.289,-35.289,410.438,410.438,6900.0
1.2388,-34.495,-34.495,410.738,410.738,6900.0
1.2389,-34.021,-33.792,410.999,410.999,6900.0
1.239,-32.923,-32.923,411.23,411.23,6900.0
1.2391,-31.98,-31.98,411.424,411.424,6900.0
1.2392,-30.946,-30.946,411.575,411.575,6900.0
1.2393,-30.009,-30.009,411.677,411.677,6900.0
1.2394,-28.97,-28.97,411.732,411.732,6900.0
1.2395,-27.983,-27.983,411.74,411.74,6900.0
1.2396,-27.187,-27.187,411.709,411.709,6900.0
1.2397,-26.268,-26.268,411.651,411.651,6900.0
1.2398,-25.181,-25.181,411.558,411.558,6900.0
1.2399,-23.817,-23.817,411.418,411.418,6900.0
1.24,-22.849,-22.849,411.224,411.224,6900.0
1.2401,-21.978,-21.978,410.999,410.999,6900.0
1.2402,-21.045,-21.045,410.758,410.758,6900.0
1.2403,-19.647,-19.647,410.493,410.493,6900.0
1.2404,-18.107,-18.107,410.171,410.171,6900.0
1.2405,-17.15,-17.15,409.79,409.79,6900.0
1.2406,-16.162,-16.162,409.379,409.379,6900.0
1.2407,-15.307,-15.307,408.946,408.946,6900.0
1.2408,-13.938,-13.938,408.498,408.498,6900.0
1.2409,-12.402,-12.402,408.015,408.015,6900.0
1.241,-11.556,-11.556,407.495,407.495,6900.0
1.2411,-10.325,-10.325,406.959,406.959,6900.0
1.2412,-9.314,-9.314,406.402,406.402,6900.0
1.2413,-7.786,-7.786,405.832,405.832,6900.0
1.2414,-6.379,-6.379,405.237,405.237,6900.0
1.2415,-5.185,-5.185,404.622,404.622,6900.0
1.2416,-3.927,-3.927,403.992,403.992,6900.0
1.2417,-2.795,-2.795,403.349,403.349,6900.0
1.2418,-1.746,-1.746,402.699,402.699,6900.0
1.2419,-0.812,-0.812,402.042,402.042,6900.0
1.242,-0.0,-0.0,401.381,401.381,6900.0
1.2421,-0.0,-0.0,400.72,400.72,6900.0
1.2422,0.317,0.317,400.057,400.057,6900.0
1.2423,1.376,1.376,399.396,399.396,6900.0
1.2424,2.138,2.138,398.735,398.735,6900.0
1.2425,3.288,3.288,398.077,398.077,6900.0
1.2426,4.361,4.361,397.425,397.425,6900.0
1.2427,5.731,5.731,396.782,396.782,6900.0
1.2428,6.804,6.804,396.155,396.155,6900.0
1.2429,7.787,7.787,395.54,395.54,6900.0
1.243,9.131,9.131,394.934,394.934,6900.0
1.2431,10.628,10.628,394.352,394.352,6900.0
1.2432,12.22,12.22,393.798,393.798,6900.0
1.2433,13.459,13.459,393.285,393.285,6900.0
1.2434,14.253,14.253,392.796,392.796,6900.0
1.2435,15.734,15.734,392.315,392.315,6900.0
1.2436,17.369,17.369,391.864,391.864,6900.0
1.2437,18.908,18.908,391.46,391.46,6900.0
1.2438,20.228,20.228,391.113,391.113,6900.0
1.2439,21.123,21.123,390.805,390.805,6900.0
1.244,22.403,22.403,390.514,390.514,6900.0
1.2441,23.785,23.785,390.257,390.257,6900.0
1.2442,25.232,25.232,390.047,390.047,6900.0
1.2443,26.484,26.484,389.894,389.894,6900.0
1.2444,27.682,27.682,389.788,389.788,6900.0
1.2445,28.855,28.855,389.727,389.727,6900.0
1.2446,29.951,29.951,389.712,389.712,6900.0
1.2447,31.049,31.049,389.742,389.742,6900.0
1.2448,32.188,32.188,389.82,389.82,6900.0
1.2449,33.268,33.268,389.949,389.949,6900.0
1.245,34.331,34.331,390.135,390.135,6900.0
1.2451,35.162,35.162,390.37,390.37,6900.0
1.2452,35.881,35.881,390.64,390.64,6900.0
1.2453,36.793,36.793,390.934,390.934,6900.0
1.2454,37.677,37.677,391.272,391.272,6900.0
1.2455,38.671,38.671,391.658,391.658,6900.0
1.2456,39.325,39.325,392.097,392.097,6900.0
1.2457,39.677,39.677,392.562,392.562,6900.0
1.2458,40.396,40.396,393.037,393.037,6900.0
1.2459,40.821,40.821,393.556,393.556,6900.0
1.246,41.556,41.556,394.106,394.106,6900.0
1.2461,41.95,41.95,394.712,394.712,6900.0
1.2462,42.136,42.136,395.335,395.335,6900.0
1.2463,42.576,42.576,395.962,395.962,6900.0
1.2464,42.708,42.708,396.617,396.617,6900.0
1.2465,43.06,43.06,397.274,397.274,6900.0
1.2466,43.16,43.16,397.965,397.965,6900.0
1.2467,43.034,43.034,398.654,398.654,6900.0
1.2468,43.178,43.178,399.336,399.336,6900.0
1.2469,43.047,43.047,400.026,400.026,6900.0
1.247,43.13,43.13,400.699,400.699,6900.0
1.2471,43.06,43.06,401.392,401.392,6900.0
1.2472,42.702,42.702,402.078,402.078,6900.0
1.2473,42.611,42.611,402.756,402.756,6900.0
1.2474,42.254,42.254,403.436,403.436,6900.0
1.2475,41.755,41.755,404.087,404.087,6900.0
1.2476,41.598,41.598,404.721,404.721,6900.0
1.2477,41.075,41.075,405.343,405.343,6900.0
1.2478,40.802,40.802,405.945,405.945,6900.0
1.2479,40.095,40.095,406.535,406.535,6900.0
1.248,39.428,39.428,407.078,407.078,6900.0
1.2481,39.057,39.057,407.584,407.584,6900.0
1.2482,38.371,38.371,408.067,408.067,6900.0
1.2483,37.802,37.802,408.526,408.526,6900.0
1.2484,37.045,37.045,408.961,408.961,6900.0
1.2485,36.23,36.23,409.353,409.353,6900.0
1.2486,35.503,35.503,409.703,409.703,6900.0
1.2487,34.867,34.867,410.019,410.019,6900.0
1.2488,34.129,34.129,410.309,410.309,6900.0
1.2489,33.359,33.359,410.567,410.567,6900.0
1.249,32.454,32.454,410.786,410.786,6900.0
1.2491,31.45,31.45,410.963,410.963,6900.0
1.2492,30.534,30.534,411.095,411.095,6900.0
1.2493,29.559,29.559,411.184,411.184,6900.0
1.2494,28.709,28.709,411.231,411.231,6900.0
1.2495,27.802,27.802,411.243,411.243,6900.0
1.2496,26.664,26.664,411.224,411.224,6900.0
1.2497,25.427,25.427,411.156,411.156,6900.0
1.2498,24.396,24.396,411.031,411.031,6900.0
1.2499,23.508,23.508,410.865,410.865,6900.0
1.25,22.735,22.735,410.673,410.673,6900.0
1.2501,21.742,21.742,410.465,410.465,6900.0
1.2502,20.25,20.25,410.219,410.219,6900.0
1.2503,18.963,18.963,409.909,409.909,6900.0
1.2504,18.071,18.071,409.557,409.557,6900.0
1.2505,17.332,17.332,409.181,409.181,6900.0
1.2506,16.183,16.183,408.795,408.795,6900.0
1.2507,14.682,14.682,408.38,408.38,6900.0
1.2508,13.404,13.404,407.918,407.918,6900.0
1.2509,12.275,12.275,407.426,407.426,6900.0
1.251,11.172,11.172,406.907,406.907,6900.0
1.2511,10.191,10.191,406.371,406.371,6900.0
1.2512,8.757,8.757,405.813,405.813,6900.0
1.2513,7.477,7.477,405.228,405.228,6900.0
1.2514,6.294,6.294,404.624,404.624,6900.0
1.2515,5.063,5.063,404.003,404.003,6900.0
1.2516,3.997,3.997,403.37,403.37,6900.0
1.2517,2.767,2.767,402.727,402.727,6900.0
1.2518,1.632,1.632,402.075,402.075,6900.0
1.2519,0.828,0.828,401.417,401.417,6900.0
1.252,0.0,0.0,400.756,400.756,6900.0
1.2521,0.0,0.0,400.093,400.093,6900.0
1.2522,-1.71,-1.71,399.429,399.429,6900.0
1.2523,-2.197,-2.197,398.766,398.766,6900.0
1.2524,-2.351,-2.351,398.106,398.106,6900.0
1.2525,-3.248,-3.248,397.449,397.449,6900.0
1.2526,-4.478,-4.478,396.799,396.799,6900.0
1.2527,-5.498,-5.498,396.161,396.161,6900.0
1.2528,-6.462,-6.462,395.53,395.53,6900.0
1.2529,-8.0,-8.0,394.911,394.911,6900.0
1.253,-9.805,-9.312,394.312,394.312,6900.0
1.2531,-10.886,-10.886,393.739,393.739,6900.0
1.2532,-11.806,-11.806,393.194,393.194,6900.0
1.2533,-12.844,-12.844,392.659,392.659,6900.0
1.2534,-14.389,-14.389,392.14,392.14,6900.0
1.2535,-16.085,-16.085,391.657,391.657,6900.0
1.2536,-17.702,-17.702,391.227,391.227,6900.0
1.2537,-18.733,-18.733,390.848,390.848,6900.0
1.2538,-19.656,-19.656,390.491,390.491,6900.0
1.2539,-21.023,-21.023,390.155,390.155,6900.0
1.254,-22.473,-22.473,389.858,389.858,6900.0
1.2541,-23.937,-23.937,389.614,389.614,6900.0
1.2542,-25.019,-25.019,389.423,389.423,6900.0
1.2543,-26.185,-26.185,389.267,389.267,6900.0
1.2544,-27.457,-27.457,389.148,389.148,6900.0
1.2545,-28.715,-28.715,389.076,389.076,6900.0
1.2546,-29.983,-29.983,389.053,389.053,6900.0
1.2547,-31.004,-31.004,389.085,389.085,6900.0
1.2548,-32.113,-32.113,389.166,389.166,6900.0
1.2549,-33.138,-33.138,389.301,389.301,6900.0
1.255,-34.137,-34.137,389.48,389.48,6900.0
1.2551,-34.879,-34.879,389.698,389.698,6900.0
1.2552,-35.845,-35.845,389.952,389.952,6900.0
1.2553,-36.943,-36.943,390.249,390.249,6900.0
1.2554,-37.685,-37.685,390.608,390.608,6900.0
1.2555,-38.249,-38.249,391.004,391.004,6900.0
1.2556,-38.796,-38.796,391.418,391.418,6900.0
1.2557,-39.714,-39.714,391.86,391.86,6900.0
1.2558,-40.393,-40.393,392.343,392.343,6900.0
1.2559,-40.979,-40.979,392.88,392.88,6900.0
1.256,-41.307,-41.307,393.453,393.453,6900.0
1.2561,-41.706,-41.706,394.03,394.03,6900.0
1.2562,-42.056,-42.056,394.64,394.64,6900.0
1.2563,-42.276,-42.276,395.265,395.265,6900.0
1.2564,-42.723,-42.723,395.917,395.917,6900.0
1.2565,-42.796,-42.796,396.595,396.595,6900.0
1.2566,-42.832,-42.832,397.264,397.264,6900.0
1.2567,-43.028,-43.028,397.941,397.941,6900.0
1.2568,-42.966,-42.966,398.619,398.619,6900.0
1.2569,-43.143,-43.143,399.298,399.298,6900.0
1.257,-43.035,-43.035,399.993,399.993,6900.0
1.2571,-43.047,-43.047,400.672,400.672,6900.0
1.2572,-42.762,-42.762,401.368,401.368,6900.0
1.2573,-42.417,-42.417,402.046,402.046,6900.0
1.2574,-42.252,-42.252,402.703,402.703,6900.0
1.2575,-41.87,-41.87,403.364,403.364,6900.0
1.2576,-41.541,-41.541,404.0,404.0,6900.0
1.2577,-41.214,-41.214,404.633,404.633,6900.0
1.2578,-40.426,-40.426,405.243,405.243,6900.0
1.2579,-39.973,-39.973,405.801,405.801,6900.0
1.258,-39.408,-39.408,406.342,406.342,6900.0
1.2581,-39.094,-39.094,406.849,406.849,6900.0
1.2582,-38.385,-38.385,407.348,407.348,6900.0
1.2583,-37.71,-37.71,407.81,407.81,6900.0
1.2584,-37.024,-37.024,408.225,408.225,6900.0
1.2585,-36.212,-36.212,408.611,408.611,6900.0
1.2586,-35.594,-35.594,408.961,408.961,6900.0
1.2587,-34.785,-34.785,409.288,409.288,6900.0
1.2588,-33.99,-33.99,409.577,409.577,6900.0
1.2589,-33.158,-33.158,409.826,409.826,6900.0
1.259,-32.234,-32.234,410.036,410.036,6900.0
1.2591,-31.375,-31.375,410.206,410.206,6900.0
1.2592,-30.591,-30.591,410.337,410.337,6900.0
1.2593,-29.693,-29.693,410.431,410.431,6900.0
1.2594,-28.681,-28.681,410.49,410.49,6900.0
1.2595,-27.611,-27.611,410.505,410.505,6900.0
1.2596,-26.517,-26.517,410.468,410.468,6900.0
1.2597,-25.643,-25.643,410.38,410.38,6900.0
1.2598,-24.758,-24.758,410.26,410.26,6900.0
1.2599,-23.965,-23.965,410.115,410.115,6900.0
1.26,-22.626,-22.626,409.945,409.945,6900.0
1.2601,-21.286,-21.286,409.718,409.718,6900.0
1.2602,-20.279,-20.279,409.439,409.439,6900.0
1.2603,-19.538,-19.538,409.129,409.129,6900.0
1.2604,-18.559,-18.559,408.809,408.809,6900.0
1.2605,-17.245,-17.245,408.469,408.469,6900.0
1.2606,-15.635,-15.635,408.083,408.083,6900.0
1.2607,-14.597,-14.597,407.646,407.646,6900.0
1.2608,-13.435,-13.435,407.177,407.177,6900.0
1.2609,-12.454,-12.454,406.682,406.682,6900.0
1.261,-11.135,-11.135,406.167,406.167,6900.0
1.2611,-9.744,-9.744,405.622,405.622,6900.0
1.2612,-8.802,-8.802,405.047,405.047,6900.0
1.2613,-7.622,-7.622,404.457,404.457,6900.0
1.2614,-6.548,-6.548,403.852,403.852,6900.0
1.2615,-5.361,-5.361,403.235,403.235,6900.0
1.2616,-3.857,-3.857,402.604,402.604,6900.0
1.2617,-2.837,-2.837,401.961,401.961,6900.0
1.2618,-1.605,-1.605,401.309,401.309,6900.0
1.2619,-0.731,-0.731,400.65,400.65,6900.0
1.262,-0.716,-0.716,399.987,399.987,6900.0
1.2621,-0.0,-0.0,399.323,399.323,6900.0
1.2622,1.748,1.748,398.658,398.658,6900.0
1.2623,1.452,1.452,397.995,397.995,6900.0
1.2624,2.437,2.437,397.333,397.333,6900.0
1.2625,3.32,3.32,396.677,396.677,6900.0
1.2626,4.212,4.212,396.028,396.028,6900.0
1.2627,5.545,5.545,395.384,395.384,6900.0
1.2628,6.674,6.674,394.752,394.752,6900.0
1.2629,8.127,8.127,394.134,394.134,6900.0
1.263,9.384,9.384,393.539,393.539,6900.0
1.2631,10.773,10.284,392.959,392.959,6900.0
1.2632,11.742,11.742,392.387,392.387,6900.0
1.2633,13.291,13.291,391.843,391.843,6900.0
1.2634,15.034,15.034,391.336,391.336,6900.0
1.2635,16.487,16.487,390.883,390.883,6900.0
1.2636,17.288,17.288,390.465,390.465,6900.0
1.2637,18.486,18.486,390.059,390.059,6900.0
1.2638,20.077,20.077,389.684,389.684,6900.0
1.2639,21.683,21.683,389.356,389.356,6900.0
1.264,22.901,22.901,389.088,389.088,6900.0
1.2641,23.987,23.987,388.861,388.861,6900.0
1.2642,25.232,25.232,388.664,388.664,6900.0
1.2643,26.517,26.517,388.505,388.505,6900.0
1.2644,27.837,27.837,388.394,388.394,6900.0
1.2645,28.994,28.994,388.335,388.335,6900.0
1.2646,30.08,30.08,388.327,388.327,6900.0
1.2647,31.276,31.276,388.368,388.368,6900.0
1.2648,32.314,32.314,388.46,388.46,6900.0
1.2649,33.275,33.275,388.597,388.597,6900.0
1.265,34.24,34.24,388.771,388.771,6900.0
1.2651,35.239,35.239,388.99,388.99,6900.0
1.2652,36.292,36.292,389.265,389.265,6900.0
1.2653,37.063,37.063,389.59,389.59,6900.0
1.2654,37.683,37.683,389.948,389.948,6900.0
1.2655,38.594,38.594,390.324,390.324,6900.0
1.2656,39.325,39.325,390.747,390.747,6900.0
1.2657,40.138,40.138,391.217,391.217,6900.0
1.2658,40.591,40.591,391.74,391.74,6900.0
1.2659,41.023,41.023,392.28,392.28,6900.0
1.266,41.733,41.733,392.834,392.834,6900.0
1.2661,42.023,42.023,393.429,393.429,6900.0
1.2662,42.729,42.729,394.041,394.041,6900.0
1.2663,42.876,42.876,394.706,394.706,6900.0
1.2664,42.905,42.905,395.374,395.374,6900.0
1.2665,43.247,43.247,396.04,396.04,6900.0
1.2666,43.275,43.275,396.727,396.727,6900.0
1.2667,43.512,43.512,397.408,397.408,6900.0
1.2668,43.589,43.589,398.118,398.118,6900.0
1.2669,43.331,43.331,398.827,398.827,6900.0
1.267,43.503,43.503,399.526,399.526,6900.0
1.2671,43.244,43.244,400.239,400.239,6900.0
1.2672,43.051,43.051,400.925,400.925,6900.0
1.2673,43.012,43.012,401.616,401.616,6900.0
1.2674,42.586,42.586,402.301,402.301,6900.0
1.2675,42.335,42.335,402.974,402.974,6900.0
1.2676,41.77,41.77,403.637,403.637,6900.0
1.2677,41.327,41.327,404.26,404.26,6900.0
1.2678,41.055,41.055,404.862,404.862,6900.0
1.2679,40.489,40.489,405.443,405.443,6900.0
1.268,40.094,40.094,406.004,406.004,6900.0
1.2681,39.258,39.258,406.548,406.548,6900.0
1.2682,38.528,38.528,407.042,407.042,6900.0
1.2683,38.006,38.006,407.498,407.498,6900.0
1.2684,37.39,37.39,407.928,407.928,6900.0
1.2685,36.669,36.669,408.335,408.335,6900.0
1.2686,35.818,35.818,408.712,408.712,6900.0
1.2687,34.937,34.937,409.045,409.045,6900.0
1.2688,34.325,34.325,409.331,409.331,6900.0
1.2689,33.427,33.427,409.585,409.585,6900.0
1.269,32.622,32.622,409.799,409.799,6900.0
1.2691,31.785,31.785,409.978,409.978,6900.0
1.2692,30.843,30.843,410.119,410.119,6900.0
1.2693,29.836,29.836,410.219,410.219,6900.0
1.2694,28.92,28.92,410.273,410.273,6900.0
1.2695,27.939,27.939,410.279,410.279,6900.0
1.2696,26.984,26.984,410.245,410.245,6900.0
1.2697,26.095,26.095,410.178,410.178,6900.0
1.2698,25.027,25.027,410.085,410.085,6900.0
1.2699,23.776,23.776,409.949,409.949,6900.0
1.27,22.66,22.66,409.755,409.755,6900.0
1.2701,21.742,21.742,409.52,409.52,6900.0
1.2702,20.858,20.858,409.261,409.261,6900.0
1.2703,19.786,19.786,408.988,408.988,6900.0
1.2704,18.245,18.245,408.677,408.677,6900.0
1.2705,16.891,16.891,408.304,408.304,6900.0
1.2706,15.854,15.854,407.89,407.89,6900.0
1.2707,14.887,14.887,407.444,407.444,6900.0
1.2708,13.848,13.848,406.983,406.983,6900.0
1.2709,12.509,12.509,406.496,406.496,6900.0
1.271,11.149,11.149,405.974,405.974,6900.0
1.2711,10.14,10.14,405.428,405.428,6900.0
1.2712,9.105,9.105,404.862,404.862,6900.0
1.2713,7.846,7.846,404.283,404.283,6900.0
1.2714,6.494,6.494,403.687,403.687,6900.0
1.2715,5.006,5.006,403.071,403.071,6900.0
1.2716,3.898,3.898,402.439,402.439,6900.0
1.2717,2.677,2.677,401.794,401.794,6900.0
1.2718,1.592,1.592,401.141,401.141,6900.0
1.2719,0.713,0.713,400.481,400.481,6900.0
1.272,0.0,0.0,399.818,399.818,6900.0
1.2721,0.0,0.0,399.153,399.153,6900.0
1.2722,-0.69,-0.69,398.489,398.489,6900.0
1.2723,-1.619,-1.619,397.826,397.826,6900.0
1.2724,-2.325,-2.325,397.164,397.164,6900.0
1.2725,-3.267,-3.267,396.505,396.505,6900.0
1.2726,-4.529,-4.529,395.852,395.852,6900.0
1.2727,-5.558,-5.558,395.207,395.207,6900.0
1.2728,-7.033,-7.033,394.576,394.576,6900.0
1.2729,-8.123,-8.123,393.962,393.962,6900.0
1.273,-9.188,-9.188,393.359,393.359,6900.0
1.2731,-10.911,-10.911,392.771,392.771,6900.0
1.2732,-12.413,-12.413,392.213,392.213,6900.0
1.2733,-14.083,-14.083,391.695,391.695,6900.0
1.2734,-15.094,-15.094,391.218,391.218,6900.0
1.2735,-15.995,-15.995,390.756,390.756,6900.0
1.2736,-17.559,-17.559,390.31,390.31,6900.0
1.2737,-19.042,-19.042,389.905,389.905,6900.0
1.2738,-20.643,-20.643,389.551,389.551,6900.0
1.2739,-21.787,-21.787,389.25,389.25,6900.0
1.274,-22.784,-22.784,388.979,388.979,6900.0
1.2741,-24.081,-24.081,388.733,388.733,6900.0
1.2742,-25.485,-25.485,388.529,388.529,6900.0
1.2743,-26.858,-26.858,388.376,388.376,6900.0
1.2744,-27.997,-27.997,388.277,388.277,6900.0
1.2745,-29.254,-29.254,388.226,388.226,6900.0
1.2746,-30.475,-30.475,388.224,388.224,6900.0
1.2747,-31.545,-31.545,388.274,388.274,6900.0
1.2748,-32.677,-32.677,388.367,388.367,6900.0
1.2749,-33.754,-33.754,388.51,388.51,6900.0
1.275,-34.91,-34.91,388.703,388.703,6900.0
1.2751,-35.709,-35.709,388.955,388.955,6900.0
1.2752,-36.455,-36.455,389.244,389.244,6900.0
1.2753,-37.269,-37.269,389.558,389.558,6900.0
1.2754,-38.178,-38.178,389.91,389.91,6900.0
1.2755,-39.041,-39.041,390.304,390.304,6900.0
1.2756,-39.855,-39.855,390.756,390.756,6900.0
1.2757,-40.431,-40.431,391.25,391.25,6900.0
1.2758,-40.961,-40.961,391.758,391.758,6900.0
1.2759,-41.727,-41.727,392.299,392.299,6900.0
1.276,-42.284,-42.284,392.874,392.874,6900.0
1.2761,-42.746,-42.746,393.499,393.499,6900.0
1.2762,-42.91,-42.91,394.156,394.156,6900.0
1.2763,-43.068,-43.068,394.809,394.809,6900.0
1.2764,-43.355,-43.355,395.48,395.48,6900.0
1.2765,-43.541,-43.541,396.158,396.158,6900.0
1.2766,-43.794,-43.794,396.856,396.856,6900.0
1.2767,-43.737,-43.737,397.572,397.572,6900.0
1.2768,-43.896,-43.896,398.272,398.272,6900.0
1.2769,-43.884,-43.884,398.99,398.99,6900.0
1.277,-43.652,-43.652,399.701,399.701,6900.0
1.2771,-43.67,-43.67,400.407,400.407,6900.0
1.2772,-43.555,-43.426,401.12,401.12,6900.0
1.2773,-43.171,-43.171,401.817,401.817,6900.0
1.2774,-42.947,-42.947,402.519,402.519,6900.0
1.2775,-42.467,-42.467,403.204,403.204,6900.0
1.2776,-42.138,-42.138,403.855,403.855,6900.0
1.2777,-41.633,-41.633,404.497,404.497,6900.0
1.2778,-41.324,-41.324,405.105,405.105,6900.0
1.2779,-40.789,-40.789,405.708,405.708,6900.0
1.278,-40.062,-40.062,406.276,406.276,6900.0
1.2781,-39.499,-39.499,406.794,406.794,6900.0
1.2782,-39.003,-39.003,407.289,407.289,6900.0
1.2783,-38.532,-38.532,407.758,407.758,6900.0
1.2784,-37.696,-37.696,408.214,408.214,6900.0
1.2785,-36.827,-36.827,408.633,408.633,6900.0
1.2786,-36.014,-36.014,409.003,409.003,6900.0
1.2787,-35.241,-35.241,409.336,409.336,6900.0
1.2788,-34.531,-34.531,409.633,409.633,6900.0
1.2789,-33.67,-33.67,409.9,409.9,6900.0
1.279,-32.723,-32.723,410.126,410.126,6900.0
1.2791,-31.891,-31.891,410.309,410.309,6900.0
1.2792,-31.019,-31.019,410.449,410.449,6900.0
1.2793,-30.021,-30.021,410.544,410.544,6900.0
1.2794,-29.1,-29.1,410.594,410.594,6900.0
1.2795,-28.201,-28.201,410.607,410.607,6900.0
1.2796,-27.336,-27.336,410.588,410.588,6900.0
1.2797,-26.149,-26.149,410.536,410.536,6900.0
1.2798,-24.989,-24.989,410.431,410.431,6900.0
1.2799,-23.937,-23.937,410.276,410.276,6900.0
1.28,-22.972,-22.972,410.086,410.086,6900.0
1.2801,-22.127,-22.127,409.876,409.876,6900.0
1.2802,-20.739,-20.739,409.643,409.643,6900.0
1.2803,-19.196,-19.196,409.352,409.352,6900.0
1.2804,-18.145,-18.145,409.001,409.001,6900.0
1.2805,-17.279,-17.279,408.617,408.617,6900.0
1.2806,-16.437,-16.437,408.214,408.214,6900.0
1.2807,-15.082,-15.082,407.796,407.796,6900.0
1.2808,-13.484,-13.484,407.341,407.341,6900.0
1.2809,-12.497,-12.497,406.845,406.845,6900.0
1.281,-11.293,-11.293,406.327,406.327,6900.0
1.2811,-10.277,-10.277,405.788,405.788,6900.0
1.2812,-9.052,-9.052,405.233,405.233,6900.0
1.2813,-7.48,-7.48,404.655,404.655,6900.0
1.2814,-6.445,-6.445,404.051,404.051,6900.0
1.2815,-5.112,-5.112,403.431,403.431,6900.0
1.2816,-3.853,-3.853,402.797,402.797,6900.0
1.2817,-2.703,-2.703,402.152,402.152,6900.0
1.2818,-1.566,-1.566,401.498,401.498,6900.0
1.2819,-0.67,-0.67,400.839,400.839,6900.0
1.282,-0.0,-0.0,400.177,400.177,6900.0
1.2821,-0.0,-0.0,399.513,399.513,6900.0
1.2822,0.753,0.753,398.849,398.849,6900.0
1.2823,1.867,1.867,398.185,398.185,6900.0
1.2824,2.524,2.524,397.523,397.523,6900.0
1.2825,3.329,3.329,396.865,396.865,6900.0
1.2826,4.741,4.741,396.213,396.213,6900.0
1.2827,5.828,5.828,395.575,395.575,6900.0
1.2828,6.81,6.81,394.947,394.947,6900.0
1.2829,8.141,8.141,394.328,394.328,6900.0
1.283,9.472,9.472,393.73,393.73,6900.0
1.2831,11.062,11.062,393.154,393.154,6900.0
1.2832,12.497,12.497,392.613,392.613,6900.0
1.2833,13.378,13.378,392.097,392.097,6900.0
1.2834,14.707,14.707,391.589,391.589,6900.0
1.2835,16.413,16.413,391.11,391.11,6900.0
1.2836,18.096,18.096,390.677,390.677,6900.0
1.2837,19.36,19.36,390.306,390.306,6900.0
1.2838,20.271,20.271,389.971,389.971,6900.0
1.2839,21.643,21.643,389.652,389.652,6900.0
1.284,23.036,23.036,389.367,389.367,6900.0
1.2841,24.447,24.447,389.126,389.126,6900.0
1.2842,25.739,25.739,388.939,388.939,6900.0
1.2843,26.829,26.829,388.797,388.797,6900.0
1.2844,28.069,28.069,388.691,388.691,6900.0
1.2845,29.39,29.39,388.631,388.631,6900.0
1.2846,30.521,30.521,388.625,388.625,6900.0
1.2847,31.774,31.774,388.668,388.668,6900.0
1.2848,32.887,32.887,388.771,388.771,6900.0
1.2849,34.018,34.018,388.933,388.933,6900.0
1.285,34.832,34.832,389.15,389.15,6900.0
1.2851,35.649,35.649,389.4,389.4,6900.0
1.2852,36.656,36.656,389.678,389.678,6900.0
1.2853,37.381,37.381,390.001,390.001,6900.0
1.2854,38.483,38.483,390.364,390.364,6900.0
1.2855,39.104,39.104,390.779,390.779,6900.0
1.2856,39.674,39.674,391.217,391.217,6900.0
1.2857,40.495,40.495,391.671,391.671,6900.0
1.2858,41.109,41.109,392.171,392.171,6900.0
1.2859,41.853,41.853,392.717,392.717,6900.0
1.286,42.288,42.288,393.322,393.322,6900.0
1.2861,42.517,42.517,393.947,393.947,6900.0
1.2862,42.929,42.929,394.583,394.583,6900.0
1.2863,43.154,43.154,395.248,395.248,6900.0
1.2864,43.501,43.501,395.922,395.922,6900.0
1.2865,43.679,43.679,396.626,396.626,6900.0
1.2866,43.56,43.56,397.33,397.33,6900.0
1.2867,43.907,43.907,398.019,398.019,6900.0
1.2868,43.698,43.698,398.727,398.727,6900.0
1.2869,43.765,43.765,399.415,399.415,6900.0
1.287,43.73,43.73,400.124,400.124,6900.0
1.2871,43.506,43.506,400.83,400.83,6900.0
1.2872,43.562,43.562,401.534,401.534,6900.0
1.2873,43.17,43.17,402.249,402.249,6900.0
1.2874,42.823,42.823,402.935,402.935,6900.0
1.2875,42.599,42.599,403.617,403.617,6900.0
1.2876,42.028,42.028,404.282,404.282,6900.0
1.2877,41.73,41.73,404.928,404.928,6900.0
1.2878,41.123,41.123,405.558,405.558,6900.0
1.2879,40.448,40.448,406.141,406.141,6900.0
1.288,40.104,40.104,406.688,406.688,6900.0
1.2881,39.527,39.527,407.208,407.208,6900.0
1.2882,39.052,39.052,407.708,407.708,6900.0
1.2883,38.303,38.303,408.187,408.187,6900.0
1.2884,37.375,37.375,408.626,408.626,6900.0
1.2885,36.799,36.799,409.018,409.018,6900.0
1.2886,35.991,35.991,409.385,409.385,6900.0
1.2887,35.333,35.333,409.722,409.722,6900.0
1.2888,34.487,34.487,410.03,410.03,6900.0
1.2889,33.52,33.52,410.297,410.297,6900.0
1.289,32.721,32.721,410.516,410.516,6900.0
1.2891,31.835,31.835,410.695,410.695,6900.0
1.2892,30.819,30.819,410.833,410.833,6900.0
1.2893,29.954,29.954,410.927,410.927,6900.0
1.2894,29.167,29.167,410.983,410.983,6900.0
1.2895,28.126,28.126,411.008,411.008,6900.0
1.2896,26.971,26.971,410.985,410.985,6900.0
1.2897,25.976,25.976,410.907,410.907,6900.0
1.2898,25.054,25.054,410.79,410.79,6900.0
1.2899,24.052,24.052,410.645,410.645,6900.0
1.29,23.023,23.023,410.479,410.479,6900.0
1.2901,21.713,21.713,410.271,410.271,6900.0
1.2902,20.342,20.342,410.002,410.002,6900.0
1.2903,19.459,19.459,409.687,409.687,6900.0
1.2904,18.577,18.577,409.35,409.35,6900.0
1.2905,17.629,17.629,409.0,409.0,6900.0
1.2906,15.981,15.981,408.623,408.623,6900.0
1.2907,14.565,14.565,408.191,408.191,6900.0
1.2908,13.487,13.487,407.724,407.724,6900.0
1.2909,12.535,12.535,407.227,407.227,6900.0
1.291,11.346,11.346,406.715,406.715,6900.0
1.2911,10.023,10.023,406.177,406.177,6900.0
1.2912,8.738,8.738,405.61,405.61,6900.0
1.2913,7.617,7.617,405.022,405.022,6900.0
1.2914,6.41,6.41,404.416,404.416,6900.0
1.2915,5.304,5.304,403.797,403.797,6900.0
1.2916,3.94,3.94,403.165,403.165,6900.0
1.2917,2.679,2.679,402.521,402.521,6900.0
1.2918,1.517,1.517,401.869,401.869,6900.0
1.2919,0.656,0.656,401.211,401.211,6900.0
1.292,0.0,0.0,400.549,400.549,6900.0
1.2921,0.0,0.0,399.886,399.886,6900.0
1.2922,-1.65,-1.65,399.221,399.221,6900.0
1.2923,-1.543,-1.543,398.559,398.559,6900.0
1.2924,-2.448,-2.448,397.898,397.898,6900.0
1.2925,-3.552,-3.552,397.243,397.243,6900.0
1.2926,-4.551,-4.551,396.596,396.596,6900.0
1.2927,-5.482,-5.482,395.956,395.956,6900.0
1.2928,-7.043,-7.043,395.326,395.326,6900.0
1.2929,-8.254,-8.254,394.712,394.712,6900.0
1.293,-9.789,-9.789,394.12,394.12,6900.0
1.2931,-10.759,-10.759,393.553,393.553,6900.0
1.2932,-11.965,-11.965,392.995,392.995,6900.0
1.2933,-13.513,-13.513,392.455,392.455,6900.0
1.2934,-15.193,-15.193,391.948,391.948,6900.0
1.2935,-16.819,-16.819,391.491,391.491,6900.0
1.2936,-17.87,-17.87,391.083,391.083,6900.0
1.2937,-18.909,-18.909,390.695,390.695,6900.0
1.2938,-20.333,-20.333,390.328,390.328,6900.0
1.2939,-21.775,-21.775,390.003,390.003,6900.0
1.294,-23.264,-23.264,389.73,389.73,6900.0
1.2941,-24.493,-24.493,389.509,389.509,6900.0
1.2942,-25.606,-25.606,389.328,389.328,6900.0
1.2943,-26.816,-26.816,389.182,389.182,6900.0
1.2944,-28.102,-28.102,389.08,389.08,6900.0
1.2945,-29.384,-29.384,389.027,389.027,6900.0
1.2946,-30.443,-30.443,389.028,389.028,6900.0
1.2947,-31.552,-31.552,389.078,389.078,6900.0
1.2948,-32.658,-32.658,389.179,389.179,6900.0
1.2949,-33.599,-33.599,389.326,389.326,6900.0
1.295,-34.556,-34.556,389.511,389.511,6900.0
1.2951,-35.59,-35.59,389.738,389.738,6900.0
1.2952,-36.703,-36.703,390.013,390.013,6900.0
1.2953,-37.497,-37.497,390.35,390.35,6900.0
1.2954,-38.175,-38.175,390.725,390.725,6900.0
1.2955,-38.764,-38.764,391.122,391.122,6900.0
1.2956,-39.657,-39.657,391.551,391.551,6900.0
1.2957,-40.394,-40.394,392.02,392.02,6900.0
1.2958,-41.129,-41.129,392.549,392.549,6900.0
1.2959,-41.452,-41.452,393.118,393.118,6900.0
1.296,-41.823,-41.823,393.693,393.693,6900.0
1.2961,-42.273,-42.273,394.294,394.294,6900.0
1.2962,-42.752,-42.752,394.912,394.912,6900.0
1.2963,-43.126,-43.126,395.57,395.57,6900.0
1.2964,-43.172,-43.172,396.252,396.252,6900.0
1.2965,-43.228,-43.228,396.923,396.923,6900.0
1.2966,-43.359,-43.359,397.609,397.609,6900.0
1.2967,-43.356,-43.356,398.294,398.294,6900.0
1.2968,-43.728,-43.728,398.985,398.985,6900.0
1.2969,-43.551,-43.551,399.702,399.702,6900.0
1.297,-43.557,-43.557,400.402,400.402,6900.0
1.2971,-43.457,-43.457,401.117,401.117,6900.0
1.2972,-42.963,-42.963,401.823,401.823,6900.0
1.2973,-42.877,-42.877,402.505,402.505,6900.0
1.2974,-42.593,-42.593,403.189,403.189,6900.0
1.2975,-42.346,-42.346,403.853,403.853,6900.0
1.2976,-41.958,-41.958,404.517,404.517,6900.0
1.2977,-41.29,-41.29,405.156,405.156,6900.0
1.2978,-41.003,-41.003,405.748,405.748,6900.0
1.2979,-40.297,-40.297,406.328,406.328,6900.0
1.298,-39.992,-39.992,406.868,406.868,6900.0
1.2981,-39.376,-39.376,407.402,407.402,6900.0
1.2982,-38.66,-38.66,407.901,407.901,6900.0
1.2983,-38.124,-38.124,408.354,408.354,6900.0
1.2984,-37.294,-37.294,408.784,408.784,6900.0
1.2985,-36.772,-36.772,409.179,409.179,6900.0
1.2986,-35.952,-35.952,409.557,409.557,6900.0
1.2987,-35.027,-35.027,409.897,409.897,6900.0
1.2988,-34.182,-34.182,410.19,410.19,6900.0
1.2989,-33.337,-33.337,410.443,410.443,6900.0
1.299,-32.539,-32.539,410.654,410.654,6900.0
1.2991,-31.598,-31.598,410.828,410.828,6900.0
1.2992,-30.678,-30.678,410.96,410.96,6900.0
1.2993,-29.809,-29.809,411.054,411.054,6900.0
1.2994,-28.763,-28.763,411.107,411.107,6900.0
1.2995,-27.731,-27.731,411.111,411.111,6900.0
1.2996,-26.741,-26.741,411.068,411.068,6900.0
1.2997,-25.989,-25.989,410.988,410.988,6900.0
1.2998,-25.024,-25.024,410.887,410.887,6900.0
1.2999,-23.644,-23.644,410.755,410.755,6900.0
