t,Iac_real,Iac_int,Vdc_real,Vdc_int,P_charge
0.6,-21.811,-21.811,410.23,410.23,
0.6001,-20.911,-20.911,409.954,409.954,6900.0
0.6002,-20.008,-20.008,409.642,409.642,6900.0
0.6003,-18.977,-18.977,409.306,409.306,6900.0
0.6004,-17.58,-17.58,408.948,408.948,6900.0
0.6005,-16.125,-16.125,408.547,408.547,6900.0
0.6006,-15.33,-15.33,408.104,408.104,6900.0
0.6007,-14.144,-14.144,407.64,407.64,6900.0
0.6008,-13.173,-13.173,407.152,407.152,6900.0
0.6009,-11.707,-11.707,406.647,406.647,6900.0
0.601,-10.289,-10.289,406.112,406.112,6900.0
0.6011,-9.029,-9.029,405.55,405.55,6900.0
0.6012,-7.797,-7.797,404.965,404.965,6900.0
0.6013,-6.633,-6.633,404.36,404.36,6900.0
0.6014,-5.456,-5.456,403.74,403.74,6900.0
0.6015,-4.159,-4.159,403.106,403.106,6900.0
0.6016,-2.743,-2.743,402.461,402.461,6900.0
0.6017,-1.438,-1.438,401.807,401.807,6900.0
0.6018,-1.324,-1.324,401.148,401.148,6900.0
0.6019,-0.0,-0.0,400.486,400.486,6900.0
0.602,0.557,0.557,399.823,399.823,6900.0
0.6021,2.321,2.321,399.158,399.158,6900.0
0.6022,2.172,2.172,398.498,398.498,6900.0
0.6023,3.485,3.485,397.839,397.839,6900.0
0.6024,4.633,4.633,397.189,397.189,6900.0
0.6025,5.593,5.593,396.547,396.547,6900.0
0.6026,7.183,7.183,395.911,395.911,6900.0
0.6027,8.685,8.685,395.293,395.293,6900.0
0.6028,10.224,10.224,394.698,394.698,6900.0
0.6029,11.505,11.505,394.134,394.134,6900.0
0.603,12.346,12.346,393.589,393.589,6900.0
0.6031,13.6,13.6,393.051,393.051,6900.0
0.6032,15.201,15.201,392.535,392.535,6900.0
0.6033,16.966,16.966,392.06,392.06,6900.0
0.6034,18.283,18.283,391.639,391.639,6900.0
0.6035,19.274,19.274,391.254,391.254,6900.0
0.6036,20.392,20.392,390.892,390.892,6900.0
0.6037,21.679,21.679,390.564,390.564,6900.0
0.6038,22.919,22.919,390.277,390.277,6900.0
0.6039,24.128,24.128,390.038,390.038,6900.0
0.604,25.171,25.171,389.843,389.843,6900.0
0.6041,26.214,26.214,389.685,389.685,6900.0
0.6042,27.337,27.337,389.565,389.565,6900.0
0.6043,28.333,28.333,389.485,389.485,6900.0
0.6044,29.341,29.341,389.442,389.442,6900.0
0.6045,30.436,30.436,389.443,389.443,6900.0
0.6046,31.26,31.26,389.5,389.5,6900.0
0.6047,32.116,32.116,389.604,389.604,6900.0
0.6048,33.049,33.049,389.742,389.742,6900.0
0.6049,34.058,34.058,389.917,389.917,6900.0
0.605,34.945,34.945,390.142,390.142,6900.0
0.6051,36.017,36.017,390.422,390.422,6900.0
0.6052,36.594,36.594,390.759,390.759,6900.0
0.6053,37.044,37.044,391.118,391.118,6900.0
0.6054,37.839,37.839,391.489,391.489,6900.0
0.6055,38.432,38.432,391.899,391.899,6900.0
0.6056,39.137,39.137,392.345,392.345,6900.0
0.6057,39.526,39.526,392.844,392.844,6900.0
0.6058,39.749,39.749,393.357,393.357,6900.0
0.6059,40.426,40.426,393.879,393.879,6900.0
0.606,40.852,40.852,394.438,394.438,6900.0
0.6061,41.397,41.397,395.017,395.017,6900.0
0.6062,41.612,41.612,395.647,395.647,6900.0
0.6063,41.604,41.604,396.285,396.285,6900.0
0.6064,42.052,42.052,396.927,396.927,6900.0
0.6065,42.06,42.06,397.593,397.593,6900.0
0.6066,42.182,42.182,398.247,398.247,6900.0
0.6067,42.159,42.159,398.923,398.923,6900.0
0.6068,42.087,42.087,399.591,399.591,6900.0
0.6069,42.279,42.279,400.258,400.258,6900.0
0.607,42.074,42.074,400.935,400.935,6900.0
0.6071,41.764,41.764,401.585,401.585,6900.0
0.6072,41.643,41.643,402.234,402.234,6900.0
0.6073,41.567,41.567,402.869,402.869,6900.0
0.6074,41.466,41.466,403.513,403.513,6900.0
0.6075,41.089,41.089,404.153,404.153,6900.0
0.6076,40.572,40.572,404.762,404.762,6900.0
0.6077,40.218,40.218,405.343,405.343,6900.0
0.6078,39.835,39.835,405.903,405.903,6900.0
0.6079,39.488,39.488,406.449,406.449,6900.0
0.608,39.041,39.041,406.974,406.974,6900.0
0.6081,38.253,38.253,407.462,407.462,6900.0
0.6082,37.759,37.759,407.904,407.904,6900.0
0.6083,37.184,37.184,408.315,408.315,6900.0
0.6084,36.672,36.672,408.707,408.707,6900.0
0.6085,35.999,35.999,409.075,409.075,6900.0
0.6086,35.168,35.168,409.409,409.409,6900.0
0.6087,34.398,34.398,409.701,409.701,6900.0
0.6088,33.647,33.647,409.959,409.959,6900.0
0.6089,32.739,32.739,410.178,410.178,6900.0
0.609,31.871,31.871,410.357,410.357,6900.0
0.6091,31.126,31.126,410.496,410.496,6900.0
0.6092,30.104,30.104,410.603,410.603,6900.0
0.6093,28.8,28.8,410.661,410.661,6900.0
0.6094,27.909,27.909,410.654,410.654,6900.0
0.6095,27.109,27.109,410.604,410.604,6900.0
0.6096,26.419,26.419,410.529,410.529,6900.0
0.6097,25.396,25.396,410.44,410.44,6900.0
0.6098,24.089,24.089,410.307,410.307,6900.0
0.6099,23.024,23.024,410.106,410.106,6900.0
0.61,22.207,22.207,409.863,409.863,6900.0
0.6101,21.297,21.297,409.595,409.595,6900.0
0.6102,20.275,20.275,409.313,409.313,6900.0
0.6103,18.635,18.635,409.0,409.0,6900.0
0.6104,17.456,17.456,408.632,408.632,6900.0
0.6105,16.344,16.344,408.23,408.23,6900.0
0.6106,15.491,15.491,407.796,407.796,6900.0
0.6107,14.385,14.385,407.343,407.343,6900.0
0.6108,13.015,13.015,406.863,406.863,6900.0
0.6109,11.53,11.53,406.347,406.347,6900.0
0.611,10.208,10.208,405.802,405.802,6900.0
0.6111,9.034,9.034,405.232,405.232,6900.0
0.6112,7.801,7.801,404.644,404.644,6900.0
0.6113,6.349,6.349,404.039,404.039,6900.0
0.6114,4.962,4.962,403.417,403.417,6900.0
0.6115,3.583,3.583,402.781,402.781,6900.0
0.6116,2.111,2.111,402.134,402.134,6900.0
0.6117,0.807,0.807,401.478,401.478,6900.0
0.6118,1.442,1.442,400.817,400.817,6900.0
0.6119,0.646,0.646,400.156,400.156,6900.0
0.612,-0.494,-0.494,399.492,399.492,6900.0
0.6121,-2.949,-2.949,398.827,398.827,6900.0
0.6122,-2.97,-2.97,398.17,398.17,6900.0
0.6123,-3.634,-3.634,397.515,397.515,6900.0
0.6124,-4.697,-4.697,396.865,396.865,6900.0
0.6125,-6.225,-6.225,396.223,396.223,6900.0
0.6126,-7.315,-7.315,395.594,395.594,6900.0
0.6127,-8.902,-8.902,394.984,394.984,6900.0
0.6128,-9.862,-9.862,394.395,394.395,6900.0
0.6129,-11.083,-11.083,393.812,393.812,6900.0
0.613,-12.64,-12.64,393.244,393.244,6900.0
0.6131,-14.147,-14.147,392.705,392.705,6900.0
0.6132,-15.652,-15.652,392.21,392.21,6900.0
0.6133,-16.795,-16.795,391.757,391.757,6900.0
0.6134,-17.88,-17.88,391.328,391.328,6900.0
0.6135,-19.284,-19.284,390.922,390.922,6900.0
0.6136,-20.488,-20.488,390.557,390.557,6900.0
0.6137,-21.732,-21.732,390.235,390.235,6900.0
0.6138,-22.938,-22.938,389.958,389.958,6900.0
0.6139,-24.024,-24.024,389.719,389.719,6900.0
0.614,-25.188,-25.188,389.516,389.516,6900.0
0.6141,-26.182,-26.182,389.352,389.352,6900.0
0.6142,-27.332,-27.332,389.225,389.225,6900.0
0.6143,-28.431,-28.431,389.143,389.143,6900.0
0.6144,-29.639,-29.639,389.107,389.107,6900.0
0.6145,-30.629,-30.629,389.125,389.125,6900.0
0.6146,-31.646,-31.646,389.184,389.184,6900.0
0.6147,-32.618,-32.618,389.279,389.279,6900.0
0.6148,-33.672,-33.672,389.421,389.421,6900.0
0.6149,-34.757,-34.757,389.613,389.613,6900.0
0.615,-35.493,-35.493,389.874,389.874,6900.0
0.6151,-36.118,-36.118,390.174,390.174,6900.0
0.6152,-36.69,-36.69,390.493,390.493,6900.0
0.6153,-37.529,-37.529,390.846,390.846,6900.0
0.6154,-38.346,-38.346,391.233,391.233,6900.0
0.6155,-38.971,-38.971,391.679,391.679,6900.0
0.6156,-39.232,-39.232,392.156,392.156,6900.0
0.6157,-39.694,-39.694,392.633,392.633,6900.0
0.6158,-40.172,-40.172,393.142,393.142,6900.0
0.6159,-40.543,-40.543,393.672,393.672,6900.0
0.616,-41.014,-41.014,394.243,394.243,6900.0
0.6161,-41.261,-41.261,394.844,394.844,6900.0
0.6162,-41.51,-41.51,395.447,395.447,6900.0
0.6163,-41.937,-41.937,396.076,396.076,6900.0
0.6164,-42.132,-42.132,396.719,396.719,6900.0
0.6165,-42.344,-42.344,397.382,397.382,6900.0
0.6166,-42.261,-42.261,398.064,398.064,6900.0
0.6167,-42.154,-42.154,398.735,398.735,6900.0
0.6168,-42.33,-42.33,399.412,399.412,6900.0
0.6169,-42.249,-42.249,400.088,400.088,6900.0
0.617,-42.39,-42.39,400.75,400.75,6900.0
0.6171,-42.102,-42.102,401.423,401.423,6900.0
0.6172,-41.91,-41.91,402.077,402.077,6900.0
0.6173,-41.629,-41.629,402.735,402.735,6900.0
0.6174,-41.275,-41.275,403.374,403.374,6900.0
0.6175,-41.142,-41.142,403.979,403.979,6900.0
0.6176,-40.785,-40.785,404.584,404.584,6900.0
0.6177,-40.494,-40.494,405.171,405.171,6900.0
0.6178,-40.021,-40.021,405.757,405.757,6900.0
0.6179,-39.311,-39.311,406.316,406.316,6900.0
0.618,-38.972,-38.972,406.824,406.824,6900.0
0.6181,-38.483,-38.483,407.311,407.311,6900.0
0.6182,-37.815,-37.815,407.771,407.771,6900.0
0.6183,-37.118,-37.118,408.202,408.202,6900.0
0.6184,-36.542,-36.542,408.594,408.594,6900.0
0.6185,-35.805,-35.805,408.949,408.949,6900.0
0.6186,-35.212,-35.212,409.264,409.264,6900.0
0.6187,-34.541,-34.541,409.548,409.548,6900.0
0.6188,-33.849,-33.849,409.803,409.803,6900.0
0.6189,-32.96,-32.96,410.03,410.03,6900.0
0.619,-32.234,-32.234,410.219,410.219,6900.0
0.6191,-31.086,-31.086,410.372,410.372,6900.0
0.6192,-29.917,-29.917,410.469,410.469,6900.0
0.6193,-29.082,-29.082,410.511,410.511,6900.0
0.6194,-28.26,-28.26,410.518,410.518,6900.0
0.6195,-27.452,-27.452,410.499,410.499,6900.0
0.6196,-26.186,-26.186,410.448,410.448,6900.0
0.6197,-24.93,-24.93,410.335,410.335,6900.0
0.6198,-24.07,-24.07,410.164,410.164,6900.0
0.6199,-23.461,-23.461,409.963,409.963,6900.0
0.62,-22.639,-22.639,409.752,409.752,6900.0
0.6201,-21.177,-21.177,409.525,409.525,6900.0
0.6202,-19.64,-19.64,409.243,409.243,6900.0
0.6203,-18.708,-18.708,408.905,408.905,6900.0
0.6204,-17.427,-17.427,408.536,408.536,6900.0
0.6205,-16.565,-16.565,408.133,408.133,6900.0
0.6206,-15.17,-15.17,407.709,407.709,6900.0
0.6207,-13.719,-13.719,407.246,407.246,6900.0
0.6208,-12.985,-12.985,406.744,406.744,6900.0
0.6209,-11.935,-11.935,406.224,406.224,6900.0
0.621,-10.813,-10.813,405.682,405.682,6900.0
0.6211,-9.67,-9.67,405.121,405.121,6900.0
0.6212,-8.261,-8.261,404.541,404.541,6900.0
0.6213,-6.669,-6.669,403.941,403.941,6900.0
0.6214,-5.248,-5.248,403.322,403.322,6900.0
0.6215,-3.911,-3.911,402.689,402.689,6900.0
0.6216,-2.786,-2.786,402.044,402.044,6900.0
0.6217,-1.46,-1.46,401.391,401.391,6900.0
0.6218,-0.238,-0.238,400.731,400.731,6900.0
0.6219,-0.0,-0.0,400.068,400.068,6900.0
0.622,1.188,1.188,399.404,399.404,6900.0
0.6221,1.316,1.316,398.741,398.741,6900.0
0.6222,2.262,2.262,398.079,398.079,6900.0
0.6223,3.486,3.486,397.42,397.42,6900.0
0.6224,4.455,4.455,396.768,396.768,6900.0
0.6225,6.126,6.126,396.125,396.125,6900.0
0.6226,7.327,7.327,395.499,395.499,6900.0
0.6227,8.356,8.356,394.884,394.884,6900.0
0.6228,9.63,9.63,394.276,394.276,6900.0
0.6229,11.17,11.17,393.686,393.686,6900.0
0.623,12.877,12.877,393.125,393.125,6900.0
0.6231,14.116,14.116,392.608,392.608,6900.0
0.6232,14.957,14.957,392.117,392.117,6900.0
0.6233,16.408,16.408,391.635,391.635,6900.0
0.6234,17.926,17.926,391.186,391.186,6900.0
0.6235,19.38,19.38,390.781,390.781,6900.0
0.6236,20.506,20.506,390.43,390.43,6900.0
0.6237,21.554,21.554,390.116,390.116,6900.0
0.6238,22.583,22.583,389.831,389.831,6900.0
0.6239,23.855,23.855,389.581,389.581,6900.0
0.624,24.938,24.938,389.373,389.373,6900.0
0.6241,26.282,26.282,389.206,389.206,6900.0
0.6242,27.516,27.516,389.087,389.087,6900.0
0.6243,28.444,28.444,389.017,389.017,6900.0
0.6244,29.316,29.316,388.986,388.986,6900.0
0.6245,30.253,30.253,388.991,388.991,6900.0
0.6246,31.375,31.375,389.03,389.03,6900.0
0.6247,32.404,32.404,389.118,389.118,6900.0
0.6248,33.341,33.341,389.268,389.268,6900.0
0.6249,34.192,34.192,389.467,389.467,6900.0
0.625,34.789,34.789,389.704,389.704,6900.0
0.6251,35.639,35.639,389.963,389.963,6900.0
0.6252,36.353,36.353,390.27,390.27,6900.0
0.6253,37.419,37.419,390.622,390.622,6900.0
0.6254,37.967,37.967,391.034,391.034,6900.0
0.6255,38.419,38.419,391.464,391.464,6900.0
0.6256,39.289,39.289,391.904,391.904,6900.0
0.6257,39.809,39.809,392.385,392.385,6900.0
0.6258,40.465,40.465,392.895,392.895,6900.0
0.6259,40.782,40.782,393.456,393.456,6900.0
0.626,40.876,40.876,394.028,394.028,6900.0
0.6261,41.302,41.302,394.607,394.607,6900.0
0.6262,41.445,41.445,395.215,395.215,6900.0
0.6263,41.834,41.834,395.83,395.83,6900.0
0.6264,42.087,42.087,396.488,396.488,6900.0
0.6265,42.074,42.074,397.155,397.155,6900.0
0.6266,42.318,42.318,397.825,397.825,6900.0
0.6267,42.151,42.151,398.509,398.509,6900.0
0.6268,42.151,42.151,399.171,399.171,6900.0
0.6269,42.33,42.33,399.843,399.843,6900.0
0.627,42.13,42.13,400.512,400.512,6900.0
0.6271,42.086,42.086,401.179,401.179,6900.0
0.6272,41.739,41.739,401.843,401.843,6900.0
0.6273,41.511,41.511,402.474,402.474,6900.0
0.6274,41.532,41.532,403.099,403.099,6900.0
0.6275,41.256,41.256,403.719,403.719,6900.0
0.6276,40.935,40.935,404.338,404.338,6900.0
0.6277,40.45,40.45,404.946,404.946,6900.0
0.6278,39.789,39.789,405.52,405.52,6900.0
0.6279,39.358,39.358,406.06,406.06,6900.0
0.628,38.8,38.8,406.574,406.574,6900.0
0.6281,38.519,38.519,407.067,407.067,6900.0
0.6282,37.856,37.856,407.539,407.539,6900.0
0.6283,37.179,37.179,407.967,407.967,6900.0
0.6284,36.46,36.46,408.352,408.352,6900.0
0.6285,35.939,35.939,408.698,408.698,6900.0
0.6286,35.33,35.33,409.022,409.022,6900.0
0.6287,34.619,34.619,409.316,409.316,6900.0
0.6288,33.8,33.8,409.578,409.578,6900.0
0.6289,32.992,32.992,409.801,409.801,6900.0
0.629,32.113,32.113,409.987,409.987,6900.0
0.6291,31.318,31.318,410.126,410.126,6900.0
0.6292,30.465,30.465,410.226,410.226,6900.0
0.6293,29.516,29.516,410.295,410.295,6900.0
0.6294,28.356,28.356,410.332,410.332,6900.0
0.6295,27.12,27.12,410.316,410.316,6900.0
0.6296,26.187,26.187,410.236,410.236,6900.0
0.6297,25.39,25.39,410.114,410.114,6900.0
0.6298,24.607,24.607,409.969,409.969,6900.0
0.6299,23.563,23.563,409.812,409.812,6900.0
0.63,22.049,22.049,409.613,409.613,6900.0
0.6301,20.862,20.862,409.347,409.347,6900.0
0.6302,19.876,19.876,409.038,409.038,6900.0
0.6303,18.979,18.979,408.693,408.693,6900.0
0.6304,18.007,18.007,408.332,408.332,6900.0
0.6305,16.477,16.477,407.941,407.941,6900.0
0.6306,15.306,15.306,407.504,407.504,6900.0
0.6307,14.213,14.213,407.04,407.04,6900.0
0.6308,13.01,13.01,406.549,406.549,6900.0
0.6309,11.904,11.904,406.039,406.039,6900.0
0.631,10.46,10.46,405.507,405.507,6900.0
0.6311,8.991,8.991,404.947,404.947,6900.0
0.6312,7.65,7.65,404.364,404.364,6900.0
0.6313,6.347,6.347,403.759,403.759,6900.0
0.6314,5.069,5.069,403.137,403.137,6900.0
0.6315,3.698,3.698,402.501,402.501,6900.0
0.6316,2.442,2.442,401.854,401.854,6900.0
0.6317,1.094,1.094,401.199,401.199,6900.0
0.6318,1.162,1.162,400.537,400.537,6900.0
0.6319,0.0,0.0,399.875,399.875,6900.0
0.632,-0.851,-0.851,399.21,399.21,6900.0
0.6321,-1.896,-1.896,398.546,398.546,6900.0
0.6322,-3.102,-3.102,397.884,397.884,6900.0
0.6323,-3.704,-3.704,397.226,397.226,6900.0
0.6324,-4.949,-4.949,396.575,396.575,6900.0
0.6325,-5.979,-5.979,395.934,395.934,6900.0
0.6326,-7.072,-7.072,395.299,395.299,6900.0
0.6327,-8.675,-8.675,394.675,394.675,6900.0
0.6328,-10.063,-10.063,394.073,394.073,6900.0
0.6329,-11.673,-11.673,393.5,393.5,6900.0
0.633,-12.698,-12.698,392.959,392.959,6900.0
0.6331,-13.673,-13.673,392.43,392.43,6900.0
0.6332,-15.196,-15.196,391.918,391.918,6900.0
0.6333,-16.697,-16.697,391.44,391.44,6900.0
0.6334,-18.14,-18.14,391.009,391.009,6900.0
0.6335,-19.198,-19.198,390.624,390.624,6900.0
0.6336,-20.438,-20.438,390.263,390.263,6900.0
0.6337,-21.699,-21.699,389.931,389.931,6900.0
0.6338,-23.095,-23.095,389.636,389.636,6900.0
0.6339,-24.266,-24.266,389.388,389.388,6900.0
0.634,-25.331,-25.331,389.186,389.186,6900.0
0.6341,-26.478,-26.478,389.023,389.023,6900.0
0.6342,-27.515,-27.515,388.906,388.906,6900.0
0.6343,-28.646,-28.646,388.829,388.829,6900.0
0.6344,-29.692,-29.692,388.796,388.796,6900.0
0.6345,-30.868,-30.868,388.809,388.809,6900.0
0.6346,-31.874,-31.874,388.876,388.876,6900.0
0.6347,-32.786,-32.786,388.995,388.995,6900.0
0.6348,-33.642,-33.642,389.157,389.157,6900.0
0.6349,-34.461,-34.461,389.348,389.348,6900.0
0.635,-35.425,-35.425,389.578,389.578,6900.0
0.6351,-36.505,-36.505,389.85,389.85,6900.0
0.6352,-37.384,-37.384,390.189,390.189,6900.0
0.6353,-37.751,-37.751,390.571,390.571,6900.0
0.6354,-38.28,-38.28,390.961,390.961,6900.0
0.6355,-38.94,-38.94,391.385,391.385,6900.0
0.6356,-39.575,-39.575,391.84,391.84,6900.0
0.6357,-40.207,-40.207,392.35,392.35,6900.0
0.6358,-40.668,-40.668,392.895,392.895,6900.0
0.6359,-41.056,-41.056,393.449,393.449,6900.0
0.636,-41.616,-41.616,394.033,394.033,6900.0
0.6361,-41.849,-41.849,394.637,394.637,6900.0
0.6362,-42.32,-42.32,395.268,395.268,6900.0
0.6363,-42.308,-42.308,395.929,395.929,6900.0
0.6364,-42.318,-42.318,396.578,396.578,6900.0
0.6365,-42.508,-42.508,397.244,397.244,6900.0
0.6366,-42.457,-42.457,397.911,397.911,6900.0
0.6367,-42.834,-42.834,398.581,398.581,6900.0
0.6368,-42.57,-42.57,399.278,399.278,6900.0
0.6369,-42.674,-42.674,399.956,399.956,6900.0
0.637,-42.524,-42.524,400.657,400.657,6900.0
0.6371,-42.199,-42.199,401.344,401.344,6900.0
0.6372,-42.244,-42.244,402.006,402.006,6900.0
0.6373,-42.036,-42.036,402.671,402.671,6900.0
0.6374,-41.84,-41.84,403.318,403.318,6900.0
0.6375,-41.492,-41.492,403.962,403.962,6900.0
0.6376,-40.885,-40.885,404.581,404.581,6900.0
0.6377,-40.584,-40.584,405.155,405.155,6900.0
0.6378,-40.207,-40.207,405.717,405.717,6900.0
0.6379,-39.971,-39.971,406.26,406.26,6900.0
0.638,-39.489,-39.489,406.801,406.801,6900.0
0.6381,-38.641,-38.641,407.316,407.316,6900.0
0.6382,-37.897,-37.897,407.781,407.781,6900.0
0.6383,-37.301,-37.301,408.21,408.21,6900.0
0.6384,-37.019,-37.019,408.608,408.608,6900.0
0.6385,-36.255,-36.255,408.989,408.989,6900.0
0.6386,-35.485,-35.485,409.331,409.331,6900.0
0.6387,-34.608,-34.608,409.631,409.631,6900.0
0.6388,-34.026,-34.026,409.885,409.885,6900.0
0.6389,-33.352,-33.352,410.104,410.104,6900.0
0.639,-32.533,-32.533,410.29,410.29,6900.0
0.6391,-31.501,-31.501,410.441,410.441,6900.0
0.6392,-30.595,-30.595,410.555,410.555,6900.0
0.6393,-29.494,-29.494,410.631,410.631,6900.0
0.6394,-28.362,-28.362,410.652,410.652,6900.0
0.6395,-27.388,-27.388,410.62,410.62,6900.0
0.6396,-26.602,-26.602,410.552,410.552,6900.0
0.6397,-25.743,-25.743,410.464,410.464,6900.0
0.6398,-24.599,-24.599,410.348,410.348,6900.0
0.6399,-23.243,-23.243,410.171,410.171,6900.0
0.64,-22.302,-22.302,409.933,409.933,6900.0
0.6401,-21.41,-21.41,409.659,409.659,6900.0
0.6402,-20.724,-20.724,409.365,409.365,6900.0
0.6403,-19.444,-19.444,409.056,409.056,6900.0
0.6404,-17.823,-17.823,408.705,408.705,6900.0
0.6405,-16.804,-16.804,408.306,408.306,6900.0
0.6406,-15.534,-15.534,407.88,407.88,6900.0
0.6407,-14.641,-14.641,407.426,407.426,6900.0
0.6408,-13.248,-13.248,406.955,406.955,6900.0
0.6409,-11.649,-11.649,406.45,406.45,6900.0
0.641,-10.414,-10.414,405.91,405.91,6900.0
0.6411,-9.141,-9.141,405.347,405.347,6900.0
0.6412,-8.094,-8.094,404.76,404.76,6900.0
0.6413,-6.64,-6.64,404.159,404.159,6900.0
0.6414,-5.156,-5.156,403.539,403.539,6900.0
0.6415,-3.922,-3.922,402.903,402.903,6900.0
0.6416,-2.82,-2.82,402.258,402.258,6900.0
0.6417,-1.409,-1.409,401.604,401.604,6900.0
0.6418,-1.571,-1.571,400.944,400.944,6900.0
0.6419,-0.441,-0.441,400.283,400.283,6900.0
0.642,0.315,0.315,399.619,399.619,6900.0
0.6421,2.408,2.408,398.954,398.954,6900.0
0.6422,2.643,2.643,398.294,398.294,6900.0
0.6423,3.357,3.357,397.637,397.637,6900.0
0.6424,4.251,4.251,396.985,396.985,6900.0
0.6425,5.766,5.766,396.339,396.339,6900.0
0.6426,7.051,7.051,395.706,395.706,6900.0
0.6427,8.662,8.662,395.089,395.089,6900.0
0.6428,9.969,9.969,394.5,394.5,6900.0
0.6429,10.847,10.847,393.925,393.925,6900.0
0.643,12.408,12.408,393.357,393.357,6900.0
0.6431,14.059,14.059,392.815,392.815,6900.0
0.6432,15.784,15.784,392.313,392.313,6900.0
0.6433,16.921,16.921,391.864,391.864,6900.0
0.6434,17.841,17.841,391.444,391.444,6900.0
0.6435,19.038,19.038,391.041,391.041,6900.0
0.6436,20.665,20.665,390.666,390.666,6900.0
0.6437,22.138,22.138,390.336,390.336,6900.0
0.6438,23.148,23.148,390.058,390.058,6900.0
0.6439,24.142,24.142,389.816,389.816,6900.0
0.644,25.282,25.282,389.606,389.606,6900.0
0.6441,26.383,26.383,389.44,389.44,6900.0
0.6442,27.539,27.539,389.315,389.315,6900.0
0.6443,28.608,28.608,389.237,389.237,6900.0
0.6444,29.549,29.549,389.207,389.207,6900.0
0.6445,30.443,30.443,389.228,389.228,6900.0
0.6446,31.244,31.244,389.293,389.293,6900.0
0.6447,32.129,32.129,389.389,389.389,6900.0
0.6448,33.11,33.11,389.517,389.517,6900.0
0.6449,34.043,34.043,389.689,389.689,6900.0
0.645,35.132,35.132,389.914,389.914,6900.0
0.6451,35.887,35.887,390.195,390.195,6900.0
0.6452,36.475,36.475,390.505,390.505,6900.0
0.6453,37.485,37.485,390.833,390.833,6900.0
0.6454,38.123,38.123,391.215,391.215,6900.0
0.6455,39.027,39.027,391.64,391.64,6900.0
0.6456,39.325,39.325,392.129,392.129,6900.0
0.6457,39.5,39.5,392.632,392.632,6900.0
0.6458,40.249,40.249,393.141,393.141,6900.0
0.6459,40.65,40.65,393.688,393.688,6900.0
0.646,41.211,41.211,394.253,394.253,6900.0
0.6461,41.324,41.324,394.864,394.864,6900.0
0.6462,41.303,41.303,395.471,395.471,6900.0
0.6463,41.874,41.874,396.076,396.076,6900.0
0.6464,42.037,42.037,396.711,396.711,6900.0
0.6465,42.24,42.24,397.346,397.346,6900.0
0.6466,42.359,42.359,398.013,398.013,6900.0
0.6467,42.276,42.276,398.685,398.685,6900.0
0.6468,42.436,42.436,399.363,399.363,6900.0
0.6469,42.358,42.358,400.054,400.054,6900.0
0.647,42.143,42.143,400.729,400.729,6900.0
0.6471,42.347,42.347,401.405,401.405,6900.0
0.6472,42.072,42.072,402.081,402.081,6900.0
0.6473,41.991,41.991,402.749,402.749,6900.0
0.6474,41.661,41.661,403.406,403.406,6900.0
0.6475,41.192,41.192,404.027,404.027,6900.0
0.6476,40.892,40.892,404.624,404.624,6900.0
0.6477,40.606,40.606,405.199,405.199,6900.0
0.6478,40.405,40.405,405.768,405.768,6900.0
0.6479,39.803,39.803,406.33,406.33,6900.0
0.648,39.104,39.104,406.855,406.855,6900.0
0.6481,38.746,38.746,407.344,407.344,6900.0
0.6482,38.335,38.335,407.812,407.812,6900.0
0.6483,37.694,37.694,408.267,408.267,6900.0
0.6484,37.034,37.034,408.688,408.688,6900.0
0.6485,36.172,36.172,409.071,409.071,6900.0
0.6486,35.264,35.264,409.406,409.406,6900.0
0.6487,34.57,34.57,409.696,409.696,6900.0
0.6488,33.78,33.78,409.951,409.951,6900.0
0.6489,33.153,33.153,410.168,410.168,6900.0
0.649,32.296,32.296,410.355,410.355,6900.0
0.6491,31.31,31.31,410.507,410.507,6900.0
0.6492,30.366,30.366,410.612,410.612,6900.0
0.6493,29.347,29.347,410.667,410.667,6900.0
0.6494,28.515,28.515,410.677,410.677,6900.0
0.6495,27.643,27.643,410.659,410.659,6900.0
0.6496,26.531,26.531,410.619,410.619,6900.0
0.6497,25.152,25.152,410.531,410.531,6900.0
0.6498,24.203,24.203,410.373,410.373,6900.0
0.6499,23.345,23.345,410.173,410.173,6900.0
0.65,22.518,22.518,409.949,409.949,6900.0
0.6501,21.562,21.562,409.713,409.713,6900.0
0.6502,20.036,20.036,409.445,409.445,6900.0
0.6503,18.743,18.743,409.117,409.117,6900.0
0.6504,17.799,17.799,408.749,408.749,6900.0
0.6505,16.805,16.805,408.349,408.349,6900.0
0.6506,15.609,15.609,407.929,407.929,6900.0
0.6507,14.378,14.378,407.478,407.478,6900.0
0.6508,13.031,13.031,406.989,406.989,6900.0
0.6509,11.974,11.974,406.472,406.472,6900.0
0.651,10.617,10.617,405.93,405.93,6900.0
0.6511,9.491,9.491,405.369,405.369,6900.0
0.6512,8.073,8.073,404.789,404.789,6900.0
0.6513,6.633,6.633,404.188,404.188,6900.0
0.6514,5.355,5.355,403.57,403.57,6900.0
0.6515,3.982,3.982,402.938,402.938,6900.0
0.6516,2.526,2.526,402.294,402.294,6900.0
0.6517,1.372,1.372,401.64,401.64,6900.0
0.6518,0.261,0.261,400.981,400.981,6900.0
0.6519,0.0,0.0,400.319,400.319,6900.0
0.652,0.0,0.0,399.655,399.655,6900.0
0.6521,-1.909,-1.909,398.992,398.992,6900.0
0.6522,-2.425,-2.425,398.331,398.331,6900.0
0.6523,-3.449,-3.449,397.673,397.673,6900.0
0.6524,-4.716,-4.716,397.021,397.021,6900.0
0.6525,-5.977,-5.977,396.378,396.378,6900.0
0.6526,-7.268,-7.268,395.751,395.751,6900.0
0.6527,-8.36,-8.36,395.138,395.138,6900.0
0.6528,-9.467,-9.467,394.532,394.532,6900.0
0.6529,-11.09,-11.09,393.938,393.938,6900.0
0.653,-12.534,-12.534,393.371,393.371,6900.0
0.6531,-14.137,-14.137,392.84,392.84,6900.0
0.6532,-15.135,-15.135,392.351,392.351,6900.0
0.6533,-16.132,-16.132,391.878,391.878,6900.0
0.6534,-17.614,-17.614,391.425,391.425,6900.0
0.6535,-19.028,-19.028,391.013,391.013,6900.0
0.6536,-20.524,-20.524,390.649,390.649,6900.0
0.6537,-21.751,-21.751,390.334,390.334,6900.0
0.6538,-22.853,-22.853,390.053,390.053,6900.0
0.6539,-24.094,-24.094,389.805,389.805,6900.0
0.654,-25.287,-25.287,389.595,389.595,6900.0
0.6541,-26.3,-26.3,389.428,389.428,6900.0
0.6542,-27.285,-27.285,389.303,389.303,6900.0
0.6543,-28.587,-28.587,389.218,389.218,6900.0
0.6544,-29.604,-29.604,389.189,389.189,6900.0
0.6545,-30.624,-30.624,389.201,389.201,6900.0
0.6546,-31.615,-31.615,389.251,389.251,6900.0
0.6547,-32.727,-32.727,389.347,389.347,6900.0
0.6548,-33.714,-33.714,389.497,389.497,6900.0
0.6549,-34.599,-34.599,389.706,389.706,6900.0
0.655,-35.317,-35.317,389.956,389.956,6900.0
0.6551,-36.055,-36.055,390.229,390.229,6900.0
0.6552,-36.835,-36.835,390.542,390.542,6900.0
0.6553,-37.608,-37.608,390.891,390.891,6900.0
0.6554,-38.423,-38.423,391.297,391.297,6900.0
0.6555,-38.892,-38.892,391.742,391.742,6900.0
0.6556,-39.333,-39.333,392.196,392.196,6900.0
0.6557,-39.948,-39.948,392.68,392.68,6900.0
0.6558,-40.575,-40.575,393.185,393.185,6900.0
0.6559,-41.334,-41.334,393.743,393.743,6900.0
0.656,-41.51,-41.51,394.343,394.343,6900.0
0.6561,-41.666,-41.666,394.942,394.942,6900.0
0.6562,-41.867,-41.867,395.566,395.566,6900.0
0.6563,-42.071,-42.071,396.196,396.196,6900.0
0.6564,-42.487,-42.487,396.85,396.85,6900.0
0.6565,-42.45,-42.45,397.532,397.532,6900.0
0.6566,-42.551,-42.551,398.202,398.202,6900.0
0.6567,-42.578,-42.578,398.889,398.889,6900.0
0.6568,-42.452,-42.452,399.568,399.568,6900.0
0.6569,-42.538,-42.538,400.237,400.237,6900.0
0.657,-42.301,-42.301,400.919,400.919,6900.0
0.6571,-42.282,-42.282,401.583,401.583,6900.0
0.6572,-42.004,-42.004,402.262,402.262,6900.0
0.6573,-41.699,-41.699,402.921,402.921,6900.0
0.6574,-41.7,-41.7,403.551,403.551,6900.0
0.6575,-41.407,-41.407,404.184,404.184,6900.0
0.6576,-41.203,-41.203,404.796,404.796,6900.0
0.6577,-40.693,-40.693,405.409,405.409,6900.0
0.6578,-40.241,-40.241,405.986,405.986,6900.0
0.6579,-39.828,-39.828,406.525,406.525,6900.0
0.658,-39.345,-39.345,407.047,407.047,6900.0
0.6581,-38.792,-38.792,407.545,407.545,6900.0
0.6582,-38.23,-38.23,408.024,408.024,6900.0
0.6583,-37.409,-37.409,408.474,408.474,6900.0
0.6584,-36.778,-36.778,408.875,408.875,6900.0
0.6585,-36.112,-36.112,409.242,409.242,6900.0
0.6586,-35.63,-35.63,409.573,409.573,6900.0
0.6587,-34.74,-34.74,409.879,409.879,6900.0
0.6588,-33.979,-33.979,410.144,410.144,6900.0
0.6589,-33.281,-33.281,410.372,410.372,6900.0
0.659,-32.288,-32.288,410.561,410.561,6900.0
0.6591,-31.349,-31.349,410.703,410.703,6900.0
0.6592,-30.523,-30.523,410.798,410.798,6900.0
0.6593,-29.713,-29.713,410.86,410.86,6900.0
0.6594,-28.779,-28.779,410.896,410.896,6900.0
0.6595,-27.588,-27.588,410.897,410.897,6900.0
0.6596,-26.421,-26.421,410.839,410.839,6900.0
0.6597,-25.574,-25.574,410.727,410.727,6900.0
0.6598,-24.654,-24.654,410.584,410.584,6900.0
0.6599,-23.839,-23.839,410.421,410.421,6900.0
0.66,-22.446,-22.446,410.238,410.238,6900.0
0.6601,-21.123,-21.123,409.993,409.993,6900.0
0.6602,-20.132,-20.132,409.691,409.691,6900.0
0.6603,-19.1,-19.1,409.353,409.353,6900.0
0.6604,-18.124,-18.124,408.986,408.986,6900.0
0.6605,-16.842,-16.842,408.598,408.598,6900.0
0.6606,-15.491,-15.491,408.171,408.171,6900.0
0.6607,-14.451,-14.451,407.706,407.706,6900.0
0.6608,-13.204,-13.204,407.219,407.219,6900.0
0.6609,-12.218,-12.218,406.708,406.708,6900.0
0.661,-10.849,-10.849,406.182,406.182,6900.0
0.6611,-9.344,-9.344,405.63,405.63,6900.0
0.6612,-8.097,-8.097,405.052,405.052,6900.0
0.6613,-6.595,-6.595,404.454,404.454,6900.0
0.6614,-5.31,-5.31,403.837,403.837,6900.0
0.6615,-4.029,-4.029,403.205,403.205,6900.0
0.6616,-2.732,-2.732,402.561,402.561,6900.0
0.6617,-1.547,-1.547,401.908,401.908,6900.0
0.6618,-1.577,-1.577,401.248,401.248,6900.0
0.6619,-0.0,-0.0,400.587,400.587,6900.0
0.662,-0.0,-0.0,399.924,399.924,6900.0
0.6621,1.221,1.221,399.261,399.261,6900.0
0.6622,2.165,2.165,398.598,398.598,6900.0
0.6623,3.181,3.181,397.938,397.938,6900.0
0.6624,4.706,4.706,397.284,397.284,6900.0
0.6625,5.837,5.837,396.642,396.642,6900.0
0.6626,6.858,6.858,396.008,396.008,6900.0
0.6627,8.375,8.375,395.38,395.38,6900.0
0.6628,9.822,9.822,394.773,394.773,6900.0
0.6629,11.594,11.594,394.19,394.19,6900.0
0.663,12.98,12.98,393.648,393.648,6900.0
0.6631,13.609,13.609,393.131,393.131,6900.0
0.6632,15.021,15.021,392.622,392.622,6900.0
0.6633,16.467,16.467,392.142,392.142,6900.0
0.6634,17.972,17.972,391.704,391.704,6900.0
0.6635,19.26,19.26,391.317,391.317,6900.0
0.6636,20.22,20.22,390.966,390.966,6900.0
0.6637,21.363,21.363,390.635,390.635,6900.0
0.6638,22.618,22.618,390.334,390.334,6900.0
0.6639,23.727,23.727,390.073,390.073,6900.0
0.664,24.907,24.907,389.854,389.854,6900.0
0.6641,26.023,26.023,389.678,389.678,6900.0
0.6642,27.114,27.114,389.547,389.547,6900.0
0.6643,28.144,28.144,389.462,389.462,6900.0
0.6644,29.125,29.125,389.419,389.419,6900.0
0.6645,30.172,30.172,389.419,389.419,6900.0
0.6646,31.178,31.178,389.47,389.47,6900.0
0.6647,32.248,32.248,389.576,389.576,6900.0
0.6648,33.02,33.02,389.733,389.733,6900.0
0.6649,33.594,33.594,389.92,389.92,6900.0
0.665,34.635,34.635,390.124,390.124,6900.0
0.6651,35.412,35.412,390.373,390.373,6900.0
0.6652,36.413,36.413,390.666,390.666,6900.0
0.6653,36.99,36.99,391.013,391.013,6900.0
0.6654,37.437,37.437,391.381,391.381,6900.0
0.6655,38.274,38.274,391.767,391.767,6900.0
0.6656,38.916,38.916,392.2,392.2,6900.0
0.6657,39.772,39.772,392.676,392.676,6900.0
0.6658,40.259,40.259,393.217,393.217,6900.0
0.6659,40.413,40.413,393.778,393.778,6900.0
0.666,40.983,40.983,394.348,394.348,6900.0
0.6661,41.244,41.244,394.947,394.947,6900.0
0.6662,41.539,41.539,395.554,395.554,6900.0
0.6663,41.677,41.677,396.19,396.19,6900.0
0.6664,41.672,41.672,396.822,396.822,6900.0
0.6665,41.969,41.969,397.451,397.451,6900.0
0.6666,42.206,42.206,398.093,398.093,6900.0
0.6667,42.289,42.289,398.735,398.735,6900.0
0.6668,42.476,42.476,399.4,399.4,6900.0
0.6669,42.284,42.284,400.074,400.074,6900.0
0.667,42.455,42.455,400.753,400.753,6900.0
0.6671,42.222,42.222,401.449,401.449,6900.0
0.6672,41.986,41.986,402.121,402.121,6900.0
0.6673,41.783,41.783,402.791,402.791,6900.0
0.6674,41.362,41.362,403.441,403.441,6900.0
0.6675,41.325,41.325,404.075,404.075,6900.0
0.6676,40.73,40.73,404.7,404.7,6900.0
0.6677,40.171,40.171,405.277,405.277,6900.0
0.6678,39.892,39.892,405.822,405.822,6900.0
0.6679,39.515,39.515,406.343,406.343,6900.0
0.668,39.156,39.156,406.856,406.856,6900.0
0.6681,38.643,38.643,407.353,407.353,6900.0
0.6682,37.954,37.954,407.82,407.82,6900.0
0.6683,37.5,37.5,408.248,408.248,6900.0
0.6684,36.841,36.841,408.654,408.654,6900.0
0.6685,36.18,36.18,409.036,409.036,6900.0
0.6686,35.514,35.514,409.386,409.386,6900.0
0.6687,34.666,34.666,409.7,409.7,6900.0
0.6688,33.782,33.782,409.966,409.966,6900.0
0.6689,32.856,32.856,410.188,410.188,6900.0
0.669,31.983,31.983,410.362,410.362,6900.0
0.6691,31.191,31.191,410.495,410.495,6900.0
0.6692,30.405,30.405,410.594,410.594,6900.0
0.6693,29.387,29.387,410.663,410.663,6900.0
0.6694,28.339,28.339,410.687,410.687,6900.0
0.6695,27.318,27.318,410.655,410.655,6900.0
0.6696,26.343,26.343,410.583,410.583,6900.0
0.6697,25.481,25.481,410.484,410.484,6900.0
0.6698,24.559,24.559,410.368,410.368,6900.0
0.6699,23.204,23.204,410.209,410.209,6900.0
0.67,21.999,21.999,409.98,409.98,6900.0
0.6701,21.215,21.215,409.704,409.704,6900.0
0.6702,20.601,20.601,409.397,409.397,6900.0
0.6703,19.498,19.498,409.082,409.082,6900.0
0.6704,18.105,18.105,408.734,408.734,6900.0
0.6705,16.912,16.912,408.338,408.338,6900.0
0.6706,15.842,15.842,407.913,407.913,6900.0
0.6707,14.81,14.81,407.46,407.46,6900.0
0.6708,13.497,13.497,406.992,406.992,6900.0
0.6709,11.807,11.807,406.495,406.495,6900.0
0.671,10.356,10.356,405.961,405.961,6900.0
0.6711,9.299,9.299,405.401,405.401,6900.0
0.6712,7.994,7.994,404.818,404.818,6900.0
0.6713,6.739,6.739,404.216,404.216,6900.0
0.6714,5.386,5.386,403.598,403.598,6900.0
0.6715,4.043,4.043,402.965,402.965,6900.0
0.6716,2.624,2.624,402.32,402.32,6900.0
0.6717,1.33,1.33,401.666,401.666,6900.0
0.6718,0.223,0.223,401.006,401.006,6900.0
0.6719,0.0,0.0,400.343,400.343,6900.0
0.672,0.0,0.0,399.68,399.68,6900.0
0.6721,-1.851,-1.851,399.015,399.015,6900.0
0.6722,-2.545,-2.545,398.353,398.353,6900.0
0.6723,-3.763,-3.763,397.695,397.695,6900.0
0.6724,-4.769,-4.769,397.044,397.044,6900.0
0.6725,-6.082,-6.082,396.399,396.399,6900.0
0.6726,-7.311,-7.311,395.767,395.767,6900.0
0.6727,-8.545,-8.545,395.149,395.149,6900.0
0.6728,-10.108,-10.108,394.556,394.556,6900.0
0.6729,-11.078,-11.078,393.987,393.987,6900.0
0.673,-12.287,-12.287,393.426,393.426,6900.0
0.6731,-13.613,-13.613,392.882,392.882,6900.0
0.6732,-15.063,-15.063,392.368,392.368,6900.0
0.6733,-16.774,-16.774,391.898,391.898,6900.0
0.6734,-17.873,-17.873,391.476,391.476,6900.0
0.6735,-18.814,-18.814,391.078,391.078,6900.0
0.6736,-19.893,-19.893,390.703,390.703,6900.0
0.6737,-21.219,-21.219,390.359,390.359,6900.0
0.6738,-22.57,-22.57,390.06,390.06,6900.0
0.6739,-23.825,-23.825,389.805,389.805,6900.0
0.674,-24.887,-24.887,389.592,389.592,6900.0
0.6741,-26.045,-26.045,389.413,389.413,6900.0
0.6742,-27.117,-27.117,389.276,389.276,6900.0
0.6743,-28.311,-28.311,389.18,389.18,6900.0
0.6744,-29.496,-29.496,389.136,389.136,6900.0
0.6745,-30.635,-30.635,389.144,389.144,6900.0
0.6746,-31.742,-31.742,389.209,389.209,6900.0
0.6747,-32.592,-32.592,389.323,389.323,6900.0
0.6748,-33.332,-33.332,389.468,389.468,6900.0
0.6749,-34.398,-34.398,389.649,389.649,6900.0
0.675,-35.356,-35.356,389.878,389.878,6900.0
0.6751,-36.13,-36.13,390.164,390.164,6900.0
0.6752,-36.691,-36.691,390.487,390.487,6900.0
0.6753,-37.229,-37.229,390.825,390.825,6900.0
0.6754,-37.941,-37.941,391.196,391.196,6900.0
0.6755,-38.882,-38.882,391.6,391.6,6900.0
0.6756,-39.459,-39.459,392.072,392.072,6900.0
0.6757,-39.756,-39.756,392.581,392.581,6900.0
0.6758,-40.28,-40.28,393.092,393.092,6900.0
0.6759,-40.869,-40.869,393.638,393.638,6900.0
0.676,-41.155,-41.155,394.209,394.209,6900.0
0.6761,-41.625,-41.625,394.813,394.813,6900.0
0.6762,-41.658,-41.658,395.445,395.445,6900.0
0.6763,-41.811,-41.811,396.067,396.067,6900.0
0.6764,-42.129,-42.129,396.708,396.708,6900.0
0.6765,-42.193,-42.193,397.355,397.355,6900.0
0.6766,-42.494,-42.494,398.012,398.012,6900.0
0.6767,-42.464,-42.464,398.692,398.692,6900.0
0.6768,-42.487,-42.487,399.363,399.363,6900.0
0.6769,-42.366,-42.366,400.05,400.05,6900.0
0.677,-42.005,-42.005,400.728,400.728,6900.0
0.6771,-42.241,-42.241,401.383,401.383,6900.0
0.6772,-41.968,-41.968,402.056,402.056,6900.0
0.6773,-41.894,-41.894,402.711,402.711,6900.0
0.6774,-41.562,-41.562,403.374,403.374,6900.0
0.6775,-41.178,-41.178,404.012,404.012,6900.0
0.6776,-40.945,-40.945,404.614,404.614,6900.0
0.6777,-40.66,-40.66,405.202,405.202,6900.0
0.6778,-40.328,-40.328,405.769,405.769,6900.0
0.6779,-39.698,-39.698,406.327,406.327,6900.0
0.678,-39.121,-39.121,406.849,406.849,6900.0
0.6781,-38.763,-38.763,407.328,407.328,6900.0
0.6782,-38.096,-38.096,407.791,407.791,6900.0
0.6783,-37.549,-37.549,408.225,408.225,6900.0
0.6784,-36.954,-36.954,408.641,408.641,6900.0
0.6785,-36.167,-36.167,409.027,409.027,6900.0
0.6786,-35.329,-35.329,409.371,409.371,6900.0
0.6787,-34.685,-34.685,409.673,409.673,6900.0
0.6788,-33.844,-33.844,409.938,409.938,6900.0
0.6789,-32.993,-32.993,410.161,410.161,6900.0
0.679,-32.155,-32.155,410.345,410.345,6900.0
0.6791,-31.252,-31.252,410.492,410.492,6900.0
0.6792,-30.343,-30.343,410.597,410.597,6900.0
0.6793,-29.346,-29.346,410.653,410.653,6900.0
0.6794,-28.544,-28.544,410.66,410.66,6900.0
0.6795,-27.762,-27.762,410.636,410.636,6900.0
0.6796,-26.91,-26.91,410.589,410.589,6900.0
0.6797,-25.641,-25.641,410.516,410.516,6900.0
0.6798,-24.382,-24.382,410.381,410.381,6900.0
0.6799,-23.455,-23.455,410.189,410.189,6900.0
0.68,-22.636,-22.636,409.964,409.964,6900.0
0.6801,-21.596,-21.596,409.723,409.723,6900.0
0.6802,-20.187,-20.187,409.461,409.461,6900.0
0.6803,-18.683,-18.683,409.147,409.147,6900.0
0.6804,-17.766,-17.766,408.781,408.781,6900.0
0.6805,-16.559,-16.559,408.385,408.385,6900.0
0.6806,-15.703,-15.703,407.958,407.958,6900.0
0.6807,-14.451,-14.451,407.51,407.51,6900.0
0.6808,-13.153,-13.153,407.026,407.026,6900.0
0.6809,-12.022,-12.022,406.509,406.509,6900.0
0.681,-10.808,-10.808,405.968,405.968,6900.0
0.6811,-9.654,-9.654,405.406,405.406,6900.0
0.6812,-8.272,-8.272,404.827,404.827,6900.0
0.6813,-6.885,-6.885,404.228,404.228,6900.0
0.6814,-5.575,-5.575,403.612,403.612,6900.0
0.6815,-4.185,-4.185,402.982,402.982,6900.0
0.6816,-3.048,-3.048,402.34,402.34,6900.0
0.6817,-1.765,-1.765,401.689,401.689,6900.0
0.6818,-0.455,-0.455,401.031,401.031,6900.0
0.6819,0.0,0.0,400.369,400.369,6900.0
0.682,-0.0,-0.0,399.705,399.705,6900.0
0.6821,2.678,2.678,399.041,399.041,6900.0
0.6822,2.14,2.14,398.383,398.383,6900.0
0.6823,2.955,2.955,397.725,397.725,6900.0
0.6824,4.307,4.307,397.07,397.07,6900.0
0.6825,5.534,5.534,396.426,396.426,6900.0
0.6826,7.033,7.033,395.793,395.793,6900.0
0.6827,8.326,8.326,395.18,395.18,6900.0
0.6828,9.185,9.185,394.579,394.579,6900.0
0.6829,10.648,10.648,393.982,393.982,6900.0
0.683,12.208,12.208,393.406,393.406,6900.0
0.6831,13.963,13.963,392.862,392.862,6900.0
0.6832,15.262,15.262,392.365,392.365,6900.0
0.6833,16.353,16.353,391.898,391.898,6900.0
0.6834,17.646,17.646,391.45,391.45,6900.0
0.6835,19.042,19.042,391.035,391.035,6900.0
0.6836,20.539,20.539,390.666,390.666,6900.0
0.6837,21.64,21.64,390.352,390.352,6900.0
0.6838,22.597,22.597,390.078,390.078,6900.0
0.6839,23.566,23.566,389.831,389.831,6900.0
0.684,24.676,24.676,389.614,389.614,6900.0
0.6841,25.717,25.717,389.436,389.436,6900.0
0.6842,26.931,26.931,389.294,389.294,6900.0
0.6843,28.027,28.027,389.197,389.197,6900.0
0.6844,29.041,29.041,389.147,389.147,6900.0
0.6845,30.166,30.166,389.14,389.14,6900.0
0.6846,30.837,30.837,389.18,389.18,6900.0
0.6847,31.889,31.889,389.25,389.25,6900.0
0.6848,32.901,32.901,389.375,389.375,6900.0
0.6849,33.934,33.934,389.561,389.561,6900.0
0.685,34.657,34.657,389.802,389.802,6900.0
0.6851,35.327,35.327,390.072,390.072,6900.0
0.6852,36.259,36.259,390.365,390.365,6900.0
0.6853,36.85,36.85,390.701,390.701,6900.0
0.6854,37.642,37.642,391.073,391.073,6900.0
0.6855,38.278,38.278,391.49,391.49,6900.0
0.6856,38.74,38.74,391.927,391.927,6900.0
0.6857,39.503,39.503,392.379,392.379,6900.0
0.6858,39.931,39.931,392.871,392.871,6900.0
0.6859,40.531,40.531,393.393,393.393,6900.0
0.686,40.847,40.847,393.97,393.97,6900.0
0.6861,41.002,41.002,394.563,394.563,6900.0
0.6862,41.559,41.559,395.168,395.168,6900.0
0.6863,41.745,41.745,395.803,395.803,6900.0
0.6864,42.063,42.063,396.443,396.443,6900.0
0.6865,42.119,42.119,397.117,397.117,6900.0
0.6866,41.921,41.921,397.784,397.784,6900.0
0.6867,42.025,42.025,398.443,398.443,6900.0
0.6868,42.037,42.037,399.105,399.105,6900.0
0.6869,42.011,42.011,399.751,399.751,6900.0
0.687,42.157,42.157,400.407,400.407,6900.0
0.6871,41.843,41.843,401.063,401.063,6900.0
0.6872,42.054,42.054,401.715,401.715,6900.0
0.6873,41.852,41.852,402.38,402.38,6900.0
0.6874,41.392,41.392,403.023,403.023,6900.0
0.6875,41.364,41.364,403.649,403.649,6900.0
0.6876,40.764,40.764,404.269,404.269,6900.0
0.6877,40.39,40.39,404.873,404.873,6900.0
0.6878,39.907,39.907,405.457,405.457,6900.0
0.6879,39.372,39.372,406.001,406.001,6900.0
0.688,39.112,39.112,406.509,406.509,6900.0
0.6881,38.62,38.62,406.992,406.992,6900.0
0.6882,38.192,38.192,407.458,407.458,6900.0
0.6883,37.499,37.499,407.902,407.902,6900.0
0.6884,36.662,36.662,408.306,408.306,6900.0
0.6885,35.875,35.875,408.667,408.667,6900.0
0.6886,35.425,35.425,408.991,408.991,6900.0
0.6887,34.761,34.761,409.293,409.293,6900.0
0.6888,33.901,33.901,409.567,409.567,6900.0
0.6889,33.043,33.043,409.803,409.803,6900.0
0.689,32.012,32.012,409.998,409.998,6900.0
0.6891,31.197,31.197,410.143,410.143,6900.0
0.6892,30.339,30.339,410.241,410.241,6900.0
0.6893,29.451,29.451,410.297,410.297,6900.0
0.6894,28.628,28.628,410.32,410.32,6900.0
0.6895,27.562,27.562,410.317,410.317,6900.0
0.6896,26.293,26.293,410.267,410.267,6900.0
0.6897,25.338,25.338,410.153,410.153,6900.0
0.6898,24.575,24.575,409.998,409.998,6900.0
0.6899,23.793,23.793,409.824,409.824,6900.0
0.69,22.827,22.827,409.638,409.638,6900.0
0.6901,21.33,21.33,409.415,409.415,6900.0
0.6902,20.106,20.106,409.126,409.126,6900.0
0.6903,18.99,18.99,408.795,408.795,6900.0
0.6904,18.08,18.08,408.425,408.425,6900.0
0.6905,17.091,17.091,408.035,408.035,6900.0
0.6906,15.867,15.867,407.616,407.616,6900.0
0.6907,14.571,14.571,407.156,407.156,6900.0
0.6908,13.475,13.475,406.669,406.669,6900.0
0.6909,12.329,12.329,406.157,406.157,6900.0
0.691,11.155,11.155,405.629,405.629,6900.0
0.6911,9.608,9.608,405.08,405.08,6900.0
0.6912,8.015,8.015,404.505,404.505,6900.0
0.6913,6.802,6.802,403.906,403.906,6900.0
0.6914,5.339,5.339,403.291,403.291,6900.0
0.6915,4.079,4.079,402.659,402.659,6900.0
0.6916,2.976,2.976,402.015,402.015,6900.0
0.6917,1.756,1.756,401.362,401.362,6900.0
0.6918,0.404,0.404,400.703,400.703,6900.0
0.6919,-0.0,-0.0,400.04,400.04,6900.0
0.692,0.0,0.0,399.376,399.376,6900.0
0.6921,-1.511,-1.511,398.712,398.712,6900.0
0.6922,-2.235,-2.235,398.049,398.049,6900.0
0.6923,-3.515,-3.515,397.388,397.388,6900.0
0.6924,-4.692,-4.692,396.733,396.733,6900.0
0.6925,-6.158,-6.158,396.089,396.089,6900.0
0.6926,-6.942,-6.942,395.458,395.458,6900.0
0.6927,-8.173,-8.173,394.831,394.831,6900.0
0.6928,-9.731,-9.731,394.218,394.218,6900.0
0.6929,-11.23,-11.23,393.63,393.63,6900.0
0.693,-12.843,-12.843,393.076,393.076,6900.0
0.6931,-13.721,-13.721,392.56,392.56,6900.0
0.6932,-14.813,-14.813,392.054,392.054,6900.0
0.6933,-16.268,-16.268,391.568,391.568,6900.0
0.6934,-17.785,-17.785,391.118,391.118,6900.0
0.6935,-19.264,-19.264,390.716,390.716,6900.0
0.6936,-20.333,-20.333,390.362,390.362,6900.0
0.6937,-21.268,-21.268,390.036,390.036,6900.0
0.6938,-22.549,-22.549,389.734,389.734,6900.0
0.6939,-23.911,-23.911,389.471,389.471,6900.0
0.694,-25.141,-25.141,389.254,389.254,6900.0
0.6941,-26.226,-26.226,389.083,389.083,6900.0
0.6942,-27.392,-27.392,388.956,388.956,6900.0
0.6943,-28.569,-28.569,388.874,388.874,6900.0
0.6944,-29.467,-29.467,388.838,388.838,6900.0
0.6945,-30.387,-30.387,388.841,388.841,6900.0
0.6946,-31.627,-31.627,388.887,388.887,6900.0
0.6947,-32.671,-32.671,388.989,388.989,6900.0
0.6948,-33.551,-33.551,389.15,389.15,6900.0
0.6949,-34.191,-34.191,389.354,389.354,6900.0
0.695,-34.939,-34.939,389.579,389.579,6900.0
0.6951,-36.004,-36.004,389.84,389.84,6900.0
0.6952,-36.887,-36.887,390.144,390.144,6900.0
0.6953,-37.683,-37.683,390.505,390.505,6900.0
0.6954,-38.342,-38.342,390.901,390.901,6900.0
0.6955,-39.049,-39.049,391.313,391.313,6900.0
0.6956,-39.599,-39.599,391.767,391.767,6900.0
0.6957,-40.291,-40.291,392.248,392.248,6900.0
0.6958,-40.901,-40.901,392.791,392.791,6900.0
0.6959,-41.086,-41.086,393.373,393.373,6900.0
0.696,-41.477,-41.477,393.954,393.954,6900.0
0.6961,-41.886,-41.886,394.566,394.566,6900.0
0.6962,-41.954,-41.954,395.192,395.192,6900.0
0.6963,-42.385,-42.385,395.838,395.838,6900.0
0.6964,-42.392,-42.392,396.506,396.506,6900.0
0.6965,-42.572,-42.572,397.161,397.161,6900.0
0.6966,-42.634,-42.634,397.835,397.835,6900.0
0.6967,-42.465,-42.465,398.504,398.504,6900.0
0.6968,-42.787,-42.787,399.167,399.167,6900.0
0.6969,-42.584,-42.584,399.855,399.855,6900.0
0.697,-42.505,-42.505,400.53,400.53,6900.0
0.6971,-42.304,-42.304,401.218,401.218,6900.0
0.6972,-41.858,-41.858,401.895,401.895,6900.0
0.6973,-41.946,-41.946,402.54,402.54,6900.0
0.6974,-41.718,-41.718,403.195,403.195,6900.0
0.6975,-41.593,-41.593,403.832,403.832,6900.0
0.6976,-41.194,-41.194,404.472,404.472,6900.0
0.6977,-40.624,-40.624,405.082,405.082,6900.0
0.6978,-40.374,-40.374,405.643,405.643,6900.0
0.6979,-39.941,-39.941,406.191,406.191,6900.0
0.698,-39.773,-39.773,406.711,406.711,6900.0
0.6981,-38.877,-38.877,407.227,407.227,6900.0
0.6982,-38.231,-38.231,407.701,407.701,6900.0
0.6983,-37.678,-37.678,408.132,408.132,6900.0
0.6984,-37.063,-37.063,408.537,408.537,6900.0
0.6985,-36.481,-36.481,408.915,408.915,6900.0
0.6986,-35.704,-35.704,409.272,409.272,6900.0
0.6987,-34.873,-34.873,409.594,409.594,6900.0
0.6988,-34.045,-34.045,409.873,409.873,6900.0
0.6989,-33.234,-33.234,410.11,410.11,6900.0
0.699,-32.452,-32.452,410.301,410.301,6900.0
0.6991,-31.514,-31.514,410.45,410.45,6900.0
0.6992,-30.693,-30.693,410.555,410.555,6900.0
0.6993,-29.947,-29.947,410.627,410.627,6900.0
0.6994,-28.779,-28.779,410.665,410.665,6900.0
0.6995,-27.722,-27.722,410.647,410.647,6900.0
0.6996,-26.771,-26.771,410.581,410.581,6900.0
0.6997,-25.938,-25.938,410.483,410.483,6900.0
0.6998,-25.25,-25.25,410.367,410.367,6900.0
0.6999,-23.921,-23.921,410.231,410.231,6900.0
0.7,-22.345,-22.345,410.032,410.032,6900.0
0.7001,-21.344,-21.344,409.765,409.715,6900.0
0.7002,-20.446,-20.446,409.461,409.311,6900.0
0.7003,-19.678,-19.678,409.134,408.884,6900.0
0.7004,-18.406,-18.406,408.792,408.442,6900.0
0.7005,-16.971,-16.971,408.409,407.959,6900.0
0.7006,-15.871,-15.871,407.984,407.434,6900.0
0.7007,-14.597,-14.597,407.534,406.884,6900.0
0.7008,-13.777,-13.777,407.057,406.307,6900.0
0.7009,-12.451,-12.451,406.565,405.715,6900.0
0.701,-10.991,-10.991,406.042,405.092,6900.0
0.7011,-9.672,-9.672,405.488,404.438,6900.0
0.7012,-8.133,-8.133,404.91,403.76,6900.0
0.7013,-6.824,-6.824,404.309,403.059,6900.0
0.7014,-5.399,-5.399,403.692,402.342,6900.0
0.7015,-4.056,-4.056,403.059,401.609,6900.0
0.7016,-2.991,-2.991,402.415,400.865,6900.0
0.7017,-1.833,-1.833,401.763,400.113,6900.0
0.7018,-0.575,-0.575,401.104,399.354,6900.0
0.7019,-0.0,-0.0,400.442,398.592,6900.0
0.702,-0.0,-0.0,399.779,397.829,6900.0
0.7021,1.401,1.401,399.114,397.064,6900.0
0.7022,1.953,1.953,398.451,396.301,6900.0
0.7023,3.358,3.358,397.79,395.54,6900.0
0.7024,4.439,4.439,397.139,394.789,6900.0
0.7025,5.485,5.485,396.495,394.045,6900.0
0.7026,6.943,6.943,395.858,393.308,6900.0
0.7027,8.425,8.425,395.237,392.587,6900.0
0.7028,9.924,9.924,394.637,391.887,6900.0
0.7029,11.157,11.157,394.066,391.216,6900.0
0.703,12.163,12.163,393.512,390.562,6900.0
0.7031,13.411,13.411,392.966,389.916,6900.0
0.7032,15.132,15.132,392.442,389.292,6900.0
0.7033,16.861,16.861,391.962,388.712,6900.0
0.7034,18.168,18.168,391.537,388.187,6900.0
0.7035,19.126,19.126,391.149,387.699,6900.0
0.7036,20.374,20.374,390.778,387.228,6900.0
0.7037,21.653,21.653,390.442,386.792,6900.0
0.7038,22.933,22.933,390.148,386.398,6900.0
0.7039,24.049,24.049,389.902,386.052,6900.0
0.704,25.188,25.188,389.696,385.746,6900.0
0.7041,26.343,26.343,389.526,385.476,6900.0
0.7042,27.593,27.593,389.394,385.244,6900.0
0.7043,28.814,28.814,389.306,385.056,6900.0
0.7044,29.91,29.91,389.265,384.915,6900.0
0.7045,31.047,31.047,389.272,384.822,6900.0
0.7046,31.907,31.907,389.337,384.787,6900.0
0.7047,32.662,32.662,389.449,384.799,6900.0
0.7048,33.613,33.613,389.596,384.846,6900.0
0.7049,34.648,34.648,389.779,384.929,6900.0
0.705,35.504,35.504,390.014,385.064,6900.0
0.7051,36.373,36.373,390.305,385.255,6900.0
0.7052,37.033,37.033,390.642,385.492,6900.0
0.7053,37.539,37.539,391.004,385.754,6900.0
0.7054,38.511,38.511,391.378,386.028,6900.0
0.7055,39.26,39.26,391.798,386.348,6900.0
0.7056,40.152,40.152,392.257,386.707,6900.0
0.7057,40.71,40.71,392.774,387.124,6900.0
0.7058,40.863,40.863,393.315,387.565,6900.0
0.7059,41.617,41.617,393.861,388.011,6900.0
0.706,42.031,42.031,394.448,388.498,6900.0
0.7061,42.529,42.529,395.061,389.011,6900.0
0.7062,42.727,42.727,395.724,389.574,6900.0
0.7063,42.712,42.712,396.395,390.145,6900.0
0.7064,42.916,42.916,397.069,390.719,6900.0
0.7065,42.991,42.991,397.756,391.306,6900.0
0.7066,43.357,43.357,398.434,391.884,6900.0
0.7067,43.569,43.569,399.142,392.492,6900.0
0.7068,43.473,43.473,399.847,393.097,6900.0
0.7069,43.57,43.57,400.549,393.699,6900.0
0.707,43.456,43.456,401.258,394.308,6900.0
0.7071,43.309,43.309,401.944,394.894,6900.0
0.7072,43.443,43.443,402.636,395.486,6900.0
0.7073,42.992,42.992,403.33,396.08,6900.0
0.7074,42.888,42.888,404.017,396.667,6900.0
0.7075,42.409,42.409,404.705,397.255,6900.0
0.7076,42.006,42.006,405.355,397.805,6900.0
0.7077,41.854,41.854,405.982,398.332,6900.0
0.7078,41.422,41.422,406.592,398.842,6900.0
0.7079,41.137,41.137,407.186,399.336,6900.0
0.708,40.547,40.547,407.759,399.809,6900.0
0.7081,39.892,39.892,408.291,400.241,6900.0
0.7082,39.534,39.534,408.776,400.626,6900.0
0.7083,38.946,38.946,409.237,400.987,6900.0
0.7084,38.423,38.423,409.677,401.327,6900.0
0.7085,37.738,37.738,410.094,401.644,6900.0
0.7086,36.767,36.767,410.478,401.928,6900.0
0.7087,35.941,35.941,410.817,402.167,6900.0
0.7088,35.216,35.216,411.118,402.368,6900.0
0.7089,34.502,34.502,411.384,402.534,6900.0
0.709,33.711,33.711,411.615,402.665,6900.0
0.7091,32.812,32.812,411.809,402.759,6900.0
0.7092,31.688,31.688,411.963,402.813,6900.0
0.7093,30.646,30.646,412.062,402.812,6900.0
0.7094,29.812,29.812,412.099,402.749,6900.0
0.7095,29.129,29.129,412.093,402.643,6900.0
0.7096,27.965,27.965,412.064,402.514,6900.0
0.7097,26.922,26.922,412.009,402.359,6900.0
0.7098,25.704,25.704,411.908,402.158,6900.0
0.7099,24.561,24.561,411.745,401.895,6900.0
0.71,23.701,23.701,411.539,401.589,6900.0
0.7101,22.742,22.742,411.311,401.261,6900.0
0.7102,21.686,21.686,411.072,400.922,6900.0
0.7103,20.13,20.13,410.798,400.548,6900.0
0.7104,18.879,18.879,410.463,400.113,6900.0
0.7105,17.672,17.672,410.089,399.639,6900.0
0.7106,16.809,16.809,409.676,399.126,6900.0
0.7107,15.719,15.719,409.243,398.593,6900.0
0.7108,14.195,14.195,408.781,398.031,6900.0
0.7109,12.855,12.855,408.277,397.427,6900.0
0.711,11.62,11.62,407.747,396.797,6900.0
0.7111,10.412,10.412,407.193,396.143,6900.0
0.7112,9.089,9.089,406.623,395.473,6900.0
0.7113,7.529,7.529,406.034,394.784,6900.0
0.7114,5.921,5.921,405.426,394.076,6900.0
0.7115,4.445,4.445,404.802,393.352,6900.0
0.7116,3.143,3.143,404.164,392.614,6900.0
0.7117,1.643,1.643,403.517,391.867,6900.0
0.7118,0.656,0.656,402.861,391.111,6900.0
0.7119,0.85,0.85,402.202,390.352,6900.0
0.712,0.0,0.0,401.542,389.592,6900.0
0.7121,-2.299,-2.299,400.88,388.83,6900.0
0.7122,-2.369,-2.369,400.224,388.074,6900.0
0.7123,-3.546,-3.546,399.57,387.32,6900.0
0.7124,-4.854,-4.854,398.922,386.572,6900.0
0.7125,-6.451,-6.451,398.282,385.832,6900.0
0.7126,-7.646,-7.646,397.654,385.104,6900.0
0.7127,-9.098,-9.098,397.044,384.394,6900.0
0.7128,-10.076,-10.076,396.454,383.704,6900.0
0.7129,-11.266,-11.266,395.869,383.019,6900.0
0.713,-12.959,-12.959,395.298,382.348,6900.0
0.7131,-14.477,-14.477,394.759,381.709,6900.0
0.7132,-16.24,-16.24,394.263,381.113,6900.0
0.7133,-17.232,-17.232,393.817,380.567,6900.0
0.7134,-18.169,-18.169,393.389,380.039,6900.0
0.7135,-19.655,-19.655,392.984,379.534,6900.0
0.7136,-21.404,-21.404,392.619,379.069,6900.0
0.7137,-22.895,-22.895,392.31,378.66,6900.0
0.7138,-24.016,-24.016,392.052,378.302,6900.0
0.7139,-24.986,-24.986,391.829,377.979,6900.0
0.714,-26.165,-26.165,391.637,377.687,6900.0
0.7141,-27.417,-27.417,391.482,377.432,6900.0
0.7142,-28.537,-28.537,391.371,377.221,6900.0
0.7143,-29.985,-29.985,391.303,377.053,6900.0
0.7144,-31.18,-31.18,391.291,376.941,6900.0
0.7145,-32.289,-32.289,391.334,376.884,6900.0
0.7146,-33.35,-33.35,391.422,376.872,6900.0
0.7147,-34.388,-34.388,391.551,376.901,6900.0
0.7148,-35.352,-35.352,391.731,376.981,6900.0
0.7149,-36.379,-36.379,391.962,377.112,6900.0
0.715,-37.297,-37.297,392.258,377.308,6900.0
0.7151,-37.899,-37.899,392.599,377.549,6900.0
0.7152,-38.608,-38.608,392.957,377.807,6900.0
0.7153,-39.527,-39.527,393.351,378.101,6900.0
0.7154,-40.366,-40.366,393.781,378.431,6900.0
0.7155,-41.072,-41.072,394.269,378.819,6900.0
0.7156,-41.426,-41.426,394.794,379.244,6900.0
0.7157,-42.05,-42.05,395.321,379.671,6900.0
0.7158,-42.668,-42.668,395.883,380.133,6900.0
0.7159,-43.139,-43.139,396.473,380.623,6900.0
0.716,-43.754,-43.754,397.11,381.16,6900.0
0.7161,-43.845,-43.845,397.788,381.738,6900.0
0.7162,-44.121,-44.121,398.463,382.313,6900.0
0.7163,-44.585,-44.585,399.164,382.914,6900.0
0.7164,-44.638,-44.638,399.882,383.532,6900.0
0.7165,-45.069,-45.069,400.613,384.163,6900.0
0.7166,-44.964,-44.964,401.372,384.822,6900.0
0.7167,-45.097,-45.097,402.113,385.463,6900.0
0.7168,-45.051,-45.051,402.872,386.122,6900.0
0.7169,-44.779,-44.779,403.619,386.769,6900.0
0.717,-44.959,-44.959,404.346,387.396,6900.0
0.7171,-44.718,-44.718,405.089,388.039,6900.0
0.7172,-44.628,-44.628,405.813,388.663,6900.0
0.7173,-44.538,-44.538,406.546,389.296,6900.0
0.7174,-44.066,-44.066,407.269,389.919,6900.0
0.7175,-43.919,-43.919,407.955,390.505,6900.0
0.7176,-43.409,-43.409,408.642,391.092,6900.0
0.7177,-43.12,-43.12,409.305,391.655,6900.0
0.7178,-42.594,-42.594,409.967,392.217,6900.0
0.7179,-42.153,-42.153,410.596,392.746,6900.0
0.718,-41.684,-41.684,411.182,393.232,6900.0
0.7181,-41.092,-41.092,411.744,393.694,6900.0
0.7182,-40.496,-40.496,412.272,394.122,6900.0
0.7183,-39.785,-39.785,412.776,394.526,6900.0
0.7184,-39.177,-39.177,413.241,394.891,6900.0
0.7185,-38.568,-38.568,413.662,395.212,6900.0
0.7186,-37.996,-37.996,414.05,395.5,6900.0
0.7187,-37.244,-37.244,414.411,395.761,6900.0
0.7188,-36.429,-36.429,414.74,395.99,6900.0
0.7189,-35.595,-35.595,415.035,396.185,6900.0
0.719,-34.644,-34.644,415.294,396.344,6900.0
0.7191,-33.429,-33.429,415.51,396.46,6900.0
0.7192,-32.318,-32.318,415.668,396.518,6900.0
0.7193,-31.285,-31.285,415.774,396.524,6900.0
0.7194,-30.423,-30.423,415.837,396.487,6900.0
0.7195,-29.468,-29.468,415.871,396.421,6900.0
0.7196,-28.16,-28.16,415.869,396.319,6900.0
0.7197,-26.945,-26.945,415.804,396.154,6900.0
0.7198,-26.004,-26.004,415.683,395.933,6900.0
0.7199,-25.226,-25.226,415.531,395.681,6900.0
0.72,-24.348,-24.348,415.365,395.415,6900.0
0.7201,-22.878,-22.878,415.179,395.129,6900.0
0.7202,-21.308,-21.308,414.935,394.785,6900.0
0.7203,-20.326,-20.326,414.63,394.38,6900.0
0.7204,-19.127,-19.127,414.289,393.939,6900.0
0.7205,-18.243,-18.243,413.917,393.467,6900.0
0.7206,-16.781,-16.781,413.524,392.974,6900.0
0.7207,-15.188,-15.188,413.091,392.441,6900.0
0.7208,-14.161,-14.161,412.617,391.867,6900.0
0.7209,-13.024,-13.024,412.12,391.27,6900.0
0.721,-12.006,-12.006,411.603,390.653,6900.0
0.7211,-10.491,-10.491,411.069,390.019,6900.0
0.7212,-8.872,-8.872,410.511,389.361,6900.0
0.7213,-7.595,-7.595,409.928,388.678,6900.0
0.7214,-6.113,-6.113,409.327,387.977,6900.0
0.7215,-4.767,-4.767,408.709,387.259,6900.0
0.7216,-3.491,-3.491,408.077,386.527,6900.0
0.7217,-2.156,-2.156,407.437,385.787,6900.0
0.7218,-0.888,-0.888,406.788,385.038,6900.0
0.7219,-0.0,-0.0,406.136,384.286,6900.0
0.722,-0.0,-0.0,405.482,383.532,6900.0
0.7221,1.106,1.106,404.828,382.778,6900.0
0.7222,1.817,1.817,404.174,382.024,6900.0
0.7223,2.873,2.873,403.522,381.272,6900.0
0.7224,4.057,4.057,402.875,380.525,6900.0
0.7225,5.496,5.496,402.237,379.787,6900.0
0.7226,6.811,6.811,401.612,379.062,6900.0
0.7227,8.031,8.031,400.999,378.349,6900.0
0.7228,9.509,9.509,400.395,377.645,6900.0
0.7229,11.132,11.132,399.811,376.961,6900.0
0.723,12.822,12.822,399.257,376.307,6900.0
0.7231,14.161,14.161,398.745,375.695,6900.0
0.7232,14.939,14.939,398.259,375.109,6900.0
0.7233,16.618,16.618,397.779,374.529,6900.0
0.7234,18.416,18.416,397.332,373.982,6900.0
0.7235,19.919,19.919,396.933,373.483,6900.0
0.7236,21.126,21.126,396.589,373.039,6900.0
0.7237,22.133,22.133,396.282,372.632,6900.0
0.7238,23.317,23.317,396.001,372.251,6900.0
0.7239,24.551,24.551,395.756,371.906,6900.0
0.724,25.94,25.94,395.553,371.603,6900.0
0.7241,26.941,26.941,395.403,371.353,6900.0
0.7242,28.083,28.083,395.295,371.145,6900.0
0.7243,29.208,29.208,395.233,370.983,6900.0
0.7244,30.143,30.143,395.215,370.865,6900.0
0.7245,31.162,31.162,395.233,370.783,6900.0
0.7246,32.372,32.372,395.288,370.738,6900.0
0.7247,33.375,33.375,395.393,370.743,6900.0
0.7248,34.451,34.451,395.554,370.804,6900.0
0.7249,35.252,35.252,395.767,370.917,6900.0
0.725,35.984,35.984,396.014,371.064,6900.0
0.7251,36.942,36.942,396.287,371.237,6900.0
0.7252,37.629,37.629,396.612,371.462,6900.0
0.7253,38.584,38.584,396.986,371.736,6900.0
0.7254,39.234,39.234,397.415,372.065,6900.0
0.7255,39.705,39.705,397.868,372.418,6900.0
0.7256,40.344,40.344,398.336,372.786,6900.0
0.7257,40.888,40.888,398.839,373.189,6900.0
0.7258,41.693,41.693,399.371,373.621,6900.0
0.7259,42.066,42.066,399.959,374.109,6900.0
0.726,42.195,42.195,400.56,374.61,6900.0
0.7261,42.644,42.644,401.164,375.114,6900.0
0.7262,42.859,42.859,401.798,375.648,6900.0
0.7263,43.295,43.295,402.44,376.19,6900.0
0.7264,43.397,43.397,403.125,376.775,6900.0
0.7265,43.376,43.376,403.812,377.362,6900.0
0.7266,43.768,43.768,404.503,377.953,6900.0
0.7267,43.663,43.663,405.216,378.566,6900.0
0.7268,43.592,43.592,405.913,379.163,6900.0
0.7269,43.641,43.641,406.621,379.771,6900.0
0.727,43.446,43.446,407.322,380.372,6900.0
0.7271,43.489,43.489,408.019,380.969,6900.0
0.7272,43.225,43.225,408.719,381.569,6900.0
0.7273,42.903,42.903,409.391,382.141,6900.0
0.7274,42.691,42.691,410.052,382.702,6900.0
0.7275,42.234,42.234,410.699,383.249,6900.0
0.7276,42.128,42.128,411.335,383.785,6900.0
0.7277,41.651,41.651,411.967,384.317,6900.0
0.7278,41.04,41.04,412.563,384.813,6900.0
0.7279,40.727,40.727,413.129,385.279,6900.0
0.728,40.201,40.201,413.674,385.724,6900.0
0.7281,39.849,39.849,414.202,386.152,6900.0
0.7282,39.227,39.227,414.708,386.558,6900.0
0.7283,38.489,38.489,415.171,386.921,6900.0
0.7284,37.995,37.995,415.59,387.24,6900.0
0.7285,37.345,37.345,415.979,387.529,6900.0
0.7286,36.512,36.512,416.342,387.792,6900.0
0.7287,35.702,35.702,416.669,388.019,6900.0
0.7288,34.742,34.742,416.961,388.211,6900.0
0.7289,33.862,33.862,417.21,388.36,6900.0
0.729,32.823,32.823,417.417,388.467,6900.0
0.7291,31.973,31.973,417.577,388.527,6900.0
0.7292,31.127,31.127,417.698,388.548,6900.0
0.7293,30.336,30.336,417.785,388.535,6900.0
0.7294,29.278,29.278,417.844,388.494,6900.0
0.7295,28.031,28.031,417.854,388.404,6900.0
0.7296,26.939,26.939,417.801,388.251,6900.0
0.7297,26.064,26.064,417.705,388.055,6900.0
0.7298,25.364,25.364,417.582,387.832,6900.0
0.7299,24.406,24.406,417.447,387.597,6900.0
0.73,22.872,22.872,417.271,387.321,6900.0
0.7301,21.709,21.709,417.024,386.974,6900.0
0.7302,20.887,20.887,416.732,386.582,6900.0
0.7303,19.97,19.97,416.413,386.163,6900.0
0.7304,18.998,18.998,416.079,385.729,6900.0
0.7305,17.498,17.498,415.719,385.269,6900.0
0.7306,16.127,16.127,415.312,384.762,6900.0
0.7307,14.886,14.886,414.875,384.225,6900.0
0.7308,13.791,13.791,414.409,383.659,6900.0
0.7309,12.62,12.62,413.925,383.075,6900.0
0.731,10.96,10.96,413.416,382.466,6900.0
0.7311,9.497,9.497,412.874,381.824,6900.0
0.7312,8.196,8.196,412.307,381.157,6900.0
0.7313,6.991,6.991,411.718,380.468,6900.0
0.7314,5.78,5.78,411.113,379.763,6900.0
0.7315,4.349,4.349,410.494,379.044,6900.0
0.7316,2.909,2.909,409.863,378.313,6900.0
0.7317,1.703,1.703,409.222,377.572,6900.0
0.7318,0.6,0.6,408.575,376.825,6900.0
0.7319,0.0,0.0,407.926,376.076,6900.0
0.732,0.0,0.0,407.274,375.324,6900.0
0.7321,-1.278,-1.278,406.622,374.572,6900.0
0.7322,-2.853,-2.853,405.971,373.821,6900.0
0.7323,-3.43,-3.43,405.324,373.074,6900.0
0.7324,-4.715,-4.715,404.684,372.334,6900.0
0.7325,-5.799,-5.799,404.053,371.603,6900.0
0.7326,-6.793,-6.793,403.431,370.881,6900.0
0.7327,-8.371,-8.371,402.819,370.169,6900.0
0.7328,-9.684,-9.684,402.226,369.476,6900.0
0.7329,-11.244,-11.244,401.66,368.81,6900.0
0.733,-12.199,-12.199,401.121,368.171,6900.0
0.7331,-13.233,-13.233,400.592,367.542,6900.0
0.7332,-14.84,-14.84,400.076,366.926,6900.0
0.7333,-16.49,-16.49,399.595,366.345,6900.0
0.7334,-18.104,-18.104,399.164,365.814,6900.0
0.7335,-19.155,-19.155,398.781,365.331,6900.0
0.7336,-19.943,-19.943,398.422,364.872,6900.0
0.7337,-21.055,-21.055,398.085,364.435,6900.0
0.7338,-22.382,-22.382,397.781,364.031,6900.0
0.7339,-23.643,-23.643,397.523,363.673,6900.0
0.734,-24.623,-24.623,397.31,363.36,6900.0
0.7341,-25.956,-25.956,397.132,363.082,6900.0
0.7342,-27.056,-27.056,396.997,362.847,6900.0
0.7343,-28.159,-28.159,396.901,362.651,6900.0
0.7344,-29.241,-29.241,396.849,362.499,6900.0
0.7345,-30.317,-30.317,396.842,362.392,6900.0
0.7346,-31.346,-31.346,396.885,362.335,6900.0
0.7347,-32.242,-32.242,396.981,362.331,6900.0
0.7348,-32.975,-32.975,397.12,362.37,6900.0
0.7349,-33.736,-33.736,397.286,362.436,6900.0
0.735,-34.691,-34.691,397.49,362.54,6900.0
0.7351,-35.559,-35.559,397.738,362.688,6900.0
0.7352,-36.148,-36.148,398.045,362.895,6900.0
0.7353,-36.742,-36.742,398.383,363.133,6900.0
0.7354,-37.29,-37.29,398.737,363.387,6900.0
0.7355,-38.033,-38.033,399.122,363.672,6900.0
0.7356,-38.804,-38.804,399.535,363.985,6900.0
0.7357,-39.472,-39.472,400.006,364.356,6900.0
0.7358,-39.701,-39.701,400.513,364.763,6900.0
0.7359,-40.092,-40.092,401.019,365.169,6900.0
0.736,-40.502,-40.502,401.555,365.605,6900.0
0.7361,-40.776,-40.776,402.108,366.058,6900.0
0.7362,-41.085,-41.085,402.696,366.546,6900.0
0.7363,-41.212,-41.212,403.305,367.055,6900.0
0.7364,-41.379,-41.379,403.911,367.561,6900.0
0.7365,-41.567,-41.567,404.539,368.089,6900.0
0.7366,-41.642,-41.642,405.167,368.617,6900.0
0.7367,-41.81,-41.81,405.803,369.153,6900.0
0.7368,-41.737,-41.737,406.453,369.703,6900.0
0.7369,-41.817,-41.817,407.091,370.241,6900.0
0.737,-41.651,-41.651,407.746,370.796,6900.0
0.7371,-41.349,-41.349,408.387,371.337,6900.0
0.7372,-41.384,-41.384,409.008,371.858,6900.0
0.7373,-41.141,-41.141,409.635,372.385,6900.0
0.7374,-41.026,-41.026,410.244,372.894,6900.0
0.7375,-40.567,-40.567,410.86,373.41,6900.0
0.7376,-40.072,-40.072,411.448,373.898,6900.0
0.7377,-39.781,-39.781,411.996,374.346,6900.0
0.7378,-39.382,-39.382,412.534,374.784,6900.0
0.7379,-39.249,-39.249,413.048,375.198,6900.0
0.738,-38.709,-38.709,413.562,375.612,6900.0
0.7381,-37.925,-37.925,414.047,375.997,6900.0
0.7382,-37.182,-37.182,414.484,376.334,6900.0
0.7383,-36.807,-36.807,414.884,376.634,6900.0
0.7384,-36.307,-36.307,415.263,376.913,6900.0
0.7385,-35.536,-35.536,415.623,377.173,6900.0
0.7386,-34.808,-34.808,415.945,377.395,6900.0
0.7387,-34.041,-34.041,416.229,377.579,6900.0
0.7388,-33.352,-33.352,416.474,377.724,6900.0
0.7389,-32.733,-32.733,416.684,377.834,6900.0
0.739,-31.852,-31.852,416.862,377.912,6900.0
0.7391,-30.961,-30.961,417.003,377.953,6900.0
0.7392,-30.15,-30.15,417.109,377.959,6900.0
0.7393,-29.024,-29.024,417.176,377.926,6900.0
0.7394,-27.876,-27.876,417.19,377.84,6900.0
0.7395,-26.951,-26.951,417.15,377.7,6900.0
0.7396,-26.106,-26.106,417.077,377.527,6900.0
0.7397,-25.306,-25.306,416.98,377.33,6900.0
0.7398,-24.076,-24.076,416.859,377.109,6900.0
0.7399,-22.84,-22.84,416.68,376.83,6900.0
0.74,-21.943,-21.943,416.447,376.497,6900.0
0.7401,-21.137,-21.137,416.184,376.134,6900.0
0.7402,-20.23,-20.23,415.905,375.755,6900.0
0.7403,-18.94,-18.94,415.608,375.358,6900.0
0.7404,-17.459,-17.459,415.265,374.915,6900.0
0.7405,-16.454,-16.454,414.873,374.423,6900.0
0.7406,-15.351,-15.351,414.453,373.903,6900.0
0.7407,-14.437,-14.437,414.005,373.355,6900.0
0.7408,-13.169,-13.169,413.538,372.788,6900.0
0.7409,-11.786,-11.786,413.038,372.188,6900.0
0.741,-10.614,-10.614,412.506,371.556,6900.0
0.7411,-9.222,-9.222,411.954,370.904,6900.0
0.7412,-8.213,-8.213,411.379,370.229,6900.0
0.7413,-6.884,-6.884,410.791,369.541,6900.0
0.7414,-5.511,-5.511,410.186,368.836,6900.0
0.7415,-4.18,-4.18,409.565,368.115,6900.0
0.7416,-3.215,-3.215,408.934,367.384,6900.0
0.7417,-1.777,-1.777,408.294,366.644,6900.0
0.7418,-0.654,-0.654,407.646,365.896,6900.0
0.7419,-0.783,-0.783,406.995,365.145,6900.0
0.742,0.144,0.144,406.342,364.392,6900.0
0.7421,1.961,1.961,405.689,363.639,6900.0
0.7422,2.229,2.229,405.038,362.888,6900.0
0.7423,2.979,2.979,404.391,362.141,6900.0
0.7424,3.884,3.884,403.748,361.398,6900.0
0.7425,5.214,5.214,403.109,360.659,6900.0
0.7426,6.563,6.563,402.483,359.933,6900.0
0.7427,8.068,8.068,401.871,359.221,6900.0
0.7428,9.295,9.295,401.281,358.531,6900.0
0.7429,10.19,10.19,400.705,357.855,6900.0
0.743,11.636,11.636,400.135,357.185,6900.0
0.7431,13.073,13.073,399.589,356.539,6900.0
0.7432,14.62,14.62,399.077,355.927,6900.0
0.7433,15.99,15.99,398.612,355.362,6900.0
0.7434,16.78,16.78,398.179,354.829,6900.0
0.7435,18.089,18.089,397.759,354.309,6900.0
0.7436,19.522,19.522,397.371,353.821,6900.0
0.7437,20.72,20.72,397.028,353.378,6900.0
0.7438,21.878,21.878,396.732,352.982,6900.0
0.7439,22.907,22.907,396.473,352.623,6900.0
0.744,23.893,23.893,396.245,352.295,6900.0
0.7441,25.168,25.168,396.051,352.001,6900.0
0.7442,26.183,26.183,395.901,351.751,6900.0
0.7443,27.198,27.198,395.791,351.541,6900.0
0.7444,28.141,28.141,395.725,351.375,6900.0
0.7445,29.048,29.048,395.705,351.255,6900.0
0.7446,29.969,29.969,395.726,351.176,6900.0
0.7447,30.714,30.714,395.781,351.131,6900.0
0.7448,31.7,31.7,395.867,351.117,6900.0
0.7449,32.599,32.599,395.998,351.148,6900.0
0.745,33.546,33.546,396.18,351.23,6900.0
0.7451,34.19,34.19,396.413,351.363,6900.0
0.7452,34.765,34.765,396.673,351.523,6900.0
0.7453,35.742,35.742,396.951,351.701,6900.0
0.7454,36.284,36.284,397.279,351.929,6900.0
0.7455,37.22,37.22,397.645,352.195,6900.0
0.7456,37.713,37.713,398.068,352.518,6900.0
0.7457,37.994,37.994,398.51,352.86,6900.0
0.7458,38.608,38.608,398.96,353.21,6900.0
0.7459,38.886,38.886,399.443,353.593,6900.0
0.746,39.488,39.488,399.942,353.992,6900.0
0.7461,39.715,39.715,400.486,354.436,6900.0
0.7462,39.771,39.771,401.035,354.885,6900.0
0.7463,40.286,40.286,401.585,355.335,6900.0
0.7464,40.309,40.309,402.164,355.814,6900.0
0.7465,40.675,40.675,402.74,356.29,6900.0
0.7466,40.94,40.94,403.353,356.803,6900.0
0.7467,40.903,40.903,403.972,357.322,6900.0
0.7468,40.999,40.999,404.599,357.849,6900.0
0.7469,40.741,40.741,405.234,358.384,6900.0
0.747,40.553,40.553,405.848,358.898,6900.0
0.7471,40.822,40.822,406.463,359.413,6900.0
0.7472,40.637,40.637,407.077,359.927,6900.0
0.7473,40.484,40.484,407.69,360.44,6900.0
0.7474,40.068,40.068,408.295,360.945,6900.0
0.7475,39.621,39.621,408.864,361.414,6900.0
0.7476,39.537,39.537,409.41,361.86,6900.0
0.7477,39.137,39.137,409.947,362.297,6900.0
0.7478,38.857,38.857,410.474,362.724,6900.0
0.7479,38.308,38.308,410.99,363.14,6900.0
0.748,37.642,37.642,411.471,363.521,6900.0
0.7481,37.316,37.316,411.917,363.867,6900.0
0.7482,36.772,36.772,412.345,364.195,6900.0
0.7483,36.31,36.31,412.751,364.501,6900.0
0.7484,35.685,35.685,413.133,364.783,6900.0
0.7485,34.796,34.796,413.477,365.027,6900.0
0.7486,34.085,34.085,413.772,365.222,6900.0
0.7487,33.441,33.441,414.03,365.38,6900.0
0.7488,32.684,32.684,414.258,365.508,6900.0
0.7489,31.963,31.963,414.452,365.602,6900.0
0.749,31.097,31.097,414.614,365.664,6900.0
0.7491,30.358,30.358,414.739,365.689,6900.0
0.7492,29.437,29.437,414.827,365.677,6900.0
0.7493,28.548,28.548,414.867,365.617,6900.0
0.7494,27.736,27.736,414.868,365.518,6900.0
0.7495,26.94,26.94,414.84,365.39,6900.0
0.7496,25.827,25.827,414.79,365.24,6900.0
0.7497,24.594,24.594,414.692,365.042,6900.0
0.7498,23.648,23.648,414.53,364.78,6900.0
0.7499,22.895,22.895,414.331,364.481,6900.0
0.75,22.198,22.198,414.11,364.16,6900.0
0.7501,21.134,21.134,413.88,363.83,6900.0
0.7502,19.617,19.617,413.614,363.464,6900.0
0.7503,18.493,18.493,413.286,363.036,6900.0
0.7504,17.572,17.572,412.92,362.57,6900.0
0.7505,16.696,16.696,412.522,362.072,6900.0
0.7506,15.542,15.542,412.107,361.557,6900.0
0.7507,13.987,13.987,411.662,361.012,6900.0
0.7508,12.89,12.89,411.174,360.424,6900.0
0.7509,11.918,11.918,410.663,359.813,6900.0
0.751,10.792,10.792,410.13,359.18,6900.0
0.7511,9.671,9.671,409.582,358.532,6900.0
0.7512,8.127,8.127,409.015,357.865,6900.0
0.7513,6.751,6.751,408.425,357.175,6900.0
0.7514,5.431,5.431,407.818,356.468,6900.0
0.7515,4.115,4.115,407.195,355.745,6900.0
0.7516,2.824,2.824,406.559,355.009,6900.0
0.7517,1.578,1.578,405.914,354.264,6900.0
0.7518,0.503,0.503,405.262,353.512,6900.0
0.7519,0.0,0.0,404.606,352.756,6900.0
0.752,0.0,0.0,403.95,352.0,6900.0
0.7521,-1.521,-1.521,403.293,351.243,6900.0
0.7522,-2.143,-2.143,402.638,350.488,6900.0
0.7523,-3.086,-3.086,401.985,349.735,6900.0
0.7524,-4.424,-4.424,401.337,348.987,6900.0
0.7525,-5.711,-5.711,400.696,348.246,6900.0
0.7526,-6.962,-6.962,400.068,347.518,6900.0
0.7527,-7.985,-7.985,399.455,346.805,6900.0
0.7528,-9.181,-9.181,398.848,346.098,6900.0
0.7529,-10.723,-10.723,398.256,345.406,6900.0
0.753,-12.16,-12.16,397.689,344.739,6900.0
0.7531,-13.531,-13.531,397.16,344.11,6900.0
0.7532,-14.371,-14.371,396.669,343.519,6900.0
0.7533,-15.287,-15.287,396.189,342.939,6900.0
0.7534,-16.697,-16.697,395.727,342.377,6900.0
0.7535,-18.067,-18.067,395.301,341.851,6900.0
0.7536,-19.588,-19.588,394.921,341.371,6900.0
0.7537,-20.707,-20.707,394.588,340.938,6900.0
0.7538,-21.674,-21.674,394.284,340.534,6900.0
0.7539,-22.965,-22.965,394.006,340.156,6900.0
0.754,-24.145,-24.145,393.768,339.818,6900.0
0.7541,-25.496,-25.496,393.572,339.522,6900.0
0.7542,-26.537,-26.537,393.426,339.276,6900.0
0.7543,-27.569,-27.569,393.323,339.073,6900.0
0.7544,-28.53,-28.53,393.267,338.917,6900.0
0.7545,-29.386,-29.386,393.253,338.803,6900.0
0.7546,-30.521,-30.521,393.274,338.724,6900.0
0.7547,-31.684,-31.684,393.342,338.692,6900.0
0.7548,-32.64,-32.64,393.461,338.711,6900.0
0.7549,-33.413,-33.413,393.635,338.785,6900.0
0.755,-34.121,-34.121,393.844,338.894,6900.0
0.7551,-35.172,-35.172,394.072,339.022,6900.0
0.7552,-36.05,-36.05,394.347,339.197,6900.0
0.7553,-36.781,-36.781,394.663,339.413,6900.0
0.7554,-37.404,-37.404,395.034,339.684,6900.0
0.7555,-37.881,-37.881,395.439,339.989,6900.0
0.7556,-38.336,-38.336,395.856,340.306,6900.0
0.7557,-39.103,-39.103,396.305,340.655,6900.0
0.7558,-39.543,-39.543,396.789,341.039,6900.0
0.7559,-40.033,-40.033,397.318,341.468,6900.0
0.756,-40.248,-40.248,397.877,341.927,6900.0
0.7561,-40.677,-40.677,398.434,342.384,6900.0
0.7562,-40.959,-40.959,399.02,342.87,6900.0
0.7563,-41.279,-41.279,399.61,343.36,6900.0
0.7564,-41.708,-41.708,400.227,343.877,6900.0
0.7565,-41.739,-41.739,400.866,344.416,6900.0
0.7566,-41.712,-41.712,401.496,344.946,6900.0
0.7567,-41.845,-41.845,402.141,345.491,6900.0
0.7568,-41.672,-41.672,402.785,346.035,6900.0
0.7569,-41.982,-41.982,403.422,346.572,6900.0
0.757,-41.799,-41.799,404.085,347.135,6900.0
0.7571,-41.742,-41.742,404.734,347.684,6900.0
0.7572,-41.482,-41.482,405.397,348.247,6900.0
0.7573,-41.036,-41.036,406.043,348.793,6900.0
0.7574,-41.08,-41.08,406.654,349.304,6900.0
0.7575,-40.565,-40.565,407.269,349.819,6900.0
0.7576,-40.487,-40.487,407.851,350.301,6900.0
0.7577,-40.146,-40.146,408.434,350.784,6900.0
0.7578,-39.61,-39.61,408.989,351.239,6900.0
0.7579,-39.295,-39.295,409.5,351.65,6900.0
0.758,-38.968,-38.968,409.999,352.049,6900.0
0.7581,-38.47,-38.47,410.479,352.429,6900.0
0.7582,-37.782,-37.782,410.949,352.799,6900.0
0.7583,-37.144,-37.144,411.385,353.135,6900.0
0.7584,-36.458,-36.458,411.783,353.433,6900.0
0.7585,-35.87,-35.87,412.147,353.697,6900.0
0.7586,-35.358,-35.358,412.48,353.93,6900.0
0.7587,-34.647,-34.647,412.786,354.136,6900.0
0.7588,-33.979,-33.979,413.055,354.305,6900.0
0.7589,-33.205,-33.205,413.287,354.437,6900.0
0.759,-32.381,-32.381,413.475,354.525,6900.0
0.7591,-31.444,-31.444,413.619,354.569,6900.0
0.7592,-30.652,-30.652,413.72,354.57,6900.0
0.7593,-29.698,-29.698,413.788,354.538,6900.0
0.7594,-28.763,-28.763,413.826,354.476,6900.0
0.7595,-27.612,-27.612,413.829,354.379,6900.0
0.7596,-26.431,-26.431,413.78,354.23,6900.0
0.7597,-25.617,-25.617,413.678,354.028,6900.0
0.7598,-24.79,-24.79,413.547,353.797,6900.0
0.7599,-23.971,-23.971,413.396,353.546,6900.0
0.76,-22.731,-22.731,413.222,353.272,6900.0
0.7601,-21.327,-21.327,412.986,352.936,6900.0
0.7602,-20.4,-20.4,412.689,352.539,6900.0
0.7603,-19.475,-19.475,412.356,352.106,6900.0
0.7604,-18.736,-18.736,412.0,351.65,6900.0
0.7605,-17.455,-17.455,411.629,351.179,6900.0
0.7606,-15.926,-15.926,411.22,350.67,6900.0
0.7607,-14.989,-14.989,410.771,350.121,6900.0
0.7608,-13.613,-13.613,410.301,349.551,6900.0
0.7609,-12.611,-12.611,409.807,348.957,6900.0
0.761,-11.21,-11.21,409.296,348.346,6900.0
0.7611,-9.798,-9.798,408.757,347.707,6900.0
0.7612,-8.552,-8.552,408.19,347.04,6900.0
0.7613,-7.219,-7.219,407.601,346.351,6900.0
0.7614,-6.001,-6.001,406.993,345.643,6900.0
0.7615,-4.653,-4.653,406.37,344.92,6900.0
0.7616,-3.281,-3.281,405.734,344.184,6900.0
0.7617,-1.94,-1.94,405.088,343.438,6900.0
0.7618,-0.917,-0.917,404.436,342.686,6900.0
0.7619,-0.054,-0.054,403.779,341.929,6900.0
0.762,-0.0,-0.0,403.122,341.172,6900.0
0.7621,1.789,1.789,402.462,340.412,6900.0
0.7622,2.817,2.817,401.804,339.654,6900.0
0.7623,2.931,2.931,401.15,338.9,6900.0
0.7624,4.234,4.234,400.499,338.149,6900.0
0.7625,5.409,5.409,399.858,337.408,6900.0
0.7626,6.627,6.627,399.226,336.676,6900.0
0.7627,8.244,8.244,398.603,335.953,6900.0
0.7628,9.325,9.325,398.002,335.252,6900.0
0.7629,10.82,10.82,397.421,334.571,6900.0
0.763,11.938,11.938,396.873,333.923,6900.0
0.7631,12.998,12.998,396.343,333.293,6900.0
0.7632,14.559,14.559,395.823,332.673,6900.0
0.7633,16.19,16.19,395.333,332.083,6900.0
0.7634,17.785,17.785,394.885,331.535,6900.0
0.7635,19.022,19.022,394.491,331.041,6900.0
0.7636,19.922,19.922,394.132,330.582,6900.0
0.7637,21.108,21.108,393.789,330.139,6900.0
0.7638,22.488,22.488,393.478,329.728,6900.0
0.7639,23.752,23.752,393.209,329.359,6900.0
0.764,24.958,24.958,392.989,329.039,6900.0
0.7641,26.09,26.09,392.812,328.762,6900.0
0.7642,27.167,27.167,392.677,328.527,6900.0
0.7643,28.239,28.239,392.585,328.335,6900.0
0.7644,29.256,29.256,392.537,328.187,6900.0
0.7645,30.363,30.363,392.53,328.08,6900.0
0.7646,31.352,31.352,392.575,328.025,6900.0
0.7647,32.286,32.286,392.673,328.023,6900.0
0.7648,33.058,33.058,392.818,328.068,6900.0
0.7649,33.909,33.909,392.993,328.143,6900.0
0.765,34.864,34.864,393.196,328.246,6900.0
0.7651,35.649,35.649,393.442,328.392,6900.0
0.7652,36.731,36.731,393.734,328.584,6900.0
0.7653,37.389,37.389,394.082,328.832,6900.0
0.7654,37.975,37.975,394.454,329.104,6900.0
0.7655,38.746,38.746,394.847,329.397,6900.0
0.7656,39.43,39.43,395.285,329.735,6900.0
0.7657,40.297,40.297,395.767,330.117,6900.0
0.7658,40.689,40.689,396.312,330.562,6900.0
0.7659,40.737,40.737,396.875,331.025,6900.0
0.766,41.327,41.327,397.44,331.49,6900.0
0.7661,41.64,41.64,398.037,331.987,6900.0
0.7662,42.107,42.107,398.645,332.495,6900.0
0.7663,42.304,42.304,399.289,333.039,6900.0
0.7664,42.107,42.107,399.935,333.585,6900.0
0.7665,42.559,42.559,400.568,334.118,6900.0
0.7666,42.829,42.829,401.221,334.671,6900.0
0.7667,43.171,43.171,401.875,335.225,6900.0
0.7668,43.273,43.273,402.564,335.814,6900.0
0.7669,43.098,43.098,403.257,336.407,6900.0
0.767,43.335,43.335,403.952,337.002,6900.0
0.7671,42.962,42.962,404.666,337.616,6900.0
0.7672,42.624,42.624,405.353,338.203,6900.0
0.7673,42.419,42.419,406.035,338.785,6900.0
0.7674,42.041,42.041,406.7,339.35,6900.0
0.7675,41.916,41.916,407.351,339.901,6900.0
0.7676,41.636,41.636,407.99,340.44,6900.0
0.7677,41.253,41.253,408.591,340.941,6900.0
0.7678,41.033,41.033,409.166,341.416,6900.0
0.7679,40.673,40.673,409.719,341.869,6900.0
0.768,40.451,40.451,410.263,342.313,6900.0
0.7681,39.721,39.721,410.795,342.745,6900.0
0.7682,38.968,38.968,411.29,343.14,6900.0
0.7683,38.509,38.509,411.745,343.495,6900.0
0.7684,37.881,37.881,412.178,343.828,6900.0
0.7685,37.343,37.343,412.589,344.139,6900.0
0.7686,36.518,36.518,412.975,344.425,6900.0
0.7687,35.524,35.524,413.319,344.669,6900.0
0.7688,34.674,34.674,413.612,344.862,6900.0
0.7689,33.833,33.833,413.861,345.011,6900.0
0.769,32.963,32.963,414.065,345.115,6900.0
0.7691,32.18,32.18,414.228,345.178,6900.0
0.7692,31.493,31.493,414.354,345.204,6900.0
0.7693,30.448,30.448,414.45,345.2,6900.0
0.7694,29.393,29.393,414.499,345.149,6900.0
0.7695,28.434,28.434,414.494,345.044,6900.0
0.7696,27.527,27.527,414.449,344.899,6900.0
0.7697,26.685,26.685,414.377,344.727,6900.0
0.7698,25.548,25.548,414.289,344.539,6900.0
0.7699,24.313,24.313,414.155,344.305,6900.0
0.77,23.038,23.038,413.956,344.006,6900.0
0.7701,22.243,22.243,413.709,343.659,6900.0
0.7702,21.439,21.439,413.436,343.286,6900.0
0.7703,20.262,20.262,413.153,342.903,6900.0
0.7704,18.692,18.692,412.834,342.484,6900.0
0.7705,17.373,17.373,412.46,342.01,6900.0
0.7706,16.334,16.334,412.05,341.5,6900.0
0.7707,15.252,15.252,411.609,340.959,6900.0
0.7708,14.236,14.236,411.149,340.399,6900.0
0.7709,12.701,12.701,410.665,339.815,6900.0
0.771,11.338,11.338,410.144,339.194,6900.0
0.7711,10.038,10.038,409.598,338.548,6900.0
0.7712,8.613,8.613,409.029,337.879,6900.0
0.7713,7.491,7.491,408.44,337.19,6900.0
0.7714,6.031,6.031,407.836,336.486,6900.0
0.7715,4.65,4.65,407.216,335.766,6900.0
0.7716,3.165,3.165,406.582,335.032,6900.0
0.7717,1.93,1.93,405.939,334.289,6900.0
0.7718,0.759,0.759,405.288,333.538,6900.0
0.7719,0.729,0.729,404.633,332.783,6900.0
0.772,-0.014,-0.014,403.976,332.026,6900.0
0.7721,-1.513,-1.513,403.319,331.269,6900.0
0.7722,-2.154,-2.154,402.662,330.512,6900.0
0.7723,-3.335,-3.335,402.01,329.76,6900.0
0.7724,-4.256,-4.256,401.365,329.015,6900.0
0.7725,-5.479,-5.479,400.725,328.275,6900.0
0.7726,-6.984,-6.984,400.094,327.544,6900.0
0.7727,-8.366,-8.366,399.478,326.828,6900.0
0.7728,-9.777,-9.777,398.885,326.135,6900.0
0.7729,-10.733,-10.733,398.313,325.463,6900.0
0.773,-11.956,-11.956,397.749,324.799,6900.0
0.7731,-13.592,-13.592,397.2,324.15,6900.0
0.7732,-15.136,-15.136,396.683,323.533,6900.0
0.7733,-16.622,-16.622,396.212,322.962,6900.0
0.7734,-17.556,-17.556,395.786,322.436,6900.0
0.7735,-18.657,-18.657,395.379,321.929,6900.0
0.7736,-20.137,-20.137,394.995,321.445,6900.0
0.7737,-21.714,-21.714,394.653,321.003,6900.0
0.7738,-23.061,-23.061,394.362,320.612,6900.0
0.7739,-24.118,-24.118,394.12,320.27,6900.0
0.774,-25.073,-25.073,393.911,319.961,6900.0
0.7741,-26.319,-26.319,393.735,319.685,6900.0
0.7742,-27.558,-27.558,393.599,319.449,6900.0
0.7743,-28.725,-28.725,393.508,319.258,6900.0
0.7744,-29.953,-29.953,393.466,319.116,6900.0
0.7745,-31.157,-31.157,393.476,319.026,6900.0
0.7746,-32.154,-32.154,393.541,318.991,6900.0
0.7747,-33.059,-33.059,393.65,319.0,6900.0
0.7748,-33.819,-33.819,393.794,319.044,6900.0
0.7749,-34.66,-34.66,393.979,319.129,6900.0
0.775,-35.678,-35.678,394.207,319.257,6900.0
0.7751,-36.537,-36.537,394.494,319.444,6900.0
0.7752,-37.258,-37.258,394.821,319.671,6900.0
0.7753,-38.028,-38.028,395.167,319.917,6900.0
0.7754,-38.906,-38.906,395.55,320.2,6900.0
0.7755,-39.797,-39.797,395.973,320.523,6900.0
0.7756,-40.358,-40.358,396.459,320.909,6900.0
0.7757,-40.875,-40.875,396.977,321.327,6900.0
0.7758,-41.246,-41.246,397.509,321.759,6900.0
0.7759,-41.803,-41.803,398.067,322.217,6900.0
0.776,-42.123,-42.123,398.649,322.699,6900.0
0.7761,-42.718,-42.718,399.268,323.218,6900.0
0.7762,-42.932,-42.932,399.92,323.77,6900.0
0.7763,-42.996,-42.996,400.572,324.322,6900.0
0.7764,-43.261,-43.261,401.239,324.889,6900.0
0.7765,-43.344,-43.344,401.913,325.463,6900.0
0.7766,-43.563,-43.563,402.601,326.051,6900.0
0.7767,-43.586,-43.586,403.307,326.657,6900.0
0.7768,-43.583,-43.583,404.004,327.254,6900.0
0.7769,-43.499,-43.499,404.715,327.865,6900.0
0.777,-43.286,-43.286,405.415,328.465,6900.0
0.7771,-43.201,-43.201,406.101,329.051,6900.0
0.7772,-42.94,-42.94,406.791,329.641,6900.0
0.7773,-42.871,-42.871,407.465,330.215,6900.0
0.7774,-42.588,-42.588,408.149,330.799,6900.0
0.7775,-42.172,-42.172,408.81,331.36,6900.0
0.7776,-42.046,-42.046,409.434,331.884,6900.0
0.7777,-41.626,-41.626,410.053,332.403,6900.0
0.7778,-41.361,-41.361,410.645,332.895,6900.0
0.7779,-40.827,-40.827,411.233,333.383,6900.0
0.778,-40.326,-40.326,411.787,333.837,6900.0
0.7781,-39.865,-39.865,412.3,334.25,6900.0
0.7782,-39.123,-39.123,412.793,334.643,6900.0
0.7783,-38.635,-38.635,413.256,335.006,6900.0
0.7784,-37.91,-37.91,413.701,335.351,6900.0
0.7785,-37.115,-37.115,414.112,335.662,6900.0
0.7786,-36.39,-36.39,414.478,335.928,6900.0
0.7787,-35.73,-35.73,414.804,336.154,6900.0
0.7788,-34.955,-34.955,415.096,336.346,6900.0
0.7789,-34.285,-34.285,415.35,336.5,6900.0
0.779,-33.497,-33.497,415.568,336.618,6900.0
0.7791,-32.455,-32.455,415.751,336.701,6900.0
0.7792,-31.445,-31.445,415.887,336.737,6900.0
0.7793,-30.354,-30.354,415.975,336.725,6900.0
0.7794,-29.418,-29.418,416.014,336.664,6900.0
0.7795,-28.501,-28.501,416.017,336.567,6900.0
0.7796,-27.735,-27.735,415.995,336.445,6900.0
0.7797,-26.423,-26.423,415.945,336.295,6900.0
0.7798,-25.263,-25.263,415.832,336.082,6900.0
0.7799,-24.354,-24.354,415.665,335.815,6900.0
0.78,-23.637,-23.637,415.465,335.515,6900.0
0.7801,-22.582,-22.582,415.254,335.204,6900.0
0.7802,-21.126,-21.126,415.021,334.871,6900.0
0.7803,-19.64,-19.64,414.732,334.482,6900.0
0.7804,-18.62,-18.62,414.388,334.038,6900.0
0.7805,-17.409,-17.409,414.011,333.561,6900.0
0.7806,-16.608,-16.608,413.603,333.053,6900.0
0.7807,-15.309,-15.309,413.176,332.526,6900.0
0.7808,-13.828,-13.828,412.713,331.963,6900.0
0.7809,-12.819,-12.819,412.212,331.362,6900.0
0.781,-11.428,-11.428,411.691,330.741,6900.0
0.7811,-10.442,-10.442,411.148,330.098,6900.0
0.7812,-9.145,-9.145,410.589,329.439,6900.0
0.7813,-7.657,-7.657,410.011,328.761,6900.0
0.7814,-6.265,-6.265,409.413,328.063,6900.0
0.7815,-4.772,-4.772,408.798,327.348,6900.0
0.7816,-3.48,-3.48,408.169,326.619,6900.0
0.7817,-2.248,-2.248,407.529,325.879,6900.0
0.7818,-0.954,-0.954,406.882,325.132,6900.0
0.7819,-0.891,-0.891,406.229,324.379,6900.0
0.782,-0.0,-0.0,405.576,323.626,6900.0
0.7821,1.011,1.011,404.921,322.871,6900.0
0.7822,1.778,1.778,404.268,322.118,6900.0
0.7823,2.808,2.808,403.617,321.367,6900.0
0.7824,4.062,4.062,402.97,320.62,6900.0
0.7825,5.288,5.288,402.331,319.881,6900.0
0.7826,6.773,6.773,401.701,319.151,6900.0
0.7827,7.936,7.936,401.089,318.439,6900.0
0.7828,8.994,8.994,400.487,317.737,6900.0
0.7829,10.66,10.66,399.892,317.042,6900.0
0.783,12.261,12.261,399.322,316.372,6900.0
0.7831,13.567,13.567,398.786,315.736,6900.0
0.7832,14.895,14.895,398.292,315.142,6900.0
0.7833,15.898,15.898,397.825,314.575,6900.0
0.7834,17.347,17.347,397.374,314.024,6900.0
0.7835,18.861,18.861,396.955,313.505,6900.0
0.7836,20.378,20.378,396.582,313.032,6900.0
0.7837,21.624,21.624,396.262,312.612,6900.0
0.7838,22.557,22.557,395.982,312.232,6900.0
0.7839,23.634,23.634,395.725,311.875,6900.0
0.784,24.849,24.849,395.5,311.55,6900.0
0.7841,26.01,26.01,395.315,311.265,6900.0
0.7842,27.116,27.116,395.176,311.026,6900.0
0.7843,28.129,28.129,395.081,310.831,6900.0
0.7844,28.969,28.969,395.032,310.682,6900.0
0.7845,29.842,29.842,395.026,310.576,6900.0
0.7846,31.147,31.147,395.056,310.506,6900.0
0.7847,32.447,32.447,395.133,310.483,6900.0
0.7848,33.335,33.335,395.268,310.518,6900.0
0.7849,34.3,34.3,395.455,310.605,6900.0
0.785,34.89,34.89,395.692,310.742,6900.0
0.7851,35.544,35.544,395.952,310.902,6900.0
0.7852,36.481,36.481,396.231,311.081,6900.0
0.7853,37.15,37.15,396.554,311.304,6900.0
0.7854,37.982,37.982,396.921,311.571,6900.0
0.7855,38.563,38.563,397.337,311.887,6900.0
0.7856,38.975,38.975,397.774,312.224,6900.0
0.7857,39.697,39.697,398.227,312.577,6900.0
0.7858,40.236,40.236,398.721,312.971,6900.0
0.7859,40.878,40.878,399.252,313.402,6900.0
0.786,41.138,41.138,399.837,313.887,6900.0
0.7861,41.271,41.271,400.434,314.384,6900.0
0.7862,41.729,41.729,401.034,314.884,6900.0
0.7863,41.947,41.947,401.66,315.41,6900.0
0.7864,42.212,42.212,402.288,315.938,6900.0
0.7865,42.41,42.41,402.942,316.492,6900.0
0.7866,42.154,42.154,403.596,317.046,6900.0
0.7867,42.399,42.399,404.239,317.589,6900.0
0.7868,42.565,42.565,404.893,318.143,6900.0
0.7869,42.634,42.634,405.541,318.691,6900.0
0.787,42.807,42.807,406.21,319.26,6900.0
0.7871,42.349,42.349,406.885,319.835,6900.0
0.7872,42.314,42.314,407.556,320.406,6900.0
0.7873,41.91,41.91,408.232,320.982,6900.0
0.7874,41.558,41.558,408.878,321.528,6900.0
0.7875,41.392,41.392,409.51,322.06,6900.0
0.7876,41.116,41.116,410.123,322.573,6900.0
0.7877,40.816,40.816,410.725,323.075,6900.0
0.7878,40.263,40.263,411.308,323.558,6900.0
0.7879,39.779,39.779,411.845,323.995,6900.0
0.788,39.499,39.499,412.351,324.401,6900.0
0.7881,39.101,39.101,412.834,324.784,6900.0
0.7882,38.628,38.628,413.307,325.157,6900.0
0.7883,37.947,37.947,413.76,325.51,6900.0
0.7884,37.284,37.284,414.177,325.827,6900.0
0.7885,36.629,36.629,414.558,326.108,6900.0
0.7886,36.025,36.025,414.91,326.36,6900.0
0.7887,35.247,35.247,415.236,326.586,6900.0
0.7888,34.382,34.382,415.529,326.779,6900.0
0.7889,33.361,33.361,415.78,326.93,6900.0
0.789,32.499,32.499,415.982,327.032,6900.0
0.7891,31.612,31.612,416.138,327.088,6900.0
0.7892,30.73,30.73,416.244,327.094,6900.0
0.7893,29.846,29.846,416.31,327.06,6900.0
0.7894,29.038,29.038,416.342,326.992,6900.0
0.7895,27.989,27.989,416.348,326.898,6900.0
0.7896,26.787,26.787,416.311,326.761,6900.0
0.7897,25.719,25.719,416.219,326.569,6900.0
0.7898,24.857,24.857,416.085,326.335,6900.0
0.7899,23.98,23.98,415.93,326.08,6900.0
0.79,22.948,22.948,415.76,325.81,6900.0
0.7901,21.513,21.513,415.549,325.499,6900.0
0.7902,20.307,20.307,415.269,325.119,6900.0
0.7903,19.386,19.386,414.944,324.694,6900.0
0.7904,18.51,18.51,414.585,324.235,6900.0
0.7905,17.441,17.441,414.212,323.762,6900.0
0.7906,16.175,16.175,413.809,323.259,6900.0
0.7907,14.973,14.973,413.365,322.715,6900.0
0.7908,13.939,13.939,412.896,322.146,6900.0
0.7909,12.677,12.677,412.404,321.554,6900.0
0.791,11.365,11.365,411.895,320.945,6900.0
0.7911,9.987,9.987,411.362,320.312,6900.0
0.7912,8.505,8.505,410.803,319.653,6900.0
0.7913,7.261,7.261,410.22,318.97,6900.0
0.7914,5.77,5.77,409.618,318.268,6900.0
0.7915,4.494,4.494,408.999,317.549,6900.0
0.7916,3.183,3.183,408.368,316.818,6900.0
0.7917,1.702,1.702,407.726,316.076,6900.0
0.7918,0.782,0.782,407.077,315.327,6900.0
0.7919,0.0,0.0,406.425,314.575,6900.0
0.792,0.0,0.0,405.771,313.821,6900.0
0.7921,-1.077,-1.077,405.117,313.067,6900.0
0.7922,-2.211,-2.211,404.464,312.314,6900.0
0.7923,-3.041,-3.041,403.813,311.563,6900.0
0.7924,-4.352,-4.352,403.165,310.815,6900.0
0.7925,-5.723,-5.723,402.527,310.077,6900.0
0.7926,-6.554,-6.554,401.901,309.351,6900.0
0.7927,-7.915,-7.915,401.281,308.631,6900.0
0.7928,-9.457,-9.457,400.677,307.927,6900.0
0.7929,-10.852,-10.852,400.096,307.246,6900.0
0.793,-12.316,-12.316,399.546,306.596,6900.0
0.7931,-13.114,-13.114,399.028,305.978,6900.0
0.7932,-14.137,-14.137,398.519,305.369,6900.0
0.7933,-15.561,-15.561,398.027,304.777,6900.0
0.7934,-17.06,-17.06,397.568,304.218,6900.0
0.7935,-18.485,-18.485,397.157,303.707,6900.0
0.7936,-19.676,-19.676,396.792,303.242,6900.0
0.7937,-20.661,-20.661,396.452,302.802,6900.0
0.7938,-21.999,-21.999,396.134,302.384,6900.0
0.7939,-23.269,-23.269,395.856,302.006,6900.0
0.794,-24.576,-24.576,395.623,301.673,6900.0
0.7941,-25.656,-25.656,395.438,301.388,6900.0
0.7942,-26.605,-26.605,395.294,301.144,6900.0
0.7943,-27.835,-27.835,395.188,300.938,6900.0
0.7944,-28.997,-28.997,395.13,300.78,6900.0
0.7945,-29.99,-29.99,395.116,300.666,6900.0
0.7946,-31.134,-31.134,395.147,300.597,6900.0
0.7947,-32.186,-32.186,395.23,300.58,6900.0
0.7948,-32.914,-32.914,395.369,300.619,6900.0
0.7949,-33.702,-33.702,395.544,300.694,6900.0
0.795,-34.34,-34.34,395.746,300.796,6900.0
0.7951,-35.288,-35.288,395.98,300.93,6900.0
0.7952,-36.104,-36.104,396.255,301.105,6900.0
0.7953,-36.961,-36.961,396.58,301.33,6900.0
0.7954,-37.564,-37.564,396.945,301.595,6900.0
0.7955,-38.14,-38.14,397.326,301.876,6900.0
0.7956,-38.885,-38.885,397.742,302.192,6900.0
0.7957,-39.485,-39.485,398.193,302.543,6900.0
0.7958,-39.99,-39.99,398.701,302.951,6900.0
0.7959,-40.208,-40.208,399.243,303.393,6900.0
0.796,-40.631,-40.631,399.786,303.836,6900.0
0.7961,-41.017,-41.017,400.358,304.308,6900.0
0.7962,-41.247,-41.247,400.945,304.795,6900.0
0.7963,-41.717,-41.717,401.553,305.303,6900.0
0.7964,-41.749,-41.749,402.187,305.837,6900.0
0.7965,-41.957,-41.957,402.809,306.359,6900.0
0.7966,-42.049,-42.049,403.449,306.899,6900.0
0.7967,-41.983,-41.983,404.087,307.437,6900.0
0.7968,-42.199,-42.199,404.727,307.977,6900.0
0.7969,-42.089,-42.089,405.389,308.539,6900.0
0.797,-42.094,-42.094,406.038,309.088,6900.0
0.7971,-41.962,-41.962,406.705,309.655,6900.0
0.7972,-41.597,-41.597,407.361,310.211,6900.0
0.7973,-41.664,-41.664,407.991,310.741,6900.0
0.7974,-41.405,-41.405,408.629,311.279,6900.0
0.7975,-41.21,-41.21,409.249,311.799,6900.0
0.7976,-40.745,-40.745,409.87,312.32,6900.0
0.7977,-40.142,-40.142,410.459,312.809,6900.0
0.7978,-39.776,-39.776,411.003,313.253,6900.0
0.7979,-39.469,-39.469,411.528,313.678,6900.0
0.798,-39.114,-39.114,412.033,314.083,6900.0
0.7981,-38.435,-38.435,412.527,314.477,6900.0
0.7982,-37.689,-37.689,412.988,314.838,6900.0
0.7983,-37.054,-37.054,413.404,315.154,6900.0
0.7984,-36.395,-36.395,413.792,315.442,6900.0
0.7985,-35.773,-35.773,414.153,315.703,6900.0
0.7986,-35.494,-35.494,414.49,315.94,6900.0
0.7987,-34.77,-34.77,414.805,316.155,6900.0
0.7988,-33.799,-33.799,415.084,316.334,6900.0
0.7989,-32.903,-32.903,415.314,316.464,6900.0
0.799,-32.167,-32.167,415.5,316.55,6900.0
0.7991,-31.586,-31.586,415.644,316.594,6900.0
0.7992,-30.802,-30.802,415.757,316.607,6900.0
0.7993,-29.872,-29.872,415.838,316.588,6900.0
0.7994,-28.842,-28.842,415.878,316.528,6900.0
0.7995,-27.668,-27.668,415.869,316.419,6900.0
0.7996,-26.638,-26.638,415.809,316.259,6900.0
0.7997,-25.682,-25.682,415.716,316.066,6900.0
0.7998,-24.947,-24.947,415.599,315.849,6900.0
0.7999,-23.69,-23.69,415.461,315.611,6900.0
0.8,-22.444,-22.444,415.264,315.314,6900.0
0.8001,-21.469,-21.469,415.01,315.01,6900.0
0.8002,-20.676,-20.676,414.721,314.721,6900.0
0.8003,-19.733,-19.733,414.416,314.416,6900.0
0.8004,-18.33,-18.33,414.092,314.092,6900.0
0.8005,-16.788,-16.788,413.722,313.722,6900.0
0.8006,-15.996,-15.996,413.305,313.305,6900.0
0.8007,-14.768,-14.768,412.865,312.865,6900.0
0.8008,-13.855,-13.855,412.399,312.399,6900.0
0.8009,-12.344,-12.344,411.915,311.915,6900.0
0.801,-10.801,-10.801,411.397,311.397,6900.0
0.8011,-9.784,-9.784,410.848,310.848,6900.0
0.8012,-8.568,-8.568,410.28,310.28,6900.0
0.8013,-7.502,-7.502,409.691,309.691,6900.0
0.8014,-6.224,-6.224,409.089,309.089,6900.0
0.8015,-4.944,-4.944,408.471,308.471,6900.0
0.8016,-3.476,-3.476,407.841,307.841,6900.0
0.8017,-2.205,-2.205,407.2,307.2,6900.0
0.8018,-1.065,-1.065,406.552,306.552,6900.0
0.8019,-1.05,-1.05,405.899,305.899,6900.0
0.802,0.0,0.0,405.245,305.245,6900.0
0.8021,0.692,0.692,404.59,304.59,6900.0
0.8022,1.892,1.892,403.935,303.935,6900.0
0.8023,3.017,3.017,403.282,303.282,6900.0
0.8024,3.981,3.981,402.638,302.638,6900.0
0.8025,5.0,5.0,401.999,301.999,6900.0
0.8026,6.314,6.314,401.368,301.368,6900.0
0.8027,7.572,7.572,400.751,300.751,6900.0
0.8028,9.278,9.278,400.15,300.15,6900.0
0.8029,10.459,10.459,399.577,299.577,6900.0
0.803,11.473,11.473,399.018,299.018,6900.0
0.8031,12.71,12.71,398.467,298.467,6900.0
0.8032,14.268,14.268,397.939,297.939,6900.0
0.8033,15.857,15.857,397.447,297.447,6900.0
0.8034,17.032,17.032,397.007,297.007,6900.0
0.8035,17.974,17.974,396.598,296.598,6900.0
0.8036,19.183,19.183,396.206,296.206,6900.0
0.8037,20.413,20.413,395.848,295.848,6900.0
0.8038,21.918,21.918,395.531,295.531,6900.0
0.8039,23.036,23.036,395.27,295.27,6900.0
0.804,23.906,23.906,395.049,295.049,6900.0
0.8041,24.865,24.865,394.856,294.856,6900.0
0.8042,26.018,26.018,394.697,294.697,6900.0
0.8043,27.125,27.125,394.576,294.576,6900.0
0.8044,28.247,28.247,394.498,294.498,6900.0
0.8045,29.309,29.309,394.465,294.465,6900.0
0.8046,30.182,30.182,394.482,294.482,6900.0
0.8047,30.966,30.966,394.542,294.542,6900.0
0.8048,31.641,31.641,394.639,294.639,6900.0
0.8049,32.645,32.645,394.763,294.763,6900.0
0.805,33.363,33.363,394.938,294.938,6900.0
0.8051,34.336,34.336,395.162,295.162,6900.0
0.8052,34.995,34.995,395.437,295.437,6900.0
0.8053,35.488,35.488,395.738,295.738,6900.0
0.8054,36.367,36.367,396.053,296.053,6900.0
0.8055,36.898,36.898,396.411,296.411,6900.0
0.8056,37.749,37.749,396.802,296.802,6900.0
0.8057,38.012,38.012,397.245,297.245,6900.0
0.8058,38.339,38.339,397.697,297.697,6900.0
0.8059,38.995,38.995,398.161,298.161,6900.0
0.806,39.404,39.404,398.661,298.661,6900.0
0.8061,39.909,39.909,399.184,299.184,6900.0
0.8062,40.078,40.078,399.753,299.753,6900.0
0.8063,40.084,40.084,400.328,300.328,6900.0
0.8064,40.328,40.328,400.91,300.91,6900.0
0.8065,40.381,40.381,401.507,301.507,6900.0
0.8066,40.732,40.732,402.1,302.1,6900.0
0.8067,40.879,40.879,402.723,302.723,6900.0
0.8068,40.629,40.629,403.345,303.345,6900.0
0.8069,40.734,40.734,403.957,303.957,6900.0
0.807,40.448,40.448,404.575,304.575,6900.0
0.8071,40.294,40.294,405.167,305.167,6900.0
0.8072,40.242,40.242,405.763,305.763,6900.0
0.8073,39.881,39.881,406.353,306.353,6900.0
0.8074,39.954,39.954,406.936,306.936,6900.0
0.8075,39.475,39.475,407.525,307.525,6900.0
0.8076,38.946,38.946,408.08,308.08,6900.0
0.8077,38.793,38.793,408.612,308.612,6900.0
0.8078,38.276,38.276,409.13,309.13,6900.0
0.8079,38.014,38.014,409.632,309.632,6900.0
0.808,37.56,37.56,410.117,310.117,6900.0
0.8081,36.92,36.92,410.566,310.566,6900.0
0.8082,36.498,36.498,410.974,310.974,6900.0
0.8083,36.03,36.03,411.356,311.356,6900.0
0.8084,35.588,35.588,411.72,311.72,6900.0
0.8085,34.735,34.735,412.062,312.062,6900.0
0.8086,33.998,33.998,412.365,312.365,6900.0
0.8087,33.325,33.325,412.628,312.628,6900.0
0.8088,32.572,32.572,412.861,312.861,6900.0
0.8089,31.776,31.776,413.061,313.061,6900.0
0.809,30.849,30.849,413.228,313.228,6900.0
0.8091,30.066,30.066,413.355,313.355,6900.0
0.8092,29.108,29.108,413.447,313.447,6900.0
0.8093,28.062,28.062,413.493,313.493,6900.0
0.8094,27.265,27.265,413.485,313.485,6900.0
0.8095,26.513,26.513,413.437,313.437,6900.0
0.8096,25.695,25.695,413.362,313.362,6900.0
0.8097,24.784,24.784,413.265,313.265,6900.0
0.8098,23.447,23.447,413.127,313.127,6900.0
0.8099,22.405,22.405,412.928,312.928,6900.0
0.81,21.644,21.644,412.689,312.689,6900.0
0.8101,20.919,20.919,412.432,312.432,6900.0
0.8102,19.819,19.819,412.168,312.168,6900.0
0.8103,18.378,18.378,411.869,311.869,6900.0
0.8104,17.152,17.152,411.512,311.512,6900.0
0.8105,16.211,16.211,411.117,311.117,6900.0
0.8106,15.302,15.302,410.689,310.689,6900.0
0.8107,14.238,14.238,410.241,310.241,6900.0
0.8108,12.921,12.921,409.765,309.765,6900.0
0.8109,11.56,11.56,409.252,309.252,6900.0
0.811,10.533,10.533,408.713,308.713,6900.0
0.8111,9.462,9.462,408.154,308.154,6900.0
0.8112,8.167,8.167,407.581,307.581,6900.0
0.8113,6.88,6.88,406.99,306.99,6900.0
0.8114,5.595,5.595,406.382,306.382,6900.0
0.8115,4.341,4.341,405.759,305.759,6900.0
0.8116,2.914,2.914,405.123,305.123,6900.0
0.8117,1.618,1.618,404.477,304.477,6900.0
0.8118,0.767,0.767,403.824,303.824,6900.0
0.8119,0.947,0.947,403.166,303.166,6900.0
0.812,-0.201,-0.201,402.508,302.508,6900.0
0.8121,-1.208,-1.208,401.848,301.848,6900.0
0.8122,-2.008,-2.008,401.19,301.19,6900.0
0.8123,-2.728,-2.728,400.536,300.536,6900.0
0.8124,-3.76,-3.76,399.884,299.884,6900.0
0.8125,-5.076,-5.076,399.239,299.239,6900.0
0.8126,-6.425,-6.425,398.602,298.602,6900.0
0.8127,-7.794,-7.794,397.982,297.982,6900.0
0.8128,-8.823,-8.823,397.378,297.378,6900.0
0.8129,-9.888,-9.888,396.78,296.78,6900.0
0.813,-11.512,-11.512,396.197,296.197,6900.0
0.8131,-12.718,-12.718,395.642,295.642,6900.0
0.8132,-14.259,-14.259,395.125,295.125,6900.0
0.8133,-15.035,-15.035,394.65,294.65,6900.0
0.8134,-15.874,-15.874,394.19,294.19,6900.0
0.8135,-17.135,-17.135,393.747,293.747,6900.0
0.8136,-18.545,-18.545,393.339,293.339,6900.0
0.8137,-19.89,-19.89,392.981,292.981,6900.0
0.8138,-20.986,-20.986,392.667,292.667,6900.0
0.8139,-21.935,-21.935,392.385,292.385,6900.0
0.814,-22.981,-22.981,392.128,292.128,6900.0
0.8141,-24.136,-24.136,391.906,291.906,6900.0
0.8142,-25.167,-25.167,391.725,291.725,6900.0
0.8143,-26.302,-26.302,391.585,291.585,6900.0
0.8144,-27.382,-27.382,391.493,291.493,6900.0
0.8145,-28.37,-28.37,391.446,291.446,6900.0
0.8146,-29.396,-29.396,391.44,291.44,6900.0
0.8147,-30.201,-30.201,391.478,291.478,6900.0
0.8148,-31.106,-31.106,391.556,291.556,6900.0
0.8149,-32.051,-32.051,391.68,291.68,6900.0
0.815,-32.771,-32.771,391.86,291.86,6900.0
0.8151,-33.472,-33.472,392.075,292.075,6900.0
0.8152,-34.144,-34.144,392.311,292.311,6900.0
0.8153,-34.85,-34.85,392.58,292.58,6900.0
0.8154,-35.707,-35.707,392.879,292.879,6900.0
0.8155,-36.382,-36.382,393.232,293.232,6900.0
0.8156,-36.563,-36.563,393.618,293.618,6900.0
0.8157,-36.806,-36.806,394.006,294.006,6900.0
0.8158,-37.554,-37.554,394.416,294.416,6900.0
0.8159,-38.034,-38.034,394.862,294.862,6900.0
0.816,-38.637,-38.637,395.357,295.357,6900.0
0.8161,-38.92,-38.92,395.886,295.886,6900.0
0.8162,-39.176,-39.176,396.419,296.419,6900.0
0.8163,-39.506,-39.506,396.976,296.976,6900.0
0.8164,-39.511,-39.511,397.541,297.541,6900.0
0.8165,-39.667,-39.667,398.119,298.119,6900.0
0.8166,-39.819,-39.819,398.706,298.706,6900.0
0.8167,-39.952,-39.952,399.285,299.285,6900.0
0.8168,-39.929,-39.929,399.878,299.878,6900.0
0.8169,-39.645,-39.645,400.466,300.466,6900.0
0.817,-39.723,-39.723,401.041,301.041,6900.0
0.8171,-39.603,-39.603,401.63,301.63,6900.0
0.8172,-39.618,-39.618,402.209,302.209,6900.0
0.8173,-39.45,-39.45,402.803,302.803,6900.0
0.8174,-39.133,-39.133,403.384,303.384,6900.0
0.8175,-38.992,-38.992,403.938,303.938,6900.0
0.8176,-38.735,-38.735,404.488,304.488,6900.0
0.8177,-38.499,-38.499,405.02,305.02,6900.0
0.8178,-38.05,-38.05,405.546,305.546,6900.0
0.8179,-37.56,-37.56,406.042,306.042,6900.0
0.818,-37.169,-37.169,406.495,306.495,6900.0
0.8181,-36.715,-36.715,406.928,306.928,6900.0
0.8182,-36.352,-36.352,407.334,307.334,6900.0
0.8183,-35.725,-35.725,407.728,307.728,6900.0
0.8184,-34.849,-34.849,408.091,308.091,6900.0
0.8185,-34.093,-34.093,408.409,308.409,6900.0
0.8186,-33.685,-33.685,408.692,308.692,6900.0
0.8187,-33.165,-33.165,408.954,308.954,6900.0
0.8188,-32.265,-32.265,409.193,309.193,6900.0
0.8189,-31.574,-31.574,409.393,309.393,6900.0
0.819,-30.559,-30.559,409.56,309.56,6900.0
0.8191,-29.798,-29.798,409.678,309.678,6900.0
0.8192,-28.895,-28.895,409.753,309.753,6900.0
0.8193,-28.205,-28.205,409.78,309.78,6900.0
0.8194,-27.298,-27.298,409.776,309.776,6900.0
0.8195,-26.448,-26.448,409.74,309.74,6900.0
0.8196,-25.31,-25.31,409.671,309.671,6900.0
0.8197,-24.215,-24.215,409.552,309.552,6900.0
0.8198,-23.451,-23.451,409.386,309.386,6900.0
0.8199,-22.767,-22.767,409.192,309.192,6900.0
0.82,-21.927,-21.927,408.985,308.985,6900.0
0.8201,-20.51,-20.51,408.758,308.758,6900.0
0.8202,-19.051,-19.051,408.471,308.471,6900.0
0.8203,-18.229,-18.229,408.125,308.125,6900.0
0.8204,-17.448,-17.448,407.746,307.746,6900.0
0.8205,-16.764,-16.764,407.344,307.344,6900.0
0.8206,-15.484,-15.484,406.927,306.927,6900.0
0.8207,-13.958,-13.958,406.473,306.473,6900.0
0.8208,-13.048,-13.048,405.981,305.981,6900.0
0.8209,-11.844,-11.844,405.47,305.47,6900.0
0.821,-10.976,-10.976,404.938,304.938,6900.0
0.8211,-9.568,-9.568,404.392,304.392,6900.0
0.8212,-8.097,-8.097,403.822,303.822,6900.0
0.8213,-6.908,-6.908,403.226,303.226,6900.0
0.8214,-5.525,-5.525,402.613,302.613,6900.0
0.8215,-4.277,-4.277,401.983,301.983,6900.0
0.8216,-3.188,-3.188,401.34,301.34,6900.0
0.8217,-2.03,-2.03,400.688,300.688,6900.0
0.8218,-0.813,-0.813,400.028,300.028,6900.0
0.8219,-0.006,-0.006,399.365,299.365,6900.0
0.822,-0.0,-0.0,398.7,298.7,6900.0
0.8221,1.366,1.366,398.034,298.034,6900.0
0.8222,1.485,1.485,397.369,297.369,6900.0
0.8223,2.662,2.662,396.704,296.704,6900.0
0.8224,3.565,3.565,396.043,296.043,6900.0
0.8225,5.119,5.119,395.389,295.389,6900.0
0.8226,6.316,6.316,394.748,294.748,6900.0
0.8227,7.319,7.319,394.118,294.118,6900.0
0.8228,8.649,8.649,393.497,293.497,6900.0
0.8229,9.983,9.983,392.897,292.897,6900.0
0.823,11.69,11.69,392.321,292.321,6900.0
0.8231,12.69,12.69,391.785,291.785,6900.0
0.8232,13.427,13.427,391.269,291.269,6900.0
0.8233,14.816,14.816,390.76,290.76,6900.0
0.8234,16.376,16.376,390.28,290.28,6900.0
0.8235,17.975,17.975,389.841,289.841,6900.0
0.8236,19.124,19.124,389.458,289.458,6900.0
0.8237,20.083,20.083,389.107,289.107,6900.0
0.8238,21.065,21.065,388.778,288.778,6900.0
0.8239,22.304,22.304,388.477,288.477,6900.0
0.824,23.466,23.466,388.218,288.218,6900.0
0.8241,24.769,24.769,388.007,288.007,6900.0
0.8242,25.943,25.943,387.843,287.843,6900.0
0.8243,26.915,26.915,387.725,287.725,6900.0
0.8244,27.981,27.981,387.646,287.646,6900.0
0.8245,28.877,28.877,387.61,287.61,6900.0
0.8246,29.722,29.722,387.613,287.613,6900.0
0.8247,30.64,30.64,387.657,287.657,6900.0
0.8248,31.618,31.618,387.752,287.752,6900.0
0.8249,32.281,32.281,387.895,287.895,6900.0
0.825,33.049,33.049,388.066,288.066,6900.0
0.8251,33.988,33.988,388.264,288.264,6900.0
0.8252,34.888,34.888,388.507,288.507,6900.0
0.8253,35.822,35.822,388.801,288.801,6900.0
0.8254,36.55,36.55,389.147,289.147,6900.0
0.8255,37.01,37.01,389.521,289.521,6900.0
0.8256,37.87,37.87,389.909,289.909,6900.0
0.8257,38.463,38.463,390.342,290.342,6900.0
0.8258,39.044,39.044,390.813,290.813,6900.0
0.8259,39.201,39.201,391.334,291.334,6900.0
0.826,39.433,39.433,391.861,291.861,6900.0
0.8261,39.993,39.993,392.398,292.398,6900.0
0.8262,40.163,40.163,392.967,292.967,6900.0
0.8263,40.707,40.707,393.54,293.54,6900.0
0.8264,40.976,40.976,394.156,294.156,6900.0
0.8265,40.986,40.986,394.778,294.778,6900.0
0.8266,41.401,41.401,395.399,295.399,6900.0
0.8267,41.453,41.453,396.041,296.041,6900.0
0.8268,41.435,41.435,396.676,296.676,6900.0
0.8269,41.505,41.505,397.326,297.326,6900.0
0.827,41.288,41.288,397.974,297.974,6900.0
0.8271,41.263,41.263,398.618,298.618,6900.0
0.8272,41.11,41.11,399.266,299.266,6900.0
0.8273,40.686,40.686,399.894,299.894,6900.0
0.8274,40.642,40.642,400.509,300.509,6900.0
0.8275,40.143,40.143,401.116,301.116,6900.0
0.8276,40.206,40.206,401.707,301.707,6900.0
0.8277,39.785,39.785,402.296,302.296,6900.0
0.8278,39.404,39.404,402.848,302.848,6900.0
0.8279,39.073,39.073,403.374,303.374,6900.0
0.828,38.619,38.619,403.879,303.879,6900.0
0.8281,38.354,38.354,404.368,304.368,6900.0
0.8282,37.902,37.902,404.839,304.839,6900.0
0.8283,37.057,37.057,405.279,305.279,6900.0
0.8284,36.269,36.269,405.673,305.673,6900.0
0.8285,35.661,35.661,406.03,306.03,6900.0
0.8286,35.042,35.042,406.366,306.366,6900.0
0.8287,34.321,34.321,406.674,306.674,6900.0
0.8288,33.523,33.523,406.945,306.945,6900.0
0.8289,32.811,32.811,407.174,307.174,6900.0
0.829,32.019,32.019,407.366,307.366,6900.0
0.8291,31.188,31.188,407.515,307.515,6900.0
0.8292,30.419,30.419,407.624,307.624,6900.0
0.8293,29.73,29.73,407.698,307.698,6900.0
0.8294,28.816,28.816,407.743,307.743,6900.0
0.8295,27.737,27.737,407.741,307.741,6900.0
0.8296,26.708,26.708,407.683,307.683,6900.0
0.8297,25.771,25.771,407.584,307.584,6900.0
0.8298,24.866,24.866,407.458,307.458,6900.0
0.8299,23.894,23.894,407.313,307.313,6900.0
0.83,22.482,22.482,407.129,307.129,6900.0
0.8301,21.45,21.45,406.878,306.878,6900.0
0.8302,20.671,20.671,406.584,306.584,6900.0
0.8303,19.835,19.835,406.266,306.266,6900.0
0.8304,18.812,18.812,405.935,305.935,6900.0
0.8305,17.24,17.24,405.574,305.574,6900.0
0.8306,16.226,16.226,405.159,305.159,6900.0
0.8307,15.27,15.27,404.714,304.714,6900.0
0.8308,14.017,14.017,404.241,304.241,6900.0
0.8309,12.933,12.933,403.747,303.747,6900.0
0.831,11.301,11.301,403.229,303.229,6900.0
0.8311,9.984,9.984,402.675,302.675,6900.0
0.8312,8.839,8.839,402.098,302.098,6900.0
0.8313,7.516,7.516,401.501,301.501,6900.0
0.8314,6.189,6.189,400.887,300.887,6900.0
0.8315,4.635,4.635,400.258,300.258,6900.0
0.8316,3.334,3.334,399.614,299.614,6900.0
0.8317,1.915,1.915,398.96,298.96,6900.0
0.8318,0.931,0.931,398.298,298.298,6900.0
0.8319,0.846,0.846,397.632,297.632,6900.0
0.832,-0.006,-0.006,396.964,296.964,6900.0
0.8321,-0.546,-0.546,396.294,296.294,6900.0
0.8322,-2.177,-2.177,395.625,295.625,6900.0
0.8323,-3.008,-3.008,394.959,294.959,6900.0
0.8324,-4.216,-4.216,394.3,294.3,6900.0
0.8325,-5.386,-5.386,393.65,293.65,6900.0
0.8326,-6.474,-6.474,393.007,293.007,6900.0
0.8327,-8.082,-8.082,392.375,292.375,6900.0
0.8328,-9.421,-9.421,391.761,291.761,6900.0
0.8329,-11.024,-11.024,391.172,291.172,6900.0
0.833,-11.962,-11.962,390.61,290.61,6900.0
0.8331,-12.878,-12.878,390.056,290.056,6900.0
0.8332,-14.538,-14.538,389.517,289.517,6900.0
0.8333,-16.101,-16.101,389.014,289.014,6900.0
0.8334,-17.735,-17.735,388.561,288.561,6900.0
0.8335,-18.83,-18.83,388.159,288.159,6900.0
0.8336,-19.723,-19.723,387.781,287.781,6900.0
0.8337,-21.026,-21.026,387.423,287.423,6900.0
0.8338,-22.433,-22.433,387.103,287.103,6900.0
0.8339,-23.783,-23.783,386.833,286.833,6900.0
0.834,-24.784,-24.784,386.612,286.612,6900.0
0.8341,-26.05,-26.05,386.424,286.424,6900.0
0.8342,-27.18,-27.18,386.277,286.277,6900.0
0.8343,-28.374,-28.374,386.172,286.172,6900.0
0.8344,-29.393,-29.393,386.115,286.115,6900.0
0.8345,-30.572,-30.572,386.105,286.105,6900.0
0.8346,-31.801,-31.801,386.149,286.149,6900.0
0.8347,-32.855,-32.855,386.252,286.252,6900.0
0.8348,-33.76,-33.76,386.402,286.402,6900.0
0.8349,-34.571,-34.571,386.584,286.584,6900.0
0.835,-35.512,-35.512,386.808,286.808,6900.0
0.8351,-36.512,-36.512,387.074,287.074,6900.0
0.8352,-37.324,-37.324,387.401,287.401,6900.0
0.8353,-37.978,-37.978,387.766,287.766,6900.0
0.8354,-38.652,-38.652,388.152,288.152,6900.0
0.8355,-39.412,-39.412,388.573,288.573,6900.0
0.8356,-39.854,-39.854,389.031,289.031,6900.0
0.8357,-40.652,-40.652,389.538,289.538,6900.0
0.8358,-41.107,-41.107,390.087,290.087,6900.0
0.8359,-41.433,-41.433,390.647,290.647,6900.0
0.836,-42.087,-42.087,391.232,291.232,6900.0
0.8361,-42.435,-42.435,391.844,291.844,6900.0
0.8362,-42.961,-42.961,392.492,292.492,6900.0
0.8363,-43.046,-43.046,393.17,293.17,6900.0
0.8364,-43.228,-43.228,393.84,293.84,6900.0
0.8365,-43.53,-43.53,394.528,294.528,6900.0
0.8366,-43.566,-43.566,395.222,295.222,6900.0
0.8367,-43.804,-43.804,395.926,295.926,6900.0
0.8368,-43.699,-43.699,396.65,296.65,6900.0
0.8369,-43.778,-43.778,397.36,297.36,6900.0
0.837,-43.638,-43.638,398.09,298.09,6900.0
0.8371,-43.375,-43.375,398.806,298.806,6900.0
0.8372,-43.343,-43.343,399.504,299.504,6900.0
0.8373,-43.051,-43.051,400.209,300.209,6900.0
0.8374,-43.004,-43.004,400.892,300.892,6900.0
0.8375,-42.781,-42.781,401.582,301.582,6900.0
0.8376,-42.308,-42.308,402.25,302.25,6900.0
0.8377,-42.03,-42.03,402.877,302.877,6900.0
0.8378,-41.638,-41.638,403.493,303.493,6900.0
0.8379,-41.451,-41.451,404.083,304.083,6900.0
0.838,-41.051,-41.051,404.672,304.672,6900.0
0.8381,-40.227,-40.227,405.236,305.236,6900.0
0.8382,-39.6,-39.6,405.748,305.748,6900.0
0.8383,-39.041,-39.041,406.231,306.231,6900.0
0.8384,-38.382,-38.382,406.683,306.683,6900.0
0.8385,-37.651,-37.651,407.111,307.111,6900.0
0.8386,-37.077,-37.077,407.501,307.501,6900.0
0.8387,-36.361,-36.361,407.853,307.853,6900.0
0.8388,-35.716,-35.716,408.165,308.165,6900.0
0.8389,-35.012,-35.012,408.442,308.442,6900.0
0.839,-34.296,-34.296,408.686,308.686,6900.0
0.8391,-33.216,-33.216,408.897,308.897,6900.0
0.8392,-32.144,-32.144,409.066,309.066,6900.0
0.8393,-31.247,-31.247,409.185,309.185,6900.0
0.8394,-30.108,-30.108,409.258,309.258,6900.0
0.8395,-29.253,-29.253,409.276,309.276,6900.0
0.8396,-28.258,-28.258,409.259,309.259,6900.0
0.8397,-27.338,-27.338,409.213,309.213,6900.0
0.8398,-26.201,-26.201,409.134,309.134,6900.0
0.8399,-24.964,-24.964,408.998,308.998,6900.0
0.84,-23.936,-23.936,408.805,308.805,6900.0
0.8401,-23.135,-23.135,408.58,308.58,6900.0
0.8402,-22.257,-22.257,408.341,308.341,6900.0
0.8403,-20.86,-20.86,408.086,308.086,6900.0
0.8404,-19.258,-19.258,407.776,307.776,6900.0
0.8405,-18.19,-18.19,407.409,307.409,6900.0
0.8406,-17.008,-17.008,407.008,307.008,6900.0
0.8407,-15.942,-15.942,406.576,306.576,6900.0
0.8408,-14.643,-14.643,406.121,306.121,6900.0
0.8409,-13.103,-13.103,405.631,305.631,6900.0
0.841,-12.051,-12.051,405.103,305.103,6900.0
0.8411,-10.698,-10.698,404.555,304.555,6900.0
0.8412,-9.409,-9.409,403.985,303.985,6900.0
0.8413,-8.037,-8.037,403.399,303.399,6900.0
0.8414,-6.653,-6.653,402.794,302.794,6900.0
0.8415,-5.404,-5.404,402.171,302.171,6900.0
0.8416,-3.921,-3.921,401.536,301.536,6900.0
0.8417,-2.535,-2.535,400.888,300.888,6900.0
0.8418,-1.419,-1.419,400.231,300.231,6900.0
0.8419,-0.303,-0.303,399.569,299.569,6900.0
0.842,0.0,0.0,398.905,298.905,6900.0
0.8421,0.966,0.966,398.239,298.239,6900.0
0.8422,2.192,2.192,397.575,297.575,6900.0
0.8423,2.774,2.774,396.914,296.914,6900.0
0.8424,3.679,3.679,396.257,296.257,6900.0
0.8425,5.189,5.189,395.603,295.603,6900.0
0.8426,6.366,6.366,394.963,294.963,6900.0
0.8427,7.967,7.967,394.334,294.334,6900.0
0.8428,9.107,9.107,393.728,293.728,6900.0
0.8429,10.183,10.183,393.134,293.134,6900.0
0.843,11.758,11.758,392.548,292.548,6900.0
0.8431,13.308,13.308,391.988,291.988,6900.0
0.8432,15.116,15.116,391.463,291.463,6900.0
0.8433,16.645,16.645,390.989,290.989,6900.0
0.8434,17.611,17.611,390.548,290.548,6900.0
0.8435,18.909,18.909,390.121,290.121,6900.0
0.8436,20.37,20.37,389.726,289.726,6900.0
0.8437,21.836,21.836,389.378,289.378,6900.0
0.8438,22.942,22.942,389.09,289.09,6900.0
0.8439,23.904,23.904,388.841,288.841,6900.0
0.844,25.091,25.091,388.62,288.62,6900.0
0.8441,26.265,26.265,388.439,288.439,6900.0
0.8442,27.452,27.452,388.3,288.3,6900.0
0.8443,28.574,28.574,388.21,288.21,6900.0
0.8444,29.589,29.589,388.167,288.167,6900.0
0.8445,30.605,30.605,388.169,288.169,6900.0
0.8446,31.742,31.742,388.214,288.214,6900.0
0.8447,32.896,32.896,388.301,288.301,6900.0
0.8448,33.856,33.856,388.431,288.431,6900.0
0.8449,34.777,34.777,388.609,288.609,6900.0
0.845,35.952,35.952,388.841,288.841,6900.0
0.8451,36.71,36.71,389.132,289.132,6900.0
0.8452,37.348,37.348,389.455,289.455,6900.0
0.8453,38.123,38.123,389.806,289.806,6900.0
0.8454,38.849,38.849,390.2,290.2,6900.0
0.8455,39.836,39.836,390.642,290.642,6900.0
0.8456,40.453,40.453,391.14,291.14,6900.0
0.8457,40.804,40.804,391.66,291.66,6900.0
0.8458,41.4,41.4,392.192,292.192,6900.0
0.8459,41.829,41.829,392.755,292.755,6900.0
0.846,42.487,42.487,393.342,293.342,6900.0
0.8461,42.811,42.811,393.977,293.977,6900.0
0.8462,42.856,42.856,394.624,294.624,6900.0
0.8463,43.357,43.357,395.271,295.271,6900.0
0.8464,43.43,43.43,395.95,295.95,6900.0
0.8465,43.756,43.756,396.63,296.63,6900.0
0.8466,43.84,43.84,397.35,297.35,6900.0
0.8467,43.765,43.765,398.068,298.068,6900.0
0.8468,44.041,44.041,398.787,298.787,6900.0
0.8469,43.902,43.902,399.523,299.523,6900.0
0.847,43.798,43.798,400.238,300.238,6900.0
0.8471,43.806,43.806,400.959,300.959,6900.0
0.8472,43.496,43.496,401.671,301.671,6900.0
0.8473,43.356,43.356,402.373,302.373,6900.0
0.8474,43.009,43.009,403.07,303.07,6900.0
0.8475,42.683,42.683,403.734,303.734,6900.0
0.8476,42.482,42.482,404.383,304.383,6900.0
0.8477,42.15,42.15,405.015,305.015,6900.0
0.8478,41.918,41.918,405.641,305.641,6900.0
0.8479,41.577,41.577,406.257,306.257,6900.0
0.848,40.888,40.888,406.841,306.841,6900.0
0.8481,40.533,40.533,407.387,307.387,6900.0
0.8482,40.074,40.074,407.911,307.911,6900.0
0.8483,39.346,39.346,408.42,308.42,6900.0
0.8484,38.638,38.638,408.894,308.894,6900.0
0.8485,37.813,37.813,409.323,309.323,6900.0
0.8486,37.008,37.008,409.705,309.705,6900.0
0.8487,36.312,36.312,410.046,310.046,6900.0
0.8488,35.43,35.43,410.358,310.358,6900.0
0.8489,34.787,34.787,410.63,310.63,6900.0
0.849,33.941,33.941,410.87,310.87,6900.0
0.8491,32.966,32.966,411.07,311.07,6900.0
0.8492,32.004,32.004,411.226,311.226,6900.0
0.8493,31.169,31.169,411.332,311.332,6900.0
0.8494,30.405,30.405,411.399,311.399,6900.0
0.8495,29.565,29.565,411.435,311.435,6900.0
0.8496,28.106,28.106,411.446,311.446,6900.0
0.8497,26.653,26.653,411.402,311.402,6900.0
0.8498,25.735,25.735,411.289,311.289,6900.0
0.8499,25.112,25.112,411.135,311.135,6900.0
0.85,24.308,24.308,410.963,310.963,6900.0
0.8501,23.134,23.134,410.778,310.778,6900.0
0.8502,21.596,21.596,410.549,310.549,6900.0
0.8503,20.342,20.342,410.251,310.251,6900.0
0.8504,19.458,19.458,409.908,309.908,6900.0
0.8505,18.426,18.426,409.533,309.533,6900.0
0.8506,17.362,17.362,409.141,309.141,6900.0
0.8507,15.758,15.758,408.721,308.721,6900.0
0.8508,14.374,14.374,408.257,308.257,6900.0
0.8509,13.278,13.278,407.765,307.765,6900.0
0.851,12.033,12.033,407.249,307.249,6900.0
0.8511,10.957,10.957,406.717,306.717,6900.0
0.8512,9.39,9.39,406.165,306.165,6900.0
0.8513,7.866,7.866,405.585,305.585,6900.0
0.8514,6.524,6.524,404.983,304.983,6900.0
0.8515,5.102,5.102,404.363,304.363,6900.0
0.8516,3.652,3.652,403.728,303.728,6900.0
0.8517,2.332,2.332,403.082,303.082,6900.0
0.8518,1.063,1.063,402.427,302.427,6900.0
0.8519,0.748,0.748,401.768,301.768,6900.0
0.852,0.0,0.0,401.107,301.107,6900.0
0.8521,-1.317,-1.317,400.445,300.445,6900.0
0.8522,-1.787,-1.787,399.784,299.784,6900.0
0.8523,-2.652,-2.652,399.124,299.124,6900.0
0.8524,-3.94,-3.94,398.467,298.467,6900.0
0.8525,-5.267,-5.267,397.818,297.818,6900.0
0.8526,-6.885,-6.885,397.18,297.18,6900.0
0.8527,-8.133,-8.133,396.559,296.559,6900.0
0.8528,-9.141,-9.141,395.948,295.948,6900.0
0.8529,-10.708,-10.708,395.351,295.351,6900.0
0.853,-12.129,-12.129,394.779,294.779,6900.0
0.8531,-13.669,-13.669,394.243,294.243,6900.0
0.8532,-14.658,-14.658,393.745,293.745,6900.0
0.8533,-15.741,-15.741,393.259,293.259,6900.0
0.8534,-17.063,-17.063,392.792,292.792,6900.0
0.8535,-18.595,-18.595,392.36,292.36,6900.0
0.8536,-20.313,-20.313,391.978,291.978,6900.0
0.8537,-21.25,-21.25,391.651,291.651,6900.0
0.8538,-22.373,-22.373,391.345,291.345,6900.0
0.8539,-23.549,-23.549,391.068,291.068,6900.0
0.854,-24.826,-24.826,390.829,290.829,6900.0
0.8541,-26.275,-26.275,390.636,290.636,6900.0
0.8542,-27.323,-27.323,390.497,290.497,6900.0
0.8543,-28.456,-28.456,390.401,290.401,6900.0
0.8544,-29.577,-29.577,390.353,290.353,6900.0
0.8545,-30.627,-30.627,390.349,290.349,6900.0
0.8546,-31.922,-31.922,390.389,290.389,6900.0
0.8547,-32.952,-32.952,390.483,290.483,6900.0
0.8548,-33.97,-33.97,390.627,290.627,6900.0
0.8549,-34.761,-34.761,390.825,290.825,6900.0
0.855,-35.377,-35.377,391.062,291.062,6900.0
0.8551,-36.125,-36.125,391.321,291.321,6900.0
0.8552,-37.047,-37.047,391.616,291.616,6900.0
0.8553,-37.873,-37.873,391.955,291.955,6900.0
0.8554,-38.53,-38.53,392.352,292.352,6900.0
0.8555,-39.018,-39.018,392.784,292.784,6900.0
0.8556,-39.487,-39.487,393.229,293.229,6900.0
0.8557,-40.216,-40.216,393.705,293.705,6900.0
0.8558,-40.816,-40.816,394.214,294.214,6900.0
0.8559,-41.313,-41.313,394.777,294.777,6900.0
0.856,-41.542,-41.542,395.371,295.371,6900.0
0.8561,-41.845,-41.845,395.965,295.965,6900.0
0.8562,-42.187,-42.187,396.583,296.583,6900.0
0.8563,-42.319,-42.319,397.213,297.213,6900.0
0.8564,-42.67,-42.67,397.864,297.864,6900.0
0.8565,-42.489,-42.489,398.539,298.539,6900.0
0.8566,-42.727,-42.727,399.193,299.193,6900.0
0.8567,-42.903,-42.903,399.871,299.871,6900.0
0.8568,-42.916,-42.916,400.546,300.546,6900.0
0.8569,-43.099,-43.099,401.225,301.225,6900.0
0.857,-42.911,-42.911,401.921,301.921,6900.0
0.8571,-42.928,-42.928,402.603,302.603,6900.0
0.8572,-42.715,-42.715,403.301,303.301,6900.0
0.8573,-42.341,-42.341,403.982,303.982,6900.0
0.8574,-42.399,-42.399,404.635,304.635,6900.0
0.8575,-41.978,-41.978,405.293,305.293,6900.0
0.8576,-41.523,-41.523,405.924,305.924,6900.0
0.8577,-41.074,-41.074,406.544,306.544,6900.0
0.8578,-40.486,-40.486,407.136,307.136,6900.0
0.8579,-39.999,-39.999,407.682,307.682,6900.0
0.858,-39.511,-39.511,408.211,308.211,6900.0
0.8581,-39.276,-39.276,408.713,308.713,6900.0
0.8582,-38.616,-38.616,409.211,309.211,6900.0
0.8583,-37.909,-37.909,409.675,309.675,6900.0
0.8584,-37.249,-37.249,410.094,310.094,6900.0
0.8585,-36.524,-36.524,410.482,310.482,6900.0
0.8586,-35.916,-35.916,410.835,310.835,6900.0
0.8587,-35.226,-35.226,411.161,311.161,6900.0
0.8588,-34.477,-34.477,411.45,311.45,6900.0
0.8589,-33.804,-33.804,411.699,311.699,6900.0
0.859,-33.046,-33.046,411.911,311.911,6900.0
0.8591,-32.003,-32.003,412.084,312.084,6900.0
0.8592,-31.223,-31.223,412.21,312.21,6900.0
0.8593,-30.397,-30.397,412.303,312.303,6900.0
0.8594,-29.568,-29.568,412.364,312.364,6900.0
0.8595,-28.32,-28.32,412.389,312.389,6900.0
0.8596,-27.13,-27.13,412.358,312.358,6900.0
0.8597,-26.049,-26.049,412.273,312.273,6900.0
0.8598,-25.211,-25.211,412.149,312.149,6900.0
0.8599,-24.474,-24.474,412.006,312.006,6900.0
0.86,-22.991,-22.991,411.842,311.842,6900.0
0.8601,-21.614,-21.614,411.613,311.613,6900.0
0.8602,-20.633,-20.633,411.326,311.326,6900.0
0.8603,-19.817,-19.817,411.005,311.005,6900.0
0.8604,-19.173,-19.173,410.667,310.667,6900.0
0.8605,-17.919,-17.919,410.315,310.315,6900.0
0.8606,-16.231,-16.231,409.924,309.924,6900.0
0.8607,-15.143,-15.143,409.485,309.485,6900.0
0.8608,-13.812,-13.812,409.02,309.02,6900.0
0.8609,-12.945,-12.945,408.528,308.528,6900.0
0.861,-11.478,-11.478,408.019,308.019,6900.0
0.8611,-10.137,-10.137,407.48,307.48,6900.0
0.8612,-8.91,-8.91,406.913,306.913,6900.0
0.8613,-7.599,-7.599,406.325,306.325,6900.0
0.8614,-6.353,-6.353,405.719,305.719,6900.0
0.8615,-4.979,-4.979,405.098,305.098,6900.0
0.8616,-3.903,-3.903,404.463,304.463,6900.0
0.8617,-2.603,-2.603,403.819,303.819,6900.0
0.8618,-1.42,-1.42,403.166,303.166,6900.0
0.8619,-1.343,-1.343,402.509,302.509,6900.0
0.862,-0.0,-0.0,401.849,301.849,6900.0
0.8621,0.609,0.609,401.188,301.188,6900.0
0.8622,2.924,2.924,400.526,300.526,6900.0
0.8623,2.519,2.519,399.87,299.87,6900.0
0.8624,3.798,3.798,399.215,299.215,6900.0
0.8625,4.836,4.836,398.569,298.569,6900.0
0.8626,5.839,5.839,397.932,297.932,6900.0
0.8627,7.245,7.245,397.302,297.302,6900.0
0.8628,8.484,8.484,396.69,296.69,6900.0
0.8629,10.15,10.15,396.097,296.097,6900.0
0.863,11.325,11.325,395.534,295.534,6900.0
0.8631,12.304,12.304,394.99,294.99,6900.0
0.8632,13.764,13.764,394.453,294.453,6900.0
0.8633,15.446,15.446,393.943,293.943,6900.0
0.8634,17.132,17.132,393.478,293.478,6900.0
0.8635,18.253,18.253,393.069,293.069,6900.0
0.8636,19.254,19.254,392.693,292.693,6900.0
0.8637,20.469,20.469,392.333,292.333,6900.0
0.8638,21.742,21.742,392.005,292.005,6900.0
0.8639,23.004,23.004,391.719,291.719,6900.0
0.864,24.159,24.159,391.482,291.482,6900.0
0.8641,25.297,25.297,391.286,291.286,6900.0
0.8642,26.298,26.298,391.127,291.127,6900.0
0.8643,27.342,27.342,391.007,291.007,6900.0
0.8644,28.375,28.375,390.93,290.93,6900.0
0.8645,29.321,29.321,390.897,290.897,6900.0
0.8646,30.306,30.306,390.913,290.913,6900.0
0.8647,31.217,31.217,390.981,290.981,6900.0
0.8648,31.989,31.989,391.092,291.092,6900.0
0.8649,32.778,32.778,391.236,291.236,6900.0
0.865,33.587,33.587,391.408,291.408,6900.0
0.8651,34.404,34.404,391.619,291.619,6900.0
0.8652,35.489,35.489,391.875,291.875,6900.0
0.8653,36.247,36.247,392.183,292.183,6900.0
0.8654,36.783,36.783,392.52,292.52,6900.0
0.8655,37.639,37.639,392.876,292.876,6900.0
0.8656,38.231,38.231,393.278,293.278,6900.0
0.8657,39.053,39.053,393.721,293.721,6900.0
0.8658,39.565,39.565,394.223,294.223,6900.0
0.8659,39.797,39.797,394.748,294.748,6900.0
0.866,40.407,40.407,395.282,295.282,6900.0
0.8661,40.649,40.649,395.849,295.849,6900.0
0.8662,41.011,41.011,396.428,296.428,6900.0
0.8663,41.157,41.157,397.042,297.042,6900.0
0.8664,40.953,40.953,397.656,297.656,6900.0
0.8665,41.347,41.347,398.258,298.258,6900.0
0.8666,41.381,41.381,398.88,298.88,6900.0
0.8667,41.68,41.68,399.493,299.493,6900.0
0.8668,41.73,41.73,400.138,300.138,6900.0
0.8669,41.471,41.471,400.787,300.787,6900.0
0.867,41.544,41.544,401.432,301.432,6900.0
0.8671,41.47,41.47,402.088,302.088,6900.0
0.8672,41.286,41.286,402.727,302.727,6900.0
0.8673,41.166,41.166,403.369,303.369,6900.0
0.8674,40.776,40.776,403.998,303.998,6900.0
0.8675,40.537,40.537,404.617,304.617,6900.0
0.8676,40.098,40.098,405.221,305.221,6900.0
0.8677,39.642,39.642,405.786,305.786,6900.0
0.8678,39.442,39.442,406.324,306.324,6900.0
0.8679,39.083,39.083,406.841,306.841,6900.0
0.868,38.804,38.804,407.348,307.348,6900.0
0.8681,38.288,38.288,407.841,307.841,6900.0
0.8682,37.634,37.634,408.3,308.3,6900.0
0.8683,37.222,37.222,408.72,308.72,6900.0
0.8684,36.596,36.596,409.12,309.12,6900.0
0.8685,35.884,35.884,409.499,309.499,6900.0
0.8686,35.247,35.247,409.847,309.847,6900.0
0.8687,34.453,34.453,410.159,310.159,6900.0
0.8688,33.534,33.534,410.429,310.429,6900.0
0.8689,32.62,32.62,410.655,310.655,6900.0
0.869,31.742,31.742,410.84,310.84,6900.0
0.8691,31.077,31.077,410.983,310.983,6900.0
0.8692,30.322,30.322,411.096,311.096,6900.0
0.8693,29.439,29.439,411.173,311.173,6900.0
0.8694,28.506,28.506,411.207,311.207,6900.0
0.8695,27.5,27.5,411.192,311.192,6900.0
0.8696,26.461,26.461,411.135,311.135,6900.0
0.8697,25.678,25.678,411.046,311.046,6900.0
0.8698,24.603,24.603,410.937,310.937,6900.0
0.8699,23.12,23.12,410.786,310.786,6900.0
0.87,21.965,21.965,410.568,310.568,6900.0
0.8701,21.437,21.437,410.307,310.307,6900.0
0.8702,20.88,20.88,410.029,310.029,6900.0
0.8703,19.776,19.776,409.747,309.747,6900.0
0.8704,18.247,18.247,409.428,309.428,6900.0
0.8705,16.74,16.74,409.053,309.053,6900.0
0.8706,15.911,15.911,408.635,308.635,6900.0
0.8707,15.008,15.008,408.188,308.188,6900.0
0.8708,14.029,14.029,407.723,307.723,6900.0
0.8709,12.556,12.556,407.233,307.233,6900.0
0.871,11.112,11.112,406.706,306.706,6900.0
0.8711,9.968,9.968,406.153,306.153,6900.0
0.8712,8.866,8.866,405.578,305.578,6900.0
0.8713,7.552,7.552,404.99,304.99,6900.0
0.8714,6.125,6.125,404.385,304.385,6900.0
0.8715,4.653,4.653,403.762,303.762,6900.0
0.8716,3.311,3.311,403.126,303.126,6900.0
0.8717,1.954,1.954,402.478,302.478,6900.0
0.8718,0.989,0.989,401.823,301.823,6900.0
0.8719,0.138,0.138,401.162,301.162,6900.0
0.872,-0.0,-0.0,400.5,300.5,6900.0
0.8721,-0.895,-0.895,399.837,299.837,6900.0
0.8722,-2.193,-2.193,399.175,299.175,6900.0
0.8723,-2.947,-2.947,398.517,298.517,6900.0
0.8724,-3.891,-3.891,397.863,297.863,6900.0
0.8725,-5.117,-5.117,397.215,297.215,6900.0
0.8726,-6.363,-6.363,396.575,296.575,6900.0
0.8727,-7.659,-7.659,395.947,295.947,6900.0
0.8728,-8.988,-8.988,395.339,295.339,6900.0
0.8729,-9.951,-9.951,394.749,294.749,6900.0
0.873,-11.11,-11.11,394.167,294.167,6900.0
0.8731,-12.712,-12.712,393.6,293.6,6900.0
0.8732,-14.307,-14.307,393.065,293.065,6900.0
0.8733,-15.789,-15.789,392.574,292.574,6900.0
0.8734,-16.77,-16.77,392.128,292.128,6900.0
0.8735,-17.598,-17.598,391.7,291.7,6900.0
0.8736,-18.922,-18.922,391.29,291.29,6900.0
0.8737,-20.31,-20.31,390.919,290.919,6900.0
0.8738,-21.73,-21.73,390.598,290.598,6900.0
0.8739,-22.705,-22.705,390.327,290.327,6900.0
0.874,-23.646,-23.646,390.086,290.086,6900.0
0.8741,-24.939,-24.939,389.873,289.873,6900.0
0.8742,-26.069,-26.069,389.702,289.702,6900.0
0.8743,-27.082,-27.082,389.576,289.576,6900.0
0.8744,-28.188,-28.188,389.493,289.493,6900.0
0.8745,-29.08,-29.08,389.459,289.459,6900.0
0.8746,-30.351,-30.351,389.467,289.467,6900.0
0.8747,-31.249,-31.249,389.526,289.526,6900.0
0.8748,-32.131,-32.131,389.621,289.621,6900.0
0.8749,-33.13,-33.13,389.759,289.759,6900.0
0.875,-34.027,-34.027,389.945,289.945,6900.0
0.8751,-34.909,-34.909,390.186,290.186,6900.0
0.8752,-35.544,-35.544,390.468,290.468,6900.0
0.8753,-36.154,-36.154,390.769,290.769,6900.0
0.8754,-36.891,-36.891,391.104,291.104,6900.0
0.8755,-37.865,-37.865,391.472,291.472,6900.0
0.8756,-38.327,-38.327,391.906,291.906,6900.0
0.8757,-38.583,-38.583,392.368,292.368,6900.0
0.8758,-38.901,-38.901,392.834,292.834,6900.0
0.8759,-39.435,-39.435,393.327,293.327,6900.0
0.876,-39.971,-39.971,393.843,293.843,6900.0
0.8761,-40.661,-40.661,394.401,294.401,6900.0
0.8762,-40.792,-40.792,394.996,294.996,6900.0
0.8763,-41.065,-41.065,395.585,295.585,6900.0
0.8764,-41.314,-41.314,396.198,296.198,6900.0
0.8765,-41.388,-41.388,396.816,296.816,6900.0
0.8766,-41.489,-41.489,397.45,297.45,6900.0
0.8767,-41.4,-41.4,398.096,298.096,6900.0
0.8768,-41.456,-41.456,398.729,298.729,6900.0
0.8769,-41.635,-41.635,399.377,299.377,6900.0
0.877,-41.414,-41.414,400.025,300.025,6900.0
0.8771,-41.598,-41.598,400.662,300.662,6900.0
0.8772,-41.307,-41.307,401.314,301.314,6900.0
0.8773,-41.186,-41.186,401.946,301.946,6900.0
0.8774,-40.877,-40.877,402.586,302.586,6900.0
0.8775,-40.44,-40.44,403.206,303.206,6900.0
0.8776,-40.332,-40.332,403.79,303.79,6900.0
0.8777,-39.945,-39.945,404.369,304.369,6900.0
0.8778,-39.832,-39.832,404.919,304.919,6900.0
0.8779,-39.455,-39.455,405.47,305.47,6900.0
0.878,-38.751,-38.751,405.994,305.994,6900.0
0.8781,-38.098,-38.098,406.471,306.471,6900.0
0.8782,-37.555,-37.555,406.922,306.922,6900.0
0.8783,-37.102,-37.102,407.348,307.348,6900.0
0.8784,-36.47,-36.47,407.761,307.761,6900.0
0.8785,-35.767,-35.767,408.14,308.14,6900.0
0.8786,-35.091,-35.091,408.477,308.477,6900.0
0.8787,-34.337,-34.337,408.778,308.778,6900.0
0.8788,-33.682,-33.682,409.041,309.041,6900.0
0.8789,-33.019,-33.019,409.272,309.272,6900.0
0.879,-32.379,-32.379,409.468,309.468,6900.0
0.8791,-31.386,-31.386,409.631,309.631,6900.0
0.8792,-30.378,-30.378,409.748,309.748,6900.0
0.8793,-29.533,-29.533,409.816,309.816,6900.0
0.8794,-28.724,-28.724,409.843,309.843,6900.0
0.8795,-27.9,-27.9,409.838,309.838,6900.0
0.8796,-26.965,-26.965,409.807,309.807,6900.0
0.8797,-25.644,-25.644,409.743,309.743,6900.0
0.8798,-24.4,-24.4,409.622,309.622,6900.0
0.8799,-23.595,-23.595,409.446,309.446,6900.0
0.88,-22.828,-22.828,409.24,309.24,6900.0
0.8801,-22.26,-22.26,409.019,309.019,6900.0
0.8802,-20.86,-20.86,408.781,308.781,6900.0
0.8803,-19.247,-19.247,408.485,308.485,6900.0
0.8804,-18.308,-18.308,408.128,308.128,6900.0
0.8805,-17.283,-17.283,407.738,307.738,6900.0
0.8806,-16.503,-16.503,407.321,307.321,6900.0
0.8807,-15.311,-15.311,406.888,306.888,6900.0
0.8808,-13.923,-13.923,406.42,306.42,6900.0
0.8809,-12.973,-12.973,405.918,305.918,6900.0
0.881,-11.683,-11.683,405.396,305.396,6900.0
0.8811,-10.505,-10.505,404.854,304.854,6900.0
0.8812,-9.116,-9.116,404.295,304.295,6900.0
0.8813,-7.695,-7.695,403.714,303.714,6900.0
0.8814,-6.234,-6.234,403.109,303.109,6900.0
0.8815,-4.926,-4.926,402.487,302.487,6900.0
0.8816,-3.568,-3.568,401.849,301.849,6900.0
0.8817,-2.32,-2.32,401.2,301.2,6900.0
0.8818,-1.334,-1.334,400.543,300.543,6900.0
0.8819,-1.142,-1.142,399.88,299.88,6900.0
0.882,-0.0,-0.0,399.217,299.217,6900.0
0.8821,1.299,1.299,398.551,298.551,6900.0
0.8822,1.432,1.432,397.887,297.887,6900.0
0.8823,2.423,2.423,397.224,297.224,6900.0
0.8824,3.621,3.621,396.563,296.563,6900.0
0.8825,4.782,4.782,395.909,295.909,6900.0
0.8826,6.463,6.463,395.263,295.263,6900.0
0.8827,7.662,7.662,394.635,294.635,6900.0
0.8828,8.557,8.557,394.019,294.019,6900.0
0.8829,10.046,10.046,393.411,293.411,6900.0
0.883,11.562,11.562,392.827,292.827,6900.0
0.8831,12.938,12.938,392.274,292.274,6900.0
0.8832,14.261,14.261,391.762,291.762,6900.0
0.8833,15.113,15.113,391.278,291.278,6900.0
0.8834,16.376,16.376,390.804,290.804,6900.0
0.8835,17.967,17.967,390.358,290.358,6900.0
0.8836,19.479,19.479,389.959,289.959,6900.0
0.8837,20.711,20.711,389.613,289.613,6900.0
0.8838,21.695,21.695,389.304,289.304,6900.0
0.8839,22.777,22.777,389.015,289.015,6900.0
0.884,23.986,23.986,388.758,288.758,6900.0
0.8841,25.471,25.471,388.542,288.542,6900.0
0.8842,26.663,26.663,388.381,288.381,6900.0
0.8843,27.707,27.707,388.268,288.268,6900.0
0.8844,28.714,28.714,388.201,288.201,6900.0
0.8845,29.643,29.643,388.179,288.179,6900.0
0.8846,30.496,30.496,388.2,288.2,6900.0
0.8847,31.498,31.498,388.261,288.261,6900.0
0.8848,32.282,32.282,388.372,288.372,6900.0
0.8849,33.236,33.236,388.529,288.529,6900.0
0.885,33.904,33.904,388.734,288.734,6900.0
0.8851,34.637,34.637,388.964,288.964,6900.0
0.8852,35.631,35.631,389.215,289.215,6900.0
0.8853,36.495,36.495,389.51,289.51,6900.0
0.8854,37.37,37.37,389.854,289.854,6900.0
0.8855,37.994,37.994,390.248,290.248,6900.0
0.8856,38.552,38.552,390.666,290.666,6900.0
0.8857,39.315,39.315,391.105,291.105,6900.0
0.8858,39.835,39.835,391.593,291.593,6900.0
0.8859,40.458,40.458,392.117,292.117,6900.0
0.886,40.607,40.607,392.698,292.698,6900.0
0.8861,40.69,40.69,393.288,293.288,6900.0
0.8862,41.048,41.048,393.881,293.881,6900.0
0.8863,41.32,41.32,394.492,294.492,6900.0
0.8864,41.805,41.805,395.108,295.108,6900.0
0.8865,41.997,41.997,395.756,295.756,6900.0
0.8866,42.0,42.0,396.4,296.4,6900.0
0.8867,42.222,42.222,397.042,297.042,6900.0
0.8868,42.368,42.368,397.693,297.693,6900.0
0.8869,42.5,42.5,398.34,298.34,6900.0
0.887,42.522,42.522,399.014,299.014,6900.0
0.8871,42.324,42.324,399.689,299.689,6900.0
0.8872,42.396,42.396,400.367,300.367,6900.0
0.8873,42.01,42.01,401.058,301.058,6900.0
0.8874,41.566,41.566,401.719,301.719,6900.0
0.8875,41.543,41.543,402.365,302.365,6900.0
0.8876,41.037,41.037,402.999,302.999,6900.0
0.8877,40.783,40.783,403.611,303.611,6900.0
0.8878,40.239,40.239,404.205,304.205,6900.0
0.8879,39.691,39.691,404.751,304.751,6900.0
0.888,39.516,39.516,405.262,305.262,6900.0
0.8881,39.174,39.174,405.755,305.755,6900.0
0.8882,38.754,38.754,406.239,306.239,6900.0
0.8883,38.153,38.153,406.705,306.705,6900.0
0.8884,37.399,37.399,407.136,307.136,6900.0
0.8885,36.718,36.718,407.53,307.53,6900.0
0.8886,35.994,35.994,407.894,307.894,6900.0
0.8887,35.223,35.223,408.234,308.234,6900.0
0.8888,34.42,34.42,408.537,308.537,6900.0
0.8889,33.572,33.572,408.8,308.8,6900.0
0.889,32.79,32.79,409.017,309.017,6900.0
0.8891,32.001,32.001,409.189,309.189,6900.0
0.8892,31.092,31.092,409.315,309.315,6900.0
0.8893,30.308,30.308,409.397,309.397,6900.0
0.8894,29.469,29.469,409.446,309.446,6900.0
0.8895,28.4,28.4,409.466,309.466,6900.0
0.8896,27.319,27.319,409.439,309.439,6900.0
0.8897,26.224,26.224,409.358,309.358,6900.0
0.8898,25.323,25.323,409.237,309.237,6900.0
0.8899,24.539,24.539,409.091,309.091,6900.0
0.89,23.555,23.555,408.931,308.931,6900.0
0.8901,22.045,22.045,408.729,308.729,6900.0
0.8902,20.705,20.705,408.459,308.459,6900.0
0.8903,19.922,19.922,408.14,308.14,6900.0
0.8904,19.142,19.142,407.793,307.793,6900.0
0.8905,18.178,18.178,407.434,307.434,6900.0
0.8906,16.656,16.656,407.046,307.046,6900.0
0.8907,15.305,15.305,406.609,306.609,6900.0
0.8908,14.375,14.375,406.141,306.141,6900.0
0.8909,13.188,13.188,405.649,305.649,6900.0
0.891,11.998,11.998,405.14,305.14,6900.0
0.8911,10.413,10.413,404.606,304.606,6900.0
0.8912,9.052,9.052,404.041,304.041,6900.0
0.8913,7.625,7.625,403.454,303.454,6900.0
0.8914,6.391,6.391,402.845,302.845,6900.0
0.8915,5.108,5.108,402.221,302.221,6900.0
0.8916,3.591,3.591,401.584,301.584,6900.0
0.8917,2.226,2.226,400.934,300.934,6900.0
0.8918,1.09,1.09,400.276,300.276,6900.0
0.8919,1.032,1.032,399.613,299.613,6900.0
0.892,-0.102,-0.102,398.949,298.949,6900.0
0.8921,-0.829,-0.829,398.283,298.283,6900.0
0.8922,-1.889,-1.889,397.618,297.618,6900.0
0.8923,-2.652,-2.652,396.954,296.954,6900.0
0.8924,-3.942,-3.942,396.293,296.293,6900.0
0.8925,-5.241,-5.241,395.642,295.642,6900.0
0.8926,-6.23,-6.23,395.002,295.002,6900.0
0.8927,-7.453,-7.453,394.369,294.369,6900.0
0.8928,-8.966,-8.966,393.75,293.75,6900.0
0.8929,-10.286,-10.286,393.152,293.152,6900.0
0.893,-11.948,-11.948,392.581,292.581,6900.0
0.8931,-12.792,-12.792,392.043,292.043,6900.0
0.8932,-13.997,-13.997,391.513,291.513,6900.0
0.8933,-15.535,-15.535,391.001,291.001,6900.0
0.8934,-17.213,-17.213,390.527,290.527,6900.0
0.8935,-18.661,-18.661,390.107,290.107,6900.0
0.8936,-19.785,-19.785,389.735,289.735,6900.0
0.8937,-20.635,-20.635,389.388,289.388,6900.0
0.8938,-21.935,-21.935,389.06,289.06,6900.0
0.8939,-23.361,-23.361,388.77,288.77,6900.0
0.894,-24.607,-24.607,388.53,288.53,6900.0
0.8941,-25.9,-25.9,388.335,288.335,6900.0
0.8942,-26.982,-26.982,388.184,288.184,6900.0
0.8943,-27.983,-27.983,388.072,288.072,6900.0
0.8944,-29.113,-29.113,388.0,288.0,6900.0
0.8945,-30.125,-30.125,387.976,287.976,6900.0
0.8946,-31.348,-31.348,388.001,288.001,6900.0
0.8947,-32.511,-32.511,388.085,288.085,6900.0
0.8948,-33.381,-33.381,388.227,288.227,6900.0
0.8949,-34.071,-34.071,388.412,288.412,6900.0
0.895,-34.876,-34.876,388.624,288.624,6900.0
0.8951,-35.961,-35.961,388.871,288.871,6900.0
0.8952,-36.884,-36.884,389.163,289.163,6900.0
0.8953,-37.732,-37.732,389.51,289.51,6900.0
0.8954,-38.279,-38.279,389.894,289.894,6900.0
0.8955,-38.964,-38.964,390.291,290.291,6900.0
0.8956,-39.635,-39.635,390.726,290.726,6900.0
0.8957,-40.398,-40.398,391.197,291.197,6900.0
0.8958,-40.967,-40.967,391.732,291.732,6900.0
0.8959,-41.162,-41.162,392.306,292.306,6900.0
0.896,-41.633,-41.633,392.881,292.881,6900.0
0.8961,-41.948,-41.948,393.492,293.492,6900.0
0.8962,-42.201,-42.201,394.113,294.113,6900.0
0.8963,-42.599,-42.599,394.765,294.765,6900.0
0.8964,-42.548,-42.548,395.437,295.437,6900.0
0.8965,-42.767,-42.767,396.09,296.09,6900.0
0.8966,-43.1,-43.1,396.761,296.761,6900.0
0.8967,-43.046,-43.046,397.437,297.437,6900.0
0.8968,-43.257,-43.257,398.117,298.117,6900.0
0.8969,-43.117,-43.117,398.816,298.816,6900.0
0.897,-43.225,-43.225,399.501,299.501,6900.0
0.8971,-43.209,-43.209,400.205,300.205,6900.0
0.8972,-42.834,-42.834,400.906,300.906,6900.0
0.8973,-42.886,-42.886,401.584,301.584,6900.0
0.8974,-42.574,-42.574,402.273,302.273,6900.0
0.8975,-42.373,-42.373,402.942,302.942,6900.0
0.8976,-41.959,-41.959,403.612,303.612,6900.0
0.8977,-41.388,-41.388,404.252,304.252,6900.0
0.8978,-41.015,-41.015,404.846,304.846,6900.0
0.8979,-40.63,-40.63,405.42,305.42,6900.0
0.898,-40.404,-40.404,405.965,305.965,6900.0
0.8981,-39.785,-39.785,406.503,306.503,6900.0
0.8982,-39.187,-39.187,407.005,307.005,6900.0
0.8983,-38.649,-38.649,407.465,307.465,6900.0
0.8984,-38.12,-38.12,407.901,307.901,6900.0
0.8985,-37.491,-37.491,408.314,308.314,6900.0
0.8986,-36.937,-36.937,408.705,308.705,6900.0
0.8987,-36.167,-36.167,409.068,309.068,6900.0
0.8988,-35.338,-35.338,409.389,309.389,6900.0
0.8989,-34.512,-34.512,409.669,309.669,6900.0
0.899,-33.62,-33.62,409.907,309.907,6900.0
0.8991,-32.664,-32.664,410.102,310.102,6900.0
0.8992,-31.846,-31.846,410.253,310.253,6900.0
0.8993,-30.92,-30.92,410.368,310.368,6900.0
0.8994,-29.927,-29.927,410.439,310.439,6900.0
0.8995,-28.793,-28.793,410.461,310.461,6900.0
0.8996,-27.773,-27.773,410.429,310.429,6900.0
0.8997,-26.89,-26.89,410.362,310.362,6900.0
0.8998,-26.078,-26.078,410.271,310.271,6900.0
0.8999,-24.842,-24.842,410.154,310.154,6900.0
0.9,-23.478,-23.478,409.98,309.98,6900.0
0.9001,-22.402,-22.402,409.747,309.747,6900.0
0.9002,-21.601,-21.601,409.481,309.481,6900.0
0.9003,-20.761,-20.761,409.2,309.2,6900.0
0.9004,-19.354,-19.354,408.902,308.902,6900.0
0.9005,-17.76,-17.76,408.553,308.553,6900.0
0.9006,-16.73,-16.73,408.152,308.152,6900.0
0.9007,-15.481,-15.481,407.719,307.719,6900.0
0.9008,-14.521,-14.521,407.257,307.257,6900.0
0.9009,-13.326,-13.326,406.775,306.775,6900.0
0.901,-11.743,-11.743,406.261,306.261,6900.0
0.9011,-10.803,-10.803,405.713,305.713,6900.0
0.9012,-9.491,-9.491,405.146,305.146,6900.0
0.9013,-8.459,-8.459,404.559,304.559,6900.0
0.9014,-7.072,-7.072,403.959,303.959,6900.0
0.9015,-5.504,-5.504,403.342,303.342,6900.0
0.9016,-4.121,-4.121,402.709,302.709,6900.0
0.9017,-2.742,-2.742,402.064,302.064,6900.0
0.9018,-1.363,-1.363,401.411,301.411,6900.0
0.9019,-0.286,-0.286,400.751,300.751,6900.0
0.902,-0.0,-0.0,400.088,300.088,6900.0
0.9021,0.568,0.568,399.424,299.424,6900.0
0.9022,1.457,1.457,398.761,298.761,6900.0
0.9023,2.507,2.507,398.098,298.098,6900.0
0.9024,3.475,3.475,397.443,297.443,6900.0
0.9025,4.618,4.618,396.793,296.793,6900.0
0.9026,5.963,5.963,396.15,296.15,6900.0
0.9027,7.249,7.249,395.52,295.52,6900.0
0.9028,8.743,8.743,394.905,294.905,6900.0
0.9029,10.068,10.068,394.313,294.313,6900.0
0.903,11.088,11.088,393.736,293.736,6900.0
0.9031,12.5,12.5,393.168,293.168,6900.0
0.9032,14.137,14.137,392.624,292.624,6900.0
0.9033,15.886,15.886,392.119,292.119,6900.0
0.9034,17.374,17.374,391.668,291.668,6900.0
0.9035,18.265,18.265,391.252,291.252,6900.0
0.9036,19.479,19.479,390.852,290.852,6900.0
0.9037,20.918,20.918,390.484,290.484,6900.0
0.9038,22.312,22.312,390.165,290.165,6900.0
0.9039,23.541,23.541,389.903,289.903,6900.0
0.904,24.532,24.532,389.683,289.683,6900.0
0.9041,25.477,25.477,389.492,289.492,6900.0
0.9042,26.585,26.585,389.335,289.335,6900.0
0.9043,27.88,27.88,389.217,289.217,6900.0
0.9044,28.966,28.966,389.148,289.148,6900.0
0.9045,29.998,29.998,389.125,289.125,6900.0
0.9046,31.08,31.08,389.148,289.148,6900.0
0.9047,32.058,32.058,389.219,289.219,6900.0
0.9048,32.843,32.843,389.333,289.333,6900.0
0.9049,33.719,33.719,389.482,289.482,6900.0
0.905,34.681,34.681,389.678,289.678,6900.0
0.9051,35.751,35.751,389.931,289.931,6900.0
0.9052,36.508,36.508,390.24,290.24,6900.0
0.9053,37.157,37.157,390.579,290.579,6900.0
0.9054,37.892,37.892,390.938,290.938,6900.0
0.9055,38.471,38.471,391.337,291.337,6900.0
0.9056,39.402,39.402,391.772,291.772,6900.0
0.9057,39.86,39.86,392.262,292.262,6900.0
0.9058,40.052,40.052,392.77,292.77,6900.0
0.9059,40.753,40.753,393.283,293.283,6900.0
0.906,41.12,41.12,393.835,293.835,6900.0
0.9061,41.845,41.845,394.412,294.412,6900.0
0.9062,42.057,42.057,395.045,295.045,6900.0
0.9063,42.079,42.079,395.686,295.686,6900.0
0.9064,42.552,42.552,396.328,296.328,6900.0
0.9065,42.612,42.612,396.994,296.994,6900.0
0.9066,42.816,42.816,397.656,297.656,6900.0
0.9067,42.797,42.797,398.344,298.344,6900.0
0.9068,42.7,42.7,399.024,299.024,6900.0
0.9069,43.073,43.073,399.697,299.697,6900.0
0.907,42.93,42.93,400.388,300.388,6900.0
0.9071,42.671,42.671,401.06,301.06,6900.0
0.9072,42.631,42.631,401.735,301.735,6900.0
0.9073,42.332,42.332,402.403,302.403,6900.0
0.9074,42.457,42.457,403.067,303.067,6900.0
0.9075,42.219,42.219,403.738,303.738,6900.0
0.9076,41.577,41.577,404.385,304.385,6900.0
0.9077,41.162,41.162,405.006,305.006,6900.0
0.9078,40.835,40.835,405.598,305.598,6900.0
0.9079,40.679,40.679,406.179,306.179,6900.0
0.908,40.292,40.292,406.746,306.746,6900.0
0.9081,39.336,39.336,407.276,307.276,6900.0
0.9082,38.864,38.864,407.757,307.757,6900.0
0.9083,38.233,38.233,408.212,308.212,6900.0
0.9084,37.72,37.72,408.645,308.645,6900.0
0.9085,37.185,37.185,409.053,309.053,6900.0
0.9086,36.545,36.545,409.428,309.428,6900.0
0.9087,35.914,35.914,409.764,309.764,6900.0
0.9088,34.987,34.987,410.071,310.071,6900.0
0.9089,34.04,34.04,410.34,310.34,6900.0
0.909,33.119,33.119,410.568,310.568,6900.0
0.9091,32.436,32.436,410.755,310.755,6900.0
0.9092,31.326,31.326,410.909,310.909,6900.0
0.9093,30.369,30.369,411.01,311.01,6900.0
0.9094,29.479,29.479,411.059,311.059,6900.0
0.9095,28.706,28.706,411.066,311.066,6900.0
0.9096,27.677,27.677,411.045,311.045,6900.0
0.9097,26.635,26.635,410.996,310.996,6900.0
0.9098,25.462,25.462,410.901,310.901,6900.0
0.9099,24.441,24.441,410.748,310.748,6900.0
0.91,23.567,23.567,410.555,310.555,6900.0
0.9101,22.784,22.784,410.34,310.34,6900.0
0.9102,21.747,21.747,410.112,310.112,6900.0
0.9103,20.103,20.103,409.848,309.848,6900.0
0.9104,18.764,18.764,409.516,309.516,6900.0
0.9105,17.747,17.747,409.14,309.14,6900.0
0.9106,16.905,16.905,408.729,308.729,6900.0
0.9107,15.823,15.823,408.304,308.304,6900.0
0.9108,14.382,14.382,407.849,307.849,6900.0
0.9109,13.214,13.214,407.355,307.355,6900.0
0.911,12.073,12.073,406.837,306.837,6900.0
0.9111,10.768,10.768,406.296,306.296,6900.0
0.9112,9.483,9.483,405.739,305.739,6900.0
0.9113,8.002,8.002,405.164,305.164,6900.0
0.9114,6.4,6.4,404.565,304.565,6900.0
0.9115,4.925,4.925,403.947,303.947,6900.0
0.9116,3.628,3.628,403.313,303.313,6900.0
0.9117,2.29,2.29,402.668,302.668,6900.0
0.9118,1.046,1.046,402.013,302.013,6900.0
0.9119,1.174,1.174,401.353,301.353,6900.0
0.912,-0.15,-0.15,400.692,300.692,6900.0
0.9121,-1.047,-1.047,400.029,300.029,6900.0
0.9122,-1.591,-1.591,399.367,299.367,6900.0
0.9123,-2.466,-2.466,398.707,298.707,6900.0
0.9124,-3.574,-3.574,398.05,298.05,6900.0
0.9125,-5.059,-5.059,397.398,297.398,6900.0
0.9126,-6.211,-6.211,396.755,296.755,6900.0
0.9127,-7.642,-7.642,396.126,296.126,6900.0
0.9128,-8.771,-8.771,395.513,295.513,6900.0
0.9129,-10.103,-10.103,394.909,294.909,6900.0
0.913,-11.833,-11.833,394.323,294.323,6900.0
0.9131,-13.238,-13.238,393.768,293.768,6900.0
0.9132,-14.774,-14.774,393.254,293.254,6900.0
0.9133,-15.738,-15.738,392.781,292.781,6900.0
0.9134,-16.54,-16.54,392.322,292.322,6900.0
0.9135,-17.893,-17.893,391.879,291.879,6900.0
0.9136,-19.351,-19.351,391.472,291.472,6900.0
0.9137,-20.848,-20.848,391.116,291.116,6900.0
0.9138,-21.973,-21.973,390.809,290.809,6900.0
0.9139,-23.113,-23.113,390.531,290.531,6900.0
0.914,-24.27,-24.27,390.283,290.283,6900.0
0.9141,-25.477,-25.477,390.072,290.072,6900.0
0.9142,-26.642,-26.642,389.908,289.908,6900.0
0.9143,-27.754,-27.754,389.791,289.791,6900.0
0.9144,-28.857,-28.857,389.723,289.723,6900.0
0.9145,-29.847,-29.847,389.703,289.703,6900.0
0.9146,-31.077,-31.077,389.727,289.727,6900.0
0.9147,-32.163,-32.163,389.798,289.798,6900.0
0.9148,-33.107,-33.107,389.917,289.917,6900.0
0.9149,-33.991,-33.991,390.083,290.083,6900.0
0.915,-34.955,-34.955,390.301,290.301,6900.0
0.9151,-35.517,-35.517,390.562,290.562,6900.0
0.9152,-36.117,-36.117,390.842,290.842,6900.0
0.9153,-36.948,-36.948,391.154,291.154,6900.0
0.9154,-37.892,-37.892,391.501,291.501,6900.0
0.9155,-38.562,-38.562,391.908,291.908,6900.0
0.9156,-39.003,-39.003,392.35,292.35,6900.0
0.9157,-39.416,-39.416,392.805,292.805,6900.0
0.9158,-40.15,-40.15,393.289,293.289,6900.0
0.9159,-40.797,-40.797,393.808,293.808,6900.0
0.916,-41.371,-41.371,394.381,294.381,6900.0
0.9161,-41.388,-41.388,394.993,294.993,6900.0
0.9162,-41.491,-41.491,395.598,295.598,6900.0
0.9163,-41.766,-41.766,396.219,296.219,6900.0
0.9164,-41.897,-41.897,396.847,296.847,6900.0
0.9165,-42.223,-42.223,397.492,297.492,6900.0
0.9166,-42.375,-42.375,398.153,298.153,6900.0
0.9167,-42.498,-42.498,398.804,298.804,6900.0
0.9168,-42.639,-42.639,399.471,299.471,6900.0
0.9169,-42.567,-42.567,400.137,300.137,6900.0
0.917,-42.786,-42.786,400.802,300.802,6900.0
0.9171,-42.645,-42.645,401.485,301.485,6900.0
0.9172,-42.43,-42.43,402.157,302.157,6900.0
0.9173,-42.199,-42.199,402.838,302.838,6900.0
0.9174,-41.671,-41.671,403.505,303.505,6900.0
0.9175,-41.566,-41.566,404.137,304.137,6900.0
0.9176,-41.174,-41.174,404.769,304.769,6900.0
0.9177,-41.071,-41.071,405.373,305.373,6900.0
0.9178,-40.555,-40.555,405.977,305.977,6900.0
0.9179,-39.97,-39.97,406.547,306.547,6900.0
0.918,-39.506,-39.506,407.071,307.071,6900.0
0.9181,-38.852,-38.852,407.574,307.574,6900.0
0.9182,-38.478,-38.478,408.042,308.042,6900.0
0.9183,-37.91,-37.91,408.499,308.499,6900.0
0.9184,-37.274,-37.274,408.926,308.926,6900.0
0.9185,-36.572,-36.572,409.311,309.311,6900.0
0.9186,-36.071,-36.071,409.665,309.665,6900.0
0.9187,-35.63,-35.63,409.993,309.993,6900.0
0.9188,-34.846,-34.846,410.301,310.301,6900.0
0.9189,-33.902,-33.902,410.574,310.574,6900.0
0.919,-33.076,-33.076,410.801,310.801,6900.0
0.9191,-32.037,-32.037,410.986,310.986,6900.0
0.9192,-31.172,-31.172,411.119,311.119,6900.0
0.9193,-30.148,-30.148,411.209,311.209,6900.0
0.9194,-29.273,-29.273,411.257,311.257,6900.0
0.9195,-28.358,-28.358,411.273,311.273,6900.0
0.9196,-27.402,-27.402,411.251,311.251,6900.0
0.9197,-26.174,-26.174,411.181,311.181,6900.0
0.9198,-25.271,-25.271,411.059,311.059,6900.0
0.9199,-24.372,-24.372,410.906,310.906,6900.0
0.92,-23.541,-23.541,410.734,310.734,6900.0
0.9201,-22.385,-22.385,410.539,310.539,6900.0
0.9202,-20.857,-20.857,410.287,310.287,6900.0
0.9203,-19.866,-19.866,409.973,309.973,6900.0
0.9204,-18.844,-18.844,409.625,309.625,6900.0
0.9205,-18.009,-18.009,409.254,309.254,6900.0
0.9206,-16.701,-16.701,408.868,308.868,6900.0
0.9207,-15.19,-15.19,408.443,308.443,6900.0
0.9208,-14.183,-14.183,407.977,307.977,6900.0
0.9209,-12.885,-12.885,407.488,307.488,6900.0
0.921,-11.941,-11.941,406.975,306.975,6900.0
0.9211,-10.608,-10.608,406.446,306.446,6900.0
0.9212,-9.099,-9.099,405.889,305.889,6900.0
0.9213,-7.843,-7.843,405.304,305.304,6900.0
0.9214,-6.394,-6.394,404.701,304.701,6900.0
0.9215,-5.044,-5.044,404.079,304.079,6900.0
0.9216,-3.941,-3.941,403.444,303.444,6900.0
0.9217,-2.577,-2.577,402.799,302.799,6900.0
0.9218,-1.487,-1.487,402.145,302.145,6900.0
0.9219,-0.468,-0.468,401.486,301.486,6900.0
0.922,0.0,0.0,400.825,300.825,6900.0
0.9221,0.729,0.729,400.162,300.162,6900.0
0.9222,1.533,1.533,399.499,299.499,6900.0
0.9223,2.825,2.825,398.838,298.838,6900.0
0.9224,3.296,3.296,398.181,298.181,6900.0
0.9225,4.686,4.686,397.528,297.528,6900.0
0.9226,6.041,6.041,396.889,296.889,6900.0
0.9227,7.196,7.196,396.261,296.261,6900.0
0.9228,8.55,8.55,395.643,295.643,6900.0
0.9229,9.93,9.93,395.044,295.044,6900.0
0.923,11.648,11.648,394.468,294.468,6900.0
0.9231,12.626,12.626,393.929,293.929,6900.0
0.9232,13.455,13.455,393.406,293.406,6900.0
0.9233,14.85,14.85,392.891,292.891,6900.0
0.9234,16.519,16.519,392.403,292.403,6900.0
0.9235,18.142,18.142,391.962,291.962,6900.0
0.9236,19.468,19.468,391.578,291.578,6900.0
0.9237,20.355,20.355,391.233,291.233,6900.0
0.9238,21.522,21.522,390.905,290.905,6900.0
0.9239,22.926,22.926,390.608,290.608,6900.0
0.924,24.123,24.123,390.358,290.358,6900.0
0.9241,25.168,25.168,390.158,290.158,6900.0
0.9242,26.057,26.057,389.998,289.998,6900.0
0.9243,27.117,27.117,389.87,289.87,6900.0
0.9244,28.306,28.306,389.781,289.781,6900.0
0.9245,29.375,29.375,389.737,289.737,6900.0
0.9246,30.391,30.391,389.739,289.739,6900.0
0.9247,31.329,31.329,389.791,289.791,6900.0
0.9248,32.063,32.063,389.898,289.898,6900.0
0.9249,32.734,32.734,390.045,290.045,6900.0
0.925,33.487,33.487,390.225,290.225,6900.0
0.9251,34.627,34.627,390.432,290.432,6900.0
0.9252,35.501,35.501,390.689,290.689,6900.0
0.9253,36.451,36.451,390.995,290.995,6900.0
0.9254,37.031,37.031,391.351,291.351,6900.0
0.9255,37.459,37.459,391.728,291.728,6900.0
0.9256,38.397,38.397,392.115,292.115,6900.0
0.9257,38.885,38.885,392.55,292.55,6900.0
0.9258,39.746,39.746,393.02,293.02,6900.0
0.9259,40.19,40.19,393.547,293.547,6900.0
0.926,40.478,40.478,394.093,294.093,6900.0
0.9261,40.982,40.982,394.652,294.652,6900.0
0.9262,41.191,41.191,395.243,295.243,6900.0
0.9263,41.586,41.586,395.846,295.846,6900.0
0.9264,41.737,41.737,396.487,296.487,6900.0
0.9265,41.641,41.641,397.13,297.13,6900.0
0.9266,41.858,41.858,397.769,297.769,6900.0
0.9267,41.824,41.824,398.421,298.421,6900.0
0.9268,41.879,41.879,399.059,299.059,6900.0
0.9269,41.966,41.966,399.717,299.717,6900.0
0.927,41.874,41.874,400.37,300.37,6900.0
0.9271,41.892,41.892,401.022,301.022,6900.0
0.9272,41.62,41.62,401.679,301.679,6900.0
0.9273,41.497,41.497,402.31,302.31,6900.0
0.9274,41.385,41.385,402.945,302.945,6900.0
0.9275,40.906,40.906,403.572,303.572,6900.0
0.9276,40.886,40.886,404.184,304.184,6900.0
0.9277,40.307,40.307,404.795,304.795,6900.0
0.9278,39.832,39.832,405.365,305.365,6900.0
0.9279,39.636,39.636,405.909,305.909,6900.0
0.928,39.095,39.095,406.433,306.433,6900.0
0.9281,38.84,38.84,406.936,306.936,6900.0
0.9282,38.172,38.172,407.422,307.422,6900.0
0.9283,37.545,37.545,407.865,307.865,6900.0
0.9284,36.953,36.953,408.271,308.271,6900.0
0.9285,36.35,36.35,408.644,308.644,6900.0
0.9286,35.741,35.741,408.997,308.997,6900.0
0.9287,35.047,35.047,409.321,309.321,6900.0
0.9288,34.294,34.294,409.609,309.609,6900.0
0.9289,33.538,33.538,409.858,309.858,6900.0
0.929,32.702,32.702,410.072,310.072,6900.0
0.9291,31.903,31.903,410.247,310.247,6900.0
0.9292,31.13,31.13,410.384,310.384,6900.0
0.9293,30.094,30.094,410.487,310.487,6900.0
0.9294,28.921,28.921,410.549,310.549,6900.0
0.9295,27.939,27.939,410.559,310.559,6900.0
0.9296,26.895,26.895,410.515,310.515,6900.0
0.9297,26.04,26.04,410.427,310.427,6900.0
0.9298,25.376,25.376,410.31,310.31,6900.0
0.9299,24.248,24.248,410.179,310.179,6900.0
0.93,23.019,23.019,410.003,310.003,6900.0
0.9301,21.86,21.86,409.766,309.766,6900.0
0.9302,20.966,20.966,409.487,309.487,6900.0
0.9303,20.218,20.218,409.186,309.186,6900.0
0.9304,19.162,19.162,408.876,308.876,6900.0
0.9305,17.598,17.598,408.534,308.534,6900.0
0.9306,16.282,16.282,408.138,308.138,6900.0
0.9307,15.314,15.314,407.703,307.703,6900.0
0.9308,14.072,14.072,407.239,307.239,6900.0
0.9309,12.876,12.876,406.753,306.753,6900.0
0.931,11.483,11.483,406.238,306.238,6900.0
0.9311,10.224,10.224,405.691,305.691,6900.0
0.9312,9.14,9.14,405.12,305.12,6900.0
0.9313,7.986,7.986,404.53,304.53,6900.0
0.9314,6.797,6.797,403.926,303.926,6900.0
0.9315,5.429,5.429,403.307,303.307,6900.0
0.9316,3.888,3.888,402.674,302.674,6900.0
0.9317,2.674,2.674,402.029,302.029,6900.0
0.9318,1.372,1.372,401.375,301.375,6900.0
0.9319,0.372,0.372,400.715,300.715,6900.0
0.932,0.0,0.0,400.052,300.052,6900.0
0.9321,-0.296,-0.296,399.388,299.388,6900.0
0.9322,-2.656,-2.656,398.723,298.723,6900.0
0.9323,-2.616,-2.616,398.063,298.063,6900.0
0.9324,-3.817,-3.817,397.407,297.407,6900.0
0.9325,-4.806,-4.806,396.758,296.758,6900.0
0.9326,-5.8,-5.8,396.116,296.116,6900.0
0.9327,-7.319,-7.319,395.484,295.484,6900.0
0.9328,-8.601,-8.601,394.867,294.867,6900.0
0.9329,-10.13,-10.13,394.272,294.272,6900.0
0.933,-11.183,-11.183,393.701,293.701,6900.0
0.9331,-12.226,-12.226,393.138,293.138,6900.0
0.9332,-13.762,-13.762,392.591,292.591,6900.0
0.9333,-15.382,-15.382,392.077,292.077,6900.0
0.9334,-16.804,-16.804,391.61,291.61,6900.0
0.9335,-17.815,-17.815,391.189,291.189,6900.0
0.9336,-18.711,-18.711,390.787,290.787,6900.0
0.9337,-19.93,-19.93,390.406,290.406,6900.0
0.9338,-21.504,-21.504,390.062,290.062,6900.0
0.9339,-23.041,-23.041,389.773,289.773,6900.0
0.934,-24.128,-24.128,389.54,289.54,6900.0
0.9341,-25.145,-25.145,389.342,289.342,6900.0
0.9342,-26.274,-26.274,389.178,289.178,6900.0
0.9343,-27.577,-27.577,389.052,289.052,6900.0
0.9344,-28.832,-28.832,388.974,288.974,6900.0
0.9345,-29.742,-29.742,388.949,288.949,6900.0
0.9346,-30.8,-30.8,388.966,288.966,6900.0
0.9347,-31.789,-31.789,389.029,289.029,6900.0
0.9348,-32.612,-32.612,389.137,289.137,6900.0
0.9349,-33.492,-33.492,389.277,289.277,6900.0
0.935,-34.47,-34.47,389.461,289.461,6900.0
0.9351,-35.518,-35.518,389.694,289.694,6900.0
0.9352,-36.317,-36.317,389.988,289.988,6900.0
0.9353,-36.784,-36.784,390.326,290.326,6900.0
0.9354,-37.426,-37.426,390.677,290.677,6900.0
0.9355,-38.316,-38.316,391.064,291.064,6900.0
0.9356,-38.86,-38.86,391.489,291.489,6900.0
0.9357,-39.451,-39.451,391.964,291.964,6900.0
0.9358,-39.728,-39.728,392.472,292.472,6900.0
0.9359,-40.127,-40.127,392.981,292.981,6900.0
0.936,-40.643,-40.643,393.519,293.519,6900.0
0.9361,-41.069,-41.069,394.077,294.077,6900.0
0.9362,-41.731,-41.731,394.673,294.673,6900.0
0.9363,-41.663,-41.663,395.306,295.306,6900.0
0.9364,-41.759,-41.759,395.928,295.928,6900.0
0.9365,-42.022,-42.022,396.566,296.566,6900.0
0.9366,-42.109,-42.109,397.209,297.209,6900.0
0.9367,-42.488,-42.488,397.865,297.865,6900.0
0.9368,-42.34,-42.34,398.548,298.548,6900.0
0.9369,-42.321,-42.321,399.214,299.214,6900.0
0.937,-42.198,-42.198,399.894,299.894,6900.0
0.9371,-41.937,-41.937,400.56,300.56,6900.0
0.9372,-42.113,-42.113,401.209,301.209,6900.0
0.9373,-41.844,-41.844,401.871,301.871,6900.0
0.9374,-41.634,-41.634,402.511,302.511,6900.0
0.9375,-41.459,-41.459,403.153,303.153,6900.0
0.9376,-40.939,-40.939,403.778,303.778,6900.0
0.9377,-40.734,-40.734,404.363,304.363,6900.0
0.9378,-40.32,-40.32,404.942,304.942,6900.0
0.9379,-39.957,-39.957,405.498,305.498,6900.0
0.938,-39.596,-39.596,406.046,306.046,6900.0
0.9381,-38.81,-38.81,406.569,306.569,6900.0
0.9382,-38.233,-38.233,407.043,307.043,6900.0
0.9383,-37.63,-37.63,407.491,307.491,6900.0
0.9384,-37.264,-37.264,407.908,307.908,6900.0
0.9385,-36.497,-36.497,408.31,308.31,6900.0
0.9386,-35.85,-35.85,408.672,308.672,6900.0
0.9387,-34.996,-34.996,408.993,308.993,6900.0
0.9388,-34.556,-34.556,409.27,309.27,6900.0
0.9389,-33.895,-33.895,409.522,309.522,6900.0
0.939,-33.121,-33.121,409.74,309.74,6900.0
0.9391,-32.325,-32.325,409.925,309.925,6900.0
0.9392,-31.319,-31.319,410.074,310.074,6900.0
0.9393,-30.349,-30.349,410.179,310.179,6900.0
0.9394,-29.144,-29.144,410.237,310.237,6900.0
0.9395,-28.212,-28.212,410.243,310.243,6900.0
0.9396,-27.345,-27.345,410.213,310.213,6900.0
0.9397,-26.633,-26.633,410.153,310.153,6900.0
0.9398,-25.435,-25.435,410.067,310.067,6900.0
0.9399,-24.132,-24.132,409.925,309.925,6900.0
0.94,-23.133,-23.133,409.727,309.727,6900.0
0.9401,-22.497,-22.497,409.495,309.495,6900.0
0.9402,-21.807,-21.807,409.25,309.25,6900.0
0.9403,-20.419,-20.419,408.99,308.99,6900.0
0.9404,-18.636,-18.636,408.675,308.675,6900.0
0.9405,-17.617,-17.617,408.299,308.299,6900.0
0.9406,-16.369,-16.369,407.89,307.89,6900.0
0.9407,-15.651,-15.651,407.452,307.452,6900.0
0.9408,-14.439,-14.439,406.999,306.999,6900.0
0.9409,-12.782,-12.782,406.512,306.512,6900.0
0.941,-11.782,-11.782,405.988,305.988,6900.0
0.9411,-10.669,-10.669,405.445,305.445,6900.0
0.9412,-9.651,-9.651,404.883,304.883,6900.0
0.9413,-8.279,-8.279,404.307,304.307,6900.0
0.9414,-6.862,-6.862,403.71,303.71,6900.0
0.9415,-5.449,-5.449,403.093,303.093,6900.0
0.9416,-4.238,-4.238,402.46,302.46,6900.0
0.9417,-2.892,-2.892,401.816,301.816,6900.0
0.9418,-1.572,-1.572,401.162,301.162,6900.0
0.9419,-0.48,-0.48,400.502,300.502,6900.0
0.942,0.0,0.0,399.838,299.838,6900.0
0.9421,0.82,0.82,399.174,299.174,6900.0
0.9422,2.454,2.454,398.509,298.509,6900.0
0.9423,2.283,2.283,397.85,297.85,6900.0
0.9424,3.195,3.195,397.19,297.19,6900.0
0.9425,4.535,4.535,396.535,296.535,6900.0
0.9426,5.794,5.794,395.889,295.889,6900.0
0.9427,7.485,7.485,395.253,295.253,6900.0
0.9428,8.46,8.46,394.64,294.64,6900.0
0.9429,9.481,9.481,394.038,294.038,6900.0
0.943,11.005,11.005,393.446,293.446,6900.0
0.9431,12.439,12.439,392.881,292.881,6900.0
0.9432,14.155,14.155,392.347,292.347,6900.0
0.9433,15.553,15.553,391.861,291.861,6900.0
0.9434,16.384,16.384,391.405,291.405,6900.0
0.9435,17.647,17.647,390.958,290.958,6900.0
0.9436,19.271,19.271,390.538,290.538,6900.0
0.9437,20.736,20.736,390.167,290.167,6900.0
0.9438,21.913,21.913,389.853,289.853,6900.0
0.9439,22.834,22.834,389.579,289.579,6900.0
0.944,23.961,23.961,389.328,289.328,6900.0
0.9441,25.242,25.242,389.112,289.112,6900.0
0.9442,26.546,26.546,388.944,288.944,6900.0
0.9443,27.544,27.544,388.829,288.829,6900.0
0.9444,28.55,28.55,388.759,288.759,6900.0
0.9445,29.553,29.553,388.733,288.733,6900.0
0.9446,30.404,30.404,388.752,288.752,6900.0
0.9447,31.389,31.389,388.806,288.806,6900.0
0.9448,32.252,32.252,388.9,288.9,6900.0
0.9449,33.179,33.179,389.035,289.035,6900.0
0.945,34.202,34.202,389.221,289.221,6900.0
0.9451,34.986,34.986,389.456,289.456,6900.0
0.9452,35.778,35.778,389.723,289.723,6900.0
0.9453,36.522,36.522,390.019,290.019,6900.0
0.9454,37.218,37.218,390.358,290.358,6900.0
0.9455,38.079,38.079,390.745,290.745,6900.0
0.9456,38.619,38.619,391.184,291.184,6900.0
0.9457,39.202,39.202,391.644,291.644,6900.0
0.9458,39.801,39.801,392.124,292.124,6900.0
0.9459,40.192,40.192,392.639,292.639,6900.0
0.946,40.954,40.954,393.179,293.179,6900.0
0.9461,41.237,41.237,393.771,293.771,6900.0
0.9462,41.246,41.246,394.374,294.374,6900.0
0.9463,41.773,41.773,394.973,294.973,6900.0
0.9464,41.949,41.949,395.601,295.601,6900.0
0.9465,42.342,42.342,396.232,296.232,6900.0
0.9466,42.409,42.409,396.901,296.901,6900.0
0.9467,42.271,42.271,397.57,297.57,6900.0
0.9468,42.442,42.442,398.237,298.237,6900.0
0.9469,42.446,42.446,398.916,298.916,6900.0
0.947,42.475,42.475,399.582,299.582,6900.0
0.9471,42.446,42.446,400.266,300.266,6900.0
0.9472,42.199,42.199,400.94,300.94,6900.0
0.9473,42.155,42.155,401.608,301.608,6900.0
0.9474,41.799,41.799,402.273,302.273,6900.0
0.9475,41.491,41.491,402.904,302.904,6900.0
0.9476,41.322,41.322,403.524,303.524,6900.0
0.9477,41.096,41.096,404.125,304.125,6900.0
0.9478,41.005,41.005,404.72,304.72,6900.0
0.9479,40.569,40.569,405.308,305.308,6900.0
0.948,39.9,39.9,405.861,305.861,6900.0
0.9481,39.617,39.617,406.378,306.378,6900.0
0.9482,38.939,38.939,406.878,306.878,6900.0
0.9483,38.45,38.45,407.356,307.356,6900.0
0.9484,37.764,37.764,407.81,307.81,6900.0
0.9485,37.014,37.014,408.223,308.223,6900.0
0.9486,36.186,36.186,408.593,308.593,6900.0
0.9487,35.348,35.348,408.922,308.922,6900.0
0.9488,34.73,34.73,409.217,309.217,6900.0
0.9489,33.982,33.982,409.481,309.481,6900.0
0.949,33.097,33.097,409.707,309.707,6900.0
0.9491,32.283,32.283,409.891,309.891,6900.0
0.9492,31.445,31.445,410.033,310.033,6900.0
0.9493,30.619,30.619,410.13,310.13,6900.0
0.9494,29.716,29.716,410.188,310.188,6900.0
0.9495,28.886,28.886,410.213,310.213,6900.0
0.9496,27.732,27.732,410.211,310.211,6900.0
0.9497,26.511,26.511,410.161,310.161,6900.0
0.9498,25.467,25.467,410.052,310.052,6900.0
0.9499,24.614,24.614,409.902,309.902,6900.0
0.95,23.727,23.727,409.728,309.728,6900.0
0.9501,22.713,22.713,409.536,309.536,6900.0
0.9502,21.217,21.217,409.302,309.302,6900.0
0.9503,19.9,19.9,408.999,308.999,6900.0
0.9504,18.904,18.904,408.651,308.651,6900.0
0.9505,18.066,18.066,408.273,308.273,6900.0
0.9506,17.14,17.14,407.882,307.882,6900.0
0.9507,15.647,15.647,407.466,307.466,6900.0
0.9508,14.341,14.341,407.006,307.006,6900.0
0.9509,13.412,13.412,406.519,306.519,6900.0
0.951,12.272,12.272,406.008,306.008,6900.0
0.9511,11.09,11.09,405.481,305.481,6900.0
0.9512,9.44,9.44,404.932,304.932,6900.0
0.9513,7.925,7.925,404.353,304.353,6900.0
0.9514,6.514,6.514,403.751,303.751,6900.0
0.9515,4.992,4.992,403.13,303.13,6900.0
0.9516,3.943,3.943,402.494,302.494,6900.0
0.9517,2.596,2.596,401.847,301.847,6900.0
0.9518,1.285,1.285,401.192,301.192,6900.0
0.9519,1.293,1.293,400.531,300.531,6900.0
0.952,0.086,0.086,399.868,299.868,6900.0
0.9521,0.0,0.0,399.204,299.204,6900.0
0.9522,-2.659,-2.659,398.538,298.538,6900.0
0.9523,-2.418,-2.418,397.877,297.877,6900.0
0.9524,-3.659,-3.659,397.217,297.217,6900.0
0.9525,-4.943,-4.943,396.562,296.562,6900.0
0.9526,-6.304,-6.304,395.92,295.92,6900.0
0.9527,-7.432,-7.432,395.292,295.292,6900.0
0.9528,-8.654,-8.654,394.674,294.674,6900.0
0.9529,-10.315,-10.315,394.07,294.07,6900.0
0.953,-11.671,-11.671,393.492,293.492,6900.0
0.9531,-13.095,-13.095,392.946,292.946,6900.0
0.9532,-14.095,-14.095,392.433,292.433,6900.0
0.9533,-15.106,-15.106,391.931,291.931,6900.0
0.9534,-16.526,-16.526,391.446,291.446,6900.0
0.9535,-18.165,-18.165,390.998,290.998,6900.0
0.9536,-19.784,-19.784,390.605,290.605,6900.0
0.9537,-20.805,-20.805,390.265,290.265,6900.0
0.9538,-21.715,-21.715,389.948,289.948,6900.0
0.9539,-22.888,-22.888,389.653,289.653,6900.0
0.954,-24.153,-24.153,389.394,289.394,6900.0
0.9541,-25.512,-25.512,389.183,289.183,6900.0
0.9542,-26.46,-26.46,389.024,289.024,6900.0
0.9543,-27.642,-27.642,388.9,288.9,6900.0
0.9544,-28.816,-28.816,388.82,288.82,6900.0
0.9545,-29.775,-29.775,388.788,288.788,6900.0
0.9546,-31.002,-31.002,388.798,288.798,6900.0
0.9547,-32.146,-32.146,388.863,288.863,6900.0
0.9548,-33.102,-33.102,388.983,288.983,6900.0
0.9549,-34.016,-34.016,389.156,289.156,6900.0
0.955,-34.665,-34.665,389.371,289.371,6900.0
0.9551,-35.365,-35.365,389.612,289.612,6900.0
0.9552,-36.332,-36.332,389.885,289.885,6900.0
0.9553,-37.298,-37.298,390.2,290.2,6900.0
0.9554,-38.073,-38.073,390.572,290.572,6900.0
0.9555,-38.586,-38.586,390.982,290.982,6900.0
0.9556,-39.075,-39.075,391.405,291.405,6900.0
0.9557,-39.813,-39.813,391.858,291.858,6900.0
0.9558,-40.365,-40.365,392.348,292.348,6900.0
0.9559,-40.935,-40.935,392.89,292.89,6900.0
0.956,-41.199,-41.199,393.469,293.469,6900.0
0.9561,-41.504,-41.504,394.053,294.053,6900.0
0.9562,-41.911,-41.911,394.663,294.663,6900.0
0.9563,-42.192,-42.192,395.286,295.286,6900.0
0.9564,-42.56,-42.56,395.939,295.939,6900.0
0.9565,-42.49,-42.49,396.611,296.611,6900.0
0.9566,-42.555,-42.555,397.268,297.268,6900.0
0.9567,-42.609,-42.609,397.938,297.938,6900.0
0.9568,-42.622,-42.622,398.602,298.602,6900.0
0.9569,-42.998,-42.998,399.268,299.268,6900.0
0.957,-42.831,-42.831,399.958,299.958,6900.0
0.9571,-42.872,-42.872,400.635,300.635,6900.0
0.9572,-42.721,-42.721,401.328,301.328,6900.0
0.9573,-42.314,-42.314,402.01,302.01,6900.0
0.9574,-42.324,-42.324,402.666,302.666,6900.0
0.9575,-41.805,-41.805,403.328,303.328,6900.0
0.9576,-41.627,-41.627,403.96,303.96,6900.0
0.9577,-41.329,-41.329,404.59,304.59,6900.0
0.9578,-40.704,-40.704,405.198,305.198,6900.0
0.9579,-40.33,-40.33,405.757,305.757,6900.0
0.958,-39.735,-39.735,406.301,306.301,6900.0
0.9581,-39.461,-39.461,406.813,306.813,6900.0
0.9582,-39.065,-39.065,407.318,307.318,6900.0
0.9583,-38.397,-38.397,407.797,307.797,6900.0
0.9584,-37.749,-37.749,408.232,308.232,6900.0
0.9585,-36.95,-36.95,408.637,308.637,6900.0
0.9586,-36.675,-36.675,409.003,309.003,6900.0
0.9587,-36.048,-36.048,409.353,309.353,6900.0
0.9588,-35.207,-35.207,409.672,309.672,6900.0
0.9589,-34.093,-34.093,409.947,309.947,6900.0
0.959,-33.333,-33.333,410.172,310.172,6900.0
0.9591,-32.403,-32.403,410.36,310.36,6900.0
0.9592,-31.503,-31.503,410.508,310.508,6900.0
0.9593,-30.71,-30.71,410.617,310.617,6900.0
0.9594,-29.783,-29.783,410.694,310.694,6900.0
0.9595,-28.677,-28.677,410.729,310.729,6900.0
0.9596,-27.521,-27.521,410.712,310.712,6900.0
0.9597,-26.503,-26.503,410.642,310.642,6900.0
0.9598,-25.665,-25.665,410.533,310.533,6900.0
0.9599,-24.971,-24.971,410.402,310.402,6900.0
0.96,-23.784,-23.784,410.248,310.248,6900.0
0.9601,-22.36,-22.36,410.038,310.038,6900.0
0.9602,-21.486,-21.486,409.768,309.768,6900.0
0.9603,-20.661,-20.661,409.469,309.469,6900.0
0.9604,-19.764,-19.764,409.156,309.156,6900.0
0.9605,-18.354,-18.354,408.825,308.825,6900.0
0.9606,-16.703,-16.703,408.449,308.449,6900.0
0.9607,-15.541,-15.541,408.021,308.021,6900.0
0.9608,-14.572,-14.572,407.562,307.562,6900.0
0.9609,-13.723,-13.723,407.08,307.08,6900.0
0.961,-12.467,-12.467,406.579,306.579,6900.0
0.9611,-10.828,-10.828,406.048,306.048,6900.0
0.9612,-9.597,-9.597,405.484,305.484,6900.0
0.9613,-8.259,-8.259,404.9,304.9,6900.0
0.9614,-7.091,-7.091,404.297,304.297,6900.0
0.9615,-5.788,-5.788,403.681,303.681,6900.0
0.9616,-4.254,-4.254,403.051,303.051,6900.0
0.9617,-2.879,-2.879,402.408,302.408,6900.0
0.9618,-1.788,-1.788,401.755,301.755,6900.0
0.9619,-0.674,-0.674,401.096,301.096,6900.0
0.962,-0.0,-0.0,400.435,300.435,6900.0
0.9621,-0.0,-0.0,399.771,299.771,6900.0
0.9622,1.932,1.932,399.107,299.107,6900.0
0.9623,1.959,1.959,398.446,298.446,6900.0
0.9624,3.207,3.207,397.786,297.786,6900.0
0.9625,4.302,4.302,397.135,297.135,6900.0
0.9626,5.664,5.664,396.492,296.492,6900.0
0.9627,7.187,7.187,395.857,295.857,6900.0
0.9628,8.549,8.549,395.24,295.24,6900.0
0.9629,9.938,9.938,394.64,294.64,6900.0
0.963,11.185,11.185,394.067,294.067,6900.0
0.9631,12.105,12.105,393.511,293.511,6900.0
0.9632,13.471,13.471,392.964,292.964,6900.0
0.9633,15.054,15.054,392.444,292.444,6900.0
0.9634,16.599,16.599,391.965,291.965,6900.0
0.9635,17.821,17.821,391.539,291.539,6900.0
0.9636,19.049,19.049,391.145,291.145,6900.0
0.9637,20.271,20.271,390.772,290.772,6900.0
0.9638,21.811,21.811,390.43,290.43,6900.0
0.9639,23.23,23.23,390.138,290.138,6900.0
0.964,24.31,24.31,389.901,289.901,6900.0
0.9641,25.443,25.443,389.705,289.705,6900.0
0.9642,26.51,26.51,389.544,289.544,6900.0
0.9643,27.574,27.574,389.422,289.422,6900.0
0.9644,28.64,28.64,389.343,289.343,6900.0
0.9645,29.625,29.625,389.312,289.312,6900.0
0.9646,30.542,30.542,389.328,289.328,6900.0
0.9647,31.537,31.537,389.39,289.39,6900.0
0.9648,32.325,32.325,389.498,289.498,6900.0
0.9649,33.207,33.207,389.638,289.638,6900.0
0.965,34.224,34.224,389.811,289.811,6900.0
0.9651,35.022,35.022,390.033,290.033,6900.0
0.9652,36.027,36.027,390.301,290.301,6900.0
0.9653,36.786,36.786,390.621,290.621,6900.0
0.9654,37.442,37.442,390.971,290.971,6900.0
0.9655,38.286,38.286,391.345,291.345,6900.0
0.9656,38.845,38.845,391.766,291.766,6900.0
0.9657,39.765,39.765,392.227,292.227,6900.0
0.9658,40.093,40.093,392.749,292.749,6900.0
0.9659,40.256,40.256,393.286,293.286,6900.0
0.966,40.733,40.733,393.829,293.829,6900.0
0.9661,41.185,41.185,394.399,294.399,6900.0
0.9662,41.667,41.667,394.991,294.991,6900.0
0.9663,41.799,41.799,395.623,295.623,6900.0
0.9664,41.963,41.963,396.252,296.252,6900.0
0.9665,42.374,42.374,396.882,296.882,6900.0
0.9666,42.462,42.462,397.534,297.534,6900.0
0.9667,42.562,42.562,398.182,298.182,6900.0
0.9668,42.781,42.781,398.856,298.856,6900.0
0.9669,42.676,42.676,399.537,299.537,6900.0
0.967,42.817,42.817,400.219,300.219,6900.0
0.9671,42.464,42.464,400.916,300.916,6900.0
0.9672,42.202,42.202,401.585,301.585,6900.0
0.9673,42.217,42.217,402.254,302.254,6900.0
0.9674,41.938,41.938,402.916,302.916,6900.0
0.9675,41.93,41.93,403.567,303.567,6900.0
0.9676,41.231,41.231,404.216,304.216,6900.0
0.9677,40.719,40.719,404.815,304.815,6900.0
0.9678,40.552,40.552,405.387,305.387,6900.0
0.9679,40.238,40.238,405.941,305.941,6900.0
0.968,40.008,40.008,406.483,306.483,6900.0
0.9681,39.235,39.235,407.016,307.016,6900.0
0.9682,38.652,38.652,407.504,307.504,6900.0
0.9683,38.392,38.392,407.959,307.959,6900.0
0.9684,37.769,37.769,408.398,308.398,6900.0
0.9685,37.093,37.093,408.816,308.816,6900.0
0.9686,36.319,36.319,409.204,309.204,6900.0
0.9687,35.485,35.485,409.55,309.55,6900.0
0.9688,34.635,34.635,409.849,309.849,6900.0
0.9689,33.926,33.926,410.106,310.106,6900.0
0.969,33.111,33.111,410.326,310.326,6900.0
0.9691,32.333,32.333,410.507,310.507,6900.0
0.9692,31.429,31.429,410.653,310.653,6900.0
0.9693,30.534,30.534,410.76,310.76,6900.0
0.9694,29.543,29.543,410.824,310.824,6900.0
0.9695,28.694,28.694,410.838,310.838,6900.0
0.9696,27.734,27.734,410.814,310.814,6900.0
0.9697,26.657,26.657,410.76,310.76,6900.0
0.9698,25.678,25.678,410.678,310.678,6900.0
0.9699,24.475,24.475,410.554,310.554,6900.0
0.97,23.364,23.364,410.369,310.369,6900.0
0.9701,22.546,22.546,410.14,310.14,6900.0
0.9702,21.694,21.694,409.888,309.888,6900.0
0.9703,20.557,20.557,409.625,309.625,6900.0
0.9704,19.027,19.027,409.324,309.324,6900.0
0.9705,17.69,17.69,408.961,308.961,6900.0
0.9706,16.574,16.574,408.558,308.558,6900.0
0.9707,15.656,15.656,408.12,308.12,6900.0
0.9708,14.672,14.672,407.666,307.666,6900.0
0.9709,13.163,13.163,407.187,307.187,6900.0
0.971,11.919,11.919,406.67,306.67,6900.0
0.9711,10.804,10.804,406.129,306.129,6900.0
0.9712,9.416,9.416,405.568,305.568,6900.0
0.9713,8.253,8.253,404.99,304.99,6900.0
0.9714,6.981,6.981,404.395,304.395,6900.0
0.9715,5.412,5.412,403.781,303.781,6900.0
0.9716,3.943,3.943,403.151,303.151,6900.0
0.9717,2.519,2.519,402.507,302.507,6900.0
0.9718,1.376,1.376,401.854,301.854,6900.0
0.9719,0.349,0.349,401.194,301.194,6900.0
0.972,-0.0,-0.0,400.533,300.533,6900.0
0.9721,0.0,0.0,399.869,299.869,6900.0
0.9722,-1.714,-1.714,399.206,299.206,6900.0
0.9723,-2.439,-2.439,398.545,298.545,6900.0
0.9724,-3.272,-3.272,397.889,297.889,6900.0
0.9725,-4.492,-4.492,397.235,297.235,6900.0
0.9726,-5.799,-5.799,396.59,296.59,6900.0
0.9727,-7.182,-7.182,395.954,295.954,6900.0
0.9728,-8.546,-8.546,395.337,295.337,6900.0
0.9729,-9.634,-9.634,394.738,294.738,6900.0
0.973,-10.875,-10.875,394.148,294.148,6900.0
0.9731,-12.419,-12.419,393.576,293.576,6900.0
0.9732,-13.972,-13.972,393.036,293.036,6900.0
0.9733,-15.504,-15.504,392.541,292.541,6900.0
0.9734,-16.355,-16.355,392.09,292.09,6900.0
0.9735,-17.361,-17.361,391.651,291.651,6900.0
0.9736,-18.841,-18.841,391.232,291.232,6900.0
0.9737,-20.469,-20.469,390.851,290.851,6900.0
0.9738,-21.996,-21.996,390.525,290.525,6900.0
0.9739,-23.059,-23.059,390.251,290.251,6900.0
0.974,-23.896,-23.896,390.006,290.006,6900.0
0.9741,-25.004,-25.004,389.786,289.786,6900.0
0.9742,-26.221,-26.221,389.605,289.605,6900.0
0.9743,-27.407,-27.407,389.473,289.473,6900.0
0.9744,-28.546,-28.546,389.391,289.391,6900.0
0.9745,-29.706,-29.706,389.36,289.36,6900.0
0.9746,-30.761,-30.761,389.379,289.379,6900.0
0.9747,-31.663,-31.663,389.446,289.446,6900.0
0.9748,-32.629,-32.629,389.549,289.549,6900.0
0.9749,-33.485,-33.485,389.698,289.698,6900.0
0.975,-34.469,-34.469,389.888,289.888,6900.0
0.9751,-35.419,-35.419,390.131,290.131,6900.0
0.9752,-36.199,-36.199,390.414,290.414,6900.0
0.9753,-36.795,-36.795,390.723,290.723,6900.0
0.9754,-37.661,-37.661,391.063,291.063,6900.0
0.9755,-38.528,-38.528,391.443,291.443,6900.0
0.9756,-39.084,-39.084,391.885,291.885,6900.0
0.9757,-39.515,-39.515,392.361,292.361,6900.0
0.9758,-39.95,-39.95,392.849,292.849,6900.0
0.9759,-40.649,-40.649,393.368,293.368,6900.0
0.976,-41.118,-41.118,393.918,293.918,6900.0
0.9761,-41.637,-41.637,394.514,294.514,6900.0
0.9762,-41.757,-41.757,395.139,295.139,6900.0
0.9763,-41.979,-41.979,395.757,295.757,6900.0
0.9764,-42.254,-42.254,396.394,296.394,6900.0
0.9765,-42.315,-42.315,397.036,297.036,6900.0
0.9766,-42.549,-42.549,397.693,297.693,6900.0
0.9767,-42.524,-42.524,398.366,298.366,6900.0
0.9768,-42.586,-42.586,399.027,299.027,6900.0
0.9769,-42.441,-42.441,399.705,299.705,6900.0
0.977,-42.315,-42.315,400.372,300.372,6900.0
0.9771,-42.426,-42.426,401.036,301.036,6900.0
0.9772,-42.142,-42.142,401.715,301.715,6900.0
0.9773,-42.04,-42.04,402.374,302.374,6900.0
0.9774,-41.933,-41.933,403.042,303.042,6900.0
0.9775,-41.524,-41.524,403.696,303.696,6900.0
0.9776,-41.313,-41.313,404.314,304.314,6900.0
0.9777,-40.803,-40.803,404.925,304.925,6900.0
0.9778,-40.654,-40.654,405.502,305.502,6900.0
0.9779,-40.215,-40.215,406.077,306.077,6900.0
0.978,-39.595,-39.595,406.621,306.621,6900.0
0.9781,-39.037,-39.037,407.12,307.12,6900.0
0.9782,-38.449,-38.449,407.598,307.598,6900.0
0.9783,-37.96,-37.96,408.05,308.05,6900.0
0.9784,-37.373,-37.373,408.489,308.489,6900.0
0.9785,-36.582,-36.582,408.899,308.899,6900.0
0.9786,-36.169,-36.169,409.26,309.26,6900.0
0.9787,-35.571,-35.571,409.593,309.593,6900.0
0.9788,-34.933,-34.933,409.894,309.894,6900.0
0.9789,-34.186,-34.186,410.165,310.165,6900.0
0.979,-33.281,-33.281,410.397,310.397,6900.0
0.9791,-32.286,-32.286,410.587,310.587,6900.0
0.9792,-31.427,-31.427,410.729,310.729,6900.0
0.9793,-30.454,-30.454,410.827,310.827,6900.0
0.9794,-29.592,-29.592,410.882,310.882,6900.0
0.9795,-28.864,-28.864,410.901,310.901,6900.0
0.9796,-27.754,-27.754,410.897,310.897,6900.0
0.9797,-26.548,-26.548,410.853,310.853,6900.0
0.9798,-25.231,-25.231,410.756,310.756,6900.0
0.9799,-24.313,-24.313,410.604,310.604,6900.0
0.98,-23.617,-23.617,410.42,310.42,6900.0
0.9801,-22.861,-22.861,410.219,310.219,6900.0
0.9802,-21.494,-21.494,409.997,309.997,6900.0
0.9803,-19.924,-19.924,409.714,309.714,6900.0
0.9804,-18.748,-18.748,409.369,309.369,6900.0
0.9805,-17.786,-17.786,408.987,308.987,6900.0
0.9806,-17.264,-17.264,408.583,308.583,6900.0
0.9807,-15.944,-15.944,408.17,308.17,6900.0
0.9808,-14.376,-14.376,407.721,307.721,6900.0
0.9809,-13.115,-13.115,407.233,307.233,6900.0
0.981,-11.884,-11.884,406.722,306.722,6900.0
0.9811,-10.932,-10.932,406.189,306.189,6900.0
0.9812,-9.657,-9.657,405.642,305.642,6900.0
0.9813,-8.064,-8.064,405.07,305.07,6900.0
0.9814,-6.824,-6.824,404.472,304.472,6900.0
0.9815,-5.266,-5.266,403.856,303.856,6900.0
0.9816,-4.304,-4.304,403.223,303.223,6900.0
0.9817,-3.07,-3.07,402.579,302.579,6900.0
0.9818,-1.824,-1.824,401.927,301.927,6900.0
0.9819,-0.615,-0.615,401.268,301.268,6900.0
0.982,-0.76,-0.76,400.606,300.606,6900.0
0.9821,-0.0,-0.0,399.943,299.943,6900.0
0.9822,1.126,1.126,399.28,299.28,6900.0
0.9823,2.132,2.132,398.617,298.617,6900.0
0.9824,3.372,3.372,397.956,297.956,6900.0
0.9825,4.378,4.378,397.301,297.301,6900.0
0.9826,6.086,6.086,396.654,296.654,6900.0
0.9827,7.132,7.132,396.024,296.024,6900.0
0.9828,8.269,8.269,395.406,295.406,6900.0
0.9829,9.66,9.66,394.797,294.797,6900.0
0.983,11.244,11.244,394.212,294.212,6900.0
0.9831,12.615,12.615,393.656,293.656,6900.0
0.9832,13.842,13.842,393.139,293.139,6900.0
0.9833,14.753,14.753,392.646,292.646,6900.0
0.9834,16.121,16.121,392.161,292.161,6900.0
0.9835,17.689,17.689,391.704,291.704,6900.0
0.9836,19.204,19.204,391.296,291.296,6900.0
0.9837,20.357,20.357,390.943,290.943,6900.0
0.9838,21.253,21.253,390.625,290.625,6900.0
0.9839,22.429,22.429,390.324,290.324,6900.0
0.984,23.69,23.69,390.054,290.054,6900.0
0.9841,24.968,24.968,389.828,289.828,6900.0
0.9842,26.059,26.059,389.653,289.653,6900.0
0.9843,27.082,27.082,389.522,289.522,6900.0
0.9844,28.17,28.17,389.431,289.431,6900.0
0.9845,29.248,29.248,389.386,289.386,6900.0
0.9846,30.154,30.154,389.388,289.388,6900.0
0.9847,31.036,31.036,389.433,289.433,6900.0
0.9848,31.984,31.984,389.524,289.524,6900.0
0.9849,32.819,32.819,389.668,289.668,6900.0
0.985,33.593,33.593,389.855,289.855,6900.0
0.9851,34.54,34.54,390.072,290.072,6900.0
0.9852,35.464,35.464,390.32,290.32,6900.0
0.9853,36.065,36.065,390.609,290.609,6900.0
0.9854,36.939,36.939,390.937,290.937,6900.0
0.9855,37.606,37.606,391.309,291.309,6900.0
0.9856,38.338,38.338,391.706,291.706,6900.0
0.9857,39.203,39.203,392.128,292.128,6900.0
0.9858,39.469,39.469,392.603,292.603,6900.0
0.9859,40.069,40.069,393.108,293.108,6900.0
0.986,40.385,40.385,393.665,293.665,6900.0
0.9861,40.734,40.734,394.239,294.239,6900.0
0.9862,41.224,41.224,394.826,294.826,6900.0
0.9863,41.223,41.223,395.443,295.443,6900.0
0.9864,41.438,41.438,396.056,296.056,6900.0
0.9865,41.593,41.593,396.693,296.693,6900.0
0.9866,41.593,41.593,397.326,297.326,6900.0
0.9867,41.896,41.896,397.953,297.953,6900.0
0.9868,41.895,41.895,398.594,298.594,6900.0
0.9869,42.022,42.022,399.225,299.225,6900.0
0.987,41.992,41.992,399.88,299.88,6900.0
0.9871,42.005,42.005,400.532,300.532,6900.0
0.9872,42.026,42.026,401.193,301.193,6900.0
0.9873,41.915,41.915,401.862,301.862,6900.0
0.9874,41.796,41.796,402.512,302.512,6900.0
0.9875,41.55,41.55,403.162,303.162,6900.0
0.9876,41.09,41.09,403.795,303.795,6900.0
0.9877,40.816,40.816,404.41,304.41,6900.0
0.9878,40.384,40.384,405.007,305.007,6900.0
0.9879,39.683,39.683,405.564,305.564,6900.0
0.988,39.444,39.444,406.083,306.083,6900.0
0.9881,38.848,38.848,406.581,306.581,6900.0
0.9882,38.62,38.62,407.06,307.06,6900.0
0.9883,37.966,37.966,407.525,307.525,6900.0
0.9884,37.206,37.206,407.953,307.953,6900.0
0.9885,36.629,36.629,408.342,308.342,6900.0
0.9886,35.957,35.957,408.704,308.704,6900.0
0.9887,35.403,35.403,409.039,309.039,6900.0
0.9888,34.649,34.649,409.348,309.348,6900.0
0.9889,33.696,33.696,409.616,309.616,6900.0
0.989,32.9,32.9,409.837,309.837,6900.0
0.9891,31.976,31.976,410.017,310.017,6900.0
0.9892,31.223,31.223,410.152,310.152,6900.0
0.9893,30.402,30.402,410.249,310.249,6900.0
0.9894,29.512,29.512,410.313,310.313,6900.0
0.9895,28.426,28.426,410.343,310.343,6900.0
0.9896,27.287,27.287,410.327,310.327,6900.0
0.9897,26.32,26.32,410.254,310.254,6900.0
0.9898,25.611,25.611,410.139,310.139,6900.0
0.9899,24.825,24.825,410.002,310.002,6900.0
0.99,23.639,23.639,409.849,309.849,6900.0
0.9901,22.296,22.296,409.651,309.651,6900.0
0.9902,21.176,21.176,409.388,309.388,6900.0
0.9903,20.296,20.296,409.084,309.084,6900.0
0.9904,19.472,19.472,408.754,308.754,6900.0
0.9905,18.535,18.535,408.413,308.413,6900.0
0.9906,16.899,16.899,408.044,308.044,6900.0
0.9907,15.427,15.427,407.622,307.622,6900.0
0.9908,14.455,14.455,407.163,307.163,6900.0
0.9909,13.532,13.532,406.676,306.676,6900.0
0.991,12.43,12.43,406.173,306.173,6900.0
0.9911,10.9,10.9,405.647,305.647,6900.0
0.9912,9.406,9.406,405.087,305.087,6900.0
0.9913,8.215,8.215,404.504,304.504,6900.0
0.9914,7.021,7.021,403.901,303.901,6900.0
0.9915,5.619,5.619,403.284,303.284,6900.0
0.9916,4.077,4.077,402.653,302.653,6900.0
0.9917,2.456,2.456,402.008,302.008,6900.0
0.9918,1.396,1.396,401.354,301.354,6900.0
0.9919,0.361,0.361,400.694,300.694,6900.0
0.992,0.0,0.0,400.031,300.031,6900.0
0.9921,0.0,0.0,399.367,299.367,6900.0
0.9922,-1.792,-1.792,398.702,298.702,6900.0
0.9923,-3.137,-3.137,398.04,298.04,6900.0
0.9924,-3.716,-3.716,397.382,297.382,6900.0
0.9925,-4.865,-4.865,396.731,296.731,6900.0
0.9926,-5.757,-5.757,396.09,296.09,6900.0
0.9927,-6.961,-6.961,395.456,295.456,6900.0
0.9928,-8.414,-8.414,394.834,294.834,6900.0
0.9929,-9.947,-9.947,394.23,294.23,6900.0
0.993,-11.547,-11.547,393.654,293.654,6900.0
0.9931,-12.3,-12.3,393.106,293.106,6900.0
0.9932,-13.407,-13.407,392.565,292.565,6900.0
0.9933,-14.942,-14.942,392.042,292.042,6900.0
0.9934,-16.397,-16.397,391.554,291.554,6900.0
0.9935,-17.946,-17.946,391.115,291.115,6900.0
0.9936,-18.893,-18.893,390.725,290.725,6900.0
0.9937,-19.865,-19.865,390.354,290.354,6900.0
0.9938,-21.372,-21.372,390.004,290.004,6900.0
0.9939,-22.896,-22.896,389.697,289.697,6900.0
0.994,-24.212,-24.212,389.446,289.446,6900.0
0.9941,-25.28,-25.28,389.245,289.245,6900.0
0.9942,-26.271,-26.271,389.08,289.08,6900.0
0.9943,-27.402,-27.402,388.95,288.95,6900.0
0.9944,-28.583,-28.583,388.863,288.863,6900.0
0.9945,-29.61,-29.61,388.825,288.825,6900.0
0.9946,-30.703,-30.703,388.834,288.834,6900.0
0.9947,-31.721,-31.721,388.892,288.892,6900.0
0.9948,-32.593,-32.593,389.0,289.0,6900.0
0.9949,-33.604,-33.604,389.149,289.149,6900.0
0.995,-34.39,-34.39,389.337,289.337,6900.0
0.9951,-35.27,-35.27,389.562,289.562,6900.0
0.9952,-36.351,-36.351,389.828,289.828,6900.0
0.9953,-36.994,-36.994,390.158,290.158,6900.0
0.9954,-37.651,-37.651,390.52,290.52,6900.0
0.9955,-38.238,-38.238,390.902,290.902,6900.0
0.9956,-38.781,-38.781,391.321,291.321,6900.0
0.9957,-39.535,-39.535,391.768,291.768,6900.0
0.9958,-40.115,-40.115,392.275,292.275,6900.0
0.9959,-40.174,-40.174,392.817,292.817,6900.0
0.996,-40.587,-40.587,393.355,293.355,6900.0
0.9961,-41.267,-41.267,393.92,293.92,6900.0
0.9962,-41.581,-41.581,394.512,294.512,6900.0
0.9963,-41.954,-41.954,395.136,295.136,6900.0
0.9964,-42.105,-42.105,395.781,295.781,6900.0
0.9965,-42.274,-42.274,396.418,296.418,6900.0
0.9966,-42.476,-42.476,397.072,297.072,6900.0
0.9967,-42.413,-42.413,397.728,297.728,6900.0
0.9968,-42.58,-42.58,398.391,298.391,6900.0
0.9969,-42.417,-42.417,399.072,299.072,6900.0
0.997,-42.45,-42.45,399.737,299.737,6900.0
0.9971,-42.45,-42.45,400.418,300.418,6900.0
0.9972,-42.188,-42.188,401.093,301.093,6900.0
0.9973,-42.168,-42.168,401.75,301.75,6900.0
0.9974,-41.88,-41.88,402.414,302.414,6900.0
0.9975,-41.636,-41.636,403.057,303.057,6900.0
0.9976,-41.356,-41.356,403.698,303.698,6900.0
0.9977,-40.966,-40.966,404.315,304.315,6900.0
0.9978,-40.718,-40.718,404.895,304.895,6900.0
0.9979,-40.244,-40.244,405.463,305.463,6900.0
0.998,-40.018,-40.018,406.0,306.0,6900.0
0.9981,-39.35,-39.35,406.533,306.533,6900.0
0.9982,-38.586,-38.586,407.033,307.033,6900.0
0.9983,-37.908,-37.908,407.485,307.485,6900.0
0.9984,-37.279,-37.279,407.909,307.909,6900.0
0.9985,-36.672,-36.672,408.306,308.306,6900.0
0.9986,-36.433,-36.433,408.679,308.679,6900.0
0.9987,-35.683,-35.683,409.031,309.031,6900.0
0.9988,-34.905,-34.905,409.338,309.338,6900.0
0.9989,-34.089,-34.089,409.607,309.607,6900.0
0.999,-33.244,-33.244,409.834,309.834,6900.0
0.9991,-32.611,-32.611,410.019,310.019,6900.0
0.9992,-31.821,-31.821,410.173,310.173,6900.0
0.9993,-30.929,-30.929,410.292,310.292,6900.0
0.9994,-29.706,-29.706,410.369,310.369,6900.0
0.9995,-28.562,-28.562,410.394,310.394,6900.0
0.9996,-27.696,-27.696,410.368,310.368,6900.0
0.9997,-26.801,-26.801,410.31,310.31,6900.0
0.9998,-26.011,-26.011,410.226,310.226,6900.0
0.9999,-24.816,-24.816,410.114,310.114,6900.0
1.0,-23.396,-23.396,409.946,309.946,6900.0
1.0001,-23.881,-23.881,409.724,409.724,6900.0
1.0002,-22.205,-22.205,409.491,409.491,6900.0
1.0003,-21.01,-21.01,409.226,409.226,6900.0
1.0004,-19.584,-19.584,408.937,408.937,6900.0
1.0005,-17.937,-17.937,408.596,408.596,6900.0
1.0006,-16.944,-16.944,408.199,408.199,6900.0
1.0007,-15.742,-15.742,407.771,407.771,6900.0
1.0008,-14.802,-14.802,407.316,407.316,6900.0
1.0009,-13.433,-13.433,406.842,406.842,6900.0
1.001,-11.871,-11.871,406.334,406.334,6900.0
1.0011,-11.003,-11.003,405.79,405.79,6900.0
1.0012,-9.646,-9.646,405.229,405.229,6900.0
1.0013,-8.628,-8.628,404.648,404.648,6900.0
1.0014,-7.207,-7.207,404.055,404.055,6900.0
1.0015,-5.652,-5.652,403.443,403.443,6900.0
1.0016,-4.465,-4.465,402.813,402.813,6900.0
1.0017,-3.006,-3.006,402.172,402.172,6900.0
1.0018,-1.861,-1.861,401.52,401.52,6900.0
1.0019,-0.652,-0.652,400.861,400.861,6900.0
1.002,-0.0,-0.0,400.199,400.199,6900.0
1.0021,-0.0,-0.0,399.535,399.535,6900.0
1.0022,0.943,0.943,398.871,398.871,6900.0
1.0023,2.055,2.055,398.208,398.208,6900.0
1.0024,2.818,2.818,397.549,397.549,6900.0
1.0025,3.864,3.864,396.895,396.895,6900.0
1.0026,5.392,5.392,396.246,396.246,6900.0
1.0027,6.696,6.696,395.609,395.609,6900.0
1.0028,8.287,8.287,394.985,394.985,6900.0
1.0029,9.469,9.469,394.383,394.383,6900.0
1.003,10.65,10.65,393.795,393.795,6900.0
1.0031,12.197,12.197,393.218,393.218,6900.0
1.0032,13.735,13.735,392.669,392.669,6900.0
1.0033,15.499,15.499,392.156,392.156,6900.0
1.0034,16.953,16.953,391.698,391.698,6900.0
1.0035,17.673,17.673,391.274,391.274,6900.0
1.0036,19.025,19.025,390.859,390.859,6900.0
1.0037,20.521,20.521,390.477,390.477,6900.0
1.0038,21.956,21.956,390.144,390.144,6900.0
1.0039,23.029,23.029,389.869,389.869,6900.0
1.004,24.085,24.085,389.631,389.631,6900.0
1.0041,25.052,25.052,389.42,389.42,6900.0
1.0042,26.211,26.211,389.242,389.242,6900.0
1.0043,27.574,27.574,389.105,389.105,6900.0
1.0044,28.593,28.593,389.024,389.024,6900.0
1.0045,29.563,29.563,388.988,388.988,6900.0
1.0046,30.414,30.414,388.997,388.997,6900.0
1.0047,31.345,31.345,389.05,389.05,6900.0
1.0048,32.204,32.204,389.145,389.145,6900.0
1.0049,33.37,33.37,389.275,389.275,6900.0
1.005,34.16,34.16,389.461,389.461,6900.0
1.0051,35.259,35.259,389.694,389.694,6900.0
1.0052,36.037,36.037,389.979,389.979,6900.0
1.0053,36.693,36.693,390.294,390.294,6900.0
1.0054,37.442,37.442,390.631,390.631,6900.0
1.0055,38.209,38.209,391.006,391.006,6900.0
1.0056,39.121,39.121,391.426,391.426,6900.0
1.0057,39.629,39.629,391.9,391.9,6900.0
1.0058,39.951,39.951,392.395,392.395,6900.0
1.0059,40.676,40.676,392.901,392.901,6900.0
1.006,41.137,41.137,393.449,393.449,6900.0
1.0061,41.693,41.693,394.029,394.029,6900.0
1.0062,41.936,41.936,394.659,394.659,6900.0
1.0063,42.016,42.016,395.297,395.297,6900.0
1.0064,42.423,42.423,395.936,395.936,6900.0
1.0065,42.531,42.531,396.597,396.597,6900.0
1.0066,42.788,42.788,397.254,397.254,6900.0
1.0067,42.74,42.74,397.939,397.939,6900.0
1.0068,42.62,42.62,398.614,398.614,6900.0
1.0069,42.97,42.97,399.281,399.281,6900.0
1.007,42.841,42.841,399.964,399.964,6900.0
1.0071,42.878,42.878,400.63,400.63,6900.0
1.0072,42.749,42.749,401.312,401.312,6900.0
1.0073,42.413,42.413,401.989,401.989,6900.0
1.0074,42.171,42.171,402.661,402.661,6900.0
1.0075,41.797,41.797,403.329,403.329,6900.0
1.0076,41.378,41.378,403.966,403.966,6900.0
1.0077,41.203,41.203,404.586,404.586,6900.0
1.0078,40.856,40.856,405.184,405.184,6900.0
1.0079,40.588,40.588,405.767,405.767,6900.0
1.008,40.06,40.06,406.331,406.331,6900.0
1.0081,39.427,39.427,406.852,406.852,6900.0
1.0082,39.136,39.136,407.336,407.336,6900.0
1.0083,38.551,38.551,407.8,407.8,6900.0
1.0084,38.116,38.116,408.243,408.243,6900.0
1.0085,37.41,37.41,408.667,408.667,6900.0
1.0086,36.483,36.483,409.056,409.056,6900.0
1.0087,35.662,35.662,409.398,409.398,6900.0
1.0088,34.976,34.976,409.705,409.705,6900.0
1.0089,34.391,34.391,409.982,409.982,6900.0
1.009,33.437,33.437,410.23,410.23,6900.0
1.0091,32.611,32.611,410.433,410.433,6900.0
1.0092,31.561,31.561,410.593,410.593,6900.0
1.0093,30.794,30.794,410.702,410.702,6900.0
1.0094,29.802,29.802,410.765,410.765,6900.0
1.0095,28.934,28.934,410.784,410.784,6900.0
1.0096,27.935,27.935,410.773,410.773,6900.0
1.0097,26.86,26.86,410.73,410.73,6900.0
1.0098,25.614,25.614,410.645,410.645,6900.0
1.0099,24.588,24.588,410.502,410.502,6900.0
1.01,23.831,23.831,410.319,410.319,6900.0
1.0101,23.128,23.128,410.117,410.117,6900.0
1.0102,22.034,22.034,409.903,409.903,6900.0
1.0103,20.482,20.482,409.648,409.648,6900.0
1.0104,19.034,19.034,409.324,409.324,6900.0
1.0105,17.966,17.966,408.952,408.952,6900.0
1.0106,17.161,17.161,408.546,408.546,6900.0
1.0107,16.079,16.079,408.128,408.128,6900.0
1.0108,14.513,14.513,407.684,407.684,6900.0
1.0109,13.131,13.131,407.198,407.198,6900.0
1.011,12.009,12.009,406.685,406.685,6900.0
1.0111,11.102,11.102,406.15,406.15,6900.0
1.0112,10.055,10.055,405.602,405.602,6900.0
1.0113,8.477,8.477,405.035,405.035,6900.0
1.0114,6.844,6.844,404.443,404.443,6900.0
1.0115,5.633,5.633,403.828,403.828,6900.0
1.0116,4.247,4.247,403.198,403.198,6900.0
1.0117,2.934,2.934,402.555,402.555,6900.0
1.0118,1.593,1.593,401.903,401.903,6900.0
1.0119,0.573,0.573,401.244,401.244,6900.0
1.012,-0.0,-0.0,400.583,400.583,6900.0
1.0121,0.0,0.0,399.919,399.919,6900.0
1.0122,-1.526,-1.526,399.256,399.256,6900.0
1.0123,-2.107,-2.107,398.594,398.594,6900.0
1.0124,-3.06,-3.06,397.934,397.934,6900.0
1.0125,-4.535,-4.535,397.279,397.279,6900.0
1.0126,-5.855,-5.855,396.631,396.631,6900.0
1.0127,-7.369,-7.369,395.997,395.997,6900.0
1.0128,-8.386,-8.386,395.381,395.381,6900.0
1.0129,-9.474,-9.474,394.774,394.774,6900.0
1.013,-11.077,-11.077,394.183,394.183,6900.0
1.0131,-12.412,-12.412,393.62,393.62,6900.0
1.0132,-14.019,-14.019,393.093,393.093,6900.0
1.0133,-15.188,-15.188,392.604,392.604,6900.0
1.0134,-16.116,-16.116,392.131,392.131,6900.0
1.0135,-17.514,-17.514,391.674,391.674,6900.0
1.0136,-19.098,-19.098,391.254,391.254,6900.0
1.0137,-20.65,-20.65,390.889,390.889,6900.0
1.0138,-21.632,-21.632,390.576,390.576,6900.0
1.0139,-22.486,-22.486,390.287,390.287,6900.0
1.014,-23.617,-23.617,390.019,390.019,6900.0
1.0141,-25.108,-25.108,389.785,389.785,6900.0
1.0142,-26.312,-26.312,389.606,389.606,6900.0
1.0143,-27.506,-27.506,389.475,389.475,6900.0
1.0144,-28.705,-28.705,389.392,389.392,6900.0
1.0145,-29.808,-29.808,389.356,389.356,6900.0
1.0146,-30.886,-30.886,389.366,389.366,6900.0
1.0147,-31.803,-31.803,389.423,389.423,6900.0
1.0148,-32.669,-32.669,389.527,389.527,6900.0
1.0149,-33.615,-33.615,389.677,389.677,6900.0
1.015,-34.322,-34.322,389.882,389.882,6900.0
1.0151,-35.343,-35.343,390.119,390.119,6900.0
1.0152,-36.176,-36.176,390.39,390.39,6900.0
1.0153,-36.981,-36.981,390.698,390.698,6900.0
1.0154,-37.866,-37.866,391.041,391.041,6900.0
1.0155,-38.519,-38.519,391.439,391.439,6900.0
1.0156,-38.868,-38.868,391.871,391.871,6900.0
1.0157,-39.243,-39.243,392.315,392.315,6900.0
1.0158,-40.117,-40.117,392.784,392.784,6900.0
1.0159,-40.628,-40.628,393.295,393.295,6900.0
1.016,-41.145,-41.145,393.86,393.86,6900.0
1.0161,-41.342,-41.342,394.459,394.459,6900.0
1.0162,-41.658,-41.658,395.058,395.058,6900.0
1.0163,-42.024,-42.024,395.681,395.681,6900.0
1.0164,-42.133,-42.133,396.316,396.316,6900.0
1.0165,-42.49,-42.49,396.969,396.969,6900.0
1.0166,-42.346,-42.346,397.64,397.64,6900.0
1.0167,-42.422,-42.422,398.29,398.29,6900.0
1.0168,-42.426,-42.426,398.953,398.953,6900.0
1.0169,-42.418,-42.418,399.611,399.611,6900.0
1.017,-42.594,-42.594,400.271,400.271,6900.0
1.0171,-42.415,-42.415,400.948,400.948,6900.0
1.0172,-42.506,-42.506,401.609,401.609,6900.0
1.0173,-42.372,-42.372,402.29,402.29,6900.0
1.0174,-41.968,-41.968,402.959,402.959,6900.0
1.0175,-41.733,-41.733,403.602,403.602,6900.0
1.0176,-41.392,-41.392,404.241,404.241,6900.0
1.0177,-41.203,-41.203,404.855,404.855,6900.0
1.0178,-41.009,-41.009,405.465,405.465,6900.0
1.0179,-40.382,-40.382,406.053,406.053,6900.0
1.018,-40.075,-40.075,406.591,406.591,6900.0
1.0181,-39.596,-39.596,407.113,407.113,6900.0
1.0182,-39.154,-39.154,407.607,407.607,6900.0
1.0183,-38.576,-38.576,408.088,408.088,6900.0
1.0184,-37.792,-37.792,408.538,408.538,6900.0
1.0185,-37.069,-37.069,408.942,408.942,6900.0
1.0186,-36.603,-36.603,409.313,409.313,6900.0
1.0187,-36.047,-36.047,409.66,409.66,6900.0
1.0188,-34.982,-34.982,409.988,409.988,6900.0
1.0189,-33.955,-33.955,410.271,410.271,6900.0
1.019,-33.027,-33.027,410.504,410.504,6900.0
1.0191,-32.28,-32.28,410.691,410.691,6900.0
1.0192,-31.481,-31.481,410.839,410.839,6900.0
1.0193,-30.639,-30.639,410.944,410.944,6900.0
1.0194,-29.757,-29.757,411.011,411.011,6900.0
1.0195,-28.882,-28.882,411.044,411.044,6900.0
1.0196,-27.86,-27.86,411.038,411.038,6900.0
1.0197,-26.807,-26.807,410.984,410.984,6900.0
1.0198,-25.767,-25.767,410.882,410.882,6900.0
1.0199,-24.861,-24.861,410.744,410.744,6900.0
1.02,-23.918,-23.918,410.585,410.585,6900.0
1.0201,-22.777,-22.777,410.399,410.399,6900.0
1.0202,-21.45,-21.45,410.159,410.159,6900.0
1.0203,-20.372,-20.372,409.862,409.862,6900.0
1.0204,-19.525,-19.525,409.531,409.531,6900.0
1.0205,-18.715,-18.715,409.182,409.182,6900.0
1.0206,-17.455,-17.455,408.818,408.818,6900.0
1.0207,-15.783,-15.783,408.412,408.412,6900.0
1.0208,-14.607,-14.607,407.959,407.959,6900.0
1.0209,-13.432,-13.432,407.478,407.478,6900.0
1.021,-12.511,-12.511,406.972,406.972,6900.0
1.0211,-11.089,-11.089,406.449,406.449,6900.0
1.0212,-9.565,-9.565,405.897,405.897,6900.0
1.0213,-8.475,-8.475,405.316,405.316,6900.0
1.0214,-7.204,-7.204,404.718,404.718,6900.0
1.0215,-5.942,-5.942,404.103,404.103,6900.0
1.0216,-4.548,-4.548,403.475,403.475,6900.0
1.0217,-2.999,-2.999,402.834,402.834,6900.0
1.0218,-1.89,-1.89,402.182,402.182,6900.0
1.0219,-0.687,-0.687,401.525,401.525,6900.0
1.022,-0.0,-0.0,400.864,400.864,6900.0
1.0221,-0.0,-0.0,400.201,400.201,6900.0
1.0222,1.754,1.754,399.537,399.537,6900.0
1.0223,2.074,2.074,398.875,398.875,6900.0
1.0224,3.046,3.046,398.216,398.216,6900.0
1.0225,4.417,4.417,397.562,397.562,6900.0
1.0226,5.484,5.484,396.919,396.919,6900.0
1.0227,6.522,6.522,396.286,396.286,6900.0
1.0228,8.094,8.094,395.661,395.661,6900.0
1.0229,9.592,9.592,395.056,395.056,6900.0
1.023,11.218,11.218,394.473,394.473,6900.0
1.0231,12.294,12.294,393.923,393.923,6900.0
1.0232,13.23,13.23,393.391,393.391,6900.0
1.0233,14.686,14.686,392.867,392.867,6900.0
1.0234,16.248,16.248,392.372,392.372,6900.0
1.0235,17.91,17.91,391.921,391.921,6900.0
1.0236,19.176,19.176,391.528,391.528,6900.0
1.0237,19.939,19.939,391.171,391.171,6900.0
1.0238,21.26,21.26,390.827,390.827,6900.0
1.0239,22.704,22.704,390.517,390.517,6900.0
1.024,24.103,24.103,390.256,390.256,6900.0
1.0241,25.057,25.057,390.053,390.053,6900.0
1.0242,26.029,26.029,389.887,389.887,6900.0
1.0243,27.02,27.02,389.753,389.753,6900.0
1.0244,27.973,27.973,389.658,389.658,6900.0
1.0245,29.182,29.182,389.601,389.601,6900.0
1.0246,30.231,30.231,389.596,389.596,6900.0
1.0247,31.159,31.159,389.638,389.638,6900.0
1.0248,32.056,32.056,389.73,389.73,6900.0
1.0249,32.814,32.814,389.867,389.867,6900.0
1.025,33.541,33.541,390.038,390.038,6900.0
1.0251,34.431,34.431,390.239,390.239,6900.0
1.0252,35.294,35.294,390.484,390.484,6900.0
1.0253,36.311,36.311,390.78,390.78,6900.0
1.0254,37.002,37.002,391.126,391.126,6900.0
1.0255,37.663,37.663,391.498,391.498,6900.0
1.0256,38.334,38.334,391.891,391.891,6900.0
1.0257,38.858,38.858,392.321,392.321,6900.0
1.0258,39.628,39.628,392.79,392.79,6900.0
1.0259,40.066,40.066,393.311,393.311,6900.0
1.026,40.324,40.324,393.851,393.851,6900.0
1.0261,40.973,40.973,394.399,394.399,6900.0
1.0262,41.154,41.154,394.986,394.986,6900.0
1.0263,41.563,41.563,395.587,395.587,6900.0
1.0264,41.75,41.75,396.225,396.225,6900.0
1.0265,41.7,41.7,396.867,396.867,6900.0
1.0266,41.907,41.907,397.504,397.504,6900.0
1.0267,42.063,42.063,398.152,398.152,6900.0
1.0268,42.322,42.322,398.792,398.792,6900.0
1.0269,42.429,42.429,399.46,399.46,6900.0
1.027,42.227,42.227,400.127,400.127,6900.0
1.0271,42.267,42.267,400.788,400.788,6900.0
1.0272,42.044,42.044,401.455,401.455,6900.0
1.0273,41.875,41.875,402.099,402.099,6900.0
1.0274,41.827,41.827,402.747,402.747,6900.0
1.0275,41.445,41.445,403.388,403.388,6900.0
1.0276,41.336,41.336,404.021,404.021,6900.0
1.0277,40.811,40.811,404.648,404.648,6900.0
1.0278,40.236,40.236,405.238,405.238,6900.0
1.0279,39.965,39.965,405.795,405.795,6900.0
1.028,39.476,39.476,406.331,406.331,6900.0
1.0281,39.071,39.071,406.847,406.847,6900.0
1.0282,38.438,38.438,407.341,407.341,6900.0
1.0283,37.8,37.8,407.793,407.793,6900.0
1.0284,37.292,37.292,408.208,408.208,6900.0
1.0285,36.628,36.628,408.595,408.595,6900.0
1.0286,36.2,36.2,408.958,408.958,6900.0
1.0287,35.423,35.423,409.301,409.301,6900.0
1.0288,34.54,34.54,409.604,409.604,6900.0
1.0289,33.786,33.786,409.865,409.865,6900.0
1.029,33.021,33.021,410.089,410.089,6900.0
1.0291,32.213,32.213,410.279,410.279,6900.0
1.0292,31.448,31.448,410.43,410.43,6900.0
1.0293,30.558,30.558,410.545,410.545,6900.0
1.0294,29.552,29.552,410.621,410.621,6900.0
1.0295,28.428,28.428,410.649,410.649,6900.0
1.0296,27.544,27.544,410.622,410.622,6900.0
1.0297,26.683,26.683,410.553,410.553,6900.0
1.0298,25.826,25.826,410.457,410.457,6900.0
1.0299,24.784,24.784,410.34,410.34,6900.0
1.03,23.51,23.51,410.179,410.179,6900.0
1.0301,22.508,22.508,409.959,409.959,6900.0
1.0302,21.692,21.692,409.699,409.699,6900.0
1.0303,20.759,20.759,409.42,409.42,6900.0
1.0304,19.719,19.719,409.129,409.129,6900.0
1.0305,18.087,18.087,408.804,408.804,6900.0
1.0306,16.637,16.637,408.419,408.419,6900.0
1.0307,15.504,15.504,407.992,407.992,6900.0
1.0308,14.535,14.535,407.531,407.531,6900.0
1.0309,13.583,13.583,407.052,407.052,6900.0
1.031,12.129,12.129,406.547,406.547,6900.0
1.0311,10.815,10.815,406.007,406.007,6900.0
1.0312,9.666,9.666,405.444,405.444,6900.0
1.0313,8.528,8.528,404.861,404.861,6900.0
1.0314,7.4,7.4,404.265,404.265,6900.0
1.0315,5.774,5.774,403.656,403.656,6900.0
1.0316,4.249,4.249,403.028,403.028,6900.0
1.0317,2.655,2.655,402.387,402.387,6900.0
1.0318,1.499,1.499,401.735,401.735,6900.0
1.0319,0.363,0.363,401.077,401.077,6900.0
1.032,0.0,0.0,400.415,400.415,6900.0
1.0321,0.0,0.0,399.751,399.751,6900.0
1.0322,-2.297,-2.297,399.087,399.087,6900.0
1.0323,-2.159,-2.159,398.427,398.427,6900.0
1.0324,-3.289,-3.289,397.769,397.769,6900.0
1.0325,-4.346,-4.346,397.118,397.118,6900.0
1.0326,-5.291,-5.291,396.472,396.472,6900.0
1.0327,-6.904,-6.904,395.835,395.835,6900.0
1.0328,-8.348,-8.348,395.211,395.211,6900.0
1.0329,-9.773,-9.773,394.608,394.608,6900.0
1.033,-10.976,-10.976,394.025,394.025,6900.0
1.0331,-11.879,-11.879,393.453,393.453,6900.0
1.0332,-13.429,-13.429,392.897,392.897,6900.0
1.0333,-14.99,-14.99,392.375,392.375,6900.0
1.0334,-16.578,-16.578,391.901,391.901,6900.0
1.0335,-17.558,-17.558,391.475,391.475,6900.0
1.0336,-18.6,-18.6,391.066,391.066,6900.0
1.0337,-19.984,-19.984,390.678,390.678,6900.0
1.0338,-21.507,-21.507,390.329,390.329,6900.0
1.0339,-22.887,-22.887,390.036,390.036,6900.0
1.034,-23.82,-23.82,389.794,389.794,6900.0
1.0341,-24.763,-24.763,389.581,389.581,6900.0
1.0342,-25.975,-25.975,389.396,389.396,6900.0
1.0343,-27.19,-27.19,389.252,389.252,6900.0
1.0344,-28.433,-28.433,389.156,389.156,6900.0
1.0345,-29.517,-29.517,389.113,389.113,6900.0
1.0346,-30.402,-30.402,389.12,389.12,6900.0
1.0347,-31.315,-31.315,389.172,389.172,6900.0
1.0348,-32.206,-32.206,389.265,389.265,6900.0
1.0349,-33.086,-33.086,389.399,389.399,6900.0
1.035,-34.06,-34.06,389.574,389.574,6900.0
1.0351,-35.171,-35.171,389.794,389.794,6900.0
1.0352,-35.972,-35.972,390.074,390.074,6900.0
1.0353,-36.62,-36.62,390.392,390.392,6900.0
1.0354,-37.216,-37.216,390.73,390.73,6900.0
1.0355,-38.003,-38.003,391.097,391.097,6900.0
1.0356,-38.67,-38.67,391.502,391.502,6900.0
1.0357,-39.376,-39.376,391.958,391.958,6900.0
1.0358,-39.643,-39.643,392.452,392.452,6900.0
1.0359,-40.034,-40.034,392.952,392.952,6900.0
1.036,-40.663,-40.663,393.481,393.481,6900.0
1.0361,-41.05,-41.05,394.039,394.039,6900.0
1.0362,-41.496,-41.496,394.639,394.639,6900.0
1.0363,-41.762,-41.762,395.266,395.266,6900.0
1.0364,-41.962,-41.962,395.894,395.894,6900.0
1.0365,-42.25,-42.25,396.539,396.539,6900.0
1.0366,-42.27,-42.27,397.19,397.19,6900.0
1.0367,-42.503,-42.503,397.85,397.85,6900.0
1.0368,-42.388,-42.388,398.523,398.523,6900.0
1.0369,-42.448,-42.448,399.18,399.18,6900.0
1.037,-42.374,-42.374,399.852,399.852,6900.0
1.0371,-42.077,-42.077,400.516,400.516,6900.0
1.0372,-42.255,-42.255,401.167,401.167,6900.0
1.0373,-41.998,-41.998,401.834,401.834,6900.0
1.0374,-41.925,-41.925,402.482,402.482,6900.0
1.0375,-41.683,-41.683,403.14,403.14,6900.0
1.0376,-41.198,-41.198,403.78,403.78,6900.0
1.0377,-41.035,-41.035,404.382,404.382,6900.0
1.0378,-40.563,-40.563,404.978,404.978,6900.0
1.0379,-40.177,-40.177,405.545,405.545,6900.0
1.038,-39.665,-39.665,406.101,406.101,6900.0
1.0381,-39.106,-39.106,406.623,406.623,6900.0
1.0382,-38.677,-38.677,407.101,407.101,6900.0
1.0383,-38.22,-38.22,407.557,407.557,6900.0
1.0384,-37.83,-37.83,407.986,407.986,6900.0
1.0385,-37.217,-37.217,408.403,408.403,6900.0
1.0386,-36.336,-36.336,408.788,408.788,6900.0
1.0387,-35.52,-35.52,409.128,409.128,6900.0
1.0388,-34.935,-34.935,409.429,409.429,6900.0
1.0389,-34.253,-34.253,409.699,409.699,6900.0
1.039,-33.353,-33.353,409.94,409.94,6900.0
1.0391,-32.416,-32.416,410.143,410.143,6900.0
1.0392,-31.61,-31.61,410.301,410.301,6900.0
1.0393,-30.526,-30.526,410.418,410.418,6900.0
1.0394,-29.504,-29.504,410.483,410.483,6900.0
1.0395,-28.558,-28.558,410.501,410.501,6900.0
1.0396,-27.606,-27.606,410.479,410.479,6900.0
1.0397,-26.724,-26.724,410.428,410.428,6900.0
1.0398,-25.679,-25.679,410.343,410.343,6900.0
1.0399,-24.501,-24.501,410.209,410.209,6900.0
1.04,-23.684,-23.684,410.025,410.025,6900.0
1.0401,-22.806,-22.806,409.813,409.813,6900.0
1.0402,-21.999,-21.999,409.582,409.582,6900.0
1.0403,-20.555,-20.555,409.332,409.332,6900.0
1.0404,-18.987,-18.987,409.022,409.022,6900.0
1.0405,-18.015,-18.015,408.652,408.652,6900.0
1.0406,-16.965,-16.965,408.25,408.25,6900.0
1.0407,-16.127,-16.127,407.823,407.823,6900.0
1.0408,-14.823,-14.823,407.381,407.381,6900.0
1.0409,-13.33,-13.33,406.904,406.904,6900.0
1.041,-12.181,-12.181,406.391,406.391,6900.0
1.0411,-10.906,-10.906,405.858,405.858,6900.0
1.0412,-10.065,-10.065,405.304,405.304,6900.0
1.0413,-8.784,-8.784,404.737,404.737,6900.0
1.0414,-7.313,-7.313,404.149,404.149,6900.0
1.0415,-6.137,-6.137,403.538,403.538,6900.0
1.0416,-4.534,-4.534,402.911,402.911,6900.0
1.0417,-3.054,-3.054,402.27,402.27,6900.0
1.0418,-1.929,-1.929,401.618,401.618,6900.0
1.0419,-0.806,-0.806,400.959,400.959,6900.0
1.042,-0.001,-0.001,400.297,400.297,6900.0
1.0421,-0.0,-0.0,399.633,399.633,6900.0
1.0422,1.043,1.043,398.97,398.97,6900.0
1.0423,2.161,2.161,398.306,398.306,6900.0
1.0424,2.88,2.88,397.646,397.646,6900.0
1.0425,4.259,4.259,396.988,396.988,6900.0
1.0426,5.353,5.353,396.339,396.339,6900.0
1.0427,6.905,6.905,395.699,395.699,6900.0
1.0428,8.103,8.103,395.079,395.079,6900.0
1.0429,9.338,9.338,394.472,394.472,6900.0
1.043,10.874,10.874,393.877,393.877,6900.0
1.0431,12.119,12.119,393.309,393.309,6900.0
1.0432,13.71,13.71,392.769,392.769,6900.0
1.0433,15.065,15.065,392.274,392.274,6900.0
1.0434,15.829,15.829,391.807,391.807,6900.0
1.0435,17.184,17.184,391.347,391.347,6900.0
1.0436,18.813,18.813,390.917,390.917,6900.0
1.0437,20.278,20.278,390.536,390.536,6900.0
1.0438,21.412,21.412,390.212,390.212,6900.0
1.0439,22.332,22.332,389.926,389.926,6900.0
1.044,23.468,23.468,389.657,389.657,6900.0
1.0441,24.748,24.748,389.421,389.421,6900.0
1.0442,25.891,25.891,389.232,389.232,6900.0
1.0443,27.163,27.163,389.092,389.092,6900.0
1.0444,28.224,28.224,389.003,389.003,6900.0
1.0445,29.24,29.24,388.957,388.957,6900.0
1.0446,30.181,30.181,388.955,388.955,6900.0
1.0447,31.137,31.137,388.996,388.996,6900.0
1.0448,32.054,32.054,389.079,389.079,6900.0
1.0449,33.012,33.012,389.207,389.207,6900.0
1.045,33.882,33.882,389.389,389.389,6900.0
1.0451,34.524,34.524,389.616,389.616,6900.0
1.0452,35.189,35.189,389.869,389.869,6900.0
1.0453,36.228,36.228,390.144,390.144,6900.0
1.0454,36.902,36.902,390.469,390.469,6900.0
1.0455,37.923,37.923,390.836,390.836,6900.0
1.0456,38.469,38.469,391.257,391.257,6900.0
1.0457,39.064,39.064,391.698,391.698,6900.0
1.0458,39.676,39.676,392.161,392.161,6900.0
1.0459,40.218,40.218,392.663,392.663,6900.0
1.046,41.026,41.026,393.197,393.197,6900.0
1.0461,41.191,41.191,393.79,393.79,6900.0
1.0462,41.257,41.257,394.393,394.393,6900.0
1.0463,41.724,41.724,394.996,394.996,6900.0
1.0464,41.672,41.672,395.627,395.627,6900.0
1.0465,41.889,41.889,396.255,396.255,6900.0
1.0466,42.146,42.146,396.912,396.912,6900.0
1.0467,42.201,42.201,397.569,397.569,6900.0
1.0468,42.497,42.497,398.224,398.224,6900.0
1.0469,42.345,42.345,398.895,398.895,6900.0
1.047,42.37,42.37,399.549,399.549,6900.0
1.0471,42.454,42.454,400.218,400.218,6900.0
1.0472,42.256,42.256,400.886,400.886,6900.0
1.0473,42.206,42.206,401.554,401.554,6900.0
1.0474,41.704,41.704,402.224,402.224,6900.0
1.0475,41.433,41.433,402.858,402.858,6900.0
1.0476,41.294,41.294,403.485,403.485,6900.0
1.0477,40.951,40.951,404.096,404.096,6900.0
1.0478,40.842,40.842,404.695,404.695,6900.0
1.0479,40.269,40.269,405.285,405.285,6900.0
1.048,39.697,39.697,405.832,405.832,6900.0
1.0481,39.419,39.419,406.344,406.344,6900.0
1.0482,38.789,38.789,406.835,406.835,6900.0
1.0483,38.454,38.454,407.304,407.304,6900.0
1.0484,37.937,37.937,407.753,407.753,6900.0
1.0485,37.19,37.19,408.168,408.168,6900.0
1.0486,36.369,36.369,408.543,408.543,6900.0
1.0487,35.533,35.533,408.882,408.882,6900.0
1.0488,34.941,34.941,409.189,409.189,6900.0
1.0489,34.163,34.163,409.467,409.467,6900.0
1.049,33.205,33.205,409.709,409.709,6900.0
1.0491,32.489,32.489,409.905,409.905,6900.0
1.0492,31.634,31.634,410.062,410.062,6900.0
1.0493,30.702,30.702,410.175,410.175,6900.0
1.0494,29.818,29.818,410.247,410.247,6900.0
1.0495,29.019,29.019,410.281,410.281,6900.0
1.0496,27.853,27.853,410.284,410.284,6900.0
1.0497,26.571,26.571,410.24,410.24,6900.0
1.0498,25.524,25.524,410.135,410.135,6900.0
1.0499,24.655,24.655,409.989,409.989,6900.0
1.05,23.928,23.928,409.818,409.818,6900.0
1.0501,23.026,23.026,409.632,409.632,6900.0
1.0502,21.456,21.456,409.407,409.407,6900.0
1.0503,20.211,20.211,409.116,409.116,6900.0
1.0504,19.328,19.328,408.781,408.781,6900.0
1.0505,18.543,18.543,408.422,408.422,6900.0
1.0506,17.635,17.635,408.052,408.052,6900.0
1.0507,16.038,16.038,407.655,407.655,6900.0
1.0508,14.634,14.634,407.209,407.209,6900.0
1.0509,13.584,13.584,406.729,406.729,6900.0
1.051,12.419,12.419,406.221,406.221,6900.0
1.0511,11.377,11.377,405.697,405.697,6900.0
1.0512,9.786,9.786,405.151,405.151,6900.0
1.0513,8.264,8.264,404.574,404.574,6900.0
1.0514,7.17,7.17,403.974,403.974,6900.0
1.0515,5.689,5.689,403.359,403.359,6900.0
1.0516,4.549,4.549,402.728,402.728,6900.0
1.0517,3.182,3.182,402.087,402.087,6900.0
1.0518,1.712,1.712,401.435,401.435,6900.0
1.0519,0.564,0.564,400.776,400.776,6900.0
1.052,0.0,0.0,400.114,400.114,6900.0
1.0521,0.0,0.0,399.45,399.45,6900.0
1.0522,-1.808,-1.808,398.785,398.785,6900.0
1.0523,-2.092,-2.092,398.121,398.121,6900.0
1.0524,-3.256,-3.256,397.46,397.46,6900.0
1.0525,-4.379,-4.379,396.804,396.804,6900.0
1.0526,-5.776,-5.776,396.159,396.159,6900.0
1.0527,-6.922,-6.922,395.527,395.527,6900.0
1.0528,-8.026,-8.026,394.904,394.904,6900.0
1.0529,-9.649,-9.649,394.295,394.295,6900.0
1.053,-11.114,-11.114,393.708,393.708,6900.0
1.0531,-12.373,-12.373,393.152,393.152,6900.0
1.0532,-13.419,-13.419,392.623,392.623,6900.0
1.0533,-14.338,-14.338,392.107,392.107,6900.0
1.0534,-15.794,-15.794,391.607,391.607,6900.0
1.0535,-17.375,-17.375,391.142,391.142,6900.0
1.0536,-19.047,-19.047,390.731,390.731,6900.0
1.0537,-20.066,-20.066,390.374,390.374,6900.0
1.0538,-21.096,-21.096,390.038,390.038,6900.0
1.0539,-22.364,-22.364,389.726,389.726,6900.0
1.054,-23.695,-23.695,389.453,389.453,6900.0
1.0541,-25.134,-25.134,389.23,389.23,6900.0
1.0542,-26.218,-26.218,389.06,389.06,6900.0
1.0543,-27.219,-27.219,388.928,388.928,6900.0
1.0544,-28.377,-28.377,388.832,388.832,6900.0
1.0545,-29.412,-29.412,388.781,388.781,6900.0
1.0546,-30.656,-30.656,388.776,388.776,6900.0
1.0547,-31.835,-31.835,388.824,388.824,6900.0
1.0548,-32.816,-32.816,388.928,388.928,6900.0
1.0549,-33.676,-33.676,389.082,389.082,6900.0
1.055,-34.481,-34.481,389.278,389.278,6900.0
1.0551,-35.115,-35.115,389.507,389.507,6900.0
1.0552,-36.116,-36.116,389.768,389.768,6900.0
1.0553,-37.042,-37.042,390.075,390.075,6900.0
1.0554,-37.625,-37.625,390.438,390.438,6900.0
1.0555,-38.314,-38.314,390.831,390.831,6900.0
1.0556,-38.704,-38.704,391.245,391.245,6900.0
1.0557,-39.47,-39.47,391.684,391.684,6900.0
1.0558,-40.208,-40.208,392.159,392.159,6900.0
1.0559,-40.695,-40.695,392.694,392.694,6900.0
1.056,-41.018,-41.018,393.259,393.259,6900.0
1.0561,-41.344,-41.344,393.832,393.832,6900.0
1.0562,-41.675,-41.675,394.431,394.431,6900.0
1.0563,-41.979,-41.979,395.044,395.044,6900.0
1.0564,-42.467,-42.467,395.687,395.687,6900.0
1.0565,-42.501,-42.501,396.356,396.356,6900.0
1.0566,-42.527,-42.527,397.014,397.014,6900.0
1.0567,-42.791,-42.791,397.68,397.68,6900.0
1.0568,-42.705,-42.705,398.348,398.348,6900.0
1.0569,-43.017,-43.017,399.016,399.016,6900.0
1.057,-42.915,-42.915,399.705,399.705,6900.0
1.0571,-42.771,-42.771,400.383,400.383,6900.0
1.0572,-42.61,-42.61,401.071,401.071,6900.0
1.0573,-42.379,-42.379,401.745,401.745,6900.0
1.0574,-42.212,-42.212,402.405,402.405,6900.0
1.0575,-41.96,-41.96,403.066,403.066,6900.0
1.0576,-41.761,-41.761,403.705,403.705,6900.0
1.0577,-41.486,-41.486,404.345,404.345,6900.0
1.0578,-40.89,-40.89,404.961,404.961,6900.0
1.0579,-40.504,-40.504,405.531,405.531,6900.0
1.058,-40.043,-40.043,406.083,406.083,6900.0
1.0581,-39.622,-39.622,406.605,406.605,6900.0
1.0582,-39.042,-39.042,407.115,407.115,6900.0
1.0583,-38.332,-38.332,407.593,407.593,6900.0
1.0584,-37.826,-37.826,408.023,408.023,6900.0
1.0585,-37.04,-37.04,408.431,408.431,6900.0
1.0586,-36.882,-36.882,408.802,408.802,6900.0
1.0587,-36.158,-36.158,409.164,409.164,6900.0
1.0588,-35.282,-35.282,409.492,409.492,6900.0
1.0589,-34.461,-34.461,409.773,409.773,6900.0
1.059,-33.517,-33.517,410.016,410.016,6900.0
1.0591,-32.913,-32.913,410.215,410.215,6900.0
1.0592,-32.057,-32.057,410.382,410.382,6900.0
1.0593,-31.202,-31.202,410.512,410.512,6900.0
1.0594,-30.289,-30.289,410.603,410.603,6900.0
1.0595,-29.133,-29.133,410.653,410.653,6900.0
1.0596,-27.883,-27.883,410.651,410.651,6900.0
1.0597,-26.899,-26.899,410.594,410.594,6900.0
1.0598,-26.119,-26.119,410.5,410.5,6900.0
1.0599,-25.221,-25.221,410.383,410.383,6900.0
1.06,-23.962,-23.962,410.239,410.239,6900.0
1.0601,-22.688,-22.688,410.038,410.038,6900.0
1.0602,-21.751,-21.751,409.783,409.783,6900.0
1.0603,-20.985,-20.985,409.497,409.497,6900.0
1.0604,-20.244,-20.244,409.198,409.198,6900.0
1.0605,-18.903,-18.903,408.885,408.885,6900.0
1.0606,-16.941,-16.941,408.524,408.524,6900.0
1.0607,-15.767,-15.767,408.104,408.104,6900.0
1.0608,-14.588,-14.588,407.65,407.65,6900.0
1.0609,-13.82,-13.82,407.169,407.169,6900.0
1.061,-12.653,-12.653,406.67,406.67,6900.0
1.0611,-11.045,-11.045,406.141,406.141,6900.0
1.0612,-9.906,-9.906,405.58,405.58,6900.0
1.0613,-8.73,-8.73,405.001,405.001,6900.0
1.0614,-7.663,-7.663,404.404,404.404,6900.0
1.0615,-6.398,-6.398,403.796,403.796,6900.0
1.0616,-4.945,-4.945,403.172,403.172,6900.0
1.0617,-3.419,-3.419,402.535,402.535,6900.0
1.0618,-2.156,-2.156,401.886,401.886,6900.0
1.0619,-0.937,-0.937,401.229,401.229,6900.0
1.062,-0.81,-0.81,400.567,400.567,6900.0
1.0621,0.114,0.114,399.904,399.904,6900.0
1.0622,1.764,1.764,399.24,399.24,6900.0
1.0623,1.71,1.71,398.578,398.578,6900.0
1.0624,2.878,2.878,397.918,397.918,6900.0
1.0625,3.754,3.754,397.265,397.265,6900.0
1.0626,5.159,5.159,396.618,396.618,6900.0
1.0627,6.706,6.706,395.979,395.979,6900.0
1.0628,7.938,7.938,395.356,395.356,6900.0
1.0629,9.478,9.478,394.747,394.747,6900.0
1.063,10.834,10.834,394.163,394.163,6900.0
1.0631,11.665,11.665,393.597,393.597,6900.0
1.0632,13.093,13.093,393.039,393.039,6900.0
1.0633,14.815,14.815,392.509,392.509,6900.0
1.0634,16.544,16.544,392.021,392.021,6900.0
1.0635,17.902,17.902,391.589,391.589,6900.0
1.0636,18.711,18.711,391.191,391.191,6900.0
1.0637,19.899,19.899,390.805,390.805,6900.0
1.0638,21.253,21.253,390.449,390.449,6900.0
1.0639,22.848,22.848,390.14,390.14,6900.0
1.064,23.947,23.947,389.893,389.893,6900.0
1.0641,24.794,24.794,389.688,389.688,6900.0
1.0642,25.857,25.857,389.507,389.507,6900.0
1.0643,26.988,26.988,389.363,389.363,6900.0
1.0644,28.119,28.119,389.262,389.262,6900.0
1.0645,29.288,29.288,389.211,389.211,6900.0
1.0646,30.193,30.193,389.21,389.21,6900.0
1.0647,31.001,31.001,389.256,389.256,6900.0
1.0648,31.976,31.976,389.342,389.342,6900.0
1.0649,32.697,32.697,389.469,389.469,6900.0
1.065,33.672,33.672,389.628,389.628,6900.0
1.0651,34.535,34.535,389.831,389.831,6900.0
1.0652,35.413,35.413,390.087,390.087,6900.0
1.0653,36.36,36.36,390.386,390.386,6900.0
1.0654,37.031,37.031,390.723,390.723,6900.0
1.0655,37.841,37.841,391.081,391.081,6900.0
1.0656,38.457,38.457,391.481,391.481,6900.0
1.0657,39.215,39.215,391.926,391.926,6900.0
1.0658,39.734,39.734,392.42,392.42,6900.0
1.0659,40.073,40.073,392.934,392.934,6900.0
1.066,40.692,40.692,393.459,393.459,6900.0
1.0661,41.097,41.097,394.019,394.019,6900.0
1.0662,41.739,41.739,394.603,394.603,6900.0
1.0663,41.697,41.697,395.239,395.239,6900.0
1.0664,41.69,41.69,395.87,395.87,6900.0
1.0665,42.001,42.001,396.497,396.497,6900.0
1.0666,42.008,42.008,397.145,397.145,6900.0
1.0667,42.237,42.237,397.787,397.787,6900.0
1.0668,42.463,42.463,398.454,398.454,6900.0
1.0669,42.52,42.52,399.123,399.123,6900.0
1.067,42.721,42.721,399.795,399.795,6900.0
1.0671,42.507,42.507,400.477,400.477,6900.0
1.0672,42.33,42.33,401.14,401.14,6900.0
1.0673,42.203,42.203,401.807,401.807,6900.0
1.0674,41.895,41.895,402.463,402.463,6900.0
1.0675,41.833,41.833,403.112,403.112,6900.0
1.0676,41.425,41.425,403.76,403.76,6900.0
1.0677,41.058,41.058,404.372,404.372,6900.0
1.0678,40.851,40.851,404.966,404.966,6900.0
1.0679,40.341,40.341,405.541,405.541,6900.0
1.068,39.987,39.987,406.098,406.098,6900.0
1.0681,39.536,39.536,406.635,406.635,6900.0
1.0682,38.735,38.735,407.138,407.138,6900.0
1.0683,38.361,38.361,407.598,407.598,6900.0
1.0684,37.85,37.85,408.033,408.033,6900.0
1.0685,37.418,37.418,408.45,408.45,6900.0
1.0686,36.534,36.534,408.846,408.846,6900.0
1.0687,35.662,35.662,409.198,409.198,6900.0
1.0688,34.861,34.861,409.503,409.503,6900.0
1.0689,34.237,34.237,409.769,409.769,6900.0
1.069,33.386,33.386,410.007,410.007,6900.0
1.0691,32.691,32.691,410.206,410.206,6900.0
1.0692,31.815,31.815,410.371,410.371,6900.0
1.0693,30.874,30.874,410.495,410.495,6900.0
1.0694,29.925,29.925,410.574,410.574,6900.0
1.0695,28.995,28.995,410.604,410.604,6900.0
1.0696,28.21,28.21,410.592,410.592,6900.0
1.0697,27.319,27.319,410.551,410.551,6900.0
1.0698,26.343,26.343,410.483,410.483,6900.0
1.0699,24.924,24.924,410.375,410.375,6900.0
1.07,23.858,23.858,410.204,410.204,6900.0
1.0701,23.119,23.119,409.992,409.992,6900.0
1.0702,22.337,22.337,409.76,409.76,6900.0
1.0703,21.049,21.049,409.515,409.515,6900.0
1.0704,19.384,19.384,409.228,409.228,6900.0
1.0705,18.071,18.071,408.873,408.873,6900.0
1.0706,17.307,17.307,408.474,408.474,6900.0
1.0707,16.376,16.376,408.048,408.048,6900.0
1.0708,15.185,15.185,407.608,407.608,6900.0
1.0709,13.65,13.65,407.139,407.139,6900.0
1.071,12.265,12.265,406.632,406.632,6900.0
1.0711,11.272,11.272,406.099,406.099,6900.0
1.0712,10.103,10.103,405.546,405.546,6900.0
1.0713,8.993,8.993,404.979,404.979,6900.0
1.0714,7.377,7.377,404.395,404.395,6900.0
1.0715,5.799,5.799,403.787,403.787,6900.0
1.0716,4.372,4.372,403.161,403.161,6900.0
1.0717,3.005,3.005,402.52,402.52,6900.0
1.0718,1.607,1.607,401.869,401.869,6900.0
1.0719,0.47,0.47,401.211,401.211,6900.0
1.072,0.0,0.0,400.549,400.549,6900.0
1.0721,0.0,0.0,399.886,399.886,6900.0
1.0722,-2.151,-2.151,399.221,399.221,6900.0
1.0723,-2.049,-2.049,398.561,398.561,6900.0
1.0724,-3.017,-3.017,397.902,397.902,6900.0
1.0725,-4.108,-4.108,397.246,397.246,6900.0
1.0726,-5.448,-5.448,396.596,396.596,6900.0
1.0727,-6.894,-6.894,395.956,395.956,6900.0
1.0728,-8.243,-8.243,395.334,395.334,6900.0
1.0729,-9.413,-9.413,394.729,394.729,6900.0
1.073,-10.59,-10.59,394.135,394.135,6900.0
1.0731,-12.199,-12.199,393.559,393.559,6900.0
1.0732,-13.691,-13.691,393.014,393.014,6900.0
1.0733,-15.013,-15.013,392.512,392.512,6900.0
1.0734,-15.884,-15.884,392.049,392.049,6900.0
1.0735,-16.877,-16.877,391.598,391.598,6900.0
1.0736,-18.364,-18.364,391.165,391.165,6900.0
1.0737,-19.985,-19.985,390.771,390.771,6900.0
1.0738,-21.569,-21.569,390.433,390.433,6900.0
1.0739,-22.627,-22.627,390.149,390.149,6900.0
1.074,-23.527,-23.527,389.89,389.89,6900.0
1.0741,-24.653,-24.653,389.655,389.655,6900.0
1.0742,-25.85,-25.85,389.457,389.457,6900.0
1.0743,-27.245,-27.245,389.307,389.307,6900.0
1.0744,-28.436,-28.436,389.212,389.212,6900.0
1.0745,-29.4,-29.4,389.168,389.168,6900.0
1.0746,-30.485,-30.485,389.167,389.167,6900.0
1.0747,-31.367,-31.367,389.215,389.215,6900.0
1.0748,-32.415,-32.415,389.304,389.304,6900.0
1.0749,-33.339,-33.339,389.442,389.442,6900.0
1.075,-34.18,-34.18,389.627,389.627,6900.0
1.0751,-35.149,-35.149,389.858,389.858,6900.0
1.0752,-35.946,-35.946,390.131,390.131,6900.0
1.0753,-36.591,-36.591,390.43,390.43,6900.0
1.0754,-37.428,-37.428,390.76,390.76,6900.0
1.0755,-38.351,-38.351,391.128,391.128,6900.0
1.0756,-38.802,-38.802,391.556,391.556,6900.0
1.0757,-39.229,-39.229,392.012,392.012,6900.0
1.0758,-39.679,-39.679,392.482,392.482,6900.0
1.0759,-40.221,-40.221,392.983,392.983,6900.0
1.076,-40.869,-40.869,393.512,393.512,6900.0
1.0761,-41.506,-41.506,394.095,394.095,6900.0
1.0762,-41.716,-41.716,394.715,394.715,6900.0
1.0763,-41.95,-41.95,395.332,395.332,6900.0
1.0764,-42.259,-42.259,395.968,395.968,6900.0
1.0765,-42.36,-42.36,396.611,396.611,6900.0
1.0766,-42.523,-42.523,397.271,397.271,6900.0
1.0767,-42.323,-42.323,397.944,397.944,6900.0
1.0768,-42.473,-42.473,398.595,398.595,6900.0
1.0769,-42.637,-42.637,399.262,399.262,6900.0
1.077,-42.441,-42.441,399.932,399.932,6900.0
1.0771,-42.671,-42.671,400.594,400.594,6900.0
1.0772,-42.516,-42.516,401.275,401.275,6900.0
1.0773,-42.544,-42.544,401.941,401.941,6900.0
1.0774,-42.331,-42.331,402.624,402.624,6900.0
1.0775,-41.92,-41.92,403.29,403.29,6900.0
1.0776,-41.696,-41.696,403.925,403.925,6900.0
1.0777,-41.241,-41.241,404.554,404.554,6900.0
1.0778,-41.029,-41.029,405.151,405.151,6900.0
1.0779,-40.519,-40.519,405.744,405.744,6900.0
1.078,-39.991,-39.991,406.304,406.304,6900.0
1.0781,-39.437,-39.437,406.82,406.82,6900.0
1.0782,-38.981,-38.981,407.312,407.312,6900.0
1.0783,-38.504,-38.504,407.78,407.78,6900.0
1.0784,-37.896,-37.896,408.234,408.234,6900.0
1.0785,-37.026,-37.026,408.658,408.658,6900.0
1.0786,-36.584,-36.584,409.031,409.031,6900.0
1.0787,-35.875,-35.875,409.379,409.379,6900.0
1.0788,-35.289,-35.289,409.694,409.694,6900.0
1.0789,-34.419,-34.419,409.981,409.981,6900.0
1.079,-33.453,-33.453,410.23,410.23,6900.0
1.0791,-32.662,-32.662,410.432,410.432,6900.0
1.0792,-31.752,-31.752,410.593,410.593,6900.0
1.0793,-30.774,-30.774,410.71,410.71,6900.0
1.0794,-29.82,-29.82,410.783,410.783,6900.0
1.0795,-28.917,-28.917,410.817,410.817,6900.0
1.0796,-27.962,-27.962,410.819,410.819,6900.0
1.0797,-26.882,-26.882,410.782,410.782,6900.0
1.0798,-25.738,-25.738,410.696,410.696,6900.0
1.0799,-24.835,-24.835,410.556,410.556,6900.0
1.08,-23.957,-23.957,410.385,410.385,6900.0
1.0801,-23.111,-23.111,410.192,410.192,6900.0
1.0802,-21.71,-21.71,409.977,409.977,6900.0
1.0803,-20.205,-20.205,409.703,409.703,6900.0
1.0804,-19.213,-19.213,409.37,409.37,6900.0
1.0805,-18.355,-18.355,409.005,409.005,6900.0
1.0806,-17.674,-17.674,408.623,408.623,6900.0
1.0807,-16.36,-16.36,408.228,408.228,6900.0
1.0808,-14.759,-14.759,407.793,407.793,6900.0
1.0809,-13.726,-13.726,407.316,407.316,6900.0
1.081,-12.411,-12.411,406.814,406.814,6900.0
1.0811,-11.303,-11.303,406.288,406.288,6900.0
1.0812,-9.796,-9.796,405.744,405.744,6900.0
1.0813,-8.353,-8.353,405.172,405.172,6900.0
1.0814,-7.324,-7.324,404.575,404.575,6900.0
1.0815,-5.833,-5.833,403.963,403.963,6900.0
1.0816,-4.939,-4.939,403.334,403.334,6900.0
1.0817,-3.562,-3.562,402.695,402.695,6900.0
1.0818,-2.168,-2.168,402.046,402.046,6900.0
1.0819,-1.025,-1.025,401.389,401.389,6900.0
1.082,-0.669,-0.669,400.728,400.728,6900.0
1.0821,-0.0,-0.0,400.065,400.065,6900.0
1.0822,1.813,1.813,399.401,399.401,6900.0
1.0823,1.566,1.566,398.739,398.739,6900.0
1.0824,2.827,2.827,398.076,398.076,6900.0
1.0825,3.765,3.765,397.42,397.42,6900.0
1.0826,5.377,5.377,396.77,396.77,6900.0
1.0827,6.614,6.614,396.135,396.135,6900.0
1.0828,7.643,7.643,395.513,395.513,6900.0
1.0829,8.983,8.983,394.9,394.9,6900.0
1.083,10.508,10.508,394.307,394.307,6900.0
1.0831,12.116,12.116,393.739,393.739,6900.0
1.0832,13.46,13.46,393.208,393.208,6900.0
1.0833,14.363,14.363,392.699,392.699,6900.0
1.0834,15.805,15.805,392.201,392.201,6900.0
1.0835,17.441,17.441,391.732,391.732,6900.0
1.0836,18.917,18.917,391.313,391.313,6900.0
1.0837,20.142,20.142,390.951,390.951,6900.0
1.0838,21.065,21.065,390.626,390.626,6900.0
1.0839,22.121,22.121,390.318,390.318,6900.0
1.084,23.486,23.486,390.039,390.039,6900.0
1.0841,24.604,24.604,389.808,389.808,6900.0
1.0842,25.606,25.606,389.626,389.626,6900.0
1.0843,26.733,26.733,389.483,389.483,6900.0
1.0844,27.925,27.925,389.375,389.375,6900.0
1.0845,29.064,29.064,389.31,389.31,6900.0
1.0846,29.999,29.999,389.293,389.293,6900.0
1.0847,30.96,30.96,389.322,389.322,6900.0
1.0848,31.753,31.753,389.402,389.402,6900.0
1.0849,32.606,32.606,389.529,389.529,6900.0
1.085,33.354,33.354,389.702,389.702,6900.0
1.0851,34.308,34.308,389.907,389.907,6900.0
1.0852,35.264,35.264,390.144,390.144,6900.0
1.0853,36.127,36.127,390.425,390.425,6900.0
1.0854,36.969,36.969,390.754,390.754,6900.0
1.0855,37.546,37.546,391.128,391.128,6900.0
1.0856,38.196,38.196,391.522,391.522,6900.0
1.0857,39.052,39.052,391.936,391.936,6900.0
1.0858,39.522,39.522,392.398,392.398,6900.0
1.0859,40.258,40.258,392.894,392.894,6900.0
1.086,40.569,40.569,393.448,393.448,6900.0
1.0861,40.766,40.766,394.018,394.018,6900.0
1.0862,41.325,41.325,394.595,394.595,6900.0
1.0863,41.567,41.567,395.205,395.205,6900.0
1.0864,41.889,41.889,395.828,395.828,6900.0
1.0865,41.935,41.935,396.483,396.483,6900.0
1.0866,41.917,41.917,397.131,397.131,6900.0
1.0867,42.308,42.308,397.771,397.771,6900.0
1.0868,42.195,42.195,398.429,398.429,6900.0
1.0869,42.376,42.376,399.071,399.071,6900.0
1.087,42.471,42.471,399.735,399.735,6900.0
1.0871,42.164,42.164,400.4,400.4,6900.0
1.0872,42.227,42.227,401.06,401.06,6900.0
1.0873,41.918,41.918,401.728,401.728,6900.0
1.0874,41.828,41.828,402.371,402.371,6900.0
1.0875,41.789,41.789,403.019,403.019,6900.0
1.0876,41.309,41.309,403.659,403.659,6900.0
1.0877,41.113,41.113,404.282,404.282,6900.0
1.0878,40.546,40.546,404.894,404.894,6900.0
1.0879,39.942,39.942,405.463,405.463,6900.0
1.088,39.658,39.658,405.997,405.997,6900.0
1.0881,39.13,39.13,406.509,406.509,6900.0
1.0882,38.879,38.879,406.999,406.999,6900.0
1.0883,38.319,38.319,407.474,407.474,6900.0
1.0884,37.534,37.534,407.913,407.913,6900.0
1.0885,37.235,37.235,408.308,408.308,6900.0
1.0886,36.44,36.44,408.686,408.686,6900.0
1.0887,35.841,35.841,409.035,409.035,6900.0
1.0888,34.975,34.975,409.357,409.357,6900.0
1.0889,34.008,34.008,409.639,409.639,6900.0
1.089,33.28,33.28,409.873,409.873,6900.0
1.0891,32.543,32.543,410.07,410.07,6900.0
1.0892,31.588,31.588,410.229,410.229,6900.0
1.0893,30.778,30.778,410.347,410.347,6900.0
1.0894,29.979,29.979,410.428,410.428,6900.0
1.0895,28.848,28.848,410.476,410.476,6900.0
1.0896,27.793,27.793,410.472,410.472,6900.0
1.0897,26.786,26.786,410.415,410.415,6900.0
1.0898,25.815,25.815,410.318,410.318,6900.0
1.0899,24.905,24.905,410.189,410.189,6900.0
1.09,23.81,23.81,410.04,410.04,6900.0
1.0901,22.516,22.516,409.848,409.848,6900.0
1.0902,21.327,21.327,409.596,409.596,6900.0
1.0903,20.589,20.589,409.302,409.302,6900.0
1.0904,19.871,19.871,408.989,408.989,6900.0
1.0905,18.82,18.82,408.668,408.668,6900.0
1.0906,17.299,17.299,408.314,408.314,6900.0
1.0907,15.875,15.875,407.904,407.904,6900.0
1.0908,14.734,14.734,407.456,407.456,6900.0
1.0909,13.573,13.573,406.974,406.974,6900.0
1.091,12.587,12.587,406.472,406.472,6900.0
1.0911,11.225,11.225,405.946,405.946,6900.0
1.0912,9.802,9.802,405.389,405.389,6900.0
1.0913,8.708,8.708,404.809,404.809,6900.0
1.0914,7.53,7.53,404.211,404.211,6900.0
1.0915,6.293,6.293,403.601,403.601,6900.0
1.0916,4.703,4.703,402.977,402.977,6900.0
1.0917,3.09,3.09,402.339,402.339,6900.0
1.0918,1.751,1.751,401.689,401.689,6900.0
1.0919,0.72,0.72,401.031,401.031,6900.0
1.092,0.823,0.823,400.369,400.369,6900.0
1.0921,-0.074,-0.074,399.705,399.705,6900.0
1.0922,-1.462,-1.462,399.041,399.041,6900.0
1.0923,-2.788,-2.788,398.379,398.379,6900.0
1.0924,-3.307,-3.307,397.72,397.72,6900.0
1.0925,-4.542,-4.542,397.068,397.068,6900.0
1.0926,-5.375,-5.375,396.425,396.425,6900.0
1.0927,-6.465,-6.465,395.789,395.789,6900.0
1.0928,-7.9,-7.9,395.163,395.163,6900.0
1.0929,-9.158,-9.158,394.552,394.552,6900.0
1.093,-10.666,-10.666,393.964,393.964,6900.0
1.0931,-11.691,-11.691,393.399,393.399,6900.0
1.0932,-12.792,-12.792,392.844,392.844,6900.0
1.0933,-14.597,-14.597,392.306,392.306,6900.0
1.0934,-16.089,-16.089,391.807,391.807,6900.0
1.0935,-17.692,-17.692,391.358,391.358,6900.0
1.0936,-18.452,-18.452,390.96,390.96,6900.0
1.0937,-19.352,-19.352,390.578,390.578,6900.0
1.0938,-20.743,-20.743,390.214,390.214,6900.0
1.0939,-22.287,-22.287,389.893,389.893,6900.0
1.094,-23.798,-23.798,389.626,389.626,6900.0
1.0941,-24.975,-24.975,389.414,389.414,6900.0
1.0942,-25.863,-25.863,389.239,389.239,6900.0
1.0943,-26.917,-26.917,389.094,389.094,6900.0
1.0944,-28.115,-28.115,388.988,388.988,6900.0
1.0945,-29.12,-29.12,388.93,388.93,6900.0
1.0946,-30.235,-30.235,388.919,388.919,6900.0
1.0947,-31.43,-31.43,388.957,388.957,6900.0
1.0948,-32.248,-32.248,389.051,389.051,6900.0
1.0949,-33.162,-33.162,389.185,389.185,6900.0
1.095,-33.982,-33.982,389.356,389.356,6900.0
1.0951,-35.148,-35.148,389.567,389.567,6900.0
1.0952,-36.227,-36.227,389.828,389.828,6900.0
1.0953,-36.816,-36.816,390.152,390.152,6900.0
1.0954,-37.227,-37.227,390.506,390.506,6900.0
1.0955,-37.795,-37.795,390.875,390.875,6900.0
1.0956,-38.711,-38.711,391.274,391.274,6900.0
1.0957,-39.521,-39.521,391.714,391.714,6900.0
1.0958,-40.023,-40.023,392.213,392.213,6900.0
1.0959,-40.315,-40.315,392.742,392.742,6900.0
1.096,-40.642,-40.642,393.276,393.276,6900.0
1.0961,-41.105,-41.105,393.836,393.836,6900.0
1.0962,-41.474,-41.474,394.416,394.416,6900.0
1.0963,-41.896,-41.896,395.034,395.034,6900.0
1.0964,-42.028,-42.028,395.678,395.678,6900.0
1.0965,-42.267,-42.267,396.315,396.315,6900.0
1.0966,-42.531,-42.531,396.97,396.97,6900.0
1.0967,-42.525,-42.525,397.629,397.629,6900.0
1.0968,-42.695,-42.695,398.297,398.297,6900.0
1.0969,-42.573,-42.573,398.979,398.979,6900.0
1.097,-42.674,-42.674,399.644,399.644,6900.0
1.0971,-42.523,-42.523,400.327,400.327,6900.0
1.0972,-42.285,-42.285,400.998,400.998,6900.0
1.0973,-42.244,-42.244,401.655,401.655,6900.0
1.0974,-41.995,-41.995,402.318,402.318,6900.0
1.0975,-41.849,-41.849,402.964,402.964,6900.0
1.0976,-41.604,-41.604,403.615,403.615,6900.0
1.0977,-41.198,-41.198,404.245,404.245,6900.0
1.0978,-41.038,-41.038,404.836,404.836,6900.0
1.0979,-40.683,-40.683,405.419,405.419,6900.0
1.098,-40.337,-40.337,405.975,405.975,6900.0
1.0981,-39.478,-39.478,406.523,406.523,6900.0
1.0982,-38.788,-38.788,407.029,407.029,6900.0
1.0983,-38.289,-38.289,407.486,407.486,6900.0
1.0984,-37.689,-37.689,407.923,407.923,6900.0
1.0985,-37.248,-37.248,408.329,408.329,6900.0
1.0986,-36.713,-36.713,408.721,408.721,6900.0
1.0987,-36.042,-36.042,409.082,409.082,6900.0
1.0988,-35.152,-35.152,409.404,409.404,6900.0
1.0989,-34.336,-34.336,409.682,409.682,6900.0
1.099,-33.426,-33.426,409.922,409.922,6900.0
1.0991,-32.719,-32.719,410.123,410.123,6900.0
1.0992,-32.032,-32.032,410.288,410.288,6900.0
1.0993,-30.976,-30.976,410.419,410.419,6900.0
1.0994,-29.994,-29.994,410.501,410.501,6900.0
1.0995,-28.938,-28.938,410.537,410.537,6900.0
1.0996,-28.003,-28.003,410.526,410.526,6900.0
1.0997,-27.01,-27.01,410.479,410.479,6900.0
1.0998,-26.183,-26.183,410.402,410.402,6900.0
1.0999,-25.095,-25.095,410.295,410.295,6900.0
1.1,-23.915,-23.915,410.138,410.138,6900.0
1.1001,-22.918,-22.918,409.929,409.929,6900.0
1.1002,-21.927,-21.927,409.688,409.688,6900.0
1.1003,-21.124,-21.124,409.427,409.427,6900.0
1.1004,-19.706,-19.706,409.148,409.148,6900.0
1.1005,-18.216,-18.216,408.811,408.811,6900.0
1.1006,-17.12,-17.12,408.418,408.418,6900.0
1.1007,-16.053,-16.053,407.991,407.991,6900.0
1.1008,-15.25,-15.25,407.54,407.54,6900.0
1.1009,-13.752,-13.752,407.074,407.074,6900.0
1.101,-12.273,-12.273,406.572,406.572,6900.0
1.1011,-11.327,-11.327,406.038,406.038,6900.0
1.1012,-10.031,-10.031,405.486,405.486,6900.0
1.1013,-9.107,-9.107,404.916,404.916,6900.0
1.1014,-7.758,-7.758,404.332,404.332,6900.0
1.1015,-6.126,-6.126,403.73,403.73,6900.0
1.1016,-4.885,-4.885,403.106,403.106,6900.0
1.1017,-3.577,-3.577,402.469,402.469,6900.0
1.1018,-2.197,-2.197,401.82,401.82,6900.0
1.1019,-0.929,-0.929,401.163,401.163,6900.0
1.102,-0.005,-0.005,400.501,400.501,6900.0
1.1021,-0.0,-0.0,399.838,399.838,6900.0
1.1022,1.368,1.368,399.174,399.174,6900.0
1.1023,3.049,3.049,398.51,398.51,6900.0
1.1024,2.835,2.835,397.854,397.854,6900.0
1.1025,3.783,3.783,397.198,397.198,6900.0
1.1026,5.093,5.093,396.546,396.546,6900.0
1.1027,6.352,6.352,395.904,395.904,6900.0
1.1028,7.839,7.839,395.274,395.274,6900.0
1.1029,9.105,9.105,394.665,394.665,6900.0
1.103,10.378,10.378,394.073,394.073,6900.0
1.1031,11.771,11.771,393.493,393.493,6900.0
1.1032,13.334,13.334,392.941,392.941,6900.0
1.1033,14.792,14.792,392.425,392.425,6900.0
1.1034,15.949,15.949,391.956,391.956,6900.0
1.1035,16.761,16.761,391.513,391.513,6900.0
1.1036,18.064,18.064,391.081,391.081,6900.0
1.1037,19.6,19.6,390.678,390.678,6900.0
1.1038,21.541,21.182,390.323,390.323,6900.0
1.1039,22.451,22.451,390.029,390.029,6900.0
1.104,23.313,23.313,389.775,389.775,6900.0
1.1041,24.511,24.511,389.538,389.538,6900.0
1.1042,25.834,25.834,389.335,389.335,6900.0
1.1043,26.919,26.919,389.182,389.182,6900.0
1.1044,28.103,28.103,389.078,389.078,6900.0
1.1045,29.094,29.094,389.025,389.025,6900.0
1.1046,29.996,29.996,389.017,389.017,6900.0
1.1047,31.026,31.026,389.051,389.051,6900.0
1.1048,31.942,31.942,389.131,389.131,6900.0
1.1049,32.886,32.886,389.254,389.254,6900.0
1.105,33.832,33.832,389.423,389.423,6900.0
1.1051,34.607,34.607,389.645,389.645,6900.0
1.1052,35.377,35.377,389.906,389.906,6900.0
1.1053,36.007,36.007,390.196,390.196,6900.0
1.1054,36.932,36.932,390.506,390.506,6900.0
1.1055,37.698,37.698,390.859,390.859,6900.0
1.1056,38.631,38.631,391.258,391.258,6900.0
1.1057,39.086,39.086,391.712,391.712,6900.0
1.1058,39.5,39.5,392.185,392.185,6900.0
1.1059,40.316,40.316,392.671,392.671,6900.0
1.106,40.793,40.793,393.204,393.204,6900.0
1.1061,41.307,41.307,393.772,393.772,6900.0
1.1062,41.685,41.685,394.386,394.386,6900.0
1.1063,41.694,41.694,395.015,395.015,6900.0
1.1064,42.01,42.01,395.643,395.643,6900.0
1.1065,42.027,42.027,396.29,396.29,6900.0
1.1066,42.28,42.28,396.931,396.931,6900.0
1.1067,42.391,42.391,397.596,397.596,6900.0
1.1068,42.417,42.417,398.256,398.256,6900.0
1.1069,42.776,42.776,398.913,398.913,6900.0
1.107,42.723,42.723,399.588,399.588,6900.0
1.1071,42.695,42.695,400.249,400.249,6900.0
1.1072,42.608,42.608,400.926,400.926,6900.0
1.1073,42.305,42.305,401.599,401.599,6900.0
1.1074,42.276,42.276,402.266,402.266,6900.0
1.1075,41.948,41.948,402.938,402.938,6900.0
1.1076,41.317,41.317,403.584,403.584,6900.0
1.1077,40.986,40.986,404.207,404.207,6900.0
1.1078,40.848,40.699,404.802,404.802,6900.0
1.1079,40.605,40.605,405.383,405.383,6900.0
1.108,40.112,40.112,405.952,405.952,6900.0
1.1081,39.474,39.474,406.48,406.48,6900.0
1.1082,39.201,39.201,406.969,406.969,6900.0
1.1083,38.543,38.543,407.437,407.437,6900.0
1.1084,38.075,38.075,407.884,407.884,6900.0
1.1085,37.201,37.201,408.312,408.312,6900.0
1.1086,36.644,36.644,408.695,408.695,6900.0
1.1087,36.041,36.041,409.044,409.044,6900.0
1.1088,35.253,35.253,409.367,409.367,6900.0
1.1089,34.429,34.429,409.658,409.658,6900.0
1.109,33.5,33.5,409.914,409.914,6900.0
1.1091,32.677,32.677,410.125,410.125,6900.0
1.1092,31.796,31.796,410.293,410.293,6900.0
1.1093,30.927,30.927,410.413,410.413,6900.0
1.1094,30.119,30.119,410.488,410.488,6900.0
1.1095,29.067,29.067,410.524,410.524,6900.0
1.1096,28.146,28.146,410.52,410.52,6900.0
1.1097,26.998,26.998,410.487,410.487,6900.0
1.1098,25.865,25.865,410.409,410.409,6900.0
1.1099,24.804,24.804,410.276,410.276,6900.0
1.11,23.874,23.874,410.104,410.104,6900.0
1.1101,23.289,23.289,409.905,409.905,6900.0
1.1102,22.202,22.202,409.695,409.695,6900.0
1.1103,20.721,20.721,409.444,409.444,6900.0
1.1104,19.355,19.355,409.129,409.129,6900.0
1.1105,18.495,18.495,408.766,408.766,6900.0
1.1106,17.712,17.712,408.377,408.377,6900.0
1.1107,16.638,16.638,407.977,407.977,6900.0
1.1108,15.056,15.056,407.549,407.549,6900.0
1.1109,13.583,13.583,407.076,407.076,6900.0
1.111,12.458,12.458,406.573,406.573,6900.0
1.1111,11.378,11.378,406.044,406.044,6900.0
1.1112,10.272,10.272,405.501,405.501,6900.0
1.1113,8.702,8.702,404.937,404.937,6900.0
1.1114,7.254,7.254,404.346,404.346,6900.0
1.1115,5.945,5.945,403.735,403.735,6900.0
1.1116,4.619,4.619,403.107,403.107,6900.0
1.1117,3.239,3.239,402.467,402.467,6900.0
1.1118,2.172,2.172,401.816,401.816,6900.0
1.1119,0.911,0.911,401.159,401.159,6900.0
1.112,0.0,0.0,400.498,400.498,6900.0
1.1121,0.0,0.0,399.835,399.835,6900.0
1.1122,-1.211,-1.211,399.17,399.17,6900.0
1.1123,-2.653,-2.653,398.506,398.506,6900.0
1.1124,-2.905,-2.905,397.846,397.846,6900.0
1.1125,-4.241,-4.241,397.188,397.188,6900.0
1.1126,-5.567,-5.567,396.539,396.539,6900.0
1.1127,-7.028,-7.028,395.903,395.903,6900.0
1.1128,-8.011,-8.011,395.283,395.283,6900.0
1.1129,-9.133,-9.133,394.672,394.672,6900.0
1.113,-10.731,-10.731,394.077,394.077,6900.0
1.1131,-12.049,-12.049,393.508,393.508,6900.0
1.1132,-13.565,-13.565,392.972,392.972,6900.0
1.1133,-14.478,-14.478,392.472,392.472,6900.0
1.1134,-15.567,-15.567,391.983,391.983,6900.0
1.1135,-16.912,-16.912,391.512,391.512,6900.0
1.1136,-18.609,-18.609,391.077,391.077,6900.0
1.1137,-20.109,-20.109,390.7,390.7,6900.0
1.1138,-21.218,-21.218,390.375,390.375,6900.0
1.1139,-22.493,-22.142,390.075,390.075,6900.0
1.114,-23.232,-23.232,389.796,389.796,6900.0
1.1141,-24.779,-24.779,389.551,389.551,6900.0
1.1142,-25.967,-25.967,389.363,389.363,6900.0
1.1143,-27.075,-27.075,389.223,389.223,6900.0
1.1144,-28.002,-28.002,389.124,389.124,6900.0
1.1145,-29.186,-29.186,389.062,389.062,6900.0
1.1146,-30.27,-30.27,389.047,389.047,6900.0
1.1147,-31.382,-31.382,389.08,389.08,6900.0
1.1148,-32.394,-32.394,389.166,389.166,6900.0
1.1149,-33.379,-33.379,389.303,389.303,6900.0
1.115,-34.255,-34.255,389.493,389.493,6900.0
1.1151,-35.045,-35.045,389.725,389.725,6900.0
1.1152,-35.89,-35.89,389.985,389.985,6900.0
1.1153,-36.772,-36.772,390.282,390.282,6900.0
1.1154,-37.732,-37.732,390.617,390.617,6900.0
1.1155,-38.405,-38.405,391.01,391.01,6900.0
1.1156,-38.633,-38.633,391.437,391.437,6900.0
1.1157,-39.073,-39.073,391.87,391.87,6900.0
1.1158,-39.774,-39.774,392.332,392.332,6900.0
1.1159,-40.328,-40.328,392.83,392.83,6900.0
1.116,-41.01,-41.01,393.38,393.38,6900.0
1.1161,-41.395,-41.395,393.97,393.97,6900.0
1.1162,-41.6,-41.6,394.568,394.568,6900.0
1.1163,-41.904,-41.904,395.189,395.189,6900.0
1.1164,-42.019,-42.019,395.819,395.819,6900.0
1.1165,-42.344,-42.344,396.471,396.471,6900.0
1.1166,-42.279,-42.279,397.139,397.139,6900.0
1.1167,-42.466,-42.466,397.788,397.788,6900.0
1.1168,-42.505,-42.505,398.452,398.452,6900.0
1.1169,-42.451,-42.451,399.111,399.111,6900.0
1.117,-42.739,-42.739,399.768,399.768,6900.0
1.1171,-42.65,-42.65,400.448,400.448,6900.0
1.1172,-42.554,-42.554,401.114,401.114,6900.0
1.1173,-42.463,-42.463,401.792,401.792,6900.0
1.1174,-42.103,-42.103,402.462,402.462,6900.0
1.1175,-41.864,-41.864,403.109,403.109,6900.0
1.1176,-41.635,-41.635,403.753,403.753,6900.0
1.1177,-41.436,-41.436,404.376,404.376,6900.0
1.1178,-40.899,-40.899,405.002,405.002,6900.0
1.1179,-40.545,-40.389,405.591,405.591,6900.0
1.118,-40.032,-40.032,406.135,406.135,6900.0
1.1181,-39.54,-39.54,406.663,406.663,6900.0
1.1182,-39.193,-39.193,407.158,407.158,6900.0
1.1183,-38.503,-38.503,407.645,407.645,6900.0
1.1184,-37.81,-37.81,408.095,408.095,6900.0
1.1185,-37.15,-37.15,408.5,408.5,6900.0
1.1186,-36.569,-36.569,408.876,408.876,6900.0
1.1187,-35.944,-35.944,409.223,409.223,6900.0
1.1188,-35.385,-35.385,409.545,409.545,6900.0
1.1189,-34.695,-34.695,409.837,409.837,6900.0
1.119,-33.837,-33.837,410.09,410.09,6900.0
1.1191,-32.959,-32.959,410.302,410.302,6900.0
1.1192,-31.959,-31.959,410.472,410.472,6900.0
1.1193,-31.1,-31.1,410.598,410.598,6900.0
1.1194,-30.205,-30.205,410.686,410.686,6900.0
1.1195,-29.453,-29.453,410.736,410.736,6900.0
1.1196,-28.275,-28.275,410.751,410.751,6900.0
1.1197,-27.152,-27.152,410.712,410.712,6900.0
1.1198,-26.032,-26.032,410.623,410.623,6900.0
1.1199,-25.178,-25.178,410.496,410.496,6900.0
1.12,-24.449,-24.449,410.345,410.345,6900.0
1.1201,-23.267,-23.267,410.172,410.172,6900.0
1.1202,-21.902,-21.902,409.944,409.944,6900.0
1.1203,-20.889,-20.889,409.659,409.659,6900.0
1.1204,-19.9,-19.9,409.342,409.342,6900.0
1.1205,-19.051,-19.051,409.009,409.009,6900.0
1.1206,-17.673,-17.673,408.66,408.66,6900.0
1.1207,-15.979,-15.979,408.266,408.266,6900.0
1.1208,-14.906,-14.906,407.821,407.821,6900.0
1.1209,-13.729,-13.729,407.346,407.346,6900.0
1.121,-12.876,-12.876,406.844,406.844,6900.0
1.1211,-11.414,-11.414,406.325,406.325,6900.0
1.1212,-9.727,-9.727,405.775,405.775,6900.0
1.1213,-8.678,-8.678,405.195,405.195,6900.0
1.1214,-7.435,-7.435,404.598,404.598,6900.0
1.1215,-6.365,-6.365,403.985,403.985,6900.0
1.1216,-4.956,-4.956,403.362,403.362,6900.0
1.1217,-3.541,-3.541,402.725,402.725,6900.0
1.1218,-2.259,-2.259,402.077,402.077,6900.0
1.1219,-1.27,-1.116,401.421,401.421,6900.0
1.122,-1.096,-1.096,400.76,400.76,6900.0
1.1221,0.05,0.05,400.098,400.098,6900.0
1.1222,0.838,0.838,399.434,399.434,6900.0
1.1223,2.153,2.153,398.771,398.771,6900.0
1.1224,2.675,2.675,398.11,398.11,6900.0
1.1225,3.846,3.846,397.455,397.455,6900.0
1.1226,5.286,5.286,396.809,396.809,6900.0
1.1227,6.481,6.481,396.174,396.174,6900.0
1.1228,7.603,7.603,395.548,395.548,6900.0
1.1229,8.788,8.788,394.937,394.937,6900.0
1.123,10.385,10.385,394.343,394.343,6900.0
1.1231,11.606,11.606,393.778,393.778,6900.0
1.1232,12.844,12.844,393.231,393.231,6900.0
1.1233,14.272,14.272,392.697,392.697,6900.0
1.1234,15.976,15.976,392.192,392.192,6900.0
1.1235,17.628,17.628,391.731,391.731,6900.0
1.1236,18.944,18.944,391.329,391.329,6900.0
1.1237,19.74,19.74,390.962,390.962,6900.0
1.1238,20.965,20.965,390.608,390.608,6900.0
1.1239,22.228,22.228,390.288,390.288,6900.0
1.124,23.58,23.58,390.013,390.013,6900.0
1.1241,24.717,24.717,389.796,389.796,6900.0
1.1242,25.749,25.749,389.622,389.622,6900.0
1.1243,26.891,26.891,389.479,389.479,6900.0
1.1244,27.932,27.932,389.376,389.376,6900.0
1.1245,28.929,28.929,389.316,389.316,6900.0
1.1246,29.816,29.816,389.303,389.303,6900.0
1.1247,30.892,30.892,389.332,389.332,6900.0
1.1248,31.81,31.81,389.409,389.409,6900.0
1.1249,32.65,32.65,389.532,389.532,6900.0
1.125,33.488,33.488,389.691,389.691,6900.0
1.1251,34.704,34.704,389.882,389.882,6900.0
1.1252,35.587,35.587,390.128,390.128,6900.0
1.1253,36.371,36.371,390.427,390.427,6900.0
1.1254,37.053,37.053,390.77,390.77,6900.0
1.1255,37.594,37.594,391.142,391.142,6900.0
1.1256,38.262,38.262,391.534,391.534,6900.0
1.1257,38.859,38.859,391.963,391.963,6900.0
1.1258,39.691,39.691,392.432,392.432,6900.0
1.1259,40.002,40.002,392.956,392.956,6900.0
1.126,40.264,40.264,393.494,393.494,6900.0
1.1261,40.92,40.92,394.036,394.036,6900.0
1.1262,41.275,41.275,394.616,394.616,6900.0
1.1263,41.851,41.851,395.214,395.214,6900.0
1.1264,41.977,41.977,395.855,395.855,6900.0
1.1265,42.052,42.052,396.498,396.498,6900.0
1.1266,42.416,42.416,397.139,397.139,6900.0
1.1267,42.408,42.408,397.801,397.801,6900.0
1.1268,42.538,42.538,398.455,398.455,6900.0
1.1269,42.617,42.617,399.13,399.13,6900.0
1.127,42.413,42.413,399.805,399.805,6900.0
1.1271,42.445,42.445,400.474,400.474,6900.0
1.1272,42.246,42.246,401.15,401.15,6900.0
1.1273,42.242,42.242,401.802,401.802,6900.0
1.1274,42.142,42.142,402.466,402.466,6900.0
1.1275,41.752,41.752,403.118,403.118,6900.0
1.1276,41.372,41.372,403.759,403.759,6900.0
1.1277,40.938,40.938,404.386,404.386,6900.0
1.1278,40.443,40.443,404.976,404.976,6900.0
1.1279,40.211,40.211,405.54,405.54,6900.0
1.128,39.977,39.814,406.084,406.084,6900.0
1.1281,39.525,39.525,406.612,406.612,6900.0
1.1282,38.943,38.943,407.122,407.122,6900.0
1.1283,38.205,38.205,407.594,407.594,6900.0
1.1284,37.667,37.667,408.026,408.026,6900.0
1.1285,37.013,37.013,408.431,408.431,6900.0
1.1286,36.633,36.633,408.812,408.812,6900.0
1.1287,35.791,35.791,409.174,409.174,6900.0
1.1288,35.135,35.135,409.491,409.491,6900.0
1.1289,34.324,34.324,409.768,409.768,6900.0
1.129,33.39,33.39,410.009,410.009,6900.0
1.1291,32.591,32.591,410.208,410.208,6900.0
1.1292,31.881,31.881,410.369,410.369,6900.0
1.1293,30.811,30.811,410.498,410.498,6900.0
1.1294,29.727,29.727,410.582,410.582,6900.0
1.1295,28.796,28.796,410.617,410.617,6900.0
1.1296,27.949,27.949,410.604,410.604,6900.0
1.1297,27.073,27.073,410.553,410.553,6900.0
1.1298,26.187,26.187,410.472,410.472,6900.0
1.1299,24.946,24.946,410.369,410.369,6900.0
1.13,23.568,23.568,410.218,410.218,6900.0
1.1301,22.684,22.684,410.005,410.005,6900.0
1.1302,21.988,21.988,409.754,409.754,6900.0
1.1303,21.051,21.051,409.484,409.484,6900.0
1.1304,20.012,20.012,409.199,409.199,6900.0
1.1305,18.319,18.319,408.879,408.879,6900.0
1.1306,17.052,17.052,408.496,408.496,6900.0
1.1307,15.901,15.901,408.073,408.073,6900.0
1.1308,14.983,14.983,407.617,407.617,6900.0
1.1309,14.011,14.011,407.145,407.145,6900.0
1.131,12.59,12.59,406.649,406.649,6900.0
1.1311,11.222,11.222,406.118,406.118,6900.0
1.1312,10.19,10.19,405.564,405.564,6900.0
1.1313,8.889,8.889,404.991,404.991,6900.0
1.1314,7.722,7.722,404.404,404.404,6900.0
1.1315,6.084,6.084,403.8,403.8,6900.0
1.1316,4.426,4.426,403.177,403.177,6900.0
1.1317,2.992,2.992,402.538,402.538,6900.0
1.1318,1.746,1.746,401.888,401.888,6900.0
1.1319,0.575,0.575,401.23,401.23,6900.0
1.132,0.064,0.0,400.569,400.569,6900.0
1.1321,0.0,0.0,399.905,399.905,6900.0
1.1322,-1.375,-1.375,399.241,399.241,6900.0
1.1323,-2.068,-2.068,398.578,398.578,6900.0
1.1324,-3.14,-3.14,397.919,397.919,6900.0
1.1325,-4.034,-4.034,397.266,397.266,6900.0
1.1326,-5.1,-5.1,396.617,396.617,6900.0
1.1327,-6.655,-6.655,395.975,395.975,6900.0
1.1328,-7.949,-7.949,395.347,395.347,6900.0
1.1329,-9.401,-9.401,394.737,394.737,6900.0
1.133,-10.537,-10.537,394.148,394.148,6900.0
1.1331,-11.593,-11.593,393.572,393.572,6900.0
1.1332,-13.21,-13.21,393.014,393.014,6900.0
1.1333,-14.679,-14.679,392.491,392.491,6900.0
1.1334,-16.118,-16.118,392.013,392.013,6900.0
1.1335,-17.09,-17.09,391.58,391.58,6900.0
1.1336,-18.161,-18.161,391.16,391.16,6900.0
1.1337,-19.559,-19.559,390.761,390.761,6900.0
1.1338,-21.065,-21.065,390.399,390.399,6900.0
1.1339,-22.493,-22.493,390.093,390.093,6900.0
1.134,-23.538,-23.538,389.838,389.838,6900.0
1.1341,-24.443,-24.443,389.613,389.613,6900.0
1.1342,-25.758,-25.758,389.413,389.413,6900.0
1.1343,-27.014,-27.014,389.256,389.256,6900.0
1.1344,-28.085,-28.085,389.153,389.153,6900.0
1.1345,-29.131,-29.131,389.1,389.1,6900.0
1.1346,-30.335,-30.335,389.095,389.095,6900.0
1.1347,-31.374,-31.374,389.141,389.141,6900.0
1.1348,-32.272,-32.272,389.234,389.234,6900.0
1.1349,-33.054,-33.054,389.367,389.367,6900.0
1.135,-33.867,-33.867,389.539,389.539,6900.0
1.1351,-35.095,-35.095,389.75,389.75,6900.0
1.1352,-35.901,-35.901,390.022,390.022,6900.0
1.1353,-36.524,-36.524,390.331,390.331,6900.0
1.1354,-37.325,-37.325,390.658,390.658,6900.0
1.1355,-38.279,-38.279,391.021,391.021,6900.0
1.1356,-38.878,-38.878,391.43,391.43,6900.0
1.1357,-39.365,-39.365,391.89,391.89,6900.0
1.1358,-39.69,-39.69,392.382,392.382,6900.0
1.1359,-40.03,-40.03,392.883,392.883,6900.0
1.136,-40.672,-40.672,393.412,393.412,6900.0
1.1361,-41.242,-41.242,393.971,393.971,6900.0
1.1362,-41.73,-41.73,394.578,394.578,6900.0
1.1363,-41.823,-41.823,395.215,395.215,6900.0
1.1364,-41.97,-41.97,395.843,395.843,6900.0
1.1365,-42.109,-42.109,396.487,396.487,6900.0
1.1366,-42.301,-42.301,397.128,397.128,6900.0
1.1367,-42.552,-42.552,397.788,397.788,6900.0
1.1368,-42.482,-42.482,398.461,398.461,6900.0
1.1369,-42.592,-42.592,399.117,399.117,6900.0
1.137,-42.559,-42.559,399.791,399.791,6900.0
1.1371,-42.2,-42.2,400.459,400.459,6900.0
1.1372,-42.421,-42.421,401.115,401.115,6900.0
1.1373,-42.246,-42.246,401.789,401.789,6900.0
1.1374,-42.104,-42.104,402.449,402.449,6900.0
1.1375,-41.791,-41.791,403.117,403.117,6900.0
1.1376,-41.332,-41.332,403.762,403.762,6900.0
1.1377,-41.242,-41.242,404.371,404.371,6900.0
1.1378,-40.844,-40.844,404.975,404.975,6900.0
1.1379,-40.427,-40.427,405.551,405.551,6900.0
1.138,-40.057,-40.057,406.114,406.114,6900.0
1.1381,-39.625,-39.454,406.647,406.647,6900.0
1.1382,-38.976,-38.976,407.135,407.135,6900.0
1.1383,-38.398,-38.398,407.603,407.603,6900.0
1.1384,-37.946,-37.946,408.04,408.04,6900.0
1.1385,-37.331,-37.331,408.465,408.465,6900.0
1.1386,-36.33,-36.33,408.86,408.86,6900.0
1.1387,-35.576,-35.576,409.204,409.204,6900.0
1.1388,-34.904,-34.904,409.51,409.51,6900.0
1.1389,-34.477,-34.477,409.784,409.784,6900.0
1.139,-33.628,-33.628,410.035,410.035,6900.0
1.1391,-32.8,-32.8,410.247,410.247,6900.0
1.1392,-31.829,-31.829,410.417,410.417,6900.0
1.1393,-30.729,-30.729,410.54,410.54,6900.0
1.1394,-29.949,-29.949,410.611,410.611,6900.0
1.1395,-28.982,-28.982,410.642,410.642,6900.0
1.1396,-28.021,-28.021,410.634,410.634,6900.0
1.1397,-27.136,-27.136,410.595,410.595,6900.0
1.1398,-25.977,-25.977,410.523,410.523,6900.0
1.1399,-24.745,-24.745,410.403,410.403,6900.0
1.14,-23.968,-23.968,410.229,410.229,6900.0
1.1401,-23.104,-23.104,410.027,410.027,6900.0
1.1402,-22.185,-22.185,409.806,409.806,6900.0
1.1403,-20.899,-20.899,409.561,409.561,6900.0
1.1404,-19.255,-19.255,409.259,409.259,6900.0
1.1405,-18.309,-18.309,408.894,408.894,6900.0
1.1406,-17.377,-17.377,408.497,408.497,6900.0
1.1407,-16.577,-16.577,408.08,408.08,6900.0
1.1408,-15.11,-15.11,407.649,407.649,6900.0
1.1409,-13.535,-13.535,407.181,407.181,6900.0
1.141,-12.451,-12.451,406.675,406.675,6900.0
1.1411,-11.163,-11.163,406.148,406.148,6900.0
1.1412,-10.109,-10.109,405.601,405.601,6900.0
1.1413,-8.757,-8.757,405.038,405.038,6900.0
1.1414,-7.361,-7.361,404.451,404.451,6900.0
1.1415,-6.142,-6.142,403.842,403.842,6900.0
1.1416,-4.589,-4.589,403.216,403.216,6900.0
1.1417,-3.321,-3.321,402.576,402.576,6900.0
1.1418,-1.987,-1.987,401.925,401.925,6900.0
1.1419,-0.814,-0.814,401.268,401.268,6900.0
1.142,-0.0,-0.0,400.606,400.606,6900.0
1.1421,-0.0,-0.0,399.943,399.943,6900.0
1.1422,1.304,1.304,399.279,399.279,6900.0
1.1423,1.705,1.705,398.616,398.616,6900.0
1.1424,2.626,2.626,397.955,397.955,6900.0
1.1425,3.943,3.943,397.296,397.296,6900.0
1.1426,5.049,5.049,396.644,396.644,6900.0
1.1427,6.536,6.536,396.002,396.002,6900.0
1.1428,7.898,7.898,395.378,395.378,6900.0
1.1429,8.947,8.947,394.769,394.769,6900.0
1.143,10.561,10.561,394.17,394.17,6900.0
1.1431,11.863,11.863,393.6,393.6,6900.0
1.1432,13.559,13.559,393.056,393.056,6900.0
1.1433,14.732,14.732,392.558,392.558,6900.0
1.1434,15.413,15.413,392.084,392.084,6900.0
1.1435,16.686,16.686,391.616,391.616,6900.0
1.1436,18.41,18.41,391.175,391.175,6900.0
1.1437,20.079,20.079,390.786,390.786,6900.0
1.1438,21.246,21.246,390.458,390.458,6900.0
1.1439,22.005,22.005,390.167,390.167,6900.0
1.144,23.147,23.147,389.889,389.889,6900.0
1.1441,24.566,24.566,389.642,389.642,6900.0
1.1442,25.831,25.831,389.444,389.444,6900.0
1.1443,26.979,26.979,389.3,389.3,6900.0
1.1444,27.88,27.88,389.202,389.202,6900.0
1.1445,28.972,28.972,389.141,389.141,6900.0
1.1446,29.799,29.799,389.127,389.127,6900.0
1.1447,30.744,30.744,389.153,389.153,6900.0
1.1448,31.789,31.789,389.223,389.223,6900.0
1.1449,32.696,32.696,389.345,389.345,6900.0
1.145,33.709,33.709,389.516,389.516,6900.0
1.1451,34.487,34.487,389.737,389.737,6900.0
1.1452,35.253,35.253,389.989,389.989,6900.0
1.1453,36.028,36.028,390.268,390.268,6900.0
1.1454,36.839,36.839,390.584,390.584,6900.0
1.1455,37.777,37.777,390.944,390.944,6900.0
1.1456,38.284,38.284,391.354,391.354,6900.0
1.1457,38.847,38.847,391.783,391.783,6900.0
1.1458,39.489,39.489,392.233,392.233,6900.0
1.1459,39.934,39.934,392.724,392.724,6900.0
1.146,40.752,40.752,393.248,393.248,6900.0
1.1461,41.16,41.029,393.832,393.832,6900.0
1.1462,41.094,41.094,394.431,394.431,6900.0
1.1463,41.643,41.643,395.031,395.031,6900.0
1.1464,41.867,41.867,395.659,395.659,6900.0
1.1465,42.167,42.167,396.295,396.295,6900.0
1.1466,42.269,42.269,396.961,396.961,6900.0
1.1467,42.099,42.099,397.622,397.622,6900.0
1.1468,42.228,42.228,398.272,398.272,6900.0
1.1469,42.222,42.222,398.929,398.929,6900.0
1.147,42.232,42.232,399.574,399.574,6900.0
1.1471,42.453,42.453,400.233,400.233,6900.0
1.1472,42.255,42.255,400.899,400.899,6900.0
1.1473,42.229,42.229,401.562,401.562,6900.0
1.1474,41.793,41.793,402.229,402.229,6900.0
1.1475,41.517,41.517,402.866,402.866,6900.0
1.1476,41.418,41.418,403.496,403.496,6900.0
1.1477,41.02,41.02,404.114,404.114,6900.0
1.1478,40.669,40.669,404.72,404.72,6900.0
1.1479,40.251,40.251,405.307,405.307,6900.0
1.148,39.787,39.787,405.856,405.856,6900.0
1.1481,39.642,39.642,406.373,406.373,6900.0
1.1482,39.048,39.048,406.872,406.872,6900.0
1.1483,38.73,38.73,407.349,407.349,6900.0
1.1484,37.879,37.879,407.809,407.809,6900.0
1.1485,37.138,37.138,408.222,408.222,6900.0
1.1486,36.499,36.499,408.596,408.596,6900.0
1.1487,35.711,35.711,408.94,408.94,6900.0
1.1488,35.033,35.033,409.255,409.255,6900.0
1.1489,34.229,34.229,409.54,409.54,6900.0
1.149,33.444,33.444,409.786,409.786,6900.0
1.1491,32.662,32.662,409.989,409.989,6900.0
1.1492,31.781,31.781,410.152,410.152,6900.0
1.1493,30.89,30.89,410.274,410.274,6900.0
1.1494,30.069,30.069,410.353,410.353,6900.0
1.1495,29.161,29.161,410.398,410.398,6900.0
1.1496,27.961,27.961,410.409,410.409,6900.0
1.1497,26.828,26.828,410.369,410.369,6900.0
1.1498,25.981,25.981,410.273,410.273,6900.0
1.1499,25.166,25.166,410.141,410.141,6900.0
1.15,24.244,24.244,409.983,409.983,6900.0
1.1501,23.13,23.13,409.806,409.806,6900.0
1.1502,21.7,21.7,409.585,409.585,6900.0
1.1503,20.535,20.535,409.302,409.302,6900.0
1.1504,19.666,19.666,408.977,408.977,6900.0
1.1505,18.717,18.717,408.629,408.629,6900.0
1.1506,17.69,17.69,408.268,408.268,6900.0
1.1507,16.277,16.277,407.878,407.878,6900.0
1.1508,14.908,14.908,407.438,407.438,6900.0
1.1509,13.875,13.875,406.964,406.964,6900.0
1.151,12.798,12.798,406.461,406.461,6900.0
1.1511,11.606,11.606,405.941,405.941,6900.0
1.1512,9.954,9.954,405.397,405.397,6900.0
1.1513,8.507,8.507,404.822,404.822,6900.0
1.1514,7.4,7.4,404.225,404.225,6900.0
1.1515,6.035,6.035,403.611,403.611,6900.0
1.1516,4.921,4.921,402.984,402.984,6900.0
1.1517,3.349,3.349,402.346,402.346,6900.0
1.1518,2.032,2.032,401.696,401.696,6900.0
1.1519,0.75,0.75,401.039,401.039,6900.0
1.152,0.892,0.892,400.377,400.377,6900.0
1.1521,-0.126,-0.126,399.713,399.713,6900.0
1.1522,-0.933,-0.955,399.049,399.049,6900.0
1.1523,-2.313,-2.313,398.385,398.385,6900.0
1.1524,-3.239,-3.239,397.724,397.724,6900.0
1.1525,-4.328,-4.328,397.069,397.069,6900.0
1.1526,-5.604,-5.604,396.423,396.423,6900.0
1.1527,-6.725,-6.725,395.79,395.79,6900.0
1.1528,-7.758,-7.758,395.166,395.166,6900.0
1.1529,-9.278,-9.278,394.554,394.554,6900.0
1.153,-10.695,-10.695,393.961,393.961,6900.0
1.1531,-12.137,-12.137,393.398,393.398,6900.0
1.1532,-13.126,-13.126,392.863,392.863,6900.0
1.1533,-14.221,-14.221,392.339,392.339,6900.0
1.1534,-15.676,-15.676,391.835,391.835,6900.0
1.1535,-17.129,-17.129,391.367,391.367,6900.0
1.1536,-18.888,-18.888,390.95,390.95,6900.0
1.1537,-19.954,-19.954,390.587,390.587,6900.0
1.1538,-20.923,-20.923,390.246,390.246,6900.0
1.1539,-22.266,-22.266,389.926,389.926,6900.0
1.154,-23.519,-23.519,389.647,389.647,6900.0
1.1541,-24.845,-24.845,389.418,389.418,6900.0
1.1542,-25.795,-25.795,389.241,389.241,6900.0
1.1543,-26.82,-26.82,389.099,389.099,6900.0
1.1544,-28.196,-28.196,388.992,388.992,6900.0
1.1545,-29.311,-29.311,388.934,388.934,6900.0
1.1546,-30.323,-30.323,388.926,388.926,6900.0
1.1547,-31.42,-31.42,388.966,388.966,6900.0
1.1548,-32.419,-32.419,389.057,389.057,6900.0
1.1549,-33.361,-33.361,389.197,389.197,6900.0
1.155,-34.241,-34.241,389.38,389.38,6900.0
1.1551,-34.967,-34.967,389.598,389.598,6900.0
1.1552,-35.86,-35.86,389.851,389.851,6900.0
1.1553,-36.719,-36.719,390.146,390.146,6900.0
1.1554,-37.419,-37.419,390.495,390.495,6900.0
1.1555,-37.96,-37.96,390.881,390.881,6900.0
1.1556,-38.48,-38.48,391.285,391.285,6900.0
1.1557,-39.377,-39.377,391.717,391.717,6900.0
1.1558,-39.954,-39.954,392.194,392.194,6900.0
1.1559,-40.477,-40.477,392.722,392.722,6900.0
1.156,-40.816,-40.816,393.282,393.282,6900.0
1.1561,-41.129,-41.129,393.849,393.849,6900.0
1.1562,-41.686,-41.551,394.44,394.44,6900.0
1.1563,-41.89,-41.89,395.046,395.046,6900.0
1.1564,-42.274,-42.274,395.685,395.685,6900.0
1.1565,-42.205,-42.205,396.346,396.346,6900.0
1.1566,-42.285,-42.285,396.99,396.99,6900.0
1.1567,-42.496,-42.496,397.647,397.647,6900.0
1.1568,-42.545,-42.545,398.303,398.303,6900.0
1.1569,-42.885,-42.885,398.967,398.967,6900.0
1.157,-42.695,-42.695,399.656,399.656,6900.0
1.1571,-42.636,-42.636,400.326,400.326,6900.0
1.1572,-42.515,-42.515,401.01,401.01,6900.0
1.1573,-42.148,-42.148,401.683,401.683,6900.0
1.1574,-42.345,-42.345,402.334,402.334,6900.0
1.1575,-42.077,-42.077,402.999,402.999,6900.0
1.1576,-41.843,-41.843,403.642,403.642,6900.0
1.1577,-41.489,-41.489,404.283,404.283,6900.0
1.1578,-40.83,-40.83,404.9,404.9,6900.0
1.1579,-40.469,-40.469,405.469,405.469,6900.0
1.158,-40.051,-40.051,406.021,406.021,6900.0
1.1581,-39.698,-39.698,406.545,406.545,6900.0
1.1582,-39.255,-39.255,407.059,407.059,6900.0
1.1583,-38.487,-38.487,407.546,407.546,6900.0
1.1584,-37.953,-37.953,407.985,407.985,6900.0
1.1585,-37.313,-37.313,408.398,408.398,6900.0
1.1586,-36.909,-36.909,408.779,408.779,6900.0
1.1587,-36.285,-36.285,409.144,409.144,6900.0
1.1588,-35.15,-35.15,409.479,409.479,6900.0
1.1589,-34.22,-34.22,409.76,409.76,6900.0
1.159,-33.386,-33.386,409.999,409.999,6900.0
1.1591,-32.577,-32.577,410.197,410.197,6900.0
1.1592,-31.867,-31.867,410.358,410.358,6900.0
1.1593,-31.023,-31.023,410.484,410.484,6900.0
1.1594,-30.222,-30.222,410.573,410.573,6900.0
1.1595,-29.156,-29.156,410.624,410.624,6900.0
1.1596,-28.057,-28.057,410.624,410.624,6900.0
1.1597,-27.042,-27.042,410.572,410.572,6900.0
1.1598,-26.189,-26.189,410.484,410.484,6900.0
1.1599,-25.249,-25.249,410.372,410.372,6900.0
1.16,-24.093,-24.093,410.229,410.229,6900.0
1.1601,-22.798,-22.798,410.034,410.034,6900.0
1.1602,-21.936,-21.936,409.783,409.783,6900.0
1.1603,-21.05,-21.05,409.504,409.504,6900.0
1.1604,-20.194,-20.194,409.21,409.21,6900.0
1.1605,-18.862,-18.862,408.898,408.898,6900.0
1.1606,-17.171,-17.171,408.536,408.536,6900.0
1.1607,-15.986,-15.986,408.12,408.12,6900.0
1.1608,-14.967,-14.967,407.668,407.668,6900.0
1.1609,-14.269,-14.269,407.192,407.192,6900.0
1.161,-12.957,-12.957,406.701,406.701,6900.0
1.1611,-11.418,-11.418,406.177,406.177,6900.0
1.1612,-10.211,-10.211,405.621,405.621,6900.0
1.1613,-8.83,-8.83,405.046,405.046,6900.0
1.1614,-7.7,-7.7,404.453,404.453,6900.0
1.1615,-6.306,-6.306,403.848,403.848,6900.0
1.1616,-4.733,-4.733,403.226,403.226,6900.0
1.1617,-3.289,-3.289,402.588,402.588,6900.0
1.1618,-2.155,-2.155,401.939,401.939,6900.0
1.1619,-0.917,-0.917,401.283,401.283,6900.0
1.162,-1.033,-1.033,400.622,400.622,6900.0
1.1621,0.143,0.143,399.959,399.959,6900.0
1.1622,1.188,1.188,399.295,399.295,6900.0
1.1623,1.691,1.691,398.632,398.632,6900.0
1.1624,2.948,2.948,397.972,397.972,6900.0
1.1625,3.911,3.911,397.319,397.319,6900.0
1.1626,4.949,4.949,396.672,396.672,6900.0
1.1627,6.371,6.371,396.03,396.03,6900.0
1.1628,7.555,7.555,395.403,395.403,6900.0
1.1629,9.029,9.029,394.789,394.789,6900.0
1.163,10.374,10.374,394.199,394.199,6900.0
1.1631,11.716,11.716,393.625,393.625,6900.0
1.1632,13.273,13.273,393.065,393.065,6900.0
1.1633,14.575,14.575,392.539,392.539,6900.0
1.1634,15.966,15.966,392.049,392.049,6900.0
1.1635,17.212,17.212,391.611,391.611,6900.0
1.1636,18.203,18.203,391.204,391.204,6900.0
1.1637,19.478,19.478,390.809,390.809,6900.0
1.1638,20.862,20.862,390.446,390.446,6900.0
1.1639,22.412,22.412,390.128,390.128,6900.0
1.164,23.479,23.479,389.871,389.871,6900.0
1.1641,24.508,24.508,389.652,389.652,6900.0
1.1642,25.68,25.68,389.459,389.459,6900.0
1.1643,26.71,26.71,389.305,389.305,6900.0
1.1644,27.858,27.858,389.194,389.194,6900.0
1.1645,28.858,28.858,389.135,389.135,6900.0
1.1646,30.019,30.019,389.122,389.122,6900.0
1.1647,31.096,31.096,389.162,389.162,6900.0
1.1648,31.895,31.895,389.251,389.251,6900.0
1.1649,32.651,32.651,389.377,389.377,6900.0
1.165,33.547,33.547,389.537,389.537,6900.0
1.1651,34.449,34.449,389.738,389.738,6900.0
1.1652,35.439,35.439,389.987,389.987,6900.0
1.1653,36.211,36.211,390.285,390.285,6900.0
1.1654,36.841,36.841,390.613,390.613,6900.0
1.1655,37.593,37.593,390.963,390.963,6900.0
1.1656,38.157,38.157,391.355,391.355,6900.0
1.1657,39.1,39.1,391.786,391.786,6900.0
1.1658,39.648,39.648,392.272,392.272,6900.0
1.1659,39.923,39.923,392.784,392.784,6900.0
1.166,40.566,40.566,393.305,393.305,6900.0
1.1661,41.011,41.011,393.863,393.863,6900.0
1.1662,41.58,41.58,394.446,394.446,6900.0
1.1663,41.944,41.819,395.076,395.076,6900.0
1.1664,41.86,41.86,395.712,395.712,6900.0
1.1665,42.175,42.175,396.345,396.345,6900.0
1.1666,42.129,42.129,396.997,396.997,6900.0
1.1667,42.415,42.415,397.638,397.638,6900.0
1.1668,42.67,42.67,398.306,398.306,6900.0
1.1669,42.593,42.593,398.98,398.98,6900.0
1.167,42.871,42.871,399.65,399.65,6900.0
1.1671,42.621,42.621,400.337,400.337,6900.0
1.1672,42.326,42.326,401.002,401.002,6900.0
1.1673,42.292,42.292,401.671,401.671,6900.0
1.1674,41.939,41.939,402.335,402.335,6900.0
1.1675,41.791,41.791,402.989,402.989,6900.0
1.1676,41.528,41.528,403.639,403.639,6900.0
1.1677,41.11,41.11,404.256,404.256,6900.0
1.1678,40.958,40.958,404.853,404.853,6900.0
1.1679,40.283,40.283,405.432,405.432,6900.0
1.168,40.083,40.083,405.985,405.985,6900.0
1.1681,39.527,39.527,406.526,406.526,6900.0
1.1682,39.016,39.016,407.025,407.025,6900.0
1.1683,38.618,38.618,407.493,407.493,6900.0
1.1684,37.912,37.912,407.938,407.938,6900.0
1.1685,37.387,37.387,408.359,408.359,6900.0
1.1686,36.653,36.653,408.756,408.756,6900.0
1.1687,35.763,35.763,409.113,409.113,6900.0
1.1688,34.998,34.998,409.425,409.425,6900.0
1.1689,34.372,34.372,409.699,409.699,6900.0
1.169,33.676,33.676,409.943,409.943,6900.0
1.1691,32.787,32.787,410.154,410.154,6900.0
1.1692,31.834,31.834,410.324,410.324,6900.0
1.1693,30.737,30.737,410.451,410.451,6900.0
1.1694,29.842,29.842,410.527,410.527,6900.0
1.1695,28.796,28.796,410.557,410.557,6900.0
1.1696,27.932,27.932,410.543,410.543,6900.0
1.1697,27.176,27.176,410.498,410.498,6900.0
1.1698,26.124,26.124,410.428,410.428,6900.0
1.1699,24.821,24.821,410.317,410.317,6900.0
1.17,23.741,23.741,410.146,410.146,6900.0
1.1701,22.942,22.942,409.934,409.934,6900.0
1.1702,22.268,22.268,409.699,409.699,6900.0
1.1703,21.418,21.038,409.454,409.454,6900.0
1.1704,19.522,19.522,409.166,409.166,6900.0
1.1705,18.179,18.179,408.813,408.813,6900.0
1.1706,17.229,17.229,408.415,408.415,6900.0
1.1707,16.377,16.377,407.988,407.988,6900.0
1.1708,15.324,15.324,407.549,407.549,6900.0
1.1709,13.814,13.814,407.086,407.086,6900.0
1.171,12.461,12.461,406.583,406.583,6900.0
1.1711,11.337,11.337,406.055,406.055,6900.0
1.1712,10.004,10.004,405.505,405.505,6900.0
1.1713,8.794,8.794,404.939,404.939,6900.0
1.1714,7.389,7.389,404.354,404.354,6900.0
1.1715,5.849,5.849,403.746,403.746,6900.0
1.1716,4.378,4.378,403.121,403.121,6900.0
1.1717,3.125,3.125,402.48,402.48,6900.0
1.1718,1.849,1.849,401.829,401.829,6900.0
1.1719,0.675,0.675,401.171,401.171,6900.0
1.172,0.0,0.0,400.509,400.509,6900.0
1.1721,0.0,0.0,399.846,399.846,6900.0
1.1722,-1.295,-1.295,399.182,399.182,6900.0
1.1723,-1.866,-1.866,398.519,398.519,6900.0
1.1724,-2.755,-2.755,397.859,397.859,6900.0
1.1725,-3.839,-3.839,397.201,397.201,6900.0
1.1726,-5.381,-5.381,396.549,396.549,6900.0
1.1727,-6.594,-6.594,395.908,395.908,6900.0
1.1728,-8.074,-8.074,395.283,395.283,6900.0
1.1729,-9.117,-9.117,394.676,394.676,6900.0
1.173,-10.254,-10.254,394.08,394.08,6900.0
1.1731,-11.908,-11.908,393.501,393.501,6900.0
1.1732,-13.418,-13.418,392.953,392.953,6900.0
1.1733,-14.858,-14.858,392.447,392.447,6900.0
1.1734,-15.886,-15.886,391.979,391.979,6900.0
1.1735,-16.961,-16.961,391.525,391.525,6900.0
1.1736,-18.476,-18.476,391.091,391.091,6900.0
1.1737,-20.014,-20.014,390.696,390.696,6900.0
1.1738,-21.403,-21.403,390.356,390.356,6900.0
1.1739,-22.344,-22.344,390.068,390.068,6900.0
1.174,-23.163,-23.163,389.804,389.804,6900.0
1.1741,-24.534,-24.534,389.56,389.56,6900.0
1.1742,-25.796,-25.796,389.359,389.359,6900.0
1.1743,-27.16,-27.16,389.208,389.208,6900.0
1.1744,-28.289,-28.289,389.111,389.111,6900.0
1.1745,-29.299,-29.299,389.061,389.061,6900.0
1.1746,-30.401,-30.401,389.054,389.054,6900.0
1.1747,-31.285,-31.285,389.095,389.095,6900.0
1.1748,-32.332,-32.332,389.178,389.178,6900.0
1.1749,-33.303,-33.303,389.312,389.312,6900.0
1.175,-34.236,-34.236,389.495,389.495,6900.0
1.1751,-35.301,-35.301,389.728,389.728,6900.0
1.1752,-36.088,-36.088,390.004,390.004,6900.0
1.1753,-36.592,-36.592,390.309,390.309,6900.0
1.1754,-37.251,-37.251,390.641,390.641,6900.0
1.1755,-38.158,-38.158,391.004,391.004,6900.0
1.1756,-38.868,-38.868,391.425,391.425,6900.0
1.1757,-39.342,-39.342,391.882,391.882,6900.0
1.1758,-39.814,-39.814,392.353,392.353,6900.0
1.1759,-40.54,-40.54,392.853,392.853,6900.0
1.176,-41.018,-41.018,393.39,393.39,6900.0
1.1761,-41.393,-41.393,393.976,393.976,6900.0
1.1762,-41.376,-41.376,394.592,394.592,6900.0
1.1763,-41.656,-41.656,395.199,395.199,6900.0
1.1764,-42.154,-42.026,395.828,395.828,6900.0
1.1765,-42.254,-42.254,396.466,396.466,6900.0
1.1766,-42.542,-42.542,397.125,397.125,6900.0
1.1767,-42.579,-42.579,397.799,397.799,6900.0
1.1768,-42.531,-42.531,398.46,398.46,6900.0
1.1769,-42.76,-42.76,399.128,399.128,6900.0
1.177,-42.596,-42.596,399.797,399.797,6900.0
1.1771,-42.727,-42.727,400.462,400.462,6900.0
1.1772,-42.524,-42.524,401.143,401.143,6900.0
1.1773,-42.508,-42.508,401.808,401.808,6900.0
1.1774,-42.262,-42.262,402.489,402.489,6900.0
1.1775,-41.868,-41.868,403.153,403.153,6900.0
1.1776,-41.715,-41.715,403.789,403.789,6900.0
1.1777,-41.225,-41.225,404.421,404.421,6900.0
1.1778,-41.143,-41.143,405.019,405.019,6900.0
1.1779,-40.745,-40.745,405.618,405.618,6900.0
1.178,-40.097,-40.097,406.186,406.186,6900.0
1.1781,-39.599,-39.599,406.706,406.706,6900.0
1.1782,-39.135,-39.135,407.204,407.204,6900.0
1.1783,-38.619,-38.619,407.677,407.677,6900.0
1.1784,-37.97,-37.97,408.135,408.135,6900.0
1.1785,-37.105,-37.105,408.561,408.561,6900.0
1.1786,-36.69,-36.69,408.936,408.936,6900.0
1.1787,-36.049,-36.049,409.287,409.287,6900.0
1.1788,-35.36,-35.36,409.607,409.607,6900.0
1.1789,-34.401,-34.401,409.9,409.9,6900.0
1.179,-33.484,-33.484,410.15,410.15,6900.0
1.1791,-32.788,-32.788,410.354,410.354,6900.0
1.1792,-31.964,-31.964,410.519,410.519,6900.0
1.1793,-31.07,-31.07,410.641,410.641,6900.0
1.1794,-30.004,-30.004,410.723,410.723,6900.0
1.1795,-29.155,-29.155,410.762,410.762,6900.0
1.1796,-28.201,-28.201,410.77,410.77,6900.0
1.1797,-27.183,-27.183,410.739,410.739,6900.0
1.1798,-26.136,-26.136,410.66,410.66,6900.0
1.1799,-25.152,-25.152,410.531,410.531,6900.0
1.18,-24.207,-24.207,410.368,410.368,6900.0
1.1801,-23.317,-23.317,410.182,410.182,6900.0
1.1802,-21.798,-21.798,409.972,409.972,6900.0
1.1803,-20.446,-20.446,409.702,409.702,6900.0
1.1804,-20.038,-19.614,409.374,409.374,6900.0
1.1805,-18.719,-18.719,409.018,409.018,6900.0
1.1806,-17.896,-17.896,408.643,408.643,6900.0
1.1807,-16.445,-16.445,408.254,408.254,6900.0
1.1808,-14.806,-14.806,407.822,407.822,6900.0
1.1809,-13.721,-13.721,407.346,407.346,6900.0
1.181,-12.287,-12.287,406.845,406.845,6900.0
1.1811,-11.589,-11.589,406.318,406.318,6900.0
1.1812,-10.289,-10.289,405.778,405.778,6900.0
1.1813,-8.678,-8.678,405.211,405.211,6900.0
1.1814,-7.612,-7.612,404.617,404.617,6900.0
1.1815,-6.155,-6.155,404.006,404.006,6900.0
1.1816,-4.794,-4.794,403.379,403.379,6900.0
1.1817,-3.445,-3.445,402.741,402.741,6900.0
1.1818,-2.116,-2.116,402.091,402.091,6900.0
1.1819,-0.831,-0.831,401.434,401.434,6900.0
1.182,-0.0,-0.0,400.774,400.774,6900.0
1.1821,-0.0,-0.0,400.111,400.111,6900.0
1.1822,1.061,1.061,399.447,399.447,6900.0
1.1823,1.892,1.892,398.785,398.785,6900.0
1.1824,2.743,2.743,398.123,398.123,6900.0
1.1825,3.737,3.737,397.466,397.466,6900.0
1.1826,5.108,5.108,396.816,396.816,6900.0
1.1827,6.265,6.265,396.18,396.18,6900.0
1.1828,7.49,7.49,395.554,395.554,6900.0
1.1829,9.084,9.084,394.939,394.939,6900.0
1.183,10.474,10.474,394.347,394.347,6900.0
1.1831,11.918,11.918,393.778,393.778,6900.0
1.1832,13.12,13.12,393.244,393.244,6900.0
1.1833,14.226,14.226,392.73,392.73,6900.0
1.1834,15.665,15.665,392.228,392.228,6900.0
1.1835,17.395,17.395,391.756,391.756,6900.0
1.1836,19.08,19.08,391.334,391.334,6900.0
1.1837,20.18,20.18,390.974,390.974,6900.0
1.1838,21.137,21.137,390.649,390.649,6900.0
1.1839,22.152,22.152,390.341,390.341,6900.0
1.184,23.291,23.291,390.062,390.062,6900.0
1.1841,24.626,24.626,389.824,389.824,6900.0
1.1842,25.738,25.738,389.643,389.643,6900.0
1.1843,26.807,26.807,389.502,389.502,6900.0
1.1844,27.817,27.817,389.397,389.397,6900.0
1.1845,28.927,28.927,389.331,389.331,6900.0
1.1846,30.045,30.045,389.311,389.311,6900.0
1.1847,31.035,31.035,389.339,389.339,6900.0
1.1848,31.985,31.985,389.418,389.418,6900.0
1.1849,32.769,32.769,389.55,389.55,6900.0
1.185,33.538,33.538,389.724,389.724,6900.0
1.1851,34.504,34.504,389.93,389.93,6900.0
1.1852,35.508,35.508,390.17,390.17,6900.0
1.1853,36.113,36.113,390.459,390.459,6900.0
1.1854,37.028,37.028,390.786,390.786,6900.0
1.1855,37.59,37.59,391.161,391.161,6900.0
1.1856,38.242,38.242,391.557,391.557,6900.0
1.1857,38.965,38.965,391.976,391.976,6900.0
1.1858,39.514,39.514,392.436,392.436,6900.0
1.1859,40.289,40.289,392.934,392.934,6900.0
1.186,40.601,40.601,393.49,393.49,6900.0
1.1861,40.797,40.797,394.062,394.062,6900.0
1.1862,41.31,41.31,394.64,394.64,6900.0
1.1863,41.449,41.449,395.25,395.25,6900.0
1.1864,42.022,42.022,395.865,395.865,6900.0
1.1865,42.113,42.113,396.52,396.52,6900.0
1.1866,42.146,42.146,397.173,397.173,6900.0
1.1867,42.475,42.475,397.819,397.819,6900.0
1.1868,42.505,42.505,398.478,398.478,6900.0
1.1869,42.512,42.512,399.13,399.13,6900.0
1.187,42.64,42.64,399.799,399.799,6900.0
1.1871,42.218,42.218,400.474,400.474,6900.0
1.1872,42.332,42.332,401.137,401.137,6900.0
1.1873,42.093,42.093,401.81,401.81,6900.0
1.1874,41.882,41.882,402.461,402.461,6900.0
1.1875,41.837,41.837,403.111,403.111,6900.0
1.1876,41.322,41.322,403.753,403.753,6900.0
1.1877,41.063,41.063,404.377,404.377,6900.0
1.1878,40.423,40.423,404.988,404.988,6900.0
1.1879,39.924,39.924,405.55,405.55,6900.0
1.188,39.624,39.624,406.084,406.084,6900.0
1.1881,39.095,39.095,406.595,406.595,6900.0
1.1882,38.86,38.86,407.085,407.085,6900.0
1.1883,38.304,38.304,407.561,407.561,6900.0
1.1884,37.537,37.537,408.001,408.001,6900.0
1.1885,37.105,37.105,408.397,408.397,6900.0
1.1886,36.383,36.383,408.773,408.773,6900.0
1.1887,35.85,35.85,409.121,409.121,6900.0
1.1888,35.026,35.026,409.446,409.446,6900.0
1.1889,34.213,34.213,409.728,409.728,6900.0
1.189,33.278,33.278,409.967,409.967,6900.0
1.1891,32.5,32.5,410.164,410.164,6900.0
1.1892,31.712,31.712,410.323,410.323,6900.0
1.1893,30.903,30.903,410.443,410.443,6900.0
1.1894,29.953,29.953,410.527,410.527,6900.0
1.1895,28.998,28.998,410.572,410.572,6900.0
1.1896,27.799,27.799,410.575,410.575,6900.0
1.1897,26.686,26.686,410.521,410.521,6900.0
1.1898,25.832,25.832,410.423,410.423,6900.0
1.1899,24.994,24.994,410.297,410.297,6900.0
1.19,23.972,23.972,410.15,410.15,6900.0
1.1901,22.522,22.522,409.963,409.963,6900.0
1.1902,21.374,21.374,409.712,409.712,6900.0
1.1903,20.625,20.625,409.419,409.419,6900.0
1.1904,19.719,19.719,409.107,409.107,6900.0
1.1905,19.224,18.819,408.783,408.783,6900.0
1.1906,17.135,17.135,408.431,408.431,6900.0
1.1907,15.883,15.883,408.019,408.019,6900.0
1.1908,14.749,14.749,407.57,407.57,6900.0
1.1909,13.761,13.761,407.089,407.089,6900.0
1.191,12.641,12.641,406.591,406.591,6900.0
1.1911,11.306,11.306,406.066,406.066,6900.0
1.1912,9.974,9.974,405.51,405.51,6900.0
1.1913,8.796,8.796,404.932,404.932,6900.0
1.1914,7.54,7.54,404.335,404.335,6900.0
1.1915,6.206,6.206,403.726,403.726,6900.0
1.1916,4.679,4.679,403.102,403.102,6900.0
1.1917,3.062,3.062,402.464,402.464,6900.0
1.1918,1.932,1.932,401.814,401.814,6900.0
1.1919,0.901,0.901,401.157,401.157,6900.0
1.192,0.892,0.892,400.496,400.496,6900.0
1.1921,-0.072,-0.072,399.833,399.833,6900.0
1.1922,-0.911,-0.911,399.168,399.168,6900.0
1.1923,-2.216,-2.216,398.506,398.506,6900.0
1.1924,-2.891,-2.891,397.846,397.846,6900.0
1.1925,-4.205,-4.205,397.192,397.192,6900.0
1.1926,-5.261,-5.261,396.548,396.548,6900.0
1.1927,-6.38,-6.38,395.91,395.91,6900.0
1.1928,-7.831,-7.831,395.283,395.283,6900.0
1.1929,-9.235,-9.235,394.671,394.671,6900.0
1.193,-10.768,-10.768,394.081,394.081,6900.0
1.1931,-11.773,-11.773,393.517,393.517,6900.0
1.1932,-12.953,-12.953,392.962,392.962,6900.0
1.1933,-14.394,-14.394,392.428,392.428,6900.0
1.1934,-15.909,-15.909,391.927,391.927,6900.0
1.1935,-17.386,-17.386,391.476,391.476,6900.0
1.1936,-18.388,-18.388,391.074,391.074,6900.0
1.1937,-19.42,-19.42,390.69,390.69,6900.0
1.1938,-20.782,-20.782,390.328,390.328,6900.0
1.1939,-22.416,-22.416,390.005,390.005,6900.0
1.194,-23.796,-23.796,389.74,389.74,6900.0
1.1941,-24.835,-24.835,389.528,389.528,6900.0
1.1942,-25.763,-25.763,389.349,389.349,6900.0
1.1943,-26.959,-26.959,389.198,389.198,6900.0
1.1944,-28.066,-28.066,389.092,389.092,6900.0
1.1945,-29.619,-29.349,389.031,389.031,6900.0
1.1946,-30.423,-30.423,389.025,389.025,6900.0
1.1947,-31.325,-31.325,389.071,389.071,6900.0
1.1948,-32.371,-32.371,389.16,389.16,6900.0
1.1949,-33.14,-33.14,389.298,389.298,6900.0
1.195,-33.882,-33.882,389.472,389.472,6900.0
1.1951,-34.923,-34.923,389.681,389.681,6900.0
1.1952,-36.005,-36.005,389.938,389.938,6900.0
1.1953,-36.741,-36.741,390.254,390.254,6900.0
1.1954,-37.247,-37.247,390.605,390.605,6900.0
1.1955,-37.818,-37.818,390.971,390.971,6900.0
1.1956,-38.628,-38.628,391.369,391.369,6900.0
1.1957,-39.318,-39.318,391.805,391.805,6900.0
1.1958,-39.925,-39.925,392.295,392.295,6900.0
1.1959,-40.191,-40.191,392.821,392.821,6900.0
1.196,-40.505,-40.505,393.352,393.352,6900.0
1.1961,-41.277,-41.277,393.907,393.907,6900.0
1.1962,-41.7,-41.7,394.494,394.494,6900.0
1.1963,-41.976,-41.976,395.123,395.123,6900.0
1.1964,-41.995,-41.995,395.771,395.771,6900.0
1.1965,-42.12,-42.12,396.408,396.408,6900.0
1.1966,-42.228,-42.228,397.062,397.062,6900.0
1.1967,-42.224,-42.224,397.713,397.713,6900.0
1.1968,-42.58,-42.58,398.369,398.369,6900.0
1.1969,-42.578,-42.578,399.047,399.047,6900.0
1.197,-42.641,-42.641,399.712,399.712,6900.0
1.1971,-42.569,-42.569,400.391,400.391,6900.0
1.1972,-42.243,-42.243,401.062,401.062,6900.0
1.1973,-42.326,-42.326,401.717,401.717,6900.0
1.1974,-42.057,-42.057,402.382,402.382,6900.0
1.1975,-41.726,-41.726,403.031,403.031,6900.0
1.1976,-41.535,-41.535,403.678,403.678,6900.0
1.1977,-41.014,-41.014,404.307,404.307,6900.0
1.1978,-40.754,-40.754,404.897,404.897,6900.0
1.1979,-40.333,-40.333,405.476,405.476,6900.0
1.198,-40.041,-40.041,406.023,406.023,6900.0
1.1981,-39.528,-39.528,406.562,406.562,6900.0
1.1982,-38.823,-38.823,407.07,407.07,6900.0
1.1983,-38.43,-38.43,407.527,407.527,6900.0
1.1984,-37.7,-37.7,407.967,407.967,6900.0
1.1985,-37.329,-37.329,408.373,408.373,6900.0
1.1986,-36.683,-36.683,408.767,408.767,6900.0
1.1987,-35.949,-35.949,409.127,409.127,6900.0
1.1988,-35.089,-35.089,409.445,409.445,6900.0
1.1989,-34.355,-34.355,409.722,409.722,6900.0
1.199,-33.557,-33.557,409.964,409.964,6900.0
1.1991,-32.598,-32.598,410.172,410.172,6900.0
1.1992,-31.662,-31.662,410.338,410.338,6900.0
1.1993,-30.853,-30.853,410.46,410.46,6900.0
1.1994,-29.936,-29.936,410.54,410.54,6900.0
1.1995,-29.014,-29.014,410.575,410.575,6900.0
1.1996,-28.015,-28.015,410.564,410.564,6900.0
1.1997,-27.06,-27.06,410.515,410.515,6900.0
1.1998,-26.088,-26.088,410.44,410.44,6900.0
1.1999,-24.881,-24.881,410.33,410.33,6900.0
1.2,-23.633,-23.633,410.169,410.169,6900.0
1.2001,-22.79,-22.79,409.956,409.956,6900.0
1.2002,-21.86,-21.86,409.713,409.713,6900.0
1.2003,-20.982,-20.982,409.452,409.452,6900.0
1.2004,-19.644,-19.644,409.17,409.17,6900.0
1.2005,-18.048,-18.048,408.834,408.834,6900.0
1.2006,-17.432,-16.982,408.439,408.439,6900.0
1.2007,-15.936,-15.936,408.01,408.01,6900.0
1.2008,-15.285,-15.285,407.556,407.556,6900.0
1.2009,-14.055,-14.055,407.089,407.089,6900.0
1.201,-12.431,-12.431,406.591,406.591,6900.0
1.2011,-11.504,-11.504,406.057,406.057,6900.0
1.2012,-10.247,-10.247,405.506,405.506,6900.0
1.2013,-9.271,-9.271,404.936,404.936,6900.0
1.2014,-7.762,-7.762,404.355,404.355,6900.0
1.2015,-6.196,-6.196,403.752,403.752,6900.0
1.2016,-4.863,-4.863,403.129,403.129,6900.0
1.2017,-3.324,-3.324,402.492,402.492,6900.0
1.2018,-2.053,-2.053,401.843,401.843,6900.0
1.2019,-0.892,-0.892,401.185,401.185,6900.0
1.202,-0.0,-0.0,400.524,400.524,6900.0
1.2021,-0.0,-0.0,399.861,399.861,6900.0
1.2022,1.415,1.415,399.196,399.196,6900.0
1.2023,1.734,1.734,398.534,398.534,6900.0
1.2024,2.578,2.578,397.874,397.874,6900.0
1.2025,3.513,3.513,397.218,397.218,6900.0
1.2026,4.918,4.918,396.566,396.566,6900.0
1.2027,6.22,6.22,395.923,395.923,6900.0
1.2028,7.855,7.855,395.293,395.293,6900.0
1.2029,8.994,8.994,394.684,394.684,6900.0
1.203,10.237,10.237,394.089,394.089,6900.0
1.2031,11.759,11.759,393.506,393.506,6900.0
1.2032,13.287,13.287,392.953,392.953,6900.0
1.2033,15.003,15.003,392.435,392.435,6900.0
1.2034,16.16,16.16,391.969,391.969,6900.0
1.2035,17.037,17.037,391.529,391.529,6900.0
1.2036,18.254,18.254,391.102,391.102,6900.0
1.2037,19.73,19.73,390.705,390.705,6900.0
1.2038,21.223,21.223,390.355,390.355,6900.0
1.2039,22.444,22.444,390.064,390.064,6900.0
1.204,23.349,23.349,389.811,389.811,6900.0
1.2041,24.405,24.405,389.577,389.577,6900.0
1.2042,25.673,25.673,389.372,389.372,6900.0
1.2043,26.87,26.87,389.214,389.214,6900.0
1.2044,27.926,27.926,389.109,389.109,6900.0
1.2045,29.025,29.025,389.05,389.05,6900.0
1.2046,30.277,30.021,389.039,389.039,6900.0
1.2047,30.88,30.88,389.075,389.075,6900.0
1.2048,31.821,31.821,389.155,389.155,6900.0
1.2049,32.829,32.829,389.274,389.274,6900.0
1.205,33.646,33.646,389.443,389.443,6900.0
1.2051,34.535,34.535,389.661,389.661,6900.0
1.2052,35.344,35.344,389.922,389.922,6900.0
1.2053,36.049,36.049,390.213,390.213,6900.0
1.2054,37.004,37.004,390.524,390.524,6900.0
1.2055,37.758,37.758,390.879,390.879,6900.0
1.2056,38.614,38.614,391.279,391.279,6900.0
1.2057,39.175,39.175,391.729,391.729,6900.0
1.2058,39.631,39.631,392.201,392.201,6900.0
1.2059,40.409,40.409,392.691,392.691,6900.0
1.206,40.881,40.881,393.226,393.226,6900.0
1.2061,41.267,41.267,393.798,393.798,6900.0
1.2062,41.529,41.529,394.415,394.415,6900.0
1.2063,41.651,41.651,395.042,395.042,6900.0
1.2064,42.052,42.052,395.671,395.671,6900.0
1.2065,42.165,42.165,396.322,396.322,6900.0
1.2066,42.279,42.279,396.968,396.968,6900.0
1.2067,42.243,42.243,397.637,397.637,6900.0
1.2068,42.098,42.098,398.296,398.296,6900.0
1.2069,42.445,42.445,398.941,398.941,6900.0
1.207,42.314,42.314,399.606,399.606,6900.0
1.2071,42.445,42.445,400.253,400.253,6900.0
1.2072,42.449,42.449,400.923,400.923,6900.0
1.2073,42.144,42.144,401.591,401.591,6900.0
1.2074,42.123,42.123,402.256,402.256,6900.0
1.2075,41.819,41.819,402.923,402.923,6900.0
1.2076,41.325,41.325,403.563,403.563,6900.0
1.2077,41.029,41.029,404.186,404.186,6900.0
1.2078,40.54,40.54,404.786,404.786,6900.0
1.2079,40.315,40.315,405.365,405.365,6900.0
1.208,39.864,39.864,405.927,405.927,6900.0
1.2081,39.403,39.403,406.445,406.445,6900.0
1.2082,39.083,39.083,406.934,406.934,6900.0
1.2083,38.43,38.43,407.399,407.399,6900.0
1.2084,37.918,37.918,407.844,407.844,6900.0
1.2085,37.188,37.188,408.267,408.267,6900.0
1.2086,36.436,36.436,408.651,408.651,6900.0
1.2087,35.792,35.792,408.995,408.995,6900.0
1.2088,35.149,35.149,409.31,409.31,6900.0
1.2089,34.341,34.341,409.598,409.598,6900.0
1.209,33.402,33.402,409.851,409.851,6900.0
1.2091,32.614,32.614,410.059,410.059,6900.0
1.2092,31.737,31.737,410.224,410.224,6900.0
1.2093,30.838,30.838,410.344,410.344,6900.0
1.2094,29.996,29.996,410.416,410.416,6900.0
1.2095,29.055,29.055,410.448,410.448,6900.0
1.2096,28.037,28.037,410.443,410.443,6900.0
1.2097,27.01,27.01,410.407,410.407,6900.0
1.2098,25.969,25.969,410.326,410.326,6900.0
1.2099,24.858,24.858,410.195,410.195,6900.0
1.21,24.062,24.062,410.022,410.022,6900.0
1.2101,23.263,23.263,409.826,409.826,6900.0
1.2102,22.169,22.169,409.617,409.617,6900.0
1.2103,20.553,20.553,409.367,409.367,6900.0
1.2104,19.18,19.18,409.049,409.049,6900.0
1.2105,18.331,18.331,408.685,408.685,6900.0
1.2106,17.683,17.683,408.293,408.293,6900.0
1.2107,16.666,16.666,407.892,407.892,6900.0
1.2108,15.108,15.108,407.464,407.464,6900.0
1.2109,13.684,13.684,406.99,406.99,6900.0
1.211,12.581,12.581,406.486,406.486,6900.0
1.2111,11.409,11.409,405.958,405.958,6900.0
1.2112,10.213,10.213,405.415,405.415,6900.0
1.2113,8.758,8.758,404.85,404.85,6900.0
1.2114,7.124,7.124,404.26,404.26,6900.0
1.2115,5.859,5.859,403.648,403.648,6900.0
1.2116,4.547,4.547,403.02,403.02,6900.0
1.2117,3.189,3.189,402.379,402.379,6900.0
1.2118,1.912,1.912,401.728,401.728,6900.0
1.2119,0.595,0.595,401.07,401.07,6900.0
1.212,0.0,0.0,400.409,400.409,6900.0
1.2121,0.0,0.0,399.745,399.745,6900.0
1.2122,-2.102,-2.102,399.08,399.08,6900.0
1.2123,-1.806,-1.806,398.419,398.419,6900.0
1.2124,-2.855,-2.855,397.757,397.757,6900.0
1.2125,-3.964,-3.964,397.099,397.099,6900.0
1.2126,-5.542,-5.542,396.449,396.449,6900.0
1.2127,-7.063,-7.063,395.812,395.812,6900.0
1.2128,-7.936,-7.936,395.193,395.193,6900.0
1.2129,-9.069,-9.069,394.581,394.581,6900.0
1.213,-10.652,-10.652,393.985,393.985,6900.0
1.2131,-12.089,-12.089,393.415,393.415,6900.0
1.2132,-13.736,-13.736,392.879,392.879,6900.0
1.2133,-14.602,-14.602,392.381,392.381,6900.0
1.2134,-15.569,-15.569,391.893,391.893,6900.0
1.2135,-16.981,-16.981,391.422,391.422,6900.0
1.2136,-18.632,-18.632,390.989,390.989,6900.0
1.2137,-20.129,-20.129,390.615,390.615,6900.0
1.2138,-21.217,-21.217,390.292,390.292,6900.0
1.2139,-22.12,-22.12,389.995,389.995,6900.0
1.214,-23.353,-23.353,389.718,389.718,6900.0
1.2141,-24.792,-24.792,389.478,389.478,6900.0
1.2142,-25.976,-25.976,389.291,389.291,6900.0
1.2143,-27.07,-27.07,389.15,389.15,6900.0
1.2144,-28.128,-28.128,389.052,389.052,6900.0
1.2145,-29.252,-29.252,388.992,388.992,6900.0
1.2146,-30.327,-30.327,388.979,388.979,6900.0
1.2147,-31.673,-31.426,389.013,389.013,6900.0
1.2148,-32.504,-32.504,389.101,389.101,6900.0
1.2149,-33.606,-33.606,389.241,389.241,6900.0
1.215,-34.49,-34.49,389.441,389.441,6900.0
1.2151,-35.117,-35.117,389.683,389.683,6900.0
1.2152,-35.796,-35.796,389.951,389.951,6900.0
1.2153,-36.619,-36.619,390.25,390.25,6900.0
1.2154,-37.534,-37.534,390.583,390.583,6900.0
1.2155,-38.267,-38.267,390.971,390.971,6900.0
1.2156,-38.655,-38.655,391.391,391.391,6900.0
1.2157,-39.004,-39.004,391.823,391.823,6900.0
1.2158,-39.914,-39.914,392.279,392.279,6900.0
1.2159,-40.469,-40.469,392.778,392.778,6900.0
1.216,-41.079,-41.079,393.332,393.332,6900.0
1.2161,-41.256,-41.256,393.923,393.923,6900.0
1.2162,-41.523,-41.523,394.518,394.518,6900.0
1.2163,-41.921,-41.921,395.139,395.139,6900.0
1.2164,-42.029,-42.029,395.775,395.775,6900.0
1.2165,-42.448,-42.448,396.43,396.43,6900.0
1.2166,-42.517,-42.517,397.105,397.105,6900.0
1.2167,-42.592,-42.592,397.765,397.765,6900.0
1.2168,-42.664,-42.664,398.434,398.434,6900.0
1.2169,-42.462,-42.462,399.098,399.098,6900.0
1.217,-42.696,-42.696,399.754,399.754,6900.0
1.2171,-42.477,-42.477,400.431,400.431,6900.0
1.2172,-42.5,-42.5,401.091,401.091,6900.0
1.2173,-42.483,-42.483,401.764,401.764,6900.0
1.2174,-42.122,-42.122,402.434,402.434,6900.0
1.2175,-42.23,-42.23,403.079,403.079,6900.0
1.2176,-41.694,-41.694,403.737,403.737,6900.0
1.2177,-41.518,-41.518,404.362,404.362,6900.0
1.2178,-41.052,-41.052,404.988,404.988,6900.0
1.2179,-40.536,-40.536,405.583,405.583,6900.0
1.218,-40.215,-40.215,406.133,406.133,6900.0
1.2181,-39.528,-39.528,406.667,406.667,6900.0
1.2182,-39.169,-39.169,407.161,407.161,6900.0
1.2183,-38.572,-38.572,407.645,407.645,6900.0
1.2184,-37.819,-37.819,408.096,408.096,6900.0
1.2185,-37.066,-37.066,408.502,408.502,6900.0
1.2186,-36.6,-36.6,408.873,408.873,6900.0
1.2187,-36.058,-36.058,409.22,409.22,6900.0
1.2188,-35.276,-35.276,409.547,409.547,6900.0
1.2189,-34.396,-34.396,409.838,409.838,6900.0
1.219,-33.566,-33.566,410.084,410.084,6900.0
1.2191,-32.829,-32.829,410.289,410.289,6900.0
1.2192,-32.011,-32.011,410.456,410.456,6900.0
1.2193,-31.052,-31.052,410.583,410.583,6900.0
1.2194,-30.103,-30.103,410.669,410.669,6900.0
1.2195,-29.298,-29.298,410.716,410.716,6900.0
1.2196,-28.237,-28.237,410.724,410.724,6900.0
1.2197,-27.125,-27.125,410.684,410.684,6900.0
1.2198,-26.225,-26.225,410.591,410.591,6900.0
1.2199,-25.18,-25.18,410.466,410.466,6900.0
1.22,-24.37,-24.37,410.315,410.315,6900.0
1.2201,-22.985,-22.985,410.14,410.14,6900.0
1.2202,-21.558,-21.558,409.906,409.906,6900.0
1.2203,-20.617,-20.617,409.614,409.614,6900.0
1.2204,-19.901,-19.901,409.293,409.293,6900.0
1.2205,-19.228,-19.228,408.958,408.958,6900.0
1.2206,-17.68,-17.68,408.611,408.611,6900.0
1.2207,-15.992,-15.992,408.215,408.215,6900.0
1.2208,-14.951,-14.951,407.768,407.768,6900.0
1.2209,-13.652,-13.652,407.293,407.293,6900.0
1.221,-12.762,-12.762,406.789,406.789,6900.0
1.2211,-11.267,-11.267,406.269,406.269,6900.0
1.2212,-9.779,-9.779,405.718,405.718,6900.0
1.2213,-8.687,-8.687,405.138,405.138,6900.0
1.2214,-7.426,-7.426,404.541,404.541,6900.0
1.2215,-6.279,-6.279,403.928,403.928,6900.0
1.2216,-5.054,-5.054,403.303,403.303,6900.0
1.2217,-3.576,-3.576,402.666,402.666,6900.0
1.2218,-2.258,-2.258,402.018,402.018,6900.0
1.2219,-1.008,-1.008,401.361,401.361,6900.0
1.222,-0.83,-0.83,400.7,400.7,6900.0
1.2221,0.094,0.094,400.038,400.038,6900.0
1.2222,1.456,1.456,399.374,399.374,6900.0
1.2223,2.661,2.661,398.71,398.71,6900.0
1.2224,2.954,2.954,398.052,398.052,6900.0
1.2225,4.084,4.084,397.397,397.397,6900.0
1.2226,5.237,5.237,396.753,396.753,6900.0
1.2227,6.36,6.36,396.118,396.118,6900.0
1.2228,7.744,7.744,395.492,395.492,6900.0
1.2229,9.099,9.099,394.882,394.882,6900.0
1.223,10.746,10.746,394.291,394.291,6900.0
1.2231,11.842,11.842,393.732,393.732,6900.0
1.2232,12.97,12.97,393.189,393.189,6900.0
1.2233,14.531,14.531,392.657,392.657,6900.0
1.2234,15.988,15.988,392.157,392.157,6900.0
1.2235,17.712,17.712,391.697,391.697,6900.0
1.2236,18.952,18.952,391.297,391.297,6900.0
1.2237,19.828,19.828,390.931,390.931,6900.0
1.2238,21.043,21.043,390.58,390.58,6900.0
1.2239,22.431,22.431,390.262,390.262,6900.0
1.224,23.746,23.746,389.994,389.994,6900.0
1.2241,24.78,24.78,389.782,389.782,6900.0
1.2242,25.714,25.714,389.61,389.61,6900.0
1.2243,26.782,26.782,389.467,389.467,6900.0
1.2244,27.941,27.941,389.364,389.364,6900.0
1.2245,28.999,28.999,389.306,389.306,6900.0
1.2246,29.944,29.944,389.296,389.296,6900.0
1.2247,31.034,31.034,389.328,389.328,6900.0
1.2248,31.819,31.819,389.412,389.412,6900.0
1.2249,32.738,32.738,389.536,389.536,6900.0
1.225,33.654,33.654,389.698,389.698,6900.0
1.2251,34.596,34.596,389.897,389.897,6900.0
1.2252,35.427,35.427,390.143,390.143,6900.0
1.2253,36.312,36.312,390.44,390.44,6900.0
1.2254,37.066,37.066,390.783,390.783,6900.0
1.2255,37.716,37.716,391.157,391.157,6900.0
1.2256,38.301,38.301,391.554,391.554,6900.0
1.2257,38.918,38.918,391.984,391.984,6900.0
1.2258,39.768,39.768,392.455,392.455,6900.0
1.2259,40.055,40.055,392.982,392.982,6900.0
1.226,40.283,40.283,393.521,393.521,6900.0
1.2261,40.951,40.951,394.067,394.067,6900.0
1.2262,41.304,41.304,394.649,394.649,6900.0
1.2263,41.73,41.73,395.25,395.25,6900.0
1.2264,41.774,41.774,395.891,395.891,6900.0
1.2265,41.634,41.634,396.533,396.533,6900.0
1.2266,42.113,42.113,397.164,397.164,6900.0
1.2267,42.239,42.239,397.819,397.819,6900.0
1.2268,42.419,42.419,398.47,398.47,6900.0
1.2269,42.533,42.533,399.145,399.145,6900.0
1.227,42.491,42.491,399.817,399.817,6900.0
1.2271,42.49,42.49,400.487,400.487,6900.0
1.2272,42.202,42.202,401.163,401.163,6900.0
1.2273,42.105,42.105,401.813,401.813,6900.0
1.2274,42.062,42.062,402.47,402.47,6900.0
1.2275,41.66,41.66,403.119,403.119,6900.0
1.2276,41.641,41.641,403.754,403.754,6900.0
1.2277,41.075,41.075,404.39,404.39,6900.0
1.2278,40.623,40.623,404.984,404.984,6900.0
1.2279,40.213,40.213,405.556,405.556,6900.0
1.228,39.773,39.773,406.101,406.101,6900.0
1.2281,39.496,39.496,406.629,406.629,6900.0
1.2282,38.868,38.868,407.139,407.139,6900.0
1.2283,38.074,38.074,407.608,407.608,6900.0
1.2284,37.8,37.8,408.034,408.034,6900.0
1.2285,37.192,37.192,408.439,408.439,6900.0
1.2286,36.589,36.589,408.824,408.824,6900.0
1.2287,35.768,35.768,409.18,409.18,6900.0
1.2288,35.197,34.976,409.495,409.495,6900.0
1.2289,34.286,34.286,409.768,409.768,6900.0
1.229,33.514,33.514,410.005,410.005,6900.0
1.2291,32.708,32.708,410.206,410.206,6900.0
1.2292,31.766,31.766,410.371,410.371,6900.0
1.2293,30.895,30.895,410.494,410.494,6900.0
1.2294,29.935,29.935,410.579,410.579,6900.0
1.2295,28.964,28.964,410.618,410.618,6900.0
1.2296,27.987,27.987,410.607,410.607,6900.0
1.2297,27.111,27.111,410.554,410.554,6900.0
1.2298,26.186,26.186,410.471,410.471,6900.0
1.2299,24.981,24.981,410.364,410.364,6900.0
1.23,23.536,23.536,410.211,410.211,6900.0
1.2301,22.6,22.6,409.994,409.994,6900.0
1.2302,21.823,21.823,409.738,409.738,6900.0
1.2303,21.063,21.063,409.464,409.464,6900.0
1.2304,19.902,19.902,409.178,409.178,6900.0
1.2305,18.203,18.203,408.856,408.856,6900.0
1.2306,16.797,16.797,408.472,408.472,6900.0
1.2307,15.744,15.744,408.047,408.047,6900.0
1.2308,14.82,14.82,407.589,407.589,6900.0
1.2309,13.778,13.778,407.115,407.115,6900.0
1.231,12.363,12.363,406.615,406.615,6900.0
1.2311,10.933,10.933,406.081,406.081,6900.0
1.2312,9.852,9.852,405.522,405.522,6900.0
1.2313,8.681,8.681,404.943,404.943,6900.0
1.2314,7.538,7.538,404.351,404.351,6900.0
1.2315,6.027,6.027,403.745,403.745,6900.0
1.2316,4.313,4.313,403.12,403.12,6900.0
1.2317,2.898,2.898,402.48,402.48,6900.0
1.2318,1.552,1.552,401.829,401.829,6900.0
1.2319,0.563,0.563,401.171,401.171,6900.0
1.232,0.592,0.592,400.509,400.509,6900.0
1.2321,0.0,0.0,399.846,399.846,6900.0
1.2322,-2.217,-2.217,399.181,399.181,6900.0
1.2323,-2.064,-2.064,398.521,398.521,6900.0
1.2324,-3.286,-3.286,397.862,397.862,6900.0
1.2325,-4.356,-4.356,397.21,397.21,6900.0
1.2326,-5.275,-5.275,396.564,396.564,6900.0
1.2327,-6.735,-6.735,395.925,395.925,6900.0
1.2328,-8.205,-8.205,395.299,395.299,6900.0
1.2329,-9.772,-9.772,394.692,394.692,6900.0
1.233,-10.865,-10.865,394.108,394.108,6900.0
1.2331,-11.775,-11.775,393.535,393.535,6900.0
1.2332,-13.291,-13.291,392.978,392.978,6900.0
1.2333,-14.711,-14.711,392.456,392.456,6900.0
1.2334,-16.431,-16.431,391.978,391.978,6900.0
1.2335,-17.336,-17.336,391.55,391.55,6900.0
1.2336,-18.21,-18.21,391.136,391.136,6900.0
1.2337,-19.514,-19.514,390.74,390.74,6900.0
1.2338,-21.075,-21.075,390.381,390.381,6900.0
1.2339,-22.565,-22.565,390.077,390.077,6900.0
1.234,-23.58,-23.58,389.826,389.826,6900.0
1.2341,-24.556,-24.556,389.606,389.606,6900.0
1.2342,-25.788,-25.788,389.412,389.412,6900.0
1.2343,-27.06,-27.06,389.259,389.259,6900.0
1.2344,-28.233,-28.233,389.159,389.159,6900.0
1.2345,-29.36,-29.36,389.11,389.11,6900.0
1.2346,-30.447,-30.447,389.112,389.112,6900.0
1.2347,-31.27,-31.27,389.164,389.164,6900.0
1.2348,-32.289,-32.289,389.257,389.257,6900.0
1.2349,-33.175,-33.175,389.392,389.392,6900.0
1.235,-34.105,-34.105,389.569,389.569,6900.0
1.2351,-35.142,-35.142,389.789,389.789,6900.0
1.2352,-35.778,-35.778,390.067,390.067,6900.0
1.2353,-36.443,-36.443,390.376,390.376,6900.0
1.2354,-37.199,-37.199,390.705,390.705,6900.0
1.2355,-37.998,-37.998,391.071,391.071,6900.0
1.2356,-38.692,-38.692,391.474,391.474,6900.0
1.2357,-39.273,-39.273,391.93,391.93,6900.0
1.2358,-39.614,-39.614,392.421,392.421,6900.0
1.2359,-40.122,-40.122,392.919,392.919,6900.0
1.236,-40.691,-40.691,393.451,393.451,6900.0
1.2361,-41.244,-41.244,394.011,394.011,6900.0
1.2362,-41.699,-41.699,394.619,394.619,6900.0
1.2363,-41.803,-41.803,395.255,395.255,6900.0
1.2364,-42.002,-42.002,395.885,395.885,6900.0
1.2365,-42.267,-42.267,396.533,396.533,6900.0
1.2366,-42.225,-42.225,397.184,397.184,6900.0
1.2367,-42.434,-42.434,397.844,397.844,6900.0
1.2368,-42.284,-42.284,398.517,398.517,6900.0
1.2369,-42.465,-42.465,399.168,399.168,6900.0
1.237,-42.499,-42.499,399.84,399.84,6900.0
1.2371,-42.476,-42.476,400.504,400.504,6900.0
1.2372,-42.582,-42.582,401.167,401.167,6900.0
1.2373,-42.296,-42.296,401.844,401.844,6900.0
1.2374,-42.197,-42.197,402.501,402.501,6900.0
1.2375,-41.918,-41.918,403.169,403.169,6900.0
1.2376,-41.423,-41.423,403.817,403.817,6900.0
1.2377,-41.319,-41.319,404.428,404.428,6900.0
1.2378,-40.914,-40.914,405.035,405.035,6900.0
1.2379,-40.57,-40.57,405.614,405.614,6900.0
1.238,-40.08,-40.08,406.182,406.182,6900.0
1.2381,-39.35,-39.35,406.721,406.721,6900.0
1.2382,-38.919,-38.919,407.207,407.207,6900.0
1.2383,-38.46,-38.46,407.67,407.67,6900.0
1.2384,-37.894,-37.894,408.11,408.11,6900.0
1.2385,-37.3,-37.3,408.53,408.53,6900.0
1.2386,-36.615,-36.615,408.919,408.919,6900.0
1.2387,-35.825,-35.825,409.268,409.268,6900.0
1.2388,-34.945,-34.945,409.581,409.581,6900.0
1.2389,-34.555,-34.327,409.854,409.854,6900.0
1.239,-33.541,-33.541,410.098,410.098,6900.0
1.2391,-32.677,-32.677,410.306,410.306,6900.0
1.2392,-31.714,-31.714,410.474,410.474,6900.0
1.2393,-30.838,-30.838,410.593,410.593,6900.0
1.2394,-29.848,-29.848,410.667,410.667,6900.0
1.2395,-28.899,-28.899,410.693,410.693,6900.0
1.2396,-28.132,-28.132,410.68,410.68,6900.0
1.2397,-27.24,-27.24,410.641,410.641,6900.0
1.2398,-26.01,-26.01,410.569,410.569,6900.0
1.2399,-24.68,-24.68,410.445,410.445,6900.0
1.24,-23.745,-23.745,410.265,410.265,6900.0
1.2401,-23.069,-23.069,410.055,410.055,6900.0
1.2402,-22.319,-22.319,409.831,409.831,6900.0
1.2403,-20.911,-20.911,409.588,409.588,6900.0
1.2404,-19.342,-19.342,409.285,409.285,6900.0
1.2405,-18.344,-18.344,408.921,408.921,6900.0
1.2406,-17.147,-17.147,408.524,408.524,6900.0
1.2407,-16.263,-16.263,408.103,408.103,6900.0
1.2408,-14.876,-14.876,407.666,407.666,6900.0
1.2409,-13.332,-13.332,407.192,407.192,6900.0
1.241,-12.316,-12.316,406.682,406.682,6900.0
1.2411,-11.253,-11.253,406.152,406.152,6900.0
1.2412,-10.392,-10.392,405.602,405.602,6900.0
1.2413,-8.814,-8.814,405.04,405.04,6900.0
1.2414,-7.337,-7.337,404.452,404.452,6900.0
1.2415,-6.059,-6.059,403.842,403.842,6900.0
1.2416,-4.714,-4.714,403.215,403.215,6900.0
1.2417,-3.336,-3.336,402.575,402.575,6900.0
1.2418,-2.071,-2.071,401.924,401.924,6900.0
1.2419,-0.964,-0.964,401.267,401.267,6900.0
1.242,-0.0,-0.0,400.605,400.605,6900.0
1.2421,-0.0,-0.0,399.942,399.942,6900.0
1.2422,0.624,0.624,399.279,399.279,6900.0
1.2423,1.676,1.676,398.616,398.616,6900.0
1.2424,2.469,2.469,397.955,397.955,6900.0
1.2425,3.685,3.685,397.296,397.296,6900.0
1.2426,5.022,5.022,396.645,396.645,6900.0
1.2427,6.667,6.667,396.005,396.005,6900.0
1.2428,7.844,7.844,395.383,395.383,6900.0
1.2429,8.913,8.913,394.775,394.775,6900.0
1.243,10.318,10.318,394.177,394.177,6900.0
1.2431,12.014,12.014,393.604,393.604,6900.0
1.2432,13.63,13.63,393.063,393.063,6900.0
1.2433,14.732,14.732,392.567,392.567,6900.0
1.2434,15.568,15.568,392.094,392.094,6900.0
1.2435,16.79,16.79,391.629,391.629,6900.0
1.2436,18.525,18.525,391.191,391.191,6900.0
1.2437,20.176,20.176,390.804,390.804,6900.0
1.2438,21.446,21.446,390.479,390.479,6900.0
1.2439,22.306,22.306,390.192,390.192,6900.0
1.244,23.401,23.401,389.924,389.924,6900.0
1.2441,24.606,24.606,389.687,389.687,6900.0
1.2442,25.715,25.715,389.496,389.496,6900.0
1.2443,26.957,26.957,389.353,389.353,6900.0
1.2444,27.981,27.981,389.26,389.26,6900.0
1.2445,28.981,28.981,389.208,389.208,6900.0
1.2446,30.059,30.059,389.196,389.196,6900.0
1.2447,31.114,31.114,389.232,389.232,6900.0
1.2448,32.026,32.026,389.313,389.313,6900.0
1.2449,32.716,32.716,389.441,389.441,6900.0
1.245,33.57,33.57,389.616,389.616,6900.0
1.2451,34.533,34.533,389.832,389.832,6900.0
1.2452,35.226,35.226,390.087,390.087,6900.0
1.2453,36.104,36.104,390.366,390.366,6900.0
1.2454,36.792,36.792,390.689,390.689,6900.0
1.2455,37.757,37.757,391.051,391.051,6900.0
1.2456,38.541,38.541,391.465,391.465,6900.0
1.2457,39.006,39.006,391.909,391.909,6900.0
1.2458,39.657,39.657,392.368,392.368,6900.0
1.2459,40.168,40.168,392.865,392.865,6900.0
1.246,40.983,40.983,393.396,393.396,6900.0
1.2461,40.985,40.985,393.987,393.987,6900.0
1.2462,41.143,41.143,394.582,394.582,6900.0
1.2463,41.749,41.749,395.18,395.18,6900.0
1.2464,41.901,41.901,395.811,395.811,6900.0
1.2465,42.113,42.113,396.448,396.448,6900.0
1.2466,42.24,42.24,397.113,397.113,6900.0
1.2467,42.133,42.133,397.776,397.776,6900.0
1.2468,42.441,42.441,398.43,398.43,6900.0
1.2469,42.276,42.276,399.101,399.101,6900.0
1.247,42.463,42.463,399.75,399.75,6900.0
1.2471,42.476,42.476,400.422,400.422,6900.0
1.2472,42.193,42.193,401.09,401.09,6900.0
1.2473,42.183,42.183,401.752,401.752,6900.0
1.2474,41.76,41.76,402.418,402.418,6900.0
1.2475,41.389,41.389,403.054,403.054,6900.0
1.2476,41.214,41.214,403.68,403.68,6900.0
1.2477,40.867,40.867,404.291,404.291,6900.0
1.2478,40.61,40.61,404.891,404.891,6900.0
1.2479,40.084,40.084,405.476,405.476,6900.0
1.248,39.41,39.41,406.019,406.019,6900.0
1.2481,39.167,39.167,406.525,406.525,6900.0
1.2482,38.736,38.736,407.011,407.011,6900.0
1.2483,38.377,38.377,407.48,407.48,6900.0
1.2484,37.796,37.796,407.927,407.927,6900.0
1.2485,36.967,36.967,408.338,408.338,6900.0
1.2486,36.234,36.234,408.706,408.706,6900.0
1.2487,35.463,35.463,409.04,409.04,6900.0
1.2488,34.814,34.814,409.346,409.346,6900.0
1.2489,34.172,34.172,409.622,409.622,6900.0
1.249,33.411,33.411,409.863,409.863,6900.0
1.2491,32.541,32.541,410.064,410.064,6900.0
1.2492,31.561,31.561,410.223,410.223,6900.0
1.2493,30.654,30.654,410.335,410.335,6900.0
1.2494,29.827,29.827,410.407,410.407,6900.0
1.2495,28.904,28.904,410.443,410.443,6900.0
1.2496,27.725,27.725,410.447,410.447,6900.0
1.2497,26.6,26.6,410.401,410.401,6900.0
1.2498,25.672,25.672,410.296,410.296,6900.0
1.2499,24.72,24.72,410.152,410.152,6900.0
1.25,23.911,23.911,409.982,409.982,6900.0
1.2501,22.914,22.914,409.796,409.796,6900.0
1.2502,21.446,21.446,409.57,409.57,6900.0
1.2503,20.193,20.193,409.28,409.28,6900.0
1.2504,19.331,19.331,408.945,408.945,6900.0
1.2505,18.441,18.441,408.587,408.587,6900.0
1.2506,17.622,17.622,408.217,408.217,6900.0
1.2507,16.064,16.064,407.821,407.821,6900.0
1.2508,14.527,14.527,407.376,407.376,6900.0
1.2509,13.471,13.471,406.895,406.895,6900.0
1.251,12.265,12.265,406.387,406.387,6900.0
1.2511,11.196,11.196,405.861,405.861,6900.0
1.2512,9.697,9.697,405.313,405.313,6900.0
1.2513,8.216,8.216,404.735,404.735,6900.0
1.2514,7.195,7.195,404.135,404.135,6900.0
1.2515,5.803,5.803,403.519,403.519,6900.0
1.2516,4.416,4.416,402.89,402.89,6900.0
1.2517,3.046,3.046,402.248,402.248,6900.0
1.2518,1.771,1.771,401.596,401.596,6900.0
1.2519,0.649,0.649,400.937,400.937,6900.0
1.252,0.542,0.542,400.275,400.275,6900.0
1.2521,0.0,0.0,399.611,399.611,6900.0
1.2522,-1.798,-1.798,398.946,398.946,6900.0
1.2523,-2.101,-2.101,398.284,398.284,6900.0
1.2524,-3.274,-3.274,397.622,397.622,6900.0
1.2525,-4.426,-4.426,396.967,396.967,6900.0
1.2526,-5.701,-5.701,396.322,396.322,6900.0
1.2527,-6.726,-6.726,395.691,395.691,6900.0
1.2528,-7.825,-7.825,395.067,395.067,6900.0
1.2529,-9.478,-9.478,394.457,394.457,6900.0
1.253,-11.405,-10.912,393.869,393.869,6900.0
1.2531,-12.32,-12.32,393.31,393.31,6900.0
1.2532,-13.295,-13.295,392.781,392.781,6900.0
1.2533,-14.427,-14.427,392.262,392.262,6900.0
1.2534,-16.081,-16.081,391.761,391.761,6900.0
1.2535,-17.58,-17.58,391.3,391.3,6900.0
1.2536,-19.02,-19.02,390.892,390.892,6900.0
1.2537,-20.048,-20.048,390.535,390.535,6900.0
1.2538,-20.969,-20.969,390.2,390.2,6900.0
1.2539,-22.314,-22.314,389.887,389.887,6900.0
1.254,-23.696,-23.696,389.615,389.615,6900.0
1.2541,-25.046,-25.046,389.393,389.393,6900.0
1.2542,-25.983,-25.983,389.223,389.223,6900.0
1.2543,-27.153,-27.153,389.086,389.086,6900.0
1.2544,-28.424,-28.424,388.987,388.987,6900.0
1.2545,-29.531,-29.531,388.936,388.936,6900.0
1.2546,-30.51,-30.51,388.933,388.933,6900.0
1.2547,-31.445,-31.445,388.979,388.979,6900.0
1.2548,-32.516,-32.516,389.072,389.072,6900.0
1.2549,-33.529,-33.529,389.22,389.22,6900.0
1.255,-34.358,-34.358,389.414,389.414,6900.0
1.2551,-35.073,-35.073,389.641,389.641,6900.0
1.2552,-36.134,-36.134,389.902,389.902,6900.0
1.2553,-36.953,-36.953,390.21,390.21,6900.0
1.2554,-37.544,-37.544,390.572,390.572,6900.0
1.2555,-38.097,-38.097,390.964,390.964,6900.0
1.2556,-38.621,-38.621,391.373,391.373,6900.0
1.2557,-39.52,-39.52,391.81,391.81,6900.0
1.2558,-40.034,-40.034,392.289,392.289,6900.0
1.2559,-40.491,-40.491,392.819,392.819,6900.0
1.256,-40.736,-40.736,393.378,393.378,6900.0
1.2561,-41.082,-41.082,393.942,393.942,6900.0
1.2562,-41.559,-41.559,394.535,394.535,6900.0
1.2563,-41.891,-41.891,395.147,395.147,6900.0
1.2564,-42.25,-42.25,395.791,395.791,6900.0
1.2565,-42.364,-42.364,396.455,396.455,6900.0
1.2566,-42.246,-42.246,397.11,397.11,6900.0
1.2567,-42.431,-42.431,397.769,397.769,6900.0
1.2568,-42.352,-42.352,398.428,398.428,6900.0
1.2569,-42.516,-42.516,399.087,399.087,6900.0
1.257,-42.414,-42.414,399.762,399.762,6900.0
1.2571,-42.457,-42.457,400.422,400.422,6900.0
1.2572,-42.393,-42.393,401.097,401.097,6900.0
1.2573,-42.109,-42.109,401.764,401.764,6900.0
1.2574,-42.163,-42.163,402.412,402.412,6900.0
1.2575,-41.817,-41.817,403.07,403.07,6900.0
1.2576,-41.509,-41.509,403.704,403.704,6900.0
1.2577,-41.194,-41.194,404.337,404.337,6900.0
1.2578,-40.739,-40.739,404.943,404.943,6900.0
1.2579,-40.589,-40.589,405.507,405.507,6900.0
1.258,-40.138,-40.138,406.062,406.062,6900.0
1.2581,-39.763,-39.763,406.589,406.589,6900.0
1.2582,-39.008,-39.008,407.107,407.107,6900.0
1.2583,-38.316,-38.316,407.585,407.585,6900.0
1.2584,-37.644,-37.644,408.018,408.018,6900.0
1.2585,-36.876,-36.876,408.421,408.421,6900.0
1.2586,-36.486,-36.486,408.787,408.787,6900.0
1.2587,-35.722,-35.722,409.139,409.139,6900.0
1.2588,-34.946,-34.946,409.453,409.453,6900.0
1.2589,-34.263,-34.263,409.727,409.727,6900.0
1.259,-33.608,-33.608,409.963,409.963,6900.0
1.2591,-32.961,-32.961,410.163,410.163,6900.0
1.2592,-32.008,-32.008,410.33,410.33,6900.0
1.2593,-31.108,-31.108,410.457,410.457,6900.0
1.2594,-30.121,-30.121,410.545,410.545,6900.0
1.2595,-29.119,-29.119,410.59,410.59,6900.0
1.2596,-27.97,-27.97,410.586,410.586,6900.0
1.2597,-26.918,-26.918,410.531,410.531,6900.0
1.2598,-26.068,-26.068,410.437,410.437,6900.0
1.2599,-25.154,-25.154,410.319,410.319,6900.0
1.26,-23.853,-23.853,410.173,410.173,6900.0
1.2601,-22.508,-22.508,409.97,409.97,6900.0
1.2602,-21.608,-21.608,409.71,409.71,6900.0
1.2603,-20.741,-20.741,409.422,409.422,6900.0
1.2604,-19.93,-19.93,409.119,409.119,6900.0
1.2605,-18.58,-18.58,408.8,408.8,6900.0
1.2606,-16.93,-16.93,408.433,408.433,6900.0
1.2607,-15.711,-15.711,408.013,408.013,6900.0
1.2608,-14.594,-14.594,407.557,407.557,6900.0
1.2609,-13.705,-13.705,407.075,407.075,6900.0
1.261,-12.35,-12.35,406.575,406.575,6900.0
1.2611,-11.121,-11.121,406.042,406.042,6900.0
1.2612,-10.004,-10.004,405.48,405.48,6900.0
1.2613,-8.808,-8.808,404.9,404.9,6900.0
1.2614,-7.689,-7.689,404.304,404.304,6900.0
1.2615,-6.251,-6.251,403.695,403.695,6900.0
1.2616,-4.649,-4.649,403.07,403.07,6900.0
1.2617,-3.201,-3.201,402.43,402.43,6900.0
1.2618,-1.896,-1.896,401.78,401.78,6900.0
1.2619,-0.797,-0.797,401.123,401.123,6900.0
1.262,-0.744,-0.744,400.461,400.461,6900.0
1.2621,-0.0,-0.0,399.798,399.798,6900.0
1.2622,1.768,1.768,399.133,399.133,6900.0
1.2623,1.979,1.979,398.472,398.472,6900.0
1.2624,3.292,3.292,397.812,397.812,6900.0
1.2625,4.319,4.319,397.161,397.161,6900.0
1.2626,5.35,5.35,396.517,396.517,6900.0
1.2627,6.824,6.824,395.879,395.879,6900.0
1.2628,8.104,8.104,395.257,395.257,6900.0
1.2629,9.566,9.566,394.65,394.65,6900.0
1.263,10.876,10.876,394.068,394.068,6900.0
1.2631,12.501,12.012,393.503,393.503,6900.0
1.2632,13.546,13.546,392.949,392.949,6900.0
1.2633,14.997,14.997,392.425,392.425,6900.0
1.2634,16.478,16.478,391.941,391.941,6900.0
1.2635,17.828,17.828,391.51,391.51,6900.0
1.2636,18.688,18.688,391.114,391.114,6900.0
1.2637,19.937,19.937,390.731,390.731,6900.0
1.2638,21.394,21.394,390.379,390.379,6900.0
1.2639,22.68,22.68,390.076,390.076,6900.0
1.264,23.722,23.722,389.829,389.829,6900.0
1.2641,24.795,24.795,389.619,389.619,6900.0
1.2642,25.877,25.877,389.44,389.44,6900.0
1.2643,27.008,27.008,389.296,389.296,6900.0
1.2644,28.185,28.185,389.197,389.197,6900.0
1.2645,29.36,29.36,389.148,389.148,6900.0
1.2646,30.137,30.137,389.151,389.151,6900.0
1.2647,31.031,31.031,389.197,389.197,6900.0
1.2648,31.93,31.93,389.288,389.288,6900.0
1.2649,32.751,32.751,389.417,389.417,6900.0
1.265,33.722,33.722,389.58,389.58,6900.0
1.2651,34.698,34.698,389.787,389.787,6900.0
1.2652,35.693,35.693,390.048,390.048,6900.0
1.2653,36.377,36.377,390.358,390.358,6900.0
1.2654,36.901,36.901,390.696,390.696,6900.0
1.2655,37.879,37.879,391.051,391.051,6900.0
1.2656,38.362,38.362,391.456,391.456,6900.0
1.2657,39.282,39.282,391.897,391.897,6900.0
1.2658,39.706,39.706,392.395,392.395,6900.0
1.2659,39.975,39.975,392.911,392.911,6900.0
1.266,40.553,40.553,393.435,393.435,6900.0
1.2661,40.884,40.884,393.996,393.996,6900.0
1.2662,41.623,41.623,394.576,394.576,6900.0
1.2663,41.773,41.773,395.208,395.208,6900.0
1.2664,41.777,41.777,395.843,395.843,6900.0
1.2665,42.065,42.065,396.473,396.473,6900.0
1.2666,42.18,42.18,397.121,397.121,6900.0
1.2667,42.326,42.326,397.767,397.767,6900.0
1.2668,42.48,42.48,398.437,398.437,6900.0
1.2669,42.474,42.474,399.107,399.107,6900.0
1.267,42.74,42.74,399.779,399.779,6900.0
1.2671,42.43,42.43,400.467,400.467,6900.0
1.2672,42.219,42.219,401.129,401.129,6900.0
1.2673,42.194,42.194,401.794,401.794,6900.0
1.2674,41.807,41.807,402.454,402.454,6900.0
1.2675,41.775,41.775,403.101,403.101,6900.0
1.2676,41.407,41.407,403.748,403.748,6900.0
1.2677,40.96,40.96,404.36,404.36,6900.0
1.2678,40.817,40.817,404.948,404.948,6900.0
1.2679,40.51,40.51,405.518,405.518,6900.0
1.268,40.338,40.338,406.076,406.076,6900.0
1.2681,39.537,39.537,406.623,406.623,6900.0
1.2682,38.68,38.68,407.124,407.124,6900.0
1.2683,38.232,38.232,407.583,407.583,6900.0
1.2684,37.571,37.571,408.018,408.018,6900.0
1.2685,37.193,37.193,408.428,408.428,6900.0
1.2686,36.369,36.369,408.82,408.82,6900.0
1.2687,35.521,35.521,409.169,409.169,6900.0
1.2688,34.932,34.932,409.471,409.471,6900.0
1.2689,34.031,34.031,409.741,409.741,6900.0
1.269,33.35,33.35,409.971,409.971,6900.0
1.2691,32.757,32.757,410.165,410.165,6900.0
1.2692,31.84,31.84,410.328,410.328,6900.0
1.2693,30.83,30.83,410.451,410.451,6900.0
1.2694,29.742,29.742,410.526,410.526,6900.0
1.2695,28.788,28.788,410.549,410.549,6900.0
1.2696,27.895,27.895,410.533,410.533,6900.0
1.2697,27.106,27.106,410.485,410.485,6900.0
1.2698,25.995,25.995,410.415,410.415,6900.0
1.2699,24.722,24.722,410.3,410.3,6900.0
1.27,23.594,23.594,410.125,410.125,6900.0
1.2701,22.659,22.659,409.907,409.907,6900.0
1.2702,21.907,21.907,409.664,409.664,6900.0
1.2703,20.928,20.928,409.408,409.408,6900.0
1.2704,19.267,19.267,409.117,409.117,6900.0
1.2705,17.932,17.932,408.759,408.759,6900.0
1.2706,17.063,17.063,408.357,408.357,6900.0
1.2707,16.242,16.242,407.926,407.926,6900.0
1.2708,15.172,15.172,407.481,407.481,6900.0
1.2709,13.658,13.658,407.01,407.01,6900.0
1.271,12.176,12.176,406.5,406.5,6900.0
1.2711,11.104,11.104,405.965,405.965,6900.0
1.2712,9.89,9.89,405.409,405.409,6900.0
1.2713,8.657,8.657,404.838,404.838,6900.0
1.2714,7.176,7.176,404.25,404.25,6900.0
1.2715,5.55,5.55,403.64,403.64,6900.0
1.2716,4.271,4.271,403.011,403.011,6900.0
1.2717,2.847,2.847,402.369,402.369,6900.0
1.2718,1.521,1.521,401.717,401.717,6900.0
1.2719,0.543,0.543,401.058,401.058,6900.0
1.272,0.0,0.0,400.396,400.396,6900.0
1.2721,0.0,0.0,399.732,399.732,6900.0
1.2722,-2.418,-2.418,399.068,399.068,6900.0
1.2723,-2.216,-2.216,398.409,398.409,6900.0
1.2724,-3.278,-3.278,397.75,397.75,6900.0
1.2725,-4.358,-4.358,397.095,397.095,6900.0
1.2726,-5.717,-5.717,396.447,396.447,6900.0
1.2727,-6.991,-6.991,395.809,395.809,6900.0
1.2728,-8.383,-8.383,395.188,395.188,6900.0
1.2729,-9.426,-9.426,394.585,394.585,6900.0
1.273,-10.656,-10.656,393.993,393.993,6900.0
1.2731,-12.26,-12.26,393.419,393.419,6900.0
1.2732,-13.697,-13.697,392.877,392.877,6900.0
1.2733,-15.183,-15.183,392.377,392.377,6900.0
1.2734,-16.033,-16.033,391.918,391.918,6900.0
1.2735,-16.928,-16.928,391.472,391.472,6900.0
1.2736,-18.605,-18.605,391.041,391.041,6900.0
1.2737,-20.122,-20.122,390.652,390.652,6900.0
1.2738,-21.668,-21.668,390.317,390.317,6900.0
1.2739,-22.69,-22.69,390.034,390.034,6900.0
1.274,-23.544,-23.544,389.779,389.779,6900.0
1.2741,-24.871,-24.871,389.546,389.546,6900.0
1.2742,-26.17,-26.17,389.357,389.357,6900.0
1.2743,-27.325,-27.325,389.219,389.219,6900.0
1.2744,-28.317,-28.317,389.131,389.131,6900.0
1.2745,-29.343,-29.343,389.091,389.091,6900.0
1.2746,-30.547,-30.547,389.097,389.097,6900.0
1.2747,-31.609,-31.609,389.151,389.151,6900.0
1.2748,-32.697,-32.697,389.249,389.249,6900.0
1.2749,-33.66,-33.66,389.396,389.396,6900.0
1.275,-34.625,-34.625,389.587,389.587,6900.0
1.2751,-35.318,-35.318,389.832,389.832,6900.0
1.2752,-36.066,-36.066,390.109,390.109,6900.0
1.2753,-36.855,-36.855,390.409,390.409,6900.0
1.2754,-37.736,-37.736,390.748,390.748,6900.0
1.2755,-38.601,-38.601,391.126,391.126,6900.0
1.2756,-39.151,-39.151,391.566,391.566,6900.0
1.2757,-39.543,-39.543,392.04,392.04,6900.0
1.2758,-39.96,-39.96,392.528,392.528,6900.0
1.2759,-40.509,-40.509,393.046,393.046,6900.0
1.276,-40.879,-40.879,393.59,393.59,6900.0
1.2761,-41.469,-41.469,394.177,394.177,6900.0
1.2762,-41.702,-41.702,394.796,394.796,6900.0
1.2763,-41.849,-41.849,395.414,395.414,6900.0
1.2764,-42.038,-42.038,396.047,396.047,6900.0
1.2765,-42.222,-42.222,396.683,396.683,6900.0
1.2766,-42.596,-42.596,397.335,397.335,6900.0
1.2767,-42.488,-42.488,398.01,398.01,6900.0
1.2768,-42.644,-42.644,398.667,398.667,6900.0
1.2769,-42.699,-42.699,399.344,399.344,6900.0
1.277,-42.452,-42.452,400.02,400.02,6900.0
1.2771,-42.697,-42.697,400.686,400.686,6900.0
1.2772,-42.523,-42.395,401.374,401.374,6900.0
1.2773,-42.272,-42.272,402.041,402.041,6900.0
1.2774,-42.162,-42.162,402.717,402.717,6900.0
1.2775,-41.747,-41.747,403.379,403.379,6900.0
1.2776,-41.581,-41.581,404.007,404.007,6900.0
1.2777,-41.164,-41.164,404.628,404.628,6900.0
1.2778,-40.719,-40.719,405.22,405.22,6900.0
1.2779,-40.356,-40.356,405.8,405.8,6900.0
1.278,-39.799,-39.799,406.35,406.35,6900.0
1.2781,-39.425,-39.425,406.856,406.856,6900.0
1.2782,-38.993,-38.993,407.347,407.347,6900.0
1.2783,-38.483,-38.483,407.815,407.815,6900.0
1.2784,-37.68,-37.68,408.27,408.27,6900.0
1.2785,-36.895,-36.895,408.69,408.69,6900.0
1.2786,-36.185,-36.185,409.063,409.063,6900.0
1.2787,-35.499,-35.499,409.402,409.402,6900.0
1.2788,-34.839,-34.839,409.705,409.705,6900.0
1.2789,-33.967,-33.967,409.98,409.98,6900.0
1.279,-33.113,-33.113,410.213,410.213,6900.0
1.2791,-32.324,-32.324,410.403,410.403,6900.0
1.2792,-31.447,-31.447,410.551,410.551,6900.0
1.2793,-30.595,-30.595,410.652,410.652,6900.0
1.2794,-29.821,-29.821,410.712,410.712,6900.0
1.2795,-29.095,-29.095,410.737,410.737,6900.0
1.2796,-28.105,-28.105,410.737,410.737,6900.0
1.2797,-26.862,-26.862,410.7,410.7,6900.0
1.2798,-25.71,-25.71,410.611,410.611,6900.0
1.2799,-24.709,-24.709,410.47,410.47,6900.0
1.28,-23.809,-23.809,410.297,410.297,6900.0
1.2801,-22.843,-22.843,410.103,410.103,6900.0
1.2802,-21.465,-21.465,409.884,409.884,6900.0
1.2803,-20.036,-20.036,409.604,409.604,6900.0
1.2804,-19.018,-19.018,409.265,409.265,6900.0
1.2805,-18.123,-18.123,408.891,408.891,6900.0
1.2806,-17.218,-17.218,408.498,408.498,6900.0
1.2807,-15.966,-15.966,408.089,408.089,6900.0
1.2808,-14.664,-14.664,407.642,407.642,6900.0
1.2809,-13.835,-13.835,407.159,407.159,6900.0
1.281,-12.498,-12.498,406.655,406.655,6900.0
1.2811,-11.252,-11.252,406.129,406.129,6900.0
1.2812,-9.705,-9.705,405.585,405.585,6900.0
1.2813,-8.211,-8.211,405.013,405.013,6900.0
1.2814,-6.94,-6.94,404.415,404.415,6900.0
1.2815,-5.696,-5.696,403.8,403.8,6900.0
1.2816,-4.311,-4.311,403.17,403.17,6900.0
1.2817,-2.975,-2.975,402.527,402.527,6900.0
1.2818,-1.929,-1.929,401.875,401.875,6900.0
1.2819,-0.894,-0.894,401.216,401.216,6900.0
1.282,-0.018,-0.018,400.555,400.555,6900.0
1.2821,-0.0,-0.0,399.892,399.892,6900.0
1.2822,1.099,1.099,399.228,399.228,6900.0
1.2823,1.88,1.88,398.566,398.566,6900.0
1.2824,2.773,2.773,397.904,397.904,6900.0
1.2825,3.738,3.738,397.248,397.248,6900.0
1.2826,5.412,5.412,396.598,396.598,6900.0
1.2827,6.709,6.709,395.964,395.964,6900.0
1.2828,7.711,7.711,395.343,395.343,6900.0
1.2829,9.245,9.245,394.73,394.73,6900.0
1.283,10.663,10.663,394.139,394.139,6900.0
1.2831,12.409,12.409,393.575,393.575,6900.0
1.2832,13.744,13.744,393.051,393.051,6900.0
1.2833,14.593,14.593,392.551,392.551,6900.0
1.2834,15.932,15.932,392.06,392.06,6900.0
1.2835,17.497,17.497,391.598,391.598,6900.0
1.2836,19.185,19.185,391.184,391.184,6900.0
1.2837,20.559,20.559,390.832,390.832,6900.0
1.2838,21.504,21.504,390.519,390.519,6900.0
1.2839,22.521,22.521,390.223,390.223,6900.0
1.284,23.841,23.841,389.953,389.953,6900.0
1.2841,25.151,25.151,389.727,389.727,6900.0
1.2842,26.181,26.181,389.555,389.555,6900.0
1.2843,27.053,27.053,389.424,389.424,6900.0
1.2844,27.989,27.989,389.326,389.326,6900.0
1.2845,29.083,29.083,389.268,389.268,6900.0
1.2846,30.203,30.203,389.258,389.258,6900.0
1.2847,31.141,31.141,389.3,389.3,6900.0
1.2848,32.094,32.094,389.393,389.393,6900.0
1.2849,33.025,33.025,389.54,389.54,6900.0
1.285,33.744,33.744,389.733,389.733,6900.0
1.2851,34.561,34.561,389.956,389.956,6900.0
1.2852,35.343,35.343,390.207,390.207,6900.0
1.2853,36.275,36.275,390.492,390.492,6900.0
1.2854,37.222,37.222,390.823,390.823,6900.0
1.2855,37.855,37.855,391.199,391.199,6900.0
1.2856,38.314,38.314,391.601,391.601,6900.0
1.2857,39.247,39.247,392.017,392.017,6900.0
1.2858,39.554,39.554,392.488,392.488,6900.0
1.2859,40.241,40.241,392.99,392.99,6900.0
1.286,40.685,40.685,393.549,393.549,6900.0
1.2861,41.104,41.104,394.129,394.129,6900.0
1.2862,41.678,41.678,394.725,394.725,6900.0
1.2863,41.677,41.677,395.357,395.357,6900.0
1.2864,41.903,41.903,395.986,395.986,6900.0
1.2865,42.066,42.066,396.641,396.641,6900.0
1.2866,41.891,41.891,397.293,397.293,6900.0
1.2867,42.172,42.172,397.931,397.931,6900.0
1.2868,42.076,42.076,398.581,398.581,6900.0
1.2869,42.284,42.284,399.215,399.215,6900.0
1.287,42.429,42.429,399.876,399.876,6900.0
1.2871,42.097,42.097,400.542,400.542,6900.0
1.2872,42.26,42.26,401.203,401.203,6900.0
1.2873,42.008,42.008,401.878,401.878,6900.0
1.2874,41.803,41.803,402.53,402.53,6900.0
1.2875,41.705,41.705,403.182,403.182,6900.0
1.2876,41.07,41.07,403.821,403.821,6900.0
1.2877,40.848,40.848,404.437,404.437,6900.0
1.2878,40.454,40.454,405.038,405.038,6900.0
1.2879,39.947,39.947,405.6,405.6,6900.0
1.288,39.743,39.743,406.129,406.129,6900.0
1.2881,39.294,39.294,406.637,406.637,6900.0
1.2882,38.953,38.953,407.129,407.129,6900.0
1.2883,38.36,38.36,407.604,407.604,6900.0
1.2884,37.45,37.45,408.043,408.043,6900.0
1.2885,36.929,36.929,408.437,408.437,6900.0
1.2886,36.216,36.216,408.808,408.808,6900.0
1.2887,35.677,35.677,409.152,409.152,6900.0
1.2888,34.785,34.785,409.47,409.47,6900.0
1.2889,33.927,33.927,409.745,409.745,6900.0
1.289,33.027,33.027,409.977,409.977,6900.0
1.2891,32.173,32.173,410.164,410.164,6900.0
1.2892,31.308,31.308,410.308,410.308,6900.0
1.2893,30.554,30.554,410.41,410.41,6900.0
1.2894,29.681,29.681,410.479,410.479,6900.0
1.2895,28.731,28.731,410.512,410.512,6900.0
1.2896,27.502,27.502,410.503,410.503,6900.0
1.2897,26.464,26.464,410.435,410.435,6900.0
1.2898,25.54,25.54,410.326,410.326,6900.0
1.2899,24.741,24.741,410.189,410.189,6900.0
1.29,23.594,23.594,410.036,410.036,6900.0
1.2901,22.338,22.338,409.838,409.838,6900.0
1.2902,21.159,21.159,409.58,409.58,6900.0
1.2903,20.255,20.255,409.278,409.278,6900.0
1.2904,19.303,19.303,408.952,408.952,6900.0
1.2905,18.256,18.256,408.613,408.613,6900.0
1.2906,16.828,16.828,408.242,408.242,6900.0
1.2907,15.448,15.448,407.821,407.821,6900.0
1.2908,14.409,14.409,407.363,407.363,6900.0
1.2909,13.354,13.354,406.876,406.876,6900.0
1.291,12.271,12.271,406.371,406.371,6900.0
1.2911,10.919,10.919,405.842,405.842,6900.0
1.2912,9.469,9.469,405.283,405.283,6900.0
1.2913,8.211,8.211,404.7,404.7,6900.0
1.2914,7.041,7.041,404.098,404.098,6900.0
1.2915,5.783,5.783,403.482,403.482,6900.0
1.2916,4.408,4.408,402.853,402.853,6900.0
1.2917,2.937,2.937,402.211,402.211,6900.0
1.2918,1.537,1.537,401.559,401.559,6900.0
1.2919,0.434,0.434,400.899,400.899,6900.0
1.292,0.0,0.0,400.237,400.237,6900.0
1.2921,0.0,0.0,399.573,399.573,6900.0
1.2922,-1.74,-1.74,398.908,398.908,6900.0
1.2923,-2.362,-2.362,398.246,398.246,6900.0
1.2924,-3.285,-3.285,397.586,397.586,6900.0
1.2925,-4.544,-4.544,396.934,396.934,6900.0
1.2926,-5.511,-5.511,396.292,396.292,6900.0
1.2927,-6.729,-6.729,395.656,395.656,6900.0
1.2928,-8.251,-8.251,395.033,395.033,6900.0
1.2929,-9.624,-9.624,394.427,394.427,6900.0
1.293,-11.196,-11.196,393.847,393.847,6900.0
1.2931,-12.081,-12.081,393.294,393.294,6900.0
1.2932,-13.236,-13.236,392.75,392.75,6900.0
1.2933,-14.918,-14.918,392.224,392.224,6900.0
1.2934,-16.417,-16.417,391.735,391.735,6900.0
1.2935,-18.029,-18.029,391.295,391.295,6900.0
1.2936,-18.89,-18.89,390.907,390.907,6900.0
1.2937,-19.73,-19.73,390.536,390.536,6900.0
1.2938,-21.257,-21.257,390.183,390.183,6900.0
1.2939,-22.757,-22.757,389.873,389.873,6900.0
1.294,-24.092,-24.092,389.619,389.619,6900.0
1.2941,-25.143,-25.143,389.415,389.415,6900.0
1.2942,-26.084,-26.084,389.248,389.248,6900.0
1.2943,-27.309,-27.309,389.112,389.112,6900.0
1.2944,-28.316,-28.316,389.022,389.022,6900.0
1.2945,-29.363,-29.363,388.976,388.976,6900.0
1.2946,-30.703,-30.703,388.978,388.978,6900.0
1.2947,-31.773,-31.773,389.037,389.037,6900.0
1.2948,-32.678,-32.678,389.147,389.147,6900.0
1.2949,-33.563,-33.563,389.299,389.299,6900.0
1.295,-34.281,-34.281,389.486,389.486,6900.0
1.2951,-35.216,-35.216,389.71,389.71,6900.0
1.2952,-36.213,-36.213,389.975,389.975,6900.0
1.2953,-36.881,-36.881,390.3,390.3,6900.0
1.2954,-37.431,-37.431,390.658,390.658,6900.0
1.2955,-38.057,-38.057,391.035,391.035,6900.0
1.2956,-38.831,-38.831,391.445,391.445,6900.0
1.2957,-39.617,-39.617,391.892,391.892,6900.0
1.2958,-40.086,-40.086,392.401,392.401,6900.0
1.2959,-40.331,-40.331,392.94,392.94,6900.0
1.296,-40.642,-40.642,393.483,393.483,6900.0
1.2961,-41.36,-41.36,394.05,394.05,6900.0
1.2962,-41.765,-41.765,394.642,394.642,6900.0
1.2963,-42.047,-42.047,395.273,395.273,6900.0
1.2964,-42.151,-42.151,395.921,395.921,6900.0
1.2965,-42.254,-42.254,396.562,396.562,6900.0
1.2966,-42.424,-42.424,397.217,397.217,6900.0
1.2967,-42.3,-42.3,397.873,397.873,6900.0
1.2968,-42.572,-42.572,398.532,398.532,6900.0
1.2969,-42.487,-42.487,399.214,399.214,6900.0
1.297,-42.443,-42.443,399.882,399.882,6900.0
1.2971,-42.476,-42.476,400.563,400.563,6900.0
1.2972,-42.112,-42.112,401.24,401.24,6900.0
1.2973,-42.137,-42.137,401.896,401.896,6900.0
1.2974,-41.777,-41.777,402.56,402.56,6900.0
1.2975,-41.448,-41.448,403.199,403.199,6900.0
1.2976,-41.469,-41.469,403.833,403.833,6900.0
1.2977,-41.017,-41.017,404.454,404.454,6900.0
1.2978,-40.751,-40.751,405.037,405.037,6900.0
1.2979,-40.391,-40.391,405.605,405.605,6900.0
1.298,-40.09,-40.09,406.148,406.148,6900.0
1.2981,-39.495,-39.495,406.684,406.684,6900.0
1.2982,-38.827,-38.827,407.185,407.185,6900.0
1.2983,-38.203,-38.203,407.643,407.643,6900.0
1.2984,-37.489,-37.489,408.076,408.076,6900.0
1.2985,-37.102,-37.102,408.477,408.477,6900.0
1.2986,-36.413,-36.413,408.865,408.865,6900.0
1.2987,-35.592,-35.592,409.217,409.217,6900.0
1.2988,-34.815,-34.815,409.524,409.524,6900.0
1.2989,-33.99,-33.99,409.792,409.792,6900.0
1.299,-33.171,-33.171,410.019,410.019,6900.0
1.2991,-32.68,-32.68,410.205,410.205,6900.0
1.2992,-31.832,-31.832,410.362,410.362,6900.0
1.2993,-30.856,-30.856,410.482,410.482,6900.0
1.2994,-29.736,-29.736,410.558,410.558,6900.0
1.2995,-28.681,-28.681,410.583,410.583,6900.0
1.2996,-27.724,-27.724,410.559,410.559,6900.0
1.2997,-27.046,-27.046,410.5,410.5,6900.0
1.2998,-26.171,-26.171,410.421,410.421,6900.0
1.2999,-24.872,-24.872,410.313,410.313,6900.0
