t,Iac_real,Iac_int,Vdc_real,Vdc_int,P_charge
0.6,-21.971,-21.971,410.188,410.188,
0.6001,-21.086,-21.086,409.915,409.915,6900.0
0.6002,-20.038,-20.038,409.607,409.607,6900.0
0.6003,-19.234,-19.234,409.271,409.271,6900.0
0.6004,-17.906,-17.906,408.917,408.917,6900.0
0.6005,-16.36,-16.36,408.521,408.521,6900.0
0.6006,-15.477,-15.477,408.082,408.082,6900.0
0.6007,-14.211,-14.211,407.622,407.622,6900.0
0.6008,-13.167,-13.167,407.136,407.136,6900.0
0.6009,-11.799,-11.799,406.632,406.632,6900.0
0.601,-10.461,-10.461,406.099,406.099,6900.0
0.6011,-9.092,-9.092,405.537,405.537,6900.0
0.6012,-7.742,-7.742,404.953,404.953,6900.0
0.6013,-6.625,-6.625,404.348,404.348,6900.0
0.6014,-5.491,-5.491,403.728,403.728,6900.0
0.6015,-4.066,-4.066,403.095,403.095,6900.0
0.6016,-2.699,-2.699,402.45,402.45,6900.0
0.6017,-1.462,-1.462,401.796,401.796,6900.0
0.6018,-1.425,-1.425,401.136,401.136,6900.0
0.6019,-0.0,-0.0,400.474,400.474,6900.0
0.602,0.51,0.51,399.811,399.811,6900.0
0.6021,2.186,2.186,399.147,399.147,6900.0
0.6022,2.124,2.124,398.486,398.486,6900.0
0.6023,3.371,3.371,397.826,397.826,6900.0
0.6024,4.472,4.472,397.176,397.176,6900.0
0.6025,5.403,5.403,396.533,396.533,6900.0
0.6026,6.977,6.977,395.896,395.896,6900.0
0.6027,8.622,8.622,395.277,395.277,6900.0
0.6028,10.116,10.116,394.681,394.681,6900.0
0.6029,11.332,11.332,394.116,394.116,6900.0
0.603,12.261,12.261,393.568,393.568,6900.0
0.6031,13.583,13.583,393.028,393.028,6900.0
0.6032,15.084,15.084,392.512,392.512,6900.0
0.6033,16.764,16.764,392.035,392.035,6900.0
0.6034,18.181,18.181,391.61,391.61,6900.0
0.6035,19.116,19.116,391.224,391.224,6900.0
0.6036,20.35,20.35,390.86,390.86,6900.0
0.6037,21.597,21.597,390.53,390.53,6900.0
0.6038,22.963,22.963,390.242,390.242,6900.0
0.6039,24.134,24.134,390.003,390.003,6900.0
0.604,25.296,25.296,389.806,389.806,6900.0
0.6041,26.274,26.274,389.65,389.65,6900.0
0.6042,27.171,27.171,389.531,389.531,6900.0
0.6043,28.271,28.271,389.446,389.446,6900.0
0.6044,29.385,29.385,389.401,389.401,6900.0
0.6045,30.425,30.425,389.402,389.402,6900.0
0.6046,31.355,31.355,389.458,389.458,6900.0
0.6047,32.157,32.157,389.563,389.563,6900.0
0.6048,32.886,32.886,389.704,389.704,6900.0
0.6049,33.877,33.877,389.874,389.874,6900.0
0.605,34.761,34.761,390.095,390.095,6900.0
0.6051,35.839,35.839,390.369,390.369,6900.0
0.6052,36.58,36.58,390.7,390.7,6900.0
0.6053,37.015,37.015,391.058,391.058,6900.0
0.6054,37.775,37.775,391.428,391.428,6900.0
0.6055,38.32,38.32,391.835,391.835,6900.0
0.6056,39.135,39.135,392.275,392.275,6900.0
0.6057,39.626,39.626,392.77,392.77,6900.0
0.6058,39.787,39.787,393.284,393.284,6900.0
0.6059,40.412,40.412,393.807,393.807,6900.0
0.606,40.653,40.653,394.365,394.365,6900.0
0.6061,41.369,41.369,394.938,394.938,6900.0
0.6062,41.611,41.611,395.568,395.568,6900.0
0.6063,41.637,41.637,396.206,396.206,6900.0
0.6064,41.958,41.958,396.849,396.849,6900.0
0.6065,42.0,42.0,397.512,397.512,6900.0
0.6066,42.147,42.147,398.165,398.165,6900.0
0.6067,42.289,42.289,398.84,398.84,6900.0
0.6068,42.025,42.025,399.514,399.514,6900.0
0.6069,42.183,42.183,400.179,400.179,6900.0
0.607,41.948,41.948,400.852,400.852,6900.0
0.6071,41.625,41.625,401.498,401.498,6900.0
0.6072,41.518,41.518,402.142,402.142,6900.0
0.6073,41.313,41.313,402.776,402.776,6900.0
0.6074,41.115,41.115,403.414,403.414,6900.0
0.6075,40.661,40.661,404.047,404.047,6900.0
0.6076,40.244,40.244,404.643,404.643,6900.0
0.6077,40.137,40.137,405.216,405.216,6900.0
0.6078,39.792,39.792,405.773,405.773,6900.0
0.6079,39.44,39.44,406.318,406.318,6900.0
0.608,38.959,38.959,406.841,406.841,6900.0
0.6081,38.126,38.126,407.326,407.326,6900.0
0.6082,37.6,37.6,407.763,407.763,6900.0
0.6083,37.025,37.025,408.17,408.17,6900.0
0.6084,36.552,36.552,408.557,408.557,6900.0
0.6085,35.952,35.952,408.923,408.923,6900.0
0.6086,35.212,35.212,409.256,409.256,6900.0
0.6087,34.368,34.368,409.553,409.553,6900.0
0.6088,33.548,33.548,409.811,409.811,6900.0
0.6089,32.903,32.903,410.029,410.029,6900.0
0.609,31.926,31.926,410.214,410.214,6900.0
0.6091,31.05,31.05,410.357,410.357,6900.0
0.6092,30.218,30.218,410.463,410.463,6900.0
0.6093,28.918,28.918,410.523,410.523,6900.0
0.6094,27.861,27.861,410.518,410.518,6900.0
0.6095,27.247,27.247,410.467,410.467,6900.0
0.6096,26.578,26.578,410.395,410.395,6900.0
0.6097,25.425,25.425,410.31,410.31,6900.0
0.6098,24.026,24.026,410.178,410.178,6900.0
0.6099,22.908,22.908,409.978,409.978,6900.0
0.61,22.063,22.063,409.735,409.735,6900.0
0.6101,21.309,21.309,409.466,409.466,6900.0
0.6102,20.422,20.422,409.185,409.185,6900.0
0.6103,18.873,18.873,408.875,408.875,6900.0
0.6104,17.398,17.398,408.512,408.512,6900.0
0.6105,16.303,16.303,408.109,408.109,6900.0
0.6106,15.448,15.448,407.674,407.674,6900.0
0.6107,14.339,14.339,407.221,407.221,6900.0
0.6108,12.977,12.977,406.74,406.74,6900.0
0.6109,11.518,11.518,406.223,406.223,6900.0
0.611,10.251,10.251,405.679,405.679,6900.0
0.6111,8.99,8.99,405.109,405.109,6900.0
0.6112,7.865,7.865,404.521,404.521,6900.0
0.6113,6.532,6.532,403.916,403.916,6900.0
0.6114,5.243,5.243,403.295,403.295,6900.0
0.6115,3.771,3.771,402.661,402.661,6900.0
0.6116,2.521,2.521,402.015,402.015,6900.0
0.6117,1.244,1.244,401.361,401.361,6900.0
0.6118,0.318,0.318,400.7,400.7,6900.0
0.6119,0.0,0.0,400.038,400.038,6900.0
0.612,-0.479,-0.479,399.373,399.373,6900.0
0.6121,-2.847,-2.847,398.708,398.708,6900.0
0.6122,-3.11,-3.11,398.05,398.05,6900.0
0.6123,-3.676,-3.676,397.396,397.396,6900.0
0.6124,-4.818,-4.818,396.745,396.745,6900.0
0.6125,-6.433,-6.433,396.103,396.103,6900.0
0.6126,-7.451,-7.451,395.475,395.475,6900.0
0.6127,-8.82,-8.82,394.865,394.865,6900.0
0.6128,-9.752,-9.752,394.275,394.275,6900.0
0.6129,-10.962,-10.962,393.691,393.691,6900.0
0.613,-12.519,-12.519,393.122,393.122,6900.0
0.6131,-14.009,-14.009,392.582,392.582,6900.0
0.6132,-15.638,-15.638,392.083,392.083,6900.0
0.6133,-16.864,-16.864,391.63,391.63,6900.0
0.6134,-17.829,-17.829,391.2,391.2,6900.0
0.6135,-19.101,-19.101,390.793,390.793,6900.0
0.6136,-20.509,-20.509,390.422,390.422,6900.0
0.6137,-21.81,-21.81,390.099,390.099,6900.0
0.6138,-22.944,-22.944,389.822,389.822,6900.0
0.6139,-23.993,-23.993,389.583,389.583,6900.0
0.614,-25.157,-25.157,389.379,389.379,6900.0
0.6141,-26.177,-26.177,389.215,389.215,6900.0
0.6142,-27.364,-27.364,389.088,389.088,6900.0
0.6143,-28.493,-28.493,389.007,389.007,6900.0
0.6144,-29.707,-29.707,388.972,388.972,6900.0
0.6145,-30.67,-30.67,388.99,388.99,6900.0
0.6146,-31.632,-31.632,389.05,389.05,6900.0
0.6147,-32.536,-32.536,389.143,389.143,6900.0
0.6148,-33.518,-33.518,389.282,389.282,6900.0
0.6149,-34.38,-34.38,389.471,389.471,6900.0
0.615,-35.24,-35.24,389.722,389.722,6900.0
0.6151,-35.845,-35.845,390.016,390.016,6900.0
0.6152,-36.578,-36.578,390.328,390.328,6900.0
0.6153,-37.426,-37.426,390.677,390.677,6900.0
0.6154,-38.097,-38.097,391.064,391.064,6900.0
0.6155,-38.903,-38.903,391.502,391.502,6900.0
0.6156,-39.17,-39.17,391.98,391.98,6900.0
0.6157,-39.627,-39.627,392.454,392.454,6900.0
0.6158,-40.251,-40.251,392.959,392.959,6900.0
0.6159,-40.753,-40.753,393.488,393.488,6900.0
0.616,-41.333,-41.333,394.063,394.063,6900.0
0.6161,-41.517,-41.517,394.673,394.673,6900.0
0.6162,-41.867,-41.867,395.282,395.282,6900.0
0.6163,-42.081,-42.081,395.926,395.926,6900.0
0.6164,-41.949,-41.949,396.576,396.576,6900.0
0.6165,-42.225,-42.225,397.234,397.234,6900.0
0.6166,-42.243,-42.243,397.914,397.914,6900.0
0.6167,-42.244,-42.244,398.586,398.586,6900.0
0.6168,-42.342,-42.342,399.27,399.27,6900.0
0.6169,-41.994,-41.994,399.949,399.949,6900.0
0.617,-42.178,-42.178,400.604,400.604,6900.0
0.6171,-42.059,-42.059,401.27,401.27,6900.0
0.6172,-41.997,-41.997,401.92,401.92,6900.0
0.6173,-41.646,-41.646,402.579,402.579,6900.0
0.6174,-41.22,-41.22,403.217,403.217,6900.0
0.6175,-41.04,-41.04,403.82,403.82,6900.0
0.6176,-40.678,-40.678,404.421,404.421,6900.0
0.6177,-40.427,-40.427,405.005,405.005,6900.0
0.6178,-40.039,-40.039,405.59,405.59,6900.0
0.6179,-39.434,-39.434,406.15,406.15,6900.0
0.618,-39.037,-39.037,406.664,406.664,6900.0
0.6181,-38.652,-38.652,407.154,407.154,6900.0
0.6182,-38.057,-38.057,407.619,407.619,6900.0
0.6183,-37.392,-37.392,408.057,408.057,6900.0
0.6184,-36.644,-36.644,408.457,408.457,6900.0
0.6185,-35.885,-35.885,408.814,408.814,6900.0
0.6186,-35.433,-35.433,409.13,409.13,6900.0
0.6187,-34.902,-34.902,409.42,409.42,6900.0
0.6188,-34.026,-34.026,409.686,409.686,6900.0
0.6189,-33.164,-33.164,409.916,409.916,6900.0
0.619,-32.161,-32.161,410.113,410.113,6900.0
0.6191,-31.286,-31.286,410.264,410.264,6900.0
0.6192,-30.239,-30.239,410.368,410.368,6900.0
0.6193,-29.183,-29.183,410.422,410.422,6900.0
0.6194,-28.31,-28.31,410.432,410.432,6900.0
0.6195,-27.432,-27.432,410.415,410.415,6900.0
0.6196,-26.237,-26.237,410.365,410.365,6900.0
0.6197,-25.018,-25.018,410.253,410.253,6900.0
0.6198,-24.164,-24.164,410.084,410.084,6900.0
0.6199,-23.545,-23.545,409.884,409.884,6900.0
0.62,-22.715,-22.715,409.674,409.674,6900.0
0.6201,-21.427,-21.427,409.448,409.448,6900.0
0.6202,-19.902,-19.902,409.17,409.17,6900.0
0.6203,-18.832,-18.832,408.837,408.837,6900.0
0.6204,-17.456,-17.456,408.47,408.47,6900.0
0.6205,-16.543,-16.543,408.069,408.069,6900.0
0.6206,-15.453,-15.453,407.645,407.645,6900.0
0.6207,-14.118,-14.118,407.186,407.186,6900.0
0.6208,-13.137,-13.137,406.69,406.69,6900.0
0.6209,-11.832,-11.832,406.172,406.172,6900.0
0.621,-10.787,-10.787,405.63,405.63,6900.0
0.6211,-9.539,-9.539,405.07,405.07,6900.0
0.6212,-8.184,-8.184,404.489,404.489,6900.0
0.6213,-6.966,-6.966,403.887,403.887,6900.0
0.6214,-5.55,-5.55,403.27,403.27,6900.0
0.6215,-4.205,-4.205,402.638,402.638,6900.0
0.6216,-2.748,-2.748,401.995,401.995,6900.0
0.6217,-1.46,-1.46,401.341,401.341,6900.0
0.6218,-0.14,-0.14,400.682,400.682,6900.0
0.6219,-0.0,-0.0,400.019,400.019,6900.0
0.622,1.074,1.074,399.355,399.355,6900.0
0.6221,2.175,2.175,398.691,398.691,6900.0
0.6222,2.068,2.068,398.031,398.031,6900.0
0.6223,3.342,3.342,397.37,397.37,6900.0
0.6224,4.401,4.401,396.718,396.718,6900.0
0.6225,6.032,6.032,396.074,396.074,6900.0
0.6226,7.066,7.066,395.448,395.448,6900.0
0.6227,7.963,7.963,394.83,394.83,6900.0
0.6228,9.448,9.448,394.219,394.219,6900.0
0.6229,11.166,11.166,393.628,393.628,6900.0
0.623,12.833,12.833,393.067,393.067,6900.0
0.6231,14.146,14.146,392.547,392.547,6900.0
0.6232,15.004,15.004,392.054,392.054,6900.0
0.6233,16.428,16.428,391.572,391.572,6900.0
0.6234,17.914,17.914,391.121,391.121,6900.0
0.6235,19.526,19.526,390.714,390.714,6900.0
0.6236,20.697,20.697,390.362,390.362,6900.0
0.6237,21.683,21.683,390.051,390.051,6900.0
0.6238,22.867,22.867,389.768,389.768,6900.0
0.6239,24.011,24.011,389.523,389.523,6900.0
0.624,25.154,25.154,389.319,389.319,6900.0
0.6241,26.396,26.396,389.157,389.157,6900.0
0.6242,27.507,27.507,389.042,389.042,6900.0
0.6243,28.592,28.592,388.972,388.972,6900.0
0.6244,29.409,29.409,388.944,388.944,6900.0
0.6245,30.414,30.414,388.947,388.947,6900.0
0.6246,31.414,31.414,388.989,388.989,6900.0
0.6247,32.319,32.319,389.076,389.076,6900.0
0.6248,33.313,33.313,389.22,389.22,6900.0
0.6249,34.088,34.088,389.418,389.418,6900.0
0.625,34.811,34.811,389.648,389.648,6900.0
0.6251,35.657,35.657,389.908,389.908,6900.0
0.6252,36.392,36.392,390.216,390.216,6900.0
0.6253,37.493,37.493,390.569,390.569,6900.0
0.6254,38.228,38.228,390.982,390.982,6900.0
0.6255,38.676,38.676,391.418,391.418,6900.0
0.6256,39.352,39.352,391.866,391.866,6900.0
0.6257,39.826,39.826,392.347,392.347,6900.0
0.6258,40.59,40.59,392.855,392.855,6900.0
0.6259,40.844,40.844,393.419,393.419,6900.0
0.626,40.881,40.881,393.991,393.991,6900.0
0.6261,41.425,41.425,394.569,394.569,6900.0
0.6262,41.695,41.695,395.181,395.181,6900.0
0.6263,42.063,42.063,395.803,395.803,6900.0
0.6264,42.313,42.313,396.468,396.468,6900.0
0.6265,42.151,42.151,397.142,397.142,6900.0
0.6266,42.589,42.589,397.813,397.813,6900.0
0.6267,42.604,42.604,398.505,398.505,6900.0
0.6268,42.435,42.435,399.184,399.184,6900.0
0.6269,42.445,42.445,399.865,399.865,6900.0
0.627,42.074,42.074,400.54,400.54,6900.0
0.6271,42.197,42.197,401.203,401.203,6900.0
0.6272,41.846,41.846,401.87,401.87,6900.0
0.6273,41.606,41.606,402.507,402.507,6900.0
0.6274,41.617,41.617,403.134,403.134,6900.0
0.6275,41.333,41.333,403.757,403.757,6900.0
0.6276,41.165,41.165,404.379,404.379,6900.0
0.6277,40.663,40.663,404.994,404.994,6900.0
0.6278,39.988,39.988,405.574,405.574,6900.0
0.6279,39.553,39.553,406.12,406.12,6900.0
0.628,39.001,39.001,406.639,406.639,6900.0
0.6281,38.574,38.574,407.139,407.139,6900.0
0.6282,37.951,37.951,407.613,407.613,6900.0
0.6283,37.315,37.315,408.044,408.044,6900.0
0.6284,36.634,36.634,408.433,408.433,6900.0
0.6285,36.136,36.136,408.785,408.785,6900.0
0.6286,35.538,35.538,409.114,409.114,6900.0
0.6287,34.825,34.825,409.414,409.414,6900.0
0.6288,33.994,33.994,409.681,409.681,6900.0
0.6289,33.168,33.168,409.912,409.912,6900.0
0.629,32.284,32.284,410.102,410.102,6900.0
0.6291,31.337,31.337,410.247,410.247,6900.0
0.6292,30.531,30.531,410.349,410.349,6900.0
0.6293,29.478,29.478,410.42,410.42,6900.0
0.6294,28.392,28.392,410.457,410.457,6900.0
0.6295,27.23,27.23,410.444,410.444,6900.0
0.6296,26.194,26.194,410.367,410.367,6900.0
0.6297,25.281,25.281,410.247,410.247,6900.0
0.6298,24.37,24.37,410.102,410.102,6900.0
0.6299,23.359,23.359,409.941,409.941,6900.0
0.63,21.867,21.867,409.739,409.739,6900.0
0.6301,20.856,20.856,409.469,409.469,6900.0
0.6302,20.033,20.033,409.159,409.159,6900.0
0.6303,19.291,19.291,408.817,408.817,6900.0
0.6304,18.309,18.309,408.46,408.46,6900.0
0.6305,16.785,16.785,408.075,408.075,6900.0
0.6306,15.471,15.471,407.643,407.643,6900.0
0.6307,14.441,14.441,407.181,407.181,6900.0
0.6308,13.328,13.328,406.693,406.693,6900.0
0.6309,12.159,12.159,406.189,406.189,6900.0
0.631,10.657,10.657,405.662,405.662,6900.0
0.6311,9.127,9.127,405.104,405.104,6900.0
0.6312,7.878,7.878,404.522,404.522,6900.0
0.6313,6.471,6.471,403.92,403.92,6900.0
0.6314,5.075,5.075,403.3,403.3,6900.0
0.6315,3.743,3.743,402.664,402.664,6900.0
0.6316,2.353,2.353,402.018,402.018,6900.0
0.6317,1.045,1.045,401.362,401.362,6900.0
0.6318,1.322,1.322,400.701,400.701,6900.0
0.6319,0.0,0.0,400.039,400.039,6900.0
0.632,-0.816,-0.816,399.374,399.374,6900.0
0.6321,-1.631,-1.631,398.711,398.711,6900.0
0.6322,-2.929,-2.929,398.048,398.048,6900.0
0.6323,-3.629,-3.629,397.39,397.39,6900.0
0.6324,-4.804,-4.804,396.738,396.738,6900.0
0.6325,-5.926,-5.926,396.097,396.097,6900.0
0.6326,-7.271,-7.271,395.461,395.461,6900.0
0.6327,-8.789,-8.789,394.839,394.839,6900.0
0.6328,-10.091,-10.091,394.237,394.237,6900.0
0.6329,-11.62,-11.62,393.664,393.664,6900.0
0.633,-12.579,-12.579,393.123,393.123,6900.0
0.6331,-13.663,-13.663,392.593,392.593,6900.0
0.6332,-15.139,-15.139,392.08,392.08,6900.0
0.6333,-16.603,-16.603,391.602,391.602,6900.0
0.6334,-18.016,-18.016,391.17,391.17,6900.0
0.6335,-19.04,-19.04,390.782,390.782,6900.0
0.6336,-20.071,-20.071,390.419,390.419,6900.0
0.6337,-21.434,-21.434,390.081,390.081,6900.0
0.6338,-22.92,-22.92,389.779,389.779,6900.0
0.6339,-24.324,-24.324,389.526,389.526,6900.0
0.634,-25.437,-25.437,389.323,389.323,6900.0
0.6341,-26.607,-26.607,389.161,389.161,6900.0
0.6342,-27.663,-27.663,389.043,389.043,6900.0
0.6343,-28.668,-28.668,388.968,388.968,6900.0
0.6344,-29.789,-29.789,388.933,388.933,6900.0
0.6345,-30.912,-30.912,388.947,388.947,6900.0
0.6346,-32.059,-32.059,389.013,389.013,6900.0
0.6347,-32.801,-32.801,389.14,389.14,6900.0
0.6348,-33.661,-33.661,389.302,389.302,6900.0
0.6349,-34.483,-34.483,389.494,389.494,6900.0
0.635,-35.431,-35.431,389.724,389.724,6900.0
0.6351,-36.311,-36.311,389.998,389.998,6900.0
0.6352,-37.132,-37.132,390.331,390.331,6900.0
0.6353,-37.593,-37.593,390.704,390.704,6900.0
0.6354,-38.203,-38.203,391.086,391.086,6900.0
0.6355,-39.088,-39.088,391.504,391.504,6900.0
0.6356,-39.614,-39.614,391.961,391.961,6900.0
0.6357,-40.149,-40.149,392.471,392.471,6900.0
0.6358,-40.541,-40.541,393.014,393.014,6900.0
0.6359,-40.895,-40.895,393.564,393.564,6900.0
0.636,-41.456,-41.456,394.143,394.143,6900.0
0.6361,-41.716,-41.716,394.743,394.743,6900.0
0.6362,-42.222,-42.222,395.37,395.37,6900.0
0.6363,-42.236,-42.236,396.029,396.029,6900.0
0.6364,-42.249,-42.249,396.676,396.676,6900.0
0.6365,-42.412,-42.412,397.339,397.339,6900.0
0.6366,-42.468,-42.468,398.003,398.003,6900.0
0.6367,-42.769,-42.769,398.672,398.672,6900.0
0.6368,-42.745,-42.745,399.363,399.363,6900.0
0.6369,-42.753,-42.753,400.046,400.046,6900.0
0.637,-42.691,-42.691,400.745,400.745,6900.0
0.6371,-42.154,-42.154,401.437,401.437,6900.0
0.6372,-42.205,-42.205,402.097,402.097,6900.0
0.6373,-41.887,-41.887,402.762,402.762,6900.0
0.6374,-41.778,-41.778,403.406,403.406,6900.0
0.6375,-41.524,-41.524,404.05,404.05,6900.0
0.6376,-40.987,-40.987,404.671,404.671,6900.0
0.6377,-40.718,-40.718,405.249,405.249,6900.0
0.6378,-40.324,-40.324,405.815,405.815,6900.0
0.6379,-40.032,-40.032,406.36,406.36,6900.0
0.638,-39.472,-39.472,406.902,406.902,6900.0
0.6381,-38.711,-38.711,407.416,407.416,6900.0
0.6382,-38.062,-38.062,407.882,407.882,6900.0
0.6383,-37.584,-37.584,408.315,408.315,6900.0
0.6384,-36.956,-36.956,408.723,408.723,6900.0
0.6385,-36.245,-36.245,409.103,409.103,6900.0
0.6386,-35.4,-35.4,409.448,409.448,6900.0
0.6387,-34.639,-34.639,409.748,409.748,6900.0
0.6388,-34.002,-34.002,410.004,410.004,6900.0
0.6389,-33.252,-33.252,410.227,410.227,6900.0
0.639,-32.495,-32.495,410.411,410.411,6900.0
0.6391,-31.481,-31.481,410.562,410.562,6900.0
0.6392,-30.714,-30.714,410.675,410.675,6900.0
0.6393,-29.545,-29.545,410.754,410.754,6900.0
0.6394,-28.337,-28.337,410.775,410.775,6900.0
0.6395,-27.47,-27.47,410.742,410.742,6900.0
0.6396,-26.646,-26.646,410.675,410.675,6900.0
0.6397,-25.789,-25.789,410.589,410.589,6900.0
0.6398,-24.525,-24.525,410.476,410.476,6900.0
0.6399,-23.112,-23.112,410.3,410.3,6900.0
0.64,-22.166,-22.166,410.061,410.061,6900.0
0.6401,-21.455,-21.455,409.787,409.787,6900.0
0.6402,-20.765,-20.765,409.495,409.495,6900.0
0.6403,-19.431,-19.431,409.19,409.19,6900.0
0.6404,-17.868,-17.868,408.839,408.839,6900.0
0.6405,-16.68,-16.68,408.441,408.441,6900.0
0.6406,-15.536,-15.536,408.013,408.013,6900.0
0.6407,-14.738,-14.738,407.559,407.559,6900.0
0.6408,-13.27,-13.27,407.089,407.089,6900.0
0.6409,-11.624,-11.624,406.584,406.584,6900.0
0.641,-10.558,-10.558,406.044,406.044,6900.0
0.6411,-9.175,-9.175,405.482,405.482,6900.0
0.6412,-7.916,-7.916,404.898,404.898,6900.0
0.6413,-6.64,-6.64,404.295,404.295,6900.0
0.6414,-5.495,-5.495,403.676,403.676,6900.0
0.6415,-4.061,-4.061,403.043,403.043,6900.0
0.6416,-2.893,-2.893,402.398,402.398,6900.0
0.6417,-1.544,-1.544,401.746,401.746,6900.0
0.6418,-1.699,-1.699,401.086,401.086,6900.0
0.6419,-0.44,-0.44,400.425,400.425,6900.0
0.642,0.317,0.317,399.761,399.761,6900.0
0.6421,2.405,2.405,399.097,399.097,6900.0
0.6422,2.449,2.449,398.436,398.436,6900.0
0.6423,3.281,3.281,397.779,397.779,6900.0
0.6424,4.42,4.42,397.127,397.127,6900.0
0.6425,5.819,5.819,396.48,396.48,6900.0
0.6426,7.128,7.128,395.848,395.848,6900.0
0.6427,8.75,8.75,395.232,395.232,6900.0
0.6428,9.751,9.751,394.643,394.643,6900.0
0.6429,10.537,10.537,394.066,394.066,6900.0
0.643,12.064,12.064,393.495,393.495,6900.0
0.6431,13.884,13.884,392.95,392.95,6900.0
0.6432,15.629,15.629,392.446,392.446,6900.0
0.6433,16.781,16.781,391.996,391.996,6900.0
0.6434,17.846,17.846,391.574,391.574,6900.0
0.6435,18.975,18.975,391.171,391.171,6900.0
0.6436,20.345,20.345,390.794,390.794,6900.0
0.6437,21.719,21.719,390.459,390.459,6900.0
0.6438,22.955,22.955,390.171,390.171,6900.0
0.6439,24.007,24.007,389.924,389.924,6900.0
0.644,25.196,25.196,389.711,389.711,6900.0
0.6441,26.356,26.356,389.539,389.539,6900.0
0.6442,27.274,27.274,389.414,389.414,6900.0
0.6443,28.466,28.466,389.328,389.328,6900.0
0.6444,29.548,29.548,389.295,389.295,6900.0
0.6445,30.581,30.581,389.316,389.316,6900.0
0.6446,31.198,31.198,389.384,389.384,6900.0
0.6447,31.901,31.901,389.481,389.481,6900.0
0.6448,33.026,33.026,389.601,389.601,6900.0
0.6449,33.926,33.926,389.771,389.771,6900.0
0.645,34.965,34.965,389.992,389.992,6900.0
0.6451,35.817,35.817,390.265,390.265,6900.0
0.6452,36.49,36.49,390.57,390.57,6900.0
0.6453,37.253,37.253,390.901,390.901,6900.0
0.6454,37.824,37.824,391.275,391.275,6900.0
0.6455,38.689,38.689,391.691,391.691,6900.0
0.6456,39.447,39.447,392.167,392.167,6900.0
0.6457,39.745,39.745,392.673,392.673,6900.0
0.6458,40.284,40.284,393.191,393.191,6900.0
0.6459,40.486,40.486,393.741,393.741,6900.0
0.646,41.037,41.037,394.301,394.301,6900.0
0.6461,41.158,41.158,394.907,394.907,6900.0
0.6462,41.309,41.309,395.509,395.509,6900.0
0.6463,41.876,41.876,396.114,396.114,6900.0
0.6464,42.027,42.027,396.746,396.746,6900.0
0.6465,42.208,42.208,397.381,397.381,6900.0
0.6466,42.46,42.46,398.045,398.045,6900.0
0.6467,42.329,42.329,398.718,398.718,6900.0
0.6468,42.436,42.436,399.397,399.397,6900.0
0.6469,42.31,42.31,400.088,400.088,6900.0
0.647,42.068,42.068,400.761,400.761,6900.0
0.6471,42.27,42.27,401.435,401.435,6900.0
0.6472,42.014,42.014,402.108,402.108,6900.0
0.6473,41.803,41.803,402.777,402.777,6900.0
0.6474,41.201,41.201,403.432,403.432,6900.0
0.6475,40.816,40.816,404.04,404.04,6900.0
0.6476,40.762,40.762,404.625,404.625,6900.0
0.6477,40.35,40.35,405.199,405.199,6900.0
0.6478,39.994,39.994,405.763,405.763,6900.0
0.6479,39.55,39.55,406.313,406.313,6900.0
0.648,38.819,38.819,406.831,406.831,6900.0
0.6481,38.59,38.59,407.31,407.31,6900.0
0.6482,38.143,38.143,407.773,407.773,6900.0
0.6483,37.651,37.651,408.22,408.22,6900.0
0.6484,36.986,36.986,408.64,408.64,6900.0
0.6485,36.142,36.142,409.021,409.021,6900.0
0.6486,35.441,35.441,409.354,409.354,6900.0
0.6487,34.629,34.629,409.651,409.651,6900.0
0.6488,33.909,33.909,409.908,409.908,6900.0
0.6489,33.025,33.025,410.132,410.132,6900.0
0.649,32.259,32.259,410.317,410.317,6900.0
0.6491,31.352,31.352,410.468,410.468,6900.0
0.6492,30.302,30.302,410.576,410.576,6900.0
0.6493,29.332,29.332,410.629,410.629,6900.0
0.6494,28.529,28.529,410.639,410.639,6900.0
0.6495,27.665,27.665,410.622,410.622,6900.0
0.6496,26.55,26.55,410.583,410.583,6900.0
0.6497,25.173,25.173,410.494,410.494,6900.0
0.6498,24.081,24.081,410.337,410.337,6900.0
0.6499,23.446,23.446,410.135,410.135,6900.0
0.65,22.693,22.693,409.914,409.914,6900.0
0.6501,21.653,21.653,409.683,409.683,6900.0
0.6502,20.22,20.22,409.418,409.418,6900.0
0.6503,18.84,18.84,409.095,409.095,6900.0
0.6504,17.802,17.802,408.73,408.73,6900.0
0.6505,16.712,16.712,408.331,408.331,6900.0
0.6506,15.92,15.92,407.91,407.91,6900.0
0.6507,14.56,14.56,407.463,407.463,6900.0
0.6508,13.238,13.238,406.976,406.976,6900.0
0.6509,12.03,12.03,406.461,406.461,6900.0
0.651,10.705,10.705,405.92,405.92,6900.0
0.6511,9.464,9.464,405.36,405.36,6900.0
0.6512,7.954,7.954,404.781,404.781,6900.0
0.6513,6.608,6.608,404.179,404.179,6900.0
0.6514,5.265,5.265,403.561,403.561,6900.0
0.6515,3.99,3.99,402.929,402.929,6900.0
0.6516,2.618,2.618,402.285,402.285,6900.0
0.6517,1.36,1.36,401.632,401.632,6900.0
0.6518,0.46,0.46,400.973,400.973,6900.0
0.6519,0.0,0.0,400.311,400.311,6900.0
0.652,0.0,0.0,399.647,399.647,6900.0
0.6521,-1.868,-1.868,398.984,398.984,6900.0
0.6522,-2.329,-2.329,398.323,398.323,6900.0
0.6523,-3.456,-3.456,397.664,397.664,6900.0
0.6524,-4.806,-4.806,397.012,397.012,6900.0
0.6525,-6.128,-6.128,396.369,396.369,6900.0
0.6526,-7.297,-7.297,395.742,395.742,6900.0
0.6527,-8.267,-8.267,395.129,395.129,6900.0
0.6528,-9.432,-9.432,394.522,394.522,6900.0
0.6529,-11.131,-11.131,393.928,393.928,6900.0
0.653,-12.667,-12.667,393.36,393.36,6900.0
0.6531,-14.213,-14.213,392.83,392.83,6900.0
0.6532,-15.174,-15.174,392.342,392.342,6900.0
0.6533,-16.143,-16.143,391.869,391.869,6900.0
0.6534,-17.602,-17.602,391.416,391.416,6900.0
0.6535,-19.155,-19.155,391.002,391.002,6900.0
0.6536,-20.455,-20.455,390.641,390.641,6900.0
0.6537,-21.644,-21.644,390.325,390.325,6900.0
0.6538,-22.693,-22.693,390.042,390.042,6900.0
0.6539,-23.872,-23.872,389.79,389.79,6900.0
0.654,-24.998,-24.998,389.577,389.577,6900.0
0.6541,-26.274,-26.274,389.402,389.402,6900.0
0.6542,-27.193,-27.193,389.276,389.276,6900.0
0.6543,-28.431,-28.431,389.188,389.188,6900.0
0.6544,-29.554,-29.554,389.153,389.153,6900.0
0.6545,-30.527,-30.527,389.163,389.163,6900.0
0.6546,-31.641,-31.641,389.21,389.21,6900.0
0.6547,-32.871,-32.871,389.306,389.306,6900.0
0.6548,-33.812,-33.812,389.459,389.459,6900.0
0.6549,-34.651,-34.651,389.669,389.669,6900.0
0.655,-35.17,-35.17,389.923,389.923,6900.0
0.6551,-36.046,-36.046,390.191,390.191,6900.0
0.6552,-36.807,-36.807,390.503,390.503,6900.0
0.6553,-37.723,-37.723,390.852,390.852,6900.0
0.6554,-38.35,-38.35,391.263,391.263,6900.0
0.6555,-38.799,-38.799,391.705,391.705,6900.0
0.6556,-39.225,-39.225,392.157,392.157,6900.0
0.6557,-39.827,-39.827,392.637,392.637,6900.0
0.6558,-40.44,-40.44,393.141,393.141,6900.0
0.6559,-41.027,-41.027,393.697,393.697,6900.0
0.656,-41.205,-41.205,394.287,394.287,6900.0
0.6561,-41.369,-41.369,394.877,394.877,6900.0
0.6562,-41.735,-41.735,395.492,395.492,6900.0
0.6563,-41.93,-41.93,396.118,396.118,6900.0
0.6564,-42.489,-42.489,396.766,396.766,6900.0
0.6565,-42.42,-42.42,397.448,397.448,6900.0
0.6566,-42.486,-42.486,398.117,398.117,6900.0
0.6567,-42.489,-42.489,398.801,398.801,6900.0
0.6568,-42.355,-42.355,399.477,399.477,6900.0
0.6569,-42.455,-42.455,400.143,400.143,6900.0
0.657,-42.25,-42.25,400.823,400.823,6900.0
0.6571,-42.428,-42.428,401.485,401.485,6900.0
0.6572,-42.173,-42.173,402.169,402.169,6900.0
0.6573,-41.716,-41.716,402.836,402.836,6900.0
0.6574,-41.575,-41.575,403.467,403.467,6900.0
0.6575,-41.316,-41.316,404.096,404.096,6900.0
0.6576,-41.145,-41.145,404.706,404.706,6900.0
0.6577,-40.663,-40.663,405.317,405.317,6900.0
0.6578,-40.066,-40.066,405.896,405.896,6900.0
0.6579,-39.681,-39.681,406.431,406.431,6900.0
0.658,-39.226,-39.226,406.948,406.948,6900.0
0.6581,-38.702,-38.702,407.443,407.443,6900.0
0.6582,-38.001,-38.001,407.922,407.922,6900.0
0.6583,-37.388,-37.388,408.363,408.363,6900.0
0.6584,-36.786,-36.786,408.764,408.764,6900.0
0.6585,-36.148,-36.148,409.132,409.132,6900.0
0.6586,-35.523,-35.523,409.466,409.466,6900.0
0.6587,-34.842,-34.842,409.768,409.768,6900.0
0.6588,-34.115,-34.115,410.036,410.036,6900.0
0.6589,-33.444,-33.444,410.267,410.267,6900.0
0.659,-32.477,-32.477,410.461,410.461,6900.0
0.6591,-31.235,-31.235,410.609,410.609,6900.0
0.6592,-30.304,-30.304,410.704,410.704,6900.0
0.6593,-29.579,-29.579,410.762,410.762,6900.0
0.6594,-28.897,-28.897,410.796,410.796,6900.0
0.6595,-27.768,-27.768,410.799,410.799,6900.0
0.6596,-26.481,-26.481,410.748,410.748,6900.0
0.6597,-25.515,-25.515,410.637,410.637,6900.0
0.6598,-24.645,-24.645,410.494,410.494,6900.0
0.6599,-23.872,-23.872,410.331,410.331,6900.0
0.66,-22.515,-22.515,410.149,410.149,6900.0
0.6601,-21.05,-21.05,409.906,409.906,6900.0
0.6602,-20.097,-20.097,409.603,409.603,6900.0
0.6603,-19.116,-19.116,409.265,409.265,6900.0
0.6604,-18.367,-18.367,408.899,408.899,6900.0
0.6605,-17.141,-17.141,408.514,408.514,6900.0
0.6606,-15.509,-15.509,408.092,408.092,6900.0
0.6607,-14.541,-14.541,407.628,407.628,6900.0
0.6608,-13.373,-13.373,407.142,407.142,6900.0
0.6609,-12.467,-12.467,406.634,406.634,6900.0
0.661,-11.171,-11.171,406.11,406.11,6900.0
0.6611,-9.56,-9.56,405.562,405.562,6900.0
0.6612,-8.204,-8.204,404.986,404.986,6900.0
0.6613,-6.766,-6.766,404.389,404.389,6900.0
0.6614,-5.382,-5.382,403.773,403.773,6900.0
0.6615,-4.016,-4.016,403.141,403.141,6900.0
0.6616,-2.803,-2.803,402.497,402.497,6900.0
0.6617,-1.528,-1.528,401.844,401.844,6900.0
0.6618,-1.638,-1.638,401.184,401.184,6900.0
0.6619,-0.0,-0.0,400.523,400.523,6900.0
0.662,-0.0,-0.0,399.86,399.86,6900.0
0.6621,1.154,1.154,399.197,399.197,6900.0
0.6622,2.502,2.502,398.535,398.535,6900.0
0.6623,3.078,3.078,397.876,397.876,6900.0
0.6624,4.54,4.54,397.221,397.221,6900.0
0.6625,5.637,5.637,396.577,396.577,6900.0
0.6626,6.97,6.97,395.942,395.942,6900.0
0.6627,8.466,8.466,395.315,395.315,6900.0
0.6628,9.884,9.884,394.708,394.708,6900.0
0.6629,11.45,11.45,394.125,394.125,6900.0
0.663,12.784,12.784,393.581,393.581,6900.0
0.6631,13.518,13.518,393.061,393.061,6900.0
0.6632,14.858,14.858,392.55,392.55,6900.0
0.6633,16.389,16.389,392.067,392.067,6900.0
0.6634,17.975,17.975,391.627,391.627,6900.0
0.6635,19.188,19.188,391.24,391.24,6900.0
0.6636,20.236,20.236,390.887,390.887,6900.0
0.6637,21.306,21.306,390.555,390.555,6900.0
0.6638,22.503,22.503,390.253,390.253,6900.0
0.6639,23.737,23.737,389.988,389.988,6900.0
0.664,24.89,24.89,389.768,389.768,6900.0
0.6641,25.979,25.979,389.592,389.592,6900.0
0.6642,27.039,27.039,389.459,389.459,6900.0
0.6643,28.193,28.193,389.37,389.37,6900.0
0.6644,29.282,29.282,389.328,389.328,6900.0
0.6645,30.264,30.264,389.33,389.33,6900.0
0.6646,31.361,31.361,389.381,389.381,6900.0
0.6647,32.354,32.354,389.49,389.49,6900.0
0.6648,33.06,33.06,389.649,389.649,6900.0
0.6649,33.589,33.589,389.836,389.836,6900.0
0.665,34.609,34.609,390.039,390.039,6900.0
0.6651,35.541,35.541,390.287,390.287,6900.0
0.6652,36.541,36.541,390.583,390.583,6900.0
0.6653,37.275,37.275,390.931,390.931,6900.0
0.6654,37.702,37.702,391.307,391.307,6900.0
0.6655,38.502,38.502,391.699,391.699,6900.0
0.6656,39.099,39.099,392.138,392.138,6900.0
0.6657,39.909,39.909,392.619,392.619,6900.0
0.6658,40.357,40.357,393.163,393.163,6900.0
0.6659,40.638,40.638,393.727,393.727,6900.0
0.666,41.175,41.175,394.303,394.303,6900.0
0.6661,41.259,41.259,394.908,394.908,6900.0
0.6662,41.561,41.561,395.514,395.514,6900.0
0.6663,41.722,41.722,396.152,396.152,6900.0
0.6664,41.741,41.741,396.786,396.786,6900.0
0.6665,42.054,42.054,397.416,397.416,6900.0
0.6666,42.138,42.138,398.062,398.062,6900.0
0.6667,42.229,42.229,398.702,398.702,6900.0
0.6668,42.416,42.416,399.365,399.365,6900.0
0.6669,42.372,42.372,400.036,400.036,6900.0
0.667,42.508,42.508,400.718,400.718,6900.0
0.6671,42.077,42.077,401.415,401.415,6900.0
0.6672,41.827,41.827,402.082,402.082,6900.0
0.6673,41.798,41.798,402.744,402.744,6900.0
0.6674,41.392,41.392,403.394,403.394,6900.0
0.6675,41.214,41.214,404.03,404.03,6900.0
0.6676,40.658,40.658,404.652,404.652,6900.0
0.6677,40.141,40.141,405.228,405.228,6900.0
0.6678,39.901,39.901,405.772,405.772,6900.0
0.6679,39.384,39.384,406.296,406.296,6900.0
0.668,39.213,39.213,406.805,406.805,6900.0
0.6681,38.704,38.704,407.304,407.304,6900.0
0.6682,38.012,38.012,407.773,407.773,6900.0
0.6683,37.386,37.386,408.204,408.204,6900.0
0.6684,36.743,36.743,408.608,408.608,6900.0
0.6685,36.117,36.117,408.987,408.987,6900.0
0.6686,35.333,35.333,409.339,409.339,6900.0
0.6687,34.554,34.554,409.648,409.648,6900.0
0.6688,33.741,33.741,409.912,409.912,6900.0
0.6689,32.88,32.88,410.134,410.134,6900.0
0.669,32.061,32.061,410.309,410.309,6900.0
0.6691,31.305,31.305,410.444,410.444,6900.0
0.6692,30.541,30.541,410.544,410.544,6900.0
0.6693,29.527,29.527,410.617,410.617,6900.0
0.6694,28.317,28.317,410.643,410.643,6900.0
0.6695,27.317,27.317,410.612,410.612,6900.0
0.6696,26.375,26.375,410.54,410.54,6900.0
0.6697,25.556,25.556,410.442,410.442,6900.0
0.6698,24.684,24.684,410.327,410.327,6900.0
0.6699,23.218,23.218,410.173,410.173,6900.0
0.67,22.094,22.094,409.945,409.945,6900.0
0.6701,21.232,21.232,409.671,409.671,6900.0
0.6702,20.39,20.39,409.367,409.367,6900.0
0.6703,19.409,19.409,409.049,409.049,6900.0
0.6704,17.955,17.955,408.702,408.702,6900.0
0.6705,16.685,16.685,408.305,408.305,6900.0
0.6706,15.852,15.852,407.876,407.876,6900.0
0.6707,14.85,14.85,407.424,407.424,6900.0
0.6708,13.707,13.707,406.954,406.954,6900.0
0.6709,12.157,12.157,406.459,406.459,6900.0
0.671,10.661,10.661,405.929,405.929,6900.0
0.6711,9.414,9.414,405.371,405.371,6900.0
0.6712,8.131,8.131,404.789,404.789,6900.0
0.6713,6.783,6.783,404.189,404.189,6900.0
0.6714,5.387,5.387,403.571,403.571,6900.0
0.6715,4.023,4.023,402.938,402.938,6900.0
0.6716,2.764,2.764,402.293,402.293,6900.0
0.6717,1.442,1.442,401.64,401.64,6900.0
0.6718,1.501,1.501,400.98,400.98,6900.0
0.6719,0.322,0.322,400.318,400.318,6900.0
0.672,0.0,0.0,399.655,399.655,6900.0
0.6721,-1.84,-1.84,398.99,398.99,6900.0
0.6722,-2.364,-2.364,398.327,398.327,6900.0
0.6723,-3.412,-3.412,397.669,397.669,6900.0
0.6724,-4.569,-4.569,397.017,397.017,6900.0
0.6725,-5.682,-5.682,396.372,396.372,6900.0
0.6726,-7.186,-7.186,395.736,395.736,6900.0
0.6727,-8.489,-8.489,395.117,395.117,6900.0
0.6728,-9.926,-9.926,394.522,394.522,6900.0
0.6729,-10.921,-10.921,393.952,393.952,6900.0
0.673,-12.003,-12.003,393.388,393.388,6900.0
0.6731,-13.556,-13.556,392.84,392.84,6900.0
0.6732,-15.083,-15.083,392.325,392.325,6900.0
0.6733,-16.569,-16.569,391.856,391.856,6900.0
0.6734,-17.481,-17.481,391.432,391.432,6900.0
0.6735,-18.432,-18.432,391.028,391.028,6900.0
0.6736,-19.855,-19.855,390.645,390.645,6900.0
0.6737,-21.343,-21.343,390.3,390.3,6900.0
0.6738,-22.662,-22.662,390.002,390.002,6900.0
0.6739,-23.697,-23.697,389.749,389.749,6900.0
0.674,-24.839,-24.839,389.53,389.53,6900.0
0.6741,-26.211,-26.211,389.347,389.347,6900.0
0.6742,-27.313,-27.313,389.212,389.212,6900.0
0.6743,-28.54,-28.54,389.119,389.119,6900.0
0.6744,-29.781,-29.781,389.077,389.077,6900.0
0.6745,-30.684,-30.684,389.092,389.092,6900.0
0.6746,-31.603,-31.603,389.16,389.16,6900.0
0.6747,-32.326,-32.326,389.27,389.27,6900.0
0.6748,-33.141,-33.141,389.409,389.409,6900.0
0.6749,-34.129,-34.129,389.589,389.589,6900.0
0.675,-35.161,-35.161,389.812,389.812,6900.0
0.6751,-36.121,-36.121,390.093,390.093,6900.0
0.6752,-36.649,-36.649,390.415,390.415,6900.0
0.6753,-37.268,-37.268,390.749,390.749,6900.0
0.6754,-38.172,-38.172,391.117,391.117,6900.0
0.6755,-38.954,-38.954,391.524,391.524,6900.0
0.6756,-39.547,-39.547,391.994,391.994,6900.0
0.6757,-39.898,-39.898,392.5,392.5,6900.0
0.6758,-40.366,-40.366,393.015,393.015,6900.0
0.6759,-40.8,-40.8,393.566,393.566,6900.0
0.676,-41.16,-41.16,394.135,394.135,6900.0
0.6761,-41.743,-41.743,394.741,394.741,6900.0
0.6762,-41.891,-41.891,395.378,395.378,6900.0
0.6763,-41.963,-41.963,396.012,396.012,6900.0
0.6764,-41.995,-41.995,396.66,396.66,6900.0
0.6765,-42.067,-42.067,397.303,397.303,6900.0
0.6766,-42.336,-42.336,397.956,397.956,6900.0
0.6767,-42.243,-42.243,398.63,398.63,6900.0
0.6768,-42.355,-42.355,399.29,399.29,6900.0
0.6769,-42.314,-42.314,399.972,399.972,6900.0
0.677,-42.039,-42.039,400.646,400.646,6900.0
0.6771,-42.062,-42.062,401.304,401.304,6900.0
0.6772,-41.795,-41.795,401.972,401.972,6900.0
0.6773,-41.778,-41.778,402.621,402.621,6900.0
0.6774,-41.539,-41.539,403.283,403.283,6900.0
0.6775,-41.093,-41.093,403.924,403.924,6900.0
0.6776,-40.962,-40.962,404.524,404.524,6900.0
0.6777,-40.587,-40.587,405.117,405.117,6900.0
0.6778,-40.301,-40.301,405.682,405.682,6900.0
0.6779,-39.843,-39.843,406.239,406.239,6900.0
0.678,-39.23,-39.23,406.765,406.765,6900.0
0.6781,-38.655,-38.655,407.247,407.247,6900.0
0.6782,-37.954,-37.954,407.705,407.705,6900.0
0.6783,-37.567,-37.567,408.133,408.133,6900.0
0.6784,-36.984,-36.984,408.549,408.549,6900.0
0.6785,-36.232,-36.232,408.936,408.936,6900.0
0.6786,-35.446,-35.446,409.283,409.283,6900.0
0.6787,-34.707,-34.707,409.589,409.589,6900.0
0.6788,-33.958,-33.958,409.855,409.855,6900.0
0.6789,-33.196,-33.196,410.083,410.083,6900.0
0.679,-32.258,-32.258,410.274,410.274,6900.0
0.6791,-31.406,-31.406,410.425,410.425,6900.0
0.6792,-30.36,-30.36,410.533,410.533,6900.0
0.6793,-29.393,-29.393,410.59,410.59,6900.0
0.6794,-28.453,-28.453,410.599,410.599,6900.0
0.6795,-27.544,-27.544,410.573,410.573,6900.0
0.6796,-26.911,-26.911,410.522,410.522,6900.0
0.6797,-25.686,-25.686,410.449,410.449,6900.0
0.6798,-24.309,-24.309,410.317,410.317,6900.0
0.6799,-23.286,-23.286,410.124,410.124,6900.0
0.68,-22.556,-22.556,409.897,409.897,6900.0
0.6801,-21.772,-21.772,409.655,409.655,6900.0
0.6802,-20.429,-20.429,409.397,409.397,6900.0
0.6803,-18.964,-18.964,409.087,409.087,6900.0
0.6804,-17.899,-17.899,408.726,408.726,6900.0
0.6805,-16.717,-16.717,408.33,408.33,6900.0
0.6806,-15.891,-15.891,407.905,407.905,6900.0
0.6807,-14.51,-14.51,407.461,407.461,6900.0
0.6808,-13.106,-13.106,406.978,406.978,6900.0
0.6809,-12.06,-12.06,406.461,406.461,6900.0
0.681,-10.774,-10.774,405.922,405.922,6900.0
0.6811,-9.729,-9.729,405.359,405.359,6900.0
0.6812,-8.449,-8.449,404.781,404.781,6900.0
0.6813,-6.978,-6.978,404.184,404.184,6900.0
0.6814,-5.568,-5.568,403.569,403.569,6900.0
0.6815,-4.228,-4.228,402.939,402.939,6900.0
0.6816,-2.957,-2.957,402.297,402.297,6900.0
0.6817,-1.709,-1.709,401.645,401.645,6900.0
0.6818,-0.601,-0.601,400.987,400.987,6900.0
0.6819,-0.64,-0.64,400.325,400.325,6900.0
0.682,-0.0,-0.0,399.661,399.661,6900.0
0.6821,1.395,1.395,398.997,398.997,6900.0
0.6822,1.907,1.907,398.336,398.336,6900.0
0.6823,3.022,3.022,397.677,397.677,6900.0
0.6824,4.467,4.467,397.022,397.022,6900.0
0.6825,5.584,5.584,396.378,396.378,6900.0
0.6826,6.952,6.952,395.745,395.745,6900.0
0.6827,8.112,8.112,395.131,395.131,6900.0
0.6828,9.023,9.023,394.527,394.527,6900.0
0.6829,10.559,10.559,393.928,393.928,6900.0
0.683,12.058,12.058,393.351,393.351,6900.0
0.6831,13.782,13.782,392.806,392.806,6900.0
0.6832,15.233,15.233,392.306,392.306,6900.0
0.6833,16.31,16.31,391.838,391.838,6900.0
0.6834,17.58,17.58,391.39,391.39,6900.0
0.6835,19.103,19.103,390.972,390.972,6900.0
0.6836,20.546,20.546,390.603,390.603,6900.0
0.6837,21.738,21.738,390.289,390.289,6900.0
0.6838,22.764,22.764,390.014,390.014,6900.0
0.6839,23.779,23.779,389.768,389.768,6900.0
0.684,24.923,24.923,389.554,389.554,6900.0
0.6841,26.01,26.01,389.377,389.377,6900.0
0.6842,27.133,27.133,389.24,389.24,6900.0
0.6843,28.02,28.02,389.148,389.148,6900.0
0.6844,28.881,28.881,389.098,389.098,6900.0
0.6845,29.904,29.904,389.088,389.088,6900.0
0.6846,30.817,30.817,389.123,389.123,6900.0
0.6847,31.931,31.931,389.193,389.193,6900.0
0.6848,32.964,32.964,389.32,389.32,6900.0
0.6849,33.962,33.962,389.506,389.506,6900.0
0.685,34.755,34.755,389.747,389.747,6900.0
0.6851,35.299,35.299,390.018,390.018,6900.0
0.6852,36.261,36.261,390.306,390.306,6900.0
0.6853,36.894,36.894,390.638,390.638,6900.0
0.6854,37.755,37.755,391.009,391.009,6900.0
0.6855,38.326,38.326,391.43,391.43,6900.0
0.6856,38.612,38.612,391.871,391.871,6900.0
0.6857,39.413,39.413,392.32,392.32,6900.0
0.6858,39.915,39.915,392.811,392.811,6900.0
0.6859,40.598,40.598,393.333,393.333,6900.0
0.686,40.976,40.976,393.913,393.913,6900.0
0.6861,41.154,41.154,394.511,394.511,6900.0
0.6862,41.688,41.688,395.119,395.119,6900.0
0.6863,41.807,41.807,395.76,395.76,6900.0
0.6864,42.041,42.041,396.4,396.4,6900.0
0.6865,42.18,42.18,397.069,397.069,6900.0
0.6866,42.076,42.076,397.735,397.735,6900.0
0.6867,42.13,42.13,398.398,398.398,6900.0
0.6868,42.129,42.129,399.063,399.063,6900.0
0.6869,42.29,42.29,399.709,399.709,6900.0
0.687,42.32,42.32,400.374,400.374,6900.0
0.6871,42.068,42.068,401.036,401.036,6900.0
0.6872,42.013,42.013,401.699,401.699,6900.0
0.6873,41.716,41.716,402.366,402.366,6900.0
0.6874,41.479,41.479,403.006,403.006,6900.0
0.6875,41.478,41.478,403.636,403.636,6900.0
0.6876,41.029,41.029,404.259,404.259,6900.0
0.6877,40.601,40.601,404.87,404.87,6900.0
0.6878,40.049,40.049,405.459,405.459,6900.0
0.6879,39.453,39.453,406.006,406.006,6900.0
0.688,39.164,39.164,406.514,406.514,6900.0
0.6881,38.679,38.679,406.999,406.999,6900.0
0.6882,38.295,38.295,407.467,407.467,6900.0
0.6883,37.677,37.677,407.912,407.912,6900.0
0.6884,36.919,36.919,408.323,408.323,6900.0
0.6885,36.197,36.197,408.691,408.691,6900.0
0.6886,35.458,35.458,409.027,409.027,6900.0
0.6887,34.835,34.835,409.331,409.331,6900.0
0.6888,34.167,34.167,409.605,409.605,6900.0
0.6889,33.301,33.301,409.847,409.847,6900.0
0.689,32.405,32.405,410.049,410.049,6900.0
0.6891,31.382,31.382,410.204,410.204,6900.0
0.6892,30.509,30.509,410.305,410.305,6900.0
0.6893,29.632,29.632,410.366,410.366,6900.0
0.6894,28.68,28.68,410.393,410.393,6900.0
0.6895,27.682,27.682,410.392,410.392,6900.0
0.6896,26.502,26.502,410.346,410.346,6900.0
0.6897,25.644,25.644,410.237,410.237,6900.0
0.6898,24.625,24.625,410.093,410.093,6900.0
0.6899,23.748,23.748,409.922,409.922,6900.0
0.69,22.674,22.674,409.737,409.737,6900.0
0.6901,21.223,21.223,409.512,409.512,6900.0
0.6902,20.027,20.027,409.222,409.222,6900.0
0.6903,19.091,19.091,408.888,408.888,6900.0
0.6904,18.176,18.176,408.519,408.519,6900.0
0.6905,17.014,17.014,408.132,408.132,6900.0
0.6906,15.809,15.809,407.713,407.713,6900.0
0.6907,14.715,14.715,407.252,407.252,6900.0
0.6908,13.505,13.505,406.768,406.768,6900.0
0.6909,12.439,12.439,406.256,406.256,6900.0
0.691,11.191,11.191,405.73,405.73,6900.0
0.6911,9.745,9.745,405.183,405.183,6900.0
0.6912,8.24,8.24,404.609,404.609,6900.0
0.6913,6.929,6.929,404.014,404.014,6900.0
0.6914,5.522,5.522,403.399,403.399,6900.0
0.6915,3.976,3.976,402.769,402.769,6900.0
0.6916,2.763,2.763,402.125,402.125,6900.0
0.6917,1.442,1.442,401.471,401.471,6900.0
0.6918,1.547,1.547,400.811,400.811,6900.0
0.6919,0.103,0.103,400.149,400.149,6900.0
0.692,0.0,0.0,399.485,399.485,6900.0
0.6921,-1.282,-1.282,398.822,398.822,6900.0
0.6922,-2.116,-2.116,398.158,398.158,6900.0
0.6923,-3.5,-3.5,397.498,397.498,6900.0
0.6924,-4.769,-4.769,396.843,396.843,6900.0
0.6925,-6.144,-6.144,396.198,396.198,6900.0
0.6926,-6.996,-6.996,395.567,395.567,6900.0
0.6927,-8.134,-8.134,394.94,394.94,6900.0
0.6928,-9.617,-9.617,394.327,394.327,6900.0
0.6929,-11.221,-11.221,393.737,393.737,6900.0
0.693,-12.787,-12.787,393.182,393.182,6900.0
0.6931,-13.624,-13.624,392.665,392.665,6900.0
0.6932,-14.68,-14.68,392.158,392.158,6900.0
0.6933,-16.1,-16.1,391.671,391.671,6900.0
0.6934,-17.583,-17.583,391.218,391.218,6900.0
0.6935,-19.027,-19.027,390.813,390.813,6900.0
0.6936,-20.213,-20.213,390.454,390.454,6900.0
0.6937,-21.074,-21.074,390.126,390.126,6900.0
0.6938,-22.423,-22.423,389.819,389.819,6900.0
0.6939,-23.837,-23.837,389.552,389.552,6900.0
0.694,-25.117,-25.117,389.332,389.332,6900.0
0.6941,-26.412,-26.412,389.159,389.159,6900.0
0.6942,-27.466,-27.466,389.034,389.034,6900.0
0.6943,-28.552,-28.552,388.952,388.952,6900.0
0.6944,-29.547,-29.547,388.916,388.916,6900.0
0.6945,-30.432,-30.432,388.92,388.92,6900.0
0.6946,-31.658,-31.658,388.967,388.967,6900.0
0.6947,-32.703,-32.703,389.07,389.07,6900.0
0.6948,-33.582,-33.582,389.232,389.232,6900.0
0.6949,-34.367,-34.367,389.436,389.436,6900.0
0.695,-35.075,-35.075,389.665,389.665,6900.0
0.6951,-35.918,-35.918,389.929,389.929,6900.0
0.6952,-36.892,-36.892,390.23,390.23,6900.0
0.6953,-37.606,-37.606,390.591,390.591,6900.0
0.6954,-38.188,-38.188,390.984,390.984,6900.0
0.6955,-38.836,-38.836,391.39,391.39,6900.0
0.6956,-39.512,-39.512,391.836,391.836,6900.0
0.6957,-40.337,-40.337,392.314,392.314,6900.0
0.6958,-40.922,-40.922,392.857,392.857,6900.0
0.6959,-40.926,-40.926,393.44,393.44,6900.0
0.696,-41.31,-41.31,394.016,394.016,6900.0
0.6961,-41.716,-41.716,394.623,394.623,6900.0
0.6962,-41.938,-41.938,395.244,395.244,6900.0
0.6963,-42.185,-42.185,395.892,395.892,6900.0
0.6964,-42.172,-42.172,396.554,396.554,6900.0
0.6965,-42.33,-42.33,397.201,397.201,6900.0
0.6966,-42.372,-42.372,397.867,397.867,6900.0
0.6967,-42.189,-42.189,398.528,398.528,6900.0
0.6968,-42.506,-42.506,399.182,399.182,6900.0
0.6969,-42.47,-42.47,399.859,399.859,6900.0
0.697,-42.548,-42.548,400.527,400.527,6900.0
0.6971,-42.484,-42.484,401.217,401.217,6900.0
0.6972,-42.16,-42.16,401.896,401.896,6900.0
0.6973,-42.031,-42.031,402.552,402.552,6900.0
0.6974,-41.772,-41.772,403.209,403.209,6900.0
0.6975,-41.639,-41.639,403.848,403.848,6900.0
0.6976,-41.099,-41.099,404.489,404.489,6900.0
0.6977,-40.584,-40.584,405.098,405.098,6900.0
0.6978,-40.235,-40.235,405.661,405.661,6900.0
0.6979,-39.878,-39.878,406.206,406.206,6900.0
0.698,-39.441,-39.441,406.728,406.728,6900.0
0.6981,-38.936,-38.936,407.233,407.233,6900.0
0.6982,-38.301,-38.301,407.709,407.709,6900.0
0.6983,-37.725,-37.725,408.141,408.141,6900.0
0.6984,-37.067,-37.067,408.547,408.547,6900.0
0.6985,-36.44,-36.44,408.925,408.925,6900.0
0.6986,-35.635,-35.635,409.28,409.28,6900.0
0.6987,-34.804,-34.804,409.6,409.6,6900.0
0.6988,-34.167,-34.167,409.878,409.878,6900.0
0.6989,-33.407,-33.407,410.118,410.118,6900.0
0.699,-32.369,-32.369,410.316,410.316,6900.0
0.6991,-31.716,-31.716,410.463,410.463,6900.0
0.6992,-30.828,-30.828,410.576,410.576,6900.0
0.6993,-29.994,-29.994,410.654,410.654,6900.0
0.6994,-28.714,-28.714,410.696,410.696,6900.0
0.6995,-27.53,-27.53,410.679,410.679,6900.0
0.6996,-26.611,-26.611,410.61,410.61,6900.0
0.6997,-25.797,-25.797,410.508,410.508,6900.0
0.6998,-25.119,-25.119,410.389,410.389,6900.0
0.6999,-23.795,-23.795,410.251,410.251,6900.0
0.7,-22.407,-22.407,410.048,410.048,6900.0
0.7001,-20.416,-20.416,409.791,459.791,6900.0
0.7002,-18.472,-18.472,409.476,459.476,6900.0
0.7003,-17.304,-17.304,409.123,459.123,6900.0
0.7004,-16.061,-16.061,408.747,458.747,6900.0
0.7005,-14.505,-14.505,408.333,458.333,6900.0
0.7006,-13.571,-13.571,407.878,457.878,6900.0
0.7007,-12.352,-12.352,407.4,457.4,6900.0
0.7008,-11.448,-11.448,406.897,456.897,6900.0
0.7009,-10.241,-10.241,406.376,456.376,6900.0
0.701,-8.802,-8.802,405.828,455.828,6900.0
0.7011,-7.624,-7.624,405.252,455.252,6900.0
0.7012,-6.231,-6.231,404.656,454.656,6900.0
0.7013,-5.295,-5.295,404.04,454.04,6900.0
0.7014,-4.314,-4.314,403.413,453.413,6900.0
0.7015,-3.163,-3.163,402.774,452.774,6900.0
0.7016,-1.881,-1.881,402.126,452.126,6900.0
0.7017,-0.942,-0.942,401.47,451.47,6900.0
0.7018,-1.485,-1.485,400.809,450.809,6900.0
0.7019,-0.404,-0.404,400.147,450.147,6900.0
0.702,-0.0,-0.0,399.483,449.483,6900.0
0.7021,1.342,1.342,398.818,448.818,6900.0
0.7022,1.103,1.103,398.154,448.154,6900.0
0.7023,1.986,1.986,397.491,447.491,6900.0
0.7024,2.634,2.634,396.833,446.833,6900.0
0.7025,3.133,3.133,396.181,446.181,6900.0
0.7026,4.694,4.694,395.532,445.532,6900.0
0.7027,5.711,5.711,394.897,444.897,6900.0
0.7028,6.812,6.812,394.276,444.276,6900.0
0.7029,7.548,7.548,393.676,443.676,6900.0
0.703,7.997,7.997,393.085,443.085,6900.0
0.7031,8.675,8.675,392.497,442.497,6900.0
0.7032,9.709,9.709,391.925,441.925,6900.0
0.7033,11.012,11.012,391.379,441.379,6900.0
0.7034,12.0,12.0,390.873,440.873,6900.0
0.7035,12.388,12.388,390.393,440.393,6900.0
0.7036,13.12,13.12,389.922,439.922,6900.0
0.7037,13.62,13.62,389.472,439.472,6900.0
0.7038,14.503,14.503,389.044,439.044,6900.0
0.7039,15.075,15.075,388.648,438.648,6900.0
0.704,15.456,15.456,388.274,438.274,6900.0
0.7041,16.095,16.095,387.916,437.916,6900.0
0.7042,16.471,16.471,387.581,437.581,6900.0
0.7043,16.866,16.866,387.263,437.263,6900.0
0.7044,17.387,17.387,386.967,436.967,6900.0
0.7045,17.727,17.727,386.696,436.696,6900.0
0.7046,18.038,18.038,386.453,436.453,6900.0
0.7047,18.336,18.336,386.233,436.233,6900.0
0.7048,18.613,18.613,386.029,436.029,6900.0
0.7049,18.907,18.907,385.84,435.84,6900.0
0.705,18.933,18.933,385.674,435.674,6900.0
0.7051,19.502,19.502,385.527,435.527,6900.0
0.7052,19.562,19.562,385.407,435.407,6900.0
0.7053,19.513,19.513,385.287,435.287,6900.0
0.7054,19.805,19.805,385.17,435.17,6900.0
0.7055,19.782,19.782,385.069,435.069,6900.0
0.7056,20.151,20.151,384.98,434.98,6900.0
0.7057,19.991,19.991,384.915,434.915,6900.0
0.7058,19.895,19.895,384.844,434.844,6900.0
0.7059,20.041,20.041,384.778,434.778,6900.0
0.706,19.832,19.832,384.725,434.725,6900.0
0.7061,19.833,19.833,384.672,434.672,6900.0
0.7062,19.521,19.521,384.635,434.635,6900.0
0.7063,19.266,19.266,384.585,434.585,6900.0
0.7064,19.303,19.303,384.534,434.534,6900.0
0.7065,18.792,18.792,384.486,434.486,6900.0
0.7066,18.769,18.769,384.417,434.417,6900.0
0.7067,18.382,18.382,384.354,434.354,6900.0
0.7068,17.973,17.973,384.272,434.272,6900.0
0.7069,17.744,17.744,384.18,434.18,6900.0
0.707,17.3,17.3,384.081,434.081,6900.0
0.7071,17.392,17.392,383.964,433.964,6900.0
0.7072,17.23,17.23,383.852,433.852,6900.0
0.7073,16.774,16.774,383.729,433.729,6900.0
0.7074,16.609,16.609,383.602,433.602,6900.0
0.7075,16.006,16.006,383.464,433.464,6900.0
0.7076,15.807,15.807,383.304,433.304,6900.0
0.7077,15.396,15.396,383.13,433.13,6900.0
0.7078,15.267,15.267,382.936,432.936,6900.0
0.7079,15.195,15.195,382.742,432.742,6900.0
0.708,14.568,14.568,382.536,432.536,6900.0
0.7081,14.072,14.072,382.302,432.302,6900.0
0.7082,13.415,13.415,382.043,432.043,6900.0
0.7083,13.118,13.118,381.757,431.757,6900.0
0.7084,12.986,12.986,381.466,431.466,6900.0
0.7085,12.449,12.449,381.164,431.164,6900.0
0.7086,12.293,12.293,380.844,430.844,6900.0
0.7087,11.584,11.584,380.508,430.508,6900.0
0.7088,11.379,11.379,380.145,430.145,6900.0
0.7089,11.058,11.058,379.775,429.775,6900.0
0.709,10.276,10.276,379.384,429.384,6900.0
0.7091,10.322,10.322,378.973,428.973,6900.0
0.7092,9.674,9.674,378.552,428.552,6900.0
0.7093,9.033,9.033,378.101,428.101,6900.0
0.7094,8.623,8.623,377.626,427.626,6900.0
0.7095,8.028,8.028,377.131,427.131,6900.0
0.7096,8.314,8.314,376.624,426.624,6900.0
0.7097,7.986,7.986,376.119,426.119,6900.0
0.7098,7.364,7.364,375.595,425.595,6900.0
0.7099,6.83,6.83,375.044,425.044,6900.0
0.71,6.373,6.373,374.475,424.475,6900.0
0.7101,6.333,6.333,373.896,423.896,6900.0
0.7102,6.032,6.032,373.316,423.316,6900.0
0.7103,5.31,5.31,372.72,422.72,6900.0
0.7104,4.651,4.651,372.1,422.1,6900.0
0.7105,4.098,4.098,371.464,421.464,6900.0
0.7106,3.781,3.781,370.813,420.813,6900.0
0.7107,3.427,3.427,370.155,420.155,6900.0
0.7108,3.039,3.039,369.484,419.484,6900.0
0.7109,2.577,2.577,368.801,418.801,6900.0
0.711,2.164,2.164,368.11,418.11,6900.0
0.7111,1.708,1.708,367.409,417.409,6900.0
0.7112,1.273,1.273,366.701,416.701,6900.0
0.7113,0.869,0.869,365.986,415.986,6900.0
0.7114,0.482,0.482,365.266,415.266,6900.0
0.7115,0.288,0.288,364.542,414.542,6900.0
0.7116,0.039,0.039,363.815,413.815,6900.0
0.7117,0.589,0.589,363.089,413.089,6900.0
0.7118,-0.0,-0.0,362.358,412.358,6900.0
0.7119,-0.0,-0.0,361.625,411.625,6900.0
0.712,0.0,0.0,360.89,410.89,6900.0
0.7121,-0.904,-0.904,360.154,410.154,6900.0
0.7122,-1.227,-1.227,359.42,409.42,6900.0
0.7123,-1.381,-1.381,358.686,408.686,6900.0
0.7124,-1.625,-1.625,357.953,407.953,6900.0
0.7125,-2.413,-2.413,357.222,407.222,6900.0
0.7126,-3.064,-3.064,356.497,406.497,6900.0
0.7127,-3.982,-3.982,355.783,405.783,6900.0
0.7128,-4.228,-4.228,355.079,405.079,6900.0
0.7129,-4.37,-4.37,354.376,404.376,6900.0
0.713,-4.977,-4.977,353.677,403.677,6900.0
0.7131,-6.062,-6.062,352.992,402.992,6900.0
0.7132,-7.01,-7.01,352.332,402.332,6900.0
0.7133,-7.485,-7.485,351.696,401.696,6897.314
0.7134,-7.436,-7.436,351.069,401.069,6879.087
0.7135,-7.816,-7.816,350.45,400.45,6839.565
0.7136,-8.634,-8.634,349.854,399.854,6781.2
0.7137,-9.343,-9.343,349.294,399.294,6705.881
0.7138,-9.685,-9.685,348.768,398.768,6615.704
0.7139,-9.855,-9.855,348.266,398.266,6512.461
0.714,-10.18,-10.18,347.787,397.787,6397.609
0.7141,-10.882,-10.882,347.338,397.338,6272.588
0.7142,-11.342,-11.342,346.928,396.928,6139.085
0.7143,-11.879,-11.879,346.553,396.553,5998.829
0.7144,-12.433,-12.433,346.219,396.219,5853.37
0.7145,-12.665,-12.665,345.923,395.923,5704.407
0.7146,-13.205,-13.205,345.661,395.661,5553.312
0.7147,-13.519,-13.519,345.435,395.435,5401.425
0.7148,-13.901,-13.901,345.244,395.244,5249.958
0.7149,-14.349,-14.349,345.092,395.092,5100.116
0.715,-14.501,-14.501,344.985,394.985,4953.23
0.7151,-15.037,-15.037,344.911,394.911,4810.463
0.7152,-15.011,-15.011,344.867,394.867,4672.784
0.7153,-15.469,-15.469,344.845,394.845,4527.872
0.7154,-15.806,-15.806,344.86,394.86,4402.816
0.7155,-15.886,-15.886,344.912,394.912,4296.495
0.7156,-15.825,-15.825,344.986,394.986,4185.889
0.7157,-15.626,-15.626,345.064,395.064,4083.32
0.7158,-15.833,-15.833,345.155,395.155,3988.555
0.7159,-15.926,-15.926,345.266,395.266,3901.747
0.716,-15.973,-15.973,345.402,395.402,3823.193
0.7161,-16.055,-16.055,345.555,395.555,3753.269
0.7162,-15.869,-15.869,345.713,395.713,3691.981
0.7163,-16.012,-16.012,345.879,395.879,3639.021
0.7164,-15.865,-15.865,346.058,396.058,3594.324
0.7165,-15.808,-15.808,346.241,396.241,3557.756
0.7166,-16.496,-16.496,346.438,396.438,3529.159
0.7167,-16.473,-16.473,346.65,396.65,3508.755
0.7168,-16.776,-16.776,346.869,396.869,3496.456
0.7169,-16.705,-16.705,347.098,397.098,3492.109
0.717,-16.567,-16.567,347.318,397.318,3495.438
0.7171,-16.419,-16.419,347.535,397.535,3505.872
0.7172,-16.004,-16.004,347.738,397.738,3522.856
0.7173,-16.156,-16.156,347.931,397.931,3548.151
0.7174,-15.906,-15.906,348.124,398.124,3576.687
0.7175,-15.518,-15.518,348.294,398.294,3606.402
0.7176,-16.136,-16.136,348.458,398.458,3643.062
0.7177,-16.074,-16.074,348.628,398.628,3683.518
0.7178,-16.026,-16.026,348.791,398.791,3727.578
0.7179,-15.531,-15.531,348.941,398.941,3774.775
0.718,-14.873,-14.873,349.055,399.055,3824.267
0.7181,-15.264,-15.264,349.148,399.148,3874.761
0.7182,-14.932,-14.932,349.234,399.234,3925.89
0.7183,-14.964,-14.964,349.299,399.299,3977.174
0.7184,-14.668,-14.668,349.355,399.355,4028.01
0.7185,-13.892,-13.892,349.38,399.38,4077.922
0.7186,-14.148,-14.148,349.378,399.378,4125.818
0.7187,-13.828,-13.828,349.367,399.367,4171.267
0.7188,-13.637,-13.637,349.331,399.331,4213.877
0.7189,-13.432,-13.432,349.284,399.284,4253.058
0.719,-12.849,-12.849,349.217,399.217,4288.579
0.7191,-12.89,-12.89,349.125,399.125,4319.795
0.7192,-12.204,-12.204,349.015,399.015,4346.272
0.7193,-11.829,-11.829,348.87,398.87,4369.145
0.7194,-11.488,-11.488,348.708,398.708,4383.532
0.7195,-11.043,-11.043,348.531,398.531,4391.066
0.7196,-11.042,-11.042,348.338,398.338,4393.226
0.7197,-10.121,-10.121,348.123,398.123,4388.667
0.7198,-9.946,-9.946,347.874,397.874,4376.718
0.7199,-10.014,-10.014,347.62,397.62,4356.936
0.72,-9.845,-9.845,347.368,397.368,4329.698
0.7201,-9.386,-9.386,347.114,397.114,4295.401
0.7202,-8.296,-8.296,346.835,396.835,4254.1
0.7203,-7.754,-7.754,346.524,396.524,4199.779
0.7204,-7.201,-7.201,346.202,396.202,4148.068
0.7205,-6.756,-6.756,345.87,395.87,4082.969
0.7206,-6.247,-6.247,345.535,395.535,4010.022
0.7207,-5.26,-5.26,345.188,395.188,3929.455
0.7208,-5.102,-5.102,344.828,394.828,3841.18
0.7209,-4.583,-4.583,344.473,394.473,3745.401
0.721,-4.094,-4.094,344.117,394.117,3642.578
0.7211,-3.575,-3.575,343.765,393.765,3533.137
0.7212,-2.798,-2.798,343.414,393.414,3417.51
0.7213,-2.114,-2.114,343.064,393.064,3283.612
0.7214,-1.547,-1.547,342.72,392.72,3156.207
0.7215,-0.803,-0.803,342.382,392.382,3037.348
0.7216,-0.434,-0.434,342.055,392.055,2901.104
0.7217,-0.663,-0.663,341.74,391.74,2761.043
0.7218,0.0,0.0,341.441,391.441,2617.828
0.7219,0.0,0.0,341.156,391.156,2472.119
0.722,-0.0,-0.0,340.888,390.888,2324.576
0.7221,1.114,1.114,340.638,390.638,2175.841
0.7222,1.322,1.322,340.406,390.406,2026.595
0.7223,1.924,1.924,340.192,390.192,1862.561
0.7224,2.451,2.451,339.999,389.999,1729.034
0.7225,3.356,3.356,339.829,389.829,1582.033
0.7226,4.12,4.12,339.687,389.687,1437.189
0.7227,4.445,4.445,339.57,389.57,1295.281
0.7228,5.295,5.295,339.473,389.473,1156.889
0.7229,6.213,6.213,339.407,389.407,1022.627
0.723,7.341,7.341,339.378,389.378,893.352
0.7231,8.326,8.326,339.395,389.395,770.103
0.7232,8.638,8.638,339.444,389.444,653.98
0.7233,9.347,9.347,339.51,389.51,534.984
0.7234,10.133,10.133,339.607,389.607,435.121
0.7235,10.96,10.96,339.744,389.744,352.603
0.7236,11.736,11.736,339.926,389.926,269.961
0.7237,12.046,12.046,340.142,390.142,197.697
0.7238,12.391,12.391,340.377,390.377,136.17
0.7239,12.931,12.931,340.636,390.636,85.489
0.724,13.438,13.438,340.926,390.926,45.971
0.7241,14.041,14.041,341.248,391.248,18.05
0.7242,14.541,14.541,341.599,391.599,2.189
0.7243,15.013,15.013,341.976,391.976,0.615
0.7244,15.436,15.436,342.376,392.376,9.252
0.7245,15.757,15.757,342.794,392.794,30.841
0.7246,16.202,16.202,343.226,393.226,64.946
0.7247,16.556,16.556,343.678,393.678,111.513
0.7248,17.096,17.096,344.15,394.15,170.546
0.7249,17.345,17.345,344.641,394.641,242.176
0.725,17.451,17.451,345.137,395.137,326.245
0.7251,17.972,17.972,345.633,395.633,422.209
0.7252,18.236,18.236,346.147,396.147,529.765
0.7253,18.768,18.768,346.674,396.674,648.84
0.7254,19.036,19.036,347.217,397.217,793.16
0.7255,18.903,18.903,347.754,397.754,936.19
0.7256,19.258,19.258,348.273,398.273,1073.711
0.7257,19.477,19.477,348.795,398.795,1235.675
0.7258,19.887,19.887,349.314,399.314,1406.812
0.7259,20.058,20.058,349.841,399.841,1586.84
0.726,19.859,19.859,350.351,400.351,1775.377
0.7261,20.251,20.251,350.835,400.835,1971.278
0.7262,20.192,20.192,351.317,401.317,2173.754
0.7263,20.35,20.35,351.774,401.774,2382.132
0.7264,20.51,20.51,352.229,402.229,2595.634
0.7265,20.278,20.278,352.662,402.662,2813.841
0.7266,20.36,20.36,353.068,403.068,3035.664
0.7267,20.249,20.249,353.456,403.456,3260.247
0.7268,20.299,20.299,353.807,403.807,3486.672
0.7269,20.281,20.281,354.144,404.144,3713.881
0.727,20.06,20.06,354.449,404.449,3941.242
0.7271,20.138,20.138,354.724,404.724,4167.607
0.7272,19.833,19.833,354.976,404.976,4392.27
0.7273,19.659,19.659,355.182,405.182,4614.199
0.7274,19.582,19.582,355.359,405.359,4853.708
0.7275,19.414,19.414,355.505,405.505,5066.453
0.7276,19.488,19.488,355.626,405.626,5253.144
0.7277,19.248,19.248,355.725,405.725,5454.892
0.7278,18.92,18.92,355.782,405.782,5649.96
0.7279,18.808,18.808,355.804,405.804,5837.217
0.728,18.524,18.524,355.794,405.794,6015.974
0.7281,18.354,18.354,355.757,405.757,6185.545
0.7282,18.114,18.114,355.69,405.69,6345.444
0.7283,17.666,17.666,355.588,405.588,6495.049
0.7284,17.455,17.455,355.442,405.442,6633.49
0.7285,17.191,17.191,355.269,405.269,6750.342
0.7286,17.032,17.032,355.074,405.074,6821.753
0.7287,16.652,16.652,354.86,404.86,6863.691
0.7288,16.303,16.303,354.624,404.624,6888.057
0.7289,15.854,15.854,354.365,404.365,6901.964
0.729,15.533,15.533,354.082,404.082,6909.661
0.7291,14.902,14.902,353.775,403.775,6913.688
0.7292,14.611,14.611,353.443,403.443,6915.557
0.7293,14.182,14.182,353.093,403.093,6916.173
0.7294,13.671,13.671,352.726,402.726,6916.037
0.7295,13.147,13.147,352.331,402.331,6915.512
0.7296,12.491,12.491,351.903,401.903,6914.678
0.7297,12.146,12.146,351.45,401.45,6903.848
0.7298,12.038,12.038,350.988,400.988,6878.004
0.7299,11.558,11.558,350.525,400.525,6837.707
0.73,10.72,10.72,350.041,400.041,6783.46
0.7301,9.946,9.946,349.521,399.521,6715.031
0.7302,9.55,9.55,348.983,398.983,6632.045
0.7303,9.268,9.268,348.437,398.437,6534.797
0.7304,8.895,8.895,347.898,397.898,6423.952
0.7305,8.155,8.155,347.356,397.356,6300.372
0.7306,7.446,7.446,346.801,396.801,6164.465
0.7307,6.959,6.959,346.245,396.245,6016.537
0.7308,6.415,6.415,345.691,395.691,5857.273
0.7309,5.91,5.91,345.145,395.145,5687.392
0.731,5.074,5.074,344.604,394.604,5507.748
0.7311,4.175,4.175,344.062,394.062,5318.94
0.7312,3.526,3.526,343.527,393.527,5121.519
0.7313,2.599,2.599,343.001,393.001,4916.235
0.7314,1.94,1.94,342.487,392.487,4682.254
0.7315,1.343,1.343,341.989,391.989,4463.064
0.7316,0.681,0.681,341.51,391.51,4261.306
0.7317,0.297,0.297,341.052,391.052,4033.025
0.7318,0.037,0.037,340.617,390.617,3801.386
0.7319,0.0,0.0,340.208,390.208,3567.398
0.732,0.0,0.0,339.824,389.824,3332.046
0.7321,-1.376,-1.376,339.466,389.466,3096.273
0.7322,-0.96,-0.96,339.136,389.136,2861.005
0.7323,-1.532,-1.532,338.833,388.833,2627.147
0.7324,-2.37,-2.37,338.562,388.562,2395.573
0.7325,-2.756,-2.756,338.323,388.323,2167.254
0.7326,-3.207,-3.207,338.114,388.114,1943.069
0.7327,-4.157,-4.157,337.937,387.937,1723.776
0.7328,-4.972,-4.972,337.798,387.798,1510.28
0.7329,-5.941,-5.941,337.702,387.702,1303.553
0.733,-6.598,-6.598,337.649,387.649,1104.688
0.7331,-6.93,-6.93,337.626,387.626,914.513
0.7332,-7.581,-7.581,337.631,387.631,733.474
0.7333,-8.598,-8.598,337.677,387.677,562.17
0.7334,-9.899,-9.899,337.777,387.777,386.125
0.7335,-10.686,-10.686,337.931,387.931,238.688
0.7336,-10.896,-10.896,338.119,388.119,117.0
0.7337,-11.485,-11.485,338.331,388.331,0.0
0.7338,-12.236,-12.236,338.573,388.573,0.0
0.7339,-13.06,-13.06,338.845,388.845,0.0
0.734,-13.753,-13.753,339.149,389.149,0.0
0.7341,-14.362,-14.362,339.478,389.478,0.0
0.7342,-15.096,-15.096,339.834,389.834,0.0
0.7343,-15.63,-15.63,340.219,390.219,0.0
0.7344,-16.236,-16.236,340.631,390.631,0.0
0.7345,-16.887,-16.887,341.073,391.073,0.0
0.7346,-17.474,-17.474,341.548,391.548,0.0
0.7347,-18.139,-18.139,342.054,392.054,0.615
0.7348,-18.518,-18.518,342.589,392.589,13.605
0.7349,-18.892,-18.892,343.138,393.138,43.318
0.735,-19.482,-19.482,343.705,393.705,89.393
0.7351,-20.075,-20.075,344.294,394.294,151.724
0.7352,-20.592,-20.592,344.914,394.914,230.325
0.7353,-20.788,-20.788,345.55,395.55,325.324
0.7354,-21.011,-21.011,346.18,396.18,448.125
0.7355,-21.577,-21.577,346.816,396.816,575.478
0.7356,-21.861,-21.861,347.46,397.46,717.474
0.7357,-22.279,-22.279,348.12,398.12,857.438
0.7358,-22.242,-22.242,348.785,398.785,1026.354
0.7359,-22.292,-22.292,349.421,399.421,1208.532
0.736,-22.523,-22.523,350.05,400.05,1402.601
0.7361,-22.546,-22.546,350.663,400.663,1607.832
0.7362,-22.903,-22.903,351.27,401.27,1823.208
0.7363,-22.771,-22.771,351.87,401.87,2048.257
0.7364,-22.751,-22.751,352.431,402.431,2281.94
0.7365,-22.84,-22.84,352.977,402.977,2522.807
0.7366,-22.687,-22.687,353.494,403.494,2770.028
0.7367,-23.016,-23.016,353.984,403.984,3022.292
0.7368,-22.83,-22.83,354.463,404.463,3278.859
0.7369,-22.711,-22.711,354.901,404.901,3538.761
0.737,-22.678,-22.678,355.317,405.317,3800.738
0.7371,-22.332,-22.332,355.695,405.695,4063.887
0.7372,-22.358,-22.358,356.025,406.025,4326.681
0.7373,-21.985,-21.985,356.331,406.331,4587.923
0.7374,-21.977,-21.977,356.589,406.589,4872.227
0.7375,-21.979,-21.979,356.824,406.824,5126.675
0.7376,-21.504,-21.504,357.02,407.02,5376.546
0.7377,-21.327,-21.327,357.159,407.159,5596.286
0.7378,-21.052,-21.052,357.264,407.264,5833.547
0.7379,-21.066,-21.066,357.33,407.33,6062.697
0.738,-20.85,-20.85,357.374,407.374,6283.026
0.7381,-20.56,-20.56,357.379,407.379,6493.996
0.7382,-20.332,-20.332,357.339,407.339,6678.104
0.7383,-20.086,-20.086,357.274,407.274,6790.592
0.7384,-19.884,-19.884,357.185,407.185,6856.095
0.7385,-19.461,-19.461,357.081,407.081,6893.681
0.7386,-18.982,-18.982,356.951,406.951,6914.725
0.7387,-18.594,-18.594,356.792,406.792,6926.0
0.7388,-18.099,-18.099,356.609,406.609,6931.541
0.7389,-17.528,-17.528,356.398,406.398,6933.746
0.739,-17.21,-17.21,356.162,406.162,6934.037
0.7391,-16.765,-16.765,355.906,405.906,6933.257
0.7392,-16.441,-16.441,355.63,405.63,6931.904
0.7393,-15.714,-15.714,355.331,405.331,6930.271
0.7394,-15.06,-15.06,354.996,404.996,6928.526
0.7395,-14.559,-14.559,354.627,404.627,6926.594
0.7396,-14.191,-14.191,354.237,404.237,6924.884
0.7397,-14.0,-14.0,353.835,403.835,6923.405
0.7398,-13.349,-13.349,353.421,403.421,6921.843
0.7399,-12.317,-12.317,352.967,402.967,6920.371
0.74,-11.681,-11.681,352.472,402.472,6918.99
0.7401,-11.235,-11.235,351.955,401.955,6917.697
0.7402,-11.101,-11.101,351.427,401.427,6907.545
0.7403,-10.409,-10.409,350.896,400.896,6879.938
0.7404,-9.481,-9.481,350.339,400.339,6835.354
0.7405,-8.9,-8.9,349.755,399.755,6773.658
0.7406,-8.155,-8.155,349.159,399.159,6695.029
0.7407,-7.722,-7.722,348.554,398.554,6599.921
0.7408,-7.018,-7.018,347.948,397.948,6489.014
0.7409,-6.059,-6.059,347.334,397.334,6363.013
0.741,-5.397,-5.397,346.711,396.711,6222.378
0.7411,-4.738,-4.738,346.092,396.092,6067.759
0.7412,-4.005,-4.005,345.478,395.478,5900.022
0.7413,-3.364,-3.364,344.872,394.872,5720.091
0.7414,-2.667,-2.667,344.276,394.276,5528.938
0.7415,-1.824,-1.824,343.693,393.693,5306.882
0.7416,-1.02,-1.02,343.125,393.125,5095.397
0.7417,-0.547,-0.547,342.576,392.576,4898.134
0.7418,-0.342,-0.342,342.048,392.048,4672.285
0.7419,-0.725,-0.725,341.544,391.544,4440.535
0.742,0.159,0.159,341.065,391.065,4204.048
0.7421,0.646,0.646,340.613,390.613,3963.952
0.7422,1.384,1.384,340.188,390.188,3721.362
0.7423,1.814,1.814,339.794,389.794,3477.397
0.7424,2.124,2.124,339.431,389.431,3233.187
0.7425,2.935,2.935,339.098,389.098,2989.761
0.7426,3.806,3.806,338.802,388.802,2748.171
0.7427,4.749,4.749,338.543,388.543,2509.556
0.7428,5.621,5.621,338.329,388.329,2275.099
0.7429,6.1,6.1,338.151,388.151,2045.991
0.743,6.834,6.834,338.005,388.005,1823.065
0.7431,7.968,7.968,337.9,387.9,1607.104
0.7432,9.265,9.265,337.848,387.848,1399.262
0.7433,10.244,10.244,337.858,387.858,1200.952
0.7434,10.813,10.813,337.915,387.915,1013.568
0.7435,11.345,11.345,338.003,388.003,820.927
0.7436,12.121,12.121,338.13,388.13,658.558
0.7437,13.132,13.132,338.305,388.305,523.435
0.7438,13.891,13.891,338.537,388.537,386.497
0.7439,14.486,14.486,338.812,388.812,264.412
0.744,15.05,15.05,339.122,389.122,157.673
0.7441,15.626,15.626,339.469,389.469,66.6
0.7442,16.195,16.195,339.852,389.852,0.0
0.7443,16.954,16.954,340.266,390.266,0.0
0.7444,17.63,17.63,340.715,390.715,0.0
0.7445,18.199,18.199,341.197,391.197,0.0
0.7446,18.667,18.667,341.707,391.707,0.0
0.7447,19.128,19.128,342.238,392.238,3.136
0.7448,19.671,19.671,342.789,392.789,22.089
0.7449,20.083,20.083,343.365,393.365,58.098
0.745,20.85,20.85,343.969,393.969,111.129
0.7451,21.212,21.212,344.605,394.605,181.419
0.7452,21.446,21.446,345.248,395.248,268.906
0.7453,21.829,21.829,345.894,395.894,372.898
0.7454,22.129,22.129,346.553,396.553,492.893
0.7455,22.802,22.802,347.224,397.224,642.904
0.7456,22.935,22.935,347.919,397.919,795.62
0.7457,22.986,22.986,348.602,398.602,945.982
0.7458,23.267,23.267,349.268,399.268,1126.321
0.7459,23.224,23.224,349.928,399.928,1319.702
0.746,23.583,23.583,350.57,400.57,1525.143
0.7461,23.805,23.805,351.215,401.215,1741.879
0.7462,23.648,23.648,351.841,401.841,1969.288
0.7463,23.903,23.903,352.436,402.436,2206.043
0.7464,23.796,23.796,353.02,403.02,2451.109
0.7465,23.897,23.897,353.57,403.57,2703.458
0.7466,24.11,24.11,354.114,404.114,2961.974
0.7467,23.969,23.969,354.635,404.635,3226.126
0.7468,24.05,24.05,355.127,405.127,3494.742
0.7469,23.861,23.861,355.595,405.595,3766.913
0.747,23.627,23.627,356.014,406.014,4041.363
0.7471,23.507,23.507,356.402,406.402,4316.502
0.7472,23.359,23.359,356.747,406.747,4591.267
0.7473,23.387,23.387,357.059,407.059,4864.276
0.7474,23.127,23.127,357.339,407.339,5134.648
0.7475,22.677,22.677,357.563,407.563,5427.507
0.7476,22.664,22.664,357.742,407.742,5687.798
0.7477,22.528,22.528,357.884,407.884,5916.37
0.7478,22.472,22.472,358.001,408.001,6163.19
0.7479,22.239,22.239,358.086,408.086,6402.014
0.748,21.839,21.839,358.127,408.127,6621.337
0.7481,21.701,21.701,358.131,408.131,6760.933
0.7482,21.386,21.386,358.114,408.114,6842.237
0.7483,21.191,21.191,358.082,408.082,6888.928
0.7484,20.8,20.8,358.031,408.031,6915.122
0.7485,20.317,20.317,357.952,407.952,6929.223
0.7486,19.794,19.794,357.84,407.84,6936.228
0.7487,19.34,19.34,357.701,407.701,6939.106
0.7488,18.99,18.99,357.539,407.539,6939.617
0.7489,18.574,18.574,357.355,407.355,6938.801
0.749,18.091,18.091,357.149,407.149,6937.273
0.7491,17.489,17.489,356.92,406.92,6935.392
0.7492,16.925,16.925,356.661,406.661,6933.367
0.7493,16.395,16.395,356.371,406.371,6931.32
0.7494,15.98,15.98,356.054,406.054,6929.316
0.7495,15.669,15.669,355.72,405.72,6927.205
0.7496,15.03,15.03,355.373,405.373,6925.389
0.7497,14.307,14.307,354.994,404.994,6923.678
0.7498,13.57,13.57,354.571,404.571,6922.229
0.7499,13.06,13.06,354.117,404.117,6920.716
0.75,12.84,12.84,353.647,403.647,6919.303
0.7501,12.495,12.495,353.175,403.175,6917.984
0.7502,11.567,11.567,352.681,402.681,6916.754
0.7503,10.586,10.586,352.144,402.144,6915.607
0.7504,9.857,9.857,351.576,401.576,6910.436
0.7505,9.267,9.267,350.985,400.985,6887.037
0.7506,8.962,8.962,350.386,400.386,6844.562
0.7507,8.065,8.065,349.777,399.777,6783.723
0.7508,7.16,7.16,349.145,399.145,6704.926
0.7509,6.421,6.421,348.506,398.506,6608.458
0.751,5.742,5.742,347.86,397.86,6495.015
0.7511,5.226,5.226,347.218,397.218,6365.347
0.7512,4.416,4.416,346.579,396.579,6220.471
0.7513,3.435,3.435,345.942,395.942,6061.265
0.7514,2.682,2.682,345.311,395.311,5888.592
0.7515,1.807,1.807,344.689,394.689,5703.423
0.7516,1.133,1.133,344.08,394.08,5486.53
0.7517,0.525,0.525,343.488,393.488,5278.569
0.7518,0.051,0.051,342.916,392.916,5083.629
0.7519,0.0,0.0,342.367,392.367,4859.519
0.752,0.0,0.0,341.843,391.843,4628.705
0.7521,-0.816,-0.816,341.345,391.345,4392.397
0.7522,-1.126,-1.126,340.874,390.874,4151.831
0.7523,-1.707,-1.707,340.431,390.431,3908.166
0.7524,-2.458,-2.458,340.02,390.02,3662.558
0.7525,-3.29,-3.29,339.642,389.642,3416.206
0.7526,-4.064,-4.064,339.301,389.301,3170.316
0.7527,-4.64,-4.64,338.999,388.999,2926.165
0.7528,-5.307,-5.307,338.729,388.729,2684.862
0.7529,-6.489,-6.489,338.497,388.497,2447.371
0.753,-7.607,-7.607,338.312,388.312,2214.89
0.7531,-8.813,-8.813,338.184,388.184,1988.812
0.7532,-9.411,-9.411,338.113,388.113,1770.716
0.7533,-9.903,-9.903,338.077,388.077,1561.774
0.7534,-10.867,-10.867,338.075,388.075,1362.582
0.7535,-11.901,-11.901,338.125,388.125,1173.968
0.7536,-13.022,-13.022,338.234,388.234,980.144
0.7537,-13.67,-13.67,338.4,388.4,817.808
0.7538,-14.154,-14.154,338.606,388.606,683.766
0.7539,-14.75,-14.75,338.845,388.845,548.613
0.754,-15.588,-15.588,339.124,389.124,428.367
0.7541,-16.519,-16.519,339.451,389.451,323.646
0.7542,-17.211,-17.211,339.827,389.827,235.214
0.7543,-17.845,-17.845,340.244,390.244,163.726
0.7544,-18.48,-18.48,340.699,390.699,109.634
0.7545,-19.084,-19.084,341.19,391.19,73.247
0.7546,-19.569,-19.569,341.711,391.711,54.784
0.7547,-20.188,-20.188,342.262,392.262,54.267
0.7548,-20.888,-20.888,342.843,392.843,71.807
0.7549,-21.423,-21.423,343.464,393.464,107.627
0.755,-21.838,-21.838,344.105,394.105,161.929
0.7551,-22.025,-22.025,344.754,394.754,234.347
0.7552,-22.481,-22.481,345.412,395.412,324.21
0.7553,-22.918,-22.918,346.084,396.084,431.121
0.7554,-23.415,-23.415,346.78,396.78,554.848
0.7555,-23.662,-23.662,347.486,397.486,695.298
0.7556,-23.811,-23.811,348.18,398.18,868.273
0.7557,-24.101,-24.101,348.875,398.875,1041.192
0.7558,-24.365,-24.365,349.565,399.565,1209.059
0.7559,-24.754,-24.754,350.263,400.263,1408.532
0.756,-24.907,-24.907,350.958,400.958,1621.339
0.7561,-24.906,-24.906,351.628,401.628,1846.528
0.7562,-25.01,-25.01,352.283,402.283,2082.784
0.7563,-24.881,-24.881,352.912,402.912,2329.178
0.7564,-25.136,-25.136,353.521,403.521,2584.318
0.7565,-24.995,-24.995,354.115,404.115,2847.455
0.7566,-24.959,-24.959,354.667,404.667,3117.382
0.7567,-25.004,-25.004,355.198,405.198,3392.659
0.7568,-24.853,-24.853,355.695,405.695,3672.299
0.7569,-25.079,-25.079,356.157,406.157,3954.908
0.757,-24.861,-24.861,356.601,406.601,4239.542
0.7571,-24.709,-24.709,357.001,407.001,4525.18
0.7572,-24.583,-24.583,357.375,407.375,4810.522
0.7573,-24.222,-24.222,357.705,407.705,5094.593
0.7574,-24.08,-24.08,357.979,407.979,5375.796
0.7575,-23.807,-23.807,358.219,408.219,5652.682
0.7576,-23.681,-23.681,358.41,408.41,5950.893
0.7577,-23.455,-23.455,358.573,408.573,6215.026
0.7578,-23.039,-23.039,358.687,408.687,6446.312
0.7579,-23.006,-23.006,358.748,408.748,6657.524
0.758,-22.804,-22.804,358.791,408.791,6782.251
0.7581,-22.737,-22.737,358.814,408.814,6854.643
0.7582,-22.348,-22.348,358.832,408.832,6896.005
0.7583,-21.887,-21.887,358.824,408.824,6919.022
0.7584,-21.499,-21.499,358.786,408.786,6931.237
0.7585,-21.097,-21.097,358.725,408.725,6937.13
0.7586,-20.875,-20.875,358.641,408.641,6939.361
0.7587,-20.474,-20.474,358.541,408.541,6939.501
0.7588,-19.917,-19.917,358.419,408.419,6938.481
0.7589,-19.351,-19.351,358.267,408.267,6936.846
0.759,-18.788,-18.788,358.083,408.083,6934.917
0.7591,-18.154,-18.154,357.869,407.869,6932.879
0.7592,-17.53,-17.53,357.622,407.622,6930.837
0.7593,-17.112,-17.112,357.349,407.349,6928.85
0.7594,-16.619,-16.619,357.06,407.06,6926.948
0.7595,-15.936,-15.936,356.746,406.746,6925.147
0.7596,-15.085,-15.085,356.396,406.396,6923.287
0.7597,-14.594,-14.594,356.008,406.008,6921.706
0.7598,-14.121,-14.121,355.601,405.601,6920.372
0.7599,-13.813,-13.813,355.179,405.179,6918.982
0.76,-13.093,-13.093,354.745,404.745,6917.685
0.7601,-11.89,-11.89,354.268,404.268,6916.476
0.7602,-11.232,-11.232,353.743,403.743,6915.348
0.7603,-10.688,-10.688,353.193,403.193,6914.298
0.7604,-10.373,-10.373,352.627,402.627,6913.319
0.7605,-9.651,-9.651,352.052,402.052,6912.407
0.7606,-8.831,-8.831,351.45,401.45,6904.661
0.7607,-8.196,-8.196,350.825,400.825,6876.829
0.7608,-7.541,-7.541,350.189,400.189,6828.973
0.7609,-7.166,-7.166,349.545,399.545,6761.728
0.761,-6.299,-6.299,348.899,398.899,6675.942
0.7611,-5.288,-5.288,348.245,398.245,6572.404
0.7612,-4.569,-4.569,347.583,397.583,6451.704
0.7613,-3.562,-3.562,346.921,396.921,6314.595
0.7614,-2.734,-2.734,346.261,396.261,6161.946
0.7615,-1.904,-1.904,345.608,395.608,5994.724
0.7616,-1.247,-1.247,344.967,394.967,5795.242
0.7617,-0.626,-0.626,344.342,394.342,5601.034
0.7618,-1.296,-1.296,343.734,393.734,5395.845
0.7619,-0.214,-0.214,343.15,393.15,5202.866
0.762,-0.0,-0.0,342.588,392.588,4980.392
0.7621,0.703,0.703,342.051,392.051,4750.668
0.7622,1.551,1.551,341.541,391.541,4514.959
0.7623,1.662,1.662,341.059,391.059,4274.551
0.7624,2.571,2.571,340.607,390.607,4030.656
0.7625,3.254,3.254,340.19,390.19,3784.568
0.7626,3.831,3.831,339.808,389.808,3537.612
0.7627,4.851,4.851,339.459,389.459,3290.957
0.7628,5.707,5.707,339.154,389.154,3045.828
0.7629,6.829,6.829,338.893,388.893,2803.619
0.763,7.764,7.764,338.687,388.687,2565.77
0.7631,8.371,8.371,338.523,388.523,2333.761
0.7632,9.175,9.175,338.392,388.392,2108.543
0.7633,10.306,10.306,338.306,388.306,1890.974
0.7634,11.539,11.539,338.28,388.28,1682.284
0.7635,12.465,12.465,338.321,388.321,1484.077
0.7636,13.098,13.098,338.412,388.412,1297.822
0.7637,13.655,13.655,338.537,388.537,1107.672
0.7638,14.447,14.447,338.701,388.701,948.7
0.7639,15.162,15.162,338.912,388.912,817.528
0.764,15.897,15.897,339.172,389.172,685.79
0.7641,16.685,16.685,339.477,389.477,569.556
0.7642,17.503,17.503,339.826,389.826,469.443
0.7643,18.158,18.158,340.219,390.219,386.056
0.7644,18.654,18.654,340.652,390.652,319.929
0.7645,19.283,19.283,341.121,391.121,271.409
0.7646,19.867,19.867,341.628,391.628,240.798
0.7647,20.585,20.585,342.175,392.175,228.453
0.7648,20.989,20.989,342.758,392.758,234.738
0.7649,21.362,21.362,343.358,393.358,259.712
0.765,21.845,21.845,343.97,393.97,302.914
0.7651,22.22,22.22,344.603,394.603,363.943
0.7652,22.805,22.805,345.257,395.257,442.636
0.7653,23.226,23.226,345.934,395.934,538.928
0.7654,23.415,23.415,346.615,396.615,652.525
0.7655,23.77,23.77,347.292,397.292,782.619
0.7656,24.127,24.127,347.979,397.979,928.514
0.7657,24.767,24.767,348.678,398.678,1106.77
0.7658,24.844,24.844,349.401,399.401,1284.943
0.7659,24.771,24.771,350.108,400.108,1458.059
0.766,25.05,25.05,350.793,400.793,1663.347
0.7661,25.13,25.13,351.472,401.472,1881.235
0.7662,25.357,25.357,352.129,402.129,2110.791
0.7663,25.432,25.432,352.781,402.781,2351.023
0.7664,25.386,25.386,353.402,403.402,2601.07
0.7665,25.599,25.599,353.992,403.992,2859.413
0.7666,25.368,25.368,354.563,404.563,3124.961
0.7667,25.323,25.323,355.091,405.091,3396.413
0.7668,25.486,25.486,355.604,405.604,3672.435
0.7669,25.276,25.276,356.089,406.089,3952.326
0.767,25.379,25.379,356.545,406.545,4234.862
0.7671,25.142,25.142,356.974,406.974,4519.196
0.7672,24.851,24.851,357.355,407.355,4804.052
0.7673,24.859,24.859,357.698,407.698,5087.873
0.7674,24.533,24.533,358.004,408.004,5369.554
0.7675,24.477,24.477,358.268,408.268,5647.796
0.7676,24.126,24.126,358.493,408.493,5921.542
0.7677,23.709,23.709,358.659,408.659,6215.759
0.7678,23.551,23.551,358.774,408.774,6475.151
0.7679,23.269,23.269,358.851,408.851,6659.732
0.768,23.349,23.349,358.908,408.908,6783.438
0.7681,22.981,22.981,358.955,408.955,6855.224
0.7682,22.635,22.635,358.973,408.973,6896.226
0.7683,22.279,22.279,358.968,408.968,6919.032
0.7684,21.892,21.892,358.941,408.941,6931.127
0.7685,21.601,21.601,358.9,408.9,6936.955
0.7686,21.173,21.173,358.842,408.842,6939.153
0.7687,20.638,20.638,358.758,408.758,6939.281
0.7688,20.087,20.087,358.642,408.642,6938.259
0.7689,19.584,19.584,358.493,408.493,6936.629
0.769,18.954,18.954,358.315,408.315,6934.709
0.7691,18.459,18.459,358.107,408.107,6932.681
0.7692,17.976,17.976,357.874,407.874,6930.651
0.7693,17.401,17.401,357.62,407.62,6928.675
0.7694,16.791,16.791,357.334,407.334,6926.784
0.7695,16.016,16.016,357.012,407.012,6924.993
0.7696,15.573,15.573,356.659,406.659,6923.308
0.7697,15.264,15.264,356.288,406.288,6921.574
0.7698,14.819,14.819,355.911,405.911,6920.105
0.7699,13.738,13.738,355.505,405.505,6918.866
0.77,12.95,12.95,355.047,405.047,6917.578
0.7701,12.481,12.481,354.557,404.557,6916.376
0.7702,12.044,12.044,354.05,404.05,6915.255
0.7703,11.616,11.616,353.535,403.535,6914.211
0.7704,10.682,10.682,352.999,402.999,6913.238
0.7705,9.769,9.769,352.425,402.425,6912.331
0.7706,9.205,9.205,351.824,401.824,6911.084
0.7707,8.696,8.696,351.205,401.205,6895.756
0.7708,8.163,8.163,350.578,400.578,6860.0
0.7709,7.244,7.244,349.939,399.939,6804.562
0.771,6.24,6.24,349.282,399.282,6729.939
0.7711,5.459,5.459,348.616,398.616,6636.553
0.7712,4.568,4.568,347.944,397.944,6525.134
0.7713,3.736,3.736,347.273,397.273,6396.487
0.7714,2.821,2.821,346.606,396.606,6251.576
0.7715,2.0,2.0,345.944,395.944,6091.406
0.7716,1.139,1.139,345.293,395.293,5917.044
0.7717,0.541,0.541,344.656,394.656,5710.24
0.7718,1.484,1.484,344.037,394.037,5509.93
0.7719,0.642,0.642,343.44,393.44,5320.767
0.772,-0.02,-0.02,342.866,392.866,5101.91
0.7721,-1.524,-1.524,342.315,392.315,4875.159
0.7722,-1.384,-1.384,341.792,391.792,4641.81
0.7723,-2.05,-2.05,341.297,391.297,4403.167
0.7724,-2.494,-2.494,340.834,390.834,4160.551
0.7725,-3.202,-3.202,340.402,390.402,3915.242
0.7726,-4.281,-4.281,340.006,390.006,3668.462
0.7727,-5.144,-5.144,339.649,389.649,3421.578
0.7728,-6.184,-6.184,339.337,389.337,3175.964
0.7729,-6.843,-6.843,339.07,389.07,2933.111
0.773,-7.343,-7.343,338.837,388.837,2694.228
0.7731,-8.336,-8.336,338.64,388.64,2460.22
0.7732,-9.526,-9.526,338.493,388.493,2232.205
0.7733,-10.779,-10.779,338.408,388.408,2011.635
0.7734,-11.664,-11.664,338.386,388.386,1800.231
0.7735,-12.093,-12.093,338.405,388.405,1599.315
0.7736,-13.038,-13.038,338.46,388.46,1409.544
0.7737,-14.013,-14.013,338.567,388.567,1214.63
0.7738,-15.007,-15.007,338.733,388.733,1051.256
0.7739,-15.755,-15.755,338.955,388.955,916.533
0.774,-16.288,-16.288,339.221,389.221,781.35
0.7741,-17.068,-17.068,339.525,389.525,661.919
0.7742,-17.729,-17.729,339.873,389.873,558.735
0.7743,-18.516,-18.516,340.26,390.26,472.371
0.7744,-19.215,-19.215,340.695,390.695,403.297
0.7745,-19.989,-19.989,341.17,391.17,352.103
0.7746,-20.505,-20.505,341.69,391.69,319.248
0.7747,-20.985,-20.985,342.24,392.24,305.097
0.7748,-21.505,-21.505,342.81,392.81,309.603
0.7749,-22.156,-22.156,343.409,393.409,332.549
0.775,-22.756,-22.756,344.038,394.038,374.016
0.7751,-23.358,-23.358,344.702,394.702,434.128
0.7752,-23.637,-23.637,345.387,395.387,513.021
0.7753,-23.86,-23.86,346.072,396.072,610.245
0.7754,-24.181,-24.181,346.766,396.766,724.972
0.7755,-24.646,-24.646,347.465,397.465,856.735
0.7756,-25.157,-25.157,348.189,398.189,1005.086
0.7757,-25.241,-25.241,348.921,398.921,1170.025
0.7758,-25.278,-25.278,349.633,399.633,1369.563
0.7759,-25.48,-25.48,350.337,400.337,1566.053
0.776,-25.695,-25.695,351.025,401.025,1754.457
0.7761,-26.035,-26.035,351.715,401.715,1975.696
0.7762,-26.021,-26.021,352.397,402.397,2209.092
0.7763,-25.958,-25.958,353.044,403.044,2453.516
0.7764,-26.002,-26.002,353.673,403.673,2707.449
0.7765,-25.901,-25.901,354.272,404.272,2969.899
0.7766,-26.187,-26.187,354.847,404.847,3239.472
0.7767,-25.981,-25.981,355.409,405.409,3515.397
0.7768,-25.954,-25.954,355.927,405.927,3796.548
0.7769,-25.84,-25.84,356.424,406.424,4081.503
0.777,-25.571,-25.571,356.879,406.879,4369.265
0.7771,-25.659,-25.659,357.288,407.288,4658.178
0.7772,-25.428,-25.428,357.672,407.672,4947.058
0.7773,-25.316,-25.316,358.008,408.008,5234.783
0.7774,-25.052,-25.052,358.317,408.317,5520.047
0.7775,-24.725,-24.725,358.576,408.576,5801.828
0.7776,-24.539,-24.539,358.779,408.779,6078.48
0.7777,-24.273,-24.273,358.945,408.945,6348.603
0.7778,-24.193,-24.193,359.067,409.067,6612.457
0.7779,-23.995,-23.995,359.171,409.171,6756.612
0.778,-23.652,-23.652,359.25,409.25,6833.995
0.7781,-23.244,-23.244,359.294,409.294,6884.867
0.7782,-22.897,-22.897,359.317,409.317,6913.442
0.7783,-22.637,-22.637,359.321,409.321,6928.878
0.7784,-22.327,-22.327,359.314,409.314,6936.613
0.7785,-21.842,-21.842,359.288,409.288,6939.873
0.7786,-21.378,-21.378,359.228,409.228,6940.566
0.7787,-20.973,-20.973,359.142,409.142,6939.82
0.7788,-20.508,-20.508,359.03,409.03,6938.298
0.7789,-20.048,-20.048,358.893,408.893,6936.391
0.779,-19.548,-19.548,358.732,408.732,6934.324
0.7791,-19.044,-19.044,358.544,408.544,6932.225
0.7792,-18.434,-18.434,358.328,408.328,6930.168
0.7793,-17.587,-17.587,358.079,408.079,6928.19
0.7794,-17.028,-17.028,357.792,407.792,6926.312
0.7795,-16.702,-16.702,357.482,407.482,6924.542
0.7796,-16.183,-16.183,357.159,407.159,6922.88
0.7797,-15.397,-15.397,356.815,406.815,6921.324
0.7798,-14.557,-14.557,356.428,406.428,6919.73
0.7799,-13.929,-13.929,355.999,405.999,6918.383
0.78,-13.481,-13.481,355.547,405.547,6917.248
0.7801,-13.204,-13.204,355.085,405.085,6916.068
0.7802,-12.373,-12.373,354.614,404.614,6914.969
0.7803,-11.306,-11.306,354.104,404.104,6913.944
0.7804,-10.582,-10.582,353.553,403.553,6912.99
0.7805,-9.756,-9.756,352.976,402.976,6912.1
0.7806,-9.427,-9.427,352.377,402.377,6911.271
0.7807,-8.685,-8.685,351.766,401.766,6909.632
0.7808,-7.613,-7.613,351.13,401.13,6892.202
0.7809,-6.931,-6.931,350.471,400.471,6853.699
0.781,-6.015,-6.015,349.802,399.802,6794.569
0.7811,-5.707,-5.707,349.126,399.126,6715.51
0.7812,-4.98,-4.98,348.452,398.452,6617.444
0.7813,-3.979,-3.979,347.777,397.777,6501.375
0.7814,-3.202,-3.202,347.1,397.1,6368.175
0.7815,-2.227,-2.227,346.43,396.43,6218.796
0.7816,-1.437,-1.437,345.766,395.766,6054.295
0.7817,-0.728,-0.728,345.115,395.115,5875.797
0.7818,-0.278,-0.278,344.481,394.481,5664.738
0.7819,-0.536,-0.536,343.866,393.866,5460.898
0.782,-0.0,-0.0,343.274,393.274,5268.839
0.7821,0.776,0.776,342.706,392.706,5047.095
0.7822,1.226,1.226,342.163,392.163,4817.862
0.7823,1.647,1.647,341.649,391.649,4582.459
0.7824,2.544,2.544,341.163,391.163,4342.177
0.7825,3.122,3.122,340.711,390.711,4098.332
0.7826,4.216,4.216,340.294,390.294,3852.251
0.7827,5.123,5.123,339.918,389.918,3605.324
0.7828,5.667,5.667,339.579,389.579,3358.971
0.7829,6.571,6.571,339.274,389.274,3114.348
0.783,7.626,7.626,339.014,389.014,2872.614
0.7831,8.979,8.979,338.807,388.807,2635.214
0.7832,10.212,10.212,338.666,388.666,2403.83
0.7833,10.677,10.677,338.576,388.576,2180.222
0.7834,11.325,11.325,338.519,388.519,1965.378
0.7835,12.32,12.32,338.507,388.507,1760.05
0.7836,13.49,13.49,338.552,388.552,1565.331
0.7837,14.374,14.374,338.665,388.665,1382.688
0.7838,15.038,15.038,338.828,388.828,1197.377
0.7839,15.615,15.615,339.029,389.029,1043.889
0.784,16.325,16.325,339.269,389.269,918.338
0.7841,17.205,17.205,339.555,389.555,793.397
0.7842,17.844,17.844,339.891,389.891,684.505
0.7843,18.427,18.427,340.27,390.27,592.375
0.7844,19.122,19.122,340.69,390.69,517.521
0.7845,19.654,19.654,341.152,391.152,460.395
0.7846,20.354,20.354,341.647,391.647,421.339
0.7847,20.999,20.999,342.176,392.176,400.565
0.7848,21.543,21.543,342.742,392.742,398.26
0.7849,22.15,22.15,343.345,393.345,414.691
0.785,22.667,22.667,343.978,393.978,450.144
0.7851,22.971,22.971,344.627,394.627,504.517
0.7852,23.401,23.401,345.28,395.28,577.217
0.7853,23.685,23.685,345.95,395.95,667.712
0.7854,24.261,24.261,346.635,396.635,775.613
0.7855,24.591,24.591,347.343,397.343,900.794
0.7856,24.77,24.77,348.048,398.048,1042.937
0.7857,25.224,25.224,348.746,398.746,1201.047
0.7858,25.423,25.423,349.454,399.454,1392.623
0.7859,25.785,25.785,350.159,400.159,1582.207
0.786,25.918,25.918,350.878,400.878,1765.022
0.7861,25.758,25.758,351.579,401.579,1981.203
0.7862,26.024,26.024,352.251,402.251,2209.718
0.7863,25.957,25.957,352.911,402.911,2449.443
0.7864,26.068,26.068,353.537,403.537,2699.184
0.7865,26.072,26.072,354.152,404.152,2957.692
0.7866,25.937,25.937,354.732,404.732,3224.018
0.7867,25.977,25.977,355.277,405.277,3496.58
0.7868,25.834,25.834,355.796,405.796,3774.224
0.7869,25.859,25.859,356.269,406.269,4055.621
0.787,25.92,25.92,356.726,406.726,4339.372
0.7871,25.723,25.723,357.151,407.151,4624.837
0.7872,25.819,25.819,357.546,407.546,4910.752
0.7873,25.598,25.598,357.914,407.914,5196.331
0.7874,25.293,25.293,358.231,408.231,5480.371
0.7875,25.278,25.278,358.507,408.507,5761.243
0.7876,24.98,24.98,358.743,408.743,6037.874
0.7877,24.88,24.88,358.938,408.938,6308.98
0.7878,24.413,24.413,359.094,409.094,6562.736
0.7879,23.762,23.762,359.196,409.196,6738.593
0.788,23.572,23.572,359.255,409.255,6822.114
0.7881,23.443,23.443,359.296,409.296,6877.198
0.7882,23.176,23.176,359.33,409.33,6908.318
0.7883,22.853,22.853,359.349,409.349,6925.306
0.7884,22.406,22.406,359.345,409.345,6933.999
0.7885,21.957,21.957,359.312,409.312,6937.861
0.7886,21.608,21.608,359.255,409.255,6938.943
0.7887,21.193,21.193,359.182,409.182,6938.457
0.7888,20.754,20.754,359.086,409.086,6937.118
0.7889,20.201,20.201,358.963,408.963,6935.344
0.789,19.644,19.644,358.81,408.81,6933.379
0.7891,18.933,18.933,358.623,408.623,6931.364
0.7892,18.249,18.249,358.4,408.4,6929.376
0.7893,17.784,17.784,358.144,408.144,6927.46
0.7894,17.339,17.339,357.868,407.868,6925.636
0.7895,16.801,16.801,357.574,407.574,6923.914
0.7896,15.944,15.944,357.252,407.252,6922.296
0.7897,15.352,15.352,356.886,406.886,6920.781
0.7898,14.88,14.88,356.494,406.494,6919.365
0.7899,14.602,14.602,356.086,406.086,6917.916
0.79,14.155,14.155,355.673,405.673,6916.692
0.7901,13.091,13.091,355.231,405.231,6915.661
0.7902,11.921,11.921,354.736,404.736,6914.589
0.7903,11.192,11.192,354.203,404.203,6913.59
0.7904,10.768,10.768,353.644,403.644,6912.66
0.7905,10.313,10.313,353.075,403.075,6911.793
0.7906,9.372,9.372,352.488,402.488,6910.986
0.7907,8.465,8.465,351.868,401.868,6910.091
0.7908,7.981,7.981,351.229,401.229,6896.038
0.7909,7.392,7.392,350.578,400.578,6860.803
0.791,6.801,6.801,349.923,399.923,6805.12
0.7911,5.758,5.758,349.261,399.261,6729.86
0.7912,4.704,4.704,348.587,398.587,6635.69
0.7913,3.849,3.849,347.908,397.908,6523.235
0.7914,2.908,2.908,347.227,397.227,6393.334
0.7915,2.047,2.047,346.551,396.551,6246.912
0.7916,1.198,1.198,345.882,395.882,6085.034
0.7917,0.526,0.526,345.227,395.227,5908.851
0.7918,0.149,0.149,344.588,394.588,5719.61
0.7919,0.0,0.0,343.97,393.97,5497.941
0.792,0.0,0.0,343.373,393.373,5285.617
0.7921,-0.784,-0.784,342.801,392.801,5086.86
0.7922,-1.197,-1.197,342.253,392.253,4858.73
0.7923,-1.887,-1.887,341.733,391.733,4624.174
0.7924,-2.658,-2.658,341.242,391.242,4384.514
0.7925,-3.727,-3.727,340.787,390.787,4141.089
0.7926,-4.326,-4.326,340.369,390.369,3895.349
0.7927,-4.928,-4.928,339.984,389.984,3648.646
0.7928,-6.096,-6.096,339.637,389.637,3402.167
0.7929,-7.054,-7.054,339.337,389.337,3157.319
0.793,-8.386,-8.386,339.091,389.091,2915.616
0.7931,-9.014,-9.014,338.9,388.9,2678.782
0.7932,-9.543,-9.543,338.745,388.745,2448.152
0.7933,-10.498,-10.498,338.627,388.627,2224.54
0.7934,-11.661,-11.661,338.561,388.561,2008.972
0.7935,-12.9,-12.9,338.56,388.56,1802.895
0.7936,-13.667,-13.667,338.623,388.623,1607.976
0.7937,-14.157,-14.157,338.726,388.726,1425.458
0.7938,-14.871,-14.871,338.866,388.866,1255.853
0.7939,-15.715,-15.715,339.05,389.05,1084.968
0.794,-16.573,-16.573,339.288,389.288,944.789
0.7941,-17.287,-17.287,339.577,389.577,831.852
0.7942,-17.989,-17.989,339.91,389.91,721.741
0.7943,-18.595,-18.595,340.287,390.287,628.362
0.7944,-19.284,-19.284,340.703,390.703,552.222
0.7945,-19.98,-19.98,341.16,391.16,493.745
0.7946,-20.682,-20.682,341.659,391.659,453.343
0.7947,-21.46,-21.46,342.197,392.197,431.454
0.7948,-22.097,-22.097,342.78,392.78,428.493
0.7949,-22.434,-22.434,343.393,393.393,444.878
0.795,-22.801,-22.801,344.019,394.019,480.369
0.7951,-23.366,-23.366,344.661,394.661,534.485
0.7952,-23.876,-23.876,345.323,395.323,606.936
0.7953,-24.394,-24.394,346.015,396.015,697.601
0.7954,-24.579,-24.579,346.719,396.719,806.465
0.7955,-24.859,-24.859,347.415,397.415,932.82
0.7956,-25.222,-25.222,348.119,398.119,1075.713
0.7957,-25.516,-25.516,348.827,398.827,1234.706
0.7958,-25.888,-25.888,349.552,399.552,1409.297
0.7959,-26.052,-26.052,350.282,400.282,1619.133
0.796,-26.051,-26.051,350.989,400.989,1825.115
0.7961,-26.36,-26.36,351.685,401.685,2021.767
0.7962,-26.354,-26.354,352.366,402.366,2252.027
0.7963,-26.626,-26.626,353.032,403.032,2493.526
0.7964,-26.536,-26.536,353.686,403.686,2745.519
0.7965,-26.407,-26.407,354.298,404.298,3006.769
0.7966,-26.402,-26.402,354.886,404.886,3275.661
0.7967,-26.225,-26.225,355.439,405.439,3551.057
0.7968,-26.332,-26.332,355.959,405.959,3831.48
0.7969,-26.219,-26.219,356.458,406.458,4115.902
0.797,-26.199,-26.199,356.917,406.917,4403.205
0.7971,-26.149,-26.149,357.354,407.354,4692.177
0.7972,-25.827,-25.827,357.752,407.752,4981.882
0.7973,-25.811,-25.811,358.1,408.1,5270.783
0.7974,-25.53,-25.53,358.418,408.418,5557.556
0.7975,-25.456,-25.456,358.688,408.688,5841.067
0.7976,-25.215,-25.215,358.929,408.929,6120.107
0.7977,-24.782,-24.782,359.119,409.119,6393.686
0.7978,-24.58,-24.58,359.249,409.249,6625.908
0.7979,-24.279,-24.279,359.354,409.354,6774.494
0.798,-24.249,-24.249,359.434,409.434,6850.624
0.7981,-23.985,-23.985,359.506,409.506,6890.819
0.7982,-23.44,-23.44,359.557,409.557,6916.556
0.7983,-22.995,-22.995,359.572,409.572,6930.329
0.7984,-22.625,-22.625,359.568,409.568,6937.101
0.7985,-22.418,-22.418,359.544,409.544,6939.812
0.7986,-22.065,-22.065,359.509,409.509,6940.202
0.7987,-21.561,-21.561,359.454,409.454,6939.297
0.7988,-21.018,-21.018,359.368,409.368,6937.703
0.7989,-20.417,-20.417,359.252,409.252,6935.771
0.799,-19.84,-19.84,359.102,409.102,6933.707
0.7991,-19.278,-19.278,358.923,408.923,6931.627
0.7992,-18.739,-18.739,358.713,408.713,6929.597
0.7993,-18.274,-18.274,358.479,408.479,6927.651
0.7994,-17.56,-17.56,358.22,408.22,6925.805
0.7995,-16.759,-16.759,357.921,407.921,6924.066
0.7996,-16.139,-16.139,357.584,407.584,6922.435
0.7997,-15.751,-15.751,357.224,407.224,6920.909
0.7998,-15.372,-15.372,356.853,406.853,6919.483
0.7999,-14.468,-14.468,356.467,406.467,6918.025
0.8,-13.382,-13.382,356.034,406.034,6916.793
0.8001,-12.674,-12.674,355.555,405.555,6915.755
0.8002,-12.279,-12.279,355.051,405.051,6914.677
0.8003,-11.899,-11.899,354.535,404.535,6913.673
0.8004,-11.085,-11.085,354.008,404.008,6912.737
0.8005,-9.986,-9.986,353.449,403.449,6911.865
0.8006,-9.363,-9.363,352.854,402.854,6911.052
0.8007,-8.594,-8.594,352.24,402.24,6910.296
0.8008,-8.213,-8.213,351.607,401.607,6906.581
0.8009,-7.441,-7.441,350.964,400.964,6883.793
0.801,-6.298,-6.298,350.303,400.303,6840.056
0.8011,-5.557,-5.557,349.623,399.623,6775.754
0.8012,-4.695,-4.695,348.938,398.938,6691.461
0.8013,-3.892,-3.892,348.248,398.248,6588.01
0.8014,-3.044,-3.044,347.56,397.56,6466.319
0.8015,-2.124,-2.124,346.876,396.876,6327.434
0.8016,-1.387,-1.387,346.2,396.2,6172.425
0.8017,-0.727,-0.727,345.536,395.536,6002.469
0.8018,-0.335,-0.335,344.887,394.887,5818.816
0.8019,-0.763,-0.763,344.258,394.258,5622.781
0.802,0.0,0.0,343.65,393.65,5394.46
0.8021,0.866,0.866,343.065,393.065,5198.975
0.8022,1.111,1.111,342.505,392.505,4973.876
0.8023,1.899,1.899,341.973,391.973,4741.768
0.8024,2.625,2.625,341.473,391.473,4504.026
0.8025,3.147,3.147,341.005,391.005,4262.073
0.8026,4.037,4.037,340.569,390.569,4017.22
0.8027,5.009,5.009,340.173,390.173,3770.789
0.8028,6.089,6.089,339.818,389.818,3524.242
0.8029,6.973,6.973,339.513,389.513,3279.095
0.803,7.428,7.428,339.248,389.248,3036.842
0.8031,8.398,8.398,339.014,389.014,2798.513
0.8032,9.461,9.461,338.827,388.827,2565.131
0.8033,10.766,10.766,338.696,388.696,2338.075
0.8034,11.85,11.85,338.634,388.634,2119.032
0.8035,12.592,12.592,338.625,388.625,1909.718
0.8036,13.287,13.287,338.656,388.656,1711.16
0.8037,14.301,14.301,338.732,388.732,1524.123
0.8038,15.128,15.128,338.867,388.867,1349.664
0.8039,15.961,15.961,339.06,389.06,1189.037
0.804,16.636,16.636,339.305,389.305,1029.622
0.8041,17.333,17.333,339.59,389.59,901.187
0.8042,18.031,18.031,339.917,389.917,799.459
0.8043,18.69,18.69,340.286,390.286,702.333
0.8044,19.236,19.236,340.695,390.695,622.425
0.8045,19.866,19.866,341.142,391.142,560.097
0.8046,20.593,20.593,341.63,391.63,515.715
0.8047,21.181,21.181,342.158,392.158,489.742
0.8048,21.575,21.575,342.715,392.715,482.422
0.8049,22.157,22.157,343.292,393.292,493.645
0.805,22.722,22.722,343.902,393.902,523.312
0.8051,23.358,23.358,344.546,394.546,571.559
0.8052,23.821,23.821,345.222,395.222,638.663
0.8053,24.014,24.014,345.908,395.908,724.527
0.8054,24.429,24.429,346.593,396.593,828.373
0.8055,24.771,24.771,347.289,397.289,949.549
0.8056,25.232,25.232,347.996,397.996,1087.564
0.8057,25.583,25.583,348.719,398.719,1242.166
0.8058,25.66,25.66,349.437,399.437,1412.901
0.8059,25.854,25.854,350.137,400.137,1598.637
0.806,25.995,25.995,350.834,400.834,1819.095
0.8061,26.38,26.38,351.518,401.518,2033.247
0.8062,26.544,26.544,352.212,402.212,2236.627
0.8063,26.353,26.353,352.886,402.886,2473.97
0.8064,26.522,26.522,353.527,403.527,2721.874
0.8065,26.542,26.542,354.153,404.153,2979.131
0.8066,26.51,26.51,354.745,404.745,3244.627
0.8067,26.568,26.568,355.32,405.32,3517.036
0.8068,26.28,26.28,355.862,405.862,3795.462
0.8069,26.37,26.37,356.363,406.363,4078.337
0.807,26.141,26.141,356.837,406.837,4364.452
0.8071,25.934,25.934,357.258,407.258,4652.428
0.8072,25.844,25.844,357.648,407.648,4940.623
0.8073,25.589,25.589,357.996,407.996,5228.015
0.8074,25.608,25.608,358.312,408.312,5513.207
0.8075,25.277,25.277,358.596,408.596,5795.403
0.8076,24.92,24.92,358.824,408.824,6073.377
0.8077,24.859,24.859,359.006,409.006,6345.44
0.8078,24.61,24.61,359.15,409.15,6591.349
0.8079,24.506,24.506,359.271,409.271,6743.753
0.808,24.24,24.24,359.373,409.373,6839.008
0.8081,23.717,23.717,359.442,409.442,6887.233
0.8082,23.468,23.468,359.477,409.477,6912.239
0.8083,23.013,23.013,359.493,409.493,6927.769
0.8084,22.779,22.779,359.491,409.491,6935.584
0.8085,22.295,22.295,359.475,409.475,6938.915
0.8086,21.782,21.782,359.431,409.431,6939.673
0.8087,21.325,21.325,359.355,409.355,6938.987
0.8088,20.842,20.842,359.257,409.257,6937.522
0.8089,20.522,20.522,359.136,409.136,6935.667
0.809,19.965,19.965,358.994,408.994,6933.649
0.8091,19.415,19.415,358.825,408.825,6931.596
0.8092,18.744,18.744,358.628,408.628,6929.581
0.8093,17.993,17.993,358.396,408.396,6927.644
0.8094,17.289,17.289,358.121,408.121,6925.803
0.8095,16.67,16.67,357.815,407.815,6924.068
0.8096,16.267,16.267,357.485,407.485,6922.438
0.8097,15.766,15.766,357.144,407.144,6920.913
0.8098,14.831,14.831,356.771,406.771,6919.487
0.8099,14.084,14.084,356.352,406.352,6918.157
0.81,13.506,13.506,355.901,405.901,6916.797
0.8101,13.334,13.334,355.435,405.435,6915.648
0.8102,12.988,12.988,354.969,404.969,6914.681
0.8103,11.974,11.974,354.482,404.482,6913.676
0.8104,11.032,11.032,353.949,403.949,6912.74
0.8105,10.387,10.387,353.385,403.385,6911.868
0.8106,9.567,9.567,352.794,402.794,6911.055
0.8107,8.868,8.868,352.186,402.186,6910.298
0.8108,8.058,8.058,351.556,401.556,6905.598
0.8109,7.17,7.17,350.901,400.901,6880.994
0.811,6.358,6.358,350.231,400.231,6835.116
0.8111,5.574,5.574,349.551,399.551,6768.607
0.8112,4.902,4.902,348.868,398.868,6682.228
0.8113,4.151,4.151,348.185,398.185,6576.951
0.8114,3.101,3.101,347.501,397.501,6453.727
0.8115,2.259,2.259,346.82,396.82,6313.515
0.8116,1.295,1.295,346.147,396.147,6157.36
0.8117,0.482,0.482,345.484,395.484,5986.39
0.8118,0.374,0.374,344.837,394.837,5801.826
0.8119,0.884,0.884,344.21,394.21,5604.987
0.812,-0.211,-0.211,343.604,393.604,5375.908
0.8121,-1.18,-1.18,343.021,393.021,5157.689
0.8122,-1.415,-1.415,342.465,392.465,4954.335
0.8123,-1.808,-1.808,341.937,391.937,4721.932
0.8124,-2.445,-2.445,341.437,391.437,4484.017
0.8125,-3.277,-3.277,340.97,390.97,4241.889
0.8126,-4.11,-4.11,340.536,390.536,3996.913
0.8127,-5.079,-5.079,340.143,390.143,3750.461
0.8128,-5.902,-5.902,339.79,389.79,3504.006
0.8129,-6.56,-6.56,339.473,389.473,3258.849
0.813,-7.634,-7.634,339.195,389.195,3016.115
0.8131,-8.666,-8.666,338.967,388.967,2777.136
0.8132,-9.975,-9.975,338.798,388.798,2543.455
0.8133,-10.862,-10.862,338.692,388.692,2316.875
0.8134,-11.419,-11.419,338.627,388.627,2098.815
0.8135,-12.32,-12.32,338.599,388.599,1890.072
0.8136,-13.394,-13.394,338.625,388.625,1691.563
0.8137,-14.479,-14.479,338.714,388.714,1504.631
0.8138,-15.238,-15.238,338.864,388.864,1330.772
0.8139,-15.902,-15.902,339.058,389.058,1171.033
0.814,-16.537,-16.537,339.292,389.292,1026.041
0.8141,-17.495,-17.495,339.569,389.569,884.273
0.8142,-18.286,-18.286,339.899,389.899,782.737
0.8143,-18.916,-18.916,340.276,390.276,685.976
0.8144,-19.464,-19.464,340.696,390.696,606.69
0.8145,-20.133,-20.133,341.155,391.155,545.314
0.8146,-20.858,-20.858,341.651,391.651,502.202
0.8147,-21.39,-21.39,342.183,392.183,477.618
0.8148,-22.031,-22.031,342.748,392.748,471.742
0.8149,-22.754,-22.754,343.346,393.346,484.74
0.815,-23.376,-23.376,343.986,393.986,516.908
0.8151,-23.755,-23.755,344.652,394.652,568.49
0.8152,-23.868,-23.868,345.326,395.326,639.196
0.8153,-24.304,-24.304,346.007,396.007,728.251
0.8154,-24.871,-24.871,346.698,396.698,835.195
0.8155,-25.189,-25.189,347.418,397.418,959.721
0.8156,-25.418,-25.418,348.141,398.141,1101.695
0.8157,-25.628,-25.628,348.852,398.852,1260.242
0.8158,-25.98,-25.98,349.563,399.563,1434.292
0.8159,-26.316,-26.316,350.271,400.271,1623.228
0.816,-26.641,-26.641,350.993,400.993,1826.42
0.8161,-26.501,-26.501,351.711,401.711,2066.099
0.8162,-26.553,-26.553,352.394,402.394,2273.729
0.8163,-26.58,-26.58,353.064,403.064,2515.217
0.8164,-26.47,-26.47,353.704,403.704,2767.1
0.8165,-26.746,-26.746,354.323,404.323,3027.93
0.8166,-26.666,-26.666,354.926,404.926,3296.854
0.8167,-26.588,-26.588,355.487,405.487,3572.694
0.8168,-26.615,-26.615,356.024,406.024,3853.927
0.8169,-26.36,-26.36,356.523,406.523,4139.519
0.817,-26.534,-26.534,356.981,406.981,4427.83
0.8171,-26.215,-26.215,357.419,407.419,4717.821
0.8172,-26.109,-26.109,357.807,407.807,5008.361
0.8173,-26.016,-26.016,358.171,408.171,5298.065
0.8174,-25.706,-25.706,358.491,408.491,5586.019
0.8175,-25.466,-25.466,358.758,408.758,5870.673
0.8176,-25.306,-25.306,358.989,408.989,6150.581
0.8177,-25.207,-25.207,359.175,409.175,6424.685
0.8178,-25.017,-25.017,359.337,409.337,6645.611
0.8179,-24.467,-24.467,359.466,409.466,6775.556
0.818,-24.074,-24.074,359.55,409.55,6850.97
0.8181,-23.931,-23.931,359.611,409.611,6897.163
0.8182,-23.71,-23.71,359.656,409.656,6919.755
0.8183,-23.406,-23.406,359.689,409.689,6930.84
0.8184,-22.916,-22.916,359.702,409.702,6937.041
0.8185,-22.35,-22.35,359.682,409.682,6939.437
0.8186,-21.982,-21.982,359.635,409.635,6939.663
0.8187,-21.606,-21.606,359.569,409.569,6938.682
0.8188,-21.159,-21.159,359.484,409.484,6937.063
0.8189,-20.682,-20.682,359.375,409.375,6935.135
0.819,-20.137,-20.137,359.24,409.24,6933.091
0.8191,-19.417,-19.417,359.072,409.072,6931.039
0.8192,-18.768,-18.768,358.868,408.868,6929.041
0.8193,-18.199,-18.199,358.628,408.628,6927.128
0.8194,-17.66,-17.66,358.362,408.362,6925.315
0.8195,-17.251,-17.251,358.074,408.074,6923.608
0.8196,-16.451,-16.451,357.764,407.764,6922.007
0.8197,-15.562,-15.562,357.414,407.414,6920.51
0.8198,-14.86,-14.86,357.026,407.026,6919.111
0.8199,-14.416,-14.416,356.613,406.613,6917.806
0.82,-14.133,-14.133,356.189,406.189,6916.589
0.8201,-13.274,-13.274,355.754,405.754,6915.345
0.8202,-12.18,-12.18,355.276,405.276,6914.295
0.8203,-11.465,-11.465,354.752,404.752,6913.411
0.8204,-10.75,-10.75,354.199,404.199,6912.493
0.8205,-10.341,-10.341,353.628,403.628,6911.638
0.8206,-9.644,-9.644,353.044,403.044,6910.841
0.8207,-8.758,-8.758,352.433,402.433,6910.099
0.8208,-8.137,-8.137,351.796,401.796,6908.862
0.8209,-7.377,-7.377,351.145,401.145,6892.287
0.821,-6.911,-6.911,350.482,400.482,6854.214
0.8211,-5.996,-5.996,349.815,399.815,6795.456
0.8212,-4.913,-4.913,349.138,399.138,6716.812
0.8213,-4.077,-4.077,348.451,398.451,6618.927
0.8214,-3.125,-3.125,347.763,397.763,6502.581
0.8215,-2.193,-2.193,347.075,397.075,6368.71
0.8216,-1.483,-1.483,346.395,396.395,6218.338
0.8217,-0.777,-0.777,345.726,395.726,6052.624
0.8218,-0.21,-0.21,345.072,395.072,5872.808
0.8219,-0.0,-0.0,344.437,394.437,5680.206
0.822,-0.0,-0.0,343.823,393.823,5476.186
0.8221,1.341,1.341,343.231,393.231,5240.181
0.8222,1.027,1.027,342.665,392.665,5016.586
0.8223,1.764,1.764,342.124,392.124,4809.118
0.8224,2.38,2.38,341.613,391.613,4572.892
0.8225,3.401,3.401,341.134,391.134,4331.98
0.8226,4.32,4.32,340.694,390.694,4087.812
0.8227,4.958,4.958,340.29,390.29,3841.858
0.8228,5.853,5.853,339.921,389.921,3595.412
0.8229,6.891,6.891,339.596,389.596,3349.787
0.823,8.148,8.148,339.32,389.32,3106.491
0.8231,9.163,9.163,339.105,389.105,2867.18
0.8232,9.618,9.618,338.937,388.937,2633.551
0.8233,10.481,10.481,338.8,388.8,2406.6
0.8234,11.529,11.529,338.71,388.71,2187.19
0.8235,12.806,12.806,338.678,388.678,1976.601
0.8236,13.779,13.779,338.718,388.718,1776.451
0.8237,14.303,14.303,338.81,388.81,1588.337
0.8238,15.003,15.003,338.935,388.935,1413.1
0.8239,15.743,15.743,339.104,389.104,1251.237
0.824,16.592,16.592,339.323,389.323,1103.516
0.8241,17.489,17.489,339.597,389.597,958.514
0.8242,18.262,18.262,339.921,389.921,843.638
0.8243,18.935,18.935,340.291,390.291,754.686
0.8244,19.503,19.503,340.702,390.702,672.38
0.8245,20.174,20.174,341.151,391.151,607.83
0.8246,20.761,20.761,341.638,391.638,561.398
0.8247,21.367,21.367,342.161,392.161,533.371
0.8248,21.861,21.861,342.724,392.724,524.047
0.8249,22.312,22.312,343.317,393.317,533.717
0.825,22.752,22.752,343.93,393.93,562.274
0.8251,23.238,23.238,344.556,394.556,609.398
0.8252,23.622,23.622,345.207,395.207,674.731
0.8253,24.29,24.29,345.882,395.882,758.129
0.8254,24.56,24.56,346.584,396.584,859.711
0.8255,24.725,24.725,347.284,397.284,979.169
0.8256,25.086,25.086,347.979,397.979,1115.504
0.8257,25.386,25.386,348.68,398.68,1267.969
0.8258,25.873,25.873,349.386,399.386,1435.987
0.8259,26.037,26.037,350.109,400.109,1619.23
0.826,25.923,25.923,350.818,400.818,1817.269
0.8261,26.235,26.235,351.501,401.501,2028.728
0.8262,26.225,26.225,352.179,402.179,2275.594
0.8263,26.572,26.572,352.83,402.83,2487.767
0.8264,26.78,26.78,353.485,403.485,2733.363
0.8265,26.461,26.461,354.116,404.116,2988.798
0.8266,26.706,26.706,354.709,404.709,3252.531
0.8267,26.526,26.526,355.284,405.284,3523.418
0.8268,26.402,26.402,355.815,405.815,3800.206
0.8269,26.568,26.568,356.322,406.322,4081.355
0.827,26.285,26.285,356.798,406.798,4366.014
0.8271,26.187,26.187,357.238,407.238,4652.757
0.8272,25.966,25.966,357.643,407.643,4940.484
0.8273,25.694,25.694,357.996,407.996,5227.769
0.8274,25.614,25.614,358.311,408.311,5512.978
0.8275,25.407,25.407,358.585,408.585,5795.046
0.8276,25.335,25.335,358.825,408.825,6072.728
0.8277,25.021,25.021,359.029,409.029,6345.149
0.8278,24.685,24.685,359.179,409.179,6591.273
0.8279,24.542,24.542,359.293,409.293,6743.566
0.828,24.158,24.158,359.385,409.385,6832.278
0.8281,24.019,24.019,359.458,409.458,6883.272
0.8282,23.706,23.706,359.517,409.517,6913.986
0.8283,23.085,23.085,359.548,409.548,6927.487
0.8284,22.826,22.826,359.545,409.545,6935.312
0.8285,22.472,22.472,359.523,409.523,6938.655
0.8286,22.067,22.067,359.485,409.485,6939.426
0.8287,21.65,21.65,359.427,409.427,6938.755
0.8288,21.073,21.073,359.343,409.343,6937.304
0.8289,20.489,20.489,359.229,409.229,6935.463
0.829,19.946,19.946,359.084,409.084,6933.458
0.8291,19.472,19.472,358.909,408.909,6931.418
0.8292,18.856,18.856,358.708,408.708,6929.415
0.8293,18.411,18.411,358.48,408.48,6927.489
0.8294,17.698,17.698,358.23,408.23,6925.659
0.8295,16.802,16.802,357.944,407.944,6923.933
0.8296,16.127,16.127,357.612,407.612,6922.312
0.8297,15.63,15.63,357.25,407.25,6920.796
0.8298,15.346,15.346,356.87,406.87,6919.378
0.8299,14.799,14.799,356.483,406.483,6918.055
0.83,13.772,13.772,356.066,406.066,6916.821
0.8301,12.858,12.858,355.599,405.599,6915.671
0.8302,12.281,12.281,355.098,405.098,6914.496
0.8303,12.045,12.045,354.578,404.578,6913.6
0.8304,11.563,11.563,354.054,404.054,6912.669
0.8305,10.639,10.639,353.509,403.509,6911.801
0.8306,9.636,9.636,352.927,402.927,6910.993
0.8307,8.978,8.978,352.319,402.319,6910.241
0.8308,8.178,8.178,351.688,401.688,6907.822
0.8309,7.576,7.576,351.045,401.045,6887.715
0.831,6.539,6.539,350.388,400.388,6846.566
0.8311,5.683,5.683,349.712,399.712,6784.872
0.8312,4.967,4.967,349.027,399.027,6703.134
0.8313,4.083,4.083,348.339,398.339,6602.169
0.8314,3.273,3.273,347.651,397.651,6482.854
0.8315,2.201,2.201,346.966,396.966,6346.217
0.8316,1.293,1.293,346.288,396.288,6193.31
0.8317,0.553,0.553,345.621,395.621,6025.264
0.8318,0.462,0.462,344.97,394.97,5843.326
0.8319,0.79,0.79,344.338,394.338,5648.822
0.832,-0.001,-0.001,343.728,393.728,5443.117
0.8321,-0.487,-0.487,343.14,393.14,5227.553
0.8322,-1.559,-1.559,342.577,392.577,4980.631
0.8323,-1.91,-1.91,342.041,392.041,4748.739
0.8324,-2.854,-2.854,341.537,391.537,4535.145
0.8325,-3.506,-3.506,341.068,391.068,4293.722
0.8326,-3.982,-3.982,340.631,390.631,4049.339
0.8327,-5.18,-5.18,340.229,390.229,3803.252
0.8328,-6.001,-6.001,339.87,389.87,3556.875
0.8329,-7.136,-7.136,339.558,389.558,3311.679
0.833,-7.901,-7.901,339.294,389.294,3069.232
0.8331,-8.463,-8.463,339.065,389.065,2830.864
0.8332,-9.422,-9.422,338.875,388.875,2597.483
0.8333,-10.611,-10.611,338.736,388.736,2370.278
0.8334,-11.886,-11.886,338.663,388.663,2150.769
0.8335,-12.639,-12.639,338.654,388.654,1940.791
0.8336,-13.245,-13.245,338.687,388.687,1741.66
0.8337,-14.026,-14.026,338.758,388.758,1554.055
0.8338,-15.009,-15.009,338.879,388.879,1378.774
0.8339,-16.15,-16.15,339.059,389.059,1216.887
0.834,-16.836,-16.836,339.298,389.298,1069.7
0.8341,-17.481,-17.481,339.582,389.582,938.144
0.8342,-18.114,-18.114,339.906,389.906,812.167
0.8343,-18.773,-18.773,340.272,390.272,715.215
0.8344,-19.519,-19.519,340.68,390.68,642.677
0.8345,-20.307,-20.307,341.132,391.132,578.9
0.8346,-21.007,-21.007,341.63,391.63,533.393
0.8347,-21.561,-21.561,342.169,392.169,506.658
0.8348,-22.147,-22.147,342.738,392.738,498.988
0.8349,-22.54,-22.54,343.33,393.33,510.328
0.835,-23.153,-23.153,343.947,393.947,540.436
0.8351,-23.67,-23.67,344.59,394.59,589.329
0.8352,-24.069,-24.069,345.267,395.267,656.993
0.8353,-24.448,-24.448,345.959,395.959,743.456
0.8354,-24.743,-24.743,346.654,396.654,848.199
0.8355,-25.195,-25.195,347.357,397.357,970.447
0.8356,-25.525,-25.525,348.068,398.068,1109.76
0.8357,-26.09,-26.09,348.798,398.798,1265.664
0.8358,-26.168,-26.168,349.537,399.537,1438.074
0.8359,-26.171,-26.171,350.253,400.253,1626.117
0.836,-26.461,-26.461,350.959,400.959,1828.438
0.8361,-26.448,-26.448,351.653,401.653,2044.175
0.8362,-26.836,-26.836,352.339,402.339,2295.758
0.8363,-26.742,-26.742,353.019,403.019,2536.792
0.8364,-26.749,-26.749,353.662,403.662,2762.76
0.8365,-26.832,-26.832,354.289,404.289,3022.514
0.8366,-26.704,-26.704,354.886,404.886,3290.512
0.8367,-26.98,-26.98,355.454,405.454,3565.317
0.8368,-26.718,-26.718,356.008,406.008,3846.043
0.8369,-26.612,-26.612,356.514,406.514,4131.513
0.837,-26.517,-26.517,356.994,406.994,4420.208
0.8371,-26.082,-26.082,357.433,407.433,4711.047
0.8372,-26.085,-26.085,357.818,407.818,5002.322
0.8373,-25.852,-25.852,358.176,408.176,5292.63
0.8374,-25.822,-25.822,358.486,408.486,5580.832
0.8375,-25.702,-25.702,358.769,408.769,5865.713
0.8376,-25.325,-25.325,359.007,409.007,6146.345
0.8377,-25.066,-25.066,359.185,409.185,6421.198
0.8378,-24.773,-24.773,359.328,409.328,6643.565
0.8379,-24.742,-24.742,359.441,409.441,6774.44
0.838,-24.483,-24.483,359.547,409.547,6850.402
0.8381,-24.115,-24.115,359.632,409.632,6893.821
0.8382,-23.788,-23.788,359.682,409.682,6918.01
0.8383,-23.45,-23.45,359.714,409.714,6931.75
0.8384,-23.113,-23.113,359.724,409.724,6937.142
0.8385,-22.668,-22.668,359.719,409.719,6939.566
0.8386,-22.122,-22.122,359.688,409.688,6939.803
0.8387,-21.636,-21.636,359.624,409.624,6938.825
0.8388,-21.134,-21.134,359.533,409.533,6937.202
0.8389,-20.688,-20.688,359.415,409.415,6935.269
0.839,-20.209,-20.209,359.276,409.276,6933.218
0.8391,-19.67,-19.67,359.112,409.112,6931.16
0.8392,-19.225,-19.225,358.922,408.922,6929.154
0.8393,-18.512,-18.512,358.706,408.706,6927.233
0.8394,-17.704,-17.704,358.452,408.452,6925.413
0.8395,-16.971,-16.971,358.158,408.158,6923.7
0.8396,-16.456,-16.456,357.836,407.836,6922.093
0.8397,-16.103,-16.103,357.495,407.495,6920.59
0.8398,-15.29,-15.29,357.137,407.137,6919.186
0.8399,-14.223,-14.223,356.734,406.734,6917.875
0.84,-13.511,-13.511,356.288,406.288,6916.653
0.8401,-13.32,-13.32,355.817,405.817,6915.515
0.8402,-13.063,-13.063,355.341,405.341,6914.453
0.8403,-12.315,-12.315,354.859,404.859,6913.369
0.8404,-11.09,-11.09,354.34,404.34,6912.542
0.8405,-10.345,-10.345,353.778,403.778,6911.684
0.8406,-9.472,-9.472,353.191,403.191,6910.884
0.8407,-9.032,-9.032,352.581,402.581,6910.138
0.8408,-8.279,-8.279,351.956,401.956,6909.444
0.8409,-7.169,-7.169,351.308,401.308,6898.363
0.841,-6.469,-6.469,350.637,400.637,6865.458
0.8411,-5.582,-5.582,349.955,399.955,6811.218
0.8412,-4.977,-4.977,349.266,399.266,6736.368
0.8413,-4.265,-4.265,348.576,398.576,6641.825
0.8414,-3.289,-3.289,347.887,397.887,6528.58
0.8415,-2.466,-2.466,347.198,397.198,6397.6
0.8416,-1.526,-1.526,346.517,396.517,6249.934
0.8417,-0.744,-0.744,345.845,395.845,6086.711
0.8418,-0.275,-0.275,345.187,395.187,5909.152
0.8419,-0.026,-0.026,344.548,394.548,5718.563
0.842,0.0,0.0,343.93,393.93,5516.304
0.8421,0.951,0.951,343.334,393.334,5303.735
0.8422,1.33,1.33,342.763,392.763,5082.207
0.8423,1.725,1.725,342.22,392.22,4829.833
0.8424,2.274,2.274,341.706,391.706,4617.809
0.8425,3.185,3.185,341.222,391.222,4377.64
0.8426,4.077,4.077,340.773,390.773,4133.971
0.8427,5.195,5.195,340.363,390.363,3888.219
0.8428,5.98,5.98,339.998,389.998,3641.882
0.8429,6.435,6.435,339.671,389.671,3396.468
0.843,7.286,7.286,339.377,389.377,3153.095
0.8431,8.547,8.547,339.128,389.128,2912.905
0.8432,9.951,9.951,338.936,388.936,2677.379
0.8433,11.068,11.068,338.812,388.812,2448.29
0.8434,11.609,11.609,338.74,388.74,2227.405
0.8435,12.346,12.346,338.7,388.7,2015.714
0.8436,13.318,13.318,338.706,388.706,1813.951
0.8437,14.41,14.41,338.77,388.77,1623.214
0.8438,15.37,15.37,338.902,388.902,1444.959
0.8439,16.087,16.087,339.087,389.087,1280.593
0.844,16.793,16.793,339.315,389.315,1130.984
0.8441,17.232,17.232,339.587,389.587,996.769
0.8442,17.922,17.922,339.899,389.899,878.509
0.8443,18.659,18.659,340.258,390.258,767.538
0.8444,19.462,19.462,340.664,390.664,684.738
0.8445,20.203,20.203,341.115,391.115,625.493
0.8446,20.675,20.675,341.605,391.605,577.081
0.8447,21.064,21.064,342.123,392.123,547.188
0.8448,21.608,21.608,342.664,392.664,535.727
0.8449,22.158,22.158,343.236,393.236,542.611
0.845,22.87,22.87,343.843,393.843,567.986
0.8451,23.416,23.416,344.484,394.484,612.143
0.8452,23.732,23.732,345.144,395.144,675.123
0.8453,24.213,24.213,345.811,395.811,756.451
0.8454,24.47,24.47,346.498,396.498,855.666
0.8455,25.113,25.113,347.2,397.2,972.469
0.8456,25.418,25.418,347.928,397.928,1106.798
0.8457,25.506,25.506,348.651,398.651,1258.325
0.8458,25.824,25.824,349.361,399.361,1425.914
0.8459,26.026,26.026,350.07,400.07,1608.685
0.846,26.448,26.448,350.771,400.771,1805.767
0.8461,26.485,26.485,351.481,401.481,2016.597
0.8462,26.36,26.36,352.166,402.166,2240.472
0.8463,26.625,26.625,352.821,402.821,2499.974
0.8464,26.524,26.524,353.467,403.467,2746.763
0.8465,26.643,26.643,354.081,404.081,2976.757
0.8466,26.815,26.815,354.688,404.688,3240.092
0.8467,26.564,26.564,355.269,405.269,3510.943
0.8468,26.713,26.713,355.816,405.816,3787.9
0.8469,26.558,26.558,356.339,406.339,4069.902
0.847,26.39,26.39,356.815,406.815,4355.621
0.8471,26.242,26.242,357.262,407.262,4643.517
0.8472,25.946,25.946,357.664,407.664,4932.446
0.8473,25.999,25.999,358.026,408.026,5220.834
0.8474,25.7,25.7,358.356,408.356,5507.599
0.8475,25.295,25.295,358.628,408.628,5791.456
0.8476,25.278,25.278,358.854,408.854,6070.6
0.8477,24.977,24.977,359.042,409.042,6343.909
0.8478,24.999,24.999,359.197,409.197,6590.527
0.8479,24.659,24.659,359.331,409.331,6743.149
0.848,24.241,24.241,359.43,409.43,6832.054
0.8481,23.94,23.94,359.501,409.501,6883.158
0.8482,23.568,23.568,359.551,409.551,6911.902
0.8483,23.478,23.478,359.586,409.586,6928.534
0.8484,23.069,23.069,359.608,409.608,6935.811
0.8485,22.424,22.424,359.6,409.6,6938.666
0.8486,21.94,21.94,359.556,409.556,6939.443
0.8487,21.453,21.453,359.485,409.485,6938.773
0.8488,21.047,21.047,359.389,409.389,6937.323
0.8489,20.624,20.624,359.273,409.273,6935.482
0.849,20.091,20.091,359.131,409.131,6933.476
0.8491,19.501,19.501,358.963,408.963,6931.435
0.8492,18.966,18.966,358.765,408.765,6929.431
0.8493,18.407,18.407,358.534,408.534,6927.504
0.8494,17.96,17.96,358.276,408.276,6925.673
0.8495,17.389,17.389,357.998,407.998,6923.946
0.8496,16.672,16.672,357.699,407.699,6922.325
0.8497,15.89,15.89,357.365,407.365,6920.807
0.8498,15.099,15.099,356.988,406.988,6919.389
0.8499,14.53,14.53,356.577,406.577,6918.065
0.85,14.214,14.214,356.148,406.148,6916.831
0.8501,13.75,13.75,355.713,405.713,6915.68
0.8502,12.757,12.757,355.252,405.252,6914.607
0.8503,11.613,11.613,354.741,404.741,6913.607
0.8504,11.002,11.002,354.194,404.194,6912.586
0.8505,10.514,10.514,353.623,403.623,6911.725
0.8506,9.941,9.941,353.041,403.041,6911.0
0.8507,8.988,8.988,352.44,402.44,6910.246
0.8508,8.028,8.028,351.807,401.807,6909.074
0.8509,7.413,7.413,351.156,401.156,6892.835
0.851,6.762,6.762,350.491,400.491,6855.098
0.8511,6.173,6.173,349.822,399.822,6796.552
0.8512,5.123,5.123,349.147,399.147,6718.113
0.8513,4.113,4.113,348.463,398.463,6620.528
0.8514,3.178,3.178,347.776,397.776,6504.525
0.8515,2.211,2.211,347.089,397.089,6371.009
0.8516,1.425,1.425,346.409,396.409,6220.979
0.8517,0.64,0.64,345.739,395.739,6055.585
0.8518,0.205,0.205,345.085,395.085,5876.057
0.8519,0.0,0.0,344.449,394.449,5683.714
0.852,0.0,0.0,343.835,393.835,5479.928
0.8521,-1.342,-1.342,343.242,393.242,5266.045
0.8522,-1.156,-1.156,342.677,392.677,5043.43
0.8523,-1.708,-1.708,342.136,392.136,4813.437
0.8524,-2.526,-2.526,341.624,391.624,4553.478
0.8525,-3.298,-3.298,341.145,391.145,4312.31
0.8526,-4.385,-4.385,340.702,390.702,4092.495
0.8527,-5.128,-5.128,340.299,390.299,3846.57
0.8528,-5.638,-5.638,339.93,389.93,3600.206
0.8529,-6.857,-6.857,339.6,389.6,3354.592
0.853,-7.838,-7.838,339.318,389.318,3111.138
0.8531,-9.211,-9.211,339.093,389.093,2871.403
0.8532,-9.964,-9.964,338.927,388.927,2637.173
0.8533,-10.522,-10.522,338.799,388.799,2409.851
0.8534,-11.362,-11.362,338.708,388.708,2190.253
0.8535,-12.364,-12.364,338.67,388.67,1979.397
0.8536,-13.635,-13.635,338.694,388.694,1778.652
0.8537,-14.344,-14.344,338.784,388.784,1589.642
0.8538,-14.814,-14.814,338.913,388.913,1413.586
0.8539,-15.647,-15.647,339.078,389.078,1250.944
0.854,-16.558,-16.558,339.29,389.29,1102.32
0.8541,-17.412,-17.412,339.556,389.556,968.641
0.8542,-18.239,-18.239,339.874,389.874,850.86
0.8543,-18.965,-18.965,340.241,390.241,749.786
0.8544,-19.64,-19.64,340.652,390.652,658.683
0.8545,-20.243,-20.243,341.104,391.104,594.696
0.8546,-20.929,-20.929,341.593,391.593,552.743
0.8547,-21.673,-21.673,342.122,392.122,523.742
0.8548,-22.244,-22.244,342.692,392.692,513.71
0.8549,-22.866,-22.866,343.298,393.298,522.963
0.855,-23.232,-23.232,343.931,393.931,551.66
0.8551,-23.56,-23.56,344.576,394.576,599.54
0.8552,-24.089,-24.089,345.237,395.237,666.052
0.8553,-24.588,-24.588,345.915,395.915,750.939
0.8554,-25.051,-25.051,346.623,396.623,853.978
0.8555,-25.257,-25.257,347.343,397.343,975.194
0.8556,-25.424,-25.424,348.053,398.053,1113.879
0.8557,-25.759,-25.759,348.765,398.765,1268.962
0.8558,-26.178,-26.178,349.477,399.477,1439.817
0.8559,-26.646,-26.646,350.208,400.208,1625.896
0.856,-26.626,-26.626,350.942,400.942,1827.129
0.8561,-26.633,-26.633,351.645,401.645,2042.508
0.8562,-26.725,-26.725,352.335,402.335,2270.54
0.8563,-26.605,-26.605,353.002,403.002,2510.253
0.8564,-26.891,-26.891,353.649,403.649,2785.856
0.8565,-26.864,-26.864,354.283,404.283,3046.325
0.8566,-26.851,-26.851,354.878,404.878,3314.98
0.8567,-26.987,-26.987,355.453,405.453,3562.578
0.8568,-26.643,-26.643,355.997,405.997,3843.291
0.8569,-26.785,-26.785,356.5,406.5,4128.423
0.857,-26.67,-26.67,356.983,406.983,4416.838
0.8571,-26.469,-26.469,357.423,407.423,4707.452
0.8572,-26.334,-26.334,357.835,407.835,4998.893
0.8573,-26.026,-26.026,358.204,408.204,5290.107
0.8574,-26.042,-26.042,358.521,408.521,5579.454
0.8575,-25.796,-25.796,358.807,408.807,5865.66
0.8576,-25.634,-25.634,359.044,409.044,6147.562
0.8577,-25.352,-25.352,359.249,409.249,6423.904
0.8578,-25.003,-25.003,359.405,409.405,6645.22
0.8579,-24.754,-24.754,359.517,409.517,6775.245
0.858,-24.496,-24.496,359.611,409.611,6850.704
0.8581,-24.34,-24.34,359.686,409.686,6893.829
0.8582,-24.045,-24.045,359.754,409.754,6917.854
0.8583,-23.537,-23.537,359.802,409.802,6930.64
0.8584,-23.118,-23.118,359.817,409.817,6937.233
0.8585,-22.759,-22.759,359.81,409.81,6939.364
0.8586,-22.331,-22.331,359.78,409.78,6939.444
0.8587,-21.961,-21.961,359.732,409.732,6938.529
0.8588,-21.44,-21.44,359.658,409.658,6936.919
0.8589,-20.695,-20.695,359.555,409.555,6935.0
0.859,-20.173,-20.173,359.416,409.416,6932.965
0.8591,-19.543,-19.543,359.247,409.247,6930.921
0.8592,-18.994,-18.994,359.046,409.046,6928.931
0.8593,-18.451,-18.451,358.818,408.818,6927.025
0.8594,-17.987,-17.987,358.568,408.568,6925.219
0.8595,-17.349,-17.349,358.294,408.294,6923.519
0.8596,-16.54,-16.54,357.983,407.983,6921.924
0.8597,-15.925,-15.925,357.632,407.632,6920.433
0.8598,-15.284,-15.284,357.257,407.257,6919.039
0.8599,-14.9,-14.9,356.864,406.864,6917.739
0.86,-14.107,-14.107,356.457,406.457,6916.527
0.8601,-12.897,-12.897,356.006,406.006,6915.396
0.8602,-12.141,-12.141,355.508,405.508,6914.343
0.8603,-11.636,-11.636,354.983,404.983,6913.361
0.8604,-11.372,-11.372,354.444,404.444,6912.359
0.8605,-10.658,-10.658,353.897,403.897,6911.513
0.8606,-9.56,-9.56,353.321,403.321,6910.725
0.8607,-8.828,-8.828,352.711,402.711,6910.062
0.8608,-8.126,-8.126,352.081,402.081,6909.373
0.8609,-7.678,-7.678,351.435,401.435,6901.991
0.861,-6.881,-6.881,350.779,400.779,6873.403
0.8611,-5.771,-5.771,350.107,400.107,6823.738
0.8612,-4.912,-4.912,349.419,399.419,6753.474
0.8613,-4.063,-4.063,348.726,398.726,6663.262
0.8614,-3.344,-3.344,348.032,398.032,6553.972
0.8615,-2.472,-2.472,347.34,397.34,6426.602
0.8616,-1.613,-1.613,346.655,396.655,6282.24
0.8617,-0.74,-0.74,345.979,395.979,6122.028
0.8618,-0.577,-0.577,345.318,395.318,5947.187
0.8619,-0.751,-0.751,344.675,394.675,5759.036
0.862,0.043,0.043,344.052,394.052,5558.942
0.8621,0.641,0.641,343.451,393.451,5348.263
0.8622,1.386,1.386,342.875,392.875,5128.344
0.8623,1.637,1.637,342.325,392.325,4900.575
0.8624,2.543,2.543,341.804,391.804,4642.556
0.8625,3.267,3.267,341.318,391.318,4402.751
0.8626,3.966,3.966,340.865,390.865,4159.448
0.8627,4.966,4.966,340.446,390.446,3938.575
0.8628,5.816,5.816,340.07,390.07,3692.303
0.8629,7.068,7.068,339.736,389.736,3446.575
0.863,8.15,8.15,339.457,389.457,3202.955
0.8631,8.646,8.646,339.223,389.223,2963.079
0.8632,9.468,9.468,339.021,389.021,2728.033
0.8633,10.462,10.462,338.866,388.866,2498.812
0.8634,11.708,11.708,338.77,388.77,2276.784
0.8635,12.878,12.878,338.745,388.745,2063.692
0.8636,13.487,13.487,338.776,388.776,1861.28
0.8637,14.087,14.087,338.841,388.841,1670.486
0.8638,14.953,14.953,338.948,388.948,1491.89
0.8639,15.859,15.859,339.107,389.107,1326.336
0.864,16.632,16.632,339.324,389.324,1174.927
0.8641,17.249,17.249,339.589,389.589,1038.694
0.8642,17.842,17.842,339.893,389.893,918.319
0.8643,18.484,18.484,340.238,390.238,814.251
0.8644,19.302,19.302,340.626,390.626,726.983
0.8645,20.08,20.08,341.06,391.06,651.097
0.8646,20.751,20.751,341.543,391.543,601.086
0.8647,21.465,21.465,342.07,392.07,572.031
0.8648,21.974,21.974,342.634,392.634,557.888
0.8649,22.241,22.241,343.222,393.222,562.962
0.865,22.696,22.696,343.821,393.821,586.875
0.8651,23.214,23.214,344.444,394.444,629.223
0.8652,23.79,23.79,345.095,395.095,689.913
0.8653,24.175,24.175,345.77,395.77,769.034
0.8654,24.389,24.389,346.452,396.452,866.297
0.8655,24.778,24.778,347.133,397.133,980.923
0.8656,25.163,25.163,347.827,397.827,1112.27
0.8657,25.705,25.705,348.537,398.537,1259.989
0.8658,26.071,26.071,349.269,399.269,1424.047
0.8659,26.009,26.009,349.997,399.997,1604.162
0.866,26.396,26.396,350.704,400.704,1799.158
0.8661,26.316,26.316,351.409,401.409,2008.08
0.8662,26.626,26.626,352.089,402.089,2229.868
0.8663,26.665,26.665,352.769,402.769,2463.553
0.8664,26.487,26.487,353.419,403.419,2708.268
0.8665,26.553,26.553,354.033,404.033,2988.301
0.8666,26.491,26.491,354.626,404.626,3251.338
0.8667,26.517,26.517,355.18,405.18,3493.905
0.8668,26.596,26.596,355.723,405.723,3768.691
0.8669,26.417,26.417,356.234,406.234,4048.372
0.867,26.452,26.452,356.715,406.715,4331.585
0.8671,26.379,26.379,357.17,407.17,4617.368
0.8672,26.109,26.109,357.58,407.58,4904.537
0.8673,26.06,26.06,357.954,407.954,5191.558
0.8674,25.727,25.727,358.287,408.287,5477.344
0.8675,25.707,25.707,358.581,408.581,5760.419
0.8676,25.481,25.481,358.837,408.837,6039.805
0.8677,24.965,24.965,359.036,409.036,6314.167
0.8678,24.951,24.951,359.182,409.182,6568.421
0.8679,24.653,24.653,359.3,409.3,6730.242
0.868,24.533,24.533,359.401,409.401,6824.608
0.8681,24.094,24.094,359.486,409.486,6878.947
0.8682,23.613,23.613,359.542,409.542,6909.6
0.8683,23.418,23.418,359.568,409.568,6926.289
0.8684,23.001,23.001,359.578,409.578,6934.786
0.8685,22.651,22.651,359.573,409.573,6938.712
0.8686,22.138,22.138,359.548,409.548,6939.503
0.8687,21.499,21.499,359.493,409.493,6938.84
0.8688,21.04,21.04,359.403,409.403,6937.559
0.8689,20.604,20.604,359.286,409.286,6935.744
0.869,20.094,20.094,359.144,409.144,6933.745
0.8691,19.679,19.679,358.974,408.974,6931.7
0.8692,19.119,19.119,358.782,408.782,6929.687
0.8693,18.389,18.389,358.565,408.565,6927.748
0.8694,17.524,17.524,358.311,408.311,6925.903
0.8695,16.904,16.904,358.014,408.014,6924.162
0.8696,16.586,16.586,357.689,407.689,6922.528
0.8697,16.258,16.258,357.348,407.348,6920.997
0.8698,15.602,15.602,356.998,406.998,6919.566
0.8699,14.615,14.615,356.612,406.612,6918.23
0.87,13.647,13.647,356.178,406.178,6916.984
0.8701,13.131,13.131,355.708,405.708,6915.823
0.8702,12.954,12.954,355.223,405.223,6914.741
0.8703,12.49,12.49,354.735,404.735,6913.732
0.8704,11.358,11.358,354.224,404.224,6912.792
0.8705,10.366,10.366,353.668,403.668,6911.832
0.8706,9.637,9.637,353.083,403.083,6911.022
0.8707,8.983,8.983,352.474,402.474,6910.267
0.8708,8.376,8.376,351.849,401.849,6909.424
0.8709,7.434,7.434,351.207,401.207,6894.758
0.871,6.444,6.444,350.54,400.54,6858.663
0.8711,5.732,5.732,349.861,399.861,6801.503
0.8712,4.904,4.904,349.174,399.174,6723.983
0.8713,4.275,4.275,348.485,398.485,6626.928
0.8714,3.438,3.438,347.797,397.797,6511.35
0.8715,2.413,2.413,347.112,397.112,6378.251
0.8716,1.565,1.565,346.433,396.433,6228.653
0.8717,0.786,0.786,345.763,395.763,6063.69
0.8718,0.582,0.582,345.109,395.109,5884.57
0.8719,0.982,0.982,344.472,394.472,5692.601
0.872,-0.0,-0.0,343.857,393.857,5489.14
0.8721,-1.102,-1.102,343.264,393.264,5275.535
0.8722,-1.205,-1.205,342.696,392.696,5053.131
0.8723,-1.897,-1.897,342.156,392.156,4823.291
0.8724,-2.45,-2.45,341.646,391.646,4587.408
0.8725,-3.139,-3.139,341.166,391.166,4322.578
0.8726,-4.136,-4.136,340.72,390.72,4078.383
0.8727,-5.051,-5.051,340.313,390.313,3832.374
0.8728,-6.106,-6.106,339.949,389.949,3610.6
0.8729,-6.801,-6.801,339.629,389.629,3365.219
0.873,-7.275,-7.275,339.344,389.344,3122.183
0.8731,-8.419,-8.419,339.096,389.096,2882.487
0.8732,-9.664,-9.664,338.9,388.9,2647.416
0.8733,-11.031,-11.031,338.768,388.768,2418.55
0.8734,-11.76,-11.76,338.7,388.7,2197.771
0.8735,-12.15,-12.15,338.671,388.671,1986.438
0.8736,-13.132,-13.132,338.677,388.677,1785.192
0.8737,-14.106,-14.106,338.738,388.738,1594.927
0.8738,-15.193,-15.193,338.861,388.861,1416.938
0.8739,-16.057,-16.057,339.046,389.046,1252.624
0.874,-16.618,-16.618,339.276,389.276,1103.138
0.8741,-17.342,-17.342,339.546,389.546,969.035
0.8742,-18.108,-18.108,339.86,389.86,850.836
0.8743,-18.962,-18.962,340.221,390.221,749.239
0.8744,-19.74,-19.74,340.631,390.631,664.915
0.8745,-20.392,-20.392,341.086,391.086,592.892
0.8746,-20.984,-20.984,341.581,391.581,546.806
0.8747,-21.564,-21.564,342.112,392.112,519.466
0.8748,-22.017,-22.017,342.67,392.67,511.028
0.8749,-22.643,-22.643,343.257,393.257,519.498
0.875,-23.27,-23.27,343.876,393.876,546.855
0.8751,-23.733,-23.733,344.533,394.533,593.285
0.8752,-24.062,-24.062,345.209,395.209,658.94
0.8753,-24.405,-24.405,345.889,395.889,743.325
0.8754,-24.955,-24.955,346.582,396.582,845.729
0.8755,-25.363,-25.363,347.288,397.288,965.85
0.8756,-25.744,-25.744,348.019,398.019,1103.355
0.8757,-25.948,-25.948,348.756,398.756,1258.112
0.8758,-25.975,-25.975,349.477,399.477,1429.329
0.8759,-26.34,-26.34,350.19,400.19,1615.733
0.876,-26.517,-26.517,350.898,400.898,1816.54
0.8761,-26.76,-26.76,351.608,401.608,2030.938
0.8762,-26.685,-26.685,352.308,402.308,2258.446
0.8763,-26.709,-26.709,352.973,402.973,2497.826
0.8764,-26.943,-26.943,353.623,403.623,2747.581
0.8765,-26.729,-26.729,354.248,404.248,3006.816
0.8766,-26.921,-26.921,354.847,404.847,3301.3
0.8767,-26.857,-26.857,355.429,405.429,3576.489
0.8768,-26.748,-26.748,355.972,405.972,3829.227
0.8769,-26.665,-26.665,356.49,406.49,4114.398
0.877,-26.458,-26.458,356.966,406.966,4403.07
0.8771,-26.428,-26.428,357.4,407.4,4693.64
0.8772,-26.137,-26.137,357.807,407.807,4984.905
0.8773,-26.119,-26.119,358.164,408.164,5275.611
0.8774,-25.841,-25.841,358.496,408.496,5564.501
0.8775,-25.541,-25.541,358.778,408.778,5850.534
0.8776,-25.453,-25.453,359.005,409.005,6132.034
0.8777,-25.149,-25.149,359.198,409.198,6407.656
0.8778,-25.117,-25.117,359.346,409.346,6634.568
0.8779,-24.795,-24.795,359.481,409.481,6768.538
0.878,-24.308,-24.308,359.584,409.584,6846.379
0.8781,-23.912,-23.912,359.65,409.65,6890.946
0.8782,-23.597,-23.597,359.695,409.695,6915.849
0.8783,-23.502,-23.502,359.723,409.723,6929.178
0.8784,-23.245,-23.245,359.746,409.746,6935.733
0.8785,-22.816,-22.816,359.75,409.75,6938.362
0.8786,-22.248,-22.248,359.723,409.723,6938.703
0.8787,-21.81,-21.81,359.667,409.667,6937.747
0.8788,-21.394,-21.394,359.585,409.585,6936.343
0.8789,-20.791,-20.791,359.481,409.481,6934.482
0.879,-20.316,-20.316,359.346,409.346,6932.492
0.8791,-19.621,-19.621,359.186,409.186,6930.488
0.8792,-18.953,-18.953,358.99,408.99,6928.531
0.8793,-18.422,-18.422,358.76,408.76,6926.655
0.8794,-17.915,-17.915,358.501,408.501,6924.876
0.8795,-17.434,-17.434,358.217,408.217,6923.2
0.8796,-16.936,-16.936,357.915,407.915,6921.627
0.8797,-16.117,-16.117,357.591,407.591,6920.156
0.8798,-15.083,-15.083,357.225,407.225,6918.782
0.8799,-14.495,-14.495,356.816,406.816,6917.499
0.88,-14.146,-14.146,356.385,406.385,6916.303
0.8801,-13.709,-13.709,355.944,405.944,6915.188
0.8802,-12.828,-12.828,355.489,405.489,6914.149
0.8803,-11.601,-11.601,354.99,404.99,6913.181
0.8804,-10.937,-10.937,354.446,404.446,6912.279
0.8805,-10.125,-10.125,353.876,403.876,6911.438
0.8806,-9.827,-9.827,353.285,403.285,6910.58
0.8807,-9.175,-9.175,352.683,402.683,6909.855
0.8808,-8.171,-8.171,352.057,402.057,6909.246
0.8809,-7.54,-7.54,351.405,401.405,6901.16
0.881,-6.863,-6.863,350.74,400.74,6871.487
0.8811,-6.285,-6.285,350.067,400.067,6820.559
0.8812,-5.42,-5.42,349.391,399.391,6749.234
0.8813,-4.319,-4.319,348.707,398.707,6658.39
0.8814,-3.388,-3.388,348.018,398.018,6548.768
0.8815,-2.398,-2.398,347.329,397.329,6421.23
0.8816,-1.582,-1.582,346.645,396.645,6276.777
0.8817,-0.79,-0.79,345.971,395.971,6116.52
0.8818,-0.258,-0.258,345.31,395.31,5941.671
0.8819,-0.0,-0.0,344.668,394.668,5753.534
0.882,-0.0,-0.0,344.045,394.045,5553.485
0.8821,1.303,1.303,343.445,393.445,5342.868
0.8822,0.97,0.97,342.871,392.871,5123.062
0.8823,1.554,1.554,342.322,392.322,4895.436
0.8824,2.309,2.309,341.8,391.8,4661.305
0.8825,2.976,2.976,341.31,391.31,4422.015
0.8826,4.06,4.06,340.854,390.854,4154.471
0.8827,4.902,4.902,340.439,390.439,3908.904
0.8828,5.475,5.475,340.06,390.06,3662.618
0.8829,6.5,6.5,339.716,389.716,3441.351
0.883,7.664,7.664,339.419,389.419,3197.106
0.8831,8.881,8.881,339.174,389.174,2956.093
0.8832,10.005,10.005,338.994,388.994,2720.018
0.8833,10.558,10.558,338.863,388.863,2490.64
0.8834,11.34,11.34,338.766,388.766,2268.982
0.8835,12.328,12.328,338.715,388.715,2055.889
0.8836,13.464,13.464,338.725,388.725,1852.584
0.8837,14.314,14.314,338.802,388.802,1660.652
0.8838,14.963,14.963,338.929,388.929,1481.537
0.8839,15.696,15.696,339.091,389.091,1315.96
0.884,16.328,16.328,339.296,389.296,1164.45
0.8841,17.213,17.213,339.545,389.545,1027.666
0.8842,18.017,18.017,339.85,389.85,906.405
0.8843,18.647,18.647,340.203,390.203,801.617
0.8844,19.301,19.301,340.598,390.598,713.931
0.8845,19.964,19.964,341.036,391.036,643.821
0.8846,20.524,20.524,341.513,391.513,587.591
0.8847,21.196,21.196,342.024,392.024,555.766
0.8848,21.802,21.802,342.575,392.575,542.571
0.8849,22.55,22.55,343.166,393.166,546.903
0.885,22.999,22.999,343.791,393.791,570.063
0.8851,23.267,23.267,344.432,394.432,612.509
0.8852,23.668,23.668,345.079,395.079,673.626
0.8853,24.042,24.042,345.74,395.74,752.871
0.8854,24.683,24.683,346.423,396.423,849.841
0.8855,25.025,25.025,347.129,397.129,964.592
0.8856,25.133,25.133,347.836,397.836,1096.771
0.8857,25.397,25.397,348.533,398.533,1245.44
0.8858,25.762,25.762,349.236,399.236,1409.766
0.8859,26.386,26.386,349.948,399.948,1589.191
0.886,26.633,26.633,350.683,400.683,1783.63
0.8861,26.476,26.476,351.403,401.403,1992.781
0.8862,26.702,26.702,352.095,402.095,2215.228
0.8863,26.603,26.603,352.773,402.773,2449.797
0.8864,26.6,26.6,353.42,403.42,2695.243
0.8865,26.637,26.637,354.051,404.051,2950.276
0.8866,26.39,26.39,354.65,404.65,3240.614
0.8867,26.554,26.554,355.21,405.21,3511.701
0.8868,26.535,26.535,355.747,405.747,3788.404
0.8869,26.441,26.441,356.246,406.246,4041.22
0.887,26.58,26.58,356.724,406.724,4325.142
0.8871,26.304,26.304,357.172,407.172,4611.472
0.8872,26.273,26.273,357.586,407.586,4898.955
0.8873,26.11,26.11,357.972,407.972,5186.626
0.8874,25.774,25.774,358.307,408.307,5473.283
0.8875,25.673,25.673,358.6,408.6,5757.272
0.8876,25.304,25.304,358.849,408.849,6037.41
0.8877,25.266,25.266,359.056,409.056,6312.283
0.8878,24.881,24.881,359.224,409.224,6567.344
0.8879,24.435,24.435,359.344,409.344,6729.645
0.888,24.173,24.173,359.429,409.429,6824.285
0.8881,23.94,23.94,359.489,409.489,6878.78
0.8882,23.859,23.859,359.541,409.541,6909.522
0.8883,23.438,23.438,359.582,409.582,6926.262
0.8884,23.032,23.032,359.597,409.597,6934.788
0.8885,22.67,22.67,359.586,409.586,6938.534
0.8886,22.297,22.297,359.555,409.555,6939.531
0.8887,21.821,21.821,359.506,409.506,6938.871
0.8888,21.386,21.386,359.433,409.433,6937.423
0.8889,20.821,20.821,359.334,409.334,6935.775
0.889,20.23,20.23,359.203,409.203,6933.775
0.8891,19.577,19.577,359.038,409.038,6931.729
0.8892,19.072,19.072,358.838,408.838,6929.714
0.8893,18.483,18.483,358.611,408.611,6927.773
0.8894,17.962,17.962,358.358,408.358,6925.927
0.8895,17.331,17.331,358.083,408.083,6924.185
0.8896,16.647,16.647,357.777,407.777,6922.548
0.8897,15.953,15.953,357.431,407.431,6921.016
0.8898,15.363,15.363,357.055,407.055,6919.584
0.8899,14.915,14.915,356.661,406.661,6918.247
0.89,14.402,14.402,356.256,406.256,6917.0
0.8901,13.323,13.323,355.822,405.822,6915.838
0.8902,12.42,12.42,355.335,405.335,6914.754
0.8903,11.777,11.777,354.815,404.815,6913.745
0.8904,11.484,11.484,354.273,404.273,6912.804
0.8905,10.941,10.941,353.724,403.724,6911.927
0.8906,10.1,10.1,353.155,403.155,6911.111
0.8907,9.135,9.135,352.553,402.553,6910.277
0.8908,8.396,8.396,351.927,401.927,6909.417
0.8909,7.71,7.71,351.282,401.282,6897.555
0.891,7.085,7.085,350.629,400.629,6864.004
0.8911,6.019,6.019,349.964,399.964,6809.776
0.8912,4.919,4.919,349.283,399.283,6735.442
0.8913,4.043,4.043,348.594,398.594,6641.543
0.8914,3.161,3.161,347.902,397.902,6528.886
0.8915,2.303,2.303,347.213,397.213,6398.41
0.8916,1.588,1.588,346.531,396.531,6251.187
0.8917,0.758,0.758,345.858,395.858,6088.369
0.8918,0.345,0.345,345.201,395.201,5911.182
0.8919,0.788,0.788,344.561,394.561,5720.935
0.892,-0.093,-0.093,343.943,393.943,5518.994
0.8921,-0.782,-0.782,343.346,393.346,5306.715
0.8922,-1.322,-1.322,342.775,392.775,5085.436
0.8923,-1.679,-1.679,342.229,392.229,4856.539
0.8924,-2.322,-2.322,341.712,391.712,4621.345
0.8925,-3.373,-3.373,341.228,391.228,4381.207
0.8926,-3.904,-3.904,340.781,390.781,4137.597
0.8927,-4.676,-4.676,340.367,390.367,3867.256
0.8928,-5.835,-5.835,339.991,389.991,3620.718
0.8929,-6.837,-6.837,339.659,389.659,3399.451
0.893,-8.082,-8.082,339.381,389.381,3155.684
0.8931,-8.827,-8.827,339.155,389.155,2915.767
0.8932,-9.418,-9.418,338.965,388.965,2681.064
0.8933,-10.34,-10.34,338.813,388.813,2452.445
0.8934,-11.463,-11.463,338.713,388.713,2231.029
0.8935,-12.746,-12.746,338.68,388.68,2018.305
0.8936,-13.572,-13.572,338.713,388.713,1816.059
0.8937,-14.03,-14.03,338.787,388.787,1625.619
0.8938,-14.809,-14.809,338.896,388.896,1447.589
0.8939,-15.633,-15.633,339.054,389.054,1282.577
0.894,-16.614,-16.614,339.266,389.266,1131.577
0.8941,-17.318,-17.318,339.533,389.533,995.674
0.8942,-17.98,-17.98,339.845,389.845,875.735
0.8943,-18.671,-18.671,340.196,390.196,772.321
0.8944,-19.432,-19.432,340.592,390.592,685.867
0.8945,-20.184,-20.184,341.031,391.031,616.974
0.8946,-20.907,-20.907,341.514,391.514,566.166
0.8947,-21.628,-21.628,342.042,392.042,531.789
0.8948,-22.272,-22.272,342.612,392.612,520.613
0.8949,-22.783,-22.783,343.214,393.214,527.176
0.895,-23.135,-23.135,343.837,393.837,552.857
0.8951,-23.695,-23.695,344.476,394.476,597.553
0.8952,-24.246,-24.246,345.138,395.138,660.991
0.8953,-24.625,-24.625,345.832,395.832,743.097
0.8954,-24.847,-24.847,346.535,396.535,843.855
0.8955,-24.94,-24.94,347.233,397.233,962.501
0.8956,-25.392,-25.392,347.933,397.933,1098.021
0.8957,-25.801,-25.801,348.642,398.642,1249.919
0.8958,-26.259,-26.259,349.372,399.372,1417.817
0.8959,-26.48,-26.48,350.11,400.11,1601.651
0.896,-26.525,-26.525,350.828,400.828,1800.656
0.8961,-26.7,-26.7,351.538,401.538,2013.553
0.8962,-26.62,-26.62,352.228,402.228,2239.466
0.8963,-26.904,-26.904,352.905,402.905,2477.134
0.8964,-26.708,-26.708,353.568,403.568,2725.82
0.8965,-26.639,-26.639,354.186,404.186,2984.186
0.8966,-26.828,-26.828,354.783,404.783,3250.524
0.8967,-26.572,-26.572,355.352,405.352,3551.565
0.8968,-26.803,-26.803,355.886,405.886,3831.038
0.8969,-26.641,-26.641,356.404,406.404,4115.02
0.897,-26.673,-26.673,356.879,406.879,4373.523
0.8971,-26.614,-26.614,357.335,407.335,4662.808
0.8972,-26.268,-26.268,357.749,407.749,4953.441
0.8973,-26.333,-26.333,358.114,408.114,5243.737
0.8974,-26.041,-26.041,358.454,408.454,5532.517
0.8975,-25.829,-25.829,358.742,408.742,5818.655
0.8976,-25.658,-25.658,358.999,408.999,6100.776
0.8977,-25.18,-25.18,359.21,409.21,6377.888
0.8978,-24.988,-24.988,359.358,409.358,6615.368
0.8979,-24.572,-24.572,359.48,409.48,6757.404
0.898,-24.392,-24.392,359.572,409.572,6840.021
0.8981,-24.274,-24.274,359.653,409.653,6887.41
0.8982,-23.828,-23.828,359.715,409.715,6913.974
0.8983,-23.434,-23.434,359.745,409.745,6928.274
0.8984,-22.968,-22.968,359.754,409.754,6935.391
0.8985,-22.79,-22.79,359.742,409.742,6938.339
0.8986,-22.461,-22.461,359.72,409.72,6938.9
0.8987,-21.966,-21.966,359.677,409.677,6938.002
0.8988,-21.42,-21.42,359.604,409.604,6936.463
0.8989,-20.928,-20.928,359.503,409.503,6934.597
0.899,-20.322,-20.322,359.373,409.373,6932.803
0.8991,-19.776,-19.776,359.212,409.212,6930.79
0.8992,-19.308,-19.308,359.025,409.025,6928.82
0.8993,-18.556,-18.556,358.813,408.813,6926.929
0.8994,-17.8,-17.8,358.565,408.565,6925.133
0.8995,-17.033,-17.033,358.279,408.279,6923.441
0.8996,-16.457,-16.457,357.957,407.957,6921.853
0.8997,-16.01,-16.01,357.609,407.609,6920.367
0.8998,-15.698,-15.698,357.248,407.248,6918.979
0.8999,-14.876,-14.876,356.871,406.871,6917.683
0.9,-13.736,-13.736,356.449,406.449,6916.475
0.9001,-13.13,-13.13,355.982,405.982,6915.348
0.9002,-12.629,-12.629,355.493,405.493,6914.298
0.9003,-12.412,-12.412,354.993,404.993,6913.32
0.9004,-11.699,-11.699,354.485,404.485,6912.408
0.9005,-10.562,-10.562,353.944,403.944,6911.559
0.9006,-9.803,-9.803,353.364,403.364,6910.767
0.9007,-8.985,-8.985,352.76,402.76,6910.03
0.9008,-8.448,-8.448,352.134,402.134,6909.277
0.9009,-7.584,-7.584,351.495,401.495,6901.716
0.901,-6.517,-6.517,350.833,400.833,6876.739
0.9011,-5.952,-5.952,350.151,400.151,6828.609
0.9012,-5.092,-5.092,349.463,399.463,6759.617
0.9013,-4.37,-4.37,348.77,398.77,6670.582
0.9014,-3.586,-3.586,348.078,398.078,6562.458
0.9015,-2.681,-2.681,347.389,397.389,6436.279
0.9016,-1.822,-1.822,346.704,396.704,6293.08
0.9017,-1.049,-1.049,346.029,396.029,6133.995
0.9018,-0.357,-0.357,345.367,395.367,5960.232
0.9019,-0.084,-0.084,344.723,394.723,5773.073
0.902,0.0,0.0,344.098,394.098,5573.865
0.9021,0.581,0.581,343.496,393.496,5363.976
0.9022,1.331,1.331,342.918,392.918,5144.747
0.9023,1.751,1.751,342.367,392.367,4917.581
0.9024,2.43,2.43,341.846,391.846,4683.84
0.9025,3.045,3.045,341.357,391.357,4444.941
0.9026,3.881,3.881,340.899,390.899,4202.232
0.9027,4.716,4.716,340.479,390.479,3957.078
0.9028,5.931,5.931,340.099,390.099,3686.288
0.9029,6.92,6.92,339.768,389.768,3440.762
0.903,7.467,7.467,339.477,389.477,3221.602
0.9031,8.255,8.255,339.219,389.219,2981.135
0.9032,9.193,9.193,339.007,389.007,2744.903
0.9033,10.548,10.548,338.848,388.848,2514.298
0.9034,11.762,11.762,338.76,388.76,2291.006
0.9035,12.377,12.377,338.726,388.726,2076.832
0.9036,13.056,13.056,338.728,388.728,1872.79
0.9037,13.902,13.902,338.775,388.775,1679.61
0.9038,14.986,14.986,338.879,388.879,1498.343
0.9039,15.984,15.984,339.05,389.05,1330.34
0.904,16.682,16.682,339.276,389.276,1176.993
0.9041,17.277,17.277,339.54,389.54,1039.126
0.9042,17.873,17.873,339.845,389.845,917.172
0.9043,18.544,18.544,340.192,390.192,811.63
0.9044,19.239,19.239,340.582,390.582,723.02
0.9045,19.888,19.888,341.015,391.015,651.919
0.9046,20.53,20.53,341.489,391.489,598.76
0.9047,21.146,21.146,342.0,392.0,563.975
0.9048,21.624,21.624,342.544,392.544,547.153
0.9049,22.203,22.203,343.112,393.112,551.411
0.905,22.89,22.89,343.713,393.713,571.123
0.9051,23.466,23.466,344.353,394.353,610.907
0.9052,23.842,23.842,345.022,395.022,669.788
0.9053,24.025,24.025,345.701,395.701,747.601
0.9054,24.483,24.483,346.38,396.38,843.561
0.9055,24.912,24.912,347.073,397.073,957.07
0.9056,25.357,25.357,347.783,397.783,1087.74
0.9057,25.52,25.52,348.507,398.507,1235.443
0.9058,25.593,25.593,349.222,399.222,1399.563
0.9059,25.963,25.963,349.921,399.921,1578.914
0.906,26.187,26.187,350.621,400.621,1772.583
0.9061,26.574,26.574,351.317,401.317,1979.847
0.9062,26.696,26.696,352.021,402.021,2200.232
0.9063,26.577,26.577,352.702,402.702,2433.125
0.9064,26.842,26.842,353.353,403.353,2677.021
0.9065,26.616,26.616,353.992,403.992,2930.818
0.9066,26.811,26.811,354.589,404.589,3193.263
0.9067,26.945,26.945,355.178,405.178,3463.062
0.9068,26.744,26.744,355.735,405.735,3767.402
0.9069,26.76,26.76,356.257,406.257,4049.34
0.907,26.535,26.535,356.749,406.749,4306.394
0.9071,26.306,26.306,357.19,407.19,4594.373
0.9072,26.309,26.309,357.6,407.6,4883.216
0.9073,26.025,26.025,357.974,407.974,5171.972
0.9074,26.127,26.127,358.312,408.312,5459.293
0.9075,25.872,25.872,358.622,408.622,5744.318
0.9076,25.271,25.271,358.876,408.876,6025.887
0.9077,25.142,25.142,359.077,409.077,6302.15
0.9078,24.923,24.923,359.236,409.236,6559.527
0.9079,24.805,24.805,359.369,409.369,6724.28
0.908,24.532,24.532,359.482,409.482,6820.432
0.9081,23.997,23.997,359.562,409.562,6875.872
0.9082,23.703,23.703,359.61,409.61,6907.215
0.9083,23.275,23.275,359.637,409.637,6924.35
0.9084,23.007,23.007,359.65,409.65,6933.146
0.9085,22.544,22.544,359.646,409.646,6937.086
0.9086,22.169,22.169,359.613,409.613,6938.231
0.9087,21.794,21.794,359.555,409.555,6937.798
0.9088,21.349,21.349,359.473,409.473,6936.348
0.9089,20.933,20.933,359.37,409.37,6934.588
0.909,20.414,20.414,359.242,409.242,6932.85
0.9091,19.839,19.839,359.087,409.087,6930.87
0.9092,19.086,19.086,358.902,408.902,6928.917
0.9093,18.488,18.488,358.681,408.681,6927.032
0.9094,17.812,17.812,358.425,408.425,6925.237
0.9095,17.167,17.167,358.137,408.137,6923.542
0.9096,16.873,16.873,357.825,407.825,6921.95
0.9097,16.242,16.242,357.501,407.501,6920.459
0.9098,15.305,15.305,357.145,407.145,6919.065
0.9099,14.485,14.485,356.743,406.743,6917.764
0.91,13.892,13.892,356.309,406.309,6916.55
0.9101,13.603,13.603,355.857,405.857,6915.419
0.9102,13.233,13.233,355.401,405.401,6914.364
0.9103,12.241,12.241,354.92,404.92,6913.381
0.9104,11.09,11.09,354.392,404.392,6912.465
0.9105,10.407,10.407,353.828,403.828,6911.612
0.9106,9.823,9.823,353.238,403.238,6910.817
0.9107,9.292,9.292,352.636,402.636,6910.076
0.9108,8.277,8.277,352.014,402.014,6909.32
0.9109,7.348,7.348,351.364,401.364,6897.983
0.911,6.584,6.584,350.698,400.698,6864.786
0.9111,5.932,5.932,350.02,400.02,6816.767
0.9112,5.344,5.344,349.34,399.34,6743.967
0.9113,4.364,4.364,348.657,398.657,6651.661
0.9114,3.388,3.388,347.97,397.97,6540.712
0.9115,2.515,2.515,347.284,397.284,6411.981
0.9116,1.636,1.636,346.601,396.601,6266.47
0.9117,0.9,0.9,345.928,395.928,6105.263
0.9118,0.279,0.279,345.269,395.269,5929.565
0.9119,0.025,0.025,344.627,394.627,5740.669
0.912,-0.0,-0.0,344.007,394.007,5539.932
0.9121,-1.016,-1.016,343.408,393.408,5328.713
0.9122,-1.187,-1.187,342.835,392.835,5108.378
0.9123,-1.535,-1.535,342.288,392.288,4880.31
0.9124,-2.064,-2.064,341.768,391.768,4645.839
0.9125,-3.016,-3.016,341.279,391.279,4406.266
0.9126,-3.952,-3.952,340.823,390.823,4162.964
0.9127,-5.098,-5.098,340.408,390.408,3917.331
0.9128,-5.71,-5.71,340.034,390.034,3670.903
0.9129,-6.481,-6.481,339.695,389.695,3400.537
0.913,-7.55,-7.55,339.396,389.396,3156.671
0.9131,-8.645,-8.645,339.148,389.148,2939.976
0.9132,-9.963,-9.963,338.96,388.96,2703.766
0.9133,-10.729,-10.729,338.834,388.834,2474.144
0.9134,-11.287,-11.287,338.746,388.746,2252.501
0.9135,-12.037,-12.037,338.695,388.695,2039.599
0.9136,-13.362,-13.362,338.694,388.694,1836.345
0.9137,-14.5,-14.5,338.762,388.762,1644.114
0.9138,-15.302,-15.302,338.891,388.891,1464.547
0.9139,-15.783,-15.783,339.064,389.064,1298.75
0.914,-16.397,-16.397,339.273,389.273,1147.268
0.9141,-17.131,-17.131,339.524,389.524,1010.62
0.9142,-17.95,-17.95,339.826,389.826,889.496
0.9143,-18.773,-18.773,340.178,390.178,784.765
0.9144,-19.541,-19.541,340.58,390.58,697.194
0.9145,-20.116,-20.116,341.026,391.026,627.446
0.9146,-20.952,-20.952,341.509,391.509,575.946
0.9147,-21.568,-21.568,342.033,392.033,543.053
0.9148,-22.119,-22.119,342.591,392.591,529.068
0.9149,-22.69,-22.69,343.181,393.181,535.7
0.915,-23.148,-23.148,343.807,393.807,561.923
0.9151,-23.616,-23.616,344.455,394.455,602.006
0.9152,-23.87,-23.87,345.114,395.114,664.541
0.9153,-24.295,-24.295,345.784,395.784,745.429
0.9154,-24.786,-24.786,346.468,396.468,844.277
0.9155,-25.19,-25.19,347.18,397.18,960.804
0.9156,-25.442,-25.442,347.899,397.899,1094.964
0.9157,-25.626,-25.626,348.61,398.61,1245.959
0.9158,-25.976,-25.976,349.321,399.321,1412.813
0.9159,-26.239,-26.239,350.031,400.031,1594.928
0.916,-26.659,-26.659,350.754,400.754,1791.612
0.9161,-26.725,-26.725,351.476,401.476,2002.697
0.9162,-26.64,-26.64,352.169,402.169,2227.15
0.9163,-26.742,-26.742,352.844,402.844,2463.51
0.9164,-26.698,-26.698,353.493,403.493,2710.688
0.9165,-26.92,-26.92,354.123,404.123,2967.315
0.9166,-26.913,-26.913,354.736,404.736,3232.597
0.9167,-26.892,-26.892,355.309,405.309,3505.295
0.9168,-26.854,-26.854,355.86,405.86,3783.961
0.9169,-26.625,-26.625,356.373,406.373,4096.07
0.917,-26.686,-26.686,356.85,406.85,4383.235
0.9171,-26.472,-26.472,357.303,407.303,4643.615
0.9172,-26.31,-26.31,357.711,407.711,4933.963
0.9173,-26.167,-26.167,358.093,408.093,5224.118
0.9174,-25.808,-25.808,358.429,408.429,5513.074
0.9175,-25.705,-25.705,358.71,408.71,5799.193
0.9176,-25.49,-25.49,358.957,408.957,6081.023
0.9177,-25.379,-25.379,359.156,409.156,6357.454
0.9178,-25.138,-25.138,359.328,409.328,6601.735
0.9179,-24.668,-24.668,359.463,409.463,6750.252
0.918,-24.391,-24.391,359.553,409.553,6836.665
0.9181,-24.136,-24.136,359.626,409.626,6886.25
0.9182,-24.009,-24.009,359.68,409.68,6914.062
0.9183,-23.618,-23.618,359.726,409.726,6929.05
0.9184,-23.252,-23.252,359.748,409.748,6936.527
0.9185,-22.67,-22.67,359.743,409.743,6939.643
0.9186,-22.331,-22.331,359.71,409.71,6940.26
0.9187,-21.98,-21.98,359.659,409.659,6939.479
0.9188,-21.578,-21.578,359.59,409.59,6937.948
0.9189,-21.079,-21.079,359.498,409.498,6935.842
0.919,-20.396,-20.396,359.376,409.376,6933.779
0.9191,-19.832,-19.832,359.219,409.219,6931.904
0.9192,-19.13,-19.13,359.029,409.029,6929.864
0.9193,-18.474,-18.474,358.804,408.804,6927.905
0.9194,-18.02,-18.02,358.549,408.549,6926.045
0.9195,-17.633,-17.633,358.275,408.275,6924.292
0.9196,-16.819,-16.819,357.978,407.978,6922.646
0.9197,-15.879,-15.879,357.642,407.642,6921.106
0.9198,-15.335,-15.335,357.266,407.266,6919.667
0.9199,-14.847,-14.847,356.869,406.869,6918.325
0.92,-14.545,-14.545,356.458,406.458,6917.072
0.9201,-13.555,-13.555,356.034,406.034,6915.905
0.9202,-12.419,-12.419,355.562,405.562,6914.817
0.9203,-11.65,-11.65,355.043,405.043,6913.803
0.9204,-11.062,-11.062,354.497,404.497,6912.858
0.9205,-10.698,-10.698,353.935,403.935,6911.978
0.9206,-10.009,-10.009,353.364,403.364,6911.158
0.9207,-9.037,-9.037,352.766,402.766,6910.394
0.9208,-8.416,-8.416,352.138,402.138,6909.682
0.9209,-7.72,-7.72,351.494,401.494,6902.08
0.921,-7.249,-7.249,350.838,400.838,6873.261
0.9211,-6.358,-6.358,350.175,400.175,6829.352
0.9212,-5.202,-5.202,349.498,399.498,6761.273
0.9213,-4.385,-4.385,348.809,398.809,6673.409
0.9214,-3.554,-3.554,348.118,398.118,6566.471
0.9215,-2.79,-2.79,347.427,397.427,6441.398
0.9216,-1.695,-1.695,346.741,396.741,6299.225
0.9217,-0.972,-0.972,346.064,396.064,6141.063
0.9218,-0.499,-0.499,345.401,395.401,5968.121
0.9219,-0.836,-0.836,344.756,394.756,5781.697
0.922,0.035,0.035,344.131,394.131,5583.158
0.9221,0.752,0.752,343.527,393.527,5373.864
0.9222,1.845,1.845,342.947,392.947,5155.168
0.9223,1.537,1.537,342.394,392.394,4928.427
0.9224,2.099,2.099,341.869,391.869,4694.999
0.9225,3.136,3.136,341.374,391.374,4456.217
0.9226,4.056,4.056,340.917,390.917,4213.52
0.9227,4.721,4.721,340.497,390.497,3968.404
0.9228,5.579,5.579,340.112,390.112,3722.218
0.9229,6.507,6.507,339.771,389.771,3451.774
0.923,7.807,7.807,339.475,389.475,3207.849
0.9231,8.868,8.868,339.238,389.238,2991.269
0.9232,9.34,9.34,339.046,389.046,2755.425
0.9233,10.145,10.145,338.885,388.885,2525.611
0.9234,11.215,11.215,338.77,388.77,2302.662
0.9235,12.549,12.549,338.716,388.716,2087.923
0.9236,13.548,13.548,338.735,388.735,1883.125
0.9237,14.12,14.12,338.807,388.807,1689.967
0.9238,14.763,14.763,338.912,388.912,1509.3
0.9239,15.588,15.588,339.061,389.061,1341.615
0.924,16.479,16.479,339.261,389.261,1187.752
0.9241,17.379,17.379,339.52,389.52,1048.754
0.9242,18.033,18.033,339.829,389.829,925.69
0.9243,18.65,18.65,340.178,390.178,819.242
0.9244,19.229,19.229,340.567,390.567,729.823
0.9245,19.857,19.857,340.995,390.995,657.833
0.9246,20.582,20.582,341.462,391.462,603.652
0.9247,21.2,21.2,341.971,391.971,567.711
0.9248,21.847,21.847,342.522,392.522,550.445
0.9249,22.314,22.314,343.107,393.107,553.44
0.925,22.703,22.703,343.715,393.715,576.181
0.9251,23.166,23.166,344.338,394.338,617.629
0.9252,23.622,23.622,344.983,394.983,670.691
0.9253,24.152,24.152,345.653,395.653,747.014
0.9254,24.486,24.486,346.345,396.345,841.638
0.9255,24.59,24.59,347.041,397.041,954.191
0.9256,25.039,25.039,347.727,397.727,1083.734
0.9257,25.311,25.311,348.426,398.426,1229.515
0.9258,25.989,25.989,349.131,399.131,1391.044
0.9259,26.214,26.214,349.86,399.86,1568.168
0.926,26.234,26.234,350.578,400.578,1760.574
0.9261,26.537,26.537,351.274,401.274,1967.027
0.9262,26.559,26.559,351.966,401.966,2186.511
0.9263,26.728,26.728,352.637,402.637,2418.059
0.9264,26.757,26.757,353.305,403.305,2660.716
0.9265,26.549,26.549,353.944,403.944,2913.695
0.9266,26.818,26.818,354.546,404.546,3175.389
0.9267,26.776,26.776,355.131,405.131,3444.586
0.9268,26.658,26.658,355.678,405.678,3720.148
0.9269,26.691,26.691,356.201,406.201,4000.676
0.927,26.43,26.43,356.689,406.689,4313.791
0.9271,26.473,26.473,357.141,407.141,4600.969
0.9272,26.114,26.114,357.562,407.562,4860.611
0.9273,25.928,25.928,357.926,407.926,5149.047
0.9274,25.899,25.899,358.258,408.258,5435.785
0.9275,25.645,25.645,358.551,408.551,5719.93
0.9276,25.684,25.684,358.809,408.809,6000.17
0.9277,25.36,25.36,359.035,409.035,6275.696
0.9278,24.867,24.867,359.205,409.205,6538.037
0.9279,24.758,24.758,359.331,409.331,6711.785
0.928,24.511,24.511,359.434,409.434,6813.276
0.9281,24.319,24.319,359.521,409.521,6871.875
0.9282,23.794,23.794,359.591,409.591,6905.083
0.9283,23.229,23.229,359.627,409.627,6923.309
0.9284,22.911,22.911,359.63,409.63,6932.739
0.9285,22.532,22.532,359.612,409.612,6937.04
0.9286,22.279,22.279,359.579,409.579,6938.386
0.9287,21.86,21.86,359.528,409.528,6938.061
0.9288,21.389,21.389,359.452,409.452,6936.821
0.9289,20.757,20.757,359.348,409.348,6935.109
0.929,20.252,20.252,359.214,409.214,6932.988
0.9291,19.845,19.845,359.053,409.053,6930.999
0.9292,19.237,19.237,358.869,408.869,6929.231
0.9293,18.639,18.639,358.657,408.657,6927.329
0.9294,17.994,17.994,358.418,408.418,6925.517
0.9295,17.22,17.22,358.145,408.145,6923.805
0.9296,16.486,16.486,357.829,407.829,6922.196
0.9297,16.071,16.071,357.481,407.481,6920.688
0.9298,15.599,15.599,357.116,407.116,6919.279
0.9299,14.989,14.989,356.738,406.738,6917.964
0.93,14.058,14.058,356.327,406.327,6916.736
0.9301,13.247,13.247,355.869,405.869,6915.592
0.9302,12.725,12.725,355.381,405.381,6914.525
0.9303,12.377,12.377,354.875,404.875,6913.531
0.9304,11.927,11.927,354.365,404.365,6912.605
0.9305,11.007,11.007,353.835,403.835,6911.742
0.9306,9.817,9.817,353.264,403.264,6910.938
0.9307,9.045,9.045,352.663,402.663,6910.189
0.9308,8.314,8.314,352.037,402.037,6909.492
0.9309,7.715,7.715,351.396,401.396,6900.969
0.931,6.735,6.735,350.74,400.74,6866.976
0.9311,5.676,5.676,350.063,400.063,6813.941
0.9312,4.963,4.963,349.375,399.375,6748.578
0.9313,4.218,4.218,348.682,398.682,6657.105
0.9314,3.543,3.543,347.99,397.99,6546.643
0.9315,2.618,2.618,347.302,397.302,6418.285
0.9316,1.554,1.554,346.619,396.619,6273.091
0.9317,0.822,0.822,345.945,395.945,6112.151
0.9318,0.351,0.351,345.285,395.285,5936.679
0.9319,1.118,1.118,344.643,394.643,5747.973
0.932,-0.0,-0.0,344.022,394.022,5547.404
0.9321,-0.344,-0.344,343.423,393.423,5336.323
0.9322,-1.218,-1.218,342.847,392.847,5116.065
0.9323,-1.796,-1.796,342.298,392.298,4888.002
0.9324,-2.54,-2.54,341.78,391.78,4653.489
0.9325,-3.181,-3.181,341.295,391.295,4413.97
0.9326,-3.662,-3.662,340.841,390.841,4170.832
0.9327,-4.697,-4.697,340.422,390.422,3925.347
0.9328,-5.679,-5.679,340.043,390.043,3678.923
0.9329,-6.855,-6.855,339.71,389.71,3432.988
0.933,-7.624,-7.624,339.425,389.425,3164.938
0.9331,-8.177,-8.177,339.176,389.176,2924.949
0.9332,-9.194,-9.194,338.966,388.966,2712.803
0.9333,-10.285,-10.285,338.807,388.807,2482.515
0.9334,-11.713,-11.713,338.712,388.712,2259.4
0.9335,-12.548,-12.548,338.683,388.683,2045.298
0.9336,-13.028,-13.028,338.694,388.694,1841.59
0.9337,-13.744,-13.744,338.742,388.742,1648.922
0.9338,-14.786,-14.786,338.839,388.839,1468.067
0.9339,-15.838,-15.838,338.999,388.999,1300.166
0.934,-16.653,-16.653,339.22,389.22,1146.645
0.9341,-17.299,-17.299,339.488,389.488,1008.538
0.9342,-17.924,-17.924,339.798,389.798,886.474
0.9343,-18.632,-18.632,340.149,390.149,780.971
0.9344,-19.383,-19.383,340.546,390.546,692.57
0.9345,-20.132,-20.132,340.987,390.987,621.886
0.9346,-20.794,-20.794,341.471,391.471,569.414
0.9347,-21.405,-21.405,341.992,391.992,535.608
0.9348,-21.994,-21.994,342.545,392.545,520.633
0.9349,-22.458,-22.458,343.123,393.123,524.541
0.935,-23.017,-23.017,343.728,393.728,550.473
0.9351,-23.694,-23.694,344.36,394.36,593.722
0.9352,-24.263,-24.263,345.032,395.032,648.78
0.9353,-24.621,-24.621,345.727,395.727,728.086
0.9354,-24.756,-24.756,346.426,396.426,826.116
0.9355,-25.124,-25.124,347.131,397.131,942.072
0.9356,-25.468,-25.468,347.843,397.843,1075.421
0.9357,-25.9,-25.9,348.574,398.574,1225.701
0.9358,-25.963,-25.963,349.311,399.311,1392.715
0.9359,-26.066,-26.066,350.027,400.027,1575.522
0.936,-26.404,-26.404,350.735,400.735,1772.847
0.9361,-26.574,-26.574,351.431,401.431,1983.887
0.9362,-26.962,-26.962,352.127,402.127,2207.685
0.9363,-26.944,-26.944,352.816,402.816,2443.774
0.9364,-26.973,-26.973,353.47,403.47,2691.004
0.9365,-26.901,-26.901,354.106,404.106,2947.92
0.9366,-26.689,-26.689,354.708,404.708,3213.447
0.9367,-26.872,-26.872,355.282,405.282,3486.045
0.9368,-26.731,-26.731,355.842,405.842,3764.81
0.9369,-26.627,-26.627,356.357,406.357,4048.661
0.937,-26.708,-26.708,356.849,406.849,4365.016
0.9371,-26.475,-26.475,357.304,407.304,4655.308
0.9372,-26.43,-26.43,357.715,407.715,4917.409
0.9373,-26.116,-26.116,358.096,408.096,5208.475
0.9374,-25.931,-25.931,358.423,408.423,5498.15
0.9375,-25.78,-25.78,358.718,408.718,5784.914
0.9376,-25.364,-25.364,358.967,408.967,6067.732
0.9377,-25.262,-25.262,359.156,409.156,6344.997
0.9378,-24.999,-24.999,359.312,409.312,6592.383
0.9379,-24.829,-24.829,359.436,409.436,6744.114
0.938,-24.638,-24.638,359.549,409.549,6832.483
0.9381,-24.224,-24.224,359.64,409.64,6883.272
0.9382,-23.915,-23.915,359.698,409.698,6911.833
0.9383,-23.585,-23.585,359.738,409.738,6927.297
0.9384,-23.32,-23.32,359.758,409.758,6935.087
0.9385,-23.003,-23.003,359.766,409.766,6938.415
0.9386,-22.381,-22.381,359.751,409.751,6939.183
0.9387,-21.854,-21.854,359.7,409.7,6938.516
0.9388,-21.263,-21.263,359.618,409.618,6937.074
0.9389,-20.844,-20.844,359.508,409.508,6935.244
0.939,-20.406,-20.406,359.375,409.375,6933.251
0.9391,-19.865,-19.865,359.219,409.219,6931.022
0.9392,-19.348,-19.348,359.037,409.037,6929.037
0.9393,-18.742,-18.742,358.826,408.826,6927.319
0.9394,-17.926,-17.926,358.581,408.581,6925.5
0.9395,-17.207,-17.207,358.299,408.299,6923.784
0.9396,-16.761,-16.761,357.988,407.988,6922.174
0.9397,-16.268,-16.268,357.659,407.659,6920.667
0.9398,-15.551,-15.551,357.31,407.31,6919.258
0.9399,-14.589,-14.589,356.92,406.92,6917.944
0.94,-13.904,-13.904,356.487,406.487,6916.717
0.9401,-13.412,-13.412,356.03,406.03,6915.574
0.9402,-13.041,-13.041,355.561,405.561,6914.509
0.9403,-12.468,-12.468,355.081,405.081,6913.516
0.9404,-11.355,-11.355,354.566,404.566,6912.591
0.9405,-10.56,-10.56,354.008,404.008,6911.729
0.9406,-9.784,-9.784,353.424,403.424,6910.926
0.9407,-9.337,-9.337,352.819,402.819,6910.178
0.9408,-8.508,-8.508,352.202,402.202,6909.481
0.9409,-7.46,-7.46,351.559,401.559,6905.025
0.941,-6.851,-6.851,350.893,400.893,6880.403
0.9411,-5.978,-5.978,350.218,400.218,6828.457
0.9412,-5.353,-5.353,349.534,399.534,6759.434
0.9413,-4.605,-4.605,348.849,398.849,6680.339
0.9414,-3.573,-3.573,348.161,398.161,6574.449
0.9415,-2.833,-2.833,347.471,397.471,6450.466
0.9416,-1.856,-1.856,346.787,396.787,6309.367
0.9417,-1.066,-1.066,346.11,396.11,6152.243
0.9418,-0.321,-0.321,345.446,395.446,5980.276
0.9419,-0.039,-0.039,344.8,394.8,5794.748
0.942,0.0,0.0,344.174,394.174,5597.034
0.9421,0.859,0.859,343.569,393.569,5388.471
0.9422,1.12,1.12,342.988,392.988,5170.418
0.9423,1.594,1.594,342.433,392.433,4944.243
0.9424,2.047,2.047,341.907,391.907,4711.314
0.9425,2.954,2.954,341.41,391.41,4472.961
0.9426,3.725,3.725,340.947,390.947,4230.535
0.9427,4.86,4.86,340.52,390.52,3985.439
0.9428,5.754,5.754,340.138,390.138,3739.159
0.9429,6.319,6.319,339.794,389.794,3493.213
0.943,7.319,7.319,339.486,389.486,3248.811
0.9431,8.425,8.425,339.226,389.226,2983.27
0.9432,9.718,9.718,339.021,389.021,2746.549
0.9433,10.856,10.856,338.884,388.884,2538.81
0.9434,11.324,11.324,338.796,388.796,2315.508
0.9435,11.972,11.972,338.739,388.739,2100.994
0.9436,12.911,12.911,338.726,388.726,1895.963
0.9437,13.984,13.984,338.771,388.771,1701.501
0.9438,14.975,14.975,338.882,388.882,1519.063
0.9439,15.701,15.701,339.045,389.045,1350.071
0.944,16.305,16.305,339.248,389.248,1195.351
0.9441,16.999,16.999,339.492,389.492,1055.409
0.9442,17.912,17.912,339.784,389.784,930.888
0.9443,18.65,18.65,340.131,390.131,822.656
0.9444,19.149,19.149,340.526,390.526,731.619
0.9445,19.774,19.774,340.958,390.958,658.264
0.9446,20.386,20.386,341.43,391.43,602.957
0.9447,21.069,21.069,341.937,391.937,565.996
0.9448,21.58,21.58,342.475,392.475,547.591
0.9449,22.203,22.203,343.044,393.044,547.795
0.945,22.974,22.974,343.649,393.649,566.704
0.9451,23.286,23.286,344.288,394.288,609.519
0.9452,23.618,23.618,344.937,394.937,668.269
0.9453,24.079,24.079,345.594,395.594,736.768
0.9454,24.431,24.431,346.272,396.272,829.819
0.9455,25.051,25.051,346.971,396.971,940.495
0.9456,25.345,25.345,347.694,397.694,1068.842
0.9457,25.405,25.405,348.416,398.416,1214.54
0.9458,25.796,25.796,349.122,399.122,1376.551
0.9459,26.047,26.047,349.834,399.834,1553.899
0.946,26.533,26.533,350.544,400.544,1745.988
0.9461,26.523,26.523,351.266,401.266,1952.343
0.9462,26.372,26.372,351.963,401.963,2172.332
0.9463,26.66,26.66,352.627,402.627,2404.356
0.9464,26.493,26.493,353.281,403.281,2647.223
0.9465,26.651,26.651,353.899,403.899,2899.761
0.9466,26.747,26.747,354.513,404.513,3160.77
0.9467,26.63,26.63,355.097,405.097,3429.545
0.9468,26.675,26.675,355.648,405.648,3704.67
0.9469,26.612,26.612,356.175,406.175,3985.012
0.947,26.392,26.392,356.657,406.657,4269.326
0.9471,26.365,26.365,357.114,407.114,4584.845
0.9472,26.154,26.154,357.532,407.532,4873.152
0.9473,26.052,26.052,357.912,407.912,5132.591
0.9474,25.842,25.842,358.256,408.256,5419.809
0.9475,25.418,25.418,358.546,408.546,5704.605
0.9476,25.406,25.406,358.79,408.79,5985.256
0.9477,25.158,25.158,358.994,408.994,6260.603
0.9478,25.087,25.087,359.162,409.162,6524.913
0.9479,24.713,24.713,359.303,409.303,6704.705
0.948,24.328,24.328,359.406,409.406,6809.753
0.9481,24.232,24.232,359.48,409.48,6870.421
0.9482,23.922,23.922,359.538,409.538,6904.816
0.9483,23.681,23.681,359.586,409.586,6923.708
0.9484,23.251,23.251,359.616,409.616,6933.496
0.9485,22.67,22.67,359.619,409.619,6937.975
0.9486,22.213,22.213,359.587,409.587,6939.393
0.9487,21.695,21.695,359.528,409.528,6939.08
0.9488,21.354,21.354,359.448,409.448,6937.818
0.9489,20.843,20.843,359.347,409.347,6936.067
0.949,20.41,20.41,359.218,409.218,6934.094
0.9491,19.762,19.762,359.062,409.062,6931.851
0.9492,19.116,19.116,358.873,408.873,6929.835
0.9493,18.496,18.496,358.649,408.649,6928.081
0.9494,17.991,17.991,358.396,408.396,6926.22
0.9495,17.612,17.612,358.122,408.122,6924.461
0.9496,16.869,16.869,357.829,407.829,6922.808
0.9497,16.032,16.032,357.503,407.503,6921.259
0.9498,15.247,15.247,357.132,407.132,6919.811
0.9499,14.635,14.635,356.731,406.731,6918.459
0.95,14.256,14.256,356.31,406.31,6917.198
0.9501,13.771,13.771,355.881,405.881,6916.022
0.9502,12.768,12.768,355.423,405.423,6914.926
0.9503,11.766,11.766,354.914,404.914,6913.904
0.9504,11.205,11.205,354.37,404.37,6912.953
0.9505,10.752,10.752,353.805,403.805,6912.066
0.9506,10.351,10.351,353.233,403.233,6911.24
0.9507,9.306,9.306,352.643,402.643,6910.47
0.9508,8.424,8.424,352.02,402.02,6909.753
0.9509,7.732,7.732,351.378,401.378,6900.703
0.951,7.023,7.023,350.721,400.721,6870.246
0.9511,6.393,6.393,350.057,400.057,6818.827
0.9512,5.457,5.457,349.385,399.385,6739.073
0.9513,4.293,4.293,348.702,398.702,6646.235
0.9514,3.365,3.365,348.013,398.013,6546.682
0.9515,2.305,2.305,347.324,397.324,6419.078
0.9516,1.679,1.679,346.639,396.639,6274.54
0.9517,0.821,0.821,345.965,395.965,6114.206
0.9518,0.293,0.293,345.305,395.305,5939.299
0.9519,-0.0,-0.0,344.663,394.663,5751.118
0.952,-0.0,-0.0,344.041,394.041,5551.041
0.9521,-0.823,-0.823,343.441,393.441,5340.409
0.9522,-1.008,-1.008,342.866,392.866,5120.573
0.9523,-1.494,-1.494,342.315,392.315,4892.879
0.9524,-2.377,-2.377,341.793,391.793,4658.644
0.9525,-3.072,-3.072,341.302,391.302,4419.242
0.9526,-4.041,-4.041,340.848,390.848,4176.054
0.9527,-4.806,-4.806,340.432,390.432,3930.575
0.9528,-5.523,-5.523,340.051,390.051,3684.198
0.9529,-6.609,-6.609,339.71,389.71,3438.184
0.953,-7.623,-7.623,339.416,389.416,3193.961
0.9531,-8.837,-8.837,339.176,389.176,2953.059
0.9532,-9.662,-9.662,338.992,388.992,2693.943
0.9533,-10.073,-10.073,338.846,388.846,2465.183
0.9534,-11.033,-11.033,338.735,388.735,2265.495
0.9535,-12.146,-12.146,338.678,388.678,2051.469
0.9536,-13.479,-13.479,338.688,388.688,1847.168
0.9537,-14.235,-14.235,338.765,388.765,1654.344
0.9538,-14.859,-14.859,338.881,388.881,1474.253
0.9539,-15.556,-15.556,339.035,389.035,1307.392
0.954,-16.465,-16.465,339.233,389.233,1154.382
0.9541,-17.285,-17.285,339.487,389.487,1016.089
0.9542,-17.968,-17.968,339.792,389.792,893.54
0.9543,-18.575,-18.575,340.14,390.14,787.477
0.9544,-19.309,-19.309,340.528,390.528,698.381
0.9545,-20.018,-20.018,340.961,390.961,626.743
0.9546,-20.7,-20.7,341.436,391.436,573.111
0.9547,-21.461,-21.461,341.953,391.953,537.896
0.9548,-22.152,-22.152,342.513,392.513,521.586
0.9549,-22.692,-22.692,343.113,393.113,524.609
0.955,-23.131,-23.131,343.739,393.739,547.174
0.9551,-23.434,-23.434,344.377,394.377,589.002
0.9552,-23.995,-23.995,345.03,395.03,656.618
0.9553,-24.463,-24.463,345.702,395.702,737.384
0.9554,-24.896,-24.896,346.401,396.401,825.652
0.9555,-25.178,-25.178,347.112,397.112,940.932
0.9556,-25.188,-25.188,347.816,397.816,1073.704
0.9557,-25.546,-25.546,348.52,398.52,1222.891
0.9558,-25.974,-25.974,349.225,399.225,1387.875
0.9559,-26.553,-26.553,349.952,399.952,1568.153
0.956,-26.581,-26.581,350.689,400.689,1763.776
0.9561,-26.703,-26.703,351.398,401.398,1973.919
0.9562,-26.761,-26.761,352.098,402.098,2197.222
0.9563,-26.785,-26.785,352.773,402.773,2432.708
0.9564,-26.922,-26.922,353.437,403.437,2679.075
0.9565,-26.824,-26.824,354.08,404.08,2935.558
0.9566,-26.663,-26.663,354.68,404.68,3200.78
0.9567,-26.585,-26.585,355.255,405.255,3473.101
0.9568,-26.486,-26.486,355.79,405.79,3751.309
0.9569,-26.791,-26.791,356.296,406.296,4033.876
0.957,-26.559,-26.559,356.787,406.787,4320.009
0.9571,-26.542,-26.542,357.233,407.233,4608.646
0.9572,-26.436,-26.436,357.658,407.658,4927.469
0.9573,-26.18,-26.18,358.041,408.041,5217.501
0.9574,-26.053,-26.053,358.375,408.375,5477.326
0.9575,-25.736,-25.736,358.675,408.675,5763.52
0.9576,-25.684,-25.684,358.922,408.922,6045.83
0.9577,-25.565,-25.565,359.142,409.142,6322.971
0.9578,-25.243,-25.243,359.317,409.317,6576.319
0.9579,-25.042,-25.042,359.445,409.445,6734.596
0.958,-24.68,-24.68,359.554,409.554,6826.857
0.9581,-24.513,-24.513,359.638,409.638,6879.956
0.9582,-24.203,-24.203,359.716,409.716,6909.889
0.9583,-23.649,-23.649,359.772,409.772,6926.166
0.9584,-23.169,-23.169,359.791,409.791,6934.437
0.9585,-22.662,-22.662,359.787,409.787,6938.048
0.9586,-22.425,-22.425,359.757,409.757,6938.984
0.9587,-21.981,-21.981,359.714,409.714,6938.414
0.9588,-21.377,-21.377,359.644,409.644,6937.029
0.9589,-20.799,-20.799,359.541,409.541,6935.232
0.959,-20.349,-20.349,359.407,409.407,6933.257
0.9591,-19.747,-19.747,359.247,409.247,6931.239
0.9592,-19.204,-19.204,359.058,409.058,6929.059
0.9593,-18.68,-18.68,358.842,408.842,6927.155
0.9594,-18.3,-18.3,358.604,408.604,6925.524
0.9595,-17.693,-17.693,358.341,408.341,6923.808
0.9596,-16.756,-16.756,358.043,408.043,6922.197
0.9597,-16.105,-16.105,357.704,407.704,6920.688
0.9598,-15.544,-15.544,357.338,407.338,6919.278
0.9599,-15.102,-15.102,356.955,406.955,6917.963
0.96,-14.278,-14.278,356.555,406.555,6916.735
0.9601,-13.315,-13.315,356.111,406.111,6915.591
0.9602,-12.603,-12.603,355.624,405.624,6914.524
0.9603,-12.155,-12.155,355.113,405.113,6913.53
0.9604,-11.858,-11.858,354.59,404.59,6912.604
0.9605,-11.021,-11.021,354.06,404.06,6911.742
0.9606,-9.817,-9.817,353.496,403.496,6910.938
0.9607,-9.056,-9.056,352.894,402.894,6910.189
0.9608,-8.321,-8.321,352.27,402.27,6909.491
0.9609,-7.787,-7.787,351.627,401.627,6906.249
0.961,-7.007,-7.007,350.974,400.974,6884.044
0.9611,-6.091,-6.091,350.303,400.303,6840.507
0.9612,-5.363,-5.363,349.618,399.618,6768.552
0.9613,-4.44,-4.44,348.927,398.927,6682.008
0.9614,-3.688,-3.688,348.232,398.232,6587.646
0.9615,-2.876,-2.876,347.541,397.541,6465.41
0.9616,-1.998,-1.998,346.855,396.855,6325.904
0.9617,-1.229,-1.229,346.177,396.177,6170.237
0.9618,-0.435,-0.435,345.512,395.512,5999.606
0.9619,-0.159,-0.159,344.863,394.863,5815.285
0.962,-0.0,-0.0,344.234,394.234,5618.61
0.9621,-0.0,-0.0,343.626,393.626,5410.949
0.9622,1.931,1.931,343.042,393.042,5193.649
0.9623,1.405,1.405,342.486,392.486,4968.088
0.9624,2.298,2.298,341.956,391.956,4735.64
0.9625,2.926,2.926,341.459,391.459,4497.679
0.9626,3.566,3.566,340.996,390.996,4255.639
0.9627,4.548,4.548,340.565,390.565,4010.854
0.9628,5.474,5.474,340.175,390.175,3764.682
0.9629,6.514,6.514,339.828,389.828,3518.601
0.963,7.422,7.422,339.531,389.531,3274.142
0.9631,8.195,8.195,339.276,389.276,3032.819
0.9632,9.092,9.092,339.057,389.057,2795.775
0.9633,10.222,10.222,338.886,388.886,2541.297
0.9634,11.427,11.427,338.774,388.774,2339.266
0.9635,12.509,12.509,338.73,388.73,2122.925
0.9636,13.047,13.047,338.739,388.739,1916.775
0.9637,13.637,13.637,338.78,388.78,1721.714
0.9638,14.485,14.485,338.864,388.864,1538.292
0.9639,15.538,15.538,339.003,389.003,1367.429
0.964,16.387,16.387,339.207,389.207,1210.414
0.9641,17.243,17.243,339.463,389.463,1068.506
0.9642,17.904,17.904,339.762,389.762,942.513
0.9643,18.587,18.587,340.106,390.106,832.971
0.9644,19.303,19.303,340.493,390.493,740.493
0.9645,19.949,19.949,340.925,390.925,665.627
0.9646,20.453,20.453,341.399,391.399,608.9
0.9647,21.029,21.029,341.908,391.908,570.664
0.9648,21.558,21.558,342.45,392.45,551.139
0.9649,21.88,21.88,343.018,393.018,550.365
0.965,22.498,22.498,343.602,393.602,568.112
0.9651,23.002,23.002,344.215,394.215,604.165
0.9652,23.687,23.687,344.859,394.859,658.569
0.9653,24.007,24.007,345.532,395.532,739.858
0.9654,24.191,24.191,346.213,396.213,833.009
0.9655,24.64,24.64,346.893,396.893,931.832
0.9656,25.101,25.101,347.59,397.59,1057.775
0.9657,25.696,25.696,348.305,398.305,1200.449
0.9658,25.979,25.979,349.043,399.043,1359.874
0.9659,25.897,25.897,349.771,399.771,1535.688
0.966,26.155,26.155,350.477,400.477,1726.568
0.9661,26.343,26.343,351.177,401.177,1931.403
0.9662,26.67,26.67,351.862,401.862,2149.253
0.9663,26.734,26.734,352.547,402.547,2379.337
0.9664,26.504,26.504,353.207,403.207,2620.829
0.9665,26.698,26.698,353.829,403.829,2872.183
0.9666,26.703,26.703,354.434,404.434,3132.105
0.9667,26.623,26.623,355.007,405.007,3399.503
0.9668,26.817,26.817,355.563,405.563,3673.148
0.9669,26.608,26.608,356.096,406.096,3952.227
0.967,26.683,26.683,356.595,406.595,4235.537
0.9671,26.471,26.471,357.067,407.067,4522.03
0.9672,26.201,26.201,357.49,407.49,4810.368
0.9673,26.145,26.145,357.878,407.878,5127.775
0.9674,25.895,25.895,358.224,408.224,5415.298
0.9675,25.898,25.898,358.53,408.53,5672.004
0.9676,25.57,25.57,358.801,408.801,5954.007
0.9677,25.145,25.145,359.012,409.012,6231.285
0.9678,25.039,25.039,359.174,409.174,6500.174
0.9679,24.707,24.707,359.302,409.302,6690.223
0.968,24.608,24.608,359.411,409.411,6801.36
0.9681,24.251,24.251,359.505,409.505,6865.639
0.9682,23.699,23.699,359.569,409.569,6902.165
0.9683,23.524,23.524,359.603,409.603,6922.309
0.9684,23.146,23.146,359.622,409.622,6932.828
0.9685,22.855,22.855,359.627,409.627,6937.729
0.9686,22.365,22.365,359.613,409.613,6939.388
0.9687,21.789,21.789,359.568,409.568,6939.208
0.9688,21.295,21.295,359.489,409.489,6938.016
0.9689,20.797,20.797,359.38,409.38,6936.298
0.969,20.285,20.285,359.244,409.244,6934.337
0.9691,19.895,19.895,359.083,409.083,6932.297
0.9692,19.351,19.351,358.898,408.898,6930.27
0.9693,18.771,18.771,358.687,408.687,6928.115
0.9694,18.172,18.172,358.447,408.447,6926.251
0.9695,17.565,17.565,358.172,408.172,6924.662
0.9696,17.055,17.055,357.869,407.869,6922.996
0.9697,16.507,16.507,357.546,407.546,6921.435
0.9698,15.817,15.817,357.206,407.206,6919.975
0.9699,14.818,14.818,356.831,406.831,6918.612
0.97,13.963,13.963,356.406,406.406,6917.341
0.9701,13.416,13.416,355.948,405.948,6916.155
0.9702,13.206,13.206,355.473,405.473,6915.05
0.9703,12.772,12.772,354.995,404.995,6914.02
0.9704,11.666,11.666,354.493,404.493,6913.061
0.9705,10.531,10.531,353.944,403.944,6912.166
0.9706,9.837,9.837,353.363,403.363,6911.333
0.9707,9.15,9.15,352.757,402.757,6910.557
0.9708,8.67,8.67,352.137,402.137,6909.835
0.9709,7.687,7.687,351.501,401.501,6904.001
0.971,6.587,6.587,350.839,400.839,6877.517
0.9711,6.094,6.094,350.162,400.162,6829.584
0.9712,5.247,5.247,349.478,399.478,6760.935
0.9713,4.581,4.581,348.792,398.792,6662.496
0.9714,3.736,3.736,348.105,398.105,6553.237
0.9715,2.769,2.769,347.418,397.418,6439.616
0.9716,1.932,1.932,346.735,396.735,6297.271
0.9717,1.033,1.033,346.06,396.06,6139.034
0.9718,0.454,0.454,345.398,395.398,5966.069
0.9719,1.063,1.063,344.753,394.753,5779.644
0.972,-0.0,-0.0,344.128,394.128,5581.118
0.9721,0.0,0.0,343.525,393.525,5371.848
0.9722,-1.179,-1.179,342.946,392.946,5153.175
0.9723,-1.635,-1.635,342.394,392.394,4926.485
0.9724,-2.134,-2.134,341.87,391.87,4693.149
0.9725,-2.834,-2.834,341.375,391.375,4454.516
0.9726,-3.734,-3.734,340.914,390.914,4211.897
0.9727,-4.703,-4.703,340.488,390.488,3966.679
0.9728,-5.772,-5.772,340.105,390.105,3720.271
0.9729,-6.591,-6.591,339.765,389.765,3474.232
0.973,-7.197,-7.197,339.462,389.462,3229.92
0.9731,-8.372,-8.372,339.198,389.198,2988.452
0.9732,-9.521,-9.521,338.988,388.988,2751.205
0.9733,-10.732,-10.732,338.842,388.842,2497.055
0.9734,-11.435,-11.435,338.757,388.757,2274.213
0.9735,-11.815,-11.815,338.709,388.709,2081.442
0.9736,-12.8,-12.8,338.696,388.696,1876.439
0.9737,-13.877,-13.877,338.736,388.736,1681.943
0.9738,-15.113,-15.113,338.841,388.841,1499.305
0.9739,-15.946,-15.946,339.01,389.01,1330.039
0.974,-16.378,-16.378,339.223,389.223,1175.307
0.9741,-16.973,-16.973,339.47,389.47,1035.589
0.9742,-17.672,-17.672,339.759,389.759,911.333
0.9743,-18.542,-18.542,340.095,390.095,803.156
0.9744,-19.364,-19.364,340.485,390.485,711.837
0.9745,-19.997,-19.997,340.922,390.922,638.189
0.9746,-20.727,-20.727,341.399,391.399,582.738
0.9747,-21.387,-21.387,341.916,391.916,545.885
0.9748,-21.889,-21.889,342.466,392.466,527.935
0.9749,-22.67,-22.67,343.046,393.046,528.916
0.975,-23.367,-23.367,343.663,393.663,548.98
0.9751,-23.726,-23.726,344.315,394.315,588.404
0.9752,-24.032,-24.032,344.983,394.983,647.18
0.9753,-24.234,-24.234,345.657,395.657,724.779
0.9754,-24.638,-24.638,346.34,396.34,831.026
0.9755,-25.133,-25.133,347.035,397.035,933.829
0.9756,-25.477,-25.477,347.756,397.756,1064.557
0.9757,-25.72,-25.72,348.485,398.485,1212.553
0.9758,-25.883,-25.883,349.201,399.201,1377.071
0.9759,-26.271,-26.271,349.917,399.917,1556.991
0.976,-26.414,-26.414,350.628,400.628,1751.707
0.9761,-26.818,-26.818,351.341,401.341,1960.394
0.9762,-26.733,-26.733,352.052,402.052,2182.615
0.9763,-26.706,-26.706,352.726,402.726,2417.258
0.9764,-26.814,-26.814,353.383,403.383,2662.768
0.9765,-26.756,-26.756,354.011,404.011,2918.087
0.9766,-26.962,-26.962,354.62,404.62,3181.849
0.9767,-26.862,-26.862,355.212,405.212,3453.271
0.9768,-26.834,-26.834,355.76,405.76,3731.163
0.9769,-26.838,-26.838,356.288,406.288,4013.977
0.977,-26.501,-26.501,356.779,406.779,4300.796
0.9771,-26.644,-26.644,357.228,407.228,4590.016
0.9772,-26.443,-26.443,357.654,407.654,4880.557
0.9773,-26.219,-26.219,358.035,408.035,5171.306
0.9774,-26.065,-26.065,358.384,408.384,5489.758
0.9775,-25.603,-25.603,358.687,408.687,5748.241
0.9776,-25.412,-25.412,358.929,408.929,6031.614
0.9777,-25.147,-25.147,359.135,409.135,6309.491
0.9778,-25.077,-25.077,359.292,409.292,6566.439
0.9779,-24.835,-24.835,359.43,409.43,6729.397
0.978,-24.382,-24.382,359.538,409.538,6824.404
0.9781,-24.154,-24.154,359.609,409.609,6879.091
0.9782,-23.869,-23.869,359.664,409.664,6909.927
0.9783,-23.8,-23.8,359.7,409.7,6926.704
0.9784,-23.497,-23.497,359.735,409.735,6935.236
0.9785,-23.076,-23.076,359.748,409.748,6938.97
0.9786,-22.402,-22.402,359.732,409.732,6939.949
0.9787,-21.969,-21.969,359.685,409.685,6939.376
0.9788,-21.639,-21.639,359.612,409.612,6937.963
0.9789,-21.208,-21.208,359.521,409.521,6936.123
0.979,-20.575,-20.575,359.404,409.404,6934.101
0.9791,-19.906,-19.906,359.254,409.254,6932.033
0.9792,-19.201,-19.201,359.069,409.069,6929.997
0.9793,-18.667,-18.667,358.849,408.849,6928.037
0.9794,-18.05,-18.05,358.601,408.601,6925.992
0.9795,-17.575,-17.575,358.324,408.324,6924.244
0.9796,-16.991,-16.991,358.029,408.029,6922.762
0.9797,-16.205,-16.205,357.707,407.707,6921.215
0.9798,-15.249,-15.249,357.347,407.347,6919.769
0.9799,-14.597,-14.597,356.947,406.947,6918.42
0.98,-14.216,-14.216,356.523,406.523,6917.161
0.9801,-13.812,-13.812,356.088,406.088,6915.988
0.9802,-12.972,-12.972,355.639,405.639,6914.894
0.9803,-11.887,-11.887,355.145,405.145,6913.875
0.9804,-11.206,-11.206,354.606,404.606,6912.925
0.9805,-10.456,-10.456,354.041,404.041,6912.041
0.9806,-10.122,-10.122,353.458,403.458,6911.216
0.9807,-9.444,-9.444,352.866,402.866,6910.448
0.9808,-8.403,-8.403,352.25,402.25,6909.733
0.9809,-7.783,-7.783,351.605,401.605,6906.115
0.981,-7.015,-7.015,350.947,400.947,6883.111
0.9811,-6.666,-6.666,350.28,400.28,6838.71
0.9812,-5.801,-5.801,349.61,399.61,6773.791
0.9813,-4.719,-4.719,348.929,398.929,6689.201
0.9814,-3.809,-3.809,348.241,398.241,6574.22
0.9815,-2.838,-2.838,347.551,397.551,6450.629
0.9816,-1.995,-1.995,346.865,396.865,6324.693
0.9817,-1.145,-1.145,346.187,396.187,6169.427
0.9818,-0.599,-0.599,345.521,395.521,5999.171
0.9819,-0.973,-0.973,344.873,394.873,5815.2
0.982,-0.0,-0.0,344.244,394.244,5618.867
0.9821,-0.0,-0.0,343.636,393.636,5411.534
0.9822,0.871,0.871,343.053,393.053,5194.549
0.9823,1.541,1.541,342.495,392.495,4969.293
0.9824,2.247,2.247,341.963,391.963,4737.077
0.9825,2.844,2.844,341.463,391.463,4499.266
0.9826,3.857,3.857,340.996,390.996,4257.235
0.9827,4.61,4.61,340.569,390.569,4012.429
0.9828,5.308,5.308,340.178,390.178,3766.313
0.9829,6.328,6.328,339.823,389.823,3520.186
0.983,7.374,7.374,339.516,389.516,3275.371
0.9831,8.569,8.569,339.258,389.258,3033.421
0.9832,9.612,9.612,339.061,389.061,2795.987
0.9833,10.1,10.1,338.911,388.911,2564.742
0.9834,10.868,10.868,338.794,388.794,2318.697
0.9835,11.887,11.887,338.723,388.723,2103.532
0.9836,13.094,13.094,338.713,388.713,1917.91
0.9837,14.086,14.086,338.775,388.775,1722.107
0.9838,14.672,14.672,338.887,388.887,1538.834
0.9839,15.295,15.295,339.031,389.031,1368.818
0.984,16.174,16.174,339.215,389.215,1212.455
0.9841,16.937,16.937,339.45,389.45,1070.482
0.9842,17.743,17.743,339.738,389.738,943.83
0.9843,18.459,18.459,340.075,390.075,833.377
0.9844,19.027,19.027,340.454,390.454,739.804
0.9845,19.724,19.724,340.872,390.872,663.555
0.9846,20.438,20.438,341.334,391.334,605.074
0.9847,21.167,21.167,341.838,391.838,564.877
0.9848,21.692,21.692,342.385,392.385,543.394
0.9849,22.259,22.259,342.97,392.97,541.042
0.985,22.711,22.711,343.584,393.584,558.052
0.9851,23.052,23.052,344.218,394.218,594.297
0.9852,23.521,23.521,344.858,394.858,649.323
0.9853,23.862,23.862,345.517,395.517,722.579
0.9854,24.348,24.348,346.192,396.192,823.833
0.9855,24.675,24.675,346.886,396.886,934.464
0.9856,24.895,24.895,347.58,397.58,1048.778
0.9857,25.249,25.249,348.267,398.267,1191.309
0.9858,25.589,25.589,348.966,398.966,1349.502
0.9859,26.173,26.173,349.673,399.673,1522.928
0.986,26.464,26.464,350.404,400.404,1711.483
0.9861,26.491,26.491,351.124,401.124,1914.912
0.9862,26.659,26.659,351.824,401.824,2132.008
0.9863,26.722,26.722,352.512,402.512,2361.695
0.9864,26.823,26.823,353.175,403.175,2602.871
0.9865,26.786,26.786,353.827,403.827,2854.381
0.9866,26.565,26.565,354.441,404.441,3115.212
0.9867,26.766,26.766,355.016,405.016,3383.597
0.9868,26.567,26.567,355.569,405.569,3658.26
0.9869,26.447,26.447,356.076,406.076,3937.924
0.987,26.571,26.571,356.563,406.563,4221.09
0.9871,26.435,26.435,357.02,407.02,4507.012
0.9872,26.518,26.518,357.448,407.448,4794.443
0.9873,26.358,26.358,357.85,407.85,5082.561
0.9874,25.96,25.96,358.204,408.204,5398.865
0.9875,25.924,25.924,358.515,408.515,5684.104
0.9876,25.528,25.528,358.786,408.786,5937.972
0.9877,25.358,25.358,359.014,409.014,6215.625
0.9878,25.048,25.048,359.199,409.199,6486.472
0.9879,24.532,24.532,359.333,409.333,6681.712
0.988,24.235,24.235,359.427,409.427,6795.96
0.9881,24.055,24.055,359.496,409.496,6862.107
0.9882,24.107,24.107,359.555,409.555,6899.764
0.9883,23.62,23.62,359.607,409.607,6920.602
0.9884,23.088,23.088,359.628,409.628,6931.552
0.9885,22.625,22.625,359.62,409.62,6936.727
0.9886,22.345,22.345,359.589,409.589,6938.565
0.9887,21.886,21.886,359.545,409.545,6938.507
0.9888,21.371,21.371,359.477,409.477,6937.402
0.9889,20.732,20.732,359.38,409.38,6935.749
0.989,20.094,20.094,359.249,409.249,6933.84
0.9891,19.658,19.658,359.087,409.087,6931.842
0.9892,19.084,19.084,358.895,408.895,6929.851
0.9893,18.627,18.627,358.675,408.675,6927.919
0.9894,18.155,18.155,358.431,408.431,6926.074
0.9895,17.559,17.559,358.166,408.166,6924.159
0.9896,16.891,16.891,357.868,407.868,6922.686
0.9897,16.141,16.141,357.534,407.534,6921.146
0.9898,15.49,15.49,357.167,407.167,6919.707
0.9899,15.052,15.052,356.779,406.779,6918.362
0.99,14.441,14.441,356.379,406.379,6917.108
0.9901,13.497,13.497,355.949,405.949,6915.938
0.9902,12.67,12.67,355.472,405.472,6914.848
0.9903,12.113,12.113,354.962,404.962,6913.832
0.9904,11.764,11.764,354.434,404.434,6912.885
0.9905,11.293,11.293,353.9,403.9,6912.003
0.9906,10.3,10.3,353.345,403.345,6911.182
0.9907,9.219,9.219,352.752,402.752,6910.416
0.9908,8.505,8.505,352.13,402.13,6909.703
0.9909,7.937,7.937,351.488,401.488,6903.623
0.991,7.313,7.313,350.837,400.837,6876.82
0.9911,6.283,6.283,350.174,400.174,6829.064
0.9912,5.124,5.124,349.493,399.493,6760.911
0.9913,4.447,4.447,348.803,398.803,6672.861
0.9914,3.666,3.666,348.111,398.111,6565.748
0.9915,2.821,2.821,347.423,397.423,6427.056
0.9916,1.902,1.902,346.739,396.739,6298.298
0.9917,1.049,1.049,346.064,396.064,6140.143
0.9918,0.534,0.534,345.402,395.402,5967.245
0.9919,1.178,1.178,344.756,394.756,5780.884
0.992,-0.0,-0.0,344.132,394.132,5582.419
0.9921,0.0,0.0,343.528,393.528,5373.203
0.9922,-1.842,-1.842,342.948,392.948,5154.572
0.9923,-1.657,-1.657,342.395,392.395,4927.886
0.9924,-2.306,-2.306,341.87,391.87,4694.52
0.9925,-3.3,-3.3,341.377,391.377,4455.822
0.9926,-3.852,-3.852,340.921,390.921,4213.262
0.9927,-4.511,-4.511,340.496,390.496,3968.227
0.9928,-5.638,-5.638,340.109,390.109,3721.973
0.9929,-6.58,-6.58,339.765,389.765,3475.935
0.993,-7.738,-7.738,339.47,389.47,3231.59
0.9931,-8.328,-8.328,339.226,389.226,2990.571
0.9932,-8.872,-8.872,339.017,389.017,2754.188
0.9933,-9.946,-9.946,338.847,388.847,2523.346
0.9934,-11.054,-11.054,338.729,388.729,2299.232
0.9935,-12.428,-12.428,338.677,388.677,2062.282
0.9936,-13.166,-13.166,338.691,388.691,1857.541
0.9937,-13.532,-13.532,338.744,388.744,1683.033
0.9938,-14.469,-14.469,338.829,388.829,1500.406
0.9939,-15.451,-15.451,338.967,388.967,1330.327
0.994,-16.439,-16.439,339.165,389.165,1173.947
0.9941,-17.216,-17.216,339.422,389.422,1032.543
0.9942,-17.826,-17.826,339.725,389.725,907.072
0.9943,-18.583,-18.583,340.066,390.066,798.088
0.9944,-19.298,-19.298,340.453,390.453,706.075
0.9945,-19.935,-19.935,340.885,390.885,631.645
0.9946,-20.756,-20.756,341.359,391.359,575.3
0.9947,-21.416,-21.416,341.877,391.877,537.535
0.9948,-21.942,-21.942,342.433,392.433,518.795
0.9949,-22.431,-22.431,343.017,393.017,519.231
0.995,-22.845,-22.845,343.623,393.623,538.743
0.9951,-23.368,-23.368,344.249,394.249,577.059
0.9952,-23.986,-23.986,344.899,394.899,634.005
0.9953,-24.486,-24.486,345.583,395.583,709.579
0.9954,-24.659,-24.659,346.283,396.283,803.832
0.9955,-24.836,-24.836,346.979,396.979,928.38
0.9956,-25.262,-25.262,347.681,397.681,1059.607
0.9957,-25.69,-25.69,348.392,398.392,1191.966
0.9958,-26.119,-26.119,349.125,399.125,1354.535
0.9959,-26.247,-26.247,349.864,399.864,1533.347
0.996,-26.446,-26.446,350.58,400.58,1727.522
0.9961,-26.569,-26.569,351.291,401.291,1935.805
0.9962,-26.595,-26.595,351.982,401.982,2157.303
0.9963,-26.859,-26.859,352.663,402.663,2390.848
0.9964,-26.776,-26.776,353.332,403.332,2635.707
0.9965,-26.667,-26.667,353.961,403.961,2890.634
0.9966,-26.815,-26.815,354.567,404.567,3154.011
0.9967,-26.734,-26.734,355.145,405.145,3424.83
0.9968,-26.941,-26.941,355.697,405.697,3701.743
0.9969,-26.793,-26.793,356.231,406.231,3983.933
0.997,-26.686,-26.686,356.724,406.724,4270.241
0.9971,-26.647,-26.647,357.192,407.192,4559.307
0.9972,-26.339,-26.339,357.619,407.619,4850.131
0.9973,-26.207,-26.207,357.999,407.999,5141.079
0.9974,-26.002,-26.002,358.346,408.346,5430.862
0.9975,-25.806,-25.806,358.645,408.645,5746.805
0.9976,-25.618,-25.618,358.912,408.912,6030.036
0.9977,-25.251,-25.251,359.13,409.13,6280.789
0.9978,-25.051,-25.051,359.288,409.288,6544.128
0.9979,-24.664,-24.664,359.418,409.418,6716.322
0.998,-24.52,-24.52,359.515,409.515,6816.811
0.9981,-24.361,-24.361,359.604,409.604,6874.749
0.9982,-23.922,-23.922,359.673,409.673,6907.506
0.9983,-23.587,-23.587,359.708,409.708,6925.414
0.9984,-23.259,-23.259,359.727,409.727,6934.606
0.9985,-23.087,-23.087,359.728,409.728,6938.724
0.9986,-22.803,-22.803,359.72,409.72,6939.921
0.9987,-22.305,-22.305,359.693,409.693,6939.47
0.9988,-21.659,-21.659,359.633,409.633,6938.121
0.9989,-21.056,-21.056,359.54,409.54,6936.313
0.999,-20.516,-20.516,359.415,409.415,6934.302
0.9991,-19.951,-19.951,359.264,409.264,6932.235
0.9992,-19.457,-19.457,359.085,409.085,6930.195
0.9993,-18.913,-18.913,358.88,408.88,6928.226
0.9994,-18.051,-18.051,358.644,408.644,6926.352
0.9995,-17.472,-17.472,358.369,408.369,6924.412
0.9996,-16.763,-16.763,358.062,408.062,6922.76
0.9997,-16.206,-16.206,357.727,407.727,6921.363
0.9998,-15.71,-15.71,357.375,407.375,6919.908
0.9999,-14.945,-14.945,357.001,407.001,6918.549
1.0,-13.88,-13.88,356.587,406.587,6917.16
1.0001,-14.016,-14.016,356.127,356.127,6916.1
1.0002,-14.381,-14.381,355.662,355.662,6914.999
1.0003,-14.35,-14.35,355.201,355.201,6913.972
1.0004,-13.673,-13.673,354.734,354.734,6913.016
1.0005,-12.682,-12.682,354.23,354.23,6912.125
1.0006,-12.149,-12.149,353.684,353.684,6911.295
1.0007,-11.482,-11.482,353.114,353.114,6910.521
1.0008,-10.922,-10.922,352.526,352.526,6909.801
1.0009,-9.946,-9.946,351.921,351.921,6909.13
1.001,-8.902,-8.902,351.289,351.289,6897.057
1.0011,-8.267,-8.267,350.632,350.632,6859.263
1.0012,-7.26,-7.26,349.967,349.967,6803.115
1.0013,-6.603,-6.603,349.291,349.291,6726.934
1.0014,-5.643,-5.643,348.615,348.615,6631.59
1.0015,-4.45,-4.45,347.934,347.934,6517.972
1.0016,-3.385,-3.385,347.252,347.252,6386.898
1.0017,-2.346,-2.346,346.573,346.573,6239.308
1.0018,-1.236,-1.236,345.903,345.903,6093.241
1.0019,-0.354,-0.354,345.245,345.245,5898.967
1.002,-0.0,-0.0,344.605,344.605,5728.23
1.0021,-0.0,-0.0,343.985,343.985,5506.695
1.0022,1.491,1.491,343.389,343.389,5316.097
1.0023,2.307,2.307,342.819,342.819,5095.795
1.0024,3.145,3.145,342.28,342.28,4867.911
1.0025,4.169,4.169,341.771,341.771,4633.918
1.0026,5.4,5.4,341.296,341.296,4395.22
1.0027,6.538,6.538,340.86,340.86,4153.259
1.0028,8.073,8.073,340.466,340.466,3909.571
1.0029,9.356,9.356,340.124,340.124,3665.825
1.003,10.418,10.418,339.828,339.828,3423.708
1.0031,11.931,11.931,339.571,339.571,3160.836
1.0032,13.592,13.592,339.373,339.373,2926.523
1.0033,15.237,15.237,339.245,339.245,2698.613
1.0034,16.581,16.581,339.202,339.202,2479.334
1.0035,17.512,17.512,339.219,339.219,2270.716
1.0036,18.9,18.9,339.273,339.273,2073.727
1.0037,20.599,20.599,339.384,339.384,1907.093
1.0038,22.133,22.133,339.575,339.575,1718.812
1.0039,23.447,23.447,339.851,339.851,1579.079
1.004,24.703,24.703,340.19,340.19,1427.729
1.0041,25.762,25.762,340.58,340.58,1320.608
1.0042,27.243,27.243,341.018,341.018,1219.799
1.0043,28.515,28.515,341.527,341.527,1138.983
1.0044,29.705,29.705,342.103,342.103,1079.454
1.0045,31.024,31.024,342.739,342.739,1042.221
1.0046,32.072,32.072,343.44,343.44,1028.214
1.0047,33.258,33.258,344.194,344.194,1038.172
1.0048,34.378,34.378,345.0,345.0,1072.651
1.0049,35.733,35.733,345.844,345.844,1132.068
1.005,36.861,36.861,346.743,346.743,1216.649
1.0051,37.687,37.687,347.697,347.697,1339.448
1.0052,38.794,38.794,348.68,348.68,1478.457
1.0053,39.583,39.583,349.692,349.692,1643.25
1.0054,40.565,40.565,350.708,350.708,1833.336
1.0055,41.595,41.595,351.749,351.749,2047.977
1.0056,42.405,42.405,352.829,352.829,2287.076
1.0057,43.372,43.372,353.933,353.933,2550.803
1.0058,43.829,43.829,355.049,355.049,2808.871
1.0059,44.746,44.746,356.142,356.142,3149.675
1.006,45.544,45.544,357.25,357.25,3448.348
1.0061,46.239,46.239,358.365,358.365,3836.972
1.0062,46.773,46.773,359.498,359.498,4173.89
1.0063,47.156,47.156,360.607,360.607,4567.567
1.0064,47.715,47.715,361.676,361.676,4979.841
1.0065,48.227,48.227,362.725,362.725,5408.992
1.0066,48.647,48.647,363.733,363.733,5853.492
1.0067,49.111,49.111,364.726,364.726,6295.751
1.0068,49.289,49.289,365.697,365.697,6588.709
1.0069,49.743,49.743,366.649,366.649,6758.586
1.007,50.07,50.07,367.612,367.612,6855.771
1.0071,49.89,49.89,368.57,368.57,6914.077
1.0072,50.211,50.211,369.534,369.534,6941.703
1.0073,50.12,50.12,370.508,370.508,6955.58
1.0074,50.227,50.227,371.48,371.48,6961.548
1.0075,50.273,50.273,372.457,372.457,6963.033
1.0076,49.926,49.926,373.411,373.411,6962.033
1.0077,50.148,50.148,374.341,374.341,6959.712
1.0078,49.752,49.752,375.265,375.265,6956.741
1.0079,49.381,49.381,376.167,376.167,6953.832
1.008,49.185,49.185,377.04,377.04,6950.215
1.0081,48.462,48.462,377.877,377.877,6947.312
1.0082,48.328,48.328,378.663,378.663,6943.905
1.0083,47.891,47.891,379.432,379.432,6941.261
1.0084,47.455,47.455,380.184,380.184,6938.485
1.0085,47.033,47.033,380.911,380.911,6935.881
1.0086,46.254,46.254,381.603,381.603,6933.445
1.0087,45.711,45.711,382.243,382.243,6931.171
1.0088,44.973,44.973,382.851,382.851,6929.049
1.0089,44.241,44.241,383.42,383.42,6927.071
1.009,43.375,43.375,383.946,383.946,6925.228
1.0091,42.342,42.342,384.424,384.424,6923.345
1.0092,41.303,41.303,384.842,384.842,6921.756
1.0093,40.46,40.46,385.197,385.197,6920.276
1.0094,39.545,39.545,385.495,385.495,6918.897
1.0095,38.7,38.7,385.743,385.743,6917.612
1.0096,37.514,37.514,385.955,385.955,6916.415
1.0097,36.496,36.496,386.126,386.126,6915.3
1.0098,35.052,35.052,386.249,386.249,6914.361
1.0099,33.846,33.846,386.293,386.293,6913.293
1.01,32.785,32.785,386.285,386.285,6912.478
1.0101,31.543,31.543,386.247,386.247,6911.55
1.0102,30.216,30.216,386.184,386.184,6910.842
1.0103,28.338,28.338,386.067,386.067,6910.107
1.0104,26.854,26.854,385.854,385.854,6909.421
1.0105,25.767,25.767,385.577,385.577,6908.783
1.0106,24.422,24.422,385.263,385.263,6908.188
1.0107,23.024,23.024,384.926,384.926,6907.633
1.0108,20.99,20.99,384.556,384.556,6907.116
1.0109,19.2,19.2,384.125,384.125,6906.634
1.011,17.769,17.769,383.654,383.654,6906.184
1.0111,16.001,16.001,383.152,383.152,6905.725
1.0112,14.41,14.41,382.625,382.625,6905.338
1.0113,12.231,12.231,382.071,382.071,6904.976
1.0114,10.307,10.307,381.476,381.476,6904.639
1.0115,8.477,8.477,380.851,380.851,6904.325
1.0116,6.79,6.79,380.2,380.2,6904.032
1.0117,5.034,5.034,379.531,379.531,6903.759
1.0118,3.129,3.129,378.847,378.847,6903.504
1.0119,1.283,1.283,378.152,378.152,6903.29
1.012,0.333,0.333,377.449,377.449,6903.046
1.0121,0.0,0.0,376.745,376.745,6902.859
1.0122,-2.415,-2.415,376.04,376.04,6902.647
1.0123,-2.575,-2.575,375.339,375.339,6902.485
1.0124,-3.855,-3.855,374.638,374.638,6902.316
1.0125,-5.618,-5.618,373.943,373.943,6902.159
1.0126,-7.372,-7.372,373.258,373.258,6902.013
1.0127,-9.473,-9.473,372.591,372.591,6901.876
1.0128,-11.068,-11.068,371.948,371.948,6901.749
1.0129,-12.75,-12.75,371.32,371.32,6901.63
1.013,-14.979,-14.979,370.714,370.714,6901.519
1.0131,-17.015,-17.015,370.147,370.147,6901.416
1.0132,-19.253,-19.253,369.631,369.631,6901.31
1.0133,-20.694,-20.694,369.174,369.174,6901.221
1.0134,-22.22,-22.22,368.735,368.735,6901.138
1.0135,-24.244,-24.244,368.321,368.321,6901.061
1.0136,-26.413,-26.413,367.961,367.961,6900.988
1.0137,-28.562,-28.562,367.68,367.68,6900.921
1.0138,-30.179,-30.179,367.478,367.478,6900.864
1.0139,-31.63,-31.63,367.316,367.316,6900.8
1.014,-33.576,-33.576,367.188,367.188,6900.75
1.0141,-35.155,-35.155,367.125,367.125,6900.694
1.0142,-37.113,-37.113,367.123,367.123,6900.652
1.0143,-38.772,-38.772,367.204,367.204,6900.607
1.0144,-40.338,-40.338,367.351,367.351,6900.566
1.0145,-42.159,-42.159,367.559,367.559,6900.527
1.0146,-43.49,-43.49,367.848,367.848,6900.491
1.0147,-45.094,-45.094,368.193,368.193,6900.457
1.0148,-46.466,-46.466,368.62,368.62,6900.426
1.0149,-47.951,-47.951,369.114,369.114,6900.397
1.015,-49.58,-49.58,369.687,369.687,6900.37
1.0151,-50.44,-50.44,370.341,370.341,6900.344
1.0152,-51.872,-51.872,371.017,371.017,6900.319
1.0153,-53.137,-53.137,371.761,371.761,6900.297
1.0154,-54.371,-54.371,372.56,372.56,6900.276
1.0155,-55.905,-55.905,373.434,373.434,6900.257
1.0156,-56.471,-56.471,374.386,374.386,6900.24
1.0157,-57.548,-57.548,375.343,375.343,6900.223
1.0158,-58.359,-58.359,376.369,376.369,6900.208
1.0159,-59.068,-59.068,377.432,377.432,6900.195
1.016,-60.075,-60.075,378.566,378.566,6900.181
1.0161,-60.233,-60.233,379.769,379.769,6900.169
1.0162,-60.867,-60.867,380.96,380.96,6900.157
1.0163,-61.32,-61.32,382.198,382.198,6900.147
1.0164,-61.639,-61.639,383.444,383.444,6900.137
1.0165,-62.501,-62.501,384.713,384.713,6900.128
1.0166,-62.012,-62.012,386.042,386.042,6900.119
1.0167,-62.276,-62.276,387.316,387.316,6900.111
1.0168,-62.054,-62.054,388.627,388.627,6900.103
1.0169,-61.761,-61.761,389.911,389.911,6900.096
1.017,-62.411,-62.411,391.174,391.174,6900.09
1.0171,-61.803,-61.803,392.491,392.491,6900.083
1.0172,-61.968,-61.968,393.762,393.762,6900.077
1.0173,-61.598,-61.598,395.068,395.068,6900.072
1.0174,-61.166,-61.166,396.34,396.34,6900.067
1.0175,-61.466,-61.466,397.565,397.565,6900.062
1.0176,-60.258,-60.258,398.825,398.825,6900.058
1.0177,-60.126,-60.126,400.01,400.01,6900.054
1.0178,-59.293,-59.293,401.211,401.211,6900.051
1.0179,-58.394,-58.394,402.352,402.352,6900.047
1.018,-58.176,-58.176,403.417,403.417,6900.044
1.0181,-57.607,-57.607,404.467,404.467,6900.041
1.0182,-57.478,-57.478,405.472,405.472,6900.038
1.0183,-56.574,-56.574,406.486,406.486,6900.036
1.0184,-55.515,-55.515,407.445,407.445,6900.033
1.0185,-55.082,-55.082,408.326,408.326,6900.031
1.0186,-53.795,-53.795,409.19,409.19,6900.029
1.0187,-53.032,-53.032,409.991,409.991,6900.027
1.0188,-51.718,-51.718,410.773,410.773,6900.025
1.0189,-50.272,-50.272,411.492,411.492,6900.024
1.019,-49.453,-49.453,412.133,412.133,6900.022
1.0191,-48.346,-48.346,412.73,412.73,6900.02
1.0192,-47.412,-47.412,413.265,413.265,6900.019
1.0193,-46.133,-46.133,413.753,413.753,6900.018
1.0194,-44.988,-44.988,414.18,414.18,6900.017
1.0195,-43.97,-43.97,414.556,414.556,6900.015
1.0196,-42.071,-42.071,414.89,414.89,6900.014
1.0197,-40.674,-40.674,415.138,415.138,6900.013
1.0198,-38.95,-38.95,415.324,415.324,6900.012
1.0199,-37.516,-37.516,415.448,415.448,6900.012
1.02,-36.333,-36.333,415.536,415.536,6900.011
1.0201,-34.055,-34.055,415.598,415.598,6900.01
1.0202,-32.211,-32.211,415.565,415.565,6900.009
1.0203,-30.54,-30.54,415.455,415.455,6900.009
1.0204,-29.189,-29.189,415.29,415.29,6900.008
1.0205,-28.092,-28.092,415.099,415.099,6900.008
1.0206,-25.863,-25.863,414.892,414.892,6900.007
1.0207,-23.733,-23.733,414.617,414.617,6900.007
1.0208,-22.077,-22.077,414.275,414.275,6900.006
1.0209,-20.363,-20.363,413.892,413.892,6900.006
1.021,-19.182,-19.182,413.47,413.47,6900.005
1.0211,-17.106,-17.106,413.029,413.029,6900.005
1.0212,-15.099,-15.099,412.544,412.544,6900.005
1.0213,-13.414,-13.414,412.018,412.018,6900.004
1.0214,-11.631,-11.631,411.466,411.466,6900.004
1.0215,-9.955,-9.955,410.889,410.889,6900.004
1.0216,-8.08,-8.08,410.295,410.295,6900.004
1.0217,-6.133,-6.133,409.683,409.683,6900.003
1.0218,-4.357,-4.357,409.054,409.054,6900.003
1.0219,-2.541,-2.541,408.415,408.415,6900.003
1.022,-1.817,-1.817,407.767,407.767,6900.003
1.0221,-0.0,-0.0,407.117,407.117,6900.003
1.0222,1.471,1.471,406.464,406.464,6900.002
1.0223,2.566,2.566,405.813,405.813,6900.002
1.0224,3.39,3.39,405.166,405.166,6900.002
1.0225,5.216,5.216,404.524,404.524,6900.002
1.0226,6.946,6.946,403.896,403.896,6900.002
1.0227,8.621,8.621,403.282,403.282,6900.002
1.0228,10.282,10.282,402.681,402.681,6900.002
1.0229,12.103,12.103,402.101,402.101,6900.001
1.023,14.231,14.231,401.546,401.546,6900.001
1.0231,15.809,15.809,401.032,401.032,6900.001
1.0232,17.297,17.297,400.54,400.54,6900.001
1.0233,19.249,19.249,400.061,400.061,6900.001
1.0234,21.267,21.267,399.619,399.619,6900.001
1.0235,23.529,23.529,399.23,399.23,6900.001
1.0236,25.236,25.236,398.919,398.919,6900.001
1.0237,26.37,26.37,398.659,398.659,6900.001
1.0238,27.893,27.893,398.421,398.421,6900.001
1.0239,29.626,29.626,398.224,398.224,6900.001
1.024,31.452,31.452,398.087,398.087,6900.001
1.0241,32.719,32.719,398.023,398.023,6900.001
1.0242,34.225,34.225,398.003,398.003,6900.001
1.0243,35.458,35.458,398.032,398.032,6900.001
1.0244,36.825,36.825,398.103,398.103,6900.001
1.0245,38.277,38.277,398.224,398.224,6900.0
1.0246,39.591,39.591,398.405,398.405,6900.0
1.0247,40.883,40.883,398.644,398.644,6900.0
1.0248,42.152,42.152,398.949,398.949,6900.0
1.0249,43.458,43.458,399.314,399.314,6900.0
1.025,44.572,44.572,399.735,399.735,6900.0
1.0251,45.372,45.372,400.202,400.202,6900.0
1.0252,46.355,46.355,400.715,400.715,6900.0
1.0253,47.352,47.352,401.294,401.294,6900.0
1.0254,48.007,48.007,401.929,401.929,6900.0
1.0255,48.737,48.737,402.588,402.588,6900.0
1.0256,49.366,49.366,403.269,403.269,6900.0
1.0257,50.023,50.023,403.986,403.986,6900.0
1.0258,50.914,50.914,404.746,404.746,6900.0
1.0259,51.283,51.283,405.567,405.567,6900.0
1.026,51.692,51.692,406.4,406.4,6900.0
1.0261,52.093,52.093,407.248,407.248,6900.0
1.0262,52.329,52.329,408.129,408.129,6900.0
1.0263,52.828,52.828,409.027,409.027,6900.0
1.0264,52.943,52.943,409.978,409.978,6900.0
1.0265,52.873,52.873,410.93,410.93,6900.0
1.0266,53.252,53.252,411.874,411.874,6900.0
1.0267,53.392,53.392,412.836,412.836,6900.0
1.0268,53.276,53.276,413.795,413.795,6900.0
1.0269,53.1,53.1,414.767,414.767,6900.0
1.027,52.714,52.714,415.728,415.728,6900.0
1.0271,52.643,52.643,416.672,416.672,6900.0
1.0272,52.371,52.371,417.618,417.618,6900.0
1.0273,52.112,52.112,418.536,418.536,6900.0
1.0274,51.907,51.907,419.455,419.455,6900.0
1.0275,51.331,51.331,420.364,420.364,6900.0
1.0276,50.846,50.846,421.257,421.257,6900.0
1.0277,50.152,50.152,422.136,422.136,6900.0
1.0278,49.526,49.526,422.967,422.967,6900.0
1.0279,49.291,49.291,423.765,423.765,6900.0
1.028,48.685,48.685,424.541,424.541,6900.0
1.0281,47.959,47.959,425.297,425.297,6900.0
1.0282,46.992,46.992,426.019,426.019,6900.0
1.0283,45.877,45.877,426.69,426.69,6900.0
1.0284,44.937,44.937,427.304,427.304,6900.0
1.0285,43.841,43.841,427.879,427.879,6900.0
1.0286,43.141,43.141,428.415,428.415,6900.0
1.0287,42.246,42.246,428.923,428.923,6900.0
1.0288,41.268,41.268,429.385,429.385,6900.0
1.0289,40.284,40.284,429.802,429.802,6900.0
1.029,39.144,39.144,430.177,430.177,6900.0
1.0291,37.837,37.837,430.507,430.507,6900.0
1.0292,36.665,36.665,430.787,430.787,6900.0
1.0293,35.636,35.636,431.016,431.016,6900.0
1.0294,34.39,34.39,431.206,431.206,6900.0
1.0295,33.111,33.111,431.341,431.341,6900.0
1.0296,31.826,31.826,431.416,431.416,6900.0
1.0297,30.796,30.796,431.44,431.44,6900.0
1.0298,29.775,29.775,431.43,431.43,6900.0
1.0299,28.53,28.53,431.396,431.396,6900.0
1.03,27.087,27.087,431.315,431.315,6900.0
1.0301,25.348,25.348,431.171,431.171,6900.0
1.0302,24.276,24.276,430.971,430.971,6900.0
1.0303,23.129,23.129,430.75,430.75,6900.0
1.0304,21.87,21.87,430.514,430.514,6900.0
1.0305,20.073,20.073,430.242,430.242,6900.0
1.0306,18.451,18.451,429.906,429.906,6900.0
1.0307,17.266,17.266,429.525,429.525,6900.0
1.0308,15.989,15.989,429.109,429.109,6900.0
1.0309,14.603,14.603,428.672,428.672,6900.0
1.031,12.797,12.797,428.206,428.206,6900.0
1.0311,11.63,11.63,427.701,427.701,6900.0
1.0312,10.174,10.174,427.174,427.174,6900.0
1.0313,8.972,8.972,426.625,426.625,6900.0
1.0314,7.628,7.628,426.064,426.064,6900.0
1.0315,5.991,5.991,425.487,425.487,6900.0
1.0316,4.698,4.698,424.894,424.894,6900.0
1.0317,3.199,3.199,424.288,424.288,6900.0
1.0318,1.697,1.697,423.671,423.671,6900.0
1.0319,0.504,0.504,423.047,423.047,6900.0
1.032,0.0,0.0,422.42,422.42,6900.0
1.0321,0.0,0.0,421.791,421.791,6900.0
1.0322,-2.218,-2.218,421.161,421.161,6900.0
1.0323,-2.435,-2.435,420.535,420.535,6900.0
1.0324,-3.638,-3.638,419.913,419.913,6900.0
1.0325,-4.658,-4.658,419.297,419.297,6900.0
1.0326,-6.051,-6.051,418.686,418.686,6900.0
1.0327,-7.571,-7.571,418.086,418.086,6900.0
1.0328,-8.684,-8.684,417.5,417.5,6900.0
1.0329,-10.053,-10.053,416.931,416.931,6900.0
1.033,-11.161,-11.161,416.382,416.382,6900.0
1.0331,-12.489,-12.489,415.842,415.842,6900.0
1.0332,-14.087,-14.087,415.322,415.322,6900.0
1.0333,-15.376,-15.376,414.835,414.835,6900.0
1.0334,-16.834,-16.834,414.392,414.392,6900.0
1.0335,-17.491,-17.491,413.994,413.994,6900.0
1.0336,-18.344,-18.344,413.606,413.606,6900.0
1.0337,-19.347,-19.347,413.238,413.238,6900.0
1.0338,-20.595,-20.595,412.9,412.9,6900.0
1.0339,-21.917,-21.917,412.61,412.61,6900.0
1.034,-22.677,-22.677,412.366,412.366,6900.0
1.0341,-23.573,-23.573,412.146,412.146,6900.0
1.0342,-24.539,-24.539,411.952,411.952,6900.0
1.0343,-25.612,-25.612,411.791,411.791,6900.0
1.0344,-26.458,-26.458,411.674,411.674,6900.0
1.0345,-27.236,-27.236,411.597,411.597,6900.0
1.0346,-28.233,-28.233,411.557,411.557,6900.0
1.0347,-28.665,-28.665,411.563,411.563,6900.0
1.0348,-29.706,-29.706,411.591,411.591,6900.0
1.0349,-30.511,-30.511,411.662,411.662,6900.0
1.035,-31.175,-31.175,411.77,411.77,6900.0
1.0351,-31.758,-31.758,411.915,411.915,6900.0
1.0352,-32.147,-32.147,412.099,412.099,6900.0
1.0353,-32.739,-32.739,412.302,412.302,6900.0
1.0354,-33.303,-33.303,412.526,412.526,6900.0
1.0355,-33.697,-33.697,412.782,412.782,6900.0
1.0356,-34.115,-34.115,413.057,413.057,6900.0
1.0357,-34.34,-34.34,413.373,413.373,6900.0
1.0358,-34.447,-34.447,413.705,413.705,6900.0
1.0359,-34.872,-34.872,414.041,414.041,6900.0
1.036,-34.993,-34.993,414.406,414.406,6900.0
1.0361,-35.366,-35.366,414.781,414.781,6900.0
1.0362,-35.57,-35.57,415.192,415.192,6900.0
1.0363,-35.421,-35.421,415.618,415.618,6900.0
1.0364,-35.451,-35.451,416.035,416.035,6900.0
1.0365,-35.263,-35.263,416.465,416.465,6900.0
1.0366,-35.554,-35.554,416.886,416.886,6900.0
1.0367,-35.556,-35.556,417.324,417.324,6900.0
1.0368,-35.563,-35.563,417.763,417.763,6900.0
1.0369,-35.446,-35.446,418.195,418.195,6900.0
1.037,-35.018,-35.018,418.634,418.634,6900.0
1.0371,-34.928,-34.928,419.055,419.055,6900.0
1.0372,-34.839,-34.839,419.472,419.472,6900.0
1.0373,-34.507,-34.507,419.89,419.89,6900.0
1.0374,-34.253,-34.253,420.294,420.294,6900.0
1.0375,-33.515,-33.515,420.701,420.701,6900.0
1.0376,-33.656,-33.656,421.078,421.078,6900.0
1.0377,-33.148,-33.148,421.442,421.442,6900.0
1.0378,-32.891,-32.891,421.785,421.785,6900.0
1.0379,-32.75,-32.75,422.114,422.114,6900.0
1.038,-31.951,-31.951,422.438,422.438,6900.0
1.0381,-31.684,-31.684,422.725,422.725,6900.0
1.0382,-31.102,-31.102,422.983,422.983,6900.0
1.0383,-30.556,-30.556,423.216,423.216,6900.0
1.0384,-29.978,-29.978,423.428,423.428,6900.0
1.0385,-29.236,-29.236,423.623,423.623,6900.0
1.0386,-29.004,-29.004,423.785,423.785,6900.0
1.0387,-28.032,-28.032,423.926,423.926,6900.0
1.0388,-27.358,-27.358,424.027,424.027,6900.0
1.0389,-26.79,-26.79,424.101,424.101,6900.0
1.039,-25.663,-25.663,424.152,424.152,6900.0
1.0391,-25.241,-25.241,424.163,424.163,6900.0
1.0392,-24.291,-24.291,424.148,424.148,6900.0
1.0393,-23.803,-23.803,424.089,424.089,6900.0
1.0394,-23.028,-23.028,424.003,424.003,6900.0
1.0395,-22.171,-22.171,423.88,423.88,6900.0
1.0396,-21.525,-21.525,423.725,423.725,6900.0
1.0397,-20.488,-20.488,423.55,423.55,6900.0
1.0398,-19.741,-19.741,423.341,423.341,6900.0
1.0399,-18.786,-18.786,423.098,423.098,6900.0
1.04,-17.784,-17.784,422.818,422.818,6900.0
1.0401,-17.324,-17.324,422.51,422.51,6900.0
1.0402,-16.442,-16.442,422.193,422.193,6900.0
1.0403,-15.456,-15.456,421.852,421.852,6900.0
1.0404,-14.203,-14.203,421.471,421.471,6900.0
1.0405,-13.23,-13.23,421.045,421.045,6900.0
1.0406,-12.507,-12.507,420.591,420.591,6900.0
1.0407,-11.776,-11.776,420.119,420.119,6900.0
1.0408,-10.718,-10.718,419.633,419.633,6900.0
1.0409,-9.684,-9.684,419.121,419.121,6900.0
1.041,-8.898,-8.898,418.585,418.585,6900.0
1.0411,-8.053,-8.053,418.035,418.035,6900.0
1.0412,-7.058,-7.058,417.471,417.471,6900.0
1.0413,-6.069,-6.069,416.895,416.895,6900.0
1.0414,-5.005,-5.005,416.303,416.303,6900.0
1.0415,-3.996,-3.996,415.696,415.696,6900.0
1.0416,-2.779,-2.779,415.076,415.076,6900.0
1.0417,-1.881,-1.881,414.446,414.446,6900.0
1.0418,-0.801,-0.801,413.81,413.81,6900.0
1.0419,-0.127,-0.127,413.169,413.169,6900.0
1.042,0.0,0.0,412.526,412.526,6900.0
1.0421,-0.0,-0.0,411.882,411.882,6900.0
1.0422,1.49,1.49,411.238,411.238,6900.0
1.0423,2.089,2.089,410.595,410.595,6900.0
1.0424,2.68,2.68,409.955,409.955,6900.0
1.0425,3.837,3.837,409.316,409.316,6900.0
1.0426,5.069,5.069,408.685,408.685,6900.0
1.0427,6.317,6.317,408.062,408.062,6900.0
1.0428,7.275,7.275,407.456,407.456,6900.0
1.0429,7.939,7.939,406.861,406.861,6900.0
1.043,8.985,8.985,406.274,406.274,6900.0
1.0431,10.281,10.281,405.708,405.708,6900.0
1.0432,11.448,11.448,405.168,405.168,6900.0
1.0433,12.355,12.355,404.663,404.663,6900.0
1.0434,12.67,12.67,404.178,404.178,6900.0
1.0435,13.587,13.587,403.696,403.696,6900.0
1.0436,14.722,14.722,403.236,403.236,6900.0
1.0437,15.749,15.749,402.81,402.81,6900.0
1.0438,16.468,16.468,402.426,402.426,6900.0
1.0439,16.669,16.669,402.066,402.066,6900.0
1.044,17.157,17.157,401.709,401.709,6900.0
1.0441,18.398,18.398,401.371,401.371,6900.0
1.0442,19.306,19.306,401.071,401.071,6900.0
1.0443,20.041,20.041,400.808,400.808,6900.0
1.0444,20.756,20.756,400.578,400.578,6900.0
1.0445,21.111,21.111,400.38,400.38,6900.0
1.0446,21.78,21.78,400.206,400.206,6900.0
1.0447,22.212,22.212,400.062,400.062,6900.0
1.0448,23.008,23.008,399.939,399.939,6900.0
1.0449,23.515,23.515,399.856,399.856,6900.0
1.045,23.861,23.861,399.804,399.804,6900.0
1.0451,24.4,24.4,399.775,399.775,6900.0
1.0452,24.584,24.584,399.767,399.767,6900.0
1.0453,25.301,25.301,399.764,399.764,6900.0
1.0454,25.757,25.757,399.795,399.795,6900.0
1.0455,26.196,26.196,399.855,399.855,6900.0
1.0456,26.821,26.821,399.943,399.943,6900.0
1.0457,26.92,26.92,400.054,400.054,6900.0
1.0458,27.509,27.509,400.166,400.166,6900.0
1.0459,27.963,27.963,400.316,400.316,6900.0
1.046,28.268,28.268,400.493,400.493,6900.0
1.0461,28.649,28.649,400.701,400.701,6900.0
1.0462,28.5,28.5,400.923,400.923,6900.0
1.0463,28.821,28.821,401.137,401.137,6900.0
1.0464,28.789,28.789,401.372,401.372,6900.0
1.0465,28.685,28.685,401.606,401.606,6900.0
1.0466,29.114,29.114,401.853,401.853,6900.0
1.0467,28.864,28.864,402.107,402.107,6900.0
1.0468,29.258,29.258,402.346,402.346,6900.0
1.0469,29.253,29.253,402.607,402.607,6900.0
1.047,28.996,28.996,402.859,402.859,6900.0
1.0471,29.389,29.389,403.116,403.116,6900.0
1.0472,28.934,28.934,403.382,403.382,6900.0
1.0473,29.093,29.093,403.636,403.636,6900.0
1.0474,28.868,28.868,403.901,403.901,6900.0
1.0475,28.246,28.246,404.146,404.146,6900.0
1.0476,28.785,28.785,404.374,404.374,6900.0
1.0477,28.289,28.289,404.608,404.608,6900.0
1.0478,28.229,28.229,404.826,404.826,6900.0
1.0479,27.557,27.557,405.037,405.037,6900.0
1.048,26.59,26.59,405.21,405.21,6900.0
1.0481,26.805,26.805,405.346,405.346,6900.0
1.0482,26.377,26.377,405.478,405.478,6900.0
1.0483,26.308,26.308,405.592,405.592,6900.0
1.0484,26.086,26.086,405.702,405.702,6900.0
1.0485,25.156,25.156,405.789,405.789,6900.0
1.0486,25.01,25.01,405.838,405.838,6900.0
1.0487,24.356,24.356,405.873,405.873,6900.0
1.0488,23.986,23.986,405.882,405.882,6900.0
1.0489,23.457,23.457,405.876,405.876,6900.0
1.049,22.608,22.608,405.842,405.842,6900.0
1.0491,22.509,22.509,405.773,405.773,6900.0
1.0492,21.752,21.752,405.685,405.685,6900.0
1.0493,21.241,21.241,405.559,405.559,6900.0
1.0494,20.75,20.75,405.409,405.409,6900.0
1.0495,19.831,19.831,405.237,405.237,6900.0
1.0496,19.562,19.562,405.035,405.035,6900.0
1.0497,18.632,18.632,404.81,404.81,6900.0
1.0498,18.064,18.064,404.539,404.539,6900.0
1.0499,17.644,17.644,404.245,404.245,6900.0
1.05,17.046,17.046,403.935,403.935,6900.0
1.0501,16.328,16.328,403.615,403.615,6900.0
1.0502,15.142,15.142,403.263,403.263,6900.0
1.0503,14.263,14.263,402.86,402.86,6900.0
1.0504,13.564,13.564,402.428,402.428,6900.0
1.0505,12.796,12.796,401.976,401.976,6900.0
1.0506,12.084,12.084,401.514,401.514,6900.0
1.0507,10.832,10.832,401.029,401.029,6900.0
1.0508,9.87,9.87,400.506,400.506,6900.0
1.0509,9.013,9.013,399.962,399.962,6900.0
1.051,8.151,8.151,399.395,399.395,6900.0
1.0511,7.371,7.371,398.817,398.817,6900.0
1.0512,6.178,6.178,398.221,398.221,6900.0
1.0513,5.168,5.168,397.603,397.603,6900.0
1.0514,4.381,4.381,396.971,396.971,6900.0
1.0515,3.371,3.371,396.326,396.326,6900.0
1.0516,2.541,2.541,395.672,395.672,6900.0
1.0517,1.49,1.49,395.011,395.011,6900.0
1.0518,0.496,0.496,394.341,394.341,6900.0
1.0519,0.078,0.078,393.668,393.668,6900.0
1.052,-0.0,-0.0,392.994,392.994,6900.0
1.0521,0.0,0.0,392.318,392.318,6900.0
1.0522,-1.847,-1.847,391.641,391.641,6900.0
1.0523,-2.027,-2.027,390.965,390.965,6900.0
1.0524,-3.04,-3.04,390.291,390.291,6900.0
1.0525,-3.837,-3.837,389.623,389.623,6900.0
1.0526,-4.917,-4.917,388.963,388.963,6900.0
1.0527,-5.777,-5.777,388.313,388.313,6900.0
1.0528,-6.632,-6.632,387.671,387.671,6900.0
1.0529,-7.889,-7.889,387.04,387.04,6900.0
1.053,-8.921,-8.921,386.427,386.427,6900.0
1.0531,-10.333,-10.333,385.839,385.839,6900.0
1.0532,-11.098,-11.098,385.279,385.279,6900.0
1.0533,-11.766,-11.766,384.727,384.727,6900.0
1.0534,-13.001,-13.001,384.188,384.188,6900.0
1.0535,-14.239,-14.239,383.679,383.679,6900.0
1.0536,-15.768,-15.768,383.215,383.215,6900.0
1.0537,-16.633,-16.633,382.797,382.797,6900.0
1.0538,-17.429,-17.429,382.396,382.396,6900.0
1.0539,-18.389,-18.389,382.013,382.013,6900.0
1.054,-19.595,-19.595,381.662,381.662,6900.0
1.0541,-20.997,-20.997,381.354,381.354,6900.0
1.0542,-21.824,-21.824,381.097,381.097,6900.0
1.0543,-22.645,-22.645,380.87,380.87,6900.0
1.0544,-23.693,-23.693,380.676,380.676,6900.0
1.0545,-24.564,-24.564,380.523,380.523,6900.0
1.0546,-25.748,-25.748,380.409,380.409,6900.0
1.0547,-26.771,-26.771,380.346,380.346,6900.0
1.0548,-27.772,-27.772,380.33,380.33,6900.0
1.0549,-28.472,-28.472,380.362,380.362,6900.0
1.055,-29.267,-29.267,380.426,380.426,6900.0
1.0551,-29.893,-29.893,380.522,380.522,6900.0
1.0552,-30.721,-30.721,380.65,380.65,6900.0
1.0553,-31.666,-31.666,380.812,380.812,6900.0
1.0554,-32.468,-32.468,381.03,381.03,6900.0
1.0555,-33.112,-33.112,381.282,381.282,6900.0
1.0556,-33.839,-33.839,381.555,381.555,6900.0
1.0557,-34.534,-34.534,381.864,381.864,6900.0
1.0558,-35.133,-35.133,382.206,382.206,6900.0
1.0559,-35.754,-35.754,382.602,382.602,6900.0
1.056,-36.117,-36.117,383.033,383.033,6900.0
1.0561,-36.352,-36.352,383.472,383.472,6900.0
1.0562,-36.779,-36.779,383.935,383.935,6900.0
1.0563,-37.173,-37.173,384.412,384.412,6900.0
1.0564,-37.742,-37.742,384.922,384.922,6900.0
1.0565,-37.695,-37.695,385.459,385.459,6900.0
1.0566,-37.936,-37.936,385.98,385.98,6900.0
1.0567,-38.1,-38.1,386.519,386.519,6900.0
1.0568,-38.255,-38.255,387.055,387.055,6900.0
1.0569,-38.518,-38.518,387.601,387.601,6900.0
1.057,-38.443,-38.443,388.166,388.166,6900.0
1.0571,-38.54,-38.54,388.72,388.72,6900.0
1.0572,-38.523,-38.523,389.294,389.294,6900.0
1.0573,-38.293,-38.293,389.859,389.859,6900.0
1.0574,-38.287,-38.287,390.41,390.41,6900.0
1.0575,-38.044,-38.044,390.966,390.966,6900.0
1.0576,-37.993,-37.993,391.503,391.503,6900.0
1.0577,-37.859,-37.859,392.043,392.043,6900.0
1.0578,-37.358,-37.358,392.564,392.564,6900.0
1.0579,-37.158,-37.158,393.042,393.042,6900.0
1.058,-36.701,-36.701,393.508,393.508,6900.0
1.0581,-36.602,-36.602,393.944,393.944,6900.0
1.0582,-36.202,-36.202,394.38,394.38,6900.0
1.0583,-35.668,-35.668,394.787,394.787,6900.0
1.0584,-35.302,-35.302,395.154,395.154,6900.0
1.0585,-34.838,-34.838,395.501,395.501,6900.0
1.0586,-34.347,-34.347,395.825,395.825,6900.0
1.0587,-33.84,-33.84,396.13,396.13,6900.0
1.0588,-33.175,-33.175,396.404,396.404,6900.0
1.0589,-32.501,-32.501,396.64,396.64,6900.0
1.059,-31.798,-31.798,396.839,396.839,6900.0
1.0591,-31.024,-31.024,397.001,397.001,6900.0
1.0592,-30.286,-30.286,397.125,397.125,6900.0
1.0593,-29.498,-29.498,397.214,397.214,6900.0
1.0594,-28.773,-28.773,397.266,397.266,6900.0
1.0595,-27.935,-27.935,397.28,397.28,6900.0
1.0596,-26.959,-26.959,397.249,397.249,6900.0
1.0597,-26.198,-26.198,397.168,397.168,6900.0
1.0598,-25.45,-25.45,397.056,397.056,6900.0
1.0599,-24.594,-24.594,396.922,396.922,6900.0
1.06,-23.391,-23.391,396.76,396.76,6900.0
1.0601,-21.977,-21.977,396.543,396.543,6900.0
1.0602,-21.022,-21.022,396.267,396.267,6900.0
1.0603,-20.376,-20.376,395.961,395.961,6900.0
1.0604,-19.74,-19.74,395.643,395.643,6900.0
1.0605,-18.471,-18.471,395.311,395.311,6900.0
1.0606,-16.638,-16.638,394.93,394.93,6900.0
1.0607,-15.586,-15.586,394.491,394.491,6900.0
1.0608,-14.422,-14.422,394.019,394.019,6900.0
1.0609,-13.61,-13.61,393.519,393.519,6900.0
1.061,-12.396,-12.396,393.0,393.0,6900.0
1.0611,-10.881,-10.881,392.45,392.45,6900.0
1.0612,-9.787,-9.787,391.868,391.868,6900.0
1.0613,-8.506,-8.506,391.268,391.268,6900.0
1.0614,-7.354,-7.354,390.65,390.65,6900.0
1.0615,-6.028,-6.028,390.019,390.019,6900.0
1.0616,-4.8,-4.8,389.372,389.372,6900.0
1.0617,-3.559,-3.559,388.711,388.711,6900.0
1.0618,-2.13,-2.13,388.04,388.04,6900.0
1.0619,-0.945,-0.945,387.36,387.36,6900.0
1.062,-0.865,-0.865,386.675,386.675,6900.0
1.0621,0.136,0.136,385.988,385.988,6900.0
1.0622,1.833,1.833,385.3,385.3,6900.0
1.0623,1.768,1.768,384.614,384.614,6900.0
1.0624,3.065,3.065,383.93,383.93,6900.0
1.0625,4.084,4.084,383.254,383.254,6900.0
1.0626,5.128,5.128,382.584,382.584,6900.0
1.0627,6.642,6.642,381.921,381.921,6900.0
1.0628,8.066,8.066,381.273,381.273,6900.0
1.0629,9.698,9.698,380.642,380.642,6900.0
1.063,11.255,11.255,380.037,380.037,6900.0
1.0631,12.206,12.206,379.452,379.452,6900.0
1.0632,13.774,13.774,378.877,378.877,6900.0
1.0633,15.557,15.557,378.334,378.334,6900.0
1.0634,17.304,17.304,377.835,377.835,6900.0
1.0635,18.663,18.663,377.398,377.398,6900.0
1.0636,19.386,19.386,376.996,376.996,6900.0
1.0637,20.784,20.784,376.604,376.604,6900.0
1.0638,22.359,22.359,376.246,376.246,6900.0
1.0639,24.202,24.202,375.941,375.941,6900.0
1.064,25.455,25.455,375.706,375.706,6900.0
1.0641,26.481,26.481,375.518,375.518,6900.0
1.0642,27.716,27.716,375.358,375.358,6900.0
1.0643,29.044,29.044,375.241,375.241,6900.0
1.0644,30.282,30.282,375.175,375.175,6900.0
1.0645,31.643,31.643,375.164,375.164,6900.0
1.0646,32.682,32.682,375.214,375.214,6900.0
1.0647,33.864,33.864,375.316,375.316,6900.0
1.0648,34.949,34.949,375.472,375.472,6900.0
1.0649,35.97,35.97,375.675,375.675,6900.0
1.065,37.233,37.233,375.917,375.917,6900.0
1.0651,38.224,38.224,376.217,376.217,6900.0
1.0652,39.389,39.389,376.573,376.573,6900.0
1.0653,40.14,40.14,376.992,376.992,6900.0
1.0654,40.786,40.786,377.441,377.441,6900.0
1.0655,41.886,41.886,377.909,377.909,6900.0
1.0656,42.364,42.364,378.437,378.437,6900.0
1.0657,43.362,43.362,379.003,379.003,6900.0
1.0658,43.855,43.855,379.638,379.638,6900.0
1.0659,44.029,44.029,380.292,380.292,6900.0
1.066,44.945,44.945,380.948,380.948,6900.0
1.0661,45.475,45.475,381.655,381.655,6900.0
1.0662,46.363,46.363,382.386,382.386,6900.0
1.0663,46.699,46.699,383.182,383.182,6900.0
1.0664,46.822,46.822,383.983,383.983,6900.0
1.0665,47.494,47.494,384.78,384.78,6900.0
1.0666,47.353,47.353,385.614,385.614,6900.0
1.0667,47.744,47.744,386.432,386.432,6900.0
1.0668,47.847,47.847,387.293,387.293,6900.0
1.0669,47.666,47.666,388.152,388.152,6900.0
1.067,48.005,48.005,389.002,389.002,6900.0
1.0671,47.975,47.975,389.87,389.87,6900.0
1.0672,48.118,48.118,390.718,390.718,6900.0
1.0673,47.937,47.937,391.592,391.592,6900.0
1.0674,47.338,47.338,392.449,392.449,6900.0
1.0675,47.388,47.388,393.282,393.282,6900.0
1.0676,46.863,46.863,394.118,394.118,6900.0
1.0677,46.614,46.614,394.907,394.907,6900.0
1.0678,46.301,46.301,395.683,395.683,6900.0
1.0679,45.978,45.978,396.429,396.429,6900.0
1.068,45.944,45.944,397.16,397.16,6900.0
1.0681,45.307,45.307,397.885,397.885,6900.0
1.0682,44.804,44.804,398.562,398.562,6900.0
1.0683,44.545,44.545,399.205,399.205,6900.0
1.0684,43.983,43.983,399.825,399.825,6900.0
1.0685,43.513,43.513,400.423,400.423,6900.0
1.0686,42.437,42.437,401.001,401.001,6900.0
1.0687,41.673,41.673,401.521,401.521,6900.0
1.0688,40.754,40.754,401.997,401.997,6900.0
1.0689,39.959,39.959,402.425,402.425,6900.0
1.069,39.235,39.235,402.815,402.815,6900.0
1.0691,38.11,38.11,403.17,403.17,6900.0
1.0692,37.26,37.26,403.472,403.472,6900.0
1.0693,36.283,36.283,403.731,403.731,6900.0
1.0694,35.269,35.269,403.939,403.939,6900.0
1.0695,34.428,34.428,404.089,404.089,6900.0
1.0696,33.224,33.224,404.198,404.198,6900.0
1.0697,32.253,32.253,404.265,404.265,6900.0
1.0698,31.191,31.191,404.303,404.303,6900.0
1.0699,30.015,30.015,404.291,404.291,6900.0
1.07,28.975,28.975,404.216,404.216,6900.0
1.0701,27.553,27.553,404.099,404.099,6900.0
1.0702,26.58,26.58,403.944,403.944,6900.0
1.0703,25.423,25.423,403.773,403.773,6900.0
1.0704,23.675,23.675,403.558,403.558,6900.0
1.0705,22.372,22.372,403.264,403.264,6900.0
1.0706,21.074,21.074,402.921,402.921,6900.0
1.0707,19.973,19.973,402.541,402.541,6900.0
1.0708,18.823,18.823,402.141,402.141,6900.0
1.0709,17.179,17.179,401.713,401.713,6900.0
1.071,15.667,15.667,401.238,401.238,6900.0
1.0711,14.204,14.204,400.735,400.735,6900.0
1.0712,12.737,12.737,400.204,400.204,6900.0
1.0713,11.171,11.171,399.656,399.656,6900.0
1.0714,9.264,9.264,399.085,399.085,6900.0
1.0715,7.518,7.518,398.483,398.483,6900.0
1.0716,6.191,6.191,397.86,397.86,6900.0
1.0717,4.672,4.672,397.22,397.22,6900.0
1.0718,3.057,3.057,396.567,396.567,6900.0
1.0719,1.327,1.327,395.903,395.903,6900.0
1.072,0.755,0.755,395.233,395.233,6900.0
1.0721,0.0,0.0,394.561,394.561,6900.0
1.0722,-1.994,-1.994,393.888,393.888,6900.0
1.0723,-1.944,-1.944,393.218,393.218,6900.0
1.0724,-2.981,-2.981,392.549,392.549,6900.0
1.0725,-4.338,-4.338,391.883,391.883,6900.0
1.0726,-6.142,-6.142,391.225,391.225,6900.0
1.0727,-7.591,-7.591,390.579,390.579,6900.0
1.0728,-9.152,-9.152,389.952,389.952,6900.0
1.0729,-10.416,-10.416,389.344,389.344,6900.0
1.073,-12.028,-12.028,388.748,388.748,6900.0
1.0731,-13.915,-13.915,388.176,388.176,6900.0
1.0732,-15.533,-15.533,387.638,387.638,6900.0
1.0733,-17.315,-17.315,387.148,387.148,6900.0
1.0734,-18.332,-18.332,386.707,386.707,6900.0
1.0735,-19.621,-19.621,386.279,386.279,6900.0
1.0736,-21.401,-21.401,385.873,385.873,6900.0
1.0737,-23.174,-23.174,385.515,385.515,6900.0
1.0738,-24.945,-24.945,385.221,385.221,6900.0
1.0739,-26.245,-26.245,384.988,384.988,6900.0
1.074,-27.432,-27.432,384.788,384.788,6900.0
1.0741,-28.719,-28.719,384.617,384.617,6900.0
1.0742,-30.254,-30.254,384.49,384.49,6900.0
1.0743,-31.971,-31.971,384.42,384.42,6900.0
1.0744,-33.314,-33.314,384.418,384.418,6900.0
1.0745,-34.585,-34.585,384.473,384.473,6900.0
1.0746,-35.808,-35.808,384.584,384.584,6900.0
1.0747,-36.97,-36.97,384.75,384.75,6900.0
1.0748,-38.104,-38.104,384.97,384.97,6900.0
1.0749,-39.267,-39.267,385.241,385.241,6900.0
1.075,-40.67,-40.67,385.568,385.568,6900.0
1.0751,-41.568,-41.568,385.967,385.967,6900.0
1.0752,-42.465,-42.465,386.408,386.408,6900.0
1.0753,-43.209,-43.209,386.881,386.881,6900.0
1.0754,-44.155,-44.155,387.389,387.389,6900.0
1.0755,-45.361,-45.361,387.938,387.938,6900.0
1.0756,-45.944,-45.944,388.565,388.565,6900.0
1.0757,-46.629,-46.629,389.224,389.224,6900.0
1.0758,-47.106,-47.106,389.907,389.907,6900.0
1.0759,-47.622,-47.622,390.623,390.623,6900.0
1.076,-48.526,-48.526,391.363,391.363,6900.0
1.0761,-48.905,-48.905,392.178,392.178,6900.0
1.0762,-49.327,-49.327,393.019,393.019,6900.0
1.0763,-49.573,-49.573,393.866,393.866,6900.0
1.0764,-49.871,-49.871,394.734,394.734,6900.0
1.0765,-50.273,-50.273,395.604,395.604,6900.0
1.0766,-50.388,-50.388,396.507,396.507,6900.0
1.0767,-50.437,-50.437,397.419,397.419,6900.0
1.0768,-50.449,-50.449,398.32,398.32,6900.0
1.0769,-50.444,-50.444,399.231,399.231,6900.0
1.077,-50.398,-50.398,400.133,400.133,6900.0
1.0771,-50.273,-50.273,401.039,401.039,6900.0
1.0772,-50.085,-50.085,401.951,401.951,6900.0
1.0773,-50.046,-50.046,402.848,402.848,6900.0
1.0774,-49.726,-49.726,403.759,403.759,6900.0
1.0775,-49.507,-49.507,404.645,404.645,6900.0
1.0776,-49.106,-49.106,405.506,405.506,6900.0
1.0777,-48.598,-48.598,406.355,406.355,6900.0
1.0778,-48.289,-48.289,407.166,407.166,6900.0
1.0779,-47.82,-47.82,407.968,407.968,6900.0
1.078,-47.321,-47.321,408.734,408.734,6900.0
1.0781,-46.471,-46.471,409.457,409.457,6900.0
1.0782,-45.905,-45.905,410.146,410.146,6900.0
1.0783,-45.485,-45.485,410.804,410.804,6900.0
1.0784,-44.924,-44.924,411.449,411.449,6900.0
1.0785,-44.088,-44.088,412.063,412.063,6900.0
1.0786,-42.998,-42.998,412.628,412.628,6900.0
1.0787,-42.169,-42.169,413.146,413.146,6900.0
1.0788,-41.451,-41.451,413.624,413.624,6900.0
1.0789,-40.585,-40.585,414.07,414.07,6900.0
1.079,-39.755,-39.755,414.471,414.471,6900.0
1.0791,-38.557,-38.557,414.828,414.828,6900.0
1.0792,-37.596,-37.596,415.128,415.128,6900.0
1.0793,-36.41,-36.41,415.384,415.384,6900.0
1.0794,-35.127,-35.127,415.588,415.588,6900.0
1.0795,-34.112,-34.112,415.741,415.741,6900.0
1.0796,-32.902,-32.902,415.859,415.859,6900.0
1.0797,-31.595,-31.595,415.932,415.932,6900.0
1.0798,-30.106,-30.106,415.948,415.948,6900.0
1.0799,-28.905,-28.905,415.899,415.899,6900.0
1.08,-28.07,-28.07,415.809,415.809,6900.0
1.0801,-26.873,-26.873,415.698,415.698,6900.0
1.0802,-25.414,-25.414,415.556,415.556,6900.0
1.0803,-23.678,-23.678,415.352,415.352,6900.0
1.0804,-22.649,-22.649,415.077,415.077,6900.0
1.0805,-21.593,-21.593,414.768,414.768,6900.0
1.0806,-20.407,-20.407,414.439,414.439,6900.0
1.0807,-18.809,-18.809,414.09,414.09,6900.0
1.0808,-17.159,-17.159,413.696,413.696,6900.0
1.0809,-15.971,-15.971,413.256,413.256,6900.0
1.081,-14.53,-14.53,412.787,412.787,6900.0
1.0811,-13.477,-13.477,412.292,412.292,6900.0
1.0812,-11.997,-11.997,411.779,411.779,6900.0
1.0813,-10.388,-10.388,411.236,411.236,6900.0
1.0814,-8.863,-8.863,410.663,410.663,6900.0
1.0815,-7.237,-7.237,410.07,410.07,6900.0
1.0816,-5.751,-5.751,409.458,409.458,6900.0
1.0817,-4.185,-4.185,408.833,408.833,6900.0
1.0818,-2.998,-2.998,408.196,408.196,6900.0
1.0819,-1.589,-1.589,407.551,407.551,6900.0
1.082,-1.346,-1.346,406.901,406.901,6900.0
1.0821,-0.0,-0.0,406.248,406.248,6900.0
1.0822,1.052,1.052,405.594,405.594,6900.0
1.0823,2.031,2.031,404.942,404.942,6900.0
1.0824,2.985,2.985,404.29,404.29,6900.0
1.0825,4.119,4.119,403.644,403.644,6900.0
1.0826,5.428,5.428,403.006,403.006,6900.0
1.0827,6.69,6.69,402.382,402.382,6900.0
1.0828,8.067,8.067,401.769,401.769,6900.0
1.0829,9.727,9.727,401.168,401.168,6900.0
1.083,11.338,11.338,400.59,400.59,6900.0
1.0831,12.95,12.95,400.038,400.038,6900.0
1.0832,14.385,14.385,399.522,399.522,6900.0
1.0833,15.502,15.502,399.031,399.031,6900.0
1.0834,16.997,16.997,398.55,398.55,6900.0
1.0835,18.684,18.684,398.102,398.102,6900.0
1.0836,20.672,20.672,397.702,397.702,6900.0
1.0837,22.029,22.029,397.372,397.372,6900.0
1.0838,22.91,22.91,397.083,397.083,6900.0
1.0839,24.124,24.124,396.809,396.809,6900.0
1.084,25.334,25.334,396.569,396.569,6900.0
1.0841,26.771,26.771,396.374,396.374,6900.0
1.0842,27.878,27.878,396.236,396.236,6900.0
1.0843,29.072,29.072,396.139,396.139,6900.0
1.0844,30.134,30.134,396.082,396.082,6900.0
1.0845,31.274,31.274,396.064,396.064,6900.0
1.0846,32.325,32.325,396.094,396.094,6900.0
1.0847,33.356,33.356,396.172,396.172,6900.0
1.0848,34.18,34.18,396.304,396.304,6900.0
1.0849,35.032,35.032,396.488,396.488,6900.0
1.085,35.765,35.765,396.716,396.716,6900.0
1.0851,36.703,36.703,396.976,396.976,6900.0
1.0852,37.638,37.638,397.271,397.271,6900.0
1.0853,38.312,38.312,397.611,397.611,6900.0
1.0854,39.127,39.127,397.993,397.993,6900.0
1.0855,39.823,39.823,398.419,398.419,6900.0
1.0856,40.571,40.571,398.868,398.868,6900.0
1.0857,41.324,41.324,399.342,399.342,6900.0
1.0858,41.805,41.805,399.857,399.857,6900.0
1.0859,42.341,42.341,400.411,400.411,6900.0
1.086,42.737,42.737,401.012,401.012,6900.0
1.0861,42.836,42.836,401.635,401.635,6900.0
1.0862,43.3,43.3,402.262,402.262,6900.0
1.0863,43.447,43.447,402.92,402.92,6900.0
1.0864,43.694,43.694,403.587,403.587,6900.0
1.0865,43.664,43.664,404.286,404.286,6900.0
1.0866,43.752,43.752,404.976,404.976,6900.0
1.0867,44.082,44.082,405.659,405.659,6900.0
1.0868,44.053,44.053,406.357,406.357,6900.0
1.0869,44.142,44.142,407.042,407.042,6900.0
1.087,44.109,44.109,407.747,407.747,6900.0
1.0871,43.988,43.988,408.447,408.447,6900.0
1.0872,43.877,43.877,409.148,409.148,6900.0
1.0873,43.549,43.549,409.854,409.854,6900.0
1.0874,43.138,43.138,410.536,410.536,6900.0
1.0875,42.986,42.986,411.212,411.212,6900.0
1.0876,42.429,42.429,411.877,411.877,6900.0
1.0877,42.185,42.185,412.523,412.523,6900.0
1.0878,41.753,41.753,413.154,413.154,6900.0
1.0879,41.131,41.131,413.749,413.749,6900.0
1.088,40.827,40.827,414.308,414.308,6900.0
1.0881,40.089,40.089,414.844,414.844,6900.0
1.0882,39.61,39.61,415.354,415.354,6900.0
1.0883,38.992,38.992,415.841,415.841,6900.0
1.0884,38.177,38.177,416.289,416.289,6900.0
1.0885,37.553,37.553,416.696,416.696,6900.0
1.0886,36.808,36.808,417.075,417.075,6900.0
1.0887,36.282,36.282,417.428,417.428,6900.0
1.0888,35.326,35.326,417.757,417.757,6900.0
1.0889,34.303,34.303,418.044,418.044,6900.0
1.089,33.385,33.385,418.283,418.283,6900.0
1.0891,32.488,32.488,418.481,418.481,6900.0
1.0892,31.561,31.561,418.638,418.638,6900.0
1.0893,30.63,30.63,418.753,418.753,6900.0
1.0894,29.729,29.729,418.831,418.831,6900.0
1.0895,28.51,28.51,418.873,418.873,6900.0
1.0896,27.563,27.563,418.864,418.864,6900.0
1.0897,26.686,26.686,418.804,418.804,6900.0
1.0898,25.854,25.854,418.706,418.706,6900.0
1.0899,25.076,25.076,418.581,418.581,6900.0
1.09,23.93,23.93,418.438,418.438,6900.0
1.0901,22.463,22.463,418.252,418.252,6900.0
1.0902,21.196,21.196,418.006,418.006,6900.0
1.0903,20.296,20.296,417.717,417.717,6900.0
1.0904,19.471,19.471,417.408,417.408,6900.0
1.0905,18.337,18.337,417.088,417.088,6900.0
1.0906,16.59,16.59,416.736,416.736,6900.0
1.0907,15.171,15.171,416.327,416.327,6900.0
1.0908,14.054,14.054,415.879,415.879,6900.0
1.0909,13.078,13.078,415.401,415.401,6900.0
1.091,11.899,11.899,414.905,414.905,6900.0
1.0911,10.677,10.677,414.383,414.383,6900.0
1.0912,9.415,9.415,413.831,413.831,6900.0
1.0913,8.336,8.336,413.259,413.259,6900.0
1.0914,7.051,7.051,412.671,412.671,6900.0
1.0915,5.772,5.772,412.07,412.07,6900.0
1.0916,4.207,4.207,411.456,411.456,6900.0
1.0917,2.694,2.694,410.829,410.829,6900.0
1.0918,1.695,1.695,410.191,410.191,6900.0
1.0919,0.696,0.696,409.547,409.547,6900.0
1.092,0.88,0.88,408.898,408.898,6900.0
1.0921,-0.054,-0.054,408.249,408.249,6900.0
1.0922,-0.897,-0.897,407.598,407.598,6900.0
1.0923,-2.547,-2.547,406.949,406.949,6900.0
1.0924,-3.166,-3.166,406.304,406.304,6900.0
1.0925,-4.446,-4.446,405.665,405.665,6900.0
1.0926,-5.241,-5.241,405.036,405.036,6900.0
1.0927,-6.418,-6.418,404.411,404.411,6900.0
1.0928,-7.709,-7.709,403.798,403.798,6900.0
1.0929,-8.922,-8.922,403.198,403.198,6900.0
1.093,-10.321,-10.321,402.62,402.62,6900.0
1.0931,-11.526,-11.526,402.063,402.063,6900.0
1.0932,-12.482,-12.482,401.518,401.518,6900.0
1.0933,-14.01,-14.01,400.989,400.989,6900.0
1.0934,-15.396,-15.396,400.495,400.495,6900.0
1.0935,-16.878,-16.878,400.047,400.047,6900.0
1.0936,-17.645,-17.645,399.648,399.648,6900.0
1.0937,-18.545,-18.545,399.262,399.262,6900.0
1.0938,-19.747,-19.747,398.895,398.895,6900.0
1.0939,-21.053,-21.053,398.566,398.566,6900.0
1.094,-22.263,-22.263,398.287,398.287,6900.0
1.0941,-23.246,-23.246,398.053,398.053,6900.0
1.0942,-24.043,-24.043,397.849,397.849,6900.0
1.0943,-25.128,-25.128,397.67,397.67,6900.0
1.0944,-26.157,-26.157,397.53,397.53,6900.0
1.0945,-26.979,-26.979,397.434,397.434,6900.0
1.0946,-28.076,-28.076,397.377,397.377,6900.0
1.0947,-29.093,-29.093,397.368,397.368,6900.0
1.0948,-29.901,-29.901,397.404,397.404,6900.0
1.0949,-30.655,-30.655,397.482,397.482,6900.0
1.095,-31.17,-31.17,397.593,397.593,6900.0
1.0951,-32.213,-32.213,397.733,397.733,6900.0
1.0952,-32.994,-32.994,397.918,397.918,6900.0
1.0953,-33.736,-33.736,398.149,398.149,6900.0
1.0954,-34.085,-34.085,398.417,398.417,6900.0
1.0955,-34.407,-34.407,398.697,398.697,6900.0
1.0956,-35.215,-35.215,398.999,398.999,6900.0
1.0957,-35.899,-35.899,399.333,399.333,6900.0
1.0958,-36.41,-36.41,399.717,399.717,6900.0
1.0959,-36.708,-36.708,400.131,400.131,6900.0
1.096,-36.753,-36.753,400.553,400.553,6900.0
1.0961,-37.313,-37.313,400.99,400.99,6900.0
1.0962,-37.497,-37.497,401.451,401.451,6900.0
1.0963,-37.941,-37.941,401.94,401.94,6900.0
1.0964,-37.96,-37.96,402.457,402.457,6900.0
1.0965,-38.129,-38.129,402.965,402.965,6900.0
1.0966,-38.332,-38.332,403.488,403.488,6900.0
1.0967,-38.263,-38.263,404.013,404.013,6900.0
1.0968,-38.353,-38.353,404.545,404.545,6900.0
1.0969,-37.964,-37.964,405.087,405.087,6900.0
1.097,-37.661,-37.661,405.606,405.606,6900.0
1.0971,-37.956,-37.956,406.127,406.127,6900.0
1.0972,-37.67,-37.67,406.649,406.649,6900.0
1.0973,-37.938,-37.938,407.154,407.154,6900.0
1.0974,-37.658,-37.658,407.681,407.681,6900.0
1.0975,-37.354,-37.354,408.188,408.188,6900.0
1.0976,-36.994,-36.994,408.696,408.696,6900.0
1.0977,-36.374,-36.374,409.182,409.182,6900.0
1.0978,-36.081,-36.081,409.628,409.628,6900.0
1.0979,-35.654,-35.654,410.062,410.062,6900.0
1.098,-35.285,-35.285,410.47,410.47,6900.0
1.0981,-34.908,-34.908,410.867,410.867,6900.0
1.0982,-34.33,-34.33,411.238,411.238,6900.0
1.0983,-33.91,-33.91,411.565,411.565,6900.0
1.0984,-33.506,-33.506,411.875,411.875,6900.0
1.0985,-33.059,-33.059,412.163,412.163,6900.0
1.0986,-32.684,-32.684,412.435,412.435,6900.0
1.0987,-31.867,-31.867,412.683,412.683,6900.0
1.0988,-31.084,-31.084,412.889,412.889,6900.0
1.0989,-30.459,-30.459,413.061,413.061,6900.0
1.099,-29.482,-29.482,413.205,413.205,6900.0
1.0991,-28.959,-28.959,413.308,413.308,6900.0
1.0992,-28.161,-28.161,413.384,413.384,6900.0
1.0993,-27.361,-27.361,413.422,413.422,6900.0
1.0994,-26.438,-26.438,413.424,413.424,6900.0
1.0995,-25.39,-25.39,413.383,413.383,6900.0
1.0996,-24.581,-24.581,413.295,413.295,6900.0
1.0997,-23.666,-23.666,413.177,413.177,6900.0
1.0998,-23.066,-23.066,413.029,413.029,6900.0
1.0999,-22.026,-22.026,412.858,412.858,6900.0
1.1,-20.751,-20.751,412.641,412.641,6900.0
1.1001,-20.055,-20.055,412.376,412.376,6900.0
1.1002,-19.247,-19.247,412.086,412.086,6900.0
1.1003,-18.514,-18.514,411.78,411.78,6900.0
1.1004,-17.217,-17.217,411.458,411.458,6900.0
1.1005,-15.558,-15.558,411.085,411.085,6900.0
1.1006,-15.001,-15.001,410.657,410.657,6900.0
1.1007,-14.104,-14.104,410.207,410.207,6900.0
1.1008,-13.433,-13.433,409.734,409.734,6900.0
1.1009,-12.175,-12.175,409.248,409.248,6900.0
1.101,-10.558,-10.558,408.731,408.731,6900.0
1.1011,-9.974,-9.974,408.182,408.182,6900.0
1.1012,-8.859,-8.859,407.62,407.62,6900.0
1.1013,-7.973,-7.973,407.042,407.042,6900.0
1.1014,-6.701,-6.701,406.453,406.453,6900.0
1.1015,-5.201,-5.201,405.845,405.845,6900.0
1.1016,-3.991,-3.991,405.219,405.219,6900.0
1.1017,-2.612,-2.612,404.581,404.581,6900.0
1.1018,-1.711,-1.711,403.932,403.932,6900.0
1.1019,-0.747,-0.747,403.277,403.277,6900.0
1.102,-0.0,-0.0,402.62,402.62,6900.0
1.1021,-0.0,-0.0,401.96,401.96,6900.0
1.1022,1.381,1.381,401.299,401.299,6900.0
1.1023,2.01,2.01,400.639,400.639,6900.0
1.1024,2.588,2.588,399.983,399.983,6900.0
1.1025,3.582,3.582,399.33,399.33,6900.0
1.1026,4.715,4.715,398.681,398.681,6900.0
1.1027,5.887,5.887,398.041,398.041,6900.0
1.1028,7.376,7.376,397.412,397.412,6900.0
1.1029,8.406,8.406,396.803,396.803,6900.0
1.103,9.428,9.428,396.207,396.207,6900.0
1.1031,10.755,10.755,395.621,395.621,6900.0
1.1032,12.122,12.122,395.062,395.062,6900.0
1.1033,13.595,13.595,394.534,394.534,6900.0
1.1034,14.637,14.637,394.053,394.053,6900.0
1.1035,15.369,15.369,393.595,393.595,6900.0
1.1036,16.448,16.448,393.148,393.148,6900.0
1.1037,17.61,17.61,392.726,392.726,6900.0
1.1038,19.346,18.985,392.345,392.345,6900.0
1.1039,20.026,20.026,392.017,392.017,6900.0
1.104,20.772,20.772,391.722,391.722,6900.0
1.1041,21.94,21.94,391.441,391.441,6900.0
1.1042,23.014,23.014,391.191,391.191,6900.0
1.1043,23.998,23.998,390.982,390.982,6900.0
1.1044,24.931,24.931,390.819,390.819,6900.0
1.1045,25.853,25.853,390.697,390.697,6900.0
1.1046,26.695,26.695,390.617,390.617,6900.0
1.1047,27.381,27.381,390.577,390.577,6900.0
1.1048,28.186,28.186,390.572,390.572,6900.0
1.1049,29.239,29.239,390.604,390.604,6900.0
1.105,29.836,29.836,390.686,390.686,6900.0
1.1051,30.754,30.754,390.805,390.805,6900.0
1.1052,31.318,31.318,390.967,390.967,6900.0
1.1053,31.895,31.895,391.15,391.15,6900.0
1.1054,32.749,32.749,391.35,391.35,6900.0
1.1055,33.262,33.262,391.59,391.59,6900.0
1.1056,34.25,34.25,391.865,391.865,6900.0
1.1057,34.753,34.753,392.19,392.19,6900.0
1.1058,35.238,35.238,392.535,392.535,6900.0
1.1059,35.837,35.837,392.901,392.901,6900.0
1.106,36.158,36.158,393.304,393.304,6900.0
1.1061,36.748,36.748,393.735,393.735,6900.0
1.1062,36.939,36.939,394.212,394.212,6900.0
1.1063,36.987,36.987,394.697,394.697,6900.0
1.1064,37.211,37.211,395.185,395.185,6900.0
1.1065,37.151,37.151,395.688,395.688,6900.0
1.1066,37.641,37.641,396.182,396.182,6900.0
1.1067,37.626,37.626,396.706,396.706,6900.0
1.1068,37.67,37.67,397.22,397.22,6900.0
1.1069,38.192,38.192,397.731,397.731,6900.0
1.107,38.131,38.131,398.264,398.264,6900.0
1.1071,38.106,38.106,398.786,398.786,6900.0
1.1072,38.062,38.062,399.324,399.324,6900.0
1.1073,37.867,37.867,399.856,399.856,6900.0
1.1074,38.011,38.011,400.39,400.39,6900.0
1.1075,37.584,37.584,400.935,400.935,6900.0
1.1076,37.393,37.393,401.449,401.449,6900.0
1.1077,37.174,37.174,401.957,401.957,6900.0
1.1078,36.973,36.829,402.444,402.444,6900.0
1.1079,36.678,36.678,402.915,402.915,6900.0
1.108,36.13,36.13,403.371,403.371,6900.0
1.1081,35.431,35.431,403.786,403.786,6900.0
1.1082,35.094,35.094,404.163,404.163,6900.0
1.1083,34.715,34.715,404.516,404.516,6900.0
1.1084,34.356,34.356,404.858,404.858,6900.0
1.1085,33.587,33.587,405.184,405.184,6900.0
1.1086,32.956,32.956,405.472,405.472,6900.0
1.1087,32.288,32.288,405.726,405.726,6900.0
1.1088,31.637,31.637,405.948,405.948,6900.0
1.1089,31.139,31.139,406.147,406.147,6900.0
1.109,30.369,30.369,406.319,406.319,6900.0
1.1091,29.692,29.692,406.452,406.452,6900.0
1.1092,28.773,28.773,406.547,406.547,6900.0
1.1093,28.018,28.018,406.596,406.596,6900.0
1.1094,27.31,27.31,406.604,406.604,6900.0
1.1095,26.349,26.349,406.576,406.576,6900.0
1.1096,25.676,25.676,406.513,406.513,6900.0
1.1097,24.601,24.601,406.426,406.426,6900.0
1.1098,23.538,23.538,406.296,406.296,6900.0
1.1099,22.542,22.542,406.116,406.116,6900.0
1.11,21.682,21.682,405.899,405.899,6900.0
1.1101,21.174,21.174,405.658,405.658,6900.0
1.1102,20.179,20.179,405.407,405.407,6900.0
1.1103,18.778,18.778,405.117,405.117,6900.0
1.1104,17.622,17.622,404.766,404.766,6900.0
1.1105,16.759,16.759,404.375,404.375,6900.0
1.1106,16.112,16.112,403.958,403.958,6900.0
1.1107,15.159,15.159,403.531,403.531,6900.0
1.1108,13.674,13.674,403.078,403.078,6900.0
1.1109,12.431,12.431,402.583,402.583,6900.0
1.111,11.348,11.348,402.061,402.061,6900.0
1.1111,10.308,10.308,401.515,401.515,6900.0
1.1112,9.265,9.265,400.956,400.956,6900.0
1.1113,7.77,7.77,400.377,400.377,6900.0
1.1114,6.388,6.388,399.772,399.772,6900.0
1.1115,5.301,5.301,399.148,399.148,6900.0
1.1116,4.013,4.013,398.51,398.51,6900.0
1.1117,2.817,2.817,397.86,397.86,6900.0
1.1118,1.723,1.723,397.2,397.2,6900.0
1.1119,0.564,0.564,396.535,396.535,6900.0
1.112,0.0,0.0,395.865,395.865,6900.0
1.1121,0.0,0.0,395.194,395.194,6900.0
1.1122,-1.222,-1.222,394.522,394.522,6900.0
1.1123,-2.539,-2.539,393.85,393.85,6900.0
1.1124,-2.677,-2.677,393.182,393.182,6900.0
1.1125,-3.868,-3.868,392.516,392.516,6900.0
1.1126,-5.198,-5.198,391.857,391.857,6900.0
1.1127,-6.493,-6.493,391.211,391.211,6900.0
1.1128,-7.485,-7.485,390.579,390.579,6900.0
1.1129,-8.615,-8.615,389.956,389.956,6900.0
1.113,-10.232,-10.232,389.349,389.349,6900.0
1.1131,-11.448,-11.448,388.768,388.768,6900.0
1.1132,-12.918,-12.918,388.219,388.219,6900.0
1.1133,-13.845,-13.845,387.704,387.704,6900.0
1.1134,-14.663,-14.663,387.2,387.2,6900.0
1.1135,-16.091,-16.091,386.712,386.712,6900.0
1.1136,-17.736,-17.736,386.261,386.261,6900.0
1.1137,-19.217,-19.217,385.866,385.866,6900.0
1.1138,-20.314,-20.314,385.521,385.521,6900.0
1.1139,-21.542,-21.198,385.2,385.2,6900.0
1.114,-22.534,-22.534,384.899,384.899,6900.0
1.1141,-23.832,-23.832,384.639,384.639,6900.0
1.1142,-25.13,-25.13,384.428,384.428,6900.0
1.1143,-26.225,-26.225,384.267,384.267,6900.0
1.1144,-27.173,-27.173,384.147,384.147,6900.0
1.1145,-28.41,-28.41,384.064,384.064,6900.0
1.1146,-29.434,-29.434,384.032,384.032,6900.0
1.1147,-30.386,-30.386,384.046,384.046,6900.0
1.1148,-31.454,-31.454,384.108,384.108,6900.0
1.1149,-32.363,-32.363,384.225,384.225,6900.0
1.115,-33.325,-33.325,384.391,384.391,6900.0
1.1151,-34.185,-34.185,384.601,384.601,6900.0
1.1152,-34.923,-34.923,384.842,384.842,6900.0
1.1153,-35.843,-35.843,385.116,385.116,6900.0
1.1154,-36.679,-36.679,385.429,385.429,6900.0
1.1155,-37.411,-37.411,385.793,385.793,6900.0
1.1156,-37.879,-37.879,386.194,386.194,6900.0
1.1157,-38.403,-38.403,386.609,386.609,6900.0
1.1158,-39.21,-39.21,387.056,387.056,6900.0
1.1159,-39.904,-39.904,387.54,387.54,6900.0
1.116,-40.606,-40.606,388.084,388.084,6900.0
1.1161,-40.729,-40.729,388.671,388.671,6900.0
1.1162,-41.023,-41.023,389.256,389.256,6900.0
1.1163,-41.434,-41.434,389.867,389.867,6900.0
1.1164,-41.655,-41.655,390.491,390.491,6900.0
1.1165,-42.073,-42.073,391.139,391.139,6900.0
1.1166,-42.079,-42.079,391.807,391.807,6900.0
1.1167,-42.132,-42.132,392.459,392.459,6900.0
1.1168,-42.351,-42.351,393.12,393.12,6900.0
1.1169,-42.462,-42.462,393.778,393.778,6900.0
1.117,-42.747,-42.747,394.442,394.442,6900.0
1.1171,-42.521,-42.521,395.129,395.129,6900.0
1.1172,-42.48,-42.48,395.8,395.8,6900.0
1.1173,-42.32,-42.32,396.486,396.486,6900.0
1.1174,-41.925,-41.925,397.16,397.16,6900.0
1.1175,-41.828,-41.828,397.811,397.811,6900.0
1.1176,-41.738,-41.738,398.463,398.463,6900.0
1.1177,-41.643,-41.643,399.098,399.098,6900.0
1.1178,-41.181,-41.181,399.738,399.738,6900.0
1.1179,-40.673,-40.525,400.345,400.345,6900.0
1.118,-40.149,-40.149,400.9,400.9,6900.0
1.1181,-39.791,-39.791,401.434,401.434,6900.0
1.1182,-39.398,-39.398,401.942,401.942,6900.0
1.1183,-38.845,-38.845,402.44,402.44,6900.0
1.1184,-38.125,-38.125,402.906,402.906,6900.0
1.1185,-37.441,-37.441,403.325,403.325,6900.0
1.1186,-37.022,-37.022,403.713,403.713,6900.0
1.1187,-36.558,-36.558,404.077,404.077,6900.0
1.1188,-35.821,-35.821,404.423,404.423,6900.0
1.1189,-34.947,-34.947,404.734,404.734,6900.0
1.119,-34.059,-34.059,404.998,404.998,6900.0
1.1191,-33.465,-33.465,405.218,405.218,6900.0
1.1192,-32.704,-32.704,405.401,405.401,6900.0
1.1193,-31.701,-31.701,405.548,405.548,6900.0
1.1194,-30.801,-30.801,405.649,405.649,6900.0
1.1195,-29.853,-29.853,405.714,405.714,6900.0
1.1196,-28.816,-28.816,405.737,405.737,6900.0
1.1197,-27.828,-27.828,405.709,405.709,6900.0
1.1198,-26.672,-26.672,405.634,405.634,6900.0
1.1199,-25.782,-25.782,405.52,405.52,6900.0
1.12,-24.862,-24.862,405.381,405.381,6900.0
1.1201,-23.678,-23.678,405.214,405.214,6900.0
1.1202,-22.302,-22.302,404.992,404.992,6900.0
1.1203,-21.419,-21.419,404.711,404.711,6900.0
1.1204,-20.692,-20.692,404.4,404.4,6900.0
1.1205,-19.896,-19.896,404.076,404.076,6900.0
1.1206,-18.205,-18.205,403.738,403.738,6900.0
1.1207,-16.66,-16.66,403.346,403.346,6900.0
1.1208,-15.68,-15.68,402.903,402.903,6900.0
1.1209,-14.398,-14.398,402.432,402.432,6900.0
1.121,-13.437,-13.437,401.931,401.931,6900.0
1.1211,-11.896,-11.896,401.412,401.412,6900.0
1.1212,-10.306,-10.306,400.861,400.861,6900.0
1.1213,-9.179,-9.179,400.278,400.278,6900.0
1.1214,-7.869,-7.869,399.678,399.678,6900.0
1.1215,-6.734,-6.734,399.062,399.062,6900.0
1.1216,-5.418,-5.418,398.433,398.433,6900.0
1.1217,-4.05,-4.05,397.791,397.791,6900.0
1.1218,-2.596,-2.596,397.137,397.137,6900.0
1.1219,-1.397,-1.246,396.474,396.474,6900.0
1.122,-1.142,-1.142,395.805,395.805,6900.0
1.1221,0.038,0.038,395.135,395.135,6900.0
1.1222,0.813,0.813,394.462,394.462,6900.0
1.1223,2.1,2.1,393.791,393.791,6900.0
1.1224,2.629,2.629,393.122,393.122,6900.0
1.1225,3.817,3.817,392.458,392.458,6900.0
1.1226,5.13,5.13,391.804,391.804,6900.0
1.1227,6.38,6.38,391.159,391.159,6900.0
1.1228,7.881,7.881,390.524,390.524,6900.0
1.1229,9.113,9.113,389.906,389.906,6900.0
1.123,10.914,10.914,389.305,389.305,6900.0
1.1231,12.19,12.19,388.737,388.737,6900.0
1.1232,13.179,13.179,388.189,388.189,6900.0
1.1233,14.869,14.869,387.649,387.649,6900.0
1.1234,16.713,16.713,387.143,387.143,6900.0
1.1235,18.391,18.391,386.685,386.685,6900.0
1.1236,19.639,19.639,386.288,386.288,6900.0
1.1237,20.566,20.566,385.927,385.927,6900.0
1.1238,21.768,21.768,385.581,385.581,6900.0
1.1239,23.179,23.179,385.268,385.268,6900.0
1.124,24.685,24.685,385.006,385.006,6900.0
1.1241,25.826,25.826,384.806,384.806,6900.0
1.1242,27.02,27.02,384.648,384.648,6900.0
1.1243,27.99,27.99,384.528,384.528,6900.0
1.1244,29.192,29.192,384.442,384.442,6900.0
1.1245,30.521,30.521,384.404,384.404,6900.0
1.1246,31.588,31.588,384.422,384.422,6900.0
1.1247,32.695,32.695,384.489,384.489,6900.0
1.1248,33.666,33.666,384.61,384.61,6900.0
1.1249,34.749,34.749,384.774,384.774,6900.0
1.125,35.682,35.682,384.985,384.985,6900.0
1.1251,36.688,36.688,385.234,385.234,6900.0
1.1252,37.718,37.718,385.532,385.532,6900.0
1.1253,38.516,38.516,385.893,385.893,6900.0
1.1254,39.07,39.07,386.299,386.299,6900.0
1.1255,39.802,39.802,386.729,386.729,6900.0
1.1256,40.629,40.629,387.184,387.184,6900.0
1.1257,41.508,41.508,387.682,387.682,6900.0
1.1258,42.258,42.258,388.232,388.232,6900.0
1.1259,42.636,42.636,388.834,388.834,6900.0
1.126,42.946,42.946,389.452,389.452,6900.0
1.1261,43.328,43.328,390.078,390.078,6900.0
1.1262,43.773,43.773,390.734,390.734,6900.0
1.1263,44.319,44.319,391.411,391.411,6900.0
1.1264,44.772,44.772,392.132,392.132,6900.0
1.1265,44.998,44.998,392.866,392.866,6900.0
1.1266,45.159,45.159,393.605,393.605,6900.0
1.1267,45.256,45.256,394.357,394.357,6900.0
1.1268,45.456,45.456,395.102,395.102,6900.0
1.1269,45.568,45.568,395.872,395.872,6900.0
1.127,45.514,45.514,396.641,396.641,6900.0
1.1271,45.491,45.491,397.409,397.409,6900.0
1.1272,45.232,45.232,398.183,398.183,6900.0
1.1273,45.011,45.011,398.932,398.932,6900.0
1.1274,44.909,44.909,399.683,399.683,6900.0
1.1275,44.546,44.546,400.424,400.424,6900.0
1.1276,44.532,44.532,401.153,401.153,6900.0
1.1277,44.278,44.278,401.879,401.879,6900.0
1.1278,43.587,43.587,402.577,402.577,6900.0
1.1279,43.296,43.296,403.238,403.238,6900.0
1.128,42.968,42.808,403.876,403.876,6900.0
1.1281,42.401,42.401,404.495,404.495,6900.0
1.1282,41.852,41.852,405.092,405.092,6900.0
1.1283,41.128,41.128,405.649,405.649,6900.0
1.1284,40.763,40.763,406.162,406.162,6900.0
1.1285,40.103,40.103,406.653,406.653,6900.0
1.1286,39.553,39.553,407.122,407.122,6900.0
1.1287,38.725,38.725,407.564,407.564,6900.0
1.1288,37.918,37.918,407.962,407.962,6900.0
1.1289,36.968,36.968,408.315,408.315,6900.0
1.129,36.238,36.238,408.624,408.624,6900.0
1.1291,35.294,35.294,408.897,408.897,6900.0
1.1292,34.426,34.426,409.128,409.128,6900.0
1.1293,33.511,33.511,409.318,409.318,6900.0
1.1294,32.534,32.534,409.465,409.465,6900.0
1.1295,31.5,31.5,409.565,409.565,6900.0
1.1296,30.209,30.209,409.613,409.613,6900.0
1.1297,29.252,29.252,409.609,409.609,6900.0
1.1298,28.298,28.298,409.575,409.575,6900.0
1.1299,27.17,27.17,409.514,409.514,6900.0
1.13,25.925,25.925,409.407,409.407,6900.0
1.1301,24.855,24.855,409.239,409.239,6900.0
1.1302,23.985,23.985,409.028,409.028,6900.0
1.1303,23.04,23.04,408.793,408.793,6900.0
1.1304,21.798,21.798,408.543,408.543,6900.0
1.1305,20.206,20.206,408.253,408.253,6900.0
1.1306,18.657,18.657,407.898,407.898,6900.0
1.1307,17.539,17.539,407.496,407.496,6900.0
1.1308,16.474,16.474,407.06,407.06,6900.0
1.1309,15.368,15.368,406.607,406.607,6900.0
1.131,13.838,13.838,406.127,406.127,6900.0
1.1311,12.387,12.387,405.608,405.608,6900.0
1.1312,11.142,11.142,405.065,405.065,6900.0
1.1313,9.835,9.835,404.5,404.5,6900.0
1.1314,8.516,8.516,403.92,403.92,6900.0
1.1315,6.891,6.891,403.323,403.323,6900.0
1.1316,5.216,5.216,402.705,402.705,6900.0
1.1317,3.889,3.889,402.069,402.069,6900.0
1.1318,2.36,2.36,401.422,401.422,6900.0
1.1319,1.04,1.04,400.765,400.765,6900.0
1.132,0.891,0.898,400.103,400.103,6900.0
1.1321,0.0,0.0,399.439,399.439,6900.0
1.1322,-1.342,-1.342,398.774,398.774,6900.0
1.1323,-1.96,-1.96,398.11,398.11,6900.0
1.1324,-2.947,-2.947,397.45,397.45,6900.0
1.1325,-4.081,-4.081,396.795,396.795,6900.0
1.1326,-5.22,-5.22,396.144,396.144,6900.0
1.1327,-6.846,-6.846,395.503,395.503,6900.0
1.1328,-8.375,-8.375,394.874,394.874,6900.0
1.1329,-9.89,-9.89,394.265,394.265,6900.0
1.133,-11.255,-11.255,393.679,393.679,6900.0
1.1331,-12.38,-12.38,393.108,393.108,6900.0
1.1332,-14.084,-14.084,392.556,392.556,6900.0
1.1333,-15.497,-15.497,392.041,392.041,6900.0
1.1334,-17.225,-17.225,391.571,391.571,6900.0
1.1335,-18.172,-18.172,391.153,391.153,6900.0
1.1336,-19.23,-19.23,390.748,390.748,6900.0
1.1337,-20.627,-20.627,390.363,390.363,6900.0
1.1338,-22.292,-22.292,390.016,390.016,6900.0
1.1339,-23.866,-23.866,389.729,389.729,6900.0
1.134,-25.029,-25.029,389.497,389.497,6900.0
1.1341,-25.867,-25.867,389.298,389.298,6900.0
1.1342,-27.106,-27.106,389.123,389.123,6900.0
1.1343,-28.607,-28.607,388.99,388.99,6900.0
1.1344,-29.911,-29.911,388.915,388.915,6900.0
1.1345,-31.025,-31.025,388.898,388.898,6900.0
1.1346,-32.146,-32.146,388.934,388.934,6900.0
1.1347,-33.288,-33.288,389.019,389.019,6900.0
1.1348,-34.304,-34.304,389.154,389.154,6900.0
1.1349,-35.204,-35.204,389.334,389.334,6900.0
1.135,-36.284,-36.284,389.556,389.556,6900.0
1.1351,-37.282,-37.282,389.828,389.828,6900.0
1.1352,-38.181,-38.181,390.155,390.155,6900.0
1.1353,-38.72,-38.72,390.524,390.524,6900.0
1.1354,-39.587,-39.587,390.908,390.908,6900.0
1.1355,-40.433,-40.433,391.333,391.333,6900.0
1.1356,-41.242,-41.242,391.797,391.797,6900.0
1.1357,-41.921,-41.921,392.32,392.32,6900.0
1.1358,-42.249,-42.249,392.885,392.885,6900.0
1.1359,-42.737,-42.737,393.456,393.456,6900.0
1.136,-43.345,-43.345,394.062,394.062,6900.0
1.1361,-43.887,-43.887,394.696,394.696,6900.0
1.1362,-44.362,-44.362,395.38,395.38,6900.0
1.1363,-44.448,-44.448,396.096,396.096,6900.0
1.1364,-44.598,-44.598,396.801,396.801,6900.0
1.1365,-44.898,-44.898,397.522,397.522,6900.0
1.1366,-44.911,-44.911,398.248,398.248,6900.0
1.1367,-45.142,-45.142,398.984,398.984,6900.0
1.1368,-45.028,-45.028,399.737,399.737,6900.0
1.1369,-45.069,-45.069,400.469,400.469,6900.0
1.137,-45.108,-45.108,401.215,401.215,6900.0
1.1371,-44.8,-44.8,401.958,401.958,6900.0
1.1372,-44.901,-44.901,402.689,402.689,6900.0
1.1373,-44.762,-44.762,403.436,403.436,6900.0
1.1374,-44.815,-44.815,404.165,404.165,6900.0
1.1375,-44.511,-44.511,404.913,404.913,6900.0
1.1376,-43.894,-43.894,405.639,405.639,6900.0
1.1377,-43.508,-43.508,406.324,406.324,6900.0
1.1378,-43.18,-43.18,406.994,406.994,6900.0
1.1379,-42.844,-42.844,407.636,407.636,6900.0
1.138,-42.546,-42.546,408.268,408.268,6900.0
1.1381,-41.843,-41.668,408.874,408.874,6900.0
1.1382,-41.254,-41.254,409.422,409.422,6900.0
1.1383,-40.721,-40.721,409.948,409.948,6900.0
1.1384,-40.28,-40.28,410.448,410.448,6900.0
1.1385,-39.479,-39.479,410.935,410.935,6900.0
1.1386,-38.786,-38.786,411.383,411.383,6900.0
1.1387,-37.989,-37.989,411.789,411.789,6900.0
1.1388,-37.274,-37.274,412.159,412.159,6900.0
1.1389,-36.495,-36.495,412.494,412.494,6900.0
1.139,-35.685,-35.685,412.795,412.795,6900.0
1.1391,-34.436,-34.436,413.06,413.06,6900.0
1.1392,-33.443,-33.443,413.271,413.271,6900.0
1.1393,-32.519,-32.519,413.433,413.433,6900.0
1.1394,-31.739,-31.739,413.546,413.546,6900.0
1.1395,-30.749,-30.749,413.618,413.618,6900.0
1.1396,-29.55,-29.55,413.651,413.651,6900.0
1.1397,-28.394,-28.394,413.646,413.646,6900.0
1.1398,-27.116,-27.116,413.602,413.602,6900.0
1.1399,-25.78,-25.78,413.505,413.505,6900.0
1.14,-24.93,-24.93,413.352,413.352,6900.0
1.1401,-24.183,-24.183,413.168,413.168,6900.0
1.1402,-23.381,-23.381,412.969,412.969,6900.0
1.1403,-21.878,-21.878,412.748,412.748,6900.0
1.1404,-20.239,-20.239,412.465,412.465,6900.0
1.1405,-19.181,-19.181,412.119,412.119,6900.0
1.1406,-18.344,-18.344,411.737,411.737,6900.0
1.1407,-17.481,-17.481,411.337,411.337,6900.0
1.1408,-15.941,-15.941,410.924,410.924,6900.0
1.1409,-14.289,-14.289,410.471,410.471,6900.0
1.141,-13.287,-13.287,409.977,409.977,6900.0
1.1411,-12.053,-12.053,409.464,409.464,6900.0
1.1412,-11.036,-11.036,408.929,408.929,6900.0
1.1413,-9.537,-9.537,408.38,408.38,6900.0
1.1414,-7.855,-7.855,407.805,407.805,6900.0
1.1415,-6.415,-6.415,407.204,407.204,6900.0
1.1416,-5.036,-5.036,406.586,406.586,6900.0
1.1417,-3.655,-3.655,405.952,405.952,6900.0
1.1418,-2.242,-2.242,405.309,405.309,6900.0
1.1419,-1.009,-1.009,404.657,404.657,6900.0
1.142,-0.283,-0.283,404.002,404.002,6900.0
1.1421,-0.0,-0.0,403.344,403.344,6900.0
1.1422,1.259,1.259,402.686,402.686,6900.0
1.1423,1.733,1.733,402.029,402.029,6900.0
1.1424,2.743,2.743,401.372,401.372,6900.0
1.1425,3.997,3.997,400.719,400.719,6900.0
1.1426,5.039,5.039,400.074,400.074,6900.0
1.1427,6.612,6.612,399.437,399.437,6900.0
1.1428,7.86,7.86,398.819,398.819,6900.0
1.1429,8.941,8.941,398.215,398.215,6900.0
1.143,10.406,10.406,397.621,397.621,6900.0
1.1431,11.854,11.854,397.053,397.053,6900.0
1.1432,13.648,13.648,396.514,396.514,6900.0
1.1433,14.866,14.866,396.02,396.02,6900.0
1.1434,15.732,15.732,395.549,395.549,6900.0
1.1435,17.026,17.026,395.088,395.088,6900.0
1.1436,18.619,18.619,394.655,394.655,6900.0
1.1437,20.334,20.334,394.27,394.27,6900.0
1.1438,21.552,21.552,393.95,393.95,6900.0
1.1439,22.53,22.53,393.666,393.666,6900.0
1.144,23.571,23.571,393.401,393.401,6900.0
1.1441,24.893,24.893,393.164,393.164,6900.0
1.1442,26.046,26.046,392.975,392.975,6900.0
1.1443,27.068,27.068,392.836,392.836,6900.0
1.1444,27.98,27.98,392.741,392.741,6900.0
1.1445,28.895,28.895,392.684,392.684,6900.0
1.1446,29.839,29.839,392.667,392.667,6900.0
1.1447,30.871,30.871,392.692,392.692,6900.0
1.1448,31.969,31.969,392.764,392.764,6900.0
1.1449,32.899,32.899,392.886,392.886,6900.0
1.145,33.756,33.756,393.06,393.06,6900.0
1.1451,34.55,34.55,393.278,393.278,6900.0
1.1452,35.192,35.192,393.53,393.53,6900.0
1.1453,36.041,36.041,393.803,393.803,6900.0
1.1454,36.78,36.78,394.117,394.117,6900.0
1.1455,37.658,37.658,394.474,394.474,6900.0
1.1456,38.42,38.42,394.876,394.876,6900.0
1.1457,38.889,38.889,395.307,395.307,6900.0
1.1458,39.578,39.578,395.753,395.753,6900.0
1.1459,40.193,40.193,396.239,396.239,6900.0
1.146,40.816,40.816,396.766,396.766,6900.0
1.1461,41.179,41.04,397.345,397.345,6900.0
1.1462,41.061,41.061,397.936,397.936,6900.0
1.1463,41.433,41.433,398.531,398.531,6900.0
1.1464,41.519,41.519,399.149,399.149,6900.0
1.1465,41.73,41.73,399.77,399.77,6900.0
1.1466,41.772,41.772,400.42,400.42,6900.0
1.1467,41.721,41.721,401.063,401.063,6900.0
1.1468,41.954,41.954,401.696,401.696,6900.0
1.1469,42.011,42.011,402.338,402.338,6900.0
1.147,42.042,42.042,402.969,402.969,6900.0
1.1471,42.071,42.071,403.617,403.617,6900.0
1.1472,41.834,41.834,404.263,404.263,6900.0
1.1473,41.772,41.772,404.905,404.905,6900.0
1.1474,41.318,41.318,405.553,405.553,6900.0
1.1475,41.071,41.071,406.171,406.171,6900.0
1.1476,40.883,40.883,406.784,406.784,6900.0
1.1477,40.445,40.445,407.382,407.382,6900.0
1.1478,40.259,40.259,407.965,407.965,6900.0
1.1479,39.679,39.679,408.541,408.541,6900.0
1.148,39.071,39.071,409.071,409.071,6900.0
1.1481,38.952,38.952,409.565,409.565,6900.0
1.1482,38.36,38.36,410.043,410.043,6900.0
1.1483,38.01,38.01,410.497,410.497,6900.0
1.1484,37.264,37.264,410.931,410.931,6900.0
1.1485,36.444,36.444,411.324,411.324,6900.0
1.1486,35.902,35.902,411.673,411.673,6900.0
1.1487,35.22,35.22,411.996,411.996,6900.0
1.1488,34.498,34.498,412.296,412.296,6900.0
1.1489,33.686,33.686,412.565,412.565,6900.0
1.149,32.775,32.775,412.796,412.796,6900.0
1.1491,31.919,31.919,412.983,412.983,6900.0
1.1492,31.009,31.009,413.131,413.131,6900.0
1.1493,30.124,30.124,413.235,413.235,6900.0
1.1494,29.15,29.15,413.299,413.299,6900.0
1.1495,28.258,28.258,413.324,413.324,6900.0
1.1496,27.547,27.547,413.314,413.314,6900.0
1.1497,26.497,26.497,413.266,413.266,6900.0
1.1498,25.519,25.519,413.163,413.163,6900.0
1.1499,24.724,24.724,413.021,413.021,6900.0
1.15,23.821,23.821,412.855,412.855,6900.0
1.1501,22.753,22.753,412.67,412.67,6900.0
1.1502,21.256,21.256,412.445,412.445,6900.0
1.1503,20.125,20.125,412.157,412.157,6900.0
1.1504,19.362,19.362,411.829,411.829,6900.0
1.1505,18.572,18.572,411.479,411.479,6900.0
1.1506,17.378,17.378,411.121,411.121,6900.0
1.1507,15.804,15.804,410.73,410.73,6900.0
1.1508,14.435,14.435,410.289,410.289,6900.0
1.1509,13.202,13.202,409.813,409.813,6900.0
1.151,12.062,12.062,409.308,409.308,6900.0
1.1511,11.1,11.1,408.783,408.783,6900.0
1.1512,9.638,9.638,408.237,408.237,6900.0
1.1513,8.193,8.193,407.662,407.662,6900.0
1.1514,7.095,7.095,407.067,407.067,6900.0
1.1515,5.61,5.61,406.456,406.456,6900.0
1.1516,4.613,4.613,405.831,405.831,6900.0
1.1517,3.218,3.218,405.196,405.196,6900.0
1.1518,1.629,1.629,404.551,404.551,6900.0
1.1519,0.478,0.478,403.897,403.897,6900.0
1.152,0.096,0.096,403.239,403.239,6900.0
1.1521,-0.0,-0.0,402.581,402.581,6900.0
1.1522,-0.874,-0.895,401.921,401.921,6900.0
1.1523,-2.335,-2.335,401.262,401.262,6900.0
1.1524,-3.047,-3.047,400.606,400.606,6900.0
1.1525,-4.133,-4.133,399.954,399.954,6900.0
1.1526,-5.251,-5.251,399.313,399.313,6900.0
1.1527,-6.376,-6.376,398.682,398.682,6900.0
1.1528,-7.388,-7.388,398.061,398.061,6900.0
1.1529,-8.836,-8.836,397.451,397.451,6900.0
1.153,-10.276,-10.276,396.859,396.859,6900.0
1.1531,-11.819,-11.819,396.295,396.295,6900.0
1.1532,-12.991,-12.991,395.759,395.759,6900.0
1.1533,-13.91,-13.91,395.236,395.236,6900.0
1.1534,-15.359,-15.359,394.73,394.73,6900.0
1.1535,-16.817,-16.817,394.26,394.26,6900.0
1.1536,-18.287,-18.287,393.842,393.842,6900.0
1.1537,-19.284,-19.284,393.473,393.473,6900.0
1.1538,-20.252,-20.252,393.123,393.123,6900.0
1.1539,-21.481,-21.481,392.796,392.796,6900.0
1.154,-22.642,-22.642,392.508,392.508,6900.0
1.1541,-24.02,-24.02,392.266,392.266,6900.0
1.1542,-24.967,-24.967,392.076,392.076,6900.0
1.1543,-25.908,-25.908,391.918,391.918,6900.0
1.1544,-27.125,-27.125,391.792,391.792,6900.0
1.1545,-28.024,-28.024,391.712,391.712,6900.0
1.1546,-29.126,-29.126,391.675,391.675,6900.0
1.1547,-30.145,-30.145,391.685,391.685,6900.0
1.1548,-31.084,-31.084,391.744,391.744,6900.0
1.1549,-31.84,-31.84,391.852,391.852,6900.0
1.155,-32.595,-32.595,391.997,391.997,6900.0
1.1551,-33.421,-33.421,392.172,392.172,6900.0
1.1552,-34.29,-34.29,392.385,392.385,6900.0
1.1553,-35.293,-35.293,392.638,392.638,6900.0
1.1554,-36.097,-36.097,392.948,392.948,6900.0
1.1555,-36.537,-36.537,393.295,393.295,6900.0
1.1556,-36.921,-36.921,393.657,393.657,6900.0
1.1557,-37.49,-37.49,394.045,394.045,6900.0
1.1558,-38.062,-38.062,394.462,394.462,6900.0
1.1559,-38.416,-38.416,394.931,394.931,6900.0
1.156,-38.609,-38.609,395.428,395.428,6900.0
1.1561,-38.985,-38.985,395.926,395.926,6900.0
1.1562,-39.64,-39.503,396.45,396.45,6900.0
1.1563,-39.802,-39.802,396.991,396.991,6900.0
1.1564,-40.325,-40.325,397.564,397.564,6900.0
1.1565,-40.389,-40.389,398.162,398.162,6900.0
1.1566,-40.267,-40.267,398.75,398.75,6900.0
1.1567,-40.281,-40.281,399.344,399.344,6900.0
1.1568,-40.309,-40.309,399.932,399.932,6900.0
1.1569,-40.637,-40.637,400.528,400.528,6900.0
1.157,-40.447,-40.447,401.144,401.144,6900.0
1.1571,-40.399,-40.399,401.744,401.744,6900.0
1.1572,-40.301,-40.301,402.356,402.356,6900.0
1.1573,-39.963,-39.963,402.959,402.959,6900.0
1.1574,-40.037,-40.037,403.544,403.544,6900.0
1.1575,-39.666,-39.666,404.138,404.138,6900.0
1.1576,-39.683,-39.683,404.705,404.705,6900.0
1.1577,-39.249,-39.249,405.28,405.28,6900.0
1.1578,-38.857,-38.857,405.824,405.824,6900.0
1.1579,-38.587,-38.587,406.332,406.332,6900.0
1.158,-38.085,-38.085,406.829,406.829,6900.0
1.1581,-37.816,-37.816,407.296,407.296,6900.0
1.1582,-37.299,-37.299,407.755,407.755,6900.0
1.1583,-36.649,-36.649,408.184,408.184,6900.0
1.1584,-36.082,-36.082,408.571,408.571,6900.0
1.1585,-35.437,-35.437,408.933,408.933,6900.0
1.1586,-34.725,-34.725,409.266,409.266,6900.0
1.1587,-33.841,-33.841,409.575,409.575,6900.0
1.1588,-33.16,-33.16,409.842,409.842,6900.0
1.1589,-32.494,-32.494,410.071,410.071,6900.0
1.159,-31.708,-31.708,410.266,410.266,6900.0
1.1591,-31.068,-31.068,410.421,410.421,6900.0
1.1592,-30.145,-30.145,410.545,410.545,6900.0
1.1593,-29.417,-29.417,410.628,410.628,6900.0
1.1594,-28.728,-28.728,410.678,410.678,6900.0
1.1595,-27.625,-27.625,410.694,410.694,6900.0
1.1596,-26.533,-26.533,410.661,410.661,6900.0
1.1597,-25.572,-25.572,410.579,410.579,6900.0
1.1598,-24.65,-24.65,410.463,410.463,6900.0
1.1599,-23.85,-23.85,410.321,410.321,6900.0
1.16,-22.682,-22.682,410.152,410.152,6900.0
1.1601,-21.541,-21.541,409.932,409.932,6900.0
1.1602,-20.804,-20.804,409.661,409.661,6900.0
1.1603,-19.996,-19.996,409.364,409.364,6900.0
1.1604,-19.172,-19.172,409.052,409.052,6900.0
1.1605,-17.67,-17.67,408.723,408.723,6900.0
1.1606,-16.132,-16.132,408.342,408.342,6900.0
1.1607,-15.095,-15.095,407.91,407.91,6900.0
1.1608,-13.906,-13.906,407.447,407.447,6900.0
1.1609,-13.092,-13.092,406.958,406.958,6900.0
1.161,-11.886,-11.886,406.453,406.453,6900.0
1.1611,-10.487,-10.487,405.919,405.919,6900.0
1.1612,-9.591,-9.591,405.355,405.355,6900.0
1.1613,-8.332,-8.332,404.775,404.775,6900.0
1.1614,-7.294,-7.294,404.178,404.178,6900.0
1.1615,-5.955,-5.955,403.57,403.57,6900.0
1.1616,-4.562,-4.562,402.946,402.946,6900.0
1.1617,-3.258,-3.258,402.307,402.307,6900.0
1.1618,-2.084,-2.084,401.658,401.658,6900.0
1.1619,-0.987,-0.987,401.001,401.001,6900.0
1.162,-0.944,-0.944,400.339,400.339,6900.0
1.1621,0.119,0.119,399.676,399.676,6900.0
1.1622,1.135,1.135,399.011,399.011,6900.0
1.1623,1.67,1.67,398.348,398.348,6900.0
1.1624,2.773,2.773,397.687,397.687,6900.0
1.1625,3.752,3.752,397.032,397.032,6900.0
1.1626,4.51,4.51,396.383,396.383,6900.0
1.1627,5.871,5.871,395.739,395.739,6900.0
1.1628,7.368,7.368,395.107,395.107,6900.0
1.1629,9.006,9.006,394.491,394.491,6900.0
1.163,10.346,10.346,393.9,393.9,6900.0
1.1631,11.196,11.196,393.326,393.326,6900.0
1.1632,12.601,12.601,392.761,392.761,6900.0
1.1633,14.076,14.076,392.226,392.226,6900.0
1.1634,15.762,15.762,391.729,391.729,6900.0
1.1635,16.926,16.926,391.287,391.287,6900.0
1.1636,17.65,17.65,390.874,390.874,6900.0
1.1637,18.816,18.816,390.47,390.47,6900.0
1.1638,20.116,20.116,390.095,390.095,6900.0
1.1639,21.625,21.625,389.764,389.764,6900.0
1.164,22.698,22.698,389.492,389.492,6900.0
1.1641,23.596,23.596,389.26,389.26,6900.0
1.1642,24.655,24.655,389.049,389.049,6900.0
1.1643,25.743,25.743,388.875,388.875,6900.0
1.1644,26.942,26.942,388.744,388.744,6900.0
1.1645,27.975,27.975,388.665,388.665,6900.0
1.1646,28.976,28.976,388.632,388.632,6900.0
1.1647,29.704,29.704,388.648,388.648,6900.0
1.1648,30.639,30.639,388.701,388.701,6900.0
1.1649,31.376,31.376,388.795,388.795,6900.0
1.165,32.273,32.273,388.921,388.921,6900.0
1.1651,33.192,33.192,389.089,389.089,6900.0
1.1652,34.215,34.215,389.305,389.305,6900.0
1.1653,34.878,34.878,389.571,389.571,6900.0
1.1654,35.588,35.588,389.863,389.863,6900.0
1.1655,36.436,36.436,390.179,390.179,6900.0
1.1656,37.098,37.098,390.538,390.538,6900.0
1.1657,37.976,37.976,390.94,390.94,6900.0
1.1658,38.455,38.455,391.395,391.395,6900.0
1.1659,38.67,38.67,391.872,391.872,6900.0
1.166,39.257,39.257,392.358,392.358,6900.0
1.1661,39.657,39.657,392.879,392.879,6900.0
1.1662,40.197,40.197,393.425,393.425,6900.0
1.1663,40.552,40.428,394.013,394.013,6900.0
1.1664,40.473,40.473,394.609,394.609,6900.0
1.1665,40.96,40.96,395.2,395.2,6900.0
1.1666,40.922,40.922,395.815,395.815,6900.0
1.1667,41.209,41.209,396.423,396.423,6900.0
1.1668,41.301,41.301,397.059,397.059,6900.0
1.1669,41.079,41.079,397.693,397.693,6900.0
1.167,41.24,41.24,398.32,398.32,6900.0
1.1671,41.065,41.065,398.959,398.959,6900.0
1.1672,41.019,41.019,399.578,399.578,6900.0
1.1673,40.898,40.898,400.21,400.21,6900.0
1.1674,40.784,40.784,400.832,400.832,6900.0
1.1675,40.69,40.69,401.452,401.452,6900.0
1.1676,40.302,40.302,402.07,402.07,6900.0
1.1677,39.919,39.919,402.653,402.653,6900.0
1.1678,39.812,39.812,403.214,403.214,6900.0
1.1679,39.357,39.357,403.76,403.76,6900.0
1.168,39.213,39.213,404.288,404.288,6900.0
1.1681,38.403,38.403,404.806,404.806,6900.0
1.1682,37.666,37.666,405.279,405.279,6900.0
1.1683,37.418,37.418,405.71,405.71,6900.0
1.1684,36.872,36.872,406.125,406.125,6900.0
1.1685,36.504,36.504,406.519,406.519,6900.0
1.1686,35.733,35.733,406.894,406.894,6900.0
1.1687,34.777,34.777,407.23,407.23,6900.0
1.1688,34.25,34.25,407.515,407.515,6900.0
1.1689,33.492,33.492,407.772,407.772,6900.0
1.169,32.663,32.663,407.995,407.995,6900.0
1.1691,31.988,31.988,408.18,408.18,6900.0
1.1692,31.088,31.088,408.329,408.329,6900.0
1.1693,30.218,30.218,408.438,408.438,6900.0
1.1694,29.218,29.218,408.503,408.503,6900.0
1.1695,28.425,28.425,408.518,408.518,6900.0
1.1696,27.64,27.64,408.498,408.498,6900.0
1.1697,26.791,26.791,408.447,408.447,6900.0
1.1698,25.647,25.647,408.372,408.372,6900.0
1.1699,24.261,24.261,408.252,408.252,6900.0
1.17,23.265,23.265,408.071,408.071,6900.0
1.1701,22.536,22.536,407.85,407.85,6900.0
1.1702,21.748,21.748,407.608,407.608,6900.0
1.1703,21.109,20.734,407.353,407.353,6900.0
1.1704,19.067,19.067,407.058,407.058,6900.0
1.1705,17.718,17.718,406.697,406.697,6900.0
1.1706,17.077,17.077,406.291,406.291,6900.0
1.1707,16.19,16.19,405.861,405.861,6900.0
1.1708,15.115,15.115,405.418,405.418,6900.0
1.1709,13.598,13.598,404.95,404.95,6900.0
1.171,12.249,12.249,404.443,404.443,6900.0
1.1711,11.303,11.303,403.909,403.909,6900.0
1.1712,10.142,10.142,403.357,403.357,6900.0
1.1713,8.762,8.762,402.79,402.79,6900.0
1.1714,7.184,7.184,402.202,402.202,6900.0
1.1715,5.464,5.464,401.59,401.59,6900.0
1.1716,4.303,4.303,400.959,400.959,6900.0
1.1717,2.994,2.994,400.315,400.315,6900.0
1.1718,1.81,1.81,399.66,399.66,6900.0
1.1719,0.702,0.702,398.998,398.998,6900.0
1.172,0.0,0.0,398.333,398.333,6900.0
1.1721,0.0,0.0,397.666,397.666,6900.0
1.1722,-1.276,-1.276,396.998,396.998,6900.0
1.1723,-1.972,-1.972,396.332,396.332,6900.0
1.1724,-2.804,-2.804,395.668,395.668,6900.0
1.1725,-3.982,-3.982,395.007,395.007,6900.0
1.1726,-5.445,-5.445,394.352,394.352,6900.0
1.1727,-6.748,-6.748,393.707,393.707,6900.0
1.1728,-8.006,-8.006,393.079,393.079,6900.0
1.1729,-9.03,-9.03,392.468,392.468,6900.0
1.173,-10.185,-10.185,391.868,391.868,6900.0
1.1731,-11.884,-11.884,391.285,391.285,6900.0
1.1732,-13.308,-13.308,390.733,390.733,6900.0
1.1733,-14.845,-14.845,390.222,390.222,6900.0
1.1734,-15.652,-15.652,389.752,389.752,6900.0
1.1735,-16.669,-16.669,389.292,389.292,6900.0
1.1736,-18.273,-18.273,388.85,388.85,6900.0
1.1737,-19.891,-19.891,388.449,388.449,6900.0
1.1738,-21.355,-21.355,388.104,388.104,6900.0
1.1739,-22.361,-22.361,387.812,387.812,6900.0
1.174,-23.218,-23.218,387.544,387.544,6900.0
1.1741,-24.454,-24.454,387.299,387.299,6900.0
1.1742,-25.77,-25.77,387.093,387.093,6900.0
1.1743,-27.069,-27.069,386.94,386.94,6900.0
1.1744,-28.031,-28.031,386.84,386.84,6900.0
1.1745,-29.085,-29.085,386.785,386.785,6900.0
1.1746,-30.106,-30.106,386.774,386.774,6900.0
1.1747,-31.093,-31.093,386.809,386.809,6900.0
1.1748,-32.085,-32.085,386.889,386.889,6900.0
1.1749,-33.305,-33.305,387.016,387.016,6900.0
1.175,-34.287,-34.287,387.198,387.198,6900.0
1.1751,-35.196,-35.196,387.433,387.433,6900.0
1.1752,-35.964,-35.964,387.706,387.706,6900.0
1.1753,-36.764,-36.764,388.003,388.003,6900.0
1.1754,-37.546,-37.546,388.338,388.338,6900.0
1.1755,-38.583,-38.583,388.706,388.706,6900.0
1.1756,-39.132,-39.132,389.14,389.14,6900.0
1.1757,-39.658,-39.658,389.603,389.603,6900.0
1.1758,-40.069,-40.069,390.086,390.086,6900.0
1.1759,-40.783,-40.783,390.597,390.597,6900.0
1.176,-41.285,-41.285,391.145,391.145,6900.0
1.1761,-41.858,-41.858,391.744,391.744,6900.0
1.1762,-42.174,-42.174,392.376,392.376,6900.0
1.1763,-42.237,-42.237,393.014,393.014,6900.0
1.1764,-42.637,-42.512,393.663,393.663,6900.0
1.1765,-42.618,-42.618,394.318,394.318,6900.0
1.1766,-43.103,-43.103,394.988,394.988,6900.0
1.1767,-43.006,-43.006,395.681,395.681,6900.0
1.1768,-43.162,-43.162,396.355,396.355,6900.0
1.1769,-43.288,-43.288,397.045,397.045,6900.0
1.177,-43.057,-43.057,397.734,397.734,6900.0
1.1771,-43.164,-43.164,398.418,398.418,6900.0
1.1772,-42.969,-42.969,399.117,399.117,6900.0
1.1773,-42.968,-42.968,399.8,399.8,6900.0
1.1774,-42.892,-42.892,400.498,400.498,6900.0
1.1775,-42.462,-42.462,401.186,401.186,6900.0
1.1776,-42.231,-42.231,401.844,401.844,6900.0
1.1777,-41.794,-41.794,402.494,402.494,6900.0
1.1778,-41.568,-41.568,403.112,403.112,6900.0
1.1779,-41.195,-41.195,403.724,403.724,6900.0
1.178,-40.74,-40.74,404.305,404.305,6900.0
1.1781,-40.107,-40.107,404.847,404.847,6900.0
1.1782,-39.54,-39.54,405.362,405.362,6900.0
1.1783,-39.124,-39.124,405.847,405.847,6900.0
1.1784,-38.601,-38.601,406.321,406.321,6900.0
1.1785,-37.861,-37.861,406.766,406.766,6900.0
1.1786,-37.215,-37.215,407.165,407.165,6900.0
1.1787,-36.504,-36.504,407.534,407.534,6900.0
1.1788,-35.726,-35.726,407.869,407.869,6900.0
1.1789,-34.994,-34.994,408.172,408.172,6900.0
1.179,-34.097,-34.097,408.437,408.437,6900.0
1.1791,-33.388,-33.388,408.655,408.655,6900.0
1.1792,-32.54,-32.54,408.835,408.835,6900.0
1.1793,-31.621,-31.621,408.972,408.972,6900.0
1.1794,-30.717,-30.717,409.065,409.065,6900.0
1.1795,-29.872,-29.872,409.12,409.12,6900.0
1.1796,-28.769,-28.769,409.145,409.145,6900.0
1.1797,-27.629,-27.629,409.128,409.128,6900.0
1.1798,-26.498,-26.498,409.06,409.06,6900.0
1.1799,-25.62,-25.62,408.939,408.939,6900.0
1.18,-24.764,-24.764,408.786,408.786,6900.0
1.1801,-23.923,-23.923,408.612,408.612,6900.0
1.1802,-22.572,-22.572,408.413,408.413,6900.0
1.1803,-21.001,-21.001,408.155,408.155,6900.0
1.1804,-20.678,-20.257,407.835,407.835,6900.0
1.1805,-19.273,-19.273,407.486,407.486,6900.0
1.1806,-18.38,-18.38,407.118,407.118,6900.0
1.1807,-16.888,-16.888,406.735,406.735,6900.0
1.1808,-15.235,-15.235,406.308,406.308,6900.0
1.1809,-14.147,-14.147,405.836,405.836,6900.0
1.181,-12.894,-12.894,405.339,405.339,6900.0
1.1811,-11.714,-11.714,404.818,404.818,6900.0
1.1812,-10.29,-10.29,404.278,404.278,6900.0
1.1813,-8.878,-8.878,403.709,403.709,6900.0
1.1814,-7.636,-7.636,403.115,403.115,6900.0
1.1815,-6.3,-6.3,402.503,402.503,6900.0
1.1816,-5.171,-5.171,401.874,401.874,6900.0
1.1817,-3.838,-3.838,401.235,401.235,6900.0
1.1818,-2.486,-2.486,400.585,400.585,6900.0
1.1819,-1.168,-1.168,399.926,399.926,6900.0
1.182,-0.981,-0.981,399.263,399.263,6900.0
1.1821,0.175,0.175,398.598,398.598,6900.0
1.1822,0.995,0.995,397.931,397.931,6900.0
1.1823,1.841,1.841,397.266,397.266,6900.0
1.1824,2.69,2.69,396.602,396.602,6900.0
1.1825,3.691,3.691,395.941,395.941,6900.0
1.1826,5.418,5.418,395.288,395.288,6900.0
1.1827,6.633,6.633,394.65,394.65,6900.0
1.1828,7.47,7.47,394.026,394.026,6900.0
1.1829,8.917,8.917,393.408,393.408,6900.0
1.183,10.398,10.398,392.812,392.812,6900.0
1.1831,12.131,12.131,392.24,392.24,6900.0
1.1832,13.454,13.454,391.707,391.707,6900.0
1.1833,14.642,14.642,391.194,391.194,6900.0
1.1834,16.108,16.108,390.694,390.694,6900.0
1.1835,17.652,17.652,390.226,390.226,6900.0
1.1836,19.285,19.285,389.804,389.804,6900.0
1.1837,20.647,20.647,389.443,389.443,6900.0
1.1838,21.529,21.529,389.123,389.123,6900.0
1.1839,22.646,22.646,388.816,388.816,6900.0
1.184,23.916,23.916,388.542,388.542,6900.0
1.1841,25.422,25.422,388.314,388.314,6900.0
1.1842,26.593,26.593,388.145,388.145,6900.0
1.1843,27.606,27.606,388.022,388.022,6900.0
1.1844,28.604,28.604,387.932,387.932,6900.0
1.1845,29.725,29.725,387.884,387.884,6900.0
1.1846,30.853,30.853,387.883,387.883,6900.0
1.1847,31.995,31.995,387.929,387.929,6900.0
1.1848,32.889,32.889,388.032,388.032,6900.0
1.1849,33.731,33.731,388.184,388.184,6900.0
1.185,34.519,34.519,388.38,388.38,6900.0
1.1851,35.32,35.32,388.611,388.611,6900.0
1.1852,36.332,36.332,388.871,388.871,6900.0
1.1853,37.134,37.134,389.177,389.177,6900.0
1.1854,38.114,38.114,389.53,389.53,6900.0
1.1855,38.77,38.77,389.934,389.934,6900.0
1.1856,39.376,39.376,390.365,390.365,6900.0
1.1857,40.231,40.231,390.816,390.816,6900.0
1.1858,40.753,40.753,391.315,391.315,6900.0
1.1859,41.497,41.497,391.851,391.851,6900.0
1.186,41.775,41.775,392.444,392.444,6900.0
1.1861,41.925,41.925,393.052,393.052,6900.0
1.1862,42.528,42.528,393.663,393.663,6900.0
1.1863,42.729,42.729,394.31,394.31,6900.0
1.1864,43.022,43.022,394.966,394.966,6900.0
1.1865,43.163,43.163,395.652,395.652,6900.0
1.1866,43.253,43.253,396.334,396.334,6900.0
1.1867,43.637,43.637,397.013,397.013,6900.0
1.1868,43.565,43.565,397.711,397.711,6900.0
1.1869,43.807,43.807,398.395,398.395,6900.0
1.187,43.841,43.841,399.106,399.106,6900.0
1.1871,43.657,43.657,399.817,399.817,6900.0
1.1872,43.825,43.825,400.524,400.524,6900.0
1.1873,43.459,43.459,401.246,401.246,6900.0
1.1874,43.126,43.126,401.939,401.939,6900.0
1.1875,43.137,43.137,402.627,402.627,6900.0
1.1876,42.677,42.677,403.31,403.31,6900.0
1.1877,42.464,42.464,403.975,403.975,6900.0
1.1878,41.861,41.861,404.629,404.629,6900.0
1.1879,41.384,41.384,405.234,405.234,6900.0
1.188,41.096,41.096,405.811,405.811,6900.0
1.1881,40.404,40.404,406.365,406.365,6900.0
1.1882,40.009,40.009,406.895,406.895,6900.0
1.1883,39.476,39.476,407.404,407.404,6900.0
1.1884,38.902,38.902,407.877,407.877,6900.0
1.1885,38.489,38.489,408.311,408.311,6900.0
1.1886,37.779,37.779,408.725,408.725,6900.0
1.1887,37.252,37.252,409.111,409.111,6900.0
1.1888,36.431,36.431,409.471,409.471,6900.0
1.1889,35.612,35.612,409.79,409.79,6900.0
1.189,34.665,34.665,410.065,410.065,6900.0
1.1891,33.712,33.712,410.297,410.297,6900.0
1.1892,32.772,32.772,410.486,410.486,6900.0
1.1893,31.836,31.836,410.633,410.633,6900.0
1.1894,30.939,30.939,410.74,410.74,6900.0
1.1895,29.86,29.86,410.811,410.811,6900.0
1.1896,28.704,28.704,410.833,410.833,6900.0
1.1897,27.623,27.623,410.8,410.8,6900.0
1.1898,26.779,26.779,410.721,410.721,6900.0
1.1899,25.927,25.927,410.614,410.614,6900.0
1.19,24.869,24.869,410.486,410.486,6900.0
1.1901,23.384,23.384,410.316,410.316,6900.0
1.1902,22.22,22.22,410.081,410.081,6900.0
1.1903,21.307,21.307,409.803,409.803,6900.0
1.1904,20.432,20.432,409.504,409.504,6900.0
1.1905,19.813,19.408,409.194,409.194,6900.0
1.1906,17.784,17.784,408.852,408.852,6900.0
1.1907,16.43,16.43,408.45,408.45,6900.0
1.1908,15.363,15.363,408.01,408.01,6900.0
1.1909,14.269,14.269,407.537,407.537,6900.0
1.191,13.042,13.042,407.045,407.045,6900.0
1.1911,11.429,11.429,406.526,406.526,6900.0
1.1912,9.998,9.998,405.972,405.972,6900.0
1.1913,9.057,9.057,405.395,405.395,6900.0
1.1914,7.849,7.849,404.801,404.801,6900.0
1.1915,6.546,6.546,404.195,404.195,6900.0
1.1916,5.196,5.196,403.574,403.574,6900.0
1.1917,3.569,3.569,402.939,402.939,6900.0
1.1918,2.264,2.264,402.292,402.292,6900.0
1.1919,0.924,0.924,401.637,401.637,6900.0
1.192,0.997,0.997,400.976,400.976,6900.0
1.1921,-0.039,-0.039,400.314,400.314,6900.0
1.1922,-0.838,-0.838,399.65,399.65,6900.0
1.1923,-2.159,-2.159,398.988,398.988,6900.0
1.1924,-2.697,-2.697,398.329,398.329,6900.0
1.1925,-4.068,-4.068,397.675,397.675,6900.0
1.1926,-5.217,-5.217,397.031,397.031,6900.0
1.1927,-6.456,-6.456,396.393,396.393,6900.0
1.1928,-8.043,-8.043,395.767,395.767,6900.0
1.1929,-9.411,-9.411,395.157,395.157,6900.0
1.193,-11.053,-11.053,394.57,394.57,6900.0
1.1931,-11.978,-11.978,394.008,394.008,6900.0
1.1932,-13.229,-13.229,393.455,393.455,6900.0
1.1933,-14.884,-14.884,392.923,392.923,6900.0
1.1934,-16.259,-16.259,392.427,392.427,6900.0
1.1935,-17.91,-17.91,391.979,391.979,6900.0
1.1936,-18.757,-18.757,391.585,391.585,6900.0
1.1937,-19.654,-19.654,391.207,391.207,6900.0
1.1938,-21.239,-21.239,390.846,390.846,6900.0
1.1939,-22.792,-22.792,390.531,390.531,6900.0
1.194,-24.118,-24.118,390.273,390.273,6900.0
1.1941,-25.279,-25.279,390.067,390.067,6900.0
1.1942,-26.16,-26.16,389.898,389.898,6900.0
1.1943,-27.453,-27.453,389.755,389.755,6900.0
1.1944,-28.627,-28.627,389.659,389.659,6900.0
1.1945,-30.063,-29.791,389.61,389.61,6900.0
1.1946,-30.732,-30.732,389.613,389.613,6900.0
1.1947,-31.817,-31.817,389.663,389.663,6900.0
1.1948,-32.872,-32.872,389.763,389.763,6900.0
1.1949,-33.965,-33.965,389.91,389.91,6900.0
1.195,-34.705,-34.705,390.101,390.101,6900.0
1.1951,-35.748,-35.748,390.33,390.33,6900.0
1.1952,-36.693,-36.693,390.607,390.607,6900.0
1.1953,-37.479,-37.479,390.941,390.941,6900.0
1.1954,-38.057,-38.057,391.31,391.31,6900.0
1.1955,-38.549,-38.549,391.698,391.698,6900.0
1.1956,-39.283,-39.283,392.117,392.117,6900.0
1.1957,-40.058,-40.058,392.569,392.569,6900.0
1.1958,-40.56,-40.56,393.081,393.081,6900.0
1.1959,-40.856,-40.856,393.624,393.624,6900.0
1.196,-41.331,-41.331,394.171,394.171,6900.0
1.1961,-41.907,-41.907,394.749,394.749,6900.0
1.1962,-42.297,-42.297,395.351,395.351,6900.0
1.1963,-42.705,-42.705,395.994,395.994,6900.0
1.1964,-42.698,-42.698,396.663,396.663,6900.0
1.1965,-42.815,-42.815,397.32,397.32,6900.0
1.1966,-43.103,-43.103,397.99,397.99,6900.0
1.1967,-43.124,-43.124,398.667,398.667,6900.0
1.1968,-43.346,-43.346,399.353,399.353,6900.0
1.1969,-43.224,-43.224,400.054,400.054,6900.0
1.197,-43.178,-43.178,400.739,400.739,6900.0
1.1971,-43.163,-43.163,401.434,401.434,6900.0
1.1972,-42.886,-42.886,402.121,402.121,6900.0
1.1973,-43.003,-43.003,402.794,402.794,6900.0
1.1974,-42.735,-42.735,403.479,403.479,6900.0
1.1975,-42.54,-42.54,404.144,404.144,6900.0
1.1976,-42.129,-42.129,404.815,404.815,6900.0
1.1977,-41.724,-41.724,405.458,405.458,6900.0
1.1978,-41.592,-41.592,406.066,406.066,6900.0
1.1979,-41.145,-41.145,406.666,406.666,6900.0
1.198,-40.68,-40.68,407.237,407.237,6900.0
1.1981,-40.032,-40.032,407.795,407.795,6900.0
1.1982,-39.398,-39.398,408.315,408.315,6900.0
1.1983,-38.929,-38.929,408.79,408.79,6900.0
1.1984,-38.462,-38.462,409.242,409.242,6900.0
1.1985,-37.987,-37.987,409.669,409.669,6900.0
1.1986,-37.213,-37.213,410.082,410.082,6900.0
1.1987,-36.333,-36.333,410.457,410.457,6900.0
1.1988,-35.492,-35.492,410.783,410.783,6900.0
1.1989,-34.767,-34.767,411.071,411.071,6900.0
1.199,-33.972,-33.972,411.323,411.323,6900.0
1.1991,-33.025,-33.025,411.539,411.539,6900.0
1.1992,-32.115,-32.115,411.714,411.714,6900.0
1.1993,-31.178,-31.178,411.848,411.848,6900.0
1.1994,-30.163,-30.163,411.936,411.936,6900.0
1.1995,-29.181,-29.181,411.978,411.978,6900.0
1.1996,-28.153,-28.153,411.973,411.973,6900.0
1.1997,-27.343,-27.343,411.929,411.929,6900.0
1.1998,-26.497,-26.497,411.86,411.86,6900.0
1.1999,-25.214,-25.214,411.76,411.76,6900.0
1.2,-23.877,-23.877,411.607,411.607,6900.0
1.2001,-22.94,-22.94,411.399,411.399,6900.0
1.2002,-22.081,-22.081,411.161,411.161,6900.0
1.2003,-21.265,-21.265,410.905,410.905,6900.0
1.2004,-19.817,-19.817,410.631,410.631,6900.0
1.2005,-18.304,-18.304,410.299,410.299,6900.0
1.2006,-17.636,-17.183,409.909,409.909,6900.0
1.2007,-16.122,-16.122,409.486,409.486,6900.0
1.2008,-15.325,-15.325,409.037,409.037,6900.0
1.2009,-14.15,-14.15,408.574,408.574,6900.0
1.201,-12.591,-12.591,408.079,408.079,6900.0
1.2011,-11.721,-11.721,407.549,407.549,6900.0
1.2012,-10.327,-10.327,407.003,407.003,6900.0
1.2013,-9.364,-9.364,406.437,406.437,6900.0
1.2014,-7.844,-7.844,405.859,405.859,6900.0
1.2015,-6.254,-6.254,405.259,405.259,6900.0
1.2016,-4.894,-4.894,404.639,404.639,6900.0
1.2017,-3.509,-3.509,404.004,404.004,6900.0
1.2018,-2.238,-2.238,403.358,403.358,6900.0
1.2019,-0.935,-0.935,402.704,402.704,6900.0
1.202,-0.0,-0.0,402.045,402.045,6900.0
1.2021,-0.0,-0.0,401.384,401.384,6900.0
1.2022,1.356,1.356,400.722,400.722,6900.0
1.2023,2.034,2.034,400.062,400.062,6900.0
1.2024,2.889,2.889,399.405,399.405,6900.0
1.2025,3.827,3.827,398.752,398.752,6900.0
1.2026,4.928,4.928,398.103,398.103,6900.0
1.2027,6.136,6.136,397.463,397.463,6900.0
1.2028,7.882,7.882,396.834,396.834,6900.0
1.2029,9.303,9.303,396.227,396.227,6900.0
1.203,10.331,10.331,395.637,395.637,6900.0
1.2031,11.644,11.644,395.058,395.058,6900.0
1.2032,13.113,13.113,394.506,394.506,6900.0
1.2033,14.738,14.738,393.988,393.988,6900.0
1.2034,16.09,16.09,393.519,393.519,6900.0
1.2035,16.795,16.795,393.081,393.081,6900.0
1.2036,18.148,18.148,392.65,392.65,6900.0
1.2037,19.741,19.741,392.251,392.251,6900.0
1.2038,21.181,21.181,391.901,391.901,6900.0
1.2039,22.36,22.36,391.608,391.608,6900.0
1.204,23.241,23.241,391.353,391.353,6900.0
1.2041,24.45,24.45,391.116,391.116,6900.0
1.2042,25.56,25.56,390.914,390.914,6900.0
1.2043,26.776,26.776,390.755,390.755,6900.0
1.2044,27.697,27.697,390.65,390.65,6900.0
1.2045,28.666,28.666,390.587,390.587,6900.0
1.2046,30.095,29.836,390.568,390.568,6900.0
1.2047,30.838,30.838,390.599,390.599,6900.0
1.2048,31.733,31.733,390.676,390.676,6900.0
1.2049,32.514,32.514,390.793,390.793,6900.0
1.205,33.258,33.258,390.954,390.954,6900.0
1.2051,34.235,34.235,391.159,391.159,6900.0
1.2052,34.972,34.972,391.411,391.411,6900.0
1.2053,35.624,35.624,391.692,391.692,6900.0
1.2054,36.551,36.551,391.992,391.992,6900.0
1.2055,37.14,37.14,392.335,392.335,6900.0
1.2056,38.014,38.014,392.718,392.718,6900.0
1.2057,38.595,38.595,393.15,393.15,6900.0
1.2058,39.066,39.066,393.606,393.606,6900.0
1.2059,39.842,39.842,394.08,394.08,6900.0
1.206,40.287,40.287,394.598,394.598,6900.0
1.2061,40.945,40.945,395.148,395.148,6900.0
1.2062,41.12,41.12,395.752,395.752,6900.0
1.2063,41.148,41.148,396.364,396.364,6900.0
1.2064,41.469,41.469,396.976,396.976,6900.0
1.2065,41.535,41.535,397.604,397.604,6900.0
1.2066,41.799,41.799,398.231,398.231,6900.0
1.2067,41.779,41.779,398.882,398.882,6900.0
1.2068,41.673,41.673,399.523,399.523,6900.0
1.2069,42.067,42.067,400.156,400.156,6900.0
1.207,41.979,41.979,400.806,400.806,6900.0
1.2071,41.821,41.821,401.444,401.444,6900.0
1.2072,41.87,41.87,402.092,402.092,6900.0
1.2073,41.601,41.601,402.739,402.739,6900.0
1.2074,41.598,41.598,403.384,403.384,6900.0
1.2075,41.291,41.291,404.034,404.034,6900.0
1.2076,40.788,40.788,404.656,404.656,6900.0
1.2077,40.65,40.65,405.26,405.26,6900.0
1.2078,40.321,40.321,405.845,405.845,6900.0
1.2079,40.096,40.096,406.414,406.414,6900.0
1.208,39.499,39.499,406.969,406.969,6900.0
1.2081,38.93,38.93,407.476,407.476,6900.0
1.2082,38.545,38.545,407.952,407.952,6900.0
1.2083,37.862,37.862,408.403,408.403,6900.0
1.2084,37.339,37.339,408.833,408.833,6900.0
1.2085,36.601,36.601,409.242,409.242,6900.0
1.2086,35.995,35.995,409.609,409.609,6900.0
1.2087,35.291,35.291,409.942,409.942,6900.0
1.2088,34.555,34.555,410.243,410.243,6900.0
1.2089,33.961,33.961,410.513,410.513,6900.0
1.209,33.041,33.041,410.754,410.754,6900.0
1.2091,32.1,32.1,410.953,410.953,6900.0
1.2092,31.264,31.264,411.105,411.105,6900.0
1.2093,30.449,30.449,411.213,411.213,6900.0
1.2094,29.573,29.573,411.277,411.277,6900.0
1.2095,28.815,28.815,411.299,411.299,6900.0
1.2096,27.826,27.826,411.291,411.291,6900.0
1.2097,26.665,26.665,411.252,411.252,6900.0
1.2098,25.661,25.661,411.166,411.166,6900.0
1.2099,24.573,24.573,411.03,411.03,6900.0
1.21,23.775,23.775,410.853,410.853,6900.0
1.2101,22.945,22.945,410.653,410.653,6900.0
1.2102,21.795,21.795,410.439,410.439,6900.0
1.2103,20.287,20.287,410.182,410.182,6900.0
1.2104,18.857,18.857,409.86,409.86,6900.0
1.2105,17.972,17.972,409.492,409.492,6900.0
1.2106,17.321,17.321,409.097,409.097,6900.0
1.2107,16.333,16.333,408.692,408.692,6900.0
1.2108,14.662,14.662,408.261,408.261,6900.0
1.2109,13.314,13.314,407.784,407.784,6900.0
1.211,12.121,12.121,407.278,407.278,6900.0
1.2111,11.187,11.187,406.747,406.747,6900.0
1.2112,10.034,10.034,406.203,406.203,6900.0
1.2113,8.592,8.592,405.638,405.638,6900.0
1.2114,6.947,6.947,405.048,405.048,6900.0
1.2115,5.661,5.661,404.436,404.436,6900.0
1.2116,4.335,4.335,403.808,403.808,6900.0
1.2117,2.986,2.986,403.168,403.168,6900.0
1.2118,1.745,1.745,402.517,402.517,6900.0
1.2119,0.654,0.654,401.86,401.86,6900.0
1.212,0.0,0.0,401.2,401.2,6900.0
1.2121,0.0,0.0,400.538,400.538,6900.0
1.2122,-1.241,-1.241,399.874,399.874,6900.0
1.2123,-2.412,-2.412,399.213,399.213,6900.0
1.2124,-3.0,-3.0,398.554,398.554,6900.0
1.2125,-4.309,-4.309,397.898,397.898,6900.0
1.2126,-5.435,-5.435,397.25,397.25,6900.0
1.2127,-7.03,-7.03,396.614,396.614,6900.0
1.2128,-7.836,-7.836,395.995,395.995,6900.0
1.2129,-8.935,-8.935,395.384,395.384,6900.0
1.213,-10.498,-10.498,394.789,394.789,6900.0
1.2131,-11.751,-11.751,394.219,394.219,6900.0
1.2132,-13.211,-13.211,393.681,393.681,6900.0
1.2133,-14.203,-14.203,393.177,393.177,6900.0
1.2134,-15.261,-15.261,392.685,392.685,6900.0
1.2135,-16.881,-16.881,392.21,392.21,6900.0
1.2136,-18.517,-18.517,391.775,391.775,6900.0
1.2137,-19.961,-19.961,391.397,391.397,6900.0
1.2138,-20.989,-20.989,391.07,391.07,6900.0
1.2139,-21.849,-21.849,390.767,390.767,6900.0
1.214,-22.922,-22.922,390.485,390.485,6900.0
1.2141,-24.263,-24.263,390.237,390.237,6900.0
1.2142,-25.412,-25.412,390.041,390.041,6900.0
1.2143,-26.674,-26.674,389.889,389.889,6900.0
1.2144,-27.736,-27.736,389.784,389.784,6900.0
1.2145,-28.84,-28.84,389.717,389.717,6900.0
1.2146,-29.859,-29.859,389.696,389.696,6900.0
1.2147,-31.113,-30.864,389.719,389.719,6900.0
1.2148,-31.969,-31.969,389.792,389.792,6900.0
1.2149,-33.05,-33.05,389.918,389.918,6900.0
1.215,-33.721,-33.721,390.101,390.101,6900.0
1.2151,-34.464,-34.464,390.32,390.32,6900.0
1.2152,-35.126,-35.126,390.567,390.567,6900.0
1.2153,-35.976,-35.976,390.845,390.845,6900.0
1.2154,-36.964,-36.964,391.161,391.161,6900.0
1.2155,-37.647,-37.647,391.533,391.533,6900.0
1.2156,-38.015,-38.015,391.938,391.938,6900.0
1.2157,-38.52,-38.52,392.353,392.353,6900.0
1.2158,-39.097,-39.097,392.799,392.799,6900.0
1.2159,-39.644,-39.644,393.275,393.275,6900.0
1.216,-40.226,-40.226,393.805,393.805,6900.0
1.2161,-40.507,-40.507,394.37,394.37,6900.0
1.2162,-40.685,-40.685,394.942,394.942,6900.0
1.2163,-40.976,-40.976,395.536,395.536,6900.0
1.2164,-41.142,-41.142,396.14,396.14,6900.0
1.2165,-41.465,-41.465,396.766,396.766,6900.0
1.2166,-41.621,-41.621,397.409,397.409,6900.0
1.2167,-41.809,-41.809,398.039,398.039,6900.0
1.2168,-41.851,-41.851,398.684,398.684,6900.0
1.2169,-41.644,-41.644,399.322,399.322,6900.0
1.217,-41.893,-41.893,399.954,399.954,6900.0
1.2171,-41.706,-41.706,400.604,400.604,6900.0
1.2172,-41.599,-41.599,401.241,401.241,6900.0
1.2173,-41.618,-41.618,401.887,401.887,6900.0
1.2174,-41.279,-41.279,402.531,402.531,6900.0
1.2175,-41.23,-41.23,403.153,403.153,6900.0
1.2176,-40.866,-40.866,403.777,403.777,6900.0
1.2177,-40.682,-40.682,404.378,404.378,6900.0
1.2178,-40.204,-40.204,404.978,404.978,6900.0
1.2179,-39.516,-39.516,405.549,405.549,6900.0
1.218,-39.051,-39.051,406.072,406.072,6900.0
1.2181,-38.754,-38.754,406.569,406.569,6900.0
1.2182,-38.453,-38.453,407.043,407.043,6900.0
1.2183,-37.751,-37.751,407.509,407.509,6900.0
1.2184,-37.069,-37.069,407.938,407.938,6900.0
1.2185,-36.385,-36.385,408.323,408.323,6900.0
1.2186,-35.813,-35.813,408.678,408.678,6900.0
1.2187,-35.337,-35.337,409.005,409.005,6900.0
1.2188,-34.617,-34.617,409.313,409.313,6900.0
1.2189,-33.793,-33.793,409.587,409.587,6900.0
1.219,-33.013,-33.013,409.817,409.817,6900.0
1.2191,-32.159,-32.159,410.009,410.009,6900.0
1.2192,-31.246,-31.246,410.159,410.159,6900.0
1.2193,-30.381,-30.381,410.268,410.268,6900.0
1.2194,-29.531,-29.531,410.339,410.339,6900.0
1.2195,-28.656,-28.656,410.374,410.374,6900.0
1.2196,-27.529,-27.529,410.369,410.369,6900.0
1.2197,-26.357,-26.357,410.313,410.313,6900.0
1.2198,-25.394,-25.394,410.208,410.208,6900.0
1.2199,-24.452,-24.452,410.067,410.067,6900.0
1.22,-23.73,-23.73,409.902,409.902,6900.0
1.2201,-22.578,-22.578,409.714,409.714,6900.0
1.2202,-21.189,-21.189,409.473,409.473,6900.0
1.2203,-20.107,-20.107,409.176,409.176,6900.0
1.2204,-19.27,-19.27,408.846,408.846,6900.0
1.2205,-18.517,-18.517,408.502,408.502,6900.0
1.2206,-17.091,-17.091,408.143,408.143,6900.0
1.2207,-15.537,-15.537,407.739,407.739,6900.0
1.2208,-14.62,-14.62,407.286,407.286,6900.0
1.2209,-13.424,-13.424,406.807,406.807,6900.0
1.221,-12.608,-12.608,406.301,406.301,6900.0
1.2211,-11.16,-11.16,405.778,405.778,6900.0
1.2212,-9.694,-9.694,405.226,405.226,6900.0
1.2213,-8.612,-8.612,404.644,404.644,6900.0
1.2214,-7.369,-7.369,404.046,404.046,6900.0
1.2215,-6.424,-6.424,403.432,403.432,6900.0
1.2216,-5.084,-5.084,402.807,402.807,6900.0
1.2217,-3.683,-3.683,402.17,402.17,6900.0
1.2218,-2.293,-2.293,401.521,401.521,6900.0
1.2219,-1.0,-1.0,400.864,400.864,6900.0
1.222,-0.795,-0.795,400.203,400.203,6900.0
1.2221,0.054,0.054,399.539,399.539,6900.0
1.2222,0.83,0.83,398.874,398.874,6900.0
1.2223,1.788,1.788,398.21,398.21,6900.0
1.2224,2.8,2.8,397.548,397.548,6900.0
1.2225,3.941,3.941,396.892,396.892,6900.0
1.2226,5.104,5.104,396.246,396.246,6900.0
1.2227,6.225,6.225,395.61,395.61,6900.0
1.2228,7.588,7.588,394.982,394.982,6900.0
1.2229,8.892,8.892,394.37,394.37,6900.0
1.223,10.461,10.461,393.776,393.776,6900.0
1.2231,11.622,11.622,393.213,393.213,6900.0
1.2232,12.647,12.647,392.666,392.666,6900.0
1.2233,14.122,14.122,392.129,392.129,6900.0
1.2234,15.841,15.841,391.622,391.622,6900.0
1.2235,17.518,17.518,391.159,391.159,6900.0
1.2236,18.735,18.735,390.755,390.755,6900.0
1.2237,19.445,19.445,390.386,390.386,6900.0
1.2238,20.672,20.672,390.028,390.028,6900.0
1.2239,22.084,22.084,389.703,389.703,6900.0
1.224,23.43,23.43,389.428,389.428,6900.0
1.2241,24.648,24.648,389.21,389.21,6900.0
1.2242,25.573,25.573,389.034,389.034,6900.0
1.2243,26.439,26.439,388.889,388.889,6900.0
1.2244,27.553,27.553,388.777,388.777,6900.0
1.2245,28.578,28.578,388.709,388.709,6900.0
1.2246,29.675,29.675,388.687,388.687,6900.0
1.2247,30.766,30.766,388.712,388.712,6900.0
1.2248,31.565,31.565,388.789,388.789,6900.0
1.2249,32.358,32.358,388.906,388.906,6900.0
1.225,33.331,33.331,389.058,389.058,6900.0
1.2251,34.34,34.34,389.248,389.248,6900.0
1.2252,35.079,35.079,389.487,389.487,6900.0
1.2253,36.028,36.028,389.775,389.775,6900.0
1.2254,36.516,36.516,390.112,390.112,6900.0
1.2255,37.067,37.067,390.473,390.473,6900.0
1.2256,37.878,37.878,390.851,390.851,6900.0
1.2257,38.546,38.546,391.269,391.269,6900.0
1.2258,39.275,39.275,391.731,391.731,6900.0
1.2259,39.607,39.607,392.242,392.242,6900.0
1.226,39.887,39.887,392.768,392.768,6900.0
1.2261,40.613,40.613,393.302,393.302,6900.0
1.2262,40.879,40.879,393.873,393.873,6900.0
1.2263,41.401,41.401,394.461,394.461,6900.0
1.2264,41.553,41.553,395.093,395.093,6900.0
1.2265,41.521,41.521,395.728,395.728,6900.0
1.2266,41.934,41.934,396.358,396.358,6900.0
1.2267,42.001,42.001,397.008,397.008,6900.0
1.2268,42.13,42.13,397.652,397.652,6900.0
1.2269,42.202,42.202,398.319,398.319,6900.0
1.227,42.122,42.122,398.98,398.98,6900.0
1.2271,42.247,42.247,399.64,399.64,6900.0
1.2272,41.91,41.91,400.312,400.312,6900.0
1.2273,41.924,41.924,400.953,400.953,6900.0
1.2274,41.982,41.982,401.604,401.604,6900.0
1.2275,41.671,41.671,402.251,402.251,6900.0
1.2276,41.408,41.408,402.889,402.889,6900.0
1.2277,40.951,40.951,403.518,403.518,6900.0
1.2278,40.457,40.457,404.109,404.109,6900.0
1.2279,40.19,40.19,404.676,404.676,6900.0
1.228,39.735,39.735,405.222,405.222,6900.0
1.2281,39.284,39.284,405.752,405.752,6900.0
1.2282,38.661,38.661,406.259,406.259,6900.0
1.2283,38.033,38.033,406.723,406.723,6900.0
1.2284,37.577,37.577,407.151,407.151,6900.0
1.2285,36.951,36.951,407.553,407.553,6900.0
1.2286,36.49,36.49,407.932,407.932,6900.0
1.2287,35.624,35.624,408.288,408.288,6900.0
1.2288,34.994,34.774,408.602,408.602,6900.0
1.2289,34.027,34.027,408.869,408.869,6900.0
1.229,33.205,33.205,409.101,409.101,6900.0
1.2291,32.531,32.531,409.295,409.295,6900.0
1.2292,31.724,31.724,409.455,409.455,6900.0
1.2293,30.81,30.81,409.58,409.58,6900.0
1.2294,29.804,29.804,409.665,409.665,6900.0
1.2295,28.793,28.793,409.703,409.703,6900.0
1.2296,27.957,27.957,409.688,409.688,6900.0
1.2297,27.047,27.047,409.636,409.636,6900.0
1.2298,26.254,26.254,409.552,409.552,6900.0
1.2299,25.164,25.164,409.446,409.446,6900.0
1.23,23.818,23.818,409.296,409.296,6900.0
1.2301,22.635,22.635,409.085,409.085,6900.0
1.2302,21.791,21.791,408.831,408.831,6900.0
1.2303,20.982,20.982,408.555,408.555,6900.0
1.2304,19.787,19.787,408.269,408.269,6900.0
1.2305,18.229,18.229,407.945,407.945,6900.0
1.2306,16.948,16.948,407.561,407.561,6900.0
1.2307,15.995,15.995,407.137,407.137,6900.0
1.2308,14.986,14.986,406.682,406.682,6900.0
1.2309,14.023,14.023,406.209,406.209,6900.0
1.231,12.518,12.518,405.711,405.711,6900.0
1.2311,11.003,11.003,405.177,405.177,6900.0
1.2312,9.858,9.858,404.618,404.618,6900.0
1.2313,8.645,8.645,404.038,404.038,6900.0
1.2314,7.479,7.479,403.446,403.446,6900.0
1.2315,6.114,6.114,402.838,402.838,6900.0
1.2316,4.52,4.52,402.213,402.213,6900.0
1.2317,3.03,3.03,401.572,401.572,6900.0
1.2318,1.746,1.746,400.92,400.92,6900.0
1.2319,0.795,0.795,400.261,400.261,6900.0
1.232,0.603,0.603,399.598,399.598,6900.0
1.2321,0.0,0.0,398.933,398.933,6900.0
1.2322,-2.172,-2.172,398.267,398.267,6900.0
1.2323,-2.132,-2.132,397.605,397.605,6900.0
1.2324,-3.115,-3.115,396.945,396.945,6900.0
1.2325,-4.112,-4.112,396.291,396.291,6900.0
1.2326,-5.29,-5.29,395.641,395.641,6900.0
1.2327,-6.836,-6.836,395.0,395.0,6900.0
1.2328,-8.065,-8.065,394.373,394.373,6900.0
1.2329,-9.425,-9.425,393.764,393.764,6900.0
1.233,-10.515,-10.515,393.175,393.175,6900.0
1.2331,-11.769,-11.769,392.597,392.597,6900.0
1.2332,-13.453,-13.453,392.038,392.038,6900.0
1.2333,-14.858,-14.858,391.516,391.516,6900.0
1.2334,-16.387,-16.387,391.038,391.038,6900.0
1.2335,-17.261,-17.261,390.607,390.607,6900.0
1.2336,-18.262,-18.262,390.19,390.19,6900.0
1.2337,-19.685,-19.685,389.793,389.793,6900.0
1.2338,-21.37,-21.37,389.433,389.433,6900.0
1.2339,-22.837,-22.837,389.132,389.132,6900.0
1.234,-23.848,-23.848,388.885,388.885,6900.0
1.2341,-24.679,-24.679,388.668,388.668,6900.0
1.2342,-25.948,-25.948,388.475,388.475,6900.0
1.2343,-27.114,-27.114,388.326,388.326,6900.0
1.2344,-28.361,-28.361,388.226,388.226,6900.0
1.2345,-29.405,-29.405,388.179,388.179,6900.0
1.2346,-30.245,-30.245,388.183,388.183,6900.0
1.2347,-31.139,-31.139,388.23,388.23,6900.0
1.2348,-32.376,-32.376,388.316,388.316,6900.0
1.2349,-33.293,-33.293,388.453,388.453,6900.0
1.235,-34.231,-34.231,388.631,388.631,6900.0
1.2351,-35.424,-35.424,388.85,388.85,6900.0
1.2352,-36.205,-36.205,389.132,389.132,6900.0
1.2353,-36.848,-36.848,389.452,389.452,6900.0
1.2354,-37.448,-37.448,389.791,389.791,6900.0
1.2355,-38.296,-38.296,390.163,390.163,6900.0
1.2356,-39.084,-39.084,390.574,390.574,6900.0
1.2357,-39.79,-39.79,391.041,391.041,6900.0
1.2358,-40.266,-40.266,391.547,391.547,6900.0
1.2359,-40.737,-40.737,392.065,392.065,6900.0
1.236,-41.255,-41.255,392.616,392.616,6900.0
1.2361,-41.741,-41.741,393.192,393.192,6900.0
1.2362,-42.271,-42.271,393.816,393.816,6900.0
1.2363,-42.261,-42.261,394.472,394.472,6900.0
1.2364,-42.338,-42.338,395.115,395.115,6900.0
1.2365,-42.648,-42.648,395.772,395.772,6900.0
1.2366,-42.661,-42.661,396.435,396.435,6900.0
1.2367,-42.934,-42.934,397.108,397.108,6900.0
1.2368,-42.852,-42.852,397.799,397.799,6900.0
1.2369,-42.94,-42.94,398.471,398.471,6900.0
1.237,-43.06,-43.06,399.157,399.157,6900.0
1.2371,-42.805,-42.805,399.842,399.842,6900.0
1.2372,-42.869,-42.869,400.516,400.516,6900.0
1.2373,-42.554,-42.554,401.203,401.203,6900.0
1.2374,-42.418,-42.418,401.872,401.872,6900.0
1.2375,-42.254,-42.254,402.547,402.547,6900.0
1.2376,-41.846,-41.846,403.207,403.207,6900.0
1.2377,-41.634,-41.634,403.833,403.833,6900.0
1.2378,-41.269,-41.269,404.449,404.449,6900.0
1.2379,-40.951,-40.951,405.038,405.038,6900.0
1.238,-40.485,-40.485,405.617,405.617,6900.0
1.2381,-39.788,-39.788,406.167,406.167,6900.0
1.2382,-39.404,-39.404,406.665,406.665,6900.0
1.2383,-38.686,-38.686,407.146,407.146,6900.0
1.2384,-38.235,-38.235,407.592,407.592,6900.0
1.2385,-37.609,-37.609,408.025,408.025,6900.0
1.2386,-36.908,-36.908,408.424,408.424,6900.0
1.2387,-36.098,-36.098,408.783,408.783,6900.0
1.2388,-35.345,-35.345,409.104,409.104,6900.0
1.2389,-34.709,-34.482,409.39,409.39,6900.0
1.239,-33.601,-33.601,409.64,409.64,6900.0
1.2391,-33.126,-33.126,409.848,409.848,6900.0
1.2392,-32.345,-32.345,410.024,410.024,6900.0
1.2393,-31.283,-31.283,410.16,410.16,6900.0
1.2394,-30.289,-30.289,410.243,410.243,6900.0
1.2395,-29.363,-29.363,410.278,410.278,6900.0
1.2396,-28.489,-28.489,410.276,410.276,6900.0
1.2397,-27.532,-27.532,410.245,410.245,6900.0
1.2398,-26.439,-26.439,410.18,410.18,6900.0
1.2399,-25.258,-25.258,410.065,410.065,6900.0
1.24,-24.29,-24.29,409.898,409.898,6900.0
1.2401,-23.231,-23.231,409.701,409.701,6900.0
1.2402,-22.425,-22.425,409.481,409.481,6900.0
1.2403,-20.941,-20.941,409.242,409.242,6900.0
1.2404,-19.274,-19.274,408.94,408.94,6900.0
1.2405,-18.33,-18.33,408.575,408.575,6900.0
1.2406,-17.343,-17.343,408.178,408.178,6900.0
1.2407,-16.493,-16.493,407.759,407.759,6900.0
1.2408,-15.311,-15.311,407.324,407.324,6900.0
1.2409,-13.793,-13.793,406.855,406.855,6900.0
1.241,-12.637,-12.637,406.35,406.35,6900.0
1.2411,-11.301,-11.301,405.824,405.824,6900.0
1.2412,-10.382,-10.382,405.275,405.275,6900.0
1.2413,-8.954,-8.954,404.713,404.713,6900.0
1.2414,-7.301,-7.301,404.127,404.127,6900.0
1.2415,-6.018,-6.018,403.516,403.516,6900.0
1.2416,-4.648,-4.648,402.89,402.89,6900.0
1.2417,-3.546,-3.546,402.249,402.249,6900.0
1.2418,-2.167,-2.167,401.598,401.598,6900.0
1.2419,-0.912,-0.912,400.94,400.94,6900.0
1.242,-0.036,-0.036,400.279,400.279,6900.0
1.2421,0.101,0.101,399.615,399.615,6900.0
1.2422,0.559,0.559,398.951,398.951,6900.0
1.2423,1.579,1.579,398.288,398.288,6900.0
1.2424,2.468,2.468,397.626,397.626,6900.0
1.2425,3.746,3.746,396.967,396.967,6900.0
1.2426,5.119,5.119,396.315,396.315,6900.0
1.2427,6.622,6.622,395.674,395.674,6900.0
1.2428,7.837,7.837,395.051,395.051,6900.0
1.2429,8.965,8.965,394.441,394.441,6900.0
1.243,10.457,10.457,393.843,393.843,6900.0
1.2431,11.791,11.791,393.271,393.271,6900.0
1.2432,13.422,13.422,392.727,392.727,6900.0
1.2433,14.895,14.895,392.227,392.227,6900.0
1.2434,15.762,15.762,391.755,391.755,6900.0
1.2435,16.988,16.988,391.292,391.292,6900.0
1.2436,18.696,18.696,390.856,390.856,6900.0
1.2437,20.296,20.296,390.471,390.471,6900.0
1.2438,21.501,21.501,390.146,390.146,6900.0
1.2439,22.438,22.438,389.86,389.86,6900.0
1.244,23.592,23.592,389.591,389.591,6900.0
1.2441,24.855,24.855,389.356,389.356,6900.0
1.2442,26.199,26.199,389.167,389.167,6900.0
1.2443,27.372,27.372,389.032,389.032,6900.0
1.2444,28.36,28.36,388.947,388.947,6900.0
1.2445,29.356,29.356,388.902,388.902,6900.0
1.2446,30.298,30.298,388.901,388.901,6900.0
1.2447,31.249,31.249,388.942,388.942,6900.0
1.2448,32.232,32.232,389.027,389.027,6900.0
1.2449,33.298,33.298,389.158,389.158,6900.0
1.245,34.311,34.311,389.345,389.345,6900.0
1.2451,34.894,34.894,389.581,389.581,6900.0
1.2452,35.667,35.667,389.844,389.844,6900.0
1.2453,36.611,36.611,390.131,390.131,6900.0
1.2454,37.518,37.518,390.463,390.463,6900.0
1.2455,38.539,38.539,390.844,390.844,6900.0
1.2456,38.923,38.923,391.281,391.281,6900.0
1.2457,39.371,39.371,391.734,391.734,6900.0
1.2458,40.057,40.057,392.204,392.204,6900.0
1.2459,40.322,40.322,392.716,392.716,6900.0
1.246,41.094,41.094,393.253,393.253,6900.0
1.2461,41.372,41.372,393.85,393.85,6900.0
1.2462,41.6,41.6,394.457,394.457,6900.0
1.2463,42.209,42.209,395.069,395.069,6900.0
1.2464,42.299,42.299,395.713,395.713,6900.0
1.2465,42.562,42.562,396.361,396.361,6900.0
1.2466,42.709,42.709,397.035,397.035,6900.0
1.2467,42.616,42.616,397.709,397.709,6900.0
1.2468,42.8,42.8,398.377,398.377,6900.0
1.2469,42.892,42.892,399.054,399.054,6900.0
1.247,42.893,42.893,399.725,399.725,6900.0
1.2471,42.953,42.953,400.411,400.411,6900.0
1.2472,42.757,42.757,401.095,401.095,6900.0
1.2473,42.683,42.683,401.778,401.778,6900.0
1.2474,42.191,42.191,402.465,402.465,6900.0
1.2475,41.892,41.892,403.115,403.115,6900.0
1.2476,41.744,41.744,403.757,403.757,6900.0
1.2477,41.366,41.366,404.384,404.384,6900.0
1.2478,41.194,41.194,404.995,404.995,6900.0
1.2479,40.717,40.717,405.594,405.594,6900.0
1.248,40.07,40.07,406.154,406.154,6900.0
1.2481,39.705,39.705,406.678,406.678,6900.0
1.2482,39.198,39.198,407.178,407.178,6900.0
1.2483,38.825,38.825,407.66,407.66,6900.0
1.2484,38.123,38.123,408.123,408.123,6900.0
1.2485,37.39,37.39,408.545,408.545,6900.0
1.2486,36.77,36.77,408.927,408.927,6900.0
1.2487,35.927,35.927,409.279,409.279,6900.0
1.2488,35.342,35.342,409.598,409.598,6900.0
1.2489,34.542,34.542,409.891,409.891,6900.0
1.249,33.749,33.749,410.142,410.142,6900.0
1.2491,32.813,32.813,410.351,410.351,6900.0
1.2492,31.917,31.917,410.516,410.516,6900.0
1.2493,31.094,31.094,410.635,410.635,6900.0
1.2494,30.193,30.193,410.716,410.716,6900.0
1.2495,29.391,29.391,410.76,410.76,6900.0
1.2496,28.199,28.199,410.773,410.773,6900.0
1.2497,26.94,26.94,410.738,410.738,6900.0
1.2498,25.93,25.93,410.643,410.643,6900.0
1.2499,25.099,25.099,410.507,410.507,6900.0
1.25,24.401,24.401,410.345,410.345,6900.0
1.2501,23.144,23.144,410.171,410.171,6900.0
1.2502,21.731,21.731,409.951,409.951,6900.0
1.2503,20.501,20.501,409.666,409.666,6900.0
1.2504,19.628,19.628,409.337,409.337,6900.0
1.2505,18.873,18.873,408.984,408.984,6900.0
1.2506,17.674,17.674,408.621,408.621,6900.0
1.2507,16.102,16.102,408.227,408.227,6900.0
1.2508,14.912,14.912,407.782,407.782,6900.0
1.2509,14.038,14.038,407.307,407.307,6900.0
1.251,12.856,12.856,406.806,406.806,6900.0
1.2511,11.663,11.663,406.287,406.287,6900.0
1.2512,10.066,10.066,405.744,405.744,6900.0
1.2513,8.504,8.504,405.17,405.17,6900.0
1.2514,7.253,7.253,404.574,404.574,6900.0
1.2515,5.81,5.81,403.959,403.959,6900.0
1.2516,4.541,4.541,403.331,403.331,6900.0
1.2517,3.095,3.095,402.691,402.691,6900.0
1.2518,1.885,1.885,402.04,402.04,6900.0
1.2519,0.794,0.794,401.382,401.382,6900.0
1.252,0.0,0.0,400.721,400.721,6900.0
1.2521,0.0,0.0,400.058,400.058,6900.0
1.2522,-1.792,-1.792,399.394,399.394,6900.0
1.2523,-1.745,-1.745,398.732,398.732,6900.0
1.2524,-2.888,-2.888,398.071,398.071,6900.0
1.2525,-3.984,-3.984,397.415,397.415,6900.0
1.2526,-5.497,-5.497,396.768,396.768,6900.0
1.2527,-6.717,-6.717,396.135,396.135,6900.0
1.2528,-7.815,-7.815,395.512,395.512,6900.0
1.2529,-9.463,-9.463,394.902,394.902,6900.0
1.253,-11.4,-10.905,394.312,394.312,6900.0
1.2531,-12.34,-12.34,393.754,393.754,6900.0
1.2532,-13.536,-13.536,393.224,393.224,6900.0
1.2533,-14.429,-14.429,392.709,392.709,6900.0
1.2534,-16.056,-16.056,392.208,392.208,6900.0
1.2535,-17.552,-17.552,391.748,391.748,6900.0
1.2536,-19.15,-19.15,391.341,391.341,6900.0
1.2537,-20.149,-20.149,390.987,390.987,6900.0
1.2538,-21.16,-21.16,390.653,390.653,6900.0
1.2539,-22.39,-22.39,390.343,390.343,6900.0
1.254,-23.794,-23.794,390.07,390.07,6900.0
1.2541,-25.151,-25.151,389.85,389.85,6900.0
1.2542,-26.092,-26.092,389.681,389.681,6900.0
1.2543,-27.117,-27.117,389.546,389.546,6900.0
1.2544,-28.431,-28.431,389.445,389.445,6900.0
1.2545,-29.448,-29.448,389.395,389.395,6900.0
1.2546,-30.695,-30.695,389.389,389.389,6900.0
1.2547,-31.746,-31.746,389.437,389.437,6900.0
1.2548,-32.76,-32.76,389.54,389.54,6900.0
1.2549,-33.711,-33.711,389.694,389.694,6900.0
1.255,-34.469,-34.469,389.892,389.892,6900.0
1.2551,-35.268,-35.268,390.12,390.12,6900.0
1.2552,-36.233,-36.233,390.385,390.385,6900.0
1.2553,-36.95,-36.95,390.695,390.695,6900.0
1.2554,-37.752,-37.752,391.054,391.054,6900.0
1.2555,-38.338,-38.338,391.451,391.451,6900.0
1.2556,-38.578,-38.578,391.865,391.865,6900.0
1.2557,-39.378,-39.378,392.301,392.301,6900.0
1.2558,-39.984,-39.984,392.773,392.773,6900.0
1.2559,-40.548,-40.548,393.299,393.299,6900.0
1.256,-40.894,-40.894,393.86,393.86,6900.0
1.2561,-41.488,-41.488,394.426,394.426,6900.0
1.2562,-41.86,-41.86,395.03,395.03,6900.0
1.2563,-42.076,-42.076,395.649,395.649,6900.0
1.2564,-42.486,-42.486,396.296,396.296,6900.0
1.2565,-42.489,-42.489,396.966,396.966,6900.0
1.2566,-42.435,-42.435,397.625,397.625,6900.0
1.2567,-42.534,-42.534,398.289,398.289,6900.0
1.2568,-42.39,-42.39,398.951,398.951,6900.0
1.2569,-42.67,-42.67,399.611,399.611,6900.0
1.257,-42.522,-42.522,400.291,400.291,6900.0
1.2571,-42.678,-42.678,400.954,400.954,6900.0
1.2572,-42.545,-42.545,401.636,401.636,6900.0
1.2573,-42.185,-42.185,402.307,402.307,6900.0
1.2574,-42.163,-42.163,402.958,402.958,6900.0
1.2575,-41.746,-41.746,403.615,403.615,6900.0
1.2576,-41.701,-41.701,404.245,404.245,6900.0
1.2577,-41.303,-41.303,404.883,404.883,6900.0
1.2578,-40.768,-40.768,405.492,405.492,6900.0
1.2579,-40.552,-40.552,406.056,406.056,6900.0
1.258,-40.051,-40.051,406.611,406.611,6900.0
1.2581,-39.638,-39.638,407.135,407.135,6900.0
1.2582,-39.024,-39.024,407.647,407.647,6900.0
1.2583,-38.301,-38.301,408.127,408.127,6900.0
1.2584,-37.764,-37.764,408.557,408.557,6900.0
1.2585,-37.109,-37.109,408.964,408.964,6900.0
1.2586,-36.809,-36.809,409.336,409.336,6900.0
1.2587,-36.115,-36.115,409.696,409.696,6900.0
1.2588,-35.237,-35.237,410.021,410.021,6900.0
1.2589,-34.468,-34.468,410.301,410.301,6900.0
1.259,-33.763,-33.763,410.543,410.543,6900.0
1.2591,-32.772,-32.772,410.749,410.749,6900.0
1.2592,-31.709,-31.709,410.914,410.914,6900.0
1.2593,-30.74,-30.74,411.035,411.035,6900.0
1.2594,-29.86,-29.86,411.118,411.118,6900.0
1.2595,-28.771,-28.771,411.16,411.16,6900.0
1.2596,-27.834,-27.834,411.15,411.15,6900.0
1.2597,-26.934,-26.934,411.091,411.091,6900.0
1.2598,-26.004,-26.004,410.997,410.997,6900.0
1.2599,-25.14,-25.14,410.878,410.878,6900.0
1.26,-23.876,-23.876,410.73,410.73,6900.0
1.2601,-22.584,-22.584,410.527,410.527,6900.0
1.2602,-21.613,-21.613,410.268,410.268,6900.0
1.2603,-20.73,-20.73,409.982,409.982,6900.0
1.2604,-19.959,-19.959,409.68,409.68,6900.0
1.2605,-18.525,-18.525,409.365,409.365,6900.0
1.2606,-16.993,-16.993,408.999,408.999,6900.0
1.2607,-15.893,-15.893,408.581,408.581,6900.0
1.2608,-14.533,-14.533,408.131,408.131,6900.0
1.2609,-13.561,-13.561,407.65,407.65,6900.0
1.261,-12.265,-12.265,407.149,407.149,6900.0
1.2611,-10.73,-10.73,406.617,406.617,6900.0
1.2612,-9.633,-9.633,406.053,406.053,6900.0
1.2613,-8.454,-8.454,405.471,405.471,6900.0
1.2614,-7.517,-7.517,404.872,404.872,6900.0
1.2615,-6.09,-6.09,404.263,404.263,6900.0
1.2616,-4.662,-4.662,403.639,403.639,6900.0
1.2617,-3.384,-3.384,403.0,403.0,6900.0
1.2618,-1.922,-1.922,402.352,402.352,6900.0
1.2619,-0.869,-0.869,401.695,401.695,6900.0
1.262,-0.729,-0.729,401.035,401.035,6900.0
1.2621,-0.0,-0.0,400.372,400.372,6900.0
1.2622,1.655,1.655,399.709,399.709,6900.0
1.2623,1.916,1.916,399.047,399.047,6900.0
1.2624,3.115,3.115,398.389,398.389,6900.0
1.2625,4.214,4.214,397.738,397.738,6900.0
1.2626,5.172,5.172,397.094,397.094,6900.0
1.2627,6.598,6.598,396.456,396.456,6900.0
1.2628,7.846,7.846,395.834,395.834,6900.0
1.2629,9.282,9.282,395.226,395.226,6900.0
1.263,10.554,10.554,394.642,394.642,6900.0
1.2631,12.129,11.639,394.075,394.075,6900.0
1.2632,13.108,13.108,393.518,393.518,6900.0
1.2633,14.802,14.802,392.988,392.988,6900.0
1.2634,16.479,16.479,392.501,392.501,6900.0
1.2635,17.823,17.823,392.069,392.069,6900.0
1.2636,18.656,18.656,391.671,391.671,6900.0
1.2637,19.872,19.872,391.286,391.286,6900.0
1.2638,21.163,21.163,390.933,390.933,6900.0
1.2639,22.494,22.494,390.626,390.626,6900.0
1.264,23.635,23.635,390.374,390.374,6900.0
1.2641,24.682,24.682,390.163,390.163,6900.0
1.2642,25.757,25.757,389.983,389.983,6900.0
1.2643,26.884,26.884,389.838,389.838,6900.0
1.2644,28.042,28.042,389.737,389.737,6900.0
1.2645,29.015,29.015,389.686,389.686,6900.0
1.2646,30.035,30.035,389.679,389.679,6900.0
1.2647,30.954,30.954,389.72,389.72,6900.0
1.2648,31.682,31.682,389.806,389.806,6900.0
1.2649,32.482,32.482,389.927,389.927,6900.0
1.265,33.445,33.445,390.082,390.082,6900.0
1.2651,34.282,34.282,390.281,390.281,6900.0
1.2652,35.189,35.189,390.531,390.531,6900.0
1.2653,36.152,36.152,390.825,390.825,6900.0
1.2654,36.654,36.654,391.158,391.158,6900.0
1.2655,37.621,37.621,391.507,391.507,6900.0
1.2656,38.249,38.249,391.903,391.903,6900.0
1.2657,39.124,39.124,392.34,392.34,6900.0
1.2658,39.467,39.467,392.833,392.833,6900.0
1.2659,39.787,39.787,393.341,393.341,6900.0
1.266,40.392,40.392,393.858,393.858,6900.0
1.2661,40.742,40.742,394.411,394.411,6900.0
1.2662,41.345,41.345,394.985,394.985,6900.0
1.2663,41.548,41.548,395.607,395.607,6900.0
1.2664,41.475,41.475,396.234,396.234,6900.0
1.2665,41.729,41.729,396.856,396.856,6900.0
1.2666,41.843,41.843,397.496,397.496,6900.0
1.2667,42.177,42.177,398.13,398.13,6900.0
1.2668,42.185,42.185,398.799,398.799,6900.0
1.2669,42.024,42.024,399.464,399.464,6900.0
1.267,42.288,42.288,400.122,400.122,6900.0
1.2671,42.117,42.117,400.793,400.793,6900.0
1.2672,42.007,42.007,401.445,401.445,6900.0
1.2673,41.888,41.888,402.103,402.103,6900.0
1.2674,41.564,41.564,402.749,402.749,6900.0
1.2675,41.43,41.43,403.388,403.388,6900.0
1.2676,41.152,41.152,404.021,404.021,6900.0
1.2677,40.658,40.658,404.624,404.624,6900.0
1.2678,40.341,40.341,405.206,405.206,6900.0
1.2679,39.912,39.912,405.763,405.763,6900.0
1.268,39.66,39.66,406.305,406.305,6900.0
1.2681,39.126,39.126,406.833,406.833,6900.0
1.2682,38.511,38.511,407.322,407.322,6900.0
1.2683,38.089,38.089,407.774,407.774,6900.0
1.2684,37.396,37.396,408.206,408.206,6900.0
1.2685,36.941,36.941,408.61,408.61,6900.0
1.2686,36.183,36.183,408.994,408.994,6900.0
1.2687,35.402,35.402,409.335,409.335,6900.0
1.2688,34.733,34.733,409.632,409.632,6900.0
1.2689,33.971,33.971,409.895,409.895,6900.0
1.269,33.143,33.143,410.125,410.125,6900.0
1.2691,32.297,32.297,410.318,410.318,6900.0
1.2692,31.515,31.515,410.472,410.472,6900.0
1.2693,30.487,30.487,410.588,410.588,6900.0
1.2694,29.54,29.54,410.657,410.657,6900.0
1.2695,28.52,28.52,410.678,410.678,6900.0
1.2696,27.681,27.681,410.656,410.656,6900.0
1.2697,26.889,26.889,410.604,410.604,6900.0
1.2698,25.899,25.899,410.528,410.528,6900.0
1.2699,24.714,24.714,410.409,410.409,6900.0
1.27,23.5,23.5,410.233,410.233,6900.0
1.2701,22.675,22.675,410.012,410.012,6900.0
1.2702,21.893,21.893,409.769,409.769,6900.0
1.2703,20.764,20.764,409.515,409.515,6900.0
1.2704,19.183,19.183,409.222,409.222,6900.0
1.2705,17.806,17.806,408.864,408.864,6900.0
1.2706,16.758,16.758,408.463,408.463,6900.0
1.2707,15.783,15.783,408.03,408.03,6900.0
1.2708,14.731,14.731,407.581,407.581,6900.0
1.2709,13.367,13.367,407.105,407.105,6900.0
1.271,12.133,12.133,406.593,406.593,6900.0
1.2711,10.892,10.892,406.058,406.058,6900.0
1.2712,9.631,9.631,405.5,405.5,6900.0
1.2713,8.495,8.495,404.928,404.928,6900.0
1.2714,7.107,7.107,404.338,404.338,6900.0
1.2715,5.597,5.597,403.727,403.727,6900.0
1.2716,4.313,4.313,403.099,403.099,6900.0
1.2717,2.942,2.942,402.457,402.457,6900.0
1.2718,1.726,1.726,401.806,401.806,6900.0
1.2719,0.411,0.411,401.147,401.147,6900.0
1.272,0.0,0.0,400.485,400.485,6900.0
1.2721,0.0,0.0,399.822,399.822,6900.0
1.2722,-2.257,-2.257,399.158,399.158,6900.0
1.2723,-2.272,-2.272,398.498,398.498,6900.0
1.2724,-3.262,-3.262,397.84,397.84,6900.0
1.2725,-4.32,-4.32,397.185,397.185,6900.0
1.2726,-5.695,-5.695,396.537,396.537,6900.0
1.2727,-7.002,-7.002,395.899,395.899,6900.0
1.2728,-8.416,-8.416,395.278,395.278,6900.0
1.2729,-9.293,-9.293,394.676,394.676,6900.0
1.273,-10.494,-10.494,394.083,394.083,6900.0
1.2731,-12.034,-12.034,393.508,393.508,6900.0
1.2732,-13.527,-13.527,392.963,392.963,6900.0
1.2733,-15.194,-15.194,392.459,392.459,6900.0
1.2734,-16.032,-16.032,391.999,391.999,6900.0
1.2735,-16.922,-16.922,391.551,391.551,6900.0
1.2736,-18.461,-18.461,391.119,391.119,6900.0
1.2737,-20.051,-20.051,390.728,390.728,6900.0
1.2738,-21.562,-21.562,390.391,390.391,6900.0
1.2739,-22.594,-22.594,390.106,390.106,6900.0
1.274,-23.475,-23.475,389.85,389.85,6900.0
1.2741,-24.669,-24.669,389.618,389.618,6900.0
1.2742,-25.834,-25.834,389.425,389.425,6900.0
1.2743,-27.157,-27.157,389.28,389.28,6900.0
1.2744,-28.106,-28.106,389.191,389.191,6900.0
1.2745,-29.038,-29.038,389.146,389.146,6900.0
1.2746,-30.276,-30.276,389.141,389.141,6900.0
1.2747,-31.35,-31.35,389.187,389.187,6900.0
1.2748,-32.302,-32.302,389.278,389.278,6900.0
1.2749,-33.166,-33.166,389.413,389.413,6900.0
1.275,-34.082,-34.082,389.591,389.591,6900.0
1.2751,-35.091,-35.091,389.82,389.82,6900.0
1.2752,-35.852,-35.852,390.09,390.09,6900.0
1.2753,-36.506,-36.506,390.387,390.387,6900.0
1.2754,-37.265,-37.265,390.718,390.718,6900.0
1.2755,-38.011,-38.011,391.086,391.086,6900.0
1.2756,-38.75,-38.75,391.51,391.51,6900.0
1.2757,-39.294,-39.294,391.972,391.972,6900.0
1.2758,-39.663,-39.663,392.452,392.452,6900.0
1.2759,-40.137,-40.137,392.96,392.96,6900.0
1.276,-40.584,-40.584,393.492,393.492,6900.0
1.2761,-41.096,-41.096,394.067,394.067,6900.0
1.2762,-41.123,-41.123,394.675,394.675,6900.0
1.2763,-41.439,-41.439,395.272,395.272,6900.0
1.2764,-41.667,-41.667,395.893,395.893,6900.0
1.2765,-41.759,-41.759,396.518,396.518,6900.0
1.2766,-42.224,-42.224,397.157,397.157,6900.0
1.2767,-42.2,-42.2,397.822,397.822,6900.0
1.2768,-42.414,-42.414,398.47,398.47,6900.0
1.2769,-42.491,-42.491,399.141,399.141,6900.0
1.277,-42.235,-42.235,399.809,399.809,6900.0
1.2771,-42.453,-42.453,400.468,400.468,6900.0
1.2772,-42.413,-42.285,401.145,401.145,6900.0
1.2773,-42.129,-42.129,401.808,401.808,6900.0
1.2774,-42.008,-42.008,402.479,402.479,6900.0
1.2775,-41.612,-41.612,403.136,403.136,6900.0
1.2776,-41.334,-41.334,403.762,403.762,6900.0
1.2777,-41.01,-41.01,404.376,404.376,6900.0
1.2778,-40.676,-40.676,404.965,404.965,6900.0
1.2779,-40.264,-40.264,405.545,405.545,6900.0
1.278,-39.646,-39.646,406.096,406.096,6900.0
1.2781,-39.199,-39.199,406.599,406.599,6900.0
1.2782,-38.676,-38.676,407.084,407.084,6900.0
1.2783,-38.221,-38.221,407.544,407.544,6900.0
1.2784,-37.613,-37.613,407.991,407.991,6900.0
1.2785,-36.827,-36.827,408.409,408.409,6900.0
1.2786,-36.105,-36.105,408.779,408.779,6900.0
1.2787,-35.418,-35.418,409.116,409.116,6900.0
1.2788,-34.783,-34.783,409.416,409.416,6900.0
1.2789,-33.966,-33.966,409.69,409.69,6900.0
1.279,-33.03,-33.03,409.924,409.924,6900.0
1.2791,-32.182,-32.182,410.114,410.114,6900.0
1.2792,-31.276,-31.276,410.26,410.26,6900.0
1.2793,-30.407,-30.407,410.36,410.36,6900.0
1.2794,-29.619,-29.619,410.417,410.417,6900.0
1.2795,-28.691,-28.691,410.441,410.441,6900.0
1.2796,-27.815,-27.815,410.432,410.432,6900.0
1.2797,-26.642,-26.642,410.39,410.39,6900.0
1.2798,-25.52,-25.52,410.296,410.296,6900.0
1.2799,-24.681,-24.681,410.151,410.151,6900.0
1.28,-23.75,-23.75,409.976,409.976,6900.0
1.2801,-23.09,-23.09,409.779,409.779,6900.0
1.2802,-21.685,-21.685,409.564,409.564,6900.0
1.2803,-20.101,-20.101,409.289,409.289,6900.0
1.2804,-19.158,-19.158,408.951,408.951,6900.0
1.2805,-18.224,-18.224,408.581,408.581,6900.0
1.2806,-17.325,-17.325,408.191,408.191,6900.0
1.2807,-15.936,-15.936,407.786,407.786,6900.0
1.2808,-14.331,-14.331,407.341,407.341,6900.0
1.2809,-13.359,-13.359,406.855,406.855,6900.0
1.281,-12.017,-12.017,406.348,406.348,6900.0
1.2811,-11.048,-11.048,405.817,405.817,6900.0
1.2812,-9.866,-9.866,405.27,405.27,6900.0
1.2813,-8.319,-8.319,404.698,404.698,6900.0
1.2814,-7.118,-7.118,404.1,404.1,6900.0
1.2815,-5.769,-5.769,403.485,403.485,6900.0
1.2816,-4.479,-4.479,402.855,402.855,6900.0
1.2817,-3.127,-3.127,402.212,402.212,6900.0
1.2818,-1.964,-1.964,401.56,401.56,6900.0
1.2819,-0.736,-0.736,400.902,400.902,6900.0
1.282,-0.0,-0.0,400.239,400.239,6900.0
1.2821,-0.0,-0.0,399.576,399.576,6900.0
1.2822,1.017,1.017,398.911,398.911,6900.0
1.2823,1.947,1.947,398.248,398.248,6900.0
1.2824,2.717,2.717,397.586,397.586,6900.0
1.2825,3.811,3.811,396.929,396.929,6900.0
1.2826,5.35,5.35,396.279,396.279,6900.0
1.2827,6.569,6.569,395.645,395.645,6900.0
1.2828,7.683,7.683,395.022,395.022,6900.0
1.2829,9.307,9.307,394.409,394.409,6900.0
1.283,10.758,10.758,393.819,393.819,6900.0
1.2831,12.302,12.302,393.255,393.255,6900.0
1.2832,13.699,13.699,392.728,392.728,6900.0
1.2833,14.716,14.716,392.225,392.225,6900.0
1.2834,16.021,16.021,391.733,391.733,6900.0
1.2835,17.551,17.551,391.27,391.27,6900.0
1.2836,19.077,19.077,390.855,390.855,6900.0
1.2837,20.363,20.363,390.5,390.5,6900.0
1.2838,21.302,21.302,390.183,390.183,6900.0
1.2839,22.382,22.382,389.883,389.883,6900.0
1.284,23.647,23.647,389.613,389.613,6900.0
1.2841,25.082,25.082,389.384,389.384,6900.0
1.2842,26.059,26.059,389.211,389.211,6900.0
1.2843,27.144,27.144,389.076,389.076,6900.0
1.2844,28.199,28.199,388.978,388.978,6900.0
1.2845,29.171,29.171,388.924,388.924,6900.0
1.2846,30.133,30.133,388.913,388.913,6900.0
1.2847,31.238,31.238,388.948,388.948,6900.0
1.2848,32.059,32.059,389.042,389.042,6900.0
1.2849,33.075,33.075,389.184,389.184,6900.0
1.285,33.779,33.779,389.378,389.378,6900.0
1.2851,34.481,34.481,389.604,389.604,6900.0
1.2852,35.365,35.365,389.853,389.853,6900.0
1.2853,36.106,36.106,390.142,390.142,6900.0
1.2854,37.193,37.193,390.47,390.47,6900.0
1.2855,37.773,37.773,390.849,390.849,6900.0
1.2856,38.296,38.296,391.249,391.249,6900.0
1.2857,39.076,39.076,391.664,391.664,6900.0
1.2858,39.507,39.507,392.126,392.126,6900.0
1.2859,40.27,40.27,392.625,392.625,6900.0
1.286,40.76,40.76,393.183,393.183,6900.0
1.2861,40.909,40.909,393.765,393.765,6900.0
1.2862,41.428,41.428,394.354,394.354,6900.0
1.2863,41.606,41.606,394.974,394.974,6900.0
1.2864,42.063,42.063,395.602,395.602,6900.0
1.2865,42.166,42.166,396.264,396.264,6900.0
1.2866,42.119,42.119,396.921,396.921,6900.0
1.2867,42.517,42.517,397.567,397.567,6900.0
1.2868,42.345,42.345,398.231,398.231,6900.0
1.2869,42.444,42.444,398.877,398.877,6900.0
1.287,42.451,42.451,399.545,399.545,6900.0
1.2871,42.131,42.131,400.211,400.211,6900.0
1.2872,42.293,42.293,400.873,400.873,6900.0
1.2873,42.036,42.036,401.549,401.549,6900.0
1.2874,41.837,41.837,402.202,402.202,6900.0
1.2875,41.768,41.768,402.851,402.851,6900.0
1.2876,41.179,41.179,403.493,403.493,6900.0
1.2877,41.019,41.019,404.113,404.113,6900.0
1.2878,40.369,40.369,404.722,404.722,6900.0
1.2879,39.8,39.8,405.282,405.282,6900.0
1.288,39.546,39.546,405.81,405.81,6900.0
1.2881,39.214,39.214,406.314,406.314,6900.0
1.2882,38.808,38.808,406.805,406.805,6900.0
1.2883,38.133,38.133,407.276,407.276,6900.0
1.2884,37.448,37.448,407.709,407.709,6900.0
1.2885,36.949,36.949,408.103,408.103,6900.0
1.2886,36.396,36.396,408.474,408.474,6900.0
1.2887,35.831,35.831,408.822,408.822,6900.0
1.2888,35.083,35.083,409.144,409.144,6900.0
1.2889,34.214,34.214,409.426,409.426,6900.0
1.289,33.335,33.335,409.665,409.665,6900.0
1.2891,32.376,32.376,409.861,409.861,6900.0
1.2892,31.469,31.469,410.012,410.012,6900.0
1.2893,30.707,30.707,410.121,410.121,6900.0
1.2894,29.843,29.843,410.195,410.195,6900.0
1.2895,28.882,28.882,410.235,410.235,6900.0
1.2896,27.617,27.617,410.23,410.23,6900.0
1.2897,26.672,26.672,410.165,410.165,6900.0
1.2898,25.789,25.789,410.061,410.061,6900.0
1.2899,24.816,24.816,409.93,409.93,6900.0
1.29,23.649,23.649,409.778,409.778,6900.0
1.2901,22.379,22.379,409.58,409.58,6900.0
1.2902,21.217,21.217,409.322,409.322,6900.0
1.2903,20.366,20.366,409.021,409.021,6900.0
1.2904,19.51,19.51,408.697,408.697,6900.0
1.2905,18.587,18.587,408.362,408.362,6900.0
1.2906,16.958,16.958,407.998,407.998,6900.0
1.2907,15.719,15.719,407.578,407.578,6900.0
1.2908,14.63,14.63,407.124,407.124,6900.0
1.2909,13.492,13.492,406.641,406.641,6900.0
1.291,12.3,12.3,406.138,406.138,6900.0
1.2911,10.657,10.657,405.61,405.61,6900.0
1.2912,9.416,9.416,405.048,405.048,6900.0
1.2913,8.359,8.359,404.464,404.464,6900.0
1.2914,7.214,7.214,403.863,403.863,6900.0
1.2915,5.986,5.986,403.248,403.248,6900.0
1.2916,4.323,4.323,402.619,402.619,6900.0
1.2917,2.927,2.927,401.977,401.977,6900.0
1.2918,1.63,1.63,401.324,401.324,6900.0
1.2919,0.471,0.471,400.665,400.665,6900.0
1.292,0.0,0.0,400.002,400.002,6900.0
1.2921,0.0,0.0,399.338,399.338,6900.0
1.2922,-1.646,-1.646,398.673,398.673,6900.0
1.2923,-2.635,-2.635,398.01,398.01,6900.0
1.2924,-3.318,-3.318,397.351,397.351,6900.0
1.2925,-4.529,-4.529,396.698,396.698,6900.0
1.2926,-5.633,-5.633,396.056,396.056,6900.0
1.2927,-6.994,-6.994,395.42,395.42,6900.0
1.2928,-8.323,-8.323,394.798,394.798,6900.0
1.2929,-9.663,-9.663,394.192,394.192,6900.0
1.293,-11.193,-11.193,393.611,393.611,6900.0
1.2931,-12.189,-12.189,393.057,393.057,6900.0
1.2932,-13.277,-13.277,392.514,392.514,6900.0
1.2933,-14.723,-14.723,391.988,391.988,6900.0
1.2934,-16.159,-16.159,391.496,391.496,6900.0
1.2935,-17.72,-17.72,391.052,391.052,6900.0
1.2936,-18.546,-18.546,390.658,390.658,6900.0
1.2937,-19.511,-19.511,390.281,390.281,6900.0
1.2938,-21.16,-21.16,389.923,389.923,6900.0
1.2939,-22.771,-22.771,389.61,389.61,6900.0
1.294,-24.054,-24.054,389.356,389.356,6900.0
1.2941,-25.217,-25.217,389.149,389.149,6900.0
1.2942,-26.102,-26.102,388.982,388.982,6900.0
1.2943,-27.274,-27.274,388.844,388.844,6900.0
1.2944,-28.56,-28.56,388.751,388.751,6900.0
1.2945,-29.565,-29.565,388.71,388.71,6900.0
1.2946,-30.557,-30.557,388.717,388.717,6900.0
1.2947,-31.477,-31.477,388.773,388.773,6900.0
1.2948,-32.579,-32.579,388.873,388.873,6900.0
1.2949,-33.503,-33.503,389.023,389.023,6900.0
1.295,-34.41,-34.41,389.206,389.206,6900.0
1.2951,-35.342,-35.342,389.433,389.433,6900.0
1.2952,-36.308,-36.308,389.701,389.701,6900.0
1.2953,-37.078,-37.078,390.026,390.026,6900.0
1.2954,-37.711,-37.711,390.389,390.389,6900.0
1.2955,-38.258,-38.258,390.771,390.771,6900.0
1.2956,-38.975,-38.975,391.186,391.186,6900.0
1.2957,-39.744,-39.744,391.635,391.635,6900.0
1.2958,-40.4,-40.4,392.146,392.146,6900.0
1.2959,-40.691,-40.691,392.694,392.694,6900.0
1.296,-41.057,-41.057,393.249,393.249,6900.0
1.2961,-41.505,-41.505,393.831,393.831,6900.0
1.2962,-41.809,-41.809,394.43,394.43,6900.0
1.2963,-42.15,-42.15,395.064,395.064,6900.0
1.2964,-42.294,-42.294,395.716,395.716,6900.0
1.2965,-42.407,-42.407,396.36,396.36,6900.0
1.2966,-42.559,-42.559,397.019,397.019,6900.0
1.2967,-42.559,-42.559,397.679,397.679,6900.0
1.2968,-42.938,-42.938,398.344,398.344,6900.0
1.2969,-42.798,-42.798,399.034,399.034,6900.0
1.297,-42.715,-42.715,399.711,399.711,6900.0
1.2971,-42.741,-42.741,400.4,400.4,6900.0
1.2972,-42.405,-42.405,401.085,401.085,6900.0
1.2973,-42.488,-42.488,401.751,401.751,6900.0
1.2974,-42.2,-42.2,402.426,402.426,6900.0
1.2975,-41.937,-41.937,403.08,403.08,6900.0
1.2976,-41.679,-41.679,403.732,403.732,6900.0
1.2977,-41.276,-41.276,404.36,404.36,6900.0
1.2978,-41.043,-41.043,404.951,404.951,6900.0
1.2979,-40.693,-40.693,405.528,405.528,6900.0
1.298,-40.381,-40.381,406.079,406.079,6900.0
1.2981,-39.603,-39.603,406.624,406.624,6900.0
1.2982,-38.928,-38.928,407.128,407.128,6900.0
1.2983,-38.475,-38.475,407.588,407.588,6900.0
1.2984,-37.777,-37.777,408.029,408.029,6900.0
1.2985,-37.253,-37.253,408.438,408.438,6900.0
1.2986,-36.619,-36.619,408.831,408.831,6900.0
1.2987,-35.859,-35.859,409.19,409.19,6900.0
1.2988,-35.135,-35.135,409.504,409.504,6900.0
1.2989,-34.519,-34.519,409.779,409.779,6900.0
1.299,-33.712,-33.712,410.02,410.02,6900.0
1.2991,-32.879,-32.879,410.221,410.221,6900.0
1.2992,-32.036,-32.036,410.383,410.383,6900.0
1.2993,-31.072,-31.072,410.509,410.509,6900.0
1.2994,-29.972,-29.972,410.59,410.59,6900.0
1.2995,-28.953,-28.953,410.62,410.62,6900.0
1.2996,-27.874,-27.874,410.605,410.605,6900.0
1.2997,-26.924,-26.924,410.552,410.552,6900.0
1.2998,-25.967,-25.967,410.473,410.473,6900.0
1.2999,-24.765,-24.765,410.361,410.361,6900.0
