t,Iac_real,Iac_int,Vdc_real,Vdc_int,P_charge
0.6,-21.811,-21.811,410.23,410.23,
0.6001,-20.911,-20.911,409.954,409.954,6900.0
0.6002,-20.008,-20.008,409.642,409.642,6900.0
0.6003,-18.977,-18.977,409.306,409.306,6900.0
0.6004,-17.58,-17.58,408.948,408.948,6900.0
0.6005,-16.125,-16.125,408.547,408.547,6900.0
0.6006,-15.33,-15.33,408.104,408.104,6900.0
0.6007,-14.144,-14.144,407.64,407.64,6900.0
0.6008,-13.173,-13.173,407.152,407.152,6900.0
0.6009,-11.707,-11.707,406.647,406.647,6900.0
0.601,-10.289,-10.289,406.112,406.112,6900.0
0.6011,-9.029,-9.029,405.55,405.55,6900.0
0.6012,-7.797,-7.797,404.965,404.965,6900.0
0.6013,-6.633,-6.633,404.36,404.36,6900.0
0.6014,-5.456,-5.456,403.74,403.74,6900.0
0.6015,-4.159,-4.159,403.106,403.106,6900.0
0.6016,-2.743,-2.743,402.461,402.461,6900.0
0.6017,-1.438,-1.438,401.807,401.807,6900.0
0.6018,-1.324,-1.324,401.148,401.148,6900.0
0.6019,-0.0,-0.0,400.486,400.486,6900.0
0.602,0.557,0.557,399.823,399.823,6900.0
0.6021,2.321,2.321,399.158,399.158,6900.0
0.6022,2.172,2.172,398.498,398.498,6900.0
0.6023,3.485,3.485,397.839,397.839,6900.0
0.6024,4.633,4.633,397.189,397.189,6900.0
0.6025,5.593,5.593,396.547,396.547,6900.0
0.6026,7.183,7.183,395.911,395.911,6900.0
0.6027,8.685,8.685,395.293,395.293,6900.0
0.6028,10.224,10.224,394.698,394.698,6900.0
0.6029,11.505,11.505,394.134,394.134,6900.0
0.603,12.346,12.346,393.589,393.589,6900.0
0.6031,13.6,13.6,393.051,393.051,6900.0
0.6032,15.201,15.201,392.535,392.535,6900.0
0.6033,16.966,16.966,392.06,392.06,6900.0
0.6034,18.283,18.283,391.639,391.639,6900.0
0.6035,19.274,19.274,391.254,391.254,6900.0
0.6036,20.392,20.392,390.892,390.892,6900.0
0.6037,21.679,21.679,390.564,390.564,6900.0
0.6038,22.919,22.919,390.277,390.277,6900.0
0.6039,24.128,24.128,390.038,390.038,6900.0
0.604,25.171,25.171,389.843,389.843,6900.0
0.6041,26.214,26.214,389.685,389.685,6900.0
0.6042,27.337,27.337,389.565,389.565,6900.0
0.6043,28.333,28.333,389.485,389.485,6900.0
0.6044,29.341,29.341,389.442,389.442,6900.0
0.6045,30.436,30.436,389.443,389.443,6900.0
0.6046,31.26,31.26,389.5,389.5,6900.0
0.6047,32.116,32.116,389.604,389.604,6900.0
0.6048,33.049,33.049,389.742,389.742,6900.0
0.6049,34.058,34.058,389.917,389.917,6900.0
0.605,34.945,34.945,390.142,390.142,6900.0
0.6051,36.017,36.017,390.422,390.422,6900.0
0.6052,36.594,36.594,390.759,390.759,6900.0
0.6053,37.044,37.044,391.118,391.118,6900.0
0.6054,37.839,37.839,391.489,391.489,6900.0
0.6055,38.432,38.432,391.899,391.899,6900.0
0.6056,39.137,39.137,392.345,392.345,6900.0
0.6057,39.526,39.526,392.844,392.844,6900.0
0.6058,39.749,39.749,393.357,393.357,6900.0
0.6059,40.426,40.426,393.879,393.879,6900.0
0.606,40.852,40.852,394.438,394.438,6900.0
0.6061,41.397,41.397,395.017,395.017,6900.0
0.6062,41.612,41.612,395.647,395.647,6900.0
0.6063,41.604,41.604,396.285,396.285,6900.0
0.6064,42.052,42.052,396.927,396.927,6900.0
0.6065,42.06,42.06,397.593,397.593,6900.0
0.6066,42.182,42.182,398.247,398.247,6900.0
0.6067,42.159,42.159,398.923,398.923,6900.0
0.6068,42.087,42.087,399.591,399.591,6900.0
0.6069,42.279,42.279,400.258,400.258,6900.0
0.607,42.074,42.074,400.935,400.935,6900.0
0.6071,41.764,41.764,401.585,401.585,6900.0
0.6072,41.643,41.643,402.234,402.234,6900.0
0.6073,41.567,41.567,402.869,402.869,6900.0
0.6074,41.466,41.466,403.513,403.513,6900.0
0.6075,41.089,41.089,404.153,404.153,6900.0
0.6076,40.572,40.572,404.762,404.762,6900.0
0.6077,40.218,40.218,405.343,405.343,6900.0
0.6078,39.835,39.835,405.903,405.903,6900.0
0.6079,39.488,39.488,406.449,406.449,6900.0
0.608,39.041,39.041,406.974,406.974,6900.0
0.6081,38.253,38.253,407.462,407.462,6900.0
0.6082,37.759,37.759,407.904,407.904,6900.0
0.6083,37.184,37.184,408.315,408.315,6900.0
0.6084,36.672,36.672,408.707,408.707,6900.0
0.6085,35.999,35.999,409.075,409.075,6900.0
0.6086,35.168,35.168,409.409,409.409,6900.0
0.6087,34.398,34.398,409.701,409.701,6900.0
0.6088,33.647,33.647,409.959,409.959,6900.0
0.6089,32.739,32.739,410.178,410.178,6900.0
0.609,31.871,31.871,410.357,410.357,6900.0
0.6091,31.126,31.126,410.496,410.496,6900.0
0.6092,30.104,30.104,410.603,410.603,6900.0
0.6093,28.8,28.8,410.661,410.661,6900.0
0.6094,27.909,27.909,410.654,410.654,6900.0
0.6095,27.109,27.109,410.604,410.604,6900.0
0.6096,26.419,26.419,410.529,410.529,6900.0
0.6097,25.396,25.396,410.44,410.44,6900.0
0.6098,24.089,24.089,410.307,410.307,6900.0
0.6099,23.024,23.024,410.106,410.106,6900.0
0.61,22.207,22.207,409.863,409.863,6900.0
0.6101,21.297,21.297,409.595,409.595,6900.0
0.6102,20.275,20.275,409.313,409.313,6900.0
0.6103,18.635,18.635,409.0,409.0,6900.0
0.6104,17.456,17.456,408.632,408.632,6900.0
0.6105,16.344,16.344,408.23,408.23,6900.0
0.6106,15.491,15.491,407.796,407.796,6900.0
0.6107,14.385,14.385,407.343,407.343,6900.0
0.6108,13.015,13.015,406.863,406.863,6900.0
0.6109,11.53,11.53,406.347,406.347,6900.0
0.611,10.208,10.208,405.802,405.802,6900.0
0.6111,9.034,9.034,405.232,405.232,6900.0
0.6112,7.801,7.801,404.644,404.644,6900.0
0.6113,6.349,6.349,404.039,404.039,6900.0
0.6114,4.962,4.962,403.417,403.417,6900.0
0.6115,3.583,3.583,402.781,402.781,6900.0
0.6116,2.111,2.111,402.134,402.134,6900.0
0.6117,0.807,0.807,401.478,401.478,6900.0
0.6118,1.442,1.442,400.817,400.817,6900.0
0.6119,0.646,0.646,400.156,400.156,6900.0
0.612,-0.494,-0.494,399.492,399.492,6900.0
0.6121,-2.949,-2.949,398.827,398.827,6900.0
0.6122,-2.97,-2.97,398.17,398.17,6900.0
0.6123,-3.634,-3.634,397.515,397.515,6900.0
0.6124,-4.697,-4.697,396.865,396.865,6900.0
0.6125,-6.225,-6.225,396.223,396.223,6900.0
0.6126,-7.315,-7.315,395.594,395.594,6900.0
0.6127,-8.902,-8.902,394.984,394.984,6900.0
0.6128,-9.862,-9.862,394.395,394.395,6900.0
0.6129,-11.083,-11.083,393.812,393.812,6900.0
0.613,-12.64,-12.64,393.244,393.244,6900.0
0.6131,-14.147,-14.147,392.705,392.705,6900.0
0.6132,-15.652,-15.652,392.21,392.21,6900.0
0.6133,-16.795,-16.795,391.757,391.757,6900.0
0.6134,-17.88,-17.88,391.328,391.328,6900.0
0.6135,-19.284,-19.284,390.922,390.922,6900.0
0.6136,-20.488,-20.488,390.557,390.557,6900.0
0.6137,-21.732,-21.732,390.235,390.235,6900.0
0.6138,-22.938,-22.938,389.958,389.958,6900.0
0.6139,-24.024,-24.024,389.719,389.719,6900.0
0.614,-25.188,-25.188,389.516,389.516,6900.0
0.6141,-26.182,-26.182,389.352,389.352,6900.0
0.6142,-27.332,-27.332,389.225,389.225,6900.0
0.6143,-28.431,-28.431,389.143,389.143,6900.0
0.6144,-29.639,-29.639,389.107,389.107,6900.0
0.6145,-30.629,-30.629,389.125,389.125,6900.0
0.6146,-31.646,-31.646,389.184,389.184,6900.0
0.6147,-32.618,-32.618,389.279,389.279,6900.0
0.6148,-33.672,-33.672,389.421,389.421,6900.0
0.6149,-34.757,-34.757,389.613,389.613,6900.0
0.615,-35.493,-35.493,389.874,389.874,6900.0
0.6151,-36.118,-36.118,390.174,390.174,6900.0
0.6152,-36.69,-36.69,390.493,390.493,6900.0
0.6153,-37.529,-37.529,390.846,390.846,6900.0
0.6154,-38.346,-38.346,391.233,391.233,6900.0
0.6155,-38.971,-38.971,391.679,391.679,6900.0
0.6156,-39.232,-39.232,392.156,392.156,6900.0
0.6157,-39.694,-39.694,392.633,392.633,6900.0
0.6158,-40.172,-40.172,393.142,393.142,6900.0
0.6159,-40.543,-40.543,393.672,393.672,6900.0
0.616,-41.014,-41.014,394.243,394.243,6900.0
0.6161,-41.261,-41.261,394.844,394.844,6900.0
0.6162,-41.51,-41.51,395.447,395.447,6900.0
0.6163,-41.937,-41.937,396.076,396.076,6900.0
0.6164,-42.132,-42.132,396.719,396.719,6900.0
0.6165,-42.344,-42.344,397.382,397.382,6900.0
0.6166,-42.261,-42.261,398.064,398.064,6900.0
0.6167,-42.154,-42.154,398.735,398.735,6900.0
0.6168,-42.33,-42.33,399.412,399.412,6900.0
0.6169,-42.249,-42.249,400.088,400.088,6900.0
0.617,-42.39,-42.39,400.75,400.75,6900.0
0.6171,-42.102,-42.102,401.423,401.423,6900.0
0.6172,-41.91,-41.91,402.077,402.077,6900.0
0.6173,-41.629,-41.629,402.735,402.735,6900.0
0.6174,-41.275,-41.275,403.374,403.374,6900.0
0.6175,-41.142,-41.142,403.979,403.979,6900.0
0.6176,-40.785,-40.785,404.584,404.584,6900.0
0.6177,-40.494,-40.494,405.171,405.171,6900.0
0.6178,-40.021,-40.021,405.757,405.757,6900.0
0.6179,-39.311,-39.311,406.316,406.316,6900.0
0.618,-38.972,-38.972,406.824,406.824,6900.0
0.6181,-38.483,-38.483,407.311,407.311,6900.0
0.6182,-37.815,-37.815,407.771,407.771,6900.0
0.6183,-37.118,-37.118,408.202,408.202,6900.0
0.6184,-36.542,-36.542,408.594,408.594,6900.0
0.6185,-35.805,-35.805,408.949,408.949,6900.0
0.6186,-35.212,-35.212,409.264,409.264,6900.0
0.6187,-34.541,-34.541,409.548,409.548,6900.0
0.6188,-33.849,-33.849,409.803,409.803,6900.0
0.6189,-32.96,-32.96,410.03,410.03,6900.0
0.619,-32.234,-32.234,410.219,410.219,6900.0
0.6191,-31.086,-31.086,410.372,410.372,6900.0
0.6192,-29.917,-29.917,410.469,410.469,6900.0
0.6193,-29.082,-29.082,410.511,410.511,6900.0
0.6194,-28.26,-28.26,410.518,410.518,6900.0
0.6195,-27.452,-27.452,410.499,410.499,6900.0
0.6196,-26.186,-26.186,410.448,410.448,6900.0
0.6197,-24.93,-24.93,410.335,410.335,6900.0
0.6198,-24.07,-24.07,410.164,410.164,6900.0
0.6199,-23.461,-23.461,409.963,409.963,6900.0
0.62,-22.639,-22.639,409.752,409.752,6900.0
0.6201,-21.177,-21.177,409.525,409.525,6900.0
0.6202,-19.64,-19.64,409.243,409.243,6900.0
0.6203,-18.708,-18.708,408.905,408.905,6900.0
0.6204,-17.427,-17.427,408.536,408.536,6900.0
0.6205,-16.565,-16.565,408.133,408.133,6900.0
0.6206,-15.17,-15.17,407.709,407.709,6900.0
0.6207,-13.719,-13.719,407.246,407.246,6900.0
0.6208,-12.985,-12.985,406.744,406.744,6900.0
0.6209,-11.935,-11.935,406.224,406.224,6900.0
0.621,-10.813,-10.813,405.682,405.682,6900.0
0.6211,-9.67,-9.67,405.121,405.121,6900.0
0.6212,-8.261,-8.261,404.541,404.541,6900.0
0.6213,-6.669,-6.669,403.941,403.941,6900.0
0.6214,-5.248,-5.248,403.322,403.322,6900.0
0.6215,-3.911,-3.911,402.689,402.689,6900.0
0.6216,-2.786,-2.786,402.044,402.044,6900.0
0.6217,-1.46,-1.46,401.391,401.391,6900.0
0.6218,-0.238,-0.238,400.731,400.731,6900.0
0.6219,-0.0,-0.0,400.068,400.068,6900.0
0.622,1.188,1.188,399.404,399.404,6900.0
0.6221,1.316,1.316,398.741,398.741,6900.0
0.6222,2.262,2.262,398.079,398.079,6900.0
0.6223,3.486,3.486,397.42,397.42,6900.0
0.6224,4.455,4.455,396.768,396.768,6900.0
0.6225,6.126,6.126,396.125,396.125,6900.0
0.6226,7.327,7.327,395.499,395.499,6900.0
0.6227,8.356,8.356,394.884,394.884,6900.0
0.6228,9.63,9.63,394.276,394.276,6900.0
0.6229,11.17,11.17,393.686,393.686,6900.0
0.623,12.877,12.877,393.125,393.125,6900.0
0.6231,14.116,14.116,392.608,392.608,6900.0
0.6232,14.957,14.957,392.117,392.117,6900.0
0.6233,16.408,16.408,391.635,391.635,6900.0
0.6234,17.926,17.926,391.186,391.186,6900.0
0.6235,19.38,19.38,390.781,390.781,6900.0
0.6236,20.506,20.506,390.43,390.43,6900.0
0.6237,21.554,21.554,390.116,390.116,6900.0
0.6238,22.583,22.583,389.831,389.831,6900.0
0.6239,23.855,23.855,389.581,389.581,6900.0
0.624,24.938,24.938,389.373,389.373,6900.0
0.6241,26.282,26.282,389.206,389.206,6900.0
0.6242,27.516,27.516,389.087,389.087,6900.0
0.6243,28.444,28.444,389.017,389.017,6900.0
0.6244,29.316,29.316,388.986,388.986,6900.0
0.6245,30.253,30.253,388.991,388.991,6900.0
0.6246,31.375,31.375,389.03,389.03,6900.0
0.6247,32.404,32.404,389.118,389.118,6900.0
0.6248,33.341,33.341,389.268,389.268,6900.0
0.6249,34.192,34.192,389.467,389.467,6900.0
0.625,34.789,34.789,389.704,389.704,6900.0
0.6251,35.639,35.639,389.963,389.963,6900.0
0.6252,36.353,36.353,390.27,390.27,6900.0
0.6253,37.419,37.419,390.622,390.622,6900.0
0.6254,37.967,37.967,391.034,391.034,6900.0
0.6255,38.419,38.419,391.464,391.464,6900.0
0.6256,39.289,39.289,391.904,391.904,6900.0
0.6257,39.809,39.809,392.385,392.385,6900.0
0.6258,40.465,40.465,392.895,392.895,6900.0
0.6259,40.782,40.782,393.456,393.456,6900.0
0.626,40.876,40.876,394.028,394.028,6900.0
0.6261,41.302,41.302,394.607,394.607,6900.0
0.6262,41.445,41.445,395.215,395.215,6900.0
0.6263,41.834,41.834,395.83,395.83,6900.0
0.6264,42.087,42.087,396.488,396.488,6900.0
0.6265,42.074,42.074,397.155,397.155,6900.0
0.6266,42.318,42.318,397.825,397.825,6900.0
0.6267,42.151,42.151,398.509,398.509,6900.0
0.6268,42.151,42.151,399.171,399.171,6900.0
0.6269,42.33,42.33,399.843,399.843,6900.0
0.627,42.13,42.13,400.512,400.512,6900.0
0.6271,42.086,42.086,401.179,401.179,6900.0
0.6272,41.739,41.739,401.843,401.843,6900.0
0.6273,41.511,41.511,402.474,402.474,6900.0
0.6274,41.532,41.532,403.099,403.099,6900.0
0.6275,41.256,41.256,403.719,403.719,6900.0
0.6276,40.935,40.935,404.338,404.338,6900.0
0.6277,40.45,40.45,404.946,404.946,6900.0
0.6278,39.789,39.789,405.52,405.52,6900.0
0.6279,39.358,39.358,406.06,406.06,6900.0
0.628,38.8,38.8,406.574,406.574,6900.0
0.6281,38.519,38.519,407.067,407.067,6900.0
0.6282,37.856,37.856,407.539,407.539,6900.0
0.6283,37.179,37.179,407.967,407.967,6900.0
0.6284,36.46,36.46,408.352,408.352,6900.0
0.6285,35.939,35.939,408.698,408.698,6900.0
0.6286,35.33,35.33,409.022,409.022,6900.0
0.6287,34.619,34.619,409.316,409.316,6900.0
0.6288,33.8,33.8,409.578,409.578,6900.0
0.6289,32.992,32.992,409.801,409.801,6900.0
0.629,32.113,32.113,409.987,409.987,6900.0
0.6291,31.318,31.318,410.126,410.126,6900.0
0.6292,30.465,30.465,410.226,410.226,6900.0
0.6293,29.516,29.516,410.295,410.295,6900.0
0.6294,28.356,28.356,410.332,410.332,6900.0
0.6295,27.12,27.12,410.316,410.316,6900.0
0.6296,26.187,26.187,410.236,410.236,6900.0
0.6297,25.39,25.39,410.114,410.114,6900.0
0.6298,24.607,24.607,409.969,409.969,6900.0
0.6299,23.563,23.563,409.812,409.812,6900.0
0.63,22.049,22.049,409.613,409.613,6900.0
0.6301,20.862,20.862,409.347,409.347,6900.0
0.6302,19.876,19.876,409.038,409.038,6900.0
0.6303,18.979,18.979,408.693,408.693,6900.0
0.6304,18.007,18.007,408.332,408.332,6900.0
0.6305,16.477,16.477,407.941,407.941,6900.0
0.6306,15.306,15.306,407.504,407.504,6900.0
0.6307,14.213,14.213,407.04,407.04,6900.0
0.6308,13.01,13.01,406.549,406.549,6900.0
0.6309,11.904,11.904,406.039,406.039,6900.0
0.631,10.46,10.46,405.507,405.507,6900.0
0.6311,8.991,8.991,404.947,404.947,6900.0
0.6312,7.65,7.65,404.364,404.364,6900.0
0.6313,6.347,6.347,403.759,403.759,6900.0
0.6314,5.069,5.069,403.137,403.137,6900.0
0.6315,3.698,3.698,402.501,402.501,6900.0
0.6316,2.442,2.442,401.854,401.854,6900.0
0.6317,1.094,1.094,401.199,401.199,6900.0
0.6318,1.162,1.162,400.537,400.537,6900.0
0.6319,0.0,0.0,399.875,399.875,6900.0
0.632,-0.851,-0.851,399.21,399.21,6900.0
0.6321,-1.896,-1.896,398.546,398.546,6900.0
0.6322,-3.102,-3.102,397.884,397.884,6900.0
0.6323,-3.704,-3.704,397.226,397.226,6900.0
0.6324,-4.949,-4.949,396.575,396.575,6900.0
0.6325,-5.979,-5.979,395.934,395.934,6900.0
0.6326,-7.072,-7.072,395.299,395.299,6900.0
0.6327,-8.675,-8.675,394.675,394.675,6900.0
0.6328,-10.063,-10.063,394.073,394.073,6900.0
0.6329,-11.673,-11.673,393.5,393.5,6900.0
0.633,-12.698,-12.698,392.959,392.959,6900.0
0.6331,-13.673,-13.673,392.43,392.43,6900.0
0.6332,-15.196,-15.196,391.918,391.918,6900.0
0.6333,-16.697,-16.697,391.44,391.44,6900.0
0.6334,-18.14,-18.14,391.009,391.009,6900.0
0.6335,-19.198,-19.198,390.624,390.624,6900.0
0.6336,-20.438,-20.438,390.263,390.263,6900.0
0.6337,-21.699,-21.699,389.931,389.931,6900.0
0.6338,-23.095,-23.095,389.636,389.636,6900.0
0.6339,-24.266,-24.266,389.388,389.388,6900.0
0.634,-25.331,-25.331,389.186,389.186,6900.0
0.6341,-26.478,-26.478,389.023,389.023,6900.0
0.6342,-27.515,-27.515,388.906,388.906,6900.0
0.6343,-28.646,-28.646,388.829,388.829,6900.0
0.6344,-29.692,-29.692,388.796,388.796,6900.0
0.6345,-30.868,-30.868,388.809,388.809,6900.0
0.6346,-31.874,-31.874,388.876,388.876,6900.0
0.6347,-32.786,-32.786,388.995,388.995,6900.0
0.6348,-33.642,-33.642,389.157,389.157,6900.0
0.6349,-34.461,-34.461,389.348,389.348,6900.0
0.635,-35.425,-35.425,389.578,389.578,6900.0
0.6351,-36.505,-36.505,389.85,389.85,6900.0
0.6352,-37.384,-37.384,390.189,390.189,6900.0
0.6353,-37.751,-37.751,390.571,390.571,6900.0
0.6354,-38.28,-38.28,390.961,390.961,6900.0
0.6355,-38.94,-38.94,391.385,391.385,6900.0
0.6356,-39.575,-39.575,391.84,391.84,6900.0
0.6357,-40.207,-40.207,392.35,392.35,6900.0
0.6358,-40.668,-40.668,392.895,392.895,6900.0
0.6359,-41.056,-41.056,393.449,393.449,6900.0
0.636,-41.616,-41.616,394.033,394.033,6900.0
0.6361,-41.849,-41.849,394.637,394.637,6900.0
0.6362,-42.32,-42.32,395.268,395.268,6900.0
0.6363,-42.308,-42.308,395.929,395.929,6900.0
0.6364,-42.318,-42.318,396.578,396.578,6900.0
0.6365,-42.508,-42.508,397.244,397.244,6900.0
0.6366,-42.457,-42.457,397.911,397.911,6900.0
0.6367,-42.834,-42.834,398.581,398.581,6900.0
0.6368,-42.57,-42.57,399.278,399.278,6900.0
0.6369,-42.674,-42.674,399.956,399.956,6900.0
0.637,-42.524,-42.524,400.657,400.657,6900.0
0.6371,-42.199,-42.199,401.344,401.344,6900.0
0.6372,-42.244,-42.244,402.006,402.006,6900.0
0.6373,-42.036,-42.036,402.671,402.671,6900.0
0.6374,-41.84,-41.84,403.318,403.318,6900.0
0.6375,-41.492,-41.492,403.962,403.962,6900.0
0.6376,-40.885,-40.885,404.581,404.581,6900.0
0.6377,-40.584,-40.584,405.155,405.155,6900.0
0.6378,-40.207,-40.207,405.717,405.717,6900.0
0.6379,-39.971,-39.971,406.26,406.26,6900.0
0.638,-39.489,-39.489,406.801,406.801,6900.0
0.6381,-38.641,-38.641,407.316,407.316,6900.0
0.6382,-37.897,-37.897,407.781,407.781,6900.0
0.6383,-37.301,-37.301,408.21,408.21,6900.0
0.6384,-37.019,-37.019,408.608,408.608,6900.0
0.6385,-36.255,-36.255,408.989,408.989,6900.0
0.6386,-35.485,-35.485,409.331,409.331,6900.0
0.6387,-34.608,-34.608,409.631,409.631,6900.0
0.6388,-34.026,-34.026,409.885,409.885,6900.0
0.6389,-33.352,-33.352,410.104,410.104,6900.0
0.639,-32.533,-32.533,410.29,410.29,6900.0
0.6391,-31.501,-31.501,410.441,410.441,6900.0
0.6392,-30.595,-30.595,410.555,410.555,6900.0
0.6393,-29.494,-29.494,410.631,410.631,6900.0
0.6394,-28.362,-28.362,410.652,410.652,6900.0
0.6395,-27.388,-27.388,410.62,410.62,6900.0
0.6396,-26.602,-26.602,410.552,410.552,6900.0
0.6397,-25.743,-25.743,410.464,410.464,6900.0
0.6398,-24.599,-24.599,410.348,410.348,6900.0
0.6399,-23.243,-23.243,410.171,410.171,6900.0
0.64,-22.302,-22.302,409.933,409.933,6900.0
0.6401,-21.41,-21.41,409.659,409.659,6900.0
0.6402,-20.724,-20.724,409.365,409.365,6900.0
0.6403,-19.444,-19.444,409.056,409.056,6900.0
0.6404,-17.823,-17.823,408.705,408.705,6900.0
0.6405,-16.804,-16.804,408.306,408.306,6900.0
0.6406,-15.534,-15.534,407.88,407.88,6900.0
0.6407,-14.641,-14.641,407.426,407.426,6900.0
0.6408,-13.248,-13.248,406.955,406.955,6900.0
0.6409,-11.649,-11.649,406.45,406.45,6900.0
0.641,-10.414,-10.414,405.91,405.91,6900.0
0.6411,-9.141,-9.141,405.347,405.347,6900.0
0.6412,-8.094,-8.094,404.76,404.76,6900.0
0.6413,-6.64,-6.64,404.159,404.159,6900.0
0.6414,-5.156,-5.156,403.539,403.539,6900.0
0.6415,-3.922,-3.922,402.903,402.903,6900.0
0.6416,-2.82,-2.82,402.258,402.258,6900.0
0.6417,-1.409,-1.409,401.604,401.604,6900.0
0.6418,-1.571,-1.571,400.944,400.944,6900.0
0.6419,-0.441,-0.441,400.283,400.283,6900.0
0.642,0.315,0.315,399.619,399.619,6900.0
0.6421,2.408,2.408,398.954,398.954,6900.0
0.6422,2.643,2.643,398.294,398.294,6900.0
0.6423,3.357,3.357,397.637,397.637,6900.0
0.6424,4.251,4.251,396.985,396.985,6900.0
0.6425,5.766,5.766,396.339,396.339,6900.0
0.6426,7.051,7.051,395.706,395.706,6900.0
0.6427,8.662,8.662,395.089,395.089,6900.0
0.6428,9.969,9.969,394.5,394.5,6900.0
0.6429,10.847,10.847,393.925,393.925,6900.0
0.643,12.408,12.408,393.357,393.357,6900.0
0.6431,14.059,14.059,392.815,392.815,6900.0
0.6432,15.784,15.784,392.313,392.313,6900.0
0.6433,16.921,16.921,391.864,391.864,6900.0
0.6434,17.841,17.841,391.444,391.444,6900.0
0.6435,19.038,19.038,391.041,391.041,6900.0
0.6436,20.665,20.665,390.666,390.666,6900.0
0.6437,22.138,22.138,390.336,390.336,6900.0
0.6438,23.148,23.148,390.058,390.058,6900.0
0.6439,24.142,24.142,389.816,389.816,6900.0
0.644,25.282,25.282,389.606,389.606,6900.0
0.6441,26.383,26.383,389.44,389.44,6900.0
0.6442,27.539,27.539,389.315,389.315,6900.0
0.6443,28.608,28.608,389.237,389.237,6900.0
0.6444,29.549,29.549,389.207,389.207,6900.0
0.6445,30.443,30.443,389.228,389.228,6900.0
0.6446,31.244,31.244,389.293,389.293,6900.0
0.6447,32.129,32.129,389.389,389.389,6900.0
0.6448,33.11,33.11,389.517,389.517,6900.0
0.6449,34.043,34.043,389.689,389.689,6900.0
0.645,35.132,35.132,389.914,389.914,6900.0
0.6451,35.887,35.887,390.195,390.195,6900.0
0.6452,36.475,36.475,390.505,390.505,6900.0
0.6453,37.485,37.485,390.833,390.833,6900.0
0.6454,38.123,38.123,391.215,391.215,6900.0
0.6455,39.027,39.027,391.64,391.64,6900.0
0.6456,39.325,39.325,392.129,392.129,6900.0
0.6457,39.5,39.5,392.632,392.632,6900.0
0.6458,40.249,40.249,393.141,393.141,6900.0
0.6459,40.65,40.65,393.688,393.688,6900.0
0.646,41.211,41.211,394.253,394.253,6900.0
0.6461,41.324,41.324,394.864,394.864,6900.0
0.6462,41.303,41.303,395.471,395.471,6900.0
0.6463,41.874,41.874,396.076,396.076,6900.0
0.6464,42.037,42.037,396.711,396.711,6900.0
0.6465,42.24,42.24,397.346,397.346,6900.0
0.6466,42.359,42.359,398.013,398.013,6900.0
0.6467,42.276,42.276,398.685,398.685,6900.0
0.6468,42.436,42.436,399.363,399.363,6900.0
0.6469,42.358,42.358,400.054,400.054,6900.0
0.647,42.143,42.143,400.729,400.729,6900.0
0.6471,42.347,42.347,401.405,401.405,6900.0
0.6472,42.072,42.072,402.081,402.081,6900.0
0.6473,41.991,41.991,402.749,402.749,6900.0
0.6474,41.661,41.661,403.406,403.406,6900.0
0.6475,41.192,41.192,404.027,404.027,6900.0
0.6476,40.892,40.892,404.624,404.624,6900.0
0.6477,40.606,40.606,405.199,405.199,6900.0
0.6478,40.405,40.405,405.768,405.768,6900.0
0.6479,39.803,39.803,406.33,406.33,6900.0
0.648,39.104,39.104,406.855,406.855,6900.0
0.6481,38.746,38.746,407.344,407.344,6900.0
0.6482,38.335,38.335,407.812,407.812,6900.0
0.6483,37.694,37.694,408.267,408.267,6900.0
0.6484,37.034,37.034,408.688,408.688,6900.0
0.6485,36.172,36.172,409.071,409.071,6900.0
0.6486,35.264,35.264,409.406,409.406,6900.0
0.6487,34.57,34.57,409.696,409.696,6900.0
0.6488,33.78,33.78,409.951,409.951,6900.0
0.6489,33.153,33.153,410.168,410.168,6900.0
0.649,32.296,32.296,410.355,410.355,6900.0
0.6491,31.31,31.31,410.507,410.507,6900.0
0.6492,30.366,30.366,410.612,410.612,6900.0
0.6493,29.347,29.347,410.667,410.667,6900.0
0.6494,28.515,28.515,410.677,410.677,6900.0
0.6495,27.643,27.643,410.659,410.659,6900.0
0.6496,26.531,26.531,410.619,410.619,6900.0
0.6497,25.152,25.152,410.531,410.531,6900.0
0.6498,24.203,24.203,410.373,410.373,6900.0
0.6499,23.345,23.345,410.173,410.173,6900.0
0.65,22.518,22.518,409.949,409.949,6900.0
0.6501,21.562,21.562,409.713,409.713,6900.0
0.6502,20.036,20.036,409.445,409.445,6900.0
0.6503,18.743,18.743,409.117,409.117,6900.0
0.6504,17.799,17.799,408.749,408.749,6900.0
0.6505,16.805,16.805,408.349,408.349,6900.0
0.6506,15.609,15.609,407.929,407.929,6900.0
0.6507,14.378,14.378,407.478,407.478,6900.0
0.6508,13.031,13.031,406.989,406.989,6900.0
0.6509,11.974,11.974,406.472,406.472,6900.0
0.651,10.617,10.617,405.93,405.93,6900.0
0.6511,9.491,9.491,405.369,405.369,6900.0
0.6512,8.073,8.073,404.789,404.789,6900.0
0.6513,6.633,6.633,404.188,404.188,6900.0
0.6514,5.355,5.355,403.57,403.57,6900.0
0.6515,3.982,3.982,402.938,402.938,6900.0
0.6516,2.526,2.526,402.294,402.294,6900.0
0.6517,1.372,1.372,401.64,401.64,6900.0
0.6518,0.261,0.261,400.981,400.981,6900.0
0.6519,0.0,0.0,400.319,400.319,6900.0
0.652,0.0,0.0,399.655,399.655,6900.0
0.6521,-1.909,-1.909,398.992,398.992,6900.0
0.6522,-2.425,-2.425,398.331,398.331,6900.0
0.6523,-3.449,-3.449,397.673,397.673,6900.0
0.6524,-4.716,-4.716,397.021,397.021,6900.0
0.6525,-5.977,-5.977,396.378,396.378,6900.0
0.6526,-7.268,-7.268,395.751,395.751,6900.0
0.6527,-8.36,-8.36,395.138,395.138,6900.0
0.6528,-9.467,-9.467,394.532,394.532,6900.0
0.6529,-11.09,-11.09,393.938,393.938,6900.0
0.653,-12.534,-12.534,393.371,393.371,6900.0
0.6531,-14.137,-14.137,392.84,392.84,6900.0
0.6532,-15.135,-15.135,392.351,392.351,6900.0
0.6533,-16.132,-16.132,391.878,391.878,6900.0
0.6534,-17.614,-17.614,391.425,391.425,6900.0
0.6535,-19.028,-19.028,391.013,391.013,6900.0
0.6536,-20.524,-20.524,390.649,390.649,6900.0
0.6537,-21.751,-21.751,390.334,390.334,6900.0
0.6538,-22.853,-22.853,390.053,390.053,6900.0
0.6539,-24.094,-24.094,389.805,389.805,6900.0
0.654,-25.287,-25.287,389.595,389.595,6900.0
0.6541,-26.3,-26.3,389.428,389.428,6900.0
0.6542,-27.285,-27.285,389.303,389.303,6900.0
0.6543,-28.587,-28.587,389.218,389.218,6900.0
0.6544,-29.604,-29.604,389.189,389.189,6900.0
0.6545,-30.624,-30.624,389.201,389.201,6900.0
0.6546,-31.615,-31.615,389.251,389.251,6900.0
0.6547,-32.727,-32.727,389.347,389.347,6900.0
0.6548,-33.714,-33.714,389.497,389.497,6900.0
0.6549,-34.599,-34.599,389.706,389.706,6900.0
0.655,-35.317,-35.317,389.956,389.956,6900.0
0.6551,-36.055,-36.055,390.229,390.229,6900.0
0.6552,-36.835,-36.835,390.542,390.542,6900.0
0.6553,-37.608,-37.608,390.891,390.891,6900.0
0.6554,-38.423,-38.423,391.297,391.297,6900.0
0.6555,-38.892,-38.892,391.742,391.742,6900.0
0.6556,-39.333,-39.333,392.196,392.196,6900.0
0.6557,-39.948,-39.948,392.68,392.68,6900.0
0.6558,-40.575,-40.575,393.185,393.185,6900.0
0.6559,-41.334,-41.334,393.743,393.743,6900.0
0.656,-41.51,-41.51,394.343,394.343,6900.0
0.6561,-41.666,-41.666,394.942,394.942,6900.0
0.6562,-41.867,-41.867,395.566,395.566,6900.0
0.6563,-42.071,-42.071,396.196,396.196,6900.0
0.6564,-42.487,-42.487,396.85,396.85,6900.0
0.6565,-42.45,-42.45,397.532,397.532,6900.0
0.6566,-42.551,-42.551,398.202,398.202,6900.0
0.6567,-42.578,-42.578,398.889,398.889,6900.0
0.6568,-42.452,-42.452,399.568,399.568,6900.0
0.6569,-42.538,-42.538,400.237,400.237,6900.0
0.657,-42.301,-42.301,400.919,400.919,6900.0
0.6571,-42.282,-42.282,401.583,401.583,6900.0
0.6572,-42.004,-42.004,402.262,402.262,6900.0
0.6573,-41.699,-41.699,402.921,402.921,6900.0
0.6574,-41.7,-41.7,403.551,403.551,6900.0
0.6575,-41.407,-41.407,404.184,404.184,6900.0
0.6576,-41.203,-41.203,404.796,404.796,6900.0
0.6577,-40.693,-40.693,405.409,405.409,6900.0
0.6578,-40.241,-40.241,405.986,405.986,6900.0
0.6579,-39.828,-39.828,406.525,406.525,6900.0
0.658,-39.345,-39.345,407.047,407.047,6900.0
0.6581,-38.792,-38.792,407.545,407.545,6900.0
0.6582,-38.23,-38.23,408.024,408.024,6900.0
0.6583,-37.409,-37.409,408.474,408.474,6900.0
0.6584,-36.778,-36.778,408.875,408.875,6900.0
0.6585,-36.112,-36.112,409.242,409.242,6900.0
0.6586,-35.63,-35.63,409.573,409.573,6900.0
0.6587,-34.74,-34.74,409.879,409.879,6900.0
0.6588,-33.979,-33.979,410.144,410.144,6900.0
0.6589,-33.281,-33.281,410.372,410.372,6900.0
0.659,-32.288,-32.288,410.561,410.561,6900.0
0.6591,-31.349,-31.349,410.703,410.703,6900.0
0.6592,-30.523,-30.523,410.798,410.798,6900.0
0.6593,-29.713,-29.713,410.86,410.86,6900.0
0.6594,-28.779,-28.779,410.896,410.896,6900.0
0.6595,-27.588,-27.588,410.897,410.897,6900.0
0.6596,-26.421,-26.421,410.839,410.839,6900.0
0.6597,-25.574,-25.574,410.727,410.727,6900.0
0.6598,-24.654,-24.654,410.584,410.584,6900.0
0.6599,-23.839,-23.839,410.421,410.421,6900.0
0.66,-22.446,-22.446,410.238,410.238,6900.0
0.6601,-21.123,-21.123,409.993,409.993,6900.0
0.6602,-20.132,-20.132,409.691,409.691,6900.0
0.6603,-19.1,-19.1,409.353,409.353,6900.0
0.6604,-18.124,-18.124,408.986,408.986,6900.0
0.6605,-16.842,-16.842,408.598,408.598,6900.0
0.6606,-15.491,-15.491,408.171,408.171,6900.0
0.6607,-14.451,-14.451,407.706,407.706,6900.0
0.6608,-13.204,-13.204,407.219,407.219,6900.0
0.6609,-12.218,-12.218,406.708,406.708,6900.0
0.661,-10.849,-10.849,406.182,406.182,6900.0
0.6611,-9.344,-9.344,405.63,405.63,6900.0
0.6612,-8.097,-8.097,405.052,405.052,6900.0
0.6613,-6.595,-6.595,404.454,404.454,6900.0
0.6614,-5.31,-5.31,403.837,403.837,6900.0
0.6615,-4.029,-4.029,403.205,403.205,6900.0
0.6616,-2.732,-2.732,402.561,402.561,6900.0
0.6617,-1.547,-1.547,401.908,401.908,6900.0
0.6618,-1.577,-1.577,401.248,401.248,6900.0
0.6619,-0.0,-0.0,400.587,400.587,6900.0
0.662,-0.0,-0.0,399.924,399.924,6900.0
0.6621,1.221,1.221,399.261,399.261,6900.0
0.6622,2.165,2.165,398.598,398.598,6900.0
0.6623,3.181,3.181,397.938,397.938,6900.0
0.6624,4.706,4.706,397.284,397.284,6900.0
0.6625,5.837,5.837,396.642,396.642,6900.0
0.6626,6.858,6.858,396.008,396.008,6900.0
0.6627,8.375,8.375,395.38,395.38,6900.0
0.6628,9.822,9.822,394.773,394.773,6900.0
0.6629,11.594,11.594,394.19,394.19,6900.0
0.663,12.98,12.98,393.648,393.648,6900.0
0.6631,13.609,13.609,393.131,393.131,6900.0
0.6632,15.021,15.021,392.622,392.622,6900.0
0.6633,16.467,16.467,392.142,392.142,6900.0
0.6634,17.972,17.972,391.704,391.704,6900.0
0.6635,19.26,19.26,391.317,391.317,6900.0
0.6636,20.22,20.22,390.966,390.966,6900.0
0.6637,21.363,21.363,390.635,390.635,6900.0
0.6638,22.618,22.618,390.334,390.334,6900.0
0.6639,23.727,23.727,390.073,390.073,6900.0
0.664,24.907,24.907,389.854,389.854,6900.0
0.6641,26.023,26.023,389.678,389.678,6900.0
0.6642,27.114,27.114,389.547,389.547,6900.0
0.6643,28.144,28.144,389.462,389.462,6900.0
0.6644,29.125,29.125,389.419,389.419,6900.0
0.6645,30.172,30.172,389.419,389.419,6900.0
0.6646,31.178,31.178,389.47,389.47,6900.0
0.6647,32.248,32.248,389.576,389.576,6900.0
0.6648,33.02,33.02,389.733,389.733,6900.0
0.6649,33.594,33.594,389.92,389.92,6900.0
0.665,34.635,34.635,390.124,390.124,6900.0
0.6651,35.412,35.412,390.373,390.373,6900.0
0.6652,36.413,36.413,390.666,390.666,6900.0
0.6653,36.99,36.99,391.013,391.013,6900.0
0.6654,37.437,37.437,391.381,391.381,6900.0
0.6655,38.274,38.274,391.767,391.767,6900.0
0.6656,38.916,38.916,392.2,392.2,6900.0
0.6657,39.772,39.772,392.676,392.676,6900.0
0.6658,40.259,40.259,393.217,393.217,6900.0
0.6659,40.413,40.413,393.778,393.778,6900.0
0.666,40.983,40.983,394.348,394.348,6900.0
0.6661,41.244,41.244,394.947,394.947,6900.0
0.6662,41.539,41.539,395.554,395.554,6900.0
0.6663,41.677,41.677,396.19,396.19,6900.0
0.6664,41.672,41.672,396.822,396.822,6900.0
0.6665,41.969,41.969,397.451,397.451,6900.0
0.6666,42.206,42.206,398.093,398.093,6900.0
0.6667,42.289,42.289,398.735,398.735,6900.0
0.6668,42.476,42.476,399.4,399.4,6900.0
0.6669,42.284,42.284,400.074,400.074,6900.0
0.667,42.455,42.455,400.753,400.753,6900.0
0.6671,42.222,42.222,401.449,401.449,6900.0
0.6672,41.986,41.986,402.121,402.121,6900.0
0.6673,41.783,41.783,402.791,402.791,6900.0
0.6674,41.362,41.362,403.441,403.441,6900.0
0.6675,41.325,41.325,404.075,404.075,6900.0
0.6676,40.73,40.73,404.7,404.7,6900.0
0.6677,40.171,40.171,405.277,405.277,6900.0
0.6678,39.892,39.892,405.822,405.822,6900.0
0.6679,39.515,39.515,406.343,406.343,6900.0
0.668,39.156,39.156,406.856,406.856,6900.0
0.6681,38.643,38.643,407.353,407.353,6900.0
0.6682,37.954,37.954,407.82,407.82,6900.0
0.6683,37.5,37.5,408.248,408.248,6900.0
0.6684,36.841,36.841,408.654,408.654,6900.0
0.6685,36.18,36.18,409.036,409.036,6900.0
0.6686,35.514,35.514,409.386,409.386,6900.0
0.6687,34.666,34.666,409.7,409.7,6900.0
0.6688,33.782,33.782,409.966,409.966,6900.0
0.6689,32.856,32.856,410.188,410.188,6900.0
0.669,31.983,31.983,410.362,410.362,6900.0
0.6691,31.191,31.191,410.495,410.495,6900.0
0.6692,30.405,30.405,410.594,410.594,6900.0
0.6693,29.387,29.387,410.663,410.663,6900.0
0.6694,28.339,28.339,410.687,410.687,6900.0
0.6695,27.318,27.318,410.655,410.655,6900.0
0.6696,26.343,26.343,410.583,410.583,6900.0
0.6697,25.481,25.481,410.484,410.484,6900.0
0.6698,24.559,24.559,410.368,410.368,6900.0
0.6699,23.204,23.204,410.209,410.209,6900.0
0.67,21.999,21.999,409.98,409.98,6900.0
0.6701,21.215,21.215,409.704,409.704,6900.0
0.6702,20.601,20.601,409.397,409.397,6900.0
0.6703,19.498,19.498,409.082,409.082,6900.0
0.6704,18.105,18.105,408.734,408.734,6900.0
0.6705,16.912,16.912,408.338,408.338,6900.0
0.6706,15.842,15.842,407.913,407.913,6900.0
0.6707,14.81,14.81,407.46,407.46,6900.0
0.6708,13.497,13.497,406.992,406.992,6900.0
0.6709,11.807,11.807,406.495,406.495,6900.0
0.671,10.356,10.356,405.961,405.961,6900.0
0.6711,9.299,9.299,405.401,405.401,6900.0
0.6712,7.994,7.994,404.818,404.818,6900.0
0.6713,6.739,6.739,404.216,404.216,6900.0
0.6714,5.386,5.386,403.598,403.598,6900.0
0.6715,4.043,4.043,402.965,402.965,6900.0
0.6716,2.624,2.624,402.32,402.32,6900.0
0.6717,1.33,1.33,401.666,401.666,6900.0
0.6718,0.223,0.223,401.006,401.006,6900.0
0.6719,0.0,0.0,400.343,400.343,6900.0
0.672,0.0,0.0,399.68,399.68,6900.0
0.6721,-1.851,-1.851,399.015,399.015,6900.0
0.6722,-2.545,-2.545,398.353,398.353,6900.0
0.6723,-3.763,-3.763,397.695,397.695,6900.0
0.6724,-4.769,-4.769,397.044,397.044,6900.0
0.6725,-6.082,-6.082,396.399,396.399,6900.0
0.6726,-7.311,-7.311,395.767,395.767,6900.0
0.6727,-8.545,-8.545,395.149,395.149,6900.0
0.6728,-10.108,-10.108,394.556,394.556,6900.0
0.6729,-11.078,-11.078,393.987,393.987,6900.0
0.673,-12.287,-12.287,393.426,393.426,6900.0
0.6731,-13.613,-13.613,392.882,392.882,6900.0
0.6732,-15.063,-15.063,392.368,392.368,6900.0
0.6733,-16.774,-16.774,391.898,391.898,6900.0
0.6734,-17.873,-17.873,391.476,391.476,6900.0
0.6735,-18.814,-18.814,391.078,391.078,6900.0
0.6736,-19.893,-19.893,390.703,390.703,6900.0
0.6737,-21.219,-21.219,390.359,390.359,6900.0
0.6738,-22.57,-22.57,390.06,390.06,6900.0
0.6739,-23.825,-23.825,389.805,389.805,6900.0
0.674,-24.887,-24.887,389.592,389.592,6900.0
0.6741,-26.045,-26.045,389.413,389.413,6900.0
0.6742,-27.117,-27.117,389.276,389.276,6900.0
0.6743,-28.311,-28.311,389.18,389.18,6900.0
0.6744,-29.496,-29.496,389.136,389.136,6900.0
0.6745,-30.635,-30.635,389.144,389.144,6900.0
0.6746,-31.742,-31.742,389.209,389.209,6900.0
0.6747,-32.592,-32.592,389.323,389.323,6900.0
0.6748,-33.332,-33.332,389.468,389.468,6900.0
0.6749,-34.398,-34.398,389.649,389.649,6900.0
0.675,-35.356,-35.356,389.878,389.878,6900.0
0.6751,-36.13,-36.13,390.164,390.164,6900.0
0.6752,-36.691,-36.691,390.487,390.487,6900.0
0.6753,-37.229,-37.229,390.825,390.825,6900.0
0.6754,-37.941,-37.941,391.196,391.196,6900.0
0.6755,-38.882,-38.882,391.6,391.6,6900.0
0.6756,-39.459,-39.459,392.072,392.072,6900.0
0.6757,-39.756,-39.756,392.581,392.581,6900.0
0.6758,-40.28,-40.28,393.092,393.092,6900.0
0.6759,-40.869,-40.869,393.638,393.638,6900.0
0.676,-41.155,-41.155,394.209,394.209,6900.0
0.6761,-41.625,-41.625,394.813,394.813,6900.0
0.6762,-41.658,-41.658,395.445,395.445,6900.0
0.6763,-41.811,-41.811,396.067,396.067,6900.0
0.6764,-42.129,-42.129,396.708,396.708,6900.0
0.6765,-42.193,-42.193,397.355,397.355,6900.0
0.6766,-42.494,-42.494,398.012,398.012,6900.0
0.6767,-42.464,-42.464,398.692,398.692,6900.0
0.6768,-42.487,-42.487,399.363,399.363,6900.0
0.6769,-42.366,-42.366,400.05,400.05,6900.0
0.677,-42.005,-42.005,400.728,400.728,6900.0
0.6771,-42.241,-42.241,401.383,401.383,6900.0
0.6772,-41.968,-41.968,402.056,402.056,6900.0
0.6773,-41.894,-41.894,402.711,402.711,6900.0
0.6774,-41.562,-41.562,403.374,403.374,6900.0
0.6775,-41.178,-41.178,404.012,404.012,6900.0
0.6776,-40.945,-40.945,404.614,404.614,6900.0
0.6777,-40.66,-40.66,405.202,405.202,6900.0
0.6778,-40.328,-40.328,405.769,405.769,6900.0
0.6779,-39.698,-39.698,406.327,406.327,6900.0
0.678,-39.121,-39.121,406.849,406.849,6900.0
0.6781,-38.763,-38.763,407.328,407.328,6900.0
0.6782,-38.096,-38.096,407.791,407.791,6900.0
0.6783,-37.549,-37.549,408.225,408.225,6900.0
0.6784,-36.954,-36.954,408.641,408.641,6900.0
0.6785,-36.167,-36.167,409.027,409.027,6900.0
0.6786,-35.329,-35.329,409.371,409.371,6900.0
0.6787,-34.685,-34.685,409.673,409.673,6900.0
0.6788,-33.844,-33.844,409.938,409.938,6900.0
0.6789,-32.993,-32.993,410.161,410.161,6900.0
0.679,-32.155,-32.155,410.345,410.345,6900.0
0.6791,-31.252,-31.252,410.492,410.492,6900.0
0.6792,-30.343,-30.343,410.597,410.597,6900.0
0.6793,-29.346,-29.346,410.653,410.653,6900.0
0.6794,-28.544,-28.544,410.66,410.66,6900.0
0.6795,-27.762,-27.762,410.636,410.636,6900.0
0.6796,-26.91,-26.91,410.589,410.589,6900.0
0.6797,-25.641,-25.641,410.516,410.516,6900.0
0.6798,-24.382,-24.382,410.381,410.381,6900.0
0.6799,-23.455,-23.455,410.189,410.189,6900.0
0.68,-22.636,-22.636,409.964,409.964,6900.0
0.6801,-21.596,-21.596,409.723,409.723,6900.0
0.6802,-20.187,-20.187,409.461,409.461,6900.0
0.6803,-18.683,-18.683,409.147,409.147,6900.0
0.6804,-17.766,-17.766,408.781,408.781,6900.0
0.6805,-16.559,-16.559,408.385,408.385,6900.0
0.6806,-15.703,-15.703,407.958,407.958,6900.0
0.6807,-14.451,-14.451,407.51,407.51,6900.0
0.6808,-13.153,-13.153,407.026,407.026,6900.0
0.6809,-12.022,-12.022,406.509,406.509,6900.0
0.681,-10.808,-10.808,405.968,405.968,6900.0
0.6811,-9.654,-9.654,405.406,405.406,6900.0
0.6812,-8.272,-8.272,404.827,404.827,6900.0
0.6813,-6.885,-6.885,404.228,404.228,6900.0
0.6814,-5.575,-5.575,403.612,403.612,6900.0
0.6815,-4.185,-4.185,402.982,402.982,6900.0
0.6816,-3.048,-3.048,402.34,402.34,6900.0
0.6817,-1.765,-1.765,401.689,401.689,6900.0
0.6818,-0.455,-0.455,401.031,401.031,6900.0
0.6819,0.0,0.0,400.369,400.369,6900.0
0.682,-0.0,-0.0,399.705,399.705,6900.0
0.6821,2.678,2.678,399.041,399.041,6900.0
0.6822,2.14,2.14,398.383,398.383,6900.0
0.6823,2.955,2.955,397.725,397.725,6900.0
0.6824,4.307,4.307,397.07,397.07,6900.0
0.6825,5.534,5.534,396.426,396.426,6900.0
0.6826,7.033,7.033,395.793,395.793,6900.0
0.6827,8.326,8.326,395.18,395.18,6900.0
0.6828,9.185,9.185,394.579,394.579,6900.0
0.6829,10.648,10.648,393.982,393.982,6900.0
0.683,12.208,12.208,393.406,393.406,6900.0
0.6831,13.963,13.963,392.862,392.862,6900.0
0.6832,15.262,15.262,392.365,392.365,6900.0
0.6833,16.353,16.353,391.898,391.898,6900.0
0.6834,17.646,17.646,391.45,391.45,6900.0
0.6835,19.042,19.042,391.035,391.035,6900.0
0.6836,20.539,20.539,390.666,390.666,6900.0
0.6837,21.64,21.64,390.352,390.352,6900.0
0.6838,22.597,22.597,390.078,390.078,6900.0
0.6839,23.566,23.566,389.831,389.831,6900.0
0.684,24.676,24.676,389.614,389.614,6900.0
0.6841,25.717,25.717,389.436,389.436,6900.0
0.6842,26.931,26.931,389.294,389.294,6900.0
0.6843,28.027,28.027,389.197,389.197,6900.0
0.6844,29.041,29.041,389.147,389.147,6900.0
0.6845,30.166,30.166,389.14,389.14,6900.0
0.6846,30.837,30.837,389.18,389.18,6900.0
0.6847,31.889,31.889,389.25,389.25,6900.0
0.6848,32.901,32.901,389.375,389.375,6900.0
0.6849,33.934,33.934,389.561,389.561,6900.0
0.685,34.657,34.657,389.802,389.802,6900.0
0.6851,35.327,35.327,390.072,390.072,6900.0
0.6852,36.259,36.259,390.365,390.365,6900.0
0.6853,36.85,36.85,390.701,390.701,6900.0
0.6854,37.642,37.642,391.073,391.073,6900.0
0.6855,38.278,38.278,391.49,391.49,6900.0
0.6856,38.74,38.74,391.927,391.927,6900.0
0.6857,39.503,39.503,392.379,392.379,6900.0
0.6858,39.931,39.931,392.871,392.871,6900.0
0.6859,40.531,40.531,393.393,393.393,6900.0
0.686,40.847,40.847,393.97,393.97,6900.0
0.6861,41.002,41.002,394.563,394.563,6900.0
0.6862,41.559,41.559,395.168,395.168,6900.0
0.6863,41.745,41.745,395.803,395.803,6900.0
0.6864,42.063,42.063,396.443,396.443,6900.0
0.6865,42.119,42.119,397.117,397.117,6900.0
0.6866,41.921,41.921,397.784,397.784,6900.0
0.6867,42.025,42.025,398.443,398.443,6900.0
0.6868,42.037,42.037,399.105,399.105,6900.0
0.6869,42.011,42.011,399.751,399.751,6900.0
0.687,42.157,42.157,400.407,400.407,6900.0
0.6871,41.843,41.843,401.063,401.063,6900.0
0.6872,42.054,42.054,401.715,401.715,6900.0
0.6873,41.852,41.852,402.38,402.38,6900.0
0.6874,41.392,41.392,403.023,403.023,6900.0
0.6875,41.364,41.364,403.649,403.649,6900.0
0.6876,40.764,40.764,404.269,404.269,6900.0
0.6877,40.39,40.39,404.873,404.873,6900.0
0.6878,39.907,39.907,405.457,405.457,6900.0
0.6879,39.372,39.372,406.001,406.001,6900.0
0.688,39.112,39.112,406.509,406.509,6900.0
0.6881,38.62,38.62,406.992,406.992,6900.0
0.6882,38.192,38.192,407.458,407.458,6900.0
0.6883,37.499,37.499,407.902,407.902,6900.0
0.6884,36.662,36.662,408.306,408.306,6900.0
0.6885,35.875,35.875,408.667,408.667,6900.0
0.6886,35.425,35.425,408.991,408.991,6900.0
0.6887,34.761,34.761,409.293,409.293,6900.0
0.6888,33.901,33.901,409.567,409.567,6900.0
0.6889,33.043,33.043,409.803,409.803,6900.0
0.689,32.012,32.012,409.998,409.998,6900.0
0.6891,31.197,31.197,410.143,410.143,6900.0
0.6892,30.339,30.339,410.241,410.241,6900.0
0.6893,29.451,29.451,410.297,410.297,6900.0
0.6894,28.628,28.628,410.32,410.32,6900.0
0.6895,27.562,27.562,410.317,410.317,6900.0
0.6896,26.293,26.293,410.267,410.267,6900.0
0.6897,25.338,25.338,410.153,410.153,6900.0
0.6898,24.575,24.575,409.998,409.998,6900.0
0.6899,23.793,23.793,409.824,409.824,6900.0
0.69,22.827,22.827,409.638,409.638,6900.0
0.6901,21.33,21.33,409.415,409.415,6900.0
0.6902,20.106,20.106,409.126,409.126,6900.0
0.6903,18.99,18.99,408.795,408.795,6900.0
0.6904,18.08,18.08,408.425,408.425,6900.0
0.6905,17.091,17.091,408.035,408.035,6900.0
0.6906,15.867,15.867,407.616,407.616,6900.0
0.6907,14.571,14.571,407.156,407.156,6900.0
0.6908,13.475,13.475,406.669,406.669,6900.0
0.6909,12.329,12.329,406.157,406.157,6900.0
0.691,11.155,11.155,405.629,405.629,6900.0
0.6911,9.608,9.608,405.08,405.08,6900.0
0.6912,8.015,8.015,404.505,404.505,6900.0
0.6913,6.802,6.802,403.906,403.906,6900.0
0.6914,5.339,5.339,403.291,403.291,6900.0
0.6915,4.079,4.079,402.659,402.659,6900.0
0.6916,2.976,2.976,402.015,402.015,6900.0
0.6917,1.756,1.756,401.362,401.362,6900.0
0.6918,0.404,0.404,400.703,400.703,6900.0
0.6919,-0.0,-0.0,400.04,400.04,6900.0
0.692,0.0,0.0,399.376,399.376,6900.0
0.6921,-1.511,-1.511,398.712,398.712,6900.0
0.6922,-2.235,-2.235,398.049,398.049,6900.0
0.6923,-3.515,-3.515,397.388,397.388,6900.0
0.6924,-4.692,-4.692,396.733,396.733,6900.0
0.6925,-6.158,-6.158,396.089,396.089,6900.0
0.6926,-6.942,-6.942,395.458,395.458,6900.0
0.6927,-8.173,-8.173,394.831,394.831,6900.0
0.6928,-9.731,-9.731,394.218,394.218,6900.0
0.6929,-11.23,-11.23,393.63,393.63,6900.0
0.693,-12.843,-12.843,393.076,393.076,6900.0
0.6931,-13.721,-13.721,392.56,392.56,6900.0
0.6932,-14.813,-14.813,392.054,392.054,6900.0
0.6933,-16.268,-16.268,391.568,391.568,6900.0
0.6934,-17.785,-17.785,391.118,391.118,6900.0
0.6935,-19.264,-19.264,390.716,390.716,6900.0
0.6936,-20.333,-20.333,390.362,390.362,6900.0
0.6937,-21.268,-21.268,390.036,390.036,6900.0
0.6938,-22.549,-22.549,389.734,389.734,6900.0
0.6939,-23.911,-23.911,389.471,389.471,6900.0
0.694,-25.141,-25.141,389.254,389.254,6900.0
0.6941,-26.226,-26.226,389.083,389.083,6900.0
0.6942,-27.392,-27.392,388.956,388.956,6900.0
0.6943,-28.569,-28.569,388.874,388.874,6900.0
0.6944,-29.467,-29.467,388.838,388.838,6900.0
0.6945,-30.387,-30.387,388.841,388.841,6900.0
0.6946,-31.627,-31.627,388.887,388.887,6900.0
0.6947,-32.671,-32.671,388.989,388.989,6900.0
0.6948,-33.551,-33.551,389.15,389.15,6900.0
0.6949,-34.191,-34.191,389.354,389.354,6900.0
0.695,-34.939,-34.939,389.579,389.579,6900.0
0.6951,-36.004,-36.004,389.84,389.84,6900.0
0.6952,-36.887,-36.887,390.144,390.144,6900.0
0.6953,-37.683,-37.683,390.505,390.505,6900.0
0.6954,-38.342,-38.342,390.901,390.901,6900.0
0.6955,-39.049,-39.049,391.313,391.313,6900.0
0.6956,-39.599,-39.599,391.767,391.767,6900.0
0.6957,-40.291,-40.291,392.248,392.248,6900.0
0.6958,-40.901,-40.901,392.791,392.791,6900.0
0.6959,-41.086,-41.086,393.373,393.373,6900.0
0.696,-41.477,-41.477,393.954,393.954,6900.0
0.6961,-41.886,-41.886,394.566,394.566,6900.0
0.6962,-41.954,-41.954,395.192,395.192,6900.0
0.6963,-42.385,-42.385,395.838,395.838,6900.0
0.6964,-42.392,-42.392,396.506,396.506,6900.0
0.6965,-42.572,-42.572,397.161,397.161,6900.0
0.6966,-42.634,-42.634,397.835,397.835,6900.0
0.6967,-42.465,-42.465,398.504,398.504,6900.0
0.6968,-42.787,-42.787,399.167,399.167,6900.0
0.6969,-42.584,-42.584,399.855,399.855,6900.0
0.697,-42.505,-42.505,400.53,400.53,6900.0
0.6971,-42.304,-42.304,401.218,401.218,6900.0
0.6972,-41.858,-41.858,401.895,401.895,6900.0
0.6973,-41.946,-41.946,402.54,402.54,6900.0
0.6974,-41.718,-41.718,403.195,403.195,6900.0
0.6975,-41.593,-41.593,403.832,403.832,6900.0
0.6976,-41.194,-41.194,404.472,404.472,6900.0
0.6977,-40.624,-40.624,405.082,405.082,6900.0
0.6978,-40.374,-40.374,405.643,405.643,6900.0
0.6979,-39.941,-39.941,406.191,406.191,6900.0
0.698,-39.773,-39.773,406.711,406.711,6900.0
0.6981,-38.877,-38.877,407.227,407.227,6900.0
0.6982,-38.231,-38.231,407.701,407.701,6900.0
0.6983,-37.678,-37.678,408.132,408.132,6900.0
0.6984,-37.063,-37.063,408.537,408.537,6900.0
0.6985,-36.481,-36.481,408.915,408.915,6900.0
0.6986,-35.704,-35.704,409.272,409.272,6900.0
0.6987,-34.873,-34.873,409.594,409.594,6900.0
0.6988,-34.045,-34.045,409.873,409.873,6900.0
0.6989,-33.234,-33.234,410.11,410.11,6900.0
0.699,-32.452,-32.452,410.301,410.301,6900.0
0.6991,-31.514,-31.514,410.45,410.45,6900.0
0.6992,-30.693,-30.693,410.555,410.555,6900.0
0.6993,-29.947,-29.947,410.627,410.627,6900.0
0.6994,-28.779,-28.779,410.665,410.665,6900.0
0.6995,-27.722,-27.722,410.647,410.647,6900.0
0.6996,-26.771,-26.771,410.581,410.581,6900.0
0.6997,-25.938,-25.938,410.483,410.483,6900.0
0.6998,-25.25,-25.25,410.367,410.367,6900.0
0.6999,-23.921,-23.921,410.231,410.231,6900.0
0.7,-22.345,-22.345,410.032,410.032,6900.0
0.7001,-19.656,-19.656,409.778,509.778,6900.0
0.7002,-16.898,-16.898,409.452,509.452,6900.0
0.7003,-15.328,-15.328,409.075,509.075,6900.0
0.7004,-13.902,-13.902,408.669,508.669,6900.0
0.7005,-12.181,-12.181,408.224,508.224,6900.0
0.7006,-10.901,-10.901,407.739,507.739,6900.0
0.7007,-9.628,-9.628,407.228,507.228,6900.0
0.7008,-8.925,-8.925,406.691,506.691,6900.0
0.7009,-7.808,-7.808,406.141,506.141,6900.0
0.701,-6.375,-6.375,405.567,505.567,6900.0
0.7011,-5.32,-5.32,404.967,504.967,6900.0
0.7012,-4.026,-4.026,404.351,504.351,6900.0
0.7013,-3.039,-3.039,403.72,503.72,6900.0
0.7014,-2.233,-2.233,403.078,503.078,6900.0
0.7015,-1.332,-1.332,402.429,502.429,6900.0
0.7016,-0.855,-0.855,401.773,501.773,6900.0
0.7017,-0.554,-0.554,401.114,501.114,6900.0
0.7018,-1.208,-1.208,400.452,500.452,6900.0
0.7019,-0.357,-0.357,399.789,499.789,6900.0
0.702,0.161,0.161,399.125,499.125,6900.0
0.7021,1.025,1.025,398.459,498.459,6900.0
0.7022,2.013,2.013,397.793,497.793,6900.0
0.7023,1.141,1.141,397.131,497.131,6900.0
0.7024,1.292,1.292,396.468,496.468,6900.0
0.7025,1.499,1.499,395.807,495.807,6900.0
0.7026,2.15,2.15,395.147,495.147,6900.0
0.7027,2.643,2.643,394.494,494.494,6900.0
0.7028,3.255,3.255,393.848,493.848,6900.0
0.7029,3.672,3.672,393.212,493.212,6900.0
0.703,3.616,3.616,392.581,492.581,6900.0
0.7031,3.915,3.915,391.949,491.949,6900.0
0.7032,4.053,4.053,391.321,491.321,6900.0
0.7033,4.935,4.935,390.704,490.704,6900.0
0.7034,5.501,5.501,390.11,490.11,6900.0
0.7035,5.305,5.305,389.526,489.526,6900.0
0.7036,5.465,5.465,388.941,488.941,6900.0
0.7037,5.29,5.29,388.36,488.36,6900.0
0.7038,5.437,5.437,387.782,487.782,6900.0
0.7039,5.381,5.381,387.215,487.215,6900.0
0.704,4.894,4.894,386.647,486.647,6900.0
0.7041,4.728,4.728,386.074,486.074,6900.0
0.7042,4.204,4.204,385.496,485.496,6900.0
0.7043,3.61,3.61,384.906,484.906,6900.0
0.7044,2.891,2.891,384.306,484.306,6900.0
0.7045,1.585,1.585,383.686,483.686,6900.0
0.7046,0.0,0.0,383.031,483.031,6900.0
0.7047,0.0,0.0,382.338,482.338,6900.0
0.7048,0.0,0.0,381.643,481.643,6900.0
0.7049,0.0,0.0,380.947,480.947,6900.0
0.705,0.0,0.0,380.249,480.249,6900.0
0.7051,0.0,0.0,379.55,479.55,6900.0
0.7052,0.0,0.0,378.85,478.85,6900.0
0.7053,0.0,0.0,378.149,478.149,6900.0
0.7054,0.0,0.0,377.447,477.447,6900.0
0.7055,0.0,0.0,376.743,476.743,6900.0
0.7056,0.0,0.0,376.038,476.038,6900.0
0.7057,0.0,0.0,375.331,475.331,6900.0
0.7058,0.0,0.0,374.623,474.623,6900.0
0.7059,0.0,0.0,373.914,473.914,6900.0
0.706,0.0,0.0,373.204,473.204,6900.0
0.7061,0.0,0.0,372.492,472.492,6900.0
0.7062,0.0,0.0,371.778,471.778,6900.0
0.7063,0.0,0.0,371.064,471.064,6900.0
0.7064,0.0,0.0,370.348,470.348,6900.0
0.7065,0.0,0.0,369.63,469.63,6900.0
0.7066,0.0,0.0,368.912,468.912,6900.0
0.7067,0.0,0.0,368.192,468.192,6900.0
0.7068,0.0,0.0,367.47,467.47,6900.0
0.7069,0.0,0.0,366.747,466.747,6900.0
0.707,0.0,0.0,366.023,466.023,6900.0
0.7071,0.0,0.0,365.297,465.297,6900.0
0.7072,0.0,0.0,364.569,464.569,6900.0
0.7073,0.0,0.0,363.841,463.841,6900.0
0.7074,0.0,0.0,363.11,463.11,6900.0
0.7075,0.0,0.0,362.379,462.379,6900.0
0.7076,0.0,0.0,361.646,461.646,6900.0
0.7077,0.0,0.0,360.911,460.911,6900.0
0.7078,0.0,0.0,360.175,460.175,6900.0
0.7079,0.0,0.0,359.437,459.437,6900.0
0.708,0.0,0.0,358.698,458.698,6900.0
0.7081,0.0,0.0,357.957,457.957,6900.0
0.7082,0.0,0.0,357.215,457.215,6900.0
0.7083,0.0,0.0,356.471,456.471,6900.0
0.7084,0.0,0.0,355.726,455.726,6900.0
0.7085,0.0,0.0,354.979,454.979,6900.0
0.7086,0.0,0.0,354.231,454.231,6900.0
0.7087,0.0,0.0,353.481,453.481,6900.0
0.7088,0.0,0.0,352.729,452.729,6900.0
0.7089,0.0,0.0,351.976,451.976,6900.0
0.709,0.0,0.0,351.222,451.222,6888.674
0.7091,0.0,0.0,350.471,450.471,6852.324
0.7092,0.0,0.0,349.724,449.724,6785.018
0.7093,0.0,0.0,348.985,448.985,6700.505
0.7094,0.0,0.0,348.256,448.256,6606.662
0.7095,0.0,0.0,347.539,447.539,6483.951
0.7096,0.0,0.0,346.836,446.836,6343.22
0.7097,0.0,0.0,346.148,446.148,6185.911
0.7098,0.0,0.0,345.478,445.478,6013.459
0.7099,0.0,0.0,344.827,444.827,5827.289
0.71,0.0,0.0,344.197,444.197,5628.805
0.7101,0.0,0.0,343.589,443.589,5419.388
0.7102,0.0,0.0,343.003,443.003,5178.016
0.7103,-0.0,-0.0,342.442,442.442,4973.136
0.7104,-0.0,-0.0,341.905,441.905,4738.903
0.7105,-0.0,-0.0,341.394,441.394,4498.934
0.7106,-0.0,-0.0,340.909,440.909,4254.429
0.7107,-0.0,-0.0,340.451,440.451,4006.539
0.7108,-0.0,-0.0,340.02,440.02,3756.367
0.7109,-0.0,-0.0,339.616,439.616,3504.964
0.711,-0.0,-0.0,339.24,439.24,3253.333
0.7111,-0.0,-0.0,338.891,438.891,3002.42
0.7112,-0.0,-0.0,338.57,438.57,2728.309
0.7113,-0.0,-0.0,338.276,438.276,2481.745
0.7114,-0.0,-0.0,338.009,438.009,2262.647
0.7115,-0.0,-0.0,337.768,437.768,2022.993
0.7116,-0.0,-0.0,337.554,437.554,1787.978
0.7117,-0.0,-0.0,337.366,437.366,1558.224
0.7118,-0.0,-0.0,337.203,437.203,1334.299
0.7119,-0.0,-0.0,337.064,437.064,1116.721
0.712,0.0,0.0,336.949,436.949,905.954
0.7121,-0.145,-0.145,336.859,436.859,702.42
0.7122,0.0,0.0,336.79,436.79,487.346
0.7123,0.0,0.0,336.742,436.742,318.512
0.7124,0.0,0.0,336.715,436.715,138.707
0.7125,0.0,0.0,336.708,436.708,0.0
0.7126,0.0,0.0,336.708,436.708,0.0
0.7127,0.0,0.0,336.708,436.708,0.0
0.7128,0.0,0.0,336.707,436.707,0.0
0.7129,0.0,0.0,336.707,436.707,0.0
0.713,0.0,0.0,336.707,436.707,0.0
0.7131,0.0,0.0,336.706,436.706,0.0
0.7132,0.0,0.0,336.706,436.706,0.0
0.7133,0.0,0.0,336.706,436.706,0.0
0.7134,0.0,0.0,336.706,436.706,0.0
0.7135,0.0,0.0,336.705,436.705,0.0
0.7136,0.0,0.0,336.705,436.705,0.0
0.7137,-0.0,-0.0,336.705,436.705,0.0
0.7138,-0.0,-0.0,336.704,436.704,0.0
0.7139,-0.0,-0.0,336.704,436.704,0.0
0.714,-0.0,-0.0,336.704,436.704,0.0
0.7141,-0.0,-0.0,336.704,436.704,0.0
0.7142,-0.0,-0.0,336.703,436.703,0.0
0.7143,-0.0,-0.0,336.703,436.703,0.0
0.7144,-0.0,-0.0,336.703,436.703,0.0
0.7145,-0.0,-0.0,336.703,436.703,0.0
0.7146,-0.0,-0.0,336.702,436.702,0.0
0.7147,-0.0,-0.0,336.702,436.702,0.0
0.7148,-0.0,-0.0,336.702,436.702,0.0
0.7149,-0.0,-0.0,336.701,436.701,0.0
0.715,-0.0,-0.0,336.701,436.701,0.0
0.7151,-0.0,-0.0,336.701,436.701,0.0
0.7152,-0.0,-0.0,336.701,436.701,0.0
0.7153,-0.0,-0.0,336.7,436.7,0.0
0.7154,-0.0,-0.0,336.7,436.7,0.0
0.7155,-0.0,-0.0,336.7,436.7,0.0
0.7156,-0.0,-0.0,336.7,436.7,0.0
0.7157,-0.0,-0.0,336.699,436.699,0.0
0.7158,-0.0,-0.0,336.699,436.699,0.0
0.7159,-0.0,-0.0,336.699,436.699,0.0
0.716,-0.0,-0.0,336.698,436.698,0.0
0.7161,-0.0,-0.0,336.698,436.698,0.0
0.7162,-0.0,-0.0,336.698,436.698,0.0
0.7163,-0.0,-0.0,336.698,436.698,0.0
0.7164,-0.0,-0.0,336.697,436.697,0.0
0.7165,-0.0,-0.0,336.697,436.697,0.0
0.7166,-0.0,-0.0,336.697,436.697,0.0
0.7167,-0.0,-0.0,336.697,436.697,0.0
0.7168,-0.0,-0.0,336.696,436.696,0.0
0.7169,-0.0,-0.0,336.696,436.696,0.0
0.717,-0.0,-0.0,336.696,436.696,0.0
0.7171,-0.0,-0.0,336.695,436.695,0.0
0.7172,-0.0,-0.0,336.695,436.695,0.0
0.7173,-0.0,-0.0,336.695,436.695,0.0
0.7174,-0.0,-0.0,336.695,436.695,0.0
0.7175,-0.0,-0.0,336.694,436.694,0.0
0.7176,-0.0,-0.0,336.694,436.694,0.0
0.7177,-0.0,-0.0,336.694,436.694,0.0
0.7178,-0.0,-0.0,336.694,436.694,0.0
0.7179,-0.0,-0.0,336.693,436.693,0.0
0.718,-0.0,-0.0,336.693,436.693,0.0
0.7181,-0.0,-0.0,336.693,436.693,0.0
0.7182,-0.0,-0.0,336.692,436.692,0.0
0.7183,-0.0,-0.0,336.692,436.692,0.0
0.7184,-0.0,-0.0,336.692,436.692,0.0
0.7185,-0.0,-0.0,336.692,436.692,0.0
0.7186,-0.0,-0.0,336.691,436.691,0.0
0.7187,-0.0,-0.0,336.691,436.691,0.0
0.7188,-0.0,-0.0,336.691,436.691,0.0
0.7189,-0.0,-0.0,336.691,436.691,0.0
0.719,-0.0,-0.0,336.69,436.69,0.0
0.7191,-0.0,-0.0,336.69,436.69,0.0
0.7192,-0.0,-0.0,336.69,436.69,0.0
0.7193,-0.0,-0.0,336.689,436.689,0.0
0.7194,-0.0,-0.0,336.689,436.689,0.0
0.7195,-0.0,-0.0,336.689,436.689,0.0
0.7196,-0.0,-0.0,336.689,436.689,0.0
0.7197,-0.0,-0.0,336.688,436.688,0.0
0.7198,-0.0,-0.0,336.688,436.688,0.0
0.7199,-0.0,-0.0,336.688,436.688,0.0
0.72,-0.0,-0.0,336.688,436.688,0.0
0.7201,-0.0,-0.0,336.687,436.687,0.0
0.7202,-0.0,-0.0,336.687,436.687,0.0
0.7203,0.0,0.0,336.687,436.687,0.0
0.7204,0.0,0.0,336.686,436.686,0.0
0.7205,0.0,0.0,336.686,436.686,0.0
0.7206,0.0,0.0,336.686,436.686,0.0
0.7207,0.0,0.0,336.686,436.686,0.0
0.7208,0.0,0.0,336.685,436.685,0.0
0.7209,0.0,0.0,336.685,436.685,0.0
0.721,0.0,0.0,336.685,436.685,0.0
0.7211,0.0,0.0,336.684,436.684,0.0
0.7212,0.0,0.0,336.684,436.684,0.0
0.7213,0.0,0.0,336.684,436.684,0.0
0.7214,0.0,0.0,336.684,436.684,0.0
0.7215,0.0,0.0,336.683,436.683,0.0
0.7216,0.0,0.0,336.683,436.683,0.0
0.7217,0.0,0.0,336.683,436.683,0.0
0.7218,0.0,0.0,336.682,436.682,0.0
0.7219,0.0,0.0,336.682,436.682,0.0
0.722,0.015,0.015,336.682,436.682,0.0
0.7221,-0.0,-0.0,336.682,436.682,0.0
0.7222,-0.0,-0.0,336.681,436.681,0.0
0.7223,-0.0,-0.0,336.681,436.681,0.0
0.7224,-0.0,-0.0,336.681,436.681,0.0
0.7225,-0.0,-0.0,336.681,436.681,0.0
0.7226,-0.0,-0.0,336.68,436.68,0.0
0.7227,-0.0,-0.0,336.68,436.68,0.0
0.7228,-0.0,-0.0,336.68,436.68,0.0
0.7229,-0.0,-0.0,336.679,436.679,0.0
0.723,-0.0,-0.0,336.679,436.679,0.0
0.7231,-0.0,-0.0,336.679,436.679,0.0
0.7232,-0.0,-0.0,336.679,436.679,0.0
0.7233,-0.0,-0.0,336.678,436.678,0.0
0.7234,-0.0,-0.0,336.678,436.678,0.0
0.7235,-0.0,-0.0,336.678,436.678,0.0
0.7236,0.0,0.0,336.677,436.677,0.0
0.7237,0.0,0.0,336.677,436.677,0.0
0.7238,0.0,0.0,336.677,436.677,0.0
0.7239,0.0,0.0,336.677,436.677,0.0
0.724,0.0,0.0,336.676,436.676,0.0
0.7241,0.0,0.0,336.676,436.676,0.0
0.7242,0.0,0.0,336.676,436.676,0.0
0.7243,0.0,0.0,336.676,436.676,0.0
0.7244,0.0,0.0,336.675,436.675,0.0
0.7245,0.0,0.0,336.675,436.675,0.0
0.7246,0.0,0.0,336.675,436.675,0.0
0.7247,0.0,0.0,336.674,436.674,0.0
0.7248,0.0,0.0,336.674,436.674,0.0
0.7249,0.0,0.0,336.674,436.674,0.0
0.725,0.0,0.0,336.674,436.674,0.0
0.7251,0.0,0.0,336.673,436.673,0.0
0.7252,0.0,0.0,336.673,436.673,0.0
0.7253,0.0,0.0,336.673,436.673,0.0
0.7254,0.0,0.0,336.672,436.672,0.0
0.7255,0.0,0.0,336.672,436.672,0.0
0.7256,0.0,0.0,336.672,436.672,0.0
0.7257,0.0,0.0,336.672,436.672,0.0
0.7258,0.0,0.0,336.671,436.671,0.0
0.7259,0.0,0.0,336.671,436.671,0.0
0.726,0.0,0.0,336.671,436.671,0.0
0.7261,0.0,0.0,336.671,436.671,0.0
0.7262,0.0,0.0,336.67,436.67,0.0
0.7263,0.0,0.0,336.67,436.67,0.0
0.7264,0.0,0.0,336.67,436.67,0.0
0.7265,0.0,0.0,336.67,436.67,0.0
0.7266,0.0,0.0,336.669,436.669,0.0
0.7267,0.0,0.0,336.669,436.669,0.0
0.7268,0.0,0.0,336.669,436.669,0.0
0.7269,0.0,0.0,336.668,436.668,0.0
0.727,0.0,0.0,336.668,436.668,0.0
0.7271,0.0,0.0,336.668,436.668,0.0
0.7272,0.0,0.0,336.668,436.668,0.0
0.7273,0.0,0.0,336.667,436.667,0.0
0.7274,0.0,0.0,336.667,436.667,0.0
0.7275,0.0,0.0,336.667,436.667,0.0
0.7276,0.0,0.0,336.667,436.667,0.0
0.7277,0.0,0.0,336.666,436.666,0.0
0.7278,0.0,0.0,336.666,436.666,0.0
0.7279,0.0,0.0,336.666,436.666,0.0
0.728,0.0,0.0,336.665,436.665,0.0
0.7281,0.0,0.0,336.665,436.665,0.0
0.7282,0.0,0.0,336.665,436.665,0.0
0.7283,0.0,0.0,336.665,436.665,0.0
0.7284,0.0,0.0,336.664,436.664,0.0
0.7285,0.0,0.0,336.664,436.664,0.0
0.7286,0.0,0.0,336.664,436.664,0.0
0.7287,0.0,0.0,336.664,436.664,0.0
0.7288,0.0,0.0,336.663,436.663,0.0
0.7289,0.0,0.0,336.663,436.663,0.0
0.729,0.0,0.0,336.663,436.663,0.0
0.7291,0.0,0.0,336.662,436.662,0.0
0.7292,0.0,0.0,336.662,436.662,0.0
0.7293,0.0,0.0,336.662,436.662,0.0
0.7294,0.0,0.0,336.662,436.662,0.0
0.7295,0.0,0.0,336.661,436.661,0.0
0.7296,0.0,0.0,336.661,436.661,0.0
0.7297,0.0,0.0,336.661,436.661,0.0
0.7298,0.0,0.0,336.661,436.661,0.0
0.7299,0.0,0.0,336.66,436.66,0.0
0.73,0.0,0.0,336.66,436.66,0.0
0.7301,0.0,0.0,336.66,436.66,0.0
0.7302,-0.0,-0.0,336.659,436.659,0.0
0.7303,-0.0,-0.0,336.659,436.659,0.0
0.7304,-0.0,-0.0,336.659,436.659,0.0
0.7305,-0.0,-0.0,336.659,436.659,0.0
0.7306,-0.0,-0.0,336.658,436.658,0.0
0.7307,-0.0,-0.0,336.658,436.658,0.0
0.7308,-0.0,-0.0,336.658,436.658,0.0
0.7309,-0.0,-0.0,336.657,436.657,0.0
0.731,-0.0,-0.0,336.657,436.657,0.0
0.7311,-0.0,-0.0,336.657,436.657,0.0
0.7312,-0.0,-0.0,336.657,436.657,0.0
0.7313,-0.0,-0.0,336.656,436.656,0.0
0.7314,-0.0,-0.0,336.656,436.656,0.0
0.7315,-0.0,-0.0,336.656,436.656,0.0
0.7316,-0.0,-0.0,336.655,436.655,0.0
0.7317,-0.0,-0.0,336.655,436.655,0.0
0.7318,-0.0,-0.0,336.655,436.655,0.0
0.7319,-0.0,-0.0,336.655,436.655,0.0
0.732,-0.017,-0.017,336.654,436.654,0.0
0.7321,0.0,0.0,336.654,436.654,0.0
0.7322,0.0,0.0,336.654,436.654,0.0
0.7323,0.0,0.0,336.653,436.653,0.0
0.7324,0.0,0.0,336.653,436.653,0.0
0.7325,0.0,0.0,336.653,436.653,0.0
0.7326,0.0,0.0,336.653,436.653,0.0
0.7327,0.0,0.0,336.652,436.652,0.0
0.7328,0.0,0.0,336.652,436.652,0.0
0.7329,0.0,0.0,336.652,436.652,0.0
0.733,0.0,0.0,336.652,436.652,0.0
0.7331,0.0,0.0,336.651,436.651,0.0
0.7332,0.0,0.0,336.651,436.651,0.0
0.7333,0.0,0.0,336.651,436.651,0.0
0.7334,0.0,0.0,336.65,436.65,0.0
0.7335,0.0,0.0,336.65,436.65,0.0
0.7336,0.0,0.0,336.65,436.65,0.0
0.7337,-0.0,-0.0,336.65,436.65,0.0
0.7338,-0.0,-0.0,336.649,436.649,0.0
0.7339,-0.0,-0.0,336.649,436.649,0.0
0.734,-0.0,-0.0,336.649,436.649,0.0
0.7341,-0.0,-0.0,336.648,436.648,0.0
0.7342,-0.0,-0.0,336.648,436.648,0.0
0.7343,-0.0,-0.0,336.648,436.648,0.0
0.7344,-0.0,-0.0,336.648,436.648,0.0
0.7345,-0.0,-0.0,336.647,436.647,0.0
0.7346,-0.0,-0.0,336.647,436.647,0.0
0.7347,-0.0,-0.0,336.647,436.647,0.0
0.7348,-0.0,-0.0,336.647,436.647,0.0
0.7349,-0.0,-0.0,336.646,436.646,0.0
0.735,-0.0,-0.0,336.646,436.646,0.0
0.7351,-0.0,-0.0,336.646,436.646,0.0
0.7352,-0.0,-0.0,336.645,436.645,0.0
0.7353,-0.0,-0.0,336.645,436.645,0.0
0.7354,-0.0,-0.0,336.645,436.645,0.0
0.7355,-0.0,-0.0,336.645,436.645,0.0
0.7356,-0.0,-0.0,336.644,436.644,0.0
0.7357,-0.0,-0.0,336.644,436.644,0.0
0.7358,-0.0,-0.0,336.644,436.644,0.0
0.7359,-0.0,-0.0,336.644,436.644,0.0
0.736,-0.0,-0.0,336.643,436.643,0.0
0.7361,-0.0,-0.0,336.643,436.643,0.0
0.7362,-0.0,-0.0,336.643,436.643,0.0
0.7363,-0.0,-0.0,336.642,436.642,0.0
0.7364,-0.0,-0.0,336.642,436.642,0.0
0.7365,-0.0,-0.0,336.642,436.642,0.0
0.7366,-0.0,-0.0,336.642,436.642,0.0
0.7367,-0.0,-0.0,336.641,436.641,0.0
0.7368,-0.0,-0.0,336.641,436.641,0.0
0.7369,-0.0,-0.0,336.641,436.641,0.0
0.737,-0.0,-0.0,336.641,436.641,0.0
0.7371,-0.0,-0.0,336.64,436.64,0.0
0.7372,-0.0,-0.0,336.64,436.64,0.0
0.7373,-0.0,-0.0,336.64,436.64,0.0
0.7374,-0.0,-0.0,336.639,436.639,0.0
0.7375,-0.0,-0.0,336.639,436.639,0.0
0.7376,-0.0,-0.0,336.639,436.639,0.0
0.7377,-0.0,-0.0,336.639,436.639,0.0
0.7378,-0.0,-0.0,336.638,436.638,0.0
0.7379,-0.0,-0.0,336.638,436.638,0.0
0.738,-0.0,-0.0,336.638,436.638,0.0
0.7381,-0.0,-0.0,336.638,436.638,0.0
0.7382,-0.0,-0.0,336.637,436.637,0.0
0.7383,-0.0,-0.0,336.637,436.637,0.0
0.7384,-0.0,-0.0,336.637,436.637,0.0
0.7385,-0.0,-0.0,336.636,436.636,0.0
0.7386,-0.0,-0.0,336.636,436.636,0.0
0.7387,-0.0,-0.0,336.636,436.636,0.0
0.7388,-0.0,-0.0,336.636,436.636,0.0
0.7389,-0.0,-0.0,336.635,436.635,0.0
0.739,-0.0,-0.0,336.635,436.635,0.0
0.7391,-0.0,-0.0,336.635,436.635,0.0
0.7392,-0.0,-0.0,336.635,436.635,0.0
0.7393,-0.0,-0.0,336.634,436.634,0.0
0.7394,-0.0,-0.0,336.634,436.634,0.0
0.7395,-0.0,-0.0,336.634,436.634,0.0
0.7396,-0.0,-0.0,336.633,436.633,0.0
0.7397,-0.0,-0.0,336.633,436.633,0.0
0.7398,-0.0,-0.0,336.633,436.633,0.0
0.7399,-0.0,-0.0,336.633,436.633,0.0
0.74,-0.0,-0.0,336.632,436.632,0.0
0.7401,-0.0,-0.0,336.632,436.632,0.0
0.7402,-0.0,-0.0,336.632,436.632,0.0
0.7403,0.0,0.0,336.632,436.632,0.0
0.7404,0.0,0.0,336.631,436.631,0.0
0.7405,0.0,0.0,336.631,436.631,0.0
0.7406,0.0,0.0,336.631,436.631,0.0
0.7407,0.0,0.0,336.63,436.63,0.0
0.7408,0.0,0.0,336.63,436.63,0.0
0.7409,0.0,0.0,336.63,436.63,0.0
0.741,0.0,0.0,336.63,436.63,0.0
0.7411,0.0,0.0,336.629,436.629,0.0
0.7412,0.0,0.0,336.629,436.629,0.0
0.7413,0.0,0.0,336.629,436.629,0.0
0.7414,0.0,0.0,336.628,436.628,0.0
0.7415,0.0,0.0,336.628,436.628,0.0
0.7416,0.0,0.0,336.628,436.628,0.0
0.7417,0.0,0.0,336.628,436.628,0.0
0.7418,0.0,0.0,336.627,436.627,0.0
0.7419,0.0,0.0,336.627,436.627,0.0
0.742,0.143,0.143,336.627,436.627,0.0
0.7421,-0.0,-0.0,336.627,436.627,0.0
0.7422,-0.0,-0.0,336.626,436.626,0.0
0.7423,-0.0,-0.0,336.626,436.626,0.0
0.7424,-0.0,-0.0,336.626,436.626,0.0
0.7425,-0.0,-0.0,336.625,436.625,0.0
0.7426,-0.0,-0.0,336.625,436.625,0.0
0.7427,-0.0,-0.0,336.625,436.625,0.0
0.7428,-0.0,-0.0,336.625,436.625,0.0
0.7429,-0.0,-0.0,336.624,436.624,0.0
0.743,-0.0,-0.0,336.624,436.624,0.0
0.7431,-0.0,-0.0,336.624,436.624,0.0
0.7432,-0.0,-0.0,336.623,436.623,0.0
0.7433,-0.0,-0.0,336.623,436.623,0.0
0.7434,-0.0,-0.0,336.623,436.623,0.0
0.7435,-0.0,-0.0,336.623,436.623,0.0
0.7436,-0.0,-0.0,336.622,436.622,0.0
0.7437,0.0,0.0,336.622,436.622,0.0
0.7438,0.0,0.0,336.622,436.622,0.0
0.7439,0.0,0.0,336.621,436.621,0.0
0.744,0.0,0.0,336.621,436.621,0.0
0.7441,0.0,0.0,336.621,436.621,0.0
0.7442,0.0,0.0,336.621,436.621,0.0
0.7443,0.0,0.0,336.62,436.62,0.0
0.7444,0.0,0.0,336.62,436.62,0.0
0.7445,0.0,0.0,336.62,436.62,0.0
0.7446,0.0,0.0,336.62,436.62,0.0
0.7447,0.0,0.0,336.619,436.619,0.0
0.7448,0.0,0.0,336.619,436.619,0.0
0.7449,0.0,0.0,336.619,436.619,0.0
0.745,0.0,0.0,336.618,436.618,0.0
0.7451,0.0,0.0,336.618,436.618,0.0
0.7452,0.0,0.0,336.618,436.618,0.0
0.7453,0.0,0.0,336.618,436.618,0.0
0.7454,0.0,0.0,336.617,436.617,0.0
0.7455,0.0,0.0,336.617,436.617,0.0
0.7456,0.0,0.0,336.617,436.617,0.0
0.7457,0.0,0.0,336.617,436.617,0.0
0.7458,0.0,0.0,336.616,436.616,0.0
0.7459,0.0,0.0,336.616,436.616,0.0
0.746,0.0,0.0,336.616,436.616,0.0
0.7461,0.0,0.0,336.615,436.615,0.0
0.7462,0.0,0.0,336.615,436.615,0.0
0.7463,0.0,0.0,336.615,436.615,0.0
0.7464,0.0,0.0,336.615,436.615,0.0
0.7465,0.0,0.0,336.614,436.614,0.0
0.7466,0.0,0.0,336.614,436.614,0.0
0.7467,0.0,0.0,336.614,436.614,0.0
0.7468,0.012,0.012,336.614,436.614,0.0
0.7469,0.0,0.0,336.615,436.615,0.0
0.747,0.0,0.0,336.614,436.614,0.0
0.7471,0.0,0.0,336.614,436.614,0.0
0.7472,0.0,0.0,336.614,436.614,0.0
0.7473,0.0,0.0,336.613,436.613,0.0
0.7474,0.0,0.0,336.613,436.613,0.0
0.7475,0.0,0.0,336.613,436.613,0.0
0.7476,0.0,0.0,336.613,436.613,0.0
0.7477,0.0,0.0,336.612,436.612,0.0
0.7478,0.0,0.0,336.612,436.612,0.0
0.7479,0.0,0.0,336.612,436.612,0.0
0.748,0.0,0.0,336.612,436.612,0.0
0.7481,0.0,0.0,336.611,436.611,0.0
0.7482,0.0,0.0,336.611,436.611,0.0
0.7483,0.0,0.0,336.611,436.611,0.0
0.7484,0.0,0.0,336.61,436.61,0.0
0.7485,0.0,0.0,336.61,436.61,0.0
0.7486,0.0,0.0,336.61,436.61,0.0
0.7487,0.0,0.0,336.61,436.61,0.0
0.7488,0.0,0.0,336.609,436.609,0.0
0.7489,0.0,0.0,336.609,436.609,0.0
0.749,0.0,0.0,336.609,436.609,0.0
0.7491,0.0,0.0,336.609,436.609,0.0
0.7492,0.0,0.0,336.608,436.608,0.0
0.7493,0.0,0.0,336.608,436.608,0.0
0.7494,0.0,0.0,336.608,436.608,0.0
0.7495,0.0,0.0,336.607,436.607,0.0
0.7496,0.0,0.0,336.607,436.607,0.0
0.7497,0.0,0.0,336.607,436.607,0.0
0.7498,0.0,0.0,336.607,436.607,0.0
0.7499,0.0,0.0,336.606,436.606,0.0
0.75,0.0,0.0,336.606,436.606,0.0
0.7501,0.0,0.0,336.606,436.606,0.0
0.7502,0.0,0.0,336.606,436.606,0.0
0.7503,-0.0,-0.0,336.605,436.605,0.0
0.7504,-0.0,-0.0,336.605,436.605,0.0
0.7505,-0.0,-0.0,336.605,436.605,0.0
0.7506,-0.0,-0.0,336.604,436.604,0.0
0.7507,-0.0,-0.0,336.604,436.604,0.0
0.7508,-0.0,-0.0,336.604,436.604,0.0
0.7509,-0.0,-0.0,336.604,436.604,0.0
0.751,-0.0,-0.0,336.603,436.603,0.0
0.7511,-0.0,-0.0,336.603,436.603,0.0
0.7512,-0.0,-0.0,336.603,436.603,0.0
0.7513,-0.0,-0.0,336.602,436.602,0.0
0.7514,-0.0,-0.0,336.602,436.602,0.0
0.7515,-0.0,-0.0,336.602,436.602,0.0
0.7516,-0.0,-0.0,336.602,436.602,0.0
0.7517,-0.0,-0.0,336.601,436.601,0.0
0.7518,-0.0,-0.0,336.601,436.601,0.0
0.7519,-0.0,-0.0,336.601,436.601,0.0
0.752,-0.037,-0.037,336.6,436.6,0.0
0.7521,0.0,0.0,336.6,436.6,0.0
0.7522,0.0,0.0,336.6,436.6,0.0
0.7523,0.0,0.0,336.6,436.6,0.0
0.7524,0.0,0.0,336.599,436.599,0.0
0.7525,0.0,0.0,336.599,436.599,0.0
0.7526,0.0,0.0,336.599,436.599,0.0
0.7527,0.0,0.0,336.599,436.599,0.0
0.7528,0.0,0.0,336.598,436.598,0.0
0.7529,0.0,0.0,336.598,436.598,0.0
0.753,0.0,0.0,336.598,436.598,0.0
0.7531,0.0,0.0,336.597,436.597,0.0
0.7532,0.0,0.0,336.597,436.597,0.0
0.7533,0.0,0.0,336.597,436.597,0.0
0.7534,0.0,0.0,336.597,436.597,0.0
0.7535,0.0,0.0,336.596,436.596,0.0
0.7536,-0.0,-0.0,336.596,436.596,0.0
0.7537,-0.0,-0.0,336.596,436.596,0.0
0.7538,-0.0,-0.0,336.595,436.595,0.0
0.7539,-0.0,-0.0,336.595,436.595,0.0
0.754,-0.0,-0.0,336.595,436.595,0.0
0.7541,-0.0,-0.0,336.595,436.595,0.0
0.7542,-0.0,-0.0,336.594,436.594,0.0
0.7543,-0.0,-0.0,336.594,436.594,0.0
0.7544,-0.0,-0.0,336.594,436.594,0.0
0.7545,-0.0,-0.0,336.594,436.594,0.0
0.7546,-0.0,-0.0,336.593,436.593,0.0
0.7547,-0.0,-0.0,336.593,436.593,0.0
0.7548,-0.0,-0.0,336.593,436.593,0.0
0.7549,-0.0,-0.0,336.592,436.592,0.0
0.755,-0.0,-0.0,336.592,436.592,0.0
0.7551,-0.0,-0.0,336.592,436.592,0.0
0.7552,-0.0,-0.0,336.592,436.592,0.0
0.7553,-0.0,-0.0,336.591,436.591,0.0
0.7554,-0.0,-0.0,336.591,436.591,0.0
0.7555,-0.0,-0.0,336.591,436.591,0.0
0.7556,-0.0,-0.0,336.591,436.591,0.0
0.7557,-0.0,-0.0,336.59,436.59,0.0
0.7558,-0.0,-0.0,336.59,436.59,0.0
0.7559,-0.0,-0.0,336.59,436.59,0.0
0.756,-0.0,-0.0,336.589,436.589,0.0
0.7561,-0.0,-0.0,336.589,436.589,0.0
0.7562,-0.0,-0.0,336.589,436.589,0.0
0.7563,-0.0,-0.0,336.589,436.589,0.0
0.7564,-0.0,-0.0,336.588,436.588,0.0
0.7565,-0.0,-0.0,336.588,436.588,0.0
0.7566,-0.0,-0.0,336.588,436.588,0.0
0.7567,-0.0,-0.0,336.588,436.588,0.0
0.7568,-0.0,-0.0,336.587,436.587,0.0
0.7569,-0.0,-0.0,336.587,436.587,0.0
0.757,-0.0,-0.0,336.587,436.587,0.0
0.7571,-0.0,-0.0,336.586,436.586,0.0
0.7572,-0.0,-0.0,336.586,436.586,0.0
0.7573,-0.0,-0.0,336.586,436.586,0.0
0.7574,-0.0,-0.0,336.586,436.586,0.0
0.7575,-0.0,-0.0,336.585,436.585,0.0
0.7576,-0.0,-0.0,336.585,436.585,0.0
0.7577,-0.0,-0.0,336.585,436.585,0.0
0.7578,-0.0,-0.0,336.585,436.585,0.0
0.7579,-0.0,-0.0,336.584,436.584,0.0
0.758,-0.0,-0.0,336.584,436.584,0.0
0.7581,-0.0,-0.0,336.584,436.584,0.0
0.7582,-0.0,-0.0,336.583,436.583,0.0
0.7583,-0.0,-0.0,336.583,436.583,0.0
0.7584,-0.0,-0.0,336.583,436.583,0.0
0.7585,-0.0,-0.0,336.583,436.583,0.0
0.7586,-0.0,-0.0,336.582,436.582,0.0
0.7587,-0.0,-0.0,336.582,436.582,0.0
0.7588,-0.0,-0.0,336.582,436.582,0.0
0.7589,-0.0,-0.0,336.582,436.582,0.0
0.759,-0.0,-0.0,336.581,436.581,0.0
0.7591,-0.0,-0.0,336.581,436.581,0.0
0.7592,-0.0,-0.0,336.581,436.581,0.0
0.7593,-0.0,-0.0,336.58,436.58,0.0
0.7594,-0.0,-0.0,336.58,436.58,0.0
0.7595,-0.0,-0.0,336.58,436.58,0.0
0.7596,-0.0,-0.0,336.58,436.58,0.0
0.7597,-0.0,-0.0,336.579,436.579,0.0
0.7598,-0.0,-0.0,336.579,436.579,0.0
0.7599,-0.0,-0.0,336.579,436.579,0.0
0.76,-0.0,-0.0,336.579,436.579,0.0
0.7601,-1.781,-1.781,336.606,436.606,0.0
0.7602,-3.135,-3.135,336.663,436.663,0.0
0.7603,-3.638,-3.638,336.733,436.733,0.0
0.7604,-3.799,-3.799,336.805,436.805,0.0
0.7605,-3.591,-3.591,336.876,436.876,0.0
0.7606,-2.72,-2.72,336.936,436.936,0.0
0.7607,-2.309,-2.309,336.979,436.979,0.0
0.7608,-1.704,-1.704,337.013,437.013,0.0
0.7609,-1.482,-1.482,337.04,437.04,0.0
0.761,-0.951,-0.951,337.062,437.062,0.0
0.7611,-0.411,-0.411,337.076,437.076,0.0
0.7612,-0.248,-0.248,337.083,437.083,0.0
0.7613,-0.07,-0.07,337.087,437.087,0.0
0.7614,-0.033,-0.033,337.089,437.089,0.0
0.7615,-0.0,-0.0,337.091,437.091,0.0
0.7616,-1.098,-1.098,337.097,437.097,0.0
0.7617,-1.479,-1.479,337.098,437.098,0.0
0.7618,-0.665,-0.665,337.099,437.099,0.0
0.7619,-0.0,-0.0,337.099,437.099,0.0
0.762,0.0,0.0,337.099,437.099,0.0
0.7621,-0.0,-0.0,337.099,437.099,0.0
0.7622,-0.0,-0.0,337.098,437.098,0.0
0.7623,0.128,0.128,337.098,437.098,0.0
0.7624,0.187,0.187,337.099,437.099,0.0
0.7625,0.159,0.159,337.101,437.101,0.0
0.7626,0.137,0.137,337.104,437.104,0.0
0.7627,0.216,0.216,337.107,437.107,0.0
0.7628,0.245,0.245,337.111,437.111,0.0
0.7629,0.51,0.51,337.119,437.119,0.0
0.763,0.67,0.67,337.133,437.133,0.0
0.7631,0.254,0.254,337.147,437.147,0.0
0.7632,0.284,0.284,337.157,437.157,0.0
0.7633,0.901,0.901,337.172,437.172,0.0
0.7634,1.404,1.404,337.198,437.198,0.0
0.7635,1.682,1.682,337.236,437.236,0.0
0.7636,1.347,1.347,337.276,437.276,0.0
0.7637,1.165,1.165,337.31,437.31,0.0
0.7638,1.392,1.392,337.344,437.344,0.0
0.7639,1.776,1.776,337.388,437.388,0.0
0.764,1.984,1.984,337.442,437.442,0.0
0.7641,2.089,2.089,337.501,437.501,0.0
0.7642,2.186,2.186,337.565,437.565,0.0
0.7643,2.278,2.278,337.635,437.635,0.0
0.7644,2.368,2.368,337.709,437.709,0.0
0.7645,2.441,2.441,337.787,437.787,0.0
0.7646,2.573,2.573,337.87,437.87,0.0
0.7647,2.798,2.798,337.96,437.96,0.0
0.7648,2.564,2.564,338.054,438.054,0.0
0.7649,2.284,2.284,338.138,438.138,0.0
0.765,2.249,2.249,338.217,438.217,0.0
0.7651,2.387,2.387,338.3,438.3,0.0
0.7652,2.725,2.725,338.391,438.391,0.0
0.7653,2.569,2.569,338.489,438.489,0.0
0.7654,2.177,2.177,338.577,438.577,0.0
0.7655,2.208,2.208,338.657,438.657,0.0
0.7656,2.14,2.14,338.739,438.739,0.0
0.7657,2.403,2.403,338.824,438.824,0.0
0.7658,2.327,2.327,338.915,438.915,0.0
0.7659,2.005,2.005,339.0,439.0,0.0
0.766,2.0,2.0,339.075,439.075,0.0
0.7661,2.029,2.029,339.155,439.155,0.0
0.7662,2.303,2.303,339.237,439.237,0.0
0.7663,1.969,1.969,339.322,439.322,0.0
0.7664,1.463,1.463,339.389,439.389,0.0
0.7665,1.477,1.477,339.445,439.445,0.0
0.7666,1.542,1.542,339.504,439.504,0.0
0.7667,1.658,1.658,339.565,439.565,0.0
0.7668,1.889,1.889,339.635,439.635,0.0
0.7669,1.718,1.718,339.704,439.704,0.0
0.767,1.741,1.741,339.77,439.77,0.0
0.7671,1.576,1.576,339.834,439.834,0.0
0.7672,1.309,1.309,339.889,439.889,0.0
0.7673,1.259,1.259,339.942,439.942,0.0
0.7674,0.838,0.838,339.983,439.983,0.0
0.7675,0.856,0.856,340.018,440.018,0.0
0.7676,0.505,0.505,340.048,440.048,0.0
0.7677,0.0,0.0,340.061,440.061,0.0
0.7678,0.0,0.0,340.061,440.061,0.0
0.7679,0.0,0.0,340.061,440.061,0.0
0.768,0.0,0.0,340.06,440.06,0.0
0.7681,0.0,0.0,340.06,440.06,0.0
0.7682,0.0,0.0,340.06,440.06,0.0
0.7683,0.0,0.0,340.06,440.06,0.0
0.7684,20.419,20.419,340.492,440.492,0.0
0.7685,11.406,11.406,341.107,441.107,0.0
0.7686,4.618,4.618,341.393,441.393,0.0
0.7687,1.522,1.522,341.501,441.501,0.0
0.7688,0.19,0.19,341.535,441.535,0.0
0.7689,0.146,0.146,341.552,441.552,0.0
0.769,0.169,0.169,341.569,441.569,0.0
0.7691,0.0,0.0,341.576,441.576,0.0
0.7692,14.443,14.443,341.923,441.923,0.0
0.7693,5.02,5.02,342.252,442.252,7.321
0.7694,0.681,0.681,342.343,442.343,21.63
0.7695,0.0,0.0,342.349,442.349,36.987
0.7696,11.121,11.121,342.581,442.581,52.612
0.7697,3.684,3.684,342.785,442.785,79.495
0.7698,0.347,0.347,342.836,442.836,107.046
0.7699,0.0,0.0,342.83,442.83,131.292
0.77,3.337,3.337,342.91,442.91,157.404
0.7701,0.0,0.0,342.936,442.936,184.701
0.7702,0.0,0.0,342.913,442.913,210.754
0.7703,0.0,0.0,342.888,442.888,234.789
0.7704,-0.0,-0.0,342.86,442.86,256.813
0.7705,-0.0,-0.0,342.83,442.83,276.842
0.7706,6.552,6.552,342.901,442.901,295.353
0.7707,0.673,0.673,342.933,442.933,315.781
0.7708,-0.0,-0.0,342.901,442.901,335.289
0.7709,-0.0,-0.0,342.862,442.862,352.701
0.771,-0.0,-0.0,342.821,442.821,367.991
0.7711,3.597,3.597,342.818,442.818,381.378
0.7712,-0.0,-0.0,342.794,442.794,394.141
0.7713,2.58,2.58,342.777,442.777,405.285
0.7714,-0.0,-0.0,342.74,442.74,415.394
0.7715,-0.0,-0.0,342.693,442.693,423.624
0.7716,-0.0,-0.0,342.645,442.645,429.917
0.7717,-0.0,-0.0,342.596,442.596,434.685
0.7718,1.671,1.671,342.547,442.547,437.14
0.7719,0.57,0.57,342.499,442.499,437.924
0.772,-0.26,-0.26,342.45,442.45,437.258
0.7721,-0.307,-0.307,342.402,442.402,435.039
0.7722,-0.551,-0.551,342.354,442.354,431.389
0.7723,0.0,0.0,342.307,442.307,426.386
0.7724,0.0,0.0,342.259,442.259,420.106
0.7725,0.0,0.0,342.212,442.212,412.6
0.7726,0.0,0.0,342.166,442.166,403.955
0.7727,0.0,0.0,342.121,442.121,394.255
0.7728,0.0,0.0,342.077,442.077,383.589
0.7729,0.0,0.0,342.034,442.034,372.04
0.773,0.0,0.0,341.992,441.992,359.694
0.7731,0.0,0.0,341.952,441.952,346.634
0.7732,0.0,0.0,341.914,441.914,332.941
0.7733,0.0,0.0,341.877,441.877,318.697
0.7734,0.0,0.0,341.841,441.841,303.979
0.7735,0.0,0.0,341.808,441.808,288.864
0.7736,-7.906,-7.906,341.916,441.916,274.041
0.7737,-1.817,-1.817,342.002,442.002,263.709
0.7738,-0.0,-0.0,341.995,441.995,256.115
0.7739,-0.0,-0.0,341.966,441.966,249.061
0.774,-0.0,-0.0,341.938,441.938,240.718
0.7741,-10.024,-10.024,342.122,442.122,232.82
0.7742,-2.984,-2.984,342.278,442.278,232.855
0.7743,-0.0,-0.0,342.297,442.297,236.056
0.7744,-0.0,-0.0,342.27,442.27,239.011
0.7745,-0.0,-0.0,342.243,442.243,240.954
0.7746,-0.0,-0.0,342.216,442.216,241.923
0.7747,-0.0,-0.0,342.188,442.188,241.962
0.7748,-21.384,-21.384,342.161,442.161,241.115
0.7749,-8.547,-8.547,342.689,442.689,247.235
0.775,-2.517,-2.517,342.842,442.842,264.794
0.7751,-0.0,-0.0,342.846,442.846,284.442
0.7752,-0.0,-0.0,342.812,442.812,302.612
0.7753,-0.0,-0.0,342.777,442.777,318.808
0.7754,-0.0,-0.0,342.74,442.74,333.064
0.7755,-0.0,-0.0,342.702,442.702,345.42
0.7756,-21.254,-21.254,343.106,443.106,357.742
0.7757,-13.868,-13.868,343.74,443.74,389.011
0.7758,-6.343,-6.343,344.081,444.081,441.021
0.7759,-1.345,-1.345,344.166,444.166,493.53
0.776,-0.857,-0.857,344.134,444.134,539.166
0.7761,-0.161,-0.161,344.087,444.087,586.39
0.7762,-0.0,-0.0,344.034,444.034,629.706
0.7763,-25.246,-25.246,344.464,444.464,670.957
0.7764,-21.08,-21.08,345.279,445.279,732.63
0.7765,-15.856,-15.856,345.906,445.906,815.629
0.7766,-10.961,-10.961,346.321,446.321,912.454
0.7767,-6.964,-6.964,346.557,446.557,1015.923
0.7768,-3.706,-3.706,346.637,446.637,1120.212
0.7769,-2.19,-2.19,346.616,446.616,1220.772
0.777,-1.239,-1.239,346.541,446.541,1315.129
0.7771,-0.691,-0.691,346.422,446.422,1401.963
0.7772,-0.453,-0.453,346.285,446.285,1480.516
0.7773,-0.561,-0.561,346.13,446.13,1550.571
0.7774,-16.003,-16.003,346.033,446.033,1612.24
0.7775,-11.806,-11.806,346.393,446.393,1674.181
0.7776,-5.469,-5.469,346.538,446.538,1742.457
0.7777,-0.603,-0.603,346.447,446.447,1809.27
0.7778,-25.065,-25.065,346.248,446.248,1873.641
0.7779,-17.374,-17.374,346.853,446.853,1935.044
0.778,-9.622,-9.622,347.153,447.153,2001.114
0.7781,-3.338,-3.338,347.16,447.16,2076.82
0.7782,-0.965,-0.965,347.002,447.002,2146.797
0.7783,-0.386,-0.386,346.79,446.79,2207.443
0.7784,-0.204,-0.204,346.561,446.561,2257.964
0.7785,-0.0,-0.0,346.331,446.331,2298.53
0.7786,-21.267,-21.267,346.524,446.524,2331.134
0.7787,-10.364,-10.364,346.88,446.88,2374.727
0.7788,-1.962,-1.962,346.825,446.825,2422.846
0.7789,-0.0,-0.0,346.573,446.573,2463.966
0.779,-0.0,-0.0,346.297,446.297,2494.346
0.7791,-0.0,-0.0,346.018,446.018,2514.152
0.7792,-0.0,-0.0,345.737,445.737,2523.815
0.7793,-0.0,-0.0,345.456,445.456,2523.789
0.7794,-0.0,-0.0,345.175,445.175,2514.539
0.7795,-0.0,-0.0,344.896,444.896,2496.546
0.7796,-12.117,-12.117,344.914,444.914,2471.621
0.7797,-3.405,-3.405,344.883,444.883,2450.771
0.7798,-0.0,-0.0,344.661,444.661,2424.525
0.7799,-9.61,-9.61,344.595,444.595,2394.807
0.78,-2.195,-2.195,344.482,444.482,2368.84
0.7801,-0.0,-0.0,344.246,444.246,2335.901
0.7802,-8.393,-8.393,344.156,444.156,2297.214
0.7803,-1.231,-1.231,344.016,444.016,2258.546
0.7804,-12.247,-12.247,343.777,443.777,2215.694
0.7805,-3.386,-3.386,343.706,443.706,2169.627
0.7806,0.0,0.0,343.501,443.501,2121.479
0.7807,-6.234,-6.234,343.369,443.369,2068.959
0.7808,-0.137,-0.137,343.204,443.204,2015.361
0.7809,-2.646,-2.646,342.995,442.995,1958.162
0.781,0.0,0.0,342.796,442.796,1897.234
0.7811,0.0,0.0,342.587,442.587,1832.61
0.7812,0.0,0.0,342.386,442.386,1764.457
0.7813,0.0,0.0,342.192,442.192,1693.198
0.7814,0.0,0.0,342.007,442.007,1619.246
0.7815,0.0,0.0,341.829,441.829,1543.006
0.7816,-0.639,-0.639,341.667,441.667,1464.901
0.7817,-1.625,-1.625,341.507,441.507,1385.464
0.7818,0.0,0.0,341.358,441.358,1296.807
0.7819,0.0,0.0,341.215,441.215,1215.397
0.782,-0.0,-0.0,341.082,441.082,1141.739
0.7821,1.499,1.499,340.958,440.958,1059.762
0.7822,0.504,0.504,340.846,440.846,977.975
0.7823,-0.0,-0.0,340.742,440.742,896.691
0.7824,3.066,3.066,340.645,440.645,816.145
0.7825,-0.0,-0.0,340.568,440.568,736.758
0.7826,2.27,2.27,340.509,440.509,658.815
0.7827,0.006,0.006,340.45,440.45,583.027
0.7828,3.092,3.092,340.43,440.43,509.193
0.7829,-0.0,-0.0,340.393,440.393,438.564
0.783,-0.0,-0.0,340.347,440.347,370.022
0.7831,-0.0,-0.0,340.308,440.308,303.476
0.7832,-0.0,-0.0,340.277,440.277,239.067
0.7833,11.421,11.421,340.253,440.253,176.922
0.7834,2.888,2.888,340.389,440.389,119.463
0.7835,-0.0,-0.0,340.407,440.407,67.427
0.7836,7.313,7.313,340.524,440.524,18.679
0.7837,1.826,1.826,340.63,440.63,0.0
0.7838,0.0,0.0,340.657,440.657,0.0
0.7839,9.043,9.043,340.838,440.838,0.0
0.784,2.434,2.434,340.991,440.991,0.0
0.7841,0.0,0.0,341.024,441.024,0.0
0.7842,10.668,10.668,341.272,441.272,0.0
0.7843,3.333,3.333,341.478,441.478,0.0
0.7844,1.121,1.121,341.547,441.547,0.0
0.7845,0.695,0.695,341.584,441.584,0.0
0.7846,14.041,14.041,341.631,441.631,0.0
0.7847,4.23,4.23,341.934,441.934,0.408
0.7848,0.669,0.669,342.011,442.011,4.652
0.7849,0.59,0.59,342.041,442.041,10.366
0.785,0.642,0.642,342.067,442.067,16.704
0.7851,22.162,22.162,342.073,442.073,23.427
0.7852,9.657,9.657,342.678,442.678,38.156
0.7853,1.8,1.8,342.872,442.872,66.192
0.7854,0.0,0.0,342.878,442.878,96.433
0.7855,0.0,0.0,342.866,442.866,125.052
0.7856,21.612,21.612,343.3,443.3,153.678
0.7857,14.473,14.473,343.972,443.972,201.517
0.7858,8.017,8.017,344.377,444.377,272.474
0.7859,2.757,2.757,344.543,444.543,343.882
0.786,0.0,0.0,344.54,444.54,407.61
0.7861,0.0,0.0,344.49,444.49,474.203
0.7862,0.0,0.0,344.434,444.434,535.899
0.7863,0.0,0.0,344.37,444.37,592.703
0.7864,0.0,0.0,344.301,444.301,644.64
0.7865,0.0,0.0,344.226,444.226,691.751
0.7866,0.0,0.0,344.146,444.146,734.095
0.7867,0.0,0.0,344.061,444.061,771.744
0.7868,26.309,26.309,343.973,443.973,804.783
0.7869,20.542,20.542,344.784,444.784,844.51
0.787,15.094,15.094,345.369,445.369,905.614
0.7871,10.21,10.21,345.748,445.748,980.302
0.7872,7.226,7.226,345.961,445.961,1061.576
0.7873,6.021,6.021,346.089,446.089,1144.703
0.7874,5.328,5.328,346.174,446.174,1227.437
0.7875,5.352,5.352,346.236,446.236,1308.602
0.7876,5.004,5.004,346.287,446.287,1387.784
0.7877,4.099,4.099,346.306,446.306,1464.481
0.7878,2.281,2.281,346.262,446.262,1537.436
0.7879,2.133,2.133,346.17,446.17,1611.117
0.788,2.68,2.68,346.081,446.081,1665.778
0.7881,2.803,2.803,345.992,445.992,1720.998
0.7882,3.369,3.369,345.908,445.908,1770.646
0.7883,4.195,4.195,345.834,445.834,1815.253
0.7884,4.776,4.776,345.782,445.782,1855.543
0.7885,5.157,5.157,345.741,445.741,1892.316
0.7886,4.395,4.395,345.691,445.691,1925.954
0.7887,4.29,4.29,345.626,445.626,1956.094
0.7888,4.58,4.58,345.561,445.561,1982.624
0.7889,4.796,4.796,345.501,445.501,2005.794
0.789,4.776,4.776,345.441,445.441,2025.904
0.7891,4.923,4.923,345.374,445.374,2042.97
0.7892,5.146,5.146,345.302,445.302,2056.956
0.7893,5.2,5.2,345.225,445.225,2067.857
0.7894,5.216,5.216,345.14,445.14,2075.625
0.7895,5.147,5.147,345.051,445.051,2080.19
0.7896,5.066,5.066,344.955,444.955,2081.538
0.7897,5.289,5.289,344.852,444.852,2079.59
0.7898,5.678,5.678,344.752,444.752,2074.391
0.7899,6.078,6.078,344.665,444.665,2065.362
0.79,6.132,6.132,344.592,444.592,2054.806
0.7901,5.29,5.29,344.509,444.509,2043.672
0.7902,4.903,4.903,344.4,444.4,2028.975
0.7903,4.61,4.61,344.28,444.28,2011.273
0.7904,4.566,4.566,344.149,444.149,1990.389
0.7905,4.463,4.463,344.016,444.016,1966.213
0.7906,3.889,3.889,343.872,443.872,1938.795
0.7907,3.59,3.59,343.714,443.714,1907.862
0.7908,3.5,3.5,343.552,443.552,1873.219
0.7909,3.344,3.344,343.386,443.386,1834.954
0.791,3.067,3.067,343.224,443.224,1793.198
0.7911,2.159,2.159,343.058,443.058,1748.193
0.7912,1.818,1.818,342.887,442.887,1699.925
0.7913,1.735,1.735,342.718,442.718,1648.48
0.7914,1.312,1.312,342.551,442.551,1594.087
0.7915,0.899,0.899,342.385,442.385,1536.947
0.7916,0.612,0.612,342.222,442.222,1477.254
0.7917,0.409,0.409,342.062,442.062,1415.24
0.7918,1.318,1.318,341.907,441.907,1351.149
0.7919,0.124,0.124,341.76,441.76,1278.62
0.792,-1.135,-1.135,341.619,441.619,1211.177
0.7921,-1.966,-1.966,341.487,441.487,1149.54
0.7922,-0.649,-0.649,341.366,441.366,1080.347
0.7923,-1.623,-1.623,341.253,441.253,1010.713
0.7924,-2.103,-2.103,341.151,441.151,940.997
0.7925,-2.717,-2.717,341.063,441.063,871.583
0.7926,-2.975,-2.975,340.989,440.989,802.925
0.7927,-3.478,-3.478,340.924,440.924,735.375
0.7928,-4.814,-4.814,340.875,440.875,669.233
0.7929,-5.872,-5.872,340.852,440.852,605.067
0.793,-6.919,-6.919,340.861,440.861,543.659
0.7931,-6.533,-6.533,340.899,440.899,485.973
0.7932,-6.886,-6.886,340.943,440.943,432.423
0.7933,-8.162,-8.162,341.005,441.005,383.119
0.7934,-9.793,-9.793,341.106,441.106,338.639
0.7935,-11.114,-11.114,341.259,441.259,300.179
0.7936,-11.658,-11.658,341.453,441.453,269.056
0.7937,-12.315,-12.315,341.662,441.662,245.894
0.7938,-13.045,-13.045,341.89,441.89,230.769
0.7939,-14.047,-14.047,342.14,442.14,223.767
0.794,-15.285,-15.285,342.424,442.424,226.608
0.7941,-15.718,-15.718,342.745,442.745,237.384
0.7942,-16.522,-16.522,343.09,443.09,258.868
0.7943,-17.369,-17.369,343.466,443.466,290.734
0.7944,-18.289,-18.289,343.875,443.875,333.518
0.7945,-19.269,-19.269,344.32,444.32,387.811
0.7946,-20.745,-20.745,344.806,444.806,454.231
0.7947,-21.838,-21.838,345.344,445.344,533.767
0.7948,-22.077,-22.077,345.93,445.93,627.377
0.7949,-22.315,-22.315,346.519,446.519,735.539
0.795,-22.873,-22.873,347.106,447.106,857.541
0.7951,-23.778,-23.778,347.704,447.704,992.754
0.7952,-24.569,-24.569,348.317,448.317,1141.115
0.7953,-25.608,-25.608,348.951,448.951,1302.552
0.7954,-26.614,-26.614,349.607,449.607,1477.156
0.7955,-27.283,-27.283,350.27,450.27,1664.955
0.7956,-29.059,-29.059,350.945,450.945,1865.456
0.7957,-30.15,-30.15,351.666,451.666,2079.193
0.7958,-30.837,-30.837,352.435,452.435,2306.98
0.7959,-31.055,-31.055,353.22,453.22,2574.658
0.796,-31.278,-31.278,353.987,453.987,2832.865
0.7961,-31.934,-31.934,354.752,454.752,3076.406
0.7962,-32.245,-32.245,355.51,455.51,3359.034
0.7963,-32.513,-32.513,356.262,456.262,3653.442
0.7964,-32.555,-32.555,356.992,456.992,3958.965
0.7965,-32.874,-32.874,357.672,457.672,4273.993
0.7966,-32.26,-32.26,358.333,458.333,4596.928
0.7967,-32.1,-32.1,358.926,458.926,4926.182
0.7968,-32.477,-32.477,359.477,459.477,5259.462
0.7969,-32.539,-32.539,360.015,460.015,5595.714
0.797,-32.885,-32.885,360.511,460.511,5934.027
0.7971,-32.885,-32.885,361.0,461.0,6273.369
0.7972,-32.654,-32.654,361.453,461.453,6558.238
0.7973,-32.984,-32.984,361.873,461.873,6726.538
0.7974,-32.969,-32.969,362.304,462.304,6824.312
0.7975,-33.152,-33.152,362.721,462.721,6880.35
0.7976,-32.605,-32.605,363.149,463.149,6911.773
0.7977,-32.224,-32.224,363.541,463.541,6928.738
0.7978,-32.168,-32.168,363.89,463.89,6937.26
0.7979,-32.046,-32.046,364.227,464.227,6941.079
0.798,-32.225,-32.225,364.545,464.545,6941.724
0.7981,-32.079,-32.079,364.864,464.864,6941.029
0.7982,-31.941,-31.941,365.162,465.162,6939.483
0.7983,-31.68,-31.68,365.433,465.433,6937.522
0.7984,-31.569,-31.569,365.686,465.686,6935.389
0.7985,-31.645,-31.645,365.931,465.931,6933.223
0.7986,-31.486,-31.486,366.177,466.177,6931.099
0.7987,-31.195,-31.195,366.409,466.409,6929.058
0.7988,-30.791,-30.791,366.617,466.617,6927.121
0.7989,-30.536,-30.536,366.79,466.79,6925.295
0.799,-30.283,-30.283,366.933,466.933,6923.582
0.7991,-29.51,-29.51,367.047,467.047,6921.979
0.7992,-29.196,-29.196,367.116,467.116,6920.481
0.7993,-28.571,-28.571,367.162,467.162,6919.084
0.7994,-27.667,-27.667,367.165,467.165,6917.782
0.7995,-26.913,-26.913,367.113,467.113,6916.567
0.7996,-26.056,-26.056,367.016,467.016,6915.436
0.7997,-25.643,-25.643,366.884,466.884,6914.382
0.7998,-25.006,-25.006,366.744,466.744,6913.4
0.7999,-23.846,-23.846,366.583,466.583,6912.397
0.8,-22.782,-22.782,366.359,466.359,6911.55
0.8001,-22.039,-22.039,366.079,466.079,6910.838
0.8002,-21.428,-21.428,365.765,465.765,6910.098
0.8003,-20.817,-20.817,365.436,465.436,6909.409
0.8004,-19.67,-19.67,365.09,465.09,6908.767
0.8005,-18.426,-18.426,364.693,464.693,6908.168
0.8006,-17.1,-17.1,364.245,464.245,6907.611
0.8007,-15.964,-15.964,363.758,463.758,6907.092
0.8008,-15.288,-15.288,363.24,463.24,6906.608
0.8009,-14.188,-14.188,362.704,462.704,6906.157
0.801,-12.948,-12.948,362.133,462.133,6905.737
0.8011,-11.838,-11.838,361.528,461.528,6905.345
0.8012,-10.362,-10.362,360.899,460.899,6904.981
0.8013,-9.177,-9.177,360.245,460.245,6904.641
0.8014,-7.714,-7.714,359.573,459.573,6904.324
0.8015,-6.198,-6.198,358.882,458.882,6904.029
0.8016,-4.681,-4.681,358.172,458.172,6903.754
0.8017,-3.29,-3.29,357.449,457.449,6903.498
0.8018,-1.427,-1.427,356.714,456.714,6903.259
0.8019,-0.097,-0.097,355.971,455.971,6903.036
0.802,-0.0,-0.0,355.224,455.224,6902.809
0.8021,0.874,0.874,354.476,454.476,6902.636
0.8022,2.046,2.046,353.729,453.729,6902.455
0.8023,3.358,3.358,352.984,452.984,6902.288
0.8024,4.56,4.56,352.25,452.25,6902.131
0.8025,5.898,5.898,351.524,451.524,6898.043
0.8026,7.331,7.331,350.809,450.809,6871.921
0.8027,8.935,8.935,350.118,450.118,6823.034
0.8028,11.437,11.437,349.451,449.451,6753.343
0.8029,13.617,13.617,348.836,448.836,6665.032
0.803,15.33,15.33,348.258,448.258,6560.709
0.8031,17.085,17.085,347.708,447.708,6442.302
0.8032,19.237,19.237,347.205,447.205,6311.657
0.8033,20.889,20.889,346.783,446.783,6171.397
0.8034,22.22,22.22,346.447,446.447,6024.982
0.8035,23.628,23.628,346.173,446.173,5875.334
0.8036,25.392,25.392,345.948,445.948,5724.522
0.8037,27.372,27.372,345.791,445.791,5574.428
0.8038,28.703,28.703,345.728,445.728,5427.599
0.8039,29.923,29.923,345.741,445.741,5287.033
0.804,31.614,31.614,345.815,445.815,5141.922
0.8041,33.969,33.969,345.944,445.944,5020.276
0.8042,36.052,36.052,346.157,446.157,4920.683
0.8043,37.273,37.273,346.463,446.463,4823.04
0.8044,38.579,38.579,346.827,446.827,4741.346
0.8045,40.23,40.23,347.26,447.26,4676.637
0.8046,41.399,41.399,347.791,447.791,4630.819
0.8047,42.986,42.986,348.391,448.391,4605.736
0.8048,43.956,43.956,349.076,449.076,4602.867
0.8049,45.06,45.06,349.803,449.803,4623.65
0.805,46.621,46.621,350.587,450.587,4668.322
0.8051,46.767,46.767,351.475,451.475,4738.393
0.8052,47.782,47.782,352.379,452.379,4834.931
0.8053,48.688,48.688,353.308,453.308,4957.355
0.8054,49.924,49.924,354.236,454.236,5105.056
0.8055,51.199,51.199,355.197,455.197,5277.271
0.8056,51.753,51.753,356.212,456.212,5474.229
0.8057,52.649,52.649,357.247,457.247,5696.336
0.8058,53.515,53.515,358.288,458.288,5942.975
0.8059,54.98,54.98,359.32,459.32,6213.015
0.806,56.182,56.182,360.397,460.397,6519.761
0.8061,56.883,56.883,361.523,461.523,6701.165
0.8062,57.633,57.633,362.71,462.71,6798.968
0.8063,57.758,57.758,363.936,463.936,6863.626
0.8064,58.216,58.216,365.156,465.156,6900.289
0.8065,58.718,58.718,366.4,466.4,6920.444
0.8066,58.559,58.559,367.657,467.657,6930.926
0.8067,58.858,58.858,368.922,468.922,6935.788
0.8068,58.815,58.815,370.188,470.188,6937.427
0.8069,59.005,59.005,371.438,471.438,6937.254
0.807,59.248,59.248,372.686,472.686,6936.095
0.8071,59.242,59.242,373.919,473.919,6934.432
0.8072,59.731,59.731,375.151,475.151,6932.543
0.8073,59.827,59.827,376.397,476.397,6930.585
0.8074,60.152,60.152,377.653,477.653,6928.646
0.8075,60.585,60.585,378.916,478.916,6926.774
0.8076,60.401,60.401,380.174,480.174,6924.992
0.8077,60.691,60.691,381.408,481.408,6923.31
0.8078,60.366,60.366,382.652,482.652,6921.732
0.8079,60.052,60.052,383.873,483.873,6920.254
0.808,59.919,59.919,385.063,485.063,6918.742
0.8081,59.233,59.233,386.215,486.215,6917.464
0.8082,59.403,59.403,387.292,487.292,6916.389
0.8083,58.698,58.698,388.37,488.37,6915.271
0.8084,58.081,58.081,389.406,489.406,6914.23
0.8085,57.745,57.745,390.398,490.398,6913.26
0.8086,56.053,56.053,391.372,491.372,6912.357
0.8087,55.294,55.294,392.25,492.25,6911.516
0.8088,54.076,54.076,393.098,493.098,6910.732
0.8089,52.839,52.839,393.887,493.887,6910.002
0.809,52.098,52.098,394.61,494.61,6909.323
0.8091,50.572,50.572,395.299,495.299,6908.689
0.8092,49.721,49.721,395.908,495.908,6908.099
0.8093,48.46,48.46,396.46,496.46,6907.55
0.8094,47.316,47.316,396.925,496.925,6907.038
0.8095,46.567,46.567,397.318,497.318,6906.561
0.8096,44.799,44.799,397.686,497.686,6906.116
0.8097,43.515,43.515,397.997,497.997,6905.702
0.8098,42.099,42.099,398.245,498.245,6905.316
0.8099,40.961,40.961,398.397,498.397,6904.957
0.81,40.077,40.077,398.49,498.49,6904.589
0.8101,38.379,38.379,398.57,498.57,6904.279
0.8102,36.812,36.812,398.625,498.625,6904.018
0.8103,34.846,34.846,398.627,498.627,6903.746
0.8104,32.981,32.981,398.531,498.531,6903.493
0.8105,31.642,31.642,398.362,498.362,6903.257
0.8106,29.438,29.438,398.145,498.145,6903.038
0.8107,27.756,27.756,397.879,497.879,6902.833
0.8108,25.478,25.478,397.567,497.567,6902.641
0.8109,23.456,23.456,397.184,497.184,6902.463
0.811,21.784,21.784,396.754,496.754,6902.297
0.8111,19.572,19.572,396.291,496.291,6902.142
0.8112,17.666,17.666,395.796,495.796,6901.998
0.8113,15.236,15.236,395.274,495.274,6901.863
0.8114,12.743,12.743,394.714,494.714,6901.737
0.8115,10.55,10.55,394.122,494.122,6901.62
0.8116,8.253,8.253,393.504,493.504,6901.511
0.8117,5.822,5.822,392.864,492.864,6901.409
0.8118,3.583,3.583,392.206,492.206,6901.314
0.8119,1.302,1.302,391.535,491.535,6901.225
0.812,0.0,0.0,390.857,490.857,6901.135
0.8121,-1.081,-1.081,390.177,490.177,6901.058
0.8122,-2.718,-2.718,389.501,489.501,6900.994
0.8123,-3.438,-3.438,388.829,488.829,6900.927
0.8124,-5.084,-5.084,388.159,488.159,6900.864
0.8125,-7.324,-7.324,387.499,487.499,6900.806
0.8126,-9.341,-9.341,386.853,486.853,6900.751
0.8127,-11.755,-11.755,386.23,486.23,6900.701
0.8128,-13.252,-13.252,385.637,485.637,6900.653
0.8129,-15.229,-15.229,385.051,485.051,6900.609
0.813,-17.851,-17.851,384.486,484.486,6900.568
0.8131,-19.98,-19.98,383.967,483.967,6900.529
0.8132,-22.517,-22.517,383.505,483.505,6900.494
0.8133,-24.442,-24.442,383.111,483.111,6900.46
0.8134,-26.418,-26.418,382.746,482.746,6900.429
0.8135,-28.999,-28.999,382.416,482.416,6900.4
0.8136,-30.984,-30.984,382.16,482.16,6900.373
0.8137,-33.305,-33.305,381.975,481.975,6900.348
0.8138,-34.899,-34.899,381.88,481.88,6900.324
0.8139,-36.592,-36.592,381.831,481.831,6900.302
0.814,-38.714,-38.714,381.829,481.829,6900.282
0.8141,-40.498,-40.498,381.895,481.895,6900.261
0.8142,-42.681,-42.681,382.021,482.021,6900.245
0.8143,-44.499,-44.499,382.231,482.231,6900.228
0.8144,-46.31,-46.31,382.511,482.511,6900.212
0.8145,-48.388,-48.388,382.861,482.861,6900.198
0.8146,-49.543,-49.543,383.302,483.302,6900.185
0.8147,-51.287,-51.287,383.784,483.784,6900.172
0.8148,-52.75,-52.75,384.352,484.352,6900.16
0.8149,-54.474,-54.474,384.99,484.99,6900.149
0.815,-56.248,-56.248,385.726,485.726,6900.139
0.8151,-57.081,-57.081,386.557,486.557,6900.13
0.8152,-58.513,-58.513,387.404,487.404,6900.121
0.8153,-59.793,-59.793,388.319,488.319,6900.113
0.8154,-61.027,-61.027,389.288,489.288,6900.105
0.8155,-62.496,-62.496,390.334,490.334,6900.098
0.8156,-62.978,-62.978,391.454,491.454,6900.091
0.8157,-64.086,-64.086,392.562,492.562,6900.085
0.8158,-64.623,-64.623,393.747,493.747,6900.079
0.8159,-65.223,-65.223,394.953,494.953,6900.074
0.816,-66.479,-66.479,396.217,496.217,6900.069
0.8161,-66.17,-66.17,397.575,497.575,6900.064
0.8162,-66.624,-66.624,398.9,498.9,6900.06
0.8163,-66.961,-66.961,400.274,500.274,6900.056
0.8164,-66.831,-66.831,401.657,501.657,6900.052
0.8165,-67.519,-67.519,403.041,503.041,6900.048
0.8166,-66.962,-66.962,404.478,504.478,6900.045
0.8167,-67.276,-67.276,405.856,505.856,6900.042
0.8168,-67.062,-67.062,407.272,507.272,6900.039
0.8169,-66.59,-66.59,408.659,508.659,6900.037
0.817,-66.986,-66.986,410.01,510.01,6900.034
0.8171,-66.28,-66.28,411.401,511.401,6900.032
0.8172,-66.379,-66.379,412.741,512.741,6900.03
0.8173,-65.606,-65.606,414.127,514.127,6900.028
0.8174,-64.677,-64.677,415.468,515.468,6900.026
0.8175,-64.526,-64.526,416.746,516.746,6900.024
0.8176,-63.442,-63.442,418.039,518.039,6900.022
0.8177,-63.109,-63.109,419.27,519.27,6900.021
0.8178,-62.366,-62.366,420.503,520.503,6900.019
0.8179,-61.746,-61.746,421.679,521.679,6900.018
0.818,-61.373,-61.373,422.788,522.788,6900.017
0.8181,-59.771,-59.771,423.889,523.889,6900.016
0.8182,-59.007,-59.007,424.907,524.907,6900.015
0.8183,-57.999,-57.999,425.901,525.901,6900.014
0.8184,-56.825,-56.825,426.841,526.841,6900.013
0.8185,-55.927,-55.927,427.712,527.712,6900.012
0.8186,-54.689,-54.689,428.544,528.544,6900.011
0.8187,-53.729,-53.729,429.323,529.323,6900.01
0.8188,-52.436,-52.436,430.073,530.073,6900.01
0.8189,-51.101,-51.101,430.767,530.767,6900.009
0.819,-50.043,-50.043,431.399,531.399,6900.008
0.8191,-48.452,-48.452,431.979,531.979,6900.008
0.8192,-47.187,-47.187,432.48,532.48,6900.007
0.8193,-45.506,-45.506,432.924,532.924,6900.007
0.8194,-43.984,-43.984,433.299,533.299,6900.006
0.8195,-42.643,-42.643,433.622,533.622,6900.006
0.8196,-40.783,-40.783,433.898,533.898,6900.006
0.8197,-39.223,-39.223,434.094,534.094,6900.005
0.8198,-37.549,-37.549,434.224,534.224,6900.005
0.8199,-36.165,-36.165,434.302,534.302,6900.005
0.82,-34.762,-34.762,434.355,534.355,6900.004
0.8201,-32.426,-32.426,434.381,534.381,6900.004
0.8202,-30.245,-30.245,434.315,534.315,6900.004
0.8203,-28.25,-28.25,434.168,534.168,6900.003
0.8204,-26.531,-26.531,433.96,533.96,6900.003
0.8205,-25.278,-25.278,433.712,533.712,6900.003
0.8206,-23.509,-23.509,433.441,533.441,6900.003
0.8207,-21.587,-21.587,433.12,533.12,6900.003
0.8208,-20.012,-20.012,432.749,532.749,6900.002
0.8209,-18.253,-18.253,432.347,532.347,6900.002
0.821,-16.933,-16.933,431.913,531.913,6900.002
0.8211,-14.799,-14.799,431.461,531.461,6900.002
0.8212,-12.821,-12.821,430.972,530.972,6900.002
0.8213,-11.271,-11.271,430.45,530.45,6900.002
0.8214,-9.661,-9.661,429.904,529.904,6900.002
0.8215,-8.02,-8.02,429.336,529.336,6900.001
0.8216,-5.893,-5.893,428.752,528.752,6900.001
0.8217,-3.952,-3.952,428.152,528.152,6900.001
0.8218,-2.193,-2.193,427.54,527.54,6900.001
0.8219,-1.698,-1.698,426.921,526.921,6900.001
0.822,-0.0,-0.0,426.3,526.3,6900.001
0.8221,1.208,1.208,425.676,525.676,6900.001
0.8222,2.879,2.879,425.053,525.053,6900.001
0.8223,2.972,2.972,424.435,524.435,6900.001
0.8224,4.007,4.007,423.819,523.819,6900.001
0.8225,5.761,5.761,423.209,523.209,6900.001
0.8226,7.251,7.251,422.616,522.616,6900.001
0.8227,8.457,8.457,422.034,522.034,6900.001
0.8228,10.424,10.424,421.461,521.461,6900.001
0.8229,12.249,12.249,420.913,520.913,6900.001
0.823,14.056,14.056,420.393,520.393,6900.001
0.8231,15.563,15.563,419.915,519.915,6900.0
0.8232,16.567,16.567,419.461,519.461,6900.0
0.8233,18.403,18.403,419.014,519.014,6900.0
0.8234,20.363,20.363,418.6,518.6,6900.0
0.8235,22.111,22.111,418.238,518.238,6900.0
0.8236,23.34,23.34,417.939,517.939,6900.0
0.8237,24.502,24.502,417.677,517.677,6900.0
0.8238,25.713,25.713,417.442,517.442,6900.0
0.8239,27.06,27.06,417.243,517.243,6900.0
0.824,28.191,28.191,417.091,517.091,6900.0
0.8241,29.737,29.737,416.983,516.983,6900.0
0.8242,30.862,30.862,416.927,516.927,6900.0
0.8243,31.848,31.848,416.913,516.913,6900.0
0.8244,32.829,32.829,416.938,516.938,6900.0
0.8245,33.911,33.911,417.0,517.0,6900.0
0.8246,34.928,34.928,417.102,517.102,6900.0
0.8247,35.933,35.933,417.251,517.251,6900.0
0.8248,36.984,36.984,417.456,517.456,6900.0
0.8249,37.74,37.74,417.714,517.714,6900.0
0.825,38.344,38.344,418.006,518.006,6900.0
0.8251,39.213,39.213,418.323,518.323,6900.0
0.8252,39.891,39.891,418.687,518.687,6900.0
0.8253,40.899,40.899,419.095,519.095,6900.0
0.8254,41.389,41.389,419.559,519.559,6900.0
0.8255,41.645,41.645,420.042,520.042,6900.0
0.8256,42.33,42.33,420.529,520.529,6900.0
0.8257,42.506,42.506,421.054,521.054,6900.0
0.8258,42.985,42.985,421.599,521.599,6900.0
0.8259,43.156,43.156,422.189,522.189,6900.0
0.826,43.017,43.017,422.788,522.788,6900.0
0.8261,43.606,43.606,423.38,523.38,6900.0
0.8262,43.647,43.647,424.009,524.009,6900.0
0.8263,43.854,43.854,424.642,524.642,6900.0
0.8264,43.831,43.831,425.312,525.312,6900.0
0.8265,43.491,43.491,425.982,525.982,6900.0
0.8266,43.819,43.819,426.639,526.639,6900.0
0.8267,43.396,43.396,427.318,527.318,6900.0
0.8268,43.43,43.43,427.966,527.966,6900.0
0.8269,43.561,43.561,428.631,528.631,6900.0
0.827,42.901,42.901,429.297,529.297,6900.0
0.8271,42.82,42.82,429.942,529.942,6900.0
0.8272,42.325,42.325,430.587,530.587,6900.0
0.8273,41.788,41.788,431.2,531.2,6900.0
0.8274,41.352,41.352,431.803,531.803,6900.0
0.8275,40.402,40.402,432.388,532.388,6900.0
0.8276,40.548,40.548,432.945,532.945,6900.0
0.8277,39.792,39.792,433.509,533.509,6900.0
0.8278,39.136,39.136,434.028,534.028,6900.0
0.8279,38.833,38.833,434.519,534.519,6900.0
0.828,37.899,37.899,434.992,534.992,6900.0
0.8281,37.292,37.292,435.434,535.434,6900.0
0.8282,36.269,36.269,435.851,535.851,6900.0
0.8283,35.403,35.403,436.216,536.216,6900.0
0.8284,34.593,34.593,436.541,536.541,6900.0
0.8285,33.578,33.578,436.833,536.833,6900.0
0.8286,33.058,33.058,437.09,537.09,6900.0
0.8287,31.932,31.932,437.326,537.326,6900.0
0.8288,30.895,30.895,437.518,537.518,6900.0
0.8289,29.994,29.994,437.67,537.67,6900.0
0.829,28.681,28.681,437.785,537.785,6900.0
0.8291,28.069,28.069,437.853,537.853,6900.0
0.8292,26.953,26.953,437.891,537.891,6900.0
0.8293,26.588,26.588,437.884,537.884,6900.0
0.8294,25.818,25.818,437.864,537.864,6900.0
0.8295,24.5,24.5,437.805,537.805,6900.0
0.8296,23.781,23.781,437.688,537.688,6900.0
0.8297,22.588,22.588,437.539,537.539,6900.0
0.8298,21.786,21.786,437.358,537.358,6900.0
0.8299,20.744,20.744,437.165,537.165,6900.0
0.83,19.039,19.039,436.936,536.936,6900.0
0.8301,17.868,17.868,436.645,536.645,6900.0
0.8302,16.686,16.686,436.319,536.319,6900.0
0.8303,16.007,16.007,435.964,535.964,6900.0
0.8304,15.024,15.024,435.602,535.602,6900.0
0.8305,13.399,13.399,435.214,535.214,6900.0
0.8306,12.358,12.358,434.78,534.78,6900.0
0.8307,11.243,11.243,434.32,534.32,6900.0
0.8308,10.36,10.36,433.834,533.834,6900.0
0.8309,9.376,9.376,433.334,533.334,6900.0
0.831,7.799,7.799,432.814,532.814,6900.0
0.8311,7.015,7.015,432.266,532.266,6900.0
0.8312,5.958,5.958,431.705,531.705,6900.0
0.8313,4.69,4.69,431.127,531.127,6900.0
0.8314,3.594,3.594,430.538,530.538,6900.0
0.8315,2.297,2.297,429.938,529.938,6900.0
0.8316,1.843,1.843,429.329,529.329,6900.0
0.8317,0.717,0.717,428.715,528.715,6900.0
0.8318,1.836,1.836,428.096,528.096,6900.0
0.8319,0.779,0.779,427.477,527.477,6900.0
0.832,-0.013,-0.013,426.856,526.856,6900.0
0.8321,-0.586,-0.586,426.233,526.233,6900.0
0.8322,-3.509,-3.509,425.61,525.61,6900.0
0.8323,-3.442,-3.442,424.995,524.995,6900.0
0.8324,-4.35,-4.35,424.384,524.384,6900.0
0.8325,-5.255,-5.255,423.78,523.78,6900.0
0.8326,-6.036,-6.036,423.183,523.183,6900.0
0.8327,-7.302,-7.302,422.594,522.594,6900.0
0.8328,-8.368,-8.368,422.019,522.019,6900.0
0.8329,-9.73,-9.73,421.465,521.465,6900.0
0.833,-10.433,-10.433,420.933,520.933,6900.0
0.8331,-10.926,-10.926,420.407,520.407,6900.0
0.8332,-12.147,-12.147,419.89,519.89,6900.0
0.8333,-13.423,-13.423,419.399,519.399,6900.0
0.8334,-14.669,-14.669,418.949,518.949,6900.0
0.8335,-15.128,-15.128,418.536,518.536,6900.0
0.8336,-15.825,-15.825,418.133,518.133,6900.0
0.8337,-16.389,-16.389,417.747,517.747,6900.0
0.8338,-17.357,-17.357,417.381,517.381,6900.0
0.8339,-18.361,-18.361,417.052,517.052,6900.0
0.834,-18.573,-18.573,416.758,516.758,6900.0
0.8341,-19.191,-19.191,416.479,516.479,6900.0
0.8342,-19.445,-19.445,416.223,516.223,6900.0
0.8343,-20.075,-20.075,415.984,515.984,6900.0
0.8344,-20.633,-20.633,415.773,515.773,6900.0
0.8345,-20.736,-20.736,415.591,515.591,6900.0
0.8346,-21.781,-21.781,415.428,515.428,6900.0
0.8347,-21.953,-21.953,415.305,515.305,6900.0
0.8348,-22.419,-22.419,415.195,515.195,6900.0
0.8349,-22.769,-22.769,415.108,515.108,6900.0
0.835,-22.709,-22.709,415.041,515.041,6900.0
0.8351,-23.54,-23.54,414.985,514.985,6900.0
0.8352,-23.58,-23.58,414.969,514.969,6900.0
0.8353,-23.686,-23.686,414.962,514.962,6900.0
0.8354,-23.767,-23.767,414.963,514.963,6900.0
0.8355,-23.491,-23.491,414.976,514.976,6900.0
0.8356,-24.292,-24.292,414.992,514.992,6900.0
0.8357,-24.351,-24.351,415.051,515.051,6900.0
0.8358,-24.401,-24.401,415.115,515.115,6900.0
0.8359,-24.532,-24.532,415.184,515.184,6900.0
0.836,-24.299,-24.299,415.267,515.267,6900.0
0.8361,-24.957,-24.957,415.347,515.347,6900.0
0.8362,-24.719,-24.719,415.458,515.458,6900.0
0.8363,-24.769,-24.769,415.563,515.563,6900.0
0.8364,-24.535,-24.535,415.67,515.67,6900.0
0.8365,-24.027,-24.027,415.778,515.778,6900.0
0.8366,-24.432,-24.432,415.874,515.874,6900.0
0.8367,-24.438,-24.438,415.984,515.984,6900.0
0.8368,-24.528,-24.528,416.096,516.096,6900.0
0.8369,-24.561,-24.561,416.212,516.212,6900.0
0.837,-24.076,-24.076,416.337,516.337,6900.0
0.8371,-24.227,-24.227,416.445,516.445,6900.0
0.8372,-23.779,-23.779,416.55,516.55,6900.0
0.8373,-23.81,-23.81,416.639,516.639,6900.0
0.8374,-23.818,-23.818,416.73,516.73,6900.0
0.8375,-23.009,-23.009,416.824,516.824,6900.0
0.8376,-23.099,-23.099,416.889,516.889,6900.0
0.8377,-22.621,-22.621,416.941,516.941,6900.0
0.8378,-22.66,-22.66,416.972,516.972,6900.0
0.8379,-22.669,-22.669,417.007,517.007,6900.0
0.838,-21.856,-21.856,417.041,517.041,6900.0
0.8381,-22.263,-22.263,417.048,517.048,6900.0
0.8382,-21.703,-21.703,417.048,517.048,6900.0
0.8383,-21.432,-21.432,417.023,517.023,6900.0
0.8384,-21.098,-21.098,416.987,516.987,6900.0
0.8385,-20.209,-20.209,416.936,516.936,6900.0
0.8386,-20.59,-20.59,416.857,516.857,6900.0
0.8387,-19.851,-19.851,416.772,516.772,6900.0
0.8388,-19.614,-19.614,416.652,516.652,6900.0
0.8389,-19.202,-19.202,416.522,516.522,6900.0
0.839,-18.327,-18.327,416.372,516.372,6900.0
0.8391,-18.366,-18.366,416.194,516.194,6900.0
0.8392,-17.592,-17.592,416.006,516.006,6900.0
0.8393,-17.041,-17.041,415.784,515.784,6900.0
0.8394,-16.41,-16.41,415.536,515.536,6900.0
0.8395,-15.546,-15.546,415.259,515.259,6900.0
0.8396,-15.594,-15.594,414.956,514.956,6900.0
0.8397,-14.875,-14.875,414.648,514.648,6900.0
0.8398,-14.155,-14.155,414.315,514.315,6900.0
0.8399,-13.338,-13.338,413.95,513.95,6900.0
0.84,-12.585,-12.585,413.551,513.551,6900.0
0.8401,-12.421,-12.421,413.132,513.132,6900.0
0.8402,-11.835,-11.835,412.71,512.71,6900.0
0.8403,-10.94,-10.94,412.272,512.272,6900.0
0.8404,-10.059,-10.059,411.807,511.807,6900.0
0.8405,-9.414,-9.414,411.31,511.31,6900.0
0.8406,-8.698,-8.698,410.793,510.793,6900.0
0.8407,-8.13,-8.13,410.259,510.259,6900.0
0.8408,-7.335,-7.335,409.712,509.712,6900.0
0.8409,-6.471,-6.471,409.145,509.145,6900.0
0.841,-5.74,-5.74,408.557,508.557,6900.0
0.8411,-5.185,-5.185,407.957,507.957,6900.0
0.8412,-4.488,-4.488,407.347,507.347,6900.0
0.8413,-3.673,-3.673,406.727,506.727,6900.0
0.8414,-2.841,-2.841,406.097,506.097,6900.0
0.8415,-2.0,-2.0,405.458,505.458,6900.0
0.8416,-1.463,-1.463,404.811,504.811,6900.0
0.8417,-0.718,-0.718,404.159,504.159,6900.0
0.8418,-0.119,-0.119,403.503,503.503,6900.0
0.8419,0.0,0.0,402.845,502.845,6900.0
0.842,0.063,0.063,402.186,502.186,6900.0
0.8421,0.989,0.989,401.525,501.525,6900.0
0.8422,2.36,2.36,400.867,500.867,6900.0
0.8423,2.468,2.468,400.212,500.212,6900.0
0.8424,3.186,3.186,399.559,499.559,6900.0
0.8425,4.161,4.161,398.909,498.909,6900.0
0.8426,4.988,4.988,398.268,498.268,6900.0
0.8427,6.161,6.161,397.636,497.636,6900.0
0.8428,6.77,6.77,397.022,497.022,6900.0
0.8429,7.241,7.241,396.415,496.415,6900.0
0.843,7.972,7.972,395.813,495.813,6900.0
0.8431,9.221,9.221,395.226,495.226,6900.0
0.8432,10.406,10.406,394.666,494.666,6900.0
0.8433,11.254,11.254,394.139,494.139,6900.0
0.8434,11.591,11.591,393.631,493.631,6900.0
0.8435,12.279,12.279,393.129,493.129,6900.0
0.8436,13.191,13.191,392.644,492.644,6900.0
0.8437,14.075,14.075,392.189,492.189,6900.0
0.8438,14.778,14.778,391.771,491.771,6900.0
0.8439,15.342,15.342,391.377,491.377,6900.0
0.844,15.818,15.818,391.002,491.002,6900.0
0.8441,17.004,17.004,390.647,490.647,6900.0
0.8442,17.819,17.819,390.328,490.328,6900.0
0.8443,18.523,18.523,390.042,490.042,6900.0
0.8444,19.016,19.016,389.787,489.787,6900.0
0.8445,19.515,19.515,389.558,489.558,6900.0
0.8446,20.468,20.468,389.354,489.354,6900.0
0.8447,20.972,20.972,389.182,489.182,6900.0
0.8448,21.635,21.635,389.03,489.03,6900.0
0.8449,22.076,22.076,388.91,488.91,6900.0
0.845,22.422,22.422,388.822,488.822,6900.0
0.8451,23.176,23.176,388.759,488.759,6900.0
0.8452,23.54,23.54,388.724,488.724,6900.0
0.8453,24.448,24.448,388.699,488.699,6900.0
0.8454,25.191,25.191,388.721,488.721,6900.0
0.8455,25.598,25.598,388.781,488.781,6900.0
0.8456,26.2,26.2,388.872,488.872,6900.0
0.8457,26.148,26.148,388.984,488.984,6900.0
0.8458,26.633,26.633,389.092,489.092,6900.0
0.8459,26.889,26.889,389.229,489.229,6900.0
0.846,27.138,27.138,389.381,489.381,6900.0
0.8461,27.938,27.938,389.562,489.562,6900.0
0.8462,27.842,27.842,389.764,489.764,6900.0
0.8463,28.399,28.399,389.962,489.962,6900.0
0.8464,28.382,28.382,390.189,490.189,6900.0
0.8465,28.469,28.469,390.415,490.415,6900.0
0.8466,29.024,29.024,390.662,490.662,6900.0
0.8467,28.819,28.819,390.925,490.925,6900.0
0.8468,29.074,29.074,391.183,491.183,6900.0
0.8469,29.179,29.179,391.458,491.458,6900.0
0.847,29.054,29.054,391.724,491.724,6900.0
0.8471,29.451,29.451,391.996,491.996,6900.0
0.8472,29.276,29.276,392.272,492.272,6900.0
0.8473,29.517,29.517,392.542,492.542,6900.0
0.8474,29.259,29.259,392.82,492.82,6900.0
0.8475,28.686,28.686,393.076,493.076,6900.0
0.8476,29.059,29.059,393.311,493.311,6900.0
0.8477,28.662,28.662,393.551,493.551,6900.0
0.8478,28.598,28.598,393.778,493.778,6900.0
0.8479,28.305,28.305,394.002,494.002,6900.0
0.848,27.519,27.519,394.202,494.202,6900.0
0.8481,27.563,27.563,394.369,494.369,6900.0
0.8482,27.054,27.054,394.528,494.528,6900.0
0.8483,27.004,27.004,394.665,494.665,6900.0
0.8484,26.787,26.787,394.796,494.796,6900.0
0.8485,26.069,26.069,394.903,494.903,6900.0
0.8486,25.954,25.954,394.97,494.97,6900.0
0.8487,25.401,25.401,395.02,495.02,6900.0
0.8488,24.987,24.987,395.043,495.043,6900.0
0.8489,24.466,24.466,395.046,495.046,6900.0
0.849,23.769,23.769,395.024,495.024,6900.0
0.8491,23.135,23.135,394.971,494.971,6900.0
0.8492,22.366,22.366,394.888,494.888,6900.0
0.8493,21.885,21.885,394.763,494.763,6900.0
0.8494,21.295,21.295,394.615,494.615,6900.0
0.8495,20.624,20.624,394.443,494.443,6900.0
0.8496,20.139,20.139,394.25,494.25,6900.0
0.8497,19.18,19.18,394.025,494.025,6900.0
0.8498,18.371,18.371,393.751,493.751,6900.0
0.8499,17.893,17.893,393.445,493.445,6900.0
0.85,17.225,17.225,393.123,493.123,6900.0
0.8501,16.579,16.579,392.788,492.788,6900.0
0.8502,15.41,15.41,392.424,492.424,6900.0
0.8503,14.447,14.447,392.007,492.007,6900.0
0.8504,13.818,13.818,391.557,491.557,6900.0
0.8505,13.025,13.025,391.083,491.083,6900.0
0.8506,12.357,12.357,390.595,490.595,6900.0
0.8507,11.247,11.247,390.085,490.085,6900.0
0.8508,10.348,10.348,389.542,489.542,6900.0
0.8509,9.426,9.426,388.979,488.979,6900.0
0.851,8.566,8.566,388.396,488.396,6900.0
0.8511,7.789,7.789,387.8,487.8,6900.0
0.8512,6.465,6.465,387.188,487.188,6900.0
0.8513,5.264,5.264,386.554,486.554,6900.0
0.8514,4.201,4.201,385.903,485.903,6900.0
0.8515,3.034,3.034,385.238,485.238,6900.0
0.8516,2.137,2.137,384.562,484.562,6900.0
0.8517,1.155,1.155,383.877,483.877,6900.0
0.8518,0.317,0.317,383.187,483.187,6900.0
0.8519,0.0,0.0,382.494,482.494,6900.0
0.852,0.0,0.0,381.8,481.8,6900.0
0.8521,-1.347,-1.347,381.104,481.104,6900.0
0.8522,-1.869,-1.869,380.41,480.41,6900.0
0.8523,-2.483,-2.483,379.717,479.717,6900.0
0.8524,-3.556,-3.556,379.026,479.026,6900.0
0.8525,-4.735,-4.735,378.342,478.342,6900.0
0.8526,-5.681,-5.681,377.669,477.669,6900.0
0.8527,-6.531,-6.531,377.009,477.009,6900.0
0.8528,-7.666,-7.666,376.355,476.355,6900.0
0.8529,-9.369,-9.369,375.715,475.715,6900.0
0.853,-10.702,-10.702,375.101,475.101,6900.0
0.8531,-11.979,-11.979,374.522,474.522,6900.0
0.8532,-12.833,-12.833,373.976,473.976,6900.0
0.8533,-13.798,-13.798,373.441,473.441,6900.0
0.8534,-15.182,-15.182,372.923,472.923,6900.0
0.8535,-16.868,-16.868,372.44,472.44,6900.0
0.8536,-18.416,-18.416,372.012,472.012,6900.0
0.8537,-19.488,-19.488,371.633,471.633,6900.0
0.8538,-20.459,-20.459,371.28,471.28,6900.0
0.8539,-21.669,-21.669,370.953,470.953,6900.0
0.854,-22.9,-22.9,370.664,470.664,6900.0
0.8541,-24.405,-24.405,370.422,470.422,6900.0
0.8542,-25.612,-25.612,370.236,470.236,6900.0
0.8543,-26.645,-26.645,370.098,470.098,6900.0
0.8544,-27.734,-27.734,370.003,470.003,6900.0
0.8545,-28.83,-28.83,369.955,469.955,6900.0
0.8546,-29.93,-29.93,369.953,469.953,6900.0
0.8547,-31.172,-31.172,370.0,470.0,6900.0
0.8548,-32.164,-32.164,370.105,470.105,6900.0
0.8549,-33.013,-33.013,370.264,470.264,6900.0
0.855,-34.039,-34.039,370.462,470.462,6900.0
0.8551,-34.733,-34.733,370.695,470.695,6900.0
0.8552,-35.787,-35.787,370.964,470.964,6900.0
0.8553,-36.788,-36.788,371.282,471.282,6900.0
0.8554,-37.698,-37.698,371.663,471.663,6900.0
0.8555,-38.474,-38.474,372.089,472.089,6900.0
0.8556,-38.771,-38.771,372.539,472.539,6900.0
0.8557,-39.54,-39.54,373.016,473.016,6900.0
0.8558,-40.395,-40.395,373.528,473.528,6900.0
0.8559,-41.242,-41.242,374.103,474.103,6900.0
0.856,-41.701,-41.701,374.722,474.722,6900.0
0.8561,-42.045,-42.045,375.35,475.35,6900.0
0.8562,-42.592,-42.592,376.004,476.004,6900.0
0.8563,-42.909,-42.909,376.676,476.676,6900.0
0.8564,-43.292,-43.292,377.376,477.376,6900.0
0.8565,-43.632,-43.632,378.099,478.099,6900.0
0.8566,-43.691,-43.691,378.822,478.822,6900.0
0.8567,-44.037,-44.037,379.559,479.559,6900.0
0.8568,-44.051,-44.051,380.306,480.306,6900.0
0.8569,-44.404,-44.404,381.052,481.052,6900.0
0.857,-44.423,-44.423,381.823,481.823,6900.0
0.8571,-44.151,-44.151,382.59,482.59,6900.0
0.8572,-44.173,-44.173,383.36,483.36,6900.0
0.8573,-43.983,-43.983,384.124,484.124,6900.0
0.8574,-43.982,-43.982,384.861,484.861,6900.0
0.8575,-43.957,-43.957,385.598,485.598,6900.0
0.8576,-43.812,-43.812,386.318,486.318,6900.0
0.8577,-43.615,-43.615,387.035,487.035,6900.0
0.8578,-43.022,-43.022,387.733,487.733,6900.0
0.8579,-42.762,-42.762,388.375,488.375,6900.0
0.858,-42.633,-42.633,389.006,489.006,6900.0
0.8581,-42.258,-42.258,389.622,489.622,6900.0
0.8582,-41.843,-41.843,390.229,490.229,6900.0
0.8583,-41.202,-41.202,390.811,490.811,6900.0
0.8584,-40.556,-40.556,391.345,491.345,6900.0
0.8585,-40.146,-40.146,391.844,491.844,6900.0
0.8586,-39.479,-39.479,392.316,492.316,6900.0
0.8587,-39.015,-39.015,392.754,492.754,6900.0
0.8588,-38.071,-38.071,393.164,493.164,6900.0
0.8589,-37.262,-37.262,393.52,493.52,6900.0
0.859,-36.607,-36.607,393.827,493.827,6900.0
0.8591,-35.751,-35.751,394.095,494.095,6900.0
0.8592,-35.065,-35.065,394.316,494.316,6900.0
0.8593,-34.263,-34.263,394.505,494.505,6900.0
0.8594,-33.413,-33.413,394.658,494.658,6900.0
0.8595,-32.452,-32.452,394.77,494.77,6900.0
0.8596,-31.02,-31.02,394.829,494.829,6900.0
0.8597,-30.161,-30.161,394.82,494.82,6900.0
0.8598,-29.184,-29.184,394.779,494.779,6900.0
0.8599,-28.302,-28.302,394.712,494.712,6900.0
0.86,-26.998,-26.998,394.617,494.617,6900.0
0.8601,-25.354,-25.354,394.456,494.456,6900.0
0.8602,-24.469,-24.469,394.22,494.22,6900.0
0.8603,-23.489,-23.489,393.95,493.95,6900.0
0.8604,-22.64,-22.64,393.656,493.656,6900.0
0.8605,-21.331,-21.331,393.345,493.345,6900.0
0.8606,-19.183,-19.183,392.989,492.989,6900.0
0.8607,-18.025,-18.025,392.571,492.571,6900.0
0.8608,-16.741,-16.741,392.123,492.123,6900.0
0.8609,-15.704,-15.704,391.645,491.645,6900.0
0.861,-14.385,-14.385,391.146,491.146,6900.0
0.8611,-12.614,-12.614,390.614,490.614,6900.0
0.8612,-11.362,-11.362,390.045,490.045,6900.0
0.8613,-9.648,-9.648,389.452,489.452,6900.0
0.8614,-8.111,-8.111,388.835,488.835,6900.0
0.8615,-6.577,-6.577,388.198,488.198,6900.0
0.8616,-4.798,-4.798,387.545,487.545,6900.0
0.8617,-3.248,-3.248,386.876,486.876,6900.0
0.8618,-1.916,-1.916,386.197,486.197,6900.0
0.8619,-0.55,-0.55,385.512,485.512,6900.0
0.862,0.0,0.0,384.823,484.823,6900.0
0.8621,0.588,0.588,384.133,484.133,6900.0
0.8622,2.91,2.91,383.441,483.441,6900.0
0.8623,2.923,2.923,382.756,482.756,6900.0
0.8624,4.335,4.335,382.073,482.073,6900.0
0.8625,5.62,5.62,381.401,481.401,6900.0
0.8626,6.888,6.888,380.74,480.74,6900.0
0.8627,8.831,8.831,380.087,480.087,6900.0
0.8628,10.458,10.458,379.457,479.457,6900.0
0.8629,12.355,12.355,378.85,478.85,6900.0
0.863,14.006,14.006,378.281,478.281,6900.0
0.8631,14.867,14.867,377.737,477.737,6900.0
0.8632,16.555,16.555,377.2,477.2,6900.0
0.8633,18.584,18.584,376.695,476.695,6900.0
0.8634,20.649,20.649,376.245,476.245,6900.0
0.8635,22.352,22.352,375.868,475.868,6900.0
0.8636,23.421,23.421,375.539,475.539,6900.0
0.8637,24.907,24.907,375.229,475.229,6900.0
0.8638,26.469,26.469,374.96,474.96,6900.0
0.8639,28.025,28.025,374.743,474.743,6900.0
0.864,29.461,29.461,374.586,474.586,6900.0
0.8641,30.86,30.86,374.478,474.478,6900.0
0.8642,32.419,32.419,374.415,474.415,6900.0
0.8643,33.844,33.844,374.409,474.409,6900.0
0.8644,35.117,35.117,374.459,474.459,6900.0
0.8645,36.655,36.655,374.565,474.565,6900.0
0.8646,37.852,37.852,374.745,474.745,6900.0
0.8647,39.268,39.268,374.99,474.99,6900.0
0.8648,40.329,40.329,375.306,475.306,6900.0
0.8649,41.3,41.3,375.665,475.665,6900.0
0.865,42.766,42.766,376.056,476.056,6900.0
0.8651,43.473,43.473,376.517,476.517,6900.0
0.8652,44.936,44.936,377.023,477.023,6900.0
0.8653,45.745,45.745,377.605,477.605,6900.0
0.8654,46.424,46.424,378.216,478.216,6900.0
0.8655,47.792,47.792,378.841,478.841,6900.0
0.8656,48.368,48.368,379.542,479.542,6900.0
0.8657,49.608,49.608,380.284,480.284,6900.0
0.8658,50.052,50.052,381.118,481.118,6900.0
0.8659,50.361,50.361,381.97,481.97,6900.0
0.866,51.339,51.339,382.829,482.829,6900.0
0.8661,51.192,51.192,383.75,483.75,6900.0
0.8662,51.994,51.994,384.664,484.664,6900.0
0.8663,52.437,52.437,385.637,485.637,6900.0
0.8664,52.629,52.629,386.615,486.615,6900.0
0.8665,53.454,53.454,387.584,487.584,6900.0
0.8666,53.185,53.185,388.599,488.599,6900.0
0.8667,53.573,53.573,389.586,489.586,6900.0
0.8668,53.653,53.653,390.618,490.618,6900.0
0.8669,53.676,53.676,391.644,491.644,6900.0
0.867,54.107,54.107,392.674,492.674,6900.0
0.8671,53.221,53.221,393.743,493.743,6900.0
0.8672,53.055,53.055,394.757,494.757,6900.0
0.8673,52.972,52.972,395.78,495.78,6900.0
0.8674,52.607,52.607,396.787,496.787,6900.0
0.8675,52.672,52.672,397.779,497.779,6900.0
0.8676,51.817,51.817,398.773,498.773,6900.0
0.8677,51.366,51.366,399.701,499.701,6900.0
0.8678,51.086,51.086,400.598,500.598,6900.0
0.8679,50.553,50.553,401.466,501.466,6900.0
0.868,50.505,50.505,402.308,502.308,6900.0
0.8681,49.645,49.645,403.146,503.146,6900.0
0.8682,49.096,49.096,403.928,503.928,6900.0
0.8683,48.417,48.417,404.678,504.678,6900.0
0.8684,47.683,47.683,405.393,505.393,6900.0
0.8685,47.198,47.198,406.078,506.078,6900.0
0.8686,45.787,45.787,406.746,506.746,6900.0
0.8687,44.915,44.915,407.345,507.345,6900.0
0.8688,43.913,43.913,407.896,507.896,6900.0
0.8689,43.064,43.064,408.391,508.391,6900.0
0.869,42.201,42.201,408.84,508.84,6900.0
0.8691,40.973,40.973,409.247,509.247,6900.0
0.8692,40.105,40.105,409.597,509.597,6900.0
0.8693,38.869,38.869,409.909,509.909,6900.0
0.8694,37.731,37.731,410.158,510.158,6900.0
0.8695,36.684,36.684,410.343,510.343,6900.0
0.8696,35.428,35.428,410.48,510.48,6900.0
0.8697,34.422,34.422,410.576,510.576,6900.0
0.8698,32.946,32.946,410.653,510.653,6900.0
0.8699,31.436,31.436,410.668,510.668,6900.0
0.87,30.126,30.126,410.606,510.606,6900.0
0.8701,29.134,29.134,410.49,510.49,6900.0
0.8702,28.163,28.163,410.346,510.346,6900.0
0.8703,26.827,26.827,410.194,510.194,6900.0
0.8704,24.871,24.871,409.999,509.999,6900.0
0.8705,23.399,23.399,409.725,509.725,6900.0
0.8706,21.854,21.854,409.403,509.403,6900.0
0.8707,20.694,20.694,409.033,509.033,6900.0
0.8708,19.249,19.249,408.64,508.64,6900.0
0.8709,17.306,17.306,408.213,508.213,6900.0
0.871,15.753,15.753,407.735,507.735,6900.0
0.8711,14.037,14.037,407.228,507.228,6900.0
0.8712,12.593,12.593,406.69,506.69,6900.0
0.8713,10.998,10.998,406.133,506.133,6900.0
0.8714,9.006,9.006,405.557,505.557,6900.0
0.8715,7.169,7.169,404.955,504.955,6900.0
0.8716,5.639,5.639,404.335,504.335,6900.0
0.8717,3.898,3.898,403.7,503.7,6900.0
0.8718,2.339,2.339,403.052,503.052,6900.0
0.8719,0.675,0.675,402.397,502.397,6900.0
0.872,0.0,0.0,401.737,501.737,6900.0
0.8721,-0.877,-0.877,401.076,501.076,6900.0
0.8722,-1.99,-1.99,400.416,500.416,6900.0
0.8723,-2.939,-2.939,399.759,499.759,6900.0
0.8724,-4.111,-4.111,399.108,499.108,6900.0
0.8725,-5.573,-5.573,398.462,498.462,6900.0
0.8726,-7.049,-7.049,397.826,497.826,6900.0
0.8727,-8.686,-8.686,397.204,497.204,6900.0
0.8728,-10.615,-10.615,396.603,496.603,6900.0
0.8729,-11.954,-11.954,396.028,496.028,6900.0
0.873,-13.594,-13.594,395.461,495.461,6900.0
0.8731,-15.618,-15.618,394.915,494.915,6900.0
0.8732,-17.43,-17.43,394.407,494.407,6900.0
0.8733,-19.117,-19.117,393.952,493.952,6900.0
0.8734,-20.352,-20.352,393.55,493.55,6900.0
0.8735,-21.534,-21.534,393.17,493.17,6900.0
0.8736,-23.3,-23.3,392.816,492.816,6900.0
0.8737,-25.156,-25.156,392.51,492.51,6900.0
0.8738,-26.682,-26.682,392.271,492.271,6900.0
0.8739,-27.896,-27.896,392.088,492.088,6900.0
0.874,-29.222,-29.222,391.943,491.943,6900.0
0.8741,-30.384,-30.384,391.836,491.836,6900.0
0.8742,-31.813,-31.813,391.77,491.77,6900.0
0.8743,-33.353,-33.353,391.754,491.754,6900.0
0.8744,-34.731,-34.731,391.797,491.797,6900.0
0.8745,-36.155,-36.155,391.897,491.897,6900.0
0.8746,-37.274,-37.274,392.061,492.061,6900.0
0.8747,-38.493,-38.493,392.275,492.275,6900.0
0.8748,-39.521,-39.521,392.537,492.537,6900.0
0.8749,-40.853,-40.853,392.848,492.848,6900.0
0.875,-42.116,-42.116,393.22,493.22,6900.0
0.8751,-42.91,-42.91,393.668,493.668,6900.0
0.8752,-43.782,-43.782,394.157,494.157,6900.0
0.8753,-44.423,-44.423,394.675,494.675,6900.0
0.8754,-45.294,-45.294,395.228,495.228,6900.0
0.8755,-46.328,-46.328,395.818,495.818,6900.0
0.8756,-46.914,-46.914,396.482,496.482,6900.0
0.8757,-47.516,-47.516,397.178,497.178,6900.0
0.8758,-47.911,-47.911,397.89,497.89,6900.0
0.8759,-48.287,-48.287,398.631,498.631,6900.0
0.876,-48.81,-48.81,399.39,499.39,6900.0
0.8761,-49.321,-49.321,400.2,500.2,6900.0
0.8762,-49.463,-49.463,401.044,501.044,6900.0
0.8763,-49.454,-49.454,401.887,501.887,6900.0
0.8764,-49.619,-49.619,402.743,502.743,6900.0
0.8765,-49.63,-49.63,403.602,503.602,6900.0
0.8766,-49.966,-49.966,404.473,504.473,6900.0
0.8767,-50.012,-50.012,405.365,505.365,6900.0
0.8768,-50.08,-50.08,406.246,506.246,6900.0
0.8769,-49.962,-49.962,407.144,507.144,6900.0
0.877,-49.697,-49.697,408.027,508.027,6900.0
0.8771,-49.632,-49.632,408.896,508.896,6900.0
0.8772,-49.397,-49.397,409.771,509.771,6900.0
0.8773,-49.001,-49.001,410.633,510.633,6900.0
0.8774,-48.612,-48.612,411.494,511.494,6900.0
0.8775,-48.161,-48.161,412.332,512.332,6900.0
0.8776,-47.956,-47.956,413.131,513.131,6900.0
0.8777,-47.495,-47.495,413.923,513.923,6900.0
0.8778,-46.961,-46.961,414.687,514.687,6900.0
0.8779,-46.304,-46.304,415.436,515.436,6900.0
0.878,-45.635,-45.635,416.146,516.146,6900.0
0.8781,-44.986,-44.986,416.805,516.805,6900.0
0.8782,-44.364,-44.364,417.436,517.436,6900.0
0.8783,-43.746,-43.746,418.036,518.036,6900.0
0.8784,-43.055,-43.055,418.616,518.616,6900.0
0.8785,-42.282,-42.282,419.161,519.161,6900.0
0.8786,-41.245,-41.245,419.662,519.662,6900.0
0.8787,-40.394,-40.394,420.114,520.114,6900.0
0.8788,-39.56,-39.56,420.526,520.526,6900.0
0.8789,-38.643,-38.643,420.901,520.901,6900.0
0.879,-37.668,-37.668,421.234,521.234,6900.0
0.8791,-36.399,-36.399,421.524,521.524,6900.0
0.8792,-35.327,-35.327,421.76,521.76,6900.0
0.8793,-34.075,-34.075,421.944,521.944,6900.0
0.8794,-33.019,-33.019,422.073,522.073,6900.0
0.8795,-32.076,-32.076,422.16,522.16,6900.0
0.8796,-30.779,-30.779,422.219,522.219,6900.0
0.8797,-29.225,-29.225,422.237,522.237,6900.0
0.8798,-27.952,-27.952,422.189,522.189,6900.0
0.8799,-26.828,-26.828,422.085,522.085,6900.0
0.88,-25.974,-25.974,421.943,521.943,6900.0
0.8801,-24.859,-24.859,421.785,521.785,6900.0
0.8802,-23.167,-23.167,421.603,521.603,6900.0
0.8803,-21.591,-21.591,421.355,521.355,6900.0
0.8804,-20.657,-20.657,421.045,521.045,6900.0
0.8805,-19.518,-19.518,420.701,520.701,6900.0
0.8806,-18.467,-18.467,420.33,520.33,6900.0
0.8807,-16.985,-16.985,419.937,519.937,6900.0
0.8808,-15.324,-15.324,419.505,519.505,6900.0
0.8809,-14.312,-14.312,419.033,519.033,6900.0
0.881,-12.941,-12.941,418.542,518.542,6900.0
0.8811,-11.84,-11.84,418.027,518.027,6900.0
0.8812,-10.346,-10.346,417.498,517.498,6900.0
0.8813,-8.699,-8.699,416.945,516.945,6900.0
0.8814,-7.277,-7.277,416.366,516.366,6900.0
0.8815,-5.765,-5.765,415.77,515.77,6900.0
0.8816,-4.319,-4.319,415.157,515.157,6900.0
0.8817,-2.929,-2.929,414.532,514.532,6900.0
0.8818,-1.741,-1.741,413.898,513.898,6900.0
0.8819,-1.453,-1.453,413.257,513.257,6900.0
0.882,-0.0,-0.0,412.615,512.615,6900.0
0.8821,1.249,1.249,411.971,511.971,6900.0
0.8822,1.541,1.541,411.329,511.329,6900.0
0.8823,2.4,2.4,410.687,510.687,6900.0
0.8824,3.688,3.688,410.048,510.048,6900.0
0.8825,4.765,4.765,409.416,509.416,6900.0
0.8826,6.681,6.681,408.792,508.792,6900.0
0.8827,8.005,8.005,408.186,508.186,6900.0
0.8828,8.931,8.931,407.594,507.594,6900.0
0.8829,10.394,10.394,407.009,507.009,6900.0
0.883,11.921,11.921,406.447,506.447,6900.0
0.8831,13.485,13.485,405.915,505.915,6900.0
0.8832,14.842,14.842,405.427,505.427,6900.0
0.8833,15.665,15.665,404.965,504.965,6900.0
0.8834,16.778,16.778,404.514,504.514,6900.0
0.8835,18.254,18.254,404.088,504.088,6900.0
0.8836,19.974,19.974,403.707,503.707,6900.0
0.8837,21.194,21.194,403.383,503.383,6900.0
0.8838,21.986,21.986,403.096,503.096,6900.0
0.8839,22.902,22.902,402.826,502.826,6900.0
0.884,23.922,23.922,402.584,502.584,6900.0
0.8841,25.319,25.319,402.378,502.378,6900.0
0.8842,26.467,26.467,402.223,502.223,6900.0
0.8843,27.509,27.509,402.111,502.111,6900.0
0.8844,28.388,28.388,402.043,502.043,6900.0
0.8845,29.088,29.088,402.016,502.016,6900.0
0.8846,29.986,29.986,402.025,502.025,6900.0
0.8847,31.003,31.003,402.072,502.072,6900.0
0.8848,31.622,31.622,402.168,502.168,6900.0
0.8849,32.429,32.429,402.306,502.306,6900.0
0.885,32.813,32.813,402.487,502.487,6900.0
0.8851,33.809,33.809,402.686,502.686,6900.0
0.8852,34.585,34.585,402.914,502.914,6900.0
0.8853,35.378,35.378,403.177,503.177,6900.0
0.8854,36.119,36.119,403.486,503.486,6900.0
0.8855,36.53,36.53,403.837,503.837,6900.0
0.8856,36.995,36.995,404.206,504.206,6900.0
0.8857,37.62,37.62,404.591,504.591,6900.0
0.8858,37.941,37.941,405.016,505.016,6900.0
0.8859,38.652,38.652,405.47,505.47,6900.0
0.886,38.662,38.662,405.979,505.979,6900.0
0.8861,38.963,38.963,406.492,506.492,6900.0
0.8862,39.238,39.238,407.016,507.016,6900.0
0.8863,39.129,39.129,407.558,507.558,6900.0
0.8864,39.32,39.32,408.095,508.095,6900.0
0.8865,39.096,39.096,408.656,508.656,6900.0
0.8866,39.265,39.265,409.199,509.199,6900.0
0.8867,39.343,39.343,409.747,509.747,6900.0
0.8868,39.501,39.501,410.296,510.296,6900.0
0.8869,39.613,39.613,410.843,510.843,6900.0
0.887,39.363,39.363,411.414,511.414,6900.0
0.8871,39.19,39.19,411.974,511.974,6900.0
0.8872,38.915,38.915,412.539,512.539,6900.0
0.8873,38.684,38.684,413.1,513.1,6900.0
0.8874,38.434,38.434,413.642,513.642,6900.0
0.8875,37.975,37.975,414.179,514.179,6900.0
0.8876,37.631,37.631,414.688,514.688,6900.0
0.8877,37.277,37.277,415.185,515.185,6900.0
0.8878,36.715,36.715,415.659,515.659,6900.0
0.8879,36.066,36.066,416.095,516.095,6900.0
0.888,35.683,35.683,416.495,516.495,6900.0
0.8881,35.326,35.326,416.873,516.873,6900.0
0.8882,34.87,34.87,417.239,517.239,6900.0
0.8883,34.207,34.207,417.586,517.586,6900.0
0.8884,33.381,33.381,417.901,517.901,6900.0
0.8885,32.627,32.627,418.179,518.179,6900.0
0.8886,32.165,32.165,418.424,518.424,6900.0
0.8887,31.299,31.299,418.652,518.652,6900.0
0.8888,30.609,30.609,418.844,518.844,6900.0
0.8889,29.767,29.767,419.004,519.004,6900.0
0.889,28.744,28.744,419.123,519.123,6900.0
0.8891,28.156,28.156,419.194,519.194,6900.0
0.8892,27.346,27.346,419.229,519.229,6900.0
0.8893,26.554,26.554,419.225,519.225,6900.0
0.8894,25.749,25.749,419.192,519.192,6900.0
0.8895,24.734,24.734,419.131,519.131,6900.0
0.8896,23.71,23.71,419.029,519.029,6900.0
0.8897,22.662,22.662,418.879,518.879,6900.0
0.8898,21.977,21.977,418.689,518.689,6900.0
0.8899,21.215,21.215,418.482,518.482,6900.0
0.89,20.08,20.08,418.262,518.262,6900.0
0.8901,18.972,18.972,418.0,518.0,6900.0
0.8902,17.751,17.751,417.684,517.684,6900.0
0.8903,17.162,17.162,417.325,517.325,6900.0
0.8904,16.447,16.447,416.945,516.945,6900.0
0.8905,15.414,15.414,416.553,516.553,6900.0
0.8906,13.883,13.883,416.134,516.134,6900.0
0.8907,12.455,12.455,415.673,515.673,6900.0
0.8908,11.693,11.693,415.182,515.182,6900.0
0.8909,10.7,10.7,414.671,514.671,6900.0
0.891,9.684,9.684,414.145,514.145,6900.0
0.8911,8.074,8.074,413.6,513.6,6900.0
0.8912,6.702,6.702,413.027,513.027,6900.0
0.8913,5.603,5.603,412.433,512.433,6900.0
0.8914,4.525,4.525,411.824,511.824,6900.0
0.8915,3.414,3.414,411.202,511.202,6900.0
0.8916,2.434,2.434,410.571,510.571,6900.0
0.8917,1.141,1.141,409.931,509.931,6900.0
0.8918,2.056,2.056,409.284,509.284,6900.0
0.8919,0.056,0.056,408.637,508.637,6900.0
0.892,-0.001,-0.001,407.987,507.987,6900.0
0.8921,-0.841,-0.841,407.336,507.336,6900.0
0.8922,-1.85,-1.85,406.685,506.685,6900.0
0.8923,-3.419,-3.419,406.036,506.036,6900.0
0.8924,-3.909,-3.909,405.393,505.393,6900.0
0.8925,-5.217,-5.217,404.756,504.756,6900.0
0.8926,-5.88,-5.88,404.13,504.13,6900.0
0.8927,-6.859,-6.859,403.509,503.509,6900.0
0.8928,-8.365,-8.365,402.901,502.901,6900.0
0.8929,-9.544,-9.544,402.312,502.312,6900.0
0.893,-10.738,-10.738,401.75,501.75,6900.0
0.8931,-11.741,-11.741,401.213,501.213,6900.0
0.8932,-12.573,-12.573,400.686,500.686,6900.0
0.8933,-13.832,-13.832,400.173,500.173,6900.0
0.8934,-15.11,-15.11,399.691,499.691,6900.0
0.8935,-16.186,-16.186,399.253,499.253,6900.0
0.8936,-16.991,-16.991,398.852,498.852,6900.0
0.8937,-17.62,-17.62,398.469,498.469,6900.0
0.8938,-18.855,-18.855,398.099,498.099,6900.0
0.8939,-19.896,-19.896,397.766,497.766,6900.0
0.894,-20.961,-20.961,397.472,497.472,6900.0
0.8941,-22.283,-22.283,397.215,497.215,6900.0
0.8942,-23.088,-23.088,397.001,497.001,6900.0
0.8943,-23.994,-23.994,396.817,496.817,6900.0
0.8944,-24.865,-24.865,396.669,496.669,6900.0
0.8945,-25.443,-25.443,396.561,496.561,6900.0
0.8946,-26.523,-26.523,396.488,496.488,6900.0
0.8947,-27.301,-27.301,396.463,496.463,6900.0
0.8948,-28.037,-28.037,396.477,496.477,6900.0
0.8949,-28.542,-28.542,396.528,496.528,6900.0
0.895,-29.0,-29.0,396.6,496.6,6900.0
0.8951,-29.911,-29.911,396.695,496.695,6900.0
0.8952,-30.664,-30.664,396.828,496.828,6900.0
0.8953,-31.193,-31.193,397.004,497.004,6900.0
0.8954,-31.637,-31.637,397.208,497.208,6900.0
0.8955,-31.971,-31.971,397.424,497.424,6900.0
0.8956,-32.669,-32.669,397.666,497.666,6900.0
0.8957,-33.155,-33.155,397.94,497.94,6900.0
0.8958,-33.613,-33.613,398.26,498.26,6900.0
0.8959,-33.847,-33.847,398.612,498.612,6900.0
0.896,-34.034,-34.034,398.968,498.968,6900.0
0.8961,-34.378,-34.378,399.346,499.346,6900.0
0.8962,-34.477,-34.477,399.735,499.735,6900.0
0.8963,-34.884,-34.884,400.142,500.142,6900.0
0.8964,-34.846,-34.846,400.572,500.572,6900.0
0.8965,-34.808,-34.808,400.987,500.987,6900.0
0.8966,-35.45,-35.45,401.41,501.41,6900.0
0.8967,-35.261,-35.261,401.848,501.848,6900.0
0.8968,-35.411,-35.411,402.285,502.285,6900.0
0.8969,-35.274,-35.274,402.739,502.739,6900.0
0.897,-35.129,-35.129,403.183,503.183,6900.0
0.8971,-35.407,-35.407,403.635,503.635,6900.0
0.8972,-35.007,-35.007,404.093,504.093,6900.0
0.8973,-35.028,-35.028,404.529,504.529,6900.0
0.8974,-34.667,-34.667,404.974,504.974,6900.0
0.8975,-34.424,-34.424,405.397,505.397,6900.0
0.8976,-34.136,-34.136,405.82,505.82,6900.0
0.8977,-33.532,-33.532,406.22,506.22,6900.0
0.8978,-33.486,-33.486,406.575,506.575,6900.0
0.8979,-33.118,-33.118,406.926,506.926,6900.0
0.898,-32.808,-32.808,407.253,507.253,6900.0
0.8981,-32.502,-32.502,407.571,507.571,6900.0
0.8982,-31.767,-31.767,407.867,507.867,6900.0
0.8983,-31.487,-31.487,408.118,508.118,6900.0
0.8984,-31.075,-31.075,408.358,508.358,6900.0
0.8985,-30.417,-30.417,408.579,508.579,6900.0
0.8986,-30.014,-30.014,408.778,508.778,6900.0
0.8987,-29.385,-29.385,408.955,508.955,6900.0
0.8988,-28.688,-28.688,409.095,509.095,6900.0
0.8989,-28.132,-28.132,409.2,509.2,6900.0
0.899,-27.313,-27.313,409.276,509.276,6900.0
0.8991,-26.746,-26.746,409.313,509.313,6900.0
0.8992,-25.974,-25.974,409.319,509.319,6900.0
0.8993,-25.295,-25.295,409.293,509.293,6900.0
0.8994,-24.413,-24.413,409.234,509.234,6900.0
0.8995,-23.425,-23.425,409.133,509.133,6900.0
0.8996,-22.748,-22.748,408.987,508.987,6900.0
0.8997,-22.064,-22.064,408.816,508.816,6900.0
0.8998,-21.473,-21.473,408.625,508.625,6900.0
0.8999,-20.291,-20.291,408.416,508.416,6900.0
0.9,-18.955,-18.955,408.155,508.155,6900.0
0.9001,-18.541,-18.541,407.842,507.842,6900.0
0.9002,-17.832,-17.832,407.508,507.508,6900.0
0.9003,-17.215,-17.215,407.159,507.159,6900.0
0.9004,-16.007,-16.007,406.799,506.799,6900.0
0.9005,-14.442,-14.442,406.395,506.395,6900.0
0.9006,-13.465,-13.465,405.944,505.944,6900.0
0.9007,-12.487,-12.487,405.466,505.466,6900.0
0.9008,-11.843,-11.843,404.964,504.964,6900.0
0.9009,-10.656,-10.656,404.448,504.448,6900.0
0.901,-9.435,-9.435,403.903,503.903,6900.0
0.9011,-8.496,-8.496,403.33,503.33,6900.0
0.9012,-7.326,-7.326,402.741,502.741,6900.0
0.9013,-6.395,-6.395,402.134,502.134,6900.0
0.9014,-5.229,-5.229,401.515,501.515,6900.0
0.9015,-3.996,-3.996,400.883,500.883,6900.0
0.9016,-2.891,-2.891,400.238,500.238,6900.0
0.9017,-1.749,-1.749,399.584,499.584,6900.0
0.9018,-0.922,-0.922,398.923,498.923,6900.0
0.9019,-1.244,-1.244,398.258,498.258,6900.0
0.902,-0.279,-0.279,397.592,497.592,6900.0
0.9021,0.608,0.608,396.924,496.924,6900.0
0.9022,1.517,1.517,396.256,496.256,6900.0
0.9023,2.511,2.511,395.59,495.59,6900.0
0.9024,3.204,3.204,394.93,494.93,6900.0
0.9025,4.06,4.06,394.274,494.274,6900.0
0.9026,5.467,5.467,393.624,493.624,6900.0
0.9027,6.544,6.544,392.987,492.987,6900.0
0.9028,7.932,7.932,392.363,492.363,6900.0
0.9029,8.911,8.911,391.761,491.761,6900.0
0.903,9.824,9.824,391.171,491.171,6900.0
0.9031,11.173,11.173,390.589,490.589,6900.0
0.9032,12.612,12.612,390.031,490.031,6900.0
0.9033,14.01,14.01,389.507,489.507,6900.0
0.9034,15.141,15.141,389.03,489.03,6900.0
0.9035,15.794,15.794,388.581,488.581,6900.0
0.9036,17.009,17.009,388.143,488.143,6900.0
0.9037,18.382,18.382,387.736,487.736,6900.0
0.9038,19.689,19.689,387.372,487.372,6900.0
0.9039,20.691,20.691,387.06,487.06,6900.0
0.904,21.493,21.493,386.784,486.784,6900.0
0.9041,22.446,22.446,386.533,486.533,6900.0
0.9042,23.465,23.465,386.315,486.315,6900.0
0.9043,24.598,24.598,386.132,486.132,6900.0
0.9044,25.61,25.61,385.995,485.995,6900.0
0.9045,26.464,26.464,385.9,485.9,6900.0
0.9046,27.239,27.239,385.847,485.847,6900.0
0.9047,28.088,28.088,385.831,485.831,6900.0
0.9048,28.9,28.9,385.851,485.851,6900.0
0.9049,29.928,29.928,385.904,485.904,6900.0
0.905,30.663,30.663,386.007,486.007,6900.0
0.9051,31.468,31.468,386.157,486.157,6900.0
0.9052,32.124,32.124,386.351,486.351,6900.0
0.9053,32.864,32.864,386.569,486.569,6900.0
0.9054,33.729,33.729,386.812,486.812,6900.0
0.9055,34.333,34.333,387.098,487.098,6900.0
0.9056,35.195,35.195,387.421,487.421,6900.0
0.9057,35.516,35.516,387.794,487.794,6900.0
0.9058,35.959,35.959,388.18,488.18,6900.0
0.9059,36.62,36.62,388.581,488.581,6900.0
0.906,36.966,36.966,389.021,489.021,6900.0
0.9061,37.663,37.663,389.483,489.483,6900.0
0.9062,37.851,37.851,389.996,489.996,6900.0
0.9063,37.987,37.987,390.514,490.514,6900.0
0.9064,38.386,38.386,391.039,491.039,6900.0
0.9065,38.375,38.375,391.585,491.585,6900.0
0.9066,38.678,38.678,392.122,492.122,6900.0
0.9067,38.803,38.803,392.688,492.688,6900.0
0.9068,38.885,38.885,393.25,493.25,6900.0
0.9069,39.154,39.154,393.816,493.816,6900.0
0.907,39.127,39.127,394.393,494.393,6900.0
0.9071,39.16,39.16,394.957,494.957,6900.0
0.9072,39.255,39.255,395.532,495.532,6900.0
0.9073,38.915,38.915,396.109,496.109,6900.0
0.9074,38.837,38.837,396.68,496.68,6900.0
0.9075,38.415,38.415,397.251,497.251,6900.0
0.9076,38.08,38.08,397.789,497.789,6900.0
0.9077,37.952,37.952,398.311,498.311,6900.0
0.9078,37.554,37.554,398.818,498.818,6900.0
0.9079,37.337,37.337,399.311,499.311,6900.0
0.908,36.905,36.905,399.786,499.786,6900.0
0.9081,36.398,36.398,400.224,500.224,6900.0
0.9082,36.011,36.011,400.629,500.629,6900.0
0.9083,35.63,35.63,401.008,501.008,6900.0
0.9084,35.201,35.201,401.376,501.376,6900.0
0.9085,34.585,34.585,401.721,501.721,6900.0
0.9086,33.868,33.868,402.031,502.031,6900.0
0.9087,33.165,33.165,402.301,502.301,6900.0
0.9088,32.513,32.513,402.539,502.539,6900.0
0.9089,31.832,31.832,402.748,502.748,6900.0
0.909,30.973,30.973,402.924,502.924,6900.0
0.9091,30.313,30.313,403.059,503.059,6900.0
0.9092,29.359,29.359,403.162,503.162,6900.0
0.9093,28.508,28.508,403.216,503.216,6900.0
0.9094,27.677,27.677,403.222,503.222,6900.0
0.9095,26.938,26.938,403.188,503.188,6900.0
0.9096,25.95,25.95,403.127,503.127,6900.0
0.9097,24.965,24.965,403.038,503.038,6900.0
0.9098,24.014,24.014,402.905,502.905,6900.0
0.9099,23.173,23.173,402.72,502.72,6900.0
0.91,22.285,22.285,402.5,502.5,6900.0
0.9101,21.485,21.485,402.257,502.257,6900.0
0.9102,20.606,20.606,402.001,502.001,6900.0
0.9103,19.253,19.253,401.71,501.71,6900.0
0.9104,17.946,17.946,401.358,501.358,6900.0
0.9105,17.061,17.061,400.961,500.961,6900.0
0.9106,16.135,16.135,400.533,500.533,6900.0
0.9107,15.138,15.138,400.086,500.086,6900.0
0.9108,13.771,13.771,399.613,499.613,6900.0
0.9109,12.477,12.477,399.101,499.101,6900.0
0.911,11.54,11.54,398.564,498.564,6900.0
0.9111,10.419,10.419,398.006,498.006,6900.0
0.9112,9.3,9.3,397.435,497.435,6900.0
0.9113,7.787,7.787,396.846,496.846,6900.0
0.9114,6.276,6.276,396.233,496.233,6900.0
0.9115,5.004,5.004,395.601,495.601,6900.0
0.9116,3.689,3.689,394.954,494.954,6900.0
0.9117,2.459,2.459,394.295,494.295,6900.0
0.9118,1.279,1.279,393.627,493.627,6900.0
0.9119,1.41,1.41,392.953,492.953,6900.0
0.912,0.0,0.0,392.277,492.277,6900.0
0.9121,-1.034,-1.034,391.6,491.6,6900.0
0.9122,-1.438,-1.438,390.924,490.924,6900.0
0.9123,-2.351,-2.351,390.25,490.25,6900.0
0.9124,-3.349,-3.349,389.577,489.577,6900.0
0.9125,-4.761,-4.761,388.911,488.911,6900.0
0.9126,-6.062,-6.062,388.252,488.252,6900.0
0.9127,-7.539,-7.539,387.608,487.608,6900.0
0.9128,-8.602,-8.602,386.982,486.982,6900.0
0.9129,-9.887,-9.887,386.363,486.363,6900.0
0.913,-11.6,-11.6,385.763,485.763,6900.0
0.9131,-12.889,-12.889,385.194,485.194,6900.0
0.9132,-14.542,-14.542,384.664,484.664,6900.0
0.9133,-15.355,-15.355,384.178,484.178,6900.0
0.9134,-16.323,-16.323,383.703,483.703,6900.0
0.9135,-17.813,-17.813,383.246,483.246,6900.0
0.9136,-19.415,-19.415,382.828,482.828,6900.0
0.9137,-20.925,-20.925,382.464,482.464,6900.0
0.9138,-22.104,-22.104,382.15,482.15,6900.0
0.9139,-23.167,-23.167,381.867,481.867,6900.0
0.914,-24.45,-24.45,381.611,481.611,6900.0
0.9141,-25.685,-25.685,381.397,481.397,6900.0
0.9142,-26.939,-26.939,381.232,481.232,6900.0
0.9143,-28.194,-28.194,381.118,481.118,6900.0
0.9144,-29.471,-29.471,381.056,481.056,6900.0
0.9145,-30.498,-30.498,381.049,481.049,6900.0
0.9146,-31.769,-31.769,381.086,481.086,6900.0
0.9147,-32.9,-32.9,381.172,481.172,6900.0
0.9148,-33.891,-33.891,381.311,481.311,6900.0
0.9149,-34.991,-34.991,381.497,481.497,6900.0
0.915,-36.025,-36.025,381.742,481.742,6900.0
0.9151,-36.829,-36.829,382.033,482.033,6900.0
0.9152,-37.66,-37.66,382.35,482.35,6900.0
0.9153,-38.571,-38.571,382.708,482.708,6900.0
0.9154,-39.466,-39.466,383.105,483.105,6900.0
0.9155,-40.309,-40.309,383.563,483.563,6900.0
0.9156,-40.647,-40.647,384.064,484.064,6900.0
0.9157,-41.293,-41.293,384.573,484.573,6900.0
0.9158,-41.793,-41.793,385.126,485.126,6900.0
0.9159,-42.388,-42.388,385.704,485.704,6900.0
0.916,-43.093,-43.093,386.337,486.337,6900.0
0.9161,-43.387,-43.387,387.011,487.011,6900.0
0.9162,-43.852,-43.852,387.685,487.685,6900.0
0.9163,-44.093,-44.093,388.392,488.392,6900.0
0.9164,-44.14,-44.14,389.101,489.101,6900.0
0.9165,-44.538,-44.538,389.823,489.823,6900.0
0.9166,-44.611,-44.611,390.566,490.566,6900.0
0.9167,-44.832,-44.832,391.296,491.296,6900.0
0.9168,-44.948,-44.948,392.05,492.05,6900.0
0.9169,-44.888,-44.888,392.8,492.8,6900.0
0.917,-45.308,-45.308,393.546,493.546,6900.0
0.9171,-44.893,-44.893,394.326,494.326,6900.0
0.9172,-44.877,-44.877,395.081,495.081,6900.0
0.9173,-44.805,-44.805,395.851,495.851,6900.0
0.9174,-44.369,-44.369,396.609,496.609,6900.0
0.9175,-44.427,-44.427,397.332,497.332,6900.0
0.9176,-43.972,-43.972,398.06,498.06,6900.0
0.9177,-43.757,-43.757,398.754,498.754,6900.0
0.9178,-43.453,-43.453,399.446,499.446,6900.0
0.9179,-42.904,-42.904,400.109,500.109,6900.0
0.918,-42.64,-42.64,400.722,500.722,6900.0
0.9181,-42.046,-42.046,401.321,501.321,6900.0
0.9182,-41.745,-41.745,401.886,501.886,6900.0
0.9183,-41.107,-41.107,402.446,502.446,6900.0
0.9184,-40.564,-40.564,402.97,502.97,6900.0
0.9185,-39.914,-39.914,403.454,503.454,6900.0
0.9186,-38.939,-38.939,403.909,503.909,6900.0
0.9187,-38.182,-38.182,404.322,504.322,6900.0
0.9188,-37.414,-37.414,404.703,504.703,6900.0
0.9189,-36.616,-36.616,405.046,505.046,6900.0
0.919,-35.702,-35.702,405.347,505.347,6900.0
0.9191,-34.855,-34.855,405.598,505.598,6900.0
0.9192,-33.951,-33.951,405.801,505.801,6900.0
0.9193,-33.177,-33.177,405.954,505.954,6900.0
0.9194,-32.34,-32.34,406.07,506.07,6900.0
0.9195,-31.445,-31.445,406.152,506.152,6900.0
0.9196,-30.184,-30.184,406.198,506.198,6900.0
0.9197,-29.024,-29.024,406.185,506.185,6900.0
0.9198,-28.042,-28.042,406.12,506.12,6900.0
0.9199,-27.255,-27.255,406.019,506.019,6900.0
0.92,-26.364,-26.364,405.902,505.902,6900.0
0.9201,-24.645,-24.645,405.763,505.763,6900.0
0.9202,-23.054,-23.054,405.55,505.55,6900.0
0.9203,-21.963,-21.963,405.271,505.271,6900.0
0.9204,-20.971,-20.971,404.951,504.951,6900.0
0.9205,-20.121,-20.121,404.608,504.608,6900.0
0.9206,-18.584,-18.584,404.25,504.25,6900.0
0.9207,-16.961,-16.961,403.845,503.845,6900.0
0.9208,-15.795,-15.795,403.396,503.396,6900.0
0.9209,-14.497,-14.497,402.919,502.919,6900.0
0.921,-13.546,-13.546,402.417,502.417,6900.0
0.9211,-11.891,-11.891,401.899,501.899,6900.0
0.9212,-10.244,-10.244,401.349,501.349,6900.0
0.9213,-8.859,-8.859,400.767,500.767,6900.0
0.9214,-7.455,-7.455,400.165,500.165,6900.0
0.9215,-6.126,-6.126,399.543,499.543,6900.0
0.9216,-4.681,-4.681,398.906,498.906,6900.0
0.9217,-3.275,-3.275,398.257,498.257,6900.0
0.9218,-1.932,-1.932,397.598,497.598,6900.0
0.9219,-0.638,-0.638,396.932,496.932,6900.0
0.922,0.0,0.0,396.263,496.263,6900.0
0.9221,1.052,1.052,395.592,495.592,6900.0
0.9222,1.77,1.77,394.922,494.922,6900.0
0.9223,2.427,2.427,394.252,494.252,6900.0
0.9224,3.507,3.507,393.586,493.586,6900.0
0.9225,4.992,4.992,392.927,492.927,6900.0
0.9226,6.438,6.438,392.281,492.281,6900.0
0.9227,7.664,7.664,391.648,491.648,6900.0
0.9228,9.237,9.237,391.025,491.025,6900.0
0.9229,10.672,10.672,390.423,490.423,6900.0
0.923,12.463,12.463,389.846,489.846,6900.0
0.9231,13.727,13.727,389.308,489.308,6900.0
0.9232,14.86,14.86,388.791,488.791,6900.0
0.9233,16.41,16.41,388.284,488.284,6900.0
0.9234,18.265,18.265,387.808,487.808,6900.0
0.9235,20.122,20.122,387.383,487.383,6900.0
0.9236,21.408,21.408,387.025,487.025,6900.0
0.9237,22.617,22.617,386.705,486.705,6900.0
0.9238,23.797,23.797,386.411,486.411,6900.0
0.9239,25.22,25.22,386.149,486.149,6900.0
0.924,26.597,26.597,385.936,485.936,6900.0
0.9241,27.649,27.649,385.78,485.78,6900.0
0.9242,28.862,28.862,385.665,485.665,6900.0
0.9243,30.068,30.068,385.591,485.591,6900.0
0.9244,31.231,31.231,385.561,485.561,6900.0
0.9245,32.429,32.429,385.579,485.579,6900.0
0.9246,33.573,33.573,385.648,485.648,6900.0
0.9247,34.814,34.814,385.77,485.77,6900.0
0.9248,35.882,35.882,385.958,485.958,6900.0
0.9249,36.736,36.736,386.201,486.201,6900.0
0.925,37.819,37.819,386.48,486.48,6900.0
0.9251,38.639,38.639,386.8,486.8,6900.0
0.9252,39.54,39.54,387.163,487.163,6900.0
0.9253,40.383,40.383,387.584,487.584,6900.0
0.9254,41.043,41.043,388.049,488.049,6900.0
0.9255,41.697,41.697,388.538,488.538,6900.0
0.9256,42.488,42.488,389.048,489.048,6900.0
0.9257,43.277,43.277,389.598,489.598,6900.0
0.9258,44.22,44.22,390.196,490.196,6900.0
0.9259,44.7,44.7,390.857,490.857,6900.0
0.926,45.144,45.144,391.536,491.536,6900.0
0.9261,45.453,45.453,392.235,492.235,6900.0
0.9262,45.642,45.642,392.963,492.963,6900.0
0.9263,46.206,46.206,393.7,493.7,6900.0
0.9264,46.384,46.384,394.488,494.488,6900.0
0.9265,46.323,46.323,395.278,495.278,6900.0
0.9266,46.571,46.571,396.063,496.063,6900.0
0.9267,46.558,46.558,396.862,496.862,6900.0
0.9268,46.766,46.766,397.647,497.647,6900.0
0.9269,46.798,46.798,398.457,498.457,6900.0
0.927,46.758,46.758,399.258,499.258,6900.0
0.9271,46.605,46.605,400.061,500.061,6900.0
0.9272,46.292,46.292,400.863,500.863,6900.0
0.9273,45.947,45.947,401.639,501.639,6900.0
0.9274,45.795,45.795,402.41,502.41,6900.0
0.9275,45.614,45.614,403.168,503.168,6900.0
0.9276,45.546,45.546,403.923,503.923,6900.0
0.9277,45.077,45.077,404.676,504.676,6900.0
0.9278,44.532,44.532,405.389,505.389,6900.0
0.9279,44.258,44.258,406.071,506.071,6900.0
0.928,43.791,43.791,406.728,506.728,6900.0
0.9281,43.41,43.41,407.367,507.367,6900.0
0.9282,42.764,42.764,407.982,507.982,6900.0
0.9283,41.97,41.97,408.555,508.555,6900.0
0.9284,41.378,41.378,409.08,509.08,6900.0
0.9285,40.756,40.756,409.573,509.573,6900.0
0.9286,40.116,40.116,410.042,510.042,6900.0
0.9287,39.215,39.215,410.484,510.484,6900.0
0.9288,38.258,38.258,410.884,510.884,6900.0
0.9289,37.317,37.317,411.235,511.235,6900.0
0.929,36.485,36.485,411.543,511.543,6900.0
0.9291,35.364,35.364,411.813,511.813,6900.0
0.9292,34.451,34.451,412.035,512.035,6900.0
0.9293,33.605,33.605,412.216,512.216,6900.0
0.9294,32.407,32.407,412.36,512.36,6900.0
0.9295,31.202,31.202,412.449,512.449,6900.0
0.9296,29.924,29.924,412.476,512.476,6900.0
0.9297,29.003,29.003,412.451,512.451,6900.0
0.9298,28.097,28.097,412.396,512.396,6900.0
0.9299,27.079,27.079,412.319,512.319,6900.0
0.93,25.64,25.64,412.199,512.199,6900.0
0.9301,24.324,24.324,412.011,512.011,6900.0
0.9302,23.313,23.313,411.776,511.776,6900.0
0.9303,22.478,22.478,411.515,511.515,6900.0
0.9304,21.339,21.339,411.246,511.246,6900.0
0.9305,19.683,19.683,410.942,510.942,6900.0
0.9306,18.099,18.099,410.579,510.579,6900.0
0.9307,17.021,17.021,410.172,510.172,6900.0
0.9308,15.816,15.816,409.731,509.731,6900.0
0.9309,14.621,14.621,409.268,509.268,6900.0
0.931,13.04,13.04,408.776,508.776,6900.0
0.9311,11.447,11.447,408.246,508.246,6900.0
0.9312,10.24,10.24,407.69,507.69,6900.0
0.9313,8.846,8.846,407.111,507.111,6900.0
0.9314,7.637,7.637,406.517,506.517,6900.0
0.9315,6.115,6.115,405.908,505.908,6900.0
0.9316,4.442,4.442,405.283,505.283,6900.0
0.9317,2.946,2.946,404.645,504.645,6900.0
0.9318,1.697,1.697,403.996,503.996,6900.0
0.9319,0.56,0.56,403.341,503.341,6900.0
0.932,0.0,0.0,402.683,502.683,6900.0
0.9321,-0.31,-0.31,402.023,502.023,6900.0
0.9322,-2.724,-2.724,401.362,501.362,6900.0
0.9323,-2.567,-2.567,400.707,500.707,6900.0
0.9324,-3.82,-3.82,400.055,500.055,6900.0
0.9325,-4.841,-4.841,399.411,499.411,6900.0
0.9326,-6.157,-6.157,398.774,498.774,6900.0
0.9327,-7.938,-7.938,398.147,498.147,6900.0
0.9328,-9.402,-9.402,397.538,497.538,6900.0
0.9329,-10.883,-10.883,396.952,496.952,6900.0
0.933,-12.188,-12.188,396.39,496.39,6900.0
0.9331,-13.311,-13.311,395.839,495.839,6900.0
0.9332,-14.944,-14.944,395.305,495.305,6900.0
0.9333,-16.37,-16.37,394.807,494.807,6900.0
0.9334,-17.972,-17.972,394.355,494.355,6900.0
0.9335,-19.052,-19.052,393.954,493.954,6900.0
0.9336,-20.067,-20.067,393.574,493.574,6900.0
0.9337,-21.429,-21.429,393.217,493.217,6900.0
0.9338,-22.952,-22.952,392.901,492.901,6900.0
0.9339,-24.373,-24.373,392.641,492.641,6900.0
0.934,-25.437,-25.437,392.433,492.433,6900.0
0.9341,-26.524,-26.524,392.262,492.262,6900.0
0.9342,-27.824,-27.824,392.123,492.123,6900.0
0.9343,-29.074,-29.074,392.029,492.029,6900.0
0.9344,-30.248,-30.248,391.982,491.982,6900.0
0.9345,-31.408,-31.408,391.983,491.983,6900.0
0.9346,-32.58,-32.58,392.034,492.034,6900.0
0.9347,-33.554,-33.554,392.14,492.14,6900.0
0.9348,-34.559,-34.559,392.287,492.287,6900.0
0.9349,-35.629,-35.629,392.473,492.473,6900.0
0.935,-36.627,-36.627,392.709,492.709,6900.0
0.9351,-37.523,-37.523,392.997,492.997,6900.0
0.9352,-38.308,-38.308,393.344,493.344,6900.0
0.9353,-38.883,-38.883,393.733,493.733,6900.0
0.9354,-39.427,-39.427,394.14,494.14,6900.0
0.9355,-40.181,-40.181,394.578,494.578,6900.0
0.9356,-40.881,-40.881,395.05,495.05,6900.0
0.9357,-41.586,-41.586,395.575,495.575,6900.0
0.9358,-41.785,-41.785,396.141,496.141,6900.0
0.9359,-42.114,-42.114,396.703,496.703,6900.0
0.936,-42.578,-42.578,397.291,497.291,6900.0
0.9361,-43.135,-43.135,397.899,497.899,6900.0
0.9362,-43.611,-43.611,398.554,498.554,6900.0
0.9363,-43.692,-43.692,399.238,499.238,6900.0
0.9364,-43.932,-43.932,399.914,499.914,6900.0
0.9365,-43.98,-43.98,400.614,500.614,6900.0
0.9366,-43.999,-43.999,401.313,501.313,6900.0
0.9367,-44.285,-44.285,402.022,502.022,6900.0
0.9368,-44.184,-44.184,402.752,502.752,6900.0
0.9369,-44.033,-44.033,403.467,503.467,6900.0
0.937,-43.926,-43.926,404.191,504.191,6900.0
0.9371,-43.678,-43.678,404.903,504.903,6900.0
0.9372,-43.873,-43.873,405.596,505.596,6900.0
0.9373,-43.452,-43.452,406.304,506.304,6900.0
0.9374,-43.433,-43.433,406.986,506.986,6900.0
0.9375,-43.101,-43.101,407.678,507.678,6900.0
0.9376,-42.608,-42.608,408.344,508.344,6900.0
0.9377,-42.287,-42.287,408.973,508.973,6900.0
0.9378,-41.765,-41.765,409.594,509.594,6900.0
0.9379,-41.304,-41.304,410.186,510.186,6900.0
0.938,-40.678,-40.678,410.769,510.769,6900.0
0.9381,-40.14,-40.14,411.318,511.318,6900.0
0.9382,-39.637,-39.637,411.824,511.824,6900.0
0.9383,-38.907,-38.907,412.308,512.308,6900.0
0.9384,-38.236,-38.236,412.757,512.757,6900.0
0.9385,-37.501,-37.501,413.18,513.18,6900.0
0.9386,-36.73,-36.73,413.566,513.566,6900.0
0.9387,-35.954,-35.954,413.906,513.906,6900.0
0.9388,-35.281,-35.281,414.206,514.206,6900.0
0.9389,-34.593,-34.593,414.472,514.472,6900.0
0.939,-33.812,-33.812,414.708,514.708,6900.0
0.9391,-32.856,-32.856,414.909,514.909,6900.0
0.9392,-32.042,-32.042,415.069,515.069,6900.0
0.9393,-30.746,-30.746,415.193,515.193,6900.0
0.9394,-29.402,-29.402,415.261,515.261,6900.0
0.9395,-28.519,-28.519,415.272,515.272,6900.0
0.9396,-27.694,-27.694,415.249,515.249,6900.0
0.9397,-26.848,-26.848,415.198,515.198,6900.0
0.9398,-25.69,-25.69,415.117,515.117,6900.0
0.9399,-24.275,-24.275,414.982,514.982,6900.0
0.94,-23.371,-23.371,414.787,514.787,6900.0
0.9401,-22.846,-22.846,414.561,514.561,6900.0
0.9402,-22.092,-22.092,414.325,514.325,6900.0
0.9403,-20.648,-20.648,414.073,514.073,6900.0
0.9404,-18.847,-18.847,413.766,513.766,6900.0
0.9405,-17.693,-17.693,413.398,513.398,6900.0
0.9406,-16.683,-16.683,412.996,512.996,6900.0
0.9407,-15.707,-15.707,412.568,512.568,6900.0
0.9408,-14.591,-14.591,412.121,512.121,6900.0
0.9409,-13.041,-13.041,411.642,511.642,6900.0
0.941,-11.998,-11.998,411.127,511.127,6900.0
0.9411,-10.84,-10.84,410.593,510.593,6900.0
0.9412,-9.949,-9.949,410.039,510.039,6900.0
0.9413,-8.529,-8.529,409.472,509.472,6900.0
0.9414,-6.917,-6.917,408.885,508.885,6900.0
0.9415,-5.518,-5.518,408.276,508.276,6900.0
0.9416,-4.033,-4.033,407.652,507.652,6900.0
0.9417,-2.638,-2.638,407.015,507.015,6900.0
0.9418,-1.483,-1.483,406.369,506.369,6900.0
0.9419,-0.406,-0.406,405.717,505.717,6900.0
0.942,0.0,0.0,405.062,505.062,6900.0
0.9421,0.82,0.82,404.406,504.406,6900.0
0.9422,1.695,1.695,403.752,503.752,6900.0
0.9423,2.411,2.411,403.098,503.098,6900.0
0.9424,3.315,3.315,402.448,502.448,6900.0
0.9425,4.643,4.643,401.802,501.802,6900.0
0.9426,5.857,5.857,401.165,501.165,6900.0
0.9427,7.464,7.464,400.538,500.538,6900.0
0.9428,8.621,8.621,399.933,499.933,6900.0
0.9429,9.605,9.605,399.34,499.34,6900.0
0.943,11.068,11.068,398.757,498.757,6900.0
0.9431,12.57,12.57,398.199,498.199,6900.0
0.9432,14.159,14.159,397.674,497.674,6900.0
0.9433,15.414,15.414,397.195,497.195,6900.0
0.9434,16.123,16.123,396.743,496.743,6900.0
0.9435,17.472,17.472,396.299,496.299,6900.0
0.9436,18.869,18.869,395.884,495.884,6900.0
0.9437,20.421,20.421,395.513,495.513,6900.0
0.9438,21.478,21.478,395.2,495.2,6900.0
0.9439,22.399,22.399,394.923,494.923,6900.0
0.944,23.482,23.482,394.668,494.668,6900.0
0.9441,24.671,24.671,394.448,494.448,6900.0
0.9442,25.839,25.839,394.271,494.271,6900.0
0.9443,26.833,26.833,394.143,494.143,6900.0
0.9444,27.81,27.81,394.059,494.059,6900.0
0.9445,28.617,28.617,394.019,494.019,6900.0
0.9446,29.609,29.609,394.016,494.016,6900.0
0.9447,30.421,30.421,394.053,494.053,6900.0
0.9448,31.295,31.295,394.123,494.123,6900.0
0.9449,32.233,32.233,394.235,494.235,6900.0
0.945,33.093,33.093,394.398,494.398,6900.0
0.9451,33.704,33.704,394.605,494.605,6900.0
0.9452,34.324,34.324,394.838,494.838,6900.0
0.9453,35.216,35.216,395.091,495.091,6900.0
0.9454,36.016,36.016,395.391,495.391,6900.0
0.9455,36.768,36.768,395.74,495.74,6900.0
0.9456,37.478,37.478,396.136,496.136,6900.0
0.9457,37.725,37.725,396.56,496.56,6900.0
0.9458,38.335,38.335,396.992,496.992,6900.0
0.9459,38.591,38.591,397.46,497.46,6900.0
0.946,39.256,39.256,397.95,497.95,6900.0
0.9461,39.472,39.472,398.488,498.488,6900.0
0.9462,39.459,39.459,399.032,499.032,6900.0
0.9463,39.835,39.835,399.575,499.575,6900.0
0.9464,39.868,39.868,400.142,500.142,6900.0
0.9465,40.122,40.122,400.707,500.707,6900.0
0.9466,40.349,40.349,401.301,501.301,6900.0
0.9467,40.332,40.332,401.9,501.9,6900.0
0.9468,40.581,40.581,402.498,502.498,6900.0
0.9469,40.459,40.459,403.111,503.111,6900.0
0.947,40.363,40.363,403.708,503.708,6900.0
0.9471,40.389,40.389,404.318,504.318,6900.0
0.9472,40.072,40.072,404.921,504.921,6900.0
0.9473,40.018,40.018,405.516,505.516,6900.0
0.9474,39.541,39.541,406.112,506.112,6900.0
0.9475,39.173,39.173,406.674,506.674,6900.0
0.9476,39.318,39.318,407.219,507.219,6900.0
0.9477,38.903,38.903,407.761,507.761,6900.0
0.9478,38.621,38.621,408.29,508.29,6900.0
0.9479,38.154,38.154,408.804,508.804,6900.0
0.948,37.445,37.445,409.284,509.284,6900.0
0.9481,37.11,37.11,409.727,509.727,6900.0
0.9482,36.534,36.534,410.15,510.15,6900.0
0.9483,36.133,36.133,410.554,510.554,6900.0
0.9484,35.359,35.359,410.938,510.938,6900.0
0.9485,34.387,34.387,411.282,511.282,6900.0
0.9486,33.89,33.89,411.576,511.576,6900.0
0.9487,33.237,33.237,411.843,511.843,6900.0
0.9488,32.652,32.652,412.08,512.08,6900.0
0.9489,31.959,31.959,412.289,512.289,6900.0
0.949,30.979,30.979,412.465,512.465,6900.0
0.9491,30.268,30.268,412.596,512.596,6900.0
0.9492,29.372,29.372,412.69,512.69,6900.0
0.9493,28.502,28.502,412.738,512.738,6900.0
0.9494,27.731,27.731,412.749,512.749,6900.0
0.9495,26.695,26.695,412.731,512.731,6900.0
0.9496,25.848,25.848,412.681,512.681,6900.0
0.9497,24.578,24.578,412.592,512.592,6900.0
0.9498,23.655,23.655,412.444,512.444,6900.0
0.9499,22.759,22.759,412.26,512.26,6900.0
0.95,22.009,22.009,412.051,512.051,6900.0
0.9501,21.141,21.141,411.827,511.827,6900.0
0.9502,19.628,19.628,411.567,511.567,6900.0
0.9503,18.485,18.485,411.239,511.239,6900.0
0.9504,17.674,17.674,410.871,510.871,6900.0
0.9505,16.854,16.854,410.477,510.477,6900.0
0.9506,15.781,15.781,410.07,510.07,6900.0
0.9507,14.336,14.336,409.638,509.638,6900.0
0.9508,13.107,13.107,409.164,509.164,6900.0
0.9509,12.103,12.103,408.665,508.665,6900.0
0.951,10.906,10.906,408.144,508.144,6900.0
0.9511,9.84,9.84,407.606,507.606,6900.0
0.9512,8.297,8.297,407.048,507.048,6900.0
0.9513,6.886,6.886,406.462,506.462,6900.0
0.9514,5.728,5.728,405.855,505.855,6900.0
0.9515,4.595,4.595,405.232,505.232,6900.0
0.9516,3.404,3.404,404.597,504.597,6900.0
0.9517,2.096,2.096,403.952,503.952,6900.0
0.9518,1.016,1.016,403.298,503.298,6900.0
0.9519,1.118,1.118,402.64,502.64,6900.0
0.952,-0.007,-0.007,401.981,501.981,6900.0
0.9521,0.0,0.0,401.32,501.32,6900.0
0.9522,-2.638,-2.638,400.658,500.658,6900.0
0.9523,-2.494,-2.494,400.0,500.0,6900.0
0.9524,-3.484,-3.484,399.344,499.344,6900.0
0.9525,-4.688,-4.688,398.692,498.692,6900.0
0.9526,-6.146,-6.146,398.052,498.052,6900.0
0.9527,-7.057,-7.057,397.426,497.426,6900.0
0.9528,-8.097,-8.097,396.809,496.809,6900.0
0.9529,-9.606,-9.606,396.205,496.205,6900.0
0.953,-10.985,-10.985,395.624,495.624,6900.0
0.9531,-12.254,-12.254,395.075,495.075,6900.0
0.9532,-13.076,-13.076,394.555,494.555,6900.0
0.9533,-14.048,-14.048,394.046,494.046,6900.0
0.9534,-15.389,-15.389,393.551,493.551,6900.0
0.9535,-16.911,-16.911,393.091,493.091,6900.0
0.9536,-18.383,-18.383,392.683,492.683,6900.0
0.9537,-19.393,-19.393,392.322,492.322,6900.0
0.9538,-20.283,-20.283,391.982,491.982,6900.0
0.9539,-21.433,-21.433,391.665,491.665,6900.0
0.954,-22.685,-22.685,391.383,491.383,6900.0
0.9541,-23.895,-23.895,391.147,491.147,6900.0
0.9542,-24.883,-24.883,390.956,490.956,6900.0
0.9543,-25.798,-25.798,390.805,490.805,6900.0
0.9544,-26.881,-26.881,390.69,490.69,6900.0
0.9545,-27.762,-27.762,390.618,490.618,6900.0
0.9546,-28.917,-28.917,390.586,490.586,6900.0
0.9547,-29.978,-29.978,390.605,490.605,6900.0
0.9548,-30.824,-30.824,390.675,490.675,6900.0
0.9549,-31.593,-31.593,390.791,490.791,6900.0
0.955,-32.082,-32.082,390.946,490.946,6900.0
0.9551,-32.942,-32.942,391.118,491.118,6900.0
0.9552,-33.895,-33.895,391.328,491.328,6900.0
0.9553,-34.846,-34.846,391.576,491.576,6900.0
0.9554,-35.451,-35.451,391.881,491.881,6900.0
0.9555,-35.99,-35.99,392.215,492.215,6900.0
0.9556,-36.383,-36.383,392.566,492.566,6900.0
0.9557,-37.065,-37.065,392.944,492.944,6900.0
0.9558,-37.593,-37.593,393.357,493.357,6900.0
0.9559,-37.993,-37.993,393.821,493.821,6900.0
0.956,-38.267,-38.267,394.313,494.313,6900.0
0.9561,-38.583,-38.583,394.81,494.81,6900.0
0.9562,-38.988,-38.988,395.332,495.332,6900.0
0.9563,-39.243,-39.243,395.867,495.867,6900.0
0.9564,-39.724,-39.724,396.427,496.427,6900.0
0.9565,-39.743,-39.743,397.01,497.01,6900.0
0.9566,-39.731,-39.731,397.581,497.581,6900.0
0.9567,-39.893,-39.893,398.161,498.161,6900.0
0.9568,-39.876,-39.876,398.74,498.74,6900.0
0.9569,-40.108,-40.108,399.322,499.322,6900.0
0.957,-39.855,-39.855,399.926,499.926,6900.0
0.9571,-39.875,-39.875,400.512,500.512,6900.0
0.9572,-39.746,-39.746,401.116,501.116,6900.0
0.9573,-39.379,-39.379,401.709,501.709,6900.0
0.9574,-39.577,-39.577,402.276,502.276,6900.0
0.9575,-39.204,-39.204,402.855,502.855,6900.0
0.9576,-38.962,-38.962,403.408,503.408,6900.0
0.9577,-38.562,-38.562,403.958,503.958,6900.0
0.9578,-37.994,-37.994,404.48,504.48,6900.0
0.9579,-37.673,-37.673,404.958,504.958,6900.0
0.958,-37.152,-37.152,405.423,505.423,6900.0
0.9581,-36.99,-36.99,405.861,505.861,6900.0
0.9582,-36.421,-36.421,406.296,506.296,6900.0
0.9583,-35.807,-35.807,406.701,506.701,6900.0
0.9584,-35.083,-35.083,407.066,507.066,6900.0
0.9585,-34.568,-34.568,407.399,507.399,6900.0
0.9586,-34.07,-34.07,407.704,507.704,6900.0
0.9587,-33.382,-33.382,407.988,507.988,6900.0
0.9588,-32.627,-32.627,408.236,508.236,6900.0
0.9589,-31.887,-31.887,408.445,508.445,6900.0
0.959,-31.097,-31.097,408.615,508.615,6900.0
0.9591,-30.593,-30.593,408.745,508.745,6900.0
0.9592,-29.902,-29.902,408.845,508.845,6900.0
0.9593,-28.964,-28.964,408.915,508.915,6900.0
0.9594,-28.1,-28.1,408.949,508.949,6900.0
0.9595,-26.947,-26.947,408.946,508.946,6900.0
0.9596,-25.826,-25.826,408.89,508.89,6900.0
0.9597,-24.914,-24.914,408.784,508.784,6900.0
0.9598,-24.222,-24.222,408.644,508.644,6900.0
0.9599,-23.512,-23.512,408.486,508.486,6900.0
0.96,-22.125,-22.125,408.304,508.304,6900.0
0.9601,-20.953,-20.953,408.062,508.062,6900.0
0.9602,-20.075,-20.075,407.768,507.768,6900.0
0.9603,-19.333,-19.333,407.444,507.444,6900.0
0.9604,-18.623,-18.623,407.104,507.104,6900.0
0.9605,-17.189,-17.189,406.752,506.752,6900.0
0.9606,-15.676,-15.676,406.353,506.353,6900.0
0.9607,-14.663,-14.663,405.909,505.909,6900.0
0.9608,-13.55,-13.55,405.436,505.436,6900.0
0.9609,-12.641,-12.641,404.939,504.939,6900.0
0.961,-11.243,-11.243,404.425,504.425,6900.0
0.9611,-9.85,-9.85,403.879,503.879,6900.0
0.9612,-8.863,-8.863,403.305,503.305,6900.0
0.9613,-7.568,-7.568,402.713,502.713,6900.0
0.9614,-6.376,-6.376,402.102,502.102,6900.0
0.9615,-5.141,-5.141,401.478,501.478,6900.0
0.9616,-3.926,-3.926,400.841,500.841,6900.0
0.9617,-2.619,-2.619,400.193,500.193,6900.0
0.9618,-1.378,-1.378,399.536,499.536,6900.0
0.9619,-0.44,-0.44,398.873,498.873,6900.0
0.962,-0.0,-0.0,398.207,498.207,6900.0
0.9621,-0.0,-0.0,397.54,497.54,6900.0
0.9622,1.94,1.94,396.871,496.871,6900.0
0.9623,2.249,2.249,396.206,496.206,6900.0
0.9624,3.377,3.377,395.544,495.544,6900.0
0.9625,4.487,4.487,394.889,494.889,6900.0
0.9626,5.395,5.395,394.243,494.243,6900.0
0.9627,6.706,6.706,393.603,493.603,6900.0
0.9628,7.965,7.965,392.978,492.978,6900.0
0.9629,9.678,9.678,392.37,492.37,6900.0
0.963,10.981,10.981,391.793,491.793,6900.0
0.9631,11.82,11.82,391.233,491.233,6900.0
0.9632,13.087,13.087,390.682,490.682,6900.0
0.9633,14.703,14.703,390.155,490.155,6900.0
0.9634,16.389,16.389,389.668,489.668,6900.0
0.9635,17.69,17.69,389.236,489.236,6900.0
0.9636,18.612,18.612,388.838,488.838,6900.0
0.9637,19.665,19.665,388.454,488.454,6900.0
0.9638,21.059,21.059,388.098,488.098,6900.0
0.9639,22.401,22.401,387.79,487.79,6900.0
0.964,23.488,23.488,387.537,487.537,6900.0
0.9641,24.393,24.393,387.326,487.326,6900.0
0.9642,25.468,25.468,387.144,487.144,6900.0
0.9643,26.581,26.581,387.002,487.002,6900.0
0.9644,27.702,27.702,386.905,486.905,6900.0
0.9645,28.71,28.71,386.855,486.855,6900.0
0.9646,29.588,29.588,386.85,486.85,6900.0
0.9647,30.475,30.475,386.89,486.89,6900.0
0.9648,31.268,31.268,386.97,486.97,6900.0
0.9649,32.129,32.129,387.083,487.083,6900.0
0.965,33.131,33.131,387.229,487.229,6900.0
0.9651,34.11,34.11,387.421,487.421,6900.0
0.9652,35.183,35.183,387.666,487.666,6900.0
0.9653,35.915,35.915,387.964,487.964,6900.0
0.9654,36.605,36.605,388.293,488.293,6900.0
0.9655,37.374,37.374,388.649,488.649,6900.0
0.9656,37.906,37.906,389.05,489.05,6900.0
0.9657,38.662,38.662,389.49,489.49,6900.0
0.9658,39.153,39.153,389.985,489.985,6900.0
0.9659,39.438,39.438,390.499,490.499,6900.0
0.966,39.971,39.971,391.021,491.021,6900.0
0.9661,40.101,40.101,391.573,491.573,6900.0
0.9662,40.724,40.724,392.133,492.133,6900.0
0.9663,40.985,40.985,392.735,492.735,6900.0
0.9664,41.114,41.114,393.341,493.341,6900.0
0.9665,41.52,41.52,393.948,493.948,6900.0
0.9666,41.655,41.655,394.577,494.577,6900.0
0.9667,42.01,42.01,395.204,495.204,6900.0
0.9668,42.039,42.039,395.868,495.868,6900.0
0.9669,41.954,41.954,396.532,496.532,6900.0
0.967,42.138,42.138,397.198,497.198,6900.0
0.9671,41.827,41.827,397.879,497.879,6900.0
0.9672,41.73,41.73,398.534,498.534,6900.0
0.9673,41.688,41.688,399.195,499.195,6900.0
0.9674,41.311,41.311,399.844,499.844,6900.0
0.9675,41.173,41.173,400.482,500.482,6900.0
0.9676,40.831,40.831,401.108,501.108,6900.0
0.9677,40.318,40.318,401.697,501.697,6900.0
0.9678,39.992,39.992,402.262,502.262,6900.0
0.9679,39.563,39.563,402.803,502.803,6900.0
0.968,39.277,39.277,403.331,503.331,6900.0
0.9681,38.827,38.827,403.847,503.847,6900.0
0.9682,38.4,38.4,404.328,504.328,6900.0
0.9683,37.942,37.942,404.782,504.782,6900.0
0.9684,37.282,37.282,405.212,505.212,6900.0
0.9685,36.713,36.713,405.62,505.62,6900.0
0.9686,36.002,36.002,406.0,506.0,6900.0
0.9687,35.185,35.185,406.34,506.34,6900.0
0.9688,34.474,34.474,406.632,506.632,6900.0
0.9689,33.874,33.874,406.883,506.883,6900.0
0.969,33.153,33.153,407.102,507.102,6900.0
0.9691,32.305,32.305,407.284,507.284,6900.0
0.9692,31.527,31.527,407.428,507.428,6900.0
0.9693,30.614,30.614,407.538,507.538,6900.0
0.9694,29.635,29.635,407.604,507.604,6900.0
0.9695,28.657,28.657,407.62,507.62,6900.0
0.9696,27.424,27.424,407.599,507.599,6900.0
0.9697,26.588,26.588,407.539,507.539,6900.0
0.9698,25.651,25.651,407.456,507.456,6900.0
0.9699,24.432,24.432,407.331,507.331,6900.0
0.97,23.4,23.4,407.143,507.143,6900.0
0.9701,22.594,22.594,406.911,506.911,6900.0
0.9702,21.879,21.879,406.656,506.656,6900.0
0.9703,20.859,20.859,406.392,506.392,6900.0
0.9704,19.267,19.267,406.093,506.093,6900.0
0.9705,18.044,18.044,405.73,505.73,6900.0
0.9706,17.067,17.067,405.327,505.327,6900.0
0.9707,16.15,16.15,404.892,504.892,6900.0
0.9708,15.049,15.049,404.442,504.442,6900.0
0.9709,13.626,13.626,403.964,503.964,6900.0
0.971,12.132,12.132,403.448,503.448,6900.0
0.9711,10.931,10.931,402.906,502.906,6900.0
0.9712,9.597,9.597,402.341,502.341,6900.0
0.9713,8.438,8.438,401.76,501.76,6900.0
0.9714,7.108,7.108,401.162,501.162,6900.0
0.9715,5.584,5.584,400.544,500.544,6900.0
0.9716,4.101,4.101,399.909,499.909,6900.0
0.9717,2.629,2.629,399.261,499.261,6900.0
0.9718,1.592,1.592,398.602,498.602,6900.0
0.9719,0.508,0.508,397.938,497.938,6900.0
0.972,-0.0,-0.0,397.271,497.271,6900.0
0.9721,0.0,0.0,396.602,496.602,6900.0
0.9722,-2.856,-2.856,395.932,495.932,6900.0
0.9723,-2.56,-2.56,395.269,495.269,6900.0
0.9724,-3.29,-3.29,394.607,494.607,6900.0
0.9725,-4.454,-4.454,393.948,493.948,6900.0
0.9726,-5.945,-5.945,393.297,493.297,6900.0
0.9727,-7.262,-7.262,392.656,492.656,6900.0
0.9728,-8.797,-8.797,392.035,492.035,6900.0
0.9729,-9.936,-9.936,391.432,491.432,6900.0
0.973,-11.068,-11.068,390.841,490.841,6900.0
0.9731,-12.813,-12.813,390.266,490.266,6900.0
0.9732,-14.216,-14.216,389.726,489.726,6900.0
0.9733,-15.741,-15.741,389.23,489.23,6900.0
0.9734,-16.566,-16.566,388.778,488.778,6900.0
0.9735,-17.527,-17.527,388.338,488.338,6900.0
0.9736,-19.114,-19.114,387.916,487.916,6900.0
0.9737,-20.705,-20.705,387.535,487.535,6900.0
0.9738,-22.238,-22.238,387.21,487.21,6900.0
0.9739,-23.366,-23.366,386.936,486.936,6900.0
0.974,-24.47,-24.47,386.694,486.694,6900.0
0.9741,-25.701,-25.701,386.482,486.482,6900.0
0.9742,-26.893,-26.893,386.314,486.314,6900.0
0.9743,-28.217,-28.217,386.194,486.194,6900.0
0.9744,-29.329,-29.329,386.129,486.129,6900.0
0.9745,-30.306,-30.306,386.115,486.115,6900.0
0.9746,-31.498,-31.498,386.148,486.148,6900.0
0.9747,-32.535,-32.535,386.229,486.229,6900.0
0.9748,-33.463,-33.463,386.354,486.354,6900.0
0.9749,-34.44,-34.44,386.523,486.523,6900.0
0.975,-35.39,-35.39,386.737,486.737,6900.0
0.9751,-36.327,-36.327,387.005,487.005,6900.0
0.9752,-37.113,-37.113,387.314,487.314,6900.0
0.9753,-37.892,-37.892,387.647,487.647,6900.0
0.9754,-38.783,-38.783,388.019,488.019,6900.0
0.9755,-39.68,-39.68,388.432,488.432,6900.0
0.9756,-40.275,-40.275,388.909,488.909,6900.0
0.9757,-40.586,-40.586,389.423,489.423,6900.0
0.9758,-41.211,-41.211,389.945,489.945,6900.0
0.9759,-41.922,-41.922,390.504,490.504,6900.0
0.976,-42.394,-42.394,391.095,491.095,6900.0
0.9761,-42.912,-42.912,391.732,491.732,6900.0
0.9762,-43.186,-43.186,392.399,492.399,6900.0
0.9763,-43.222,-43.222,393.067,493.067,6900.0
0.9764,-43.487,-43.487,393.745,493.745,6900.0
0.9765,-43.55,-43.55,394.429,494.429,6900.0
0.9766,-43.961,-43.961,395.125,495.125,6900.0
0.9767,-44.108,-44.108,395.843,495.843,6900.0
0.9768,-44.153,-44.153,396.556,496.556,6900.0
0.9769,-44.139,-44.139,397.285,497.285,6900.0
0.977,-43.954,-43.954,398.008,498.008,6900.0
0.9771,-44.157,-44.157,398.723,498.723,6900.0
0.9772,-43.954,-43.954,399.456,499.456,6900.0
0.9773,-43.912,-43.912,400.174,500.174,6900.0
0.9774,-43.539,-43.539,400.904,500.904,6900.0
0.9775,-43.051,-43.051,401.61,501.61,6900.0
0.9776,-42.94,-42.94,402.279,502.279,6900.0
0.9777,-42.703,-42.703,402.94,502.94,6900.0
0.9778,-42.307,-42.307,403.58,503.58,6900.0
0.9779,-41.789,-41.789,404.208,504.208,6900.0
0.978,-41.241,-41.241,404.802,504.802,6900.0
0.9781,-40.727,-40.727,405.352,505.352,6900.0
0.9782,-40.154,-40.154,405.881,505.881,6900.0
0.9783,-39.818,-39.818,406.381,506.381,6900.0
0.9784,-39.191,-39.191,406.872,506.872,6900.0
0.9785,-38.511,-38.511,407.332,507.332,6900.0
0.9786,-37.861,-37.861,407.747,507.747,6900.0
0.9787,-37.212,-37.212,408.128,508.128,6900.0
0.9788,-36.546,-36.546,408.474,508.474,6900.0
0.9789,-35.634,-35.634,408.789,508.789,6900.0
0.979,-34.755,-34.755,409.061,509.061,6900.0
0.9791,-33.785,-33.785,409.29,509.29,6900.0
0.9792,-32.769,-32.769,409.471,509.471,6900.0
0.9793,-31.789,-31.789,409.603,509.603,6900.0
0.9794,-30.894,-30.894,409.688,509.688,6900.0
0.9795,-30.097,-30.097,409.737,509.737,6900.0
0.9796,-29.057,-29.057,409.759,509.759,6900.0
0.9797,-27.888,-27.888,409.742,509.742,6900.0
0.9798,-26.418,-26.418,409.673,509.673,6900.0
0.9799,-25.518,-25.518,409.543,509.543,6900.0
0.98,-24.519,-24.519,409.381,509.381,6900.0
0.9801,-23.836,-23.836,409.196,509.196,6900.0
0.9802,-22.569,-22.569,408.991,508.991,6900.0
0.9803,-21.105,-21.105,408.726,508.726,6900.0
0.9804,-20.026,-20.026,408.398,508.398,6900.0
0.9805,-19.139,-19.139,408.033,508.033,6900.0
0.9806,-18.009,-18.009,407.648,507.648,6900.0
0.9807,-16.61,-16.61,407.244,507.244,6900.0
0.9808,-15.132,-15.132,406.802,506.802,6900.0
0.9809,-14.27,-14.27,406.321,506.321,6900.0
0.981,-12.882,-12.882,405.822,505.822,6900.0
0.9811,-11.754,-11.754,405.298,505.298,6900.0
0.9812,-10.302,-10.302,404.757,504.757,6900.0
0.9813,-8.876,-8.876,404.189,504.189,6900.0
0.9814,-7.634,-7.634,403.595,503.595,6900.0
0.9815,-6.084,-6.084,402.983,502.983,6900.0
0.9816,-4.649,-4.649,402.353,502.353,6900.0
0.9817,-3.321,-3.321,401.709,501.709,6900.0
0.9818,-2.002,-2.002,401.056,501.056,6900.0
0.9819,-0.732,-0.732,400.397,500.397,6900.0
0.982,-0.0,-0.0,399.734,499.734,6900.0
0.9821,-0.0,-0.0,399.069,499.069,6900.0
0.9822,1.241,1.241,398.404,498.404,6900.0
0.9823,2.089,2.089,397.74,497.74,6900.0
0.9824,3.398,3.398,397.078,497.078,6900.0
0.9825,4.519,4.519,396.422,496.422,6900.0
0.9826,5.874,5.874,395.774,495.774,6900.0
0.9827,7.076,7.076,395.142,495.142,6900.0
0.9828,8.176,8.176,394.523,494.523,6900.0
0.9829,9.649,9.649,393.913,493.913,6900.0
0.983,11.258,11.258,393.326,493.326,6900.0
0.9831,12.919,12.919,392.768,492.768,6900.0
0.9832,14.221,14.221,392.252,492.252,6900.0
0.9833,15.346,15.346,391.758,491.758,6900.0
0.9834,16.918,16.918,391.277,491.277,6900.0
0.9835,18.546,18.546,390.828,490.828,6900.0
0.9836,20.173,20.173,390.428,490.428,6900.0
0.9837,21.498,21.498,390.09,490.09,6900.0
0.9838,22.312,22.312,389.791,489.791,6900.0
0.9839,23.483,23.483,389.508,489.508,6900.0
0.984,24.783,24.783,389.257,489.257,6900.0
0.9841,26.26,26.26,389.051,489.051,6900.0
0.9842,27.504,27.504,388.902,488.902,6900.0
0.9843,28.295,28.295,388.803,488.803,6900.0
0.9844,29.268,29.268,388.737,488.737,6900.0
0.9845,30.195,30.195,388.715,488.715,6900.0
0.9846,31.402,31.402,388.734,488.734,6900.0
0.9847,32.55,32.55,388.804,488.804,6900.0
0.9848,33.578,33.578,388.929,488.929,6900.0
0.9849,34.501,34.501,389.111,489.111,6900.0
0.985,35.387,35.387,389.34,489.34,6900.0
0.9851,36.163,36.163,389.602,489.602,6900.0
0.9852,36.976,36.976,389.892,489.892,6900.0
0.9853,37.685,37.685,390.222,490.222,6900.0
0.9854,38.705,38.705,390.593,490.593,6900.0
0.9855,39.347,39.347,391.019,491.019,6900.0
0.9856,39.863,39.863,391.468,491.468,6900.0
0.9857,40.793,40.793,391.934,491.934,6900.0
0.9858,41.38,41.38,392.451,492.451,6900.0
0.9859,42.212,42.212,393.007,493.007,6900.0
0.986,42.516,42.516,393.627,493.627,6900.0
0.9861,42.499,42.499,394.263,494.263,6900.0
0.9862,42.975,42.975,394.898,494.898,6900.0
0.9863,43.014,43.014,395.564,495.564,6900.0
0.9864,43.492,43.492,396.228,496.228,6900.0
0.9865,43.628,43.628,396.929,496.929,6900.0
0.9866,43.483,43.483,397.628,497.628,6900.0
0.9867,43.825,43.825,398.315,498.315,6900.0
0.9868,43.855,43.855,399.016,499.016,6900.0
0.9869,43.976,43.976,399.708,499.708,6900.0
0.987,44.041,44.041,400.423,500.423,6900.0
0.9871,43.754,43.754,401.138,501.138,6900.0
0.9872,43.922,43.922,401.849,501.849,6900.0
0.9873,43.585,43.585,402.575,502.575,6900.0
0.9874,43.245,43.245,403.274,503.274,6900.0
0.9875,43.137,43.137,403.964,503.964,6900.0
0.9876,42.675,42.675,404.642,504.642,6900.0
0.9877,42.591,42.591,405.302,505.302,6900.0
0.9878,42.03,42.03,405.953,505.953,6900.0
0.9879,41.384,41.384,406.559,506.559,6900.0
0.988,41.2,41.2,407.127,507.127,6900.0
0.9881,40.638,40.638,407.676,507.676,6900.0
0.9882,40.252,40.252,408.206,508.206,6900.0
0.9883,39.589,39.589,408.717,508.717,6900.0
0.9884,38.641,38.641,409.19,509.19,6900.0
0.9885,38.211,38.211,409.616,509.616,6900.0
0.9886,37.34,37.34,410.02,510.02,6900.0
0.9887,36.592,36.592,410.393,510.393,6900.0
0.9888,35.833,35.833,410.73,510.73,6900.0
0.9889,34.885,34.885,411.03,511.03,6900.0
0.989,33.938,33.938,411.281,511.281,6900.0
0.9891,33.209,33.209,411.486,511.486,6900.0
0.9892,32.304,32.304,411.651,511.651,6900.0
0.9893,31.494,31.494,411.775,511.775,6900.0
0.9894,30.773,30.773,411.862,511.862,6900.0
0.9895,29.66,29.66,411.921,511.921,6900.0
0.9896,28.491,28.491,411.93,511.93,6900.0
0.9897,27.333,27.333,411.883,511.883,6900.0
0.9898,26.289,26.289,411.791,511.791,6900.0
0.9899,25.546,25.546,411.669,511.669,6900.0
0.99,24.421,24.421,411.532,511.532,6900.0
0.9901,22.989,22.989,411.35,511.35,6900.0
0.9902,21.805,21.805,411.101,511.101,6900.0
0.9903,20.869,20.869,410.809,510.809,6900.0
0.9904,19.98,19.98,410.491,510.491,6900.0
0.9905,18.958,18.958,410.16,510.16,6900.0
0.9906,17.549,17.549,409.798,509.798,6900.0
0.9907,16.108,16.108,409.386,509.386,6900.0
0.9908,14.978,14.978,408.937,508.937,6900.0
0.9909,13.731,13.731,408.459,508.459,6900.0
0.991,12.509,12.509,407.961,507.961,6900.0
0.9911,11.235,11.235,407.437,507.437,6900.0
0.9912,9.688,9.688,406.883,506.883,6900.0
0.9913,8.475,8.475,406.304,506.304,6900.0
0.9914,7.117,7.117,405.706,505.706,6900.0
0.9915,5.736,5.736,405.093,505.093,6900.0
0.9916,4.374,4.374,404.466,504.466,6900.0
0.9917,3.069,3.069,403.825,503.825,6900.0
0.9918,1.612,1.612,403.176,503.176,6900.0
0.9919,0.348,0.348,402.519,502.519,6900.0
0.992,0.0,0.0,401.86,501.86,6900.0
0.9921,0.0,0.0,401.198,501.198,6900.0
0.9922,-1.81,-1.81,400.536,500.536,6900.0
0.9923,-2.536,-2.536,399.877,499.877,6900.0
0.9924,-3.639,-3.639,399.22,499.22,6900.0
0.9925,-5.091,-5.091,398.572,498.572,6900.0
0.9926,-5.897,-5.897,397.935,497.935,6900.0
0.9927,-7.147,-7.147,397.304,497.304,6900.0
0.9928,-8.789,-8.789,396.686,496.686,6900.0
0.9929,-10.174,-10.174,396.087,496.087,6900.0
0.993,-11.647,-11.647,395.515,495.515,6900.0
0.9931,-12.633,-12.633,394.97,494.97,6900.0
0.9932,-13.679,-13.679,394.436,494.436,6900.0
0.9933,-15.182,-15.182,393.919,493.919,6900.0
0.9934,-16.781,-16.781,393.435,493.435,6900.0
0.9935,-18.294,-18.294,393.004,493.004,6900.0
0.9936,-19.339,-19.339,392.622,492.622,6900.0
0.9937,-20.216,-20.216,392.261,492.261,6900.0
0.9938,-21.602,-21.602,391.92,491.92,6900.0
0.9939,-22.985,-22.985,391.619,491.619,6900.0
0.994,-24.302,-24.302,391.371,491.371,6900.0
0.9941,-25.52,-25.52,391.172,491.172,6900.0
0.9942,-26.484,-26.484,391.014,491.014,6900.0
0.9943,-27.586,-27.586,390.889,490.889,6900.0
0.9944,-28.587,-28.587,390.807,490.807,6900.0
0.9945,-29.615,-29.615,390.769,490.769,6900.0
0.9946,-31.043,-31.043,390.775,490.775,6900.0
0.9947,-32.215,-32.215,390.841,490.841,6900.0
0.9948,-33.052,-33.052,390.962,490.962,6900.0
0.9949,-33.851,-33.851,391.123,491.123,6900.0
0.995,-34.587,-34.587,391.315,491.315,6900.0
0.9951,-35.575,-35.575,391.544,491.544,6900.0
0.9952,-36.589,-36.589,391.818,491.818,6900.0
0.9953,-37.318,-37.318,392.152,492.152,6900.0
0.9954,-37.89,-37.89,392.522,492.522,6900.0
0.9955,-38.394,-38.394,392.911,492.911,6900.0
0.9956,-39.176,-39.176,393.331,493.331,6900.0
0.9957,-39.838,-39.838,393.787,493.787,6900.0
0.9958,-40.478,-40.478,394.3,494.3,6900.0
0.9959,-40.743,-40.743,394.85,494.85,6900.0
0.996,-41.186,-41.186,395.401,495.401,6900.0
0.9961,-41.568,-41.568,395.982,495.982,6900.0
0.9962,-41.927,-41.927,396.58,496.58,6900.0
0.9963,-42.353,-42.353,397.211,497.211,6900.0
0.9964,-42.241,-42.241,397.868,497.868,6900.0
0.9965,-42.498,-42.498,398.506,498.506,6900.0
0.9966,-42.629,-42.629,399.164,499.164,6900.0
0.9967,-42.655,-42.655,399.822,499.822,6900.0
0.9968,-42.889,-42.889,400.489,500.489,6900.0
0.9969,-42.758,-42.758,401.176,501.176,6900.0
0.997,-42.633,-42.633,401.85,501.85,6900.0
0.9971,-42.459,-42.459,402.534,502.534,6900.0
0.9972,-42.203,-42.203,403.205,503.205,6900.0
0.9973,-42.205,-42.205,403.859,503.859,6900.0
0.9974,-41.952,-41.952,404.52,504.52,6900.0
0.9975,-41.921,-41.921,405.161,505.161,6900.0
0.9976,-41.519,-41.519,405.808,505.808,6900.0
0.9977,-40.858,-40.858,406.429,506.429,6900.0
0.9978,-40.54,-40.54,407.003,507.003,6900.0
0.9979,-40.175,-40.175,407.563,507.563,6900.0
0.998,-39.885,-39.885,408.098,508.098,6900.0
0.9981,-39.138,-39.138,408.627,508.627,6900.0
0.9982,-38.459,-38.459,409.118,509.118,6900.0
0.9983,-37.851,-37.851,409.563,509.563,6900.0
0.9984,-37.268,-37.268,409.983,509.983,6900.0
0.9985,-36.69,-36.69,410.376,510.376,6900.0
0.9986,-36.141,-36.141,410.749,510.749,6900.0
0.9987,-35.28,-35.28,411.092,511.092,6900.0
0.9988,-34.605,-34.605,411.387,511.387,6900.0
0.9989,-33.924,-33.924,411.646,511.646,6900.0
0.999,-33.228,-33.228,411.867,511.867,6900.0
0.9991,-32.573,-32.573,412.054,512.054,6900.0
0.9992,-31.593,-31.593,412.207,512.207,6900.0
0.9993,-30.692,-30.692,412.32,512.32,6900.0
0.9994,-29.456,-29.456,412.392,512.392,6900.0
0.9995,-28.299,-28.299,412.411,512.411,6900.0
0.9996,-27.585,-27.585,412.379,512.379,6900.0
0.9997,-26.653,-26.653,412.319,512.319,6900.0
0.9998,-25.656,-25.656,412.233,512.233,6900.0
0.9999,-24.272,-24.272,412.115,512.115,6900.0
1.0,-22.867,-22.867,411.938,511.938,6900.0
1.0001,-24.496,-24.496,411.68,411.68,6900.0
1.0002,-25.501,-25.501,411.446,411.446,6900.0
1.0003,-25.028,-25.028,411.231,411.231,6900.0
1.0004,-23.3,-23.3,411.007,411.007,6900.0
1.0005,-21.992,-21.992,410.717,410.717,6900.0
1.0006,-21.218,-21.218,410.372,410.372,6900.0
1.0007,-20.208,-20.208,409.997,409.997,6900.0
1.0008,-18.992,-18.992,409.6,409.6,6900.0
1.0009,-17.263,-17.263,409.182,409.182,6900.0
1.001,-15.565,-15.565,408.722,408.722,6900.0
1.0011,-14.558,-14.558,408.22,408.22,6900.0
1.0012,-12.954,-12.954,407.699,407.699,6900.0
1.0013,-11.482,-11.482,407.153,407.153,6900.0
1.0014,-9.655,-9.655,406.587,406.587,6900.0
1.0015,-7.857,-7.857,405.997,405.997,6900.0
1.0016,-6.067,-6.067,405.384,405.384,6900.0
1.0017,-4.342,-4.342,404.754,404.754,6900.0
1.0018,-2.832,-2.832,404.11,404.11,6900.0
1.0019,-1.238,-1.238,403.458,403.458,6900.0
1.002,-0.498,-0.498,402.8,402.8,6900.0
1.0021,-0.0,-0.0,402.14,402.14,6900.0
1.0022,2.458,2.458,401.48,401.48,6900.0
1.0023,3.195,3.195,400.824,400.824,6900.0
1.0024,4.645,4.645,400.172,400.172,6900.0
1.0025,6.285,6.285,399.527,399.527,6900.0
1.0026,8.404,8.404,398.888,398.888,6900.0
1.0027,10.214,10.214,398.268,398.268,6900.0
1.0028,12.291,12.291,397.667,397.667,6900.0
1.0029,13.959,13.959,397.097,397.097,6900.0
1.003,15.603,15.603,396.547,396.547,6900.0
1.0031,17.703,17.703,396.013,396.013,6900.0
1.0032,19.95,19.95,395.517,395.517,6900.0
1.0033,22.008,22.008,395.075,395.075,6900.0
1.0034,23.622,23.622,394.703,394.703,6900.0
1.0035,25.161,25.161,394.367,394.367,6900.0
1.0036,27.317,27.317,394.048,394.048,6900.0
1.0037,29.753,29.753,393.772,393.772,6900.0
1.0038,31.796,31.796,393.569,393.569,6900.0
1.0039,33.553,33.553,393.446,393.446,6900.0
1.004,35.165,35.165,393.383,393.383,6900.0
1.0041,36.508,36.508,393.366,393.366,6900.0
1.0042,38.519,38.519,393.389,393.389,6900.0
1.0043,40.34,40.34,393.487,393.487,6900.0
1.0044,42.03,42.03,393.659,393.659,6900.0
1.0045,43.845,43.845,393.899,393.899,6900.0
1.0046,45.009,45.009,394.224,394.224,6900.0
1.0047,46.467,46.467,394.601,394.601,6900.0
1.0048,47.979,47.979,395.036,395.036,6900.0
1.0049,49.575,49.575,395.523,395.523,6900.0
1.005,51.238,51.238,396.076,396.076,6900.0
1.0051,52.39,52.39,396.717,396.717,6900.0
1.0052,53.621,53.621,397.416,397.416,6900.0
1.0053,54.692,54.692,398.164,398.164,6900.0
1.0054,56.049,56.049,398.94,398.94,6900.0
1.0055,57.317,57.317,399.782,399.782,6900.0
1.0056,58.141,58.141,400.707,400.707,6900.0
1.0057,59.108,59.108,401.69,401.69,6900.0
1.0058,59.864,59.864,402.714,402.714,6900.0
1.0059,61.096,61.096,403.753,403.753,6900.0
1.006,62.047,62.047,404.853,404.853,6900.0
1.0061,62.71,62.71,406.008,406.008,6900.0
1.0062,63.144,63.144,407.223,407.223,6900.0
1.0063,63.382,63.382,408.451,408.451,6900.0
1.0064,64.136,64.136,409.669,409.669,6900.0
1.0065,64.647,64.647,410.922,410.922,6900.0
1.0066,64.951,64.951,412.187,412.187,6900.0
1.0067,65.277,65.277,413.485,413.485,6900.0
1.0068,65.06,65.06,414.793,414.793,6900.0
1.0069,65.379,65.379,416.082,416.082,6900.0
1.007,65.237,65.237,417.398,417.398,6900.0
1.0071,65.131,65.131,418.69,418.69,6900.0
1.0072,65.131,65.131,419.998,419.998,6900.0
1.0073,64.613,64.613,421.306,421.306,6900.0
1.0074,64.339,64.339,422.597,422.597,6900.0
1.0075,63.91,63.91,423.88,423.88,6900.0
1.0076,63.314,63.314,425.119,425.119,6900.0
1.0077,63.041,63.041,426.325,426.325,6900.0
1.0078,62.336,62.336,427.507,427.507,6900.0
1.0079,61.853,61.853,428.656,428.656,6900.0
1.008,61.325,61.325,429.772,429.772,6900.0
1.0081,60.276,60.276,430.846,430.846,6900.0
1.0082,59.732,59.732,431.86,431.86,6900.0
1.0083,58.792,58.792,432.849,432.849,6900.0
1.0084,58.046,58.046,433.806,433.806,6900.0
1.0085,57.023,57.023,434.735,434.735,6900.0
1.0086,55.574,55.574,435.615,435.615,6900.0
1.0087,54.557,54.557,436.424,436.424,6900.0
1.0088,53.582,53.582,437.182,437.182,6900.0
1.0089,52.441,52.441,437.899,437.899,6900.0
1.009,51.221,51.221,438.563,438.563,6900.0
1.0091,49.772,49.772,439.171,439.171,6900.0
1.0092,48.343,48.343,439.711,439.711,6900.0
1.0093,47.011,47.011,440.183,440.183,6900.0
1.0094,45.666,45.666,440.591,440.591,6900.0
1.0095,44.265,44.265,440.944,440.944,6900.0
1.0096,42.834,42.834,441.25,441.25,6900.0
1.0097,41.18,41.18,441.517,441.517,6900.0
1.0098,39.446,39.446,441.722,441.722,6900.0
1.0099,37.707,37.707,441.852,441.852,6900.0
1.01,36.29,36.29,441.918,441.918,6900.0
1.0101,34.522,34.522,441.952,441.952,6900.0
1.0102,32.637,32.637,441.957,441.957,6900.0
1.0103,30.363,30.363,441.901,441.901,6900.0
1.0104,28.453,28.453,441.748,441.748,6900.0
1.0105,26.948,26.948,441.532,441.532,6900.0
1.0106,24.827,24.827,441.278,441.278,6900.0
1.0107,22.915,22.915,440.995,440.995,6900.0
1.0108,20.873,20.873,440.672,440.672,6900.0
1.0109,18.899,18.899,440.297,440.297,6900.0
1.011,17.313,17.313,439.885,439.885,6900.0
1.0111,15.115,15.115,439.446,439.446,6900.0
1.0112,13.32,13.32,438.98,438.98,6900.0
1.0113,11.365,11.365,438.486,438.486,6900.0
1.0114,9.437,9.437,437.961,437.961,6900.0
1.0115,7.664,7.664,437.411,437.411,6900.0
1.0116,5.976,5.976,436.839,436.839,6900.0
1.0117,4.279,4.279,436.253,436.253,6900.0
1.0118,2.342,2.342,435.655,435.655,6900.0
1.0119,0.783,0.783,435.049,435.049,6900.0
1.012,-0.0,-0.0,434.438,434.438,6900.0
1.0121,0.0,0.0,433.827,433.827,6900.0
1.0122,-2.772,-2.772,433.214,433.214,6900.0
1.0123,-2.894,-2.894,432.607,432.607,6900.0
1.0124,-4.137,-4.137,432.0,432.0,6900.0
1.0125,-5.882,-5.882,431.398,431.398,6900.0
1.0126,-7.402,-7.402,430.806,430.806,6900.0
1.0127,-9.188,-9.188,430.229,430.229,6900.0
1.0128,-10.546,-10.546,429.672,429.672,6900.0
1.0129,-11.963,-11.963,429.127,429.127,6900.0
1.013,-13.997,-13.997,428.6,428.6,6900.0
1.0131,-15.338,-15.338,428.107,428.107,6900.0
1.0132,-17.182,-17.182,427.651,427.651,6900.0
1.0133,-18.301,-18.301,427.238,427.238,6900.0
1.0134,-19.614,-19.614,426.836,426.836,6900.0
1.0135,-21.33,-21.33,426.454,426.454,6900.0
1.0136,-23.029,-23.029,426.114,426.114,6900.0
1.0137,-24.768,-24.768,425.831,425.831,6900.0
1.0138,-25.891,-25.891,425.606,425.606,6900.0
1.0139,-26.724,-26.724,425.408,425.408,6900.0
1.014,-28.078,-28.078,425.229,425.229,6900.0
1.0141,-29.248,-29.248,425.093,425.093,6900.0
1.0142,-30.509,-30.509,425.004,425.004,6900.0
1.0143,-31.625,-31.625,424.967,424.967,6900.0
1.0144,-32.827,-32.827,424.973,424.973,6900.0
1.0145,-33.971,-33.971,425.025,425.025,6900.0
1.0146,-34.902,-34.902,425.124,425.124,6900.0
1.0147,-35.974,-35.974,425.262,425.262,6900.0
1.0148,-36.758,-36.758,425.45,425.45,6900.0
1.0149,-37.615,-37.615,425.68,425.68,6900.0
1.015,-38.583,-38.583,425.956,425.956,6900.0
1.0151,-39.106,-39.106,426.276,426.276,6900.0
1.0152,-39.963,-39.963,426.613,426.613,6900.0
1.0153,-40.612,-40.612,426.991,426.991,6900.0
1.0154,-41.198,-41.198,427.4,427.4,6900.0
1.0155,-41.865,-41.865,427.854,427.854,6900.0
1.0156,-42.018,-42.018,428.344,428.344,6900.0
1.0157,-42.548,-42.548,428.836,428.836,6900.0
1.0158,-42.948,-42.948,429.364,429.364,6900.0
1.0159,-43.189,-43.189,429.914,429.914,6900.0
1.016,-43.755,-43.755,430.502,430.502,6900.0
1.0161,-43.826,-43.826,431.125,431.125,6900.0
1.0162,-44.152,-44.152,431.742,431.742,6900.0
1.0163,-44.076,-44.076,432.388,432.388,6900.0
1.0164,-43.77,-43.77,433.029,433.029,6900.0
1.0165,-43.949,-43.949,433.675,433.675,6900.0
1.0166,-43.486,-43.486,434.337,434.337,6900.0
1.0167,-43.237,-43.237,434.973,434.973,6900.0
1.0168,-42.95,-42.95,435.616,435.616,6900.0
1.0169,-42.4,-42.4,436.244,436.244,6900.0
1.017,-42.437,-42.437,436.857,436.857,6900.0
1.0171,-41.675,-41.675,437.484,437.484,6900.0
1.0172,-41.366,-41.366,438.078,438.078,6900.0
1.0173,-40.877,-40.877,438.677,438.677,6900.0
1.0174,-40.447,-40.447,439.252,439.252,6900.0
1.0175,-40.378,-40.378,439.8,439.8,6900.0
1.0176,-39.598,-39.598,440.349,440.349,6900.0
1.0177,-39.03,-39.03,440.864,440.864,6900.0
1.0178,-38.491,-38.491,441.366,441.366,6900.0
1.0179,-37.678,-37.678,441.838,441.838,6900.0
1.018,-37.282,-37.282,442.264,442.264,6900.0
1.0181,-36.845,-36.845,442.674,442.674,6900.0
1.0182,-36.549,-36.549,443.061,443.061,6900.0
1.0183,-35.931,-35.931,443.441,443.441,6900.0
1.0184,-35.153,-35.153,443.79,443.79,6900.0
1.0185,-34.346,-34.346,444.099,444.099,6900.0
1.0186,-33.636,-33.636,444.378,444.378,6900.0
1.0187,-33.015,-33.015,444.626,444.626,6900.0
1.0188,-32.214,-32.214,444.852,444.852,6900.0
1.0189,-31.338,-31.338,445.044,445.044,6900.0
1.019,-30.517,-30.517,445.197,445.197,6900.0
1.0191,-29.469,-29.469,445.314,445.314,6900.0
1.0192,-28.527,-28.527,445.388,445.388,6900.0
1.0193,-27.335,-27.335,445.425,445.425,6900.0
1.0194,-26.104,-26.104,445.421,445.421,6900.0
1.0195,-25.058,-25.058,445.379,445.379,6900.0
1.0196,-24.183,-24.183,445.301,445.301,6900.0
1.0197,-23.196,-23.196,445.183,445.183,6900.0
1.0198,-22.105,-22.105,445.024,445.024,6900.0
1.0199,-21.339,-21.339,444.832,444.832,6900.0
1.02,-20.48,-20.48,444.622,444.622,6900.0
1.0201,-19.039,-19.039,444.389,444.389,6900.0
1.0202,-17.569,-17.569,444.105,444.105,6900.0
1.0203,-16.755,-16.755,443.771,443.771,6900.0
1.0204,-15.948,-15.948,443.413,443.413,6900.0
1.0205,-15.25,-15.25,443.041,443.041,6900.0
1.0206,-14.163,-14.163,442.657,442.657,6900.0
1.0207,-12.695,-12.695,442.239,442.239,6900.0
1.0208,-12.0,-12.0,441.784,441.784,6900.0
1.0209,-10.88,-10.88,441.313,441.313,6900.0
1.021,-10.11,-10.11,440.821,440.821,6900.0
1.0211,-9.381,-9.381,440.315,440.315,6900.0
1.0212,-8.086,-8.086,439.79,439.79,6900.0
1.0213,-7.19,-7.19,439.243,439.243,6900.0
1.0214,-5.831,-5.831,438.682,438.682,6900.0
1.0215,-4.802,-4.802,438.106,438.106,6900.0
1.0216,-3.747,-3.747,437.52,437.52,6900.0
1.0217,-2.685,-2.685,436.926,436.926,6900.0
1.0218,-1.546,-1.546,436.324,436.324,6900.0
1.0219,-0.67,-0.67,435.718,435.718,6900.0
1.022,-0.0,-0.0,435.109,435.109,6900.0
1.0221,-0.0,-0.0,434.498,434.498,6900.0
1.0222,1.672,1.672,433.887,433.887,6900.0
1.0223,2.668,2.668,433.276,433.276,6900.0
1.0224,2.574,2.574,432.67,432.67,6900.0
1.0225,3.425,3.425,432.066,432.066,6900.0
1.0226,4.197,4.197,431.471,431.471,6900.0
1.0227,4.921,4.921,430.882,430.882,6900.0
1.0228,6.398,6.398,430.299,430.299,6900.0
1.0229,7.473,7.473,429.733,429.733,6900.0
1.023,8.69,8.69,429.182,429.182,6900.0
1.0231,9.748,9.748,428.655,428.655,6900.0
1.0232,10.144,10.144,428.141,428.141,6900.0
1.0233,11.034,11.034,427.631,427.631,6900.0
1.0234,12.043,12.043,427.14,427.14,6900.0
1.0235,13.087,13.087,426.677,426.677,6900.0
1.0236,13.978,13.978,426.252,426.252,6900.0
1.0237,14.215,14.215,425.849,425.849,6900.0
1.0238,14.709,14.709,425.452,425.452,6900.0
1.0239,15.333,15.333,425.072,425.072,6900.0
1.024,15.89,15.89,424.718,424.718,6900.0
1.0241,16.441,16.441,424.393,424.393,6900.0
1.0242,16.585,16.585,424.092,424.092,6900.0
1.0243,17.186,17.186,423.797,423.797,6900.0
1.0244,17.774,17.774,423.528,423.528,6900.0
1.0245,17.968,17.968,423.28,423.28,6900.0
1.0246,18.904,18.904,423.05,423.05,6900.0
1.0247,19.157,19.157,422.852,422.852,6900.0
1.0248,19.7,19.7,422.672,422.672,6900.0
1.0249,19.798,19.798,422.52,422.52,6900.0
1.025,19.718,19.718,422.378,422.378,6900.0
1.0251,20.44,20.44,422.245,422.245,6900.0
1.0252,20.321,20.321,422.139,422.139,6900.0
1.0253,20.603,20.603,422.044,422.044,6900.0
1.0254,20.609,20.609,421.972,421.972,6900.0
1.0255,20.193,20.193,421.904,421.904,6900.0
1.0256,20.589,20.589,421.83,421.83,6900.0
1.0257,20.088,20.088,421.772,421.772,6900.0
1.0258,20.617,20.617,421.709,421.709,6900.0
1.0259,20.785,20.785,421.679,421.679,6900.0
1.026,20.185,20.185,421.65,421.65,6900.0
1.0261,21.03,21.03,421.612,421.612,6900.0
1.0262,20.632,20.632,421.599,421.599,6900.0
1.0263,20.694,20.694,421.576,421.576,6900.0
1.0264,20.417,20.417,421.57,421.57,6900.0
1.0265,19.608,19.608,421.554,421.554,6900.0
1.0266,19.871,19.871,421.522,421.522,6900.0
1.0267,19.255,19.255,421.495,421.495,6900.0
1.0268,19.669,19.669,421.443,421.443,6900.0
1.0269,19.798,19.798,421.42,421.42,6900.0
1.027,19.147,19.147,421.393,421.393,6900.0
1.0271,19.626,19.626,421.355,421.355,6900.0
1.0272,19.052,19.052,421.325,421.325,6900.0
1.0273,19.038,19.038,421.265,421.265,6900.0
1.0274,18.909,18.909,421.216,421.216,6900.0
1.0275,18.154,18.154,421.155,421.155,6900.0
1.0276,18.521,18.521,421.081,421.081,6900.0
1.0277,17.745,17.745,421.012,421.012,6900.0
1.0278,17.528,17.528,420.906,420.906,6900.0
1.0279,17.467,17.467,420.8,420.8,6900.0
1.028,16.37,16.37,420.678,420.678,6900.0
1.0281,16.948,16.948,420.538,420.538,6900.0
1.0282,16.151,16.151,420.399,420.399,6900.0
1.0283,15.777,15.777,420.223,420.223,6900.0
1.0284,15.496,15.496,420.037,420.037,6900.0
1.0285,14.506,14.506,419.831,419.831,6900.0
1.0286,15.264,15.264,419.608,419.608,6900.0
1.0287,14.717,14.717,419.392,419.392,6900.0
1.0288,14.438,14.438,419.147,419.147,6900.0
1.0289,13.991,13.991,418.893,418.893,6900.0
1.029,13.137,13.137,418.618,418.618,6900.0
1.0291,13.775,13.775,418.326,418.326,6900.0
1.0292,13.035,13.035,418.032,418.032,6900.0
1.0293,13.044,13.044,417.712,417.712,6900.0
1.0294,12.699,12.699,417.39,417.39,6900.0
1.0295,11.602,11.602,417.044,417.044,6900.0
1.0296,11.964,11.964,416.668,416.668,6900.0
1.0297,11.257,11.257,416.284,416.284,6900.0
1.0298,11.056,11.056,415.879,415.879,6900.0
1.0299,10.293,10.293,415.469,415.469,6900.0
1.03,9.092,9.092,415.031,415.031,6900.0
1.0301,9.161,9.161,414.561,414.561,6900.0
1.0302,8.881,8.881,414.08,414.08,6900.0
1.0303,8.7,8.7,413.59,413.59,6900.0
1.0304,8.131,8.131,413.1,413.1,6900.0
1.0305,6.905,6.905,412.589,412.589,6900.0
1.0306,6.49,6.49,412.049,412.049,6900.0
1.0307,5.935,5.935,411.493,411.493,6900.0
1.0308,5.566,5.566,410.921,410.921,6900.0
1.0309,4.845,4.845,410.341,410.341,6900.0
1.031,3.937,3.937,409.747,409.747,6900.0
1.0311,3.306,3.306,409.135,409.135,6900.0
1.0312,2.608,2.608,408.513,408.513,6900.0
1.0313,2.56,2.56,407.881,407.881,6900.0
1.0314,2.105,2.105,407.248,407.248,6900.0
1.0315,1.114,1.114,406.607,406.607,6900.0
1.0316,0.728,0.728,405.96,405.96,6900.0
1.0317,0.105,0.105,405.309,405.309,6900.0
1.0318,0.367,0.367,404.658,404.658,6900.0
1.0319,-0.0,-0.0,404.002,404.002,6900.0
1.032,-0.0,-0.0,403.344,403.344,6900.0
1.0321,0.0,0.0,402.685,402.685,6900.0
1.0322,-2.205,-2.205,402.026,402.026,6900.0
1.0323,-2.146,-2.146,401.37,401.37,6900.0
1.0324,-2.91,-2.91,400.716,400.716,6900.0
1.0325,-3.406,-3.406,400.068,400.068,6900.0
1.0326,-3.878,-3.878,399.422,399.422,6900.0
1.0327,-4.66,-4.66,398.781,398.781,6900.0
1.0328,-5.662,-5.662,398.149,398.149,6900.0
1.0329,-6.505,-6.505,397.532,397.532,6900.0
1.033,-6.913,-6.913,396.928,396.928,6900.0
1.0331,-7.244,-7.244,396.328,396.328,6900.0
1.0332,-8.154,-8.154,395.736,395.736,6900.0
1.0333,-9.103,-9.103,395.164,395.164,6900.0
1.0334,-9.908,-9.908,394.621,394.621,6900.0
1.0335,-10.068,-10.068,394.103,394.103,6900.0
1.0336,-10.632,-10.632,393.587,393.587,6900.0
1.0337,-11.268,-11.268,393.084,393.084,6900.0
1.0338,-12.24,-12.24,392.6,392.6,6900.0
1.0339,-13.04,-13.04,392.151,392.151,6900.0
1.034,-13.384,-13.384,391.73,391.73,6900.0
1.0341,-13.87,-13.87,391.324,391.324,6900.0
1.0342,-14.416,-14.416,390.933,390.933,6900.0
1.0343,-15.092,-15.092,390.564,390.564,6900.0
1.0344,-15.732,-15.732,390.226,390.226,6900.0
1.0345,-16.06,-16.06,389.914,389.914,6900.0
1.0346,-17.064,-17.064,389.624,389.624,6900.0
1.0347,-17.601,-17.601,389.367,389.367,6900.0
1.0348,-18.183,-18.183,389.13,389.13,6900.0
1.0349,-18.58,-18.58,388.918,388.918,6900.0
1.035,-18.933,-18.933,388.728,388.728,6900.0
1.0351,-19.973,-19.973,388.562,388.562,6900.0
1.0352,-20.318,-20.318,388.437,388.437,6900.0
1.0353,-20.698,-20.698,388.33,388.33,6900.0
1.0354,-20.92,-20.92,388.238,388.238,6900.0
1.0355,-21.208,-21.208,388.165,388.165,6900.0
1.0356,-22.165,-22.165,388.109,388.109,6900.0
1.0357,-22.425,-22.425,388.099,388.099,6900.0
1.0358,-22.621,-22.621,388.1,388.1,6900.0
1.0359,-22.928,-22.928,388.11,388.11,6900.0
1.036,-22.965,-22.965,388.139,388.139,6900.0
1.0361,-24.01,-24.01,388.177,388.177,6900.0
1.0362,-24.427,-24.427,388.26,388.26,6900.0
1.0363,-24.209,-24.209,388.361,388.361,6900.0
1.0364,-24.04,-24.04,388.452,388.452,6900.0
1.0365,-24.0,-24.0,388.548,388.548,6900.0
1.0366,-24.85,-24.85,388.644,388.644,6900.0
1.0367,-25.258,-25.258,388.774,388.774,6900.0
1.0368,-25.636,-25.636,388.916,388.916,6900.0
1.0369,-25.779,-25.779,389.067,389.067,6900.0
1.037,-25.553,-25.553,389.231,389.231,6900.0
1.0371,-25.599,-25.599,389.385,389.385,6900.0
1.0372,-25.608,-25.608,389.536,389.536,6900.0
1.0373,-25.552,-25.552,389.688,389.688,6900.0
1.0374,-25.689,-25.689,389.837,389.837,6900.0
1.0375,-25.396,-25.396,389.998,389.998,6900.0
1.0376,-25.681,-25.681,390.144,390.144,6900.0
1.0377,-25.607,-25.607,390.282,390.282,6900.0
1.0378,-25.63,-25.63,390.412,390.412,6900.0
1.0379,-25.798,-25.798,390.542,390.542,6900.0
1.038,-25.29,-25.29,390.677,390.677,6900.0
1.0381,-25.267,-25.267,390.785,390.785,6900.0
1.0382,-24.876,-24.876,390.871,390.871,6900.0
1.0383,-24.835,-24.835,390.939,390.939,6900.0
1.0384,-24.576,-24.576,391.002,391.002,6900.0
1.0385,-23.989,-23.989,391.054,391.054,6900.0
1.0386,-23.929,-23.929,391.081,391.081,6900.0
1.0387,-23.346,-23.346,391.087,391.087,6900.0
1.0388,-23.072,-23.072,391.063,391.063,6900.0
1.0389,-22.806,-22.806,391.023,391.023,6900.0
1.039,-22.122,-22.122,390.966,390.966,6900.0
1.0391,-22.009,-22.009,390.88,390.88,6900.0
1.0392,-21.327,-21.327,390.775,390.775,6900.0
1.0393,-20.844,-20.844,390.635,390.635,6900.0
1.0394,-20.377,-20.377,390.468,390.468,6900.0
1.0395,-19.789,-19.789,390.271,390.271,6900.0
1.0396,-19.508,-19.508,390.05,390.05,6900.0
1.0397,-18.971,-18.971,389.814,389.814,6900.0
1.0398,-18.261,-18.261,389.554,389.554,6900.0
1.0399,-17.497,-17.497,389.259,389.259,6900.0
1.04,-16.822,-16.822,388.927,388.927,6900.0
1.0401,-16.373,-16.373,388.571,388.571,6900.0
1.0402,-15.824,-15.824,388.206,388.206,6900.0
1.0403,-14.635,-14.635,387.823,387.823,6900.0
1.0404,-13.336,-13.336,387.392,387.392,6900.0
1.0405,-12.595,-12.595,386.915,386.915,6900.0
1.0406,-11.981,-11.981,386.411,386.411,6900.0
1.0407,-11.313,-11.313,385.89,385.89,6900.0
1.0408,-10.301,-10.301,385.355,385.355,6900.0
1.0409,-9.157,-9.157,384.792,384.792,6900.0
1.041,-8.399,-8.399,384.202,384.202,6900.0
1.0411,-7.475,-7.475,383.598,383.598,6900.0
1.0412,-6.798,-6.798,382.978,382.978,6900.0
1.0413,-5.703,-5.703,382.347,382.347,6900.0
1.0414,-4.534,-4.534,381.698,381.698,6900.0
1.0415,-3.553,-3.553,381.032,381.032,6900.0
1.0416,-2.549,-2.549,380.353,380.353,6900.0
1.0417,-1.522,-1.522,379.664,379.664,6900.0
1.0418,-0.829,-0.829,378.969,378.969,6900.0
1.0419,-0.149,-0.149,378.269,378.269,6900.0
1.042,0.0,0.0,377.566,377.566,6900.0
1.0421,-0.0,-0.0,376.863,376.863,6900.0
1.0422,1.616,1.616,376.159,376.159,6900.0
1.0423,1.93,1.93,375.457,375.457,6900.0
1.0424,2.651,2.651,374.756,374.756,6900.0
1.0425,3.808,3.808,374.057,374.057,6900.0
1.0426,4.726,4.726,373.366,373.366,6900.0
1.0427,6.01,6.01,372.684,372.684,6900.0
1.0428,7.106,7.106,372.018,372.018,6900.0
1.0429,8.032,8.032,371.365,371.365,6900.0
1.043,9.34,9.34,370.722,370.722,6900.0
1.0431,10.853,10.853,370.105,370.105,6900.0
1.0432,12.418,12.418,369.518,369.518,6900.0
1.0433,13.649,13.649,368.976,368.976,6900.0
1.0434,14.392,14.392,368.46,368.46,6900.0
1.0435,15.669,15.669,367.952,367.952,6900.0
1.0436,17.098,17.098,367.473,367.473,6900.0
1.0437,18.643,18.643,367.04,367.04,6900.0
1.0438,19.854,19.854,366.665,366.665,6900.0
1.0439,20.746,20.746,366.328,366.328,6900.0
1.044,21.821,21.821,366.011,366.011,6900.0
1.0441,23.088,23.088,365.725,365.725,6900.0
1.0442,24.503,24.503,365.486,365.486,6900.0
1.0443,25.437,25.437,365.307,365.307,6900.0
1.0444,26.481,26.481,365.172,365.172,6900.0
1.0445,27.748,27.748,365.08,365.08,6900.0
1.0446,28.889,28.889,365.04,365.04,6900.0
1.0447,30.121,30.121,365.049,365.049,6900.0
1.0448,31.061,31.061,365.112,365.112,6900.0
1.0449,31.943,31.943,365.22,365.22,6900.0
1.045,33.102,33.102,365.379,365.379,6900.0
1.0451,33.918,33.918,365.593,365.593,6900.0
1.0452,34.761,34.761,365.839,365.839,6900.0
1.0453,35.816,35.816,366.116,366.116,6900.0
1.0454,36.739,36.739,366.443,366.443,6900.0
1.0455,37.931,37.931,366.821,366.821,6900.0
1.0456,38.316,38.316,367.267,367.267,6900.0
1.0457,38.963,38.963,367.728,367.728,6900.0
1.0458,39.678,39.678,368.216,368.216,6900.0
1.0459,40.255,40.255,368.746,368.746,6900.0
1.046,41.295,41.295,369.314,369.314,6900.0
1.0461,41.776,41.776,369.949,369.949,6900.0
1.0462,42.253,42.253,370.601,370.601,6900.0
1.0463,42.866,42.866,371.27,371.27,6900.0
1.0464,43.086,43.086,371.969,371.969,6900.0
1.0465,43.797,43.797,372.67,372.67,6900.0
1.0466,43.937,43.937,373.421,373.421,6900.0
1.0467,44.18,44.18,374.169,374.169,6900.0
1.0468,44.526,44.526,374.926,374.926,6900.0
1.0469,44.525,44.525,375.698,375.698,6900.0
1.047,45.026,45.026,376.455,376.455,6900.0
1.0471,44.872,44.872,377.254,377.254,6900.0
1.0472,44.928,44.928,378.04,378.04,6900.0
1.0473,44.945,44.945,378.837,378.837,6900.0
1.0474,44.776,44.776,379.632,379.632,6900.0
1.0475,44.809,44.809,380.396,380.396,6900.0
1.0476,44.381,44.381,381.163,381.163,6900.0
1.0477,44.137,44.137,381.901,381.901,6900.0
1.0478,43.922,43.922,382.633,382.633,6900.0
1.0479,43.415,43.415,383.347,383.347,6900.0
1.048,43.168,43.168,384.015,384.015,6900.0
1.0481,43.024,43.024,384.657,384.657,6900.0
1.0482,43.003,43.003,385.278,385.278,6900.0
1.0483,42.62,42.62,385.902,385.902,6900.0
1.0484,42.047,42.047,386.499,386.499,6900.0
1.0485,41.646,41.646,387.053,387.053,6900.0
1.0486,40.595,40.595,387.576,387.576,6900.0
1.0487,40.107,40.107,388.048,388.048,6900.0
1.0488,39.449,39.449,388.501,388.501,6900.0
1.0489,38.687,38.687,388.916,388.916,6900.0
1.049,38.121,38.121,389.285,389.285,6900.0
1.0491,37.188,37.188,389.615,389.615,6900.0
1.0492,36.553,36.553,389.894,389.894,6900.0
1.0493,35.488,35.488,390.137,390.137,6900.0
1.0494,34.621,34.621,390.325,390.325,6900.0
1.0495,33.968,33.968,390.472,390.472,6900.0
1.0496,32.754,32.754,390.591,390.591,6900.0
1.0497,31.855,31.855,390.651,390.651,6900.0
1.0498,30.754,30.754,390.657,390.657,6900.0
1.0499,29.898,29.898,390.61,390.61,6900.0
1.05,29.261,29.261,390.532,390.532,6900.0
1.0501,28.068,28.068,390.442,390.442,6900.0
1.0502,26.624,26.624,390.302,390.302,6900.0
1.0503,25.351,25.351,390.087,390.087,6900.0
1.0504,24.347,24.347,389.818,389.818,6900.0
1.0505,23.593,23.593,389.517,389.517,6900.0
1.0506,22.268,22.268,389.21,389.21,6900.0
1.0507,20.901,20.901,388.864,388.864,6900.0
1.0508,19.113,19.113,388.465,388.465,6900.0
1.0509,17.763,17.763,388.019,388.019,6900.0
1.051,16.559,16.559,387.536,387.536,6900.0
1.0511,14.961,14.961,387.033,387.033,6900.0
1.0512,13.255,13.255,386.498,386.498,6900.0
1.0513,11.475,11.475,385.926,385.926,6900.0
1.0514,9.856,9.856,385.323,385.323,6900.0
1.0515,8.261,8.261,384.695,384.695,6900.0
1.0516,6.611,6.611,384.05,384.05,6900.0
1.0517,5.006,5.006,383.387,383.387,6900.0
1.0518,3.234,3.234,382.711,382.711,6900.0
1.0519,1.707,1.707,382.024,382.024,6900.0
1.052,1.241,1.241,381.33,381.33,6900.0
1.0521,0.0,0.0,380.634,380.634,6900.0
1.0522,-1.656,-1.656,379.936,379.936,6900.0
1.0523,-1.802,-1.802,379.239,379.239,6900.0
1.0524,-3.76,-3.76,378.545,378.545,6900.0
1.0525,-4.794,-4.794,377.857,377.857,6900.0
1.0526,-6.27,-6.27,377.182,377.182,6900.0
1.0527,-7.642,-7.642,376.52,376.52,6900.0
1.0528,-9.014,-9.014,375.871,375.871,6900.0
1.0529,-10.935,-10.935,375.238,375.238,6900.0
1.053,-12.742,-12.742,374.631,374.631,6900.0
1.0531,-14.562,-14.562,374.06,374.06,6900.0
1.0532,-16.186,-16.186,373.525,373.525,6900.0
1.0533,-17.618,-17.618,373.01,373.01,6900.0
1.0534,-19.695,-19.695,372.515,372.515,6900.0
1.0535,-21.812,-21.812,372.07,372.07,6900.0
1.0536,-23.56,-23.56,371.698,371.698,6900.0
1.0537,-25.033,-25.033,371.391,371.391,6900.0
1.0538,-26.505,-26.505,371.117,371.117,6900.0
1.0539,-28.182,-28.182,370.878,370.878,6900.0
1.054,-30.176,-30.176,370.69,370.69,6900.0
1.0541,-31.714,-31.714,370.578,370.578,6900.0
1.0542,-33.254,-33.254,370.528,370.528,6900.0
1.0543,-34.558,-34.558,370.534,370.534,6900.0
1.0544,-36.146,-36.146,370.583,370.583,6900.0
1.0545,-37.874,-37.874,370.689,370.689,6900.0
1.0546,-39.276,-39.276,370.867,370.867,6900.0
1.0547,-40.918,-40.918,371.107,371.107,6900.0
1.0548,-42.258,-42.258,371.43,371.43,6900.0
1.0549,-43.418,-43.418,371.822,371.822,6900.0
1.055,-44.895,-44.895,372.267,372.267,6900.0
1.0551,-45.762,-45.762,372.773,372.773,6900.0
1.0552,-47.349,-47.349,373.318,373.318,6900.0
1.0553,-48.605,-48.605,373.939,373.939,6900.0
1.0554,-49.596,-49.596,374.637,374.637,6900.0
1.0555,-50.958,-50.958,375.376,375.376,6900.0
1.0556,-51.14,-51.14,376.169,376.169,6900.0
1.0557,-52.234,-52.234,376.976,376.976,6900.0
1.0558,-52.913,-52.913,377.843,377.843,6900.0
1.0559,-53.661,-53.661,378.77,378.77,6900.0
1.056,-54.502,-54.502,379.738,379.738,6900.0
1.0561,-54.777,-54.777,380.735,380.735,6900.0
1.0562,-55.495,-55.495,381.755,381.755,6900.0
1.0563,-55.825,-55.825,382.814,382.814,6900.0
1.0564,-56.202,-56.202,383.906,383.906,6900.0
1.0565,-56.608,-56.608,385.021,385.021,6900.0
1.0566,-56.314,-56.314,386.14,386.14,6900.0
1.0567,-56.706,-56.706,387.251,387.251,6900.0
1.0568,-56.686,-56.686,388.373,388.373,6900.0
1.0569,-56.999,-56.999,389.492,389.492,6900.0
1.057,-57.13,-57.13,390.63,390.63,6900.0
1.0571,-56.758,-56.758,391.764,391.764,6900.0
1.0572,-56.903,-56.903,392.895,392.895,6900.0
1.0573,-56.365,-56.365,394.032,394.032,6900.0
1.0574,-56.167,-56.167,395.129,395.129,6900.0
1.0575,-56.008,-56.008,396.226,396.226,6900.0
1.0576,-55.524,-55.524,397.306,397.306,6900.0
1.0577,-55.451,-55.451,398.372,398.372,6900.0
1.0578,-54.704,-54.704,399.426,399.426,6900.0
1.0579,-54.161,-54.161,400.414,400.414,6900.0
1.058,-53.851,-53.851,401.373,401.373,6900.0
1.0581,-53.01,-53.01,402.309,402.309,6900.0
1.0582,-52.619,-52.619,403.209,403.209,6900.0
1.0583,-51.995,-51.995,404.079,404.079,6900.0
1.0584,-51.302,-51.302,404.893,404.893,6900.0
1.0585,-50.91,-50.91,405.667,405.667,6900.0
1.0586,-49.712,-49.712,406.422,406.422,6900.0
1.0587,-48.956,-48.956,407.13,407.13,6900.0
1.0588,-47.708,-47.708,407.804,407.804,6900.0
1.0589,-46.541,-46.541,408.413,408.413,6900.0
1.059,-45.802,-45.802,408.961,408.961,6900.0
1.0591,-44.405,-44.405,409.475,409.475,6900.0
1.0592,-43.475,-43.475,409.926,409.926,6900.0
1.0593,-42.344,-42.344,410.335,410.335,6900.0
1.0594,-41.258,-41.258,410.691,410.691,6900.0
1.0595,-40.187,-40.187,410.989,410.989,6900.0
1.0596,-38.604,-38.604,411.231,411.231,6900.0
1.0597,-37.397,-37.397,411.397,411.397,6900.0
1.0598,-36.001,-36.001,411.52,411.52,6900.0
1.0599,-34.647,-34.647,411.602,411.602,6900.0
1.06,-33.131,-33.131,411.644,411.644,6900.0
1.0601,-31.363,-31.363,411.617,411.617,6900.0
1.0602,-30.216,-30.216,411.514,411.514,6900.0
1.0603,-28.778,-28.778,411.379,411.379,6900.0
1.0604,-27.23,-27.23,411.218,411.218,6900.0
1.0605,-25.605,-25.605,411.027,411.027,6900.0
1.0606,-23.491,-23.491,410.774,410.774,6900.0
1.0607,-22.265,-22.265,410.446,410.446,6900.0
1.0608,-20.424,-20.424,410.081,410.081,6900.0
1.0609,-18.951,-18.951,409.672,409.672,6900.0
1.061,-17.247,-17.247,409.236,409.236,6900.0
1.0611,-15.297,-15.297,408.758,408.758,6900.0
1.0612,-13.877,-13.877,408.238,408.238,6900.0
1.0613,-12.314,-12.314,407.695,407.695,6900.0
1.0614,-10.922,-10.922,407.129,407.129,6900.0
1.0615,-9.226,-9.226,406.548,406.548,6900.0
1.0616,-7.38,-7.38,405.947,405.947,6900.0
1.0617,-5.644,-5.644,405.327,405.327,6900.0
1.0618,-3.815,-3.815,404.692,404.692,6900.0
1.0619,-2.012,-2.012,404.045,404.045,6900.0
1.062,-0.373,-0.373,403.39,403.39,6900.0
1.0621,-0.243,-0.243,402.731,402.731,6900.0
1.0622,1.599,1.599,402.072,402.072,6900.0
1.0623,2.197,2.197,401.414,401.414,6900.0
1.0624,3.681,3.681,400.76,400.76,6900.0
1.0625,5.032,5.032,400.114,400.114,6900.0
1.0626,6.064,6.064,399.478,399.478,6900.0
1.0627,7.918,7.918,398.848,398.848,6900.0
1.0628,9.437,9.437,398.237,398.237,6900.0
1.0629,11.378,11.378,397.641,397.641,6900.0
1.063,13.115,13.115,397.076,397.076,6900.0
1.0631,14.62,14.62,396.533,396.533,6900.0
1.0632,16.529,16.529,396.003,396.003,6900.0
1.0633,18.355,18.355,395.511,395.511,6900.0
1.0634,20.476,20.476,395.064,395.064,6900.0
1.0635,22.186,22.186,394.685,394.685,6900.0
1.0636,23.355,23.355,394.35,394.35,6900.0
1.0637,24.948,24.948,394.032,394.032,6900.0
1.0638,26.552,26.552,393.753,393.753,6900.0
1.0639,28.215,28.215,393.532,393.532,6900.0
1.064,29.83,29.83,393.379,393.379,6900.0
1.0641,30.857,30.857,393.284,393.284,6900.0
1.0642,32.133,32.133,393.218,393.218,6900.0
1.0643,33.618,33.618,393.196,393.196,6900.0
1.0644,35.029,35.029,393.229,393.229,6900.0
1.0645,36.382,36.382,393.321,393.321,6900.0
1.0646,37.562,37.562,393.473,393.473,6900.0
1.0647,38.761,38.761,393.68,393.68,6900.0
1.0648,40.07,40.07,393.94,393.94,6900.0
1.0649,41.221,41.221,394.252,394.252,6900.0
1.065,42.567,42.567,394.606,394.606,6900.0
1.0651,43.289,43.289,395.027,395.027,6900.0
1.0652,44.381,44.381,395.499,395.499,6900.0
1.0653,45.234,45.234,396.033,396.033,6900.0
1.0654,45.992,45.992,396.599,396.599,6900.0
1.0655,47.045,47.045,397.189,397.189,6900.0
1.0656,47.381,47.381,397.839,397.839,6900.0
1.0657,48.152,48.152,398.526,398.526,6900.0
1.0658,48.769,48.769,399.266,399.266,6900.0
1.0659,49.107,49.107,400.031,400.031,6900.0
1.066,49.948,49.948,400.799,400.799,6900.0
1.0661,50.119,50.119,401.617,401.617,6900.0
1.0662,50.626,50.626,402.448,402.448,6900.0
1.0663,50.867,50.867,403.329,403.329,6900.0
1.0664,50.78,50.78,404.217,404.217,6900.0
1.0665,51.338,51.338,405.094,405.094,6900.0
1.0666,51.249,51.249,406.005,406.005,6900.0
1.0667,51.59,51.59,406.903,406.903,6900.0
1.0668,51.587,51.587,407.841,407.841,6900.0
1.0669,51.268,51.268,408.774,408.774,6900.0
1.067,51.433,51.433,409.694,409.694,6900.0
1.0671,50.978,50.978,410.629,410.629,6900.0
1.0672,50.718,50.718,411.53,411.53,6900.0
1.0673,50.598,50.598,412.434,412.434,6900.0
1.0674,50.2,50.2,413.325,413.325,6900.0
1.0675,50.273,50.273,414.199,414.199,6900.0
1.0676,49.565,49.565,415.079,415.079,6900.0
1.0677,49.074,49.074,415.908,415.908,6900.0
1.0678,48.763,48.763,416.714,416.714,6900.0
1.0679,48.01,48.01,417.498,417.498,6900.0
1.068,47.623,47.623,418.257,418.257,6900.0
1.0681,46.686,46.686,418.999,418.999,6900.0
1.0682,45.669,45.669,419.691,419.691,6900.0
1.0683,45.166,45.166,420.331,420.331,6900.0
1.0684,44.358,44.358,420.945,420.945,6900.0
1.0685,43.766,43.766,421.528,421.528,6900.0
1.0686,42.661,42.661,422.085,422.085,6900.0
1.0687,41.71,41.71,422.587,422.587,6900.0
1.0688,40.791,40.791,423.037,423.037,6900.0
1.0689,40.002,40.002,423.442,423.442,6900.0
1.069,39.12,39.12,423.812,423.812,6900.0
1.0691,37.894,37.894,424.143,424.143,6900.0
1.0692,36.743,36.743,424.425,424.425,6900.0
1.0693,35.471,35.471,424.662,424.662,6900.0
1.0694,34.172,34.172,424.845,424.845,6900.0
1.0695,33.05,33.05,424.97,424.97,6900.0
1.0696,32.007,32.007,425.049,425.049,6900.0
1.0697,30.883,30.883,425.094,425.094,6900.0
1.0698,29.475,29.475,425.107,425.107,6900.0
1.0699,27.946,27.946,425.067,425.067,6900.0
1.07,26.759,26.759,424.959,424.959,6900.0
1.0701,25.858,25.858,424.805,424.805,6900.0
1.0702,24.849,24.849,424.627,424.627,6900.0
1.0703,23.449,23.449,424.434,424.434,6900.0
1.0704,21.549,21.549,424.195,424.195,6900.0
1.0705,20.007,20.007,423.885,423.885,6900.0
1.0706,19.027,19.027,423.526,423.526,6900.0
1.0707,18.039,18.039,423.137,423.137,6900.0
1.0708,16.713,16.713,422.735,422.735,6900.0
1.0709,14.967,14.967,422.304,422.304,6900.0
1.071,13.311,13.311,421.831,421.831,6900.0
1.0711,12.435,12.435,421.328,421.328,6900.0
1.0712,11.162,11.162,420.807,420.807,6900.0
1.0713,9.695,9.695,420.27,420.27,6900.0
1.0714,7.843,7.843,419.713,419.713,6900.0
1.0715,6.22,6.22,419.13,419.13,6900.0
1.0716,4.956,4.956,418.529,418.529,6900.0
1.0717,3.465,3.465,417.914,417.914,6900.0
1.0718,2.043,2.043,417.288,417.288,6900.0
1.0719,0.671,0.671,416.655,416.655,6900.0
1.072,0.0,0.0,416.018,416.018,6900.0
1.0721,0.0,0.0,415.379,415.379,6900.0
1.0722,-2.301,-2.301,414.74,414.74,6900.0
1.0723,-2.017,-2.017,414.104,414.104,6900.0
1.0724,-3.155,-3.155,413.469,413.469,6900.0
1.0725,-4.263,-4.263,412.838,412.838,6900.0
1.0726,-5.82,-5.82,412.213,412.213,6900.0
1.0727,-7.326,-7.326,411.599,411.599,6900.0
1.0728,-8.867,-8.867,411.003,411.003,6900.0
1.0729,-10.017,-10.017,410.426,410.426,6900.0
1.073,-11.159,-11.159,409.86,409.86,6900.0
1.0731,-12.852,-12.852,409.312,409.312,6900.0
1.0732,-14.298,-14.298,408.795,408.795,6900.0
1.0733,-15.725,-15.725,408.319,408.319,6900.0
1.0734,-16.701,-16.701,407.882,407.882,6900.0
1.0735,-17.577,-17.577,407.459,407.459,6900.0
1.0736,-18.762,-18.762,407.053,407.053,6900.0
1.0737,-20.212,-20.212,406.68,406.68,6900.0
1.0738,-21.566,-21.566,406.359,406.359,6900.0
1.0739,-22.691,-22.691,406.088,406.088,6900.0
1.074,-23.349,-23.349,405.845,405.845,6900.0
1.0741,-24.599,-24.599,405.618,405.618,6900.0
1.0742,-25.709,-25.709,405.431,405.431,6900.0
1.0743,-27.097,-27.097,405.287,405.287,6900.0
1.0744,-27.994,-27.994,405.197,405.197,6900.0
1.0745,-28.729,-28.729,405.147,405.147,6900.0
1.0746,-29.836,-29.836,405.133,405.133,6900.0
1.0747,-30.64,-30.64,405.167,405.167,6900.0
1.0748,-31.553,-31.553,405.237,405.237,6900.0
1.0749,-32.458,-32.458,405.349,405.349,6900.0
1.075,-33.245,-33.245,405.507,405.507,6900.0
1.0751,-33.975,-33.975,405.71,405.71,6900.0
1.0752,-34.218,-34.218,405.949,405.949,6900.0
1.0753,-34.713,-34.713,406.197,406.197,6900.0
1.0754,-35.431,-35.431,406.473,406.473,6900.0
1.0755,-36.068,-36.068,406.781,406.781,6900.0
1.0756,-36.829,-36.829,407.135,407.135,6900.0
1.0757,-37.151,-37.151,407.524,407.524,6900.0
1.0758,-37.281,-37.281,407.923,407.923,6900.0
1.0759,-37.598,-37.598,408.342,408.342,6900.0
1.076,-37.815,-37.815,408.78,408.78,6900.0
1.0761,-38.477,-38.477,409.253,409.253,6900.0
1.0762,-38.528,-38.528,409.762,409.762,6900.0
1.0763,-38.666,-38.666,410.264,410.264,6900.0
1.0764,-38.752,-38.752,410.784,410.784,6900.0
1.0765,-38.527,-38.527,411.307,411.307,6900.0
1.0766,-39.083,-39.083,411.833,411.833,6900.0
1.0767,-38.764,-38.764,412.384,412.384,6900.0
1.0768,-38.675,-38.675,412.912,412.912,6900.0
1.0769,-38.589,-38.589,413.449,413.449,6900.0
1.077,-38.155,-38.155,413.979,413.979,6900.0
1.0771,-38.329,-38.329,414.495,414.495,6900.0
1.0772,-37.916,-37.916,415.029,415.029,6900.0
1.0773,-37.892,-37.892,415.535,415.535,6900.0
1.0774,-37.609,-37.609,416.058,416.058,6900.0
1.0775,-36.99,-36.99,416.565,416.565,6900.0
1.0776,-36.961,-36.961,417.037,417.037,6900.0
1.0777,-36.377,-36.377,417.508,417.508,6900.0
1.0778,-36.276,-36.276,417.944,417.944,6900.0
1.0779,-35.886,-35.886,418.381,418.381,6900.0
1.078,-35.185,-35.185,418.794,418.794,6900.0
1.0781,-34.701,-34.701,419.162,419.162,6900.0
1.0782,-34.01,-34.01,419.513,419.513,6900.0
1.0783,-33.876,-33.876,419.826,419.826,6900.0
1.0784,-33.424,-33.424,420.142,420.142,6900.0
1.0785,-32.549,-32.549,420.433,420.433,6900.0
1.0786,-31.983,-31.983,420.68,420.68,6900.0
1.0787,-31.176,-31.176,420.901,420.901,6900.0
1.0788,-30.379,-30.379,421.086,421.086,6900.0
1.0789,-29.523,-29.523,421.242,421.242,6900.0
1.079,-28.468,-28.468,421.364,421.364,6900.0
1.0791,-28.014,-28.014,421.44,421.44,6900.0
1.0792,-27.119,-27.119,421.488,421.488,6900.0
1.0793,-26.346,-26.346,421.493,421.493,6900.0
1.0794,-25.578,-25.578,421.464,421.464,6900.0
1.0795,-24.673,-24.673,421.404,421.404,6900.0
1.0796,-23.892,-23.892,421.314,421.314,6900.0
1.0797,-22.828,-22.828,421.192,421.192,6900.0
1.0798,-21.745,-21.745,421.023,421.023,6900.0
1.0799,-20.961,-20.961,420.812,420.812,6900.0
1.08,-20.094,-20.094,420.574,420.574,6900.0
1.0801,-19.496,-19.496,420.316,420.316,6900.0
1.0802,-18.049,-18.049,420.041,420.041,6900.0
1.0803,-16.765,-16.765,419.713,419.713,6900.0
1.0804,-15.896,-15.896,419.336,419.336,6900.0
1.0805,-14.837,-14.837,418.934,418.934,6900.0
1.0806,-14.806,-14.806,418.511,418.511,6900.0
1.0807,-13.554,-13.554,418.085,418.085,6900.0
1.0808,-12.186,-12.186,417.624,417.624,6900.0
1.0809,-11.248,-11.248,417.127,417.127,6900.0
1.081,-10.047,-10.047,416.61,416.61,6900.0
1.0811,-9.265,-9.265,416.071,416.071,6900.0
1.0812,-7.939,-7.939,415.52,415.52,6900.0
1.0813,-6.591,-6.591,414.946,414.946,6900.0
1.0814,-5.597,-5.597,414.35,414.35,6900.0
1.0815,-4.388,-4.388,413.742,413.742,6900.0
1.0816,-3.522,-3.522,413.12,413.12,6900.0
1.0817,-2.38,-2.38,412.491,412.491,6900.0
1.0818,-1.415,-1.415,411.853,411.853,6900.0
1.0819,-0.523,-0.523,411.21,411.21,6900.0
1.082,-0.0,-0.0,410.564,410.564,6900.0
1.0821,-0.0,-0.0,409.917,409.917,6900.0
1.0822,1.983,1.983,409.269,409.269,6900.0
1.0823,1.627,1.627,408.623,408.623,6900.0
1.0824,2.729,2.729,407.977,407.977,6900.0
1.0825,3.56,3.56,407.336,407.336,6900.0
1.0826,4.977,4.977,406.702,406.702,6900.0
1.0827,5.906,5.906,406.081,406.081,6900.0
1.0828,7.081,7.081,405.469,405.469,6900.0
1.0829,8.538,8.538,404.866,404.866,6900.0
1.083,9.647,9.647,404.285,404.285,6900.0
1.0831,11.017,11.017,403.724,403.724,6900.0
1.0832,11.955,11.955,403.196,403.196,6900.0
1.0833,12.665,12.665,402.685,402.685,6900.0
1.0834,13.649,13.649,402.181,402.181,6900.0
1.0835,14.842,14.842,401.702,401.702,6900.0
1.0836,15.985,15.985,401.261,401.261,6900.0
1.0837,16.778,16.778,400.867,400.867,6900.0
1.0838,17.662,17.662,400.497,400.497,6900.0
1.0839,18.884,18.884,400.142,400.142,6900.0
1.084,19.797,19.797,399.817,399.817,6900.0
1.0841,20.713,20.713,399.525,399.525,6900.0
1.0842,21.31,21.31,399.276,399.276,6900.0
1.0843,22.053,22.053,399.051,399.051,6900.0
1.0844,22.911,22.911,398.854,398.854,6900.0
1.0845,23.632,23.632,398.691,398.691,6900.0
1.0846,24.715,24.715,398.563,398.563,6900.0
1.0847,25.374,25.374,398.479,398.479,6900.0
1.0848,25.701,25.701,398.435,398.435,6900.0
1.0849,25.892,25.892,398.42,398.42,6900.0
1.085,26.286,26.286,398.428,398.428,6900.0
1.0851,27.349,27.349,398.456,398.456,6900.0
1.0852,28.024,28.024,398.517,398.517,6900.0
1.0853,28.53,28.53,398.607,398.607,6900.0
1.0854,29.265,29.265,398.729,398.729,6900.0
1.0855,29.53,29.53,398.887,398.887,6900.0
1.0856,30.077,30.077,399.057,399.057,6900.0
1.0857,30.585,30.585,399.244,399.244,6900.0
1.0858,30.969,30.969,399.461,399.461,6900.0
1.0859,31.54,31.54,399.71,399.71,6900.0
1.086,31.596,31.596,400.003,400.003,6900.0
1.0861,31.787,31.787,400.306,400.306,6900.0
1.0862,32.063,32.063,400.617,400.617,6900.0
1.0863,32.361,32.361,400.944,400.944,6900.0
1.0864,32.699,32.699,401.286,401.286,6900.0
1.0865,32.537,32.537,401.654,401.654,6900.0
1.0866,32.622,32.622,402.008,402.008,6900.0
1.0867,32.783,32.783,402.361,402.361,6900.0
1.0868,32.794,32.794,402.719,402.719,6900.0
1.0869,32.975,32.975,403.069,403.069,6900.0
1.087,32.805,32.805,403.442,403.442,6900.0
1.0871,33.004,33.004,403.807,403.807,6900.0
1.0872,33.005,33.005,404.185,404.185,6900.0
1.0873,32.725,32.725,404.566,404.566,6900.0
1.0874,32.401,32.401,404.931,404.931,6900.0
1.0875,32.182,32.182,405.293,405.293,6900.0
1.0876,32.229,32.229,405.64,405.64,6900.0
1.0877,31.885,31.885,405.99,405.99,6900.0
1.0878,31.658,31.658,406.318,406.318,6900.0
1.0879,31.347,31.347,406.621,406.621,6900.0
1.088,30.973,30.973,406.902,406.902,6900.0
1.0881,30.526,30.526,407.162,407.162,6900.0
1.0882,30.068,30.068,407.405,407.405,6900.0
1.0883,29.559,29.559,407.626,407.626,6900.0
1.0884,28.917,28.917,407.818,407.818,6900.0
1.0885,28.177,28.177,407.981,407.981,6900.0
1.0886,28.056,28.056,408.113,408.113,6900.0
1.0887,27.493,27.493,408.239,408.239,6900.0
1.0888,27.006,27.006,408.337,408.337,6900.0
1.0889,26.369,26.369,408.412,408.412,6900.0
1.089,25.558,25.558,408.452,408.452,6900.0
1.0891,25.015,25.015,408.455,408.455,6900.0
1.0892,24.195,24.195,408.427,408.427,6900.0
1.0893,23.672,23.672,408.363,408.363,6900.0
1.0894,23.166,23.166,408.277,408.277,6900.0
1.0895,22.203,22.203,408.166,408.166,6900.0
1.0896,21.529,21.529,408.014,408.014,6900.0
1.0897,20.609,20.609,407.825,407.825,6900.0
1.0898,20.126,20.126,407.598,407.598,6900.0
1.0899,19.73,19.73,407.356,407.356,6900.0
1.09,18.654,18.654,407.103,407.103,6900.0
1.0901,17.533,17.533,406.812,406.812,6900.0
1.0902,16.46,16.46,406.47,406.47,6900.0
1.0903,15.789,15.789,406.092,406.092,6900.0
1.0904,15.26,15.26,405.698,405.698,6900.0
1.0905,14.38,14.38,405.297,405.297,6900.0
1.0906,13.012,13.012,404.868,404.868,6900.0
1.0907,11.727,11.727,404.394,404.394,6900.0
1.0908,10.9,10.9,403.887,403.887,6900.0
1.0909,10.223,10.223,403.355,403.355,6900.0
1.091,9.386,9.386,402.811,402.811,6900.0
1.0911,8.176,8.176,402.247,402.247,6900.0
1.0912,7.066,7.066,401.657,401.657,6900.0
1.0913,6.1,6.1,401.05,401.05,6900.0
1.0914,5.043,5.043,400.428,400.428,6900.0
1.0915,4.082,4.082,399.795,399.795,6900.0
1.0916,3.066,3.066,399.153,399.153,6900.0
1.0917,1.802,1.802,398.5,398.5,6900.0
1.0918,1.078,1.078,397.839,397.839,6900.0
1.0919,0.431,0.431,397.173,397.173,6900.0
1.092,0.727,0.727,396.504,396.504,6900.0
1.0921,-0.127,-0.127,395.834,395.834,6900.0
1.0922,-1.632,-1.632,395.163,395.163,6900.0
1.0923,-2.831,-2.831,394.495,394.495,6900.0
1.0924,-3.008,-3.008,393.83,393.83,6900.0
1.0925,-4.187,-4.187,393.17,393.17,6900.0
1.0926,-4.786,-4.786,392.519,392.519,6900.0
1.0927,-5.667,-5.667,391.872,391.872,6900.0
1.0928,-7.107,-7.107,391.234,391.234,6900.0
1.0929,-8.284,-8.284,390.612,390.612,6900.0
1.093,-9.475,-9.475,390.011,390.011,6900.0
1.0931,-10.413,-10.413,389.43,389.43,6900.0
1.0932,-11.141,-11.141,388.859,388.859,6900.0
1.0933,-12.592,-12.592,388.302,388.302,6900.0
1.0934,-13.769,-13.769,387.776,387.776,6900.0
1.0935,-15.089,-15.089,387.294,387.294,6900.0
1.0936,-16.196,-16.196,386.852,386.852,6900.0
1.0937,-17.034,-17.034,386.43,386.43,6900.0
1.0938,-18.276,-18.276,386.026,386.026,6900.0
1.0939,-19.492,-19.492,385.659,385.659,6900.0
1.094,-20.568,-20.568,385.34,385.34,6900.0
1.0941,-21.552,-21.552,385.064,385.064,6900.0
1.0942,-22.317,-22.317,384.821,384.821,6900.0
1.0943,-23.474,-23.474,384.602,384.602,6900.0
1.0944,-24.522,-24.522,384.424,384.424,6900.0
1.0945,-25.446,-25.446,384.291,384.291,6900.0
1.0946,-26.514,-26.514,384.199,384.199,6900.0
1.0947,-27.346,-27.346,384.155,384.155,6900.0
1.0948,-28.115,-28.115,384.153,384.153,6900.0
1.0949,-28.968,-28.968,384.187,384.187,6900.0
1.095,-29.566,-29.566,384.257,384.257,6900.0
1.0951,-30.671,-30.671,384.357,384.357,6900.0
1.0952,-31.697,-31.697,384.504,384.504,6900.0
1.0953,-32.574,-32.574,384.703,384.703,6900.0
1.0954,-33.123,-33.123,384.944,384.944,6900.0
1.0955,-33.693,-33.693,385.202,385.202,6900.0
1.0956,-34.345,-34.345,385.493,385.493,6900.0
1.0957,-34.972,-34.972,385.816,385.816,6900.0
1.0958,-35.557,-35.557,386.188,386.188,6900.0
1.0959,-35.842,-35.842,386.593,386.593,6900.0
1.096,-36.198,-36.198,387.005,387.005,6900.0
1.0961,-37.02,-37.02,387.441,387.441,6900.0
1.0962,-37.393,-37.393,387.908,387.908,6900.0
1.0963,-37.792,-37.792,388.41,388.41,6900.0
1.0964,-37.879,-37.879,388.936,388.936,6900.0
1.0965,-38.056,-38.056,389.454,389.454,6900.0
1.0966,-38.281,-38.281,389.988,389.988,6900.0
1.0967,-38.271,-38.271,390.524,390.524,6900.0
1.0968,-38.488,-38.488,391.07,391.07,6900.0
1.0969,-38.477,-38.477,391.633,391.633,6900.0
1.097,-38.414,-38.414,392.186,392.186,6900.0
1.0971,-38.649,-38.649,392.748,392.748,6900.0
1.0972,-38.472,-38.472,393.312,393.312,6900.0
1.0973,-38.633,-38.633,393.864,393.864,6900.0
1.0974,-38.407,-38.407,394.428,394.428,6900.0
1.0975,-38.261,-38.261,394.974,394.974,6900.0
1.0976,-38.015,-38.015,395.526,395.526,6900.0
1.0977,-37.596,-37.596,396.055,396.055,6900.0
1.0978,-37.56,-37.56,396.548,396.548,6900.0
1.0979,-37.342,-37.342,397.036,397.036,6900.0
1.098,-37.144,-37.144,397.502,397.502,6900.0
1.0981,-36.627,-36.627,397.965,397.965,6900.0
1.0982,-35.932,-35.932,398.396,398.396,6900.0
1.0983,-35.567,-35.567,398.78,398.78,6900.0
1.0984,-35.1,-35.1,399.147,399.147,6900.0
1.0985,-34.792,-34.792,399.489,399.489,6900.0
1.0986,-34.397,-34.397,399.82,399.82,6900.0
1.0987,-33.682,-33.682,400.126,400.126,6900.0
1.0988,-32.887,-32.887,400.39,400.39,6900.0
1.0989,-32.304,-32.304,400.614,400.614,6900.0
1.099,-31.44,-31.44,400.806,400.806,6900.0
1.0991,-30.925,-30.925,400.958,400.958,6900.0
1.0992,-30.232,-30.232,401.081,401.081,6900.0
1.0993,-29.477,-29.477,401.169,401.169,6900.0
1.0994,-28.423,-28.423,401.217,401.217,6900.0
1.0995,-27.433,-27.433,401.218,401.218,6900.0
1.0996,-26.707,-26.707,401.171,401.171,6900.0
1.0997,-25.903,-25.903,401.094,401.094,6900.0
1.0998,-25.081,-25.081,400.992,400.992,6900.0
1.0999,-23.832,-23.832,400.86,400.86,6900.0
1.1,-22.639,-22.639,400.674,400.674,6900.0
1.1001,-21.763,-21.763,400.436,400.436,6900.0
1.1002,-21.032,-21.032,400.168,400.168,6900.0
1.1003,-20.299,-20.299,399.885,399.885,6900.0
1.1004,-19.096,-19.096,399.583,399.583,6900.0
1.1005,-17.565,-17.565,399.228,399.228,6900.0
1.1006,-16.665,-16.665,398.815,398.815,6900.0
1.1007,-15.733,-15.733,398.37,398.37,6900.0
1.1008,-15.028,-15.028,397.903,397.903,6900.0
1.1009,-13.786,-13.786,397.422,397.422,6900.0
1.101,-12.356,-12.356,396.908,396.908,6900.0
1.1011,-11.262,-11.262,396.361,396.361,6900.0
1.1012,-10.009,-10.009,395.795,395.795,6900.0
1.1013,-9.14,-9.14,395.21,395.21,6900.0
1.1014,-7.546,-7.546,394.613,394.613,6900.0
1.1015,-5.991,-5.991,393.995,393.995,6900.0
1.1016,-4.607,-4.607,393.355,393.355,6900.0
1.1017,-3.267,-3.267,392.701,392.701,6900.0
1.1018,-1.937,-1.937,392.035,392.035,6900.0
1.1019,-0.788,-0.788,391.361,391.361,6900.0
1.102,-0.0,-0.0,390.683,390.683,6900.0
1.1021,-0.0,-0.0,390.003,390.003,6900.0
1.1022,1.204,1.204,389.322,389.322,6900.0
1.1023,2.139,2.139,388.642,388.642,6900.0
1.1024,2.894,2.894,387.967,387.967,6900.0
1.1025,4.052,4.052,387.294,387.294,6900.0
1.1026,5.346,5.346,386.627,386.627,6900.0
1.1027,6.718,6.718,385.969,385.969,6900.0
1.1028,8.302,8.302,385.325,385.325,6900.0
1.1029,9.692,9.692,384.703,384.703,6900.0
1.103,10.96,10.96,384.097,384.097,6900.0
1.1031,12.399,12.399,383.506,383.506,6900.0
1.1032,13.957,13.957,382.944,382.944,6900.0
1.1033,15.711,15.711,382.42,382.42,6900.0
1.1034,16.977,16.977,381.952,381.952,6900.0
1.1035,17.807,17.807,381.513,381.513,6900.0
1.1036,19.126,19.126,381.084,381.084,6900.0
1.1037,20.686,20.686,380.687,380.687,6900.0
1.1038,22.495,22.153,380.341,380.341,6900.0
1.1039,23.497,23.497,380.055,380.055,6900.0
1.104,24.431,24.431,379.812,379.812,6900.0
1.1041,25.663,25.663,379.587,379.587,6900.0
1.1042,27.018,27.018,379.399,379.399,6900.0
1.1043,28.331,28.331,379.26,379.26,6900.0
1.1044,29.472,29.472,379.182,379.182,6900.0
1.1045,30.65,30.65,379.154,379.154,6900.0
1.1046,31.806,31.806,379.177,379.177,6900.0
1.1047,32.978,32.978,379.253,379.253,6900.0
1.1048,34.071,34.071,379.381,379.381,6900.0
1.1049,35.057,35.057,379.558,379.558,6900.0
1.105,36.069,36.069,379.785,379.785,6900.0
1.1051,37.096,37.096,380.068,380.068,6900.0
1.1052,37.953,37.953,380.4,380.4,6900.0
1.1053,38.651,38.651,380.765,380.765,6900.0
1.1054,39.612,39.612,381.151,381.151,6900.0
1.1055,40.419,40.419,381.584,381.584,6900.0
1.1056,41.413,41.413,382.066,382.066,6900.0
1.1057,41.963,41.963,382.608,382.608,6900.0
1.1058,42.477,42.477,383.173,383.173,6900.0
1.1059,43.229,43.229,383.758,383.758,6900.0
1.106,43.677,43.677,384.39,384.39,6900.0
1.1061,44.507,44.507,385.053,385.053,6900.0
1.1062,44.737,44.737,385.781,385.781,6900.0
1.1063,44.904,44.904,386.517,386.517,6900.0
1.1064,45.332,45.332,387.255,387.255,6900.0
1.1065,45.429,45.429,388.018,388.018,6900.0
1.1066,45.717,45.717,388.775,388.775,6900.0
1.1067,45.847,45.847,389.56,389.56,6900.0
1.1068,45.862,45.862,390.339,390.339,6900.0
1.1069,46.192,46.192,391.113,391.113,6900.0
1.107,46.126,46.126,391.906,391.906,6900.0
1.1071,46.088,46.088,392.684,392.684,6900.0
1.1072,46.17,46.17,393.48,393.48,6900.0
1.1073,45.862,45.862,394.276,394.276,6900.0
1.1074,45.964,45.964,395.066,395.066,6900.0
1.1075,45.579,45.579,395.867,395.867,6900.0
1.1076,45.172,45.172,396.634,396.634,6900.0
1.1077,45.009,45.009,397.384,397.384,6900.0
1.1078,44.638,44.499,398.114,398.114,6900.0
1.1079,44.164,44.164,398.819,398.819,6900.0
1.108,43.608,43.608,399.503,399.503,6900.0
1.1081,42.907,42.907,400.14,400.14,6900.0
1.1082,42.575,42.575,400.735,400.735,6900.0
1.1083,42.028,42.028,401.306,401.306,6900.0
1.1084,41.493,41.493,401.859,401.859,6900.0
1.1085,40.694,40.694,402.39,402.39,6900.0
1.1086,39.823,39.823,402.878,402.878,6900.0
1.1087,39.2,39.2,403.319,403.319,6900.0
1.1088,38.356,38.356,403.729,403.729,6900.0
1.1089,37.438,37.438,404.106,404.106,6900.0
1.109,36.546,36.546,404.442,404.442,6900.0
1.1091,35.556,35.556,404.733,404.733,6900.0
1.1092,34.664,34.664,404.973,404.973,6900.0
1.1093,33.616,33.616,405.166,405.166,6900.0
1.1094,32.658,32.658,405.305,405.305,6900.0
1.1095,31.644,31.644,405.401,405.401,6900.0
1.1096,30.752,30.752,405.456,405.456,6900.0
1.1097,29.609,29.609,405.481,405.481,6900.0
1.1098,28.449,28.449,405.457,405.457,6900.0
1.1099,27.31,27.31,405.375,405.375,6900.0
1.11,26.424,26.424,405.248,405.248,6900.0
1.1101,25.505,25.505,405.096,405.096,6900.0
1.1102,24.413,24.413,404.925,404.925,6900.0
1.1103,22.911,22.911,404.71,404.71,6900.0
1.1104,21.505,21.505,404.426,404.426,6900.0
1.1105,20.594,20.594,404.092,404.092,6900.0
1.1106,19.771,19.771,403.728,403.728,6900.0
1.1107,18.675,18.675,403.353,403.353,6900.0
1.1108,17.066,17.066,402.949,402.949,6900.0
1.1109,15.53,15.53,402.495,402.495,6900.0
1.111,14.309,14.309,402.008,402.008,6900.0
1.1111,13.1,13.1,401.493,401.493,6900.0
1.1112,11.85,11.85,400.961,400.961,6900.0
1.1113,10.115,10.115,400.407,400.407,6900.0
1.1114,8.48,8.48,399.82,399.82,6900.0
1.1115,7.144,7.144,399.211,399.211,6900.0
1.1116,5.61,5.61,398.583,398.583,6900.0
1.1117,4.025,4.025,397.94,397.94,6900.0
1.1118,2.585,2.585,397.286,397.286,6900.0
1.1119,1.129,1.129,396.622,396.622,6900.0
1.112,0.803,0.803,395.953,395.953,6900.0
1.1121,0.0,0.0,395.282,395.282,6900.0
1.1122,-1.181,-1.181,394.61,394.61,6900.0
1.1123,-2.419,-2.419,393.94,393.94,6900.0
1.1124,-3.025,-3.025,393.272,393.272,6900.0
1.1125,-4.47,-4.47,392.607,392.607,6900.0
1.1126,-5.96,-5.96,391.951,391.951,6900.0
1.1127,-7.464,-7.464,391.309,391.309,6900.0
1.1128,-8.836,-8.836,390.685,390.685,6900.0
1.1129,-10.131,-10.131,390.072,390.072,6900.0
1.113,-12.007,-12.007,389.477,389.477,6900.0
1.1131,-13.553,-13.553,388.911,388.911,6900.0
1.1132,-15.26,-15.26,388.383,388.383,6900.0
1.1133,-16.527,-16.527,387.893,387.893,6900.0
1.1134,-17.644,-17.644,387.42,387.42,6900.0
1.1135,-19.378,-19.378,386.966,386.966,6900.0
1.1136,-21.217,-21.217,386.557,386.557,6900.0
1.1137,-22.802,-22.802,386.215,386.215,6900.0
1.1138,-23.938,-23.938,385.933,385.933,6900.0
1.1139,-25.311,-24.969,385.677,385.677,6900.0
1.114,-26.208,-26.208,385.445,385.445,6900.0
1.1141,-27.734,-27.734,385.254,385.254,6900.0
1.1142,-29.181,-29.181,385.121,385.121,6900.0
1.1143,-30.322,-30.322,385.043,385.043,6900.0
1.1144,-31.53,-31.53,385.008,385.008,6900.0
1.1145,-32.767,-32.767,385.016,385.016,6900.0
1.1146,-34.017,-34.017,385.074,385.074,6900.0
1.1147,-35.272,-35.272,385.187,385.187,6900.0
1.1148,-36.3,-36.3,385.36,385.36,6900.0
1.1149,-37.373,-37.373,385.591,385.591,6900.0
1.115,-38.434,-38.434,385.882,385.882,6900.0
1.1151,-39.317,-39.317,386.224,386.224,6900.0
1.1152,-40.131,-40.131,386.6,386.6,6900.0
1.1153,-41.155,-41.155,387.013,387.013,6900.0
1.1154,-42.23,-42.23,387.47,387.47,6900.0
1.1155,-42.969,-42.969,387.991,387.991,6900.0
1.1156,-43.5,-43.5,388.547,388.547,6900.0
1.1157,-44.126,-44.126,389.114,389.114,6900.0
1.1158,-44.915,-44.915,389.717,389.717,6900.0
1.1159,-45.656,-45.656,390.357,390.357,6900.0
1.116,-46.342,-46.342,391.061,391.061,6900.0
1.1161,-46.592,-46.592,391.81,391.81,6900.0
1.1162,-46.875,-46.875,392.563,392.563,6900.0
1.1163,-47.325,-47.325,393.343,393.343,6900.0
1.1164,-47.481,-47.481,394.143,394.143,6900.0
1.1165,-47.728,-47.728,394.969,394.969,6900.0
1.1166,-47.754,-47.754,395.811,395.811,6900.0
1.1167,-47.825,-47.825,396.633,396.633,6900.0
1.1168,-48.003,-48.003,397.464,397.464,6900.0
1.1169,-47.832,-47.832,398.292,398.292,6900.0
1.117,-48.073,-48.073,399.113,399.113,6900.0
1.1171,-47.855,-47.855,399.953,399.953,6900.0
1.1172,-47.728,-47.728,400.776,400.776,6900.0
1.1173,-47.57,-47.57,401.611,401.611,6900.0
1.1174,-47.15,-47.15,402.434,402.434,6900.0
1.1175,-47.058,-47.058,403.231,403.231,6900.0
1.1176,-46.685,-46.685,404.033,404.033,6900.0
1.1177,-46.386,-46.386,404.809,404.809,6900.0
1.1178,-45.952,-45.952,405.583,405.583,6900.0
1.1179,-45.371,-45.213,406.328,406.328,6900.0
1.118,-44.793,-44.793,407.015,407.015,6900.0
1.1181,-44.2,-44.2,407.68,407.68,6900.0
1.1182,-43.685,-43.685,408.308,408.308,6900.0
1.1183,-42.925,-42.925,408.92,408.92,6900.0
1.1184,-42.103,-42.103,409.491,409.491,6900.0
1.1185,-41.444,-41.444,410.009,410.009,6900.0
1.1186,-40.674,-40.674,410.498,410.498,6900.0
1.1187,-39.857,-39.857,410.953,410.953,6900.0
1.1188,-38.966,-38.966,411.38,411.38,6900.0
1.1189,-38.007,-38.007,411.766,411.766,6900.0
1.119,-36.949,-36.949,412.105,412.105,6900.0
1.1191,-36.1,-36.1,412.397,412.397,6900.0
1.1192,-34.977,-34.977,412.646,412.646,6900.0
1.1193,-33.993,-33.993,412.846,412.846,6900.0
1.1194,-32.939,-32.939,413.003,413.003,6900.0
1.1195,-31.981,-31.981,413.117,413.117,6900.0
1.1196,-30.72,-30.72,413.188,413.188,6900.0
1.1197,-29.472,-29.472,413.201,413.201,6900.0
1.1198,-28.369,-28.369,413.159,413.159,6900.0
1.1199,-27.512,-27.512,413.076,413.076,6900.0
1.12,-26.609,-26.609,412.971,412.971,6900.0
1.1201,-25.289,-25.289,412.839,412.839,6900.0
1.1202,-23.694,-23.694,412.649,412.649,6900.0
1.1203,-22.713,-22.713,412.396,412.396,6900.0
1.1204,-21.812,-21.812,412.112,412.112,6900.0
1.1205,-20.904,-20.904,411.813,411.813,6900.0
1.1206,-19.462,-19.462,411.498,411.498,6900.0
1.1207,-17.854,-17.854,411.133,411.133,6900.0
1.1208,-16.66,-16.66,410.715,410.715,6900.0
1.1209,-15.316,-15.316,410.264,410.264,6900.0
1.121,-14.262,-14.262,409.783,409.783,6900.0
1.1211,-12.755,-12.755,409.282,409.282,6900.0
1.1212,-11.197,-11.197,408.748,408.748,6900.0
1.1213,-9.97,-9.97,408.183,408.183,6900.0
1.1214,-8.428,-8.428,407.6,407.6,6900.0
1.1215,-7.135,-7.135,406.998,406.998,6900.0
1.1216,-5.574,-5.574,406.384,406.384,6900.0
1.1217,-3.898,-3.898,405.756,405.756,6900.0
1.1218,-2.401,-2.401,405.114,405.114,6900.0
1.1219,-1.246,-1.059,404.464,404.464,6900.0
1.122,-0.868,-0.868,403.808,403.808,6900.0
1.1221,0.039,0.039,403.15,403.15,6900.0
1.1222,0.848,0.848,402.491,402.491,6900.0
1.1223,2.397,2.397,401.833,401.833,6900.0
1.1224,3.011,3.011,401.179,401.179,6900.0
1.1225,4.436,4.436,400.53,400.53,6900.0
1.1226,5.607,5.607,399.892,399.892,6900.0
1.1227,6.827,6.827,399.265,399.265,6900.0
1.1228,8.41,8.41,398.645,398.645,6900.0
1.1229,9.789,9.789,398.044,398.044,6900.0
1.123,11.482,11.482,397.461,397.461,6900.0
1.1231,12.886,12.886,396.91,396.91,6900.0
1.1232,13.956,13.956,396.379,396.379,6900.0
1.1233,15.585,15.585,395.858,395.858,6900.0
1.1234,17.221,17.221,395.371,395.371,6900.0
1.1235,18.873,18.873,394.93,394.93,6900.0
1.1236,20.246,20.246,394.55,394.55,6900.0
1.1237,21.156,21.156,394.208,394.208,6900.0
1.1238,22.374,22.374,393.883,393.883,6900.0
1.1239,23.769,23.769,393.59,393.59,6900.0
1.124,25.168,25.168,393.347,393.347,6900.0
1.1241,26.399,26.399,393.161,393.161,6900.0
1.1242,27.409,27.409,393.021,393.021,6900.0
1.1243,28.445,28.445,392.91,392.91,6900.0
1.1244,29.648,29.648,392.835,392.835,6900.0
1.1245,30.778,30.778,392.808,392.808,6900.0
1.1246,31.96,31.96,392.83,392.83,6900.0
1.1247,33.04,33.04,392.905,392.905,6900.0
1.1248,34.027,34.027,393.032,393.032,6900.0
1.1249,35.002,35.002,393.206,393.206,6900.0
1.125,35.851,35.851,393.423,393.423,6900.0
1.1251,36.774,36.774,393.677,393.677,6900.0
1.1252,37.695,37.695,393.976,393.976,6900.0
1.1253,38.64,38.64,394.329,394.329,6900.0
1.1254,39.242,39.242,394.733,394.733,6900.0
1.1255,39.781,39.781,395.162,395.162,6900.0
1.1256,40.525,40.525,395.608,395.608,6900.0
1.1257,41.275,41.275,396.092,396.092,6900.0
1.1258,42.037,42.037,396.622,396.622,6900.0
1.1259,42.414,42.414,397.204,397.204,6900.0
1.126,42.6,42.6,397.804,397.804,6900.0
1.1261,43.08,43.08,398.41,398.41,6900.0
1.1262,43.496,43.496,399.047,399.047,6900.0
1.1263,44.04,44.04,399.705,399.705,6900.0
1.1264,44.162,44.162,400.41,400.41,6900.0
1.1265,44.081,44.081,401.118,401.118,6900.0
1.1266,44.271,44.271,401.818,401.818,6900.0
1.1267,44.202,44.202,402.531,402.531,6900.0
1.1268,44.37,44.37,403.232,403.232,6900.0
1.1269,44.377,44.377,403.955,403.955,6900.0
1.127,44.18,44.18,404.674,404.674,6900.0
1.1271,44.157,44.157,405.386,405.386,6900.0
1.1272,43.882,43.882,406.103,406.103,6900.0
1.1273,43.688,43.688,406.794,406.794,6900.0
1.1274,43.645,43.645,407.489,407.489,6900.0
1.1275,43.227,43.227,408.179,408.179,6900.0
1.1276,43.054,43.054,408.858,408.858,6900.0
1.1277,42.535,42.535,409.531,409.531,6900.0
1.1278,41.82,41.82,410.166,410.166,6900.0
1.1279,41.537,41.537,410.768,410.768,6900.0
1.128,41.226,41.055,411.346,411.346,6900.0
1.1281,40.617,40.617,411.904,411.904,6900.0
1.1282,39.994,39.994,412.439,412.439,6900.0
1.1283,39.176,39.176,412.933,412.933,6900.0
1.1284,38.54,38.54,413.385,413.385,6900.0
1.1285,37.783,37.783,413.807,413.807,6900.0
1.1286,37.322,37.322,414.203,414.203,6900.0
1.1287,36.442,36.442,414.577,414.577,6900.0
1.1288,35.483,35.483,414.909,414.909,6900.0
1.1289,34.628,34.628,415.194,415.194,6900.0
1.129,33.717,33.717,415.44,415.44,6900.0
1.1291,32.805,32.805,415.648,415.648,6900.0
1.1292,31.994,31.994,415.816,415.816,6900.0
1.1293,30.978,30.978,415.947,415.947,6900.0
1.1294,29.91,29.91,416.034,416.034,6900.0
1.1295,28.779,28.779,416.074,416.074,6900.0
1.1296,27.872,27.872,416.059,416.059,6900.0
1.1297,26.921,26.921,416.006,416.006,6900.0
1.1298,26.131,26.131,415.921,415.921,6900.0
1.1299,24.997,24.997,415.816,415.816,6900.0
1.13,23.764,23.764,415.666,415.666,6900.0
1.1301,22.589,22.589,415.459,415.459,6900.0
1.1302,21.858,21.858,415.211,415.211,6900.0
1.1303,21.111,21.111,414.942,414.942,6900.0
1.1304,19.935,19.935,414.664,414.664,6900.0
1.1305,18.298,18.298,414.348,414.348,6900.0
1.1306,17.114,17.114,413.97,413.97,6900.0
1.1307,16.034,16.034,413.554,413.554,6900.0
1.1308,15.16,15.16,413.105,413.105,6900.0
1.1309,14.192,14.192,412.641,412.641,6900.0
1.131,12.587,12.587,412.154,412.154,6900.0
1.1311,11.243,11.243,411.63,411.63,6900.0
1.1312,10.107,10.107,411.083,411.083,6900.0
1.1313,8.927,8.927,410.517,410.517,6900.0
1.1314,7.759,7.759,409.937,409.937,6900.0
1.1315,6.162,6.162,409.343,409.343,6900.0
1.1316,4.592,4.592,408.728,408.728,6900.0
1.1317,3.272,3.272,408.099,408.099,6900.0
1.1318,1.979,1.979,407.459,407.459,6900.0
1.1319,0.756,0.756,406.811,406.811,6900.0
1.132,0.127,0.0,406.159,406.159,6900.0
1.1321,0.0,0.0,405.504,405.504,6900.0
1.1322,-1.391,-1.391,404.849,404.849,6900.0
1.1323,-1.907,-1.907,404.196,404.196,6900.0
1.1324,-2.785,-2.785,403.545,403.545,6900.0
1.1325,-3.797,-3.797,402.9,402.9,6900.0
1.1326,-4.798,-4.798,402.259,402.259,6900.0
1.1327,-6.267,-6.267,401.626,401.626,6900.0
1.1328,-7.77,-7.77,401.004,401.004,6900.0
1.1329,-9.201,-9.201,400.401,400.401,6900.0
1.133,-10.269,-10.269,399.819,399.819,6900.0
1.1331,-11.57,-11.57,399.248,399.248,6900.0
1.1332,-13.079,-13.079,398.698,398.698,6900.0
1.1333,-14.429,-14.429,398.181,398.181,6900.0
1.1334,-15.897,-15.897,397.708,397.708,6900.0
1.1335,-16.888,-16.888,397.278,397.278,6900.0
1.1336,-17.831,-17.831,396.863,396.863,6900.0
1.1337,-18.963,-18.963,396.466,396.466,6900.0
1.1338,-20.368,-20.368,396.103,396.103,6900.0
1.1339,-21.67,-21.67,395.792,395.792,6900.0
1.134,-22.711,-22.711,395.527,395.527,6900.0
1.1341,-23.568,-23.568,395.292,395.292,6900.0
1.1342,-24.634,-24.634,395.08,395.08,6900.0
1.1343,-25.766,-25.766,394.906,394.906,6900.0
1.1344,-26.997,-26.997,394.778,394.778,6900.0
1.1345,-27.996,-27.996,394.702,394.702,6900.0
1.1346,-28.969,-28.969,394.671,394.671,6900.0
1.1347,-29.774,-29.774,394.687,394.687,6900.0
1.1348,-30.782,-30.782,394.741,394.741,6900.0
1.1349,-31.528,-31.528,394.837,394.837,6900.0
1.135,-32.474,-32.474,394.97,394.97,6900.0
1.1351,-33.348,-33.348,395.146,395.146,6900.0
1.1352,-34.124,-34.124,395.37,395.37,6900.0
1.1353,-34.711,-34.711,395.629,395.629,6900.0
1.1354,-35.308,-35.308,395.909,395.909,6900.0
1.1355,-36.05,-36.05,396.218,396.218,6900.0
1.1356,-36.906,-36.906,396.558,396.558,6900.0
1.1357,-37.431,-37.431,396.957,396.957,6900.0
1.1358,-37.76,-37.76,397.388,397.388,6900.0
1.1359,-38.099,-38.099,397.827,397.827,6900.0
1.136,-38.739,-38.739,398.293,398.293,6900.0
1.1361,-39.161,-39.161,398.788,398.788,6900.0
1.1362,-39.691,-39.691,399.326,399.326,6900.0
1.1363,-39.693,-39.693,399.896,399.896,6900.0
1.1364,-39.808,-39.808,400.453,400.453,6900.0
1.1365,-40.11,-40.11,401.026,401.026,6900.0
1.1366,-40.147,-40.147,401.603,401.603,6900.0
1.1367,-40.408,-40.408,402.191,402.191,6900.0
1.1368,-40.331,-40.331,402.793,402.793,6900.0
1.1369,-40.258,-40.258,403.379,403.379,6900.0
1.137,-40.354,-40.354,403.974,403.974,6900.0
1.1371,-40.102,-40.102,404.568,404.568,6900.0
1.1372,-40.254,-40.254,405.152,405.152,6900.0
1.1373,-39.845,-39.845,405.754,405.754,6900.0
1.1374,-39.685,-39.685,406.334,406.334,6900.0
1.1375,-39.393,-39.393,406.92,406.92,6900.0
1.1376,-38.996,-38.996,407.488,407.488,6900.0
1.1377,-38.841,-38.841,408.023,408.023,6900.0
1.1378,-38.405,-38.405,408.553,408.553,6900.0
1.1379,-37.977,-37.977,409.054,409.054,6900.0
1.138,-37.596,-37.596,409.543,409.543,6900.0
1.1381,-37.156,-36.98,410.002,410.002,6900.0
1.1382,-36.483,-36.483,410.417,410.417,6900.0
1.1383,-36.036,-36.036,410.809,410.809,6900.0
1.1384,-35.527,-35.527,411.178,411.178,6900.0
1.1385,-34.844,-34.844,411.532,411.532,6900.0
1.1386,-34.124,-34.124,411.853,411.853,6900.0
1.1387,-33.329,-33.329,412.135,412.135,6900.0
1.1388,-32.642,-32.642,412.382,412.382,6900.0
1.1389,-31.915,-31.915,412.597,412.597,6900.0
1.139,-31.168,-31.168,412.781,412.781,6900.0
1.1391,-30.153,-30.153,412.932,412.932,6900.0
1.1392,-29.215,-29.215,413.038,413.038,6900.0
1.1393,-28.327,-28.327,413.1,413.1,6900.0
1.1394,-27.393,-27.393,413.118,413.118,6900.0
1.1395,-26.579,-26.579,413.092,413.092,6900.0
1.1396,-25.725,-25.725,413.031,413.031,6900.0
1.1397,-24.913,-24.913,412.942,412.942,6900.0
1.1398,-23.968,-23.968,412.823,412.823,6900.0
1.1399,-22.931,-22.931,412.66,412.66,6900.0
1.14,-22.018,-22.018,412.451,412.451,6900.0
1.1401,-21.233,-21.233,412.213,412.213,6900.0
1.1402,-20.45,-20.45,411.958,411.958,6900.0
1.1403,-19.191,-19.191,411.684,411.684,6900.0
1.1404,-17.803,-17.803,411.356,411.356,6900.0
1.1405,-16.816,-16.816,410.972,410.972,6900.0
1.1406,-16.032,-16.032,410.557,410.557,6900.0
1.1407,-15.361,-15.361,410.125,410.125,6900.0
1.1408,-14.145,-14.145,409.681,409.681,6900.0
1.1409,-12.771,-12.771,409.202,409.202,6900.0
1.141,-11.842,-11.842,408.689,408.689,6900.0
1.1411,-10.501,-10.501,408.159,408.159,6900.0
1.1412,-9.564,-9.564,407.606,407.606,6900.0
1.1413,-8.181,-8.181,407.041,407.041,6900.0
1.1414,-6.647,-6.647,406.452,406.452,6900.0
1.1415,-5.547,-5.547,405.841,405.841,6900.0
1.1416,-4.177,-4.177,405.215,405.215,6900.0
1.1417,-2.972,-2.972,404.576,404.576,6900.0
1.1418,-1.723,-1.723,403.928,403.928,6900.0
1.1419,-0.627,-0.627,403.273,403.273,6900.0
1.142,-0.0,-0.0,402.615,402.615,6900.0
1.1421,-0.0,-0.0,401.955,401.955,6900.0
1.1422,1.346,1.346,401.294,401.294,6900.0
1.1423,1.673,1.673,400.635,400.635,6900.0
1.1424,2.533,2.533,399.977,399.977,6900.0
1.1425,3.779,3.779,399.321,399.321,6900.0
1.1426,4.936,4.936,398.673,398.673,6900.0
1.1427,6.247,6.247,398.034,398.034,6900.0
1.1428,7.37,7.37,397.412,397.412,6900.0
1.1429,8.469,8.469,396.802,396.802,6900.0
1.143,9.78,9.78,396.203,396.203,6900.0
1.1431,11.265,11.265,395.628,395.628,6900.0
1.1432,12.817,12.817,395.081,395.081,6900.0
1.1433,13.861,13.861,394.577,394.577,6900.0
1.1434,14.604,14.604,394.094,394.094,6900.0
1.1435,15.805,15.805,393.619,393.619,6900.0
1.1436,17.32,17.32,393.17,393.17,6900.0
1.1437,18.798,18.798,392.767,392.767,6900.0
1.1438,19.777,19.777,392.422,392.422,6900.0
1.1439,20.654,20.654,392.108,392.108,6900.0
1.144,21.551,21.551,391.811,391.811,6900.0
1.1441,22.857,22.857,391.539,391.539,6900.0
1.1442,23.982,23.982,391.31,391.31,6900.0
1.1443,24.97,24.97,391.131,391.131,6900.0
1.1444,26.005,26.005,390.991,390.991,6900.0
1.1445,26.878,26.878,390.891,390.891,6900.0
1.1446,27.968,27.968,390.829,390.829,6900.0
1.1447,28.861,28.861,390.812,390.812,6900.0
1.1448,29.881,29.881,390.838,390.838,6900.0
1.1449,30.635,30.635,390.914,390.914,6900.0
1.145,31.539,31.539,391.035,391.035,6900.0
1.1451,32.249,32.249,391.201,391.201,6900.0
1.1452,32.979,32.979,391.396,391.396,6900.0
1.1453,33.73,33.73,391.617,391.617,6900.0
1.1454,34.501,34.501,391.873,391.873,6900.0
1.1455,35.366,35.366,392.17,392.17,6900.0
1.1456,35.763,35.763,392.512,392.512,6900.0
1.1457,36.199,36.199,392.871,392.871,6900.0
1.1458,36.869,36.869,393.246,393.246,6900.0
1.1459,37.337,37.337,393.66,393.66,6900.0
1.146,38.029,38.029,394.107,394.107,6900.0
1.1461,38.507,38.374,394.606,394.606,6900.0
1.1462,38.382,38.382,395.124,395.124,6900.0
1.1463,38.919,38.919,395.642,395.642,6900.0
1.1464,39.002,39.002,396.191,396.191,6900.0
1.1465,39.358,39.358,396.74,396.74,6900.0
1.1466,39.37,39.37,397.32,397.32,6900.0
1.1467,39.28,39.28,397.892,397.892,6900.0
1.1468,39.475,39.475,398.457,398.457,6900.0
1.1469,39.509,39.509,399.03,399.03,6900.0
1.147,39.532,39.532,399.591,399.591,6900.0
1.1471,39.584,39.584,400.169,400.169,6900.0
1.1472,39.397,39.397,400.746,400.746,6900.0
1.1473,39.41,39.41,401.32,401.32,6900.0
1.1474,39.209,39.209,401.901,401.901,6900.0
1.1475,39.022,39.022,402.458,402.458,6900.0
1.1476,38.876,38.876,403.013,403.013,6900.0
1.1477,38.461,38.461,403.557,403.557,6900.0
1.1478,38.288,38.288,404.086,404.086,6900.0
1.1479,37.724,37.724,404.605,404.605,6900.0
1.148,37.119,37.119,405.083,405.083,6900.0
1.1481,36.84,36.84,405.526,405.526,6900.0
1.1482,36.283,36.283,405.948,405.948,6900.0
1.1483,36.0,36.0,406.347,406.347,6900.0
1.1484,35.334,35.334,406.73,406.73,6900.0
1.1485,34.58,34.58,407.074,407.074,6900.0
1.1486,34.073,34.073,407.378,407.378,6900.0
1.1487,33.404,33.404,407.656,407.656,6900.0
1.1488,32.679,32.679,407.909,407.909,6900.0
1.1489,32.012,32.012,408.132,408.132,6900.0
1.149,31.22,31.22,408.32,408.32,6900.0
1.1491,30.294,30.294,408.467,408.467,6900.0
1.1492,29.476,29.476,408.575,408.575,6900.0
1.1493,28.676,28.676,408.642,408.642,6900.0
1.1494,27.787,27.787,408.672,408.672,6900.0
1.1495,26.981,26.981,408.665,408.665,6900.0
1.1496,26.028,26.028,408.626,408.626,6900.0
1.1497,25.082,25.082,408.544,408.544,6900.0
1.1498,24.02,24.02,408.413,408.413,6900.0
1.1499,23.297,23.297,408.239,408.239,6900.0
1.15,22.456,22.456,408.044,408.044,6900.0
1.1501,21.6,21.6,407.83,407.83,6900.0
1.1502,20.264,20.264,407.579,407.579,6900.0
1.1503,19.201,19.201,407.269,407.269,6900.0
1.1504,18.451,18.451,406.921,406.921,6900.0
1.1505,17.643,17.643,406.552,406.552,6900.0
1.1506,16.776,16.776,406.173,406.173,6900.0
1.1507,15.362,15.362,405.767,405.767,6900.0
1.1508,13.981,13.981,405.313,405.313,6900.0
1.1509,13.089,13.089,404.826,404.826,6900.0
1.151,12.129,12.129,404.311,404.311,6900.0
1.1511,11.027,11.027,403.781,403.781,6900.0
1.1512,9.6,9.6,403.228,403.228,6900.0
1.1513,8.168,8.168,402.646,402.646,6900.0
1.1514,7.053,7.053,402.043,402.043,6900.0
1.1515,5.68,5.68,401.424,401.424,6900.0
1.1516,4.572,4.572,400.791,400.791,6900.0
1.1517,3.191,3.191,400.148,400.148,6900.0
1.1518,1.909,1.909,399.494,399.494,6900.0
1.1519,0.836,0.836,398.833,398.833,6900.0
1.152,0.847,0.847,398.167,398.167,6900.0
1.1521,-0.114,-0.114,397.5,397.5,6900.0
1.1522,-0.918,-0.94,396.832,396.832,6900.0
1.1523,-2.119,-2.119,396.164,396.164,6900.0
1.1524,-2.903,-2.903,395.5,395.5,6900.0
1.1525,-4.053,-4.053,394.839,394.839,6900.0
1.1526,-5.254,-5.254,394.189,394.189,6900.0
1.1527,-6.324,-6.324,393.55,393.55,6900.0
1.1528,-7.314,-7.314,392.92,392.92,6900.0
1.1529,-8.941,-8.941,392.301,392.301,6900.0
1.153,-10.442,-10.442,391.703,391.703,6900.0
1.1531,-11.946,-11.946,391.133,391.133,6900.0
1.1532,-12.971,-12.971,390.592,390.592,6900.0
1.1533,-13.925,-13.925,390.064,390.064,6900.0
1.1534,-15.561,-15.561,389.552,389.552,6900.0
1.1535,-17.05,-17.05,389.079,389.079,6900.0
1.1536,-18.568,-18.568,388.658,388.658,6900.0
1.1537,-19.459,-19.459,388.289,388.289,6900.0
1.1538,-20.314,-20.314,387.939,387.939,6900.0
1.1539,-21.435,-21.435,387.608,387.608,6900.0
1.154,-22.831,-22.831,387.314,387.314,6900.0
1.1541,-24.144,-24.144,387.072,387.072,6900.0
1.1542,-25.215,-25.215,386.881,386.881,6900.0
1.1543,-26.138,-26.138,386.727,386.727,6900.0
1.1544,-27.2,-27.2,386.605,386.605,6900.0
1.1545,-28.298,-28.298,386.525,386.525,6900.0
1.1546,-29.294,-29.294,386.494,386.494,6900.0
1.1547,-30.234,-30.234,386.51,386.51,6900.0
1.1548,-31.274,-31.274,386.573,386.573,6900.0
1.1549,-32.297,-32.297,386.686,386.686,6900.0
1.155,-33.144,-33.144,386.843,386.843,6900.0
1.1551,-33.88,-33.88,387.034,387.034,6900.0
1.1552,-34.814,-34.814,387.262,387.262,6900.0
1.1553,-35.729,-35.729,387.532,387.532,6900.0
1.1554,-36.478,-36.478,387.857,387.857,6900.0
1.1555,-37.05,-37.05,388.22,388.22,6900.0
1.1556,-37.572,-37.572,388.6,388.6,6900.0
1.1557,-38.447,-38.447,389.01,389.01,6900.0
1.1558,-39.152,-39.152,389.459,389.459,6900.0
1.1559,-39.799,-39.799,389.963,389.963,6900.0
1.156,-40.106,-40.106,390.505,390.505,6900.0
1.1561,-40.408,-40.408,391.053,391.053,6900.0
1.1562,-40.988,-40.858,391.625,391.625,6900.0
1.1563,-41.103,-41.103,392.217,392.217,6900.0
1.1564,-41.604,-41.604,392.835,392.835,6900.0
1.1565,-41.678,-41.678,393.481,393.481,6900.0
1.1566,-41.733,-41.733,394.116,394.116,6900.0
1.1567,-41.916,-41.916,394.761,394.761,6900.0
1.1568,-41.913,-41.913,395.407,395.407,6900.0
1.1569,-42.02,-42.02,396.059,396.059,6900.0
1.157,-42.083,-42.083,396.723,396.723,6900.0
1.1571,-42.079,-42.079,397.377,397.377,6900.0
1.1572,-41.995,-41.995,398.048,398.048,6900.0
1.1573,-41.649,-41.649,398.707,398.707,6900.0
1.1574,-41.704,-41.704,399.346,399.346,6900.0
1.1575,-41.329,-41.329,399.995,399.995,6900.0
1.1576,-41.189,-41.189,400.619,400.619,6900.0
1.1577,-40.963,-40.963,401.245,401.245,6900.0
1.1578,-40.28,-40.28,401.85,401.85,6900.0
1.1579,-40.05,-40.05,402.407,402.407,6900.0
1.158,-39.579,-39.579,402.953,402.953,6900.0
1.1581,-39.317,-39.317,403.468,403.468,6900.0
1.1582,-38.773,-38.773,403.977,403.977,6900.0
1.1583,-38.05,-38.05,404.453,404.453,6900.0
1.1584,-37.532,-37.532,404.881,404.881,6900.0
1.1585,-36.9,-36.9,405.285,405.285,6900.0
1.1586,-36.343,-36.343,405.657,405.657,6900.0
1.1587,-35.588,-35.588,406.01,406.01,6900.0
1.1588,-34.686,-34.686,406.327,406.327,6900.0
1.1589,-33.815,-33.815,406.599,406.599,6900.0
1.159,-33.032,-33.032,406.828,406.828,6900.0
1.1591,-32.26,-32.26,407.02,407.02,6900.0
1.1592,-31.407,-31.407,407.174,407.174,6900.0
1.1593,-30.578,-30.578,407.29,407.29,6900.0
1.1594,-29.607,-29.607,407.371,407.371,6900.0
1.1595,-28.535,-28.535,407.408,407.408,6900.0
1.1596,-27.579,-27.579,407.395,407.395,6900.0
1.1597,-26.681,-26.681,407.333,407.333,6900.0
1.1598,-25.92,-25.92,407.236,407.236,6900.0
1.1599,-25.062,-25.062,407.115,407.115,6900.0
1.16,-23.812,-23.812,406.968,406.968,6900.0
1.1601,-22.587,-22.587,406.765,406.765,6900.0
1.1602,-21.621,-21.621,406.508,406.508,6900.0
1.1603,-20.976,-20.976,406.221,406.221,6900.0
1.1604,-20.196,-20.196,405.922,405.922,6900.0
1.1605,-18.77,-18.77,405.608,405.608,6900.0
1.1606,-17.135,-17.135,405.242,405.242,6900.0
1.1607,-16.142,-16.142,404.821,404.821,6900.0
1.1608,-15.118,-15.118,404.368,404.368,6900.0
1.1609,-14.231,-14.231,403.89,403.89,6900.0
1.161,-12.901,-12.901,403.394,403.394,6900.0
1.1611,-11.503,-11.503,402.865,402.865,6900.0
1.1612,-10.414,-10.414,402.305,402.305,6900.0
1.1613,-8.974,-8.974,401.727,401.727,6900.0
1.1614,-7.942,-7.942,401.13,401.13,6900.0
1.1615,-6.477,-6.477,400.521,400.521,6900.0
1.1616,-4.989,-4.989,399.895,399.895,6900.0
1.1617,-3.609,-3.609,399.253,399.253,6900.0
1.1618,-2.029,-2.029,398.601,398.601,6900.0
1.1619,-0.861,-0.861,397.938,397.938,6900.0
1.162,-0.87,-0.87,397.271,397.271,6900.0
1.1621,0.126,0.126,396.603,396.603,6900.0
1.1622,1.172,1.172,395.933,395.933,6900.0
1.1623,1.844,1.844,395.265,395.265,6900.0
1.1624,3.129,3.129,394.599,394.599,6900.0
1.1625,4.153,4.153,393.941,393.941,6900.0
1.1626,5.268,5.268,393.29,393.29,6900.0
1.1627,6.767,6.767,392.644,392.644,6900.0
1.1628,8.041,8.041,392.013,392.013,6900.0
1.1629,9.602,9.602,391.397,391.397,6900.0
1.163,11.036,11.036,390.806,390.806,6900.0
1.1631,12.141,12.141,390.234,390.234,6900.0
1.1632,13.633,13.633,389.674,389.674,6900.0
1.1633,15.225,15.225,389.144,389.144,6900.0
1.1634,16.763,16.763,388.657,388.657,6900.0
1.1635,18.174,18.174,388.225,388.225,6900.0
1.1636,19.014,19.014,387.829,387.829,6900.0
1.1637,20.146,20.146,387.443,387.443,6900.0
1.1638,21.571,21.571,387.087,387.087,6900.0
1.1639,23.185,23.185,386.778,386.778,6900.0
1.164,24.346,24.346,386.532,386.532,6900.0
1.1641,25.318,25.318,386.327,386.327,6900.0
1.1642,26.441,26.441,386.148,386.148,6900.0
1.1643,27.746,27.746,386.006,386.006,6900.0
1.1644,28.837,28.837,385.915,385.915,6900.0
1.1645,30.095,30.095,385.874,385.874,6900.0
1.1646,31.181,31.181,385.889,385.889,6900.0
1.1647,32.191,32.191,385.954,385.954,6900.0
1.1648,33.101,33.101,386.068,386.068,6900.0
1.1649,34.135,34.135,386.221,386.221,6900.0
1.165,35.147,35.147,386.416,386.416,6900.0
1.1651,36.009,36.009,386.658,386.658,6900.0
1.1652,36.98,36.98,386.95,386.95,6900.0
1.1653,37.756,37.756,387.291,387.291,6900.0
1.1654,38.401,38.401,387.663,387.663,6900.0
1.1655,39.173,39.173,388.058,388.058,6900.0
1.1656,39.764,39.764,388.496,388.496,6900.0
1.1657,40.731,40.731,388.976,388.976,6900.0
1.1658,41.298,41.298,389.513,389.513,6900.0
1.1659,41.573,41.573,390.076,390.076,6900.0
1.166,42.19,42.19,390.648,390.648,6900.0
1.1661,42.597,42.597,391.257,391.257,6900.0
1.1662,43.279,43.279,391.892,391.892,6900.0
1.1663,43.587,43.465,392.577,392.577,6900.0
1.1664,43.453,43.453,393.267,393.267,6900.0
1.1665,43.877,43.877,393.952,393.952,6900.0
1.1666,43.946,43.946,394.657,394.657,6900.0
1.1667,44.175,44.175,395.36,395.36,6900.0
1.1668,44.378,44.378,396.089,396.089,6900.0
1.1669,44.253,44.253,396.82,396.82,6900.0
1.167,44.321,44.321,397.547,397.547,6900.0
1.1671,44.197,44.197,398.283,398.283,6900.0
1.1672,44.01,44.01,399.001,399.001,6900.0
1.1673,43.898,43.898,399.726,399.726,6900.0
1.1674,43.606,43.606,400.443,400.443,6900.0
1.1675,43.492,43.492,401.15,401.15,6900.0
1.1676,43.075,43.075,401.855,401.855,6900.0
1.1677,42.657,42.657,402.521,402.521,6900.0
1.1678,42.506,42.506,403.164,403.164,6900.0
1.1679,41.997,41.997,403.79,403.79,6900.0
1.168,41.786,41.786,404.396,404.396,6900.0
1.1681,41.059,41.059,404.99,404.99,6900.0
1.1682,40.39,40.39,405.536,405.536,6900.0
1.1683,40.023,40.023,406.044,406.044,6900.0
1.1684,39.353,39.353,406.529,406.529,6900.0
1.1685,38.855,38.855,406.992,406.992,6900.0
1.1686,37.959,37.959,407.432,407.432,6900.0
1.1687,37.051,37.051,407.827,407.827,6900.0
1.1688,36.246,36.246,408.173,408.173,6900.0
1.1689,35.39,35.39,408.482,408.482,6900.0
1.169,34.632,34.632,408.752,408.752,6900.0
1.1691,33.684,33.684,408.987,408.987,6900.0
1.1692,32.678,32.678,409.178,409.178,6900.0
1.1693,31.694,31.694,409.325,409.325,6900.0
1.1694,30.733,30.733,409.425,409.425,6900.0
1.1695,29.789,29.789,409.475,409.475,6900.0
1.1696,28.843,28.843,409.483,409.483,6900.0
1.1697,28.001,28.001,409.458,409.458,6900.0
1.1698,26.863,26.863,409.407,409.407,6900.0
1.1699,25.649,25.649,409.31,409.31,6900.0
1.17,24.482,24.482,409.156,409.156,6900.0
1.1701,23.597,23.597,408.958,408.958,6900.0
1.1702,22.842,22.842,408.734,408.734,6900.0
1.1703,22.251,21.873,408.497,408.497,6900.0
1.1704,20.253,20.253,408.224,408.224,6900.0
1.1705,18.957,18.957,407.88,407.88,6900.0
1.1706,18.036,18.036,407.492,407.492,6900.0
1.1707,17.038,17.038,407.076,407.076,6900.0
1.1708,16.018,16.018,406.644,406.644,6900.0
1.1709,14.55,14.55,406.188,406.188,6900.0
1.171,13.239,13.239,405.692,405.692,6900.0
1.1711,12.16,12.16,405.171,405.171,6900.0
1.1712,10.866,10.866,404.627,404.627,6900.0
1.1713,9.529,9.529,404.068,404.068,6900.0
1.1714,7.838,7.838,403.488,403.488,6900.0
1.1715,6.355,6.355,402.883,402.883,6900.0
1.1716,4.939,4.939,402.259,402.259,6900.0
1.1717,3.56,3.56,401.619,401.619,6900.0
1.1718,2.151,2.151,400.969,400.969,6900.0
1.1719,0.839,0.839,400.31,400.31,6900.0
1.172,0.053,0.053,399.647,399.647,6900.0
1.1721,0.0,0.0,398.983,398.983,6900.0
1.1722,-1.284,-1.284,398.317,398.317,6900.0
1.1723,-1.849,-1.849,397.653,397.653,6900.0
1.1724,-2.907,-2.907,396.991,396.991,6900.0
1.1725,-3.998,-3.998,396.332,396.332,6900.0
1.1726,-5.557,-5.557,395.68,395.68,6900.0
1.1727,-6.794,-6.794,395.038,395.038,6900.0
1.1728,-8.465,-8.465,394.412,394.412,6900.0
1.1729,-9.692,-9.692,393.806,393.806,6900.0
1.173,-10.832,-10.832,393.213,393.213,6900.0
1.1731,-12.638,-12.638,392.637,392.637,6900.0
1.1732,-14.132,-14.132,392.095,392.095,6900.0
1.1733,-15.884,-15.884,391.594,391.594,6900.0
1.1734,-16.9,-16.9,391.138,391.138,6900.0
1.1735,-17.974,-17.974,390.697,390.697,6900.0
1.1736,-19.353,-19.353,390.274,390.274,6900.0
1.1737,-20.951,-20.951,389.891,389.891,6900.0
1.1738,-22.42,-22.42,389.566,389.566,6900.0
1.1739,-23.452,-23.452,389.295,389.295,6900.0
1.174,-24.36,-24.36,389.05,389.05,6900.0
1.1741,-25.489,-25.489,388.828,388.828,6900.0
1.1742,-26.826,-26.826,388.645,388.645,6900.0
1.1743,-28.247,-28.247,388.513,388.513,6900.0
1.1744,-29.258,-29.258,388.438,388.438,6900.0
1.1745,-30.456,-30.456,388.407,388.407,6900.0
1.1746,-31.568,-31.568,388.425,388.425,6900.0
1.1747,-32.611,-32.611,388.492,388.492,6900.0
1.1748,-33.487,-33.487,388.607,388.607,6900.0
1.1749,-34.627,-34.627,388.766,388.766,6900.0
1.175,-35.581,-35.581,388.982,388.982,6900.0
1.1751,-36.372,-36.372,389.252,389.252,6900.0
1.1752,-37.078,-37.078,389.558,389.558,6900.0
1.1753,-37.843,-37.843,389.888,389.888,6900.0
1.1754,-38.747,-38.747,390.252,390.252,6900.0
1.1755,-39.698,-39.698,390.656,390.656,6900.0
1.1756,-40.412,-40.412,391.119,391.119,6900.0
1.1757,-40.852,-40.852,391.619,391.619,6900.0
1.1758,-41.429,-41.429,392.13,392.13,6900.0
1.1759,-42.081,-42.081,392.675,392.675,6900.0
1.176,-42.652,-42.652,393.253,393.253,6900.0
1.1761,-43.128,-43.128,393.887,393.887,6900.0
1.1762,-43.219,-43.219,394.555,394.555,6900.0
1.1763,-43.456,-43.456,395.218,395.218,6900.0
1.1764,-43.928,-43.8,395.902,395.902,6900.0
1.1765,-44.017,-44.017,396.594,396.594,6900.0
1.1766,-44.302,-44.302,397.308,397.308,6900.0
1.1767,-44.172,-44.172,398.037,398.037,6900.0
1.1768,-44.276,-44.276,398.745,398.745,6900.0
1.1769,-44.301,-44.301,399.467,399.467,6900.0
1.177,-44.073,-44.073,400.183,400.183,6900.0
1.1771,-44.282,-44.282,400.891,400.891,6900.0
1.1772,-44.118,-44.118,401.619,401.619,6900.0
1.1773,-43.949,-43.949,402.331,402.331,6900.0
1.1774,-43.71,-43.71,403.053,403.053,6900.0
1.1775,-43.33,-43.33,403.758,403.758,6900.0
1.1776,-43.206,-43.206,404.435,404.435,6900.0
1.1777,-42.754,-42.754,405.111,405.111,6900.0
1.1778,-42.556,-42.556,405.755,405.755,6900.0
1.1779,-42.059,-42.059,406.396,406.396,6900.0
1.178,-41.327,-41.327,407.004,407.004,6900.0
1.1781,-40.757,-40.757,407.56,407.56,6900.0
1.1782,-40.221,-40.221,408.091,408.091,6900.0
1.1783,-39.786,-39.786,408.593,408.593,6900.0
1.1784,-39.186,-39.186,409.081,409.081,6900.0
1.1785,-38.335,-38.335,409.538,409.538,6900.0
1.1786,-37.738,-37.738,409.946,409.946,6900.0
1.1787,-36.908,-36.908,410.325,410.325,6900.0
1.1788,-36.04,-36.04,410.667,410.667,6900.0
1.1789,-35.263,-35.263,410.975,410.975,6900.0
1.179,-34.373,-34.373,411.245,411.245,6900.0
1.1791,-33.386,-33.386,411.471,411.471,6900.0
1.1792,-32.476,-32.476,411.652,411.652,6900.0
1.1793,-31.52,-31.52,411.788,411.788,6900.0
1.1794,-30.568,-30.568,411.881,411.881,6900.0
1.1795,-29.649,-29.649,411.934,411.934,6900.0
1.1796,-28.607,-28.607,411.954,411.954,6900.0
1.1797,-27.481,-27.481,411.932,411.932,6900.0
1.1798,-26.311,-26.311,411.86,411.86,6900.0
1.1799,-25.371,-25.371,411.734,411.734,6900.0
1.18,-24.628,-24.628,411.573,411.573,6900.0
1.1801,-24.085,-24.085,411.395,411.395,6900.0
1.1802,-22.881,-22.881,411.198,411.198,6900.0
1.1803,-21.328,-21.328,410.946,410.946,6900.0
1.1804,-20.758,-20.333,410.633,410.633,6900.0
1.1805,-19.33,-19.33,410.288,410.288,6900.0
1.1806,-18.46,-18.46,409.924,409.924,6900.0
1.1807,-17.014,-17.014,409.545,409.545,6900.0
1.1808,-15.25,-15.25,409.124,409.124,6900.0
1.1809,-14.226,-14.226,408.655,408.655,6900.0
1.181,-12.832,-12.832,408.163,408.163,6900.0
1.1811,-11.632,-11.632,407.644,407.644,6900.0
1.1812,-10.152,-10.152,407.106,407.106,6900.0
1.1813,-8.675,-8.675,406.539,406.539,6900.0
1.1814,-7.544,-7.544,405.947,405.947,6900.0
1.1815,-6.16,-6.16,405.338,405.338,6900.0
1.1816,-5.018,-5.018,404.712,404.712,6900.0
1.1817,-3.545,-3.545,404.077,404.077,6900.0
1.1818,-2.278,-2.278,403.43,403.43,6900.0
1.1819,-0.925,-0.925,402.776,402.776,6900.0
1.182,-0.03,-0.03,402.117,402.117,6900.0
1.1821,0.0,0.0,401.456,401.456,6900.0
1.1822,1.016,1.016,400.795,400.795,6900.0
1.1823,2.073,2.073,400.134,400.134,6900.0
1.1824,2.968,2.968,399.475,399.475,6900.0
1.1825,4.019,4.019,398.821,398.821,6900.0
1.1826,5.469,5.469,398.174,398.174,6900.0
1.1827,6.738,6.738,397.541,397.541,6900.0
1.1828,7.779,7.779,396.922,396.922,6900.0
1.1829,9.232,9.232,396.312,396.312,6900.0
1.183,10.677,10.677,395.723,395.723,6900.0
1.1831,12.177,12.177,395.159,395.159,6900.0
1.1832,13.573,13.573,394.629,394.629,6900.0
1.1833,14.495,14.495,394.124,394.124,6900.0
1.1834,15.875,15.875,393.627,393.627,6900.0
1.1835,17.505,17.505,393.159,393.159,6900.0
1.1836,19.375,19.375,392.739,392.739,6900.0
1.1837,20.621,20.621,392.383,392.383,6900.0
1.1838,21.545,21.545,392.065,392.065,6900.0
1.1839,22.698,22.698,391.763,391.763,6900.0
1.184,23.99,23.99,391.492,391.492,6900.0
1.1841,25.329,25.329,391.268,391.268,6900.0
1.1842,26.473,26.473,391.1,391.1,6900.0
1.1843,27.286,27.286,390.977,390.977,6900.0
1.1844,28.253,28.253,390.884,390.884,6900.0
1.1845,29.346,29.346,390.83,390.83,6900.0
1.1846,30.441,30.441,390.821,390.821,6900.0
1.1847,31.533,31.533,390.86,390.86,6900.0
1.1848,32.368,32.368,390.953,390.953,6900.0
1.1849,33.139,33.139,391.093,391.093,6900.0
1.185,33.842,33.842,391.275,391.275,6900.0
1.1851,34.71,34.71,391.488,391.488,6900.0
1.1852,35.772,35.772,391.731,391.731,6900.0
1.1853,36.602,36.602,392.021,392.021,6900.0
1.1854,37.434,37.434,392.358,392.358,6900.0
1.1855,38.099,38.099,392.741,392.741,6900.0
1.1856,38.56,38.56,393.152,393.152,6900.0
1.1857,39.454,39.454,393.577,393.577,6900.0
1.1858,40.017,40.017,394.052,394.052,6900.0
1.1859,40.801,40.801,394.565,394.565,6900.0
1.186,41.106,41.106,395.134,395.134,6900.0
1.1861,41.274,41.274,395.718,395.718,6900.0
1.1862,41.729,41.729,396.31,396.31,6900.0
1.1863,41.942,41.942,396.929,396.929,6900.0
1.1864,42.405,42.405,397.555,397.555,6900.0
1.1865,42.371,42.371,398.221,398.221,6900.0
1.1866,42.297,42.297,398.878,398.878,6900.0
1.1867,42.707,42.707,399.524,399.524,6900.0
1.1868,42.669,42.669,400.19,400.19,6900.0
1.1869,42.796,42.796,400.843,400.843,6900.0
1.187,42.88,42.88,401.52,401.52,6900.0
1.1871,42.587,42.587,402.197,402.197,6900.0
1.1872,42.488,42.488,402.871,402.871,6900.0
1.1873,42.195,42.195,403.548,403.548,6900.0
1.1874,42.091,42.091,404.199,404.199,6900.0
1.1875,41.803,41.803,404.855,404.855,6900.0
1.1876,41.542,41.542,405.489,405.489,6900.0
1.1877,41.346,41.346,406.116,406.116,6900.0
1.1878,40.751,40.751,406.732,406.732,6900.0
1.1879,40.128,40.128,407.302,407.302,6900.0
1.188,39.89,39.89,407.838,407.838,6900.0
1.1881,39.44,39.44,408.354,408.354,6900.0
1.1882,39.133,39.133,408.853,408.853,6900.0
1.1883,38.529,38.529,409.336,409.336,6900.0
1.1884,37.74,37.74,409.782,409.782,6900.0
1.1885,37.308,37.308,410.185,410.185,6900.0
1.1886,36.759,36.759,410.565,410.565,6900.0
1.1887,36.046,36.046,410.923,410.923,6900.0
1.1888,35.374,35.374,411.249,411.249,6900.0
1.1889,34.517,34.517,411.54,411.54,6900.0
1.189,33.69,33.69,411.785,411.785,6900.0
1.1891,32.835,32.835,411.99,411.99,6900.0
1.1892,31.801,31.801,412.157,412.157,6900.0
1.1893,30.946,30.946,412.278,412.278,6900.0
1.1894,29.976,29.976,412.364,412.364,6900.0
1.1895,29.027,29.027,412.411,412.411,6900.0
1.1896,27.862,27.862,412.413,412.413,6900.0
1.1897,26.801,26.801,412.361,412.361,6900.0
1.1898,26.0,26.0,412.266,412.266,6900.0
1.1899,25.196,25.196,412.144,412.144,6900.0
1.19,24.014,24.014,412.003,412.003,6900.0
1.1901,22.565,22.565,411.817,411.817,6900.0
1.1902,21.418,21.418,411.567,411.567,6900.0
1.1903,20.505,20.505,411.276,411.276,6900.0
1.1904,19.786,19.786,410.963,410.963,6900.0
1.1905,19.146,18.738,410.642,410.642,6900.0
1.1906,17.098,17.098,410.289,410.289,6900.0
1.1907,15.751,15.751,409.879,409.879,6900.0
1.1908,14.551,14.551,409.432,409.432,6900.0
1.1909,13.355,13.355,408.951,408.951,6900.0
1.191,12.216,12.216,408.451,408.451,6900.0
1.1911,11.03,11.03,407.925,407.925,6900.0
1.1912,9.667,9.667,407.369,407.369,6900.0
1.1913,8.606,8.606,406.791,406.791,6900.0
1.1914,7.268,7.268,406.196,406.196,6900.0
1.1915,5.994,5.994,405.587,405.587,6900.0
1.1916,4.511,4.511,404.965,404.965,6900.0
1.1917,2.949,2.949,404.328,404.328,6900.0
1.1918,1.897,1.897,403.681,403.681,6900.0
1.1919,0.807,0.807,403.027,403.027,6900.0
1.192,0.951,0.951,402.368,402.368,6900.0
1.1921,-0.064,-0.064,401.708,401.708,6900.0
1.1922,-0.888,-0.888,401.047,401.047,6900.0
1.1923,-2.461,-2.461,400.387,400.387,6900.0
1.1924,-3.042,-3.042,399.731,399.731,6900.0
1.1925,-4.426,-4.426,399.081,399.081,6900.0
1.1926,-5.395,-5.395,398.441,398.441,6900.0
1.1927,-6.617,-6.617,397.807,397.807,6900.0
1.1928,-8.029,-8.029,397.184,397.184,6900.0
1.1929,-9.252,-9.252,396.577,396.577,6900.0
1.193,-10.792,-10.792,395.991,395.991,6900.0
1.1931,-11.646,-11.646,395.431,395.431,6900.0
1.1932,-12.685,-12.685,394.879,394.879,6900.0
1.1933,-14.297,-14.297,394.344,394.344,6900.0
1.1934,-15.767,-15.767,393.845,393.845,6900.0
1.1935,-17.295,-17.295,393.395,393.395,6900.0
1.1936,-18.286,-18.286,392.993,392.993,6900.0
1.1937,-19.106,-19.106,392.609,392.609,6900.0
1.1938,-20.574,-20.574,392.242,392.242,6900.0
1.1939,-21.994,-21.994,391.917,391.917,6900.0
1.194,-23.352,-23.352,391.647,391.647,6900.0
1.1941,-24.409,-24.409,391.428,391.428,6900.0
1.1942,-25.24,-25.24,391.243,391.243,6900.0
1.1943,-26.537,-26.537,391.085,391.085,6900.0
1.1944,-27.748,-27.748,390.972,390.972,6900.0
1.1945,-29.064,-28.792,390.909,390.909,6900.0
1.1946,-29.921,-29.921,390.893,390.893,6900.0
1.1947,-30.99,-30.99,390.926,390.926,6900.0
1.1948,-31.823,-31.823,391.009,391.009,6900.0
1.1949,-32.668,-32.668,391.131,391.131,6900.0
1.195,-33.471,-33.471,391.289,391.289,6900.0
1.1951,-34.561,-34.561,391.485,391.485,6900.0
1.1952,-35.542,-35.542,391.73,391.73,6900.0
1.1953,-36.043,-36.043,392.033,392.033,6900.0
1.1954,-36.53,-36.53,392.363,392.363,6900.0
1.1955,-36.969,-36.969,392.71,392.71,6900.0
1.1956,-37.843,-37.843,393.086,393.086,6900.0
1.1957,-38.608,-38.608,393.499,393.499,6900.0
1.1958,-39.105,-39.105,393.971,393.971,6900.0
1.1959,-39.235,-39.235,394.473,394.473,6900.0
1.196,-39.545,-39.545,394.976,394.976,6900.0
1.1961,-40.276,-40.276,395.5,395.5,6900.0
1.1962,-40.786,-40.786,396.053,396.053,6900.0
1.1963,-41.114,-41.114,396.65,396.65,6900.0
1.1964,-41.169,-41.169,397.269,397.269,6900.0
1.1965,-41.345,-41.345,397.876,397.876,6900.0
1.1966,-41.533,-41.533,398.503,398.503,6900.0
1.1967,-41.484,-41.484,399.131,399.131,6900.0
1.1968,-41.844,-41.844,399.764,399.764,6900.0
1.1969,-41.568,-41.568,400.419,400.419,6900.0
1.197,-41.576,-41.576,401.054,401.054,6900.0
1.1971,-41.475,-41.475,401.701,401.701,6900.0
1.1972,-41.118,-41.118,402.34,402.34,6900.0
1.1973,-41.315,-41.315,402.957,402.957,6900.0
1.1974,-41.096,-41.096,403.591,403.591,6900.0
1.1975,-40.916,-40.916,404.207,404.207,6900.0
1.1976,-40.644,-40.644,404.827,404.827,6900.0
1.1977,-40.013,-40.013,405.426,405.426,6900.0
1.1978,-39.824,-39.824,405.982,405.982,6900.0
1.1979,-39.344,-39.344,406.529,406.529,6900.0
1.198,-38.892,-38.892,407.046,407.046,6900.0
1.1981,-38.464,-38.464,407.551,407.551,6900.0
1.1982,-37.906,-37.906,408.027,408.027,6900.0
1.1983,-37.526,-37.526,408.46,408.46,6900.0
1.1984,-36.817,-36.817,408.876,408.876,6900.0
1.1985,-36.286,-36.286,409.259,409.259,6900.0
1.1986,-35.952,-35.952,409.623,409.623,6900.0
1.1987,-35.131,-35.131,409.963,409.963,6900.0
1.1988,-34.309,-34.309,410.257,410.257,6900.0
1.1989,-33.569,-33.569,410.513,410.513,6900.0
1.199,-32.582,-32.582,410.734,410.734,6900.0
1.1991,-31.787,-31.787,410.913,410.913,6900.0
1.1992,-31.042,-31.042,411.056,411.056,6900.0
1.1993,-29.952,-29.952,411.165,411.165,6900.0
1.1994,-28.822,-28.822,411.226,411.226,6900.0
1.1995,-27.769,-27.769,411.237,411.237,6900.0
1.1996,-27.03,-27.03,411.202,411.202,6900.0
1.1997,-26.334,-26.334,411.134,411.134,6900.0
1.1998,-25.417,-25.417,411.044,411.044,6900.0
1.1999,-24.206,-24.206,410.921,410.921,6900.0
1.2,-22.886,-22.886,410.748,410.748,6900.0
1.2001,-22.252,-22.252,410.519,410.519,6900.0
1.2002,-21.484,-21.484,410.265,410.265,6900.0
1.2003,-20.579,-20.579,409.997,409.997,6900.0
1.2004,-19.233,-19.233,409.707,409.707,6900.0
1.2005,-17.518,-17.518,409.364,409.364,6900.0
1.2006,-17.03,-16.579,408.962,408.962,6900.0
1.2007,-15.562,-15.562,408.529,408.529,6900.0
1.2008,-14.826,-14.826,408.073,408.073,6900.0
1.2009,-13.547,-13.547,407.603,407.603,6900.0
1.201,-12.048,-12.048,407.1,407.1,6900.0
1.2011,-11.211,-11.211,406.563,406.563,6900.0
1.2012,-9.814,-9.814,406.011,406.011,6900.0
1.2013,-8.974,-8.974,405.439,405.439,6900.0
1.2014,-7.532,-7.532,404.855,404.855,6900.0
1.2015,-6.154,-6.154,404.25,404.25,6900.0
1.2016,-4.65,-4.65,403.627,403.627,6900.0
1.2017,-3.296,-3.296,402.99,402.99,6900.0
1.2018,-2.076,-2.076,402.341,402.341,6900.0
1.2019,-0.859,-0.859,401.684,401.684,6900.0
1.202,-0.0,-0.0,401.024,401.024,6900.0
1.2021,-0.0,-0.0,400.361,400.361,6900.0
1.2022,1.354,1.354,399.698,399.698,6900.0
1.2023,2.04,2.04,399.036,399.036,6900.0
1.2024,2.744,2.744,398.378,398.378,6900.0
1.2025,3.737,3.737,397.722,397.722,6900.0
1.2026,5.082,5.082,397.072,397.072,6900.0
1.2027,6.385,6.385,396.431,396.431,6900.0
1.2028,7.756,7.756,395.803,395.803,6900.0
1.2029,9.008,9.008,395.194,395.194,6900.0
1.203,10.053,10.053,394.601,394.601,6900.0
1.2031,11.537,11.537,394.019,394.019,6900.0
1.2032,12.989,12.989,393.465,393.465,6900.0
1.2033,14.575,14.575,392.945,392.945,6900.0
1.2034,15.864,15.864,392.473,392.473,6900.0
1.2035,16.643,16.643,392.03,392.03,6900.0
1.2036,17.884,17.884,391.596,391.596,6900.0
1.2037,19.208,19.208,391.193,391.193,6900.0
1.2038,20.733,20.733,390.833,390.833,6900.0
1.2039,21.864,21.864,390.533,390.533,6900.0
1.204,22.735,22.735,390.27,390.27,6900.0
1.2041,23.972,23.972,390.024,390.024,6900.0
1.2042,25.126,25.126,389.815,389.815,6900.0
1.2043,26.228,26.228,389.649,389.649,6900.0
1.2044,27.348,27.348,389.533,389.533,6900.0
1.2045,28.319,28.319,389.464,389.464,6900.0
1.2046,29.561,29.305,389.439,389.439,6900.0
1.2047,30.27,30.27,389.459,389.459,6900.0
1.2048,31.283,31.283,389.522,389.522,6900.0
1.2049,32.177,32.177,389.628,389.628,6900.0
1.205,32.879,32.879,389.779,389.779,6900.0
1.2051,33.676,33.676,389.977,389.977,6900.0
1.2052,34.433,34.433,390.214,390.214,6900.0
1.2053,35.133,35.133,390.482,390.482,6900.0
1.2054,36.125,36.125,390.769,390.769,6900.0
1.2055,36.938,36.938,391.102,391.102,6900.0
1.2056,37.694,37.694,391.482,391.482,6900.0
1.2057,38.149,38.149,391.909,391.909,6900.0
1.2058,38.488,38.488,392.355,392.355,6900.0
1.2059,39.295,39.295,392.813,392.813,6900.0
1.206,39.609,39.609,393.319,393.319,6900.0
1.2061,40.141,40.141,393.852,393.852,6900.0
1.2062,40.209,40.209,394.434,394.434,6900.0
1.2063,40.309,40.309,395.02,395.02,6900.0
1.2064,40.863,40.863,395.607,395.607,6900.0
1.2065,40.978,40.978,396.221,396.221,6900.0
1.2066,41.272,41.272,396.831,396.831,6900.0
1.2067,41.427,41.427,397.466,397.466,6900.0
1.2068,41.311,41.311,398.099,398.099,6900.0
1.2069,41.532,41.532,398.723,398.723,6900.0
1.207,41.457,41.457,399.36,399.36,6900.0
1.2071,41.496,41.496,399.982,399.982,6900.0
1.2072,41.587,41.587,400.623,400.623,6900.0
1.2073,41.206,41.206,401.268,401.268,6900.0
1.2074,41.118,41.118,401.904,401.904,6900.0
1.2075,40.746,40.746,402.543,402.543,6900.0
1.2076,40.507,40.507,403.151,403.151,6900.0
1.2077,40.273,40.273,403.749,403.749,6900.0
1.2078,39.824,39.824,404.326,404.326,6900.0
1.2079,39.625,39.625,404.884,404.884,6900.0
1.208,39.196,39.196,405.424,405.424,6900.0
1.2081,38.596,38.596,405.925,405.925,6900.0
1.2082,38.17,38.17,406.39,406.39,6900.0
1.2083,37.62,37.62,406.831,406.831,6900.0
1.2084,37.075,37.075,407.253,407.253,6900.0
1.2085,36.337,36.337,407.654,407.654,6900.0
1.2086,35.582,35.582,408.016,408.016,6900.0
1.2087,34.918,34.918,408.34,408.34,6900.0
1.2088,34.235,34.235,408.632,408.632,6900.0
1.2089,33.525,33.525,408.896,408.896,6900.0
1.209,32.646,32.646,409.128,409.128,6900.0
1.2091,31.889,31.889,409.316,409.316,6900.0
1.2092,31.02,31.02,409.464,409.464,6900.0
1.2093,30.29,30.29,409.565,409.565,6900.0
1.2094,29.455,29.455,409.623,409.623,6900.0
1.2095,28.547,28.547,409.642,409.642,6900.0
1.2096,27.758,27.758,409.625,409.625,6900.0
1.2097,26.651,26.651,409.583,409.583,6900.0
1.2098,25.559,25.559,409.496,409.496,6900.0
1.2099,24.588,24.588,409.357,409.357,6900.0
1.21,23.76,23.76,409.18,409.18,6900.0
1.2101,22.756,22.756,408.98,408.98,6900.0
1.2102,21.618,21.618,408.763,408.763,6900.0
1.2103,20.104,20.104,408.503,408.503,6900.0
1.2104,18.79,18.79,408.177,408.177,6900.0
1.2105,17.959,17.959,407.805,407.805,6900.0
1.2106,17.137,17.137,407.407,407.407,6900.0
1.2107,16.116,16.116,406.996,406.996,6900.0
1.2108,14.732,14.732,406.559,406.559,6900.0
1.2109,13.483,13.483,406.078,406.078,6900.0
1.211,12.394,12.394,405.571,405.571,6900.0
1.2111,11.082,11.082,405.04,405.04,6900.0
1.2112,9.943,9.943,404.492,404.492,6900.0
1.2113,8.399,8.399,403.924,403.924,6900.0
1.2114,7.021,7.021,403.329,403.329,6900.0
1.2115,5.822,5.822,402.715,402.715,6900.0
1.2116,4.387,4.387,402.085,402.085,6900.0
1.2117,3.051,3.051,401.443,401.443,6900.0
1.2118,1.77,1.77,400.79,400.79,6900.0
1.2119,0.763,0.763,400.13,400.13,6900.0
1.212,0.0,0.0,399.466,399.466,6900.0
1.2121,0.0,0.0,398.801,398.801,6900.0
1.2122,-2.145,-2.145,398.135,398.135,6900.0
1.2123,-1.875,-1.875,397.472,397.472,6900.0
1.2124,-2.915,-2.915,396.809,396.809,6900.0
1.2125,-4.315,-4.315,396.15,396.15,6900.0
1.2126,-5.507,-5.507,395.499,395.499,6900.0
1.2127,-6.989,-6.989,394.86,394.86,6900.0
1.2128,-8.011,-8.011,394.239,394.239,6900.0
1.2129,-9.148,-9.148,393.626,393.626,6900.0
1.213,-10.757,-10.757,393.029,393.029,6900.0
1.2131,-11.926,-11.926,392.459,392.459,6900.0
1.2132,-13.514,-13.514,391.92,391.92,6900.0
1.2133,-14.511,-14.511,391.417,391.417,6900.0
1.2134,-15.597,-15.597,390.927,390.927,6900.0
1.2135,-17.093,-17.093,390.456,390.456,6900.0
1.2136,-18.469,-18.469,390.024,390.024,6900.0
1.2137,-19.841,-19.841,389.646,389.646,6900.0
1.2138,-20.8,-20.8,389.317,389.317,6900.0
1.2139,-21.578,-21.578,389.011,389.011,6900.0
1.214,-22.859,-22.859,388.723,388.723,6900.0
1.2141,-24.36,-24.36,388.473,388.473,6900.0
1.2142,-25.623,-25.623,388.277,388.277,6900.0
1.2143,-26.805,-26.805,388.128,388.128,6900.0
1.2144,-27.795,-27.795,388.024,388.024,6900.0
1.2145,-28.855,-28.855,387.958,387.958,6900.0
1.2146,-30.036,-30.036,387.935,387.935,6900.0
1.2147,-31.325,-31.079,387.964,387.964,6900.0
1.2148,-32.111,-32.111,388.044,388.044,6900.0
1.2149,-33.172,-33.172,388.176,388.176,6900.0
1.215,-34.021,-34.021,388.366,388.366,6900.0
1.2151,-34.777,-34.777,388.596,388.596,6900.0
1.2152,-35.424,-35.424,388.855,388.855,6900.0
1.2153,-36.37,-36.37,389.144,389.144,6900.0
1.2154,-37.238,-37.238,389.473,389.473,6900.0
1.2155,-37.929,-37.929,389.852,389.852,6900.0
1.2156,-38.435,-38.435,390.265,390.265,6900.0
1.2157,-39.057,-39.057,390.69,390.69,6900.0
1.2158,-39.752,-39.752,391.15,391.15,6900.0
1.2159,-40.272,-40.272,391.646,391.646,6900.0
1.216,-40.877,-40.877,392.195,392.195,6900.0
1.2161,-41.071,-41.071,392.784,392.784,6900.0
1.2162,-41.362,-41.362,393.376,393.376,6900.0
1.2163,-41.792,-41.792,393.993,393.993,6900.0
1.2164,-42.084,-42.084,394.627,394.627,6900.0
1.2165,-42.341,-42.341,395.287,395.287,6900.0
1.2166,-42.398,-42.398,395.961,395.961,6900.0
1.2167,-42.451,-42.451,396.618,396.618,6900.0
1.2168,-42.495,-42.495,397.286,397.286,6900.0
1.2169,-42.426,-42.426,397.944,397.944,6900.0
1.217,-42.622,-42.622,398.602,398.602,6900.0
1.2171,-42.38,-42.38,399.277,399.277,6900.0
1.2172,-42.396,-42.396,399.934,399.934,6900.0
1.2173,-42.223,-42.223,400.61,400.61,6900.0
1.2174,-41.889,-41.889,401.276,401.276,6900.0
1.2175,-41.869,-41.869,401.918,401.918,6900.0
1.2176,-41.547,-41.547,402.566,402.566,6900.0
1.2177,-41.237,-41.237,403.191,403.191,6900.0
1.2178,-40.79,-40.79,403.812,403.812,6900.0
1.2179,-40.111,-40.111,404.401,404.401,6900.0
1.218,-39.779,-39.779,404.942,404.942,6900.0
1.2181,-39.565,-39.565,405.46,405.46,6900.0
1.2182,-39.302,-39.302,405.956,405.956,6900.0
1.2183,-38.61,-38.61,406.445,406.445,6900.0
1.2184,-37.768,-37.768,406.896,406.896,6900.0
1.2185,-37.112,-37.112,407.3,407.3,6900.0
1.2186,-36.597,-36.597,407.674,407.674,6900.0
1.2187,-36.047,-36.047,408.022,408.022,6900.0
1.2188,-35.455,-35.455,408.348,408.348,6900.0
1.2189,-34.767,-34.767,408.645,408.645,6900.0
1.219,-33.773,-33.773,408.903,408.903,6900.0
1.2191,-32.86,-32.86,409.116,409.116,6900.0
1.2192,-32.029,-32.029,409.283,409.283,6900.0
1.2193,-31.205,-31.205,409.41,409.41,6900.0
1.2194,-30.358,-30.358,409.499,409.499,6900.0
1.2195,-29.622,-29.622,409.551,409.551,6900.0
1.2196,-28.442,-28.442,409.566,409.566,6900.0
1.2197,-27.213,-27.213,409.528,409.528,6900.0
1.2198,-26.209,-26.209,409.438,409.438,6900.0
1.2199,-25.256,-25.256,409.312,409.312,6900.0
1.22,-24.556,-24.556,409.161,409.161,6900.0
1.2201,-23.29,-23.29,408.989,408.989,6900.0
1.2202,-21.804,-21.804,408.761,408.761,6900.0
1.2203,-20.798,-20.798,408.474,408.474,6900.0
1.2204,-19.853,-19.853,408.155,408.155,6900.0
1.2205,-18.964,-18.964,407.819,407.819,6900.0
1.2206,-17.376,-17.376,407.469,407.469,6900.0
1.2207,-15.808,-15.808,407.067,407.067,6900.0
1.2208,-14.853,-14.853,406.616,406.616,6900.0
1.2209,-13.607,-13.607,406.139,406.139,6900.0
1.221,-12.734,-12.734,405.633,405.633,6900.0
1.2211,-11.564,-11.564,405.11,405.11,6900.0
1.2212,-10.198,-10.198,404.559,404.559,6900.0
1.2213,-8.876,-8.876,403.98,403.98,6900.0
1.2214,-7.58,-7.58,403.383,403.383,6900.0
1.2215,-6.437,-6.437,402.769,402.769,6900.0
1.2216,-4.931,-4.931,402.143,402.143,6900.0
1.2217,-3.394,-3.394,401.504,401.504,6900.0
1.2218,-2.211,-2.211,400.853,400.853,6900.0
1.2219,-0.924,-0.924,400.195,400.195,6900.0
1.222,-1.013,-1.013,399.532,399.532,6900.0
1.2221,-0.0,-0.0,398.867,398.867,6900.0
1.2222,1.376,1.376,398.201,398.201,6900.0
1.2223,1.709,1.709,397.536,397.536,6900.0
1.2224,2.734,2.734,396.873,396.873,6900.0
1.2225,4.039,4.039,396.216,396.216,6900.0
1.2226,5.175,5.175,395.57,395.57,6900.0
1.2227,6.231,6.231,394.933,394.933,6900.0
1.2228,7.653,7.653,394.303,394.303,6900.0
1.2229,9.139,9.139,393.691,393.691,6900.0
1.223,10.699,10.699,393.098,393.098,6900.0
1.2231,12.012,12.012,392.535,392.535,6900.0
1.2232,13.034,13.034,391.991,391.991,6900.0
1.2233,14.531,14.531,391.457,391.457,6900.0
1.2234,16.158,16.158,390.954,390.954,6900.0
1.2235,17.804,17.804,390.496,390.496,6900.0
1.2236,19.2,19.2,390.096,390.096,6900.0
1.2237,20.113,20.113,389.735,389.735,6900.0
1.2238,21.219,21.219,389.389,389.389,6900.0
1.2239,22.493,22.493,389.076,389.076,6900.0
1.224,23.832,23.832,388.808,388.808,6900.0
1.2241,24.839,24.839,388.599,388.599,6900.0
1.2242,25.844,25.844,388.427,388.427,6900.0
1.2243,27.074,27.074,388.285,388.285,6900.0
1.2244,28.189,28.189,388.185,388.185,6900.0
1.2245,29.352,29.352,388.129,388.129,6900.0
1.2246,30.425,30.425,388.122,388.122,6900.0
1.2247,31.528,31.528,388.164,388.164,6900.0
1.2248,32.397,32.397,388.259,388.259,6900.0
1.2249,33.148,33.148,388.399,388.399,6900.0
1.225,33.96,33.96,388.574,388.574,6900.0
1.2251,35.002,35.002,388.782,388.782,6900.0
1.2252,35.938,35.938,389.04,389.04,6900.0
1.2253,36.893,36.893,389.353,389.353,6900.0
1.2254,37.5,37.5,389.715,389.715,6900.0
1.2255,38.106,38.106,390.101,390.101,6900.0
1.2256,38.905,38.905,390.507,390.507,6900.0
1.2257,39.518,39.518,390.953,390.953,6900.0
1.2258,40.178,40.178,391.442,391.442,6900.0
1.2259,40.615,40.615,391.978,391.978,6900.0
1.226,40.864,40.864,392.533,392.533,6900.0
1.2261,41.605,41.605,393.095,393.095,6900.0
1.2262,41.933,41.933,393.698,393.698,6900.0
1.2263,42.387,42.387,394.321,394.321,6900.0
1.2264,42.498,42.498,394.985,394.985,6900.0
1.2265,42.42,42.42,395.654,395.654,6900.0
1.2266,42.77,42.77,396.314,396.314,6900.0
1.2267,42.733,42.733,396.994,396.994,6900.0
1.2268,43.033,43.033,397.66,397.66,6900.0
1.2269,43.214,43.214,398.352,398.352,6900.0
1.227,43.182,43.182,399.043,399.043,6900.0
1.2271,43.316,43.316,399.734,399.734,6900.0
1.2272,43.142,43.142,400.433,400.433,6900.0
1.2273,42.837,42.837,401.113,401.113,6900.0
1.2274,42.48,42.48,401.793,401.793,6900.0
1.2275,42.177,42.177,402.456,402.456,6900.0
1.2276,42.153,42.153,403.111,403.111,6900.0
1.2277,41.791,41.791,403.765,403.765,6900.0
1.2278,41.21,41.21,404.386,404.386,6900.0
1.2279,40.981,40.981,404.977,404.977,6900.0
1.228,40.5,40.5,405.546,405.546,6900.0
1.2281,40.116,40.116,406.096,406.096,6900.0
1.2282,39.49,39.49,406.622,406.622,6900.0
1.2283,38.822,38.822,407.106,407.106,6900.0
1.2284,38.475,38.475,407.551,407.551,6900.0
1.2285,37.798,37.798,407.973,407.973,6900.0
1.2286,37.158,37.158,408.373,408.373,6900.0
1.2287,36.513,36.513,408.744,408.744,6900.0
1.2288,35.818,35.599,409.081,409.081,6900.0
1.2289,34.838,34.838,409.371,409.371,6900.0
1.229,34.032,34.032,409.625,409.625,6900.0
1.2291,33.214,33.214,409.841,409.841,6900.0
1.2292,32.248,32.248,410.021,410.021,6900.0
1.2293,31.317,31.317,410.159,410.159,6900.0
1.2294,30.251,30.251,410.256,410.256,6900.0
1.2295,29.295,29.295,410.303,410.303,6900.0
1.2296,28.285,28.285,410.298,410.298,6900.0
1.2297,27.346,27.346,410.249,410.249,6900.0
1.2298,26.524,26.524,410.169,410.169,6900.0
1.2299,25.424,25.424,410.067,410.067,6900.0
1.23,24.099,24.099,409.922,409.922,6900.0
1.2301,23.143,23.143,409.715,409.715,6900.0
1.2302,22.384,22.384,409.468,409.468,6900.0
1.2303,21.509,21.509,409.203,409.203,6900.0
1.2304,20.263,20.263,408.926,408.926,6900.0
1.2305,18.664,18.664,408.611,408.611,6900.0
1.2306,17.344,17.344,408.234,408.234,6900.0
1.2307,16.342,16.342,407.816,407.816,6900.0
1.2308,15.428,15.428,407.365,407.365,6900.0
1.2309,14.355,14.355,406.898,406.898,6900.0
1.231,12.883,12.883,406.404,406.404,6900.0
1.2311,11.223,11.223,405.874,405.874,6900.0
1.2312,10.105,10.105,405.317,405.317,6900.0
1.2313,8.927,8.927,404.74,404.74,6900.0
1.2314,7.643,7.643,404.151,404.151,6900.0
1.2315,6.193,6.193,403.545,403.545,6900.0
1.2316,4.713,4.713,402.921,402.921,6900.0
1.2317,3.35,3.35,402.283,402.283,6900.0
1.2318,2.027,2.027,401.633,401.633,6900.0
1.2319,0.703,0.703,400.976,400.976,6900.0
1.232,0.0,0.0,400.314,400.314,6900.0
1.2321,0.0,0.0,399.65,399.65,6900.0
1.2322,-2.228,-2.228,398.986,398.986,6900.0
1.2323,-2.085,-2.085,398.325,398.325,6900.0
1.2324,-3.149,-3.149,397.666,397.666,6900.0
1.2325,-4.229,-4.229,397.013,397.013,6900.0
1.2326,-5.316,-5.316,396.366,396.366,6900.0
1.2327,-6.767,-6.767,395.727,395.727,6900.0
1.2328,-8.232,-8.232,395.1,395.1,6900.0
1.2329,-9.792,-9.792,394.493,394.493,6900.0
1.233,-10.885,-10.885,393.909,393.909,6900.0
1.2331,-11.962,-11.962,393.335,393.335,6900.0
1.2332,-13.479,-13.479,392.779,392.779,6900.0
1.2333,-14.901,-14.901,392.258,392.258,6900.0
1.2334,-16.308,-16.308,391.784,391.784,6900.0
1.2335,-17.248,-17.248,391.353,391.353,6900.0
1.2336,-18.326,-18.326,390.939,390.939,6900.0
1.2337,-19.662,-19.662,390.544,390.544,6900.0
1.2338,-21.244,-21.244,390.187,390.187,6900.0
1.2339,-22.896,-22.896,389.886,389.886,6900.0
1.234,-23.893,-23.893,389.641,389.641,6900.0
1.2341,-25.003,-25.003,389.424,389.424,6900.0
1.2342,-26.201,-26.201,389.238,389.238,6900.0
1.2343,-27.601,-27.601,389.092,389.092,6900.0
1.2344,-28.746,-28.746,389.002,389.002,6900.0
1.2345,-29.71,-29.71,388.965,388.965,6900.0
1.2346,-30.669,-30.669,388.976,388.976,6900.0
1.2347,-31.561,-31.561,389.034,389.034,6900.0
1.2348,-32.662,-32.662,389.134,389.134,6900.0
1.2349,-33.465,-33.465,389.28,389.28,6900.0
1.235,-34.454,-34.454,389.464,389.464,6900.0
1.2351,-35.835,-35.835,389.691,389.691,6900.0
1.2352,-36.595,-36.595,389.985,389.985,6900.0
1.2353,-37.17,-37.17,390.316,390.316,6900.0
1.2354,-37.816,-37.816,390.664,390.664,6900.0
1.2355,-38.68,-38.68,391.043,391.043,6900.0
1.2356,-39.465,-39.465,391.461,391.461,6900.0
1.2357,-40.012,-40.012,391.939,391.939,6900.0
1.2358,-40.36,-40.36,392.451,392.451,6900.0
1.2359,-40.749,-40.749,392.972,392.972,6900.0
1.236,-41.39,-41.39,393.523,393.523,6900.0
1.2361,-41.858,-41.858,394.105,394.105,6900.0
1.2362,-42.376,-42.376,394.734,394.734,6900.0
1.2363,-42.504,-42.504,395.391,395.391,6900.0
1.2364,-42.678,-42.678,396.043,396.043,6900.0
1.2365,-42.872,-42.872,396.71,396.71,6900.0
1.2366,-42.887,-42.887,397.379,397.379,6900.0
1.2367,-43.291,-43.291,398.055,398.055,6900.0
1.2368,-43.154,-43.154,398.752,398.752,6900.0
1.2369,-43.198,-43.198,399.429,399.429,6900.0
1.237,-43.136,-43.136,400.122,400.122,6900.0
1.2371,-43.073,-43.073,400.805,400.805,6900.0
1.2372,-43.19,-43.19,401.488,401.488,6900.0
1.2373,-42.946,-42.946,402.185,402.185,6900.0
1.2374,-42.729,-42.729,402.866,402.866,6900.0
1.2375,-42.486,-42.486,403.552,403.552,6900.0
1.2376,-41.994,-41.994,404.218,404.218,6900.0
1.2377,-41.847,-41.847,404.847,404.847,6900.0
1.2378,-41.349,-41.349,405.469,405.469,6900.0
1.2379,-41.205,-41.205,406.057,406.057,6900.0
1.238,-40.703,-40.703,406.643,406.643,6900.0
1.2381,-39.955,-39.955,407.195,407.195,6900.0
1.2382,-39.521,-39.521,407.696,407.696,6900.0
1.2383,-38.932,-38.932,408.176,408.176,6900.0
1.2384,-38.465,-38.465,408.626,408.626,6900.0
1.2385,-37.85,-37.85,409.062,409.062,6900.0
1.2386,-37.182,-37.182,409.468,409.468,6900.0
1.2387,-36.421,-36.421,409.833,409.833,6900.0
1.2388,-35.556,-35.556,410.164,410.164,6900.0
1.2389,-34.979,-34.75,410.455,410.455,6900.0
1.239,-33.916,-33.916,410.711,410.711,6900.0
1.2391,-33.141,-33.141,410.926,410.926,6900.0
1.2392,-32.231,-32.231,411.103,411.103,6900.0
1.2393,-31.212,-31.212,411.234,411.234,6900.0
1.2394,-30.24,-30.24,411.315,411.315,6900.0
1.2395,-29.486,-29.486,411.348,411.348,6900.0
1.2396,-28.425,-28.425,411.347,411.347,6900.0
1.2397,-27.456,-27.456,411.315,411.315,6900.0
1.2398,-26.365,-26.365,411.246,411.246,6900.0
1.2399,-25.034,-25.034,411.13,411.13,6900.0
1.24,-24.117,-24.117,410.958,410.958,6900.0
1.2401,-23.124,-23.124,410.758,410.758,6900.0
1.2402,-22.225,-22.225,410.537,410.537,6900.0
1.2403,-20.826,-20.826,410.294,410.294,6900.0
1.2404,-19.243,-19.243,409.991,409.991,6900.0
1.2405,-18.202,-18.202,409.626,409.626,6900.0
1.2406,-17.269,-17.269,409.227,409.227,6900.0
1.2407,-16.437,-16.437,408.806,408.806,6900.0
1.2408,-15.08,-15.08,408.371,408.371,6900.0
1.2409,-13.562,-13.562,407.9,407.9,6900.0
1.241,-12.589,-12.589,407.393,407.393,6900.0
1.2411,-11.441,-11.441,406.866,406.866,6900.0
1.2412,-10.382,-10.382,406.319,406.319,6900.0
1.2413,-8.84,-8.84,405.759,405.759,6900.0
1.2414,-7.273,-7.273,405.173,405.173,6900.0
1.2415,-5.937,-5.937,404.564,404.564,6900.0
1.2416,-4.695,-4.695,403.938,403.938,6900.0
1.2417,-3.384,-3.384,403.299,403.299,6900.0
1.2418,-2.132,-2.132,402.65,402.65,6900.0
1.2419,-0.823,-0.823,401.994,401.994,6900.0
1.242,-0.0,-0.0,401.333,401.333,6900.0
1.2421,-0.0,-0.0,400.671,400.671,6900.0
1.2422,0.73,0.73,400.009,400.009,6900.0
1.2423,1.859,1.859,399.348,399.348,6900.0
1.2424,2.513,2.513,398.689,398.689,6900.0
1.2425,3.874,3.874,398.032,398.032,6900.0
1.2426,4.978,4.978,397.382,397.382,6900.0
1.2427,6.534,6.534,396.742,396.742,6900.0
1.2428,7.776,7.776,396.121,396.121,6900.0
1.2429,8.915,8.915,395.513,395.513,6900.0
1.243,10.408,10.408,394.917,394.917,6900.0
1.2431,12.056,12.056,394.345,394.345,6900.0
1.2432,13.656,13.656,393.806,393.806,6900.0
1.2433,14.933,14.933,393.311,393.311,6900.0
1.2434,15.942,15.942,392.841,392.841,6900.0
1.2435,17.161,17.161,392.382,392.382,6900.0
1.2436,18.873,18.873,391.951,391.951,6900.0
1.2437,20.313,20.313,391.571,391.571,6900.0
1.2438,21.524,21.524,391.249,391.249,6900.0
1.2439,22.475,22.475,390.965,390.965,6900.0
1.244,23.651,23.651,390.699,390.699,6900.0
1.2441,24.925,24.925,390.467,390.467,6900.0
1.2442,26.254,26.254,390.281,390.281,6900.0
1.2443,27.223,27.223,390.151,390.151,6900.0
1.2444,28.157,28.157,390.064,390.064,6900.0
1.2445,29.098,29.098,390.016,390.016,6900.0
1.2446,29.983,29.983,390.011,390.011,6900.0
1.2447,31.033,31.033,390.046,390.046,6900.0
1.2448,32.106,32.106,390.125,390.125,6900.0
1.2449,33.088,33.088,390.253,390.253,6900.0
1.245,34.016,34.016,390.435,390.435,6900.0
1.2451,34.676,34.676,390.665,390.665,6900.0
1.2452,35.366,35.366,390.923,390.923,6900.0
1.2453,36.237,36.237,391.203,391.203,6900.0
1.2454,37.082,37.082,391.526,391.526,6900.0
1.2455,38.05,38.05,391.896,391.896,6900.0
1.2456,38.541,38.541,392.32,392.32,6900.0
1.2457,38.924,38.924,392.763,392.763,6900.0
1.2458,39.538,39.538,393.221,393.221,6900.0
1.2459,39.884,39.884,393.716,393.716,6900.0
1.246,40.713,40.713,394.241,394.241,6900.0
1.2461,41.029,41.029,394.822,394.822,6900.0
1.2462,41.279,41.279,395.418,395.418,6900.0
1.2463,41.75,41.75,396.02,396.02,6900.0
1.2464,41.718,41.718,396.651,396.651,6900.0
1.2465,42.052,42.052,397.277,397.277,6900.0
1.2466,42.285,42.285,397.936,397.936,6900.0
1.2467,42.126,42.126,398.598,398.598,6900.0
1.2468,42.256,42.256,399.25,399.25,6900.0
1.2469,42.298,42.298,399.912,399.912,6900.0
1.247,42.409,42.409,400.562,400.562,6900.0
1.2471,42.391,42.391,401.233,401.233,6900.0
1.2472,42.103,42.103,401.899,401.899,6900.0
1.2473,42.092,42.092,402.56,402.56,6900.0
1.2474,41.649,41.649,403.225,403.225,6900.0
1.2475,41.224,41.224,403.857,403.857,6900.0
1.2476,41.284,41.284,404.476,404.476,6900.0
1.2477,40.946,40.946,405.085,405.085,6900.0
1.2478,40.656,40.656,405.683,405.683,6900.0
1.2479,40.082,40.082,406.265,406.265,6900.0
1.248,39.368,39.368,406.806,406.806,6900.0
1.2481,39.12,39.12,407.31,407.31,6900.0
1.2482,38.738,38.738,407.791,407.791,6900.0
1.2483,38.311,38.311,408.26,408.26,6900.0
1.2484,37.709,37.709,408.706,408.706,6900.0
1.2485,36.889,36.889,409.116,409.116,6900.0
1.2486,36.336,36.336,409.482,409.482,6900.0
1.2487,35.544,35.544,409.82,409.82,6900.0
1.2488,34.832,34.832,410.128,410.128,6900.0
1.2489,34.088,34.088,410.404,410.404,6900.0
1.249,33.2,33.2,410.643,410.643,6900.0
1.2491,32.359,32.359,410.838,410.838,6900.0
1.2492,31.404,31.404,410.992,410.992,6900.0
1.2493,30.534,30.534,411.098,411.098,6900.0
1.2494,29.765,29.765,411.165,411.165,6900.0
1.2495,28.918,28.918,411.2,411.2,6900.0
1.2496,27.837,27.837,411.203,411.203,6900.0
1.2497,26.663,26.663,411.158,411.158,6900.0
1.2498,25.703,25.703,411.055,411.055,6900.0
1.2499,24.893,24.893,410.913,410.913,6900.0
1.25,24.044,24.044,410.747,410.747,6900.0
1.2501,22.828,22.828,410.565,410.565,6900.0
1.2502,21.312,21.312,410.339,410.339,6900.0
1.2503,20.015,20.015,410.047,410.047,6900.0
1.2504,19.111,19.111,409.711,409.711,6900.0
1.2505,18.342,18.342,409.35,409.35,6900.0
1.2506,17.466,17.466,408.979,408.979,6900.0
1.2507,15.852,15.852,408.582,408.582,6900.0
1.2508,14.599,14.599,408.135,408.135,6900.0
1.2509,13.642,13.642,407.655,407.655,6900.0
1.251,12.36,12.36,407.15,407.15,6900.0
1.2511,11.221,11.221,406.626,406.626,6900.0
1.2512,9.672,9.672,406.079,406.079,6900.0
1.2513,8.333,8.333,405.501,405.501,6900.0
1.2514,7.14,7.14,404.903,404.903,6900.0
1.2515,5.766,5.766,404.288,404.288,6900.0
1.2516,4.407,4.407,403.66,403.66,6900.0
1.2517,3.062,3.062,403.019,403.019,6900.0
1.2518,1.802,1.802,402.369,402.369,6900.0
1.2519,0.677,0.677,401.711,401.711,6900.0
1.252,0.0,0.0,401.051,401.051,6900.0
1.2521,0.0,0.0,400.388,400.388,6900.0
1.2522,-1.836,-1.836,399.725,399.725,6900.0
1.2523,-2.001,-2.001,399.063,399.063,6900.0
1.2524,-3.195,-3.195,398.403,398.403,6900.0
1.2525,-4.348,-4.348,397.749,397.749,6900.0
1.2526,-5.602,-5.602,397.105,397.105,6900.0
1.2527,-6.75,-6.75,396.474,396.474,6900.0
1.2528,-7.786,-7.786,395.852,395.852,6900.0
1.2529,-9.375,-9.375,395.243,395.243,6900.0
1.253,-11.25,-10.756,394.655,394.655,6900.0
1.2531,-12.284,-12.284,394.096,394.096,6900.0
1.2532,-13.388,-13.388,393.567,393.567,6900.0
1.2533,-14.328,-14.328,393.051,393.051,6900.0
1.2534,-15.652,-15.652,392.551,392.551,6900.0
1.2535,-17.173,-17.173,392.087,392.087,6900.0
1.2536,-18.795,-18.795,391.675,391.675,6900.0
1.2537,-19.823,-19.823,391.316,391.316,6900.0
1.2538,-20.875,-20.875,390.978,390.978,6900.0
1.2539,-22.153,-22.153,390.664,390.664,6900.0
1.254,-23.443,-23.443,390.389,390.389,6900.0
1.2541,-24.846,-24.846,390.164,390.164,6900.0
1.2542,-25.827,-25.827,389.99,389.99,6900.0
1.2543,-26.887,-26.887,389.85,389.85,6900.0
1.2544,-28.075,-28.075,389.746,389.746,6900.0
1.2545,-29.124,-29.124,389.689,389.689,6900.0
1.2546,-30.077,-30.077,389.679,389.679,6900.0
1.2547,-30.853,-30.853,389.716,389.716,6900.0
1.2548,-32.1,-32.1,389.795,389.795,6900.0
1.2549,-33.269,-33.269,389.934,389.934,6900.0
1.255,-34.056,-34.056,390.121,390.121,6900.0
1.2551,-34.857,-34.857,390.339,390.339,6900.0
1.2552,-35.804,-35.804,390.594,390.594,6900.0
1.2553,-36.493,-36.493,390.892,390.892,6900.0
1.2554,-37.115,-37.115,391.239,391.239,6900.0
1.2555,-37.551,-37.551,391.618,391.618,6900.0
1.2556,-38.151,-38.151,392.009,392.009,6900.0
1.2557,-38.99,-38.99,392.434,392.434,6900.0
1.2558,-39.634,-39.634,392.896,392.896,6900.0
1.2559,-40.067,-40.067,393.414,393.414,6900.0
1.256,-40.291,-40.291,393.962,393.962,6900.0
1.2561,-40.768,-40.768,394.513,394.513,6900.0
1.2562,-41.192,-41.192,395.096,395.096,6900.0
1.2563,-41.452,-41.452,395.696,395.696,6900.0
1.2564,-41.727,-41.727,396.327,396.327,6900.0
1.2565,-41.755,-41.755,396.974,396.974,6900.0
1.2566,-41.884,-41.884,397.607,397.607,6900.0
1.2567,-42.143,-42.143,398.254,398.254,6900.0
1.2568,-41.974,-41.974,398.903,398.903,6900.0
1.2569,-42.063,-42.063,399.551,399.551,6900.0
1.257,-41.91,-41.91,400.211,400.211,6900.0
1.2571,-41.928,-41.928,400.856,400.856,6900.0
1.2572,-41.858,-41.858,401.515,401.515,6900.0
1.2573,-41.743,-41.743,402.164,402.164,6900.0
1.2574,-41.785,-41.785,402.801,402.801,6900.0
1.2575,-41.411,-41.411,403.447,403.447,6900.0
1.2576,-41.217,-41.217,404.069,404.069,6900.0
1.2577,-40.827,-40.827,404.692,404.692,6900.0
1.2578,-40.124,-40.124,405.289,405.289,6900.0
1.2579,-39.749,-39.749,405.837,405.837,6900.0
1.258,-39.278,-39.278,406.368,406.368,6900.0
1.2581,-38.914,-38.914,406.869,406.869,6900.0
1.2582,-38.359,-38.359,407.361,407.361,6900.0
1.2583,-37.699,-37.699,407.82,407.82,6900.0
1.2584,-37.041,-37.041,408.235,408.235,6900.0
1.2585,-36.426,-36.426,408.622,408.622,6900.0
1.2586,-36.151,-36.151,408.976,408.976,6900.0
1.2587,-35.634,-35.634,409.315,409.315,6900.0
1.2588,-34.742,-34.742,409.626,409.626,6900.0
1.2589,-33.789,-33.789,409.893,409.893,6900.0
1.259,-33.079,-33.079,410.116,410.116,6900.0
1.2591,-32.429,-32.429,410.303,410.303,6900.0
1.2592,-31.523,-31.523,410.458,410.458,6900.0
1.2593,-30.701,-30.701,410.574,410.574,6900.0
1.2594,-29.627,-29.627,410.656,410.656,6900.0
1.2595,-28.532,-28.532,410.693,410.693,6900.0
1.2596,-27.441,-27.441,410.676,410.676,6900.0
1.2597,-26.58,-26.58,410.609,410.609,6900.0
1.2598,-25.701,-25.701,410.508,410.508,6900.0
1.2599,-24.888,-24.888,410.382,410.382,6900.0
1.26,-23.493,-23.493,410.23,410.23,6900.0
1.2601,-22.218,-22.218,410.019,410.019,6900.0
1.2602,-21.235,-21.235,409.754,409.754,6900.0
1.2603,-20.489,-20.489,409.459,409.459,6900.0
1.2604,-19.669,-19.669,409.152,409.152,6900.0
1.2605,-18.181,-18.181,408.83,408.83,6900.0
1.2606,-16.604,-16.604,408.458,408.458,6900.0
1.2607,-15.475,-15.475,408.034,408.034,6900.0
1.2608,-14.27,-14.27,407.577,407.577,6900.0
1.2609,-13.612,-13.612,407.091,407.091,6900.0
1.261,-12.27,-12.27,406.589,406.589,6900.0
1.2611,-10.843,-10.843,406.056,406.056,6900.0
1.2612,-9.841,-9.841,405.491,405.491,6900.0
1.2613,-8.573,-8.573,404.91,404.91,6900.0
1.2614,-7.224,-7.224,404.311,404.311,6900.0
1.2615,-5.756,-5.756,403.699,403.699,6900.0
1.2616,-4.32,-4.32,403.072,403.072,6900.0
1.2617,-3.055,-3.055,402.431,402.431,6900.0
1.2618,-1.943,-1.943,401.78,401.78,6900.0
1.2619,-0.863,-0.863,401.123,401.123,6900.0
1.262,-0.821,-0.821,400.461,400.461,6900.0
1.2621,-0.0,-0.0,399.798,399.798,6900.0
1.2622,1.77,1.77,399.133,399.133,6900.0
1.2623,1.829,1.829,398.471,398.471,6900.0
1.2624,3.162,3.162,397.812,397.812,6900.0
1.2625,4.215,4.215,397.16,397.16,6900.0
1.2626,5.103,5.103,396.516,396.516,6900.0
1.2627,6.438,6.438,395.877,395.877,6900.0
1.2628,7.747,7.747,395.253,395.253,6900.0
1.2629,9.232,9.232,394.644,394.644,6900.0
1.263,10.548,10.548,394.059,394.059,6900.0
1.2631,12.165,11.676,393.491,393.491,6900.0
1.2632,13.19,13.19,392.933,392.933,6900.0
1.2633,14.776,14.776,392.405,392.405,6900.0
1.2634,16.379,16.379,391.917,391.917,6900.0
1.2635,17.682,17.682,391.485,391.485,6900.0
1.2636,18.507,18.507,391.087,391.087,6900.0
1.2637,19.739,19.739,390.7,390.7,6900.0
1.2638,21.2,21.2,390.345,390.345,6900.0
1.2639,22.511,22.511,390.039,390.039,6900.0
1.264,23.59,23.59,389.789,389.789,6900.0
1.2641,24.541,24.541,389.579,389.579,6900.0
1.2642,25.509,25.509,389.395,389.395,6900.0
1.2643,26.687,26.687,389.245,389.245,6900.0
1.2644,27.897,27.897,389.139,389.139,6900.0
1.2645,28.93,28.93,389.084,389.084,6900.0
1.2646,29.874,29.874,389.076,389.076,6900.0
1.2647,30.746,30.746,389.115,389.115,6900.0
1.2648,31.616,31.616,389.197,389.197,6900.0
1.2649,32.561,32.561,389.317,389.317,6900.0
1.265,33.499,33.499,389.475,389.475,6900.0
1.2651,34.457,34.457,389.676,389.676,6900.0
1.2652,35.461,35.461,389.93,389.93,6900.0
1.2653,36.181,36.181,390.234,390.234,6900.0
1.2654,36.756,36.756,390.567,390.567,6900.0
1.2655,37.474,37.474,390.922,390.922,6900.0
1.2656,38.036,38.036,391.317,391.317,6900.0
1.2657,38.867,38.867,391.751,391.751,6900.0
1.2658,39.356,39.356,392.238,392.238,6900.0
1.2659,39.823,39.823,392.743,392.743,6900.0
1.266,40.558,40.558,393.263,393.263,6900.0
1.2661,40.692,40.692,393.824,393.824,6900.0
1.2662,41.232,41.232,394.397,394.397,6900.0
1.2663,41.368,41.368,395.016,395.016,6900.0
1.2664,41.222,41.222,395.64,395.64,6900.0
1.2665,41.564,41.564,396.255,396.255,6900.0
1.2666,41.764,41.764,396.887,396.887,6900.0
1.2667,42.006,42.006,397.522,397.522,6900.0
1.2668,42.088,42.088,398.185,398.185,6900.0
1.2669,42.001,42.001,398.847,398.847,6900.0
1.267,42.18,42.18,399.505,399.505,6900.0
1.2671,41.934,41.934,400.176,400.176,6900.0
1.2672,41.924,41.924,400.823,400.823,6900.0
1.2673,41.904,41.904,401.479,401.479,6900.0
1.2674,41.507,41.507,402.129,402.129,6900.0
1.2675,41.463,41.463,402.766,402.766,6900.0
1.2676,41.096,41.096,403.403,403.403,6900.0
1.2677,40.671,40.671,404.004,404.004,6900.0
1.2678,40.412,40.412,404.586,404.586,6900.0
1.2679,40.03,40.03,405.145,405.145,6900.0
1.268,39.653,39.653,405.693,405.693,6900.0
1.2681,39.007,39.007,406.221,406.221,6900.0
1.2682,38.295,38.295,406.708,406.708,6900.0
1.2683,37.958,37.958,407.155,407.155,6900.0
1.2684,37.355,37.355,407.582,407.582,6900.0
1.2685,36.98,36.98,407.986,407.986,6900.0
1.2686,36.122,36.122,408.371,408.371,6900.0
1.2687,35.227,35.227,408.712,408.712,6900.0
1.2688,34.605,34.605,409.004,409.004,6900.0
1.2689,33.874,33.874,409.263,409.263,6900.0
1.269,33.068,33.068,409.488,409.488,6900.0
1.2691,32.234,32.234,409.678,409.678,6900.0
1.2692,31.462,31.462,409.83,409.83,6900.0
1.2693,30.447,30.447,409.944,409.944,6900.0
1.2694,29.517,29.517,410.011,410.011,6900.0
1.2695,28.513,28.513,410.03,410.03,6900.0
1.2696,27.532,27.532,410.008,410.008,6900.0
1.2697,26.618,26.618,409.952,409.952,6900.0
1.2698,25.692,25.692,409.87,409.87,6900.0
1.2699,24.565,24.565,409.746,409.746,6900.0
1.27,23.551,23.551,409.565,409.565,6900.0
1.2701,22.717,22.717,409.343,409.343,6900.0
1.2702,21.903,21.903,409.101,409.101,6900.0
1.2703,20.732,20.732,408.845,408.845,6900.0
1.2704,19.111,19.111,408.55,408.55,6900.0
1.2705,17.865,17.865,408.189,408.189,6900.0
1.2706,17.118,17.118,407.787,407.787,6900.0
1.2707,16.092,16.092,407.357,407.357,6900.0
1.2708,14.994,14.994,406.91,406.91,6900.0
1.2709,13.434,13.434,406.437,406.437,6900.0
1.271,12.032,12.032,405.924,405.924,6900.0
1.2711,11.145,11.145,405.387,405.387,6900.0
1.2712,9.884,9.884,404.83,404.83,6900.0
1.2713,8.558,8.558,404.259,404.259,6900.0
1.2714,6.978,6.978,403.668,403.668,6900.0
1.2715,5.443,5.443,403.055,403.055,6900.0
1.2716,4.291,4.291,402.425,402.425,6900.0
1.2717,2.866,2.866,401.782,401.782,6900.0
1.2718,1.743,1.743,401.129,401.129,6900.0
1.2719,0.663,0.663,400.469,400.469,6900.0
1.272,0.0,0.0,399.806,399.806,6900.0
1.2721,0.0,0.0,399.142,399.142,6900.0
1.2722,-2.348,-2.348,398.476,398.476,6900.0
1.2723,-2.107,-2.107,397.816,397.816,6900.0
1.2724,-3.002,-3.002,397.156,397.156,6900.0
1.2725,-4.125,-4.125,396.5,396.5,6900.0
1.2726,-5.562,-5.562,395.85,395.85,6900.0
1.2727,-6.93,-6.93,395.21,395.21,6900.0
1.2728,-8.253,-8.253,394.588,394.588,6900.0
1.2729,-9.375,-9.375,393.984,393.984,6900.0
1.273,-10.647,-10.647,393.39,393.39,6900.0
1.2731,-12.095,-12.095,392.816,392.816,6900.0
1.2732,-13.677,-13.677,392.27,392.27,6900.0
1.2733,-15.282,-15.282,391.767,391.767,6900.0
1.2734,-16.237,-16.237,391.307,391.307,6900.0
1.2735,-17.233,-17.233,390.861,390.861,6900.0
1.2736,-18.543,-18.543,390.434,390.434,6900.0
1.2737,-20.072,-20.072,390.044,390.044,6900.0
1.2738,-21.682,-21.682,389.707,389.707,6900.0
1.2739,-22.647,-22.647,389.425,389.425,6900.0
1.274,-23.636,-23.636,389.17,389.17,6900.0
1.2741,-24.782,-24.782,388.94,388.94,6900.0
1.2742,-26.06,-26.06,388.75,388.75,6900.0
1.2743,-27.329,-27.329,388.61,388.61,6900.0
1.2744,-28.382,-28.382,388.524,388.524,6900.0
1.2745,-29.413,-29.413,388.484,388.484,6900.0
1.2746,-30.581,-30.581,388.49,388.49,6900.0
1.2747,-31.59,-31.59,388.544,388.544,6900.0
1.2748,-32.639,-32.639,388.64,388.64,6900.0
1.2749,-33.601,-33.601,388.783,388.783,6900.0
1.275,-34.611,-34.611,388.973,388.973,6900.0
1.2751,-35.4,-35.4,389.218,389.218,6900.0
1.2752,-36.113,-36.113,389.499,389.499,6900.0
1.2753,-36.727,-36.727,389.806,389.806,6900.0
1.2754,-37.614,-37.614,390.143,390.143,6900.0
1.2755,-38.476,-38.476,390.522,390.522,6900.0
1.2756,-38.998,-38.998,390.962,390.962,6900.0
1.2757,-39.327,-39.327,391.435,391.435,6900.0
1.2758,-39.809,-39.809,391.916,391.916,6900.0
1.2759,-40.387,-40.387,392.428,392.428,6900.0
1.276,-41.078,-41.078,392.966,392.966,6900.0
1.2761,-41.638,-41.638,393.556,393.556,6900.0
1.2762,-41.844,-41.844,394.18,394.18,6900.0
1.2763,-41.991,-41.991,394.801,394.801,6900.0
1.2764,-42.226,-42.226,395.438,395.438,6900.0
1.2765,-42.345,-42.345,396.08,396.08,6900.0
1.2766,-42.698,-42.698,396.739,396.739,6900.0
1.2767,-42.765,-42.765,397.419,397.419,6900.0
1.2768,-42.766,-42.766,398.089,398.089,6900.0
1.2769,-42.658,-42.658,398.775,398.775,6900.0
1.277,-42.552,-42.552,399.451,399.451,6900.0
1.2771,-42.726,-42.726,400.123,400.123,6900.0
1.2772,-42.602,-42.475,400.812,400.812,6900.0
1.2773,-42.528,-42.528,401.479,401.479,6900.0
1.2774,-42.394,-42.394,402.162,402.162,6900.0
1.2775,-41.943,-41.943,402.829,402.829,6900.0
1.2776,-41.759,-41.759,403.461,403.461,6900.0
1.2777,-41.358,-41.358,404.087,404.087,6900.0
1.2778,-41.14,-41.14,404.682,404.682,6900.0
1.2779,-40.708,-40.708,405.275,405.275,6900.0
1.278,-40.109,-40.109,405.839,405.839,6900.0
1.2781,-39.544,-39.544,406.359,406.359,6900.0
1.2782,-38.776,-38.776,406.857,406.857,6900.0
1.2783,-38.439,-38.439,407.321,407.321,6900.0
1.2784,-37.775,-37.775,407.776,407.776,6900.0
1.2785,-37.072,-37.072,408.198,408.198,6900.0
1.2786,-36.542,-36.542,408.576,408.576,6900.0
1.2787,-35.806,-35.806,408.924,408.924,6900.0
1.2788,-35.059,-35.059,409.235,409.235,6900.0
1.2789,-34.273,-34.273,409.511,409.511,6900.0
1.279,-33.363,-33.363,409.751,409.751,6900.0
1.2791,-32.567,-32.567,409.946,409.946,6900.0
1.2792,-31.585,-31.585,410.1,410.1,6900.0
1.2793,-30.696,-30.696,410.207,410.207,6900.0
1.2794,-29.937,-29.937,410.27,410.27,6900.0
1.2795,-29.072,-29.072,410.302,410.302,6900.0
1.2796,-27.934,-27.934,410.304,410.304,6900.0
1.2797,-26.839,-26.839,410.265,410.265,6900.0
1.2798,-25.592,-25.592,410.175,410.175,6900.0
1.2799,-24.755,-24.755,410.032,410.032,6900.0
1.28,-23.942,-23.942,409.858,409.858,6900.0
1.2801,-23.016,-23.016,409.665,409.665,6900.0
1.2802,-21.672,-21.672,409.445,409.445,6900.0
1.2803,-20.133,-20.133,409.167,409.167,6900.0
1.2804,-19.067,-19.067,408.829,408.829,6900.0
1.2805,-18.197,-18.197,408.456,408.456,6900.0
1.2806,-17.391,-17.391,408.064,408.064,6900.0
1.2807,-16.123,-16.123,407.658,407.658,6900.0
1.2808,-14.492,-14.492,407.216,407.216,6900.0
1.2809,-13.515,-13.515,406.731,406.731,6900.0
1.281,-12.176,-12.176,406.226,406.226,6900.0
1.2811,-11.363,-11.363,405.696,405.696,6900.0
1.2812,-9.974,-9.974,405.152,405.152,6900.0
1.2813,-8.541,-8.541,404.582,404.582,6900.0
1.2814,-7.267,-7.267,403.985,403.985,6900.0
1.2815,-5.832,-5.832,403.37,403.37,6900.0
1.2816,-4.619,-4.619,402.739,402.739,6900.0
1.2817,-3.338,-3.338,402.097,402.097,6900.0
1.2818,-1.92,-1.92,401.445,401.445,6900.0
1.2819,-0.634,-0.634,400.786,400.786,6900.0
1.282,-0.0,-0.0,400.124,400.124,6900.0
1.2821,-0.0,-0.0,399.46,399.46,6900.0
1.2822,0.887,0.887,398.796,398.796,6900.0
1.2823,2.135,2.135,398.132,398.132,6900.0
1.2824,2.934,2.934,397.471,397.471,6900.0
1.2825,4.068,4.068,396.814,396.814,6900.0
1.2826,5.506,5.506,396.165,396.165,6900.0
1.2827,6.654,6.654,395.531,395.531,6900.0
1.2828,7.72,7.72,394.91,394.91,6900.0
1.2829,9.307,9.307,394.297,394.297,6900.0
1.283,10.72,10.72,393.708,393.708,6900.0
1.2831,12.219,12.219,393.144,393.144,6900.0
1.2832,13.557,13.557,392.618,392.618,6900.0
1.2833,14.656,14.656,392.114,392.114,6900.0
1.2834,16.173,16.173,391.62,391.62,6900.0
1.2835,17.715,17.715,391.159,391.159,6900.0
1.2836,19.398,19.398,390.745,390.745,6900.0
1.2837,20.666,20.666,390.394,390.394,6900.0
1.2838,21.602,21.602,390.082,390.082,6900.0
1.2839,22.711,22.711,389.788,389.788,6900.0
1.284,23.879,23.879,389.524,389.524,6900.0
1.2841,25.246,25.246,389.301,389.301,6900.0
1.2842,26.336,26.336,389.133,389.133,6900.0
1.2843,27.381,27.381,389.006,389.006,6900.0
1.2844,28.245,28.245,388.917,388.917,6900.0
1.2845,29.342,29.342,388.864,388.864,6900.0
1.2846,30.395,30.395,388.859,388.859,6900.0
1.2847,31.543,31.543,388.9,388.9,6900.0
1.2848,32.362,32.362,389.001,389.001,6900.0
1.2849,33.19,33.19,389.152,389.152,6900.0
1.285,34.026,34.026,389.349,389.349,6900.0
1.2851,34.864,34.864,389.578,389.578,6900.0
1.2852,35.733,35.733,389.837,389.837,6900.0
1.2853,36.486,36.486,390.136,390.136,6900.0
1.2854,37.299,37.299,390.478,390.478,6900.0
1.2855,37.972,37.972,390.861,390.861,6900.0
1.2856,38.601,38.601,391.268,391.268,6900.0
1.2857,39.471,39.471,391.695,391.695,6900.0
1.2858,39.959,39.959,392.172,392.172,6900.0
1.2859,40.583,40.583,392.685,392.685,6900.0
1.286,40.913,40.913,393.252,393.252,6900.0
1.2861,41.205,41.205,393.839,393.839,6900.0
1.2862,41.687,41.687,394.436,394.436,6900.0
1.2863,41.977,41.977,395.064,395.064,6900.0
1.2864,42.223,42.223,395.702,395.702,6900.0
1.2865,42.3,42.3,396.37,396.37,6900.0
1.2866,42.253,42.253,397.031,397.031,6900.0
1.2867,42.512,42.512,397.684,397.684,6900.0
1.2868,42.552,42.552,398.347,398.347,6900.0
1.2869,42.689,42.689,399.0,399.0,6900.0
1.287,42.717,42.717,399.676,399.676,6900.0
1.2871,42.39,42.39,400.351,400.351,6900.0
1.2872,42.518,42.518,401.02,401.02,6900.0
1.2873,42.374,42.374,401.7,401.7,6900.0
1.2874,42.1,42.1,402.362,402.362,6900.0
1.2875,42.114,42.114,403.019,403.019,6900.0
1.2876,41.603,41.603,403.67,403.67,6900.0
1.2877,41.364,41.364,404.302,404.302,6900.0
1.2878,40.817,40.817,404.921,404.921,6900.0
1.2879,40.203,40.203,405.494,405.494,6900.0
1.288,39.924,39.924,406.034,406.034,6900.0
1.2881,39.421,39.421,406.549,406.549,6900.0
1.2882,39.027,39.027,407.046,407.046,6900.0
1.2883,38.36,38.36,407.525,407.525,6900.0
1.2884,37.669,37.669,407.964,407.964,6900.0
1.2885,37.136,37.136,408.364,408.364,6900.0
1.2886,36.357,36.357,408.74,408.74,6900.0
1.2887,35.718,35.718,409.087,409.087,6900.0
1.2888,35.055,35.055,409.402,409.402,6900.0
1.2889,34.257,34.257,409.683,409.683,6900.0
1.289,33.448,33.448,409.92,409.92,6900.0
1.2891,32.554,32.554,410.116,410.116,6900.0
1.2892,31.705,31.705,410.27,410.27,6900.0
1.2893,30.841,30.841,410.384,410.384,6900.0
1.2894,30.063,30.063,410.461,410.461,6900.0
1.2895,29.039,29.039,410.505,410.505,6900.0
1.2896,27.732,27.732,410.504,410.504,6900.0
1.2897,26.759,26.759,410.441,410.441,6900.0
1.2898,25.854,25.854,410.339,410.339,6900.0
1.2899,25.027,25.027,410.208,410.208,6900.0
1.29,23.98,23.98,410.06,410.06,6900.0
1.2901,22.622,22.622,409.869,409.869,6900.0
1.2902,21.343,21.343,409.614,409.614,6900.0
1.2903,20.365,20.365,409.315,409.315,6900.0
1.2904,19.716,19.716,408.989,408.989,6900.0
1.2905,18.659,18.659,408.656,408.656,6900.0
1.2906,17.09,17.09,408.292,408.292,6900.0
1.2907,15.603,15.603,407.875,407.875,6900.0
1.2908,14.484,14.484,407.419,407.419,6900.0
1.2909,13.517,13.517,406.934,406.934,6900.0
1.291,12.33,12.33,406.432,406.432,6900.0
1.2911,11.012,11.012,405.904,405.904,6900.0
1.2912,9.556,9.556,405.346,405.346,6900.0
1.2913,8.584,8.584,404.763,404.763,6900.0
1.2914,7.319,7.319,404.163,404.163,6900.0
1.2915,5.953,5.953,403.549,403.549,6900.0
1.2916,4.487,4.487,402.92,402.92,6900.0
1.2917,2.965,2.965,402.279,402.279,6900.0
1.2918,1.567,1.567,401.627,401.627,6900.0
1.2919,0.347,0.347,400.968,400.968,6900.0
1.292,0.0,0.0,400.306,400.306,6900.0
1.2921,0.0,0.0,399.642,399.642,6900.0
1.2922,-1.645,-1.645,398.977,398.977,6900.0
1.2923,-2.643,-2.643,398.315,398.315,6900.0
1.2924,-3.351,-3.351,397.656,397.656,6900.0
1.2925,-4.617,-4.617,397.004,397.004,6900.0
1.2926,-5.641,-5.641,396.363,396.363,6900.0
1.2927,-6.786,-6.786,395.728,395.728,6900.0
1.2928,-8.251,-8.251,395.106,395.106,6900.0
1.2929,-9.723,-9.723,394.501,394.501,6900.0
1.293,-11.195,-11.195,393.922,393.922,6900.0
1.2931,-12.267,-12.267,393.369,393.369,6900.0
1.2932,-13.394,-13.394,392.826,392.826,6900.0
1.2933,-15.003,-15.003,392.302,392.302,6900.0
1.2934,-16.405,-16.405,391.813,391.813,6900.0
1.2935,-17.924,-17.924,391.372,391.372,6900.0
1.2936,-19.037,-19.037,390.981,390.981,6900.0
1.2937,-20.15,-20.15,390.611,390.611,6900.0
1.2938,-21.485,-21.485,390.266,390.266,6900.0
1.2939,-22.832,-22.832,389.961,389.961,6900.0
1.294,-24.215,-24.215,389.709,389.709,6900.0
1.2941,-25.334,-25.334,389.509,389.509,6900.0
1.2942,-26.344,-26.344,389.346,389.346,6900.0
1.2943,-27.457,-27.457,389.217,389.217,6900.0
1.2944,-28.651,-28.651,389.129,389.129,6900.0
1.2945,-29.679,-29.679,389.091,389.091,6900.0
1.2946,-30.808,-30.808,389.099,389.099,6900.0
1.2947,-31.659,-31.659,389.161,389.161,6900.0
1.2948,-32.672,-32.672,389.265,389.265,6900.0
1.2949,-33.512,-33.512,389.417,389.417,6900.0
1.295,-34.361,-34.361,389.6,389.6,6900.0
1.2951,-35.438,-35.438,389.823,389.823,6900.0
1.2952,-36.572,-36.572,390.095,390.095,6900.0
1.2953,-37.208,-37.208,390.431,390.431,6900.0
1.2954,-37.731,-37.731,390.798,390.798,6900.0
1.2955,-38.335,-38.335,391.183,391.183,6900.0
1.2956,-39.094,-39.094,391.601,391.601,6900.0
1.2957,-39.873,-39.873,392.055,392.055,6900.0
1.2958,-40.338,-40.338,392.572,392.572,6900.0
1.2959,-40.579,-40.579,393.119,393.119,6900.0
1.296,-40.882,-40.882,393.67,393.67,6900.0
1.2961,-41.583,-41.583,394.243,394.243,6900.0
1.2962,-41.962,-41.962,394.842,394.842,6900.0
1.2963,-42.21,-42.21,395.479,395.479,6900.0
1.2964,-42.278,-42.278,396.133,396.133,6900.0
1.2965,-42.343,-42.343,396.776,396.776,6900.0
1.2966,-42.48,-42.48,397.434,397.434,6900.0
1.2967,-42.329,-42.329,398.092,398.092,6900.0
1.2968,-42.737,-42.737,398.752,398.752,6900.0
1.2969,-42.782,-42.782,399.436,399.436,6900.0
1.297,-42.691,-42.691,400.113,400.113,6900.0
1.2971,-42.672,-42.672,400.802,400.802,6900.0
1.2972,-42.26,-42.26,401.484,401.484,6900.0
1.2973,-42.41,-42.41,402.142,402.142,6900.0
1.2974,-42.174,-42.174,402.811,402.811,6900.0
1.2975,-41.955,-41.955,403.462,403.462,6900.0
1.2976,-41.75,-41.75,404.112,404.112,6900.0
1.2977,-41.25,-41.25,404.741,404.741,6900.0
1.2978,-40.949,-40.949,405.33,405.33,6900.0
1.2979,-40.401,-40.401,405.907,405.907,6900.0
1.298,-40.099,-40.099,406.45,406.45,6900.0
1.2981,-39.511,-39.511,406.987,406.987,6900.0
1.2982,-38.846,-38.846,407.49,407.49,6900.0
1.2983,-38.374,-38.374,407.948,407.948,6900.0
1.2984,-37.614,-37.614,408.386,408.386,6900.0
1.2985,-37.157,-37.157,408.79,408.79,6900.0
1.2986,-36.718,-36.718,409.177,409.177,6900.0
1.2987,-35.955,-35.955,409.537,409.537,6900.0
1.2988,-35.228,-35.228,409.851,409.851,6900.0
1.2989,-34.465,-34.465,410.127,410.127,6900.0
1.299,-33.564,-33.564,410.366,410.366,6900.0
1.2991,-32.697,-32.697,410.563,410.563,6900.0
1.2992,-31.871,-31.871,410.722,410.722,6900.0
1.2993,-30.787,-30.787,410.844,410.844,6900.0
1.2994,-29.744,-29.744,410.92,410.92,6900.0
1.2995,-28.753,-28.753,410.946,410.946,6900.0
1.2996,-27.82,-27.82,410.925,410.925,6900.0
1.2997,-26.785,-26.785,410.87,410.87,6900.0
1.2998,-26.038,-26.038,410.785,410.785,6900.0
1.2999,-24.825,-24.825,410.673,410.673,6900.0
