t,Iac_real,Iac_int,Vdc_real,Vdc_int,P_charge
0.6,-21.811,-21.811,410.23,410.23,
0.6001,-20.911,-20.911,409.954,409.954,6900.0
0.6002,-20.008,-20.008,409.642,409.642,6900.0
0.6003,-18.977,-18.977,409.306,409.306,6900.0
0.6004,-17.58,-17.58,408.948,408.948,6900.0
0.6005,-16.125,-16.125,408.547,408.547,6900.0
0.6006,-15.33,-15.33,408.104,408.104,6900.0
0.6007,-14.144,-14.144,407.64,407.64,6900.0
0.6008,-13.173,-13.173,407.152,407.152,6900.0
0.6009,-11.707,-11.707,406.647,406.647,6900.0
0.601,-10.289,-10.289,406.112,406.112,6900.0
0.6011,-9.029,-9.029,405.55,405.55,6900.0
0.6012,-7.797,-7.797,404.965,404.965,6900.0
0.6013,-6.633,-6.633,404.36,404.36,6900.0
0.6014,-5.456,-5.456,403.74,403.74,6900.0
0.6015,-4.159,-4.159,403.106,403.106,6900.0
0.6016,-2.743,-2.743,402.461,402.461,6900.0
0.6017,-1.438,-1.438,401.807,401.807,6900.0
0.6018,-1.324,-1.324,401.148,401.148,6900.0
0.6019,-0.0,-0.0,400.486,400.486,6900.0
0.602,0.557,0.557,399.823,399.823,6900.0
0.6021,2.321,2.321,399.158,399.158,6900.0
0.6022,2.172,2.172,398.498,398.498,6900.0
0.6023,3.485,3.485,397.839,397.839,6900.0
0.6024,4.633,4.633,397.189,397.189,6900.0
0.6025,5.593,5.593,396.547,396.547,6900.0
0.6026,7.183,7.183,395.911,395.911,6900.0
0.6027,8.685,8.685,395.293,395.293,6900.0
0.6028,10.224,10.224,394.698,394.698,6900.0
0.6029,11.505,11.505,394.134,394.134,6900.0
0.603,12.346,12.346,393.589,393.589,6900.0
0.6031,13.6,13.6,393.051,393.051,6900.0
0.6032,15.201,15.201,392.535,392.535,6900.0
0.6033,16.966,16.966,392.06,392.06,6900.0
0.6034,18.283,18.283,391.639,391.639,6900.0
0.6035,19.274,19.274,391.254,391.254,6900.0
0.6036,20.392,20.392,390.892,390.892,6900.0
0.6037,21.679,21.679,390.564,390.564,6900.0
0.6038,22.919,22.919,390.277,390.277,6900.0
0.6039,24.128,24.128,390.038,390.038,6900.0
0.604,25.171,25.171,389.843,389.843,6900.0
0.6041,26.214,26.214,389.685,389.685,6900.0
0.6042,27.337,27.337,389.565,389.565,6900.0
0.6043,28.333,28.333,389.485,389.485,6900.0
0.6044,29.341,29.341,389.442,389.442,6900.0
0.6045,30.436,30.436,389.443,389.443,6900.0
0.6046,31.26,31.26,389.5,389.5,6900.0
0.6047,32.116,32.116,389.604,389.604,6900.0
0.6048,33.049,33.049,389.742,389.742,6900.0
0.6049,34.058,34.058,389.917,389.917,6900.0
0.605,34.945,34.945,390.142,390.142,6900.0
0.6051,36.017,36.017,390.422,390.422,6900.0
0.6052,36.594,36.594,390.759,390.759,6900.0
0.6053,37.044,37.044,391.118,391.118,6900.0
0.6054,37.839,37.839,391.489,391.489,6900.0
0.6055,38.432,38.432,391.899,391.899,6900.0
0.6056,39.137,39.137,392.345,392.345,6900.0
0.6057,39.526,39.526,392.844,392.844,6900.0
0.6058,39.749,39.749,393.357,393.357,6900.0
0.6059,40.426,40.426,393.879,393.879,6900.0
0.606,40.852,40.852,394.438,394.438,6900.0
0.6061,41.397,41.397,395.017,395.017,6900.0
0.6062,41.612,41.612,395.647,395.647,6900.0
0.6063,41.604,41.604,396.285,396.285,6900.0
0.6064,42.052,42.052,396.927,396.927,6900.0
0.6065,42.06,42.06,397.593,397.593,6900.0
0.6066,42.182,42.182,398.247,398.247,6900.0
0.6067,42.159,42.159,398.923,398.923,6900.0
0.6068,42.087,42.087,399.591,399.591,6900.0
0.6069,42.279,42.279,400.258,400.258,6900.0
0.607,42.074,42.074,400.935,400.935,6900.0
0.6071,41.764,41.764,401.585,401.585,6900.0
0.6072,41.643,41.643,402.234,402.234,6900.0
0.6073,41.567,41.567,402.869,402.869,6900.0
0.6074,41.466,41.466,403.513,403.513,6900.0
0.6075,41.089,41.089,404.153,404.153,6900.0
0.6076,40.572,40.572,404.762,404.762,6900.0
0.6077,40.218,40.218,405.343,405.343,6900.0
0.6078,39.835,39.835,405.903,405.903,6900.0
0.6079,39.488,39.488,406.449,406.449,6900.0
0.608,39.041,39.041,406.974,406.974,6900.0
0.6081,38.253,38.253,407.462,407.462,6900.0
0.6082,37.759,37.759,407.904,407.904,6900.0
0.6083,37.184,37.184,408.315,408.315,6900.0
0.6084,36.672,36.672,408.707,408.707,6900.0
0.6085,35.999,35.999,409.075,409.075,6900.0
0.6086,35.168,35.168,409.409,409.409,6900.0
0.6087,34.398,34.398,409.701,409.701,6900.0
0.6088,33.647,33.647,409.959,409.959,6900.0
0.6089,32.739,32.739,410.178,410.178,6900.0
0.609,31.871,31.871,410.357,410.357,6900.0
0.6091,31.126,31.126,410.496,410.496,6900.0
0.6092,30.104,30.104,410.603,410.603,6900.0
0.6093,28.8,28.8,410.661,410.661,6900.0
0.6094,27.909,27.909,410.654,410.654,6900.0
0.6095,27.109,27.109,410.604,410.604,6900.0
0.6096,26.419,26.419,410.529,410.529,6900.0
0.6097,25.396,25.396,410.44,410.44,6900.0
0.6098,24.089,24.089,410.307,410.307,6900.0
0.6099,23.024,23.024,410.106,410.106,6900.0
0.61,22.207,22.207,409.863,409.863,6900.0
0.6101,21.297,21.297,409.595,409.595,6900.0
0.6102,20.275,20.275,409.313,409.313,6900.0
0.6103,18.635,18.635,409.0,409.0,6900.0
0.6104,17.456,17.456,408.632,408.632,6900.0
0.6105,16.344,16.344,408.23,408.23,6900.0
0.6106,15.491,15.491,407.796,407.796,6900.0
0.6107,14.385,14.385,407.343,407.343,6900.0
0.6108,13.015,13.015,406.863,406.863,6900.0
0.6109,11.53,11.53,406.347,406.347,6900.0
0.611,10.208,10.208,405.802,405.802,6900.0
0.6111,9.034,9.034,405.232,405.232,6900.0
0.6112,7.801,7.801,404.644,404.644,6900.0
0.6113,6.349,6.349,404.039,404.039,6900.0
0.6114,4.962,4.962,403.417,403.417,6900.0
0.6115,3.583,3.583,402.781,402.781,6900.0
0.6116,2.111,2.111,402.134,402.134,6900.0
0.6117,0.807,0.807,401.478,401.478,6900.0
0.6118,1.442,1.442,400.817,400.817,6900.0
0.6119,0.646,0.646,400.156,400.156,6900.0
0.612,-0.494,-0.494,399.492,399.492,6900.0
0.6121,-2.949,-2.949,398.827,398.827,6900.0
0.6122,-2.97,-2.97,398.17,398.17,6900.0
0.6123,-3.634,-3.634,397.515,397.515,6900.0
0.6124,-4.697,-4.697,396.865,396.865,6900.0
0.6125,-6.225,-6.225,396.223,396.223,6900.0
0.6126,-7.315,-7.315,395.594,395.594,6900.0
0.6127,-8.902,-8.902,394.984,394.984,6900.0
0.6128,-9.862,-9.862,394.395,394.395,6900.0
0.6129,-11.083,-11.083,393.812,393.812,6900.0
0.613,-12.64,-12.64,393.244,393.244,6900.0
0.6131,-14.147,-14.147,392.705,392.705,6900.0
0.6132,-15.652,-15.652,392.21,392.21,6900.0
0.6133,-16.795,-16.795,391.757,391.757,6900.0
0.6134,-17.88,-17.88,391.328,391.328,6900.0
0.6135,-19.284,-19.284,390.922,390.922,6900.0
0.6136,-20.488,-20.488,390.557,390.557,6900.0
0.6137,-21.732,-21.732,390.235,390.235,6900.0
0.6138,-22.938,-22.938,389.958,389.958,6900.0
0.6139,-24.024,-24.024,389.719,389.719,6900.0
0.614,-25.188,-25.188,389.516,389.516,6900.0
0.6141,-26.182,-26.182,389.352,389.352,6900.0
0.6142,-27.332,-27.332,389.225,389.225,6900.0
0.6143,-28.431,-28.431,389.143,389.143,6900.0
0.6144,-29.639,-29.639,389.107,389.107,6900.0
0.6145,-30.629,-30.629,389.125,389.125,6900.0
0.6146,-31.646,-31.646,389.184,389.184,6900.0
0.6147,-32.618,-32.618,389.279,389.279,6900.0
0.6148,-33.672,-33.672,389.421,389.421,6900.0
0.6149,-34.757,-34.757,389.613,389.613,6900.0
0.615,-35.493,-35.493,389.874,389.874,6900.0
0.6151,-36.118,-36.118,390.174,390.174,6900.0
0.6152,-36.69,-36.69,390.493,390.493,6900.0
0.6153,-37.529,-37.529,390.846,390.846,6900.0
0.6154,-38.346,-38.346,391.233,391.233,6900.0
0.6155,-38.971,-38.971,391.679,391.679,6900.0
0.6156,-39.232,-39.232,392.156,392.156,6900.0
0.6157,-39.694,-39.694,392.633,392.633,6900.0
0.6158,-40.172,-40.172,393.142,393.142,6900.0
0.6159,-40.543,-40.543,393.672,393.672,6900.0
0.616,-41.014,-41.014,394.243,394.243,6900.0
0.6161,-41.261,-41.261,394.844,394.844,6900.0
0.6162,-41.51,-41.51,395.447,395.447,6900.0
0.6163,-41.937,-41.937,396.076,396.076,6900.0
0.6164,-42.132,-42.132,396.719,396.719,6900.0
0.6165,-42.344,-42.344,397.382,397.382,6900.0
0.6166,-42.261,-42.261,398.064,398.064,6900.0
0.6167,-42.154,-42.154,398.735,398.735,6900.0
0.6168,-42.33,-42.33,399.412,399.412,6900.0
0.6169,-42.249,-42.249,400.088,400.088,6900.0
0.617,-42.39,-42.39,400.75,400.75,6900.0
0.6171,-42.102,-42.102,401.423,401.423,6900.0
0.6172,-41.91,-41.91,402.077,402.077,6900.0
0.6173,-41.629,-41.629,402.735,402.735,6900.0
0.6174,-41.275,-41.275,403.374,403.374,6900.0
0.6175,-41.142,-41.142,403.979,403.979,6900.0
0.6176,-40.785,-40.785,404.584,404.584,6900.0
0.6177,-40.494,-40.494,405.171,405.171,6900.0
0.6178,-40.021,-40.021,405.757,405.757,6900.0
0.6179,-39.311,-39.311,406.316,406.316,6900.0
0.618,-38.972,-38.972,406.824,406.824,6900.0
0.6181,-38.483,-38.483,407.311,407.311,6900.0
0.6182,-37.815,-37.815,407.771,407.771,6900.0
0.6183,-37.118,-37.118,408.202,408.202,6900.0
0.6184,-36.542,-36.542,408.594,408.594,6900.0
0.6185,-35.805,-35.805,408.949,408.949,6900.0
0.6186,-35.212,-35.212,409.264,409.264,6900.0
0.6187,-34.541,-34.541,409.548,409.548,6900.0
0.6188,-33.849,-33.849,409.803,409.803,6900.0
0.6189,-32.96,-32.96,410.03,410.03,6900.0
0.619,-32.234,-32.234,410.219,410.219,6900.0
0.6191,-31.086,-31.086,410.372,410.372,6900.0
0.6192,-29.917,-29.917,410.469,410.469,6900.0
0.6193,-29.082,-29.082,410.511,410.511,6900.0
0.6194,-28.26,-28.26,410.518,410.518,6900.0
0.6195,-27.452,-27.452,410.499,410.499,6900.0
0.6196,-26.186,-26.186,410.448,410.448,6900.0
0.6197,-24.93,-24.93,410.335,410.335,6900.0
0.6198,-24.07,-24.07,410.164,410.164,6900.0
0.6199,-23.461,-23.461,409.963,409.963,6900.0
0.62,-22.639,-22.639,409.752,409.752,6900.0
0.6201,-21.177,-21.177,409.525,409.525,6900.0
0.6202,-19.64,-19.64,409.243,409.243,6900.0
0.6203,-18.708,-18.708,408.905,408.905,6900.0
0.6204,-17.427,-17.427,408.536,408.536,6900.0
0.6205,-16.565,-16.565,408.133,408.133,6900.0
0.6206,-15.17,-15.17,407.709,407.709,6900.0
0.6207,-13.719,-13.719,407.246,407.246,6900.0
0.6208,-12.985,-12.985,406.744,406.744,6900.0
0.6209,-11.935,-11.935,406.224,406.224,6900.0
0.621,-10.813,-10.813,405.682,405.682,6900.0
0.6211,-9.67,-9.67,405.121,405.121,6900.0
0.6212,-8.261,-8.261,404.541,404.541,6900.0
0.6213,-6.669,-6.669,403.941,403.941,6900.0
0.6214,-5.248,-5.248,403.322,403.322,6900.0
0.6215,-3.911,-3.911,402.689,402.689,6900.0
0.6216,-2.786,-2.786,402.044,402.044,6900.0
0.6217,-1.46,-1.46,401.391,401.391,6900.0
0.6218,-0.238,-0.238,400.731,400.731,6900.0
0.6219,-0.0,-0.0,400.068,400.068,6900.0
0.622,1.188,1.188,399.404,399.404,6900.0
0.6221,1.316,1.316,398.741,398.741,6900.0
0.6222,2.262,2.262,398.079,398.079,6900.0
0.6223,3.486,3.486,397.42,397.42,6900.0
0.6224,4.455,4.455,396.768,396.768,6900.0
0.6225,6.126,6.126,396.125,396.125,6900.0
0.6226,7.327,7.327,395.499,395.499,6900.0
0.6227,8.356,8.356,394.884,394.884,6900.0
0.6228,9.63,9.63,394.276,394.276,6900.0
0.6229,11.17,11.17,393.686,393.686,6900.0
0.623,12.877,12.877,393.125,393.125,6900.0
0.6231,14.116,14.116,392.608,392.608,6900.0
0.6232,14.957,14.957,392.117,392.117,6900.0
0.6233,16.408,16.408,391.635,391.635,6900.0
0.6234,17.926,17.926,391.186,391.186,6900.0
0.6235,19.38,19.38,390.781,390.781,6900.0
0.6236,20.506,20.506,390.43,390.43,6900.0
0.6237,21.554,21.554,390.116,390.116,6900.0
0.6238,22.583,22.583,389.831,389.831,6900.0
0.6239,23.855,23.855,389.581,389.581,6900.0
0.624,24.938,24.938,389.373,389.373,6900.0
0.6241,26.282,26.282,389.206,389.206,6900.0
0.6242,27.516,27.516,389.087,389.087,6900.0
0.6243,28.444,28.444,389.017,389.017,6900.0
0.6244,29.316,29.316,388.986,388.986,6900.0
0.6245,30.253,30.253,388.991,388.991,6900.0
0.6246,31.375,31.375,389.03,389.03,6900.0
0.6247,32.404,32.404,389.118,389.118,6900.0
0.6248,33.341,33.341,389.268,389.268,6900.0
0.6249,34.192,34.192,389.467,389.467,6900.0
0.625,34.789,34.789,389.704,389.704,6900.0
0.6251,35.639,35.639,389.963,389.963,6900.0
0.6252,36.353,36.353,390.27,390.27,6900.0
0.6253,37.419,37.419,390.622,390.622,6900.0
0.6254,37.967,37.967,391.034,391.034,6900.0
0.6255,38.419,38.419,391.464,391.464,6900.0
0.6256,39.289,39.289,391.904,391.904,6900.0
0.6257,39.809,39.809,392.385,392.385,6900.0
0.6258,40.465,40.465,392.895,392.895,6900.0
0.6259,40.782,40.782,393.456,393.456,6900.0
0.626,40.876,40.876,394.028,394.028,6900.0
0.6261,41.302,41.302,394.607,394.607,6900.0
0.6262,41.445,41.445,395.215,395.215,6900.0
0.6263,41.834,41.834,395.83,395.83,6900.0
0.6264,42.087,42.087,396.488,396.488,6900.0
0.6265,42.074,42.074,397.155,397.155,6900.0
0.6266,42.318,42.318,397.825,397.825,6900.0
0.6267,42.151,42.151,398.509,398.509,6900.0
0.6268,42.151,42.151,399.171,399.171,6900.0
0.6269,42.33,42.33,399.843,399.843,6900.0
0.627,42.13,42.13,400.512,400.512,6900.0
0.6271,42.086,42.086,401.179,401.179,6900.0
0.6272,41.739,41.739,401.843,401.843,6900.0
0.6273,41.511,41.511,402.474,402.474,6900.0
0.6274,41.532,41.532,403.099,403.099,6900.0
0.6275,41.256,41.256,403.719,403.719,6900.0
0.6276,40.935,40.935,404.338,404.338,6900.0
0.6277,40.45,40.45,404.946,404.946,6900.0
0.6278,39.789,39.789,405.52,405.52,6900.0
0.6279,39.358,39.358,406.06,406.06,6900.0
0.628,38.8,38.8,406.574,406.574,6900.0
0.6281,38.519,38.519,407.067,407.067,6900.0
0.6282,37.856,37.856,407.539,407.539,6900.0
0.6283,37.179,37.179,407.967,407.967,6900.0
0.6284,36.46,36.46,408.352,408.352,6900.0
0.6285,35.939,35.939,408.698,408.698,6900.0
0.6286,35.33,35.33,409.022,409.022,6900.0
0.6287,34.619,34.619,409.316,409.316,6900.0
0.6288,33.8,33.8,409.578,409.578,6900.0
0.6289,32.992,32.992,409.801,409.801,6900.0
0.629,32.113,32.113,409.987,409.987,6900.0
0.6291,31.318,31.318,410.126,410.126,6900.0
0.6292,30.465,30.465,410.226,410.226,6900.0
0.6293,29.516,29.516,410.295,410.295,6900.0
0.6294,28.356,28.356,410.332,410.332,6900.0
0.6295,27.12,27.12,410.316,410.316,6900.0
0.6296,26.187,26.187,410.236,410.236,6900.0
0.6297,25.39,25.39,410.114,410.114,6900.0
0.6298,24.607,24.607,409.969,409.969,6900.0
0.6299,23.563,23.563,409.812,409.812,6900.0
0.63,22.049,22.049,409.613,409.613,6900.0
0.6301,20.862,20.862,409.347,409.347,6900.0
0.6302,19.876,19.876,409.038,409.038,6900.0
0.6303,18.979,18.979,408.693,408.693,6900.0
0.6304,18.007,18.007,408.332,408.332,6900.0
0.6305,16.477,16.477,407.941,407.941,6900.0
0.6306,15.306,15.306,407.504,407.504,6900.0
0.6307,14.213,14.213,407.04,407.04,6900.0
0.6308,13.01,13.01,406.549,406.549,6900.0
0.6309,11.904,11.904,406.039,406.039,6900.0
0.631,10.46,10.46,405.507,405.507,6900.0
0.6311,8.991,8.991,404.947,404.947,6900.0
0.6312,7.65,7.65,404.364,404.364,6900.0
0.6313,6.347,6.347,403.759,403.759,6900.0
0.6314,5.069,5.069,403.137,403.137,6900.0
0.6315,3.698,3.698,402.501,402.501,6900.0
0.6316,2.442,2.442,401.854,401.854,6900.0
0.6317,1.094,1.094,401.199,401.199,6900.0
0.6318,1.162,1.162,400.537,400.537,6900.0
0.6319,0.0,0.0,399.875,399.875,6900.0
0.632,-0.851,-0.851,399.21,399.21,6900.0
0.6321,-1.896,-1.896,398.546,398.546,6900.0
0.6322,-3.102,-3.102,397.884,397.884,6900.0
0.6323,-3.704,-3.704,397.226,397.226,6900.0
0.6324,-4.949,-4.949,396.575,396.575,6900.0
0.6325,-5.979,-5.979,395.934,395.934,6900.0
0.6326,-7.072,-7.072,395.299,395.299,6900.0
0.6327,-8.675,-8.675,394.675,394.675,6900.0
0.6328,-10.063,-10.063,394.073,394.073,6900.0
0.6329,-11.673,-11.673,393.5,393.5,6900.0
0.633,-12.698,-12.698,392.959,392.959,6900.0
0.6331,-13.673,-13.673,392.43,392.43,6900.0
0.6332,-15.196,-15.196,391.918,391.918,6900.0
0.6333,-16.697,-16.697,391.44,391.44,6900.0
0.6334,-18.14,-18.14,391.009,391.009,6900.0
0.6335,-19.198,-19.198,390.624,390.624,6900.0
0.6336,-20.438,-20.438,390.263,390.263,6900.0
0.6337,-21.699,-21.699,389.931,389.931,6900.0
0.6338,-23.095,-23.095,389.636,389.636,6900.0
0.6339,-24.266,-24.266,389.388,389.388,6900.0
0.634,-25.331,-25.331,389.186,389.186,6900.0
0.6341,-26.478,-26.478,389.023,389.023,6900.0
0.6342,-27.515,-27.515,388.906,388.906,6900.0
0.6343,-28.646,-28.646,388.829,388.829,6900.0
0.6344,-29.692,-29.692,388.796,388.796,6900.0
0.6345,-30.868,-30.868,388.809,388.809,6900.0
0.6346,-31.874,-31.874,388.876,388.876,6900.0
0.6347,-32.786,-32.786,388.995,388.995,6900.0
0.6348,-33.642,-33.642,389.157,389.157,6900.0
0.6349,-34.461,-34.461,389.348,389.348,6900.0
0.635,-35.425,-35.425,389.578,389.578,6900.0
0.6351,-36.505,-36.505,389.85,389.85,6900.0
0.6352,-37.384,-37.384,390.189,390.189,6900.0
0.6353,-37.751,-37.751,390.571,390.571,6900.0
0.6354,-38.28,-38.28,390.961,390.961,6900.0
0.6355,-38.94,-38.94,391.385,391.385,6900.0
0.6356,-39.575,-39.575,391.84,391.84,6900.0
0.6357,-40.207,-40.207,392.35,392.35,6900.0
0.6358,-40.668,-40.668,392.895,392.895,6900.0
0.6359,-41.056,-41.056,393.449,393.449,6900.0
0.636,-41.616,-41.616,394.033,394.033,6900.0
0.6361,-41.849,-41.849,394.637,394.637,6900.0
0.6362,-42.32,-42.32,395.268,395.268,6900.0
0.6363,-42.308,-42.308,395.929,395.929,6900.0
0.6364,-42.318,-42.318,396.578,396.578,6900.0
0.6365,-42.508,-42.508,397.244,397.244,6900.0
0.6366,-42.457,-42.457,397.911,397.911,6900.0
0.6367,-42.834,-42.834,398.581,398.581,6900.0
0.6368,-42.57,-42.57,399.278,399.278,6900.0
0.6369,-42.674,-42.674,399.956,399.956,6900.0
0.637,-42.524,-42.524,400.657,400.657,6900.0
0.6371,-42.199,-42.199,401.344,401.344,6900.0
0.6372,-42.244,-42.244,402.006,402.006,6900.0
0.6373,-42.036,-42.036,402.671,402.671,6900.0
0.6374,-41.84,-41.84,403.318,403.318,6900.0
0.6375,-41.492,-41.492,403.962,403.962,6900.0
0.6376,-40.885,-40.885,404.581,404.581,6900.0
0.6377,-40.584,-40.584,405.155,405.155,6900.0
0.6378,-40.207,-40.207,405.717,405.717,6900.0
0.6379,-39.971,-39.971,406.26,406.26,6900.0
0.638,-39.489,-39.489,406.801,406.801,6900.0
0.6381,-38.641,-38.641,407.316,407.316,6900.0
0.6382,-37.897,-37.897,407.781,407.781,6900.0
0.6383,-37.301,-37.301,408.21,408.21,6900.0
0.6384,-37.019,-37.019,408.608,408.608,6900.0
0.6385,-36.255,-36.255,408.989,408.989,6900.0
0.6386,-35.485,-35.485,409.331,409.331,6900.0
0.6387,-34.608,-34.608,409.631,409.631,6900.0
0.6388,-34.026,-34.026,409.885,409.885,6900.0
0.6389,-33.352,-33.352,410.104,410.104,6900.0
0.639,-32.533,-32.533,410.29,410.29,6900.0
0.6391,-31.501,-31.501,410.441,410.441,6900.0
0.6392,-30.595,-30.595,410.555,410.555,6900.0
0.6393,-29.494,-29.494,410.631,410.631,6900.0
0.6394,-28.362,-28.362,410.652,410.652,6900.0
0.6395,-27.388,-27.388,410.62,410.62,6900.0
0.6396,-26.602,-26.602,410.552,410.552,6900.0
0.6397,-25.743,-25.743,410.464,410.464,6900.0
0.6398,-24.599,-24.599,410.348,410.348,6900.0
0.6399,-23.243,-23.243,410.171,410.171,6900.0
0.64,-22.302,-22.302,409.933,409.933,6900.0
0.6401,-21.41,-21.41,409.659,409.659,6900.0
0.6402,-20.724,-20.724,409.365,409.365,6900.0
0.6403,-19.444,-19.444,409.056,409.056,6900.0
0.6404,-17.823,-17.823,408.705,408.705,6900.0
0.6405,-16.804,-16.804,408.306,408.306,6900.0
0.6406,-15.534,-15.534,407.88,407.88,6900.0
0.6407,-14.641,-14.641,407.426,407.426,6900.0
0.6408,-13.248,-13.248,406.955,406.955,6900.0
0.6409,-11.649,-11.649,406.45,406.45,6900.0
0.641,-10.414,-10.414,405.91,405.91,6900.0
0.6411,-9.141,-9.141,405.347,405.347,6900.0
0.6412,-8.094,-8.094,404.76,404.76,6900.0
0.6413,-6.64,-6.64,404.159,404.159,6900.0
0.6414,-5.156,-5.156,403.539,403.539,6900.0
0.6415,-3.922,-3.922,402.903,402.903,6900.0
0.6416,-2.82,-2.82,402.258,402.258,6900.0
0.6417,-1.409,-1.409,401.604,401.604,6900.0
0.6418,-1.571,-1.571,400.944,400.944,6900.0
0.6419,-0.441,-0.441,400.283,400.283,6900.0
0.642,0.315,0.315,399.619,399.619,6900.0
0.6421,2.408,2.408,398.954,398.954,6900.0
0.6422,2.643,2.643,398.294,398.294,6900.0
0.6423,3.357,3.357,397.637,397.637,6900.0
0.6424,4.251,4.251,396.985,396.985,6900.0
0.6425,5.766,5.766,396.339,396.339,6900.0
0.6426,7.051,7.051,395.706,395.706,6900.0
0.6427,8.662,8.662,395.089,395.089,6900.0
0.6428,9.969,9.969,394.5,394.5,6900.0
0.6429,10.847,10.847,393.925,393.925,6900.0
0.643,12.408,12.408,393.357,393.357,6900.0
0.6431,14.059,14.059,392.815,392.815,6900.0
0.6432,15.784,15.784,392.313,392.313,6900.0
0.6433,16.921,16.921,391.864,391.864,6900.0
0.6434,17.841,17.841,391.444,391.444,6900.0
0.6435,19.038,19.038,391.041,391.041,6900.0
0.6436,20.665,20.665,390.666,390.666,6900.0
0.6437,22.138,22.138,390.336,390.336,6900.0
0.6438,23.148,23.148,390.058,390.058,6900.0
0.6439,24.142,24.142,389.816,389.816,6900.0
0.644,25.282,25.282,389.606,389.606,6900.0
0.6441,26.383,26.383,389.44,389.44,6900.0
0.6442,27.539,27.539,389.315,389.315,6900.0
0.6443,28.608,28.608,389.237,389.237,6900.0
0.6444,29.549,29.549,389.207,389.207,6900.0
0.6445,30.443,30.443,389.228,389.228,6900.0
0.6446,31.244,31.244,389.293,389.293,6900.0
0.6447,32.129,32.129,389.389,389.389,6900.0
0.6448,33.11,33.11,389.517,389.517,6900.0
0.6449,34.043,34.043,389.689,389.689,6900.0
0.645,35.132,35.132,389.914,389.914,6900.0
0.6451,35.887,35.887,390.195,390.195,6900.0
0.6452,36.475,36.475,390.505,390.505,6900.0
0.6453,37.485,37.485,390.833,390.833,6900.0
0.6454,38.123,38.123,391.215,391.215,6900.0
0.6455,39.027,39.027,391.64,391.64,6900.0
0.6456,39.325,39.325,392.129,392.129,6900.0
0.6457,39.5,39.5,392.632,392.632,6900.0
0.6458,40.249,40.249,393.141,393.141,6900.0
0.6459,40.65,40.65,393.688,393.688,6900.0
0.646,41.211,41.211,394.253,394.253,6900.0
0.6461,41.324,41.324,394.864,394.864,6900.0
0.6462,41.303,41.303,395.471,395.471,6900.0
0.6463,41.874,41.874,396.076,396.076,6900.0
0.6464,42.037,42.037,396.711,396.711,6900.0
0.6465,42.24,42.24,397.346,397.346,6900.0
0.6466,42.359,42.359,398.013,398.013,6900.0
0.6467,42.276,42.276,398.685,398.685,6900.0
0.6468,42.436,42.436,399.363,399.363,6900.0
0.6469,42.358,42.358,400.054,400.054,6900.0
0.647,42.143,42.143,400.729,400.729,6900.0
0.6471,42.347,42.347,401.405,401.405,6900.0
0.6472,42.072,42.072,402.081,402.081,6900.0
0.6473,41.991,41.991,402.749,402.749,6900.0
0.6474,41.661,41.661,403.406,403.406,6900.0
0.6475,41.192,41.192,404.027,404.027,6900.0
0.6476,40.892,40.892,404.624,404.624,6900.0
0.6477,40.606,40.606,405.199,405.199,6900.0
0.6478,40.405,40.405,405.768,405.768,6900.0
0.6479,39.803,39.803,406.33,406.33,6900.0
0.648,39.104,39.104,406.855,406.855,6900.0
0.6481,38.746,38.746,407.344,407.344,6900.0
0.6482,38.335,38.335,407.812,407.812,6900.0
0.6483,37.694,37.694,408.267,408.267,6900.0
0.6484,37.034,37.034,408.688,408.688,6900.0
0.6485,36.172,36.172,409.071,409.071,6900.0
0.6486,35.264,35.264,409.406,409.406,6900.0
0.6487,34.57,34.57,409.696,409.696,6900.0
0.6488,33.78,33.78,409.951,409.951,6900.0
0.6489,33.153,33.153,410.168,410.168,6900.0
0.649,32.296,32.296,410.355,410.355,6900.0
0.6491,31.31,31.31,410.507,410.507,6900.0
0.6492,30.366,30.366,410.612,410.612,6900.0
0.6493,29.347,29.347,410.667,410.667,6900.0
0.6494,28.515,28.515,410.677,410.677,6900.0
0.6495,27.643,27.643,410.659,410.659,6900.0
0.6496,26.531,26.531,410.619,410.619,6900.0
0.6497,25.152,25.152,410.531,410.531,6900.0
0.6498,24.203,24.203,410.373,410.373,6900.0
0.6499,23.345,23.345,410.173,410.173,6900.0
0.65,22.518,22.518,409.949,409.949,6900.0
0.6501,21.562,21.562,409.713,409.713,6900.0
0.6502,20.036,20.036,409.445,409.445,6900.0
0.6503,18.743,18.743,409.117,409.117,6900.0
0.6504,17.799,17.799,408.749,408.749,6900.0
0.6505,16.805,16.805,408.349,408.349,6900.0
0.6506,15.609,15.609,407.929,407.929,6900.0
0.6507,14.378,14.378,407.478,407.478,6900.0
0.6508,13.031,13.031,406.989,406.989,6900.0
0.6509,11.974,11.974,406.472,406.472,6900.0
0.651,10.617,10.617,405.93,405.93,6900.0
0.6511,9.491,9.491,405.369,405.369,6900.0
0.6512,8.073,8.073,404.789,404.789,6900.0
0.6513,6.633,6.633,404.188,404.188,6900.0
0.6514,5.355,5.355,403.57,403.57,6900.0
0.6515,3.982,3.982,402.938,402.938,6900.0
0.6516,2.526,2.526,402.294,402.294,6900.0
0.6517,1.372,1.372,401.64,401.64,6900.0
0.6518,0.261,0.261,400.981,400.981,6900.0
0.6519,0.0,0.0,400.319,400.319,6900.0
0.652,0.0,0.0,399.655,399.655,6900.0
0.6521,-1.909,-1.909,398.992,398.992,6900.0
0.6522,-2.425,-2.425,398.331,398.331,6900.0
0.6523,-3.449,-3.449,397.673,397.673,6900.0
0.6524,-4.716,-4.716,397.021,397.021,6900.0
0.6525,-5.977,-5.977,396.378,396.378,6900.0
0.6526,-7.268,-7.268,395.751,395.751,6900.0
0.6527,-8.36,-8.36,395.138,395.138,6900.0
0.6528,-9.467,-9.467,394.532,394.532,6900.0
0.6529,-11.09,-11.09,393.938,393.938,6900.0
0.653,-12.534,-12.534,393.371,393.371,6900.0
0.6531,-14.137,-14.137,392.84,392.84,6900.0
0.6532,-15.135,-15.135,392.351,392.351,6900.0
0.6533,-16.132,-16.132,391.878,391.878,6900.0
0.6534,-17.614,-17.614,391.425,391.425,6900.0
0.6535,-19.028,-19.028,391.013,391.013,6900.0
0.6536,-20.524,-20.524,390.649,390.649,6900.0
0.6537,-21.751,-21.751,390.334,390.334,6900.0
0.6538,-22.853,-22.853,390.053,390.053,6900.0
0.6539,-24.094,-24.094,389.805,389.805,6900.0
0.654,-25.287,-25.287,389.595,389.595,6900.0
0.6541,-26.3,-26.3,389.428,389.428,6900.0
0.6542,-27.285,-27.285,389.303,389.303,6900.0
0.6543,-28.587,-28.587,389.218,389.218,6900.0
0.6544,-29.604,-29.604,389.189,389.189,6900.0
0.6545,-30.624,-30.624,389.201,389.201,6900.0
0.6546,-31.615,-31.615,389.251,389.251,6900.0
0.6547,-32.727,-32.727,389.347,389.347,6900.0
0.6548,-33.714,-33.714,389.497,389.497,6900.0
0.6549,-34.599,-34.599,389.706,389.706,6900.0
0.655,-35.317,-35.317,389.956,389.956,6900.0
0.6551,-36.055,-36.055,390.229,390.229,6900.0
0.6552,-36.835,-36.835,390.542,390.542,6900.0
0.6553,-37.608,-37.608,390.891,390.891,6900.0
0.6554,-38.423,-38.423,391.297,391.297,6900.0
0.6555,-38.892,-38.892,391.742,391.742,6900.0
0.6556,-39.333,-39.333,392.196,392.196,6900.0
0.6557,-39.948,-39.948,392.68,392.68,6900.0
0.6558,-40.575,-40.575,393.185,393.185,6900.0
0.6559,-41.334,-41.334,393.743,393.743,6900.0
0.656,-41.51,-41.51,394.343,394.343,6900.0
0.6561,-41.666,-41.666,394.942,394.942,6900.0
0.6562,-41.867,-41.867,395.566,395.566,6900.0
0.6563,-42.071,-42.071,396.196,396.196,6900.0
0.6564,-42.487,-42.487,396.85,396.85,6900.0
0.6565,-42.45,-42.45,397.532,397.532,6900.0
0.6566,-42.551,-42.551,398.202,398.202,6900.0
0.6567,-42.578,-42.578,398.889,398.889,6900.0
0.6568,-42.452,-42.452,399.568,399.568,6900.0
0.6569,-42.538,-42.538,400.237,400.237,6900.0
0.657,-42.301,-42.301,400.919,400.919,6900.0
0.6571,-42.282,-42.282,401.583,401.583,6900.0
0.6572,-42.004,-42.004,402.262,402.262,6900.0
0.6573,-41.699,-41.699,402.921,402.921,6900.0
0.6574,-41.7,-41.7,403.551,403.551,6900.0
0.6575,-41.407,-41.407,404.184,404.184,6900.0
0.6576,-41.203,-41.203,404.796,404.796,6900.0
0.6577,-40.693,-40.693,405.409,405.409,6900.0
0.6578,-40.241,-40.241,405.986,405.986,6900.0
0.6579,-39.828,-39.828,406.525,406.525,6900.0
0.658,-39.345,-39.345,407.047,407.047,6900.0
0.6581,-38.792,-38.792,407.545,407.545,6900.0
0.6582,-38.23,-38.23,408.024,408.024,6900.0
0.6583,-37.409,-37.409,408.474,408.474,6900.0
0.6584,-36.778,-36.778,408.875,408.875,6900.0
0.6585,-36.112,-36.112,409.242,409.242,6900.0
0.6586,-35.63,-35.63,409.573,409.573,6900.0
0.6587,-34.74,-34.74,409.879,409.879,6900.0
0.6588,-33.979,-33.979,410.144,410.144,6900.0
0.6589,-33.281,-33.281,410.372,410.372,6900.0
0.659,-32.288,-32.288,410.561,410.561,6900.0
0.6591,-31.349,-31.349,410.703,410.703,6900.0
0.6592,-30.523,-30.523,410.798,410.798,6900.0
0.6593,-29.713,-29.713,410.86,410.86,6900.0
0.6594,-28.779,-28.779,410.896,410.896,6900.0
0.6595,-27.588,-27.588,410.897,410.897,6900.0
0.6596,-26.421,-26.421,410.839,410.839,6900.0
0.6597,-25.574,-25.574,410.727,410.727,6900.0
0.6598,-24.654,-24.654,410.584,410.584,6900.0
0.6599,-23.839,-23.839,410.421,410.421,6900.0
0.66,-22.446,-22.446,410.238,410.238,6900.0
0.6601,-21.123,-21.123,409.993,409.993,6900.0
0.6602,-20.132,-20.132,409.691,409.691,6900.0
0.6603,-19.1,-19.1,409.353,409.353,6900.0
0.6604,-18.124,-18.124,408.986,408.986,6900.0
0.6605,-16.842,-16.842,408.598,408.598,6900.0
0.6606,-15.491,-15.491,408.171,408.171,6900.0
0.6607,-14.451,-14.451,407.706,407.706,6900.0
0.6608,-13.204,-13.204,407.219,407.219,6900.0
0.6609,-12.218,-12.218,406.708,406.708,6900.0
0.661,-10.849,-10.849,406.182,406.182,6900.0
0.6611,-9.344,-9.344,405.63,405.63,6900.0
0.6612,-8.097,-8.097,405.052,405.052,6900.0
0.6613,-6.595,-6.595,404.454,404.454,6900.0
0.6614,-5.31,-5.31,403.837,403.837,6900.0
0.6615,-4.029,-4.029,403.205,403.205,6900.0
0.6616,-2.732,-2.732,402.561,402.561,6900.0
0.6617,-1.547,-1.547,401.908,401.908,6900.0
0.6618,-1.577,-1.577,401.248,401.248,6900.0
0.6619,-0.0,-0.0,400.587,400.587,6900.0
0.662,-0.0,-0.0,399.924,399.924,6900.0
0.6621,1.221,1.221,399.261,399.261,6900.0
0.6622,2.165,2.165,398.598,398.598,6900.0
0.6623,3.181,3.181,397.938,397.938,6900.0
0.6624,4.706,4.706,397.284,397.284,6900.0
0.6625,5.837,5.837,396.642,396.642,6900.0
0.6626,6.858,6.858,396.008,396.008,6900.0
0.6627,8.375,8.375,395.38,395.38,6900.0
0.6628,9.822,9.822,394.773,394.773,6900.0
0.6629,11.594,11.594,394.19,394.19,6900.0
0.663,12.98,12.98,393.648,393.648,6900.0
0.6631,13.609,13.609,393.131,393.131,6900.0
0.6632,15.021,15.021,392.622,392.622,6900.0
0.6633,16.467,16.467,392.142,392.142,6900.0
0.6634,17.972,17.972,391.704,391.704,6900.0
0.6635,19.26,19.26,391.317,391.317,6900.0
0.6636,20.22,20.22,390.966,390.966,6900.0
0.6637,21.363,21.363,390.635,390.635,6900.0
0.6638,22.618,22.618,390.334,390.334,6900.0
0.6639,23.727,23.727,390.073,390.073,6900.0
0.664,24.907,24.907,389.854,389.854,6900.0
0.6641,26.023,26.023,389.678,389.678,6900.0
0.6642,27.114,27.114,389.547,389.547,6900.0
0.6643,28.144,28.144,389.462,389.462,6900.0
0.6644,29.125,29.125,389.419,389.419,6900.0
0.6645,30.172,30.172,389.419,389.419,6900.0
0.6646,31.178,31.178,389.47,389.47,6900.0
0.6647,32.248,32.248,389.576,389.576,6900.0
0.6648,33.02,33.02,389.733,389.733,6900.0
0.6649,33.594,33.594,389.92,389.92,6900.0
0.665,34.635,34.635,390.124,390.124,6900.0
0.6651,35.412,35.412,390.373,390.373,6900.0
0.6652,36.413,36.413,390.666,390.666,6900.0
0.6653,36.99,36.99,391.013,391.013,6900.0
0.6654,37.437,37.437,391.381,391.381,6900.0
0.6655,38.274,38.274,391.767,391.767,6900.0
0.6656,38.916,38.916,392.2,392.2,6900.0
0.6657,39.772,39.772,392.676,392.676,6900.0
0.6658,40.259,40.259,393.217,393.217,6900.0
0.6659,40.413,40.413,393.778,393.778,6900.0
0.666,40.983,40.983,394.348,394.348,6900.0
0.6661,41.244,41.244,394.947,394.947,6900.0
0.6662,41.539,41.539,395.554,395.554,6900.0
0.6663,41.677,41.677,396.19,396.19,6900.0
0.6664,41.672,41.672,396.822,396.822,6900.0
0.6665,41.969,41.969,397.451,397.451,6900.0
0.6666,42.206,42.206,398.093,398.093,6900.0
0.6667,42.289,42.289,398.735,398.735,6900.0
0.6668,42.476,42.476,399.4,399.4,6900.0
0.6669,42.284,42.284,400.074,400.074,6900.0
0.667,42.455,42.455,400.753,400.753,6900.0
0.6671,42.222,42.222,401.449,401.449,6900.0
0.6672,41.986,41.986,402.121,402.121,6900.0
0.6673,41.783,41.783,402.791,402.791,6900.0
0.6674,41.362,41.362,403.441,403.441,6900.0
0.6675,41.325,41.325,404.075,404.075,6900.0
0.6676,40.73,40.73,404.7,404.7,6900.0
0.6677,40.171,40.171,405.277,405.277,6900.0
0.6678,39.892,39.892,405.822,405.822,6900.0
0.6679,39.515,39.515,406.343,406.343,6900.0
0.668,39.156,39.156,406.856,406.856,6900.0
0.6681,38.643,38.643,407.353,407.353,6900.0
0.6682,37.954,37.954,407.82,407.82,6900.0
0.6683,37.5,37.5,408.248,408.248,6900.0
0.6684,36.841,36.841,408.654,408.654,6900.0
0.6685,36.18,36.18,409.036,409.036,6900.0
0.6686,35.514,35.514,409.386,409.386,6900.0
0.6687,34.666,34.666,409.7,409.7,6900.0
0.6688,33.782,33.782,409.966,409.966,6900.0
0.6689,32.856,32.856,410.188,410.188,6900.0
0.669,31.983,31.983,410.362,410.362,6900.0
0.6691,31.191,31.191,410.495,410.495,6900.0
0.6692,30.405,30.405,410.594,410.594,6900.0
0.6693,29.387,29.387,410.663,410.663,6900.0
0.6694,28.339,28.339,410.687,410.687,6900.0
0.6695,27.318,27.318,410.655,410.655,6900.0
0.6696,26.343,26.343,410.583,410.583,6900.0
0.6697,25.481,25.481,410.484,410.484,6900.0
0.6698,24.559,24.559,410.368,410.368,6900.0
0.6699,23.204,23.204,410.209,410.209,6900.0
0.67,21.999,21.999,409.98,409.98,6900.0
0.6701,21.215,21.215,409.704,409.704,6900.0
0.6702,20.601,20.601,409.397,409.397,6900.0
0.6703,19.498,19.498,409.082,409.082,6900.0
0.6704,18.105,18.105,408.734,408.734,6900.0
0.6705,16.912,16.912,408.338,408.338,6900.0
0.6706,15.842,15.842,407.913,407.913,6900.0
0.6707,14.81,14.81,407.46,407.46,6900.0
0.6708,13.497,13.497,406.992,406.992,6900.0
0.6709,11.807,11.807,406.495,406.495,6900.0
0.671,10.356,10.356,405.961,405.961,6900.0
0.6711,9.299,9.299,405.401,405.401,6900.0
0.6712,7.994,7.994,404.818,404.818,6900.0
0.6713,6.739,6.739,404.216,404.216,6900.0
0.6714,5.386,5.386,403.598,403.598,6900.0
0.6715,4.043,4.043,402.965,402.965,6900.0
0.6716,2.624,2.624,402.32,402.32,6900.0
0.6717,1.33,1.33,401.666,401.666,6900.0
0.6718,0.223,0.223,401.006,401.006,6900.0
0.6719,0.0,0.0,400.343,400.343,6900.0
0.672,0.0,0.0,399.68,399.68,6900.0
0.6721,-1.851,-1.851,399.015,399.015,6900.0
0.6722,-2.545,-2.545,398.353,398.353,6900.0
0.6723,-3.763,-3.763,397.695,397.695,6900.0
0.6724,-4.769,-4.769,397.044,397.044,6900.0
0.6725,-6.082,-6.082,396.399,396.399,6900.0
0.6726,-7.311,-7.311,395.767,395.767,6900.0
0.6727,-8.545,-8.545,395.149,395.149,6900.0
0.6728,-10.108,-10.108,394.556,394.556,6900.0
0.6729,-11.078,-11.078,393.987,393.987,6900.0
0.673,-12.287,-12.287,393.426,393.426,6900.0
0.6731,-13.613,-13.613,392.882,392.882,6900.0
0.6732,-15.063,-15.063,392.368,392.368,6900.0
0.6733,-16.774,-16.774,391.898,391.898,6900.0
0.6734,-17.873,-17.873,391.476,391.476,6900.0
0.6735,-18.814,-18.814,391.078,391.078,6900.0
0.6736,-19.893,-19.893,390.703,390.703,6900.0
0.6737,-21.219,-21.219,390.359,390.359,6900.0
0.6738,-22.57,-22.57,390.06,390.06,6900.0
0.6739,-23.825,-23.825,389.805,389.805,6900.0
0.674,-24.887,-24.887,389.592,389.592,6900.0
0.6741,-26.045,-26.045,389.413,389.413,6900.0
0.6742,-27.117,-27.117,389.276,389.276,6900.0
0.6743,-28.311,-28.311,389.18,389.18,6900.0
0.6744,-29.496,-29.496,389.136,389.136,6900.0
0.6745,-30.635,-30.635,389.144,389.144,6900.0
0.6746,-31.742,-31.742,389.209,389.209,6900.0
0.6747,-32.592,-32.592,389.323,389.323,6900.0
0.6748,-33.332,-33.332,389.468,389.468,6900.0
0.6749,-34.398,-34.398,389.649,389.649,6900.0
0.675,-35.356,-35.356,389.878,389.878,6900.0
0.6751,-36.13,-36.13,390.164,390.164,6900.0
0.6752,-36.691,-36.691,390.487,390.487,6900.0
0.6753,-37.229,-37.229,390.825,390.825,6900.0
0.6754,-37.941,-37.941,391.196,391.196,6900.0
0.6755,-38.882,-38.882,391.6,391.6,6900.0
0.6756,-39.459,-39.459,392.072,392.072,6900.0
0.6757,-39.756,-39.756,392.581,392.581,6900.0
0.6758,-40.28,-40.28,393.092,393.092,6900.0
0.6759,-40.869,-40.869,393.638,393.638,6900.0
0.676,-41.155,-41.155,394.209,394.209,6900.0
0.6761,-41.625,-41.625,394.813,394.813,6900.0
0.6762,-41.658,-41.658,395.445,395.445,6900.0
0.6763,-41.811,-41.811,396.067,396.067,6900.0
0.6764,-42.129,-42.129,396.708,396.708,6900.0
0.6765,-42.193,-42.193,397.355,397.355,6900.0
0.6766,-42.494,-42.494,398.012,398.012,6900.0
0.6767,-42.464,-42.464,398.692,398.692,6900.0
0.6768,-42.487,-42.487,399.363,399.363,6900.0
0.6769,-42.366,-42.366,400.05,400.05,6900.0
0.677,-42.005,-42.005,400.728,400.728,6900.0
0.6771,-42.241,-42.241,401.383,401.383,6900.0
0.6772,-41.968,-41.968,402.056,402.056,6900.0
0.6773,-41.894,-41.894,402.711,402.711,6900.0
0.6774,-41.562,-41.562,403.374,403.374,6900.0
0.6775,-41.178,-41.178,404.012,404.012,6900.0
0.6776,-40.945,-40.945,404.614,404.614,6900.0
0.6777,-40.66,-40.66,405.202,405.202,6900.0
0.6778,-40.328,-40.328,405.769,405.769,6900.0
0.6779,-39.698,-39.698,406.327,406.327,6900.0
0.678,-39.121,-39.121,406.849,406.849,6900.0
0.6781,-38.763,-38.763,407.328,407.328,6900.0
0.6782,-38.096,-38.096,407.791,407.791,6900.0
0.6783,-37.549,-37.549,408.225,408.225,6900.0
0.6784,-36.954,-36.954,408.641,408.641,6900.0
0.6785,-36.167,-36.167,409.027,409.027,6900.0
0.6786,-35.329,-35.329,409.371,409.371,6900.0
0.6787,-34.685,-34.685,409.673,409.673,6900.0
0.6788,-33.844,-33.844,409.938,409.938,6900.0
0.6789,-32.993,-32.993,410.161,410.161,6900.0
0.679,-32.155,-32.155,410.345,410.345,6900.0
0.6791,-31.252,-31.252,410.492,410.492,6900.0
0.6792,-30.343,-30.343,410.597,410.597,6900.0
0.6793,-29.346,-29.346,410.653,410.653,6900.0
0.6794,-28.544,-28.544,410.66,410.66,6900.0
0.6795,-27.762,-27.762,410.636,410.636,6900.0
0.6796,-26.91,-26.91,410.589,410.589,6900.0
0.6797,-25.641,-25.641,410.516,410.516,6900.0
0.6798,-24.382,-24.382,410.381,410.381,6900.0
0.6799,-23.455,-23.455,410.189,410.189,6900.0
0.68,-22.636,-22.636,409.964,409.964,6900.0
0.6801,-21.596,-21.596,409.723,409.723,6900.0
0.6802,-20.187,-20.187,409.461,409.461,6900.0
0.6803,-18.683,-18.683,409.147,409.147,6900.0
0.6804,-17.766,-17.766,408.781,408.781,6900.0
0.6805,-16.559,-16.559,408.385,408.385,6900.0
0.6806,-15.703,-15.703,407.958,407.958,6900.0
0.6807,-14.451,-14.451,407.51,407.51,6900.0
0.6808,-13.153,-13.153,407.026,407.026,6900.0
0.6809,-12.022,-12.022,406.509,406.509,6900.0
0.681,-10.808,-10.808,405.968,405.968,6900.0
0.6811,-9.654,-9.654,405.406,405.406,6900.0
0.6812,-8.272,-8.272,404.827,404.827,6900.0
0.6813,-6.885,-6.885,404.228,404.228,6900.0
0.6814,-5.575,-5.575,403.612,403.612,6900.0
0.6815,-4.185,-4.185,402.982,402.982,6900.0
0.6816,-3.048,-3.048,402.34,402.34,6900.0
0.6817,-1.765,-1.765,401.689,401.689,6900.0
0.6818,-0.455,-0.455,401.031,401.031,6900.0
0.6819,0.0,0.0,400.369,400.369,6900.0
0.682,-0.0,-0.0,399.705,399.705,6900.0
0.6821,2.678,2.678,399.041,399.041,6900.0
0.6822,2.14,2.14,398.383,398.383,6900.0
0.6823,2.955,2.955,397.725,397.725,6900.0
0.6824,4.307,4.307,397.07,397.07,6900.0
0.6825,5.534,5.534,396.426,396.426,6900.0
0.6826,7.033,7.033,395.793,395.793,6900.0
0.6827,8.326,8.326,395.18,395.18,6900.0
0.6828,9.185,9.185,394.579,394.579,6900.0
0.6829,10.648,10.648,393.982,393.982,6900.0
0.683,12.208,12.208,393.406,393.406,6900.0
0.6831,13.963,13.963,392.862,392.862,6900.0
0.6832,15.262,15.262,392.365,392.365,6900.0
0.6833,16.353,16.353,391.898,391.898,6900.0
0.6834,17.646,17.646,391.45,391.45,6900.0
0.6835,19.042,19.042,391.035,391.035,6900.0
0.6836,20.539,20.539,390.666,390.666,6900.0
0.6837,21.64,21.64,390.352,390.352,6900.0
0.6838,22.597,22.597,390.078,390.078,6900.0
0.6839,23.566,23.566,389.831,389.831,6900.0
0.684,24.676,24.676,389.614,389.614,6900.0
0.6841,25.717,25.717,389.436,389.436,6900.0
0.6842,26.931,26.931,389.294,389.294,6900.0
0.6843,28.027,28.027,389.197,389.197,6900.0
0.6844,29.041,29.041,389.147,389.147,6900.0
0.6845,30.166,30.166,389.14,389.14,6900.0
0.6846,30.837,30.837,389.18,389.18,6900.0
0.6847,31.889,31.889,389.25,389.25,6900.0
0.6848,32.901,32.901,389.375,389.375,6900.0
0.6849,33.934,33.934,389.561,389.561,6900.0
0.685,34.657,34.657,389.802,389.802,6900.0
0.6851,35.327,35.327,390.072,390.072,6900.0
0.6852,36.259,36.259,390.365,390.365,6900.0
0.6853,36.85,36.85,390.701,390.701,6900.0
0.6854,37.642,37.642,391.073,391.073,6900.0
0.6855,38.278,38.278,391.49,391.49,6900.0
0.6856,38.74,38.74,391.927,391.927,6900.0
0.6857,39.503,39.503,392.379,392.379,6900.0
0.6858,39.931,39.931,392.871,392.871,6900.0
0.6859,40.531,40.531,393.393,393.393,6900.0
0.686,40.847,40.847,393.97,393.97,6900.0
0.6861,41.002,41.002,394.563,394.563,6900.0
0.6862,41.559,41.559,395.168,395.168,6900.0
0.6863,41.745,41.745,395.803,395.803,6900.0
0.6864,42.063,42.063,396.443,396.443,6900.0
0.6865,42.119,42.119,397.117,397.117,6900.0
0.6866,41.921,41.921,397.784,397.784,6900.0
0.6867,42.025,42.025,398.443,398.443,6900.0
0.6868,42.037,42.037,399.105,399.105,6900.0
0.6869,42.011,42.011,399.751,399.751,6900.0
0.687,42.157,42.157,400.407,400.407,6900.0
0.6871,41.843,41.843,401.063,401.063,6900.0
0.6872,42.054,42.054,401.715,401.715,6900.0
0.6873,41.852,41.852,402.38,402.38,6900.0
0.6874,41.392,41.392,403.023,403.023,6900.0
0.6875,41.364,41.364,403.649,403.649,6900.0
0.6876,40.764,40.764,404.269,404.269,6900.0
0.6877,40.39,40.39,404.873,404.873,6900.0
0.6878,39.907,39.907,405.457,405.457,6900.0
0.6879,39.372,39.372,406.001,406.001,6900.0
0.688,39.112,39.112,406.509,406.509,6900.0
0.6881,38.62,38.62,406.992,406.992,6900.0
0.6882,38.192,38.192,407.458,407.458,6900.0
0.6883,37.499,37.499,407.902,407.902,6900.0
0.6884,36.662,36.662,408.306,408.306,6900.0
0.6885,35.875,35.875,408.667,408.667,6900.0
0.6886,35.425,35.425,408.991,408.991,6900.0
0.6887,34.761,34.761,409.293,409.293,6900.0
0.6888,33.901,33.901,409.567,409.567,6900.0
0.6889,33.043,33.043,409.803,409.803,6900.0
0.689,32.012,32.012,409.998,409.998,6900.0
0.6891,31.197,31.197,410.143,410.143,6900.0
0.6892,30.339,30.339,410.241,410.241,6900.0
0.6893,29.451,29.451,410.297,410.297,6900.0
0.6894,28.628,28.628,410.32,410.32,6900.0
0.6895,27.562,27.562,410.317,410.317,6900.0
0.6896,26.293,26.293,410.267,410.267,6900.0
0.6897,25.338,25.338,410.153,410.153,6900.0
0.6898,24.575,24.575,409.998,409.998,6900.0
0.6899,23.793,23.793,409.824,409.824,6900.0
0.69,22.827,22.827,409.638,409.638,6900.0
0.6901,21.33,21.33,409.415,409.415,6900.0
0.6902,20.106,20.106,409.126,409.126,6900.0
0.6903,18.99,18.99,408.795,408.795,6900.0
0.6904,18.08,18.08,408.425,408.425,6900.0
0.6905,17.091,17.091,408.035,408.035,6900.0
0.6906,15.867,15.867,407.616,407.616,6900.0
0.6907,14.571,14.571,407.156,407.156,6900.0
0.6908,13.475,13.475,406.669,406.669,6900.0
0.6909,12.329,12.329,406.157,406.157,6900.0
0.691,11.155,11.155,405.629,405.629,6900.0
0.6911,9.608,9.608,405.08,405.08,6900.0
0.6912,8.015,8.015,404.505,404.505,6900.0
0.6913,6.802,6.802,403.906,403.906,6900.0
0.6914,5.339,5.339,403.291,403.291,6900.0
0.6915,4.079,4.079,402.659,402.659,6900.0
0.6916,2.976,2.976,402.015,402.015,6900.0
0.6917,1.756,1.756,401.362,401.362,6900.0
0.6918,0.404,0.404,400.703,400.703,6900.0
0.6919,-0.0,-0.0,400.04,400.04,6900.0
0.692,0.0,0.0,399.376,399.376,6900.0
0.6921,-1.511,-1.511,398.712,398.712,6900.0
0.6922,-2.235,-2.235,398.049,398.049,6900.0
0.6923,-3.515,-3.515,397.388,397.388,6900.0
0.6924,-4.692,-4.692,396.733,396.733,6900.0
0.6925,-6.158,-6.158,396.089,396.089,6900.0
0.6926,-6.942,-6.942,395.458,395.458,6900.0
0.6927,-8.173,-8.173,394.831,394.831,6900.0
0.6928,-9.731,-9.731,394.218,394.218,6900.0
0.6929,-11.23,-11.23,393.63,393.63,6900.0
0.693,-12.843,-12.843,393.076,393.076,6900.0
0.6931,-13.721,-13.721,392.56,392.56,6900.0
0.6932,-14.813,-14.813,392.054,392.054,6900.0
0.6933,-16.268,-16.268,391.568,391.568,6900.0
0.6934,-17.785,-17.785,391.118,391.118,6900.0
0.6935,-19.264,-19.264,390.716,390.716,6900.0
0.6936,-20.333,-20.333,390.362,390.362,6900.0
0.6937,-21.268,-21.268,390.036,390.036,6900.0
0.6938,-22.549,-22.549,389.734,389.734,6900.0
0.6939,-23.911,-23.911,389.471,389.471,6900.0
0.694,-25.141,-25.141,389.254,389.254,6900.0
0.6941,-26.226,-26.226,389.083,389.083,6900.0
0.6942,-27.392,-27.392,388.956,388.956,6900.0
0.6943,-28.569,-28.569,388.874,388.874,6900.0
0.6944,-29.467,-29.467,388.838,388.838,6900.0
0.6945,-30.387,-30.387,388.841,388.841,6900.0
0.6946,-31.627,-31.627,388.887,388.887,6900.0
0.6947,-32.671,-32.671,388.989,388.989,6900.0
0.6948,-33.551,-33.551,389.15,389.15,6900.0
0.6949,-34.191,-34.191,389.354,389.354,6900.0
0.695,-34.939,-34.939,389.579,389.579,6900.0
0.6951,-36.004,-36.004,389.84,389.84,6900.0
0.6952,-36.887,-36.887,390.144,390.144,6900.0
0.6953,-37.683,-37.683,390.505,390.505,6900.0
0.6954,-38.342,-38.342,390.901,390.901,6900.0
0.6955,-39.049,-39.049,391.313,391.313,6900.0
0.6956,-39.599,-39.599,391.767,391.767,6900.0
0.6957,-40.291,-40.291,392.248,392.248,6900.0
0.6958,-40.901,-40.901,392.791,392.791,6900.0
0.6959,-41.086,-41.086,393.373,393.373,6900.0
0.696,-41.477,-41.477,393.954,393.954,6900.0
0.6961,-41.886,-41.886,394.566,394.566,6900.0
0.6962,-41.954,-41.954,395.192,395.192,6900.0
0.6963,-42.385,-42.385,395.838,395.838,6900.0
0.6964,-42.392,-42.392,396.506,396.506,6900.0
0.6965,-42.572,-42.572,397.161,397.161,6900.0
0.6966,-42.634,-42.634,397.835,397.835,6900.0
0.6967,-42.465,-42.465,398.504,398.504,6900.0
0.6968,-42.787,-42.787,399.167,399.167,6900.0
0.6969,-42.584,-42.584,399.855,399.855,6900.0
0.697,-42.505,-42.505,400.53,400.53,6900.0
0.6971,-42.304,-42.304,401.218,401.218,6900.0
0.6972,-41.858,-41.858,401.895,401.895,6900.0
0.6973,-41.946,-41.946,402.54,402.54,6900.0
0.6974,-41.718,-41.718,403.195,403.195,6900.0
0.6975,-41.593,-41.593,403.832,403.832,6900.0
0.6976,-41.194,-41.194,404.472,404.472,6900.0
0.6977,-40.624,-40.624,405.082,405.082,6900.0
0.6978,-40.374,-40.374,405.643,405.643,6900.0
0.6979,-39.941,-39.941,406.191,406.191,6900.0
0.698,-39.773,-39.773,406.711,406.711,6900.0
0.6981,-38.877,-38.877,407.227,407.227,6900.0
0.6982,-38.231,-38.231,407.701,407.701,6900.0
0.6983,-37.678,-37.678,408.132,408.132,6900.0
0.6984,-37.063,-37.063,408.537,408.537,6900.0
0.6985,-36.481,-36.481,408.915,408.915,6900.0
0.6986,-35.704,-35.704,409.272,409.272,6900.0
0.6987,-34.873,-34.873,409.594,409.594,6900.0
0.6988,-34.045,-34.045,409.873,409.873,6900.0
0.6989,-33.234,-33.234,410.11,410.11,6900.0
0.699,-32.452,-32.452,410.301,410.301,6900.0
0.6991,-31.514,-31.514,410.45,410.45,6900.0
0.6992,-30.693,-30.693,410.555,410.555,6900.0
0.6993,-29.947,-29.947,410.627,410.627,6900.0
0.6994,-28.779,-28.779,410.665,410.665,6900.0
0.6995,-27.722,-27.722,410.647,410.647,6900.0
0.6996,-26.771,-26.771,410.581,410.581,6900.0
0.6997,-25.938,-25.938,410.483,410.483,6900.0
0.6998,-25.25,-25.25,410.367,410.367,6900.0
0.6999,-23.921,-23.921,410.231,410.231,6900.0
0.7,-22.345,-22.345,410.032,410.032,6900.0
0.7001,-22.019,-17.019,409.759,459.759,6900.0
0.7002,-21.898,-16.898,409.462,459.462,6900.0
0.7003,-21.649,-16.649,409.154,459.154,6900.0
0.7004,-20.649,-15.649,408.839,458.839,6900.0
0.7005,-19.12,-14.12,408.485,458.485,6900.0
0.7006,-18.29,-13.29,408.085,458.085,6900.0
0.7007,-17.177,-12.177,407.663,457.663,6900.0
0.7008,-16.269,-11.269,407.217,457.217,6900.0
0.7009,-14.96,-9.96,406.754,456.754,6900.0
0.701,-13.595,-8.595,406.259,456.259,6900.0
0.7011,-12.411,-7.411,405.73,455.73,6900.0
0.7012,-11.003,-6.003,405.176,455.176,6900.0
0.7013,-9.947,-4.947,404.596,454.596,6900.0
0.7014,-9.012,-4.012,403.997,453.997,6900.0
0.7015,-7.873,-2.873,403.383,453.383,6900.0
0.7016,-6.743,-1.743,402.753,452.753,6900.0
0.7017,-5.965,-0.965,402.111,452.111,6900.0
0.7018,-6.263,-1.263,401.457,451.457,6900.0
0.7019,-4.915,0.085,400.802,450.802,6900.0
0.702,-4.376,0.624,400.139,450.139,6900.0
0.7021,-0.0,5.0,399.481,449.481,6900.0
0.7022,-0.0,5.0,398.816,448.816,6900.0
0.7023,0.042,5.042,398.151,448.151,6900.0
0.7024,0.053,5.053,397.485,447.485,6900.0
0.7025,0.081,5.081,396.818,446.818,6900.0
0.7026,0.286,5.286,396.152,446.152,6900.0
0.7027,0.862,5.862,395.487,445.487,6900.0
0.7028,1.774,6.774,394.829,444.829,6900.0
0.7029,2.573,7.573,394.183,444.183,6900.0
0.703,2.795,7.795,393.544,443.544,6900.0
0.7031,3.731,8.731,392.908,442.908,6900.0
0.7032,4.676,9.676,392.283,442.283,6900.0
0.7033,5.937,10.937,391.677,441.677,6900.0
0.7034,7.112,12.112,391.098,441.098,6900.0
0.7035,7.504,12.504,390.539,440.539,6900.0
0.7036,8.066,13.066,389.987,439.987,6900.0
0.7037,8.777,13.777,389.45,439.45,6900.0
0.7038,9.626,14.626,388.934,438.934,6900.0
0.7039,10.239,15.239,388.447,438.447,6900.0
0.704,10.677,15.677,387.981,437.981,6900.0
0.7041,11.354,16.354,387.534,437.534,6900.0
0.7042,11.727,16.727,387.109,437.109,6900.0
0.7043,12.175,17.175,386.698,436.698,6900.0
0.7044,12.737,17.737,386.306,436.306,6900.0
0.7045,12.938,17.938,385.933,435.933,6900.0
0.7046,13.323,18.323,385.576,435.576,6900.0
0.7047,13.451,18.451,385.235,435.235,6900.0
0.7048,13.767,18.767,384.901,434.901,6900.0
0.7049,14.309,19.309,384.583,434.583,6900.0
0.705,14.488,19.488,384.287,434.287,6900.0
0.7051,15.13,20.13,384.014,434.014,6900.0
0.7052,15.3,20.3,383.768,433.768,6900.0
0.7053,15.249,20.249,383.529,433.529,6900.0
0.7054,15.558,20.558,383.295,433.295,6900.0
0.7055,15.329,20.329,383.076,433.076,6900.0
0.7056,15.753,20.753,382.864,432.864,6900.0
0.7057,15.749,20.749,382.673,432.673,6900.0
0.7058,15.59,20.59,382.477,432.477,6900.0
0.7059,15.688,20.688,382.281,432.281,6900.0
0.706,15.431,20.431,382.09,432.09,6900.0
0.7061,15.593,20.593,381.894,431.894,6900.0
0.7062,15.299,20.299,381.711,431.711,6900.0
0.7063,15.066,20.066,381.516,431.516,6900.0
0.7064,15.285,20.285,381.325,431.325,6900.0
0.7065,15.062,20.062,381.142,431.142,6900.0
0.7066,15.137,20.137,380.952,430.952,6900.0
0.7067,14.998,19.998,380.771,430.771,6900.0
0.7068,14.583,19.583,380.578,430.578,6900.0
0.7069,14.625,19.625,380.381,430.381,6900.0
0.707,14.108,19.108,380.18,430.18,6900.0
0.7071,13.971,18.971,379.959,429.959,6900.0
0.7072,13.686,18.686,379.733,429.733,6900.0
0.7073,13.508,18.508,379.491,429.491,6900.0
0.7074,13.548,18.548,379.252,429.252,6900.0
0.7075,13.144,18.144,379.008,429.008,6900.0
0.7076,12.615,17.615,378.743,428.743,6900.0
0.7077,12.279,17.279,378.458,428.458,6900.0
0.7078,12.096,17.096,378.158,428.158,6900.0
0.7079,11.925,16.925,377.859,427.859,6900.0
0.708,11.306,16.306,377.545,427.545,6900.0
0.7081,10.993,15.993,377.209,427.209,6900.0
0.7082,10.585,15.585,376.855,426.855,6900.0
0.7083,10.341,15.341,376.481,426.481,6900.0
0.7084,10.28,15.28,376.104,426.104,6900.0
0.7085,9.628,14.628,375.716,425.716,6900.0
0.7086,9.616,14.616,375.309,425.309,6900.0
0.7087,9.025,14.025,374.889,424.889,6900.0
0.7088,8.929,13.929,374.447,424.447,6900.0
0.7089,8.649,13.649,373.998,423.998,6900.0
0.709,8.108,13.108,373.534,423.534,6900.0
0.7091,7.896,12.896,373.053,423.053,6900.0
0.7092,7.065,12.065,372.557,422.557,6900.0
0.7093,6.614,11.614,372.034,422.034,6900.0
0.7094,6.237,11.237,371.493,421.493,6900.0
0.7095,5.614,10.614,370.934,420.934,6900.0
0.7096,5.707,10.707,370.364,420.364,6900.0
0.7097,5.276,10.276,369.79,419.79,6900.0
0.7098,4.516,9.516,369.196,419.196,6900.0
0.7099,3.881,8.881,368.577,418.577,6900.0
0.71,3.406,8.406,367.939,417.939,6900.0
0.7101,3.17,8.17,367.291,417.291,6900.0
0.7102,2.93,7.93,366.639,416.639,6900.0
0.7103,2.146,7.146,365.973,415.973,6900.0
0.7104,1.516,6.516,365.288,415.288,6900.0
0.7105,1.004,6.004,364.591,414.591,6900.0
0.7106,0.451,5.451,363.88,413.88,6900.0
0.7107,0.072,5.072,363.162,413.162,6900.0
0.7108,0.075,5.075,362.439,412.439,6900.0
0.7109,0.021,5.021,361.713,411.713,6900.0
0.711,0.007,5.007,360.984,410.984,6900.0
0.7111,-0.0,5.0,360.252,410.252,6900.0
0.7112,-0.0,5.0,359.518,409.518,6900.0
0.7113,-0.0,5.0,358.782,408.782,6900.0
0.7114,-0.0,5.0,358.044,408.044,6900.0
0.7115,-0.0,5.0,357.303,407.303,6900.0
0.7116,-0.0,5.0,356.56,406.56,6900.0
0.7117,-0.0,5.0,355.816,405.816,6900.0
0.7118,-0.0,5.0,355.069,405.069,6900.0
0.7119,-0.0,5.0,354.321,404.321,6900.0
0.712,-0.003,4.997,353.571,403.571,6900.0
0.7121,-1.776,3.224,352.82,402.82,6900.0
0.7122,-6.081,-1.081,352.067,402.067,6900.0
0.7123,-6.92,-1.92,351.336,401.336,6891.601
0.7124,-7.171,-2.171,350.615,400.615,6859.346
0.7125,-7.995,-2.995,349.906,399.906,6804.26
0.7126,-8.716,-3.716,349.221,399.221,6728.109
0.7127,-9.651,-4.651,348.567,398.567,6632.787
0.7128,-9.98,-4.98,347.948,397.948,6520.468
0.7129,-10.249,-5.249,347.347,397.347,6392.992
0.713,-11.039,-6.039,346.77,396.77,6251.779
0.7131,-12.107,-7.107,346.232,396.232,6098.549
0.7132,-13.18,-8.18,345.751,395.751,5935.485
0.7133,-13.684,-8.684,345.323,395.323,5747.681
0.7134,-13.948,-8.948,344.923,394.923,5589.127
0.7135,-14.518,-9.518,344.551,394.551,5408.894
0.7136,-15.233,-10.233,344.224,394.224,5225.746
0.7137,-16.129,-11.129,343.954,393.954,5041.503
0.7138,-16.775,-11.775,343.745,393.745,4858.239
0.7139,-17.195,-12.195,343.584,393.584,4677.782
0.714,-17.595,-12.595,343.467,393.467,4501.532
0.7141,-18.438,-13.438,343.395,393.395,4330.727
0.7142,-19.018,-14.018,343.379,393.379,4166.79
0.7143,-19.694,-14.694,343.411,393.411,4011.148
0.7144,-20.302,-15.302,343.495,393.495,3864.92
0.7145,-20.699,-15.699,343.624,393.624,3729.344
0.7146,-21.015,-16.015,343.789,393.789,3605.25
0.7147,-21.153,-16.153,343.983,393.983,3493.176
0.7148,-21.711,-16.711,344.205,394.205,3393.389
0.7149,-22.171,-17.171,344.469,394.469,3306.382
0.715,-22.393,-17.393,344.781,394.781,3232.973
0.7151,-22.582,-17.582,345.122,395.122,3173.849
0.7152,-22.594,-17.594,345.479,395.479,3129.12
0.7153,-22.939,-17.939,345.855,395.855,3096.26
0.7154,-23.026,-18.026,346.257,396.257,3081.345
0.7155,-23.108,-18.108,346.687,396.687,3080.215
0.7156,-23.483,-18.483,347.132,397.132,3092.664
0.7157,-23.314,-18.314,347.58,397.58,3119.301
0.7158,-23.211,-18.211,348.027,398.027,3159.386
0.7159,-23.069,-18.069,348.465,398.465,3212.189
0.716,-22.942,-17.942,348.908,398.908,3276.919
0.7161,-23.37,-18.37,349.35,399.35,3353.11
0.7162,-23.233,-18.233,349.787,399.787,3440.264
0.7163,-23.63,-18.63,350.22,400.22,3537.616
0.7164,-23.734,-18.734,350.659,400.659,3644.686
0.7165,-23.699,-18.699,351.097,401.097,3761.135
0.7166,-24.097,-19.097,351.535,401.535,3886.512
0.7167,-23.926,-18.926,351.965,401.965,4020.4
0.7168,-24.07,-19.07,352.38,402.38,4162.048
0.7169,-23.925,-18.925,352.784,402.784,4310.599
0.717,-23.723,-18.723,353.16,403.16,4465.191
0.7171,-23.849,-18.849,353.517,403.517,4624.714
0.7172,-23.659,-18.659,353.849,403.849,4788.335
0.7173,-23.667,-18.667,354.157,404.157,4971.846
0.7174,-23.387,-18.387,354.443,404.443,5140.819
0.7175,-22.864,-17.864,354.683,404.683,5293.698
0.7176,-22.752,-17.752,354.892,404.892,5463.113
0.7177,-22.477,-17.477,355.072,405.072,5631.163
0.7178,-22.654,-17.654,355.227,405.227,5797.023
0.7179,-22.384,-17.384,355.369,405.369,5960.017
0.718,-21.8,-16.8,355.467,405.467,6119.559
0.7181,-21.958,-16.958,355.528,405.528,6274.263
0.7182,-21.594,-16.594,355.567,405.567,6423.435
0.7183,-21.464,-16.464,355.57,405.57,6566.435
0.7184,-21.117,-16.117,355.545,405.545,6700.738
0.7185,-20.356,-15.356,355.48,405.48,6792.985
0.7186,-20.553,-15.553,355.377,405.377,6847.319
0.7187,-20.074,-15.074,355.264,405.264,6879.03
0.7188,-19.82,-14.82,355.122,405.122,6897.269
0.7189,-19.411,-14.411,354.966,404.966,6907.501
0.719,-18.684,-13.684,354.786,404.786,6912.994
0.7191,-18.717,-13.717,354.575,404.575,6915.696
0.7192,-18.174,-13.174,354.348,404.348,6916.769
0.7193,-17.945,-12.945,354.086,404.086,6916.885
0.7194,-17.686,-12.686,353.81,403.81,6916.458
0.7195,-17.198,-12.198,353.52,403.52,6915.844
0.7196,-17.019,-12.019,353.208,403.208,6915.033
0.7197,-16.078,-11.078,352.865,402.865,6914.168
0.7198,-15.596,-10.596,352.474,402.474,6913.295
0.7199,-15.481,-10.481,352.065,402.065,6912.443
0.72,-15.226,-10.226,351.652,401.652,6907.346
0.7201,-14.791,-9.791,351.232,401.232,6888.73
0.7202,-13.72,-8.72,350.778,400.778,6856.416
0.7203,-13.23,-8.23,350.283,400.283,6804.232
0.7204,-12.631,-7.631,349.77,399.77,6748.265
0.7205,-12.202,-7.202,349.245,399.245,6672.23
0.7206,-11.788,-6.788,348.716,398.716,6582.106
0.7207,-10.817,-5.817,348.172,398.172,6478.372
0.7208,-10.323,-5.323,347.61,397.61,6361.12
0.7209,-9.679,-4.679,347.047,397.047,6230.649
0.721,-9.104,-4.104,346.482,396.482,6087.604
0.7211,-8.371,-3.371,345.922,395.922,5932.709
0.7212,-7.377,-2.377,345.361,395.361,5766.681
0.7213,-6.601,-1.601,344.798,394.798,5571.828
0.7214,-5.905,-0.905,344.24,394.24,5384.222
0.7215,-5.273,-0.273,343.689,393.689,5207.495
0.7216,-4.822,0.178,343.149,393.149,5003.108
0.7217,-3.756,1.244,342.625,392.625,4791.16
0.7218,-2.53,2.47,342.116,392.116,4572.603
0.7219,-3.135,1.865,341.622,391.622,4348.3
0.722,-0.738,4.262,341.155,391.155,4119.223
0.7221,-0.0,5.0,340.711,390.711,3886.519
0.7222,-0.0,5.0,340.292,390.292,3651.203
0.7223,0.044,5.044,339.9,389.9,3390.551
0.7224,0.049,5.049,339.534,389.534,3176.764
0.7225,0.209,5.209,339.195,389.195,2939.554
0.7226,0.178,5.178,338.884,388.884,2703.562
0.7227,0.173,5.173,338.599,388.599,2469.636
0.7228,0.722,5.722,338.342,388.342,2238.558
0.7229,1.468,6.468,338.118,388.118,2011.172
0.723,2.436,7.436,337.931,387.931,1788.434
0.7231,3.478,8.478,337.79,387.79,1571.423
0.7232,3.736,8.736,337.685,387.685,1361.264
0.7233,4.3,9.3,337.608,387.608,1138.82
0.7234,5.084,10.084,337.565,387.565,945.172
0.7235,6.027,11.027,337.565,387.565,778.558
0.7236,6.731,11.731,337.614,387.614,602.883
0.7237,7.293,12.293,337.702,387.702,438.072
0.7238,7.97,12.97,337.823,387.823,284.757
0.7239,8.622,13.622,337.983,387.983,143.457
0.724,9.255,14.255,338.182,388.182,14.819
0.7241,9.929,14.929,338.417,388.417,0.0
0.7242,10.658,15.658,338.679,388.679,0.0
0.7243,11.3,16.3,338.967,388.967,0.0
0.7244,11.915,16.915,339.278,389.278,0.0
0.7245,12.411,17.411,339.611,389.611,0.0
0.7246,12.891,17.891,339.961,389.961,0.0
0.7247,13.335,18.335,340.333,390.333,0.0
0.7248,13.95,18.95,340.733,390.733,0.0
0.7249,14.329,19.329,341.159,391.159,0.0
0.725,14.664,19.664,341.603,391.603,0.0
0.7251,15.125,20.125,342.062,392.062,0.837
0.7252,15.507,20.507,342.547,392.547,13.494
0.7253,16.171,21.171,343.058,393.058,41.385
0.7254,16.527,21.527,343.6,393.6,89.915
0.7255,16.626,21.626,344.147,394.147,150.185
0.7256,16.983,21.983,344.693,394.693,216.938
0.7257,17.081,22.081,345.247,395.247,304.538
0.7258,17.654,22.654,345.8,395.8,405.695
0.7259,17.855,22.855,346.37,396.37,520.064
0.726,17.724,22.724,346.93,396.93,647.284
0.7261,18.134,23.134,347.473,397.473,786.282
0.7262,18.256,23.256,348.019,398.019,936.285
0.7263,18.643,23.643,348.552,398.552,1096.66
0.7264,18.839,23.839,349.095,399.095,1266.835
0.7265,18.744,23.744,349.624,399.624,1446.466
0.7266,18.907,23.907,350.135,400.135,1634.532
0.7267,18.78,23.78,350.634,400.634,1830.266
0.7268,18.66,23.66,351.098,401.098,2032.643
0.7269,18.719,23.719,351.544,401.544,2240.407
0.727,18.483,23.483,351.962,401.962,2452.721
0.7271,18.574,23.574,352.351,402.351,2668.317
0.7272,18.301,23.301,352.715,402.715,2886.329
0.7273,18.045,23.045,353.033,403.033,3105.529
0.7274,18.101,23.101,353.32,403.32,3346.323
0.7275,18.031,23.031,353.579,403.579,3563.99
0.7276,18.068,23.068,353.817,403.817,3758.138
0.7277,17.844,22.844,354.028,404.028,3971.416
0.7278,17.309,22.309,354.198,404.198,4181.192
0.7279,17.214,22.214,354.325,404.325,4386.155
0.728,17.005,22.005,354.421,404.421,4585.334
0.7281,16.774,21.774,354.49,404.49,4777.942
0.7282,16.451,21.451,354.523,404.523,4963.332
0.7283,15.866,20.866,354.514,404.514,5140.539
0.7284,15.575,20.575,354.456,404.456,5308.399
0.7285,15.273,20.273,354.362,404.362,5465.895
0.7286,14.965,19.965,354.237,404.237,5612.354
0.7287,14.653,19.653,354.082,404.082,5747.222
0.7288,14.201,19.201,353.894,403.894,5870.019
0.7289,13.815,18.815,353.673,403.673,5980.156
0.729,13.446,18.446,353.419,403.419,6077.144
0.7291,12.957,17.957,353.136,403.136,6160.535
0.7292,12.575,17.575,352.823,402.823,6229.954
0.7293,12.263,17.263,352.487,402.487,6285.12
0.7294,11.76,16.76,352.135,402.135,6329.357
0.7295,11.096,16.096,351.751,401.751,6354.556
0.7296,10.409,15.409,351.333,401.333,6364.641
0.7297,9.995,14.995,350.89,400.89,6361.51
0.7298,9.64,14.64,350.434,400.434,6343.338
0.7299,9.182,14.182,349.973,399.973,6310.56
0.73,8.201,13.201,349.491,399.491,6263.59
0.7301,6.99,11.99,348.974,398.974,6202.219
0.7302,6.328,11.328,348.434,398.434,6126.068
0.7303,5.944,10.944,347.885,397.885,6035.307
0.7304,5.625,10.625,347.341,397.341,5930.542
0.7305,4.797,9.797,346.796,396.796,5812.658
0.7306,3.862,8.862,346.24,396.24,5682.162
0.7307,3.155,8.155,345.682,395.682,5539.415
0.7308,2.387,7.387,345.126,395.126,5385.081
0.7309,1.791,6.791,344.577,394.577,5219.866
0.731,0.851,5.851,344.033,394.033,5044.602
0.7311,0.026,5.026,343.495,393.495,4860.012
0.7312,0.006,5.006,342.973,392.973,4666.88
0.7313,-0.0,5.0,342.471,392.471,4466.294
0.7314,-0.0,5.0,341.99,391.99,4238.347
0.7315,-0.0,5.0,341.531,391.531,4025.646
0.7316,-0.0,5.0,341.094,391.094,3830.646
0.7317,-0.0,5.0,340.681,390.681,3610.939
0.7318,-0.0,5.0,340.292,390.292,3388.971
0.7319,-0.0,5.0,339.927,389.927,3165.679
0.732,0.0,5.0,339.587,389.587,2941.957
0.7321,-1.3,3.7,339.271,389.271,2718.657
0.7322,-4.185,0.815,338.979,388.979,2496.582
0.7323,-6.909,-1.909,338.719,388.719,2276.512
0.7324,-7.472,-2.472,338.506,388.506,2059.67
0.7325,-8.007,-3.007,338.331,388.331,1847.305
0.7326,-8.491,-3.491,338.187,388.187,1640.342
0.7327,-9.499,-4.499,338.08,388.08,1439.558
0.7328,-10.623,-5.623,338.019,388.019,1245.977
0.7329,-11.965,-6.965,338.015,388.015,1060.789
0.733,-12.659,-7.659,338.067,388.067,885.481
0.7331,-13.089,-8.089,338.148,388.148,721.055
0.7332,-13.877,-8.877,338.258,388.258,567.819
0.7333,-15.051,-10.051,338.412,388.412,426.281
0.7334,-16.304,-11.304,338.628,388.628,285.326
0.7335,-16.978,-11.978,338.901,388.901,172.052
0.7336,-17.235,-12.235,339.203,389.203,82.851
0.7337,-17.865,-12.865,339.526,389.526,0.0
0.7338,-18.792,-13.792,339.88,389.88,0.0
0.7339,-19.629,-14.629,340.277,390.277,0.0
0.734,-20.427,-15.427,340.716,390.716,0.0
0.7341,-21.159,-16.159,341.195,391.195,0.0
0.7342,-21.866,-16.866,341.711,391.711,0.0
0.7343,-22.527,-17.527,342.264,392.264,3.409
0.7344,-23.123,-18.123,342.852,392.852,23.587
0.7345,-23.783,-18.783,343.47,393.47,61.993
0.7346,-24.29,-19.29,344.119,394.119,118.742
0.7347,-24.877,-19.877,344.792,394.792,193.904
0.7348,-25.188,-20.188,345.484,395.484,287.334
0.7349,-25.434,-20.434,346.175,396.175,398.581
0.735,-25.921,-20.921,346.873,396.873,526.812
0.7351,-26.541,-21.541,347.585,397.585,671.615
0.7352,-27.021,-22.021,348.328,398.328,832.898
0.7353,-27.329,-22.329,349.082,399.082,1010.716
0.7354,-27.555,-22.555,349.827,399.827,1224.721
0.7355,-28.007,-23.007,350.575,400.575,1434.992
0.7356,-28.297,-23.297,351.324,401.324,1659.78
0.7357,-28.748,-23.748,352.086,402.086,1874.036
0.7358,-28.679,-23.679,352.846,402.846,2125.249
0.7359,-28.561,-23.561,353.566,403.566,2389.176
0.736,-28.718,-23.718,354.263,404.263,2664.068
0.7361,-28.617,-23.617,354.933,404.933,2948.797
0.7362,-28.828,-23.828,355.581,405.581,3242.007
0.7363,-28.736,-23.736,356.211,406.211,3542.862
0.7364,-28.596,-23.596,356.794,406.794,3850.102
0.7365,-28.775,-23.775,357.351,407.351,4162.083
0.7366,-28.547,-23.547,357.878,407.878,4477.88
0.7367,-28.684,-23.684,358.372,408.372,4796.139
0.7368,-28.61,-23.61,358.847,408.847,5115.978
0.7369,-28.568,-23.568,359.28,409.28,5436.453
0.737,-28.498,-23.498,359.688,409.688,5756.338
0.7371,-28.086,-23.086,360.053,410.053,6074.677
0.7372,-28.116,-23.116,360.361,410.361,6389.798
0.7373,-27.753,-22.753,360.643,410.643,6630.033
0.7374,-27.618,-22.618,360.884,410.884,6780.763
0.7375,-27.52,-22.52,361.117,411.117,6857.601
0.7376,-26.897,-21.897,361.328,411.328,6901.211
0.7377,-26.758,-21.758,361.497,411.497,6923.454
0.7378,-26.435,-21.435,361.66,411.66,6936.89
0.7379,-26.209,-21.209,361.806,411.806,6943.264
0.738,-26.173,-21.173,361.95,411.95,6945.566
0.7381,-25.711,-20.711,362.084,412.084,6945.558
0.7382,-25.391,-20.391,362.185,412.185,6944.277
0.7383,-25.078,-20.078,362.268,412.268,6942.332
0.7384,-24.768,-19.768,362.331,412.331,6940.075
0.7385,-24.439,-19.439,362.378,412.378,6937.709
0.7386,-23.78,-18.78,362.402,412.402,6935.351
0.7387,-23.259,-18.259,362.387,412.387,6933.062
0.7388,-22.837,-17.837,362.342,412.342,6930.876
0.7389,-22.421,-17.421,362.27,412.27,6928.808
0.739,-21.946,-16.946,362.171,412.171,6926.863
0.7391,-21.384,-16.384,362.049,412.049,6925.041
0.7392,-21.027,-16.027,361.901,411.901,6923.336
0.7393,-20.374,-15.374,361.73,411.73,6921.745
0.7394,-19.778,-14.778,361.521,411.521,6920.26
0.7395,-19.291,-14.291,361.277,411.277,6918.743
0.7396,-18.678,-13.678,361.009,411.009,6917.462
0.7397,-18.377,-13.377,360.722,410.722,6916.384
0.7398,-17.704,-12.704,360.42,410.42,6915.263
0.7399,-16.597,-11.597,360.071,410.071,6914.22
0.74,-15.982,-10.982,359.673,409.673,6913.247
0.7401,-15.485,-10.485,359.247,409.247,6912.341
0.7402,-15.386,-10.386,358.809,408.809,6911.498
0.7403,-14.835,-9.835,358.364,408.364,6910.711
0.7404,-13.935,-8.935,357.887,407.887,6909.979
0.7405,-13.472,-8.472,357.37,407.37,6909.296
0.7406,-12.791,-7.791,356.831,406.831,6908.661
0.7407,-12.377,-7.377,356.271,406.271,6908.068
0.7408,-11.78,-6.78,355.697,405.697,6907.516
0.7409,-10.857,-5.857,355.097,405.097,6907.002
0.741,-10.146,-5.146,354.468,404.468,6906.523
0.7411,-9.317,-4.317,353.82,403.82,6906.077
0.7412,-8.707,-3.707,353.151,403.151,6905.661
0.7413,-8.015,-3.015,352.469,402.469,6905.274
0.7414,-7.243,-2.243,351.77,401.77,6904.272
0.7415,-6.455,-1.455,351.057,401.057,6883.174
0.7416,-5.842,-0.842,350.336,400.336,6839.411
0.7417,-5.432,-0.432,349.61,399.61,6780.81
0.7418,-6.242,-1.242,348.88,398.88,6695.297
0.7419,-3.715,1.285,348.166,398.166,6589.436
0.742,-3.538,1.462,347.452,397.452,6464.572
0.7421,-0.0,5.0,346.755,396.755,6321.987
0.7422,-0.0,5.0,346.07,396.07,6163.03
0.7423,0.011,5.011,345.403,395.403,5989.121
0.7424,0.042,5.042,344.757,394.757,5801.699
0.7425,0.196,5.196,344.131,394.131,5602.179
0.7426,0.204,5.204,343.529,393.529,5391.962
0.7427,1.005,6.005,342.953,392.953,5172.442
0.7428,1.817,6.817,342.413,392.413,4945.146
0.7429,2.453,7.453,341.907,391.907,4711.701
0.743,3.393,8.393,341.434,391.434,4473.583
0.7431,4.627,9.627,341.002,391.002,4232.265
0.7432,5.963,10.963,340.62,390.62,3989.422
0.7433,7.056,12.056,340.296,390.296,3746.908
0.7434,7.738,12.738,340.019,390.019,3506.575
0.7435,8.789,13.789,339.781,389.781,3246.295
0.7436,10.061,15.061,339.593,389.593,3014.732
0.7437,11.409,16.409,339.468,389.468,2811.817
0.7438,12.619,17.619,339.413,389.413,2594.157
0.7439,13.594,18.594,339.421,389.421,2386.457
0.744,14.629,19.629,339.484,389.484,2190.147
0.7441,15.786,20.786,339.606,389.606,2006.461
0.7442,17.015,22.015,339.788,389.788,1836.712
0.7443,18.068,23.068,340.033,390.033,1682.166
0.7444,19.14,24.14,340.334,390.334,1543.979
0.7445,20.279,25.279,340.691,390.691,1423.149
0.7446,21.32,26.32,341.101,391.101,1320.55
0.7447,22.392,27.392,341.555,391.555,1236.882
0.7448,23.531,28.531,342.054,392.054,1172.588
0.7449,24.647,29.647,342.606,392.606,1128.233
0.745,25.933,30.933,343.219,393.219,1104.619
0.7451,26.868,31.868,343.896,393.896,1102.837
0.7452,27.606,32.606,344.611,394.611,1123.571
0.7453,28.711,33.711,345.356,395.356,1166.764
0.7454,29.473,34.473,346.152,396.152,1232.646
0.7455,30.406,35.406,346.988,396.988,1331.777
0.7456,31.071,36.071,347.868,397.868,1446.559
0.7457,31.502,36.502,348.756,398.756,1569.858
0.7458,32.359,37.359,349.636,399.636,1727.965
0.7459,33.034,38.034,350.528,400.528,1907.481
0.746,33.819,38.819,351.423,401.423,2107.644
0.7461,34.388,39.388,352.339,402.339,2327.915
0.7462,34.898,39.898,353.241,403.241,2567.751
0.7463,35.66,40.66,354.133,404.133,2825.783
0.7464,36.139,41.139,355.034,405.034,3101.302
0.7465,36.811,41.811,355.921,405.921,3393.563
0.7466,37.312,42.312,356.829,406.829,3701.834
0.7467,37.588,42.588,357.722,407.722,4025.83
0.7468,38.151,43.151,358.599,408.599,4364.261
0.7469,38.4,43.4,359.462,409.462,4716.277
0.747,38.758,43.758,360.274,410.274,5080.419
0.7471,39.14,44.14,361.061,411.061,5454.715
0.7472,39.362,44.362,361.803,411.803,5837.846
0.7473,39.783,44.783,362.505,412.505,6227.865
0.7474,39.702,44.702,363.178,413.178,6539.538
0.7475,39.775,44.775,363.799,413.799,6734.84
0.7476,39.966,44.966,364.404,414.404,6834.384
0.7477,40.1,45.1,365.001,415.001,6886.657
0.7478,40.129,45.129,365.61,415.61,6919.933
0.7479,39.82,44.82,366.222,416.222,6937.62
0.748,39.469,44.469,366.806,416.806,6946.246
0.7481,39.307,44.307,367.362,417.362,6949.658
0.7482,38.94,43.94,367.902,417.902,6950.116
0.7483,38.578,43.578,368.427,418.427,6948.945
0.7484,37.996,42.996,368.922,418.922,6946.917
0.7485,37.425,42.425,369.369,419.369,6944.478
0.7486,36.758,41.758,369.766,419.766,6941.886
0.7487,36.285,41.285,370.115,420.115,6939.283
0.7488,35.636,40.636,370.432,420.432,6936.749
0.7489,34.884,39.884,370.715,420.715,6934.326
0.749,33.967,38.967,370.961,420.961,6932.031
0.7491,33.06,38.06,371.168,421.168,6929.872
0.7492,32.105,37.105,371.33,421.33,6927.848
0.7493,31.128,36.128,371.443,421.443,6925.956
0.7494,30.278,35.278,371.512,421.512,6924.19
0.7495,29.272,34.272,371.549,421.549,6922.383
0.7496,28.027,33.027,371.555,421.555,6920.857
0.7497,26.673,31.673,371.499,421.499,6919.435
0.7498,25.44,30.44,371.364,421.364,6918.239
0.7499,24.488,29.488,371.175,421.175,6916.995
0.75,23.522,28.522,370.955,420.955,6915.837
0.7501,22.441,27.441,370.718,420.718,6914.758
0.7502,20.771,25.771,370.44,420.44,6913.752
0.7503,19.374,24.374,370.09,420.09,6912.815
0.7504,18.109,23.109,369.694,419.694,6911.942
0.7505,16.903,21.903,369.258,419.258,6911.129
0.7506,15.574,20.574,368.799,418.799,6910.371
0.7507,13.868,18.868,368.305,418.305,6909.664
0.7508,12.393,17.393,367.762,417.762,6909.006
0.7509,11.045,16.045,367.188,417.188,6908.393
0.751,9.494,14.494,366.585,416.585,6907.821
0.7511,7.912,12.912,365.959,415.959,6907.289
0.7512,5.993,10.993,365.307,415.307,6906.792
0.7513,4.221,9.221,364.628,414.628,6906.33
0.7514,2.539,7.539,363.927,413.927,6905.899
0.7515,0.787,5.787,363.208,413.208,6905.497
0.7516,0.032,5.032,362.479,412.479,6905.086
0.7517,-0.0,5.0,361.746,411.746,6904.74
0.7518,-0.0,5.0,361.011,411.011,6904.448
0.7519,-0.0,5.0,360.275,410.275,6904.145
0.752,0.0,5.0,359.537,409.537,6903.862
0.7521,-3.048,1.952,358.797,408.797,6903.599
0.7522,-7.507,-2.507,358.057,408.057,6903.353
0.7523,-8.592,-3.592,357.334,407.334,6903.124
0.7524,-10.004,-5.004,356.619,406.619,6902.911
0.7525,-11.457,-6.457,355.916,405.916,6902.712
0.7526,-13.081,-8.081,355.236,405.236,6902.527
0.7527,-14.331,-9.331,354.584,404.584,6902.354
0.7528,-15.793,-10.793,353.943,403.943,6902.193
0.7529,-17.447,-12.447,353.329,403.329,6902.043
0.753,-19.11,-14.11,352.758,402.758,6901.903
0.7531,-20.81,-15.81,352.248,402.248,6901.773
0.7532,-21.903,-16.903,351.799,401.799,6900.443
0.7533,-22.847,-17.847,351.371,401.371,6887.049
0.7534,-24.385,-19.385,350.963,400.963,6859.889
0.7535,-25.791,-20.791,350.607,400.607,6820.803
0.7536,-27.308,-22.308,350.315,400.315,6766.984
0.7537,-28.474,-23.474,350.089,400.089,6711.262
0.7538,-29.521,-24.521,349.905,399.905,6657.453
0.7539,-30.843,-25.843,349.762,399.762,6594.985
0.754,-32.186,-27.186,349.679,399.679,6531.448
0.7541,-33.301,-28.301,349.669,399.669,6469.096
0.7542,-34.415,-29.415,349.729,399.729,6410.315
0.7543,-35.505,-30.505,349.86,399.86,6357.311
0.7544,-36.71,-31.71,350.059,400.059,6312.156
0.7545,-37.66,-32.66,350.323,400.323,6276.81
0.7546,-38.521,-33.521,350.636,400.636,6252.734
0.7547,-39.596,-34.596,350.996,400.996,6240.943
0.7548,-40.504,-35.504,351.411,401.411,6242.577
0.7549,-41.421,-36.421,351.883,401.883,6258.872
0.755,-42.122,-37.122,352.396,402.396,6290.887
0.7551,-42.862,-37.862,352.923,402.923,6338.939
0.7552,-43.809,-38.809,353.487,403.487,6402.82
0.7553,-44.661,-39.661,354.096,404.096,6483.315
0.7554,-45.298,-40.298,354.775,404.775,6581.41
0.7555,-45.739,-40.739,355.49,405.49,6698.093
0.7556,-46.418,-41.418,356.206,406.206,6798.568
0.7557,-47.073,-42.073,356.968,406.968,6850.876
0.7558,-47.773,-42.773,357.76,407.76,6879.016
0.7559,-48.396,-43.396,358.616,408.616,6897.509
0.756,-48.623,-43.623,359.51,409.51,6907.85
0.7561,-49.209,-44.209,360.388,410.388,6913.366
0.7562,-49.754,-44.754,361.298,411.298,6916.047
0.7563,-50.115,-45.115,362.22,412.22,6917.081
0.7564,-50.668,-45.668,363.169,413.169,6917.172
0.7565,-50.983,-45.983,364.149,414.149,6916.74
0.7566,-51.364,-46.364,365.126,415.126,6916.031
0.7567,-51.703,-46.703,366.138,416.138,6915.19
0.7568,-51.837,-46.837,367.16,417.16,6914.299
0.7569,-52.375,-47.375,368.19,418.19,6913.406
0.757,-52.391,-47.391,369.261,419.261,6912.537
0.7571,-52.466,-47.466,370.325,420.325,6911.707
0.7572,-52.458,-47.458,371.41,421.41,6910.921
0.7573,-52.231,-47.231,372.477,422.477,6910.181
0.7574,-52.363,-47.363,373.505,423.505,6909.488
0.7575,-52.221,-47.221,374.531,424.531,6908.841
0.7576,-52.219,-47.219,375.525,425.525,6908.179
0.7577,-51.985,-46.985,376.518,426.518,6907.619
0.7578,-51.582,-46.582,377.48,427.48,6907.148
0.7579,-51.298,-46.298,378.391,428.391,6906.659
0.758,-50.894,-45.894,379.29,429.29,6906.204
0.7581,-50.704,-45.704,380.166,430.166,6905.78
0.7582,-50.111,-45.111,381.046,431.046,6905.385
0.7583,-49.391,-44.391,381.893,431.893,6905.017
0.7584,-48.527,-43.527,382.691,432.691,6904.674
0.7585,-47.968,-42.968,383.437,433.437,6904.355
0.7586,-47.162,-42.162,384.146,434.146,6904.058
0.7587,-46.327,-41.327,384.809,434.809,6903.781
0.7588,-45.476,-40.476,385.421,435.421,6903.524
0.7589,-44.624,-39.624,385.973,435.973,6903.284
0.759,-43.692,-38.692,386.469,436.469,6903.06
0.7591,-42.822,-37.822,386.905,436.905,6902.852
0.7592,-41.994,-36.994,387.286,437.286,6902.658
0.7593,-41.125,-36.125,387.627,437.627,6902.477
0.7594,-40.252,-35.252,387.937,437.937,6902.309
0.7595,-39.011,-34.011,388.208,438.208,6902.152
0.7596,-37.736,-32.736,388.415,438.415,6901.992
0.7597,-36.795,-31.795,388.551,438.551,6901.857
0.7598,-35.967,-30.967,388.648,438.648,6901.743
0.7599,-34.918,-29.918,388.725,438.725,6901.625
0.76,-33.355,-28.355,388.769,438.769,6901.515
0.7601,-31.692,-26.692,388.721,438.721,6901.412
0.7602,-30.551,-25.551,388.581,438.581,6901.316
0.7603,-29.412,-24.412,388.389,438.389,6901.227
0.7604,-28.389,-23.389,388.165,438.165,6901.144
0.7605,-26.843,-21.843,387.92,437.92,6901.066
0.7606,-25.138,-20.138,387.622,437.622,6900.994
0.7607,-23.942,-18.942,387.267,437.267,6900.927
0.7608,-22.329,-17.329,386.885,436.885,6900.864
0.7609,-21.083,-16.083,386.467,436.467,6900.806
0.761,-19.308,-14.308,386.028,436.028,6900.751
0.7611,-17.427,-12.427,385.547,435.547,6900.7
0.7612,-15.736,-10.736,385.019,435.019,6900.653
0.7613,-13.99,-8.99,384.457,434.457,6900.609
0.7614,-12.353,-7.353,383.86,433.86,6900.568
0.7615,-10.61,-5.61,383.238,433.238,6900.529
0.7616,-9.004,-4.004,382.591,432.591,6900.49
0.7617,-7.438,-2.438,381.926,431.926,6900.457
0.7618,-5.91,-0.91,381.247,431.247,6900.426
0.7619,-5.172,-0.172,380.556,430.556,6900.4
0.762,-1.015,3.985,379.864,429.864,6900.373
0.7621,-0.0,5.0,379.165,429.165,6900.348
0.7622,0.069,5.069,378.465,428.465,6900.324
0.7623,0.16,5.16,377.763,427.763,6900.302
0.7624,0.678,5.678,377.061,427.061,6900.282
0.7625,1.732,6.732,376.364,426.364,6900.262
0.7626,2.8,7.8,375.672,425.672,6900.245
0.7627,4.461,9.461,374.989,424.989,6900.228
0.7628,5.945,10.945,374.323,424.323,6900.213
0.7629,7.694,12.694,373.678,423.678,6900.198
0.763,9.073,14.073,373.064,423.064,6900.185
0.7631,10.075,15.075,372.468,422.468,6900.172
0.7632,11.53,16.53,371.882,421.882,6900.161
0.7633,13.325,18.325,371.321,421.321,6900.15
0.7634,15.029,20.029,370.802,420.802,6900.139
0.7635,16.302,21.302,370.337,420.337,6900.13
0.7636,17.48,22.48,369.907,419.907,6900.121
0.7637,18.688,23.688,369.502,419.502,6900.112
0.7638,20.177,25.177,369.13,419.13,6900.104
0.7639,21.62,26.62,368.806,418.806,6900.098
0.764,22.867,27.867,368.536,418.536,6900.091
0.7641,24.0,29.0,368.31,418.31,6900.085
0.7642,25.286,30.286,368.126,418.126,6900.079
0.7643,26.537,31.537,367.988,417.988,6900.074
0.7644,27.657,32.657,367.898,417.898,6900.069
0.7645,28.927,33.927,367.851,417.851,6900.064
0.7646,30.056,35.056,367.859,417.859,6900.06
0.7647,31.189,36.189,367.923,417.923,6900.056
0.7648,32.251,37.251,368.041,418.041,6900.052
0.7649,33.17,38.17,368.2,418.2,6900.048
0.765,34.169,39.169,368.392,418.392,6900.045
0.7651,35.064,40.064,368.635,418.635,6900.042
0.7652,36.173,41.173,368.933,418.933,6900.039
0.7653,36.911,41.911,369.293,419.293,6900.036
0.7654,37.463,42.463,369.683,419.683,6900.034
0.7655,38.311,43.311,370.094,420.094,6900.032
0.7656,38.871,43.871,370.553,420.553,6900.029
0.7657,39.844,44.844,371.049,421.049,6900.027
0.7658,40.3,45.3,371.612,421.612,6900.025
0.7659,40.613,45.613,372.191,422.191,6900.024
0.766,41.344,46.344,372.778,422.778,6900.022
0.7661,41.653,46.653,373.404,423.404,6900.021
0.7662,42.302,47.302,374.041,424.041,6900.019
0.7663,42.824,47.824,374.723,424.723,6900.018
0.7664,43.039,48.039,375.419,425.419,6900.017
0.7665,43.481,48.481,376.123,426.123,6900.016
0.7666,43.683,48.683,376.852,426.852,6900.015
0.7667,44.135,49.135,377.578,427.578,6900.014
0.7668,44.399,49.399,378.344,428.344,6900.013
0.7669,44.337,49.337,379.117,429.117,6900.012
0.767,44.739,49.739,379.894,429.894,6900.011
0.7671,44.598,49.598,380.694,430.694,6900.01
0.7672,44.622,49.622,381.467,431.467,6900.009
0.7673,44.796,49.796,382.242,432.242,6900.009
0.7674,44.53,49.53,383.012,433.012,6900.008
0.7675,44.475,49.475,383.771,433.771,6900.008
0.7676,44.138,49.138,384.521,434.521,6900.007
0.7677,43.733,48.733,385.231,435.231,6900.007
0.7678,43.573,48.573,385.913,435.913,6900.006
0.7679,43.201,48.201,386.579,436.579,6900.006
0.768,42.885,47.885,387.236,437.236,6900.005
0.7681,42.248,47.248,387.879,437.879,6900.005
0.7682,41.486,46.486,388.482,438.482,6900.005
0.7683,40.84,45.84,389.041,439.041,6900.004
0.7684,40.187,45.187,389.566,439.566,6900.004
0.7685,39.446,44.446,390.065,440.065,6900.004
0.7686,38.609,43.609,390.525,440.525,6900.004
0.7687,37.651,42.651,390.94,440.94,6900.003
0.7688,36.75,41.75,391.3,441.3,6900.003
0.7689,35.837,40.837,391.613,441.613,6900.003
0.769,34.921,39.921,391.876,441.876,6900.003
0.7691,33.977,38.977,392.096,442.096,6900.002
0.7692,33.021,38.021,392.276,442.276,6900.002
0.7693,31.923,36.923,392.418,442.418,6900.002
0.7694,30.782,35.782,392.51,442.51,6900.002
0.7695,29.788,34.788,392.539,442.539,6900.002
0.7696,28.878,33.878,392.524,442.524,6900.002
0.7697,27.902,32.902,392.479,442.479,6900.002
0.7698,26.695,31.695,392.412,442.412,6900.002
0.7699,25.21,30.21,392.292,442.292,6900.001
0.77,23.963,28.963,392.096,442.096,6900.001
0.7701,22.897,27.897,391.85,441.85,6900.001
0.7702,21.981,26.981,391.572,441.572,6900.001
0.7703,20.634,25.634,391.281,441.281,6900.001
0.7704,18.951,23.951,390.951,440.951,6900.001
0.7705,17.323,22.323,390.561,440.561,6900.001
0.7706,15.977,20.977,390.13,440.13,6900.001
0.7707,14.581,19.581,389.663,439.663,6900.001
0.7708,13.079,18.079,389.173,439.173,6900.001
0.7709,11.318,16.318,388.649,438.649,6900.001
0.771,9.533,14.533,388.086,438.086,6900.001
0.7711,7.954,12.954,387.493,437.493,6900.001
0.7712,6.379,11.379,386.873,436.873,6900.001
0.7713,4.61,9.61,386.233,436.233,6900.001
0.7714,2.889,7.889,385.574,435.574,6900.0
0.7715,1.17,6.17,384.899,434.899,6900.0
0.7716,0.053,5.053,384.212,434.212,6900.0
0.7717,-0.001,4.999,383.521,433.521,6900.0
0.7718,-0.0,5.0,382.828,432.828,6900.0
0.7719,-0.0,5.0,382.134,432.134,6900.0
0.772,-0.002,4.998,381.439,431.439,6900.0
0.7721,-1.735,3.265,380.743,430.743,6900.0
0.7722,-5.193,-0.193,380.045,430.045,6900.0
0.7723,-8.802,-3.802,379.357,429.357,6900.0
0.7724,-9.761,-4.761,378.692,428.692,6900.0
0.7725,-11.029,-6.029,378.033,428.033,6900.0
0.7726,-12.805,-7.805,377.386,427.386,6900.0
0.7727,-14.402,-9.402,376.764,426.764,6900.0
0.7728,-15.973,-10.973,376.179,426.179,6900.0
0.7729,-17.241,-12.241,375.627,425.627,6900.0
0.773,-18.598,-13.598,375.091,425.091,6900.0
0.7731,-20.153,-15.153,374.578,424.578,6900.0
0.7732,-21.87,-16.87,374.109,424.109,6900.0
0.7733,-23.521,-18.521,373.703,423.703,6900.0
0.7734,-24.611,-19.611,373.357,423.357,6900.0
0.7735,-25.622,-20.622,373.033,423.033,6900.0
0.7736,-27.206,-22.206,372.729,422.729,6900.0
0.7737,-28.699,-23.699,372.471,422.471,6900.0
0.7738,-30.211,-25.211,372.274,422.274,6900.0
0.7739,-31.47,-26.47,372.135,422.135,6900.0
0.774,-32.749,-27.749,372.042,422.042,6900.0
0.7741,-34.053,-29.053,371.996,421.996,6900.0
0.7742,-35.31,-30.31,372.007,422.007,6900.0
0.7743,-36.622,-31.622,372.074,422.074,6900.0
0.7744,-37.798,-32.798,372.209,422.209,6900.0
0.7745,-39.02,-34.02,372.408,422.408,6900.0
0.7746,-40.013,-35.013,372.675,422.675,6900.0
0.7747,-41.03,-36.03,372.992,422.992,6900.0
0.7748,-42.036,-37.036,373.347,423.347,6900.0
0.7749,-43.04,-38.04,373.749,423.749,6900.0
0.775,-44.143,-39.143,374.197,424.197,6900.0
0.7751,-45.089,-40.089,374.713,424.713,6900.0
0.7752,-45.802,-40.802,375.275,425.275,6900.0
0.7753,-46.553,-41.553,375.857,425.857,6900.0
0.7754,-47.544,-42.544,376.484,426.484,6900.0
0.7755,-48.461,-43.461,377.163,427.163,6900.0
0.7756,-49.196,-44.196,377.926,427.926,6900.0
0.7757,-49.767,-44.767,378.737,428.737,6900.0
0.7758,-50.27,-45.27,379.565,429.565,6900.0
0.7759,-50.953,-45.953,380.429,430.429,6900.0
0.776,-51.457,-46.457,381.321,431.321,6900.0
0.7761,-52.065,-47.065,382.258,432.258,6900.0
0.7762,-52.234,-47.234,383.226,433.226,6900.0
0.7763,-52.626,-47.626,384.179,434.179,6900.0
0.7764,-53.16,-48.16,385.156,435.156,6900.0
0.7765,-53.378,-48.378,386.146,436.146,6900.0
0.7766,-53.878,-48.878,387.154,437.154,6900.0
0.7767,-54.081,-49.081,388.195,438.195,6900.0
0.7768,-54.341,-49.341,389.234,439.234,6900.0
0.7769,-54.512,-49.512,390.303,440.303,6900.0
0.777,-54.502,-49.502,391.372,441.372,6900.0
0.7771,-54.692,-49.692,392.434,442.434,6900.0
0.7772,-54.544,-49.544,393.516,443.516,6900.0
0.7773,-54.312,-49.312,394.582,444.582,6900.0
0.7774,-53.911,-48.911,395.651,445.651,6900.0
0.7775,-53.362,-48.362,396.687,446.687,6900.0
0.7776,-53.075,-48.075,397.668,447.668,6900.0
0.7777,-52.503,-47.503,398.635,448.635,6900.0
0.7778,-52.261,-47.261,399.56,449.56,6900.0
0.7779,-51.679,-46.679,400.481,450.481,6900.0
0.778,-50.935,-45.935,401.364,451.364,6900.0
0.7781,-50.264,-45.264,402.19,452.19,6900.0
0.7782,-49.569,-44.569,402.991,452.991,6900.0
0.7783,-48.851,-43.851,403.764,453.764,6900.0
0.7784,-47.966,-42.966,404.515,454.515,6900.0
0.7785,-47.016,-42.016,405.223,455.223,6900.0
0.7786,-46.073,-41.073,405.874,455.874,6900.0
0.7787,-45.103,-40.103,406.473,456.473,6900.0
0.7788,-44.063,-39.063,407.019,457.019,6900.0
0.7789,-43.001,-38.001,407.514,457.514,6900.0
0.779,-42.036,-37.036,407.956,457.956,6900.0
0.7791,-41.047,-36.047,408.349,458.349,6900.0
0.7792,-39.841,-34.841,408.691,458.691,6900.0
0.7793,-38.693,-33.693,408.972,458.972,6900.0
0.7794,-37.7,-32.7,409.195,459.195,6900.0
0.7795,-36.75,-31.75,409.379,459.379,6900.0
0.7796,-35.816,-30.816,409.534,459.534,6900.0
0.7797,-34.556,-29.556,409.655,459.655,6900.0
0.7798,-33.141,-28.141,409.708,459.708,6900.0
0.7799,-31.999,-26.999,409.69,459.69,6900.0
0.78,-31.032,-26.032,409.631,459.631,6900.0
0.7801,-30.185,-25.185,409.551,459.551,6900.0
0.7802,-28.668,-23.668,409.454,459.454,6900.0
0.7803,-26.976,-21.976,409.287,459.287,6900.0
0.7804,-25.791,-20.791,409.049,459.049,6900.0
0.7805,-24.505,-19.505,408.766,458.766,6900.0
0.7806,-23.595,-18.595,408.445,458.445,6900.0
0.7807,-22.048,-17.048,408.104,458.104,6900.0
0.7808,-20.357,-15.357,407.715,457.715,6900.0
0.7809,-19.203,-14.203,407.278,457.278,6900.0
0.781,-17.749,-12.749,406.815,456.815,6900.0
0.7811,-16.59,-11.59,406.324,456.324,6900.0
0.7812,-14.995,-9.995,405.816,455.816,6900.0
0.7813,-13.189,-8.189,405.281,455.281,6900.0
0.7814,-11.579,-6.579,404.716,454.716,6900.0
0.7815,-9.944,-4.944,404.128,454.128,6900.0
0.7816,-8.392,-3.392,403.517,453.517,6900.0
0.7817,-6.962,-1.962,402.889,452.889,6900.0
0.7818,-5.718,-0.718,402.246,452.246,6900.0
0.7819,-5.454,-0.454,401.591,451.591,6900.0
0.782,-1.097,3.903,400.937,450.937,6900.0
0.7821,-0.002,4.998,400.275,450.275,6900.0
0.7822,0.0,5.0,399.612,449.612,6900.0
0.7823,0.097,5.097,398.948,448.948,6900.0
0.7824,0.317,5.317,398.283,448.283,6900.0
0.7825,1.023,6.023,397.619,447.619,6900.0
0.7826,2.574,7.574,396.961,446.961,6900.0
0.7827,3.87,8.87,396.315,446.315,6900.0
0.7828,4.997,9.997,395.68,445.68,6900.0
0.7829,6.537,11.537,395.052,445.052,6900.0
0.783,8.082,13.082,394.444,444.444,6900.0
0.7831,9.81,14.81,393.862,443.862,6900.0
0.7832,11.358,16.358,393.317,443.317,6900.0
0.7833,12.219,17.219,392.798,442.798,6900.0
0.7834,13.735,18.735,392.29,442.29,6900.0
0.7835,15.328,20.328,391.813,441.813,6900.0
0.7836,16.885,21.885,391.379,441.379,6900.0
0.7837,18.389,23.389,390.996,440.996,6900.0
0.7838,19.514,24.514,390.657,440.657,6900.0
0.7839,20.865,25.865,390.346,440.346,6900.0
0.784,22.353,27.353,390.073,440.073,6900.0
0.7841,23.674,28.674,389.846,439.846,6900.0
0.7842,24.898,29.898,389.664,439.664,6900.0
0.7843,26.395,31.395,389.525,439.525,6900.0
0.7844,27.544,32.544,389.439,439.439,6900.0
0.7845,28.857,33.857,389.396,439.396,6900.0
0.7846,29.958,34.958,389.399,439.399,6900.0
0.7847,31.167,36.167,389.444,439.444,6900.0
0.7848,32.351,37.351,389.541,439.541,6900.0
0.7849,33.433,38.433,389.702,439.702,6900.0
0.785,34.325,39.325,389.917,439.917,6900.0
0.7851,35.114,40.114,390.166,440.166,6900.0
0.7852,36.155,41.155,390.444,440.444,6900.0
0.7853,36.877,41.877,390.769,440.769,6900.0
0.7854,37.809,42.809,391.141,441.141,6900.0
0.7855,38.466,43.466,391.565,441.565,6900.0
0.7856,38.847,43.847,392.012,442.012,6900.0
0.7857,39.714,44.714,392.469,442.469,6900.0
0.7858,40.248,45.248,392.969,442.969,6900.0
0.7859,41.086,46.086,393.501,443.501,6900.0
0.786,41.475,46.475,394.092,444.092,6900.0
0.7861,41.565,46.565,394.698,444.698,6900.0
0.7862,42.04,47.04,395.311,445.311,6900.0
0.7863,42.235,47.235,395.951,445.951,6900.0
0.7864,42.611,47.611,396.596,446.596,6900.0
0.7865,42.735,47.735,397.276,447.276,6900.0
0.7866,42.823,47.823,397.951,447.951,6900.0
0.7867,43.093,48.093,398.63,448.63,6900.0
0.7868,43.075,48.075,399.322,449.322,6900.0
0.7869,43.033,48.033,400.0,450.0,6900.0
0.787,43.149,48.149,400.69,450.69,6900.0
0.7871,43.008,48.008,401.38,451.38,6900.0
0.7872,42.995,47.995,402.073,452.073,6900.0
0.7873,42.695,47.695,402.772,452.772,6900.0
0.7874,42.249,47.249,403.442,453.442,6900.0
0.7875,42.19,47.19,404.095,454.095,6900.0
0.7876,41.77,46.77,404.736,454.736,6900.0
0.7877,41.451,46.451,405.365,455.365,6900.0
0.7878,40.829,45.829,405.975,455.975,6900.0
0.7879,40.023,45.023,406.543,456.543,6900.0
0.788,39.637,44.637,407.069,457.069,6900.0
0.7881,38.961,43.961,407.57,457.57,6900.0
0.7882,38.483,43.483,408.05,458.05,6900.0
0.7883,37.696,42.696,408.507,458.507,6900.0
0.7884,36.804,41.804,408.924,458.924,6900.0
0.7885,35.977,40.977,409.296,459.296,6900.0
0.7886,35.112,40.112,409.632,459.632,6900.0
0.7887,34.358,39.358,409.932,459.932,6900.0
0.7888,33.349,38.349,410.2,460.2,6900.0
0.7889,32.409,37.409,410.423,460.423,6900.0
0.789,31.368,36.368,410.602,460.602,6900.0
0.7891,30.395,35.395,410.733,460.733,6900.0
0.7892,29.328,34.328,410.816,460.816,6900.0
0.7893,28.317,33.317,410.854,460.854,6900.0
0.7894,27.405,32.405,410.857,460.857,6900.0
0.7895,26.239,31.239,410.831,460.831,6900.0
0.7896,25.01,30.01,410.758,460.758,6900.0
0.7897,23.953,28.953,410.628,460.628,6900.0
0.7898,22.979,27.979,410.458,460.458,6900.0
0.7899,22.09,27.09,410.262,460.262,6900.0
0.79,21.019,26.019,410.051,460.051,6900.0
0.7901,19.376,24.376,409.798,459.798,6900.0
0.7902,18.145,23.145,409.476,459.476,6900.0
0.7903,17.082,22.082,409.113,459.113,6900.0
0.7904,16.125,21.125,408.717,458.717,6900.0
0.7905,15.046,20.046,408.304,458.304,6900.0
0.7906,13.467,18.467,407.864,457.864,6900.0
0.7907,12.119,17.119,407.382,457.382,6900.0
0.7908,10.749,15.749,406.874,456.874,6900.0
0.7909,9.445,14.445,406.339,456.339,6900.0
0.791,8.183,13.183,405.788,455.788,6900.0
0.7911,6.425,11.425,405.214,455.214,6900.0
0.7912,4.665,9.665,404.613,454.613,6900.0
0.7913,3.257,8.257,403.991,453.991,6900.0
0.7914,1.74,6.74,403.353,453.353,6900.0
0.7915,0.252,5.252,402.701,452.701,6900.0
0.7916,0.002,5.002,402.042,452.042,6900.0
0.7917,-0.001,4.999,401.382,451.382,6900.0
0.7918,-0.0,5.0,400.72,450.72,6900.0
0.7919,-0.0,5.0,400.058,450.058,6900.0
0.792,0.0,5.0,399.393,449.393,6900.0
0.7921,-1.454,3.546,398.728,448.728,6900.0
0.7922,-4.76,0.24,398.062,448.062,6900.0
0.7923,-9.203,-4.203,397.395,447.395,6900.0
0.7924,-9.649,-4.649,396.754,446.754,6900.0
0.7925,-10.847,-5.847,396.123,446.123,6900.0
0.7926,-11.998,-6.998,395.508,445.508,6900.0
0.7927,-13.34,-8.34,394.902,444.902,6900.0
0.7928,-15.04,-10.04,394.318,444.318,6900.0
0.7929,-16.708,-11.708,393.769,443.769,6900.0
0.793,-18.382,-13.382,393.269,443.269,6900.0
0.7931,-19.386,-14.386,392.817,442.817,6900.0
0.7932,-20.55,-15.55,392.379,442.379,6900.0
0.7933,-22.052,-17.052,391.96,441.96,6900.0
0.7934,-23.587,-18.587,391.581,441.581,6900.0
0.7935,-25.242,-20.242,391.256,441.256,6900.0
0.7936,-26.492,-21.492,390.984,440.984,6900.0
0.7937,-27.547,-22.547,390.738,440.738,6900.0
0.7938,-29.077,-24.077,390.512,440.512,6900.0
0.7939,-30.511,-25.511,390.333,440.333,6900.0
0.794,-32.112,-27.112,390.209,440.209,6900.0
0.7941,-33.428,-28.428,390.151,440.151,6900.0
0.7942,-34.634,-29.634,390.155,440.155,6900.0
0.7943,-35.963,-30.963,390.215,440.215,6900.0
0.7944,-37.137,-32.137,390.336,440.336,6900.0
0.7945,-38.227,-33.227,390.512,440.512,6900.0
0.7946,-39.412,-34.412,390.741,440.741,6900.0
0.7947,-40.653,-35.653,391.023,441.023,6900.0
0.7948,-41.619,-36.619,391.369,441.369,6900.0
0.7949,-42.337,-37.337,391.756,441.756,6900.0
0.795,-43.131,-38.131,392.163,442.163,6900.0
0.7951,-44.208,-39.208,392.604,442.604,6900.0
0.7952,-45.248,-40.248,393.091,443.091,6900.0
0.7953,-46.054,-41.054,393.649,443.649,6900.0
0.7954,-46.605,-41.605,394.252,444.252,6900.0
0.7955,-47.191,-42.191,394.875,444.875,6900.0
0.7956,-48.027,-43.027,395.544,445.544,6900.0
0.7957,-48.751,-43.751,396.26,446.26,6900.0
0.7958,-49.153,-44.153,397.051,447.051,6900.0
0.7959,-49.406,-44.406,397.877,447.877,6900.0
0.796,-49.542,-44.542,398.704,448.704,6900.0
0.7961,-49.895,-44.895,399.547,449.547,6900.0
0.7962,-50.157,-45.157,400.394,450.394,6900.0
0.7963,-50.392,-45.392,401.265,451.265,6900.0
0.7964,-50.488,-45.488,402.147,452.147,6900.0
0.7965,-50.651,-45.651,403.014,453.014,6900.0
0.7966,-50.859,-45.859,403.899,453.899,6900.0
0.7967,-50.68,-45.68,404.791,454.791,6900.0
0.7968,-50.965,-45.965,405.685,455.685,6900.0
0.7969,-50.778,-45.778,406.612,456.612,6900.0
0.797,-50.69,-45.69,407.527,457.527,6900.0
0.7971,-50.392,-45.392,408.465,458.465,6900.0
0.7972,-49.872,-44.872,409.388,459.388,6900.0
0.7973,-49.713,-44.713,410.277,460.277,6900.0
0.7974,-49.228,-44.228,411.163,461.163,6900.0
0.7975,-48.927,-43.927,412.015,462.015,6900.0
0.7976,-48.457,-43.457,412.858,462.858,6900.0
0.7977,-47.674,-42.674,413.664,463.664,6900.0
0.7978,-47.221,-42.221,414.412,464.412,6900.0
0.7979,-46.647,-41.647,415.138,465.138,6900.0
0.798,-46.095,-41.095,415.835,465.835,6900.0
0.7981,-45.522,-40.522,416.518,466.518,6900.0
0.7982,-44.696,-39.696,417.172,467.172,6900.0
0.7983,-43.788,-38.788,417.783,467.783,6900.0
0.7984,-42.975,-37.975,418.359,468.359,6900.0
0.7985,-42.071,-37.071,418.902,468.902,6900.0
0.7986,-41.156,-36.156,419.415,469.415,6900.0
0.7987,-40.251,-35.251,419.885,469.885,6900.0
0.7988,-39.154,-34.154,420.306,470.306,6900.0
0.7989,-38.152,-33.152,420.671,470.671,6900.0
0.799,-37.157,-32.157,420.98,470.98,6900.0
0.7991,-36.212,-31.212,421.238,471.238,6900.0
0.7992,-35.208,-30.208,421.453,471.453,6900.0
0.7993,-34.441,-29.441,421.626,471.626,6900.0
0.7994,-33.314,-28.314,421.764,471.764,6900.0
0.7995,-32.193,-27.193,421.849,471.849,6900.0
0.7996,-31.189,-26.189,421.884,471.884,6900.0
0.7997,-30.357,-25.357,421.885,471.885,6900.0
0.7998,-29.43,-24.43,421.867,471.867,6900.0
0.7999,-28.16,-23.16,421.824,471.824,6900.0
0.8,-26.741,-21.741,421.714,471.714,6900.0
0.8001,-25.753,-20.753,421.538,471.538,6900.0
0.8002,-24.889,-19.889,421.322,471.322,6900.0
0.8003,-23.968,-18.968,421.087,471.087,6900.0
0.8004,-22.678,-17.678,420.833,470.833,6900.0
0.8005,-21.205,-16.205,420.53,470.53,6900.0
0.8006,-20.151,-15.151,420.177,470.177,6900.0
0.8007,-19.051,-14.051,419.793,469.793,6900.0
0.8008,-18.168,-13.168,419.383,469.383,6900.0
0.8009,-16.77,-11.77,418.955,468.955,6900.0
0.801,-15.258,-10.258,418.492,468.492,6900.0
0.8011,-14.026,-9.026,417.993,467.993,6900.0
0.8012,-12.671,-7.671,417.47,467.47,6900.0
0.8013,-11.518,-6.518,416.921,466.921,6900.0
0.8014,-10.173,-5.173,416.355,466.355,6900.0
0.8015,-8.805,-3.805,415.77,465.77,6900.0
0.8016,-7.541,-2.541,415.168,465.168,6900.0
0.8017,-6.406,-1.406,414.553,464.553,6900.0
0.8018,-5.506,-0.506,413.926,463.926,6900.0
0.8019,-4.582,0.418,413.292,463.292,6900.0
0.802,-2.968,2.032,412.654,462.654,6900.0
0.8021,0.0,5.0,412.012,462.012,6900.0
0.8022,-0.008,4.992,411.367,461.367,6900.0
0.8023,0.143,5.143,410.722,460.722,6900.0
0.8024,0.183,5.183,410.077,460.077,6900.0
0.8025,0.242,5.242,409.431,459.431,6900.0
0.8026,1.054,6.054,408.786,458.786,6900.0
0.8027,2.008,7.008,408.148,458.148,6900.0
0.8028,3.39,8.39,407.52,457.52,6900.0
0.8029,4.452,9.452,406.907,456.907,6900.0
0.803,5.136,10.136,406.305,456.305,6900.0
0.8031,6.264,11.264,405.708,455.708,6900.0
0.8032,7.657,12.657,405.128,455.128,6900.0
0.8033,9.099,14.099,404.572,454.572,6900.0
0.8034,10.347,15.347,404.05,454.05,6900.0
0.8035,11.012,16.012,403.552,453.552,6900.0
0.8036,12.081,17.081,403.065,453.065,6900.0
0.8037,13.419,18.419,402.603,452.603,6900.0
0.8038,14.7,19.7,402.179,452.179,6900.0
0.8039,15.813,20.813,401.798,451.798,6900.0
0.804,16.739,21.739,401.453,451.453,6900.0
0.8041,17.612,22.612,401.135,451.135,6900.0
0.8042,18.611,23.611,400.846,450.846,6900.0
0.8043,19.704,24.704,400.588,450.588,6900.0
0.8044,20.682,25.682,400.365,450.365,6900.0
0.8045,21.715,26.715,400.174,450.174,6900.0
0.8046,22.626,27.626,400.022,450.022,6900.0
0.8047,23.557,28.557,399.904,449.904,6900.0
0.8048,24.242,29.242,399.819,449.819,6900.0
0.8049,25.236,30.236,399.761,449.761,6900.0
0.805,26.016,31.016,399.745,449.745,6900.0
0.8051,27.044,32.044,399.777,449.777,6900.0
0.8052,27.64,32.64,399.857,449.857,6900.0
0.8053,27.967,32.967,399.963,449.963,6900.0
0.8054,28.566,33.566,400.084,450.084,6900.0
0.8055,29.11,34.11,400.237,450.237,6900.0
0.8056,29.833,34.833,400.42,450.42,6900.0
0.8057,30.222,35.222,400.642,450.642,6900.0
0.8058,30.532,35.532,400.875,450.875,6900.0
0.8059,31.164,36.164,401.115,451.115,6900.0
0.806,31.367,36.367,401.383,451.383,6900.0
0.8061,31.872,36.872,401.663,451.663,6900.0
0.8062,32.152,37.152,401.98,451.98,6900.0
0.8063,32.154,37.154,402.309,452.309,6900.0
0.8064,32.708,37.708,402.643,452.643,6900.0
0.8065,32.748,37.748,403.006,453.006,6900.0
0.8066,32.958,37.958,403.367,453.367,6900.0
0.8067,33.001,38.001,403.754,453.754,6900.0
0.8068,32.807,37.807,404.14,454.14,6900.0
0.8069,33.048,38.048,404.52,454.52,6900.0
0.807,32.868,37.868,404.908,454.908,6900.0
0.8071,32.706,37.706,405.275,455.275,6900.0
0.8072,32.819,37.819,405.641,455.641,6900.0
0.8073,32.637,37.637,406.002,456.002,6900.0
0.8074,32.6,37.6,406.362,456.362,6900.0
0.8075,32.295,37.295,406.719,456.719,6900.0
0.8076,31.965,36.965,407.052,457.052,6900.0
0.8077,31.767,36.767,407.373,457.373,6900.0
0.8078,31.385,36.385,407.681,457.681,6900.0
0.8079,31.127,36.127,407.981,457.981,6900.0
0.808,30.532,35.532,408.269,458.269,6900.0
0.8081,29.897,34.897,408.52,458.52,6900.0
0.8082,29.513,34.513,408.739,458.739,6900.0
0.8083,28.879,33.879,408.934,458.934,6900.0
0.8084,28.342,33.342,409.106,459.106,6900.0
0.8085,27.606,32.606,409.252,459.252,6900.0
0.8086,26.86,31.86,409.362,459.362,6900.0
0.8087,26.244,31.244,409.434,459.434,6900.0
0.8088,25.477,30.477,409.479,459.479,6900.0
0.8089,24.81,29.81,409.493,459.493,6900.0
0.809,24.06,29.06,409.48,459.48,6900.0
0.8091,23.231,28.231,409.437,459.437,6900.0
0.8092,22.385,27.385,409.362,459.362,6900.0
0.8093,21.582,26.582,409.251,459.251,6900.0
0.8094,20.766,25.766,409.099,459.099,6900.0
0.8095,20.046,25.046,408.913,458.913,6900.0
0.8096,19.274,24.274,408.702,458.702,6900.0
0.8097,18.374,23.374,408.471,458.471,6900.0
0.8098,17.267,22.267,408.201,458.201,6900.0
0.8099,16.429,21.429,407.881,457.881,6900.0
0.81,15.721,20.721,407.53,457.53,6900.0
0.8101,14.988,19.988,407.161,457.161,6900.0
0.8102,14.066,19.066,406.783,456.783,6900.0
0.8103,12.844,17.844,406.377,456.377,6900.0
0.8104,11.56,16.56,405.927,455.927,6900.0
0.8105,10.663,15.663,405.444,455.444,6900.0
0.8106,9.732,14.732,404.936,454.936,6900.0
0.8107,8.899,13.899,404.411,454.411,6900.0
0.8108,7.657,12.657,403.864,453.864,6900.0
0.8109,6.315,11.315,403.288,453.288,6900.0
0.811,5.356,10.356,402.691,452.691,6900.0
0.8111,4.221,9.221,402.077,452.077,6900.0
0.8112,3.063,8.063,401.45,451.45,6900.0
0.8113,1.636,6.636,400.809,450.809,6900.0
0.8114,0.338,5.338,400.155,450.155,6900.0
0.8115,0.046,5.046,399.493,449.493,6900.0
0.8116,-0.008,4.992,398.829,448.829,6900.0
0.8117,-0.0,5.0,398.164,448.164,6900.0
0.8118,-0.0,5.0,397.497,447.497,6900.0
0.8119,-0.0,5.0,396.829,446.829,6900.0
0.812,0.0,5.0,396.159,446.159,6900.0
0.8121,-1.253,3.747,395.489,445.489,6900.0
0.8122,-5.668,-0.668,394.817,444.817,6900.0
0.8123,-8.285,-3.285,394.16,444.16,6900.0
0.8124,-8.509,-3.509,393.515,443.515,6900.0
0.8125,-9.783,-4.783,392.875,442.875,6900.0
0.8126,-10.922,-5.922,392.247,442.247,6900.0
0.8127,-12.265,-7.265,391.642,441.642,6900.0
0.8128,-13.19,-8.19,391.06,441.06,6900.0
0.8129,-14.36,-9.36,390.487,440.487,6900.0
0.813,-15.875,-10.875,389.935,439.935,6900.0
0.8131,-17.172,-12.172,389.42,439.42,6900.0
0.8132,-18.679,-13.679,388.951,438.951,6900.0
0.8133,-19.453,-14.453,388.533,438.533,6900.0
0.8134,-20.315,-15.315,388.126,438.126,6900.0
0.8135,-21.725,-16.725,387.734,437.734,6900.0
0.8136,-23.15,-18.15,387.381,437.381,6900.0
0.8137,-24.501,-19.501,387.08,437.08,6900.0
0.8138,-25.552,-20.552,386.83,436.83,6900.0
0.8139,-26.533,-21.533,386.614,436.614,6900.0
0.814,-27.796,-22.796,386.427,436.427,6900.0
0.8141,-28.956,-23.956,386.286,436.286,6900.0
0.8142,-30.275,-25.275,386.196,436.196,6900.0
0.8143,-31.46,-26.46,386.163,436.163,6900.0
0.8144,-32.441,-27.441,386.188,436.188,6900.0
0.8145,-33.392,-28.392,386.262,436.262,6900.0
0.8146,-34.467,-29.467,386.381,436.381,6900.0
0.8147,-35.467,-30.467,386.54,436.54,6900.0
0.8148,-36.302,-31.302,386.745,436.745,6900.0
0.8149,-37.394,-32.394,386.991,436.991,6900.0
0.815,-38.345,-33.345,387.297,437.297,6900.0
0.8151,-38.988,-33.988,387.646,437.646,6900.0
0.8152,-39.613,-34.613,388.015,438.015,6900.0
0.8153,-40.562,-35.562,388.42,438.42,6900.0
0.8154,-41.232,-36.232,388.871,438.871,6900.0
0.8155,-41.988,-36.988,389.381,439.381,6900.0
0.8156,-42.305,-37.305,389.935,439.935,6900.0
0.8157,-42.795,-37.795,390.497,440.497,6900.0
0.8158,-43.474,-38.474,391.095,441.095,6900.0
0.8159,-43.967,-38.967,391.725,441.725,6900.0
0.816,-44.425,-39.425,392.405,442.405,6900.0
0.8161,-44.357,-39.357,393.117,443.117,6900.0
0.8162,-44.708,-39.708,393.813,443.813,6900.0
0.8163,-44.954,-39.954,394.533,444.533,6900.0
0.8164,-45.096,-40.096,395.256,445.256,6900.0
0.8165,-45.359,-40.359,395.997,445.997,6900.0
0.8166,-45.334,-40.334,396.754,446.754,6900.0
0.8167,-45.406,-40.406,397.499,447.499,6900.0
0.8168,-45.637,-40.637,398.26,448.26,6900.0
0.8169,-45.409,-40.409,399.028,449.028,6900.0
0.817,-45.641,-40.641,399.787,449.787,6900.0
0.8171,-45.534,-40.534,400.567,450.567,6900.0
0.8172,-45.349,-40.349,401.336,451.336,6900.0
0.8173,-45.053,-40.053,402.115,452.115,6900.0
0.8174,-44.647,-39.647,402.872,452.872,6900.0
0.8175,-44.445,-39.445,403.593,453.593,6900.0
0.8176,-43.991,-38.991,404.308,454.308,6900.0
0.8177,-43.789,-38.789,404.991,454.991,6900.0
0.8178,-43.32,-38.32,405.67,455.67,6900.0
0.8179,-42.65,-37.65,406.319,456.319,6900.0
0.818,-42.151,-37.151,406.917,456.917,6900.0
0.8181,-41.532,-36.532,407.492,457.492,6900.0
0.8182,-41.119,-36.119,408.036,458.036,6900.0
0.8183,-40.367,-35.367,408.57,458.57,6900.0
0.8184,-39.741,-34.741,409.066,459.066,6900.0
0.8185,-38.863,-33.863,409.523,459.523,6900.0
0.8186,-38.101,-33.101,409.939,459.939,6900.0
0.8187,-37.309,-32.309,410.319,460.319,6900.0
0.8188,-36.546,-31.546,410.666,460.666,6900.0
0.8189,-35.719,-30.719,410.975,460.975,6900.0
0.819,-34.831,-29.831,411.241,461.241,6900.0
0.8191,-33.817,-28.817,411.46,461.46,6900.0
0.8192,-32.852,-27.852,411.627,461.627,6900.0
0.8193,-32.162,-27.162,411.742,461.742,6900.0
0.8194,-31.323,-26.323,411.825,461.825,6900.0
0.8195,-30.597,-25.597,411.877,461.877,6900.0
0.8196,-29.462,-24.462,411.901,461.901,6900.0
0.8197,-28.266,-23.266,411.87,461.87,6900.0
0.8198,-27.445,-22.445,411.786,461.786,6900.0
0.8199,-26.857,-21.857,411.672,461.672,6900.0
0.82,-26.042,-21.042,411.547,461.547,6900.0
0.8201,-24.732,-19.732,411.399,461.399,6900.0
0.8202,-23.299,-18.299,411.186,461.186,6900.0
0.8203,-22.447,-17.447,410.906,460.906,6900.0
0.8204,-21.621,-16.621,410.589,460.589,6900.0
0.8205,-20.925,-15.925,410.247,460.247,6900.0
0.8206,-19.691,-14.691,409.889,459.889,6900.0
0.8207,-18.28,-13.28,409.492,459.492,6900.0
0.8208,-17.391,-12.391,409.053,459.053,6900.0
0.8209,-16.263,-11.263,408.594,458.594,6900.0
0.821,-15.341,-10.341,408.112,458.112,6900.0
0.8211,-13.892,-8.892,407.617,457.617,6900.0
0.8212,-12.366,-7.366,407.091,457.091,6900.0
0.8213,-11.091,-6.091,406.535,456.535,6900.0
0.8214,-9.914,-4.914,405.955,455.955,6900.0
0.8215,-8.649,-3.649,405.355,455.355,6900.0
0.8216,-7.513,-2.513,404.736,454.736,6900.0
0.8217,-6.456,-1.456,404.104,454.104,6900.0
0.8218,-5.507,-0.507,403.459,453.459,6900.0
0.8219,-4.512,0.488,402.807,452.807,6900.0
0.822,-2.271,2.729,402.151,452.151,6900.0
0.8221,-0.0,5.0,401.491,451.491,6900.0
0.8222,-0.0,5.0,400.83,450.83,6900.0
0.8223,0.095,5.095,400.167,450.167,6900.0
0.8224,0.175,5.175,399.504,449.504,6900.0
0.8225,0.489,5.489,398.841,448.841,6900.0
0.8226,1.103,6.103,398.18,448.18,6900.0
0.8227,1.809,6.809,397.524,447.524,6900.0
0.8228,3.19,8.19,396.874,446.874,6900.0
0.8229,4.407,9.407,396.239,446.239,6900.0
0.823,5.843,10.843,395.62,445.62,6900.0
0.8231,6.944,11.944,395.027,445.027,6900.0
0.8232,7.628,12.628,394.448,444.448,6900.0
0.8233,8.843,13.843,393.875,443.875,6900.0
0.8234,10.202,15.202,393.322,443.322,6900.0
0.8235,11.691,16.691,392.801,442.801,6900.0
0.8236,12.949,17.949,392.321,442.321,6900.0
0.8237,13.846,18.846,391.871,441.871,6900.0
0.8238,14.991,19.991,391.44,441.44,6900.0
0.8239,16.129,21.129,391.041,441.041,6900.0
0.824,17.373,22.373,390.679,440.679,6900.0
0.8241,18.544,23.544,390.359,440.359,6900.0
0.8242,19.609,24.609,390.08,440.08,6900.0
0.8243,20.73,25.73,389.837,439.837,6900.0
0.8244,21.637,26.637,389.631,439.631,6900.0
0.8245,22.689,27.689,389.456,439.456,6900.0
0.8246,23.668,28.668,389.317,439.317,6900.0
0.8247,24.725,29.725,389.215,439.215,6900.0
0.8248,25.902,30.902,389.161,439.161,6900.0
0.8249,26.756,31.756,389.153,439.153,6900.0
0.825,27.484,32.484,389.178,439.178,6900.0
0.8251,28.402,33.402,389.232,439.232,6900.0
0.8252,29.187,34.187,389.33,439.33,6900.0
0.8253,30.237,35.237,389.477,439.477,6900.0
0.8254,30.776,35.776,389.676,439.676,6900.0
0.8255,31.141,36.141,389.897,439.897,6900.0
0.8256,31.903,36.903,390.131,440.131,6900.0
0.8257,32.461,37.461,390.401,440.401,6900.0
0.8258,33.16,38.16,390.7,440.7,6900.0
0.8259,33.557,38.557,391.042,441.042,6900.0
0.826,33.695,38.695,391.397,441.397,6900.0
0.8261,34.231,39.231,391.755,441.755,6900.0
0.8262,34.528,39.528,392.141,442.141,6900.0
0.8263,35.108,40.108,392.538,442.538,6900.0
0.8264,35.416,40.416,392.978,442.978,6900.0
0.8265,35.508,40.508,393.43,443.43,6900.0
0.8266,35.896,40.896,393.888,443.888,6900.0
0.8267,35.939,40.939,394.368,444.368,6900.0
0.8268,36.169,41.169,394.841,444.841,6900.0
0.8269,36.322,41.322,395.336,445.336,6900.0
0.827,36.113,41.113,395.832,445.832,6900.0
0.8271,36.291,41.291,396.32,446.32,6900.0
0.8272,36.013,41.013,396.815,446.815,6900.0
0.8273,35.977,40.977,397.281,447.281,6900.0
0.8274,36.033,41.033,397.747,447.747,6900.0
0.8275,35.769,40.769,398.205,448.205,6900.0
0.8276,35.626,40.626,398.659,448.659,6900.0
0.8277,35.141,40.141,399.107,449.107,6900.0
0.8278,34.548,39.548,399.523,449.523,6900.0
0.8279,34.365,39.365,399.912,449.912,6900.0
0.828,34.055,39.055,400.286,450.286,6900.0
0.8281,33.698,38.698,400.653,450.653,6900.0
0.8282,33.008,38.008,401.0,451.0,6900.0
0.8283,32.206,37.206,401.307,451.307,6900.0
0.8284,31.644,36.644,401.572,451.572,6900.0
0.8285,31.069,36.069,401.805,451.805,6900.0
0.8286,30.461,35.461,402.014,452.014,6900.0
0.8287,29.627,34.627,402.194,452.194,6900.0
0.8288,28.854,33.854,402.336,452.336,6900.0
0.8289,28.055,33.055,402.44,452.44,6900.0
0.829,27.29,32.29,402.509,452.509,6900.0
0.8291,26.464,31.464,402.541,452.541,6900.0
0.8292,25.693,30.693,402.538,452.538,6900.0
0.8293,24.808,29.808,402.504,452.504,6900.0
0.8294,23.799,28.799,402.439,452.439,6900.0
0.8295,22.788,27.788,402.329,452.329,6900.0
0.8296,21.891,26.891,402.167,452.167,6900.0
0.8297,21.107,26.107,401.968,451.968,6900.0
0.8298,20.37,25.37,401.744,451.744,6900.0
0.8299,19.434,24.434,401.504,451.504,6900.0
0.83,18.092,23.092,401.225,451.225,6900.0
0.8301,17.009,22.009,400.887,450.887,6900.0
0.8302,16.165,21.165,400.512,450.512,6900.0
0.8303,15.503,20.503,400.113,450.113,6900.0
0.8304,14.621,19.621,399.705,449.705,6900.0
0.8305,13.168,18.168,399.271,449.271,6900.0
0.8306,11.885,16.885,398.793,448.793,6900.0
0.8307,10.767,15.767,398.287,448.287,6900.0
0.8308,9.574,14.574,397.753,447.753,6900.0
0.8309,8.363,13.363,397.201,447.201,6900.0
0.831,6.846,11.846,396.625,446.625,6900.0
0.8311,5.476,10.476,396.02,446.02,6900.0
0.8312,4.258,9.258,395.395,445.395,6900.0
0.8313,2.866,7.866,394.752,444.752,6900.0
0.8314,1.511,6.511,394.096,444.096,6900.0
0.8315,0.072,5.072,393.427,443.427,6900.0
0.8316,0.001,5.001,392.753,442.753,6900.0
0.8317,-0.004,4.996,392.077,442.077,6900.0
0.8318,-0.001,4.999,391.4,441.4,6900.0
0.8319,-0.0,5.0,390.721,440.721,6900.0
0.832,-0.001,4.999,390.041,440.041,6900.0
0.8321,-0.595,4.405,389.36,439.36,6900.0
0.8322,-3.404,1.596,388.678,438.678,6900.0
0.8323,-7.811,-2.811,387.994,437.994,6900.0
0.8324,-9.281,-4.281,387.337,437.337,6900.0
0.8325,-10.279,-5.279,386.695,436.695,6900.0
0.8326,-11.386,-6.386,386.06,436.06,6900.0
0.8327,-13.065,-8.065,385.44,435.44,6900.0
0.8328,-14.543,-9.543,384.847,434.847,6900.0
0.8329,-16.245,-11.245,384.29,434.29,6900.0
0.833,-17.204,-12.204,383.774,433.774,6900.0
0.8331,-18.366,-13.366,383.269,433.269,6900.0
0.8332,-20.005,-15.005,382.783,432.783,6900.0
0.8333,-21.653,-16.653,382.341,432.341,6900.0
0.8334,-23.343,-18.343,381.959,431.959,6900.0
0.8335,-24.371,-19.371,381.635,431.635,6900.0
0.8336,-25.492,-20.492,381.329,431.329,6900.0
0.8337,-26.882,-21.882,381.046,431.046,6900.0
0.8338,-28.384,-23.384,380.803,430.803,6900.0
0.8339,-30.006,-25.006,380.616,430.616,6900.0
0.834,-31.275,-26.275,380.493,430.493,6900.0
0.8341,-32.592,-27.592,380.418,430.418,6900.0
0.8342,-33.923,-28.923,380.396,430.396,6900.0
0.8343,-35.272,-30.272,380.43,430.43,6900.0
0.8344,-36.477,-31.477,380.526,430.526,6900.0
0.8345,-37.752,-32.752,380.682,430.682,6900.0
0.8346,-38.881,-33.881,380.903,430.903,6900.0
0.8347,-40.021,-35.021,381.18,431.18,6900.0
0.8348,-40.955,-35.955,381.508,431.508,6900.0
0.8349,-42.022,-37.022,381.866,431.866,6900.0
0.835,-43.135,-38.135,382.268,432.268,6900.0
0.8351,-44.289,-39.289,382.719,432.719,6900.0
0.8352,-45.021,-40.021,383.243,433.243,6900.0
0.8353,-45.803,-40.803,383.806,433.806,6900.0
0.8354,-46.426,-41.426,384.399,434.399,6900.0
0.8355,-47.352,-42.352,385.032,435.032,6900.0
0.8356,-48.18,-43.18,385.715,435.715,6900.0
0.8357,-48.891,-43.891,386.475,436.475,6900.0
0.8358,-49.189,-44.189,387.284,437.284,6900.0
0.8359,-49.49,-44.49,388.097,438.097,6900.0
0.836,-49.992,-44.992,388.935,438.935,6900.0
0.8361,-50.321,-45.321,389.792,439.792,6900.0
0.8362,-50.758,-45.758,390.681,440.681,6900.0
0.8363,-50.852,-45.852,391.594,441.594,6900.0
0.8364,-51.02,-46.02,392.492,442.492,6900.0
0.8365,-51.365,-46.365,393.405,443.405,6900.0
0.8366,-51.282,-46.282,394.329,444.329,6900.0
0.8367,-51.656,-46.656,395.261,445.261,6900.0
0.8368,-51.656,-46.656,396.223,446.223,6900.0
0.8369,-51.652,-46.652,397.179,447.179,6900.0
0.837,-51.562,-46.562,398.158,448.158,6900.0
0.8371,-51.26,-46.26,399.13,449.13,6900.0
0.8372,-51.364,-46.364,400.076,450.076,6900.0
0.8373,-50.959,-45.959,401.036,451.036,6900.0
0.8374,-50.652,-45.652,401.965,451.965,6900.0
0.8375,-50.328,-45.328,402.887,452.887,6900.0
0.8376,-49.757,-44.757,403.781,453.781,6900.0
0.8377,-49.421,-44.421,404.621,454.621,6900.0
0.8378,-48.881,-43.881,405.448,455.448,6900.0
0.8379,-48.524,-43.524,406.241,456.241,6900.0
0.838,-47.838,-42.838,407.032,457.032,6900.0
0.8381,-47.001,-42.001,407.787,457.787,6900.0
0.8382,-46.321,-41.321,408.489,458.489,6900.0
0.8383,-45.679,-40.679,409.161,459.161,6900.0
0.8384,-45.011,-40.011,409.802,459.802,6900.0
0.8385,-44.12,-39.12,410.418,460.418,6900.0
0.8386,-43.01,-38.01,410.991,460.991,6900.0
0.8387,-42.025,-37.025,411.502,461.502,6900.0
0.8388,-41.175,-36.175,411.962,461.962,6900.0
0.8389,-40.137,-35.137,412.379,462.379,6900.0
0.839,-39.158,-34.158,412.748,462.748,6900.0
0.8391,-38.249,-33.249,413.072,463.072,6900.0
0.8392,-37.302,-32.302,413.353,463.353,6900.0
0.8393,-36.199,-31.199,413.59,463.59,6900.0
0.8394,-35.105,-30.105,413.77,463.77,6900.0
0.8395,-34.068,-29.068,413.895,463.895,6900.0
0.8396,-33.162,-28.162,413.981,463.981,6900.0
0.8397,-32.222,-27.222,414.04,464.04,6900.0
0.8398,-30.94,-25.94,414.066,464.066,6900.0
0.8399,-29.622,-24.622,414.027,464.027,6900.0
0.84,-28.708,-23.708,413.923,463.923,6900.0
0.8401,-27.811,-22.811,413.785,463.785,6900.0
0.8402,-26.92,-21.92,413.631,463.631,6900.0
0.8403,-25.421,-20.421,413.459,463.459,6900.0
0.8404,-23.821,-18.821,413.227,463.227,6900.0
0.8405,-22.902,-17.902,412.928,462.928,6900.0
0.8406,-21.678,-16.678,412.592,462.592,6900.0
0.8407,-20.761,-15.761,412.222,462.222,6900.0
0.8408,-19.324,-14.324,411.832,461.832,6900.0
0.8409,-17.74,-12.74,411.399,461.399,6900.0
0.841,-16.617,-11.617,410.924,460.924,6900.0
0.8411,-15.307,-10.307,410.426,460.426,6900.0
0.8412,-13.968,-8.968,409.904,459.904,6900.0
0.8413,-12.585,-7.585,409.363,459.363,6900.0
0.8414,-11.004,-6.004,408.8,458.8,6900.0
0.8415,-9.525,-4.525,408.214,458.214,6900.0
0.8416,-8.089,-3.089,407.609,457.609,6900.0
0.8417,-6.844,-1.844,406.987,456.987,6900.0
0.8418,-5.805,-0.805,406.351,456.351,6900.0
0.8419,-5.781,-0.781,405.704,455.704,6900.0
0.842,-3.535,1.465,405.056,455.056,6900.0
0.8421,-0.0,5.0,404.403,454.403,6900.0
0.8422,0.0,5.0,403.746,453.746,6900.0
0.8423,0.074,5.074,403.089,453.089,6900.0
0.8424,0.158,5.158,402.431,452.431,6900.0
0.8425,0.565,5.565,401.773,451.773,6900.0
0.8426,1.397,6.397,401.118,451.118,6900.0
0.8427,2.842,7.842,400.47,450.47,6900.0
0.8428,3.956,8.956,399.835,449.835,6900.0
0.8429,4.904,9.904,399.211,449.211,6900.0
0.843,6.339,11.339,398.595,448.595,6900.0
0.8431,7.776,12.776,397.998,447.998,6900.0
0.8432,9.412,14.412,397.426,447.426,6900.0
0.8433,10.685,15.685,396.89,446.89,6900.0
0.8434,11.505,16.505,396.375,446.375,6900.0
0.8435,12.851,17.851,395.871,445.871,6900.0
0.8436,14.307,19.307,395.395,445.395,6900.0
0.8437,15.808,20.808,394.958,444.958,6900.0
0.8438,17.058,22.058,394.571,444.571,6900.0
0.8439,18.016,23.016,394.223,444.223,6900.0
0.844,19.245,24.245,393.902,443.902,6900.0
0.8441,20.447,25.447,393.618,443.618,6900.0
0.8442,21.728,26.728,393.375,443.375,6900.0
0.8443,22.911,27.911,393.176,443.176,6900.0
0.8444,24.039,29.039,393.018,443.018,6900.0
0.8445,25.159,30.159,392.902,442.902,6900.0
0.8446,26.064,31.064,392.825,442.825,6900.0
0.8447,27.023,32.023,392.78,442.78,6900.0
0.8448,28.2,33.2,392.767,442.767,6900.0
0.8449,29.153,34.153,392.802,442.802,6900.0
0.845,30.252,35.252,392.888,442.888,6900.0
0.8451,31.204,36.204,393.027,443.027,6900.0
0.8452,31.842,36.842,393.204,443.204,6900.0
0.8453,32.758,37.758,393.408,443.408,6900.0
0.8454,33.411,38.411,393.66,443.66,6900.0
0.8455,34.243,39.243,393.954,443.954,6900.0
0.8456,34.739,39.739,394.299,444.299,6900.0
0.8457,35.111,40.111,394.659,444.659,6900.0
0.8458,35.817,40.817,395.028,445.028,6900.0
0.8459,36.071,41.071,395.429,445.429,6900.0
0.846,36.763,41.763,395.844,445.844,6900.0
0.8461,37.183,42.183,396.302,446.302,6900.0
0.8462,37.288,42.288,396.77,446.77,6900.0
0.8463,37.715,42.715,397.244,447.244,6900.0
0.8464,37.952,42.952,397.745,447.745,6900.0
0.8465,38.229,43.229,398.255,448.255,6900.0
0.8466,38.41,43.41,398.8,448.8,6900.0
0.8467,38.398,43.398,399.354,449.354,6900.0
0.8468,38.679,43.679,399.912,449.912,6900.0
0.8469,38.598,43.598,400.484,450.484,6900.0
0.847,38.536,43.536,401.04,451.04,6900.0
0.8471,38.526,43.526,401.601,451.601,6900.0
0.8472,38.282,43.282,402.15,452.15,6900.0
0.8473,38.281,43.281,402.692,452.692,6900.0
0.8474,37.991,42.991,403.227,453.227,6900.0
0.8475,37.684,42.684,403.734,453.734,6900.0
0.8476,37.505,42.505,404.229,454.229,6900.0
0.8477,37.098,42.098,404.711,454.711,6900.0
0.8478,36.908,41.908,405.184,455.184,6900.0
0.8479,36.403,41.403,405.652,455.652,6900.0
0.848,35.677,40.677,406.088,456.088,6900.0
0.8481,35.205,40.205,406.491,456.491,6900.0
0.8482,34.521,39.521,406.87,456.87,6900.0
0.8483,34.078,39.078,407.225,457.225,6900.0
0.8484,33.256,38.256,407.553,457.553,6900.0
0.8485,32.407,37.407,407.837,457.837,6900.0
0.8486,31.64,36.64,408.075,458.075,6900.0
0.8487,30.881,35.881,408.275,458.275,6900.0
0.8488,30.032,35.032,408.441,458.441,6900.0
0.8489,29.246,34.246,408.571,458.571,6900.0
0.849,28.491,33.491,408.668,458.668,6900.0
0.8491,27.534,32.534,408.734,458.734,6900.0
0.8492,26.53,31.53,408.759,458.759,6900.0
0.8493,25.578,30.578,408.741,458.741,6900.0
0.8494,24.79,29.79,408.683,458.683,6900.0
0.8495,23.819,28.819,408.598,458.598,6900.0
0.8496,22.751,27.751,408.485,458.485,6900.0
0.8497,21.591,26.591,408.328,458.328,6900.0
0.8498,20.631,25.631,408.114,458.114,6900.0
0.8499,19.836,24.836,407.861,457.861,6900.0
0.85,19.138,24.138,407.587,457.587,6900.0
0.8501,18.061,23.061,407.299,457.299,6900.0
0.8502,16.642,21.642,406.974,456.974,6900.0
0.8503,15.381,20.381,406.592,456.592,6900.0
0.8504,14.406,19.406,406.172,456.172,6900.0
0.8505,13.534,18.534,405.724,455.724,6900.0
0.8506,12.531,17.531,405.261,455.261,6900.0
0.8507,11.023,16.023,404.773,454.773,6900.0
0.8508,9.712,14.712,404.249,454.249,6900.0
0.8509,8.468,13.468,403.701,453.701,6900.0
0.851,7.178,12.178,403.13,453.13,6900.0
0.8511,5.978,10.978,402.543,452.543,6900.0
0.8512,4.391,9.391,401.938,451.938,6900.0
0.8513,2.798,7.798,401.31,451.31,6900.0
0.8514,1.362,6.362,400.665,450.665,6900.0
0.8515,0.062,5.062,400.007,450.007,6900.0
0.8516,0.002,5.002,399.344,449.344,6900.0
0.8517,-0.0,5.0,398.68,448.68,6900.0
0.8518,-0.0,5.0,398.013,448.013,6900.0
0.8519,-0.0,5.0,397.346,447.346,6900.0
0.852,0.0,5.0,396.677,446.677,6900.0
0.8521,-1.471,3.529,396.008,446.008,6900.0
0.8522,-5.265,-0.265,395.337,445.337,6900.0
0.8523,-7.904,-2.904,394.672,444.672,6900.0
0.8524,-8.996,-3.996,394.019,444.019,6900.0
0.8525,-10.269,-5.269,393.375,443.375,6900.0
0.8526,-11.697,-6.697,392.75,442.75,6900.0
0.8527,-12.809,-7.809,392.147,442.147,6900.0
0.8528,-14.018,-9.018,391.555,441.555,6900.0
0.8529,-15.676,-10.676,390.986,440.986,6900.0
0.853,-17.099,-12.099,390.455,440.455,6900.0
0.8531,-18.623,-13.623,389.972,439.972,6900.0
0.8532,-19.572,-14.572,389.536,439.536,6900.0
0.8533,-20.702,-15.702,389.112,439.112,6900.0
0.8534,-22.155,-17.155,388.706,438.706,6900.0
0.8535,-23.811,-18.811,388.337,438.337,6900.0
0.8536,-25.318,-20.318,388.026,438.026,6900.0
0.8537,-26.401,-21.401,387.767,437.767,6900.0
0.8538,-27.448,-22.448,387.532,437.532,6900.0
0.8539,-28.809,-23.809,387.323,437.323,6900.0
0.854,-30.225,-25.225,387.159,437.159,6900.0
0.8541,-31.74,-26.74,387.054,437.054,6900.0
0.8542,-33.033,-28.033,387.016,437.016,6900.0
0.8543,-34.27,-29.27,387.04,437.04,6900.0
0.8544,-35.298,-30.298,387.124,437.124,6900.0
0.8545,-36.392,-31.392,387.26,437.26,6900.0
0.8546,-37.389,-32.389,387.444,437.444,6900.0
0.8547,-38.603,-33.603,387.674,437.674,6900.0
0.8548,-39.674,-34.674,387.956,437.956,6900.0
0.8549,-40.648,-35.648,388.292,438.292,6900.0
0.855,-41.459,-36.459,388.667,438.667,6900.0
0.8551,-42.347,-37.347,389.064,439.064,6900.0
0.8552,-43.324,-38.324,389.502,439.502,6900.0
0.8553,-44.269,-39.269,389.99,439.99,6900.0
0.8554,-44.91,-39.91,390.551,440.551,6900.0
0.8555,-45.483,-40.483,391.156,441.156,6900.0
0.8556,-45.972,-40.972,391.785,441.785,6900.0
0.8557,-46.625,-41.625,392.456,442.456,6900.0
0.8558,-47.129,-42.129,393.164,443.164,6900.0
0.8559,-47.711,-42.711,393.926,443.926,6900.0
0.856,-47.899,-42.899,394.724,444.724,6900.0
0.8561,-48.092,-43.092,395.514,445.514,6900.0
0.8562,-48.351,-43.351,396.32,446.32,6900.0
0.8563,-48.61,-43.61,397.124,447.124,6900.0
0.8564,-48.854,-43.854,397.952,447.952,6900.0
0.8565,-48.923,-43.923,398.796,448.796,6900.0
0.8566,-49.067,-44.067,399.628,449.628,6900.0
0.8567,-49.261,-44.261,400.484,450.484,6900.0
0.8568,-49.167,-44.167,401.346,451.346,6900.0
0.8569,-49.331,-44.331,402.214,452.214,6900.0
0.857,-49.17,-44.17,403.11,453.11,6900.0
0.8571,-49.018,-44.018,403.994,453.994,6900.0
0.8572,-48.84,-43.84,404.891,454.891,6900.0
0.8573,-48.419,-43.419,405.771,455.771,6900.0
0.8574,-48.264,-43.264,406.614,456.614,6900.0
0.8575,-47.728,-42.728,407.449,457.449,6900.0
0.8576,-47.404,-42.404,408.244,458.244,6900.0
0.8577,-46.852,-41.852,409.028,459.028,6900.0
0.8578,-46.205,-41.205,409.773,459.773,6900.0
0.8579,-45.817,-40.817,410.468,460.468,6900.0
0.858,-45.338,-40.338,411.148,461.148,6900.0
0.8581,-44.763,-39.763,411.809,461.809,6900.0
0.8582,-43.987,-38.987,412.461,462.461,6900.0
0.8583,-43.196,-38.196,413.079,463.079,6900.0
0.8584,-42.254,-37.254,413.653,463.653,6900.0
0.8585,-41.5,-36.5,414.184,464.184,6900.0
0.8586,-40.666,-35.666,414.678,464.678,6900.0
0.8587,-39.816,-34.816,415.135,465.135,6900.0
0.8588,-38.737,-33.737,415.548,465.548,6900.0
0.8589,-37.728,-32.728,415.905,465.905,6900.0
0.859,-36.822,-31.822,416.208,466.208,6900.0
0.8591,-36.02,-31.02,416.463,466.463,6900.0
0.8592,-35.071,-30.071,416.676,466.676,6900.0
0.8593,-34.099,-29.099,416.85,466.85,6900.0
0.8594,-33.215,-28.215,416.989,466.989,6900.0
0.8595,-32.233,-27.233,417.092,467.092,6900.0
0.8596,-30.985,-25.985,417.146,467.146,6900.0
0.8597,-30.188,-25.188,417.141,467.141,6900.0
0.8598,-29.365,-24.365,417.106,467.106,6900.0
0.8599,-28.463,-23.463,417.05,467.05,6900.0
0.86,-27.095,-22.095,416.968,466.968,6900.0
0.8601,-25.593,-20.593,416.818,466.818,6900.0
0.8602,-24.752,-19.752,416.598,466.598,6900.0
0.8603,-23.799,-18.799,416.344,466.344,6900.0
0.8604,-23.114,-18.114,416.067,466.067,6900.0
0.8605,-21.775,-16.775,415.778,465.778,6900.0
0.8606,-20.2,-15.2,415.443,465.443,6900.0
0.8607,-19.305,-14.305,415.057,465.057,6900.0
0.8608,-18.075,-13.075,414.647,464.647,6900.0
0.8609,-17.245,-12.245,414.209,464.209,6900.0
0.861,-15.733,-10.733,413.756,463.756,6900.0
0.8611,-14.263,-9.263,413.267,463.267,6900.0
0.8612,-12.972,-7.972,412.744,462.744,6900.0
0.8613,-11.619,-6.619,412.196,462.196,6900.0
0.8614,-10.314,-5.314,411.625,461.625,6900.0
0.8615,-9.17,-4.17,411.035,461.035,6900.0
0.8616,-7.747,-2.747,410.43,460.43,6900.0
0.8617,-6.56,-1.56,409.808,459.808,6900.0
0.8618,-5.616,-0.616,409.175,459.175,6900.0
0.8619,-4.83,0.17,408.534,458.534,6900.0
0.862,-2.977,2.023,407.888,457.888,6900.0
0.8621,-0.0,5.0,407.239,457.239,6900.0
0.8622,-0.0,5.0,406.586,456.586,6900.0
0.8623,0.068,5.068,405.933,455.933,6900.0
0.8624,0.24,5.24,405.28,455.28,6900.0
0.8625,0.304,5.304,404.626,454.626,6900.0
0.8626,0.789,5.789,403.974,453.974,6900.0
0.8627,1.909,6.909,403.325,453.325,6900.0
0.8628,3.175,8.175,402.687,452.687,6900.0
0.8629,4.578,9.578,402.062,452.062,6900.0
0.863,5.58,10.58,401.457,451.457,6900.0
0.8631,6.428,11.428,400.863,450.863,6900.0
0.8632,7.584,12.584,400.277,450.277,6900.0
0.8633,9.083,14.083,399.709,449.709,6900.0
0.8634,10.522,15.522,399.171,449.171,6900.0
0.8635,11.724,16.724,398.672,448.672,6900.0
0.8636,12.564,17.564,398.199,448.199,6900.0
0.8637,13.661,18.661,397.74,447.74,6900.0
0.8638,14.933,19.933,397.308,447.308,6900.0
0.8639,16.192,21.192,396.912,446.912,6900.0
0.864,17.351,22.351,396.559,446.559,6900.0
0.8641,18.339,23.339,396.242,446.242,6900.0
0.8642,19.475,24.475,395.956,445.956,6900.0
0.8643,20.513,25.513,395.707,445.707,6900.0
0.8644,21.469,26.469,395.495,445.495,6900.0
0.8645,22.679,27.679,395.318,445.318,6900.0
0.8646,23.561,28.561,395.186,445.186,6900.0
0.8647,24.5,29.5,395.093,445.093,6900.0
0.8648,25.322,30.322,395.038,445.038,6900.0
0.8649,26.112,31.112,395.013,445.013,6900.0
0.865,27.126,32.126,395.014,445.014,6900.0
0.8651,27.936,32.936,395.058,445.058,6900.0
0.8652,28.873,33.873,395.146,445.146,6900.0
0.8653,29.532,34.532,395.279,445.279,6900.0
0.8654,29.985,34.985,395.441,445.441,6900.0
0.8655,30.728,35.728,395.62,445.62,6900.0
0.8656,31.254,36.254,395.838,445.838,6900.0
0.8657,31.97,36.97,396.092,446.092,6900.0
0.8658,32.432,37.432,396.391,446.391,6900.0
0.8659,32.638,37.638,396.708,446.708,6900.0
0.866,33.084,38.084,397.03,447.03,6900.0
0.8661,33.377,38.377,397.374,447.374,6900.0
0.8662,34.046,39.046,397.728,447.728,6900.0
0.8663,34.165,39.165,398.122,448.122,6900.0
0.8664,34.341,39.341,398.515,448.515,6900.0
0.8665,34.755,39.755,398.914,448.914,6900.0
0.8666,34.817,39.817,399.334,449.334,6900.0
0.8667,35.148,40.148,399.752,449.752,6900.0
0.8668,35.218,40.218,400.202,450.202,6900.0
0.8669,35.081,40.081,400.656,450.656,6900.0
0.867,35.312,40.312,401.111,451.111,6900.0
0.8671,35.028,40.028,401.58,451.58,6900.0
0.8672,34.881,39.881,402.026,452.026,6900.0
0.8673,34.844,39.844,402.471,452.471,6900.0
0.8674,34.586,39.586,402.905,452.905,6900.0
0.8675,34.556,39.556,403.328,453.328,6900.0
0.8676,34.107,39.107,403.745,453.745,6900.0
0.8677,33.664,38.664,404.127,454.127,6900.0
0.8678,33.561,38.561,404.486,454.486,6900.0
0.8679,33.267,38.267,404.832,454.832,6900.0
0.868,32.883,37.883,405.174,455.174,6900.0
0.8681,32.251,37.251,405.5,455.5,6900.0
0.8682,31.595,36.595,405.793,455.793,6900.0
0.8683,31.051,36.051,406.053,456.053,6900.0
0.8684,30.453,35.453,406.288,456.288,6900.0
0.8685,29.853,34.853,406.5,456.5,6900.0
0.8686,29.207,34.207,406.685,456.685,6900.0
0.8687,28.292,33.292,406.834,456.834,6900.0
0.8688,27.495,32.495,406.939,456.939,6900.0
0.8689,26.79,31.79,407.006,457.006,6900.0
0.869,26.068,31.068,407.04,457.04,6900.0
0.8691,25.249,30.249,407.04,457.04,6900.0
0.8692,24.451,29.451,407.009,457.009,6900.0
0.8693,23.509,28.509,406.948,456.948,6900.0
0.8694,22.656,27.656,406.848,456.848,6900.0
0.8695,21.826,26.826,406.705,456.705,6900.0
0.8696,21.009,26.009,406.528,456.528,6900.0
0.8697,20.268,25.268,406.327,456.327,6900.0
0.8698,19.353,24.353,406.105,456.105,6900.0
0.8699,18.054,23.054,405.846,455.846,6900.0
0.87,17.05,22.05,405.53,455.53,6900.0
0.8701,16.185,21.185,405.177,455.177,6900.0
0.8702,15.551,20.551,404.804,454.804,6900.0
0.8703,14.725,19.725,404.421,454.421,6900.0
0.8704,13.187,18.187,404.011,454.011,6900.0
0.8705,11.927,16.927,403.552,453.552,6900.0
0.8706,10.951,15.951,403.062,453.062,6900.0
0.8707,10.038,15.038,402.546,452.546,6900.0
0.8708,8.992,13.992,402.014,452.014,6900.0
0.8709,7.5,12.5,401.459,451.459,6900.0
0.871,6.165,11.165,400.874,450.874,6900.0
0.8711,5.018,10.018,400.268,450.268,6900.0
0.8712,3.764,8.764,399.644,449.644,6900.0
0.8713,2.637,7.637,399.007,449.007,6900.0
0.8714,1.089,6.089,398.357,448.357,6900.0
0.8715,0.082,5.082,397.694,447.694,6900.0
0.8716,0.0,5.0,397.027,447.027,6900.0
0.8717,-0.003,4.997,396.359,446.359,6900.0
0.8718,-0.0,5.0,395.689,445.689,6900.0
0.8719,-0.0,5.0,395.018,445.018,6900.0
0.872,-0.001,4.999,394.345,444.345,6900.0
0.8721,-0.967,4.033,393.671,443.671,6900.0
0.8722,-4.103,0.897,392.996,442.996,6900.0
0.8723,-7.985,-2.985,392.326,442.326,6900.0
0.8724,-8.605,-3.605,391.679,441.679,6900.0
0.8725,-9.681,-4.681,391.034,441.034,6900.0
0.8726,-11.021,-6.021,390.4,440.4,6900.0
0.8727,-12.371,-7.371,389.785,439.785,6900.0
0.8728,-13.876,-8.876,389.197,439.197,6900.0
0.8729,-14.999,-9.999,388.64,438.64,6900.0
0.873,-16.029,-11.029,388.097,438.097,6900.0
0.8731,-17.568,-12.568,387.573,437.573,6900.0
0.8732,-19.042,-14.042,387.087,437.087,6900.0
0.8733,-20.66,-15.66,386.653,436.653,6900.0
0.8734,-21.688,-16.688,386.272,436.272,6900.0
0.8735,-22.503,-17.503,385.906,435.906,6900.0
0.8736,-23.905,-18.905,385.554,435.554,6900.0
0.8737,-25.418,-20.418,385.242,435.242,6900.0
0.8738,-27.002,-22.002,384.986,434.986,6900.0
0.8739,-28.173,-23.173,384.79,434.79,6900.0
0.874,-29.164,-24.164,384.635,434.635,6900.0
0.8741,-30.462,-25.462,384.517,434.517,6900.0
0.8742,-31.769,-26.769,384.449,434.449,6900.0
0.8743,-33.088,-28.088,384.439,434.439,6900.0
0.8744,-34.226,-29.226,384.491,434.491,6900.0
0.8745,-35.403,-30.403,384.599,434.599,6900.0
0.8746,-36.432,-31.432,384.762,434.762,6900.0
0.8747,-37.411,-32.411,384.972,434.972,6900.0
0.8748,-38.287,-33.287,385.219,435.219,6900.0
0.8749,-39.31,-34.31,385.506,435.506,6900.0
0.875,-40.452,-35.452,385.838,435.838,6900.0
0.8751,-41.233,-36.233,386.235,436.235,6900.0
0.8752,-41.878,-36.878,386.671,436.671,6900.0
0.8753,-42.58,-37.58,387.129,437.129,6900.0
0.8754,-43.592,-38.592,387.628,437.628,6900.0
0.8755,-44.439,-39.439,388.18,438.18,6900.0
0.8756,-45.043,-40.043,388.808,438.808,6900.0
0.8757,-45.456,-40.456,389.477,439.477,6900.0
0.8758,-45.826,-40.826,390.157,440.157,6900.0
0.8759,-46.352,-41.352,390.867,440.867,6900.0
0.876,-46.724,-41.724,391.598,441.598,6900.0
0.8761,-47.19,-42.19,392.368,442.368,6900.0
0.8762,-47.347,-42.347,393.162,443.162,6900.0
0.8763,-47.59,-42.59,393.942,443.942,6900.0
0.8764,-47.813,-42.813,394.744,444.744,6900.0
0.8765,-47.968,-42.968,395.546,445.546,6900.0
0.8766,-48.346,-43.346,396.368,446.368,6900.0
0.8767,-48.297,-43.297,397.219,447.219,6900.0
0.8768,-48.364,-43.364,398.061,448.061,6900.0
0.8769,-48.395,-43.395,398.924,448.924,6900.0
0.877,-48.008,-43.008,399.789,449.789,6900.0
0.8771,-48.125,-43.125,400.637,450.637,6900.0
0.8772,-47.936,-42.936,401.499,451.499,6900.0
0.8773,-47.807,-42.807,402.343,452.343,6900.0
0.8774,-47.484,-42.484,403.192,453.192,6900.0
0.8775,-47.002,-42.002,404.012,454.012,6900.0
0.8776,-46.67,-41.67,404.788,454.788,6900.0
0.8777,-46.251,-41.251,405.547,455.547,6900.0
0.8778,-45.858,-40.858,406.275,456.275,6900.0
0.8779,-45.383,-40.383,406.993,456.993,6900.0
0.878,-44.662,-39.662,407.681,457.681,6900.0
0.8781,-44.114,-39.114,408.323,458.323,6900.0
0.8782,-43.471,-38.471,408.945,458.945,6900.0
0.8783,-42.87,-37.87,409.54,459.54,6900.0
0.8784,-42.176,-37.176,410.12,460.12,6900.0
0.8785,-41.25,-36.25,410.666,460.666,6900.0
0.8786,-40.301,-35.301,411.158,461.158,6900.0
0.8787,-39.359,-34.359,411.601,461.601,6900.0
0.8788,-38.559,-33.559,411.997,461.997,6900.0
0.8789,-37.634,-32.634,412.351,462.351,6900.0
0.879,-36.804,-31.804,412.659,462.659,6900.0
0.8791,-35.896,-30.896,412.925,462.925,6900.0
0.8792,-34.954,-29.954,413.143,463.143,6900.0
0.8793,-33.878,-28.878,413.314,463.314,6900.0
0.8794,-33.104,-28.104,413.435,463.435,6900.0
0.8795,-32.232,-27.232,413.525,463.525,6900.0
0.8796,-31.318,-26.318,413.589,463.589,6900.0
0.8797,-30.238,-25.238,413.62,463.62,6900.0
0.8798,-28.952,-23.952,413.596,463.596,6900.0
0.8799,-28.146,-23.146,413.512,463.512,6900.0
0.88,-27.182,-22.182,413.396,463.396,6900.0
0.8801,-26.525,-21.525,413.256,463.256,6900.0
0.8802,-25.117,-20.117,413.099,463.099,6900.0
0.8803,-23.598,-18.598,412.875,462.875,6900.0
0.8804,-22.709,-17.709,412.584,462.584,6900.0
0.8805,-21.709,-16.709,412.256,462.256,6900.0
0.8806,-20.968,-15.968,411.9,461.9,6900.0
0.8807,-19.688,-14.688,411.528,461.528,6900.0
0.8808,-18.127,-13.127,411.118,461.118,6900.0
0.8809,-17.125,-12.125,410.667,460.667,6900.0
0.881,-15.881,-10.881,410.194,460.194,6900.0
0.8811,-14.81,-9.81,409.7,459.7,6900.0
0.8812,-13.38,-8.38,409.19,459.19,6900.0
0.8813,-11.903,-6.903,408.653,458.653,6900.0
0.8814,-10.512,-5.512,408.087,458.087,6900.0
0.8815,-9.047,-4.047,407.499,457.499,6900.0
0.8816,-7.816,-2.816,406.889,456.889,6900.0
0.8817,-6.652,-1.652,406.263,456.263,6900.0
0.8818,-5.729,-0.729,405.625,455.625,6900.0
0.8819,-4.854,0.146,404.977,454.977,6900.0
0.882,-4.092,0.908,404.322,454.322,6900.0
0.8821,-0.0,5.0,403.669,453.669,6900.0
0.8822,-0.0,5.0,403.011,453.011,6900.0
0.8823,0.0,5.0,402.352,452.352,6900.0
0.8824,0.211,5.211,401.693,451.693,6900.0
0.8825,0.248,5.248,401.033,451.033,6900.0
0.8826,1.147,6.147,400.374,450.374,6900.0
0.8827,2.179,7.179,399.722,449.722,6900.0
0.8828,3.108,8.108,399.078,449.078,6900.0
0.8829,4.544,9.544,398.442,448.442,6900.0
0.883,5.749,10.749,397.824,447.824,6900.0
0.8831,7.244,12.244,397.225,447.225,6900.0
0.8832,8.372,13.372,396.655,446.655,6900.0
0.8833,9.235,14.235,396.103,446.103,6900.0
0.8834,10.458,15.458,395.559,445.559,6900.0
0.8835,11.89,16.89,395.038,445.038,6900.0
0.8836,13.245,18.245,394.553,444.553,6900.0
0.8837,14.426,19.426,394.111,444.111,6900.0
0.8838,15.233,20.233,393.699,443.699,6900.0
0.8839,16.385,21.385,393.307,443.307,6900.0
0.884,17.703,22.703,392.945,442.945,6900.0
0.8841,18.932,23.932,392.623,442.623,6900.0
0.8842,20.057,25.057,392.345,442.345,6900.0
0.8843,21.131,26.131,392.105,442.105,6900.0
0.8844,22.175,27.175,391.905,441.905,6900.0
0.8845,23.42,28.42,391.742,441.742,6900.0
0.8846,24.378,29.378,391.623,441.623,6900.0
0.8847,25.488,30.488,391.537,441.537,6900.0
0.8848,26.45,31.45,391.496,441.496,6900.0
0.8849,27.423,32.423,391.501,441.501,6900.0
0.885,28.209,33.209,391.551,441.551,6900.0
0.8851,28.909,33.909,391.63,441.63,6900.0
0.8852,29.925,34.925,391.734,441.734,6900.0
0.8853,30.548,35.548,391.884,441.884,6900.0
0.8854,31.533,36.533,392.073,442.073,6900.0
0.8855,32.037,37.037,392.313,442.313,6900.0
0.8856,32.472,37.472,392.573,442.573,6900.0
0.8857,33.174,38.174,392.848,442.848,6900.0
0.8858,33.627,38.627,393.162,443.162,6900.0
0.8859,34.467,39.467,393.502,443.502,6900.0
0.886,34.643,39.643,393.896,443.896,6900.0
0.8861,34.812,39.812,394.295,444.295,6900.0
0.8862,35.401,40.401,394.699,444.699,6900.0
0.8863,35.646,40.646,395.13,445.13,6900.0
0.8864,36.101,41.101,395.568,445.568,6900.0
0.8865,36.159,41.159,396.041,446.041,6900.0
0.8866,36.258,41.258,396.51,446.51,6900.0
0.8867,36.604,41.604,396.984,446.984,6900.0
0.8868,36.656,41.656,397.473,447.473,6900.0
0.8869,36.71,41.71,397.957,447.957,6900.0
0.887,36.912,41.912,398.46,448.46,6900.0
0.8871,36.753,41.753,398.966,448.966,6900.0
0.8872,36.863,41.863,399.472,449.472,6900.0
0.8873,36.519,41.519,399.987,449.987,6900.0
0.8874,36.332,41.332,400.472,450.472,6900.0
0.8875,36.186,41.186,400.951,450.951,6900.0
0.8876,35.777,40.777,401.415,451.415,6900.0
0.8877,35.587,40.587,401.864,451.864,6900.0
0.8878,35.28,40.28,402.299,452.299,6900.0
0.8879,34.639,39.639,402.705,452.705,6900.0
0.888,34.366,39.366,403.077,453.077,6900.0
0.8881,33.889,38.889,403.431,453.431,6900.0
0.8882,33.559,38.559,403.772,453.772,6900.0
0.8883,32.851,37.851,404.098,454.098,6900.0
0.8884,32.063,37.063,404.388,454.388,6900.0
0.8885,31.361,36.361,404.639,454.639,6900.0
0.8886,30.782,35.782,404.858,454.858,6900.0
0.8887,30.0,35.0,405.051,455.051,6900.0
0.8888,29.102,34.102,405.212,455.212,6900.0
0.8889,28.343,33.343,405.33,455.33,6900.0
0.889,27.402,32.402,405.41,455.41,6900.0
0.8891,26.584,31.584,405.447,455.447,6900.0
0.8892,25.795,30.795,405.443,455.443,6900.0
0.8893,24.937,29.937,405.404,455.404,6900.0
0.8894,24.14,29.14,405.334,455.334,6900.0
0.8895,23.169,28.169,405.238,455.238,6900.0
0.8896,22.145,27.145,405.1,455.1,6900.0
0.8897,21.152,26.152,404.914,454.914,6900.0
0.8898,20.38,25.38,404.69,454.69,6900.0
0.8899,19.603,24.603,404.444,454.444,6900.0
0.89,18.712,23.712,404.181,454.181,6900.0
0.8901,17.207,22.207,403.882,453.882,6900.0
0.8902,15.966,20.966,403.522,453.522,6900.0
0.8903,15.283,20.283,403.12,453.12,6900.0
0.8904,14.496,19.496,402.697,452.697,6900.0
0.8905,13.486,18.486,402.262,452.262,6900.0
0.8906,12.043,17.043,401.801,451.801,6900.0
0.8907,10.699,15.699,401.299,451.299,6900.0
0.8908,9.671,14.671,400.77,450.77,6900.0
0.8909,8.573,13.573,400.218,450.218,6900.0
0.891,7.269,12.269,399.651,449.651,6900.0
0.8911,5.806,10.806,399.061,449.061,6900.0
0.8912,4.262,9.262,398.446,448.446,6900.0
0.8913,3.004,8.004,397.812,447.812,6900.0
0.8914,1.481,6.481,397.161,447.161,6900.0
0.8915,0.183,5.183,396.499,446.499,6900.0
0.8916,0.0,5.0,395.83,445.83,6900.0
0.8917,-0.0,5.0,395.16,445.16,6900.0
0.8918,-0.0,5.0,394.488,444.488,6900.0
0.8919,-0.0,5.0,393.814,443.814,6900.0
0.892,0.0,5.0,393.14,443.14,6900.0
0.8921,-0.934,4.066,392.464,442.464,6900.0
0.8922,-3.446,1.554,391.787,441.787,6900.0
0.8923,-7.392,-2.392,391.109,441.109,6900.0
0.8924,-8.798,-3.798,390.448,440.448,6900.0
0.8925,-10.229,-5.229,389.802,439.802,6900.0
0.8926,-11.335,-6.335,389.172,439.172,6900.0
0.8927,-12.507,-7.507,388.554,438.554,6900.0
0.8928,-14.145,-9.145,387.953,437.953,6900.0
0.8929,-15.554,-10.554,387.384,437.384,6900.0
0.893,-17.101,-12.101,386.858,436.858,6900.0
0.8931,-18.175,-13.175,386.374,436.374,6900.0
0.8932,-19.244,-14.244,385.903,435.903,6900.0
0.8933,-20.754,-15.754,385.451,435.451,6900.0
0.8934,-22.37,-17.37,385.04,435.04,6900.0
0.8935,-23.951,-18.951,384.688,434.688,6900.0
0.8936,-25.013,-20.013,384.391,434.391,6900.0
0.8937,-26.083,-21.083,384.111,434.111,6900.0
0.8938,-27.511,-22.511,383.852,433.852,6900.0
0.8939,-29.004,-24.004,383.635,433.635,6900.0
0.894,-30.448,-25.448,383.477,433.477,6900.0
0.8941,-31.734,-26.734,383.379,433.379,6900.0
0.8942,-33.023,-28.023,383.335,433.335,6900.0
0.8943,-34.271,-29.271,383.345,433.345,6900.0
0.8944,-35.581,-30.581,383.412,433.412,6900.0
0.8945,-36.719,-31.719,383.541,433.541,6900.0
0.8946,-37.867,-32.867,383.729,433.729,6900.0
0.8947,-38.948,-33.948,383.975,433.975,6900.0
0.8948,-39.956,-34.956,384.279,434.279,6900.0
0.8949,-40.807,-35.807,384.625,434.625,6900.0
0.895,-41.67,-36.67,384.998,434.998,6900.0
0.8951,-42.778,-37.778,385.406,435.406,6900.0
0.8952,-43.815,-38.815,385.86,435.86,6900.0
0.8953,-44.667,-39.667,386.38,436.38,6900.0
0.8954,-45.373,-40.373,386.943,436.943,6900.0
0.8955,-45.953,-40.953,387.532,437.532,6900.0
0.8956,-46.766,-41.766,388.164,438.164,6900.0
0.8957,-47.394,-42.394,388.848,438.848,6900.0
0.8958,-48.122,-43.122,389.6,439.6,6900.0
0.8959,-48.302,-43.302,390.404,440.404,6900.0
0.896,-48.623,-43.623,391.206,441.206,6900.0
0.8961,-49.053,-44.053,392.032,442.032,6900.0
0.8962,-49.311,-44.311,392.868,442.868,6900.0
0.8963,-49.617,-44.617,393.73,443.73,6900.0
0.8964,-49.757,-44.757,394.604,444.604,6900.0
0.8965,-49.887,-44.887,395.464,445.464,6900.0
0.8966,-49.983,-44.983,396.341,446.341,6900.0
0.8967,-49.982,-44.982,397.216,447.216,6900.0
0.8968,-50.28,-45.28,398.101,448.101,6900.0
0.8969,-50.263,-45.263,399.015,449.015,6900.0
0.897,-50.317,-45.317,399.924,449.924,6900.0
0.8971,-50.171,-45.171,400.858,450.858,6900.0
0.8972,-49.832,-44.832,401.783,451.783,6900.0
0.8973,-49.659,-44.659,402.686,452.686,6900.0
0.8974,-49.279,-44.279,403.588,453.588,6900.0
0.8975,-48.956,-43.956,404.459,454.459,6900.0
0.8976,-48.532,-43.532,405.323,455.323,6900.0
0.8977,-47.951,-42.951,406.15,456.15,6900.0
0.8978,-47.485,-42.485,406.924,456.924,6900.0
0.8979,-47.01,-42.01,407.674,457.674,6900.0
0.898,-46.615,-41.615,408.392,458.392,6900.0
0.8981,-45.975,-40.975,409.104,459.104,6900.0
0.8982,-45.183,-40.183,409.783,459.783,6900.0
0.8983,-44.436,-39.436,410.412,460.412,6900.0
0.8984,-43.651,-38.651,411.014,461.014,6900.0
0.8985,-42.973,-37.973,411.585,461.585,6900.0
0.8986,-41.993,-36.993,412.134,462.134,6900.0
0.8987,-41.032,-36.032,412.638,462.638,6900.0
0.8988,-40.029,-35.029,413.088,463.088,6900.0
0.8989,-39.029,-34.029,413.486,463.486,6900.0
0.899,-37.985,-32.985,413.831,463.831,6900.0
0.8991,-37.118,-32.118,414.123,464.123,6900.0
0.8992,-36.176,-31.176,414.373,464.373,6900.0
0.8993,-35.33,-30.33,414.58,464.58,6900.0
0.8994,-34.18,-29.18,414.747,464.747,6900.0
0.8995,-33.232,-28.232,414.858,464.858,6900.0
0.8996,-32.217,-27.217,414.923,464.923,6900.0
0.8997,-31.451,-26.451,414.95,464.95,6900.0
0.8998,-30.613,-25.613,414.957,464.957,6900.0
0.8999,-29.168,-24.168,414.938,464.938,6900.0
0.9,-28.274,-23.274,414.845,464.845,6900.0
0.9001,-27.409,-22.409,414.699,464.699,6900.0
0.9002,-26.702,-21.702,414.517,464.517,6900.0
0.9003,-25.998,-20.998,414.32,464.32,6900.0
0.9004,-24.456,-19.456,414.111,464.111,6900.0
0.9005,-22.89,-17.89,413.842,463.842,6900.0
0.9006,-21.448,-16.448,413.515,463.515,6900.0
0.9007,-20.237,-15.237,413.146,463.146,6900.0
0.9008,-19.276,-14.276,412.747,462.747,6900.0
0.9009,-17.874,-12.874,412.328,462.328,6900.0
0.901,-16.371,-11.371,411.87,461.87,6900.0
0.9011,-15.254,-10.254,411.373,461.373,6900.0
0.9012,-13.954,-8.954,410.852,460.852,6900.0
0.9013,-12.728,-7.728,410.308,460.308,6900.0
0.9014,-11.418,-6.418,409.746,459.746,6900.0
0.9015,-9.826,-4.826,409.165,459.165,6900.0
0.9016,-8.669,-3.669,408.562,458.562,6900.0
0.9017,-7.431,-2.431,407.944,457.944,6900.0
0.9018,-6.155,-1.155,407.314,457.314,6900.0
0.9019,-6.265,-1.265,406.67,456.67,6900.0
0.902,-4.548,0.452,406.024,456.024,6900.0
0.9021,0.488,5.488,405.375,455.375,6900.0
0.9022,-0.0,5.0,404.72,454.72,6900.0
0.9023,0.107,5.107,404.064,454.064,6900.0
0.9024,0.172,5.172,403.408,453.408,6900.0
0.9025,0.238,5.238,402.751,452.751,6900.0
0.9026,1.118,6.118,402.095,452.095,6900.0
0.9027,2.411,7.411,401.446,451.446,6900.0
0.9028,3.826,8.826,400.809,450.809,6900.0
0.9029,4.877,9.877,400.187,450.187,6900.0
0.903,5.809,10.809,399.577,449.577,6900.0
0.9031,7.186,12.186,398.974,448.974,6900.0
0.9032,8.688,13.688,398.391,448.391,6900.0
0.9033,10.276,15.276,397.834,447.834,6900.0
0.9034,11.597,16.597,397.315,447.315,6900.0
0.9035,12.547,17.547,396.821,446.821,6900.0
0.9036,13.691,18.691,396.341,446.341,6900.0
0.9037,15.078,20.078,395.888,445.888,6900.0
0.9038,16.566,21.566,395.477,445.477,6900.0
0.9039,17.645,22.645,395.116,445.116,6900.0
0.904,18.648,23.648,394.794,444.794,6900.0
0.9041,19.447,24.447,394.502,444.502,6900.0
0.9042,20.463,25.463,394.239,444.239,6900.0
0.9043,21.556,26.556,394.012,444.012,6900.0
0.9044,22.66,27.66,393.822,443.822,6900.0
0.9045,23.626,28.626,393.67,443.67,6900.0
0.9046,24.639,29.639,393.554,443.554,6900.0
0.9047,25.718,30.718,393.474,443.474,6900.0
0.9048,26.529,31.529,393.43,443.43,6900.0
0.9049,27.483,32.483,393.416,443.416,6900.0
0.905,28.54,33.54,393.447,443.447,6900.0
0.9051,29.372,34.372,393.536,443.536,6900.0
0.9052,30.001,35.001,393.671,443.671,6900.0
0.9053,30.508,35.508,393.836,443.836,6900.0
0.9054,31.228,36.228,394.023,444.023,6900.0
0.9055,31.84,36.84,394.248,444.248,6900.0
0.9056,32.569,37.569,394.51,444.51,6900.0
0.9057,32.964,37.964,394.814,444.814,6900.0
0.9058,33.271,38.271,395.129,445.129,6900.0
0.9059,33.847,38.847,395.45,445.45,6900.0
0.906,34.304,39.304,395.797,445.797,6900.0
0.9061,35.201,40.201,396.163,446.163,6900.0
0.9062,35.587,40.587,396.581,446.581,6900.0
0.9063,35.597,40.597,397.011,447.011,6900.0
0.9064,36.026,41.026,397.446,447.446,6900.0
0.9065,36.112,41.112,397.907,447.907,6900.0
0.9066,36.471,41.471,398.369,448.369,6900.0
0.9067,36.597,41.597,398.866,448.866,6900.0
0.9068,36.399,41.399,399.367,449.367,6900.0
0.9069,36.505,41.505,399.862,449.862,6900.0
0.907,36.448,41.448,400.364,450.364,6900.0
0.9071,36.316,41.316,400.847,450.847,6900.0
0.9072,36.17,41.17,401.333,451.333,6900.0
0.9073,36.001,41.001,401.803,451.803,6900.0
0.9074,36.009,41.009,402.269,452.269,6900.0
0.9075,35.824,40.824,402.732,452.732,6900.0
0.9076,35.523,40.523,403.172,453.172,6900.0
0.9077,35.346,40.346,403.599,453.599,6900.0
0.9078,34.927,39.927,404.014,454.014,6900.0
0.9079,34.785,39.785,404.42,454.42,6900.0
0.908,34.362,39.362,404.818,454.818,6900.0
0.9081,33.766,38.766,405.186,455.186,6900.0
0.9082,33.435,38.435,405.521,455.521,6900.0
0.9083,32.973,37.973,405.833,455.833,6900.0
0.9084,32.537,37.537,406.129,456.129,6900.0
0.9085,31.913,36.913,406.4,456.4,6900.0
0.9086,31.004,36.004,406.635,456.635,6900.0
0.9087,30.435,35.435,406.824,456.824,6900.0
0.9088,29.761,34.761,406.981,456.981,6900.0
0.9089,29.127,34.127,407.107,457.107,6900.0
0.909,28.332,33.332,407.204,457.204,6900.0
0.9091,27.538,32.538,407.267,457.267,6900.0
0.9092,26.667,31.667,407.297,457.297,6900.0
0.9093,25.634,30.634,407.289,457.289,6900.0
0.9094,24.687,29.687,407.234,457.234,6900.0
0.9095,23.83,28.83,407.141,457.141,6900.0
0.9096,23.454,28.454,407.019,457.019,6900.0
0.9097,22.5,27.5,406.883,456.883,6900.0
0.9098,21.251,26.251,406.705,456.705,6900.0
0.9099,20.095,25.095,406.47,456.47,6900.0
0.91,19.239,24.239,406.192,456.192,6900.0
0.9101,18.2,23.2,405.893,455.893,6900.0
0.9102,17.069,22.069,405.576,455.576,6900.0
0.9103,15.544,20.544,405.222,455.222,6900.0
0.9104,14.395,19.395,404.812,454.812,6900.0
0.9105,13.333,18.333,404.368,454.368,6900.0
0.9106,12.387,17.387,403.894,453.894,6900.0
0.9107,11.312,16.312,403.404,453.404,6900.0
0.9108,9.762,14.762,402.889,452.889,6900.0
0.9109,8.474,13.474,402.339,452.339,6900.0
0.911,7.323,12.323,401.767,451.767,6900.0
0.9111,6.064,11.064,401.174,451.174,6900.0
0.9112,4.686,9.686,400.567,450.567,6900.0
0.9113,3.152,8.152,399.941,449.941,6900.0
0.9114,1.573,6.573,399.297,449.297,6900.0
0.9115,0.056,5.056,398.639,448.639,6900.0
0.9116,0.01,5.01,397.974,447.974,6900.0
0.9117,-0.0,5.0,397.307,447.307,6900.0
0.9118,-0.0,5.0,396.639,446.639,6900.0
0.9119,-0.0,5.0,395.969,445.969,6900.0
0.912,0.0,5.0,395.298,445.298,6900.0
0.9121,-1.142,3.858,394.626,444.626,6900.0
0.9122,-5.039,-0.039,393.953,443.953,6900.0
0.9123,-8.043,-3.043,393.288,443.288,6900.0
0.9124,-8.851,-3.851,392.634,442.634,6900.0
0.9125,-10.224,-5.224,391.987,441.987,6900.0
0.9126,-11.666,-6.666,391.352,441.352,6900.0
0.9127,-13.307,-8.307,390.739,440.739,6900.0
0.9128,-14.52,-9.52,390.153,440.153,6900.0
0.9129,-15.833,-10.833,389.582,439.582,6900.0
0.913,-17.433,-12.433,389.037,439.037,6900.0
0.9131,-19.02,-14.02,388.533,438.533,6900.0
0.9132,-20.562,-15.562,388.086,438.086,6900.0
0.9133,-21.331,-16.331,387.692,437.692,6900.0
0.9134,-22.189,-17.189,387.307,437.307,6900.0
0.9135,-23.567,-18.567,386.935,436.935,6900.0
0.9136,-25.339,-20.339,386.597,436.597,6900.0
0.9137,-26.854,-21.854,386.321,436.321,6900.0
0.9138,-27.971,-22.971,386.1,436.1,6900.0
0.9139,-28.895,-23.895,385.91,435.91,6900.0
0.914,-30.119,-25.119,385.746,435.746,6900.0
0.9141,-31.643,-26.643,385.627,435.627,6900.0
0.9142,-32.943,-27.943,385.575,435.575,6900.0
0.9143,-34.183,-29.183,385.588,435.588,6900.0
0.9144,-35.2,-30.2,385.665,435.665,6900.0
0.9145,-36.111,-31.111,385.797,435.797,6900.0
0.9146,-37.114,-32.114,385.977,435.977,6900.0
0.9147,-38.008,-33.008,386.201,436.201,6900.0
0.9148,-38.996,-33.996,386.466,436.466,6900.0
0.9149,-40.08,-35.08,386.776,436.776,6900.0
0.915,-40.912,-35.912,387.142,437.142,6900.0
0.9151,-41.914,-36.914,387.539,437.539,6900.0
0.9152,-42.668,-37.668,387.969,437.969,6900.0
0.9153,-43.514,-38.514,388.437,438.437,6900.0
0.9154,-44.471,-39.471,388.948,438.948,6900.0
0.9155,-45.086,-40.086,389.535,439.535,6900.0
0.9156,-45.741,-40.741,390.163,440.163,6900.0
0.9157,-46.263,-41.263,390.816,440.816,6900.0
0.9158,-46.762,-41.762,391.513,441.513,6900.0
0.9159,-47.224,-42.224,392.24,442.24,6900.0
0.916,-47.541,-42.541,393.024,443.024,6900.0
0.9161,-47.771,-42.771,393.83,443.83,6900.0
0.9162,-47.976,-42.976,394.63,444.63,6900.0
0.9163,-48.209,-43.209,395.445,445.445,6900.0
0.9164,-48.217,-43.217,396.258,446.258,6900.0
0.9165,-48.444,-43.444,397.082,447.082,6900.0
0.9166,-48.619,-43.619,397.919,447.919,6900.0
0.9167,-48.681,-43.681,398.749,448.749,6900.0
0.9168,-48.93,-43.93,399.596,449.596,6900.0
0.9169,-48.69,-43.69,400.453,450.453,6900.0
0.917,-48.806,-43.806,401.308,451.308,6900.0
0.9171,-48.555,-43.555,402.187,452.187,6900.0
0.9172,-48.284,-43.284,403.052,453.052,6900.0
0.9173,-48.107,-43.107,403.922,453.922,6900.0
0.9174,-47.638,-42.638,404.777,454.777,6900.0
0.9175,-47.365,-42.365,405.592,455.592,6900.0
0.9176,-46.887,-41.887,406.396,456.396,6900.0
0.9177,-46.483,-41.483,407.162,457.162,6900.0
0.9178,-46.198,-41.198,407.912,457.912,6900.0
0.9179,-45.629,-40.629,408.635,458.635,6900.0
0.918,-45.08,-40.08,409.309,459.309,6900.0
0.9181,-44.491,-39.491,409.961,459.961,6900.0
0.9182,-44.035,-39.035,410.584,460.584,6900.0
0.9183,-43.415,-38.415,411.199,461.199,6900.0
0.9184,-42.701,-37.701,411.784,461.784,6900.0
0.9185,-41.812,-36.812,412.326,462.326,6900.0
0.9186,-41.288,-36.288,412.828,462.828,6900.0
0.9187,-40.559,-35.559,413.299,463.299,6900.0
0.9188,-39.687,-34.687,413.738,463.738,6900.0
0.9189,-38.816,-33.816,414.133,464.133,6900.0
0.919,-37.717,-32.717,414.481,464.481,6900.0
0.9191,-36.973,-31.973,414.77,464.77,6900.0
0.9192,-36.165,-31.165,415.012,465.012,6900.0
0.9193,-35.207,-30.207,415.21,465.21,6900.0
0.9194,-34.299,-29.299,415.365,465.365,6900.0
0.9195,-33.466,-28.466,415.487,465.487,6900.0
0.9196,-32.07,-27.07,415.578,465.578,6900.0
0.9197,-30.951,-25.951,415.609,465.609,6900.0
0.9198,-29.959,-24.959,415.587,465.587,6900.0
0.9199,-29.017,-24.017,415.531,465.531,6900.0
0.92,-28.085,-23.085,415.455,465.455,6900.0
0.9201,-26.718,-21.718,415.352,465.352,6900.0
0.9202,-25.046,-20.046,415.181,465.181,6900.0
0.9203,-23.987,-18.987,414.936,464.936,6900.0
0.9204,-23.138,-18.138,414.65,464.65,6900.0
0.9205,-22.393,-17.393,414.342,464.342,6900.0
0.9206,-21.303,-16.303,414.019,464.019,6900.0
0.9207,-19.698,-14.698,413.658,463.658,6900.0
0.9208,-18.707,-13.707,413.249,463.249,6900.0
0.9209,-17.387,-12.387,412.817,462.817,6900.0
0.921,-16.572,-11.572,412.358,462.358,6900.0
0.9211,-15.147,-10.147,411.886,461.886,6900.0
0.9212,-13.629,-8.629,411.38,461.38,6900.0
0.9213,-12.399,-7.399,410.841,460.841,6900.0
0.9214,-10.951,-5.951,410.279,460.279,6900.0
0.9215,-9.695,-4.695,409.692,459.692,6900.0
0.9216,-8.412,-3.412,409.088,459.088,6900.0
0.9217,-7.282,-2.282,408.467,458.467,6900.0
0.9218,-6.182,-1.182,407.834,457.834,6900.0
0.9219,-6.202,-1.202,407.189,457.189,6900.0
0.922,-4.363,0.637,406.543,456.543,6900.0
0.9221,-0.0,5.0,405.894,455.894,6900.0
0.9222,-0.0,5.0,405.239,455.239,6900.0
0.9223,0.02,5.02,404.584,454.584,6900.0
0.9224,0.118,5.118,403.928,453.928,6900.0
0.9225,0.323,5.323,403.272,453.272,6900.0
0.9226,0.727,5.727,402.617,452.617,6900.0
0.9227,1.546,6.546,401.966,451.966,6900.0
0.9228,2.647,7.647,401.321,451.321,6900.0
0.9229,3.897,8.897,400.688,450.688,6900.0
0.923,5.472,10.472,400.07,450.07,6900.0
0.9231,6.631,11.631,399.477,449.477,6900.0
0.9232,7.558,12.558,398.898,448.898,6900.0
0.9233,8.782,13.782,398.326,448.326,6900.0
0.9234,10.345,15.345,397.775,447.775,6900.0
0.9235,11.954,16.954,397.257,447.257,6900.0
0.9236,13.15,18.15,396.783,446.783,6900.0
0.9237,13.934,18.934,396.338,446.338,6900.0
0.9238,15.163,20.163,395.908,445.908,6900.0
0.9239,16.528,21.528,395.51,445.51,6900.0
0.924,17.755,22.755,395.154,445.154,6900.0
0.9241,19.027,24.027,394.842,444.842,6900.0
0.9242,19.968,24.968,394.572,444.572,6900.0
0.9243,20.82,25.82,394.333,444.333,6900.0
0.9244,21.76,26.76,394.125,444.125,6900.0
0.9245,22.768,27.768,393.95,443.95,6900.0
0.9246,23.838,28.838,393.811,443.811,6900.0
0.9247,24.748,29.748,393.713,443.713,6900.0
0.9248,25.711,30.711,393.656,443.656,6900.0
0.9249,26.453,31.453,393.64,443.64,6900.0
0.925,27.252,32.252,393.652,443.652,6900.0
0.9251,28.222,33.222,393.694,443.694,6900.0
0.9252,28.975,33.975,393.781,443.781,6900.0
0.9253,29.758,34.758,393.914,443.914,6900.0
0.9254,30.287,35.287,394.09,444.09,6900.0
0.9255,30.7,35.7,394.289,444.289,6900.0
0.9256,31.555,36.555,394.502,444.502,6900.0
0.9257,32.101,37.101,394.755,444.755,6900.0
0.9258,32.885,37.885,395.038,445.038,6900.0
0.9259,33.379,38.379,395.366,445.366,6900.0
0.926,33.511,38.511,395.71,445.71,6900.0
0.9261,34.023,39.023,396.057,446.057,6900.0
0.9262,34.297,39.297,396.431,446.431,6900.0
0.9263,34.905,39.905,396.817,446.817,6900.0
0.9264,35.18,40.18,397.244,447.244,6900.0
0.9265,35.045,40.045,397.681,447.681,6900.0
0.9266,35.616,40.616,398.115,448.115,6900.0
0.9267,35.816,40.816,398.576,448.576,6900.0
0.9268,35.934,40.934,399.037,449.037,6900.0
0.9269,36.03,41.03,399.518,449.518,6900.0
0.927,35.815,40.815,399.997,449.997,6900.0
0.9271,35.844,40.844,400.472,450.472,6900.0
0.9272,35.654,40.654,400.947,450.947,6900.0
0.9273,35.466,40.466,401.4,451.4,6900.0
0.9274,35.462,40.462,401.849,451.849,6900.0
0.9275,35.141,40.141,402.289,452.289,6900.0
0.9276,35.058,40.058,402.721,452.721,6900.0
0.9277,34.606,39.606,403.15,453.15,6900.0
0.9278,34.186,39.186,403.546,453.546,6900.0
0.9279,33.864,38.864,403.922,453.922,6900.0
0.928,33.396,38.396,404.28,454.28,6900.0
0.9281,33.228,38.228,404.624,454.624,6900.0
0.9282,32.602,37.602,404.956,454.956,6900.0
0.9283,31.89,36.89,405.251,455.251,6900.0
0.9284,31.342,36.342,405.508,455.508,6900.0
0.9285,30.846,35.846,405.734,455.734,6900.0
0.9286,30.356,35.356,405.939,455.939,6900.0
0.9287,29.632,34.632,406.119,456.119,6900.0
0.9288,28.914,33.914,406.263,456.263,6900.0
0.9289,28.141,33.141,406.37,456.37,6900.0
0.929,27.295,32.295,406.442,456.442,6900.0
0.9291,26.706,31.706,406.478,456.478,6900.0
0.9292,25.906,30.906,406.487,456.487,6900.0
0.9293,25.152,30.152,406.463,456.463,6900.0
0.9294,24.207,29.207,406.41,456.41,6900.0
0.9295,23.181,28.181,406.316,456.316,6900.0
0.9296,22.438,27.438,406.171,456.171,6900.0
0.9297,21.672,26.672,405.993,455.993,6900.0
0.9298,20.872,25.872,405.788,455.788,6900.0
0.9299,19.89,24.89,405.565,455.565,6900.0
0.93,18.361,23.361,405.302,455.302,6900.0
0.9301,17.29,22.29,404.978,454.978,6900.0
0.9302,16.408,21.408,404.617,454.617,6900.0
0.9303,15.642,20.642,404.235,454.235,6900.0
0.9304,14.614,19.614,403.842,453.842,6900.0
0.9305,13.141,18.141,403.421,453.421,6900.0
0.9306,11.977,16.977,402.954,452.954,6900.0
0.9307,10.897,15.897,402.457,452.457,6900.0
0.9308,9.774,14.774,401.932,451.932,6900.0
0.9309,8.558,13.558,401.39,451.39,6900.0
0.931,6.969,11.969,400.821,450.821,6900.0
0.9311,5.471,10.471,400.224,450.224,6900.0
0.9312,4.25,9.25,399.606,449.606,6900.0
0.9313,3.05,8.05,398.97,448.97,6900.0
0.9314,1.888,6.888,398.323,448.323,6900.0
0.9315,0.303,5.303,397.665,447.665,6900.0
0.9316,0.04,5.04,396.998,446.998,6900.0
0.9317,-0.0,5.0,396.33,446.33,6900.0
0.9318,-0.0,5.0,395.66,445.66,6900.0
0.9319,-0.0,5.0,394.989,444.989,6900.0
0.932,-0.0,5.0,394.316,444.316,6900.0
0.9321,-0.475,4.525,393.642,443.642,6900.0
0.9322,-3.053,1.947,392.967,442.967,6900.0
0.9323,-7.235,-2.235,392.291,442.291,6900.0
0.9324,-9.086,-4.086,391.636,441.636,6900.0
0.9325,-10.119,-5.119,390.997,440.997,6900.0
0.9326,-11.049,-6.049,390.365,440.365,6900.0
0.9327,-12.795,-7.795,389.745,439.745,6900.0
0.9328,-14.171,-9.171,389.15,439.15,6900.0
0.9329,-15.792,-10.792,388.589,438.589,6900.0
0.933,-16.948,-11.948,388.063,438.063,6900.0
0.9331,-17.813,-12.813,387.554,437.554,6900.0
0.9332,-19.377,-14.377,387.063,437.063,6900.0
0.9333,-20.756,-15.756,386.614,436.614,6900.0
0.9334,-22.305,-17.305,386.217,436.217,6900.0
0.9335,-23.309,-18.309,385.874,435.874,6900.0
0.9336,-24.568,-19.568,385.543,435.543,6900.0
0.9337,-26.033,-21.033,385.235,435.235,6900.0
0.9338,-27.706,-22.706,384.968,434.968,6900.0
0.9339,-29.235,-24.235,384.765,434.765,6900.0
0.934,-30.401,-25.401,384.626,434.626,6900.0
0.9341,-31.278,-26.278,384.534,434.534,6900.0
0.9342,-32.315,-27.315,384.484,434.484,6900.0
0.9343,-33.596,-28.596,384.48,434.48,6900.0
0.9344,-34.828,-29.828,384.538,434.538,6900.0
0.9345,-35.767,-30.767,384.657,434.657,6900.0
0.9346,-36.745,-31.745,384.825,434.825,6900.0
0.9347,-37.7,-32.7,385.042,435.042,6900.0
0.9348,-38.718,-33.718,385.296,435.296,6900.0
0.9349,-39.609,-34.609,385.586,435.586,6900.0
0.935,-40.549,-35.549,385.917,435.917,6900.0
0.9351,-41.74,-36.74,386.289,436.289,6900.0
0.9352,-42.492,-37.492,386.733,436.733,6900.0
0.9353,-43.227,-38.227,387.215,437.215,6900.0
0.9354,-43.947,-38.947,387.727,437.727,6900.0
0.9355,-44.71,-39.71,388.286,438.286,6900.0
0.9356,-45.308,-40.308,388.893,438.893,6900.0
0.9357,-45.955,-40.955,389.565,439.565,6900.0
0.9358,-46.341,-41.341,390.277,440.277,6900.0
0.9359,-46.726,-41.726,391.0,441.0,6900.0
0.936,-47.124,-42.124,391.749,441.749,6900.0
0.9361,-47.531,-42.531,392.51,442.51,6900.0
0.9362,-48.022,-43.022,393.307,443.307,6900.0
0.9363,-48.107,-43.107,394.126,444.126,6900.0
0.9364,-48.24,-43.24,394.93,444.93,6900.0
0.9365,-48.517,-43.517,395.748,445.748,6900.0
0.9366,-48.419,-43.419,396.575,446.575,6900.0
0.9367,-48.731,-43.731,397.412,447.412,6900.0
0.9368,-48.735,-43.735,398.277,448.277,6900.0
0.9369,-48.783,-43.783,399.137,449.137,6900.0
0.937,-48.633,-43.633,400.024,450.024,6900.0
0.9371,-48.343,-43.343,400.9,450.9,6900.0
0.9372,-48.228,-43.228,401.761,451.761,6900.0
0.9373,-47.787,-42.787,402.624,452.624,6900.0
0.9374,-47.728,-42.728,403.453,453.453,6900.0
0.9375,-47.44,-42.44,404.284,454.284,6900.0
0.9376,-46.875,-41.875,405.086,455.086,6900.0
0.9377,-46.732,-41.732,405.836,455.836,6900.0
0.9378,-46.214,-41.214,406.579,456.579,6900.0
0.9379,-46.02,-41.02,407.29,457.29,6900.0
0.938,-45.537,-40.537,408.002,458.002,6900.0
0.9381,-44.608,-39.608,408.69,458.69,6900.0
0.9382,-43.937,-38.937,409.324,459.324,6900.0
0.9383,-43.304,-38.304,409.935,459.935,6900.0
0.9384,-42.924,-37.924,410.514,460.514,6900.0
0.9385,-42.082,-37.082,411.082,461.082,6900.0
0.9386,-41.344,-36.344,411.606,461.606,6900.0
0.9387,-40.446,-35.446,412.079,462.079,6900.0
0.9388,-39.774,-34.774,412.502,462.502,6900.0
0.9389,-38.838,-33.838,412.885,462.885,6900.0
0.939,-37.936,-32.936,413.223,463.223,6900.0
0.9391,-37.219,-32.219,413.515,463.515,6900.0
0.9392,-36.392,-31.392,413.771,463.771,6900.0
0.9393,-35.459,-30.459,413.985,463.985,6900.0
0.9394,-34.407,-29.407,414.153,464.153,6900.0
0.9395,-33.465,-28.465,414.271,464.271,6900.0
0.9396,-32.581,-27.581,414.354,464.354,6900.0
0.9397,-31.803,-26.803,414.409,464.409,6900.0
0.9398,-30.47,-25.47,414.437,464.437,6900.0
0.9399,-29.145,-24.145,414.401,464.401,6900.0
0.94,-28.146,-23.146,414.303,464.303,6900.0
0.9401,-27.256,-22.256,414.167,464.167,6900.0
0.9402,-26.328,-21.328,414.011,464.011,6900.0
0.9403,-24.867,-19.867,413.834,463.834,6900.0
0.9404,-23.374,-18.374,413.591,463.591,6900.0
0.9405,-22.372,-17.372,413.283,463.283,6900.0
0.9406,-21.263,-16.263,412.938,462.938,6900.0
0.9407,-20.544,-15.544,412.563,462.563,6900.0
0.9408,-19.267,-14.267,412.173,462.173,6900.0
0.9409,-17.703,-12.703,411.746,461.746,6900.0
0.941,-16.651,-11.651,411.279,461.279,6900.0
0.9411,-15.317,-10.317,410.791,460.791,6900.0
0.9412,-14.052,-9.052,410.281,460.281,6900.0
0.9413,-12.68,-7.68,409.752,459.752,6900.0
0.9414,-11.245,-6.245,409.198,459.198,6900.0
0.9415,-9.887,-4.887,408.618,458.618,6900.0
0.9416,-8.583,-3.583,408.018,458.018,6900.0
0.9417,-7.322,-2.322,407.4,457.4,6900.0
0.9418,-6.284,-1.284,406.767,456.767,6900.0
0.9419,-6.114,-1.114,406.121,456.121,6900.0
0.942,-4.374,0.626,405.472,455.472,6900.0
0.9421,-0.0,5.0,404.821,454.821,6900.0
0.9422,-0.0,5.0,404.165,454.165,6900.0
0.9423,0.003,5.003,403.509,453.509,6900.0
0.9424,0.112,5.112,402.851,452.851,6900.0
0.9425,0.352,5.352,402.193,452.193,6900.0
0.9426,0.739,5.739,401.535,451.535,6900.0
0.9427,2.164,7.164,400.882,450.882,6900.0
0.9428,3.1,8.1,400.241,450.241,6900.0
0.9429,4.069,9.069,399.608,449.608,6900.0
0.943,5.432,10.432,398.985,448.985,6900.0
0.9431,6.776,11.776,398.38,448.38,6900.0
0.9432,8.348,13.348,397.797,447.797,6900.0
0.9433,9.655,14.655,397.248,447.248,6900.0
0.9434,10.469,15.469,396.719,446.719,6900.0
0.9435,11.696,16.696,396.199,446.199,6900.0
0.9436,13.021,18.021,395.702,445.702,6900.0
0.9437,14.519,19.519,395.241,445.241,6900.0
0.9438,15.657,20.657,394.827,444.827,6900.0
0.9439,16.549,21.549,394.447,444.447,6900.0
0.944,17.536,22.536,394.09,444.09,6900.0
0.9441,18.697,23.697,393.766,443.766,6900.0
0.9442,19.831,24.831,393.481,443.481,6900.0
0.9443,21.003,26.003,393.238,443.238,6900.0
0.9444,22.104,27.104,393.038,443.038,6900.0
0.9445,23.051,28.051,392.877,442.877,6900.0
0.9446,24.153,29.153,392.749,442.749,6900.0
0.9447,25.047,30.047,392.659,442.659,6900.0
0.9448,26.018,31.018,392.599,442.599,6900.0
0.9449,26.827,31.827,392.579,442.579,6900.0
0.945,27.928,32.928,392.602,442.602,6900.0
0.9451,28.572,33.572,392.672,442.672,6900.0
0.9452,29.233,34.233,392.771,442.771,6900.0
0.9453,30.039,35.039,392.897,442.897,6900.0
0.9454,30.809,35.809,393.065,443.065,6900.0
0.9455,31.704,36.704,393.28,443.28,6900.0
0.9456,32.16,37.16,393.544,443.544,6900.0
0.9457,32.629,37.629,393.827,443.827,6900.0
0.9458,33.341,38.341,394.123,444.123,6900.0
0.9459,33.691,38.691,394.451,444.451,6900.0
0.946,34.42,39.42,394.797,444.797,6900.0
0.9461,34.71,39.71,395.186,445.186,6900.0
0.9462,34.844,39.844,395.583,445.583,6900.0
0.9463,35.369,40.369,395.983,445.983,6900.0
0.9464,35.485,40.485,396.411,446.411,6900.0
0.9465,35.976,40.976,396.844,446.844,6900.0
0.9466,35.996,40.996,397.318,447.318,6900.0
0.9467,35.982,40.982,397.794,447.794,6900.0
0.9468,36.241,41.241,398.273,448.273,6900.0
0.9469,36.065,41.065,398.768,448.768,6900.0
0.947,36.228,41.228,399.245,449.245,6900.0
0.9471,36.256,41.256,399.737,449.737,6900.0
0.9472,35.951,40.951,400.223,450.223,6900.0
0.9473,36.06,41.06,400.698,450.698,6900.0
0.9474,35.907,40.907,401.173,451.173,6900.0
0.9475,35.729,40.729,401.621,451.621,6900.0
0.9476,35.52,40.52,402.062,452.062,6900.0
0.9477,35.172,40.172,402.488,452.488,6900.0
0.9478,35.112,40.112,402.907,452.907,6900.0
0.9479,34.712,39.712,403.321,453.321,6900.0
0.948,34.229,39.229,403.706,453.706,6900.0
0.9481,33.733,38.733,404.068,454.068,6900.0
0.9482,33.247,38.247,404.405,454.405,6900.0
0.9483,32.934,37.934,404.726,454.726,6900.0
0.9484,32.176,37.176,405.03,455.03,6900.0
0.9485,31.42,36.42,405.29,455.29,6900.0
0.9486,30.792,35.792,405.507,455.507,6900.0
0.9487,30.194,35.194,405.689,455.689,6900.0
0.9488,29.542,34.542,405.844,455.844,6900.0
0.9489,28.904,33.904,405.968,455.968,6900.0
0.949,28.014,33.014,406.063,456.063,6900.0
0.9491,27.315,32.315,406.117,456.117,6900.0
0.9492,26.391,31.391,406.139,456.139,6900.0
0.9493,25.616,30.616,406.12,456.12,6900.0
0.9494,24.872,29.872,406.068,456.068,6900.0
0.9495,24.093,29.093,405.987,455.987,6900.0
0.9496,22.991,27.991,405.882,455.882,6900.0
0.9497,21.906,26.906,405.732,455.732,6900.0
0.9498,21.021,26.021,405.529,455.529,6900.0
0.9499,20.352,25.352,405.289,455.289,6900.0
0.95,19.544,24.544,405.028,455.028,6900.0
0.9501,18.391,23.391,404.751,454.751,6900.0
0.9502,16.728,21.728,404.433,454.433,6900.0
0.9503,15.396,20.396,404.051,454.051,6900.0
0.9504,14.598,19.598,403.628,453.628,6900.0
0.9505,13.694,18.694,403.183,453.183,6900.0
0.9506,12.641,17.641,402.725,452.725,6900.0
0.9507,11.281,16.281,402.242,452.242,6900.0
0.9508,9.972,14.972,401.724,451.724,6900.0
0.9509,8.712,13.712,401.181,451.181,6900.0
0.951,7.4,12.4,400.613,450.613,6900.0
0.9511,6.164,11.164,400.029,450.029,6900.0
0.9512,4.542,9.542,399.423,449.423,6900.0
0.9513,3.112,8.112,398.794,448.794,6900.0
0.9514,1.825,6.825,398.148,448.148,6900.0
0.9515,0.329,5.329,397.489,447.489,6900.0
0.9516,0.01,5.01,396.822,446.822,6900.0
0.9517,-0.0,5.0,396.153,446.153,6900.0
0.9518,-0.003,4.997,395.483,445.483,6900.0
0.9519,-0.0,5.0,394.811,444.811,6900.0
0.952,-0.002,4.998,394.138,444.138,6900.0
0.9521,0.0,5.0,393.464,443.464,6900.0
0.9522,-2.823,2.177,392.789,442.789,6900.0
0.9523,-6.317,-1.317,392.113,442.113,6900.0
0.9524,-9.222,-4.222,391.445,441.445,6900.0
0.9525,-10.261,-5.261,390.795,440.795,6900.0
0.9526,-11.468,-6.468,390.163,440.163,6900.0
0.9527,-12.589,-7.589,389.55,439.55,6900.0
0.9528,-13.944,-8.944,388.949,438.949,6900.0
0.9529,-15.675,-10.675,388.372,438.372,6900.0
0.953,-17.262,-12.262,387.832,437.832,6900.0
0.9531,-18.524,-13.524,387.342,437.342,6900.0
0.9532,-19.455,-14.455,386.895,436.895,6900.0
0.9533,-20.571,-15.571,386.459,436.459,6900.0
0.9534,-21.905,-16.905,386.042,436.042,6900.0
0.9535,-23.472,-18.472,385.662,435.662,6900.0
0.9536,-25.148,-20.148,385.34,435.34,6900.0
0.9537,-26.336,-21.336,385.075,435.075,6900.0
0.9538,-27.405,-22.405,384.832,434.832,6900.0
0.9539,-28.727,-23.727,384.61,434.61,6900.0
0.954,-30.178,-25.178,384.432,434.432,6900.0
0.9541,-31.784,-26.784,384.313,434.313,6900.0
0.9542,-32.858,-27.858,384.266,434.266,6900.0
0.9543,-34.105,-29.105,384.271,434.271,6900.0
0.9544,-35.399,-30.399,384.334,434.334,6900.0
0.9545,-36.396,-31.396,384.458,434.458,6900.0
0.9546,-37.396,-32.396,384.634,434.634,6900.0
0.9547,-38.366,-33.366,384.863,434.863,6900.0
0.9548,-39.215,-34.215,385.144,435.144,6900.0
0.9549,-39.991,-34.991,385.471,435.471,6900.0
0.955,-40.8,-35.8,385.832,435.832,6900.0
0.9551,-41.853,-36.853,386.214,436.214,6900.0
0.9552,-42.981,-37.981,386.637,436.637,6900.0
0.9553,-43.915,-38.915,387.109,437.109,6900.0
0.9554,-44.625,-39.625,387.648,437.648,6900.0
0.9555,-45.312,-40.312,388.229,438.229,6900.0
0.9556,-45.774,-40.774,388.839,438.839,6900.0
0.9557,-46.458,-41.458,389.491,439.491,6900.0
0.9558,-47.19,-42.19,390.182,440.182,6900.0
0.9559,-47.868,-42.868,390.945,440.945,6900.0
0.956,-48.017,-43.017,391.752,441.752,6900.0
0.9561,-48.173,-43.173,392.555,442.555,6900.0
0.9562,-48.474,-43.474,393.374,443.374,6900.0
0.9563,-48.668,-43.668,394.194,444.194,6900.0
0.9564,-49.158,-44.158,395.032,445.032,6900.0
0.9565,-49.165,-44.165,395.892,445.892,6900.0
0.9566,-49.221,-44.221,396.735,446.735,6900.0
0.9567,-49.312,-44.312,397.593,447.593,6900.0
0.9568,-49.197,-44.197,398.451,448.451,6900.0
0.9569,-49.367,-44.367,399.316,449.316,6900.0
0.957,-49.246,-44.246,400.208,450.208,6900.0
0.9571,-49.355,-44.355,401.088,451.088,6900.0
0.9572,-49.18,-44.18,401.994,451.994,6900.0
0.9573,-48.701,-43.701,402.888,452.888,6900.0
0.9574,-48.499,-43.499,403.748,453.748,6900.0
0.9575,-47.885,-42.885,404.603,454.603,6900.0
0.9576,-47.7,-42.7,405.412,455.412,6900.0
0.9577,-47.321,-42.321,406.217,456.217,6900.0
0.9578,-46.635,-41.635,406.99,456.99,6900.0
0.9579,-46.314,-41.314,407.707,457.707,6900.0
0.958,-45.804,-40.804,408.411,458.411,6900.0
0.9581,-45.562,-40.562,409.086,459.086,6900.0
0.9582,-44.874,-39.874,409.762,459.762,6900.0
0.9583,-43.942,-38.942,410.408,460.408,6900.0
0.9584,-43.03,-38.03,411.003,461.003,6900.0
0.9585,-42.255,-37.255,411.56,461.56,6900.0
0.9586,-41.848,-36.848,412.078,462.078,6900.0
0.9587,-41.183,-36.183,412.573,462.573,6900.0
0.9588,-40.313,-35.313,413.028,463.028,6900.0
0.9589,-39.295,-34.295,413.434,463.434,6900.0
0.959,-38.422,-33.422,413.785,463.785,6900.0
0.9591,-37.728,-32.728,414.088,464.088,6900.0
0.9592,-36.801,-31.801,414.352,464.352,6900.0
0.9593,-35.814,-30.814,414.576,464.576,6900.0
0.9594,-34.791,-29.791,414.763,464.763,6900.0
0.9595,-33.599,-28.599,414.908,464.908,6900.0
0.9596,-32.776,-27.776,414.996,464.996,6900.0
0.9597,-31.947,-26.947,415.037,465.037,6900.0
0.9598,-30.881,-25.881,415.047,465.047,6900.0
0.9599,-29.802,-24.802,415.028,465.028,6900.0
0.96,-28.521,-23.521,414.975,464.975,6900.0
0.9601,-26.928,-21.928,414.858,464.858,6900.0
0.9602,-25.954,-20.954,414.669,464.669,6900.0
0.9603,-25.061,-20.061,414.444,464.444,6900.0
0.9604,-24.301,-19.301,414.2,464.2,6900.0
0.9605,-22.921,-17.921,413.942,463.942,6900.0
0.9606,-21.278,-16.278,413.633,463.633,6900.0
0.9607,-20.186,-15.186,413.267,463.267,6900.0
0.9608,-19.046,-14.046,412.869,462.869,6900.0
0.9609,-18.184,-13.184,412.443,462.443,6900.0
0.961,-16.736,-11.736,412.0,462.0,6900.0
0.9611,-15.214,-10.214,411.519,461.519,6900.0
0.9612,-14.023,-9.023,411.002,461.002,6900.0
0.9613,-12.58,-7.58,410.462,460.462,6900.0
0.9614,-11.44,-6.44,409.897,459.897,6900.0
0.9615,-10.077,-5.077,409.316,459.316,6900.0
0.9616,-8.706,-3.706,408.717,458.717,6900.0
0.9617,-7.38,-2.38,408.101,458.101,6900.0
0.9618,-6.588,-1.588,407.47,457.47,6900.0
0.9619,-5.546,-0.546,406.83,456.83,6900.0
0.962,-4.616,0.384,406.182,456.182,6900.0
0.9621,-2.373,2.627,405.531,455.531,6900.0
0.9622,-0.005,4.995,404.878,454.878,6900.0
0.9623,-0.004,4.996,404.222,454.222,6900.0
0.9624,0.159,5.159,403.565,453.565,6900.0
0.9625,0.224,5.224,402.909,452.909,6900.0
0.9626,0.668,5.668,402.252,452.252,6900.0
0.9627,1.893,6.893,401.6,451.6,6900.0
0.9628,2.899,7.899,400.957,450.957,6900.0
0.9629,4.289,9.289,400.325,450.325,6900.0
0.963,5.417,10.417,399.712,449.712,6900.0
0.9631,6.149,11.149,399.111,449.111,6900.0
0.9632,7.487,12.487,398.517,448.517,6900.0
0.9633,9.095,14.095,397.943,447.943,6900.0
0.9634,10.961,15.961,397.399,447.399,6900.0
0.9635,12.341,17.341,396.898,446.898,6900.0
0.9636,13.03,18.03,396.425,446.425,6900.0
0.9637,14.026,19.026,395.963,445.963,6900.0
0.9638,15.476,20.476,395.525,445.525,6900.0
0.9639,16.715,21.715,395.13,445.13,6900.0
0.964,17.901,22.901,394.783,444.783,6900.0
0.9641,18.799,23.799,394.475,444.475,6900.0
0.9642,19.733,24.733,394.197,444.197,6900.0
0.9643,20.941,25.941,393.951,443.951,6900.0
0.9644,22.087,27.087,393.747,443.747,6900.0
0.9645,23.102,28.102,393.583,443.583,6900.0
0.9646,24.224,29.224,393.456,443.456,6900.0
0.9647,25.078,30.078,393.371,443.371,6900.0
0.9648,25.948,30.948,393.318,443.318,6900.0
0.9649,26.771,31.771,393.295,443.295,6900.0
0.965,27.909,32.909,393.301,443.301,6900.0
0.9651,28.648,33.648,393.354,443.354,6900.0
0.9652,29.542,34.542,393.454,443.454,6900.0
0.9653,30.34,35.34,393.601,443.601,6900.0
0.9654,30.829,35.829,393.784,443.784,6900.0
0.9655,31.558,36.558,393.989,443.989,6900.0
0.9656,32.105,37.105,394.234,444.234,6900.0
0.9657,32.82,37.82,394.515,444.515,6900.0
0.9658,33.288,38.288,394.84,444.84,6900.0
0.9659,33.368,38.368,395.18,445.18,6900.0
0.966,34.001,39.001,395.518,445.518,6900.0
0.9661,34.376,39.376,395.881,445.881,6900.0
0.9662,34.966,39.966,396.26,446.26,6900.0
0.9663,35.179,40.179,396.674,446.674,6900.0
0.9664,35.366,40.366,397.093,447.093,6900.0
0.9665,35.862,40.862,397.517,447.517,6900.0
0.9666,35.819,40.819,397.972,447.972,6900.0
0.9667,36.065,41.065,398.423,448.423,6900.0
0.9668,36.171,41.171,398.906,448.906,6900.0
0.9669,36.095,41.095,399.396,449.396,6900.0
0.967,36.291,41.291,399.887,449.887,6900.0
0.9671,36.216,41.216,400.389,450.389,6900.0
0.9672,36.019,41.019,400.871,450.871,6900.0
0.9673,36.017,41.017,401.35,451.35,6900.0
0.9674,35.851,40.851,401.816,451.816,6900.0
0.9675,35.986,40.986,402.273,452.273,6900.0
0.9676,35.557,40.557,402.728,452.728,6900.0
0.9677,35.044,40.044,403.15,453.15,6900.0
0.9678,35.044,40.044,403.55,453.55,6900.0
0.9679,34.641,39.641,403.943,453.943,6900.0
0.968,34.431,39.431,404.328,454.328,6900.0
0.9681,33.896,38.896,404.707,454.707,6900.0
0.9682,33.326,38.326,405.054,455.054,6900.0
0.9683,32.746,37.746,405.372,455.372,6900.0
0.9684,32.079,37.079,405.662,455.662,6900.0
0.9685,31.539,36.539,405.926,455.926,6900.0
0.9686,30.863,35.863,406.163,456.163,6900.0
0.9687,30.109,35.109,406.359,456.359,6900.0
0.9688,29.189,34.189,406.513,456.513,6900.0
0.9689,28.341,33.341,406.623,456.623,6900.0
0.969,27.734,32.734,406.697,456.697,6900.0
0.9691,27.25,32.25,406.741,456.741,6900.0
0.9692,26.622,31.622,406.76,456.76,6900.0
0.9693,25.678,30.678,406.752,456.752,6900.0
0.9694,24.8,29.8,406.706,456.706,6900.0
0.9695,23.842,28.842,406.618,456.618,6900.0
0.9696,23.161,28.161,406.494,456.494,6900.0
0.9697,22.332,27.332,406.346,456.346,6900.0
0.9698,21.333,26.333,406.175,456.175,6900.0
0.9699,20.098,25.098,405.961,455.961,6900.0
0.97,19.07,24.07,405.689,455.689,6900.0
0.9701,18.004,23.004,405.378,455.378,6900.0
0.9702,17.199,22.199,405.04,455.04,6900.0
0.9703,16.154,21.154,404.69,454.69,6900.0
0.9704,14.473,19.473,404.308,454.308,6900.0
0.9705,13.106,18.106,403.871,453.871,6900.0
0.9706,12.256,17.256,403.399,453.399,6900.0
0.9707,11.356,16.356,402.902,452.902,6900.0
0.9708,10.286,15.286,402.39,452.39,6900.0
0.9709,8.859,13.859,401.854,451.854,6900.0
0.971,7.442,12.442,401.285,451.285,6900.0
0.9711,6.35,11.35,400.695,450.695,6900.0
0.9712,5.004,10.004,400.086,450.086,6900.0
0.9713,3.573,8.573,399.462,449.462,6900.0
0.9714,1.961,6.961,398.821,448.821,6900.0
0.9715,0.381,5.381,398.164,448.164,6900.0
0.9716,0.034,5.034,397.499,447.499,6900.0
0.9717,-0.0,5.0,396.832,446.832,6900.0
0.9718,-0.001,4.999,396.163,446.163,6900.0
0.9719,-0.0,5.0,395.492,445.492,6900.0
0.972,-0.001,4.999,394.82,444.82,6900.0
0.9721,0.0,5.0,394.147,444.147,6900.0
0.9722,-3.059,1.941,393.473,443.473,6900.0
0.9723,-8.031,-3.031,392.798,442.798,6900.0
0.9724,-8.698,-3.698,392.149,442.149,6900.0
0.9725,-9.734,-4.734,391.502,441.502,6900.0
0.9726,-11.318,-6.318,390.863,440.863,6900.0
0.9727,-12.808,-7.808,390.24,440.24,6900.0
0.9728,-14.269,-9.269,389.646,439.646,6900.0
0.9729,-15.36,-10.36,389.08,439.08,6900.0
0.973,-16.644,-11.644,388.529,438.529,6900.0
0.9731,-18.36,-13.36,388.004,438.004,6900.0
0.9732,-19.96,-14.96,387.522,437.522,6900.0
0.9733,-21.432,-16.432,387.101,437.101,6900.0
0.9734,-22.113,-17.113,386.733,436.733,6900.0
0.9735,-23.003,-18.003,386.373,436.373,6900.0
0.9736,-24.673,-19.673,386.024,436.024,6900.0
0.9737,-26.194,-21.194,385.72,435.72,6900.0
0.9738,-27.902,-22.902,385.469,435.469,6900.0
0.9739,-29.054,-24.054,385.281,435.281,6900.0
0.974,-30.152,-25.152,385.127,435.127,6900.0
0.9741,-31.329,-26.329,385.007,435.007,6900.0
0.9742,-32.53,-27.53,384.938,434.938,6900.0
0.9743,-33.973,-28.973,384.925,434.925,6900.0
0.9744,-35.148,-30.148,384.984,434.984,6900.0
0.9745,-36.387,-31.387,385.104,435.104,6900.0
0.9746,-37.298,-32.298,385.287,435.287,6900.0
0.9747,-38.031,-33.031,385.52,435.52,6900.0
0.9748,-38.848,-33.848,385.785,435.785,6900.0
0.9749,-39.802,-34.802,386.089,436.089,6900.0
0.975,-40.606,-35.606,386.438,436.438,6900.0
0.9751,-41.605,-36.605,386.83,436.83,6900.0
0.9752,-42.425,-37.425,387.264,437.264,6900.0
0.9753,-43.17,-38.17,387.722,437.722,6900.0
0.9754,-44.228,-39.228,388.219,438.219,6900.0
0.9755,-45.105,-40.105,388.77,438.77,6900.0
0.9756,-45.562,-40.562,389.399,439.399,6900.0
0.9757,-45.951,-40.951,390.066,440.066,6900.0
0.9758,-46.506,-41.506,390.746,440.746,6900.0
0.9759,-47.087,-42.087,391.469,441.469,6900.0
0.976,-47.433,-42.433,392.223,442.223,6900.0
0.9761,-48.047,-43.047,393.018,443.018,6900.0
0.9762,-48.072,-43.072,393.846,443.846,6900.0
0.9763,-48.139,-43.139,394.656,444.656,6900.0
0.9764,-48.368,-43.368,395.474,445.474,6900.0
0.9765,-48.387,-43.387,396.292,446.292,6900.0
0.9766,-48.983,-43.983,397.117,447.117,6900.0
0.9767,-48.965,-43.965,397.975,447.975,6900.0
0.9768,-48.932,-43.932,398.822,448.822,6900.0
0.9769,-48.987,-43.987,399.689,449.689,6900.0
0.977,-48.723,-43.723,400.557,450.557,6900.0
0.9771,-48.86,-43.86,401.42,451.42,6900.0
0.9772,-48.701,-43.701,402.303,452.303,6900.0
0.9773,-48.571,-43.571,403.169,453.169,6900.0
0.9774,-48.211,-43.211,404.049,454.049,6900.0
0.9775,-47.61,-42.61,404.899,454.899,6900.0
0.9776,-47.231,-42.231,405.704,455.704,6900.0
0.9777,-46.718,-41.718,406.489,456.489,6900.0
0.9778,-46.407,-41.407,407.234,457.234,6900.0
0.9779,-45.699,-40.699,407.972,457.972,6900.0
0.978,-45.12,-40.12,408.665,458.665,6900.0
0.9781,-44.802,-39.802,409.31,459.31,6900.0
0.9782,-44.352,-39.352,409.943,459.943,6900.0
0.9783,-43.757,-38.757,410.557,460.557,6900.0
0.9784,-43.18,-38.18,411.156,461.156,6900.0
0.9785,-42.147,-37.147,411.73,461.73,6900.0
0.9786,-41.554,-36.554,412.245,462.245,6900.0
0.9787,-40.962,-35.962,412.726,462.726,6900.0
0.9788,-39.954,-34.954,413.175,463.175,6900.0
0.9789,-38.954,-33.954,413.578,463.578,6900.0
0.979,-38.047,-33.047,413.931,463.931,6900.0
0.9791,-37.275,-32.275,414.234,464.234,6900.0
0.9792,-36.351,-31.351,414.492,464.492,6900.0
0.9793,-35.416,-30.416,414.7,464.7,6900.0
0.9794,-34.573,-29.573,414.86,464.86,6900.0
0.9795,-33.711,-28.711,414.985,464.985,6900.0
0.9796,-32.863,-27.863,415.081,465.081,6900.0
0.9797,-31.657,-26.657,415.145,465.145,6900.0
0.9798,-30.285,-25.285,415.155,465.155,6900.0
0.9799,-29.091,-24.091,415.106,465.106,6900.0
0.98,-28.198,-23.198,415.017,465.017,6900.0
0.9801,-27.258,-22.258,414.907,464.907,6900.0
0.9802,-25.856,-20.856,414.771,464.771,6900.0
0.9803,-24.237,-19.237,414.567,464.567,6900.0
0.9804,-23.309,-18.309,414.29,464.29,6900.0
0.9805,-22.504,-17.504,413.975,463.975,6900.0
0.9806,-21.38,-16.38,413.641,463.641,6900.0
0.9807,-20.113,-15.113,413.286,463.286,6900.0
0.9808,-18.772,-13.772,412.891,462.891,6900.0
0.9809,-17.764,-12.764,412.457,462.457,6900.0
0.981,-16.644,-11.644,412.0,462.0,6900.0
0.9811,-15.521,-10.521,411.522,461.522,6900.0
0.9812,-13.994,-8.994,411.028,461.028,6900.0
0.9813,-12.586,-7.586,410.501,460.501,6900.0
0.9814,-11.265,-6.265,409.944,459.944,6900.0
0.9815,-10.004,-5.004,409.364,459.364,6900.0
0.9816,-8.671,-3.671,408.764,458.764,6900.0
0.9817,-7.56,-2.56,408.146,458.146,6900.0
0.9818,-6.386,-1.386,407.515,457.515,6900.0
0.9819,-6.425,-1.425,406.87,456.87,6900.0
0.982,-4.785,0.215,406.223,456.223,6900.0
0.9821,0.0,5.0,405.574,455.574,6900.0
0.9822,-0.0,5.0,404.919,454.919,6900.0
0.9823,-0.0,5.0,404.263,454.263,6900.0
0.9824,0.167,5.167,403.607,453.607,6900.0
0.9825,0.224,5.224,402.95,452.95,6900.0
0.9826,0.881,5.881,402.293,452.293,6900.0
0.9827,1.887,6.887,401.642,451.642,6900.0
0.9828,2.644,7.644,400.999,450.999,6900.0
0.9829,4.053,9.053,400.362,450.362,6900.0
0.983,5.398,10.398,399.742,449.742,6900.0
0.9831,6.819,11.819,399.14,449.14,6900.0
0.9832,7.98,12.98,398.565,448.565,6900.0
0.9833,8.735,13.735,398.006,448.006,6900.0
0.9834,10.096,15.096,397.455,447.455,6900.0
0.9835,11.543,16.543,396.928,446.928,6900.0
0.9836,13.09,18.09,396.436,446.436,6900.0
0.9837,14.189,19.189,395.99,445.99,6900.0
0.9838,15.031,20.031,395.575,445.575,6900.0
0.9839,16.052,21.052,395.176,445.176,6900.0
0.984,17.187,22.187,394.805,444.805,6900.0
0.9841,18.621,23.621,394.47,444.47,6900.0
0.9842,19.561,24.561,394.184,444.184,6900.0
0.9843,20.71,25.71,393.93,443.93,6900.0
0.9844,21.63,26.63,393.715,443.715,6900.0
0.9845,22.7,27.7,393.532,443.532,6900.0
0.9846,23.749,28.749,393.388,443.388,6900.0
0.9847,24.787,29.787,393.284,443.284,6900.0
0.9848,25.793,30.793,393.222,443.222,6900.0
0.9849,26.666,31.666,393.208,443.208,6900.0
0.985,27.543,32.543,393.234,443.234,6900.0
0.9851,28.245,33.245,393.294,443.294,6900.0
0.9852,29.118,34.118,393.378,443.378,6900.0
0.9853,29.7,34.7,393.502,443.502,6900.0
0.9854,30.558,35.558,393.664,443.664,6900.0
0.9855,31.134,36.134,393.868,443.868,6900.0
0.9856,31.462,36.462,394.096,444.096,6900.0
0.9857,32.2,37.2,394.334,444.334,6900.0
0.9858,32.7,37.7,394.61,444.61,6900.0
0.9859,33.515,38.515,394.917,444.917,6900.0
0.986,34.026,39.026,395.274,445.274,6900.0
0.9861,34.136,39.136,395.649,445.649,6900.0
0.9862,34.709,39.709,396.029,446.029,6900.0
0.9863,34.856,39.856,396.437,446.437,6900.0
0.9864,35.343,40.343,396.851,446.851,6900.0
0.9865,35.61,40.61,397.299,447.299,6900.0
0.9866,35.577,40.577,397.751,447.751,6900.0
0.9867,35.862,40.862,398.2,448.2,6900.0
0.9868,35.805,40.805,398.665,448.665,6900.0
0.9869,35.926,40.926,399.119,449.119,6900.0
0.987,36.026,41.026,399.593,449.593,6900.0
0.9871,35.916,40.916,400.067,450.067,6900.0
0.9872,36.033,41.033,400.542,450.542,6900.0
0.9873,35.9,40.9,401.024,451.024,6900.0
0.9874,35.664,40.664,401.488,451.488,6900.0
0.9875,35.587,40.587,401.945,451.945,6900.0
0.9876,35.304,40.304,402.389,452.389,6900.0
0.9877,35.102,40.102,402.825,452.825,6900.0
0.9878,34.674,39.674,403.25,453.25,6900.0
0.9879,34.104,39.104,403.639,453.639,6900.0
0.988,33.949,38.949,403.999,453.999,6900.0
0.9881,33.703,38.703,404.344,454.344,6900.0
0.9882,33.376,38.376,404.682,454.682,6900.0
0.9883,32.642,37.642,405.004,455.004,6900.0
0.9884,31.942,36.942,405.288,455.288,6900.0
0.9885,31.354,36.354,405.535,455.535,6900.0
0.9886,30.754,35.754,405.754,455.754,6900.0
0.9887,30.033,35.033,405.95,455.95,6900.0
0.9888,29.249,34.249,406.114,456.114,6900.0
0.9889,28.273,33.273,406.24,456.24,6900.0
0.989,27.485,32.485,406.322,456.322,6900.0
0.9891,26.935,31.935,406.365,456.365,6900.0
0.9892,26.228,31.228,406.378,456.378,6900.0
0.9893,25.484,30.484,406.357,456.357,6900.0
0.9894,24.713,29.713,406.306,456.306,6900.0
0.9895,23.779,28.779,406.227,456.227,6900.0
0.9896,22.781,27.781,406.108,456.108,6900.0
0.9897,21.905,26.905,405.939,455.939,6900.0
0.9898,21.082,26.082,405.736,455.736,6900.0
0.9899,20.183,25.183,405.508,455.508,6900.0
0.99,19.239,24.239,405.261,455.261,6900.0
0.9901,17.779,22.779,404.975,454.975,6900.0
0.9902,16.497,21.497,404.632,454.632,6900.0
0.9903,15.617,20.617,404.246,454.246,6900.0
0.9904,14.786,19.786,403.839,453.839,6900.0
0.9905,13.858,18.858,403.419,453.419,6900.0
0.9906,12.403,17.403,402.974,452.974,6900.0
0.9907,11.091,16.091,402.484,452.484,6900.0
0.9908,9.929,14.929,401.964,451.964,6900.0
0.9909,8.815,13.815,401.419,451.419,6900.0
0.991,7.704,12.704,400.857,450.857,6900.0
0.9911,6.163,11.163,400.274,450.274,6900.0
0.9912,4.639,9.639,399.664,449.664,6900.0
0.9913,3.387,8.387,399.035,449.035,6900.0
0.9914,2.104,7.104,398.39,448.39,6900.0
0.9915,0.586,5.586,397.733,447.733,6900.0
0.9916,0.05,5.05,397.068,447.068,6900.0
0.9917,-0.0,5.0,396.399,446.399,6900.0
0.9918,-0.0,5.0,395.73,445.73,6900.0
0.9919,-0.0,5.0,395.058,445.058,6900.0
0.992,-0.001,4.999,394.386,444.386,6900.0
0.9921,0.0,5.0,393.712,443.712,6900.0
0.9922,-2.141,2.859,393.037,443.037,6900.0
0.9923,-5.941,-0.941,392.362,442.362,6900.0
0.9924,-9.034,-4.034,391.695,441.695,6900.0
0.9925,-10.342,-5.342,391.05,441.05,6900.0
0.9926,-11.169,-6.169,390.422,440.422,6900.0
0.9927,-12.477,-7.477,389.8,439.8,6900.0
0.9928,-14.121,-9.121,389.196,439.196,6900.0
0.9929,-15.483,-10.483,388.622,438.622,6900.0
0.993,-17.138,-12.138,388.086,438.086,6900.0
0.9931,-18.118,-13.118,387.593,437.593,6900.0
0.9932,-19.095,-14.095,387.115,437.115,6900.0
0.9933,-20.598,-15.598,386.655,436.655,6900.0
0.9934,-22.112,-17.112,386.237,436.237,6900.0
0.9935,-23.644,-18.644,385.877,435.877,6900.0
0.9936,-24.991,-19.991,385.568,435.568,6900.0
0.9937,-25.885,-20.885,385.282,435.282,6900.0
0.9938,-27.4,-22.4,385.01,435.01,6900.0
0.9939,-28.743,-23.743,384.783,434.783,6900.0
0.994,-30.227,-25.227,384.614,434.614,6900.0
0.9941,-31.504,-26.504,384.509,434.509,6900.0
0.9942,-32.563,-27.563,384.456,434.456,6900.0
0.9943,-33.836,-28.836,384.449,434.449,6900.0
0.9944,-35.031,-30.031,384.501,434.501,6900.0
0.9945,-36.151,-31.151,384.612,434.612,6900.0
0.9946,-37.108,-32.108,384.782,434.782,6900.0
0.9947,-37.929,-32.929,385.006,435.006,6900.0
0.9948,-38.885,-33.885,385.274,435.274,6900.0
0.9949,-39.845,-34.845,385.581,435.581,6900.0
0.995,-40.586,-35.586,385.922,435.922,6900.0
0.9951,-41.6,-36.6,386.294,436.294,6900.0
0.9952,-42.6,-37.6,386.711,436.711,6900.0
0.9953,-43.401,-38.401,387.19,437.19,6900.0
0.9954,-44.112,-39.112,387.712,437.712,6900.0
0.9955,-44.618,-39.618,388.262,438.262,6900.0
0.9956,-45.358,-40.358,388.855,438.855,6900.0
0.9957,-46.113,-41.113,389.492,439.492,6900.0
0.9958,-46.777,-41.777,390.201,440.201,6900.0
0.9959,-47.031,-42.031,390.957,440.957,6900.0
0.996,-47.43,-42.43,391.714,441.714,6900.0
0.9961,-47.93,-42.93,392.496,442.496,6900.0
0.9962,-47.993,-42.993,393.296,443.296,6900.0
0.9963,-48.489,-43.489,394.112,444.112,6900.0
0.9964,-48.652,-43.652,394.949,444.949,6900.0
0.9965,-48.8,-43.8,395.771,445.771,6900.0
0.9966,-49.044,-44.044,396.607,446.607,6900.0
0.9967,-49.047,-44.047,397.448,447.448,6900.0
0.9968,-49.247,-44.247,398.303,448.303,6900.0
0.9969,-48.82,-43.82,399.188,449.188,6900.0
0.997,-48.646,-43.646,400.055,450.055,6900.0
0.9971,-48.639,-43.639,400.936,450.936,6900.0
0.9972,-48.318,-43.318,401.813,451.813,6900.0
0.9973,-48.415,-43.415,402.667,452.667,6900.0
0.9974,-48.12,-43.12,403.531,453.531,6900.0
0.9975,-47.815,-42.815,404.367,454.367,6900.0
0.9976,-47.544,-42.544,405.194,455.194,6900.0
0.9977,-46.927,-41.927,405.991,455.991,6900.0
0.9978,-46.472,-41.472,406.734,456.734,6900.0
0.9979,-46.057,-41.057,407.455,457.455,6900.0
0.998,-45.737,-40.737,408.147,458.147,6900.0
0.9981,-45.082,-40.082,408.835,458.835,6900.0
0.9982,-44.327,-39.327,409.491,459.491,6900.0
0.9983,-43.672,-38.672,410.102,460.102,6900.0
0.9984,-43.079,-38.079,410.69,460.69,6900.0
0.9985,-42.446,-37.446,411.253,461.253,6900.0
0.9986,-41.874,-36.874,411.793,461.793,6900.0
0.9987,-41.069,-36.069,412.298,462.298,6900.0
0.9988,-40.257,-35.257,412.751,462.751,6900.0
0.9989,-39.218,-34.218,413.157,463.157,6900.0
0.999,-38.299,-33.299,413.508,463.508,6900.0
0.9991,-37.608,-32.608,413.81,463.81,6900.0
0.9992,-36.673,-31.673,414.075,464.075,6900.0
0.9993,-35.807,-30.807,414.298,464.298,6900.0
0.9994,-35.02,-30.02,414.477,464.477,6900.0
0.9995,-33.929,-28.929,414.615,464.615,6900.0
0.9996,-32.949,-27.949,414.703,464.703,6900.0
0.9997,-32.088,-27.088,414.756,464.756,6900.0
0.9998,-31.081,-26.081,414.787,464.787,6900.0
0.9999,-29.729,-24.729,414.784,464.784,6900.0
1.0,-28.204,-23.204,414.718,464.718,6900.0
1.0001,-25.938,-25.938,414.596,414.596,6900.0
1.0002,-23.965,-23.965,414.408,414.408,6900.0
1.0003,-22.425,-22.425,414.183,414.183,6900.0
1.0004,-20.717,-20.717,413.925,413.925,6900.0
1.0005,-19.169,-19.169,413.607,413.607,6900.0
1.0006,-18.296,-18.296,413.231,413.231,6900.0
1.0007,-17.23,-17.23,412.824,412.824,6900.0
1.0008,-16.153,-16.153,412.389,412.389,6900.0
1.0009,-14.64,-14.64,411.934,411.934,6900.0
1.001,-13.031,-13.031,411.443,411.443,6900.0
1.0011,-12.137,-12.137,410.916,410.916,6900.0
1.0012,-10.786,-10.786,410.372,410.372,6900.0
1.0013,-9.474,-9.474,409.809,409.809,6900.0
1.0014,-7.757,-7.757,409.231,409.231,6900.0
1.0015,-6.002,-6.002,408.633,408.633,6900.0
1.0016,-4.79,-4.79,408.014,408.014,6900.0
1.0017,-3.376,-3.376,407.383,407.383,6900.0
1.0018,-1.95,-1.95,406.741,406.741,6900.0
1.0019,-0.798,-0.798,406.091,406.091,6900.0
1.002,-0.0,-0.0,405.438,405.438,6900.0
1.0021,-0.0,-0.0,404.782,404.782,6900.0
1.0022,2.572,2.572,404.126,404.126,6900.0
1.0023,2.8,2.8,403.476,403.476,6900.0
1.0024,3.758,3.758,402.828,402.828,6900.0
1.0025,4.836,4.836,402.186,402.186,6900.0
1.0026,6.264,6.264,401.549,401.549,6900.0
1.0027,7.516,7.516,400.925,400.925,6900.0
1.0028,9.16,9.16,400.313,400.313,6900.0
1.0029,10.228,10.228,399.724,399.724,6900.0
1.003,11.38,11.38,399.149,399.149,6900.0
1.0031,12.875,12.875,398.585,398.585,6900.0
1.0032,14.316,14.316,398.051,398.051,6900.0
1.0033,16.074,16.074,397.554,397.554,6900.0
1.0034,17.22,17.22,397.113,397.113,6900.0
1.0035,17.953,17.953,396.702,396.702,6900.0
1.0036,19.271,19.271,396.301,396.301,6900.0
1.0037,20.77,20.77,395.931,395.931,6900.0
1.0038,22.196,22.196,395.608,395.608,6900.0
1.0039,23.252,23.252,395.339,395.339,6900.0
1.004,24.164,24.164,395.106,395.106,6900.0
1.0041,25.41,25.41,394.894,394.894,6900.0
1.0042,26.658,26.658,394.721,394.721,6900.0
1.0043,27.982,27.982,394.592,394.592,6900.0
1.0044,29.198,29.198,394.518,394.518,6900.0
1.0045,30.464,30.464,394.494,394.494,6900.0
1.0046,31.223,31.223,394.526,394.526,6900.0
1.0047,32.141,32.141,394.601,394.601,6900.0
1.0048,33.165,33.165,394.718,394.718,6900.0
1.0049,34.294,34.294,394.875,394.875,6900.0
1.005,35.276,35.276,395.083,395.083,6900.0
1.0051,36.115,36.115,395.344,395.344,6900.0
1.0052,36.843,36.843,395.648,395.648,6900.0
1.0053,37.52,37.52,395.978,395.978,6900.0
1.0054,38.561,38.561,396.325,396.325,6900.0
1.0055,39.415,39.415,396.72,396.72,6900.0
1.0056,40.092,40.092,397.165,397.165,6900.0
1.0057,40.742,40.742,397.656,397.656,6900.0
1.0058,41.274,41.274,398.173,398.173,6900.0
1.0059,42.113,42.113,398.71,398.71,6900.0
1.006,42.731,42.731,399.292,399.292,6900.0
1.0061,43.291,43.291,399.914,399.914,6900.0
1.0062,43.677,43.677,400.584,400.584,6900.0
1.0063,43.691,43.691,401.268,401.268,6900.0
1.0064,44.145,44.145,401.947,401.947,6900.0
1.0065,44.388,44.388,402.649,402.649,6900.0
1.0066,44.879,44.879,403.346,403.346,6900.0
1.0067,45.144,45.144,404.079,404.079,6900.0
1.0068,44.962,44.962,404.813,404.813,6900.0
1.0069,45.259,45.259,405.535,405.535,6900.0
1.007,45.274,45.274,406.274,406.274,6900.0
1.0071,45.199,45.199,407.0,407.0,6900.0
1.0072,45.199,45.199,407.742,407.742,6900.0
1.0073,44.88,44.88,408.485,408.485,6900.0
1.0074,44.854,44.854,409.224,409.224,6900.0
1.0075,44.514,44.514,409.967,409.967,6900.0
1.0076,43.943,43.943,410.68,410.68,6900.0
1.0077,43.748,43.748,411.366,411.366,6900.0
1.0078,43.488,43.488,412.029,412.029,6900.0
1.0079,43.394,43.394,412.678,412.678,6900.0
1.008,42.969,42.969,413.311,413.311,6900.0
1.0081,42.252,42.252,413.902,413.902,6900.0
1.0082,41.906,41.906,414.453,414.453,6900.0
1.0083,41.307,41.307,414.983,414.983,6900.0
1.0084,40.75,40.75,415.495,415.495,6900.0
1.0085,39.998,39.998,415.985,415.985,6900.0
1.0086,39.106,39.106,416.437,416.437,6900.0
1.0087,38.207,38.207,416.847,416.847,6900.0
1.0088,37.46,37.46,417.219,417.219,6900.0
1.0089,36.637,36.637,417.559,417.559,6900.0
1.009,35.759,35.759,417.86,417.86,6900.0
1.0091,34.793,34.793,418.117,418.117,6900.0
1.0092,33.9,33.9,418.326,418.326,6900.0
1.0093,32.9,32.9,418.486,418.486,6900.0
1.0094,31.835,31.835,418.593,418.593,6900.0
1.0095,30.907,30.907,418.654,418.654,6900.0
1.0096,29.888,29.888,418.682,418.682,6900.0
1.0097,28.845,28.845,418.68,418.68,6900.0
1.0098,27.706,27.706,418.636,418.636,6900.0
1.0099,26.704,26.704,418.537,418.537,6900.0
1.01,25.695,25.695,418.399,418.399,6900.0
1.0101,24.616,24.616,418.236,418.236,6900.0
1.0102,23.339,23.339,418.057,418.057,6900.0
1.0103,21.801,21.801,417.83,417.83,6900.0
1.0104,20.399,20.399,417.533,417.533,6900.0
1.0105,19.363,19.363,417.187,417.187,6900.0
1.0106,18.383,18.383,416.808,416.808,6900.0
1.0107,17.243,17.243,416.415,416.415,6900.0
1.0108,15.603,15.603,415.993,415.993,6900.0
1.0109,14.199,14.199,415.528,415.528,6900.0
1.011,12.937,12.937,415.036,415.036,6900.0
1.0111,11.636,11.636,414.521,414.521,6900.0
1.0112,10.289,10.289,413.99,413.99,6900.0
1.0113,8.514,8.514,413.438,413.438,6900.0
1.0114,6.786,6.786,412.858,412.858,6900.0
1.0115,5.38,5.38,412.257,412.257,6900.0
1.0116,3.656,3.656,411.639,411.639,6900.0
1.0117,2.171,2.171,411.007,411.007,6900.0
1.0118,1.312,1.312,410.366,410.366,6900.0
1.0119,1.438,1.438,409.72,409.72,6900.0
1.012,0.0,0.0,409.072,409.072,6900.0
1.0121,0.0,0.0,408.423,408.423,6900.0
1.0122,-1.913,-1.913,407.773,407.773,6900.0
1.0123,-2.121,-2.121,407.127,407.127,6900.0
1.0124,-3.289,-3.289,406.481,406.481,6900.0
1.0125,-4.674,-4.674,405.84,405.84,6900.0
1.0126,-5.932,-5.932,405.206,405.206,6900.0
1.0127,-7.586,-7.586,404.585,404.585,6900.0
1.0128,-8.642,-8.642,403.982,403.982,6900.0
1.0129,-9.92,-9.92,403.387,403.387,6900.0
1.013,-11.721,-11.721,402.81,402.81,6900.0
1.0131,-13.103,-13.103,402.263,402.263,6900.0
1.0132,-14.619,-14.619,401.755,401.755,6900.0
1.0133,-15.576,-15.576,401.285,401.285,6900.0
1.0134,-16.377,-16.377,400.829,400.829,6900.0
1.0135,-17.867,-17.867,400.387,400.387,6900.0
1.0136,-19.497,-19.497,399.984,399.984,6900.0
1.0137,-20.975,-20.975,399.636,399.636,6900.0
1.0138,-22.068,-22.068,399.336,399.336,6900.0
1.0139,-22.906,-22.906,399.06,399.06,6900.0
1.014,-24.245,-24.245,398.802,398.802,6900.0
1.0141,-25.523,-25.523,398.584,398.584,6900.0
1.0142,-26.785,-26.785,398.413,398.413,6900.0
1.0143,-27.87,-27.87,398.293,398.293,6900.0
1.0144,-28.857,-28.857,398.219,398.219,6900.0
1.0145,-29.836,-29.836,398.188,398.188,6900.0
1.0146,-31.029,-31.029,398.202,398.202,6900.0
1.0147,-31.923,-31.923,398.265,398.265,6900.0
1.0148,-33.076,-33.076,398.372,398.372,6900.0
1.0149,-34.064,-34.064,398.533,398.533,6900.0
1.015,-34.862,-34.862,398.746,398.746,6900.0
1.0151,-35.386,-35.386,398.995,398.995,6900.0
1.0152,-35.994,-35.994,399.262,399.262,6900.0
1.0153,-36.858,-36.858,399.556,399.556,6900.0
1.0154,-37.766,-37.766,399.887,399.887,6900.0
1.0155,-38.413,-38.413,400.273,400.273,6900.0
1.0156,-38.763,-38.763,400.694,400.694,6900.0
1.0157,-39.192,-39.192,401.123,401.123,6900.0
1.0158,-40.001,-40.001,401.582,401.582,6900.0
1.0159,-40.477,-40.477,402.081,402.081,6900.0
1.016,-40.965,-40.965,402.633,402.633,6900.0
1.0161,-40.969,-40.969,403.218,403.218,6900.0
1.0162,-41.105,-41.105,403.798,403.798,6900.0
1.0163,-41.265,-41.265,404.397,404.397,6900.0
1.0164,-41.47,-41.47,404.999,404.999,6900.0
1.0165,-41.7,-41.7,405.621,405.621,6900.0
1.0166,-41.706,-41.706,406.253,406.253,6900.0
1.0167,-41.737,-41.737,406.871,406.871,6900.0
1.0168,-41.666,-41.666,407.5,407.5,6900.0
1.0169,-41.44,-41.44,408.121,408.121,6900.0
1.017,-41.618,-41.618,408.736,408.736,6900.0
1.0171,-41.482,-41.482,409.371,409.371,6900.0
1.0172,-41.346,-41.346,409.995,409.995,6900.0
1.0173,-41.205,-41.205,410.631,410.631,6900.0
1.0174,-40.668,-40.668,411.257,411.257,6900.0
1.0175,-40.503,-40.503,411.852,411.852,6900.0
1.0176,-40.047,-40.047,412.444,412.444,6900.0
1.0177,-39.727,-39.727,413.009,413.009,6900.0
1.0178,-39.362,-39.362,413.564,413.564,6900.0
1.0179,-38.88,-38.88,414.091,414.091,6900.0
1.018,-38.541,-38.541,414.575,414.575,6900.0
1.0181,-37.848,-37.848,415.043,415.043,6900.0
1.0182,-37.386,-37.386,415.478,415.478,6900.0
1.0183,-36.815,-36.815,415.899,415.899,6900.0
1.0184,-36.09,-36.09,416.292,416.292,6900.0
1.0185,-35.497,-35.497,416.642,416.642,6900.0
1.0186,-34.874,-34.874,416.967,416.967,6900.0
1.0187,-34.213,-34.213,417.265,417.265,6900.0
1.0188,-33.587,-33.587,417.537,417.537,6900.0
1.0189,-32.651,-32.651,417.779,417.779,6900.0
1.019,-31.803,-31.803,417.977,417.977,6900.0
1.0191,-30.944,-30.944,418.132,418.132,6900.0
1.0192,-30.023,-30.023,418.246,418.246,6900.0
1.0193,-29.06,-29.06,418.318,418.318,6900.0
1.0194,-28.091,-28.091,418.348,418.348,6900.0
1.0195,-27.181,-27.181,418.343,418.343,6900.0
1.0196,-26.185,-26.185,418.301,418.301,6900.0
1.0197,-25.05,-25.05,418.213,418.213,6900.0
1.0198,-24.162,-24.162,418.078,418.078,6900.0
1.0199,-23.254,-23.254,417.913,417.913,6900.0
1.02,-22.478,-22.478,417.727,417.727,6900.0
1.0201,-21.142,-21.142,417.518,417.518,6900.0
1.0202,-19.639,-19.639,417.254,417.254,6900.0
1.0203,-18.756,-18.756,416.933,416.933,6900.0
1.0204,-17.928,-17.928,416.583,416.583,6900.0
1.0205,-17.121,-17.121,416.217,416.217,6900.0
1.0206,-15.862,-15.862,415.835,415.835,6900.0
1.0207,-14.409,-14.409,415.413,415.413,6900.0
1.0208,-13.516,-13.516,414.949,414.949,6900.0
1.0209,-12.479,-12.479,414.463,414.463,6900.0
1.021,-11.722,-11.722,413.955,413.955,6900.0
1.0211,-10.309,-10.309,413.433,413.433,6900.0
1.0212,-8.844,-8.844,412.883,412.883,6900.0
1.0213,-7.868,-7.868,412.306,412.306,6900.0
1.0214,-6.567,-6.567,411.714,411.714,6900.0
1.0215,-5.48,-5.48,411.106,411.106,6900.0
1.0216,-4.103,-4.103,410.486,410.486,6900.0
1.0217,-2.759,-2.759,409.854,409.854,6900.0
1.0218,-1.699,-1.699,409.213,409.213,6900.0
1.0219,-0.723,-0.723,408.566,408.566,6900.0
1.022,-0.0,-0.0,407.917,407.917,6900.0
1.0221,-0.0,-0.0,407.265,407.265,6900.0
1.0222,1.795,1.795,406.613,406.613,6900.0
1.0223,1.757,1.757,405.963,405.963,6900.0
1.0224,2.515,2.515,405.314,405.314,6900.0
1.0225,3.81,3.81,404.669,404.669,6900.0
1.0226,4.91,4.91,404.035,404.035,6900.0
1.0227,5.782,5.782,403.41,403.41,6900.0
1.0228,7.183,7.183,402.792,402.792,6900.0
1.0229,8.483,8.483,402.192,402.192,6900.0
1.023,9.897,9.897,401.61,401.61,6900.0
1.0231,10.886,10.886,401.058,401.058,6900.0
1.0232,11.729,11.729,400.52,400.52,6900.0
1.0233,13.108,13.108,399.99,399.99,6900.0
1.0234,14.725,14.725,399.488,399.488,6900.0
1.0235,16.208,16.208,399.026,399.026,6900.0
1.0236,17.545,17.545,398.615,398.615,6900.0
1.0237,18.303,18.303,398.239,398.239,6900.0
1.0238,19.263,19.263,397.877,397.877,6900.0
1.0239,20.507,20.507,397.541,397.541,6900.0
1.024,21.716,21.716,397.248,397.248,6900.0
1.0241,22.657,22.657,397.004,397.004,6900.0
1.0242,23.466,23.466,396.797,396.797,6900.0
1.0243,24.306,24.306,396.617,396.617,6900.0
1.0244,25.429,25.429,396.47,396.47,6900.0
1.0245,26.293,26.293,396.366,396.366,6900.0
1.0246,27.145,27.145,396.298,396.298,6900.0
1.0247,28.0,28.0,396.271,396.271,6900.0
1.0248,28.768,28.768,396.289,396.289,6900.0
1.0249,29.35,29.35,396.346,396.346,6900.0
1.025,30.053,30.053,396.429,396.429,6900.0
1.0251,30.92,30.92,396.54,396.54,6900.0
1.0252,31.753,31.753,396.692,396.692,6900.0
1.0253,32.741,32.741,396.889,396.889,6900.0
1.0254,33.25,33.25,397.135,397.135,6900.0
1.0255,33.611,33.611,397.402,397.402,6900.0
1.0256,34.209,34.209,397.681,397.681,6900.0
1.0257,34.687,34.687,397.995,397.995,6900.0
1.0258,35.423,35.423,398.341,398.341,6900.0
1.0259,35.811,35.811,398.735,398.735,6900.0
1.026,36.012,36.012,399.146,399.146,6900.0
1.0261,36.43,36.43,399.564,399.564,6900.0
1.0262,36.527,36.527,400.01,400.01,6900.0
1.0263,37.008,37.008,400.463,400.463,6900.0
1.0264,37.078,37.078,400.957,400.957,6900.0
1.0265,36.93,36.93,401.451,401.451,6900.0
1.0266,37.405,37.405,401.936,401.936,6900.0
1.0267,37.36,37.36,402.442,402.442,6900.0
1.0268,37.475,37.475,402.936,402.936,6900.0
1.0269,37.492,37.492,403.451,403.451,6900.0
1.027,37.261,37.261,403.963,403.963,6900.0
1.0271,37.49,37.49,404.468,404.468,6900.0
1.0272,37.294,37.294,404.986,404.986,6900.0
1.0273,37.146,37.146,405.482,405.482,6900.0
1.0274,37.095,37.095,405.983,405.983,6900.0
1.0275,36.695,36.695,406.477,406.477,6900.0
1.0276,36.565,36.565,406.96,406.96,6900.0
1.0277,36.024,36.024,407.438,407.438,6900.0
1.0278,35.632,35.632,407.876,407.876,6900.0
1.0279,35.398,35.398,408.294,408.294,6900.0
1.028,34.984,34.984,408.693,408.693,6900.0
1.0281,34.698,34.698,409.077,409.077,6900.0
1.0282,34.055,34.055,409.442,409.442,6900.0
1.0283,33.279,33.279,409.77,409.77,6900.0
1.0284,32.836,32.836,410.061,410.061,6900.0
1.0285,32.095,32.095,410.327,410.327,6900.0
1.0286,31.774,31.774,410.568,410.568,6900.0
1.0287,31.095,31.095,410.792,410.792,6900.0
1.0288,30.464,30.464,410.98,410.98,6900.0
1.0289,29.764,29.764,411.134,411.134,6900.0
1.029,28.864,28.864,411.255,411.255,6900.0
1.0291,28.254,28.254,411.339,411.339,6900.0
1.0292,27.356,27.356,411.393,411.393,6900.0
1.0293,26.707,26.707,411.409,411.409,6900.0
1.0294,25.803,25.803,411.395,411.395,6900.0
1.0295,24.81,24.81,411.34,411.34,6900.0
1.0296,23.915,23.915,411.235,411.235,6900.0
1.0297,23.073,23.073,411.092,411.092,6900.0
1.0298,22.43,22.43,410.923,410.923,6900.0
1.0299,21.604,21.604,410.736,410.736,6900.0
1.03,20.182,20.182,410.515,410.515,6900.0
1.0301,19.515,19.515,410.235,410.235,6900.0
1.0302,18.827,18.827,409.923,409.923,6900.0
1.0303,18.003,18.003,409.595,409.595,6900.0
1.0304,17.061,17.061,409.256,409.256,6900.0
1.0305,15.532,15.532,408.887,408.887,6900.0
1.0306,14.374,14.374,408.464,408.464,6900.0
1.0307,13.381,13.381,408.006,408.006,6900.0
1.0308,12.572,12.572,407.518,407.518,6900.0
1.0309,11.625,11.625,407.016,407.016,6900.0
1.031,10.199,10.199,406.49,406.49,6900.0
1.0311,9.092,9.092,405.931,405.931,6900.0
1.0312,8.138,8.138,405.354,405.354,6900.0
1.0313,7.007,7.007,404.759,404.759,6900.0
1.0314,5.873,5.873,404.152,404.152,6900.0
1.0315,4.563,4.563,403.532,403.532,6900.0
1.0316,3.33,3.33,402.897,402.897,6900.0
1.0317,2.159,2.159,402.252,402.252,6900.0
1.0318,1.067,1.067,401.597,401.597,6900.0
1.0319,0.323,0.323,400.938,400.938,6900.0
1.032,0.0,0.0,400.275,400.275,6900.0
1.0321,0.0,0.0,399.612,399.612,6900.0
1.0322,-2.325,-2.325,398.947,398.947,6900.0
1.0323,-2.16,-2.16,398.286,398.286,6900.0
1.0324,-3.213,-3.213,397.628,397.628,6900.0
1.0325,-4.001,-4.001,396.977,396.977,6900.0
1.0326,-5.015,-5.015,396.329,396.329,6900.0
1.0327,-6.55,-6.55,395.69,395.69,6900.0
1.0328,-7.641,-7.641,395.064,395.064,6900.0
1.0329,-8.949,-8.949,394.456,394.456,6900.0
1.033,-9.931,-9.931,393.867,393.867,6900.0
1.0331,-10.977,-10.977,393.287,393.287,6900.0
1.0332,-12.336,-12.336,392.724,392.724,6900.0
1.0333,-13.851,-13.851,392.19,392.19,6900.0
1.0334,-15.353,-15.353,391.702,391.702,6900.0
1.0335,-16.185,-16.185,391.259,391.259,6900.0
1.0336,-16.865,-16.865,390.829,390.829,6900.0
1.0337,-18.023,-18.023,390.415,390.415,6900.0
1.0338,-19.495,-19.495,390.034,390.034,6900.0
1.0339,-20.853,-20.853,389.705,389.705,6900.0
1.034,-21.795,-21.795,389.426,389.426,6900.0
1.0341,-22.614,-22.614,389.175,389.175,6900.0
1.0342,-23.573,-23.573,388.95,388.95,6900.0
1.0343,-24.583,-24.583,388.76,388.76,6900.0
1.0344,-25.823,-25.823,388.613,388.613,6900.0
1.0345,-26.759,-26.759,388.516,388.516,6900.0
1.0346,-27.644,-27.644,388.463,388.463,6900.0
1.0347,-28.367,-28.367,388.453,388.453,6900.0
1.0348,-29.368,-29.368,388.476,388.476,6900.0
1.0349,-30.18,-30.18,388.54,388.54,6900.0
1.035,-30.912,-30.912,388.643,388.643,6900.0
1.0351,-31.946,-31.946,388.784,388.784,6900.0
1.0352,-32.685,-32.685,388.98,388.98,6900.0
1.0353,-33.311,-33.311,389.208,389.208,6900.0
1.0354,-33.773,-33.773,389.459,389.459,6900.0
1.0355,-34.634,-34.634,389.735,389.735,6900.0
1.0356,-35.406,-35.406,390.049,390.049,6900.0
1.0357,-35.922,-35.922,390.415,390.415,6900.0
1.0358,-36.183,-36.183,390.812,390.812,6900.0
1.0359,-36.575,-36.575,391.215,391.215,6900.0
1.036,-37.047,-37.047,391.645,391.645,6900.0
1.0361,-37.594,-37.594,392.099,392.099,6900.0
1.0362,-38.025,-38.025,392.598,392.598,6900.0
1.0363,-38.272,-38.272,393.121,393.121,6900.0
1.0364,-38.458,-38.458,393.644,393.644,6900.0
1.0365,-38.753,-38.753,394.185,394.185,6900.0
1.0366,-38.805,-38.805,394.731,394.731,6900.0
1.0367,-38.939,-38.939,395.29,395.29,6900.0
1.0368,-38.939,-38.939,395.857,395.857,6900.0
1.0369,-39.142,-39.142,396.412,396.412,6900.0
1.037,-39.074,-39.074,396.989,396.989,6900.0
1.0371,-38.953,-38.953,397.555,397.555,6900.0
1.0372,-38.971,-38.971,398.117,398.117,6900.0
1.0373,-38.734,-38.734,398.686,398.686,6900.0
1.0374,-38.68,-38.68,399.241,399.241,6900.0
1.0375,-38.465,-38.465,399.805,399.805,6900.0
1.0376,-38.002,-38.002,400.351,400.351,6900.0
1.0377,-37.847,-37.847,400.863,400.863,6900.0
1.0378,-37.559,-37.559,401.367,401.367,6900.0
1.0379,-37.358,-37.358,401.847,401.847,6900.0
1.038,-36.872,-36.872,402.325,402.325,6900.0
1.0381,-36.339,-36.339,402.77,402.77,6900.0
1.0382,-35.937,-35.937,403.171,403.171,6900.0
1.0383,-35.527,-35.527,403.553,403.553,6900.0
1.0384,-35.199,-35.199,403.912,403.912,6900.0
1.0385,-34.505,-34.505,404.261,404.261,6900.0
1.0386,-33.884,-33.884,404.574,404.574,6900.0
1.0387,-33.137,-33.137,404.851,404.851,6900.0
1.0388,-32.597,-32.597,405.09,405.09,6900.0
1.0389,-32.102,-32.102,405.301,405.301,6900.0
1.039,-31.36,-31.36,405.487,405.487,6900.0
1.0391,-30.549,-30.549,405.64,405.64,6900.0
1.0392,-29.843,-29.843,405.752,405.752,6900.0
1.0393,-28.85,-28.85,405.826,405.826,6900.0
1.0394,-27.917,-27.917,405.852,405.852,6900.0
1.0395,-27.069,-27.069,405.832,405.832,6900.0
1.0396,-26.232,-26.232,405.777,405.777,6900.0
1.0397,-25.317,-25.317,405.695,405.695,6900.0
1.0398,-24.259,-24.259,405.58,405.58,6900.0
1.0399,-23.394,-23.394,405.416,405.416,6900.0
1.04,-22.517,-22.517,405.209,405.209,6900.0
1.0401,-21.722,-21.722,404.973,404.973,6900.0
1.0402,-20.972,-20.972,404.719,404.719,6900.0
1.0403,-19.725,-19.725,404.446,404.446,6900.0
1.0404,-18.124,-18.124,404.118,404.118,6900.0
1.0405,-17.227,-17.227,403.731,403.731,6900.0
1.0406,-16.388,-16.388,403.311,403.311,6900.0
1.0407,-15.739,-15.739,402.87,402.87,6900.0
1.0408,-14.46,-14.46,402.416,402.416,6900.0
1.0409,-12.995,-12.995,401.927,401.927,6900.0
1.041,-12.041,-12.041,401.404,401.404,6900.0
1.0411,-10.643,-10.643,400.863,400.863,6900.0
1.0412,-9.705,-9.705,400.3,400.3,6900.0
1.0413,-8.191,-8.191,399.724,399.724,6900.0
1.0414,-6.665,-6.665,399.124,399.124,6900.0
1.0415,-5.412,-5.412,398.501,398.501,6900.0
1.0416,-4.028,-4.028,397.863,397.863,6900.0
1.0417,-2.69,-2.69,397.211,397.211,6900.0
1.0418,-1.452,-1.452,396.549,396.549,6900.0
1.0419,-0.317,-0.317,395.881,395.881,6900.0
1.042,0.0,0.0,395.21,395.21,6900.0
1.0421,-0.0,-0.0,394.538,394.538,6900.0
1.0422,2.701,2.701,393.865,393.865,6900.0
1.0423,2.342,2.342,393.197,393.197,6900.0
1.0424,3.113,3.113,392.529,392.529,6900.0
1.0425,4.508,4.508,391.863,391.863,6900.0
1.0426,5.771,5.771,391.206,391.206,6900.0
1.0427,7.326,7.326,390.56,390.56,6900.0
1.0428,8.405,8.405,389.934,389.934,6900.0
1.0429,9.564,9.564,389.32,389.32,6900.0
1.043,10.912,10.912,388.719,388.719,6900.0
1.0431,12.527,12.527,388.143,388.143,6900.0
1.0432,14.211,14.211,387.601,387.601,6900.0
1.0433,15.389,15.389,387.107,387.107,6900.0
1.0434,16.167,16.167,386.638,386.638,6900.0
1.0435,17.362,17.362,386.177,386.177,6900.0
1.0436,18.836,18.836,385.744,385.744,6900.0
1.0437,20.325,20.325,385.358,385.358,6900.0
1.0438,21.497,21.497,385.03,385.03,6900.0
1.0439,22.289,22.289,384.741,384.741,6900.0
1.044,23.437,23.437,384.467,384.467,6900.0
1.0441,24.73,24.73,384.225,384.225,6900.0
1.0442,25.911,25.911,384.032,384.032,6900.0
1.0443,27.094,27.094,383.891,383.891,6900.0
1.0444,28.119,28.119,383.798,383.798,6900.0
1.0445,29.14,29.14,383.749,383.749,6900.0
1.0446,30.122,30.122,383.745,383.745,6900.0
1.0447,31.304,31.304,383.784,383.784,6900.0
1.0448,32.288,32.288,383.873,383.873,6900.0
1.0449,33.313,33.313,384.007,384.007,6900.0
1.045,34.246,34.246,384.197,384.197,6900.0
1.0451,35.098,35.098,384.433,384.433,6900.0
1.0452,35.789,35.789,384.704,384.704,6900.0
1.0453,36.84,36.84,384.997,384.997,6900.0
1.0454,37.545,37.545,385.341,385.341,6900.0
1.0455,38.474,38.474,385.73,385.73,6900.0
1.0456,38.986,38.986,386.171,386.171,6900.0
1.0457,39.585,39.585,386.633,386.633,6900.0
1.0458,40.233,40.233,387.117,387.117,6900.0
1.0459,40.678,40.678,387.642,387.642,6900.0
1.046,41.4,41.4,388.2,388.2,6900.0
1.0461,41.803,41.803,388.813,388.813,6900.0
1.0462,41.902,41.902,389.442,389.442,6900.0
1.0463,42.346,42.346,390.072,390.072,6900.0
1.0464,42.397,42.397,390.728,390.728,6900.0
1.0465,42.835,42.835,391.382,391.382,6900.0
1.0466,42.98,42.98,392.071,392.071,6900.0
1.0467,42.93,42.93,392.76,392.76,6900.0
1.0468,43.153,43.153,393.444,393.444,6900.0
1.0469,43.15,43.15,394.141,394.141,6900.0
1.047,43.189,43.189,394.828,394.828,6900.0
1.0471,43.323,43.323,395.532,395.532,6900.0
1.0472,43.018,43.018,396.239,396.239,6900.0
1.0473,43.021,43.021,396.936,396.936,6900.0
1.0474,42.704,42.704,397.638,397.638,6900.0
1.0475,42.382,42.382,398.31,398.31,6900.0
1.0476,42.295,42.295,398.973,398.973,6900.0
1.0477,41.958,41.958,399.618,399.618,6900.0
1.0478,41.83,41.83,400.25,400.25,6900.0
1.0479,41.401,41.401,400.873,400.873,6900.0
1.048,40.803,40.803,401.456,401.456,6900.0
1.0481,40.52,40.52,402.005,402.005,6900.0
1.0482,39.917,39.917,402.534,402.534,6900.0
1.0483,39.485,39.485,403.042,403.042,6900.0
1.0484,38.905,38.905,403.527,403.527,6900.0
1.0485,38.101,38.101,403.976,403.976,6900.0
1.0486,37.534,37.534,404.38,404.38,6900.0
1.0487,36.896,36.896,404.754,404.754,6900.0
1.0488,36.258,36.258,405.101,405.101,6900.0
1.0489,35.368,35.368,405.418,405.418,6900.0
1.049,34.586,34.586,405.689,405.689,6900.0
1.0491,33.672,33.672,405.919,405.919,6900.0
1.0492,32.794,32.794,406.105,406.105,6900.0
1.0493,31.867,31.867,406.245,406.245,6900.0
1.0494,31.022,31.022,406.344,406.344,6900.0
1.0495,30.126,30.126,406.406,406.406,6900.0
1.0496,29.05,29.05,406.437,406.437,6900.0
1.0497,27.862,27.862,406.418,406.418,6900.0
1.0498,26.886,26.886,406.34,406.34,6900.0
1.0499,26.048,26.048,406.22,406.22,6900.0
1.05,25.302,25.302,406.074,406.074,6900.0
1.0501,24.168,24.168,405.914,405.914,6900.0
1.0502,22.667,22.667,405.709,405.709,6900.0
1.0503,21.281,21.281,405.435,405.435,6900.0
1.0504,20.41,20.41,405.113,405.113,6900.0
1.0505,19.649,19.649,404.766,404.766,6900.0
1.0506,18.623,18.623,404.409,404.409,6900.0
1.0507,16.935,16.935,404.024,404.024,6900.0
1.0508,15.611,15.611,403.585,403.585,6900.0
1.0509,14.467,14.467,403.112,403.112,6900.0
1.051,13.199,13.199,402.611,402.611,6900.0
1.0511,12.043,12.043,402.091,402.091,6900.0
1.0512,10.483,10.483,401.547,401.547,6900.0
1.0513,8.935,8.935,400.971,400.971,6900.0
1.0514,7.605,7.605,400.371,400.371,6900.0
1.0515,6.191,6.191,399.752,399.752,6900.0
1.0516,4.763,4.763,399.119,399.119,6900.0
1.0517,3.276,3.276,398.473,398.473,6900.0
1.0518,1.86,1.86,397.815,397.815,6900.0
1.0519,0.607,0.607,397.151,397.151,6900.0
1.052,0.543,0.543,396.482,396.482,6900.0
1.0521,0.0,0.0,395.812,395.812,6900.0
1.0522,-1.754,-1.754,395.141,395.141,6900.0
1.0523,-2.799,-2.799,394.471,394.471,6900.0
1.0524,-3.601,-3.601,393.805,393.805,6900.0
1.0525,-4.747,-4.747,393.144,393.144,6900.0
1.0526,-6.22,-6.22,392.495,392.495,6900.0
1.0527,-7.327,-7.327,391.86,391.86,6900.0
1.0528,-8.734,-8.734,391.233,391.233,6900.0
1.0529,-10.336,-10.336,390.623,390.623,6900.0
1.053,-11.943,-11.943,390.036,390.036,6900.0
1.0531,-13.495,-13.495,389.482,389.482,6900.0
1.0532,-14.649,-14.649,388.96,388.96,6900.0
1.0533,-15.808,-15.808,388.451,388.451,6900.0
1.0534,-17.318,-17.318,387.961,387.961,6900.0
1.0535,-18.972,-18.972,387.51,387.51,6900.0
1.0536,-20.605,-20.605,387.116,387.116,6900.0
1.0537,-21.654,-21.654,386.78,386.78,6900.0
1.0538,-22.618,-22.618,386.468,386.468,6900.0
1.0539,-23.878,-23.878,386.178,386.178,6900.0
1.054,-25.244,-25.244,385.93,385.93,6900.0
1.0541,-26.574,-26.574,385.735,385.735,6900.0
1.0542,-27.709,-27.709,385.593,385.593,6900.0
1.0543,-28.732,-28.732,385.491,385.491,6900.0
1.0544,-30.029,-30.029,385.423,385.423,6900.0
1.0545,-31.151,-31.151,385.405,385.405,6900.0
1.0546,-32.277,-32.277,385.437,385.437,6900.0
1.0547,-33.484,-33.484,385.52,385.52,6900.0
1.0548,-34.505,-34.505,385.662,385.662,6900.0
1.0549,-35.435,-35.435,385.858,385.858,6900.0
1.055,-36.349,-36.349,386.098,386.098,6900.0
1.0551,-37.282,-37.282,386.374,386.374,6900.0
1.0552,-38.287,-38.287,386.693,386.693,6900.0
1.0553,-39.25,-39.25,387.059,387.059,6900.0
1.0554,-40.055,-40.055,387.483,387.483,6900.0
1.0555,-40.635,-40.635,387.948,387.948,6900.0
1.0556,-41.207,-41.207,388.429,388.429,6900.0
1.0557,-42.107,-42.107,388.941,388.941,6900.0
1.0558,-42.774,-42.774,389.494,389.494,6900.0
1.0559,-43.334,-43.334,390.104,390.104,6900.0
1.056,-43.705,-43.705,390.75,390.75,6900.0
1.0561,-44.066,-44.066,391.402,391.402,6900.0
1.0562,-44.436,-44.436,392.085,392.085,6900.0
1.0563,-44.797,-44.797,392.782,392.782,6900.0
1.0564,-45.206,-45.206,393.515,393.515,6900.0
1.0565,-45.187,-45.187,394.274,394.274,6900.0
1.0566,-45.334,-45.334,395.016,395.016,6900.0
1.0567,-45.389,-45.389,395.773,395.773,6900.0
1.0568,-45.25,-45.25,396.526,396.526,6900.0
1.0569,-45.487,-45.487,397.277,397.277,6900.0
1.057,-45.44,-45.44,398.044,398.044,6900.0
1.0571,-45.299,-45.299,398.801,398.801,6900.0
1.0572,-45.253,-45.253,399.567,399.567,6900.0
1.0573,-44.922,-44.922,400.325,400.325,6900.0
1.0574,-44.964,-44.964,401.059,401.059,6900.0
1.0575,-44.579,-44.579,401.804,401.804,6900.0
1.0576,-44.418,-44.418,402.522,402.522,6900.0
1.0577,-44.043,-44.043,403.242,403.242,6900.0
1.0578,-43.386,-43.386,403.936,403.936,6900.0
1.0579,-43.133,-43.133,404.581,404.581,6900.0
1.058,-42.646,-42.646,405.214,405.214,6900.0
1.0581,-42.353,-42.353,405.813,405.813,6900.0
1.0582,-41.701,-41.701,406.406,406.406,6900.0
1.0583,-41.049,-41.049,406.96,406.96,6900.0
1.0584,-40.388,-40.388,407.468,407.468,6900.0
1.0585,-39.756,-39.756,407.944,407.944,6900.0
1.0586,-39.217,-39.217,408.389,408.389,6900.0
1.0587,-38.457,-38.457,408.814,408.814,6900.0
1.0588,-37.558,-37.558,409.203,409.203,6900.0
1.0589,-36.73,-36.73,409.543,409.543,6900.0
1.059,-35.796,-35.796,409.844,409.844,6900.0
1.0591,-34.88,-34.88,410.102,410.102,6900.0
1.0592,-33.911,-33.911,410.319,410.319,6900.0
1.0593,-32.955,-32.955,410.493,410.493,6900.0
1.0594,-31.93,-31.93,410.628,410.628,6900.0
1.0595,-30.81,-30.81,410.717,410.717,6900.0
1.0596,-29.893,-29.893,410.75,410.75,6900.0
1.0597,-28.838,-28.838,410.734,410.734,6900.0
1.0598,-27.945,-27.945,410.679,410.679,6900.0
1.0599,-27.077,-27.077,410.597,410.597,6900.0
1.06,-25.679,-25.679,410.489,410.489,6900.0
1.0601,-24.308,-24.308,410.319,410.319,6900.0
1.0602,-23.331,-23.331,410.092,410.092,6900.0
1.0603,-22.404,-22.404,409.834,409.834,6900.0
1.0604,-21.551,-21.551,409.56,409.56,6900.0
1.0605,-19.959,-19.959,409.271,409.271,6900.0
1.0606,-18.261,-18.261,408.928,408.928,6900.0
1.0607,-17.145,-17.145,408.527,408.527,6900.0
1.0608,-15.799,-15.799,408.092,408.092,6900.0
1.0609,-14.823,-14.823,407.625,407.625,6900.0
1.061,-13.415,-13.415,407.139,407.139,6900.0
1.0611,-11.891,-11.891,406.619,406.619,6900.0
1.0612,-10.668,-10.668,406.065,406.065,6900.0
1.0613,-9.257,-9.257,405.492,405.492,6900.0
1.0614,-7.998,-7.998,404.901,404.901,6900.0
1.0615,-6.432,-6.432,404.296,404.296,6900.0
1.0616,-4.739,-4.739,403.674,403.674,6900.0
1.0617,-3.349,-3.349,403.036,403.036,6900.0
1.0618,-1.892,-1.892,402.388,402.388,6900.0
1.0619,-0.63,-0.63,401.731,401.731,6900.0
1.062,-0.721,-0.721,401.071,401.071,6900.0
1.0621,0.124,0.124,400.408,400.408,6900.0
1.0622,1.85,1.85,399.745,399.745,6900.0
1.0623,2.403,2.403,399.084,399.084,6900.0
1.0624,3.659,3.659,398.427,398.427,6900.0
1.0625,4.751,4.751,397.778,397.778,6900.0
1.0626,5.822,5.822,397.137,397.137,6900.0
1.0627,7.334,7.334,396.502,396.502,6900.0
1.0628,8.664,8.664,395.883,395.883,6900.0
1.0629,10.431,10.431,395.279,395.279,6900.0
1.063,11.833,11.833,394.703,394.703,6900.0
1.0631,12.872,12.872,394.146,394.146,6900.0
1.0632,14.358,14.358,393.599,393.599,6900.0
1.0633,16.007,16.007,393.082,393.082,6900.0
1.0634,17.707,17.707,392.608,392.608,6900.0
1.0635,19.076,19.076,392.194,392.194,6900.0
1.0636,19.934,19.934,391.815,391.815,6900.0
1.0637,21.033,21.033,391.449,391.449,6900.0
1.0638,22.451,22.451,391.113,391.113,6900.0
1.0639,23.915,23.915,390.825,390.825,6900.0
1.064,25.153,25.153,390.598,390.598,6900.0
1.0641,26.077,26.077,390.415,390.415,6900.0
1.0642,27.164,27.164,390.257,390.257,6900.0
1.0643,28.435,28.435,390.136,390.136,6900.0
1.0644,29.677,29.677,390.062,390.062,6900.0
1.0645,30.794,30.794,390.042,390.042,6900.0
1.0646,31.835,31.835,390.073,390.073,6900.0
1.0647,32.823,32.823,390.155,390.155,6900.0
1.0648,33.858,33.858,390.282,390.282,6900.0
1.0649,34.824,34.824,390.453,390.453,6900.0
1.065,35.881,35.881,390.663,390.663,6900.0
1.0651,36.656,36.656,390.924,390.924,6900.0
1.0652,37.747,37.747,391.233,391.233,6900.0
1.0653,38.384,38.384,391.598,391.598,6900.0
1.0654,39.05,39.05,391.987,391.987,6900.0
1.0655,39.827,39.827,392.399,392.399,6900.0
1.0656,40.386,40.386,392.854,392.854,6900.0
1.0657,41.235,41.235,393.35,393.35,6900.0
1.0658,41.671,41.671,393.899,393.899,6900.0
1.0659,42.085,42.085,394.466,394.466,6900.0
1.066,42.615,42.615,395.048,395.048,6900.0
1.0661,42.934,42.934,395.665,395.665,6900.0
1.0662,43.508,43.508,396.3,396.3,6900.0
1.0663,43.724,43.724,396.984,396.984,6900.0
1.0664,43.793,43.793,397.674,397.674,6900.0
1.0665,44.15,44.15,398.361,398.361,6900.0
1.0666,44.168,44.168,399.071,399.071,6900.0
1.0667,44.384,44.384,399.774,399.774,6900.0
1.0668,44.41,44.41,400.506,400.506,6900.0
1.0669,44.115,44.115,401.233,401.233,6900.0
1.067,44.167,44.167,401.95,401.95,6900.0
1.0671,44.0,44.0,402.674,402.674,6900.0
1.0672,43.89,43.89,403.379,403.379,6900.0
1.0673,43.822,43.822,404.091,404.091,6900.0
1.0674,43.38,43.38,404.796,404.796,6900.0
1.0675,43.317,43.317,405.487,405.487,6900.0
1.0676,42.873,42.873,406.176,406.176,6900.0
1.0677,42.451,42.451,406.827,406.827,6900.0
1.0678,42.176,42.176,407.458,407.458,6900.0
1.0679,41.596,41.596,408.068,408.068,6900.0
1.068,41.346,41.346,408.655,408.655,6900.0
1.0681,40.841,40.841,409.228,409.228,6900.0
1.0682,40.01,40.01,409.765,409.765,6900.0
1.0683,39.636,39.636,410.258,410.258,6900.0
1.0684,38.972,38.972,410.728,410.728,6900.0
1.0685,38.404,38.404,411.176,411.176,6900.0
1.0686,37.565,37.565,411.597,411.597,6900.0
1.0687,36.739,36.739,411.976,411.976,6900.0
1.0688,35.966,35.966,412.309,412.309,6900.0
1.0689,35.175,35.175,412.604,412.604,6900.0
1.069,34.314,34.314,412.864,412.864,6900.0
1.0691,33.599,33.599,413.085,413.085,6900.0
1.0692,32.705,32.705,413.269,413.269,6900.0
1.0693,31.587,31.587,413.416,413.416,6900.0
1.0694,30.666,30.666,413.51,413.51,6900.0
1.0695,29.625,29.625,413.557,413.557,6900.0
1.0696,28.769,28.769,413.56,413.56,6900.0
1.0697,27.825,27.825,413.533,413.533,6900.0
1.0698,26.81,26.81,413.476,413.476,6900.0
1.0699,25.523,25.523,413.378,413.378,6900.0
1.07,24.413,24.413,413.22,413.22,6900.0
1.0701,23.449,23.449,413.021,413.021,6900.0
1.0702,22.604,22.604,412.795,412.795,6900.0
1.0703,21.576,21.576,412.556,412.556,6900.0
1.0704,19.987,19.987,412.278,412.278,6900.0
1.0705,18.584,18.584,411.935,411.935,6900.0
1.0706,17.587,17.587,411.546,411.546,6900.0
1.0707,16.629,16.629,411.127,411.127,6900.0
1.0708,15.612,15.612,410.693,410.693,6900.0
1.0709,14.103,14.103,410.233,410.233,6900.0
1.071,12.609,12.609,409.735,409.735,6900.0
1.0711,11.536,11.536,409.21,409.21,6900.0
1.0712,10.305,10.305,408.664,408.664,6900.0
1.0713,8.968,8.968,408.105,408.105,6900.0
1.0714,7.303,7.303,407.525,407.525,6900.0
1.0715,5.68,5.68,406.922,406.922,6900.0
1.0716,4.366,4.366,406.3,406.3,6900.0
1.0717,2.928,2.928,405.664,405.664,6900.0
1.0718,1.616,1.616,405.018,405.018,6900.0
1.0719,0.557,0.557,404.364,404.364,6900.0
1.072,0.0,0.0,403.708,403.708,6900.0
1.0721,0.0,0.0,403.05,403.05,6900.0
1.0722,-2.189,-2.189,402.391,402.391,6900.0
1.0723,-2.228,-2.228,401.736,401.736,6900.0
1.0724,-3.127,-3.127,401.082,401.082,6900.0
1.0725,-4.283,-4.283,400.432,400.432,6900.0
1.0726,-5.659,-5.659,399.788,399.788,6900.0
1.0727,-6.967,-6.967,399.153,399.153,6900.0
1.0728,-8.511,-8.511,398.536,398.536,6900.0
1.0729,-9.555,-9.555,397.938,397.938,6900.0
1.073,-10.8,-10.8,397.35,397.35,6900.0
1.0731,-12.497,-12.497,396.781,396.781,6900.0
1.0732,-13.914,-13.914,396.244,396.244,6900.0
1.0733,-15.473,-15.473,395.748,395.748,6900.0
1.0734,-16.373,-16.373,395.295,395.295,6900.0
1.0735,-17.368,-17.368,394.854,394.854,6900.0
1.0736,-18.667,-18.667,394.432,394.432,6900.0
1.0737,-20.238,-20.238,394.046,394.046,6900.0
1.0738,-21.584,-21.584,393.716,393.716,6900.0
1.0739,-22.556,-22.556,393.435,393.435,6900.0
1.074,-23.224,-23.224,393.179,393.179,6900.0
1.0741,-24.467,-24.467,392.94,392.94,6900.0
1.0742,-25.778,-25.778,392.741,392.741,6900.0
1.0743,-26.945,-26.945,392.593,392.593,6900.0
1.0744,-27.9,-27.9,392.495,392.495,6900.0
1.0745,-28.94,-28.94,392.44,392.44,6900.0
1.0746,-29.919,-29.919,392.43,392.43,6900.0
1.0747,-30.833,-30.833,392.465,392.465,6900.0
1.0748,-31.887,-31.887,392.542,392.542,6900.0
1.0749,-32.789,-32.789,392.665,392.665,6900.0
1.075,-33.744,-33.744,392.835,392.835,6900.0
1.0751,-34.479,-34.479,393.055,393.055,6900.0
1.0752,-35.216,-35.216,393.308,393.308,6900.0
1.0753,-35.826,-35.826,393.587,393.587,6900.0
1.0754,-36.808,-36.808,393.895,393.895,6900.0
1.0755,-37.722,-37.722,394.243,394.243,6900.0
1.0756,-38.323,-38.323,394.65,394.65,6900.0
1.0757,-38.724,-38.724,395.09,395.09,6900.0
1.0758,-39.143,-39.143,395.543,395.543,6900.0
1.0759,-39.642,-39.642,396.025,396.025,6900.0
1.076,-40.238,-40.238,396.534,396.534,6900.0
1.0761,-40.655,-40.655,397.095,397.095,6900.0
1.0762,-40.819,-40.819,397.685,397.685,6900.0
1.0763,-41.023,-41.023,398.272,398.272,6900.0
1.0764,-41.31,-41.31,398.877,398.877,6900.0
1.0765,-41.396,-41.396,399.488,399.488,6900.0
1.0766,-41.54,-41.54,400.115,400.115,6900.0
1.0767,-41.475,-41.475,400.754,400.754,6900.0
1.0768,-41.589,-41.589,401.375,401.375,6900.0
1.0769,-41.542,-41.542,402.013,402.013,6900.0
1.077,-41.479,-41.479,402.642,402.642,6900.0
1.0771,-41.521,-41.521,403.271,403.271,6900.0
1.0772,-41.358,-41.358,403.913,403.913,6900.0
1.0773,-41.232,-41.232,404.543,404.543,6900.0
1.0774,-41.051,-41.051,405.181,405.181,6900.0
1.0775,-40.688,-40.688,405.805,405.805,6900.0
1.0776,-40.518,-40.518,406.4,406.4,6900.0
1.0777,-39.943,-39.943,406.99,406.99,6900.0
1.0778,-39.78,-39.78,407.545,407.545,6900.0
1.0779,-39.306,-39.306,408.097,408.097,6900.0
1.078,-38.809,-38.809,408.618,408.618,6900.0
1.0781,-38.287,-38.287,409.097,409.097,6900.0
1.0782,-37.866,-37.866,409.553,409.553,6900.0
1.0783,-37.603,-37.603,409.984,409.984,6900.0
1.0784,-37.036,-37.036,410.409,410.409,6900.0
1.0785,-36.22,-36.22,410.806,410.806,6900.0
1.0786,-35.52,-35.52,411.156,411.156,6900.0
1.0787,-34.931,-34.931,411.475,411.475,6900.0
1.0788,-34.156,-34.156,411.765,411.765,6900.0
1.0789,-33.296,-33.296,412.023,412.023,6900.0
1.079,-32.525,-32.525,412.243,412.243,6900.0
1.0791,-31.754,-31.754,412.42,412.42,6900.0
1.0792,-30.848,-30.848,412.558,412.558,6900.0
1.0793,-30.014,-30.014,412.653,412.653,6900.0
1.0794,-29.003,-29.003,412.707,412.707,6900.0
1.0795,-28.195,-28.195,412.722,412.722,6900.0
1.0796,-27.329,-27.329,412.706,412.706,6900.0
1.0797,-26.175,-26.175,412.655,412.655,6900.0
1.0798,-24.993,-24.993,412.553,412.553,6900.0
1.0799,-24.095,-24.095,412.401,412.401,6900.0
1.08,-23.433,-23.433,412.216,412.216,6900.0
1.0801,-22.65,-22.65,412.015,412.015,6900.0
1.0802,-21.323,-21.323,411.792,411.792,6900.0
1.0803,-19.729,-19.729,411.514,411.514,6900.0
1.0804,-18.821,-18.821,411.176,411.176,6900.0
1.0805,-18.028,-18.028,410.807,410.807,6900.0
1.0806,-17.221,-17.221,410.422,410.422,6900.0
1.0807,-15.935,-15.935,410.022,410.022,6900.0
1.0808,-14.362,-14.362,409.584,409.584,6900.0
1.0809,-13.372,-13.372,409.103,409.103,6900.0
1.081,-12.109,-12.109,408.6,408.6,6900.0
1.0811,-11.068,-11.068,408.073,408.073,6900.0
1.0812,-9.637,-9.637,407.529,407.529,6900.0
1.0813,-8.12,-8.12,406.959,406.959,6900.0
1.0814,-6.881,-6.881,406.364,406.364,6900.0
1.0815,-5.386,-5.386,405.752,405.752,6900.0
1.0816,-4.188,-4.188,405.123,405.123,6900.0
1.0817,-2.87,-2.87,404.484,404.484,6900.0
1.0818,-1.539,-1.539,403.836,403.836,6900.0
1.0819,-0.608,-0.608,403.18,403.18,6900.0
1.082,-0.0,-0.0,402.522,402.522,6900.0
1.0821,-0.0,-0.0,401.862,401.862,6900.0
1.0822,1.942,1.942,401.201,401.201,6900.0
1.0823,1.971,1.971,400.542,400.542,6900.0
1.0824,3.296,3.296,399.883,399.883,6900.0
1.0825,4.227,4.227,399.231,399.231,6900.0
1.0826,5.604,5.604,398.586,398.586,6900.0
1.0827,6.722,6.722,397.956,397.956,6900.0
1.0828,7.771,7.771,397.337,397.337,6900.0
1.0829,9.127,9.127,396.727,396.727,6900.0
1.083,10.517,10.517,396.138,396.138,6900.0
1.0831,12.032,12.032,395.573,395.573,6900.0
1.0832,13.323,13.323,395.043,395.043,6900.0
1.0833,14.213,14.213,394.536,394.536,6900.0
1.0834,15.511,15.511,394.039,394.039,6900.0
1.0835,16.85,16.85,393.572,393.572,6900.0
1.0836,18.34,18.34,393.147,393.147,6900.0
1.0837,19.533,19.533,392.78,392.78,6900.0
1.0838,20.363,20.363,392.447,392.447,6900.0
1.0839,21.269,21.269,392.129,392.129,6900.0
1.084,22.448,22.448,391.837,391.837,6900.0
1.0841,23.684,23.684,391.587,391.587,6900.0
1.0842,24.793,24.793,391.387,391.387,6900.0
1.0843,25.707,25.707,391.228,391.228,6900.0
1.0844,26.72,26.72,391.1,391.1,6900.0
1.0845,27.729,27.729,391.012,391.012,6900.0
1.0846,28.74,28.74,390.967,390.967,6900.0
1.0847,29.804,29.804,390.968,390.968,6900.0
1.0848,30.698,30.698,391.02,391.02,6900.0
1.0849,31.614,31.614,391.123,391.123,6900.0
1.085,32.539,32.539,391.27,391.27,6900.0
1.0851,33.3,33.3,391.454,391.454,6900.0
1.0852,34.199,34.199,391.665,391.665,6900.0
1.0853,34.835,34.835,391.918,391.918,6900.0
1.0854,35.624,35.624,392.211,392.211,6900.0
1.0855,36.339,36.339,392.545,392.545,6900.0
1.0856,36.836,36.836,392.906,392.906,6900.0
1.0857,37.586,37.586,393.283,393.283,6900.0
1.0858,37.99,37.99,393.703,393.703,6900.0
1.0859,38.839,38.839,394.157,394.157,6900.0
1.086,39.096,39.096,394.669,394.669,6900.0
1.0861,39.227,39.227,395.196,395.196,6900.0
1.0862,39.7,39.7,395.727,395.727,6900.0
1.0863,39.83,39.83,396.288,396.288,6900.0
1.0864,40.344,40.344,396.855,396.855,6900.0
1.0865,40.389,40.389,397.458,397.458,6900.0
1.0866,40.201,40.201,398.058,398.058,6900.0
1.0867,40.447,40.447,398.644,398.644,6900.0
1.0868,40.394,40.394,399.242,399.242,6900.0
1.0869,40.51,40.51,399.829,399.829,6900.0
1.087,40.576,40.576,400.438,400.438,6900.0
1.0871,40.275,40.275,401.046,401.046,6900.0
1.0872,40.367,40.367,401.648,401.648,6900.0
1.0873,40.247,40.247,402.26,402.26,6900.0
1.0874,39.99,39.99,402.855,402.855,6900.0
1.0875,39.932,39.932,403.446,403.446,6900.0
1.0876,39.58,39.58,404.027,404.027,6900.0
1.0877,39.327,39.327,404.596,404.596,6900.0
1.0878,39.026,39.026,405.151,405.151,6900.0
1.0879,38.513,38.513,405.671,405.671,6900.0
1.088,38.16,38.16,406.162,406.162,6900.0
1.0881,37.761,37.761,406.628,406.628,6900.0
1.0882,37.339,37.339,407.08,407.08,6900.0
1.0883,36.827,36.827,407.512,407.512,6900.0
1.0884,36.126,36.126,407.91,407.91,6900.0
1.0885,35.595,35.595,408.27,408.27,6900.0
1.0886,34.924,34.924,408.604,408.604,6900.0
1.0887,34.44,34.44,408.913,408.913,6900.0
1.0888,33.65,33.65,409.201,409.201,6900.0
1.0889,32.888,32.888,409.446,409.446,6900.0
1.089,32.146,32.146,409.651,409.651,6900.0
1.0891,31.363,31.363,409.818,409.818,6900.0
1.0892,30.518,30.518,409.948,409.948,6900.0
1.0893,29.656,29.656,410.039,410.039,6900.0
1.0894,28.842,28.842,410.093,410.093,6900.0
1.0895,27.745,27.745,410.114,410.114,6900.0
1.0896,26.769,26.769,410.086,410.086,6900.0
1.0897,25.876,25.876,410.008,410.008,6900.0
1.0898,25.03,25.03,409.893,409.893,6900.0
1.0899,24.234,24.234,409.749,409.749,6900.0
1.09,23.222,23.222,409.587,409.587,6900.0
1.0901,21.968,21.968,409.384,409.384,6900.0
1.0902,20.771,20.771,409.122,409.122,6900.0
1.0903,19.994,19.994,408.817,408.817,6900.0
1.0904,19.399,19.399,408.492,408.492,6900.0
1.0905,18.307,18.307,408.162,408.162,6900.0
1.0906,16.772,16.772,407.799,407.799,6900.0
1.0907,15.53,15.53,407.381,407.381,6900.0
1.0908,14.426,14.426,406.928,406.928,6900.0
1.0909,13.328,13.328,406.442,406.442,6900.0
1.091,12.25,12.25,405.938,405.938,6900.0
1.0911,10.809,10.809,405.408,405.408,6900.0
1.0912,9.47,9.47,404.846,404.846,6900.0
1.0913,8.434,8.434,404.263,404.263,6900.0
1.0914,7.117,7.117,403.662,403.662,6900.0
1.0915,5.881,5.881,403.049,403.049,6900.0
1.0916,4.43,4.43,402.422,402.422,6900.0
1.0917,2.934,2.934,401.781,401.781,6900.0
1.0918,1.698,1.698,401.129,401.129,6900.0
1.0919,0.601,0.601,400.47,400.47,6900.0
1.092,0.797,0.797,399.807,399.807,6900.0
1.0921,-0.08,-0.08,399.143,399.143,6900.0
1.0922,-1.467,-1.467,398.477,398.477,6900.0
1.0923,-2.763,-2.763,397.814,397.814,6900.0
1.0924,-3.235,-3.235,397.154,397.154,6900.0
1.0925,-4.419,-4.419,396.501,396.501,6900.0
1.0926,-5.371,-5.371,395.856,395.856,6900.0
1.0927,-6.59,-6.59,395.218,395.218,6900.0
1.0928,-8.007,-8.007,394.592,394.592,6900.0
1.0929,-9.271,-9.271,393.981,393.981,6900.0
1.093,-10.809,-10.809,393.392,393.392,6900.0
1.0931,-11.876,-11.876,392.828,392.828,6900.0
1.0932,-13.02,-13.02,392.275,392.275,6900.0
1.0933,-14.697,-14.697,391.739,391.739,6900.0
1.0934,-16.065,-16.065,391.242,391.242,6900.0
1.0935,-17.556,-17.556,390.791,390.791,6900.0
1.0936,-18.369,-18.369,390.391,390.391,6900.0
1.0937,-19.155,-19.155,390.007,390.007,6900.0
1.0938,-20.424,-20.424,389.641,389.641,6900.0
1.0939,-21.854,-21.854,389.313,389.313,6900.0
1.094,-23.103,-23.103,389.04,389.04,6900.0
1.0941,-24.044,-24.044,388.816,388.816,6900.0
1.0942,-25.034,-25.034,388.623,388.623,6900.0
1.0943,-26.028,-26.028,388.462,388.462,6900.0
1.0944,-27.159,-27.159,388.339,388.339,6900.0
1.0945,-28.251,-28.251,388.261,388.261,6900.0
1.0946,-29.431,-29.431,388.23,388.23,6900.0
1.0947,-30.35,-30.35,388.251,388.251,6900.0
1.0948,-31.212,-31.212,388.318,388.318,6900.0
1.0949,-32.172,-32.172,388.426,388.426,6900.0
1.095,-33.049,-33.049,388.572,388.572,6900.0
1.0951,-33.97,-33.97,388.761,388.761,6900.0
1.0952,-34.846,-34.846,388.994,388.994,6900.0
1.0953,-35.753,-35.753,389.278,389.278,6900.0
1.0954,-36.325,-36.325,389.604,389.604,6900.0
1.0955,-36.886,-36.886,389.949,389.949,6900.0
1.0956,-37.622,-37.622,390.326,390.326,6900.0
1.0957,-38.412,-38.412,390.735,390.735,6900.0
1.0958,-38.891,-38.891,391.203,391.203,6900.0
1.0959,-39.314,-39.314,391.698,391.698,6900.0
1.096,-39.76,-39.76,392.202,392.202,6900.0
1.0961,-40.33,-40.33,392.736,392.736,6900.0
1.0962,-40.647,-40.647,393.293,393.293,6900.0
1.0963,-41.031,-41.031,393.888,393.888,6900.0
1.0964,-40.994,-40.994,394.508,394.508,6900.0
1.0965,-41.105,-41.105,395.116,395.116,6900.0
1.0966,-41.29,-41.29,395.74,395.74,6900.0
1.0967,-41.238,-41.238,396.366,396.366,6900.0
1.0968,-41.535,-41.535,396.999,396.999,6900.0
1.0969,-41.522,-41.522,397.649,397.649,6900.0
1.097,-41.533,-41.533,398.286,398.286,6900.0
1.0971,-41.584,-41.584,398.935,398.935,6900.0
1.0972,-41.339,-41.339,399.576,399.576,6900.0
1.0973,-41.421,-41.421,400.203,400.203,6900.0
1.0974,-41.114,-41.114,400.843,400.843,6900.0
1.0975,-40.929,-40.929,401.461,401.461,6900.0
1.0976,-40.685,-40.685,402.086,402.086,6900.0
1.0977,-40.164,-40.164,402.69,402.69,6900.0
1.0978,-40.104,-40.104,403.254,403.254,6900.0
1.0979,-39.725,-39.725,403.814,403.814,6900.0
1.098,-39.38,-39.38,404.347,404.347,6900.0
1.0981,-38.856,-38.856,404.869,404.869,6900.0
1.0982,-38.286,-38.286,405.358,405.358,6900.0
1.0983,-37.839,-37.839,405.804,405.804,6900.0
1.0984,-37.228,-37.228,406.23,406.23,6900.0
1.0985,-36.735,-36.735,406.624,406.624,6900.0
1.0986,-36.141,-36.141,407.001,407.001,6900.0
1.0987,-35.424,-35.424,407.348,407.348,6900.0
1.0988,-34.688,-34.688,407.652,407.652,6900.0
1.0989,-33.893,-33.893,407.919,407.919,6900.0
1.099,-33.215,-33.215,408.149,408.149,6900.0
1.0991,-32.428,-32.428,408.346,408.346,6900.0
1.0992,-31.515,-31.515,408.506,408.506,6900.0
1.0993,-30.583,-30.583,408.625,408.625,6900.0
1.0994,-29.694,-29.694,408.701,408.701,6900.0
1.0995,-28.681,-28.681,408.732,408.732,6900.0
1.0996,-27.735,-27.735,408.716,408.716,6900.0
1.0997,-26.855,-26.855,408.662,408.662,6900.0
1.0998,-26.106,-26.106,408.579,408.579,6900.0
1.0999,-25.079,-25.079,408.468,408.468,6900.0
1.1,-23.791,-23.791,408.309,408.309,6900.0
1.1001,-22.876,-22.876,408.095,408.095,6900.0
1.1002,-21.998,-21.998,407.852,407.852,6900.0
1.1003,-21.174,-21.174,407.59,407.59,6900.0
1.1004,-19.771,-19.771,407.31,407.31,6900.0
1.1005,-18.138,-18.138,406.974,406.974,6900.0
1.1006,-17.231,-17.231,406.578,406.578,6900.0
1.1007,-16.156,-16.156,406.152,406.152,6900.0
1.1008,-15.317,-15.317,405.7,405.7,6900.0
1.1009,-13.915,-13.915,405.232,405.232,6900.0
1.101,-12.483,-12.483,404.73,404.73,6900.0
1.1011,-11.381,-11.381,404.195,404.195,6900.0
1.1012,-10.088,-10.088,403.641,403.641,6900.0
1.1013,-9.009,-9.009,403.067,403.067,6900.0
1.1014,-7.536,-7.536,402.481,402.481,6900.0
1.1015,-5.979,-5.979,401.874,401.874,6900.0
1.1016,-4.508,-4.508,401.246,401.246,6900.0
1.1017,-3.0,-3.0,400.604,400.604,6900.0
1.1018,-1.765,-1.765,399.95,399.95,6900.0
1.1019,-0.616,-0.616,399.289,399.289,6900.0
1.102,-0.0,-0.0,398.625,398.625,6900.0
1.1021,-0.0,-0.0,397.958,397.958,6900.0
1.1022,2.351,2.351,397.29,397.29,6900.0
1.1023,2.185,2.185,396.627,396.627,6900.0
1.1024,3.175,3.175,395.965,395.965,6900.0
1.1025,4.259,4.259,395.307,395.307,6900.0
1.1026,5.497,5.497,394.654,394.654,6900.0
1.1027,6.804,6.804,394.011,394.011,6900.0
1.1028,8.446,8.446,393.381,393.381,6900.0
1.1029,9.661,9.661,392.773,392.773,6900.0
1.103,10.707,10.707,392.181,392.181,6900.0
1.1031,12.373,12.373,391.6,391.6,6900.0
1.1032,13.913,13.913,391.05,391.05,6900.0
1.1033,15.407,15.407,390.536,390.536,6900.0
1.1034,16.661,16.661,390.072,390.072,6900.0
1.1035,17.449,17.449,389.639,389.639,6900.0
1.1036,18.598,18.598,389.215,389.215,6900.0
1.1037,20.163,20.163,388.819,388.819,6900.0
1.1038,21.975,21.62,388.473,388.473,6900.0
1.1039,22.764,22.764,388.186,388.186,6900.0
1.104,23.647,23.647,387.936,387.936,6900.0
1.1041,24.672,24.672,387.705,387.705,6900.0
1.1042,25.957,25.957,387.505,387.505,6900.0
1.1043,27.149,27.149,387.353,387.353,6900.0
1.1044,28.273,28.273,387.251,387.251,6900.0
1.1045,29.365,29.365,387.2,387.2,6900.0
1.1046,30.372,30.372,387.196,387.196,6900.0
1.1047,31.358,31.358,387.238,387.238,6900.0
1.1048,32.415,32.415,387.325,387.325,6900.0
1.1049,33.359,33.359,387.46,387.46,6900.0
1.105,34.337,34.337,387.64,387.64,6900.0
1.1051,35.326,35.326,387.875,387.875,6900.0
1.1052,35.993,35.993,388.157,388.157,6900.0
1.1053,36.68,36.68,388.466,388.466,6900.0
1.1054,37.49,37.49,388.796,388.796,6900.0
1.1055,38.14,38.14,389.168,389.168,6900.0
1.1056,39.115,39.115,389.581,389.581,6900.0
1.1057,39.608,39.608,390.049,390.049,6900.0
1.1058,40.043,40.043,390.539,390.539,6900.0
1.1059,40.71,40.71,391.044,391.044,6900.0
1.106,41.203,41.203,391.591,391.591,6900.0
1.1061,41.9,41.9,392.171,392.171,6900.0
1.1062,42.139,42.139,392.806,392.806,6900.0
1.1063,42.18,42.18,393.453,393.453,6900.0
1.1064,42.53,42.53,394.098,394.098,6900.0
1.1065,42.589,42.589,394.762,394.762,6900.0
1.1066,42.88,42.88,395.423,395.423,6900.0
1.1067,43.023,43.023,396.111,396.111,6900.0
1.1068,42.912,42.912,396.794,396.794,6900.0
1.1069,43.138,43.138,397.469,397.469,6900.0
1.107,42.964,42.964,398.159,398.159,6900.0
1.1071,42.829,42.829,398.831,398.831,6900.0
1.1072,42.969,42.969,399.514,399.514,6900.0
1.1073,42.547,42.547,400.202,400.202,6900.0
1.1074,42.545,42.545,400.879,400.879,6900.0
1.1075,42.222,42.222,401.563,401.563,6900.0
1.1076,41.9,41.9,402.217,402.217,6900.0
1.1077,41.677,41.677,402.858,402.858,6900.0
1.1078,41.456,41.308,403.476,403.476,6900.0
1.1079,41.136,41.136,404.077,404.077,6900.0
1.108,40.594,40.594,404.662,404.662,6900.0
1.1081,39.944,39.944,405.203,405.203,6900.0
1.1082,39.694,39.694,405.707,405.707,6900.0
1.1083,39.086,39.086,406.19,406.19,6900.0
1.1084,38.677,38.677,406.654,406.654,6900.0
1.1085,38.012,38.012,407.1,407.1,6900.0
1.1086,37.284,37.284,407.508,407.508,6900.0
1.1087,36.479,36.479,407.877,407.877,6900.0
1.1088,35.807,35.807,408.209,408.209,6900.0
1.1089,35.067,35.067,408.514,408.514,6900.0
1.109,34.194,34.194,408.785,408.785,6900.0
1.1091,33.243,33.243,409.015,409.015,6900.0
1.1092,32.253,32.253,409.196,409.196,6900.0
1.1093,31.304,31.304,409.328,409.328,6900.0
1.1094,30.457,30.457,409.413,409.413,6900.0
1.1095,29.567,29.567,409.457,409.457,6900.0
1.1096,28.641,28.641,409.466,409.466,6900.0
1.1097,27.648,27.648,409.444,409.444,6900.0
1.1098,26.638,26.638,409.379,409.379,6900.0
1.1099,25.655,25.655,409.261,409.261,6900.0
1.11,24.758,24.758,409.103,409.103,6900.0
1.1101,23.841,23.841,408.921,408.921,6900.0
1.1102,22.77,22.77,408.72,408.72,6900.0
1.1103,21.317,21.317,408.478,408.478,6900.0
1.1104,19.999,19.999,408.171,408.171,6900.0
1.1105,19.041,19.041,407.817,407.817,6900.0
1.1106,18.185,18.185,407.436,407.436,6900.0
1.1107,17.059,17.059,407.043,407.043,6900.0
1.1108,15.598,15.598,406.62,406.62,6900.0
1.1109,14.22,14.22,406.153,406.153,6900.0
1.111,12.988,12.988,405.655,405.655,6900.0
1.1111,11.766,11.766,405.131,405.131,6900.0
1.1112,10.667,10.667,404.591,404.591,6900.0
1.1113,8.918,8.918,404.029,404.029,6900.0
1.1114,7.461,7.461,403.438,403.438,6900.0
1.1115,6.157,6.157,402.827,402.827,6900.0
1.1116,4.685,4.685,402.199,402.199,6900.0
1.1117,3.347,3.347,401.558,401.558,6900.0
1.1118,1.839,1.839,400.906,400.906,6900.0
1.1119,0.666,0.666,400.247,400.247,6900.0
1.112,0.0,0.0,399.584,399.584,6900.0
1.1121,0.0,0.0,398.919,398.919,6900.0
1.1122,-1.21,-1.21,398.253,398.253,6900.0
1.1123,-2.636,-2.636,397.589,397.589,6900.0
1.1124,-3.052,-3.052,396.927,396.927,6900.0
1.1125,-4.436,-4.436,396.269,396.269,6900.0
1.1126,-5.675,-5.675,395.618,395.618,6900.0
1.1127,-7.073,-7.073,394.982,394.982,6900.0
1.1128,-8.33,-8.33,394.36,394.36,6900.0
1.1129,-9.521,-9.521,393.75,393.75,6900.0
1.113,-11.144,-11.144,393.157,393.157,6900.0
1.1131,-12.607,-12.607,392.589,392.589,6900.0
1.1132,-14.224,-14.224,392.057,392.057,6900.0
1.1133,-15.219,-15.219,391.562,391.562,6900.0
1.1134,-16.228,-16.228,391.079,391.079,6900.0
1.1135,-17.84,-17.84,390.613,390.613,6900.0
1.1136,-19.364,-19.364,390.189,390.189,6900.0
1.1137,-20.919,-20.919,389.823,389.823,6900.0
1.1138,-21.979,-21.979,389.511,389.511,6900.0
1.1139,-23.093,-22.745,389.226,389.226,6900.0
1.114,-24.029,-24.029,388.958,388.958,6900.0
1.1141,-25.275,-25.275,388.731,388.731,6900.0
1.1142,-26.624,-26.624,388.552,388.552,6900.0
1.1143,-27.521,-27.521,388.427,388.427,6900.0
1.1144,-28.508,-28.508,388.337,388.337,6900.0
1.1145,-29.697,-29.697,388.284,388.284,6900.0
1.1146,-30.75,-30.75,388.279,388.279,6900.0
1.1147,-31.82,-31.82,388.321,388.321,6900.0
1.1148,-32.97,-32.97,388.413,388.413,6900.0
1.1149,-33.962,-33.962,388.563,388.563,6900.0
1.115,-34.729,-34.729,388.769,388.769,6900.0
1.1151,-35.619,-35.619,389.013,389.013,6900.0
1.1152,-36.439,-36.439,389.289,389.289,6900.0
1.1153,-37.312,-37.312,389.604,389.604,6900.0
1.1154,-38.105,-38.105,389.957,389.957,6900.0
1.1155,-38.924,-38.924,390.362,390.362,6900.0
1.1156,-39.415,-39.415,390.804,390.804,6900.0
1.1157,-40.05,-40.05,391.257,391.257,6900.0
1.1158,-40.721,-40.721,391.746,391.746,6900.0
1.1159,-41.371,-41.371,392.267,392.267,6900.0
1.116,-41.973,-41.973,392.846,392.846,6900.0
1.1161,-42.143,-42.143,393.463,393.463,6900.0
1.1162,-42.348,-42.348,394.083,394.083,6900.0
1.1163,-42.714,-42.714,394.726,394.726,6900.0
1.1164,-42.94,-42.94,395.383,395.383,6900.0
1.1165,-43.24,-43.24,396.067,396.067,6900.0
1.1166,-43.157,-43.157,396.768,396.768,6900.0
1.1167,-43.306,-43.306,397.448,397.448,6900.0
1.1168,-43.434,-43.434,398.139,398.139,6900.0
1.1169,-43.258,-43.258,398.827,398.827,6900.0
1.117,-43.541,-43.541,399.508,399.508,6900.0
1.1171,-43.411,-43.411,400.209,400.209,6900.0
1.1172,-43.249,-43.249,400.898,400.898,6900.0
1.1173,-43.246,-43.246,401.596,401.596,6900.0
1.1174,-42.817,-42.817,402.288,402.288,6900.0
1.1175,-42.7,-42.7,402.956,402.956,6900.0
1.1176,-42.298,-42.298,403.626,403.626,6900.0
1.1177,-42.135,-42.135,404.27,404.27,6900.0
1.1178,-41.831,-41.831,404.915,404.915,6900.0
1.1179,-41.37,-41.214,405.535,405.535,6900.0
1.118,-40.91,-40.91,406.105,406.105,6900.0
1.1181,-40.281,-40.281,406.659,406.659,6900.0
1.1182,-39.937,-39.937,407.176,407.176,6900.0
1.1183,-39.384,-39.384,407.681,407.681,6900.0
1.1184,-38.624,-38.624,408.155,408.155,6900.0
1.1185,-38.047,-38.047,408.579,408.579,6900.0
1.1186,-37.37,-37.37,408.979,408.979,6900.0
1.1187,-36.823,-36.823,409.346,409.346,6900.0
1.1188,-36.023,-36.023,409.693,409.693,6900.0
1.1189,-35.134,-35.134,410.004,410.004,6900.0
1.119,-34.296,-34.296,410.269,410.269,6900.0
1.1191,-33.472,-33.472,410.493,410.493,6900.0
1.1192,-32.534,-32.534,410.677,410.677,6900.0
1.1193,-31.724,-31.724,410.818,410.818,6900.0
1.1194,-30.679,-30.679,410.921,410.921,6900.0
1.1195,-29.917,-29.917,410.982,410.982,6900.0
1.1196,-28.862,-28.862,411.005,411.005,6900.0
1.1197,-27.654,-27.654,410.978,410.978,6900.0
1.1198,-26.764,-26.764,410.898,410.898,6900.0
1.1199,-25.782,-25.782,410.784,410.784,6900.0
1.12,-24.774,-24.774,410.646,410.646,6900.0
1.1201,-23.532,-23.532,410.478,410.478,6900.0
1.1202,-22.167,-22.167,410.255,410.255,6900.0
1.1203,-21.207,-21.207,409.976,409.976,6900.0
1.1204,-20.298,-20.298,409.665,409.665,6900.0
1.1205,-19.527,-19.527,409.339,409.339,6900.0
1.1206,-17.866,-17.866,409.0,409.0,6900.0
1.1207,-16.374,-16.374,408.609,408.609,6900.0
1.1208,-15.116,-15.116,408.17,408.17,6900.0
1.1209,-13.889,-13.889,407.698,407.698,6900.0
1.121,-12.962,-12.962,407.198,407.198,6900.0
1.1211,-11.417,-11.417,406.68,406.68,6900.0
1.1212,-9.99,-9.99,406.13,406.13,6900.0
1.1213,-8.872,-8.872,405.552,405.552,6900.0
1.1214,-7.586,-7.586,404.957,404.957,6900.0
1.1215,-6.512,-6.512,404.345,404.345,6900.0
1.1216,-5.129,-5.129,403.723,403.723,6900.0
1.1217,-3.591,-3.591,403.088,403.088,6900.0
1.1218,-2.374,-2.374,402.441,402.441,6900.0
1.1219,-1.281,-1.128,401.786,401.786,6900.0
1.122,-1.158,-1.158,401.125,401.125,6900.0
1.1221,0.047,0.047,400.464,400.464,6900.0
1.1222,0.844,0.844,399.8,399.8,6900.0
1.1223,2.025,2.025,399.138,399.138,6900.0
1.1224,2.603,2.603,398.478,398.478,6900.0
1.1225,3.997,3.997,397.823,397.823,6900.0
1.1226,4.997,4.997,397.179,397.179,6900.0
1.1227,6.25,6.25,396.543,396.543,6900.0
1.1228,7.575,7.575,395.916,395.916,6900.0
1.1229,9.079,9.079,395.305,395.305,6900.0
1.123,10.771,10.771,394.713,394.713,6900.0
1.1231,11.876,11.876,394.152,394.152,6900.0
1.1232,12.832,12.832,393.608,393.608,6900.0
1.1233,14.49,14.49,393.072,393.072,6900.0
1.1234,16.126,16.126,392.57,392.57,6900.0
1.1235,17.909,17.909,392.111,392.111,6900.0
1.1236,19.226,19.226,391.714,391.714,6900.0
1.1237,20.051,20.051,391.353,391.353,6900.0
1.1238,21.166,21.166,391.007,391.007,6900.0
1.1239,22.49,22.49,390.691,390.691,6900.0
1.124,23.885,23.885,390.422,390.422,6900.0
1.1241,25.029,25.029,390.212,390.212,6900.0
1.1242,26.026,26.026,390.045,390.045,6900.0
1.1243,27.093,27.093,389.906,389.906,6900.0
1.1244,28.195,28.195,389.806,389.806,6900.0
1.1245,29.395,29.395,389.749,389.749,6900.0
1.1246,30.312,30.312,389.744,389.744,6900.0
1.1247,31.27,31.27,389.783,389.783,6900.0
1.1248,32.261,32.261,389.869,389.869,6900.0
1.1249,33.049,33.049,390.003,390.003,6900.0
1.125,33.871,33.871,390.172,390.172,6900.0
1.1251,34.935,34.935,390.376,390.376,6900.0
1.1252,35.853,35.853,390.629,390.629,6900.0
1.1253,36.83,36.83,390.935,390.935,6900.0
1.1254,37.509,37.509,391.291,391.291,6900.0
1.1255,38.005,38.005,391.676,391.676,6900.0
1.1256,38.745,38.745,392.077,392.077,6900.0
1.1257,39.367,39.367,392.518,392.518,6900.0
1.1258,40.188,40.188,393.0,393.0,6900.0
1.1259,40.639,40.639,393.534,393.534,6900.0
1.126,41.041,41.041,394.086,394.086,6900.0
1.1261,41.374,41.374,394.653,394.653,6900.0
1.1262,41.628,41.628,395.246,395.246,6900.0
1.1263,42.331,42.331,395.852,395.852,6900.0
1.1264,42.614,42.614,396.509,396.509,6900.0
1.1265,42.526,42.526,397.175,397.175,6900.0
1.1266,42.889,42.889,397.833,397.833,6900.0
1.1267,42.851,42.851,398.51,398.51,6900.0
1.1268,43.076,43.076,399.175,399.175,6900.0
1.1269,43.184,43.184,399.866,399.866,6900.0
1.127,42.953,42.953,400.557,400.557,6900.0
1.1271,43.089,43.089,401.238,401.238,6900.0
1.1272,42.977,42.977,401.928,401.928,6900.0
1.1273,42.74,42.74,402.603,402.603,6900.0
1.1274,42.631,42.631,403.278,403.278,6900.0
1.1275,42.129,42.129,403.944,403.944,6900.0
1.1276,41.865,41.865,404.597,404.597,6900.0
1.1277,41.421,41.421,405.241,405.241,6900.0
1.1278,40.932,40.932,405.847,405.847,6900.0
1.1279,40.851,40.851,406.427,406.427,6900.0
1.128,40.553,40.389,406.991,406.991,6900.0
1.1281,39.976,39.976,407.536,407.536,6900.0
1.1282,39.386,39.386,408.058,408.058,6900.0
1.1283,38.611,38.611,408.538,408.538,6900.0
1.1284,38.187,38.187,408.978,408.978,6900.0
1.1285,37.64,37.64,409.393,409.393,6900.0
1.1286,37.047,37.047,409.79,409.79,6900.0
1.1287,36.041,36.041,410.162,410.162,6900.0
1.1288,35.287,35.287,410.486,410.486,6900.0
1.1289,34.603,34.603,410.768,410.768,6900.0
1.129,33.83,33.83,411.015,411.015,6900.0
1.1291,33.02,33.02,411.227,411.227,6900.0
1.1292,32.115,32.115,411.4,411.4,6900.0
1.1293,30.995,30.995,411.535,411.535,6900.0
1.1294,29.996,29.996,411.623,411.623,6900.0
1.1295,28.936,28.936,411.664,411.664,6900.0
1.1296,27.932,27.932,411.654,411.654,6900.0
1.1297,26.895,26.895,411.603,411.603,6900.0
1.1298,26.2,26.2,411.517,411.517,6900.0
1.1299,25.157,25.157,411.412,411.412,6900.0
1.13,23.984,23.984,411.264,411.264,6900.0
1.1301,22.818,22.818,411.059,411.059,6900.0
1.1302,21.888,21.888,410.812,410.812,6900.0
1.1303,21.097,21.097,410.541,410.541,6900.0
1.1304,20.048,20.048,410.258,410.258,6900.0
1.1305,18.346,18.346,409.94,409.94,6900.0
1.1306,17.065,17.065,409.559,409.559,6900.0
1.1307,16.045,16.045,409.138,409.138,6900.0
1.1308,15.218,15.218,408.685,408.685,6900.0
1.1309,14.133,14.133,408.217,408.217,6900.0
1.131,12.584,12.584,407.724,407.724,6900.0
1.1311,11.271,11.271,407.194,407.194,6900.0
1.1312,10.151,10.151,406.642,406.642,6900.0
1.1313,8.803,8.803,406.07,406.07,6900.0
1.1314,7.631,7.631,405.483,405.483,6900.0
1.1315,6.021,6.021,404.881,404.881,6900.0
1.1316,4.576,4.576,404.259,404.259,6900.0
1.1317,3.341,3.341,403.623,403.623,6900.0
1.1318,1.926,1.926,402.976,402.976,6900.0
1.1319,0.729,0.729,402.32,402.32,6900.0
1.132,0.545,0.552,401.66,401.66,6900.0
1.1321,0.0,0.0,400.999,400.999,6900.0
1.1322,-1.392,-1.392,400.336,400.336,6900.0
1.1323,-2.107,-2.107,399.675,399.675,6900.0
1.1324,-3.191,-3.191,399.018,399.018,6900.0
1.1325,-4.079,-4.079,398.367,398.367,6900.0
1.1326,-5.283,-5.283,397.72,397.72,6900.0
1.1327,-6.788,-6.788,397.081,397.081,6900.0
1.1328,-8.013,-8.013,396.456,396.456,6900.0
1.1329,-9.393,-9.393,395.848,395.848,6900.0
1.133,-10.626,-10.626,395.261,395.261,6900.0
1.1331,-11.626,-11.626,394.687,394.687,6900.0
1.1332,-13.205,-13.205,394.131,394.131,6900.0
1.1333,-14.65,-14.65,393.609,393.609,6900.0
1.1334,-16.39,-16.39,393.132,393.132,6900.0
1.1335,-17.162,-17.162,392.705,392.705,6900.0
1.1336,-18.193,-18.193,392.288,392.288,6900.0
1.1337,-19.545,-19.545,391.89,391.89,6900.0
1.1338,-20.994,-20.994,391.53,391.53,6900.0
1.1339,-22.513,-22.513,391.223,391.223,6900.0
1.134,-23.465,-23.465,390.969,390.969,6900.0
1.1341,-24.432,-24.432,390.742,390.742,6900.0
1.1342,-25.637,-25.637,390.542,390.542,6900.0
1.1343,-26.948,-26.948,390.383,390.383,6900.0
1.1344,-28.227,-28.227,390.277,390.277,6900.0
1.1345,-29.31,-29.31,390.226,390.226,6900.0
1.1346,-30.231,-30.231,390.225,390.225,6900.0
1.1347,-31.169,-31.169,390.27,390.27,6900.0
1.1348,-32.149,-32.149,390.357,390.357,6900.0
1.1349,-33.016,-33.016,390.486,390.486,6900.0
1.135,-33.902,-33.902,390.658,390.658,6900.0
1.1351,-35.025,-35.025,390.87,390.87,6900.0
1.1352,-35.714,-35.714,391.141,391.141,6900.0
1.1353,-36.375,-36.375,391.443,391.443,6900.0
1.1354,-37.041,-37.041,391.768,391.768,6900.0
1.1355,-37.865,-37.865,392.124,392.124,6900.0
1.1356,-38.66,-38.66,392.518,392.518,6900.0
1.1357,-39.167,-39.167,392.972,392.972,6900.0
1.1358,-39.349,-39.349,393.458,393.458,6900.0
1.1359,-39.716,-39.716,393.949,393.949,6900.0
1.136,-40.233,-40.233,394.468,394.468,6900.0
1.1361,-40.858,-40.858,395.012,395.012,6900.0
1.1362,-41.564,-41.564,395.605,395.605,6900.0
1.1363,-41.535,-41.535,396.236,396.236,6900.0
1.1364,-41.724,-41.724,396.853,396.853,6900.0
1.1365,-41.896,-41.896,397.486,397.486,6900.0
1.1366,-41.948,-41.948,398.12,398.12,6900.0
1.1367,-42.227,-42.227,398.766,398.766,6900.0
1.1368,-42.022,-42.022,399.428,399.428,6900.0
1.1369,-42.014,-42.014,400.07,400.07,6900.0
1.137,-42.046,-42.046,400.723,400.723,6900.0
1.1371,-41.922,-41.922,401.373,401.373,6900.0
1.1372,-42.037,-42.037,402.02,402.02,6900.0
1.1373,-41.918,-41.918,402.68,402.68,6900.0
1.1374,-41.826,-41.826,403.327,403.327,6900.0
1.1375,-41.551,-41.551,403.983,403.983,6900.0
1.1376,-41.119,-41.119,404.619,404.619,6900.0
1.1377,-40.889,-40.889,405.221,405.221,6900.0
1.1378,-40.368,-40.368,405.814,405.814,6900.0
1.1379,-40.024,-40.024,406.373,406.373,6900.0
1.138,-39.576,-39.576,406.924,406.924,6900.0
1.1381,-39.087,-38.915,407.444,407.444,6900.0
1.1382,-38.395,-38.395,407.917,407.917,6900.0
1.1383,-37.945,-37.945,408.366,408.366,6900.0
1.1384,-37.438,-37.438,408.791,408.791,6900.0
1.1385,-36.748,-36.748,409.202,409.202,6900.0
1.1386,-36.155,-36.155,409.578,409.578,6900.0
1.1387,-35.268,-35.268,409.917,409.917,6900.0
1.1388,-34.617,-34.617,410.215,410.215,6900.0
1.1389,-34.046,-34.046,410.479,410.479,6900.0
1.139,-33.249,-33.249,410.717,410.717,6900.0
1.1391,-32.667,-32.667,410.917,410.917,6900.0
1.1392,-31.79,-31.79,411.082,411.082,6900.0
1.1393,-30.632,-30.632,411.205,411.205,6900.0
1.1394,-29.65,-29.65,411.274,411.274,6900.0
1.1395,-28.677,-28.677,411.299,411.299,6900.0
1.1396,-27.719,-27.719,411.286,411.286,6900.0
1.1397,-26.834,-26.834,411.241,411.241,6900.0
1.1398,-25.658,-25.658,411.164,411.164,6900.0
1.1399,-24.553,-24.553,411.036,411.036,6900.0
1.14,-23.701,-23.701,410.858,410.858,6900.0
1.1401,-22.743,-22.743,410.652,410.652,6900.0
1.1402,-21.893,-21.893,410.424,410.424,6900.0
1.1403,-20.512,-20.512,410.174,410.174,6900.0
1.1404,-18.966,-18.966,409.865,409.865,6900.0
1.1405,-17.973,-17.973,409.496,409.496,6900.0
1.1406,-17.021,-17.021,409.096,409.096,6900.0
1.1407,-16.225,-16.225,408.674,408.674,6900.0
1.1408,-14.941,-14.941,408.24,408.24,6900.0
1.1409,-13.373,-13.373,407.77,407.77,6900.0
1.141,-12.446,-12.446,407.263,407.263,6900.0
1.1411,-11.281,-11.281,406.737,406.737,6900.0
1.1412,-10.483,-10.483,406.191,406.191,6900.0
1.1413,-9.014,-9.014,405.632,405.632,6900.0
1.1414,-7.342,-7.342,405.049,405.049,6900.0
1.1415,-6.225,-6.225,404.44,404.44,6900.0
1.1416,-4.643,-4.643,403.815,403.815,6900.0
1.1417,-3.389,-3.389,403.176,403.176,6900.0
1.1418,-2.108,-2.108,402.527,402.527,6900.0
1.1419,-0.839,-0.839,401.87,401.87,6900.0
1.142,-0.079,-0.079,401.21,401.21,6900.0
1.1421,-0.0,-0.0,400.548,400.548,6900.0
1.1422,1.292,1.292,399.885,399.885,6900.0
1.1423,1.531,1.531,399.223,399.223,6900.0
1.1424,2.492,2.492,398.562,398.562,6900.0
1.1425,3.714,3.714,397.904,397.904,6900.0
1.1426,5.062,5.062,397.253,397.253,6900.0
1.1427,6.601,6.601,396.612,396.612,6900.0
1.1428,7.812,7.812,395.99,395.99,6900.0
1.1429,8.843,8.843,395.381,395.381,6900.0
1.143,10.411,10.411,394.783,394.783,6900.0
1.1431,11.644,11.644,394.211,394.211,6900.0
1.1432,13.266,13.266,393.666,393.666,6900.0
1.1433,14.367,14.367,393.166,393.166,6900.0
1.1434,15.0,15.0,392.688,392.688,6900.0
1.1435,16.415,16.415,392.214,392.214,6900.0
1.1436,18.132,18.132,391.771,391.771,6900.0
1.1437,19.803,19.803,391.379,391.379,6900.0
1.1438,20.969,20.969,391.048,391.048,6900.0
1.1439,21.874,21.874,390.753,390.753,6900.0
1.144,22.98,22.98,390.473,390.473,6900.0
1.1441,24.189,24.189,390.224,390.224,6900.0
1.1442,25.406,25.406,390.019,390.019,6900.0
1.1443,26.506,26.506,389.867,389.867,6900.0
1.1444,27.517,27.517,389.76,389.76,6900.0
1.1445,28.553,28.553,389.692,389.692,6900.0
1.1446,29.483,29.483,389.668,389.668,6900.0
1.1447,30.369,30.369,389.688,389.688,6900.0
1.1448,31.358,31.358,389.751,389.751,6900.0
1.1449,32.22,32.22,389.863,389.863,6900.0
1.145,33.199,33.199,390.022,390.022,6900.0
1.1451,33.951,33.951,390.231,390.231,6900.0
1.1452,34.699,34.699,390.47,390.47,6900.0
1.1453,35.456,35.456,390.734,390.734,6900.0
1.1454,36.244,36.244,391.035,391.035,6900.0
1.1455,37.147,37.147,391.379,391.379,6900.0
1.1456,37.765,37.765,391.771,391.771,6900.0
1.1457,38.263,38.263,392.186,392.186,6900.0
1.1458,38.84,38.84,392.619,392.619,6900.0
1.1459,39.383,39.383,393.09,393.09,6900.0
1.146,40.142,40.142,393.598,393.598,6900.0
1.1461,40.508,40.375,394.163,394.163,6900.0
1.1462,40.58,40.58,394.74,394.74,6900.0
1.1463,40.957,40.957,395.324,395.324,6900.0
1.1464,41.188,41.188,395.933,395.933,6900.0
1.1465,41.502,41.502,396.548,396.548,6900.0
1.1466,41.616,41.616,397.194,397.194,6900.0
1.1467,41.45,41.45,397.835,397.835,6900.0
1.1468,41.732,41.732,398.463,398.463,6900.0
1.1469,41.853,41.853,399.102,399.102,6900.0
1.147,41.799,41.799,399.734,399.734,6900.0
1.1471,42.108,42.108,400.379,400.379,6900.0
1.1472,41.835,41.835,401.033,401.033,6900.0
1.1473,41.758,41.758,401.682,401.682,6900.0
1.1474,41.466,41.466,402.335,402.335,6900.0
1.1475,41.191,41.191,402.962,402.962,6900.0
1.1476,40.794,40.794,403.585,403.585,6900.0
1.1477,40.303,40.303,404.187,404.187,6900.0
1.1478,40.05,40.05,404.773,404.773,6900.0
1.1479,39.565,39.565,405.343,405.343,6900.0
1.148,38.852,38.852,405.876,405.876,6900.0
1.1481,38.935,38.935,406.367,406.367,6900.0
1.1482,38.518,38.518,406.845,406.845,6900.0
1.1483,38.155,38.155,407.306,407.306,6900.0
1.1484,37.391,37.391,407.746,407.746,6900.0
1.1485,36.555,36.555,408.144,408.144,6900.0
1.1486,36.005,36.005,408.498,408.498,6900.0
1.1487,35.34,35.34,408.826,408.826,6900.0
1.1488,34.657,34.657,409.131,409.131,6900.0
1.1489,33.892,33.892,409.407,409.407,6900.0
1.149,33.017,33.017,409.644,409.644,6900.0
1.1491,32.171,32.171,409.839,409.839,6900.0
1.1492,31.406,31.406,409.992,409.992,6900.0
1.1493,30.449,30.449,410.105,410.105,6900.0
1.1494,29.536,29.536,410.177,410.177,6900.0
1.1495,28.674,28.674,410.21,410.21,6900.0
1.1496,27.482,27.482,410.21,410.21,6900.0
1.1497,26.322,26.322,410.159,410.159,6900.0
1.1498,25.423,25.423,410.052,410.052,6900.0
1.1499,24.724,24.724,409.906,409.906,6900.0
1.15,23.925,23.925,409.738,409.738,6900.0
1.1501,22.781,22.781,409.553,409.553,6900.0
1.1502,21.516,21.516,409.326,409.326,6900.0
1.1503,20.206,20.206,409.04,409.04,6900.0
1.1504,19.394,19.394,408.709,408.709,6900.0
1.1505,18.689,18.689,408.356,408.356,6900.0
1.1506,17.564,17.564,407.995,407.995,6900.0
1.1507,15.879,15.879,407.604,407.604,6900.0
1.1508,14.572,14.572,407.159,407.159,6900.0
1.1509,13.578,13.578,406.68,406.68,6900.0
1.151,12.514,12.514,406.174,406.174,6900.0
1.1511,11.31,11.31,405.65,405.65,6900.0
1.1512,9.796,9.796,405.102,405.102,6900.0
1.1513,8.469,8.469,404.524,404.524,6900.0
1.1514,7.306,7.306,403.926,403.926,6900.0
1.1515,5.898,5.898,403.311,403.311,6900.0
1.1516,4.767,4.767,402.683,402.683,6900.0
1.1517,3.209,3.209,402.044,402.044,6900.0
1.1518,1.77,1.77,401.393,401.393,6900.0
1.1519,0.717,0.717,400.734,400.734,6900.0
1.152,0.764,0.764,400.072,400.072,6900.0
1.1521,-0.112,-0.112,399.408,399.408,6900.0
1.1522,-0.924,-0.947,398.743,398.743,6900.0
1.1523,-2.145,-2.145,398.079,398.079,6900.0
1.1524,-2.951,-2.951,397.417,397.417,6900.0
1.1525,-4.119,-4.119,396.76,396.76,6900.0
1.1526,-5.483,-5.483,396.113,396.113,6900.0
1.1527,-6.518,-6.518,395.479,395.479,6900.0
1.1528,-7.607,-7.607,394.853,394.853,6900.0
1.1529,-9.303,-9.303,394.24,394.24,6900.0
1.153,-10.686,-10.686,393.647,393.647,6900.0
1.1531,-12.065,-12.065,393.083,393.083,6900.0
1.1532,-12.983,-12.983,392.546,392.546,6900.0
1.1533,-14.021,-14.021,392.02,392.02,6900.0
1.1534,-15.605,-15.605,391.512,391.512,6900.0
1.1535,-17.056,-17.056,391.043,391.043,6900.0
1.1536,-18.85,-18.85,390.625,390.625,6900.0
1.1537,-19.662,-19.662,390.263,390.263,6900.0
1.1538,-20.739,-20.739,389.916,389.916,6900.0
1.1539,-22.193,-22.193,389.593,389.593,6900.0
1.154,-23.535,-23.535,389.313,389.313,6900.0
1.1541,-24.751,-24.751,389.085,389.085,6900.0
1.1542,-25.716,-25.716,388.907,388.907,6900.0
1.1543,-26.718,-26.718,388.762,388.762,6900.0
1.1544,-27.733,-27.733,388.654,388.654,6900.0
1.1545,-28.82,-28.82,388.587,388.587,6900.0
1.1546,-30.149,-30.149,388.566,388.566,6900.0
1.1547,-31.254,-31.254,388.601,388.601,6900.0
1.1548,-32.278,-32.278,388.689,388.689,6900.0
1.1549,-33.106,-33.106,388.828,388.828,6900.0
1.155,-34.058,-34.058,389.005,389.005,6900.0
1.1551,-34.866,-34.866,389.218,389.218,6900.0
1.1552,-35.684,-35.684,389.47,389.47,6900.0
1.1553,-36.463,-36.463,389.762,389.762,6900.0
1.1554,-37.235,-37.235,390.105,390.105,6900.0
1.1555,-37.674,-37.674,390.486,390.486,6900.0
1.1556,-38.239,-38.239,390.882,390.882,6900.0
1.1557,-38.85,-38.85,391.31,391.31,6900.0
1.1558,-39.635,-39.635,391.769,391.769,6900.0
1.1559,-40.197,-40.197,392.288,392.288,6900.0
1.156,-40.575,-40.575,392.839,392.839,6900.0
1.1561,-40.927,-40.927,393.398,393.398,6900.0
1.1562,-41.526,-41.391,393.984,393.984,6900.0
1.1563,-41.616,-41.616,394.587,394.587,6900.0
1.1564,-42.066,-42.066,395.217,395.217,6900.0
1.1565,-42.073,-42.073,395.872,395.872,6900.0
1.1566,-42.068,-42.068,396.516,396.516,6900.0
1.1567,-42.209,-42.209,397.167,397.167,6900.0
1.1568,-42.194,-42.194,397.817,397.817,6900.0
1.1569,-42.638,-42.638,398.472,398.472,6900.0
1.157,-42.548,-42.548,399.151,399.151,6900.0
1.1571,-42.402,-42.402,399.819,399.819,6900.0
1.1572,-42.186,-42.186,400.497,400.497,6900.0
1.1573,-41.883,-41.883,401.159,401.159,6900.0
1.1574,-41.975,-41.975,401.802,401.802,6900.0
1.1575,-41.612,-41.612,402.456,402.456,6900.0
1.1576,-41.458,-41.458,403.085,403.085,6900.0
1.1577,-41.189,-41.189,403.715,403.715,6900.0
1.1578,-40.779,-40.779,404.32,404.32,6900.0
1.1579,-40.478,-40.478,404.887,404.887,6900.0
1.158,-40.106,-40.106,405.439,405.439,6900.0
1.1581,-39.461,-39.461,405.968,405.968,6900.0
1.1582,-38.916,-38.916,406.477,406.477,6900.0
1.1583,-38.24,-38.24,406.955,406.955,6900.0
1.1584,-37.808,-37.808,407.387,407.387,6900.0
1.1585,-37.113,-37.113,407.796,407.796,6900.0
1.1586,-36.66,-36.66,408.173,408.173,6900.0
1.1587,-35.819,-35.819,408.534,408.534,6900.0
1.1588,-34.973,-34.973,408.855,408.855,6900.0
1.1589,-34.297,-34.297,409.13,409.13,6900.0
1.159,-33.501,-33.501,409.37,409.37,6900.0
1.1591,-32.692,-32.692,409.57,409.57,6900.0
1.1592,-31.799,-31.799,409.733,409.733,6900.0
1.1593,-30.953,-30.953,409.856,409.856,6900.0
1.1594,-30.172,-30.172,409.943,409.943,6900.0
1.1595,-29.158,-29.158,409.992,409.992,6900.0
1.1596,-27.975,-27.975,409.991,409.991,6900.0
1.1597,-26.907,-26.907,409.94,409.94,6900.0
1.1598,-26.019,-26.019,409.851,409.851,6900.0
1.1599,-25.053,-25.053,409.736,409.736,6900.0
1.16,-23.86,-23.86,409.589,409.589,6900.0
1.1601,-22.663,-22.663,409.39,409.39,6900.0
1.1602,-21.85,-21.85,409.136,409.136,6900.0
1.1603,-20.969,-20.969,408.855,408.855,6900.0
1.1604,-20.089,-20.089,408.558,408.558,6900.0
1.1605,-18.559,-18.559,408.243,408.243,6900.0
1.1606,-17.018,-17.018,407.875,407.875,6900.0
1.1607,-15.996,-15.996,407.454,407.454,6900.0
1.1608,-14.824,-14.824,407.002,407.002,6900.0
1.1609,-14.012,-14.012,406.524,406.524,6900.0
1.161,-12.787,-12.787,406.028,406.028,6900.0
1.1611,-11.346,-11.346,405.502,405.502,6900.0
1.1612,-10.224,-10.224,404.945,404.945,6900.0
1.1613,-8.902,-8.902,404.369,404.369,6900.0
1.1614,-7.793,-7.793,403.776,403.776,6900.0
1.1615,-6.387,-6.387,403.17,403.17,6900.0
1.1616,-4.777,-4.777,402.548,402.548,6900.0
1.1617,-3.451,-3.451,401.909,401.909,6900.0
1.1618,-2.102,-2.102,401.259,401.259,6900.0
1.1619,-1.005,-1.005,400.602,400.602,6900.0
1.162,-0.948,-0.948,399.939,399.939,6900.0
1.1621,0.132,0.132,399.275,399.275,6900.0
1.1622,1.165,1.165,398.61,398.61,6900.0
1.1623,1.454,1.454,397.947,397.947,6900.0
1.1624,2.682,2.682,397.284,397.284,6900.0
1.1625,3.646,3.646,396.629,396.629,6900.0
1.1626,4.871,4.871,395.98,395.98,6900.0
1.1627,6.325,6.325,395.337,395.337,6900.0
1.1628,7.553,7.553,394.708,394.708,6900.0
1.1629,9.072,9.072,394.093,394.093,6900.0
1.163,10.457,10.457,393.502,393.502,6900.0
1.1631,11.508,11.508,392.929,392.929,6900.0
1.1632,13.106,13.106,392.367,392.367,6900.0
1.1633,14.611,14.611,391.836,391.836,6900.0
1.1634,16.346,16.346,391.344,391.344,6900.0
1.1635,17.743,17.743,390.909,390.909,6900.0
1.1636,18.542,18.542,390.509,390.509,6900.0
1.1637,19.786,19.786,390.117,390.117,6900.0
1.1638,21.158,21.158,389.757,389.757,6900.0
1.1639,22.564,22.564,389.445,389.445,6900.0
1.164,23.693,23.693,389.19,389.19,6900.0
1.1641,24.656,24.656,388.976,388.976,6900.0
1.1642,25.79,25.79,388.788,388.788,6900.0
1.1643,26.956,26.956,388.636,388.636,6900.0
1.1644,28.063,28.063,388.532,388.532,6900.0
1.1645,29.158,29.158,388.477,388.477,6900.0
1.1646,30.059,30.059,388.473,388.473,6900.0
1.1647,31.021,31.021,388.513,388.513,6900.0
1.1648,32.014,32.014,388.598,388.598,6900.0
1.1649,32.786,32.786,388.726,388.726,6900.0
1.165,33.693,33.693,388.887,388.887,6900.0
1.1651,34.61,34.61,389.091,389.091,6900.0
1.1652,35.631,35.631,389.344,389.344,6900.0
1.1653,36.295,36.295,389.649,389.649,6900.0
1.1654,37.006,37.006,389.979,389.979,6900.0
1.1655,37.858,37.858,390.334,390.334,6900.0
1.1656,38.529,38.529,390.734,390.734,6900.0
1.1657,39.416,39.416,391.176,391.176,6900.0
1.1658,39.901,39.901,391.675,391.675,6900.0
1.1659,40.262,40.262,392.194,392.194,6900.0
1.166,40.967,40.967,392.724,392.724,6900.0
1.1661,41.291,41.291,393.297,393.297,6900.0
1.1662,41.733,41.733,393.891,393.891,6900.0
1.1663,42.141,42.016,394.526,394.526,6900.0
1.1664,42.109,42.109,395.168,395.168,6900.0
1.1665,42.484,42.484,395.808,395.808,6900.0
1.1666,42.503,42.503,396.47,396.47,6900.0
1.1667,42.691,42.691,397.125,397.125,6900.0
1.1668,42.86,42.86,397.805,397.805,6900.0
1.1669,42.711,42.711,398.485,398.485,6900.0
1.167,42.924,42.924,399.162,399.162,6900.0
1.1671,42.776,42.776,399.851,399.851,6900.0
1.1672,42.727,42.727,400.522,400.522,6900.0
1.1673,42.574,42.574,401.206,401.206,6900.0
1.1674,42.25,42.25,401.878,401.878,6900.0
1.1675,42.115,42.115,402.542,402.542,6900.0
1.1676,41.697,41.697,403.201,403.201,6900.0
1.1677,41.462,41.462,403.822,403.822,6900.0
1.1678,41.005,41.005,404.432,404.432,6900.0
1.1679,40.392,40.392,405.014,405.014,6900.0
1.168,40.108,40.108,405.573,405.573,6900.0
1.1681,39.656,39.656,406.115,406.115,6900.0
1.1682,39.244,39.244,406.618,406.618,6900.0
1.1683,38.925,38.925,407.093,407.093,6900.0
1.1684,38.266,38.266,407.547,407.547,6900.0
1.1685,37.591,37.591,407.978,407.978,6900.0
1.1686,36.858,36.858,408.38,408.38,6900.0
1.1687,35.961,35.961,408.742,408.742,6900.0
1.1688,35.36,35.36,409.056,409.056,6900.0
1.1689,34.564,34.564,409.339,409.339,6900.0
1.169,33.89,33.89,409.588,409.588,6900.0
1.1691,33.042,33.042,409.805,409.805,6900.0
1.1692,32.144,32.144,409.981,409.981,6900.0
1.1693,31.103,31.103,410.115,410.115,6900.0
1.1694,30.26,30.26,410.2,410.2,6900.0
1.1695,29.254,29.254,410.239,410.239,6900.0
1.1696,28.245,28.245,410.237,410.237,6900.0
1.1697,27.508,27.508,410.198,410.198,6900.0
1.1698,26.301,26.301,410.137,410.137,6900.0
1.1699,25.019,25.019,410.029,410.029,6900.0
1.17,23.962,23.962,409.861,409.861,6900.0
1.1701,23.186,23.186,409.653,409.653,6900.0
1.1702,22.369,22.369,409.422,409.422,6900.0
1.1703,21.552,21.173,409.179,409.179,6900.0
1.1704,19.689,19.689,408.893,408.893,6900.0
1.1705,18.37,18.37,408.542,408.542,6900.0
1.1706,17.597,17.597,408.146,408.146,6900.0
1.1707,16.734,16.734,407.724,407.724,6900.0
1.1708,15.491,15.491,407.29,407.29,6900.0
1.1709,13.971,13.971,406.828,406.828,6900.0
1.171,12.456,12.456,406.327,406.327,6900.0
1.1711,11.362,11.362,405.798,405.798,6900.0
1.1712,10.24,10.24,405.248,405.248,6900.0
1.1713,8.905,8.905,404.684,404.684,6900.0
1.1714,7.54,7.54,404.099,404.099,6900.0
1.1715,6.024,6.024,403.493,403.493,6900.0
1.1716,4.725,4.725,402.867,402.867,6900.0
1.1717,3.282,3.282,402.228,402.228,6900.0
1.1718,1.976,1.976,401.577,401.577,6900.0
1.1719,0.612,0.612,400.919,400.919,6900.0
1.172,0.0,0.0,400.257,400.257,6900.0
1.1721,0.0,0.0,399.593,399.593,6900.0
1.1722,-1.283,-1.283,398.928,398.928,6900.0
1.1723,-1.994,-1.994,398.265,398.265,6900.0
1.1724,-3.012,-3.012,397.604,397.604,6900.0
1.1725,-4.212,-4.212,396.947,396.947,6900.0
1.1726,-5.387,-5.387,396.296,396.296,6900.0
1.1727,-6.596,-6.596,395.654,395.654,6900.0
1.1728,-8.101,-8.101,395.029,395.029,6900.0
1.1729,-9.193,-9.193,394.422,394.422,6900.0
1.173,-10.386,-10.386,393.826,393.826,6900.0
1.1731,-12.09,-12.09,393.248,393.248,6900.0
1.1732,-13.477,-13.477,392.702,392.702,6900.0
1.1733,-14.944,-14.944,392.196,392.196,6900.0
1.1734,-15.98,-15.98,391.729,391.729,6900.0
1.1735,-17.046,-17.046,391.276,391.276,6900.0
1.1736,-18.223,-18.223,390.843,390.843,6900.0
1.1737,-19.769,-19.769,390.444,390.444,6900.0
1.1738,-21.343,-21.343,390.099,390.099,6900.0
1.1739,-22.625,-22.625,389.808,389.808,6900.0
1.174,-23.598,-23.598,389.549,389.549,6900.0
1.1741,-24.781,-24.781,389.313,389.313,6900.0
1.1742,-26.022,-26.022,389.117,389.117,6900.0
1.1743,-27.377,-27.377,388.969,388.969,6900.0
1.1744,-28.516,-28.516,388.876,388.876,6900.0
1.1745,-29.396,-29.396,388.833,388.833,6900.0
1.1746,-30.551,-30.551,388.828,388.828,6900.0
1.1747,-31.498,-31.498,388.873,388.873,6900.0
1.1748,-32.602,-32.602,388.962,388.962,6900.0
1.1749,-33.614,-33.614,389.102,389.102,6900.0
1.175,-34.563,-34.563,389.293,389.293,6900.0
1.1751,-35.623,-35.623,389.534,389.534,6900.0
1.1752,-36.389,-36.389,389.818,389.818,6900.0
1.1753,-37.027,-37.027,390.128,390.128,6900.0
1.1754,-37.969,-37.969,390.468,390.468,6900.0
1.1755,-38.825,-38.825,390.85,390.85,6900.0
1.1756,-39.34,-39.34,391.288,391.288,6900.0
1.1757,-39.812,-39.812,391.759,391.759,6900.0
1.1758,-39.993,-39.993,392.246,392.246,6900.0
1.1759,-40.478,-40.478,392.756,392.756,6900.0
1.176,-40.921,-40.921,393.292,393.292,6900.0
1.1761,-41.589,-41.589,393.877,393.877,6900.0
1.1762,-41.822,-41.822,394.5,394.5,6900.0
1.1763,-42.122,-42.122,395.122,395.122,6900.0
1.1764,-42.574,-42.445,395.764,395.764,6900.0
1.1765,-42.578,-42.578,396.413,396.413,6900.0
1.1766,-43.072,-43.072,397.078,397.078,6900.0
1.1767,-42.978,-42.978,397.766,397.766,6900.0
1.1768,-42.994,-42.994,398.435,398.435,6900.0
1.1769,-43.169,-43.169,399.116,399.116,6900.0
1.177,-43.008,-43.008,399.798,399.798,6900.0
1.1771,-43.196,-43.196,400.477,400.477,6900.0
1.1772,-43.081,-43.081,401.174,401.174,6900.0
1.1773,-42.996,-42.996,401.857,401.857,6900.0
1.1774,-42.83,-42.83,402.555,402.555,6900.0
1.1775,-42.314,-42.314,403.238,403.238,6900.0
1.1776,-42.0,-42.0,403.888,403.888,6900.0
1.1777,-41.476,-41.476,404.528,404.528,6900.0
1.1778,-41.326,-41.326,405.133,405.133,6900.0
1.1779,-41.007,-41.007,405.733,405.733,6900.0
1.178,-40.422,-40.422,406.308,406.308,6900.0
1.1781,-39.828,-39.828,406.837,406.837,6900.0
1.1782,-39.13,-39.13,407.343,407.343,6900.0
1.1783,-38.769,-38.769,407.813,407.813,6900.0
1.1784,-38.143,-38.143,408.275,408.275,6900.0
1.1785,-37.491,-37.491,408.705,408.705,6900.0
1.1786,-37.113,-37.113,409.091,409.091,6900.0
1.1787,-36.49,-36.49,409.455,409.455,6900.0
1.1788,-35.62,-35.62,409.789,409.789,6900.0
1.1789,-34.632,-34.632,410.088,410.088,6900.0
1.179,-33.671,-33.671,410.344,410.344,6900.0
1.1791,-32.922,-32.922,410.552,410.552,6900.0
1.1792,-32.049,-32.049,410.72,410.72,6900.0
1.1793,-31.115,-31.115,410.845,410.845,6900.0
1.1794,-30.188,-30.188,410.927,410.927,6900.0
1.1795,-29.312,-29.312,410.971,410.971,6900.0
1.1796,-28.34,-28.34,410.982,410.982,6900.0
1.1797,-27.144,-27.144,410.956,410.956,6900.0
1.1798,-26.108,-26.108,410.876,410.876,6900.0
1.1799,-25.142,-25.142,410.748,410.748,6900.0
1.18,-24.377,-24.377,410.585,410.585,6900.0
1.1801,-23.478,-23.478,410.403,410.403,6900.0
1.1802,-22.093,-22.093,410.196,410.196,6900.0
1.1803,-20.516,-20.516,409.932,409.932,6900.0
1.1804,-20.057,-19.633,409.605,409.605,6900.0
1.1805,-18.699,-18.699,409.249,409.249,6900.0
1.1806,-17.854,-17.854,408.874,408.874,6900.0
1.1807,-16.401,-16.401,408.485,408.485,6900.0
1.1808,-14.945,-14.945,408.052,408.052,6900.0
1.1809,-13.871,-13.871,407.578,407.578,6900.0
1.181,-12.611,-12.611,407.079,407.079,6900.0
1.1811,-11.733,-11.733,406.555,406.555,6900.0
1.1812,-10.253,-10.253,406.017,406.017,6900.0
1.1813,-8.803,-8.803,405.449,405.449,6900.0
1.1814,-7.721,-7.721,404.856,404.856,6900.0
1.1815,-6.242,-6.242,404.246,404.246,6900.0
1.1816,-4.859,-4.859,403.62,403.62,6900.0
1.1817,-3.494,-3.494,402.982,402.982,6900.0
1.1818,-2.319,-2.319,402.333,402.333,6900.0
1.1819,-1.185,-1.185,401.677,401.677,6900.0
1.182,-0.837,-0.837,401.017,401.017,6900.0
1.1821,-0.0,-0.0,400.355,400.355,6900.0
1.1822,1.046,1.046,399.691,399.691,6900.0
1.1823,2.011,2.011,399.029,399.029,6900.0
1.1824,2.828,2.828,398.368,398.368,6900.0
1.1825,3.797,3.797,397.712,397.712,6900.0
1.1826,5.156,5.156,397.062,397.062,6900.0
1.1827,6.317,6.317,396.427,396.427,6900.0
1.1828,7.394,7.394,395.803,395.803,6900.0
1.1829,8.858,8.858,395.188,395.188,6900.0
1.183,10.296,10.296,394.595,394.595,6900.0
1.1831,11.783,11.783,394.025,394.025,6900.0
1.1832,13.174,13.174,393.489,393.489,6900.0
1.1833,14.271,14.271,392.976,392.976,6900.0
1.1834,15.672,15.672,392.475,392.475,6900.0
1.1835,17.346,17.346,392.003,392.003,6900.0
1.1836,18.967,18.967,391.58,391.58,6900.0
1.1837,20.329,20.329,391.217,391.217,6900.0
1.1838,21.069,21.069,390.894,390.894,6900.0
1.1839,22.218,22.218,390.584,390.584,6900.0
1.184,23.508,23.508,390.305,390.305,6900.0
1.1841,24.836,24.836,390.072,390.072,6900.0
1.1842,25.944,25.944,389.895,389.895,6900.0
1.1843,27.012,27.012,389.758,389.758,6900.0
1.1844,28.019,28.019,389.658,389.658,6900.0
1.1845,29.12,29.12,389.597,389.597,6900.0
1.1846,30.065,30.065,389.581,389.581,6900.0
1.1847,31.043,31.043,389.61,389.61,6900.0
1.1848,31.976,31.976,389.69,389.69,6900.0
1.1849,32.735,32.735,389.822,389.822,6900.0
1.185,33.632,33.632,389.994,389.994,6900.0
1.1851,34.546,34.546,390.205,390.205,6900.0
1.1852,35.499,35.499,390.446,390.446,6900.0
1.1853,36.219,36.219,390.732,390.732,6900.0
1.1854,37.089,37.089,391.062,391.062,6900.0
1.1855,37.774,37.774,391.436,391.436,6900.0
1.1856,38.23,38.23,391.838,391.838,6900.0
1.1857,38.934,38.934,392.257,392.257,6900.0
1.1858,39.472,39.472,392.716,392.716,6900.0
1.1859,40.395,40.395,393.213,393.213,6900.0
1.186,40.679,40.679,393.772,393.772,6900.0
1.1861,40.837,40.837,394.346,394.346,6900.0
1.1862,41.305,41.305,394.925,394.925,6900.0
1.1863,41.551,41.551,395.534,395.534,6900.0
1.1864,42.061,42.061,396.152,396.152,6900.0
1.1865,42.25,42.25,396.808,396.808,6900.0
1.1866,42.063,42.063,397.465,397.465,6900.0
1.1867,42.357,42.357,398.108,398.108,6900.0
1.1868,42.373,42.373,398.764,398.764,6900.0
1.1869,42.538,42.538,399.412,399.412,6900.0
1.187,42.491,42.491,400.084,400.084,6900.0
1.1871,42.228,42.228,400.753,400.753,6900.0
1.1872,42.321,42.321,401.417,401.417,6900.0
1.1873,42.205,42.205,402.089,402.089,6900.0
1.1874,41.929,41.929,402.743,402.743,6900.0
1.1875,41.807,41.807,403.393,403.393,6900.0
1.1876,41.218,41.218,404.034,404.034,6900.0
1.1877,41.06,41.06,404.654,404.654,6900.0
1.1878,40.693,40.693,405.261,405.261,6900.0
1.1879,40.13,40.13,405.831,405.831,6900.0
1.188,39.94,39.94,406.371,406.371,6900.0
1.1881,39.358,39.358,406.891,406.891,6900.0
1.1882,38.917,38.917,407.391,407.391,6900.0
1.1883,38.347,38.347,407.869,407.869,6900.0
1.1884,37.584,37.584,408.31,408.31,6900.0
1.1885,37.162,37.162,408.709,408.709,6900.0
1.1886,36.445,36.445,409.087,409.087,6900.0
1.1887,35.903,35.903,409.437,409.437,6900.0
1.1888,35.056,35.056,409.761,409.761,6900.0
1.1889,34.202,34.202,410.044,410.044,6900.0
1.189,33.375,33.375,410.282,410.282,6900.0
1.1891,32.52,32.52,410.481,410.481,6900.0
1.1892,31.654,31.654,410.64,410.64,6900.0
1.1893,30.951,30.951,410.757,410.757,6900.0
1.1894,30.112,30.112,410.842,410.842,6900.0
1.1895,28.938,28.938,410.893,410.893,6900.0
1.1896,27.891,27.891,410.892,410.892,6900.0
1.1897,26.774,26.774,410.841,410.841,6900.0
1.1898,25.926,25.926,410.746,410.746,6900.0
1.1899,25.095,25.095,410.621,410.621,6900.0
1.19,24.069,24.069,410.477,410.477,6900.0
1.1901,22.604,22.604,410.292,410.292,6900.0
1.1902,21.426,21.426,410.043,410.043,6900.0
1.1903,20.638,20.638,409.751,409.751,6900.0
1.1904,19.689,19.689,409.44,409.44,6900.0
1.1905,19.154,18.749,409.115,409.115,6900.0
1.1906,17.201,17.201,408.761,408.761,6900.0
1.1907,15.756,15.756,408.35,408.35,6900.0
1.1908,14.784,14.784,407.9,407.9,6900.0
1.1909,13.958,13.958,407.419,407.419,6900.0
1.191,12.819,12.819,406.923,406.923,6900.0
1.1911,11.13,11.13,406.401,406.401,6900.0
1.1912,9.639,9.639,405.844,405.844,6900.0
1.1913,8.658,8.658,405.264,405.264,6900.0
1.1914,7.427,7.427,404.666,404.666,6900.0
1.1915,6.266,6.266,404.057,404.057,6900.0
1.1916,4.72,4.72,403.434,403.434,6900.0
1.1917,3.069,3.069,402.796,402.796,6900.0
1.1918,1.895,1.895,402.147,402.147,6900.0
1.1919,0.662,0.662,401.49,401.49,6900.0
1.192,0.815,0.815,400.829,400.829,6900.0
1.1921,-0.074,-0.074,400.166,400.166,6900.0
1.1922,-0.91,-0.91,399.503,399.503,6900.0
1.1923,-2.206,-2.206,398.841,398.841,6900.0
1.1924,-2.864,-2.864,398.181,398.181,6900.0
1.1925,-4.154,-4.154,397.528,397.528,6900.0
1.1926,-5.354,-5.354,396.884,396.884,6900.0
1.1927,-6.612,-6.612,396.247,396.247,6900.0
1.1928,-8.03,-8.03,395.622,395.622,6900.0
1.1929,-9.244,-9.244,395.011,395.011,6900.0
1.193,-10.768,-10.768,394.423,394.423,6900.0
1.1931,-11.935,-11.935,393.858,393.858,6900.0
1.1932,-13.114,-13.114,393.306,393.306,6900.0
1.1933,-14.715,-14.715,392.773,392.773,6900.0
1.1934,-16.211,-16.211,392.276,392.276,6900.0
1.1935,-17.813,-17.813,391.829,391.829,6900.0
1.1936,-18.603,-18.603,391.434,391.434,6900.0
1.1937,-19.593,-19.593,391.054,391.054,6900.0
1.1938,-20.926,-20.926,390.695,390.695,6900.0
1.1939,-22.224,-22.224,390.376,390.376,6900.0
1.194,-23.621,-23.621,390.109,390.109,6900.0
1.1941,-24.689,-24.689,389.894,389.894,6900.0
1.1942,-25.649,-25.649,389.712,389.712,6900.0
1.1943,-26.698,-26.698,389.561,389.561,6900.0
1.1944,-27.806,-27.806,389.45,389.45,6900.0
1.1945,-29.178,-28.907,389.386,389.386,6900.0
1.1946,-30.263,-30.263,389.369,389.369,6900.0
1.1947,-31.407,-31.407,389.408,389.408,6900.0
1.1948,-32.176,-32.176,389.501,389.501,6900.0
1.1949,-32.99,-32.99,389.633,389.633,6900.0
1.195,-33.797,-33.797,389.8,389.8,6900.0
1.1951,-34.769,-34.769,390.007,390.007,6900.0
1.1952,-35.822,-35.822,390.26,390.26,6900.0
1.1953,-36.565,-36.565,390.571,390.571,6900.0
1.1954,-37.105,-37.105,390.918,390.918,6900.0
1.1955,-37.715,-37.715,391.282,391.282,6900.0
1.1956,-38.55,-38.55,391.678,391.678,6900.0
1.1957,-39.239,-39.239,392.112,392.112,6900.0
1.1958,-39.809,-39.809,392.6,392.6,6900.0
1.1959,-40.166,-40.166,393.122,393.122,6900.0
1.196,-40.539,-40.539,393.651,393.651,6900.0
1.1961,-41.037,-41.037,394.206,394.206,6900.0
1.1962,-41.373,-41.373,394.785,394.785,6900.0
1.1963,-41.754,-41.754,395.403,395.403,6900.0
1.1964,-41.742,-41.742,396.047,396.047,6900.0
1.1965,-42.026,-42.026,396.676,396.676,6900.0
1.1966,-42.306,-42.306,397.326,397.326,6900.0
1.1967,-42.304,-42.304,397.98,397.98,6900.0
1.1968,-42.487,-42.487,398.641,398.641,6900.0
1.1969,-42.148,-42.148,399.319,399.319,6900.0
1.197,-42.216,-42.216,399.971,399.971,6900.0
1.1971,-42.306,-42.306,400.637,400.637,6900.0
1.1972,-41.959,-41.959,401.3,401.3,6900.0
1.1973,-42.172,-42.172,401.944,401.944,6900.0
1.1974,-42.004,-42.004,402.604,402.604,6900.0
1.1975,-41.756,-41.756,403.247,403.247,6900.0
1.1976,-41.476,-41.476,403.894,403.894,6900.0
1.1977,-41.038,-41.038,404.52,404.52,6900.0
1.1978,-40.716,-40.716,405.11,405.11,6900.0
1.1979,-40.104,-40.104,405.688,405.688,6900.0
1.198,-39.831,-39.831,406.229,406.229,6900.0
1.1981,-39.367,-39.367,406.763,406.763,6900.0
1.1982,-38.717,-38.717,407.267,407.267,6900.0
1.1983,-38.206,-38.206,407.723,407.723,6900.0
1.1984,-37.669,-37.669,408.157,408.157,6900.0
1.1985,-37.117,-37.117,408.562,408.562,6900.0
1.1986,-36.43,-36.43,408.95,408.95,6900.0
1.1987,-35.637,-35.637,409.303,409.303,6900.0
1.1988,-34.882,-34.882,409.61,409.61,6900.0
1.1989,-34.245,-34.245,409.881,409.881,6900.0
1.199,-33.379,-33.379,410.119,410.119,6900.0
1.1991,-32.704,-32.704,410.32,410.32,6900.0
1.1992,-31.722,-31.722,410.488,410.488,6900.0
1.1993,-30.886,-30.886,410.611,410.611,6900.0
1.1994,-29.965,-29.965,410.692,410.692,6900.0
1.1995,-28.898,-28.898,410.728,410.728,6900.0
1.1996,-27.945,-27.945,410.716,410.716,6900.0
1.1997,-27.039,-27.039,410.666,410.666,6900.0
1.1998,-26.107,-26.107,410.59,410.59,6900.0
1.1999,-24.914,-24.914,410.481,410.481,6900.0
1.2,-23.648,-23.648,410.32,410.32,6900.0
1.2001,-22.597,-22.597,410.107,410.107,6900.0
1.2002,-21.788,-21.788,409.861,409.861,6900.0
1.2003,-21.019,-21.019,409.599,409.599,6900.0
1.2004,-19.783,-19.783,409.317,409.317,6900.0
1.2005,-18.125,-18.125,408.982,408.982,6900.0
1.2006,-17.471,-17.02,408.589,408.589,6900.0
1.2007,-15.965,-15.965,408.161,408.161,6900.0
1.2008,-15.333,-15.333,407.707,407.707,6900.0
1.2009,-14.142,-14.142,407.241,407.241,6900.0
1.201,-12.561,-12.561,406.744,406.744,6900.0
1.2011,-11.339,-11.339,406.213,406.213,6900.0
1.2012,-9.958,-9.958,405.661,405.661,6900.0
1.2013,-9.022,-9.022,405.09,405.09,6900.0
1.2014,-7.701,-7.701,404.506,404.506,6900.0
1.2015,-6.123,-6.123,403.903,403.903,6900.0
1.2016,-4.751,-4.751,403.28,403.28,6900.0
1.2017,-3.486,-3.486,402.643,402.643,6900.0
1.2018,-2.131,-2.131,401.994,401.994,6900.0
1.2019,-0.891,-0.891,401.337,401.337,6900.0
1.202,-0.0,-0.0,400.676,400.676,6900.0
1.2021,0.46,0.46,400.013,400.013,6900.0
1.2022,1.404,1.404,399.349,399.349,6900.0
1.2023,2.006,2.006,398.686,398.686,6900.0
1.2024,2.617,2.617,398.027,398.027,6900.0
1.2025,3.641,3.641,397.371,397.371,6900.0
1.2026,4.977,4.977,396.719,396.719,6900.0
1.2027,6.238,6.238,396.077,396.077,6900.0
1.2028,7.869,7.869,395.447,395.447,6900.0
1.2029,9.038,9.038,394.838,394.838,6900.0
1.203,10.175,10.175,394.244,394.244,6900.0
1.2031,11.61,11.61,393.662,393.662,6900.0
1.2032,13.218,13.218,393.107,393.107,6900.0
1.2033,14.83,14.83,392.589,392.589,6900.0
1.2034,16.015,16.015,392.121,392.121,6900.0
1.2035,16.881,16.881,391.68,391.68,6900.0
1.2036,18.214,18.214,391.249,391.249,6900.0
1.2037,19.774,19.774,390.85,390.85,6900.0
1.2038,21.17,21.17,390.5,390.5,6900.0
1.2039,22.306,22.306,390.207,390.207,6900.0
1.204,23.156,23.156,389.951,389.951,6900.0
1.2041,24.198,24.198,389.714,389.714,6900.0
1.2042,25.332,25.332,389.508,389.508,6900.0
1.2043,26.593,26.593,389.344,389.344,6900.0
1.2044,27.727,27.727,389.234,389.234,6900.0
1.2045,28.731,28.731,389.174,389.174,6900.0
1.2046,30.186,29.93,389.156,389.156,6900.0
1.2047,31.103,31.103,389.189,389.189,6900.0
1.2048,31.979,31.979,389.273,389.273,6900.0
1.2049,32.887,32.887,389.396,389.396,6900.0
1.205,33.594,33.594,389.565,389.565,6900.0
1.2051,34.553,34.553,389.778,389.778,6900.0
1.2052,35.299,35.299,390.039,390.039,6900.0
1.2053,35.982,35.982,390.328,390.328,6900.0
1.2054,36.798,36.798,390.641,390.641,6900.0
1.2055,37.462,37.462,390.991,390.991,6900.0
1.2056,38.256,38.256,391.387,391.387,6900.0
1.2057,38.762,38.762,391.831,391.831,6900.0
1.2058,39.308,39.308,392.293,392.293,6900.0
1.2059,40.132,40.132,392.774,392.774,6900.0
1.206,40.594,40.594,393.302,393.302,6900.0
1.2061,41.075,41.075,393.864,393.864,6900.0
1.2062,41.387,41.387,394.471,394.471,6900.0
1.2063,41.38,41.38,395.092,395.092,6900.0
1.2064,41.673,41.673,395.71,395.71,6900.0
1.2065,41.727,41.727,396.348,396.348,6900.0
1.2066,42.002,42.002,396.981,396.981,6900.0
1.2067,42.176,42.176,397.64,397.64,6900.0
1.2068,42.099,42.099,398.297,398.297,6900.0
1.2069,42.357,42.357,398.946,398.946,6900.0
1.207,42.297,42.297,399.609,399.609,6900.0
1.2071,42.316,42.316,400.257,400.257,6900.0
1.2072,42.188,42.188,400.924,400.924,6900.0
1.2073,41.893,41.893,401.584,401.584,6900.0
1.2074,42.021,42.021,402.238,402.238,6900.0
1.2075,41.67,41.67,402.901,402.901,6900.0
1.2076,41.278,41.278,403.535,403.535,6900.0
1.2077,40.914,40.914,404.156,404.156,6900.0
1.2078,40.543,40.543,404.749,404.749,6900.0
1.2079,40.291,40.291,405.328,405.328,6900.0
1.208,39.845,39.845,405.889,405.889,6900.0
1.2081,39.089,39.089,406.41,406.41,6900.0
1.2082,38.687,38.687,406.89,406.89,6900.0
1.2083,38.146,38.146,407.346,407.346,6900.0
1.2084,37.738,37.738,407.784,407.784,6900.0
1.2085,36.919,36.919,408.203,408.203,6900.0
1.2086,36.208,36.208,408.581,408.581,6900.0
1.2087,35.56,35.56,408.918,408.918,6900.0
1.2088,34.872,34.872,409.226,409.226,6900.0
1.2089,34.157,34.157,409.505,409.505,6900.0
1.209,33.298,33.298,409.751,409.751,6900.0
1.2091,32.43,32.43,409.955,409.955,6900.0
1.2092,31.67,31.67,410.115,410.115,6900.0
1.2093,30.759,30.759,410.232,410.232,6900.0
1.2094,29.954,29.954,410.302,410.302,6900.0
1.2095,28.922,28.922,410.334,410.334,6900.0
1.2096,28.007,28.007,410.327,410.327,6900.0
1.2097,26.915,26.915,410.291,410.291,6900.0
1.2098,25.791,25.791,410.211,410.211,6900.0
1.2099,24.736,24.736,410.077,410.077,6900.0
1.21,23.956,23.956,409.902,409.902,6900.0
1.2101,23.134,23.134,409.704,409.704,6900.0
1.2102,21.992,21.992,409.491,409.491,6900.0
1.2103,20.484,20.484,409.236,409.236,6900.0
1.2104,19.044,19.044,408.917,408.917,6900.0
1.2105,18.145,18.145,408.549,408.549,6900.0
1.2106,17.481,17.481,408.155,408.155,6900.0
1.2107,16.488,16.488,407.75,407.75,6900.0
1.2108,14.99,14.99,407.319,407.319,6900.0
1.2109,13.476,13.476,406.844,406.844,6900.0
1.211,12.457,12.457,406.338,406.338,6900.0
1.2111,11.35,11.35,405.809,405.809,6900.0
1.2112,10.186,10.186,405.265,405.265,6900.0
1.2113,8.559,8.559,404.701,404.701,6900.0
1.2114,7.068,7.068,404.108,404.108,6900.0
1.2115,5.751,5.751,403.495,403.495,6900.0
1.2116,4.548,4.548,402.866,402.866,6900.0
1.2117,3.295,3.295,402.225,402.225,6900.0
1.2118,1.961,1.961,401.574,401.574,6900.0
1.2119,0.617,0.617,400.915,400.915,6900.0
1.212,0.0,0.0,400.253,400.253,6900.0
1.2121,0.0,0.0,399.59,399.59,6900.0
1.2122,-2.049,-2.049,398.925,398.925,6900.0
1.2123,-1.859,-1.859,398.263,398.263,6900.0
1.2124,-2.843,-2.843,397.6,397.6,6900.0
1.2125,-4.23,-4.23,396.943,396.943,6900.0
1.2126,-5.607,-5.607,396.293,396.293,6900.0
1.2127,-6.964,-6.964,395.657,395.657,6900.0
1.2128,-7.879,-7.879,395.037,395.037,6900.0
1.2129,-9.08,-9.08,394.425,394.425,6900.0
1.213,-10.735,-10.735,393.829,393.829,6900.0
1.2131,-12.078,-12.078,393.259,393.259,6900.0
1.2132,-13.62,-13.62,392.723,392.723,6900.0
1.2133,-14.525,-14.525,392.224,392.224,6900.0
1.2134,-15.339,-15.339,391.736,391.736,6900.0
1.2135,-16.743,-16.743,391.262,391.262,6900.0
1.2136,-18.527,-18.527,390.825,390.825,6900.0
1.2137,-20.139,-20.139,390.447,390.447,6900.0
1.2138,-21.171,-21.171,390.124,390.124,6900.0
1.2139,-22.026,-22.026,389.825,389.825,6900.0
1.214,-23.238,-23.238,389.545,389.545,6900.0
1.2141,-24.686,-24.686,389.303,389.303,6900.0
1.2142,-25.909,-25.909,389.114,389.114,6900.0
1.2143,-27.061,-27.061,388.973,388.973,6900.0
1.2144,-28.028,-28.028,388.874,388.874,6900.0
1.2145,-29.223,-29.223,388.813,388.813,6900.0
1.2146,-30.353,-30.353,388.799,388.799,6900.0
1.2147,-31.727,-31.48,388.834,388.834,6900.0
1.2148,-32.557,-32.557,388.923,388.923,6900.0
1.2149,-33.633,-33.633,389.065,389.065,6900.0
1.215,-34.478,-34.478,389.264,389.264,6900.0
1.2151,-35.068,-35.068,389.505,389.505,6900.0
1.2152,-35.728,-35.728,389.771,389.771,6900.0
1.2153,-36.556,-36.556,390.068,390.068,6900.0
1.2154,-37.345,-37.345,390.402,390.402,6900.0
1.2155,-37.99,-37.99,390.785,390.785,6900.0
1.2156,-38.471,-38.471,391.201,391.201,6900.0
1.2157,-39.069,-39.069,391.628,391.628,6900.0
1.2158,-39.72,-39.72,392.09,392.09,6900.0
1.2159,-40.327,-40.327,392.583,392.583,6900.0
1.216,-40.962,-40.962,393.133,393.133,6900.0
1.2161,-41.296,-41.296,393.72,393.72,6900.0
1.2162,-41.53,-41.53,394.316,394.316,6900.0
1.2163,-42.05,-42.05,394.933,394.933,6900.0
1.2164,-42.278,-42.278,395.57,395.57,6900.0
1.2165,-42.662,-42.662,396.231,396.231,6900.0
1.2166,-42.559,-42.559,396.915,396.915,6900.0
1.2167,-42.666,-42.666,397.577,397.577,6900.0
1.2168,-42.644,-42.644,398.251,398.251,6900.0
1.2169,-42.383,-42.383,398.915,398.915,6900.0
1.217,-42.572,-42.572,399.573,399.573,6900.0
1.2171,-42.633,-42.633,400.245,400.245,6900.0
1.2172,-42.566,-42.566,400.911,400.911,6900.0
1.2173,-42.416,-42.416,401.589,401.589,6900.0
1.2174,-42.053,-42.053,402.257,402.257,6900.0
1.2175,-41.965,-41.965,402.902,402.902,6900.0
1.2176,-41.565,-41.565,403.548,403.548,6900.0
1.2177,-41.358,-41.358,404.169,404.169,6900.0
1.2178,-41.036,-41.036,404.79,404.79,6900.0
1.2179,-40.347,-40.347,405.386,405.386,6900.0
1.218,-40.054,-40.054,405.93,405.93,6900.0
1.2181,-39.424,-39.424,406.46,406.46,6900.0
1.2182,-39.139,-39.139,406.952,406.952,6900.0
1.2183,-38.451,-38.451,407.438,407.438,6900.0
1.2184,-37.775,-37.775,407.887,407.887,6900.0
1.2185,-37.079,-37.079,408.291,408.291,6900.0
1.2186,-36.805,-36.805,408.663,408.663,6900.0
1.2187,-36.249,-36.249,409.016,409.016,6900.0
1.2188,-35.428,-35.428,409.346,409.346,6900.0
1.2189,-34.501,-34.501,409.641,409.641,6900.0
1.219,-33.636,-33.636,409.888,409.888,6900.0
1.2191,-32.725,-32.725,410.095,410.095,6900.0
1.2192,-31.782,-31.782,410.259,410.259,6900.0
1.2193,-31.078,-31.078,410.379,410.379,6900.0
1.2194,-30.218,-30.218,410.466,410.466,6900.0
1.2195,-29.487,-29.487,410.517,410.517,6900.0
1.2196,-28.139,-28.139,410.532,410.532,6900.0
1.2197,-26.902,-26.902,410.489,410.489,6900.0
1.2198,-26.031,-26.031,410.392,410.392,6900.0
1.2199,-25.165,-25.165,410.262,410.262,6900.0
1.22,-24.339,-24.339,410.11,410.11,6900.0
1.2201,-22.922,-22.922,409.933,409.933,6900.0
1.2202,-21.459,-21.459,409.698,409.698,6900.0
1.2203,-20.488,-20.488,409.405,409.405,6900.0
1.2204,-19.6,-19.6,409.081,409.081,6900.0
1.2205,-18.961,-18.961,408.742,408.742,6900.0
1.2206,-17.472,-17.472,408.39,408.39,6900.0
1.2207,-15.855,-15.855,407.992,407.992,6900.0
1.2208,-14.708,-14.708,407.544,407.544,6900.0
1.2209,-13.466,-13.466,407.066,407.066,6900.0
1.221,-12.609,-12.609,406.56,406.56,6900.0
1.2211,-11.449,-11.449,406.037,406.037,6900.0
1.2212,-9.915,-9.915,405.487,405.487,6900.0
1.2213,-8.753,-8.753,404.908,404.908,6900.0
1.2214,-7.423,-7.423,404.311,404.311,6900.0
1.2215,-6.388,-6.388,403.697,403.697,6900.0
1.2216,-4.803,-4.803,403.072,403.072,6900.0
1.2217,-3.354,-3.354,402.434,402.434,6900.0
1.2218,-2.268,-2.268,401.784,401.784,6900.0
1.2219,-1.093,-1.093,401.128,401.128,6900.0
1.222,-0.82,-0.82,400.466,400.466,6900.0
1.2221,0.079,0.079,399.803,399.803,6900.0
1.2222,1.414,1.414,399.139,399.139,6900.0
1.2223,1.683,1.683,398.475,398.475,6900.0
1.2224,2.643,2.643,397.814,397.814,6900.0
1.2225,3.893,3.893,397.157,397.157,6900.0
1.2226,5.154,5.154,396.512,396.512,6900.0
1.2227,6.345,6.345,395.877,395.877,6900.0
1.2228,7.749,7.749,395.25,395.25,6900.0
1.2229,9.224,9.224,394.64,394.64,6900.0
1.223,10.778,10.778,394.049,394.049,6900.0
1.2231,11.926,11.926,393.488,393.488,6900.0
1.2232,12.947,12.947,392.945,392.945,6900.0
1.2233,14.44,14.44,392.412,392.412,6900.0
1.2234,16.048,16.048,391.909,391.909,6900.0
1.2235,17.65,17.65,391.451,391.451,6900.0
1.2236,18.981,18.981,391.051,391.051,6900.0
1.2237,19.815,19.815,390.687,390.687,6900.0
1.2238,20.997,20.997,390.338,390.338,6900.0
1.2239,22.337,22.337,390.021,390.021,6900.0
1.224,23.735,23.735,389.751,389.751,6900.0
1.2241,24.959,24.959,389.539,389.539,6900.0
1.2242,25.856,25.856,389.37,389.37,6900.0
1.2243,26.833,26.833,389.231,389.231,6900.0
1.2244,27.89,27.89,389.127,389.127,6900.0
1.2245,28.866,28.866,389.066,389.066,6900.0
1.2246,29.936,29.936,389.05,389.05,6900.0
1.2247,31.039,31.039,389.082,389.082,6900.0
1.2248,31.884,31.884,389.168,389.168,6900.0
1.2249,32.744,32.744,389.295,389.295,6900.0
1.225,33.467,33.467,389.461,389.461,6900.0
1.2251,34.545,34.545,389.656,389.656,6900.0
1.2252,35.485,35.485,389.902,389.902,6900.0
1.2253,36.426,36.426,390.201,390.201,6900.0
1.2254,37.18,37.18,390.547,390.547,6900.0
1.2255,37.783,37.783,390.923,390.923,6900.0
1.2256,38.453,38.453,391.319,391.319,6900.0
1.2257,38.985,38.985,391.753,391.753,6900.0
1.2258,39.774,39.774,392.224,392.224,6900.0
1.2259,40.203,40.203,392.75,392.75,6900.0
1.226,40.452,40.452,393.294,393.294,6900.0
1.2261,41.026,41.026,393.846,393.846,6900.0
1.2262,41.327,41.327,394.431,394.431,6900.0
1.2263,41.722,41.722,395.037,395.037,6900.0
1.2264,41.897,41.897,395.68,395.68,6900.0
1.2265,41.854,41.854,396.326,396.326,6900.0
1.2266,42.214,42.214,396.968,396.968,6900.0
1.2267,42.34,42.34,397.626,397.626,6900.0
1.2268,42.646,42.646,398.276,398.276,6900.0
1.2269,42.691,42.691,398.954,398.954,6900.0
1.227,42.571,42.571,399.629,399.629,6900.0
1.2271,42.672,42.672,400.301,400.301,6900.0
1.2272,42.511,42.511,400.981,400.981,6900.0
1.2273,42.408,42.408,401.64,401.64,6900.0
1.2274,42.4,42.4,402.306,402.306,6900.0
1.2275,42.065,42.065,402.967,402.967,6900.0
1.2276,41.802,41.802,403.618,403.618,6900.0
1.2277,41.342,41.342,404.26,404.26,6900.0
1.2278,40.654,40.654,404.867,404.867,6900.0
1.2279,40.325,40.325,405.441,405.441,6900.0
1.228,39.928,39.928,405.99,405.99,6900.0
1.2281,39.646,39.646,406.522,406.522,6900.0
1.2282,38.974,38.974,407.035,407.035,6900.0
1.2283,38.283,38.283,407.504,407.504,6900.0
1.2284,37.93,37.93,407.934,407.934,6900.0
1.2285,37.257,37.257,408.342,408.342,6900.0
1.2286,36.62,36.62,408.728,408.728,6900.0
1.2287,35.97,35.97,409.085,409.085,6900.0
1.2288,35.258,35.038,409.408,409.408,6900.0
1.2289,34.246,34.246,409.683,409.683,6900.0
1.229,33.397,33.397,409.922,409.922,6900.0
1.2291,32.694,32.694,410.121,410.121,6900.0
1.2292,31.836,31.836,410.286,410.286,6900.0
1.2293,31.011,31.011,410.412,410.412,6900.0
1.2294,29.881,29.881,410.501,410.501,6900.0
1.2295,28.878,28.878,410.539,410.539,6900.0
1.2296,27.846,27.846,410.526,410.526,6900.0
1.2297,26.91,26.91,410.468,410.468,6900.0
1.2298,26.11,26.11,410.379,410.379,6900.0
1.2299,25.209,25.209,410.269,410.269,6900.0
1.23,23.898,23.898,410.119,410.119,6900.0
1.2301,22.767,22.767,409.91,409.91,6900.0
1.2302,21.996,21.996,409.657,409.657,6900.0
1.2303,21.101,21.101,409.385,409.385,6900.0
1.2304,20.001,20.001,409.101,409.101,6900.0
1.2305,18.369,18.369,408.781,408.781,6900.0
1.2306,16.849,16.849,408.401,408.401,6900.0
1.2307,15.837,15.837,407.976,407.976,6900.0
1.2308,14.927,14.927,407.52,407.52,6900.0
1.2309,14.034,14.034,407.047,407.047,6900.0
1.231,12.568,12.568,406.55,406.55,6900.0
1.2311,11.241,11.241,406.016,406.016,6900.0
1.2312,10.091,10.091,405.46,405.46,6900.0
1.2313,8.866,8.866,404.883,404.883,6900.0
1.2314,7.535,7.535,404.293,404.293,6900.0
1.2315,6.05,6.05,403.686,403.686,6900.0
1.2316,4.555,4.555,403.062,403.062,6900.0
1.2317,3.199,3.199,402.423,402.423,6900.0
1.2318,1.576,1.576,401.773,401.773,6900.0
1.2319,0.479,0.479,401.115,401.115,6900.0
1.232,0.0,0.0,400.453,400.453,6900.0
1.2321,0.0,0.0,399.789,399.789,6900.0
1.2322,-2.224,-2.224,399.125,399.125,6900.0
1.2323,-2.1,-2.1,398.464,398.464,6900.0
1.2324,-3.206,-3.206,397.806,397.806,6900.0
1.2325,-4.338,-4.338,397.154,397.154,6900.0
1.2326,-5.146,-5.146,396.507,396.507,6900.0
1.2327,-6.647,-6.647,395.868,395.868,6900.0
1.2328,-8.141,-8.141,395.24,395.24,6900.0
1.2329,-9.705,-9.705,394.634,394.634,6900.0
1.233,-10.771,-10.771,394.049,394.049,6900.0
1.2331,-11.803,-11.803,393.474,393.474,6900.0
1.2332,-13.424,-13.424,392.917,392.917,6900.0
1.2333,-14.945,-14.945,392.394,392.394,6900.0
1.2334,-16.45,-16.45,391.919,391.919,6900.0
1.2335,-17.334,-17.334,391.49,391.49,6900.0
1.2336,-18.377,-18.377,391.077,391.077,6900.0
1.2337,-19.706,-19.706,390.683,390.683,6900.0
1.2338,-21.148,-21.148,390.327,390.327,6900.0
1.2339,-22.69,-22.69,390.025,390.025,6900.0
1.234,-23.596,-23.596,389.777,389.777,6900.0
1.2341,-24.779,-24.779,389.556,389.556,6900.0
1.2342,-25.871,-25.871,389.366,389.366,6900.0
1.2343,-26.984,-26.984,389.217,389.217,6900.0
1.2344,-28.151,-28.151,389.115,389.115,6900.0
1.2345,-29.109,-29.109,389.064,389.064,6900.0
1.2346,-30.347,-30.347,389.06,389.06,6900.0
1.2347,-31.469,-31.469,389.108,389.108,6900.0
1.2348,-32.45,-32.45,389.204,389.204,6900.0
1.2349,-33.141,-33.141,389.343,389.343,6900.0
1.235,-34.059,-34.059,389.519,389.519,6900.0
1.2351,-35.107,-35.107,389.738,389.738,6900.0
1.2352,-35.936,-35.936,390.013,390.013,6900.0
1.2353,-36.632,-36.632,390.326,390.326,6900.0
1.2354,-37.413,-37.413,390.661,390.661,6900.0
1.2355,-38.226,-38.226,391.033,391.033,6900.0
1.2356,-38.921,-38.921,391.442,391.442,6900.0
1.2357,-39.491,-39.491,391.905,391.905,6900.0
1.2358,-39.813,-39.813,392.401,392.401,6900.0
1.2359,-40.3,-40.3,392.905,392.905,6900.0
1.236,-40.854,-40.854,393.442,393.442,6900.0
1.2361,-41.242,-41.242,394.007,394.007,6900.0
1.2362,-41.715,-41.715,394.615,394.615,6900.0
1.2363,-41.846,-41.846,395.252,395.252,6900.0
1.2364,-42.073,-42.073,395.884,395.884,6900.0
1.2365,-42.359,-42.359,396.534,396.534,6900.0
1.2366,-42.327,-42.327,397.189,397.189,6900.0
1.2367,-42.687,-42.687,397.851,397.851,6900.0
1.2368,-42.659,-42.659,398.531,398.531,6900.0
1.2369,-42.613,-42.613,399.196,399.196,6900.0
1.237,-42.595,-42.595,399.871,399.871,6900.0
1.2371,-42.541,-42.541,400.538,400.538,6900.0
1.2372,-42.643,-42.643,401.203,401.203,6900.0
1.2373,-42.377,-42.377,401.882,401.882,6900.0
1.2374,-42.148,-42.148,402.545,402.545,6900.0
1.2375,-41.918,-41.918,403.212,403.212,6900.0
1.2376,-41.47,-41.47,403.861,403.861,6900.0
1.2377,-41.395,-41.395,404.474,404.474,6900.0
1.2378,-40.824,-40.824,405.086,405.086,6900.0
1.2379,-40.467,-40.467,405.662,405.662,6900.0
1.238,-39.946,-39.946,406.227,406.227,6900.0
1.2381,-39.347,-39.347,406.759,406.759,6900.0
1.2382,-38.87,-38.87,407.244,407.244,6900.0
1.2383,-38.368,-38.368,407.706,407.706,6900.0
1.2384,-37.943,-37.943,408.14,408.14,6900.0
1.2385,-37.329,-37.329,408.561,408.561,6900.0
1.2386,-36.641,-36.641,408.951,408.951,6900.0
1.2387,-35.698,-35.698,409.301,409.301,6900.0
1.2388,-35.021,-35.021,409.609,409.609,6900.0
1.2389,-34.659,-34.432,409.884,409.884,6900.0
1.239,-33.66,-33.66,410.133,410.133,6900.0
1.2391,-32.633,-32.633,410.345,410.345,6900.0
1.2392,-31.509,-31.509,410.511,410.511,6900.0
1.2393,-30.645,-30.645,410.626,410.626,6900.0
1.2394,-29.826,-29.826,410.695,410.695,6900.0
1.2395,-28.863,-28.863,410.721,410.721,6900.0
1.2396,-28.075,-28.075,410.707,410.707,6900.0
1.2397,-27.16,-27.16,410.666,410.666,6900.0
1.2398,-26.08,-26.08,410.591,410.591,6900.0
1.2399,-24.728,-24.728,410.468,410.468,6900.0
1.24,-23.942,-23.942,410.289,410.289,6900.0
1.2401,-23.082,-23.082,410.083,410.083,6900.0
1.2402,-22.332,-22.332,409.858,409.858,6900.0
1.2403,-20.768,-20.768,409.617,409.617,6900.0
1.2404,-19.064,-19.064,409.313,409.313,6900.0
1.2405,-18.117,-18.117,408.946,408.946,6900.0
1.2406,-17.136,-17.136,408.546,408.546,6900.0
1.2407,-16.277,-16.277,408.125,408.125,6900.0
1.2408,-15.058,-15.058,407.687,407.687,6900.0
1.2409,-13.477,-13.477,407.216,407.216,6900.0
1.241,-12.566,-12.566,406.706,406.706,6900.0
1.2411,-11.096,-11.096,406.179,406.179,6900.0
1.2412,-10.027,-10.027,405.628,405.628,6900.0
1.2413,-8.623,-8.623,405.062,405.062,6900.0
1.2414,-7.339,-7.339,404.474,404.474,6900.0
1.2415,-6.095,-6.095,403.863,403.863,6900.0
1.2416,-4.618,-4.618,403.237,403.237,6900.0
1.2417,-3.277,-3.277,402.597,402.597,6900.0
1.2418,-2.038,-2.038,401.946,401.946,6900.0
1.2419,-0.941,-0.941,401.288,401.288,6900.0
1.242,-0.0,-0.0,400.627,400.627,6900.0
1.2421,-0.0,-0.0,399.964,399.964,6900.0
1.2422,0.66,0.66,399.3,399.3,6900.0
1.2423,1.748,1.748,398.638,398.638,6900.0
1.2424,2.4,2.4,397.977,397.977,6900.0
1.2425,3.794,3.794,397.319,397.319,6900.0
1.2426,5.444,5.444,396.668,396.668,6900.0
1.2427,7.034,7.034,396.029,396.029,6900.0
1.2428,7.977,7.977,395.41,395.41,6900.0
1.2429,8.828,8.828,394.803,394.803,6900.0
1.243,10.37,10.37,394.205,394.205,6900.0
1.2431,12.069,12.069,393.632,393.632,6900.0
1.2432,13.714,13.714,393.092,393.092,6900.0
1.2433,15.026,15.026,392.597,392.597,6900.0
1.2434,15.899,15.899,392.127,392.127,6900.0
1.2435,17.14,17.14,391.667,391.667,6900.0
1.2436,18.555,18.555,391.235,391.235,6900.0
1.2437,20.048,20.048,390.85,390.85,6900.0
1.2438,21.331,21.331,390.521,390.521,6900.0
1.2439,22.357,22.357,390.233,390.233,6900.0
1.244,23.598,23.598,389.965,389.965,6900.0
1.2441,24.925,24.925,389.731,389.731,6900.0
1.2442,26.14,26.14,389.544,389.544,6900.0
1.2443,26.995,26.995,389.413,389.413,6900.0
1.2444,27.829,27.829,389.32,389.32,6900.0
1.2445,28.843,28.843,389.265,389.265,6900.0
1.2446,29.96,29.96,389.253,389.253,6900.0
1.2447,31.072,31.072,389.287,389.287,6900.0
1.2448,32.038,32.038,389.369,389.369,6900.0
1.2449,32.92,32.92,389.497,389.497,6900.0
1.245,33.926,33.926,389.675,389.675,6900.0
1.2451,34.672,34.672,389.902,389.902,6900.0
1.2452,35.45,35.45,390.159,390.159,6900.0
1.2453,36.245,36.245,390.444,390.444,6900.0
1.2454,36.863,36.863,390.769,390.769,6900.0
1.2455,37.628,37.628,391.136,391.136,6900.0
1.2456,38.423,38.423,391.546,391.546,6900.0
1.2457,38.935,38.935,391.987,391.987,6900.0
1.2458,39.495,39.495,392.445,392.445,6900.0
1.2459,39.928,39.928,392.939,392.939,6900.0
1.246,40.66,40.66,393.465,393.465,6900.0
1.2461,41.034,41.034,394.045,394.045,6900.0
1.2462,41.179,41.179,394.64,394.64,6900.0
1.2463,41.719,41.719,395.239,395.239,6900.0
1.2464,41.772,41.772,395.868,395.868,6900.0
1.2465,42.202,42.202,396.497,396.497,6900.0
1.2466,42.219,42.219,397.163,397.163,6900.0
1.2467,42.195,42.195,397.823,397.823,6900.0
1.2468,42.462,42.462,398.479,398.479,6900.0
1.2469,42.469,42.469,399.148,399.148,6900.0
1.247,42.371,42.371,399.807,399.807,6900.0
1.2471,42.471,42.471,400.477,400.477,6900.0
1.2472,42.281,42.281,401.146,401.146,6900.0
1.2473,42.346,42.346,401.812,401.812,6900.0
1.2474,41.958,41.958,402.485,402.485,6900.0
1.2475,41.572,41.572,403.126,403.126,6900.0
1.2476,41.34,41.34,403.758,403.758,6900.0
1.2477,40.906,40.906,404.371,404.371,6900.0
1.2478,40.722,40.722,404.968,404.968,6900.0
1.2479,40.108,40.108,405.555,405.555,6900.0
1.248,39.534,39.534,406.098,406.098,6900.0
1.2481,39.258,39.258,406.608,406.608,6900.0
1.2482,38.833,38.833,407.096,407.096,6900.0
1.2483,38.513,38.513,407.568,407.568,6900.0
1.2484,37.825,37.825,408.02,408.02,6900.0
1.2485,37.064,37.064,408.433,408.433,6900.0
1.2486,36.381,36.381,408.805,408.805,6900.0
1.2487,35.627,35.627,409.144,409.144,6900.0
1.2488,34.957,34.957,409.454,409.454,6900.0
1.2489,34.262,34.262,409.733,409.733,6900.0
1.249,33.263,33.263,409.978,409.978,6900.0
1.2491,32.5,32.5,410.174,410.174,6900.0
1.2492,31.633,31.633,410.332,410.332,6900.0
1.2493,30.684,30.684,410.446,410.446,6900.0
1.2494,29.839,29.839,410.518,410.518,6900.0
1.2495,29.084,29.084,410.554,410.554,6900.0
1.2496,27.749,27.749,410.562,410.562,6900.0
1.2497,26.654,26.654,410.517,410.517,6900.0
1.2498,25.758,25.758,410.414,410.414,6900.0
1.2499,24.831,24.831,410.273,410.273,6900.0
1.25,24.029,24.029,410.105,410.105,6900.0
1.2501,23.019,23.019,409.921,409.921,6900.0
1.2502,21.519,21.519,409.697,409.697,6900.0
1.2503,20.223,20.223,409.408,409.408,6900.0
1.2504,19.317,19.317,409.074,409.074,6900.0
1.2505,18.556,18.556,408.715,408.715,6900.0
1.2506,17.703,17.703,408.346,408.346,6900.0
1.2507,16.127,16.127,407.952,407.952,6900.0
1.2508,14.758,14.758,407.507,407.507,6900.0
1.2509,13.536,13.536,407.03,407.03,6900.0
1.251,12.349,12.349,406.523,406.523,6900.0
1.2511,11.302,11.302,405.998,405.998,6900.0
1.2512,9.824,9.824,405.451,405.451,6900.0
1.2513,8.353,8.353,404.875,404.875,6900.0
1.2514,7.168,7.168,404.276,404.276,6900.0
1.2515,5.777,5.777,403.66,403.66,6900.0
1.2516,4.546,4.546,403.031,403.031,6900.0
1.2517,3.149,3.149,402.39,402.39,6900.0
1.2518,1.677,1.677,401.738,401.738,6900.0
1.2519,0.539,0.539,401.08,401.08,6900.0
1.252,0.0,0.0,400.418,400.418,6900.0
1.2521,0.0,0.0,399.754,399.754,6900.0
1.2522,-1.788,-1.788,399.09,399.09,6900.0
1.2523,-3.025,-3.025,398.426,398.426,6900.0
1.2524,-3.398,-3.398,397.768,397.768,6900.0
1.2525,-4.487,-4.487,397.113,397.113,6900.0
1.2526,-5.722,-5.722,396.469,396.469,6900.0
1.2527,-6.737,-6.737,395.837,395.837,6900.0
1.2528,-7.856,-7.856,395.214,395.214,6900.0
1.2529,-9.551,-9.551,394.605,394.605,6900.0
1.253,-11.526,-11.034,394.017,394.017,6900.0
1.2531,-12.32,-12.32,393.461,393.461,6900.0
1.2532,-13.33,-13.33,392.932,392.932,6900.0
1.2533,-14.314,-14.314,392.415,392.415,6900.0
1.2534,-15.971,-15.971,391.913,391.913,6900.0
1.2535,-17.456,-17.456,391.451,391.451,6900.0
1.2536,-19.024,-19.024,391.042,391.042,6900.0
1.2537,-20.003,-20.003,390.685,390.685,6900.0
1.2538,-21.03,-21.03,390.349,390.349,6900.0
1.2539,-22.319,-22.319,390.036,390.036,6900.0
1.254,-23.66,-23.66,389.764,389.764,6900.0
1.2541,-24.991,-24.991,389.542,389.542,6900.0
1.2542,-25.934,-25.934,389.371,389.371,6900.0
1.2543,-27.13,-27.13,389.234,389.234,6900.0
1.2544,-28.278,-28.278,389.137,389.137,6900.0
1.2545,-29.267,-29.267,389.085,389.085,6900.0
1.2546,-30.607,-30.607,389.075,389.075,6900.0
1.2547,-31.703,-31.703,389.121,389.121,6900.0
1.2548,-32.565,-32.565,389.222,389.222,6900.0
1.2549,-33.511,-33.511,389.371,389.371,6900.0
1.255,-34.266,-34.266,389.563,389.563,6900.0
1.2551,-35.079,-35.079,389.786,389.786,6900.0
1.2552,-36.093,-36.093,390.046,390.046,6900.0
1.2553,-36.893,-36.893,390.353,390.353,6900.0
1.2554,-37.492,-37.492,390.714,390.714,6900.0
1.2555,-38.228,-38.228,391.104,391.104,6900.0
1.2556,-38.615,-38.615,391.518,391.518,6900.0
1.2557,-39.377,-39.377,391.958,391.958,6900.0
1.2558,-40.075,-40.075,392.431,392.431,6900.0
1.2559,-40.691,-40.691,392.96,392.96,6900.0
1.256,-40.898,-40.898,393.525,393.525,6900.0
1.2561,-41.344,-41.344,394.091,394.091,6900.0
1.2562,-41.738,-41.738,394.69,394.69,6900.0
1.2563,-41.988,-41.988,395.306,395.306,6900.0
1.2564,-42.283,-42.283,395.952,395.952,6900.0
1.2565,-42.205,-42.205,396.617,396.617,6900.0
1.2566,-42.259,-42.259,397.268,397.268,6900.0
1.2567,-42.31,-42.31,397.93,397.93,6900.0
1.2568,-42.279,-42.279,398.586,398.586,6900.0
1.2569,-42.649,-42.649,399.245,399.245,6900.0
1.257,-42.559,-42.559,399.924,399.924,6900.0
1.2571,-42.581,-42.581,400.589,400.589,6900.0
1.2572,-42.299,-42.299,401.27,401.27,6900.0
1.2573,-41.957,-41.957,401.933,401.933,6900.0
1.2574,-41.953,-41.953,402.576,402.576,6900.0
1.2575,-41.563,-41.563,403.227,403.227,6900.0
1.2576,-41.557,-41.557,403.851,403.851,6900.0
1.2577,-41.209,-41.209,404.484,404.484,6900.0
1.2578,-40.73,-40.73,405.09,405.09,6900.0
1.2579,-40.402,-40.402,405.657,405.657,6900.0
1.258,-39.96,-39.96,406.207,406.207,6900.0
1.2581,-39.604,-39.604,406.729,406.729,6900.0
1.2582,-38.87,-38.87,407.242,407.242,6900.0
1.2583,-38.192,-38.192,407.718,407.718,6900.0
1.2584,-37.52,-37.52,408.147,408.147,6900.0
1.2585,-36.897,-36.897,408.547,408.547,6900.0
1.2586,-36.623,-36.623,408.913,408.913,6900.0
1.2587,-35.947,-35.947,409.267,409.267,6900.0
1.2588,-35.081,-35.081,409.587,409.587,6900.0
1.2589,-34.159,-34.159,409.863,409.863,6900.0
1.259,-33.474,-33.474,410.096,410.096,6900.0
1.2591,-32.506,-32.506,410.295,410.295,6900.0
1.2592,-31.626,-31.626,410.453,410.453,6900.0
1.2593,-30.66,-30.66,410.571,410.571,6900.0
1.2594,-29.778,-29.778,410.651,410.651,6900.0
1.2595,-28.682,-28.682,410.691,410.691,6900.0
1.2596,-27.731,-27.731,410.678,410.678,6900.0
1.2597,-26.979,-26.979,410.616,410.616,6900.0
1.2598,-26.022,-26.022,410.522,410.522,6900.0
1.2599,-25.139,-25.139,410.402,410.402,6900.0
1.26,-23.868,-23.868,410.253,410.253,6900.0
1.2601,-22.406,-22.406,410.049,410.049,6900.0
1.2602,-21.445,-21.445,409.787,409.787,6900.0
1.2603,-20.747,-20.747,409.496,409.496,6900.0
1.2604,-19.981,-19.981,409.194,409.194,6900.0
1.2605,-18.542,-18.542,408.878,408.878,6900.0
1.2606,-16.823,-16.823,408.512,408.512,6900.0
1.2607,-15.705,-15.705,408.091,408.091,6900.0
1.2608,-14.489,-14.489,407.637,407.637,6900.0
1.2609,-13.8,-13.8,407.154,407.154,6900.0
1.261,-12.418,-12.418,406.654,406.654,6900.0
1.2611,-11.118,-11.118,406.121,406.121,6900.0
1.2612,-10.075,-10.075,405.559,405.559,6900.0
1.2613,-8.78,-8.78,404.979,404.979,6900.0
1.2614,-7.423,-7.423,404.382,404.382,6900.0
1.2615,-6.134,-6.134,403.771,403.771,6900.0
1.2616,-4.552,-4.552,403.146,403.146,6900.0
1.2617,-3.151,-3.151,402.506,402.506,6900.0
1.2618,-1.911,-1.911,401.856,401.856,6900.0
1.2619,-0.878,-0.878,401.199,401.199,6900.0
1.262,-0.872,-0.872,400.538,400.538,6900.0
1.2621,-0.0,-0.0,399.875,399.875,6900.0
1.2622,1.767,1.767,399.21,399.21,6900.0
1.2623,1.84,1.84,398.549,398.549,6900.0
1.2624,3.042,3.042,397.889,397.889,6900.0
1.2625,3.983,3.983,397.237,397.237,6900.0
1.2626,5.254,5.254,396.592,396.592,6900.0
1.2627,6.775,6.775,395.954,395.954,6900.0
1.2628,8.061,8.061,395.331,395.331,6900.0
1.2629,9.652,9.652,394.724,394.724,6900.0
1.263,10.883,10.883,394.142,394.142,6900.0
1.2631,12.421,11.932,393.576,393.576,6900.0
1.2632,13.385,13.385,393.021,393.021,6900.0
1.2633,14.947,14.947,392.494,392.494,6900.0
1.2634,16.565,16.565,392.009,392.009,6900.0
1.2635,17.915,17.915,391.58,391.58,6900.0
1.2636,18.648,18.648,391.186,391.186,6900.0
1.2637,19.801,19.801,390.803,390.803,6900.0
1.2638,21.178,21.178,390.452,390.452,6900.0
1.2639,22.703,22.703,390.146,390.146,6900.0
1.264,23.788,23.788,389.899,389.899,6900.0
1.2641,24.859,24.859,389.691,389.691,6900.0
1.2642,26.052,26.052,389.511,389.511,6900.0
1.2643,27.092,27.092,389.371,389.371,6900.0
1.2644,28.167,28.167,389.272,389.272,6900.0
1.2645,29.099,29.099,389.222,389.222,6900.0
1.2646,30.157,30.157,389.217,389.217,6900.0
1.2647,31.041,31.041,389.263,389.263,6900.0
1.2648,31.808,31.808,389.354,389.354,6900.0
1.2649,32.688,32.688,389.481,389.481,6900.0
1.265,33.728,33.728,389.643,389.643,6900.0
1.2651,34.602,34.602,389.854,389.854,6900.0
1.2652,35.641,35.641,390.113,390.113,6900.0
1.2653,36.34,36.34,390.422,390.422,6900.0
1.2654,37.002,37.002,390.759,390.759,6900.0
1.2655,37.921,37.921,391.116,391.116,6900.0
1.2656,38.487,38.487,391.519,391.519,6900.0
1.2657,39.321,39.321,391.962,391.962,6900.0
1.2658,39.673,39.673,392.46,392.46,6900.0
1.2659,40.058,40.058,392.974,392.974,6900.0
1.266,40.616,40.616,393.503,393.503,6900.0
1.2661,40.806,40.806,394.067,394.067,6900.0
1.2662,41.281,41.281,394.648,394.648,6900.0
1.2663,41.53,41.53,395.271,395.271,6900.0
1.2664,41.468,41.468,395.902,395.902,6900.0
1.2665,41.837,41.837,396.525,396.525,6900.0
1.2666,41.993,41.993,397.166,397.166,6900.0
1.2667,42.292,42.292,397.805,397.805,6900.0
1.2668,42.378,42.378,398.472,398.472,6900.0
1.2669,42.272,42.272,399.138,399.138,6900.0
1.267,42.435,42.435,399.802,399.802,6900.0
1.2671,42.37,42.37,400.476,400.476,6900.0
1.2672,42.256,42.256,401.135,401.135,6900.0
1.2673,42.197,42.197,401.801,401.801,6900.0
1.2674,41.822,41.822,402.461,402.461,6900.0
1.2675,41.676,41.676,403.112,403.112,6900.0
1.2676,41.235,41.235,403.757,403.757,6900.0
1.2677,40.896,40.896,404.365,404.365,6900.0
1.2678,40.845,40.845,404.953,404.953,6900.0
1.2679,40.428,40.428,405.525,405.525,6900.0
1.268,40.107,40.107,406.081,406.081,6900.0
1.2681,39.287,39.287,406.62,406.62,6900.0
1.2682,38.545,38.545,407.113,407.113,6900.0
1.2683,38.187,38.187,407.565,407.565,6900.0
1.2684,37.604,37.604,407.995,407.995,6900.0
1.2685,37.141,37.141,408.405,408.405,6900.0
1.2686,36.262,36.262,408.794,408.794,6900.0
1.2687,35.403,35.403,409.141,409.141,6900.0
1.2688,34.684,34.684,409.439,409.439,6900.0
1.2689,34.036,34.036,409.702,409.702,6900.0
1.269,33.119,33.119,409.935,409.935,6900.0
1.2691,32.304,32.304,410.127,410.127,6900.0
1.2692,31.499,31.499,410.281,410.281,6900.0
1.2693,30.733,30.733,410.394,410.394,6900.0
1.2694,29.814,29.814,410.467,410.467,6900.0
1.2695,28.953,28.953,410.489,410.489,6900.0
1.2696,28.099,28.099,410.473,410.473,6900.0
1.2697,27.157,27.157,410.427,410.427,6900.0
1.2698,26.089,26.089,410.356,410.356,6900.0
1.2699,24.738,24.738,410.242,410.242,6900.0
1.27,23.604,23.604,410.066,410.066,6900.0
1.2701,22.731,22.731,409.849,409.849,6900.0
1.2702,21.917,21.917,409.609,409.609,6900.0
1.2703,20.901,20.901,409.356,409.356,6900.0
1.2704,19.199,19.199,409.067,409.067,6900.0
1.2705,17.802,17.802,408.709,408.709,6900.0
1.2706,16.993,16.993,408.306,408.306,6900.0
1.2707,16.006,16.006,407.873,407.873,6900.0
1.2708,15.06,15.06,407.424,407.424,6900.0
1.2709,13.457,13.457,406.951,406.951,6900.0
1.271,12.035,12.035,406.439,406.439,6900.0
1.2711,11.025,11.025,405.901,405.901,6900.0
1.2712,9.731,9.731,405.344,405.344,6900.0
1.2713,8.464,8.464,404.772,404.772,6900.0
1.2714,6.839,6.839,404.183,404.183,6900.0
1.2715,5.293,5.293,403.57,403.57,6900.0
1.2716,4.289,4.289,402.941,402.941,6900.0
1.2717,2.964,2.964,402.299,402.299,6900.0
1.2718,1.535,1.535,401.648,401.648,6900.0
1.2719,0.431,0.431,400.988,400.988,6900.0
1.272,0.0,0.0,400.326,400.326,6900.0
1.2721,0.0,0.0,399.662,399.662,6900.0
1.2722,-1.535,-1.535,398.999,398.999,6900.0
1.2723,-2.187,-2.187,398.337,398.337,6900.0
1.2724,-3.184,-3.184,397.679,397.679,6900.0
1.2725,-4.324,-4.324,397.023,397.023,6900.0
1.2726,-5.692,-5.692,396.375,396.375,6900.0
1.2727,-6.924,-6.924,395.737,395.737,6900.0
1.2728,-8.4,-8.4,395.115,395.115,6900.0
1.2729,-9.502,-9.502,394.511,394.511,6900.0
1.273,-10.784,-10.784,393.918,393.918,6900.0
1.2731,-12.297,-12.297,393.346,393.346,6900.0
1.2732,-13.691,-13.691,392.803,392.803,6900.0
1.2733,-15.191,-15.191,392.303,392.303,6900.0
1.2734,-16.105,-16.105,391.844,391.844,6900.0
1.2735,-17.091,-17.091,391.4,391.4,6900.0
1.2736,-18.545,-18.545,390.973,390.973,6900.0
1.2737,-19.999,-19.999,390.585,390.585,6900.0
1.2738,-21.462,-21.462,390.25,390.25,6900.0
1.2739,-22.53,-22.53,389.964,389.964,6900.0
1.274,-23.543,-23.543,389.704,389.704,6900.0
1.2741,-24.817,-24.817,389.471,389.471,6900.0
1.2742,-26.195,-26.195,389.278,389.278,6900.0
1.2743,-27.411,-27.411,389.139,389.139,6900.0
1.2744,-28.468,-28.468,389.052,389.052,6900.0
1.2745,-29.424,-29.424,389.014,389.014,6900.0
1.2746,-30.453,-30.453,389.021,389.021,6900.0
1.2747,-31.398,-31.398,389.076,389.076,6900.0
1.2748,-32.427,-32.427,389.17,389.17,6900.0
1.2749,-33.524,-33.524,389.311,389.311,6900.0
1.275,-34.457,-34.457,389.503,389.503,6900.0
1.2751,-35.097,-35.097,389.746,389.746,6900.0
1.2752,-35.75,-35.75,390.019,390.019,6900.0
1.2753,-36.561,-36.561,390.311,390.311,6900.0
1.2754,-37.577,-37.577,390.64,390.64,6900.0
1.2755,-38.526,-38.526,391.012,391.012,6900.0
1.2756,-39.124,-39.124,391.448,391.448,6900.0
1.2757,-39.557,-39.557,391.919,391.919,6900.0
1.2758,-39.881,-39.881,392.405,392.405,6900.0
1.2759,-40.394,-40.394,392.92,392.92,6900.0
1.276,-40.794,-40.794,393.461,393.461,6900.0
1.2761,-41.475,-41.475,394.046,394.046,6900.0
1.2762,-41.677,-41.677,394.668,394.668,6900.0
1.2763,-41.965,-41.965,395.286,395.286,6900.0
1.2764,-42.269,-42.269,395.925,395.925,6900.0
1.2765,-42.357,-42.357,396.569,396.569,6900.0
1.2766,-42.423,-42.423,397.228,397.228,6900.0
1.2767,-42.303,-42.303,397.898,397.898,6900.0
1.2768,-42.421,-42.421,398.548,398.548,6900.0
1.2769,-42.749,-42.749,399.215,399.215,6900.0
1.277,-42.591,-42.591,399.89,399.89,6900.0
1.2771,-42.766,-42.766,400.559,400.559,6900.0
1.2772,-42.553,-42.425,401.248,401.248,6900.0
1.2773,-42.306,-42.306,401.917,401.917,6900.0
1.2774,-42.245,-42.245,402.594,402.594,6900.0
1.2775,-41.746,-41.746,403.26,403.26,6900.0
1.2776,-41.516,-41.516,403.891,403.891,6900.0
1.2777,-41.204,-41.204,404.512,404.512,6900.0
1.2778,-40.84,-40.84,405.106,405.106,6900.0
1.2779,-40.355,-40.355,405.69,405.69,6900.0
1.278,-39.808,-39.808,406.24,406.24,6900.0
1.2781,-39.41,-39.41,406.746,406.746,6900.0
1.2782,-38.768,-38.768,407.236,407.236,6900.0
1.2783,-38.387,-38.387,407.695,407.695,6900.0
1.2784,-37.712,-37.712,408.146,408.146,6900.0
1.2785,-36.896,-36.896,408.566,408.566,6900.0
1.2786,-36.506,-36.506,408.936,408.936,6900.0
1.2787,-35.81,-35.81,409.284,409.284,6900.0
1.2788,-34.988,-34.988,409.597,409.597,6900.0
1.2789,-34.151,-34.151,409.876,409.876,6900.0
1.279,-33.186,-33.186,410.115,410.115,6900.0
1.2791,-32.628,-32.628,410.307,410.307,6900.0
1.2792,-31.796,-31.796,410.463,410.463,6900.0
1.2793,-30.795,-30.795,410.574,410.574,6900.0
1.2794,-29.862,-29.862,410.638,410.638,6900.0
1.2795,-28.808,-28.808,410.666,410.666,6900.0
1.2796,-27.843,-27.843,410.66,410.66,6900.0
1.2797,-26.791,-26.791,410.618,410.618,6900.0
1.2798,-25.648,-25.648,410.527,410.527,6900.0
1.2799,-24.808,-24.808,410.385,410.385,6900.0
1.28,-23.88,-23.88,410.213,410.213,6900.0
1.2801,-23.047,-23.047,410.02,410.02,6900.0
1.2802,-21.795,-21.795,409.803,409.803,6900.0
1.2803,-20.153,-20.153,409.53,409.53,6900.0
1.2804,-19.117,-19.117,409.192,409.192,6900.0
1.2805,-18.396,-18.396,408.82,408.82,6900.0
1.2806,-17.51,-17.51,408.431,408.431,6900.0
1.2807,-15.955,-15.955,408.027,408.027,6900.0
1.2808,-14.544,-14.544,407.581,407.581,6900.0
1.2809,-13.457,-13.457,407.097,407.097,6900.0
1.281,-12.212,-12.212,406.59,406.59,6900.0
1.2811,-11.203,-11.203,406.061,406.061,6900.0
1.2812,-9.842,-9.842,405.517,405.517,6900.0
1.2813,-8.313,-8.313,404.946,404.946,6900.0
1.2814,-6.968,-6.968,404.349,404.349,6900.0
1.2815,-5.635,-5.635,403.733,403.733,6900.0
1.2816,-4.493,-4.493,403.102,403.102,6900.0
1.2817,-3.239,-3.239,402.46,402.46,6900.0
1.2818,-1.966,-1.966,401.809,401.809,6900.0
1.2819,-0.766,-0.766,401.15,401.15,6900.0
1.282,-0.0,-0.0,400.489,400.489,6900.0
1.2821,-0.0,-0.0,399.825,399.825,6900.0
1.2822,0.987,0.987,399.162,399.162,6900.0
1.2823,2.125,2.125,398.499,398.499,6900.0
1.2824,2.771,2.771,397.838,397.838,6900.0
1.2825,3.877,3.877,397.181,397.181,6900.0
1.2826,5.411,5.411,396.532,396.532,6900.0
1.2827,6.623,6.623,395.898,395.898,6900.0
1.2828,7.903,7.903,395.276,395.276,6900.0
1.2829,9.38,9.38,394.665,394.665,6900.0
1.283,10.879,10.879,394.076,394.076,6900.0
1.2831,12.338,12.338,393.515,393.515,6900.0
1.2832,13.68,13.68,392.99,392.99,6900.0
1.2833,14.657,14.657,392.489,392.489,6900.0
1.2834,16.085,16.085,391.998,391.998,6900.0
1.2835,17.712,17.712,391.537,391.537,6900.0
1.2836,19.299,19.299,391.125,391.125,6900.0
1.2837,20.601,20.601,390.774,390.774,6900.0
1.2838,21.365,21.365,390.463,390.463,6900.0
1.2839,22.429,22.429,390.165,390.165,6900.0
1.284,23.681,23.681,389.896,389.896,6900.0
1.2841,24.952,24.952,389.669,389.669,6900.0
1.2842,25.952,25.952,389.495,389.495,6900.0
1.2843,27.09,27.09,389.358,389.358,6900.0
1.2844,28.222,28.222,389.261,389.261,6900.0
1.2845,29.274,29.274,389.208,389.208,6900.0
1.2846,30.298,30.298,389.201,389.201,6900.0
1.2847,31.434,31.434,389.241,389.241,6900.0
1.2848,32.254,32.254,389.34,389.34,6900.0
1.2849,33.086,33.086,389.489,389.489,6900.0
1.285,33.92,33.92,389.683,389.683,6900.0
1.2851,34.585,34.585,389.913,389.913,6900.0
1.2852,35.439,35.439,390.165,390.165,6900.0
1.2853,36.169,36.169,390.456,390.456,6900.0
1.2854,37.265,37.265,390.787,390.787,6900.0
1.2855,37.871,37.871,391.169,391.169,6900.0
1.2856,38.425,38.425,391.572,391.572,6900.0
1.2857,39.232,39.232,391.992,391.992,6900.0
1.2858,39.676,39.676,392.46,392.46,6900.0
1.2859,40.274,40.274,392.965,392.965,6900.0
1.286,40.595,40.595,393.522,393.522,6900.0
1.2861,41.053,41.053,394.097,394.097,6900.0
1.2862,41.53,41.53,394.691,394.691,6900.0
1.2863,41.649,41.649,395.314,395.314,6900.0
1.2864,42.041,42.041,395.942,395.942,6900.0
1.2865,42.085,42.085,396.604,396.604,6900.0
1.2866,41.995,41.995,397.258,397.258,6900.0
1.2867,42.372,42.372,397.9,397.9,6900.0
1.2868,42.36,42.36,398.558,398.558,6900.0
1.2869,42.452,42.452,399.205,399.205,6900.0
1.287,42.445,42.445,399.873,399.873,6900.0
1.2871,42.101,42.101,400.54,400.54,6900.0
1.2872,42.229,42.229,401.2,401.2,6900.0
1.2873,42.094,42.094,401.872,401.872,6900.0
1.2874,41.994,41.994,402.525,402.525,6900.0
1.2875,41.833,41.833,403.182,403.182,6900.0
1.2876,41.313,41.313,403.824,403.824,6900.0
1.2877,41.06,41.06,404.447,404.447,6900.0
1.2878,40.496,40.496,405.057,405.057,6900.0
1.2879,40.024,40.024,405.621,405.621,6900.0
1.288,39.711,39.711,406.155,406.155,6900.0
1.2881,39.336,39.336,406.663,406.663,6900.0
1.2882,39.062,39.062,407.158,407.158,6900.0
1.2883,38.348,38.348,407.637,407.637,6900.0
1.2884,37.458,37.458,408.076,408.076,6900.0
1.2885,36.925,36.925,408.47,408.47,6900.0
1.2886,36.169,36.169,408.84,408.84,6900.0
1.2887,35.567,35.567,409.182,409.182,6900.0
1.2888,34.775,34.775,409.497,409.497,6900.0
1.2889,34.017,34.017,409.771,409.771,6900.0
1.289,33.065,33.065,410.004,410.004,6900.0
1.2891,32.19,32.19,410.191,410.191,6900.0
1.2892,31.34,31.34,410.337,410.337,6900.0
1.2893,30.627,30.627,410.44,410.44,6900.0
1.2894,29.808,29.808,410.511,410.511,6900.0
1.2895,28.737,28.737,410.549,410.549,6900.0
1.2896,27.556,27.556,410.539,410.539,6900.0
1.2897,26.545,26.545,410.472,410.472,6900.0
1.2898,25.788,25.788,410.364,410.364,6900.0
1.2899,24.949,24.949,410.231,410.231,6900.0
1.29,23.904,23.904,410.082,410.082,6900.0
1.2901,22.564,22.564,409.89,409.89,6900.0
1.2902,21.149,21.149,409.634,409.634,6900.0
1.2903,20.214,20.214,409.332,409.332,6900.0
1.2904,19.442,19.442,409.004,409.004,6900.0
1.2905,18.427,18.427,408.668,408.668,6900.0
1.2906,16.877,16.877,408.301,408.301,6900.0
1.2907,15.559,15.559,407.88,407.88,6900.0
1.2908,14.41,14.41,407.424,407.424,6900.0
1.2909,13.396,13.396,406.937,406.937,6900.0
1.291,12.325,12.325,406.433,406.433,6900.0
1.2911,10.953,10.953,405.905,405.905,6900.0
1.2912,9.46,9.46,405.346,405.346,6900.0
1.2913,8.309,8.309,404.763,404.763,6900.0
1.2914,7.073,7.073,404.161,404.161,6900.0
1.2915,5.762,5.762,403.545,403.545,6900.0
1.2916,4.194,4.194,402.916,402.916,6900.0
1.2917,2.741,2.741,402.273,402.273,6900.0
1.2918,1.563,1.563,401.62,401.62,6900.0
1.2919,0.353,0.353,400.961,400.961,6900.0
1.292,0.0,0.0,400.299,400.299,6900.0
1.2921,0.0,0.0,399.635,399.635,6900.0
1.2922,-1.722,-1.722,398.971,398.971,6900.0
1.2923,-2.189,-2.189,398.309,398.309,6900.0
1.2924,-3.161,-3.161,397.649,397.649,6900.0
1.2925,-4.486,-4.486,396.996,396.996,6900.0
1.2926,-5.521,-5.521,396.354,396.354,6900.0
1.2927,-6.628,-6.628,395.719,395.719,6900.0
1.2928,-8.183,-8.183,395.095,395.095,6900.0
1.2929,-9.557,-9.557,394.488,394.488,6900.0
1.293,-11.1,-11.1,393.907,393.907,6900.0
1.2931,-12.099,-12.099,393.353,393.353,6900.0
1.2932,-13.351,-13.351,392.808,392.808,6900.0
1.2933,-14.797,-14.797,392.284,392.284,6900.0
1.2934,-16.25,-16.25,391.793,391.793,6900.0
1.2935,-17.85,-17.85,391.351,391.351,6900.0
1.2936,-19.052,-19.052,390.959,390.959,6900.0
1.2937,-19.919,-19.919,390.591,390.591,6900.0
1.2938,-21.315,-21.315,390.243,390.243,6900.0
1.2939,-22.691,-22.691,389.936,389.936,6900.0
1.294,-24.064,-24.064,389.681,389.681,6900.0
1.2941,-25.142,-25.142,389.477,389.477,6900.0
1.2942,-26.089,-26.089,389.31,389.31,6900.0
1.2943,-27.3,-27.3,389.174,389.174,6900.0
1.2944,-28.437,-28.437,389.082,389.082,6900.0
1.2945,-29.435,-29.435,389.038,389.038,6900.0
1.2946,-30.569,-30.569,389.041,389.041,6900.0
1.2947,-31.613,-31.613,389.097,389.097,6900.0
1.2948,-32.514,-32.514,389.203,389.203,6900.0
1.2949,-33.262,-33.262,389.352,389.352,6900.0
1.295,-34.024,-34.024,389.532,389.532,6900.0
1.2951,-35.171,-35.171,389.747,389.747,6900.0
1.2952,-36.352,-36.352,390.012,390.012,6900.0
1.2953,-37.003,-37.003,390.342,390.342,6900.0
1.2954,-37.511,-37.511,390.704,390.704,6900.0
1.2955,-38.08,-38.08,391.082,391.082,6900.0
1.2956,-38.798,-38.798,391.492,391.492,6900.0
1.2957,-39.384,-39.384,391.94,391.94,6900.0
1.2958,-40.012,-40.012,392.439,392.439,6900.0
1.2959,-40.431,-40.431,392.976,392.976,6900.0
1.296,-40.76,-40.76,393.523,393.523,6900.0
1.2961,-41.18,-41.18,394.096,394.096,6900.0
1.2962,-41.628,-41.628,394.683,394.683,6900.0
1.2963,-42.114,-42.114,395.308,395.308,6900.0
1.2964,-42.237,-42.237,395.96,395.96,6900.0
1.2965,-42.331,-42.331,396.602,396.602,6900.0
1.2966,-42.471,-42.471,397.26,397.26,6900.0
1.2967,-42.302,-42.302,397.917,397.917,6900.0
1.2968,-42.527,-42.527,398.575,398.575,6900.0
1.2969,-42.569,-42.569,399.252,399.252,6900.0
1.297,-42.493,-42.493,399.923,399.923,6900.0
1.2971,-42.512,-42.512,400.605,400.605,6900.0
1.2972,-42.154,-42.154,401.283,401.283,6900.0
1.2973,-42.199,-42.199,401.941,401.941,6900.0
1.2974,-41.864,-41.864,402.607,402.607,6900.0
1.2975,-41.559,-41.559,403.25,403.25,6900.0
1.2976,-41.426,-41.426,403.89,403.89,6900.0
1.2977,-40.984,-40.984,404.51,404.51,6900.0
1.2978,-40.719,-40.719,405.092,405.092,6900.0
1.2979,-40.348,-40.348,405.659,405.659,6900.0
1.298,-40.028,-40.028,406.2,406.2,6900.0
1.2981,-39.409,-39.409,406.734,406.734,6900.0
1.2982,-38.718,-38.718,407.233,407.233,6900.0
1.2983,-38.241,-38.241,407.687,407.687,6900.0
1.2984,-37.503,-37.503,408.121,408.121,6900.0
1.2985,-36.934,-36.934,408.522,408.522,6900.0
1.2986,-36.583,-36.583,408.903,408.903,6900.0
1.2987,-35.753,-35.753,409.26,409.26,6900.0
1.2988,-34.958,-34.958,409.573,409.573,6900.0
1.2989,-34.115,-34.115,409.845,409.845,6900.0
1.299,-33.283,-33.283,410.075,410.075,6900.0
1.2991,-32.291,-32.291,410.265,410.265,6900.0
1.2992,-31.487,-31.487,410.414,410.414,6900.0
1.2993,-30.576,-30.576,410.525,410.525,6900.0
1.2994,-29.514,-29.514,410.595,410.595,6900.0
1.2995,-28.495,-28.495,410.615,410.615,6900.0
1.2996,-27.707,-27.707,410.588,410.588,6900.0
1.2997,-26.988,-26.988,410.528,410.528,6900.0
1.2998,-26.051,-26.051,410.447,410.447,6900.0
1.2999,-24.684,-24.684,410.336,410.336,6900.0
