t,Iac_real,Iac_int,Vdc_real,Vdc_int,P_charge
0.6,-21.811,-21.811,410.23,410.23,
0.6001,-20.911,-20.911,409.954,409.954,6900.0
0.6002,-20.008,-20.008,409.642,409.642,6900.0
0.6003,-18.977,-18.977,409.306,409.306,6900.0
0.6004,-17.58,-17.58,408.948,408.948,6900.0
0.6005,-16.125,-16.125,408.547,408.547,6900.0
0.6006,-15.33,-15.33,408.104,408.104,6900.0
0.6007,-14.144,-14.144,407.64,407.64,6900.0
0.6008,-13.173,-13.173,407.152,407.152,6900.0
0.6009,-11.707,-11.707,406.647,406.647,6900.0
0.601,-10.289,-10.289,406.112,406.112,6900.0
0.6011,-9.029,-9.029,405.55,405.55,6900.0
0.6012,-7.797,-7.797,404.965,404.965,6900.0
0.6013,-6.633,-6.633,404.36,404.36,6900.0
0.6014,-5.456,-5.456,403.74,403.74,6900.0
0.6015,-4.159,-4.159,403.106,403.106,6900.0
0.6016,-2.743,-2.743,402.461,402.461,6900.0
0.6017,-1.438,-1.438,401.807,401.807,6900.0
0.6018,-1.324,-1.324,401.148,401.148,6900.0
0.6019,-0.0,-0.0,400.486,400.486,6900.0
0.602,0.557,0.557,399.823,399.823,6900.0
0.6021,2.321,2.321,399.158,399.158,6900.0
0.6022,2.172,2.172,398.498,398.498,6900.0
0.6023,3.485,3.485,397.839,397.839,6900.0
0.6024,4.633,4.633,397.189,397.189,6900.0
0.6025,5.593,5.593,396.547,396.547,6900.0
0.6026,7.183,7.183,395.911,395.911,6900.0
0.6027,8.685,8.685,395.293,395.293,6900.0
0.6028,10.224,10.224,394.698,394.698,6900.0
0.6029,11.505,11.505,394.134,394.134,6900.0
0.603,12.346,12.346,393.589,393.589,6900.0
0.6031,13.6,13.6,393.051,393.051,6900.0
0.6032,15.201,15.201,392.535,392.535,6900.0
0.6033,16.966,16.966,392.06,392.06,6900.0
0.6034,18.283,18.283,391.639,391.639,6900.0
0.6035,19.274,19.274,391.254,391.254,6900.0
0.6036,20.392,20.392,390.892,390.892,6900.0
0.6037,21.679,21.679,390.564,390.564,6900.0
0.6038,22.919,22.919,390.277,390.277,6900.0
0.6039,24.128,24.128,390.038,390.038,6900.0
0.604,25.171,25.171,389.843,389.843,6900.0
0.6041,26.214,26.214,389.685,389.685,6900.0
0.6042,27.337,27.337,389.565,389.565,6900.0
0.6043,28.333,28.333,389.485,389.485,6900.0
0.6044,29.341,29.341,389.442,389.442,6900.0
0.6045,30.436,30.436,389.443,389.443,6900.0
0.6046,31.26,31.26,389.5,389.5,6900.0
0.6047,32.116,32.116,389.604,389.604,6900.0
0.6048,33.049,33.049,389.742,389.742,6900.0
0.6049,34.058,34.058,389.917,389.917,6900.0
0.605,34.945,34.945,390.142,390.142,6900.0
0.6051,36.017,36.017,390.422,390.422,6900.0
0.6052,36.594,36.594,390.759,390.759,6900.0
0.6053,37.044,37.044,391.118,391.118,6900.0
0.6054,37.839,37.839,391.489,391.489,6900.0
0.6055,38.432,38.432,391.899,391.899,6900.0
0.6056,39.137,39.137,392.345,392.345,6900.0
0.6057,39.526,39.526,392.844,392.844,6900.0
0.6058,39.749,39.749,393.357,393.357,6900.0
0.6059,40.426,40.426,393.879,393.879,6900.0
0.606,40.852,40.852,394.438,394.438,6900.0
0.6061,41.397,41.397,395.017,395.017,6900.0
0.6062,41.612,41.612,395.647,395.647,6900.0
0.6063,41.604,41.604,396.285,396.285,6900.0
0.6064,42.052,42.052,396.927,396.927,6900.0
0.6065,42.06,42.06,397.593,397.593,6900.0
0.6066,42.182,42.182,398.247,398.247,6900.0
0.6067,42.159,42.159,398.923,398.923,6900.0
0.6068,42.087,42.087,399.591,399.591,6900.0
0.6069,42.279,42.279,400.258,400.258,6900.0
0.607,42.074,42.074,400.935,400.935,6900.0
0.6071,41.764,41.764,401.585,401.585,6900.0
0.6072,41.643,41.643,402.234,402.234,6900.0
0.6073,41.567,41.567,402.869,402.869,6900.0
0.6074,41.466,41.466,403.513,403.513,6900.0
0.6075,41.089,41.089,404.153,404.153,6900.0
0.6076,40.572,40.572,404.762,404.762,6900.0
0.6077,40.218,40.218,405.343,405.343,6900.0
0.6078,39.835,39.835,405.903,405.903,6900.0
0.6079,39.488,39.488,406.449,406.449,6900.0
0.608,39.041,39.041,406.974,406.974,6900.0
0.6081,38.253,38.253,407.462,407.462,6900.0
0.6082,37.759,37.759,407.904,407.904,6900.0
0.6083,37.184,37.184,408.315,408.315,6900.0
0.6084,36.672,36.672,408.707,408.707,6900.0
0.6085,35.999,35.999,409.075,409.075,6900.0
0.6086,35.168,35.168,409.409,409.409,6900.0
0.6087,34.398,34.398,409.701,409.701,6900.0
0.6088,33.647,33.647,409.959,409.959,6900.0
0.6089,32.739,32.739,410.178,410.178,6900.0
0.609,31.871,31.871,410.357,410.357,6900.0
0.6091,31.126,31.126,410.496,410.496,6900.0
0.6092,30.104,30.104,410.603,410.603,6900.0
0.6093,28.8,28.8,410.661,410.661,6900.0
0.6094,27.909,27.909,410.654,410.654,6900.0
0.6095,27.109,27.109,410.604,410.604,6900.0
0.6096,26.419,26.419,410.529,410.529,6900.0
0.6097,25.396,25.396,410.44,410.44,6900.0
0.6098,24.089,24.089,410.307,410.307,6900.0
0.6099,23.024,23.024,410.106,410.106,6900.0
0.61,22.207,22.207,409.863,409.863,6900.0
0.6101,21.297,21.297,409.595,409.595,6900.0
0.6102,20.275,20.275,409.313,409.313,6900.0
0.6103,18.635,18.635,409.0,409.0,6900.0
0.6104,17.456,17.456,408.632,408.632,6900.0
0.6105,16.344,16.344,408.23,408.23,6900.0
0.6106,15.491,15.491,407.796,407.796,6900.0
0.6107,14.385,14.385,407.343,407.343,6900.0
0.6108,13.015,13.015,406.863,406.863,6900.0
0.6109,11.53,11.53,406.347,406.347,6900.0
0.611,10.208,10.208,405.802,405.802,6900.0
0.6111,9.034,9.034,405.232,405.232,6900.0
0.6112,7.801,7.801,404.644,404.644,6900.0
0.6113,6.349,6.349,404.039,404.039,6900.0
0.6114,4.962,4.962,403.417,403.417,6900.0
0.6115,3.583,3.583,402.781,402.781,6900.0
0.6116,2.111,2.111,402.134,402.134,6900.0
0.6117,0.807,0.807,401.478,401.478,6900.0
0.6118,1.442,1.442,400.817,400.817,6900.0
0.6119,0.646,0.646,400.156,400.156,6900.0
0.612,-0.494,-0.494,399.492,399.492,6900.0
0.6121,-2.949,-2.949,398.827,398.827,6900.0
0.6122,-2.97,-2.97,398.17,398.17,6900.0
0.6123,-3.634,-3.634,397.515,397.515,6900.0
0.6124,-4.697,-4.697,396.865,396.865,6900.0
0.6125,-6.225,-6.225,396.223,396.223,6900.0
0.6126,-7.315,-7.315,395.594,395.594,6900.0
0.6127,-8.902,-8.902,394.984,394.984,6900.0
0.6128,-9.862,-9.862,394.395,394.395,6900.0
0.6129,-11.083,-11.083,393.812,393.812,6900.0
0.613,-12.64,-12.64,393.244,393.244,6900.0
0.6131,-14.147,-14.147,392.705,392.705,6900.0
0.6132,-15.652,-15.652,392.21,392.21,6900.0
0.6133,-16.795,-16.795,391.757,391.757,6900.0
0.6134,-17.88,-17.88,391.328,391.328,6900.0
0.6135,-19.284,-19.284,390.922,390.922,6900.0
0.6136,-20.488,-20.488,390.557,390.557,6900.0
0.6137,-21.732,-21.732,390.235,390.235,6900.0
0.6138,-22.938,-22.938,389.958,389.958,6900.0
0.6139,-24.024,-24.024,389.719,389.719,6900.0
0.614,-25.188,-25.188,389.516,389.516,6900.0
0.6141,-26.182,-26.182,389.352,389.352,6900.0
0.6142,-27.332,-27.332,389.225,389.225,6900.0
0.6143,-28.431,-28.431,389.143,389.143,6900.0
0.6144,-29.639,-29.639,389.107,389.107,6900.0
0.6145,-30.629,-30.629,389.125,389.125,6900.0
0.6146,-31.646,-31.646,389.184,389.184,6900.0
0.6147,-32.618,-32.618,389.279,389.279,6900.0
0.6148,-33.672,-33.672,389.421,389.421,6900.0
0.6149,-34.757,-34.757,389.613,389.613,6900.0
0.615,-35.493,-35.493,389.874,389.874,6900.0
0.6151,-36.118,-36.118,390.174,390.174,6900.0
0.6152,-36.69,-36.69,390.493,390.493,6900.0
0.6153,-37.529,-37.529,390.846,390.846,6900.0
0.6154,-38.346,-38.346,391.233,391.233,6900.0
0.6155,-38.971,-38.971,391.679,391.679,6900.0
0.6156,-39.232,-39.232,392.156,392.156,6900.0
0.6157,-39.694,-39.694,392.633,392.633,6900.0
0.6158,-40.172,-40.172,393.142,393.142,6900.0
0.6159,-40.543,-40.543,393.672,393.672,6900.0
0.616,-41.014,-41.014,394.243,394.243,6900.0
0.6161,-41.261,-41.261,394.844,394.844,6900.0
0.6162,-41.51,-41.51,395.447,395.447,6900.0
0.6163,-41.937,-41.937,396.076,396.076,6900.0
0.6164,-42.132,-42.132,396.719,396.719,6900.0
0.6165,-42.344,-42.344,397.382,397.382,6900.0
0.6166,-42.261,-42.261,398.064,398.064,6900.0
0.6167,-42.154,-42.154,398.735,398.735,6900.0
0.6168,-42.33,-42.33,399.412,399.412,6900.0
0.6169,-42.249,-42.249,400.088,400.088,6900.0
0.617,-42.39,-42.39,400.75,400.75,6900.0
0.6171,-42.102,-42.102,401.423,401.423,6900.0
0.6172,-41.91,-41.91,402.077,402.077,6900.0
0.6173,-41.629,-41.629,402.735,402.735,6900.0
0.6174,-41.275,-41.275,403.374,403.374,6900.0
0.6175,-41.142,-41.142,403.979,403.979,6900.0
0.6176,-40.785,-40.785,404.584,404.584,6900.0
0.6177,-40.494,-40.494,405.171,405.171,6900.0
0.6178,-40.021,-40.021,405.757,405.757,6900.0
0.6179,-39.311,-39.311,406.316,406.316,6900.0
0.618,-38.972,-38.972,406.824,406.824,6900.0
0.6181,-38.483,-38.483,407.311,407.311,6900.0
0.6182,-37.815,-37.815,407.771,407.771,6900.0
0.6183,-37.118,-37.118,408.202,408.202,6900.0
0.6184,-36.542,-36.542,408.594,408.594,6900.0
0.6185,-35.805,-35.805,408.949,408.949,6900.0
0.6186,-35.212,-35.212,409.264,409.264,6900.0
0.6187,-34.541,-34.541,409.548,409.548,6900.0
0.6188,-33.849,-33.849,409.803,409.803,6900.0
0.6189,-32.96,-32.96,410.03,410.03,6900.0
0.619,-32.234,-32.234,410.219,410.219,6900.0
0.6191,-31.086,-31.086,410.372,410.372,6900.0
0.6192,-29.917,-29.917,410.469,410.469,6900.0
0.6193,-29.082,-29.082,410.511,410.511,6900.0
0.6194,-28.26,-28.26,410.518,410.518,6900.0
0.6195,-27.452,-27.452,410.499,410.499,6900.0
0.6196,-26.186,-26.186,410.448,410.448,6900.0
0.6197,-24.93,-24.93,410.335,410.335,6900.0
0.6198,-24.07,-24.07,410.164,410.164,6900.0
0.6199,-23.461,-23.461,409.963,409.963,6900.0
0.62,-22.639,-22.639,409.752,409.752,6900.0
0.6201,-21.177,-21.177,409.525,409.525,6900.0
0.6202,-19.64,-19.64,409.243,409.243,6900.0
0.6203,-18.708,-18.708,408.905,408.905,6900.0
0.6204,-17.427,-17.427,408.536,408.536,6900.0
0.6205,-16.565,-16.565,408.133,408.133,6900.0
0.6206,-15.17,-15.17,407.709,407.709,6900.0
0.6207,-13.719,-13.719,407.246,407.246,6900.0
0.6208,-12.985,-12.985,406.744,406.744,6900.0
0.6209,-11.935,-11.935,406.224,406.224,6900.0
0.621,-10.813,-10.813,405.682,405.682,6900.0
0.6211,-9.67,-9.67,405.121,405.121,6900.0
0.6212,-8.261,-8.261,404.541,404.541,6900.0
0.6213,-6.669,-6.669,403.941,403.941,6900.0
0.6214,-5.248,-5.248,403.322,403.322,6900.0
0.6215,-3.911,-3.911,402.689,402.689,6900.0
0.6216,-2.786,-2.786,402.044,402.044,6900.0
0.6217,-1.46,-1.46,401.391,401.391,6900.0
0.6218,-0.238,-0.238,400.731,400.731,6900.0
0.6219,-0.0,-0.0,400.068,400.068,6900.0
0.622,1.188,1.188,399.404,399.404,6900.0
0.6221,1.316,1.316,398.741,398.741,6900.0
0.6222,2.262,2.262,398.079,398.079,6900.0
0.6223,3.486,3.486,397.42,397.42,6900.0
0.6224,4.455,4.455,396.768,396.768,6900.0
0.6225,6.126,6.126,396.125,396.125,6900.0
0.6226,7.327,7.327,395.499,395.499,6900.0
0.6227,8.356,8.356,394.884,394.884,6900.0
0.6228,9.63,9.63,394.276,394.276,6900.0
0.6229,11.17,11.17,393.686,393.686,6900.0
0.623,12.877,12.877,393.125,393.125,6900.0
0.6231,14.116,14.116,392.608,392.608,6900.0
0.6232,14.957,14.957,392.117,392.117,6900.0
0.6233,16.408,16.408,391.635,391.635,6900.0
0.6234,17.926,17.926,391.186,391.186,6900.0
0.6235,19.38,19.38,390.781,390.781,6900.0
0.6236,20.506,20.506,390.43,390.43,6900.0
0.6237,21.554,21.554,390.116,390.116,6900.0
0.6238,22.583,22.583,389.831,389.831,6900.0
0.6239,23.855,23.855,389.581,389.581,6900.0
0.624,24.938,24.938,389.373,389.373,6900.0
0.6241,26.282,26.282,389.206,389.206,6900.0
0.6242,27.516,27.516,389.087,389.087,6900.0
0.6243,28.444,28.444,389.017,389.017,6900.0
0.6244,29.316,29.316,388.986,388.986,6900.0
0.6245,30.253,30.253,388.991,388.991,6900.0
0.6246,31.375,31.375,389.03,389.03,6900.0
0.6247,32.404,32.404,389.118,389.118,6900.0
0.6248,33.341,33.341,389.268,389.268,6900.0
0.6249,34.192,34.192,389.467,389.467,6900.0
0.625,34.789,34.789,389.704,389.704,6900.0
0.6251,35.639,35.639,389.963,389.963,6900.0
0.6252,36.353,36.353,390.27,390.27,6900.0
0.6253,37.419,37.419,390.622,390.622,6900.0
0.6254,37.967,37.967,391.034,391.034,6900.0
0.6255,38.419,38.419,391.464,391.464,6900.0
0.6256,39.289,39.289,391.904,391.904,6900.0
0.6257,39.809,39.809,392.385,392.385,6900.0
0.6258,40.465,40.465,392.895,392.895,6900.0
0.6259,40.782,40.782,393.456,393.456,6900.0
0.626,40.876,40.876,394.028,394.028,6900.0
0.6261,41.302,41.302,394.607,394.607,6900.0
0.6262,41.445,41.445,395.215,395.215,6900.0
0.6263,41.834,41.834,395.83,395.83,6900.0
0.6264,42.087,42.087,396.488,396.488,6900.0
0.6265,42.074,42.074,397.155,397.155,6900.0
0.6266,42.318,42.318,397.825,397.825,6900.0
0.6267,42.151,42.151,398.509,398.509,6900.0
0.6268,42.151,42.151,399.171,399.171,6900.0
0.6269,42.33,42.33,399.843,399.843,6900.0
0.627,42.13,42.13,400.512,400.512,6900.0
0.6271,42.086,42.086,401.179,401.179,6900.0
0.6272,41.739,41.739,401.843,401.843,6900.0
0.6273,41.511,41.511,402.474,402.474,6900.0
0.6274,41.532,41.532,403.099,403.099,6900.0
0.6275,41.256,41.256,403.719,403.719,6900.0
0.6276,40.935,40.935,404.338,404.338,6900.0
0.6277,40.45,40.45,404.946,404.946,6900.0
0.6278,39.789,39.789,405.52,405.52,6900.0
0.6279,39.358,39.358,406.06,406.06,6900.0
0.628,38.8,38.8,406.574,406.574,6900.0
0.6281,38.519,38.519,407.067,407.067,6900.0
0.6282,37.856,37.856,407.539,407.539,6900.0
0.6283,37.179,37.179,407.967,407.967,6900.0
0.6284,36.46,36.46,408.352,408.352,6900.0
0.6285,35.939,35.939,408.698,408.698,6900.0
0.6286,35.33,35.33,409.022,409.022,6900.0
0.6287,34.619,34.619,409.316,409.316,6900.0
0.6288,33.8,33.8,409.578,409.578,6900.0
0.6289,32.992,32.992,409.801,409.801,6900.0
0.629,32.113,32.113,409.987,409.987,6900.0
0.6291,31.318,31.318,410.126,410.126,6900.0
0.6292,30.465,30.465,410.226,410.226,6900.0
0.6293,29.516,29.516,410.295,410.295,6900.0
0.6294,28.356,28.356,410.332,410.332,6900.0
0.6295,27.12,27.12,410.316,410.316,6900.0
0.6296,26.187,26.187,410.236,410.236,6900.0
0.6297,25.39,25.39,410.114,410.114,6900.0
0.6298,24.607,24.607,409.969,409.969,6900.0
0.6299,23.563,23.563,409.812,409.812,6900.0
0.63,22.049,22.049,409.613,409.613,6900.0
0.6301,20.862,20.862,409.347,409.347,6900.0
0.6302,19.876,19.876,409.038,409.038,6900.0
0.6303,18.979,18.979,408.693,408.693,6900.0
0.6304,18.007,18.007,408.332,408.332,6900.0
0.6305,16.477,16.477,407.941,407.941,6900.0
0.6306,15.306,15.306,407.504,407.504,6900.0
0.6307,14.213,14.213,407.04,407.04,6900.0
0.6308,13.01,13.01,406.549,406.549,6900.0
0.6309,11.904,11.904,406.039,406.039,6900.0
0.631,10.46,10.46,405.507,405.507,6900.0
0.6311,8.991,8.991,404.947,404.947,6900.0
0.6312,7.65,7.65,404.364,404.364,6900.0
0.6313,6.347,6.347,403.759,403.759,6900.0
0.6314,5.069,5.069,403.137,403.137,6900.0
0.6315,3.698,3.698,402.501,402.501,6900.0
0.6316,2.442,2.442,401.854,401.854,6900.0
0.6317,1.094,1.094,401.199,401.199,6900.0
0.6318,1.162,1.162,400.537,400.537,6900.0
0.6319,0.0,0.0,399.875,399.875,6900.0
0.632,-0.851,-0.851,399.21,399.21,6900.0
0.6321,-1.896,-1.896,398.546,398.546,6900.0
0.6322,-3.102,-3.102,397.884,397.884,6900.0
0.6323,-3.704,-3.704,397.226,397.226,6900.0
0.6324,-4.949,-4.949,396.575,396.575,6900.0
0.6325,-5.979,-5.979,395.934,395.934,6900.0
0.6326,-7.072,-7.072,395.299,395.299,6900.0
0.6327,-8.675,-8.675,394.675,394.675,6900.0
0.6328,-10.063,-10.063,394.073,394.073,6900.0
0.6329,-11.673,-11.673,393.5,393.5,6900.0
0.633,-12.698,-12.698,392.959,392.959,6900.0
0.6331,-13.673,-13.673,392.43,392.43,6900.0
0.6332,-15.196,-15.196,391.918,391.918,6900.0
0.6333,-16.697,-16.697,391.44,391.44,6900.0
0.6334,-18.14,-18.14,391.009,391.009,6900.0
0.6335,-19.198,-19.198,390.624,390.624,6900.0
0.6336,-20.438,-20.438,390.263,390.263,6900.0
0.6337,-21.699,-21.699,389.931,389.931,6900.0
0.6338,-23.095,-23.095,389.636,389.636,6900.0
0.6339,-24.266,-24.266,389.388,389.388,6900.0
0.634,-25.331,-25.331,389.186,389.186,6900.0
0.6341,-26.478,-26.478,389.023,389.023,6900.0
0.6342,-27.515,-27.515,388.906,388.906,6900.0
0.6343,-28.646,-28.646,388.829,388.829,6900.0
0.6344,-29.692,-29.692,388.796,388.796,6900.0
0.6345,-30.868,-30.868,388.809,388.809,6900.0
0.6346,-31.874,-31.874,388.876,388.876,6900.0
0.6347,-32.786,-32.786,388.995,388.995,6900.0
0.6348,-33.642,-33.642,389.157,389.157,6900.0
0.6349,-34.461,-34.461,389.348,389.348,6900.0
0.635,-35.425,-35.425,389.578,389.578,6900.0
0.6351,-36.505,-36.505,389.85,389.85,6900.0
0.6352,-37.384,-37.384,390.189,390.189,6900.0
0.6353,-37.751,-37.751,390.571,390.571,6900.0
0.6354,-38.28,-38.28,390.961,390.961,6900.0
0.6355,-38.94,-38.94,391.385,391.385,6900.0
0.6356,-39.575,-39.575,391.84,391.84,6900.0
0.6357,-40.207,-40.207,392.35,392.35,6900.0
0.6358,-40.668,-40.668,392.895,392.895,6900.0
0.6359,-41.056,-41.056,393.449,393.449,6900.0
0.636,-41.616,-41.616,394.033,394.033,6900.0
0.6361,-41.849,-41.849,394.637,394.637,6900.0
0.6362,-42.32,-42.32,395.268,395.268,6900.0
0.6363,-42.308,-42.308,395.929,395.929,6900.0
0.6364,-42.318,-42.318,396.578,396.578,6900.0
0.6365,-42.508,-42.508,397.244,397.244,6900.0
0.6366,-42.457,-42.457,397.911,397.911,6900.0
0.6367,-42.834,-42.834,398.581,398.581,6900.0
0.6368,-42.57,-42.57,399.278,399.278,6900.0
0.6369,-42.674,-42.674,399.956,399.956,6900.0
0.637,-42.524,-42.524,400.657,400.657,6900.0
0.6371,-42.199,-42.199,401.344,401.344,6900.0
0.6372,-42.244,-42.244,402.006,402.006,6900.0
0.6373,-42.036,-42.036,402.671,402.671,6900.0
0.6374,-41.84,-41.84,403.318,403.318,6900.0
0.6375,-41.492,-41.492,403.962,403.962,6900.0
0.6376,-40.885,-40.885,404.581,404.581,6900.0
0.6377,-40.584,-40.584,405.155,405.155,6900.0
0.6378,-40.207,-40.207,405.717,405.717,6900.0
0.6379,-39.971,-39.971,406.26,406.26,6900.0
0.638,-39.489,-39.489,406.801,406.801,6900.0
0.6381,-38.641,-38.641,407.316,407.316,6900.0
0.6382,-37.897,-37.897,407.781,407.781,6900.0
0.6383,-37.301,-37.301,408.21,408.21,6900.0
0.6384,-37.019,-37.019,408.608,408.608,6900.0
0.6385,-36.255,-36.255,408.989,408.989,6900.0
0.6386,-35.485,-35.485,409.331,409.331,6900.0
0.6387,-34.608,-34.608,409.631,409.631,6900.0
0.6388,-34.026,-34.026,409.885,409.885,6900.0
0.6389,-33.352,-33.352,410.104,410.104,6900.0
0.639,-32.533,-32.533,410.29,410.29,6900.0
0.6391,-31.501,-31.501,410.441,410.441,6900.0
0.6392,-30.595,-30.595,410.555,410.555,6900.0
0.6393,-29.494,-29.494,410.631,410.631,6900.0
0.6394,-28.362,-28.362,410.652,410.652,6900.0
0.6395,-27.388,-27.388,410.62,410.62,6900.0
0.6396,-26.602,-26.602,410.552,410.552,6900.0
0.6397,-25.743,-25.743,410.464,410.464,6900.0
0.6398,-24.599,-24.599,410.348,410.348,6900.0
0.6399,-23.243,-23.243,410.171,410.171,6900.0
0.64,-22.302,-22.302,409.933,409.933,6900.0
0.6401,-21.41,-21.41,409.659,409.659,6900.0
0.6402,-20.724,-20.724,409.365,409.365,6900.0
0.6403,-19.444,-19.444,409.056,409.056,6900.0
0.6404,-17.823,-17.823,408.705,408.705,6900.0
0.6405,-16.804,-16.804,408.306,408.306,6900.0
0.6406,-15.534,-15.534,407.88,407.88,6900.0
0.6407,-14.641,-14.641,407.426,407.426,6900.0
0.6408,-13.248,-13.248,406.955,406.955,6900.0
0.6409,-11.649,-11.649,406.45,406.45,6900.0
0.641,-10.414,-10.414,405.91,405.91,6900.0
0.6411,-9.141,-9.141,405.347,405.347,6900.0
0.6412,-8.094,-8.094,404.76,404.76,6900.0
0.6413,-6.64,-6.64,404.159,404.159,6900.0
0.6414,-5.156,-5.156,403.539,403.539,6900.0
0.6415,-3.922,-3.922,402.903,402.903,6900.0
0.6416,-2.82,-2.82,402.258,402.258,6900.0
0.6417,-1.409,-1.409,401.604,401.604,6900.0
0.6418,-1.571,-1.571,400.944,400.944,6900.0
0.6419,-0.441,-0.441,400.283,400.283,6900.0
0.642,0.315,0.315,399.619,399.619,6900.0
0.6421,2.408,2.408,398.954,398.954,6900.0
0.6422,2.643,2.643,398.294,398.294,6900.0
0.6423,3.357,3.357,397.637,397.637,6900.0
0.6424,4.251,4.251,396.985,396.985,6900.0
0.6425,5.766,5.766,396.339,396.339,6900.0
0.6426,7.051,7.051,395.706,395.706,6900.0
0.6427,8.662,8.662,395.089,395.089,6900.0
0.6428,9.969,9.969,394.5,394.5,6900.0
0.6429,10.847,10.847,393.925,393.925,6900.0
0.643,12.408,12.408,393.357,393.357,6900.0
0.6431,14.059,14.059,392.815,392.815,6900.0
0.6432,15.784,15.784,392.313,392.313,6900.0
0.6433,16.921,16.921,391.864,391.864,6900.0
0.6434,17.841,17.841,391.444,391.444,6900.0
0.6435,19.038,19.038,391.041,391.041,6900.0
0.6436,20.665,20.665,390.666,390.666,6900.0
0.6437,22.138,22.138,390.336,390.336,6900.0
0.6438,23.148,23.148,390.058,390.058,6900.0
0.6439,24.142,24.142,389.816,389.816,6900.0
0.644,25.282,25.282,389.606,389.606,6900.0
0.6441,26.383,26.383,389.44,389.44,6900.0
0.6442,27.539,27.539,389.315,389.315,6900.0
0.6443,28.608,28.608,389.237,389.237,6900.0
0.6444,29.549,29.549,389.207,389.207,6900.0
0.6445,30.443,30.443,389.228,389.228,6900.0
0.6446,31.244,31.244,389.293,389.293,6900.0
0.6447,32.129,32.129,389.389,389.389,6900.0
0.6448,33.11,33.11,389.517,389.517,6900.0
0.6449,34.043,34.043,389.689,389.689,6900.0
0.645,35.132,35.132,389.914,389.914,6900.0
0.6451,35.887,35.887,390.195,390.195,6900.0
0.6452,36.475,36.475,390.505,390.505,6900.0
0.6453,37.485,37.485,390.833,390.833,6900.0
0.6454,38.123,38.123,391.215,391.215,6900.0
0.6455,39.027,39.027,391.64,391.64,6900.0
0.6456,39.325,39.325,392.129,392.129,6900.0
0.6457,39.5,39.5,392.632,392.632,6900.0
0.6458,40.249,40.249,393.141,393.141,6900.0
0.6459,40.65,40.65,393.688,393.688,6900.0
0.646,41.211,41.211,394.253,394.253,6900.0
0.6461,41.324,41.324,394.864,394.864,6900.0
0.6462,41.303,41.303,395.471,395.471,6900.0
0.6463,41.874,41.874,396.076,396.076,6900.0
0.6464,42.037,42.037,396.711,396.711,6900.0
0.6465,42.24,42.24,397.346,397.346,6900.0
0.6466,42.359,42.359,398.013,398.013,6900.0
0.6467,42.276,42.276,398.685,398.685,6900.0
0.6468,42.436,42.436,399.363,399.363,6900.0
0.6469,42.358,42.358,400.054,400.054,6900.0
0.647,42.143,42.143,400.729,400.729,6900.0
0.6471,42.347,42.347,401.405,401.405,6900.0
0.6472,42.072,42.072,402.081,402.081,6900.0
0.6473,41.991,41.991,402.749,402.749,6900.0
0.6474,41.661,41.661,403.406,403.406,6900.0
0.6475,41.192,41.192,404.027,404.027,6900.0
0.6476,40.892,40.892,404.624,404.624,6900.0
0.6477,40.606,40.606,405.199,405.199,6900.0
0.6478,40.405,40.405,405.768,405.768,6900.0
0.6479,39.803,39.803,406.33,406.33,6900.0
0.648,39.104,39.104,406.855,406.855,6900.0
0.6481,38.746,38.746,407.344,407.344,6900.0
0.6482,38.335,38.335,407.812,407.812,6900.0
0.6483,37.694,37.694,408.267,408.267,6900.0
0.6484,37.034,37.034,408.688,408.688,6900.0
0.6485,36.172,36.172,409.071,409.071,6900.0
0.6486,35.264,35.264,409.406,409.406,6900.0
0.6487,34.57,34.57,409.696,409.696,6900.0
0.6488,33.78,33.78,409.951,409.951,6900.0
0.6489,33.153,33.153,410.168,410.168,6900.0
0.649,32.296,32.296,410.355,410.355,6900.0
0.6491,31.31,31.31,410.507,410.507,6900.0
0.6492,30.366,30.366,410.612,410.612,6900.0
0.6493,29.347,29.347,410.667,410.667,6900.0
0.6494,28.515,28.515,410.677,410.677,6900.0
0.6495,27.643,27.643,410.659,410.659,6900.0
0.6496,26.531,26.531,410.619,410.619,6900.0
0.6497,25.152,25.152,410.531,410.531,6900.0
0.6498,24.203,24.203,410.373,410.373,6900.0
0.6499,23.345,23.345,410.173,410.173,6900.0
0.65,22.518,22.518,409.949,409.949,6900.0
0.6501,21.562,21.562,409.713,409.713,6900.0
0.6502,20.036,20.036,409.445,409.445,6900.0
0.6503,18.743,18.743,409.117,409.117,6900.0
0.6504,17.799,17.799,408.749,408.749,6900.0
0.6505,16.805,16.805,408.349,408.349,6900.0
0.6506,15.609,15.609,407.929,407.929,6900.0
0.6507,14.378,14.378,407.478,407.478,6900.0
0.6508,13.031,13.031,406.989,406.989,6900.0
0.6509,11.974,11.974,406.472,406.472,6900.0
0.651,10.617,10.617,405.93,405.93,6900.0
0.6511,9.491,9.491,405.369,405.369,6900.0
0.6512,8.073,8.073,404.789,404.789,6900.0
0.6513,6.633,6.633,404.188,404.188,6900.0
0.6514,5.355,5.355,403.57,403.57,6900.0
0.6515,3.982,3.982,402.938,402.938,6900.0
0.6516,2.526,2.526,402.294,402.294,6900.0
0.6517,1.372,1.372,401.64,401.64,6900.0
0.6518,0.261,0.261,400.981,400.981,6900.0
0.6519,0.0,0.0,400.319,400.319,6900.0
0.652,0.0,0.0,399.655,399.655,6900.0
0.6521,-1.909,-1.909,398.992,398.992,6900.0
0.6522,-2.425,-2.425,398.331,398.331,6900.0
0.6523,-3.449,-3.449,397.673,397.673,6900.0
0.6524,-4.716,-4.716,397.021,397.021,6900.0
0.6525,-5.977,-5.977,396.378,396.378,6900.0
0.6526,-7.268,-7.268,395.751,395.751,6900.0
0.6527,-8.36,-8.36,395.138,395.138,6900.0
0.6528,-9.467,-9.467,394.532,394.532,6900.0
0.6529,-11.09,-11.09,393.938,393.938,6900.0
0.653,-12.534,-12.534,393.371,393.371,6900.0
0.6531,-14.137,-14.137,392.84,392.84,6900.0
0.6532,-15.135,-15.135,392.351,392.351,6900.0
0.6533,-16.132,-16.132,391.878,391.878,6900.0
0.6534,-17.614,-17.614,391.425,391.425,6900.0
0.6535,-19.028,-19.028,391.013,391.013,6900.0
0.6536,-20.524,-20.524,390.649,390.649,6900.0
0.6537,-21.751,-21.751,390.334,390.334,6900.0
0.6538,-22.853,-22.853,390.053,390.053,6900.0
0.6539,-24.094,-24.094,389.805,389.805,6900.0
0.654,-25.287,-25.287,389.595,389.595,6900.0
0.6541,-26.3,-26.3,389.428,389.428,6900.0
0.6542,-27.285,-27.285,389.303,389.303,6900.0
0.6543,-28.587,-28.587,389.218,389.218,6900.0
0.6544,-29.604,-29.604,389.189,389.189,6900.0
0.6545,-30.624,-30.624,389.201,389.201,6900.0
0.6546,-31.615,-31.615,389.251,389.251,6900.0
0.6547,-32.727,-32.727,389.347,389.347,6900.0
0.6548,-33.714,-33.714,389.497,389.497,6900.0
0.6549,-34.599,-34.599,389.706,389.706,6900.0
0.655,-35.317,-35.317,389.956,389.956,6900.0
0.6551,-36.055,-36.055,390.229,390.229,6900.0
0.6552,-36.835,-36.835,390.542,390.542,6900.0
0.6553,-37.608,-37.608,390.891,390.891,6900.0
0.6554,-38.423,-38.423,391.297,391.297,6900.0
0.6555,-38.892,-38.892,391.742,391.742,6900.0
0.6556,-39.333,-39.333,392.196,392.196,6900.0
0.6557,-39.948,-39.948,392.68,392.68,6900.0
0.6558,-40.575,-40.575,393.185,393.185,6900.0
0.6559,-41.334,-41.334,393.743,393.743,6900.0
0.656,-41.51,-41.51,394.343,394.343,6900.0
0.6561,-41.666,-41.666,394.942,394.942,6900.0
0.6562,-41.867,-41.867,395.566,395.566,6900.0
0.6563,-42.071,-42.071,396.196,396.196,6900.0
0.6564,-42.487,-42.487,396.85,396.85,6900.0
0.6565,-42.45,-42.45,397.532,397.532,6900.0
0.6566,-42.551,-42.551,398.202,398.202,6900.0
0.6567,-42.578,-42.578,398.889,398.889,6900.0
0.6568,-42.452,-42.452,399.568,399.568,6900.0
0.6569,-42.538,-42.538,400.237,400.237,6900.0
0.657,-42.301,-42.301,400.919,400.919,6900.0
0.6571,-42.282,-42.282,401.583,401.583,6900.0
0.6572,-42.004,-42.004,402.262,402.262,6900.0
0.6573,-41.699,-41.699,402.921,402.921,6900.0
0.6574,-41.7,-41.7,403.551,403.551,6900.0
0.6575,-41.407,-41.407,404.184,404.184,6900.0
0.6576,-41.203,-41.203,404.796,404.796,6900.0
0.6577,-40.693,-40.693,405.409,405.409,6900.0
0.6578,-40.241,-40.241,405.986,405.986,6900.0
0.6579,-39.828,-39.828,406.525,406.525,6900.0
0.658,-39.345,-39.345,407.047,407.047,6900.0
0.6581,-38.792,-38.792,407.545,407.545,6900.0
0.6582,-38.23,-38.23,408.024,408.024,6900.0
0.6583,-37.409,-37.409,408.474,408.474,6900.0
0.6584,-36.778,-36.778,408.875,408.875,6900.0
0.6585,-36.112,-36.112,409.242,409.242,6900.0
0.6586,-35.63,-35.63,409.573,409.573,6900.0
0.6587,-34.74,-34.74,409.879,409.879,6900.0
0.6588,-33.979,-33.979,410.144,410.144,6900.0
0.6589,-33.281,-33.281,410.372,410.372,6900.0
0.659,-32.288,-32.288,410.561,410.561,6900.0
0.6591,-31.349,-31.349,410.703,410.703,6900.0
0.6592,-30.523,-30.523,410.798,410.798,6900.0
0.6593,-29.713,-29.713,410.86,410.86,6900.0
0.6594,-28.779,-28.779,410.896,410.896,6900.0
0.6595,-27.588,-27.588,410.897,410.897,6900.0
0.6596,-26.421,-26.421,410.839,410.839,6900.0
0.6597,-25.574,-25.574,410.727,410.727,6900.0
0.6598,-24.654,-24.654,410.584,410.584,6900.0
0.6599,-23.839,-23.839,410.421,410.421,6900.0
0.66,-22.446,-22.446,410.238,410.238,6900.0
0.6601,-21.123,-21.123,409.993,409.993,6900.0
0.6602,-20.132,-20.132,409.691,409.691,6900.0
0.6603,-19.1,-19.1,409.353,409.353,6900.0
0.6604,-18.124,-18.124,408.986,408.986,6900.0
0.6605,-16.842,-16.842,408.598,408.598,6900.0
0.6606,-15.491,-15.491,408.171,408.171,6900.0
0.6607,-14.451,-14.451,407.706,407.706,6900.0
0.6608,-13.204,-13.204,407.219,407.219,6900.0
0.6609,-12.218,-12.218,406.708,406.708,6900.0
0.661,-10.849,-10.849,406.182,406.182,6900.0
0.6611,-9.344,-9.344,405.63,405.63,6900.0
0.6612,-8.097,-8.097,405.052,405.052,6900.0
0.6613,-6.595,-6.595,404.454,404.454,6900.0
0.6614,-5.31,-5.31,403.837,403.837,6900.0
0.6615,-4.029,-4.029,403.205,403.205,6900.0
0.6616,-2.732,-2.732,402.561,402.561,6900.0
0.6617,-1.547,-1.547,401.908,401.908,6900.0
0.6618,-1.577,-1.577,401.248,401.248,6900.0
0.6619,-0.0,-0.0,400.587,400.587,6900.0
0.662,-0.0,-0.0,399.924,399.924,6900.0
0.6621,1.221,1.221,399.261,399.261,6900.0
0.6622,2.165,2.165,398.598,398.598,6900.0
0.6623,3.181,3.181,397.938,397.938,6900.0
0.6624,4.706,4.706,397.284,397.284,6900.0
0.6625,5.837,5.837,396.642,396.642,6900.0
0.6626,6.858,6.858,396.008,396.008,6900.0
0.6627,8.375,8.375,395.38,395.38,6900.0
0.6628,9.822,9.822,394.773,394.773,6900.0
0.6629,11.594,11.594,394.19,394.19,6900.0
0.663,12.98,12.98,393.648,393.648,6900.0
0.6631,13.609,13.609,393.131,393.131,6900.0
0.6632,15.021,15.021,392.622,392.622,6900.0
0.6633,16.467,16.467,392.142,392.142,6900.0
0.6634,17.972,17.972,391.704,391.704,6900.0
0.6635,19.26,19.26,391.317,391.317,6900.0
0.6636,20.22,20.22,390.966,390.966,6900.0
0.6637,21.363,21.363,390.635,390.635,6900.0
0.6638,22.618,22.618,390.334,390.334,6900.0
0.6639,23.727,23.727,390.073,390.073,6900.0
0.664,24.907,24.907,389.854,389.854,6900.0
0.6641,26.023,26.023,389.678,389.678,6900.0
0.6642,27.114,27.114,389.547,389.547,6900.0
0.6643,28.144,28.144,389.462,389.462,6900.0
0.6644,29.125,29.125,389.419,389.419,6900.0
0.6645,30.172,30.172,389.419,389.419,6900.0
0.6646,31.178,31.178,389.47,389.47,6900.0
0.6647,32.248,32.248,389.576,389.576,6900.0
0.6648,33.02,33.02,389.733,389.733,6900.0
0.6649,33.594,33.594,389.92,389.92,6900.0
0.665,34.635,34.635,390.124,390.124,6900.0
0.6651,35.412,35.412,390.373,390.373,6900.0
0.6652,36.413,36.413,390.666,390.666,6900.0
0.6653,36.99,36.99,391.013,391.013,6900.0
0.6654,37.437,37.437,391.381,391.381,6900.0
0.6655,38.274,38.274,391.767,391.767,6900.0
0.6656,38.916,38.916,392.2,392.2,6900.0
0.6657,39.772,39.772,392.676,392.676,6900.0
0.6658,40.259,40.259,393.217,393.217,6900.0
0.6659,40.413,40.413,393.778,393.778,6900.0
0.666,40.983,40.983,394.348,394.348,6900.0
0.6661,41.244,41.244,394.947,394.947,6900.0
0.6662,41.539,41.539,395.554,395.554,6900.0
0.6663,41.677,41.677,396.19,396.19,6900.0
0.6664,41.672,41.672,396.822,396.822,6900.0
0.6665,41.969,41.969,397.451,397.451,6900.0
0.6666,42.206,42.206,398.093,398.093,6900.0
0.6667,42.289,42.289,398.735,398.735,6900.0
0.6668,42.476,42.476,399.4,399.4,6900.0
0.6669,42.284,42.284,400.074,400.074,6900.0
0.667,42.455,42.455,400.753,400.753,6900.0
0.6671,42.222,42.222,401.449,401.449,6900.0
0.6672,41.986,41.986,402.121,402.121,6900.0
0.6673,41.783,41.783,402.791,402.791,6900.0
0.6674,41.362,41.362,403.441,403.441,6900.0
0.6675,41.325,41.325,404.075,404.075,6900.0
0.6676,40.73,40.73,404.7,404.7,6900.0
0.6677,40.171,40.171,405.277,405.277,6900.0
0.6678,39.892,39.892,405.822,405.822,6900.0
0.6679,39.515,39.515,406.343,406.343,6900.0
0.668,39.156,39.156,406.856,406.856,6900.0
0.6681,38.643,38.643,407.353,407.353,6900.0
0.6682,37.954,37.954,407.82,407.82,6900.0
0.6683,37.5,37.5,408.248,408.248,6900.0
0.6684,36.841,36.841,408.654,408.654,6900.0
0.6685,36.18,36.18,409.036,409.036,6900.0
0.6686,35.514,35.514,409.386,409.386,6900.0
0.6687,34.666,34.666,409.7,409.7,6900.0
0.6688,33.782,33.782,409.966,409.966,6900.0
0.6689,32.856,32.856,410.188,410.188,6900.0
0.669,31.983,31.983,410.362,410.362,6900.0
0.6691,31.191,31.191,410.495,410.495,6900.0
0.6692,30.405,30.405,410.594,410.594,6900.0
0.6693,29.387,29.387,410.663,410.663,6900.0
0.6694,28.339,28.339,410.687,410.687,6900.0
0.6695,27.318,27.318,410.655,410.655,6900.0
0.6696,26.343,26.343,410.583,410.583,6900.0
0.6697,25.481,25.481,410.484,410.484,6900.0
0.6698,24.559,24.559,410.368,410.368,6900.0
0.6699,23.204,23.204,410.209,410.209,6900.0
0.67,21.999,21.999,409.98,409.98,6900.0
0.6701,21.215,21.215,409.704,409.704,6900.0
0.6702,20.601,20.601,409.397,409.397,6900.0
0.6703,19.498,19.498,409.082,409.082,6900.0
0.6704,18.105,18.105,408.734,408.734,6900.0
0.6705,16.912,16.912,408.338,408.338,6900.0
0.6706,15.842,15.842,407.913,407.913,6900.0
0.6707,14.81,14.81,407.46,407.46,6900.0
0.6708,13.497,13.497,406.992,406.992,6900.0
0.6709,11.807,11.807,406.495,406.495,6900.0
0.671,10.356,10.356,405.961,405.961,6900.0
0.6711,9.299,9.299,405.401,405.401,6900.0
0.6712,7.994,7.994,404.818,404.818,6900.0
0.6713,6.739,6.739,404.216,404.216,6900.0
0.6714,5.386,5.386,403.598,403.598,6900.0
0.6715,4.043,4.043,402.965,402.965,6900.0
0.6716,2.624,2.624,402.32,402.32,6900.0
0.6717,1.33,1.33,401.666,401.666,6900.0
0.6718,0.223,0.223,401.006,401.006,6900.0
0.6719,0.0,0.0,400.343,400.343,6900.0
0.672,0.0,0.0,399.68,399.68,6900.0
0.6721,-1.851,-1.851,399.015,399.015,6900.0
0.6722,-2.545,-2.545,398.353,398.353,6900.0
0.6723,-3.763,-3.763,397.695,397.695,6900.0
0.6724,-4.769,-4.769,397.044,397.044,6900.0
0.6725,-6.082,-6.082,396.399,396.399,6900.0
0.6726,-7.311,-7.311,395.767,395.767,6900.0
0.6727,-8.545,-8.545,395.149,395.149,6900.0
0.6728,-10.108,-10.108,394.556,394.556,6900.0
0.6729,-11.078,-11.078,393.987,393.987,6900.0
0.673,-12.287,-12.287,393.426,393.426,6900.0
0.6731,-13.613,-13.613,392.882,392.882,6900.0
0.6732,-15.063,-15.063,392.368,392.368,6900.0
0.6733,-16.774,-16.774,391.898,391.898,6900.0
0.6734,-17.873,-17.873,391.476,391.476,6900.0
0.6735,-18.814,-18.814,391.078,391.078,6900.0
0.6736,-19.893,-19.893,390.703,390.703,6900.0
0.6737,-21.219,-21.219,390.359,390.359,6900.0
0.6738,-22.57,-22.57,390.06,390.06,6900.0
0.6739,-23.825,-23.825,389.805,389.805,6900.0
0.674,-24.887,-24.887,389.592,389.592,6900.0
0.6741,-26.045,-26.045,389.413,389.413,6900.0
0.6742,-27.117,-27.117,389.276,389.276,6900.0
0.6743,-28.311,-28.311,389.18,389.18,6900.0
0.6744,-29.496,-29.496,389.136,389.136,6900.0
0.6745,-30.635,-30.635,389.144,389.144,6900.0
0.6746,-31.742,-31.742,389.209,389.209,6900.0
0.6747,-32.592,-32.592,389.323,389.323,6900.0
0.6748,-33.332,-33.332,389.468,389.468,6900.0
0.6749,-34.398,-34.398,389.649,389.649,6900.0
0.675,-35.356,-35.356,389.878,389.878,6900.0
0.6751,-36.13,-36.13,390.164,390.164,6900.0
0.6752,-36.691,-36.691,390.487,390.487,6900.0
0.6753,-37.229,-37.229,390.825,390.825,6900.0
0.6754,-37.941,-37.941,391.196,391.196,6900.0
0.6755,-38.882,-38.882,391.6,391.6,6900.0
0.6756,-39.459,-39.459,392.072,392.072,6900.0
0.6757,-39.756,-39.756,392.581,392.581,6900.0
0.6758,-40.28,-40.28,393.092,393.092,6900.0
0.6759,-40.869,-40.869,393.638,393.638,6900.0
0.676,-41.155,-41.155,394.209,394.209,6900.0
0.6761,-41.625,-41.625,394.813,394.813,6900.0
0.6762,-41.658,-41.658,395.445,395.445,6900.0
0.6763,-41.811,-41.811,396.067,396.067,6900.0
0.6764,-42.129,-42.129,396.708,396.708,6900.0
0.6765,-42.193,-42.193,397.355,397.355,6900.0
0.6766,-42.494,-42.494,398.012,398.012,6900.0
0.6767,-42.464,-42.464,398.692,398.692,6900.0
0.6768,-42.487,-42.487,399.363,399.363,6900.0
0.6769,-42.366,-42.366,400.05,400.05,6900.0
0.677,-42.005,-42.005,400.728,400.728,6900.0
0.6771,-42.241,-42.241,401.383,401.383,6900.0
0.6772,-41.968,-41.968,402.056,402.056,6900.0
0.6773,-41.894,-41.894,402.711,402.711,6900.0
0.6774,-41.562,-41.562,403.374,403.374,6900.0
0.6775,-41.178,-41.178,404.012,404.012,6900.0
0.6776,-40.945,-40.945,404.614,404.614,6900.0
0.6777,-40.66,-40.66,405.202,405.202,6900.0
0.6778,-40.328,-40.328,405.769,405.769,6900.0
0.6779,-39.698,-39.698,406.327,406.327,6900.0
0.678,-39.121,-39.121,406.849,406.849,6900.0
0.6781,-38.763,-38.763,407.328,407.328,6900.0
0.6782,-38.096,-38.096,407.791,407.791,6900.0
0.6783,-37.549,-37.549,408.225,408.225,6900.0
0.6784,-36.954,-36.954,408.641,408.641,6900.0
0.6785,-36.167,-36.167,409.027,409.027,6900.0
0.6786,-35.329,-35.329,409.371,409.371,6900.0
0.6787,-34.685,-34.685,409.673,409.673,6900.0
0.6788,-33.844,-33.844,409.938,409.938,6900.0
0.6789,-32.993,-32.993,410.161,410.161,6900.0
0.679,-32.155,-32.155,410.345,410.345,6900.0
0.6791,-31.252,-31.252,410.492,410.492,6900.0
0.6792,-30.343,-30.343,410.597,410.597,6900.0
0.6793,-29.346,-29.346,410.653,410.653,6900.0
0.6794,-28.544,-28.544,410.66,410.66,6900.0
0.6795,-27.762,-27.762,410.636,410.636,6900.0
0.6796,-26.91,-26.91,410.589,410.589,6900.0
0.6797,-25.641,-25.641,410.516,410.516,6900.0
0.6798,-24.382,-24.382,410.381,410.381,6900.0
0.6799,-23.455,-23.455,410.189,410.189,6900.0
0.68,-22.636,-22.636,409.964,409.964,6900.0
0.6801,-21.596,-21.596,409.723,409.723,6900.0
0.6802,-20.187,-20.187,409.461,409.461,6900.0
0.6803,-18.683,-18.683,409.147,409.147,6900.0
0.6804,-17.766,-17.766,408.781,408.781,6900.0
0.6805,-16.559,-16.559,408.385,408.385,6900.0
0.6806,-15.703,-15.703,407.958,407.958,6900.0
0.6807,-14.451,-14.451,407.51,407.51,6900.0
0.6808,-13.153,-13.153,407.026,407.026,6900.0
0.6809,-12.022,-12.022,406.509,406.509,6900.0
0.681,-10.808,-10.808,405.968,405.968,6900.0
0.6811,-9.654,-9.654,405.406,405.406,6900.0
0.6812,-8.272,-8.272,404.827,404.827,6900.0
0.6813,-6.885,-6.885,404.228,404.228,6900.0
0.6814,-5.575,-5.575,403.612,403.612,6900.0
0.6815,-4.185,-4.185,402.982,402.982,6900.0
0.6816,-3.048,-3.048,402.34,402.34,6900.0
0.6817,-1.765,-1.765,401.689,401.689,6900.0
0.6818,-0.455,-0.455,401.031,401.031,6900.0
0.6819,0.0,0.0,400.369,400.369,6900.0
0.682,-0.0,-0.0,399.705,399.705,6900.0
0.6821,2.678,2.678,399.041,399.041,6900.0
0.6822,2.14,2.14,398.383,398.383,6900.0
0.6823,2.955,2.955,397.725,397.725,6900.0
0.6824,4.307,4.307,397.07,397.07,6900.0
0.6825,5.534,5.534,396.426,396.426,6900.0
0.6826,7.033,7.033,395.793,395.793,6900.0
0.6827,8.326,8.326,395.18,395.18,6900.0
0.6828,9.185,9.185,394.579,394.579,6900.0
0.6829,10.648,10.648,393.982,393.982,6900.0
0.683,12.208,12.208,393.406,393.406,6900.0
0.6831,13.963,13.963,392.862,392.862,6900.0
0.6832,15.262,15.262,392.365,392.365,6900.0
0.6833,16.353,16.353,391.898,391.898,6900.0
0.6834,17.646,17.646,391.45,391.45,6900.0
0.6835,19.042,19.042,391.035,391.035,6900.0
0.6836,20.539,20.539,390.666,390.666,6900.0
0.6837,21.64,21.64,390.352,390.352,6900.0
0.6838,22.597,22.597,390.078,390.078,6900.0
0.6839,23.566,23.566,389.831,389.831,6900.0
0.684,24.676,24.676,389.614,389.614,6900.0
0.6841,25.717,25.717,389.436,389.436,6900.0
0.6842,26.931,26.931,389.294,389.294,6900.0
0.6843,28.027,28.027,389.197,389.197,6900.0
0.6844,29.041,29.041,389.147,389.147,6900.0
0.6845,30.166,30.166,389.14,389.14,6900.0
0.6846,30.837,30.837,389.18,389.18,6900.0
0.6847,31.889,31.889,389.25,389.25,6900.0
0.6848,32.901,32.901,389.375,389.375,6900.0
0.6849,33.934,33.934,389.561,389.561,6900.0
0.685,34.657,34.657,389.802,389.802,6900.0
0.6851,35.327,35.327,390.072,390.072,6900.0
0.6852,36.259,36.259,390.365,390.365,6900.0
0.6853,36.85,36.85,390.701,390.701,6900.0
0.6854,37.642,37.642,391.073,391.073,6900.0
0.6855,38.278,38.278,391.49,391.49,6900.0
0.6856,38.74,38.74,391.927,391.927,6900.0
0.6857,39.503,39.503,392.379,392.379,6900.0
0.6858,39.931,39.931,392.871,392.871,6900.0
0.6859,40.531,40.531,393.393,393.393,6900.0
0.686,40.847,40.847,393.97,393.97,6900.0
0.6861,41.002,41.002,394.563,394.563,6900.0
0.6862,41.559,41.559,395.168,395.168,6900.0
0.6863,41.745,41.745,395.803,395.803,6900.0
0.6864,42.063,42.063,396.443,396.443,6900.0
0.6865,42.119,42.119,397.117,397.117,6900.0
0.6866,41.921,41.921,397.784,397.784,6900.0
0.6867,42.025,42.025,398.443,398.443,6900.0
0.6868,42.037,42.037,399.105,399.105,6900.0
0.6869,42.011,42.011,399.751,399.751,6900.0
0.687,42.157,42.157,400.407,400.407,6900.0
0.6871,41.843,41.843,401.063,401.063,6900.0
0.6872,42.054,42.054,401.715,401.715,6900.0
0.6873,41.852,41.852,402.38,402.38,6900.0
0.6874,41.392,41.392,403.023,403.023,6900.0
0.6875,41.364,41.364,403.649,403.649,6900.0
0.6876,40.764,40.764,404.269,404.269,6900.0
0.6877,40.39,40.39,404.873,404.873,6900.0
0.6878,39.907,39.907,405.457,405.457,6900.0
0.6879,39.372,39.372,406.001,406.001,6900.0
0.688,39.112,39.112,406.509,406.509,6900.0
0.6881,38.62,38.62,406.992,406.992,6900.0
0.6882,38.192,38.192,407.458,407.458,6900.0
0.6883,37.499,37.499,407.902,407.902,6900.0
0.6884,36.662,36.662,408.306,408.306,6900.0
0.6885,35.875,35.875,408.667,408.667,6900.0
0.6886,35.425,35.425,408.991,408.991,6900.0
0.6887,34.761,34.761,409.293,409.293,6900.0
0.6888,33.901,33.901,409.567,409.567,6900.0
0.6889,33.043,33.043,409.803,409.803,6900.0
0.689,32.012,32.012,409.998,409.998,6900.0
0.6891,31.197,31.197,410.143,410.143,6900.0
0.6892,30.339,30.339,410.241,410.241,6900.0
0.6893,29.451,29.451,410.297,410.297,6900.0
0.6894,28.628,28.628,410.32,410.32,6900.0
0.6895,27.562,27.562,410.317,410.317,6900.0
0.6896,26.293,26.293,410.267,410.267,6900.0
0.6897,25.338,25.338,410.153,410.153,6900.0
0.6898,24.575,24.575,409.998,409.998,6900.0
0.6899,23.793,23.793,409.824,409.824,6900.0
0.69,22.827,22.827,409.638,409.638,6900.0
0.6901,21.33,21.33,409.415,409.415,6900.0
0.6902,20.106,20.106,409.126,409.126,6900.0
0.6903,18.99,18.99,408.795,408.795,6900.0
0.6904,18.08,18.08,408.425,408.425,6900.0
0.6905,17.091,17.091,408.035,408.035,6900.0
0.6906,15.867,15.867,407.616,407.616,6900.0
0.6907,14.571,14.571,407.156,407.156,6900.0
0.6908,13.475,13.475,406.669,406.669,6900.0
0.6909,12.329,12.329,406.157,406.157,6900.0
0.691,11.155,11.155,405.629,405.629,6900.0
0.6911,9.608,9.608,405.08,405.08,6900.0
0.6912,8.015,8.015,404.505,404.505,6900.0
0.6913,6.802,6.802,403.906,403.906,6900.0
0.6914,5.339,5.339,403.291,403.291,6900.0
0.6915,4.079,4.079,402.659,402.659,6900.0
0.6916,2.976,2.976,402.015,402.015,6900.0
0.6917,1.756,1.756,401.362,401.362,6900.0
0.6918,0.404,0.404,400.703,400.703,6900.0
0.6919,-0.0,-0.0,400.04,400.04,6900.0
0.692,0.0,0.0,399.376,399.376,6900.0
0.6921,-1.511,-1.511,398.712,398.712,6900.0
0.6922,-2.235,-2.235,398.049,398.049,6900.0
0.6923,-3.515,-3.515,397.388,397.388,6900.0
0.6924,-4.692,-4.692,396.733,396.733,6900.0
0.6925,-6.158,-6.158,396.089,396.089,6900.0
0.6926,-6.942,-6.942,395.458,395.458,6900.0
0.6927,-8.173,-8.173,394.831,394.831,6900.0
0.6928,-9.731,-9.731,394.218,394.218,6900.0
0.6929,-11.23,-11.23,393.63,393.63,6900.0
0.693,-12.843,-12.843,393.076,393.076,6900.0
0.6931,-13.721,-13.721,392.56,392.56,6900.0
0.6932,-14.813,-14.813,392.054,392.054,6900.0
0.6933,-16.268,-16.268,391.568,391.568,6900.0
0.6934,-17.785,-17.785,391.118,391.118,6900.0
0.6935,-19.264,-19.264,390.716,390.716,6900.0
0.6936,-20.333,-20.333,390.362,390.362,6900.0
0.6937,-21.268,-21.268,390.036,390.036,6900.0
0.6938,-22.549,-22.549,389.734,389.734,6900.0
0.6939,-23.911,-23.911,389.471,389.471,6900.0
0.694,-25.141,-25.141,389.254,389.254,6900.0
0.6941,-26.226,-26.226,389.083,389.083,6900.0
0.6942,-27.392,-27.392,388.956,388.956,6900.0
0.6943,-28.569,-28.569,388.874,388.874,6900.0
0.6944,-29.467,-29.467,388.838,388.838,6900.0
0.6945,-30.387,-30.387,388.841,388.841,6900.0
0.6946,-31.627,-31.627,388.887,388.887,6900.0
0.6947,-32.671,-32.671,388.989,388.989,6900.0
0.6948,-33.551,-33.551,389.15,389.15,6900.0
0.6949,-34.191,-34.191,389.354,389.354,6900.0
0.695,-34.939,-34.939,389.579,389.579,6900.0
0.6951,-36.004,-36.004,389.84,389.84,6900.0
0.6952,-36.887,-36.887,390.144,390.144,6900.0
0.6953,-37.683,-37.683,390.505,390.505,6900.0
0.6954,-38.342,-38.342,390.901,390.901,6900.0
0.6955,-39.049,-39.049,391.313,391.313,6900.0
0.6956,-39.599,-39.599,391.767,391.767,6900.0
0.6957,-40.291,-40.291,392.248,392.248,6900.0
0.6958,-40.901,-40.901,392.791,392.791,6900.0
0.6959,-41.086,-41.086,393.373,393.373,6900.0
0.696,-41.477,-41.477,393.954,393.954,6900.0
0.6961,-41.886,-41.886,394.566,394.566,6900.0
0.6962,-41.954,-41.954,395.192,395.192,6900.0
0.6963,-42.385,-42.385,395.838,395.838,6900.0
0.6964,-42.392,-42.392,396.506,396.506,6900.0
0.6965,-42.572,-42.572,397.161,397.161,6900.0
0.6966,-42.634,-42.634,397.835,397.835,6900.0
0.6967,-42.465,-42.465,398.504,398.504,6900.0
0.6968,-42.787,-42.787,399.167,399.167,6900.0
0.6969,-42.584,-42.584,399.855,399.855,6900.0
0.697,-42.505,-42.505,400.53,400.53,6900.0
0.6971,-42.304,-42.304,401.218,401.218,6900.0
0.6972,-41.858,-41.858,401.895,401.895,6900.0
0.6973,-41.946,-41.946,402.54,402.54,6900.0
0.6974,-41.718,-41.718,403.195,403.195,6900.0
0.6975,-41.593,-41.593,403.832,403.832,6900.0
0.6976,-41.194,-41.194,404.472,404.472,6900.0
0.6977,-40.624,-40.624,405.082,405.082,6900.0
0.6978,-40.374,-40.374,405.643,405.643,6900.0
0.6979,-39.941,-39.941,406.191,406.191,6900.0
0.698,-39.773,-39.773,406.711,406.711,6900.0
0.6981,-38.877,-38.877,407.227,407.227,6900.0
0.6982,-38.231,-38.231,407.701,407.701,6900.0
0.6983,-37.678,-37.678,408.132,408.132,6900.0
0.6984,-37.063,-37.063,408.537,408.537,6900.0
0.6985,-36.481,-36.481,408.915,408.915,6900.0
0.6986,-35.704,-35.704,409.272,409.272,6900.0
0.6987,-34.873,-34.873,409.594,409.594,6900.0
0.6988,-34.045,-34.045,409.873,409.873,6900.0
0.6989,-33.234,-33.234,410.11,410.11,6900.0
0.699,-32.452,-32.452,410.301,410.301,6900.0
0.6991,-31.514,-31.514,410.45,410.45,6900.0
0.6992,-30.693,-30.693,410.555,410.555,6900.0
0.6993,-29.947,-29.947,410.627,410.627,6900.0
0.6994,-28.779,-28.779,410.665,410.665,6900.0
0.6995,-27.722,-27.722,410.647,410.647,6900.0
0.6996,-26.771,-26.771,410.581,410.581,6900.0
0.6997,-25.938,-25.938,410.483,410.483,6900.0
0.6998,-25.25,-25.25,410.367,410.367,6900.0
0.6999,-23.921,-23.921,410.231,410.231,6900.0
0.7,-22.345,-22.345,410.032,410.032,6900.0
0.7001,-22.019,-17.019,409.759,459.759,6900.0
0.7002,-21.898,-16.898,409.462,459.462,6900.0
0.7003,-21.649,-16.649,409.154,459.154,6900.0
0.7004,-20.649,-15.649,408.839,458.839,6900.0
0.7005,-19.12,-14.12,408.485,458.485,6900.0
0.7006,-18.29,-13.29,408.085,458.085,6900.0
0.7007,-17.177,-12.177,407.663,457.663,6900.0
0.7008,-16.269,-11.269,407.217,457.217,6900.0
0.7009,-14.96,-9.96,406.754,456.754,6900.0
0.701,-13.595,-8.595,406.259,456.259,6900.0
0.7011,-12.411,-7.411,405.73,455.73,6900.0
0.7012,-11.003,-6.003,405.176,455.176,6900.0
0.7013,-9.947,-4.947,404.596,454.596,6900.0
0.7014,-9.012,-4.012,403.997,453.997,6900.0
0.7015,-7.873,-2.873,403.383,453.383,6900.0
0.7016,-6.743,-1.743,402.753,452.753,6900.0
0.7017,-5.965,-0.965,402.111,452.111,6900.0
0.7018,-6.263,-1.263,401.457,451.457,6900.0
0.7019,-4.915,0.085,400.802,450.802,6900.0
0.702,-4.376,0.624,400.139,450.139,6900.0
0.7021,-0.0,5.0,399.481,449.481,6900.0
0.7022,-0.0,5.0,398.816,448.816,6900.0
0.7023,0.042,5.042,398.151,448.151,6900.0
0.7024,0.053,5.053,397.485,447.485,6900.0
0.7025,0.081,5.081,396.818,446.818,6900.0
0.7026,0.286,5.286,396.152,446.152,6900.0
0.7027,0.862,5.862,395.487,445.487,6900.0
0.7028,1.774,6.774,394.829,444.829,6900.0
0.7029,2.573,7.573,394.183,444.183,6900.0
0.703,2.795,7.795,393.544,443.544,6900.0
0.7031,3.731,8.731,392.908,442.908,6900.0
0.7032,4.676,9.676,392.283,442.283,6900.0
0.7033,5.937,10.937,391.677,441.677,6900.0
0.7034,7.112,12.112,391.098,441.098,6900.0
0.7035,7.504,12.504,390.539,440.539,6900.0
0.7036,8.066,13.066,389.987,439.987,6900.0
0.7037,8.777,13.777,389.45,439.45,6900.0
0.7038,9.626,14.626,388.934,438.934,6900.0
0.7039,10.239,15.239,388.447,438.447,6900.0
0.704,10.677,15.677,387.981,437.981,6900.0
0.7041,11.354,16.354,387.534,437.534,6900.0
0.7042,11.727,16.727,387.109,437.109,6900.0
0.7043,12.175,17.175,386.698,436.698,6900.0
0.7044,12.737,17.737,386.306,436.306,6900.0
0.7045,12.938,17.938,385.933,435.933,6900.0
0.7046,13.323,18.323,385.576,435.576,6900.0
0.7047,13.451,18.451,385.235,435.235,6900.0
0.7048,13.767,18.767,384.901,434.901,6900.0
0.7049,14.309,19.309,384.583,434.583,6900.0
0.705,14.488,19.488,384.287,434.287,6900.0
0.7051,15.13,20.13,384.014,434.014,6900.0
0.7052,15.3,20.3,383.768,433.768,6900.0
0.7053,15.249,20.249,383.529,433.529,6900.0
0.7054,15.558,20.558,383.295,433.295,6900.0
0.7055,15.329,20.329,383.076,433.076,6900.0
0.7056,15.753,20.753,382.864,432.864,6900.0
0.7057,15.749,20.749,382.673,432.673,6900.0
0.7058,15.59,20.59,382.477,432.477,6900.0
0.7059,15.688,20.688,382.281,432.281,6900.0
0.706,15.431,20.431,382.09,432.09,6900.0
0.7061,15.593,20.593,381.894,431.894,6900.0
0.7062,15.299,20.299,381.711,431.711,6900.0
0.7063,15.066,20.066,381.516,431.516,6900.0
0.7064,15.285,20.285,381.325,431.325,6900.0
0.7065,15.062,20.062,381.142,431.142,6900.0
0.7066,15.137,20.137,380.952,430.952,6900.0
0.7067,14.998,19.998,380.771,430.771,6900.0
0.7068,14.583,19.583,380.578,430.578,6900.0
0.7069,14.625,19.625,380.381,430.381,6900.0
0.707,14.108,19.108,380.18,430.18,6900.0
0.7071,13.971,18.971,379.959,429.959,6900.0
0.7072,13.686,18.686,379.733,429.733,6900.0
0.7073,13.508,18.508,379.491,429.491,6900.0
0.7074,13.548,18.548,379.252,429.252,6900.0
0.7075,13.144,18.144,379.008,429.008,6900.0
0.7076,12.615,17.615,378.743,428.743,6900.0
0.7077,12.279,17.279,378.458,428.458,6900.0
0.7078,12.096,17.096,378.158,428.158,6900.0
0.7079,11.925,16.925,377.859,427.859,6900.0
0.708,11.306,16.306,377.545,427.545,6900.0
0.7081,10.993,15.993,377.209,427.209,6900.0
0.7082,10.585,15.585,376.855,426.855,6900.0
0.7083,10.341,15.341,376.481,426.481,6900.0
0.7084,10.28,15.28,376.104,426.104,6900.0
0.7085,9.628,14.628,375.716,425.716,6900.0
0.7086,9.616,14.616,375.309,425.309,6900.0
0.7087,9.025,14.025,374.889,424.889,6900.0
0.7088,8.929,13.929,374.447,424.447,6900.0
0.7089,8.649,13.649,373.998,423.998,6900.0
0.709,8.108,13.108,373.534,423.534,6900.0
0.7091,7.896,12.896,373.053,423.053,6900.0
0.7092,7.065,12.065,372.557,422.557,6900.0
0.7093,6.614,11.614,372.034,422.034,6900.0
0.7094,6.237,11.237,371.493,421.493,6900.0
0.7095,5.614,10.614,370.934,420.934,6900.0
0.7096,5.707,10.707,370.364,420.364,6900.0
0.7097,5.276,10.276,369.79,419.79,6900.0
0.7098,4.516,9.516,369.196,419.196,6900.0
0.7099,3.881,8.881,368.577,418.577,6900.0
0.71,3.406,8.406,367.939,417.939,6900.0
0.7101,3.17,8.17,367.291,417.291,6900.0
0.7102,2.93,7.93,366.639,416.639,6900.0
0.7103,2.146,7.146,365.973,415.973,6900.0
0.7104,1.516,6.516,365.288,415.288,6900.0
0.7105,1.004,6.004,364.591,414.591,6900.0
0.7106,0.451,5.451,363.88,413.88,6900.0
0.7107,0.072,5.072,363.162,413.162,6900.0
0.7108,0.075,5.075,362.439,412.439,6900.0
0.7109,0.021,5.021,361.713,411.713,6900.0
0.711,0.007,5.007,360.984,410.984,6900.0
0.7111,-0.0,5.0,360.252,410.252,6900.0
0.7112,-0.0,5.0,359.518,409.518,6900.0
0.7113,-0.0,5.0,358.782,408.782,6900.0
0.7114,-0.0,5.0,358.044,408.044,6900.0
0.7115,-0.0,5.0,357.303,407.303,6900.0
0.7116,-0.0,5.0,356.56,406.56,6900.0
0.7117,-0.0,5.0,355.816,405.816,6900.0
0.7118,-0.0,5.0,355.069,405.069,6900.0
0.7119,-0.0,5.0,354.321,404.321,6900.0
0.712,-0.003,4.997,353.571,403.571,6900.0
0.7121,-1.776,3.224,352.82,402.82,6900.0
0.7122,-6.081,-1.081,352.067,402.067,6900.0
0.7123,-6.92,-1.92,351.336,401.336,6891.601
0.7124,-7.171,-2.171,350.615,400.615,6859.346
0.7125,-7.995,-2.995,349.906,399.906,6804.26
0.7126,-8.716,-3.716,349.221,399.221,6728.109
0.7127,-9.651,-4.651,348.567,398.567,6632.787
0.7128,-9.98,-4.98,347.948,397.948,6520.468
0.7129,-10.249,-5.249,347.347,397.347,6392.992
0.713,-11.039,-6.039,346.77,396.77,6251.779
0.7131,-12.107,-7.107,346.232,396.232,6098.549
0.7132,-13.18,-8.18,345.751,395.751,5935.485
0.7133,-13.684,-8.684,345.323,395.323,5747.681
0.7134,-13.948,-8.948,344.923,394.923,5589.127
0.7135,-14.518,-9.518,344.551,394.551,5408.894
0.7136,-15.233,-10.233,344.224,394.224,5225.746
0.7137,-16.129,-11.129,343.954,393.954,5041.503
0.7138,-16.775,-11.775,343.745,393.745,4858.239
0.7139,-17.195,-12.195,343.584,393.584,4677.782
0.714,-17.595,-12.595,343.467,393.467,4501.532
0.7141,-18.438,-13.438,343.395,393.395,4330.727
0.7142,-19.018,-14.018,343.379,393.379,4166.79
0.7143,-19.694,-14.694,343.411,393.411,4011.148
0.7144,-20.302,-15.302,343.495,393.495,3864.92
0.7145,-20.699,-15.699,343.624,393.624,3729.344
0.7146,-21.015,-16.015,343.789,393.789,3605.25
0.7147,-21.153,-16.153,343.983,393.983,3493.176
0.7148,-21.711,-16.711,344.205,394.205,3393.389
0.7149,-22.171,-17.171,344.469,394.469,3306.382
0.715,-22.393,-17.393,344.781,394.781,3232.973
0.7151,-22.582,-17.582,345.122,395.122,3173.849
0.7152,-22.594,-17.594,345.479,395.479,3129.12
0.7153,-22.939,-17.939,345.855,395.855,3096.26
0.7154,-23.026,-18.026,346.257,396.257,3081.345
0.7155,-23.108,-18.108,346.687,396.687,3080.215
0.7156,-23.483,-18.483,347.132,397.132,3092.664
0.7157,-23.314,-18.314,347.58,397.58,3119.301
0.7158,-23.211,-18.211,348.027,398.027,3159.386
0.7159,-23.069,-18.069,348.465,398.465,3212.189
0.716,-22.942,-17.942,348.908,398.908,3276.919
0.7161,-23.37,-18.37,349.35,399.35,3353.11
0.7162,-23.233,-18.233,349.787,399.787,3440.264
0.7163,-23.63,-18.63,350.22,400.22,3537.616
0.7164,-23.734,-18.734,350.659,400.659,3644.686
0.7165,-23.699,-18.699,351.097,401.097,3761.135
0.7166,-24.097,-19.097,351.535,401.535,3886.512
0.7167,-23.926,-18.926,351.965,401.965,4020.4
0.7168,-24.07,-19.07,352.38,402.38,4162.048
0.7169,-23.925,-18.925,352.784,402.784,4310.599
0.717,-23.723,-18.723,353.16,403.16,4465.191
0.7171,-23.849,-18.849,353.517,403.517,4624.714
0.7172,-23.659,-18.659,353.849,403.849,4788.335
0.7173,-23.667,-18.667,354.157,404.157,4971.846
0.7174,-23.387,-18.387,354.443,404.443,5140.819
0.7175,-22.864,-17.864,354.683,404.683,5293.698
0.7176,-22.752,-17.752,354.892,404.892,5463.113
0.7177,-22.477,-17.477,355.072,405.072,5631.163
0.7178,-22.654,-17.654,355.227,405.227,5797.023
0.7179,-22.384,-17.384,355.369,405.369,5960.017
0.718,-21.8,-16.8,355.467,405.467,6119.559
0.7181,-21.958,-16.958,355.528,405.528,6274.263
0.7182,-21.594,-16.594,355.567,405.567,6423.435
0.7183,-21.464,-16.464,355.57,405.57,6566.435
0.7184,-21.117,-16.117,355.545,405.545,6700.738
0.7185,-20.356,-15.356,355.48,405.48,6792.985
0.7186,-20.553,-15.553,355.377,405.377,6847.319
0.7187,-20.074,-15.074,355.264,405.264,6879.03
0.7188,-19.82,-14.82,355.122,405.122,6897.269
0.7189,-19.411,-14.411,354.966,404.966,6907.501
0.719,-18.684,-13.684,354.786,404.786,6912.994
0.7191,-18.717,-13.717,354.575,404.575,6915.696
0.7192,-18.174,-13.174,354.348,404.348,6916.769
0.7193,-17.945,-12.945,354.086,404.086,6916.885
0.7194,-17.686,-12.686,353.81,403.81,6916.458
0.7195,-17.198,-12.198,353.52,403.52,6915.844
0.7196,-17.019,-12.019,353.208,403.208,6915.033
0.7197,-16.078,-11.078,352.865,402.865,6914.168
0.7198,-15.596,-10.596,352.474,402.474,6913.295
0.7199,-15.481,-10.481,352.065,402.065,6912.443
0.72,-15.226,-10.226,351.652,401.652,6907.346
0.7201,-14.367,-9.367,351.231,401.231,6888.753
0.7202,-13.049,-8.049,350.769,400.769,6856.313
0.7203,-12.204,-7.204,350.263,400.263,6803.627
0.7204,-11.289,-6.289,349.734,399.734,6746.872
0.7205,-10.718,-5.718,349.189,399.189,6669.44
0.7206,-9.886,-4.886,348.638,398.638,6577.291
0.7207,-8.792,-3.792,348.068,398.068,6470.826
0.7208,-8.145,-3.145,347.483,397.483,6350.123
0.7209,-7.452,-2.452,346.894,396.894,6215.586
0.721,-7.054,-2.054,346.306,396.306,6067.859
0.7211,-6.425,-1.425,345.726,395.726,5907.769
0.7212,-5.762,-0.762,345.148,395.148,5736.163
0.7213,-5.4,-0.4,344.574,394.574,5534.941
0.7214,-5.073,-0.073,344.011,394.011,5341.588
0.7215,-5.304,-0.304,343.463,393.463,5159.784
0.7216,-3.774,1.226,342.928,392.928,4950.352
0.7217,-3.054,1.946,342.405,392.405,4733.712
0.7218,-2.285,2.715,341.9,391.9,4510.781
0.7219,-3.007,1.993,341.414,391.414,4282.523
0.722,-0.646,4.354,340.954,390.954,4049.941
0.7221,-0.001,4.999,340.518,390.518,3814.176
0.7222,-0.0,5.0,340.107,390.107,3576.225
0.7223,0.009,5.009,339.723,389.723,3313.153
0.7224,0.0,5.0,339.366,389.366,3097.747
0.7225,0.134,5.134,339.036,389.036,2859.104
0.7226,0.108,5.108,338.733,388.733,2622.051
0.7227,0.105,5.105,338.457,388.457,2387.418
0.7228,0.239,5.239,338.207,388.207,2155.963
0.7229,0.603,5.603,337.986,387.986,1928.415
0.723,1.446,6.446,337.798,387.798,1705.568
0.7231,2.316,7.316,337.652,387.652,1488.376
0.7232,2.486,7.486,337.538,387.538,1277.845
0.7233,2.903,7.903,337.451,387.451,1054.681
0.7234,3.779,8.779,337.397,387.397,860.053
0.7235,4.789,9.789,337.385,387.385,692.279
0.7236,5.69,10.69,337.421,387.421,514.996
0.7237,6.168,11.168,337.498,387.498,348.294
0.7238,6.924,11.924,337.608,387.608,192.809
0.7239,7.695,12.695,337.756,387.756,49.087
0.724,8.352,13.352,337.944,387.944,0.0
0.7241,9.097,14.097,338.159,388.159,0.0
0.7242,9.793,14.793,338.4,388.4,0.0
0.7243,10.427,15.427,338.666,388.666,0.0
0.7244,11.032,16.032,338.957,388.957,0.0
0.7245,11.503,16.503,339.268,389.268,0.0
0.7246,12.07,17.07,339.595,389.595,0.0
0.7247,12.558,17.558,339.946,389.946,0.0
0.7248,13.314,18.314,340.324,390.324,0.0
0.7249,13.936,18.936,340.733,390.733,0.0
0.725,14.347,19.347,341.163,391.163,0.0
0.7251,14.884,19.884,341.613,391.613,0.0
0.7252,15.506,20.506,342.093,392.093,1.117
0.7253,16.299,21.299,342.608,392.608,15.046
0.7254,16.692,21.692,343.158,393.158,49.216
0.7255,16.872,21.872,343.717,393.717,97.41
0.7256,17.347,22.347,344.279,394.279,154.157
0.7257,17.581,22.581,344.855,394.855,231.701
0.7258,18.143,23.143,345.433,395.433,324.042
0.7259,18.456,23.456,346.032,396.032,430.834
0.726,18.395,23.395,346.625,396.625,551.788
0.7261,18.683,23.683,347.203,397.203,685.878
0.7262,18.791,23.791,347.779,397.779,832.263
0.7263,19.143,24.143,348.342,398.342,990.151
0.7264,19.437,24.437,348.916,398.916,1158.897
0.7265,19.3,24.3,349.478,399.478,1338.205
0.7266,19.58,24.58,350.023,400.023,1526.994
0.7267,19.446,24.446,350.557,400.557,1724.554
0.7268,19.486,24.486,351.057,401.057,1929.831
0.7269,19.568,24.568,351.545,401.545,2141.579
0.727,19.357,24.357,352.004,402.004,2359.05
0.7271,19.465,24.465,352.435,402.435,2580.928
0.7272,19.193,24.193,352.84,402.84,2806.304
0.7273,19.061,24.061,353.198,403.198,3033.871
0.7274,19.062,24.062,353.527,403.527,3284.966
0.7275,18.915,23.915,353.825,403.825,3512.96
0.7276,19.009,24.009,354.096,404.096,3717.041
0.7277,18.975,23.975,354.344,404.344,3941.967
0.7278,18.613,23.613,354.557,404.557,4164.148
0.7279,18.676,23.676,354.729,404.729,4382.38
0.728,18.475,23.475,354.871,404.871,4595.778
0.7281,18.401,23.401,354.988,404.988,4803.496
0.7282,18.092,23.092,355.072,405.072,5004.94
0.7283,17.676,22.676,355.111,405.111,5199.148
0.7284,17.41,22.41,355.104,405.104,5384.887
0.7285,17.14,22.14,355.059,405.059,5561.122
0.7286,16.871,21.871,354.981,404.981,5727.076
0.7287,16.456,21.456,354.87,404.87,5882.098
0.7288,16.044,21.044,354.721,404.721,6025.5
0.7289,15.547,20.547,354.535,404.535,6156.566
0.729,15.067,20.067,354.31,404.31,6274.596
0.7291,14.332,19.332,354.048,404.048,6378.907
0.7292,13.716,18.716,353.747,403.747,6468.809
0.7293,13.184,18.184,353.415,403.415,6543.775
0.7294,12.478,17.478,353.056,403.056,6608.676
0.7295,11.621,16.621,352.66,402.66,6651.348
0.7296,10.609,15.609,352.221,402.221,6675.954
0.7297,9.885,14.885,351.746,401.746,6687.367
0.7298,9.233,14.233,351.251,401.251,6681.833
0.7299,8.489,13.489,350.742,400.742,6659.591
0.73,7.232,12.232,350.206,400.206,6620.888
0.7301,5.899,10.899,349.63,399.63,6565.413
0.7302,4.968,9.968,349.029,399.029,6492.789
0.7303,4.307,9.307,348.415,398.415,6403.217
0.7304,3.707,8.707,347.801,397.801,6297.278
0.7305,2.607,7.607,347.183,397.183,6175.815
0.7306,1.558,6.558,346.554,396.554,6039.374
0.7307,0.886,5.886,345.925,395.925,5888.487
0.7308,0.089,5.089,345.299,395.299,5723.993
0.7309,0.039,5.039,344.687,394.687,5546.814
0.731,-0.0,5.0,344.093,394.093,5358.178
0.7311,-0.0,5.0,343.518,393.518,5159.332
0.7312,-0.0,5.0,342.964,392.964,4951.5
0.7313,-0.0,5.0,342.432,392.432,4735.886
0.7314,-0.0,5.0,341.922,391.922,4491.126
0.7315,-0.0,5.0,341.436,391.436,4262.968
0.7316,-0.0,5.0,340.975,390.975,4053.976
0.7317,-0.0,5.0,340.538,390.538,3818.697
0.7318,-0.0,5.0,340.127,390.127,3581.19
0.7319,-0.0,5.0,339.742,389.742,3342.451
0.732,0.0,5.0,339.383,389.383,3103.427
0.7321,-1.11,3.89,339.05,389.05,2865.02
0.7322,-3.919,1.081,338.743,388.743,2628.081
0.7323,-7.251,-2.251,338.466,388.466,2393.423
0.7324,-7.529,-2.529,338.245,388.245,2162.282
0.7325,-7.986,-2.986,338.06,388.06,1936.068
0.7326,-8.554,-3.554,337.908,387.908,1715.697
0.7327,-9.477,-4.477,337.796,387.796,1501.957
0.7328,-10.313,-5.313,337.73,387.73,1295.922
0.7329,-11.439,-6.439,337.718,387.718,1098.76
0.733,-11.99,-6.99,337.761,387.761,911.829
0.7331,-12.366,-7.366,337.831,387.831,736.058
0.7332,-13.203,-8.203,337.93,387.93,571.689
0.7333,-14.144,-9.144,338.075,388.075,419.263
0.7334,-15.344,-10.344,338.277,388.277,266.575
0.7335,-16.024,-11.024,338.536,388.536,142.731
0.7336,-16.343,-11.343,338.825,388.825,44.093
0.7337,-17.08,-12.08,339.136,389.136,0.0
0.7338,-17.859,-12.859,339.477,389.477,0.0
0.7339,-18.84,-13.84,339.856,389.856,0.0
0.734,-19.484,-14.484,340.281,390.281,0.0
0.7341,-20.18,-15.18,340.739,390.739,0.0
0.7342,-20.953,-15.953,341.233,391.233,0.0
0.7343,-21.641,-16.641,341.765,391.765,0.0
0.7344,-22.236,-17.236,342.331,392.331,4.75
0.7345,-22.88,-17.88,342.929,392.929,27.132
0.7346,-23.519,-18.519,343.557,393.557,67.973
0.7347,-23.974,-18.974,344.215,394.215,127.389
0.7348,-24.339,-19.339,344.888,394.888,205.281
0.7349,-24.674,-19.674,345.567,395.567,301.143
0.735,-25.281,-20.281,346.257,396.257,414.328
0.7351,-25.901,-20.901,346.965,396.965,544.57
0.7352,-26.391,-21.391,347.706,397.706,691.809
0.7353,-26.847,-21.847,348.459,398.459,856.181
0.7354,-27.047,-22.047,349.211,399.211,1056.138
0.7355,-27.59,-22.59,349.963,399.963,1254.407
0.7356,-27.941,-22.941,350.72,400.72,1467.905
0.7357,-28.431,-23.431,351.493,401.493,1672.661
0.7358,-28.53,-23.53,352.266,402.266,1914.063
0.7359,-28.565,-23.565,353.007,403.007,2169.094
0.736,-28.736,-23.736,353.729,403.729,2436.191
0.7361,-28.817,-23.817,354.424,404.424,2714.258
0.7362,-29.086,-24.086,355.106,405.106,3001.983
0.7363,-29.081,-24.081,355.769,405.769,3298.712
0.7364,-29.036,-24.036,356.393,406.393,3603.136
0.7365,-29.165,-24.165,356.995,406.995,3913.772
0.7366,-29.032,-24.032,357.565,407.565,4229.725
0.7367,-29.245,-24.245,358.103,408.103,4549.546
0.7368,-29.076,-24.076,358.625,408.625,4872.405
0.7369,-29.061,-24.061,359.101,409.101,5197.216
0.737,-29.135,-24.135,359.553,409.553,5522.652
0.7371,-28.837,-23.837,359.964,409.964,5847.832
0.7372,-28.809,-23.809,360.32,410.32,6171.053
0.7373,-28.683,-23.683,360.641,410.641,6480.775
0.7374,-28.622,-23.622,360.923,410.923,6699.642
0.7375,-28.456,-23.456,361.195,411.195,6812.057
0.7376,-28.223,-23.223,361.441,411.441,6876.595
0.7377,-28.169,-23.169,361.656,411.656,6910.129
0.7378,-28.082,-23.082,361.866,411.866,6931.06
0.7379,-28.222,-23.222,362.067,412.067,6941.727
0.738,-28.082,-23.082,362.277,412.277,6946.436
0.7381,-27.806,-22.806,362.473,412.473,6947.728
0.7382,-27.658,-22.658,362.64,412.64,6947.101
0.7383,-27.506,-22.506,362.794,412.794,6945.435
0.7384,-27.343,-22.343,362.932,412.932,6943.244
0.7385,-27.0,-22.0,363.059,413.059,6940.826
0.7386,-26.62,-21.62,363.161,413.161,6938.35
0.7387,-26.212,-21.212,363.229,413.229,6935.913
0.7388,-25.756,-20.756,363.269,413.269,6933.565
0.7389,-25.316,-20.316,363.28,413.28,6931.332
0.739,-24.833,-19.833,363.263,413.263,6929.226
0.7391,-24.422,-19.422,363.22,413.22,6927.248
0.7392,-23.909,-18.909,363.154,413.154,6925.397
0.7393,-23.103,-18.103,363.06,413.06,6923.667
0.7394,-22.221,-17.221,362.921,412.921,6922.052
0.7395,-21.617,-16.617,362.738,412.738,6920.401
0.7396,-20.887,-15.887,362.527,412.527,6919.007
0.7397,-20.309,-15.309,362.294,412.294,6917.834
0.7398,-19.206,-14.206,362.039,412.039,6916.615
0.7399,-17.988,-12.988,361.726,411.726,6915.479
0.74,-17.121,-12.121,361.357,411.357,6914.421
0.7401,-16.524,-11.524,360.955,410.955,6913.436
0.7402,-16.019,-11.019,360.539,410.539,6912.517
0.7403,-14.919,-9.919,360.11,410.11,6911.662
0.7404,-13.655,-8.655,359.637,409.637,6910.865
0.7405,-12.864,-7.864,359.119,409.119,6910.122
0.7406,-12.022,-7.022,358.576,408.576,6909.43
0.7407,-11.448,-6.448,358.009,408.009,6908.786
0.7408,-10.532,-5.532,357.426,407.426,6908.185
0.7409,-9.583,-4.583,356.814,406.814,6907.626
0.741,-8.975,-3.975,356.174,406.174,6907.105
0.7411,-8.067,-3.067,355.516,405.516,6906.619
0.7412,-7.494,-2.494,354.84,404.84,6906.166
0.7413,-6.817,-1.817,354.15,404.15,6905.745
0.7414,-6.203,-1.203,353.445,403.445,6905.352
0.7415,-5.722,-0.722,352.727,402.727,6904.95
0.7416,-5.272,-0.272,351.999,401.999,6904.612
0.7417,-4.449,0.551,351.264,401.264,6894.008
0.7418,-3.586,1.414,350.523,400.523,6858.958
0.7419,-2.374,2.626,349.781,399.781,6800.424
0.742,-2.369,2.631,349.042,399.042,6719.599
0.7421,-0.0,5.0,348.314,398.314,6617.823
0.7422,0.021,5.021,347.595,397.595,6496.488
0.7423,0.016,5.016,346.892,396.892,6357.036
0.7424,0.052,5.052,346.204,396.204,6200.931
0.7425,0.208,5.208,345.535,395.535,6029.621
0.7426,0.346,5.346,344.886,394.886,5844.559
0.7427,1.201,6.201,344.262,394.262,5647.217
0.7428,1.99,6.99,343.671,393.671,5439.224
0.7429,2.536,7.536,343.112,393.112,5222.287
0.743,3.482,8.482,342.584,392.584,4997.94
0.7431,4.684,9.684,342.096,392.096,4767.726
0.7432,5.973,10.973,341.655,391.655,4533.433
0.7433,7.176,12.176,341.272,391.272,4297.002
0.7434,7.865,12.865,340.937,390.937,4060.408
0.7435,8.844,13.844,340.639,390.639,3801.728
0.7436,10.108,15.108,340.392,390.392,3569.432
0.7437,11.356,16.356,340.206,390.206,3364.178
0.7438,12.494,17.494,340.09,390.09,3142.121
0.7439,13.543,18.543,340.035,390.035,2928.199
0.744,14.485,19.485,340.039,390.039,2723.993
0.7441,15.518,20.518,340.099,390.099,2530.876
0.7442,16.446,21.446,340.217,390.217,2350.141
0.7443,17.457,22.457,340.391,390.391,2183.015
0.7444,18.467,23.467,340.622,390.622,2030.625
0.7445,19.395,24.395,340.908,390.908,1894.045
0.7446,20.245,25.245,341.244,391.244,1774.194
0.7447,21.028,26.028,341.62,391.62,1671.749
0.7448,21.942,26.942,342.035,392.035,1587.067
0.7449,22.898,27.898,342.5,392.5,1520.645
0.745,23.935,28.935,343.025,393.025,1473.262
0.7451,24.8,29.8,343.605,393.605,1445.984
0.7452,25.33,30.33,344.226,394.226,1439.423
0.7453,26.216,31.216,344.87,394.87,1453.602
0.7454,26.873,31.873,345.56,395.56,1488.575
0.7455,27.805,32.805,346.287,396.287,1551.472
0.7456,28.284,33.284,347.059,397.059,1631.294
0.7457,28.516,33.516,347.837,397.837,1721.539
0.7458,29.186,34.186,348.605,398.605,1841.157
0.7459,29.435,34.435,349.386,399.386,1980.366
0.746,30.015,35.015,350.161,400.161,2138.301
0.7461,30.328,35.328,350.953,400.953,2314.349
0.7462,30.38,35.38,351.731,401.731,2507.934
0.7463,30.912,35.912,352.49,402.49,2717.616
0.7464,31.064,36.064,353.256,403.256,2942.494
0.7465,31.424,36.424,354.002,404.002,3181.805
0.7466,31.604,36.604,354.759,404.759,3434.673
0.7467,31.531,36.531,355.496,405.496,3700.596
0.7468,31.855,36.855,356.207,406.207,3978.155
0.7469,31.687,36.687,356.903,406.903,4266.326
0.747,31.621,36.621,357.543,407.543,4563.648
0.7471,31.606,36.606,358.15,408.15,4868.096
0.7472,31.199,36.199,358.711,408.711,5178.277
0.7473,31.234,36.234,359.223,409.223,5492.169
0.7474,31.012,36.012,359.693,409.693,5808.312
0.7475,30.718,35.718,360.101,410.101,6156.54
0.7476,30.75,35.75,360.459,410.459,6464.046
0.7477,30.603,35.603,360.787,410.787,6655.112
0.7478,30.653,35.653,361.106,411.106,6782.811
0.7479,30.485,35.485,361.416,411.416,6856.639
0.748,30.072,35.072,361.704,411.704,6898.604
0.7481,29.799,34.799,361.964,411.964,6921.789
0.7482,29.602,34.602,362.203,412.203,6933.959
0.7483,29.406,34.406,362.432,412.432,6939.712
0.7484,28.867,33.867,362.642,412.642,6941.766
0.7485,28.402,33.402,362.812,412.812,6941.726
0.7486,27.777,32.777,362.943,412.943,6940.533
0.7487,27.289,32.289,363.037,413.037,6938.74
0.7488,26.714,31.714,363.104,413.104,6936.666
0.7489,26.25,31.25,363.14,413.14,6934.498
0.749,25.639,30.639,363.152,413.152,6932.337
0.7491,24.86,29.86,363.135,413.135,6930.242
0.7492,23.95,28.95,363.081,413.081,6928.242
0.7493,23.06,28.06,362.982,412.982,6926.351
0.7494,22.077,27.077,362.844,412.844,6924.572
0.7495,21.233,26.233,362.672,412.672,6922.745
0.7496,20.178,25.178,362.473,412.473,6921.197
0.7497,18.836,23.836,362.225,412.225,6919.752
0.7498,17.42,22.42,361.912,411.912,6918.535
0.7499,16.46,21.46,361.548,411.548,6917.269
0.75,15.566,20.566,361.157,411.157,6916.09
0.7501,14.508,19.508,360.75,410.75,6914.991
0.7502,12.912,17.912,360.305,410.305,6913.966
0.7503,11.542,16.542,359.803,409.803,6913.012
0.7504,10.395,15.395,359.264,409.264,6912.123
0.7505,9.348,14.348,358.692,408.692,6911.295
0.7506,8.374,13.374,358.099,408.099,6910.523
0.7507,6.887,11.887,357.481,407.481,6909.804
0.7508,5.623,10.623,356.827,406.827,6909.134
0.7509,4.538,9.538,356.15,406.15,6908.51
0.751,3.342,8.342,355.452,405.452,6907.928
0.7511,2.395,7.395,354.739,404.739,6907.386
0.7512,0.969,5.969,354.01,404.01,6906.881
0.7513,0.064,5.064,353.266,403.266,6906.411
0.7514,0.007,5.007,352.516,402.516,6905.972
0.7515,-0.0,5.0,351.763,401.763,6904.966
0.7516,-0.0,5.0,351.01,401.01,6882.948
0.7517,-0.0,5.0,350.26,400.26,6837.133
0.7518,-0.0,5.0,349.515,399.515,6776.052
0.7519,-0.0,5.0,348.778,398.778,6687.411
0.752,0.0,5.0,348.052,398.052,6578.276
0.7521,-2.91,2.09,347.338,397.338,6450.081
0.7522,-7.126,-2.126,346.638,396.638,6304.272
0.7523,-8.055,-3.055,345.974,395.974,6142.49
0.7524,-9.23,-4.23,345.336,395.336,5966.686
0.7525,-10.441,-5.441,344.731,394.731,5778.601
0.7526,-11.888,-6.888,344.17,394.17,5580.089
0.7527,-13.016,-8.016,343.659,393.659,5373.33
0.7528,-14.187,-9.187,343.184,393.184,5160.308
0.7529,-15.787,-10.787,342.758,392.758,4942.654
0.753,-17.464,-12.464,342.397,392.397,4722.519
0.7531,-19.202,-14.202,342.12,392.12,4502.406
0.7532,-20.289,-15.289,341.926,391.926,4285.266
0.7533,-21.357,-16.357,341.773,391.773,4073.175
0.7534,-22.726,-17.726,341.662,391.662,3867.159
0.7535,-24.347,-19.347,341.614,391.614,3668.604
0.7536,-25.956,-20.956,341.65,391.65,3461.074
0.7537,-27.262,-22.262,341.766,391.766,3284.889
0.7538,-28.34,-23.34,341.943,391.943,3137.942
0.7539,-29.751,-24.751,342.172,392.172,2988.555
0.754,-31.279,-26.279,342.472,392.472,2854.981
0.7541,-32.537,-27.537,342.856,392.856,2738.942
0.7542,-33.845,-28.845,343.32,393.32,2642.233
0.7543,-35.109,-30.109,343.862,393.862,2566.455
0.7544,-36.42,-31.42,344.478,394.478,2513.066
0.7545,-37.534,-32.534,345.16,395.16,2483.313
0.7546,-38.461,-33.461,345.893,395.893,2478.002
0.7547,-39.64,-34.64,346.667,396.667,2497.462
0.7548,-40.694,-35.694,347.493,397.493,2542.027
0.7549,-41.68,-36.68,348.372,398.372,2612.175
0.755,-42.423,-37.423,349.288,399.288,2708.307
0.7551,-43.214,-38.214,350.213,400.213,2830.042
0.7552,-44.25,-39.25,351.167,401.167,2976.683
0.7553,-45.223,-40.223,352.16,402.16,3148.288
0.7554,-46.139,-41.139,353.215,403.215,3345.209
0.7555,-46.693,-41.693,354.305,404.305,3568.24
0.7556,-47.147,-42.147,355.39,405.39,3843.115
0.7557,-47.818,-42.818,356.482,406.482,4118.554
0.7558,-48.304,-43.304,357.578,407.578,4386.743
0.7559,-48.921,-43.921,358.694,408.694,4706.461
0.756,-49.065,-44.065,359.809,409.809,5048.846
0.7561,-49.227,-44.227,360.869,410.869,5412.286
0.7562,-49.488,-44.488,361.905,411.905,5794.314
0.7563,-49.577,-44.577,362.9,412.9,6193.353
0.7564,-49.894,-44.894,363.874,413.874,6521.132
0.7565,-50.023,-45.023,364.85,414.85,6712.889
0.7566,-50.119,-45.119,365.81,415.81,6823.691
0.7567,-50.208,-45.208,366.789,416.789,6886.692
0.7568,-50.104,-45.104,367.767,417.767,6921.598
0.7569,-50.391,-45.391,368.742,418.742,6940.081
0.757,-50.132,-45.132,369.748,419.748,6949.036
0.7571,-50.214,-45.214,370.732,420.732,6952.522
0.7572,-50.02,-45.02,371.737,421.737,6952.921
0.7573,-49.575,-44.575,372.72,422.72,6951.624
0.7574,-49.483,-44.483,373.656,423.656,6949.442
0.7575,-48.986,-43.986,374.586,424.586,6946.842
0.7576,-48.696,-43.696,375.476,425.476,6943.813
0.7577,-48.402,-43.402,376.357,426.357,6941.064
0.7578,-47.846,-42.846,377.206,427.206,6938.659
0.7579,-47.453,-42.453,378.005,428.005,6936.102
0.758,-47.12,-42.12,378.787,428.787,6933.684
0.7581,-46.849,-41.849,379.551,429.551,6931.41
0.7582,-46.312,-41.312,380.314,430.314,6929.281
0.7583,-45.607,-40.607,381.047,431.047,6927.291
0.7584,-44.869,-39.869,381.729,431.729,6925.433
0.7585,-44.244,-39.244,382.366,432.366,6923.701
0.7586,-43.529,-38.529,382.963,432.963,6922.086
0.7587,-42.64,-37.64,383.523,433.523,6920.581
0.7588,-41.776,-36.776,384.03,434.03,6919.179
0.7589,-40.797,-35.797,384.486,434.486,6917.873
0.759,-39.8,-34.8,384.883,434.883,6916.657
0.7591,-38.777,-33.777,385.223,435.223,6915.523
0.7592,-37.7,-32.7,385.512,435.512,6914.468
0.7593,-36.623,-31.623,385.756,435.756,6913.484
0.7594,-35.555,-30.555,385.964,435.964,6912.568
0.7595,-34.262,-29.262,386.13,436.13,6911.714
0.7596,-32.729,-27.729,386.233,436.233,6910.842
0.7597,-31.483,-26.483,386.266,436.266,6910.106
0.7598,-30.32,-25.32,386.254,436.254,6909.486
0.7599,-29.094,-24.094,386.214,436.214,6908.843
0.76,-27.356,-22.356,386.138,436.138,6908.243
0.7601,-25.521,-20.521,385.977,435.977,6907.684
0.7602,-24.065,-19.065,385.733,435.733,6907.163
0.7603,-22.95,-17.95,385.436,435.436,6906.677
0.7604,-21.952,-16.952,385.109,435.109,6906.225
0.7605,-20.428,-15.428,384.763,434.763,6905.803
0.7606,-18.725,-13.725,384.37,434.37,6905.41
0.7607,-17.66,-12.66,383.926,433.926,6905.044
0.7608,-16.141,-11.141,383.459,433.459,6904.702
0.7609,-15.097,-10.097,382.961,432.961,6904.384
0.761,-13.644,-8.644,382.444,432.444,6904.087
0.7611,-12.195,-7.195,381.893,431.893,6903.81
0.7612,-11.046,-6.046,381.307,431.307,6903.552
0.7613,-9.642,-4.642,380.698,430.698,6903.311
0.7614,-8.478,-3.478,380.063,430.063,6903.087
0.7615,-7.508,-2.508,379.408,429.408,6902.878
0.7616,-6.341,-1.341,378.739,428.739,6902.664
0.7617,-5.517,-0.517,378.056,428.056,6902.484
0.7618,-4.695,0.305,377.363,427.363,6902.315
0.7619,-2.228,2.772,376.667,426.667,6902.174
0.762,0.0,5.0,375.962,425.962,6902.026
0.7621,-0.0,5.0,375.255,425.255,6901.889
0.7622,0.04,5.04,374.547,424.547,6901.761
0.7623,0.13,5.13,373.838,423.838,6901.641
0.7624,0.396,5.396,373.129,423.129,6901.53
0.7625,0.877,5.877,372.421,422.421,6901.426
0.7626,1.583,6.583,371.716,421.716,6901.329
0.7627,3.081,8.081,371.017,421.017,6901.239
0.7628,4.455,9.455,370.334,420.334,6901.155
0.7629,6.129,11.129,369.668,419.668,6901.076
0.763,7.307,12.307,369.03,419.03,6901.003
0.7631,8.26,13.26,368.407,418.407,6900.935
0.7632,9.778,14.778,367.793,417.793,6900.871
0.7633,11.457,16.457,367.204,417.204,6900.812
0.7634,13.205,18.205,366.654,416.654,6900.757
0.7635,14.542,19.542,366.154,416.154,6900.705
0.7636,15.768,20.768,365.689,415.689,6900.657
0.7637,17.153,22.153,365.248,415.248,6900.608
0.7638,18.668,23.668,364.844,414.844,6900.567
0.7639,20.335,25.335,364.486,414.486,6900.532
0.764,21.715,26.715,364.184,414.184,6900.496
0.7641,23.027,28.027,363.931,413.931,6900.462
0.7642,24.375,29.375,363.724,413.724,6900.43
0.7643,25.876,30.876,363.564,413.564,6900.401
0.7644,27.124,32.124,363.456,413.456,6900.373
0.7645,28.535,33.535,363.395,413.395,6900.348
0.7646,29.81,34.81,363.391,413.391,6900.324
0.7647,31.076,36.076,363.45,413.45,6900.302
0.7648,32.12,37.12,363.564,413.564,6900.281
0.7649,33.172,38.172,363.719,413.719,6900.262
0.765,34.158,39.158,363.912,413.912,6900.244
0.7651,35.212,40.212,364.154,414.154,6900.227
0.7652,36.353,41.353,364.459,414.459,6900.212
0.7653,37.307,42.307,364.825,414.825,6900.197
0.7654,38.084,43.084,365.229,415.229,6900.184
0.7655,39.006,44.006,365.66,415.66,6900.171
0.7656,39.8,44.8,366.142,416.142,6900.159
0.7657,40.852,45.852,366.669,416.669,6900.147
0.7658,41.399,46.399,367.267,417.267,6900.137
0.7659,41.938,46.938,367.883,417.883,6900.129
0.766,42.721,47.721,368.518,418.518,6900.12
0.7661,43.233,48.233,369.191,419.191,6900.112
0.7662,43.926,48.926,369.881,419.881,6900.104
0.7663,44.359,49.359,370.624,420.624,6900.097
0.7664,44.5,49.5,371.377,421.377,6900.09
0.7665,45.19,50.19,372.132,422.132,6900.084
0.7666,45.491,50.491,372.922,422.922,6900.078
0.7667,45.725,50.725,373.715,423.715,6900.073
0.7668,46.088,51.088,374.54,424.54,6900.068
0.7669,46.102,51.102,375.375,425.375,6900.063
0.767,46.391,51.391,376.218,426.218,6900.059
0.7671,46.278,51.278,377.079,427.079,6900.055
0.7672,46.145,51.145,377.914,427.914,6900.051
0.7673,46.16,51.16,378.747,428.747,6900.048
0.7674,46.048,51.048,379.565,429.565,6900.044
0.7675,45.982,50.982,380.379,430.379,6900.041
0.7676,45.78,50.78,381.182,431.182,6900.039
0.7677,45.329,50.329,381.948,431.948,6900.036
0.7678,45.263,50.263,382.684,432.684,6900.033
0.7679,44.964,49.964,383.406,433.406,6900.031
0.768,44.703,49.703,384.121,434.121,6900.029
0.7681,44.26,49.26,384.823,434.823,6900.027
0.7682,43.507,48.507,385.49,435.49,6900.025
0.7683,43.169,48.169,386.109,436.109,6900.024
0.7684,42.638,47.638,386.704,436.704,6900.022
0.7685,42.011,47.011,387.274,437.274,6900.02
0.7686,41.277,46.277,387.81,437.81,6900.019
0.7687,40.255,45.255,388.302,438.302,6900.018
0.7688,39.298,44.298,388.736,438.736,6900.017
0.7689,38.346,43.346,389.12,439.12,6900.015
0.769,37.415,42.415,389.451,439.451,6900.014
0.7691,36.301,41.301,389.74,439.74,6900.013
0.7692,35.172,40.172,389.983,439.983,6900.012
0.7693,33.891,38.891,390.184,440.184,6900.012
0.7694,32.394,37.394,390.327,440.327,6900.011
0.7695,31.04,36.04,390.397,440.397,6900.01
0.7696,29.766,34.766,390.414,440.414,6900.009
0.7697,28.427,33.427,390.392,440.392,6900.009
0.7698,26.859,31.859,390.339,440.339,6900.008
0.7699,25.007,30.007,390.225,440.225,6900.008
0.77,23.222,28.222,390.028,440.028,6900.007
0.7701,21.783,26.783,389.77,439.77,6900.007
0.7702,20.493,25.493,389.474,439.474,6900.006
0.7703,19.094,24.094,389.157,439.157,6900.006
0.7704,17.014,22.014,388.8,438.8,6900.005
0.7705,15.286,20.286,388.379,438.379,6900.005
0.7706,13.653,18.653,387.918,437.918,6900.005
0.7707,12.105,17.105,387.417,437.417,6900.004
0.7708,10.434,15.434,386.891,436.891,6900.004
0.7709,8.652,13.652,386.331,436.331,6900.004
0.771,6.833,11.833,385.735,435.735,6900.004
0.7711,5.214,10.214,385.111,435.111,6900.003
0.7712,3.751,8.751,384.464,434.464,6900.003
0.7713,2.232,7.232,383.799,433.799,6900.003
0.7714,0.737,5.737,383.119,433.119,6900.003
0.7715,0.038,5.038,382.429,432.429,6900.002
0.7716,-0.0,5.0,381.735,431.735,6900.002
0.7717,-0.0,5.0,381.04,431.04,6900.002
0.7718,-0.0,5.0,380.343,430.343,6900.002
0.7719,-0.0,5.0,379.644,429.644,6900.002
0.772,-0.003,4.997,378.944,428.944,6900.002
0.7721,-1.762,3.238,378.243,428.243,6900.002
0.7722,-5.124,-0.124,377.541,427.541,6900.002
0.7723,-8.709,-3.709,376.847,426.847,6900.001
0.7724,-9.623,-4.623,376.176,426.176,6900.001
0.7725,-10.861,-5.861,375.51,425.51,6900.001
0.7726,-12.369,-7.369,374.859,424.859,6900.001
0.7727,-13.824,-8.824,374.231,424.231,6900.001
0.7728,-15.551,-10.551,373.636,423.636,6900.001
0.7729,-16.623,-11.623,373.081,423.081,6900.001
0.773,-17.709,-12.709,372.539,422.539,6900.001
0.7731,-19.344,-14.344,372.017,422.017,6900.001
0.7732,-21.11,-16.11,371.538,421.538,6900.001
0.7733,-22.739,-17.739,371.121,421.121,6900.001
0.7734,-23.867,-18.867,370.761,420.761,6900.001
0.7735,-24.948,-19.948,370.422,420.422,6900.001
0.7736,-26.208,-21.208,370.104,420.104,6900.001
0.7737,-27.822,-22.822,369.825,419.825,6900.001
0.7738,-29.341,-24.341,369.607,419.607,6900.0
0.7739,-30.54,-25.54,369.449,419.449,6900.0
0.774,-31.717,-26.717,369.338,419.338,6900.0
0.7741,-33.037,-28.037,369.273,419.273,6900.0
0.7742,-34.257,-29.257,369.266,419.266,6900.0
0.7743,-35.438,-30.438,369.317,419.317,6900.0
0.7744,-36.659,-31.659,369.43,419.43,6900.0
0.7745,-37.74,-32.74,369.61,419.61,6900.0
0.7746,-38.834,-33.834,369.85,419.85,6900.0
0.7747,-39.718,-34.718,370.14,420.14,6900.0
0.7748,-40.827,-35.827,370.461,420.461,6900.0
0.7749,-42.02,-37.02,370.828,420.828,6900.0
0.775,-43.115,-38.115,371.249,421.249,6900.0
0.7751,-44.215,-39.215,371.734,421.734,6900.0
0.7752,-44.974,-39.974,372.27,422.27,6900.0
0.7753,-45.84,-40.84,372.829,422.829,6900.0
0.7754,-46.89,-41.89,373.44,423.44,6900.0
0.7755,-47.961,-42.961,374.106,424.106,6900.0
0.7756,-48.926,-43.926,374.86,424.86,6900.0
0.7757,-49.444,-44.444,375.676,425.676,6900.0
0.7758,-50.187,-45.187,376.501,426.501,6900.0
0.7759,-50.901,-45.901,377.37,427.37,6900.0
0.776,-51.516,-46.516,378.266,428.266,6900.0
0.7761,-52.156,-47.156,379.21,429.21,6900.0
0.7762,-52.45,-47.45,380.184,430.184,6900.0
0.7763,-52.92,-47.92,381.146,431.146,6900.0
0.7764,-53.377,-48.377,382.135,432.135,6900.0
0.7765,-53.713,-48.713,383.134,433.134,6900.0
0.7766,-54.387,-49.387,384.156,434.156,6900.0
0.7767,-54.677,-49.677,385.22,435.22,6900.0
0.7768,-54.925,-49.925,386.286,436.286,6900.0
0.7769,-55.136,-50.136,387.385,437.385,6900.0
0.777,-55.021,-50.021,388.488,438.488,6900.0
0.7771,-55.41,-50.41,389.575,439.575,6900.0
0.7772,-55.254,-50.254,390.69,440.69,6900.0
0.7773,-55.263,-50.263,391.781,441.781,6900.0
0.7774,-55.172,-50.172,392.881,442.881,6900.0
0.7775,-54.669,-49.669,393.959,443.959,6900.0
0.7776,-54.524,-49.524,394.978,444.978,6900.0
0.7777,-54.072,-49.072,395.987,445.987,6900.0
0.7778,-53.803,-48.803,396.96,446.96,6900.0
0.7779,-53.422,-48.422,397.927,447.927,6900.0
0.778,-52.777,-47.777,398.864,448.864,6900.0
0.7781,-52.258,-47.258,399.749,449.749,6900.0
0.7782,-51.761,-46.761,400.612,450.612,6900.0
0.7783,-51.261,-46.261,401.451,451.451,6900.0
0.7784,-50.412,-45.412,402.277,452.277,6900.0
0.7785,-49.613,-44.613,403.057,453.057,6900.0
0.7786,-48.574,-43.574,403.785,453.785,6900.0
0.7787,-47.766,-42.766,404.45,454.45,6900.0
0.7788,-46.815,-41.815,405.066,455.066,6900.0
0.7789,-45.787,-40.787,405.629,455.629,6900.0
0.779,-44.671,-39.671,406.14,456.14,6900.0
0.7791,-43.552,-38.552,406.597,456.597,6900.0
0.7792,-42.262,-37.262,407.0,457.0,6900.0
0.7793,-40.934,-35.934,407.341,457.341,6900.0
0.7794,-39.674,-34.674,407.619,457.619,6900.0
0.7795,-38.351,-33.351,407.854,457.854,6900.0
0.7796,-37.08,-32.08,408.053,458.053,6900.0
0.7797,-35.317,-30.317,408.212,458.212,6900.0
0.7798,-33.554,-28.554,408.288,458.288,6900.0
0.7799,-32.014,-27.014,408.284,458.284,6900.0
0.78,-30.761,-25.761,408.229,458.229,6900.0
0.7801,-29.399,-24.399,408.149,458.149,6900.0
0.7802,-27.492,-22.492,408.041,458.041,6900.0
0.7803,-25.382,-20.382,407.857,457.857,6900.0
0.7804,-23.944,-18.944,407.596,457.596,6900.0
0.7805,-22.422,-17.422,407.287,457.287,6900.0
0.7806,-21.301,-16.301,406.938,456.938,6900.0
0.7807,-19.576,-14.576,406.567,456.567,6900.0
0.7808,-17.903,-12.903,406.148,456.148,6900.0
0.7809,-16.596,-11.596,405.684,455.684,6900.0
0.781,-14.981,-9.981,405.195,455.195,6900.0
0.7811,-13.966,-8.966,404.677,454.677,6900.0
0.7812,-12.462,-7.462,404.143,454.143,6900.0
0.7813,-10.865,-5.865,403.584,453.584,6900.0
0.7814,-9.411,-4.411,402.999,452.999,6900.0
0.7815,-8.213,-3.213,402.393,452.393,6900.0
0.7816,-6.882,-1.882,401.77,451.77,6900.0
0.7817,-5.98,-0.98,401.131,451.131,6900.0
0.7818,-5.245,-0.245,400.481,450.481,6900.0
0.7819,-3.743,1.257,399.826,449.826,6900.0
0.782,-1.352,3.648,399.164,449.164,6900.0
0.7821,-0.0,5.0,398.499,448.499,6900.0
0.7822,0.014,5.014,397.833,447.833,6900.0
0.7823,0.088,5.088,397.166,447.166,6900.0
0.7824,0.296,5.296,396.498,446.498,6900.0
0.7825,0.891,5.891,395.831,445.831,6900.0
0.7826,2.196,7.196,395.168,445.168,6900.0
0.7827,3.315,8.315,394.517,444.517,6900.0
0.7828,4.51,9.51,393.874,443.874,6900.0
0.7829,6.023,11.023,393.24,443.24,6900.0
0.783,7.59,12.59,392.626,442.626,6900.0
0.7831,9.367,14.367,392.036,442.036,6900.0
0.7832,10.799,15.799,391.484,441.484,6900.0
0.7833,11.679,16.679,390.957,440.957,6900.0
0.7834,13.161,18.161,390.441,440.441,6900.0
0.7835,14.835,19.835,389.954,439.954,6900.0
0.7836,16.438,21.438,389.51,439.51,6900.0
0.7837,17.808,22.808,389.117,439.117,6900.0
0.7838,18.971,23.971,388.765,438.765,6900.0
0.7839,20.226,25.226,388.442,438.442,6900.0
0.784,21.509,26.509,388.156,438.156,6900.0
0.7841,22.857,27.857,387.911,437.911,6900.0
0.7842,24.004,29.004,387.713,437.713,6900.0
0.7843,25.16,30.16,387.557,437.557,6900.0
0.7844,26.34,31.34,387.446,437.446,6900.0
0.7845,27.532,32.532,387.379,437.379,6900.0
0.7846,28.653,33.653,387.354,437.354,6900.0
0.7847,29.832,34.832,387.37,437.37,6900.0
0.7848,30.927,35.927,387.437,437.437,6900.0
0.7849,32.19,37.19,387.56,437.56,6900.0
0.785,33.062,38.062,387.741,437.741,6900.0
0.7851,33.972,38.972,387.955,437.955,6900.0
0.7852,34.98,39.98,388.202,438.202,6900.0
0.7853,35.872,40.872,388.496,438.496,6900.0
0.7854,37.037,42.037,388.839,438.839,6900.0
0.7855,37.831,42.831,389.241,439.241,6900.0
0.7856,38.394,43.394,389.671,439.671,6900.0
0.7857,39.305,44.305,390.118,440.118,6900.0
0.7858,40.057,45.057,390.611,440.611,6900.0
0.7859,40.94,45.94,391.142,441.142,6900.0
0.786,41.36,46.36,391.732,441.732,6900.0
0.7861,41.766,46.766,392.336,442.336,6900.0
0.7862,42.342,47.342,392.955,442.955,6900.0
0.7863,42.762,47.762,393.604,443.604,6900.0
0.7864,43.173,48.173,394.265,444.265,6900.0
0.7865,43.498,48.498,394.961,444.961,6900.0
0.7866,43.47,48.47,395.662,445.662,6900.0
0.7867,43.832,48.832,396.361,446.361,6900.0
0.7868,43.793,48.793,397.08,447.08,6900.0
0.7869,43.775,48.775,397.785,447.785,6900.0
0.787,43.952,48.952,398.503,448.503,6900.0
0.7871,43.879,48.879,399.224,449.224,6900.0
0.7872,43.914,48.914,399.95,449.95,6900.0
0.7873,43.625,48.625,400.682,450.682,6900.0
0.7874,43.301,48.301,401.383,451.383,6900.0
0.7875,43.135,48.135,402.071,452.071,6900.0
0.7876,42.724,47.724,402.744,452.744,6900.0
0.7877,42.547,47.547,403.401,453.401,6900.0
0.7878,42.214,47.214,404.042,454.042,6900.0
0.7879,41.517,46.517,404.65,454.65,6900.0
0.788,41.253,46.253,405.218,455.218,6900.0
0.7881,40.724,45.724,405.765,455.765,6900.0
0.7882,40.428,45.428,406.296,456.296,6900.0
0.7883,39.677,44.677,406.81,456.81,6900.0
0.7884,39.003,44.003,407.284,457.284,6900.0
0.7885,38.383,43.383,407.717,457.717,6900.0
0.7886,37.694,42.694,408.118,458.118,6900.0
0.7887,36.745,41.745,408.49,458.49,6900.0
0.7888,35.854,40.854,408.82,458.82,6900.0
0.7889,34.829,39.829,409.109,459.109,6900.0
0.789,33.686,38.686,409.351,459.351,6900.0
0.7891,32.61,37.61,409.54,459.54,6900.0
0.7892,31.459,36.459,409.675,459.675,6900.0
0.7893,30.216,35.216,409.764,459.764,6900.0
0.7894,29.101,34.101,409.811,459.811,6900.0
0.7895,27.756,32.756,409.826,459.826,6900.0
0.7896,26.03,31.03,409.789,459.789,6900.0
0.7897,24.506,29.506,409.683,459.683,6900.0
0.7898,23.257,28.257,409.526,459.526,6900.0
0.7899,21.923,26.923,409.338,459.338,6900.0
0.79,20.4,25.4,409.126,459.126,6900.0
0.7901,18.451,23.451,408.864,458.864,6900.0
0.7902,16.711,21.711,408.528,458.528,6900.0
0.7903,15.449,20.449,408.142,458.142,6900.0
0.7904,14.243,19.243,407.722,457.722,6900.0
0.7905,12.881,17.881,407.281,457.281,6900.0
0.7906,11.007,16.007,406.809,456.809,6900.0
0.7907,9.376,14.376,406.294,456.294,6900.0
0.7908,8.087,13.087,405.751,455.751,6900.0
0.7909,6.705,11.705,405.186,455.186,6900.0
0.791,5.385,10.385,404.602,454.602,6900.0
0.7911,3.746,8.746,403.998,453.998,6900.0
0.7912,2.265,7.265,403.371,453.371,6900.0
0.7913,0.929,5.929,402.728,452.728,6900.0
0.7914,0.091,5.091,402.073,452.073,6900.0
0.7915,-0.0,5.0,401.414,451.414,6900.0
0.7916,-0.0,5.0,400.753,450.753,6900.0
0.7917,-0.0,5.0,400.09,450.09,6900.0
0.7918,-0.0,5.0,399.427,449.427,6900.0
0.7919,-0.001,4.999,398.761,448.761,6900.0
0.792,0.0,5.0,398.095,448.095,6900.0
0.7921,-1.406,3.594,397.428,447.428,6900.0
0.7922,-4.537,0.463,396.759,446.759,6900.0
0.7923,-8.742,-3.742,396.09,446.09,6900.0
0.7924,-9.448,-4.448,395.443,445.443,6900.0
0.7925,-10.617,-5.617,394.808,444.808,6900.0
0.7926,-11.666,-6.666,394.189,444.189,6900.0
0.7927,-13.022,-8.022,393.58,443.58,6900.0
0.7928,-14.693,-9.693,392.993,442.993,6900.0
0.7929,-16.115,-11.115,392.442,442.442,6900.0
0.793,-17.781,-12.781,391.937,441.937,6900.0
0.7931,-18.792,-13.792,391.48,441.48,6900.0
0.7932,-19.913,-14.913,391.036,441.036,6900.0
0.7933,-21.288,-16.288,390.611,440.611,6900.0
0.7934,-22.924,-17.924,390.22,440.22,6900.0
0.7935,-24.59,-19.59,389.883,439.883,6900.0
0.7936,-25.777,-20.777,389.598,439.598,6900.0
0.7937,-26.88,-21.88,389.335,439.335,6900.0
0.7938,-28.294,-23.294,389.095,439.095,6900.0
0.7939,-29.832,-24.832,388.898,438.898,6900.0
0.794,-31.302,-26.302,388.762,438.762,6900.0
0.7941,-32.605,-27.605,388.691,438.691,6900.0
0.7942,-33.913,-28.913,388.679,438.679,6900.0
0.7943,-35.101,-30.101,388.73,438.73,6900.0
0.7944,-36.334,-31.334,388.838,438.838,6900.0
0.7945,-37.309,-32.309,389.002,439.002,6900.0
0.7946,-38.484,-33.484,389.214,439.214,6900.0
0.7947,-39.627,-34.627,389.479,439.479,6900.0
0.7948,-40.562,-35.562,389.801,439.801,6900.0
0.7949,-41.493,-36.493,390.159,440.159,6900.0
0.795,-42.445,-37.445,390.539,440.539,6900.0
0.7951,-43.501,-38.501,390.959,440.959,6900.0
0.7952,-44.712,-39.712,391.424,441.424,6900.0
0.7953,-45.756,-40.756,391.963,441.963,6900.0
0.7954,-46.456,-41.456,392.557,442.557,6900.0
0.7955,-47.261,-42.261,393.176,443.176,6900.0
0.7956,-48.056,-43.056,393.852,443.852,6900.0
0.7957,-48.791,-43.791,394.575,444.575,6900.0
0.7958,-49.551,-44.551,395.37,445.37,6900.0
0.7959,-49.803,-44.803,396.214,446.214,6900.0
0.796,-50.204,-45.204,397.054,447.054,6900.0
0.7961,-50.58,-45.58,397.919,447.919,6900.0
0.7962,-50.954,-45.954,398.786,448.786,6900.0
0.7963,-51.404,-46.404,399.678,449.678,6900.0
0.7964,-51.516,-46.516,400.588,450.588,6900.0
0.7965,-51.702,-46.702,401.483,451.483,6900.0
0.7966,-51.98,-46.98,402.399,452.399,6900.0
0.7967,-51.932,-46.932,403.324,453.324,6900.0
0.7968,-52.084,-47.084,404.261,454.261,6900.0
0.7969,-51.999,-46.999,405.227,455.227,6900.0
0.797,-52.045,-47.045,406.186,456.186,6900.0
0.7971,-51.874,-46.874,407.172,457.172,6900.0
0.7972,-51.274,-46.274,408.148,458.148,6900.0
0.7973,-51.139,-46.139,409.084,459.084,6900.0
0.7974,-50.777,-45.777,410.014,460.014,6900.0
0.7975,-50.527,-45.527,410.909,460.909,6900.0
0.7976,-50.051,-45.051,411.799,461.799,6900.0
0.7977,-49.566,-44.566,412.647,462.647,6900.0
0.7978,-49.223,-44.223,413.443,463.443,6900.0
0.7979,-48.604,-43.604,414.225,464.225,6900.0
0.798,-48.392,-43.392,414.971,464.971,6900.0
0.7981,-47.859,-42.859,415.719,465.719,6900.0
0.7982,-47.113,-42.113,416.439,466.439,6900.0
0.7983,-46.309,-41.309,417.117,467.117,6900.0
0.7984,-45.61,-40.61,417.763,467.763,6900.0
0.7985,-44.805,-39.805,418.379,468.379,6900.0
0.7986,-43.959,-38.959,418.967,468.967,6900.0
0.7987,-43.072,-38.072,419.51,469.51,6900.0
0.7988,-42.115,-37.115,420.001,470.001,6900.0
0.7989,-41.033,-36.033,420.437,470.437,6900.0
0.799,-39.934,-34.934,420.815,470.815,6900.0
0.7991,-38.717,-33.717,421.139,471.139,6900.0
0.7992,-37.645,-32.645,421.41,471.41,6900.0
0.7993,-36.499,-31.499,421.642,471.642,6900.0
0.7994,-35.223,-30.223,421.828,471.828,6900.0
0.7995,-33.664,-28.664,421.96,471.96,6900.0
0.7996,-32.452,-27.452,422.029,472.029,6900.0
0.7997,-31.261,-26.261,422.061,472.061,6900.0
0.7998,-29.967,-24.967,422.068,472.068,6900.0
0.7999,-28.129,-23.129,422.041,472.041,6900.0
0.8,-26.289,-21.289,421.936,471.936,6900.0
0.8001,-25.014,-20.014,421.755,471.755,6900.0
0.8002,-23.82,-18.82,421.53,471.53,6900.0
0.8003,-22.534,-17.534,421.28,471.28,6900.0
0.8004,-20.866,-15.866,421.005,471.005,6900.0
0.8005,-19.205,-14.205,420.677,470.677,6900.0
0.8006,-17.989,-12.989,420.298,470.298,6900.0
0.8007,-16.585,-11.585,419.89,469.89,6900.0
0.8008,-15.604,-10.604,419.452,469.452,6900.0
0.8009,-14.128,-9.128,418.996,468.996,6900.0
0.801,-12.549,-7.549,418.508,468.508,6900.0
0.8011,-11.42,-6.42,417.985,467.985,6900.0
0.8012,-10.135,-5.135,417.441,467.441,6900.0
0.8013,-9.171,-4.171,416.874,466.874,6900.0
0.8014,-8.125,-3.125,416.292,466.292,6900.0
0.8015,-7.001,-2.001,415.695,465.695,6900.0
0.8016,-6.287,-1.287,415.083,465.083,6900.0
0.8017,-5.662,-0.662,414.461,464.461,6900.0
0.8018,-6.16,-1.16,413.828,463.828,6900.0
0.8019,-3.289,1.711,413.198,463.198,6900.0
0.802,-3.231,1.769,412.555,462.555,6900.0
0.8021,0.15,5.15,411.914,461.914,6900.0
0.8022,-0.003,4.997,411.269,461.269,6900.0
0.8023,0.133,5.133,410.624,460.624,6900.0
0.8024,0.169,5.169,409.978,459.978,6900.0
0.8025,0.198,5.198,409.332,459.332,6900.0
0.8026,0.774,5.774,408.686,458.686,6900.0
0.8027,1.66,6.66,408.046,458.046,6900.0
0.8028,2.871,7.871,407.414,457.414,6900.0
0.8029,3.84,8.84,406.797,456.797,6900.0
0.803,4.492,9.492,406.19,456.19,6900.0
0.8031,5.618,10.618,405.588,455.588,6900.0
0.8032,7.003,12.003,405.002,455.002,6900.0
0.8033,8.401,13.401,404.438,454.438,6900.0
0.8034,9.546,14.546,403.907,453.907,6900.0
0.8035,10.377,15.377,403.397,453.397,6900.0
0.8036,11.367,16.367,402.9,452.9,6900.0
0.8037,12.587,17.587,402.427,452.427,6900.0
0.8038,13.912,18.912,401.989,451.989,6900.0
0.8039,14.932,19.932,401.593,451.593,6900.0
0.804,15.825,20.825,401.23,451.23,6900.0
0.8041,16.738,21.738,400.895,450.895,6900.0
0.8042,17.835,22.835,400.589,450.589,6900.0
0.8043,18.735,23.735,400.317,450.317,6900.0
0.8044,19.71,24.71,400.075,450.075,6900.0
0.8045,20.735,25.735,399.866,449.866,6900.0
0.8046,21.612,26.612,399.694,449.694,6900.0
0.8047,22.632,27.632,399.553,449.553,6900.0
0.8048,23.354,28.354,399.447,449.447,6900.0
0.8049,24.5,29.5,399.365,449.365,6900.0
0.805,25.385,30.385,399.331,449.331,6900.0
0.8051,26.337,31.337,399.344,449.344,6900.0
0.8052,27.037,32.037,399.405,449.405,6900.0
0.8053,27.664,32.664,399.493,449.493,6900.0
0.8054,28.592,33.592,399.603,449.603,6900.0
0.8055,29.177,34.177,399.754,449.754,6900.0
0.8056,29.988,34.988,399.94,449.94,6900.0
0.8057,30.501,35.501,400.168,450.168,6900.0
0.8058,30.944,35.944,400.409,450.409,6900.0
0.8059,31.694,36.694,400.662,450.662,6900.0
0.806,31.988,36.988,400.947,450.947,6900.0
0.8061,32.707,37.707,401.245,451.245,6900.0
0.8062,32.991,37.991,401.588,451.588,6900.0
0.8063,33.126,38.126,401.941,451.941,6900.0
0.8064,33.625,38.625,402.303,452.303,6900.0
0.8065,33.781,38.781,402.694,452.694,6900.0
0.8066,34.122,39.122,403.086,453.086,6900.0
0.8067,34.16,39.16,403.509,453.509,6900.0
0.8068,33.995,38.995,403.931,453.931,6900.0
0.8069,34.294,39.294,404.348,454.348,6900.0
0.807,34.188,39.188,404.777,454.777,6900.0
0.8071,34.095,39.095,405.185,455.185,6900.0
0.8072,34.254,39.254,405.594,455.594,6900.0
0.8073,33.914,38.914,406.001,456.001,6900.0
0.8074,34.024,39.024,406.398,456.398,6900.0
0.8075,33.66,38.66,406.798,456.798,6900.0
0.8076,33.411,38.411,407.171,457.171,6900.0
0.8077,33.278,38.278,407.533,457.533,6900.0
0.8078,33.114,38.114,407.884,457.884,6900.0
0.8079,33.061,38.061,408.233,458.233,6900.0
0.808,32.494,37.494,408.577,458.577,6900.0
0.8081,31.899,36.899,408.885,458.885,6900.0
0.8082,31.581,36.581,409.161,459.161,6900.0
0.8083,31.206,36.206,409.414,459.414,6900.0
0.8084,30.769,35.769,409.649,459.649,6900.0
0.8085,30.133,35.133,409.86,459.86,6900.0
0.8086,29.471,34.471,410.038,460.038,6900.0
0.8087,28.911,33.911,410.18,460.18,6900.0
0.8088,28.166,33.166,410.294,460.294,6900.0
0.8089,27.331,32.331,410.376,460.376,6900.0
0.809,26.413,31.413,410.426,460.426,6900.0
0.8091,25.594,30.594,410.442,460.442,6900.0
0.8092,24.434,29.434,410.426,460.426,6900.0
0.8093,23.358,28.358,410.365,460.365,6900.0
0.8094,22.323,27.323,410.254,460.254,6900.0
0.8095,21.417,26.417,410.104,460.104,6900.0
0.8096,20.308,25.308,409.926,459.926,6900.0
0.8097,19.077,24.077,409.719,459.719,6900.0
0.8098,17.466,22.466,409.466,459.466,6900.0
0.8099,16.125,21.125,409.153,459.153,6900.0
0.81,15.085,20.085,408.798,458.798,6900.0
0.8101,14.011,19.011,408.42,458.42,6900.0
0.8102,12.736,17.736,408.026,458.026,6900.0
0.8103,11.158,16.158,407.598,457.598,6900.0
0.8104,9.694,14.694,407.122,457.122,6900.0
0.8105,8.45,13.45,406.614,456.614,6900.0
0.8106,7.35,12.35,406.076,456.076,6900.0
0.8107,6.18,11.18,405.521,455.521,6900.0
0.8108,4.784,9.784,404.941,454.941,6900.0
0.8109,3.467,8.467,404.336,454.336,6900.0
0.811,2.522,7.522,403.712,453.712,6900.0
0.8111,1.375,6.375,403.075,453.075,6900.0
0.8112,0.327,5.327,402.426,452.426,6900.0
0.8113,0.039,5.039,401.769,451.769,6900.0
0.8114,-0.0,5.0,401.11,451.11,6900.0
0.8115,-0.0,5.0,400.45,450.45,6900.0
0.8116,-0.0,5.0,399.787,449.787,6900.0
0.8117,-0.0,5.0,399.123,449.123,6900.0
0.8118,-0.0,5.0,398.458,448.458,6900.0
0.8119,-0.0,5.0,397.791,447.791,6900.0
0.812,0.0,5.0,397.124,447.124,6900.0
0.8121,-1.12,3.88,396.455,446.455,6900.0
0.8122,-5.228,-0.228,395.784,445.784,6900.0
0.8123,-8.044,-3.044,395.126,445.126,6900.0
0.8124,-8.353,-3.353,394.481,444.481,6900.0
0.8125,-9.499,-4.499,393.841,443.841,6900.0
0.8126,-10.485,-5.485,393.215,443.215,6900.0
0.8127,-11.81,-6.81,392.609,442.609,6900.0
0.8128,-12.656,-7.656,392.028,442.028,6900.0
0.8129,-13.624,-8.624,391.456,441.456,6900.0
0.813,-15.08,-10.08,390.902,440.902,6900.0
0.8131,-16.389,-11.389,390.382,440.382,6900.0
0.8132,-17.771,-12.771,389.908,439.908,6900.0
0.8133,-18.6,-13.6,389.477,439.477,6900.0
0.8134,-19.384,-14.384,389.057,439.057,6900.0
0.8135,-20.636,-15.636,388.652,438.652,6900.0
0.8136,-22.056,-17.056,388.281,438.281,6900.0
0.8137,-23.46,-18.46,387.961,437.961,6900.0
0.8138,-24.508,-19.508,387.693,437.693,6900.0
0.8139,-25.46,-20.46,387.459,437.459,6900.0
0.814,-26.663,-21.663,387.257,437.257,6900.0
0.8141,-27.85,-22.85,387.1,437.1,6900.0
0.8142,-29.069,-24.069,386.994,436.994,6900.0
0.8143,-30.133,-25.133,386.942,436.942,6900.0
0.8144,-31.085,-26.085,386.941,436.941,6900.0
0.8145,-32.061,-27.061,386.987,436.987,6900.0
0.8146,-33.05,-28.05,387.075,437.075,6900.0
0.8147,-33.878,-28.878,387.199,437.199,6900.0
0.8148,-34.964,-29.964,387.362,437.362,6900.0
0.8149,-36.118,-31.118,387.569,437.569,6900.0
0.815,-37.148,-32.148,387.837,437.837,6900.0
0.8151,-37.769,-32.769,388.152,438.152,6900.0
0.8152,-38.461,-33.461,388.489,438.489,6900.0
0.8153,-39.579,-34.579,388.862,438.862,6900.0
0.8154,-40.494,-35.494,389.288,439.288,6900.0
0.8155,-41.219,-36.219,389.782,439.782,6900.0
0.8156,-41.839,-36.839,390.314,440.314,6900.0
0.8157,-42.426,-37.426,390.865,440.865,6900.0
0.8158,-43.127,-38.127,391.453,441.453,6900.0
0.8159,-43.725,-38.725,392.07,442.07,6900.0
0.816,-44.364,-39.364,392.738,442.738,6900.0
0.8161,-44.574,-39.574,393.44,443.44,6900.0
0.8162,-44.848,-39.848,394.137,444.137,6900.0
0.8163,-45.192,-40.192,394.857,444.857,6900.0
0.8164,-45.484,-40.484,395.581,445.581,6900.0
0.8165,-45.812,-40.812,396.329,446.329,6900.0
0.8166,-45.774,-40.774,397.101,447.101,6900.0
0.8167,-45.909,-40.909,397.861,447.861,6900.0
0.8168,-46.094,-41.094,398.641,448.641,6900.0
0.8169,-45.835,-40.835,399.426,449.426,6900.0
0.817,-46.173,-41.173,400.201,450.201,6900.0
0.8171,-45.938,-40.938,401.002,451.002,6900.0
0.8172,-45.874,-40.874,401.784,451.784,6900.0
0.8173,-45.77,-40.77,402.574,452.574,6900.0
0.8174,-45.313,-40.313,403.349,453.349,6900.0
0.8175,-45.185,-40.185,404.084,454.084,6900.0
0.8176,-44.8,-39.8,404.814,454.814,6900.0
0.8177,-44.7,-39.7,405.516,455.516,6900.0
0.8178,-44.391,-39.391,406.217,456.217,6900.0
0.8179,-43.781,-38.781,406.894,456.894,6900.0
0.818,-43.407,-38.407,407.523,457.523,6900.0
0.8181,-43.122,-38.122,408.132,458.132,6900.0
0.8182,-42.708,-37.708,408.722,458.722,6900.0
0.8183,-42.109,-37.109,409.3,459.3,6900.0
0.8184,-41.42,-36.42,409.846,459.846,6900.0
0.8185,-40.762,-35.762,410.345,460.345,6900.0
0.8186,-40.149,-35.149,410.809,460.809,6900.0
0.8187,-39.445,-34.445,411.239,461.239,6900.0
0.8188,-38.731,-33.731,411.638,461.638,6900.0
0.8189,-37.776,-32.776,412.0,462.0,6900.0
0.819,-36.794,-31.794,412.316,462.316,6900.0
0.8191,-35.754,-30.754,412.582,462.582,6900.0
0.8192,-34.68,-29.68,412.796,462.796,6900.0
0.8193,-33.625,-28.625,412.957,462.957,6900.0
0.8194,-32.494,-27.494,413.077,463.077,6900.0
0.8195,-31.513,-26.513,413.161,463.161,6900.0
0.8196,-30.12,-25.12,413.21,463.21,6900.0
0.8197,-28.635,-23.635,413.198,463.198,6900.0
0.8198,-27.468,-22.468,413.125,463.125,6900.0
0.8199,-26.312,-21.312,413.015,463.015,6900.0
0.82,-25.235,-20.235,412.881,462.881,6900.0
0.8201,-23.461,-18.461,412.72,462.72,6900.0
0.8202,-21.744,-16.744,412.488,462.488,6900.0
0.8203,-20.47,-15.47,412.187,462.187,6900.0
0.8204,-19.266,-14.266,411.844,461.844,6900.0
0.8205,-18.403,-13.403,411.472,461.472,6900.0
0.8206,-17.029,-12.029,411.082,461.082,6900.0
0.8207,-15.509,-10.509,410.653,460.653,6900.0
0.8208,-14.52,-9.52,410.185,460.185,6900.0
0.8209,-13.279,-8.279,409.696,459.696,6900.0
0.821,-12.378,-7.378,409.186,459.186,6900.0
0.8211,-11.07,-6.07,408.661,458.661,6900.0
0.8212,-9.641,-4.641,408.11,458.11,6900.0
0.8213,-8.597,-3.597,407.533,457.533,6900.0
0.8214,-7.614,-2.614,406.936,456.936,6900.0
0.8215,-6.862,-1.862,406.323,456.323,6900.0
0.8216,-6.056,-1.056,405.697,455.697,6900.0
0.8217,-5.505,-0.505,405.059,455.059,6900.0
0.8218,-6.13,-1.13,404.41,454.41,6900.0
0.8219,-4.158,0.842,403.761,453.761,6900.0
0.822,-3.353,1.647,403.103,453.103,6900.0
0.8221,-0.01,4.99,402.446,452.446,6900.0
0.8222,-0.0,5.0,401.786,451.786,6900.0
0.8223,0.084,5.084,401.125,451.125,6900.0
0.8224,0.126,5.126,400.464,450.464,6900.0
0.8225,0.331,5.331,399.802,449.802,6900.0
0.8226,0.617,5.617,399.141,449.141,6900.0
0.8227,1.227,6.227,398.483,448.483,6900.0
0.8228,2.429,7.429,397.83,447.83,6900.0
0.8229,3.549,8.549,397.19,447.19,6900.0
0.823,4.946,9.946,396.566,446.566,6900.0
0.8231,6.032,11.032,395.964,445.964,6900.0
0.8232,6.525,11.525,395.376,445.376,6900.0
0.8233,7.681,12.681,394.792,444.792,6900.0
0.8234,9.076,14.076,394.227,444.227,6900.0
0.8235,10.363,15.363,393.691,443.691,6900.0
0.8236,11.517,16.517,393.192,443.192,6900.0
0.8237,12.421,17.421,392.719,442.719,6900.0
0.8238,13.381,18.381,392.265,442.265,6900.0
0.8239,14.669,19.669,391.838,441.838,6900.0
0.824,15.771,20.771,391.449,441.449,6900.0
0.8241,16.865,21.865,391.099,441.099,6900.0
0.8242,17.927,22.927,390.787,440.787,6900.0
0.8243,18.951,23.951,390.509,440.509,6900.0
0.8244,19.964,24.964,390.267,440.267,6900.0
0.8245,20.961,25.961,390.059,440.059,6900.0
0.8246,22.021,27.021,389.882,439.882,6900.0
0.8247,22.942,27.942,389.745,439.745,6900.0
0.8248,24.086,29.086,389.647,439.647,6900.0
0.8249,25.018,30.018,389.593,439.593,6900.0
0.825,25.786,30.786,389.572,439.572,6900.0
0.8251,26.732,31.732,389.579,439.579,6900.0
0.8252,27.713,32.713,389.631,439.631,6900.0
0.8253,28.664,33.664,389.736,439.736,6900.0
0.8254,29.476,34.476,389.889,439.889,6900.0
0.8255,30.148,35.148,390.073,440.073,6900.0
0.8256,30.921,35.921,390.279,440.279,6900.0
0.8257,31.522,36.522,390.521,440.521,6900.0
0.8258,32.44,37.44,390.794,440.794,6900.0
0.8259,33.05,38.05,391.116,441.116,6900.0
0.826,33.214,38.214,391.456,441.456,6900.0
0.8261,33.91,38.91,391.8,441.8,6900.0
0.8262,34.338,39.338,392.174,442.174,6900.0
0.8263,34.867,39.867,392.565,442.565,6900.0
0.8264,35.28,40.28,392.997,442.997,6900.0
0.8265,35.483,40.483,393.441,443.441,6900.0
0.8266,35.837,40.837,393.899,443.899,6900.0
0.8267,35.877,40.877,394.377,444.377,6900.0
0.8268,36.137,41.137,394.848,444.848,6900.0
0.8269,36.348,41.348,395.343,445.343,6900.0
0.827,36.207,41.207,395.841,445.841,6900.0
0.8271,36.285,41.285,396.335,446.335,6900.0
0.8272,36.064,41.064,396.831,446.831,6900.0
0.8273,36.059,41.059,397.299,447.299,6900.0
0.8274,36.118,41.118,397.768,447.768,6900.0
0.8275,35.988,40.988,398.228,448.228,6900.0
0.8276,35.948,40.948,398.687,448.687,6900.0
0.8277,35.703,40.703,399.141,449.141,6900.0
0.8278,35.33,40.33,399.571,449.571,6900.0
0.8279,35.197,40.197,399.98,449.98,6900.0
0.828,34.791,39.791,400.378,450.378,6900.0
0.8281,34.703,39.703,400.764,450.764,6900.0
0.8282,34.141,39.141,401.141,451.141,6900.0
0.8283,33.647,38.647,401.48,451.48,6900.0
0.8284,33.227,38.227,401.784,451.784,6900.0
0.8285,32.619,37.619,402.061,452.061,6900.0
0.8286,32.138,37.138,402.311,452.311,6900.0
0.8287,31.414,36.414,402.535,452.535,6900.0
0.8288,30.56,35.56,402.724,452.724,6900.0
0.8289,29.834,34.834,402.871,452.871,6900.0
0.829,28.965,33.965,402.985,452.985,6900.0
0.8291,28.038,33.038,403.058,453.058,6900.0
0.8292,27.18,32.18,403.093,453.093,6900.0
0.8293,26.226,31.226,403.096,453.096,6900.0
0.8294,24.836,29.836,403.065,453.065,6900.0
0.8295,23.486,28.486,402.981,452.981,6900.0
0.8296,22.291,27.291,402.837,452.837,6900.0
0.8297,21.241,26.241,402.648,452.648,6900.0
0.8298,20.088,25.088,402.43,452.43,6900.0
0.8299,18.74,23.74,402.187,452.187,6900.0
0.83,16.973,21.973,401.897,451.897,6900.0
0.8301,15.614,20.614,401.541,451.541,6900.0
0.8302,14.463,19.463,401.145,451.145,6900.0
0.8303,13.462,18.462,400.719,450.719,6900.0
0.8304,12.221,17.221,400.279,450.279,6900.0
0.8305,10.413,15.413,399.807,449.807,6900.0
0.8306,8.965,13.965,399.291,449.291,6900.0
0.8307,7.71,12.71,398.746,448.746,6900.0
0.8308,6.403,11.403,398.175,448.175,6900.0
0.8309,5.249,10.249,397.585,447.585,6900.0
0.831,3.788,8.788,396.974,446.974,6900.0
0.8311,2.463,7.463,396.339,446.339,6900.0
0.8312,1.262,6.262,395.689,445.689,6900.0
0.8313,0.184,5.184,395.025,445.025,6900.0
0.8314,0.022,5.022,394.355,444.355,6900.0
0.8315,-0.004,4.996,393.683,443.683,6900.0
0.8316,-0.0,5.0,393.009,443.009,6900.0
0.8317,-0.0,5.0,392.333,442.333,6900.0
0.8318,-0.0,5.0,391.656,441.656,6900.0
0.8319,-0.0,5.0,390.978,440.978,6900.0
0.832,-0.001,4.999,390.299,440.299,6900.0
0.8321,-0.52,4.48,389.618,439.618,6900.0
0.8322,-3.095,1.905,388.936,438.936,6900.0
0.8323,-7.224,-2.224,388.253,438.253,6900.0
0.8324,-9.069,-4.069,387.592,437.592,6900.0
0.8325,-9.852,-4.852,386.949,436.949,6900.0
0.8326,-11.017,-6.017,386.312,436.312,6900.0
0.8327,-12.567,-7.567,385.691,435.691,6900.0
0.8328,-13.884,-8.884,385.096,435.096,6900.0
0.8329,-15.369,-10.369,384.537,434.537,6900.0
0.833,-16.315,-11.315,384.016,434.016,6900.0
0.8331,-17.44,-12.44,383.505,433.505,6900.0
0.8332,-18.962,-13.962,383.014,433.014,6900.0
0.8333,-20.522,-15.522,382.561,432.561,6900.0
0.8334,-22.149,-17.149,382.164,432.164,6900.0
0.8335,-23.158,-18.158,381.82,431.82,6900.0
0.8336,-24.185,-19.185,381.492,431.492,6900.0
0.8337,-25.473,-20.473,381.185,431.185,6900.0
0.8338,-27.083,-22.083,380.915,430.915,6900.0
0.8339,-28.593,-23.593,380.705,430.705,6900.0
0.834,-29.721,-24.721,380.558,430.558,6900.0
0.8341,-31.029,-26.029,380.457,430.457,6900.0
0.8342,-32.295,-27.295,380.409,430.409,6900.0
0.8343,-33.629,-28.629,380.415,430.415,6900.0
0.8344,-34.803,-29.803,380.482,430.482,6900.0
0.8345,-35.979,-30.979,380.606,430.606,6900.0
0.8346,-37.06,-32.06,380.787,430.787,6900.0
0.8347,-38.188,-33.188,381.021,431.021,6900.0
0.8348,-39.174,-34.174,381.299,431.299,6900.0
0.8349,-40.083,-35.083,381.609,431.609,6900.0
0.835,-41.35,-36.35,381.956,431.956,6900.0
0.8351,-42.536,-37.536,382.357,432.357,6900.0
0.8352,-43.535,-38.535,382.829,432.829,6900.0
0.8353,-44.506,-39.506,383.35,433.35,6900.0
0.8354,-45.24,-40.24,383.907,433.907,6900.0
0.8355,-46.188,-41.188,384.512,434.512,6900.0
0.8356,-47.087,-42.087,385.168,435.168,6900.0
0.8357,-48.044,-43.044,385.899,435.899,6900.0
0.8358,-48.395,-43.395,386.687,436.687,6900.0
0.8359,-48.851,-43.851,387.478,437.478,6900.0
0.836,-49.434,-44.434,388.297,438.297,6900.0
0.8361,-49.936,-44.936,389.132,439.132,6900.0
0.8362,-50.486,-45.486,390.007,440.007,6900.0
0.8363,-50.664,-45.664,390.908,440.908,6900.0
0.8364,-51.086,-46.086,391.794,441.794,6900.0
0.8365,-51.399,-46.399,392.71,442.71,6900.0
0.8366,-51.512,-46.512,393.633,443.633,6900.0
0.8367,-51.834,-46.834,394.572,444.572,6900.0
0.8368,-51.861,-46.861,395.546,445.546,6900.0
0.8369,-51.931,-46.931,396.514,446.514,6900.0
0.837,-51.776,-46.776,397.51,447.51,6900.0
0.8371,-51.557,-46.557,398.492,448.492,6900.0
0.8372,-51.525,-46.525,399.454,449.454,6900.0
0.8373,-51.247,-46.247,400.42,450.42,6900.0
0.8374,-50.984,-45.984,401.358,451.358,6900.0
0.8375,-50.632,-45.632,402.289,452.289,6900.0
0.8376,-50.157,-45.157,403.186,453.186,6900.0
0.8377,-49.902,-44.902,404.033,454.033,6900.0
0.8378,-49.62,-44.62,404.868,454.868,6900.0
0.8379,-49.386,-44.386,405.678,455.678,6900.0
0.838,-48.873,-43.873,406.489,456.489,6900.0
0.8381,-48.25,-43.25,407.272,457.272,6900.0
0.8382,-47.644,-42.644,408.009,458.009,6900.0
0.8383,-47.102,-42.102,408.719,458.719,6900.0
0.8384,-46.54,-41.54,409.401,459.401,6900.0
0.8385,-45.739,-40.739,410.061,460.061,6900.0
0.8386,-44.85,-39.85,410.676,460.676,6900.0
0.8387,-43.854,-38.854,411.238,461.238,6900.0
0.8388,-42.947,-37.947,411.745,461.745,6900.0
0.8389,-41.996,-36.996,412.203,462.203,6900.0
0.839,-40.918,-35.918,412.617,462.617,6900.0
0.8391,-39.921,-34.921,412.982,462.982,6900.0
0.8392,-38.745,-33.745,413.306,463.306,6900.0
0.8393,-37.47,-32.47,413.577,463.577,6900.0
0.8394,-36.1,-31.1,413.789,463.789,6900.0
0.8395,-34.846,-29.846,413.941,463.941,6900.0
0.8396,-33.589,-28.589,414.048,464.048,6900.0
0.8397,-32.48,-27.48,414.121,464.121,6900.0
0.8398,-30.83,-25.83,414.159,464.159,6900.0
0.8399,-29.107,-24.107,414.123,464.123,6900.0
0.84,-27.577,-22.577,414.014,464.014,6900.0
0.8401,-26.385,-21.385,413.86,463.86,6900.0
0.8402,-25.183,-20.183,413.684,463.684,6900.0
0.8403,-23.527,-18.527,413.483,463.483,6900.0
0.8404,-21.603,-16.603,413.222,463.222,6900.0
0.8405,-20.376,-15.376,412.893,462.893,6900.0
0.8406,-18.877,-13.877,412.525,462.525,6900.0
0.8407,-17.717,-12.717,412.122,462.122,6900.0
0.8408,-16.229,-11.229,411.696,461.696,6900.0
0.8409,-14.771,-9.771,411.23,461.23,6900.0
0.841,-13.568,-8.568,410.727,460.727,6900.0
0.8411,-12.303,-7.303,410.201,460.201,6900.0
0.8412,-11.29,-6.29,409.652,459.652,6900.0
0.8413,-9.999,-4.999,409.089,459.089,6900.0
0.8414,-8.644,-3.644,408.506,458.506,6900.0
0.8415,-7.536,-2.536,407.904,457.904,6900.0
0.8416,-6.461,-1.461,407.287,457.287,6900.0
0.8417,-5.751,-0.751,406.657,456.657,6900.0
0.8418,-5.082,-0.082,406.017,456.017,6900.0
0.8419,-3.851,1.149,405.372,455.372,6900.0
0.842,-2.33,2.67,404.719,454.719,6900.0
0.8421,-0.0,5.0,404.064,454.064,6900.0
0.8422,0.021,5.021,403.407,453.407,6900.0
0.8423,0.065,5.065,402.749,452.749,6900.0
0.8424,0.151,5.151,402.091,452.091,6900.0
0.8425,0.404,5.404,401.432,451.432,6900.0
0.8426,1.071,6.071,400.774,450.774,6900.0
0.8427,2.405,7.405,400.123,450.123,6900.0
0.8428,3.291,8.291,399.485,449.485,6900.0
0.8429,4.216,9.216,398.855,448.855,6900.0
0.843,5.632,10.632,398.233,448.233,6900.0
0.8431,7.028,12.028,397.628,447.628,6900.0
0.8432,8.577,13.577,397.047,447.047,6900.0
0.8433,9.712,14.712,396.5,446.5,6900.0
0.8434,10.504,15.504,395.972,445.972,6900.0
0.8435,11.775,16.775,395.453,445.453,6900.0
0.8436,13.145,18.145,394.961,444.961,6900.0
0.8437,14.582,19.582,394.506,444.506,6900.0
0.8438,15.819,20.819,394.097,444.097,6900.0
0.8439,16.821,21.821,393.726,443.726,6900.0
0.844,17.988,22.988,393.383,443.383,6900.0
0.8441,19.172,24.172,393.077,443.077,6900.0
0.8442,20.301,25.301,392.809,442.809,6900.0
0.8443,21.505,26.505,392.581,442.581,6900.0
0.8444,22.63,27.63,392.395,442.395,6900.0
0.8445,23.708,28.708,392.248,442.248,6900.0
0.8446,24.686,29.686,392.137,442.137,6900.0
0.8447,25.675,30.675,392.06,442.06,6900.0
0.8448,26.695,31.695,392.014,442.014,6900.0
0.8449,27.819,32.819,392.01,442.01,6900.0
0.845,28.937,33.937,392.061,442.061,6900.0
0.8451,29.937,34.937,392.164,442.164,6900.0
0.8452,30.661,35.661,392.307,442.307,6900.0
0.8453,31.7,36.7,392.48,442.48,6900.0
0.8454,32.513,37.513,392.703,442.703,6900.0
0.8455,33.526,38.526,392.973,442.973,6900.0
0.8456,34.052,39.052,393.298,443.298,6900.0
0.8457,34.607,39.607,393.639,443.639,6900.0
0.8458,35.464,40.464,393.994,443.994,6900.0
0.8459,35.835,40.835,394.385,444.385,6900.0
0.846,36.611,41.611,394.792,444.792,6900.0
0.8461,37.1,42.1,395.245,445.245,6900.0
0.8462,37.426,42.426,395.71,445.71,6900.0
0.8463,38.071,43.071,396.187,446.187,6900.0
0.8464,38.218,43.218,396.698,446.698,6900.0
0.8465,38.764,43.764,397.216,447.216,6900.0
0.8466,38.92,43.92,397.78,447.78,6900.0
0.8467,38.918,43.918,398.351,448.351,6900.0
0.8468,39.241,44.241,398.926,448.926,6900.0
0.8469,39.209,44.209,399.521,449.521,6900.0
0.847,39.185,44.185,400.097,450.097,6900.0
0.8471,39.182,44.182,400.682,450.682,6900.0
0.8472,38.903,43.903,401.254,451.254,6900.0
0.8473,38.833,43.833,401.815,451.815,6900.0
0.8474,38.607,43.607,402.37,452.37,6900.0
0.8475,38.343,43.343,402.895,452.895,6900.0
0.8476,38.364,43.364,403.407,453.407,6900.0
0.8477,38.147,43.147,403.911,453.911,6900.0
0.8478,37.978,42.978,404.415,454.415,6900.0
0.8479,37.507,42.507,404.915,454.915,6900.0
0.848,36.993,41.993,405.383,455.383,6900.0
0.8481,36.745,41.745,405.822,455.822,6900.0
0.8482,36.284,41.284,406.244,456.244,6900.0
0.8483,35.887,40.887,406.648,456.648,6900.0
0.8484,35.263,40.263,407.029,457.029,6900.0
0.8485,34.585,39.585,407.368,457.368,6900.0
0.8486,33.799,38.799,407.664,457.664,6900.0
0.8487,33.014,38.014,407.92,457.92,6900.0
0.8488,32.308,37.308,408.142,458.142,6900.0
0.8489,31.496,36.496,408.33,458.33,6900.0
0.849,30.555,35.555,408.485,458.485,6900.0
0.8491,29.602,34.602,408.602,458.602,6900.0
0.8492,28.455,33.455,408.678,458.678,6900.0
0.8493,27.385,32.385,408.705,458.705,6900.0
0.8494,26.155,31.155,408.692,458.692,6900.0
0.8495,25.093,30.093,408.64,458.64,6900.0
0.8496,23.759,28.759,408.557,458.557,6900.0
0.8497,22.161,27.161,408.423,458.423,6900.0
0.8498,20.754,25.754,408.223,458.223,6900.0
0.8499,19.513,24.513,407.976,457.976,6900.0
0.85,18.382,23.382,407.696,457.696,6900.0
0.8501,17.054,22.054,407.395,457.395,6900.0
0.8502,15.055,20.055,407.053,457.053,6900.0
0.8503,13.568,18.568,406.647,456.647,6900.0
0.8504,12.366,17.366,406.2,456.2,6900.0
0.8505,11.088,16.088,405.723,455.723,6900.0
0.8506,9.838,14.838,405.227,455.227,6900.0
0.8507,8.232,13.232,404.703,454.703,6900.0
0.8508,6.811,11.811,404.144,454.144,6900.0
0.8509,5.599,10.599,403.564,453.564,6900.0
0.851,4.311,9.311,402.963,452.963,6900.0
0.8511,3.086,8.086,402.346,452.346,6900.0
0.8512,1.634,6.634,401.712,451.712,6900.0
0.8513,0.179,5.179,401.061,451.061,6900.0
0.8514,0.048,5.048,400.402,450.402,6900.0
0.8515,-0.0,5.0,399.74,449.74,6900.0
0.8516,-0.0,5.0,399.076,449.076,6900.0
0.8517,-0.0,5.0,398.411,448.411,6900.0
0.8518,-0.0,5.0,397.744,447.744,6900.0
0.8519,-0.0,5.0,397.077,447.077,6900.0
0.852,0.0,5.0,396.407,446.407,6900.0
0.8521,-1.395,3.605,395.737,445.737,6900.0
0.8522,-4.977,0.023,395.066,445.066,6900.0
0.8523,-8.902,-3.902,394.393,444.393,6900.0
0.8524,-8.996,-3.996,393.746,443.746,6900.0
0.8525,-10.067,-5.067,393.101,443.101,6900.0
0.8526,-11.261,-6.261,392.475,442.475,6900.0
0.8527,-12.292,-7.292,391.87,441.87,6900.0
0.8528,-13.391,-8.391,391.277,441.277,6900.0
0.8529,-14.872,-9.872,390.706,440.706,6900.0
0.853,-16.313,-11.313,390.17,440.17,6900.0
0.8531,-17.811,-12.811,389.682,439.682,6900.0
0.8532,-18.797,-13.797,389.237,439.237,6900.0
0.8533,-19.669,-14.669,388.805,438.805,6900.0
0.8534,-21.066,-16.066,388.385,438.385,6900.0
0.8535,-22.579,-17.579,388.001,438.001,6900.0
0.8536,-24.229,-19.229,387.667,437.667,6900.0
0.8537,-25.453,-20.453,387.385,437.385,6900.0
0.8538,-26.513,-21.513,387.132,437.132,6900.0
0.8539,-27.8,-22.8,386.906,436.906,6900.0
0.854,-29.242,-24.242,386.724,436.724,6900.0
0.8541,-30.562,-25.562,386.604,436.604,6900.0
0.8542,-31.757,-26.757,386.546,436.546,6900.0
0.8543,-32.956,-27.956,386.549,436.549,6900.0
0.8544,-34.113,-29.113,386.609,436.609,6900.0
0.8545,-35.131,-30.131,386.723,436.723,6900.0
0.8546,-36.137,-31.137,386.882,436.882,6900.0
0.8547,-37.258,-32.258,387.085,437.085,6900.0
0.8548,-38.464,-33.464,387.332,437.332,6900.0
0.8549,-39.496,-34.496,387.634,437.634,6900.0
0.855,-40.332,-35.332,387.975,437.975,6900.0
0.8551,-41.27,-36.27,388.338,438.338,6900.0
0.8552,-42.359,-37.359,388.746,438.746,6900.0
0.8553,-43.507,-38.507,389.204,439.204,6900.0
0.8554,-44.439,-39.439,389.744,439.744,6900.0
0.8555,-45.045,-40.045,390.339,440.339,6900.0
0.8556,-45.766,-40.766,390.958,440.958,6900.0
0.8557,-46.497,-41.497,391.626,441.626,6900.0
0.8558,-47.212,-42.212,392.332,442.332,6900.0
0.8559,-47.784,-42.784,393.101,443.101,6900.0
0.856,-48.065,-43.065,393.901,443.901,6900.0
0.8561,-48.448,-43.448,394.694,444.694,6900.0
0.8562,-48.85,-43.85,395.506,445.506,6900.0
0.8563,-49.065,-44.065,396.323,446.323,6900.0
0.8564,-49.604,-44.604,397.159,447.159,6900.0
0.8565,-49.67,-44.67,398.024,448.024,6900.0
0.8566,-49.861,-44.861,398.878,448.878,6900.0
0.8567,-50.005,-45.005,399.76,449.76,6900.0
0.8568,-49.917,-44.917,400.649,450.649,6900.0
0.8569,-50.286,-45.286,401.543,451.543,6900.0
0.857,-50.165,-45.165,402.471,452.471,6900.0
0.8571,-50.021,-45.021,403.389,453.389,6900.0
0.8572,-49.803,-44.803,404.319,454.319,6900.0
0.8573,-49.284,-44.284,405.231,455.231,6900.0
0.8574,-49.143,-44.143,406.099,456.099,6900.0
0.8575,-48.743,-43.743,406.957,456.957,6900.0
0.8576,-48.518,-43.518,407.777,457.777,6900.0
0.8577,-48.215,-43.215,408.589,458.589,6900.0
0.8578,-47.639,-42.639,409.371,459.371,6900.0
0.8579,-47.342,-42.342,410.105,460.105,6900.0
0.858,-46.99,-41.99,410.826,460.826,6900.0
0.8581,-46.584,-41.584,411.533,461.533,6900.0
0.8582,-46.013,-41.013,412.235,462.235,6900.0
0.8583,-45.27,-40.27,412.912,462.912,6900.0
0.8584,-44.542,-39.542,413.541,463.541,6900.0
0.8585,-43.803,-38.803,414.135,464.135,6900.0
0.8586,-42.951,-37.951,414.692,464.692,6900.0
0.8587,-42.051,-37.051,415.21,465.21,6900.0
0.8588,-41.233,-36.233,415.677,465.677,6900.0
0.8589,-40.105,-35.105,416.096,466.096,6900.0
0.859,-39.238,-34.238,416.457,466.457,6900.0
0.8591,-38.137,-33.137,416.771,466.771,6900.0
0.8592,-37.101,-32.101,417.033,467.033,6900.0
0.8593,-36.08,-31.08,417.254,467.254,6900.0
0.8594,-34.841,-29.841,417.441,467.441,6900.0
0.8595,-33.55,-28.55,417.584,467.584,6900.0
0.8596,-32.036,-27.036,417.67,467.67,6900.0
0.8597,-30.656,-25.656,417.694,467.694,6900.0
0.8598,-29.438,-24.438,417.674,467.674,6900.0
0.8599,-28.308,-23.308,417.624,467.624,6900.0
0.86,-26.509,-21.509,417.543,467.543,6900.0
0.8601,-24.705,-19.705,417.386,467.386,6900.0
0.8602,-23.344,-18.344,417.156,467.156,6900.0
0.8603,-22.19,-17.19,416.881,466.881,6900.0
0.8604,-21.108,-16.108,416.582,466.582,6900.0
0.8605,-19.548,-14.548,416.263,466.263,6900.0
0.8606,-17.947,-12.947,415.897,465.897,6900.0
0.8607,-16.709,-11.709,415.485,465.485,6900.0
0.8608,-15.352,-10.352,415.045,465.045,6900.0
0.8609,-14.254,-9.254,414.579,464.579,6900.0
0.861,-12.843,-7.843,414.094,464.094,6900.0
0.8611,-11.472,-6.472,413.578,463.578,6900.0
0.8612,-10.425,-5.425,413.03,463.03,6900.0
0.8613,-9.26,-4.26,412.463,462.463,6900.0
0.8614,-8.243,-3.243,411.876,461.876,6900.0
0.8615,-7.15,-2.15,411.274,461.274,6900.0
0.8616,-6.251,-1.251,410.658,460.658,6900.0
0.8617,-5.55,-0.55,410.03,460.03,6900.0
0.8618,-4.729,0.271,409.395,459.395,6900.0
0.8619,-3.61,1.39,408.753,458.753,6900.0
0.862,-3.274,1.726,408.103,458.103,6900.0
0.8621,0.0,5.0,407.455,457.455,6900.0
0.8622,-0.004,4.996,406.803,456.803,6900.0
0.8623,0.058,5.058,406.15,456.15,6900.0
0.8624,0.226,5.226,405.497,455.497,6900.0
0.8625,0.233,5.233,404.844,454.844,6900.0
0.8626,0.473,5.473,404.19,454.19,6900.0
0.8627,1.515,6.515,403.54,453.54,6900.0
0.8628,2.612,7.612,402.898,452.898,6900.0
0.8629,3.922,8.922,402.269,452.269,6900.0
0.863,4.895,9.895,401.658,451.658,6900.0
0.8631,5.577,10.577,401.057,451.057,6900.0
0.8632,6.736,11.736,400.463,450.463,6900.0
0.8633,8.034,13.034,399.887,449.887,6900.0
0.8634,9.537,14.537,399.337,449.337,6900.0
0.8635,10.721,15.721,398.824,448.824,6900.0
0.8636,11.469,16.469,398.336,448.336,6900.0
0.8637,12.587,17.587,397.86,447.86,6900.0
0.8638,13.704,18.704,397.409,447.409,6900.0
0.8639,15.004,20.004,396.992,446.992,6900.0
0.864,16.1,21.1,396.618,446.618,6900.0
0.8641,17.102,22.102,396.277,446.277,6900.0
0.8642,18.169,23.169,395.967,445.967,6900.0
0.8643,19.193,24.193,395.694,445.694,6900.0
0.8644,20.323,25.323,395.455,445.455,6900.0
0.8645,21.36,26.36,395.256,445.256,6900.0
0.8646,22.359,27.359,395.095,445.095,6900.0
0.8647,23.345,28.345,394.975,444.975,6900.0
0.8648,24.147,29.147,394.892,444.892,6900.0
0.8649,25.031,30.031,394.835,444.835,6900.0
0.865,25.948,30.948,394.808,444.808,6900.0
0.8651,26.833,31.833,394.819,444.819,6900.0
0.8652,27.878,32.878,394.876,444.876,6900.0
0.8653,28.685,33.685,394.982,444.982,6900.0
0.8654,29.334,34.334,395.118,445.118,6900.0
0.8655,30.31,35.31,395.278,445.278,6900.0
0.8656,30.932,35.932,395.485,445.485,6900.0
0.8657,31.757,36.757,395.73,445.73,6900.0
0.8658,32.327,37.327,396.025,446.025,6900.0
0.8659,32.62,37.62,396.339,446.339,6900.0
0.866,33.28,38.28,396.661,446.661,6900.0
0.8661,33.586,38.586,397.011,447.011,6900.0
0.8662,34.244,39.244,397.37,447.37,6900.0
0.8663,34.67,39.67,397.768,447.768,6900.0
0.8664,34.813,39.813,398.175,448.175,6900.0
0.8665,35.208,40.208,398.588,448.588,6900.0
0.8666,35.285,40.285,399.021,449.021,6900.0
0.8667,35.665,40.665,399.454,449.454,6900.0
0.8668,35.979,40.979,399.921,449.921,6900.0
0.8669,35.765,40.765,400.399,450.399,6900.0
0.867,36.085,41.085,400.877,450.877,6900.0
0.8671,35.871,40.871,401.372,451.372,6900.0
0.8672,35.761,40.761,401.844,451.844,6900.0
0.8673,35.727,40.727,402.316,452.316,6900.0
0.8674,35.442,40.442,402.777,452.777,6900.0
0.8675,35.366,40.366,403.226,453.226,6900.0
0.8676,35.195,40.195,403.666,453.666,6900.0
0.8677,34.853,39.853,404.077,454.077,6900.0
0.8678,34.849,39.849,404.469,454.469,6900.0
0.8679,34.496,39.496,404.852,454.852,6900.0
0.868,34.24,39.24,405.227,455.227,6900.0
0.8681,33.91,38.91,405.592,455.592,6900.0
0.8682,33.381,38.381,405.931,455.931,6900.0
0.8683,33.116,38.116,406.24,456.24,6900.0
0.8684,32.437,37.437,406.533,456.533,6900.0
0.8685,31.91,36.91,406.801,456.801,6900.0
0.8686,31.165,36.165,407.042,457.042,6900.0
0.8687,30.49,35.49,407.243,457.243,6900.0
0.8688,29.754,34.754,407.405,457.405,6900.0
0.8689,28.944,33.944,407.53,457.53,6900.0
0.869,28.134,33.134,407.618,457.618,6900.0
0.8691,27.405,32.405,407.67,457.67,6900.0
0.8692,26.532,31.532,407.692,457.692,6900.0
0.8693,25.185,30.185,407.682,457.682,6900.0
0.8694,23.959,28.959,407.622,457.622,6900.0
0.8695,22.954,27.954,407.51,457.51,6900.0
0.8696,21.812,26.812,407.36,457.36,6900.0
0.8697,20.759,25.759,407.177,457.177,6900.0
0.8698,19.366,24.366,406.969,456.969,6900.0
0.8699,17.762,22.762,406.713,456.713,6900.0
0.87,16.279,21.279,406.394,456.394,6900.0
0.8701,15.103,20.103,406.029,456.029,6900.0
0.8702,14.15,19.15,405.638,455.638,6900.0
0.8703,12.993,17.993,405.232,455.232,6900.0
0.8704,11.12,16.12,404.793,454.793,6900.0
0.8705,9.535,14.535,404.304,454.304,6900.0
0.8706,8.418,13.418,403.782,453.782,6900.0
0.8707,7.366,12.366,403.234,453.234,6900.0
0.8708,6.182,11.182,402.669,452.669,6900.0
0.8709,4.716,9.716,402.082,452.082,6900.0
0.871,3.4,8.4,401.468,451.468,6900.0
0.8711,2.253,7.253,400.837,450.837,6900.0
0.8712,1.148,6.148,400.191,450.191,6900.0
0.8713,0.075,5.075,399.534,449.534,6900.0
0.8714,0.01,5.01,398.872,448.872,6900.0
0.8715,-0.0,5.0,398.208,448.208,6900.0
0.8716,-0.0,5.0,397.542,447.542,6900.0
0.8717,-0.0,5.0,396.874,446.874,6900.0
0.8718,-0.0,5.0,396.205,446.205,6900.0
0.8719,-0.0,5.0,395.535,445.535,6900.0
0.872,-0.001,4.999,394.863,444.863,6900.0
0.8721,-0.883,4.117,394.19,444.19,6900.0
0.8722,-3.786,1.214,393.516,443.516,6900.0
0.8723,-8.75,-3.75,392.841,442.841,6900.0
0.8724,-8.668,-3.668,392.198,442.198,6900.0
0.8725,-9.507,-4.507,391.554,441.554,6900.0
0.8726,-10.748,-5.748,390.92,440.92,6900.0
0.8727,-11.997,-6.997,390.305,440.305,6900.0
0.8728,-13.222,-8.222,389.719,439.719,6900.0
0.8729,-14.178,-9.178,389.16,439.16,6900.0
0.873,-15.243,-10.243,388.614,438.614,6900.0
0.8731,-16.772,-11.772,388.087,438.087,6900.0
0.8732,-18.112,-13.112,387.596,437.596,6900.0
0.8733,-19.602,-14.602,387.154,437.154,6900.0
0.8734,-20.503,-15.503,386.758,436.758,6900.0
0.8735,-21.373,-16.373,386.372,436.372,6900.0
0.8736,-22.749,-17.749,386.001,436.001,6900.0
0.8737,-24.237,-19.237,385.667,435.667,6900.0
0.8738,-25.714,-20.714,385.39,435.39,6900.0
0.8739,-26.921,-21.921,385.169,435.169,6900.0
0.874,-27.956,-22.956,384.992,434.992,6900.0
0.8741,-29.13,-24.13,384.856,434.856,6900.0
0.8742,-30.417,-25.417,384.768,434.768,6900.0
0.8743,-31.585,-26.585,384.739,434.739,6900.0
0.8744,-32.695,-27.695,384.766,434.766,6900.0
0.8745,-33.742,-28.742,384.844,434.844,6900.0
0.8746,-34.825,-29.825,384.97,434.97,6900.0
0.8747,-35.723,-30.723,385.141,435.141,6900.0
0.8748,-36.735,-31.735,385.342,435.342,6900.0
0.8749,-37.982,-32.982,385.582,435.582,6900.0
0.875,-39.011,-34.011,385.874,435.874,6900.0
0.8751,-39.891,-34.891,386.227,436.227,6900.0
0.8752,-40.729,-35.729,386.622,436.622,6900.0
0.8753,-41.572,-36.572,387.048,437.048,6900.0
0.8754,-42.684,-37.684,387.521,437.521,6900.0
0.8755,-43.567,-38.567,388.053,438.053,6900.0
0.8756,-44.43,-39.43,388.659,438.659,6900.0
0.8757,-44.942,-39.942,389.314,439.314,6900.0
0.8758,-45.511,-40.511,389.982,439.982,6900.0
0.8759,-46.133,-41.133,390.684,440.684,6900.0
0.876,-46.651,-41.651,391.406,441.406,6900.0
0.8761,-47.158,-42.158,392.168,442.168,6900.0
0.8762,-47.451,-42.451,392.954,442.954,6900.0
0.8763,-47.807,-42.807,393.73,443.73,6900.0
0.8764,-48.015,-43.015,394.532,444.532,6900.0
0.8765,-48.231,-43.231,395.337,445.337,6900.0
0.8766,-48.613,-43.613,396.166,446.166,6900.0
0.8767,-48.676,-43.676,397.026,447.026,6900.0
0.8768,-48.772,-43.772,397.883,447.883,6900.0
0.8769,-48.872,-43.872,398.766,448.766,6900.0
0.877,-48.704,-43.704,399.649,449.649,6900.0
0.8771,-48.808,-43.808,400.523,450.523,6900.0
0.8772,-48.512,-43.512,401.41,451.41,6900.0
0.8773,-48.357,-43.357,402.269,452.269,6900.0
0.8774,-48.094,-43.094,403.131,453.131,6900.0
0.8775,-47.611,-42.611,403.966,453.966,6900.0
0.8776,-47.426,-42.426,404.754,454.754,6900.0
0.8777,-47.165,-42.165,405.529,455.529,6900.0
0.8778,-46.969,-41.969,406.278,456.278,6900.0
0.8779,-46.579,-41.579,407.027,457.027,6900.0
0.878,-46.002,-41.002,407.749,457.749,6900.0
0.8781,-45.647,-40.647,408.427,458.427,6900.0
0.8782,-45.058,-40.058,409.094,459.094,6900.0
0.8783,-44.517,-39.517,409.735,459.735,6900.0
0.8784,-43.866,-38.866,410.363,460.363,6900.0
0.8785,-43.113,-38.113,410.954,460.954,6900.0
0.8786,-42.273,-37.273,411.494,461.494,6900.0
0.8787,-41.535,-36.535,411.986,461.986,6900.0
0.8788,-40.707,-35.707,412.434,462.434,6900.0
0.8789,-39.717,-34.717,412.841,462.841,6900.0
0.879,-38.831,-33.831,413.197,463.197,6900.0
0.8791,-37.735,-32.735,413.51,463.51,6900.0
0.8792,-36.677,-31.677,413.772,463.772,6900.0
0.8793,-35.397,-30.397,413.986,463.986,6900.0
0.8794,-34.335,-29.335,414.144,464.144,6900.0
0.8795,-33.234,-28.234,414.267,464.267,6900.0
0.8796,-32.112,-27.112,414.358,464.358,6900.0
0.8797,-30.64,-25.64,414.411,464.411,6900.0
0.8798,-28.93,-23.93,414.4,464.4,6900.0
0.8799,-27.651,-22.651,414.32,464.32,6900.0
0.88,-26.336,-21.336,414.198,464.198,6900.0
0.8801,-25.29,-20.29,414.046,464.046,6900.0
0.8802,-23.473,-18.473,413.868,463.868,6900.0
0.8803,-21.725,-16.725,413.619,463.619,6900.0
0.8804,-20.459,-15.459,413.303,463.303,6900.0
0.8805,-19.288,-14.288,412.946,462.946,6900.0
0.8806,-18.238,-13.238,412.56,462.56,6900.0
0.8807,-16.688,-11.688,412.156,462.156,6900.0
0.8808,-15.229,-10.229,411.711,461.711,6900.0
0.8809,-14.155,-9.155,411.231,461.231,6900.0
0.881,-12.812,-7.812,410.73,460.73,6900.0
0.8811,-11.942,-6.942,410.206,460.206,6900.0
0.8812,-10.653,-5.653,409.669,459.669,6900.0
0.8813,-9.269,-4.269,409.108,459.108,6900.0
0.8814,-8.274,-3.274,408.522,458.522,6900.0
0.8815,-7.166,-2.166,407.919,457.919,6900.0
0.8816,-6.436,-1.436,407.299,457.299,6900.0
0.8817,-5.76,-0.76,406.667,456.667,6900.0
0.8818,-6.386,-1.386,406.022,456.022,6900.0
0.8819,-4.684,0.316,405.378,455.378,6900.0
0.882,-1.096,3.904,404.727,454.727,6900.0
0.8821,-0.007,4.993,404.071,454.071,6900.0
0.8822,-0.007,4.993,403.414,453.414,6900.0
0.8823,0.012,5.012,402.756,452.756,6900.0
0.8824,0.171,5.171,402.097,452.097,6900.0
0.8825,0.217,5.217,401.438,451.438,6900.0
0.8826,0.856,5.856,400.779,450.779,6900.0
0.8827,1.647,6.647,400.126,450.126,6900.0
0.8828,2.393,7.393,399.479,449.479,6900.0
0.8829,3.676,8.676,398.839,448.839,6900.0
0.883,4.883,9.883,398.213,448.213,6900.0
0.8831,6.328,11.328,397.606,447.606,6900.0
0.8832,7.329,12.329,397.026,447.026,6900.0
0.8833,8.155,13.155,396.461,446.461,6900.0
0.8834,9.276,14.276,395.904,445.904,6900.0
0.8835,10.575,15.575,395.368,445.368,6900.0
0.8836,12.123,17.123,394.863,444.863,6900.0
0.8837,13.192,18.192,394.403,444.403,6900.0
0.8838,14.091,19.091,393.971,443.971,6900.0
0.8839,15.065,20.065,393.559,443.559,6900.0
0.884,16.267,21.267,393.175,443.175,6900.0
0.8841,17.433,22.433,392.828,442.828,6900.0
0.8842,18.688,23.688,392.522,442.522,6900.0
0.8843,19.717,24.717,392.257,442.257,6900.0
0.8844,20.845,25.845,392.028,442.028,6900.0
0.8845,21.804,26.804,391.837,441.837,6900.0
0.8846,22.768,27.768,391.681,441.681,6900.0
0.8847,23.853,28.853,391.558,441.558,6900.0
0.8848,24.768,29.768,391.477,441.477,6900.0
0.8849,25.846,30.846,391.441,441.441,6900.0
0.885,26.745,31.745,391.448,441.448,6900.0
0.8851,27.571,32.571,391.489,441.489,6900.0
0.8852,28.579,33.579,391.558,441.558,6900.0
0.8853,29.392,34.392,391.672,441.672,6900.0
0.8854,30.439,35.439,391.83,441.83,6900.0
0.8855,31.032,36.032,392.04,442.04,6900.0
0.8856,31.721,36.721,392.272,442.272,6900.0
0.8857,32.503,37.503,392.527,442.527,6900.0
0.8858,33.02,38.02,392.821,442.821,6900.0
0.8859,33.905,38.905,393.144,443.144,6900.0
0.886,34.43,39.43,393.519,443.519,6900.0
0.8861,34.749,39.749,393.911,443.911,6900.0
0.8862,35.311,40.311,394.313,444.313,6900.0
0.8863,35.695,40.695,394.74,444.74,6900.0
0.8864,36.147,41.147,395.179,445.179,6900.0
0.8865,36.403,41.403,395.651,445.651,6900.0
0.8866,36.562,41.562,396.128,446.128,6900.0
0.8867,36.836,41.836,396.611,446.611,6900.0
0.8868,36.842,41.842,397.111,447.111,6900.0
0.8869,37.026,42.026,397.602,447.602,6900.0
0.887,37.188,42.188,398.116,448.116,6900.0
0.8871,37.13,42.13,398.632,448.632,6900.0
0.8872,37.137,42.137,399.152,449.152,6900.0
0.8873,36.986,41.986,399.673,449.673,6900.0
0.8874,36.786,41.786,400.172,450.172,6900.0
0.8875,36.769,41.769,400.662,450.662,6900.0
0.8876,36.475,41.475,401.141,451.141,6900.0
0.8877,36.392,41.392,401.611,451.611,6900.0
0.8878,36.04,41.04,402.069,452.069,6900.0
0.8879,35.707,40.707,402.495,452.495,6900.0
0.888,35.587,40.587,402.898,452.898,6900.0
0.8881,35.273,40.273,403.288,453.288,6900.0
0.8882,34.947,39.947,403.67,453.67,6900.0
0.8883,34.253,39.253,404.036,454.036,6900.0
0.8884,33.64,38.64,404.366,454.366,6900.0
0.8885,33.098,38.098,404.66,454.66,6900.0
0.8886,32.486,37.486,404.926,454.926,6900.0
0.8887,31.981,36.981,405.164,455.164,6900.0
0.8888,31.16,36.16,405.375,455.375,6900.0
0.8889,30.287,35.287,405.547,455.547,6900.0
0.889,29.395,34.395,405.676,455.676,6900.0
0.8891,28.474,33.474,405.762,455.762,6900.0
0.8892,27.449,32.449,405.805,455.805,6900.0
0.8893,26.4,31.4,405.807,455.807,6900.0
0.8894,25.293,30.293,405.773,455.773,6900.0
0.8895,24.053,29.053,405.705,455.705,6900.0
0.8896,22.788,27.788,405.59,455.59,6900.0
0.8897,21.396,26.396,405.419,455.419,6900.0
0.8898,20.386,25.386,405.203,455.203,6900.0
0.8899,19.342,24.342,404.959,454.959,6900.0
0.89,17.818,22.818,404.693,454.693,6900.0
0.8901,15.995,20.995,404.378,454.378,6900.0
0.8902,14.414,19.414,403.997,453.997,6900.0
0.8903,13.384,18.384,403.573,453.573,6900.0
0.8904,12.252,17.252,403.121,453.121,6900.0
0.8905,10.915,15.915,402.652,452.652,6900.0
0.8906,9.344,14.344,402.153,452.153,6900.0
0.8907,7.898,12.898,401.616,451.616,6900.0
0.8908,6.619,11.619,401.053,451.053,6900.0
0.8909,5.443,10.443,400.467,450.467,6900.0
0.891,4.215,9.215,399.865,449.865,6900.0
0.8911,2.802,7.802,399.243,449.243,6900.0
0.8912,1.44,6.44,398.601,448.601,6900.0
0.8913,0.318,5.318,397.944,447.944,6900.0
0.8914,0.046,5.046,397.279,447.279,6900.0
0.8915,-0.004,4.996,396.612,446.612,6900.0
0.8916,-0.0,5.0,395.943,445.943,6900.0
0.8917,-0.0,5.0,395.273,445.273,6900.0
0.8918,-0.0,5.0,394.601,444.601,6900.0
0.8919,-0.0,5.0,393.928,443.928,6900.0
0.892,0.0,5.0,393.253,443.253,6900.0
0.8921,-0.841,4.159,392.578,442.578,6900.0
0.8922,-3.1,1.9,391.901,441.901,6900.0
0.8923,-6.762,-1.762,391.223,441.223,6900.0
0.8924,-9.329,-4.329,390.557,440.557,6900.0
0.8925,-10.013,-5.013,389.914,439.914,6900.0
0.8926,-10.838,-5.838,389.284,439.284,6900.0
0.8927,-11.904,-6.904,388.664,438.664,6900.0
0.8928,-13.432,-8.432,388.062,438.062,6900.0
0.8929,-14.681,-9.681,387.492,437.492,6900.0
0.893,-16.119,-11.119,386.961,436.961,6900.0
0.8931,-17.212,-12.212,386.47,436.47,6900.0
0.8932,-18.198,-13.198,385.992,435.992,6900.0
0.8933,-19.642,-14.642,385.529,435.529,6900.0
0.8934,-21.185,-16.185,385.103,435.103,6900.0
0.8935,-22.711,-17.711,384.732,434.732,6900.0
0.8936,-23.791,-18.791,384.411,434.411,6900.0
0.8937,-24.854,-19.854,384.108,434.108,6900.0
0.8938,-26.166,-21.166,383.826,433.826,6900.0
0.8939,-27.669,-22.669,383.584,433.584,6900.0
0.894,-29.266,-24.266,383.401,433.401,6900.0
0.8941,-30.377,-25.377,383.286,433.286,6900.0
0.8942,-31.632,-26.632,383.221,433.221,6900.0
0.8943,-32.773,-27.773,383.21,433.21,6900.0
0.8944,-33.984,-28.984,383.254,433.254,6900.0
0.8945,-35.122,-30.122,383.354,433.354,6900.0
0.8946,-36.303,-31.303,383.507,433.507,6900.0
0.8947,-37.415,-32.415,383.717,433.717,6900.0
0.8948,-38.457,-33.457,383.978,433.978,6900.0
0.8949,-39.395,-34.395,384.28,434.28,6900.0
0.895,-40.307,-35.307,384.609,434.609,6900.0
0.8951,-41.5,-36.5,384.974,434.974,6900.0
0.8952,-42.558,-37.558,385.391,435.391,6900.0
0.8953,-43.419,-38.419,385.876,435.876,6900.0
0.8954,-44.284,-39.284,386.406,436.406,6900.0
0.8955,-44.973,-39.973,386.97,436.97,6900.0
0.8956,-45.962,-40.962,387.582,437.582,6900.0
0.8957,-46.926,-41.926,388.247,438.247,6900.0
0.8958,-47.606,-42.606,388.993,438.993,6900.0
0.8959,-47.965,-42.965,389.783,439.783,6900.0
0.896,-48.344,-43.344,390.575,440.575,6900.0
0.8961,-48.885,-43.885,391.387,441.387,6900.0
0.8962,-49.336,-44.336,392.211,442.211,6900.0
0.8963,-49.798,-44.798,393.065,443.065,6900.0
0.8964,-49.949,-44.949,393.941,443.941,6900.0
0.8965,-50.166,-45.166,394.801,444.801,6900.0
0.8966,-50.459,-45.459,395.681,445.681,6900.0
0.8967,-50.436,-45.436,396.572,446.572,6900.0
0.8968,-50.811,-45.811,397.475,447.475,6900.0
0.8969,-50.765,-45.765,398.414,448.414,6900.0
0.897,-50.8,-45.8,399.346,449.346,6900.0
0.8971,-50.598,-45.598,400.304,450.304,6900.0
0.8972,-50.128,-45.128,401.249,451.249,6900.0
0.8973,-50.217,-45.217,402.161,452.161,6900.0
0.8974,-49.817,-44.817,403.079,453.079,6900.0
0.8975,-49.715,-44.715,403.961,453.961,6900.0
0.8976,-49.279,-44.279,404.843,454.843,6900.0
0.8977,-48.845,-43.845,405.685,455.685,6900.0
0.8978,-48.56,-43.56,406.479,456.479,6900.0
0.8979,-48.004,-43.004,407.258,457.258,6900.0
0.898,-47.796,-42.796,408.004,458.004,6900.0
0.8981,-47.267,-42.267,408.75,458.75,6900.0
0.8982,-46.643,-41.643,409.468,459.468,6900.0
0.8983,-46.073,-41.073,410.141,460.141,6900.0
0.8984,-45.432,-40.432,410.791,460.791,6900.0
0.8985,-44.831,-39.831,411.411,461.411,6900.0
0.8986,-44.012,-39.012,412.009,462.009,6900.0
0.8987,-43.123,-38.123,412.563,462.563,6900.0
0.8988,-42.124,-37.124,413.063,463.063,6900.0
0.8989,-41.09,-36.09,413.51,463.51,6900.0
0.899,-40.187,-35.187,413.901,463.901,6900.0
0.8991,-39.153,-34.153,414.245,464.245,6900.0
0.8992,-38.113,-33.113,414.542,464.542,6900.0
0.8993,-37.073,-32.073,414.797,464.797,6900.0
0.8994,-35.642,-30.642,415.007,465.007,6900.0
0.8995,-34.155,-29.155,415.159,465.159,6900.0
0.8996,-33.008,-28.008,415.249,465.249,6900.0
0.8997,-31.778,-26.778,415.3,465.3,6900.0
0.8998,-30.456,-25.456,415.321,465.321,6900.0
0.8999,-28.815,-23.815,415.303,465.303,6900.0
0.9,-27.12,-22.12,415.213,465.213,6900.0
0.9001,-25.75,-20.75,415.051,465.051,6900.0
0.9002,-24.498,-19.498,414.845,464.845,6900.0
0.9003,-23.412,-18.412,414.615,464.615,6900.0
0.9004,-21.675,-16.675,414.363,464.363,6900.0
0.9005,-19.776,-14.776,414.053,464.053,6900.0
0.9006,-18.551,-13.551,413.683,463.683,6900.0
0.9007,-17.238,-12.238,413.279,463.279,6900.0
0.9008,-16.185,-11.185,412.845,462.845,6900.0
0.9009,-14.694,-9.694,412.391,462.391,6900.0
0.901,-13.273,-8.273,411.9,461.9,6900.0
0.9011,-12.218,-7.218,411.375,461.375,6900.0
0.9012,-10.944,-5.944,410.829,460.829,6900.0
0.9013,-9.88,-4.88,410.262,460.262,6900.0
0.9014,-8.693,-3.693,409.679,459.679,6900.0
0.9015,-7.536,-2.536,409.08,459.08,6900.0
0.9016,-6.617,-1.617,408.464,458.464,6900.0
0.9017,-5.772,-0.772,407.837,457.837,6900.0
0.9018,-5.386,-0.386,407.199,457.199,6900.0
0.9019,-5.35,-0.35,406.554,456.554,6900.0
0.902,-2.715,2.285,405.908,455.908,6900.0
0.9021,0.093,5.093,405.255,455.255,6900.0
0.9022,-0.0,5.0,404.6,454.6,6900.0
0.9023,0.107,5.107,403.944,453.944,6900.0
0.9024,0.137,5.137,403.287,453.287,6900.0
0.9025,0.201,5.201,402.63,452.63,6900.0
0.9026,0.76,5.76,401.973,451.973,6900.0
0.9027,1.712,6.712,401.322,451.322,6900.0
0.9028,2.993,7.993,400.678,450.678,6900.0
0.9029,3.939,8.939,400.05,450.05,6900.0
0.903,4.631,9.631,399.43,449.43,6900.0
0.9031,5.955,10.955,398.817,448.817,6900.0
0.9032,7.409,12.409,398.221,448.221,6900.0
0.9033,8.925,13.925,397.65,447.65,6900.0
0.9034,10.138,15.138,397.114,447.114,6900.0
0.9035,10.937,15.937,396.599,446.599,6900.0
0.9036,12.055,17.055,396.096,446.096,6900.0
0.9037,13.393,18.393,395.619,445.619,6900.0
0.9038,14.839,19.839,395.18,445.18,6900.0
0.9039,15.9,20.9,394.789,444.789,6900.0
0.904,16.919,21.919,394.434,444.434,6900.0
0.9041,17.92,22.92,394.109,444.109,6900.0
0.9042,19.15,24.15,393.816,443.816,6900.0
0.9043,20.302,25.302,393.561,443.561,6900.0
0.9044,21.307,26.307,393.346,443.346,6900.0
0.9045,22.349,27.349,393.164,443.164,6900.0
0.9046,23.44,28.44,393.02,443.02,6900.0
0.9047,24.276,29.276,392.912,442.912,6900.0
0.9048,25.182,30.182,392.835,442.835,6900.0
0.9049,26.388,31.388,392.79,442.79,6900.0
0.905,27.52,32.52,392.794,442.794,6900.0
0.9051,28.581,33.581,392.854,442.854,6900.0
0.9052,29.259,34.259,392.967,442.967,6900.0
0.9053,29.969,34.969,393.11,443.11,6900.0
0.9054,30.88,35.88,393.282,443.282,6900.0
0.9055,31.686,36.686,393.494,443.494,6900.0
0.9056,32.615,37.615,393.752,443.752,6900.0
0.9057,33.228,38.228,394.055,444.055,6900.0
0.9058,33.599,38.599,394.377,444.377,6900.0
0.9059,34.42,39.42,394.705,444.705,6900.0
0.906,34.967,39.967,395.069,445.069,6900.0
0.9061,35.643,40.643,395.457,445.457,6900.0
0.9062,36.161,41.161,395.889,445.889,6900.0
0.9063,36.305,41.305,396.338,446.338,6900.0
0.9064,36.852,41.852,396.794,446.794,6900.0
0.9065,37.033,42.033,397.282,447.282,6900.0
0.9066,37.453,42.453,397.772,447.772,6900.0
0.9067,37.616,42.616,398.299,448.299,6900.0
0.9068,37.6,42.6,398.83,448.83,6900.0
0.9069,37.705,42.705,399.362,449.362,6900.0
0.907,37.648,42.648,399.901,449.901,6900.0
0.9071,37.526,42.526,400.421,450.421,6900.0
0.9072,37.736,42.736,400.942,450.942,6900.0
0.9073,37.423,42.423,401.463,451.463,6900.0
0.9074,37.465,42.465,401.972,451.972,6900.0
0.9075,37.158,42.158,402.483,452.483,6900.0
0.9076,36.91,41.91,402.964,452.964,6900.0
0.9077,36.94,41.94,403.433,453.433,6900.0
0.9078,36.536,41.536,403.897,453.897,6900.0
0.9079,36.379,41.379,404.351,454.351,6900.0
0.908,35.916,40.916,404.796,454.796,6900.0
0.9081,35.431,40.431,405.206,455.206,6900.0
0.9082,35.193,40.193,405.587,455.587,6900.0
0.9083,34.642,39.642,405.948,455.948,6900.0
0.9084,34.122,39.122,406.29,456.29,6900.0
0.9085,33.433,38.433,406.605,456.605,6900.0
0.9086,32.809,37.809,406.881,456.881,6900.0
0.9087,32.189,37.189,407.117,457.117,6900.0
0.9088,31.469,36.469,407.32,457.32,6900.0
0.9089,30.625,35.625,407.493,457.493,6900.0
0.909,29.801,34.801,407.628,457.628,6900.0
0.9091,28.809,33.809,407.73,457.73,6900.0
0.9092,27.749,32.749,407.791,457.791,6900.0
0.9093,26.532,31.532,407.809,457.809,6900.0
0.9094,25.397,30.397,407.777,457.777,6900.0
0.9095,24.353,29.353,407.701,457.701,6900.0
0.9096,23.292,28.292,407.592,457.592,6900.0
0.9097,21.86,26.86,407.454,457.454,6900.0
0.9098,20.333,25.333,407.265,457.265,6900.0
0.9099,18.916,23.916,407.014,457.014,6900.0
0.91,17.804,22.804,406.716,456.716,6900.0
0.9101,16.67,21.67,406.392,456.392,6900.0
0.9102,15.25,20.25,406.048,456.048,6900.0
0.9103,13.418,18.418,405.663,455.663,6900.0
0.9104,11.786,16.786,405.221,455.221,6900.0
0.9105,10.583,15.583,404.74,454.74,6900.0
0.9106,9.498,14.498,404.229,454.229,6900.0
0.9107,8.28,13.28,403.701,453.701,6900.0
0.9108,6.597,11.597,403.147,453.147,6900.0
0.9109,5.353,10.353,402.561,452.561,6900.0
0.911,4.238,9.238,401.957,451.957,6900.0
0.9111,3.002,8.002,401.334,451.334,6900.0
0.9112,1.794,6.794,400.699,450.699,6900.0
0.9113,0.405,5.405,400.049,450.049,6900.0
0.9114,0.031,5.031,399.388,449.388,6900.0
0.9115,-0.0,5.0,398.725,448.725,6900.0
0.9116,-0.0,5.0,398.06,448.06,6900.0
0.9117,-0.0,5.0,397.393,447.393,6900.0
0.9118,-0.0,5.0,396.725,446.725,6900.0
0.9119,-0.0,5.0,396.055,446.055,6900.0
0.912,0.0,5.0,395.384,445.384,6900.0
0.9121,-1.069,3.931,394.712,444.712,6900.0
0.9122,-4.733,0.267,394.039,444.039,6900.0
0.9123,-7.778,-2.778,393.372,443.372,6900.0
0.9124,-8.307,-3.307,392.718,442.718,6900.0
0.9125,-9.494,-4.494,392.069,442.069,6900.0
0.9126,-10.725,-5.725,391.432,441.432,6900.0
0.9127,-12.147,-7.147,390.816,440.816,6900.0
0.9128,-13.123,-8.123,390.225,440.225,6900.0
0.9129,-14.289,-9.289,389.648,439.648,6900.0
0.913,-15.923,-10.923,389.094,439.094,6900.0
0.9131,-17.325,-12.325,388.579,438.579,6900.0
0.9132,-18.74,-13.74,388.114,438.114,6900.0
0.9133,-19.566,-14.566,387.696,437.696,6900.0
0.9134,-20.493,-15.493,387.286,437.286,6900.0
0.9135,-21.982,-16.982,386.887,436.887,6900.0
0.9136,-23.49,-18.49,386.526,436.526,6900.0
0.9137,-25.092,-20.092,386.217,436.217,6900.0
0.9138,-26.057,-21.057,385.965,435.965,6900.0
0.9139,-27.111,-22.111,385.739,435.739,6900.0
0.914,-28.578,-23.578,385.544,435.544,6900.0
0.9141,-29.958,-24.958,385.401,435.401,6900.0
0.9142,-31.185,-26.185,385.321,435.321,6900.0
0.9143,-32.378,-27.378,385.303,435.303,6900.0
0.9144,-33.487,-28.487,385.344,435.344,6900.0
0.9145,-34.574,-29.574,385.44,435.44,6900.0
0.9146,-35.652,-30.652,385.584,435.584,6900.0
0.9147,-36.685,-31.685,385.77,435.77,6900.0
0.9148,-37.72,-32.72,386.0,436.0,6900.0
0.9149,-38.808,-33.808,386.272,436.272,6900.0
0.915,-39.806,-34.806,386.6,436.6,6900.0
0.9151,-40.702,-35.702,386.966,436.966,6900.0
0.9152,-41.606,-36.606,387.36,437.36,6900.0
0.9153,-42.704,-37.704,387.799,437.799,6900.0
0.9154,-43.681,-38.681,388.292,438.292,6900.0
0.9155,-44.553,-39.553,388.86,438.86,6900.0
0.9156,-45.17,-40.17,389.477,439.477,6900.0
0.9157,-45.797,-40.797,390.118,440.118,6900.0
0.9158,-46.502,-41.502,390.803,440.803,6900.0
0.9159,-47.076,-42.076,391.523,441.523,6900.0
0.916,-47.73,-42.73,392.297,442.297,6900.0
0.9161,-48.048,-43.048,393.104,443.104,6900.0
0.9162,-48.293,-43.293,393.905,443.905,6900.0
0.9163,-48.735,-43.735,394.721,444.721,6900.0
0.9164,-48.984,-43.984,395.543,445.543,6900.0
0.9165,-49.51,-44.51,396.384,446.384,6900.0
0.9166,-49.572,-44.572,397.255,447.255,6900.0
0.9167,-49.766,-44.766,398.114,448.114,6900.0
0.9168,-49.892,-44.892,399.0,449.0,6900.0
0.9169,-49.731,-44.731,399.893,449.893,6900.0
0.917,-49.918,-44.918,400.787,450.787,6900.0
0.9171,-49.697,-44.697,401.704,451.704,6900.0
0.9172,-49.544,-44.544,402.606,452.606,6900.0
0.9173,-49.224,-44.224,403.519,453.519,6900.0
0.9174,-48.87,-43.87,404.404,454.404,6900.0
0.9175,-48.81,-43.81,405.251,455.251,6900.0
0.9176,-48.338,-43.338,406.092,456.092,6900.0
0.9177,-48.107,-43.107,406.895,456.895,6900.0
0.9178,-47.693,-42.693,407.691,457.691,6900.0
0.9179,-47.23,-42.23,408.453,458.453,6900.0
0.918,-46.855,-41.855,409.17,459.17,6900.0
0.9181,-46.326,-41.326,409.874,459.874,6900.0
0.9182,-45.962,-40.962,410.55,460.55,6900.0
0.9183,-45.438,-40.438,411.221,461.221,6900.0
0.9184,-44.624,-39.624,411.865,461.865,6900.0
0.9185,-43.757,-38.757,412.461,462.461,6900.0
0.9186,-43.027,-38.027,413.016,463.016,6900.0
0.9187,-42.212,-37.212,413.533,463.533,6900.0
0.9188,-41.379,-36.379,414.014,464.014,6900.0
0.9189,-40.354,-35.354,414.451,464.451,6900.0
0.919,-39.444,-34.444,414.833,464.833,6900.0
0.9191,-38.395,-33.395,415.164,465.164,6900.0
0.9192,-37.169,-32.169,415.442,465.442,6900.0
0.9193,-36.045,-31.045,415.664,465.664,6900.0
0.9194,-34.863,-29.863,415.843,465.843,6900.0
0.9195,-33.801,-28.801,415.982,465.982,6900.0
0.9196,-32.355,-27.355,416.085,466.085,6900.0
0.9197,-30.814,-25.814,416.128,466.128,6900.0
0.9198,-29.54,-24.54,416.107,466.107,6900.0
0.9199,-28.276,-23.276,416.047,466.047,6900.0
0.92,-27.156,-22.156,415.959,465.959,6900.0
0.9201,-25.396,-20.396,415.84,465.84,6900.0
0.9202,-23.494,-18.494,415.647,465.647,6900.0
0.9203,-22.21,-17.21,415.378,465.378,6900.0
0.9204,-20.983,-15.983,415.068,465.068,6900.0
0.9205,-20.069,-15.069,414.731,464.731,6900.0
0.9206,-18.517,-13.517,414.378,464.378,6900.0
0.9207,-16.85,-11.85,413.982,463.982,6900.0
0.9208,-15.831,-10.831,413.541,463.541,6900.0
0.9209,-14.485,-9.485,413.078,463.078,6900.0
0.921,-13.446,-8.446,412.591,462.591,6900.0
0.9211,-11.933,-6.933,412.086,462.086,6900.0
0.9212,-10.459,-5.459,411.551,461.551,6900.0
0.9213,-9.562,-4.562,410.986,460.986,6900.0
0.9214,-8.374,-3.374,410.403,460.403,6900.0
0.9215,-7.491,-2.491,409.8,459.8,6900.0
0.9216,-6.541,-1.541,409.184,459.184,6900.0
0.9217,-5.732,-0.732,408.555,458.555,6900.0
0.9218,-5.134,-0.134,407.917,457.917,6900.0
0.9219,-4.085,0.915,407.274,457.274,6900.0
0.922,-3.928,1.072,406.622,456.622,6900.0
0.9221,0.108,5.108,405.972,455.972,6900.0
0.9222,-0.0,5.0,405.318,455.318,6900.0
0.9223,0.08,5.08,404.662,454.662,6900.0
0.9224,0.14,5.14,404.006,454.006,6900.0
0.9225,0.372,5.372,403.35,453.35,6900.0
0.9226,0.639,5.639,402.695,452.695,6900.0
0.9227,1.197,6.197,402.043,452.043,6900.0
0.9228,2.438,7.438,401.395,451.395,6900.0
0.9229,3.551,8.551,400.761,450.761,6900.0
0.923,4.886,9.886,400.14,450.14,6900.0
0.9231,5.857,10.857,399.541,449.541,6900.0
0.9232,6.628,11.628,398.953,448.953,6900.0
0.9233,7.858,12.858,398.372,448.372,6900.0
0.9234,9.222,14.222,397.811,447.811,6900.0
0.9235,10.737,15.737,397.279,447.279,6900.0
0.9236,11.931,16.931,396.787,446.787,6900.0
0.9237,12.802,17.802,396.321,446.321,6900.0
0.9238,13.889,18.889,395.873,445.873,6900.0
0.9239,15.103,20.103,395.452,445.452,6900.0
0.924,16.379,21.379,395.069,445.069,6900.0
0.9241,17.441,22.441,394.729,444.729,6900.0
0.9242,18.425,23.425,394.428,444.428,6900.0
0.9243,19.4,24.4,394.158,444.158,6900.0
0.9244,20.51,25.51,393.921,443.921,6900.0
0.9245,21.535,26.535,393.72,443.72,6900.0
0.9246,22.602,27.602,393.555,443.555,6900.0
0.9247,23.621,28.621,393.429,443.429,6900.0
0.9248,24.619,29.619,393.345,443.345,6900.0
0.9249,25.496,30.496,393.3,443.3,6900.0
0.925,26.373,31.373,393.288,443.288,6900.0
0.9251,27.403,32.403,393.304,443.304,6900.0
0.9252,28.223,33.223,393.368,443.368,6900.0
0.9253,29.277,34.277,393.478,443.478,6900.0
0.9254,29.96,34.96,393.641,443.641,6900.0
0.9255,30.576,35.576,393.831,443.831,6900.0
0.9256,31.518,36.518,394.04,444.04,6900.0
0.9257,32.193,37.193,394.293,444.293,6900.0
0.9258,32.969,37.969,394.58,444.58,6900.0
0.9259,33.461,38.461,394.914,444.914,6900.0
0.926,33.735,38.735,395.262,445.262,6900.0
0.9261,34.345,39.345,395.616,445.616,6900.0
0.9262,34.828,39.828,395.998,445.998,6900.0
0.9263,35.423,40.423,396.399,446.399,6900.0
0.9264,35.651,40.651,396.841,446.841,6900.0
0.9265,35.783,40.783,397.289,447.289,6900.0
0.9266,36.292,41.292,397.745,447.745,6900.0
0.9267,36.463,41.463,398.225,448.225,6900.0
0.9268,36.599,41.599,398.706,448.706,6900.0
0.9269,36.766,41.766,399.208,449.208,6900.0
0.927,36.659,41.659,399.712,449.712,6900.0
0.9271,36.808,41.808,400.214,450.214,6900.0
0.9272,36.557,41.557,400.724,450.724,6900.0
0.9273,36.446,41.446,401.205,451.205,6900.0
0.9274,36.472,41.472,401.685,451.685,6900.0
0.9275,36.292,41.292,402.156,452.156,6900.0
0.9276,36.136,41.136,402.622,452.622,6900.0
0.9277,35.754,40.754,403.08,453.08,6900.0
0.9278,35.556,40.556,403.507,453.507,6900.0
0.9279,35.453,40.453,403.921,453.921,6900.0
0.928,35.206,40.206,404.323,454.323,6900.0
0.9281,34.94,39.94,404.719,454.719,6900.0
0.9282,34.255,39.255,405.1,455.1,6900.0
0.9283,33.691,38.691,405.442,455.442,6900.0
0.9284,33.313,38.313,405.747,455.747,6900.0
0.9285,32.818,37.818,406.029,456.029,6900.0
0.9286,32.155,37.155,406.289,456.289,6900.0
0.9287,31.412,36.412,406.517,456.517,6900.0
0.9288,30.648,35.648,406.709,456.709,6900.0
0.9289,29.801,34.801,406.861,456.861,6900.0
0.929,29.019,34.019,406.975,456.975,6900.0
0.9291,28.139,33.139,407.054,457.054,6900.0
0.9292,27.221,32.221,407.097,457.097,6900.0
0.9293,26.196,31.196,407.106,457.106,6900.0
0.9294,25.015,30.015,407.079,457.079,6900.0
0.9295,23.634,28.634,407.005,457.005,6900.0
0.9296,22.423,27.423,406.874,456.874,6900.0
0.9297,21.25,26.25,406.698,456.698,6900.0
0.9298,20.245,25.245,406.488,456.488,6900.0
0.9299,18.886,23.886,406.255,456.255,6900.0
0.93,17.126,22.126,405.975,455.975,6900.0
0.9301,15.772,20.772,405.63,455.63,6900.0
0.9302,14.555,19.555,405.246,455.246,6900.0
0.9303,13.573,18.573,404.833,454.833,6900.0
0.9304,12.292,17.292,404.406,454.406,6900.0
0.9305,10.567,15.567,403.947,453.947,6900.0
0.9306,9.02,14.02,403.442,453.442,6900.0
0.9307,7.782,12.782,402.906,452.906,6900.0
0.9308,6.559,11.559,402.343,452.343,6900.0
0.9309,5.448,10.448,401.763,451.763,6900.0
0.931,3.976,8.976,401.161,451.161,6900.0
0.9311,2.582,7.582,400.535,450.535,6900.0
0.9312,1.422,6.422,399.893,449.893,6900.0
0.9313,0.228,5.228,399.237,449.237,6900.0
0.9314,0.053,5.053,398.574,448.574,6900.0
0.9315,-0.0,5.0,397.909,447.909,6900.0
0.9316,-0.0,5.0,397.243,447.243,6900.0
0.9317,-0.0,5.0,396.575,446.575,6900.0
0.9318,-0.0,5.0,395.905,445.905,6900.0
0.9319,-0.0,5.0,395.234,445.234,6900.0
0.932,-0.0,5.0,394.562,444.562,6900.0
0.9321,-0.407,4.593,393.889,443.889,6900.0
0.9322,-2.74,2.26,393.214,443.214,6900.0
0.9323,-6.611,-1.611,392.539,442.539,6900.0
0.9324,-9.245,-4.245,391.88,441.88,6900.0
0.9325,-9.484,-4.484,391.243,441.243,6900.0
0.9326,-10.427,-5.427,390.608,440.608,6900.0
0.9327,-11.886,-6.886,389.987,439.987,6900.0
0.9328,-13.161,-8.161,389.388,439.388,6900.0
0.9329,-14.498,-9.498,388.824,438.824,6900.0
0.933,-15.442,-10.442,388.291,438.291,6900.0
0.9331,-16.396,-11.396,387.772,437.772,6900.0
0.9332,-17.934,-12.934,387.269,437.269,6900.0
0.9333,-19.426,-14.426,386.804,436.804,6900.0
0.9334,-20.881,-15.881,386.39,436.39,6900.0
0.9335,-21.929,-16.929,386.022,436.022,6900.0
0.9336,-22.787,-17.787,385.669,435.669,6900.0
0.9337,-24.164,-19.164,385.329,435.329,6900.0
0.9338,-25.681,-20.681,385.03,435.03,6900.0
0.9339,-27.224,-22.224,384.792,434.792,6900.0
0.934,-28.448,-23.448,384.616,434.616,6900.0
0.9341,-29.569,-24.569,384.49,434.49,6900.0
0.9342,-30.818,-25.818,384.411,434.411,6900.0
0.9343,-32.024,-27.024,384.386,434.386,6900.0
0.9344,-33.145,-28.145,384.417,434.417,6900.0
0.9345,-34.334,-29.334,384.501,434.501,6900.0
0.9346,-35.381,-30.381,384.637,434.637,6900.0
0.9347,-36.228,-31.228,384.819,434.819,6900.0
0.9348,-37.327,-32.327,385.033,435.033,6900.0
0.9349,-38.245,-33.245,385.282,435.282,6900.0
0.935,-39.387,-34.387,385.57,435.57,6900.0
0.9351,-40.548,-35.548,385.907,435.907,6900.0
0.9352,-41.57,-36.57,386.314,436.314,6900.0
0.9353,-42.388,-37.388,386.774,436.774,6900.0
0.9354,-43.157,-38.157,387.268,437.268,6900.0
0.9355,-44.061,-39.061,387.811,437.811,6900.0
0.9356,-44.991,-39.991,388.404,438.404,6900.0
0.9357,-45.773,-40.773,389.071,439.071,6900.0
0.9358,-46.202,-41.202,389.783,439.783,6900.0
0.9359,-46.681,-41.681,390.5,440.5,6900.0
0.936,-47.37,-42.37,391.243,441.243,6900.0
0.9361,-47.794,-42.794,392.007,442.007,6900.0
0.9362,-48.252,-43.252,392.805,442.805,6900.0
0.9363,-48.477,-43.477,393.624,443.624,6900.0
0.9364,-48.804,-43.804,394.432,444.432,6900.0
0.9365,-49.046,-44.046,395.266,445.266,6900.0
0.9366,-49.19,-44.19,396.106,446.106,6900.0
0.9367,-49.673,-44.673,396.967,446.967,6900.0
0.9368,-49.584,-44.584,397.869,447.869,6900.0
0.9369,-49.725,-44.725,398.762,448.762,6900.0
0.937,-49.644,-44.644,399.683,449.683,6900.0
0.9371,-49.354,-44.354,400.594,450.594,6900.0
0.9372,-49.304,-44.304,401.487,451.487,6900.0
0.9373,-48.984,-43.984,402.383,452.383,6900.0
0.9374,-48.79,-43.79,403.246,453.246,6900.0
0.9375,-48.489,-43.489,404.104,454.104,6900.0
0.9376,-48.071,-43.071,404.93,454.93,6900.0
0.9377,-47.94,-42.94,405.71,455.71,6900.0
0.9378,-47.662,-42.662,406.483,456.483,6900.0
0.9379,-47.44,-42.44,407.235,457.235,6900.0
0.938,-47.005,-42.005,407.989,457.989,6900.0
0.9381,-46.339,-41.339,408.719,458.719,6900.0
0.9382,-45.763,-40.763,409.404,459.404,6900.0
0.9383,-45.195,-40.195,410.068,460.068,6900.0
0.9384,-44.663,-39.663,410.702,460.702,6900.0
0.9385,-43.945,-38.945,411.318,461.318,6900.0
0.9386,-43.099,-38.099,411.892,461.892,6900.0
0.9387,-42.223,-37.223,412.409,462.409,6900.0
0.9388,-41.377,-36.377,412.875,462.875,6900.0
0.9389,-40.614,-35.614,413.295,463.295,6900.0
0.939,-39.56,-34.56,413.676,463.676,6900.0
0.9391,-38.564,-33.564,414.01,464.01,6900.0
0.9392,-37.525,-32.525,414.299,464.299,6900.0
0.9393,-36.271,-31.271,414.545,464.545,6900.0
0.9394,-34.964,-29.964,414.736,464.736,6900.0
0.9395,-33.804,-28.804,414.872,464.872,6900.0
0.9396,-32.705,-27.705,414.967,464.967,6900.0
0.9397,-31.348,-26.348,415.032,465.032,6900.0
0.9398,-29.916,-24.916,415.052,465.052,6900.0
0.9399,-28.249,-23.249,415.009,465.009,6900.0
0.94,-26.851,-21.851,414.897,464.897,6900.0
0.9401,-25.537,-20.537,414.74,464.74,6900.0
0.9402,-24.36,-19.36,414.556,464.556,6900.0
0.9403,-22.679,-17.679,414.344,464.344,6900.0
0.9404,-20.843,-15.843,414.069,464.069,6900.0
0.9405,-19.726,-14.726,413.727,463.727,6900.0
0.9406,-18.372,-13.372,413.35,463.35,6900.0
0.9407,-17.438,-12.438,412.942,462.942,6900.0
0.9408,-15.95,-10.95,412.516,462.516,6900.0
0.9409,-14.347,-9.347,412.053,462.053,6900.0
0.941,-13.232,-8.232,411.553,461.553,6900.0
0.9411,-11.954,-6.954,411.033,461.033,6900.0
0.9412,-11.017,-6.017,410.492,460.492,6900.0
0.9413,-9.89,-4.89,409.936,459.936,6900.0
0.9414,-8.476,-3.476,409.361,459.361,6900.0
0.9415,-7.461,-2.461,408.762,458.762,6900.0
0.9416,-6.503,-1.503,408.148,458.148,6900.0
0.9417,-5.775,-0.775,407.52,457.52,6900.0
0.9418,-5.289,-0.289,406.881,456.881,6900.0
0.9419,-4.251,0.749,406.237,456.237,6900.0
0.942,-2.798,2.202,405.586,455.586,6900.0
0.9421,-0.0,5.0,404.933,454.933,6900.0
0.9422,-0.0,5.0,404.277,454.277,6900.0
0.9423,0.0,5.0,403.621,453.621,6900.0
0.9424,0.072,5.072,402.963,452.963,6900.0
0.9425,0.271,5.271,402.305,452.305,6900.0
0.9426,0.462,5.462,401.647,451.647,6900.0
0.9427,1.727,6.727,400.992,450.992,6900.0
0.9428,2.548,7.548,400.348,450.348,6900.0
0.9429,3.277,8.277,399.711,449.711,6900.0
0.943,4.591,9.591,399.081,449.081,6900.0
0.9431,5.882,10.882,398.469,448.469,6900.0
0.9432,7.371,12.371,397.879,447.879,6900.0
0.9433,8.389,13.389,397.318,447.318,6900.0
0.9434,9.055,14.055,396.773,446.773,6900.0
0.9435,10.276,15.276,396.235,446.235,6900.0
0.9436,11.58,16.58,395.719,445.719,6900.0
0.9437,13.053,18.053,395.237,445.237,6900.0
0.9438,14.331,19.331,394.799,444.799,6900.0
0.9439,15.196,20.196,394.395,444.395,6900.0
0.944,16.323,21.323,394.014,444.014,6900.0
0.9441,17.467,22.467,393.666,443.666,6900.0
0.9442,18.602,23.602,393.357,443.357,6900.0
0.9443,19.796,24.796,393.089,443.089,6900.0
0.9444,20.778,25.778,392.864,442.864,6900.0
0.9445,21.792,26.792,392.674,442.674,6900.0
0.9446,22.808,27.808,392.52,442.52,6900.0
0.9447,23.786,28.786,392.399,442.399,6900.0
0.9448,24.831,29.831,392.31,442.31,6900.0
0.9449,25.856,30.856,392.26,442.26,6900.0
0.945,26.974,31.974,392.258,442.258,6900.0
0.9451,27.767,32.767,392.303,442.303,6900.0
0.9452,28.559,33.559,392.379,442.379,6900.0
0.9453,29.492,34.492,392.484,442.484,6900.0
0.9454,30.238,35.238,392.636,442.636,6900.0
0.9455,31.302,36.302,392.835,442.835,6900.0
0.9456,31.956,36.956,393.088,443.088,6900.0
0.9457,32.486,37.486,393.365,443.365,6900.0
0.9458,33.283,38.283,393.657,443.657,6900.0
0.9459,33.735,38.735,393.984,443.984,6900.0
0.946,34.572,39.572,394.332,444.332,6900.0
0.9461,34.965,39.965,394.727,444.727,6900.0
0.9462,35.177,40.177,395.132,445.132,6900.0
0.9463,35.75,40.75,395.542,445.542,6900.0
0.9464,36.047,41.047,395.982,445.982,6900.0
0.9465,36.528,41.528,396.431,446.431,6900.0
0.9466,36.857,41.857,396.92,446.92,6900.0
0.9467,36.81,41.81,397.421,447.421,6900.0
0.9468,37.214,42.214,397.923,447.923,6900.0
0.9469,37.2,42.2,398.446,448.446,6900.0
0.947,37.218,42.218,398.958,448.958,6900.0
0.9471,37.297,42.297,399.482,449.482,6900.0
0.9472,37.06,42.06,400.001,450.001,6900.0
0.9473,37.082,42.082,400.511,450.511,6900.0
0.9474,36.844,41.844,401.018,451.018,6900.0
0.9475,36.733,41.733,401.496,451.496,6900.0
0.9476,36.725,41.725,401.966,451.966,6900.0
0.9477,36.359,41.359,402.428,452.428,6900.0
0.9478,36.401,41.401,402.879,452.879,6900.0
0.9479,35.897,40.897,403.331,453.331,6900.0
0.948,35.463,40.463,403.75,453.75,6900.0
0.9481,35.351,40.351,404.144,454.144,6900.0
0.9482,34.908,39.908,404.526,454.526,6900.0
0.9483,34.493,39.493,404.894,454.894,6900.0
0.9484,34.0,39.0,405.24,455.24,6900.0
0.9485,33.195,38.195,405.552,455.552,6900.0
0.9486,32.707,37.707,405.818,455.818,6900.0
0.9487,32.088,37.088,406.052,456.052,6900.0
0.9488,31.252,36.252,406.259,456.259,6900.0
0.9489,30.601,35.601,406.429,456.429,6900.0
0.949,29.683,34.683,406.567,456.567,6900.0
0.9491,28.606,33.606,406.665,456.665,6900.0
0.9492,27.635,32.635,406.719,456.719,6900.0
0.9493,26.635,31.635,406.729,456.729,6900.0
0.9494,25.5,30.5,406.702,456.702,6900.0
0.9495,24.35,29.35,406.638,456.638,6900.0
0.9496,23.07,28.07,406.54,456.54,6900.0
0.9497,21.659,26.659,406.394,456.394,6900.0
0.9498,20.303,25.303,406.189,456.189,6900.0
0.9499,19.192,24.192,405.939,455.939,6900.0
0.95,17.971,22.971,405.659,455.659,6900.0
0.9501,16.588,21.588,405.354,455.354,6900.0
0.9502,14.852,19.852,405.003,455.003,6900.0
0.9503,13.241,18.241,404.592,454.592,6900.0
0.9504,12.128,17.128,404.138,454.138,6900.0
0.9505,11.039,16.039,403.657,453.657,6900.0
0.9506,9.938,14.938,403.161,453.161,6900.0
0.9507,8.354,13.354,402.64,452.64,6900.0
0.9508,6.844,11.844,402.084,452.084,6900.0
0.9509,5.582,10.582,401.504,451.504,6900.0
0.951,4.46,9.46,400.902,450.902,6900.0
0.9511,3.257,8.257,400.287,450.287,6900.0
0.9512,1.678,6.678,399.653,449.653,6900.0
0.9513,0.298,5.298,398.999,448.999,6900.0
0.9514,0.045,5.045,398.337,448.337,6900.0
0.9515,-0.0,5.0,397.671,447.671,6900.0
0.9516,-0.0,5.0,397.005,447.005,6900.0
0.9517,-0.0,5.0,396.336,446.336,6900.0
0.9518,-0.0,5.0,395.666,445.666,6900.0
0.9519,-0.0,5.0,394.994,444.994,6900.0
0.952,-0.002,4.998,394.322,444.322,6900.0
0.9521,0.0,5.0,393.648,443.648,6900.0
0.9522,-2.629,2.371,392.973,442.973,6900.0
0.9523,-5.859,-0.859,392.297,442.297,6900.0
0.9524,-8.663,-3.663,391.628,441.628,6900.0
0.9525,-9.496,-4.496,390.977,440.977,6900.0
0.9526,-10.766,-5.766,390.341,440.341,6900.0
0.9527,-11.746,-6.746,389.725,439.725,6900.0
0.9528,-12.926,-7.926,389.122,439.122,6900.0
0.9529,-14.424,-9.424,388.541,438.541,6900.0
0.953,-15.675,-10.675,387.994,437.994,6900.0
0.9531,-17.241,-12.241,387.49,437.49,6900.0
0.9532,-18.229,-13.229,387.029,437.029,6900.0
0.9533,-19.117,-14.117,386.581,436.581,6900.0
0.9534,-20.422,-15.422,386.146,436.146,6900.0
0.9535,-22.019,-17.019,385.744,435.744,6900.0
0.9536,-23.664,-18.664,385.398,435.398,6900.0
0.9537,-24.649,-19.649,385.107,435.107,6900.0
0.9538,-25.71,-20.71,384.833,434.833,6900.0
0.9539,-27.09,-22.09,384.582,434.582,6900.0
0.954,-28.532,-23.532,384.376,434.376,6900.0
0.9541,-29.914,-24.914,384.231,434.231,6900.0
0.9542,-31.177,-26.177,384.149,434.149,6900.0
0.9543,-32.34,-27.34,384.125,434.125,6900.0
0.9544,-33.41,-28.41,384.156,434.156,6900.0
0.9545,-34.636,-29.636,384.238,434.238,6900.0
0.9546,-35.788,-30.788,384.375,434.375,6900.0
0.9547,-36.809,-31.809,384.566,434.566,6900.0
0.9548,-37.918,-32.918,384.804,434.804,6900.0
0.9549,-38.85,-33.85,385.093,435.093,6900.0
0.955,-39.763,-34.763,385.417,435.417,6900.0
0.9551,-40.776,-35.776,385.767,435.767,6900.0
0.9552,-41.786,-36.786,386.16,436.16,6900.0
0.9553,-42.882,-37.882,386.598,436.598,6900.0
0.9554,-43.882,-38.882,387.109,437.109,6900.0
0.9555,-44.477,-39.477,387.675,437.675,6900.0
0.9556,-45.23,-40.23,388.265,438.265,6900.0
0.9557,-46.202,-41.202,388.904,438.904,6900.0
0.9558,-46.999,-41.999,389.594,439.594,6900.0
0.9559,-47.662,-42.662,390.353,440.353,6900.0
0.956,-48.027,-43.027,391.151,441.151,6900.0
0.9561,-48.308,-43.308,391.949,441.949,6900.0
0.9562,-48.665,-43.665,392.766,442.766,6900.0
0.9563,-49.049,-44.049,393.585,443.585,6900.0
0.9564,-49.421,-44.421,394.432,444.432,6900.0
0.9565,-49.538,-44.538,395.297,445.297,6900.0
0.9566,-49.79,-44.79,396.147,446.147,6900.0
0.9567,-49.999,-44.999,397.023,447.023,6900.0
0.9568,-50.065,-45.065,397.904,447.904,6900.0
0.9569,-50.443,-45.443,398.798,448.798,6900.0
0.957,-50.192,-45.192,399.73,449.73,6900.0
0.9571,-50.144,-45.144,400.646,450.646,6900.0
0.9572,-49.929,-44.929,401.581,451.581,6900.0
0.9573,-49.517,-44.517,402.5,452.5,6900.0
0.9574,-49.474,-44.474,403.381,453.381,6900.0
0.9575,-49.111,-44.111,404.26,454.26,6900.0
0.9576,-48.95,-43.95,405.103,455.103,6900.0
0.9577,-48.58,-43.58,405.94,455.94,6900.0
0.9578,-48.088,-43.088,406.744,456.744,6900.0
0.9579,-47.834,-42.834,407.498,457.498,6900.0
0.958,-47.289,-42.289,408.246,458.246,6900.0
0.9581,-47.084,-42.084,408.963,458.963,6900.0
0.9582,-46.495,-41.495,409.684,459.684,6900.0
0.9583,-45.683,-40.683,410.378,460.378,6900.0
0.9584,-45.041,-40.041,411.021,461.021,6900.0
0.9585,-44.305,-39.305,411.634,461.634,6900.0
0.9586,-43.699,-38.699,412.209,462.209,6900.0
0.9587,-42.946,-37.946,412.753,462.753,6900.0
0.9588,-41.945,-36.945,413.254,463.254,6900.0
0.9589,-40.95,-35.95,413.697,463.697,6900.0
0.959,-39.932,-34.932,414.089,464.089,6900.0
0.9591,-38.962,-33.962,414.428,464.428,6900.0
0.9592,-37.816,-32.816,414.723,464.723,6900.0
0.9593,-36.841,-31.841,414.972,464.972,6900.0
0.9594,-35.526,-30.526,415.187,465.187,6900.0
0.9595,-34.247,-29.247,415.351,465.351,6900.0
0.9596,-32.833,-27.833,415.46,465.46,6900.0
0.9597,-31.429,-26.429,415.509,465.509,6900.0
0.9598,-30.308,-25.308,415.511,465.511,6900.0
0.9599,-28.968,-23.968,415.485,465.485,6900.0
0.96,-27.381,-22.381,415.419,465.419,6900.0
0.9601,-25.603,-20.603,415.281,465.281,6900.0
0.9602,-24.228,-19.228,415.073,465.073,6900.0
0.9603,-23.089,-18.089,414.82,464.82,6900.0
0.9604,-21.916,-16.916,414.547,464.547,6900.0
0.9605,-20.33,-15.33,414.253,464.253,6900.0
0.9606,-18.54,-13.54,413.907,463.907,6900.0
0.9607,-17.352,-12.352,413.508,463.508,6900.0
0.9608,-15.989,-10.989,413.078,463.078,6900.0
0.9609,-14.933,-9.933,412.619,462.619,6900.0
0.961,-13.636,-8.636,412.141,462.141,6900.0
0.9611,-12.062,-7.062,411.631,461.631,6900.0
0.9612,-10.944,-5.944,411.087,461.087,6900.0
0.9613,-9.845,-4.845,410.522,460.522,6900.0
0.9614,-8.795,-3.795,409.939,459.939,6900.0
0.9615,-7.631,-2.631,409.341,459.341,6900.0
0.9616,-6.601,-1.601,408.728,458.728,6900.0
0.9617,-5.94,-0.94,408.101,458.101,6900.0
0.9618,-5.646,-0.646,407.464,457.464,6900.0
0.9619,-5.198,-0.198,406.82,456.82,6900.0
0.962,-2.878,2.122,406.174,456.174,6900.0
0.9621,-0.847,4.153,405.521,455.521,6900.0
0.9622,-0.004,4.996,404.867,454.867,6900.0
0.9623,0.032,5.032,404.211,454.211,6900.0
0.9624,0.189,5.189,403.554,453.554,6900.0
0.9625,0.223,5.223,402.898,452.898,6900.0
0.9626,0.418,5.418,402.241,452.241,6900.0
0.9627,1.366,6.366,401.586,451.586,6900.0
0.9628,2.304,7.304,400.939,450.939,6900.0
0.9629,3.805,8.805,400.303,450.303,6900.0
0.963,4.698,9.698,399.685,449.685,6900.0
0.9631,5.505,10.505,399.077,449.077,6900.0
0.9632,6.872,11.872,398.477,448.477,6900.0
0.9633,8.292,13.292,397.897,447.897,6900.0
0.9634,9.779,14.779,397.343,447.343,6900.0
0.9635,10.947,15.947,396.826,446.826,6900.0
0.9636,11.605,16.605,396.332,446.332,6900.0
0.9637,12.753,17.753,395.848,445.848,6900.0
0.9638,14.045,19.045,395.391,445.391,6900.0
0.9639,15.487,20.487,394.972,444.972,6900.0
0.964,16.567,21.567,394.602,444.602,6900.0
0.9641,17.534,22.534,394.269,444.269,6900.0
0.9642,18.533,23.533,393.966,443.966,6900.0
0.9643,19.63,24.63,393.698,443.698,6900.0
0.9644,20.821,25.821,393.465,443.465,6900.0
0.9645,21.87,26.87,393.274,443.274,6900.0
0.9646,22.856,27.856,393.118,443.118,6900.0
0.9647,23.899,28.899,393.0,443.0,6900.0
0.9648,24.787,29.787,392.918,442.918,6900.0
0.9649,25.63,30.63,392.867,442.867,6900.0
0.965,26.798,31.798,392.844,442.844,6900.0
0.9651,27.748,32.748,392.868,442.868,6900.0
0.9652,28.854,33.854,392.944,442.944,6900.0
0.9653,29.704,34.704,393.073,443.073,6900.0
0.9654,30.403,35.403,393.238,443.238,6900.0
0.9655,31.338,36.338,393.43,443.43,6900.0
0.9656,31.925,36.925,393.668,443.668,6900.0
0.9657,32.844,37.844,393.945,443.945,6900.0
0.9658,33.358,38.358,394.27,444.27,6900.0
0.9659,33.811,38.811,394.61,444.61,6900.0
0.966,34.481,39.481,394.96,444.96,6900.0
0.9661,34.899,39.899,395.338,445.338,6900.0
0.9662,35.546,40.546,395.732,445.732,6900.0
0.9663,35.831,40.831,396.164,446.164,6900.0
0.9664,35.938,40.938,396.603,446.603,6900.0
0.9665,36.528,41.528,397.045,447.045,6900.0
0.9666,36.741,41.741,397.518,447.518,6900.0
0.9667,37.053,42.053,397.999,447.999,6900.0
0.9668,37.199,42.199,398.513,448.513,6900.0
0.9669,37.137,42.137,399.034,449.034,6900.0
0.967,37.328,42.328,399.558,449.558,6900.0
0.9671,37.242,42.242,400.092,450.092,6900.0
0.9672,37.039,42.039,400.606,450.606,6900.0
0.9673,37.043,42.043,401.117,451.117,6900.0
0.9674,36.897,41.897,401.614,451.614,6900.0
0.9675,36.898,41.898,402.105,452.105,6900.0
0.9676,36.678,41.678,402.589,452.589,6900.0
0.9677,36.363,41.363,403.043,453.043,6900.0
0.9678,36.369,41.369,403.482,453.482,6900.0
0.9679,35.944,40.944,403.914,453.914,6900.0
0.968,35.849,40.849,404.338,454.338,6900.0
0.9681,35.407,40.407,404.755,454.755,6900.0
0.9682,34.914,39.914,405.144,455.144,6900.0
0.9683,34.408,39.408,405.505,455.505,6900.0
0.9684,33.812,38.812,405.841,455.841,6900.0
0.9685,33.348,38.348,406.154,456.154,6900.0
0.9686,32.595,37.595,406.44,456.44,6900.0
0.9687,31.787,36.787,406.684,456.684,6900.0
0.9688,31.165,36.165,406.881,456.881,6900.0
0.9689,30.437,35.437,407.043,457.043,6900.0
0.969,29.604,34.604,407.169,457.169,6900.0
0.9691,28.733,33.733,407.261,457.261,6900.0
0.9692,27.739,32.739,407.318,457.318,6900.0
0.9693,26.621,31.621,407.339,457.339,6900.0
0.9694,25.422,30.422,407.318,457.318,6900.0
0.9695,24.323,29.323,407.246,457.246,6900.0
0.9696,23.172,28.172,407.134,457.134,6900.0
0.9697,22.049,27.049,406.989,456.989,6900.0
0.9698,20.754,25.754,406.814,456.814,6900.0
0.9699,19.042,24.042,406.591,456.591,6900.0
0.97,17.699,22.699,406.301,456.301,6900.0
0.9701,16.483,21.483,405.966,455.966,6900.0
0.9702,15.346,20.346,405.604,455.604,6900.0
0.9703,13.977,18.977,405.223,455.223,6900.0
0.9704,12.148,17.148,404.804,454.804,6900.0
0.9705,10.645,15.645,404.334,454.334,6900.0
0.9706,9.504,14.504,403.828,453.828,6900.0
0.9707,8.325,13.325,403.296,453.296,6900.0
0.9708,7.157,12.157,402.745,452.745,6900.0
0.9709,5.47,10.47,402.171,452.171,6900.0
0.971,4.132,9.132,401.567,451.567,6900.0
0.9711,3.091,8.091,400.945,450.945,6900.0
0.9712,1.922,6.922,400.307,450.307,6900.0
0.9713,0.777,5.777,399.658,449.658,6900.0
0.9714,0.046,5.046,398.998,448.998,6900.0
0.9715,-0.0,5.0,398.334,448.334,6900.0
0.9716,-0.0,5.0,397.669,447.669,6900.0
0.9717,-0.0,5.0,397.001,447.001,6900.0
0.9718,-0.0,5.0,396.332,446.332,6900.0
0.9719,-0.0,5.0,395.662,445.662,6900.0
0.972,-0.001,4.999,394.991,444.991,6900.0
0.9721,0.0,5.0,394.318,444.318,6900.0
0.9722,-2.795,2.205,393.644,443.644,6900.0
0.9723,-7.44,-2.44,392.969,442.969,6900.0
0.9724,-8.285,-3.285,392.317,442.317,6900.0
0.9725,-9.091,-4.091,391.668,441.668,6900.0
0.9726,-10.43,-5.43,391.027,441.027,6900.0
0.9727,-11.688,-6.688,390.402,440.402,6900.0
0.9728,-13.079,-8.079,389.803,439.803,6900.0
0.9729,-14.039,-9.039,389.233,439.233,6900.0
0.973,-15.216,-10.216,388.676,438.676,6900.0
0.9731,-16.781,-11.781,388.141,438.141,6900.0
0.9732,-18.118,-13.118,387.647,437.647,6900.0
0.9733,-19.669,-14.669,387.203,437.203,6900.0
0.9734,-20.58,-15.58,386.808,436.808,6900.0
0.9735,-21.402,-16.402,386.424,436.424,6900.0
0.9736,-22.935,-17.935,386.049,436.049,6900.0
0.9737,-24.491,-19.491,385.714,435.714,6900.0
0.9738,-25.999,-20.999,385.435,435.435,6900.0
0.9739,-27.095,-22.095,385.213,435.213,6900.0
0.974,-28.134,-23.134,385.027,435.027,6900.0
0.9741,-29.39,-24.39,384.875,434.875,6900.0
0.9742,-30.748,-25.748,384.773,434.773,6900.0
0.9743,-32.04,-27.04,384.733,434.733,6900.0
0.9744,-33.181,-28.181,384.757,434.757,6900.0
0.9745,-34.291,-29.291,384.838,434.838,6900.0
0.9746,-35.432,-30.432,384.97,434.97,6900.0
0.9747,-36.425,-31.425,385.154,435.154,6900.0
0.9748,-37.399,-32.399,385.374,435.374,6900.0
0.9749,-38.451,-33.451,385.636,435.636,6900.0
0.975,-39.668,-34.668,385.94,435.94,6900.0
0.9751,-40.641,-35.641,386.303,436.303,6900.0
0.9752,-41.543,-36.543,386.706,436.706,6900.0
0.9753,-42.339,-37.339,387.141,437.141,6900.0
0.9754,-43.428,-38.428,387.618,437.618,6900.0
0.9755,-44.45,-39.45,388.151,438.151,6900.0
0.9756,-45.268,-40.268,388.765,438.765,6900.0
0.9757,-45.83,-40.83,389.428,439.428,6900.0
0.9758,-46.313,-41.313,390.112,440.112,6900.0
0.9759,-47.029,-42.029,390.83,440.83,6900.0
0.976,-47.547,-42.547,391.578,441.578,6900.0
0.9761,-48.22,-43.22,392.371,442.371,6900.0
0.9762,-48.397,-43.397,393.197,443.197,6900.0
0.9763,-48.6,-43.6,394.008,444.008,6900.0
0.9764,-49.003,-44.003,394.835,444.835,6900.0
0.9765,-49.275,-44.275,395.666,445.666,6900.0
0.9766,-49.581,-44.581,396.522,446.522,6900.0
0.9767,-49.57,-44.57,397.402,447.402,6900.0
0.9768,-49.805,-44.805,398.271,448.271,6900.0
0.9769,-49.844,-44.844,399.174,449.174,6900.0
0.977,-49.71,-44.71,400.075,450.075,6900.0
0.9771,-49.905,-44.905,400.973,450.973,6900.0
0.9772,-49.532,-44.532,401.894,451.894,6900.0
0.9773,-49.408,-44.408,402.789,452.789,6900.0
0.9774,-49.122,-44.122,403.689,453.689,6900.0
0.9775,-48.687,-43.687,404.561,454.561,6900.0
0.9776,-48.435,-43.435,405.39,455.39,6900.0
0.9777,-48.056,-43.056,406.204,456.204,6900.0
0.9778,-47.927,-42.927,406.982,456.982,6900.0
0.9779,-47.473,-42.473,407.76,457.76,6900.0
0.978,-46.882,-41.882,408.504,458.504,6900.0
0.9781,-46.455,-41.455,409.203,459.203,6900.0
0.9782,-45.962,-40.962,409.887,459.887,6900.0
0.9783,-45.526,-40.526,410.549,460.549,6900.0
0.9784,-44.925,-39.925,411.201,461.201,6900.0
0.9785,-44.153,-39.153,411.823,461.823,6900.0
0.9786,-43.218,-38.218,412.397,462.397,6900.0
0.9787,-42.544,-37.544,412.922,462.922,6900.0
0.9788,-41.725,-36.725,413.405,463.405,6900.0
0.9789,-40.846,-35.846,413.849,463.849,6900.0
0.979,-39.691,-34.691,414.247,464.247,6900.0
0.9791,-38.703,-33.703,414.588,464.588,6900.0
0.9792,-37.475,-32.475,414.88,464.88,6900.0
0.9793,-36.345,-31.345,415.116,465.116,6900.0
0.9794,-35.244,-30.244,415.302,465.302,6900.0
0.9795,-34.04,-29.04,415.447,465.447,6900.0
0.9796,-32.893,-27.893,415.558,465.558,6900.0
0.9797,-31.553,-26.553,415.629,465.629,6900.0
0.9798,-29.824,-24.824,415.642,465.642,6900.0
0.9799,-28.539,-23.539,415.586,465.586,6900.0
0.98,-27.288,-22.288,415.489,465.489,6900.0
0.9801,-26.087,-21.087,415.364,465.364,6900.0
0.9802,-24.378,-19.378,415.206,465.206,6900.0
0.9803,-22.434,-17.434,414.978,464.978,6900.0
0.9804,-21.214,-16.214,414.675,464.675,6900.0
0.9805,-20.01,-15.01,414.332,464.332,6900.0
0.9806,-18.916,-13.916,413.965,463.965,6900.0
0.9807,-17.573,-12.573,413.579,463.579,6900.0
0.9808,-15.872,-10.872,413.156,463.156,6900.0
0.9809,-14.723,-9.723,412.692,462.692,6900.0
0.981,-13.467,-8.467,412.206,462.206,6900.0
0.9811,-12.519,-7.519,411.696,461.696,6900.0
0.9812,-11.082,-6.082,411.173,461.173,6900.0
0.9813,-9.671,-4.671,410.621,460.621,6900.0
0.9814,-8.606,-3.606,410.042,460.042,6900.0
0.9815,-7.523,-2.523,409.445,459.445,6900.0
0.9816,-6.66,-1.66,408.83,458.83,6900.0
0.9817,-5.826,-0.826,408.203,458.203,6900.0
0.9818,-5.283,-0.283,407.566,457.566,6900.0
0.9819,-4.385,0.615,406.922,456.922,6900.0
0.982,-4.237,0.763,406.27,456.27,6900.0
0.9821,-2.789,2.211,405.616,455.616,6900.0
0.9822,-0.0,5.0,404.964,454.964,6900.0
0.9823,0.0,5.0,404.308,454.308,6900.0
0.9824,0.151,5.151,403.651,453.651,6900.0
0.9825,0.205,5.205,402.994,452.994,6900.0
0.9826,0.722,5.722,402.337,452.337,6900.0
0.9827,1.426,6.426,401.684,451.684,6900.0
0.9828,2.136,7.136,401.037,451.037,6900.0
0.9829,3.428,8.428,400.397,450.397,6900.0
0.983,4.582,9.582,399.772,449.772,6900.0
0.9831,6.037,11.037,399.163,449.163,6900.0
0.9832,7.082,12.082,398.58,448.58,6900.0
0.9833,7.7,12.7,398.011,448.011,6900.0
0.9834,8.871,13.871,397.449,447.449,6900.0
0.9835,10.388,15.388,396.907,446.907,6900.0
0.9836,11.763,16.763,396.398,446.398,6900.0
0.9837,12.958,17.958,395.931,445.931,6900.0
0.9838,13.835,18.835,395.493,445.493,6900.0
0.9839,14.856,19.856,395.072,445.072,6900.0
0.984,16.0,21.0,394.678,444.678,6900.0
0.9841,17.331,22.331,394.32,444.32,6900.0
0.9842,18.407,23.407,394.008,444.008,6900.0
0.9843,19.451,24.451,393.733,443.733,6900.0
0.9844,20.516,25.516,393.492,443.492,6900.0
0.9845,21.456,26.456,393.288,443.288,6900.0
0.9846,22.555,27.555,393.119,443.119,6900.0
0.9847,23.621,28.621,392.988,442.988,6900.0
0.9848,24.603,29.603,392.9,442.9,6900.0
0.9849,25.538,30.538,392.857,442.857,6900.0
0.985,26.401,31.401,392.854,442.854,6900.0
0.9851,27.193,32.193,392.883,442.883,6900.0
0.9852,28.287,33.287,392.937,442.937,6900.0
0.9853,29.08,34.08,393.036,443.036,6900.0
0.9854,30.169,35.169,393.177,443.177,6900.0
0.9855,30.853,35.853,393.37,443.37,6900.0
0.9856,31.508,36.508,393.587,443.587,6900.0
0.9857,32.302,37.302,393.826,443.826,6900.0
0.9858,32.92,37.92,394.105,444.105,6900.0
0.9859,33.898,38.898,394.42,444.42,6900.0
0.986,34.429,39.429,394.791,444.791,6900.0
0.9861,34.706,39.706,395.18,445.18,6900.0
0.9862,35.236,40.236,395.58,445.58,6900.0
0.9863,35.455,40.455,396.004,446.004,6900.0
0.9864,35.958,40.958,396.436,446.436,6900.0
0.9865,36.2,41.2,396.902,446.902,6900.0
0.9866,36.278,41.278,397.372,447.372,6900.0
0.9867,36.664,41.664,397.842,447.842,6900.0
0.9868,36.88,41.88,398.328,448.328,6900.0
0.9869,36.962,41.962,398.814,448.814,6900.0
0.987,37.067,42.067,399.32,449.32,6900.0
0.9871,37.003,42.003,399.827,449.827,6900.0
0.9872,37.034,42.034,400.338,450.338,6900.0
0.9873,36.838,41.838,400.855,450.855,6900.0
0.9874,36.708,41.708,401.35,451.35,6900.0
0.9875,36.713,41.713,401.84,451.84,6900.0
0.9876,36.468,41.468,402.32,452.32,6900.0
0.9877,36.416,41.416,402.789,452.789,6900.0
0.9878,36.08,41.08,403.251,453.251,6900.0
0.9879,35.555,40.555,403.679,453.679,6900.0
0.988,35.417,40.417,404.079,454.079,6900.0
0.9881,35.024,40.024,404.465,454.465,6900.0
0.9882,34.915,39.915,404.838,454.838,6900.0
0.9883,34.429,39.429,405.202,455.202,6900.0
0.9884,33.668,38.668,405.537,455.537,6900.0
0.9885,33.217,38.217,405.833,455.833,6900.0
0.9886,32.604,37.604,406.104,456.104,6900.0
0.9887,32.037,37.037,406.35,456.35,6900.0
0.9888,31.22,36.22,406.569,456.569,6900.0
0.9889,30.347,35.347,406.748,456.748,6900.0
0.989,29.46,34.46,406.883,456.883,6900.0
0.9891,28.46,33.46,406.977,456.977,6900.0
0.9892,27.484,32.484,407.028,457.028,6900.0
0.9893,26.5,31.5,407.038,457.038,6900.0
0.9894,25.527,30.527,407.012,457.012,6900.0
0.9895,24.259,29.259,406.953,456.953,6900.0
0.9896,22.962,27.962,406.847,456.847,6900.0
0.9897,21.643,26.643,406.686,456.686,6900.0
0.9898,20.564,25.564,406.48,456.48,6900.0
0.9899,19.405,24.405,406.245,456.245,6900.0
0.99,18.02,23.02,405.983,455.983,6900.0
0.9901,16.263,21.263,405.676,455.676,6900.0
0.9902,14.82,19.82,405.306,455.306,6900.0
0.9903,13.739,18.739,404.895,454.895,6900.0
0.9904,12.676,17.676,404.458,454.458,6900.0
0.9905,11.34,16.34,404.005,454.005,6900.0
0.9906,9.674,14.674,403.521,453.521,6900.0
0.9907,8.036,13.036,402.994,452.994,6900.0
0.9908,6.768,11.768,402.437,452.437,6900.0
0.9909,5.592,10.592,401.855,451.855,6900.0
0.991,4.601,9.601,401.258,451.258,6900.0
0.9911,3.164,8.164,400.643,450.643,6900.0
0.9912,1.713,6.713,400.006,450.006,6900.0
0.9913,0.641,5.641,399.355,449.355,6900.0
0.9914,0.122,5.122,398.693,448.693,6900.0
0.9915,0.0,5.0,398.029,448.029,6900.0
0.9916,-0.0,5.0,397.363,447.363,6900.0
0.9917,-0.0,5.0,396.695,446.695,6900.0
0.9918,-0.0,5.0,396.025,446.025,6900.0
0.9919,-0.0,5.0,395.355,445.355,6900.0
0.992,-0.001,4.999,394.683,444.683,6900.0
0.9921,0.0,5.0,394.01,444.01,6900.0
0.9922,-1.894,3.106,393.335,443.335,6900.0
0.9923,-5.375,-0.375,392.66,442.66,6900.0
0.9924,-8.489,-3.489,391.991,441.991,6900.0
0.9925,-9.401,-4.401,391.346,441.346,6900.0
0.9926,-10.297,-5.297,390.713,440.713,6900.0
0.9927,-11.343,-6.343,390.088,440.088,6900.0
0.9928,-12.878,-7.878,389.481,439.481,6900.0
0.9929,-14.233,-9.233,388.901,438.901,6900.0
0.993,-15.592,-10.592,388.359,438.359,6900.0
0.9931,-16.57,-11.57,387.853,437.853,6900.0
0.9932,-17.608,-12.608,387.36,437.36,6900.0
0.9933,-19.027,-14.027,386.886,436.886,6900.0
0.9934,-20.604,-15.604,386.448,436.448,6900.0
0.9935,-22.201,-17.201,386.063,436.063,6900.0
0.9936,-23.049,-18.049,385.73,435.73,6900.0
0.9937,-24.087,-19.087,385.408,435.408,6900.0
0.9938,-25.339,-20.339,385.106,435.106,6900.0
0.9939,-26.876,-21.876,384.844,434.844,6900.0
0.994,-28.391,-23.391,384.643,434.643,6900.0
0.9941,-29.539,-24.539,384.508,434.508,6900.0
0.9942,-30.757,-25.757,384.422,434.422,6900.0
0.9943,-31.927,-26.927,384.387,434.387,6900.0
0.9944,-33.165,-28.165,384.405,434.405,6900.0
0.9945,-34.245,-29.245,384.481,434.481,6900.0
0.9946,-35.343,-30.343,384.609,434.609,6900.0
0.9947,-36.456,-31.456,384.786,434.786,6900.0
0.9948,-37.538,-32.538,385.011,435.011,6900.0
0.9949,-38.37,-33.37,385.279,435.279,6900.0
0.995,-39.294,-34.294,385.574,435.574,6900.0
0.9951,-40.392,-35.392,385.906,435.906,6900.0
0.9952,-41.6,-36.6,386.285,436.285,6900.0
0.9953,-42.448,-37.448,386.737,436.737,6900.0
0.9954,-43.355,-38.355,387.234,437.234,6900.0
0.9955,-44.154,-39.154,387.767,437.767,6900.0
0.9956,-45.07,-40.07,388.351,438.351,6900.0
0.9957,-45.819,-40.819,388.988,438.988,6900.0
0.9958,-46.568,-41.568,389.695,439.695,6900.0
0.9959,-46.962,-41.962,390.446,440.446,6900.0
0.996,-47.381,-42.381,391.201,441.201,6900.0
0.9961,-47.957,-42.957,391.979,441.979,6900.0
0.9962,-48.346,-43.346,392.771,442.771,6900.0
0.9963,-48.974,-43.974,393.59,443.59,6900.0
0.9964,-49.136,-44.136,394.435,444.435,6900.0
0.9965,-49.358,-44.358,395.268,445.268,6900.0
0.9966,-49.627,-44.627,396.121,446.121,6900.0
0.9967,-49.606,-44.606,396.983,446.983,6900.0
0.9968,-50.038,-45.038,397.859,447.859,6900.0
0.9969,-49.884,-44.884,398.772,448.772,6900.0
0.997,-49.955,-44.955,399.675,449.675,6900.0
0.9971,-49.787,-44.787,400.603,450.603,6900.0
0.9972,-49.545,-44.545,401.518,451.518,6900.0
0.9973,-49.448,-44.448,402.412,452.412,6900.0
0.9974,-49.055,-44.055,403.307,453.307,6900.0
0.9975,-48.942,-43.942,404.166,454.166,6900.0
0.9976,-48.512,-43.512,405.025,455.025,6900.0
0.9977,-48.098,-43.098,405.844,455.844,6900.0
0.9978,-47.885,-42.885,406.616,456.616,6900.0
0.9979,-47.426,-42.426,407.378,457.378,6900.0
0.998,-47.125,-42.125,408.109,458.109,6900.0
0.9981,-46.705,-41.705,408.838,458.838,6900.0
0.9982,-46.188,-41.188,409.541,459.541,6900.0
0.9983,-45.575,-40.575,410.206,460.206,6900.0
0.9984,-44.984,-39.984,410.848,460.848,6900.0
0.9985,-44.305,-39.305,411.463,461.463,6900.0
0.9986,-43.479,-38.479,412.055,462.055,6900.0
0.9987,-42.572,-37.572,412.603,462.603,6900.0
0.9988,-41.652,-36.652,413.095,463.095,6900.0
0.9989,-40.849,-35.849,413.533,463.533,6900.0
0.999,-39.824,-34.824,413.924,463.924,6900.0
0.9991,-38.871,-33.871,414.265,464.265,6900.0
0.9992,-37.876,-32.876,414.56,464.56,6900.0
0.9993,-36.641,-31.641,414.814,464.814,6900.0
0.9994,-35.53,-30.53,415.016,465.016,6900.0
0.9995,-34.156,-29.156,415.17,465.17,6900.0
0.9996,-32.92,-27.92,415.268,465.268,6900.0
0.9997,-31.808,-26.808,415.325,465.325,6900.0
0.9998,-30.536,-25.536,415.354,465.354,6900.0
0.9999,-28.885,-23.885,415.344,465.344,6900.0
1.0,-27.022,-22.022,415.264,465.264,6900.0
1.0001,-24.383,-24.383,415.123,415.123,6900.0
1.0002,-22.2,-22.2,414.908,414.908,6900.0
1.0003,-20.619,-20.619,414.653,414.653,6900.0
1.0004,-18.698,-18.698,414.365,414.365,6900.0
1.0005,-16.967,-16.967,414.016,414.016,6900.0
1.0006,-15.775,-15.775,413.611,413.611,6900.0
1.0007,-14.432,-14.432,413.173,413.173,6900.0
1.0008,-13.447,-13.447,412.706,412.706,6900.0
1.0009,-11.853,-11.853,412.22,412.22,6900.0
1.001,-10.332,-10.332,411.699,411.699,6900.0
1.0011,-9.322,-9.322,411.148,411.148,6900.0
1.0012,-7.984,-7.984,410.581,410.581,6900.0
1.0013,-6.804,-6.804,409.996,409.996,6900.0
1.0014,-5.345,-5.345,409.397,409.397,6900.0
1.0015,-3.819,-3.819,408.781,408.781,6900.0
1.0016,-2.658,-2.658,408.151,408.151,6900.0
1.0017,-1.644,-1.644,407.51,407.51,6900.0
1.0018,-0.799,-0.799,406.862,406.862,6900.0
1.0019,-1.283,-1.283,406.21,406.21,6900.0
1.002,0.0,0.0,405.557,405.557,6900.0
1.0021,-0.0,-0.0,404.902,404.902,6900.0
1.0022,2.939,2.939,404.245,404.245,6900.0
1.0023,2.819,2.819,403.596,403.596,6900.0
1.0024,3.548,3.548,402.949,402.949,6900.0
1.0025,4.54,4.54,402.306,402.306,6900.0
1.0026,5.88,5.88,401.667,401.667,6900.0
1.0027,7.06,7.06,401.041,401.041,6900.0
1.0028,8.506,8.506,400.426,400.426,6900.0
1.0029,9.749,9.749,399.833,399.833,6900.0
1.003,10.781,10.781,399.254,399.254,6900.0
1.0031,12.185,12.185,398.687,398.687,6900.0
1.0032,13.713,13.713,398.147,398.147,6900.0
1.0033,15.215,15.215,397.645,397.645,6900.0
1.0034,16.418,16.418,397.193,397.193,6900.0
1.0035,17.016,17.016,396.771,396.771,6900.0
1.0036,18.335,18.335,396.357,396.357,6900.0
1.0037,19.808,19.808,395.973,395.973,6900.0
1.0038,21.199,21.199,395.634,395.634,6900.0
1.0039,22.374,22.374,395.347,395.347,6900.0
1.004,23.396,23.396,395.098,395.098,6900.0
1.0041,24.426,24.426,394.874,394.874,6900.0
1.0042,25.815,25.815,394.68,394.68,6900.0
1.0043,27.141,27.141,394.534,394.534,6900.0
1.0044,28.228,28.228,394.443,394.443,6900.0
1.0045,29.401,29.401,394.399,394.399,6900.0
1.0046,30.412,30.412,394.408,394.408,6900.0
1.0047,31.407,31.407,394.466,394.466,6900.0
1.0048,32.484,32.484,394.566,394.566,6900.0
1.0049,33.634,33.634,394.706,394.706,6900.0
1.005,34.605,34.605,394.897,394.897,6900.0
1.0051,35.734,35.734,395.139,395.139,6900.0
1.0052,36.562,36.562,395.428,395.428,6900.0
1.0053,37.333,37.333,395.748,395.748,6900.0
1.0054,38.472,38.472,396.088,396.088,6900.0
1.0055,39.291,39.291,396.479,396.479,6900.0
1.0056,40.463,40.463,396.917,396.917,6900.0
1.0057,41.135,41.135,397.419,397.419,6900.0
1.0058,41.71,41.71,397.947,397.947,6900.0
1.0059,42.607,42.607,398.497,398.497,6900.0
1.006,43.127,43.127,399.097,399.097,6900.0
1.0061,43.929,43.929,399.728,399.728,6900.0
1.0062,44.371,44.371,400.418,400.418,6900.0
1.0063,44.576,44.576,401.121,401.121,6900.0
1.0064,45.172,45.172,401.826,401.826,6900.0
1.0065,45.352,45.352,402.558,402.558,6900.0
1.0066,45.601,45.601,403.286,403.286,6900.0
1.0067,45.812,45.812,404.039,404.039,6900.0
1.0068,45.772,45.772,404.79,404.79,6900.0
1.0069,46.067,46.067,405.537,405.537,6900.0
1.007,46.104,46.104,406.3,406.3,6900.0
1.0071,46.228,46.228,407.052,407.052,6900.0
1.0072,46.25,46.25,407.825,407.825,6900.0
1.0073,45.935,45.935,408.601,408.601,6900.0
1.0074,45.887,45.887,409.372,409.372,6900.0
1.0075,45.501,45.501,410.146,410.146,6900.0
1.0076,45.198,45.198,410.885,410.885,6900.0
1.0077,45.068,45.068,411.608,411.608,6900.0
1.0078,44.685,44.685,412.309,412.309,6900.0
1.0079,44.476,44.476,412.991,412.991,6900.0
1.008,43.962,43.962,413.655,413.655,6900.0
1.0081,43.358,43.358,414.274,414.274,6900.0
1.0082,42.982,42.982,414.855,414.855,6900.0
1.0083,42.543,42.543,415.413,415.413,6900.0
1.0084,41.969,41.969,415.959,415.959,6900.0
1.0085,41.187,41.187,416.484,416.484,6900.0
1.0086,40.41,40.41,416.967,416.967,6900.0
1.0087,39.759,39.759,417.408,417.408,6900.0
1.0088,38.874,38.874,417.818,417.818,6900.0
1.0089,37.889,37.889,418.193,418.193,6900.0
1.009,36.853,36.853,418.525,418.525,6900.0
1.0091,35.757,35.757,418.809,418.809,6900.0
1.0092,34.603,34.603,419.043,419.043,6900.0
1.0093,33.573,33.573,419.221,419.221,6900.0
1.0094,32.347,32.347,419.346,419.346,6900.0
1.0095,31.119,31.119,419.422,419.422,6900.0
1.0096,29.823,29.823,419.458,419.458,6900.0
1.0097,28.506,28.506,419.459,419.459,6900.0
1.0098,26.911,26.911,419.412,419.412,6900.0
1.0099,25.436,25.436,419.302,419.302,6900.0
1.01,24.115,24.115,419.144,419.144,6900.0
1.0101,22.887,22.887,418.954,418.954,6900.0
1.0102,21.44,21.44,418.744,418.744,6900.0
1.0103,19.544,19.544,418.486,418.486,6900.0
1.0104,17.79,17.79,418.156,418.156,6900.0
1.0105,16.589,16.589,417.775,417.775,6900.0
1.0106,15.442,15.442,417.361,417.361,6900.0
1.0107,14.142,14.142,416.929,416.929,6900.0
1.0108,12.357,12.357,416.469,416.469,6900.0
1.0109,10.825,10.825,415.969,415.969,6900.0
1.011,9.787,9.787,415.443,415.443,6900.0
1.0111,8.52,8.52,414.898,414.898,6900.0
1.0112,7.185,7.185,414.337,414.337,6900.0
1.0113,5.742,5.742,413.757,413.757,6900.0
1.0114,4.485,4.485,413.156,413.156,6900.0
1.0115,3.331,3.331,412.54,412.54,6900.0
1.0116,2.161,2.161,411.911,411.911,6900.0
1.0117,1.186,1.186,411.274,411.274,6900.0
1.0118,0.641,0.641,410.63,410.63,6900.0
1.0119,0.907,0.907,409.984,409.984,6900.0
1.012,-0.059,-0.059,409.336,409.336,6900.0
1.0121,0.0,0.0,408.687,408.687,6900.0
1.0122,-1.758,-1.758,408.038,408.038,6900.0
1.0123,-2.227,-2.227,407.391,407.391,6900.0
1.0124,-3.096,-3.096,406.746,406.746,6900.0
1.0125,-4.171,-4.171,406.104,406.104,6900.0
1.0126,-5.314,-5.314,405.469,405.469,6900.0
1.0127,-6.577,-6.577,404.845,404.845,6900.0
1.0128,-7.662,-7.662,404.236,404.236,6900.0
1.0129,-8.71,-8.71,403.636,403.636,6900.0
1.013,-10.184,-10.184,403.052,403.052,6900.0
1.0131,-11.605,-11.605,402.493,402.493,6900.0
1.0132,-12.979,-12.979,401.971,401.971,6900.0
1.0133,-13.917,-13.917,401.483,401.483,6900.0
1.0134,-14.792,-14.792,401.007,401.007,6900.0
1.0135,-16.106,-16.106,400.546,400.546,6900.0
1.0136,-17.508,-17.508,400.118,400.118,6900.0
1.0137,-19.069,-19.069,399.738,399.738,6900.0
1.0138,-20.067,-20.067,399.406,399.406,6900.0
1.0139,-20.819,-20.819,399.096,399.096,6900.0
1.014,-22.108,-22.108,398.803,398.803,6900.0
1.0141,-23.393,-23.393,398.547,398.547,6900.0
1.0142,-24.722,-24.722,398.337,398.337,6900.0
1.0143,-25.754,-25.754,398.179,398.179,6900.0
1.0144,-26.878,-26.878,398.064,398.064,6900.0
1.0145,-27.99,-27.99,397.992,397.992,6900.0
1.0146,-29.129,-29.129,397.966,397.966,6900.0
1.0147,-30.105,-30.105,397.987,397.987,6900.0
1.0148,-30.979,-30.979,398.054,398.054,6900.0
1.0149,-32.002,-32.002,398.164,398.164,6900.0
1.015,-32.982,-32.982,398.323,398.323,6900.0
1.0151,-33.673,-33.673,398.523,398.523,6900.0
1.0152,-34.443,-34.443,398.745,398.745,6900.0
1.0153,-35.475,-35.475,398.998,398.998,6900.0
1.0154,-36.405,-36.405,399.292,399.292,6900.0
1.0155,-37.274,-37.274,399.639,399.639,6900.0
1.0156,-37.874,-37.874,400.025,400.025,6900.0
1.0157,-38.561,-38.561,400.43,400.43,6900.0
1.0158,-39.303,-39.303,400.874,400.874,6900.0
1.0159,-40.054,-40.054,401.354,401.354,6900.0
1.016,-40.651,-40.651,401.893,401.893,6900.0
1.0161,-40.919,-40.919,402.469,402.469,6900.0
1.0162,-41.135,-41.135,403.047,403.047,6900.0
1.0163,-41.526,-41.526,403.647,403.647,6900.0
1.0164,-41.616,-41.616,404.257,404.257,6900.0
1.0165,-42.072,-42.072,404.88,404.88,6900.0
1.0166,-42.138,-42.138,405.523,405.523,6900.0
1.0167,-42.238,-42.238,406.154,406.154,6900.0
1.0168,-42.417,-42.417,406.795,406.795,6900.0
1.0169,-42.268,-42.268,407.44,407.44,6900.0
1.017,-42.522,-42.522,408.08,408.08,6900.0
1.0171,-42.295,-42.295,408.742,408.742,6900.0
1.0172,-42.244,-42.244,409.392,409.392,6900.0
1.0173,-42.184,-42.184,410.055,410.055,6900.0
1.0174,-41.715,-41.715,410.711,410.711,6900.0
1.0175,-41.6,-41.6,411.338,411.338,6900.0
1.0176,-41.178,-41.178,411.963,411.963,6900.0
1.0177,-41.045,-41.045,412.561,412.561,6900.0
1.0178,-40.679,-40.679,413.155,413.155,6900.0
1.0179,-40.188,-40.188,413.72,413.72,6900.0
1.018,-39.838,-39.838,414.241,414.241,6900.0
1.0181,-39.478,-39.478,414.743,414.743,6900.0
1.0182,-39.169,-39.169,415.22,415.22,6900.0
1.0183,-38.572,-38.572,415.691,415.691,6900.0
1.0184,-37.821,-37.821,416.132,416.132,6900.0
1.0185,-37.205,-37.205,416.529,416.529,6900.0
1.0186,-36.565,-36.565,416.899,416.899,6900.0
1.0187,-35.896,-35.896,417.241,417.241,6900.0
1.0188,-35.09,-35.09,417.56,417.56,6900.0
1.0189,-34.156,-34.156,417.841,417.841,6900.0
1.019,-33.138,-33.138,418.078,418.078,6900.0
1.0191,-32.279,-32.279,418.266,418.266,6900.0
1.0192,-31.181,-31.181,418.411,418.411,6900.0
1.0193,-30.211,-30.211,418.508,418.508,6900.0
1.0194,-29.043,-29.043,418.566,418.566,6900.0
1.0195,-27.927,-27.927,418.584,418.584,6900.0
1.0196,-26.557,-26.557,418.56,418.56,6900.0
1.0197,-25.242,-25.242,418.482,418.482,6900.0
1.0198,-23.853,-23.853,418.354,418.354,6900.0
1.0199,-22.832,-22.832,418.184,418.184,6900.0
1.02,-21.618,-21.618,417.993,417.993,6900.0
1.0201,-19.867,-19.867,417.771,417.771,6900.0
1.0202,-18.135,-18.135,417.487,417.487,6900.0
1.0203,-17.016,-17.016,417.144,417.144,6900.0
1.0204,-15.76,-15.76,416.769,416.769,6900.0
1.0205,-14.679,-14.679,416.372,416.372,6900.0
1.0206,-13.124,-13.124,415.954,415.954,6900.0
1.0207,-11.535,-11.535,415.496,415.496,6900.0
1.0208,-10.494,-10.494,414.998,414.998,6900.0
1.0209,-9.137,-9.137,414.478,414.478,6900.0
1.021,-8.247,-8.247,413.934,413.934,6900.0
1.0211,-6.881,-6.881,413.376,413.376,6900.0
1.0212,-5.47,-5.47,412.795,412.795,6900.0
1.0213,-4.544,-4.544,412.192,412.192,6900.0
1.0214,-3.454,-3.454,411.577,411.577,6900.0
1.0215,-2.554,-2.554,410.95,410.95,6900.0
1.0216,-1.663,-1.663,410.315,410.315,6900.0
1.0217,-0.921,-0.921,409.673,409.673,6900.0
1.0218,-0.404,-0.404,409.026,409.026,6900.0
1.0219,-1.156,-1.156,408.377,408.377,6900.0
1.022,0.0,0.0,407.727,407.727,6900.0
1.0221,-0.0,-0.0,407.076,407.076,6900.0
1.0222,1.973,1.973,406.423,406.423,6900.0
1.0223,2.17,2.17,405.773,405.773,6900.0
1.0224,2.844,2.844,405.124,405.124,6900.0
1.0225,3.791,3.791,404.48,404.48,6900.0
1.0226,4.666,4.666,403.845,403.845,6900.0
1.0227,5.327,5.327,403.217,403.217,6900.0
1.0228,6.59,6.59,402.595,402.595,6900.0
1.0229,7.527,7.527,401.99,401.99,6900.0
1.023,8.87,8.87,401.402,401.402,6900.0
1.0231,9.894,9.894,400.839,400.839,6900.0
1.0232,10.66,10.66,400.293,400.293,6900.0
1.0233,11.803,11.803,399.754,399.754,6900.0
1.0234,13.155,13.155,399.238,399.238,6900.0
1.0235,14.463,14.463,398.757,398.757,6900.0
1.0236,15.535,15.535,398.322,398.322,6900.0
1.0237,16.103,16.103,397.914,397.914,6900.0
1.0238,17.28,17.28,397.515,397.515,6900.0
1.0239,18.36,18.36,397.145,397.145,6900.0
1.024,19.744,19.744,396.812,396.812,6900.0
1.0241,20.738,20.738,396.53,396.53,6900.0
1.0242,21.519,21.519,396.284,396.284,6900.0
1.0243,22.43,22.43,396.065,396.065,6900.0
1.0244,23.391,23.391,395.881,395.881,6900.0
1.0245,24.492,24.492,395.735,395.735,6900.0
1.0246,25.435,25.435,395.632,395.632,6900.0
1.0247,26.36,26.36,395.569,395.569,6900.0
1.0248,27.306,27.306,395.548,395.548,6900.0
1.0249,28.151,28.151,395.568,395.568,6900.0
1.025,29.025,29.025,395.621,395.621,6900.0
1.0251,29.83,29.83,395.704,395.704,6900.0
1.0252,30.742,30.742,395.826,395.826,6900.0
1.0253,31.663,31.663,395.996,395.996,6900.0
1.0254,32.332,32.332,396.211,396.211,6900.0
1.0255,32.925,32.925,396.452,396.452,6900.0
1.0256,33.822,33.822,396.713,396.713,6900.0
1.0257,34.332,34.332,397.019,397.019,6900.0
1.0258,35.151,35.151,397.359,397.359,6900.0
1.0259,35.644,35.644,397.75,397.75,6900.0
1.026,35.931,35.931,398.159,398.159,6900.0
1.0261,36.552,36.552,398.577,398.577,6900.0
1.0262,36.785,36.785,399.027,399.027,6900.0
1.0263,37.328,37.328,399.49,399.49,6900.0
1.0264,37.579,37.579,399.991,399.991,6900.0
1.0265,37.576,37.576,400.496,400.496,6900.0
1.0266,38.027,38.027,400.998,400.998,6900.0
1.0267,38.16,38.16,401.519,401.519,6900.0
1.0268,38.331,38.331,402.037,402.037,6900.0
1.0269,38.469,38.469,402.579,402.579,6900.0
1.027,38.241,38.241,403.125,403.125,6900.0
1.0271,38.509,38.509,403.663,403.663,6900.0
1.0272,38.208,38.208,404.217,404.217,6900.0
1.0273,38.112,38.112,404.746,404.746,6900.0
1.0274,38.075,38.075,405.28,405.28,6900.0
1.0275,37.799,37.799,405.805,405.805,6900.0
1.0276,37.72,37.72,406.322,406.322,6900.0
1.0277,37.329,37.329,406.835,406.835,6900.0
1.0278,36.863,36.863,407.312,407.312,6900.0
1.0279,36.875,36.875,407.763,407.763,6900.0
1.028,36.542,36.542,408.201,408.201,6900.0
1.0281,36.366,36.366,408.626,408.626,6900.0
1.0282,35.871,35.871,409.039,409.039,6900.0
1.0283,35.281,35.281,409.417,409.417,6900.0
1.0284,34.885,34.885,409.763,409.763,6900.0
1.0285,34.381,34.381,410.084,410.084,6900.0
1.0286,33.955,33.955,410.388,410.388,6900.0
1.0287,33.162,33.162,410.671,410.671,6900.0
1.0288,32.394,32.394,410.916,410.916,6900.0
1.0289,31.533,31.533,411.122,411.122,6900.0
1.029,30.783,30.783,411.289,411.289,6900.0
1.0291,29.952,29.952,411.42,411.42,6900.0
1.0292,28.987,28.987,411.515,411.515,6900.0
1.0293,28.096,28.096,411.57,411.57,6900.0
1.0294,26.973,26.973,411.588,411.588,6900.0
1.0295,25.795,25.795,411.559,411.559,6900.0
1.0296,24.749,24.749,411.476,411.476,6900.0
1.0297,23.614,23.614,411.353,411.353,6900.0
1.0298,22.534,22.534,411.197,411.197,6900.0
1.0299,21.296,21.296,411.017,411.017,6900.0
1.03,19.814,19.814,410.791,410.791,6900.0
1.0301,18.398,18.398,410.506,410.506,6900.0
1.0302,17.307,17.307,410.178,410.178,6900.0
1.0303,16.247,16.247,409.826,409.826,6900.0
1.0304,15.053,15.053,409.46,409.46,6900.0
1.0305,13.421,13.421,409.058,409.058,6900.0
1.0306,11.962,11.962,408.605,408.605,6900.0
1.0307,10.813,10.813,408.116,408.116,6900.0
1.0308,9.826,9.826,407.597,407.597,6900.0
1.0309,8.861,8.861,407.062,407.062,6900.0
1.031,7.415,7.415,406.506,406.506,6900.0
1.0311,6.303,6.303,405.921,405.921,6900.0
1.0312,5.36,5.36,405.32,405.32,6900.0
1.0313,4.421,4.421,404.703,404.703,6900.0
1.0314,3.469,3.469,404.078,404.078,6900.0
1.0315,2.49,2.49,403.441,403.441,6900.0
1.0316,1.561,1.561,402.795,402.795,6900.0
1.0317,0.827,0.827,402.141,402.141,6900.0
1.0318,0.286,0.286,401.483,401.483,6900.0
1.0319,-0.0,-0.0,400.822,400.822,6900.0
1.032,-0.0,-0.0,400.159,400.159,6900.0
1.0321,0.0,0.0,399.495,399.495,6900.0
1.0322,-2.448,-2.448,398.83,398.83,6900.0
1.0323,-2.15,-2.15,398.17,398.17,6900.0
1.0324,-2.816,-2.816,397.511,397.511,6900.0
1.0325,-3.494,-3.494,396.858,396.858,6900.0
1.0326,-4.219,-4.219,396.207,396.207,6900.0
1.0327,-5.334,-5.334,395.564,395.564,6900.0
1.0328,-6.395,-6.395,394.93,394.93,6900.0
1.0329,-7.736,-7.736,394.312,394.312,6900.0
1.033,-8.485,-8.485,393.713,393.713,6900.0
1.0331,-9.514,-9.514,393.121,393.121,6900.0
1.0332,-10.877,-10.877,392.545,392.545,6900.0
1.0333,-12.061,-12.061,391.998,391.998,6900.0
1.0334,-13.544,-13.544,391.488,391.488,6900.0
1.0335,-14.313,-14.313,391.019,391.019,6900.0
1.0336,-15.027,-15.027,390.562,390.562,6900.0
1.0337,-16.157,-16.157,390.12,390.12,6900.0
1.0338,-17.563,-17.563,389.71,389.71,6900.0
1.0339,-18.858,-18.858,389.347,389.347,6900.0
1.034,-19.767,-19.767,389.03,389.03,6900.0
1.0341,-20.595,-20.595,388.74,388.74,6900.0
1.0342,-21.775,-21.775,388.475,388.475,6900.0
1.0343,-22.877,-22.877,388.251,388.251,6900.0
1.0344,-23.922,-23.922,388.07,388.07,6900.0
1.0345,-25.015,-25.015,387.933,387.933,6900.0
1.0346,-25.902,-25.902,387.841,387.841,6900.0
1.0347,-26.934,-26.934,387.789,387.789,6900.0
1.0348,-27.88,-27.88,387.779,387.779,6900.0
1.0349,-28.765,-28.765,387.806,387.806,6900.0
1.035,-29.854,-29.854,387.872,387.872,6900.0
1.0351,-30.894,-30.894,387.982,387.982,6900.0
1.0352,-31.796,-31.796,388.147,388.147,6900.0
1.0353,-32.434,-32.434,388.35,388.35,6900.0
1.0354,-33.103,-33.103,388.573,388.573,6900.0
1.0355,-34.052,-34.052,388.83,388.83,6900.0
1.0356,-34.96,-34.96,389.128,389.128,6900.0
1.0357,-35.651,-35.651,389.485,389.485,6900.0
1.0358,-36.107,-36.107,389.875,389.875,6900.0
1.0359,-36.685,-36.685,390.277,390.277,6900.0
1.036,-37.473,-37.473,390.712,390.712,6900.0
1.0361,-37.973,-37.973,391.178,391.178,6900.0
1.0362,-38.49,-38.49,391.689,391.689,6900.0
1.0363,-38.637,-38.637,392.227,392.227,6900.0
1.0364,-38.883,-38.883,392.762,392.762,6900.0
1.0365,-39.249,-39.249,393.315,393.315,6900.0
1.0366,-39.389,-39.389,393.876,393.876,6900.0
1.0367,-39.794,-39.794,394.451,394.451,6900.0
1.0368,-39.906,-39.906,395.045,395.045,6900.0
1.0369,-40.058,-40.058,395.634,395.634,6900.0
1.037,-40.108,-40.108,396.239,396.239,6900.0
1.0371,-40.093,-40.093,396.839,396.839,6900.0
1.0372,-40.36,-40.36,397.434,397.434,6900.0
1.0373,-40.176,-40.176,398.047,398.047,6900.0
1.0374,-40.145,-40.145,398.645,398.645,6900.0
1.0375,-39.937,-39.937,399.255,399.255,6900.0
1.0376,-39.638,-39.638,399.844,399.844,6900.0
1.0377,-39.638,-39.638,400.402,400.402,6900.0
1.0378,-39.336,-39.336,400.96,400.96,6900.0
1.0379,-39.133,-39.133,401.493,401.493,6900.0
1.038,-38.826,-38.826,402.021,402.021,6900.0
1.0381,-38.306,-38.306,402.525,402.525,6900.0
1.0382,-37.916,-37.916,402.983,402.983,6900.0
1.0383,-37.508,-37.508,403.423,403.423,6900.0
1.0384,-37.176,-37.176,403.838,403.838,6900.0
1.0385,-36.628,-36.628,404.242,404.242,6900.0
1.0386,-35.963,-35.963,404.615,404.615,6900.0
1.0387,-35.154,-35.154,404.947,404.947,6900.0
1.0388,-34.544,-34.544,405.24,405.24,6900.0
1.0389,-33.813,-33.813,405.503,405.503,6900.0
1.039,-33.022,-33.022,405.734,405.734,6900.0
1.0391,-32.177,-32.177,405.929,405.929,6900.0
1.0392,-31.116,-31.116,406.083,406.083,6900.0
1.0393,-30.125,-30.125,406.189,406.189,6900.0
1.0394,-29.03,-29.03,406.247,406.247,6900.0
1.0395,-27.855,-27.855,406.255,406.255,6900.0
1.0396,-26.86,-26.86,406.219,406.219,6900.0
1.0397,-25.779,-25.779,406.154,406.154,6900.0
1.0398,-24.209,-24.209,406.051,406.051,6900.0
1.0399,-22.685,-22.685,405.89,405.89,6900.0
1.04,-21.681,-21.681,405.672,405.672,6900.0
1.0401,-20.607,-20.607,405.423,405.423,6900.0
1.0402,-19.423,-19.423,405.152,405.152,6900.0
1.0403,-17.755,-17.755,404.853,404.853,6900.0
1.0404,-15.919,-15.919,404.495,404.495,6900.0
1.0405,-14.787,-14.787,404.077,404.077,6900.0
1.0406,-13.533,-13.533,403.625,403.625,6900.0
1.0407,-12.613,-12.613,403.148,403.148,6900.0
1.0408,-11.201,-11.201,402.655,402.655,6900.0
1.0409,-9.587,-9.587,402.128,402.128,6900.0
1.041,-8.64,-8.64,401.568,401.568,6900.0
1.0411,-7.561,-7.561,400.993,400.993,6900.0
1.0412,-6.58,-6.58,400.401,400.401,6900.0
1.0413,-5.18,-5.18,399.795,399.795,6900.0
1.0414,-3.935,-3.935,399.17,399.17,6900.0
1.0415,-2.963,-2.963,398.529,398.529,6900.0
1.0416,-1.859,-1.859,397.877,397.877,6900.0
1.0417,-1.124,-1.124,397.216,397.216,6900.0
1.0418,-0.46,-0.46,396.55,396.55,6900.0
1.0419,-0.114,-0.114,395.88,395.88,6900.0
1.042,0.005,0.005,395.209,395.209,6900.0
1.0421,-0.0,-0.0,394.537,394.537,6900.0
1.0422,2.813,2.813,393.864,393.864,6900.0
1.0423,2.164,2.164,393.196,393.196,6900.0
1.0424,2.916,2.916,392.528,392.528,6900.0
1.0425,3.922,3.922,391.862,391.862,6900.0
1.0426,4.949,4.949,391.202,391.202,6900.0
1.0427,6.278,6.278,390.552,390.552,6900.0
1.0428,7.325,7.325,389.918,389.918,6900.0
1.0429,8.332,8.332,389.297,389.297,6900.0
1.043,9.582,9.582,388.687,388.687,6900.0
1.0431,10.98,10.98,388.1,388.1,6900.0
1.0432,12.476,12.476,387.543,387.543,6900.0
1.0433,13.637,13.637,387.028,387.028,6900.0
1.0434,14.383,14.383,386.537,386.537,6900.0
1.0435,15.664,15.664,386.053,386.053,6900.0
1.0436,17.01,17.01,385.598,385.598,6900.0
1.0437,18.491,18.491,385.184,385.184,6900.0
1.0438,19.628,19.628,384.825,384.825,6900.0
1.0439,20.676,20.676,384.501,384.501,6900.0
1.044,21.741,21.741,384.197,384.197,6900.0
1.0441,23.121,23.121,383.923,383.923,6900.0
1.0442,24.425,24.425,383.696,383.696,6900.0
1.0443,25.618,25.618,383.524,383.524,6900.0
1.0444,26.709,26.709,383.4,383.4,6900.0
1.0445,27.842,27.842,383.321,383.321,6900.0
1.0446,28.962,28.962,383.288,383.288,6900.0
1.0447,29.969,29.969,383.303,383.303,6900.0
1.0448,31.091,31.091,383.36,383.36,6900.0
1.0449,32.225,32.225,383.466,383.466,6900.0
1.045,33.231,33.231,383.627,383.627,6900.0
1.0451,34.117,34.117,383.836,383.836,6900.0
1.0452,34.977,34.977,384.078,384.078,6900.0
1.0453,36.021,36.021,384.348,384.348,6900.0
1.0454,36.889,36.889,384.666,384.666,6900.0
1.0455,38.003,38.003,385.034,385.034,6900.0
1.0456,38.881,38.881,385.458,385.458,6900.0
1.0457,39.537,39.537,385.917,385.917,6900.0
1.0458,40.263,40.263,386.399,386.399,6900.0
1.0459,40.814,40.814,386.925,386.925,6900.0
1.046,41.661,41.661,387.488,387.488,6900.0
1.0461,42.201,42.201,388.11,388.11,6900.0
1.0462,42.585,42.585,388.749,388.749,6900.0
1.0463,43.121,43.121,389.401,389.401,6900.0
1.0464,43.394,43.394,390.078,390.078,6900.0
1.0465,43.856,43.856,390.761,390.761,6900.0
1.0466,44.165,44.165,391.482,391.482,6900.0
1.0467,44.103,44.103,392.207,392.207,6900.0
1.0468,44.48,44.48,392.926,392.926,6900.0
1.0469,44.484,44.484,393.664,393.664,6900.0
1.047,44.558,44.558,394.392,394.392,6900.0
1.0471,44.757,44.757,395.139,395.139,6900.0
1.0472,44.541,44.541,395.89,395.89,6900.0
1.0473,44.633,44.633,396.636,396.636,6900.0
1.0474,44.385,44.385,397.39,397.39,6900.0
1.0475,44.097,44.097,398.115,398.115,6900.0
1.0476,44.012,44.012,398.827,398.827,6900.0
1.0477,43.637,43.637,399.525,399.525,6900.0
1.0478,43.603,43.603,400.207,400.207,6900.0
1.0479,43.083,43.083,400.882,400.882,6900.0
1.048,42.559,42.559,401.514,401.514,6900.0
1.0481,42.361,42.361,402.111,402.111,6900.0
1.0482,41.858,41.858,402.69,402.69,6900.0
1.0483,41.539,41.539,403.25,403.25,6900.0
1.0484,40.911,40.911,403.794,403.794,6900.0
1.0485,40.065,40.065,404.3,404.3,6900.0
1.0486,39.461,39.461,404.758,404.758,6900.0
1.0487,38.783,38.783,405.185,405.185,6900.0
1.0488,38.093,38.093,405.583,405.583,6900.0
1.0489,37.136,37.136,405.948,405.948,6900.0
1.049,36.273,36.273,406.266,406.266,6900.0
1.0491,35.266,35.266,406.538,406.538,6900.0
1.0492,34.126,34.126,406.764,406.764,6900.0
1.0493,33.112,33.112,406.936,406.936,6900.0
1.0494,32.025,32.025,407.064,407.064,6900.0
1.0495,30.904,30.904,407.152,407.152,6900.0
1.0496,29.629,29.629,407.201,407.201,6900.0
1.0497,28.094,28.094,407.198,407.198,6900.0
1.0498,26.795,26.795,407.128,407.128,6900.0
1.0499,25.485,25.485,407.011,407.011,6900.0
1.05,24.295,24.295,406.858,406.858,6900.0
1.0501,22.741,22.741,406.681,406.681,6900.0
1.0502,20.99,20.99,406.453,406.453,6900.0
1.0503,19.335,19.335,406.154,406.154,6900.0
1.0504,18.173,18.173,405.803,405.803,6900.0
1.0505,17.084,17.084,405.424,405.424,6900.0
1.0506,15.705,15.705,405.031,405.031,6900.0
1.0507,13.99,13.99,404.603,404.603,6900.0
1.0508,12.308,12.308,404.127,404.127,6900.0
1.0509,11.162,11.162,403.616,403.616,6900.0
1.051,9.903,9.903,403.079,403.079,6900.0
1.0511,8.762,8.762,402.525,402.525,6900.0
1.0512,7.225,7.225,401.949,401.949,6900.0
1.0513,5.876,5.876,401.346,401.346,6900.0
1.0514,4.728,4.728,400.725,400.725,6900.0
1.0515,3.639,3.639,400.089,400.089,6900.0
1.0516,2.658,2.658,399.442,399.442,6900.0
1.0517,1.569,1.569,398.786,398.786,6900.0
1.0518,0.682,0.682,398.124,398.124,6900.0
1.0519,0.186,0.186,397.457,397.457,6900.0
1.052,-0.0,-0.0,396.789,396.789,6900.0
1.0521,0.0,0.0,396.119,396.119,6900.0
1.0522,-1.901,-1.901,395.448,395.448,6900.0
1.0523,-2.232,-2.232,394.78,394.78,6900.0
1.0524,-3.216,-3.216,394.113,394.113,6900.0
1.0525,-4.284,-4.284,393.451,393.451,6900.0
1.0526,-5.454,-5.454,392.799,392.799,6900.0
1.0527,-6.41,-6.41,392.16,392.16,6900.0
1.0528,-7.54,-7.54,391.528,391.528,6900.0
1.0529,-9.099,-9.099,390.91,390.91,6900.0
1.053,-10.416,-10.416,390.313,390.313,6900.0
1.0531,-11.923,-11.923,389.746,389.746,6900.0
1.0532,-12.925,-12.925,389.209,389.209,6900.0
1.0533,-13.96,-13.96,388.683,388.683,6900.0
1.0534,-15.494,-15.494,388.175,388.175,6900.0
1.0535,-17.115,-17.115,387.702,387.702,6900.0
1.0536,-18.791,-18.791,387.283,387.283,6900.0
1.0537,-19.949,-19.949,386.916,386.916,6900.0
1.0538,-20.767,-20.767,386.574,386.574,6900.0
1.0539,-22.154,-22.154,386.251,386.251,6900.0
1.054,-23.642,-23.642,385.97,385.97,6900.0
1.0541,-24.975,-24.975,385.743,385.743,6900.0
1.0542,-26.197,-26.197,385.567,385.567,6900.0
1.0543,-27.246,-27.246,385.434,385.434,6900.0
1.0544,-28.504,-28.504,385.339,385.339,6900.0
1.0545,-29.659,-29.659,385.292,385.292,6900.0
1.0546,-30.852,-30.852,385.293,385.293,6900.0
1.0547,-32.114,-32.114,385.346,385.346,6900.0
1.0548,-33.291,-33.291,385.457,385.457,6900.0
1.0549,-34.291,-34.291,385.623,385.623,6900.0
1.055,-35.346,-35.346,385.832,385.832,6900.0
1.0551,-36.191,-36.191,386.08,386.08,6900.0
1.0552,-37.391,-37.391,386.365,386.365,6900.0
1.0553,-38.386,-38.386,386.703,386.703,6900.0
1.0554,-39.258,-39.258,387.101,387.101,6900.0
1.0555,-40.126,-40.126,387.538,387.538,6900.0
1.0556,-40.889,-40.889,388.002,388.002,6900.0
1.0557,-41.886,-41.886,388.506,388.506,6900.0
1.0558,-42.704,-42.704,389.053,389.053,6900.0
1.0559,-43.443,-43.443,389.663,389.663,6900.0
1.056,-43.829,-43.829,390.315,390.315,6900.0
1.0561,-44.334,-44.334,390.973,390.973,6900.0
1.0562,-44.955,-44.955,391.662,391.662,6900.0
1.0563,-45.332,-45.332,392.374,392.374,6900.0
1.0564,-45.858,-45.858,393.122,393.122,6900.0
1.0565,-45.919,-45.919,393.896,393.896,6900.0
1.0566,-46.131,-46.131,394.658,394.658,6900.0
1.0567,-46.268,-46.268,395.438,395.438,6900.0
1.0568,-46.41,-46.41,396.213,396.213,6900.0
1.0569,-46.641,-46.641,396.999,396.999,6900.0
1.057,-46.64,-46.64,397.803,397.803,6900.0
1.0571,-46.587,-46.587,398.598,398.598,6900.0
1.0572,-46.649,-46.649,399.406,399.406,6900.0
1.0573,-46.257,-46.257,400.209,400.209,6900.0
1.0574,-46.375,-46.375,400.985,400.985,6900.0
1.0575,-46.017,-46.017,401.774,401.774,6900.0
1.0576,-45.829,-45.829,402.536,402.536,6900.0
1.0577,-45.538,-45.538,403.299,403.299,6900.0
1.0578,-45.084,-45.084,404.033,404.033,6900.0
1.0579,-44.674,-44.674,404.727,404.727,6900.0
1.058,-44.206,-44.206,405.4,405.4,6900.0
1.0581,-43.956,-43.956,406.042,406.042,6900.0
1.0582,-43.389,-43.389,406.678,406.678,6900.0
1.0583,-42.69,-42.69,407.281,407.281,6900.0
1.0584,-42.183,-42.183,407.832,407.832,6900.0
1.0585,-41.539,-41.539,408.36,408.36,6900.0
1.0586,-40.985,-40.985,408.855,408.855,6900.0
1.0587,-40.191,-40.191,409.329,409.329,6900.0
1.0588,-39.23,-39.23,409.764,409.764,6900.0
1.0589,-38.312,-38.312,410.148,410.148,6900.0
1.059,-37.433,-37.433,410.487,410.487,6900.0
1.0591,-36.379,-36.379,410.785,410.785,6900.0
1.0592,-35.269,-35.269,411.038,411.038,6900.0
1.0593,-34.014,-34.014,411.247,411.247,6900.0
1.0594,-32.893,-32.893,411.407,411.407,6900.0
1.0595,-31.548,-31.548,411.518,411.518,6900.0
1.0596,-30.281,-30.281,411.57,411.57,6900.0
1.0597,-28.922,-28.922,411.567,411.567,6900.0
1.0598,-27.753,-27.753,411.517,411.517,6900.0
1.0599,-26.286,-26.286,411.438,411.438,6900.0
1.06,-24.637,-24.637,411.317,411.317,6900.0
1.0601,-22.826,-22.826,411.133,411.133,6900.0
1.0602,-21.557,-21.557,410.884,410.884,6900.0
1.0603,-20.312,-20.312,410.6,410.6,6900.0
1.0604,-19.12,-19.12,410.293,410.293,6900.0
1.0605,-17.342,-17.342,409.966,409.966,6900.0
1.0606,-15.459,-15.459,409.583,409.583,6900.0
1.0607,-14.167,-14.167,409.144,409.144,6900.0
1.0608,-12.653,-12.653,408.673,408.673,6900.0
1.0609,-11.681,-11.681,408.17,408.17,6900.0
1.061,-10.113,-10.113,407.649,407.649,6900.0
1.0611,-8.615,-8.615,407.096,407.096,6900.0
1.0612,-7.424,-7.424,406.515,406.515,6900.0
1.0613,-6.209,-6.209,405.918,405.918,6900.0
1.0614,-5.122,-5.122,405.305,405.305,6900.0
1.0615,-3.86,-3.86,404.681,404.681,6900.0
1.0616,-2.599,-2.599,404.045,404.045,6900.0
1.0617,-1.605,-1.605,403.397,403.397,6900.0
1.0618,-0.669,-0.669,402.743,402.743,6900.0
1.0619,-0.224,-0.224,402.084,402.084,6900.0
1.062,0.0,0.0,401.423,401.423,6900.0
1.0621,-0.0,-0.0,400.762,400.762,6900.0
1.0622,1.877,1.877,400.099,400.099,6900.0
1.0623,2.321,2.321,399.439,399.439,6900.0
1.0624,3.369,3.369,398.781,398.781,6900.0
1.0625,4.17,4.17,398.132,398.132,6900.0
1.0626,5.085,5.085,397.488,397.488,6900.0
1.0627,6.29,6.29,396.85,396.85,6900.0
1.0628,7.535,7.535,396.225,396.225,6900.0
1.0629,9.123,9.123,395.614,395.614,6900.0
1.063,10.268,10.268,395.029,395.029,6900.0
1.0631,11.132,11.132,394.459,394.459,6900.0
1.0632,12.659,12.659,393.898,393.898,6900.0
1.0633,14.184,14.184,393.367,393.367,6900.0
1.0634,15.718,15.718,392.874,392.874,6900.0
1.0635,17.017,17.017,392.434,392.434,6900.0
1.0636,17.872,17.872,392.025,392.025,6900.0
1.0637,19.197,19.197,391.627,391.627,6900.0
1.0638,20.603,20.603,391.261,391.261,6900.0
1.0639,22.03,22.03,390.942,390.942,6900.0
1.064,23.262,23.262,390.678,390.678,6900.0
1.0641,24.243,24.243,390.458,390.458,6900.0
1.0642,25.466,25.466,390.265,390.265,6900.0
1.0643,26.794,26.794,390.111,390.111,6900.0
1.0644,27.999,27.999,390.006,390.006,6900.0
1.0645,29.286,29.286,389.951,389.951,6900.0
1.0646,30.343,30.343,389.951,389.951,6900.0
1.0647,31.483,31.483,390.0,390.0,6900.0
1.0648,32.452,32.452,390.098,390.098,6900.0
1.0649,33.455,33.455,390.236,390.236,6900.0
1.065,34.495,34.495,390.412,390.412,6900.0
1.0651,35.532,35.532,390.633,390.633,6900.0
1.0652,36.538,36.538,390.911,390.911,6900.0
1.0653,37.422,37.422,391.239,391.239,6900.0
1.0654,38.194,38.194,391.6,391.6,6900.0
1.0655,39.126,39.126,391.986,391.986,6900.0
1.0656,39.894,39.894,392.421,392.421,6900.0
1.0657,40.844,40.844,392.903,392.903,6900.0
1.0658,41.427,41.427,393.442,393.442,6900.0
1.0659,42.002,42.002,394.004,394.004,6900.0
1.066,42.681,42.681,394.583,394.583,6900.0
1.0661,43.114,43.114,395.202,395.202,6900.0
1.0662,43.91,43.91,395.843,395.843,6900.0
1.0663,44.131,44.131,396.538,396.538,6900.0
1.0664,44.167,44.167,397.239,397.239,6900.0
1.0665,44.639,44.639,397.937,397.937,6900.0
1.0666,44.781,44.781,398.657,398.657,6900.0
1.0667,44.98,44.98,399.378,399.378,6900.0
1.0668,45.034,45.034,400.127,400.127,6900.0
1.0669,44.968,44.968,400.875,400.875,6900.0
1.067,45.267,45.267,401.618,401.618,6900.0
1.0671,45.182,45.182,402.377,402.377,6900.0
1.0672,44.981,44.981,403.119,403.119,6900.0
1.0673,44.974,44.974,403.866,403.866,6900.0
1.0674,44.567,44.567,404.607,404.607,6900.0
1.0675,44.511,44.511,405.333,405.333,6900.0
1.0676,44.212,44.212,406.056,406.056,6900.0
1.0677,43.738,43.738,406.747,406.747,6900.0
1.0678,43.569,43.569,407.412,407.412,6900.0
1.0679,43.087,43.087,408.06,408.06,6900.0
1.068,42.927,42.927,408.689,408.689,6900.0
1.0681,42.351,42.351,409.308,409.308,6900.0
1.0682,41.8,41.8,409.884,409.884,6900.0
1.0683,41.372,41.372,410.427,410.427,6900.0
1.0684,40.667,40.667,410.946,410.946,6900.0
1.0685,40.239,40.239,411.438,411.438,6900.0
1.0686,39.366,39.366,411.91,411.91,6900.0
1.0687,38.5,38.5,412.337,412.337,6900.0
1.0688,37.681,37.681,412.715,412.715,6900.0
1.0689,36.832,36.832,413.054,413.054,6900.0
1.069,35.897,35.897,413.356,413.356,6900.0
1.0691,34.934,34.934,413.616,413.616,6900.0
1.0692,33.798,33.798,413.836,413.836,6900.0
1.0693,32.625,32.625,414.008,414.008,6900.0
1.0694,31.323,31.323,414.129,414.129,6900.0
1.0695,30.268,30.268,414.192,414.192,6900.0
1.0696,29.067,29.067,414.211,414.211,6900.0
1.0697,27.966,27.966,414.192,414.192,6900.0
1.0698,26.456,26.456,414.143,414.143,6900.0
1.0699,24.859,24.859,414.041,414.041,6900.0
1.07,23.274,23.274,413.874,413.874,6900.0
1.0701,22.02,22.02,413.658,413.658,6900.0
1.0702,20.892,20.892,413.41,413.41,6900.0
1.0703,19.411,19.411,413.143,413.143,6900.0
1.0704,17.542,17.542,412.832,412.832,6900.0
1.0705,15.865,15.865,412.454,412.454,6900.0
1.0706,14.592,14.592,412.03,412.03,6900.0
1.0707,13.516,13.516,411.574,411.574,6900.0
1.0708,12.359,12.359,411.101,411.101,6900.0
1.0709,10.695,10.695,410.602,410.602,6900.0
1.071,9.38,9.38,410.067,410.067,6900.0
1.0711,8.127,8.127,409.511,409.511,6900.0
1.0712,7.041,7.041,408.934,408.934,6900.0
1.0713,5.835,5.835,408.345,408.345,6900.0
1.0714,4.459,4.459,407.74,407.74,6900.0
1.0715,3.121,3.121,407.117,407.117,6900.0
1.0716,2.252,2.252,406.481,406.481,6900.0
1.0717,1.243,1.243,405.835,405.835,6900.0
1.0718,0.666,0.666,405.183,405.183,6900.0
1.0719,1.168,1.168,404.528,404.528,6900.0
1.072,-0.0,-0.0,403.872,403.872,6900.0
1.0721,0.0,0.0,403.214,403.214,6900.0
1.0722,-2.306,-2.306,402.556,402.556,6900.0
1.0723,-2.211,-2.211,401.901,401.901,6900.0
1.0724,-2.903,-2.903,401.248,401.248,6900.0
1.0725,-3.805,-3.805,400.597,400.597,6900.0
1.0726,-4.915,-4.915,399.951,399.951,6900.0
1.0727,-5.972,-5.972,399.314,399.314,6900.0
1.0728,-7.313,-7.313,398.69,398.69,6900.0
1.0729,-8.379,-8.379,398.083,398.083,6900.0
1.073,-9.372,-9.372,397.488,397.488,6900.0
1.0731,-10.872,-10.872,396.908,396.908,6900.0
1.0732,-12.122,-12.122,396.357,396.357,6900.0
1.0733,-13.679,-13.679,395.842,395.842,6900.0
1.0734,-14.545,-14.545,395.367,395.367,6900.0
1.0735,-15.456,-15.456,394.903,394.903,6900.0
1.0736,-16.777,-16.777,394.456,394.456,6900.0
1.0737,-18.32,-18.32,394.042,394.042,6900.0
1.0738,-19.608,-19.608,393.681,393.681,6900.0
1.0739,-20.675,-20.675,393.364,393.364,6900.0
1.074,-21.585,-21.585,393.072,393.072,6900.0
1.0741,-22.745,-22.745,392.803,392.803,6900.0
1.0742,-24.013,-24.013,392.571,392.571,6900.0
1.0743,-25.192,-25.192,392.389,392.389,6900.0
1.0744,-26.22,-26.22,392.255,392.255,6900.0
1.0745,-27.38,-27.38,392.165,392.165,6900.0
1.0746,-28.502,-28.502,392.122,392.122,6900.0
1.0747,-29.553,-29.553,392.126,392.126,6900.0
1.0748,-30.558,-30.558,392.173,392.173,6900.0
1.0749,-31.541,-31.541,392.265,392.265,6900.0
1.075,-32.541,-32.541,392.401,392.401,6900.0
1.0751,-33.447,-33.447,392.587,392.587,6900.0
1.0752,-34.162,-34.162,392.812,392.812,6900.0
1.0753,-35.067,-35.067,393.06,393.06,6900.0
1.0754,-36.023,-36.023,393.346,393.346,6900.0
1.0755,-36.945,-36.945,393.672,393.672,6900.0
1.0756,-37.763,-37.763,394.057,394.057,6900.0
1.0757,-38.259,-38.259,394.481,394.481,6900.0
1.0758,-38.803,-38.803,394.921,394.921,6900.0
1.0759,-39.607,-39.607,395.393,395.393,6900.0
1.076,-40.176,-40.176,395.902,395.902,6900.0
1.0761,-40.875,-40.875,396.461,396.461,6900.0
1.0762,-41.119,-41.119,397.058,397.058,6900.0
1.0763,-41.368,-41.368,397.654,397.654,6900.0
1.0764,-41.676,-41.676,398.269,398.269,6900.0
1.0765,-41.932,-41.932,398.89,398.89,6900.0
1.0766,-42.404,-42.404,399.529,399.529,6900.0
1.0767,-42.333,-42.333,400.194,400.194,6900.0
1.0768,-42.618,-42.618,400.841,400.841,6900.0
1.0769,-42.6,-42.6,401.51,401.51,6900.0
1.077,-42.594,-42.594,402.172,402.172,6900.0
1.0771,-42.714,-42.714,402.835,402.835,6900.0
1.0772,-42.643,-42.643,403.515,403.515,6900.0
1.0773,-42.443,-42.443,404.185,404.185,6900.0
1.0774,-42.349,-42.349,404.862,404.862,6900.0
1.0775,-42.043,-42.043,405.526,405.526,6900.0
1.0776,-41.893,-41.893,406.162,406.162,6900.0
1.0777,-41.463,-41.463,406.794,406.794,6900.0
1.0778,-41.24,-41.24,407.393,407.393,6900.0
1.0779,-40.855,-40.855,407.985,407.985,6900.0
1.078,-40.438,-40.438,408.548,408.548,6900.0
1.0781,-40.163,-40.163,409.069,409.069,6900.0
1.0782,-39.653,-39.653,409.578,409.578,6900.0
1.0783,-39.326,-39.326,410.058,410.058,6900.0
1.0784,-38.73,-38.73,410.532,410.532,6900.0
1.0785,-37.913,-37.913,410.976,410.976,6900.0
1.0786,-37.227,-37.227,411.373,411.373,6900.0
1.0787,-36.652,-36.652,411.738,411.738,6900.0
1.0788,-35.874,-35.874,412.074,412.074,6900.0
1.0789,-34.982,-34.982,412.378,412.378,6900.0
1.079,-34.145,-34.145,412.641,412.641,6900.0
1.0791,-33.11,-33.11,412.86,412.86,6900.0
1.0792,-32.106,-32.106,413.031,413.031,6900.0
1.0793,-31.015,-31.015,413.155,413.155,6900.0
1.0794,-29.938,-29.938,413.233,413.233,6900.0
1.0795,-28.748,-28.748,413.27,413.27,6900.0
1.0796,-27.541,-27.541,413.269,413.269,6900.0
1.0797,-26.255,-26.255,413.224,413.224,6900.0
1.0798,-24.789,-24.789,413.127,413.127,6900.0
1.0799,-23.617,-23.617,412.973,412.973,6900.0
1.08,-23.023,-23.023,412.778,412.778,6900.0
1.0801,-22.596,-22.596,412.569,412.569,6900.0
1.0802,-21.535,-21.535,412.344,412.344,6900.0
1.0803,-20.276,-20.276,412.067,412.067,6900.0
1.0804,-19.614,-19.614,411.733,411.733,6900.0
1.0805,-19.013,-19.013,411.372,411.372,6900.0
1.0806,-18.393,-18.393,410.997,410.997,6900.0
1.0807,-17.167,-17.167,410.612,410.612,6900.0
1.0808,-15.572,-15.572,410.19,410.19,6900.0
1.0809,-14.68,-14.68,409.724,409.724,6900.0
1.081,-13.464,-13.464,409.236,409.236,6900.0
1.0811,-12.565,-12.565,408.724,408.724,6900.0
1.0812,-11.153,-11.153,408.197,408.197,6900.0
1.0813,-9.478,-9.478,407.643,407.643,6900.0
1.0814,-8.207,-8.207,407.06,407.06,6900.0
1.0815,-6.764,-6.764,406.457,406.457,6900.0
1.0816,-5.35,-5.35,405.837,405.837,6900.0
1.0817,-3.906,-3.906,405.204,405.204,6900.0
1.0818,-2.567,-2.567,404.56,404.56,6900.0
1.0819,-1.284,-1.284,403.908,403.908,6900.0
1.082,-0.537,-0.537,403.252,403.252,6900.0
1.0821,-0.0,-0.0,402.593,402.593,6900.0
1.0822,1.861,1.861,401.933,401.933,6900.0
1.0823,1.728,1.728,401.275,401.275,6900.0
1.0824,3.571,3.571,400.618,400.618,6900.0
1.0825,4.268,4.268,399.967,399.967,6900.0
1.0826,5.467,5.467,399.323,399.323,6900.0
1.0827,6.669,6.669,398.692,398.692,6900.0
1.0828,7.734,7.734,398.074,398.074,6900.0
1.0829,9.193,9.193,397.466,397.466,6900.0
1.083,10.734,10.734,396.879,396.879,6900.0
1.0831,12.241,12.241,396.318,396.318,6900.0
1.0832,13.648,13.648,395.793,395.793,6900.0
1.0833,14.418,14.418,395.292,395.292,6900.0
1.0834,15.685,15.685,394.799,394.799,6900.0
1.0835,17.24,17.24,394.333,394.333,6900.0
1.0836,18.864,18.864,393.912,393.912,6900.0
1.0837,20.137,20.137,393.551,393.551,6900.0
1.0838,21.042,21.042,393.226,393.226,6900.0
1.0839,22.06,22.06,392.918,392.918,6900.0
1.084,23.407,23.407,392.638,392.638,6900.0
1.0841,24.55,24.55,392.405,392.405,6900.0
1.0842,25.318,25.318,392.224,392.224,6900.0
1.0843,26.306,26.306,392.078,392.078,6900.0
1.0844,27.447,27.447,391.965,391.965,6900.0
1.0845,28.576,28.576,391.895,391.895,6900.0
1.0846,29.645,29.645,391.871,391.871,6900.0
1.0847,30.517,30.517,391.894,391.894,6900.0
1.0848,31.29,31.29,391.964,391.964,6900.0
1.0849,32.173,32.173,392.079,392.079,6900.0
1.085,32.854,32.854,392.238,392.238,6900.0
1.0851,33.372,33.372,392.429,392.429,6900.0
1.0852,34.073,34.073,392.641,392.641,6900.0
1.0853,34.749,34.749,392.888,392.888,6900.0
1.0854,35.491,35.491,393.179,393.179,6900.0
1.0855,35.898,35.898,393.514,393.514,6900.0
1.0856,36.46,36.46,393.865,393.865,6900.0
1.0857,37.109,37.109,394.236,394.236,6900.0
1.0858,37.703,37.703,394.643,394.643,6900.0
1.0859,38.507,38.507,395.089,395.089,6900.0
1.086,38.636,38.636,395.592,395.592,6900.0
1.0861,38.899,38.899,396.101,396.101,6900.0
1.0862,39.126,39.126,396.62,396.62,6900.0
1.0863,39.332,39.332,397.159,397.159,6900.0
1.0864,39.784,39.784,397.706,397.706,6900.0
1.0865,39.817,39.817,398.29,398.29,6900.0
1.0866,39.841,39.841,398.869,398.869,6900.0
1.0867,40.022,40.022,399.445,399.445,6900.0
1.0868,39.954,39.954,400.03,400.03,6900.0
1.0869,40.085,40.085,400.605,400.605,6900.0
1.087,40.009,40.009,401.203,401.203,6900.0
1.0871,39.877,39.877,401.795,401.795,6900.0
1.0872,39.925,39.925,402.385,402.385,6900.0
1.0873,39.55,39.55,402.983,402.983,6900.0
1.0874,39.344,39.344,403.553,403.553,6900.0
1.0875,39.141,39.141,404.124,404.124,6900.0
1.0876,38.803,38.803,404.679,404.679,6900.0
1.0877,38.407,38.407,405.224,405.224,6900.0
1.0878,37.838,37.838,405.749,405.749,6900.0
1.0879,37.286,37.286,406.234,406.234,6900.0
1.088,36.945,36.945,406.69,406.69,6900.0
1.0881,36.425,36.425,407.124,407.124,6900.0
1.0882,36.067,36.067,407.54,407.54,6900.0
1.0883,35.606,35.606,407.936,407.936,6900.0
1.0884,34.928,34.928,408.3,408.3,6900.0
1.0885,34.379,34.379,408.628,408.628,6900.0
1.0886,33.648,33.648,408.928,408.928,6900.0
1.0887,33.071,33.071,409.202,409.202,6900.0
1.0888,32.351,32.351,409.45,409.45,6900.0
1.0889,31.664,31.664,409.661,409.661,6900.0
1.089,30.854,30.854,409.833,409.833,6900.0
1.0891,30.376,30.376,409.966,409.966,6900.0
1.0892,29.52,29.52,410.072,410.072,6900.0
1.0893,28.848,28.848,410.138,410.138,6900.0
1.0894,28.067,28.067,410.173,410.173,6900.0
1.0895,27.178,27.178,410.175,410.175,6900.0
1.0896,26.226,26.226,410.135,410.135,6900.0
1.0897,25.339,25.339,410.046,410.046,6900.0
1.0898,24.484,24.484,409.92,409.92,6900.0
1.0899,23.672,23.672,409.765,409.765,6900.0
1.09,22.647,22.647,409.591,409.591,6900.0
1.0901,21.383,21.383,409.377,409.377,6900.0
1.0902,20.353,20.353,409.103,409.103,6900.0
1.0903,19.573,19.573,408.792,408.792,6900.0
1.0904,18.979,18.979,408.46,408.46,6900.0
1.0905,18.062,18.062,408.123,408.123,6900.0
1.0906,16.528,16.528,407.755,407.755,6900.0
1.0907,15.283,15.283,407.334,407.334,6900.0
1.0908,14.012,14.012,406.878,406.878,6900.0
1.0909,12.928,12.928,406.388,406.388,6900.0
1.091,11.875,11.875,405.879,405.879,6900.0
1.0911,10.625,10.625,405.346,405.346,6900.0
1.0912,9.296,9.296,404.782,404.782,6900.0
1.0913,8.261,8.261,404.197,404.197,6900.0
1.0914,6.937,6.937,403.595,403.595,6900.0
1.0915,5.688,5.688,402.98,402.98,6900.0
1.0916,4.385,4.385,402.352,402.352,6900.0
1.0917,3.026,3.026,401.711,401.711,6900.0
1.0918,1.914,1.914,401.06,401.06,6900.0
1.0919,0.932,0.932,400.401,400.401,6900.0
1.092,0.799,0.799,399.738,399.738,6900.0
1.0921,-0.08,-0.08,399.074,399.074,6900.0
1.0922,-1.448,-1.448,398.408,398.408,6900.0
1.0923,-1.928,-1.928,397.744,397.744,6900.0
1.0924,-2.921,-2.921,397.083,397.083,6900.0
1.0925,-4.112,-4.112,396.428,396.428,6900.0
1.0926,-4.901,-4.901,395.781,395.781,6900.0
1.0927,-5.965,-5.965,395.141,395.141,6900.0
1.0928,-7.402,-7.402,394.51,394.51,6900.0
1.0929,-8.689,-8.689,393.895,393.895,6900.0
1.093,-10.249,-10.249,393.302,393.302,6900.0
1.0931,-11.178,-11.178,392.732,392.732,6900.0
1.0932,-12.348,-12.348,392.172,392.172,6900.0
1.0933,-13.887,-13.887,391.63,391.63,6900.0
1.0934,-15.288,-15.288,391.123,391.123,6900.0
1.0935,-16.808,-16.808,390.662,390.662,6900.0
1.0936,-17.799,-17.799,390.251,390.251,6900.0
1.0937,-18.733,-18.733,389.858,389.858,6900.0
1.0938,-19.969,-19.969,389.484,389.484,6900.0
1.0939,-21.208,-21.208,389.149,389.149,6900.0
1.094,-22.452,-22.452,388.864,388.864,6900.0
1.0941,-23.415,-23.415,388.628,388.628,6900.0
1.0942,-24.288,-24.288,388.424,388.424,6900.0
1.0943,-25.506,-25.506,388.248,388.248,6900.0
1.0944,-26.702,-26.702,388.114,388.114,6900.0
1.0945,-27.852,-27.852,388.027,388.027,6900.0
1.0946,-29.074,-29.074,387.988,387.988,6900.0
1.0947,-30.013,-30.013,388.0,388.0,6900.0
1.0948,-31.034,-31.034,388.057,388.057,6900.0
1.0949,-31.974,-31.974,388.159,388.159,6900.0
1.095,-32.831,-32.831,388.3,388.3,6900.0
1.0951,-33.743,-33.743,388.482,388.482,6900.0
1.0952,-34.629,-34.629,388.709,388.709,6900.0
1.0953,-35.417,-35.417,388.988,388.988,6900.0
1.0954,-36.215,-36.215,389.305,389.305,6900.0
1.0955,-36.689,-36.689,389.65,389.65,6900.0
1.0956,-37.509,-37.509,390.022,390.022,6900.0
1.0957,-38.213,-38.213,390.431,390.431,6900.0
1.0958,-38.759,-38.759,390.893,390.893,6900.0
1.0959,-39.071,-39.071,391.387,391.387,6900.0
1.096,-39.398,-39.398,391.887,391.887,6900.0
1.0961,-40.011,-40.011,392.409,392.409,6900.0
1.0962,-40.364,-40.364,392.957,392.957,6900.0
1.0963,-40.778,-40.778,393.543,393.543,6900.0
1.0964,-40.769,-40.769,394.155,394.155,6900.0
1.0965,-41.075,-41.075,394.754,394.754,6900.0
1.0966,-41.284,-41.284,395.376,395.376,6900.0
1.0967,-41.255,-41.255,396.001,396.001,6900.0
1.0968,-41.581,-41.581,396.632,396.632,6900.0
1.0969,-41.447,-41.447,397.284,397.284,6900.0
1.097,-41.518,-41.518,397.919,397.919,6900.0
1.0971,-41.638,-41.638,398.568,398.568,6900.0
1.0972,-41.297,-41.297,399.213,399.213,6900.0
1.0973,-41.447,-41.447,399.84,399.84,6900.0
1.0974,-41.201,-41.201,400.481,400.481,6900.0
1.0975,-41.065,-41.065,401.102,401.102,6900.0
1.0976,-40.696,-40.696,401.731,401.731,6900.0
1.0977,-40.052,-40.052,402.336,402.336,6900.0
1.0978,-39.876,-39.876,402.897,402.897,6900.0
1.0979,-39.391,-39.391,403.452,403.452,6900.0
1.098,-39.122,-39.122,403.975,403.975,6900.0
1.0981,-38.677,-38.677,404.49,404.49,6900.0
1.0982,-38.009,-38.009,404.977,404.977,6900.0
1.0983,-37.622,-37.622,405.415,405.415,6900.0
1.0984,-36.895,-36.895,405.835,405.835,6900.0
1.0985,-36.45,-36.45,406.221,406.221,6900.0
1.0986,-36.058,-36.058,406.59,406.59,6900.0
1.0987,-35.193,-35.193,406.933,406.933,6900.0
1.0988,-34.476,-34.476,407.23,407.23,6900.0
1.0989,-33.706,-33.706,407.492,407.492,6900.0
1.099,-33.06,-33.06,407.716,407.716,6900.0
1.0991,-32.315,-32.315,407.91,407.91,6900.0
1.0992,-31.613,-31.613,408.067,408.067,6900.0
1.0993,-30.712,-30.712,408.188,408.188,6900.0
1.0994,-29.687,-29.687,408.266,408.266,6900.0
1.0995,-28.55,-28.55,408.297,408.297,6900.0
1.0996,-27.661,-27.661,408.278,408.278,6900.0
1.0997,-26.84,-26.84,408.222,408.222,6900.0
1.0998,-25.974,-25.974,408.141,408.141,6900.0
1.0999,-24.829,-24.829,408.028,408.028,6900.0
1.1,-23.595,-23.595,407.864,407.864,6900.0
1.1001,-22.559,-22.559,407.648,407.648,6900.0
1.1002,-21.728,-21.728,407.399,407.399,6900.0
1.1003,-20.776,-20.776,407.133,407.133,6900.0
1.1004,-19.416,-19.416,406.846,406.846,6900.0
1.1005,-17.82,-17.82,406.504,406.504,6900.0
1.1006,-16.772,-16.772,406.104,406.104,6900.0
1.1007,-15.566,-15.566,405.671,405.671,6900.0
1.1008,-14.77,-14.77,405.211,405.211,6900.0
1.1009,-13.411,-13.411,404.736,404.736,6900.0
1.101,-11.851,-11.851,404.229,404.229,6900.0
1.1011,-10.949,-10.949,403.687,403.687,6900.0
1.1012,-9.674,-9.674,403.128,403.128,6900.0
1.1013,-8.761,-8.761,402.55,402.55,6900.0
1.1014,-7.436,-7.436,401.96,401.96,6900.0
1.1015,-5.845,-5.845,401.351,401.351,6900.0
1.1016,-4.661,-4.661,400.722,400.722,6900.0
1.1017,-3.264,-3.264,400.08,400.08,6900.0
1.1018,-1.98,-1.98,399.427,399.427,6900.0
1.1019,-0.812,-0.812,398.765,398.765,6900.0
1.102,-0.494,-0.494,398.099,398.099,6900.0
1.1021,-0.0,-0.0,397.432,397.432,6900.0
1.1022,1.067,1.067,396.764,396.764,6900.0
1.1023,2.038,2.038,396.097,396.097,6900.0
1.1024,2.85,2.85,395.434,395.434,6900.0
1.1025,3.946,3.946,394.774,394.774,6900.0
1.1026,5.217,5.217,394.119,394.119,6900.0
1.1027,6.566,6.566,393.474,393.474,6900.0
1.1028,7.934,7.934,392.842,392.842,6900.0
1.1029,9.213,9.213,392.23,392.23,6900.0
1.103,10.318,10.318,391.634,391.634,6900.0
1.1031,11.706,11.706,391.049,391.049,6900.0
1.1032,13.29,13.29,390.492,390.492,6900.0
1.1033,14.972,14.972,389.971,389.971,6900.0
1.1034,16.228,16.228,389.5,389.5,6900.0
1.1035,17.004,17.004,389.06,389.06,6900.0
1.1036,18.289,18.289,388.628,388.628,6900.0
1.1037,19.828,19.828,388.227,388.227,6900.0
1.1038,21.631,21.277,387.874,387.874,6900.0
1.1039,22.594,22.594,387.58,387.58,6900.0
1.104,23.512,23.512,387.327,387.327,6900.0
1.1041,24.591,24.591,387.093,387.093,6900.0
1.1042,25.943,25.943,386.891,386.891,6900.0
1.1043,27.053,27.053,386.738,386.738,6900.0
1.1044,28.098,28.098,386.636,386.636,6900.0
1.1045,29.275,29.275,386.581,386.581,6900.0
1.1046,30.046,30.046,386.576,386.576,6900.0
1.1047,31.119,31.119,386.611,386.611,6900.0
1.1048,32.092,32.092,386.694,386.694,6900.0
1.1049,33.106,33.106,386.821,386.821,6900.0
1.105,33.983,33.983,386.997,386.997,6900.0
1.1051,34.879,34.879,387.222,387.222,6900.0
1.1052,35.62,35.62,387.492,387.492,6900.0
1.1053,36.379,36.379,387.791,387.791,6900.0
1.1054,37.258,37.258,388.113,388.113,6900.0
1.1055,37.978,37.978,388.478,388.478,6900.0
1.1056,38.867,38.867,388.887,388.887,6900.0
1.1057,39.446,39.446,389.348,389.348,6900.0
1.1058,39.808,39.808,389.836,389.836,6900.0
1.1059,40.413,40.413,390.334,390.334,6900.0
1.106,40.863,40.863,390.873,390.873,6900.0
1.1061,41.687,41.687,391.444,391.444,6900.0
1.1062,42.048,42.048,392.072,392.072,6900.0
1.1063,42.034,42.034,392.717,392.717,6900.0
1.1064,42.318,42.318,393.358,393.358,6900.0
1.1065,42.468,42.468,394.016,394.016,6900.0
1.1066,42.838,42.838,394.673,394.673,6900.0
1.1067,43.055,43.055,395.359,395.359,6900.0
1.1068,42.849,42.849,396.046,396.046,6900.0
1.1069,43.153,43.153,396.719,396.719,6900.0
1.107,43.068,43.068,397.409,397.409,6900.0
1.1071,43.028,43.028,398.085,398.085,6900.0
1.1072,43.105,43.105,398.777,398.777,6900.0
1.1073,42.951,42.951,399.469,399.469,6900.0
1.1074,42.883,42.883,400.16,400.16,6900.0
1.1075,42.499,42.499,400.855,400.855,6900.0
1.1076,42.12,42.12,401.518,401.518,6900.0
1.1077,42.009,42.009,402.166,402.166,6900.0
1.1078,41.556,41.41,402.8,402.8,6900.0
1.1079,41.018,41.018,403.407,403.407,6900.0
1.108,40.604,40.604,403.99,403.99,6900.0
1.1081,39.906,39.906,404.535,404.535,6900.0
1.1082,39.766,39.766,405.037,405.037,6900.0
1.1083,39.246,39.246,405.523,405.523,6900.0
1.1084,38.73,38.73,405.994,405.994,6900.0
1.1085,38.114,38.114,406.441,406.441,6900.0
1.1086,37.426,37.426,406.851,406.851,6900.0
1.1087,36.822,36.822,407.223,407.223,6900.0
1.1088,36.008,36.008,407.566,407.566,6900.0
1.1089,35.311,35.311,407.876,407.876,6900.0
1.109,34.499,34.499,408.153,408.153,6900.0
1.1091,33.46,33.46,408.391,408.391,6900.0
1.1092,32.565,32.565,408.577,408.577,6900.0
1.1093,31.713,31.713,408.718,408.718,6900.0
1.1094,30.789,30.789,408.812,408.812,6900.0
1.1095,29.811,29.811,408.865,408.865,6900.0
1.1096,28.956,28.956,408.88,408.88,6900.0
1.1097,28.015,28.015,408.864,408.864,6900.0
1.1098,26.872,26.872,408.806,408.806,6900.0
1.1099,25.75,25.75,408.692,408.692,6900.0
1.11,24.885,24.885,408.536,408.536,6900.0
1.1101,23.84,23.84,408.355,408.355,6900.0
1.1102,22.655,22.655,408.156,408.156,6900.0
1.1103,21.272,21.272,407.911,407.911,6900.0
1.1104,20.022,20.022,407.603,407.603,6900.0
1.1105,19.121,19.121,407.249,407.249,6900.0
1.1106,18.144,18.144,406.869,406.869,6900.0
1.1107,17.059,17.059,406.474,406.474,6900.0
1.1108,15.625,15.625,406.051,406.051,6900.0
1.1109,14.258,14.258,405.583,405.583,6900.0
1.111,13.188,13.188,405.085,405.085,6900.0
1.1111,11.785,11.785,404.562,404.562,6900.0
1.1112,10.681,10.681,404.02,404.02,6900.0
1.1113,9.108,9.108,403.458,403.458,6900.0
1.1114,7.659,7.659,402.867,402.867,6900.0
1.1115,6.368,6.368,402.256,402.256,6900.0
1.1116,5.074,5.074,401.628,401.628,6900.0
1.1117,3.574,3.574,400.988,400.988,6900.0
1.1118,2.076,2.076,400.337,400.337,6900.0
1.1119,0.754,0.754,399.677,399.677,6900.0
1.112,0.031,0.031,399.013,399.013,6900.0
1.1121,0.0,0.0,398.347,398.347,6900.0
1.1122,-1.197,-1.197,397.681,397.681,6900.0
1.1123,-2.162,-2.162,397.016,397.016,6900.0
1.1124,-2.782,-2.782,396.352,396.352,6900.0
1.1125,-4.055,-4.055,395.692,395.692,6900.0
1.1126,-5.519,-5.519,395.039,395.039,6900.0
1.1127,-6.967,-6.967,394.401,394.401,6900.0
1.1128,-8.094,-8.094,393.778,393.778,6900.0
1.1129,-9.308,-9.308,393.166,393.166,6900.0
1.113,-10.942,-10.942,392.569,392.569,6900.0
1.1131,-12.407,-12.407,391.999,391.999,6900.0
1.1132,-14.026,-14.026,391.464,391.464,6900.0
1.1133,-14.868,-14.868,390.966,390.966,6900.0
1.1134,-15.905,-15.905,390.478,390.478,6900.0
1.1135,-17.408,-17.408,390.008,390.008,6900.0
1.1136,-19.163,-19.163,389.578,389.578,6900.0
1.1137,-20.789,-20.789,389.208,389.208,6900.0
1.1138,-21.915,-21.915,388.894,388.894,6900.0
1.1139,-23.077,-22.73,388.606,388.606,6900.0
1.114,-24.045,-24.045,388.337,388.337,6900.0
1.1141,-25.471,-25.471,388.108,388.108,6900.0
1.1142,-26.823,-26.823,387.932,387.932,6900.0
1.1143,-27.878,-27.878,387.809,387.809,6900.0
1.1144,-28.864,-28.864,387.726,387.726,6900.0
1.1145,-30.068,-30.068,387.679,387.679,6900.0
1.1146,-31.312,-31.312,387.681,387.681,6900.0
1.1147,-32.426,-32.426,387.735,387.735,6900.0
1.1148,-33.635,-33.635,387.841,387.841,6900.0
1.1149,-34.699,-34.699,388.008,388.008,6900.0
1.115,-35.546,-35.546,388.232,388.232,6900.0
1.1151,-36.358,-36.358,388.498,388.498,6900.0
1.1152,-37.093,-37.093,388.796,388.796,6900.0
1.1153,-37.878,-37.878,389.131,389.131,6900.0
1.1154,-38.74,-38.74,389.5,389.5,6900.0
1.1155,-39.46,-39.46,389.922,389.922,6900.0
1.1156,-39.85,-39.85,390.379,390.379,6900.0
1.1157,-40.539,-40.539,390.845,390.845,6900.0
1.1158,-41.247,-41.247,391.35,391.35,6900.0
1.1159,-41.761,-41.761,391.889,391.889,6900.0
1.116,-42.39,-42.39,392.479,392.479,6900.0
1.1161,-42.586,-42.586,393.109,393.109,6900.0
1.1162,-42.98,-42.98,393.739,393.739,6900.0
1.1163,-43.361,-43.361,394.401,394.401,6900.0
1.1164,-43.598,-43.598,395.077,395.077,6900.0
1.1165,-44.069,-44.069,395.779,395.779,6900.0
1.1166,-43.825,-43.825,396.505,396.505,6900.0
1.1167,-43.986,-43.986,397.206,397.206,6900.0
1.1168,-43.967,-43.967,397.921,397.921,6900.0
1.1169,-43.822,-43.822,398.625,398.625,6900.0
1.117,-44.142,-44.142,399.324,399.324,6900.0
1.1171,-43.881,-43.881,400.047,400.047,6900.0
1.1172,-43.755,-43.755,400.751,400.751,6900.0
1.1173,-43.779,-43.779,401.464,401.464,6900.0
1.1174,-43.361,-43.361,402.173,402.173,6900.0
1.1175,-43.403,-43.403,402.855,402.855,6900.0
1.1176,-42.966,-42.966,403.546,403.546,6900.0
1.1177,-42.752,-42.752,404.209,404.209,6900.0
1.1178,-42.396,-42.396,404.872,404.872,6900.0
1.1179,-42.062,-41.906,405.506,405.506,6900.0
1.118,-41.568,-41.568,406.096,406.096,6900.0
1.1181,-41.088,-41.088,406.666,406.666,6900.0
1.1182,-40.73,-40.73,407.206,407.206,6900.0
1.1183,-40.004,-40.004,407.736,407.736,6900.0
1.1184,-39.091,-39.091,408.228,408.228,6900.0
1.1185,-38.374,-38.374,408.668,408.668,6900.0
1.1186,-37.737,-37.737,409.078,409.078,6900.0
1.1187,-37.222,-37.222,409.456,409.456,6900.0
1.1188,-36.6,-36.6,409.811,409.811,6900.0
1.1189,-35.852,-35.852,410.135,410.135,6900.0
1.119,-34.942,-34.942,410.418,410.418,6900.0
1.1191,-33.852,-33.852,410.66,410.66,6900.0
1.1192,-32.829,-32.829,410.852,410.852,6900.0
1.1193,-31.957,-31.957,411.0,411.0,6900.0
1.1194,-31.047,-31.047,411.108,411.108,6900.0
1.1195,-30.106,-30.106,411.177,411.177,6900.0
1.1196,-28.903,-28.903,411.207,411.207,6900.0
1.1197,-27.745,-27.745,411.182,411.182,6900.0
1.1198,-26.744,-26.744,411.106,411.106,6900.0
1.1199,-25.816,-25.816,410.993,410.993,6900.0
1.12,-25.005,-25.005,410.855,410.855,6900.0
1.1201,-23.742,-23.742,410.692,410.692,6900.0
1.1202,-22.313,-22.313,410.472,410.472,6900.0
1.1203,-21.426,-21.426,410.194,410.194,6900.0
1.1204,-20.57,-20.57,409.887,409.887,6900.0
1.1205,-19.685,-19.685,409.565,409.565,6900.0
1.1206,-17.945,-17.945,409.228,409.228,6900.0
1.1207,-16.254,-16.254,408.839,408.839,6900.0
1.1208,-15.2,-15.2,408.398,408.398,6900.0
1.1209,-14.039,-14.039,407.927,407.927,6900.0
1.121,-13.021,-13.021,407.43,407.43,6900.0
1.1211,-11.886,-11.886,406.913,406.913,6900.0
1.1212,-10.318,-10.318,406.369,406.369,6900.0
1.1213,-9.191,-9.191,405.794,405.794,6900.0
1.1214,-7.862,-7.862,405.201,405.201,6900.0
1.1215,-6.717,-6.717,404.592,404.592,6900.0
1.1216,-5.259,-5.259,403.971,403.971,6900.0
1.1217,-3.662,-3.662,403.337,403.337,6900.0
1.1218,-2.412,-2.412,402.69,402.69,6900.0
1.1219,-1.323,-1.17,402.036,402.036,6900.0
1.122,-1.078,-1.078,401.376,401.376,6900.0
1.1221,-0.0,-0.0,400.715,400.715,6900.0
1.1222,0.806,0.806,400.052,400.052,6900.0
1.1223,1.922,1.922,399.39,399.39,6900.0
1.1224,2.464,2.464,398.73,398.73,6900.0
1.1225,3.86,3.86,398.075,398.075,6900.0
1.1226,5.216,5.216,397.431,397.431,6900.0
1.1227,6.336,6.336,396.797,396.797,6900.0
1.1228,7.697,7.697,396.171,396.171,6900.0
1.1229,9.063,9.063,395.561,395.561,6900.0
1.123,10.774,10.774,394.97,394.97,6900.0
1.1231,12.044,12.044,394.409,394.409,6900.0
1.1232,13.131,13.131,393.866,393.866,6900.0
1.1233,14.569,14.569,393.335,393.335,6900.0
1.1234,16.149,16.149,392.834,392.834,6900.0
1.1235,17.885,17.885,392.375,392.375,6900.0
1.1236,19.174,19.174,391.978,391.978,6900.0
1.1237,19.995,19.995,391.617,391.617,6900.0
1.1238,21.29,21.29,391.269,391.269,6900.0
1.1239,22.631,22.631,390.956,390.956,6900.0
1.124,24.033,24.033,390.69,390.69,6900.0
1.1241,25.167,25.167,390.483,390.483,6900.0
1.1242,26.138,26.138,390.318,390.318,6900.0
1.1243,27.168,27.168,390.182,390.182,6900.0
1.1244,28.381,28.381,390.083,390.083,6900.0
1.1245,29.521,29.521,390.03,390.03,6900.0
1.1246,30.381,30.381,390.027,390.027,6900.0
1.1247,31.457,31.457,390.066,390.066,6900.0
1.1248,32.413,32.413,390.157,390.157,6900.0
1.1249,33.339,33.339,390.292,390.292,6900.0
1.125,34.135,34.135,390.469,390.469,6900.0
1.1251,35.018,35.018,390.68,390.68,6900.0
1.1252,35.925,35.925,390.936,390.936,6900.0
1.1253,36.896,36.896,391.244,391.244,6900.0
1.1254,37.565,37.565,391.602,391.602,6900.0
1.1255,38.042,38.042,391.989,391.989,6900.0
1.1256,38.908,38.908,392.39,392.39,6900.0
1.1257,39.474,39.474,392.836,392.836,6900.0
1.1258,40.23,40.23,393.321,393.321,6900.0
1.1259,40.617,40.617,393.856,393.856,6900.0
1.126,40.964,40.964,394.407,394.407,6900.0
1.1261,41.575,41.575,394.969,394.969,6900.0
1.1262,41.777,41.777,395.568,395.568,6900.0
1.1263,42.435,42.435,396.178,396.178,6900.0
1.1264,42.681,42.681,396.838,396.838,6900.0
1.1265,42.564,42.564,397.506,397.506,6900.0
1.1266,42.902,42.902,398.165,398.165,6900.0
1.1267,42.842,42.842,398.843,398.843,6900.0
1.1268,43.043,43.043,399.508,399.508,6900.0
1.1269,43.123,43.123,400.198,400.198,6900.0
1.127,43.018,43.018,400.887,400.887,6900.0
1.1271,43.096,43.096,401.569,401.569,6900.0
1.1272,42.919,42.919,402.26,402.26,6900.0
1.1273,42.784,42.784,402.93,402.93,6900.0
1.1274,42.609,42.609,403.605,403.605,6900.0
1.1275,42.375,42.375,404.268,404.268,6900.0
1.1276,42.205,42.205,404.925,404.925,6900.0
1.1277,41.682,41.682,405.579,405.579,6900.0
1.1278,41.126,41.126,406.192,406.192,6900.0
1.1279,40.835,40.835,406.777,406.777,6900.0
1.128,40.525,40.36,407.341,407.341,6900.0
1.1281,39.954,39.954,407.886,407.886,6900.0
1.1282,39.379,39.379,408.408,408.408,6900.0
1.1283,38.775,38.775,408.889,408.889,6900.0
1.1284,38.328,38.328,409.333,409.333,6900.0
1.1285,37.567,37.567,409.753,409.753,6900.0
1.1286,36.916,36.916,410.147,410.147,6900.0
1.1287,36.176,36.176,410.513,410.513,6900.0
1.1288,35.333,35.333,410.84,410.84,6900.0
1.1289,34.566,34.566,411.123,411.123,6900.0
1.129,33.728,33.728,411.369,411.369,6900.0
1.1291,33.041,33.041,411.578,411.578,6900.0
1.1292,32.27,32.27,411.752,411.752,6900.0
1.1293,31.291,31.291,411.889,411.889,6900.0
1.1294,30.259,30.259,411.984,411.984,6900.0
1.1295,29.167,29.167,412.031,412.031,6900.0
1.1296,28.131,28.131,412.026,412.026,6900.0
1.1297,27.233,27.233,411.978,411.978,6900.0
1.1298,26.497,26.497,411.899,411.899,6900.0
1.1299,25.409,25.409,411.8,411.8,6900.0
1.13,24.194,24.194,411.657,411.657,6900.0
1.1301,22.994,22.994,411.457,411.457,6900.0
1.1302,22.038,22.038,411.213,411.213,6900.0
1.1303,21.229,21.229,410.945,410.945,6900.0
1.1304,20.331,20.331,410.665,410.665,6900.0
1.1305,18.602,18.602,410.352,410.352,6900.0
1.1306,17.128,17.128,409.975,409.975,6900.0
1.1307,16.094,16.094,409.555,409.555,6900.0
1.1308,15.258,15.258,409.103,409.103,6900.0
1.1309,14.165,14.165,408.636,408.636,6900.0
1.131,12.607,12.607,408.145,408.145,6900.0
1.1311,11.283,11.283,407.616,407.616,6900.0
1.1312,10.149,10.149,407.064,407.064,6900.0
1.1313,8.951,8.951,406.492,406.492,6900.0
1.1314,7.745,7.745,405.907,405.907,6900.0
1.1315,6.095,6.095,405.306,405.306,6900.0
1.1316,4.615,4.615,404.686,404.686,6900.0
1.1317,3.355,3.355,404.05,404.05,6900.0
1.1318,1.935,1.935,403.403,403.403,6900.0
1.1319,0.747,0.747,402.748,402.748,6900.0
1.132,0.575,0.581,402.089,402.089,6900.0
1.1321,0.0,0.0,401.429,401.429,6900.0
1.1322,-1.383,-1.383,400.767,400.767,6900.0
1.1323,-2.083,-2.083,400.107,400.107,6900.0
1.1324,-3.163,-3.163,399.45,399.45,6900.0
1.1325,-4.217,-4.217,398.8,398.8,6900.0
1.1326,-5.26,-5.26,398.154,398.154,6900.0
1.1327,-6.777,-6.777,397.516,397.516,6900.0
1.1328,-8.014,-8.014,396.891,396.891,6900.0
1.1329,-9.401,-9.401,396.284,396.284,6900.0
1.133,-10.475,-10.475,395.697,395.697,6900.0
1.1331,-11.637,-11.637,395.123,395.123,6900.0
1.1332,-13.359,-13.359,394.567,394.567,6900.0
1.1333,-14.763,-14.763,394.048,394.048,6900.0
1.1334,-16.296,-16.296,393.573,393.573,6900.0
1.1335,-17.031,-17.031,393.145,393.145,6900.0
1.1336,-18.197,-18.197,392.726,392.726,6900.0
1.1337,-19.527,-19.527,392.329,392.329,6900.0
1.1338,-20.96,-20.96,391.969,391.969,6900.0
1.1339,-22.468,-22.468,391.662,391.662,6900.0
1.134,-23.41,-23.41,391.408,391.408,6900.0
1.1341,-24.204,-24.204,391.182,391.182,6900.0
1.1342,-25.408,-25.408,390.98,390.98,6900.0
1.1343,-26.716,-26.716,390.817,390.817,6900.0
1.1344,-27.985,-27.985,390.707,390.707,6900.0
1.1345,-29.046,-29.046,390.651,390.651,6900.0
1.1346,-29.931,-29.931,390.645,390.645,6900.0
1.1347,-30.823,-30.823,390.682,390.682,6900.0
1.1348,-31.914,-31.914,390.76,390.76,6900.0
1.1349,-32.881,-32.881,390.883,390.883,6900.0
1.135,-33.857,-33.857,391.049,391.049,6900.0
1.1351,-34.748,-34.748,391.26,391.26,6900.0
1.1352,-35.545,-35.545,391.521,391.521,6900.0
1.1353,-36.002,-36.002,391.821,391.821,6900.0
1.1354,-36.66,-36.66,392.134,392.134,6900.0
1.1355,-37.492,-37.492,392.48,392.48,6900.0
1.1356,-38.302,-38.302,392.865,392.865,6900.0
1.1357,-38.818,-38.818,393.309,393.309,6900.0
1.1358,-39.155,-39.155,393.783,393.783,6900.0
1.1359,-39.487,-39.487,394.269,394.269,6900.0
1.136,-40.098,-40.098,394.781,394.781,6900.0
1.1361,-40.63,-40.63,395.32,395.32,6900.0
1.1362,-41.236,-41.236,395.905,395.905,6900.0
1.1363,-41.123,-41.123,396.525,396.525,6900.0
1.1364,-41.26,-41.26,397.129,397.129,6900.0
1.1365,-41.575,-41.575,397.748,397.748,6900.0
1.1366,-41.629,-41.629,398.372,398.372,6900.0
1.1367,-41.925,-41.925,399.009,399.009,6900.0
1.1368,-41.904,-41.904,399.66,399.66,6900.0
1.1369,-42.055,-42.055,400.298,400.298,6900.0
1.137,-42.208,-42.208,400.952,400.952,6900.0
1.1371,-41.845,-41.845,401.607,401.607,6900.0
1.1372,-41.882,-41.882,402.251,402.251,6900.0
1.1373,-41.529,-41.529,402.907,402.907,6900.0
1.1374,-41.403,-41.403,403.542,403.542,6900.0
1.1375,-41.128,-41.128,404.185,404.185,6900.0
1.1376,-40.719,-40.719,404.809,404.809,6900.0
1.1377,-40.526,-40.526,405.399,405.399,6900.0
1.1378,-40.038,-40.038,405.982,405.982,6900.0
1.1379,-39.707,-39.707,406.535,406.535,6900.0
1.138,-39.25,-39.25,407.076,407.076,6900.0
1.1381,-38.894,-38.722,407.586,407.586,6900.0
1.1382,-38.309,-38.309,408.051,408.051,6900.0
1.1383,-37.778,-37.778,408.497,408.497,6900.0
1.1384,-37.361,-37.361,408.914,408.914,6900.0
1.1385,-36.603,-36.603,409.322,409.322,6900.0
1.1386,-35.969,-35.969,409.694,409.694,6900.0
1.1387,-35.075,-35.075,410.027,410.027,6900.0
1.1388,-34.448,-34.448,410.32,410.32,6900.0
1.1389,-33.757,-33.757,410.583,410.583,6900.0
1.139,-32.861,-32.861,410.817,410.817,6900.0
1.1391,-32.192,-32.192,411.008,411.008,6900.0
1.1392,-31.389,-31.389,411.163,411.163,6900.0
1.1393,-30.44,-30.44,411.274,411.274,6900.0
1.1394,-29.603,-29.603,411.339,411.339,6900.0
1.1395,-28.719,-28.719,411.361,411.361,6900.0
1.1396,-27.64,-27.64,411.347,411.347,6900.0
1.1397,-26.631,-26.631,411.299,411.299,6900.0
1.1398,-25.528,-25.528,411.217,411.217,6900.0
1.1399,-24.371,-24.371,411.086,411.086,6900.0
1.14,-23.526,-23.526,410.905,410.905,6900.0
1.1401,-22.624,-22.624,410.695,410.695,6900.0
1.1402,-21.694,-21.694,410.467,410.467,6900.0
1.1403,-20.416,-20.416,410.214,410.214,6900.0
1.1404,-18.953,-18.953,409.904,409.904,6900.0
1.1405,-18.001,-18.001,409.536,409.536,6900.0
1.1406,-17.039,-17.039,409.135,409.135,6900.0
1.1407,-16.188,-16.188,408.714,408.714,6900.0
1.1408,-14.82,-14.82,408.278,408.278,6900.0
1.1409,-13.328,-13.328,407.807,407.807,6900.0
1.141,-12.32,-12.32,407.299,407.299,6900.0
1.1411,-11.108,-11.108,406.772,406.772,6900.0
1.1412,-10.308,-10.308,406.224,406.224,6900.0
1.1413,-8.88,-8.88,405.664,405.664,6900.0
1.1414,-7.277,-7.277,405.079,405.079,6900.0
1.1415,-6.068,-6.068,404.47,404.47,6900.0
1.1416,-4.559,-4.559,403.845,403.845,6900.0
1.1417,-3.355,-3.355,403.206,403.206,6900.0
1.1418,-2.088,-2.088,402.557,402.557,6900.0
1.1419,-0.964,-0.964,401.9,401.9,6900.0
1.142,-0.144,-0.144,401.24,401.24,6900.0
1.1421,-0.0,-0.0,400.578,400.578,6900.0
1.1422,1.33,1.33,399.915,399.915,6900.0
1.1423,1.462,1.462,399.253,399.253,6900.0
1.1424,2.461,2.461,398.592,398.592,6900.0
1.1425,3.685,3.685,397.934,397.934,6900.0
1.1426,4.999,4.999,397.283,397.283,6900.0
1.1427,6.638,6.638,396.642,396.642,6900.0
1.1428,7.768,7.768,396.019,396.019,6900.0
1.1429,8.89,8.89,395.41,395.41,6900.0
1.143,10.4,10.4,394.811,394.811,6900.0
1.1431,11.769,11.769,394.239,394.239,6900.0
1.1432,13.389,13.389,393.695,393.695,6900.0
1.1433,14.517,14.517,393.196,393.196,6900.0
1.1434,15.345,15.345,392.72,392.72,6900.0
1.1435,16.622,16.622,392.252,392.252,6900.0
1.1436,18.202,18.202,391.812,391.812,6900.0
1.1437,19.737,19.737,391.421,391.421,6900.0
1.1438,20.925,20.925,391.089,391.089,6900.0
1.1439,21.838,21.838,390.793,390.793,6900.0
1.144,22.773,22.773,390.515,390.515,6900.0
1.1441,23.971,23.971,390.262,390.262,6900.0
1.1442,25.174,25.174,390.053,390.053,6900.0
1.1443,26.26,26.26,389.896,389.896,6900.0
1.1444,27.258,27.258,389.784,389.784,6900.0
1.1445,28.284,28.284,389.71,389.71,6900.0
1.1446,29.365,29.365,389.68,389.68,6900.0
1.1447,30.237,30.237,389.697,389.697,6900.0
1.1448,31.374,31.374,389.755,389.755,6900.0
1.1449,32.218,32.218,389.867,389.867,6900.0
1.145,33.181,33.181,390.026,390.026,6900.0
1.1451,33.926,33.926,390.234,390.234,6900.0
1.1452,34.518,34.518,390.472,390.472,6900.0
1.1453,35.458,35.458,390.73,390.73,6900.0
1.1454,36.266,36.266,391.031,391.031,6900.0
1.1455,37.186,37.186,391.376,391.376,6900.0
1.1456,37.658,37.658,391.769,391.769,6900.0
1.1457,38.173,38.173,392.181,392.181,6900.0
1.1458,38.759,38.759,392.612,392.612,6900.0
1.1459,39.148,39.148,393.081,393.081,6900.0
1.146,39.757,39.757,393.585,393.585,6900.0
1.1461,40.463,40.33,394.136,394.136,6900.0
1.1462,40.37,40.37,394.713,394.713,6900.0
1.1463,40.902,40.902,395.292,395.292,6900.0
1.1464,41.117,41.117,395.898,395.898,6900.0
1.1465,41.415,41.415,396.51,396.51,6900.0
1.1466,41.519,41.519,397.153,397.153,6900.0
1.1467,41.352,41.352,397.791,397.791,6900.0
1.1468,41.645,41.645,398.416,398.416,6900.0
1.1469,41.623,41.623,399.055,399.055,6900.0
1.147,41.609,41.609,399.681,399.681,6900.0
1.1471,41.806,41.806,400.321,400.321,6900.0
1.1472,41.433,41.433,400.967,400.967,6900.0
1.1473,41.421,41.421,401.604,401.604,6900.0
1.1474,41.179,41.179,402.247,402.247,6900.0
1.1475,40.931,40.931,402.865,402.865,6900.0
1.1476,40.7,40.7,403.478,403.478,6900.0
1.1477,40.177,40.177,404.077,404.077,6900.0
1.1478,40.043,40.043,404.655,404.655,6900.0
1.1479,39.663,39.663,405.224,405.224,6900.0
1.148,39.059,39.059,405.756,405.756,6900.0
1.1481,38.939,38.939,406.252,406.252,6900.0
1.1482,38.365,38.365,406.731,406.731,6900.0
1.1483,38.065,38.065,407.188,407.188,6900.0
1.1484,37.229,37.229,407.629,407.629,6900.0
1.1485,36.506,36.506,408.024,408.024,6900.0
1.1486,35.727,35.727,408.38,408.38,6900.0
1.1487,34.987,34.987,408.704,408.704,6900.0
1.1488,34.368,34.368,409.0,409.0,6900.0
1.1489,33.626,33.626,409.268,409.268,6900.0
1.149,32.735,32.735,409.499,409.499,6900.0
1.1491,32.014,32.014,409.683,409.683,6900.0
1.1492,31.182,31.182,409.831,409.831,6900.0
1.1493,30.162,30.162,409.938,409.938,6900.0
1.1494,29.208,29.208,410.003,410.003,6900.0
1.1495,28.344,28.344,410.028,410.028,6900.0
1.1496,27.524,27.524,410.019,410.019,6900.0
1.1497,26.409,26.409,409.969,409.969,6900.0
1.1498,25.395,25.395,409.866,409.866,6900.0
1.1499,24.591,24.591,409.721,409.721,6900.0
1.15,23.692,23.692,409.552,409.552,6900.0
1.1501,22.781,22.781,409.364,409.364,6900.0
1.1502,21.385,21.385,409.136,409.136,6900.0
1.1503,20.092,20.092,408.848,408.848,6900.0
1.1504,19.273,19.273,408.515,408.515,6900.0
1.1505,18.375,18.375,408.161,408.161,6900.0
1.1506,17.233,17.233,407.794,407.794,6900.0
1.1507,15.71,15.71,407.397,407.397,6900.0
1.1508,14.397,14.397,406.949,406.949,6900.0
1.1509,13.408,13.408,406.468,406.468,6900.0
1.151,12.359,12.359,405.96,405.96,6900.0
1.1511,11.34,11.34,405.434,405.434,6900.0
1.1512,9.838,9.838,404.887,404.887,6900.0
1.1513,8.351,8.351,404.309,404.309,6900.0
1.1514,7.2,7.2,403.71,403.71,6900.0
1.1515,5.806,5.806,403.094,403.094,6900.0
1.1516,4.688,4.688,402.465,402.465,6900.0
1.1517,3.3,3.3,401.825,401.825,6900.0
1.1518,1.845,1.845,401.174,401.174,6900.0
1.1519,0.608,0.608,400.515,400.515,6900.0
1.152,0.798,0.798,399.853,399.853,6900.0
1.1521,-0.115,-0.115,399.188,399.188,6900.0
1.1522,-0.925,-0.948,398.523,398.523,6900.0
1.1523,-2.308,-2.308,397.858,397.858,6900.0
1.1524,-3.093,-3.093,397.197,397.197,6900.0
1.1525,-4.233,-4.233,396.54,396.54,6900.0
1.1526,-5.406,-5.406,395.893,395.893,6900.0
1.1527,-6.594,-6.594,395.258,395.258,6900.0
1.1528,-7.524,-7.524,394.632,394.632,6900.0
1.1529,-9.089,-9.089,394.018,394.018,6900.0
1.153,-10.529,-10.529,393.424,393.424,6900.0
1.1531,-11.972,-11.972,392.857,392.857,6900.0
1.1532,-12.944,-12.944,392.32,392.32,6900.0
1.1533,-14.013,-14.013,391.793,391.793,6900.0
1.1534,-15.603,-15.603,391.285,391.285,6900.0
1.1535,-17.034,-17.034,390.815,390.815,6900.0
1.1536,-18.635,-18.635,390.396,390.396,6900.0
1.1537,-19.581,-19.581,390.03,390.03,6900.0
1.1538,-20.469,-20.469,389.684,389.684,6900.0
1.1539,-21.768,-21.768,389.356,389.356,6900.0
1.154,-23.155,-23.155,389.069,389.069,6900.0
1.1541,-24.757,-24.757,388.833,388.833,6900.0
1.1542,-25.778,-25.778,388.655,388.655,6900.0
1.1543,-26.821,-26.821,388.511,388.511,6900.0
1.1544,-27.856,-27.856,388.405,388.405,6900.0
1.1545,-28.95,-28.95,388.339,388.339,6900.0
1.1546,-30.272,-30.272,388.32,388.32,6900.0
1.1547,-31.365,-31.365,388.357,388.357,6900.0
1.1548,-32.225,-32.225,388.448,388.448,6900.0
1.1549,-33.069,-33.069,388.585,388.585,6900.0
1.155,-33.741,-33.741,388.763,388.763,6900.0
1.1551,-34.623,-34.623,388.969,388.969,6900.0
1.1552,-35.527,-35.527,389.215,389.215,6900.0
1.1553,-36.549,-36.549,389.502,389.502,6900.0
1.1554,-37.37,-37.37,389.847,389.847,6900.0
1.1555,-37.982,-37.982,390.232,390.232,6900.0
1.1556,-38.366,-38.366,390.635,390.635,6900.0
1.1557,-39.105,-39.105,391.064,391.064,6900.0
1.1558,-39.687,-39.687,391.531,391.531,6900.0
1.1559,-40.073,-40.073,392.051,392.051,6900.0
1.156,-40.474,-40.474,392.598,392.598,6900.0
1.1561,-40.727,-40.727,393.155,393.155,6900.0
1.1562,-41.265,-41.132,393.736,393.736,6900.0
1.1563,-41.481,-41.481,394.33,394.33,6900.0
1.1564,-42.044,-42.044,394.958,394.958,6900.0
1.1565,-42.129,-42.129,395.613,395.613,6900.0
1.1566,-42.319,-42.319,396.255,396.255,6900.0
1.1567,-42.434,-42.434,396.913,396.913,6900.0
1.1568,-42.354,-42.354,397.569,397.569,6900.0
1.1569,-42.723,-42.723,398.227,398.227,6900.0
1.157,-42.576,-42.576,398.908,398.908,6900.0
1.1571,-42.411,-42.411,399.576,399.576,6900.0
1.1572,-42.384,-42.384,400.254,400.254,6900.0
1.1573,-42.137,-42.137,400.923,400.923,6900.0
1.1574,-42.143,-42.143,401.577,401.577,6900.0
1.1575,-41.878,-41.878,402.238,402.238,6900.0
1.1576,-41.492,-41.492,402.878,402.878,6900.0
1.1577,-41.16,-41.16,403.511,403.511,6900.0
1.1578,-40.674,-40.674,404.116,404.116,6900.0
1.1579,-40.436,-40.436,404.681,404.681,6900.0
1.158,-40.087,-40.087,405.232,405.232,6900.0
1.1581,-39.589,-39.589,405.759,405.759,6900.0
1.1582,-38.986,-38.986,406.271,406.271,6900.0
1.1583,-38.402,-38.402,406.749,406.749,6900.0
1.1584,-37.738,-37.738,407.184,407.184,6900.0
1.1585,-37.181,-37.181,407.591,407.591,6900.0
1.1586,-36.9,-36.9,407.969,407.969,6900.0
1.1587,-36.096,-36.096,408.337,408.337,6900.0
1.1588,-35.143,-35.143,408.668,408.668,6900.0
1.1589,-34.218,-34.218,408.951,408.951,6900.0
1.159,-33.531,-33.531,409.189,409.189,6900.0
1.1591,-32.821,-32.821,409.392,409.392,6900.0
1.1592,-31.994,-31.994,409.558,409.558,6900.0
1.1593,-31.002,-31.002,409.688,409.688,6900.0
1.1594,-30.044,-30.044,409.777,409.777,6900.0
1.1595,-29.009,-29.009,409.823,409.823,6900.0
1.1596,-27.961,-27.961,409.819,409.819,6900.0
1.1597,-27.185,-27.185,409.765,409.765,6900.0
1.1598,-26.071,-26.071,409.682,409.682,6900.0
1.1599,-25.236,-25.236,409.567,409.567,6900.0
1.16,-24.027,-24.027,409.424,409.424,6900.0
1.1601,-22.846,-22.846,409.228,409.228,6900.0
1.1602,-21.908,-21.908,408.979,408.979,6900.0
1.1603,-21.096,-21.096,408.699,408.699,6900.0
1.1604,-20.29,-20.29,408.405,408.405,6900.0
1.1605,-18.82,-18.82,408.093,408.093,6900.0
1.1606,-17.147,-17.147,407.73,407.73,6900.0
1.1607,-15.971,-15.971,407.311,407.311,6900.0
1.1608,-14.96,-14.96,406.859,406.859,6900.0
1.1609,-14.116,-14.116,406.381,406.381,6900.0
1.161,-12.847,-12.847,405.887,405.887,6900.0
1.1611,-11.362,-11.362,405.361,405.361,6900.0
1.1612,-10.214,-10.214,404.803,404.803,6900.0
1.1613,-9.054,-9.054,404.227,404.227,6900.0
1.1614,-7.952,-7.952,403.634,403.634,6900.0
1.1615,-6.566,-6.566,403.029,403.029,6900.0
1.1616,-4.981,-4.981,402.408,402.408,6900.0
1.1617,-3.679,-3.679,401.77,401.77,6900.0
1.1618,-2.181,-2.181,401.121,401.121,6900.0
1.1619,-0.936,-0.936,400.464,400.464,6900.0
1.162,-0.901,-0.901,399.801,399.801,6900.0
1.1621,0.127,0.127,399.137,399.137,6900.0
1.1622,1.163,1.163,398.471,398.471,6900.0
1.1623,1.784,1.784,397.807,397.807,6900.0
1.1624,3.001,3.001,397.146,397.146,6900.0
1.1625,3.947,3.947,396.491,396.491,6900.0
1.1626,4.996,4.996,395.843,395.843,6900.0
1.1627,6.451,6.451,395.2,395.2,6900.0
1.1628,7.694,7.694,394.572,394.572,6900.0
1.1629,9.234,9.234,393.958,393.958,6900.0
1.163,10.639,10.639,393.368,393.368,6900.0
1.1631,11.548,11.548,392.796,392.796,6900.0
1.1632,13.167,13.167,392.234,392.234,6900.0
1.1633,14.686,14.686,391.704,391.704,6900.0
1.1634,16.269,16.269,391.213,391.213,6900.0
1.1635,17.513,17.513,390.778,390.778,6900.0
1.1636,18.485,18.485,390.374,390.374,6900.0
1.1637,19.732,19.732,389.981,389.981,6900.0
1.1638,21.103,21.103,389.62,389.62,6900.0
1.1639,22.506,22.506,389.306,389.306,6900.0
1.164,23.634,23.634,389.05,389.05,6900.0
1.1641,24.6,24.6,388.835,388.835,6900.0
1.1642,25.587,25.587,388.646,388.646,6900.0
1.1643,26.941,26.941,388.489,388.489,6900.0
1.1644,28.229,28.229,388.382,388.382,6900.0
1.1645,29.327,29.327,388.331,388.331,6900.0
1.1646,30.225,30.225,388.328,388.328,6900.0
1.1647,31.016,31.016,388.373,388.373,6900.0
1.1648,32.008,32.008,388.458,388.458,6900.0
1.1649,32.788,32.788,388.586,388.586,6900.0
1.165,33.712,33.712,388.747,388.747,6900.0
1.1651,34.656,34.656,388.952,388.952,6900.0
1.1652,35.71,35.71,389.206,389.206,6900.0
1.1653,36.407,36.407,389.513,389.513,6900.0
1.1654,37.143,37.143,389.847,389.847,6900.0
1.1655,38.01,38.01,390.205,390.205,6900.0
1.1656,38.685,38.685,390.609,390.609,6900.0
1.1657,39.57,39.57,391.056,391.056,6900.0
1.1658,40.049,40.049,391.558,391.558,6900.0
1.1659,40.25,40.25,392.082,392.082,6900.0
1.166,40.81,40.81,392.615,392.615,6900.0
1.1661,41.172,41.172,393.182,393.182,6900.0
1.1662,41.822,41.822,393.774,393.774,6900.0
1.1663,42.266,42.141,394.411,394.411,6900.0
1.1664,42.256,42.256,395.057,395.057,6900.0
1.1665,42.636,42.636,395.702,395.702,6900.0
1.1666,42.646,42.646,396.368,396.368,6900.0
1.1667,42.817,42.817,397.028,397.028,6900.0
1.1668,42.969,42.969,397.711,397.711,6900.0
1.1669,42.804,42.804,398.397,398.397,6900.0
1.167,43.017,43.017,399.077,399.077,6900.0
1.1671,42.884,42.884,399.768,399.768,6900.0
1.1672,42.704,42.704,400.443,400.443,6900.0
1.1673,42.767,42.767,401.124,401.124,6900.0
1.1674,42.482,42.482,401.803,401.803,6900.0
1.1675,42.369,42.369,402.474,402.474,6900.0
1.1676,41.953,41.953,403.141,403.141,6900.0
1.1677,41.379,41.379,403.773,403.773,6900.0
1.1678,41.252,41.252,404.378,404.378,6900.0
1.1679,40.78,40.78,404.966,404.966,6900.0
1.168,40.455,40.455,405.536,405.536,6900.0
1.1681,39.962,39.962,406.087,406.087,6900.0
1.1682,39.36,39.36,406.599,406.599,6900.0
1.1683,39.048,39.048,407.078,407.078,6900.0
1.1684,38.42,38.42,407.535,407.535,6900.0
1.1685,37.791,37.791,407.971,407.971,6900.0
1.1686,37.105,37.105,408.379,408.379,6900.0
1.1687,36.242,36.242,408.749,408.749,6900.0
1.1688,35.485,35.485,409.073,409.073,6900.0
1.1689,34.69,34.69,409.359,409.359,6900.0
1.169,34.0,34.0,409.611,409.611,6900.0
1.1691,33.126,33.126,409.83,409.83,6900.0
1.1692,32.198,32.198,410.008,410.008,6900.0
1.1693,31.302,31.302,410.142,410.142,6900.0
1.1694,30.431,30.431,410.231,410.231,6900.0
1.1695,29.405,29.405,410.274,410.274,6900.0
1.1696,28.385,28.385,410.275,410.275,6900.0
1.1697,27.481,27.481,410.24,410.24,6900.0
1.1698,26.296,26.296,410.179,410.179,6900.0
1.1699,25.047,25.047,410.071,410.071,6900.0
1.17,24.022,24.022,409.905,409.905,6900.0
1.1701,23.431,23.431,409.698,409.698,6900.0
1.1702,22.604,22.604,409.472,409.472,6900.0
1.1703,21.758,21.378,409.232,409.232,6900.0
1.1704,19.689,19.689,408.949,408.949,6900.0
1.1705,18.344,18.344,408.598,408.598,6900.0
1.1706,17.557,17.557,408.202,408.202,6900.0
1.1707,16.695,16.695,407.78,407.78,6900.0
1.1708,15.796,15.796,407.344,407.344,6900.0
1.1709,14.267,14.267,406.886,406.886,6900.0
1.171,12.899,12.899,406.388,406.388,6900.0
1.1711,11.44,11.44,405.865,405.865,6900.0
1.1712,10.14,10.14,405.316,405.316,6900.0
1.1713,8.821,8.821,404.751,404.751,6900.0
1.1714,7.491,7.491,404.166,404.166,6900.0
1.1715,6.015,6.015,403.559,403.559,6900.0
1.1716,4.584,4.584,402.934,402.934,6900.0
1.1717,3.172,3.172,402.294,402.294,6900.0
1.1718,2.049,2.049,401.643,401.643,6900.0
1.1719,0.832,0.832,400.985,400.985,6900.0
1.172,0.0,0.0,400.323,400.323,6900.0
1.1721,0.0,0.0,399.66,399.66,6900.0
1.1722,-1.307,-1.307,398.995,398.995,6900.0
1.1723,-2.051,-2.051,398.332,398.332,6900.0
1.1724,-2.913,-2.913,397.672,397.672,6900.0
1.1725,-4.108,-4.108,397.014,397.014,6900.0
1.1726,-5.423,-5.423,396.363,396.363,6900.0
1.1727,-6.589,-6.589,395.722,395.722,6900.0
1.1728,-8.049,-8.049,395.096,395.096,6900.0
1.1729,-9.267,-9.267,394.488,394.488,6900.0
1.173,-10.432,-10.432,393.893,393.893,6900.0
1.1731,-12.125,-12.125,393.316,393.316,6900.0
1.1732,-13.521,-13.521,392.77,392.77,6900.0
1.1733,-15.012,-15.012,392.264,392.264,6900.0
1.1734,-16.081,-16.081,391.799,391.799,6900.0
1.1735,-17.02,-17.02,391.348,391.348,6900.0
1.1736,-18.393,-18.393,390.913,390.913,6900.0
1.1737,-19.948,-19.948,390.517,390.517,6900.0
1.1738,-21.504,-21.504,390.177,390.177,6900.0
1.1739,-22.589,-22.589,389.89,389.89,6900.0
1.174,-23.375,-23.375,389.629,389.629,6900.0
1.1741,-24.711,-24.711,389.388,389.388,6900.0
1.1742,-26.11,-26.11,389.189,389.189,6900.0
1.1743,-27.458,-27.458,389.043,389.043,6900.0
1.1744,-28.589,-28.589,388.952,388.952,6900.0
1.1745,-29.62,-29.62,388.908,388.908,6900.0
1.1746,-30.759,-30.759,388.908,388.908,6900.0
1.1747,-31.687,-31.687,388.958,388.958,6900.0
1.1748,-32.612,-32.612,389.053,389.053,6900.0
1.1749,-33.621,-33.621,389.194,389.194,6900.0
1.175,-34.579,-34.579,389.385,389.385,6900.0
1.1751,-35.5,-35.5,389.627,389.627,6900.0
1.1752,-36.137,-36.137,389.91,389.91,6900.0
1.1753,-36.816,-36.816,390.215,390.215,6900.0
1.1754,-37.789,-37.789,390.55,390.55,6900.0
1.1755,-38.657,-38.657,390.927,390.927,6900.0
1.1756,-39.315,-39.315,391.361,391.361,6900.0
1.1757,-39.74,-39.74,391.83,391.83,6900.0
1.1758,-40.179,-40.179,392.312,392.312,6900.0
1.1759,-40.736,-40.736,392.825,392.825,6900.0
1.176,-41.242,-41.242,393.368,393.368,6900.0
1.1761,-41.826,-41.826,393.961,393.961,6900.0
1.1762,-41.853,-41.853,394.591,394.591,6900.0
1.1763,-42.161,-42.161,395.214,395.214,6900.0
1.1764,-42.663,-42.535,395.858,395.858,6900.0
1.1765,-42.74,-42.74,396.511,396.511,6900.0
1.1766,-42.985,-42.985,397.185,397.185,6900.0
1.1767,-42.967,-42.967,397.872,397.872,6900.0
1.1768,-43.029,-43.029,398.541,398.541,6900.0
1.1769,-43.046,-43.046,399.224,399.224,6900.0
1.177,-42.855,-42.855,399.902,399.902,6900.0
1.1771,-42.983,-42.983,400.575,400.575,6900.0
1.1772,-42.792,-42.792,401.264,401.264,6900.0
1.1773,-42.794,-42.794,401.938,401.938,6900.0
1.1774,-42.562,-42.562,402.628,402.628,6900.0
1.1775,-42.168,-42.168,403.302,403.302,6900.0
1.1776,-41.996,-41.996,403.947,403.947,6900.0
1.1777,-41.628,-41.628,404.587,404.587,6900.0
1.1778,-41.478,-41.478,405.197,405.197,6900.0
1.1779,-41.002,-41.002,405.805,405.805,6900.0
1.178,-40.28,-40.28,406.38,406.38,6900.0
1.1781,-39.729,-39.729,406.905,406.905,6900.0
1.1782,-39.238,-39.238,407.407,407.407,6900.0
1.1783,-38.886,-38.886,407.88,407.88,6900.0
1.1784,-38.237,-38.237,408.345,408.345,6900.0
1.1785,-37.541,-37.541,408.777,408.777,6900.0
1.1786,-36.775,-36.775,409.167,409.167,6900.0
1.1787,-36.126,-36.126,409.521,409.521,6900.0
1.1788,-35.589,-35.589,409.841,409.841,6900.0
1.1789,-34.926,-34.926,410.137,410.137,6900.0
1.179,-34.1,-34.1,410.398,410.398,6900.0
1.1791,-33.137,-33.137,410.616,410.616,6900.0
1.1792,-32.394,-32.394,410.787,410.787,6900.0
1.1793,-31.254,-31.254,410.922,410.922,6900.0
1.1794,-30.316,-30.316,411.007,411.007,6900.0
1.1795,-29.449,-29.449,411.054,411.054,6900.0
1.1796,-28.5,-28.5,411.069,411.069,6900.0
1.1797,-27.166,-27.166,411.046,411.046,6900.0
1.1798,-26.005,-26.005,410.968,410.968,6900.0
1.1799,-25.086,-25.086,410.838,410.838,6900.0
1.18,-24.353,-24.353,410.674,410.674,6900.0
1.1801,-23.46,-23.46,410.492,410.492,6900.0
1.1802,-22.057,-22.057,410.285,410.285,6900.0
1.1803,-20.608,-20.608,410.018,410.018,6900.0
1.1804,-20.085,-19.66,409.693,409.693,6900.0
1.1805,-18.827,-18.827,409.336,409.336,6900.0
1.1806,-17.752,-17.752,408.963,408.963,6900.0
1.1807,-16.269,-16.269,408.571,408.571,6900.0
1.1808,-14.647,-14.647,408.138,408.138,6900.0
1.1809,-13.618,-13.618,407.661,407.661,6900.0
1.181,-12.426,-12.426,407.159,407.159,6900.0
1.1811,-11.619,-11.619,406.634,406.634,6900.0
1.1812,-10.357,-10.357,406.095,406.095,6900.0
1.1813,-8.748,-8.748,405.529,405.529,6900.0
1.1814,-7.65,-7.65,404.935,404.935,6900.0
1.1815,-6.131,-6.131,404.326,404.326,6900.0
1.1816,-5.026,-5.026,403.699,403.699,6900.0
1.1817,-3.584,-3.584,403.061,403.061,6900.0
1.1818,-2.339,-2.339,402.413,402.413,6900.0
1.1819,-1.158,-1.158,401.757,401.757,6900.0
1.182,-0.959,-0.959,401.097,401.097,6900.0
1.1821,0.182,0.182,400.435,400.435,6900.0
1.1822,1.015,1.015,399.771,399.771,6900.0
1.1823,1.908,1.908,399.109,399.109,6900.0
1.1824,2.816,2.816,398.448,398.448,6900.0
1.1825,3.722,3.722,397.792,397.792,6900.0
1.1826,5.207,5.207,397.142,397.142,6900.0
1.1827,6.357,6.357,396.507,396.507,6900.0
1.1828,7.289,7.289,395.884,395.884,6900.0
1.1829,8.805,8.805,395.269,395.269,6900.0
1.183,10.309,10.309,394.676,394.676,6900.0
1.1831,12.02,12.02,394.106,394.106,6900.0
1.1832,13.437,13.437,393.573,393.573,6900.0
1.1833,14.362,14.362,393.064,393.064,6900.0
1.1834,15.734,15.734,392.563,392.563,6900.0
1.1835,17.365,17.365,392.092,392.092,6900.0
1.1836,18.94,18.94,391.669,391.669,6900.0
1.1837,20.266,20.266,391.306,391.306,6900.0
1.1838,21.142,21.142,390.982,390.982,6900.0
1.1839,22.276,22.276,390.673,390.673,6900.0
1.184,23.564,23.564,390.395,390.395,6900.0
1.1841,24.901,24.901,390.163,390.163,6900.0
1.1842,25.867,25.867,389.987,389.987,6900.0
1.1843,26.963,26.963,389.85,389.85,6900.0
1.1844,27.998,27.998,389.75,389.75,6900.0
1.1845,29.115,29.115,389.688,389.688,6900.0
1.1846,30.216,30.216,389.672,389.672,6900.0
1.1847,31.163,31.163,389.705,389.705,6900.0
1.1848,32.05,32.05,389.787,389.787,6900.0
1.1849,32.757,32.757,389.92,389.92,6900.0
1.185,33.607,33.607,390.093,390.093,6900.0
1.1851,34.336,34.336,390.302,390.302,6900.0
1.1852,35.294,35.294,390.539,390.539,6900.0
1.1853,36.045,36.045,390.819,390.819,6900.0
1.1854,36.957,36.957,391.145,391.145,6900.0
1.1855,37.676,37.676,391.519,391.519,6900.0
1.1856,38.309,38.309,391.918,391.918,6900.0
1.1857,38.997,38.997,392.339,392.339,6900.0
1.1858,39.651,39.651,392.8,392.8,6900.0
1.1859,40.347,40.347,393.301,393.301,6900.0
1.186,40.734,40.734,393.856,393.856,6900.0
1.1861,40.839,40.839,394.431,394.431,6900.0
1.1862,41.274,41.274,395.009,395.009,6900.0
1.1863,41.515,41.515,395.617,395.617,6900.0
1.1864,42.044,42.044,396.234,396.234,6900.0
1.1865,42.108,42.108,396.891,396.891,6900.0
1.1866,42.292,42.292,397.541,397.541,6900.0
1.1867,42.601,42.601,398.191,398.191,6900.0
1.1868,42.438,42.438,398.858,398.858,6900.0
1.1869,42.575,42.575,399.508,399.508,6900.0
1.187,42.487,42.487,400.181,400.181,6900.0
1.1871,42.181,42.181,400.849,400.849,6900.0
1.1872,42.236,42.236,401.51,401.51,6900.0
1.1873,42.095,42.095,402.18,402.18,6900.0
1.1874,41.976,41.976,402.828,402.828,6900.0
1.1875,41.851,41.851,403.48,403.48,6900.0
1.1876,41.428,41.428,404.119,404.119,6900.0
1.1877,41.098,41.098,404.745,404.745,6900.0
1.1878,40.731,40.731,405.355,405.355,6900.0
1.1879,40.165,40.165,405.926,405.926,6900.0
1.188,39.809,39.809,406.466,406.466,6900.0
1.1881,39.233,39.233,406.983,406.983,6900.0
1.1882,38.965,38.965,407.477,407.477,6900.0
1.1883,38.384,38.384,407.956,407.956,6900.0
1.1884,37.598,37.598,408.399,408.399,6900.0
1.1885,37.147,37.147,408.798,408.798,6900.0
1.1886,36.399,36.399,409.174,409.174,6900.0
1.1887,35.832,35.832,409.523,409.523,6900.0
1.1888,35.133,35.133,409.845,409.845,6900.0
1.1889,34.259,34.259,410.13,410.13,6900.0
1.189,33.257,33.257,410.37,410.37,6900.0
1.1891,32.585,32.585,410.564,410.564,6900.0
1.1892,31.731,31.731,410.725,410.725,6900.0
1.1893,30.868,30.868,410.846,410.846,6900.0
1.1894,29.878,29.878,410.929,410.929,6900.0
1.1895,28.73,28.73,410.975,410.975,6900.0
1.1896,27.703,27.703,410.97,410.97,6900.0
1.1897,26.761,26.761,410.914,410.914,6900.0
1.1898,25.891,25.891,410.818,410.818,6900.0
1.1899,25.185,25.185,410.693,410.693,6900.0
1.19,24.099,24.099,410.55,410.55,6900.0
1.1901,22.575,22.575,410.365,410.365,6900.0
1.1902,21.354,21.354,410.115,410.115,6900.0
1.1903,20.549,20.549,409.821,409.821,6900.0
1.1904,19.772,19.772,409.509,409.509,6900.0
1.1905,19.25,18.845,409.186,409.186,6900.0
1.1906,17.148,17.148,408.835,408.835,6900.0
1.1907,15.736,15.736,408.424,408.424,6900.0
1.1908,14.797,14.797,407.973,407.973,6900.0
1.1909,13.663,13.663,407.493,407.493,6900.0
1.191,12.562,12.562,406.994,406.994,6900.0
1.1911,11.23,11.23,406.47,406.47,6900.0
1.1912,9.886,9.886,405.914,405.914,6900.0
1.1913,8.845,8.845,405.335,405.335,6900.0
1.1914,7.538,7.538,404.739,404.739,6900.0
1.1915,6.305,6.305,404.13,404.13,6900.0
1.1916,4.543,4.543,403.508,403.508,6900.0
1.1917,2.889,2.889,402.869,402.869,6900.0
1.1918,1.919,1.919,402.219,402.219,6900.0
1.1919,0.9,0.9,401.563,401.563,6900.0
1.192,0.922,0.922,400.902,400.902,6900.0
1.1921,-0.061,-0.061,400.24,400.24,6900.0
1.1922,-0.892,-0.892,399.576,399.576,6900.0
1.1923,-2.334,-2.334,398.914,398.914,6900.0
1.1924,-2.987,-2.987,398.255,398.255,6900.0
1.1925,-4.293,-4.293,397.603,397.603,6900.0
1.1926,-5.196,-5.196,396.959,396.959,6900.0
1.1927,-6.346,-6.346,396.322,396.322,6900.0
1.1928,-7.997,-7.997,395.695,395.695,6900.0
1.1929,-9.418,-9.418,395.085,395.085,6900.0
1.193,-10.944,-10.944,394.498,394.498,6900.0
1.1931,-11.757,-11.757,393.936,393.936,6900.0
1.1932,-12.905,-12.905,393.382,393.382,6900.0
1.1933,-14.636,-14.636,392.846,392.846,6900.0
1.1934,-16.097,-16.097,392.348,392.348,6900.0
1.1935,-17.67,-17.67,391.899,391.899,6900.0
1.1936,-18.603,-18.603,391.502,391.502,6900.0
1.1937,-19.424,-19.424,391.122,391.122,6900.0
1.1938,-20.771,-20.771,390.76,390.76,6900.0
1.1939,-22.251,-22.251,390.439,390.439,6900.0
1.194,-23.662,-23.662,390.173,390.173,6900.0
1.1941,-24.737,-24.737,389.959,389.959,6900.0
1.1942,-25.532,-25.532,389.78,389.78,6900.0
1.1943,-26.736,-26.736,389.626,389.626,6900.0
1.1944,-27.826,-27.826,389.516,389.516,6900.0
1.1945,-29.339,-29.068,389.451,389.451,6900.0
1.1946,-30.077,-30.077,389.439,389.439,6900.0
1.1947,-30.902,-30.902,389.476,389.476,6900.0
1.1948,-32.031,-32.031,389.553,389.553,6900.0
1.1949,-33.04,-33.04,389.68,389.68,6900.0
1.195,-33.861,-33.861,389.849,389.849,6900.0
1.1951,-34.825,-34.825,390.057,390.057,6900.0
1.1952,-35.852,-35.852,390.311,390.311,6900.0
1.1953,-36.56,-36.56,390.623,390.623,6900.0
1.1954,-37.224,-37.224,390.967,390.967,6900.0
1.1955,-37.795,-37.795,391.334,391.334,6900.0
1.1956,-38.6,-38.6,391.731,391.731,6900.0
1.1957,-39.275,-39.275,392.167,392.167,6900.0
1.1958,-39.85,-39.85,392.656,392.656,6900.0
1.1959,-40.07,-40.07,393.18,393.18,6900.0
1.196,-40.328,-40.328,393.707,393.707,6900.0
1.1961,-40.878,-40.878,394.259,394.259,6900.0
1.1962,-41.259,-41.259,394.834,394.834,6900.0
1.1963,-41.826,-41.826,395.447,395.447,6900.0
1.1964,-41.961,-41.961,396.09,396.09,6900.0
1.1965,-42.189,-42.189,396.725,396.725,6900.0
1.1966,-42.39,-42.39,397.379,397.379,6900.0
1.1967,-42.307,-42.307,398.034,398.034,6900.0
1.1968,-42.429,-42.429,398.695,398.695,6900.0
1.1969,-42.062,-42.062,399.37,399.37,6900.0
1.197,-42.138,-42.138,400.02,400.02,6900.0
1.1971,-42.269,-42.269,400.684,400.684,6900.0
1.1972,-41.978,-41.978,401.347,401.347,6900.0
1.1973,-42.079,-42.079,401.995,401.995,6900.0
1.1974,-41.8,-41.8,402.653,402.653,6900.0
1.1975,-41.428,-41.428,403.293,403.293,6900.0
1.1976,-41.333,-41.333,403.93,403.93,6900.0
1.1977,-40.881,-40.881,404.552,404.552,6900.0
1.1978,-40.682,-40.682,405.134,405.134,6900.0
1.1979,-40.328,-40.328,405.708,405.708,6900.0
1.198,-39.951,-39.951,406.254,406.254,6900.0
1.1981,-39.55,-39.55,406.79,406.79,6900.0
1.1982,-38.819,-38.819,407.298,407.298,6900.0
1.1983,-38.263,-38.263,407.758,407.758,6900.0
1.1984,-37.574,-37.574,408.194,408.194,6900.0
1.1985,-37.095,-37.095,408.597,408.597,6900.0
1.1986,-36.512,-36.512,408.986,408.986,6900.0
1.1987,-35.652,-35.652,409.345,409.345,6900.0
1.1988,-34.812,-34.812,409.656,409.656,6900.0
1.1989,-34.06,-34.06,409.926,409.926,6900.0
1.199,-33.209,-33.209,410.16,410.16,6900.0
1.1991,-32.503,-32.503,410.356,410.356,6900.0
1.1992,-31.789,-31.789,410.516,410.516,6900.0
1.1993,-30.851,-30.851,410.64,410.64,6900.0
1.1994,-29.828,-29.828,410.719,410.719,6900.0
1.1995,-28.686,-28.686,410.751,410.751,6900.0
1.1996,-27.706,-27.706,410.734,410.734,6900.0
1.1997,-26.816,-26.816,410.681,410.681,6900.0
1.1998,-25.94,-25.94,410.6,410.6,6900.0
1.1999,-24.824,-24.824,410.489,410.489,6900.0
1.2,-23.637,-23.637,410.327,410.327,6900.0
1.2001,-22.805,-22.805,410.114,410.114,6900.0
1.2002,-22.001,-22.001,409.872,409.872,6900.0
1.2003,-21.198,-21.198,409.613,409.613,6900.0
1.2004,-19.565,-19.565,409.335,409.335,6900.0
1.2005,-18.027,-18.027,408.997,408.997,6900.0
1.2006,-17.495,-17.044,408.602,408.602,6900.0
1.2007,-15.954,-15.954,408.174,408.174,6900.0
1.2008,-15.31,-15.31,407.72,407.72,6900.0
1.2009,-14.13,-14.13,407.254,407.254,6900.0
1.201,-12.58,-12.58,406.757,406.757,6900.0
1.2011,-11.235,-11.235,406.226,406.226,6900.0
1.2012,-9.907,-9.907,405.674,405.674,6900.0
1.2013,-9.019,-9.019,405.102,405.102,6900.0
1.2014,-7.722,-7.722,404.518,404.518,6900.0
1.2015,-6.142,-6.142,403.915,403.915,6900.0
1.2016,-4.745,-4.745,403.292,403.292,6900.0
1.2017,-3.277,-3.277,402.654,402.654,6900.0
1.2018,-2.06,-2.06,402.004,402.004,6900.0
1.2019,-0.79,-0.79,401.347,401.347,6900.0
1.202,-0.0,-0.0,400.686,400.686,6900.0
1.2021,-0.0,-0.0,400.023,400.023,6900.0
1.2022,1.403,1.403,399.359,399.359,6900.0
1.2023,1.992,1.992,398.697,398.697,6900.0
1.2024,2.724,2.724,398.038,398.038,6900.0
1.2025,3.858,3.858,397.382,397.382,6900.0
1.2026,5.133,5.133,396.731,396.731,6900.0
1.2027,6.345,6.345,396.09,396.09,6900.0
1.2028,7.953,7.953,395.46,395.46,6900.0
1.2029,9.126,9.126,394.852,394.852,6900.0
1.203,10.292,10.292,394.259,394.259,6900.0
1.2031,11.77,11.77,393.678,393.678,6900.0
1.2032,13.261,13.261,393.126,393.126,6900.0
1.2033,14.919,14.919,392.608,392.608,6900.0
1.2034,16.135,16.135,392.142,392.142,6900.0
1.2035,17.01,17.01,391.702,391.702,6900.0
1.2036,18.166,18.166,391.275,391.275,6900.0
1.2037,19.543,19.543,390.876,390.876,6900.0
1.2038,21.087,21.087,390.521,390.521,6900.0
1.2039,22.206,22.206,390.227,390.227,6900.0
1.204,23.041,23.041,389.969,389.969,6900.0
1.2041,24.391,24.391,389.727,389.727,6900.0
1.2042,25.657,25.657,389.523,389.523,6900.0
1.2043,26.717,26.717,389.367,389.367,6900.0
1.2044,27.662,27.662,389.262,389.262,6900.0
1.2045,28.666,28.666,389.2,389.2,6900.0
1.2046,29.982,29.726,389.183,389.183,6900.0
1.2047,30.632,30.632,389.213,389.213,6900.0
1.2048,31.75,31.75,389.285,389.285,6900.0
1.2049,32.726,32.726,389.403,389.403,6900.0
1.205,33.474,33.474,389.569,389.569,6900.0
1.2051,34.433,34.433,389.78,389.78,6900.0
1.2052,35.143,35.143,390.036,390.036,6900.0
1.2053,35.767,35.767,390.321,390.321,6900.0
1.2054,36.681,36.681,390.624,390.624,6900.0
1.2055,37.441,37.441,390.971,390.971,6900.0
1.2056,38.343,38.343,391.362,391.362,6900.0
1.2057,38.813,38.813,391.808,391.808,6900.0
1.2058,39.19,39.19,392.274,392.274,6900.0
1.2059,40.047,40.047,392.752,392.752,6900.0
1.206,40.409,40.409,393.281,393.281,6900.0
1.2061,40.974,40.974,393.839,393.839,6900.0
1.2062,41.206,41.206,394.446,394.446,6900.0
1.2063,41.268,41.268,395.063,395.063,6900.0
1.2064,41.598,41.598,395.679,395.679,6900.0
1.2065,41.65,41.65,396.314,396.314,6900.0
1.2066,41.888,41.888,396.944,396.944,6900.0
1.2067,42.006,42.006,397.598,397.598,6900.0
1.2068,42.035,42.035,398.246,398.246,6900.0
1.2069,42.404,42.404,398.89,398.89,6900.0
1.207,42.304,42.304,399.554,399.554,6900.0
1.2071,42.311,42.311,400.202,400.202,6900.0
1.2072,42.202,42.202,400.868,400.868,6900.0
1.2073,41.954,41.954,401.529,401.529,6900.0
1.2074,41.817,41.817,402.189,402.189,6900.0
1.2075,41.553,41.553,402.847,402.847,6900.0
1.2076,41.241,41.241,403.478,403.478,6900.0
1.2077,40.929,40.929,404.099,404.099,6900.0
1.2078,40.406,40.406,404.695,404.695,6900.0
1.2079,40.143,40.143,405.27,405.27,6900.0
1.208,39.663,39.663,405.826,405.826,6900.0
1.2081,39.193,39.193,406.338,406.338,6900.0
1.2082,38.888,38.888,406.82,406.82,6900.0
1.2083,38.274,38.274,407.281,407.281,6900.0
1.2084,37.656,37.656,407.721,407.721,6900.0
1.2085,37.001,37.001,408.138,408.138,6900.0
1.2086,36.155,36.155,408.518,408.518,6900.0
1.2087,35.406,35.406,408.857,408.857,6900.0
1.2088,34.811,34.811,409.162,409.162,6900.0
1.2089,34.19,34.19,409.441,409.441,6900.0
1.209,33.233,33.233,409.69,409.69,6900.0
1.2091,32.409,32.409,409.893,409.893,6900.0
1.2092,31.486,31.486,410.054,410.054,6900.0
1.2093,30.718,30.718,410.167,410.167,6900.0
1.2094,29.855,29.855,410.236,410.236,6900.0
1.2095,28.92,28.92,410.264,410.264,6900.0
1.2096,27.935,27.935,410.256,410.256,6900.0
1.2097,26.962,26.962,410.218,410.218,6900.0
1.2098,25.816,25.816,410.139,410.139,6900.0
1.2099,24.777,24.777,410.005,410.005,6900.0
1.21,23.873,23.873,409.832,409.832,6900.0
1.2101,22.957,22.957,409.635,409.635,6900.0
1.2102,21.906,21.906,409.42,409.42,6900.0
1.2103,20.478,20.478,409.164,409.164,6900.0
1.2104,19.087,19.087,408.845,408.845,6900.0
1.2105,18.196,18.196,408.478,408.478,6900.0
1.2106,17.498,17.498,408.084,408.084,6900.0
1.2107,16.443,16.443,407.679,407.679,6900.0
1.2108,14.869,14.869,407.248,407.248,6900.0
1.2109,13.456,13.456,406.771,406.771,6900.0
1.211,12.391,12.391,406.264,406.264,6900.0
1.2111,11.273,11.273,405.734,405.734,6900.0
1.2112,9.97,9.97,405.19,405.19,6900.0
1.2113,8.577,8.577,404.623,404.623,6900.0
1.2114,7.157,7.157,404.031,404.031,6900.0
1.2115,5.899,5.899,403.419,403.419,6900.0
1.2116,4.563,4.563,402.79,402.79,6900.0
1.2117,3.158,3.158,402.149,402.149,6900.0
1.2118,1.827,1.827,401.498,401.498,6900.0
1.2119,0.632,0.632,400.839,400.839,6900.0
1.212,0.0,0.0,400.177,400.177,6900.0
1.2121,0.0,0.0,399.513,399.513,6900.0
1.2122,-1.501,-1.501,398.849,398.849,6900.0
1.2123,-2.021,-2.021,398.185,398.185,6900.0
1.2124,-3.03,-3.03,397.523,397.523,6900.0
1.2125,-4.231,-4.231,396.866,396.866,6900.0
1.2126,-5.568,-5.568,396.216,396.216,6900.0
1.2127,-7.04,-7.04,395.579,395.579,6900.0
1.2128,-8.063,-8.063,394.959,394.959,6900.0
1.2129,-9.208,-9.208,394.348,394.348,6900.0
1.213,-10.826,-10.826,393.752,393.752,6900.0
1.2131,-11.996,-11.996,393.184,393.184,6900.0
1.2132,-13.569,-13.569,392.648,392.648,6900.0
1.2133,-14.374,-14.374,392.148,392.148,6900.0
1.2134,-15.433,-15.433,391.657,391.657,6900.0
1.2135,-16.902,-16.902,391.185,391.185,6900.0
1.2136,-18.721,-18.721,390.75,390.75,6900.0
1.2137,-20.332,-20.332,390.375,390.375,6900.0
1.2138,-21.331,-21.331,390.055,390.055,6900.0
1.2139,-22.132,-22.132,389.758,389.758,6900.0
1.214,-23.284,-23.284,389.48,389.48,6900.0
1.2141,-24.685,-24.685,389.237,389.237,6900.0
1.2142,-25.887,-25.887,389.048,389.048,6900.0
1.2143,-27.049,-27.049,388.906,388.906,6900.0
1.2144,-28.056,-28.056,388.808,388.808,6900.0
1.2145,-28.993,-28.993,388.75,388.75,6900.0
1.2146,-30.209,-30.209,388.732,388.732,6900.0
1.2147,-31.502,-31.256,388.766,388.766,6900.0
1.2148,-32.403,-32.403,388.849,388.849,6900.0
1.2149,-33.668,-33.668,388.987,388.987,6900.0
1.215,-34.491,-34.491,389.186,389.186,6900.0
1.2151,-35.022,-35.022,389.427,389.427,6900.0
1.2152,-35.769,-35.769,389.688,389.688,6900.0
1.2153,-36.521,-36.521,389.985,389.985,6900.0
1.2154,-37.416,-37.416,390.315,390.315,6900.0
1.2155,-38.19,-38.19,390.699,390.699,6900.0
1.2156,-38.509,-38.509,391.12,391.12,6900.0
1.2157,-38.989,-38.989,391.55,391.55,6900.0
1.2158,-39.72,-39.72,392.01,392.01,6900.0
1.2159,-40.256,-40.256,392.507,392.507,6900.0
1.216,-40.984,-40.984,393.056,393.056,6900.0
1.2161,-41.387,-41.387,393.645,393.645,6900.0
1.2162,-41.651,-41.651,394.244,394.244,6900.0
1.2163,-41.995,-41.995,394.867,394.867,6900.0
1.2164,-42.186,-42.186,395.502,395.502,6900.0
1.2165,-42.52,-42.52,396.159,396.159,6900.0
1.2166,-42.532,-42.532,396.835,396.835,6900.0
1.2167,-42.598,-42.598,397.495,397.495,6900.0
1.2168,-42.557,-42.557,398.167,398.167,6900.0
1.2169,-42.464,-42.464,398.828,398.828,6900.0
1.217,-42.673,-42.673,399.489,399.489,6900.0
1.2171,-42.446,-42.446,400.167,400.167,6900.0
1.2172,-42.448,-42.448,400.828,400.828,6900.0
1.2173,-42.372,-42.372,401.503,401.503,6900.0
1.2174,-42.07,-42.07,402.171,402.171,6900.0
1.2175,-42.015,-42.015,402.817,402.817,6900.0
1.2176,-41.616,-41.616,403.464,403.464,6900.0
1.2177,-41.381,-41.381,404.086,404.086,6900.0
1.2178,-41.015,-41.015,404.707,404.707,6900.0
1.2179,-40.446,-40.446,405.299,405.299,6900.0
1.218,-40.111,-40.111,405.845,405.845,6900.0
1.2181,-39.459,-39.459,406.376,406.376,6900.0
1.2182,-39.18,-39.18,406.869,406.869,6900.0
1.2183,-38.527,-38.527,407.357,407.357,6900.0
1.2184,-37.741,-37.741,407.808,407.808,6900.0
1.2185,-37.116,-37.116,408.213,408.213,6900.0
1.2186,-36.575,-36.575,408.589,408.589,6900.0
1.2187,-35.925,-35.925,408.936,408.936,6900.0
1.2188,-35.336,-35.336,409.257,409.257,6900.0
1.2189,-34.601,-34.601,409.546,409.546,6900.0
1.219,-33.711,-33.711,409.796,409.796,6900.0
1.2191,-32.902,-32.902,410.004,410.004,6900.0
1.2192,-32.198,-32.198,410.169,410.169,6900.0
1.2193,-31.209,-31.209,410.3,410.3,6900.0
1.2194,-30.105,-30.105,410.389,410.389,6900.0
1.2195,-29.198,-29.198,410.436,410.436,6900.0
1.2196,-27.916,-27.916,410.445,410.445,6900.0
1.2197,-26.797,-26.797,410.399,410.399,6900.0
1.2198,-25.9,-25.9,410.301,410.301,6900.0
1.2199,-25.001,-25.001,410.171,410.171,6900.0
1.22,-24.279,-24.279,410.017,410.017,6900.0
1.2201,-23.069,-23.069,409.839,409.839,6900.0
1.2202,-21.563,-21.563,409.606,409.606,6900.0
1.2203,-20.488,-20.488,409.314,409.314,6900.0
1.2204,-19.8,-19.8,408.988,408.988,6900.0
1.2205,-19.012,-19.012,408.65,408.65,6900.0
1.2206,-17.411,-17.411,408.299,408.299,6900.0
1.2207,-15.745,-15.745,407.898,407.898,6900.0
1.2208,-14.794,-14.794,407.448,407.448,6900.0
1.2209,-13.792,-13.792,406.971,406.971,6900.0
1.221,-12.859,-12.859,406.47,406.47,6900.0
1.2211,-11.472,-11.472,405.951,405.951,6900.0
1.2212,-9.883,-9.883,405.402,405.402,6900.0
1.2213,-8.811,-8.811,404.822,404.822,6900.0
1.2214,-7.519,-7.519,404.226,404.226,6900.0
1.2215,-6.468,-6.468,403.612,403.612,6900.0
1.2216,-4.821,-4.821,402.988,402.988,6900.0
1.2217,-3.45,-3.45,402.349,402.349,6900.0
1.2218,-2.267,-2.267,401.699,401.699,6900.0
1.2219,-1.015,-1.015,401.043,401.043,6900.0
1.222,-1.035,-1.035,400.381,400.381,6900.0
1.2221,0.075,0.075,399.718,399.718,6900.0
1.2222,1.375,1.375,399.053,399.053,6900.0
1.2223,1.582,1.582,398.389,398.389,6900.0
1.2224,2.629,2.629,397.728,397.728,6900.0
1.2225,3.803,3.803,397.071,397.071,6900.0
1.2226,5.011,5.011,396.425,396.425,6900.0
1.2227,6.191,6.191,395.788,395.788,6900.0
1.2228,7.62,7.62,395.16,395.16,6900.0
1.2229,9.15,9.15,394.549,394.549,6900.0
1.223,10.772,10.772,393.958,393.958,6900.0
1.2231,11.819,11.819,393.398,393.398,6900.0
1.2232,12.894,12.894,392.854,392.854,6900.0
1.2233,14.414,14.414,392.32,392.32,6900.0
1.2234,16.019,16.019,391.817,391.817,6900.0
1.2235,17.752,17.752,391.357,391.357,6900.0
1.2236,19.026,19.026,390.958,390.958,6900.0
1.2237,19.795,19.795,390.594,390.594,6900.0
1.2238,20.923,20.923,390.243,390.243,6900.0
1.2239,22.396,22.396,389.924,389.924,6900.0
1.224,23.788,23.788,389.655,389.655,6900.0
1.2241,25.03,25.03,389.443,389.443,6900.0
1.2242,25.968,25.968,389.276,389.276,6900.0
1.2243,27.0,27.0,389.139,389.139,6900.0
1.2244,28.107,28.107,389.039,389.039,6900.0
1.2245,29.119,29.119,388.984,388.984,6900.0
1.2246,30.202,30.202,388.973,388.973,6900.0
1.2247,31.294,31.294,389.011,389.011,6900.0
1.2248,32.115,32.115,389.101,389.101,6900.0
1.2249,32.78,32.78,389.235,389.235,6900.0
1.225,33.641,33.641,389.399,389.399,6900.0
1.2251,34.701,34.701,389.598,389.598,6900.0
1.2252,35.482,35.482,389.848,389.848,6900.0
1.2253,36.45,36.45,390.148,390.148,6900.0
1.2254,37.085,37.085,390.497,390.497,6900.0
1.2255,37.745,37.745,390.871,390.871,6900.0
1.2256,38.628,38.628,391.265,391.265,6900.0
1.2257,39.183,39.183,391.704,391.704,6900.0
1.2258,39.803,39.803,392.183,392.183,6900.0
1.2259,40.053,40.053,392.709,392.709,6900.0
1.226,40.286,40.286,393.249,393.249,6900.0
1.2261,41.006,41.006,393.795,393.795,6900.0
1.2262,41.448,41.448,394.379,394.379,6900.0
1.2263,41.819,41.819,394.988,394.988,6900.0
1.2264,41.978,41.978,395.634,395.634,6900.0
1.2265,41.931,41.931,396.283,396.283,6900.0
1.2266,42.3,42.3,396.926,396.926,6900.0
1.2267,42.289,42.289,397.588,397.588,6900.0
1.2268,42.635,42.635,398.237,398.237,6900.0
1.2269,42.723,42.723,398.915,398.915,6900.0
1.227,42.638,42.638,399.591,399.591,6900.0
1.2271,42.598,42.598,400.266,400.266,6900.0
1.2272,42.29,42.29,400.945,400.945,6900.0
1.2273,42.202,42.202,401.597,401.597,6900.0
1.2274,42.199,42.199,402.256,402.256,6900.0
1.2275,41.861,41.861,402.911,402.911,6900.0
1.2276,41.751,41.751,403.556,403.556,6900.0
1.2277,41.266,41.266,404.195,404.195,6900.0
1.2278,40.716,40.716,404.799,404.799,6900.0
1.2279,40.358,40.358,405.374,405.374,6900.0
1.228,39.944,39.944,405.924,405.924,6900.0
1.2281,39.664,39.664,406.456,406.456,6900.0
1.2282,39.013,39.013,406.97,406.97,6900.0
1.2283,38.355,38.355,407.441,407.441,6900.0
1.2284,38.042,38.042,407.874,407.874,6900.0
1.2285,37.568,37.568,408.285,408.285,6900.0
1.2286,36.943,36.943,408.679,408.679,6900.0
1.2287,35.953,35.953,409.047,409.047,6900.0
1.2288,35.416,35.196,409.367,409.367,6900.0
1.2289,34.399,34.399,409.647,409.647,6900.0
1.229,33.539,33.539,409.889,409.889,6900.0
1.2291,32.823,32.823,410.092,410.092,6900.0
1.2292,31.787,31.787,410.262,410.262,6900.0
1.2293,30.969,30.969,410.386,410.386,6900.0
1.2294,30.027,30.027,410.473,410.473,6900.0
1.2295,29.036,29.036,410.515,410.515,6900.0
1.2296,28.011,28.011,410.504,410.504,6900.0
1.2297,27.074,27.074,410.45,410.45,6900.0
1.2298,26.099,26.099,410.366,410.366,6900.0
1.2299,25.032,25.032,410.257,410.257,6900.0
1.23,23.74,23.74,410.105,410.105,6900.0
1.2301,22.804,22.804,409.891,409.891,6900.0
1.2302,22.047,22.047,409.639,409.639,6900.0
1.2303,21.156,21.156,409.368,409.368,6900.0
1.2304,20.047,20.047,409.085,409.085,6900.0
1.2305,18.399,18.399,408.765,408.765,6900.0
1.2306,17.029,17.029,408.384,408.384,6900.0
1.2307,15.988,15.988,407.962,407.962,6900.0
1.2308,15.053,15.053,407.507,407.507,6900.0
1.2309,13.98,13.98,407.035,407.035,6900.0
1.231,12.526,12.526,406.538,406.538,6900.0
1.2311,11.227,11.227,406.004,406.004,6900.0
1.2312,10.11,10.11,405.447,405.447,6900.0
1.2313,8.915,8.915,404.87,404.87,6900.0
1.2314,7.602,7.602,404.281,404.281,6900.0
1.2315,6.118,6.118,403.675,403.675,6900.0
1.2316,4.448,4.448,403.051,403.051,6900.0
1.2317,3.083,3.083,402.411,402.411,6900.0
1.2318,1.777,1.777,401.761,401.761,6900.0
1.2319,0.648,0.648,401.103,401.103,6900.0
1.232,0.598,0.598,400.441,400.441,6900.0
1.2321,0.0,0.0,399.778,399.778,6900.0
1.2322,-2.227,-2.227,399.113,399.113,6900.0
1.2323,-1.928,-1.928,398.453,398.453,6900.0
1.2324,-3.027,-3.027,397.794,397.794,6900.0
1.2325,-4.153,-4.153,397.141,397.141,6900.0
1.2326,-5.122,-5.122,396.493,396.493,6900.0
1.2327,-6.614,-6.614,395.854,395.854,6900.0
1.2328,-7.933,-7.933,395.226,395.226,6900.0
1.2329,-9.499,-9.499,394.618,394.618,6900.0
1.233,-10.578,-10.578,394.031,394.031,6900.0
1.2331,-11.786,-11.786,393.455,393.455,6900.0
1.2332,-13.411,-13.411,392.898,392.898,6900.0
1.2333,-14.931,-14.931,392.375,392.375,6900.0
1.2334,-16.43,-16.43,391.899,391.899,6900.0
1.2335,-17.306,-17.306,391.47,391.47,6900.0
1.2336,-18.342,-18.342,391.056,391.056,6900.0
1.2337,-19.666,-19.666,390.662,390.662,6900.0
1.2338,-21.108,-21.108,390.305,390.305,6900.0
1.2339,-22.654,-22.654,390.002,390.002,6900.0
1.234,-23.724,-23.724,389.754,389.754,6900.0
1.2341,-24.586,-24.586,389.537,389.537,6900.0
1.2342,-25.853,-25.853,389.344,389.344,6900.0
1.2343,-27.139,-27.139,389.192,389.192,6900.0
1.2344,-28.304,-28.304,389.093,389.093,6900.0
1.2345,-29.25,-29.25,389.046,389.046,6900.0
1.2346,-30.474,-30.474,389.044,389.044,6900.0
1.2347,-31.584,-31.584,389.095,389.095,6900.0
1.2348,-32.555,-32.555,389.194,389.194,6900.0
1.2349,-33.245,-33.245,389.336,389.336,6900.0
1.235,-34.167,-34.167,389.514,389.514,6900.0
1.2351,-35.226,-35.226,389.736,389.736,6900.0
1.2352,-36.222,-36.222,390.014,390.014,6900.0
1.2353,-36.755,-36.755,390.337,390.337,6900.0
1.2354,-37.38,-37.38,390.676,390.676,6900.0
1.2355,-38.208,-38.208,391.047,391.047,6900.0
1.2356,-38.92,-38.92,391.456,391.456,6900.0
1.2357,-39.504,-39.504,391.919,391.919,6900.0
1.2358,-39.833,-39.833,392.416,392.416,6900.0
1.2359,-40.318,-40.318,392.92,392.92,6900.0
1.236,-40.86,-40.86,393.458,393.458,6900.0
1.2361,-41.388,-41.388,394.022,394.022,6900.0
1.2362,-41.829,-41.829,394.634,394.634,6900.0
1.2363,-42.085,-42.085,395.274,395.274,6900.0
1.2364,-42.274,-42.274,395.913,395.913,6900.0
1.2365,-42.533,-42.533,396.569,396.569,6900.0
1.2366,-42.492,-42.492,397.229,397.229,6900.0
1.2367,-42.701,-42.701,397.897,397.897,6900.0
1.2368,-42.71,-42.71,398.578,398.578,6900.0
1.2369,-42.707,-42.707,399.245,399.245,6900.0
1.237,-42.725,-42.725,399.924,399.924,6900.0
1.2371,-42.69,-42.69,400.595,400.595,6900.0
1.2372,-42.626,-42.626,401.265,401.265,6900.0
1.2373,-42.344,-42.344,401.943,401.943,6900.0
1.2374,-42.253,-42.253,402.603,402.603,6900.0
1.2375,-41.975,-41.975,403.272,403.272,6900.0
1.2376,-41.635,-41.635,403.922,403.922,6900.0
1.2377,-41.501,-41.501,404.539,404.539,6900.0
1.2378,-41.053,-41.053,405.151,405.151,6900.0
1.2379,-40.663,-40.663,405.734,405.734,6900.0
1.238,-40.291,-40.291,406.304,406.304,6900.0
1.2381,-39.353,-39.353,406.848,406.848,6900.0
1.2382,-38.902,-38.902,407.334,407.334,6900.0
1.2383,-38.443,-38.443,407.798,407.798,6900.0
1.2384,-37.892,-37.892,408.237,408.237,6900.0
1.2385,-37.151,-37.151,408.66,408.66,6900.0
1.2386,-36.661,-36.661,409.046,409.046,6900.0
1.2387,-36.049,-36.049,409.394,409.394,6900.0
1.2388,-35.145,-35.145,409.713,409.713,6900.0
1.2389,-34.707,-34.478,409.991,409.991,6900.0
1.239,-33.631,-33.631,410.238,410.238,6900.0
1.2391,-32.875,-32.875,410.446,410.446,6900.0
1.2392,-31.854,-31.854,410.618,410.618,6900.0
1.2393,-30.936,-30.936,410.74,410.74,6900.0
1.2394,-30.091,-30.091,410.816,410.816,6900.0
1.2395,-29.132,-29.132,410.848,410.848,6900.0
1.2396,-28.036,-28.036,410.842,410.842,6900.0
1.2397,-27.183,-27.183,410.802,410.802,6900.0
1.2398,-26.168,-26.168,410.728,410.728,6900.0
1.2399,-24.863,-24.863,410.607,410.607,6900.0
1.24,-23.928,-23.928,410.431,410.431,6900.0
1.2401,-23.063,-23.063,410.225,410.225,6900.0
1.2402,-22.112,-22.112,410.002,410.002,6900.0
1.2403,-20.678,-20.678,409.755,409.755,6900.0
1.2404,-19.092,-19.092,409.448,409.448,6900.0
1.2405,-18.086,-18.086,409.081,409.081,6900.0
1.2406,-17.223,-17.223,408.679,408.679,6900.0
1.2407,-16.319,-16.319,408.259,408.259,6900.0
1.2408,-15.076,-15.076,407.822,407.822,6900.0
1.2409,-13.494,-13.494,407.351,407.351,6900.0
1.241,-12.439,-12.439,406.842,406.842,6900.0
1.2411,-11.017,-11.017,406.314,406.314,6900.0
1.2412,-10.002,-10.002,405.763,405.763,6900.0
1.2413,-8.475,-8.475,405.198,405.198,6900.0
1.2414,-6.898,-6.898,404.609,404.609,6900.0
1.2415,-5.697,-5.697,403.996,403.996,6900.0
1.2416,-4.574,-4.574,403.368,403.368,6900.0
1.2417,-3.374,-3.374,402.727,402.727,6900.0
1.2418,-2.233,-2.233,402.076,402.076,6900.0
1.2419,-1.035,-1.035,401.419,401.419,6900.0
1.242,-0.0,-0.0,400.758,400.758,6900.0
1.2421,-0.0,-0.0,400.095,400.095,6900.0
1.2422,0.69,0.69,399.432,399.432,6900.0
1.2423,1.76,1.76,398.77,398.77,6900.0
1.2424,2.681,2.681,398.109,398.109,6900.0
1.2425,3.973,3.973,397.452,397.452,6900.0
1.2426,5.353,5.353,396.801,396.801,6900.0
1.2427,6.87,6.87,396.162,396.162,6900.0
1.2428,7.944,7.944,395.543,395.543,6900.0
1.2429,8.963,8.963,394.935,394.935,6900.0
1.243,10.379,10.379,394.338,394.338,6900.0
1.2431,11.984,11.984,393.766,393.766,6900.0
1.2432,13.713,13.713,393.225,393.225,6900.0
1.2433,14.777,14.777,392.732,392.732,6900.0
1.2434,15.716,15.716,392.26,392.26,6900.0
1.2435,16.989,16.989,391.797,391.797,6900.0
1.2436,18.713,18.713,391.363,391.363,6900.0
1.2437,20.295,20.295,390.978,390.978,6900.0
1.2438,21.46,21.46,390.655,390.655,6900.0
1.2439,22.359,22.359,390.368,390.368,6900.0
1.244,23.341,23.341,390.099,390.099,6900.0
1.2441,24.627,24.627,389.86,389.86,6900.0
1.2442,26.014,26.014,389.668,389.668,6900.0
1.2443,27.079,27.079,389.533,389.533,6900.0
1.2444,27.976,27.976,389.443,389.443,6900.0
1.2445,28.896,28.896,389.392,389.392,6900.0
1.2446,29.913,29.913,389.382,389.382,6900.0
1.2447,31.064,31.064,389.416,389.416,6900.0
1.2448,31.874,31.874,389.499,389.499,6900.0
1.2449,32.734,32.734,389.624,389.624,6900.0
1.245,33.694,33.694,389.796,389.796,6900.0
1.2451,34.544,34.544,390.015,390.015,6900.0
1.2452,35.256,35.256,390.268,390.268,6900.0
1.2453,36.157,36.157,390.545,390.545,6900.0
1.2454,36.886,36.886,390.867,390.867,6900.0
1.2455,37.77,37.77,391.234,391.234,6900.0
1.2456,38.535,38.535,391.648,391.648,6900.0
1.2457,39.034,39.034,392.092,392.092,6900.0
1.2458,39.757,39.757,392.553,392.553,6900.0
1.2459,40.192,40.192,393.055,393.055,6900.0
1.246,40.93,40.93,393.588,393.588,6900.0
1.2461,40.987,40.987,394.179,394.179,6900.0
1.2462,41.155,41.155,394.774,394.774,6900.0
1.2463,41.717,41.717,395.373,395.373,6900.0
1.2464,41.781,41.781,396.002,396.002,6900.0
1.2465,42.203,42.203,396.631,396.631,6900.0
1.2466,42.193,42.193,397.297,397.297,6900.0
1.2467,42.127,42.127,397.957,397.957,6900.0
1.2468,42.347,42.347,398.61,398.61,6900.0
1.2469,42.311,42.311,399.274,399.274,6900.0
1.247,42.342,42.342,399.928,399.928,6900.0
1.2471,42.411,42.411,400.597,400.597,6900.0
1.2472,42.205,42.205,401.264,401.264,6900.0
1.2473,42.106,42.106,401.928,401.928,6900.0
1.2474,41.741,41.741,402.594,402.594,6900.0
1.2475,41.387,41.387,403.229,403.229,6900.0
1.2476,41.342,41.342,403.855,403.855,6900.0
1.2477,40.906,40.906,404.469,404.469,6900.0
1.2478,40.697,40.697,405.066,405.066,6900.0
1.2479,40.202,40.202,405.652,405.652,6900.0
1.248,39.565,39.565,406.197,406.197,6900.0
1.2481,39.226,39.226,406.706,406.706,6900.0
1.2482,38.755,38.755,407.193,407.193,6900.0
1.2483,38.414,38.414,407.663,407.663,6900.0
1.2484,37.565,37.565,408.115,408.115,6900.0
1.2485,36.844,36.844,408.521,408.521,6900.0
1.2486,36.216,36.216,408.888,408.888,6900.0
1.2487,35.513,35.513,409.223,409.223,6900.0
1.2488,34.874,34.874,409.53,409.53,6900.0
1.2489,34.185,34.185,409.808,409.808,6900.0
1.249,33.332,33.332,410.048,410.048,6900.0
1.2491,32.35,32.35,410.246,410.246,6900.0
1.2492,31.596,31.596,410.397,410.397,6900.0
1.2493,30.583,30.583,410.51,410.51,6900.0
1.2494,29.685,29.685,410.579,410.579,6900.0
1.2495,28.903,28.903,410.612,410.612,6900.0
1.2496,27.738,27.738,410.614,410.614,6900.0
1.2497,26.494,26.494,410.569,410.569,6900.0
1.2498,25.642,25.642,410.463,410.463,6900.0
1.2499,24.765,24.765,410.32,410.32,6900.0
1.25,24.003,24.003,410.151,410.151,6900.0
1.2501,22.845,22.845,409.968,409.968,6900.0
1.2502,21.353,21.353,409.742,409.742,6900.0
1.2503,20.211,20.211,409.449,409.449,6900.0
1.2504,19.263,19.263,409.115,409.115,6900.0
1.2505,18.45,18.45,408.755,408.755,6900.0
1.2506,17.381,17.381,408.386,408.386,6900.0
1.2507,15.786,15.786,407.987,407.987,6900.0
1.2508,14.59,14.59,407.538,407.538,6900.0
1.2509,13.717,13.717,407.058,407.058,6900.0
1.251,12.531,12.531,406.553,406.553,6900.0
1.2511,11.48,11.48,406.03,406.03,6900.0
1.2512,9.993,9.993,405.485,405.485,6900.0
1.2513,8.348,8.348,404.91,404.91,6900.0
1.2514,7.168,7.168,404.311,404.311,6900.0
1.2515,5.78,5.78,403.696,403.696,6900.0
1.2516,4.558,4.558,403.066,403.066,6900.0
1.2517,3.332,3.332,402.425,402.425,6900.0
1.2518,1.688,1.688,401.775,401.775,6900.0
1.2519,0.549,0.549,401.116,401.116,6900.0
1.252,0.0,0.0,400.455,400.455,6900.0
1.2521,0.0,0.0,399.791,399.791,6900.0
1.2522,-1.784,-1.784,399.127,399.127,6900.0
1.2523,-2.847,-2.847,398.463,398.463,6900.0
1.2524,-3.552,-3.552,397.804,397.804,6900.0
1.2525,-4.47,-4.47,397.15,397.15,6900.0
1.2526,-5.863,-5.863,396.506,396.506,6900.0
1.2527,-7.025,-7.025,395.875,395.875,6900.0
1.2528,-7.952,-7.952,395.255,395.255,6900.0
1.2529,-9.471,-9.471,394.646,394.646,6900.0
1.253,-11.458,-10.966,394.058,394.058,6900.0
1.2531,-12.279,-12.279,393.501,393.501,6900.0
1.2532,-13.322,-13.322,392.972,392.972,6900.0
1.2533,-14.336,-14.336,392.455,392.455,6900.0
1.2534,-15.85,-15.85,391.955,391.955,6900.0
1.2535,-17.509,-17.509,391.49,391.49,6900.0
1.2536,-19.226,-19.226,391.08,391.08,6900.0
1.2537,-20.163,-20.163,390.726,390.726,6900.0
1.2538,-21.13,-21.13,390.392,390.392,6900.0
1.2539,-22.36,-22.36,390.081,390.081,6900.0
1.254,-23.657,-23.657,389.809,389.809,6900.0
1.2541,-25.124,-25.124,389.587,389.587,6900.0
1.2542,-26.06,-26.06,389.418,389.418,6900.0
1.2543,-27.272,-27.272,389.284,389.284,6900.0
1.2544,-28.45,-28.45,389.19,389.19,6900.0
1.2545,-29.474,-29.474,389.142,389.142,6900.0
1.2546,-30.525,-30.525,389.14,389.14,6900.0
1.2547,-31.496,-31.496,389.187,389.187,6900.0
1.2548,-32.556,-32.556,389.282,389.282,6900.0
1.2549,-33.512,-33.512,389.431,389.431,6900.0
1.255,-34.254,-34.254,389.623,389.623,6900.0
1.2551,-35.036,-35.036,389.845,389.845,6900.0
1.2552,-36.004,-36.004,390.103,390.103,6900.0
1.2553,-36.752,-36.752,390.409,390.409,6900.0
1.2554,-37.309,-37.309,390.766,390.766,6900.0
1.2555,-37.867,-37.867,391.151,391.151,6900.0
1.2556,-38.588,-38.588,391.552,391.552,6900.0
1.2557,-39.364,-39.364,391.992,391.992,6900.0
1.2558,-39.919,-39.919,392.468,392.468,6900.0
1.2559,-40.402,-40.402,392.994,392.994,6900.0
1.256,-40.646,-40.646,393.552,393.552,6900.0
1.2561,-41.121,-41.121,394.113,394.113,6900.0
1.2562,-41.532,-41.532,394.706,394.706,6900.0
1.2563,-41.783,-41.783,395.316,395.316,6900.0
1.2564,-42.227,-42.227,395.953,395.953,6900.0
1.2565,-42.27,-42.27,396.615,396.615,6900.0
1.2566,-42.264,-42.264,397.267,397.267,6900.0
1.2567,-42.58,-42.58,397.926,397.926,6900.0
1.2568,-42.319,-42.319,398.592,398.592,6900.0
1.2569,-42.332,-42.332,399.253,399.253,6900.0
1.257,-42.272,-42.272,399.923,399.923,6900.0
1.2571,-42.366,-42.366,400.58,400.58,6900.0
1.2572,-42.176,-42.176,401.256,401.256,6900.0
1.2573,-42.085,-42.085,401.914,401.914,6900.0
1.2574,-42.126,-42.126,402.562,402.562,6900.0
1.2575,-41.898,-41.898,403.215,403.215,6900.0
1.2576,-41.507,-41.507,403.851,403.851,6900.0
1.2577,-41.096,-41.096,404.482,404.482,6900.0
1.2578,-40.558,-40.558,405.084,405.084,6900.0
1.2579,-40.356,-40.356,405.642,405.642,6900.0
1.258,-39.892,-39.892,406.191,406.191,6900.0
1.2581,-39.374,-39.374,406.713,406.713,6900.0
1.2582,-38.682,-38.682,407.221,407.221,6900.0
1.2583,-38.065,-38.065,407.691,407.691,6900.0
1.2584,-37.457,-37.457,408.118,408.118,6900.0
1.2585,-36.886,-36.886,408.516,408.516,6900.0
1.2586,-36.307,-36.307,408.885,408.885,6900.0
1.2587,-35.653,-35.653,409.231,409.231,6900.0
1.2588,-34.962,-34.962,409.541,409.541,6900.0
1.2589,-34.351,-34.351,409.812,409.812,6900.0
1.259,-33.601,-33.601,410.048,410.048,6900.0
1.2591,-32.887,-32.887,410.248,410.248,6900.0
1.2592,-31.912,-31.912,410.413,410.413,6900.0
1.2593,-31.033,-31.033,410.538,410.538,6900.0
1.2594,-29.93,-29.93,410.627,410.627,6900.0
1.2595,-28.841,-28.841,410.67,410.67,6900.0
1.2596,-27.787,-27.787,410.661,410.661,6900.0
1.2597,-26.814,-26.814,410.603,410.603,6900.0
1.2598,-26.006,-26.006,410.508,410.508,6900.0
1.2599,-25.089,-25.089,410.389,410.389,6900.0
1.26,-23.741,-23.741,410.241,410.241,6900.0
1.2601,-22.317,-22.317,410.035,410.035,6900.0
1.2602,-21.329,-21.329,409.772,409.772,6900.0
1.2603,-20.554,-20.554,409.478,409.478,6900.0
1.2604,-19.69,-19.69,409.172,409.172,6900.0
1.2605,-18.326,-18.326,408.849,408.849,6900.0
1.2606,-16.702,-16.702,408.478,408.478,6900.0
1.2607,-15.708,-15.708,408.054,408.054,6900.0
1.2608,-14.478,-14.478,407.6,407.6,6900.0
1.2609,-13.644,-13.644,407.117,407.117,6900.0
1.261,-12.323,-12.323,406.617,406.617,6900.0
1.2611,-10.936,-10.936,406.084,406.084,6900.0
1.2612,-9.98,-9.98,405.52,405.52,6900.0
1.2613,-8.75,-8.75,404.94,404.94,6900.0
1.2614,-7.419,-7.419,404.343,404.343,6900.0
1.2615,-6.115,-6.115,403.732,403.732,6900.0
1.2616,-4.483,-4.483,403.106,403.106,6900.0
1.2617,-3.18,-3.18,402.466,402.466,6900.0
1.2618,-1.863,-1.863,401.816,401.816,6900.0
1.2619,-0.772,-0.772,401.158,401.158,6900.0
1.262,-0.671,-0.671,400.496,400.496,6900.0
1.2621,-0.0,-0.0,399.833,399.833,6900.0
1.2622,1.742,1.742,399.169,399.169,6900.0
1.2623,1.776,1.776,398.507,398.507,6900.0
1.2624,3.101,3.101,397.847,397.847,6900.0
1.2625,4.0,4.0,397.195,397.195,6900.0
1.2626,5.241,5.241,396.55,396.55,6900.0
1.2627,6.589,6.589,395.912,395.912,6900.0
1.2628,7.9,7.9,395.288,395.288,6900.0
1.2629,9.698,9.698,394.68,394.68,6900.0
1.263,10.973,10.973,394.099,394.099,6900.0
1.2631,12.38,11.891,393.534,393.534,6900.0
1.2632,13.371,13.371,392.979,392.979,6900.0
1.2633,14.943,14.943,392.452,392.452,6900.0
1.2634,16.558,16.558,391.966,391.966,6900.0
1.2635,17.888,17.888,391.536,391.536,6900.0
1.2636,18.747,18.747,391.141,391.141,6900.0
1.2637,19.852,19.852,390.76,390.76,6900.0
1.2638,21.187,21.187,390.409,390.409,6900.0
1.2639,22.53,22.53,390.103,390.103,6900.0
1.264,23.628,23.628,389.853,389.853,6900.0
1.2641,24.739,24.739,389.642,389.642,6900.0
1.2642,25.829,25.829,389.462,389.462,6900.0
1.2643,26.939,26.939,389.318,389.318,6900.0
1.2644,28.076,28.076,389.217,389.217,6900.0
1.2645,29.047,29.047,389.165,389.165,6900.0
1.2646,30.11,30.11,389.159,389.159,6900.0
1.2647,31.123,31.123,389.203,389.203,6900.0
1.2648,31.989,31.989,389.294,389.294,6900.0
1.2649,32.79,32.79,389.424,389.424,6900.0
1.265,33.76,33.76,389.588,389.588,6900.0
1.2651,34.592,34.592,389.798,389.798,6900.0
1.2652,35.629,35.629,390.057,390.057,6900.0
1.2653,36.366,36.366,390.366,390.366,6900.0
1.2654,36.934,36.934,390.705,390.705,6900.0
1.2655,37.782,37.782,391.061,391.061,6900.0
1.2656,38.28,38.28,391.464,391.464,6900.0
1.2657,39.033,39.033,391.905,391.905,6900.0
1.2658,39.442,39.442,392.395,392.395,6900.0
1.2659,39.849,39.849,392.903,392.903,6900.0
1.266,40.552,40.552,393.423,393.423,6900.0
1.2661,40.84,40.84,393.983,393.983,6900.0
1.2662,41.545,41.545,394.561,394.561,6900.0
1.2663,41.518,41.518,395.193,395.193,6900.0
1.2664,41.54,41.54,395.82,395.82,6900.0
1.2665,41.872,41.872,396.444,396.444,6900.0
1.2666,41.881,41.881,397.089,397.089,6900.0
1.2667,42.095,42.095,397.727,397.727,6900.0
1.2668,42.309,42.309,398.39,398.39,6900.0
1.2669,42.339,42.339,399.056,399.056,6900.0
1.267,42.455,42.455,399.724,399.724,6900.0
1.2671,42.305,42.305,400.4,400.4,6900.0
1.2672,42.063,42.063,401.058,401.058,6900.0
1.2673,41.997,41.997,401.717,401.717,6900.0
1.2674,41.734,41.734,402.37,402.37,6900.0
1.2675,41.669,41.669,403.015,403.015,6900.0
1.2676,41.291,41.291,403.658,403.658,6900.0
1.2677,40.86,40.86,404.266,404.266,6900.0
1.2678,40.592,40.592,404.854,404.854,6900.0
1.2679,40.028,40.028,405.421,405.421,6900.0
1.268,39.636,39.636,405.969,405.969,6900.0
1.2681,39.13,39.13,406.496,406.496,6900.0
1.2682,38.54,38.54,406.984,406.984,6900.0
1.2683,38.137,38.137,407.438,407.438,6900.0
1.2684,37.627,37.627,407.867,407.867,6900.0
1.2685,37.169,37.169,408.278,408.278,6900.0
1.2686,36.404,36.404,408.665,408.665,6900.0
1.2687,35.611,35.611,409.011,409.011,6900.0
1.2688,34.931,34.931,409.313,409.313,6900.0
1.2689,34.16,34.16,409.58,409.58,6900.0
1.269,33.332,33.332,409.813,409.813,6900.0
1.2691,32.49,32.49,410.01,410.01,6900.0
1.2692,31.553,31.553,410.168,410.168,6900.0
1.2693,30.549,30.549,410.286,410.286,6900.0
1.2694,29.625,29.625,410.356,410.356,6900.0
1.2695,28.777,28.777,410.378,410.378,6900.0
1.2696,27.916,27.916,410.361,410.361,6900.0
1.2697,26.924,26.924,410.313,410.313,6900.0
1.2698,25.906,25.906,410.237,410.237,6900.0
1.2699,24.529,24.529,410.117,410.117,6900.0
1.27,23.467,23.467,409.935,409.935,6900.0
1.2701,22.618,22.618,409.713,409.713,6900.0
1.2702,21.983,21.983,409.468,409.468,6900.0
1.2703,20.826,20.826,409.214,409.214,6900.0
1.2704,19.215,19.215,408.921,408.921,6900.0
1.2705,17.808,17.808,408.563,408.563,6900.0
1.2706,17.061,17.061,408.16,408.16,6900.0
1.2707,16.024,16.024,407.73,407.73,6900.0
1.2708,15.061,15.061,407.283,407.283,6900.0
1.2709,13.61,13.61,406.811,406.811,6900.0
1.271,12.134,12.134,406.301,406.301,6900.0
1.2711,11.017,11.017,405.764,405.764,6900.0
1.2712,9.723,9.723,405.207,405.207,6900.0
1.2713,8.563,8.563,404.634,404.634,6900.0
1.2714,7.157,7.157,404.044,404.044,6900.0
1.2715,5.63,5.63,403.433,403.433,6900.0
1.2716,4.319,4.319,402.805,402.805,6900.0
1.2717,2.905,2.905,402.163,402.163,6900.0
1.2718,1.792,1.792,401.51,401.51,6900.0
1.2719,0.715,0.715,400.851,400.851,6900.0
1.272,-0.007,-0.007,400.189,400.189,6900.0
1.2721,0.0,0.0,399.525,399.525,6900.0
1.2722,-1.406,-1.406,398.861,398.861,6900.0
1.2723,-2.293,-2.293,398.199,398.199,6900.0
1.2724,-3.226,-3.226,397.54,397.54,6900.0
1.2725,-4.356,-4.356,396.885,396.885,6900.0
1.2726,-5.609,-5.609,396.236,396.236,6900.0
1.2727,-6.94,-6.94,395.597,395.597,6900.0
1.2728,-8.373,-8.373,394.976,394.976,6900.0
1.2729,-9.433,-9.433,394.373,394.373,6900.0
1.273,-10.654,-10.654,393.781,393.781,6900.0
1.2731,-12.228,-12.228,393.207,393.207,6900.0
1.2732,-13.626,-13.626,392.663,392.663,6900.0
1.2733,-15.234,-15.234,392.162,392.162,6900.0
1.2734,-16.213,-16.213,391.702,391.702,6900.0
1.2735,-17.08,-17.08,391.258,391.258,6900.0
1.2736,-18.591,-18.591,390.829,390.829,6900.0
1.2737,-20.135,-20.135,390.44,390.44,6900.0
1.2738,-21.57,-21.57,390.106,390.106,6900.0
1.2739,-22.662,-22.662,389.821,389.821,6900.0
1.274,-23.587,-23.587,389.566,389.566,6900.0
1.2741,-24.811,-24.811,389.336,389.336,6900.0
1.2742,-26.0,-26.0,389.146,389.146,6900.0
1.2743,-27.347,-27.347,389.004,389.004,6900.0
1.2744,-28.34,-28.34,388.917,388.917,6900.0
1.2745,-29.339,-29.339,388.877,388.877,6900.0
1.2746,-30.504,-30.504,388.881,388.881,6900.0
1.2747,-31.529,-31.529,388.934,388.934,6900.0
1.2748,-32.438,-32.438,389.031,389.031,6900.0
1.2749,-33.423,-33.423,389.171,389.171,6900.0
1.275,-34.443,-34.443,389.357,389.357,6900.0
1.2751,-35.214,-35.214,389.598,389.598,6900.0
1.2752,-36.046,-36.046,389.872,389.872,6900.0
1.2753,-36.746,-36.746,390.175,390.175,6900.0
1.2754,-37.53,-37.53,390.512,390.512,6900.0
1.2755,-38.283,-38.283,390.887,390.887,6900.0
1.2756,-39.026,-39.026,391.318,391.318,6900.0
1.2757,-39.425,-39.425,391.788,391.788,6900.0
1.2758,-39.832,-39.832,392.272,392.272,6900.0
1.2759,-40.365,-40.365,392.785,392.785,6900.0
1.276,-40.883,-40.883,393.325,393.325,6900.0
1.2761,-41.466,-41.466,393.91,393.91,6900.0
1.2762,-41.713,-41.713,394.53,394.53,6900.0
1.2763,-41.895,-41.895,395.148,395.148,6900.0
1.2764,-42.139,-42.139,395.783,395.783,6900.0
1.2765,-42.39,-42.39,396.422,396.422,6900.0
1.2766,-42.509,-42.509,397.083,397.083,6900.0
1.2767,-42.484,-42.484,397.756,397.756,6900.0
1.2768,-42.55,-42.55,398.416,398.416,6900.0
1.2769,-42.51,-42.51,399.092,399.092,6900.0
1.277,-42.32,-42.32,399.762,399.762,6900.0
1.2771,-42.762,-42.762,400.424,400.424,6900.0
1.2772,-42.588,-42.46,401.114,401.114,6900.0
1.2773,-42.483,-42.483,401.78,401.78,6900.0
1.2774,-42.338,-42.338,402.461,402.461,6900.0
1.2775,-41.889,-41.889,403.128,403.128,6900.0
1.2776,-41.709,-41.709,403.759,403.759,6900.0
1.2777,-41.306,-41.306,404.384,404.384,6900.0
1.2778,-41.071,-41.071,404.978,404.978,6900.0
1.2779,-40.604,-40.604,405.568,405.568,6900.0
1.278,-40.122,-40.122,406.127,406.127,6900.0
1.2781,-39.488,-39.488,406.646,406.646,6900.0
1.2782,-38.975,-38.975,407.14,407.14,6900.0
1.2783,-38.544,-38.544,407.608,407.608,6900.0
1.2784,-37.796,-37.796,408.065,408.065,6900.0
1.2785,-37.033,-37.033,408.488,408.488,6900.0
1.2786,-36.313,-36.313,408.865,408.865,6900.0
1.2787,-35.596,-35.596,409.207,409.207,6900.0
1.2788,-34.897,-34.897,409.511,409.511,6900.0
1.2789,-34.161,-34.161,409.785,409.785,6900.0
1.279,-33.283,-33.283,410.023,410.023,6900.0
1.2791,-32.489,-32.489,410.216,410.216,6900.0
1.2792,-31.47,-31.47,410.368,410.368,6900.0
1.2793,-30.678,-30.678,410.47,410.47,6900.0
1.2794,-29.817,-29.817,410.532,410.532,6900.0
1.2795,-29.015,-29.015,410.558,410.558,6900.0
1.2796,-28.113,-28.113,410.557,410.557,6900.0
1.2797,-26.927,-26.927,410.521,410.521,6900.0
1.2798,-25.791,-25.791,410.433,410.433,6900.0
1.2799,-24.931,-24.931,410.293,410.293,6900.0
1.28,-24.129,-24.129,410.123,410.123,6900.0
1.2801,-23.073,-23.073,409.934,409.934,6900.0
1.2802,-21.615,-21.615,409.718,409.718,6900.0
1.2803,-20.141,-20.141,409.44,409.44,6900.0
1.2804,-19.124,-19.124,409.103,409.103,6900.0
1.2805,-18.107,-18.107,408.732,408.732,6900.0
1.2806,-17.293,-17.293,408.339,408.339,6900.0
1.2807,-15.985,-15.985,407.931,407.931,6900.0
1.2808,-14.293,-14.293,407.487,407.487,6900.0
1.2809,-13.249,-13.249,407.0,407.0,6900.0
1.281,-12.019,-12.019,406.491,406.491,6900.0
1.2811,-11.324,-11.324,405.959,405.959,6900.0
1.2812,-9.895,-9.895,405.415,405.415,6900.0
1.2813,-8.444,-8.444,404.844,404.844,6900.0
1.2814,-7.007,-7.007,404.248,404.248,6900.0
1.2815,-5.768,-5.768,403.632,403.632,6900.0
1.2816,-4.425,-4.425,403.002,403.002,6900.0
1.2817,-3.028,-3.028,402.359,402.359,6900.0
1.2818,-1.834,-1.834,401.707,401.707,6900.0
1.2819,-0.896,-0.896,401.048,401.048,6900.0
1.282,-0.002,-0.002,400.386,400.386,6900.0
1.2821,-0.0,-0.0,399.723,399.723,6900.0
1.2822,1.109,1.109,399.059,399.059,6900.0
1.2823,2.999,2.999,398.394,398.394,6900.0
1.2824,3.416,3.416,397.735,397.735,6900.0
1.2825,4.345,4.345,397.081,397.081,6900.0
1.2826,5.559,5.559,396.434,396.434,6900.0
1.2827,6.647,6.647,395.801,395.801,6900.0
1.2828,7.659,7.659,395.18,395.18,6900.0
1.2829,9.218,9.218,394.567,394.567,6900.0
1.283,10.63,10.63,393.977,393.977,6900.0
1.2831,12.313,12.313,393.413,393.413,6900.0
1.2832,13.673,13.673,392.888,392.888,6900.0
1.2833,14.628,14.628,392.387,392.387,6900.0
1.2834,16.003,16.003,391.895,391.895,6900.0
1.2835,17.567,17.567,391.432,391.432,6900.0
1.2836,19.257,19.257,391.016,391.016,6900.0
1.2837,20.514,20.514,390.664,390.664,6900.0
1.2838,21.421,21.421,390.35,390.35,6900.0
1.2839,22.487,22.487,390.052,390.052,6900.0
1.284,23.764,23.764,389.784,389.784,6900.0
1.2841,25.075,25.075,389.56,389.56,6900.0
1.2842,26.119,26.119,389.388,389.388,6900.0
1.2843,27.135,27.135,389.256,389.256,6900.0
1.2844,28.151,28.151,389.161,389.161,6900.0
1.2845,29.244,29.244,389.107,389.107,6900.0
1.2846,30.296,30.296,389.099,389.099,6900.0
1.2847,31.282,31.282,389.141,389.141,6900.0
1.2848,32.265,32.265,389.234,389.234,6900.0
1.2849,33.241,33.241,389.381,389.381,6900.0
1.285,33.883,33.883,389.579,389.579,6900.0
1.2851,34.682,34.682,389.805,389.805,6900.0
1.2852,35.667,35.667,390.058,390.058,6900.0
1.2853,36.371,36.371,390.355,390.355,6900.0
1.2854,37.142,37.142,390.693,390.693,6900.0
1.2855,37.786,37.786,391.072,391.072,6900.0
1.2856,38.403,38.403,391.474,391.474,6900.0
1.2857,39.274,39.274,391.896,391.896,6900.0
1.2858,39.774,39.774,392.366,392.366,6900.0
1.2859,40.408,40.408,392.874,392.874,6900.0
1.286,40.737,40.737,393.436,393.436,6900.0
1.2861,41.176,41.176,394.015,394.015,6900.0
1.2862,41.619,41.619,394.611,394.611,6900.0
1.2863,41.699,41.699,395.237,395.237,6900.0
1.2864,42.062,42.062,395.866,395.866,6900.0
1.2865,42.096,42.096,396.528,396.528,6900.0
1.2866,42.018,42.018,397.182,397.182,6900.0
1.2867,42.428,42.428,397.825,397.825,6900.0
1.2868,42.46,42.46,398.485,398.485,6900.0
1.2869,42.597,42.597,399.136,399.136,6900.0
1.287,42.625,42.625,399.809,399.809,6900.0
1.2871,42.297,42.297,400.481,400.481,6900.0
1.2872,42.421,42.421,401.148,401.148,6900.0
1.2873,42.103,42.103,401.828,401.828,6900.0
1.2874,41.827,41.827,402.482,402.482,6900.0
1.2875,41.674,41.674,403.133,403.133,6900.0
1.2876,41.174,41.174,403.77,403.77,6900.0
1.2877,40.949,40.949,404.39,404.39,6900.0
1.2878,40.579,40.579,404.994,404.994,6900.0
1.2879,40.118,40.118,405.56,405.56,6900.0
1.288,39.802,39.802,406.097,406.097,6900.0
1.2881,39.251,39.251,406.608,406.608,6900.0
1.2882,38.973,38.973,407.099,407.099,6900.0
1.2883,38.256,38.256,407.576,407.576,6900.0
1.2884,37.533,37.533,408.012,408.012,6900.0
1.2885,36.993,36.993,408.408,408.408,6900.0
1.2886,36.232,36.232,408.78,408.78,6900.0
1.2887,35.63,35.63,409.124,409.124,6900.0
1.2888,34.842,34.842,409.44,409.44,6900.0
1.2889,34.092,34.092,409.716,409.716,6900.0
1.289,33.32,33.32,409.949,409.949,6900.0
1.2891,32.443,32.443,410.142,410.142,6900.0
1.2892,31.423,31.423,410.294,410.294,6900.0
1.2893,30.715,30.715,410.399,410.399,6900.0
1.2894,29.904,29.904,410.472,410.472,6900.0
1.2895,28.842,28.842,410.512,410.512,6900.0
1.2896,27.67,27.67,410.505,410.505,6900.0
1.2897,26.663,26.663,410.441,410.441,6900.0
1.2898,25.738,25.738,410.336,410.336,6900.0
1.2899,24.909,24.909,410.203,410.203,6900.0
1.29,23.714,23.714,410.053,410.053,6900.0
1.2901,22.403,22.403,409.857,409.857,6900.0
1.2902,21.18,21.18,409.599,409.599,6900.0
1.2903,20.252,20.252,409.297,409.297,6900.0
1.2904,19.634,19.634,408.97,408.97,6900.0
1.2905,18.585,18.585,408.636,408.636,6900.0
1.2906,16.999,16.999,408.27,408.27,6900.0
1.2907,15.646,15.646,407.85,407.85,6900.0
1.2908,14.475,14.475,407.395,407.395,6900.0
1.2909,13.456,13.456,406.909,406.909,6900.0
1.291,12.399,12.399,406.406,406.406,6900.0
1.2911,10.887,10.887,405.879,405.879,6900.0
1.2912,9.6,9.6,405.319,405.319,6900.0
1.2913,8.318,8.318,404.738,404.738,6900.0
1.2914,7.113,7.113,404.136,404.136,6900.0
1.2915,5.819,5.819,403.521,403.521,6900.0
1.2916,4.091,4.091,402.892,402.892,6900.0
1.2917,2.637,2.637,402.248,402.248,6900.0
1.2918,1.617,1.617,401.595,401.595,6900.0
1.2919,0.547,0.547,400.936,400.936,6900.0
1.292,0.0,0.0,400.274,400.274,6900.0
1.2921,0.0,0.0,399.61,399.61,6900.0
1.2922,-1.748,-1.748,398.945,398.945,6900.0
1.2923,-2.822,-2.822,398.284,398.284,6900.0
1.2924,-3.401,-3.401,397.625,397.625,6900.0
1.2925,-4.661,-4.661,396.974,396.974,6900.0
1.2926,-5.641,-5.641,396.332,396.332,6900.0
1.2927,-6.877,-6.877,395.697,395.697,6900.0
1.2928,-8.255,-8.255,395.076,395.076,6900.0
1.2929,-9.652,-9.652,394.47,394.47,6900.0
1.293,-11.244,-11.244,393.89,393.89,6900.0
1.2931,-12.14,-12.14,393.338,393.338,6900.0
1.2932,-13.293,-13.293,392.795,392.795,6900.0
1.2933,-14.961,-14.961,392.269,392.269,6900.0
1.2934,-16.439,-16.439,391.78,391.78,6900.0
1.2935,-18.028,-18.028,391.34,391.34,6900.0
1.2936,-19.025,-19.025,390.952,390.952,6900.0
1.2937,-19.838,-19.838,390.584,390.584,6900.0
1.2938,-21.346,-21.346,390.232,390.232,6900.0
1.2939,-22.837,-22.837,389.924,389.924,6900.0
1.294,-24.174,-24.174,389.671,389.671,6900.0
1.2941,-25.236,-25.236,389.469,389.469,6900.0
1.2942,-26.193,-26.193,389.304,389.304,6900.0
1.2943,-27.433,-27.433,389.17,389.17,6900.0
1.2944,-28.448,-28.448,389.083,389.083,6900.0
1.2945,-29.494,-29.494,389.04,389.04,6900.0
1.2946,-30.823,-30.823,389.045,389.045,6900.0
1.2947,-31.874,-31.874,389.107,389.107,6900.0
1.2948,-32.756,-32.756,389.219,389.219,6900.0
1.2949,-33.465,-33.465,389.373,389.373,6900.0
1.295,-34.34,-34.34,389.555,389.555,6900.0
1.2951,-35.433,-35.433,389.778,389.778,6900.0
1.2952,-36.414,-36.414,390.05,390.05,6900.0
1.2953,-37.055,-37.055,390.382,390.382,6900.0
1.2954,-37.734,-37.734,390.744,390.744,6900.0
1.2955,-38.321,-38.321,391.129,391.129,6900.0
1.2956,-39.062,-39.062,391.546,391.546,6900.0
1.2957,-39.826,-39.826,391.999,391.999,6900.0
1.2958,-40.287,-40.287,392.514,392.514,6900.0
1.2959,-40.534,-40.534,393.06,393.06,6900.0
1.296,-40.854,-40.854,393.609,393.609,6900.0
1.2961,-41.421,-41.421,394.183,394.183,6900.0
1.2962,-41.84,-41.84,394.777,394.777,6900.0
1.2963,-42.289,-42.289,395.408,395.408,6900.0
1.2964,-42.373,-42.373,396.064,396.064,6900.0
1.2965,-42.435,-42.435,396.711,396.711,6900.0
1.2966,-42.551,-42.551,397.371,397.371,6900.0
1.2967,-42.529,-42.529,398.03,398.03,6900.0
1.2968,-42.73,-42.73,398.698,398.698,6900.0
1.2969,-42.752,-42.752,399.382,399.382,6900.0
1.297,-42.662,-42.662,400.058,400.058,6900.0
1.2971,-42.509,-42.509,400.746,400.746,6900.0
1.2972,-42.156,-42.156,401.424,401.424,6900.0
1.2973,-42.373,-42.373,402.079,402.079,6900.0
1.2974,-42.195,-42.195,402.748,402.748,6900.0
1.2975,-42.018,-42.018,403.398,403.398,6900.0
1.2976,-41.656,-41.656,404.052,404.052,6900.0
1.2977,-41.148,-41.148,404.679,404.679,6900.0
1.2978,-40.824,-40.824,405.264,405.264,6900.0
1.2979,-40.413,-40.413,405.835,405.835,6900.0
1.298,-40.074,-40.074,406.377,406.377,6900.0
1.2981,-39.624,-39.624,406.911,406.911,6900.0
1.2982,-39.097,-39.097,407.416,407.416,6900.0
1.2983,-38.434,-38.434,407.883,407.883,6900.0
1.2984,-37.682,-37.682,408.322,408.322,6900.0
1.2985,-37.095,-37.095,408.729,408.729,6900.0
1.2986,-36.56,-36.56,409.115,409.115,6900.0
1.2987,-35.886,-35.886,409.471,409.471,6900.0
1.2988,-34.906,-34.906,409.788,409.788,6900.0
1.2989,-34.052,-34.052,410.058,410.058,6900.0
1.299,-33.208,-33.208,410.287,410.287,6900.0
1.2991,-32.532,-32.532,410.474,410.474,6900.0
1.2992,-31.68,-31.68,410.627,410.627,6900.0
1.2993,-30.706,-30.706,410.745,410.745,6900.0
1.2994,-29.584,-29.584,410.818,410.818,6900.0
1.2995,-28.52,-28.52,410.839,410.839,6900.0
1.2996,-27.707,-27.707,410.812,410.812,6900.0
1.2997,-26.985,-26.985,410.753,410.753,6900.0
1.2998,-26.059,-26.059,410.673,410.673,6900.0
1.2999,-24.71,-24.71,410.562,410.562,6900.0
