-48.02634 -53.824409 -60.00626 -62.256481 -58.039528 -46.912445 -30.961271 -13.683347 0.0047476711 -0.0005078566 7.7443423 24.320341 26.140284 27.425154 31.202785 38.860104 49.73159 61.684723 72.461433 80.27356 84.556595 85.908951 85.778015 85.858536 87.329224 90.671371 95.085907 99.173782 101.36957 100.59392 96.685219 90.457123 83.693878 78.187294 75.17247 74.917358 76.820663 79.739914 82.124512 81.971237 77.206924 66.911858 54.306091 42.040092 31.840742 24.550823 19.861292 17.352358 10.564391 -0.37564465 0.00045236817 -1.9429506 -13.751976 -25.844282 -36.300297 -44.311123 -50.224102 -54.826435 -58.952084 -63.527836 -68.788361 -74.776543 -80.903969 -86.50164 -90.755318 -93.306519 -94.222 -93.869064 -92.963799 -92.47641 -92.985947 -94.494003 -96.504784 -98.345673 -99.036613 -97.554054 -93.520508 -87.019249 -78.804726 -69.835251
-53.824409 -60.00626 -62.256481 -58.039528 -46.912445 -30.961271 -13.683347 0.0047476711 -0.0005078566 7.7443423 24.320341 26.140284 27.425154 31.202785 38.860104 49.73159 61.684723 72.461433 80.27356 84.556595 85.908951 85.778015 85.858536 87.329224 90.671371 95.085907 99.173782 101.36957 100.59392 96.685219 90.457123 83.693878 78.187294 75.17247 74.917358 76.820663 79.739914 82.124512 81.971237 77.206924 66.911858 54.306091 42.040092 31.840742 24.550823 19.861292 17.352358 10.564391 -0.37564465 0.00045236817 -1.9429506 -13.751976 -25.844282 -36.300297 -44.311123 -50.224102 -54.826435 -58.952084 -63.527836 -68.788361 -74.776543 -80.903969 -86.50164 -90.755318 -93.306519 -94.222 -93.869064 -92.963799 -92.47641 -92.985947 -94.494003 -96.504784 -98.345673 -99.036613 -97.554054 -93.520508 -87.019249 -78.804726 -69.835251 -61.357162
-60.00626 -62.256481 -58.039528 -46.912445 -30.961271 -13.683347 0.0047476711 -0.0005078566 7.7443423 24.320341 26.140284 27.425154 31.202785 38.860104 49.73159 61.684723 72.461433 80.27356 84.556595 85.908951 85.778015 85.858536 87.329224 90.671371 95.085907 99.173782 101.36957 100.59392 96.685219 90.457123 83.693878 78.187294 75.17247 74.917358 76.820663 79.739914 82.124512 81.971237 77.206924 66.911858 54.306091 42.040092 31.840742 24.550823 19.861292 17.352358 10.564391 -0.37564465 0.00045236817 -1.9429506 -13.751976 -25.844282 -36.300297 -44.311123 -50.224102 -54.826435 -58.952084 -63.527836 -68.788361 -74.776543 -80.903969 -86.50164 -90.755318 -93.306519 -94.222 -93.869064 -92.963799 -92.47641 -92.985947 -94.494003 -96.504784 -98.345673 -99.036613 -97.554054 -93.520508 -87.019249 -78.804726 -69.835251 -61.357162 -54.101814
-62.256481 -58.039528 -46.912445 -30.961271 -13.683347 0.0047476711 -0.0005078566 7.7443423 24.320341 26.140284 27.425154 31.202785 38.860104 49.73159 61.684723 72.461433 80.27356 84.556595 85.908951 85.778015 85.858536 87.329224 90.671371 95.085907 99.173782 101.36957 100.59392 96.685219 90.457123 83.693878 78.187294 75.17247 74.917358 76.820663 79.739914 82.124512 81.971237 77.206924 66.911858 54.306091 42.040092 31.840742 24.550823 19.861292 17.352358 10.564391 -0.37564465 0.00045236817 -1.9429506 -13.751976 -25.844282 -36.300297 -44.311123 -50.224102 -54.826435 -58.952084 -63.527836 -68.788361 -74.776543 -80.903969 -86.50164 -90.755318 -93.306519 -94.222 -93.869064 -92.963799 -92.47641 -92.985947 -94.494003 -96.504784 -98.345673 -99.036613 -97.554054 -93.520508 -87.019249 -78.804726 -69.835251 -61.357162 -54.101814 -48.287258
-58.039528 -46.912445 -30.961271 -13.683347 0.0047476711 -0.0005078566 7.7443423 24.320341 26.140284 27.425154 31.202785 38.860104 49.73159 61.684723 72.461433 80.27356 84.556595 85.908951 85.778015 85.858536 87.329224 90.671371 95.085907 99.173782 101.36957 100.59392 96.685219 90.457123 83.693878 78.187294 75.17247 74.917358 76.820663 79.739914 82.124512 81.971237 77.206924 66.911858 54.306091 42.040092 31.840742 24.550823 19.861292 17.352358 10.564391 -0.37564465 0.00045236817 -1.9429506 -13.751976 -25.844282 -36.300297 -44.311123 -50.224102 -54.826435 -58.952084 -63.527836 -68.788361 -74.776543 -80.903969 -86.50164 -90.755318 -93.306519 -94.222 -93.869064 -92.963799 -92.47641 -92.985947 -94.494003 -96.504784 -98.345673 -99.036613 -97.554054 -93.520508 -87.019249 -78.804726 -69.835251 -61.357162 -54.101814 -48.287258 -43.667057
-46.912445 -30.961271 -13.683347 0.0047476711 -0.0005078566 7.7443423 24.320341 26.140284 27.425154 31.202785 38.860104 49.73159 61.684723 72.461433 80.27356 84.556595 85.908951 85.778015 85.858536 87.329224 90.671371 95.085907 99.173782 101.36957 100.59392 96.685219 90.457123 83.693878 78.187294 75.17247 74.917358 76.820663 79.739914 82.124512 81.971237 77.206924 66.911858 54.306091 42.040092 31.840742 24.550823 19.861292 17.352358 10.564391 -0.37564465 0.00045236817 -1.9429506 -13.751976 -25.844282 -36.300297 -44.311123 -50.224102 -54.826435 -58.952084 -63.527836 -68.788361 -74.776543 -80.903969 -86.50164 -90.755318 -93.306519 -94.222 -93.869064 -92.963799 -92.47641 -92.985947 -94.494003 -96.504784 -98.345673 -99.036613 -97.554054 -93.520508 -87.019249 -78.804726 -69.835251 -61.357162 -54.101814 -48.287258 -43.667057 -39.381622
-30.961271 -13.683347 0.0047476711 -0.0005078566 7.7443423 24.320341 26.140284 27.425154 31.202785 38.860104 49.73159 61.684723 72.461433 80.27356 84.556595 85.908951 85.778015 85.858536 87.329224 90.671371 95.085907 99.173782 101.36957 100.59392 96.685219 90.457123 83.693878 78.187294 75.17247 74.917358 76.820663 79.739914 82.124512 81.971237 77.206924 66.911858 54.306091 42.040092 31.840742 24.550823 19.861292 17.352358 10.564391 -0.37564465 0.00045236817 -1.9429506 -13.751976 -25.844282 -36.300297 -44.311123 -50.224102 -54.826435 -58.952084 -63.527836 -68.788361 -74.776543 -80.903969 -86.50164 -90.755318 -93.306519 -94.222 -93.869064 -92.963799 -92.47641 -92.985947 -94.494003 -96.504784 -98.345673 -99.036613 -97.554054 -93.520508 -87.019249 -78.804726 -69.835251 -61.357162 -54.101814 -48.287258 -43.667057 -39.381622 -34.478367
-13.683347 0.0047476711 -0.0005078566 7.7443423 24.320341 26.140284 27.425154 31.202785 38.860104 49.73159 61.684723 72.461433 80.27356 84.556595 85.908951 85.778015 85.858536 87.329224 90.671371 95.085907 99.173782 101.36957 100.59392 96.685219 90.457123 83.693878 78.187294 75.17247 74.917358 76.820663 79.739914 82.124512 81.971237 77.206924 66.911858 54.306091 42.040092 31.840742 24.550823 19.861292 17.352358 10.564391 -0.37564465 0.00045236817 -1.9429506 -13.751976 -25.844282 -36.300297 -44.311123 -50.224102 -54.826435 -58.952084 -63.527836 -68.788361 -74.776543 -80.903969 -86.50164 -90.755318 -93.306519 -94.222 -93.869064 -92.963799 -92.47641 -92.985947 -94.494003 -96.504784 -98.345673 -99.036613 -97.554054 -93.520508 -87.019249 -78.804726 -69.835251 -61.357162 -54.101814 -48.287258 -43.667057 -39.381622 -34.478367 -28.158291
0.0047476711 -0.0005078566 7.7443423 24.320341 26.140284 27.425154 31.202785 38.860104 49.73159 61.684723 72.461433 80.27356 84.556595 85.908951 85.778015 85.858536 87.329224 90.671371 95.085907 99.173782 101.36957 100.59392 96.685219 90.457123 83.693878 78.187294 75.17247 74.917358 76.820663 79.739914 82.124512 81.971237 77.206924 66.911858 54.306091 42.040092 31.840742 24.550823 19.861292 17.352358 10.564391 -0.37564465 0.00045236817 -1.9429506 -13.751976 -25.844282 -36.300297 -44.311123 -50.224102 -54.826435 -58.952084 -63.527836 -68.788361 -74.776543 -80.903969 -86.50164 -90.755318 -93.306519 -94.222 -93.869064 -92.963799 -92.47641 -92.985947 -94.494003 -96.504784 -98.345673 -99.036613 -97.554054 -93.520508 -87.019249 -78.804726 -69.835251 -61.357162 -54.101814 -48.287258 -43.667057 -39.381622 -34.478367 -28.158291 -20.43301
-0.0005078566 7.7443423 24.320341 26.140284 27.425154 31.202785 38.860104 49.73159 61.684723 72.461433 80.27356 84.556595 85.908951 85.778015 85.858536 87.329224 90.671371 95.085907 99.173782 101.36957 100.59392 96.685219 90.457123 83.693878 78.187294 75.17247 74.917358 76.820663 79.739914 82.124512 81.971237 77.206924 66.911858 54.306091 42.040092 31.840742 24.550823 19.861292 17.352358 10.564391 -0.37564465 0.00045236817 -1.9429506 -13.751976 -25.844282 -36.300297 -44.311123 -50.224102 -54.826435 -58.952084 -63.527836 -68.788361 -74.776543 -80.903969 -86.50164 -90.755318 -93.306519 -94.222 -93.869064 -92.963799 -92.47641 -92.985947 -94.494003 -96.504784 -98.345673 -99.036613 -97.554054 -93.520508 -87.019249 -78.804726 -69.835251 -61.357162 -54.101814 -48.287258 -43.667057 -39.381622 -34.478367 -28.158291 -20.43301 -12.019598
7.7443423 24.320341 26.140284 27.425154 31.202785 38.860104 49.73159 61.684723 72.461433 80.27356 84.556595 85.908951 85.778015 85.858536 87.329224 90.671371 95.085907 99.173782 101.36957 100.59392 96.685219 90.457123 83.693878 78.187294 75.17247 74.917358 76.820663 79.739914 82.124512 81.971237 77.206924 66.911858 54.306091 42.040092 31.840742 24.550823 19.861292 17.352358 10.564391 -0.37564465 0.00045236817 -1.9429506 -13.751976 -25.844282 -36.300297 -44.311123 -50.224102 -54.826435 -58.952084 -63.527836 -68.788361 -74.776543 -80.903969 -86.50164 -90.755318 -93.306519 -94.222 -93.869064 -92.963799 -92.47641 -92.985947 -94.494003 -96.504784 -98.345673 -99.036613 -97.554054 -93.520508 -87.019249 -78.804726 -69.835251 -61.357162 -54.101814 -48.287258 -43.667057 -39.381622 -34.478367 -28.158291 -20.43301 -12.019598 -0.00056181685
24.320341 26.140284 27.425154 31.202785 38.860104 49.73159 61.684723 72.461433 80.27356 84.556595 85.908951 85.778015 85.858536 87.329224 90.671371 95.085907 99.173782 101.36957 100.59392 96.685219 90.457123 83.693878 78.187294 75.17247 74.917358 76.820663 79.739914 82.124512 81.971237 77.206924 66.911858 54.306091 42.040092 31.840742 24.550823 19.861292 17.352358 10.564391 -0.37564465 0.00045236817 -1.9429506 -13.751976 -25.844282 -36.300297 -44.311123 -50.224102 -54.826435 -58.952084 -63.527836 -68.788361 -74.776543 -80.903969 -86.50164 -90.755318 -93.306519 -94.222 -93.869064 -92.963799 -92.47641 -92.985947 -94.494003 -96.504784 -98.345673 -99.036613 -97.554054 -93.520508 -87.019249 -78.804726 -69.835251 -61.357162 -54.101814 -48.287258 -43.667057 -39.381622 -34.478367 -28.158291 -20.43301 -12.019598 -0.00056181685 6.9927216
26.140284 27.425154 31.202785 38.860104 49.73159 61.684723 72.461433 80.27356 84.556595 85.908951 85.778015 85.858536 87.329224 90.671371 95.085907 99.173782 101.36957 100.59392 96.685219 90.457123 83.693878 78.187294 75.17247 74.917358 76.820663 79.739914 82.124512 81.971237 77.206924 66.911858 54.306091 42.040092 31.840742 24.550823 19.861292 17.352358 10.564391 -0.37564465 0.00045236817 -1.9429506 -13.751976 -25.844282 -36.300297 -44.311123 -50.224102 -54.826435 -58.952084 -63.527836 -68.788361 -74.776543 -80.903969 -86.50164 -90.755318 -93.306519 -94.222 -93.869064 -92.963799 -92.47641 -92.985947 -94.494003 -96.504784 -98.345673 -99.036613 -97.554054 -93.520508 -87.019249 -78.804726 -69.835251 -61.357162 -54.101814 -48.287258 -43.667057 -39.381622 -34.478367 -28.158291 -20.43301 -12.019598 -0.00056181685 6.9927216 15.373161
27.425154 31.202785 38.860104 49.73159 61.684723 72.461433 80.27356 84.556595 85.908951 85.778015 85.858536 87.329224 90.671371 95.085907 99.173782 101.36957 100.59392 96.685219 90.457123 83.693878 78.187294 75.17247 74.917358 76.820663 79.739914 82.124512 81.971237 77.206924 66.911858 54.306091 42.040092 31.840742 24.550823 19.861292 17.352358 10.564391 -0.37564465 0.00045236817 -1.9429506 -13.751976 -25.844282 -36.300297 -44.311123 -50.224102 -54.826435 -58.952084 -63.527836 -68.788361 -74.776543 -80.903969 -86.50164 -90.755318 -93.306519 -94.222 -93.869064 -92.963799 -92.47641 -92.985947 -94.494003 -96.504784 -98.345673 -99.036613 -97.554054 -93.520508 -87.019249 -78.804726 -69.835251 -61.357162 -54.101814 -48.287258 -43.667057 -39.381622 -34.478367 -28.158291 -20.43301 -12.019598 -0.00056181685 6.9927216 15.373161 23.589764
31.202785 38.860104 49.73159 61.684723 72.461433 80.27356 84.556595 85.908951 85.778015 85.858536 87.329224 90.671371 95.085907 99.173782 101.36957 100.59392 96.685219 90.457123 83.693878 78.187294 75.17247 74.917358 76.820663 79.739914 82.124512 81.971237 77.206924 66.911858 54.306091 42.040092 31.840742 24.550823 19.861292 17.352358 10.564391 -0.37564465 0.00045236817 -1.9429506 -13.751976 -25.844282 -36.300297 -44.311123 -50.224102 -54.826435 -58.952084 -63.527836 -68.788361 -74.776543 -80.903969 -86.50164 -90.755318 -93.306519 -94.222 -93.869064 -92.963799 -92.47641 -92.985947 -94.494003 -96.504784 -98.345673 -99.036613 -97.554054 -93.520508 -87.019249 -78.804726 -69.835251 -61.357162 -54.101814 -48.287258 -43.667057 -39.381622 -34.478367 -28.158291 -20.43301 -12.019598 -0.00056181685 6.9927216 15.373161 23.589764 30.511221
38.860104 49.73159 61.684723 72.461433 80.27356 84.556595 85.908951 85.778015 85.858536 87.329224 90.671371 95.085907 99.173782 101.36957 100.59392 96.685219 90.457123 83.693878 78.187294 75.17247 74.917358 76.820663 79.739914 82.124512 81.971237 77.206924 66.911858 54.306091 42.040092 31.840742 24.550823 19.861292 17.352358 10.564391 -0.37564465 0.00045236817 -1.9429506 -13.751976 -25.844282 -36.300297 -44.311123 -50.224102 -54.826435 -58.952084 -63.527836 -68.788361 -74.776543 -80.903969 -86.50164 -90.755318 -93.306519 -94.222 -93.869064 -92.963799 -92.47641 -92.985947 -94.494003 -96.504784 -98.345673 -99.036613 -97.554054 -93.520508 -87.019249 -78.804726 -69.835251 -61.357162 -54.101814 -48.287258 -43.667057 -39.381622 -34.478367 -28.158291 -20.43301 -12.019598 -0.00056181685 6.9927216 15.373161 23.589764 30.511221 36.352058
49.73159 61.684723 72.461433 80.27356 84.556595 85.908951 85.778015 85.858536 87.329224 90.671371 95.085907 99.173782 101.36957 100.59392 96.685219 90.457123 83.693878 78.187294 75.17247 74.917358 76.820663 79.739914 82.124512 81.971237 77.206924 66.911858 54.306091 42.040092 31.840742 24.550823 19.861292 17.352358 10.564391 -0.37564465 0.00045236817 -1.9429506 -13.751976 -25.844282 -36.300297 -44.311123 -50.224102 -54.826435 -58.952084 -63.527836 -68.788361 -74.776543 -80.903969 -86.50164 -90.755318 -93.306519 -94.222 -93.869064 -92.963799 -92.47641 -92.985947 -94.494003 -96.504784 -98.345673 -99.036613 -97.554054 -93.520508 -87.019249 -78.804726 -69.835251 -61.357162 -54.101814 -48.287258 -43.667057 -39.381622 -34.478367 -28.158291 -20.43301 -12.019598 -0.00056181685 6.9927216 15.373161 23.589764 30.511221 36.352058 41.751736
61.684723 72.461433 80.27356 84.556595 85.908951 85.778015 85.858536 87.329224 90.671371 95.085907 99.173782 101.36957 100.59392 96.685219 90.457123 83.693878 78.187294 75.17247 74.917358 76.820663 79.739914 82.124512 81.971237 77.206924 66.911858 54.306091 42.040092 31.840742 24.550823 19.861292 17.352358 10.564391 -0.37564465 0.00045236817 -1.9429506 -13.751976 -25.844282 -36.300297 -44.311123 -50.224102 -54.826435 -58.952084 -63.527836 -68.788361 -74.776543 -80.903969 -86.50164 -90.755318 -93.306519 -94.222 -93.869064 -92.963799 -92.47641 -92.985947 -94.494003 -96.504784 -98.345673 -99.036613 -97.554054 -93.520508 -87.019249 -78.804726 -69.835251 -61.357162 -54.101814 -48.287258 -43.667057 -39.381622 -34.478367 -28.158291 -20.43301 -12.019598 -0.00056181685 6.9927216 15.373161 23.589764 30.511221 36.352058 41.751736 47.338543
72.461433 80.27356 84.556595 85.908951 85.778015 85.858536 87.329224 90.671371 95.085907 99.173782 101.36957 100.59392 96.685219 90.457123 83.693878 78.187294 75.17247 74.917358 76.820663 79.739914 82.124512 81.971237 77.206924 66.911858 54.306091 42.040092 31.840742 24.550823 19.861292 17.352358 10.564391 -0.37564465 0.00045236817 -1.9429506 -13.751976 -25.844282 -36.300297 -44.311123 -50.224102 -54.826435 -58.952084 -63.527836 -68.788361 -74.776543 -80.903969 -86.50164 -90.755318 -93.306519 -94.222 -93.869064 -92.963799 -92.47641 -92.985947 -94.494003 -96.504784 -98.345673 -99.036613 -97.554054 -93.520508 -87.019249 -78.804726 -69.835251 -61.357162 -54.101814 -48.287258 -43.667057 -39.381622 -34.478367 -28.158291 -20.43301 -12.019598 -0.00056181685 6.9927216 15.373161 23.589764 30.511221 36.352058 41.751736 47.338543 53.599842
80.27356 84.556595 85.908951 85.778015 85.858536 87.329224 90.671371 95.085907 99.173782 101.36957 100.59392 96.685219 90.457123 83.693878 78.187294 75.17247 74.917358 76.820663 79.739914 82.124512 81.971237 77.206924 66.911858 54.306091 42.040092 31.840742 24.550823 19.861292 17.352358 10.564391 -0.37564465 0.00045236817 -1.9429506 -13.751976 -25.844282 -36.300297 -44.311123 -50.224102 -54.826435 -58.952084 -63.527836 -68.788361 -74.776543 -80.903969 -86.50164 -90.755318 -93.306519 -94.222 -93.869064 -92.963799 -92.47641 -92.985947 -94.494003 -96.504784 -98.345673 -99.036613 -97.554054 -93.520508 -87.019249 -78.804726 -69.835251 -61.357162 -54.101814 -48.287258 -43.667057 -39.381622 -34.478367 -28.158291 -20.43301 -12.019598 -0.00056181685 6.9927216 15.373161 23.589764 30.511221 36.352058 41.751736 47.338543 53.599842 60.476189
84.556595 85.908951 85.778015 85.858536 87.329224 90.671371 95.085907 99.173782 101.36957 100.59392 96.685219 90.457123 83.693878 78.187294 75.17247 74.917358 76.820663 79.739914 82.124512 81.971237 77.206924 66.911858 54.306091 42.040092 31.840742 24.550823 19.861292 17.352358 10.564391 -0.37564465 0.00045236817 -1.9429506 -13.751976 -25.844282 -36.300297 -44.311123 -50.224102 -54.826435 -58.952084 -63.527836 -68.788361 -74.776543 -80.903969 -86.50164 -90.755318 -93.306519 -94.222 -93.869064 -92.963799 -92.47641 -92.985947 -94.494003 -96.504784 -98.345673 -99.036613 -97.554054 -93.520508 -87.019249 -78.804726 -69.835251 -61.357162 -54.101814 -48.287258 -43.667057 -39.381622 -34.478367 -28.158291 -20.43301 -12.019598 -0.00056181685 6.9927216 15.373161 23.589764 30.511221 36.352058 41.751736 47.338543 53.599842 60.476189 67.407921
85.908951 85.778015 85.858536 87.329224 90.671371 95.085907 99.173782 101.36957 100.59392 96.685219 90.457123 83.693878 78.187294 75.17247 74.917358 76.820663 79.739914 82.124512 81.971237 77.206924 66.911858 54.306091 42.040092 31.840742 24.550823 19.861292 17.352358 10.564391 -0.37564465 0.00045236817 -1.9429506 -13.751976 -25.844282 -36.300297 -44.311123 -50.224102 -54.826435 -58.952084 -63.527836 -68.788361 -74.776543 -80.903969 -86.50164 -90.755318 -93.306519 -94.222 -93.869064 -92.963799 -92.47641 -92.985947 -94.494003 -96.504784 -98.345673 -99.036613 -97.554054 -93.520508 -87.019249 -78.804726 -69.835251 -61.357162 -54.101814 -48.287258 -43.667057 -39.381622 -34.478367 -28.158291 -20.43301 -12.019598 -0.00056181685 6.9927216 15.373161 23.589764 30.511221 36.352058 41.751736 47.338543 53.599842 60.476189 67.407921 73.80677
85.778015 85.858536 87.329224 90.671371 95.085907 99.173782 101.36957 100.59392 96.685219 90.457123 83.693878 78.187294 75.17247 74.917358 76.820663 79.739914 82.124512 81.971237 77.206924 66.911858 54.306091 42.040092 31.840742 24.550823 19.861292 17.352358 10.564391 -0.37564465 0.00045236817 -1.9429506 -13.751976 -25.844282 -36.300297 -44.311123 -50.224102 -54.826435 -58.952084 -63.527836 -68.788361 -74.776543 -80.903969 -86.50164 -90.755318 -93.306519 -94.222 -93.869064 -92.963799 -92.47641 -92.985947 -94.494003 -96.504784 -98.345673 -99.036613 -97.554054 -93.520508 -87.019249 -78.804726 -69.835251 -61.357162 -54.101814 -48.287258 -43.667057 -39.381622 -34.478367 -28.158291 -20.43301 -12.019598 -0.00056181685 6.9927216 15.373161 23.589764 30.511221 36.352058 41.751736 47.338543 53.599842 60.476189 67.407921 73.80677 79.154915
85.858536 87.329224 90.671371 95.085907 99.173782 101.36957 100.59392 96.685219 90.457123 83.693878 78.187294 75.17247 74.917358 76.820663 79.739914 82.124512 81.971237 77.206924 66.911858 54.306091 42.040092 31.840742 24.550823 19.861292 17.352358 10.564391 -0.37564465 0.00045236817 -1.9429506 -13.751976 -25.844282 -36.300297 -44.311123 -50.224102 -54.826435 -58.952084 -63.527836 -68.788361 -74.776543 -80.903969 -86.50164 -90.755318 -93.306519 -94.222 -93.869064 -92.963799 -92.47641 -92.985947 -94.494003 -96.504784 -98.345673 -99.036613 -97.554054 -93.520508 -87.019249 -78.804726 -69.835251 -61.357162 -54.101814 -48.287258 -43.667057 -39.381622 -34.478367 -28.158291 -20.43301 -12.019598 -0.00056181685 6.9927216 15.373161 23.589764 30.511221 36.352058 41.751736 47.338543 53.599842 60.476189 67.407921 73.80677 79.154915 83.250084
87.329224 90.671371 95.085907 99.173782 101.36957 100.59392 96.685219 90.457123 83.693878 78.187294 75.17247 74.917358 76.820663 79.739914 82.124512 81.971237 77.206924 66.911858 54.306091 42.040092 31.840742 24.550823 19.861292 17.352358 10.564391 -0.37564465 0.00045236817 -1.9429506 -13.751976 -25.844282 -36.300297 -44.311123 -50.224102 -54.826435 -58.952084 -63.527836 -68.788361 -74.776543 -80.903969 -86.50164 -90.755318 -93.306519 -94.222 -93.869064 -92.963799 -92.47641 -92.985947 -94.494003 -96.504784 -98.345673 -99.036613 -97.554054 -93.520508 -87.019249 -78.804726 -69.835251 -61.357162 -54.101814 -48.287258 -43.667057 -39.381622 -34.478367 -28.158291 -20.43301 -12.019598 -0.00056181685 6.9927216 15.373161 23.589764 30.511221 36.352058 41.751736 47.338543 53.599842 60.476189 67.407921 73.80677 79.154915 83.250084 86.231728
90.671371 95.085907 99.173782 101.36957 100.59392 96.685219 90.457123 83.693878 78.187294 75.17247 74.917358 76.820663 79.739914 82.124512 81.971237 77.206924 66.911858 54.306091 42.040092 31.840742 24.550823 19.861292 17.352358 10.564391 -0.37564465 0.00045236817 -1.9429506 -13.751976 -25.844282 -36.300297 -44.311123 -50.224102 -54.826435 -58.952084 -63.527836 -68.788361 -74.776543 -80.903969 -86.50164 -90.755318 -93.306519 -94.222 -93.869064 -92.963799 -92.47641 -92.985947 -94.494003 -96.504784 -98.345673 -99.036613 -97.554054 -93.520508 -87.019249 -78.804726 -69.835251 -61.357162 -54.101814 -48.287258 -43.667057 -39.381622 -34.478367 -28.158291 -20.43301 -12.019598 -0.00056181685 6.9927216 15.373161 23.589764 30.511221 36.352058 41.751736 47.338543 53.599842 60.476189 67.407921 73.80677 79.154915 83.250084 86.231728 88.603897
95.085907 99.173782 101.36957 100.59392 96.685219 90.457123 83.693878 78.187294 75.17247 74.917358 76.820663 79.739914 82.124512 81.971237 77.206924 66.911858 54.306091 42.040092 31.840742 24.550823 19.861292 17.352358 10.564391 -0.37564465 0.00045236817 -1.9429506 -13.751976 -25.844282 -36.300297 -44.311123 -50.224102 -54.826435 -58.952084 -63.527836 -68.788361 -74.776543 -80.903969 -86.50164 -90.755318 -93.306519 -94.222 -93.869064 -92.963799 -92.47641 -92.985947 -94.494003 -96.504784 -98.345673 -99.036613 -97.554054 -93.520508 -87.019249 -78.804726 -69.835251 -61.357162 -54.101814 -48.287258 -43.667057 -39.381622 -34.478367 -28.158291 -20.43301 -12.019598 -0.00056181685 6.9927216 15.373161 23.589764 30.511221 36.352058 41.751736 47.338543 53.599842 60.476189 67.407921 73.80677 79.154915 83.250084 86.231728 88.603897 90.80442
99.173782 101.36957 100.59392 96.685219 90.457123 83.693878 78.187294 75.17247 74.917358 76.820663 79.739914 82.124512 81.971237 77.206924 66.911858 54.306091 42.040092 31.840742 24.550823 19.861292 17.352358 10.564391 -0.37564465 0.00045236817 -1.9429506 -13.751976 -25.844282 -36.300297 -44.311123 -50.224102 -54.826435 -58.952084 -63.527836 -68.788361 -74.776543 -80.903969 -86.50164 -90.755318 -93.306519 -94.222 -93.869064 -92.963799 -92.47641 -92.985947 -94.494003 -96.504784 -98.345673 -99.036613 -97.554054 -93.520508 -87.019249 -78.804726 -69.835251 -61.357162 -54.101814 -48.287258 -43.667057 -39.381622 -34.478367 -28.158291 -20.43301 -12.019598 -0.00056181685 6.9927216 15.373161 23.589764 30.511221 36.352058 41.751736 47.338543 53.599842 60.476189 67.407921 73.80677 79.154915 83.250084 86.231728 88.603897 90.80442 93.151627
101.36957 100.59392 96.685219 90.457123 83.693878 78.187294 75.17247 74.917358 76.820663 79.739914 82.124512 81.971237 77.206924 66.911858 54.306091 42.040092 31.840742 24.550823 19.861292 17.352358 10.564391 -0.37564465 0.00045236817 -1.9429506 -13.751976 -25.844282 -36.300297 -44.311123 -50.224102 -54.826435 -58.952084 -63.527836 -68.788361 -74.776543 -80.903969 -86.50164 -90.755318 -93.306519 -94.222 -93.869064 -92.963799 -92.47641 -92.985947 -94.494003 -96.504784 -98.345673 -99.036613 -97.554054 -93.520508 -87.019249 -78.804726 -69.835251 -61.357162 -54.101814 -48.287258 -43.667057 -39.381622 -34.478367 -28.158291 -20.43301 -12.019598 -0.00056181685 6.9927216 15.373161 23.589764 30.511221 36.352058 41.751736 47.338543 53.599842 60.476189 67.407921 73.80677 79.154915 83.250084 86.231728 88.603897 90.80442 93.151627 95.763145
100.59392 96.685219 90.457123 83.693878 78.187294 75.17247 74.917358 76.820663 79.739914 82.124512 81.971237 77.206924 66.911858 54.306095 42.040092 31.840742 24.550823 19.861292 17.352358 10.564391 -0.37564465 0.00045236817 -1.9429504 -13.751976 -25.844282 -36.300297 -44.311123 -50.224102 -54.826431 -58.952087 -63.527836 -68.788361 -74.776543 -80.903969 -86.50164 -90.755318 -93.306519 -94.222 -93.869064 -92.963799 -92.47641 -92.985947 -94.494003 -96.504784 -98.345673 -99.036613 -97.554054 -93.520508 -87.019249 -78.804726 -69.835251 -61.357166 -54.10181 -48.287258 -43.667057 -39.381622 -34.478367 -28.158289 -20.43301 -12.019598 -0.00056181685 6.9927206 15.373162 23.589764 30.511223 36.352058 41.751736 47.338543 53.599842 60.476192 67.407921 73.80677 79.154915 83.250084 86.231728 88.603897 90.80442 93.151627 95.763145 98.389664
96.685219 90.457123 83.693878 78.187294 75.17247 74.917358 76.820663 79.739914 82.124512 81.971237 77.206924 66.911858 54.306087 42.040092 31.840744 24.550823 19.861292 17.352358 10.564391 -0.37564465 0.00045236817 -1.9429506 -13.751976 -25.844282 -36.300297 -44.311123 -50.224102 -54.826435 -58.952084 -63.527836 -68.788361 -74.776543 -80.903969 -86.50164 -90.755318 -93.306519 -94.222 -93.869064 -92.963799 -92.47641 -92.985947 -94.494003 -96.504784 -98.345673 -99.036613 -97.554054 -93.520508 -87.019249 -78.804726 -69.835251 -61.357166 -54.10181 -48.287258 -43.667057 -39.381622 -34.478367 -28.158291 -20.43301 -12.019598 -0.00056181685 6.9927211 15.37316 23.589764 30.511223 36.352058 41.751736 47.338543 53.599842 60.476196 67.407921 73.80677 79.154915 83.250084 86.231728 88.603897 90.80442 93.151627 95.763145 98.389664 100.60332
90.457123 83.693878 78.187294 75.17247 74.917358 76.820663 79.739914 82.124512 81.971237 77.206924 66.911858 54.306091 42.040092 31.840744 24.550823 19.861292 17.352358 10.564391 -0.37564465 0.00045236817 -1.9429505 -13.751976 -25.844284 -36.300297 -44.311123 -50.224102 -54.826435 -58.952084 -63.527836 -68.788361 -74.776543 -80.903969 -86.50164 -90.755318 -93.306519 -94.222 -93.869064 -92.963799 -92.47641 -92.985947 -94.494003 -96.504784 -98.345673 -99.036613 -97.554054 -93.520508 -87.019249 -78.804726 -69.835251 -61.357159 -54.10181 -48.287258 -43.667057 -39.381622 -34.478367 -28.158291 -20.43301 -12.019598 -0.00056181685 6.9927206 15.37316 23.589764 30.511221 36.352058 41.751736 47.338543 53.599842 60.476192 67.407921 73.80677 79.154915 83.250084 86.231728 88.603897 90.80442 93.151627 95.763145 98.389664 100.60332 101.60163
83.693878 78.187294 75.17247 74.917358 76.820663 79.739914 82.124512 81.971237 77.206924 66.911858 54.306091 42.040092 31.840744 24.550823 19.861292 17.352358 10.564391 -0.37564465 0.00045236817 -1.9429505 -13.751976 -25.844284 -36.300297 -44.311123 -50.224102 -54.826435 -58.952084 -63.527836 -68.788361 -74.776543 -80.903969 -86.50164 -90.755318 -93.306519 -94.222 -93.869064 -92.963799 -92.47641 -92.985947 -94.494003 -96.504784 -98.345673 -99.036613 -97.554054 -93.520508 -87.019249 -78.804726 -69.835251 -61.357159 -54.10181 -48.287258 -43.667057 -39.381622 -34.478367 -28.158291 -20.43301 -12.019598 -0.00056181685 6.9927206 15.37316 23.589764 30.511221 36.352058 41.751736 47.338543 53.599842 60.476192 67.407921 73.80677 79.154915 83.250084 86.231728 88.603897 90.80442 93.151627 95.763145 98.389664 100.60332 101.60163 101.01185
78.187294 75.17247 74.917358 76.820663 79.739914 82.124512 81.971237 77.206924 66.911858 54.306091 42.040092 31.840744 24.550823 19.861292 17.352358 10.564391 -0.37564465 0.00045236817 -1.9429505 -13.751976 -25.844284 -36.300297 -44.311123 -50.224102 -54.826435 -58.952084 -63.527836 -68.788361 -74.776543 -80.903969 -86.50164 -90.755318 -93.306519 -94.222 -93.869064 -92.963799 -92.47641 -92.985947 -94.494003 -96.504784 -98.345673 -99.036613 -97.554054 -93.520508 -87.019249 -78.804726 -69.835251 -61.357159 -54.10181 -48.287258 -43.667057 -39.381622 -34.478367 -28.158291 -20.43301 -12.019598 -0.00056181685 6.9927206 15.37316 23.589764 30.511221 36.352058 41.751736 47.338543 53.599842 60.476192 67.407921 73.80677 79.154915 83.250084 86.231728 88.603897 90.80442 93.151627 95.763145 98.389664 100.60332 101.60163 101.01185 98.640808
75.17247 74.917358 76.820663 79.739914 82.124512 81.971237 77.206924 66.911858 54.306091 42.040092 31.840744 24.550823 19.861292 17.352358 10.564391 -0.37564465 0.00045236817 -1.9429505 -13.751976 -25.844284 -36.300297 -44.311123 -50.224102 -54.826435 -58.952084 -63.527836 -68.788361 -74.776543 -80.903969 -86.50164 -90.755318 -93.306519 -94.222 -93.869064 -92.963799 -92.47641 -92.985947 -94.494003 -96.504784 -98.345673 -99.036613 -97.554054 -93.520508 -87.019249 -78.804726 -69.835251 -61.357159 -54.10181 -48.287258 -43.667057 -39.381622 -34.478367 -28.158291 -20.43301 -12.019598 -0.00056181685 6.9927206 15.37316 23.589764 30.511221 36.352058 41.751736 47.338543 53.599842 60.476192 67.407921 73.80677 79.154915 83.250084 86.231728 88.603897 90.80442 93.151627 95.763145 98.389664 100.60332 101.60163 101.01185 98.640808 94.772827
74.917358 76.820663 79.739914 82.124512 81.971237 77.206924 66.911858 54.306091 42.040092 31.840744 24.550823 19.861292 17.352358 10.564391 -0.37564465 0.00045236817 -1.9429505 -13.751976 -25.844284 -36.300297 -44.311123 -50.224102 -54.826435 -58.952084 -63.527836 -68.788361 -74.776543 -80.903969 -86.50164 -90.755318 -93.306519 -94.222 -93.869064 -92.963799 -92.47641 -92.985947 -94.494003 -96.504784 -98.345673 -99.036613 -97.554054 -93.520508 -87.019249 -78.804726 -69.835251 -61.357159 -54.10181 -48.287258 -43.667057 -39.381622 -34.478367 -28.158291 -20.43301 -12.019598 -0.00056181685 6.9927206 15.37316 23.589764 30.511221 36.352058 41.751736 47.338543 53.599842 60.476192 67.407921 73.80677 79.154915 83.250084 86.231728 88.603897 90.80442 93.151627 95.763145 98.389664 100.60332 101.60163 101.01185 98.640808 94.772827 89.778542
76.820663 79.739914 82.124512 81.971237 77.206924 66.911858 54.306091 42.040092 31.840744 24.550823 19.861292 17.352358 10.564391 -0.37564465 0.00045236817 -1.9429505 -13.751976 -25.844284 -36.300297 -44.311123 -50.224102 -54.826435 -58.952084 -63.527836 -68.788361 -74.776543 -80.903969 -86.50164 -90.755318 -93.306519 -94.222 -93.869064 -92.963799 -92.47641 -92.985947 -94.494003 -96.504784 -98.345673 -99.036613 -97.554054 -93.520508 -87.019249 -78.804726 -69.835251 -61.357159 -54.10181 -48.287258 -43.667057 -39.381622 -34.478367 -28.158291 -20.43301 -12.019598 -0.00056181685 6.9927206 15.37316 23.589764 30.511221 36.352058 41.751736 47.338543 53.599842 60.476192 67.407921 73.80677 79.154915 83.250084 86.231728 88.603897 90.80442 93.151627 95.763145 98.389664 100.60332 101.60163 101.01185 98.640808 94.772827 89.778542 84.481003
79.739914 82.124512 81.971237 77.206924 66.911858 54.306091 42.040092 31.840744 24.550823 19.861292 17.352358 10.564391 -0.37564465 0.00045236817 -1.9429505 -13.751976 -25.844284 -36.300297 -44.311123 -50.224102 -54.826435 -58.952084 -63.527836 -68.788361 -74.776543 -80.903969 -86.50164 -90.755318 -93.306519 -94.222 -93.869064 -92.963799 -92.47641 -92.985947 -94.494003 -96.504784 -98.345673 -99.036613 -97.554054 -93.520508 -87.019249 -78.804726 -69.835251 -61.357159 -54.10181 -48.287258 -43.667057 -39.381622 -34.478367 -28.158291 -20.43301 -12.019598 -0.00056181685 6.9927206 15.37316 23.589764 30.511221 36.352058 41.751736 47.338543 53.599842 60.476192 67.407921 73.80677 79.154915 83.250084 86.231728 88.603897 90.80442 93.151627 95.763145 98.389664 100.60332 101.60163 101.01185 98.640808 94.772827 89.778542 84.481003 79.530678
82.124512 81.971237 77.206924 66.911858 54.306091 42.040092 31.840744 24.550823 19.861292 17.352358 10.564391 -0.37564465 0.00045236817 -1.9429505 -13.751976 -25.844284 -36.300297 -44.311123 -50.224102 -54.826435 -58.952084 -63.527836 -68.788361 -74.776543 -80.903969 -86.50164 -90.755318 -93.306519 -94.222 -93.869064 -92.963799 -92.47641 -92.985947 -94.494003 -96.504784 -98.345673 -99.036613 -97.554054 -93.520508 -87.019249 -78.804726 -69.835251 -61.357159 -54.10181 -48.287258 -43.667057 -39.381622 -34.478367 -28.158291 -20.43301 -12.019598 -0.00056181685 6.9927206 15.37316 23.589764 30.511221 36.352058 41.751736 47.338543 53.599842 60.476192 67.407921 73.80677 79.154915 83.250084 86.231728 88.603897 90.80442 93.151627 95.763145 98.389664 100.60332 101.60163 101.01185 98.640808 94.772827 89.778542 84.481003 79.530678 75.065117
81.971237 77.206924 66.911858 54.306091 42.040092 31.840744 24.550823 19.861292 17.352358 10.564391 -0.37564465 0.00045236817 -1.9429505 -13.751976 -25.844284 -36.300297 -44.311123 -50.224102 -54.826435 -58.952084 -63.527836 -68.788361 -74.776543 -80.903969 -86.50164 -90.755318 -93.306519 -94.222 -93.869064 -92.963799 -92.47641 -92.985947 -94.494003 -96.504784 -98.345673 -99.036613 -97.554054 -93.520508 -87.019249 -78.804726 -69.835251 -61.357159 -54.10181 -48.287258 -43.667057 -39.381622 -34.478367 -28.158291 -20.43301 -12.019598 -0.00056181685 6.9927206 15.37316 23.589764 30.511221 36.352058 41.751736 47.338543 53.599842 60.476192 67.407921 73.80677 79.154915 83.250084 86.231728 88.603897 90.80442 93.151627 95.763145 98.389664 100.60332 101.60163 101.01185 98.640808 94.772827 89.778542 84.481003 79.530678 75.065117 71.263611
77.206924 66.911858 54.306091 42.040092 31.840744 24.550823 19.861292 17.352358 10.564391 -0.37564465 0.00045236817 -1.9429505 -13.751976 -25.844284 -36.300297 -44.311123 -50.224102 -54.826435 -58.952084 -63.527836 -68.788361 -74.776543 -80.903969 -86.50164 -90.755318 -93.306519 -94.222 -93.869064 -92.963799 -92.47641 -92.985947 -94.494003 -96.504784 -98.345673 -99.036613 -97.554054 -93.520508 -87.019249 -78.804726 -69.835251 -61.357159 -54.10181 -48.287258 -43.667057 -39.381622 -34.478367 -28.158291 -20.43301 -12.019598 -0.00056181685 6.9927206 15.37316 23.589764 30.511221 36.352058 41.751736 47.338543 53.599842 60.476192 67.407921 73.80677 79.154915 83.250084 86.231728 88.603897 90.80442 93.151627 95.763145 98.389664 100.60332 101.60163 101.01185 98.640808 94.772827 89.778542 84.481003 79.530678 75.065117 71.263611 67.762627
66.911858 54.306091 42.040092 31.840744 24.550823 19.861292 17.352358 10.564391 -0.37564465 0.00045236817 -1.9429505 -13.751976 -25.844284 -36.300297 -44.311123 -50.224102 -54.826435 -58.952084 -63.527836 -68.788361 -74.776543 -80.903969 -86.50164 -90.755318 -93.306519 -94.222 -93.869064 -92.963799 -92.47641 -92.985947 -94.494003 -96.504784 -98.345673 -99.036613 -97.554054 -93.520508 -87.019249 -78.804726 -69.835251 -61.357159 -54.10181 -48.287258 -43.667057 -39.381622 -34.478367 -28.158291 -20.43301 -12.019598 -0.00056181685 6.9927206 15.37316 23.589764 30.511221 36.352058 41.751736 47.338543 53.599842 60.476192 67.407921 73.80677 79.154915 83.250084 86.231728 88.603897 90.80442 93.151627 95.763145 98.389664 100.60332 101.60163 101.01185 98.640808 94.772827 89.778542 84.481003 79.530678 75.065117 71.263611 67.762627 63.934223
54.306091 42.040092 31.840744 24.550823 19.861292 17.352358 10.564391 -0.37564465 0.00045236817 -1.9429505 -13.751976 -25.844284 -36.300297 -44.311123 -50.224102 -54.826435 -58.952084 -63.527836 -68.788361 -74.776543 -80.903969 -86.50164 -90.755318 -93.306519 -94.222 -93.869064 -92.963799 -92.47641 -92.985947 -94.494003 -96.504784 -98.345673 -99.036613 -97.554054 -93.520508 -87.019249 -78.804726 -69.835251 -61.357159 -54.10181 -48.287258 -43.667057 -39.381622 -34.478367 -28.158291 -20.43301 -12.019598 -0.00056181685 6.9927206 15.37316 23.589764 30.511221 36.352058 41.751736 47.338543 53.599842 60.476192 67.407921 73.80677 79.154915 83.250084 86.231728 88.603897 90.80442 93.151627 95.763145 98.389664 100.60332 101.60163 101.01185 98.640808 94.772827 89.778542 84.481003 79.530678 75.065117 71.263611 67.762627 63.934223 59.259102
42.040092 31.840744 24.550823 19.861292 17.352358 10.564391 -0.37564465 0.00045236817 -1.9429505 -13.751976 -25.844284 -36.300297 -44.311123 -50.224102 -54.826435 -58.952084 -63.527836 -68.788361 -74.776543 -80.903969 -86.50164 -90.755318 -93.306519 -94.222 -93.869064 -92.963799 -92.47641 -92.985947 -94.494003 -96.504784 -98.345673 -99.036613 -97.554054 -93.520508 -87.019249 -78.804726 -69.835251 -61.357159 -54.10181 -48.287258 -43.667057 -39.381622 -34.478367 -28.158291 -20.43301 -12.019598 -0.00056181685 6.9927206 15.37316 23.589764 30.511221 36.352058 41.751736 47.338543 53.599842 60.476192 67.407921 73.80677 79.154915 83.250084 86.231728 88.603897 90.80442 93.151627 95.763145 98.389664 100.60332 101.60163 101.01185 98.640808 94.772827 89.778542 84.481003 79.530678 75.065117 71.263611 67.762627 63.934223 59.259102 53.20784
31.840744 24.550823 19.861292 17.352358 10.564391 -0.37564465 0.00045236817 -1.9429505 -13.751976 -25.844284 -36.300297 -44.311123 -50.224102 -54.826435 -58.952084 -63.527836 -68.788361 -74.776543 -80.903969 -86.50164 -90.755318 -93.306519 -94.222 -93.869064 -92.963799 -92.47641 -92.985947 -94.494003 -96.504784 -98.345673 -99.036613 -97.554054 -93.520508 -87.019249 -78.804726 -69.835251 -61.357159 -54.10181 -48.287258 -43.667057 -39.381622 -34.478367 -28.158291 -20.43301 -12.019598 -0.00056181685 6.9927206 15.37316 23.589764 30.511221 36.352058 41.751736 47.338543 53.599842 60.476192 67.407921 73.80677 79.154915 83.250084 86.231728 88.603897 90.80442 93.151627 95.763145 98.389664 100.60332 101.60163 101.01185 98.640808 94.772827 89.778542 84.481003 79.530678 75.065117 71.263611 67.762627 63.934223 59.259102 53.20784 45.683784
24.550823 19.861292 17.352358 10.564391 -0.37564465 0.00045236817 -1.9429505 -13.751976 -25.844284 -36.300297 -44.311123 -50.224102 -54.826435 -58.952084 -63.527836 -68.788361 -74.776543 -80.903969 -86.50164 -90.755318 -93.306519 -94.222 -93.869064 -92.963799 -92.47641 -92.985947 -94.494003 -96.504784 -98.345673 -99.036613 -97.554054 -93.520508 -87.019249 -78.804726 -69.835251 -61.357159 -54.10181 -48.287258 -43.667057 -39.381622 -34.478367 -28.158291 -20.43301 -12.019598 -0.00056181685 6.9927206 15.37316 23.589764 30.511221 36.352058 41.751736 47.338543 53.599842 60.476192 67.407921 73.80677 79.154915 83.250084 86.231728 88.603897 90.80442 93.151627 95.763145 98.389664 100.60332 101.60163 101.01185 98.640808 94.772827 89.778542 84.481003 79.530678 75.065117 71.263611 67.762627 63.934223 59.259102 53.20784 45.683784 37.246338
19.861292 17.352358 10.564391 -0.37564465 0.00045236817 -1.9429505 -13.751976 -25.844284 -36.300297 -44.311123 -50.224102 -54.826435 -58.952084 -63.527836 -68.788361 -74.776543 -80.903969 -86.50164 -90.755318 -93.306519 -94.222 -93.869064 -92.963799 -92.47641 -92.985947 -94.494003 -96.504784 -98.345673 -99.036613 -97.554054 -93.520508 -87.019249 -78.804726 -69.835251 -61.357159 -54.10181 -48.287258 -43.667057 -39.381622 -34.478367 -28.158291 -20.43301 -12.019598 -0.00056181685 6.9927206 15.37316 23.589764 30.511221 36.352058 41.751736 47.338543 53.599842 60.476192 67.407921 73.80677 79.154915 83.250084 86.231728 88.603897 90.80442 93.151627 95.763145 98.389664 100.60332 101.60163 101.01185 98.640808 94.772827 89.778542 84.481003 79.530678 75.065117 71.263611 67.762627 63.934223 59.259102 53.20784 45.683784 37.246338 28.330418
17.352358 10.564391 -0.37564465 0.00045236817 -1.9429505 -13.751976 -25.844284 -36.300297 -44.311123 -50.224102 -54.826435 -58.952084 -63.527836 -68.788361 -74.776543 -80.903969 -86.50164 -90.755318 -93.306519 -94.222 -93.869064 -92.963799 -92.47641 -92.985947 -94.494003 -96.504784 -98.345673 -99.036613 -97.554054 -93.520508 -87.019249 -78.804726 -69.835251 -61.357159 -54.10181 -48.287258 -43.667057 -39.381622 -34.478367 -28.158291 -20.43301 -12.019598 -0.00056181685 6.9927206 15.37316 23.589764 30.511221 36.352058 41.751736 47.338543 53.599842 60.476192 67.407921 73.80677 79.154915 83.250084 86.231728 88.603897 90.80442 93.151627 95.763145 98.389664 100.60332 101.60163 101.01185 98.640808 94.772827 89.778542 84.481003 79.530678 75.065117 71.263611 67.762627 63.934223 59.259102 53.20784 45.683784 37.246338 28.330418 19.582321
10.564391 -0.37564465 0.00045236817 -1.9429505 -13.751976 -25.844284 -36.300297 -44.311123 -50.224102 -54.826435 -58.952084 -63.527836 -68.788361 -74.776543 -80.903969 -86.50164 -90.755318 -93.306519 -94.222 -93.869064 -92.963799 -92.47641 -92.985947 -94.494003 -96.504784 -98.345673 -99.036613 -97.554054 -93.520508 -87.019249 -78.804726 -69.835251 -61.357159 -54.10181 -48.287258 -43.667057 -39.381622 -34.478367 -28.158291 -20.43301 -12.019598 -0.00056181685 6.9927206 15.37316 23.589764 30.511221 36.352058 41.751736 47.338543 53.599842 60.476192 67.407921 73.80677 79.154915 83.250084 86.231728 88.603897 90.80442 93.151627 95.763145 98.389664 100.60332 101.60163 101.01185 98.640808 94.772827 89.778542 84.481003 79.530678 75.065117 71.263611 67.762627 63.934223 59.259102 53.20784 45.683784 37.246338 28.330418 19.582321 11.69088
-0.37564465 0.00045236817 -1.9429505 -13.751976 -25.844284 -36.300297 -44.311123 -50.224102 -54.826435 -58.952084 -63.527836 -68.788361 -74.776543 -80.903969 -86.50164 -90.755318 -93.306519 -94.222 -93.869064 -92.963799 -92.47641 -92.985947 -94.494003 -96.504784 -98.345673 -99.036613 -97.554054 -93.520508 -87.019249 -78.804726 -69.835251 -61.357159 -54.10181 -48.287258 -43.667057 -39.381622 -34.478367 -28.158291 -20.43301 -12.019598 -0.00056181685 6.9927206 15.37316 23.589764 30.511221 36.352058 41.751736 47.338543 53.599842 60.476192 67.407921 73.80677 79.154915 83.250084 86.231728 88.603897 90.80442 93.151627 95.763145 98.389664 100.60332 101.60163 101.01185 98.640808 94.772827 89.778542 84.481003 79.530678 75.065117 71.263611 67.762627 63.934223 59.259102 53.20784 45.683784 37.246338 28.330418 19.582321 11.69088 3.3408382
0.00045236817 -1.9429505 -13.751976 -25.844284 -36.300297 -44.311123 -50.224102 -54.826435 -58.952084 -63.527836 -68.788361 -74.776543 -80.903969 -86.50164 -90.755318 -93.306519 -94.222 -93.869064 -92.963799 -92.47641 -92.985947 -94.494003 -96.504784 -98.345673 -99.036613 -97.554054 -93.520508 -87.019249 -78.804726 -69.835251 -61.357159 -54.10181 -48.287258 -43.667057 -39.381622 -34.478367 -28.158291 -20.43301 -12.019598 -0.00056181685 6.9927206 15.37316 23.589764 30.511221 36.352058 41.751736 47.338543 53.599842 60.476192 67.407921 73.80677 79.154915 83.250084 86.231728 88.603897 90.80442 93.151627 95.763145 98.389664 100.60332 101.60163 101.01185 98.640808 94.772827 89.778542 84.481003 79.530678 75.065117 71.263611 67.762627 63.934223 59.259102 53.20784 45.683784 37.246338 28.330418 19.582321 11.69088 3.3408382 -2.0603979
-1.9429505 -13.751976 -25.844284 -36.300297 -44.311123 -50.224102 -54.826435 -58.952084 -63.527836 -68.788361 -74.776543 -80.903969 -86.50164 -90.755318 -93.306519 -94.222 -93.869064 -92.963799 -92.47641 -92.985947 -94.494003 -96.504784 -98.345673 -99.036613 -97.554054 -93.520508 -87.019249 -78.804726 -69.835251 -61.357159 -54.10181 -48.287258 -43.667057 -39.381622 -34.478367 -28.158291 -20.43301 -12.019598 -0.00056181685 6.9927206 15.37316 23.589764 30.511221 36.352058 41.751736 47.338543 53.599842 60.476192 67.407921 73.80677 79.154915 83.250084 86.231728 88.603897 90.80442 93.151627 95.763145 98.389664 100.60332 101.60163 101.01185 98.640808 94.772827 89.778542 84.481003 79.530678 75.065117 71.263611 67.762627 63.934223 59.259102 53.20784 45.683784 37.246338 28.330418 19.582321 11.69088 3.3408382 -2.0603979 -9.4885292
-13.751976 -25.844284 -36.300297 -44.311123 -50.224102 -54.826435 -58.952084 -63.527836 -68.788361 -74.776543 -80.903969 -86.50164 -90.755318 -93.306519 -94.222 -93.869064 -92.963799 -92.47641 -92.985947 -94.494003 -96.504784 -98.345673 -99.036613 -97.554054 -93.520508 -87.019249 -78.804726 -69.835251 -61.357159 -54.10181 -48.287258 -43.667057 -39.381622 -34.478367 -28.158291 -20.43301 -12.019598 -0.00056181685 6.9927206 15.37316 23.589764 30.511221 36.352058 41.751736 47.338543 53.599842 60.476192 67.407921 73.80677 79.154915 83.250084 86.231728 88.603897 90.80442 93.151627 95.763145 98.389664 100.60332 101.60163 101.01185 98.640808 94.772827 89.778542 84.481003 79.530678 75.065117 71.263611 67.762627 63.934223 59.259102 53.20784 45.683784 37.246338 28.330418 19.582321 11.69088 3.3408382 -2.0603979 -9.4885292 -16.854746
-25.844284 -36.300297 -44.311123 -50.224102 -54.826435 -58.952084 -63.527836 -68.788361 -74.776543 -80.903969 -86.50164 -90.755318 -93.306519 -94.222 -93.869064 -92.963799 -92.47641 -92.985947 -94.494003 -96.504784 -98.345673 -99.036613 -97.554054 -93.520508 -87.019249 -78.804726 -69.835251 -61.357159 -54.10181 -48.287258 -43.667057 -39.381622 -34.478367 -28.158291 -20.43301 -12.019598 -0.00056181685 6.9927206 15.37316 23.589764 30.511221 36.352058 41.751736 47.338543 53.599842 60.476192 67.407921 73.80677 79.154915 83.250084 86.231728 88.603897 90.80442 93.151627 95.763145 98.389664 100.60332 101.60163 101.01185 98.640808 94.772827 89.778542 84.481003 79.530678 75.065117 71.263611 67.762627 63.934223 59.259102 53.20784 45.683784 37.246338 28.330418 19.582321 11.69088 3.3408382 -2.0603979 -9.4885292 -16.854746 -24.027025
-36.300297 -44.311123 -50.224102 -54.826435 -58.952084 -63.527836 -68.788361 -74.776543 -80.903969 -86.50164 -90.755318 -93.306519 -94.222 -93.869064 -92.963799 -92.47641 -92.985947 -94.494003 -96.504784 -98.345673 -99.036613 -97.554054 -93.520508 -87.019249 -78.804726 -69.835251 -61.357159 -54.10181 -48.287258 -43.667057 -39.381622 -34.478367 -28.158291 -20.43301 -12.019598 -0.00056181685 6.9927206 15.37316 23.589764 30.511221 36.352058 41.751736 47.338543 53.599842 60.476192 67.407921 73.80677 79.154915 83.250084 86.231728 88.603897 90.80442 93.151627 95.763145 98.389664 100.60332 101.60163 101.01185 98.640808 94.772827 89.778542 84.481003 79.530678 75.065117 71.263611 67.762627 63.934223 59.259102 53.20784 45.683784 37.246338 28.330418 19.582321 11.69088 3.3408382 -2.0603979 -9.4885292 -16.854746 -24.027025 -31.709845
-44.311123 -50.224102 -54.826435 -58.952084 -63.527836 -68.788361 -74.776543 -80.903969 -86.50164 -90.755318 -93.306519 -94.222 -93.869064 -92.963799 -92.47641 -92.985947 -94.494003 -96.504784 -98.345673 -99.036613 -97.554054 -93.520508 -87.019249 -78.804726 -69.835251 -61.357159 -54.10181 -48.287258 -43.667057 -39.381622 -34.478367 -28.158291 -20.43301 -12.019598 -0.00056181685 6.9927206 15.37316 23.589764 30.511221 36.352058 41.751736 47.338543 53.599842 60.476192 67.407921 73.80677 79.154915 83.250084 86.231728 88.603897 90.80442 93.151627 95.763145 98.389664 100.60332 101.60163 101.01185 98.640808 94.772827 89.778542 84.481003 79.530678 75.065117 71.263611 67.762627 63.934223 59.259102 53.20784 45.683784 37.246338 28.330418 19.582321 11.69088 3.3408382 -2.0603979 -9.4885292 -16.854746 -24.027025 -31.709845 -39.887726
-50.224102 -54.826435 -58.952084 -63.527836 -68.788361 -74.776543 -80.903969 -86.50164 -90.755318 -93.306519 -94.222 -93.869064 -92.963799 -92.47641 -92.985947 -94.494003 -96.504784 -98.345673 -99.036613 -97.554054 -93.520508 -87.019249 -78.804726 -69.835251 -61.357159 -54.10181 -48.287258 -43.667057 -39.381622 -34.478367 -28.158291 -20.43301 -12.019598 -0.00056181685 6.9927206 15.37316 23.589764 30.511221 36.352058 41.751736 47.338543 53.599842 60.476192 67.407921 73.80677 79.154915 83.250084 86.231728 88.603897 90.80442 93.151627 95.763145 98.389664 100.60332 101.60163 101.01185 98.640808 94.772827 89.778542 84.481003 79.530678 75.065117 71.263611 67.762627 63.934223 59.259102 53.20784 45.683784 37.246338 28.330418 19.582321 11.69088 3.3408382 -2.0603979 -9.4885292 -16.854746 -24.027025 -31.709845 -39.887726 -47.994461
-54.826435 -58.952084 -63.527836 -68.788361 -74.776543 -80.903969 -86.50164 -90.755318 -93.306519 -94.222 -93.869064 -92.963799 -92.47641 -92.985947 -94.494003 -96.504784 -98.345673 -99.036613 -97.554054 -93.520508 -87.019249 -78.804726 -69.835251 -61.357159 -54.10181 -48.287258 -43.667057 -39.381622 -34.478367 -28.158291 -20.43301 -12.019598 -0.00056181685 6.9927206 15.37316 23.589764 30.511221 36.352058 41.751736 47.338543 53.599842 60.476192 67.407921 73.80677 79.154915 83.250084 86.231728 88.603897 90.80442 93.151627 95.763145 98.389664 100.60332 101.60163 101.01185 98.640808 94.772827 89.778542 84.481003 79.530678 75.065117 71.263611 67.762627 63.934223 59.259102 53.20784 45.683784 37.246338 28.330418 19.582321 11.69088 3.3408382 -2.0603979 -9.4885292 -16.854746 -24.027025 -31.709845 -39.887726 -47.994461 -55.518547
-58.952084 -63.527836 -68.788361 -74.776543 -80.903969 -86.50164 -90.755318 -93.306519 -94.222 -93.869064 -92.963799 -92.47641 -92.985947 -94.494003 -96.504784 -98.345673 -99.036613 -97.554054 -93.520508 -87.019249 -78.804726 -69.835251 -61.357159 -54.10181 -48.287258 -43.667057 -39.381622 -34.478367 -28.158291 -20.43301 -12.019598 -0.00056181685 6.9927206 15.37316 23.589764 30.511221 36.352058 41.751736 47.338543 53.599842 60.476192 67.407921 73.80677 79.154915 83.250084 86.231728 88.603897 90.80442 93.151627 95.763145 98.389664 100.60332 101.60163 101.01185 98.640808 94.772827 89.778542 84.481003 79.530678 75.065117 71.263611 67.762627 63.934223 59.259102 53.20784 45.683784 37.246338 28.330418 19.582321 11.69088 3.3408382 -2.0603979 -9.4885292 -16.854746 -24.027025 -31.709845 -39.887726 -47.994461 -55.518547 -62.273846
-63.527836 -68.788361 -74.776543 -80.903969 -86.50164 -90.755318 -93.306519 -94.222 -93.869064 -92.963799 -92.47641 -92.985947 -94.494003 -96.504784 -98.345673 -99.036613 -97.554054 -93.520508 -87.019249 -78.804726 -69.835251 -61.357159 -54.10181 -48.287258 -43.667057 -39.381622 -34.478367 -28.158291 -20.43301 -12.019598 -0.00056181685 6.9927206 15.37316 23.589764 30.511221 36.352058 41.751736 47.338543 53.599842 60.476192 67.407921 73.80677 79.154915 83.250084 86.231728 88.603897 90.80442 93.151627 95.763145 98.389664 100.60332 101.60163 101.01185 98.640808 94.772827 89.778542 84.481003 79.530678 75.065117 71.263611 67.762627 63.934223 59.259102 53.20784 45.683784 37.246338 28.330418 19.582321 11.69088 3.3408382 -2.0603979 -9.4885292 -16.854746 -24.027025 -31.709845 -39.887726 -47.994461 -55.518547 -62.273846 -68.067627
-68.788361 -74.776543 -80.903969 -86.50164 -90.755318 -93.306519 -94.222 -93.869064 -92.963799 -92.47641 -92.985947 -94.494003 -96.504784 -98.345673 -99.036613 -97.554054 -93.520508 -87.019249 -78.804726 -69.835251 -61.357159 -54.10181 -48.287258 -43.667057 -39.381622 -34.478367 -28.158291 -20.43301 -12.019598 -0.00056181685 6.9927206 15.37316 23.589764 30.511221 36.352058 41.751736 47.338543 53.599842 60.476192 67.407921 73.80677 79.154915 83.250084 86.231728 88.603897 90.80442 93.151627 95.763145 98.389664 100.60332 101.60163 101.01185 98.640808 94.772827 89.778542 84.481003 79.530678 75.065117 71.263611 67.762627 63.934223 59.259102 53.20784 45.683784 37.246338 28.330418 19.582321 11.69088 3.3408382 -2.0603979 -9.4885292 -16.854746 -24.027025 -31.709845 -39.887726 -47.994461 -55.518547 -62.273846 -68.067627 -73.2192
-74.776543 -80.903969 -86.50164 -90.755318 -93.306519 -94.222 -93.869064 -92.963799 -92.47641 -92.985947 -94.494003 -96.504784 -98.345673 -99.036613 -97.554054 -93.520508 -87.019249 -78.804726 -69.835251 -61.357159 -54.10181 -48.287258 -43.667057 -39.381622 -34.478367 -28.158291 -20.43301 -12.019598 -0.00056181685 6.9927206 15.37316 23.589764 30.511221 36.352058 41.751736 47.338543 53.599842 60.476192 67.407921 73.80677 79.154915 83.250084 86.231728 88.603897 90.80442 93.151627 95.763145 98.389664 100.60332 101.60163 101.01185 98.640808 94.772827 89.778542 84.481003 79.530678 75.065117 71.263611 67.762627 63.934223 59.259102 53.20784 45.683784 37.246338 28.330418 19.582321 11.69088 3.3408382 -2.0603979 -9.4885292 -16.854746 -24.027025 -31.709845 -39.887726 -47.994461 -55.518547 -62.273846 -68.067627 -73.2192 -77.768906
-80.903969 -86.50164 -90.755318 -93.306519 -94.222 -93.869064 -92.963799 -92.47641 -92.985947 -94.494003 -96.504784 -98.345673 -99.036613 -97.554054 -93.520508 -87.019249 -78.804726 -69.835251 -61.357159 -54.10181 -48.287258 -43.667057 -39.381622 -34.478367 -28.158291 -20.43301 -12.019598 -0.00056181685 6.9927206 15.37316 23.589764 30.511221 36.352058 41.751736 47.338543 53.599842 60.476192 67.407921 73.80677 79.154915 83.250084 86.231728 88.603897 90.80442 93.151627 95.763145 98.389664 100.60332 101.60163 101.01185 98.640808 94.772827 89.778542 84.481003 79.530678 75.065117 71.263611 67.762627 63.934223 59.259102 53.20784 45.683784 37.246338 28.330418 19.582321 11.69088 3.3408382 -2.0603979 -9.4885292 -16.854746 -24.027025 -31.709845 -39.887726 -47.994461 -55.518547 -62.273846 -68.067627 -73.2192 -77.768906 -82.076637
-86.50164 -90.755318 -93.306519 -94.222 -93.869064 -92.963799 -92.47641 -92.985947 -94.494003 -96.504784 -98.345673 -99.036613 -97.554054 -93.520508 -87.019249 -78.804726 -69.835251 -61.357159 -54.10181 -48.287258 -43.667057 -39.381622 -34.478367 -28.158291 -20.43301 -12.019598 -0.00056181685 6.9927206 15.37316 23.589764 30.511221 36.352058 41.751736 47.338543 53.599842 60.476192 67.407921 73.80677 79.154915 83.250084 86.231728 88.603897 90.80442 93.151627 95.763145 98.389664 100.60332 101.60163 101.01185 98.640808 94.772827 89.778542 84.481003 79.530678 75.065117 71.263611 67.762627 63.934223 59.259102 53.20784 45.683784 37.246338 28.330418 19.582321 11.69088 3.3408382 -2.0603979 -9.4885292 -16.854746 -24.027025 -31.709845 -39.887726 -47.994461 -55.518547 -62.273846 -68.067627 -73.2192 -77.768906 -82.076637 -86.233833
-90.755318 -93.306519 -94.222 -93.869064 -92.963799 -92.47641 -92.985947 -94.494003 -96.504784 -98.345673 -99.036613 -97.554054 -93.520508 -87.019249 -78.804726 -69.835251 -61.357159 -54.10181 -48.287258 -43.667057 -39.381622 -34.478367 -28.158291 -20.43301 -12.019598 -0.00056181685 6.9927206 15.37316 23.589764 30.511221 36.352058 41.751736 47.338543 53.599842 60.476192 67.407921 73.80677 79.154915 83.250084 86.231728 88.603897 90.80442 93.151627 95.763145 98.389664 100.60332 101.60163 101.01185 98.640808 94.772827 89.778542 84.481003 79.530678 75.065117 71.263611 67.762627 63.934223 59.259102 53.20784 45.683784 37.246338 28.330418 19.582321 11.69088 3.3408382 -2.0603979 -9.4885292 -16.854746 -24.027025 -31.709845 -39.887726 -47.994461 -55.518547 -62.273846 -68.067627 -73.2192 -77.768906 -82.076637 -86.233833 -90.195511
-93.306519 -94.222 -93.869064 -92.963799 -92.47641 -92.985947 -94.494003 -96.504784 -98.345673 -99.036613 -97.554054 -93.520508 -87.019249 -78.804726 -69.835251 -61.357159 -54.10181 -48.287258 -43.667057 -39.381622 -34.478367 -28.158291 -20.43301 -12.019598 -0.00056181685 6.9927206 15.37316 23.589764 30.511221 36.352058 41.751736 47.338543 53.599842 60.476192 67.407921 73.80677 79.154915 83.250084 86.231728 88.603897 90.80442 93.151627 95.763145 98.389664 100.60332 101.60163 101.01185 98.640808 94.772827 89.778542 84.481003 79.530678 75.065117 71.263611 67.762627 63.934223 59.259102 53.20784 45.683784 37.246338 28.330418 19.582321 11.69088 3.3408382 -2.0603979 -9.4885292 -16.854746 -24.027025 -31.709845 -39.887726 -47.994461 -55.518547 -62.273846 -68.067627 -73.2192 -77.768906 -82.076637 -86.233833 -90.195511 -93.931709
-94.222 -93.869064 -92.963799 -92.47641 -92.985947 -94.494003 -96.504784 -98.345673 -99.036613 -97.554054 -93.520508 -87.019249 -78.804726 -69.835251 -61.357159 -54.10181 -48.287258 -43.667057 -39.381622 -34.478367 -28.158291 -20.43301 -12.019598 -0.00056181685 6.9927206 15.37316 23.589764 30.511221 36.352058 41.751736 47.338543 53.599842 60.476192 67.407921 73.80677 79.154915 83.250084 86.231728 88.603897 90.80442 93.151627 95.763145 98.389664 100.60332 101.60163 101.01185 98.640808 94.772827 89.778542 84.481003 79.530678 75.065117 71.263611 67.762627 63.934223 59.259102 53.20784 45.683784 37.246338 28.330418 19.582321 11.69088 3.3408382 -2.0603979 -9.4885292 -16.854746 -24.027025 -31.709845 -39.887726 -47.994461 -55.518547 -62.273846 -68.067627 -73.2192 -77.768906 -82.076637 -86.233833 -90.195511 -93.931709 -96.974121
-93.869064 -92.963799 -92.47641 -92.985947 -94.494003 -96.504784 -98.345673 -99.036613 -97.554054 -93.520508 -87.019249 -78.804726 -69.835251 -61.357159 -54.10181 -48.287258 -43.667057 -39.381622 -34.478367 -28.158291 -20.43301 -12.019598 -0.00056181685 6.9927206 15.37316 23.589764 30.511221 36.352058 41.751736 47.338543 53.599842 60.476192 67.407921 73.80677 79.154915 83.250084 86.231728 88.603897 90.80442 93.151627 95.763145 98.389664 100.60332 101.60163 101.01185 98.640808 94.772827 89.778542 84.481003 79.530678 75.065117 71.263611 67.762627 63.934223 59.259102 53.20784 45.683784 37.246338 28.330418 19.582321 11.69088 3.3408382 -2.0603979 -9.4885292 -16.854746 -24.027025 -31.709845 -39.887726 -47.994461 -55.518547 -62.273846 -68.067627 -73.2192 -77.768906 -82.076637 -86.233833 -90.195511 -93.931709 -96.974121 -99.078568
-92.963799 -92.47641 -92.985947 -94.494003 -96.504784 -98.345673 -99.036613 -97.554054 -93.520508 -87.019249 -78.804726 -69.835251 -61.357159 -54.10181 -48.287258 -43.667057 -39.381622 -34.478367 -28.158291 -20.43301 -12.019598 -0.00056181685 6.9927206 15.37316 23.589764 30.511221 36.352058 41.751736 47.338543 53.599842 60.476192 67.407921 73.80677 79.154915 83.250084 86.231728 88.603897 90.80442 93.151627 95.763145 98.389664 100.60332 101.60163 101.01185 98.640808 94.772827 89.778542 84.481003 79.530678 75.065117 71.263611 67.762627 63.934223 59.259102 53.20784 45.683784 37.246338 28.330418 19.582321 11.69088 3.3408382 -2.0603979 -9.4885292 -16.854746 -24.027025 -31.709845 -39.887726 -47.994461 -55.518547 -62.273846 -68.067627 -73.2192 -77.768906 -82.076637 -86.233833 -90.195511 -93.931709 -96.974121 -99.078568 -100.12848
-92.47641 -92.985947 -94.494003 -96.504784 -98.345673 -99.036613 -97.554054 -93.520508 -87.019249 -78.804726 -69.835251 -61.357159 -54.10181 -48.287258 -43.667057 -39.381622 -34.478367 -28.158291 -20.43301 -12.019598 -0.00056181685 6.9927206 15.37316 23.589764 30.511221 36.352058 41.751736 47.338543 53.599842 60.476192 67.407921 73.80677 79.154915 83.250084 86.231728 88.603897 90.80442 93.151627 95.763145 98.389664 100.60332 101.60163 101.01185 98.640808 94.772827 89.778542 84.481003 79.530678 75.065117 71.263611 67.762627 63.934223 59.259102 53.20784 45.683784 37.246338 28.330418 19.582321 11.69088 3.3408382 -2.0603979 -9.4885292 -16.854746 -24.027025 -31.709845 -39.887726 -47.994461 -55.518547 -62.273846 -68.067627 -73.2192 -77.768906 -82.076637 -86.233833 -90.195511 -93.931709 -96.974121 -99.078568 -100.12848 -99.989655
-92.985947 -94.494003 -96.504784 -98.345673 -99.036613 -97.554054 -93.520508 -87.019249 -78.804726 -69.835251 -61.357159 -54.10181 -48.287258 -43.667057 -39.381622 -34.478367 -28.158291 -20.43301 -12.019598 -0.00056181685 6.9927206 15.37316 23.589764 30.511221 36.352058 41.751736 47.338543 53.599842 60.476192 67.407921 73.80677 79.154915 83.250084 86.231728 88.603897 90.80442 93.151627 95.763145 98.389664 100.60332 101.60163 101.01185 98.640808 94.772827 89.778542 84.481003 79.530678 75.065117 71.263611 67.762627 63.934223 59.259102 53.20784 45.683784 37.246338 28.330418 19.582321 11.69088 3.3408382 -2.0603979 -9.4885292 -16.854746 -24.027025 -31.709845 -39.887726 -47.994461 -55.518547 -62.273846 -68.067627 -73.2192 -77.768906 -82.076637 -86.233833 -90.195511 -93.931709 -96.974121 -99.078568 -100.12848 -99.989655 -98.819107
-94.494003 -96.504784 -98.345673 -99.036613 -97.554054 -93.520508 -87.019249 -78.804726 -69.835251 -61.357159 -54.10181 -48.287258 -43.667057 -39.381622 -34.478367 -28.158291 -20.43301 -12.019598 -0.00056181685 6.9927206 15.37316 23.589764 30.511221 36.352058 41.751736 47.338543 53.599842 60.476192 67.407921 73.80677 79.154915 83.250084 86.231728 88.603897 90.80442 93.151627 95.763145 98.389664 100.60332 101.60163 101.01185 98.640808 94.772827 89.778542 84.481003 79.530678 75.065117 71.263611 67.762627 63.934223 59.259102 53.20784 45.683784 37.246338 28.330418 19.582321 11.69088 3.3408382 -2.0603979 -9.4885292 -16.854746 -24.027025 -31.709845 -39.887726 -47.994461 -55.518547 -62.273846 -68.067627 -73.2192 -77.768906 -82.076637 -86.233833 -90.195511 -93.931709 -96.974121 -99.078568 -100.12848 -99.989655 -98.819107 -96.832634
-96.504784 -98.345673 -99.036613 -97.554054 -93.520508 -87.019249 -78.804726 -69.835251 -61.357159 -54.10181 -48.287258 -43.667057 -39.381622 -34.478367 -28.158291 -20.43301 -12.019598 -0.00056181685 6.9927206 15.37316 23.589764 30.511221 36.352058 41.751736 47.338543 53.599842 60.476192 67.407921 73.80677 79.154915 83.250084 86.231728 88.603897 90.80442 93.151627 95.763145 98.389664 100.60332 101.60163 101.01185 98.640808 94.772827 89.778542 84.481003 79.530678 75.065117 71.263611 67.762627 63.934223 59.259102 53.20784 45.683784 37.246338 28.330418 19.582321 11.69088 3.3408382 -2.0603979 -9.4885292 -16.854746 -24.027025 -31.709845 -39.887726 -47.994461 -55.518547 -62.273846 -68.067627 -73.2192 -77.768906 -82.076637 -86.233833 -90.195511 -93.931709 -96.974121 -99.078568 -100.12848 -99.989655 -98.819107 -96.832634 -94.477501
-98.345673 -99.036613 -97.554054 -93.520508 -87.019249 -78.804726 -69.835251 -61.357159 -54.10181 -48.287258 -43.667057 -39.381622 -34.478367 -28.158291 -20.43301 -12.019598 -0.00056181685 6.9927206 15.37316 23.589764 30.511221 36.352058 41.751736 47.338543 53.599842 60.476192 67.407921 73.80677 79.154915 83.250084 86.231728 88.603897 90.80442 93.151627 95.763145 98.389664 100.60332 101.60163 101.01185 98.640808 94.772827 89.778542 84.481003 79.530678 75.065117 71.263611 67.762627 63.934223 59.259102 53.20784 45.683784 37.246338 28.330418 19.582321 11.69088 3.3408382 -2.0603979 -9.4885292 -16.854746 -24.027025 -31.709845 -39.887726 -47.994461 -55.518547 -62.273846 -68.067627 -73.2192 -77.768906 -82.076637 -86.233833 -90.195511 -93.931709 -96.974121 -99.078568 -100.12848 -99.989655 -98.819107 -96.832634 -94.477501 -92.009232
-99.036613 -97.554054 -93.520508 -87.019249 -78.804726 -69.835251 -61.357159 -54.10181 -48.287258 -43.667057 -39.381622 -34.478367 -28.158291 -20.43301 -12.019598 -0.00056181685 6.9927206 15.37316 23.589764 30.511221 36.352058 41.751736 47.338543 53.599842 60.476192 67.407921 73.80677 79.154915 83.250084 86.231728 88.603897 90.80442 93.151627 95.763145 98.389664 100.60332 101.60163 101.01185 98.640808 94.772827 89.778542 84.481003 79.530678 75.065117 71.263611 67.762627 63.934223 59.259102 53.20784 45.683784 37.246338 28.330418 19.582321 11.69088 3.3408382 -2.0603979 -9.4885292 -16.854746 -24.027025 -31.709845 -39.887726 -47.994461 -55.518547 -62.273846 -68.067627 -73.2192 -77.768906 -82.076637 -86.233833 -90.195511 -93.931709 -96.974121 -99.078568 -100.12848 -99.989655 -98.819107 -96.832634 -94.477501 -92.009232 -89.572838
-97.554054 -93.520508 -87.019249 -78.804726 -69.835251 -61.357159 -54.10181 -48.287258 -43.667057 -39.381622 -34.478367 -28.158291 -20.43301 -12.019598 -0.00056181685 6.9927206 15.37316 23.589764 30.511221 36.352058 41.751736 47.338543 53.599842 60.476192 67.407921 73.80677 79.154915 83.250084 86.231728 88.603897 90.80442 93.151627 95.763145 98.389664 100.60332 101.60163 101.01185 98.640808 94.772827 89.778542 84.481003 79.530678 75.065117 71.263611 67.762627 63.934223 59.259102 53.20784 45.683784 37.246338 28.330418 19.582321 11.69088 3.3408382 -2.0603979 -9.4885292 -16.854746 -24.027025 -31.709845 -39.887726 -47.994461 -55.518547 -62.273846 -68.067627 -73.2192 -77.768906 -82.076637 -86.233833 -90.195511 -93.931709 -96.974121 -99.078568 -100.12848 -99.989655 -98.819107 -96.832634 -94.477501 -92.009232 -89.572838 -87.047478
-93.520508 -87.019249 -78.804726 -69.835251 -61.357159 -54.10181 -48.287258 -43.667057 -39.381622 -34.478367 -28.158291 -20.43301 -12.019598 -0.00056181685 6.9927206 15.37316 23.589764 30.511221 36.352058 41.751736 47.338543 53.599842 60.476192 67.407921 73.80677 79.154915 83.250084 86.231728 88.603897 90.80442 93.151627 95.763145 98.389664 100.60332 101.60163 101.01185 98.640808 94.772827 89.778542 84.481003 79.530678 75.065117 71.263611 67.762627 63.934223 59.259102 53.20784 45.683784 37.246338 28.330418 19.582321 11.69088 3.3408382 -2.0603979 -9.4885292 -16.854746 -24.027025 -31.709845 -39.887726 -47.994461 -55.518547 -62.273846 -68.067627 -73.2192 -77.768906 -82.076637 -86.233833 -90.195511 -93.931709 -96.974121 -99.078568 -100.12848 -99.989655 -98.819107 -96.832634 -94.477501 -92.009232 -89.572838 -87.047478 -84.284897
-87.019249 -78.804726 -69.835251 -61.357159 -54.10181 -48.287258 -43.667057 -39.381622 -34.478367 -28.158291 -20.43301 -12.019598 -0.00056181685 6.9927206 15.37316 23.589764 30.511221 36.352058 41.751736 47.338543 53.599842 60.476192 67.407921 73.80677 79.154915 83.250084 86.231728 88.603897 90.80442 93.151627 95.763145 98.389664 100.60332 101.60163 101.01185 98.640808 94.772827 89.778542 84.481003 79.530678 75.065117 71.263611 67.762627 63.934223 59.259102 53.20784 45.683784 37.246338 28.330418 19.582321 11.69088 3.3408382 -2.0603979 -9.4885292 -16.854746 -24.027025 -31.709845 -39.887726 -47.994461 -55.518547 -62.273846 -68.067627 -73.2192 -77.768906 -82.076637 -86.233833 -90.195511 -93.931709 -96.974121 -99.078568 -100.12848 -99.989655 -98.819107 -96.832634 -94.477501 -92.009232 -89.572838 -87.047478 -84.284897 -80.891159
-78.804726 -69.835251 -61.357159 -54.10181 -48.287258 -43.667057 -39.381622 -34.478367 -28.158291 -20.43301 -12.019598 -0.00056181685 6.9927206 15.37316 23.589764 30.511221 36.352058 41.751736 47.338543 53.599842 60.476192 67.407921 73.80677 79.154915 83.250084 86.231728 88.603897 90.80442 93.151627 95.763145 98.389664 100.60332 101.60163 101.01185 98.640808 94.772827 89.778542 84.481003 79.530678 75.065117 71.263611 67.762627 63.934223 59.259102 53.20784 45.683784 37.246338 28.330418 19.582321 11.69088 3.3408382 -2.0603979 -9.4885292 -16.854746 -24.027025 -31.709845 -39.887726 -47.994461 -55.518547 -62.273846 -68.067627 -73.2192 -77.768906 -82.076637 -86.233833 -90.195511 -93.931709 -96.974121 -99.078568 -100.12848 -99.989655 -98.819107 -96.832634 -94.477501 -92.009232 -89.572838 -87.047478 -84.284897 -80.891159 -76.740288
-69.835251 -61.357159 -54.10181 -48.287258 -43.667057 -39.381622 -34.478367 -28.158291 -20.43301 -12.019598 -0.00056181685 6.9927206 15.37316 23.589764 30.511221 36.352058 41.751736 47.338543 53.599842 60.476192 67.407921 73.80677 79.154915 83.250084 86.231728 88.603897 90.80442 93.151627 95.763145 98.389664 100.60332 101.60163 101.01185 98.640808 94.772827 89.778542 84.481003 79.530678 75.065117 71.263611 67.762627 63.934223 59.259102 53.20784 45.683784 37.246338 28.330418 19.582321 11.69088 3.3408382 -2.0603979 -9.4885292 -16.854746 -24.027025 -31.709845 -39.887726 -47.994461 -55.518547 -62.273846 -68.067627 -73.2192 -77.768906 -82.076637 -86.233833 -90.195511 -93.931709 -96.974121 -99.078568 -100.12848 -99.989655 -98.819107 -96.832634 -94.477501 -92.009232 -89.572838 -87.047478 -84.284897 -80.891159 -76.740288 -71.549149
-61.357159 -54.10181 -48.287258 -43.667057 -39.381622 -34.478367 -28.158291 -20.43301 -12.019598 -0.00056181685 6.9927206 15.37316 23.589764 30.511221 36.352058 41.751736 47.338543 53.599842 60.476192 67.407921 73.80677 79.154915 83.250084 86.231728 88.603897 90.80442 93.151627 95.763145 98.389664 100.60332 101.60163 101.01185 98.640808 94.772827 89.778542 84.481003 79.530678 75.065117 71.263611 67.762627 63.934223 59.259102 53.20784 45.683784 37.246338 28.330418 19.582321 11.69088 3.3408382 -2.0603979 -9.4885292 -16.854746 -24.027025 -31.709845 -39.887726 -47.994461 -55.518547 -62.273846 -68.067627 -73.2192 -77.768906 -82.076637 -86.233833 -90.195511 -93.931709 -96.974121 -99.078568 -100.12848 -99.989655 -98.819107 -96.832634 -94.477501 -92.009232 -89.572838 -87.047478 -84.284897 -80.891159 -76.740288 -71.549149 -65.43895
-54.10181 -48.287258 -43.667057 -39.381622 -34.478367 -28.158291 -20.43301 -12.019598 -0.00056181685 6.9927206 15.37316 23.589764 30.511221 36.352058 41.751736 47.338543 53.599842 60.476192 67.407921 73.80677 79.154915 83.250084 86.231728 88.603897 90.80442 93.151627 95.763145 98.389664 100.60332 101.60163 101.01185 98.640808 94.772827 89.778542 84.481003 79.530678 75.065117 71.263611 67.762627 63.934223 59.259102 53.20784 45.683784 37.246338 28.330418 19.582321 11.69088 3.3408382 -2.0603979 -9.4885292 -16.854746 -24.027025 -31.709845 -39.887726 -47.994461 -55.518547 -62.273846 -68.067627 -73.2192 -77.768906 -82.076637 -86.233833 -90.195511 -93.931709 -96.974121 -99.078568 -100.12848 -99.989655 -98.819107 -96.832634 -94.477501 -92.009232 -89.572838 -87.047478 -84.284897 -80.891159 -76.740288 -71.549149 -65.43895 -58.47995
-48.287258 -43.667057 -39.381622 -34.478367 -28.158291 -20.43301 -12.019598 -0.00056181685 6.9927206 15.37316 23.589764 30.511221 36.352058 41.751736 47.338543 53.599842 60.476192 67.407921 73.80677 79.154915 83.250084 86.231728 88.603897 90.80442 93.151627 95.763145 98.389664 100.60332 101.60163 101.01185 98.640808 94.772827 89.778542 84.481003 79.530678 75.065117 71.263611 67.762627 63.934223 59.259102 53.20784 45.683784 37.246338 28.330418 19.582321 11.69088 3.3408382 -2.0603979 -9.4885292 -16.854746 -24.027025 -31.709845 -39.887726 -47.994461 -55.518547 -62.273846 -68.067627 -73.2192 -77.768906 -82.076637 -86.233833 -90.195511 -93.931709 -96.974121 -99.078568 -100.12848 -99.989655 -98.819107 -96.832634 -94.477501 -92.009232 -89.572838 -87.047478 -84.284897 -80.891159 -76.740288 -71.549149 -65.43895 -58.47995 -51.113579
-43.667057 -39.381622 -34.478367 -28.158291 -20.43301 -12.019598 -0.00056181685 6.9927206 15.37316 23.589764 30.511221 36.352058 41.751736 47.338543 53.599842 60.476192 67.407921 73.80677 79.154915 83.250084 86.231728 88.603897 90.80442 93.151627 95.763145 98.389664 100.60332 101.60163 101.01185 98.640808 94.772827 89.778542 84.481003 79.530678 75.065117 71.263611 67.762627 63.934223 59.259102 53.20784 45.683784 37.246338 28.330418 19.582321 11.69088 3.3408382 -2.0603979 -9.4885292 -16.854746 -24.027025 -31.709845 -39.887726 -47.994461 -55.518547 -62.273846 -68.067627 -73.2192 -77.768906 -82.076637 -86.233833 -90.195511 -93.931709 -96.974121 -99.078568 -100.12848 -99.989655 -98.819107 -96.832634 -94.477501 -92.009232 -89.572838 -87.047478 -84.284897 -80.891159 -76.740288 -71.549149 -65.43895 -58.47995 -51.113579 -43.428993
-39.381622 -34.478367 -28.158291 -20.43301 -12.019598 -0.00056181685 6.9927206 15.37316 23.589764 30.511221 36.352058 41.751736 47.338543 53.599842 60.476192 67.407921 73.80677 79.154915 83.250084 86.231728 88.603897 90.80442 93.151627 95.763145 98.389664 100.60332 101.60163 101.01185 98.640808 94.772827 89.778542 84.481003 79.530678 75.065117 71.263611 67.762627 63.934223 59.259102 53.20784 45.683784 37.246338 28.330418 19.582321 11.69088 3.3408382 -2.0603979 -9.4885292 -16.854746 -24.027025 -31.709845 -39.887726 -47.994461 -55.518547 -62.273846 -68.067627 -73.2192 -77.768906 -82.076637 -86.233833 -90.195511 -93.931709 -96.974121 -99.078568 -100.12848 -99.989655 -98.819107 -96.832634 -94.477501 -92.009232 -89.572838 -87.047478 -84.284897 -80.891159 -76.740288 -71.549149 -65.43895 -58.47995 -51.113579 -43.428993 -35.876133
-34.478367 -28.158291 -20.43301 -12.019598 -0.00056181685 6.9927206 15.37316 23.589764 30.511221 36.352058 41.751736 47.338543 53.599842 60.476192 67.407921 73.80677 79.154915 83.250084 86.231728 88.603897 90.80442 93.151627 95.763145 98.389664 100.60332 101.60163 101.01185 98.640808 94.772827 89.778542 84.481003 79.530678 75.065117 71.263611 67.762627 63.934223 59.259102 53.20784 45.683784 37.246338 28.330418 19.582321 11.69088 3.3408382 -2.0603979 -9.4885292 -16.854746 -24.027025 -31.709845 -39.887726 -47.994461 -55.518547 -62.273846 -68.067627 -73.2192 -77.768906 -82.076637 -86.233833 -90.195511 -93.931709 -96.974121 -99.078568 -100.12848 -99.989655 -98.819107 -96.832634 -94.477501 -92.009232 -89.572838 -87.047478 -84.284897 -80.891159 -76.740288 -71.549149 -65.43895 -58.47995 -51.113579 -43.428993 -35.876133 -28.460884
-28.158291 -20.43301 -12.019598 -0.00056181685 6.9927206 15.37316 23.589764 30.511221 36.352058 41.751736 47.338543 53.599842 60.476192 67.407921 73.80677 79.154915 83.250084 86.231728 88.603897 90.80442 93.151627 95.763145 98.389664 100.60332 101.60163 101.01185 98.640808 94.772827 89.778542 84.481003 79.530678 75.065117 71.263611 67.762627 63.934223 59.259102 53.20784 45.683784 37.246338 28.330418 19.582321 11.69088 3.3408382 -2.0603979 -9.4885292 -16.854746 -24.027025 -31.709845 -39.887726 -47.994461 -55.518547 -62.273846 -68.067627 -73.2192 -77.768906 -82.076637 -86.233833 -90.195511 -93.931709 -96.974121 -99.078568 -100.12848 -99.989655 -98.819107 -96.832634 -94.477501 -92.009232 -89.572838 -87.047478 -84.284897 -80.891159 -76.740288 -71.549149 -65.43895 -58.47995 -51.113579 -43.428993 -35.876133 -28.460884 -21.154608
-20.43301 -12.019598 -0.00056181685 6.9927206 15.37316 23.589764 30.511221 36.352058 41.751736 47.338543 53.599842 60.476192 67.407921 73.80677 79.154915 83.250084 86.231728 88.603897 90.80442 93.151627 95.763145 98.389664 100.60332 101.60163 101.01185 98.640808 94.772827 89.778542 84.481003 79.530678 75.065117 71.263611 67.762627 63.934223 59.259102 53.20784 45.683784 37.246338 28.330418 19.582321 11.69088 3.3408382 -2.0603979 -9.4885292 -16.854746 -24.027025 -31.709845 -39.887726 -47.994461 -55.518547 -62.273846 -68.067627 -73.2192 -77.768906 -82.076637 -86.233833 -90.195511 -93.931709 -96.974121 -99.078568 -100.12848 -99.989655 -98.819107 -96.832634 -94.477501 -92.009232 -89.572838 -87.047478 -84.284897 -80.891159 -76.740288 -71.549149 -65.43895 -58.47995 -51.113579 -43.428993 -35.876133 -28.460884 -21.154608 -13.783844
-12.019598 -0.00056181685 6.9927206 15.37316 23.589764 30.511221 36.352058 41.751736 47.338543 53.599842 60.476192 67.407921 73.80677 79.154915 83.250084 86.231728 88.603897 90.80442 93.151627 95.763145 98.389664 100.60332 101.60163 101.01185 98.640808 94.772827 89.778542 84.481003 79.530678 75.065117 71.263611 67.762627 63.934223 59.259102 53.20784 45.683784 37.246338 28.330418 19.582321 11.69088 3.3408382 -2.0603979 -9.4885292 -16.854746 -24.027025 -31.709845 -39.887726 -47.994461 -55.518547 -62.273846 -68.067627 -73.2192 -77.768906 -82.076637 -86.233833 -90.195511 -93.931709 -96.974121 -99.078568 -100.12848 -99.989655 -98.819107 -96.832634 -94.477501 -92.009232 -89.572838 -87.047478 -84.284897 -80.891159 -76.740288 -71.549149 -65.43895 -58.47995 -51.113579 -43.428993 -35.876133 -28.460884 -21.154608 -13.783844 -8.8553324
-0.00056181685 6.9927206 15.37316 23.589764 30.511221 36.352058 41.751736 47.338543 53.599842 60.476192 67.407921 73.80677 79.154915 83.250084 86.231728 88.603897 90.80442 93.151627 95.763145 98.389664 100.60332 101.60163 101.01185 98.640808 94.772827 89.778542 84.481003 79.530678 75.065117 71.263611 67.762627 63.934223 59.259102 53.20784 45.683784 37.246338 28.330418 19.582321 11.69088 3.3408382 -2.0603979 -9.4885292 -16.854746 -24.027025 -31.709845 -39.887726 -47.994461 -55.518547 -62.273846 -68.067627 -73.2192 -77.768906 -82.076637 -86.233833 -90.195511 -93.931709 -96.974121 -99.078568 -100.12848 -99.989655 -98.819107 -96.832634 -94.477501 -92.009232 -89.572838 -87.047478 -84.284897 -80.891159 -76.740288 -71.549149 -65.43895 -58.47995 -51.113579 -43.428993 -35.876133 -28.460884 -21.154608 -13.783844 -8.8553324 0.99703068
6.9927206 15.37316 23.589764 30.511221 36.352058 41.751736 47.338543 53.599842 60.476192 67.407921 73.80677 79.154915 83.250084 86.231728 88.603897 90.80442 93.151627 95.763145 98.389664 100.60332 101.60163 101.01185 98.640808 94.772827 89.778542 84.481003 79.530678 75.065117 71.263611 67.762627 63.934223 59.259102 53.20784 45.683784 37.246338 28.330418 19.582321 11.69088 3.3408382 -2.0603979 -9.4885292 -16.854746 -24.027025 -31.709845 -39.887726 -47.994461 -55.518547 -62.273846 -68.067627 -73.2192 -77.768906 -82.076637 -86.233833 -90.195511 -93.931709 -96.974121 -99.078568 -100.12848 -99.989655 -98.819107 -96.832634 -94.477501 -92.009232 -89.572838 -87.047478 -84.284897 -80.891159 -76.740288 -71.549149 -65.43895 -58.47995 -51.113579 -43.428993 -35.876133 -28.460884 -21.154608 -13.783844 -8.8553324 0.99703068 7.5042577
15.37316 23.589764 30.511221 36.352058 41.751736 47.338543 53.599842 60.476192 67.407921 73.80677 79.154915 83.250084 86.231728 88.603897 90.80442 93.151627 95.763145 98.389664 100.60332 101.60163 101.01185 98.640808 94.772827 89.778542 84.481003 79.530678 75.065117 71.263611 67.762627 63.934223 59.259102 53.20784 45.683784 37.246338 28.330418 19.582321 11.69088 3.3408382 -2.0603979 -9.4885292 -16.854746 -24.027025 -31.709845 -39.887726 -47.994461 -55.518547 -62.273846 -68.067627 -73.2192 -77.768906 -82.076637 -86.233833 -90.195511 -93.931709 -96.974121 -99.078568 -100.12848 -99.989655 -98.819107 -96.832634 -94.477501 -92.009232 -89.572838 -87.047478 -84.284897 -80.891159 -76.740288 -71.549149 -65.43895 -58.47995 -51.113579 -43.428993 -35.876133 -28.460884 -21.154608 -13.783844 -8.8553324 0.99703068 7.5042577 15.905179
23.589764 30.511221 36.352058 41.751736 47.338543 53.599842 60.476192 67.407921 73.80677 79.154915 83.250084 86.231728 88.603897 90.80442 93.151627 95.763145 98.389664 100.60332 101.60163 101.01185 98.640808 94.772827 89.778542 84.481003 79.530678 75.065117 71.263611 67.762627 63.934223 59.259102 53.20784 45.683784 37.246338 28.330418 19.582321 11.69088 3.3408382 -2.0603979 -9.4885292 -16.854746 -24.027025 -31.709845 -39.887726 -47.994461 -55.518547 -62.273846 -68.067627 -73.2192 -77.768906 -82.076637 -86.233833 -90.195511 -93.931709 -96.974121 -99.078568 -100.12848 -99.989655 -98.819107 -96.832634 -94.477501 -92.009232 -89.572838 -87.047478 -84.284897 -80.891159 -76.740288 -71.549149 -65.43895 -58.47995 -51.113579 -43.428993 -35.876133 -28.460884 -21.154608 -13.783844 -8.8553324 0.99703068 7.5042577 15.905179 24.241037
30.511221 36.352058 41.751736 47.338543 53.599842 60.476192 67.407921 73.80677 79.154915 83.250084 86.231728 88.603897 90.80442 93.151627 95.763145 98.389664 100.60332 101.60163 101.01185 98.640808 94.772827 89.778542 84.481003 79.530678 75.065117 71.263611 67.762627 63.934223 59.259102 53.20784 45.683784 37.246338 28.330418 19.582321 11.69088 3.3408382 -2.0603979 -9.4885292 -16.854746 -24.027025 -31.709845 -39.887726 -47.994461 -55.518547 -62.273846 -68.067627 -73.2192 -77.768906 -82.076637 -86.233833 -90.195511 -93.931709 -96.974121 -99.078568 -100.12848 -99.989655 -98.819107 -96.832634 -94.477501 -92.009232 -89.572838 -87.047478 -84.284897 -80.891159 -76.740288 -71.549149 -65.43895 -58.47995 -51.113579 -43.428993 -35.876133 -28.460884 -21.154608 -13.783844 -8.8553324 0.99703068 7.5042577 15.905179 24.241037 32.186237
36.352058 41.751736 47.338543 53.599842 60.476192 67.407921 73.80677 79.154915 83.250084 86.231728 88.603897 90.80442 93.151627 95.763145 98.389664 100.60332 101.60163 101.01185 98.640808 94.772827 89.778542 84.481003 79.530678 75.065117 71.263611 67.762627 63.934223 59.259102 53.20784 45.683784 37.246338 28.330418 19.582321 11.69088 3.3408382 -2.0603979 -9.4885292 -16.854746 -24.027025 -31.709845 -39.887726 -47.994461 -55.518547 -62.273846 -68.067627 -73.2192 -77.768906 -82.076637 -86.233833 -90.195511 -93.931709 -96.974121 -99.078568 -100.12848 -99.989655 -98.819107 -96.832634 -94.477501 -92.009232 -89.572838 -87.047478 -84.284897 -80.891159 -76.740288 -71.549149 -65.43895 -58.47995 -51.113579 -43.428993 -35.876133 -28.460884 -21.154608 -13.783844 -8.8553324 0.99703068 7.5042577 15.905179 24.241037 32.186237 39.791218
41.751736 47.338543 53.599842 60.476192 67.407921 73.80677 79.154915 83.250084 86.231728 88.603897 90.80442 93.151627 95.763145 98.389664 100.60332 101.60163 101.01185 98.640808 94.772827 89.778542 84.481003 79.530678 75.065117 71.263611 67.762627 63.934223 59.259102 53.20784 45.683784 37.246338 28.330418 19.582321 11.69088 3.3408382 -2.0603979 -9.4885292 -16.854746 -24.027025 -31.709845 -39.887726 -47.994461 -55.518547 -62.273846 -68.067627 -73.2192 -77.768906 -82.076637 -86.233833 -90.195511 -93.931709 -96.974121 -99.078568 -100.12848 -99.989655 -98.819107 -96.832634 -94.477501 -92.009232 -89.572838 -87.047478 -84.284897 -80.891159 -76.740288 -71.549149 -65.43895 -58.47995 -51.113579 -43.428993 -35.876133 -28.460884 -21.154608 -13.783844 -8.8553324 0.99703068 7.5042577 15.905179 24.241037 32.186237 39.791218 46.878017
47.338543 53.599842 60.476192 67.407921 73.80677 79.154915 83.250084 86.231728 88.603897 90.80442 93.151627 95.763145 98.389664 100.60332 101.60163 101.01185 98.640808 94.772827 89.778542 84.481003 79.530678 75.065117 71.263611 67.762627 63.934223 59.259102 53.20784 45.683784 37.246338 28.330418 19.582321 11.69088 3.3408382 -2.0603979 -9.4885292 -16.854746 -24.027025 -31.709845 -39.887726 -47.994461 -55.518547 -62.273846 -68.067627 -73.2192 -77.768906 -82.076637 -86.233833 -90.195511 -93.931709 -96.974121 -99.078568 -100.12848 -99.989655 -98.819107 -96.832634 -94.477501 -92.009232 -89.572838 -87.047478 -84.284897 -80.891159 -76.740288 -71.549149 -65.43895 -58.47995 -51.113579 -43.428993 -35.876133 -28.460884 -21.154608 -13.783844 -8.8553324 0.99703068 7.5042577 15.905179 24.241037 32.186237 39.791218 46.878017 53.406647
53.599842 60.476192 67.407921 73.80677 79.154915 83.250084 86.231728 88.603897 90.80442 93.151627 95.763145 98.389664 100.60332 101.60163 101.01185 98.640808 94.772827 89.778542 84.481003 79.530678 75.065117 71.263611 67.762627 63.934223 59.259102 53.20784 45.683784 37.246338 28.330418 19.582321 11.69088 3.3408382 -2.0603979 -9.4885292 -16.854746 -24.027025 -31.709845 -39.887726 -47.994461 -55.518547 -62.273846 -68.067627 -73.2192 -77.768906 -82.076637 -86.233833 -90.195511 -93.931709 -96.974121 -99.078568 -100.12848 -99.989655 -98.819107 -96.832634 -94.477501 -92.009232 -89.572838 -87.047478 -84.284897 -80.891159 -76.740288 -71.549149 -65.43895 -58.47995 -51.113579 -43.428993 -35.876133 -28.460884 -21.154608 -13.783844 -8.8553324 0.99703068 7.5042577 15.905179 24.241037 32.186237 39.791218 46.878017 53.406647 59.57386
60.476192 67.407921 73.80677 79.154915 83.250084 86.231728 88.603897 90.80442 93.151627 95.763145 98.389664 100.60332 101.60163 101.01185 98.640808 94.772827 89.778542 84.481003 79.530678 75.065117 71.263611 67.762627 63.934223 59.259102 53.20784 45.683784 37.246338 28.330418 19.582321 11.69088 3.3408382 -2.0603979 -9.4885292 -16.854746 -24.027025 -31.709845 -39.887726 -47.994461 -55.518547 -62.273846 -68.067627 -73.2192 -77.768906 -82.076637 -86.233833 -90.195511 -93.931709 -96.974121 -99.078568 -100.12848 -99.989655 -98.819107 -96.832634 -94.477501 -92.009232 -89.572838 -87.047478 -84.284897 -80.891159 -76.740288 -71.549149 -65.43895 -58.47995 -51.113579 -43.428993 -35.876133 -28.460884 -21.154608 -13.783844 -8.8553324 0.99703068 7.5042577 15.905179 24.241037 32.186237 39.791218 46.878017 53.406647 59.57386 65.305283
67.407921 73.80677 79.154915 83.250084 86.231728 88.603897 90.80442 93.151627 95.763145 98.389664 100.60332 101.60163 101.01185 98.640808 94.772827 89.778542 84.481003 79.530678 75.065117 71.263611 67.762627 63.934223 59.259102 53.20784 45.683784 37.246338 28.330418 19.582321 11.69088 3.3408382 -2.0603979 -9.4885292 -16.854746 -24.027025 -31.709845 -39.887726 -47.994461 -55.518547 -62.273846 -68.067627 -73.2192 -77.768906 -82.076637 -86.233833 -90.195511 -93.931709 -96.974121 -99.078568 -100.12848 -99.989655 -98.819107 -96.832634 -94.477501 -92.009232 -89.572838 -87.047478 -84.284897 -80.891159 -76.740288 -71.549149 -65.43895 -58.47995 -51.113579 -43.428993 -35.876133 -28.460884 -21.154608 -13.783844 -8.8553324 0.99703068 7.5042577 15.905179 24.241037 32.186237 39.791218 46.878017 53.406647 59.57386 65.305283 70.932915
73.80677 79.154915 83.250084 86.231728 88.603897 90.80442 93.151627 95.763145 98.389664 100.60332 101.60163 101.01185 98.640808 94.772827 89.778542 84.481003 79.530678 75.065117 71.263611 67.762627 63.934223 59.259102 53.20784 45.683784 37.246338 28.330418 19.582321 11.69088 3.3408382 -2.0603979 -9.4885292 -16.854746 -24.027025 -31.709845 -39.887726 -47.994461 -55.518547 -62.273846 -68.067627 -73.2192 -77.768906 -82.076637 -86.233833 -90.195511 -93.931709 -96.974121 -99.078568 -100.12848 -99.989655 -98.819107 -96.832634 -94.477501 -92.009232 -89.572838 -87.047478 -84.284897 -80.891159 -76.740288 -71.549149 -65.43895 -58.47995 -51.113579 -43.428993 -35.876133 -28.460884 -21.154608 -13.783844 -8.8553324 0.99703068 7.5042577 15.905179 24.241037 32.186237 39.791218 46.878017 53.406647 59.57386 65.305283 70.932915 76.18309
79.154915 83.250084 86.231728 88.603897 90.80442 93.151627 95.763145 98.389664 100.60332 101.60163 101.01185 98.640808 94.772827 89.778542 84.481003 79.530678 75.065117 71.263611 67.762627 63.934223 59.259102 53.20784 45.683784 37.246338 28.330418 19.582321 11.69088 3.3408382 -2.0603979 -9.4885292 -16.854746 -24.027025 -31.709845 -39.887726 -47.994461 -55.518547 -62.273846 -68.067627 -73.2192 -77.768906 -82.076637 -86.233833 -90.195511 -93.931709 -96.974121 -99.078568 -100.12848 -99.989655 -98.819107 -96.832634 -94.477501 -92.009232 -89.572838 -87.047478 -84.284897 -80.891159 -76.740288 -71.549149 -65.43895 -58.47995 -51.113579 -43.428993 -35.876133 -28.460884 -21.154608 -13.783844 -8.8553324 0.99703068 7.5042577 15.905179 24.241037 32.186237 39.791218 46.878017 53.406647 59.57386 65.305283 70.932915 76.18309 81.305359
83.250084 86.231728 88.603897 90.80442 93.151627 95.763145 98.389664 100.60332 101.60163 101.01185 98.640808 94.772827 89.778542 84.481003 79.530678 75.065117 71.263611 67.762627 63.934223 59.259102 53.20784 45.683784 37.246338 28.330418 19.582321 11.69088 3.3408382 -2.0603979 -9.4885292 -16.854746 -24.027025 -31.709845 -39.887726 -47.994461 -55.518547 -62.273846 -68.067627 -73.2192 -77.768906 -82.076637 -86.233833 -90.195511 -93.931709 -96.974121 -99.078568 -100.12848 -99.989655 -98.819107 -96.832634 -94.477501 -92.009232 -89.572838 -87.047478 -84.284897 -80.891159 -76.740288 -71.549149 -65.43895 -58.47995 -51.113579 -43.428993 -35.876133 -28.460884 -21.154608 -13.783844 -8.8553324 0.99703068 7.5042577 15.905179 24.241037 32.186237 39.791218 46.878017 53.406647 59.57386 65.305283 70.932915 76.18309 81.305359 85.908485
86.231728 88.603897 90.80442 93.151627 95.763145 98.389664 100.60332 101.60163 101.01185 98.640808 94.772827 89.778542 84.481003 79.530678 75.065117 71.263611 67.762627 63.934223 59.259102 53.20784 45.683784 37.246338 28.330418 19.582321 11.69088 3.3408382 -2.0603979 -9.4885292 -16.854746 -24.027025 -31.709845 -39.887726 -47.994461 -55.518547 -62.273846 -68.067627 -73.2192 -77.768906 -82.076637 -86.233833 -90.195511 -93.931709 -96.974121 -99.078568 -100.12848 -99.989655 -98.819107 -96.832634 -94.477501 -92.009232 -89.572838 -87.047478 -84.284897 -80.891159 -76.740288 -71.549149 -65.43895 -58.47995 -51.113579 -43.428993 -35.876133 -28.460884 -21.154608 -13.783844 -8.8553324 0.99703068 7.5042577 15.905179 24.241037 32.186237 39.791218 46.878017 53.406647 59.57386 65.305283 70.932915 76.18309 81.305359 85.908485 89.866684
88.603897 90.80442 93.151627 95.763145 98.389664 100.60332 101.60163 101.01185 98.640808 94.772827 89.778542 84.481003 79.530678 75.065117 71.263611 67.762627 63.934223 59.259102 53.20784 45.683784 37.246338 28.330418 19.582321 11.69088 3.3408382 -2.0603979 -9.4885292 -16.854746 -24.027025 -31.709845 -39.887726 -47.994461 -55.518547 -62.273846 -68.067627 -73.2192 -77.768906 -82.076637 -86.233833 -90.195511 -93.931709 -96.974121 -99.078568 -100.12848 -99.989655 -98.819107 -96.832634 -94.477501 -92.009232 -89.572838 -87.047478 -84.284897 -80.891159 -76.740288 -71.549149 -65.43895 -58.47995 -51.113579 -43.428993 -35.876133 -28.460884 -21.154608 -13.783844 -8.8553324 0.99703068 7.5042577 15.905179 24.241037 32.186237 39.791218 46.878017 53.406647 59.57386 65.305283 70.932915 76.18309 81.305359 85.908485 89.866684 92.985374
90.80442 93.151627 95.763145 98.389664 100.60332 101.60163 101.01185 98.640808 94.772827 89.778542 84.481003 79.530678 75.065117 71.263611 67.762627 63.934223 59.259102 53.20784 45.683784 37.246338 28.330418 19.582321 11.69088 3.3408382 -2.0603979 -9.4885292 -16.854746 -24.027025 -31.709845 -39.887726 -47.994461 -55.518547 -62.273846 -68.067627 -73.2192 -77.768906 -82.076637 -86.233833 -90.195511 -93.931709 -96.974121 -99.078568 -100.12848 -99.989655 -98.819107 -96.832634 -94.477501 -92.009232 -89.572838 -87.047478 -84.284897 -80.891159 -76.740288 -71.549149 -65.43895 -58.47995 -51.113579 -43.428993 -35.876133 -28.460884 -21.154608 -13.783844 -8.8553324 0.99703068 7.5042577 15.905179 24.241037 32.186237 39.791218 46.878017 53.406647 59.57386 65.305283 70.932915 76.18309 81.305359 85.908485 89.866684 92.985374 95.17804
93.151627 95.763145 98.389664 100.60332 101.60163 101.01185 98.640808 94.772827 89.778542 84.481003 79.530678 75.065117 71.263611 67.762627 63.934223 59.259102 53.20784 45.683784 37.246338 28.330418 19.582321 11.69088 3.3408382 -2.0603979 -9.4885292 -16.854746 -24.027025 -31.709845 -39.887726 -47.994461 -55.518547 -62.273846 -68.067627 -73.2192 -77.768906 -82.076637 -86.233833 -90.195511 -93.931709 -96.974121 -99.078568 -100.12848 -99.989655 -98.819107 -96.832634 -94.477501 -92.009232 -89.572838 -87.047478 -84.284897 -80.891159 -76.740288 -71.549149 -65.43895 -58.47995 -51.113579 -43.428993 -35.876133 -28.460884 -21.154608 -13.783844 -8.8553324 0.99703068 7.5042577 15.905179 24.241037 32.186237 39.791218 46.878017 53.406647 59.57386 65.305283 70.932915 76.18309 81.305359 85.908485 89.866684 92.985374 95.17804 96.524277
95.763145 98.389664 100.60332 101.60163 101.01185 98.640808 94.772827 89.778542 84.481003 79.530678 75.065117 71.263611 67.762627 63.934223 59.259102 53.20784 45.683784 37.246338 28.330418 19.582321 11.69088 3.3408382 -2.0603979 -9.4885292 -16.854746 -24.027025 -31.709845 -39.887726 -47.994461 -55.518547 -62.273846 -68.067627 -73.2192 -77.768906 -82.076637 -86.233833 -90.195511 -93.931709 -96.974121 -99.078568 -100.12848 -99.989655 -98.819107 -96.832634 -94.477501 -92.009232 -89.572838 -87.047478 -84.284897 -80.891159 -76.740288 -71.549149 -65.43895 -58.47995 -51.113579 -43.428993 -35.876133 -28.460884 -21.154608 -13.783844 -8.8553324 0.99703068 7.5042577 15.905179 24.241037 32.186237 39.791218 46.878017 53.406647 59.57386 65.305283 70.932915 76.18309 81.305359 85.908485 89.866684 92.985374 95.17804 96.524277 97.268486
98.389664 100.60332 101.60163 101.01185 98.640808 94.772827 89.778542 84.481003 79.530678 75.065117 71.263611 67.762627 63.934223 59.259102 53.20784 45.683784 37.246338 28.330418 19.582321 11.69088 3.3408382 -2.0603979 -9.4885292 -16.854746 -24.027025 -31.709845 -39.887726 -47.994461 -55.518547 -62.273846 -68.067627 -73.2192 -77.768906 -82.076637 -86.233833 -90.195511 -93.931709 -96.974121 -99.078568 -100.12848 -99.989655 -98.819107 -96.832634 -94.477501 -92.009232 -89.572838 -87.047478 -84.284897 -80.891159 -76.740288 -71.549149 -65.43895 -58.47995 -51.113579 -43.428993 -35.876133 -28.460884 -21.154608 -13.783844 -8.8553324 0.99703068 7.5042577 15.905179 24.241037 32.186237 39.791218 46.878017 53.406647 59.57386 65.305283 70.932915 76.18309 81.305359 85.908485 89.866684 92.985374 95.17804 96.524277 97.268486 97.601097
100.60332 101.60163 101.01185 98.640808 94.772827 89.778542 84.481003 79.530678 75.065117 71.263611 67.762627 63.934223 59.259102 53.20784 45.683784 37.246338 28.330418 19.582321 11.69088 3.3408382 -2.0603979 -9.4885292 -16.854746 -24.027025 -31.709845 -39.887726 -47.994461 -55.518547 -62.273846 -68.067627 -73.2192 -77.768906 -82.076637 -86.233833 -90.195511 -93.931709 -96.974121 -99.078568 -100.12848 -99.989655 -98.819107 -96.832634 -94.477501 -92.009232 -89.572838 -87.047478 -84.284897 -80.891159 -76.740288 -71.549149 -65.43895 -58.47995 -51.113579 -43.428993 -35.876133 -28.460884 -21.154608 -13.783844 -8.8553324 0.99703068 7.5042577 15.905179 24.241037 32.186237 39.791218 46.878017 53.406647 59.57386 65.305283 70.932915 76.18309 81.305359 85.908485 89.866684 92.985374 95.17804 96.524277 97.268486 97.601097 97.58506
101.60163 101.01185 98.640808 94.772827 89.778542 84.481003 79.530678 75.065117 71.263611 67.762627 63.934223 59.259102 53.20784 45.683784 37.246338 28.330418 19.582321 11.69088 3.3408382 -2.0603979 -9.4885292 -16.854746 -24.027025 -31.709845 -39.887726 -47.994461 -55.518547 -62.273846 -68.067627 -73.2192 -77.768906 -82.076637 -86.233833 -90.195511 -93.931709 -96.974121 -99.078568 -100.12848 -99.989655 -98.819107 -96.832634 -94.477501 -92.009232 -89.572838 -87.047478 -84.284897 -80.891159 -76.740288 -71.549149 -65.43895 -58.47995 -51.113579 -43.428993 -35.876133 -28.460884 -21.154608 -13.783844 -8.8553324 0.99703068 7.5042577 15.905179 24.241037 32.186237 39.791218 46.878017 53.406647 59.57386 65.305283 70.932915 76.18309 81.305359 85.908485 89.866684 92.985374 95.17804 96.524277 97.268486 97.601097 97.58506 97.248375
101.01185 98.640808 94.772827 89.778542 84.481003 79.530678 75.065117 71.263611 67.762627 63.934223 59.259102 53.207844 45.683784 37.246338 28.330418 19.582321 11.69088 3.340838 -2.0603979 -9.4885292 -16.854746 -24.027025 -31.709843 -39.887726 -47.994461 -55.518551 -62.273842 -68.067627 -73.2192 -77.768906 -82.076637 -86.233833 -90.195511 -93.931709 -96.974121 -99.078568 -100.12848 -99.989655 -98.819107 -96.832634 -94.477501 -92.009232 -89.572838 -87.047478 -84.284897 -80.891159 -76.740288 -71.549149 -65.43895 -58.479946 -51.113579 -43.428993 -35.876133 -28.460886 -21.154608 -13.783846 -8.8553324 0.99703074 7.5042577 15.905179 24.241037 32.186237 39.791218 46.878017 53.406651 59.573864 65.305283 70.932915 76.18309 81.305359 85.908485 89.866684 92.985374 95.17804 96.524277 97.268486 97.601097 97.58506 97.248375 96.715599
98.640808 94.772827 89.778542 84.481003 79.530678 75.065117 71.263611 67.762627 63.934223 59.259098 53.207848 45.683784 37.246338 28.330418 19.582321 11.69088 3.3408377 -2.0603979 -9.4885292 -16.854746 -24.027025 -31.709846 -39.887726 -47.994461 -55.518547 -62.273849 -68.067627 -73.2192 -77.768906 -82.076637 -86.233833 -90.195511 -93.931709 -96.974121 -99.078568 -100.12848 -99.989655 -98.819107 -96.832634 -94.477501 -92.009232 -89.572838 -87.047478 -84.284897 -80.891159 -76.740288 -71.549149 -65.43895 -58.47995 -51.113579 -43.428993 -35.876133 -28.460884 -21.154608 -13.783844 -8.8553324 0.99703074 7.5042577 15.905177 24.241037 32.186237 39.791218 46.878017 53.406643 59.573856 65.305283 70.932915 76.18309 81.305359 85.908485 89.866684 92.985374 95.17804 96.524277 97.268486 97.601097 97.58506 97.248375 96.715599 95.549835
94.772827 89.778542 84.481003 79.530678 75.065117 71.263611 67.762627 63.934223 59.259098 53.207848 45.683784 37.246338 28.330418 19.582321 11.69088 3.3408377 -2.0603979 -9.4885292 -16.854746 -24.027025 -31.709846 -39.887726 -47.994461 -55.518547 -62.273849 -68.067627 -73.2192 -77.768906 -82.076637 -86.233833 -90.195511 -93.931709 -96.974121 -99.078568 -100.12848 -99.989655 -98.819107 -96.832634 -94.477501 -92.009232 -89.572838 -87.047478 -84.284897 -80.891159 -76.740288 -71.549149 -65.43895 -58.47995 -51.113579 -43.428993 -35.876133 -28.460884 -21.154608 -13.783844 -8.8553324 0.99703074 7.5042577 15.905177 24.241037 32.186237 39.791218 46.878017 53.406643 59.573856 65.305283 70.932915 76.18309 81.305359 85.908485 89.866684 92.985374 95.17804 96.524277 97.268486 97.601097 97.58506 97.248375 96.715599 95.549835 93.827835
89.778542 84.481003 79.530678 75.065117 71.263611 67.762627 63.934223 59.259098 53.207848 45.683784 37.246338 28.330418 19.582321 11.69088 3.3408377 -2.0603979 -9.4885292 -16.854746 -24.027025 -31.709846 -39.887726 -47.994461 -55.518547 -62.273849 -68.067627 -73.2192 -77.768906 -82.076637 -86.233833 -90.195511 -93.931709 -96.974121 -99.078568 -100.12848 -99.989655 -98.819107 -96.832634 -94.477501 -92.009232 -89.572838 -87.047478 -84.284897 -80.891159 -76.740288 -71.549149 -65.43895 -58.47995 -51.113579 -43.428993 -35.876133 -28.460884 -21.154608 -13.783844 -8.8553324 0.99703074 7.5042577 15.905177 24.241037 32.186237 39.791218 46.878017 53.406643 59.573856 65.305283 70.932915 76.18309 81.305359 85.908485 89.866684 92.985374 95.17804 96.524277 97.268486 97.601097 97.58506 97.248375 96.715599 95.549835 93.827835 91.2556
84.481003 79.530678 75.065117 71.263611 67.762627 63.934223 59.259098 53.207848 45.683784 37.246338 28.330418 19.582321 11.69088 3.3408377 -2.0603979 -9.4885292 -16.854746 -24.027025 -31.709846 -39.887726 -47.994461 -55.518547 -62.273849 -68.067627 -73.2192 -77.768906 -82.076637 -86.233833 -90.195511 -93.931709 -96.974121 -99.078568 -100.12848 -99.989655 -98.819107 -96.832634 -94.477501 -92.009232 -89.572838 -87.047478 -84.284897 -80.891159 -76.740288 -71.549149 -65.43895 -58.47995 -51.113579 -43.428993 -35.876133 -28.460884 -21.154608 -13.783844 -8.8553324 0.99703074 7.5042577 15.905177 24.241037 32.186237 39.791218 46.878017 53.406643 59.573856 65.305283 70.932915 76.18309 81.305359 85.908485 89.866684 92.985374 95.17804 96.524277 97.268486 97.601097 97.58506 97.248375 96.715599 95.549835 93.827835 91.2556 87.759598
79.530678 75.065117 71.263611 67.762627 63.934223 59.259098 53.207848 45.683784 37.246338 28.330418 19.582321 11.69088 3.3408377 -2.0603979 -9.4885292 -16.854746 -24.027025 -31.709846 -39.887726 -47.994461 -55.518547 -62.273849 -68.067627 -73.2192 -77.768906 -82.076637 -86.233833 -90.195511 -93.931709 -96.974121 -99.078568 -100.12848 -99.989655 -98.819107 -96.832634 -94.477501 -92.009232 -89.572838 -87.047478 -84.284897 -80.891159 -76.740288 -71.549149 -65.43895 -58.47995 -51.113579 -43.428993 -35.876133 -28.460884 -21.154608 -13.783844 -8.8553324 0.99703074 7.5042577 15.905177 24.241037 32.186237 39.791218 46.878017 53.406643 59.573856 65.305283 70.932915 76.18309 81.305359 85.908485 89.866684 92.985374 95.17804 96.524277 97.268486 97.601097 97.58506 97.248375 96.715599 95.549835 93.827835 91.2556 87.759598 83.302505
75.065117 71.263611 67.762627 63.934223 59.259098 53.207848 45.683784 37.246338 28.330418 19.582321 11.69088 3.3408377 -2.0603979 -9.4885292 -16.854746 -24.027025 -31.709846 -39.887726 -47.994461 -55.518547 -62.273849 -68.067627 -73.2192 -77.768906 -82.076637 -86.233833 -90.195511 -93.931709 -96.974121 -99.078568 -100.12848 -99.989655 -98.819107 -96.832634 -94.477501 -92.009232 -89.572838 -87.047478 -84.284897 -80.891159 -76.740288 -71.549149 -65.43895 -58.47995 -51.113579 -43.428993 -35.876133 -28.460884 -21.154608 -13.783844 -8.8553324 0.99703074 7.5042577 15.905177 24.241037 32.186237 39.791218 46.878017 53.406643 59.573856 65.305283 70.932915 76.18309 81.305359 85.908485 89.866684 92.985374 95.17804 96.524277 97.268486 97.601097 97.58506 97.248375 96.715599 95.549835 93.827835 91.2556 87.759598 83.302505 78.106384
71.263611 67.762627 63.934223 59.259098 53.207848 45.683784 37.246338 28.330418 19.582321 11.69088 3.3408377 -2.0603979 -9.4885292 -16.854746 -24.027025 -31.709846 -39.887726 -47.994461 -55.518547 -62.273849 -68.067627 -73.2192 -77.768906 -82.076637 -86.233833 -90.195511 -93.931709 -96.974121 -99.078568 -100.12848 -99.989655 -98.819107 -96.832634 -94.477501 -92.009232 -89.572838 -87.047478 -84.284897 -80.891159 -76.740288 -71.549149 -65.43895 -58.47995 -51.113579 -43.428993 -35.876133 -28.460884 -21.154608 -13.783844 -8.8553324 0.99703074 7.5042577 15.905177 24.241037 32.186237 39.791218 46.878017 53.406643 59.573856 65.305283 70.932915 76.18309 81.305359 85.908485 89.866684 92.985374 95.17804 96.524277 97.268486 97.601097 97.58506 97.248375 96.715599 95.549835 93.827835 91.2556 87.759598 83.302505 78.106384 72.30011
67.762627 63.934223 59.259098 53.207848 45.683784 37.246338 28.330418 19.582321 11.69088 3.3408377 -2.0603979 -9.4885292 -16.854746 -24.027025 -31.709846 -39.887726 -47.994461 -55.518547 -62.273849 -68.067627 -73.2192 -77.768906 -82.076637 -86.233833 -90.195511 -93.931709 -96.974121 -99.078568 -100.12848 -99.989655 -98.819107 -96.832634 -94.477501 -92.009232 -89.572838 -87.047478 -84.284897 -80.891159 -76.740288 -71.549149 -65.43895 -58.47995 -51.113579 -43.428993 -35.876133 -28.460884 -21.154608 -13.783844 -8.8553324 0.99703074 7.5042577 15.905177 24.241037 32.186237 39.791218 46.878017 53.406643 59.573856 65.305283 70.932915 76.18309 81.305359 85.908485 89.866684 92.985374 95.17804 96.524277 97.268486 97.601097 97.58506 97.248375 96.715599 95.549835 93.827835 91.2556 87.759598 83.302505 78.106384 72.30011 66.314316
63.934223 59.259098 53.207848 45.683784 37.246338 28.330418 19.582321 11.69088 3.3408377 -2.0603979 -9.4885292 -16.854746 -24.027025 -31.709846 -39.887726 -47.994461 -55.518547 -62.273849 -68.067627 -73.2192 -77.768906 -82.076637 -86.233833 -90.195511 -93.931709 -96.974121 -99.078568 -100.12848 -99.989655 -98.819107 -96.832634 -94.477501 -92.009232 -89.572838 -87.047478 -84.284897 -80.891159 -76.740288 -71.549149 -65.43895 -58.47995 -51.113579 -43.428993 -35.876133 -28.460884 -21.154608 -13.783844 -8.8553324 0.99703074 7.5042577 15.905177 24.241037 32.186237 39.791218 46.878017 53.406643 59.573856 65.305283 70.932915 76.18309 81.305359 85.908485 89.866684 92.985374 95.17804 96.524277 97.268486 97.601097 97.58506 97.248375 96.715599 95.549835 93.827835 91.2556 87.759598 83.302505 78.106384 72.30011 66.314316 60.163933
59.259098 53.207848 45.683784 37.246338 28.330418 19.582321 11.69088 3.3408377 -2.0603979 -9.4885292 -16.854746 -24.027025 -31.709846 -39.887726 -47.994461 -55.518547 -62.273849 -68.067627 -73.2192 -77.768906 -82.076637 -86.233833 -90.195511 -93.931709 -96.974121 -99.078568 -100.12848 -99.989655 -98.819107 -96.832634 -94.477501 -92.009232 -89.572838 -87.047478 -84.284897 -80.891159 -76.740288 -71.549149 -65.43895 -58.47995 -51.113579 -43.428993 -35.876133 -28.460884 -21.154608 -13.783844 -8.8553324 0.99703074 7.5042577 15.905177 24.241037 32.186237 39.791218 46.878017 53.406643 59.573856 65.305283 70.932915 76.18309 81.305359 85.908485 89.866684 92.985374 95.17804 96.524277 97.268486 97.601097 97.58506 97.248375 96.715599 95.549835 93.827835 91.2556 87.759598 83.302505 78.106384 72.30011 66.314316 60.163933 53.982567
53.207848 45.683784 37.246338 28.330418 19.582321 11.69088 3.3408377 -2.0603979 -9.4885292 -16.854746 -24.027025 -31.709846 -39.887726 -47.994461 -55.518547 -62.273849 -68.067627 -73.2192 -77.768906 -82.076637 -86.233833 -90.195511 -93.931709 -96.974121 -99.078568 -100.12848 -99.989655 -98.819107 -96.832634 -94.477501 -92.009232 -89.572838 -87.047478 -84.284897 -80.891159 -76.740288 -71.549149 -65.43895 -58.47995 -51.113579 -43.428993 -35.876133 -28.460884 -21.154608 -13.783844 -8.8553324 0.99703074 7.5042577 15.905177 24.241037 32.186237 39.791218 46.878017 53.406643 59.573856 65.305283 70.932915 76.18309 81.305359 85.908485 89.866684 92.985374 95.17804 96.524277 97.268486 97.601097 97.58506 97.248375 96.715599 95.549835 93.827835 91.2556 87.759598 83.302505 78.106384 72.30011 66.314316 60.163933 53.982567 47.564285
45.683784 37.246338 28.330418 19.582321 11.69088 3.3408377 -2.0603979 -9.4885292 -16.854746 -24.027025 -31.709846 -39.887726 -47.994461 -55.518547 -62.273849 -68.067627 -73.2192 -77.768906 -82.076637 -86.233833 -90.195511 -93.931709 -96.974121 -99.078568 -100.12848 -99.989655 -98.819107 -96.832634 -94.477501 -92.009232 -89.572838 -87.047478 -84.284897 -80.891159 -76.740288 -71.549149 -65.43895 -58.47995 -51.113579 -43.428993 -35.876133 -28.460884 -21.154608 -13.783844 -8.8553324 0.99703074 7.5042577 15.905177 24.241037 32.186237 39.791218 46.878017 53.406643 59.573856 65.305283 70.932915 76.18309 81.305359 85.908485 89.866684 92.985374 95.17804 96.524277 97.268486 97.601097 97.58506 97.248375 96.715599 95.549835 93.827835 91.2556 87.759598 83.302505 78.106384 72.30011 66.314316 60.163933 53.982567 47.564285 40.958191
37.246338 28.330418 19.582321 11.69088 3.3408377 -2.0603979 -9.4885292 -16.854746 -24.027025 -31.709846 -39.887726 -47.994461 -55.518547 -62.273849 -68.067627 -73.2192 -77.768906 -82.076637 -86.233833 -90.195511 -93.931709 -96.974121 -99.078568 -100.12848 -99.989655 -98.819107 -96.832634 -94.477501 -92.009232 -89.572838 -87.047478 -84.284897 -80.891159 -76.740288 -71.549149 -65.43895 -58.47995 -51.113579 -43.428993 -35.876133 -28.460884 -21.154608 -13.783844 -8.8553324 0.99703074 7.5042577 15.905177 24.241037 32.186237 39.791218 46.878017 53.406643 59.573856 65.305283 70.932915 76.18309 81.305359 85.908485 89.866684 92.985374 95.17804 96.524277 97.268486 97.601097 97.58506 97.248375 96.715599 95.549835 93.827835 91.2556 87.759598 83.302505 78.106384 72.30011 66.314316 60.163933 53.982567 47.564285 40.958191 33.97385
28.330418 19.582321 11.69088 3.3408377 -2.0603979 -9.4885292 -16.854746 -24.027025 -31.709846 -39.887726 -47.994461 -55.518547 -62.273849 -68.067627 -73.2192 -77.768906 -82.076637 -86.233833 -90.195511 -93.931709 -96.974121 -99.078568 -100.12848 -99.989655 -98.819107 -96.832634 -94.477501 -92.009232 -89.572838 -87.047478 -84.284897 -80.891159 -76.740288 -71.549149 -65.43895 -58.47995 -51.113579 -43.428993 -35.876133 -28.460884 -21.154608 -13.783844 -8.8553324 0.99703074 7.5042577 15.905177 24.241037 32.186237 39.791218 46.878017 53.406643 59.573856 65.305283 70.932915 76.18309 81.305359 85.908485 89.866684 92.985374 95.17804 96.524277 97.268486 97.601097 97.58506 97.248375 96.715599 95.549835 93.827835 91.2556 87.759598 83.302505 78.106384 72.30011 66.314316 60.163933 53.982567 47.564285 40.958191 33.97385 26.521566
19.582321 11.69088 3.3408377 -2.0603979 -9.4885292 -16.854746 -24.027025 -31.709846 -39.887726 -47.994461 -55.518547 -62.273849 -68.067627 -73.2192 -77.768906 -82.076637 -86.233833 -90.195511 -93.931709 -96.974121 -99.078568 -100.12848 -99.989655 -98.819107 -96.832634 -94.477501 -92.009232 -89.572838 -87.047478 -84.284897 -80.891159 -76.740288 -71.549149 -65.43895 -58.47995 -51.113579 -43.428993 -35.876133 -28.460884 -21.154608 -13.783844 -8.8553324 0.99703074 7.5042577 15.905177 24.241037 32.186237 39.791218 46.878017 53.406643 59.573856 65.305283 70.932915 76.18309 81.305359 85.908485 89.866684 92.985374 95.17804 96.524277 97.268486 97.601097 97.58506 97.248375 96.715599 95.549835 93.827835 91.2556 87.759598 83.302505 78.106384 72.30011 66.314316 60.163933 53.982567 47.564285 40.958191 33.97385 26.521566 18.642933
11.69088 3.3408377 -2.0603979 -9.4885292 -16.854746 -24.027025 -31.709846 -39.887726 -47.994461 -55.518547 -62.273849 -68.067627 -73.2192 -77.768906 -82.076637 -86.233833 -90.195511 -93.931709 -96.974121 -99.078568 -100.12848 -99.989655 -98.819107 -96.832634 -94.477501 -92.009232 -89.572838 -87.047478 -84.284897 -80.891159 -76.740288 -71.549149 -65.43895 -58.47995 -51.113579 -43.428993 -35.876133 -28.460884 -21.154608 -13.783844 -8.8553324 0.99703074 7.5042577 15.905177 24.241037 32.186237 39.791218 46.878017 53.406643 59.573856 65.305283 70.932915 76.18309 81.305359 85.908485 89.866684 92.985374 95.17804 96.524277 97.268486 97.601097 97.58506 97.248375 96.715599 95.549835 93.827835 91.2556 87.759598 83.302505 78.106384 72.30011 66.314316 60.163933 53.982567 47.564285 40.958191 33.97385 26.521566 18.642933 10.396569
3.3408377 -2.0603979 -9.4885292 -16.854746 -24.027025 -31.709846 -39.887726 -47.994461 -55.518547 -62.273849 -68.067627 -73.2192 -77.768906 -82.076637 -86.233833 -90.195511 -93.931709 -96.974121 -99.078568 -100.12848 -99.989655 -98.819107 -96.832634 -94.477501 -92.009232 -89.572838 -87.047478 -84.284897 -80.891159 -76.740288 -71.549149 -65.43895 -58.47995 -51.113579 -43.428993 -35.876133 -28.460884 -21.154608 -13.783844 -8.8553324 0.99703074 7.5042577 15.905177 24.241037 32.186237 39.791218 46.878017 53.406643 59.573856 65.305283 70.932915 76.18309 81.305359 85.908485 89.866684 92.985374 95.17804 96.524277 97.268486 97.601097 97.58506 97.248375 96.715599 95.549835 93.827835 91.2556 87.759598 83.302505 78.106384 72.30011 66.314316 60.163933 53.982567 47.564285 40.958191 33.97385 26.521566 18.642933 10.396569 4.6191397
-2.0603979 -9.4885292 -16.854746 -24.027025 -31.709846 -39.887726 -47.994461 -55.518547 -62.273849 -68.067627 -73.2192 -77.768906 -82.076637 -86.233833 -90.195511 -93.931709 -96.974121 -99.078568 -100.12848 -99.989655 -98.819107 -96.832634 -94.477501 -92.009232 -89.572838 -87.047478 -84.284897 -80.891159 -76.740288 -71.549149 -65.43895 -58.47995 -51.113579 -43.428993 -35.876133 -28.460884 -21.154608 -13.783844 -8.8553324 0.99703074 7.5042577 15.905177 24.241037 32.186237 39.791218 46.878017 53.406643 59.573856 65.305283 70.932915 76.18309 81.305359 85.908485 89.866684 92.985374 95.17804 96.524277 97.268486 97.601097 97.58506 97.248375 96.715599 95.549835 93.827835 91.2556 87.759598 83.302505 78.106384 72.30011 66.314316 60.163933 53.982567 47.564285 40.958191 33.97385 26.521566 18.642933 10.396569 4.6191397 -4.7477469
-9.4885292 -16.854746 -24.027025 -31.709846 -39.887726 -47.994461 -55.518547 -62.273849 -68.067627 -73.2192 -77.768906 -82.076637 -86.233833 -90.195511 -93.931709 -96.974121 -99.078568 -100.12848 -99.989655 -98.819107 -96.832634 -94.477501 -92.009232 -89.572838 -87.047478 -84.284897 -80.891159 -76.740288 -71.549149 -65.43895 -58.47995 -51.113579 -43.428993 -35.876133 -28.460884 -21.154608 -13.783844 -8.8553324 0.99703074 7.5042577 15.905177 24.241037 32.186237 39.791218 46.878017 53.406643 59.573856 65.305283 70.932915 76.18309 81.305359 85.908485 89.866684 92.985374 95.17804 96.524277 97.268486 97.601097 97.58506 97.248375 96.715599 95.549835 93.827835 91.2556 87.759598 83.302505 78.106384 72.30011 66.314316 60.163933 53.982567 47.564285 40.958191 33.97385 26.521566 18.642933 10.396569 4.6191397 -4.7477469 -12.141991
-16.854746 -24.027025 -31.709846 -39.887726 -47.994461 -55.518547 -62.273849 -68.067627 -73.2192 -77.768906 -82.076637 -86.233833 -90.195511 -93.931709 -96.974121 -99.078568 -100.12848 -99.989655 -98.819107 -96.832634 -94.477501 -92.009232 -89.572838 -87.047478 -84.284897 -80.891159 -76.740288 -71.549149 -65.43895 -58.47995 -51.113579 -43.428993 -35.876133 -28.460884 -21.154608 -13.783844 -8.8553324 0.99703074 7.5042577 15.905177 24.241037 32.186237 39.791218 46.878017 53.406643 59.573856 65.305283 70.932915 76.18309 81.305359 85.908485 89.866684 92.985374 95.17804 96.524277 97.268486 97.601097 97.58506 97.248375 96.715599 95.549835 93.827835 91.2556 87.759598 83.302505 78.106384 72.30011 66.314316 60.163933 53.982567 47.564285 40.958191 33.97385 26.521566 18.642933 10.396569 4.6191397 -4.7477469 -12.141991 -19.915413
-24.027025 -31.709846 -39.887726 -47.994461 -55.518547 -62.273849 -68.067627 -73.2192 -77.768906 -82.076637 -86.233833 -90.195511 -93.931709 -96.974121 -99.078568 -100.12848 -99.989655 -98.819107 -96.832634 -94.477501 -92.009232 -89.572838 -87.047478 -84.284897 -80.891159 -76.740288 -71.549149 -65.43895 -58.47995 -51.113579 -43.428993 -35.876133 -28.460884 -21.154608 -13.783844 -8.8553324 0.99703074 7.5042577 15.905177 24.241037 32.186237 39.791218 46.878017 53.406643 59.573856 65.305283 70.932915 76.18309 81.305359 85.908485 89.866684 92.985374 95.17804 96.524277 97.268486 97.601097 97.58506 97.248375 96.715599 95.549835 93.827835 91.2556 87.759598 83.302505 78.106384 72.30011 66.314316 60.163933 53.982567 47.564285 40.958191 33.97385 26.521566 18.642933 10.396569 4.6191397 -4.7477469 -12.141991 -19.915413 -27.326498
-31.709846 -39.887726 -47.994461 -55.518547 -62.273849 -68.067627 -73.2192 -77.768906 -82.076637 -86.233833 -90.195511 -93.931709 -96.974121 -99.078568 -100.12848 -99.989655 -98.819107 -96.832634 -94.477501 -92.009232 -89.572838 -87.047478 -84.284897 -80.891159 -76.740288 -71.549149 -65.43895 -58.47995 -51.113579 -43.428993 -35.876133 -28.460884 -21.154608 -13.783844 -8.8553324 0.99703074 7.5042577 15.905177 24.241037 32.186237 39.791218 46.878017 53.406643 59.573856 65.305283 70.932915 76.18309 81.305359 85.908485 89.866684 92.985374 95.17804 96.524277 97.268486 97.601097 97.58506 97.248375 96.715599 95.549835 93.827835 91.2556 87.759598 83.302505 78.106384 72.30011 66.314316 60.163933 53.982567 47.564285 40.958191 33.97385 26.521566 18.642933 10.396569 4.6191397 -4.7477469 -12.141991 -19.915413 -27.326498 -34.451054
-39.887726 -47.994461 -55.518547 -62.273849 -68.067627 -73.2192 -77.768906 -82.076637 -86.233833 -90.195511 -93.931709 -96.974121 -99.078568 -100.12848 -99.989655 -98.819107 -96.832634 -94.477501 -92.009232 -89.572838 -87.047478 -84.284897 -80.891159 -76.740288 -71.549149 -65.43895 -58.47995 -51.113579 -43.428993 -35.876133 -28.460884 -21.154608 -13.783844 -8.8553324 0.99703074 7.5042577 15.905177 24.241037 32.186237 39.791218 46.878017 53.406643 59.573856 65.305283 70.932915 76.18309 81.305359 85.908485 89.866684 92.985374 95.17804 96.524277 97.268486 97.601097 97.58506 97.248375 96.715599 95.549835 93.827835 91.2556 87.759598 83.302505 78.106384 72.30011 66.314316 60.163933 53.982567 47.564285 40.958191 33.97385 26.521566 18.642933 10.396569 4.6191397 -4.7477469 -12.141991 -19.915413 -27.326498 -34.451054 -41.419895
-47.994461 -55.518547 -62.273849 -68.067627 -73.2192 -77.768906 -82.076637 -86.233833 -90.195511 -93.931709 -96.974121 -99.078568 -100.12848 -99.989655 -98.819107 -96.832634 -94.477501 -92.009232 -89.572838 -87.047478 -84.284897 -80.891159 -76.740288 -71.549149 -65.43895 -58.47995 -51.113579 -43.428993 -35.876133 -28.460884 -21.154608 -13.783844 -8.8553324 0.99703074 7.5042577 15.905177 24.241037 32.186237 39.791218 46.878017 53.406643 59.573856 65.305283 70.932915 76.18309 81.305359 85.908485 89.866684 92.985374 95.17804 96.524277 97.268486 97.601097 97.58506 97.248375 96.715599 95.549835 93.827835 91.2556 87.759598 83.302505 78.106384 72.30011 66.314316 60.163933 53.982567 47.564285 40.958191 33.97385 26.521566 18.642933 10.396569 4.6191397 -4.7477469 -12.141991 -19.915413 -27.326498 -34.451054 -41.419895 -48.123699
-55.518547 -62.273849 -68.067627 -73.2192 -77.768906 -82.076637 -86.233833 -90.195511 -93.931709 -96.974121 -99.078568 -100.12848 -99.989655 -98.819107 -96.832634 -94.477501 -92.009232 -89.572838 -87.047478 -84.284897 -80.891159 -76.740288 -71.549149 -65.43895 -58.47995 -51.113579 -43.428993 -35.876133 -28.460884 -21.154608 -13.783844 -8.8553324 0.99703074 7.5042577 15.905177 24.241037 32.186237 39.791218 46.878017 53.406643 59.573856 65.305283 70.932915 76.18309 81.305359 85.908485 89.866684 92.985374 95.17804 96.524277 97.268486 97.601097 97.58506 97.248375 96.715599 95.549835 93.827835 91.2556 87.759598 83.302505 78.106384 72.30011 66.314316 60.163933 53.982567 47.564285 40.958191 33.97385 26.521566 18.642933 10.396569 4.6191397 -4.7477469 -12.141991 -19.915413 -27.326498 -34.451054 -41.419895 -48.123699 -54.711311
-62.273849 -68.067627 -73.2192 -77.768906 -82.076637 -86.233833 -90.195511 -93.931709 -96.974121 -99.078568 -100.12848 -99.989655 -98.819107 -96.832634 -94.477501 -92.009232 -89.572838 -87.047478 -84.284897 -80.891159 -76.740288 -71.549149 -65.43895 -58.47995 -51.113579 -43.428993 -35.876133 -28.460884 -21.154608 -13.783844 -8.8553324 0.99703074 7.5042577 15.905177 24.241037 32.186237 39.791218 46.878017 53.406643 59.573856 65.305283 70.932915 76.18309 81.305359 85.908485 89.866684 92.985374 95.17804 96.524277 97.268486 97.601097 97.58506 97.248375 96.715599 95.549835 93.827835 91.2556 87.759598 83.302505 78.106384 72.30011 66.314316 60.163933 53.982567 47.564285 40.958191 33.97385 26.521566 18.642933 10.396569 4.6191397 -4.7477469 -12.141991 -19.915413 -27.326498 -34.451054 -41.419895 -48.123699 -54.711311 -61.115906
-68.067627 -73.2192 -77.768906 -82.076637 -86.233833 -90.195511 -93.931709 -96.974121 -99.078568 -100.12848 -99.989655 -98.819107 -96.832634 -94.477501 -92.009232 -89.572838 -87.047478 -84.284897 -80.891159 -76.740288 -71.549149 -65.43895 -58.47995 -51.113579 -43.428993 -35.876133 -28.460884 -21.154608 -13.783844 -8.8553324 0.99703074 7.5042577 15.905177 24.241037 32.186237 39.791218 46.878017 53.406643 59.573856 65.305283 70.932915 76.18309 81.305359 85.908485 89.866684 92.985374 95.17804 96.524277 97.268486 97.601097 97.58506 97.248375 96.715599 95.549835 93.827835 91.2556 87.759598 83.302505 78.106384 72.30011 66.314316 60.163933 53.982567 47.564285 40.958191 33.97385 26.521566 18.642933 10.396569 4.6191397 -4.7477469 -12.141991 -19.915413 -27.326498 -34.451054 -41.419895 -48.123699 -54.711311 -61.115906 -67.242172
-73.2192 -77.768906 -82.076637 -86.233833 -90.195511 -93.931709 -96.974121 -99.078568 -100.12848 -99.989655 -98.819107 -96.832634 -94.477501 -92.009232 -89.572838 -87.047478 -84.284897 -80.891159 -76.740288 -71.549149 -65.43895 -58.47995 -51.113579 -43.428993 -35.876133 -28.460884 -21.154608 -13.783844 -8.8553324 0.99703074 7.5042577 15.905177 24.241037 32.186237 39.791218 46.878017 53.406643 59.573856 65.305283 70.932915 76.18309 81.305359 85.908485 89.866684 92.985374 95.17804 96.524277 97.268486 97.601097 97.58506 97.248375 96.715599 95.549835 93.827835 91.2556 87.759598 83.302505 78.106384 72.30011 66.314316 60.163933 53.982567 47.564285 40.958191 33.97385 26.521566 18.642933 10.396569 4.6191397 -4.7477469 -12.141991 -19.915413 -27.326498 -34.451054 -41.419895 -48.123699 -54.711311 -61.115906 -67.242172 -72.911209
-77.768906 -82.076637 -86.233833 -90.195511 -93.931709 -96.974121 -99.078568 -100.12848 -99.989655 -98.819107 -96.832634 -94.477501 -92.009232 -89.572838 -87.047478 -84.284897 -80.891159 -76.740288 -71.549149 -65.43895 -58.47995 -51.113579 -43.428993 -35.876133 -28.460884 -21.154608 -13.783844 -8.8553324 0.99703074 7.5042577 15.905177 24.241037 32.186237 39.791218 46.878017 53.406643 59.573856 65.305283 70.932915 76.18309 81.305359 85.908485 89.866684 92.985374 95.17804 96.524277 97.268486 97.601097 97.58506 97.248375 96.715599 95.549835 93.827835 91.2556 87.759598 83.302505 78.106384 72.30011 66.314316 60.163933 53.982567 47.564285 40.958191 33.97385 26.521566 18.642933 10.396569 4.6191397 -4.7477469 -12.141991 -19.915413 -27.326498 -34.451054 -41.419895 -48.123699 -54.711311 -61.115906 -67.242172 -72.911209 -77.963791
-82.076637 -86.233833 -90.195511 -93.931709 -96.974121 -99.078568 -100.12848 -99.989655 -98.819107 -96.832634 -94.477501 -92.009232 -89.572838 -87.047478 -84.284897 -80.891159 -76.740288 -71.549149 -65.43895 -58.47995 -51.113579 -43.428993 -35.876133 -28.460884 -21.154608 -13.783844 -8.8553324 0.99703074 7.5042577 15.905177 24.241037 32.186237 39.791218 46.878017 53.406643 59.573856 65.305283 70.932915 76.18309 81.305359 85.908485 89.866684 92.985374 95.17804 96.524277 97.268486 97.601097 97.58506 97.248375 96.715599 95.549835 93.827835 91.2556 87.759598 83.302505 78.106384 72.30011 66.314316 60.163933 53.982567 47.564285 40.958191 33.97385 26.521566 18.642933 10.396569 4.6191397 -4.7477469 -12.141991 -19.915413 -27.326498 -34.451054 -41.419895 -48.123699 -54.711311 -61.115906 -67.242172 -72.911209 -77.963791 -82.394905
-86.233833 -90.195511 -93.931709 -96.974121 -99.078568 -100.12848 -99.989655 -98.819107 -96.832634 -94.477501 -92.009232 -89.572838 -87.047478 -84.284897 -80.891159 -76.740288 -71.549149 -65.43895 -58.47995 -51.113579 -43.428993 -35.876133 -28.460884 -21.154608 -13.783844 -8.8553324 0.99703074 7.5042577 15.905177 24.241037 32.186237 39.791218 46.878017 53.406643 59.573856 65.305283 70.932915 76.18309 81.305359 85.908485 89.866684 92.985374 95.17804 96.524277 97.268486 97.601097 97.58506 97.248375 96.715599 95.549835 93.827835 91.2556 87.759598 83.302505 78.106384 72.30011 66.314316 60.163933 53.982567 47.564285 40.958191 33.97385 26.521566 18.642933 10.396569 4.6191397 -4.7477469 -12.141991 -19.915413 -27.326498 -34.451054 -41.419895 -48.123699 -54.711311 -61.115906 -67.242172 -72.911209 -77.963791 -82.394905 -86.155418
-90.195511 -93.931709 -96.974121 -99.078568 -100.12848 -99.989655 -98.819107 -96.832634 -94.477501 -92.009232 -89.572838 -87.047478 -84.284897 -80.891159 -76.740288 -71.549149 -65.43895 -58.47995 -51.113579 -43.428993 -35.876133 -28.460884 -21.154608 -13.783844 -8.8553324 0.99703074 7.5042577 15.905177 24.241037 32.186237 39.791218 46.878017 53.406643 59.573856 65.305283 70.932915 76.18309 81.305359 85.908485 89.866684 92.985374 95.17804 96.524277 97.268486 97.601097 97.58506 97.248375 96.715599 95.549835 93.827835 91.2556 87.759598 83.302505 78.106384 72.30011 66.314316 60.163933 53.982567 47.564285 40.958191 33.97385 26.521566 18.642933 10.396569 4.6191397 -4.7477469 -12.141991 -19.915413 -27.326498 -34.451054 -41.419895 -48.123699 -54.711311 -61.115906 -67.242172 -72.911209 -77.963791 -82.394905 -86.155418 -89.392296
-93.931709 -96.974121 -99.078568 -100.12848 -99.989655 -98.819107 -96.832634 -94.477501 -92.009232 -89.572838 -87.047478 -84.284897 -80.891159 -76.740288 -71.549149 -65.43895 -58.47995 -51.113579 -43.428993 -35.876133 -28.460884 -21.154608 -13.783844 -8.8553324 0.99703074 7.5042577 15.905177 24.241037 32.186237 39.791218 46.878017 53.406643 59.573856 65.305283 70.932915 76.18309 81.305359 85.908485 89.866684 92.985374 95.17804 96.524277 97.268486 97.601097 97.58506 97.248375 96.715599 95.549835 93.827835 91.2556 87.759598 83.302505 78.106384 72.30011 66.314316 60.163933 53.982567 47.564285 40.958191 33.97385 26.521566 18.642933 10.396569 4.6191397 -4.7477469 -12.141991 -19.915413 -27.326498 -34.451054 -41.419895 -48.123699 -54.711311 -61.115906 -67.242172 -72.911209 -77.963791 -82.394905 -86.155418 -89.392296 -92.046097
-96.974121 -99.078568 -100.12848 -99.989655 -98.819107 -96.832634 -94.477501 -92.009232 -89.572838 -87.047478 -84.284897 -80.891159 -76.740288 -71.549149 -65.43895 -58.47995 -51.113579 -43.428993 -35.876133 -28.460884 -21.154608 -13.783844 -8.8553324 0.99703074 7.5042577 15.905177 24.241037 32.186237 39.791218 46.878017 53.406643 59.573856 65.305283 70.932915 76.18309 81.305359 85.908485 89.866684 92.985374 95.17804 96.524277 97.268486 97.601097 97.58506 97.248375 96.715599 95.549835 93.827835 91.2556 87.759598 83.302505 78.106384 72.30011 66.314316 60.163933 53.982567 47.564285 40.958191 33.97385 26.521566 18.642933 10.396569 4.6191397 -4.7477469 -12.141991 -19.915413 -27.326498 -34.451054 -41.419895 -48.123699 -54.711311 -61.115906 -67.242172 -72.911209 -77.963791 -82.394905 -86.155418 -89.392296 -92.046097 -94.376045
-99.078568 -100.12848 -99.989655 -98.819107 -96.832634 -94.477501 -92.009232 -89.572838 -87.047478 -84.284897 -80.891159 -76.740288 -71.549149 -65.43895 -58.47995 -51.113579 -43.428993 -35.876133 -28.460884 -21.154608 -13.783844 -8.8553324 0.99703074 7.5042577 15.905177 24.241037 32.186237 39.791218 46.878017 53.406643 59.573856 65.305283 70.932915 76.18309 81.305359 85.908485 89.866684 92.985374 95.17804 96.524277 97.268486 97.601097 97.58506 97.248375 96.715599 95.549835 93.827835 91.2556 87.759598 83.302505 78.106384 72.30011 66.314316 60.163933 53.982567 47.564285 40.958191 33.97385 26.521566 18.642933 10.396569 4.6191397 -4.7477469 -12.141991 -19.915413 -27.326498 -34.451054 -41.419895 -48.123699 -54.711311 -61.115906 -67.242172 -72.911209 -77.963791 -82.394905 -86.155418 -89.392296 -92.046097 -94.376045 -96.262543
-100.12848 -99.989655 -98.819107 -96.832634 -94.477501 -92.009232 -89.572838 -87.047478 -84.284897 -80.891159 -76.740288 -71.549149 -65.43895 -58.47995 -51.113579 -43.428993 -35.876133 -28.460884 -21.154608 -13.783844 -8.8553324 0.99703074 7.5042577 15.905177 24.241037 32.186237 39.791218 46.878017 53.406643 59.573856 65.305283 70.932915 76.18309 81.305359 85.908485 89.866684 92.985374 95.17804 96.524277 97.268486 97.601097 97.58506 97.248375 96.715599 95.549835 93.827835 91.2556 87.759598 83.302505 78.106384 72.30011 66.314316 60.163933 53.982567 47.564285 40.958191 33.97385 26.521566 18.642933 10.396569 4.6191397 -4.7477469 -12.141991 -19.915413 -27.326498 -34.451054 -41.419895 -48.123699 -54.711311 -61.115906 -67.242172 -72.911209 -77.963791 -82.394905 -86.155418 -89.392296 -92.046097 -94.376045 -96.262543 -97.650696
-99.989655 -98.819107 -96.832634 -94.477501 -92.009232 -89.572838 -87.047478 -84.284897 -80.891159 -76.740288 -71.549149 -65.43895 -58.479954 -51.113579 -43.428993 -35.876133 -28.460884 -21.154608 -13.783845 -8.8553324 0.99703068 7.5042577 15.905178 24.241037 32.186237 39.791218 46.878017 53.406651 59.57386 65.305283 70.932915 76.18309 81.305359 85.908485 89.866684 92.985374 95.17804 96.524277 97.268486 97.601097 97.58506 97.248375 96.715599 95.549835 93.827835 91.2556 87.759598 83.302505 78.106384 72.30011 66.314316 60.163929 53.982567 47.564285 40.958191 33.97385 26.521566 18.642933 10.396569 4.6191397 -4.7477469 -12.141991 -19.915413 -27.326502 -34.451054 -41.419895 -48.123699 -54.711315 -61.115902 -67.242172 -72.911209 -77.963791 -82.394905 -86.155418 -89.392296 -92.046097 -94.376045 -96.262543 -97.650696 -98.475433
-98.819107 -96.832634 -94.477501 -92.009232 -89.572838 -87.047478 -84.284897 -80.891159 -76.740288 -71.549149 -65.43895 -58.47995 -51.113575 -43.428993 -35.876133 -28.460886 -21.154608 -13.783845 -8.8553324 0.99703068 7.5042572 15.905179 24.241037 32.186237 39.791218 46.878017 53.406651 59.57386 65.305283 70.932915 76.18309 81.305359 85.908485 89.866684 92.985374 95.17804 96.524277 97.268486 97.601097 97.58506 97.248375 96.715599 95.549835 93.827835 91.2556 87.759598 83.302505 78.106384 72.30011 66.314316 60.163929 53.982567 47.564285 40.958191 33.97385 26.521564 18.642933 10.396569 4.6191397 -4.7477469 -12.141991 -19.915413 -27.3265 -34.451054 -41.419895 -48.123699 -54.711311 -61.115906 -67.242172 -72.911209 -77.963791 -82.394905 -86.155418 -89.392296 -92.046097 -94.376045 -96.262543 -97.650696 -98.475433 -98.777481
-96.832634 -94.477501 -92.009232 -89.572838 -87.047478 -84.284897 -80.891159 -76.740288 -71.549149 -65.43895 -58.47995 -51.113575 -43.428993 -35.876133 -28.460884 -21.154608 -13.783846 -8.8553324 0.99703062 7.5042572 15.905177 24.241037 32.186237 39.791218 46.878017 53.406647 59.57386 65.305283 70.932915 76.18309 81.305359 85.908485 89.866684 92.985374 95.17804 96.524277 97.268486 97.601097 97.58506 97.248375 96.715599 95.549835 93.827835 91.2556 87.759598 83.302505 78.106384 72.30011 66.314316 60.163933 53.982567 47.564285 40.958191 33.97385 26.521564 18.642933 10.396569 4.6191397 -4.7477469 -12.141991 -19.915413 -27.3265 -34.451054 -41.419895 -48.123699 -54.711311 -61.115902 -67.242172 -72.911209 -77.963791 -82.394905 -86.155418 -89.392296 -92.046097 -94.376045 -96.262543 -97.650696 -98.475433 -98.777481 -98.205338
-94.477501 -92.009232 -89.572838 -87.047478 -84.284897 -80.891159 -76.740288 -71.549149 -65.43895 -58.47995 -51.113575 -43.428993 -35.876133 -28.460884 -21.154608 -13.783846 -8.8553324 0.99703062 7.5042572 15.905177 24.241037 32.186237 39.791218 46.878017 53.406647 59.57386 65.305283 70.932915 76.18309 81.305359 85.908485 89.866684 92.985374 95.17804 96.524277 97.268486 97.601097 97.58506 97.248375 96.715599 95.549835 93.827835 91.2556 87.759598 83.302505 78.106384 72.30011 66.314316 60.163933 53.982567 47.564285 40.958191 33.97385 26.521564 18.642933 10.396569 4.6191397 -4.7477469 -12.141991 -19.915413 -27.3265 -34.451054 -41.419895 -48.123699 -54.711311 -61.115902 -67.242172 -72.911209 -77.963791 -82.394905 -86.155418 -89.392296 -92.046097 -94.376045 -96.262543 -97.650696 -98.475433 -98.777481 -98.205338 -96.823494
-92.009232 -89.572838 -87.047478 -84.284897 -80.891159 -76.740288 -71.549149 -65.43895 -58.47995 -51.113575 -43.428993 -35.876133 -28.460884 -21.154608 -13.783846 -8.8553324 0.99703062 7.5042572 15.905177 24.241037 32.186237 39.791218 46.878017 53.406647 59.57386 65.305283 70.932915 76.18309 81.305359 85.908485 89.866684 92.985374 95.17804 96.524277 97.268486 97.601097 97.58506 97.248375 96.715599 95.549835 93.827835 91.2556 87.759598 83.302505 78.106384 72.30011 66.314316 60.163933 53.982567 47.564285 40.958191 33.97385 26.521564 18.642933 10.396569 4.6191397 -4.7477469 -12.141991 -19.915413 -27.3265 -34.451054 -41.419895 -48.123699 -54.711311 -61.115902 -67.242172 -72.911209 -77.963791 -82.394905 -86.155418 -89.392296 -92.046097 -94.376045 -96.262543 -97.650696 -98.475433 -98.777481 -98.205338 -96.823494 -94.683014
-89.572838 -87.047478 -84.284897 -80.891159 -76.740288 -71.549149 -65.43895 -58.47995 -51.113575 -43.428993 -35.876133 -28.460884 -21.154608 -13.783846 -8.8553324 0.99703062 7.5042572 15.905177 24.241037 32.186237 39.791218 46.878017 53.406647 59.57386 65.305283 70.932915 76.18309 81.305359 85.908485 89.866684 92.985374 95.17804 96.524277 97.268486 97.601097 97.58506 97.248375 96.715599 95.549835 93.827835 91.2556 87.759598 83.302505 78.106384 72.30011 66.314316 60.163933 53.982567 47.564285 40.958191 33.97385 26.521564 18.642933 10.396569 4.6191397 -4.7477469 -12.141991 -19.915413 -27.3265 -34.451054 -41.419895 -48.123699 -54.711311 -61.115902 -67.242172 -72.911209 -77.963791 -82.394905 -86.155418 -89.392296 -92.046097 -94.376045 -96.262543 -97.650696 -98.475433 -98.777481 -98.205338 -96.823494 -94.683014 -91.832268
-87.047478 -84.284897 -80.891159 -76.740288 -71.549149 -65.43895 -58.47995 -51.113575 -43.428993 -35.876133 -28.460884 -21.154608 -13.783846 -8.8553324 0.99703062 7.5042572 15.905177 24.241037 32.186237 39.791218 46.878017 53.406647 59.57386 65.305283 70.932915 76.18309 81.305359 85.908485 89.866684 92.985374 95.17804 96.524277 97.268486 97.601097 97.58506 97.248375 96.715599 95.549835 93.827835 91.2556 87.759598 83.302505 78.106384 72.30011 66.314316 60.163933 53.982567 47.564285 40.958191 33.97385 26.521564 18.642933 10.396569 4.6191397 -4.7477469 -12.141991 -19.915413 -27.3265 -34.451054 -41.419895 -48.123699 -54.711311 -61.115902 -67.242172 -72.911209 -77.963791 -82.394905 -86.155418 -89.392296 -92.046097 -94.376045 -96.262543 -97.650696 -98.475433 -98.777481 -98.205338 -96.823494 -94.683014 -91.832268 -88.393425
-84.284897 -80.891159 -76.740288 -71.549149 -65.43895 -58.47995 -51.113575 -43.428993 -35.876133 -28.460884 -21.154608 -13.783846 -8.8553324 0.99703062 7.5042572 15.905177 24.241037 32.186237 39.791218 46.878017 53.406647 59.57386 65.305283 70.932915 76.18309 81.305359 85.908485 89.866684 92.985374 95.17804 96.524277 97.268486 97.601097 97.58506 97.248375 96.715599 95.549835 93.827835 91.2556 87.759598 83.302505 78.106384 72.30011 66.314316 60.163933 53.982567 47.564285 40.958191 33.97385 26.521564 18.642933 10.396569 4.6191397 -4.7477469 -12.141991 -19.915413 -27.3265 -34.451054 -41.419895 -48.123699 -54.711311 -61.115902 -67.242172 -72.911209 -77.963791 -82.394905 -86.155418 -89.392296 -92.046097 -94.376045 -96.262543 -97.650696 -98.475433 -98.777481 -98.205338 -96.823494 -94.683014 -91.832268 -88.393425 -84.502739
-80.891159 -76.740288 -71.549149 -65.43895 -58.47995 -51.113575 -43.428993 -35.876133 -28.460884 -21.154608 -13.783846 -8.8553324 0.99703062 7.5042572 15.905177 24.241037 32.186237 39.791218 46.878017 53.406647 59.57386 65.305283 70.932915 76.18309 81.305359 85.908485 89.866684 92.985374 95.17804 96.524277 97.268486 97.601097 97.58506 97.248375 96.715599 95.549835 93.827835 91.2556 87.759598 83.302505 78.106384 72.30011 66.314316 60.163933 53.982567 47.564285 40.958191 33.97385 26.521564 18.642933 10.396569 4.6191397 -4.7477469 -12.141991 -19.915413 -27.3265 -34.451054 -41.419895 -48.123699 -54.711311 -61.115902 -67.242172 -72.911209 -77.963791 -82.394905 -86.155418 -89.392296 -92.046097 -94.376045 -96.262543 -97.650696 -98.475433 -98.777481 -98.205338 -96.823494 -94.683014 -91.832268 -88.393425 -84.502739 -80.204422
-76.740288 -71.549149 -65.43895 -58.47995 -51.113575 -43.428993 -35.876133 -28.460884 -21.154608 -13.783846 -8.8553324 0.99703062 7.5042572 15.905177 24.241037 32.186237 39.791218 46.878017 53.406647 59.57386 65.305283 70.932915 76.18309 81.305359 85.908485 89.866684 92.985374 95.17804 96.524277 97.268486 97.601097 97.58506 97.248375 96.715599 95.549835 93.827835 91.2556 87.759598 83.302505 78.106384 72.30011 66.314316 60.163933 53.982567 47.564285 40.958191 33.97385 26.521564 18.642933 10.396569 4.6191397 -4.7477469 -12.141991 -19.915413 -27.3265 -34.451054 -41.419895 -48.123699 -54.711311 -61.115902 -67.242172 -72.911209 -77.963791 -82.394905 -86.155418 -89.392296 -92.046097 -94.376045 -96.262543 -97.650696 -98.475433 -98.777481 -98.205338 -96.823494 -94.683014 -91.832268 -88.393425 -84.502739 -80.204422 -75.68576
-71.549149 -65.43895 -58.47995 -51.113575 -43.428993 -35.876133 -28.460884 -21.154608 -13.783846 -8.8553324 0.99703062 7.5042572 15.905177 24.241037 32.186237 39.791218 46.878017 53.406647 59.57386 65.305283 70.932915 76.18309 81.305359 85.908485 89.866684 92.985374 95.17804 96.524277 97.268486 97.601097 97.58506 97.248375 96.715599 95.549835 93.827835 91.2556 87.759598 83.302505 78.106384 72.30011 66.314316 60.163933 53.982567 47.564285 40.958191 33.97385 26.521564 18.642933 10.396569 4.6191397 -4.7477469 -12.141991 -19.915413 -27.3265 -34.451054 -41.419895 -48.123699 -54.711311 -61.115902 -67.242172 -72.911209 -77.963791 -82.394905 -86.155418 -89.392296 -92.046097 -94.376045 -96.262543 -97.650696 -98.475433 -98.777481 -98.205338 -96.823494 -94.683014 -91.832268 -88.393425 -84.502739 -80.204422 -75.68576 -70.708763
-65.43895 -58.47995 -51.113575 -43.428993 -35.876133 -28.460884 -21.154608 -13.783846 -8.8553324 0.99703062 7.5042572 15.905177 24.241037 32.186237 39.791218 46.878017 53.406647 59.57386 65.305283 70.932915 76.18309 81.305359 85.908485 89.866684 92.985374 95.17804 96.524277 97.268486 97.601097 97.58506 97.248375 96.715599 95.549835 93.827835 91.2556 87.759598 83.302505 78.106384 72.30011 66.314316 60.163933 53.982567 47.564285 40.958191 33.97385 26.521564 18.642933 10.396569 4.6191397 -4.7477469 -12.141991 -19.915413 -27.3265 -34.451054 -41.419895 -48.123699 -54.711311 -61.115902 -67.242172 -72.911209 -77.963791 -82.394905 -86.155418 -89.392296 -92.046097 -94.376045 -96.262543 -97.650696 -98.475433 -98.777481 -98.205338 -96.823494 -94.683014 -91.832268 -88.393425 -84.502739 -80.204422 -75.68576 -70.708763 -65.45652
-58.47995 -51.113575 -43.428993 -35.876133 -28.460884 -21.154608 -13.783846 -8.8553324 0.99703062 7.5042572 15.905177 24.241037 32.186237 39.791218 46.878017 53.406647 59.57386 65.305283 70.932915 76.18309 81.305359 85.908485 89.866684 92.985374 95.17804 96.524277 97.268486 97.601097 97.58506 97.248375 96.715599 95.549835 93.827835 91.2556 87.759598 83.302505 78.106384 72.30011 66.314316 60.163933 53.982567 47.564285 40.958191 33.97385 26.521564 18.642933 10.396569 4.6191397 -4.7477469 -12.141991 -19.915413 -27.3265 -34.451054 -41.419895 -48.123699 -54.711311 -61.115902 -67.242172 -72.911209 -77.963791 -82.394905 -86.155418 -89.392296 -92.046097 -94.376045 -96.262543 -97.650696 -98.475433 -98.777481 -98.205338 -96.823494 -94.683014 -91.832268 -88.393425 -84.502739 -80.204422 -75.68576 -70.708763 -65.45652 -59.73531
-51.113575 -43.428993 -35.876133 -28.460884 -21.154608 -13.783846 -8.8553324 0.99703062 7.5042572 15.905177 24.241037 32.186237 39.791218 46.878017 53.406647 59.57386 65.305283 70.932915 76.18309 81.305359 85.908485 89.866684 92.985374 95.17804 96.524277 97.268486 97.601097 97.58506 97.248375 96.715599 95.549835 93.827835 91.2556 87.759598 83.302505 78.106384 72.30011 66.314316 60.163933 53.982567 47.564285 40.958191 33.97385 26.521564 18.642933 10.396569 4.6191397 -4.7477469 -12.141991 -19.915413 -27.3265 -34.451054 -41.419895 -48.123699 -54.711311 -61.115902 -67.242172 -72.911209 -77.963791 -82.394905 -86.155418 -89.392296 -92.046097 -94.376045 -96.262543 -97.650696 -98.475433 -98.777481 -98.205338 -96.823494 -94.683014 -91.832268 -88.393425 -84.502739 -80.204422 -75.68576 -70.708763 -65.45652 -59.73531 -53.549335
-43.428993 -35.876133 -28.460884 -21.154608 -13.783846 -8.8553324 0.99703062 7.5042572 15.905177 24.241037 32.186237 39.791218 46.878017 53.406647 59.57386 65.305283 70.932915 76.18309 81.305359 85.908485 89.866684 92.985374 95.17804 96.524277 97.268486 97.601097 97.58506 97.248375 96.715599 95.549835 93.827835 91.2556 87.759598 83.302505 78.106384 72.30011 66.314316 60.163933 53.982567 47.564285 40.958191 33.97385 26.521564 18.642933 10.396569 4.6191397 -4.7477469 -12.141991 -19.915413 -27.3265 -34.451054 -41.419895 -48.123699 -54.711311 -61.115902 -67.242172 -72.911209 -77.963791 -82.394905 -86.155418 -89.392296 -92.046097 -94.376045 -96.262543 -97.650696 -98.475433 -98.777481 -98.205338 -96.823494 -94.683014 -91.832268 -88.393425 -84.502739 -80.204422 -75.68576 -70.708763 -65.45652 -59.73531 -53.549335 -46.77327
-35.876133 -28.460884 -21.154608 -13.783846 -8.8553324 0.99703062 7.5042572 15.905177 24.241037 32.186237 39.791218 46.878017 53.406647 59.57386 65.305283 70.932915 76.18309 81.305359 85.908485 89.866684 92.985374 95.17804 96.524277 97.268486 97.601097 97.58506 97.248375 96.715599 95.549835 93.827835 91.2556 87.759598 83.302505 78.106384 72.30011 66.314316 60.163933 53.982567 47.564285 40.958191 33.97385 26.521564 18.642933 10.396569 4.6191397 -4.7477469 -12.141991 -19.915413 -27.3265 -34.451054 -41.419895 -48.123699 -54.711311 -61.115902 -67.242172 -72.911209 -77.963791 -82.394905 -86.155418 -89.392296 -92.046097 -94.376045 -96.262543 -97.650696 -98.475433 -98.777481 -98.205338 -96.823494 -94.683014 -91.832268 -88.393425 -84.502739 -80.204422 -75.68576 -70.708763 -65.45652 -59.73531 -53.549335 -46.77327 -39.717121
-28.460884 -21.154608 -13.783846 -8.8553324 0.99703062 7.5042572 15.905177 24.241037 32.186237 39.791218 46.878017 53.406647 59.57386 65.305283 70.932915 76.18309 81.305359 85.908485 89.866684 92.985374 95.17804 96.524277 97.268486 97.601097 97.58506 97.248375 96.715599 95.549835 93.827835 91.2556 87.759598 83.302505 78.106384 72.30011 66.314316 60.163933 53.982567 47.564285 40.958191 33.97385 26.521564 18.642933 10.396569 4.6191397 -4.7477469 -12.141991 -19.915413 -27.3265 -34.451054 -41.419895 -48.123699 -54.711311 -61.115902 -67.242172 -72.911209 -77.963791 -82.394905 -86.155418 -89.392296 -92.046097 -94.376045 -96.262543 -97.650696 -98.475433 -98.777481 -98.205338 -96.823494 -94.683014 -91.832268 -88.393425 -84.502739 -80.204422 -75.68576 -70.708763 -65.45652 -59.73531 -53.549335 -46.77327 -39.717121 -32.210487
-21.154608 -13.783846 -8.8553324 0.99703062 7.5042572 15.905177 24.241037 32.186237 39.791218 46.878017 53.406647 59.57386 65.305283 70.932915 76.18309 81.305359 85.908485 89.866684 92.985374 95.17804 96.524277 97.268486 97.601097 97.58506 97.248375 96.715599 95.549835 93.827835 91.2556 87.759598 83.302505 78.106384 72.30011 66.314316 60.163933 53.982567 47.564285 40.958191 33.97385 26.521564 18.642933 10.396569 4.6191397 -4.7477469 -12.141991 -19.915413 -27.3265 -34.451054 -41.419895 -48.123699 -54.711311 -61.115902 -67.242172 -72.911209 -77.963791 -82.394905 -86.155418 -89.392296 -92.046097 -94.376045 -96.262543 -97.650696 -98.475433 -98.777481 -98.205338 -96.823494 -94.683014 -91.832268 -88.393425 -84.502739 -80.204422 -75.68576 -70.708763 -65.45652 -59.73531 -53.549335 -46.77327 -39.717121 -32.210487 -24.494989
-13.783846 -8.8553324 0.99703062 7.5042572 15.905177 24.241037 32.186237 39.791218 46.878017 53.406647 59.57386 65.305283 70.932915 76.18309 81.305359 85.908485 89.866684 92.985374 95.17804 96.524277 97.268486 97.601097 97.58506 97.248375 96.715599 95.549835 93.827835 91.2556 87.759598 83.302505 78.106384 72.30011 66.314316 60.163933 53.982567 47.564285 40.958191 33.97385 26.521564 18.642933 10.396569 4.6191397 -4.7477469 -12.141991 -19.915413 -27.3265 -34.451054 -41.419895 -48.123699 -54.711311 -61.115902 -67.242172 -72.911209 -77.963791 -82.394905 -86.155418 -89.392296 -92.046097 -94.376045 -96.262543 -97.650696 -98.475433 -98.777481 -98.205338 -96.823494 -94.683014 -91.832268 -88.393425 -84.502739 -80.204422 -75.68576 -70.708763 -65.45652 -59.73531 -53.549335 -46.77327 -39.717121 -32.210487 -24.494989 -16.54834
-8.8553324 0.99703062 7.5042572 15.905177 24.241037 32.186237 39.791218 46.878017 53.406647 59.57386 65.305283 70.932915 76.18309 81.305359 85.908485 89.866684 92.985374 95.17804 96.524277 97.268486 97.601097 97.58506 97.248375 96.715599 95.549835 93.827835 91.2556 87.759598 83.302505 78.106384 72.30011 66.314316 60.163933 53.982567 47.564285 40.958191 33.97385 26.521564 18.642933 10.396569 4.6191397 -4.7477469 -12.141991 -19.915413 -27.3265 -34.451054 -41.419895 -48.123699 -54.711311 -61.115902 -67.242172 -72.911209 -77.963791 -82.394905 -86.155418 -89.392296 -92.046097 -94.376045 -96.262543 -97.650696 -98.475433 -98.777481 -98.205338 -96.823494 -94.683014 -91.832268 -88.393425 -84.502739 -80.204422 -75.68576 -70.708763 -65.45652 -59.73531 -53.549335 -46.77327 -39.717121 -32.210487 -24.494989 -16.54834 -8.7131996
0.99703062 7.5042572 15.905177 24.241037 32.186237 39.791218 46.878017 53.406647 59.57386 65.305283 70.932915 76.18309 81.305359 85.908485 89.866684 92.985374 95.17804 96.524277 97.268486 97.601097 97.58506 97.248375 96.715599 95.549835 93.827835 91.2556 87.759598 83.302505 78.106384 72.30011 66.314316 60.163933 53.982567 47.564285 40.958191 33.97385 26.521564 18.642933 10.396569 4.6191397 -4.7477469 -12.141991 -19.915413 -27.3265 -34.451054 -41.419895 -48.123699 -54.711311 -61.115902 -67.242172 -72.911209 -77.963791 -82.394905 -86.155418 -89.392296 -92.046097 -94.376045 -96.262543 -97.650696 -98.475433 -98.777481 -98.205338 -96.823494 -94.683014 -91.832268 -88.393425 -84.502739 -80.204422 -75.68576 -70.708763 -65.45652 -59.73531 -53.549335 -46.77327 -39.717121 -32.210487 -24.494989 -16.54834 -8.7131996 -2.2479303
7.5042572 15.905177 24.241037 32.186237 39.791218 46.878017 53.406647 59.57386 65.305283 70.932915 76.18309 81.305359 85.908485 89.866684 92.985374 95.17804 96.524277 97.268486 97.601097 97.58506 97.248375 96.715599 95.549835 93.827835 91.2556 87.759598 83.302505 78.106384 72.30011 66.314316 60.163933 53.982567 47.564285 40.958191 33.97385 26.521564 18.642933 10.396569 4.6191397 -4.7477469 -12.141991 -19.915413 -27.3265 -34.451054 -41.419895 -48.123699 -54.711311 -61.115902 -67.242172 -72.911209 -77.963791 -82.394905 -86.155418 -89.392296 -92.046097 -94.376045 -96.262543 -97.650696 -98.475433 -98.777481 -98.205338 -96.823494 -94.683014 -91.832268 -88.393425 -84.502739 -80.204422 -75.68576 -70.708763 -65.45652 -59.73531 -53.549335 -46.77327 -39.717121 -32.210487 -24.494989 -16.54834 -8.7131996 -2.2479303 5.4040132
15.905177 24.241037 32.186237 39.791218 46.878017 53.406647 59.57386 65.305283 70.932915 76.18309 81.305359 85.908485 89.866684 92.985374 95.17804 96.524277 97.268486 97.601097 97.58506 97.248375 96.715599 95.549835 93.827835 91.2556 87.759598 83.302505 78.106384 72.30011 66.314316 60.163933 53.982567 47.564285 40.958191 33.97385 26.521564 18.642933 10.396569 4.6191397 -4.7477469 -12.141991 -19.915413 -27.3265 -34.451054 -41.419895 -48.123699 -54.711311 -61.115902 -67.242172 -72.911209 -77.963791 -82.394905 -86.155418 -89.392296 -92.046097 -94.376045 -96.262543 -97.650696 -98.475433 -98.777481 -98.205338 -96.823494 -94.683014 -91.832268 -88.393425 -84.502739 -80.204422 -75.68576 -70.708763 -65.45652 -59.73531 -53.549335 -46.77327 -39.717121 -32.210487 -24.494989 -16.54834 -8.7131996 -2.2479303 5.4040132 12.076346
24.241037 32.186237 39.791218 46.878017 53.406647 59.57386 65.305283 70.932915 76.18309 81.305359 85.908485 89.866684 92.985374 95.17804 96.524277 97.268486 97.601097 97.58506 97.248375 96.715599 95.549835 93.827835 91.2556 87.759598 83.302505 78.106384 72.30011 66.314316 60.163933 53.982567 47.564285 40.958191 33.97385 26.521564 18.642933 10.396569 4.6191397 -4.7477469 -12.141991 -19.915413 -27.3265 -34.451054 -41.419895 -48.123699 -54.711311 -61.115902 -67.242172 -72.911209 -77.963791 -82.394905 -86.155418 -89.392296 -92.046097 -94.376045 -96.262543 -97.650696 -98.475433 -98.777481 -98.205338 -96.823494 -94.683014 -91.832268 -88.393425 -84.502739 -80.204422 -75.68576 -70.708763 -65.45652 -59.73531 -53.549335 -46.77327 -39.717121 -32.210487 -24.494989 -16.54834 -8.7131996 -2.2479303 5.4040132 12.076346 19.814882
32.186237 39.791218 46.878017 53.406647 59.57386 65.305283 70.932915 76.18309 81.305359 85.908485 89.866684 92.985374 95.17804 96.524277 97.268486 97.601097 97.58506 97.248375 96.715599 95.549835 93.827835 91.2556 87.759598 83.302505 78.106384 72.30011 66.314316 60.163933 53.982567 47.564285 40.958191 33.97385 26.521564 18.642933 10.396569 4.6191397 -4.7477469 -12.141991 -19.915413 -27.3265 -34.451054 -41.419895 -48.123699 -54.711311 -61.115902 -67.242172 -72.911209 -77.963791 -82.394905 -86.155418 -89.392296 -92.046097 -94.376045 -96.262543 -97.650696 -98.475433 -98.777481 -98.205338 -96.823494 -94.683014 -91.832268 -88.393425 -84.502739 -80.204422 -75.68576 -70.708763 -65.45652 -59.73531 -53.549335 -46.77327 -39.717121 -32.210487 -24.494989 -16.54834 -8.7131996 -2.2479303 5.4040132 12.076346 19.814882 27.426722
39.791218 46.878017 53.406647 59.57386 65.305283 70.932915 76.18309 81.305359 85.908485 89.866684 92.985374 95.17804 96.524277 97.268486 97.601097 97.58506 97.248375 96.715599 95.549835 93.827835 91.2556 87.759598 83.302505 78.106384 72.30011 66.314316 60.163933 53.982567 47.564285 40.958191 33.97385 26.521564 18.642933 10.396569 4.6191397 -4.7477469 -12.141991 -19.915413 -27.3265 -34.451054 -41.419895 -48.123699 -54.711311 -61.115902 -67.242172 -72.911209 -77.963791 -82.394905 -86.155418 -89.392296 -92.046097 -94.376045 -96.262543 -97.650696 -98.475433 -98.777481 -98.205338 -96.823494 -94.683014 -91.832268 -88.393425 -84.502739 -80.204422 -75.68576 -70.708763 -65.45652 -59.73531 -53.549335 -46.77327 -39.717121 -32.210487 -24.494989 -16.54834 -8.7131996 -2.2479303 5.4040132 12.076346 19.814882 27.426722 34.941185
46.878017 53.406647 59.57386 65.305283 70.932915 76.18309 81.305359 85.908485 89.866684 92.985374 95.17804 96.524277 97.268486 97.601097 97.58506 97.248375 96.715599 95.549835 93.827835 91.2556 87.759598 83.302505 78.106384 72.30011 66.314316 60.163933 53.982567 47.564285 40.958191 33.97385 26.521564 18.642933 10.396569 4.6191397 -4.7477469 -12.141991 -19.915413 -27.3265 -34.451054 -41.419895 -48.123699 -54.711311 -61.115902 -67.242172 -72.911209 -77.963791 -82.394905 -86.155418 -89.392296 -92.046097 -94.376045 -96.262543 -97.650696 -98.475433 -98.777481 -98.205338 -96.823494 -94.683014 -91.832268 -88.393425 -84.502739 -80.204422 -75.68576 -70.708763 -65.45652 -59.73531 -53.549335 -46.77327 -39.717121 -32.210487 -24.494989 -16.54834 -8.7131996 -2.2479303 5.4040132 12.076346 19.814882 27.426722 34.941185 42.177284
53.406647 59.57386 65.305283 70.932915 76.18309 81.305359 85.908485 89.866684 92.985374 95.17804 96.524277 97.268486 97.601097 97.58506 97.248375 96.715599 95.549835 93.827835 91.2556 87.759598 83.302505 78.106384 72.30011 66.314316 60.163933 53.982567 47.564285 40.958191 33.97385 26.521564 18.642933 10.396569 4.6191397 -4.7477469 -12.141991 -19.915413 -27.3265 -34.451054 -41.419895 -48.123699 -54.711311 -61.115902 -67.242172 -72.911209 -77.963791 -82.394905 -86.155418 -89.392296 -92.046097 -94.376045 -96.262543 -97.650696 -98.475433 -98.777481 -98.205338 -96.823494 -94.683014 -91.832268 -88.393425 -84.502739 -80.204422 -75.68576 -70.708763 -65.45652 -59.73531 -53.549335 -46.77327 -39.717121 -32.210487 -24.494989 -16.54834 -8.7131996 -2.2479303 5.4040132 12.076346 19.814882 27.426722 34.941185 42.177284 49.109264
59.57386 65.305283 70.932915 76.18309 81.305359 85.908485 89.866684 92.985374 95.17804 96.524277 97.268486 97.601097 97.58506 97.248375 96.715599 95.549835 93.827835 91.2556 87.759598 83.302505 78.106384 72.30011 66.314316 60.163933 53.982567 47.564285 40.958191 33.97385 26.521564 18.642933 10.396569 4.6191397 -4.7477469 -12.141991 -19.915413 -27.3265 -34.451054 -41.419895 -48.123699 -54.711311 -61.115902 -67.242172 -72.911209 -77.963791 -82.394905 -86.155418 -89.392296 -92.046097 -94.376045 -96.262543 -97.650696 -98.475433 -98.777481 -98.205338 -96.823494 -94.683014 -91.832268 -88.393425 -84.502739 -80.204422 -75.68576 -70.708763 -65.45652 -59.73531 -53.549335 -46.77327 -39.717121 -32.210487 -24.494989 -16.54834 -8.7131996 -2.2479303 5.4040132 12.076346 19.814882 27.426722 34.941185 42.177284 49.109264 55.677555
65.305283 70.932915 76.18309 81.305359 85.908485 89.866684 92.985374 95.17804 96.524277 97.268486 97.601097 97.58506 97.248375 96.715599 95.549835 93.827835 91.2556 87.759598 83.302505 78.106384 72.30011 66.314316 60.163933 53.982567 47.564285 40.958191 33.97385 26.521564 18.642933 10.396569 4.6191397 -4.7477469 -12.141991 -19.915413 -27.3265 -34.451054 -41.419895 -48.123699 -54.711311 -61.115902 -67.242172 -72.911209 -77.963791 -82.394905 -86.155418 -89.392296 -92.046097 -94.376045 -96.262543 -97.650696 -98.475433 -98.777481 -98.205338 -96.823494 -94.683014 -91.832268 -88.393425 -84.502739 -80.204422 -75.68576 -70.708763 -65.45652 -59.73531 -53.549335 -46.77327 -39.717121 -32.210487 -24.494989 -16.54834 -8.7131996 -2.2479303 5.4040132 12.076346 19.814882 27.426722 34.941185 42.177284 49.109264 55.677555 61.835438
70.932915 76.18309 81.305359 85.908485 89.866684 92.985374 95.17804 96.524277 97.268486 97.601097 97.58506 97.248375 96.715599 95.549835 93.827835 91.2556 87.759598 83.302505 78.106384 72.30011 66.314316 60.163933 53.982567 47.564285 40.958191 33.97385 26.521564 18.642933 10.396569 4.6191397 -4.7477469 -12.141991 -19.915413 -27.3265 -34.451054 -41.419895 -48.123699 -54.711311 -61.115902 -67.242172 -72.911209 -77.963791 -82.394905 -86.155418 -89.392296 -92.046097 -94.376045 -96.262543 -97.650696 -98.475433 -98.777481 -98.205338 -96.823494 -94.683014 -91.832268 -88.393425 -84.502739 -80.204422 -75.68576 -70.708763 -65.45652 -59.73531 -53.549335 -46.77327 -39.717121 -32.210487 -24.494989 -16.54834 -8.7131996 -2.2479303 5.4040132 12.076346 19.814882 27.426722 34.941185 42.177284 49.109264 55.677555 61.835438 67.519867
76.18309 81.305359 85.908485 89.866684 92.985374 95.17804 96.524277 97.268486 97.601097 97.58506 97.248375 96.715599 95.549835 93.827835 91.2556 87.759598 83.302505 78.106384 72.30011 66.314316 60.163933 53.982567 47.564285 40.958191 33.97385 26.521564 18.642933 10.396569 4.6191397 -4.7477469 -12.141991 -19.915413 -27.3265 -34.451054 -41.419895 -48.123699 -54.711311 -61.115902 -67.242172 -72.911209 -77.963791 -82.394905 -86.155418 -89.392296 -92.046097 -94.376045 -96.262543 -97.650696 -98.475433 -98.777481 -98.205338 -96.823494 -94.683014 -91.832268 -88.393425 -84.502739 -80.204422 -75.68576 -70.708763 -65.45652 -59.73531 -53.549335 -46.77327 -39.717121 -32.210487 -24.494989 -16.54834 -8.7131996 -2.2479303 5.4040132 12.076346 19.814882 27.426722 34.941185 42.177284 49.109264 55.677555 61.835438 67.519867 72.764412
81.305359 85.908485 89.866684 92.985374 95.17804 96.524277 97.268486 97.601097 97.58506 97.248375 96.715599 95.549835 93.827835 91.2556 87.759598 83.302505 78.106384 72.30011 66.314316 60.163933 53.982567 47.564285 40.958191 33.97385 26.521564 18.642933 10.396569 4.6191397 -4.7477469 -12.141991 -19.915413 -27.3265 -34.451054 -41.419895 -48.123699 -54.711311 -61.115902 -67.242172 -72.911209 -77.963791 -82.394905 -86.155418 -89.392296 -92.046097 -94.376045 -96.262543 -97.650696 -98.475433 -98.777481 -98.205338 -96.823494 -94.683014 -91.832268 -88.393425 -84.502739 -80.204422 -75.68576 -70.708763 -65.45652 -59.73531 -53.549335 -46.77327 -39.717121 -32.210487 -24.494989 -16.54834 -8.7131996 -2.2479303 5.4040132 12.076346 19.814882 27.426722 34.941185 42.177284 49.109264 55.677555 61.835438 67.519867 72.764412 77.642281
85.908485 89.866684 92.985374 95.17804 96.524277 97.268486 97.601097 97.58506 97.248375 96.715599 95.549835 93.827835 91.2556 87.759598 83.302505 78.106384 72.30011 66.314316 60.163933 53.982567 47.564285 40.958191 33.97385 26.521564 18.642933 10.396569 4.6191397 -4.7477469 -12.141991 -19.915413 -27.3265 -34.451054 -41.419895 -48.123699 -54.711311 -61.115902 -67.242172 -72.911209 -77.963791 -82.394905 -86.155418 -89.392296 -92.046097 -94.376045 -96.262543 -97.650696 -98.475433 -98.777481 -98.205338 -96.823494 -94.683014 -91.832268 -88.393425 -84.502739 -80.204422 -75.68576 -70.708763 -65.45652 -59.73531 -53.549335 -46.77327 -39.717121 -32.210487 -24.494989 -16.54834 -8.7131996 -2.2479303 5.4040132 12.076346 19.814882 27.426722 34.941185 42.177284 49.109264 55.677555 61.835438 67.519867 72.764412 77.642281 82.150597
89.866684 92.985374 95.17804 96.524277 97.268486 97.601097 97.58506 97.248375 96.715599 95.549835 93.827835 91.2556 87.759598 83.302505 78.106384 72.30011 66.314316 60.163933 53.982567 47.564285 40.958191 33.97385 26.521564 18.642933 10.396569 4.6191397 -4.7477469 -12.141991 -19.915413 -27.3265 -34.451054 -41.419895 -48.123699 -54.711311 -61.115902 -67.242172 -72.911209 -77.963791 -82.394905 -86.155418 -89.392296 -92.046097 -94.376045 -96.262543 -97.650696 -98.475433 -98.777481 -98.205338 -96.823494 -94.683014 -91.832268 -88.393425 -84.502739 -80.204422 -75.68576 -70.708763 -65.45652 -59.73531 -53.549335 -46.77327 -39.717121 -32.210487 -24.494989 -16.54834 -8.7131996 -2.2479303 5.4040132 12.076346 19.814882 27.426722 34.941185 42.177284 49.109264 55.677555 61.835438 67.519867 72.764412 77.642281 82.150597 86.146263
92.985374 95.17804 96.524277 97.268486 97.601097 97.58506 97.248375 96.715599 95.549835 93.827835 91.2556 87.759598 83.302505 78.106384 72.30011 66.314316 60.163933 53.982567 47.564285 40.958191 33.97385 26.521564 18.642933 10.396569 4.6191397 -4.7477469 -12.141991 -19.915413 -27.3265 -34.451054 -41.419895 -48.123699 -54.711311 -61.115902 -67.242172 -72.911209 -77.963791 -82.394905 -86.155418 -89.392296 -92.046097 -94.376045 -96.262543 -97.650696 -98.475433 -98.777481 -98.205338 -96.823494 -94.683014 -91.832268 -88.393425 -84.502739 -80.204422 -75.68576 -70.708763 -65.45652 -59.73531 -53.549335 -46.77327 -39.717121 -32.210487 -24.494989 -16.54834 -8.7131996 -2.2479303 5.4040132 12.076346 19.814882 27.426722 34.941185 42.177284 49.109264 55.677555 61.835438 67.519867 72.764412 77.642281 82.150597 86.146263 89.71257
95.17804 96.524277 97.268486 97.601097 97.58506 97.248375 96.715599 95.549835 93.827835 91.2556 87.759598 83.302505 78.106384 72.30011 66.314316 60.163933 53.982567 47.564285 40.958191 33.97385 26.521564 18.642933 10.396569 4.6191397 -4.7477469 -12.141991 -19.915413 -27.3265 -34.451054 -41.419895 -48.123699 -54.711311 -61.115902 -67.242172 -72.911209 -77.963791 -82.394905 -86.155418 -89.392296 -92.046097 -94.376045 -96.262543 -97.650696 -98.475433 -98.777481 -98.205338 -96.823494 -94.683014 -91.832268 -88.393425 -84.502739 -80.204422 -75.68576 -70.708763 -65.45652 -59.73531 -53.549335 -46.77327 -39.717121 -32.210487 -24.494989 -16.54834 -8.7131996 -2.2479303 5.4040132 12.076346 19.814882 27.426722 34.941185 42.177284 49.109264 55.677555 61.835438 67.519867 72.764412 77.642281 82.150597 86.146263 89.71257 92.78289
96.524277 97.268486 97.601097 97.58506 97.248375 96.715599 95.549835 93.827835 91.2556 87.759598 83.302505 78.106384 72.30011 66.314316 60.163933 53.982567 47.564285 40.958191 33.97385 26.521564 18.642933 10.396569 4.6191397 -4.7477469 -12.141991 -19.915413 -27.3265 -34.451054 -41.419895 -48.123699 -54.711311 -61.115902 -67.242172 -72.911209 -77.963791 -82.394905 -86.155418 -89.392296 -92.046097 -94.376045 -96.262543 -97.650696 -98.475433 -98.777481 -98.205338 -96.823494 -94.683014 -91.832268 -88.393425 -84.502739 -80.204422 -75.68576 -70.708763 -65.45652 -59.73531 -53.549335 -46.77327 -39.717121 -32.210487 -24.494989 -16.54834 -8.7131996 -2.2479303 5.4040132 12.076346 19.814882 27.426722 34.941185 42.177284 49.109264 55.677555 61.835438 67.519867 72.764412 77.642281 82.150597 86.146263 89.71257 92.78289 95.148865
97.268486 97.601097 97.58506 97.248375 96.715599 95.549835 93.827835 91.2556 87.759598 83.302505 78.106384 72.30011 66.314316 60.163933 53.982567 47.564285 40.958191 33.97385 26.521564 18.642933 10.396569 4.6191397 -4.7477469 -12.141991 -19.915413 -27.3265 -34.451054 -41.419895 -48.123699 -54.711311 -61.115902 -67.242172 -72.911209 -77.963791 -82.394905 -86.155418 -89.392296 -92.046097 -94.376045 -96.262543 -97.650696 -98.475433 -98.777481 -98.205338 -96.823494 -94.683014 -91.832268 -88.393425 -84.502739 -80.204422 -75.68576 -70.708763 -65.45652 -59.73531 -53.549335 -46.77327 -39.717121 -32.210487 -24.494989 -16.54834 -8.7131996 -2.2479303 5.4040132 12.076346 19.814882 27.426722 34.941185 42.177284 49.109264 55.677555 61.835438 67.519867 72.764412 77.642281 82.150597 86.146263 89.71257 92.78289 95.148865 96.937149
97.601097 97.58506 97.248375 96.715599 95.549835 93.827835 91.2556 87.759598 83.302505 78.106384 72.30011 66.314316 60.163933 53.982567 47.564285 40.958191 33.97385 26.521564 18.642933 10.396569 4.6191397 -4.7477469 -12.141991 -19.915413 -27.3265 -34.451054 -41.419895 -48.123699 -54.711311 -61.115902 -67.242172 -72.911209 -77.963791 -82.394905 -86.155418 -89.392296 -92.046097 -94.376045 -96.262543 -97.650696 -98.475433 -98.777481 -98.205338 -96.823494 -94.683014 -91.832268 -88.393425 -84.502739 -80.204422 -75.68576 -70.708763 -65.45652 -59.73531 -53.549335 -46.77327 -39.717121 -32.210487 -24.494989 -16.54834 -8.7131996 -2.2479303 5.4040132 12.076346 19.814882 27.426722 34.941185 42.177284 49.109264 55.677555 61.835438 67.519867 72.764412 77.642281 82.150597 86.146263 89.71257 92.78289 95.148865 96.937149 97.898354
97.58506 97.248375 96.715599 95.549835 93.827835 91.2556 87.759598 83.302505 78.106384 72.30011 66.314316 60.163933 53.982567 47.564285 40.958191 33.97385 26.521564 18.642933 10.396569 4.6191397 -4.7477469 -12.141991 -19.915413 -27.3265 -34.451054 -41.419895 -48.123699 -54.711311 -61.115902 -67.242172 -72.911209 -77.963791 -82.394905 -86.155418 -89.392296 -92.046097 -94.376045 -96.262543 -97.650696 -98.475433 -98.777481 -98.205338 -96.823494 -94.683014 -91.832268 -88.393425 -84.502739 -80.204422 -75.68576 -70.708763 -65.45652 -59.73531 -53.549335 -46.77327 -39.717121 -32.210487 -24.494989 -16.54834 -8.7131996 -2.2479303 5.4040132 12.076346 19.814882 27.426722 34.941185 42.177284 49.109264 55.677555 61.835438 67.519867 72.764412 77.642281 82.150597 86.146263 89.71257 92.78289 95.148865 96.937149 97.898354 98.247284
97.248375 96.715599 95.549835 93.827835 91.2556 87.759598 83.302505 78.106384 72.30011 66.314316 60.163933 53.982567 47.564285 40.958191 33.97385 26.521564 18.642933 10.396569 4.6191397 -4.7477469 -12.141991 -19.915413 -27.3265 -34.451054 -41.419895 -48.123699 -54.711311 -61.115902 -67.242172 -72.911209 -77.963791 -82.394905 -86.155418 -89.392296 -92.046097 -94.376045 -96.262543 -97.650696 -98.475433 -98.777481 -98.205338 -96.823494 -94.683014 -91.832268 -88.393425 -84.502739 -80.204422 -75.68576 -70.708763 -65.45652 -59.73531 -53.549335 -46.77327 -39.717121 -32.210487 -24.494989 -16.54834 -8.7131996 -2.2479303 5.4040132 12.076346 19.814882 27.426722 34.941185 42.177284 49.109264 55.677555 61.835438 67.519867 72.764412 77.642281 82.150597 86.146263 89.71257 92.78289 95.148865 96.937149 97.898354 98.247284 97.844337
96.715599 95.549835 93.827835 91.2556 87.759598 83.302505 78.106384 72.30011 66.314316 60.163933 53.982567 47.564285 40.958191 33.97385 26.521564 18.642933 10.396569 4.6191397 -4.7477469 -12.141991 -19.915413 -27.3265 -34.451054 -41.419895 -48.123699 -54.711311 -61.115902 -67.242172 -72.911209 -77.963791 -82.394905 -86.155418 -89.392296 -92.046097 -94.376045 -96.262543 -97.650696 -98.475433 -98.777481 -98.205338 -96.823494 -94.683014 -91.832268 -88.393425 -84.502739 -80.204422 -75.68576 -70.708763 -65.45652 -59.73531 -53.549335 -46.77327 -39.717121 -32.210487 -24.494989 -16.54834 -8.7131996 -2.2479303 5.4040132 12.076346 19.814882 27.426722 34.941185 42.177284 49.109264 55.677555 61.835438 67.519867 72.764412 77.642281 82.150597 86.146263 89.71257 92.78289 95.148865 96.937149 97.898354 98.247284 97.844337 96.82756
95.549835 93.827835 91.2556 87.759598 83.302505 78.106384 72.30011 66.314316 60.163933 53.982567 47.564285 40.958191 33.97385 26.521564 18.642933 10.396569 4.6191397 -4.7477469 -12.141991 -19.915413 -27.3265 -34.451054 -41.419895 -48.123699 -54.711311 -61.115902 -67.242172 -72.911209 -77.963791 -82.394905 -86.155418 -89.392296 -92.046097 -94.376045 -96.262543 -97.650696 -98.475433 -98.777481 -98.205338 -96.823494 -94.683014 -91.832268 -88.393425 -84.502739 -80.204422 -75.68576 -70.708763 -65.45652 -59.73531 -53.549335 -46.77327 -39.717121 -32.210487 -24.494989 -16.54834 -8.7131996 -2.2479303 5.4040132 12.076346 19.814882 27.426722 34.941185 42.177284 49.109264 55.677555 61.835438 67.519867 72.764412 77.642281 82.150597 86.146263 89.71257 92.78289 95.148865 96.937149 97.898354 98.247284 97.844337 96.82756 95.348518
93.827835 91.2556 87.759598 83.302505 78.106384 72.30011 66.314316 60.163933 53.982567 47.564285 40.958191 33.97385 26.521564 18.642933 10.396569 4.6191397 -4.7477469 -12.141991 -19.915413 -27.3265 -34.451054 -41.419895 -48.123699 -54.711311 -61.115902 -67.242172 -72.911209 -77.963791 -82.394905 -86.155418 -89.392296 -92.046097 -94.376045 -96.262543 -97.650696 -98.475433 -98.777481 -98.205338 -96.823494 -94.683014 -91.832268 -88.393425 -84.502739 -80.204422 -75.68576 -70.708763 -65.45652 -59.73531 -53.549335 -46.77327 -39.717121 -32.210487 -24.494989 -16.54834 -8.7131996 -2.2479303 5.4040132 12.076346 19.814882 27.426722 34.941185 42.177284 49.109264 55.677555 61.835438 67.519867 72.764412 77.642281 82.150597 86.146263 89.71257 92.78289 95.148865 96.937149 97.898354 98.247284 97.844337 96.82756 95.348518 93.358154
91.2556 87.759598 83.302505 78.106384 72.30011 66.314316 60.163933 53.982567 47.564285 40.958191 33.97385 26.521564 18.642933 10.396569 4.6191397 -4.7477469 -12.141991 -19.915413 -27.3265 -34.451054 -41.419895 -48.123699 -54.711311 -61.115902 -67.242172 -72.911209 -77.963791 -82.394905 -86.155418 -89.392296 -92.046097 -94.376045 -96.262543 -97.650696 -98.475433 -98.777481 -98.205338 -96.823494 -94.683014 -91.832268 -88.393425 -84.502739 -80.204422 -75.68576 -70.708763 -65.45652 -59.73531 -53.549335 -46.77327 -39.717121 -32.210487 -24.494989 -16.54834 -8.7131996 -2.2479303 5.4040132 12.076346 19.814882 27.426722 34.941185 42.177284 49.109264 55.677555 61.835438 67.519867 72.764412 77.642281 82.150597 86.146263 89.71257 92.78289 95.148865 96.937149 97.898354 98.247284 97.844337 96.82756 95.348518 93.358154 90.851158
87.759598 83.302505 78.106384 72.30011 66.314316 60.163933 53.982567 47.564285 40.958191 33.97385 26.521564 18.642933 10.396569 4.6191397 -4.7477469 -12.141991 -19.915413 -27.3265 -34.451054 -41.419895 -48.123699 -54.711311 -61.115902 -67.242172 -72.911209 -77.963791 -82.394905 -86.155418 -89.392296 -92.046097 -94.376045 -96.262543 -97.650696 -98.475433 -98.777481 -98.205338 -96.823494 -94.683014 -91.832268 -88.393425 -84.502739 -80.204422 -75.68576 -70.708763 -65.45652 -59.73531 -53.549335 -46.77327 -39.717121 -32.210487 -24.494989 -16.54834 -8.7131996 -2.2479303 5.4040132 12.076346 19.814882 27.426722 34.941185 42.177284 49.109264 55.677555 61.835438 67.519867 72.764412 77.642281 82.150597 86.146263 89.71257 92.78289 95.148865 96.937149 97.898354 98.247284 97.844337 96.82756 95.348518 93.358154 90.851158 87.892975
83.302505 78.106384 72.30011 66.314316 60.163933 53.982567 47.564285 40.958191 33.97385 26.521564 18.642933 10.396569 4.6191397 -4.7477469 -12.141991 -19.915413 -27.3265 -34.451054 -41.419895 -48.123699 -54.711311 -61.115902 -67.242172 -72.911209 -77.963791 -82.394905 -86.155418 -89.392296 -92.046097 -94.376045 -96.262543 -97.650696 -98.475433 -98.777481 -98.205338 -96.823494 -94.683014 -91.832268 -88.393425 -84.502739 -80.204422 -75.68576 -70.708763 -65.45652 -59.73531 -53.549335 -46.77327 -39.717121 -32.210487 -24.494989 -16.54834 -8.7131996 -2.2479303 5.4040132 12.076346 19.814882 27.426722 34.941185 42.177284 49.109264 55.677555 61.835438 67.519867 72.764412 77.642281 82.150597 86.146263 89.71257 92.78289 95.148865 96.937149 97.898354 98.247284 97.844337 96.82756 95.348518 93.358154 90.851158 87.892975 84.302788
78.106384 72.30011 66.314316 60.163933 53.982567 47.564285 40.958191 33.97385 26.521564 18.642933 10.396569 4.6191397 -4.7477469 -12.141991 -19.915413 -27.3265 -34.451054 -41.419895 -48.123699 -54.711311 -61.115902 -67.242172 -72.911209 -77.963791 -82.394905 -86.155418 -89.392296 -92.046097 -94.376045 -96.262543 -97.650696 -98.475433 -98.777481 -98.205338 -96.823494 -94.683014 -91.832268 -88.393425 -84.502739 -80.204422 -75.68576 -70.708763 -65.45652 -59.73531 -53.549335 -46.77327 -39.717121 -32.210487 -24.494989 -16.54834 -8.7131996 -2.2479303 5.4040132 12.076346 19.814882 27.426722 34.941185 42.177284 49.109264 55.677555 61.835438 67.519867 72.764412 77.642281 82.150597 86.146263 89.71257 92.78289 95.148865 96.937149 97.898354 98.247284 97.844337 96.82756 95.348518 93.358154 90.851158 87.892975 84.302788 80.200104
72.30011 66.314316 60.163933 53.982567 47.564285 40.958191 33.97385 26.521564 18.642933 10.396569 4.6191397 -4.7477469 -12.141991 -19.915413 -27.3265 -34.451054 -41.419895 -48.123699 -54.711311 -61.115902 -67.242172 -72.911209 -77.963791 -82.394905 -86.155418 -89.392296 -92.046097 -94.376045 -96.262543 -97.650696 -98.475433 -98.777481 -98.205338 -96.823494 -94.683014 -91.832268 -88.393425 -84.502739 -80.204422 -75.68576 -70.708763 -65.45652 -59.73531 -53.549335 -46.77327 -39.717121 -32.210487 -24.494989 -16.54834 -8.7131996 -2.2479303 5.4040132 12.076346 19.814882 27.426722 34.941185 42.177284 49.109264 55.677555 61.835438 67.519867 72.764412 77.642281 82.150597 86.146263 89.71257 92.78289 95.148865 96.937149 97.898354 98.247284 97.844337 96.82756 95.348518 93.358154 90.851158 87.892975 84.302788 80.200104 75.564346
66.314316 60.163933 53.982567 47.564285 40.958191 33.97385 26.521564 18.642933 10.396569 4.6191397 -4.7477469 -12.141991 -19.915413 -27.3265 -34.451054 -41.419895 -48.123699 -54.711311 -61.115902 -67.242172 -72.911209 -77.963791 -82.394905 -86.155418 -89.392296 -92.046097 -94.376045 -96.262543 -97.650696 -98.475433 -98.777481 -98.205338 -96.823494 -94.683014 -91.832268 -88.393425 -84.502739 -80.204422 -75.68576 -70.708763 -65.45652 -59.73531 -53.549335 -46.77327 -39.717121 -32.210487 -24.494989 -16.54834 -8.7131996 -2.2479303 5.4040132 12.076346 19.814882 27.426722 34.941185 42.177284 49.109264 55.677555 61.835438 67.519867 72.764412 77.642281 82.150597 86.146263 89.71257 92.78289 95.148865 96.937149 97.898354 98.247284 97.844337 96.82756 95.348518 93.358154 90.851158 87.892975 84.302788 80.200104 75.564346 70.318451
60.163933 53.982567 47.564285 40.958191 33.97385 26.521564 18.642933 10.396569 4.6191397 -4.7477469 -12.141991 -19.915413 -27.3265 -34.451054 -41.419895 -48.123699 -54.711311 -61.115902 -67.242172 -72.911209 -77.963791 -82.394905 -86.155418 -89.392296 -92.046097 -94.376045 -96.262543 -97.650696 -98.475433 -98.777481 -98.205338 -96.823494 -94.683014 -91.832268 -88.393425 -84.502739 -80.204422 -75.68576 -70.708763 -65.45652 -59.73531 -53.549335 -46.77327 -39.717121 -32.210487 -24.494989 -16.54834 -8.7131996 -2.2479303 5.4040132 12.076346 19.814882 27.426722 34.941185 42.177284 49.109264 55.677555 61.835438 67.519867 72.764412 77.642281 82.150597 86.146263 89.71257 92.78289 95.148865 96.937149 97.898354 98.247284 97.844337 96.82756 95.348518 93.358154 90.851158 87.892975 84.302788 80.200104 75.564346 70.318451 64.557266
53.982567 47.564285 40.958191 33.97385 26.521564 18.642933 10.396569 4.6191397 -4.7477469 -12.141991 -19.915413 -27.3265 -34.451054 -41.419895 -48.123699 -54.711311 -61.115902 -67.242172 -72.911209 -77.963791 -82.394905 -86.155418 -89.392296 -92.046097 -94.376045 -96.262543 -97.650696 -98.475433 -98.777481 -98.205338 -96.823494 -94.683014 -91.832268 -88.393425 -84.502739 -80.204422 -75.68576 -70.708763 -65.45652 -59.73531 -53.549335 -46.77327 -39.717121 -32.210487 -24.494989 -16.54834 -8.7131996 -2.2479303 5.4040132 12.076346 19.814882 27.426722 34.941185 42.177284 49.109264 55.677555 61.835438 67.519867 72.764412 77.642281 82.150597 86.146263 89.71257 92.78289 95.148865 96.937149 97.898354 98.247284 97.844337 96.82756 95.348518 93.358154 90.851158 87.892975 84.302788 80.200104 75.564346 70.318451 64.557266 58.435429
47.564285 40.958191 33.97385 26.521564 18.642933 10.396569 4.6191397 -4.7477469 -12.141991 -19.915413 -27.3265 -34.451054 -41.419895 -48.123699 -54.711311 -61.115902 -67.242172 -72.911209 -77.963791 -82.394905 -86.155418 -89.392296 -92.046097 -94.376045 -96.262543 -97.650696 -98.475433 -98.777481 -98.205338 -96.823494 -94.683014 -91.832268 -88.393425 -84.502739 -80.204422 -75.68576 -70.708763 -65.45652 -59.73531 -53.549335 -46.77327 -39.717121 -32.210487 -24.494989 -16.54834 -8.7131996 -2.2479303 5.4040132 12.076346 19.814882 27.426722 34.941185 42.177284 49.109264 55.677555 61.835438 67.519867 72.764412 77.642281 82.150597 86.146263 89.71257 92.78289 95.148865 96.937149 97.898354 98.247284 97.844337 96.82756 95.348518 93.358154 90.851158 87.892975 84.302788 80.200104 75.564346 70.318451 64.557266 58.435429 51.935551
40.958191 33.97385 26.521564 18.642933 10.396569 4.6191397 -4.7477469 -12.141991 -19.915413 -27.3265 -34.451054 -41.419895 -48.123699 -54.711311 -61.115902 -67.242172 -72.911209 -77.963791 -82.394905 -86.155418 -89.392296 -92.046097 -94.376045 -96.262543 -97.650696 -98.475433 -98.777481 -98.205338 -96.823494 -94.683014 -91.832268 -88.393425 -84.502739 -80.204422 -75.68576 -70.708763 -65.45652 -59.73531 -53.549335 -46.77327 -39.717121 -32.210487 -24.494989 -16.54834 -8.7131996 -2.2479303 5.4040132 12.076346 19.814882 27.426722 34.941185 42.177284 49.109264 55.677555 61.835438 67.519867 72.764412 77.642281 82.150597 86.146263 89.71257 92.78289 95.148865 96.937149 97.898354 98.247284 97.844337 96.82756 95.348518 93.358154 90.851158 87.892975 84.302788 80.200104 75.564346 70.318451 64.557266 58.435429 51.935551 45.183449
33.97385 26.521564 18.642933 10.396569 4.6191397 -4.7477469 -12.141991 -19.915413 -27.3265 -34.451054 -41.419895 -48.123699 -54.711311 -61.115902 -67.242172 -72.911209 -77.963791 -82.394905 -86.155418 -89.392296 -92.046097 -94.376045 -96.262543 -97.650696 -98.475433 -98.777481 -98.205338 -96.823494 -94.683014 -91.832268 -88.393425 -84.502739 -80.204422 -75.68576 -70.708763 -65.45652 -59.73531 -53.549335 -46.77327 -39.717121 -32.210487 -24.494989 -16.54834 -8.7131996 -2.2479303 5.4040132 12.076346 19.814882 27.426722 34.941185 42.177284 49.109264 55.677555 61.835438 67.519867 72.764412 77.642281 82.150597 86.146263 89.71257 92.78289 95.148865 96.937149 97.898354 98.247284 97.844337 96.82756 95.348518 93.358154 90.851158 87.892975 84.302788 80.200104 75.564346 70.318451 64.557266 58.435429 51.935551 45.183449 38.276443
26.521564 18.642933 10.396569 4.6191397 -4.7477469 -12.141991 -19.915413 -27.3265 -34.451054 -41.419895 -48.123699 -54.711311 -61.115902 -67.242172 -72.911209 -77.963791 -82.394905 -86.155418 -89.392296 -92.046097 -94.376045 -96.262543 -97.650696 -98.475433 -98.777481 -98.205338 -96.823494 -94.683014 -91.832268 -88.393425 -84.502739 -80.204422 -75.68576 -70.708763 -65.45652 -59.73531 -53.549335 -46.77327 -39.717121 -32.210487 -24.494989 -16.54834 -8.7131996 -2.2479303 5.4040132 12.076346 19.814882 27.426722 34.941185 42.177284 49.109264 55.677555 61.835438 67.519867 72.764412 77.642281 82.150597 86.146263 89.71257 92.78289 95.148865 96.937149 97.898354 98.247284 97.844337 96.82756 95.348518 93.358154 90.851158 87.892975 84.302788 80.200104 75.564346 70.318451 64.557266 58.435429 51.935551 45.183449 38.276443 31.07674
18.642933 10.396569 4.6191397 -4.7477469 -12.141991 -19.915413 -27.3265 -34.451054 -41.419895 -48.123699 -54.711311 -61.115902 -67.242172 -72.911209 -77.963791 -82.394905 -86.155418 -89.392296 -92.046097 -94.376045 -96.262543 -97.650696 -98.475433 -98.777481 -98.205338 -96.823494 -94.683014 -91.832268 -88.393425 -84.502739 -80.204422 -75.68576 -70.708763 -65.45652 -59.73531 -53.549335 -46.77327 -39.717121 -32.210487 -24.494989 -16.54834 -8.7131996 -2.2479303 5.4040132 12.076346 19.814882 27.426722 34.941185 42.177284 49.109264 55.677555 61.835438 67.519867 72.764412 77.642281 82.150597 86.146263 89.71257 92.78289 95.148865 96.937149 97.898354 98.247284 97.844337 96.82756 95.348518 93.358154 90.851158 87.892975 84.302788 80.200104 75.564346 70.318451 64.557266 58.435429 51.935551 45.183449 38.276443 31.07674 23.68866
10.396569 4.6191397 -4.7477469 -12.141991 -19.915413 -27.3265 -34.451054 -41.419895 -48.123699 -54.711311 -61.115902 -67.242172 -72.911209 -77.963791 -82.394905 -86.155418 -89.392296 -92.046097 -94.376045 -96.262543 -97.650696 -98.475433 -98.777481 -98.205338 -96.823494 -94.683014 -91.832268 -88.393425 -84.502739 -80.204422 -75.68576 -70.708763 -65.45652 -59.73531 -53.549335 -46.77327 -39.717121 -32.210487 -24.494989 -16.54834 -8.7131996 -2.2479303 5.4040132 12.076346 19.814882 27.426722 34.941185 42.177284 49.109264 55.677555 61.835438 67.519867 72.764412 77.642281 82.150597 86.146263 89.71257 92.78289 95.148865 96.937149 97.898354 98.247284 97.844337 96.82756 95.348518 93.358154 90.851158 87.892975 84.302788 80.200104 75.564346 70.318451 64.557266 58.435429 51.935551 45.183449 38.276443 31.07674 23.68866 16.073805
4.6191397 -4.7477469 -12.141991 -19.915413 -27.3265 -34.451054 -41.419895 -48.123699 -54.711311 -61.115902 -67.242172 -72.911209 -77.963791 -82.394905 -86.155418 -89.392296 -92.046097 -94.376045 -96.262543 -97.650696 -98.475433 -98.777481 -98.205338 -96.823494 -94.683014 -91.832268 -88.393425 -84.502739 -80.204422 -75.68576 -70.708763 -65.45652 -59.73531 -53.549335 -46.77327 -39.717121 -32.210487 -24.494989 -16.54834 -8.7131996 -2.2479303 5.4040132 12.076346 19.814882 27.426722 34.941185 42.177284 49.109264 55.677555 61.835438 67.519867 72.764412 77.642281 82.150597 86.146263 89.71257 92.78289 95.148865 96.937149 97.898354 98.247284 97.844337 96.82756 95.348518 93.358154 90.851158 87.892975 84.302788 80.200104 75.564346 70.318451 64.557266 58.435429 51.935551 45.183449 38.276443 31.07674 23.68866 16.073805 8.244216
-4.7477469 -12.141991 -19.915413 -27.3265 -34.451054 -41.419895 -48.123699 -54.711311 -61.115902 -67.242172 -72.911209 -77.963791 -82.394905 -86.155418 -89.392296 -92.046097 -94.376045 -96.262543 -97.650696 -98.475433 -98.777481 -98.205338 -96.823494 -94.683014 -91.832268 -88.393425 -84.502739 -80.204422 -75.68576 -70.708763 -65.45652 -59.73531 -53.549335 -46.77327 -39.717121 -32.210487 -24.494989 -16.54834 -8.7131996 -2.2479303 5.4040132 12.076346 19.814882 27.426722 34.941185 42.177284 49.109264 55.677555 61.835438 67.519867 72.764412 77.642281 82.150597 86.146263 89.71257 92.78289 95.148865 96.937149 97.898354 98.247284 97.844337 96.82756 95.348518 93.358154 90.851158 87.892975 84.302788 80.200104 75.564346 70.318451 64.557266 58.435429 51.935551 45.183449 38.276443 31.07674 23.68866 16.073805 8.244216 2.553932
-12.141991 -19.915413 -27.3265 -34.451054 -41.419895 -48.123699 -54.711311 -61.115902 -67.242172 -72.911209 -77.963791 -82.394905 -86.155418 -89.392296 -92.046097 -94.376045 -96.262543 -97.650696 -98.475433 -98.777481 -98.205338 -96.823494 -94.683014 -91.832268 -88.393425 -84.502739 -80.204422 -75.68576 -70.708763 -65.45652 -59.73531 -53.549335 -46.77327 -39.717121 -32.210487 -24.494989 -16.54834 -8.7131996 -2.2479303 5.4040132 12.076346 19.814882 27.426722 34.941185 42.177284 49.109264 55.677555 61.835438 67.519867 72.764412 77.642281 82.150597 86.146263 89.71257 92.78289 95.148865 96.937149 97.898354 98.247284 97.844337 96.82756 95.348518 93.358154 90.851158 87.892975 84.302788 80.200104 75.564346 70.318451 64.557266 58.435429 51.935551 45.183449 38.276443 31.07674 23.68866 16.073805 8.244216 2.553932 -6.3036871
-19.915413 -27.3265 -34.451054 -41.419895 -48.123699 -54.711311 -61.115902 -67.242172 -72.911209 -77.963791 -82.394905 -86.155418 -89.392296 -92.046097 -94.376045 -96.262543 -97.650696 -98.475433 -98.777481 -98.205338 -96.823494 -94.683014 -91.832268 -88.393425 -84.502739 -80.204422 -75.68576 -70.708763 -65.45652 -59.73531 -53.549335 -46.77327 -39.717121 -32.210487 -24.494989 -16.54834 -8.7131996 -2.2479303 5.4040132 12.076346 19.814882 27.426722 34.941185 42.177284 49.109264 55.677555 61.835438 67.519867 72.764412 77.642281 82.150597 86.146263 89.71257 92.78289 95.148865 96.937149 97.898354 98.247284 97.844337 96.82756 95.348518 93.358154 90.851158 87.892975 84.302788 80.200104 75.564346 70.318451 64.557266 58.435429 51.935551 45.183449 38.276443 31.07674 23.68866 16.073805 8.244216 2.553932 -6.3036871 -13.177543
-27.3265 -34.451054 -41.419895 -48.123699 -54.711311 -61.115902 -67.242172 -72.911209 -77.963791 -82.394905 -86.155418 -89.392296 -92.046097 -94.376045 -96.262543 -97.650696 -98.475433 -98.777481 -98.205338 -96.823494 -94.683014 -91.832268 -88.393425 -84.502739 -80.204422 -75.68576 -70.708763 -65.45652 -59.73531 -53.549335 -46.77327 -39.717121 -32.210487 -24.494989 -16.54834 -8.7131996 -2.2479303 5.4040132 12.076346 19.814882 27.426722 34.941185 42.177284 49.109264 55.677555 61.835438 67.519867 72.764412 77.642281 82.150597 86.146263 89.71257 92.78289 95.148865 96.937149 97.898354 98.247284 97.844337 96.82756 95.348518 93.358154 90.851158 87.892975 84.302788 80.200104 75.564346 70.318451 64.557266 58.435429 51.935551 45.183449 38.276443 31.07674 23.68866 16.073805 8.244216 2.553932 -6.3036871 -13.177543 -20.964722
-34.451054 -41.419895 -48.123699 -54.711311 -61.115902 -67.242172 -72.911209 -77.963791 -82.394905 -86.155418 -89.392296 -92.046097 -94.376045 -96.262543 -97.650696 -98.475433 -98.777481 -98.205338 -96.823494 -94.683014 -91.832268 -88.393425 -84.502739 -80.204422 -75.68576 -70.708763 -65.45652 -59.73531 -53.549335 -46.77327 -39.717121 -32.210487 -24.494989 -16.54834 -8.7131996 -2.2479303 5.4040132 12.076346 19.814882 27.426722 34.941185 42.177284 49.109264 55.677555 61.835438 67.519867 72.764412 77.642281 82.150597 86.146263 89.71257 92.78289 95.148865 96.937149 97.898354 98.247284 97.844337 96.82756 95.348518 93.358154 90.851158 87.892975 84.302788 80.200104 75.564346 70.318451 64.557266 58.435429 51.935551 45.183449 38.276443 31.07674 23.68866 16.073805 8.244216 2.553932 -6.3036871 -13.177543 -20.964722 -28.716885
-41.419895 -48.123699 -54.711311 -61.115902 -67.242172 -72.911209 -77.963791 -82.394905 -86.155418 -89.392296 -92.046097 -94.376045 -96.262543 -97.650696 -98.475433 -98.777481 -98.205338 -96.823494 -94.683014 -91.832268 -88.393425 -84.502739 -80.204422 -75.68576 -70.708763 -65.45652 -59.73531 -53.549335 -46.77327 -39.717121 -32.210487 -24.494989 -16.54834 -8.7131996 -2.2479303 5.4040132 12.076346 19.814882 27.426722 34.941185 42.177284 49.109264 55.677555 61.835438 67.519867 72.764412 77.642281 82.150597 86.146263 89.71257 92.78289 95.148865 96.937149 97.898354 98.247284 97.844337 96.82756 95.348518 93.358154 90.851158 87.892975 84.302788 80.200104 75.564346 70.318451 64.557266 58.435429 51.935551 45.183449 38.276443 31.07674 23.68866 16.073805 8.244216 2.553932 -6.3036871 -13.177543 -20.964722 -28.716885 -35.998886
-48.123699 -54.711311 -61.115902 -67.242172 -72.911209 -77.963791 -82.394905 -86.155418 -89.392296 -92.046097 -94.376045 -96.262543 -97.650696 -98.475433 -98.777481 -98.205338 -96.823494 -94.683014 -91.832268 -88.393425 -84.502739 -80.204422 -75.68576 -70.708763 -65.45652 -59.73531 -53.549335 -46.77327 -39.717121 -32.210487 -24.494989 -16.54834 -8.7131996 -2.2479303 5.4040132 12.076346 19.814882 27.426722 34.941185 42.177284 49.109264 55.677555 61.835438 67.519867 72.764412 77.642281 82.150597 86.146263 89.71257 92.78289 95.148865 96.937149 97.898354 98.247284 97.844337 96.82756 95.348518 93.358154 90.851158 87.892975 84.302788 80.200104 75.564346 70.318451 64.557266 58.435429 51.935551 45.183449 38.276443 31.07674 23.68866 16.073805 8.244216 2.553932 -6.3036871 -13.177543 -20.964722 -28.716885 -35.998886 -43.053844
-54.711311 -61.115902 -67.242172 -72.911209 -77.963791 -82.394905 -86.155418 -89.392296 -92.046097 -94.376045 -96.262543 -97.650696 -98.475433 -98.777481 -98.205338 -96.823494 -94.683014 -91.832268 -88.393425 -84.502739 -80.204422 -75.68576 -70.708763 -65.45652 -59.73531 -53.549335 -46.77327 -39.717121 -32.210487 -24.494989 -16.54834 -8.7131996 -2.2479303 5.4040132 12.076346 19.814882 27.426722 34.941185 42.177284 49.109264 55.677555 61.835438 67.519867 72.764412 77.642281 82.150597 86.146263 89.71257 92.78289 95.148865 96.937149 97.898354 98.247284 97.844337 96.82756 95.348518 93.358154 90.851158 87.892975 84.302788 80.200104 75.564346 70.318451 64.557266 58.435429 51.935551 45.183449 38.276443 31.07674 23.68866 16.073805 8.244216 2.553932 -6.3036871 -13.177543 -20.964722 -28.716885 -35.998886 -43.053844 -49.775162
-61.115902 -67.242172 -72.911209 -77.963791 -82.394905 -86.155418 -89.392296 -92.046097 -94.376045 -96.262543 -97.650696 -98.475433 -98.777481 -98.205338 -96.823494 -94.683014 -91.832268 -88.393425 -84.502739 -80.204422 -75.68576 -70.708763 -65.45652 -59.73531 -53.549335 -46.77327 -39.717121 -32.210487 -24.494989 -16.54834 -8.7131996 -2.2479303 5.4040132 12.076346 19.814882 27.426722 34.941185 42.177284 49.109264 55.677555 61.835438 67.519867 72.764412 77.642281 82.150597 86.146263 89.71257 92.78289 95.148865 96.937149 97.898354 98.247284 97.844337 96.82756 95.348518 93.358154 90.851158 87.892975 84.302788 80.200104 75.564346 70.318451 64.557266 58.435429 51.935551 45.183449 38.276443 31.07674 23.68866 16.073805 8.244216 2.553932 -6.3036871 -13.177543 -20.964722 -28.716885 -35.998886 -43.053844 -49.775162 -56.165516
-67.242172 -72.911209 -77.963791 -82.394905 -86.155418 -89.392296 -92.046097 -94.376045 -96.262543 -97.650696 -98.475433 -98.777481 -98.205338 -96.823494 -94.683014 -91.832268 -88.393425 -84.502739 -80.204422 -75.68576 -70.708763 -65.45652 -59.73531 -53.549335 -46.77327 -39.717121 -32.210487 -24.494989 -16.54834 -8.7131996 -2.2479303 5.4040132 12.076346 19.814882 27.426722 34.941185 42.177284 49.109264 55.677555 61.835438 67.519867 72.764412 77.642281 82.150597 86.146263 89.71257 92.78289 95.148865 96.937149 97.898354 98.247284 97.844337 96.82756 95.348518 93.358154 90.851158 87.892975 84.302788 80.200104 75.564346 70.318451 64.557266 58.435429 51.935551 45.183449 38.276443 31.07674 23.68866 16.073805 8.244216 2.553932 -6.3036871 -13.177543 -20.964722 -28.716885 -35.998886 -43.053844 -49.775162 -56.165516 -62.159691
-72.911209 -77.963791 -82.394905 -86.155418 -89.392296 -92.046097 -94.376045 -96.262543 -97.650696 -98.475433 -98.777481 -98.205338 -96.823494 -94.683014 -91.832268 -88.393425 -84.502739 -80.204422 -75.68576 -70.708763 -65.45652 -59.73531 -53.549335 -46.77327 -39.717121 -32.210487 -24.494989 -16.54834 -8.7131996 -2.2479303 5.4040132 12.076346 19.814882 27.426722 34.941185 42.177284 49.109264 55.677555 61.835438 67.519867 72.764412 77.642281 82.150597 86.146263 89.71257 92.78289 95.148865 96.937149 97.898354 98.247284 97.844337 96.82756 95.348518 93.358154 90.851158 87.892975 84.302788 80.200104 75.564346 70.318451 64.557266 58.435429 51.935551 45.183449 38.276443 31.07674 23.68866 16.073805 8.244216 2.553932 -6.3036871 -13.177543 -20.964722 -28.716885 -35.998886 -43.053844 -49.775162 -56.165516 -62.159691 -67.927002
-77.963791 -82.394905 -86.155418 -89.392296 -92.046097 -94.376045 -96.262543 -97.650696 -98.475433 -98.777481 -98.205338 -96.823494 -94.683014 -91.832268 -88.393425 -84.502739 -80.204422 -75.68576 -70.708763 -65.45652 -59.73531 -53.549335 -46.77327 -39.717121 -32.210487 -24.494989 -16.54834 -8.7131996 -2.2479303 5.4040132 12.076346 19.814882 27.426722 34.941185 42.177284 49.109264 55.677555 61.835438 67.519867 72.764412 77.642281 82.150597 86.146263 89.71257 92.78289 95.148865 96.937149 97.898354 98.247284 97.844337 96.82756 95.348518 93.358154 90.851158 87.892975 84.302788 80.200104 75.564346 70.318451 64.557266 58.435429 51.935551 45.183449 38.276443 31.07674 23.68866 16.073805 8.244216 2.553932 -6.3036871 -13.177543 -20.964722 -28.716885 -35.998886 -43.053844 -49.775162 -56.165516 -62.159691 -67.927002 -73.39106
-82.394905 -86.155418 -89.392296 -92.046097 -94.376045 -96.262543 -97.650696 -98.475433 -98.777481 -98.205338 -96.823494 -94.683014 -91.832268 -88.393425 -84.502739 -80.204422 -75.68576 -70.708763 -65.45652 -59.73531 -53.549335 -46.77327 -39.717121 -32.210487 -24.494989 -16.54834 -8.7131996 -2.2479303 5.4040132 12.076346 19.814882 27.426722 34.941185 42.177284 49.109264 55.677555 61.835438 67.519867 72.764412 77.642281 82.150597 86.146263 89.71257 92.78289 95.148865 96.937149 97.898354 98.247284 97.844337 96.82756 95.348518 93.358154 90.851158 87.892975 84.302788 80.200104 75.564346 70.318451 64.557266 58.435429 51.935551 45.183449 38.276443 31.07674 23.68866 16.073805 8.244216 2.553932 -6.3036871 -13.177543 -20.964722 -28.716885 -35.998886 -43.053844 -49.775162 -56.165516 -62.159691 -67.927002 -73.39106 -78.40136
-86.155418 -89.392296 -92.046097 -94.376045 -96.262543 -97.650696 -98.475433 -98.777481 -98.205338 -96.823494 -94.683014 -91.832268 -88.393425 -84.502739 -80.204422 -75.68576 -70.708763 -65.45652 -59.73531 -53.549335 -46.77327 -39.717121 -32.210487 -24.494989 -16.54834 -8.7131996 -2.2479303 5.4040132 12.076346 19.814882 27.426722 34.941185 42.177284 49.109264 55.677555 61.835438 67.519867 72.764412 77.642281 82.150597 86.146263 89.71257 92.78289 95.148865 96.937149 97.898354 98.247284 97.844337 96.82756 95.348518 93.358154 90.851158 87.892975 84.302788 80.200104 75.564346 70.318451 64.557266 58.435429 51.935551 45.183449 38.276443 31.07674 23.68866 16.073805 8.244216 2.553932 -6.3036871 -13.177543 -20.964722 -28.716885 -35.998886 -43.053844 -49.775162 -56.165516 -62.159691 -67.927002 -73.39106 -78.40136 -82.932632
-89.392296 -92.046097 -94.376045 -96.262543 -97.650696 -98.475433 -98.777481 -98.205338 -96.823494 -94.683014 -91.832268 -88.393425 -84.502739 -80.204422 -75.68576 -70.708763 -65.45652 -59.73531 -53.549335 -46.77327 -39.717121 -32.210487 -24.494989 -16.54834 -8.7131996 -2.2479303 5.4040132 12.076346 19.814882 27.426722 34.941185 42.177284 49.109264 55.677555 61.835438 67.519867 72.764412 77.642281 82.150597 86.146263 89.71257 92.78289 95.148865 96.937149 97.898354 98.247284 97.844337 96.82756 95.348518 93.358154 90.851158 87.892975 84.302788 80.200104 75.564346 70.318451 64.557266 58.435429 51.935551 45.183449 38.276443 31.07674 23.68866 16.073805 8.244216 2.553932 -6.3036871 -13.177543 -20.964722 -28.716885 -35.998886 -43.053844 -49.775162 -56.165516 -62.159691 -67.927002 -73.39106 -78.40136 -82.932632 -86.828758
-92.046097 -94.376045 -96.262543 -97.650696 -98.475433 -98.777481 -98.205338 -96.823494 -94.683014 -91.832268 -88.393425 -84.502739 -80.204422 -75.68576 -70.708763 -65.45652 -59.73531 -53.549335 -46.77327 -39.717121 -32.210487 -24.494989 -16.54834 -8.7131996 -2.2479303 5.4040132 12.076346 19.814882 27.426722 34.941185 42.177284 49.109264 55.677555 61.835438 67.519867 72.764412 77.642281 82.150597 86.146263 89.71257 92.78289 95.148865 96.937149 97.898354 98.247284 97.844337 96.82756 95.348518 93.358154 90.851158 87.892975 84.302788 80.200104 75.564346 70.318451 64.557266 58.435429 51.935551 45.183449 38.276443 31.07674 23.68866 16.073805 8.244216 2.553932 -6.3036871 -13.177543 -20.964722 -28.716885 -35.998886 -43.053844 -49.775162 -56.165516 -62.159691 -67.927002 -73.39106 -78.40136 -82.932632 -86.828758 -90.169044
-94.376045 -96.262543 -97.650696 -98.475433 -98.777481 -98.205338 -96.823494 -94.683014 -91.832268 -88.393425 -84.502739 -80.204422 -75.68576 -70.708763 -65.45652 -59.73531 -53.549335 -46.77327 -39.717121 -32.210487 -24.494989 -16.54834 -8.7131996 -2.2479303 5.4040132 12.076346 19.814882 27.426722 34.941185 42.177284 49.109264 55.677555 61.835438 67.519867 72.764412 77.642281 82.150597 86.146263 89.71257 92.78289 95.148865 96.937149 97.898354 98.247284 97.844337 96.82756 95.348518 93.358154 90.851158 87.892975 84.302788 80.200104 75.564346 70.318451 64.557266 58.435429 51.935551 45.183449 38.276443 31.07674 23.68866 16.073805 8.244216 2.553932 -6.3036871 -13.177543 -20.964722 -28.716885 -35.998886 -43.053844 -49.775162 -56.165516 -62.159691 -67.927002 -73.39106 -78.40136 -82.932632 -86.828758 -90.169044 -92.768394
-96.262543 -97.650696 -98.475433 -98.777481 -98.205338 -96.823494 -94.683014 -91.832268 -88.393425 -84.502739 -80.204422 -75.68576 -70.708763 -65.45652 -59.73531 -53.549335 -46.77327 -39.717121 -32.210487 -24.494989 -16.54834 -8.7131996 -2.2479303 5.4040132 12.076346 19.814882 27.426722 34.941185 42.177284 49.109264 55.677555 61.835438 67.519867 72.764412 77.642281 82.150597 86.146263 89.71257 92.78289 95.148865 96.937149 97.898354 98.247284 97.844337 96.82756 95.348518 93.358154 90.851158 87.892975 84.302788 80.200104 75.564346 70.318451 64.557266 58.435429 51.935551 45.183449 38.276443 31.07674 23.68866 16.073805 8.244216 2.553932 -6.3036871 -13.177543 -20.964722 -28.716885 -35.998886 -43.053844 -49.775162 -56.165516 -62.159691 -67.927002 -73.39106 -78.40136 -82.932632 -86.828758 -90.169044 -92.768394 -94.848473
-97.650696 -98.475433 -98.777481 -98.205338 -96.823494 -94.683014 -91.832268 -88.393425 -84.502739 -80.204422 -75.68576 -70.708763 -65.45652 -59.73531 -53.549335 -46.77327 -39.717121 -32.210487 -24.494989 -16.54834 -8.7131996 -2.2479303 5.4040132 12.076346 19.814882 27.426722 34.941185 42.177284 49.109264 55.677555 61.835438 67.519867 72.764412 77.642281 82.150597 86.146263 89.71257 92.78289 95.148865 96.937149 97.898354 98.247284 97.844337 96.82756 95.348518 93.358154 90.851158 87.892975 84.302788 80.200104 75.564346 70.318451 64.557266 58.435429 51.935551 45.183449 38.276443 31.07674 23.68866 16.073805 8.244216 2.553932 -6.3036871 -13.177543 -20.964722 -28.716885 -35.998886 -43.053844 -49.775162 -56.165516 -62.159691 -67.927002 -73.39106 -78.40136 -82.932632 -86.828758 -90.169044 -92.768394 -94.848473 -96.366837
-98.475433 -98.777481 -98.205338 -96.823494 -94.683014 -91.832268 -88.393425 -84.502739 -80.204422 -75.68576 -70.708763 -65.45652 -59.73531 -53.549335 -46.77327 -39.717121 -32.210487 -24.494989 -16.54834 -8.7131996 -2.2479303 5.4040132 12.076346 19.814882 27.426722 34.941185 42.177284 49.109264 55.677555 61.835438 67.519867 72.764412 77.642281 82.150597 86.146263 89.71257 92.78289 95.148865 96.937149 97.898354 98.247284 97.844337 96.82756 95.348518 93.358154 90.851158 87.892975 84.302788 80.200104 75.564346 70.318451 64.557266 58.435429 51.935551 45.183449 38.276443 31.07674 23.68866 16.073805 8.244216 2.553932 -6.3036871 -13.177543 -20.964722 -28.716885 -35.998886 -43.053844 -49.775162 -56.165516 -62.159691 -67.927002 -73.39106 -78.40136 -82.932632 -86.828758 -90.169044 -92.768394 -94.848473 -96.366837 -97.192009
-98.777481 -98.205338 -96.823494 -94.683014 -91.832268 -88.393425 -84.502739 -80.204422 -75.68576 -70.708763 -65.45652 -59.73531 -53.549335 -46.77327 -39.717121 -32.210487 -24.494989 -16.54834 -8.7131996 -2.2479303 5.4040132 12.076346 19.814882 27.426722 34.941185 42.177284 49.109264 55.677555 61.835438 67.519867 72.764412 77.642281 82.150597 86.146263 89.71257 92.78289 95.148865 96.937149 97.898354 98.247284 97.844337 96.82756 95.348518 93.358154 90.851158 87.892975 84.302788 80.200104 75.564346 70.318451 64.557266 58.435429 51.935551 45.183449 38.276443 31.07674 23.68866 16.073805 8.244216 2.553932 -6.3036871 -13.177543 -20.964722 -28.716885 -35.998886 -43.053844 -49.775162 -56.165516 -62.159691 -67.927002 -73.39106 -78.40136 -82.932632 -86.828758 -90.169044 -92.768394 -94.848473 -96.366837 -97.192009 -97.607933
-98.205338 -96.823494 -94.683014 -91.832268 -88.393425 -84.502739 -80.204422 -75.68576 -70.708763 -65.45652 -59.735306 -53.549332 -46.77327 -39.717121 -32.210487 -24.494989 -16.54834 -8.7131996 -2.2479303 5.4040132 12.076346 19.814882 27.426723 34.941185 42.177284 49.109264 55.677555 61.835438 67.519867 72.764412 77.642281 82.150597 86.146263 89.71257 92.78289 95.148865 96.937149 97.898354 98.247284 97.844337 96.82756 95.348518 93.358154 90.851158 87.892975 84.302788 80.200104 75.564346 70.318451 64.557266 58.435429 51.935551 45.183449 38.276443 31.07674 23.68866 16.073805 8.244216 2.553932 -6.3036876 -13.177543 -20.964722 -28.716887 -35.998886 -43.053844 -49.775162 -56.165524 -62.159687 -67.927002 -73.39106 -78.40136 -82.932632 -86.828758 -90.169044 -92.768394 -94.848473 -96.366837 -97.192009 -97.607933 -97.44101
-96.823494 -94.683014 -91.832268 -88.393425 -84.502739 -80.204422 -75.68576 -70.708763 -65.45652 -59.735306 -53.549332 -46.77327 -39.717121 -32.210487 -24.494989 -16.54834 -8.7131996 -2.2479303 5.4040132 12.076346 19.814882 27.426723 34.941185 42.177284 49.109264 55.677555 61.835438 67.519867 72.764412 77.642281 82.150597 86.146263 89.71257 92.78289 95.148865 96.937149 97.898354 98.247284 97.844337 96.82756 95.348518 93.358154 90.851158 87.892975 84.302788 80.200104 75.564346 70.318451 64.557266 58.435429 51.935551 45.183449 38.276443 31.07674 23.68866 16.073805 8.244216 2.553932 -6.3036876 -13.177543 -20.964722 -28.716887 -35.998886 -43.053844 -49.775162 -56.165524 -62.159687 -67.927002 -73.39106 -78.40136 -82.932632 -86.828758 -90.169044 -92.768394 -94.848473 -96.366837 -97.192009 -97.607933 -97.44101 -96.810791
-94.683014 -91.832268 -88.393425 -84.502739 -80.204422 -75.68576 -70.708763 -65.45652 -59.735306 -53.549332 -46.77327 -39.717121 -32.210487 -24.494989 -16.54834 -8.7131996 -2.2479303 5.4040132 12.076346 19.814882 27.426723 34.941185 42.177284 49.109264 55.677555 61.835438 67.519867 72.764412 77.642281 82.150597 86.146263 89.71257 92.78289 95.148865 96.937149 97.898354 98.247284 97.844337 96.82756 95.348518 93.358154 90.851158 87.892975 84.302788 80.200104 75.564346 70.318451 64.557266 58.435429 51.935551 45.183449 38.276443 31.07674 23.68866 16.073805 8.244216 2.553932 -6.3036876 -13.177543 -20.964722 -28.716887 -35.998886 -43.053844 -49.775162 -56.165524 -62.159687 -67.927002 -73.39106 -78.40136 -82.932632 -86.828758 -90.169044 -92.768394 -94.848473 -96.366837 -97.192009 -97.607933 -97.44101 -96.810791 -95.488922
-91.832268 -88.393425 -84.502739 -80.204422 -75.68576 -70.708763 -65.45652 -59.735306 -53.549332 -46.77327 -39.717121 -32.210487 -24.494989 -16.54834 -8.7131996 -2.2479303 5.4040132 12.076346 19.814882 27.426723 34.941185 42.177284 49.109264 55.677555 61.835438 67.519867 72.764412 77.642281 82.150597 86.146263 89.71257 92.78289 95.148865 96.937149 97.898354 98.247284 97.844337 96.82756 95.348518 93.358154 90.851158 87.892975 84.302788 80.200104 75.564346 70.318451 64.557266 58.435429 51.935551 45.183449 38.276443 31.07674 23.68866 16.073805 8.244216 2.553932 -6.3036876 -13.177543 -20.964722 -28.716887 -35.998886 -43.053844 -49.775162 -56.165524 -62.159687 -67.927002 -73.39106 -78.40136 -82.932632 -86.828758 -90.169044 -92.768394 -94.848473 -96.366837 -97.192009 -97.607933 -97.44101 -96.810791 -95.488922 -93.558716
-88.393425 -84.502739 -80.204422 -75.68576 -70.708763 -65.45652 -59.735306 -53.549332 -46.77327 -39.717121 -32.210487 -24.494989 -16.54834 -8.7131996 -2.2479303 5.4040132 12.076346 19.814882 27.426723 34.941185 42.177284 49.109264 55.677555 61.835438 67.519867 72.764412 77.642281 82.150597 86.146263 89.71257 92.78289 95.148865 96.937149 97.898354 98.247284 97.844337 96.82756 95.348518 93.358154 90.851158 87.892975 84.302788 80.200104 75.564346 70.318451 64.557266 58.435429 51.935551 45.183449 38.276443 31.07674 23.68866 16.073805 8.244216 2.553932 -6.3036876 -13.177543 -20.964722 -28.716887 -35.998886 -43.053844 -49.775162 -56.165524 -62.159687 -67.927002 -73.39106 -78.40136 -82.932632 -86.828758 -90.169044 -92.768394 -94.848473 -96.366837 -97.192009 -97.607933 -97.44101 -96.810791 -95.488922 -93.558716 -90.97554
-84.502739 -80.204422 -75.68576 -70.708763 -65.45652 -59.735306 -53.549332 -46.77327 -39.717121 -32.210487 -24.494989 -16.54834 -8.7131996 -2.2479303 5.4040132 12.076346 19.814882 27.426723 34.941185 42.177284 49.109264 55.677555 61.835438 67.519867 72.764412 77.642281 82.150597 86.146263 89.71257 92.78289 95.148865 96.937149 97.898354 98.247284 97.844337 96.82756 95.348518 93.358154 90.851158 87.892975 84.302788 80.200104 75.564346 70.318451 64.557266 58.435429 51.935551 45.183449 38.276443 31.07674 23.68866 16.073805 8.244216 2.553932 -6.3036876 -13.177543 -20.964722 -28.716887 -35.998886 -43.053844 -49.775162 -56.165524 -62.159687 -67.927002 -73.39106 -78.40136 -82.932632 -86.828758 -90.169044 -92.768394 -94.848473 -96.366837 -97.192009 -97.607933 -97.44101 -96.810791 -95.488922 -93.558716 -90.97554 -87.727692
-80.204422 -75.68576 -70.708763 -65.45652 -59.735306 -53.549332 -46.77327 -39.717121 -32.210487 -24.494989 -16.54834 -8.7131996 -2.2479303 5.4040132 12.076346 19.814882 27.426723 34.941185 42.177284 49.109264 55.677555 61.835438 67.519867 72.764412 77.642281 82.150597 86.146263 89.71257 92.78289 95.148865 96.937149 97.898354 98.247284 97.844337 96.82756 95.348518 93.358154 90.851158 87.892975 84.302788 80.200104 75.564346 70.318451 64.557266 58.435429 51.935551 45.183449 38.276443 31.07674 23.68866 16.073805 8.244216 2.553932 -6.3036876 -13.177543 -20.964722 -28.716887 -35.998886 -43.053844 -49.775162 -56.165524 -62.159687 -67.927002 -73.39106 -78.40136 -82.932632 -86.828758 -90.169044 -92.768394 -94.848473 -96.366837 -97.192009 -97.607933 -97.44101 -96.810791 -95.488922 -93.558716 -90.97554 -87.727692 -83.910614
-75.68576 -70.708763 -65.45652 -59.735306 -53.549332 -46.77327 -39.717121 -32.210487 -24.494989 -16.54834 -8.7131996 -2.2479303 5.4040132 12.076346 19.814882 27.426723 34.941185 42.177284 49.109264 55.677555 61.835438 67.519867 72.764412 77.642281 82.150597 86.146263 89.71257 92.78289 95.148865 96.937149 97.898354 98.247284 97.844337 96.82756 95.348518 93.358154 90.851158 87.892975 84.302788 80.200104 75.564346 70.318451 64.557266 58.435429 51.935551 45.183449 38.276443 31.07674 23.68866 16.073805 8.244216 2.553932 -6.3036876 -13.177543 -20.964722 -28.716887 -35.998886 -43.053844 -49.775162 -56.165524 -62.159687 -67.927002 -73.39106 -78.40136 -82.932632 -86.828758 -90.169044 -92.768394 -94.848473 -96.366837 -97.192009 -97.607933 -97.44101 -96.810791 -95.488922 -93.558716 -90.97554 -87.727692 -83.910614 -79.538376
-70.708763 -65.45652 -59.735306 -53.549332 -46.77327 -39.717121 -32.210487 -24.494989 -16.54834 -8.7131996 -2.2479303 5.4040132 12.076346 19.814882 27.426723 34.941185 42.177284 49.109264 55.677555 61.835438 67.519867 72.764412 77.642281 82.150597 86.146263 89.71257 92.78289 95.148865 96.937149 97.898354 98.247284 97.844337 96.82756 95.348518 93.358154 90.851158 87.892975 84.302788 80.200104 75.564346 70.318451 64.557266 58.435429 51.935551 45.183449 38.276443 31.07674 23.68866 16.073805 8.244216 2.553932 -6.3036876 -13.177543 -20.964722 -28.716887 -35.998886 -43.053844 -49.775162 -56.165524 -62.159687 -67.927002 -73.39106 -78.40136 -82.932632 -86.828758 -90.169044 -92.768394 -94.848473 -96.366837 -97.192009 -97.607933 -97.44101 -96.810791 -95.488922 -93.558716 -90.97554 -87.727692 -83.910614 -79.538376 -74.636841
-65.45652 -59.735306 -53.549332 -46.77327 -39.717121 -32.210487 -24.494989 -16.54834 -8.7131996 -2.2479303 5.4040132 12.076346 19.814882 27.426723 34.941185 42.177284 49.109264 55.677555 61.835438 67.519867 72.764412 77.642281 82.150597 86.146263 89.71257 92.78289 95.148865 96.937149 97.898354 98.247284 97.844337 96.82756 95.348518 93.358154 90.851158 87.892975 84.302788 80.200104 75.564346 70.318451 64.557266 58.435429 51.935551 45.183449 38.276443 31.07674 23.68866 16.073805 8.244216 2.553932 -6.3036876 -13.177543 -20.964722 -28.716887 -35.998886 -43.053844 -49.775162 -56.165524 -62.159687 -67.927002 -73.39106 -78.40136 -82.932632 -86.828758 -90.169044 -92.768394 -94.848473 -96.366837 -97.192009 -97.607933 -97.44101 -96.810791 -95.488922 -93.558716 -90.97554 -87.727692 -83.910614 -79.538376 -74.636841 -69.340492
-59.735306 -53.549332 -46.77327 -39.717121 -32.210487 -24.494989 -16.54834 -8.7131996 -2.2479303 5.4040132 12.076346 19.814882 27.426723 34.941185 42.177284 49.109264 55.677555 61.835438 67.519867 72.764412 77.642281 82.150597 86.146263 89.71257 92.78289 95.148865 96.937149 97.898354 98.247284 97.844337 96.82756 95.348518 93.358154 90.851158 87.892975 84.302788 80.200104 75.564346 70.318451 64.557266 58.435429 51.935551 45.183449 38.276443 31.07674 23.68866 16.073805 8.244216 2.553932 -6.3036876 -13.177543 -20.964722 -28.716887 -35.998886 -43.053844 -49.775162 -56.165524 -62.159687 -67.927002 -73.39106 -78.40136 -82.932632 -86.828758 -90.169044 -92.768394 -94.848473 -96.366837 -97.192009 -97.607933 -97.44101 -96.810791 -95.488922 -93.558716 -90.97554 -87.727692 -83.910614 -79.538376 -74.636841 -69.340492 -63.648575
-53.549332 -46.77327 -39.717121 -32.210487 -24.494989 -16.54834 -8.7131996 -2.2479303 5.4040132 12.076346 19.814882 27.426723 34.941185 42.177284 49.109264 55.677555 61.835438 67.519867 72.764412 77.642281 82.150597 86.146263 89.71257 92.78289 95.148865 96.937149 97.898354 98.247284 97.844337 96.82756 95.348518 93.358154 90.851158 87.892975 84.302788 80.200104 75.564346 70.318451 64.557266 58.435429 51.935551 45.183449 38.276443 31.07674 23.68866 16.073805 8.244216 2.553932 -6.3036876 -13.177543 -20.964722 -28.716887 -35.998886 -43.053844 -49.775162 -56.165524 -62.159687 -67.927002 -73.39106 -78.40136 -82.932632 -86.828758 -90.169044 -92.768394 -94.848473 -96.366837 -97.192009 -97.607933 -97.44101 -96.810791 -95.488922 -93.558716 -90.97554 -87.727692 -83.910614 -79.538376 -74.636841 -69.340492 -63.648575 -57.686176
-46.77327 -39.717121 -32.210487 -24.494989 -16.54834 -8.7131996 -2.2479303 5.4040132 12.076346 19.814882 27.426723 34.941185 42.177284 49.109264 55.677555 61.835438 67.519867 72.764412 77.642281 82.150597 86.146263 89.71257 92.78289 95.148865 96.937149 97.898354 98.247284 97.844337 96.82756 95.348518 93.358154 90.851158 87.892975 84.302788 80.200104 75.564346 70.318451 64.557266 58.435429 51.935551 45.183449 38.276443 31.07674 23.68866 16.073805 8.244216 2.553932 -6.3036876 -13.177543 -20.964722 -28.716887 -35.998886 -43.053844 -49.775162 -56.165524 -62.159687 -67.927002 -73.39106 -78.40136 -82.932632 -86.828758 -90.169044 -92.768394 -94.848473 -96.366837 -97.192009 -97.607933 -97.44101 -96.810791 -95.488922 -93.558716 -90.97554 -87.727692 -83.910614 -79.538376 -74.636841 -69.340492 -63.648575 -57.686176 -51.385315
-39.717121 -32.210487 -24.494989 -16.54834 -8.7131996 -2.2479303 5.4040132 12.076346 19.814882 27.426723 34.941185 42.177284 49.109264 55.677555 61.835438 67.519867 72.764412 77.642281 82.150597 86.146263 89.71257 92.78289 95.148865 96.937149 97.898354 98.247284 97.844337 96.82756 95.348518 93.358154 90.851158 87.892975 84.302788 80.200104 75.564346 70.318451 64.557266 58.435429 51.935551 45.183449 38.276443 31.07674 23.68866 16.073805 8.244216 2.553932 -6.3036876 -13.177543 -20.964722 -28.716887 -35.998886 -43.053844 -49.775162 -56.165524 -62.159687 -67.927002 -73.39106 -78.40136 -82.932632 -86.828758 -90.169044 -92.768394 -94.848473 -96.366837 -97.192009 -97.607933 -97.44101 -96.810791 -95.488922 -93.558716 -90.97554 -87.727692 -83.910614 -79.538376 -74.636841 -69.340492 -63.648575 -57.686176 -51.385315 -44.794777
-32.210487 -24.494989 -16.54834 -8.7131996 -2.2479303 5.4040132 12.076346 19.814882 27.426723 34.941185 42.177284 49.109264 55.677555 61.835438 67.519867 72.764412 77.642281 82.150597 86.146263 89.71257 92.78289 95.148865 96.937149 97.898354 98.247284 97.844337 96.82756 95.348518 93.358154 90.851158 87.892975 84.302788 80.200104 75.564346 70.318451 64.557266 58.435429 51.935551 45.183449 38.276443 31.07674 23.68866 16.073805 8.244216 2.553932 -6.3036876 -13.177543 -20.964722 -28.716887 -35.998886 -43.053844 -49.775162 -56.165524 -62.159687 -67.927002 -73.39106 -78.40136 -82.932632 -86.828758 -90.169044 -92.768394 -94.848473 -96.366837 -97.192009 -97.607933 -97.44101 -96.810791 -95.488922 -93.558716 -90.97554 -87.727692 -83.910614 -79.538376 -74.636841 -69.340492 -63.648575 -57.686176 -51.385315 -44.794777 -37.843525
-24.494989 -16.54834 -8.7131996 -2.2479303 5.4040132 12.076346 19.814882 27.426723 34.941185 42.177284 49.109264 55.677555 61.835438 67.519867 72.764412 77.642281 82.150597 86.146263 89.71257 92.78289 95.148865 96.937149 97.898354 98.247284 97.844337 96.82756 95.348518 93.358154 90.851158 87.892975 84.302788 80.200104 75.564346 70.318451 64.557266 58.435429 51.935551 45.183449 38.276443 31.07674 23.68866 16.073805 8.244216 2.553932 -6.3036876 -13.177543 -20.964722 -28.716887 -35.998886 -43.053844 -49.775162 -56.165524 -62.159687 -67.927002 -73.39106 -78.40136 -82.932632 -86.828758 -90.169044 -92.768394 -94.848473 -96.366837 -97.192009 -97.607933 -97.44101 -96.810791 -95.488922 -93.558716 -90.97554 -87.727692 -83.910614 -79.538376 -74.636841 -69.340492 -63.648575 -57.686176 -51.385315 -44.794777 -37.843525 -30.526985
-16.54834 -8.7131996 -2.2479303 5.4040132 12.076346 19.814882 27.426723 34.941185 42.177284 49.109264 55.677555 61.835438 67.519867 72.764412 77.642281 82.150597 86.146263 89.71257 92.78289 95.148865 96.937149 97.898354 98.247284 97.844337 96.82756 95.348518 93.358154 90.851158 87.892975 84.302788 80.200104 75.564346 70.318451 64.557266 58.435429 51.935551 45.183449 38.276443 31.07674 23.68866 16.073805 8.244216 2.553932 -6.3036876 -13.177543 -20.964722 -28.716887 -35.998886 -43.053844 -49.775162 -56.165524 -62.159687 -67.927002 -73.39106 -78.40136 -82.932632 -86.828758 -90.169044 -92.768394 -94.848473 -96.366837 -97.192009 -97.607933 -97.44101 -96.810791 -95.488922 -93.558716 -90.97554 -87.727692 -83.910614 -79.538376 -74.636841 -69.340492 -63.648575 -57.686176 -51.385315 -44.794777 -37.843525 -30.526985 -22.937099
-8.7131996 -2.2479303 5.4040132 12.076346 19.814882 27.426723 34.941185 42.177284 49.109264 55.677555 61.835438 67.519867 72.764412 77.642281 82.150597 86.146263 89.71257 92.78289 95.148865 96.937149 97.898354 98.247284 97.844337 96.82756 95.348518 93.358154 90.851158 87.892975 84.302788 80.200104 75.564346 70.318451 64.557266 58.435429 51.935551 45.183449 38.276443 31.07674 23.68866 16.073805 8.244216 2.553932 -6.3036876 -13.177543 -20.964722 -28.716887 -35.998886 -43.053844 -49.775162 -56.165524 -62.159687 -67.927002 -73.39106 -78.40136 -82.932632 -86.828758 -90.169044 -92.768394 -94.848473 -96.366837 -97.192009 -97.607933 -97.44101 -96.810791 -95.488922 -93.558716 -90.97554 -87.727692 -83.910614 -79.538376 -74.636841 -69.340492 -63.648575 -57.686176 -51.385315 -44.794777 -37.843525 -30.526985 -22.937099 -15.187824
-2.2479303 5.4040132 12.076346 19.814882 27.426723 34.941185 42.177284 49.109264 55.677555 61.835438 67.519867 72.764412 77.642281 82.150597 86.146263 89.71257 92.78289 95.148865 96.937149 97.898354 98.247284 97.844337 96.82756 95.348518 93.358154 90.851158 87.892975 84.302788 80.200104 75.564346 70.318451 64.557266 58.435429 51.935551 45.183449 38.276443 31.07674 23.68866 16.073805 8.244216 2.553932 -6.3036876 -13.177543 -20.964722 -28.716887 -35.998886 -43.053844 -49.775162 -56.165524 -62.159687 -67.927002 -73.39106 -78.40136 -82.932632 -86.828758 -90.169044 -92.768394 -94.848473 -96.366837 -97.192009 -97.607933 -97.44101 -96.810791 -95.488922 -93.558716 -90.97554 -87.727692 -83.910614 -79.538376 -74.636841 -69.340492 -63.648575 -57.686176 -51.385315 -44.794777 -37.843525 -30.526985 -22.937099 -15.187824 -7.2055678
5.4040132 12.076346 19.814882 27.426723 34.941185 42.177284 49.109264 55.677555 61.835438 67.519867 72.764412 77.642281 82.150597 86.146263 89.71257 92.78289 95.148865 96.937149 97.898354 98.247284 97.844337 96.82756 95.348518 93.358154 90.851158 87.892975 84.302788 80.200104 75.564346 70.318451 64.557266 58.435429 51.935551 45.183449 38.276443 31.07674 23.68866 16.073805 8.244216 2.553932 -6.3036876 -13.177543 -20.964722 -28.716887 -35.998886 -43.053844 -49.775162 -56.165524 -62.159687 -67.927002 -73.39106 -78.40136 -82.932632 -86.828758 -90.169044 -92.768394 -94.848473 -96.366837 -97.192009 -97.607933 -97.44101 -96.810791 -95.488922 -93.558716 -90.97554 -87.727692 -83.910614 -79.538376 -74.636841 -69.340492 -63.648575 -57.686176 -51.385315 -44.794777 -37.843525 -30.526985 -22.937099 -15.187824 -7.2055678 -0.68126988
12.076346 19.814882 27.426723 34.941185 42.177284 49.109264 55.677555 61.835438 67.519867 72.764412 77.642281 82.150597 86.146263 89.71257 92.78289 95.148865 96.937149 97.898354 98.247284 97.844337 96.82756 95.348518 93.358154 90.851158 87.892975 84.302788 80.200104 75.564346 70.318451 64.557266 58.435429 51.935551 45.183449 38.276443 31.07674 23.68866 16.073805 8.244216 2.553932 -6.3036876 -13.177543 -20.964722 -28.716887 -35.998886 -43.053844 -49.775162 -56.165524 -62.159687 -67.927002 -73.39106 -78.40136 -82.932632 -86.828758 -90.169044 -92.768394 -94.848473 -96.366837 -97.192009 -97.607933 -97.44101 -96.810791 -95.488922 -93.558716 -90.97554 -87.727692 -83.910614 -79.538376 -74.636841 -69.340492 -63.648575 -57.686176 -51.385315 -44.794777 -37.843525 -30.526985 -22.937099 -15.187824 -7.2055678 -0.68126988 7.4493456
19.814882 27.426723 34.941185 42.177284 49.109264 55.677555 61.835438 67.519867 72.764412 77.642281 82.150597 86.146263 89.71257 92.78289 95.148865 96.937149 97.898354 98.247284 97.844337 96.82756 95.348518 93.358154 90.851158 87.892975 84.302788 80.200104 75.564346 70.318451 64.557266 58.435429 51.935551 45.183449 38.276443 31.07674 23.68866 16.073805 8.244216 2.553932 -6.3036876 -13.177543 -20.964722 -28.716887 -35.998886 -43.053844 -49.775162 -56.165524 -62.159687 -67.927002 -73.39106 -78.40136 -82.932632 -86.828758 -90.169044 -92.768394 -94.848473 -96.366837 -97.192009 -97.607933 -97.44101 -96.810791 -95.488922 -93.558716 -90.97554 -87.727692 -83.910614 -79.538376 -74.636841 -69.340492 -63.648575 -57.686176 -51.385315 -44.794777 -37.843525 -30.526985 -22.937099 -15.187824 -7.2055678 -0.68126988 7.4493456 14.044467
27.426723 34.941185 42.177284 49.109264 55.677555 61.835438 67.519867 72.764412 77.642281 82.150597 86.146263 89.71257 92.78289 95.148865 96.937149 97.898354 98.247284 97.844337 96.82756 95.348518 93.358154 90.851158 87.892975 84.302788 80.200104 75.564346 70.318451 64.557266 58.435429 51.935551 45.183449 38.276443 31.07674 23.68866 16.073805 8.244216 2.553932 -6.3036876 -13.177543 -20.964722 -28.716887 -35.998886 -43.053844 -49.775162 -56.165524 -62.159687 -67.927002 -73.39106 -78.40136 -82.932632 -86.828758 -90.169044 -92.768394 -94.848473 -96.366837 -97.192009 -97.607933 -97.44101 -96.810791 -95.488922 -93.558716 -90.97554 -87.727692 -83.910614 -79.538376 -74.636841 -69.340492 -63.648575 -57.686176 -51.385315 -44.794777 -37.843525 -30.526985 -22.937099 -15.187824 -7.2055678 -0.68126988 7.4493456 14.044467 21.681728
34.941185 42.177284 49.109264 55.677555 61.835438 67.519867 72.764412 77.642281 82.150597 86.146263 89.71257 92.78289 95.148865 96.937149 97.898354 98.247284 97.844337 96.82756 95.348518 93.358154 90.851158 87.892975 84.302788 80.200104 75.564346 70.318451 64.557266 58.435429 51.935551 45.183449 38.276443 31.07674 23.68866 16.073805 8.244216 2.553932 -6.3036876 -13.177543 -20.964722 -28.716887 -35.998886 -43.053844 -49.775162 -56.165524 -62.159687 -67.927002 -73.39106 -78.40136 -82.932632 -86.828758 -90.169044 -92.768394 -94.848473 -96.366837 -97.192009 -97.607933 -97.44101 -96.810791 -95.488922 -93.558716 -90.97554 -87.727692 -83.910614 -79.538376 -74.636841 -69.340492 -63.648575 -57.686176 -51.385315 -44.794777 -37.843525 -30.526985 -22.937099 -15.187824 -7.2055678 -0.68126988 7.4493456 14.044467 21.681728 29.287643
42.177284 49.109264 55.677555 61.835438 67.519867 72.764412 77.642281 82.150597 86.146263 89.71257 92.78289 95.148865 96.937149 97.898354 98.247284 97.844337 96.82756 95.348518 93.358154 90.851158 87.892975 84.302788 80.200104 75.564346 70.318451 64.557266 58.435429 51.935551 45.183449 38.276443 31.07674 23.68866 16.073805 8.244216 2.553932 -6.3036876 -13.177543 -20.964722 -28.716887 -35.998886 -43.053844 -49.775162 -56.165524 -62.159687 -67.927002 -73.39106 -78.40136 -82.932632 -86.828758 -90.169044 -92.768394 -94.848473 -96.366837 -97.192009 -97.607933 -97.44101 -96.810791 -95.488922 -93.558716 -90.97554 -87.727692 -83.910614 -79.538376 -74.636841 -69.340492 -63.648575 -57.686176 -51.385315 -44.794777 -37.843525 -30.526985 -22.937099 -15.187824 -7.2055678 -0.68126988 7.4493456 14.044467 21.681728 29.287643 36.528355
49.109264 55.677555 61.835438 67.519867 72.764412 77.642281 82.150597 86.146263 89.71257 92.78289 95.148865 96.937149 97.898354 98.247284 97.844337 96.82756 95.348518 93.358154 90.851158 87.892975 84.302788 80.200104 75.564346 70.318451 64.557266 58.435429 51.935551 45.183449 38.276443 31.07674 23.68866 16.073805 8.244216 2.553932 -6.3036876 -13.177543 -20.964722 -28.716887 -35.998886 -43.053844 -49.775162 -56.165524 -62.159687 -67.927002 -73.39106 -78.40136 -82.932632 -86.828758 -90.169044 -92.768394 -94.848473 -96.366837 -97.192009 -97.607933 -97.44101 -96.810791 -95.488922 -93.558716 -90.97554 -87.727692 -83.910614 -79.538376 -74.636841 -69.340492 -63.648575 -57.686176 -51.385315 -44.794777 -37.843525 -30.526985 -22.937099 -15.187824 -7.2055678 -0.68126988 7.4493456 14.044467 21.681728 29.287643 36.528355 43.612156
55.677555 61.835438 67.519867 72.764412 77.642281 82.150597 86.146263 89.71257 92.78289 95.148865 96.937149 97.898354 98.247284 97.844337 96.82756 95.348518 93.358154 90.851158 87.892975 84.302788 80.200104 75.564346 70.318451 64.557266 58.435429 51.935551 45.183449 38.276443 31.07674 23.68866 16.073805 8.244216 2.553932 -6.3036876 -13.177543 -20.964722 -28.716887 -35.998886 -43.053844 -49.775162 -56.165524 -62.159687 -67.927002 -73.39106 -78.40136 -82.932632 -86.828758 -90.169044 -92.768394 -94.848473 -96.366837 -97.192009 -97.607933 -97.44101 -96.810791 -95.488922 -93.558716 -90.97554 -87.727692 -83.910614 -79.538376 -74.636841 -69.340492 -63.648575 -57.686176 -51.385315 -44.794777 -37.843525 -30.526985 -22.937099 -15.187824 -7.2055678 -0.68126988 7.4493456 14.044467 21.681728 29.287643 36.528355 43.612156 50.337883
61.835438 67.519867 72.764412 77.642281 82.150597 86.146263 89.71257 92.78289 95.148865 96.937149 97.898354 98.247284 97.844337 96.82756 95.348518 93.358154 90.851158 87.892975 84.302788 80.200104 75.564346 70.318451 64.557266 58.435429 51.935551 45.183449 38.276443 31.07674 23.68866 16.073805 8.244216 2.553932 -6.3036876 -13.177543 -20.964722 -28.716887 -35.998886 -43.053844 -49.775162 -56.165524 -62.159687 -67.927002 -73.39106 -78.40136 -82.932632 -86.828758 -90.169044 -92.768394 -94.848473 -96.366837 -97.192009 -97.607933 -97.44101 -96.810791 -95.488922 -93.558716 -90.97554 -87.727692 -83.910614 -79.538376 -74.636841 -69.340492 -63.648575 -57.686176 -51.385315 -44.794777 -37.843525 -30.526985 -22.937099 -15.187824 -7.2055678 -0.68126988 7.4493456 14.044467 21.681728 29.287643 36.528355 43.612156 50.337883 56.819992
67.519867 72.764412 77.642281 82.150597 86.146263 89.71257 92.78289 95.148865 96.937149 97.898354 98.247284 97.844337 96.82756 95.348518 93.358154 90.851158 87.892975 84.302788 80.200104 75.564346 70.318451 64.557266 58.435429 51.935551 45.183449 38.276443 31.07674 23.68866 16.073805 8.244216 2.553932 -6.3036876 -13.177543 -20.964722 -28.716887 -35.998886 -43.053844 -49.775162 -56.165524 -62.159687 -67.927002 -73.39106 -78.40136 -82.932632 -86.828758 -90.169044 -92.768394 -94.848473 -96.366837 -97.192009 -97.607933 -97.44101 -96.810791 -95.488922 -93.558716 -90.97554 -87.727692 -83.910614 -79.538376 -74.636841 -69.340492 -63.648575 -57.686176 -51.385315 -44.794777 -37.843525 -30.526985 -22.937099 -15.187824 -7.2055678 -0.68126988 7.4493456 14.044467 21.681728 29.287643 36.528355 43.612156 50.337883 56.819992 62.960297
72.764412 77.642281 82.150597 86.146263 89.71257 92.78289 95.148865 96.937149 97.898354 98.247284 97.844337 96.82756 95.348518 93.358154 90.851158 87.892975 84.302788 80.200104 75.564346 70.318451 64.557266 58.435429 51.935551 45.183449 38.276443 31.07674 23.68866 16.073805 8.244216 2.553932 -6.3036876 -13.177543 -20.964722 -28.716887 -35.998886 -43.053844 -49.775162 -56.165524 -62.159687 -67.927002 -73.39106 -78.40136 -82.932632 -86.828758 -90.169044 -92.768394 -94.848473 -96.366837 -97.192009 -97.607933 -97.44101 -96.810791 -95.488922 -93.558716 -90.97554 -87.727692 -83.910614 -79.538376 -74.636841 -69.340492 -63.648575 -57.686176 -51.385315 -44.794777 -37.843525 -30.526985 -22.937099 -15.187824 -7.2055678 -0.68126988 7.4493456 14.044467 21.681728 29.287643 36.528355 43.612156 50.337883 56.819992 62.960297 68.71183
77.642281 82.150597 86.146263 89.71257 92.78289 95.148865 96.937149 97.898354 98.247284 97.844337 96.82756 95.348518 93.358154 90.851158 87.892975 84.302788 80.200104 75.564346 70.318451 64.557266 58.435429 51.935551 45.183449 38.276443 31.07674 23.68866 16.073805 8.244216 2.553932 -6.3036876 -13.177543 -20.964722 -28.716887 -35.998886 -43.053844 -49.775162 -56.165524 -62.159687 -67.927002 -73.39106 -78.40136 -82.932632 -86.828758 -90.169044 -92.768394 -94.848473 -96.366837 -97.192009 -97.607933 -97.44101 -96.810791 -95.488922 -93.558716 -90.97554 -87.727692 -83.910614 -79.538376 -74.636841 -69.340492 -63.648575 -57.686176 -51.385315 -44.794777 -37.843525 -30.526985 -22.937099 -15.187824 -7.2055678 -0.68126988 7.4493456 14.044467 21.681728 29.287643 36.528355 43.612156 50.337883 56.819992 62.960297 68.71183 73.9785
82.150597 86.146263 89.71257 92.78289 95.148865 96.937149 97.898354 98.247284 97.844337 96.82756 95.348518 93.358154 90.851158 87.892975 84.302788 80.200104 75.564346 70.318451 64.557266 58.435429 51.935551 45.183449 38.276443 31.07674 23.68866 16.073805 8.244216 2.553932 -6.3036876 -13.177543 -20.964722 -28.716887 -35.998886 -43.053844 -49.775162 -56.165524 -62.159687 -67.927002 -73.39106 -78.40136 -82.932632 -86.828758 -90.169044 -92.768394 -94.848473 -96.366837 -97.192009 -97.607933 -97.44101 -96.810791 -95.488922 -93.558716 -90.97554 -87.727692 -83.910614 -79.538376 -74.636841 -69.340492 -63.648575 -57.686176 -51.385315 -44.794777 -37.843525 -30.526985 -22.937099 -15.187824 -7.2055678 -0.68126988 7.4493456 14.044467 21.681728 29.287643 36.528355 43.612156 50.337883 56.819992 62.960297 68.71183 73.9785 78.714478
86.146263 89.71257 92.78289 95.148865 96.937149 97.898354 98.247284 97.844337 96.82756 95.348518 93.358154 90.851158 87.892975 84.302788 80.200104 75.564346 70.318451 64.557266 58.435429 51.935551 45.183449 38.276443 31.07674 23.68866 16.073805 8.244216 2.553932 -6.3036876 -13.177543 -20.964722 -28.716887 -35.998886 -43.053844 -49.775162 -56.165524 -62.159687 -67.927002 -73.39106 -78.40136 -82.932632 -86.828758 -90.169044 -92.768394 -94.848473 -96.366837 -97.192009 -97.607933 -97.44101 -96.810791 -95.488922 -93.558716 -90.97554 -87.727692 -83.910614 -79.538376 -74.636841 -69.340492 -63.648575 -57.686176 -51.385315 -44.794777 -37.843525 -30.526985 -22.937099 -15.187824 -7.2055678 -0.68126988 7.4493456 14.044467 21.681728 29.287643 36.528355 43.612156 50.337883 56.819992 62.960297 68.71183 73.9785 78.714478 83.081917
89.71257 92.78289 95.148865 96.937149 97.898354 98.247284 97.844337 96.82756 95.348518 93.358154 90.851158 87.892975 84.302788 80.200104 75.564346 70.318451 64.557266 58.435429 51.935551 45.183449 38.276443 31.07674 23.68866 16.073805 8.244216 2.553932 -6.3036876 -13.177543 -20.964722 -28.716887 -35.998886 -43.053844 -49.775162 -56.165524 -62.159687 -67.927002 -73.39106 -78.40136 -82.932632 -86.828758 -90.169044 -92.768394 -94.848473 -96.366837 -97.192009 -97.607933 -97.44101 -96.810791 -95.488922 -93.558716 -90.97554 -87.727692 -83.910614 -79.538376 -74.636841 -69.340492 -63.648575 -57.686176 -51.385315 -44.794777 -37.843525 -30.526985 -22.937099 -15.187824 -7.2055678 -0.68126988 7.4493456 14.044467 21.681728 29.287643 36.528355 43.612156 50.337883 56.819992 62.960297 68.71183 73.9785 78.714478 83.081917 86.909187
92.78289 95.148865 96.937149 97.898354 98.247284 97.844337 96.82756 95.348518 93.358154 90.851158 87.892975 84.302788 80.200104 75.564346 70.318451 64.557266 58.435429 51.935551 45.183449 38.276443 31.07674 23.68866 16.073805 8.244216 2.553932 -6.3036876 -13.177543 -20.964722 -28.716887 -35.998886 -43.053844 -49.775162 -56.165524 -62.159687 -67.927002 -73.39106 -78.40136 -82.932632 -86.828758 -90.169044 -92.768394 -94.848473 -96.366837 -97.192009 -97.607933 -97.44101 -96.810791 -95.488922 -93.558716 -90.97554 -87.727692 -83.910614 -79.538376 -74.636841 -69.340492 -63.648575 -57.686176 -51.385315 -44.794777 -37.843525 -30.526985 -22.937099 -15.187824 -7.2055678 -0.68126988 7.4493456 14.044467 21.681728 29.287643 36.528355 43.612156 50.337883 56.819992 62.960297 68.71183 73.9785 78.714478 83.081917 86.909187 90.08403
95.148865 96.937149 97.898354 98.247284 97.844337 96.82756 95.348518 93.358154 90.851158 87.892975 84.302788 80.200104 75.564346 70.318451 64.557266 58.435429 51.935551 45.183449 38.276443 31.07674 23.68866 16.073805 8.244216 2.553932 -6.3036876 -13.177543 -20.964722 -28.716887 -35.998886 -43.053844 -49.775162 -56.165524 -62.159687 -67.927002 -73.39106 -78.40136 -82.932632 -86.828758 -90.169044 -92.768394 -94.848473 -96.366837 -97.192009 -97.607933 -97.44101 -96.810791 -95.488922 -93.558716 -90.97554 -87.727692 -83.910614 -79.538376 -74.636841 -69.340492 -63.648575 -57.686176 -51.385315 -44.794777 -37.843525 -30.526985 -22.937099 -15.187824 -7.2055678 -0.68126988 7.4493456 14.044467 21.681728 29.287643 36.528355 43.612156 50.337883 56.819992 62.960297 68.71183 73.9785 78.714478 83.081917 86.909187 90.08403 92.802513
96.937149 97.898354 98.247284 97.844337 96.82756 95.348518 93.358154 90.851158 87.892975 84.302788 80.200104 75.564346 70.318451 64.557266 58.435429 51.935551 45.183449 38.276443 31.07674 23.68866 16.073805 8.244216 2.553932 -6.3036876 -13.177543 -20.964722 -28.716887 -35.998886 -43.053844 -49.775162 -56.165524 -62.159687 -67.927002 -73.39106 -78.40136 -82.932632 -86.828758 -90.169044 -92.768394 -94.848473 -96.366837 -97.192009 -97.607933 -97.44101 -96.810791 -95.488922 -93.558716 -90.97554 -87.727692 -83.910614 -79.538376 -74.636841 -69.340492 -63.648575 -57.686176 -51.385315 -44.794777 -37.843525 -30.526985 -22.937099 -15.187824 -7.2055678 -0.68126988 7.4493456 14.044467 21.681728 29.287643 36.528355 43.612156 50.337883 56.819992 62.960297 68.71183 73.9785 78.714478 83.081917 86.909187 90.08403 92.802513 95.005219
97.898354 98.247284 97.844337 96.82756 95.348518 93.358154 90.851158 87.892975 84.302788 80.200104 75.564346 70.318451 64.557266 58.435429 51.935551 45.183449 38.276443 31.07674 23.68866 16.073805 8.244216 2.553932 -6.3036876 -13.177543 -20.964722 -28.716887 -35.998886 -43.053844 -49.775162 -56.165524 -62.159687 -67.927002 -73.39106 -78.40136 -82.932632 -86.828758 -90.169044 -92.768394 -94.848473 -96.366837 -97.192009 -97.607933 -97.44101 -96.810791 -95.488922 -93.558716 -90.97554 -87.727692 -83.910614 -79.538376 -74.636841 -69.340492 -63.648575 -57.686176 -51.385315 -44.794777 -37.843525 -30.526985 -22.937099 -15.187824 -7.2055678 -0.68126988 7.4493456 14.044467 21.681728 29.287643 36.528355 43.612156 50.337883 56.819992 62.960297 68.71183 73.9785 78.714478 83.081917 86.909187 90.08403 92.802513 95.005219 96.57962
98.247284 97.844337 96.82756 95.348518 93.358154 90.851158 87.892975 84.302788 80.200104 75.564346 70.318451 64.557266 58.435429 51.935551 45.183449 38.276443 31.07674 23.68866 16.073805 8.244216 2.553932 -6.3036876 -13.177543 -20.964722 -28.716887 -35.998886 -43.053844 -49.775162 -56.165524 -62.159687 -67.927002 -73.39106 -78.40136 -82.932632 -86.828758 -90.169044 -92.768394 -94.848473 -96.366837 -97.192009 -97.607933 -97.44101 -96.810791 -95.488922 -93.558716 -90.97554 -87.727692 -83.910614 -79.538376 -74.636841 -69.340492 -63.648575 -57.686176 -51.385315 -44.794777 -37.843525 -30.526985 -22.937099 -15.187824 -7.2055678 -0.68126988 7.4493456 14.044467 21.681728 29.287643 36.528355 43.612156 50.337883 56.819992 62.960297 68.71183 73.9785 78.714478 83.081917 86.909187 90.08403 92.802513 95.005219 96.57962 97.516762
97.844337 96.82756 95.348518 93.358154 90.851158 87.892975 84.302788 80.200104 75.564346 70.318451 64.557266 58.435429 51.935547 45.183449 38.276443 31.07674 23.68866 16.073805 8.244216 2.553932 -6.3036876 -13.177543 -20.964722 -28.716887 -35.998886 -43.053844 -49.775166 -56.16552 -62.159691 -67.927002 -73.39106 -78.40136 -82.932632 -86.828758 -90.169044 -92.768394 -94.848473 -96.366837 -97.192009 -97.607933 -97.44101 -96.810791 -95.488922 -93.558716 -90.97554 -87.727692 -83.910614 -79.538376 -74.636841 -69.340492 -63.648579 -57.68618 -51.385315 -44.794777 -37.843525 -30.526987 -22.937099 -15.187824 -7.2055678 -0.68126988 7.4493446 14.044465 21.681728 29.287643 36.528355 43.612156 50.337883 56.819992 62.960297 68.71183 73.9785 78.714478 83.081917 86.909187 90.08403 92.802513 95.005219 96.57962 97.516762 97.937614
96.82756 95.348518 93.358154 90.851158 87.892975 84.302788 80.200104 75.564346 70.318451 64.557266 58.435429 51.935547 45.183449 38.276443 31.07674 23.68866 16.073805 8.244216 2.553932 -6.3036876 -13.177543 -20.964722 -28.716887 -35.998886 -43.053844 -49.775166 -56.16552 -62.159691 -67.927002 -73.39106 -78.40136 -82.932632 -86.828758 -90.169044 -92.768394 -94.848473 -96.366837 -97.192009 -97.607933 -97.44101 -96.810791 -95.488922 -93.558716 -90.97554 -87.727692 -83.910614 -79.538376 -74.636841 -69.340492 -63.648579 -57.68618 -51.385315 -44.794777 -37.843525 -30.526987 -22.937099 -15.187824 -7.2055678 -0.68126988 7.4493446 14.044465 21.681728 29.287643 36.528355 43.612156 50.337883 56.819992 62.960297 68.71183 73.9785 78.714478 83.081917 86.909187 90.08403 92.802513 95.005219 96.57962 97.516762 97.937614 97.688728
95.348518 93.358154 90.851158 87.892975 84.302788 80.200104 75.564346 70.318451 64.557266 58.435429 51.935547 45.183449 38.276443 31.07674 23.68866 16.073805 8.244216 2.553932 -6.3036876 -13.177543 -20.964722 -28.716887 -35.998886 -43.053844 -49.775166 -56.16552 -62.159691 -67.927002 -73.39106 -78.40136 -82.932632 -86.828758 -90.169044 -92.768394 -94.848473 -96.366837 -97.192009 -97.607933 -97.44101 -96.810791 -95.488922 -93.558716 -90.97554 -87.727692 -83.910614 -79.538376 -74.636841 -69.340492 -63.648579 -57.68618 -51.385315 -44.794777 -37.843525 -30.526987 -22.937099 -15.187824 -7.2055678 -0.68126988 7.4493446 14.044465 21.681728 29.287643 36.528355 43.612156 50.337883 56.819992 62.960297 68.71183 73.9785 78.714478 83.081917 86.909187 90.08403 92.802513 95.005219 96.57962 97.516762 97.937614 97.688728 96.77375
93.358154 90.851158 87.892975 84.302788 80.200104 75.564346 70.318451 64.557266 58.435429 51.935547 45.183449 38.276443 31.07674 23.68866 16.073805 8.244216 2.553932 -6.3036876 -13.177543 -20.964722 -28.716887 -35.998886 -43.053844 -49.775166 -56.16552 -62.159691 -67.927002 -73.39106 -78.40136 -82.932632 -86.828758 -90.169044 -92.768394 -94.848473 -96.366837 -97.192009 -97.607933 -97.44101 -96.810791 -95.488922 -93.558716 -90.97554 -87.727692 -83.910614 -79.538376 -74.636841 -69.340492 -63.648579 -57.68618 -51.385315 -44.794777 -37.843525 -30.526987 -22.937099 -15.187824 -7.2055678 -0.68126988 7.4493446 14.044465 21.681728 29.287643 36.528355 43.612156 50.337883 56.819992 62.960297 68.71183 73.9785 78.714478 83.081917 86.909187 90.08403 92.802513 95.005219 96.57962 97.516762 97.937614 97.688728 96.77375 95.211113
90.851158 87.892975 84.302788 80.200104 75.564346 70.318451 64.557266 58.435429 51.935547 45.183449 38.276443 31.07674 23.68866 16.073805 8.244216 2.553932 -6.3036876 -13.177543 -20.964722 -28.716887 -35.998886 -43.053844 -49.775166 -56.16552 -62.159691 -67.927002 -73.39106 -78.40136 -82.932632 -86.828758 -90.169044 -92.768394 -94.848473 -96.366837 -97.192009 -97.607933 -97.44101 -96.810791 -95.488922 -93.558716 -90.97554 -87.727692 -83.910614 -79.538376 -74.636841 -69.340492 -63.648579 -57.68618 -51.385315 -44.794777 -37.843525 -30.526987 -22.937099 -15.187824 -7.2055678 -0.68126988 7.4493446 14.044465 21.681728 29.287643 36.528355 43.612156 50.337883 56.819992 62.960297 68.71183 73.9785 78.714478 83.081917 86.909187 90.08403 92.802513 95.005219 96.57962 97.516762 97.937614 97.688728 96.77375 95.211113 93.074257
87.892975 84.302788 80.200104 75.564346 70.318451 64.557266 58.435429 51.935547 45.183449 38.276443 31.07674 23.68866 16.073805 8.244216 2.553932 -6.3036876 -13.177543 -20.964722 -28.716887 -35.998886 -43.053844 -49.775166 -56.16552 -62.159691 -67.927002 -73.39106 -78.40136 -82.932632 -86.828758 -90.169044 -92.768394 -94.848473 -96.366837 -97.192009 -97.607933 -97.44101 -96.810791 -95.488922 -93.558716 -90.97554 -87.727692 -83.910614 -79.538376 -74.636841 -69.340492 -63.648579 -57.68618 -51.385315 -44.794777 -37.843525 -30.526987 -22.937099 -15.187824 -7.2055678 -0.68126988 7.4493446 14.044465 21.681728 29.287643 36.528355 43.612156 50.337883 56.819992 62.960297 68.71183 73.9785 78.714478 83.081917 86.909187 90.08403 92.802513 95.005219 96.57962 97.516762 97.937614 97.688728 96.77375 95.211113 93.074257 90.318298
84.302788 80.200104 75.564346 70.318451 64.557266 58.435429 51.935547 45.183449 38.276443 31.07674 23.68866 16.073805 8.244216 2.553932 -6.3036876 -13.177543 -20.964722 -28.716887 -35.998886 -43.053844 -49.775166 -56.16552 -62.159691 -67.927002 -73.39106 -78.40136 -82.932632 -86.828758 -90.169044 -92.768394 -94.848473 -96.366837 -97.192009 -97.607933 -97.44101 -96.810791 -95.488922 -93.558716 -90.97554 -87.727692 -83.910614 -79.538376 -74.636841 -69.340492 -63.648579 -57.68618 -51.385315 -44.794777 -37.843525 -30.526987 -22.937099 -15.187824 -7.2055678 -0.68126988 7.4493446 14.044465 21.681728 29.287643 36.528355 43.612156 50.337883 56.819992 62.960297 68.71183 73.9785 78.714478 83.081917 86.909187 90.08403 92.802513 95.005219 96.57962 97.516762 97.937614 97.688728 96.77375 95.211113 93.074257 90.318298 87.090591
80.200104 75.564346 70.318451 64.557266 58.435429 51.935547 45.183449 38.276443 31.07674 23.68866 16.073805 8.244216 2.553932 -6.3036876 -13.177543 -20.964722 -28.716887 -35.998886 -43.053844 -49.775166 -56.16552 -62.159691 -67.927002 -73.39106 -78.40136 -82.932632 -86.828758 -90.169044 -92.768394 -94.848473 -96.366837 -97.192009 -97.607933 -97.44101 -96.810791 -95.488922 -93.558716 -90.97554 -87.727692 -83.910614 -79.538376 -74.636841 -69.340492 -63.648579 -57.68618 -51.385315 -44.794777 -37.843525 -30.526987 -22.937099 -15.187824 -7.2055678 -0.68126988 7.4493446 14.044465 21.681728 29.287643 36.528355 43.612156 50.337883 56.819992 62.960297 68.71183 73.9785 78.714478 83.081917 86.909187 90.08403 92.802513 95.005219 96.57962 97.516762 97.937614 97.688728 96.77375 95.211113 93.074257 90.318298 87.090591 83.319572
75.564346 70.318451 64.557266 58.435429 51.935547 45.183449 38.276443 31.07674 23.68866 16.073805 8.244216 2.553932 -6.3036876 -13.177543 -20.964722 -28.716887 -35.998886 -43.053844 -49.775166 -56.16552 -62.159691 -67.927002 -73.39106 -78.40136 -82.932632 -86.828758 -90.169044 -92.768394 -94.848473 -96.366837 -97.192009 -97.607933 -97.44101 -96.810791 -95.488922 -93.558716 -90.97554 -87.727692 -83.910614 -79.538376 -74.636841 -69.340492 -63.648579 -57.68618 -51.385315 -44.794777 -37.843525 -30.526987 -22.937099 -15.187824 -7.2055678 -0.68126988 7.4493446 14.044465 21.681728 29.287643 36.528355 43.612156 50.337883 56.819992 62.960297 68.71183 73.9785 78.714478 83.081917 86.909187 90.08403 92.802513 95.005219 96.57962 97.516762 97.937614 97.688728 96.77375 95.211113 93.074257 90.318298 87.090591 83.319572 79.028435
70.318451 64.557266 58.435429 51.935547 45.183449 38.276443 31.07674 23.68866 16.073805 8.244216 2.553932 -6.3036876 -13.177543 -20.964722 -28.716887 -35.998886 -43.053844 -49.775166 -56.16552 -62.159691 -67.927002 -73.39106 -78.40136 -82.932632 -86.828758 -90.169044 -92.768394 -94.848473 -96.366837 -97.192009 -97.607933 -97.44101 -96.810791 -95.488922 -93.558716 -90.97554 -87.727692 -83.910614 -79.538376 -74.636841 -69.340492 -63.648579 -57.68618 -51.385315 -44.794777 -37.843525 -30.526987 -22.937099 -15.187824 -7.2055678 -0.68126988 7.4493446 14.044465 21.681728 29.287643 36.528355 43.612156 50.337883 56.819992 62.960297 68.71183 73.9785 78.714478 83.081917 86.909187 90.08403 92.802513 95.005219 96.57962 97.516762 97.937614 97.688728 96.77375 95.211113 93.074257 90.318298 87.090591 83.319572 79.028435 74.292191
64.557266 58.435429 51.935547 45.183449 38.276443 31.07674 23.68866 16.073805 8.244216 2.553932 -6.3036876 -13.177543 -20.964722 -28.716887 -35.998886 -43.053844 -49.775166 -56.16552 -62.159691 -67.927002 -73.39106 -78.40136 -82.932632 -86.828758 -90.169044 -92.768394 -94.848473 -96.366837 -97.192009 -97.607933 -97.44101 -96.810791 -95.488922 -93.558716 -90.97554 -87.727692 -83.910614 -79.538376 -74.636841 -69.340492 -63.648579 -57.68618 -51.385315 -44.794777 -37.843525 -30.526987 -22.937099 -15.187824 -7.2055678 -0.68126988 7.4493446 14.044465 21.681728 29.287643 36.528355 43.612156 50.337883 56.819992 62.960297 68.71183 73.9785 78.714478 83.081917 86.909187 90.08403 92.802513 95.005219 96.57962 97.516762 97.937614 97.688728 96.77375 95.211113 93.074257 90.318298 87.090591 83.319572 79.028435 74.292191 69.037971
58.435429 51.935547 45.183449 38.276443 31.07674 23.68866 16.073805 8.244216 2.553932 -6.3036876 -13.177543 -20.964722 -28.716887 -35.998886 -43.053844 -49.775166 -56.16552 -62.159691 -67.927002 -73.39106 -78.40136 -82.932632 -86.828758 -90.169044 -92.768394 -94.848473 -96.366837 -97.192009 -97.607933 -97.44101 -96.810791 -95.488922 -93.558716 -90.97554 -87.727692 -83.910614 -79.538376 -74.636841 -69.340492 -63.648579 -57.68618 -51.385315 -44.794777 -37.843525 -30.526987 -22.937099 -15.187824 -7.2055678 -0.68126988 7.4493446 14.044465 21.681728 29.287643 36.528355 43.612156 50.337883 56.819992 62.960297 68.71183 73.9785 78.714478 83.081917 86.909187 90.08403 92.802513 95.005219 96.57962 97.516762 97.937614 97.688728 96.77375 95.211113 93.074257 90.318298 87.090591 83.319572 79.028435 74.292191 69.037971 63.449516
51.935547 45.183449 38.276443 31.07674 23.68866 16.073805 8.244216 2.553932 -6.3036876 -13.177543 -20.964722 -28.716887 -35.998886 -43.053844 -49.775166 -56.16552 -62.159691 -67.927002 -73.39106 -78.40136 -82.932632 -86.828758 -90.169044 -92.768394 -94.848473 -96.366837 -97.192009 -97.607933 -97.44101 -96.810791 -95.488922 -93.558716 -90.97554 -87.727692 -83.910614 -79.538376 -74.636841 -69.340492 -63.648579 -57.68618 -51.385315 -44.794777 -37.843525 -30.526987 -22.937099 -15.187824 -7.2055678 -0.68126988 7.4493446 14.044465 21.681728 29.287643 36.528355 43.612156 50.337883 56.819992 62.960297 68.71183 73.9785 78.714478 83.081917 86.909187 90.08403 92.802513 95.005219 96.57962 97.516762 97.937614 97.688728 96.77375 95.211113 93.074257 90.318298 87.090591 83.319572 79.028435 74.292191 69.037971 63.449516 57.32106
45.183449 38.276443 31.07674 23.68866 16.073805 8.244216 2.553932 -6.3036876 -13.177543 -20.964722 -28.716887 -35.998886 -43.053844 -49.775166 -56.16552 -62.159691 -67.927002 -73.39106 -78.40136 -82.932632 -86.828758 -90.169044 -92.768394 -94.848473 -96.366837 -97.192009 -97.607933 -97.44101 -96.810791 -95.488922 -93.558716 -90.97554 -87.727692 -83.910614 -79.538376 -74.636841 -69.340492 -63.648579 -57.68618 -51.385315 -44.794777 -37.843525 -30.526987 -22.937099 -15.187824 -7.2055678 -0.68126988 7.4493446 14.044465 21.681728 29.287643 36.528355 43.612156 50.337883 56.819992 62.960297 68.71183 73.9785 78.714478 83.081917 86.909187 90.08403 92.802513 95.005219 96.57962 97.516762 97.937614 97.688728 96.77375 95.211113 93.074257 90.318298 87.090591 83.319572 79.028435 74.292191 69.037971 63.449516 57.32106 50.888676
38.276443 31.07674 23.68866 16.073805 8.244216 2.553932 -6.3036876 -13.177543 -20.964722 -28.716887 -35.998886 -43.053844 -49.775166 -56.16552 -62.159691 -67.927002 -73.39106 -78.40136 -82.932632 -86.828758 -90.169044 -92.768394 -94.848473 -96.366837 -97.192009 -97.607933 -97.44101 -96.810791 -95.488922 -93.558716 -90.97554 -87.727692 -83.910614 -79.538376 -74.636841 -69.340492 -63.648579 -57.68618 -51.385315 -44.794777 -37.843525 -30.526987 -22.937099 -15.187824 -7.2055678 -0.68126988 7.4493446 14.044465 21.681728 29.287643 36.528355 43.612156 50.337883 56.819992 62.960297 68.71183 73.9785 78.714478 83.081917 86.909187 90.08403 92.802513 95.005219 96.57962 97.516762 97.937614 97.688728 96.77375 95.211113 93.074257 90.318298 87.090591 83.319572 79.028435 74.292191 69.037971 63.449516 57.32106 50.888676 44.153431
31.07674 23.68866 16.073805 8.244216 2.553932 -6.3036876 -13.177543 -20.964722 -28.716887 -35.998886 -43.053844 -49.775166 -56.16552 -62.159691 -67.927002 -73.39106 -78.40136 -82.932632 -86.828758 -90.169044 -92.768394 -94.848473 -96.366837 -97.192009 -97.607933 -97.44101 -96.810791 -95.488922 -93.558716 -90.97554 -87.727692 -83.910614 -79.538376 -74.636841 -69.340492 -63.648579 -57.68618 -51.385315 -44.794777 -37.843525 -30.526987 -22.937099 -15.187824 -7.2055678 -0.68126988 7.4493446 14.044465 21.681728 29.287643 36.528355 43.612156 50.337883 56.819992 62.960297 68.71183 73.9785 78.714478 83.081917 86.909187 90.08403 92.802513 95.005219 96.57962 97.516762 97.937614 97.688728 96.77375 95.211113 93.074257 90.318298 87.090591 83.319572 79.028435 74.292191 69.037971 63.449516 57.32106 50.888676 44.153431 37.112007
23.68866 16.073805 8.244216 2.553932 -6.3036876 -13.177543 -20.964722 -28.716887 -35.998886 -43.053844 -49.775166 -56.16552 -62.159691 -67.927002 -73.39106 -78.40136 -82.932632 -86.828758 -90.169044 -92.768394 -94.848473 -96.366837 -97.192009 -97.607933 -97.44101 -96.810791 -95.488922 -93.558716 -90.97554 -87.727692 -83.910614 -79.538376 -74.636841 -69.340492 -63.648579 -57.68618 -51.385315 -44.794777 -37.843525 -30.526987 -22.937099 -15.187824 -7.2055678 -0.68126988 7.4493446 14.044465 21.681728 29.287643 36.528355 43.612156 50.337883 56.819992 62.960297 68.71183 73.9785 78.714478 83.081917 86.909187 90.08403 92.802513 95.005219 96.57962 97.516762 97.937614 97.688728 96.77375 95.211113 93.074257 90.318298 87.090591 83.319572 79.028435 74.292191 69.037971 63.449516 57.32106 50.888676 44.153431 37.112007 29.814615
16.073805 8.244216 2.553932 -6.3036876 -13.177543 -20.964722 -28.716887 -35.998886 -43.053844 -49.775166 -56.16552 -62.159691 -67.927002 -73.39106 -78.40136 -82.932632 -86.828758 -90.169044 -92.768394 -94.848473 -96.366837 -97.192009 -97.607933 -97.44101 -96.810791 -95.488922 -93.558716 -90.97554 -87.727692 -83.910614 -79.538376 -74.636841 -69.340492 -63.648579 -57.68618 -51.385315 -44.794777 -37.843525 -30.526987 -22.937099 -15.187824 -7.2055678 -0.68126988 7.4493446 14.044465 21.681728 29.287643 36.528355 43.612156 50.337883 56.819992 62.960297 68.71183 73.9785 78.714478 83.081917 86.909187 90.08403 92.802513 95.005219 96.57962 97.516762 97.937614 97.688728 96.77375 95.211113 93.074257 90.318298 87.090591 83.319572 79.028435 74.292191 69.037971 63.449516 57.32106 50.888676 44.153431 37.112007 29.814615 22.279493
8.244216 2.553932 -6.3036876 -13.177543 -20.964722 -28.716887 -35.998886 -43.053844 -49.775166 -56.16552 -62.159691 -67.927002 -73.39106 -78.40136 -82.932632 -86.828758 -90.169044 -92.768394 -94.848473 -96.366837 -97.192009 -97.607933 -97.44101 -96.810791 -95.488922 -93.558716 -90.97554 -87.727692 -83.910614 -79.538376 -74.636841 -69.340492 -63.648579 -57.68618 -51.385315 -44.794777 -37.843525 -30.526987 -22.937099 -15.187824 -7.2055678 -0.68126988 7.4493446 14.044465 21.681728 29.287643 36.528355 43.612156 50.337883 56.819992 62.960297 68.71183 73.9785 78.714478 83.081917 86.909187 90.08403 92.802513 95.005219 96.57962 97.516762 97.937614 97.688728 96.77375 95.211113 93.074257 90.318298 87.090591 83.319572 79.028435 74.292191 69.037971 63.449516 57.32106 50.888676 44.153431 37.112007 29.814615 22.279493 14.553754
2.553932 -6.3036876 -13.177543 -20.964722 -28.716887 -35.998886 -43.053844 -49.775166 -56.16552 -62.159691 -67.927002 -73.39106 -78.40136 -82.932632 -86.828758 -90.169044 -92.768394 -94.848473 -96.366837 -97.192009 -97.607933 -97.44101 -96.810791 -95.488922 -93.558716 -90.97554 -87.727692 -83.910614 -79.538376 -74.636841 -69.340492 -63.648579 -57.68618 -51.385315 -44.794777 -37.843525 -30.526987 -22.937099 -15.187824 -7.2055678 -0.68126988 7.4493446 14.044465 21.681728 29.287643 36.528355 43.612156 50.337883 56.819992 62.960297 68.71183 73.9785 78.714478 83.081917 86.909187 90.08403 92.802513 95.005219 96.57962 97.516762 97.937614 97.688728 96.77375 95.211113 93.074257 90.318298 87.090591 83.319572 79.028435 74.292191 69.037971 63.449516 57.32106 50.888676 44.153431 37.112007 29.814615 22.279493 14.553754 6.7522459
-6.3036876 -13.177543 -20.964722 -28.716887 -35.998886 -43.053844 -49.775166 -56.16552 -62.159691 -67.927002 -73.39106 -78.40136 -82.932632 -86.828758 -90.169044 -92.768394 -94.848473 -96.366837 -97.192009 -97.607933 -97.44101 -96.810791 -95.488922 -93.558716 -90.97554 -87.727692 -83.910614 -79.538376 -74.636841 -69.340492 -63.648579 -57.68618 -51.385315 -44.794777 -37.843525 -30.526987 -22.937099 -15.187824 -7.2055678 -0.68126988 7.4493446 14.044465 21.681728 29.287643 36.528355 43.612156 50.337883 56.819992 62.960297 68.71183 73.9785 78.714478 83.081917 86.909187 90.08403 92.802513 95.005219 96.57962 97.516762 97.937614 97.688728 96.77375 95.211113 93.074257 90.318298 87.090591 83.319572 79.028435 74.292191 69.037971 63.449516 57.32106 50.888676 44.153431 37.112007 29.814615 22.279493 14.553754 6.7522459 -0.062666304
-13.177543 -20.964722 -28.716887 -35.998886 -43.053844 -49.775166 -56.16552 -62.159691 -67.927002 -73.39106 -78.40136 -82.932632 -86.828758 -90.169044 -92.768394 -94.848473 -96.366837 -97.192009 -97.607933 -97.44101 -96.810791 -95.488922 -93.558716 -90.97554 -87.727692 -83.910614 -79.538376 -74.636841 -69.340492 -63.648579 -57.68618 -51.385315 -44.794777 -37.843525 -30.526987 -22.937099 -15.187824 -7.2055678 -0.68126988 7.4493446 14.044465 21.681728 29.287643 36.528355 43.612156 50.337883 56.819992 62.960297 68.71183 73.9785 78.714478 83.081917 86.909187 90.08403 92.802513 95.005219 96.57962 97.516762 97.937614 97.688728 96.77375 95.211113 93.074257 90.318298 87.090591 83.319572 79.028435 74.292191 69.037971 63.449516 57.32106 50.888676 44.153431 37.112007 29.814615 22.279493 14.553754 6.7522459 -0.062666304 -6.6454811
-20.964722 -28.716887 -35.998886 -43.053844 -49.775166 -56.16552 -62.159691 -67.927002 -73.39106 -78.40136 -82.932632 -86.828758 -90.169044 -92.768394 -94.848473 -96.366837 -97.192009 -97.607933 -97.44101 -96.810791 -95.488922 -93.558716 -90.97554 -87.727692 -83.910614 -79.538376 -74.636841 -69.340492 -63.648579 -57.68618 -51.385315 -44.794777 -37.843525 -30.526987 -22.937099 -15.187824 -7.2055678 -0.68126988 7.4493446 14.044465 21.681728 29.287643 36.528355 43.612156 50.337883 56.819992 62.960297 68.71183 73.9785 78.714478 83.081917 86.909187 90.08403 92.802513 95.005219 96.57962 97.516762 97.937614 97.688728 96.77375 95.211113 93.074257 90.318298 87.090591 83.319572 79.028435 74.292191 69.037971 63.449516 57.32106 50.888676 44.153431 37.112007 29.814615 22.279493 14.553754 6.7522459 -0.062666304 -6.6454811 -14.35768
-28.716887 -35.998886 -43.053844 -49.775166 -56.16552 -62.159691 -67.927002 -73.39106 -78.40136 -82.932632 -86.828758 -90.169044 -92.768394 -94.848473 -96.366837 -97.192009 -97.607933 -97.44101 -96.810791 -95.488922 -93.558716 -90.97554 -87.727692 -83.910614 -79.538376 -74.636841 -69.340492 -63.648579 -57.68618 -51.385315 -44.794777 -37.843525 -30.526987 -22.937099 -15.187824 -7.2055678 -0.68126988 7.4493446 14.044465 21.681728 29.287643 36.528355 43.612156 50.337883 56.819992 62.960297 68.71183 73.9785 78.714478 83.081917 86.909187 90.08403 92.802513 95.005219 96.57962 97.516762 97.937614 97.688728 96.77375 95.211113 93.074257 90.318298 87.090591 83.319572 79.028435 74.292191 69.037971 63.449516 57.32106 50.888676 44.153431 37.112007 29.814615 22.279493 14.553754 6.7522459 -0.062666304 -6.6454811 -14.35768 -22.128975
-35.998886 -43.053844 -49.775166 -56.16552 -62.159691 -67.927002 -73.39106 -78.40136 -82.932632 -86.828758 -90.169044 -92.768394 -94.848473 -96.366837 -97.192009 -97.607933 -97.44101 -96.810791 -95.488922 -93.558716 -90.97554 -87.727692 -83.910614 -79.538376 -74.636841 -69.340492 -63.648579 -57.68618 -51.385315 -44.794777 -37.843525 -30.526987 -22.937099 -15.187824 -7.2055678 -0.68126988 7.4493446 14.044465 21.681728 29.287643 36.528355 43.612156 50.337883 56.819992 62.960297 68.71183 73.9785 78.714478 83.081917 86.909187 90.08403 92.802513 95.005219 96.57962 97.516762 97.937614 97.688728 96.77375 95.211113 93.074257 90.318298 87.090591 83.319572 79.028435 74.292191 69.037971 63.449516 57.32106 50.888676 44.153431 37.112007 29.814615 22.279493 14.553754 6.7522459 -0.062666304 -6.6454811 -14.35768 -22.128975 -29.707409
-43.053844 -49.775166 -56.16552 -62.159691 -67.927002 -73.39106 -78.40136 -82.932632 -86.828758 -90.169044 -92.768394 -94.848473 -96.366837 -97.192009 -97.607933 -97.44101 -96.810791 -95.488922 -93.558716 -90.97554 -87.727692 -83.910614 -79.538376 -74.636841 -69.340492 -63.648579 -57.68618 -51.385315 -44.794777 -37.843525 -30.526987 -22.937099 -15.187824 -7.2055678 -0.68126988 7.4493446 14.044465 21.681728 29.287643 36.528355 43.612156 50.337883 56.819992 62.960297 68.71183 73.9785 78.714478 83.081917 86.909187 90.08403 92.802513 95.005219 96.57962 97.516762 97.937614 97.688728 96.77375 95.211113 93.074257 90.318298 87.090591 83.319572 79.028435 74.292191 69.037971 63.449516 57.32106 50.888676 44.153431 37.112007 29.814615 22.279493 14.553754 6.7522459 -0.062666304 -6.6454811 -14.35768 -22.128975 -29.707409 -37.083775
-49.775166 -56.16552 -62.159691 -67.927002 -73.39106 -78.40136 -82.932632 -86.828758 -90.169044 -92.768394 -94.848473 -96.366837 -97.192009 -97.607933 -97.44101 -96.810791 -95.488922 -93.558716 -90.97554 -87.727692 -83.910614 -79.538376 -74.636841 -69.340492 -63.648579 -57.68618 -51.385315 -44.794777 -37.843525 -30.526987 -22.937099 -15.187824 -7.2055678 -0.68126988 7.4493446 14.044465 21.681728 29.287643 36.528355 43.612156 50.337883 56.819992 62.960297 68.71183 73.9785 78.714478 83.081917 86.909187 90.08403 92.802513 95.005219 96.57962 97.516762 97.937614 97.688728 96.77375 95.211113 93.074257 90.318298 87.090591 83.319572 79.028435 74.292191 69.037971 63.449516 57.32106 50.888676 44.153431 37.112007 29.814615 22.279493 14.553754 6.7522459 -0.062666304 -6.6454811 -14.35768 -22.128975 -29.707409 -37.083775 -44.032516
-56.16552 -62.159691 -67.927002 -73.39106 -78.40136 -82.932632 -86.828758 -90.169044 -92.768394 -94.848473 -96.366837 -97.192009 -97.607933 -97.44101 -96.810791 -95.488922 -93.558716 -90.97554 -87.727692 -83.910614 -79.538376 -74.636841 -69.340492 -63.648579 -57.68618 -51.385315 -44.794777 -37.843525 -30.526987 -22.937099 -15.187824 -7.2055678 -0.68126988 7.4493446 14.044465 21.681728 29.287643 36.528355 43.612156 50.337883 56.819992 62.960297 68.71183 73.9785 78.714478 83.081917 86.909187 90.08403 92.802513 95.005219 96.57962 97.516762 97.937614 97.688728 96.77375 95.211113 93.074257 90.318298 87.090591 83.319572 79.028435 74.292191 69.037971 63.449516 57.32106 50.888676 44.153431 37.112007 29.814615 22.279493 14.553754 6.7522459 -0.062666304 -6.6454811 -14.35768 -22.128975 -29.707409 -37.083775 -44.032516 -50.77602
-62.159691 -67.927002 -73.39106 -78.40136 -82.932632 -86.828758 -90.169044 -92.768394 -94.848473 -96.366837 -97.192009 -97.607933 -97.44101 -96.810791 -95.488922 -93.558716 -90.97554 -87.727692 -83.910614 -79.538376 -74.636841 -69.340492 -63.648579 -57.68618 -51.385315 -44.794777 -37.843525 -30.526987 -22.937099 -15.187824 -7.2055678 -0.68126988 7.4493446 14.044465 21.681728 29.287643 36.528355 43.612156 50.337883 56.819992 62.960297 68.71183 73.9785 78.714478 83.081917 86.909187 90.08403 92.802513 95.005219 96.57962 97.516762 97.937614 97.688728 96.77375 95.211113 93.074257 90.318298 87.090591 83.319572 79.028435 74.292191 69.037971 63.449516 57.32106 50.888676 44.153431 37.112007 29.814615 22.279493 14.553754 6.7522459 -0.062666304 -6.6454811 -14.35768 -22.128975 -29.707409 -37.083775 -44.032516 -50.77602 -57.129398
-67.927002 -73.39106 -78.40136 -82.932632 -86.828758 -90.169044 -92.768394 -94.848473 -96.366837 -97.192009 -97.607933 -97.44101 -96.810791 -95.488922 -93.558716 -90.97554 -87.727692 -83.910614 -79.538376 -74.636841 -69.340492 -63.648579 -57.68618 -51.385315 -44.794777 -37.843525 -30.526987 -22.937099 -15.187824 -7.2055678 -0.68126988 7.4493446 14.044465 21.681728 29.287643 36.528355 43.612156 50.337883 56.819992 62.960297 68.71183 73.9785 78.714478 83.081917 86.909187 90.08403 92.802513 95.005219 96.57962 97.516762 97.937614 97.688728 96.77375 95.211113 93.074257 90.318298 87.090591 83.319572 79.028435 74.292191 69.037971 63.449516 57.32106 50.888676 44.153431 37.112007 29.814615 22.279493 14.553754 6.7522459 -0.062666304 -6.6454811 -14.35768 -22.128975 -29.707409 -37.083775 -44.032516 -50.77602 -57.129398 -63.190067
-73.39106 -78.40136 -82.932632 -86.828758 -90.169044 -92.768394 -94.848473 -96.366837 -97.192009 -97.607933 -97.44101 -96.810791 -95.488922 -93.558716 -90.97554 -87.727692 -83.910614 -79.538376 -74.636841 -69.340492 -63.648579 -57.68618 -51.385315 -44.794777 -37.843525 -30.526987 -22.937099 -15.187824 -7.2055678 -0.68126988 7.4493446 14.044465 21.681728 29.287643 36.528355 43.612156 50.337883 56.819992 62.960297 68.71183 73.9785 78.714478 83.081917 86.909187 90.08403 92.802513 95.005219 96.57962 97.516762 97.937614 97.688728 96.77375 95.211113 93.074257 90.318298 87.090591 83.319572 79.028435 74.292191 69.037971 63.449516 57.32106 50.888676 44.153431 37.112007 29.814615 22.279493 14.553754 6.7522459 -0.062666304 -6.6454811 -14.35768 -22.128975 -29.707409 -37.083775 -44.032516 -50.77602 -57.129398 -63.190067 -68.780182
-78.40136 -82.932632 -86.828758 -90.169044 -92.768394 -94.848473 -96.366837 -97.192009 -97.607933 -97.44101 -96.810791 -95.488922 -93.558716 -90.97554 -87.727692 -83.910614 -79.538376 -74.636841 -69.340492 -63.648579 -57.68618 -51.385315 -44.794777 -37.843525 -30.526987 -22.937099 -15.187824 -7.2055678 -0.68126988 7.4493446 14.044465 21.681728 29.287643 36.528355 43.612156 50.337883 56.819992 62.960297 68.71183 73.9785 78.714478 83.081917 86.909187 90.08403 92.802513 95.005219 96.57962 97.516762 97.937614 97.688728 96.77375 95.211113 93.074257 90.318298 87.090591 83.319572 79.028435 74.292191 69.037971 63.449516 57.32106 50.888676 44.153431 37.112007 29.814615 22.279493 14.553754 6.7522459 -0.062666304 -6.6454811 -14.35768 -22.128975 -29.707409 -37.083775 -44.032516 -50.77602 -57.129398 -63.190067 -68.780182 -74.018143
-82.932632 -86.828758 -90.169044 -92.768394 -94.848473 -96.366837 -97.192009 -97.607933 -97.44101 -96.810791 -95.488922 -93.558716 -90.97554 -87.727692 -83.910614 -79.538376 -74.636841 -69.340492 -63.648579 -57.68618 -51.385315 -44.794777 -37.843525 -30.526987 -22.937099 -15.187824 -7.2055678 -0.68126988 7.4493446 14.044465 21.681728 29.287643 36.528355 43.612156 50.337883 56.819992 62.960297 68.71183 73.9785 78.714478 83.081917 86.909187 90.08403 92.802513 95.005219 96.57962 97.516762 97.937614 97.688728 96.77375 95.211113 93.074257 90.318298 87.090591 83.319572 79.028435 74.292191 69.037971 63.449516 57.32106 50.888676 44.153431 37.112007 29.814615 22.279493 14.553754 6.7522459 -0.062666304 -6.6454811 -14.35768 -22.128975 -29.707409 -37.083775 -44.032516 -50.77602 -57.129398 -63.190067 -68.780182 -74.018143 -78.833229
-86.828758 -90.169044 -92.768394 -94.848473 -96.366837 -97.192009 -97.607933 -97.44101 -96.810791 -95.488922 -93.558716 -90.97554 -87.727692 -83.910614 -79.538376 -74.636841 -69.340492 -63.648579 -57.68618 -51.385315 -44.794777 -37.843525 -30.526987 -22.937099 -15.187824 -7.2055678 -0.68126988 7.4493446 14.044465 21.681728 29.287643 36.528355 43.612156 50.337883 56.819992 62.960297 68.71183 73.9785 78.714478 83.081917 86.909187 90.08403 92.802513 95.005219 96.57962 97.516762 97.937614 97.688728 96.77375 95.211113 93.074257 90.318298 87.090591 83.319572 79.028435 74.292191 69.037971 63.449516 57.32106 50.888676 44.153431 37.112007 29.814615 22.279493 14.553754 6.7522459 -0.062666304 -6.6454811 -14.35768 -22.128975 -29.707409 -37.083775 -44.032516 -50.77602 -57.129398 -63.190067 -68.780182 -74.018143 -78.833229 -83.192772
-90.169044 -92.768394 -94.848473 -96.366837 -97.192009 -97.607933 -97.44101 -96.810791 -95.488922 -93.558716 -90.97554 -87.727692 -83.910614 -79.538376 -74.636841 -69.340492 -63.648579 -57.68618 -51.385315 -44.794777 -37.843525 -30.526987 -22.937099 -15.187824 -7.2055678 -0.68126988 7.4493446 14.044465 21.681728 29.287643 36.528355 43.612156 50.337883 56.819992 62.960297 68.71183 73.9785 78.714478 83.081917 86.909187 90.08403 92.802513 95.005219 96.57962 97.516762 97.937614 97.688728 96.77375 95.211113 93.074257 90.318298 87.090591 83.319572 79.028435 74.292191 69.037971 63.449516 57.32106 50.888676 44.153431 37.112007 29.814615 22.279493 14.553754 6.7522459 -0.062666304 -6.6454811 -14.35768 -22.128975 -29.707409 -37.083775 -44.032516 -50.77602 -57.129398 -63.190067 -68.780182 -74.018143 -78.833229 -83.192772 -87.133438
-92.768394 -94.848473 -96.366837 -97.192009 -97.607933 -97.44101 -96.810791 -95.488922 -93.558716 -90.97554 -87.727692 -83.910614 -79.538376 -74.636841 -69.340492 -63.648579 -57.68618 -51.385315 -44.794777 -37.843525 -30.526987 -22.937099 -15.187824 -7.2055678 -0.68126988 7.4493446 14.044465 21.681728 29.287643 36.528355 43.612156 50.337883 56.819992 62.960297 68.71183 73.9785 78.714478 83.081917 86.909187 90.08403 92.802513 95.005219 96.57962 97.516762 97.937614 97.688728 96.77375 95.211113 93.074257 90.318298 87.090591 83.319572 79.028435 74.292191 69.037971 63.449516 57.32106 50.888676 44.153431 37.112007 29.814615 22.279493 14.553754 6.7522459 -0.062666304 -6.6454811 -14.35768 -22.128975 -29.707409 -37.083775 -44.032516 -50.77602 -57.129398 -63.190067 -68.780182 -74.018143 -78.833229 -83.192772 -87.133438 -90.385208
-94.848473 -96.366837 -97.192009 -97.607933 -97.44101 -96.810791 -95.488922 -93.558716 -90.97554 -87.727692 -83.910614 -79.538376 -74.636841 -69.340492 -63.648579 -57.68618 -51.385315 -44.794777 -37.843525 -30.526987 -22.937099 -15.187824 -7.2055678 -0.68126988 7.4493446 14.044465 21.681728 29.287643 36.528355 43.612156 50.337883 56.819992 62.960297 68.71183 73.9785 78.714478 83.081917 86.909187 90.08403 92.802513 95.005219 96.57962 97.516762 97.937614 97.688728 96.77375 95.211113 93.074257 90.318298 87.090591 83.319572 79.028435 74.292191 69.037971 63.449516 57.32106 50.888676 44.153431 37.112007 29.814615 22.279493 14.553754 6.7522459 -0.062666304 -6.6454811 -14.35768 -22.128975 -29.707409 -37.083775 -44.032516 -50.77602 -57.129398 -63.190067 -68.780182 -74.018143 -78.833229 -83.192772 -87.133438 -90.385208 -93.107307
-96.366837 -97.192009 -97.607933 -97.44101 -96.810791 -95.488922 -93.558716 -90.97554 -87.727692 -83.910614 -79.538376 -74.636841 -69.340492 -63.648579 -57.68618 -51.385315 -44.794777 -37.843525 -30.526987 -22.937099 -15.187824 -7.2055678 -0.68126988 7.4493446 14.044465 21.681728 29.287643 36.528355 43.612156 50.337883 56.819992 62.960297 68.71183 73.9785 78.714478 83.081917 86.909187 90.08403 92.802513 95.005219 96.57962 97.516762 97.937614 97.688728 96.77375 95.211113 93.074257 90.318298 87.090591 83.319572 79.028435 74.292191 69.037971 63.449516 57.32106 50.888676 44.153431 37.112007 29.814615 22.279493 14.553754 6.7522459 -0.062666304 -6.6454811 -14.35768 -22.128975 -29.707409 -37.083775 -44.032516 -50.77602 -57.129398 -63.190067 -68.780182 -74.018143 -78.833229 -83.192772 -87.133438 -90.385208 -93.107307 -95.188889
-97.192009 -97.607933 -97.44101 -96.810791 -95.488922 -93.558716 -90.97554 -87.727692 -83.910614 -79.538376 -74.636841 -69.340492 -63.648579 -57.68618 -51.385315 -44.794777 -37.843525 -30.526987 -22.937099 -15.187824 -7.2055678 -0.68126988 7.4493446 14.044465 21.681728 29.287643 36.528355 43.612156 50.337883 56.819992 62.960297 68.71183 73.9785 78.714478 83.081917 86.909187 90.08403 92.802513 95.005219 96.57962 97.516762 97.937614 97.688728 96.77375 95.211113 93.074257 90.318298 87.090591 83.319572 79.028435 74.292191 69.037971 63.449516 57.32106 50.888676 44.153431 37.112007 29.814615 22.279493 14.553754 6.7522459 -0.062666304 -6.6454811 -14.35768 -22.128975 -29.707409 -37.083775 -44.032516 -50.77602 -57.129398 -63.190067 -68.780182 -74.018143 -78.833229 -83.192772 -87.133438 -90.385208 -93.107307 -95.188889 -96.663589
-97.607933 -97.44101 -96.810791 -95.488922 -93.558716 -90.97554 -87.727692 -83.910614 -79.538376 -74.636841 -69.340492 -63.648579 -57.68618 -51.385315 -44.794777 -37.843525 -30.526987 -22.937099 -15.187824 -7.2055678 -0.68126988 7.4493446 14.044465 21.681728 29.287643 36.528355 43.612156 50.337883 56.819992 62.960297 68.71183 73.9785 78.714478 83.081917 86.909187 90.08403 92.802513 95.005219 96.57962 97.516762 97.937614 97.688728 96.77375 95.211113 93.074257 90.318298 87.090591 83.319572 79.028435 74.292191 69.037971 63.449516 57.32106 50.888676 44.153431 37.112007 29.814615 22.279493 14.553754 6.7522459 -0.062666304 -6.6454811 -14.35768 -22.128975 -29.707409 -37.083775 -44.032516 -50.77602 -57.129398 -63.190067 -68.780182 -74.018143 -78.833229 -83.192772 -87.133438 -90.385208 -93.107307 -95.188889 -96.663589 -97.473511
-97.44101 -96.810791 -95.488922 -93.558716 -90.97554 -87.727692 -83.910614 -79.538376 -74.636841 -69.340492 -63.648579 -57.68618 -51.385315 -44.794777 -37.843525 -30.526987 -22.937099 -15.187824 -7.2055678 -0.68126988 7.4493446 14.044465 21.681728 29.287643 36.528355 43.612156 50.337883 56.819992 62.960297 68.71183 73.9785 78.714478 83.081917 86.909187 90.08403 92.802513 95.005219 96.57962 97.516762 97.937614 97.688728 96.77375 95.211113 93.074257 90.318298 87.090591 83.319572 79.028435 74.292191 69.037971 63.449516 57.32106 50.888676 44.153431 37.112007 29.814615 22.279493 14.553754 6.7522459 -0.062666304 -6.6454811 -14.35768 -22.128975 -29.707409 -37.083775 -44.032516 -50.77602 -57.129398 -63.190067 -68.780182 -74.018143 -78.833229 -83.192772 -87.133438 -90.385208 -93.107307 -95.188889 -96.663589 -97.473511 -97.751106
-96.810791 -95.488922 -93.558716 -90.97554 -87.727692 -83.910614 -79.538376 -74.636841 -69.340492 -63.648579 -57.68618 -51.385315 -44.794777 -37.843525 -30.526987 -22.937099 -15.187824 -7.2055678 -0.68126988 7.4493446 14.044465 21.681728 29.287643 36.528355 43.612156 50.337883 56.819992 62.960297 68.71183 73.9785 78.714478 83.081917 86.909187 90.08403 92.802513 95.005219 96.57962 97.516762 97.937614 97.688728 96.77375 95.211113 93.074257 90.318298 87.090591 83.319572 79.028435 74.292191 69.037971 63.449516 57.32106 50.888676 44.153431 37.112007 29.814615 22.279493 14.553754 6.7522459 -0.062666304 -6.6454811 -14.35768 -22.128975 -29.707409 -37.083775 -44.032516 -50.77602 -57.129398 -63.190067 -68.780182 -74.018143 -78.833229 -83.192772 -87.133438 -90.385208 -93.107307 -95.188889 -96.663589 -97.473511 -97.751106 -97.417023
-95.488922 -93.558716 -90.97554 -87.727692 -83.910614 -79.538376 -74.636841 -69.340492 -63.648579 -57.68618 -51.385315 -44.794777 -37.843525 -30.526987 -22.937099 -15.187824 -7.2055678 -0.68126988 7.4493446 14.044465 21.681728 29.287643 36.528355 43.612156 50.337883 56.819992 62.960297 68.71183 73.9785 78.714478 83.081917 86.909187 90.08403 92.802513 95.005219 96.57962 97.516762 97.937614 97.688728 96.77375 95.211113 93.074257 90.318298 87.090591 83.319572 79.028435 74.292191 69.037971 63.449516 57.32106 50.888676 44.153431 37.112007 29.814615 22.279493 14.553754 6.7522459 -0.062666304 -6.6454811 -14.35768 -22.128975 -29.707409 -37.083775 -44.032516 -50.77602 -57.129398 -63.190067 -68.780182 -74.018143 -78.833229 -83.192772 -87.133438 -90.385208 -93.107307 -95.188889 -96.663589 -97.473511 -97.751106 -97.417023 -96.495796
-93.558716 -90.97554 -87.727692 -83.910614 -79.538376 -74.636841 -69.340492 -63.648579 -57.68618 -51.385315 -44.794777 -37.843525 -30.526987 -22.937099 -15.187824 -7.2055678 -0.68126988 7.4493446 14.044465 21.681728 29.287643 36.528355 43.612156 50.337883 56.819992 62.960297 68.71183 73.9785 78.714478 83.081917 86.909187 90.08403 92.802513 95.005219 96.57962 97.516762 97.937614 97.688728 96.77375 95.211113 93.074257 90.318298 87.090591 83.319572 79.028435 74.292191 69.037971 63.449516 57.32106 50.888676 44.153431 37.112007 29.814615 22.279493 14.553754 6.7522459 -0.062666304 -6.6454811 -14.35768 -22.128975 -29.707409 -37.083775 -44.032516 -50.77602 -57.129398 -63.190067 -68.780182 -74.018143 -78.833229 -83.192772 -87.133438 -90.385208 -93.107307 -95.188889 -96.663589 -97.473511 -97.751106 -97.417023 -96.495796 -94.981537
-90.97554 -87.727692 -83.910614 -79.538376 -74.636841 -69.340492 -63.648579 -57.68618 -51.385315 -44.794777 -37.843525 -30.526987 -22.937099 -15.187824 -7.2055678 -0.68126988 7.4493446 14.044465 21.681728 29.287643 36.528355 43.612156 50.337883 56.819992 62.960297 68.71183 73.9785 78.714478 83.081917 86.909187 90.08403 92.802513 95.005219 96.57962 97.516762 97.937614 97.688728 96.77375 95.211113 93.074257 90.318298 87.090591 83.319572 79.028435 74.292191 69.037971 63.449516 57.32106 50.888676 44.153431 37.112007 29.814615 22.279493 14.553754 6.7522459 -0.062666304 -6.6454811 -14.35768 -22.128975 -29.707409 -37.083775 -44.032516 -50.77602 -57.129398 -63.190067 -68.780182 -74.018143 -78.833229 -83.192772 -87.133438 -90.385208 -93.107307 -95.188889 -96.663589 -97.473511 -97.751106 -97.417023 -96.495796 -94.981537 -92.956383
-87.727692 -83.910614 -79.538376 -74.636841 -69.340492 -63.648579 -57.68618 -51.385315 -44.794777 -37.843525 -30.526987 -22.937099 -15.187824 -7.2055678 -0.68126988 7.4493446 14.044465 21.681728 29.287643 36.528355 43.612156 50.337883 56.819992 62.960297 68.71183 73.9785 78.714478 83.081917 86.909187 90.08403 92.802513 95.005219 96.57962 97.516762 97.937614 97.688728 96.77375 95.211113 93.074257 90.318298 87.090591 83.319572 79.028435 74.292191 69.037971 63.449516 57.32106 50.888676 44.153431 37.112007 29.814615 22.279493 14.553754 6.7522459 -0.062666304 -6.6454811 -14.35768 -22.128975 -29.707409 -37.083775 -44.032516 -50.77602 -57.129398 -63.190067 -68.780182 -74.018143 -78.833229 -83.192772 -87.133438 -90.385208 -93.107307 -95.188889 -96.663589 -97.473511 -97.751106 -97.417023 -96.495796 -94.981537 -92.956383 -90.324142
-83.910614 -79.538376 -74.636841 -69.340492 -63.648579 -57.68618 -51.385315 -44.794777 -37.843525 -30.526987 -22.937099 -15.187824 -7.2055678 -0.68126988 7.4493446 14.044465 21.681728 29.287643 36.528355 43.612156 50.337883 56.819992 62.960297 68.71183 73.9785 78.714478 83.081917 86.909187 90.08403 92.802513 95.005219 96.57962 97.516762 97.937614 97.688728 96.77375 95.211113 93.074257 90.318298 87.090591 83.319572 79.028435 74.292191 69.037971 63.449516 57.32106 50.888676 44.153431 37.112007 29.814615 22.279493 14.553754 6.7522459 -0.062666304 -6.6454811 -14.35768 -22.128975 -29.707409 -37.083775 -44.032516 -50.77602 -57.129398 -63.190067 -68.780182 -74.018143 -78.833229 -83.192772 -87.133438 -90.385208 -93.107307 -95.188889 -96.663589 -97.473511 -97.751106 -97.417023 -96.495796 -94.981537 -92.956383 -90.324142 -87.060577
-79.538376 -74.636841 -69.340492 -63.648579 -57.68618 -51.385315 -44.794777 -37.843525 -30.526987 -22.937099 -15.187824 -7.2055678 -0.68126988 7.4493446 14.044465 21.681728 29.287643 36.528355 43.612156 50.337883 56.819992 62.960297 68.71183 73.9785 78.714478 83.081917 86.909187 90.08403 92.802513 95.005219 96.57962 97.516762 97.937614 97.688728 96.77375 95.211113 93.074257 90.318298 87.090591 83.319572 79.028435 74.292191 69.037971 63.449516 57.32106 50.888676 44.153431 37.112007 29.814615 22.279493 14.553754 6.7522459 -0.062666304 -6.6454811 -14.35768 -22.128975 -29.707409 -37.083775 -44.032516 -50.77602 -57.129398 -63.190067 -68.780182 -74.018143 -78.833229 -83.192772 -87.133438 -90.385208 -93.107307 -95.188889 -96.663589 -97.473511 -97.751106 -97.417023 -96.495796 -94.981537 -92.956383 -90.324142 -87.060577 -83.210838
-74.636841 -69.340492 -63.648579 -57.68618 -51.385315 -44.794777 -37.843525 -30.526987 -22.937099 -15.187824 -7.2055678 -0.68126988 7.4493446 14.044465 21.681728 29.287643 36.528355 43.612156 50.337883 56.819992 62.960297 68.71183 73.9785 78.714478 83.081917 86.909187 90.08403 92.802513 95.005219 96.57962 97.516762 97.937614 97.688728 96.77375 95.211113 93.074257 90.318298 87.090591 83.319572 79.028435 74.292191 69.037971 63.449516 57.32106 50.888676 44.153431 37.112007 29.814615 22.279493 14.553754 6.7522459 -0.062666304 -6.6454811 -14.35768 -22.128975 -29.707409 -37.083775 -44.032516 -50.77602 -57.129398 -63.190067 -68.780182 -74.018143 -78.833229 -83.192772 -87.133438 -90.385208 -93.107307 -95.188889 -96.663589 -97.473511 -97.751106 -97.417023 -96.495796 -94.981537 -92.956383 -90.324142 -87.060577 -83.210838 -78.868561
-69.340492 -63.648579 -57.68618 -51.385315 -44.794777 -37.843525 -30.526987 -22.937099 -15.187824 -7.2055678 -0.68126988 7.4493446 14.044465 21.681728 29.287643 36.528355 43.612156 50.337883 56.819992 62.960297 68.71183 73.9785 78.714478 83.081917 86.909187 90.08403 92.802513 95.005219 96.57962 97.516762 97.937614 97.688728 96.77375 95.211113 93.074257 90.318298 87.090591 83.319572 79.028435 74.292191 69.037971 63.449516 57.32106 50.888676 44.153431 37.112007 29.814615 22.279493 14.553754 6.7522459 -0.062666304 -6.6454811 -14.35768 -22.128975 -29.707409 -37.083775 -44.032516 -50.77602 -57.129398 -63.190067 -68.780182 -74.018143 -78.833229 -83.192772 -87.133438 -90.385208 -93.107307 -95.188889 -96.663589 -97.473511 -97.751106 -97.417023 -96.495796 -94.981537 -92.956383 -90.324142 -87.060577 -83.210838 -78.868561 -73.971512
-63.648579 -57.68618 -51.385315 -44.794777 -37.843525 -30.526987 -22.937099 -15.187824 -7.2055678 -0.68126988 7.4493446 14.044465 21.681728 29.287643 36.528355 43.612156 50.337883 56.819992 62.960297 68.71183 73.9785 78.714478 83.081917 86.909187 90.08403 92.802513 95.005219 96.57962 97.516762 97.937614 97.688728 96.77375 95.211113 93.074257 90.318298 87.090591 83.319572 79.028435 74.292191 69.037971 63.449516 57.32106 50.888676 44.153431 37.112007 29.814615 22.279493 14.553754 6.7522459 -0.062666304 -6.6454811 -14.35768 -22.128975 -29.707409 -37.083775 -44.032516 -50.77602 -57.129398 -63.190067 -68.780182 -74.018143 -78.833229 -83.192772 -87.133438 -90.385208 -93.107307 -95.188889 -96.663589 -97.473511 -97.751106 -97.417023 -96.495796 -94.981537 -92.956383 -90.324142 -87.060577 -83.210838 -78.868561 -73.971512 -68.736305
-57.68618 -51.385315 -44.794777 -37.843525 -30.526987 -22.937099 -15.187824 -7.2055678 -0.68126988 7.4493446 14.044465 21.681728 29.287643 36.528355 43.612156 50.337883 56.819992 62.960297 68.71183 73.9785 78.714478 83.081917 86.909187 90.08403 92.802513 95.005219 96.57962 97.516762 97.937614 97.688728 96.77375 95.211113 93.074257 90.318298 87.090591 83.319572 79.028435 74.292191 69.037971 63.449516 57.32106 50.888676 44.153431 37.112007 29.814615 22.279493 14.553754 6.7522459 -0.062666304 -6.6454811 -14.35768 -22.128975 -29.707409 -37.083775 -44.032516 -50.77602 -57.129398 -63.190067 -68.780182 -74.018143 -78.833229 -83.192772 -87.133438 -90.385208 -93.107307 -95.188889 -96.663589 -97.473511 -97.751106 -97.417023 -96.495796 -94.981537 -92.956383 -90.324142 -87.060577 -83.210838 -78.868561 -73.971512 -68.736305 -62.923218
-51.385315 -44.794777 -37.843525 -30.526987 -22.937099 -15.187824 -7.2055678 -0.68126988 7.4493446 14.044465 21.681728 29.287643 36.528355 43.612156 50.337883 56.819992 62.960297 68.71183 73.9785 78.714478 83.081917 86.909187 90.08403 92.802513 95.005219 96.57962 97.516762 97.937614 97.688728 96.77375 95.211113 93.074257 90.318298 87.090591 83.319572 79.028435 74.292191 69.037971 63.449516 57.32106 50.888676 44.153431 37.112007 29.814615 22.279493 14.553754 6.7522459 -0.062666304 -6.6454811 -14.35768 -22.128975 -29.707409 -37.083775 -44.032516 -50.77602 -57.129398 -63.190067 -68.780182 -74.018143 -78.833229 -83.192772 -87.133438 -90.385208 -93.107307 -95.188889 -96.663589 -97.473511 -97.751106 -97.417023 -96.495796 -94.981537 -92.956383 -90.324142 -87.060577 -83.210838 -78.868561 -73.971512 -68.736305 -62.923218 -56.910583
-44.794777 -37.843525 -30.526987 -22.937099 -15.187824 -7.2055678 -0.68126988 7.4493446 14.044465 21.681728 29.287643 36.528355 43.612156 50.337883 56.819992 62.960297 68.71183 73.9785 78.714478 83.081917 86.909187 90.08403 92.802513 95.005219 96.57962 97.516762 97.937614 97.688728 96.77375 95.211113 93.074257 90.318298 87.090591 83.319572 79.028435 74.292191 69.037971 63.449516 57.32106 50.888676 44.153431 37.112007 29.814615 22.279493 14.553754 6.7522459 -0.062666304 -6.6454811 -14.35768 -22.128975 -29.707409 -37.083775 -44.032516 -50.77602 -57.129398 -63.190067 -68.780182 -74.018143 -78.833229 -83.192772 -87.133438 -90.385208 -93.107307 -95.188889 -96.663589 -97.473511 -97.751106 -97.417023 -96.495796 -94.981537 -92.956383 -90.324142 -87.060577 -83.210838 -78.868561 -73.971512 -68.736305 -62.923218 -56.910583 -50.497921
-37.843525 -30.526987 -22.937099 -15.187824 -7.2055678 -0.68126988 7.4493446 14.044465 21.681728 29.287643 36.528355 43.612156 50.337883 56.819992 62.960297 68.71183 73.9785 78.714478 83.081917 86.909187 90.08403 92.802513 95.005219 96.57962 97.516762 97.937614 97.688728 96.77375 95.211113 93.074257 90.318298 87.090591 83.319572 79.028435 74.292191 69.037971 63.449516 57.32106 50.888676 44.153431 37.112007 29.814615 22.279493 14.553754 6.7522459 -0.062666304 -6.6454811 -14.35768 -22.128975 -29.707409 -37.083775 -44.032516 -50.77602 -57.129398 -63.190067 -68.780182 -74.018143 -78.833229 -83.192772 -87.133438 -90.385208 -93.107307 -95.188889 -96.663589 -97.473511 -97.751106 -97.417023 -96.495796 -94.981537 -92.956383 -90.324142 -87.060577 -83.210838 -78.868561 -73.971512 -68.736305 -62.923218 -56.910583 -50.497921 -43.848301
-30.526987 -22.937099 -15.187824 -7.2055678 -0.68126988 7.4493446 14.044465 21.681728 29.287643 36.528355 43.612156 50.337883 56.819992 62.960297 68.71183 73.9785 78.714478 83.081917 86.909187 90.08403 92.802513 95.005219 96.57962 97.516762 97.937614 97.688728 96.77375 95.211113 93.074257 90.318298 87.090591 83.319572 79.028435 74.292191 69.037971 63.449516 57.32106 50.888676 44.153431 37.112007 29.814615 22.279493 14.553754 6.7522459 -0.062666304 -6.6454811 -14.35768 -22.128975 -29.707409 -37.083775 -44.032516 -50.77602 -57.129398 -63.190067 -68.780182 -74.018143 -78.833229 -83.192772 -87.133438 -90.385208 -93.107307 -95.188889 -96.663589 -97.473511 -97.751106 -97.417023 -96.495796 -94.981537 -92.956383 -90.324142 -87.060577 -83.210838 -78.868561 -73.971512 -68.736305 -62.923218 -56.910583 -50.497921 -43.848301 -36.880039
-22.937099 -15.187824 -7.2055678 -0.68126988 7.4493446 14.044465 21.681728 29.287643 36.528355 43.612156 50.337883 56.819992 62.960297 68.71183 73.9785 78.714478 83.081917 86.909187 90.08403 92.802513 95.005219 96.57962 97.516762 97.937614 97.688728 96.77375 95.211113 93.074257 90.318298 87.090591 83.319572 79.028435 74.292191 69.037971 63.449516 57.32106 50.888676 44.153431 37.112007 29.814615 22.279493 14.553754 6.7522459 -0.062666304 -6.6454811 -14.35768 -22.128975 -29.707409 -37.083775 -44.032516 -50.77602 -57.129398 -63.190067 -68.780182 -74.018143 -78.833229 -83.192772 -87.133438 -90.385208 -93.107307 -95.188889 -96.663589 -97.473511 -97.751106 -97.417023 -96.495796 -94.981537 -92.956383 -90.324142 -87.060577 -83.210838 -78.868561 -73.971512 -68.736305 -62.923218 -56.910583 -50.497921 -43.848301 -36.880039 -29.603043
-15.187824 -7.2055678 -0.68126988 7.4493446 14.044465 21.681728 29.287643 36.528355 43.612156 50.337883 56.819992 62.960297 68.71183 73.9785 78.714478 83.081917 86.909187 90.08403 92.802513 95.005219 96.57962 97.516762 97.937614 97.688728 96.77375 95.211113 93.074257 90.318298 87.090591 83.319572 79.028435 74.292191 69.037971 63.449516 57.32106 50.888676 44.153431 37.112007 29.814615 22.279493 14.553754 6.7522459 -0.062666304 -6.6454811 -14.35768 -22.128975 -29.707409 -37.083775 -44.032516 -50.77602 -57.129398 -63.190067 -68.780182 -74.018143 -78.833229 -83.192772 -87.133438 -90.385208 -93.107307 -95.188889 -96.663589 -97.473511 -97.751106 -97.417023 -96.495796 -94.981537 -92.956383 -90.324142 -87.060577 -83.210838 -78.868561 -73.971512 -68.736305 -62.923218 -56.910583 -50.497921 -43.848301 -36.880039 -29.603043 -22.176605
-7.2055678 -0.68126988 7.4493446 14.044465 21.681728 29.287643 36.528355 43.612156 50.337883 56.819992 62.960297 68.71183 73.9785 78.714478 83.081917 86.909187 90.08403 92.802513 95.005219 96.57962 97.516762 97.937614 97.688728 96.77375 95.211113 93.074257 90.318298 87.090591 83.319572 79.028435 74.292191 69.037971 63.449516 57.32106 50.888676 44.153431 37.112007 29.814615 22.279493 14.553754 6.7522459 -0.062666304 -6.6454811 -14.35768 -22.128975 -29.707409 -37.083775 -44.032516 -50.77602 -57.129398 -63.190067 -68.780182 -74.018143 -78.833229 -83.192772 -87.133438 -90.385208 -93.107307 -95.188889 -96.663589 -97.473511 -97.751106 -97.417023 -96.495796 -94.981537 -92.956383 -90.324142 -87.060577 -83.210838 -78.868561 -73.971512 -68.736305 -62.923218 -56.910583 -50.497921 -43.848301 -36.880039 -29.603043 -22.176605 -14.366191
-0.68126988 7.4493446 14.044465 21.681728 29.287643 36.528355 43.612156 50.337883 56.819992 62.960297 68.71183 73.9785 78.714478 83.081917 86.909187 90.08403 92.802513 95.005219 96.57962 97.516762 97.937614 97.688728 96.77375 95.211113 93.074257 90.318298 87.090591 83.319572 79.028435 74.292191 69.037971 63.449516 57.32106 50.888676 44.153431 37.112007 29.814615 22.279493 14.553754 6.7522459 -0.062666304 -6.6454811 -14.35768 -22.128975 -29.707409 -37.083775 -44.032516 -50.77602 -57.129398 -63.190067 -68.780182 -74.018143 -78.833229 -83.192772 -87.133438 -90.385208 -93.107307 -95.188889 -96.663589 -97.473511 -97.751106 -97.417023 -96.495796 -94.981537 -92.956383 -90.324142 -87.060577 -83.210838 -78.868561 -73.971512 -68.736305 -62.923218 -56.910583 -50.497921 -43.848301 -36.880039 -29.603043 -22.176605 -14.366191 -6.4814439
7.4493446 14.044465 21.681728 29.287643 36.528355 43.612156 50.337883 56.819992 62.960297 68.71183 73.9785 78.714478 83.081917 86.909187 90.08403 92.802513 95.005219 96.57962 97.516762 97.937614 97.688728 96.77375 95.211113 93.074257 90.318298 87.090591 83.319572 79.028435 74.292191 69.037971 63.449516 57.32106 50.888676 44.153431 37.112007 29.814615 22.279493 14.553754 6.7522459 -0.062666304 -6.6454811 -14.35768 -22.128975 -29.707409 -37.083775 -44.032516 -50.77602 -57.129398 -63.190067 -68.780182 -74.018143 -78.833229 -83.192772 -87.133438 -90.385208 -93.107307 -95.188889 -96.663589 -97.473511 -97.751106 -97.417023 -96.495796 -94.981537 -92.956383 -90.324142 -87.060577 -83.210838 -78.868561 -73.971512 -68.736305 -62.923218 -56.910583 -50.497921 -43.848301 -36.880039 -29.603043 -22.176605 -14.366191 -6.4814439 0.089827336
14.044465 21.681728 29.287643 36.528355 43.612156 50.337883 56.819992 62.960297 68.71183 73.9785 78.714478 83.081917 86.909187 90.08403 92.802513 95.005219 96.57962 97.516762 97.937614 97.688728 96.77375 95.211113 93.074257 90.318298 87.090591 83.319572 79.028435 74.292191 69.037971 63.449516 57.32106 50.888676 44.153431 37.112007 29.814615 22.279493 14.553754 6.7522459 -0.062666304 -6.6454811 -14.35768 -22.128975 -29.707409 -37.083775 -44.032516 -50.77602 -57.129398 -63.190067 -68.780182 -74.018143 -78.833229 -83.192772 -87.133438 -90.385208 -93.107307 -95.188889 -96.663589 -97.473511 -97.751106 -97.417023 -96.495796 -94.981537 -92.956383 -90.324142 -87.060577 -83.210838 -78.868561 -73.971512 -68.736305 -62.923218 -56.910583 -50.497921 -43.848301 -36.880039 -29.603043 -22.176605 -14.366191 -6.4814439 0.089827336 7.5470996
21.681728 29.287643 36.528355 43.612156 50.337883 56.819992 62.960297 68.71183 73.9785 78.714478 83.081917 86.909187 90.08403 92.802513 95.005219 96.57962 97.516762 97.937614 97.688728 96.77375 95.211113 93.074257 90.318298 87.090591 83.319572 79.028435 74.292191 69.037971 63.449516 57.32106 50.888676 44.153431 37.112007 29.814615 22.279493 14.553754 6.7522459 -0.062666304 -6.6454811 -14.35768 -22.128975 -29.707409 -37.083775 -44.032516 -50.77602 -57.129398 -63.190067 -68.780182 -74.018143 -78.833229 -83.192772 -87.133438 -90.385208 -93.107307 -95.188889 -96.663589 -97.473511 -97.751106 -97.417023 -96.495796 -94.981537 -92.956383 -90.324142 -87.060577 -83.210838 -78.868561 -73.971512 -68.736305 -62.923218 -56.910583 -50.497921 -43.848301 -36.880039 -29.603043 -22.176605 -14.366191 -6.4814439 0.089827336 7.5470996 14.803438
29.287643 36.528355 43.612156 50.337883 56.819992 62.960297 68.71183 73.9785 78.714478 83.081917 86.909187 90.08403 92.802513 95.005219 96.57962 97.516762 97.937614 97.688728 96.77375 95.211113 93.074257 90.318298 87.090591 83.319572 79.028435 74.292191 69.037971 63.449516 57.32106 50.888676 44.153431 37.112007 29.814615 22.279493 14.553754 6.7522459 -0.062666304 -6.6454811 -14.35768 -22.128975 -29.707409 -37.083775 -44.032516 -50.77602 -57.129398 -63.190067 -68.780182 -74.018143 -78.833229 -83.192772 -87.133438 -90.385208 -93.107307 -95.188889 -96.663589 -97.473511 -97.751106 -97.417023 -96.495796 -94.981537 -92.956383 -90.324142 -87.060577 -83.210838 -78.868561 -73.971512 -68.736305 -62.923218 -56.910583 -50.497921 -43.848301 -36.880039 -29.603043 -22.176605 -14.366191 -6.4814439 0.089827336 7.5470996 14.803438 22.460348
36.528355 43.612156 50.337883 56.819992 62.960297 68.71183 73.9785 78.714478 83.081917 86.909187 90.08403 92.802513 95.005219 96.57962 97.516762 97.937614 97.688728 96.77375 95.211113 93.074257 90.318298 87.090591 83.319572 79.028435 74.292191 69.037971 63.449516 57.32106 50.888676 44.153431 37.112007 29.814615 22.279493 14.553754 6.7522459 -0.062666304 -6.6454811 -14.35768 -22.128975 -29.707409 -37.083775 -44.032516 -50.77602 -57.129398 -63.190067 -68.780182 -74.018143 -78.833229 -83.192772 -87.133438 -90.385208 -93.107307 -95.188889 -96.663589 -97.473511 -97.751106 -97.417023 -96.495796 -94.981537 -92.956383 -90.324142 -87.060577 -83.210838 -78.868561 -73.971512 -68.736305 -62.923218 -56.910583 -50.497921 -43.848301 -36.880039 -29.603043 -22.176605 -14.366191 -6.4814439 0.089827336 7.5470996 14.803438 22.460348 30.009785
43.612156 50.337883 56.819992 62.960297 68.71183 73.9785 78.714478 83.081917 86.909187 90.08403 92.802513 95.005219 96.57962 97.516762 97.937614 97.688728 96.77375 95.211113 93.074257 90.318298 87.090591 83.319572 79.028435 74.292191 69.037971 63.449516 57.32106 50.888676 44.153431 37.112007 29.814615 22.279493 14.553754 6.7522459 -0.062666304 -6.6454811 -14.35768 -22.128975 -29.707409 -37.083775 -44.032516 -50.77602 -57.129398 -63.190067 -68.780182 -74.018143 -78.833229 -83.192772 -87.133438 -90.385208 -93.107307 -95.188889 -96.663589 -97.473511 -97.751106 -97.417023 -96.495796 -94.981537 -92.956383 -90.324142 -87.060577 -83.210838 -78.868561 -73.971512 -68.736305 -62.923218 -56.910583 -50.497921 -43.848301 -36.880039 -29.603043 -22.176605 -14.366191 -6.4814439 0.089827336 7.5470996 14.803438 22.460348 30.009785 37.285545
50.337883 56.819992 62.960297 68.71183 73.9785 78.714478 83.081917 86.909187 90.08403 92.802513 95.005219 96.57962 97.516762 97.937614 97.688728 96.77375 95.211113 93.074257 90.318298 87.090591 83.319572 79.028435 74.292191 69.037971 63.449516 57.32106 50.888676 44.153431 37.112007 29.814615 22.279493 14.553754 6.7522459 -0.062666304 -6.6454811 -14.35768 -22.128975 -29.707409 -37.083775 -44.032516 -50.77602 -57.129398 -63.190067 -68.780182 -74.018143 -78.833229 -83.192772 -87.133438 -90.385208 -93.107307 -95.188889 -96.663589 -97.473511 -97.751106 -97.417023 -96.495796 -94.981537 -92.956383 -90.324142 -87.060577 -83.210838 -78.868561 -73.971512 -68.736305 -62.923218 -56.910583 -50.497921 -43.848301 -36.880039 -29.603043 -22.176605 -14.366191 -6.4814439 0.089827336 7.5470996 14.803438 22.460348 30.009785 37.285545 44.260078
56.819992 62.960297 68.71183 73.9785 78.714478 83.081917 86.909187 90.08403 92.802513 95.005219 96.57962 97.516762 97.937614 97.688728 96.77375 95.211113 93.074257 90.318298 87.090591 83.319572 79.028435 74.292191 69.037971 63.449516 57.32106 50.888676 44.153431 37.112007 29.814615 22.279493 14.553754 6.7522459 -0.062666304 -6.6454811 -14.35768 -22.128975 -29.707409 -37.083775 -44.032516 -50.77602 -57.129398 -63.190067 -68.780182 -74.018143 -78.833229 -83.192772 -87.133438 -90.385208 -93.107307 -95.188889 -96.663589 -97.473511 -97.751106 -97.417023 -96.495796 -94.981537 -92.956383 -90.324142 -87.060577 -83.210838 -78.868561 -73.971512 -68.736305 -62.923218 -56.910583 -50.497921 -43.848301 -36.880039 -29.603043 -22.176605 -14.366191 -6.4814439 0.089827336 7.5470996 14.803438 22.460348 30.009785 37.285545 44.260078 50.936234
62.960297 68.71183 73.9785 78.714478 83.081917 86.909187 90.08403 92.802513 95.005219 96.57962 97.516762 97.937614 97.688728 96.77375 95.211113 93.074257 90.318298 87.090591 83.319572 79.028435 74.292191 69.037971 63.449516 57.32106 50.888676 44.153431 37.112007 29.814615 22.279493 14.553754 6.7522459 -0.062666304 -6.6454811 -14.35768 -22.128975 -29.707409 -37.083775 -44.032516 -50.77602 -57.129398 -63.190067 -68.780182 -74.018143 -78.833229 -83.192772 -87.133438 -90.385208 -93.107307 -95.188889 -96.663589 -97.473511 -97.751106 -97.417023 -96.495796 -94.981537 -92.956383 -90.324142 -87.060577 -83.210838 -78.868561 -73.971512 -68.736305 -62.923218 -56.910583 -50.497921 -43.848301 -36.880039 -29.603043 -22.176605 -14.366191 -6.4814439 0.089827336 7.5470996 14.803438 22.460348 30.009785 37.285545 44.260078 50.936234 57.283688
68.71183 73.9785 78.714478 83.081917 86.909187 90.08403 92.802513 95.005219 96.57962 97.516762 97.937614 97.688728 96.77375 95.211113 93.074257 90.318298 87.090591 83.319572 79.028435 74.292191 69.037971 63.449516 57.32106 50.888676 44.153431 37.112007 29.814615 22.279493 14.553754 6.7522459 -0.062666304 -6.6454811 -14.35768 -22.128975 -29.707409 -37.083775 -44.032516 -50.77602 -57.129398 -63.190067 -68.780182 -74.018143 -78.833229 -83.192772 -87.133438 -90.385208 -93.107307 -95.188889 -96.663589 -97.473511 -97.751106 -97.417023 -96.495796 -94.981537 -92.956383 -90.324142 -87.060577 -83.210838 -78.868561 -73.971512 -68.736305 -62.923218 -56.910583 -50.497921 -43.848301 -36.880039 -29.603043 -22.176605 -14.366191 -6.4814439 0.089827336 7.5470996 14.803438 22.460348 30.009785 37.285545 44.260078 50.936234 57.283688 63.289711
73.9785 78.714478 83.081917 86.909187 90.08403 92.802513 95.005219 96.57962 97.516762 97.937614 97.688728 96.77375 95.211113 93.074257 90.318298 87.090591 83.319572 79.028435 74.292191 69.037971 63.449516 57.32106 50.888676 44.153431 37.112007 29.814615 22.279493 14.553754 6.7522459 -0.062666304 -6.6454811 -14.35768 -22.128975 -29.707409 -37.083775 -44.032516 -50.77602 -57.129398 -63.190067 -68.780182 -74.018143 -78.833229 -83.192772 -87.133438 -90.385208 -93.107307 -95.188889 -96.663589 -97.473511 -97.751106 -97.417023 -96.495796 -94.981537 -92.956383 -90.324142 -87.060577 -83.210838 -78.868561 -73.971512 -68.736305 -62.923218 -56.910583 -50.497921 -43.848301 -36.880039 -29.603043 -22.176605 -14.366191 -6.4814439 0.089827336 7.5470996 14.803438 22.460348 30.009785 37.285545 44.260078 50.936234 57.283688 63.289711 69.014633
78.714478 83.081917 86.909187 90.08403 92.802513 95.005219 96.57962 97.516762 97.937614 97.688728 96.77375 95.211113 93.074257 90.318298 87.090591 83.319572 79.028435 74.292191 69.037971 63.449516 57.32106 50.888676 44.153431 37.112007 29.814615 22.279493 14.553754 6.7522459 -0.062666304 -6.6454811 -14.35768 -22.128975 -29.707409 -37.083775 -44.032516 -50.77602 -57.129398 -63.190067 -68.780182 -74.018143 -78.833229 -83.192772 -87.133438 -90.385208 -93.107307 -95.188889 -96.663589 -97.473511 -97.751106 -97.417023 -96.495796 -94.981537 -92.956383 -90.324142 -87.060577 -83.210838 -78.868561 -73.971512 -68.736305 -62.923218 -56.910583 -50.497921 -43.848301 -36.880039 -29.603043 -22.176605 -14.366191 -6.4814439 0.089827336 7.5470996 14.803438 22.460348 30.009785 37.285545 44.260078 50.936234 57.283688 63.289711 69.014633 74.210457
83.081917 86.909187 90.08403 92.802513 95.005219 96.57962 97.516762 97.937614 97.688728 96.77375 95.211113 93.074257 90.318298 87.090591 83.319572 79.028435 74.292191 69.037971 63.449516 57.32106 50.888676 44.153431 37.112007 29.814615 22.279493 14.553754 6.7522459 -0.062666304 -6.6454811 -14.35768 -22.128975 -29.707409 -37.083775 -44.032516 -50.77602 -57.129398 -63.190067 -68.780182 -74.018143 -78.833229 -83.192772 -87.133438 -90.385208 -93.107307 -95.188889 -96.663589 -97.473511 -97.751106 -97.417023 -96.495796 -94.981537 -92.956383 -90.324142 -87.060577 -83.210838 -78.868561 -73.971512 -68.736305 -62.923218 -56.910583 -50.497921 -43.848301 -36.880039 -29.603043 -22.176605 -14.366191 -6.4814439 0.089827336 7.5470996 14.803438 22.460348 30.009785 37.285545 44.260078 50.936234 57.283688 63.289711 69.014633 74.210457 79.055634
86.909187 90.08403 92.802513 95.005219 96.57962 97.516762 97.937614 97.688728 96.77375 95.211113 93.074257 90.318298 87.090591 83.319572 79.028435 74.292191 69.037971 63.449516 57.32106 50.888676 44.153431 37.112007 29.814615 22.279493 14.553754 6.7522459 -0.062666304 -6.6454811 -14.35768 -22.128975 -29.707409 -37.083775 -44.032516 -50.77602 -57.129398 -63.190067 -68.780182 -74.018143 -78.833229 -83.192772 -87.133438 -90.385208 -93.107307 -95.188889 -96.663589 -97.473511 -97.751106 -97.417023 -96.495796 -94.981537 -92.956383 -90.324142 -87.060577 -83.210838 -78.868561 -73.971512 -68.736305 -62.923218 -56.910583 -50.497921 -43.848301 -36.880039 -29.603043 -22.176605 -14.366191 -6.4814439 0.089827336 7.5470996 14.803438 22.460348 30.009785 37.285545 44.260078 50.936234 57.283688 63.289711 69.014633 74.210457 79.055634 83.370537
90.08403 92.802513 95.005219 96.57962 97.516762 97.937614 97.688728 96.77375 95.211113 93.074257 90.318298 87.090591 83.319572 79.028435 74.292191 69.037971 63.449516 57.32106 50.888676 44.153431 37.112007 29.814615 22.279493 14.553754 6.7522459 -0.062666304 -6.6454811 -14.35768 -22.128975 -29.707409 -37.083775 -44.032516 -50.77602 -57.129398 -63.190067 -68.780182 -74.018143 -78.833229 -83.192772 -87.133438 -90.385208 -93.107307 -95.188889 -96.663589 -97.473511 -97.751106 -97.417023 -96.495796 -94.981537 -92.956383 -90.324142 -87.060577 -83.210838 -78.868561 -73.971512 -68.736305 -62.923218 -56.910583 -50.497921 -43.848301 -36.880039 -29.603043 -22.176605 -14.366191 -6.4814439 0.089827336 7.5470996 14.803438 22.460348 30.009785 37.285545 44.260078 50.936234 57.283688 63.289711 69.014633 74.210457 79.055634 83.370537 87.213844
92.802513 95.005219 96.57962 97.516762 97.937614 97.688728 96.77375 95.211113 93.074257 90.318298 87.090591 83.319572 79.028435 74.292191 69.037971 63.449516 57.32106 50.888676 44.153431 37.112007 29.814615 22.279493 14.553754 6.7522459 -0.062666304 -6.6454811 -14.35768 -22.128975 -29.707409 -37.083775 -44.032516 -50.77602 -57.129398 -63.190067 -68.780182 -74.018143 -78.833229 -83.192772 -87.133438 -90.385208 -93.107307 -95.188889 -96.663589 -97.473511 -97.751106 -97.417023 -96.495796 -94.981537 -92.956383 -90.324142 -87.060577 -83.210838 -78.868561 -73.971512 -68.736305 -62.923218 -56.910583 -50.497921 -43.848301 -36.880039 -29.603043 -22.176605 -14.366191 -6.4814439 0.089827336 7.5470996 14.803438 22.460348 30.009785 37.285545 44.260078 50.936234 57.283688 63.289711 69.014633 74.210457 79.055634 83.370537 87.213844 90.359573
95.005219 96.57962 97.516762 97.937614 97.688728 96.77375 95.211113 93.074257 90.318298 87.090591 83.319572 79.028435 74.292191 69.037971 63.449516 57.32106 50.888676 44.153431 37.112007 29.814615 22.279493 14.553754 6.7522459 -0.062666304 -6.6454811 -14.35768 -22.128975 -29.707409 -37.083775 -44.032516 -50.77602 -57.129398 -63.190067 -68.780182 -74.018143 -78.833229 -83.192772 -87.133438 -90.385208 -93.107307 -95.188889 -96.663589 -97.473511 -97.751106 -97.417023 -96.495796 -94.981537 -92.956383 -90.324142 -87.060577 -83.210838 -78.868561 -73.971512 -68.736305 -62.923218 -56.910583 -50.497921 -43.848301 -36.880039 -29.603043 -22.176605 -14.366191 -6.4814439 0.089827336 7.5470996 14.803438 22.460348 30.009785 37.285545 44.260078 50.936234 57.283688 63.289711 69.014633 74.210457 79.055634 83.370537 87.213844 90.359573 93.024536
96.57962 97.516762 97.937614 97.688728 96.77375 95.211113 93.074257 90.318298 87.090591 83.319572 79.028435 74.292191 69.037971 63.449516 57.32106 50.888676 44.153431 37.112007 29.814615 22.279493 14.553754 6.7522459 -0.062666304 -6.6454811 -14.35768 -22.128975 -29.707409 -37.083775 -44.032516 -50.77602 -57.129398 -63.190067 -68.780182 -74.018143 -78.833229 -83.192772 -87.133438 -90.385208 -93.107307 -95.188889 -96.663589 -97.473511 -97.751106 -97.417023 -96.495796 -94.981537 -92.956383 -90.324142 -87.060577 -83.210838 -78.868561 -73.971512 -68.736305 -62.923218 -56.910583 -50.497921 -43.848301 -36.880039 -29.603043 -22.176605 -14.366191 -6.4814439 0.089827336 7.5470996 14.803438 22.460348 30.009785 37.285545 44.260078 50.936234 57.283688 63.289711 69.014633 74.210457 79.055634 83.370537 87.213844 90.359573 93.024536 95.065445
97.516762 97.937614 97.688728 96.77375 95.211113 93.074257 90.318298 87.090591 83.319572 79.028435 74.292191 69.037971 63.449516 57.32106 50.888676 44.153431 37.112007 29.814615 22.279493 14.553754 6.7522459 -0.062666304 -6.6454811 -14.35768 -22.128975 -29.707409 -37.083775 -44.032516 -50.77602 -57.129398 -63.190067 -68.780182 -74.018143 -78.833229 -83.192772 -87.133438 -90.385208 -93.107307 -95.188889 -96.663589 -97.473511 -97.751106 -97.417023 -96.495796 -94.981537 -92.956383 -90.324142 -87.060577 -83.210838 -78.868561 -73.971512 -68.736305 -62.923218 -56.910583 -50.497921 -43.848301 -36.880039 -29.603043 -22.176605 -14.366191 -6.4814439 0.089827336 7.5470996 14.803438 22.460348 30.009785 37.285545 44.260078 50.936234 57.283688 63.289711 69.014633 74.210457 79.055634 83.370537 87.213844 90.359573 93.024536 95.065445 96.511436
97.937614 97.688728 96.77375 95.211113 93.074257 90.318298 87.090591 83.319572 79.028435 74.292191 69.037971 63.449516 57.32106 50.888676 44.153431 37.112007 29.814615 22.279493 14.553754 6.7522459 -0.062666304 -6.6454811 -14.35768 -22.128975 -29.707409 -37.083775 -44.032516 -50.77602 -57.129398 -63.190067 -68.780182 -74.018143 -78.833229 -83.192772 -87.133438 -90.385208 -93.107307 -95.188889 -96.663589 -97.473511 -97.751106 -97.417023 -96.495796 -94.981537 -92.956383 -90.324142 -87.060577 -83.210838 -78.868561 -73.971512 -68.736305 -62.923218 -56.910583 -50.497921 -43.848301 -36.880039 -29.603043 -22.176605 -14.366191 -6.4814439 0.089827336 7.5470996 14.803438 22.460348 30.009785 37.285545 44.260078 50.936234 57.283688 63.289711 69.014633 74.210457 79.055634 83.370537 87.213844 90.359573 93.024536 95.065445 96.511436 97.39962
97.688728 96.77375 95.211113 93.074257 90.318298 87.090591 83.319572 79.028435 74.292191 69.037971 63.449516 57.32106 50.888676 44.153431 37.112007 29.814615 22.279493 14.553753 6.7522459 -0.062666304 -6.6454806 -14.357679 -22.128975 -29.707407 -37.083775 -44.032516 -50.776028 -57.129398 -63.190063 -68.780182 -74.018143 -78.833229 -83.192772 -87.133438 -90.385208 -93.107307 -95.188889 -96.663589 -97.473511 -97.751106 -97.417023 -96.495796 -94.981537 -92.956383 -90.324142 -87.060577 -83.210838 -78.868561 -73.971512 -68.736305 -62.923222 -56.910583 -50.497921 -43.848301 -36.880039 -29.603043 -22.176605 -14.366191 -6.4814444 0.089827336 7.5470996 14.803438 22.460348 30.009787 37.285545 44.260078 50.936237 57.283688 63.289707 69.014633 74.210457 79.055634 83.370537 87.213844 90.359573 93.024536 95.065445 96.511436 97.39962 97.687614
96.77375 95.211113 93.074257 90.318298 87.090591 83.319572 79.028435 74.292191 69.037971 63.449516 57.32106 50.888676 44.153431 37.112007 29.814615 22.279493 14.553753 6.7522459 -0.062666304 -6.6454806 -14.357679 -22.128975 -29.707407 -37.083775 -44.032516 -50.776028 -57.129398 -63.190063 -68.780182 -74.018143 -78.833229 -83.192772 -87.133438 -90.385208 -93.107307 -95.188889 -96.663589 -97.473511 -97.751106 -97.417023 -96.495796 -94.981537 -92.956383 -90.324142 -87.060577 -83.210838 -78.868561 -73.971512 -68.736305 -62.923222 -56.910583 -50.497921 -43.848301 -36.880039 -29.603043 -22.176605 -14.366191 -6.4814444 0.089827336 7.5470996 14.803438 22.460348 30.009787 37.285545 44.260078 50.936237 57.283688 63.289707 69.014633 74.210457 79.055634 83.370537 87.213844 90.359573 93.024536 95.065445 96.511436 97.39962 97.687614 97.390083
95.211113 93.074257 90.318298 87.090591 83.319572 79.028435 74.292191 69.037971 63.449516 57.32106 50.888676 44.153431 37.112007 29.814615 22.279493 14.553753 6.7522459 -0.062666304 -6.6454806 -14.357679 -22.128975 -29.707407 -37.083775 -44.032516 -50.776028 -57.129398 -63.190063 -68.780182 -74.018143 -78.833229 -83.192772 -87.133438 -90.385208 -93.107307 -95.188889 -96.663589 -97.473511 -97.751106 -97.417023 -96.495796 -94.981537 -92.956383 -90.324142 -87.060577 -83.210838 -78.868561 -73.971512 -68.736305 -62.923222 -56.910583 -50.497921 -43.848301 -36.880039 -29.603043 -22.176605 -14.366191 -6.4814444 0.089827336 7.5470996 14.803438 22.460348 30.009787 37.285545 44.260078 50.936237 57.283688 63.289707 69.014633 74.210457 79.055634 83.370537 87.213844 90.359573 93.024536 95.065445 96.511436 97.39962 97.687614 97.390083 96.460915
93.074257 90.318298 87.090591 83.319572 79.028435 74.292191 69.037971 63.449516 57.32106 50.888676 44.153431 37.112007 29.814615 22.279493 14.553753 6.7522459 -0.062666304 -6.6454806 -14.357679 -22.128975 -29.707407 -37.083775 -44.032516 -50.776028 -57.129398 -63.190063 -68.780182 -74.018143 -78.833229 -83.192772 -87.133438 -90.385208 -93.107307 -95.188889 -96.663589 -97.473511 -97.751106 -97.417023 -96.495796 -94.981537 -92.956383 -90.324142 -87.060577 -83.210838 -78.868561 -73.971512 -68.736305 -62.923222 -56.910583 -50.497921 -43.848301 -36.880039 -29.603043 -22.176605 -14.366191 -6.4814444 0.089827336 7.5470996 14.803438 22.460348 30.009787 37.285545 44.260078 50.936237 57.283688 63.289707 69.014633 74.210457 79.055634 83.370537 87.213844 90.359573 93.024536 95.065445 96.511436 97.39962 97.687614 97.390083 96.460915 94.961548
90.318298 87.090591 83.319572 79.028435 74.292191 69.037971 63.449516 57.32106 50.888676 44.153431 37.112007 29.814615 22.279493 14.553753 6.7522459 -0.062666304 -6.6454806 -14.357679 -22.128975 -29.707407 -37.083775 -44.032516 -50.776028 -57.129398 -63.190063 -68.780182 -74.018143 -78.833229 -83.192772 -87.133438 -90.385208 -93.107307 -95.188889 -96.663589 -97.473511 -97.751106 -97.417023 -96.495796 -94.981537 -92.956383 -90.324142 -87.060577 -83.210838 -78.868561 -73.971512 -68.736305 -62.923222 -56.910583 -50.497921 -43.848301 -36.880039 -29.603043 -22.176605 -14.366191 -6.4814444 0.089827336 7.5470996 14.803438 22.460348 30.009787 37.285545 44.260078 50.936237 57.283688 63.289707 69.014633 74.210457 79.055634 83.370537 87.213844 90.359573 93.024536 95.065445 96.511436 97.39962 97.687614 97.390083 96.460915 94.961548 92.817551
87.090591 83.319572 79.028435 74.292191 69.037971 63.449516 57.32106 50.888676 44.153431 37.112007 29.814615 22.279493 14.553753 6.7522459 -0.062666304 -6.6454806 -14.357679 -22.128975 -29.707407 -37.083775 -44.032516 -50.776028 -57.129398 -63.190063 -68.780182 -74.018143 -78.833229 -83.192772 -87.133438 -90.385208 -93.107307 -95.188889 -96.663589 -97.473511 -97.751106 -97.417023 -96.495796 -94.981537 -92.956383 -90.324142 -87.060577 -83.210838 -78.868561 -73.971512 -68.736305 -62.923222 -56.910583 -50.497921 -43.848301 -36.880039 -29.603043 -22.176605 -14.366191 -6.4814444 0.089827336 7.5470996 14.803438 22.460348 30.009787 37.285545 44.260078 50.936237 57.283688 63.289707 69.014633 74.210457 79.055634 83.370537 87.213844 90.359573 93.024536 95.065445 96.511436 97.39962 97.687614 97.390083 96.460915 94.961548 92.817551 90.095802
83.319572 79.028435 74.292191 69.037971 63.449516 57.32106 50.888676 44.153431 37.112007 29.814615 22.279493 14.553753 6.7522459 -0.062666304 -6.6454806 -14.357679 -22.128975 -29.707407 -37.083775 -44.032516 -50.776028 -57.129398 -63.190063 -68.780182 -74.018143 -78.833229 -83.192772 -87.133438 -90.385208 -93.107307 -95.188889 -96.663589 -97.473511 -97.751106 -97.417023 -96.495796 -94.981537 -92.956383 -90.324142 -87.060577 -83.210838 -78.868561 -73.971512 -68.736305 -62.923222 -56.910583 -50.497921 -43.848301 -36.880039 -29.603043 -22.176605 -14.366191 -6.4814444 0.089827336 7.5470996 14.803438 22.460348 30.009787 37.285545 44.260078 50.936237 57.283688 63.289707 69.014633 74.210457 79.055634 83.370537 87.213844 90.359573 93.024536 95.065445 96.511436 97.39962 97.687614 97.390083 96.460915 94.961548 92.817551 90.095802 86.833893
79.028435 74.292191 69.037971 63.449516 57.32106 50.888676 44.153431 37.112007 29.814615 22.279493 14.553753 6.7522459 -0.062666304 -6.6454806 -14.357679 -22.128975 -29.707407 -37.083775 -44.032516 -50.776028 -57.129398 -63.190063 -68.780182 -74.018143 -78.833229 -83.192772 -87.133438 -90.385208 -93.107307 -95.188889 -96.663589 -97.473511 -97.751106 -97.417023 -96.495796 -94.981537 -92.956383 -90.324142 -87.060577 -83.210838 -78.868561 -73.971512 -68.736305 -62.923222 -56.910583 -50.497921 -43.848301 -36.880039 -29.603043 -22.176605 -14.366191 -6.4814444 0.089827336 7.5470996 14.803438 22.460348 30.009787 37.285545 44.260078 50.936237 57.283688 63.289707 69.014633 74.210457 79.055634 83.370537 87.213844 90.359573 93.024536 95.065445 96.511436 97.39962 97.687614 97.390083 96.460915 94.961548 92.817551 90.095802 86.833893 82.989937
74.292191 69.037971 63.449516 57.32106 50.888676 44.153431 37.112007 29.814615 22.279493 14.553753 6.7522459 -0.062666304 -6.6454806 -14.357679 -22.128975 -29.707407 -37.083775 -44.032516 -50.776028 -57.129398 -63.190063 -68.780182 -74.018143 -78.833229 -83.192772 -87.133438 -90.385208 -93.107307 -95.188889 -96.663589 -97.473511 -97.751106 -97.417023 -96.495796 -94.981537 -92.956383 -90.324142 -87.060577 -83.210838 -78.868561 -73.971512 -68.736305 -62.923222 -56.910583 -50.497921 -43.848301 -36.880039 -29.603043 -22.176605 -14.366191 -6.4814444 0.089827336 7.5470996 14.803438 22.460348 30.009787 37.285545 44.260078 50.936237 57.283688 63.289707 69.014633 74.210457 79.055634 83.370537 87.213844 90.359573 93.024536 95.065445 96.511436 97.39962 97.687614 97.390083 96.460915 94.961548 92.817551 90.095802 86.833893 82.989937 78.62854
69.037971 63.449516 57.32106 50.888676 44.153431 37.112007 29.814615 22.279493 14.553753 6.7522459 -0.062666304 -6.6454806 -14.357679 -22.128975 -29.707407 -37.083775 -44.032516 -50.776028 -57.129398 -63.190063 -68.780182 -74.018143 -78.833229 -83.192772 -87.133438 -90.385208 -93.107307 -95.188889 -96.663589 -97.473511 -97.751106 -97.417023 -96.495796 -94.981537 -92.956383 -90.324142 -87.060577 -83.210838 -78.868561 -73.971512 -68.736305 -62.923222 -56.910583 -50.497921 -43.848301 -36.880039 -29.603043 -22.176605 -14.366191 -6.4814444 0.089827336 7.5470996 14.803438 22.460348 30.009787 37.285545 44.260078 50.936237 57.283688 63.289707 69.014633 74.210457 79.055634 83.370537 87.213844 90.359573 93.024536 95.065445 96.511436 97.39962 97.687614 97.390083 96.460915 94.961548 92.817551 90.095802 86.833893 82.989937 78.62854 73.793541
63.449516 57.32106 50.888676 44.153431 37.112007 29.814615 22.279493 14.553753 6.7522459 -0.062666304 -6.6454806 -14.357679 -22.128975 -29.707407 -37.083775 -44.032516 -50.776028 -57.129398 -63.190063 -68.780182 -74.018143 -78.833229 -83.192772 -87.133438 -90.385208 -93.107307 -95.188889 -96.663589 -97.473511 -97.751106 -97.417023 -96.495796 -94.981537 -92.956383 -90.324142 -87.060577 -83.210838 -78.868561 -73.971512 -68.736305 -62.923222 -56.910583 -50.497921 -43.848301 -36.880039 -29.603043 -22.176605 -14.366191 -6.4814444 0.089827336 7.5470996 14.803438 22.460348 30.009787 37.285545 44.260078 50.936237 57.283688 63.289707 69.014633 74.210457 79.055634 83.370537 87.213844 90.359573 93.024536 95.065445 96.511436 97.39962 97.687614 97.390083 96.460915 94.961548 92.817551 90.095802 86.833893 82.989937 78.62854 73.793541 68.478493
57.32106 50.888676 44.153431 37.112007 29.814615 22.279493 14.553753 6.7522459 -0.062666304 -6.6454806 -14.357679 -22.128975 -29.707407 -37.083775 -44.032516 -50.776028 -57.129398 -63.190063 -68.780182 -74.018143 -78.833229 -83.192772 -87.133438 -90.385208 -93.107307 -95.188889 -96.663589 -97.473511 -97.751106 -97.417023 -96.495796 -94.981537 -92.956383 -90.324142 -87.060577 -83.210838 -78.868561 -73.971512 -68.736305 -62.923222 -56.910583 -50.497921 -43.848301 -36.880039 -29.603043 -22.176605 -14.366191 -6.4814444 0.089827336 7.5470996 14.803438 22.460348 30.009787 37.285545 44.260078 50.936237 57.283688 63.289707 69.014633 74.210457 79.055634 83.370537 87.213844 90.359573 93.024536 95.065445 96.511436 97.39962 97.687614 97.390083 96.460915 94.961548 92.817551 90.095802 86.833893 82.989937 78.62854 73.793541 68.478493 62.776836
50.888676 44.153431 37.112007 29.814615 22.279493 14.553753 6.7522459 -0.062666304 -6.6454806 -14.357679 -22.128975 -29.707407 -37.083775 -44.032516 -50.776028 -57.129398 -63.190063 -68.780182 -74.018143 -78.833229 -83.192772 -87.133438 -90.385208 -93.107307 -95.188889 -96.663589 -97.473511 -97.751106 -97.417023 -96.495796 -94.981537 -92.956383 -90.324142 -87.060577 -83.210838 -78.868561 -73.971512 -68.736305 -62.923222 -56.910583 -50.497921 -43.848301 -36.880039 -29.603043 -22.176605 -14.366191 -6.4814444 0.089827336 7.5470996 14.803438 22.460348 30.009787 37.285545 44.260078 50.936237 57.283688 63.289707 69.014633 74.210457 79.055634 83.370537 87.213844 90.359573 93.024536 95.065445 96.511436 97.39962 97.687614 97.390083 96.460915 94.961548 92.817551 90.095802 86.833893 82.989937 78.62854 73.793541 68.478493 62.776836 56.732807
