Copyright 1986-2022 Xilinx, Inc. All Rights Reserved.
------------------------------------------------------------------------------------------------------------------------------
| Tool Version : Vivado v.2022.2 (lin64) Build 3671981 Fri Oct 14 04:59:54 MDT 2022
| Date         : Thu Oct  1 20:15:29 2026
| Host         : changhong-Dell-Pro-Max-Tower-T2-FCT2250 running 64-bit Ubuntu 22.04.5 LTS
| Command      : report_utilization -file <RL4EV>/Vivado_PRJ/MPCC/util_impl.rpt -hierarchical
| Design       : system_wrapper
| Device       : xczu7ev-ffvc1156-2-e
| Speed File   : -2
| Design State : Routed
------------------------------------------------------------------------------------------------------------------------------

Utilization Design Information

Table of Contents
-----------------
1. Utilization by Hierarchy

1. Utilization by Hierarchy
---------------------------

+-------------------------------------------------------------------------------------------+-----------------------------------------------------------------------------------------------------+------------+------------+---------+------+------+--------+--------+------+------------+
|                                          Instance                                         |                                                Module                                               | Total LUTs | Logic LUTs | LUTRAMs | SRLs |  FFs | RAMB36 | RAMB18 | URAM | DSP Blocks |
+-------------------------------------------------------------------------------------------+-----------------------------------------------------------------------------------------------------+------------+------------+---------+------+------+--------+--------+------+------------+
| system_wrapper                                                                            |                                                                                               (top) |      10845 |      10776 |       4 |   65 | 7653 |      1 |      0 |    0 |         54 |
|   (system_wrapper)                                                                        |                                                                                               (top) |          0 |          0 |       0 |    0 |    0 |      0 |      0 |    0 |          0 |
|   system_i                                                                                |                                                                                              system |      10845 |      10776 |       4 |   65 | 7653 |      1 |      0 |    0 |         54 |
|     (system_i)                                                                            |                                                                                              system |          0 |          0 |       0 |    0 |    0 |      0 |      0 |    0 |          0 |
|     axi_gpio_0                                                                            |                                                                                 system_axi_gpio_0_0 |         37 |         37 |       0 |    0 |   52 |      0 |      0 |    0 |          0 |
|       U0                                                                                  |                                                                        system_axi_gpio_0_0_axi_gpio |         37 |         37 |       0 |    0 |   52 |      0 |      0 |    0 |          0 |
|         (U0)                                                                              |                                                                        system_axi_gpio_0_0_axi_gpio |          0 |          0 |       0 |    0 |    7 |      0 |      0 |    0 |          0 |
|         AXI_LITE_IPIF_I                                                                   |                                                                   system_axi_gpio_0_0_axi_lite_ipif |         29 |         29 |       0 |    0 |   31 |      0 |      0 |    0 |          0 |
|           I_SLAVE_ATTACHMENT                                                              |                                                                system_axi_gpio_0_0_slave_attachment |         29 |         29 |       0 |    0 |   31 |      0 |      0 |    0 |          0 |
|             (I_SLAVE_ATTACHMENT)                                                          |                                                                system_axi_gpio_0_0_slave_attachment |         18 |         18 |       0 |    0 |   25 |      0 |      0 |    0 |          0 |
|             I_DECODER                                                                     |                                                                 system_axi_gpio_0_0_address_decoder |         11 |         11 |       0 |    0 |    6 |      0 |      0 |    0 |          0 |
|               (I_DECODER)                                                                 |                                                                 system_axi_gpio_0_0_address_decoder |         10 |         10 |       0 |    0 |    6 |      0 |      0 |    0 |          0 |
|               MEM_DECODE_GEN[0].PER_CE_GEN[0].MULTIPLE_CES_THIS_CS_GEN.CE_I               |                                                                       system_axi_gpio_0_0_pselect_f |          1 |          1 |       0 |    0 |    0 |      0 |      0 |    0 |          0 |
|               MEM_DECODE_GEN[0].PER_CE_GEN[2].MULTIPLE_CES_THIS_CS_GEN.CE_I               |                                                       system_axi_gpio_0_0_pselect_f__parameterized1 |          1 |          1 |       0 |    0 |    0 |      0 |      0 |    0 |          0 |
|         gpio_core_1                                                                       |                                                                       system_axi_gpio_0_0_GPIO_Core |          8 |          8 |       0 |    0 |   14 |      0 |      0 |    0 |          0 |
|     axi_smc                                                                               |                                                                                    system_axi_smc_0 |       1343 |       1336 |       4 |    3 | 1502 |      0 |      0 |    0 |          0 |
|       inst                                                                                |                                                                            system_axi_smc_0_bd_44e3 |       1343 |       1336 |       4 |    3 | 1502 |      0 |      0 |    0 |          0 |
|         clk_map                                                                           |                                                                system_axi_smc_0_clk_map_imp_1LX95IS |         12 |         11 |       0 |    1 |   22 |      0 |      0 |    0 |          0 |
|           psr_aclk                                                                        |                                                                 system_axi_smc_0_bd_44e3_psr_aclk_0 |         12 |         11 |       0 |    1 |   22 |      0 |      0 |    0 |          0 |
|             U0                                                                            |                                                                     system_axi_smc_0_proc_sys_reset |         12 |         11 |       0 |    1 |   22 |      0 |      0 |    0 |          0 |
|               (U0)                                                                        |                                                                     system_axi_smc_0_proc_sys_reset |          0 |          0 |       0 |    0 |    1 |      0 |      0 |    0 |          0 |
|               EXT_LPF                                                                     |                                                                                system_axi_smc_0_lpf |          3 |          2 |       0 |    1 |    6 |      0 |      0 |    0 |          0 |
|                 (EXT_LPF)                                                                 |                                                                                system_axi_smc_0_lpf |          2 |          1 |       0 |    1 |    2 |      0 |      0 |    0 |          0 |
|                 ACTIVE_LOW_AUX.ACT_LO_AUX                                                 |                                                                           system_axi_smc_0_cdc_sync |          1 |          1 |       0 |    0 |    4 |      0 |      0 |    0 |          0 |
|               SEQ                                                                         |                                                                       system_axi_smc_0_sequence_psr |          9 |          9 |       0 |    0 |   15 |      0 |      0 |    0 |          0 |
|                 (SEQ)                                                                     |                                                                       system_axi_smc_0_sequence_psr |          5 |          5 |       0 |    0 |    9 |      0 |      0 |    0 |          0 |
|                 SEQ_COUNTER                                                               |                                                                            system_axi_smc_0_upcnt_n |          4 |          4 |       0 |    0 |    6 |      0 |      0 |    0 |          0 |
|         m00_exit_pipeline                                                                 |                                                       system_axi_smc_0_m00_exit_pipeline_imp_B7U41B |          9 |          9 |       0 |    0 |   13 |      0 |      0 |    0 |          0 |
|           m00_exit                                                                        |                                                                     system_axi_smc_0_bd_44e3_m00e_0 |          9 |          9 |       0 |    0 |   13 |      0 |      0 |    0 |          0 |
|             inst                                                                          |                                                                system_axi_smc_0_sc_exit_v1_0_13_top |          9 |          9 |       0 |    0 |   13 |      0 |      0 |    0 |          0 |
|               (inst)                                                                      |                                                                system_axi_smc_0_sc_exit_v1_0_13_top |          2 |          2 |       0 |    0 |    2 |      0 |      0 |    0 |          0 |
|               exit_inst                                                                   |                                                               system_axi_smc_0_sc_exit_v1_0_13_exit |          7 |          7 |       0 |    0 |    8 |      0 |      0 |    0 |          0 |
|               xpm_cdc_async_rst_inst                                                      |                                                              system_axi_smc_0_xpm_cdc_async_rst__13 |          0 |          0 |       0 |    0 |    3 |      0 |      0 |    0 |          0 |
|         m00_nodes                                                                         |                                                               system_axi_smc_0_m00_nodes_imp_XE3MPV |         22 |         22 |       0 |    0 |   27 |      0 |      0 |    0 |          0 |
|           m00_ar_node                                                                     |                                                                   system_axi_smc_0_bd_44e3_m00arn_0 |          4 |          4 |       0 |    0 |    5 |      0 |      0 |    0 |          0 |
|             inst                                                                          |                                                     system_axi_smc_0_sc_node_v1_0_14_top__xdcDup__1 |          4 |          4 |       0 |    0 |    5 |      0 |      0 |    0 |          0 |
|               (inst)                                                                      |                                                     system_axi_smc_0_sc_node_v1_0_14_top__xdcDup__1 |          3 |          3 |       0 |    0 |    1 |      0 |      0 |    0 |          0 |
|               inst_mi_handler                                                             |                                                      system_axi_smc_0_sc_node_v1_0_14_mi_handler_46 |          1 |          1 |       0 |    0 |    1 |      0 |      0 |    0 |          0 |
|               s_sc_xpm_cdc_async_rst_inst                                                 |                                                              system_axi_smc_0_xpm_cdc_async_rst__14 |          0 |          0 |       0 |    0 |    3 |      0 |      0 |    0 |          0 |
|           m00_aw_node                                                                     |                                                                   system_axi_smc_0_bd_44e3_m00awn_0 |          4 |          4 |       0 |    0 |    5 |      0 |      0 |    0 |          0 |
|             inst                                                                          |                                     system_axi_smc_0_sc_node_v1_0_14_top__parameterized0__xdcDup__1 |          4 |          4 |       0 |    0 |    5 |      0 |      0 |    0 |          0 |
|               (inst)                                                                      |                                     system_axi_smc_0_sc_node_v1_0_14_top__parameterized0__xdcDup__1 |          3 |          3 |       0 |    0 |    1 |      0 |      0 |    0 |          0 |
|               inst_mi_handler                                                             |                                      system_axi_smc_0_sc_node_v1_0_14_mi_handler__parameterized0_45 |          1 |          1 |       0 |    0 |    1 |      0 |      0 |    0 |          0 |
|               s_sc_xpm_cdc_async_rst_inst                                                 |                                                              system_axi_smc_0_xpm_cdc_async_rst__16 |          0 |          0 |       0 |    0 |    3 |      0 |      0 |    0 |          0 |
|           m00_b_node                                                                      |                                                                    system_axi_smc_0_bd_44e3_m00bn_0 |          5 |          5 |       0 |    0 |    6 |      0 |      0 |    0 |          0 |
|             inst                                                                          |                                     system_axi_smc_0_sc_node_v1_0_14_top__parameterized1__xdcDup__1 |          5 |          5 |       0 |    0 |    6 |      0 |      0 |    0 |          0 |
|               (inst)                                                                      |                                     system_axi_smc_0_sc_node_v1_0_14_top__parameterized1__xdcDup__1 |          3 |          3 |       0 |    0 |    1 |      0 |      0 |    0 |          0 |
|               inst_mi_handler                                                             |                                      system_axi_smc_0_sc_node_v1_0_14_mi_handler__parameterized1_44 |          2 |          2 |       0 |    0 |    2 |      0 |      0 |    0 |          0 |
|               s_sc_xpm_cdc_async_rst_inst                                                 |                                                              system_axi_smc_0_xpm_cdc_async_rst__18 |          0 |          0 |       0 |    0 |    3 |      0 |      0 |    0 |          0 |
|           m00_r_node                                                                      |                                                                    system_axi_smc_0_bd_44e3_m00rn_0 |          5 |          5 |       0 |    0 |    6 |      0 |      0 |    0 |          0 |
|             inst                                                                          |                                     system_axi_smc_0_sc_node_v1_0_14_top__parameterized2__xdcDup__1 |          5 |          5 |       0 |    0 |    6 |      0 |      0 |    0 |          0 |
|               (inst)                                                                      |                                     system_axi_smc_0_sc_node_v1_0_14_top__parameterized2__xdcDup__1 |          3 |          3 |       0 |    0 |    1 |      0 |      0 |    0 |          0 |
|               inst_mi_handler                                                             |                                      system_axi_smc_0_sc_node_v1_0_14_mi_handler__parameterized2_43 |          2 |          2 |       0 |    0 |    2 |      0 |      0 |    0 |          0 |
|               s_sc_xpm_cdc_async_rst_inst                                                 |                                                              system_axi_smc_0_xpm_cdc_async_rst__20 |          0 |          0 |       0 |    0 |    3 |      0 |      0 |    0 |          0 |
|           m00_w_node                                                                      |                                                                    system_axi_smc_0_bd_44e3_m00wn_0 |          4 |          4 |       0 |    0 |    5 |      0 |      0 |    0 |          0 |
|             inst                                                                          |                                     system_axi_smc_0_sc_node_v1_0_14_top__parameterized3__xdcDup__1 |          4 |          4 |       0 |    0 |    5 |      0 |      0 |    0 |          0 |
|               (inst)                                                                      |                                     system_axi_smc_0_sc_node_v1_0_14_top__parameterized3__xdcDup__1 |          3 |          3 |       0 |    0 |    1 |      0 |      0 |    0 |          0 |
|               inst_mi_handler                                                             |                                      system_axi_smc_0_sc_node_v1_0_14_mi_handler__parameterized3_42 |          1 |          1 |       0 |    0 |    1 |      0 |      0 |    0 |          0 |
|               s_sc_xpm_cdc_async_rst_inst                                                 |                                                              system_axi_smc_0_xpm_cdc_async_rst__22 |          0 |          0 |       0 |    0 |    3 |      0 |      0 |    0 |          0 |
|         m00_sc2axi                                                                        |                                                                   system_axi_smc_0_bd_44e3_m00s2a_0 |          0 |          0 |       0 |    0 |    0 |      0 |      0 |    0 |          0 |
|           inst                                                                            |                                                               system_axi_smc_0_sc_sc2axi_v1_0_8_top |          0 |          0 |       0 |    0 |    0 |      0 |      0 |    0 |          0 |
|         m01_exit_pipeline                                                                 |                                                       system_axi_smc_0_m01_exit_pipeline_imp_HK02SV |          9 |          9 |       0 |    0 |   13 |      0 |      0 |    0 |          0 |
|           m01_exit                                                                        |                                                                     system_axi_smc_0_bd_44e3_m01e_0 |          9 |          9 |       0 |    0 |   13 |      0 |      0 |    0 |          0 |
|             inst                                                                          |                                                system_axi_smc_0_sc_exit_v1_0_13_top__parameterized0 |          9 |          9 |       0 |    0 |   13 |      0 |      0 |    0 |          0 |
|               (inst)                                                                      |                                                system_axi_smc_0_sc_exit_v1_0_13_top__parameterized0 |          2 |          2 |       0 |    0 |    2 |      0 |      0 |    0 |          0 |
|               exit_inst                                                                   |                                               system_axi_smc_0_sc_exit_v1_0_13_exit__parameterized0 |          7 |          7 |       0 |    0 |    8 |      0 |      0 |    0 |          0 |
|               xpm_cdc_async_rst_inst                                                      |                                                              system_axi_smc_0_xpm_cdc_async_rst__24 |          0 |          0 |       0 |    0 |    3 |      0 |      0 |    0 |          0 |
|         m01_nodes                                                                         |                                                              system_axi_smc_0_m01_nodes_imp_1RMTSC5 |         22 |         22 |       0 |    0 |   27 |      0 |      0 |    0 |          0 |
|           m01_ar_node                                                                     |                                                                   system_axi_smc_0_bd_44e3_m01arn_0 |          4 |          4 |       0 |    0 |    5 |      0 |      0 |    0 |          0 |
|             inst                                                                          |                                                                system_axi_smc_0_sc_node_v1_0_14_top |          4 |          4 |       0 |    0 |    5 |      0 |      0 |    0 |          0 |
|               (inst)                                                                      |                                                                system_axi_smc_0_sc_node_v1_0_14_top |          3 |          3 |       0 |    0 |    1 |      0 |      0 |    0 |          0 |
|               inst_mi_handler                                                             |                                                         system_axi_smc_0_sc_node_v1_0_14_mi_handler |          1 |          1 |       0 |    0 |    1 |      0 |      0 |    0 |          0 |
|               s_sc_xpm_cdc_async_rst_inst                                                 |                                                              system_axi_smc_0_xpm_cdc_async_rst__25 |          0 |          0 |       0 |    0 |    3 |      0 |      0 |    0 |          0 |
|           m01_aw_node                                                                     |                                                                   system_axi_smc_0_bd_44e3_m01awn_0 |          4 |          4 |       0 |    0 |    5 |      0 |      0 |    0 |          0 |
|             inst                                                                          |                                                system_axi_smc_0_sc_node_v1_0_14_top__parameterized0 |          4 |          4 |       0 |    0 |    5 |      0 |      0 |    0 |          0 |
|               (inst)                                                                      |                                                system_axi_smc_0_sc_node_v1_0_14_top__parameterized0 |          3 |          3 |       0 |    0 |    1 |      0 |      0 |    0 |          0 |
|               inst_mi_handler                                                             |                                         system_axi_smc_0_sc_node_v1_0_14_mi_handler__parameterized0 |          1 |          1 |       0 |    0 |    1 |      0 |      0 |    0 |          0 |
|               s_sc_xpm_cdc_async_rst_inst                                                 |                                                              system_axi_smc_0_xpm_cdc_async_rst__27 |          0 |          0 |       0 |    0 |    3 |      0 |      0 |    0 |          0 |
|           m01_b_node                                                                      |                                                                    system_axi_smc_0_bd_44e3_m01bn_0 |          5 |          5 |       0 |    0 |    6 |      0 |      0 |    0 |          0 |
|             inst                                                                          |                                                system_axi_smc_0_sc_node_v1_0_14_top__parameterized1 |          5 |          5 |       0 |    0 |    6 |      0 |      0 |    0 |          0 |
|               (inst)                                                                      |                                                system_axi_smc_0_sc_node_v1_0_14_top__parameterized1 |          3 |          3 |       0 |    0 |    1 |      0 |      0 |    0 |          0 |
|               inst_mi_handler                                                             |                                         system_axi_smc_0_sc_node_v1_0_14_mi_handler__parameterized1 |          2 |          2 |       0 |    0 |    2 |      0 |      0 |    0 |          0 |
|               s_sc_xpm_cdc_async_rst_inst                                                 |                                                              system_axi_smc_0_xpm_cdc_async_rst__29 |          0 |          0 |       0 |    0 |    3 |      0 |      0 |    0 |          0 |
|           m01_r_node                                                                      |                                                                    system_axi_smc_0_bd_44e3_m01rn_0 |          5 |          5 |       0 |    0 |    6 |      0 |      0 |    0 |          0 |
|             inst                                                                          |                                                system_axi_smc_0_sc_node_v1_0_14_top__parameterized2 |          5 |          5 |       0 |    0 |    6 |      0 |      0 |    0 |          0 |
|               (inst)                                                                      |                                                system_axi_smc_0_sc_node_v1_0_14_top__parameterized2 |          3 |          3 |       0 |    0 |    1 |      0 |      0 |    0 |          0 |
|               inst_mi_handler                                                             |                                         system_axi_smc_0_sc_node_v1_0_14_mi_handler__parameterized2 |          2 |          2 |       0 |    0 |    2 |      0 |      0 |    0 |          0 |
|               s_sc_xpm_cdc_async_rst_inst                                                 |                                                              system_axi_smc_0_xpm_cdc_async_rst__31 |          0 |          0 |       0 |    0 |    3 |      0 |      0 |    0 |          0 |
|           m01_w_node                                                                      |                                                                    system_axi_smc_0_bd_44e3_m01wn_0 |          4 |          4 |       0 |    0 |    5 |      0 |      0 |    0 |          0 |
|             inst                                                                          |                                                system_axi_smc_0_sc_node_v1_0_14_top__parameterized3 |          4 |          4 |       0 |    0 |    5 |      0 |      0 |    0 |          0 |
|               (inst)                                                                      |                                                system_axi_smc_0_sc_node_v1_0_14_top__parameterized3 |          3 |          3 |       0 |    0 |    1 |      0 |      0 |    0 |          0 |
|               inst_mi_handler                                                             |                                         system_axi_smc_0_sc_node_v1_0_14_mi_handler__parameterized3 |          1 |          1 |       0 |    0 |    1 |      0 |      0 |    0 |          0 |
|               s_sc_xpm_cdc_async_rst_inst                                                 |                                                              system_axi_smc_0_xpm_cdc_async_rst__33 |          0 |          0 |       0 |    0 |    3 |      0 |      0 |    0 |          0 |
|         m01_sc2axi                                                                        |                                                                   system_axi_smc_0_bd_44e3_m01s2a_0 |          0 |          0 |       0 |    0 |    0 |      0 |      0 |    0 |          0 |
|           inst                                                                            |                                               system_axi_smc_0_sc_sc2axi_v1_0_8_top__parameterized0 |          0 |          0 |       0 |    0 |    0 |      0 |      0 |    0 |          0 |
|         s00_axi2sc                                                                        |                                                                   system_axi_smc_0_bd_44e3_s00a2s_0 |          0 |          0 |       0 |    0 |    0 |      0 |      0 |    0 |          0 |
|           inst                                                                            |                                                            system_axi_smc_0_sc_axi2sc_v1_0_8_top__1 |          0 |          0 |       0 |    0 |    0 |      0 |      0 |    0 |          0 |
|         s00_entry_pipeline                                                                |                                                     system_axi_smc_0_s00_entry_pipeline_imp_1BIQ3N0 |        516 |        516 |       0 |    0 |  556 |      0 |      0 |    0 |          0 |
|           s00_mmu                                                                         |                                                                   system_axi_smc_0_bd_44e3_s00mmu_0 |        215 |        215 |       0 |    0 |  216 |      0 |      0 |    0 |          0 |
|             inst                                                                          |                                                      system_axi_smc_0_sc_mmu_v1_0_11_top__xdcDup__1 |        215 |        215 |       0 |    0 |  216 |      0 |      0 |    0 |          0 |
|               (inst)                                                                      |                                                      system_axi_smc_0_sc_mmu_v1_0_11_top__xdcDup__1 |         80 |         80 |       0 |    0 |   18 |      0 |      0 |    0 |          0 |
|               ar_reg_stall                                                                |                                    system_axi_smc_0_sc_util_v1_0_4_axi_reg_stall__parameterized0_38 |         44 |         44 |       0 |    0 |   80 |      0 |      0 |    0 |          0 |
|               aw_reg_stall                                                                |                                    system_axi_smc_0_sc_util_v1_0_4_axi_reg_stall__parameterized0_39 |         35 |         35 |       0 |    0 |   64 |      0 |      0 |    0 |          0 |
|               gen_endpoint.decerr_slave_inst                                              |                                                     system_axi_smc_0_sc_mmu_v1_0_11_decerr_slave_40 |         53 |         53 |       0 |    0 |   49 |      0 |      0 |    0 |          0 |
|               gen_wroute_reg.wroute_split                                                 |                                                     system_axi_smc_0_sc_util_v1_0_4_axi_splitter_41 |          8 |          8 |       0 |    0 |    2 |      0 |      0 |    0 |          0 |
|               xpm_cdc_async_rst_inst                                                      |                                                              system_axi_smc_0_xpm_cdc_async_rst__35 |          0 |          0 |       0 |    0 |    3 |      0 |      0 |    0 |          0 |
|           s00_si_converter                                                                |                                                                   system_axi_smc_0_bd_44e3_s00sic_0 |        295 |        295 |       0 |    0 |  300 |      0 |      0 |    0 |          0 |
|             inst                                                                          |                                             system_axi_smc_0_sc_si_converter_v1_0_11_top__xdcDup__1 |        295 |        295 |       0 |    0 |  300 |      0 |      0 |    0 |          0 |
|               (inst)                                                                      |                                             system_axi_smc_0_sc_si_converter_v1_0_11_top__xdcDup__1 |          1 |          1 |       0 |    0 |    1 |      0 |      0 |    0 |          0 |
|               gen_axilite_conv.axilite_conv_inst                                          |                                            system_axi_smc_0_sc_si_converter_v1_0_11_axilite_conv_37 |        294 |        294 |       0 |    0 |  296 |      0 |      0 |    0 |          0 |
|               xpm_cdc_async_rst_inst                                                      |                                                              system_axi_smc_0_xpm_cdc_async_rst__36 |          0 |          0 |       0 |    0 |    3 |      0 |      0 |    0 |          0 |
|           s00_transaction_regulator                                                       |                                                                    system_axi_smc_0_bd_44e3_s00tr_0 |          7 |          7 |       0 |    0 |   40 |      0 |      0 |    0 |          0 |
|             inst                                                                          |                                                system_axi_smc_0_sc_transaction_regulator_v1_0_9_top |          7 |          7 |       0 |    0 |   40 |      0 |      0 |    0 |          0 |
|               (inst)                                                                      |                                                system_axi_smc_0_sc_transaction_regulator_v1_0_9_top |          1 |          1 |       0 |    0 |    1 |      0 |      0 |    0 |          0 |
|               gen_endpoint.gen_r_singleorder.r_singleorder                                |                                     system_axi_smc_0_sc_transaction_regulator_v1_0_9_singleorder_35 |          4 |          4 |       0 |    0 |   18 |      0 |      0 |    0 |          0 |
|               gen_endpoint.gen_w_singleorder.w_singleorder                                |                                     system_axi_smc_0_sc_transaction_regulator_v1_0_9_singleorder_36 |          2 |          2 |       0 |    0 |   18 |      0 |      0 |    0 |          0 |
|               xpm_cdc_async_rst_inst                                                      |                                                              system_axi_smc_0_xpm_cdc_async_rst__37 |          0 |          0 |       0 |    0 |    3 |      0 |      0 |    0 |          0 |
|         s00_nodes                                                                         |                                                              system_axi_smc_0_s00_nodes_imp_1GZQO6U |         23 |         23 |       0 |    0 |   28 |      0 |      0 |    0 |          0 |
|           s00_ar_node                                                                     |                                                                     system_axi_smc_0_bd_44e3_sarn_0 |          5 |          5 |       0 |    0 |    6 |      0 |      0 |    0 |          0 |
|             inst                                                                          |                                     system_axi_smc_0_sc_node_v1_0_14_top__parameterized4__xdcDup__1 |          5 |          5 |       0 |    0 |    6 |      0 |      0 |    0 |          0 |
|               (inst)                                                                      |                                     system_axi_smc_0_sc_node_v1_0_14_top__parameterized4__xdcDup__1 |          3 |          3 |       0 |    0 |    1 |      0 |      0 |    0 |          0 |
|               inst_mi_handler                                                             |                                      system_axi_smc_0_sc_node_v1_0_14_mi_handler__parameterized4_34 |          2 |          2 |       0 |    0 |    2 |      0 |      0 |    0 |          0 |
|               s_sc_xpm_cdc_async_rst_inst                                                 |                                                              system_axi_smc_0_xpm_cdc_async_rst__38 |          0 |          0 |       0 |    0 |    3 |      0 |      0 |    0 |          0 |
|           s00_aw_node                                                                     |                                                                     system_axi_smc_0_bd_44e3_sawn_0 |          5 |          5 |       0 |    0 |    6 |      0 |      0 |    0 |          0 |
|             inst                                                                          |                                     system_axi_smc_0_sc_node_v1_0_14_top__parameterized5__xdcDup__1 |          5 |          5 |       0 |    0 |    6 |      0 |      0 |    0 |          0 |
|               (inst)                                                                      |                                     system_axi_smc_0_sc_node_v1_0_14_top__parameterized5__xdcDup__1 |          3 |          3 |       0 |    0 |    1 |      0 |      0 |    0 |          0 |
|               inst_mi_handler                                                             |                                      system_axi_smc_0_sc_node_v1_0_14_mi_handler__parameterized5_33 |          2 |          2 |       0 |    0 |    2 |      0 |      0 |    0 |          0 |
|               s_sc_xpm_cdc_async_rst_inst                                                 |                                                              system_axi_smc_0_xpm_cdc_async_rst__40 |          0 |          0 |       0 |    0 |    3 |      0 |      0 |    0 |          0 |
|           s00_b_node                                                                      |                                                                      system_axi_smc_0_bd_44e3_sbn_0 |          4 |          4 |       0 |    0 |    5 |      0 |      0 |    0 |          0 |
|             inst                                                                          |                                     system_axi_smc_0_sc_node_v1_0_14_top__parameterized6__xdcDup__1 |          4 |          4 |       0 |    0 |    5 |      0 |      0 |    0 |          0 |
|               (inst)                                                                      |                                     system_axi_smc_0_sc_node_v1_0_14_top__parameterized6__xdcDup__1 |          3 |          3 |       0 |    0 |    1 |      0 |      0 |    0 |          0 |
|               inst_mi_handler                                                             |                                      system_axi_smc_0_sc_node_v1_0_14_mi_handler__parameterized6_32 |          1 |          1 |       0 |    0 |    1 |      0 |      0 |    0 |          0 |
|               s_sc_xpm_cdc_async_rst_inst                                                 |                                                              system_axi_smc_0_xpm_cdc_async_rst__42 |          0 |          0 |       0 |    0 |    3 |      0 |      0 |    0 |          0 |
|           s00_r_node                                                                      |                                                                      system_axi_smc_0_bd_44e3_srn_0 |          4 |          4 |       0 |    0 |    5 |      0 |      0 |    0 |          0 |
|             inst                                                                          |                                     system_axi_smc_0_sc_node_v1_0_14_top__parameterized7__xdcDup__1 |          4 |          4 |       0 |    0 |    5 |      0 |      0 |    0 |          0 |
|               (inst)                                                                      |                                     system_axi_smc_0_sc_node_v1_0_14_top__parameterized7__xdcDup__1 |          3 |          3 |       0 |    0 |    1 |      0 |      0 |    0 |          0 |
|               inst_mi_handler                                                             |                                      system_axi_smc_0_sc_node_v1_0_14_mi_handler__parameterized7_31 |          1 |          1 |       0 |    0 |    1 |      0 |      0 |    0 |          0 |
|               s_sc_xpm_cdc_async_rst_inst                                                 |                                                              system_axi_smc_0_xpm_cdc_async_rst__44 |          0 |          0 |       0 |    0 |    3 |      0 |      0 |    0 |          0 |
|           s00_w_node                                                                      |                                                                      system_axi_smc_0_bd_44e3_swn_0 |          5 |          5 |       0 |    0 |    6 |      0 |      0 |    0 |          0 |
|             inst                                                                          |                                     system_axi_smc_0_sc_node_v1_0_14_top__parameterized8__xdcDup__1 |          5 |          5 |       0 |    0 |    6 |      0 |      0 |    0 |          0 |
|               (inst)                                                                      |                                     system_axi_smc_0_sc_node_v1_0_14_top__parameterized8__xdcDup__1 |          3 |          3 |       0 |    0 |    1 |      0 |      0 |    0 |          0 |
|               inst_mi_handler                                                             |                                      system_axi_smc_0_sc_node_v1_0_14_mi_handler__parameterized8_30 |          2 |          2 |       0 |    0 |    2 |      0 |      0 |    0 |          0 |
|               s_sc_xpm_cdc_async_rst_inst                                                 |                                                              system_axi_smc_0_xpm_cdc_async_rst__46 |          0 |          0 |       0 |    0 |    3 |      0 |      0 |    0 |          0 |
|         s01_axi2sc                                                                        |                                                                   system_axi_smc_0_bd_44e3_s01a2s_0 |          0 |          0 |       0 |    0 |    0 |      0 |      0 |    0 |          0 |
|           inst                                                                            |                                                               system_axi_smc_0_sc_axi2sc_v1_0_8_top |          0 |          0 |       0 |    0 |    0 |      0 |      0 |    0 |          0 |
|         s01_entry_pipeline                                                                |                                                      system_axi_smc_0_s01_entry_pipeline_imp_DDN1H4 |        519 |        519 |       0 |    0 |  556 |      0 |      0 |    0 |          0 |
|           s01_mmu                                                                         |                                                                   system_axi_smc_0_bd_44e3_s01mmu_0 |        216 |        216 |       0 |    0 |  216 |      0 |      0 |    0 |          0 |
|             inst                                                                          |                                                                 system_axi_smc_0_sc_mmu_v1_0_11_top |        216 |        216 |       0 |    0 |  216 |      0 |      0 |    0 |          0 |
|               (inst)                                                                      |                                                                 system_axi_smc_0_sc_mmu_v1_0_11_top |         80 |         80 |       0 |    0 |   18 |      0 |      0 |    0 |          0 |
|               ar_reg_stall                                                                |                                       system_axi_smc_0_sc_util_v1_0_4_axi_reg_stall__parameterized0 |         44 |         44 |       0 |    0 |   80 |      0 |      0 |    0 |          0 |
|               aw_reg_stall                                                                |                                    system_axi_smc_0_sc_util_v1_0_4_axi_reg_stall__parameterized0_29 |         35 |         35 |       0 |    0 |   64 |      0 |      0 |    0 |          0 |
|               gen_endpoint.decerr_slave_inst                                              |                                                        system_axi_smc_0_sc_mmu_v1_0_11_decerr_slave |         53 |         53 |       0 |    0 |   49 |      0 |      0 |    0 |          0 |
|               gen_wroute_reg.wroute_split                                                 |                                                        system_axi_smc_0_sc_util_v1_0_4_axi_splitter |          8 |          8 |       0 |    0 |    2 |      0 |      0 |    0 |          0 |
|               xpm_cdc_async_rst_inst                                                      |                                                              system_axi_smc_0_xpm_cdc_async_rst__48 |          0 |          0 |       0 |    0 |    3 |      0 |      0 |    0 |          0 |
|           s01_si_converter                                                                |                                                                   system_axi_smc_0_bd_44e3_s01sic_0 |        297 |        297 |       0 |    0 |  300 |      0 |      0 |    0 |          0 |
|             inst                                                                          |                                                        system_axi_smc_0_sc_si_converter_v1_0_11_top |        297 |        297 |       0 |    0 |  300 |      0 |      0 |    0 |          0 |
|               (inst)                                                                      |                                                        system_axi_smc_0_sc_si_converter_v1_0_11_top |          1 |          1 |       0 |    0 |    1 |      0 |      0 |    0 |          0 |
|               gen_axilite_conv.axilite_conv_inst                                          |                                               system_axi_smc_0_sc_si_converter_v1_0_11_axilite_conv |        296 |        296 |       0 |    0 |  296 |      0 |      0 |    0 |          0 |
|               xpm_cdc_async_rst_inst                                                      |                                                              system_axi_smc_0_xpm_cdc_async_rst__49 |          0 |          0 |       0 |    0 |    3 |      0 |      0 |    0 |          0 |
|           s01_transaction_regulator                                                       |                                                                    system_axi_smc_0_bd_44e3_s01tr_0 |          7 |          7 |       0 |    0 |   40 |      0 |      0 |    0 |          0 |
|             inst                                                                          |                                system_axi_smc_0_sc_transaction_regulator_v1_0_9_top__parameterized0 |          7 |          7 |       0 |    0 |   40 |      0 |      0 |    0 |          0 |
|               (inst)                                                                      |                                system_axi_smc_0_sc_transaction_regulator_v1_0_9_top__parameterized0 |          1 |          1 |       0 |    0 |    1 |      0 |      0 |    0 |          0 |
|               gen_endpoint.gen_r_singleorder.r_singleorder                                |                                        system_axi_smc_0_sc_transaction_regulator_v1_0_9_singleorder |          4 |          4 |       0 |    0 |   18 |      0 |      0 |    0 |          0 |
|               gen_endpoint.gen_w_singleorder.w_singleorder                                |                                     system_axi_smc_0_sc_transaction_regulator_v1_0_9_singleorder_28 |          2 |          2 |       0 |    0 |   18 |      0 |      0 |    0 |          0 |
|               xpm_cdc_async_rst_inst                                                      |                                                              system_axi_smc_0_xpm_cdc_async_rst__50 |          0 |          0 |       0 |    0 |    3 |      0 |      0 |    0 |          0 |
|         s01_nodes                                                                         |                                                               system_axi_smc_0_s01_nodes_imp_9Z2OAO |         21 |         21 |       0 |    0 |   28 |      0 |      0 |    0 |          0 |
|           s01_ar_node                                                                     |                                                                     system_axi_smc_0_bd_44e3_sarn_1 |          5 |          5 |       0 |    0 |    6 |      0 |      0 |    0 |          0 |
|             inst                                                                          |                                                system_axi_smc_0_sc_node_v1_0_14_top__parameterized4 |          5 |          5 |       0 |    0 |    6 |      0 |      0 |    0 |          0 |
|               (inst)                                                                      |                                                system_axi_smc_0_sc_node_v1_0_14_top__parameterized4 |          3 |          3 |       0 |    0 |    1 |      0 |      0 |    0 |          0 |
|               inst_mi_handler                                                             |                                         system_axi_smc_0_sc_node_v1_0_14_mi_handler__parameterized4 |          2 |          2 |       0 |    0 |    2 |      0 |      0 |    0 |          0 |
|               s_sc_xpm_cdc_async_rst_inst                                                 |                                                              system_axi_smc_0_xpm_cdc_async_rst__51 |          0 |          0 |       0 |    0 |    3 |      0 |      0 |    0 |          0 |
|           s01_aw_node                                                                     |                                                                     system_axi_smc_0_bd_44e3_sawn_1 |          5 |          5 |       0 |    0 |    6 |      0 |      0 |    0 |          0 |
|             inst                                                                          |                                                system_axi_smc_0_sc_node_v1_0_14_top__parameterized5 |          5 |          5 |       0 |    0 |    6 |      0 |      0 |    0 |          0 |
|               (inst)                                                                      |                                                system_axi_smc_0_sc_node_v1_0_14_top__parameterized5 |          3 |          3 |       0 |    0 |    1 |      0 |      0 |    0 |          0 |
|               inst_mi_handler                                                             |                                         system_axi_smc_0_sc_node_v1_0_14_mi_handler__parameterized5 |          2 |          2 |       0 |    0 |    2 |      0 |      0 |    0 |          0 |
|               s_sc_xpm_cdc_async_rst_inst                                                 |                                                              system_axi_smc_0_xpm_cdc_async_rst__53 |          0 |          0 |       0 |    0 |    3 |      0 |      0 |    0 |          0 |
|           s01_b_node                                                                      |                                                                      system_axi_smc_0_bd_44e3_sbn_1 |          4 |          4 |       0 |    0 |    5 |      0 |      0 |    0 |          0 |
|             inst                                                                          |                                                system_axi_smc_0_sc_node_v1_0_14_top__parameterized6 |          4 |          4 |       0 |    0 |    5 |      0 |      0 |    0 |          0 |
|               (inst)                                                                      |                                                system_axi_smc_0_sc_node_v1_0_14_top__parameterized6 |          3 |          3 |       0 |    0 |    1 |      0 |      0 |    0 |          0 |
|               inst_mi_handler                                                             |                                         system_axi_smc_0_sc_node_v1_0_14_mi_handler__parameterized6 |          1 |          1 |       0 |    0 |    1 |      0 |      0 |    0 |          0 |
|               s_sc_xpm_cdc_async_rst_inst                                                 |                                                              system_axi_smc_0_xpm_cdc_async_rst__55 |          0 |          0 |       0 |    0 |    3 |      0 |      0 |    0 |          0 |
|           s01_r_node                                                                      |                                                                      system_axi_smc_0_bd_44e3_srn_1 |          3 |          3 |       0 |    0 |    5 |      0 |      0 |    0 |          0 |
|             inst                                                                          |                                                system_axi_smc_0_sc_node_v1_0_14_top__parameterized7 |          3 |          3 |       0 |    0 |    5 |      0 |      0 |    0 |          0 |
|               (inst)                                                                      |                                                system_axi_smc_0_sc_node_v1_0_14_top__parameterized7 |          2 |          2 |       0 |    0 |    1 |      0 |      0 |    0 |          0 |
|               inst_mi_handler                                                             |                                         system_axi_smc_0_sc_node_v1_0_14_mi_handler__parameterized7 |          1 |          1 |       0 |    0 |    1 |      0 |      0 |    0 |          0 |
|               s_sc_xpm_cdc_async_rst_inst                                                 |                                                              system_axi_smc_0_xpm_cdc_async_rst__57 |          0 |          0 |       0 |    0 |    3 |      0 |      0 |    0 |          0 |
|           s01_w_node                                                                      |                                                                      system_axi_smc_0_bd_44e3_swn_1 |          5 |          5 |       0 |    0 |    6 |      0 |      0 |    0 |          0 |
|             inst                                                                          |                                                system_axi_smc_0_sc_node_v1_0_14_top__parameterized8 |          5 |          5 |       0 |    0 |    6 |      0 |      0 |    0 |          0 |
|               (inst)                                                                      |                                                system_axi_smc_0_sc_node_v1_0_14_top__parameterized8 |          3 |          3 |       0 |    0 |    1 |      0 |      0 |    0 |          0 |
|               inst_mi_handler                                                             |                                         system_axi_smc_0_sc_node_v1_0_14_mi_handler__parameterized8 |          2 |          2 |       0 |    0 |    2 |      0 |      0 |    0 |          0 |
|               s_sc_xpm_cdc_async_rst_inst                                                 |                                                              system_axi_smc_0_xpm_cdc_async_rst__59 |          0 |          0 |       0 |    0 |    3 |      0 |      0 |    0 |          0 |
|         switchboards                                                                      |                                                           system_axi_smc_0_switchboards_imp_1N40MOY |        191 |        185 |       4 |    2 |  232 |      0 |      0 |    0 |          0 |
|           ar_la_in_swbd                                                                   |                                                                   system_axi_smc_0_bd_44e3_arinsw_0 |          8 |          8 |       0 |    0 |    0 |      0 |      0 |    0 |          0 |
|             inst                                                                          |                                                       system_axi_smc_0_sc_switchboard_v1_0_6_top__1 |          8 |          8 |       0 |    0 |    0 |      0 |      0 |    0 |          0 |
|               (inst)                                                                      |                                                       system_axi_smc_0_sc_switchboard_v1_0_6_top__1 |          1 |          1 |       0 |    0 |    0 |      0 |      0 |    0 |          0 |
|               gen_mi[0].inst_mux_payld                                                    |                                                              system_axi_smc_0_sc_util_v1_0_4_mux_27 |          7 |          7 |       0 |    0 |    0 |      0 |      0 |    0 |          0 |
|           ar_la_out_swbd                                                                  |                                                                  system_axi_smc_0_bd_44e3_aroutsw_0 |          0 |          0 |       0 |    0 |    0 |      0 |      0 |    0 |          0 |
|             inst                                                                          |                                       system_axi_smc_0_sc_switchboard_v1_0_6_top__parameterized0__1 |          0 |          0 |       0 |    0 |    0 |      0 |      0 |    0 |          0 |
|           aw_la_in_swbd                                                                   |                                                                   system_axi_smc_0_bd_44e3_awinsw_0 |          7 |          7 |       0 |    0 |    0 |      0 |      0 |    0 |          0 |
|             inst                                                                          |                                                          system_axi_smc_0_sc_switchboard_v1_0_6_top |          7 |          7 |       0 |    0 |    0 |      0 |      0 |    0 |          0 |
|               gen_mi[0].inst_mux_payld                                                    |                                                                 system_axi_smc_0_sc_util_v1_0_4_mux |          7 |          7 |       0 |    0 |    0 |      0 |      0 |    0 |          0 |
|           aw_la_out_swbd                                                                  |                                                                  system_axi_smc_0_bd_44e3_awoutsw_0 |          0 |          0 |       0 |    0 |    0 |      0 |      0 |    0 |          0 |
|             inst                                                                          |                                          system_axi_smc_0_sc_switchboard_v1_0_6_top__parameterized0 |          0 |          0 |       0 |    0 |    0 |      0 |      0 |    0 |          0 |
|           b_la_in_swbd                                                                    |                                                                    system_axi_smc_0_bd_44e3_binsw_0 |          0 |          0 |       0 |    0 |    0 |      0 |      0 |    0 |          0 |
|             inst                                                                          |                                          system_axi_smc_0_sc_switchboard_v1_0_6_top__parameterized1 |          0 |          0 |       0 |    0 |    0 |      0 |      0 |    0 |          0 |
|           b_la_out_swbd                                                                   |                                                                   system_axi_smc_0_bd_44e3_boutsw_0 |          1 |          1 |       0 |    0 |    0 |      0 |      0 |    0 |          0 |
|             inst                                                                          |                                          system_axi_smc_0_sc_switchboard_v1_0_6_top__parameterized2 |          1 |          1 |       0 |    0 |    0 |      0 |      0 |    0 |          0 |
|               gen_mi[0].inst_mux_payld                                                    |                                                 system_axi_smc_0_sc_util_v1_0_4_mux__parameterized2 |          1 |          1 |       0 |    0 |    0 |      0 |      0 |    0 |          0 |
|           i_nodes                                                                         |                                                                 system_axi_smc_0_i_nodes_imp_4RJFMI |        139 |        133 |       4 |    2 |  232 |      0 |      0 |    0 |          0 |
|             i_ar_node                                                                     |                                                                     system_axi_smc_0_bd_44e3_arni_0 |         21 |         21 |       0 |    0 |   35 |      0 |      0 |    0 |          0 |
|               inst                                                                        |                                                system_axi_smc_0_sc_node_v1_0_14_top__parameterized9 |         21 |         21 |       0 |    0 |   35 |      0 |      0 |    0 |          0 |
|                 (inst)                                                                    |                                                system_axi_smc_0_sc_node_v1_0_14_top__parameterized9 |          3 |          3 |       0 |    0 |    1 |      0 |      0 |    0 |          0 |
|                 inst_mi_handler                                                           |                                         system_axi_smc_0_sc_node_v1_0_14_mi_handler__parameterized9 |          8 |          8 |       0 |    0 |   20 |      0 |      0 |    0 |          0 |
|                   (inst_mi_handler)                                                       |                                         system_axi_smc_0_sc_node_v1_0_14_mi_handler__parameterized9 |          0 |          0 |       0 |    0 |    2 |      0 |      0 |    0 |          0 |
|                   gen_normal_area.gen_fi_regulator.inst_fi_regulator                      |                                                    system_axi_smc_0_sc_node_v1_0_14_fi_regulator_23 |          1 |          1 |       0 |    0 |    1 |      0 |      0 |    0 |          0 |
|                   gen_normal_area.inst_fifo_node_payld                                    |                                                            system_axi_smc_0_sc_node_v1_0_14_fifo_24 |          7 |          7 |       0 |    0 |   17 |      0 |      0 |    0 |          0 |
|                     gen_reg_fifo.inst_reg_fifo                                            |                                                        system_axi_smc_0_sc_node_v1_0_14_reg_fifo_25 |          7 |          7 |       0 |    0 |   17 |      0 |      0 |    0 |          0 |
|                       (gen_reg_fifo.inst_reg_fifo)                                        |                                                        system_axi_smc_0_sc_node_v1_0_14_reg_fifo_25 |          2 |          2 |       0 |    0 |   15 |      0 |      0 |    0 |          0 |
|                       gen_single_rank.inst_cntr                                           |                                          system_axi_smc_0_sc_util_v1_0_4_counter__parameterized1_26 |          5 |          5 |       0 |    0 |    2 |      0 |      0 |    0 |          0 |
|                 inst_si_handler                                                           |                                         system_axi_smc_0_sc_node_v1_0_14_si_handler__parameterized4 |         10 |         10 |       0 |    0 |   11 |      0 |      0 |    0 |          0 |
|                   (inst_si_handler)                                                       |                                         system_axi_smc_0_sc_node_v1_0_14_si_handler__parameterized4 |          0 |          0 |       0 |    0 |    1 |      0 |      0 |    0 |          0 |
|                   gen_si_handler.gen_arbiter_rr_minimal_area.inst_arbiter                 |                                                      system_axi_smc_0_sc_node_v1_0_14_arb_alg_rr_20 |          4 |          4 |       0 |    0 |    4 |      0 |      0 |    0 |          0 |
|                   gen_si_handler.gen_request_counters.gen_req_counter[0].inst_req_counter |                                          system_axi_smc_0_sc_util_v1_0_4_counter__parameterized0_21 |          4 |          4 |       0 |    0 |    3 |      0 |      0 |    0 |          0 |
|                   gen_si_handler.gen_request_counters.gen_req_counter[1].inst_req_counter |                                          system_axi_smc_0_sc_util_v1_0_4_counter__parameterized0_22 |          4 |          4 |       0 |    0 |    3 |      0 |      0 |    0 |          0 |
|                 s_sc_xpm_cdc_async_rst_inst                                               |                                                              system_axi_smc_0_xpm_cdc_async_rst__61 |          0 |          0 |       0 |    0 |    3 |      0 |      0 |    0 |          0 |
|             i_aw_node                                                                     |                                                                     system_axi_smc_0_bd_44e3_awni_0 |         40 |         38 |       0 |    2 |   45 |      0 |      0 |    0 |          0 |
|               inst                                                                        |                                               system_axi_smc_0_sc_node_v1_0_14_top__parameterized10 |         40 |         38 |       0 |    2 |   45 |      0 |      0 |    0 |          0 |
|                 (inst)                                                                    |                                               system_axi_smc_0_sc_node_v1_0_14_top__parameterized10 |          3 |          3 |       0 |    0 |    1 |      0 |      0 |    0 |          0 |
|                 inst_mi_handler                                                           |                                        system_axi_smc_0_sc_node_v1_0_14_mi_handler__parameterized10 |          8 |          8 |       0 |    0 |   20 |      0 |      0 |    0 |          0 |
|                   (inst_mi_handler)                                                       |                                        system_axi_smc_0_sc_node_v1_0_14_mi_handler__parameterized10 |          0 |          0 |       0 |    0 |    2 |      0 |      0 |    0 |          0 |
|                   gen_normal_area.gen_fi_regulator.inst_fi_regulator                      |                                                    system_axi_smc_0_sc_node_v1_0_14_fi_regulator_18 |          1 |          1 |       0 |    0 |    1 |      0 |      0 |    0 |          0 |
|                   gen_normal_area.inst_fifo_node_payld                                    |                                                               system_axi_smc_0_sc_node_v1_0_14_fifo |          7 |          7 |       0 |    0 |   17 |      0 |      0 |    0 |          0 |
|                     gen_reg_fifo.inst_reg_fifo                                            |                                                           system_axi_smc_0_sc_node_v1_0_14_reg_fifo |          7 |          7 |       0 |    0 |   17 |      0 |      0 |    0 |          0 |
|                       (gen_reg_fifo.inst_reg_fifo)                                        |                                                           system_axi_smc_0_sc_node_v1_0_14_reg_fifo |          3 |          3 |       0 |    0 |   15 |      0 |      0 |    0 |          0 |
|                       gen_single_rank.inst_cntr                                           |                                          system_axi_smc_0_sc_util_v1_0_4_counter__parameterized1_19 |          5 |          5 |       0 |    0 |    2 |      0 |      0 |    0 |          0 |
|                 inst_si_handler                                                           |                                         system_axi_smc_0_sc_node_v1_0_14_si_handler__parameterized5 |         29 |         27 |       0 |    2 |   21 |      0 |      0 |    0 |          0 |
|                   (inst_si_handler)                                                       |                                         system_axi_smc_0_sc_node_v1_0_14_si_handler__parameterized5 |          0 |          0 |       0 |    0 |    1 |      0 |      0 |    0 |          0 |
|                   gen_m_axis_arb_fifo.inst_axis_arb_fifo                                  |                                                   system_axi_smc_0_sc_util_v1_0_4_axic_reg_srl_fifo |         18 |         16 |       0 |    2 |   10 |      0 |      0 |    0 |          0 |
|                     (gen_m_axis_arb_fifo.inst_axis_arb_fifo)                              |                                                   system_axi_smc_0_sc_util_v1_0_4_axic_reg_srl_fifo |         14 |         14 |       0 |    0 |   10 |      0 |      0 |    0 |          0 |
|                     gen_srls[0].srl_nx1                                                   |                                                             system_axi_smc_0_sc_util_v1_0_4_srl_rtl |          2 |          1 |       0 |    1 |    0 |      0 |      0 |    0 |          0 |
|                     gen_srls[1].srl_nx1                                                   |                                                          system_axi_smc_0_sc_util_v1_0_4_srl_rtl_17 |          3 |          2 |       0 |    1 |    0 |      0 |      0 |    0 |          0 |
|                   gen_si_handler.gen_arbiter_rr_minimal_area.inst_arbiter                 |                                                      system_axi_smc_0_sc_node_v1_0_14_arb_alg_rr_14 |          5 |          5 |       0 |    0 |    4 |      0 |      0 |    0 |          0 |
|                   gen_si_handler.gen_request_counters.gen_req_counter[0].inst_req_counter |                                          system_axi_smc_0_sc_util_v1_0_4_counter__parameterized0_15 |          3 |          3 |       0 |    0 |    3 |      0 |      0 |    0 |          0 |
|                   gen_si_handler.gen_request_counters.gen_req_counter[1].inst_req_counter |                                          system_axi_smc_0_sc_util_v1_0_4_counter__parameterized0_16 |          4 |          4 |       0 |    0 |    3 |      0 |      0 |    0 |          0 |
|                 s_sc_xpm_cdc_async_rst_inst                                               |                                                              system_axi_smc_0_xpm_cdc_async_rst__63 |          0 |          0 |       0 |    0 |    3 |      0 |      0 |    0 |          0 |
|             i_b_node                                                                      |                                                                      system_axi_smc_0_bd_44e3_bni_0 |         20 |         20 |       0 |    0 |   24 |      0 |      0 |    0 |          0 |
|               inst                                                                        |                                               system_axi_smc_0_sc_node_v1_0_14_top__parameterized11 |         20 |         20 |       0 |    0 |   24 |      0 |      0 |    0 |          0 |
|                 (inst)                                                                    |                                               system_axi_smc_0_sc_node_v1_0_14_top__parameterized11 |          3 |          3 |       0 |    0 |    1 |      0 |      0 |    0 |          0 |
|                 inst_mi_handler                                                           |                                        system_axi_smc_0_sc_node_v1_0_14_mi_handler__parameterized11 |          8 |          8 |       0 |    0 |    9 |      0 |      0 |    0 |          0 |
|                   (inst_mi_handler)                                                       |                                        system_axi_smc_0_sc_node_v1_0_14_mi_handler__parameterized11 |          0 |          0 |       0 |    0 |    2 |      0 |      0 |    0 |          0 |
|                   gen_normal_area.gen_fi_regulator.inst_fi_regulator                      |                                                    system_axi_smc_0_sc_node_v1_0_14_fi_regulator_12 |          1 |          1 |       0 |    0 |    1 |      0 |      0 |    0 |          0 |
|                   gen_normal_area.inst_fifo_node_payld                                    |                                               system_axi_smc_0_sc_node_v1_0_14_fifo__parameterized0 |          7 |          7 |       0 |    0 |    6 |      0 |      0 |    0 |          0 |
|                     gen_reg_fifo.inst_reg_fifo                                            |                                           system_axi_smc_0_sc_node_v1_0_14_reg_fifo__parameterized0 |          7 |          7 |       0 |    0 |    6 |      0 |      0 |    0 |          0 |
|                       (gen_reg_fifo.inst_reg_fifo)                                        |                                           system_axi_smc_0_sc_node_v1_0_14_reg_fifo__parameterized0 |          2 |          2 |       0 |    0 |    4 |      0 |      0 |    0 |          0 |
|                       gen_single_rank.inst_cntr                                           |                                          system_axi_smc_0_sc_util_v1_0_4_counter__parameterized1_13 |          5 |          5 |       0 |    0 |    2 |      0 |      0 |    0 |          0 |
|                 inst_si_handler                                                           |                                         system_axi_smc_0_sc_node_v1_0_14_si_handler__parameterized6 |         10 |         10 |       0 |    0 |   11 |      0 |      0 |    0 |          0 |
|                   (inst_si_handler)                                                       |                                         system_axi_smc_0_sc_node_v1_0_14_si_handler__parameterized6 |          0 |          0 |       0 |    0 |    1 |      0 |      0 |    0 |          0 |
|                   gen_si_handler.gen_arbiter_rr_minimal_area.inst_arbiter                 |                                                       system_axi_smc_0_sc_node_v1_0_14_arb_alg_rr_9 |          4 |          4 |       0 |    0 |    4 |      0 |      0 |    0 |          0 |
|                   gen_si_handler.gen_request_counters.gen_req_counter[0].inst_req_counter |                                          system_axi_smc_0_sc_util_v1_0_4_counter__parameterized0_10 |          4 |          4 |       0 |    0 |    3 |      0 |      0 |    0 |          0 |
|                   gen_si_handler.gen_request_counters.gen_req_counter[1].inst_req_counter |                                          system_axi_smc_0_sc_util_v1_0_4_counter__parameterized0_11 |          4 |          4 |       0 |    0 |    3 |      0 |      0 |    0 |          0 |
|                 s_sc_xpm_cdc_async_rst_inst                                               |                                                              system_axi_smc_0_xpm_cdc_async_rst__65 |          0 |          0 |       0 |    0 |    3 |      0 |      0 |    0 |          0 |
|             i_r_node                                                                      |                                                                      system_axi_smc_0_bd_44e3_rni_0 |         21 |         21 |       0 |    0 |   56 |      0 |      0 |    0 |          0 |
|               inst                                                                        |                                               system_axi_smc_0_sc_node_v1_0_14_top__parameterized12 |         21 |         21 |       0 |    0 |   56 |      0 |      0 |    0 |          0 |
|                 (inst)                                                                    |                                               system_axi_smc_0_sc_node_v1_0_14_top__parameterized12 |          3 |          3 |       0 |    0 |    1 |      0 |      0 |    0 |          0 |
|                 inst_mi_handler                                                           |                                        system_axi_smc_0_sc_node_v1_0_14_mi_handler__parameterized12 |          8 |          8 |       0 |    0 |   41 |      0 |      0 |    0 |          0 |
|                   (inst_mi_handler)                                                       |                                        system_axi_smc_0_sc_node_v1_0_14_mi_handler__parameterized12 |          0 |          0 |       0 |    0 |    2 |      0 |      0 |    0 |          0 |
|                   gen_normal_area.gen_fi_regulator.inst_fi_regulator                      |                                                     system_axi_smc_0_sc_node_v1_0_14_fi_regulator_5 |          1 |          1 |       0 |    0 |    1 |      0 |      0 |    0 |          0 |
|                   gen_normal_area.inst_fifo_node_payld                                    |                                             system_axi_smc_0_sc_node_v1_0_14_fifo__parameterized1_6 |          7 |          7 |       0 |    0 |   38 |      0 |      0 |    0 |          0 |
|                     gen_reg_fifo.inst_reg_fifo                                            |                                         system_axi_smc_0_sc_node_v1_0_14_reg_fifo__parameterized1_7 |          7 |          7 |       0 |    0 |   38 |      0 |      0 |    0 |          0 |
|                       (gen_reg_fifo.inst_reg_fifo)                                        |                                         system_axi_smc_0_sc_node_v1_0_14_reg_fifo__parameterized1_7 |          2 |          2 |       0 |    0 |   36 |      0 |      0 |    0 |          0 |
|                       gen_single_rank.inst_cntr                                           |                                           system_axi_smc_0_sc_util_v1_0_4_counter__parameterized1_8 |          5 |          5 |       0 |    0 |    2 |      0 |      0 |    0 |          0 |
|                 inst_si_handler                                                           |                                         system_axi_smc_0_sc_node_v1_0_14_si_handler__parameterized7 |         11 |         11 |       0 |    0 |   11 |      0 |      0 |    0 |          0 |
|                   (inst_si_handler)                                                       |                                         system_axi_smc_0_sc_node_v1_0_14_si_handler__parameterized7 |          0 |          0 |       0 |    0 |    1 |      0 |      0 |    0 |          0 |
|                   gen_si_handler.gen_arbiter_rr_minimal_area.inst_arbiter                 |                                                         system_axi_smc_0_sc_node_v1_0_14_arb_alg_rr |          4 |          4 |       0 |    0 |    4 |      0 |      0 |    0 |          0 |
|                   gen_si_handler.gen_request_counters.gen_req_counter[0].inst_req_counter |                                             system_axi_smc_0_sc_util_v1_0_4_counter__parameterized0 |          4 |          4 |       0 |    0 |    3 |      0 |      0 |    0 |          0 |
|                   gen_si_handler.gen_request_counters.gen_req_counter[1].inst_req_counter |                                           system_axi_smc_0_sc_util_v1_0_4_counter__parameterized0_4 |          4 |          4 |       0 |    0 |    3 |      0 |      0 |    0 |          0 |
|                 s_sc_xpm_cdc_async_rst_inst                                               |                                                              system_axi_smc_0_xpm_cdc_async_rst__67 |          0 |          0 |       0 |    0 |    3 |      0 |      0 |    0 |          0 |
|             i_w_node                                                                      |                                                                      system_axi_smc_0_bd_44e3_wni_0 |         37 |         33 |       4 |    0 |   72 |      0 |      0 |    0 |          0 |
|               inst                                                                        |                                               system_axi_smc_0_sc_node_v1_0_14_top__parameterized13 |         37 |         33 |       4 |    0 |   72 |      0 |      0 |    0 |          0 |
|                 (inst)                                                                    |                                               system_axi_smc_0_sc_node_v1_0_14_top__parameterized13 |          3 |          3 |       0 |    0 |    1 |      0 |      0 |    0 |          0 |
|                 inst_mi_handler                                                           |                                        system_axi_smc_0_sc_node_v1_0_14_mi_handler__parameterized13 |          8 |          8 |       0 |    0 |   45 |      0 |      0 |    0 |          0 |
|                   (inst_mi_handler)                                                       |                                        system_axi_smc_0_sc_node_v1_0_14_mi_handler__parameterized13 |          0 |          0 |       0 |    0 |    2 |      0 |      0 |    0 |          0 |
|                   gen_normal_area.gen_fi_regulator.inst_fi_regulator                      |                                                       system_axi_smc_0_sc_node_v1_0_14_fi_regulator |          2 |          2 |       0 |    0 |    1 |      0 |      0 |    0 |          0 |
|                   gen_normal_area.inst_fifo_node_payld                                    |                                               system_axi_smc_0_sc_node_v1_0_14_fifo__parameterized1 |          6 |          6 |       0 |    0 |   42 |      0 |      0 |    0 |          0 |
|                     gen_reg_fifo.inst_reg_fifo                                            |                                           system_axi_smc_0_sc_node_v1_0_14_reg_fifo__parameterized1 |          6 |          6 |       0 |    0 |   42 |      0 |      0 |    0 |          0 |
|                       (gen_reg_fifo.inst_reg_fifo)                                        |                                           system_axi_smc_0_sc_node_v1_0_14_reg_fifo__parameterized1 |          1 |          1 |       0 |    0 |   40 |      0 |      0 |    0 |          0 |
|                       gen_single_rank.inst_cntr                                           |                                             system_axi_smc_0_sc_util_v1_0_4_counter__parameterized1 |          5 |          5 |       0 |    0 |    2 |      0 |      0 |    0 |          0 |
|                 inst_si_handler                                                           |                                         system_axi_smc_0_sc_node_v1_0_14_si_handler__parameterized8 |         27 |         23 |       4 |    0 |   23 |      0 |      0 |    0 |          0 |
|                   (inst_si_handler)                                                       |                                         system_axi_smc_0_sc_node_v1_0_14_si_handler__parameterized8 |          0 |          0 |       0 |    0 |    1 |      0 |      0 |    0 |          0 |
|                   gen_si_handler.gen_request_fifos.gen_req_fifo[0].inst_req_fifo          |                                    system_axi_smc_0_sc_node_v1_0_14_fifo__parameterized2__xdcDup__1 |         14 |         12 |       2 |    0 |   11 |      0 |      0 |    0 |          0 |
|                     gen_xpm_memory_fifo.inst_fifo                                         |                                          system_axi_smc_0_sc_util_v1_0_4_xpm_memory_fifo__xdcDup__1 |         14 |         12 |       2 |    0 |   11 |      0 |      0 |    0 |          0 |
|                       (gen_xpm_memory_fifo.inst_fifo)                                     |                                          system_axi_smc_0_sc_util_v1_0_4_xpm_memory_fifo__xdcDup__1 |          2 |          2 |       0 |    0 |    2 |      0 |      0 |    0 |          0 |
|                       gen_mem_rep[0].inst_rd_addrb                                        |                                           system_axi_smc_0_sc_util_v1_0_4_counter__parameterized2_1 |          2 |          2 |       0 |    0 |    3 |      0 |      0 |    0 |          0 |
|                       gen_mem_rep[0].inst_wr_addra                                        |                                           system_axi_smc_0_sc_util_v1_0_4_counter__parameterized2_2 |          2 |          2 |       0 |    0 |    3 |      0 |      0 |    0 |          0 |
|                       gen_mem_rep[0].inst_xpm_memory                                      |                                                               system_axi_smc_0_xpm_memory_sdpram__2 |          2 |          0 |       2 |    0 |    0 |      0 |      0 |    0 |          0 |
|                         xpm_memory_base_inst                                              |                                                                 system_axi_smc_0_xpm_memory_base__2 |          2 |          0 |       2 |    0 |    0 |      0 |      0 |    0 |          0 |
|                       gen_wr.inst_wr_addra_p1                                             |                                           system_axi_smc_0_sc_util_v1_0_4_counter__parameterized3_3 |          6 |          6 |       0 |    0 |    3 |      0 |      0 |    0 |          0 |
|                   gen_si_handler.gen_request_fifos.gen_req_fifo[1].inst_req_fifo          |                                               system_axi_smc_0_sc_node_v1_0_14_fifo__parameterized2 |         14 |         12 |       2 |    0 |   11 |      0 |      0 |    0 |          0 |
|                     gen_xpm_memory_fifo.inst_fifo                                         |                                                     system_axi_smc_0_sc_util_v1_0_4_xpm_memory_fifo |         14 |         12 |       2 |    0 |   11 |      0 |      0 |    0 |          0 |
|                       (gen_xpm_memory_fifo.inst_fifo)                                     |                                                     system_axi_smc_0_sc_util_v1_0_4_xpm_memory_fifo |          2 |          2 |       0 |    0 |    2 |      0 |      0 |    0 |          0 |
|                       gen_mem_rep[0].inst_rd_addrb                                        |                                             system_axi_smc_0_sc_util_v1_0_4_counter__parameterized2 |          3 |          3 |       0 |    0 |    3 |      0 |      0 |    0 |          0 |
|                       gen_mem_rep[0].inst_wr_addra                                        |                                           system_axi_smc_0_sc_util_v1_0_4_counter__parameterized2_0 |          2 |          2 |       0 |    0 |    3 |      0 |      0 |    0 |          0 |
|                       gen_mem_rep[0].inst_xpm_memory                                      |                                                                  system_axi_smc_0_xpm_memory_sdpram |          2 |          0 |       2 |    0 |    0 |      0 |      0 |    0 |          0 |
|                         xpm_memory_base_inst                                              |                                                                    system_axi_smc_0_xpm_memory_base |          2 |          0 |       2 |    0 |    0 |      0 |      0 |    0 |          0 |
|                       gen_wr.inst_wr_addra_p1                                             |                                             system_axi_smc_0_sc_util_v1_0_4_counter__parameterized3 |          6 |          6 |       0 |    0 |    3 |      0 |      0 |    0 |          0 |
|                 s_sc_xpm_cdc_async_rst_inst                                               |                                                              system_axi_smc_0_xpm_cdc_async_rst__69 |          0 |          0 |       0 |    0 |    3 |      0 |      0 |    0 |          0 |
|           r_la_in_swbd                                                                    |                                                                    system_axi_smc_0_bd_44e3_rinsw_0 |          0 |          0 |       0 |    0 |    0 |      0 |      0 |    0 |          0 |
|             inst                                                                          |                                          system_axi_smc_0_sc_switchboard_v1_0_6_top__parameterized3 |          0 |          0 |       0 |    0 |    0 |      0 |      0 |    0 |          0 |
|           r_la_out_swbd                                                                   |                                                                   system_axi_smc_0_bd_44e3_routsw_0 |         17 |         17 |       0 |    0 |    0 |      0 |      0 |    0 |          0 |
|             inst                                                                          |                                          system_axi_smc_0_sc_switchboard_v1_0_6_top__parameterized4 |         17 |         17 |       0 |    0 |    0 |      0 |      0 |    0 |          0 |
|               gen_mi[0].inst_mux_payld                                                    |                                                 system_axi_smc_0_sc_util_v1_0_4_mux__parameterized4 |         17 |         17 |       0 |    0 |    0 |      0 |      0 |    0 |          0 |
|           w_la_in_swbd                                                                    |                                                                    system_axi_smc_0_bd_44e3_winsw_0 |         19 |         19 |       0 |    0 |    0 |      0 |      0 |    0 |          0 |
|             inst                                                                          |                                          system_axi_smc_0_sc_switchboard_v1_0_6_top__parameterized5 |         19 |         19 |       0 |    0 |    0 |      0 |      0 |    0 |          0 |
|               gen_mi[0].inst_mux_payld                                                    |                                                 system_axi_smc_0_sc_util_v1_0_4_mux__parameterized5 |         19 |         19 |       0 |    0 |    0 |      0 |      0 |    0 |          0 |
|           w_la_out_swbd                                                                   |                                                                   system_axi_smc_0_bd_44e3_woutsw_0 |          0 |          0 |       0 |    0 |    0 |      0 |      0 |    0 |          0 |
|             inst                                                                          |                                          system_axi_smc_0_sc_switchboard_v1_0_6_top__parameterized6 |          0 |          0 |       0 |    0 |    0 |      0 |      0 |    0 |          0 |
|     mpcc_hls_0                                                                            |                                                                                 system_mpcc_hls_0_0 |       9450 |       9389 |       0 |   61 | 6066 |      1 |      0 |    0 |         54 |
|       inst                                                                                |                                                                        system_mpcc_hls_0_0_mpcc_hls |       9450 |       9389 |       0 |   61 | 6066 |      1 |      0 |    0 |         54 |
|         (inst)                                                                            |                                                                        system_mpcc_hls_0_0_mpcc_hls |        112 |        112 |       0 |    0 | 1407 |      1 |      0 |    0 |          0 |
|         control_s_axi_U                                                                   |                                                          system_mpcc_hls_0_0_mpcc_hls_control_s_axi |        542 |        542 |       0 |    0 |  507 |      0 |      0 |    0 |          0 |
|         fadd_32ns_32ns_32_4_full_dsp_1_U48                                                |                                         system_mpcc_hls_0_0_mpcc_hls_fadd_32ns_32ns_32_4_full_dsp_1 |        173 |        173 |       0 |    0 |  199 |      0 |      0 |    0 |          2 |
|           (fadd_32ns_32ns_32_4_full_dsp_1_U48)                                            |                                         system_mpcc_hls_0_0_mpcc_hls_fadd_32ns_32ns_32_4_full_dsp_1 |          0 |          0 |       0 |    0 |   64 |      0 |      0 |    0 |          0 |
|           mpcc_hls_fadd_32ns_32ns_32_4_full_dsp_1_ip_u                                    |                                      system_mpcc_hls_0_0_mpcc_hls_fadd_32ns_32ns_32_4_full_dsp_1_ip |        173 |        173 |       0 |    0 |  135 |      0 |      0 |    0 |          2 |
|             inst                                                                          |                                          system_mpcc_hls_0_0_floating_point_v7_1_15__parameterized1 |        173 |        173 |       0 |    0 |  135 |      0 |      0 |    0 |          2 |
|               i_synth                                                                     |                                      system_mpcc_hls_0_0_floating_point_v7_1_15_viv__parameterized3 |        173 |        173 |       0 |    0 |  135 |      0 |      0 |    0 |          2 |
|                 ADDSUB_OP.ADDSUB                                                          |                                                         system_mpcc_hls_0_0_flt_add__parameterized0 |        173 |        173 |       0 |    0 |  135 |      0 |      0 |    0 |          2 |
|                   DSP.OP                                                                  |                                                                 system_mpcc_hls_0_0_flt_add_dsp_409 |        173 |        173 |       0 |    0 |  135 |      0 |      0 |    0 |          2 |
|                     A_IP_DELAY                                                            |                                                       system_mpcc_hls_0_0_delay__parameterized3_410 |         30 |         30 |       0 |    0 |   23 |      0 |      0 |    0 |          0 |
|                       i_pipe                                                              |                                        system_mpcc_hls_0_0_xbip_pipe_v3_0_6_viv__parameterized9_472 |         30 |         30 |       0 |    0 |   23 |      0 |      0 |    0 |          0 |
|                     B_IP_DELAY                                                            |                                                       system_mpcc_hls_0_0_delay__parameterized3_411 |         23 |         23 |       0 |    0 |   23 |      0 |      0 |    0 |          0 |
|                       i_pipe                                                              |                                        system_mpcc_hls_0_0_xbip_pipe_v3_0_6_viv__parameterized9_471 |         23 |         23 |       0 |    0 |   23 |      0 |      0 |    0 |          0 |
|                     DSP48E1_BODY.ALIGN_ADD                                                |                                                       system_mpcc_hls_0_0_align_add_dsp48e1_sgl_412 |         11 |         11 |       0 |    0 |    0 |      0 |      0 |    0 |          1 |
|                       DSP2                                                                |                                                             system_mpcc_hls_0_0_dsp48e1_wrapper_467 |         11 |         11 |       0 |    0 |    0 |      0 |      0 |    0 |          1 |
|                       ZERO_14_DET.CARRY_MUX                                               |                                                 system_mpcc_hls_0_0_carry_chain__parameterized6_468 |          0 |          0 |       0 |    0 |    0 |      0 |      0 |    0 |          0 |
|                       ZERO_14_DET.ZERO_DET                                                |                                                               system_mpcc_hls_0_0_compare_eq_im_469 |          0 |          0 |       0 |    0 |    0 |      0 |      0 |    0 |          0 |
|                         CARRY_ZERO_DET                                                    |                                                 system_mpcc_hls_0_0_carry_chain__parameterized5_470 |          0 |          0 |       0 |    0 |    0 |      0 |      0 |    0 |          0 |
|                     DSP48E1_BODY.EXP                                                      |                                                              system_mpcc_hls_0_0_flt_add_exp_sp_413 |         72 |         72 |       0 |    0 |   46 |      0 |      0 |    0 |          0 |
|                       (DSP48E1_BODY.EXP)                                                  |                                                              system_mpcc_hls_0_0_flt_add_exp_sp_413 |          8 |          8 |       0 |    0 |    0 |      0 |      0 |    0 |          0 |
|                       A_EXP_DELAY                                                         |                                                      system_mpcc_hls_0_0_delay__parameterized46_428 |          0 |          0 |       0 |    0 |    8 |      0 |      0 |    0 |          0 |
|                         i_pipe                                                            |                                       system_mpcc_hls_0_0_xbip_pipe_v3_0_6_viv__parameterized74_466 |          0 |          0 |       0 |    0 |    8 |      0 |      0 |    0 |          0 |
|                       A_SIGN_DELAY                                                        |                                                       system_mpcc_hls_0_0_delay__parameterized8_429 |          0 |          0 |       0 |    0 |    1 |      0 |      0 |    0 |          0 |
|                         i_pipe                                                            |                                       system_mpcc_hls_0_0_xbip_pipe_v3_0_6_viv__parameterized17_465 |          0 |          0 |       0 |    0 |    1 |      0 |      0 |    0 |          0 |
|                       BMA_EXP_DELAY                                                       |                                                      system_mpcc_hls_0_0_delay__parameterized49_430 |         20 |         20 |       0 |    0 |    9 |      0 |      0 |    0 |          0 |
|                         i_pipe                                                            |                                       system_mpcc_hls_0_0_xbip_pipe_v3_0_6_viv__parameterized78_464 |         20 |         20 |       0 |    0 |    9 |      0 |      0 |    0 |          0 |
|                       B_EXP_DELAY                                                         |                                                      system_mpcc_hls_0_0_delay__parameterized46_431 |          0 |          0 |       0 |    0 |    8 |      0 |      0 |    0 |          0 |
|                         i_pipe                                                            |                                       system_mpcc_hls_0_0_xbip_pipe_v3_0_6_viv__parameterized74_463 |          0 |          0 |       0 |    0 |    8 |      0 |      0 |    0 |          0 |
|                       B_SIGN_DELAY                                                        |                                                       system_mpcc_hls_0_0_delay__parameterized8_432 |          1 |          1 |       0 |    0 |    1 |      0 |      0 |    0 |          0 |
|                         i_pipe                                                            |                                       system_mpcc_hls_0_0_xbip_pipe_v3_0_6_viv__parameterized17_462 |          1 |          1 |       0 |    0 |    1 |      0 |      0 |    0 |          0 |
|                       COND_DET_A                                                          |                                              system_mpcc_hls_0_0_special_detect__parameterized0_433 |          8 |          8 |       0 |    0 |    3 |      0 |      0 |    0 |          0 |
|                         EXP_DET_LUT.EXP_ALL_ONE_DEL                                       |                                                      system_mpcc_hls_0_0_delay__parameterized44_456 |          2 |          2 |       0 |    0 |    1 |      0 |      0 |    0 |          0 |
|                           i_pipe                                                          |                                       system_mpcc_hls_0_0_xbip_pipe_v3_0_6_viv__parameterized72_461 |          2 |          2 |       0 |    0 |    1 |      0 |      0 |    0 |          0 |
|                         EXP_DET_LUT.EXP_ALL_ZERO_DEL                                      |                                                      system_mpcc_hls_0_0_delay__parameterized44_457 |          3 |          3 |       0 |    0 |    1 |      0 |      0 |    0 |          0 |
|                           i_pipe                                                          |                                       system_mpcc_hls_0_0_xbip_pipe_v3_0_6_viv__parameterized72_460 |          3 |          3 |       0 |    0 |    1 |      0 |      0 |    0 |          0 |
|                         MANT_CARRY.MANT_ALL_ZERO_DET                                      |                                               system_mpcc_hls_0_0_compare_eq_im__parameterized0_458 |          4 |          4 |       0 |    0 |    1 |      0 |      0 |    0 |          0 |
|                           CARRY_ZERO_DET                                                  |                                                 system_mpcc_hls_0_0_carry_chain__parameterized7_459 |          4 |          4 |       0 |    0 |    1 |      0 |      0 |    0 |          0 |
|                       COND_DET_B                                                          |                                              system_mpcc_hls_0_0_special_detect__parameterized0_434 |         13 |         13 |       0 |    0 |    3 |      0 |      0 |    0 |          0 |
|                         EXP_DET_LUT.EXP_ALL_ONE_DEL                                       |                                                      system_mpcc_hls_0_0_delay__parameterized44_450 |          2 |          2 |       0 |    0 |    1 |      0 |      0 |    0 |          0 |
|                           i_pipe                                                          |                                       system_mpcc_hls_0_0_xbip_pipe_v3_0_6_viv__parameterized72_455 |          2 |          2 |       0 |    0 |    1 |      0 |      0 |    0 |          0 |
|                         EXP_DET_LUT.EXP_ALL_ZERO_DEL                                      |                                                      system_mpcc_hls_0_0_delay__parameterized44_451 |          5 |          5 |       0 |    0 |    1 |      0 |      0 |    0 |          0 |
|                           i_pipe                                                          |                                       system_mpcc_hls_0_0_xbip_pipe_v3_0_6_viv__parameterized72_454 |          5 |          5 |       0 |    0 |    1 |      0 |      0 |    0 |          0 |
|                         MANT_CARRY.MANT_ALL_ZERO_DET                                      |                                               system_mpcc_hls_0_0_compare_eq_im__parameterized0_452 |          7 |          7 |       0 |    0 |    1 |      0 |      0 |    0 |          0 |
|                           CARRY_ZERO_DET                                                  |                                                 system_mpcc_hls_0_0_carry_chain__parameterized7_453 |          7 |          7 |       0 |    0 |    1 |      0 |      0 |    0 |          0 |
|                       DET_SIGN_DELAY                                                      |                                                      system_mpcc_hls_0_0_delay__parameterized44_435 |          0 |          0 |       0 |    0 |    1 |      0 |      0 |    0 |          0 |
|                         i_pipe                                                            |                                       system_mpcc_hls_0_0_xbip_pipe_v3_0_6_viv__parameterized72_449 |          0 |          0 |       0 |    0 |    1 |      0 |      0 |    0 |          0 |
|                       EXP_OFF.LRG_EXP_DELAY                                               |                                                      system_mpcc_hls_0_0_delay__parameterized49_436 |          3 |          3 |       0 |    0 |    8 |      0 |      0 |    0 |          0 |
|                         i_pipe                                                            |                                       system_mpcc_hls_0_0_xbip_pipe_v3_0_6_viv__parameterized78_448 |          3 |          3 |       0 |    0 |    8 |      0 |      0 |    0 |          0 |
|                       EXP_OFF.STRUCT_ADD                                                  |                                                 system_mpcc_hls_0_0_carry_chain__parameterized9_437 |          0 |          0 |       0 |    0 |    0 |      0 |      0 |    0 |          0 |
|                       NUMB_CMP                                                            |                                                                     system_mpcc_hls_0_0_compare_439 |         16 |         16 |       0 |    0 |    1 |      0 |      0 |    0 |          0 |
|                         NOT_FAST.CMP                                                      |                                                                  system_mpcc_hls_0_0_compare_gt_445 |         16 |         16 |       0 |    0 |    1 |      0 |      0 |    0 |          0 |
|                           C_CHAIN                                                         |                                                 system_mpcc_hls_0_0_carry_chain__parameterized8_446 |         16 |         16 |       0 |    0 |    1 |      0 |      0 |    0 |          0 |
|                       STATE_DELAY                                                         |                                                      system_mpcc_hls_0_0_delay__parameterized50_440 |          2 |          2 |       0 |    0 |    2 |      0 |      0 |    0 |          0 |
|                         i_pipe                                                            |                                       system_mpcc_hls_0_0_xbip_pipe_v3_0_6_viv__parameterized80_444 |          2 |          2 |       0 |    0 |    2 |      0 |      0 |    0 |          0 |
|                       SUB_DELAY                                                           |                                                       system_mpcc_hls_0_0_delay__parameterized8_441 |          2 |          2 |       0 |    0 |    1 |      0 |      0 |    0 |          0 |
|                         i_pipe                                                            |                                       system_mpcc_hls_0_0_xbip_pipe_v3_0_6_viv__parameterized17_443 |          2 |          2 |       0 |    0 |    1 |      0 |      0 |    0 |          0 |
|                       merged_sub_mux.STRUCT_ADD                                           |                                                 system_mpcc_hls_0_0_carry_chain__parameterized9_442 |          0 |          0 |       0 |    0 |    0 |      0 |      0 |    0 |          0 |
|                     DSP48E1_BODY.NORM_RND                                                 |                                                  system_mpcc_hls_0_0_norm_and_round_dsp48e1_sgl_414 |         61 |         61 |       0 |    0 |   43 |      0 |      0 |    0 |          1 |
|                       (DSP48E1_BODY.NORM_RND)                                             |                                                  system_mpcc_hls_0_0_norm_and_round_dsp48e1_sgl_414 |          3 |          3 |       0 |    0 |    0 |      0 |      0 |    0 |          0 |
|                       FULL_USAGE_DSP.LOD                                                  |                                                      system_mpcc_hls_0_0_lead_zero_encode_shift_416 |         47 |         47 |       0 |    0 |   35 |      0 |      0 |    0 |          0 |
|                         (FULL_USAGE_DSP.LOD)                                              |                                                      system_mpcc_hls_0_0_lead_zero_encode_shift_416 |         28 |         28 |       0 |    0 |    8 |      0 |      0 |    0 |          0 |
|                         LEAD16_DELAY                                                      |                                                       system_mpcc_hls_0_0_delay__parameterized8_424 |         12 |         12 |       0 |    0 |    1 |      0 |      0 |    0 |          0 |
|                           i_pipe                                                          |                                       system_mpcc_hls_0_0_xbip_pipe_v3_0_6_viv__parameterized17_427 |         12 |         12 |       0 |    0 |    1 |      0 |      0 |    0 |          0 |
|                         NORM_DELAY                                                        |                                                      system_mpcc_hls_0_0_delay__parameterized38_425 |          9 |          9 |       0 |    0 |   26 |      0 |      0 |    0 |          0 |
|                           i_pipe                                                          |                                       system_mpcc_hls_0_0_xbip_pipe_v3_0_6_viv__parameterized62_426 |          9 |          9 |       0 |    0 |   26 |      0 |      0 |    0 |          0 |
|                       FULL_USAGE_DSP.SHIFT_RND                                            |                                             system_mpcc_hls_0_0_dsp48e1_wrapper__parameterized0_417 |         11 |         11 |       0 |    0 |    0 |      0 |      0 |    0 |          1 |
|                       FULL_USAGE_DSP.mant_in_delay                                        |                                                      system_mpcc_hls_0_0_delay__parameterized41_418 |          0 |          0 |       0 |    0 |    3 |      0 |      0 |    0 |          0 |
|                         i_pipe                                                            |                                       system_mpcc_hls_0_0_xbip_pipe_v3_0_6_viv__parameterized68_423 |          0 |          0 |       0 |    0 |    3 |      0 |      0 |    0 |          0 |
|                       FULL_USAGE_DSP.mod_lod_delay                                        |                                                      system_mpcc_hls_0_0_delay__parameterized40_419 |          0 |          0 |       0 |    0 |    4 |      0 |      0 |    0 |          0 |
|                         i_pipe                                                            |                                       system_mpcc_hls_0_0_xbip_pipe_v3_0_6_viv__parameterized66_422 |          0 |          0 |       0 |    0 |    4 |      0 |      0 |    0 |          0 |
|                       FULL_USAGE_DSP.zeros_delay                                          |                                                       system_mpcc_hls_0_0_delay__parameterized8_420 |          0 |          0 |       0 |    0 |    1 |      0 |      0 |    0 |          0 |
|                         i_pipe                                                            |                                       system_mpcc_hls_0_0_xbip_pipe_v3_0_6_viv__parameterized17_421 |          0 |          0 |       0 |    0 |    1 |      0 |      0 |    0 |          0 |
|                     OP                                                                    |                                                                  system_mpcc_hls_0_0_flt_dec_op_415 |          0 |          0 |       0 |    0 |    0 |      0 |      0 |    0 |          0 |
|         faddfsub_32ns_32ns_32_4_full_dsp_1_U46                                            |                                     system_mpcc_hls_0_0_mpcc_hls_faddfsub_32ns_32ns_32_4_full_dsp_1 |        420 |        420 |       0 |    0 |  233 |      0 |      0 |    0 |          2 |
|           (faddfsub_32ns_32ns_32_4_full_dsp_1_U46)                                        |                                     system_mpcc_hls_0_0_mpcc_hls_faddfsub_32ns_32ns_32_4_full_dsp_1 |        207 |        207 |       0 |    0 |   98 |      0 |      0 |    0 |          0 |
|           mpcc_hls_faddfsub_32ns_32ns_32_4_full_dsp_1_ip_u                                |                              system_mpcc_hls_0_0_mpcc_hls_faddfsub_32ns_32ns_32_4_full_dsp_1_ip_341 |        213 |        213 |       0 |    0 |  135 |      0 |      0 |    0 |          2 |
|             (mpcc_hls_faddfsub_32ns_32ns_32_4_full_dsp_1_ip_u)                            |                              system_mpcc_hls_0_0_mpcc_hls_faddfsub_32ns_32ns_32_4_full_dsp_1_ip_341 |         38 |         38 |       0 |    0 |    0 |      0 |      0 |    0 |          0 |
|             inst                                                                          |                                       system_mpcc_hls_0_0_floating_point_v7_1_15__parameterized0__1 |        175 |        175 |       0 |    0 |  135 |      0 |      0 |    0 |          2 |
|               i_synth                                                                     |                                   system_mpcc_hls_0_0_floating_point_v7_1_15_viv__parameterized1__1 |        175 |        175 |       0 |    0 |  135 |      0 |      0 |    0 |          2 |
|                 ADDSUB_OP.ADDSUB                                                          |                                                                     system_mpcc_hls_0_0_flt_add_342 |        175 |        175 |       0 |    0 |  135 |      0 |      0 |    0 |          2 |
|                   DSP.OP                                                                  |                                                                 system_mpcc_hls_0_0_flt_add_dsp_344 |        175 |        175 |       0 |    0 |  135 |      0 |      0 |    0 |          2 |
|                     A_IP_DELAY                                                            |                                                       system_mpcc_hls_0_0_delay__parameterized3_345 |         30 |         30 |       0 |    0 |   23 |      0 |      0 |    0 |          0 |
|                       i_pipe                                                              |                                        system_mpcc_hls_0_0_xbip_pipe_v3_0_6_viv__parameterized9_407 |         30 |         30 |       0 |    0 |   23 |      0 |      0 |    0 |          0 |
|                     B_IP_DELAY                                                            |                                                       system_mpcc_hls_0_0_delay__parameterized3_346 |         23 |         23 |       0 |    0 |   23 |      0 |      0 |    0 |          0 |
|                       i_pipe                                                              |                                        system_mpcc_hls_0_0_xbip_pipe_v3_0_6_viv__parameterized9_406 |         23 |         23 |       0 |    0 |   23 |      0 |      0 |    0 |          0 |
|                     DSP48E1_BODY.ALIGN_ADD                                                |                                                       system_mpcc_hls_0_0_align_add_dsp48e1_sgl_347 |         11 |         11 |       0 |    0 |    0 |      0 |      0 |    0 |          1 |
|                       DSP2                                                                |                                                             system_mpcc_hls_0_0_dsp48e1_wrapper_402 |         11 |         11 |       0 |    0 |    0 |      0 |      0 |    0 |          1 |
|                       ZERO_14_DET.CARRY_MUX                                               |                                                 system_mpcc_hls_0_0_carry_chain__parameterized6_403 |          0 |          0 |       0 |    0 |    0 |      0 |      0 |    0 |          0 |
|                       ZERO_14_DET.ZERO_DET                                                |                                                               system_mpcc_hls_0_0_compare_eq_im_404 |          0 |          0 |       0 |    0 |    0 |      0 |      0 |    0 |          0 |
|                         CARRY_ZERO_DET                                                    |                                                 system_mpcc_hls_0_0_carry_chain__parameterized5_405 |          0 |          0 |       0 |    0 |    0 |      0 |      0 |    0 |          0 |
|                     DSP48E1_BODY.EXP                                                      |                                                              system_mpcc_hls_0_0_flt_add_exp_sp_348 |         73 |         73 |       0 |    0 |   46 |      0 |      0 |    0 |          0 |
|                       (DSP48E1_BODY.EXP)                                                  |                                                              system_mpcc_hls_0_0_flt_add_exp_sp_348 |          8 |          8 |       0 |    0 |    0 |      0 |      0 |    0 |          0 |
|                       A_EXP_DELAY                                                         |                                                      system_mpcc_hls_0_0_delay__parameterized46_363 |          0 |          0 |       0 |    0 |    8 |      0 |      0 |    0 |          0 |
|                         i_pipe                                                            |                                       system_mpcc_hls_0_0_xbip_pipe_v3_0_6_viv__parameterized74_401 |          0 |          0 |       0 |    0 |    8 |      0 |      0 |    0 |          0 |
|                       A_SIGN_DELAY                                                        |                                                       system_mpcc_hls_0_0_delay__parameterized8_364 |          0 |          0 |       0 |    0 |    1 |      0 |      0 |    0 |          0 |
|                         i_pipe                                                            |                                       system_mpcc_hls_0_0_xbip_pipe_v3_0_6_viv__parameterized17_400 |          0 |          0 |       0 |    0 |    1 |      0 |      0 |    0 |          0 |
|                       BMA_EXP_DELAY                                                       |                                                      system_mpcc_hls_0_0_delay__parameterized49_365 |         20 |         20 |       0 |    0 |    9 |      0 |      0 |    0 |          0 |
|                         i_pipe                                                            |                                       system_mpcc_hls_0_0_xbip_pipe_v3_0_6_viv__parameterized78_399 |         20 |         20 |       0 |    0 |    9 |      0 |      0 |    0 |          0 |
|                       B_EXP_DELAY                                                         |                                                      system_mpcc_hls_0_0_delay__parameterized46_366 |          0 |          0 |       0 |    0 |    8 |      0 |      0 |    0 |          0 |
|                         i_pipe                                                            |                                       system_mpcc_hls_0_0_xbip_pipe_v3_0_6_viv__parameterized74_398 |          0 |          0 |       0 |    0 |    8 |      0 |      0 |    0 |          0 |
|                       B_SIGN_DELAY                                                        |                                                       system_mpcc_hls_0_0_delay__parameterized8_367 |          2 |          2 |       0 |    0 |    1 |      0 |      0 |    0 |          0 |
|                         i_pipe                                                            |                                       system_mpcc_hls_0_0_xbip_pipe_v3_0_6_viv__parameterized17_397 |          2 |          2 |       0 |    0 |    1 |      0 |      0 |    0 |          0 |
|                       COND_DET_A                                                          |                                              system_mpcc_hls_0_0_special_detect__parameterized0_368 |          8 |          8 |       0 |    0 |    3 |      0 |      0 |    0 |          0 |
|                         EXP_DET_LUT.EXP_ALL_ONE_DEL                                       |                                                      system_mpcc_hls_0_0_delay__parameterized44_391 |          2 |          2 |       0 |    0 |    1 |      0 |      0 |    0 |          0 |
|                           i_pipe                                                          |                                       system_mpcc_hls_0_0_xbip_pipe_v3_0_6_viv__parameterized72_396 |          2 |          2 |       0 |    0 |    1 |      0 |      0 |    0 |          0 |
|                         EXP_DET_LUT.EXP_ALL_ZERO_DEL                                      |                                                      system_mpcc_hls_0_0_delay__parameterized44_392 |          3 |          3 |       0 |    0 |    1 |      0 |      0 |    0 |          0 |
|                           i_pipe                                                          |                                       system_mpcc_hls_0_0_xbip_pipe_v3_0_6_viv__parameterized72_395 |          3 |          3 |       0 |    0 |    1 |      0 |      0 |    0 |          0 |
|                         MANT_CARRY.MANT_ALL_ZERO_DET                                      |                                               system_mpcc_hls_0_0_compare_eq_im__parameterized0_393 |          4 |          4 |       0 |    0 |    1 |      0 |      0 |    0 |          0 |
|                           CARRY_ZERO_DET                                                  |                                                 system_mpcc_hls_0_0_carry_chain__parameterized7_394 |          4 |          4 |       0 |    0 |    1 |      0 |      0 |    0 |          0 |
|                       COND_DET_B                                                          |                                              system_mpcc_hls_0_0_special_detect__parameterized0_369 |         13 |         13 |       0 |    0 |    3 |      0 |      0 |    0 |          0 |
|                         EXP_DET_LUT.EXP_ALL_ONE_DEL                                       |                                                      system_mpcc_hls_0_0_delay__parameterized44_385 |          2 |          2 |       0 |    0 |    1 |      0 |      0 |    0 |          0 |
|                           i_pipe                                                          |                                       system_mpcc_hls_0_0_xbip_pipe_v3_0_6_viv__parameterized72_390 |          2 |          2 |       0 |    0 |    1 |      0 |      0 |    0 |          0 |
|                         EXP_DET_LUT.EXP_ALL_ZERO_DEL                                      |                                                      system_mpcc_hls_0_0_delay__parameterized44_386 |          5 |          5 |       0 |    0 |    1 |      0 |      0 |    0 |          0 |
|                           i_pipe                                                          |                                       system_mpcc_hls_0_0_xbip_pipe_v3_0_6_viv__parameterized72_389 |          5 |          5 |       0 |    0 |    1 |      0 |      0 |    0 |          0 |
|                         MANT_CARRY.MANT_ALL_ZERO_DET                                      |                                               system_mpcc_hls_0_0_compare_eq_im__parameterized0_387 |          7 |          7 |       0 |    0 |    1 |      0 |      0 |    0 |          0 |
|                           CARRY_ZERO_DET                                                  |                                                 system_mpcc_hls_0_0_carry_chain__parameterized7_388 |          7 |          7 |       0 |    0 |    1 |      0 |      0 |    0 |          0 |
|                       DET_SIGN_DELAY                                                      |                                                      system_mpcc_hls_0_0_delay__parameterized44_370 |          0 |          0 |       0 |    0 |    1 |      0 |      0 |    0 |          0 |
|                         i_pipe                                                            |                                       system_mpcc_hls_0_0_xbip_pipe_v3_0_6_viv__parameterized72_384 |          0 |          0 |       0 |    0 |    1 |      0 |      0 |    0 |          0 |
|                       EXP_OFF.LRG_EXP_DELAY                                               |                                                      system_mpcc_hls_0_0_delay__parameterized49_371 |          3 |          3 |       0 |    0 |    8 |      0 |      0 |    0 |          0 |
|                         i_pipe                                                            |                                       system_mpcc_hls_0_0_xbip_pipe_v3_0_6_viv__parameterized78_383 |          3 |          3 |       0 |    0 |    8 |      0 |      0 |    0 |          0 |
|                       EXP_OFF.STRUCT_ADD                                                  |                                                 system_mpcc_hls_0_0_carry_chain__parameterized9_372 |          0 |          0 |       0 |    0 |    0 |      0 |      0 |    0 |          0 |
|                       NUMB_CMP                                                            |                                                                     system_mpcc_hls_0_0_compare_374 |         16 |         16 |       0 |    0 |    1 |      0 |      0 |    0 |          0 |
|                         NOT_FAST.CMP                                                      |                                                                  system_mpcc_hls_0_0_compare_gt_380 |         16 |         16 |       0 |    0 |    1 |      0 |      0 |    0 |          0 |
|                           C_CHAIN                                                         |                                                 system_mpcc_hls_0_0_carry_chain__parameterized8_381 |         16 |         16 |       0 |    0 |    1 |      0 |      0 |    0 |          0 |
|                       STATE_DELAY                                                         |                                                      system_mpcc_hls_0_0_delay__parameterized50_375 |          2 |          2 |       0 |    0 |    2 |      0 |      0 |    0 |          0 |
|                         i_pipe                                                            |                                       system_mpcc_hls_0_0_xbip_pipe_v3_0_6_viv__parameterized80_379 |          2 |          2 |       0 |    0 |    2 |      0 |      0 |    0 |          0 |
|                       SUB_DELAY                                                           |                                                       system_mpcc_hls_0_0_delay__parameterized8_376 |          2 |          2 |       0 |    0 |    1 |      0 |      0 |    0 |          0 |
|                         i_pipe                                                            |                                       system_mpcc_hls_0_0_xbip_pipe_v3_0_6_viv__parameterized17_378 |          2 |          2 |       0 |    0 |    1 |      0 |      0 |    0 |          0 |
|                       merged_sub_mux.STRUCT_ADD                                           |                                                 system_mpcc_hls_0_0_carry_chain__parameterized9_377 |          0 |          0 |       0 |    0 |    0 |      0 |      0 |    0 |          0 |
|                     DSP48E1_BODY.NORM_RND                                                 |                                                  system_mpcc_hls_0_0_norm_and_round_dsp48e1_sgl_349 |         62 |         62 |       0 |    0 |   43 |      0 |      0 |    0 |          1 |
|                       (DSP48E1_BODY.NORM_RND)                                             |                                                  system_mpcc_hls_0_0_norm_and_round_dsp48e1_sgl_349 |          3 |          3 |       0 |    0 |    0 |      0 |      0 |    0 |          0 |
|                       FULL_USAGE_DSP.LOD                                                  |                                                      system_mpcc_hls_0_0_lead_zero_encode_shift_351 |         48 |         48 |       0 |    0 |   35 |      0 |      0 |    0 |          0 |
|                         (FULL_USAGE_DSP.LOD)                                              |                                                      system_mpcc_hls_0_0_lead_zero_encode_shift_351 |         28 |         28 |       0 |    0 |    8 |      0 |      0 |    0 |          0 |
|                         LEAD16_DELAY                                                      |                                                       system_mpcc_hls_0_0_delay__parameterized8_359 |         12 |         12 |       0 |    0 |    1 |      0 |      0 |    0 |          0 |
|                           i_pipe                                                          |                                       system_mpcc_hls_0_0_xbip_pipe_v3_0_6_viv__parameterized17_362 |         12 |         12 |       0 |    0 |    1 |      0 |      0 |    0 |          0 |
|                         NORM_DELAY                                                        |                                                      system_mpcc_hls_0_0_delay__parameterized38_360 |         10 |         10 |       0 |    0 |   26 |      0 |      0 |    0 |          0 |
|                           i_pipe                                                          |                                       system_mpcc_hls_0_0_xbip_pipe_v3_0_6_viv__parameterized62_361 |         10 |         10 |       0 |    0 |   26 |      0 |      0 |    0 |          0 |
|                       FULL_USAGE_DSP.SHIFT_RND                                            |                                             system_mpcc_hls_0_0_dsp48e1_wrapper__parameterized0_352 |         11 |         11 |       0 |    0 |    0 |      0 |      0 |    0 |          1 |
|                       FULL_USAGE_DSP.mant_in_delay                                        |                                                      system_mpcc_hls_0_0_delay__parameterized41_353 |          0 |          0 |       0 |    0 |    3 |      0 |      0 |    0 |          0 |
|                         i_pipe                                                            |                                       system_mpcc_hls_0_0_xbip_pipe_v3_0_6_viv__parameterized68_358 |          0 |          0 |       0 |    0 |    3 |      0 |      0 |    0 |          0 |
|                       FULL_USAGE_DSP.mod_lod_delay                                        |                                                      system_mpcc_hls_0_0_delay__parameterized40_354 |          0 |          0 |       0 |    0 |    4 |      0 |      0 |    0 |          0 |
|                         i_pipe                                                            |                                       system_mpcc_hls_0_0_xbip_pipe_v3_0_6_viv__parameterized66_357 |          0 |          0 |       0 |    0 |    4 |      0 |      0 |    0 |          0 |
|                       FULL_USAGE_DSP.zeros_delay                                          |                                                       system_mpcc_hls_0_0_delay__parameterized8_355 |          0 |          0 |       0 |    0 |    1 |      0 |      0 |    0 |          0 |
|                         i_pipe                                                            |                                       system_mpcc_hls_0_0_xbip_pipe_v3_0_6_viv__parameterized17_356 |          0 |          0 |       0 |    0 |    1 |      0 |      0 |    0 |          0 |
|                     OP                                                                    |                                                                  system_mpcc_hls_0_0_flt_dec_op_350 |          0 |          0 |       0 |    0 |    0 |      0 |      0 |    0 |          0 |
|         faddfsub_32ns_32ns_32_4_full_dsp_1_U47                                            |                                   system_mpcc_hls_0_0_mpcc_hls_faddfsub_32ns_32ns_32_4_full_dsp_1_0 |        206 |        206 |       0 |    0 |  200 |      0 |      0 |    0 |          2 |
|           (faddfsub_32ns_32ns_32_4_full_dsp_1_U47)                                        |                                   system_mpcc_hls_0_0_mpcc_hls_faddfsub_32ns_32ns_32_4_full_dsp_1_0 |         32 |         32 |       0 |    0 |   65 |      0 |      0 |    0 |          0 |
|           mpcc_hls_faddfsub_32ns_32ns_32_4_full_dsp_1_ip_u                                |                                  system_mpcc_hls_0_0_mpcc_hls_faddfsub_32ns_32ns_32_4_full_dsp_1_ip |        174 |        174 |       0 |    0 |  135 |      0 |      0 |    0 |          2 |
|             inst                                                                          |                                          system_mpcc_hls_0_0_floating_point_v7_1_15__parameterized0 |        174 |        174 |       0 |    0 |  135 |      0 |      0 |    0 |          2 |
|               i_synth                                                                     |                                      system_mpcc_hls_0_0_floating_point_v7_1_15_viv__parameterized1 |        174 |        174 |       0 |    0 |  135 |      0 |      0 |    0 |          2 |
|                 ADDSUB_OP.ADDSUB                                                          |                                                                         system_mpcc_hls_0_0_flt_add |        174 |        174 |       0 |    0 |  135 |      0 |      0 |    0 |          2 |
|                   DSP.OP                                                                  |                                                                     system_mpcc_hls_0_0_flt_add_dsp |        174 |        174 |       0 |    0 |  135 |      0 |      0 |    0 |          2 |
|                     A_IP_DELAY                                                            |                                                       system_mpcc_hls_0_0_delay__parameterized3_312 |         30 |         30 |       0 |    0 |   23 |      0 |      0 |    0 |          0 |
|                       i_pipe                                                              |                                        system_mpcc_hls_0_0_xbip_pipe_v3_0_6_viv__parameterized9_340 |         30 |         30 |       0 |    0 |   23 |      0 |      0 |    0 |          0 |
|                     B_IP_DELAY                                                            |                                                       system_mpcc_hls_0_0_delay__parameterized3_313 |         23 |         23 |       0 |    0 |   23 |      0 |      0 |    0 |          0 |
|                       i_pipe                                                              |                                        system_mpcc_hls_0_0_xbip_pipe_v3_0_6_viv__parameterized9_339 |         23 |         23 |       0 |    0 |   23 |      0 |      0 |    0 |          0 |
|                     DSP48E1_BODY.ALIGN_ADD                                                |                                                           system_mpcc_hls_0_0_align_add_dsp48e1_sgl |         11 |         11 |       0 |    0 |    0 |      0 |      0 |    0 |          1 |
|                       DSP2                                                                |                                                                 system_mpcc_hls_0_0_dsp48e1_wrapper |         11 |         11 |       0 |    0 |    0 |      0 |      0 |    0 |          1 |
|                       ZERO_14_DET.CARRY_MUX                                               |                                                     system_mpcc_hls_0_0_carry_chain__parameterized6 |          0 |          0 |       0 |    0 |    0 |      0 |      0 |    0 |          0 |
|                       ZERO_14_DET.ZERO_DET                                                |                                                                   system_mpcc_hls_0_0_compare_eq_im |          0 |          0 |       0 |    0 |    0 |      0 |      0 |    0 |          0 |
|                         CARRY_ZERO_DET                                                    |                                                     system_mpcc_hls_0_0_carry_chain__parameterized5 |          0 |          0 |       0 |    0 |    0 |      0 |      0 |    0 |          0 |
|                     DSP48E1_BODY.EXP                                                      |                                                                  system_mpcc_hls_0_0_flt_add_exp_sp |         73 |         73 |       0 |    0 |   46 |      0 |      0 |    0 |          0 |
|                       (DSP48E1_BODY.EXP)                                                  |                                                                  system_mpcc_hls_0_0_flt_add_exp_sp |          8 |          8 |       0 |    0 |    0 |      0 |      0 |    0 |          0 |
|                       A_EXP_DELAY                                                         |                                                          system_mpcc_hls_0_0_delay__parameterized46 |          0 |          0 |       0 |    0 |    8 |      0 |      0 |    0 |          0 |
|                         i_pipe                                                            |                                       system_mpcc_hls_0_0_xbip_pipe_v3_0_6_viv__parameterized74_338 |          0 |          0 |       0 |    0 |    8 |      0 |      0 |    0 |          0 |
|                       A_SIGN_DELAY                                                        |                                                       system_mpcc_hls_0_0_delay__parameterized8_316 |          0 |          0 |       0 |    0 |    1 |      0 |      0 |    0 |          0 |
|                         i_pipe                                                            |                                       system_mpcc_hls_0_0_xbip_pipe_v3_0_6_viv__parameterized17_337 |          0 |          0 |       0 |    0 |    1 |      0 |      0 |    0 |          0 |
|                       BMA_EXP_DELAY                                                       |                                                          system_mpcc_hls_0_0_delay__parameterized49 |         20 |         20 |       0 |    0 |    9 |      0 |      0 |    0 |          0 |
|                         i_pipe                                                            |                                       system_mpcc_hls_0_0_xbip_pipe_v3_0_6_viv__parameterized78_336 |         20 |         20 |       0 |    0 |    9 |      0 |      0 |    0 |          0 |
|                       B_EXP_DELAY                                                         |                                                      system_mpcc_hls_0_0_delay__parameterized46_317 |          0 |          0 |       0 |    0 |    8 |      0 |      0 |    0 |          0 |
|                         i_pipe                                                            |                                           system_mpcc_hls_0_0_xbip_pipe_v3_0_6_viv__parameterized74 |          0 |          0 |       0 |    0 |    8 |      0 |      0 |    0 |          0 |
|                       B_SIGN_DELAY                                                        |                                                       system_mpcc_hls_0_0_delay__parameterized8_318 |          2 |          2 |       0 |    0 |    1 |      0 |      0 |    0 |          0 |
|                         i_pipe                                                            |                                       system_mpcc_hls_0_0_xbip_pipe_v3_0_6_viv__parameterized17_335 |          2 |          2 |       0 |    0 |    1 |      0 |      0 |    0 |          0 |
|                       COND_DET_A                                                          |                                                  system_mpcc_hls_0_0_special_detect__parameterized0 |          8 |          8 |       0 |    0 |    3 |      0 |      0 |    0 |          0 |
|                         EXP_DET_LUT.EXP_ALL_ONE_DEL                                       |                                                      system_mpcc_hls_0_0_delay__parameterized44_329 |          2 |          2 |       0 |    0 |    1 |      0 |      0 |    0 |          0 |
|                           i_pipe                                                          |                                       system_mpcc_hls_0_0_xbip_pipe_v3_0_6_viv__parameterized72_334 |          2 |          2 |       0 |    0 |    1 |      0 |      0 |    0 |          0 |
|                         EXP_DET_LUT.EXP_ALL_ZERO_DEL                                      |                                                      system_mpcc_hls_0_0_delay__parameterized44_330 |          3 |          3 |       0 |    0 |    1 |      0 |      0 |    0 |          0 |
|                           i_pipe                                                          |                                       system_mpcc_hls_0_0_xbip_pipe_v3_0_6_viv__parameterized72_333 |          3 |          3 |       0 |    0 |    1 |      0 |      0 |    0 |          0 |
|                         MANT_CARRY.MANT_ALL_ZERO_DET                                      |                                               system_mpcc_hls_0_0_compare_eq_im__parameterized0_331 |          4 |          4 |       0 |    0 |    1 |      0 |      0 |    0 |          0 |
|                           CARRY_ZERO_DET                                                  |                                                 system_mpcc_hls_0_0_carry_chain__parameterized7_332 |          4 |          4 |       0 |    0 |    1 |      0 |      0 |    0 |          0 |
|                       COND_DET_B                                                          |                                              system_mpcc_hls_0_0_special_detect__parameterized0_319 |         13 |         13 |       0 |    0 |    3 |      0 |      0 |    0 |          0 |
|                         EXP_DET_LUT.EXP_ALL_ONE_DEL                                       |                                                      system_mpcc_hls_0_0_delay__parameterized44_325 |          2 |          2 |       0 |    0 |    1 |      0 |      0 |    0 |          0 |
|                           i_pipe                                                          |                                       system_mpcc_hls_0_0_xbip_pipe_v3_0_6_viv__parameterized72_328 |          2 |          2 |       0 |    0 |    1 |      0 |      0 |    0 |          0 |
|                         EXP_DET_LUT.EXP_ALL_ZERO_DEL                                      |                                                      system_mpcc_hls_0_0_delay__parameterized44_326 |          5 |          5 |       0 |    0 |    1 |      0 |      0 |    0 |          0 |
|                           i_pipe                                                          |                                       system_mpcc_hls_0_0_xbip_pipe_v3_0_6_viv__parameterized72_327 |          5 |          5 |       0 |    0 |    1 |      0 |      0 |    0 |          0 |
|                         MANT_CARRY.MANT_ALL_ZERO_DET                                      |                                                   system_mpcc_hls_0_0_compare_eq_im__parameterized0 |          7 |          7 |       0 |    0 |    1 |      0 |      0 |    0 |          0 |
|                           CARRY_ZERO_DET                                                  |                                                     system_mpcc_hls_0_0_carry_chain__parameterized7 |          7 |          7 |       0 |    0 |    1 |      0 |      0 |    0 |          0 |
|                       DET_SIGN_DELAY                                                      |                                                          system_mpcc_hls_0_0_delay__parameterized44 |          0 |          0 |       0 |    0 |    1 |      0 |      0 |    0 |          0 |
|                         i_pipe                                                            |                                       system_mpcc_hls_0_0_xbip_pipe_v3_0_6_viv__parameterized72_324 |          0 |          0 |       0 |    0 |    1 |      0 |      0 |    0 |          0 |
|                       EXP_OFF.LRG_EXP_DELAY                                               |                                                      system_mpcc_hls_0_0_delay__parameterized49_320 |          3 |          3 |       0 |    0 |    8 |      0 |      0 |    0 |          0 |
|                         i_pipe                                                            |                                           system_mpcc_hls_0_0_xbip_pipe_v3_0_6_viv__parameterized78 |          3 |          3 |       0 |    0 |    8 |      0 |      0 |    0 |          0 |
|                       EXP_OFF.STRUCT_ADD                                                  |                                                     system_mpcc_hls_0_0_carry_chain__parameterized9 |          0 |          0 |       0 |    0 |    0 |      0 |      0 |    0 |          0 |
|                       NUMB_CMP                                                            |                                                                         system_mpcc_hls_0_0_compare |         16 |         16 |       0 |    0 |    1 |      0 |      0 |    0 |          0 |
|                         NOT_FAST.CMP                                                      |                                                                      system_mpcc_hls_0_0_compare_gt |         16 |         16 |       0 |    0 |    1 |      0 |      0 |    0 |          0 |
|                           C_CHAIN                                                         |                                                     system_mpcc_hls_0_0_carry_chain__parameterized8 |         16 |         16 |       0 |    0 |    1 |      0 |      0 |    0 |          0 |
|                       STATE_DELAY                                                         |                                                          system_mpcc_hls_0_0_delay__parameterized50 |          2 |          2 |       0 |    0 |    2 |      0 |      0 |    0 |          0 |
|                         i_pipe                                                            |                                           system_mpcc_hls_0_0_xbip_pipe_v3_0_6_viv__parameterized80 |          2 |          2 |       0 |    0 |    2 |      0 |      0 |    0 |          0 |
|                       SUB_DELAY                                                           |                                                       system_mpcc_hls_0_0_delay__parameterized8_321 |          2 |          2 |       0 |    0 |    1 |      0 |      0 |    0 |          0 |
|                         i_pipe                                                            |                                       system_mpcc_hls_0_0_xbip_pipe_v3_0_6_viv__parameterized17_323 |          2 |          2 |       0 |    0 |    1 |      0 |      0 |    0 |          0 |
|                       merged_sub_mux.STRUCT_ADD                                           |                                                 system_mpcc_hls_0_0_carry_chain__parameterized9_322 |          0 |          0 |       0 |    0 |    0 |      0 |      0 |    0 |          0 |
|                     DSP48E1_BODY.NORM_RND                                                 |                                                      system_mpcc_hls_0_0_norm_and_round_dsp48e1_sgl |         61 |         61 |       0 |    0 |   43 |      0 |      0 |    0 |          1 |
|                       (DSP48E1_BODY.NORM_RND)                                             |                                                      system_mpcc_hls_0_0_norm_and_round_dsp48e1_sgl |          3 |          3 |       0 |    0 |    0 |      0 |      0 |    0 |          0 |
|                       FULL_USAGE_DSP.LOD                                                  |                                                          system_mpcc_hls_0_0_lead_zero_encode_shift |         47 |         47 |       0 |    0 |   35 |      0 |      0 |    0 |          0 |
|                         (FULL_USAGE_DSP.LOD)                                              |                                                          system_mpcc_hls_0_0_lead_zero_encode_shift |         28 |         28 |       0 |    0 |    8 |      0 |      0 |    0 |          0 |
|                         LEAD16_DELAY                                                      |                                                       system_mpcc_hls_0_0_delay__parameterized8_314 |         12 |         12 |       0 |    0 |    1 |      0 |      0 |    0 |          0 |
|                           i_pipe                                                          |                                       system_mpcc_hls_0_0_xbip_pipe_v3_0_6_viv__parameterized17_315 |         12 |         12 |       0 |    0 |    1 |      0 |      0 |    0 |          0 |
|                         NORM_DELAY                                                        |                                                          system_mpcc_hls_0_0_delay__parameterized38 |          9 |          9 |       0 |    0 |   26 |      0 |      0 |    0 |          0 |
|                           i_pipe                                                          |                                           system_mpcc_hls_0_0_xbip_pipe_v3_0_6_viv__parameterized62 |          9 |          9 |       0 |    0 |   26 |      0 |      0 |    0 |          0 |
|                       FULL_USAGE_DSP.SHIFT_RND                                            |                                                 system_mpcc_hls_0_0_dsp48e1_wrapper__parameterized0 |         11 |         11 |       0 |    0 |    0 |      0 |      0 |    0 |          1 |
|                       FULL_USAGE_DSP.mant_in_delay                                        |                                                          system_mpcc_hls_0_0_delay__parameterized41 |          0 |          0 |       0 |    0 |    3 |      0 |      0 |    0 |          0 |
|                         i_pipe                                                            |                                           system_mpcc_hls_0_0_xbip_pipe_v3_0_6_viv__parameterized68 |          0 |          0 |       0 |    0 |    3 |      0 |      0 |    0 |          0 |
|                       FULL_USAGE_DSP.mod_lod_delay                                        |                                                          system_mpcc_hls_0_0_delay__parameterized40 |          0 |          0 |       0 |    0 |    4 |      0 |      0 |    0 |          0 |
|                         i_pipe                                                            |                                           system_mpcc_hls_0_0_xbip_pipe_v3_0_6_viv__parameterized66 |          0 |          0 |       0 |    0 |    4 |      0 |      0 |    0 |          0 |
|                       FULL_USAGE_DSP.zeros_delay                                          |                                                           system_mpcc_hls_0_0_delay__parameterized8 |          0 |          0 |       0 |    0 |    1 |      0 |      0 |    0 |          0 |
|                         i_pipe                                                            |                                           system_mpcc_hls_0_0_xbip_pipe_v3_0_6_viv__parameterized17 |          0 |          0 |       0 |    0 |    1 |      0 |      0 |    0 |          0 |
|                     OP                                                                    |                                                                      system_mpcc_hls_0_0_flt_dec_op |          0 |          0 |       0 |    0 |    0 |      0 |      0 |    0 |          0 |
|         fcmp_32ns_32ns_1_2_no_dsp_1_U53                                                   |                                            system_mpcc_hls_0_0_mpcc_hls_fcmp_32ns_32ns_1_2_no_dsp_1 |        110 |        110 |       0 |    0 |   66 |      0 |      0 |    0 |          0 |
|           (fcmp_32ns_32ns_1_2_no_dsp_1_U53)                                               |                                            system_mpcc_hls_0_0_mpcc_hls_fcmp_32ns_32ns_1_2_no_dsp_1 |         61 |         61 |       0 |    0 |   66 |      0 |      0 |    0 |          0 |
|           mpcc_hls_fcmp_32ns_32ns_1_2_no_dsp_1_ip_u                                       |                                     system_mpcc_hls_0_0_mpcc_hls_fcmp_32ns_32ns_1_2_no_dsp_1_ip_296 |         49 |         49 |       0 |    0 |    0 |      0 |      0 |    0 |          0 |
|             (mpcc_hls_fcmp_32ns_32ns_1_2_no_dsp_1_ip_u)                                   |                                     system_mpcc_hls_0_0_mpcc_hls_fcmp_32ns_32ns_1_2_no_dsp_1_ip_296 |          6 |          6 |       0 |    0 |    0 |      0 |      0 |    0 |          0 |
|             inst                                                                          |                                       system_mpcc_hls_0_0_floating_point_v7_1_15__parameterized3__1 |         43 |         43 |       0 |    0 |    0 |      0 |      0 |    0 |          0 |
|               i_synth                                                                     |                                   system_mpcc_hls_0_0_floating_point_v7_1_15_viv__parameterized7__1 |         43 |         43 |       0 |    0 |    0 |      0 |      0 |    0 |          0 |
|                 COMP_OP.SPD.OP                                                            |                                                                      system_mpcc_hls_0_0_fp_cmp_297 |         43 |         43 |       0 |    0 |    0 |      0 |      0 |    0 |          0 |
|                   STRUCT_CMP.A_EQ_B_DET                                                   |                                                                  system_mpcc_hls_0_0_compare_eq_298 |         12 |         12 |       0 |    0 |    0 |      0 |      0 |    0 |          0 |
|                     (STRUCT_CMP.A_EQ_B_DET)                                               |                                                                  system_mpcc_hls_0_0_compare_eq_298 |          5 |          5 |       0 |    0 |    0 |      0 |      0 |    0 |          0 |
|                     WIDE_AND                                                              |                                                system_mpcc_hls_0_0_carry_chain__parameterized14_311 |          7 |          7 |       0 |    0 |    0 |      0 |      0 |    0 |          0 |
|                   STRUCT_CMP.A_EXP_ALL_ONE_DET                                            |                                               system_mpcc_hls_0_0_compare_eq_im__parameterized3_299 |          2 |          2 |       0 |    0 |    0 |      0 |      0 |    0 |          0 |
|                     (STRUCT_CMP.A_EXP_ALL_ONE_DET)                                        |                                               system_mpcc_hls_0_0_compare_eq_im__parameterized3_299 |          1 |          1 |       0 |    0 |    0 |      0 |      0 |    0 |          0 |
|                     CARRY_ZERO_DET                                                        |                                                system_mpcc_hls_0_0_carry_chain__parameterized13_310 |          1 |          1 |       0 |    0 |    0 |      0 |      0 |    0 |          0 |
|                   STRUCT_CMP.A_FRAC_NOT_ZERO_DET                                          |                                                               system_mpcc_hls_0_0_compare_ne_im_300 |          4 |          4 |       0 |    0 |    0 |      0 |      0 |    0 |          0 |
|                     (STRUCT_CMP.A_FRAC_NOT_ZERO_DET)                                      |                                                               system_mpcc_hls_0_0_compare_ne_im_300 |          4 |          4 |       0 |    0 |    0 |      0 |      0 |    0 |          0 |
|                     WIDE_NOR                                                              |                                                system_mpcc_hls_0_0_carry_chain__parameterized11_309 |          0 |          0 |       0 |    0 |    0 |      0 |      0 |    0 |          0 |
|                   STRUCT_CMP.A_GT_B_DET                                                   |                                                  system_mpcc_hls_0_0_compare_gt__parameterized0_301 |         16 |         16 |       0 |    0 |    0 |      0 |      0 |    0 |          0 |
|                     (STRUCT_CMP.A_GT_B_DET)                                               |                                                  system_mpcc_hls_0_0_compare_gt__parameterized0_301 |         15 |         15 |       0 |    0 |    0 |      0 |      0 |    0 |          0 |
|                     C_CHAIN                                                               |                                                system_mpcc_hls_0_0_carry_chain__parameterized15_308 |         16 |         16 |       0 |    0 |    0 |      0 |      0 |    0 |          0 |
|                   STRUCT_CMP.B_EXP_ALL_ONE_DET                                            |                                               system_mpcc_hls_0_0_compare_eq_im__parameterized3_302 |          2 |          2 |       0 |    0 |    0 |      0 |      0 |    0 |          0 |
|                     (STRUCT_CMP.B_EXP_ALL_ONE_DET)                                        |                                               system_mpcc_hls_0_0_compare_eq_im__parameterized3_302 |          1 |          1 |       0 |    0 |    0 |      0 |      0 |    0 |          0 |
|                     CARRY_ZERO_DET                                                        |                                                system_mpcc_hls_0_0_carry_chain__parameterized13_307 |          1 |          1 |       0 |    0 |    0 |      0 |      0 |    0 |          0 |
|                   STRUCT_CMP.B_FRAC_NOT_ZERO_DET                                          |                                                               system_mpcc_hls_0_0_compare_ne_im_303 |          4 |          4 |       0 |    0 |    0 |      0 |      0 |    0 |          0 |
|                     (STRUCT_CMP.B_FRAC_NOT_ZERO_DET)                                      |                                                               system_mpcc_hls_0_0_compare_ne_im_303 |          4 |          4 |       0 |    0 |    0 |      0 |      0 |    0 |          0 |
|                     WIDE_NOR                                                              |                                                system_mpcc_hls_0_0_carry_chain__parameterized11_306 |          0 |          0 |       0 |    0 |    0 |      0 |      0 |    0 |          0 |
|                   STRUCT_CMP.EXP_ALL_ZERO_DET                                             |                                               system_mpcc_hls_0_0_compare_eq_im__parameterized2_304 |          3 |          3 |       0 |    0 |    0 |      0 |      0 |    0 |          0 |
|                     (STRUCT_CMP.EXP_ALL_ZERO_DET)                                         |                                               system_mpcc_hls_0_0_compare_eq_im__parameterized2_304 |          3 |          3 |       0 |    0 |    0 |      0 |      0 |    0 |          0 |
|                     CARRY_ZERO_DET                                                        |                                                system_mpcc_hls_0_0_carry_chain__parameterized12_305 |          0 |          0 |       0 |    0 |    0 |      0 |      0 |    0 |          0 |
|         fcmp_32ns_32ns_1_2_no_dsp_1_U54                                                   |                                          system_mpcc_hls_0_0_mpcc_hls_fcmp_32ns_32ns_1_2_no_dsp_1_1 |         51 |         51 |       0 |    0 |   36 |      0 |      0 |    0 |          0 |
|           (fcmp_32ns_32ns_1_2_no_dsp_1_U54)                                               |                                          system_mpcc_hls_0_0_mpcc_hls_fcmp_32ns_32ns_1_2_no_dsp_1_1 |         10 |         10 |       0 |    0 |   36 |      0 |      0 |    0 |          0 |
|           mpcc_hls_fcmp_32ns_32ns_1_2_no_dsp_1_ip_u                                       |                                     system_mpcc_hls_0_0_mpcc_hls_fcmp_32ns_32ns_1_2_no_dsp_1_ip_280 |         41 |         41 |       0 |    0 |    0 |      0 |      0 |    0 |          0 |
|             (mpcc_hls_fcmp_32ns_32ns_1_2_no_dsp_1_ip_u)                                   |                                     system_mpcc_hls_0_0_mpcc_hls_fcmp_32ns_32ns_1_2_no_dsp_1_ip_280 |          4 |          4 |       0 |    0 |    0 |      0 |      0 |    0 |          0 |
|             inst                                                                          |                                       system_mpcc_hls_0_0_floating_point_v7_1_15__parameterized3__2 |         37 |         37 |       0 |    0 |    0 |      0 |      0 |    0 |          0 |
|               i_synth                                                                     |                                   system_mpcc_hls_0_0_floating_point_v7_1_15_viv__parameterized7__2 |         37 |         37 |       0 |    0 |    0 |      0 |      0 |    0 |          0 |
|                 COMP_OP.SPD.OP                                                            |                                                                      system_mpcc_hls_0_0_fp_cmp_281 |         37 |         37 |       0 |    0 |    0 |      0 |      0 |    0 |          0 |
|                   STRUCT_CMP.A_EQ_B_DET                                                   |                                                                  system_mpcc_hls_0_0_compare_eq_282 |         12 |         12 |       0 |    0 |    0 |      0 |      0 |    0 |          0 |
|                     (STRUCT_CMP.A_EQ_B_DET)                                               |                                                                  system_mpcc_hls_0_0_compare_eq_282 |          1 |          1 |       0 |    0 |    0 |      0 |      0 |    0 |          0 |
|                     WIDE_AND                                                              |                                                system_mpcc_hls_0_0_carry_chain__parameterized14_295 |         11 |         11 |       0 |    0 |    0 |      0 |      0 |    0 |          0 |
|                   STRUCT_CMP.A_EXP_ALL_ONE_DET                                            |                                               system_mpcc_hls_0_0_compare_eq_im__parameterized3_283 |          2 |          2 |       0 |    0 |    0 |      0 |      0 |    0 |          0 |
|                     (STRUCT_CMP.A_EXP_ALL_ONE_DET)                                        |                                               system_mpcc_hls_0_0_compare_eq_im__parameterized3_283 |          1 |          1 |       0 |    0 |    0 |      0 |      0 |    0 |          0 |
|                     CARRY_ZERO_DET                                                        |                                                system_mpcc_hls_0_0_carry_chain__parameterized13_294 |          1 |          1 |       0 |    0 |    0 |      0 |      0 |    0 |          0 |
|                   STRUCT_CMP.A_FRAC_NOT_ZERO_DET                                          |                                                               system_mpcc_hls_0_0_compare_ne_im_284 |          4 |          4 |       0 |    0 |    0 |      0 |      0 |    0 |          0 |
|                     (STRUCT_CMP.A_FRAC_NOT_ZERO_DET)                                      |                                                               system_mpcc_hls_0_0_compare_ne_im_284 |          4 |          4 |       0 |    0 |    0 |      0 |      0 |    0 |          0 |
|                     WIDE_NOR                                                              |                                                system_mpcc_hls_0_0_carry_chain__parameterized11_293 |          0 |          0 |       0 |    0 |    0 |      0 |      0 |    0 |          0 |
|                   STRUCT_CMP.A_GT_B_DET                                                   |                                                  system_mpcc_hls_0_0_compare_gt__parameterized0_285 |         16 |         16 |       0 |    0 |    0 |      0 |      0 |    0 |          0 |
|                     (STRUCT_CMP.A_GT_B_DET)                                               |                                                  system_mpcc_hls_0_0_compare_gt__parameterized0_285 |          4 |          4 |       0 |    0 |    0 |      0 |      0 |    0 |          0 |
|                     C_CHAIN                                                               |                                                system_mpcc_hls_0_0_carry_chain__parameterized15_292 |         16 |         16 |       0 |    0 |    0 |      0 |      0 |    0 |          0 |
|                   STRUCT_CMP.EXP_ALL_ZERO_DET                                             |                                               system_mpcc_hls_0_0_compare_eq_im__parameterized2_288 |          3 |          3 |       0 |    0 |    0 |      0 |      0 |    0 |          0 |
|                     (STRUCT_CMP.EXP_ALL_ZERO_DET)                                         |                                               system_mpcc_hls_0_0_compare_eq_im__parameterized2_288 |          2 |          2 |       0 |    0 |    0 |      0 |      0 |    0 |          0 |
|                     CARRY_ZERO_DET                                                        |                                                system_mpcc_hls_0_0_carry_chain__parameterized12_289 |          1 |          1 |       0 |    0 |    0 |      0 |      0 |    0 |          0 |
|         fcmp_32ns_32ns_1_2_no_dsp_1_U55                                                   |                                          system_mpcc_hls_0_0_mpcc_hls_fcmp_32ns_32ns_1_2_no_dsp_1_2 |         55 |         55 |       0 |    0 |   35 |      0 |      0 |    0 |          0 |
|           (fcmp_32ns_32ns_1_2_no_dsp_1_U55)                                               |                                          system_mpcc_hls_0_0_mpcc_hls_fcmp_32ns_32ns_1_2_no_dsp_1_2 |         16 |         16 |       0 |    0 |   35 |      0 |      0 |    0 |          0 |
|           mpcc_hls_fcmp_32ns_32ns_1_2_no_dsp_1_ip_u                                       |                                     system_mpcc_hls_0_0_mpcc_hls_fcmp_32ns_32ns_1_2_no_dsp_1_ip_264 |         39 |         39 |       0 |    0 |    0 |      0 |      0 |    0 |          0 |
|             (mpcc_hls_fcmp_32ns_32ns_1_2_no_dsp_1_ip_u)                                   |                                     system_mpcc_hls_0_0_mpcc_hls_fcmp_32ns_32ns_1_2_no_dsp_1_ip_264 |          3 |          3 |       0 |    0 |    0 |      0 |      0 |    0 |          0 |
|             inst                                                                          |                                          system_mpcc_hls_0_0_floating_point_v7_1_15__parameterized3 |         36 |         36 |       0 |    0 |    0 |      0 |      0 |    0 |          0 |
|               i_synth                                                                     |                                      system_mpcc_hls_0_0_floating_point_v7_1_15_viv__parameterized7 |         36 |         36 |       0 |    0 |    0 |      0 |      0 |    0 |          0 |
|                 COMP_OP.SPD.OP                                                            |                                                                      system_mpcc_hls_0_0_fp_cmp_265 |         36 |         36 |       0 |    0 |    0 |      0 |      0 |    0 |          0 |
|                   STRUCT_CMP.A_EQ_B_DET                                                   |                                                                  system_mpcc_hls_0_0_compare_eq_266 |         12 |         12 |       0 |    0 |    0 |      0 |      0 |    0 |          0 |
|                     WIDE_AND                                                              |                                                system_mpcc_hls_0_0_carry_chain__parameterized14_279 |         12 |         12 |       0 |    0 |    0 |      0 |      0 |    0 |          0 |
|                   STRUCT_CMP.A_EXP_ALL_ONE_DET                                            |                                               system_mpcc_hls_0_0_compare_eq_im__parameterized3_267 |          2 |          2 |       0 |    0 |    0 |      0 |      0 |    0 |          0 |
|                     (STRUCT_CMP.A_EXP_ALL_ONE_DET)                                        |                                               system_mpcc_hls_0_0_compare_eq_im__parameterized3_267 |          1 |          1 |       0 |    0 |    0 |      0 |      0 |    0 |          0 |
|                     CARRY_ZERO_DET                                                        |                                                system_mpcc_hls_0_0_carry_chain__parameterized13_278 |          1 |          1 |       0 |    0 |    0 |      0 |      0 |    0 |          0 |
|                   STRUCT_CMP.A_FRAC_NOT_ZERO_DET                                          |                                                               system_mpcc_hls_0_0_compare_ne_im_268 |          4 |          4 |       0 |    0 |    0 |      0 |      0 |    0 |          0 |
|                     (STRUCT_CMP.A_FRAC_NOT_ZERO_DET)                                      |                                                               system_mpcc_hls_0_0_compare_ne_im_268 |          4 |          4 |       0 |    0 |    0 |      0 |      0 |    0 |          0 |
|                     WIDE_NOR                                                              |                                                system_mpcc_hls_0_0_carry_chain__parameterized11_277 |          0 |          0 |       0 |    0 |    0 |      0 |      0 |    0 |          0 |
|                   STRUCT_CMP.A_GT_B_DET                                                   |                                                  system_mpcc_hls_0_0_compare_gt__parameterized0_269 |         16 |         16 |       0 |    0 |    0 |      0 |      0 |    0 |          0 |
|                     C_CHAIN                                                               |                                                system_mpcc_hls_0_0_carry_chain__parameterized15_276 |         16 |         16 |       0 |    0 |    0 |      0 |      0 |    0 |          0 |
|                   STRUCT_CMP.EXP_ALL_ZERO_DET                                             |                                               system_mpcc_hls_0_0_compare_eq_im__parameterized2_272 |          2 |          2 |       0 |    0 |    0 |      0 |      0 |    0 |          0 |
|                     (STRUCT_CMP.EXP_ALL_ZERO_DET)                                         |                                               system_mpcc_hls_0_0_compare_eq_im__parameterized2_272 |          2 |          2 |       0 |    0 |    0 |      0 |      0 |    0 |          0 |
|                     CARRY_ZERO_DET                                                        |                                                system_mpcc_hls_0_0_carry_chain__parameterized12_273 |          0 |          0 |       0 |    0 |    0 |      0 |      0 |    0 |          0 |
|         fcmp_32ns_32ns_1_2_no_dsp_1_U56                                                   |                                          system_mpcc_hls_0_0_mpcc_hls_fcmp_32ns_32ns_1_2_no_dsp_1_3 |         37 |         37 |       0 |    0 |   32 |      0 |      0 |    0 |          0 |
|           (fcmp_32ns_32ns_1_2_no_dsp_1_U56)                                               |                                          system_mpcc_hls_0_0_mpcc_hls_fcmp_32ns_32ns_1_2_no_dsp_1_3 |          0 |          0 |       0 |    0 |   32 |      0 |      0 |    0 |          0 |
|           mpcc_hls_fcmp_32ns_32ns_1_2_no_dsp_1_ip_u                                       |                                         system_mpcc_hls_0_0_mpcc_hls_fcmp_32ns_32ns_1_2_no_dsp_1_ip |         37 |         37 |       0 |    0 |    0 |      0 |      0 |    0 |          0 |
|             (mpcc_hls_fcmp_32ns_32ns_1_2_no_dsp_1_ip_u)                                   |                                         system_mpcc_hls_0_0_mpcc_hls_fcmp_32ns_32ns_1_2_no_dsp_1_ip |          1 |          1 |       0 |    0 |    0 |      0 |      0 |    0 |          0 |
|             inst                                                                          |                                       system_mpcc_hls_0_0_floating_point_v7_1_15__parameterized3__3 |         36 |         36 |       0 |    0 |    0 |      0 |      0 |    0 |          0 |
|               i_synth                                                                     |                                   system_mpcc_hls_0_0_floating_point_v7_1_15_viv__parameterized7__3 |         36 |         36 |       0 |    0 |    0 |      0 |      0 |    0 |          0 |
|                 COMP_OP.SPD.OP                                                            |                                                                          system_mpcc_hls_0_0_fp_cmp |         36 |         36 |       0 |    0 |    0 |      0 |      0 |    0 |          0 |
|                   STRUCT_CMP.A_EQ_B_DET                                                   |                                                                      system_mpcc_hls_0_0_compare_eq |         11 |         11 |       0 |    0 |    0 |      0 |      0 |    0 |          0 |
|                     WIDE_AND                                                              |                                                    system_mpcc_hls_0_0_carry_chain__parameterized14 |         11 |         11 |       0 |    0 |    0 |      0 |      0 |    0 |          0 |
|                   STRUCT_CMP.A_EXP_ALL_ONE_DET                                            |                                                   system_mpcc_hls_0_0_compare_eq_im__parameterized3 |          2 |          2 |       0 |    0 |    0 |      0 |      0 |    0 |          0 |
|                     (STRUCT_CMP.A_EXP_ALL_ONE_DET)                                        |                                                   system_mpcc_hls_0_0_compare_eq_im__parameterized3 |          1 |          1 |       0 |    0 |    0 |      0 |      0 |    0 |          0 |
|                     CARRY_ZERO_DET                                                        |                                                system_mpcc_hls_0_0_carry_chain__parameterized13_263 |          1 |          1 |       0 |    0 |    0 |      0 |      0 |    0 |          0 |
|                   STRUCT_CMP.A_FRAC_NOT_ZERO_DET                                          |                                                                   system_mpcc_hls_0_0_compare_ne_im |          4 |          4 |       0 |    0 |    0 |      0 |      0 |    0 |          0 |
|                     (STRUCT_CMP.A_FRAC_NOT_ZERO_DET)                                      |                                                                   system_mpcc_hls_0_0_compare_ne_im |          4 |          4 |       0 |    0 |    0 |      0 |      0 |    0 |          0 |
|                     WIDE_NOR                                                              |                                                system_mpcc_hls_0_0_carry_chain__parameterized11_262 |          0 |          0 |       0 |    0 |    0 |      0 |      0 |    0 |          0 |
|                   STRUCT_CMP.A_GT_B_DET                                                   |                                                      system_mpcc_hls_0_0_compare_gt__parameterized0 |         16 |         16 |       0 |    0 |    0 |      0 |      0 |    0 |          0 |
|                     C_CHAIN                                                               |                                                    system_mpcc_hls_0_0_carry_chain__parameterized15 |         16 |         16 |       0 |    0 |    0 |      0 |      0 |    0 |          0 |
|                   STRUCT_CMP.EXP_ALL_ZERO_DET                                             |                                                   system_mpcc_hls_0_0_compare_eq_im__parameterized2 |          3 |          3 |       0 |    0 |    0 |      0 |      0 |    0 |          0 |
|                     (STRUCT_CMP.EXP_ALL_ZERO_DET)                                         |                                                   system_mpcc_hls_0_0_compare_eq_im__parameterized2 |          2 |          2 |       0 |    0 |    0 |      0 |      0 |    0 |          0 |
|                     CARRY_ZERO_DET                                                        |                                                    system_mpcc_hls_0_0_carry_chain__parameterized12 |          1 |          1 |       0 |    0 |    0 |      0 |      0 |    0 |          0 |
|         fdiv_32ns_32ns_32_9_no_dsp_1_U52                                                  |                                           system_mpcc_hls_0_0_mpcc_hls_fdiv_32ns_32ns_32_9_no_dsp_1 |        875 |        844 |       0 |   31 |  382 |      0 |      0 |    0 |          0 |
|           (fdiv_32ns_32ns_32_9_no_dsp_1_U52)                                              |                                           system_mpcc_hls_0_0_mpcc_hls_fdiv_32ns_32ns_32_9_no_dsp_1 |         96 |         96 |       0 |    0 |   64 |      0 |      0 |    0 |          0 |
|           mpcc_hls_fdiv_32ns_32ns_32_9_no_dsp_1_ip_u                                      |                                    system_mpcc_hls_0_0_mpcc_hls_fdiv_32ns_32ns_32_9_no_dsp_1_ip_155 |        779 |        748 |       0 |   31 |  318 |      0 |      0 |    0 |          0 |
|             inst                                                                          |                                                          system_mpcc_hls_0_0_floating_point_v7_1_15 |        779 |        748 |       0 |   31 |  318 |      0 |      0 |    0 |          0 |
|               i_synth                                                                     |                                                      system_mpcc_hls_0_0_floating_point_v7_1_15_viv |        779 |        748 |       0 |   31 |  318 |      0 |      0 |    0 |          0 |
|                 DIV_OP.SPD.OP                                                             |                                                                     system_mpcc_hls_0_0_flt_div_156 |        779 |        748 |       0 |   31 |  318 |      0 |      0 |    0 |          0 |
|                   EXP                                                                     |                                                                 system_mpcc_hls_0_0_flt_div_exp_158 |         77 |         65 |       0 |   12 |   15 |      0 |      0 |    0 |          0 |
|                     DIV_BY_ZERO_DEL                                                       |                                                      system_mpcc_hls_0_0_delay__parameterized13_243 |         15 |         15 |       0 |    0 |    0 |      0 |      0 |    0 |          0 |
|                       i_pipe                                                              |                                       system_mpcc_hls_0_0_xbip_pipe_v3_0_6_viv__parameterized23_258 |         15 |         15 |       0 |    0 |    0 |      0 |      0 |    0 |          0 |
|                     EXP_PRE_RND_DEL                                                       |                                                      system_mpcc_hls_0_0_delay__parameterized17_244 |         15 |          7 |       0 |    8 |    8 |      0 |      0 |    0 |          0 |
|                       i_pipe                                                              |                                       system_mpcc_hls_0_0_xbip_pipe_v3_0_6_viv__parameterized29_257 |         15 |          7 |       0 |    8 |    8 |      0 |      0 |    0 |          0 |
|                     FLOW_DEC_DEL                                                          |                                                      system_mpcc_hls_0_0_delay__parameterized13_245 |          8 |          7 |       0 |    1 |    2 |      0 |      0 |    0 |          0 |
|                       i_pipe                                                              |                                       system_mpcc_hls_0_0_xbip_pipe_v3_0_6_viv__parameterized23_256 |          8 |          7 |       0 |    1 |    2 |      0 |      0 |    0 |          0 |
|                     FLOW_UP_DEL                                                           |                                                      system_mpcc_hls_0_0_delay__parameterized19_246 |          7 |          7 |       0 |    0 |    0 |      0 |      0 |    0 |          0 |
|                       i_pipe                                                              |                                       system_mpcc_hls_0_0_xbip_pipe_v3_0_6_viv__parameterized33_255 |          7 |          7 |       0 |    0 |    0 |      0 |      0 |    0 |          0 |
|                     INV_OP_DEL                                                            |                                                      system_mpcc_hls_0_0_delay__parameterized15_247 |          7 |          7 |       0 |    0 |    0 |      0 |      0 |    0 |          0 |
|                       i_pipe                                                              |                                       system_mpcc_hls_0_0_xbip_pipe_v3_0_6_viv__parameterized23_254 |          7 |          7 |       0 |    0 |    0 |      0 |      0 |    0 |          0 |
|                     SIGN_UP_DELAY                                                         |                                                      system_mpcc_hls_0_0_delay__parameterized15_249 |          3 |          2 |       0 |    1 |    1 |      0 |      0 |    0 |          0 |
|                       i_pipe                                                              |                                       system_mpcc_hls_0_0_xbip_pipe_v3_0_6_viv__parameterized23_252 |          3 |          2 |       0 |    1 |    1 |      0 |      0 |    0 |          0 |
|                     STATE_UP_DELAY                                                        |                                                      system_mpcc_hls_0_0_delay__parameterized18_250 |         25 |         23 |       0 |    2 |    4 |      0 |      0 |    0 |          0 |
|                       i_pipe                                                              |                                       system_mpcc_hls_0_0_xbip_pipe_v3_0_6_viv__parameterized31_251 |         25 |         23 |       0 |    2 |    4 |      0 |      0 |    0 |          0 |
|                   MANT_DIV                                                                |                                                                system_mpcc_hls_0_0_flt_div_mant_159 |        672 |        653 |       0 |   19 |  271 |      0 |      0 |    0 |          0 |
|                     Q_MANT_DEL                                                            |                                                       system_mpcc_hls_0_0_delay__parameterized7_167 |          1 |          1 |       0 |    0 |   26 |      0 |      0 |    0 |          0 |
|                       i_pipe                                                              |                                       system_mpcc_hls_0_0_xbip_pipe_v3_0_6_viv__parameterized15_242 |          1 |          1 |       0 |    0 |   26 |      0 |      0 |    0 |          0 |
|                     RT[0].ADDSUB                                                          |                                                         system_mpcc_hls_0_0_flt_div_mant_addsub_168 |         52 |         52 |       0 |    0 |    0 |      0 |      0 |    0 |          0 |
|                       ADDSUB                                                              |                                                                 system_mpcc_hls_0_0_carry_chain_241 |         52 |         52 |       0 |    0 |    0 |      0 |      0 |    0 |          0 |
|                     RT[10].ADDSUB                                                         |                                                         system_mpcc_hls_0_0_flt_div_mant_addsub_169 |         25 |         25 |       0 |    0 |    0 |      0 |      0 |    0 |          0 |
|                       (RT[10].ADDSUB)                                                     |                                                         system_mpcc_hls_0_0_flt_div_mant_addsub_169 |         23 |         23 |       0 |    0 |    0 |      0 |      0 |    0 |          0 |
|                       ADDSUB                                                              |                                                                 system_mpcc_hls_0_0_carry_chain_240 |          2 |          2 |       0 |    0 |    0 |      0 |      0 |    0 |          0 |
|                     RT[11].ADDSUB                                                         |                                                         system_mpcc_hls_0_0_flt_div_mant_addsub_170 |         25 |         25 |       0 |    0 |    0 |      0 |      0 |    0 |          0 |
|                       (RT[11].ADDSUB)                                                     |                                                         system_mpcc_hls_0_0_flt_div_mant_addsub_170 |         23 |         23 |       0 |    0 |    0 |      0 |      0 |    0 |          0 |
|                       ADDSUB                                                              |                                                                 system_mpcc_hls_0_0_carry_chain_239 |          2 |          2 |       0 |    0 |    0 |      0 |      0 |    0 |          0 |
|                     RT[12].ADDSUB                                                         |                                                         system_mpcc_hls_0_0_flt_div_mant_addsub_171 |         25 |         25 |       0 |    0 |    0 |      0 |      0 |    0 |          0 |
|                       (RT[12].ADDSUB)                                                     |                                                         system_mpcc_hls_0_0_flt_div_mant_addsub_171 |         23 |         23 |       0 |    0 |    0 |      0 |      0 |    0 |          0 |
|                       ADDSUB                                                              |                                                                 system_mpcc_hls_0_0_carry_chain_238 |          2 |          2 |       0 |    0 |    0 |      0 |      0 |    0 |          0 |
|                     RT[13].ADDSUB                                                         |                                                         system_mpcc_hls_0_0_flt_div_mant_addsub_172 |         25 |         25 |       0 |    0 |    0 |      0 |      0 |    0 |          0 |
|                       (RT[13].ADDSUB)                                                     |                                                         system_mpcc_hls_0_0_flt_div_mant_addsub_172 |         23 |         23 |       0 |    0 |    0 |      0 |      0 |    0 |          0 |
|                       ADDSUB                                                              |                                                                 system_mpcc_hls_0_0_carry_chain_237 |          2 |          2 |       0 |    0 |    0 |      0 |      0 |    0 |          0 |
|                     RT[14].ADDSUB                                                         |                                         system_mpcc_hls_0_0_flt_div_mant_addsub__parameterized0_173 |         25 |         25 |       0 |    0 |   25 |      0 |      0 |    0 |          0 |
|                       (RT[14].ADDSUB)                                                     |                                         system_mpcc_hls_0_0_flt_div_mant_addsub__parameterized0_173 |         23 |         23 |       0 |    0 |    0 |      0 |      0 |    0 |          0 |
|                       ADDSUB                                                              |                                                 system_mpcc_hls_0_0_carry_chain__parameterized0_234 |          2 |          2 |       0 |    0 |   25 |      0 |      0 |    0 |          0 |
|                         (ADDSUB)                                                          |                                                 system_mpcc_hls_0_0_carry_chain__parameterized0_234 |          0 |          0 |       0 |    0 |    0 |      0 |      0 |    0 |          0 |
|                         Q_DEL                                                             |                                                       system_mpcc_hls_0_0_delay__parameterized6_235 |          2 |          2 |       0 |    0 |   25 |      0 |      0 |    0 |          0 |
|                           i_pipe                                                          |                                       system_mpcc_hls_0_0_xbip_pipe_v3_0_6_viv__parameterized13_236 |          2 |          2 |       0 |    0 |   25 |      0 |      0 |    0 |          0 |
|                     RT[14].MANT_DEL                                                       |                                                       system_mpcc_hls_0_0_delay__parameterized3_174 |          0 |          0 |       0 |    0 |   23 |      0 |      0 |    0 |          0 |
|                       i_pipe                                                              |                                        system_mpcc_hls_0_0_xbip_pipe_v3_0_6_viv__parameterized9_233 |          0 |          0 |       0 |    0 |   23 |      0 |      0 |    0 |          0 |
|                     RT[15].ADDSUB                                                         |                                                         system_mpcc_hls_0_0_flt_div_mant_addsub_175 |         25 |         25 |       0 |    0 |    0 |      0 |      0 |    0 |          0 |
|                       (RT[15].ADDSUB)                                                     |                                                         system_mpcc_hls_0_0_flt_div_mant_addsub_175 |         23 |         23 |       0 |    0 |    0 |      0 |      0 |    0 |          0 |
|                       ADDSUB                                                              |                                                                 system_mpcc_hls_0_0_carry_chain_232 |          2 |          2 |       0 |    0 |    0 |      0 |      0 |    0 |          0 |
|                     RT[16].ADDSUB                                                         |                                                         system_mpcc_hls_0_0_flt_div_mant_addsub_176 |         25 |         25 |       0 |    0 |    0 |      0 |      0 |    0 |          0 |
|                       (RT[16].ADDSUB)                                                     |                                                         system_mpcc_hls_0_0_flt_div_mant_addsub_176 |         23 |         23 |       0 |    0 |    0 |      0 |      0 |    0 |          0 |
|                       ADDSUB                                                              |                                                                 system_mpcc_hls_0_0_carry_chain_231 |          2 |          2 |       0 |    0 |    0 |      0 |      0 |    0 |          0 |
|                     RT[17].ADDSUB                                                         |                                                         system_mpcc_hls_0_0_flt_div_mant_addsub_177 |         25 |         25 |       0 |    0 |    0 |      0 |      0 |    0 |          0 |
|                       (RT[17].ADDSUB)                                                     |                                                         system_mpcc_hls_0_0_flt_div_mant_addsub_177 |         23 |         23 |       0 |    0 |    0 |      0 |      0 |    0 |          0 |
|                       ADDSUB                                                              |                                                                 system_mpcc_hls_0_0_carry_chain_230 |          2 |          2 |       0 |    0 |    0 |      0 |      0 |    0 |          0 |
|                     RT[18].ADDSUB                                                         |                                                         system_mpcc_hls_0_0_flt_div_mant_addsub_178 |         25 |         25 |       0 |    0 |    0 |      0 |      0 |    0 |          0 |
|                       (RT[18].ADDSUB)                                                     |                                                         system_mpcc_hls_0_0_flt_div_mant_addsub_178 |         23 |         23 |       0 |    0 |    0 |      0 |      0 |    0 |          0 |
|                       ADDSUB                                                              |                                                                 system_mpcc_hls_0_0_carry_chain_229 |          2 |          2 |       0 |    0 |    0 |      0 |      0 |    0 |          0 |
|                     RT[19].ADDSUB                                                         |                                         system_mpcc_hls_0_0_flt_div_mant_addsub__parameterized0_179 |         25 |         25 |       0 |    0 |   25 |      0 |      0 |    0 |          0 |
|                       (RT[19].ADDSUB)                                                     |                                         system_mpcc_hls_0_0_flt_div_mant_addsub__parameterized0_179 |         23 |         23 |       0 |    0 |    0 |      0 |      0 |    0 |          0 |
|                       ADDSUB                                                              |                                                 system_mpcc_hls_0_0_carry_chain__parameterized0_226 |          2 |          2 |       0 |    0 |   25 |      0 |      0 |    0 |          0 |
|                         (ADDSUB)                                                          |                                                 system_mpcc_hls_0_0_carry_chain__parameterized0_226 |          0 |          0 |       0 |    0 |    0 |      0 |      0 |    0 |          0 |
|                         Q_DEL                                                             |                                                       system_mpcc_hls_0_0_delay__parameterized6_227 |          2 |          2 |       0 |    0 |   25 |      0 |      0 |    0 |          0 |
|                           i_pipe                                                          |                                       system_mpcc_hls_0_0_xbip_pipe_v3_0_6_viv__parameterized13_228 |          2 |          2 |       0 |    0 |   25 |      0 |      0 |    0 |          0 |
|                     RT[19].MANT_DEL                                                       |                                                       system_mpcc_hls_0_0_delay__parameterized3_180 |          0 |          0 |       0 |    0 |   23 |      0 |      0 |    0 |          0 |
|                       i_pipe                                                              |                                        system_mpcc_hls_0_0_xbip_pipe_v3_0_6_viv__parameterized9_225 |          0 |          0 |       0 |    0 |   23 |      0 |      0 |    0 |          0 |
|                     RT[1].ADDSUB                                                          |                                                         system_mpcc_hls_0_0_flt_div_mant_addsub_181 |         25 |         25 |       0 |    0 |    0 |      0 |      0 |    0 |          0 |
|                       ADDSUB                                                              |                                                                 system_mpcc_hls_0_0_carry_chain_224 |         25 |         25 |       0 |    0 |    0 |      0 |      0 |    0 |          0 |
|                     RT[20].ADDSUB                                                         |                                                         system_mpcc_hls_0_0_flt_div_mant_addsub_182 |         25 |         25 |       0 |    0 |    0 |      0 |      0 |    0 |          0 |
|                       (RT[20].ADDSUB)                                                     |                                                         system_mpcc_hls_0_0_flt_div_mant_addsub_182 |         23 |         23 |       0 |    0 |    0 |      0 |      0 |    0 |          0 |
|                       ADDSUB                                                              |                                                                 system_mpcc_hls_0_0_carry_chain_223 |          2 |          2 |       0 |    0 |    0 |      0 |      0 |    0 |          0 |
|                     RT[21].ADDSUB                                                         |                                                         system_mpcc_hls_0_0_flt_div_mant_addsub_183 |         25 |         25 |       0 |    0 |    0 |      0 |      0 |    0 |          0 |
|                       (RT[21].ADDSUB)                                                     |                                                         system_mpcc_hls_0_0_flt_div_mant_addsub_183 |         23 |         23 |       0 |    0 |    0 |      0 |      0 |    0 |          0 |
|                       ADDSUB                                                              |                                                                 system_mpcc_hls_0_0_carry_chain_222 |          2 |          2 |       0 |    0 |    0 |      0 |      0 |    0 |          0 |
|                     RT[22].ADDSUB                                                         |                                                         system_mpcc_hls_0_0_flt_div_mant_addsub_184 |         25 |         25 |       0 |    0 |    0 |      0 |      0 |    0 |          0 |
|                       (RT[22].ADDSUB)                                                     |                                                         system_mpcc_hls_0_0_flt_div_mant_addsub_184 |         23 |         23 |       0 |    0 |    0 |      0 |      0 |    0 |          0 |
|                       ADDSUB                                                              |                                                                 system_mpcc_hls_0_0_carry_chain_221 |          2 |          2 |       0 |    0 |    0 |      0 |      0 |    0 |          0 |
|                     RT[23].ADDSUB                                                         |                                                         system_mpcc_hls_0_0_flt_div_mant_addsub_185 |         25 |         25 |       0 |    0 |    0 |      0 |      0 |    0 |          0 |
|                       (RT[23].ADDSUB)                                                     |                                                         system_mpcc_hls_0_0_flt_div_mant_addsub_185 |         23 |         23 |       0 |    0 |    0 |      0 |      0 |    0 |          0 |
|                       ADDSUB                                                              |                                                                 system_mpcc_hls_0_0_carry_chain_220 |          2 |          2 |       0 |    0 |    0 |      0 |      0 |    0 |          0 |
|                     RT[24].ADDSUB                                                         |                                         system_mpcc_hls_0_0_flt_div_mant_addsub__parameterized0_186 |         25 |         25 |       0 |    0 |   25 |      0 |      0 |    0 |          0 |
|                       (RT[24].ADDSUB)                                                     |                                         system_mpcc_hls_0_0_flt_div_mant_addsub__parameterized0_186 |         23 |         23 |       0 |    0 |    0 |      0 |      0 |    0 |          0 |
|                       ADDSUB                                                              |                                                 system_mpcc_hls_0_0_carry_chain__parameterized0_217 |          2 |          2 |       0 |    0 |   25 |      0 |      0 |    0 |          0 |
|                         (ADDSUB)                                                          |                                                 system_mpcc_hls_0_0_carry_chain__parameterized0_217 |          0 |          0 |       0 |    0 |    0 |      0 |      0 |    0 |          0 |
|                         Q_DEL                                                             |                                                       system_mpcc_hls_0_0_delay__parameterized6_218 |          2 |          2 |       0 |    0 |   25 |      0 |      0 |    0 |          0 |
|                           i_pipe                                                          |                                       system_mpcc_hls_0_0_xbip_pipe_v3_0_6_viv__parameterized13_219 |          2 |          2 |       0 |    0 |   25 |      0 |      0 |    0 |          0 |
|                     RT[24].MANT_DEL                                                       |                                                       system_mpcc_hls_0_0_delay__parameterized3_187 |          0 |          0 |       0 |    0 |   23 |      0 |      0 |    0 |          0 |
|                       i_pipe                                                              |                                        system_mpcc_hls_0_0_xbip_pipe_v3_0_6_viv__parameterized9_216 |          0 |          0 |       0 |    0 |   23 |      0 |      0 |    0 |          0 |
|                     RT[24].Q_DEL                                                          |                                                       system_mpcc_hls_0_0_delay__parameterized7_188 |         19 |          0 |       0 |   19 |    5 |      0 |      0 |    0 |          0 |
|                       i_pipe                                                              |                                       system_mpcc_hls_0_0_xbip_pipe_v3_0_6_viv__parameterized15_215 |         19 |          0 |       0 |   19 |    5 |      0 |      0 |    0 |          0 |
|                     RT[25].ADDSUB                                                         |                                                         system_mpcc_hls_0_0_flt_div_mant_addsub_189 |         23 |         23 |       0 |    0 |    0 |      0 |      0 |    0 |          0 |
|                       (RT[25].ADDSUB)                                                     |                                                         system_mpcc_hls_0_0_flt_div_mant_addsub_189 |         23 |         23 |       0 |    0 |    0 |      0 |      0 |    0 |          0 |
|                       ADDSUB                                                              |                                                                 system_mpcc_hls_0_0_carry_chain_214 |          0 |          0 |       0 |    0 |    0 |      0 |      0 |    0 |          0 |
|                     RT[2].ADDSUB                                                          |                                                         system_mpcc_hls_0_0_flt_div_mant_addsub_190 |         25 |         25 |       0 |    0 |    0 |      0 |      0 |    0 |          0 |
|                       ADDSUB                                                              |                                                                 system_mpcc_hls_0_0_carry_chain_213 |         25 |         25 |       0 |    0 |    0 |      0 |      0 |    0 |          0 |
|                     RT[3].ADDSUB                                                          |                                                         system_mpcc_hls_0_0_flt_div_mant_addsub_191 |         25 |         25 |       0 |    0 |    0 |      0 |      0 |    0 |          0 |
|                       ADDSUB                                                              |                                                                 system_mpcc_hls_0_0_carry_chain_212 |         25 |         25 |       0 |    0 |    0 |      0 |      0 |    0 |          0 |
|                     RT[4].ADDSUB                                                          |                                         system_mpcc_hls_0_0_flt_div_mant_addsub__parameterized0_192 |          2 |          2 |       0 |    0 |   25 |      0 |      0 |    0 |          0 |
|                       ADDSUB                                                              |                                                 system_mpcc_hls_0_0_carry_chain__parameterized0_209 |          2 |          2 |       0 |    0 |   25 |      0 |      0 |    0 |          0 |
|                         (ADDSUB)                                                          |                                                 system_mpcc_hls_0_0_carry_chain__parameterized0_209 |          0 |          0 |       0 |    0 |    0 |      0 |      0 |    0 |          0 |
|                         Q_DEL                                                             |                                                       system_mpcc_hls_0_0_delay__parameterized6_210 |          2 |          2 |       0 |    0 |   25 |      0 |      0 |    0 |          0 |
|                           i_pipe                                                          |                                       system_mpcc_hls_0_0_xbip_pipe_v3_0_6_viv__parameterized13_211 |          2 |          2 |       0 |    0 |   25 |      0 |      0 |    0 |          0 |
|                     RT[4].MANT_DEL                                                        |                                                       system_mpcc_hls_0_0_delay__parameterized3_193 |          0 |          0 |       0 |    0 |   23 |      0 |      0 |    0 |          0 |
|                       i_pipe                                                              |                                        system_mpcc_hls_0_0_xbip_pipe_v3_0_6_viv__parameterized9_208 |          0 |          0 |       0 |    0 |   23 |      0 |      0 |    0 |          0 |
|                     RT[5].ADDSUB                                                          |                                                         system_mpcc_hls_0_0_flt_div_mant_addsub_194 |         25 |         25 |       0 |    0 |    0 |      0 |      0 |    0 |          0 |
|                       (RT[5].ADDSUB)                                                      |                                                         system_mpcc_hls_0_0_flt_div_mant_addsub_194 |         23 |         23 |       0 |    0 |    0 |      0 |      0 |    0 |          0 |
|                       ADDSUB                                                              |                                                                 system_mpcc_hls_0_0_carry_chain_207 |          2 |          2 |       0 |    0 |    0 |      0 |      0 |    0 |          0 |
|                     RT[6].ADDSUB                                                          |                                                         system_mpcc_hls_0_0_flt_div_mant_addsub_195 |         25 |         25 |       0 |    0 |    0 |      0 |      0 |    0 |          0 |
|                       (RT[6].ADDSUB)                                                      |                                                         system_mpcc_hls_0_0_flt_div_mant_addsub_195 |         23 |         23 |       0 |    0 |    0 |      0 |      0 |    0 |          0 |
|                       ADDSUB                                                              |                                                                 system_mpcc_hls_0_0_carry_chain_206 |          2 |          2 |       0 |    0 |    0 |      0 |      0 |    0 |          0 |
|                     RT[7].ADDSUB                                                          |                                                         system_mpcc_hls_0_0_flt_div_mant_addsub_196 |         25 |         25 |       0 |    0 |    0 |      0 |      0 |    0 |          0 |
|                       (RT[7].ADDSUB)                                                      |                                                         system_mpcc_hls_0_0_flt_div_mant_addsub_196 |         23 |         23 |       0 |    0 |    0 |      0 |      0 |    0 |          0 |
|                       ADDSUB                                                              |                                                                 system_mpcc_hls_0_0_carry_chain_205 |          2 |          2 |       0 |    0 |    0 |      0 |      0 |    0 |          0 |
|                     RT[8].ADDSUB                                                          |                                                         system_mpcc_hls_0_0_flt_div_mant_addsub_197 |         25 |         25 |       0 |    0 |    0 |      0 |      0 |    0 |          0 |
|                       (RT[8].ADDSUB)                                                      |                                                         system_mpcc_hls_0_0_flt_div_mant_addsub_197 |         23 |         23 |       0 |    0 |    0 |      0 |      0 |    0 |          0 |
|                       ADDSUB                                                              |                                                                 system_mpcc_hls_0_0_carry_chain_204 |          2 |          2 |       0 |    0 |    0 |      0 |      0 |    0 |          0 |
|                     RT[9].ADDSUB                                                          |                                         system_mpcc_hls_0_0_flt_div_mant_addsub__parameterized0_198 |         25 |         25 |       0 |    0 |   25 |      0 |      0 |    0 |          0 |
|                       (RT[9].ADDSUB)                                                      |                                         system_mpcc_hls_0_0_flt_div_mant_addsub__parameterized0_198 |         23 |         23 |       0 |    0 |    0 |      0 |      0 |    0 |          0 |
|                       ADDSUB                                                              |                                                 system_mpcc_hls_0_0_carry_chain__parameterized0_201 |          2 |          2 |       0 |    0 |   25 |      0 |      0 |    0 |          0 |
|                         (ADDSUB)                                                          |                                                 system_mpcc_hls_0_0_carry_chain__parameterized0_201 |          0 |          0 |       0 |    0 |    0 |      0 |      0 |    0 |          0 |
|                         Q_DEL                                                             |                                                       system_mpcc_hls_0_0_delay__parameterized6_202 |          2 |          2 |       0 |    0 |   25 |      0 |      0 |    0 |          0 |
|                           i_pipe                                                          |                                       system_mpcc_hls_0_0_xbip_pipe_v3_0_6_viv__parameterized13_203 |          2 |          2 |       0 |    0 |   25 |      0 |      0 |    0 |          0 |
|                     RT[9].MANT_DEL                                                        |                                                       system_mpcc_hls_0_0_delay__parameterized3_199 |          0 |          0 |       0 |    0 |   23 |      0 |      0 |    0 |          0 |
|                       i_pipe                                                              |                                        system_mpcc_hls_0_0_xbip_pipe_v3_0_6_viv__parameterized9_200 |          0 |          0 |       0 |    0 |   23 |      0 |      0 |    0 |          0 |
|                   OP                                                                      |                                                              system_mpcc_hls_0_0_flt_dec_op_lat_160 |          0 |          0 |       0 |    0 |   32 |      0 |      0 |    0 |          0 |
|                   ROUND                                                                   |                                                      system_mpcc_hls_0_0_renorm_and_round_logic_161 |         30 |         30 |       0 |    0 |    0 |      0 |      0 |    0 |          0 |
|                     (ROUND)                                                               |                                                      system_mpcc_hls_0_0_renorm_and_round_logic_161 |         29 |         29 |       0 |    0 |    0 |      0 |      0 |    0 |          0 |
|                     EXP_ADD.ADD                                                           |                                                 system_mpcc_hls_0_0_carry_chain__parameterized4_162 |          0 |          0 |       0 |    0 |    0 |      0 |      0 |    0 |          0 |
|                     LOGIC.RND1                                                            |                                                 system_mpcc_hls_0_0_carry_chain__parameterized2_163 |          0 |          0 |       0 |    0 |    0 |      0 |      0 |    0 |          0 |
|                     LOGIC.RND2                                                            |                                                 system_mpcc_hls_0_0_carry_chain__parameterized3_164 |          0 |          0 |       0 |    0 |    0 |      0 |      0 |    0 |          0 |
|                     RND_BIT_GEN                                                           |                                                               system_mpcc_hls_0_0_flt_round_bit_165 |          1 |          1 |       0 |    0 |    0 |      0 |      0 |    0 |          0 |
|                       (RND_BIT_GEN)                                                       |                                                               system_mpcc_hls_0_0_flt_round_bit_165 |          1 |          1 |       0 |    0 |    0 |      0 |      0 |    0 |          0 |
|                       NORM_1_OR_0.STRUCT_REQ.GENERAL.RND1                                 |                                                 system_mpcc_hls_0_0_carry_chain__parameterized1_166 |          0 |          0 |       0 |    0 |    0 |      0 |      0 |    0 |          0 |
|         fmul_32ns_32ns_32_3_max_dsp_1_U49                                                 |                                          system_mpcc_hls_0_0_mpcc_hls_fmul_32ns_32ns_32_3_max_dsp_1 |        244 |        244 |       0 |    0 |   96 |      0 |      0 |    0 |          3 |
|           (fmul_32ns_32ns_32_3_max_dsp_1_U49)                                             |                                          system_mpcc_hls_0_0_mpcc_hls_fmul_32ns_32ns_32_3_max_dsp_1 |        167 |        167 |       0 |    0 |   64 |      0 |      0 |    0 |          0 |
|           mpcc_hls_fmul_32ns_32ns_32_3_max_dsp_1_ip_u                                     |                                   system_mpcc_hls_0_0_mpcc_hls_fmul_32ns_32ns_32_3_max_dsp_1_ip_136 |         77 |         77 |       0 |    0 |   32 |      0 |      0 |    0 |          3 |
|             inst                                                                          |                                       system_mpcc_hls_0_0_floating_point_v7_1_15__parameterized2__1 |         77 |         77 |       0 |    0 |   32 |      0 |      0 |    0 |          3 |
|               i_synth                                                                     |                                   system_mpcc_hls_0_0_floating_point_v7_1_15_viv__parameterized5__1 |         77 |         77 |       0 |    0 |   32 |      0 |      0 |    0 |          3 |
|                 MULT.OP                                                                   |                                                                    system_mpcc_hls_0_0_flt_mult_137 |         77 |         77 |       0 |    0 |   32 |      0 |      0 |    0 |          3 |
|                   i_non_prim.EXP                                                          |                                                                system_mpcc_hls_0_0_flt_mult_exp_139 |         40 |         40 |       0 |    0 |    0 |      0 |      0 |    0 |          0 |
|                     COND_DET_A                                                            |                                              system_mpcc_hls_0_0_special_detect__parameterized1_148 |          6 |          6 |       0 |    0 |    0 |      0 |      0 |    0 |          0 |
|                       MANT_CARRY.MANT_ALL_ZERO_DET                                        |                                               system_mpcc_hls_0_0_compare_eq_im__parameterized1_153 |          6 |          6 |       0 |    0 |    0 |      0 |      0 |    0 |          0 |
|                         (MANT_CARRY.MANT_ALL_ZERO_DET)                                    |                                               system_mpcc_hls_0_0_compare_eq_im__parameterized1_153 |          4 |          4 |       0 |    0 |    0 |      0 |      0 |    0 |          0 |
|                         CARRY_ZERO_DET                                                    |                                                system_mpcc_hls_0_0_carry_chain__parameterized11_154 |          2 |          2 |       0 |    0 |    0 |      0 |      0 |    0 |          0 |
|                     COND_DET_B                                                            |                                              system_mpcc_hls_0_0_special_detect__parameterized1_149 |          8 |          8 |       0 |    0 |    0 |      0 |      0 |    0 |          0 |
|                       MANT_CARRY.MANT_ALL_ZERO_DET                                        |                                               system_mpcc_hls_0_0_compare_eq_im__parameterized1_151 |          8 |          8 |       0 |    0 |    0 |      0 |      0 |    0 |          0 |
|                         (MANT_CARRY.MANT_ALL_ZERO_DET)                                    |                                               system_mpcc_hls_0_0_compare_eq_im__parameterized1_151 |          4 |          4 |       0 |    0 |    0 |      0 |      0 |    0 |          0 |
|                         CARRY_ZERO_DET                                                    |                                                system_mpcc_hls_0_0_carry_chain__parameterized11_152 |          4 |          4 |       0 |    0 |    0 |      0 |      0 |    0 |          0 |
|                     EXP_ADD.C_CHAIN                                                       |                                                system_mpcc_hls_0_0_carry_chain__parameterized10_150 |         26 |         26 |       0 |    0 |    0 |      0 |      0 |    0 |          0 |
|                   i_non_prim.MULT                                                         |                                                                    system_mpcc_hls_0_0_fix_mult_140 |         26 |         26 |       0 |    0 |    0 |      0 |      0 |    0 |          2 |
|                     DSP48E1_SPD_SGL_VARIANT.FIX_MULT                                      |                                                        system_mpcc_hls_0_0_fix_mult_dsp48e1_sgl_145 |         26 |         26 |       0 |    0 |    0 |      0 |      0 |    0 |          2 |
|                       DSP1                                                                |                                             system_mpcc_hls_0_0_dsp48e1_wrapper__parameterized1_146 |          0 |          0 |       0 |    0 |    0 |      0 |      0 |    0 |          1 |
|                       DSP2                                                                |                                             system_mpcc_hls_0_0_dsp48e1_wrapper__parameterized2_147 |         26 |         26 |       0 |    0 |    0 |      0 |      0 |    0 |          1 |
|                   i_non_prim.OP                                                           |                                              system_mpcc_hls_0_0_flt_dec_op_lat__parameterized0_141 |         11 |         11 |       0 |    0 |   32 |      0 |      0 |    0 |          0 |
|                   i_non_prim.R_AND_R                                                      |                                                              system_mpcc_hls_0_0_flt_mult_round_142 |          0 |          0 |       0 |    0 |    0 |      0 |      0 |    0 |          1 |
|                     LAT_OPT.FULL.R_AND_R                                                  |                                                      system_mpcc_hls_0_0_flt_round_dsp_opt_full_143 |          0 |          0 |       0 |    0 |    0 |      0 |      0 |    0 |          1 |
|                       DSP48E1_SGL_EXP_IP.OLD_ADD.ADD                                      |                                             system_mpcc_hls_0_0_dsp48e1_wrapper__parameterized3_144 |          0 |          0 |       0 |    0 |    0 |      0 |      0 |    0 |          1 |
|         fmul_32ns_32ns_32_3_max_dsp_1_U50                                                 |                                        system_mpcc_hls_0_0_mpcc_hls_fmul_32ns_32ns_32_3_max_dsp_1_4 |        192 |        192 |       0 |    0 |   96 |      0 |      0 |    0 |          3 |
|           (fmul_32ns_32ns_32_3_max_dsp_1_U50)                                             |                                        system_mpcc_hls_0_0_mpcc_hls_fmul_32ns_32ns_32_3_max_dsp_1_4 |        115 |        115 |       0 |    0 |   64 |      0 |      0 |    0 |          0 |
|           mpcc_hls_fmul_32ns_32ns_32_3_max_dsp_1_ip_u                                     |                                   system_mpcc_hls_0_0_mpcc_hls_fmul_32ns_32ns_32_3_max_dsp_1_ip_117 |         77 |         77 |       0 |    0 |   32 |      0 |      0 |    0 |          3 |
|             inst                                                                          |                                       system_mpcc_hls_0_0_floating_point_v7_1_15__parameterized2__2 |         77 |         77 |       0 |    0 |   32 |      0 |      0 |    0 |          3 |
|               i_synth                                                                     |                                   system_mpcc_hls_0_0_floating_point_v7_1_15_viv__parameterized5__2 |         77 |         77 |       0 |    0 |   32 |      0 |      0 |    0 |          3 |
|                 MULT.OP                                                                   |                                                                    system_mpcc_hls_0_0_flt_mult_118 |         77 |         77 |       0 |    0 |   32 |      0 |      0 |    0 |          3 |
|                   i_non_prim.EXP                                                          |                                                                system_mpcc_hls_0_0_flt_mult_exp_120 |         40 |         40 |       0 |    0 |    0 |      0 |      0 |    0 |          0 |
|                     COND_DET_A                                                            |                                              system_mpcc_hls_0_0_special_detect__parameterized1_129 |          6 |          6 |       0 |    0 |    0 |      0 |      0 |    0 |          0 |
|                       MANT_CARRY.MANT_ALL_ZERO_DET                                        |                                               system_mpcc_hls_0_0_compare_eq_im__parameterized1_134 |          6 |          6 |       0 |    0 |    0 |      0 |      0 |    0 |          0 |
|                         (MANT_CARRY.MANT_ALL_ZERO_DET)                                    |                                               system_mpcc_hls_0_0_compare_eq_im__parameterized1_134 |          4 |          4 |       0 |    0 |    0 |      0 |      0 |    0 |          0 |
|                         CARRY_ZERO_DET                                                    |                                                system_mpcc_hls_0_0_carry_chain__parameterized11_135 |          2 |          2 |       0 |    0 |    0 |      0 |      0 |    0 |          0 |
|                     COND_DET_B                                                            |                                              system_mpcc_hls_0_0_special_detect__parameterized1_130 |          8 |          8 |       0 |    0 |    0 |      0 |      0 |    0 |          0 |
|                       MANT_CARRY.MANT_ALL_ZERO_DET                                        |                                               system_mpcc_hls_0_0_compare_eq_im__parameterized1_132 |          8 |          8 |       0 |    0 |    0 |      0 |      0 |    0 |          0 |
|                         (MANT_CARRY.MANT_ALL_ZERO_DET)                                    |                                               system_mpcc_hls_0_0_compare_eq_im__parameterized1_132 |          4 |          4 |       0 |    0 |    0 |      0 |      0 |    0 |          0 |
|                         CARRY_ZERO_DET                                                    |                                                system_mpcc_hls_0_0_carry_chain__parameterized11_133 |          4 |          4 |       0 |    0 |    0 |      0 |      0 |    0 |          0 |
|                     EXP_ADD.C_CHAIN                                                       |                                                system_mpcc_hls_0_0_carry_chain__parameterized10_131 |         26 |         26 |       0 |    0 |    0 |      0 |      0 |    0 |          0 |
|                   i_non_prim.MULT                                                         |                                                                    system_mpcc_hls_0_0_fix_mult_121 |         26 |         26 |       0 |    0 |    0 |      0 |      0 |    0 |          2 |
|                     DSP48E1_SPD_SGL_VARIANT.FIX_MULT                                      |                                                        system_mpcc_hls_0_0_fix_mult_dsp48e1_sgl_126 |         26 |         26 |       0 |    0 |    0 |      0 |      0 |    0 |          2 |
|                       DSP1                                                                |                                             system_mpcc_hls_0_0_dsp48e1_wrapper__parameterized1_127 |          0 |          0 |       0 |    0 |    0 |      0 |      0 |    0 |          1 |
|                       DSP2                                                                |                                             system_mpcc_hls_0_0_dsp48e1_wrapper__parameterized2_128 |         26 |         26 |       0 |    0 |    0 |      0 |      0 |    0 |          1 |
|                   i_non_prim.OP                                                           |                                              system_mpcc_hls_0_0_flt_dec_op_lat__parameterized0_122 |         11 |         11 |       0 |    0 |   32 |      0 |      0 |    0 |          0 |
|                   i_non_prim.R_AND_R                                                      |                                                              system_mpcc_hls_0_0_flt_mult_round_123 |          0 |          0 |       0 |    0 |    0 |      0 |      0 |    0 |          1 |
|                     LAT_OPT.FULL.R_AND_R                                                  |                                                      system_mpcc_hls_0_0_flt_round_dsp_opt_full_124 |          0 |          0 |       0 |    0 |    0 |      0 |      0 |    0 |          1 |
|                       DSP48E1_SGL_EXP_IP.OLD_ADD.ADD                                      |                                             system_mpcc_hls_0_0_dsp48e1_wrapper__parameterized3_125 |          0 |          0 |       0 |    0 |    0 |      0 |      0 |    0 |          1 |
|         fmul_32ns_32ns_32_3_max_dsp_1_U51                                                 |                                        system_mpcc_hls_0_0_mpcc_hls_fmul_32ns_32ns_32_3_max_dsp_1_5 |         93 |         93 |       0 |    0 |   96 |      0 |      0 |    0 |          3 |
|           (fmul_32ns_32ns_32_3_max_dsp_1_U51)                                             |                                        system_mpcc_hls_0_0_mpcc_hls_fmul_32ns_32ns_32_3_max_dsp_1_5 |         16 |         16 |       0 |    0 |   64 |      0 |      0 |    0 |          0 |
|           mpcc_hls_fmul_32ns_32ns_32_3_max_dsp_1_ip_u                                     |                                       system_mpcc_hls_0_0_mpcc_hls_fmul_32ns_32ns_32_3_max_dsp_1_ip |         77 |         77 |       0 |    0 |   32 |      0 |      0 |    0 |          3 |
|             inst                                                                          |                                          system_mpcc_hls_0_0_floating_point_v7_1_15__parameterized2 |         77 |         77 |       0 |    0 |   32 |      0 |      0 |    0 |          3 |
|               i_synth                                                                     |                                      system_mpcc_hls_0_0_floating_point_v7_1_15_viv__parameterized5 |         77 |         77 |       0 |    0 |   32 |      0 |      0 |    0 |          3 |
|                 MULT.OP                                                                   |                                                                        system_mpcc_hls_0_0_flt_mult |         77 |         77 |       0 |    0 |   32 |      0 |      0 |    0 |          3 |
|                   i_non_prim.EXP                                                          |                                                                    system_mpcc_hls_0_0_flt_mult_exp |         40 |         40 |       0 |    0 |    0 |      0 |      0 |    0 |          0 |
|                     COND_DET_A                                                            |                                                  system_mpcc_hls_0_0_special_detect__parameterized1 |          6 |          6 |       0 |    0 |    0 |      0 |      0 |    0 |          0 |
|                       MANT_CARRY.MANT_ALL_ZERO_DET                                        |                                               system_mpcc_hls_0_0_compare_eq_im__parameterized1_115 |          6 |          6 |       0 |    0 |    0 |      0 |      0 |    0 |          0 |
|                         (MANT_CARRY.MANT_ALL_ZERO_DET)                                    |                                               system_mpcc_hls_0_0_compare_eq_im__parameterized1_115 |          4 |          4 |       0 |    0 |    0 |      0 |      0 |    0 |          0 |
|                         CARRY_ZERO_DET                                                    |                                                system_mpcc_hls_0_0_carry_chain__parameterized11_116 |          2 |          2 |       0 |    0 |    0 |      0 |      0 |    0 |          0 |
|                     COND_DET_B                                                            |                                              system_mpcc_hls_0_0_special_detect__parameterized1_114 |          8 |          8 |       0 |    0 |    0 |      0 |      0 |    0 |          0 |
|                       MANT_CARRY.MANT_ALL_ZERO_DET                                        |                                                   system_mpcc_hls_0_0_compare_eq_im__parameterized1 |          8 |          8 |       0 |    0 |    0 |      0 |      0 |    0 |          0 |
|                         (MANT_CARRY.MANT_ALL_ZERO_DET)                                    |                                                   system_mpcc_hls_0_0_compare_eq_im__parameterized1 |          4 |          4 |       0 |    0 |    0 |      0 |      0 |    0 |          0 |
|                         CARRY_ZERO_DET                                                    |                                                    system_mpcc_hls_0_0_carry_chain__parameterized11 |          4 |          4 |       0 |    0 |    0 |      0 |      0 |    0 |          0 |
|                     EXP_ADD.C_CHAIN                                                       |                                                    system_mpcc_hls_0_0_carry_chain__parameterized10 |         26 |         26 |       0 |    0 |    0 |      0 |      0 |    0 |          0 |
|                   i_non_prim.MULT                                                         |                                                                        system_mpcc_hls_0_0_fix_mult |         26 |         26 |       0 |    0 |    0 |      0 |      0 |    0 |          2 |
|                     DSP48E1_SPD_SGL_VARIANT.FIX_MULT                                      |                                                            system_mpcc_hls_0_0_fix_mult_dsp48e1_sgl |         26 |         26 |       0 |    0 |    0 |      0 |      0 |    0 |          2 |
|                       DSP1                                                                |                                                 system_mpcc_hls_0_0_dsp48e1_wrapper__parameterized1 |          0 |          0 |       0 |    0 |    0 |      0 |      0 |    0 |          1 |
|                       DSP2                                                                |                                                 system_mpcc_hls_0_0_dsp48e1_wrapper__parameterized2 |         26 |         26 |       0 |    0 |    0 |      0 |      0 |    0 |          1 |
|                   i_non_prim.OP                                                           |                                                  system_mpcc_hls_0_0_flt_dec_op_lat__parameterized0 |         11 |         11 |       0 |    0 |   32 |      0 |      0 |    0 |          0 |
|                   i_non_prim.R_AND_R                                                      |                                                                  system_mpcc_hls_0_0_flt_mult_round |          0 |          0 |       0 |    0 |    0 |      0 |      0 |    0 |          1 |
|                     LAT_OPT.FULL.R_AND_R                                                  |                                                          system_mpcc_hls_0_0_flt_round_dsp_opt_full |          0 |          0 |       0 |    0 |    0 |      0 |      0 |    0 |          1 |
|                       DSP48E1_SGL_EXP_IP.OLD_ADD.ADD                                      |                                                 system_mpcc_hls_0_0_dsp48e1_wrapper__parameterized3 |          0 |          0 |       0 |    0 |    0 |      0 |      0 |    0 |          1 |
|         grp_atan2_cordic_float_s_fu_325                                                   |                                                   system_mpcc_hls_0_0_mpcc_hls_atan2_cordic_float_s |       2309 |       2279 |       0 |   30 |  965 |      0 |      0 |    0 |          0 |
|           (grp_atan2_cordic_float_s_fu_325)                                               |                                                   system_mpcc_hls_0_0_mpcc_hls_atan2_cordic_float_s |        255 |        255 |       0 |    0 |  237 |      0 |      0 |    0 |          0 |
|           grp_atan2_generic_float_s_fu_160                                                |                                                  system_mpcc_hls_0_0_mpcc_hls_atan2_generic_float_s |       2054 |       2024 |       0 |   30 |  728 |      0 |      0 |    0 |          0 |
|             (grp_atan2_generic_float_s_fu_160)                                            |                                                  system_mpcc_hls_0_0_mpcc_hls_atan2_generic_float_s |        383 |        383 |       0 |    0 |  212 |      0 |      0 |    0 |          0 |
|             fdiv_32ns_32ns_32_9_no_dsp_1_U38                                              |                                        system_mpcc_hls_0_0_mpcc_hls_fdiv_32ns_32ns_32_9_no_dsp_1_39 |        803 |        773 |       0 |   30 |  378 |      0 |      0 |    0 |          0 |
|               (fdiv_32ns_32ns_32_9_no_dsp_1_U38)                                          |                                        system_mpcc_hls_0_0_mpcc_hls_fdiv_32ns_32ns_32_9_no_dsp_1_39 |         31 |         31 |       0 |    0 |   62 |      0 |      0 |    0 |          0 |
|               mpcc_hls_fdiv_32ns_32ns_32_9_no_dsp_1_ip_u                                  |                                        system_mpcc_hls_0_0_mpcc_hls_fdiv_32ns_32ns_32_9_no_dsp_1_ip |        772 |        742 |       0 |   30 |  316 |      0 |      0 |    0 |          0 |
|                 inst                                                                      |                                                       system_mpcc_hls_0_0_floating_point_v7_1_15__1 |        772 |        742 |       0 |   30 |  316 |      0 |      0 |    0 |          0 |
|                   i_synth                                                                 |                                                   system_mpcc_hls_0_0_floating_point_v7_1_15_viv__1 |        772 |        742 |       0 |   30 |  316 |      0 |      0 |    0 |          0 |
|                     DIV_OP.SPD.OP                                                         |                                                                         system_mpcc_hls_0_0_flt_div |        772 |        742 |       0 |   30 |  316 |      0 |      0 |    0 |          0 |
|                       EXP                                                                 |                                                                     system_mpcc_hls_0_0_flt_div_exp |         71 |         60 |       0 |   11 |   14 |      0 |      0 |    0 |          0 |
|                         EXP_PRE_RND_DEL                                                   |                                                          system_mpcc_hls_0_0_delay__parameterized17 |         15 |          7 |       0 |    8 |    8 |      0 |      0 |    0 |          0 |
|                           i_pipe                                                          |                                           system_mpcc_hls_0_0_xbip_pipe_v3_0_6_viv__parameterized29 |         15 |          7 |       0 |    8 |    8 |      0 |      0 |    0 |          0 |
|                         FLOW_DEC_DEL                                                      |                                                      system_mpcc_hls_0_0_delay__parameterized13_107 |          1 |          0 |       0 |    1 |    2 |      0 |      0 |    0 |          0 |
|                           i_pipe                                                          |                                       system_mpcc_hls_0_0_xbip_pipe_v3_0_6_viv__parameterized23_112 |          1 |          0 |       0 |    1 |    2 |      0 |      0 |    0 |          0 |
|                         FLOW_UP_DEL                                                       |                                                          system_mpcc_hls_0_0_delay__parameterized19 |          7 |          7 |       0 |    0 |    0 |      0 |      0 |    0 |          0 |
|                           i_pipe                                                          |                                           system_mpcc_hls_0_0_xbip_pipe_v3_0_6_viv__parameterized33 |          7 |          7 |       0 |    0 |    0 |      0 |      0 |    0 |          0 |
|                         INV_OP_DEL                                                        |                                                          system_mpcc_hls_0_0_delay__parameterized15 |          8 |          8 |       0 |    0 |    0 |      0 |      0 |    0 |          0 |
|                           i_pipe                                                          |                                       system_mpcc_hls_0_0_xbip_pipe_v3_0_6_viv__parameterized23_111 |          8 |          8 |       0 |    0 |    0 |      0 |      0 |    0 |          0 |
|                         STATE_UP_DELAY                                                    |                                                          system_mpcc_hls_0_0_delay__parameterized18 |         41 |         39 |       0 |    2 |    4 |      0 |      0 |    0 |          0 |
|                           i_pipe                                                          |                                           system_mpcc_hls_0_0_xbip_pipe_v3_0_6_viv__parameterized31 |         41 |         39 |       0 |    2 |    4 |      0 |      0 |    0 |          0 |
|                       MANT_DIV                                                            |                                                                    system_mpcc_hls_0_0_flt_div_mant |        671 |        652 |       0 |   19 |  271 |      0 |      0 |    0 |          0 |
|                         Q_MANT_DEL                                                        |                                                           system_mpcc_hls_0_0_delay__parameterized7 |          1 |          1 |       0 |    0 |   26 |      0 |      0 |    0 |          0 |
|                           i_pipe                                                          |                                       system_mpcc_hls_0_0_xbip_pipe_v3_0_6_viv__parameterized15_106 |          1 |          1 |       0 |    0 |   26 |      0 |      0 |    0 |          0 |
|                         RT[0].ADDSUB                                                      |                                                             system_mpcc_hls_0_0_flt_div_mant_addsub |         51 |         51 |       0 |    0 |    0 |      0 |      0 |    0 |          0 |
|                           ADDSUB                                                          |                                                                 system_mpcc_hls_0_0_carry_chain_105 |         51 |         51 |       0 |    0 |    0 |      0 |      0 |    0 |          0 |
|                         RT[10].ADDSUB                                                     |                                                          system_mpcc_hls_0_0_flt_div_mant_addsub_41 |         25 |         25 |       0 |    0 |    0 |      0 |      0 |    0 |          0 |
|                           (RT[10].ADDSUB)                                                 |                                                          system_mpcc_hls_0_0_flt_div_mant_addsub_41 |         23 |         23 |       0 |    0 |    0 |      0 |      0 |    0 |          0 |
|                           ADDSUB                                                          |                                                                 system_mpcc_hls_0_0_carry_chain_104 |          2 |          2 |       0 |    0 |    0 |      0 |      0 |    0 |          0 |
|                         RT[11].ADDSUB                                                     |                                                          system_mpcc_hls_0_0_flt_div_mant_addsub_42 |         25 |         25 |       0 |    0 |    0 |      0 |      0 |    0 |          0 |
|                           (RT[11].ADDSUB)                                                 |                                                          system_mpcc_hls_0_0_flt_div_mant_addsub_42 |         23 |         23 |       0 |    0 |    0 |      0 |      0 |    0 |          0 |
|                           ADDSUB                                                          |                                                                 system_mpcc_hls_0_0_carry_chain_103 |          2 |          2 |       0 |    0 |    0 |      0 |      0 |    0 |          0 |
|                         RT[12].ADDSUB                                                     |                                                          system_mpcc_hls_0_0_flt_div_mant_addsub_43 |         25 |         25 |       0 |    0 |    0 |      0 |      0 |    0 |          0 |
|                           (RT[12].ADDSUB)                                                 |                                                          system_mpcc_hls_0_0_flt_div_mant_addsub_43 |         23 |         23 |       0 |    0 |    0 |      0 |      0 |    0 |          0 |
|                           ADDSUB                                                          |                                                                 system_mpcc_hls_0_0_carry_chain_102 |          2 |          2 |       0 |    0 |    0 |      0 |      0 |    0 |          0 |
|                         RT[13].ADDSUB                                                     |                                                          system_mpcc_hls_0_0_flt_div_mant_addsub_44 |         25 |         25 |       0 |    0 |    0 |      0 |      0 |    0 |          0 |
|                           (RT[13].ADDSUB)                                                 |                                                          system_mpcc_hls_0_0_flt_div_mant_addsub_44 |         23 |         23 |       0 |    0 |    0 |      0 |      0 |    0 |          0 |
|                           ADDSUB                                                          |                                                                 system_mpcc_hls_0_0_carry_chain_101 |          2 |          2 |       0 |    0 |    0 |      0 |      0 |    0 |          0 |
|                         RT[14].ADDSUB                                                     |                                             system_mpcc_hls_0_0_flt_div_mant_addsub__parameterized0 |         25 |         25 |       0 |    0 |   25 |      0 |      0 |    0 |          0 |
|                           (RT[14].ADDSUB)                                                 |                                             system_mpcc_hls_0_0_flt_div_mant_addsub__parameterized0 |         23 |         23 |       0 |    0 |    0 |      0 |      0 |    0 |          0 |
|                           ADDSUB                                                          |                                                  system_mpcc_hls_0_0_carry_chain__parameterized0_98 |          2 |          2 |       0 |    0 |   25 |      0 |      0 |    0 |          0 |
|                             (ADDSUB)                                                      |                                                  system_mpcc_hls_0_0_carry_chain__parameterized0_98 |          0 |          0 |       0 |    0 |    0 |      0 |      0 |    0 |          0 |
|                             Q_DEL                                                         |                                                        system_mpcc_hls_0_0_delay__parameterized6_99 |          2 |          2 |       0 |    0 |   25 |      0 |      0 |    0 |          0 |
|                               i_pipe                                                      |                                       system_mpcc_hls_0_0_xbip_pipe_v3_0_6_viv__parameterized13_100 |          2 |          2 |       0 |    0 |   25 |      0 |      0 |    0 |          0 |
|                         RT[14].MANT_DEL                                                   |                                                           system_mpcc_hls_0_0_delay__parameterized3 |          0 |          0 |       0 |    0 |   23 |      0 |      0 |    0 |          0 |
|                           i_pipe                                                          |                                         system_mpcc_hls_0_0_xbip_pipe_v3_0_6_viv__parameterized9_97 |          0 |          0 |       0 |    0 |   23 |      0 |      0 |    0 |          0 |
|                         RT[15].ADDSUB                                                     |                                                          system_mpcc_hls_0_0_flt_div_mant_addsub_45 |         25 |         25 |       0 |    0 |    0 |      0 |      0 |    0 |          0 |
|                           (RT[15].ADDSUB)                                                 |                                                          system_mpcc_hls_0_0_flt_div_mant_addsub_45 |         23 |         23 |       0 |    0 |    0 |      0 |      0 |    0 |          0 |
|                           ADDSUB                                                          |                                                                  system_mpcc_hls_0_0_carry_chain_96 |          2 |          2 |       0 |    0 |    0 |      0 |      0 |    0 |          0 |
|                         RT[16].ADDSUB                                                     |                                                          system_mpcc_hls_0_0_flt_div_mant_addsub_46 |         25 |         25 |       0 |    0 |    0 |      0 |      0 |    0 |          0 |
|                           (RT[16].ADDSUB)                                                 |                                                          system_mpcc_hls_0_0_flt_div_mant_addsub_46 |         23 |         23 |       0 |    0 |    0 |      0 |      0 |    0 |          0 |
|                           ADDSUB                                                          |                                                                  system_mpcc_hls_0_0_carry_chain_95 |          2 |          2 |       0 |    0 |    0 |      0 |      0 |    0 |          0 |
|                         RT[17].ADDSUB                                                     |                                                          system_mpcc_hls_0_0_flt_div_mant_addsub_47 |         25 |         25 |       0 |    0 |    0 |      0 |      0 |    0 |          0 |
|                           (RT[17].ADDSUB)                                                 |                                                          system_mpcc_hls_0_0_flt_div_mant_addsub_47 |         23 |         23 |       0 |    0 |    0 |      0 |      0 |    0 |          0 |
|                           ADDSUB                                                          |                                                                  system_mpcc_hls_0_0_carry_chain_94 |          2 |          2 |       0 |    0 |    0 |      0 |      0 |    0 |          0 |
|                         RT[18].ADDSUB                                                     |                                                          system_mpcc_hls_0_0_flt_div_mant_addsub_48 |         25 |         25 |       0 |    0 |    0 |      0 |      0 |    0 |          0 |
|                           (RT[18].ADDSUB)                                                 |                                                          system_mpcc_hls_0_0_flt_div_mant_addsub_48 |         23 |         23 |       0 |    0 |    0 |      0 |      0 |    0 |          0 |
|                           ADDSUB                                                          |                                                                  system_mpcc_hls_0_0_carry_chain_93 |          2 |          2 |       0 |    0 |    0 |      0 |      0 |    0 |          0 |
|                         RT[19].ADDSUB                                                     |                                          system_mpcc_hls_0_0_flt_div_mant_addsub__parameterized0_49 |         25 |         25 |       0 |    0 |   25 |      0 |      0 |    0 |          0 |
|                           (RT[19].ADDSUB)                                                 |                                          system_mpcc_hls_0_0_flt_div_mant_addsub__parameterized0_49 |         23 |         23 |       0 |    0 |    0 |      0 |      0 |    0 |          0 |
|                           ADDSUB                                                          |                                                  system_mpcc_hls_0_0_carry_chain__parameterized0_90 |          2 |          2 |       0 |    0 |   25 |      0 |      0 |    0 |          0 |
|                             (ADDSUB)                                                      |                                                  system_mpcc_hls_0_0_carry_chain__parameterized0_90 |          0 |          0 |       0 |    0 |    0 |      0 |      0 |    0 |          0 |
|                             Q_DEL                                                         |                                                        system_mpcc_hls_0_0_delay__parameterized6_91 |          2 |          2 |       0 |    0 |   25 |      0 |      0 |    0 |          0 |
|                               i_pipe                                                      |                                        system_mpcc_hls_0_0_xbip_pipe_v3_0_6_viv__parameterized13_92 |          2 |          2 |       0 |    0 |   25 |      0 |      0 |    0 |          0 |
|                         RT[19].MANT_DEL                                                   |                                                        system_mpcc_hls_0_0_delay__parameterized3_50 |          0 |          0 |       0 |    0 |   23 |      0 |      0 |    0 |          0 |
|                           i_pipe                                                          |                                         system_mpcc_hls_0_0_xbip_pipe_v3_0_6_viv__parameterized9_89 |          0 |          0 |       0 |    0 |   23 |      0 |      0 |    0 |          0 |
|                         RT[1].ADDSUB                                                      |                                                          system_mpcc_hls_0_0_flt_div_mant_addsub_51 |         25 |         25 |       0 |    0 |    0 |      0 |      0 |    0 |          0 |
|                           ADDSUB                                                          |                                                                  system_mpcc_hls_0_0_carry_chain_88 |         25 |         25 |       0 |    0 |    0 |      0 |      0 |    0 |          0 |
|                         RT[20].ADDSUB                                                     |                                                          system_mpcc_hls_0_0_flt_div_mant_addsub_52 |         25 |         25 |       0 |    0 |    0 |      0 |      0 |    0 |          0 |
|                           (RT[20].ADDSUB)                                                 |                                                          system_mpcc_hls_0_0_flt_div_mant_addsub_52 |         23 |         23 |       0 |    0 |    0 |      0 |      0 |    0 |          0 |
|                           ADDSUB                                                          |                                                                  system_mpcc_hls_0_0_carry_chain_87 |          2 |          2 |       0 |    0 |    0 |      0 |      0 |    0 |          0 |
|                         RT[21].ADDSUB                                                     |                                                          system_mpcc_hls_0_0_flt_div_mant_addsub_53 |         25 |         25 |       0 |    0 |    0 |      0 |      0 |    0 |          0 |
|                           (RT[21].ADDSUB)                                                 |                                                          system_mpcc_hls_0_0_flt_div_mant_addsub_53 |         23 |         23 |       0 |    0 |    0 |      0 |      0 |    0 |          0 |
|                           ADDSUB                                                          |                                                                  system_mpcc_hls_0_0_carry_chain_86 |          2 |          2 |       0 |    0 |    0 |      0 |      0 |    0 |          0 |
|                         RT[22].ADDSUB                                                     |                                                          system_mpcc_hls_0_0_flt_div_mant_addsub_54 |         25 |         25 |       0 |    0 |    0 |      0 |      0 |    0 |          0 |
|                           (RT[22].ADDSUB)                                                 |                                                          system_mpcc_hls_0_0_flt_div_mant_addsub_54 |         23 |         23 |       0 |    0 |    0 |      0 |      0 |    0 |          0 |
|                           ADDSUB                                                          |                                                                  system_mpcc_hls_0_0_carry_chain_85 |          2 |          2 |       0 |    0 |    0 |      0 |      0 |    0 |          0 |
|                         RT[23].ADDSUB                                                     |                                                          system_mpcc_hls_0_0_flt_div_mant_addsub_55 |         25 |         25 |       0 |    0 |    0 |      0 |      0 |    0 |          0 |
|                           (RT[23].ADDSUB)                                                 |                                                          system_mpcc_hls_0_0_flt_div_mant_addsub_55 |         23 |         23 |       0 |    0 |    0 |      0 |      0 |    0 |          0 |
|                           ADDSUB                                                          |                                                                  system_mpcc_hls_0_0_carry_chain_84 |          2 |          2 |       0 |    0 |    0 |      0 |      0 |    0 |          0 |
|                         RT[24].ADDSUB                                                     |                                          system_mpcc_hls_0_0_flt_div_mant_addsub__parameterized0_56 |         25 |         25 |       0 |    0 |   25 |      0 |      0 |    0 |          0 |
|                           (RT[24].ADDSUB)                                                 |                                          system_mpcc_hls_0_0_flt_div_mant_addsub__parameterized0_56 |         23 |         23 |       0 |    0 |    0 |      0 |      0 |    0 |          0 |
|                           ADDSUB                                                          |                                                  system_mpcc_hls_0_0_carry_chain__parameterized0_81 |          2 |          2 |       0 |    0 |   25 |      0 |      0 |    0 |          0 |
|                             (ADDSUB)                                                      |                                                  system_mpcc_hls_0_0_carry_chain__parameterized0_81 |          0 |          0 |       0 |    0 |    0 |      0 |      0 |    0 |          0 |
|                             Q_DEL                                                         |                                                        system_mpcc_hls_0_0_delay__parameterized6_82 |          2 |          2 |       0 |    0 |   25 |      0 |      0 |    0 |          0 |
|                               i_pipe                                                      |                                        system_mpcc_hls_0_0_xbip_pipe_v3_0_6_viv__parameterized13_83 |          2 |          2 |       0 |    0 |   25 |      0 |      0 |    0 |          0 |
|                         RT[24].MANT_DEL                                                   |                                                        system_mpcc_hls_0_0_delay__parameterized3_57 |          0 |          0 |       0 |    0 |   23 |      0 |      0 |    0 |          0 |
|                           i_pipe                                                          |                                         system_mpcc_hls_0_0_xbip_pipe_v3_0_6_viv__parameterized9_80 |          0 |          0 |       0 |    0 |   23 |      0 |      0 |    0 |          0 |
|                         RT[24].Q_DEL                                                      |                                                        system_mpcc_hls_0_0_delay__parameterized7_58 |         19 |          0 |       0 |   19 |    5 |      0 |      0 |    0 |          0 |
|                           i_pipe                                                          |                                           system_mpcc_hls_0_0_xbip_pipe_v3_0_6_viv__parameterized15 |         19 |          0 |       0 |   19 |    5 |      0 |      0 |    0 |          0 |
|                         RT[25].ADDSUB                                                     |                                                          system_mpcc_hls_0_0_flt_div_mant_addsub_59 |         23 |         23 |       0 |    0 |    0 |      0 |      0 |    0 |          0 |
|                           (RT[25].ADDSUB)                                                 |                                                          system_mpcc_hls_0_0_flt_div_mant_addsub_59 |         23 |         23 |       0 |    0 |    0 |      0 |      0 |    0 |          0 |
|                           ADDSUB                                                          |                                                                  system_mpcc_hls_0_0_carry_chain_79 |          0 |          0 |       0 |    0 |    0 |      0 |      0 |    0 |          0 |
|                         RT[2].ADDSUB                                                      |                                                          system_mpcc_hls_0_0_flt_div_mant_addsub_60 |         25 |         25 |       0 |    0 |    0 |      0 |      0 |    0 |          0 |
|                           ADDSUB                                                          |                                                                  system_mpcc_hls_0_0_carry_chain_78 |         25 |         25 |       0 |    0 |    0 |      0 |      0 |    0 |          0 |
|                         RT[3].ADDSUB                                                      |                                                          system_mpcc_hls_0_0_flt_div_mant_addsub_61 |         25 |         25 |       0 |    0 |    0 |      0 |      0 |    0 |          0 |
|                           ADDSUB                                                          |                                                                  system_mpcc_hls_0_0_carry_chain_77 |         25 |         25 |       0 |    0 |    0 |      0 |      0 |    0 |          0 |
|                         RT[4].ADDSUB                                                      |                                          system_mpcc_hls_0_0_flt_div_mant_addsub__parameterized0_62 |          2 |          2 |       0 |    0 |   25 |      0 |      0 |    0 |          0 |
|                           ADDSUB                                                          |                                                  system_mpcc_hls_0_0_carry_chain__parameterized0_74 |          2 |          2 |       0 |    0 |   25 |      0 |      0 |    0 |          0 |
|                             (ADDSUB)                                                      |                                                  system_mpcc_hls_0_0_carry_chain__parameterized0_74 |          0 |          0 |       0 |    0 |    0 |      0 |      0 |    0 |          0 |
|                             Q_DEL                                                         |                                                        system_mpcc_hls_0_0_delay__parameterized6_75 |          2 |          2 |       0 |    0 |   25 |      0 |      0 |    0 |          0 |
|                               i_pipe                                                      |                                        system_mpcc_hls_0_0_xbip_pipe_v3_0_6_viv__parameterized13_76 |          2 |          2 |       0 |    0 |   25 |      0 |      0 |    0 |          0 |
|                         RT[4].MANT_DEL                                                    |                                                        system_mpcc_hls_0_0_delay__parameterized3_63 |          0 |          0 |       0 |    0 |   23 |      0 |      0 |    0 |          0 |
|                           i_pipe                                                          |                                         system_mpcc_hls_0_0_xbip_pipe_v3_0_6_viv__parameterized9_73 |          0 |          0 |       0 |    0 |   23 |      0 |      0 |    0 |          0 |
|                         RT[5].ADDSUB                                                      |                                                          system_mpcc_hls_0_0_flt_div_mant_addsub_64 |         25 |         25 |       0 |    0 |    0 |      0 |      0 |    0 |          0 |
|                           (RT[5].ADDSUB)                                                  |                                                          system_mpcc_hls_0_0_flt_div_mant_addsub_64 |         23 |         23 |       0 |    0 |    0 |      0 |      0 |    0 |          0 |
|                           ADDSUB                                                          |                                                                  system_mpcc_hls_0_0_carry_chain_72 |          2 |          2 |       0 |    0 |    0 |      0 |      0 |    0 |          0 |
|                         RT[6].ADDSUB                                                      |                                                          system_mpcc_hls_0_0_flt_div_mant_addsub_65 |         25 |         25 |       0 |    0 |    0 |      0 |      0 |    0 |          0 |
|                           (RT[6].ADDSUB)                                                  |                                                          system_mpcc_hls_0_0_flt_div_mant_addsub_65 |         23 |         23 |       0 |    0 |    0 |      0 |      0 |    0 |          0 |
|                           ADDSUB                                                          |                                                                  system_mpcc_hls_0_0_carry_chain_71 |          2 |          2 |       0 |    0 |    0 |      0 |      0 |    0 |          0 |
|                         RT[7].ADDSUB                                                      |                                                          system_mpcc_hls_0_0_flt_div_mant_addsub_66 |         25 |         25 |       0 |    0 |    0 |      0 |      0 |    0 |          0 |
|                           (RT[7].ADDSUB)                                                  |                                                          system_mpcc_hls_0_0_flt_div_mant_addsub_66 |         23 |         23 |       0 |    0 |    0 |      0 |      0 |    0 |          0 |
|                           ADDSUB                                                          |                                                                  system_mpcc_hls_0_0_carry_chain_70 |          2 |          2 |       0 |    0 |    0 |      0 |      0 |    0 |          0 |
|                         RT[8].ADDSUB                                                      |                                                          system_mpcc_hls_0_0_flt_div_mant_addsub_67 |         25 |         25 |       0 |    0 |    0 |      0 |      0 |    0 |          0 |
|                           (RT[8].ADDSUB)                                                  |                                                          system_mpcc_hls_0_0_flt_div_mant_addsub_67 |         23 |         23 |       0 |    0 |    0 |      0 |      0 |    0 |          0 |
|                           ADDSUB                                                          |                                                                     system_mpcc_hls_0_0_carry_chain |          2 |          2 |       0 |    0 |    0 |      0 |      0 |    0 |          0 |
|                         RT[9].ADDSUB                                                      |                                          system_mpcc_hls_0_0_flt_div_mant_addsub__parameterized0_68 |         25 |         25 |       0 |    0 |   25 |      0 |      0 |    0 |          0 |
|                           (RT[9].ADDSUB)                                                  |                                          system_mpcc_hls_0_0_flt_div_mant_addsub__parameterized0_68 |         23 |         23 |       0 |    0 |    0 |      0 |      0 |    0 |          0 |
|                           ADDSUB                                                          |                                                     system_mpcc_hls_0_0_carry_chain__parameterized0 |          2 |          2 |       0 |    0 |   25 |      0 |      0 |    0 |          0 |
|                             (ADDSUB)                                                      |                                                     system_mpcc_hls_0_0_carry_chain__parameterized0 |          0 |          0 |       0 |    0 |    0 |      0 |      0 |    0 |          0 |
|                             Q_DEL                                                         |                                                           system_mpcc_hls_0_0_delay__parameterized6 |          2 |          2 |       0 |    0 |   25 |      0 |      0 |    0 |          0 |
|                               i_pipe                                                      |                                           system_mpcc_hls_0_0_xbip_pipe_v3_0_6_viv__parameterized13 |          2 |          2 |       0 |    0 |   25 |      0 |      0 |    0 |          0 |
|                         RT[9].MANT_DEL                                                    |                                                        system_mpcc_hls_0_0_delay__parameterized3_69 |          0 |          0 |       0 |    0 |   23 |      0 |      0 |    0 |          0 |
|                           i_pipe                                                          |                                            system_mpcc_hls_0_0_xbip_pipe_v3_0_6_viv__parameterized9 |          0 |          0 |       0 |    0 |   23 |      0 |      0 |    0 |          0 |
|                       OP                                                                  |                                                                  system_mpcc_hls_0_0_flt_dec_op_lat |          0 |          0 |       0 |    0 |   31 |      0 |      0 |    0 |          0 |
|                       ROUND                                                               |                                                          system_mpcc_hls_0_0_renorm_and_round_logic |         30 |         30 |       0 |    0 |    0 |      0 |      0 |    0 |          0 |
|                         (ROUND)                                                           |                                                          system_mpcc_hls_0_0_renorm_and_round_logic |         29 |         29 |       0 |    0 |    0 |      0 |      0 |    0 |          0 |
|                         EXP_ADD.ADD                                                       |                                                     system_mpcc_hls_0_0_carry_chain__parameterized4 |          0 |          0 |       0 |    0 |    0 |      0 |      0 |    0 |          0 |
|                         LOGIC.RND1                                                        |                                                     system_mpcc_hls_0_0_carry_chain__parameterized2 |          0 |          0 |       0 |    0 |    0 |      0 |      0 |    0 |          0 |
|                         LOGIC.RND2                                                        |                                                     system_mpcc_hls_0_0_carry_chain__parameterized3 |          0 |          0 |       0 |    0 |    0 |      0 |      0 |    0 |          0 |
|                         RND_BIT_GEN                                                       |                                                                   system_mpcc_hls_0_0_flt_round_bit |          1 |          1 |       0 |    0 |    0 |      0 |      0 |    0 |          0 |
|                           (RND_BIT_GEN)                                                   |                                                                   system_mpcc_hls_0_0_flt_round_bit |          1 |          1 |       0 |    0 |    0 |      0 |      0 |    0 |          0 |
|                           NORM_1_OR_0.STRUCT_REQ.GENERAL.RND1                             |                                                     system_mpcc_hls_0_0_carry_chain__parameterized1 |          0 |          0 |       0 |    0 |    0 |      0 |      0 |    0 |          0 |
|             grp_atan2_generic_float_Pipeline_1_fu_122                                     |                                         system_mpcc_hls_0_0_mpcc_hls_atan2_generic_float_Pipeline_1 |        869 |        869 |       0 |    0 |  138 |      0 |      0 |    0 |          0 |
|               (grp_atan2_generic_float_Pipeline_1_fu_122)                                 |                                         system_mpcc_hls_0_0_mpcc_hls_atan2_generic_float_Pipeline_1 |        817 |        817 |       0 |    0 |  136 |      0 |      0 |    0 |          0 |
|               flow_control_loop_pipe_sequential_init_U                                    |                              system_mpcc_hls_0_0_mpcc_hls_flow_control_loop_pipe_sequential_init_40 |         52 |         52 |       0 |    0 |    2 |      0 |      0 |    0 |          0 |
|         grp_sin_or_cos_float_s_fu_279                                                     |                                                     system_mpcc_hls_0_0_mpcc_hls_sin_or_cos_float_s |       1318 |       1318 |       0 |    0 |  572 |      0 |      0 |    0 |         13 |
|           (grp_sin_or_cos_float_s_fu_279)                                                 |                                                     system_mpcc_hls_0_0_mpcc_hls_sin_or_cos_float_s |        333 |        333 |       0 |    0 |  350 |      0 |      0 |    0 |          0 |
|           grp_sin_or_cos_float_Pipeline_1_fu_268                                          |                                         system_mpcc_hls_0_0_mpcc_hls_sin_or_cos_float_Pipeline_1_24 |         68 |         68 |       0 |    0 |   14 |      0 |      0 |    0 |          0 |
|             (grp_sin_or_cos_float_Pipeline_1_fu_268)                                      |                                         system_mpcc_hls_0_0_mpcc_hls_sin_or_cos_float_Pipeline_1_24 |         33 |         33 |       0 |    0 |   12 |      0 |      0 |    0 |          0 |
|             flow_control_loop_pipe_sequential_init_U                                      |                              system_mpcc_hls_0_0_mpcc_hls_flow_control_loop_pipe_sequential_init_38 |         36 |         36 |       0 |    0 |    2 |      0 |      0 |    0 |          0 |
|           grp_sin_or_cos_float_Pipeline_2_fu_276                                          |                                         system_mpcc_hls_0_0_mpcc_hls_sin_or_cos_float_Pipeline_2_25 |        106 |        106 |       0 |    0 |   66 |      0 |      0 |    0 |          0 |
|             (grp_sin_or_cos_float_Pipeline_2_fu_276)                                      |                                         system_mpcc_hls_0_0_mpcc_hls_sin_or_cos_float_Pipeline_2_25 |         85 |         85 |       0 |    0 |   64 |      0 |      0 |    0 |          0 |
|             flow_control_loop_pipe_sequential_init_U                                      |                              system_mpcc_hls_0_0_mpcc_hls_flow_control_loop_pipe_sequential_init_37 |         22 |         22 |       0 |    0 |    2 |      0 |      0 |    0 |          0 |
|           mul_23s_22ns_45_1_1_U16                                                         |                                                 system_mpcc_hls_0_0_mpcc_hls_mul_23s_22ns_45_1_1_26 |         48 |         48 |       0 |    0 |    0 |      0 |      0 |    0 |          2 |
|           mul_30s_29ns_58_1_1_U17                                                         |                                                 system_mpcc_hls_0_0_mpcc_hls_mul_30s_29ns_58_1_1_27 |         61 |         61 |       0 |    0 |    0 |      0 |      0 |    0 |          4 |
|           mul_80s_24ns_80_1_1_U12                                                         |                                                 system_mpcc_hls_0_0_mpcc_hls_mul_80s_24ns_80_1_1_28 |        204 |        204 |       0 |    0 |    0 |      0 |      0 |    0 |          5 |
|           mul_mul_15ns_15ns_30_4_1_U18                                                    |                                            system_mpcc_hls_0_0_mpcc_hls_mul_mul_15ns_15ns_30_4_1_29 |        197 |        197 |       0 |    0 |    0 |      0 |      0 |    0 |          1 |
|             mpcc_hls_mul_mul_15ns_15ns_30_4_1_DSP48_0_U                                   |                                    system_mpcc_hls_0_0_mpcc_hls_mul_mul_15ns_15ns_30_4_1_DSP48_0_36 |        197 |        197 |       0 |    0 |    0 |      0 |      0 |    0 |          1 |
|           mul_mul_15ns_15s_30_4_1_U19                                                     |                                             system_mpcc_hls_0_0_mpcc_hls_mul_mul_15ns_15s_30_4_1_30 |          0 |          0 |       0 |    0 |    0 |      0 |      0 |    0 |          1 |
|             mpcc_hls_mul_mul_15ns_15s_30_4_1_DSP48_1_U                                    |                                     system_mpcc_hls_0_0_mpcc_hls_mul_mul_15ns_15s_30_4_1_DSP48_1_35 |          0 |          0 |       0 |    0 |    0 |      0 |      0 |    0 |          1 |
|           ref_4oPi_table_100_V_U                                                          |            system_mpcc_hls_0_0_mpcc_hls_sin_or_cos_float_s_ref_4oPi_table_100_V_ROM_1P_LUTRAM_1R_31 |         57 |         57 |       0 |    0 |   93 |      0 |      0 |    0 |          0 |
|           second_order_float_sin_cos_K0_V_U                                               | system_mpcc_hls_0_0_mpcc_hls_sin_or_cos_float_s_second_order_float_sin_cos_K0_V_ROM_1P_LUTRAM_1R_32 |        108 |        108 |       0 |    0 |   29 |      0 |      0 |    0 |          0 |
|           second_order_float_sin_cos_K1_V_U                                               | system_mpcc_hls_0_0_mpcc_hls_sin_or_cos_float_s_second_order_float_sin_cos_K1_V_ROM_1P_LUTRAM_1R_33 |         95 |         95 |       0 |    0 |    6 |      0 |      0 |    0 |          0 |
|           second_order_float_sin_cos_K2_V_U                                               | system_mpcc_hls_0_0_mpcc_hls_sin_or_cos_float_s_second_order_float_sin_cos_K2_V_ROM_1P_LUTRAM_1R_34 |         52 |         52 |       0 |    0 |   14 |      0 |      0 |    0 |          0 |
|         grp_sin_or_cos_float_s_fu_294                                                     |                                                   system_mpcc_hls_0_0_mpcc_hls_sin_or_cos_float_s_6 |       1366 |       1366 |       0 |    0 |  572 |      0 |      0 |    0 |         13 |
|           (grp_sin_or_cos_float_s_fu_294)                                                 |                                                   system_mpcc_hls_0_0_mpcc_hls_sin_or_cos_float_s_6 |        342 |        342 |       0 |    0 |  350 |      0 |      0 |    0 |          0 |
|           grp_sin_or_cos_float_Pipeline_1_fu_268                                          |                                          system_mpcc_hls_0_0_mpcc_hls_sin_or_cos_float_Pipeline_1_9 |         68 |         68 |       0 |    0 |   14 |      0 |      0 |    0 |          0 |
|             (grp_sin_or_cos_float_Pipeline_1_fu_268)                                      |                                          system_mpcc_hls_0_0_mpcc_hls_sin_or_cos_float_Pipeline_1_9 |         33 |         33 |       0 |    0 |   12 |      0 |      0 |    0 |          0 |
|             flow_control_loop_pipe_sequential_init_U                                      |                              system_mpcc_hls_0_0_mpcc_hls_flow_control_loop_pipe_sequential_init_23 |         36 |         36 |       0 |    0 |    2 |      0 |      0 |    0 |          0 |
|           grp_sin_or_cos_float_Pipeline_2_fu_276                                          |                                         system_mpcc_hls_0_0_mpcc_hls_sin_or_cos_float_Pipeline_2_10 |        106 |        106 |       0 |    0 |   66 |      0 |      0 |    0 |          0 |
|             (grp_sin_or_cos_float_Pipeline_2_fu_276)                                      |                                         system_mpcc_hls_0_0_mpcc_hls_sin_or_cos_float_Pipeline_2_10 |         85 |         85 |       0 |    0 |   64 |      0 |      0 |    0 |          0 |
|             flow_control_loop_pipe_sequential_init_U                                      |                              system_mpcc_hls_0_0_mpcc_hls_flow_control_loop_pipe_sequential_init_22 |         22 |         22 |       0 |    0 |    2 |      0 |      0 |    0 |          0 |
|           mul_23s_22ns_45_1_1_U16                                                         |                                                 system_mpcc_hls_0_0_mpcc_hls_mul_23s_22ns_45_1_1_11 |         48 |         48 |       0 |    0 |    0 |      0 |      0 |    0 |          2 |
|           mul_30s_29ns_58_1_1_U17                                                         |                                                 system_mpcc_hls_0_0_mpcc_hls_mul_30s_29ns_58_1_1_12 |         61 |         61 |       0 |    0 |    0 |      0 |      0 |    0 |          4 |
|           mul_80s_24ns_80_1_1_U12                                                         |                                                 system_mpcc_hls_0_0_mpcc_hls_mul_80s_24ns_80_1_1_13 |        205 |        205 |       0 |    0 |    0 |      0 |      0 |    0 |          5 |
|           mul_mul_15ns_15ns_30_4_1_U18                                                    |                                            system_mpcc_hls_0_0_mpcc_hls_mul_mul_15ns_15ns_30_4_1_14 |        230 |        230 |       0 |    0 |    0 |      0 |      0 |    0 |          1 |
|             mpcc_hls_mul_mul_15ns_15ns_30_4_1_DSP48_0_U                                   |                                    system_mpcc_hls_0_0_mpcc_hls_mul_mul_15ns_15ns_30_4_1_DSP48_0_21 |        230 |        230 |       0 |    0 |    0 |      0 |      0 |    0 |          1 |
|           mul_mul_15ns_15s_30_4_1_U19                                                     |                                             system_mpcc_hls_0_0_mpcc_hls_mul_mul_15ns_15s_30_4_1_15 |          0 |          0 |       0 |    0 |    0 |      0 |      0 |    0 |          1 |
|             mpcc_hls_mul_mul_15ns_15s_30_4_1_DSP48_1_U                                    |                                     system_mpcc_hls_0_0_mpcc_hls_mul_mul_15ns_15s_30_4_1_DSP48_1_20 |          0 |          0 |       0 |    0 |    0 |      0 |      0 |    0 |          1 |
|           ref_4oPi_table_100_V_U                                                          |            system_mpcc_hls_0_0_mpcc_hls_sin_or_cos_float_s_ref_4oPi_table_100_V_ROM_1P_LUTRAM_1R_16 |         61 |         61 |       0 |    0 |   93 |      0 |      0 |    0 |          0 |
|           second_order_float_sin_cos_K0_V_U                                               | system_mpcc_hls_0_0_mpcc_hls_sin_or_cos_float_s_second_order_float_sin_cos_K0_V_ROM_1P_LUTRAM_1R_17 |        108 |        108 |       0 |    0 |   29 |      0 |      0 |    0 |          0 |
|           second_order_float_sin_cos_K1_V_U                                               | system_mpcc_hls_0_0_mpcc_hls_sin_or_cos_float_s_second_order_float_sin_cos_K1_V_ROM_1P_LUTRAM_1R_18 |         95 |         95 |       0 |    0 |    6 |      0 |      0 |    0 |          0 |
|           second_order_float_sin_cos_K2_V_U                                               | system_mpcc_hls_0_0_mpcc_hls_sin_or_cos_float_s_second_order_float_sin_cos_K2_V_ROM_1P_LUTRAM_1R_19 |         53 |         53 |       0 |    0 |   14 |      0 |      0 |    0 |          0 |
|         grp_sin_or_cos_float_s_fu_310                                                     |                                                   system_mpcc_hls_0_0_mpcc_hls_sin_or_cos_float_s_7 |       1348 |       1348 |       0 |    0 |  572 |      0 |      0 |    0 |         13 |
|           (grp_sin_or_cos_float_s_fu_310)                                                 |                                                   system_mpcc_hls_0_0_mpcc_hls_sin_or_cos_float_s_7 |        328 |        328 |       0 |    0 |  350 |      0 |      0 |    0 |          0 |
|           grp_sin_or_cos_float_Pipeline_1_fu_268                                          |                                            system_mpcc_hls_0_0_mpcc_hls_sin_or_cos_float_Pipeline_1 |         69 |         69 |       0 |    0 |   14 |      0 |      0 |    0 |          0 |
|             (grp_sin_or_cos_float_Pipeline_1_fu_268)                                      |                                            system_mpcc_hls_0_0_mpcc_hls_sin_or_cos_float_Pipeline_1 |         33 |         33 |       0 |    0 |   12 |      0 |      0 |    0 |          0 |
|             flow_control_loop_pipe_sequential_init_U                                      |                               system_mpcc_hls_0_0_mpcc_hls_flow_control_loop_pipe_sequential_init_8 |         36 |         36 |       0 |    0 |    2 |      0 |      0 |    0 |          0 |
|           grp_sin_or_cos_float_Pipeline_2_fu_276                                          |                                            system_mpcc_hls_0_0_mpcc_hls_sin_or_cos_float_Pipeline_2 |        106 |        106 |       0 |    0 |   66 |      0 |      0 |    0 |          0 |
|             (grp_sin_or_cos_float_Pipeline_2_fu_276)                                      |                                            system_mpcc_hls_0_0_mpcc_hls_sin_or_cos_float_Pipeline_2 |         85 |         85 |       0 |    0 |   64 |      0 |      0 |    0 |          0 |
|             flow_control_loop_pipe_sequential_init_U                                      |                                 system_mpcc_hls_0_0_mpcc_hls_flow_control_loop_pipe_sequential_init |         22 |         22 |       0 |    0 |    2 |      0 |      0 |    0 |          0 |
|           mul_23s_22ns_45_1_1_U16                                                         |                                                    system_mpcc_hls_0_0_mpcc_hls_mul_23s_22ns_45_1_1 |         48 |         48 |       0 |    0 |    0 |      0 |      0 |    0 |          2 |
|           mul_30s_29ns_58_1_1_U17                                                         |                                                    system_mpcc_hls_0_0_mpcc_hls_mul_30s_29ns_58_1_1 |         61 |         61 |       0 |    0 |    0 |      0 |      0 |    0 |          4 |
|           mul_80s_24ns_80_1_1_U12                                                         |                                                    system_mpcc_hls_0_0_mpcc_hls_mul_80s_24ns_80_1_1 |        205 |        205 |       0 |    0 |    0 |      0 |      0 |    0 |          5 |
|           mul_mul_15ns_15ns_30_4_1_U18                                                    |                                               system_mpcc_hls_0_0_mpcc_hls_mul_mul_15ns_15ns_30_4_1 |        230 |        230 |       0 |    0 |    0 |      0 |      0 |    0 |          1 |
|             mpcc_hls_mul_mul_15ns_15ns_30_4_1_DSP48_0_U                                   |                                       system_mpcc_hls_0_0_mpcc_hls_mul_mul_15ns_15ns_30_4_1_DSP48_0 |        230 |        230 |       0 |    0 |    0 |      0 |      0 |    0 |          1 |
|           mul_mul_15ns_15s_30_4_1_U19                                                     |                                                system_mpcc_hls_0_0_mpcc_hls_mul_mul_15ns_15s_30_4_1 |          0 |          0 |       0 |    0 |    0 |      0 |      0 |    0 |          1 |
|             mpcc_hls_mul_mul_15ns_15s_30_4_1_DSP48_1_U                                    |                                        system_mpcc_hls_0_0_mpcc_hls_mul_mul_15ns_15s_30_4_1_DSP48_1 |          0 |          0 |       0 |    0 |    0 |      0 |      0 |    0 |          1 |
|           ref_4oPi_table_100_V_U                                                          |               system_mpcc_hls_0_0_mpcc_hls_sin_or_cos_float_s_ref_4oPi_table_100_V_ROM_1P_LUTRAM_1R |         57 |         57 |       0 |    0 |   93 |      0 |      0 |    0 |          0 |
|           second_order_float_sin_cos_K0_V_U                                               |    system_mpcc_hls_0_0_mpcc_hls_sin_or_cos_float_s_second_order_float_sin_cos_K0_V_ROM_1P_LUTRAM_1R |        108 |        108 |       0 |    0 |   29 |      0 |      0 |    0 |          0 |
|           second_order_float_sin_cos_K1_V_U                                               |    system_mpcc_hls_0_0_mpcc_hls_sin_or_cos_float_s_second_order_float_sin_cos_K1_V_ROM_1P_LUTRAM_1R |         95 |         95 |       0 |    0 |    6 |      0 |      0 |    0 |          0 |
|           second_order_float_sin_cos_K2_V_U                                               |    system_mpcc_hls_0_0_mpcc_hls_sin_or_cos_float_s_second_order_float_sin_cos_K2_V_ROM_1P_LUTRAM_1R |         52 |         52 |       0 |    0 |   14 |      0 |      0 |    0 |          0 |
|     rst_ps8_0_100M                                                                        |                                                                             system_rst_ps8_0_100M_0 |         15 |         14 |       0 |    1 |   33 |      0 |      0 |    0 |          0 |
|       U0                                                                                  |                                                              system_rst_ps8_0_100M_0_proc_sys_reset |         15 |         14 |       0 |    1 |   33 |      0 |      0 |    0 |          0 |
|         (U0)                                                                              |                                                              system_rst_ps8_0_100M_0_proc_sys_reset |          0 |          0 |       0 |    0 |    1 |      0 |      0 |    0 |          0 |
|         EXT_LPF                                                                           |                                                                         system_rst_ps8_0_100M_0_lpf |          5 |          4 |       0 |    1 |   17 |      0 |      0 |    0 |          0 |
|           (EXT_LPF)                                                                       |                                                                         system_rst_ps8_0_100M_0_lpf |          2 |          1 |       0 |    1 |    9 |      0 |      0 |    0 |          0 |
|           ACTIVE_LOW_AUX.ACT_LO_AUX                                                       |                                                                    system_rst_ps8_0_100M_0_cdc_sync |          1 |          1 |       0 |    0 |    4 |      0 |      0 |    0 |          0 |
|           ACTIVE_LOW_EXT.ACT_LO_EXT                                                       |                                                                  system_rst_ps8_0_100M_0_cdc_sync_0 |          2 |          2 |       0 |    0 |    4 |      0 |      0 |    0 |          0 |
|         SEQ                                                                               |                                                                system_rst_ps8_0_100M_0_sequence_psr |         10 |         10 |       0 |    0 |   15 |      0 |      0 |    0 |          0 |
|           (SEQ)                                                                           |                                                                system_rst_ps8_0_100M_0_sequence_psr |          6 |          6 |       0 |    0 |    9 |      0 |      0 |    0 |          0 |
|           SEQ_COUNTER                                                                     |                                                                     system_rst_ps8_0_100M_0_upcnt_n |          4 |          4 |       0 |    0 |    6 |      0 |      0 |    0 |          0 |
|     zynq_ultra_ps_e_0                                                                     |                                                                          system_zynq_ultra_ps_e_0_0 |          0 |          0 |       0 |    0 |    0 |      0 |      0 |    0 |          0 |
|       inst                                                                                |                                   system_zynq_ultra_ps_e_0_0_zynq_ultra_ps_e_v3_4_1_zynq_ultra_ps_e |          0 |          0 |       0 |    0 |    0 |      0 |      0 |    0 |          0 |
+-------------------------------------------------------------------------------------------+-----------------------------------------------------------------------------------------------------+------------+------------+---------+------+------+--------+--------+------+------------+
* Note: The sum of lower-level cells may be larger than their parent cells total, due to cross-hierarchy LUT combining


