0.079613149 331.66107 0.00024004368 -0.0024122931 29.441833 43.41695 -43.472145 -0.055196952 0.00042471508 0.057259057 41.559784 0.99888116 0.1445971 -5.804393e-05 0.0077277813 400.0473 22.124498 0.047313254 46.542992 43.510681 49.693924 0 0.51775777 0.046804748 0 0 0 0 0 0 0 6890.231 0 0 0 0 0 0 0 0 0 0 0
0.062736988 331.15936 0.00018944652 0.024651432 29.528553 43.621349 -43.65004 -0.02869107 0.0004322966 0.056086224 41.68475 0.99891841 0.14125885 0.00059137773 0.0087980824 400.00656 22.085819 0.0065541714 46.543159 43.517437 49.69923 0 0.51773846 0.045844156 345 20 0.86281312 0 20 0 0 6900.4604 6900 0.9999333 0.00037939538 -0.1308914 0.034094203 -0.0039456631 -0.012195275 0.036328588 0 0 0.0010483072
-0.030104093 330.85654 -9.098836e-05 -0.0086118793 29.579531 43.547749 -43.731144 -0.18339732 0.00070369442 0.055763759 41.757469 0.99896652 0.14037222 -0.00020623568 0.0083939172 400.01254 22.056791 0.012543474 46.601421 43.581192 49.755165 0 0.51815212 0.045875702 345 20 0.86279935 0 20 0 0 6906.0835 6900 0.9991191 0.00037844726 -0.1305643 0.013271425 -0.02184709 0.0064713089 -0.0074475901 0 0 -0.00026395271
-0.032442644 330.55121 -9.8147102e-05 0.024220631 29.630968 43.694496 -43.78302 -0.088523552 0.00078424381 0.056198198 41.829002 0.99891752 0.14286813 0.00057903916 0.0084603634 399.99466 22.157642 -0.0053410833 46.78006 43.745724 49.947968 0 0.51908851 0.046448529 345 20 0.8628394 0 20 0 0 6911.5732 6900 0.99832553 0.00038013086 -0.13114515 0.060193595 0.063657902 0.041213758 0.045024406 0 0 -0.0014924544
-0.15392587 330.71741 -0.00046543017 -0.020124037 29.580496 43.585991 -43.732666 -0.14667368 0.0010911861 0.056675248 41.756363 0.99894792 0.143435 -0.00048193941 0.0080555445 400.01654 22.069487 0.016534651 46.743313 43.717625 49.903255 0 0.51970774 0.047191806 345 20 0.86279041 0 20 0 0 6903.1704 6900 0.99954075 0.00037804799 -0.13042656 0.0042400649 -0.016505186 0.0035689198 -0.008914669 0 0 4.5199968e-06
0.096924804 331.58374 0.00029230869 0.02753767 14.680265 22.057896 -22.077301 -0.019405842 0.00091814861 0.076032706 20.692856 0.99793065 0.2406203 0.0013307815 0.019560721 399.98004 11.501174 -0.019950096 25.166897 23.586567 26.805876 0 0.51342583 0.041689362 350 10 0.87513149 1 10 0 0 3429.7456 3500 1.0204839 0.00010037903 -0.035132661 0.077666514 0.1146065 0.054882661 0.054012045 0 0 -0.0029432101
0.36917478 332.18127 0.0011113654 0.00018363999 0.0026340429 0.037141223 -0.00042331824 0.036717903 0.36754352 0.41670528 0.00040206811 -0.0340891 26847.402 0.18363999 1.2481338 424.96356 0.069553353 24.96357 -100 -100 -100 1 0.0022374559 -0.50015777 353.13702 0 0.81117845 1 0 0 0 0.02036063 0 0 -0.023831381 8.4157429 -0.069920719 0 -0.013131534 0.0011929071 0 0 0
-0.047284983 330.89328 -0.00014290102 -0.86040509 6.3952098 8.1357393 -11.059329 -2.9235892 0.15057199 0.072154015 8.826829 0.99499071 0.46194348 -0.097476125 -0.0072906287 406.56744 36.155098 6.5674367 12.959094 9.722827 17.94095 0 0.51894438 0.040215001 350 10.000021 0.86149257 1 10.000024 8.3334278e-05 0.00016666856 1460.7334 3500.0076 2.3960619 0.0007280609 -0.25482133 -6.6641183 -24.641571 -16.423323 -5.9204841 -0.034022789 -0.068045579 1.7009037
-0.12659083 330.88788 -0.00038257925 0.17711313 14.621573 22.352495 -21.454363 0.89813185 0.012158015 0.075217299 20.607471 0.99781245 0.2467477 0.0085946079 0.022188395 400.88718 11.654772 0.88716263 25.290758 23.184349 27.321707 0 0.51719761 0.043174908 350 10 0.87314898 1 10 0 0 3408.2017 3500 1.0269345 9.7745331e-05 -0.034210864 1.8767654 -0.75394487 -0.66464072 0.22031057 0 0 0.044215169
-0.0019886955 331.64813 -5.9964023e-06 0.017250793 29.490555 42.587887 -42.495422 0.092463113 0.0012519126 0.028709881 41.683861 0.99946493 0.14105907 0.00041384826 0.0071700546 400.12311 21.584053 0.12310515 46.683884 43.625164 49.796059 0 0.50787085 0.037078101 345 20 0.86254567 0 20 0 0 6911.2046 6900 0.99837881 0.00036070295 -0.12444251 0.31357473 -0.06488695 -0.05015628 0.038165115 0 0 0.0021676593
-20.35532 331.11053 -0.06147591 4.6457949 30.086382 49.032719 -37.130985 11.901735 0.035330005 0.030281415 41.978542 0.99892455 0.19453451 0.11067072 0.00068574992 399.17758 29.819147 -0.8224209 46.655804 43.208866 51.383335 0 0.51096851 0.041253269 345 20 0.8646794 0 20 0 0 6854.5479 6900 1.0066309 0.00046559426 -0.16063002 -1.9665922 0.81370473 0.93944341 -0.28276739 0 0 -0.035672195
-20.451008 330.84216 -0.061815001 5.3993468 18.790483 33.323914 -17.542908 15.781007 0.13970199 0.041955095 25.137558 0.99738461 0.27239716 0.21479203 0.047892805 394.56082 21.448051 9.7458668 30.443964 25.680557 37.758495 0 0.48939741 0.026651276 342.49948 14.998986 0.86829323 0 15 0.0068401028 0.013680206 4043.3975 5137.145 1.2705022 0.00027734041 -0.094988957 4.2725105 -17.442696 -12.197931 -1.1607152 -1.7977512 -3.5955024 0.34443504
-0.086484186 330.74844 -0.00026148025 0.089049608 21.997545 32.054264 -31.646296 0.40796804 0.0048456416 0.033032827 31.086975 0.99948406 0.16929622 0.0028645312 0.010031978 385.07541 17.271116 0.26046535 35.748066 33.126797 38.349911 0 0.49676561 0.044693664 342.5 15 0.88964927 0 15 0 0 5140.4316 5137.5 0.9994297 0.00023963048 -0.082073443 0.94847167 0.21902089 0.093682051 0.22298232 0 0 -0.0048294584
-0.19815136 330.99808 -0.0005986481 0.00060329417 21.848379 31.647076 -31.623415 0.023661977 0.0010264006 0.033131115 30.876337 0.99951655 0.17204195 1.9539048e-05 0.012691167 384.81934 16.769239 0.0043977285 35.559219 33.247982 37.940105 0 0.48728618 0.035761274 342.5 15 0.89023679 0 15 0 0 5109.313 5137.5 1.0055168 0.00023460307 -0.080351546 0.062676832 0.065787137 0.041738696 0.022839408 0 0 -0.0022328282
0.092450015 331.34424 0.00027901499 0.018161058 29.510641 42.5042 -42.536873 -0.032673173 6.9844224e-05 0.028509812 41.712627 0.99947804 0.13862705 0.00043538513 0.0062926537 399.96805 21.641254 -0.03196352 46.597454 43.596146 49.657413 0 0.51197642 0.040801898 345 20 0.86287993 0 20 0 0 6909.7642 6900 0.99858689 0.00036058942 -0.12440334 0.056668315 0.12207679 0.065552197 0.029547792 0 0 -0.0012756075
0.012536326 331.25818 3.784458e-05 0.00511671 0.17335416 1.3919814 -1.5649364 -0.17295502 0.16912657 0.98372149 0.060878463 -0.022456832 47.092957 0.084047951 1.4748417 404.97195 0.042763937 4.971952 -10.738271 -14.688403 -6.7785363 1 0.056825649 -0.42245558 335 1.8863926 0.98000002 0 20 0 0.51884824 0.91453624 631.94153 12.63883 0.18469407 -61.872513 -0.74703807 -8.163373 -3.0327175 -0.82753301 -1.5162545 -2.2525778 9.130065
-0.029169956 331.08264 -8.810476e-05 -0.0011072021 0.0171248 0.019916181 -0.24134149 -0.22142531 0.83890414 0.99141592 0.0026391163 -0.011094009 2976.1536 -0.41953519 1.4587557 404.53226 0.055545222 4.5322471 -71.491631 -75.086044 -67.884598 1 0.0041647009 -0.47470221 335 1.8265352 0.98000002 0 20 0 0.76535827 0.0463611 611.88928 12.237786 0.18340777 -61.441601 -0.055575155 -7.2823453 -0.040787481 0.0029534998 0 0.9713788 6.5082378
-0.10309323 330.86594 -0.0003115861 -1.0497658 11.811361 15.112275 -19.346825 -4.23455 0.070114054 0.054286167 16.559328 0.99869502 0.30207515 -0.063394226 0.012081163 399.30356 19.594633 -0.69644862 20.989134 18.952433 23.965818 0 0.50899881 0.037764061 340 10 0.85159868 0 10 0 0 2739.3022 3400 1.241192 0.00013639512 -0.04637434 -7.7367277 -5.8504 -3.5751383 -3.0742085 0 0 0.27509251
-0.1511049 331.19424 -0.0004562425 -0.029629085 14.121441 20.583954 -20.531363 0.052591331 0.0013839225 0.03984943 19.949995 0.99933684 0.24278168 -0.0014851675 0.018634215 400.0098 10.692515 0.0098003447 24.40296 22.906996 25.934256 0 0.51400447 0.041654166 340 10 0.8500523 0 10 0 0 3303.0376 3400 1.0293555 8.6028092e-05 -0.029249551 -0.20752101 -0.20882727 -0.10295025 -0.072635435 0 0 0.0074517862
-0.11947884 331.53476 -0.00036038103 2.7688377 7.237936 21.635935 -20.001062 1.6348715 0.78054601 0.35228738 6.4780049 0.69200432 0.81936735 0.42742136 0.11175714 429.03979 15.825586 29.03978 4.1990428 -15.330053 28.063698 0.44999999 0.22798412 -0.27903441 337.49829 4.996582 0.78670669 0 5 0.022867819 0.045735639 1067.3513 1686.3379 1.5799277 8.9415989e-05 -0.030177742 25.941093 -35.802197 -21.414917 1.6703317 -5.454905 -10.90981 0.75384861
0.033587005 331.12698 0.00010143239 0.03537263 8.5441647 16.313267 -17.912153 -1.598887 0.066900626 0.064999267 11.150038 0.92237735 0.39370829 0.0031724223 0.032207273 397.95428 7.9243956 -2.0457175 9.9645338 7.4271808 11.719411 0 0.19980483 -0.27036932 337.5 5 0.84811676 0 5 0 0 1844.0977 1687.5 0.91508174 3.4663884e-05 -0.011699061 -3.1952486 2.7873695 1.9567945 0.35549033 0 0 -0.30608818
0.063449048 330.73444 0.00019184289 0.024650356 7.9286971 16.61994 -16.981045 -0.36110541 0.029337415 0.075068086 10.360228 0.92583972 0.38568494 0.0023793257 0.060754605 399.97501 5.5495558 -0.02500207 9.3442354 8.5846043 10.151192 0 0.2221171 -0.25120229 337.5 5 0.84381992 0 5 0 0 1708.8751 1687.5 0.98749173 2.0335161e-05 -0.0068631172 -0.12574711 -0.03262366 0.16794863 0.32953271 0 0 -0.021903243
-0.14683107 331.00266 -0.00044359485 0.077529311 7.9571366 16.603773 -16.394772 0.20900178 0.02989948 0.057588574 10.575974 0.94133526 0.34860006 0.0073307012 0.039236087 399.95999 5.5668826 -0.040005229 9.4458666 8.6800356 10.252269 0 0.20667709 -0.26619086 337.5 5 0.84385371 0 5 0 0 1747.4884 1687.5 0.96567166 2.2871327e-05 -0.007719073 -0.013481789 0.099009976 0.15602018 0.18314144 0 0 -0.026936995
-0.044666409 331.81293 -0.00013461322 0.0055797277 29.46452 42.454147 -42.705399 -0.25125164 0.00061026146 0.029385215 41.646286 0.99948782 0.14179355 0.000133979 0.0085597476 399.97345 21.540203 -0.026548242 46.664108 43.663052 49.726185 0 0.5127489 0.04224636 345 20 0.86287075 0 20 0 0 6908.3784 6900 0.99878722 0.00036345972 -0.1253936 0.026925806 0.07482975 0.035618458 0.028360756 0 0 0
-0.18152621 331.45361 -0.00054766703 0.013192022 24.356989 34.759132 -34.976269 -0.21713863 0.033662461 0.014100725 34.399883 0.99909753 0.17693529 0.00038349032 0.013337018 405.93414 30.621387 5.9341464 40.137104 35.984993 43.430115 0 0.52179992 0.044069041 345 20 0.85023695 0 20 0 0 5700.7905 6900 1.2103584 0.0004064104 -0.14021158 7.033916 -6.4517937 -5.6753421 1.0717546 0 0 0.21826532
0.0008852972 330.7981 2.6762464e-06 0.017159132 29.41379 42.542831 -42.503948 0.038882516 0.0015659813 0.028101765 41.576237 0.99951917 0.13891332 0.00041271487 0.0062470399 400.25439 21.532406 0.25439802 46.50201 43.483994 49.600975 0 0.51831633 0.045745023 345 20 0.86225706 0 20 0 0 6876.0151 6900 1.0034882 0.00035414597 -0.12218037 0.39380839 -0.42613763 -0.36736119 -0.026659815 0 0 0.012562489
-0.018654887 330.51056 -5.6442637e-05 0.0042136647 29.541481 42.625504 -42.5397 0.085800886 0.00089877838 0.028595565 41.755955 0.99949449 0.14008994 0.0001009117 0.0061429185 400.01837 21.495525 0.018378926 46.723934 43.743031 49.768578 0 0.51924229 0.046606392 345 20 0.86277115 0 20 0 0 6899.8096 6900 1.0000275 0.00036033831 -0.12431671 0.014507226 -0.051209342 -0.047854468 -0.010390063 0 0 0.0017661694
-0.10637225 330.78958 -0.00032157075 -0.0093786884 29.519365 42.571651 -42.598663 -0.027014969 0.00036978899 0.028920995 41.724144 0.99952346 0.14140035 -0.00022477843 0.0057269391 400.01813 21.481401 0.018134331 46.757515 43.777031 49.805027 0 0.51414299 0.042133559 345 20 0.86277193 0 20 0 0 6900.2617 6900 0.99996203 0.0003606196 -0.12441377 0.032115817 -0.027798455 -0.044248924 0.00019467813 0 0 0.0013321046
-0.027870908 331.35046 -8.411309e-05 0.0008108053 29.711843 44.505871 -44.506912 -0.0010410716 0.00051236525 0.096884705 41.715 0.99469537 0.21417199 1.943678e-05 0.030340442 399.99661 22.943811 -0.0033974678 48.969059 45.829678 52.248451 0 0.41874844 -0.052939054 345 20 0.86285943 0 20 0 0 6905.3574 6900 0.99922419 0.00040822275 -0.14083685 0.011798143 -0.0014223066 -0.0031014406 -0.0032467805 0 0 -3.68152e-05
0.079511568 331.29285 0.00024000388 0.28942895 14.015891 52.805061 -69.595284 -16.79022 0.26894316 1.9258146 5.2327676 -0.19263695 2.0833571 0.055310875 -0.65620649 412.65823 6.0366707 12.658218 -38.376118 -47.695305 -27.706978 1 0.32932472 -0.16055045 336.04388 2.0877502 0.98000002 0 20 2.9209547 5.8419094 692.68237 703.2641 1.0152764 0.20342933 -68.361176 0.57437652 -20.124151 8.6682587 -0.003231019 0.69782412 1.3956482 -0.15577303
-0.034613695 331.24036 -0.00010449721 0.016213132 46.330669 137.97379 -136.60544 1.3683367 0.019117653 1.5580834 24.874828 -0.32713324 1.5256327 0.00065178872 -0.53292859 416.74286 17.4965 16.742859 -100 -100 -100 1 0.34657112 -0.14548986 339.84677 9.6935225 0.98000002 0 20 8.7563438 17.512688 3549.1406 3307.6016 0.93194431 0.20174164 -68.561241 0.10607252 0 0.39222428 -0.0064531243 0.11393005 0.22786011 0.0047626202
-0.033067293 330.44519 -0.00010006892 -1.1320109 30.520706 42.944656 -47.662254 -4.717598 0.034401137 0.082130425 42.893986 0.99738497 0.15868306 -0.026390903 0.028089525 393.23035 27.343935 -6.7696662 47.529327 38.673439 54.278999 0 0.44997546 -0.014205131 345 20 0.87776232 0 20 0 0 7082.4233 6900 0.97424281 0.00047177737 -0.16276319 -8.7446566 7.7683568 3.4128733 -1.5963478 -3.9216275e-10 -7.8441786e-10 -0.11770295
-0.10044447 330.95041 -0.00030350307 -0.037064955 29.652153 44.307774 -44.539078 -0.23130375 0.00060482026 0.097467311 41.627037 0.99457294 0.21534953 -0.00089040585 0.029702839 399.99423 22.939371 -0.0057698004 48.894711 45.758957 52.206532 0 0.41907761 -0.052958969 345 20 0.86286271 0 20 0 0 6882.6543 6900 1.0025202 0.00040607306 -0.1400952 -0.27567965 -0.22005387 -0.11633661 -0.097661503 0 0 0.0037454516
0.092450015 331.34424 0.00027901499 0.018161058 29.510641 42.5042 -42.536873 -0.032673173 6.9844224e-05 0.028509812 41.712627 0.99947804 0.13862705 0.00043538513 0.0062926537 399.96805 21.641254 -0.03196352 46.597454 43.596146 49.657413 0 0.51197642 0.040801898 345 20 0.86287993 0 20 0 0 6909.7642 6900 0.99858689 0.00036058942 -0.12440334 0.056668315 0.12207679 0.065552197 0.029547792 0 0 -0.0012756075
0.086531468 331.03485 0.00026139684 -0.079996727 21.404779 30.963886 -31.683828 -0.71994174 0.03142364 0.043931603 30.196474 0.99859482 0.17295413 -0.0026492076 0.013486797 385.2843 28.433105 -3.2968566 34.278595 29.402063 37.47419 0 0.49484131 0.041679814 342.34006 14.680624 0.88879222 1 14.681843 24.689285 20.368925 4997.2241 4983.7676 0.99730718 0.00028509935 -0.097600929 -8.5111742 1.2981303 1.7671328 -1.5985452 -0.0014230659 -0.0026126616 -0.096004345
-0.030193528 330.67749 -9.130808e-05 0.18919034 29.087675 42.260891 -41.357727 0.9031629 0.0084082009 0.027136141 41.113602 0.99951297 0.14059407 0.0046016481 0.0081227953 389.96591 22.346046 1.3847603 46.150188 42.764587 49.670731 0 0.50466627 0.046124015 345 20 0.88502812 0 20 0 0 6796.9346 6900 1.0151635 0.00037912477 -0.13079804 2.4369662 -1.9491881 -1.689028 0.010553365 0 0 0.055395078
-0.10543468 330.6554 -0.00031886576 -0.001049517 29.571344 42.647808 -42.640007 0.0077986 0.00044848665 0.029328123 41.797573 0.99952716 0.13716257 -2.5109517e-05 0.0073161488 388.62964 22.133183 0.048484389 46.638901 43.581207 49.789371 0 0.49888933 0.041976951 345 20 0.88809311 0 20 0 0 6909.4922 6900 0.99862617 0.00040378424 -0.13930556 0.080382332 -0.071965322 -0.056088056 -0.0049923663 0 0 0.0015967163
0.006194321 331.62466 1.8678711e-05 0.015871409 29.708374 44.520035 -44.508446 0.011591418 0.00053696777 0.097051471 41.708084 0.99463457 0.21455447 0.00038053555 0.030789293 400.01407 22.992655 0.01406477 48.969017 45.823742 52.267414 0 0.4192296 -0.05185562 345 20 0.86282218 0 20 0 0 6909.4653 6900 0.99863011 0.00040873804 -0.14101462 0.079543538 0.018376246 0.0036587245 0.025024829 0 0 0.00024567914
-10.137014 321.2995 -0.031550046 -0.0040171398 29.749126 44.487186 -44.628422 -0.14123511 0.0035455187 0.09622176 41.76955 0.99471051 0.21381086 -9.6173884e-05 0.03822514 399.95758 22.964554 -0.042407513 49.014622 45.858635 52.319187 0 0.41877961 -0.06947203 345 20 0.86294401 0 20 0 0 6707.5371 6900 1.0286936 0.000408689 -0.14099771 -0.055706039 0.022222295 0.022309963 -0.010434682 0 0 0.029651741
-0.025106832 330.7825 -7.5901335e-05 2.479008 25.953043 43.545235 -34.120869 9.424366 0.074887864 0.1057939 36.109367 0.99318492 0.24422589 0.068652764 0.041611705 406.46539 31.308943 6.4653955 44.319447 33.599293 52.211971 0 0.41949815 -0.061872393 343.08218 16.164396 0.84406817 0 16.174999 2.6759405 5.351881 5965.2812 5548.0034 0.93004888 6.7314845e-06 -0.0023094525 6.4721098 -4.7443318 -3.8142197 2.4760172 -1.917802 -3.835604 -0.069274575
-0.10549094 330.73047 -0.00031896346 -0.021984685 22.185017 33.454983 -33.702858 -0.2478738 0.0018233202 0.11490948 31.054768 0.99206799 0.25986463 -0.00070793269 0.029207228 399.69989 17.957596 -0.30012152 37.700016 35.069397 40.307083 0 0.40178254 -0.070683464 342.5 15 0.85709822 0 15 0 0 5131.5303 5137.5 1.0011632 0.0002395788 -0.08205574 -0.30333027 0.57862055 0.40775642 0.054997809 0 0 -0.019608332
-0.19684444 330.95743 -0.00059477269 -0.0085595995 22.011887 33.278877 -33.274853 0.0040252362 0.00036486157 0.11516004 30.811897 0.99205083 0.2615065 -0.00027780177 0.030269295 399.99463 17.319738 -0.0053660627 37.488388 35.113586 39.982449 0 0.39988446 -0.072789773 342.5 15 0.85646033 0 15 0 0 5094.3428 5137.5 1.0084716 0.00023220934 -0.079531699 -0.035668205 -0.0093579656 0.00036746432 -0.0067518218 0 0 -0.00026883566
-0.023560438 331.64499 -7.104114e-05 0.0020299247 14.614019 21.319469 -21.309608 0.0098618409 0.0010828053 0.03903763 20.646652 0.9993853 0.23583102 9.8317374e-05 0.018728577 399.98547 10.970053 -0.014524214 25.114077 23.58218 26.67613 0 0.50395393 0.032616336 350 10 0.87511396 1 10 0 0 3422.9329 3500 1.0225149 9.3901785e-05 -0.032865625 -0.049725801 0.0029077467 0.013448239 0.011210629 0 0 -0.0007994136
-0.17373836 331.39661 -0.00052426115 -1.1305352 2.5915475 0.50507921 -18.10976 -17.604681 0.25306845 0.40251011 1.7016386 0.0021105132 1.9401016 -0.66438031 0.30274057 386.2626 8.6934299 -13.73739 -3.7065046 -14.89732 8.8119898 0.64499998 0.17238931 -0.28035101 349.99994 1.9362326 0.89571822 1 1.9350585 0.00036586702 0.00073173404 270.18124 677.68127 2.5082467 -0.011478499 4.0174737 -12.217388 15.815102 2.5747087 -1.130879 -7.3236071e-05 -0.00014647214 -11.046407
0.011755307 330.86023 3.5529523e-05 2.292377 21.475588 35.848728 -27.502028 8.3466997 0.079252712 0.059285928 30.028769 0.99852961 0.18944566 0.076339364 0.019886889 401.32397 38.126785 1.3239632 35.683277 25.339945 42.166786 0 0.52006382 0.044102497 349.99997 9.999959 0.87288934 1 9.9999542 0.00016132608 0.00032265217 4966.3452 3499.9854 0.70474064 0.00088978751 -0.31142563 19.950642 15.342998 6.6588249 7.1765966 0.067754261 0.13550852 -0.41857591
-0.15621638 330.99692 -0.0004719572 -0.083600976 14.8912 21.434515 -21.809275 -0.3747614 0.010576542 0.036550369 21.038826 0.99948543 0.24061225 -0.0039736521 0.013734988 399.16321 12.045748 -0.83680248 25.613487 23.366817 27.538971 0 0.51480556 0.043371301 350 10 0.87692249 1 10 0 0 3481.4639 3500 1.0053242 0.00010051014 -0.03517855 -1.25647 1.1829648 0.86521024 -0.004754601 0 0 -0.062598541
0.071087256 331.61154 0.00021436907 0.022246506 15.460978 25.304869 -27.16568 -1.8608117 0.010912586 0.028304767 21.406366 0.97924048 0.2058468 0.0010392471 0.028824365 400.02252 11.282262 0.022529082 20.276257 18.709358 21.889589 0 0.39703485 -0.075074703 350 10 0.87503791 1 10 0 0 3545.5085 3500 0.9871645 9.9635909e-05 -0.034872569 -0.064314246 -0.18162653 0.10679547 0.035780143 0 0 -0.0067890892
0.088225834 331.17404 0.00026640322 2.0024805 14.500705 27.526823 -23.391012 4.1358109 0.061936609 0.1827109 19.094135 0.94606084 0.31721967 0.10487411 -0.0076568141 404.06931 31.888258 4.0693183 18.590462 7.2265897 21.931591 0 0.49185544 0.012340697 350 10 0.86659074 1 10 0 0 3161.4568 3500 1.1070845 0.00046495165 -0.16273308 4.0210238 -1.950225 -1.1187819 2.1492445 0 0 0.13031748
-0.058413696 330.935 -0.00017651108 -1.4567952 20.355556 17.165401 -39.868511 -22.70311 0.3033689 0.053734772 27.086752 0.97584301 0.32920411 -0.053782575 0.069584504 376.62735 43.77853 -12.962978 20.336597 7.4565263 34.304585 0 0.40676874 -0.032643214 349.99554 9.9911156 0.93049294 1 10.144289 0.72573507 1.4514701 4467.1343 3496.877 0.78280097 0.0012957873 -0.45351979 -14.513883 12.495698 6.3759551 -6.5597658 -0.0044422308 -0.0088844616 -0.45552921
-0.04629923 330.61124 -0.0001400413 -0.16822042 15.500793 27.219166 -28.069859 -0.85069317 0.018447809 0.061941613 21.452667 0.97953129 0.20860004 -0.0078414679 0.034924913 389.21997 12.408075 -0.37035164 19.840971 17.970549 21.806421 0 0.43193454 -0.026913535 350 10 0.89932805 1 10 0 0 3542.634 3500 0.98796546 0.00010415105 -0.036452867 -1.7031518 -0.53937089 0.53986895 -0.61040163 0 0 -0.036306903
0.025146715 331.66959 7.5818578e-05 -0.0071237991 29.633747 44.341297 -44.482121 -0.1408217 0.00022775952 0.097348839 41.60252 0 0 -0.0001712348 0.030084135 400.02795 22.971882 0.027939776 0 0 0 0 0 0 0 0 0 0 0 0 0 6892.8921 0 0 0 0 0 0 0 0 0 0 0
0.071288615 331.12317 0.00021529336 0.0060630403 29.72101 44.480724 -44.507183 -0.026459144 0.00044349051 0.096890539 41.728798 0.99471796 0.21412441 0.00014529632 0.029998338 399.99164 22.941635 -0.0083549321 48.987789 45.843884 52.270271 0 0.41854268 -0.053515472 345 20 0.86287081 0 20 0 0 6902.7944 6900 0.99959517 0.0004090282 -0.14111473 0.0021069034 0.00050018338 -0.0032278849 0.0027588992 0 0 0.00070851418
-0.050431609 330.91568 -0.00015240017 1.2474252 33.013298 51.266731 -46.840992 4.4257417 0.026051603 0.08271379 46.405155 0.99679071 0.17114773 0.026881177 0.038330261 379.08316 37.344063 0.12391341 52.987358 45.772762 58.732689 0 0.4182595 -0.02556435 345.00107 20.002159 0.91087312 0 20 0.014677575 0.02935515 7669.4287 6900.7666 0.8997758 0.00085672573 -0.2955713 20.877457 13.321912 5.8278012 5.7049246 1.4170368 2.8340735 -0.0672784
-0.035544787 330.52435 -0.0001075406 0.0093980357 29.949074 44.803074 -44.79916 0.0039120642 0.00039126939 0.094937682 42.061913 0.99507493 0.20472105 0.0002234334 0.032260988 378.81644 24.617491 -0.14281313 48.965843 45.539799 52.464622 0 0.39618549 -0.047080275 345 20 0.91119653 0 20 0 0 6945.0459 6900 0.99351394 0.00051075505 -0.17621049 -0.058682472 0.36364648 0.24535194 0.07094644 0 0 -0.0084937988
-0.12625407 330.62869 -0.00038186056 -0.014147411 29.819918 44.665771 -44.586437 0.079336539 0.00036249473 0.095319301 41.878693 0.99506372 0.2054601 -0.00033781887 0.031408679 378.94345 24.15192 -0.01580021 48.799847 45.491081 52.263096 0 0.39636722 -0.047107294 345 20 0.91088414 0 20 0 0 6917.5605 6900 0.99746144 0.00050314941 -0.17358655 -0.035290007 0.01910565 0.015436686 -0.0052685356 0 0 -0.00017323537
0.097393669 331.59644 0.00029371146 0.021795731 14.641952 21.257521 -21.404526 -0.14700484 0.00095993665 0.039732333 20.685526 0.9993791 0.23647079 0.0010536707 0.016971309 399.98639 11.100423 -0.013607564 25.175846 23.63809 26.743109 0 0.51328027 0.041636433 350 10 0.87511194 1 10 0 0 3429.0881 3500 1.0206795 9.3933792e-05 -0.032876827 0.081725463 0.10059846 0.046180774 0.047716439 0 0 -0.002270675
0.0029867587 331.23456 9.0170506e-06 1.1586903 13.930308 22.591782 -17.777746 4.8140364 0.081149995 0.044438992 19.526194 0.99935567 0.23269993 0.059340309 0.026796976 377.17361 12.847807 6.1555037 24.407417 19.398451 28.958544 0 0.48166344 0.041588847 350.00153 10.003051 0.92805356 1 10.003411 0.011990539 0.023981078 3232.7625 3501.0833 1.0830005 0.00010229406 -0.03580308 11.569238 -6.3724341 -4.9688268 1.3257512 -0.050624531 -0.10124906 0.28179559
-0.012832272 330.65192 -3.8809005e-05 0.040867236 29.566641 43.738712 -43.637829 0.100885 0.00086008944 0.030273583 41.781464 0.99919713 0.13609621 0.00097811874 0.0068702539 370.91562 23.950541 -0.10249381 46.485569 43.139404 49.886726 0 0.47784317 0.046629347 336.08096 19.374763 0.95669985 0 20 1.7714926 3.5429852 6906.7212 6512.1221 0.94286734 0.055861391 -18.773951 -0.061028697 0.18938389 0.17322654 0.068545088 -0.96198487 0.012468311 -0.0079790466
-0.20559582 330.79758 -0.0006215155 4.0248423 24.543608 42.345139 -26.993372 15.351765 0.13671945 0.054307044 33.796078 0.99932724 0.15147614 0.11909199 0.025837284 381.1022 41.028851 10.084085 39.747101 22.850452 49.828247 0 0.49140015 0.044400133 346.11484 13.393535 0.92254978 0.69999999 13.417121 19.106501 10.028288 5588.0713 4612.0967 0.82534677 0.01580661 -5.4709024 10.022258 -6.7437344 -5.0740609 4.0773778 10.007273 -6.0344415 -0.11882751
-0.14282335 331.16559 -0.00043127476 -0.056328166 15.191495 22.19022 -22.292576 -0.10235687 0.0065177782 0.042931445 21.459339 0.99943781 0.21619239 -0.0026248789 0.025674393 370.22101 13.980441 -0.79710263 25.604843 23.241041 27.578972 0 0.47259283 0.042482782 350 10 0.94551837 1 10 0 0 3552.022 3500 0.98535424 0.00014508341 -0.050779194 -0.73609775 1.7068839 1.1727455 0.20852391 0 0 -0.08251024
-0.045452841 331.81171 -0.00013698384 -0.020914322 29.54071 42.573402 -42.907124 -0.33372179 0.00087908894 0.02929309 41.754128 0.99948323 0.14136282 -0.00050089235 0.0083553521 399.80954 21.86437 -0.19046958 46.748768 43.600895 49.879997 0 0.51259941 0.042319208 345 20 0.8632279 0 20 0 0 6926.2427 6900 0.99621111 0.0003673569 -0.12673813 -0.19067773 0.34359112 0.23654954 0.02638006 0 0 0
12.515361 331.27325 0.03777957 -1.990441 29.684519 43.120052 -42.061295 1.0587565 0.085623123 0.027486654 41.627968 0.99666774 0.19382052 -0.047814995 -0.0017967294 401.23984 41.524956 1.2398419 46.45224 41.505352 54.616577 0 0.51417828 0.040908698 345 20 0.86058915 0 20 0 0 6866.7983 6900 1.0048351 0.00087722496 -0.30264261 2.6091368 -1.2212822 -1.0442203 -0.066618145 0 0 0.034257241
0.012393451 330.78223 3.7467104e-05 -0.20276196 29.657648 42.367905 -43.256325 -0.88842273 0.0066484185 0.029568959 41.916439 0.99947953 0.13852526 -0.0048372899 0.0053055342 399.01718 22.317558 -0.98281837 46.711205 42.89843 50.28421 0 0.51712239 0.04610455 345 20 0.8649444 0 20 0 0 6931.854 6900 0.99540466 0.00037010145 -0.127685 -1.9029487 0.91108024 0.74184692 -0.23085216 0 0 -0.025149517
-0.017559787 330.50903 -5.3129519e-05 -0.024027957 29.525721 42.639126 -42.527889 0.11123653 0.0004966791 0.028439822 41.734039 0.99950695 0.14077991 -0.00057574001 0.0066535114 399.97018 21.501451 -0.029816311 46.725883 43.722412 49.799042 0 0.51942647 0.046858668 345 20 0.86287475 0 20 0 0 6896.1245 6900 1.000562 0.00035993583 -0.12417786 -0.1052993 -0.047113333 -0.048179414 -0.060100049 0 0 0.0017890844
-0.10713213 330.79068 -0.00032386681 -0.010197873 29.523972 42.643253 -42.627541 0.01571358 0.00040332085 0.028913494 41.73098 0.99953485 0.14120711 -0.00024437177 0.0058683427 399.99606 21.473328 -0.0039260192 46.758083 43.780273 49.805599 0 0.51917303 0.047179911 345 20 0.86281973 0 20 0 0 6901.4048 6900 0.99979645 0.00036091334 -0.1245151 -0.0082205692 0.0028621519 -0.016280167 0.00051214709 0 0 0.00039269953
-0.02492699 331.69073 -7.51513e-05 -0.017203728 14.599021 21.203896 -21.28261 -0.078715116 0.00093890849 0.039223924 20.625675 0.99939674 0.23694518 -0.00083409285 0.018310305 400.03024 10.985222 0.030246971 25.116446 23.58769 26.675377 0 0.50872737 0.037033316 350 10 0.8750158 1 10 0 0 3419.9944 3500 1.0233935 9.3645162e-05 -0.032775808 0.065365702 -0.041848116 -0.039075144 -0.012309141 0 0 0.0024223023
-0.029823212 331.19824 -9.0046407e-05 -0.014073777 14.632543 21.406845 -21.373291 0.033554584 0.00051870348 0.039184608 20.673191 0.9994204 0.23584554 -0.00068077428 0.01983819 399.98831 10.998737 -0.011697389 25.149046 23.61166 26.717031 0 0.51466149 0.042312872 350 10 0.87510729 1 10 0 0 3422.7288 3500 1.0225759 9.3341223e-05 -0.032669429 -0.029028025 -0.00086375576 0.004613529 -0.016317608 0 0 -0.00029605487
0.0016392772 330.78891 4.9556593e-06 -0.007929042 14.634748 21.344347 -21.454401 -0.11005373 0.00027998709 0.040264133 20.674932 0.99935222 0.2401192 -0.00038350993 0.018201843 400.00217 10.991311 0.0021791542 25.237785 23.70969 26.797897 0 0.51097542 0.037934866 350 10 0.87507707 1 10 0 0 3418.853 3500 1.0237352 9.3550589e-05 -0.032742705 0.0062049003 -0.027713828 -0.035907313 -0.012564968 0 0 0.0028065024
-0.076021761 330.79559 -0.00022981492 0.0040979404 14.625829 21.332804 -21.39115 -0.058346249 0.00036284892 0.039849576 20.662607 0.99940276 0.2411343 0.00019832639 0.018312836 400.0451 10.979861 0.045103684 25.258013 23.727995 26.816162 0 0.51639634 0.04341381 350 10 0.87498301 1 10 0 0 3416.9827 3500 1.0242954 9.3369061e-05 -0.03267917 0.048162669 -0.072504222 -0.050684925 0.014720562 0 0 0.0037508549
-0.088257216 331.75665 -0.00026602997 -0.92356467 4.1889138 5.069551 -22.285728 -17.216177 1.0259598 1.0940595 1.9944956 0.19543196 7.7017822 -0.46305674 -1.0835712 463.52719 113.47132 63.527199 -30.646864 -73.736183 39.02388 0.85500002 0.33149457 -0.2115449 340.40207 10.804166 0.94589651 0 20 10 20 157.32672 3722.3672 23.660109 0.28803197 -98.046677 63.467602 -71.915176 -25.751587 -0.98878592 -4.5979171 -9.1958342 22.670738
-0.043276291 331.52148 -0.00013053842 0.00067061262 0.061943967 0.56271517 -0.61153108 -0.048815902 0.16200691 0.9997173 0.008289882 -0.0039534392 940.04962 0.08089532 -1.5131371 413.87283 114.15522 13.872838 -85.679543 -100 -39.188622 1 0.49623054 0.031839188 335 0 0.98000002 0 10 0 0 0.080922402 0 0 0.21073247 -70.595383 -36.566647 14.320454 -0.014672332 0.0017944174 0 0 0
-0.080181375 330.98074 -0.0002422539 0.59424073 15.344299 29.345598 -26.592464 2.753134 0.030397736 0.076889582 21.137377 0.97749913 0.21163885 0.028113266 0.05446637 401.70679 12.838351 1.706786 20.669313 17.495068 23.371325 0 0.4170737 -0.05844843 340 10 0.84646946 0 10 0 0 3490.8396 3400 0.97397768 9.5636133e-05 -0.032516286 5.0079513 -0.17019618 -0.40050068 1.224746 0 0 0.030211883
-0.053853773 330.7261 -0.00016283496 -0.25234535 15.07722 27.546204 -27.644186 -0.097982109 0.010029986 0.070699155 20.761375 0.97555345 0.22192276 -0.012154559 0.030390076 400.08017 11.01132 0.08017832 19.929598 18.387587 21.540117 0 0.40528709 -0.068247832 340 10 0.84990638 0 10 0 0 3429.2852 3400 0.99146026 9.0322501e-05 -0.030709649 0.18494365 -0.016882105 -0.29053366 -0.57367378 0 0 0.025047332
-0.018727932 331.57367 -5.6481967e-05 0.24722289 30.289982 46.751179 -49.271935 -2.5207546 0.0036050424 0.039914951 42.554371 0 0 0.0058095767 0.030728079 400.06998 22.060514 0.069977716 0 0 0 0 0 0 0 0 0 0 0 0 0 7049.5571 0 0 0 0 0 0 0 0 0 0 0
0.12628996 331.07007 0.00038145995 -0.28949749 30.43664 49.660316 -48.509945 1.1503742 0.033027168 0.059102137 42.73576 0.99419963 0.10910967 -0.0067741279 0.018160451 399.92767 22.12582 -0.072313704 41.410728 38.346294 44.583557 0 0.44251034 -0.029787455 345 20 0.8629747 0 20 0 0 7071.3057 6900 0.97577459 0.00036952409 -0.12748581 -0.032167632 0.12662376 -0.18737456 -0.16715801 0 0 0.006042656
0.025048614 330.67838 7.5749173e-05 -0.53397989 30.647045 45.665398 -47.843967 -2.1785691 0.0092986887 0.045386489 43.074146 0.99486762 0.10472798 -0.012396761 0.023629943 399.88159 22.182293 -0.11841977 41.471798 38.371033 44.693459 0 0.43617836 -0.036443777 345 20 0.86308521 0 20 0 0 7117.5 6900 0.96944153 0.00038223306 -0.1318704 -0.11083031 0.14556068 -0.032065213 -0.43117991 0 0 0.00014948765
-0.050265454 330.54276 -0.00015206945 0.93685418 30.645645 52.319832 -46.501526 5.818306 0.033315077 0.042482618 43.048946 0.99488056 0.10298341 0.021762533 0.03467916 376.16415 26.525005 3.7099626 41.949184 35.778084 47.519543 0 0.45279723 0.013288965 345 20.000002 0.91761851 0 20 9.395947e-06 1.8791894e-05 7108.5063 6900.0005 0.97066814 0.00050779991 -0.17519097 12.402181 -1.4532101 -1.4940437 1.2372545 0.62882864 1.2576573 0.10431416
-0.086599171 330.61639 -0.00026193247 -0.27638796 30.157261 48.019619 -48.584232 -0.56461316 0.0090998318 0.048623897 42.374031 0.99472249 0.10435443 -0.0065225791 0.031279668 372.54953 23.699791 0.095353924 41.006035 37.737286 44.478504 0 0.44744268 0.013363745 345 20 0.92651892 0 20 0 0 6999.8408 6900 0.98573673 0.00050490774 -0.17419316 0.27289391 0.046461567 -0.088063769 -0.22251643 0 0 0.0034525709
0.075848073 331.3779 0.00022888694 0.4391765 27.121809 39.96521 -38.142902 1.822307 0.015977548 0.02778789 38.32515 0.99959844 0.14541867 0.011459225 0.012827164 402.45605 20.279356 2.456068 43.403881 39.415077 47.243332 0 0.50965989 0.035274647 339.83228 19.996456 0.85599601 0 20 0.026115991 0.052231982 6349.022 6795.4419 1.0703131 0.013737679 -4.6685066 2.3180394 -3.0329533 -2.2696059 0.3961755 -3.9798858 0.047439422 0.074574821
0.044863749 330.97885 0.00013554869 0.064863265 27.708658 40.178654 -39.927742 0.25091484 0.0011541278 0.029310307 39.164551 0.99952507 0.14458577 0.0016561728 0.0071009835 400.12244 20.402376 0.12242406 44.031734 41.137753 46.994011 0 0.51223409 0.040032063 339.83408 20.000048 0.86101544 0 20 0.013437217 0.026874434 6480.5928 6796.6978 1.0487772 0.013764078 -4.6775026 0.43382683 0.076188914 0.025074599 0.13103771 2.4996145e-05 4.999229e-05 -0.00048318319
-0.010511666 330.78275 -3.1778152e-05 -0.58547878 19.935356 27.643759 -30.076633 -2.4328752 0.026945563 0.034872055 28.145441 0.99950939 0.19078979 -0.020801904 0.019345658 399.58096 22.046972 -0.41904375 32.785656 30.231329 35.946072 0 0.50592667 0.034389716 342.5 15 0.8573181 0 15 0 0 4653.8652 5137.5 1.1039211 0.00019851964 -0.067992978 -5.1987553 -4.1304383 -2.5432837 -1.8300917 -1.6484591e-12 -3.3963943e-12 0.1223642
-0.11418972 330.77798 -0.00034521558 0.028373659 21.64077 31.422863 -31.254612 0.1682505 0.0022764769 0.0324759 30.583849 0.99954641 0.17693669 0.00092773349 0.011851073 400.30786 16.135 0.30785191 35.420269 33.154774 37.74704 0 0.51795101 0.044991717 342.5 15 0.85575885 0 15 0 0 5057.5869 5137.5 1.0158007 0.00019557813 -0.06698551 0.32137853 -0.57893074 -0.4084267 -0.02719553 0 0 0.018471383
0.006194321 331.62466 1.8678711e-05 0.015871409 29.708374 44.520035 -44.508446 0.011591418 0.00053696777 0.097051471 41.708084 0.99463457 0.21455447 0.00038053555 0.030789293 400.01407 22.992655 0.01406477 48.969017 45.823742 52.267414 0 0.4192296 -0.05185562 345 20 0.86282218 0 20 0 0 6909.4653 6900 0.99863011 0.00040873804 -0.14101462 0.079543538 0.018376246 0.0036587245 0.025024829 0 0 0.00024567914
0.032956593 331.11713 9.9531528e-05 0.0063550174 29.736841 44.489838 -44.663177 -0.17333727 0.00039574516 0.09682145 41.751286 0.99471158 0.21400818 0.0001522113 0.030081186 399.98434 22.956264 -0.015645413 49.008034 45.86692 52.294445 0 0.41915616 -0.052523222 345 20 0.86288559 0 20 0 0 6906.4087 6900 0.99907207 0.00040791102 -0.14072931 -0.014163173 0.017933201 0.0098101282 0.0018623914 0 0 4.6034675e-05
0.04408348 330.68573 0.00013330928 0.0074497038 29.772089 44.547501 -44.672565 -0.1250622 0.00037513537 0.097031772 41.797958 0.99465901 0.21436058 0.00017823129 0.029755341 399.99396 22.939125 -0.0060445047 49.072376 45.937283 52.353016 0 0.41971752 -0.052823972 345 20 0.86286598 0 20 0 0 6905.3218 6900 0.99922931 0.00040923205 -0.14118506 -0.0023619379 0.0072104339 0.0035870122 0.0043002102 0 0 -5.0277569e-05
-0.11060865 330.62021 -0.000334549 -0.0039056342 29.77755 44.539154 -44.700222 -0.16106817 5.7671474e-05 0.096765935 41.808578 0.99467939 0.21454465 -9.3417053e-05 0.029176578 400.00531 22.918371 0.0053006839 49.097713 45.971222 52.380287 0 0.42071769 -0.051729217 345 20 0.86284071 0 20 0 0 6905.6968 6900 0.99917501 0.00040825817 -0.14084907 0.0011862202 -0.013382465 -0.0095177842 -0.014584126 0 0 -0.00019357221
-0.18410589 330.82022 -0.00055651343 -0.011379849 29.759464 44.529648 -44.530205 -0.00055437721 0.00025693269 0.097007513 41.780811 0.99467027 0.21464932 -0.00027237023 0.030040694 400.00385 22.936876 0.0038358704 49.072567 45.940258 52.35574 0 0.42002043 -0.052361496 345 20 0.86284274 0 20 0 0 6905.2495 6900 0.9992398 0.00040698587 -0.14041013 -0.011874571 -0.01111812 -0.0047396151 -0.0061586308 0 0 -7.1160415e-05
-0.024494175 331.39697 -7.3911877e-05 -0.0091128023 29.490162 42.533226 -42.622837 -0.089609481 0.00015353069 0.028806077 41.683506 0.99947774 0.1386632 -0.00021861889 0.0059061791 399.95956 21.49588 -0.040421478 46.565826 43.56065 49.634869 0 0.51673311 0.045832172 345 20 0.86289853 0 20 0 0 6906.0093 6900 0.99912983 0.0003609687 -0.1245342 -0.052843936 0.044568192 0.02601858 -0.010769903 0 0 -0.00069876923
0.084105469 330.80344 0.00025424606 0.043032311 31.34166 45.428154 -45.758915 -0.33075869 0.0038228412 0.026573464 44.294197 0.99923676 0.12971845 0.0009715113 -0.0015178612 399.4502 22.572386 -0.54979378 49.057404 45.316113 52.105598 0 0.51532388 0.043639407 345 19.999979 0.86398125 0 20 1.2814035 0.056216776 7325.5532 6900.0005 0.94190848 0.00034056377 -0.1174945 -2.7472584 -1.2053207 -0.65669256 -0.68760985 -2.7482797e-06 -3.3934255e-05 0.019266862
0.035092045 330.52954 0.00010616917 -0.038065948 29.806339 42.882591 -43.075584 -0.19299453 0.0034151711 0.029548846 42.12891 0.99945813 0.13982439 -0.00090355874 0.0050207023 399.44873 22.580534 -0.55127013 47.064693 43.609383 50.342766 0 0.518619 0.046792552 345 20 0.86401308 0 20 0 0 6961.7402 6900 0.99113148 0.00037367144 -0.12891665 -0.63438278 0.93140388 0.65656132 0.038781311 0 0 -0.022193417
-0.15146339 330.77844 -0.00045789979 -0.032848053 29.532057 42.67009 -42.702827 -0.032739501 0.00058813649 0.029505793 41.741474 0.999542 0.14110787 -0.00078694039 0.0057339333 399.95682 21.518238 -0.043192778 46.756947 43.74456 49.831161 0 0.51922154 0.047275551 345 20 0.86290431 0 20 0 0 6902.7959 6900 0.99959493 0.00036072885 -0.12445146 -0.10662422 0.021021591 0.0054249098 -0.033892974 0 0 -0.00064160977
-0.045282293 331.57782 -0.0001365661 -0.072027802 29.939381 44.862206 -45.360245 -0.49803883 0.0023486903 0.0973076 42.032291 0.99472934 0.21111985 -0.0017136302 0.030208746 399.34341 30.08695 -0.6565842 49.146976 45.059425 53.365059 0 0.41549936 -0.054658167 329.57758 20.00033 0.8641808 0 20 0.052342441 0.10468488 6962.6748 6591.6606 0.94671386 0.047112871 -15.527345 -0.49755439 0.88644505 0.6882183 0.01800454 0.0052980068 0.010596014 -0.022369888
0.018085578 331.00851 5.4637803e-05 -0.0864482 29.714666 44.379372 -44.643101 -0.26373017 0.0026507957 0.0971376 41.717052 0.99468029 0.21409439 -0.0020722509 0.029720917 399.66367 23.100588 -0.33632064 48.924232 45.516655 52.395836 0 0.41835538 -0.053229153 345 20 0.86357629 0 20 0 1.9895197e-13 6898.9917 6900 1.0001462 0.00040603735 -0.1400829 -0.87463629 0.13774623 0.18889067 -0.15255238 -9.1148991e-09 -1.8229652e-08 -0.0063254652
0.056787185 330.53702 0.00017180279 0.0024144214 29.771795 44.627434 -44.671947 -0.044516508 0.00034426406 0.096936457 41.798027 0.9946931 0.21420424 5.7763998e-05 0.029703256 399.995 22.901884 -0.0050064051 49.072701 45.93605 52.354553 0 0.41955262 -0.053316876 345 20 0.86286199 0 20 0 0 6902.6162 6900 0.99962097 0.00040721259 -0.14048834 -0.01071459 -0.013189618 -0.0088535473 -0.0066191545 0 0 0.00068747898
-0.028331414 330.47113 -8.5730368e-05 -0.00035443436 29.786514 44.649006 -44.691895 -0.042891286 0.00014874664 0.096843936 41.820957 0.99468428 0.21443985 -8.4750418e-06 0.029645063 400.0083 22.909872 0.0083145518 49.111656 45.980541 52.40123 0 0.42087269 -0.052087501 345 20 0.86283523 0 20 0 0 6905.0508 6900 0.99926853 0.00040948315 -0.1412717 0.021296429 -0.00091203273 -0.0021041925 0.0044858931 0 0 0.00012591675
-0.035107311 331.54999 -0.00010588843 -0.027469197 30.89377 48.203964 -48.362156 -0.15819199 0.0036363443 0.059648823 43.395538 0.9944703 0.11058817 -0.00063299591 0.026763201 399.88461 22.003082 -0.11539622 41.216427 38.108021 44.426517 0 0.44256052 -0.028576706 345 20 0.86307597 0 20 0 0 7188.7153 6900 0.95983773 0.00037912294 -0.13079742 -0.18537395 0 0.60378897 -0.27469209 0 0 0
-0.10374282 331.18677 -0.00031324569 0.71337265 30.708731 49.932529 -48.125942 1.8065879 0.0061195069 0.044981949 43.132816 0.99441475 0.10641866 0.016538976 0.030686678 426.45761 21.983015 1.0167223 42.292816 38.343529 45.97229 0 0.41455063 -0.090316258 345 20 0.80923003 0 20 0 0 7135.8975 6900 0.96694213 0.00029648948 -0.10228887 3.2614744 0.17749894 -0.21905383 1.0975214 0 0 0.007835024
0.029413763 330.61581 8.8966597e-05 0.048130978 30.232767 49.533329 -49.624363 -0.091035083 0.0057336702 0.041193392 42.485226 0.99437952 0.10604163 0.0011328874 0.023569128 425.11362 20.689039 -0.32725304 41.644848 38.568336 44.768623 0 0.41550431 -0.088694185 324.32504 19.999811 0.81177849 0 20 0.054643828 0.10928766 7018.7246 6486.4404 0.92416227 0.064050101 -20.77305 -0.65297818 0.20273784 0.36796954 -0.06695912 5.3766737e-05 0.00010753347 -0.010652845
-0.024779286 330.34949 -7.500931e-05 0.13133483 30.391069 47.619858 -48.858913 -1.2390556 0.0070103505 0.034666542 42.720573 0.99458158 0.10446598 0.0030742758 0.034166582 425.27716 20.614029 -0.16371354 41.69873 38.759914 44.712143 0 0.42965931 -0.075163983 345 20 0.81146157 0 20 0 0 7051.1006 6900 0.97857064 0.00027844514 -0.096063569 -0.29114088 0.1421985 0.13610378 0.20583305 0 0 -0.004937253
-0.10051762 330.65274 -0.00030399751 0.11502121 30.192663 48.489956 -48.157356 0.33260018 0.003674116 0.050304614 42.390079 0.99386668 0.11077818 0.0027133995 0.021242253 425.51251 20.650215 0.07162457 41.590729 38.751957 44.535191 0 0.42207325 -0.082446195 345 20 0.81101733 0 20 0 0 7004.8252 6900 0.9850353 0.00028407542 -0.098006018 -0.043881997 -0.2144592 -0.099732213 0.13383065 0 0 0.0030436479
-0.68949801 331.81824 -0.0020779388 0.13018414 29.389299 42.532749 -42.370495 0.16225208 0.0014503937 0.028385904 41.540833 0.9994697 0.14061317 0.0031338837 0.0050646253 400.02814 21.548796 0.028141139 46.485325 43.480755 49.564163 0 0.50730908 0.03651781 345 20 0.86274683 0 20 0 0 6891.228 6900 1.0012729 0.0003565666 -0.12301547 0.01443319 -0.092220783 -0.10738921 0.10101817 0 0 0.002224779
-0.042518448 330.98041 -0.00012846212 0.02592437 29.407328 42.697453 -42.288918 0.40853271 0.0067365845 0.028071681 41.565823 0.99952596 0.13870586 0.00062369439 0.0013087717 400.8277 21.505806 0.82768697 46.554173 43.170185 49.914791 0 0.5190593 0.04605481 345 20 0.86102039 0 20 0 0 6878.2529 6900 1.0031618 0.00035018427 -0.12081358 1.6246461 -0.93525863 -0.82446247 -0.58749866 0 0 0.02406626
-0.0074439915 330.57092 -2.2518592e-05 0.016202241 29.564348 42.635109 -42.800182 -0.16507538 0.00072639674 0.028398609 41.788952 0.99950469 0.13942894 0.00038771593 0.0067022503 400.0741 21.530565 0.07409627 46.743904 43.764233 49.829399 0 0.51894623 0.046198871 345 20 0.86265075 0 20 0 0 6906.3872 6900 0.99907511 0.00036005783 -0.12421995 0.18044148 -0.040114529 -0.032552216 0.020708147 0 0 0.0013329746
-0.081090733 330.60718 -0.00024527821 -0.0019062883 29.546217 42.742821 -42.616055 0.12676392 0.0003311281 0.029061027 41.762112 0.99953282 0.14072785 -4.564636e-05 0.0057690954 399.99872 21.528446 -0.0012912572 46.776421 43.793789 49.821297 0 0.51983958 0.047386479 345 20 0.86281353 0 20 0 0 6902.8843 6900 0.99958217 0.0003602762 -0.12429529 0.012331071 0.019537367 -0.003554343 0.0068402505 0 0 0.00025453308
0.073427796 331.50113 0.00022150089 0.026742959 29.437689 42.626541 -42.416115 0.21042697 0.0015072554 0.028539071 41.609562 0.99948692 0.13798456 0.00064271188 0.0064482046 400.14819 21.53138 0.14820617 46.477028 43.475399 49.584778 0 0.51231676 0.040846244 345 20 0.86249065 0 20 0 0 6896.2451 6900 1.0005444 0.0003596645 -0.12408425 0.13835576 -0.18937333 -0.058286984 0.042041317 0 0 0.002354102
-18.462858 331.11395 -0.055759829 4.47365 30.267622 49.024143 -37.398758 11.625386 0.039055731 0.028411416 42.27462 0.99899292 0.18454055 0.10582355 0.0046840701 399.69836 30.041416 -0.30162498 47.047256 43.63776 52.031918 0 0.51782072 0.046696033 345.01822 20.036453 0.86354512 0 20 0.24588822 0.49177644 6915.2144 6912.9458 0.999672 0.0004039153 -0.13935815 -0.52775204 0.49837878 0.42396197 0.028139947 12.44748 -0.10318651 0.016892454
-0.040118411 330.74429 -0.00012129737 -0.06996467 29.537663 42.519802 -42.69976 -0.17995906 0.0018257207 0.028977813 41.749973 0.99949199 0.13799123 -0.0016758016 0.0058762338 399.78687 21.654257 -0.21313138 46.592712 43.429184 49.774433 0 0.51303971 0.04091455 345 20 0.86327082 0 20 0 0 6903.5703 6900 0.99948281 0.00036038621 -0.12433324 -0.54866451 0.084326908 0.12665154 -0.12615117 0 0 -0.0042680111
-0.088138908 330.57492 -0.0002666231 -0.0026376401 29.560677 42.556004 -42.732712 -0.17671038 0.00058789307 0.028983297 41.782536 0.99949259 0.13982354 -6.3127816e-05 0.0060513578 399.98645 21.506409 -0.0135473 46.74498 43.757675 49.799637 0 0.51931089 0.046726275 345 20 0.86284029 0 20 0 0 6905.4634 6900 0.99920887 0.00036064626 -0.12442296 -0.04169384 0.0052186842 0.021146653 -0.013994658 0 0 -0.0005494951
0.077763863 331.68359 0.00023445193 -0.022781027 29.428902 42.392479 -42.524361 -0.13188444 0.00086012221 0.029214785 41.596333 0.99946821 0.14165412 -0.00054766913 0.0063809669 399.94653 21.533447 -0.053474046 46.589279 43.567184 49.672028 0 0.51257658 0.041880198 0 0 0 0 0 0 0 6897.623 0 0 0 0 0 0 0 0 0 0 0
0.095739685 331.15308 0.00028911006 -0.58591253 29.746349 40.490211 -45.418633 -4.9284229 0.056029294 0.031110466 41.944771 0.99837363 0.1428151 -0.013968666 0.0001138089 399.74924 36.239212 -0.25076523 46.806549 42.569462 53.165684 0 0.51534563 0.043392949 345 20 0.86357677 0 20 0 0 6944.1069 6900 0.99364829 0.00062070828 -0.21414435 0.13485782 0.093765289 0.076989084 -0.07869412 0 0 -0.00066770584
-0.014542851 330.85083 -4.3955915e-05 -0.70729929 28.176559 39.236485 -42.058937 -2.8224537 0.020622395 0.031094307 39.799992 0.9994542 0.15094183 -0.017771343 0.0035721869 415.50525 25.258865 -1.0157747 44.77066 41.128712 48.761909 0 0.53201044 0.040410936 345 20 0.83055633 0 20 0 0 6583.1504 6900 1.0481304 0.00029131395 -0.10050331 -5.7756557 -2.6267786 -1.2257756 -1.8961376 0 0 0.042865239
-0.034309953 330.58313 -0.00010378616 0.01289237 29.4527 42.54353 -42.515911 0.027620705 0.00085147633 0.028432475 41.63036 0.99948066 0.14478022 0.0003096867 0.0055894693 416.58701 20.697632 0.065981738 46.808273 43.937908 49.726753 0 0.53965068 0.046147693 345 20 0.82841057 0 20 0 0 6880.3906 6900 1.0028501 0.00030460034 -0.10508712 0.02937386 -0.19662476 -0.15608941 -0.028277934 0 0 0.0051650801
-0.15450737 330.74573 -0.00046714852 -0.011043116 29.515823 42.577442 -42.446247 0.1311944 0.00071538019 0.02840106 41.71965 0.99952608 0.14470138 -0.00026469823 0.0050626304 416.51825 20.698429 -0.0027792621 46.923206 44.054008 49.856186 0 0.53997707 0.0466736 345 20 0.82854885 0 20 0 0 6898.7085 6900 1.0001873 0.00030639939 -0.10570779 -0.011679696 0.021221468 0.03451651 0.0073564476 0 0 -0.0010966078
0.053999115 331.36536 0.00016295945 0.25148323 29.905922 49.870483 -45.459023 4.4114599 0.019065857 0.046270847 41.984921 0.99381846 0.11123069 0.0059898472 0.030246295 400.05911 22.190382 0.059106395 41.378712 38.297733 44.592182 0 0.43563995 -0.036264304 345 20 0.86268115 0 20 0 0 6950.6475 6900 0.99271333 0.00035779909 -0.12344069 0.1955415 0.05702579 -0.26127675 -0.082625784 0 0 0.01033466
0.017508654 330.9523 5.2903859e-05 -0.073020577 26.450863 42.30899 -43.716232 -1.4072443 0.042369872 0.049361322 37.074894 0.99233609 0.12272857 -0.0019695426 0.035957269 401.47867 24.439007 1.4786767 36.08083 32.807419 39.122704 0 0.40045884 -0.072988041 345 20 0.85960382 0 20 0 0 6130.5439 6900 1.1255119 0.00032639076 -0.1126048 -0.32064226 -4.0467854 -2.6992185 -1.0210376 0 0 0.10494255
0.024212755 330.55881 7.3247953e-05 -0.53330874 28.014154 43.552216 -44.580921 -1.0287046 0.018513238 0.042865682 39.347439 0.99413121 0.10868762 -0.013553837 0.044015504 400.14438 21.814539 0.14438012 37.728924 34.721375 40.88892 0 0.40778536 -0.064820066 345 20 0.86250377 0 20 0 0 6495.5205 6900 1.0622705 0.00036534379 -0.12604362 0.28995213 -0.21834719 -0.59156442 -0.51613265 0 0 0.020837372
-0.085467346 330.44122 -0.00025864612 -0.62570727 30.632746 45.73946 -48.77787 -3.0384116 0.02003313 0.0609653 43.009453 0.99435806 0.10919897 -0.014548133 0.027791662 398.85724 22.739834 -1.1427652 41.179077 37.210014 45.039635 0 0.43530327 -0.036169559 345 20 0.86529934 0 20 0 0 7100.1685 6900 0.9718079 0.00037945638 -0.13091245 -2.8754926 0.46789932 1.567149 -0.85411465 0 0 -0.052161314
-0.091645464 330.66077 -0.00027715857 -0.22780195 30.845606 47.270924 -47.424927 -0.15400378 0.0047246381 0.066694491 43.329811 0.99450314 0.10988999 -0.0052573956 0.025781477 399.98328 21.897022 -0.016727867 41.248943 38.214317 44.396832 0 0.43155766 -0.041256081 345 20 0.86285889 0 20 0 0 7158.5762 6900 0.96387887 0.00037424904 -0.12911591 -0.18625459 -0.13940789 0.69269782 0.17848325 0 0 -0.020770937
-0.074549191 331.64102 -0.00022478883 -0.014612735 29.494217 43.431709 -43.561844 -0.13013445 0.001181355 0.056508932 41.635487 0.99891442 0.14171247 -0.00035096827 0.008310982 399.91501 22.103672 -0.085002609 46.494743 43.397488 49.696011 0 0.51671189 0.046121571 345 20 0.86301053 0 20 0 0 6902.1978 6900 0.99968159 0.00037928121 -0.13085201 -0.21811762 0.020307858 0.029610533 -0.036546018 0 0 -0.001424802
0.015120935 331.30698 4.5640256e-05 0.25004214 19.063646 28.840332 -28.26635 0.57398099 0.030362038 0.075862944 26.857227 0.99840885 0.19428727 0.0093100499 0.024051044 394.83459 31.486008 -5.1654124 31.141697 24.708723 34.180634 0 0.50963295 0.04315573 340 10 0.86156619 0 10 0 9.0594199e-14 4447.1636 3400 0.76453221 0.0005180107 -0.17612363 0.31569511 15.208129 9.1199083 2.9794903 4.2180091e-09 8.436265e-09 -0.81858897
0.071840577 347.78705 0.00020656484 -0.099708267 14.460908 21.543842 -22.077724 -0.53388393 0.0092876181 0.093249701 20.345282 0.98477328 0.4402999 -0.0049008057 0.18167011 399.39185 11.610193 -0.60816574 28.182541 26.14279 30.076918 0 0.51576436 0.069510393 340 10 0.85137844 0 10 0 0 3479.55 3400 0.97713786 9.8781216e-05 -0.033585615 -1.0581973 0.65830302 0.47743133 -0.058884926 0 0 -0.033563912
-0.033110574 330.75473 -0.00010010612 0.075529397 14.248248 21.499147 -21.201511 0.29763505 0.0071051512 0.07650546 20.082253 0.99783987 0.25083277 0.0037610023 0.022061983 400.39194 11.248831 0.39193788 24.680845 22.912287 26.455761 0 0.51635289 0.042845763 340 10 0.84924841 0 10 0 0 3320.1208 3400 1.0240592 9.4788928e-05 -0.032228235 0.92443836 -0.25430617 -0.26474574 0.12261163 0 0 0.01855191
-0.17336567 331.19568 -0.00052345387 0.030058637 14.201262 21.401278 -21.239904 0.16137297 0.0020904189 0.078042999 20.014666 0.99779028 0.24618058 0.0015018306 0.020649726 400.14789 11.07055 0.14789116 24.467541 22.90292 26.105333 0 0.51432133 0.041744433 340 10 0.84976655 0 10 0 0 3313.3252 3400 1.0261594 9.4999385e-05 -0.032299791 0.14163777 -0.18717924 -0.068473883 0.079610929 0 0 0.0044732089
-0.023043042 331.3956 -6.9533329e-05 -0.0073948232 29.487598 42.501114 -42.66132 -0.1602056 0.00061249739 0.028682142 41.679958 0.99948102 0.13888721 -0.00017741916 0.0059635611 399.9512 21.503475 -0.04880441 46.571602 43.559662 49.64883 0 0.51684439 0.045942649 345 20 0.86291641 0 20 0 0 6905.3901 6900 0.99921948 0.00036075158 -0.1244593 -0.070897706 0.04162997 0.02371444 -0.015241951 0 0 -0.00062625378
0.067287676 330.84811 0.00020337936 0.027579352 29.534086 42.687767 -42.605045 0.082719423 0.00041034145 0.028950097 41.745441 0.99954295 0.13782954 0.00066065544 0.0065749153 400.00601 21.521433 0.0060167178 46.633587 43.647442 49.691921 0 0.5132435 0.0412907 345 20 0.86279863 0 20 0 0 6904.9658 6900 0.99928087 0.00036126806 -0.12463748 0.029782562 0.014243906 0.011490753 0.029751765 0 0 2.9420517e-06
0.032575816 330.53384 9.855516e-05 -0.020011585 29.555695 42.624359 -42.585789 0.038569979 0.00065957912 0.02831948 41.776451 0.99950516 0.14023085 -0.0004790159 0.0065561249 399.94897 21.534286 -0.051024083 46.751953 43.740658 49.827019 0 0.51896113 0.046539854 345 20 0.8629213 0 20 0 0 6903.6094 6900 0.99947715 0.00036080679 -0.12447834 -0.078128308 0.028686188 0.0066941343 -0.03264901 0 0 -0.00013020023
-0.1551857 330.78168 -0.00046914842 -0.012033037 29.528635 42.673931 -42.592659 0.081271462 0.00053283473 0.029229863 41.737095 0.99952787 0.14121851 -0.00028830557 0.00510026 400.03317 21.507467 0.03317577 46.759769 43.783375 49.814518 0 0.51906335 0.047056392 345 20 0.86273909 0 20 0 0 6902.167 6900 0.99968606 0.00036018252 -0.12426297 0.028998109 -0.046221633 -0.029095123 -0.010275134 0 0 0.00050135859
-0.076131143 331.66541 -0.000229542 -0.011386734 29.445087 42.331715 -42.540028 -0.20831648 0.0015121789 0.028813606 41.619469 0.99946845 0.138524 -0.00027359152 0.0067327754 399.91138 21.534826 -0.088631839 46.47538 43.42522 49.57682 0 0.51627672 0.045830816 345 20 0.86300236 0 20 0 0 6900.9487 6900 0.99986249 0.00036072443 -0.12444992 -0.23683801 -0.001650471 0.0073988368 -0.038129695 0 0 -0.00068197143
-0.012988525 331.10434 -3.9227893e-05 0.0048840344 29.524227 42.557938 -42.634068 -0.076129369 0.000610021 0.028348196 41.732048 0.99949312 0.13780007 0.00011703318 0.0063352655 399.98901 21.538923 -0.010979073 46.592945 43.609325 49.643929 0 0.51748365 0.045904018 345 20 0.86283302 0 20 0 0 6908.0552 6900 0.99883389 0.0003586541 -0.12373567 -0.0033343942 0.0308669 0.036668427 0.0081986748 0 0 -0.0012306838
0.062793158 330.59509 0.00018993978 -0.010070155 29.543589 42.60918 -42.573685 0.035495572 0.00046490616 0.029151909 41.758213 0.99951142 0.13956769 -0.00024115389 0.0061732214 399.93512 21.509546 -0.064894408 46.702885 43.676971 49.781757 0 0.51434922 0.041989971 345 20 0.8629508 0 20 0 0 6901.9155 6900 0.99972242 0.00036037661 -0.12432993 -0.047831692 0.072521031 0.0071343668 -0.0043586055 0 0 0.00022633855
-0.040667795 330.55701 -0.00012302809 -0.0088223526 29.541021 42.6194 -42.519997 0.099404171 0.00097498507 0.028828168 41.754982 0.99950379 0.14044042 -0.00021128863 0.0058319625 399.99963 21.494053 -0.00037093158 46.744095 43.761292 49.788383 0 0.51427919 0.041841503 345 20 0.86281228 0 20 0 0 6900.5405 6900 0.99992168 0.00036115039 -0.12459688 -0.015340581 -0.014392186 -0.024544397 -0.015971413 0 0 0.00087368669
0.076939873 331.6843 0.00023196718 -0.047294382 29.304161 42.188782 -42.358433 -0.16965072 0.0014019693 0.02870932 41.420635 0.99950022 0.1417044 -0.0011418073 0.0068423105 400.00021 21.594276 0.00020815994 46.405178 43.407188 49.492123 0 0.51242483 0.0416876 0 0 0 0 0 0 0 6868.5137 0 0 0 0 0 0 0 0 0 0 0
-8.1106234 331.72012 -0.0244502 1.9351768 29.456079 44.885921 -39.968472 4.9174495 0.015629346 0.027999304 41.540382 0.99942273 0.15193801 0.046585437 0.0041900389 400.06482 24.500284 0.064826295 46.524265 43.327576 50.334503 0 0.51712942 0.046101779 345 20 0.86267954 0 20 0 0 6873.3921 6900 1.0038711 0.00037024289 -0.1277338 0.047436826 -0.0032319336 0.027365211 0.51090407 0 0 0.0017790963
-19.277218 330.89011 -0.058258671 4.5305552 29.902512 48.22871 -37.09734 11.131372 0.033672124 0.027854145 41.749359 0.99918222 0.18905151 0.10851795 0.0043196455 399.93799 29.041178 -0.06202472 46.556137 43.047554 51.391243 0 0.51356351 0.042102713 345 20 0.86301368 0 20 0 0 6819.0078 6900 1.0118774 0.00044043333 -0.1519495 -0.12508014 0.032431379 0.022617429 0.016931495 0 0 -0.00084973295
-0.029609021 330.56857 -8.9569978e-05 -0.13528867 29.402897 42.131931 -42.810928 -0.67899615 0.00547197 0.029188246 41.558025 0.99950206 0.14123505 -0.0032554162 0.0072110579 399.52133 21.943178 -0.47865778 46.480652 43.114483 49.853516 0 0.51843762 0.046582278 345 20 0.86384219 0 20 0 0 6868.0308 6900 1.0046548 0.00035763221 -0.12338311 -1.3763087 -0.045341674 0.04049531 -0.28126556 0 0 -0.0014214487
-0.15346624 330.7373 -0.00046401247 -0.018526385 29.5282 42.652691 -42.736416 -0.08372429 0.00034730905 0.0288761 41.736958 0.99954462 0.1399933 -0.00044388443 0.0064885919 400.01065 21.492842 0.010651574 46.721706 43.743435 49.770321 0 0.51926601 0.046872713 345 20 0.86278665 0 20 0 0 6901.3262 6900 0.99980783 0.00035900515 -0.12385678 -0.04275335 -0.053489789 -0.013017342 -0.024744194 0 0 0.00056280557
0.053999115 331.36536 0.00016295945 0.25148323 29.905922 49.870483 -45.459023 4.4114599 0.019065857 0.046270847 41.984921 0.99381846 0.11123069 0.0059898472 0.030246295 400.05911 22.190382 0.059106395 41.378712 38.297733 44.592182 0 0.43563995 -0.036264304 345 20 0.86268115 0 20 0 0 6950.6475 6900 0.99271333 0.00035779909 -0.12344069 0.1955415 0.05702579 -0.26127675 -0.082625784 0 0 0.01033466
0.0079345889 330.85938 2.3981756e-05 0.043067858 30.075359 47.374611 -49.756893 -2.3822849 0.0054839002 0.049515899 42.249504 0.99439454 0.10731462 0.0010193696 0.021673877 380.06793 23.758644 -0.99886709 40.796391 36.792488 44.758442 0 0.45116475 0.0064826808 345 20 0.90815365 0 20 0 0 6986.1724 6900 0.98766536 0.00046400586 -0.16008203 -2.5733569 0.29347822 0.45258364 -0.021452142 0 0 -0.015408023
-0.10984216 330.7352 -0.00033211513 1.7592371 32.979691 55.207237 -53.459846 1.7473924 0.072711661 0.088315837 45.790417 0.99453104 0.1050044 0.038419329 0.070153236 384.91071 103.73879 3.8438833 45.921078 16.81282 51.42506 0 0.41507602 -0.03757203 345 20 0.76133478 0 20 0 0 7548.8779 6900 0.91404313 -0.15059158 51.954098 10.263406 7.1433377 4.5096545 3.8308187 0 0 -0.13965937
-0.11913487 330.51056 -0.00036045708 -0.066121183 30.890909 50.072895 -50.719776 -0.64688224 0.0064112078 0.051682822 43.407803 0.99454778 0.10664811 -0.0015232558 0.02517793 379.83698 25.124218 -1.2298278 41.611408 37.380798 45.504066 0 0.44317025 -0.0017748569 345 20 0.9087339 0 20 0 0 7168.1001 6900 0.96259815 0.00049488834 -0.17073648 -1.8933997 1.8366101 1.7563143 0.22621302 0 0 -0.057994101
-0.044666409 331.81293 -0.00013461322 0.0055797277 29.46452 42.454147 -42.705399 -0.25125164 0.00061026146 0.029385215 41.646286 0.99948782 0.14179355 0.000133979 0.0085597476 399.97345 21.540203 -0.026548242 46.664108 43.663052 49.726185 0 0.5127489 0.04224636 345 20 0.86287075 0 20 0 0 6908.3784 6900 0.99878722 0.00036345972 -0.1253936 0.026925806 0.07482975 0.035618458 0.028360756 0 0 0
-0.048016481 331.29507 -0.00014493569 0.0046601687 29.488609 42.600849 -42.575733 0.025114898 0.00037267595 0.028258797 41.681782 0.99947369 0.13867724 0.00011180349 0.0066920905 399.98981 21.496151 -0.010200453 46.563419 43.576618 49.609989 0 0.5172891 0.04593771 345 20 0.86283314 0 20 0 0 6903.7949 6900 0.99945033 0.00036077062 -0.12446586 -0.0091959881 0.0032953115 -0.0084124347 -0.012886892 0 0 -7.6495278e-05
0.012378124 330.75272 3.7424099e-05 -0.19472057 33.218716 47.416748 -48.424572 -1.0078204 0.0047865934 0.027720928 46.953362 0.9994837 0.12506273 -0.0041471059 0.003957774 399.09903 24.204184 -0.90096939 51.693718 47.72237 55.52319 0 0.51818448 0.047217526 346.15875 20 0.86783767 0 20 0.37785619 0.00026869954 7764.1597 6923.1748 0.8916837 0.00056163652 -0.19441541 0.27350774 1.460395 0.97998416 -0.015915617 0.37974945 -9.6248357e-07 -0.025869559
-0.014347489 330.39001 -4.3425916e-05 0.034222662 37.740215 54.296299 -54.31496 -0.018658565 0.00078662491 0.026274065 53.349773 0.99946755 0.1185879 0.00064147718 0.0021178653 400.12323 27.19133 0.12321954 58.497768 54.718922 62.396023 0 0.52127302 0.048769228 347.58795 20 0.86920238 0 20 0 0 8812.3252 6951.7588 0.78886765 0.00057574065 -0.20012049 0.27723485 -0.1222785 -0.13961124 0.029105838 0 0 0.0030037274
-0.1061146 330.78934 -0.00032079208 -0.051922854 29.181307 42.049263 -42.20224 -0.15297832 0.00083822076 0.028831778 41.246414 0.99952239 0.14369084 -0.0012588453 0.0055944673 400.32767 21.952505 0.32767102 46.332653 43.283596 49.318466 0 0.51436621 0.04202722 345 20 0.86209399 0 20 0 0 6821.2422 6900 1.0115459 0.00034802 -0.1200669 -0.025264552 -1.0386174 -0.75582147 -0.27009988 0 0 0.025385339
-0.018727932 331.57367 -5.6481967e-05 0.24722289 30.289982 46.751179 -49.271935 -2.5207546 0.0036050424 0.039914951 42.554371 0 0 0.0058095767 0.030728079 400.06998 22.060514 0.069977716 0 0 0 0 0 0 0 0 0 0 0 0 0 7049.5571 0 0 0 0 0 0 0 0 0 0 0
-4.6956779e-05 331.08105 -1.4182865e-07 0.28397715 30.542477 49.807106 -46.125557 3.6815488 0.025795477 0.048184954 42.928352 0.9950605 0.10170737 0.0066151423 0.019947127 400.81674 28.800713 0.81675303 41.653217 36.888447 45.600929 0 0.42927572 -0.04420501 344.99997 19.999962 0.86110306 0 20 4.4928427 0.2007553 7103.877 6900.0845 0.97131252 0.00041904949 -0.14457206 2.1661386 -0.25879887 -0.038940184 0.90468252 -3.6197001e-05 1.9884197e-05 0.0011036732
-0.037848383 330.7554 -0.00011443013 -0.59330589 30.411697 46.391285 -49.572781 -3.1814942 0.019267833 0.043838825 42.764938 0.9956134 0.095180392 -0.013873652 0.029446591 400.05899 28.853394 0.058980893 41.398094 36.677746 44.791206 0 0.43634003 -0.036321353 345 19.999998 0.86273926 0 20 4.4929242 0.20111778 7067.8867 6900.0981 0.97626042 0.00042485149 -0.14657377 0.1183878 -0.024277097 0.61197108 -0.11526209 -9.9153176e-06 -6.351434e-06 -0.021420889
-0.11493773 330.48108 -0.00034778914 0.70531565 30.650154 48.930965 -46.305012 2.6259518 0.027122043 0.044312362 43.025398 0.99379843 0.11348622 0.016393006 0.026936155 400.18149 22.89938 0.18150215 41.829296 38.495518 45.207821 0 0.42936888 -0.04400846 345 20 0.86243641 0 20 0 0 7104.9849 6900 0.97114915 0.00037999987 -0.13109995 0.97482502 0.43901533 0.49074107 0.67636895 0 0 -0.014750033
-0.11057153 330.70044 -0.00033435554 -0.20760512 29.432941 46.645012 -45.719334 0.92567623 0.013693616 0.051987957 41.361095 0.99493378 0.10193315 -0.0050193332 0.028992472 399.93488 21.951647 -0.065139711 41.370937 38.313808 44.595757 0 0.43990082 -0.032938134 345 20 0.86297005 0 20 0 0 6835.3164 6900 1.0094631 0.00038206289 -0.13181171 -0.080040805 0.060164861 -1.4904953 -0.32918847 0 0 0.047485262
0.046095144 331.33572 0.00013911913 0.0040575857 29.714945 44.44313 -44.624432 -0.18129912 0.00038307597 0.09712062 41.717743 0.99466419 0.21427889 9.7262833e-05 0.030100262 399.9848 22.962267 -0.015195612 48.970482 45.827312 52.256237 0 0.41918528 -0.052369021 345 20 0.86288381 0 20 0 0 6905.103 6900 0.99926102 0.00040699518 -0.14041333 0.0083320169 0.020483302 0.006787166 0.0008735517 0 0 0.00056079245
0.046883635 330.92148 0.00014167601 0.046473883 29.765934 44.851551 -44.682423 0.16912976 0.000910729 0.096648112 41.791992 0.99468172 0.21435784 0.0011120284 0.030159887 399.96887 28.44343 -0.031122396 49.073563 45.124775 53.006626 0 0.41880539 -0.053415652 345 20 0.86265135 0 20 0 0 6908.9961 6900 0.99869788 9.7632619e-05 -0.033683255 0.15655629 0.040577482 0.011320499 0.068748787 0 0 -3.95233e-05
-0.037898615 330.64966 -0.00011461865 0.0049881553 29.786594 44.566074 -44.710026 -0.1439518 0.00048728165 0.096804835 41.81995 0.99471301 0.21417713 0.00011927694 0.030125707 399.98511 22.936497 -0.014879971 49.09901 45.954636 52.387104 0 0.41940269 -0.053133685 345 20 0.86288416 0 20 0 0 6907.9639 6900 0.99884719 0.0004082158 -0.14083445 -0.0120209 0.01565603 0.0084502008 -0.0016142357 0 0 -0.00055751798
-0.11199052 330.6145 -0.00033873442 -0.0028404915 29.781469 44.574234 -44.650642 -0.076408304 0.00010390177 0.096811928 41.813835 0.99468553 0.21453728 -6.7931855e-05 0.030087285 400.00232 22.91781 0.0023140053 49.10511 45.974537 52.388134 0 0.4210293 -0.051540744 345 20 0.86284679 0 20 0 0 6906.3364 6900 0.99908251 0.00040789667 -0.14072436 -0.0043460838 -0.0084934616 -0.0060854917 -0.0019974697 0 0 -0.00015408578
-0.0042855237 331.633 -1.2922489e-05 -0.013032536 29.550781 43.68784 -43.648903 0.038936142 0.0010228816 0.05702262 41.713264 0.998851 0.14400785 -0.00031243145 0.0090935538 400.02783 22.240187 0.02784366 46.678955 43.608833 49.85482 0 0.5179714 0.047175359 345 20 0.86276841 0 20 0 0 6914.7837 6900 0.99786204 0.00038086105 -0.13139705 0.12228268 0.030193148 0.030103141 0.0053362413 0 0 -0.00054038694
0.064898103 331.09689 0.00019600939 0.025279684 29.599613 44.250401 -43.669685 0.58071625 0.0019597623 0.056279428 41.782635 0.9988597 0.14188571 0.00060502841 0.0075148158 399.94281 22.306488 -0.057197645 46.666233 43.588257 49.845901 0 0.51755345 0.045947012 345 20 0.86295187 0 20 0 0 6915.4829 6900 0.99776113 0.00038084947 -0.13139306 -0.045558054 0.12640649 0.039592549 0.03269618 0 0 -0.00078505999
0.039393567 330.73294 0.0001191099 0.030140132 29.552708 44.105652 -43.5355 0.57015175 0.00086001231 0.054156389 41.719551 0.99890858 0.14128192 0.00072244625 0.0079509728 400.04068 22.025852 0.040684104 46.591755 43.562534 49.768181 0 0.51838285 0.045915075 345 20 0.86273909 0 20 0 0 6897.6826 6900 1.0003359 0.00037890612 -0.13072261 0.084049948 -0.034441516 -0.010749451 -0.0018214446 0 0 0.00040427383
-0.082915433 330.62036 -0.00025078745 -0.0047233021 29.592106 43.738815 -43.597881 0.14093363 0.00084130303 0.056002285 41.774601 0.99892521 0.14332104 -0.00011306636 0.0077808737 400.00372 22.070223 0.0037278342 46.742855 43.72139 49.904408 0 0.51858741 0.046236783 345 20 0.8628189 0 20 0 0 6904.2524 6900 0.99938411 0.00037908676 -0.13078493 0.0094190249 0.002547527 -0.0054985452 -0.011779742 0 0 -0.00023126845
-0.19197962 330.86172 -0.00058024126 -0.021838542 29.575033 43.573555 -43.647186 -0.073631257 0.00034888918 0.056405965 41.748913 0.99893218 0.14470619 -0.00052309252 0.008667429 399.99991 22.073084 -0.0001039234 46.781288 43.747509 49.944736 0 0.51975429 0.047518369 345 20 0.86282641 0 20 0 0 6904.8003 6900 0.99930477 0.0003781899 -0.13047551 0.0157253 0.0087262429 -0.003073876 -0.010787685 0 0 -0.00016545126
1.3920093 331.27881 0.0042019268 -0.0093802307 29.245411 43.172726 -41.337116 1.835608 0.029409871 0.02848058 41.310619 0.99919212 0.14094011 -0.00022706584 0.0040860139 399.87112 29.619493 -0.12887716 46.112457 42.467876 51.04641 0 0.51487154 0.043686528 345 20 0.86316353 0 20 0 0 6841.9644 6900 1.0084823 0.00044685346 -0.15416445 -1.0039656 -0.63081867 -0.33825639 -0.45491958 0 0 0.011311533
5.0407248 330.7301 0.015241203 -0.70558041 29.553799 42.822468 -42.59341 0.22905746 0.025011908 0.029393578 41.741611 0.99929422 0.14471011 -0.016903527 0.0030334534 400.02652 28.930962 0.026511384 46.592014 43.080925 51.438896 0 0.51697886 0.044552907 345 20 0.86282229 0 20 0 0 6898.5098 6900 1.000216 0.00043995644 -0.15178497 0.040425424 -0.081531122 -0.063811496 -0.1214686 0 0 0.0026760451
0.028965171 330.53751 8.763052e-05 0.017972277 29.549421 42.72678 -42.63715 0.08963012 0.00092839275 0.029172217 41.766647 0.99949598 0.13967235 0.00043030214 0.0060311924 400.12299 21.51236 0.12297468 46.736073 43.742954 49.833767 0 0.51911229 0.046482719 345 20 0.86254555 0 20 0 0 6902.0293 6900 0.99970597 0.00036023452 -0.12428091 0.29424509 -0.10376697 -0.11047114 0.018118015 0 0 0.0038255793
-0.15723068 330.78531 -0.00047532545 -0.0027685573 29.533041 42.61367 -42.695171 -0.081499852 0.00067456375 0.029213492 41.743458 0.99953747 0.14115021 -6.632314e-05 0.0052259602 399.99634 21.491655 -0.0036511023 46.763474 43.784374 49.81134 0 0.51904029 0.047064677 345 20 0.86281884 0 20 0 0 6903.3027 6900 0.99952161 0.00036051305 -0.124377 -0.027340334 -0.0039386898 -0.0089778528 -0.010644627 0 0 -0.00019517684
-0.076131143 331.66541 -0.000229542 -0.011386734 29.445087 42.331715 -42.540028 -0.20831648 0.0015121789 0.028813606 41.619469 0.99946845 0.138524 -0.00027359152 0.0067327754 399.91138 21.534826 -0.088631839 46.47538 43.42522 49.57682 0 0.51627672 0.045830816 345 20 0.86300236 0 20 0 0 6900.9487 6900 0.99986249 0.00036072443 -0.12444992 -0.23683801 -0.001650471 0.0073988368 -0.038129695 0 0 -0.00068197143
-0.012988525 331.10434 -3.9227893e-05 0.0048840344 29.524227 42.557938 -42.634068 -0.076129369 0.000610021 0.028348196 41.732048 0.99949312 0.13780007 0.00011703318 0.0063352655 399.98901 21.538923 -0.010979073 46.592945 43.609325 49.643929 0 0.51748365 0.045904018 345 20 0.86283302 0 20 0 0 6908.0552 6900 0.99883389 0.0003586541 -0.12373567 -0.0033343942 0.0308669 0.036668427 0.0081986748 0 0 -0.0012306838
0.062793158 330.59509 0.00018993978 -0.010070155 29.543589 42.60918 -42.573685 0.035495572 0.00046490616 0.029151909 41.758213 0.99951142 0.13956769 -0.00024115389 0.0061732214 399.93512 21.509546 -0.064894408 46.702885 43.676971 49.781757 0 0.51434922 0.041989971 345 20 0.8629508 0 20 0 0 6901.9155 6900 0.99972242 0.00036037661 -0.12432993 -0.047831692 0.072521031 0.0071343668 -0.0043586055 0 0 0.00022633855
-0.040667795 330.55701 -0.00012302809 -0.0088223526 29.541021 42.6194 -42.519997 0.099404171 0.00097498507 0.028828168 41.754982 0.99950379 0.14044042 -0.00021128863 0.0058319625 399.99963 21.494053 -0.00037093158 46.744095 43.761292 49.788383 0 0.51427919 0.041841503 345 20 0.86281228 0 20 0 0 6900.5405 6900 0.99992168 0.00036115039 -0.12459688 -0.015340581 -0.014392186 -0.024544397 -0.015971413 0 0 0.00087368669
-0.047916643 331.79221 -0.00014441762 -0.018368777 29.520678 43.525707 -43.772964 -0.24725617 0.0014685827 0.057085555 41.670845 0.99887478 0.14455989 -0.00044080641 0.010091755 399.90555 22.192356 -0.094439022 46.648762 43.53643 49.862125 0 0.51757759 0.047071379 345 20 0.86303395 0 20 0 0 6911.041 6900 0.99840242 0.00038286287 -0.13208769 -0.14175227 0.10576766 0.078845248 -0.015956484 0 0 0
-0.047007985 331.27338 -0.00014190089 -0.013019255 29.541216 43.522755 -43.53463 -0.011873802 0.00039786941 0.055994235 41.702881 0.99892974 0.14174634 -0.00031219079 0.0089494772 399.95795 22.074865 -0.04206733 46.582817 43.519073 49.750965 0 0.51757771 0.046117108 345 20 0.86291814 0 20 0 0 6905.8604 6900 0.99915141 0.00037959818 -0.13096137 -0.048621502 0.039657824 0.012663508 -0.037670687 0 0 -0.00078186102
-7.6014013 330.77802 -0.02298037 3.0529106 29.623755 46.174171 -40.593491 5.5806794 0.027279366 0.053068329 41.495289 0.99587774 0.17091592 0.073572464 -0.00019359487 400.14719 28.189367 0.1471763 46.224495 43.253048 50.926929 0 0.51322919 0.040075183 345 20 0.86253721 0 20 0 0 6837.6499 6900 1.0091187 0.00041109358 -0.14182729 -0.15088806 -0.60786408 -0.41823462 -0.17495054 0 0 0.01356086
-0.013557974 330.48343 -4.1024672e-05 0.099610083 29.535774 43.870396 -43.306965 0.56343114 0.0030334855 0.055692278 41.695217 0.99892366 0.14338158 0.0023890049 0.0083547737 400.52551 22.132296 0.52552277 46.715282 43.464577 50.079956 0 0.5199219 0.046481285 345 20 0.86169094 0 20 0 0 6888.3774 6900 1.0016873 0.00037455367 -0.12922102 1.0571475 -0.4893817 -0.43150869 0.098630041 0 0 0.014485912
-0.10206741 330.76428 -0.00030858049 -0.011577169 29.583307 43.571022 -43.631653 -0.060632858 0.00080944964 0.056689128 41.760277 0.99893594 0.1446065 -0.00027722924 0.0078818798 400.0047 22.091928 0.0047089937 46.790676 43.766552 49.950699 0 0.51948822 0.047320463 345 20 0.86281788 0 20 0 0 6904.9565 6900 0.99928218 0.00038032877 -0.13121343 0.055209253 0.032079507 -0.0095962863 0.021456707 0 0 0.0001505367
-0.064175479 331.65436 -0.0001935011 -0.01530723 29.56286 42.495159 -42.891182 -0.3960228 0.0031983908 0.028870694 41.785919 0.99948162 0.13834485 -0.00036632505 0.0074677668 399.85471 23.233631 -0.14530621 46.675289 43.401188 50.01038 0 0.51624918 0.045743085 345 20 0.86313945 0 20 0 0 6928.2998 6900 0.99591535 0.00037785128 -0.1303587 -0.24297391 0.21337982 0.14646153 -0.020860093 0 0 -0.0053272932
0.021621872 331.10309 6.5302534e-05 -0.55772829 29.80032 39.844067 -46.092266 -6.2481985 0.08164113 0.029215882 41.903423 0.99682504 0.15206651 -0.01330985 -0.0055382429 399.8573 42.230125 -0.14270166 46.701099 41.873695 54.409977 0 0.51151764 0.039501801 345 20 0.86356598 0 20 0 0 6935.1421 6900 0.99493277 0.00087872258 -0.3031593 0.012398277 0.010933882 0.062637731 -0.01453547 0 0 -0.00090831931
0.045575052 330.62418 0.00013784549 0.51846045 29.673244 43.8148 -41.618107 2.1966941 0.017795794 0.027857555 41.928329 0.99954969 0.13666552 0.012365397 0.0078754947 402.15256 22.8834 2.1525466 47.07859 42.465866 51.30056 0 0.52186233 0.046627086 345 20 0.85818934 0 20 0 0 6930.772 6900 0.99556011 0.00035662102 -0.12303425 5.1449909 -1.0868366 -1.0945482 0.85620409 0 0 0.035620436
-0.042672615 330.55997 -0.0001290919 0.02694091 29.644958 42.871563 -42.666447 0.20511933 0.0017562589 0.028920732 41.901936 0.99950546 0.14004216 0.0006429514 0.0055601066 400.0351 21.85585 0.035090208 46.904209 43.89658 50.026291 0 0.51433194 0.041837949 345 20 0.86273903 0 20 0 0 6924.9634 6900 0.99639517 0.00036487001 -0.12588015 0.29834259 0.20200548 0.1058626 0.095369764 0 0 -0.0035670085
-0.049903866 332.05685 -0.00015028712 -0.01869192 14.60929 21.994913 -22.112253 -0.11733984 0.0011205135 0.07696303 20.590876 0.99782664 0.2477573 -0.00090777682 0.023985982 399.9285 11.400907 -0.071511209 25.176521 23.562315 26.843086 0 0.51387715 0.043033637 350 10 0.87524474 1 10 0 0 3417.2363 3500 1.0242195 0.00010084624 -0.035296179 -0.14944403 0.026153585 0.0066322032 -0.037882831 0 0 0
-0.064614423 331.53815 -0.00019489287 2.7190695 13.732849 25.421349 -14.514306 10.907043 0.15447216 0.075137846 18.75366 0.9974246 0.25001812 0.14498873 0.021202736 401.8725 32.814102 1.8724895 23.243958 18.098341 30.76696 0 0.51495588 0.041432854 350.01035 10.021011 0.86948574 1 10.024137 26.015934 20.861847 3107.5068 3442.6826 1.10786 -0.001679747 0.58792883 0.42657655 -5.0330105 -3.5115058 -0.92701691 -0.0023324459 -0.0037992108 0.2214752
0.037521087 330.99335 0.00011335903 -0.10833551 17.717842 26.119432 -27.066029 -0.94659573 0.028970845 0.07836733 24.956398 0.9982782 0.20610653 -0.0043409914 0.022265742 395.47772 24.294104 -4.522274 29.163656 23.424503 32.37957 0 0.51067144 0.043083072 350 9.9999952 0.88526547 1 9.9999952 1.7595545e-05 3.5191089e-05 4128.6865 3499.9983 0.84772682 0.00029363518 -0.10277231 -2.7052891 10.384347 6.8020148 1.4597917 0.0073238532 0.014647706 -0.55298615
0.01940891 330.64938 5.8699363e-05 -0.51503491 15.155509 21.653996 -23.76902 -2.1150253 0.031417541 0.082249127 21.324402 0.99796772 0.23067589 -0.024152374 0.020173086 383.27402 14.075782 -2.6810141 25.417841 21.468353 28.51601 0 0.49335048 0.042931907 350 10 0.91330808 1 10 0 0 3524.4287 3500 0.99306875 0.00013502882 -0.047260091 -5.2688127 2.6855261 2.2298899 -0.54164368 0 0 -0.16886994
-0.10041209 330.98541 -0.00030337312 -0.031283066 14.688638 22.062283 -22.128902 -0.066620514 0.0024228408 0.077945933 20.701265 0.99787748 0.23965688 -0.0015111668 0.020817662 385.88147 11.798554 -0.073552474 25.135406 23.458399 26.869446 0 0.49727243 0.043976042 350 10 0.90711915 1 10 0 0 3424.876 3500 1.0219349 0.00011565466 -0.040479131 -0.25939718 -0.028972654 0.0023745964 -0.057216216 0 0 -0.00019467219
-0.14267175 331.5506 -0.00043031669 1.9469919 12.518049 27.927168 -20.414782 7.5123854 0.172065 0.093460254 16.46081 0.96227807 0.26913002 0.11828045 0.052467912 412.51404 19.173174 12.514041 17.366566 9.673542 27.23852 0 0.3957659 -0.091351025 350.0191 10.038228 0.84844542 1 10.040432 0.15823384 0.31646767 2723.5032 3513.574 1.2900935 -6.7067143e-05 0.023474783 2.6390526 -19.479248 -14.249187 0.68614888 4.2745309 -7.5030184 0.3123135
-0.065392844 331.16306 -0.00019746418 0.23410951 15.501011 28.20153 -28.175049 0.026481487 0.015330694 0.070386253 21.414682 0.97883552 0.20594475 0.010932196 0.037043601 400.36078 11.589502 0.3607755 20.666815 18.789253 22.530737 0 0.42070231 -0.052367967 350 10 0.87429368 1 10 0 0 3541.4148 3500 0.98830563 9.3962684e-05 -0.032886941 1.1720225 0.034807142 -0.33234903 0.68407363 0 0 0.026077326
0.017832074 330.67477 5.392632e-05 0.24477239 15.390835 27.646605 -24.477098 3.1695063 0.026423087 0.047532842 21.258656 0.97719151 0.21371697 0.011514011 0.049226653 400.06525 11.35339 0.065259941 20.502722 18.933783 22.164431 0 0.41020039 -0.063410036 350 10 0.87494338 1 10 0 0 3507.7615 3500 0.99778736 9.8393968e-05 -0.034437887 0.095009632 -0.056721311 -0.089359403 0.46536642 0 0 0.011567076
-0.12024632 330.72952 -0.00036357905 0.28025252 15.204083 28.32457 -28.26931 0.05525988 0.012406181 0.048277564 21.115099 0.98309124 0.18480527 0.013272612 0.024750577 400.04172 11.244433 0.041722901 20.416561 18.862082 22.05229 0 0.40846419 -0.065018982 350 10 0.87499106 1 10 0 0 3488.854 3500 1.0031947 9.4117509e-05 -0.032941129 0.004087077 -0.087075256 -0.40872055 -0.10763694 0 0 0.025746608
0.07327687 331.47925 0.00022106021 0.021933286 29.464607 43.483425 -43.574055 -0.090628579 0.00056633767 0.056302171 41.594391 0.99892074 0.14169441 0.0005273135 0.0082576424 400.13312 22.093235 0.13311502 46.474434 43.435276 49.663891 0 0.51737744 0.045781832 345 20 0.86253864 0 20 0 0 6892.3745 6900 1.0011064 0.00037758038 -0.13026524 0.10527136 -0.20451888 -0.086174272 0.034965821 0 0 0.0032443537
-0.04451577 331.49609 -0.00013428747 0.15807566 2.9258544 5.6430769 -7.1185513 -1.4754746 0.17863771 0.071364231 3.8800466 0.95753109 0.80952507 0.040740661 0.052835092 406.82251 21.548389 6.8225203 7.3861365 5.2352452 12.898518 0 0.51451629 0.034920327 337.80829 4.9999886 0.83058733 0 5 0.20262735 3.0417426e-05 642.43829 1689.0376 2.6291049 0.0002762767 -0.093328558 2.8596232 -16.730925 -10.901327 -2.6233418 0.2037618 0.00020961111 2.0869398
-0.040665716 331.08633 -0.00012282511 0.39780945 8.1507015 13.077517 -11.694657 1.3828597 0.03422796 0.096848011 11.446088 0.99635655 0.37837225 0.034755059 0.036681052 400.05698 10.927366 0.056990065 15.617117 13.237486 17.266514 0 0.51286292 0.039381362 337.5 5 0.84368765 0 5 0 0 1893.395 1687.5 0.89125615 6.8574154e-05 -0.023143776 3.5848277 3.1812978 1.558392 1.3212571 2.0008883e-11 4.0034642e-11 -0.23196499
-0.084925868 330.89679 -0.00025665364 -0.026976889 6.8517165 10.445811 -10.704608 -0.25879619 0.0062525342 0.10139114 9.6298714 0.99538738 0.44105282 -0.0028013759 0.036716163 399.80731 5.6671658 -0.19269687 13.627619 12.706886 14.517729 0 0.51374739 0.040597539 337.5 5 0.84417713 0 5 0 0 1592.0541 1687.5 1.0599514 2.4207913e-05 -0.0081701707 -0.33189622 0.20923223 0.14584106 -0.027516097 0 0 -0.022402212
0.025146715 331.66959 7.5818578e-05 -0.0071237991 29.633747 44.341297 -44.482121 -0.1408217 0.00022775952 0.097348839 41.60252 0 0 -0.0001712348 0.030084135 400.02795 22.971882 0.027939776 0 0 0 0 0 0 0 0 0 0 0 0 0 6892.8921 0 0 0 0 0 0 0 0 0 0 0
0.071288615 331.12317 0.00021529336 0.0060630403 29.72101 44.480724 -44.507183 -0.026459144 0.00044349051 0.096890539 41.728798 0.99471796 0.21412441 0.00014529632 0.029998338 399.99164 22.941635 -0.0083549321 48.987789 45.843884 52.270271 0 0.41854268 -0.053515472 345 20 0.86287081 0 20 0 0 6902.7944 6900 0.99959517 0.0004090282 -0.14111473 0.0021069034 0.00050018338 -0.0032278849 0.0027588992 0 0 0.00070851418
-0.037835218 330.82773 -0.00011436532 0.0033102972 29.766201 44.545757 -44.658207 -0.11244914 0.00052818161 0.096944883 41.790051 0.99465215 0.21442348 7.9212572e-05 0.030160367 399.98306 22.938478 -0.016936293 49.059597 45.911037 52.347988 0 0.41955334 -0.052782409 345 20 0.86288863 0 20 0 0 6906.6587 6900 0.99903595 0.00040825378 -0.14084755 -0.010661215 0.014118211 0.0077461405 -0.003283812 0 0 -0.00019685573
-0.045026731 330.79474 -0.00013611683 -0.15405929 15.314497 23.028561 -23.86186 -0.83329827 0.015111944 0.14129816 21.331957 0.98847073 0.31362107 -0.0072219949 0.031183247 398.00684 15.443075 -1.9931607 26.79031 23.413952 29.300343 0 0.37791327 -0.09303388 340 10 0.85437495 0 10 0 0 3525.5154 3400 0.96439803 0.00013843368 -0.047067452 -2.2254362 3.5610046 2.4508793 0.30932069 0 0 -0.19054261
-0.13865058 330.88852 -0.00041902505 -0.017597824 14.430689 22.119663 -22.106409 0.013253725 0.00045525405 0.14671643 20.078871 0.98665464 0.33637631 -0.00087643496 0.030014219 399.97858 11.764751 -0.021410603 25.788624 24.167856 27.496078 0 0.37281644 -0.10047429 340 10 0.8501361 0 10 0 0 3319.0869 3400 1.0243782 0.00010659244 -0.036241431 -0.12084702 -0.040333759 -0.0031819281 -0.032278173 0 0 0.00082948082
0.097412914 331.59717 0.00029376883 -0.0048945877 14.638096 21.288797 -21.461084 -0.17228711 0.00058149669 0.039820217 20.680443 0.99937683 0.23612446 -0.00023667714 0.018340822 399.96487 11.09141 -0.035118729 25.158295 23.601278 26.724144 0 0.50875288 0.037160069 350 10 0.87515903 1 10 0 0 3428.1084 3500 1.0209712 9.3934614e-05 -0.032877114 0.013783411 0.095297694 0.051395394 0.025592215 0 0 -0.0026147095
0.074335888 331.1853 0.00022445407 -0.026897255 15.252154 17.651804 -25.310135 -7.6583323 0.23428132 0.034675486 20.844864 0.97985679 0.28555787 -0.0012903539 -0.0013296769 399.99057 34.054859 -0.0094225826 24.720798 20.724455 31.253426 0 0.49889609 0.026049243 350 10 0.87561804 1 10 0 0 3450.947 3500 1.0142144 0.00068276259 -0.23896691 0.088649139 -0.26583335 0.15452993 0.23050007 0 0 0.0018846985
-0.019423844 330.91171 -5.8697966e-05 0.003182868 15.098378 21.984343 -22.124422 -0.14007962 0.0037402716 0.042312946 21.328014 0.99936724 0.22930464 0.00014923414 0.018738225 399.41794 12.870397 -0.58206522 25.765162 23.712318 27.499905 0 0.50986296 0.037810601 350 10 0.87636918 1 10 0 0 3528.0706 3500 0.99204361 0.00010735441 -0.037574045 -0.34916857 1.4547971 1.0615194 0.27582145 0 0 -0.075672209
-0.11171126 330.88364 -0.00033761494 -0.0079109585 14.676118 21.429548 -21.457895 -0.028347325 7.9336111e-05 0.040712219 20.733246 0.99937594 0.24050815 -0.00038155913 0.019906532 399.97696 11.091957 -0.023042586 25.319397 23.77113 26.886517 0 0.51606929 0.04328385 350 10 0.87513328 1 10 0 0 3429.3821 3500 1.020592 9.4684823e-05 -0.033139687 -0.010219504 0.062242121 0.050717805 -0.0084291138 0 0 -0.0038567823
-0.0038718286 331.65076 -1.1674415e-05 -0.015298357 29.495975 42.468655 -42.60302 -0.13436344 0.0015112148 0.028819401 41.69112 0.9994477 0.14092121 -0.00036694523 0.0067707775 400.00986 21.607365 0.0098504191 46.666401 43.68581 49.720238 0 0.51221311 0.041562706 345 20 0.86279058 0 20 0 0 6912.5088 6900 0.9981904 0.00036151349 -0.12472215 0.03639866 0.0022945339 0.031456992 -0.020878086 0 0 -0.00059685035
0.06607341 331.53314 0.00019929654 -0.00080288982 0.011383011 0.0003366227 -0.16095002 -0.1606134 0.97819096 0.98636627 0.0016414392 -0.016380502 6211.7476 -0.48913774 1.4094872 419.10556 0.054815084 19.105553 -100 -100 -100 1 0.0039676111 -0.49223575 335 0 0.98000002 0 20 0 0 0.043275367 0 0 0.22604012 -75.723442 -0.055098873 0 0.0088824416 -0.00096652564 0 0 0
-0.0077118743 330.79254 -2.3313325e-05 1.2253293 29.026245 44.21492 -38.923573 5.2913465 0.040989738 0.027158368 40.947411 0.99957812 0.14385271 0.029924463 0.010095168 405.47681 22.938108 5.4767914 46.690872 40.442474 52.289604 0 0.51919013 0.040059611 345 20 0.85112411 0 20 0 0 6772.1602 6900 1.0188773 0.00032191406 -0.11106035 12.839945 -4.2668157 -4.6292539 1.6135149 0 0 0.14084496
-0.078638926 330.6369 -0.00023784075 0.050147012 29.570595 42.717365 -42.579048 0.13831511 0.0014946383 0.028814839 41.796677 0.99947459 0.14020287 0.0011997847 0.0053801467 400.12152 21.636398 0.12150988 46.783596 43.800182 49.916084 0 0.51867992 0.046295192 345 20 0.86254942 0 20 0 0 6909.0103 6900 0.99869585 0.00036109475 -0.12457769 0.3541514 -0.0059804386 -0.046673525 0.094963267 0 0 0.0012024534
-0.19204795 330.8829 -0.00058041059 -0.011105418 29.530125 42.568367 -42.625622 -0.057254493 0.0012486296 0.02914948 41.73917 0.99951559 0.14173198 -0.00026606704 0.0066717975 399.97842 21.514492 -0.021562172 46.782883 43.776325 49.850979 0 0.50950348 0.037423231 345 20 0.86285704 0 20 0 0 6904.6138 6900 0.99933177 0.00036000527 -0.12420181 -0.037339948 0.023530953 0.0047867652 0.0022070222 0 0 -0.00042576602
-0.023043042 331.3956 -6.9533329e-05 -0.0073948232 29.487598 42.501114 -42.66132 -0.1602056 0.00061249739 0.028682142 41.679958 0.99948102 0.13888721 -0.00017741916 0.0059635611 399.9512 21.503475 -0.04880441 46.571602 43.559662 49.64883 0 0.51684439 0.045942649 345 20 0.86291641 0 20 0 0 6905.3901 6900 0.99921948 0.00036075158 -0.1244593 -0.070897706 0.04162997 0.02371444 -0.015241951 0 0 -0.00062625378
0.067287676 330.84811 0.00020337936 0.027579352 29.534086 42.687767 -42.605045 0.082719423 0.00041034145 0.028950097 41.745441 0.99954295 0.13782954 0.00066065544 0.0065749153 400.00601 21.521433 0.0060167178 46.633587 43.647442 49.691921 0 0.5132435 0.0412907 345 20 0.86279863 0 20 0 0 6904.9658 6900 0.99928087 0.00036126806 -0.12463748 0.029782562 0.014243906 0.011490753 0.029751765 0 0 2.9420517e-06
0.032575816 330.53384 9.855516e-05 -0.020011585 29.555695 42.624359 -42.585789 0.038569979 0.00065957912 0.02831948 41.776451 0.99950516 0.14023085 -0.0004790159 0.0065561249 399.94897 21.534286 -0.051024083 46.751953 43.740658 49.827019 0 0.51896113 0.046539854 345 20 0.8629213 0 20 0 0 6903.6094 6900 0.99947715 0.00036080679 -0.12447834 -0.078128308 0.028686188 0.0066941343 -0.03264901 0 0 -0.00013020023
-0.1551857 330.78168 -0.00046914842 -0.012033037 29.528635 42.673931 -42.592659 0.081271462 0.00053283473 0.029229863 41.737095 0.99952787 0.14121851 -0.00028830557 0.00510026 400.03317 21.507467 0.03317577 46.759769 43.783375 49.814518 0 0.51906335 0.047056392 345 20 0.86273909 0 20 0 0 6902.167 6900 0.99968606 0.00036018252 -0.12426297 0.028998109 -0.046221633 -0.029095123 -0.010275134 0 0 0.00050135859
-0.049447581 331.57916 -0.00014912753 0.003184034 29.708157 44.534031 -44.488216 0.045811813 0.00046594781 0.096934147 41.708145 0.99465489 0.21420909 7.6340817e-05 0.030382875 399.97647 22.960827 -0.023527628 48.949997 45.802872 52.240135 0 0.41828206 -0.052673075 345 20 0.86290354 0 20 0 0 6908.9805 6900 0.9987002 0.00040903626 -0.14111751 -0.034790896 0.03265506 0.030933954 -0.0022105926 0 0 -0.0014933371
0.023817852 331.022 7.1952476e-05 -0.015320995 31.032484 46.050751 -46.02293 0.02782076 0.0011917194 0.072180368 43.651836 0.99576938 0.13167888 -0.00035098169 0.044634834 399.88913 22.557396 -0.11086307 47.301468 44.132679 50.589546 0 0.38891381 -0.082196854 345 20 0.86307812 0 20 0 0 7215.2324 6900 0.95631015 0.00039294682 -0.13556665 -0.29795977 0.045616321 0.070228361 -0.03118266 0 0 -0.002063232
0.057035189 330.53528 0.00017255402 -0.22548476 29.830828 44.099369 -45.143269 -1.0438982 0.0071391622 0.093103573 41.905655 0.99541289 0.20178171 -0.0053807716 0.029377133 398.68481 23.606213 -1.3151889 48.607182 44.398888 52.562645 0 0.42511892 -0.045993127 345 20 0.86570328 0 20 0 0 6920.4395 6900 0.99704653 0.00041377713 -0.14275311 -1.4548025 1.4216622 0.37075257 -0.43824813 0 0 -0.010095421
-0.028627926 330.47092 -8.6627675e-05 -0.0055389693 29.766365 44.61272 -44.668846 -0.056125626 3.2678185e-05 0.09690702 41.792274 0.99467582 0.21460108 -0.00013253573 0.029599933 400.01413 22.90274 0.014135671 49.083118 45.948689 52.362698 0 0.42083099 -0.052131996 345 20 0.862822 0 20 0 0 6900.3179 6900 0.99995393 0.00040865975 -0.14098762 -0.016778978 -0.054452822 -0.033793312 -0.014962194 0 0 0.0012116493
-0.023004048 331.73123 -6.9345442e-05 -0.0091534201 29.704714 44.517319 -44.4748 0.042521607 0.00055243348 0.097157262 41.702385 0.9946301 0.21453349 -0.00021949393 0.031414654 399.93451 22.988728 -0.065478764 48.950642 45.762753 52.256668 0 0.41841072 -0.052397624 345 20 0.8629961 0 20 0 0 6911.1655 6900 0.99838442 0.00041141623 -0.1419386 -0.093418539 0 0.070967555 -0.0020296215 0 0 0
-0.07101842 331.22421 -0.00021441192 -0.018112276 29.908859 46.520378 -42.164795 4.3555822 0.065199487 0.10499009 41.686852 0.98898804 0.13578843 -0.00043448416 0.0088134157 400.9101 33.332394 0.91009259 45.593479 41.671692 51.707287 0 0.37019226 -0.10274848 345 20 0.86100554 0 20 0 0 6898.4463 6900 1.0002252 0.00053861778 -0.18582314 -0.27080765 -1.2177305 0.21176878 -0.042195752 0 0 -0.0042373976
0.011794389 330.6691 3.566825e-05 0.047706403 30.194265 47.422291 -41.203201 6.2190866 0.092839554 0.10923953 41.867359 0.98470378 0.10216157 0.0011394653 -0.010498929 399.97614 38.087349 -0.023852112 43.760612 39.675041 50.544693 0 0.36840248 -0.104716 345 20 0.86315411 0 20 0 0 6915.5996 6900 0.99774426 0.00069869275 -0.24104901 -0.06312298 -0.012093576 0.002301838 -0.037078846 0 0 0.00066544296
-0.015512762 330.43286 -4.6946789e-05 0.10409456 29.87034 44.962368 -44.567814 0.39455506 0.0026529105 0.09622436 41.941433 0.99471128 0.21411559 0.0024819029 0.029804498 400.27991 23.245207 0.27989462 49.279446 45.913742 52.758701 0 0.42156172 -0.051904805 345 20 0.86225104 0 20 0 0 6924.2041 6900 0.99650443 0.00041088814 -0.1417564 0.891693 0.031892784 -0.081674628 0.19153871 0 0 0.0028368556
-0.10007364 330.72717 -0.00030258668 -0.0025085269 29.771048 44.56715 -44.677803 -0.11065222 0.00058656931 0.0970212 41.797836 0.99469692 0.21449104 -6.0015711e-05 0.029587317 400.00781 22.948965 0.0078037567 49.093288 45.967609 52.382877 0 0.42004231 -0.052400667 345 20 0.86283594 0 20 0 0 6906.373 6900 0.9990772 0.00040900375 -0.14110629 0.024956752 0.020774379 0.0094307745 0.013516222 0 0 -0.00054073328
-0.057788726 331.53915 -0.00017430438 0.11411843 15.689211 27.966354 -28.235605 -0.26925239 0.001558176 0.068222679 21.716862 0.9803704 0.20316812 0.0052548307 0.025824444 399.9306 11.342937 -0.069387011 20.322216 18.731018 22.004627 0 0.40971115 -0.062255636 350 10 0.87523127 1 10 0 0 3596.6738 3500 0.97312129 9.0806549e-05 -0.031782292 -0.1710376 -0.031663332 0.42003238 0.097156227 0 0 -0.02789551
-0.12370149 296.05728 -0.00041782955 0.56818479 15.184267 27.346371 -27.504929 -0.15855764 0.0099220835 0.064060271 20.970978 0.97752821 0.22519989 0.027093861 0.035530098 400.09232 18.980114 0.092308752 19.164587 16.636229 21.569199 0 0.41594657 -0.11278781 349.9957 12.595389 0.87426525 1 12.594619 0.034521185 0.06904237 3100.4326 4408.3325 1.4218444 -0.00059688999 0.20890895 -0.27573833 -1.1402392 -0.24673134 0.96989816 0.078133553 1.848846 0.29564041
0.017411662 295.87723 5.8847596e-05 0.048828021 14.956473 27.638037 -24.959497 2.6785386 0.020076983 0.038936261 20.701553 0.97866106 0.2068415 0.0023586645 0.06237191 399.85144 19.085695 -0.14856684 19.937279 17.472822 22.626114 0 0.41418889 -0.11485442 350 12.603968 0.87524104 1 12.603968 0 0 3056.8369 4411.3887 1.443122 -9.602408e-05 0.033608429 0.085010514 0.089382462 -0.76014382 0.085685134 0 0 0.06722974
-0.089361377 330.72449 -0.00027019886 0.16131322 15.336298 27.783266 -27.959419 -0.17615345 0.0092905685 0.04175593 21.224905 0.97955275 0.20216423 0.0076001855 0.038902666 399.94708 11.177548 -0.052923288 20.524523 18.941895 22.165861 0 0.41396672 -0.059320882 350 10 0.87519932 1 10 0 0 3506.241 3500 0.99822009 9.5420182e-05 -0.033397064 -0.16412489 -0.019195739 -0.22594397 -0.33012509 0 -2.8421709e-14 0.013531753
-0.079435796 331.13016 -0.00023989296 -0.097455882 15.495642 28.177586 -27.636372 0.54121405 0.0082142819 0.056090519 21.436069 0.97964704 0.20312506 -0.0045463503 0.027049305 400.03397 11.348682 0.033958882 20.458105 18.891617 22.121645 0 0.40577999 -0.067058563 350 10 0.87501347 1 10 0 0 3546.2444 3500 0.98695964 0.00010029374 -0.035102807 -0.0061760447 -0.024207924 -0.15728192 -0.040275056 0 0 0.0095447544
-0.024980558 331.67496 -7.5316384e-05 0.0051191309 14.632076 21.998751 -21.92864 0.070110664 0.00061431387 0.07516969 20.626215 0.99796599 0.2406656 0.00024818565 0.021558814 400.04486 11.370224 0.044859663 25.095068 23.527506 26.735884 0 0.51396549 0.042145263 350 10 0.87498921 1 10 0 0 3419.3281 3500 1.0235928 9.9796482e-05 -0.034928769 0.064809762 -0.071829796 -0.048188925 -0.02241854 0 0 0.0031090367
-0.033175349 331.17636 -0.00010017427 1.228772 15.10323 24.924318 -20.721182 4.2031369 0.11039562 0.075995766 21.090298 0.99789429 0.2334521 0.05826243 0.021097554 399.18552 33.650871 -0.81449234 25.439306 18.566324 29.033371 0 0.51326072 0.042285241 350.00436 10.008737 0.8767603 1 10.008698 8.3664093 20.321501 3490.7654 3486.7798 0.99885821 -4.1010553e-05 0.014353872 -1.5383507 0.85662508 0.67838752 -0.12608521 0.000257309 0.00052404415 -0.048176423
0.006532311 330.77142 1.9748717e-05 -0.019366441 15.139111 22.610723 -22.826797 -0.21607465 0.0047676233 0.076866746 21.337858 0.99791878 0.23702264 -0.00090760936 0.021003285 399.32184 13.265144 -0.67816699 25.821402 23.650948 27.681173 0 0.51531655 0.042943276 350 10 0.87658602 1 10 0 0 3527.7666 3500 0.99212909 0.00011408516 -0.039929803 -0.3934218 1.5575763 1.0453329 0.22810668 0 0 -0.073561348
-0.076376557 330.78317 -0.00023089614 -0.019179812 14.675066 21.969267 -22.051737 -0.082470216 0.0013306702 0.07646285 20.684181 0.99787855 0.24580848 -0.00092726958 0.020576566 399.95859 11.394542 -0.04142097 25.263601 23.669001 26.913527 0 0.51655793 0.043577943 350 10 0.87517822 1 10 0 0 3420.0044 3500 1.0233905 0.000100116 -0.035040598 -0.10951858 0.017781181 0.013623252 -0.0050674439 0 0 -0.0006955408
0.073671505 331.75665 0.0002220649 0.024349058 14.544094 21.272749 -21.16894 0.10380936 0.0021420289 0.038829181 20.548271 0.99939442 0.23789081 0.0011849686 0.019882577 400.17697 11.016397 0.17698579 25.056061 23.488855 26.66334 0 0.51374263 0.041894253 350 10 0.87469411 1 10 0 0 3407.8416 3500 1.027043 9.269789e-05 -0.032444261 0.16903895 -0.27126858 -0.14006016 0.050232034 0 0 0.010137484
-4.0277386 332.47144 -0.01211454 1.1652405 14.087538 22.13496 -18.831057 3.3039038 0.040552516 0.046162385 19.807484 0.99922705 0.26003382 0.058828294 0.021528102 401.17068 16.837021 1.1706827 24.676266 20.415302 26.969717 0 0.51572353 0.043258987 349.33484 8.6696901 0.87040091 1 8.6750002 2.6730645 5.3461289 3286.6252 3031.1133 0.92225707 -0.00044519431 0.15552188 1.2308449 -0.47724929 -0.44569817 1.1112403 -0.66515499 -1.33031 -0.1047138
-0.026727485 331.07272 -8.0729951e-05 -0.4431695 6.3441057 8.7501059 -10.302417 -1.5523117 0.048747428 0.077432871 8.8977242 0.99679947 0.44854492 -0.049807064 0.013998211 399.02078 8.2906437 -0.97920698 12.540563 10.998422 14.125872 0 0.50646186 0.034871317 347.5 5 0.8709017 1 5 0 0 1472.7184 1737.5 1.1797911 2.2727656e-05 -0.0078978604 -2.1582949 -0.98591268 -2.0666621 -2.365432 0 0 0.20161465
-0.086757809 330.90616 -0.0002621825 0.011644596 6.9653082 10.377541 -10.122696 0.2548447 0.01036679 0.050198145 9.8319845 0.99877799 0.43153328 0.0011843587 0.032529708 400.16858 5.4601612 0.16857345 13.91356 13.11115 14.739005 0 0.51436263 0.040886588 347.5 5 0.86840343 1 5 0 0 1625.9484 1737.5 1.0686071 2.2371938e-05 -0.0077742483 0.25236806 -0.23106249 -0.1613832 -0.012727828 0 0 0.024181983
0.0745105 331.94073 0.00022446929 0.013313011 14.543138 21.191633 -21.279682 -0.088048749 0.0012927142 0.040721126 20.54591 0.9994247 0.24151143 0.00064796407 0.018983873 400.10025 11.015999 0.1002579 25.126619 23.593687 26.697407 0 0.51407719 0.042854801 0 0 0 0 0 0 0 3409.3816 0 0 0 0 0 0 0 0 0 0 0
0.074823156 331.4169 0.00022576748 -0.020358447 14.619974 21.449621 -21.478529 -0.02890943 0.00058310304 0.039752964 20.654865 0.99941993 0.23685858 -0.00098564895 0.01891626 399.97119 10.996004 -0.028794125 25.148355 23.598938 26.722086 0 0.51438642 0.042247374 350 10 0.87514555 1 10 0 0 3422.0876 3500 1.0227674 9.4352428e-05 -0.03302335 -0.014269912 0.034280032 0.0059541417 -0.022388371 0 0 0.00025256278
-0.033746783 331.12045 -0.00010191694 -0.0018878904 14.627547 21.336372 -21.365871 -0.029498244 0.00046141786 0.039325129 20.666214 0.99943095 0.23628342 -9.135154e-05 0.019549638 399.99091 10.979404 -0.0090949163 25.149874 23.617302 26.712044 0 0.50984156 0.03729368 350 10 0.8751018 1 10 0 0 3420.7324 3500 1.0231727 9.3612332e-05 -0.032764316 -0.021825543 -0.009815692 -0.011273233 0.0085112387 0 0 0.00070549099
-0.038662829 330.79816 -0.0001168774 -0.014637816 14.660057 21.440376 -21.338799 0.10157681 0.0012440755 0.04054584 20.710537 0.99937046 0.24002196 -0.00070678111 0.018916473 400.01718 10.999734 0.01718279 25.285616 23.764027 26.848827 0 0.51573443 0.042723812 350 10 0.87504482 1 10 0 0 3424.8037 3500 1.0219563 9.417106e-05 -0.032959871 0.065788053 0.0035549488 -0.0069393422 -0.00056745845 0 0 0.00033924321
-0.15083058 330.95837 -0.00045573883 -0.018118046 14.659883 21.426287 -21.403156 0.023130545 0.0009803744 0.041784398 20.709129 0.9994083 0.24239931 -0.0008748821 0.016958855 399.97955 11.063343 -0.020441892 25.339256 23.792814 26.905569 0 0.51628965 0.043525372 350 10 0.87512708 1 10 0 0 3426.3979 3500 1.0214809 9.4104653e-05 -0.032936629 -0.0049360818 0.05305855 0.029906398 -0.007294226 0 0 -0.0019158993
0.092450015 331.34424 0.00027901499 0.018161058 29.510641 42.5042 -42.536873 -0.032673173 6.9844224e-05 0.028509812 41.712627 0.99947804 0.13862705 0.00043538513 0.0062926537 399.96805 21.641254 -0.03196352 46.597454 43.596146 49.657413 0 0.51197642 0.040801898 345 20 0.86287993 0 20 0 0 6909.7642 6900 0.99858689 0.00036058942 -0.12440334 0.056668315 0.12207679 0.065552197 0.029547792 0 0 -0.0012756075
-16.78124 330.93427 -0.050708681 2.4032907 21.117954 33.613628 -28.399984 5.2136445 0.0068242848 0.04497356 29.595766 0.99818522 0.23686354 0.081203878 -0.0013387471 395.52838 18.157743 -4.4716091 33.581696 27.852625 37.261639 0 0.50954652 0.043841347 342.5 15 0.86610597 0 15 2.8060185e-09 5.6119003e-09 4856.0835 5137.5 1.0579513 0.00020291896 -0.069499746 -13.571947 0.29302207 1.1119996 -2.8254552 0.00023431727 0.00046863453 -0.11292335
-0.015149218 330.79291 -4.5796685e-05 -0.1194209 21.824877 31.402515 -31.903074 -0.50055814 0.00657818 0.033889402 30.841009 0.99945921 0.1743402 -0.0038721464 0.010110933 399.46167 16.495173 -0.53833073 35.524292 32.837006 38.103088 0 0.51123101 0.039424289 342.5 15 0.85757875 0 15 0 0 5100.3384 5137.5 1.0072862 0.0002038846 -0.069830477 -1.3043871 0.34605557 0.40149772 -0.18852775 0 0 -0.018979471
-0.11014219 330.77557 -0.00033298164 -0.017290806 21.812637 31.636539 -31.585541 0.050999813 0.00056879938 0.032876596 30.826035 0.99950427 0.17609444 -0.00056091568 0.011068181 399.97189 16.109535 -0.028116524 35.634098 33.381504 37.928608 0 0.51743764 0.044876203 342.5 15 0.85648263 0 15 0 0 5097.6309 5137.5 1.0078211 0.00020137818 -0.068972029 -0.064005755 0.017696192 0.027815092 -0.01831373 0 0 -0.0016480437
-0.0042855237 331.633 -1.2922489e-05 -0.013032536 29.550781 43.68784 -43.648903 0.038936142 0.0010228816 0.05702262 41.713264 0.998851 0.14400785 -0.00031243145 0.0090935538 400.02783 22.240187 0.02784366 46.678955 43.608833 49.85482 0 0.5179714 0.047175359 345 20 0.86276841 0 20 0 0 6914.7837 6900 0.99786204 0.00038086105 -0.13139705 0.12228268 0.030193148 0.030103141 0.0053362413 0 0 -0.00054038694
0.067819223 331.09689 0.00020483196 0.019032339 29.563017 43.742115 -43.54295 0.19916533 0.00076497288 0.056348953 41.733112 0.99892312 0.1409554 0.00045604887 0.0075351726 400.01761 22.128748 0.017602257 46.594742 43.565971 49.77356 0 0.5175544 0.045845553 345 20 0.86278898 0 20 0 0 6907.3066 6900 0.9989422 0.00037903985 -0.13076875 0.059669588 0.01192504 0.021802125 0.032051593 0 0 -0.00020920993
0.045251392 330.71524 0.00013682886 -0.071012378 30.003757 44.165138 -44.441216 -0.27607694 0.0043662507 0.057062697 42.352539 0.99900603 0.134407 -0.0016766971 0.0098240171 381.01773 24.742743 -0.88638848 46.906536 42.960926 50.58651 0 0.49297079 0.046750374 345 20 0.90590596 0 20 0 0 7001.626 6900 0.98548537 0.00048186581 -0.1662437 -1.1843154 1.4673612 1.0861925 0.085639067 0 0 -0.036858208
-0.080670722 330.60815 -0.00024400705 -0.017022882 29.63265 43.709541 -43.687664 0.02187589 0.00059518887 0.056470886 41.830914 0.99895012 0.1381401 -0.00040694504 0.0084448718 381.88824 23.101839 -0.015863685 46.549557 43.378063 49.855343 0 0.49396443 0.046654467 345 20 0.90381718 0 20 0 0 6913.3013 6900 0.99807602 0.00045551881 -0.15715398 -0.087265983 -0.018674824 0.0050828867 -0.019797843 0 0 -0.00056453299
-0.19259846 330.85342 -0.00058212626 -0.0078255637 29.618086 43.587852 -43.716816 -0.12896068 0.00041567156 0.056849677 41.808987 0.99897271 0.13931493 -0.00018717421 0.009900054 381.92627 23.085861 0.022151405 46.595501 43.434277 49.897423 0 0.49503151 0.047786321 345 20 0.9037261 0 20 0 0 6914.5093 6900 0.99790162 0.00045434895 -0.1567504 0.0073771076 -0.039605625 -0.017173026 -0.003356905 0 0 0.00031427669
0.03857049 331.69452 0.00011628317 2.2997291 15.839097 29.050825 -22.029806 7.0210199 0.21416552 0.14559993 21.175526 0.97872418 0.43813327 0.10860316 0.031953067 426.48557 47.727592 26.485556 31.827185 22.12746 52.859344 0 0.45872894 -0.041729264 345 20 0.65982872 0 20 0 0 3509.9358 6900 1.965848 -0.18432631 63.592575 16.412729 -52.532101 -36.137161 -5.0176973 0 0 1.3868029
-0.56255704 332.06152 -0.001694135 4.092401 27.038046 45.234409 -46.108093 -0.87368435 0.20807478 0.2213013 35.542599 0.98927015 0.26918113 0.11514073 0.12603271 411.6716 108.62167 11.671603 45.909897 8.340539 54.435413 0 0.4990589 0.011464522 345 20 0.69932818 0 20 0 0 5853.1733 6900 1.1788477 -0.16552591 57.106441 11.95785 -1.8351953 -1.1150631 4.5161581 0 0 0.12065268
0.060893506 330.43997 0.00018428008 -0.19378114 30.586567 45.331341 -46.315754 -0.98441416 0.0088441754 0.096786968 42.94392 0.99498308 0.20738193 -0.0045124232 0.030120429 398.07458 26.324991 -1.9254273 49.969093 45.127251 54.079533 0 0.4198322 -0.050790261 345 20 0.86706859 0 20 0 0 7089.4663 6900 0.97327495 0.00045783882 -0.15795439 -2.5114324 3.166852 2.3656452 0.16847175 0 0 -0.082175143
-0.18163662 330.77072 -0.00054913148 -0.027931852 29.744745 44.437119 -44.674133 -0.23701133 0.00057215005 0.096922249 41.761776 0.99469376 0.21462795 -0.00066883781 0.029098632 399.96243 22.90295 -0.03756509 49.044796 45.883717 52.359535 0 0.42039296 -0.051765781 345 20 0.8629325 0 20 0 0 6901.0947 6900 0.99984133 0.00040746015 -0.14057375 -0.16379233 -0.029940322 -0.0043295529 -0.048711356 0 0 -0.00047837378
0.032537453 331.51172 9.8148732e-05 -0.0076409094 29.442612 42.331715 -42.540028 -0.20831648 0.0015543704 0.02902394 41.615307 0.99945992 0.13868305 -0.00018360814 0.0064249607 399.91171 21.532883 -0.088286705 46.475292 43.42522 49.57682 0 0.51657987 0.045868777 345 20 0.86300176 0 20 0 0 6897.2197 6900 1.0004032 0.00036089614 -0.12450916 -0.23649289 -0.0017365294 0.0049226638 -0.034383871 0 0 -0.00014136831
-0.077024914 331.14066 -0.00023260481 1.2214589 29.748968 43.707581 -42.908375 0.79920566 0.047576513 0.025044337 41.821804 0.99427325 0.16492775 0.02920627 -0.0057104249 400.0683 25.119221 0.06831082 46.584244 43.357761 50.49678 0 0.51010102 0.037847277 345 20 0.86268222 0 20 0 0 6923.8057 6900 0.99656177 0.00038206088 -0.13181101 0.28366679 0.042581216 -0.0046650236 0.029827252 0 0 0.00014520662
0.06546022 330.59283 0.00019800857 -0.01423592 29.525337 42.569458 -42.597015 -0.027556809 0.00032683209 0.029080644 41.73243 0.99951023 0.13965984 -0.00034112367 0.0061500799 399.92746 21.492355 -0.072544292 46.67519 43.645321 49.76395 0 0.51913881 0.046788879 345 20 0.86296678 0 20 0 0 6897.6099 6900 1.0003465 0.0003597452 -0.12411209 -0.1069727 0.037400298 -0.011683405 -0.019664224 0 0 0.00086245692
-0.040486749 330.55698 -0.00012248039 -0.01946469 29.567448 42.588211 -42.601753 -0.013543496 0.0007375917 0.029099949 41.791805 0.9995051 0.14039791 -0.00046575372 0.0061252848 399.99643 21.559269 -0.0035839519 46.786465 43.809151 49.836899 0 0.51432925 0.041890543 345 20 0.86282015 0 20 0 0 6906.6353 6900 0.99903929 0.00036222607 -0.12496799 0.025099497 0.033902068 0.008805817 -0.0058766934 0 0 -0.00022789948
-0.028674752 332.00122 -8.6369415e-05 -0.0059196483 14.840426 22.764978 -22.785719 -0.020739172 0.00076676632 0.14402653 20.661221 0.98719478 0.33014768 -0.00028651007 0.032343414 399.98495 12.088382 -0.015033192 26.419538 24.76169 28.15914 0 0.37312809 -0.098155379 350 10 0.87513262 1 10 0 0 3426.614 3500 1.0214164 0.0001140009 -0.039900314 -0.032354351 0 0.012343357 -0.0086828731 0 0 0
-0.035480868 331.47287 -0.00010704004 -0.0027948422 14.884335 22.82169 -22.794905 0.026784847 0.00053980609 0.14377756 20.721926 0.98717004 0.32975262 -0.00013487367 0.030510219 399.99634 12.102805 -0.003652269 26.487057 24.830357 28.227217 0 0.37344113 -0.098694503 350.00964 9.1188526 0.87513143 1 9.1188526 6.0254024e-12 0.28801671 3431.1067 3191.6863 0.93022066 0.00011353066 -0.039736826 -0.015502958 -0.013825568 -0.0043635108 -0.01204874 2.3079565e-09 -0.28931645 -0.029348049
0.020055734 330.93179 6.0603827e-05 0.019218763 14.458092 22.26211 -22.063536 0.19857466 0.005838322 0.1454556 20.12031 0.98654932 0.3381699 0.0009551922 0.030132018 400.45361 12.25207 0.45361724 25.931965 24.167641 27.744522 0 0.37292191 -0.10090041 349.89923 9.6600275 0.8737148 1 9.6518345 0.84007853 3.082608 3326.3184 3380.0913 1.0161659 -4.852995e-05 0.016980594 0.45910028 -0.60435998 -0.4505105 0.016561313 -0.11040185 2.5664072 0.29308477
-0.0019696513 330.63763 -5.9571303e-06 0.0060007754 14.900581 22.894552 -22.851652 0.042899136 1.0333819e-05 0.14415841 20.743395 0.98708934 0.33060682 0.00028928608 0.02994304 400.01114 12.109245 0.011149944 26.534197 24.885963 28.278681 0 0.37512028 -0.098587006 350 10 0.87507504 1 10 0 0 3426.4209 3500 1.021474 0.00011362679 -0.039769378 0.053290676 0.0081896195 -0.0020552925 0.0076299291 0 0 0.0006946043
-0.083375126 330.93945 -0.00025193469 -0.0022709216 14.874234 22.821236 -22.88242 -0.06118454 0.00053286273 0.14457607 20.705486 0.98704928 0.33132008 -0.00010967728 0.03022098 400.01038 12.073565 0.010381651 26.501869 24.855762 28.239742 0 0.37536803 -0.097701266 350 10 0.87507653 1 10 0 0 3423.7522 3500 1.0222702 0.00011345396 -0.039708886 0.016668232 -0.007971759 -0.01160018 0.0045939256 0 0 0.000482456
39.030468 331.26877 0.11782116 -8.8683147 30.684139 32.022457 -53.768089 -21.745628 0.060366228 0.053016528 41.347698 0.99713844 0.29279232 -0.21448146 0.0017771596 401.73129 37.052582 1.7313069 46.062904 41.595604 52.007809 0 0.51941586 0.049275003 345 20 0.85935068 0 20 0 0 6500.4238 6900 1.0614692 0.00066105591 -0.22806428 3.252852 -1.8266973 -1.5596604 0.26369837 0 0 0.055054318
6.6343856 329.92862 0.020108547 -1.8040396 26.796438 37.92453 -40.093204 -2.1686735 0.039380327 0.066762425 37.596134 0.99220729 0.19255078 -0.047984708 -0.090993159 422.686 27.79834 1.1958545 42.118176 38.733822 45.374374 0 0.54385686 0.042935397 345 20 0.81644452 0 20 0 0 6138.8198 6900 1.1239946 0.00028893186 -0.099681489 -1.4599037 -2.3552847 -2.6120009 7.0298376 0 0 0.0079959622
-0.010436316 330.56201 -3.1571431e-05 0.085184097 29.559725 43.749729 -43.359875 0.38985366 0.0034083615 0.055074342 41.730293 0.99887604 0.14823896 0.0020413012 0.0069354936 421.88052 21.144087 0.39038035 46.974579 43.877434 50.162525 0 0.54590678 0.045773745 345 20 0.81801748 0 20 0 0 6895.6436 6900 1.0006318 0.00030624919 -0.10565597 0.91441858 -0.25647253 -0.26053309 0.10659917 0 0 0.0089580752
-0.08206936 330.59317 -0.00024824881 0.0038873572 29.548416 43.661564 -43.518806 0.14275786 0.00042229693 0.056114774 41.711845 0.998887 0.14935042 9.3195522e-05 0.0063876403 421.50275 21.008223 0.012596371 46.966747 44.088531 49.970203 0 0.54635113 0.046841852 345 20 0.81875193 0 20 0 0 6893.5244 6900 1.0009394 0.0003078038 -0.10619231 0.044594191 0.021379232 0.0053664348 0.02170179 0 0 -3.3805365e-05
4.0113282 326.79099 0.012274904 1.4976175 14.216593 21.385633 -20.647978 0.73765451 0.064921796 0.12851077 19.489996 0.97515845 0.28114462 0.076840319 -0.019164609 403.67859 29.502794 3.6785927 23.558264 13.19463 26.722746 0 0.5129571 0.027392557 350 10 0.86736804 1 10 0 0 3193.6267 3500 1.0959327 0.00039404692 -0.13791643 3.6964769 -1.7000492 -0.42097411 1.5262134 0 0 0.075776763
8.695857 331.32941 0.02624535 -0.021756295 15.506692 14.955878 -28.629425 -13.673546 0.36297685 0.048424397 20.410458 0.96015537 0.31142509 -0.0010659386 0.012362728 398.9343 39.65694 -1.0657072 21.461985 15.782777 29.704229 0 0.46712089 -0.0033703118 350 10 0.87825328 1 10 0 0 3380.4631 3500 1.0353611 0.0010438327 -0.36534148 -3.8381269 -0.19421075 0.77885056 -0.33330232 0 0 -0.043022458
-0.049636707 330.98065 -0.00014996862 0.12998269 14.312839 21.172613 -20.512289 0.66032475 0.012991634 0.035931878 20.220945 0.99940896 0.24327299 0.0064281216 0.020048484 401.00037 11.12932 1.000352 24.852392 23.025446 26.711546 0 0.5108248 0.036816284 350 10 0.87289143 1 10 0 0 3345.6597 3500 1.0461315 8.5069034e-05 -0.029774161 1.7359922 -1.3819126 -1.1779635 0.0066678706 0 0 0.079430357
-0.08955685 330.79282 -0.00027073396 0.017798014 14.658887 21.369905 -21.373238 -0.0033324736 0.00080048217 0.03927834 20.710016 0.99939644 0.23923965 0.00085939158 0.017681584 400.02905 11.017143 0.02903999 25.27416 23.748976 26.846573 0 0.51572502 0.042612392 350 10 0.87501878 1 10 0 0 3424.7988 3500 1.0219579 9.4053117e-05 -0.032918591 0.067218572 -0.014036968 -0.0084528672 0.014813764 0 0 0.00073892385
0.017925303 331.87244 5.4012628e-05 0.11598921 15.517926 27.566072 -28.031404 -0.46533147 0.023068244 0.065553956 21.439703 0 0 0.0054100193 0.017707234 400.03882 11.297794 0.038829863 0 0 0 0 0 0 0 0 0 0 0 0 0 3554.3447 0 0 0 0 0 0 0 0 0 0 0
0.078214176 331.33896 0.00023605487 -0.073412329 15.371299 27.552 -27.537069 0.014931985 0.010305366 0.075135998 21.247725 0.97934979 0.20388469 -0.0034550675 0.040184963 400.10965 11.320086 0.10965948 20.396059 18.817266 22.054323 0 0.39067361 -0.082028277 350 10 0.8748461 1 10 0 0 3515.7859 3500 0.99551004 9.8225319e-05 -0.034378864 0.18746746 -0.11577271 -0.19827092 -0.01551934 0 0 0.013189429
-0.0401613 331.13721 -0.00012128296 0.19721545 4.7739191 11.092976 -10.814372 0.27860364 0.080240861 0.099534467 5.5114427 0.8158167 0.66324276 0.035782911 -0.013763045 385.52374 5.2625818 1.2561395 3.5008595 2.0044682 4.8469424 0 0.39520526 -0.058940396 346.2868 2.5735838 0.98000002 1 20 3.1707423 6.3414845 911.32318 893.32196 0.9802472 0.091041483 -31.526463 -0.36589885 -2.3112099 -0.7834307 -0.39287066 -0.45971835 -0.91943669 -0.087682433
-0.021593446 330.66629 -6.5302833e-05 -1.3471019 15.178673 23.951899 -31.230757 -7.2788587 0.074957944 0.082104035 20.794331 0.97872561 0.20860718 -0.064782172 0.032471631 378.23361 17.555239 -6.0339789 18.807749 12.047135 24.292521 0 0.40002984 -0.042841382 350 10 0.92549759 1 10 7.5697017e-08 1.513943e-07 3434.8091 3500 1.0189795 0.00015513359 -0.054296754 -15.683075 2.4617136 2.3714311 -2.7051847 -2.961361e-05 -5.9227219e-05 -0.20820992
-0.10362151 330.85858 -0.00031318972 -0.2174343 15.007878 26.797745 -28.162504 -1.3647584 0.017847391 0.043761119 20.779593 0.97973174 0.20087048 -0.010463838 0.018680429 384.1312 11.881027 -0.13638376 20.153738 18.429743 21.996557 0 0.4320721 -0.019445062 350 10 0.91125554 1 10 0 0 3436.4028 3500 1.0185069 0.00011914124 -0.041699432 -0.54667211 -0.16226132 -0.55368155 -0.29489893 0 0 0.034039427
-0.077018887 331.92081 -0.00023203994 -0.025920708 14.595771 21.166634 -21.452387 -0.28575429 0.0021518457 0.038772531 20.620977 0.9993878 0.23604523 -0.0012570068 0.019053644 399.90466 11.029985 -0.095333025 25.075247 23.47263 26.684015 0 0.50818563 0.03743688 350 10 0.87529075 1 10 0 0 3421.4766 3500 1.0229502 9.3890158e-05 -0.032861553 -0.27231881 0.019185403 0.051676594 -0.050269764 0 0 -0.0040928684
0.016157635 331.16049 4.8790953e-05 -0.67336494 24.647141 34.407154 -37.326267 -2.9191163 0.028814543 0.040335085 34.790436 0.99931824 0.15857819 -0.019354885 0.0066588195 396.16129 29.194544 -3.8387244 39.126663 32.368198 44.35355 0 0.51173156 0.044730566 342.99664 20.000797 0.89122981 0 20 0.028297646 0.056595292 5759.8564 6860.2061 1.1910377 0.029370883 -10.074114 -6.251235 5.1408453 3.9500794 -0.38038775 0.0020666926 0.0041333851 -0.22532661
0.060493972 330.69165 0.00018293166 -0.028043732 23.319836 33.676655 -33.871571 -0.19491497 0.0028294961 0.032192424 32.957195 0.99941373 0.16491641 -0.00085091376 0.010308131 400.27863 24.586288 0.27861199 37.659512 34.413651 41.2146 0 0.51241446 0.03959294 342.99609 19.999725 0.88256335 0 20 0.024592448 0.049184896 5448.7217 6859.8281 1.2589794 0.029957023 -10.275142 0.16636609 -0.42496836 -0.22519544 -0.088919744 -0.00018479116 -0.00036958233 0.01262616
-0.01421228 330.74265 -4.2970809e-05 -0.46689507 14.893587 20.713737 -22.70858 -1.9948423 0.031862326 0.045041062 21.012199 0.99941498 0.23649468 -0.022220191 0.020068303 397.68198 12.785249 -2.3180249 25.319902 21.804083 28.138502 0 0.51283514 0.042884842 350 10 0.8801924 1 10 0 0 3473.9844 3500 1.0074887 0.00010474484 -0.036660694 -4.7268958 2.0637262 1.7608603 -0.57072401 0 -5.6843419e-14 -0.13322029
-0.17501071 331.20468 -0.00052840653 -0.012265856 14.526461 21.122416 -21.171124 -0.048709203 0.00089690072 0.039154258 20.523378 0.99942714 0.23711705 -0.00059765286 0.020437408 400.11099 11.021772 0.11098711 25.008062 23.468586 26.545458 0 0.50489283 0.032491665 350 10 0.87483811 1 10 0 0 3397.9175 3500 1.0300426 9.2435512e-05 -0.032352429 -0.10138481 -0.33168897 -0.15762065 -0.010963991 0 0 0.010569744
-0.027870908 331.35046 -8.411309e-05 0.0008108053 29.711843 44.505871 -44.506912 -0.0010410716 0.00051236525 0.096884705 41.715 0.99469537 0.21417199 1.943678e-05 0.030340442 399.99661 22.943811 -0.0033974678 48.969059 45.829678 52.248451 0 0.41874844 -0.052939054 345 20 0.86285943 0 20 0 0 6905.3574 6900 0.99922419 0.00040822275 -0.14083685 0.011798143 -0.0014223066 -0.0031014406 -0.0032467805 0 0 -3.68152e-05
38.33757 330.90067 0.11585824 -0.00015030002 29.754538 44.561787 -44.519524 0.04226236 0.00050658983 0.096759729 41.774799 0.99465209 0.21434061 -3.5978635e-06 0.030202325 399.97763 22.95775 -0.022383809 49.035511 45.884315 52.325226 0 0.41964597 -0.049051922 345 20 0.86289936 0 20 0 0 6906.0386 6900 0.9991256 0.00040705717 -0.14043473 -0.031298414 0.01445743 0.015620479 -0.0074000969 0 0 -0.00046098165
0.014951291 330.47485 4.5241843e-05 0.020982167 29.812023 44.694641 -44.537697 0.15694179 0.00066102413 0.096629277 41.85643 0.99471778 0.21404564 0.00050128897 0.03143457 400.03394 22.967121 0.033940982 49.143715 46.008518 52.455608 0 0.41972086 -0.053431112 345 20 0.86277896 0 20 0 0 6910.5522 6900 0.99847299 0.00040829927 -0.14086325 0.15059158 0.030506849 0.0097667761 0.041104458 0 0 8.8480643e-05
-0.079887033 330.53012 -0.00024169365 0.0033777896 29.779434 44.660473 -44.592064 0.068411216 0.00035850535 0.096826874 41.811142 0.9946987 0.21437961 8.0786827e-05 0.029444417 400.00653 22.910784 0.0065346197 49.101322 45.970257 52.389759 0 0.42120844 -0.051733736 345 20 0.86283797 0 20 0 0 6904.8516 6900 0.99929738 0.00040818725 -0.1408246 0.0060410588 0.00033915872 0.0002680381 0.0072212913 0 0 0.00014425546
0.069163442 331.50735 0.00020863321 0.0055528632 29.416399 42.537369 -42.442547 0.09482082 0.00057157705 0.028690599 41.579693 0.99949169 0.13856405 0.00013354748 0.0060817553 400.09766 21.537188 0.097667694 46.46191 43.475601 49.523563 0 0.51695621 0.045566361 345 20 0.86259902 0 20 0 0 6891.4365 6900 1.0012426 0.00035902191 -0.12386256 -0.025437461 -0.2219722 -0.074155681 -0.01169793 0 0 0.0028638495
-0.018033493 331.11435 -5.4463035e-05 0.00048871845 29.501572 42.676849 -42.737106 -0.060257431 0.00051100721 0.028583262 41.699821 0.99950284 0.13852893 1.1719917e-05 0.0073300018 399.99976 21.498976 -0.00024881717 46.59227 43.607269 49.638687 0 0.51769602 0.045922905 345 20 0.86281246 0 20 0 0 6902.916 6900 0.99957758 0.00036166026 -0.12477279 0.018959951 -0.0091916006 -0.015339834 -0.019921534 0 0 0.00053024665
-0.043205801 330.74704 -0.00013063096 0.013315095 29.544603 42.621716 -42.548038 0.073679097 0.00045416935 0.028567575 41.760735 0.99951214 0.13828543 0.00031884245 0.0065499227 400.01013 21.518114 0.010141532 46.653122 43.677162 49.705315 0 0.51336372 0.040935468 345 20 0.86278814 0 20 0 0 6905.3979 6900 0.99921829 0.00035944808 -0.12400959 0.034801271 -0.0010523342 0.0015546217 0.015864085 0 0 -5.0193394e-05
-0.089321978 330.577 -0.00027020022 0.0035872771 29.574612 42.659271 -42.822018 -0.16274856 0.00031561707 0.02894723 41.802631 0.9995054 0.13970794 8.5814623e-05 0.0060832989 400.00052 21.571684 0.00051466853 46.769543 43.786911 49.819172 0 0.51930046 0.046699539 345 20 0.86281031 0 20 0 0 6908.8379 6900 0.99872077 0.00036109614 -0.12457817 0.019652314 0.024007596 0.024519071 0.011086979 0 0 -0.00068173552
0.079613149 331.66107 0.00024004368 -0.0024122931 29.441833 43.41695 -43.472145 -0.055196952 0.00042471508 0.057259057 41.559784 0.99888116 0.1445971 -5.804393e-05 0.0077277813 400.0473 22.124498 0.047313254 46.542992 43.510681 49.693924 0 0.51775777 0.046804748 0 0 0 0 0 0 0 6890.231 0 0 0 0 0 0 0 0 0 0 0
0.85122949 330.99603 0.0025717211 -1.1469005 3.2963052 6.166863 -6.7013459 -0.53448313 0.31192574 0.082571998 3.9978709 0.95834476 0.65692943 -0.28687784 -0.049407735 399.35703 18.331703 -0.64297551 6.3513522 4.3370094 10.925406 0 0.50860298 0.0376525 337.5 5 0.84526628 0 5 0 0 660.00848 1687.5 2.5567853 0.00018677305 -0.063035898 -12.294832 -9.2100449 -4.9209895 -3.8214517 0 0 1.5613132
16.845989 330.76498 0.050930388 -1.6315109 6.1061258 6.4655066 -13.32067 -6.8551631 0.15481797 0.15458693 8.0039568 0.97791189 0.58915681 -0.20383805 0.10898541 400.07559 10.487907 3.1906891 11.926142 5.1528406 14.77157 0 0.50876361 0.036321193 337.5 5 0.84362054 0 5 0 0 1288.8778 1687.5 1.3092785 3.5484747e-05 -0.011976102 0.71676326 -1.6978785 -1.6820692 0.8616516 0 0 0.28590026
-0.041784674 330.90359 -0.00012627446 -0.28528178 7.0070267 10.188148 -11.396828 -1.208681 0.03813833 0.109335 9.8240509 0.99556732 0.41842258 -0.029039117 0.031839244 384.07153 6.8207731 -1.439641 13.540085 11.518525 15.144263 0 0.49208823 0.040590696 337.5 5 0.8787697 0 5 0 0 1624.5563 1687.5 1.0387452 3.0896208e-05 -0.01042747 -2.9183023 1.2927394 1.057496 -0.33692235 0 0 -0.1825435
-0.14459831 331.06076 -0.00043677274 -0.030561112 6.8359175 10.475645 -10.556455 -0.080809675 0.0024203376 0.10331464 9.607832 0.99549097 0.43100005 -0.0031808543 0.035632856 385.49948 5.7544508 -0.011698271 13.514867 12.722645 14.349883 0 0.49522567 0.042021003 337.5 5 0.87551111 0 5 0 0 1589.3761 1687.5 1.0617374 2.6858268e-05 -0.009064666 -0.10949555 -0.065473251 -0.022963846 -0.038091738 0 0 0.0039382633
0.022071244 331.21976 6.6636254e-05 -0.63711703 17.330013 29.291651 -31.533381 -2.2417285 0.022588968 0.068240747 24.030115 0.98287362 0.1889379 -0.026513275 0.040784538 397.92422 13.947311 -2.0757875 22.361656 19.119604 25.367701 0 0.42326859 -0.046912495 349.94431 11.300673 0.88151008 1 11.311257 0.0032281775 1.6687124 3975.6746 3954.606 0.99470061 0.0023715699 -0.82991731 -1.9305172 1.8976551 2.0075681 -0.51525354 -0.042538557 1.2302967 -0.010549992
-0.064115867 331.05215 -0.000193673 3.2537739 13.6609 30.663767 -23.411634 7.2521324 0.25535131 0.11132313 17.311594 0.96569037 0.25493392 0.18795346 0.032484427 418.12769 17.392132 18.127687 18.25935 7.0168071 32.572433 0 0.38090098 -0.11392257 350.02237 10.04471 0.8371762 1 10.048276 0.18136582 0.36273164 2862.9983 3515.8762 1.2280399 6.9127607e-05 -0.024196208 15.436145 -23.058746 -16.220898 2.5521386 0.73852193 -7.5141063 0.3439734
0.012949024 330.82269 3.9141887e-05 -0.18682118 15.644055 25.567062 -26.390636 -0.82357383 0.017358782 0.046964899 21.66954 0.98009133 0.20120788 -0.0086213723 0.04341156 400.29114 11.877414 0.29113451 20.806011 18.900707 22.68083 0 0.41115004 -0.062360156 350 10 0.87445217 1 10 0 0 3580.0913 3500 0.97762871 0.00010126988 -0.035444461 1.2916079 0.32681742 -0.37332332 0.37203366 0 0 0.022470722
-0.14118171 330.77222 -0.00042682455 0.14235726 15.570398 26.743301 -24.711903 2.0313978 0.032732166 0.038313404 21.593952 0.98114389 0.19634935 0.00659246 0.022814341 399.99512 11.319404 -0.0048869527 20.524073 18.981657 22.152315 0 0.40892193 -0.064301297 350 10 0.87509787 1 10 0 0 3567.9768 3500 0.98094809 9.9649413e-05 -0.034877293 0.033537801 0.019096451 0.080306493 0.67314595 0 0 -0.0066529824
0.0060041631 331.87469 1.8091658e-05 0.0036867221 14.851679 22.817883 -22.7731 0.044782843 0.00066249276 0.14382283 20.678144 0.98724371 0.32974765 0.00017829076 0.031612977 399.99527 12.111492 -0.0047420044 26.436735 24.782616 28.174953 0 0.37370247 -0.097887047 350 10 0.87510943 1 10 0 0 3428.2939 3500 1.020916 0.00011318184 -0.039613646 0.010291187 0.017196348 0.011252024 0.0096063707 0 0 -0.00050049921
0.04179192 331.34802 0.00012612696 0.0043242653 14.861926 22.765171 -22.896366 -0.1311968 0.00060239295 0.14429344 20.689348 0.98710632 0.33054015 0.00020900925 0.030802745 400.02597 15.487698 0.025955563 26.461336 24.204966 28.198078 0 0.37405732 -0.098288417 350 10 0.87511921 1 10 0 0 3425.0334 3500 1.0218878 0.00020114875 -0.070402063 0.029633399 0.012037444 0.0017182688 0.0041050157 0 0 0.00014464451
0.10581974 330.92154 0.00031977289 -0.40421912 14.912048 21.498678 -23.407267 -1.9085884 0.026200989 0.099263243 20.918896 0.99489743 0.22985135 -0.019323157 0.028046058 396.66391 13.037744 -3.3360748 24.523212 20.227051 27.867924 0 0.44321483 -0.02541359 350 10 0.88245934 1 10 0 0 3459.7139 3500 1.0116444 0.00011369865 -0.039794527 -3.9792964 2.258384 -0.26044238 -0.20748073 0 0 -0.0098691257
-0.1027277 330.83661 -0.00031050885 0.0012245255 14.854453 22.774929 -22.855473 -0.080545284 0.00054250495 0.14416164 20.678837 0.98702878 0.33179528 5.9216363e-05 0.029921085 400.06219 12.085507 0.062181905 26.478939 24.823473 28.225414 0 0.37546507 -0.097771071 350 10 0.87496239 1 10 0 0 3418.3682 3500 1.0238804 0.00011244434 -0.039355516 0.064840771 -0.11643578 -0.086437851 -0.015362166 0 0 0.0052386513
-0.20395046 331.07434 -0.00061602617 -0.002655908 14.880789 22.813669 -22.825987 -0.012318158 0.0006225527 0.14393261 20.715693 0.98710352 0.33059728 -0.00012820754 0.030842712 400.00293 12.093453 0.0029173996 26.500328 24.851341 28.236364 0 0.37430841 -0.09866149 350 10 0.87509221 1 10 0 0 3426.3594 3500 1.0214924 0.00011269011 -0.039441537 -0.0064865714 -0.0012332238 0.0070465417 0.00015124158 0 0 -0.00080540439
-0.018386729 331.39221 -5.5483288e-05 -0.47659639 29.1017 41.158916 -42.981171 -1.8222537 0.01244379 0.028693125 41.125504 0.99951386 0.1394183 -0.011588828 0.0069870371 399.79123 24.524546 -0.20876223 45.942402 42.573399 49.829517 0 0.51626515 0.045669075 345.00006 20.00009 0.86326516 0 20 1.354426 0.058913413 6813.4263 6900.041 1.0127124 0.00036464122 -0.12580124 -0.26672453 -0.57602268 -0.36966807 -0.47397709 0.082756415 -0.0037099374 0.013163405
0.12397964 331.00491 0.00037455527 -1.60709 14.370076 17.664932 -24.334728 -6.6697969 0.10823337 0.073954433 19.95936 0.99846613 0.26382202 -0.080518112 0.0044910968 374.10059 16.840324 -7.6543179 23.877623 15.79945 30.04314 0 0.46864703 0.03267578 340 10 0.90898252 0 10 0 0 3303.3677 3400 1.0292526 0.00014969087 -0.050894897 -17.38554 4.8386993 4.3214221 -2.3071525 0 -9.7699626e-14 -0.44450954
0.041442636 330.74713 0.00012530007 -0.13174702 14.002338 20.14258 -20.713549 -0.57096958 0.0097827185 0.042048045 19.777548 0.99938595 0.23974678 -0.006661444 0.02105945 381.42148 12.030064 -0.33342025 24.068615 22.265806 25.924486 0 0.4895094 0.042285901 340 10 0.89149338 0 10 0 0 3269.925 3400 1.0397792 0.00010213748 -0.034726746 -1.3674355 -0.43364334 -0.20906685 -0.33429879 0 0 0.015480977
-0.16485946 330.99966 -0.00049806538 0.015591876 14.211796 20.784716 -20.711071 0.07364472 0.0016023602 0.040767562 20.077085 0.99941581 0.23948173 0.00077660056 0.020466974 381.79501 11.189053 0.040116131 24.488554 22.932608 26.063351 0 0.49083361 0.043502115 340 10 0.89062417 0 10 0 0 3321.9678 3400 1.0234897 0.00010551132 -0.035873849 -0.0083517628 -0.12864894 -0.094847888 0.0039182529 0 0 0.006177498
0.035913941 331.72327 0.00010826477 -14.619839 25.835224 4.2077293 -61.058277 -56.850548 0.6078819 0.20797911 25.199282 0.79565555 0.61015958 -0.58016884 -0.039064758 389.23386 250.60205 -10.766153 8.2454443 -37.29747 58.458302 0.45500001 0.38518608 -0.037940964 350 10 0.90070307 1 10 0 0 4170.9565 3500 0.83913606 0.001668911 -0.58411884 -6.4801364 -13.497502 8.8509521 -13.586683 0 0 -0.075999789
0.081699833 331.13074 0.00024672982 -13.484502 23.817776 6.0083303 -58.784626 -52.776299 0.60374784 0.20281225 23.246321 0.76633072 0.63824004 -0.58007038 -0.058882598 398.61838 251.32545 -1.3816277 7.7404904 -36.318485 52.860935 0.44499999 0.47423998 0.035512511 350 10 0.87917525 1 10 0 0 3833.7341 3500 0.91294801 0.001301159 -0.45540565 0.37686351 2.7658451 2.2363017 -1.2026489 0 0 -0.093187049
0.065288261 330.76804 0.00019738382 0.35826033 16.223421 29.47073 -28.964172 0.50655574 0.047580373 0.040907655 22.437901 0.97954392 0.20135258 0.015966749 0.030285135 400.11285 15.333536 0.11283964 21.991249 19.19434 24.3132 0 0.40621209 -0.067576878 350 10 0.87487543 1 10 0 0 3707.3604 3500 0.9440679 0.00013970578 -0.048897024 2.7997904 2.4431043 0.87385529 1.2259024 0 0 -0.054899242
-0.014711383 330.63351 -4.4494533e-05 0.02827381 15.393946 24.7892 -28.282446 -3.4932444 0.0046587512 0.033416029 21.254351 0.97676939 0.21519327 0.0013302598 0.031053357 399.96744 11.28375 -0.032550078 20.483675 18.927734 22.103855 0 0.40133271 -0.072218597 350 10 0.87516063 1 10 0 0 3510.5696 3500 0.99698919 0.00010219805 -0.035769317 -0.029271981 0.059519164 -0.0042101932 0.29043546 0 0 0.0014552569
-0.035107311 331.54999 -0.00010588843 -0.027469197 30.89377 48.203964 -48.362156 -0.15819199 0.0036363443 0.059648823 43.395538 0.9944703 0.11058817 -0.00063299591 0.026763201 399.88461 22.003082 -0.11539622 41.216427 38.108021 44.426517 0 0.44256052 -0.028576706 345 20 0.86307597 0 20 0 0 7188.7153 6900 0.95983773 0.00037912294 -0.13079742 -0.18537395 0 0.60378897 -0.27469209 0 0 0
-0.09596885 331.19785 -0.00028976289 0.48318794 30.304611 49.093468 -46.338837 2.7546289 0.023579188 0.052046482 42.561886 0.99431372 0.1084819 0.011352597 0.026637442 400.07214 22.026451 0.072139367 41.31707 38.292633 44.525505 0 0.4403488 -0.031720519 345 20 0.86265129 0 20 0 0 7042.4609 6900 0.97977114 0.00035577221 -0.12274142 0.14445306 -0.093657583 -0.13202718 0.77268547 0 0 0.0039965697
0.096756324 330.60367 0.00029266562 -18.524412 39.576275 24.401337 -87.480698 -63.079361 0.45608506 0.041882131 44.79995 0.99616182 0.077867985 -0.41349185 0.038708564 395.76224 227.32738 -4.2377534 43.366322 4.0368671 89.730431 0 0.433988 -0.016191794 345 20 0.87420213 0 20 0 0 7392.856 6900 0.93333346 0.0028295931 -0.9762097 -5.8528318 6.3679647 2.9644117 0.51515847 -3.5936409e-10 -7.1875661e-10 -0.14601563
0.014313452 330.41028 4.3320237e-05 0.72164971 35.726677 58.696877 -54.437096 4.2597823 0.019297004 0.044997059 50.287033 0.99659359 0.082597882 0.014350613 0.035090011 395.952 45.32621 -4.0480146 49.208084 42.176933 54.10384 0 0.44597659 -0.023171544 345 20 0.87222707 0 20 0 0 8301.2285 6900 0.83120227 0.0010436154 -0.36004731 4.6222477 16.487579 9.6845455 4.3046632 0 0 -0.33394039
-0.081452243 330.61545 -0.0002463655 0.055493888 30.332443 46.590958 -45.401863 1.1890951 0.0020195071 0.045551151 42.638439 0.99494284 0.10114159 0.001301499 0.028826261 399.54874 22.516132 -0.45127437 41.455593 38.057907 44.801964 0 0.4329572 -0.039264705 345 20 0.86380029 0 20 0 0 7043.5698 6900 0.97961688 0.00037766644 -0.13029492 -0.83004069 0.58540547 0.64745754 0.16070488 0 0 -0.021481503
-0.076131143 331.66541 -0.000229542 -0.011386734 29.445087 42.331715 -42.540028 -0.20831648 0.0015121789 0.028813606 41.619469 0.99946845 0.138524 -0.00027359152 0.0067327754 399.91138 21.534826 -0.088631839 46.47538 43.42522 49.57682 0 0.51627672 0.045830816 345 20 0.86300236 0 20 0 0 6900.9487 6900 0.99986249 0.00036072443 -0.12444992 -0.23683801 -0.001650471 0.0073988368 -0.038129695 0 0 -0.00068197143
-0.012988525 331.10434 -3.9227893e-05 0.0048840344 29.524227 42.557938 -42.634068 -0.076129369 0.000610021 0.028348196 41.732048 0.99949312 0.13780007 0.00011703318 0.0063352655 399.98901 21.538923 -0.010979073 46.592945 43.609325 49.643929 0 0.51748365 0.045904018 345 20 0.86283302 0 20 0 0 6908.0552 6900 0.99883389 0.0003586541 -0.12373567 -0.0033343942 0.0308669 0.036668427 0.0081986748 0 0 -0.0012306838
0.041369505 330.58377 0.00012514077 1.822696 32.024071 51.252567 -40.587093 10.665476 0.094212636 0.030706014 44.950836 0.99760777 0.13246475 0.040548656 0.0043897531 386.8252 48.028 0.52736902 49.684296 44.061123 59.022038 0 0.49835679 0.042940695 345 20 0.89310724 0 20 0 0 7427.7646 6900 0.92894703 0.0013807545 -0.47636029 6.7908669 5.3470564 3.0661502 2.9395642 0 0 -0.09448269
-0.045011699 330.55667 -0.00013616939 0.10779779 29.715326 43.114311 -42.572548 0.54176146 0.0040728883 0.028748259 42.000889 0.9995212 0.13574141 0.0025665599 0.0076857279 386.6369 22.751894 0.33910006 46.853855 43.487331 50.26342 0 0.49623677 0.04199852 345 20 0.89268374 0 20 0 0 6941.1865 6900 0.99406636 0.00041879463 -0.14448415 1.1412139 0.13049628 -0.021668641 0.26144737 0 0 0.00065550453
-0.018727932 331.57367 -5.6481967e-05 0.24722289 30.289982 46.751179 -49.271935 -2.5207546 0.0036050424 0.039914951 42.554371 0 0 0.0058095767 0.030728079 400.06998 22.060514 0.069977716 0 0 0 0 0 0 0 0 0 0 0 0 0 7049.5571 0 0 0 0 0 0 0 0 0 0 0
0.028749507 331.51389 8.6721884e-05 -0.43153805 33.785545 49.725513 -52.432938 -2.7074251 0.0022823769 0.031696245 47.548851 0.99574518 0.092874296 -0.009075678 0.028155178 398.37082 26.170067 -1.6291775 47.116455 42.284321 51.56908 0 0.43402395 -0.034486465 346.31805 20 0.86976349 0 20 0 0 7877.1401 6926.3608 0.87929893 0.00049188634 -0.17034911 -3.4119568 1.4347813 0.59437716 -0.079774715 -5.6843419e-14 -1.4210855e-14 -0.017091015
-0.18183966 331.01041 -0.00054934726 0.32395533 34.949581 54.424976 -52.237324 2.1876516 0.013783456 0.057050515 49.153442 0.99571884 0.096613266 0.0065906947 0.023852399 399.97617 24.882656 -0.023845002 47.096428 43.66925 50.671093 0 0.44216287 -0.030081747 346.31805 20 0.86625934 0 20 0 0 8129.8647 6926.3608 0.85196507 0.00047652915 -0.16503064 -0.14597145 -0.12112989 1.0218365 0.39090872 0 0 -0.0238345
0.017357992 330.54282 5.2513595e-05 -0.32155669 30.23171 44.898891 -46.854462 -1.9555675 0.024017861 0.04151899 42.508636 0.99522227 0.098017134 -0.0075645028 0.030857541 399.138 23.522223 -0.86199874 41.933296 38.167007 45.469303 0 0.42921528 -0.042702135 345 20 0.86471152 0 20 0 0 7019.5293 6900 0.98297191 0.00040359111 -0.13923894 -0.83544642 1.5476562 0.89871114 0.044074938 0 0 -0.03097875
-0.073413886 330.60986 -0.00022205594 -0.76729578 30.385458 44.836018 -48.725014 -3.8889973 0.02661616 0.057277776 42.663261 0.99443001 0.10912278 -0.01798493 0.030834988 399.95609 22.251606 -0.043910872 41.453812 38.408707 44.599922 0 0.4432117 -0.02974505 345 20 0.86291546 0 20 0 0 7046.5503 6900 0.97920257 0.00037182536 -0.12827976 -0.034329932 0.15752347 0.95005363 -0.87342083 0 0 -0.029916991
0.046095144 331.33572 0.00013911913 0.0040575857 29.714945 44.44313 -44.624432 -0.18129912 0.00038307597 0.09712062 41.717743 0.99466419 0.21427889 9.7262833e-05 0.030100262 399.9848 22.962267 -0.015195612 48.970482 45.827312 52.256237 0 0.41918528 -0.052369021 345 20 0.86288381 0 20 0 0 6905.103 6900 0.99926102 0.00040699518 -0.14041333 0.0083320169 0.020483302 0.006787166 0.0008735517 0 0 0.00056079245
0.058375053 331.61612 0.000176032 -0.084818661 46.793423 148.43646 -133.42371 15.012763 0.093256705 1.5892326 24.791275 -0.32169998 1.5192816 -0.0034213108 -0.53919446 417.29102 18.527569 17.291008 -100 -100 -99.999855 1 0.34621051 -0.14661644 339.82471 9.6494207 0.9786498 0 15 6.5913424 13.182685 3522.7717 3288.1243 0.93339121 0.20174237 -68.557045 1.6009732 -9.3581905 8.4503927 0.12968896 1.2276613 2.4553225 0.016907174
-0.081066951 330.81393 -0.00024505303 0.74631709 22.275337 34.999443 -32.151199 2.848242 0.029559935 0.10765716 31.182728 0.99266624 0.25580841 0.02393367 0.033423532 402.69504 19.291355 2.6950283 38.166424 33.574421 42.202232 0 0.40962267 -0.066651016 342.5 15 0.85072094 0 15 0 0 5153.4355 5137.5 0.99690777 0.00023678406 -0.081098542 8.0441341 -0.85145146 -1.8776671 1.1491563 0 0 0.079533227
-0.12204974 330.75281 -0.00036900592 0.0085916277 22.07966 33.379738 -33.418308 -0.038572196 0.00029804165 0.11498453 30.906467 0.99200428 0.2613548 0.00027798803 0.030093405 399.96667 17.509718 -0.033329651 37.589394 35.189335 40.088173 0 0.40186653 -0.070959657 342.5 15 0.85652244 0 15 0 0 5107.0098 5137.5 1.0059702 0.00023483906 -0.080432378 0.05097523 0.14518411 0.085458398 0.043909546 0 0 -0.0044261343
-0.0019886955 331.64813 -5.9964023e-06 0.017250793 29.490555 42.587887 -42.495422 0.092463113 0.0012519126 0.028709881 41.683861 0.99946493 0.14105907 0.00041384826 0.0071700546 400.12311 21.584053 0.12310515 46.683884 43.625164 49.796059 0 0.50787085 0.037078101 345 20 0.86254567 0 20 0 0 6911.2046 6900 0.99837881 0.00036070295 -0.12444251 0.31357473 -0.06488695 -0.05015628 0.038165115 0 0 0.0021676593
0.051658113 331.09927 0.00015602002 0.79497612 28.280354 42.612049 -39.25526 3.3567872 0.02720546 0.028734662 39.937042 0.99949217 0.14854398 0.019905733 0.016693898 402.07352 26.281103 2.0735226 45.148891 39.315998 50.017193 0 0.52030051 0.04626181 345 20 0.85842067 0 20 0 0 6610.1621 6900 1.0438473 0.00042960164 -0.14821257 2.070091 -1.4141517 -1.1989419 0.78923273 0 0 0.044090308
0.040966779 331.03149 0.00012375493 -0.35901931 17.61845 24.656387 -27.722404 -3.0660172 0.074466467 0.049653571 24.763109 0.99703127 0.27641854 -0.014498152 0.022426331 392.32364 36.285461 -7.6763706 30.175068 21.478735 34.408878 0 0.50274289 0.039429162 340 10 0.867167 0 10 0 4.0856207e-14 4097.1465 3400 0.82984591 0.0006179756 -0.21011171 -0.97212666 18.927023 10.451468 1.3902121 1.4197781e-09 2.8395384e-09 -1.4124684
-0.071461968 330.84534 -0.00021599811 -0.44421449 14.176398 19.797859 -21.648916 -1.8510576 0.030132337 0.047564689 19.997032 0.99920171 0.25122991 -0.02221402 0.015809741 398.01898 12.045048 -1.9810187 24.37792 21.227684 27.049076 0 0.51231605 0.042185586 340 10 0.85430998 0 10 0 0 3307.4341 3400 1.0279872 9.2925598e-05 -0.031594701 -4.4890056 1.2055094 1.0796721 -0.65430045 0 0 -0.084364116
-0.1974047 331.1138 -0.00059618382 -0.038447581 14.111227 20.620634 -20.592234 0.028400114 0.0015216762 0.040782388 19.934902 0.99940246 0.24936931 -0.0019286567 0.020453805 400.02466 10.723357 0.024657195 24.527969 23.030153 26.058018 0 0.51080894 0.038195536 340 10 0.850021 0 10 0 0 3299.6062 3400 1.030426 8.6340668e-05 -0.029355828 -0.16007762 -0.23501106 -0.14436822 -0.078902781 0 0 0.010169018
0.098034769 331.15039 0.00029604306 -2.7633755 27.367844 38.903751 -49.484787 -10.581033 0.068177998 0.057449907 38.118347 0.99436617 0.11361759 -0.072494633 0.019055322 394.08786 38.341511 -5.9121261 34.890759 26.878021 43.015732 0 0.44081593 -0.022135794 344.99976 19.999607 0.92446887 0 20 9.3752031 0.70066291 6309.2495 6900.2739 1.0936759 0.05600651 -19.322231 -12.215121 -2.3431747 0.70548373 -5.6361442 1.0094541 -0.0009775958 -0.027139816
-0.14490545 330.91931 -0.00043788753 4.941463 30.905893 58.710117 -39.09943 19.610691 0.16402701 0.084773287 41.999664 0.99269938 0.11907269 0.11765482 0.047217224 446.82288 29.550484 21.076149 44.150631 26.055571 59.413666 0 0.4284392 -0.098973222 345 20 0.77237093 0 20 5.8199998e-07 1.1640007e-06 6940.4614 6900 0.99417019 0.00032755139 -0.11300523 44.878403 -15.459249 -13.69059 7.0555801 -0.24455118 0.00015138398 0.32556322
0.068028919 330.40091 0.0002058981 -0.0031827986 30.898464 50.056568 -49.751904 0.30466786 0.015290777 0.04083566 43.383324 0.99361044 0.11297902 -7.3364565e-05 0.033226948 425.30457 22.805525 -0.44215992 42.550098 39.321857 45.68541 0 0.41594359 -0.088863418 345 20 0.81143266 0 20 0 0 7160.2373 6900 0.96365517 0.00030725283 -0.10600223 0.53032118 1.7399834 1.0625361 0.38774481 0 0 -0.034524698
-0.18387705 330.74194 -0.00055595324 -0.057347596 30.225069 48.218605 -49.194958 -0.97635341 0.0031365131 0.040178441 42.434319 0.99353755 0.11352701 -0.0013514438 0.030675454 425.71991 20.750261 -0.026810909 41.754814 38.90781 44.703499 0 0.40664083 -0.097912505 345 20 0.81063402 0 20 0 0 7013.1689 6900 0.98386335 0.0002986333 -0.10302848 -0.096812457 0.04981399 -0.0013045392 0.14446813 0 0 -7.3878444e-05
-0.077294007 331.92047 -0.00023286905 -0.032052286 14.602477 21.169992 -21.487883 -0.31788969 0.0025780546 0.039372955 20.630245 0.99941462 0.23675394 -0.0015536551 0.018609235 399.87698 11.057024 -0.12302629 25.102417 23.478312 26.726162 0 0.50817549 0.037454009 350 10 0.87535155 1 10 0 0 3423.0444 3500 1.0224816 9.408591e-05 -0.032930069 -0.2789838 0.067888811 0.063619316 -0.039617758 0 0 -0.0049422164
-0.0037060007 331.3324 -1.1185145e-05 -0.017858736 14.633829 21.395941 -21.422157 -0.026216347 0.0012598084 0.039156374 20.674778 0.99941415 0.23626353 -0.00086379331 0.018924814 399.98239 10.990641 -0.017612502 25.160984 23.625654 26.72049 0 0.51396161 0.041948233 350 10 0.87511975 1 10 0 0 3424.4683 3500 1.0220565 9.2793991e-05 -0.032477897 -0.018845156 0.021384599 0.013179272 -0.01036045 0 0 -0.00087689725
0.082587056 330.97217 0.0002495287 0.0020825542 0.49803701 0.8162297 -0.82979095 -0.013561253 0.92836678 0.75096458 0.070770256 0.0576092 141.23111 0.02942697 -2.1796367 424.59235 0.07040602 24.592354 -100 -100 -100 1 0.061303895 -0.44227895 368.47269 0.00071463897 0.71942264 1 0 0.013457085 5.2496924 -6.5215435 0.26299605 0.0052599208 -0.17100678 63.01133 -0.071942531 0 0.013548187 -0.037692565 -0.00016614152 -0.00014869212 -0.0010921868
0.093999945 330.80179 0.00028415793 -3.5047779 26.187881 29.511398 -45.281281 -15.769883 0.19343258 0.056852501 35.792187 0.99541956 0.22052164 -0.097920194 -0.033731408 371.80185 60.342323 -28.198164 40.264751 15.160177 54.066902 0 0.47971538 0.043343961 349.35614 8.7123032 0.94232017 1 14.143969 6.2640686 12.528137 5916.6416 3049.96 0.51548839 0.0028630248 -1.0002154 21.531666 63.391129 23.700937 -2.5189989 3.9980249 7.9960499 -0.38201076
-0.16214781 331.17844 -0.00048960856 -0.58653843 14.038697 19.187731 -21.746836 -2.5591047 0.040770005 0.048137344 19.785599 0.99919116 0.25008658 -0.029644715 0.017215196 397.95801 14.167642 -2.0419998 24.054045 20.86702 27.001015 0 0.51157629 0.042095292 350 10 0.87957311 1 10 0 0 3275.6804 3500 1.0684803 9.4729039e-05 -0.033155162 -6.0487366 -0.096142024 0.37389863 -1.116135 0 0 -0.029828381
-0.063639611 331.51541 -0.00019196577 0.27980661 30.215117 49.526672 -46.655331 2.8713396 0.008001782 0.042731728 42.476051 0.99480927 0.10282378 0.0065873973 0.025451034 399.9715 24.241819 -0.028516347 41.290962 37.552845 44.537743 0 0.440171 -0.031162163 344.77063 20.015619 0.86162931 0 20 3.3762469 4.5971799 7035.6733 6900.8096 0.9808315 -0.0004161142 0.14346395 -0.023907343 0.13830207 -0.35585395 0.15023673 -0.22938436 0.015619185 0.010284517
-0.009026235 331.00937 -2.7268821e-05 1.2670678 34.358341 54.617905 -52.623466 1.9944385 0.028587559 0.039879721 48.294098 0.99576145 0.092490673 0.026236493 0.029139085 399.53958 38.307663 -0.4604308 47.282005 39.933533 52.821503 0 0.43314281 -0.039442472 345 20 0.86416495 0 20 4.9400597e-07 9.8801013e-07 7988.0669 6900 0.86378843 0.00077710871 -0.26810253 9.1419659 10.327867 5.7065015 4.5349541 0.088209338 -0.013336495 -0.18503872
0.11759423 330.43552 0.00035587649 -0.47408178 30.430529 47.244667 -48.458759 -1.214095 0.025661852 0.04931641 42.770691 0.99491835 0.10253031 -0.011084268 0.028945979 399.70004 22.330118 -0.2999644 41.527637 38.288467 44.801285 0 0.43429476 -0.038536523 345 20 0.86348802 0 20 0 0 7060.5005 6900 0.9772678 0.00039478662 -0.13620138 -0.41087499 0.48823518 0.63081908 -0.92107022 0 0 -0.019958626
-0.0044247094 330.33499 -1.3394613e-05 0.086764105 30.694981 49.824093 -47.050774 2.7733204 0.0080857845 0.059763517 43.099838 0.99400735 0.11188842 0.0020130957 0.035720319 399.94669 22.127804 -0.053306766 41.418503 38.371796 44.571308 0 0.43956733 -0.033680622 345 20 0.8629359 0 20 0 0 7111.8823 6900 0.97020727 0.00037204218 -0.12835455 -0.11727722 0.06479203 0.57344449 0.29881006 0 0 -0.017473334
-0.044666409 331.81293 -0.00013461322 0.0055797277 29.46452 42.454147 -42.705399 -0.25125164 0.00061026146 0.029385215 41.646286 0.99948782 0.14179355 0.000133979 0.0085597476 399.97345 21.540203 -0.026548242 46.664108 43.663052 49.726185 0 0.5127489 0.04224636 345 20 0.86287075 0 20 0 0 6908.3784 6900 0.99878722 0.00036345972 -0.1253936 0.026925806 0.07482975 0.035618458 0.028360756 0 0 0
-0.0076018684 331.28738 -2.2946448e-05 -0.94735336 29.95631 38.971302 -47.367458 -8.3961554 0.099729091 0.028592631 42.03471 0.99589503 0.15397213 -0.022537407 -0.003750188 399.31381 43.860893 -0.68619621 46.714867 41.329819 55.088963 0 0.51148671 0.040537674 345 20 0.86483192 0 20 0 0 6960.4805 6900 0.99131089 0.00098357629 -0.3393338 -1.3137485 0.74440694 0.70656067 -0.12420595 0 0 -0.024012992
0.0017517477 330.79849 5.2955129e-06 0.052888475 29.748343 42.94981 -42.945698 0.0041124085 0.0017609791 0.028703021 42.048244 0.99950618 0.13648586 0.0012578047 0.0062379166 399.89383 22.357025 -0.106163 46.89864 43.819771 50.044537 0 0.51810789 0.045917191 345 20 0.86304814 0 20 0 0 6954.0557 6900 0.99222678 0.00036992572 -0.12762438 0.24576764 0.5909366 0.40135065 0.19274619 0 0 -0.013407867
-0.017673135 330.50812 -5.347262e-05 0.0059600449 29.566631 42.679363 -42.591286 0.088077188 0.00025096338 0.029061226 41.790924 0.99948406 0.14047851 0.00014261577 0.0059094089 399.97684 21.586342 -0.023154197 46.772835 43.772259 49.826481 0 0.51954424 0.04694796 345 20 0.86286205 0 20 0 0 6905.5435 6900 0.99919724 0.00036183331 -0.1248325 -0.033325281 0.031995632 0.015560158 -0.0016696943 0 0 -0.00034582248
-0.10475859 330.78848 -0.00031669359 -0.013207408 29.537153 42.659859 -42.638954 0.020906476 0.00095627096 0.028999463 41.749355 0.99952871 0.14113323 -0.00031634999 0.0058060773 400.01065 21.501234 0.010653967 46.776592 43.80228 49.830269 0 0.51414758 0.042116221 345 20 0.86278874 0 20 0 0 6904.3955 6900 0.99936336 0.00036137813 -0.12467546 0.027765121 0.0028279878 -0.009471274 0.00037824019 0 0 0.00015529952
-0.027870908 331.35046 -8.411309e-05 0.0008108053 29.711843 44.505871 -44.506912 -0.0010410716 0.00051236525 0.096884705 41.715 0.99469537 0.21417199 1.943678e-05 0.030340442 399.99661 22.943811 -0.0033974678 48.969059 45.829678 52.248451 0 0.41874844 -0.052939054 345 20 0.86285943 0 20 0 0 6905.3574 6900 0.99922419 0.00040822275 -0.14083685 0.011798143 -0.0014223066 -0.0031014406 -0.0032467805 0 0 -3.68152e-05
21.942133 331.02307 0.066285811 2.5333781 25.17367 42.551685 -32.852013 9.6996698 0.079639234 0.10670111 34.983658 0.9927898 0.2512407 0.072416037 0.043641742 407.18185 28.575741 7.1818614 43.310028 32.577419 51.31749 0 0.41861135 -0.062030833 342.89673 15.793485 0.8420065 0 15.8 2.6743588 5.3487177 5838.4541 5417.2544 0.92785764 -0.00013698108 0.046970367 7.0928497 -5.6962848 -4.5353494 2.6843874 -2.1032577 -4.2065153 -0.073037446
22.074684 330.59729 0.066772126 -0.0033640682 22.202024 33.571182 -33.502003 0.069178022 0.00096101349 0.11452128 31.081488 0.99220699 0.25893399 -0.00010823383 0.030187728 399.73837 17.983112 -0.26162028 37.723778 35.127632 40.298542 0 0.40002099 -0.071785137 342.5 15 0.85701525 0 15 0 0 5133.6226 5137.5 1.0007553 0.00023910147 -0.081892252 -0.1656263 0.58266693 0.39828789 0.08984343 0 0 -0.018519817
-0.074349187 330.63174 -0.00022487009 -0.0040937923 22.014776 33.320213 -33.294018 0.026194172 0.00020325603 0.11532928 30.814222 0.99197179 0.26180339 -0.00013285399 0.02887501 399.99283 17.303036 -0.0071864184 37.489361 35.120251 39.981483 0 0.40070775 -0.072546624 342.5 15 0.85646474 0 15 0 0 5090.6074 5137.5 1.0092117 0.00023280112 -0.079734385 -0.059283584 -0.029446619 -0.012338982 -0.010116412 0 0 0.00087579119
-0.090849534 331.06668 -0.0002744146 -0.0013225925 22.00194 33.243195 -33.324665 -0.081470504 0.00045058591 0.11514432 30.799173 0.99203628 0.26136744 -4.2942469e-05 0.030230403 400.00708 17.326759 0.0070648789 37.465374 35.099903 39.955425 0 0.40016136 -0.072304286 342.5 15 0.8564356 0 15 0 0 5094.5566 5137.5 1.0084293 0.00023443562 -0.080294199 0.0022227673 0.0031742868 -0.0010508051 0.0088323914 0 0 -0.00027799443
-0.099768534 331.70169 -0.00030077787 1.051308 28.106182 42.453602 -38.631203 3.822402 0.028032443 0.030096525 39.679043 0.99953389 0.14175801 0.026495297 0.012443116 402.5383 26.449951 2.5382972 44.831974 38.218086 49.516239 0 0.51922858 0.045111336 344.18045 19.994532 0.85514086 0 20 1.3853301 1.5681245 6579.6294 6881.7363 1.0459155 0.00013509396 -0.0464967 2.4406295 -1.6299347 -1.3102164 1.0457551 -0.81954759 -0.0054686004 0.04467288
-0.0082313688 331.16605 -2.4855715e-05 -0.020012481 25.721889 37.246761 -37.345539 -0.09877827 0.0019618096 0.030671915 36.354473 0.99950182 0.15312196 -0.00055048196 0.008121267 399.63364 19.706957 -0.36636862 41.139763 38.230095 43.915249 0 0.51622343 0.044924781 343.70346 20 0.86028785 0 20 0 0 6019.0405 6874.0693 1.142054 0.00028071558 -0.096482925 -0.26098028 0.8070665 0.56841731 0.082713477 0 0 -0.025788207
0.076810144 330.57065 0.00023235621 -0.40262547 28.370789 40.117245 -41.910309 -1.7930639 0.014302115 0.029748196 40.090141 0.99957985 0.14491837 -0.010043005 0.0094000325 399.50922 25.194941 -0.49078825 44.947296 41.6465 48.663078 0 0.5130198 0.041472778 345 20 0.86385244 0 20 0 0 6625.459 6900 1.0414373 0.00033918204 -0.11701781 -3.6613441 -2.3897674 -1.4584361 -1.1826535 -2.5920599e-11 -5.1937121e-11 0.051140059
-0.039516635 330.55594 -0.00011954598 -0.010420701 29.441584 42.564774 -42.485298 0.079476535 0.00071046787 0.028650451 41.614719 0.99953163 0.1404117 -0.00025040901 0.0066361045 400.17331 21.52108 0.17331819 46.611889 43.604725 49.669811 0 0.51440567 0.041768998 345 20 0.86243379 0 20 0 0 6877.353 6900 1.0032929 0.00035646657 -0.12298096 0.14874583 -0.36471397 -0.27515537 -0.048362713 0 0 0.0093415258
-0.045452841 331.81171 -0.00013698384 -0.020914322 29.54071 42.573402 -42.907124 -0.33372179 0.00087908894 0.02929309 41.754128 0.99948323 0.14136282 -0.00050089235 0.0083553521 399.80954 21.86437 -0.19046958 46.748768 43.600895 49.879997 0 0.51259941 0.042319208 345 20 0.8632279 0 20 0 0 6926.2427 6900 0.99621111 0.0003673569 -0.12673813 -0.19067773 0.34359112 0.23654954 0.02638006 0 0 0
-0.047614388 331.29391 -0.0001437225 0.0057433653 29.479296 42.56966 -42.616398 -0.046736792 0.00064123381 0.027925856 41.669033 0.99948472 0.13888109 0.00013783295 0.0067436593 400.00342 21.48995 0.0034314061 46.563046 43.572533 49.605728 0 0.51731527 0.045944531 345 20 0.86280298 0 20 0 0 6901.6772 6900 0.99975699 0.00035987725 -0.12415765 0.00592806 -0.027288688 -0.028486727 -0.010636467 0 0 0.00059221004
9.3245115 330.82974 0.028185228 -2.163578 29.712685 40.247562 -45.809715 -5.5621514 0.018115126 0.02729227 41.877621 0.99939257 0.15159351 -0.0516643 0.0076091057 399.89731 25.258842 -0.10269421 46.747471 43.451756 50.692524 0 0.5176267 0.045646623 345 20 0.86305028 0 20 0 0 6906.3882 6900 0.99907506 0.00038110363 -0.13148075 -0.053575687 0.2393001 0.17050724 0.054806627 0 0 -0.0047085099
0.11021662 330.35764 0.00033362818 -0.01391656 28.911282 41.49054 -41.652798 -0.16225982 0.0021916812 0.026002567 40.865433 0.99948019 0.14217998 -0.00034054602 -0.0013143121 400.81165 22.438604 0.81163996 45.877697 42.769726 48.908039 0 0.51952732 0.045761481 345 20 0.86104232 0 20 0 0 6749.6885 6900 1.0222694 0.00033564225 -0.11579657 0.89184773 -0.81090069 -0.70530391 2.1613386 0 0 0.019695358
-0.10781215 330.7912 -0.00032592207 0.012045468 29.509815 42.580414 -42.569901 0.01051194 0.00072203338 0.028920772 41.710979 0.99954009 0.14124645 0.0002887841 0.0061650779 400.08575 21.475218 0.085755832 46.749546 43.763809 49.826523 0 0.5192799 0.047181685 345 20 0.86262542 0 20 0 0 6898.1143 6900 1.0002733 0.00035981543 -0.12413632 0.1655989 -0.087893791 -0.095842168 0.027266406 0 0 0.0030692634
-0.047916643 331.79221 -0.00014441762 -0.018368777 29.520678 43.525707 -43.772964 -0.24725617 0.0014685827 0.057085555 41.670845 0.99887478 0.14455989 -0.00044080641 0.010091755 399.90555 22.192356 -0.094439022 46.648762 43.53643 49.862125 0 0.51757759 0.047071379 345 20 0.86303395 0 20 0 0 6911.041 6900 0.99840242 0.00038286287 -0.13208769 -0.14175227 0.10576766 0.078845248 -0.015956484 0 0 0
-0.047007985 331.27338 -0.00014190089 -0.013019255 29.541216 43.522755 -43.53463 -0.011873802 0.00039786941 0.055994235 41.702881 0.99892974 0.14174634 -0.00031219079 0.0089494772 399.95795 22.074865 -0.04206733 46.582817 43.519073 49.750965 0 0.51757771 0.046117108 345 20 0.86291814 0 20 0 0 6905.8604 6900 0.99915141 0.00037959818 -0.13096137 -0.048621502 0.039657824 0.012663508 -0.037670687 0 0 -0.00078186102
-0.077941895 330.84747 -0.00023558256 1.4891546 26.435369 44.606869 -30.788359 13.818509 0.19139688 0.051377047 36.412334 0.98999995 0.19531886 0.040896978 0.0089721475 405.37097 49.56324 5.3709698 41.406292 34.400669 53.2952 0 0.51001436 0.030164363 350.11685 17.54764 0.84881759 1 17.525402 0.017063566 3.5059042 6019.0532 6143.7212 1.0207123 -0.017225189 6.030829 4.0025258 -7.2591596 -5.0366993 0.33326003 0.58087939 -2.3874643 0.058709208
-0.027024947 330.59891 -8.174542e-05 -0.18957734 22.060524 35.570377 -27.176741 8.3936367 0.19551948 0.041054156 30.340778 0.98416877 0.24091722 -0.0062482688 0.0051022614 399.64969 45.056519 -0.35031778 34.305981 28.935095 43.001308 0 0.49696106 0.023893086 349.99997 14.712998 0.85770679 1 14.712911 0.014498114 0.028996227 5011.4497 5149.5493 1.0275568 -0.020622125 7.2177434 -0.86455727 0.16755246 0.1444456 -0.11390755 -4.652124e-05 -9.3042479e-05 -0.0080573242
-0.10235874 330.76248 -0.00030946295 -0.20475957 29.595539 43.372711 -44.041611 -0.66889888 0.0061736046 0.057953324 41.772072 0.99893099 0.14365086 -0.0049018292 0.0076882215 399.11456 22.665718 -0.88543868 46.65131 42.880531 50.305824 0 0.51811469 0.047140997 345 20 0.86474675 0 20 0 0 6906.7964 6900 0.99901599 0.00038555014 -0.1330148 -2.0260465 0.60844767 0.5887484 -0.27888238 0 0 -0.02029507
-0.16164735 331.13287 -0.0004881646 -0.01677371 29.520388 43.544853 -43.544968 -0.00011557466 0.0002636924 0.055748411 41.674126 0.99896318 0.14154762 -0.00040249698 0.0086917998 400.00815 22.047148 0.0081343539 46.562584 43.536068 49.716759 0 0.5177927 0.04594047 345 20 0.86280859 0 20 0 0 6898.1362 6900 1.0002701 0.00037814543 -0.13046017 -0.02877984 -0.048527397 -0.035119697 -0.030044854 0 0 0.00095379516
0.018827029 331.15329 5.685291e-05 -0.12233949 30.624014 47.246841 -47.837753 -0.59091282 0.0044663455 0.069406494 42.999828 0.99412119 0.11109149 -0.0028451157 0.020165119 399.95984 21.998665 -0.040146071 41.284103 38.263752 44.450966 0 0.43986255 -0.032040138 345 20 0.86292326 0 20 0 0 7115.3687 6900 0.96973193 0.0003903305 -0.13466403 -0.064135566 0.051343698 0.7170943 -0.10957158 0 0 -0.023343368
0.11213174 330.81854 0.00033895238 -0.19483477 27.364792 43.912502 -44.9893 -1.0767968 0.010071122 0.04572095 38.425816 0.99360645 0.11491708 -0.0050704135 0.027378555 401.05173 20.922937 1.0517187 37.600693 33.938812 41.14032 0 0.43649507 -0.037573189 344.03082 20 0.85808718 0 20 0 0 6351.7344 6880.6167 1.0832658 0.00030957686 -0.10650399 3.0488894 -0.16646375 -0.79832143 -0.037104726 2.8421709e-13 3.5882408e-13 0.031195877
0.098071843 330.31039 0.00029690814 -0.030788913 32.142166 48.887299 -50.115986 -1.228689 0.012300647 0.058666192 45.158401 0.99474829 0.10667506 -0.00068179809 0.027915571 400.03262 27.070415 0.032621339 43.386536 38.915207 47.37471 0 0.43759087 -0.036074076 345 20 0.86280668 0 20 1.1969303e-07 2.3938631e-07 7451.3687 6900 0.92600435 0.00043716832 -0.15082307 3.3586395 3.1547155 2.377537 1.073836 0.0090251546 -0.0013331911 -0.074308559
-0.16332196 330.6322 -0.00049396866 -0.094868392 30.801332 48.059208 -49.112007 -1.0527998 0.0051102373 0.071306042 43.248966 0.99447137 0.10813318 -0.0021935413 0.023867704 399.85284 22.220516 -0.14715913 41.488617 38.365028 44.681461 0 0.43522471 -0.03730081 345 20 0.86315149 0 20 0 0 7144.6777 6900 0.96575385 0.00038716348 -0.1335714 -0.15643194 0.28898805 -0.27726293 0.14588021 0 0 0.0067164497
-0.012512943 331.62109 -3.7732651e-05 0.065221287 29.9405 46.281418 -49.493584 -3.2121656 0.0088242767 0.031264339 42.09798 0.9947319 0.10258293 0.0015492735 0.029766388 400.0596 22.069387 0.059596207 41.268311 38.171295 44.477448 0 0.43215808 -0.039290965 345 20 0.86268735 0 20 0 0 6974.1392 6900 0.98936945 0.00036624947 -0.12635607 0.17499243 0.051881928 -0.9532702 0.092690483 0 0 0.029531697
0.056231599 331.12711 0.00016981877 -0.0066592428 29.542543 46.226761 -47.058361 -0.83159709 0.013439425 0.041881818 41.509781 0.99435371 0.10674076 -0.00016042589 0.034339074 399.9902 22.017925 -0.0097850962 41.326359 38.298695 44.478348 0 0.4377749 -0.034170326 345 20 0.86285144 0 20 0 0 6866.8276 6900 1.0048308 0.00038297501 -0.13212638 -0.081924461 0.009287429 -0.76206809 -0.48984721 0 0 0.025059698
0.047337014 330.94913 0.00014303412 0.40844226 18.097486 31.350822 -30.166471 1.1843519 0.022266839 0.04057743 25.253723 0.98764533 0.15762691 0.016173547 0.013649542 401.39331 14.73138 1.3933014 25.465626 22.448875 28.229715 0 0.40891132 -0.065904073 350.00009 12.472669 0.85025835 1 12.473029 0.0083596362 0.016719272 4177.0884 4365.4351 1.0450904 -0.024891695 8.7120953 3.5413055 -0.596784 -1.6050785 0.57297504 0.00023341464 0.00046682928 0.082987592
-0.049095389 330.55042 -0.00014852617 -0.90787935 35.838581 55.37516 -59.864311 -4.48915 0.046736207 0.048894625 50.33527 0.99602747 0.090961702 -0.018036643 0.020712901 389.01941 45.018253 -10.980602 47.609581 34.612576 55.24445 0 0.44436222 -0.014799542 344.99997 19.99996 0.88770676 0.49000001 20 0.00026570624 0.00053141249 8314.9307 6899.9858 0.82983088 0.00097147544 -0.335159 -6.0709686 19.891064 14.207773 1.4343987 -2.3943229 3.7998405 -0.30488205
-0.1897049 330.75687 -0.00057354785 -0.060150888 30.035263 44.767193 -46.94323 -2.1760387 0.019086109 0.046270829 42.21508 0.99484342 0.10166106 -0.0014248673 0.026742831 399.6937 21.997036 -0.30630097 41.227093 37.941662 44.531551 0 0.43674585 -0.035677038 345 20 0.86349297 0 20 0 0 6976.3599 6900 0.98905444 0.00038463232 -0.13269815 -1.0239023 0.054067902 0.51719779 -0.73328888 0 0 -0.017417038
0.006194321 331.62466 1.8678711e-05 0.015871409 29.708374 44.520035 -44.508446 0.011591418 0.00053696777 0.097051471 41.708084 0.99463457 0.21455447 0.00038053555 0.030789293 400.01407 22.992655 0.01406477 48.969017 45.823742 52.267414 0 0.4192296 -0.05185562 345 20 0.86282218 0 20 0 0 6909.4653 6900 0.99863011 0.00040873804 -0.14101462 0.079543538 0.018376246 0.0036587245 0.025024829 0 0 0.00024567914
0.10560868 331.27805 0.00031879166 0.0062200818 29.736475 44.489838 -44.658749 -0.16890854 0.00036306429 0.096846104 41.750721 0.99471116 0.21401002 0.00014898143 0.03115193 399.98453 22.955473 -0.015458809 49.00795 45.86692 52.294201 0 0.4190979 -0.052502129 345 20 0.86288518 0 20 0 0 6909.6934 6900 0.99859709 0.00040791318 -0.14073005 -0.013976568 0.017847821 0.00944342 0.001727456 0 0 -0.00042893225
0.090341009 330.76773 0.00027312525 0.0070420248 29.77231 44.559509 -44.652245 -0.092735484 0.00037254629 0.097068705 41.798164 0.99465644 0.2143748 0.00016847689 0.029404001 399.9928 22.937176 -0.0071890452 49.071857 45.936199 52.35231 0 0.41980401 -0.052258268 345 20 0.86286843 0 20 0 0 6906.8521 6900 0.99900794 0.00040920373 -0.14117528 -0.00457484 0.0087330602 0.0049048588 0.0050719078 0 0 0.00048699506
-0.11073485 330.62036 -0.00033493052 -0.0036305443 29.777449 44.539268 -44.708378 -0.16910852 5.4666678e-05 0.09678629 41.808331 0.99467617 0.21454364 -8.6837819e-05 0.029123263 400.00665 22.917421 0.0066382713 49.096554 45.970005 52.378563 0 0.42076239 -0.051684856 345 20 0.86283779 0 20 0 0 6905.6748 6900 0.99917823 0.00040821341 -0.14083363 0.0028335203 -0.015582305 -0.012621719 -0.014634124 0 0 0.00047073304
-0.18455566 330.8208 -0.000557872 -0.0097961575 29.75881 44.533905 -44.52631 0.0075946711 0.00027221124 0.09700568 41.77985 0.99466836 0.21466325 -0.00023447086 0.030059345 400.00394 22.935261 0.0039398884 49.071655 45.939537 52.354855 0 0.42008027 -0.052303955 345 20 0.8628425 0 20 0 0 6905.1001 6900 0.99926138 0.00040694227 -0.14039508 -0.012759889 -0.012431578 -0.0056993491 -0.0063811005 0 0 -3.7646707e-05
-0.0019886955 331.64813 -5.9964023e-06 0.017250793 29.490555 42.587887 -42.495422 0.092463113 0.0012519126 0.028709881 41.683861 0.99946493 0.14105907 0.00041384826 0.0071700546 400.12311 21.584053 0.12310515 46.683884 43.625164 49.796059 0 0.50787085 0.037078101 345 20 0.86254567 0 20 0 0 6911.2046 6900 0.99837881 0.00036070295 -0.12444251 0.31357473 -0.06488695 -0.05015628 0.038165115 0 0 0.0021676593
7.5311007 318.55746 0.023641264 0.85121095 18.68152 29.211676 -25.447151 3.7645257 0.054548178 0.056756947 26.27795 0.9971199 0.14799696 0.032392591 0.024016831 406.79462 28.016323 6.7946029 28.870129 16.908381 35.680557 0 0.52438468 0.024616709 340 10 0.83616352 0 10 0 0 4196.3193 3400 0.81023383 0.00043176021 -0.14679848 19.242979 2.0420492 2.2937083 3.2290578 3.1832315e-12 6.3682393e-12 -0.1029015
-5.2966418 320.00577 -0.016551707 0.38309997 13.424187 21.58086 -18.100815 3.480047 0.069049753 0.059179064 18.874981 0.99333298 0.18856713 0.02029671 0.039161813 397.01562 11.739065 -2.9843743 20.425039 16.86587 23.231594 0 0.51061815 0.024337832 340 10 0.85646141 0 10 0 0 3007.0684 3400 1.1306694 8.40223e-05 -0.028567582 -2.82934 3.3442674 0.13469061 0.6663084 0 0 -0.064874209
-0.089970067 330.86902 -0.00027192049 0.047567636 14.046101 20.631151 -20.38365 0.24750064 0.0054655727 0.038686402 19.844574 0.99940068 0.24769087 0.0023970096 0.020277154 400.47125 10.743349 0.47124299 24.429651 22.84445 26.072903 0 0.51538169 0.042111292 340 10 0.84907186 0 10 0 0 3282.3123 3400 1.0358552 8.4873704e-05 -0.02885706 0.62917721 -0.72481865 -0.51502526 0.015920138 0 0 0.036093265
-0.19613041 331.11206 -0.00059233845 -0.0026235776 14.206833 20.762928 -20.769693 -0.0067642117 0.0013172084 0.041113928 20.069595 0.99938387 0.2481252 -0.00013072399 0.019800808 400.03592 10.690263 0.035909697 24.675268 23.192749 26.200005 0 0.51559347 0.042914499 340 10 0.84999883 0 10 0 0 3321.9153 3400 1.0235059 8.8378918e-05 -0.030048832 0.083369084 -0.018741487 -0.016860306 -0.00053543155 0 0 0.00096263061
0.023936849 331.49435 7.2208924e-05 -0.057892989 15.56957 27.906046 -28.097408 -0.19136149 0.014582265 0.068159238 21.522589 0.9793455 0.20467842 -0.002689871 0.043478068 399.92218 11.419376 -0.07780797 20.511831 18.88917 22.168936 0 0.40759563 -0.064327002 350 10 0.87525731 1 10 0 0 3562.9917 3500 0.98232061 9.9474382e-05 -0.034816034 -0.0084209582 0.18961656 -0.11964098 -0.17201142 0 0 0.0091992905
0.065727703 330.96027 0.00019859697 0.066574015 15.365931 26.127014 -28.03998 -1.9129647 0.017862886 0.051912896 21.299744 0.98128885 0.19386899 0.0031255782 0.018325645 400.01416 11.276829 0.014157592 20.489286 18.940931 22.113737 0 0.39695731 -0.075998887 350 10 0.87506235 1 10 0 0 3522.8694 3500 0.99350834 0.00010664235 -0.037324823 0.083187677 0.033778865 0.031746238 -0.067648314 0 0 -0.0032799516
0.02095902 330.65094 6.3387146e-05 0.12767236 15.396422 25.373363 -28.305264 -2.9319007 0.009063283 0.04607778 21.307802 0.97964931 0.2020752 0.0059918123 0.035168927 400.02853 11.386906 0.02854614 20.497341 18.923302 22.154732 0 0.41423142 -0.059249785 350 10 0.8750242 1 10 0 0 3520.0281 3500 0.99431026 9.9031407e-05 -0.034660991 0.035121161 0.038450226 -0.19212531 0.38139358 0 0 0.009857933
-0.19548497 331.02414 -0.00059054594 -0.031809874 14.989508 24.763231 -27.592634 -2.8294032 0.016534546 0.056845814 20.733862 0.97874814 0.20524749 -0.0015341992 0.037791215 399.89862 11.429238 -0.10136787 20.566948 18.931334 22.26729 0 0.40098536 -0.071577765 350 10 0.87531066 1 10 0 0 3427.9236 3500 1.0210263 0.00010155492 -0.035544224 -0.14250511 0.080219567 -0.47817528 0.061941139 0 0 0.031720202
-0.17663884 331.77209 -0.00053241017 0.058095388 0.74206752 3.3920326 -2.9608188 0.431214 0.98757446 1.053699 0.1172218 -0.0099685118 72.06546 0.49560225 1.5841473 479.38651 0.28524783 79.386497 -62.486603 -100 -2.6458929 1 0.18086992 -0.37804827 351.19189 0 0.79551619 1 0 0 0 -0.082802668 0 0 0.085901305 -30.167843 61.526543 -100.71012 -24.610542 -4.0797348 4.0941539 -15.289929 -0.92604536
0.034519754 331.43839 0.00010415134 -0.99573183 2.1096363 0.019764168 -10.200311 -10.180547 0.68567342 0.39109448 1.7614753 0.0043056784 5.216579 -0.56528288 -0.23995896 337.3894 6.8640218 -32.900837 -11.776495 -38.309685 12.383293 0.71499997 0.061687913 -0.31324598 335.00827 0.016519969 0.98000002 0 20 0.37193835 0.7438767 283.42694 5.5382867 0.019540437 -0.013034433 4.366643 -7.3197618 55.167294 1.8901552 -1.0017552 0.0082599847 0.016519969 0.019540437
0.055760637 330.59088 0.00016866962 0.13427706 29.872713 43.348408 -42.793179 0.55522692 0.0037351314 0.029091958 42.223377 0.99949795 0.1308399 0.0031801593 0.0077206315 370.50256 24.215302 0.2123206 46.836971 43.265018 50.408302 0 0.47317314 0.04272978 345 20 0.93163496 0 20 0 0 6978.6875 6900 0.98872459 0.00050184655 -0.17313705 1.1293709 0.5231905 0.25239983 0.33937323 0 0 -0.0081568882
-0.041917961 330.54449 -0.00012681488 0.009186768 29.641367 42.782406 -42.74786 0.034547038 0.00056110963 0.029339017 41.89677 0.99952012 0.13287413 0.0002192715 0.0080382852 370.2951 23.242046 0.0048560812 46.53083 43.318993 49.835709 0 0.4727096 0.042632293 345 20 0.93214715 0 20 0 0 6923.6812 6900 0.99657965 0.00049137406 -0.16952404 0.055626366 0.030705485 -0.0025299601 0.014515041 0 0 0.0001081275
-0.045452841 331.81171 -0.00013698384 -0.020914322 29.54071 42.573402 -42.907124 -0.33372179 0.00087908894 0.02929309 41.754128 0.99948323 0.14136282 -0.00050089235 0.0083553521 399.80954 21.86437 -0.19046958 46.748768 43.600895 49.879997 0 0.51259941 0.042319208 345 20 0.8632279 0 20 0 0 6926.2427 6900 0.99621111 0.0003673569 -0.12673813 -0.19067773 0.34359112 0.23654954 0.02638006 0 0 0
-0.047614388 331.29391 -0.0001437225 0.0057433653 29.479296 42.56966 -42.616398 -0.046736792 0.00064123381 0.027925856 41.669033 0.99948472 0.13888109 0.00013783295 0.0067436593 400.00342 21.48995 0.0034314061 46.563046 43.572533 49.605728 0 0.51731527 0.045944531 345 20 0.86280298 0 20 0 0 6901.6772 6900 0.99975699 0.00035987725 -0.12415765 0.00592806 -0.027288688 -0.028486727 -0.010636467 0 0 0.00059221004
20.995596 330.80695 0.063467823 -5.1361151 29.848242 36.593475 -49.517941 -12.924467 0.043948062 0.02783129 41.504204 0.99887443 0.19741413 -0.12374927 0.0027402367 399.26938 30.793596 -0.73061395 46.191914 42.0397 51.695374 0 0.51721853 0.046839595 345 20 0.86448544 0 20 0 0 6755.8975 6900 1.0213299 0.00047121721 -0.16256994 -2.0197852 0.10269194 0.2852734 -0.45523891 0 0 -0.0055069509
14.848012 341.12241 0.043526933 -3.7831001 28.497585 37.109936 -44.934624 -7.8246889 0.017898908 0.021006538 39.901207 0.99882084 0.22632767 -0.09481167 0.00080939819 399.21719 29.902826 -0.78279161 46.988361 43.110336 51.978519 0 0.51621795 0.061155953 345 20 0.86454052 0 20 0 0 6749.2529 6900 1.0223354 0.00040418646 -0.13944432 -0.83592063 0.22096518 -1.53894 1.2324235 0 0 0.0082734311
-0.10407925 330.78601 -0.00031464224 -0.055500109 29.395287 42.290405 -42.596973 -0.30656636 0.00098336418 0.029197164 41.548622 0.99954128 0.14156957 -0.001335787 0.0062491097 399.97845 21.554148 -0.021547293 46.560135 43.563698 49.665558 0 0.51405042 0.042096753 345 20 0.86285394 0 20 0 0 6871.1357 6900 1.0042008 0.0003564556 -0.12297718 -0.36015308 -0.30663803 -0.19950689 -0.13086464 0 0 0.0066436981
-0.047916643 331.79221 -0.00014441762 -0.018368777 29.520678 43.525707 -43.772964 -0.24725617 0.0014685827 0.057085555 41.670845 0.99887478 0.14455989 -0.00044080641 0.010091755 399.90555 22.192356 -0.094439022 46.648762 43.53643 49.862125 0 0.51757759 0.047071379 345 20 0.86303395 0 20 0 0 6911.041 6900 0.99840242 0.00038286287 -0.13208769 -0.14175227 0.10576766 0.078845248 -0.015956484 0 0 0
-0.022421602 331.27567 -6.7682609e-05 -0.50145602 29.363199 41.501907 -46.527077 -5.0251689 0.063509226 0.051999219 41.309082 0.99711609 0.15086518 -0.012139123 0.006620985 400.71329 38.273937 0.71328735 46.166706 42.395241 52.735741 0 0.51351142 0.040619705 345 20 0.8615765 0 20 0 0 6839.5562 6900 1.0088373 0.00071057864 -0.24514963 1.0047845 -1.1220709 -0.77227736 -0.053986005 0 0 0.025634248
0.0090619819 330.76389 2.7397133e-05 -0.20752923 29.476194 43.059521 -43.962425 -0.90290433 0.0062303361 0.05709796 41.606548 0.99895012 0.14121836 -0.0049878983 0.0071801986 399.26083 22.457829 -0.73916936 46.368763 42.729942 49.976162 0 0.51754689 0.046129975 345 20 0.86442387 0 20 0 0 6879.3701 6900 1.0029988 0.00037852515 -0.13059118 -1.9601173 0.21926881 0.33222845 -0.36945343 0 0 -0.01099764
-0.095553555 330.92624 -0.00028874577 2.7735488 8.7523918 17.732977 -11.915432 5.8175445 0.3331463 0.12578985 10.914982 0.99408507 0.35231715 0.25410476 0.060848877 411.92426 14.052732 11.924247 16.479593 5.7514639 25.800087 0 0.52793455 0.039413758 337.5 5 0.8194176 0 5 0 0 1802.8447 1687.5 0.93602073 0.00011252933 -0.037978649 29.52928 -6.0230546 -5.7670712 4.6586485 0 0 0.42173713
-0.098093525 331.11353 -0.00029625345 -0.062802978 7.2018213 11.033607 -11.191868 -0.15826032 0.0091651306 0.10429651 10.12015 0.99558163 0.42614868 -0.0062057362 0.033750437 399.33328 7.1391292 -0.66670483 14.14085 12.777157 15.192399 0 0.51327109 0.041249864 337.5 5 0.84518498 0 5 0 0 1674.5691 1687.5 1.0077219 3.1087653e-05 -0.010492083 -0.4811303 1.3964006 0.90145725 0.11306157 0 0 -0.14564344
-0.039597515 331.62808 -0.00011940338 0.0015467682 14.854568 22.758698 -22.808695 -0.049997855 0.00050971331 0.14406902 20.679005 0.9871105 0.33018696 7.4798969e-05 0.030899568 400.00165 12.087988 0.0016503729 26.439905 24.787212 28.175152 0 0.37273902 -0.099333785 350 10 0.87509543 1 10 0 0 3425.7471 3500 1.021675 0.00011318749 -0.039615624 0.014570252 -0.0019423318 0.0020792102 -0.001098341 0 0 -9.3401883e-05
11.718657 331.22491 0.03537976 1.1762004 3.1022451 7.8118896 -6.9416847 0.87020487 0.90989715 0.47079584 2.6464915 0.61649758 1.9060282 0.44443762 0.20918614 421.73254 8.6973343 21.732555 3.2730505 -15.980371 20.794651 0.41499999 0.15596582 -0.34422624 361.61292 0.0063279099 0.81763399 1 0 0.04756473 0.09512946 442.73425 2.2883921 0.0051687718 -0.046430957 16.790033 20.812803 -22.878284 -11.488354 0.90737659 9.3149557 -8.2778788 -0.87036258
0.13869679 331.06311 0.00041894364 0.011328362 41.822208 128.09518 -124.16519 3.9299901 0.0043783863 1.8580424 19.159197 -0.25365987 1.7320211 0.0005912754 -0.67386466 556.13147 22.478857 156.13145 -100 -100 -100 1 0.40452325 -0.21443017 350 9.9999933 0.62940687 1 9.9999924 2.652685e-05 5.30537e-05 2425.1082 3499.9976 1.4432336 9.4185962e-05 -0.032965086 -17.36109 0 -0.1580649 -0.028024318 0.013214161 0.026428321 0.012877583
0.17447481 330.93445 0.00052721862 -0.5234006 41.904522 135.61363 -121.71311 13.900521 0.024853082 1.7874435 20.183399 -0.27731225 1.5857794 -0.025932232 -0.66354513 390.81015 29.778421 -9.1898623 -92.196594 -99.450577 -77.516396 1 0.38401365 -0.073863171 350 10 0.89591986 1 10 0 1.0658141e-14 2551.9043 3500 1.3715248 0.00038446422 -0.13456248 -23.908543 7.6526527 -0.39787582 -0.48128137 0 -3.5527137e-15 -0.070863925
0.1064423 331.25159 0.00032133367 1.1768118 29.432264 48.073021 -45.803955 2.269067 0.040515289 0.068811096 41.216862 0.99372905 0.11486812 0.028551705 0.040607147 402.68579 36.467682 2.6857998 40.016792 30.172758 44.259911 0 0.4370769 -0.039625593 345 20 0.85730439 0 20 0 0 6818.2549 6900 1.0119891 0.00065017067 -0.22430888 2.6262038 -1.2515162 -0.50823671 1.1115905 0 0 0.022619694
-0.026987066 330.94128 -8.1546394e-05 1.6083679 27.932266 46.979473 -44.345425 2.6340487 0.045137968 0.064134881 39.022633 0.99213368 0.12542935 0.041216284 0.039031651 403.94318 32.451809 3.9431684 38.070015 28.635834 42.130711 0 0.43361405 -0.044917028 345 20 0.85453343 0 20 0 0 6449.4937 6900 1.0698514 0.00053025916 -0.18293941 1.7408669 -5.3024015 -3.1432455 0.69240451 0 0 0.11510332
-0.036015827 330.63248 -0.00010893009 -0.17540032 30.917845 47.618233 -49.703278 -2.0850446 0.020648519 0.064392172 43.403889 0.99402452 0.11073371 -0.0040411199 0.02909757 399.87781 24.118071 -0.12219114 42.104168 38.597443 45.541676 0 0.43345103 -0.039457481 345 20 0.86310881 0 20 0 0 7170.1045 6900 0.96232909 0.00040019164 -0.13806611 0.89941859 1.297408 0.56410992 -0.037528805 0 0 -0.017036023
-0.011380138 330.43173 -3.4440211e-05 -0.31672099 30.410309 49.66119 -48.066704 1.5944853 0.015739802 0.040661685 42.722855 0.99427837 0.10819133 -0.0074133859 0.028704913 400.00629 21.99229 0.0062730452 41.475204 38.479805 44.645966 0 0.42683512 -0.046575289 345 20 0.86280936 0 20 0 0 7053.5747 6900 0.97822738 0.00037439316 -0.12916565 0.046950791 0.0054664696 0.054340314 0.042596411 0 0 -0.0023172952
0.077763863 331.68359 0.00023445193 -0.022781027 29.428902 42.392479 -42.524361 -0.13188444 0.00086012221 0.029214785 41.596333 0.99946821 0.14165412 -0.00054766913 0.0063809669 399.94653 21.533447 -0.053474046 46.589279 43.567184 49.672028 0 0.51257658 0.041880198 0 0 0 0 0 0 0 6897.623 0 0 0 0 0 0 0 0 0 0 0
0.2095799 331.02658 0.00063312106 2.4694123 28.764803 44.385754 -39.84103 4.5447254 0.046812218 0.080923386 40.18335 0.98990989 0.19292809 0.061453614 -0.042261682 403.18933 43.470516 3.1893451 45.449738 33.021442 49.608818 0 0.51507461 0.037223682 345 20 0.85641068 0 20 0 0 6645 6900 1.0383747 0.00085698644 -0.29566032 3.212111 -1.1023655 -0.72368151 2.4737225 0 0 0.039184339
-0.011336867 330.85843 -3.4265006e-05 -0.32654753 31.273708 44.46751 -46.117245 -1.6497353 0.01699679 0.033731744 44.186058 0.99945337 0.12583528 -0.0073902844 0.0057203653 396.30499 29.034632 -3.6950126 48.428005 42.111015 53.018291 0 0.50947446 0.041825369 345 20 0.87096173 0 20 0 0 7308.5439 6900 0.9441005 0.00048253319 -0.16647394 -5.2395363 6.2509913 5.1210284 0.45293498 0 0 -0.1853089
-0.034473337 330.57574 -0.00010428272 -0.0062092873 29.604208 42.654198 -42.804142 -0.14994547 0.0015756572 0.02927829 41.843651 0.99947721 0.14000538 -0.00014839259 0.0066458513 399.87946 21.682816 -0.12053234 46.798504 43.713379 49.908207 0 0.51911032 0.046752084 345 20 0.86307323 0 20 0 0 6915.4307 6900 0.9977687 0.000363069 -0.1252588 -0.192237 0.15570228 0.13547759 -0.0027462475 0 0 -0.0046788049
-0.15545323 330.73987 -0.00047001659 -0.02607635 29.544699 42.513405 -42.774658 -0.26125175 0.00050100533 0.028876176 41.760021 0.99953008 0.14090215 -0.00062443333 0.0062834602 399.96259 21.526503 -0.037426226 46.776146 43.760628 49.847805 0 0.51956147 0.047236528 345 20 0.86289132 0 20 0 0 6905.2026 6900 0.99924654 0.00036008749 -0.12423018 -0.06625127 0.03983631 0.024650456 -0.015960528 0 0 -0.00072631909
0.092470944 331.34467 0.00027907779 0.029165974 29.496689 42.543091 -42.521118 0.021975532 0.00021866846 0.028270803 41.693367 0.99949646 0.13839146 0.00069953513 0.0068149222 400.0137 21.594646 0.013707949 46.577549 43.603756 49.648712 0 0.50726759 0.036033433 345 20 0.86278057 0 20 0 0 6906.5742 6900 0.99904811 0.0003595594 -0.12404799 0.10441793 0.05448937 0.029227721 0.049104728 0 0 -4.7115056e-05
0.044477157 330.94897 0.00013439279 0.0081783449 29.510691 42.643162 -42.607479 0.035680652 0.00058090163 0.028770883 41.712837 0.99953002 0.13782485 0.00019606303 0.0064493041 400.00696 21.503716 0.006972678 46.584824 43.605904 49.627834 0 0.51237237 0.040401563 345 20 0.86279732 0 20 0 0 6901.5933 6900 0.99976909 0.00036218186 -0.12495274 0.014243257 -0.015183434 -0.0091679813 0.011964301 0 0 0.00076732464
-0.017847428 330.67419 -5.3972846e-05 0.0084137246 29.548717 42.599033 -42.729942 -0.13090907 5.4403601e-05 0.028862067 41.766033 0.99950224 0.13896705 0.00020144896 0.0068362579 400.00082 21.583052 0.00081003684 46.694656 43.727535 49.755833 0 0.51363236 0.041315515 327.65778 19.969524 0.86277121 0 20 2.4692903 0.11200657 6904.6309 6543.1621 0.94764835 0.053261057 -17.451399 0.070675604 0.076984659 0.067185245 0.013198148 -2.4850936 0.00014679824 -0.009552421
-0.10946349 330.66541 -0.00033104006 0.017124288 29.413006 42.515945 -42.451492 0.064451307 0.0014660772 0.028960887 41.574371 0.99954808 0.14084171 0.00041189534 0.0068140584 400.24792 21.57793 0.24791165 46.590816 43.582928 49.669792 0 0.51444203 0.041779868 345 20 0.86227101 0 20 0 0 6872.8545 6900 1.0039496 0.00035409516 -0.12216283 0.22987051 -0.49528572 -0.35171485 -0.031466048 0 0 0.011564292
-0.15359332 330.96332 -0.00046407958 -0.021052495 29.501764 42.581303 -42.634583 -0.053281754 0.00064309849 0.028631561 41.700073 0.99951321 0.13771099 -0.00050485512 0.0063694506 399.97226 21.462454 -0.027727906 46.563614 43.560188 49.624119 0 0.51742178 0.045512956 345 20 0.86286819 0 20 0 0 6899.9204 6900 1.0000116 0.00035751151 -0.12334147 -0.12320261 -0.022447338 -0.002220002 -0.039083827 0 0 3.6579382e-05
-0.020429401 331.44525 -6.1637329e-05 0.0078471275 29.463884 42.59676 -42.582253 0.014506439 0.00023888788 0.028331602 41.646725 0.99948329 0.13860737 0.00018842123 0.0070992811 400.02209 21.513023 0.022093294 46.529972 43.547516 49.588291 0 0.50748843 0.036147974 345 20 0.86276275 0 20 0 0 6901.0649 6900 0.99984568 0.00035985842 -0.12415115 0.019341849 -0.059432492 -0.033445831 -0.015898898 0 0 0.00079765008
-0.11656087 331.06274 -0.00035208091 0.54964125 15.804137 24.376938 -20.792715 3.5842226 0.1128229 0.023780992 22.144171 0.9960168 0.11977818 0.024821036 0.012892365 417.40921 37.093678 17.409212 21.717756 16.146151 35.048855 0 0.48355335 -0.0080401758 345 20 0.89746201 0 20 2.0340281e-09 4.0677008e-09 3666.3115 6900 1.8820004 0.085822955 -29.608919 11.219687 -34.60672 -21.101652 -3.7078021 -0.00018062904 -0.00036125808 1.0733676
-0.0087586492 330.56409 -2.6496067e-05 -0.31938204 27.039183 38.523186 -39.531673 -1.0084888 0.0099314461 0.027196601 38.215309 0.99949104 0.14843684 -0.0083574373 0.0052510337 401.98813 27.726595 1.9881252 43.156578 39.682663 45.900867 0 0.51537544 0.040762778 345 20 0.85852021 0 20 0 0 6315.8315 6900 1.0924927 0.00033315679 -0.11493909 -1.8150077 -7.3663998 -4.7366214 -1.8428183 0 0 0.16130425
-0.086704589 330.61414 -0.0002622531 0.063442059 29.496126 42.802368 -42.392502 0.4098632 0.0022852751 0.027993821 41.692348 0.99954021 0.14047834 0.0015216714 0.005871844 400.36456 21.526382 0.36455014 46.732674 43.653049 49.917137 0 0.52027154 0.047356233 345 20 0.86202151 0 20 0 0 6891.5889 6900 1.0012205 0.00035606729 -0.12284321 0.6819253 -0.36423185 -0.29672143 0.050083183 0 0 0.010052526
0.071087256 331.61154 0.00021436907 0.022246506 15.460978 25.304869 -27.16568 -1.8608117 0.010912586 0.028304767 21.406366 0.97924048 0.2058468 0.0010392471 0.028824365 400.02252 11.282262 0.022529082 20.276257 18.709358 21.889589 0 0.39703485 -0.075074703 350 10 0.87503791 1 10 0 0 3545.5085 3500 0.9871645 9.9635909e-05 -0.034872569 -0.064314246 -0.18162653 0.10679547 0.035780143 0 0 -0.0067890892
0.33659825 330.8172 0.001017475 3.7784779 18.000454 35.535492 -25.997618 9.5378742 0.099432275 0.17403054 23.940001 0.97887993 0.19736417 0.15783115 0.046011236 379.43524 45.691051 5.4337907 24.043858 7.9262609 30.833351 0 0.44025955 -0.0071360841 350.08493 10.169854 0.92361253 1 10.180857 0.70220757 1.4044151 3956.7205 3560.3582 0.89982557 0.001046058 -0.36620912 17.05512 6.1273174 2.3977284 6.6696219 0.16994084 0.33988169 -0.092851914
3.0500426 331.63647 0.0091969455 -0.048696108 6.022769 12.154042 -12.053663 0.10037833 0.016978728 0.6059131 6.0111918 0.69443995 0.68592006 -0.0081009082 -0.28867471 373.01703 15.024596 -0.98441774 4.4250488 1.8654059 6.7451429 0 0.43748719 0.001697077 350 10 0.93845439 1 10 0 0 953.11542 3500 3.672168 0.00016989138 -0.059461981 -1.297971 1.6704046 1.0373478 0.24649325 0 0 -1.6761422
-0.074232928 330.63174 -0.00022451844 -0.36099163 15.174329 26.121885 -27.291672 -1.1697881 0.01746707 0.062407766 21.041916 0.98254341 0.19329119 -0.017155834 0.031852804 373.64432 13.397323 -0.35713109 19.519817 17.58954 21.63167 0 0.42957968 -0.0066935667 350 10 0.93683988 1 10 0 0 3475.7249 3500 1.0069842 0.00012825009 -0.044887528 -1.9440702 -0.8995828 -0.22681148 -0.79496884 0 2.8421709e-14 0.013488002
-0.04246274 330.92795 -0.00012831416 -0.32296947 15.47537 26.856684 -27.10347 -0.2467871 0.0011149537 0.066191144 21.456434 0.98244697 0.1933312 -0.015052337 0.032395836 373.96146 12.136382 -0.039975971 20.08033 18.409733 21.87248 0 0.43382642 -0.0025176178 350 10 0.93604457 1 10 0 0 3547.0693 3500 0.98673004 0.00012744244 -0.044604857 -0.14056295 -0.066335395 0.0087904884 -0.23912956 0 0 0.0001284168
0.018827029 331.15329 5.685291e-05 -0.12233949 30.624014 47.246841 -47.837753 -0.59091282 0.0044663455 0.069406494 42.999828 0.99412119 0.11109149 -0.0028451157 0.020165119 399.95984 21.998665 -0.040146071 41.284103 38.263752 44.450966 0 0.43986255 -0.032040138 345 20 0.86292326 0 20 0 0 7115.3687 6900 0.96973193 0.0003903305 -0.13466403 -0.064135566 0.051343698 0.7170943 -0.10957158 0 0 -0.023343368
0.044608049 330.82382 0.0001348393 0.25698155 30.052328 49.72963 -49.750221 -0.020591633 0.0096066939 0.054553539 42.16629 0.99334037 0.11546949 0.0060944785 0.040785998 400.06619 22.613525 0.066192441 41.324432 38.25436 44.679016 0 0.44508624 -0.027512891 345 20 0.86267054 0 20 0 0 6966.4785 6900 0.99045736 0.00036323199 -0.12531504 0.071399733 -0.052322779 -0.65652913 -0.16587129 0 0 0.022875575
-0.0037300263 330.33264 -1.1291728e-05 0.7938894 30.533667 49.731762 -46.990501 2.7412601 0.0093814377 0.052775539 42.884033 0.99460948 0.10640948 0.018512471 0.023250809 399.9184 24.82057 -0.081598684 41.356468 38.180729 45.168446 0 0.42803749 -0.045122959 345 20 0.86300099 0 20 0 0 7080.2812 6900 0.97453755 0.00037676501 -0.12998393 -0.1960268 -0.057407547 -0.055849057 0.4000425 0 0 0.00030892898
-0.17672119 330.88428 -0.00053408754 -0.0012074029 29.338079 44.715038 -45.744148 -1.0291088 0.012891628 0.036853876 41.21994 0.99418604 0.10912785 -2.9291719e-05 0.029699108 400.08154 21.875732 0.081538044 41.299053 38.299644 44.444057 0 0.43617052 -0.036149733 345 20 0.86264318 0 20 0 0 6814.8384 6900 1.0124965 0.00036990922 -0.12761869 -0.027641535 -0.15421174 -1.0739146 0.60466629 0 0 0.035061598
-0.17530365 330.82132 -0.00052990433 0.13761273 30.834597 47.415241 -46.819481 0.59575897 0.0072775763 0.054697871 43.339081 0.9950223 0.10450259 0.0031752575 0.02969032 400.14041 21.930286 0.14040565 41.344456 38.318913 44.540096 0 0.41802946 -0.054738563 345 20 0.86253327 0 20 0 0 7163.4404 6900 0.96322429 0.00038957311 -0.13440272 0.24304003 -0.11309551 0.028228709 0.54920113 0 0 -0.00057597936
-0.021902675 331.34088 -6.6103152e-05 -0.45719668 32.514915 45.269295 -47.852295 -2.582998 0.017605281 0.020876989 45.955719 0.99946886 0.12718005 -0.0099486345 0.003972467 387.8074 32.567261 1.0235865 50.72665 46.65263 54.67939 0 0.5001837 0.046781305 346.70801 20 0.89448148 0 20 4.3047601e-07 8.609515e-07 7612.8662 6934.1602 0.91084749 0.00051497848 -0.17854716 -6.4579554 -0.34065047 -0.95480913 0.98118007 0.10232558 -0.00030911778 0.02404375
0.063258968 330.76105 0.00019125277 -0.0063539781 34.88747 50.176167 -50.35162 -0.17545402 0.00045301131 0.026962273 49.315899 0.99950385 0.12023344 -0.00012884238 0.0047952998 386.82214 26.101496 0.038333915 54.138893 50.509315 57.837784 0 0.49682534 0.043132573 346.70801 20 0.89680547 0 20 0 0 8154.9497 6934.1602 0.85030073 0.00056598044 -0.19622995 -0.025760267 -0.17822823 -0.13838604 -0.041386522 0 0 0.0036673397
0.044024903 330.51727 0.00013320001 -0.19172668 29.78804 42.613857 -43.465446 -0.85158843 0.0071624373 0.030679038 42.099449 0.9994719 0.13456292 -0.0045541376 0.0069148699 385.73364 23.235443 -1.0501854 46.720203 42.74036 50.415592 0 0.50009203 0.04703043 345 20 0.89478236 0 20 0 0 6956.479 6900 0.99188113 0.0004279807 -0.14765334 -2.2700396 0.99002761 0.96904236 -0.2396984 0 0 -0.033000916
-0.15812962 330.78021 -0.00047805041 -0.010039914 29.568144 42.793163 -42.650021 0.14314258 0.00088682253 0.029335421 41.792912 0.99952513 0.13751903 -0.00024023009 0.0059268712 386.79117 22.234423 0.007345119 46.635979 43.56398 49.793842 0 0.50098503 0.047062173 345 20 0.89232183 0 20 0 0 6911.3584 6900 0.99835652 0.00041215812 -0.14219455 -0.011344116 -0.0060202428 0.0018378258 0.0024513991 0 0 -0.00058509281
-0.07738702 331.66476 -0.00023332903 -0.0063046706 29.470343 42.40049 -42.555153 -0.15466395 0.00137577 0.028660294 41.655479 0.99946874 0.13861035 -0.00015135274 0.0069537866 399.89871 21.57094 -0.10129615 46.518696 43.45414 49.62006 0 0.51147294 0.041025523 345 20 0.86303067 0 20 0 0 6906.894 6900 0.99900186 0.00036185258 -0.12483914 -0.24334182 0.058199409 0.0729504 -0.020675464 0 0 -0.0029257089
-5.870276 331.79932 -0.017692249 1.3899291 28.98513 44.157478 -39.800564 4.356916 0.02212256 0.031032909 40.908302 0.99883771 0.15407144 0.0339767 -0.018535977 400.52606 23.153412 0.52607197 45.940605 42.708549 49.618248 0 0.51784068 0.047209401 345 20 0.86166155 0 20 0 0 6774.688 6900 1.0184971 0.00034181259 -0.11792534 0.502819 -0.64008564 -0.51676095 1.3777286 0 0 0.018951446
-7.8300657 330.59186 -0.023684993 1.8570485 29.610445 44.882565 -40.493744 4.3888202 0.014264022 0.028981924 41.765842 0.99946618 0.1489069 0.044463329 0.0057603279 400.0076 24.56164 0.0076007089 46.69656 43.523281 50.489548 0 0.51875144 0.046453774 345 20 0.86280584 0 20 0 0 6888.5557 6900 1.0016614 0.0003736011 -0.12889238 0.088460915 0.0123353 -0.026880501 0.015683621 0 0 0.0013934365
-0.040822327 330.55734 -0.00012349545 -0.0012699174 29.614725 42.82534 -42.719063 0.10627974 0.00080193928 0.029271286 41.85886 0.99950826 0.1403123 -3.033808e-05 0.005952233 399.99124 21.732059 -0.0087610353 46.861057 43.880672 49.939846 0 0.51430172 0.041850492 345 20 0.8628329 0 20 0 0 6917.7095 6900 0.99743998 0.00036405231 -0.12559804 0.14221971 0.15803646 0.078699298 0.043861393 0 0 -0.0026336713
-0.16834246 330.96246 -0.0005086452 0.0070228321 29.480585 42.572491 -42.462685 0.10980503 0.00072781113 0.0285789 41.670143 0.99952453 0.13814579 0.00016853391 0.0067586666 400.12546 21.500143 0.1254559 46.569347 43.593094 49.648254 0 0.50816572 0.03619384 345 20 0.86254007 0 20 0 0 6894.7939 6900 1.0007551 0.00036013828 -0.1242477 0.074857198 -0.19096954 -0.075359367 0.035154581 0 0 0.0021096109
-0.014099295 331.38068 -4.2547126e-05 -0.12099136 32.012199 46.089249 -46.564106 -0.47485769 0.0081845997 0.031823494 45.241447 0.99947053 0.079007648 -0.0026743475 0.0068637463 397.13745 28.21974 -2.862536 47.3895 41.637035 51.815536 0 0.49648717 0.029093942 345 20 0.8989839 0 20 0 0 7494.9165 6900 0.92062402 0.034841105 -12.020182 -1.682348 5.3075204 2.9187763 0.43935674 0 0 -0.09243989
0.055469628 330.84 0.00016766302 0.2150276 30.538836 44.411415 -43.598919 0.81249565 0.0071620322 0.0271057 43.165649 0.99953514 0.11462384 0.0049814521 0.005553104 400.61441 22.874882 0.61440414 47.226173 43.92667 50.640057 0 0.50773454 0.035187233 345 20 0.87324429 0 20 0 0 7139.7451 6900 0.96642107 0.014012267 -4.8342323 2.3602679 -0.63770616 -1.4658293 0.095769852 0 0 0.044528179
0.032080494 330.53381 9.7056618e-05 -0.017905513 29.481577 42.489471 -42.599964 -0.11049262 0.0010844172 0.028613295 41.671211 0.99949813 0.14003943 -0.00042968546 0.0063964594 400.04211 21.520418 0.042100754 46.630005 43.635895 49.678688 0 0.51912326 0.046605434 345 20 0.86271781 0 20 0 0 6886.1816 6900 1.0020066 0.00035781128 -0.12344489 -0.061435372 -0.20254812 -0.14367731 -0.051734872 0 0 0.0049942634
-0.15660389 330.78586 -0.0004734298 -0.015028371 29.535866 42.692421 -42.586815 0.10560797 0.00076498988 0.029546732 41.746819 0.99953312 0.14134556 -0.00035998839 0.00539495 400.00546 21.508509 0.0054484038 46.776253 43.803856 49.828426 0 0.51913404 0.047137883 345 20 0.86279947 0 20 0 0 6903.8647 6900 0.99944019 0.00036080222 -0.12447677 0.0071322005 0.0023963989 -0.00847656 -0.012751817 0 0 -0.00021862506
-0.073597282 331.66132 -0.00022190493 -0.019938752 29.467461 42.453602 -42.547462 -0.09385816 0.00122294 0.028348437 41.651867 0.99949026 0.1385811 -0.00047870009 0.0072505111 399.9093 21.564068 -0.090709977 46.52306 43.468788 49.622959 0 0.51635742 0.045897897 345 20 0.86300743 0 20 0 0 6906.2485 6900 0.99909526 0.00036138733 -0.12467863 -0.18837768 0.061147928 0.051062059 -0.025491616 0 0 -0.0021474103
-0.011559941 331.10095 -3.4913643e-05 -0.0037859557 29.519859 42.590199 -42.615154 -0.024958372 0.00047327593 0.028742354 41.725574 0.99949789 0.13808401 -9.0734662e-05 0.0062609427 399.99274 21.524935 -0.0072705792 46.600006 43.617287 49.652149 0 0.51762956 0.046045549 345 20 0.86282486 0 20 0 0 6906.8945 6900 0.9990018 0.00035849359 -0.12368029 -0.007021762 0.0077376948 0.018288137 -0.0042746742 0 0 -0.00057578227
0.040552415 330.63635 0.0001226496 0.26225752 26.735111 39.201061 -38.052338 1.1487203 0.019047566 0.030122785 37.772728 0.9997558 0.14727767 0.0069430387 0.022537975 404.79791 26.49909 4.7979121 43.023815 37.50872 46.79747 0 0.51838595 0.040252857 344.3472 18.694416 0.85005695 0 18.700001 5.3431497 10.686299 6242.8745 6443.1753 1.0320847 -0.00071422028 0.24593976 4.1734948 -9.1523142 -6.6368265 -0.91365045 -0.65279239 -1.3055848 0.14664167
-0.012389337 330.74158 -3.7459264e-05 -0.45489991 13.968684 19.457878 -21.384525 -1.9266471 0.030510908 0.047824632 19.702438 0.99923664 0.25475869 -0.023088507 0.016794998 398.24072 12.566785 -1.7592803 24.107939 21.167082 26.721622 0 0.5084964 0.037928171 340 10 0.85383189 0 10 0 0 3257.6418 3400 1.0436997 9.004429e-05 -0.03061506 -4.4681616 0.56752312 0.64335388 -0.79137582 0 0 -0.049582947
-0.045452841 331.81171 -0.00013698384 -0.020914322 29.54071 42.573402 -42.907124 -0.33372179 0.00087908894 0.02929309 41.754128 0.99948323 0.14136282 -0.00050089235 0.0083553521 399.80954 21.86437 -0.19046958 46.748768 43.600895 49.879997 0 0.51259941 0.042319208 345 20 0.8632279 0 20 0 0 6926.2427 6900 0.99621111 0.0003673569 -0.12673813 -0.19067773 0.34359112 0.23654954 0.02638006 0 0 0
-0.047614388 331.29391 -0.0001437225 0.0057433653 29.479296 42.56966 -42.616398 -0.046736792 0.00064123381 0.027925856 41.669033 0.99948472 0.13888109 0.00013783295 0.0067436593 400.00342 21.48995 0.0034314061 46.563046 43.572533 49.605728 0 0.51731527 0.045944531 345 20 0.86280298 0 20 0 0 6901.6772 6900 0.99975699 0.00035987725 -0.12415765 0.00592806 -0.027288688 -0.028486727 -0.010636467 0 0 0.00059221004
-0.044245835 330.87091 -0.00013372536 1.5128813 30.115288 46.678371 -39.660259 7.0181098 0.053843558 0.032658231 42.427727 0.99945217 0.12730423 0.035657845 0.010827834 389.05005 26.946226 6.0926929 47.719765 39.6716 54.444691 0 0.50320548 0.045810703 345 20 0.88716978 0 20 0 0 7018.811 6900 0.98307246 0.00044476334 -0.15344335 14.818453 -2.6544135 -2.5949757 2.584094 0 0 0.078333803
-0.017014686 330.50214 -5.1481318e-05 0.10385843 29.799498 43.187778 -42.772346 0.41543189 0.004014954 0.028491752 42.120689 0.99948049 0.13491863 0.0024657343 0.0067904871 383.21002 23.243597 0.25267118 46.916924 43.49189 50.356255 0 0.49662477 0.047092739 345 20 0.90068316 0 20 0 0 6959.9155 6900 0.9913913 0.0004371856 -0.15082903 1.0260513 0.31681943 0.14438032 0.24845986 0 0 -0.004763213
-0.10639749 330.7821 -0.00032165431 0.0030690334 29.602125 42.817123 -42.690884 0.1262366 0.00043258007 0.029444184 41.840813 0.99952656 0.1362254 7.3350231e-05 0.0070172139 382.98093 22.525209 0.023560842 46.640038 43.535053 49.846863 0 0.49099964 0.04247525 345 20 0.90121609 0 20 0 0 6919.3223 6900 0.99720752 0.00043063023 -0.14856742 0.090996794 0.044037681 0.027361365 0.029821526 0 0 -0.0010640735
-0.11036308 331.6395 -0.00033278027 0.3596302 2.435478 15.554662 -7.4021645 8.1524973 1.0802382 0.98510849 1.4258153 0.19867104 3.1135538 0.25222775 0.53515536 426.54993 26.139408 26.549925 -3.591918 -17.625294 18.117796 0.63999999 0.24106304 -0.26214141 337.49997 4.9999318 0.79147214 0 5 0.00045444016 0.00090888032 204.0401 1687.4769 8.2703199 0.00030342428 -0.10240569 15.108974 -43.44355 -22.064636 -4.3974328 -3.3645718 -6.7291436 7.5425644
22.764393 331.22073 0.068728767 -2.8235407 7.776845 22.304014 -15.926272 6.3777423 0.35212046 0.03266171 9.0845995 0.92109686 0.44265771 -0.31080517 0.052237365 396.13559 13.560905 -3.8644049 10.675128 6.5867591 14.872984 0 0.45212588 -0.014070708 337.5 5 0.85205787 0 5 0 0 1436.2559 1687.5 1.1749299 9.0229238e-05 -0.030452369 -11.05445 1.0651232 2.9996982 -1.1193423 0 0 -0.69193369
9.277462 339.69614 0.027311061 -1.5595797 5.6892529 7.5880532 -10.667502 -3.0794497 0.14393 0.014714133 7.5426431 0.97557288 0.7568205 -0.20676832 -0.097159669 399.77948 11.510802 -0.22052678 12.959679 11.759259 14.759285 0 0.51394576 0.054433402 337.5 5 0.84425938 0 5 0 0 1257.2115 1687.5 1.3422562 5.2032399e-05 -0.017560935 0.6408354 0.028202347 -2.5354862 1.7986864 0 0 0.28551242
-0.072942361 330.90588 -0.00022043235 0.021768831 6.6747255 9.950057 -9.907342 0.0427147 0.0093681719 0.057648499 9.4172802 0.99844503 0.44653764 0.0023115834 0.033792134 400.26495 5.368382 0.26496696 13.473766 12.696151 14.284558 0 0.51384205 0.040361539 337.5 5 0.84320855 0 5 0 0 1557.3514 1687.5 1.0835705 2.0305934e-05 -0.0068532522 0.25575858 -0.48742786 -0.31987786 -0.017211538 0 0 0.049843386
-0.049903866 332.05685 -0.00015028712 -0.01869192 14.60929 21.994913 -22.112253 -0.11733984 0.0011205135 0.07696303 20.590876 0.99782664 0.2477573 -0.00090777682 0.023985982 399.9285 11.400907 -0.071511209 25.176521 23.562315 26.843086 0 0.51387715 0.043033637 350 10 0.87524474 1 10 0 0 3417.2363 3500 1.0242195 0.00010084624 -0.035296179 -0.14944403 0.026153585 0.0066322032 -0.037882831 0 0 0
-0.04626368 331.52966 -0.00013954613 -0.0073025147 14.658834 21.994967 -22.005568 -0.010600024 0.0013338615 0.07532528 20.663853 0.99795473 0.24037164 -0.00035339559 0.020494031 400.01215 11.377319 0.012156024 25.128733 23.564997 26.751122 0 0.5142374 0.042418797 350 10 0.87506127 1 10 0 0 3424.1917 3500 1.0221391 0.0001004295 -0.035150327 0.026113229 -0.011047086 -0.005739022 0.00087552035 0 0 -5.4981632e-05
0.0072261691 331.00507 2.1830992e-05 0.00070557126 14.664631 21.941166 -21.967482 -0.026314769 0.0012693184 0.074942552 20.672405 0.9979521 0.24011545 3.413107e-05 0.022382177 399.99814 11.370698 -0.0018541114 25.13228 23.564398 26.757154 0 0.51473856 0.041960206 350 10 0.87509143 1 10 0 0 3420.1333 3500 1.0233519 9.9875528e-05 -0.034956437 -0.011033725 -0.023774674 -0.018422617 -0.010883256 0 0 0.0015788974
-0.00044088662 330.67834 -1.3332794e-06 -0.01518871 14.669671 21.980556 -22.075886 -0.095329553 0.00097254914 0.075596474 20.678207 0.99788636 0.2445102 -0.00073452736 0.022217454 400.01529 11.376101 0.015299704 25.231241 23.665285 26.851921 0 0.51599079 0.042760868 350 10 0.87505424 1 10 0 0 3417.7712 3500 1.0240592 0.00010024328 -0.035085149 0.015395771 -0.040098455 -0.041202407 -0.00019271266 0 0 0.0031912848
-0.10004546 330.992 -0.00030225946 0.0032033641 14.670429 22.116646 -22.054346 0.062299505 0.00076222798 0.077930994 20.676109 0.99783629 0.24673991 0.00015493069 0.019834997 400.02267 11.387733 0.022668511 25.277573 23.714643 26.915602 0 0.51616174 0.043547574 350 10 0.87503868 1 10 0 0 3420.8848 3500 1.0231271 0.00010085142 -0.035297994 0.037232094 -0.015260845 -0.01675329 0.014090297 0 0 0.00099899946
0.079243153 331.69299 0.00023890511 0.0056386199 14.837685 22.755262 -22.7925 -0.037238877 0.00040886004 0.14431126 20.656244 0.98712027 0.33037302 0.00027297411 0.031101201 400.01141 12.086164 0.011414589 26.415163 24.763063 28.152605 0 0.37361592 -0.098439626 350 10 0.87507457 1 10 0 0 3422.9919 3500 1.0224973 0.00011372603 -0.039804112 0.016156593 -0.021572417 -0.01399395 0.0019518974 0 0 0.0015813352
-0.040169261 331.31772 -0.00012124091 0.03232754 14.956353 22.962175 -22.920792 0.041384082 0.0015789467 0.14313215 20.824877 0.98726684 0.3289057 0.0015523522 0.031386398 400.00653 12.436107 0.0065282974 26.612494 24.859713 28.407337 0 0.3744016 -0.098208919 350 15.559941 0.87508762 1 15.559941 0 0 3446.8096 5445.9795 1.5800058 0.00011644448 -0.04075557 0.29754108 0.23323324 0.1090018 0.097132057 0 0 -0.011710053
-0.058902252 330.94318 -0.00017798298 0.0044011031 14.942578 22.882565 -22.895342 -0.012778125 0.00013127795 0.14316632 20.806013 0.98731983 0.32858407 0.00021153035 0.031006884 399.92123 12.33075 -0.078777604 26.572729 24.853252 28.332396 0 0.3745597 -0.098573536 350 10 0.87527251 1 10 0 0 3439.8137 3500 1.0174969 0.00011443099 -0.040050846 -0.013116526 0.20095654 0.13175681 0.036440801 0 0 -0.009249893
-0.078193896 330.73022 -0.00023642804 -0.0039412258 14.897242 22.836411 -22.843351 -0.0069414726 0.00025492132 0.14387506 20.739271 0.98710424 0.3304652 -0.00019003684 0.029925106 399.98755 12.100468 -0.012443164 26.523829 24.86462 28.263702 0 0.37535653 -0.098196164 350 10 0.8751266 1 10 0 0 3426.7068 3500 1.0213889 0.00011358579 -0.039755024 -0.023777353 0.015376394 0.017303526 -0.0032143407 0 0 -0.00071402814
0.025146715 331.66959 7.5818578e-05 -0.0071237991 29.633747 44.341297 -44.482121 -0.1408217 0.00022775952 0.097348839 41.60252 0 0 -0.0001712348 0.030084135 400.02795 22.971882 0.027939776 0 0 0 0 0 0 0 0 0 0 0 0 0 6892.8921 0 0 0 0 0 0 0 0 0 0 0
23.880796 331.85397 0.071961761 -0.022347996 46.064056 136.76698 -138.45988 -1.6929085 0.011428519 1.5610049 24.627539 -0.32573849 1.5340674 -0.00090743927 -0.53521836 455.07578 17.138086 55.075775 -100 -100 -100 1 0.3450245 -0.18792416 339.79611 9.5922031 0.98000002 0 20 8.5992813 17.198563 3517.4163 3272.8889 0.93048096 0.3124761 -106.17815 -0.033262886 0 0.08208143 -0.051233556 0.029567335 0.05913467 0.0065459069
-0.086282901 330.995 -0.00026067736 2.2405472 35.029964 53.185509 -45.021946 8.1635628 0.056726817 0.064677149 49.098499 0.99460089 0.13541585 0.045633722 0.032895625 397.19595 40.628113 -2.8040419 44.432087 38.143242 49.949226 0 0.51701474 0.046437249 345 20.000002 0.86942631 0 20 1.281242e-05 2.5624839e-05 8121.8262 6900.0005 0.8495627 0.0009640709 -0.33260447 34.341564 22.307316 -1.5126904 5.4491014 1.1797447 2.3594894 0.10522057
-0.033813346 330.5311 -0.00010230004 0.0040998734 30.005909 44.871983 -44.910748 -0.038765356 0.00089302834 0.096410625 42.131424 0.99477059 0.21270999 9.7311531e-05 0.0304312 399.69666 23.805424 -0.30335972 49.384384 45.978554 52.766834 0 0.42052016 -0.051873736 345 20 0.86351609 0 20 0 0 6956.9712 6900 0.99181092 0.00041876727 -0.1444747 -0.16002603 0.71457714 0.49191126 0.1227514 0 0 -0.016903665
-0.12629017 330.63586 -0.00038196149 -0.01704148 29.768904 44.585529 -44.513145 0.072382376 0.00035661864 0.096837722 41.795742 0.99471682 0.21434876 -0.00040773244 0.029461157 399.97754 22.934853 -0.022463186 49.083321 45.93206 52.375854 0 0.42033359 -0.052430939 345 20 0.86289948 0 20 0 0 6904.3467 6900 0.99937046 0.00040701628 -0.14042062 -0.058906477 0.015577228 0.016992107 -0.0096669709 0 0 -0.00021524497
0.0068898485 331.3913 2.0790674e-05 1.9080871 27.517267 44.44313 -37.754253 6.6888771 0.047868833 0.096021563 38.490929 0.99394244 0.23038781 0.049572386 0.02854461 398.50186 23.682243 3.9801526 46.431416 38.554008 52.24506 0 0.4129307 -0.055929601 345 20 0.86603928 0 20 0 0 6372.6377 6900 1.0827541 0.000342805 -0.11826772 -1.4745966 -2.5185807 -2.1908903 1.9049031 0 0 0.084053963
0.088898621 330.67603 0.00026883904 -0.93597937 41.049339 59.025955 -62.87521 -3.8492548 0.020608256 0.083241373 57.72179 0.99679488 0.16417821 -0.016215356 0.029391235 382.56812 34.931568 -3.9052725 64.641205 56.921844 71.43721 0 0.41927415 -0.028493175 348.50833 20 0.91179657 0 20 0 0 9534.8086 6970.167 0.73102325 0.00090663048 -0.31596828 -9.1670866 2.5136003 2.622201 -1.4286715 -1.6007107e-10 -3.2082781e-10 -0.048965011
-0.026384085 330.45569 -7.984152e-05 -0.025977053 40.931915 60.633926 -60.922863 -0.28893593 0.00096883019 0.080582097 57.605507 0.9968437 0.16612853 -0.00045094735 0.031358004 386.40616 31.980291 -0.067236684 65.116997 60.71199 69.730148 0 0.42424777 -0.029301938 348.50833 20 0.90268421 0 20 0 0 9508.6074 6970.167 0.73303765 0.00084475282 -0.2944034 -0.28780565 -0.10595305 -0.044963207 -0.088349581 0 0 0.00074195518
-0.11846299 330.61813 -0.00035830759 0.32854787 30.369429 46.051949 -44.785263 1.266688 0.0084519777 0.093749829 42.655354 0.99509805 0.20567742 0.0077023837 0.032579422 387.06143 25.862827 0.58803904 49.846664 45.580437 53.906879 0 0.40916997 -0.045863066 345 20 0.89177299 0 20 0 0 7044.9131 6900 0.97943008 0.0004954302 -0.17092341 2.8959827 1.0824968 0.39507931 0.83550107 0 0 -0.014099437
-0.12622476 330.84146 -0.00038152642 -0.010681385 29.797319 44.694382 -44.565372 0.12901078 0.00045686876 0.095852092 41.843403 0.99490958 0.20860158 -0.00025527048 0.031381562 386.45099 23.733994 -0.022401556 48.884098 45.632626 52.276394 0 0.40443996 -0.049498167 345 20 0.89315516 0 20 0 0 6916.1753 6900 0.99766123 0.0004657883 -0.16069697 -0.010939747 0.066915907 0.049001578 0.013548882 0 0 -0.0014565752
0.23547849 331.55603 0.00071022235 0.33427924 18.941881 62.849476 -93.826332 -30.976858 0.33047023 1.8435433 7.2944622 -0.19460385 2.1702747 0.045826439 -0.67402476 422.93384 7.9146333 22.933849 -53.442383 -70.885979 -34.445553 1 0.32354075 -0.17811918 336.33728 2.6745601 0.98000002 0 20 3.8931944 7.7863889 948.90393 902.42328 0.95101649 0.23232004 -78.137894 4.2085824 -35.210388 14.185974 0.0014901777 1.33728 2.6745601 0.95101649
-0.10148522 331.43857 -0.00030619616 -0.27119365 14.277448 39.664433 -24.311152 15.353282 0.036207095 0.35592341 17.367634 0.15696266 0.78982073 -0.015614889 -0.023874547 382.03574 26.443766 -17.964256 -0.16641951 -15.338542 7.3963156 0.47 0.49196562 0.042287793 337.5 5 0.88380349 0 5 3.036007e-09 6.0723e-09 2874.4373 1687.5 0.58707142 0.00042821941 -0.14452405 15.740607 39.710331 -12.236045 1.7952702 0.00031438659 0.00062877318 -0.12440284
0.064673424 330.79092 0.00019551149 -0.039998971 6.9815984 10.92273 -11.102709 -0.17997868 0.0056626135 0.22002715 9.5502939 0.97140002 0.48875317 -0.0041882452 0.034848768 399.86591 6.243082 -0.1340894 13.61063 12.67065 14.581439 0 0.32631513 -0.14690115 337.5 5 0.8440569 0 5 0 0 1578.504 1687.5 1.0690501 2.8415174e-05 -0.009590121 -0.50006109 -0.056820225 0.033149377 -0.082316391 0 0 -0.005563383
-0.16779391 331.09967 -0.00050677767 -0.0015525856 7.0342398 11.074794 -11.134686 -0.059892826 0.00066316139 0.21877874 9.6248655 0.97136581 0.4898414 -0.00016130984 0.034748375 400.00882 6.22891 0.0088251 13.748053 12.914969 14.637799 0 0.32704487 -0.14585869 337.5 5 0.8437562 0 5 0 0 1592.2026 1687.5 1.0598526 2.9385676e-05 -0.0099176653 0.014063259 -0.0060492363 -0.0057266084 -0.001673285 0 0 0.00024338438
-0.004872927 331.776 -1.4687401e-05 -0.54078668 15.901173 25.147976 -27.707409 -2.5594327 0.0048303879 0.044779394 22.029734 0.98090106 0.1966242 -0.024548035 0.022840675 399.16946 12.033664 -0.83053112 21.036617 18.816149 23.213234 0 0.41680071 -0.053577084 350 10 0.87429374 1 10 0 0 3652.1089 3500 0.95835042 -0.0028818347 1.0086422 -0.85306019 0.76036143 0.44019493 -0.56303316 0 0 -0.028814053
0.02867759 331.20093 8.6586682e-05 0.20979227 15.906857 28.351023 -28.487364 -0.13634056 0.023197321 0.057439275 22.033628 0.98099279 0.19421041 0.0095214583 0.014159072 400.71509 11.770884 0.71509635 21.643356 19.370953 23.690977 0 0.33910039 -0.13456501 350 10 0.82201356 1 10 0 0 3646.6062 3500 0.95979655 -0.058876455 20.60676 0.85068071 -0.5402233 -0.39693353 0.2064604 0 0 0.023574606
0.042589743 330.83618 0.00012873363 0.77067769 18.092247 32.92902 -29.959764 2.9692576 0.029238433 0.067327321 25.190794 0.98723203 0.1595199 0.030593624 0.041820195 368.83029 25.828152 -1.2912087 24.566145 20.039383 27.771692 0 0.43738809 0.007818399 350.09909 10.198193 0.94936997 1 10.331759 1.0929857 2.1859715 4160.5806 3570.4519 0.85816199 0.00016366843 -0.057300169 9.5509863 9.6648626 4.6342516 2.9245727 0.81689954 1.6337991 -0.15139744
-0.0019328741 330.58279 -5.8468681e-06 -0.19542116 15.763286 28.443275 -28.145958 0.29731745 0.0030767263 0.057177264 21.911352 0.98381948 0.18890287 -0.0089187184 0.031919908 369.99078 13.016267 -0.13070674 20.247412 18.434988 22.079702 0 0.43240404 0.0016163805 350 10 0.94610888 1 10 0 0 3618.2988 3500 0.96730542 0.00014736621 -0.051578175 -0.048235815 0.44149953 0.34441465 -0.29089049 0 0 -0.023700841
-0.045452841 331.81171 -0.00013698384 -0.020914322 29.54071 42.573402 -42.907124 -0.33372179 0.00087908894 0.02929309 41.754128 0.99948323 0.14136282 -0.00050089235 0.0083553521 399.80954 21.86437 -0.19046958 46.748768 43.600895 49.879997 0 0.51259941 0.042319208 345 20 0.8632279 0 20 0 0 6926.2427 6900 0.99621111 0.0003673569 -0.12673813 -0.19067773 0.34359112 0.23654954 0.02638006 0 0 0
-0.063736521 331.20816 -0.00019243646 0.50479627 36.267239 53.35997 -51.184074 2.1758971 0.013737846 0.026454968 51.256603 0.99943012 0.11860357 0.009848414 0.003453512 401.57449 28.055637 1.5744885 56.40757 51.036213 61.238476 0 0.52074945 0.0473704 346.94818 20 0.86444187 0 20 0 0 8487.5449 6938.9639 0.81754673 0.00054646691 -0.18959571 4.8551326 0.36532891 -0.044652339 1.0476632 0 0 0.00036469559
-0.0087216347 330.72705 -2.6371097e-05 0.39761719 35.347992 51.640278 -50.232304 1.4079721 0.010382074 0.028284561 49.958279 0.99949145 0.12105972 0.0079589849 0.007557922 401.06494 32.19136 1.0649343 55.128918 48.732292 59.311436 0 0.51635343 0.0423798 346.33401 19.999004 0.86358589 0 20 2.0853069 3.0806921 8260.4258 6926.3643 0.83849967 5.7779969e-05 -0.020011168 1.2526894 -0.20338355 -0.27097449 0.4343527 -0.61417985 -0.00099633425 0.0051086992
-0.0075300597 330.495 -2.2784188e-05 -0.14898464 29.762165 42.597023 -43.303463 -0.70643777 0.0063238209 0.02964538 42.064648 0.99945831 0.14042482 -0.0035418018 0.0050011375 399.03806 22.497517 -0.96193445 46.960979 43.162701 50.492889 0 0.51825035 0.046834819 345 20 0.86490244 0 20 0 0 6950.4795 6900 0.99273723 0.00037388987 -0.12899201 -1.7028233 1.0809673 0.84901172 -0.15012711 0 0 -0.028838234
-0.10447556 330.78735 -0.00031583902 -0.024932861 29.505188 42.5518 -42.581245 -0.029445408 0.00066765415 0.029087244 41.704205 0.99953496 0.14157465 -0.00059785007 0.0058240592 399.93884 21.496777 -0.061161008 46.735493 43.717846 49.824276 0 0.51882517 0.046909895 345 20 0.86294293 0 20 0 0 6896.8911 6900 1.0004508 0.00036053237 -0.12438367 -0.18070763 -0.0088445023 -0.013899775 -0.026808916 0 0 0.00033771936
-0.027870908 331.35046 -8.411309e-05 0.0008108053 29.711843 44.505871 -44.506912 -0.0010410716 0.00051236525 0.096884705 41.715 0.99469537 0.21417199 1.943678e-05 0.030340442 399.99661 22.943811 -0.0033974678 48.969059 45.829678 52.248451 0 0.41874844 -0.052939054 345 20 0.86285943 0 20 0 0 6905.3574 6900 0.99922419 0.00040822275 -0.14083685 0.011798143 -0.0014223066 -0.0031014406 -0.0032467805 0 0 -3.68152e-05
0.0087274946 330.84671 2.637927e-05 -0.80354387 30.262905 43.966831 -47.310535 -3.3437054 0.024853885 0.10060457 42.434452 0.99465513 0.21330565 -0.018936118 0.026688369 412.17395 30.865053 -4.1081424 49.32954 42.059132 55.267857 0 0.43372262 -0.054344557 342.17889 19.992271 0.83722663 0 20 0.64456099 0.019297069 7014.4619 6840.9326 0.97526121 0.0084871901 -2.9041371 -7.9991031 3.9864433 3.5497718 -0.86178017 -0.64928931 0.00050501066 -0.13149826
0.015587309 330.48105 4.7165518e-05 0.0046809171 29.788147 44.643257 -44.538986 0.1042732 0.00032240455 0.097872905 41.813831 0.99445707 0.22028208 0.00011194663 0.028618013 416.25357 22.150909 -0.028531438 49.351482 46.281502 52.518906 0 0.43647733 -0.057197541 345.01477 20.029528 0.82909906 0 20 0.19584621 0.39169243 6904.1724 6910.4854 1.0009143 0.00029183197 -0.10068633 -0.02473609 -0.044419441 -0.021697193 -0.04229128 3.8288665 0.01218628 0.01285601
-0.079913214 330.53568 -0.00024176879 0.0021362258 29.746105 44.61549 -44.544178 0.071312994 0.00031715201 0.098137081 41.753532 0.99439067 0.22083819 5.1162755e-05 0.027864449 416.28812 22.04719 0.0060274713 49.300243 46.28437 52.462879 0 0.4380061 -0.055565953 345 20 0.8290422 0 20 0 0 6895.7144 6900 1.0006214 0.00034908185 -0.12043324 -0.00022796782 -0.0041226158 -0.0014691305 0.0044403542 0 0 0.00020449063
-0.0018228801 331.90347 -5.4921993e-06 0.015349684 14.672134 21.49828 -21.43664 0.061640516 0.00034655872 0.040517528 20.727686 0.99934769 0.24082658 0.00074054016 0.019001087 400.08502 11.241173 0.085012347 25.329515 23.67309 26.954407 0 0.50915557 0.037991371 350 10 0.87489748 1 10 0 0 3439.0847 3500 1.0177127 9.5335163e-05 -0.033367306 0.28516456 0.042351719 0.030184453 0.050552275 0 0 -0.001637156
0.066785298 331.3721 0.0002015417 -0.0047177156 14.622401 21.396513 -21.302185 0.094326347 0.0015545924 0.040217564 20.657999 0.99941111 0.23662725 -0.00022837233 0.018114248 400.01459 10.992379 0.01458382 25.153841 23.628031 26.715326 0 0.51407248 0.042158373 350 10 0.87505001 1 10 0 0 3422.1323 3500 1.0227541 9.3598697e-05 -0.032759544 0.035148084 -0.0012033748 -0.0042792149 0.016916452 0 0 0.00085198786
0.095559441 330.94824 0.00028874437 -0.14499192 15.2521 21.281206 -25.326466 -4.0452585 0.10852838 0.027114714 21.32416 0.99274832 0.24987523 -0.0067994199 0.0034828794 399.97174 25.226889 -0.028252931 25.71862 22.878901 30.292217 0 0.50803167 0.034896132 350 10 0.87533933 1 10 0 0 3528.2363 3500 0.99199706 0.00031713585 -0.11099755 0.98826486 1.1261182 0.45379859 0.31851655 0 0 -0.036041506
-0.084348969 330.85483 -0.00025494254 -0.15922824 14.218179 20.502123 -21.017704 -0.51558089 0.0086858105 0.039921202 20.084646 0.99936783 0.24716222 -0.0079278583 0.0212196 399.81461 12.232368 -0.18538237 24.609404 22.966835 26.402115 0 0.5145455 0.042193573 350 10 0.87548268 1 10 0 0 3321.7793 3500 1.0536522 8.7904904e-05 -0.030766718 -1.3906748 -0.88324994 -0.52016687 -0.4312436 0 0 0.036547083
-0.20171185 331.1134 -0.00060919265 -0.0079706991 14.595406 21.326475 -21.215673 0.11080166 0.0026312841 0.040655244 20.61908 0.99939549 0.24265507 -0.00038656913 0.020171104 400.08054 11.021705 0.080527365 25.239134 23.700651 26.804728 0 0.51108712 0.038431983 350 10 0.87490487 1 10 0 0 3412.8542 3500 1.0255346 9.2551767e-05 -0.03239312 0.070463665 -0.16135879 -0.11138556 -0.027829817 0 0 0.0075346134
-18.844128 331.20883 -0.056895003 4.7582545 41.432079 66.331863 -54.546597 11.785268 0.02364861 0.050875831 58.103863 0.99902767 0.1459146 0.08189223 0.0027669531 398.22433 40.647182 -1.7756549 63.021519 57.631435 69.327827 0 0.51806968 0.049705189 348.0282 20 0.87479401 0 20 0 0 9529.8945 6960.5645 0.73039258 0.00096560578 -0.33605805 0.75954044 5.8903327 4.009685 1.4121342 0 0 -0.074349277
-18.752615 330.66193 -0.056712348 4.4899249 39.480801 63.066151 -52.047073 11.019074 0.024168013 0.049365338 55.375767 0.99903673 0.15117399 0.08108104 0.0032413569 399.79288 36.112328 -0.20713234 60.332424 55.93848 66.164566 0 0.51916212 0.048352957 348.0282 20 0.87115437 0 20 0 0 9069.082 6960.5645 0.76750481 0.00072718266 -0.2530801 -0.44193849 0.16988361 0.14525117 -0.051152423 0 0 -0.0028917647
0.036403395 330.50589 0.00011014446 -0.19063428 29.007513 42.419437 -43.204014 -0.78457558 0.005149289 0.056750223 40.945484 0.99888867 0.1449049 -0.0046558073 0.0075876401 399.98035 23.509983 -0.019655162 45.828495 42.707569 49.188068 0 0.51894331 0.046477489 345 20 0.86285394 0 20 0 0 6764.9702 6900 1.0199602 0.00036124105 -0.12462816 -1.5065037 -1.4213789 -0.8160302 -0.58800656 0 0 0.028073719
-0.15655197 330.76242 -0.00047330643 -0.0050154706 29.534552 43.591164 -43.455715 0.13544756 0.0008060282 0.056371793 41.692135 0.99893832 0.14410608 -0.00012029777 0.0064592655 400.09796 22.07588 0.097974218 46.692665 43.66227 49.868248 0 0.51926613 0.04702583 345 20 0.86261356 0 20 0 0 6893.6045 6900 1.0009278 0.00037662167 -0.12993447 0.11377361 -0.16038211 -0.12452985 -0.014241855 0 0 0.0036844758
-0.07538946 331.91971 -0.00022713162 -0.030486802 14.5867 21.133484 -21.321774 -0.18829022 0.0007720596 0.040216301 20.607424 0.99938577 0.23599198 -0.0014794088 0.017273298 399.95111 10.997316 -0.048902139 25.062996 23.498995 26.65365 0 0.51265103 0.04183751 350 10 0.87518907 1 10 0 0 3419.3513 3500 1.0235859 9.3801631e-05 -0.03283057 -0.18570869 -0.041263487 -0.0047888877 -0.058462631 0 0 -0.00010274306
-0.01236904 331.3002 -3.7334841e-05 -0.1167656 14.645898 20.233032 -20.629889 -0.39685506 0.0064816503 0.12216742 20.312546 0.94635808 0.35566294 -0.005748447 -0.2439283 399.56653 12.239617 -0.43345645 23.094433 21.196312 25.046663 0 0.4871175 0.013916345 350 16.572744 0.87604618 1 16.572744 0 0 3263.0359 5800.4604 1.7776269 0.00011069127 -0.038741942 -1.0599284 0.2557978 0.28435832 -0.20346326 4.3769433e-12 8.487433e-12 -0.041808855
0.072878063 330.81805 0.00022029653 -0.014830426 14.707094 21.437021 -21.474115 -0.037094753 0.00067124137 0.040993355 20.776672 0.99939948 0.23715776 -0.00071380183 0.017160129 399.85193 11.244174 -0.14806651 25.293459 23.648115 26.906836 0 0.51539975 0.042763215 350 10 0.87540764 1 10 0 0 3436.1138 3500 1.0185926 9.5504125e-05 -0.033426445 -0.14959532 0.26174304 0.16900197 0.020058019 0 0 -0.011371836
-0.027941665 330.75766 -8.4477753e-05 -0.014545453 14.650401 21.381407 -21.43294 -0.051533177 0.0016350808 0.040592708 20.696898 0.99938911 0.24097557 -0.00070278422 0.017447136 399.96973 11.005157 -0.030266143 25.286581 23.741682 26.848328 0 0.51094329 0.038078491 350 10 0.87514913 1 10 0 0 3422.2878 3500 1.0227076 9.4726471e-05 -0.033154264 -0.05116244 0.031251676 0.0096461251 -0.010591324 0 0 -0.00053343718
-0.023004048 331.73123 -6.9345442e-05 -0.0091534201 29.704714 44.517319 -44.4748 0.042521607 0.00055243348 0.097157262 41.702385 0.9946301 0.21453349 -0.00021949393 0.031414654 399.93451 22.988728 -0.065478764 48.950642 45.762753 52.256668 0 0.41841072 -0.052397624 345 20 0.8629961 0 20 0 0 6911.1655 6900 0.99838442 0.00041141623 -0.1419386 -0.093418539 0 0.070967555 -0.0020296215 0 0 0
0.0059986408 331.57401 1.8091408e-05 0.8598693 10.718906 30.585663 -58.789162 -28.203499 0.78761256 1.5928652 3.9855325 -0.10952282 2.551326 0.21574767 -1.2072856 429.26614 18.456547 29.266144 -35.034451 -57.47501 -14.998082 1 0.24957013 -0.25841081 336.73096 3.4619272 0.97919077 0 15 7.5 15 236.59665 1177.991 4.9788995 0.24827679 -83.602478 4.1311107 -57.370037 -5.5479565 -8.8614931 -5.7690363 -11.538073 2.9702287
-0.011071655 331.39969 -3.3408764e-05 0.080627494 46.255253 138.04646 -136.4249 1.6215614 0.017473489 1.584126 24.735493 -0.3092742 1.5124526 0.0032595871 -0.61555177 434.32095 18.45237 34.320961 -100 -100 -100 1 0.3458285 -0.16740282 339.82907 9.658143 0.97846323 0 15 6.7508297 13.501659 3346.0996 3291.0518 0.98354864 0.25053185 -85.138008 0.12055792 0 0.16296005 0.11017538 0.064806335 0.12961267 -0.00070083118
0.0052197045 330.50949 1.5792903e-05 -0.27646577 24.214926 35.54776 -37.105427 -1.5576681 0.018734893 0.096897632 33.998844 0.99558055 0.20291249 -0.0081316223 0.031336248 395.06119 26.538551 -4.9388165 39.191822 32.480888 43.609512 0 0.42723471 -0.040083606 342.5 15 0.86727542 0 15 0 0 5614.5176 5137.5 0.91503853 0.00037039263 -0.12685947 -2.0437851 9.8073339 4.7305646 0.53807396 -2.8421709e-13 -6.7679196e-13 -0.21778961
-0.091067582 330.83896 -0.00027526257 -0.038474534 21.983379 33.191193 -33.41954 -0.22834715 0.0013453895 0.11575633 30.768381 0.99197346 0.26200628 -0.0012504569 0.029427648 399.91431 17.316639 -0.08570838 37.433144 34.99741 39.97744 0 0.39945835 -0.073185049 342.5 15 0.85663271 0 15 0 0 5086.2441 5137.5 1.0100774 0.00023259493 -0.079663761 -0.31274503 -0.027483337 0.016656842 -0.063010402 0 0 -0.0010240319
0.053999115 331.36536 0.00016295945 0.25148323 29.905922 49.870483 -45.459023 4.4114599 0.019065857 0.046270847 41.984921 0.99381846 0.11123069 0.0059898472 0.030246295 400.05911 22.190382 0.059106395 41.378712 38.297733 44.592182 0 0.43563995 -0.036264304 345 20 0.86268115 0 20 0 0 6950.6475 6900 0.99271333 0.00035779909 -0.12344069 0.1955415 0.05702579 -0.26127675 -0.082625784 0 0 0.01033466
-0.014715354 331.06174 -4.4448974e-05 1.6823024 13.377856 27.055925 -19.594778 7.4611464 0.10631173 0.065148257 18.003965 0.96923548 0.24362895 0.093440659 0.055957418 409.27588 13.57872 9.2758741 18.275761 11.441233 24.195702 0 0.40533522 -0.078974269 350.17941 10.001767 0.83013541 1 9.9672527 0.0074008494 5.3495674 2973.9761 3502.4143 1.1776874 -0.029770529 10.425027 1.8551962 -15.955682 -11.328366 -0.64725447 0.00086882908 -5.3737755 0.22670585
-0.04314382 331.09955 -0.00013030467 -0.041084092 0.44635507 0.79758513 -1.7866266 -0.98904151 1.194764 1.0676119 0.049148764 -0.0031133285 101.54119 -0.835913 -1.4919459 406.27808 0.19332112 6.2780771 -63.734905 -68.68647 -58.739437 1 0.47708076 -0.0039759302 355.0499 0.043165691 0.8261109 1 0.19769013 19.600967 7.365941 0.71905816 14.600909 0.29201818 -0.054694131 19.419146 -0.065424852 -10.081463 0.0092668403 -0.067123257 -0.18074298 0.04312614 0.2917372
-0.032130312 330.53903 -9.7205811e-05 -0.65800267 31.626606 51.11829 -50.80624 0.3120499 0.018753994 0.060148511 44.426739 0.99484873 0.10379647 -0.014810961 0.043960411 397.90143 27.034988 -2.0985672 42.905369 37.990208 46.837643 0 0.44577399 -0.024663616 345 20 0.8674323 0 20 0 0 7333.1841 6900 0.94092822 0.00044220587 -0.15256102 -1.9287369 4.1995802 2.7807429 0.38096517 0 0 -0.093254946
-0.047916643 331.79221 -0.00014441762 -0.018368777 29.520678 43.525707 -43.772964 -0.24725617 0.0014685827 0.057085555 41.670845 0.99887478 0.14455989 -0.00044080641 0.010091755 399.90555 22.192356 -0.094439022 46.648762 43.53643 49.862125 0 0.51757759 0.047071379 345 20 0.86303395 0 20 0 0 6911.041 6900 0.99840242 0.00038286287 -0.13208769 -0.14175227 0.10576766 0.078845248 -0.015956484 0 0 0
-0.086202271 331.31522 -0.00026018207 1.1660914 29.102514 45.12656 -40.228157 4.8984022 0.038317092 0.053154591 41.019997 0.99891317 0.14367266 0.028427389 0.011365383 405.57925 23.584257 5.579268 46.571285 40.022514 52.367184 0 0.52395499 0.045383703 345 20 0.85092616 0 20 1.9824301e-07 3.964854e-07 6793.8716 6900 1.0156212 0.00034207228 -0.11801493 11.671658 -4.835741 -4.2142763 1.4601933 -0.01791076 -0.03582152 0.12742528
0.0023807616 330.77469 7.1975323e-06 0.044276915 29.710218 43.967598 -43.79121 0.17638704 0.0015247683 0.0555586 41.942738 0.9989664 0.1404199 0.0010556515 0.0079691522 400.02667 22.559704 0.026678832 46.825111 43.69772 50.077122 0 0.51847702 0.045999311 345 20 0.8627736 0 20 0 0 6935.1753 6900 0.994928 0.00038391291 -0.13244995 0.4256832 0.31478176 0.16296297 0.14874496 0 0 -0.0053681526
-0.016303124 330.48444 -4.9330989e-05 -0.0031355738 29.594528 43.563168 -43.574509 -0.011342706 0.00031534399 0.05591087 41.778038 0.99893576 0.14284641 -7.5053154e-05 0.0081449263 399.99304 22.061365 -0.0069472981 46.726494 43.695404 49.881992 0 0.51925665 0.046503793 345 20 0.86284202 0 20 0 0 6902.0991 6900 0.99969584 0.00037914456 -0.13080488 -0.029583259 -0.010136493 -0.0089829909 -0.018637646 0 0 0.0004618167
-0.10747327 330.77005 -0.00032491836 -0.014095407 29.569746 43.634666 -43.70612 -0.071455725 0.00064800266 0.057009324 41.740414 0.99893564 0.1444869 -0.00033769206 0.0081825126 400.01163 22.052876 0.011614116 46.764519 43.737564 49.917084 0 0.51938224 0.047244396 345 20 0.86280257 0 20 0 0 6901.7695 6900 0.99974364 0.00037984591 -0.13104685 0.030414315 -0.0035302304 -0.028103027 0.017666252 0 0 0.00077119307
-0.093371607 331.54678 -0.0002816242 1.4924605 19.497272 31.887184 -25.417252 6.4699321 0.080176763 0.060849439 27.320248 0.99842006 0.19424409 0.054628361 0.019462932 409.40536 17.525845 9.4053793 32.98138 26.603472 39.173977 0 0.52586251 0.042738244 342.49976 14.999494 0.8367182 0 15 0.0034015311 0.0068030623 4528.0098 5137.3228 1.1345652 0.0001669871 -0.057193041 7.9048753 -12.943749 -9.3994102 0.91705698 -1.6745481 -3.3490963 0.19894539
-0.035155695 331.07245 -0.00010618732 0.09229514 21.996376 32.766411 -32.543331 0.22307724 0.0032083648 0.062728815 31.036863 0.99864537 0.17573369 0.0029737265 0.014839437 400.18878 17.230042 0.18877229 35.773476 33.186527 38.340744 0 0.51676685 0.044159129 342.5 15 0.85603231 0 15 0 0 5136.355 5137.5 1.0002229 0.00021760953 -0.074531265 0.90290529 0.30527201 0.11450227 0.2383702 0 0 -0.0054253503
-0.00097331719 330.66434 -2.9435203e-06 -0.013458566 21.830248 32.336548 -32.34927 -0.012721804 0.00082886231 0.063981541 30.800127 0.99856818 0.1792013 -0.00043696462 0.013523527 399.98633 16.547478 -0.013671841 35.563999 33.279766 37.94183 0 0.51775366 0.044794515 342.5 15 0.85646111 0 15 0 0 5090.9702 5137.5 1.0091397 0.00021235253 -0.072730742 0.0034564727 0.0017343236 -0.019603562 -0.0097239651 0 0 0.001206626
-0.08435607 330.69348 -0.00025508841 -0.0096645234 21.836107 32.403141 -32.420288 -0.017148312 0.00044614918 0.063937299 30.808308 0.99860835 0.17969605 -0.00031369861 0.014204902 400.00928 16.567869 0.0092845922 35.606293 33.336155 37.966927 0 0.51786274 0.045044959 342.5 15 0.85641217 0 15 0 0 5092.9067 5137.5 1.008756 0.00021264727 -0.07283169 0.0081261862 -0.011459685 -0.010157287 -0.014911031 0 0 0.00062506937
0.073427796 331.50113 0.00022150089 0.026742959 29.437689 42.626541 -42.416115 0.21042697 0.0015072554 0.028539071 41.609562 0.99948692 0.13798456 0.00064271188 0.0064482046 400.14819 21.53138 0.14820617 46.477028 43.475399 49.584778 0 0.51231676 0.040846244 345 20 0.86249065 0 20 0 0 6896.2451 6900 1.0005444 0.0003596645 -0.12408425 0.13835576 -0.18937333 -0.058286984 0.042041317 0 0 0.002354102
-0.015307188 331.11282 -4.6229521e-05 -0.0033146406 29.487558 42.626625 -42.587593 0.039028294 0.00073812611 0.028727792 41.679653 0.99948478 0.13856381 -7.9526588e-05 0.006984931 399.99234 21.516472 -0.0076446785 46.56208 43.571533 49.617252 0 0.51765656 0.04589694 345 20 0.86282814 0 20 0 0 6899.5542 6900 1.0000646 0.00036133936 -0.12466208 -0.0033207429 -0.023515631 -0.033838473 -0.017263809 0 0 0.0011752455
-0.042134102 330.74734 -0.00012739061 -0.0057115499 29.536453 42.510948 -42.636814 -0.12586878 0.00039029834 0.028443992 41.749138 0.9994998 0.13825554 -0.00013680641 0.0064848871 399.98294 21.494165 -0.01706272 46.630363 43.634518 49.688927 0 0.51329827 0.040911917 345 20 0.86284661 0 20 0 0 6903.4785 6900 0.9994961 0.00035918583 -0.12391911 -0.027568396 -0.0010968181 -0.0053422973 -0.010059102 0 0 0.0001764867
-0.087561041 330.57437 -0.00026487547 0.0071490607 29.565565 42.614929 -42.736126 -0.12119646 0.00061158062 0.029031951 41.789387 0.99949169 0.13987528 0.0001710736 0.0062594065 400.01498 21.527121 0.014969649 46.758488 43.781612 49.816502 0 0.51933962 0.046712801 345 20 0.8627789 0 20 0 0 6906.5752 6900 0.99904799 0.00036082778 -0.12448559 0.034453142 5.3372161e-05 0.011078504 0.0065449472 0 0 -0.00019970219
-0.079456098 330.80881 -0.00024018736 -0.028922036 29.557264 42.579411 -42.807129 -0.2277188 0.00078478502 0.029253809 41.777504 0.99951869 0.13967425 -0.00069228734 0.0063719568 400.04254 21.618874 0.042527899 46.748569 43.775734 49.808857 0 0.51424527 0.042131316 345 20 0.86271942 0 20 0 0 6909.5811 6900 0.99861342 0.00036072597 -0.12445045 0.034924857 -0.027884703 0.028406521 -0.026928078 0 0 -0.00076661393
0.073427796 331.50113 0.00022150089 0.026742959 29.437689 42.626541 -42.416115 0.21042697 0.0015072554 0.028539071 41.609562 0.99948692 0.13798456 0.00064271188 0.0064482046 400.14819 21.53138 0.14820617 46.477028 43.475399 49.584778 0 0.51231676 0.040846244 345 20 0.86249065 0 20 0 0 6896.2451 6900 1.0005444 0.0003596645 -0.12408425 0.13835576 -0.18937333 -0.058286984 0.042041317 0 0 0.002354102
-0.017526153 331.12689 -5.2928808e-05 0.17508399 30.077826 43.624741 -43.190536 0.43420261 0.0039354214 0.028500872 42.513256 0.99949139 0.13952939 0.0041183387 0.0060685142 420.62439 22.775406 -0.17033958 47.595306 44.263393 50.795788 0 0.54228669 0.044454038 345 20 0.82047319 0 20 0 0 7037.8574 6900 0.98041201 0.00032184721 -0.11103728 1.0922683 1.5779712 1.0155872 0.6249755 0 0 -0.034608986
-0.042397387 330.75455 -0.00012818383 -0.029553406 29.527563 42.584175 -42.720928 -0.13675047 0.00030025601 0.028419524 41.736546 0.99949974 0.14296693 -0.00070809422 0.0050963373 420.71912 20.585447 -0.07560093 46.84726 43.940575 49.783615 0 0.53879136 0.040357627 345 20 0.8202666 0 20 0 0 6901.5791 6900 0.99977118 0.00029516214 -0.10183094 -0.10693885 0.098995291 0.088099293 -0.041183729 0 0 -0.0029678452
-0.085509792 330.58084 -0.0002586653 -0.0031303996 29.512119 42.490082 -42.700153 -0.21007137 0.00060083612 0.028931776 41.713917 0.99948579 0.14573278 -7.5044496e-05 0.0042157136 420.79486 20.458204 0.00012979112 46.954552 44.121048 49.855431 0 0.54513425 0.046427961 345 20 0.82011873 0 20 0 0 6894.3032 6900 1.0008264 0.0002948464 -0.10172201 0.015783327 0.0083807232 0.0084836641 0.0017106878 0 0 -0.00010960514
-0.07997077 330.81985 -0.00024173508 -0.025437269 29.515944 42.479923 -42.686928 -0.20700637 0.00093605864 0.028892428 41.719574 0.9995119 0.14482234 -0.00060972018 0.0045653065 420.86688 20.605593 0.072168812 46.939022 44.08865 49.867905 0 0.53964335 0.041376974 345 20 0.81997842 0 20 0 0 6900.2905 6900 0.99995792 0.00029497404 -0.10176604 0.080737874 -0.042550664 0.025558986 0.0085718511 0 0 -0.00069082313
0.094474122 331.34088 0.00028512668 0.023746025 29.49733 42.464027 -42.597321 -0.13329276 7.2027113e-05 0.028570959 41.693939 0.99949378 0.13870694 0.00056953181 0.0067826826 400.00275 21.600084 0.0027514442 46.589405 43.615124 49.659889 0 0.51204413 0.040806375 345 20 0.86280453 0 20 0 0 6906.5747 6900 0.99904805 0.00035998662 -0.12419538 0.1040476 0.070707753 0.026986592 0.030050695 0 0 4.61809e-05
0.040544759 330.89038 0.00012253231 0.078276739 33.273918 48.180477 -47.79224 0.38823617 0.002038392 0.027823342 47.033699 0.99949276 0.12757121 0.0016642694 0.0040885732 400.37335 24.198311 0.37336206 52.051437 48.582817 55.626499 0 0.51399243 0.041717693 346.21118 20 0.86511284 0 20 1.7899993e-10 3.575984e-10 7780.5347 6924.2236 0.88994187 0.00045330593 -0.15693958 0.71182644 -0.40751836 -0.3343482 0.050913755 -1.5667194e-05 -3.1334388e-05 0.0092645558
-0.028957989 330.68817 -8.7568871e-05 0.41671702 29.645411 43.447979 -41.897213 1.5507672 0.012249675 0.026617067 41.897205 0.99951327 0.13928707 0.0099461768 0.0080856327 401.65564 22.504187 1.6556413 47.06831 42.853256 51.002605 0 0.51572651 0.041256502 345 20 0.8592515 0 20 0 0 6926.7134 6900 0.9961434 0.00035716791 -0.12322293 4.0267782 -0.8804031 -0.93751836 0.64264858 0 4.6185278e-14 0.030183075
-0.10568185 330.65903 -0.00031960977 0.0085107796 29.620035 42.754005 -42.850929 -0.096923038 0.00018191584 0.029504258 41.866337 0.99952221 0.14033598 0.00020328455 0.0058040428 399.98911 21.750217 -0.010900089 46.868412 43.875866 49.945957 0 0.51420563 0.041834969 345 20 0.8628366 0 20 0 0 6920.958 6900 0.99697179 0.00036302709 -0.12524435 0.11677586 0.15119761 0.099383563 0.059904408 0 0 -0.0036777991
0.0060041631 331.87469 1.8091658e-05 0.0036867221 14.851679 22.817883 -22.7731 0.044782843 0.00066249276 0.14382283 20.678144 0.98724371 0.32974765 0.00017829076 0.031612977 399.99527 12.111492 -0.0047420044 26.436735 24.782616 28.174953 0 0.37370247 -0.097887047 350 10 0.87510943 1 10 0 0 3428.2939 3500 1.020916 0.00011318184 -0.039613646 0.010291187 0.017196348 0.011252024 0.0096063707 0 0 -0.00050049921
0.04216313 331.34756 0.00012724745 0.003045029 14.862793 22.765171 -22.896366 -0.1311968 0.00061672449 0.14415942 20.690865 0.98712033 0.33041912 0.00014716781 0.030701349 399.9906 12.086007 -0.0093923444 26.461098 24.806492 28.198078 0 0.37395075 -0.098353639 350 10 0.87511921 1 10 0 0 3425.2847 3500 1.0218128 0.00011276957 -0.039469346 -0.0057145096 0.011798231 0.0025852169 0.0028257796 0 0 6.9678987e-05
0.060437758 330.90878 0.00018264174 0.0047495044 14.876507 22.834236 -22.885244 -0.051008284 0.00045082867 0.14403951 20.71195 0.98720247 0.33025798 0.00022931227 0.030722808 400.00003 12.079342 2.1176e-05 26.491104 24.842289 28.228161 0 0.37467816 -0.098518923 350 10 0.87509948 1 10 0 0 3424.4697 3500 1.0220561 0.0001137166 -0.039800808 0.0042051086 0.00083302194 -0.0056425687 0.0068636597 0 0 0.00030228731
-0.10225952 330.836 -0.00030909426 -0.003423701 14.881099 22.78055 -22.906479 -0.12592785 9.0925787e-05 0.14400546 20.71653 0.98707426 0.33115786 -0.00016526421 0.029875547 400.00656 12.073584 0.006565582 26.510355 24.861708 28.246126 0 0.37557337 -0.097600177 350 10 0.87508464 1 10 0 0 3424.5999 3500 1.0220172 0.00011317859 -0.039612509 0.0084267166 -0.010732516 -0.012373987 -0.0050498773 0 0 4.943346e-05
-0.20442125 331.07486 -0.00061744725 -0.0033663183 14.880397 22.810595 -22.820957 -0.010362893 0.00061440695 0.14394349 20.715094 0.98710173 0.33062154 -0.00016250559 0.03085147 400.00262 12.091922 0.0026377302 26.499966 24.850777 28.235672 0 0.37437707 -0.098591514 350 10 0.8750928 1 10 0 0 3426.2634 3500 1.021521 0.00011267383 -0.039435841 -0.0084614698 -0.0019862549 0.0068420349 -0.00011544905 0 0 -0.00080618664
0.0061430102 331.31604 1.8541239e-05 0.0033041413 29.724239 44.533329 -44.49868 0.034649625 0.00043055121 0.096756004 41.733059 0.99470985 0.21401316 7.9173231e-05 0.030167842 399.98953 22.942616 -0.010461835 48.987289 45.850567 52.26738 0 0.41853398 -0.052953396 345 20 0.86287522 0 20 0 0 6907.6904 6900 0.99888664 0.00040887692 -0.14106254 -0.0070643676 0.018231228 0.012395235 0.0024933359 0 0 -0.00033752812
29.674639 330.5882 0.08976315 0.0040889997 29.751127 44.534737 -44.6637 -0.12896392 0.00025269942 0.096931882 41.769203 0.99464238 0.21447435 9.7895077e-05 0.028836614 400.00589 22.920559 0.0059045744 49.037125 45.90295 52.320026 0 0.41951495 -0.051357605 345 20 0.86283988 0 20 0 0 6898.4302 6900 1.0002276 0.00040884226 -0.14105058 0.012536462 -0.012515755 -0.01047369 -0.004896835 0 0 0.00096361421
0.039828397 330.46243 0.00012052322 0.0013874804 29.78293 44.5858 -44.684078 -0.098278463 0.000434196 0.096864961 41.815289 0.99470061 0.21429777 3.3181175e-05 0.029698148 399.98981 22.904058 -0.010199931 49.097855 45.963623 52.382828 0 0.41936082 -0.053540483 345 20 0.86287379 0 20 0 0 6903.7935 6900 0.9994505 0.00040788166 -0.14071918 -0.032405775 -0.01251481 -0.0042079594 -0.0080079818 0 0 0.00021895005
-0.18236543 330.77225 -0.00055133231 -0.0090002865 29.760519 44.501892 -44.664055 -0.16216466 0.00052446354 0.096843682 41.784466 0.99469888 0.21458203 -0.0002153979 0.029172355 400.01517 22.910564 0.015167734 49.077999 45.95351 52.360119 0 0.42053804 -0.05169069 345 20 0.86281908 0 20 0 0 6904.8618 6900 0.99929589 0.00040788288 -0.14071959 0.005645873 -0.022133542 -0.017891388 -0.012331743 0 0 -3.6136989e-05
-0.07738702 331.66476 -0.00023332903 -0.0063046706 29.470343 42.40049 -42.555153 -0.15466395 0.00137577 0.028660294 41.655479 0.99946874 0.13861035 -0.00015135274 0.0069537866 399.89871 21.57094 -0.10129615 46.518696 43.45414 49.62006 0 0.51147294 0.041025523 345 20 0.86303067 0 20 0 0 6906.894 6900 0.99900186 0.00036185258 -0.12483914 -0.24334182 0.058199409 0.0729504 -0.020675464 0 0 -0.0029257089
-0.01275684 331.10205 -3.8528426e-05 -0.0010860345 29.513788 42.578186 -42.681194 -0.10300672 0.00088497996 0.02855166 41.717236 0.99950486 0.13786806 -2.6033233e-05 0.0066741933 399.97922 21.518593 -0.020781994 46.582237 43.591373 49.643578 0 0.51753318 0.045980375 345 20 0.86285383 0 20 0 0 6905.5249 6900 0.99919993 0.00035828692 -0.12360899 -0.044034939 0.0015438562 0.011896747 -0.013286608 0 0 -0.00034571471
0.06325642 330.59433 0.00019134152 0.0032402014 29.522295 42.560215 -42.5681 -0.0078865485 0.00041787856 0.0289956 41.728481 0.99951744 0.13933389 7.7649638e-05 0.0066434215 399.98108 21.513704 -0.018905725 46.665684 43.672462 49.718716 0 0.51416856 0.041734785 345 20 0.86285084 0 20 0 0 6896.9697 6900 1.0004394 0.00035948158 -0.12402114 -0.0089706611 -0.0073897601 -0.036875561 -0.0050953086 0 0 0.0017019158
-0.038698655 330.55411 -0.00011707207 -0.016681876 29.556162 42.730869 -42.647503 0.083366275 0.00036319168 0.028928854 41.776463 0.99950743 0.14022769 -0.00039931279 0.0059377351 399.99643 21.492476 -0.0035575854 46.760662 43.78059 49.804779 0 0.5142169 0.041772202 345 20 0.86281955 0 20 0 0 6904.0356 6900 0.99941546 0.00036156585 -0.12474022 -0.0037975507 0.0038409161 -0.0045937309 -0.019405313 0 0 0.0002155218
0.025146715 331.66959 7.5818578e-05 -0.0071237991 29.633747 44.341297 -44.482121 -0.1408217 0.00022775952 0.097348839 41.60252 0 0 -0.0001712348 0.030084135 400.02795 22.971882 0.027939776 0 0 0 0 0 0 0 0 0 0 0 0 0 6892.8921 0 0 0 0 0 0 0 0 0 0 0
24.94116 330.08014 0.07556092 0.012977147 29.772757 44.498016 -44.549587 -0.051572062 0.014294644 0.096268207 41.793659 0.9946782 0.21362314 0.00031050513 0.060380343 399.87558 23.208763 -0.1244292 49.049423 45.843884 52.412323 0 0.41770393 -0.055857468 345 20 0.86312467 0 20 0 0 6885.6553 6900 1.0020833 0.00041295946 -0.14247102 -0.11396737 0.062131926 0.048517779 0.009673005 0 0 0.0031965941
32.259659 330.82788 0.097511902 -0.0003326126 29.765465 44.498936 -44.666313 -0.16737621 0.00058340241 0.096965313 41.788929 0.99465126 0.21443632 -7.9593474e-06 0.030252131 399.97446 22.94508 -0.025545711 49.056942 45.901108 52.350403 0 0.41949505 -0.050554391 345 20 0.86290729 0 20 0 0 6906.4497 6900 0.99906611 0.00040831324 -0.14086807 -0.032875568 0.017711908 0.013277666 -0.0084104734 0 0 -0.00034395576
-0.036734257 330.53522 -0.00011113568 0.0030672946 29.79504 44.574234 -44.612434 -0.038198747 0.00050517818 0.096644893 41.833241 0.99469745 0.2143162 7.3321942e-05 0.030274779 399.98566 22.938202 -0.014335905 49.115952 45.970428 52.403568 0 0.42006773 -0.052653503 345 20 0.86288285 0 20 0 0 6907.8672 6900 0.99886113 0.0004080307 -0.14077058 -0.016330609 0.012080891 0.0086186565 -0.0029460378 0 0 -0.0004759501
-0.1264713 330.63547 -0.00038250978 -0.012345516 29.769529 44.611137 -44.515392 0.095743716 0.000383534 0.096829042 41.796619 0.99471509 0.21437261 -0.00029537117 0.029475246 399.99136 22.926441 -0.0086389063 49.086838 45.947208 52.371349 0 0.42036065 -0.052422862 345 20 0.86286968 0 20 0 0 6904.4756 6900 0.9993518 0.00040702752 -0.14042449 -0.023757599 0.0084344549 0.0084970286 -0.0034858217 0 0 7.7015342e-05
0.057132315 331.63144 0.00017227653 0.24704458 14.651951 22.353746 -20.503479 1.8502667 0.03996098 0.035452858 20.677542 0.99898142 0.23581994 0.011947483 0.017545339 400.38882 16.1677 0.38881621 25.147354 23.071117 28.093615 0 0.51163638 0.039612442 350 10 0.874259 1 10 0 0 3428.0378 3500 1.0209923 0.0001243572 -0.043525025 0.5562706 0.16160518 0.096426144 0.32614636 0 0 -0.0047313119
0.019112354 331.22116 5.7702699e-05 0.45202005 13.899368 21.302673 -19.193968 2.1087058 0.037686992 0.036366507 19.610031 0.99948394 0.24222958 0.023050452 0.029019743 402.97076 11.250372 2.9707623 24.324852 21.523664 27.007246 0 0.51246327 0.036392063 350 10 0.86861706 1 10 0 0 3246.3203 3500 1.0781437 7.7912016e-05 -0.027269207 4.7879252 -3.7388811 -2.7222731 0.363332 0 0 0.17814225
-0.022423344 330.91357 -6.7761932e-05 0.067048356 14.755171 21.657658 -21.329918 0.32773939 0.004040278 0.040586933 20.844767 0.99939352 0.23655847 0.003216556 0.019650778 400.16104 11.38378 0.1610484 25.403721 23.6696 27.112917 0 0.51599276 0.043044135 350 10 0.87473226 1 10 0 0 3448.1443 3500 1.0150387 9.6485979e-05 -0.033770092 0.59058607 0.12423573 0.052864958 0.14510968 0 0 -0.0039713634
-0.11005392 330.88092 -0.00033260882 -0.010902321 14.68227 21.499416 -21.407097 0.092319489 0.00080357387 0.039926108 20.742683 0.99941158 0.24132007 -0.00052559836 0.019306373 399.98663 11.100601 -0.013359554 25.353041 23.814043 26.914848 0 0.51614273 0.043342561 350 10 0.875112 1 10 0 0 3430.9441 3500 1.0201274 9.4598698e-05 -0.033109542 0.063751042 0.086360455 0.045389578 0.032103896 0 0 -0.0035470766
0.0060041631 331.87469 1.8091658e-05 0.0036867221 14.851679 22.817883 -22.7731 0.044782843 0.00066249276 0.14382283 20.678144 0.98724371 0.32974765 0.00017829076 0.031612977 399.99527 12.111492 -0.0047420044 26.436735 24.782616 28.174953 0 0.37370247 -0.097887047 350 10 0.87510943 1 10 0 0 3428.2939 3500 1.020916 0.00011318184 -0.039613646 0.010291187 0.017196348 0.011252024 0.0096063707 0 0 -0.00050049921
-0.27656624 331.54758 -0.00083416753 0.0060641537 14.863868 22.781715 -22.921247 -0.13953198 0.00063970976 0.14417788 20.692301 0.98711717 0.33043215 0.00029306329 0.031048592 399.98923 12.089329 -0.010778795 26.462568 24.806536 28.199619 0 0.37394887 -0.098159343 350 10 0.87512231 1 10 0 0 3428.123 3500 1.0209669 0.00011282131 -0.039487459 -0.0071805795 0.015424209 0.0054285694 0.010167032 0 0 0.0017159577
0.059931647 330.90915 0.00018111209 0.0046072868 14.875957 22.830839 -22.858936 -0.028098529 0.00045840972 0.1440337 20.711149 0.98719853 0.33029386 0.00022245443 0.030710509 400.00021 12.07825 0.00020251753 26.490549 24.841835 28.227449 0 0.37472889 -0.098466665 350 10 0.875099 1 10 0 0 3424.343 3500 1.0220939 0.00011368674 -0.039790358 0.0033358082 -0.00064698886 -0.0060110837 0.0053198524 0 0 0.0003345689
-0.1019127 330.83621 -0.00030804577 -0.0021040605 14.88072 22.793621 -22.919128 -0.12550727 0.00017507307 0.14406329 20.715883 0.98706907 0.33120212 -0.00010156749 0.029881129 400.00662 12.073713 0.0066183186 26.510227 24.861443 28.245956 0 0.37562364 -0.097552367 350 10 0.87508458 1 10 0 0 3424.49 3500 1.02205 0.0001131769 -0.039611917 0.0080877291 -0.011118467 -0.012649097 -0.0033019495 0 0 7.1368544e-05
-0.20376569 331.07468 -0.00061546743 -0.004152982 14.880308 22.820608 -22.828341 -0.0077323746 0.00063302938 0.14400433 20.714893 0.98710012 0.3306303 -0.00020048291 0.030845404 400.00204 12.091999 0.0020476109 26.499792 24.850058 28.235416 0 0.374347 -0.098623343 350 10 0.87509412 1 10 0 0 3426.2317 3500 1.0215304 0.00011267042 -0.039434649 -0.0097316634 -0.0018060912 0.0057906057 -0.0023023894 0 0 -0.00072966208
-0.020010965 331.63989 -6.033944e-05 -0.0094204601 14.632144 21.409613 -21.442568 -0.032954246 0.00045145457 0.03980805 20.671904 0.99939674 0.23598197 -0.00045571325 0.0187805 399.96368 11.023903 -0.036302943 25.148397 23.597025 26.71998 0 0.50394058 0.032626893 350 10 0.87516207 1 10 0 0 3427.0476 3500 1.0212872 9.446167e-05 -0.033061586 -0.075574063 0.042146351 0.049506888 -0.0012094415 0 0 -0.0032515668
0.064637013 331.0871 0.0001952266 -0.0078652641 14.64893 21.36834 -21.4002 -0.031861696 0.00031607901 0.040075831 20.695934 0.99944979 0.23613229 -0.0003800391 0.018375836 399.98331 11.014694 -0.016684785 25.19058 23.657612 26.749287 0 0.50948769 0.03715511 350 10 0.87511921 1 10 0 0 3425.4673 3500 1.0217584 9.4544965e-05 -0.033090737 -0.0037757419 0.036001422 0.020227911 0.0013609313 0 0 -0.0010681106
0.037881747 330.75522 0.00011453106 -0.0059278514 14.648712 21.380302 -21.435362 -0.055059232 0.0014110209 0.041130982 20.694033 0.99938726 0.23951548 -0.00028645218 0.017823728 399.96024 11.002849 -0.039768539 25.251715 23.697634 26.825867 0 0.51515526 0.042266719 350 10 0.8751694 1 10 0 0 3421.7336 3500 1.0228733 9.4150964e-05 -0.032952838 -0.079814151 0.023143975 0.013333864 -0.015572337 0 0 -0.00078153965
-0.1636356 331.00146 -0.00049436511 0.010227786 14.644633 21.31357 -21.386745 -0.073175602 0.0021201391 0.04062026 20.688761 0.99939817 0.24255396 0.00049436436 0.01793839 399.97351 10.999482 -0.026494116 25.306137 23.762308 26.874577 0 0.51575053 0.043316696 350 10 0.87514037 1 10 0 0 3423.3201 3500 1.0223993 9.4181378e-05 -0.032963481 -0.04365094 0.020807849 0.0014488887 0.011904605 0 0 -0.00069976732
-0.0038718286 331.65076 -1.1674415e-05 -0.015298357 29.495975 42.468655 -42.60302 -0.13436344 0.0015112148 0.028819401 41.69112 0.9994477 0.14092121 -0.00036694523 0.0067707775 400.00986 21.607365 0.0098504191 46.666401 43.68581 49.720238 0 0.51221311 0.041562706 345 20 0.86279058 0 20 0 0 6912.5088 6900 0.9981904 0.00036151349 -0.12472215 0.03639866 0.0022945339 0.031456992 -0.020878086 0 0 -0.00059685035
0.018244868 331.16693 5.509266e-05 1.843199 30.847471 47.751858 -40.487358 7.2645006 0.049655415 0.029892528 43.456379 0.99953955 0.13868903 0.042414922 0.012316781 417.52463 26.922462 5.3301439 49.394974 41.201126 55.975681 0 0.53923762 0.045345873 345 20 0.82662326 0 20 0 0 7194.8022 6900 0.95902568 0.00039292054 -0.13555759 15.523836 -0.78533828 -1.6446927 3.8895421 0 0 0.048333257
0.041272186 330.75662 0.00012478112 0.042436112 29.628206 42.82386 -42.638844 0.18501745 7.2157571e-05 0.028380211 41.878643 0.99951231 0.14014485 0.0010133116 0.0059129996 412.19598 21.294859 0.0014986837 46.901245 43.952381 49.92807 0 0.52383125 0.035904568 345 20 0.83725244 0 20 0 0 6925.106 6900 0.99637461 0.00032488868 -0.1120866 0.28559321 0.26047778 0.1569595 0.11263429 0 0 -0.005187965
-0.081527382 330.64499 -0.00024657074 -0.018617343 29.495321 42.582169 -42.648907 -0.066737585 0.00021054181 0.028853722 41.690521 0.99947506 0.14404151 -0.00044656056 0.0043461714 412.15997 20.89637 -0.034511529 46.825878 43.913044 49.80677 0 0.53409803 0.046305843 345 20 0.83732134 0 20 0 0 6891.6548 6900 1.0012109 0.00031977592 -0.11032269 -0.097384542 -0.020359047 -0.028212404 -0.044451907 0 0 0.00058499014
-0.19008683 330.88535 -0.00057447946 0.0041147834 29.516191 42.614292 -42.528664 0.085628644 0.00036874044 0.028998988 41.719398 0.9995141 0.14381294 9.8629986e-05 0.0059927367 412.19763 20.920626 0.0031593591 46.873955 43.980499 49.837357 0 0.52462947 0.036890097 345 20 0.83724475 0 20 0 0 6901.4141 6900 0.99979514 0.00031970363 -0.11029775 -0.0099413078 0.0038485688 0.022339363 0.0032865196 0 0 -0.001022646
-0.11612436 330.94577 -0.00035088637 -0.91970742 28.988186 40.256332 -44.030586 -3.7742555 0.032702044 0.034618076 40.911091 0.99927872 0.050946392 -0.022480637 0.0052221953 396.42065 27.009563 -3.5793488 41.022949 34.882145 46.557461 0 0.47658956 0.0098872418 345 20 0.92146403 0 20 0 0 6768.8843 6900 1.0193703 0.058803987 -20.287376 -9.7897129 0.66690475 1.1835012 -1.6719215 0 0 -0.042444821
-0.12860672 330.90112 -0.00038865604 -0.094865963 29.412045 42.228523 -42.944504 -0.71597856 0.0027708125 0.031572696 41.567543 0.99943042 0.047997367 -0.0022822125 0.0083893351 399.80676 22.89443 -0.19324869 42.180279 38.889816 45.578354 0 0.48299474 0.011285136 345 20 0.91319257 0 20 0 0 6876.6729 6900 1.0033922 0.058262467 -20.100552 -0.66864395 -0.20916206 -0.17693792 -0.20074952 0 0 0.0072768815
0.052981008 330.50165 0.00016030483 -0.635813 28.20389 39.358845 -42.091602 -2.7327561 0.021278355 0.031409755 39.839359 0.99955869 0.14705428 -0.015959417 0.010340921 398.69168 26.463999 -1.3083236 44.629623 40.667316 48.903465 0 0.51675653 0.04626558 345 20 0.86563134 0 20 0 0 6582.4497 6900 1.048242 0.00034787154 -0.12001568 -6.0018854 -2.3479214 -1.2459027 -1.6479273 0 0 0.043943614
-0.1551549 330.78241 -0.00046905427 -0.0025374829 29.369543 42.516674 -42.361404 0.15526754 0.001617881 0.029149668 41.512524 0.99954939 0.1415156 -6.112572e-05 0.0055809612 400.2019 21.57443 0.20190541 46.53891 43.525471 49.594513 0 0.51902449 0.046801228 345 20 0.86236989 0 20 0 0 6865.0605 6900 1.0050894 0.00035384833 -0.12207768 0.086684071 -0.49474359 -0.36029983 -0.075598516 0 0 0.011702327
-0.098288789 331.64883 -0.00029636404 1.5234153 26.340069 42.477154 -36.672771 5.8043823 0.04632131 0.10349158 36.837666 0.99344039 0.23852783 0.041354828 0.038429026 404.89041 25.423565 4.8904095 44.723114 36.982426 50.907997 0 0.40445745 -0.073281392 345 20 0.87136555 0 20 0 0 6101.9326 6900 1.1307893 0.022630565 -7.8075452 4.8791461 -4.1942282 -3.3371549 1.5180207 0 0 0.13059571
-0.36823612 332.00845 -0.0011091168 -2.488549 30.139307 117.90436 -85.089409 32.814953 0.170578 1.2263284 19.621824 -0.48298675 1.061919 -0.12682557 -0.34653154 366.80737 20.836557 -33.192616 -44.37455 -69.785019 -12.980852 1 0.41329876 -0.0076987296 339.11456 8.2291021 0.98000002 0 20 6.3553157 12.710631 3073.7078 2796.2734 0.90973955 0.060028933 -20.356684 -20.74291 42.442696 -13.773108 -2.4478476 -0.60084927 -1.2016985 -0.022590935
0.09515579 330.74533 0.00028770106 -0.23245381 15.155102 22.687057 -23.796328 -1.1092696 0.019023454 0.14282323 21.101912 0.98835725 0.31500137 -0.011015771 0.029934874 397.90619 14.811225 -2.093823 26.506044 23.054131 29.123859 0 0.37655112 -0.094350293 340 10 0.85458589 0 10 0 0 3486.9851 3400 0.97505432 0.00013239218 -0.045013342 -2.9021277 3.2278264 2.3367791 0.11787965 0 0 -0.18206815
-0.0023676911 330.66672 -7.1603545e-06 -0.011568956 14.426157 22.152588 -22.209776 -0.057188615 0.00081445492 0.14682603 20.073891 0.98668581 0.33675086 -0.00057631859 0.030273182 400.00052 11.772167 0.00051785097 25.793364 24.186661 27.488886 0 0.37354583 -0.10004944 340 10 0.85009015 0 10 0 0 3316.3628 3400 1.0252196 0.00010736377 -0.03650368 -0.067834854 -0.067144692 -0.038486458 -0.027675834 0 0 0.0029728261
-0.045452841 331.81171 -0.00013698384 -0.020914322 29.54071 42.573402 -42.907124 -0.33372179 0.00087908894 0.02929309 41.754128 0.99948323 0.14136282 -0.00050089235 0.0083553521 399.80954 21.86437 -0.19046958 46.748768 43.600895 49.879997 0 0.51259941 0.042319208 345 20 0.8632279 0 20 0 0 6926.2427 6900 0.99621111 0.0003673569 -0.12673813 -0.19067773 0.34359112 0.23654954 0.02638006 0 0 0
-0.0067782281 331.3399 -2.0457022e-05 -1.3939638 21.357342 28.100746 -34.066185 -5.9654393 0.063947521 0.049444973 30.006855 0.99912798 0.18841842 -0.046454843 0.0052541327 394.03882 21.615747 -5.9611883 34.255653 26.999605 40.18898 0 0.50320303 0.039650038 342.5 15 0.869403 0 15 5.0800963e-10 1.0156995e-09 4970.6992 5137.5 1.0335568 0.00022924782 -0.078517377 -14.333401 2.8177612 2.845607 -2.3369951 4.256668e-05 8.5133361e-05 -0.15828504
34.390446 330.91373 0.10392571 -7.7960725 23.230787 21.490391 -41.737019 -20.246626 0.1020395 0.025114086 30.714254 0.99571663 0.32712555 -0.25382587 0.0059154574 399.56369 36.650658 -0.43630236 34.881512 30.459789 41.373501 0 0.51009935 0.041182552 342.5 15 0.85810763 0 15 0 0 4812.2017 5137.5 1.0675987 0.0010763721 -0.36865744 -1.1665665 0.10259028 0.35059914 -0.29648292 0 0 -0.010764929
0.0071780249 330.57965 2.1713451e-05 -0.44375029 21.889277 30.806974 -32.783104 -1.9761297 0.021510301 0.037908342 30.911543 0.99940109 0.17855369 -0.014355488 0.0080574993 397.82254 17.648272 -2.1774592 35.525402 31.459641 39.038216 0 0.51462024 0.044576235 342.5 15 0.86111945 0 15 0 0 5108.8613 5137.5 1.0056057 0.00021236068 -0.072733536 -4.6942692 1.604285 1.4100864 -0.59402096 0 0 -0.068304613
-0.099561423 330.89749 -0.000300883 -0.020670868 21.709404 31.516537 -31.524069 -0.0075322934 0.0019543108 0.033599395 30.679884 0.99953622 0.17776284 -0.00067375967 0.010531865 399.9231 16.098156 -0.076899745 35.516003 33.237381 37.854259 0 0.51686805 0.04471568 342.5 15 0.85658568 0 15 0 0 5075.3428 5137.5 1.0122468 0.00019972895 -0.068407163 -0.33973527 -0.11806222 -0.07103312 -0.045860101 0 0 0.0031819942
-0.07738702 331.66476 -0.00023332903 -0.0063046706 29.470343 42.40049 -42.555153 -0.15466395 0.00137577 0.028660294 41.655479 0.99946874 0.13861035 -0.00015135274 0.0069537866 399.89871 21.57094 -0.10129615 46.518696 43.45414 49.62006 0 0.51147294 0.041025523 345 20 0.86303067 0 20 0 0 6906.894 6900 0.99900186 0.00036185258 -0.12483914 -0.24334182 0.058199409 0.0729504 -0.020675464 0 0 -0.0029257089
-26.740292 335.70395 -0.079654381 6.4254012 27.987591 50.238853 -29.568441 20.670412 0.10108429 0.038932711 38.213104 0.98848134 0.29525372 0.16814654 -0.12705229 402.32098 29.040154 2.3209853 43.826023 39.483047 49.617977 0 0.51878148 0.054423962 345 20 0.8578769 0 20 0 0 6156.6792 6900 1.1207341 0.00041120735 -0.14186653 2.2977324 -2.7546678 -1.5143018 6.4132009 0 0 0.12118844
-36.619011 330.5545 -0.11078055 8.653944 30.887239 53.350784 -32.071594 21.27919 0.066171326 0.028797511 41.773682 0.99756366 0.27710763 0.20716259 -0.0079309791 400.134 36.327301 0.13400814 46.445469 42.255436 53.012894 0 0.51235551 0.042530481 345 20 0.86277175 0 20 0 0 6584.5571 6900 1.0479064 0.00065017398 -0.22431003 0.31975618 -0.14487214 -0.16752325 -0.031713761 0 0 0.0066023376
-0.022396594 330.76129 -6.7712259e-05 -0.58666188 11.823195 16.253145 -18.528475 -2.2753313 0.036721967 0.047769539 16.661211 0.99873954 0.28879797 -0.035211235 0.018088588 400.68127 18.013819 0.6812762 21.037485 19.110126 23.05694 0 0.51022917 0.037086003 340 10 0.84865445 0 10 0 0 2754.9312 3400 1.2341506 0.0001174791 -0.03994289 -4.4989448 -6.2955837 -3.8826292 -2.1379104 0 0 0.29841405
-0.17551467 331.2114 -0.00052991736 0.050594352 14.074922 20.56225 -20.236446 0.32580325 0.0065083029 0.037624739 19.886183 0.99954212 0.24242714 0.0025441963 0.020703575 400.47565 10.665114 0.47565177 24.397924 22.746126 26.06673 0 0.51015437 0.037265003 340 10 0.84906316 0 10 0 0 3292.5615 3400 1.0326307 8.5685344e-05 -0.029133016 0.66293079 -0.61448801 -0.38755074 0.070880435 0 0 0.027035052
-0.079647936 331.90906 -0.00023996916 -0.026474373 14.625382 21.774448 -22.080231 -0.30578199 0.0024920835 0.075956918 20.61511 0.9979043 0.24041422 -0.0012842218 0.021382069 399.90237 11.410929 -0.097616613 25.05229 23.413668 26.734041 0 0.51348644 0.04265203 350 10 0.87530124 1 10 0 0 3419.8823 3500 1.023427 0.00010015738 -0.035055086 -0.28526935 -0.00017865295 0.033805232 -0.063574761 0 0 -0.0028292031
-0.0073454818 331.32224 -2.2170205e-05 0.007345458 14.663152 22.10091 -21.986586 0.11432471 0.00068854354 0.075005017 20.669811 0.99791509 0.24011169 0.0003553713 0.021602312 400.00638 11.364498 0.0063881529 25.126848 23.560295 26.758331 0 0.5137316 0.041613698 350 10 0.8750726 1 10 0 0 3423.0815 3500 1.0224706 9.8932032e-05 -0.034626212 0.029253932 0.0032413658 -0.0047022961 0.001844169 0 0 0.00037463961
0.072413065 330.80313 0.00021890079 -0.0078326827 14.662431 21.913227 -22.073818 -0.16058949 0.0010966144 0.076597765 20.666775 0.99793738 0.24235392 -0.00037899881 0.020763796 399.96436 11.388618 -0.035629448 25.172787 23.590509 26.816385 0 0.51591426 0.043066472 350 10 0.87516528 1 10 0 0 3417.3196 3500 1.0241946 9.979857e-05 -0.034929499 -0.056660429 0.005166329 -0.021359149 -0.016707754 0 0 0.0019649845
-0.027187577 330.74261 -8.2201615e-05 -0.0069741509 14.701946 22.006308 -22.063862 -0.057555303 0.0007792816 0.076564908 20.722536 0.99788702 0.24351972 -0.0003365491 0.021004612 399.98508 11.42763 -0.014911096 25.266323 23.693792 26.892673 0 0.51582277 0.042844139 350 10 0.8751213 1 10 0 0 3425.8833 3500 1.0216343 0.00010134987 -0.035472453 -0.016970167 0.030003492 0.024378384 -0.014514401 0 0 -0.0015818975
-0.045498218 331.81183 -0.00013712054 -0.015714781 29.487053 42.455036 -42.74831 -0.29327172 0.0014136042 0.029678755 41.678078 0.99947506 0.14166774 -0.00037705153 0.0081538446 399.84808 21.665895 -0.15190884 46.674183 43.560738 49.79945 0 0.51253152 0.042204615 345 20 0.86314285 0 20 0 0 6913.6201 6900 0.99802995 0.0003652905 -0.12602521 -0.21706006 0.1851512 0.1222005 0.0011627004 0 0 0
-0.050173208 331.29736 -0.00015144463 -0.003934321 29.478359 42.596508 -42.644543 -0.048034213 0.00047307045 0.028034443 41.667778 0.99949777 0.13846479 -9.4421186e-05 0.0071134605 399.99527 21.485416 -0.0047154566 46.54763 43.559574 49.599415 0 0.51722735 0.045874283 345 20 0.86282063 0 20 0 0 6901.4956 6900 0.99978328 0.00035992125 -0.12417283 -0.025702626 -0.037236456 -0.028474674 -0.035690416 0 0 0.00061092706
0.00039036266 330.79437 1.1800765e-06 0.051272254 29.482761 43.45459 -43.116627 0.33796579 0.0014125522 0.029342636 41.665291 0.99937743 0.13872644 0.0012305748 0.0061723213 400.11456 21.5334 0.11455243 46.544239 43.547691 49.666641 0 0.51824731 0.04579239 342.11304 19.999996 0.86256254 0 20 0.009026303 0.018052606 6890.7637 6842.2593 0.99296093 0.0088005783 -3.0107927 0.18643542 -0.10092599 -0.061350293 0.016308919 -5.1115226e-06 -1.0223045e-05 0.0022165722
0.037400588 330.45193 0.00011318011 -1.3674867 31.425083 42.516853 -48.539646 -6.0227928 0.048943341 0.041999228 44.27956 0.99935031 0.1406505 -0.030883024 0.0037138492 418.13818 28.310402 -8.3803291 48.652744 38.534401 55.77198 0 0.5434472 0.047427703 344.5116 20.033646 0.82547158 0 20 3.0732048 0.372495 7315.1265 6901.8452 0.94350326 0.0018855397 -0.64959031 -13.779774 10.012886 7.970377 -0.91151512 2.3993869 0.035294574 -0.30588648
-0.099824585 330.78882 -0.00030177739 -0.064097486 29.163012 41.92543 -42.144623 -0.21919101 0.0018899719 0.029882209 41.219063 0.99956053 0.14949301 -0.0015550447 0.0051518017 426.63489 20.616171 0.11638327 46.583912 43.733398 49.470917 0 0.55125058 0.046277385 345 20 0.80887353 0 20 0 0 6816.6943 6900 1.0122209 0.00027156857 -0.093691155 -0.44821846 -0.76306367 -0.50089937 -0.22957118 0 0 0.017049629
-0.045452841 331.81171 -0.00013698384 -0.020914322 29.54071 42.573402 -42.907124 -0.33372179 0.00087908894 0.02929309 41.754128 0.99948323 0.14136282 -0.00050089235 0.0083553521 399.80954 21.86437 -0.19046958 46.748768 43.600895 49.879997 0 0.51259941 0.042319208 345 20 0.8632279 0 20 0 0 6926.2427 6900 0.99621111 0.0003673569 -0.12673813 -0.19067773 0.34359112 0.23654954 0.02638006 0 0 0
-0.047614388 331.29391 -0.0001437225 0.0057433653 29.479296 42.56966 -42.616398 -0.046736792 0.00064123381 0.027925856 41.669033 0.99948472 0.13888109 0.00013783295 0.0067436593 400.00342 21.48995 0.0034314061 46.563046 43.572533 49.605728 0 0.51731527 0.045944531 345 20 0.86280298 0 20 0 0 6901.6772 6900 0.99975699 0.00035987725 -0.12415765 0.00592806 -0.027288688 -0.028486727 -0.010636467 0 0 0.00059221004
0.012773601 330.77301 3.8617425e-05 -0.33085281 29.226364 41.546658 -42.959599 -1.4129409 0.010942306 0.029814173 41.302662 0.99951339 0.13731225 -0.008010447 0.0077739083 385.45078 23.701725 -1.068028 45.920349 41.971291 49.804699 0 0.49884459 0.04659446 345 20 0.89542001 0 20 0 0 6830.082 6900 1.0102367 0.00040680257 -0.14034688 -3.1961479 -0.17366381 0.079455391 -0.68422145 0 0 -0.0023877509
0.090387248 330.51801 0.00027347147 -2.4841523 15.20084 16.700031 -26.981918 -10.281887 0.16474064 0.092961185 20.70199 0.99762762 0.28877649 -0.11999582 -0.0057821972 374.06946 20.18285 -12.449339 24.824564 12.634444 33.790058 0 0.47034782 0.033284292 340 10 0.9091028 0 10 2.1100277e-10 4.2141046e-10 3421.2861 3400 0.99377835 0.00019880774 -0.067594633 -25.627367 9.9292154 7.9195695 -2.8913412 1.8340581e-05 3.6681162e-05 -1.1099309
-0.093751401 330.99426 -0.00028324177 -0.22991915 13.820927 19.784603 -20.581816 -0.79721349 0.015536643 0.042708047 19.516798 0.99937528 0.24871172 -0.011780577 0.019674623 385.98584 12.587905 -0.53295738 23.895031 21.954123 25.908768 0 0.49599549 0.042730719 340 10 0.88094598 0 10 0 0 3229.2817 3400 1.0528657 9.6129843e-05 -0.032684147 -2.1705263 -0.68519324 -0.34291211 -0.55663967 0 0 0.025216
0.033855837 331.9306 0.00010199673 0.002763225 14.828083 22.689671 -22.852722 -0.16305146 0.00012354252 0.14427195 20.644335 0 0 0.00013384907 0.031229494 400.01733 12.093941 0.01732116 0 0 0 0 0 0 0 0 0 0 0 0 0 3423.3633 0 0 0 0 0 0 0 0 0 0 0
0.076259919 331.36737 0.00023013707 -0.52433181 13.979228 20.398951 -22.493876 -2.0949247 0.029201673 0.1500348 19.412586 0.98660624 0.32905906 -0.027009889 0.027096201 379.98914 16.074675 -0.89235759 24.593592 22.177582 27.245298 0 0.34184307 -0.10269289 350 10 0.92119533 1 10 0 0 3214.3711 3500 1.08886 0.00012632544 -0.044213902 -4.999126 -2.0593834 -0.72479677 -1.4012004 0 0 0.054160349
-0.053681359 331.08502 -0.00016213769 0.0036742564 14.897857 22.800186 -22.917318 -0.11713075 0.00075060403 0.14054415 20.75551 0.98790103 0.3191019 0.00017702559 0.033009902 380.92288 12.639781 0.041399386 26.313643 24.583628 28.133377 0 0.35334393 -0.093209773 350 10 0.91894609 1 10 0 0 3433.0156 3500 1.0195118 0.00013596159 -0.047586553 0.043768562 -0.088812709 -0.059911549 -0.012829527 0 0 0.0040243203
-0.056559861 330.7851 -0.00017098674 0.00478533 14.937232 22.869961 -22.900732 -0.030769521 0.00071016198 0.14031947 20.810307 0.9879204 0.31881949 0.00022994999 0.03265873 380.88019 12.645378 -0.00129155 26.375748 24.649492 28.193491 0 0.35380772 -0.093049929 350 10 0.9190492 1 10 0 0 3439.0903 3500 1.0177109 0.00013612326 -0.04764314 0.0025741318 0.0058111656 0.0061907843 0.0032741199 0 0 -0.00073486607
-0.13649426 330.87234 -0.00041252846 -0.0065412405 14.929515 22.871389 -22.820311 0.05107899 0.00050246908 0.14059618 20.800501 0.98797721 0.31863412 -0.00031447515 0.031857435 380.87473 12.642948 -0.0067754844 26.365156 24.636028 28.18342 0 0.35420778 -0.092648722 350 10 0.91906273 1 10 0 0 3438.0476 3500 1.0180197 0.00013645415 -0.047758952 -0.018896906 0.0092921648 0.015384833 -0.0014476473 0 0 -0.0006150353
0.097412914 331.59717 0.00029376883 -0.0048945877 14.638096 21.288797 -21.461084 -0.17228711 0.00058149669 0.039820217 20.680443 0.99937683 0.23612446 -0.00023667714 0.018340822 399.96487 11.09141 -0.035118729 25.158295 23.601278 26.724144 0 0.50875288 0.037160069 350 10 0.87515903 1 10 0 0 3428.1084 3500 1.0209712 9.3934614e-05 -0.032877114 0.013783411 0.095297694 0.051395394 0.025592215 0 0 -0.0026147095
0.037452053 331.32977 0.00011303558 0.0028727083 0.038287416 0.54037797 -0.00034784462 0.54003018 0.99563026 0.99469697 0.0057702279 -0.01157666 565.37549 0.49785003 1.4921081 405.03894 0.056658968 5.0389495 -29.921516 -33.919567 -25.911724 1 0.00980247 -0.4695136 345 0 0.98000002 0.125 20 0 0 0.059482988 0 0 0.15054542 -51.938171 -0.21662208 -8.0601759 -0.086239196 -0.0020745136 -0.2602824 -0.52056479 -3.6212513
-0.028935047 331.08401 -8.7394881e-05 -0.0010651286 0.017088991 0.027118597 -0.24012947 -0.21301088 0.78941905 0.99202567 0.0026979733 -0.02934733 2264.4746 -0.39478841 1.4643828 362.85748 55.690861 -37.142509 -56.013348 -89.540543 -14.685551 1 0.0043757563 -0.40391785 345 0 0.98000002 0 20 0 0 0.044908151 0 0 0.03072563 -10.600342 -41.782398 28.008938 -0.040997412 0.0029033693 0 0 0
-0.12494921 330.89865 -0.00037760567 0.39672434 14.508183 21.937138 -20.227173 1.7099655 0.027823137 0.035013806 20.483009 0.9994548 0.24528539 0.01936846 0.022580916 401.8298 11.580119 1.8297974 25.345621 22.7048 27.759897 0 0.51798034 0.042864397 350 10 0.87109274 1 10 0 0 3388.0291 3500 1.033049 8.8630892e-05 -0.031020813 4.2537699 -1.3973855 -1.4641546 0.55539763 0 0 0.094346061
-0.045498218 331.81183 -0.00013712054 -0.015714781 29.487053 42.455036 -42.74831 -0.29327172 0.0014136042 0.029678755 41.678078 0.99947506 0.14166774 -0.00037705153 0.0081538446 399.84808 21.665895 -0.15190884 46.674183 43.560738 49.79945 0 0.51253152 0.042204615 345 20 0.86314285 0 20 0 0 6913.6201 6900 0.99802995 0.0003652905 -0.12602521 -0.21706006 0.1851512 0.1222005 0.0011627004 0 0 0
0.027257232 331.42456 8.2242645e-05 -2.9258304 13.769308 13.901091 -25.310116 -11.409025 0.18678564 0.089027353 18.54253 0.99868292 0.24070582 -0.15779026 0.0035014141 389.11868 21.819 -10.881317 21.417023 10.733226 30.027842 0 0.49495503 0.038152978 340 10 0.87393445 0 10 8.2002316e-10 1.6390604e-09 3072.6174 3400 1.1065484 0.00018892027 -0.064232893 -27.029976 4.803401 5.3273678 -4.7864656 6.6240362e-05 0.00013248072 -0.76090974
-0.014801095 331.02271 -4.4713233e-05 -2.5532509e-05 0.0023277085 0.021503991 -0.024752175 -0.0032481861 0.023558727 0.50329489 0.00048004126 -0.035099983 23686.584 -0.025532508 1.3050941 388.22696 133.99126 -11.773039 -76.802505 -100 -23.027517 1 0.0099999998 -0.43238676 340 10 0.80084866 0 10 0 0 0.021254979 3400 68 -0.08555574 29.088953 -94.77964 -6.5090375 -0.036444776 -0.0028148128 0 0 0
-0.34850031 331.23062 -0.0010521379 9.0497532 22.242996 44.901588 -37.802109 7.0994802 0.53259337 0.18023391 24.093721 0.98859203 0.20976505 0.3756063 0.029648317 440.20032 104.70424 40.200329 33.250084 -4.5056362 83.345703 0.090000004 0.52566046 0.0049251644 340 10 0.76661396 0 10 0 0 3991.8713 3400 0.85173088 -0.007459627 2.5362732 122.62024 9.0126429 -4.315764 22.113194 0 0 0.11253372
-0.090116046 330.97272 -0.00027227637 -1.6013774 6.1828041 5.5904889 -11.808857 -6.2183676 0.21860397 0.074662402 8.1953735 0.99493444 0.47078395 -0.19540016 -0.0293066 403.20682 36.496693 3.2068264 11.880114 8.6259995 18.12755 0 0.51515055 0.041026376 340 10 0.8439185 0 10 6.9917405e-12 1.3699264e-11 1355.7716 3400 2.507797 0.00080498593 -0.2736952 -14.252835 -22.340195 -14.264469 -6.8932009 -5.5379218e-07 -1.1075842e-06 1.7428753
-0.17147753 331.41501 -0.00051741028 0.17167881 14.054042 20.802866 -20.014435 0.78843117 0.01309305 0.035396907 19.854885 0.99957198 0.24170217 0.0086466791 0.02285344 400.94833 10.792767 0.94833803 24.403803 22.426334 26.31201 0 0.51029563 0.036976933 340 10 0.84806067 0 10 0 0 3289.2913 3400 1.0336573 8.3881481e-05 -0.028519703 1.8122082 -0.9327442 -0.74546874 0.21103846 0 0 0.051814139
-0.024588345 331.37442 -7.4201096e-05 -0.011677154 29.540747 43.63768 -43.58688 0.050802264 0.00066881633 0.056030806 41.70229 0.99892056 0.1409504 -0.00028001232 0.008219976 399.97247 22.08511 -0.027540032 46.547104 43.50264 49.717659 0 0.51699299 0.045932356 345 20 0.86288673 0 20 0 0 6907.7021 6900 0.99888498 0.00037949879 -0.13092709 -0.055419169 0.02279518 0.033756819 -0.0067992629 0 0 -0.00097803108
-8.9602919 330.828 -0.027084442 2.6518474 30.297081 48.181469 -40.737057 7.4444103 0.0298311 0.054526489 42.588856 0.99886751 0.15004279 0.062266231 0.012232507 400.73236 29.314022 0.73236459 47.598606 43.558781 52.807835 0 0.51902252 0.045959644 345 20 0.86133081 0 20 0 0 7019.2256 6900 0.9830144 0.00047284766 -0.16313244 1.2469465 0.83362007 1.2393014 1.9357121 0 0 -0.020902526
0.041016236 330.50204 0.00012410282 -0.25375578 29.316113 42.814255 -43.783958 -0.96970588 0.0074602864 0.057401881 41.377949 0.99890161 0.14357199 -0.0061326334 0.0077216122 399.24054 23.044971 -0.75945926 46.189037 42.555668 49.867298 0 0.51816386 0.046601057 345 20 0.86446375 0 20 0 0 6836.2803 6900 1.0093209 0.00037386708 -0.12898414 -2.4515362 -0.19351146 0.095840506 -0.49964169 0 0 -0.0029796055
-0.15323249 330.75677 -0.00046327844 -0.0027126572 29.533199 43.610447 -43.483997 0.12645154 0.00064084172 0.056576993 41.690094 0.99893695 0.14447418 -6.5067186e-05 0.0063432213 400.04837 22.080622 0.04837456 46.699383 43.670055 49.855419 0 0.51931691 0.047148582 345 20 0.86272079 0 20 0 0 6893.0903 6900 1.0010024 0.00037696611 -0.13005331 0.013373925 -0.12424771 -0.098792911 -0.026024127 0 0 0.0028652565
0.073671505 331.75665 0.0002220649 0.024349058 14.544094 21.272749 -21.16894 0.10380936 0.0021420289 0.038829181 20.548271 0.99939442 0.23789081 0.0011849686 0.019882577 400.17697 11.016397 0.17698579 25.056061 23.488855 26.66334 0 0.51374263 0.041894253 350 10 0.87469411 1 10 0 0 3407.8416 3500 1.027043 9.269789e-05 -0.032444261 0.16903895 -0.27126858 -0.14006016 0.050232034 0 0 0.010137484
-0.020246807 331.35724 -6.1102655e-05 0.012674278 14.641101 21.286341 -21.391016 -0.10467505 0.0027033293 0.040121429 20.684494 0.99941766 0.23610429 0.00061274297 0.019271703 399.98285 11.028742 -0.017144879 25.171068 23.630672 26.734964 0 0.5140115 0.041870035 350 10 0.8751207 1 10 0 0 3426.2566 3500 1.021523 9.5045842e-05 -0.033266045 -0.0050594965 0.036941197 0.028191084 0.025960017 0 0 -0.0018798944
-0.041431233 330.97269 -0.00012518023 0.0028237468 14.630404 21.320881 -21.272142 0.048738014 0.00077778415 0.038629241 20.670137 0.99940354 0.23664494 0.00013660996 0.018361745 399.99786 10.975705 -0.0021238597 25.161097 23.633545 26.716976 0 0.51455873 0.041758422 350 10 0.87508595 1 10 0 0 3419.9753 3500 1.0233992 9.2949704e-05 -0.032532394 -0.010426937 -0.020800045 -0.018705813 -0.010295507 0 0 0.0013019581
-0.087034754 330.79129 -0.00026311076 -0.0071195955 14.653872 21.423447 -21.367224 0.05622365 0.0015010892 0.038924709 20.703449 0.99941808 0.23934738 -0.00034388452 0.020057185 400.0202 10.988397 0.020207427 25.270006 23.745432 26.831079 0 0.51570851 0.042595163 350 10 0.87503797 1 10 0 0 3423.4971 3500 1.0223464 9.3902978e-05 -0.032866042 0.038434263 -0.013387806 -0.0038664739 0.0037478753 0 0 0.00042111627
0.077763863 331.68359 0.00023445193 -0.022781027 29.428902 42.392479 -42.524361 -0.13188444 0.00086012221 0.029214785 41.596333 0.99946821 0.14165412 -0.00054766913 0.0063809669 399.94653 21.533447 -0.053474046 46.589279 43.567184 49.672028 0 0.51257658 0.041880198 0 0 0 0 0 0 0 6897.623 0 0 0 0 0 0 0 0 0 0 0
0.083588332 331.16537 0.00025240664 -0.41587743 29.542761 41.860649 -43.514149 -1.6535 0.01431502 0.031109583 41.744671 0.9994365 0.14222769 -0.0099624079 0.0034641575 420.08081 21.740442 -1.8005655 46.59737 42.223484 50.495689 0 0.54257452 0.045509905 345 20 0.82152021 0 20 0 0 6911.498 6900 0.99833637 0.00030399062 -0.10487676 -4.1673365 1.2844344 1.4183636 -0.59006751 0 0 -0.049240969
-0.032386638 330.89014 -9.787731e-05 -0.015360727 29.459309 42.529613 -42.512539 0.017075885 0.00048835122 0.028507089 41.640057 0.99951309 0.14342676 -0.00036889306 0.0054548015 421.86896 20.42226 -0.012409189 46.767384 43.931175 49.670113 0 0.53980768 0.040321939 345 20 0.81802732 0 20 0 0 6888.3306 6900 1.0016941 0.00029083327 -0.10033748 -0.07592126 -0.046375893 -0.012865782 -0.041423686 0 0 0.00034635715
-0.034620523 330.58591 -0.00010472474 0.013621962 29.528791 42.589382 -42.564941 0.024437476 0.00082503387 0.028370682 41.738113 0.99947727 0.14566432 0.00032636744 0.0052140588 421.86987 20.459835 -0.011483437 46.970139 44.132301 49.865593 0 0.54595399 0.046080586 345 20 0.81802684 0 20 0 0 6898.2686 6900 1.0002511 0.00029241582 -0.10088345 0.029337877 0.036715977 0.022381315 0.013213705 0 0 -0.00088642904
-0.15353498 330.74628 -0.00046420773 -0.016314784 29.508083 42.64185 -42.574184 0.067663878 0.00056736165 0.028642021 41.70837 0.99954122 0.1463185 -0.00039116331 0.0054659871 421.86554 20.458035 -0.015842777 46.993446 44.149681 49.889793 0 0.54646921 0.046704195 345 20 0.81803447 0 20 0 0 6896.8218 6900 1.0004609 0.00029145236 -0.10055107 0.0036363613 0.057029709 0.040825929 0.010391729 0 0 -0.001278642
0.092450015 331.34424 0.00027901499 0.018161058 29.510641 42.5042 -42.536873 -0.032673173 6.9844224e-05 0.028509812 41.712627 0.99947804 0.13862705 0.00043538513 0.0062926537 399.96805 21.641254 -0.03196352 46.597454 43.596146 49.657413 0 0.51197642 0.040801898 345 20 0.86287993 0 20 0 0 6909.7642 6900 0.99858689 0.00036058942 -0.12440334 0.056668315 0.12207679 0.065552197 0.029547792 0 0 -0.0012756075
0.17211348 330.9675 0.00052003138 -1.1932491 33.469952 41.945408 -54.00061 -12.055203 0.13823938 0.032783218 46.672295 0.99305725 0.15514825 -0.025566541 -0.0057761339 394.93411 63.293247 -5.0658746 50.530552 40.151539 63.377899 0 0.50148928 0.035313837 345 20 0.87474734 0 20 0 0 7720.8335 6900 0.89368588 0.001355318 -0.4675847 -5.3380804 4.030817 4.1615829 -1.4033146 0 0 -0.1139324
0.017543556 330.62775 5.3061351e-05 -0.83883679 30.347462 42.143185 -45.737934 -3.5947468 0.03021449 0.037171558 42.839382 0.99937785 0.1318669 -0.019580973 0.0041206512 395.49838 25.550446 -4.5016241 47.02285 40.112598 52.449043 0 0.50868994 0.042096794 345 20 0.87268597 0 20 0 0 7080.7783 6900 0.97446913 0.00042283811 -0.14587915 -9.4987049 4.2722611 4.132658 -1.101127 0 0 -0.15286095
-0.10655504 330.66168 -0.00032224791 -0.042835671 29.556944 42.515236 -42.8755 -0.3602626 0.0015565307 0.029207438 41.777134 0.99952495 0.14072402 -0.0010253377 0.0063771019 399.8772 21.626205 -0.12279797 46.767529 43.685692 49.896606 0 0.51924866 0.047043625 345 20 0.86307645 0 20 0 0 6906.2505 6900 0.99909496 0.00036115281 -0.12459772 -0.29198083 0.065617807 0.077114142 -0.049347699 0 0 -0.0028916209
-0.0039932006 331.65036 -1.2040393e-05 0.0011546348 29.524698 42.667496 -42.682953 -0.015458836 0.00099524623 0.029416202 41.731304 0.99943882 0.14094977 2.7668313e-05 0.0070759379 400.05145 21.762381 0.051453322 46.715416 43.661293 49.80455 0 0.50775224 0.037063427 345 20 0.86270231 0 20 0 0 6919.0674 6900 0.99724424 0.00036320591 -0.12530604 0.20336217 0.041231927 0.03764569 0.016869416 0 0 -0.00078572164
0.074168727 331.16516 0.00022396295 -0.0063991258 29.719213 43.019947 -43.100521 -0.080575198 0.0026232912 0.034531787 41.998177 0.99920082 0.061249524 -0.00015236675 0.011295498 398.8587 33.373459 -1.1412995 39.188488 34.75798 43.627125 0 0.45844308 -0.011914385 344.80161 19.603233 0.95308983 0 20 1.8601921 3.7203841 6953.0283 6759.6533 0.97218835 0.10251271 -35.34655 5.8375974 3.80528 2.5410769 0.77418858 1.5565026 3.1130052 0.079326533
0.13673007 330.59824 0.00041358382 -4.5875983 36.006531 42.943329 -60.782761 -17.83943 0.09998209 0.046305001 50.145645 0.99828905 0.095102422 -0.091485485 0.0052771871 384.83765 61.024193 -15.162346 50.103603 34.991348 67.366905 0 0.46649161 0.01394985 344.98529 19.970556 0.94076139 0 20 0.31467199 0.62934399 8287.0918 6889.5552 0.8313598 0.049437262 -17.055128 -15.41663 11.110446 6.4527922 -4.5900102 0.012384872 0.024769744 -0.16480362
-0.075626247 330.63065 -0.00022873332 -0.26494488 28.804579 41.05711 -42.082905 -1.0257947 0.0069625946 0.028939677 40.711021 0.9994781 0.14327329 -0.0065079397 0.0045643072 399.86731 23.62719 -0.13268292 45.608829 42.5322 48.982609 0 0.51826805 0.046426531 345 20 0.86308128 0 20 0 0 6729.3828 6900 1.025354 0.0003420313 -0.11800081 -2.162359 -1.7066535 -0.95049149 -0.77760988 0 0 0.032337353
-0.19209217 330.88187 -0.0005805461 0.0043820189 29.476997 42.671867 -42.519287 0.15257806 0.00017771358 0.028904686 41.664684 0.99953246 0.1415129 0.00010517346 0.0069060628 400.11194 21.504196 0.11194223 46.709026 43.727417 49.769512 0 0.51438838 0.042150009 345 20 0.86256665 0 20 0 0 6892.2778 6900 1.0011204 0.00035717993 -0.12322707 0.13447215 -0.19003506 -0.14527267 -0.0090210531 0 0 0.0046293647
-0.10041244 330.39676 -0.00030391474 0.55499429 29.942236 46.017647 -43.694386 2.3232627 0.012582556 0.097181208 42.026421 0.99478328 0.21179575 0.013205841 0.032031398 398.95297 28.625223 -1.0470402 49.133587 44.588425 53.559002 0 0.41776082 -0.054123234 345 19.999996 0.8651734 0 20 3.1278536 0.13638969 6937.5635 6900.0474 0.99459231 0.00047389424 -0.16349351 -1.9973334 1.1619662 0.98888534 -0.15951757 2.8399551e-05 6.8032737e-06 -0.032129355
0.14344327 330.8764 0.00043352525 0.74186361 29.770761 46.030239 -43.159031 2.8712075 0.018115651 0.09696807 41.776821 0.99464339 0.21429051 0.017757781 0.030005151 399.98285 28.599257 -0.017148659 49.041672 45.418987 53.843529 0 0.4194335 -0.053339537 345 20 0.86293244 0 20 3.1277349 0.13600825 6907.5527 6900.0488 0.99891365 0.00045846065 -0.15816893 -0.060398556 -0.016652409 -0.0059212581 -0.0090931999 5.6407524e-05 5.2402629e-07 -0.0021490103
0.04194938 330.46164 0.00012694176 -0.037302386 29.770493 44.477726 -44.730953 -0.25322753 0.0014353375 0.097081698 41.7966 0.99469477 0.21423991 -0.0008924742 0.029860716 399.84839 22.971115 -0.15161742 49.052876 45.799816 52.422462 0 0.41904005 -0.053678654 345 20 0.86317915 0 20 0 0 6900.6504 6900 0.99990571 0.00040804845 -0.14077671 -0.40811026 0.040547047 0.072260372 -0.074717537 0 0 -0.0023406262
-0.18212298 330.77121 -0.00055060105 -0.009828913 29.757803 44.48748 -44.673203 -0.18572162 0.00048541118 0.09687037 41.780491 0.99469417 0.21461417 -0.00023525124 0.029206341 400.01682 22.903603 0.016825978 49.073734 45.948654 52.354626 0 0.42056659 -0.051664189 345 20 0.86281538 0 20 0 0 6904.1719 6900 0.99939579 0.00040770855 -0.14065945 0.0015251383 -0.031008078 -0.022459889 -0.015714012 0 0 0.00013254111
-0.027129946 329.80994 -8.2259336e-05 0.12763526 15.419281 27.724012 -28.163139 -0.43912873 0.00072477566 0.064263642 21.255167 0.97537005 0.22230566 0.0060049049 -0.006511515 400.01349 19.419731 0.013502681 20.286692 17.815603 22.952208 0 0.45327446 -0.021129237 350 10 0.87513685 1 10 0 0 3502.4709 3500 0.99929446 0.00019017974 -0.066562906 0.21235849 -0.0035639678 0.16559805 -0.15343459 0 0 -0.0025209377
0.038931895 328.89212 0.00011837285 -0.15770215 15.263706 26.442461 -25.59506 0.84740084 0.018460454 0.029783236 21.143618 0.97986305 0.20054224 -0.0074586174 0.0052545532 399.62738 20.284872 -0.37262377 20.402651 17.78248 23.114168 0 0.44821423 -0.027418675 350 10 0.87530154 1 10 0 0 3475.8792 3500 1.0069395 -0.00058724609 0.20553613 -0.32043111 -0.010082584 -0.41887408 -0.11946099 0 0 0.023838855
0.088618822 330.67157 0.00026799648 -0.17322524 15.629606 28.285767 -27.929647 0.35611925 0.0067962124 0.07552544 21.629074 0.98043019 0.20002465 -0.0080089066 0.035637859 399.9321 11.461398 -0.067904122 20.564257 18.958002 22.254553 0 0.39042142 -0.082970537 350 10 0.87523067 1 10 0 0 3571.4614 3500 0.97999096 9.3809795e-05 -0.032833427 -0.048692744 0.062453754 -0.30228743 -0.36957806 0 0 0.023166746
-0.00029386615 330.55988 -8.889952e-07 -0.092185855 15.789756 27.735218 -26.822111 0.91310579 0.005191138 0.063266821 21.905058 0.98144108 0.19759893 -0.0042084274 0.014440845 400.14081 11.260836 0.14079297 20.533909 18.89542 22.216875 0 0.40983832 -0.064010561 350 10 0.87477946 1 10 0 0 3618.1736 3500 0.96733892 9.9851684e-05 -0.034948092 0.24964702 -0.11939213 0.33995333 0.1250221 0 0 -0.023298258
-0.047916643 331.79221 -0.00014441762 -0.018368777 29.520678 43.525707 -43.772964 -0.24725617 0.0014685827 0.057085555 41.670845 0.99887478 0.14455989 -0.00044080641 0.010091755 399.90555 22.192356 -0.094439022 46.648762 43.53643 49.862125 0 0.51757759 0.047071379 345 20 0.86303395 0 20 0 0 6911.041 6900 0.99840242 0.00038286287 -0.13208769 -0.14175227 0.10576766 0.078845248 -0.015956484 0 0 0
-0.043601152 331.72421 -0.00013143795 0.00017986026 0.0027232924 0.038320512 -0.0022685856 0.036051925 0.36008582 0.43075451 0.00048037845 -0.060415041 25012.992 0.17986025 1.0406317 422.06516 96.149994 22.065144 -96.74073 -100 -65.03685 1 0.00069530023 -0.49153239 335 0 0.98000002 0 20 0 0 0.040539961 0 0 0.23469803 -78.62384 -10.624909 3.2592666 0.0013476819 5.434782e-05 0 0 0
0.011427607 330.76379 3.4549146e-05 -0.0050935019 30.971218 45.558819 -45.886963 -0.3281427 0.0063912435 0.057026461 43.718414 0.99900019 0.1356149 -0.00011650701 0.0086856354 398.16428 27.84935 -1.8357273 48.454582 43.737373 52.2061 0 0.51683235 0.046491139 345 20 0.86688191 0 20 0 0 7228.437 6900 0.95456326 0.00046782324 -0.16139902 -0.79395372 4.5165358 3.0597017 0.73858714 0 0 -0.10519372
-0.013893156 330.48267 -4.2038988e-05 -0.032278184 29.592632 43.525299 -43.66394 -0.13864046 0.0013192131 0.056254145 41.774288 0.9989261 0.14307536 -0.00077268062 0.0082950182 399.85229 22.150211 -0.14769486 46.711712 43.561218 49.946381 0 0.51916289 0.046608422 345 20 0.86314642 0 20 0 0 6901.416 6900 0.99979484 0.00037995091 -0.13108306 -0.36384851 0.078870282 0.080969945 -0.061705399 0 0 -0.0025445239
-0.10680979 330.76895 -0.00032291358 -0.019547332 29.565346 43.60173 -43.718952 -0.11722349 0.00031661641 0.056724913 41.734863 0.99892986 0.14461739 -0.00046836937 0.0075526391 400.00171 22.05673 0.0017214775 46.758747 43.72958 49.912807 0 0.51936603 0.047231797 345 20 0.86282384 0 20 0 0 6900.8652 6900 0.99987465 0.00037977923 -0.13102384 0.0055135917 -0.0066109546 -0.027638301 0.0030583011 0 0 0.00075725355
-0.019506291 331.42075 -5.8856578e-05 -0.0048778914 29.50699 43.568794 -43.584057 -0.015261258 0.00060896639 0.055881169 41.65477 0.99891937 0.14154756 -0.00011710283 0.0086969258 400.02789 22.087952 0.027879138 46.524311 43.489666 49.685455 0 0.51767462 0.046200879 345 20 0.86276609 0 20 0 0 6900.9453 6900 0.99986303 0.00037825017 -0.13049631 0.040358651 -0.064444765 -0.046164874 -0.034050446 0 0 0.0012443116
-0.084651224 331.70465 -0.0002552006 -0.14666629 29.464125 43.469124 -44.124279 -0.65515512 0.0025680589 0.054889601 41.593349 0.99905658 0.14396626 -0.0035261957 0.0091457721 399.81186 22.038315 -0.18815394 46.58279 43.419849 49.893951 0 0.51781201 0.046342708 345 20 0.86322659 0 20 0 0 6898.0317 6900 1.0002854 0.00037166479 -0.12822436 -0.26318175 -0.00094539876 -0.16116466 -0.29037699 0 0 0.0020717983
-0.03705132 330.26715 -0.0001121859 -0.048656702 29.643713 44.423622 -44.35218 0.071441434 0.0026070855 0.055265963 41.846806 0.99888039 0.14199129 -0.0011627339 0.0071517457 399.90961 22.294044 -0.090387948 46.736744 43.630249 49.950241 0 0.5189836 0.045861021 345 20 0.86302316 0 20 0 0 6908.9395 6900 0.9987061 0.00038046067 -0.13125893 -0.10796192 0.11336584 0.098309733 -0.059360839 0 0 -0.0036921646
-0.028052697 330.84763 -8.4790379e-05 -1.7026906 8.1776514 8.6787968 -15.679927 -7.0011296 0.19979151 0.14157942 10.912114 0.99475855 0.36928561 -0.15603673 0.011075775 391.30905 12.412642 -8.6909523 13.85099 5.620924 19.481371 0 0.50338358 0.041487698 337.5 5 0.86254656 0 5 0 0 1805.1741 1687.5 0.9348129 6.6002882e-05 -0.022275971 -15.043736 8.987565 6.095119 -1.7534148 0 0 -3.6323543
-0.10091728 331.35025 -0.00030456376 -0.03016964 6.5815983 10.161616 -10.113676 0.047939986 0.0033906687 0.10007787 9.2511921 0.99531996 0.44613311 -0.0032611624 0.037683275 400.15308 5.9368162 0.15308848 13.160332 12.360368 13.925718 0 0.51211363 0.03942607 337.5 5 0.84344518 0 5 0 0 1531.6071 1687.5 1.1017839 2.1292515e-05 -0.0071862238 -0.26897091 -0.67494881 -0.40090388 -0.17997575 0 0 0.063112929
-0.026696058 331.69226 -8.0484417e-05 -0.0082110185 14.582637 21.247393 -21.280771 -0.033377454 0.0012856413 0.03923196 20.602707 0.99943036 0.23757842 -0.00039854078 0.019028736 400.03928 10.989857 0.03927112 25.106251 23.574316 26.664326 0 0.50890583 0.03721004 350 10 0.87499559 1 10 0 0 3416.1714 3500 1.0245388 9.315335e-05 -0.032603674 0.032876335 -0.095993377 -0.066760331 -0.020414514 0 0 0.0043497575
-0.030135747 331.19852 -9.0989983e-05 -0.0092261955 14.628702 21.371134 -21.405355 -0.034221578 0.001112742 0.038840123 20.668322 0.99945438 0.23622413 -0.00044639307 0.020507628 399.98709 10.989393 -0.012909043 25.154579 23.621468 26.719538 0 0.51446486 0.042110428 350 10 0.87510967 1 10 0 0 3421.8901 3500 1.0228266 9.3054725e-05 -0.032569155 -0.020707862 -0.0040283944 -0.0053270883 -0.016564589 0 0 0.00036594842
-0.0029395008 330.79312 -8.8862207e-06 0.009644486 14.635379 21.352797 -21.323235 0.029561728 0.00039678626 0.03997767 20.676182 0.99939299 0.23913005 0.0004664539 0.018237513 400.04004 10.975023 0.040045615 25.228571 23.700745 26.792673 0 0.51557016 0.042484753 350 10 0.8749941 1 10 0 0 3419.1211 3500 1.0236548 9.3396178e-05 -0.032688662 0.048997805 -0.068768434 -0.046788272 -0.0049968227 0 0 0.0035591563
-0.074155115 330.79422 -0.00022417297 -0.0016768189 14.643184 21.288891 -21.370033 -0.081142843 0.00076777628 0.039983939 20.686987 0.99943835 0.24087 -8.1056707e-05 0.018847907 400.01715 10.983431 0.017156826 25.28533 23.759142 26.843433 0 0.51637316 0.043415133 350 10 0.87504441 1 10 0 0 3420.9785 3500 1.0230991 9.3621282e-05 -0.032767449 -0.0011349645 -0.03325269 -0.011435506 -0.0022186378 0 0 0.0010726231
0.073427796 331.50113 0.00022150089 0.026742959 29.437689 42.626541 -42.416115 0.21042697 0.0015072554 0.028539071 41.609562 0.99948692 0.13798456 0.00064271188 0.0064482046 400.14819 21.53138 0.14820617 46.477028 43.475399 49.584778 0 0.51231676 0.040846244 345 20 0.86249065 0 20 0 0 6896.2451 6900 1.0005444 0.0003596645 -0.12408425 0.13835576 -0.18937333 -0.058286984 0.042041317 0 0 0.002354102
-0.015307188 331.11282 -4.6229521e-05 -0.0033146406 29.487558 42.626625 -42.587593 0.039028294 0.00073812611 0.028727792 41.679653 0.99948478 0.13856381 -7.9526588e-05 0.006984931 399.99234 21.516472 -0.0076446785 46.56208 43.571533 49.617252 0 0.51765656 0.04589694 345 20 0.86282814 0 20 0 0 6899.5542 6900 1.0000646 0.00036133936 -0.12466208 -0.0033207429 -0.023515631 -0.033838473 -0.017263809 0 0 0.0011752455
-0.0723897 330.83075 -0.00021881188 2.734525 38.06319 61.380558 -51.741249 9.6393108 0.051050778 0.053905744 53.519085 0.99913347 0.10015628 0.05109439 0.012584158 400.03897 54.97263 0.038978402 58.13802 45.458012 66.331772 0 0.52157861 0.047576752 345 20 0.86383188 0 20 0 0 8850.7686 6900 0.77959329 0.0016417761 -0.56641275 20.003073 20.805275 10.921292 9.570981 0 0 -0.39221585
0.084234908 330.4324 0.00025492324 -6.5379562 27.58176 26.578341 -52.470436 -25.892096 0.24090254 0.10152414 36.442055 0.99705797 0.14616053 -0.17940691 -0.018503355 379.57147 51.834816 -20.428514 38.097275 17.941633 56.227856 0 0.48574638 0.042818919 345 20 0.90997273 0 20 0 0 6018.918 6900 1.1463854 0.0011585532 -0.39970085 -44.14381 4.2924557 8.9327059 -11.652178 0 0 -0.59709239
-0.07732401 330.806 -0.00023374427 -0.20986046 29.291615 41.81633 -42.787804 -0.97147095 0.0056371051 0.029767964 41.399654 0.9994995 0.14133738 -0.0050691352 0.0055278828 399.71909 22.175257 -0.28092548 46.329006 43.118504 49.653534 0 0.51357609 0.041951459 345 20 0.86341149 0 20 0 0 6847.0103 6900 1.0077392 0.00035372525 -0.12203521 -1.4292507 -0.52685899 -0.17228571 -0.47516814 0 0 0.0061618267
-0.044666409 331.81293 -0.00013461322 0.0055797277 29.46452 42.454147 -42.705399 -0.25125164 0.00061026146 0.029385215 41.646286 0.99948782 0.14179355 0.000133979 0.0085597476 399.97345 21.540203 -0.026548242 46.664108 43.663052 49.726185 0 0.5127489 0.04224636 345 20 0.86287075 0 20 0 0 6908.3784 6900 0.99878722 0.00036345972 -0.1253936 0.026925806 0.07482975 0.035618458 0.028360756 0 0 0
-0.048016481 331.29507 -0.00014493569 0.0046601687 29.488609 42.600849 -42.575733 0.025114898 0.00037267595 0.028258797 41.681782 0.99947369 0.13867724 0.00011180349 0.0066920905 399.98981 21.496151 -0.010200453 46.563419 43.576618 49.609989 0 0.5172891 0.04593771 345 20 0.86283314 0 20 0 0 6903.7949 6900 0.99945033 0.00036077062 -0.12446586 -0.0091959881 0.0032953115 -0.0084124347 -0.012886892 0 0 -7.6495278e-05
0.020801675 330.63855 6.2913641e-05 -1.1028373 37.770725 52.152641 -56.693588 -4.5409446 0.023910563 0.026318705 53.350533 0.99952471 0.29559621 -0.020671533 -0.0026937467 397.8718 31.454687 -2.1282032 67.833138 62.704178 73.17997 0 0.58395982 0.11521882 348.23813 20 0.76317286 0 20 0 0 8818.5469 6964.7622 0.78978568 -0.12805368 44.593174 -9.2508144 -2.6751771 -1.0054545 -2.6066337 0 0 0.020299332
0.16824925 330.3887 0.00050924637 -2.8727629 39.332447 52.39418 -64.181229 -11.787047 0.10668993 0.066995345 54.958126 0.9988898 0.094238617 -0.05227185 3.9738252e-06 374.85782 65.150681 -25.142193 56.052219 30.307014 70.310501 0 0.49088648 0.051241707 344.96793 19.935858 0.92210448 0 20 0.56051326 1.1210265 9078.0547 6877.2573 0.75756949 0.0020005635 -0.69013023 -38.755047 37.095901 29.51791 -0.25374615 -0.03147335 -0.0629467 -2.5380702
-0.10210813 330.78482 -0.00030868445 -0.15260172 29.643435 42.58725 -43.118595 -0.53134614 0.0051771309 0.030611107 41.896183 0.99951637 0.13992436 -0.0036423777 0.0058067222 399.25888 22.120081 -0.7411291 46.79792 43.19006 50.240322 0 0.51857275 0.047497928 345 20 0.86442071 0 20 0 0 6928.5049 6900 0.99588585 0.00036999441 -0.12764807 -1.6569381 0.66703141 0.67758012 -0.16909805 0 0 -0.023301356
0.073671505 331.75665 0.0002220649 0.024349058 14.544094 21.272749 -21.16894 0.10380936 0.0021420289 0.038829181 20.548271 0.99939442 0.23789081 0.0011849686 0.019882577 400.17697 11.016397 0.17698579 25.056061 23.488855 26.66334 0 0.51374263 0.041894253 350 10 0.87469411 1 10 0 0 3407.8416 3500 1.027043 9.269789e-05 -0.032444261 0.16903895 -0.27126858 -0.14006016 0.050232034 0 0 0.010137484
-0.020246807 331.35724 -6.1102655e-05 0.012674278 14.641101 21.286341 -21.391016 -0.10467505 0.0027033293 0.040121429 20.684494 0.99941766 0.23610429 0.00061274297 0.019271703 399.98285 11.028742 -0.017144879 25.171068 23.630672 26.734964 0 0.5140115 0.041870035 350 10 0.8751207 1 10 0 0 3426.2566 3500 1.021523 9.5045842e-05 -0.033266045 -0.0050594965 0.036941197 0.028191084 0.025960017 0 0 -0.0018798944
-0.045368042 331.13956 -0.0001370058 0.0045621246 0.062619463 0.88410759 -0.018558975 0.86554867 0.95885307 0.99798059 0.0095154159 -0.0044862446 1129.3492 0.47944567 1.5298096 424.93829 0.069283098 24.938282 -100 -100 -100 1 0.0093450509 -0.49465293 359.10849 0 0.81087011 1 0 0 0 0.083025388 0 0 -0.040485647 14.538739 -0.069661826 0 0.06241544 0.0045620305 0 0 0
-0.1343696 330.80801 -0.00040618607 -0.10495051 6.5916047 10.132542 -9.7593899 0.37315181 0.15839456 0.027193937 9.1747246 0.99745643 0.45640537 -0.011439091 0.010537193 409.724 34.924881 9.7240143 13.831813 10.379444 21.593275 0 0.52252084 0.039404046 350.00003 10.000045 0.85477167 1 10.00005 0.00017857012 0.00035714023 1517.8405 3500.0161 2.3059182 0.00062987563 -0.22045648 0.96393913 -26.23362 -17.808075 -4.6393061 -0.073614493 -0.14722899 1.6618173
-0.082270235 331.04898 -0.00024851377 0.1548539 14.684914 21.593391 -20.823023 0.7703678 0.013819749 0.032775223 20.748848 0.99955899 0.2370753 0.0074632526 0.018070504 400.92477 11.419344 0.92476469 25.404549 23.166346 27.429531 0 0.51652336 0.042907313 350 10 0.87306243 1 10 0 0 3433.9883 3500 1.019223 9.2417482e-05 -0.032346118 2.06355 -0.56839436 -0.48357022 0.26439077 0 0 0.032572001
0.092450015 331.34424 0.00027901499 0.018161058 29.510641 42.5042 -42.536873 -0.032673173 6.9844224e-05 0.028509812 41.712627 0.99947804 0.13862705 0.00043538513 0.0062926537 399.96805 21.641254 -0.03196352 46.597454 43.596146 49.657413 0 0.51197642 0.040801898 345 20 0.86287993 0 20 0 0 6909.7642 6900 0.99858689 0.00036058942 -0.12440334 0.056668315 0.12207679 0.065552197 0.029547792 0 0 -0.0012756075
0.041969407 330.9509 0.0001268146 0.021850506 29.498713 42.608444 -42.601372 0.0070731002 0.00091960869 0.028389113 41.695919 0.9995172 0.13844778 0.00052404421 0.0065359245 399.99158 21.506924 -0.0084311729 46.584702 43.603077 49.631268 0 0.51262164 0.040700357 345 20 0.8628301 0 20 0 0 6898.8423 6900 1.0001677 0.00036163616 -0.12476448 0.0025478995 -0.0082463557 -0.025515744 0.016966471 0 0 0.0013338726
-0.01445771 330.66013 -4.372378e-05 0.048275758 29.842321 43.203865 -43.01693 0.18693511 0.0009672328 0.02906738 42.18092 0.99949694 0.13434474 0.0011444928 0.0077247773 384.7883 23.378666 -0.25543517 46.90744 43.588924 50.129025 0 0.49333519 0.04183935 345 20 0.89698517 0 20 0 0 6972.8613 6900 0.98955071 0.0004330427 -0.14939973 -0.00091608433 0.82213783 0.57572466 0.24421756 0 0 -0.019735413
-0.10472848 330.65094 -0.00031673425 -0.0097963763 29.602449 42.841125 -42.782784 0.058341764 0.00022343172 0.029250808 41.841526 0.99951887 0.13683315 -0.00023413048 0.0075089158 385.00421 22.377705 -0.039521173 46.654655 43.528316 49.841576 0 0.494113 0.042310663 345 20 0.89647055 0 20 0 0 6916.6055 6900 0.99759918 0.00042014127 -0.14494874 -0.060670651 0.039285105 0.025216144 -0.011284127 0 0 -0.0011084612
0.006194321 331.62466 1.8678711e-05 0.015871409 29.708374 44.520035 -44.508446 0.011591418 0.00053696777 0.097051471 41.708084 0.99463457 0.21455447 0.00038053555 0.030789293 400.01407 22.992655 0.01406477 48.969017 45.823742 52.267414 0 0.4192296 -0.05185562 345 20 0.86282218 0 20 0 0 6909.4653 6900 0.99863011 0.00040873804 -0.14101462 0.079543538 0.018376246 0.0036587245 0.025024829 0 0 0.00024567914
0.051935814 331.10074 0.00015685805 0.011759586 29.928043 42.887821 -46.235912 -3.3480916 0.050430473 0.10348745 41.813236 0.99087059 0.14813375 0.00028124076 0.011615205 400.18127 31.418558 0.18128271 46.34404 42.721371 51.515373 0 0.38235375 -0.089732751 345 20 0.86254233 0 20 0 0 6918.6934 6900 0.99729812 0.00050230342 -0.17329468 0.001128125 -0.39833674 0.041790977 -9.9434852e-05 0 0 -0.0003742954
0.035265174 330.6958 0.00010663932 0.23455906 29.965448 45.238491 -44.481152 0.75734091 0.0059774243 0.095787592 42.075153 0.99474418 0.21344203 0.0055747642 0.030552095 400.66815 23.766348 0.66814148 49.467571 45.663113 53.217266 0 0.42183295 -0.051600408 345 20 0.86141926 0 20 0 0 6951.2114 6900 0.99263275 0.00041521047 -0.14324762 2.1319733 0.071942769 -0.19339618 0.45587704 0 0 0.0061980635
-0.10994165 330.61972 -0.00033253204 -0.0030736213 29.795355 44.565517 -44.725128 -0.15960993 0.00011403114 0.09677469 41.833675 0.99468338 0.21442913 -7.3472416e-05 0.02923575 399.98843 22.970104 -0.011556683 49.121727 45.982258 52.408314 0 0.42074561 -0.051681679 345 20 0.86287779 0 20 0 0 6909.8125 6900 0.99857992 0.0004091163 -0.14114513 0.0074065304 0.041051041 0.023663789 -0.0025759691 0 0 -0.0013147171
-0.18385097 330.81973 -0.0005557437 -0.011079394 29.759504 44.546326 -44.530991 0.015334014 0.0002560555 0.097022504 41.780769 0.9946686 0.2146565 -0.00026517929 0.030054012 400.00302 22.93696 0.0030309027 49.072449 45.939484 52.355972 0 0.42003316 -0.052350361 345 20 0.86284447 0 20 0 0 6905.2275 6900 0.99924296 0.00040698078 -0.14040837 -0.014063963 -0.010530559 -0.0052059311 -0.0076441732 0 0 -5.1406994e-05
-0.024494175 331.39697 -7.3911877e-05 -0.0091128023 29.490162 42.533226 -42.622837 -0.089609481 0.00015353069 0.028806077 41.683506 0.99947774 0.1386632 -0.00021861889 0.0059061791 399.95956 21.49588 -0.040421478 46.565826 43.56065 49.634869 0 0.51673311 0.045832172 345 20 0.86289853 0 20 0 0 6906.0093 6900 0.99912983 0.0003609687 -0.1245342 -0.052843936 0.044568192 0.02601858 -0.010769903 0 0 -0.00069876923
0.074136838 330.87805 0.00022406092 1.6862564 30.76265 45.5112 -43.451958 2.0592399 0.032360516 0.031442299 43.270279 0.99544775 0.1564586 0.038970314 0.00018035133 400.20474 27.934275 0.20473683 48.147095 43.647938 52.841995 0 0.51151663 0.038259126 345 20 0.86245739 0 20 0 0 7157.5288 6900 0.96401989 0.00046245335 -0.15954641 0.60014886 1.4086894 1.1318771 1.7742932 0 0 -0.031700723
0.04521504 330.53268 0.00013679446 1.4126962 29.835531 43.618649 -42.533226 1.0854237 0.045125417 0.02794748 41.957512 0.99488509 0.16298684 0.033669688 -0.0056287199 399.87363 25.627941 -0.12636459 46.719402 43.397125 50.70628 0 0.51140934 0.038281567 345 20 0.86310947 0 20 0 0 6933.0376 6900 0.99523479 0.00039048016 -0.13471565 -0.10855944 0.27657327 0.20943128 -0.024796506 0 0 -0.0074413973
-0.1553769 330.78412 -0.00046972299 0.048306886 29.449282 42.6441 -42.313435 0.33066478 0.0026638941 0.028533414 41.625729 0.99954867 0.14076577 0.0011605055 0.0055664154 400.37482 21.520937 0.37481222 46.660381 43.613914 49.830673 0 0.51919401 0.046745121 345 20 0.86199874 0 20 0 0 6883.8462 6900 1.0023466 0.00035531269 -0.12258288 0.61324012 -0.45255122 -0.35025713 0.036062736 0 0 0.011218891
-0.18201031 331.07257 -0.00054975954 -0.0026094378 29.505781 42.70377 -42.537716 0.16605543 0.0006779824 0.02891312 41.70565 0.9995144 0.13805206 -6.2567968e-05 0.0069858008 400.06107 21.498554 0.061071794 46.594093 43.616364 49.661121 0 0.51773119 0.045796648 345 20 0.86267811 0 20 0 0 6903.1162 6900 0.99954861 0.00035922087 -0.12393121 0.1072787 -0.054265399 -0.035457846 0.023461493 0 0 0.0010245064
-0.073597282 331.66132 -0.00022190493 -0.019938752 29.467461 42.453602 -42.547462 -0.09385816 0.00122294 0.028348437 41.651867 0.99949026 0.1385811 -0.00047870009 0.0072505111 399.9093 21.564068 -0.090709977 46.52306 43.468788 49.622959 0 0.51635742 0.045897897 345 20 0.86300743 0 20 0 0 6906.2485 6900 0.99909526 0.00036138733 -0.12467863 -0.18837768 0.061147928 0.051062059 -0.025491616 0 0 -0.0021474103
-0.011559941 331.10095 -3.4913643e-05 -0.0037859557 29.519859 42.590199 -42.615154 -0.024958372 0.00047327593 0.028742354 41.725574 0.99949789 0.13808401 -9.0734662e-05 0.0062609427 399.99274 21.524935 -0.0072705792 46.600006 43.617287 49.652149 0 0.51762956 0.046045549 345 20 0.86282486 0 20 0 0 6906.8945 6900 0.9990018 0.00035849359 -0.12368029 -0.007021762 0.0077376948 0.018288137 -0.0042746742 0 0 -0.00057578227
0.063533604 330.59546 0.0001921793 -0.004768379 29.524942 42.521023 -42.563076 -0.042052492 0.00039887236 0.028999917 41.731857 0.99951905 0.13971879 -0.00011426232 0.0067165215 399.94421 21.501135 -0.055800918 46.683342 43.66975 49.756336 0 0.51431865 0.041949674 345 20 0.8629306 0 20 0 0 6897.5547 6900 1.0003545 0.00035964733 -0.12407833 -0.065942451 0.030219581 -0.019661358 -0.018083474 0 0 0.0011361883
-0.046531048 330.78821 -0.00014066718 0.29589608 12.901254 19.452124 -17.872597 1.579527 0.038439143 0.035570338 18.206228 0.99946851 0.26104659 0.016252464 0.033112194 403.21808 12.453813 3.2180669 22.949512 20.716991 25.347231 0 0.5139991 0.037251666 340 10 0.84327871 0 10 0 0 3009.7507 3400 1.1296617 7.4128307e-05 -0.025203623 4.0072694 -5.2671328 -3.7369194 -0.13014638 0 0 0.25463304
-0.035107311 331.54999 -0.00010588843 -0.027469197 30.89377 48.203964 -48.362156 -0.15819199 0.0036363443 0.059648823 43.395538 0.9944703 0.11058817 -0.00063299591 0.026763201 399.88461 22.003082 -0.11539622 41.216427 38.108021 44.426517 0 0.44256052 -0.028576706 345 20 0.86307597 0 20 0 0 7188.7153 6900 0.95983773 0.00037912294 -0.13079742 -0.18537395 0 0.60378897 -0.27469209 0 0 0
-0.069714546 331.26654 -0.00021044852 0.26631704 29.859232 49.933079 -46.196449 3.7366323 0.0067811157 0.048388347 41.936874 0.99425155 0.10748446 0.0063504265 0.028998669 399.85562 22.197998 -0.14436547 41.36274 38.238544 44.589382 0 0.43666217 -0.035136484 334.4631 20.000063 0.86313897 0 20 0.033802949 0.067605898 6940.6763 6689.2837 0.96377981 0.031895474 -10.667859 -0.2234069 0.22549433 0.15514743 0.099306844 0.0001106354 0.00022127081 -0.0053330366
0.009542576 330.63754 2.8861139e-05 -1.2496668 27.32015 42.662807 -45.941261 -3.2784538 0.031862918 0.037941471 38.29924 0.99346256 0.11588872 -0.032629021 0.018922046 387.93964 32.871902 -0.7867626 36.55114 32.912594 41.39703 0 0.43118203 -0.024475977 345 20 0.88969529 0 20 0 0 6328.9917 6900 1.090221 0.00042921552 -0.14807935 -11.898766 -3.7103732 -2.5993972 -2.03479 -1.0498411e-09 -2.0997319e-09 0.094764329
0.01840207 330.37106 5.5701217e-05 -0.26478806 30.154808 48.615318 -48.965885 -0.35056818 0.0026789596 0.056370746 42.313683 0.99355143 0.11439493 -0.0062577408 0.033645306 388.8743 22.6709 0.14790106 41.131538 37.998905 44.391388 0 0.44080058 -0.017483057 345 20 0.88755226 0 20 0 0 6982.7437 6900 0.9881503 0.00042398856 -0.14627606 0.0877271 -0.39260021 -0.45879772 -0.212262 0 0 0.016207822
-0.083885841 330.68365 -0.00025367396 -0.093633629 30.152794 48.629925 -48.918903 -0.28897759 0.0024240175 0.038002312 42.365944 0.99406016 0.10956955 -0.0022101153 0.02635562 388.76605 22.518461 0.039655775 41.152565 38.078979 44.389244 0 0.44997889 -0.0074906428 345 20 0.88778692 0 20 0 0 6999.6245 6900 0.98576713 0.00040996497 -0.14143792 0.024054322 -0.047572903 -0.14315428 -0.073130794 0 0 0.0044716643
0.0081996899 331.43924 2.4739646e-05 -0.77153742 28.991356 39.806915 -43.964172 -4.1572609 0.038589526 0.029886147 40.924328 0.99924231 0.14087346 -0.018852782 0.0032294381 398.88773 31.158121 -1.1122684 45.61245 41.217739 51.224728 0 0.51416039 0.044272434 345 20 0.86530429 0 20 0 0 6781.2935 6900 1.0175049 0.00046163186 -0.159263 -1.736033 -0.73647398 -0.21326475 -1.0433004 0 0 0.0081686471
-0.034879513 330.96765 -0.00010538647 -0.26714566 28.889965 40.714046 -42.608006 -1.8939596 0.021232555 0.028428204 40.818314 0.99932331 0.13642301 -0.0065447502 0.0057050707 382.3461 31.318092 1.4739107 45.59375 42.070473 50.046623 0 0.49196362 0.044482332 345 20 0.90278232 0 20 0 0 6754.2217 6900 1.0215833 0.00050809752 -0.17529365 1.7801484 -2.6430578 -1.9187291 -0.17636375 0 0 0.063434951
-0.0014047843 330.5564 -4.2497568e-06 -0.0042465571 29.728336 42.807266 -42.932632 -0.12536509 0.0013127741 0.0286278 42.020016 0.99946684 0.13451885 -0.00010106034 0.0074128015 380.64227 23.113977 -0.2299099 46.710358 43.379097 49.99625 0 0.48779762 0.04194814 345 20 0.90676582 0 20 0 0 6944.2744 6900 0.99362433 0.0004446684 -0.1534106 -0.25734693 0.42896205 0.31556061 0.035878483 0 0 -0.010369599
-0.081996694 330.59827 -0.00024802517 -0.0017558919 29.579109 42.644279 -42.744324 -0.10004411 0.0001746725 0.029561032 41.808277 0.99954247 0.13555238 -4.1998668e-05 0.0074902116 380.86563 22.551662 -0.006563101 46.573437 43.444237 49.77607 0 0.49380493 0.04786798 345 20 0.90622735 0 20 0 0 6910.27 6900 0.99851376 0.00043723109 -0.15084472 -0.041788757 -0.025114089 -0.030584758 -0.012239487 0 0 0.0011732472
0.079243153 331.69299 0.00023890511 0.0056386199 14.837685 22.755262 -22.7925 -0.037238877 0.00040886004 0.14431126 20.656244 0.98712027 0.33037302 0.00027297411 0.031101201 400.01141 12.086164 0.011414589 26.415163 24.763063 28.152605 0 0.37361592 -0.098439626 350 10 0.87507457 1 10 0 0 3422.9919 3500 1.0224973 0.00011372603 -0.039804112 0.016156593 -0.021572417 -0.01399395 0.0019518974 0 0 0.0015813352
-0.11275888 331.16983 -0.00034048659 2.2586131 29.747116 48.786453 -39.51424 9.2722111 0.069924966 0.08993309 41.555893 0.99479467 0.21736091 0.054351211 0.035679713 410.49292 26.082733 10.492913 50.226788 40.484531 58.669369 0 0.43689275 -0.048146181 344.80759 20.000584 0.86512721 0 20 0.034210604 0.068421207 6874.4629 6896.3535 1.0031843 0.02993268 -10.321015 23.067434 -9.0209789 -8.5609131 2.7231724 -0.0041258093 -0.0082516186 0.228627
-0.041374993 330.67056 -0.0001251245 0.074179634 30.844475 46.238464 -45.958317 0.28014967 0.0014351722 0.094706185 43.318325 0.99494451 0.20896147 0.0017124307 0.030413255 400.0314 24.253773 0.031404961 50.669144 47.269753 54.167923 0 0.42268154 -0.050084502 344.80743 20.000257 0.88781911 0 20 0.035312477 0.070624955 7156.0977 6896.2378 0.96368688 0.030011252 -10.348103 0.57585347 0.43740919 0.22781104 0.20999694 0.00021161718 0.00042323436 -0.0073568425
-0.065766342 330.72174 -0.00019885704 -0.034786675 15.852722 24.122562 -24.351856 -0.22929366 0.009291566 0.13757105 22.101538 0.98893183 0.30872566 -0.0015739481 0.031170558 398.41318 16.137598 -1.586836 27.72699 24.640642 30.024244 0 0.38189301 -0.089846499 350 10 0.87861717 1 10 0 0 3651.594 3500 0.95848554 0.00015043335 -0.052651674 -0.94222909 3.5694368 2.2939682 0.54219204 0 0 -0.16798685
-0.068081036 330.95374 -0.00020571164 -0.018436795 14.859627 22.794376 -22.855572 -0.061194398 0.0011482957 0.14458099 20.685913 0.98712564 0.33083007 -0.00089127297 0.030318473 399.97342 12.084274 -0.026579587 26.464991 24.797157 28.222134 0 0.3739194 -0.099125296 350 10 0.87515616 1 10 0 0 3420.2402 3500 1.02332 0.00011199537 -0.03919838 -0.11498266 -0.02550398 -0.0025581755 -0.028738838 0 0 0.00052106613
-0.023560438 331.64499 -7.104114e-05 0.0020299247 14.614019 21.319469 -21.309608 0.0098618409 0.0010828053 0.03903763 20.646652 0.9993853 0.23583102 9.8317374e-05 0.018728577 399.98547 10.970053 -0.014524214 25.114077 23.58218 26.67613 0 0.50395393 0.032616336 350 10 0.87511396 1 10 0 0 3422.9329 3500 1.0225149 9.3901785e-05 -0.032865625 -0.049725801 0.0029077467 0.013448239 0.011210629 0 0 -0.0007994136
0.066015765 331.08621 0.00019939146 -0.010399129 14.638821 21.370665 -21.42639 -0.055725459 0.00074823544 0.040063098 20.681629 0.99942964 0.23548481 -0.0005028196 0.018276474 400.01273 10.99169 0.012730627 25.159691 23.633478 26.722382 0 0.50974357 0.037385922 350 10 0.87505472 1 10 0 0 3423.0925 3500 1.0224673 9.4382565e-05 -0.033033896 0.024118988 -0.0088340752 -0.0034248827 -0.00020984581 0 0 0.00059199193
0.03705737 330.75488 0.00011203878 -0.014070357 14.666997 21.387484 -21.477385 -0.089902028 0.002014955 0.041417237 20.719919 0.99939442 0.23940587 -0.00067907391 0.018774316 399.95139 11.059102 -0.048605263 25.282061 23.717537 26.862747 0 0.51557559 0.042718068 350 10 0.87518913 1 10 0 0 3425.9412 3500 1.0216171 9.4601208e-05 -0.033110425 -0.060597979 0.057838898 0.036259748 -0.025216039 0 0 -0.0023949847
-0.16223922 331.00168 -0.00049014622 -0.010823822 14.629976 21.457001 -21.309475 0.14752564 0.00057480554 0.040375363 20.668137 0.99941331 0.24268675 -0.00052369601 0.017267736 399.9845 10.98772 -0.015505809 25.2862 23.752632 26.853817 0 0.5157299 0.043280352 350 10 0.87511599 1 10 0 0 3419.9834 3500 1.0233967 9.3793002e-05 -0.032827552 -0.041217942 -0.0028988109 -0.012770072 -0.0097846054 0 0 0.00027804024
-0.076131143 331.66541 -0.000229542 -0.011386734 29.445087 42.331715 -42.540028 -0.20831648 0.0015121789 0.028813606 41.619469 0.99946845 0.138524 -0.00027359152 0.0067327754 399.91138 21.534826 -0.088631839 46.47538 43.42522 49.57682 0 0.51627672 0.045830816 345 20 0.86300236 0 20 0 0 6900.9487 6900 0.99986249 0.00036072443 -0.12444992 -0.23683801 -0.001650471 0.0073988368 -0.038129695 0 0 -0.00068197143
30.68133 331.11942 0.092659406 -7.3557186 30.470135 33.099728 -52.016697 -18.916971 0.05969708 0.02502271 41.695717 0.99807733 0.24995092 -0.17641424 0.0014087502 400.19858 34.300709 0.19857304 46.411762 42.635864 52.403278 0 0.5177899 0.047649473 345 20 0.8625685 0 20 0 0 6676.0645 6900 1.0335431 0.00057587022 -0.19867522 0.4218632 -0.19463003 -0.18602239 -0.011876561 0 0 0.0067219851
0.068036355 330.58701 0.00020580468 -0.27694732 28.892035 41.106812 -42.352417 -1.2456051 0.0076818648 0.029488789 40.833107 0.99947441 0.143416 -0.0067824214 0.005945086 399.86127 23.408913 -0.13872229 45.758507 42.683968 49.130825 0 0.51380771 0.041692428 345 20 0.86309552 0 20 0 0 6748.8184 6900 1.0224012 0.00034339377 -0.11847086 -1.8311356 -1.5418023 -0.9520942 -0.82529658 0 0 0.032999251
-0.038447306 330.55408 -0.0001163117 -0.022683445 29.530216 42.644073 -42.532158 0.11191484 0.00026158409 0.029023279 41.739445 0.99950361 0.14058617 -0.00054345344 0.0059364308 400.00702 21.507227 0.0070259683 46.733715 43.746765 49.782021 0 0.51427442 0.041829869 345 20 0.86279607 0 20 0 0 6897.8975 6900 1.0003048 0.00036086925 -0.12449989 -0.0093460754 -0.0470584 -0.052827187 -0.033410478 0 0 0.0018661111
-0.044666409 331.81293 -0.00013461322 0.0055797277 29.46452 42.454147 -42.705399 -0.25125164 0.00061026146 0.029385215 41.646286 0.99948782 0.14179355 0.000133979 0.0085597476 399.97345 21.540203 -0.026548242 46.664108 43.663052 49.726185 0 0.5127489 0.04224636 345 20 0.86287075 0 20 0 0 6908.3784 6900 0.99878722 0.00036345972 -0.1253936 0.026925806 0.07482975 0.035618458 0.028360756 0 0 0
-0.050290693 331.29556 -0.00015180008 0.58628744 29.60622 43.933125 -41.385262 2.5478635 0.016453799 0.028301995 41.833809 0.99945223 0.13777612 0.014014679 0.0068200813 399.84827 25.703562 -0.15173493 46.679161 42.829586 50.741928 0 0.51710021 0.045941077 345 20.000004 0.86317307 0 20 2.5168087 0.11067605 6928.9038 6900.0332 0.99583334 0.00040072729 -0.13825092 -0.16265383 0.29769742 0.24162255 0.012924462 2.7313352e-05 1.2175153e-05 -0.0085061565
0.0056503681 330.79324 1.7081267e-05 -0.0059805387 29.553972 42.639942 -42.663685 -0.023741344 0.00031560342 0.028190881 41.774105 0.99951273 0.13780187 -0.00014316378 0.006398804 399.93652 21.556927 -0.063466921 46.64286 43.612644 49.707542 0 0.51813412 0.045940146 345 20 0.8629483 0 20 0 0 6908.6191 6900 0.99875242 0.00036103302 -0.12455639 -0.096082419 0.092982896 0.07878074 0.012275615 0 0 -0.00245669
-0.01738946 330.5087 -5.2614221e-05 -0.0038044632 29.55221 42.617226 -42.679749 -0.062523909 0.00079102878 0.029147776 41.770279 0.99948502 0.14025579 -9.1080627e-05 0.0061530536 399.9892 21.53595 -0.010814845 46.741383 43.748867 49.802216 0 0.5195092 0.046896141 345 20 0.86283481 0 20 0 0 6902.1445 6900 0.99968928 0.00036112321 -0.12458751 -0.026586087 -0.0069267978 -0.01543951 -0.014331474 0 0 0.00070340483
-0.10810292 330.79251 -0.00032679975 -0.0034060355 29.52396 42.511677 -42.600906 -0.089229934 0.00062474603 0.028992414 41.73056 0.99952263 0.14139873 -8.1619699e-05 0.0057708663 400.00513 21.487179 0.0051284283 46.762951 43.784245 49.811111 0 0.5142259 0.042223152 345 20 0.86280024 0 20 0 0 6901.3662 6900 0.99980205 0.00036093505 -0.1245226 0.011612513 0.0012656132 -0.016935764 0.015854066 0 0 0.00041171614
-0.050468329 331.4194 -0.00015227935 -0.012767906 29.906919 49.251747 -49.517818 -0.26606855 0.0079193991 0.055368286 41.959839 0.99346715 0.11413688 -0.00030428875 0.032223072 400.02399 21.940495 0.023989499 41.232761 38.22456 44.393715 0 0.43440765 -0.037385855 345 20 0.8627488 0 20 0 0 6948.1138 6900 0.99307525 0.00034842451 -0.12020646 -0.035116896 -0.14594989 0.00099769502 -0.26425114 0 0 0.00036197071
29.910385 330.98001 0.090369157 0.40618905 29.292557 48.199715 -45.91927 2.2804453 0.032038067 0.061430328 41.057659 0.99339682 0.11756815 0.009893137 0.024152955 427.65887 32.149132 0.29968959 40.708481 33.748486 45.456898 0 0.33641824 -0.16832492 343.39838 20 0.80335397 0 20 0 0 6802.6904 6867.9673 1.0095958 0.00047495027 -0.16309714 10.7072 9.0675373 4.5917683 3.900001 1.7053026e-13 3.2684966e-13 -0.23569398
29.952454 330.51065 0.090624772 -0.94198579 25.499905 40.280037 -42.723648 -2.4436135 0.012774595 0.045325588 35.651634 0.99017018 0.1435775 -0.026421951 0.019446988 426.98886 18.272129 -0.3703233 34.777409 32.067089 37.600262 0 0.36412859 -0.14026417 343.39838 20 0.80439413 0 20 0 0 5859.0703 6867.9673 1.172194 0.00020085307 -0.068972617 -0.68428648 0.39414042 0.51739717 -0.66837835 0 0 -0.018561082
-0.058079686 330.45374 -0.00017575739 -0.33110419 30.458796 48.276096 -49.50034 -1.2242402 0.010492723 0.040459532 42.791573 0.99434221 0.10676488 -0.007737603 0.029891228 426.6362 21.220758 -0.72299582 41.685188 38.263008 45.040661 0 0.40532485 -0.10102963 345 20 0.80888438 0 20 0 0 7065.8154 6900 0.9765327 0.00028796829 -0.099349052 -1.6708256 0.51599377 0.55289745 -0.47769353 0 0 -0.018816937
-0.067387275 330.84393 -0.00020368295 -0.20706813 30.303946 48.323193 -49.541302 -1.2181084 0.0018527525 0.036077797 42.56395 0.99368042 0.11270601 -0.004864871 0.02417748 427.40775 20.538155 0.048533313 41.584835 38.764729 44.504013 0 0.41021898 -0.096225977 345 20 0.80741918 0 20 0 0 7037.397 6900 0.9804762 0.00028171297 -0.097190976 -0.022524051 -0.17940775 -0.1262551 -0.14279698 0 0 0.0030749922
-0.0084682824 331.35858 -2.555625e-05 -0.20947465 30.608885 45.292908 -43.365131 1.9277743 0.038494911 0.031491634 43.168194 0.99790478 0.14247486 -0.0048525231 -0.0026401111 395.18176 39.059895 -4.8182287 47.451763 40.938881 52.749752 0 0.50675654 0.0412651 345 20 0.8737312 0 20 0 0 7150.9023 6900 0.96491319 0.00081923482 -0.28263602 -8.7349844 5.6249475 4.4969883 -0.97409594 0 0 -0.16668697
0.053491168 330.82602 0.00016168972 0.50661945 29.572346 45.152573 -40.232552 4.9200211 0.067500383 0.028018145 41.644485 0.99753207 0.14807737 0.012165342 -0.0026932431 399.93149 38.312382 -0.068508446 46.437473 42.011852 53.373646 0 0.5125742 0.040114433 345 20 0.86328214 0 20 0 0 6887.0801 6900 1.001876 0.00073539035 -0.25370967 -0.43619803 -0.22504856 -0.12325185 -0.15059552 0 0 0.0042827949
0.028136792 330.53934 8.5123887e-05 0.088869654 29.120224 42.333008 -41.856014 0.47699383 0.0052283769 0.027998427 41.159039 0.9994303 0.1416183 0.0021591771 0.0064608594 400.92084 21.822187 0.9208374 46.184841 43.064259 49.42186 0 0.51500195 0.041425806 345 20 0.86081409 0 20 0 0 6801.6582 6900 1.0144585 0.00034290296 -0.11830152 1.0188186 -1.6522763 -1.1805675 -0.11555701 0 0 0.039596155
-0.155067 330.78284 -0.00046878791 0.015993111 29.545883 42.755875 -42.53804 0.21783286 0.001773162 0.029295528 41.761692 0.99954641 0.14096422 0.0003829613 0.0052938275 400.0791 21.596968 0.079109147 46.790623 43.813999 49.892242 0 0.51906055 0.046960503 345 20 0.86264044 0 20 0 0 6906.2642 6900 0.999093 0.00036065077 -0.12442451 0.18281165 -0.026769374 -0.035035271 0.024676146 0 0 0.00066899508
-0.074549191 331.64102 -0.00022478883 -0.014612735 29.494217 43.431709 -43.561844 -0.13013445 0.001181355 0.056508932 41.635487 0.99891442 0.14171247 -0.00035096827 0.008310982 399.91501 22.103672 -0.085002609 46.494743 43.397488 49.696011 0 0.51671189 0.046121571 345 20 0.86301053 0 20 0 0 6902.1978 6900 0.99968159 0.00037928121 -0.13085201 -0.21811762 0.020307858 0.029610533 -0.036546018 0 0 -0.001424802
-0.0087974463 331.07776 -2.6572145e-05 -0.00020624355 29.549154 43.640633 -43.500813 0.13981964 0.00049944542 0.05578839 41.714405 0.99888968 0.14069712 -4.944181e-06 0.0081892367 400.10101 26.379267 0.10101708 46.561714 42.737808 49.775654 0 0.51754487 0.045617614 345.01489 20.001146 0.8629306 0 20 0.16128032 0.0096650803 6903.7632 6900.6934 0.99955529 0.0007087136 -0.24451673 0.099218108 0.0098908776 0.017354319 -0.014150758 0.014884253 0.0011461293 -0.00049918407
0.067591012 330.58353 0.00020445971 -0.32453766 27.082142 39.431564 -40.504398 -1.0728337 0.0095970752 0.058102258 38.219906 0.99872482 0.15298666 -0.0084913261 0.0069997469 399.64542 30.58526 -0.35458812 42.975803 38.777111 47.730881 0 0.51806027 0.046278834 350 18.816572 0.86236978 1 18.816027 0.0077103004 0.015420601 6316.2231 6585.8003 1.0426801 -0.015308177 5.357862 -2.6997185 -1.2600285 -0.70989823 -0.82709968 -0.0165696 -0.059392076 0.02382624
-0.037034586 330.53043 -0.00011204592 -0.06961102 29.377457 43.266487 -43.322041 -0.055553436 0.00083988137 0.05668861 41.469688 0.99891418 0.14401053 -0.0016786001 0.0075100549 400.06223 22.244581 0.062230188 46.424896 43.363117 49.609299 0 0.51934892 0.046731073 345 20 0.86268681 0 20 0 0 6852.1299 6900 1.0069861 0.00037217711 -0.1284011 -0.37467054 -0.55107558 -0.35248727 -0.20746012 0 0 0.012025639
-0.16626997 330.93701 -0.00050242181 0.02285216 29.523357 43.537178 -43.608707 -0.071527302 0.0008660602 0.055689283 41.678333 0.99895501 0.14109159 0.0005482983 0.0085097263 400.15625 22.067671 0.15625006 46.563957 43.533146 49.763508 0 0.51830691 0.04615391 345 20 0.86248928 0 20 0 0 6894.6675 6900 1.0007734 0.00037821734 -0.13048498 0.15179068 -0.19866018 -0.086290605 0.072916314 0 0 0.0024514291
-0.023043042 331.3956 -6.9533329e-05 -0.0073948232 29.487598 42.501114 -42.66132 -0.1602056 0.00061249739 0.028682142 41.679958 0.99948102 0.13888721 -0.00017741916 0.0059635611 399.9512 21.503475 -0.04880441 46.571602 43.559662 49.64883 0 0.51684439 0.045942649 345 20 0.86291641 0 20 0 0 6905.3901 6900 0.99921948 0.00036075158 -0.1244593 -0.070897706 0.04162997 0.02371444 -0.015241951 0 0 -0.00062625378
0.034670159 330.97125 0.00010475279 -2.5755708 6.0037999 3.4949622 -11.794121 -8.299159 0.3361809 0.041110888 7.2424326 0.97117835 0.47380245 -0.35562235 0.040320378 409.5311 59.654095 9.531086 3.4331408 -0.90199476 9.2530832 0.22499999 0.42736286 -0.054258864 340.55402 16.689213 0.94295776 0 20 6.813014 13.626028 1198.1937 5694.8052 4.7528253 0.13394795 -45.616512 -6.1589818 -34.743858 -18.850142 -7.0300198 -3.4838099 -3.3119433 3.5293431
0.054835871 330.8887 0.00016572302 0.00075659453 0.010700329 0.15129916 -0.00041414928 0.15088502 0.98712349 0.99367464 0.0015329065 -0.010868015 6602.9819 0.4935686 1.4631379 452.3172 47.73365 52.317196 -99.744164 -100 -96.388969 1 0.0038936143 -0.53447771 335 5.5811858 0.032922536 0 5 0 0 0.025369033 1869.6973 37.393948 -0.95554799 320.10858 35.732006 -16.676142 0.0092171431 0.00068338052 0 0 0
-0.1555516 331.16034 -0.00046971688 -0.00040667161 0.017696019 0.13220514 -0.21246825 -0.080263108 0.23007372 0.99633646 0.0034653898 -0.013783847 2745.3376 -0.11735234 1.4947332 371.39355 34.86026 -28.606441 -70.907715 -93.349083 -39.094738 1 0.0080796732 -0.42088905 337.5 4.999999 0.90938735 0 5 6.445217e-06 1.2890433e-05 0.041141771 1687.4996 33.749992 0.0007129123 -0.2406079 -33.085453 28.002241 0.016647829 -0.00045083216 0.37833363 0.75666726 5.1165938
-0.16668299 331.42175 -0.00050293317 0.10161966 9.346096 14.087653 -13.966587 0.12106646 0.034752026 0.067062832 13.171733 0.99854064 0.33726007 0.0077149803 0.031397894 397.06375 16.224827 -2.9362397 17.178699 13.672967 18.822689 0 0.50933605 0.040138308 337.5 5 0.85010779 0 5 0 0 2181.606 1687.5 0.77351272 0.00013924472 -0.046995092 0.26013276 8.3132925 4.6776605 1.4760157 0 0 -0.91114426
0.65655786 331.33029 0.0019815811 0.41415307 30.378569 48.521343 -45.317421 3.203923 0.021283768 0.057016417 42.673611 0.99458003 0.1066836 0.0097051328 0.024072086 400.25537 24.803202 0.25536272 41.134785 37.023457 44.425636 0 0.43823892 -0.033748686 348.86603 19.43882 0.86113453 0.37 19.3561 4.3221774 3.8012712 7063.9336 6780.5972 0.95988971 -0.01201697 4.1923122 0.19619723 -0.13366809 0.44065461 0.34639779 3.7782712 -0.56820381 -0.029991556
-0.11449078 330.72546 -0.00034618072 8.1745853 19.044964 43.370682 -26.011629 17.359055 0.46145093 0.19498906 20.964298 0.98164058 0.17238326 0.38992891 0.080851257 433.2616 25.799944 33.261608 24.522623 -3.9007893 49.813103 0.085000001 0.42979178 -0.084030472 350.41525 9.6736288 0.78321826 1 9.6042242 0.018711084 12.391665 3451.9448 3389.7795 0.98199123 -0.031610627 11.076845 50.505398 -32.942593 -23.66169 7.7402844 1.7796872 -8.9257507 0.33031875
-0.00013341595 330.53311 -4.0363864e-07 -2.5821486 27.06271 39.82095 -49.705708 -9.884758 0.077536061 0.052941095 37.66383 0.99383038 0.11146007 -0.068557777 0.021772351 393.43442 37.955776 -6.5655718 35.420021 27.113018 43.877888 0 0.41928568 -0.043998525 345 20 0.87736458 0 20 6.0254024e-12 1.2200019e-11 6221.7158 6900 1.1090188 0.00053745043 -0.18542039 -23.702267 -4.0967894 -0.82831228 -5.7799687 -4.9377439e-07 -9.875489e-07 0.023006191
-0.077879071 330.46115 -0.00023566786 0.38985899 29.897619 49.355881 -46.38871 2.9671721 0.014777009 0.044955574 42.029591 0.99501187 0.10131919 0.009275821 0.028083863 400.37061 22.123882 0.37061265 40.916447 37.851841 44.030586 0 0.4300853 -0.043529306 345 20 0.86200237 0 20 0 0 6939.9902 6900 0.99423772 0.00034907149 -0.12042966 0.055388559 -1.0209463 -1.1642721 -0.043643575 0 0 0.036798667
0.079032667 331.93585 0.0002380962 -0.0045758313 14.595319 21.278427 -21.321217 -0.042789284 0.0031272683 0.040687487 20.618708 0.99933523 0.24199662 -0.0002219262 0.018709712 399.95154 11.028175 -0.048452038 25.200087 23.627659 26.787081 0 0.50932252 0.038265906 0 0 0 0 0 0 0 3421.3723 0 0 0 0 0 0 0 0 0 0 0
0.067243375 331.42624 0.00020289092 0.17696092 14.691497 21.780191 -21.060177 0.72001445 0.012290161 0.037352983 20.754791 0.99943292 0.23559369 0.0085262684 0.020695159 400.61185 11.535378 0.61186069 25.328278 23.299301 27.256506 0 0.5100745 0.037115391 350 15.772428 0.87374693 1 15.772428 6.929298e-08 1.385861e-07 3438.5625 5520.3496 1.6054237 9.5409792e-05 -0.033393428 1.7558386 -0.1503249 -0.31352973 0.32861787 2.709717e-05 5.4194341e-05 0.034232203
-0.033517532 331.1199 -0.00010122477 0.017721111 14.63038 21.361618 -21.314257 0.047362164 0.0018827991 0.038771264 20.670343 0.99940264 0.23619011 0.00085732056 0.02019999 400.02234 11.000247 0.022351276 25.153646 23.626627 26.720812 0 0.51002538 0.037443619 350 15.772428 0.87503302 1 15.772428 0 0 3421.4219 5520.3496 1.6134665 9.3626964e-05 -0.032769438 0.05654306 -0.015782775 -0.017539352 0.016872989 0 0 0.0017583369
-0.046938736 330.80731 -0.00014189148 0.094463006 14.707808 21.683279 -21.082518 0.60076255 0.0065859035 0.038157914 20.778833 0.99939013 0.2384426 0.004546117 0.020635383 400.29349 11.312835 0.29349175 25.375668 23.61517 27.121744 0 0.516276 0.042928308 350 10 0.87444121 1 10 1.9895197e-12 2.7995384e-12 3436.0947 3500 1.0185983 9.4661489e-05 -0.033131521 0.8971597 -0.0087517351 -0.11208841 0.19582953 -5.9077365e-10 -1.1814869e-09 0.0073763644
-0.15130931 330.95807 -0.00045718576 -0.017053246 14.668866 21.464828 -21.441793 0.023034617 0.00032507136 0.041938465 20.721445 0.99938327 0.24210228 -0.00082297577 0.016955722 399.96997 11.092336 -0.030030023 25.344839 23.789095 26.916903 0 0.51624775 0.043498334 350 10 0.87514824 1 10 0 0 3428.4036 3500 1.0208833 9.4321957e-05 -0.033012684 -0.016643979 0.062353473 0.041084968 -0.02749511 0 0 -0.0026787715
0.092470944 331.34467 0.00027907779 0.029165974 29.496689 42.543091 -42.521118 0.021975532 0.00021866846 0.028270803 41.693367 0.99949646 0.13839146 0.00069953513 0.0068149222 400.0137 21.594646 0.013707949 46.577549 43.603756 49.648712 0 0.50726759 0.036033433 345 20 0.86278057 0 20 0 0 6906.5742 6900 0.99904811 0.0003595594 -0.12404799 0.10441793 0.05448937 0.029227721 0.049104728 0 0 -4.7115056e-05
0.044477157 330.94897 0.00013439279 0.0081783449 29.510691 42.643162 -42.607479 0.035680652 0.00058090163 0.028770883 41.712837 0.99953002 0.13782485 0.00019606303 0.0064493041 400.00696 21.503716 0.006972678 46.584824 43.605904 49.627834 0 0.51237237 0.040401563 345 20 0.86279732 0 20 0 0 6901.5933 6900 0.99976909 0.00036218186 -0.12495274 0.014243257 -0.015183434 -0.0091679813 0.011964301 0 0 0.00076732464
-0.015276498 330.66876 -4.6198795e-05 0.0127388 29.59152 42.74662 -42.746243 0.00037801662 0.00052148558 0.028613025 41.826973 0.99950272 0.13961306 0.00030455945 0.0069289943 399.96945 21.646059 -0.03053432 46.781559 43.779198 49.836487 0 0.50878304 0.036509544 345 20 0.86287844 0 20 0 0 6914.5688 6900 0.99789304 0.00036243789 -0.12504107 0.025266599 0.09821935 0.066577926 0.017507179 0 0 -0.0024614895
-0.1069826 330.66183 -0.00032354082 -0.018899461 29.57217 42.665466 -42.845211 -0.17974539 0.0008505095 0.029132685 41.799156 0.999538 0.14014168 -0.00045214937 0.0061453921 399.96677 21.579397 -0.03322015 46.784557 43.776966 49.858253 0 0.51405561 0.041718628 345 20 0.86288309 0 20 0 0 6909.959 6900 0.99855876 0.00036110787 -0.12458222 -0.042154197 0.044996142 0.039115682 -0.011307059 0 0 -0.001641541
-0.0039932006 331.65036 -1.2040393e-05 0.0011546348 29.524698 42.667496 -42.682953 -0.015458836 0.00099524623 0.029416202 41.731304 0.99943882 0.14094977 2.7668313e-05 0.0070759379 400.05145 21.762381 0.051453322 46.715416 43.661293 49.80455 0 0.50775224 0.037063427 345 20 0.86270231 0 20 0 0 6919.0674 6900 0.99724424 0.00036320591 -0.12530604 0.20336217 0.041231927 0.03764569 0.016869416 0 0 -0.00078572164
0.059298988 331.14435 0.00017907293 0.53589433 30.287432 44.640259 -42.567223 2.0730348 0.013421051 0.02602035 42.802967 0.9995836 0.25145829 0.012520027 0.005202597 401.33325 22.973583 1.3332613 53.026608 48.389366 56.99958 0 0.55448174 0.081067435 345 20 0.80170465 0 20 0 0 7086.2397 6900 0.97371811 -0.06738916 23.24926 4.8999095 0.88333267 0.18442769 1.1886697 0 0 -0.0059833378
0.05182695 330.73758 0.00015670112 -0.14305757 30.761063 44.187874 -44.953739 -0.76586545 0.0094333468 0.032698352 43.471077 0.9994728 0.13697669 -0.0032908679 0.0051590991 408.13852 26.133804 -2.2195785 48.325703 43.423061 52.174126 0 0.51964748 0.036529165 345 20 0.84563732 0 20 0 0 7187.8525 6900 0.95995295 0.00039762555 -0.13718082 -1.9258217 4.4142532 3.0862482 0.48085305 0 0 -0.10723025
-0.076335773 330.63672 -0.00023087507 -0.048601631 29.494282 42.494331 -42.611061 -0.11672825 0.001444677 0.028874448 41.688782 0.99950004 0.14358914 -0.0011658204 0.0048659453 410.20032 21.022781 -0.15779994 46.795822 43.767738 49.862759 0 0.5316366 0.046283573 345 20 0.84132618 0 20 0 0 6891.1733 6900 1.0012808 0.00032541095 -0.11226678 -0.41892669 0.041031647 0.05135195 -0.080222331 0 0 -0.0020837123
-0.192223 330.88751 -0.00058093155 -0.020337172 29.493933 42.583817 -42.619347 -0.035533141 0.00033992328 0.028859945 41.688164 0.99951816 0.14388478 -0.00048784044 0.0059840465 410.36688 20.969801 0.0087655783 46.839069 43.935711 49.821976 0 0.52248394 0.037054718 345 20 0.84098387 0 20 0 0 6896.2949 6900 1.0005373 0.00032438201 -0.1119118 -0.022647819 -0.043107167 -0.024403688 -0.008176527 0 0 0.00053462485
0.020952588 331.54886 6.3196079e-05 -0.00033588719 14.855398 22.836138 -22.756927 0.079211213 0.00063024787 0.14403011 20.680685 0.98713499 0.33012268 -1.6241589e-05 0.030575877 399.99533 12.074048 -0.0046574795 26.442745 24.79213 28.175972 0 0.37300393 -0.099010013 350 10 0.87510926 1 10 0 0 3425.3694 3500 1.0217876 0.00011320988 -0.039623458 -0.0063078525 0.0028398579 0.00083046668 -0.0018826554 0 0 0.00011263374
0.0091226911 331.11053 2.7551801e-05 0.45493931 6.4756589 18.318981 -17.896391 0.42258978 1.2633851 1.4399294 3.4200275 0.19585139 2.3845887 0.13302211 0.44003189 431.50845 67.374374 31.508467 -10.259869 -33.65929 20.446409 0.71499997 0.29050383 -0.22410898 349.79965 9.5992966 0.91823834 1 10.518732 3.6071882 7.2143764 510.62488 3358.7087 6.5776443 0.13272728 -46.427959 48.515499 -27.939899 -18.076355 -0.49508902 -0.27475062 -0.54950124 5.9326043
0.05957479 330.65698 0.00018017097 -0.18823503 17.205954 25.623507 -26.800251 -1.1767445 0.023833752 0.12350703 24.049667 0.99218893 0.26547688 -0.007826928 0.032332446 395.47824 21.920202 -4.5217652 29.015888 23.336384 32.445995 0 0.39841753 -0.069534153 350 10 0.8852163 1 10 1.0750227e-09 2.1491999e-09 3973.3108 3500 0.88087749 0.00023935341 -0.083773687 -1.5847199 9.6036463 4.9213982 0.78387022 -4.2209632e-07 -8.4419275e-07 -0.351017
-0.17354392 330.98544 -0.00052432489 -0.029533125 14.831264 22.657476 -22.890493 -0.23301663 0.0013034187 0.14469871 20.64439 0.98699456 0.33184043 -0.0014305642 0.029585555 399.95297 12.090186 -0.047037948 26.420719 24.735847 28.198057 0 0.37478051 -0.098081991 350 10 0.87520111 1 10 0 0 3414.259 3500 1.0251126 0.00011222447 -0.039278563 -0.25869521 -0.088079259 -0.0266921 -0.063219443 0 0 0.00098915573
-0.073597282 331.66132 -0.00022190493 -0.019938752 29.467461 42.453602 -42.547462 -0.09385816 0.00122294 0.028348437 41.651867 0.99949026 0.1385811 -0.00047870009 0.0072505111 399.9093 21.564068 -0.090709977 46.52306 43.468788 49.622959 0 0.51635742 0.045897897 345 20 0.86300743 0 20 0 0 6906.2485 6900 0.99909526 0.00036138733 -0.12467863 -0.18837768 0.061147928 0.051062059 -0.025491616 0 0 -0.0021474103
-0.013566443 331.10431 -4.0973318e-05 0.036472201 29.469587 42.590199 -43.34811 -0.75791276 0.0010540487 0.028483493 41.652199 0.99945843 0.14007808 0.00087563688 0.0067203413 400.00763 21.622021 0.0076348963 46.593983 43.617287 49.650803 0 0.51811522 0.046509624 344.8717 19.991636 0.86277741 0 20 1.0054438 0.04610385 6894.9243 6894.5537 0.99994624 0.00071285386 -0.24584311 0.0078837136 0.0017124314 -0.031983618 0.035983481 -0.1282894 -0.0083641754 0.00036868281
0.073307581 330.57889 0.0002217552 0.030769145 30.06045 43.348087 -43.395931 -0.047843803 0.0037862491 0.029646721 42.487629 0.99947327 0.13885003 0.00072419067 0.0057591493 399.45566 23.618389 -0.54432702 47.415829 43.664635 50.68824 0 0.51395041 0.042129159 344.74847 20.221329 0.86439139 0 20 19.26881 2.3384452 7022.1436 6971.4736 0.99278426 0.0015592681 -0.53755534 -0.56732482 0.79055798 0.51555467 0.005843238 17.857489 0.22135386 0.045784704
-0.039543264 330.55502 -0.00011962688 -0.040151138 29.56641 42.695099 -42.668953 0.02614695 0.00085338589 0.02918146 41.79047 0.99950755 0.14070252 -0.00096077257 0.0057976614 399.88678 21.594784 -0.11321663 46.784512 43.716118 49.890663 0 0.51420683 0.041904036 345 20 0.86305702 0 20 0 0 6906.3931 6900 0.99907434 0.00036261184 -0.12510109 -0.19688529 0.10638725 0.064833447 -0.049175151 0 0 -0.0021209298
-0.028674752 332.00122 -8.6369415e-05 -0.0059196483 14.840426 22.764978 -22.785719 -0.020739172 0.00076676632 0.14402653 20.661221 0.98719478 0.33014768 -0.00028651007 0.032343414 399.98495 12.088382 -0.015033192 26.419538 24.76169 28.15914 0 0.37312809 -0.098155379 350 10 0.87513262 1 10 0 0 3426.614 3500 1.0214164 0.0001140009 -0.039900314 -0.032354351 0 0.012343357 -0.0086828731 0 0 0
-0.039986923 331.62036 -0.00012058041 0.57172632 8.2284088 13.963087 -11.805893 2.1571944 0.056289535 0.19715394 11.27399 0.9753297 0.46270913 0.050711978 0.044601575 401.34171 10.212598 1.3417106 16.066465 13.063638 18.280518 0 0.34276849 -0.13137963 347.5 5 0.86590111 1 5 0 0 1866.6917 1737.5 0.93079114 6.3979605e-05 -0.022232912 6.3640113 1.6484343 0.056213278 1.3261758 0 1.1723955e-13 -0.0086980965
20.975046 331.05307 0.06335856 -0.023114784 7.3200254 12.294852 -11.957411 0.33744094 0.0027903786 0.21109307 10.010075 0.97090244 0.43762293 -0.0023091522 0.032169249 399.93408 6.4706988 -0.065927491 13.794667 12.887551 14.731084 0 0.32390019 -0.14809974 347.5 5 0.86892033 1 5 0 0 1655.0929 1737.5 1.04979 3.120086e-05 -0.010842298 -0.097309388 0.094896622 0.12824097 -0.0035210168 0 0 -0.019026823
-0.0063085966 330.76736 -1.907261e-05 -0.011604379 7.2148867 11.328051 -11.382188 -0.054137919 0.0015846625 0.21624307 9.8794985 0.97217637 0.48306525 -0.0011745918 0.034724019 399.99042 6.4040818 -0.009590528 14.043748 13.183131 14.969234 0 0.32855132 -0.14503852 347.5 5 0.868797 1 5 0 0 1632.6901 1737.5 1.0641947 3.013459e-05 -0.01047177 -0.15317878 -0.099814028 -0.037367333 -0.036273055 0 0 0.0058438657
-0.079436116 331.05954 -0.0002399451 0.0020516184 7.2484031 11.413614 -11.435967 -0.022352789 0.00088971388 0.21606685 9.9246864 0.97200274 0.48333734 0.0002067187 0.034678299 400.00687 6.3955073 0.0068662921 14.112793 13.258885 15.026991 0 0.32934016 -0.14366294 347.5 5 0.86876214 1 5 0 0 1641.7974 1737.5 1.0582913 3.1168449e-05 -0.010831036 0.013114166 0.0011497783 -0.003878145 0.0078000706 0 0 0.00020918301
-0.049447581 331.57916 -0.00014912753 0.003184034 29.708157 44.534031 -44.488216 0.045811813 0.00046594781 0.096934147 41.708145 0.99465489 0.21420909 7.6340817e-05 0.030382875 399.97647 22.960827 -0.023527628 48.949997 45.802872 52.240135 0 0.41828206 -0.052673075 345 20 0.86290354 0 20 0 0 6908.9805 6900 0.9987002 0.00040903626 -0.14111751 -0.034790896 0.03265506 0.030933954 -0.0022105926 0 0 -0.0014933371
0.24774471 331.29306 0.00074781134 0.31549603 21.344193 72.185806 -88.727798 -16.541992 0.20143904 1.9083569 8.5315943 -0.20376083 1.9949603 0.036979724 -0.66769415 415.68198 6.5769572 15.681983 -56.18557 -67.724625 -43.221027 1 0.351576 -0.14245395 349.99994 3.4310539 0.81004769 1 3.4302616 0.0052910615 0.010582123 1110.6141 1200.8687 1.0812654 -0.03793633 13.277714 -5.8776622 -26.841597 11.992564 -0.41558969 -7.4735144e-05 -0.0001494703 -2.3772705
0.005611287 331.30768 1.6936785e-05 0.021212207 42.058372 127.72351 -128.31557 -0.59206003 0.0025726482 1.8510196 19.335283 -0.25335312 1.7241679 0.0010970724 -0.67866534 537.22937 19.752546 137.22939 -100 -100 -100 1 0.39877048 -0.20806067 349.15369 5.7238741 0.63075155 1 5.8669667 12.020347 16.546715 2432.7952 1988.1189 0.81721586 -0.0294868 10.295425 14.907196 0 0.20750944 0.053764235 -0.84629965 2.2927272 0.32518944
-0.06716983 330.50436 -0.00020323432 0.81126279 30.3209 46.854317 -43.716568 3.1377475 0.023201706 0.089893468 42.583912 0.99530733 0.20525819 0.01905092 0.0319889 402.51868 25.518951 2.5186684 50.053711 44.534904 54.970192 0 0.43185741 -0.044402998 345 20 0.85746819 0 20 0 0 7031.5469 6900 0.98129189 0.00042597021 -0.14695972 8.3849993 0.038105704 -1.3397142 1.4461964 0 0 0.042255621
-0.047916643 331.79221 -0.00014441762 -0.018368777 29.520678 43.525707 -43.772964 -0.24725617 0.0014685827 0.057085555 41.670845 0.99887478 0.14455989 -0.00044080641 0.010091755 399.90555 22.192356 -0.094439022 46.648762 43.53643 49.862125 0 0.51757759 0.047071379 345 20 0.86303395 0 20 0 0 6911.041 6900 0.99840242 0.00038286287 -0.13208769 -0.14175227 0.10576766 0.078845248 -0.015956484 0 0 0
-0.047007985 331.27338 -0.00014190089 -0.013019255 29.541216 43.522755 -43.53463 -0.011873802 0.00039786941 0.055994235 41.702881 0.99892974 0.14174634 -0.00031219079 0.0089494772 399.95795 22.074865 -0.04206733 46.582817 43.519073 49.750965 0 0.51757771 0.046117108 345 20 0.86291814 0 20 0 0 6905.8604 6900 0.99915141 0.00037959818 -0.13096137 -0.048621502 0.039657824 0.012663508 -0.037670687 0 0 -0.00078186102
-0.009242814 330.79507 -2.7941207e-05 0.32100102 29.483313 44.139412 -42.732346 1.4070696 0.010262638 0.054722924 41.619492 0.99891305 0.14716385 0.0077127572 0.0069980123 424.07004 21.437445 1.4669795 46.948235 43.106796 50.63232 0 0.54776561 0.045445278 345 20 0.81378698 0 20 0 0 6882.2891 6900 1.0025734 0.00029761667 -0.10267775 3.164212 -1.1318244 -1.043175 0.42169997 0 0 0.034348555
-0.014516714 330.49326 -4.3924385e-05 0.012541772 29.593529 43.584171 -43.571995 0.012176605 0.0003291239 0.055254165 41.777542 0.99888748 0.14850631 0.00030020368 0.0069828606 422.57074 21.08242 -0.032295864 46.994568 44.097759 49.986465 0 0.54681182 0.045862515 345 20 0.8166815 0 20 0 0 6902.2422 6900 0.99967515 0.00030641802 -0.10571422 0.060479842 0.13499208 0.072368518 0.040067583 0 0 -0.0023266547
-0.10274427 330.77313 -0.00031061855 0.007189319 29.518742 43.591335 -43.615101 -0.023765389 0.00040244003 0.056491915 41.669178 0.99888372 0.1504052 0.00017253325 0.0058943089 422.61011 20.914484 0.0070643625 46.961742 44.089405 49.949867 0 0.54702932 0.046629615 345 20 0.81660438 0 20 0 0 6890.1089 6900 1.0014355 0.00030512598 -0.10526847 0.0039142831 -0.00047043484 -0.0068702665 0.038889892 0 0 9.5616502e-05
-0.020429401 331.44525 -6.1637329e-05 0.0078471275 29.463884 42.59676 -42.582253 0.014506439 0.00023888788 0.028331602 41.646725 0.99948329 0.13860737 0.00018842123 0.0070992811 400.02209 21.513023 0.022093294 46.529972 43.547516 49.588291 0 0.50748843 0.036147974 345 20 0.86276275 0 20 0 0 6901.0649 6900 0.99984568 0.00035985842 -0.12415115 0.019341849 -0.059432492 -0.033445831 -0.015898898 0 0 0.00079765008
6.6470056 330.96872 0.020083487 -1.5941771 29.520906 40.499756 -44.580215 -4.0804605 0.013122853 0.028007528 41.662613 0.99948722 0.14513862 -0.038263977 0.0073304977 400.00052 24.06706 0.0005300286 46.51313 43.378773 50.215652 0 0.51719505 0.045313749 345 20 0.86281598 0 20 0 0 6883.2441 6900 1.0024343 0.00036765559 -0.12684117 -0.13101946 -0.14518793 -0.070975542 -0.070524745 0 0 0.0025413958
-0.006631807 330.56998 -2.0061734e-05 -0.0044760238 29.58021 42.686581 -42.870544 -0.18396504 0.00028368665 0.028717175 41.81094 0.99950159 0.1396036 -0.0001070539 0.0067492197 399.95364 21.595867 -0.046364624 46.760883 43.740177 49.82777 0 0.51885897 0.046251997 345 20 0.86291158 0 20 0 0 6909.9927 6900 0.99855387 0.00036125179 -0.12463187 -0.02570305 0.088988096 0.059915531 0.010317067 0 0 -0.0017632368
-0.083372511 330.60895 -0.00025217864 0.0088789528 29.535385 42.665905 -42.600254 0.06565319 0.00029088001 0.028888825 41.746967 0.99953759 0.14079851 0.00021268497 0.0058915485 400.01443 21.488441 0.014425839 46.765366 43.787277 49.812531 0 0.51989168 0.047427725 345 20 0.86277908 0 20 0 0 6900.418 6900 0.99993944 0.0003596452 -0.1240776 0.014438176 -0.020317834 -0.02960838 0.0053317505 0 0 0.0011345336
0.075489797 331.73972 0.00022755732 0.037100386 14.591578 21.992838 -21.86998 0.12285738 0.0029027543 0.076044373 20.567451 0.9978708 0.24175586 0.0018038396 0.02224502 400.18765 11.394504 0.18765275 25.052469 23.422947 26.749481 0 0.5146988 0.042717114 350 10 0.87467659 1 10 0 0 3410.4543 3500 1.0262562 9.9366e-05 -0.0347781 0.21339455 -0.25083211 -0.12982491 0.052777521 0 0 0.0093963612
-0.01639656 331.43793 -4.9470978e-05 -0.9987303 3.9607532 3.9054973 -7.7647605 -3.8592632 0.19133531 0.11663104 5.2485399 0.98979145 0.61990249 -0.19028726 0.017924117 399.34784 16.363335 -0.65215409 8.224453 6.5692401 11.950013 0 0.50962889 0.039081488 347.5 5 0.87028098 1 5 1.2210199e-07 2.4420379e-07 869.66156 1737.5 1.9979037 0.00012903394 -0.044839296 -10.108623 -7.4713488 -4.1743073 -3.2079315 0.010186854 0.020373708 1.0070474
-0.044920951 331.08893 -0.0001356764 0.057186093 6.9736452 10.809225 -10.541095 0.26813012 0.012462806 0.09895052 9.805521 0.99575567 0.4248977 0.00583203 0.034784153 400.41962 5.7427864 0.419615 13.787605 12.772994 14.772963 0 0.51372498 0.040156376 340.96899 4.9999905 0.86786014 0 5 0.0053672623 0.010734525 1622.2318 1704.8417 1.0509236 0.019178377 -6.5392318 0.76259595 -0.44919854 -0.34149686 0.062068701 -0.00011556762 -0.00023113524 0.048902839
-0.091142118 330.9007 -0.00027543647 0.083235413 7.0542803 10.956529 -10.712773 0.24375539 0.0075764344 0.098870024 9.9177446 0.99554753 0.43103904 0.0083925752 0.038067278 400.27054 5.8898664 0.27052811 13.990816 13.006247 14.95437 0 0.51422256 0.040514089 347.5 5.0000005 0.8681848 0 5 4.1059479e-06 8.2118968e-06 1639.5677 1737.5002 1.0597306 2.5299234e-05 -0.0087914839 0.51312804 -0.13962175 -0.13705891 0.13149709 0.90626931 -0.081455365 0.0061948551
-0.067453727 331.13626 -0.00020370384 -0.026606593 7.0747824 10.764255 -10.901965 -0.13770998 0.0019349727 0.098941535 9.9453096 0.99546099 0.42692572 -0.0026752905 0.036179777 400.03046 5.866396 0.030446017 13.958388 13.110215 14.791718 0 0.51313436 0.040378392 347.5 5 0.86870599 0 5 0 0 1645.5947 1737.5 1.0558493 2.5430971e-05 -0.0088372622 0.05209361 0.011585611 0.046277281 -0.0062351446 0 0 -0.0068969545
-0.0019886955 331.64813 -5.9964023e-06 0.017250793 29.490555 42.587887 -42.495422 0.092463113 0.0012519126 0.028709881 41.683861 0.99946493 0.14105907 0.00041384826 0.0071700546 400.12311 21.584053 0.12310515 46.683884 43.625164 49.796059 0 0.50787085 0.037078101 345 20 0.86254567 0 20 0 0 6911.2046 6900 0.99837881 0.00036070295 -0.12444251 0.31357473 -0.06488695 -0.05015628 0.038165115 0 0 0.0021676593
0.067453466 338.89917 0.00019903698 0.03310591 29.301487 42.279125 -42.163952 0.11517124 0.00094206206 0.032189231 41.409119 0.99823487 0.18336222 0.00079948356 0.082052879 400.29468 21.581747 0.29466993 48.042072 45.018139 51.115032 0 0.5133208 0.053101953 345 20 0.86216646 0 20 0 0 6992.5635 6900 0.98676264 0.0003496978 -0.12064574 0.0601831 -0.72075814 -0.43067524 -0.055651065 0 0 0.01492588
0.024954466 330.89325 7.5415461e-05 0.52163434 22.036995 33.053997 -30.744112 2.3098867 0.022175914 0.031477168 31.126324 0.99954689 0.16833512 0.016758623 0.014658371 401.95905 17.660538 1.9590526 36.01865 32.116341 39.45808 0 0.50912488 0.034032337 342.5 15 0.85225302 0 15 0 0 5149.0112 5137.5 0.99776441 0.00020675988 -0.070815258 4.8244743 -0.75514603 -0.76238322 0.88282275 0 0 0.033273499
-0.082647584 330.74973 -0.00024987952 0.018682824 21.902277 31.750063 -31.762764 -0.012699881 0.0014233242 0.032900594 30.952995 0.99947834 0.17486016 0.00060358696 0.0098806964 400.01074 16.442327 0.010754563 35.75071 33.466801 38.096573 0 0.51682794 0.044304688 342.5 15 0.85640198 0 15 0 0 5118.29 5137.5 1.0037532 0.00020436468 -0.069994904 0.22144929 0.21751219 0.15162213 0.082085811 0 0 -0.0074519627
-0.1974223 331.00397 -0.00059643481 -0.013999731 21.794012 31.556541 -31.677116 -0.12057537 0.0002308884 0.03413048 30.798967 0.99952626 0.17723171 -0.00045455198 0.011117635 399.98642 16.105618 -0.013571438 35.651501 33.407391 37.940842 0 0.51720399 0.044854771 342.5 15 0.85645127 0 15 0 0 5096.6421 5137.5 1.0080166 0.0002011105 -0.068880342 -0.020383673 0.022693522 0.015171433 -0.028751098 0 0 -0.0010092178
-0.020010965 331.63989 -6.033944e-05 -0.0094204601 14.632144 21.409613 -21.442568 -0.032954246 0.00045145457 0.03980805 20.671904 0.99939674 0.23598197 -0.00045571325 0.0187805 399.96368 11.023903 -0.036302943 25.148397 23.597025 26.71998 0 0.50394058 0.032626893 350 10 0.87516207 1 10 0 0 3427.0476 3500 1.0212872 9.446167e-05 -0.033061586 -0.075574063 0.042146351 0.049506888 -0.0012094415 0 0 -0.0032515668
0.065672792 331.08618 0.00019835558 0.024750205 14.683227 21.48675 -21.329891 0.1568581 0.0015578254 0.038835146 20.745178 0.99944437 0.2350726 0.0011930582 0.01909158 400.05899 11.156346 0.058980163 25.238691 23.645575 26.854952 0 0.51005447 0.037618745 350 8.6756639 0.87495434 1 8.6756639 1.0231815e-12 9.3969277e-13 3433.5723 3036.4824 0.88435084 9.5288298e-05 -0.033350904 0.24700014 0.081558593 0.037600715 0.07617528 -2.1702817e-10 -4.3383785e-10 -0.0020357585
0.037486915 330.75629 0.00011333697 -0.011464654 14.651641 21.401083 -21.443489 -0.042406689 0.00097185397 0.040771864 20.698568 0.99939948 0.23919021 -0.00055388635 0.019455368 399.98438 11.003265 -0.015612848 25.254814 23.722307 26.819614 0 0.51541454 0.042507254 350 8.6756639 0.87511653 1 8.6756639 0 0 3422.4329 3036.4824 0.8872292 9.4121366e-05 -0.032942478 -0.029495025 0.0050106039 0.0041566673 -0.012859466 0 0 -0.00012508476
-0.16048199 330.99814 -0.00048484257 0.0040619075 14.613338 21.439831 -21.330597 0.1092346 0.00042363119 0.041287858 20.644337 0.9994027 0.24247572 0.00019675652 0.018334046 400.03989 11.004797 0.039900798 25.25746 23.728367 26.81864 0 0.51565403 0.043134872 350 10 0.87499452 1 10 0 0 3415.9373 3500 1.024609 9.3494928e-05 -0.032723226 0.022885138 -0.090587981 -0.073434263 0.0029227175 0 -5.3290705e-15 0.0045602014
-0.18707719 331.31741 -0.00056464638 0.0031900818 14.591609 21.324783 -21.26536 0.059423212 0.00091239199 0.038899235 20.615433 0.99939567 0.23692362 0.00015474242 0.021397058 400.07285 10.974118 0.072841547 25.111782 23.580935 26.682716 0 0.51411915 0.041841183 350 10 0.87492174 1 10 0 0 3414.3521 3500 1.0250846 9.2618735e-05 -0.03241656 0.091245189 -0.11395667 -0.088007145 0.017986948 0 0 0.005912689
-0.025355058 331.39893 -7.6509168e-05 -0.0043101413 29.488483 42.527748 -42.644531 -0.11678261 0.00021664079 0.028721366 41.680923 0.99946606 0.13846247 -0.00010340801 0.0062985779 399.97723 21.48609 -0.022765923 46.552105 43.560333 49.61396 0 0.51688719 0.045967504 345 20 0.86286038 0 20 0 0 6905.5913 6900 0.99919033 0.00036089387 -0.12450838 -0.05584405 0.010614738 0.021487512 -0.0085017942 0 0 -0.00056035031
21.335537 345.39142 0.061772048 -0.0021635068 0.022726549 0.0004315167 -0.28586677 -0.28543526 3.1178503 1.011124 0.001387805 -0.0022735151 3110.4448 -1.5589415 -1.5131366 452.60806 0.074303754 52.608078 -100 -100 -100 1 0.0088731274 -0.50583982 354.05396 0 0.73702461 1 0 0 0 -0.041583583 0 0 -0.057817977 20.470684 -0.074618153 -1.9967935 -0.061608315 -0.0074418997 0 0 0
0.16317286 330.66287 0.00049347198 -0.74153614 41.034798 58.562691 -65.063797 -6.5011091 0.059452698 0.095931828 57.603008 0.99743235 0.10891107 -0.012873219 0.011407747 377.58313 83.594528 -22.416855 60.030529 37.660328 70.041199 0 0.49125931 0.045541815 343.83588 17.671782 0.91392732 0 20 7.9483256 15.896651 9520.2129 6087.5757 0.6394369 0.0036286355 -1.2476552 36.367653 62.684986 29.059399 5.538208 7.4571638 14.914328 0.14041199
-0.15165064 330.78012 -0.00045846356 -0.15096964 29.759144 42.620365 -43.332916 -0.71255088 0.004952664 0.03041885 42.059994 0.99950373 0.13923192 -0.003589388 0.0044083665 399.16501 22.50845 -0.83498257 46.933521 43.239353 50.394512 0 0.51793224 0.04698047 345 20 0.86462748 0 20 0 0 6955.4854 6900 0.99202275 0.00037401557 -0.12903537 -1.603969 0.98727822 0.89794898 -0.115156 0 0 -0.031267788
0.072961263 331.75775 0.00021992331 0.0075654751 14.538858 21.297621 -21.309338 -0.011716203 0.0016414926 0.039651755 20.540478 0.99943727 0.23713548 0.0003683203 0.019749174 400.15594 11.011081 0.15595751 25.034529 23.493011 26.624514 0 0.51369029 0.041868225 350 10 0.87473994 1 10 0 0 3406.5786 3500 1.0274239 9.254348e-05 -0.032390218 0.070945159 -0.29498613 -0.13327669 -0.0077842097 0 0 0.0097111817
-0.090108044 331.4993 -0.00027181974 2.3235049 9.6143465 20.748611 -26.665232 -5.9166207 0.84793788 0.17740804 9.1374722 0.65711749 0.95687944 0.25428313 0.19644639 410.22446 175.62651 10.224442 2.6635184 -30.517212 39.879738 0.495 0.26082107 -0.21311285 347.5 5 0.84718734 1 5 0 0 1483.9604 1737.5 1.1708534 0.00010632887 -0.036949284 6.0605702 -17.78898 -6.4640803 -3.9010775 0 0 0.57523584
-0.092263736 331.11523 -0.0002786454 4.269177 9.1855249 21.44886 -8.5434322 12.905427 0.80192101 0.3500877 8.5491352 0.7451151 0.77862006 0.49936947 0.33597612 413.36594 174.64018 13.365925 3.8830421 -23.253275 40.678677 0.58999997 0.24380019 -0.24557221 347.5 5 0.8669154 1 5 0 0 1336.046 1737.5 1.3004792 0.031232465 -10.853281 12.088797 -7.3496466 -1.3616955 0.44125161 0 0 0.33634979
-0.0915538 330.91339 -0.00027666998 0.38061401 8.3041611 13.002725 -11.447659 1.555065 0.042342417 0.051020529 11.698846 0.99875742 0.37503806 0.03253432 0.027670801 400.40561 10.681222 0.40561023 16.013702 13.420057 17.761209 0 0.51503414 0.040926404 347.5 5 0.86792499 1 5 0 0 1934.9873 1737.5 0.89793867 6.3407817e-05 -0.022034217 3.7676401 2.5977929 1.4096255 1.0771619 0 0 -0.19708502
0.075506575 331.94046 0.00022747023 0.0084723644 14.472587 21.122456 -21.204811 -0.082354963 0.0012443031 0.041063659 20.445248 0.99936736 0.24393122 0.00041439282 0.019582536 400.10535 11.047759 0.10534913 25.044024 23.497238 26.582413 0 0.51426893 0.043046821 0 0 0 0 0 0 0 3392.6201 0 0 0 0 0 0 0 0 0 0 0
0.052145187 303.15732 0.00017200703 0.089438103 13.286849 20.172249 -19.927254 0.244996 0.021052342 0.046274647 18.734398 0.99649239 0.11387436 0.0047740047 0.090930663 420.83444 12.803106 2.5037181 17.210281 15.394223 19.228167 0 0.53829837 -0.0027709182 350 10 0.83173418 1 10 0 0 2827.9316 3500 1.2376537 6.3947671e-05 -0.022381686 -1.2708639 -5.1741824 -1.2170194 1.365966 0 0 0.14718442
-0.060389485 331.16467 -0.00018235485 0.91143793 15.244408 23.870449 -20.208046 3.6624031 0.05462382 0.038208123 21.457285 0.99943578 0.23116443 0.042476851 0.027686687 421.64407 13.607481 3.3133345 26.499464 21.925787 30.069061 0 0.53641772 0.036729578 350 10 0.83016574 1 10 0 0 3551.645 3500 0.98545885 9.8445387e-05 -0.034455884 8.4408436 -0.99736446 -1.1576613 1.6409006 0 0 0.069727093
-0.040126245 330.80603 -0.00012129841 0.0012993362 14.826115 21.690578 -21.615055 0.075522684 0.0018972313 0.041128352 20.944727 0.99933451 0.2467397 6.2036437e-05 0.016675059 418.09277 11.385687 -0.23795542 25.705324 24.027588 27.266384 0 0.53850091 0.042683687 350 10 0.83720487 1 10 0 0 3463.7405 3500 1.0104684 8.3690145e-05 -0.02929155 0.00061037764 0.65712273 0.43429205 0.10495637 0 0 -0.030769637
-0.14880893 330.96237 -0.0004496249 -0.023305567 14.579182 21.259819 -21.372662 -0.11284327 0.00064218813 0.042116769 20.594641 0.99938411 0.25038072 -0.0011316326 0.016174192 418.30273 10.529744 -0.028001981 25.374258 23.88957 26.887625 0 0.53894812 0.043094493 350 10 0.83678001 1 10 0 0 3407.5144 3500 1.0271417 7.8147234e-05 -0.027351532 -0.11082164 -0.023138931 -0.0089721782 -0.051933162 0 0 0.0008102032
0.097412914 331.59717 0.00029376883 -0.0048945877 14.638096 21.288797 -21.461084 -0.17228711 0.00058149669 0.039820217 20.680443 0.99937683 0.23612446 -0.00023667714 0.018340822 399.96487 11.09141 -0.035118729 25.158295 23.601278 26.724144 0 0.50875288 0.037160069 350 10 0.87515903 1 10 0 0 3428.1084 3500 1.0209712 9.3934614e-05 -0.032877114 0.013783411 0.095297694 0.051395394 0.025592215 0 0 -0.0026147095
0.039095651 331.19513 0.00011804415 0.0022438313 14.627929 21.437693 -21.326988 0.11070488 0.0005896716 0.039359681 20.666824 0.99942684 0.23608325 0.00010857165 0.017939677 400.01733 10.975418 0.017330635 25.14991 23.627323 26.708714 0 0.51413107 0.041729644 350 10 0.87504512 1 10 0 0 3421.7383 3500 1.022872 9.4910618e-05 -0.033218715 0.021349007 -0.034051441 -0.018437492 -3.5296718e-05 0 0 0.0016945592
-0.017835684 330.90732 -5.3899334e-05 0.0046359263 14.670655 21.40694 -21.492332 -0.085392013 0.0010250513 0.041421756 20.724993 0.99937451 0.23827648 0.0002236877 0.019394277 399.99597 11.066953 -0.0040257461 25.265501 23.735325 26.834539 0 0.51038802 0.037666328 350 10 0.87509173 1 10 0 0 3428.2512 3500 1.0209286 9.4766081e-05 -0.033168126 0.048125241 0.052357193 0.030401938 0.021327445 0 0 -0.0022897727
-0.11151574 330.883 -0.00033702468 -0.010622622 14.676514 21.400225 -21.377865 0.022359764 0.00051392964 0.041063242 20.733501 0.99938112 0.24088328 -0.00051234092 0.018047877 399.99695 11.086481 -0.0030589863 25.330517 23.798233 26.897638 0 0.5158155 0.042987518 350 10 0.87508959 1 10 0 0 3429.5413 3500 1.0205446 9.471317e-05 -0.033149611 0.042038564 0.050718654 0.03485202 0.020005912 0 0 -0.002752604
-0.14595513 331.18329 -0.00044070804 -0.036964074 14.62689 21.304176 -21.301945 0.0022310088 0.00020010631 0.039974824 20.664352 0.99936354 0.23566297 -0.0017887846 0.018397544 399.94254 11.030589 -0.057473619 25.127346 23.554974 26.722628 0 0.51405573 0.041785698 350 10 0.87520707 1 10 0 0 3421.2004 3500 1.0230327 9.2954906e-05 -0.032534216 -0.18331702 0.011217683 0.040799886 -0.044320781 0 0 -0.0028087145
0.072460011 331.50357 0.00021857988 0.014370793 29.397392 42.508469 -42.394188 0.11428279 0.00070141029 0.028821966 41.552135 0.99947935 0.13924389 0.00034584969 0.006975275 400.14206 21.55645 0.14204568 46.460499 43.465176 49.53812 0 0.51274002 0.041289192 345 20 0.86250287 0 20 0 0 6886.7251 6900 1.0019276 0.00035843885 -0.1236614 0.090592355 -0.25491786 -0.12730627 0.013216158 0 0 0.0046833665
-38.898548 331.13358 -0.11747088 9.1052437 30.049438 52.22921 -30.039728 22.18948 0.06691581 0.026837926 40.320049 0.99700439 0.29955 0.22582422 -0.0084148189 400.87518 34.733841 0.87518382 44.899174 40.44519 51.388683 0 0.52015978 0.050975107 325.52652 19.997519 0.86111557 0 20 0.078967899 0.1579358 6318.6562 6509.7236 1.0302386 0.060435452 -19.673344 -0.51648861 -3.0325499 -2.0809622 -0.62666243 -0.0027276832 -0.0054553663 0.065941751
-0.044953708 330.75266 -0.00013591337 0.16197555 29.907297 43.497166 -42.86887 0.62829554 0.0036848246 0.028502785 42.268921 0.99933189 0.13843481 0.0038320245 0.0056949388 400.23676 22.924477 0.23675115 47.215397 43.726963 50.601482 0 0.51357281 0.040808763 345 20 0.86231369 0 20 0 0 6989.4839 6900 0.98719734 0.0003757526 -0.12963465 1.4348552 0.70948148 0.35084087 0.42737824 0 0 -0.011958973
-0.085446566 330.57071 -0.00025848197 -0.0071727 29.582535 42.601154 -42.73613 -0.13497661 0.00049107656 0.029284518 41.813858 0.99952018 0.13988434 -0.00017153882 0.0059725051 399.93875 21.599159 -0.061249658 46.788029 43.758183 49.867985 0 0.51930487 0.046756003 345 20 0.86294413 0 20 0 0 6910.5752 6900 0.99846971 0.00036175735 -0.12480628 -0.061091129 0.097181082 0.064406507 0.0042767157 0 0 -0.0019887052
0.025146715 331.66959 7.5818578e-05 -0.0071237991 29.633747 44.341297 -44.482121 -0.1408217 0.00022775952 0.097348839 41.60252 0 0 -0.0001712348 0.030084135 400.02795 22.971882 0.027939776 0 0 0 0 0 0 0 0 0 0 0 0 0 6892.8921 0 0 0 0 0 0 0 0 0 0 0
0.10729705 331.24084 0.00032392456 -1.1085598 21.362513 27.011492 -34.331268 -7.319777 0.13263895 0.1174373 29.056025 0.96953058 0.14001957 -0.038152497 -0.040663037 402.37827 30.245977 2.3782709 29.86388 24.75499 34.088821 0 0.33331925 -0.14190023 341.85284 13.705779 0.84983855 1 13.706999 27.857244 21.338491 4793.7505 4627.6455 0.96534973 0.00030342906 -0.10372809 6.8086557 -0.62779135 -1.4222939 1.0256656 0.0013165114 0.0024577645 0.059515342
-0.037123986 330.82083 -0.0001122178 -0.69570935 27.930704 40.47879 -43.181976 -2.703186 0.018694695 0.098529018 39.181606 0.994524 0.217095 -0.017756017 0.026402192 399.37332 28.415028 -0.62669027 45.895416 42.387535 50.11517 0 0.41673532 -0.054351833 345 20 0.86417931 1 20 0 9.9475983e-14 6476.2383 6900 1.0654333 0.00037724059 -0.13014801 -4.9351416 -3.7699766 -2.6849327 -2.2399175 -3.0653382e-09 -6.1307404e-09 0.094600745
-0.038937621 330.53867 -0.0001178005 0.021413503 29.736557 44.538322 -44.482449 0.055873889 0.00091945229 0.096653864 41.750866 0.9946748 0.21482776 0.00051288761 0.030248383 400.14005 22.945021 0.1400459 49.053574 45.907715 52.369625 0 0.42004991 -0.052848514 345 20 0.86254716 0 20 0 0 6894.3477 6900 1.0008198 0.00040483446 -0.13966788 0.20230322 -0.22755355 -0.17593189 -0.009616009 0 0 0.0057259956
-0.12620565 330.63492 -0.00038170698 -0.011553952 29.771374 44.620899 -44.508476 0.11242455 0.00043348581 0.096806437 41.799442 0.99471945 0.21433367 -0.00027641401 0.029467193 399.99567 22.925005 -0.0043269154 49.089832 45.953697 52.371246 0 0.42040947 -0.05238235 345 20 0.86286038 0 20 0 0 6904.9326 6900 0.99928564 0.00040702507 -0.14042366 -0.0098118121 0.0092789093 0.0074645025 -0.0022317029 0 0 0.00010154163
0.046095144 331.33572 0.00013911913 0.0040575857 29.714945 44.44313 -44.624432 -0.18129912 0.00038307597 0.09712062 41.717743 0.99466419 0.21427889 9.7262833e-05 0.030100262 399.9848 22.962267 -0.015195612 48.970482 45.827312 52.256237 0 0.41918528 -0.052369021 345 20 0.86288381 0 20 0 0 6905.103 6900 0.99926102 0.00040699518 -0.14041333 0.0083320169 0.020483302 0.006787166 0.0008735517 0 0 0.00056079245
0.03662879 330.93042 0.00011068426 -0.7586652 29.323986 42.204803 -45.587944 -3.3831387 0.025175476 0.09638726 41.144451 0.99449241 0.21840054 -0.018439066 0.03030487 401.70294 34.830868 1.7029322 48.642349 44.602409 54.007599 0 0.42057964 -0.053654421 344.99994 19.999958 0.85929394 0 20 5.9676061 0.25972527 6802.0928 6900.1577 1.0144169 0.00052453566 -0.18096477 2.8457899 -2.2319872 -1.8220085 0.11717531 -4.8562732e-05 -0.00013685448 0.05976392
-0.021298554 330.62781 -6.4418513e-05 -0.23622485 30.277283 44.76395 -45.972836 -1.2088845 0.0090104034 0.097335681 42.504517 0.99488926 0.20965207 -0.0055576409 0.029936222 398.31274 25.100336 -1.6872572 49.553101 44.942348 53.632027 0 0.4189027 -0.051588897 345 20 0.86653459 0 20 0 0 7020.5571 6900 0.98282802 0.00043991432 -0.15177044 -2.7606902 2.2603073 1.8107389 -0.072245143 2.8023805e-11 5.6076033e-11 -0.063076742
-0.11221123 330.61508 -0.00033940145 -0.016324934 29.762514 44.51923 -44.650612 -0.13138352 0.00039236026 0.096873254 41.786774 0.99467963 0.21461029 -0.00039067227 0.029998941 399.9704 22.927713 -0.02961164 49.070232 45.914013 52.377838 0 0.4207961 -0.051730029 345 20 0.86291516 0 20 0 0 6901.8921 6900 0.99972588 0.0004072687 -0.14050771 -0.13229567 -0.037578046 -0.0099231191 -0.033661168 0 0 -5.0372378e-06
-0.0019886955 331.64813 -5.9964023e-06 0.017250793 29.490555 42.587887 -42.495422 0.092463113 0.0012519126 0.028709881 41.683861 0.99946493 0.14105907 0.00041384826 0.0071700546 400.12311 21.584053 0.12310515 46.683884 43.625164 49.796059 0 0.50787085 0.037078101 345 20 0.86254567 0 20 0 0 6911.2046 6900 0.99837881 0.00036070295 -0.12444251 0.31357473 -0.06488695 -0.05015628 0.038165115 0 0 0.0021676593
0.067984521 331.11743 0.00020531844 0.020410251 29.516911 42.538177 -42.588272 -0.050094098 0.00030748246 0.028593482 41.721581 0.99949455 0.13818012 0.00048920134 0.0061761909 399.9808 21.552786 -0.019208768 46.60146 43.614761 49.651775 0 0.51753747 0.046051048 345 20 0.86285233 0 20 0 0 6906.5796 6900 0.99904734 0.00036045816 -0.12435807 -0.022640174 0.038417418 0.037615906 0.014666886 0 0 -0.00070965098
0.0427953 351.42471 0.00012177659 -0.073289409 29.660627 42.565113 -43.123287 -0.55817282 0.0045496016 0.025952088 41.921303 0.98736721 0.30270696 -0.0017482617 -0.13111576 399.63693 21.9739 -0.3630555 51.153805 47.861526 54.395031 0 0.51828152 0.080439061 345 20 0.86359978 0 20 0 0 7302.0693 6900 0.94493765 0.0003662931 -0.12637112 -1.0165429 0.23062447 0.41534203 -0.16864507 0 0 -0.012531029
-0.079352736 330.61163 -0.00024001798 -0.40659094 27.784721 39.056538 -41.191883 -2.1353431 0.020396143 0.028052039 39.259079 0.99959081 0.14847016 -0.010356609 -0.0024709993 399.98685 26.850504 -0.013145308 44.203266 40.929485 47.878067 0 0.51797885 0.046212986 345 20 0.8628214 0 20 0 0 6489.1006 6900 1.0633215 0.00033977476 -0.11722229 -3.6398718 -4.0434613 -2.8538995 -2.1206615 0 0 0.094814792
-0.1939702 330.8837 -0.00058621872 0.022286972 29.399893 42.580406 -42.295364 0.28503963 0.001415125 0.028929491 41.555382 0.99954319 0.14134127 0.00053631974 0.0072340784 400.27249 21.550894 0.27249205 46.601048 43.593842 49.697838 0 0.50966936 0.03723171 345 20 0.86221766 0 20 0 0 6874.2251 6900 1.0037495 0.00035364914 -0.12200896 0.29839462 -0.48088133 -0.34514415 -0.013052753 0 0 0.011383822
0.07327687 331.47925 0.00022106021 0.021933286 29.464607 43.483425 -43.574055 -0.090628579 0.00056633767 0.056302171 41.594391 0.99892074 0.14169441 0.0005273135 0.0082576424 400.13312 22.093235 0.13311502 46.474434 43.435276 49.663891 0 0.51737744 0.045781832 345 20 0.86253864 0 20 0 0 6892.3745 6900 1.0011064 0.00037758038 -0.13026524 0.10527136 -0.20451888 -0.086174272 0.034965821 0 0 0.0032443537
-0.0039123357 331.54306 -1.1800385e-05 -0.0026957269 29.524281 43.820812 -44.185802 -0.36498997 0.0018229807 0.05503973 41.677296 0.9988364 0.14387168 -6.4680949e-05 0.00714246 399.93054 22.112709 -0.069455892 46.612343 43.522095 49.83112 0 0.51754677 0.046541903 345 20 0.86297667 0 20 0 0 6906.7529 6900 0.99902225 0.00037895882 -0.13074079 -0.087058149 0.017601943 -0.038737111 -0.021728065 0 0 8.0051177e-05
0.40476957 330.64478 0.0012241827 2.3711534 23.467934 39.176552 -30.075926 9.1006269 0.089948349 0.058502939 32.7827 0.99857312 0.17054909 0.072329417 0.021958109 408.61609 24.390305 8.6160831 38.793701 28.522957 46.597771 0 0.52788097 0.043777388 342.54904 15.098061 0.83799791 0 15.1 2.6685183 5.3370366 5417.5244 5172.1138 0.95470059 -0.00037834767 0.12960263 8.5916357 -7.7771068 -6.0461502 2.3951743 -2.4509699 -4.9019399 -0.046333607
-0.088652834 330.67307 -0.00026809814 0.030383222 22.142656 32.88327 -32.799385 0.083886527 0.0020898283 0.063420735 31.242018 0.99860787 0.17758927 0.00097251148 0.013193932 399.80035 17.754547 -0.19963452 36.031738 33.571552 38.479374 0 0.51735443 0.044558939 342.5 15 0.85686904 0 15 0 0 5164.1465 5137.5 0.99484009 0.00022349498 -0.076547027 0.28763652 0.8507849 0.54081148 0.22962888 0 0 -0.024935955
-0.077056549 330.9079 -0.00023286404 -0.027617885 21.856522 32.387367 -32.481304 -0.093934469 0.0012550151 0.064624481 30.836264 0.99857408 0.17932592 -0.00089563004 0.013011773 400.00687 16.720015 0.0068784733 35.61956 33.342918 37.986191 0 0.51752484 0.045131359 342.5 15 0.85641819 0 15 0 0 5100.9341 5137.5 1.0071684 0.00021364765 -0.07317432 -0.00058774155 0.028319128 0.05120733 0.0033510367 0 0 -0.0022916729
0.092470944 331.34467 0.00027907779 0.029165974 29.496689 42.543091 -42.521118 0.021975532 0.00021866846 0.028270803 41.693367 0.99949646 0.13839146 0.00069953513 0.0068149222 400.0137 21.594646 0.013707949 46.577549 43.603756 49.648712 0 0.50726759 0.036033433 345 20 0.86278057 0 20 0 0 6906.5742 6900 0.99904811 0.0003595594 -0.12404799 0.10441793 0.05448937 0.029227721 0.049104728 0 0 -4.7115056e-05
38.085503 330.93542 0.1150844 -8.8480263 30.800266 31.813581 -53.257195 -21.443613 0.065531313 0.028907282 41.533146 0.99666643 0.28728992 -0.21303532 -0.0095939934 400.48129 37.128448 0.48129246 46.161648 42.300426 52.585712 0 0.51158184 0.042096276 345 20 0.86203951 0 20 0 0 6532.3306 6900 1.0562845 0.0006686959 -0.23070008 0.70528525 -0.7338168 -0.55737925 0.0701221 0 0 0.021510813
-0.038298819 330.69507 -0.0001158131 0.45489919 29.223186 43.199474 -40.965981 2.2334943 0.018730732 0.027604198 41.291931 0.99955851 0.14036644 0.01101666 0.0077159018 402.73392 21.910923 2.7339258 46.578903 42.065716 50.784698 0 0.52173853 0.045961712 345 20 0.85693383 0 20 0 0 6826.9297 6900 1.0107032 0.00033715411 -0.11631817 5.2949872 -2.8623719 -2.3305483 -0.34863988 0 0 0.073172122
-0.10582468 330.66107 -0.00032003972 0.044441056 29.654247 42.831032 -42.796204 0.034826841 0.00077664194 0.02901563 41.915325 0.999529 0.13989401 0.0010602579 0.0058828387 400.09229 21.876066 0.092272855 46.922546 43.860508 50.072701 0 0.51431078 0.041789953 345 20 0.86261469 0 20 0 0 6929.1367 6900 0.99579507 0.00036366581 -0.12546471 0.42661902 0.16760308 0.093121119 0.13314539 0 0 -0.003491201
-0.0042855237 331.633 -1.2922489e-05 -0.013032536 29.550781 43.68784 -43.648903 0.038936142 0.0010228816 0.05702262 41.713264 0.998851 0.14400785 -0.00031243145 0.0090935538 400.02783 22.240187 0.02784366 46.678955 43.608833 49.85482 0 0.5179714 0.047175359 345 20 0.86276841 0 20 0 0 6914.7837 6900 0.99786204 0.00038086105 -0.13139705 0.12228268 0.030193148 0.030103141 0.0053362413 0 0 -0.00054038694
0.071036428 331.36688 0.00021437395 3.8683398 7.932972 13.994861 -5.9953771 7.9994836 616.62543 2.9165115 0.015812648 -0.0027534873 8.3362598 244.63579 -0.099002376 445.01129 0.12224746 45.011292 -98.440933 -100 -85.19323 1 0.18170986 -0.34430453 335 0 0.98000002 0 20 0 0 4.4274287 0 0 0.30182409 -101.11107 -5.1641269 -48.788677 0.58415222 0.53997529 -2.6733148 -5.3466296 -36.790081
0.046876851 331.13593 0.00014156377 3.8885298 7.9590034 13.994847 -5.9953756 7.9994721 149.67006 1.1380023 0.06537728 -0.0019158131 8.3395157 59.478302 1.316681 445.72534 0.11495307 45.725357 -100 -100 -100 1 0.17691495 -0.35028723 335 0 0.98000002 0 10 0 0 3.5910008 0 0 0.30391297 -101.81085 0.089454599 0 0.010539919 0.0076711844 0 0 0
-0.070435025 330.84079 -0.00021289705 -0.10610572 16.026283 23.62002 -24.399418 -0.77939874 0.02013723 0.078274421 22.579195 0.99802923 0.22741024 -0.0046992693 0.022676107 397.28113 18.565832 -2.7188768 26.959448 22.942888 29.524424 0 0.51250923 0.04281085 340 10 0.85596681 0 10 0 0 3733.6658 3400 0.91063321 0.00017488365 -0.059460443 -1.7539376 6.0993543 4.0558748 0.80368966 0 0 -0.31614852
-0.19630376 331.09726 -0.00059288845 -0.034284096 14.230042 21.234091 -21.471703 -0.2376101 0.0029628854 0.079330258 20.052187 0.99774218 0.25270575 -0.0017097435 0.020947497 399.83578 11.132764 -0.16420414 24.610956 22.952703 26.290741 0 0.51591468 0.043436818 340 10 0.85042948 0 10 0 0 3318.4939 3400 1.0245612 9.4569594e-05 -0.032153662 -0.41876602 0.074900649 0.090088189 -0.056053232 0 0 -0.006665465
-0.023043042 331.3956 -6.9533329e-05 -0.0073948232 29.487598 42.501114 -42.66132 -0.1602056 0.00061249739 0.028682142 41.679958 0.99948102 0.13888721 -0.00017741916 0.0059635611 399.9512 21.503475 -0.04880441 46.571602 43.559662 49.64883 0 0.51684439 0.045942649 345 20 0.86291641 0 20 0 0 6905.3901 6900 0.99921948 0.00036075158 -0.1244593 -0.070897706 0.04162997 0.02371444 -0.015241951 0 0 -0.00062625378
0.050097134 330.95511 0.00015137139 0.38330516 22.11067 32.708702 -31.16103 1.5476722 0.015063918 0.027601928 31.243683 0.99957842 0.17099145 0.012268245 0.013760662 401.81857 16.638226 1.8185798 36.183937 32.595371 39.280415 0 0.51384652 0.039339483 342.64581 20 0.85277027 0 20 0.56785011 0.00027389964 5169.4507 6852.9165 1.3256567 3.8290294e-05 -0.01312001 0.67246377 -2.6064489 -1.870535 0.13183559 -0.57069886 1.5451666e-07 0.10193447
0.037901867 330.70807 0.00011460824 0.033311609 17.883705 26.077404 -25.95793 0.11947414 0.0012619827 0.037224717 25.269226 0.99948585 0.20337667 0.0013182678 0.017417686 400.09348 13.458362 0.093481705 29.939127 28.015007 31.898983 0 0.51649809 0.043504123 341.19672 20 0.85291052 0 20 0 0 4177.5933 6823.9346 1.6334606 0.00013837933 -0.047214571 0.3611812 0.069901377 0.0079243211 0.086205035 0 0 -0.00067430182
-0.14639701 330.77521 -0.00044258763 -0.20955177 30.144808 43.173878 -44.044731 -0.87085319 0.0083217332 0.031042371 42.602459 0.99947572 0.13948858 -0.0049187713 0.0033265492 398.38464 24.151176 -1.6153605 47.469139 43.078957 51.248405 0 0.51745385 0.047451314 345 20 0.86633962 0 20 0 0 7045.0566 6900 0.97941017 0.00039534312 -0.13639337 -2.2121303 2.5119185 1.8533307 0.046926271 0 0 -0.064580239
0.076939873 331.6843 0.00023196718 -0.047294382 29.304161 42.188782 -42.358433 -0.16965072 0.0014019693 0.02870932 41.420635 0.99950022 0.1417044 -0.0011418073 0.0068423105 400.00021 21.594276 0.00020815994 46.405178 43.407188 49.492123 0 0.51242483 0.0416876 0 0 0 0 0 0 0 6868.5137 0 0 0 0 0 0 0 0 0 0 0
0.11726765 331.13828 0.00035413497 -0.61082709 33.831036 47.336182 -50.769852 -3.4336712 0.038834691 0.036386758 47.748844 0.99858665 0.13652074 -0.012792501 -0.0096456138 367.71555 45.095062 -8.5029755 52.160912 41.251617 58.484978 0 0.47536078 0.048517007 344.78561 19.571207 0.9386512 0 20 2.2805398 4.5610795 7904.6621 6748.5303 0.85374051 0.0010761416 -0.37103814 -8.9742947 17.170582 11.73075 1.6123325 -0.21439643 -0.42879286 -0.49072129
-0.023396479 330.86002 -7.0714137e-05 -0.10033984 29.820185 42.806328 -43.344639 -0.5383088 0.0039556385 0.029558614 42.148621 0.99950737 0.13251728 -0.0023806198 0.0074474919 375.46964 23.886118 -0.74888778 46.70882 42.891605 50.303608 0 0.47939906 0.041727159 345 20 0.9192872 0 20 0 0 6971.7119 6900 0.98971391 0.00047663224 -0.16443813 -1.201165 0.99960393 0.75093722 -0.064199924 0 0 -0.025584873
-0.031387281 330.56082 -9.4951603e-05 0.0017217804 29.637684 42.739918 -42.932636 -0.19271785 0.001420847 0.029341895 41.891518 0.99949116 0.13454075 4.1100931e-05 0.008035277 376.12125 22.914753 -0.097279035 46.578171 43.334785 49.870399 0 0.4861359 0.047147449 345 20 0.91768062 0 20 0 0 6922.9785 6900 0.99668086 0.00046136839 -0.15917209 -0.13126488 0.10588194 0.057727713 0.011778744 0 0 -0.0020526485
-0.15367493 330.72604 -0.0004646593 -0.0060739098 29.58886 42.692276 -42.686043 0.006232569 0.00035708951 0.029475322 41.822166 0.99954599 0.13436605 -0.00014523182 0.0077277962 376.22537 22.829208 0.006841463 46.53289 43.372662 49.777164 0 0.48674062 0.047774747 345 20 0.91742367 0 20 0 0 6915.1475 6900 0.99780953 0.00045811842 -0.15805085 -0.012191172 -0.022389835 -0.016623339 0.017833291 0 0 0.00068045239
0.094474122 331.34088 0.00028512668 0.023746025 29.49733 42.464027 -42.597321 -0.13329276 7.2027113e-05 0.028570959 41.693939 0.99949378 0.13870694 0.00056953181 0.0067826826 400.00275 21.600084 0.0027514442 46.589405 43.615124 49.659889 0 0.51204413 0.040806375 345 20 0.86280453 0 20 0 0 6906.5747 6900 0.99904805 0.00035998662 -0.12419538 0.1040476 0.070707753 0.026986592 0.030050695 0 0 4.61809e-05
0.044608355 330.9483 0.0001347895 0.012868013 29.517483 42.658859 -42.492161 0.16670163 0.00040914948 0.028301628 41.722954 0.99952829 0.13800398 0.00030841568 0.0064223548 399.99136 21.493202 -0.0086321076 46.601017 43.619556 49.643173 0 0.51235104 0.040418845 345 20 0.86283106 0 20 0 0 6903.2803 6900 0.99952483 0.00036227694 -0.12498555 0.012149886 0.018780831 0.0036943476 0.013954048 0 0 0.00032491726
0.0115135 330.64188 3.482166e-05 -0.4742637 30.075979 42.435623 -44.454338 -2.018713 0.016673051 0.031988099 42.493675 0.99952137 0.13790515 -0.011160807 0.0063064215 397.2139 23.924295 -2.7860951 47.149918 41.777096 51.631153 0 0.51061958 0.04182658 345 20 0.86889446 0 20 0 0 7024.1021 6900 0.98233199 0.00039699697 -0.13696396 -5.0475278 3.0733895 2.4727237 -0.43703741 0 0 -0.087595887
-0.10736348 330.66196 -0.00032469261 -0.046998095 29.49058 42.464806 -42.692577 -0.2277686 0.0013064307 0.029406983 41.683285 0.99952501 0.14100067 -0.0011275045 0.0063739829 399.96091 21.575857 -0.039100509 46.679802 43.679474 49.776516 0 0.51430166 0.042016193 345 20 0.86289346 0 20 0 0 6890.7183 6900 1.0013469 0.00035841527 -0.12365327 -0.25798213 -0.1500746 -0.079564489 -0.089436471 0 0 0.0024209879
-0.0042855237 331.633 -1.2922489e-05 -0.013032536 29.550781 43.68784 -43.648903 0.038936142 0.0010228816 0.05702262 41.713264 0.998851 0.14400785 -0.00031243145 0.0090935538 400.02783 22.240187 0.02784366 46.678955 43.608833 49.85482 0 0.5179714 0.047175359 345 20 0.86276841 0 20 0 0 6914.7837 6900 0.99786204 0.00038086105 -0.13139705 0.12228268 0.030193148 0.030103141 0.0053362413 0 0 -0.00054038694
15.040771 331.09537 0.045427304 -3.5312181 29.764591 39.005939 -48.035809 -9.0298681 0.030501507 0.05501122 41.701363 0.99879205 0.17178306 -0.084678724 0.0072188578 399.76767 28.037771 -0.23232515 46.487194 42.895226 51.183941 0 0.51662755 0.045526668 345 20 0.86337209 0 20 0 0 6849.1084 6900 1.0074303 0.00042971977 -0.14825332 -0.55137098 0.12625794 0.14943892 -0.087971672 0 0 -0.0039102091
0.052502993 330.71414 0.00015875642 -0.16890325 29.938896 43.589275 -44.688107 -1.0988278 0.012960665 0.057534534 42.253971 0.99897575 0.13930321 -0.0039973343 0.013694252 398.27075 23.685293 -1.7292473 46.925838 42.400784 50.936562 0 0.51641315 0.046145152 345 20 0.86659539 0 20 0 0 6984.9507 6900 0.98783803 0.00040461309 -0.13959152 -3.1242831 1.9447505 1.4971137 0.3882724 0 0 -0.0543066
-0.0814813 330.61847 -0.00024645115 -0.036019646 29.550566 43.622887 -43.483109 0.13977873 0.0004208413 0.056158818 41.715546 0.99892402 0.14358801 -0.00086345861 0.0078722844 399.98428 22.073824 -0.01570227 46.682766 43.649235 49.852051 0 0.51862067 0.046309296 345 20 0.86285967 0 20 0 0 6894.4175 6900 1.0008097 0.00037770494 -0.13030821 -0.1351914 -0.085448302 -0.051709723 -0.064088441 0 0 0.0013585214
-0.19140218 330.86011 -0.00057849882 -0.0093482845 29.578112 43.648487 -43.706341 -0.05785349 0.0007582081 0.056229804 41.75378 0.9989351 0.14439617 -0.00022389073 0.00858045 400.01526 22.074493 0.015248963 46.775478 43.753029 49.929653 0 0.5196802 0.0474158 345 20 0.86279321 0 20 0 0 6905.5801 6900 0.99919194 0.00037808678 -0.13043994 0.030834096 -0.00038283027 0.00024702863 0.016971454 0 0 -0.00028158005
-0.025355058 331.39893 -7.6509168e-05 -0.0043101413 29.488483 42.527748 -42.644531 -0.11678261 0.00021664079 0.028721366 41.680923 0.99946606 0.13846247 -0.00010340801 0.0062985779 399.97723 21.48609 -0.022765923 46.552105 43.560333 49.61396 0 0.51688719 0.045967504 345 20 0.86286038 0 20 0 0 6905.5913 6900 0.99919033 0.00036089387 -0.12450838 -0.05584405 0.010614738 0.021487512 -0.0085017942 0 0 -0.00056035031
0.065318063 330.82785 0.00019743823 0.19393176 21.080889 30.867447 -30.387531 0.47991508 0.0087128179 0.045177739 29.741503 0.99676377 0.19213474 0.0065205772 -0.019721903 400.79385 22.216578 0.79386383 34.545849 30.950947 38.058674 0 0.51544589 0.041163098 345 20 0.86110711 0 20 0 0 4917.1611 6900 1.4032487 0.00036649365 -0.12644032 2.1075802 -0.38242412 -0.54328191 0.31378844 0 0 0.035482205
0.015428177 330.54831 4.66745e-05 0.13161947 27.279161 39.502934 -38.83514 0.66779047 0.01716564 0.023942808 38.554585 0.99953282 0.15727839 0.0034138474 0.0069376812 403.61761 25.828388 3.6176043 44.130367 40.567345 47.598396 0 0.52220023 0.045615278 345 20 0.855039 0 20 0 0 6371.7285 6900 1.0829086 0.00031533299 -0.10878988 3.8250053 -7.5596714 -6.0119572 -1.1664093 0 0 0.19457929
-0.15257013 330.77802 -0.00046124629 0.012889661 29.486574 42.546383 -42.462551 0.08382906 0.00091737742 0.029055119 41.677795 0.99954033 0.14136478 0.00030926926 0.0057051335 400.11948 21.514614 0.1194744 46.712639 43.72522 49.792744 0 0.51909196 0.04693396 345 20 0.86255139 0 20 0 0 6892.2915 6900 1.0011184 0.00035828841 -0.12360951 0.18548587 -0.17646085 -0.16085406 -0.016608456 0 0 0.0049455022
0.074167982 331.7554 0.00022356224 0.027975827 14.59149 21.385633 -21.214554 0.17107913 0.0019809096 0.038920127 20.615303 0.99941677 0.23624803 0.0013570418 0.019087626 400.13681 11.022093 0.13680655 25.104259 23.516459 26.722746 0 0.51354289 0.041729029 350 10 0.8747828 1 10 0 0 3419.0083 3500 1.0236887 9.3730239e-05 -0.032805584 0.1546908 -0.15405408 -0.046077739 0.056571797 0 0 0.0035327505
0.049644303 331.30008 0.00014984694 -2.5952103 13.899308 14.355899 -25.289709 -10.933809 0.16878186 0.075683147 18.924978 0.99797624 0.22978123 -0.13713148 -0.0021992389 374.64594 22.686293 -7.982955 21.911072 13.549223 29.150814 0 0.47831383 0.042269178 350 7.8799014 0.93441564 1 7.8799019 1.4799651e-05 2.9599303e-05 3134.6973 2757.9656 0.8798188 0.0002143051 -0.075006783 -21.998737 1.7815338 2.4073865 -5.4043946 -0.0060442155 -0.012088431 -0.21348178
-0.041060995 330.96356 -0.000124065 -0.060691223 14.655215 21.280199 -21.5189 -0.23870032 0.004572243 0.040666863 20.703503 0.99938983 0.2274985 -0.0029314472 0.018949311 382.44736 11.580585 -0.18153249 24.970291 23.219782 26.72135 0 0.49053231 0.041921709 350 7.8798976 0.9152602 1 7.8798976 0 0 3425.3638 2757.9641 0.80515951 0.00011097195 -0.038840182 -0.57647181 -0.028605662 0.045474127 -0.14254671 0 0 -0.0024270068
-0.089505918 330.78568 -0.00027058585 -0.020291634 14.701245 21.360878 -21.484604 -0.12372585 0.0014722201 0.039068624 20.770298 0.99940336 0.23170365 -0.00097695435 0.020575356 382.58182 11.47296 -0.047083873 25.165361 23.535046 26.813452 0 0.49200559 0.042914253 350 10 0.91493964 1 10 0 0 3434.4697 3500 1.0190802 0.00011217433 -0.039261017 -0.11422694 0.037634101 0.037563886 -0.018607035 0 0 -0.0023535616
0.079150267 331.68185 0.00023863309 -0.016877482 29.364853 42.330246 -42.384869 -0.054622442 0.00027229585 0.028709536 41.506802 0.9995138 0.14101078 -0.00040661969 0.0070776753 400.06516 21.546165 0.065151215 46.489033 43.500988 49.524292 0 0.5125919 0.041747112 0 0 0 0 0 0 0 6882.7603 0 0 0 0 0 0 0 0 0 0 0
0.065131001 331.17859 0.00019666427 0.031756096 29.506834 42.70438 -42.631687 0.072694965 0.000525465 0.027873244 41.708427 0.99950677 0.13805535 0.00076138321 0.0072644539 400.021 21.546307 0.02098717 46.584869 43.61425 49.651394 0 0.51762968 0.045845918 345 20 0.86276656 0 20 0 0 6905.7158 6900 0.99917233 0.00036151975 -0.12472431 0.069791578 0.013265429 0.019235771 0.03915092 0 0 -4.710686e-05
-0.029530857 330.87738 -8.9250148e-05 0.0047560944 29.533287 42.582272 -42.760345 -0.17807198 0.00079049316 0.028250335 41.745064 0.99952936 0.13776661 0.00011393191 0.0071731531 399.99896 21.504673 -0.0010259401 46.616344 43.638771 49.662357 0 0.51306289 0.04095003 345 20 0.8628127 0 20 0 0 6905.3862 6900 0.99922001 0.00035999884 -0.12419961 -0.007042658 -0.017243678 -0.00079990207 -0.022823257 0 0 -6.0831702e-05
-0.03253521 330.57278 -9.8420722e-05 0.025677057 29.579926 42.674984 -42.785393 -0.11041009 0.00081306871 0.029277544 41.809586 0.99949008 0.14000075 0.00061414286 0.0066053439 400.0105 21.56839 0.010497879 46.780117 43.808277 49.84367 0 0.51913536 0.046597451 345 20 0.86278909 0 20 0 0 6909.7451 6900 0.99858963 0.00036146687 -0.12470607 0.061521962 0.028162509 0.024230674 0.045688644 0 0 -0.00088750682
-0.15448895 330.7373 -0.00046710469 -0.016738761 29.537003 42.68631 -42.726498 -0.040189434 0.00037401565 0.028931484 41.749439 0.99954838 0.14053155 -0.00040093382 0.0064377673 399.99323 21.494223 -0.0067771324 46.758759 43.771172 49.81168 0 0.51930863 0.046958953 345 20 0.86282462 0 20 0 0 6903.3892 6900 0.99950904 0.00035942247 -0.12400075 -0.0399529 -0.0010121977 0.008367491 -0.0047057257 0 0 -0.00017701022
0.092450015 331.34424 0.00027901499 0.018161058 29.510641 42.5042 -42.536873 -0.032673173 6.9844224e-05 0.028509812 41.712627 0.99947804 0.13862705 0.00043538513 0.0062926537 399.96805 21.641254 -0.03196352 46.597454 43.596146 49.657413 0 0.51197642 0.040801898 345 20 0.86287993 0 20 0 0 6909.7642 6900 0.99858689 0.00036058942 -0.12440334 0.056668315 0.12207679 0.065552197 0.029547792 0 0 -0.0012756075
0.042691052 330.95721 0.00012899266 -0.1862866 28.10677 40.235378 -40.917568 -0.68219167 0.0058736769 0.029908322 39.724735 0.99943072 0.11390561 -0.0046894359 0.0068185478 400.31998 21.925131 0.31997138 43.3456 40.37254 46.370014 0 0.50352979 0.031201418 329.63513 19.996895 0.87616289 0 20 0.049084604 0.098169208 6572.8262 6591.6797 1.0028683 0.064041622 -21.110369 -1.3126923 -1.7336761 -0.39805087 -0.53738767 -1.5966922 0.18654428 0.018847518
-0.023989815 330.6781 -7.2547344e-05 0.13654594 27.359953 39.632721 -39.106606 0.52611434 0.0055120513 0.030721448 38.666885 0.99917114 0.088177927 0.0035313405 0.016009711 401.26828 23.751556 1.2682873 35.139378 31.462667 38.704784 0 0.44944885 -0.025055092 329.06488 18.856359 0.95948416 0 20 3.1718605 6.3437209 6391.9868 6206.749 0.97102028 0.17001419 -55.945698 0.3350676 -2.1071992 -1.137535 0.020646084 -0.46462354 -0.92924708 -0.0085205352
-0.09179873 330.63715 -0.0002776419 -0.74614394 28.040571 38.911667 -42.131927 -3.220259 0.02203737 0.031764198 39.604565 0.99945712 0.15069999 -0.018839847 0.0039615952 399.22253 26.990993 -0.77748036 44.529362 40.970482 48.64053 0 0.51775444 0.046784889 345 20 0.86447972 0 20 0 0 6546.6279 6900 1.0539777 0.00034715625 -0.11976891 -5.6462188 -3.4001622 -1.8618103 -2.0736651 0 0 0.06431058
-0.14795619 330.95596 -0.00044705704 -0.029780559 29.465031 42.522255 -42.535294 -0.013038449 0.00025931382 0.028460413 41.648071 0.99949843 0.13802357 -0.00071505253 0.0064125243 399.99631 21.495913 -0.0036847414 46.512875 43.527294 49.575771 0 0.5176059 0.045663029 345 20 0.86281514 0 20 0 0 6891.1655 6900 1.001282 0.00035618039 -0.12288223 -0.18445842 -0.13455243 -0.057170097 -0.065149747 0 0 0.0019207718
-0.036950421 331.86203 -0.00011134271 1.5748696e-05 0.0026882605 0.028350692 -0.025169173 0.0031815188 0.031907529 0.56762159 0.00056000327 -0.028873069 26304.99 0.015748695 1.3745387 446.50388 0.073294044 46.503864 -100 -100 -100 1 0 -0.52681273 350.8111 0 0.74590778 1 0 0 0 0.018442769 0 0 -0.05062665 17.760391 -0.073636442 -3.9843895 -0.020025255 0.00088508159 0 0 0
0.04356971 331.23441 0.0001315374 -3.0096879 5.9374747 0.22833891 -15.988734 -15.760395 0.66608435 0.35601771 5.2677398 0.13966657 2.9577944 -0.5713433 -0.21747597 343.01947 16.416969 -56.980534 -16.934364 -65.385864 26.66082 0.66500002 0.096470565 -0.28815371 336.6347 3.2694259 0.97813368 0 10 5.0233049 10.04661 851.98584 1109.108 1.3017915 -0.0033146029 1.1158104 -47.399632 74.095787 5.9346929 -3.009872 -3.3650217 -6.7300434 -66.69455
-0.032345943 330.83994 -9.7769167e-05 0.49820852 12.32027 18.964531 -16.511473 2.4530582 0.059466895 0.039145719 17.349575 0.9993425 0.26951003 0.028715892 0.041324887 404.87399 13.197692 4.8739982 22.205381 19.465452 25.232225 0 0.5152595 0.036421198 340 10 0.83983284 0 10 0 0 2867.7314 3400 1.1856061 7.7894714e-05 -0.026484203 6.2646718 -7.7847023 -5.5309601 -0.06877733 0 0 0.36996782
-0.077674352 330.80634 -0.0002348031 0.091066994 14.319064 21.079905 -20.703321 0.37658325 0.0070712296 0.039998934 20.228422 0.99944949 0.24475245 0.0045019328 0.019935485 400.36307 11.100656 0.36306781 24.858049 23.02652 26.609371 0 0.51675534 0.043307554 340 10 0.84930611 0 10 0 0 3345.2031 3400 1.0163807 9.05548e-05 -0.030788634 1.0575128 0.0070994813 -0.072796151 0.19795074 0 0 0.0052121021
0.069163442 331.50735 0.00020863321 0.0055528632 29.416399 42.537369 -42.442547 0.09482082 0.00057157705 0.028690599 41.579693 0.99949169 0.13856405 0.00013354748 0.0060817553 400.09766 21.537188 0.097667694 46.46191 43.475601 49.523563 0 0.51695621 0.045566361 345 20 0.86259902 0 20 0 0 6891.4365 6900 1.0012426 0.00035902191 -0.12386256 -0.025437461 -0.2219722 -0.074155681 -0.01169793 0 0 0.0028638495
-0.018033493 331.11435 -5.4463035e-05 0.00048871845 29.501572 42.676849 -42.737106 -0.060257431 0.00051100721 0.028583262 41.699821 0.99950284 0.13852893 1.1719917e-05 0.0073300018 399.99976 21.498976 -0.00024881717 46.59227 43.607269 49.638687 0 0.51769602 0.045922905 345 20 0.86281246 0 20 0 0 6902.916 6900 0.99957758 0.00036166026 -0.12477279 0.018959951 -0.0091916006 -0.015339834 -0.019921534 0 0 0.00053024665
1.1125726 330.90717 0.0033621893 -0.22841579 29.492182 42.261314 -42.809715 -0.54840189 0.0021398524 0.027745619 41.686005 0.99939728 0.14140922 -0.0054794359 -0.0013217217 400.09476 21.728956 0.094758205 46.652588 43.69651 49.751583 0 0.51352215 0.041315831 345 20 0.86260337 0 20 0 0 6896.3096 6900 1.0005351 0.00035677713 -0.12308811 0.070006192 0.15207094 0.19293357 0.93253511 0 0 -0.0053679557
-0.086672835 330.57239 -0.00026219018 -0.042487457 29.327812 42.126774 -42.44796 -0.32118613 0.0013145356 0.028597515 41.453827 0.99952292 0.1403766 -0.0010249345 0.0069431136 400.09952 21.700609 0.099506021 46.410397 43.395508 49.472218 0 0.51929271 0.046607949 345 20 0.86258888 0 20 0 0 6851.0591 6900 1.0071435 0.00035182026 -0.12137798 -0.31522968 -0.60873914 -0.38544944 -0.17430374 0 0 0.013256219
-0.081371054 330.81287 -0.00024597306 -0.0079919985 29.537008 42.529224 -42.708412 -0.17918752 0.00064576871 0.028758124 41.74942 0.99953318 0.13968921 -0.00019142778 0.0070213447 400.10046 21.544962 0.10045357 46.729641 43.748299 49.815548 0 0.51421362 0.042016976 345 20 0.86259353 0 20 0 0 6905.0591 6900 0.99926734 0.00035961592 -0.1240675 0.13815184 -0.083336696 -0.024234476 0.0066291159 0 0 0.00099376217
-0.02492699 331.69073 -7.51513e-05 -0.017203728 14.599021 21.203896 -21.28261 -0.078715116 0.00093890849 0.039223924 20.625675 0.99939674 0.23694518 -0.00083409285 0.018310305 400.03024 10.985222 0.030246971 25.116446 23.58769 26.675377 0 0.50872737 0.037033316 350 10 0.8750158 1 10 0 0 3419.9944 3500 1.0233935 9.3645162e-05 -0.032775808 0.065365702 -0.041848116 -0.039075144 -0.012309141 0 0 0.0024223023
-0.035387948 331.20404 -0.00010684637 -0.030351689 14.611701 21.277998 -21.422688 -0.14468983 0.0036261515 0.03978838 20.6429 0.99940819 0.23568779 -0.001470321 0.019638721 399.88956 11.056586 -0.1104289 25.094812 23.474394 26.725821 0 0.5140484 0.041850779 350 17.87262 0.875323 1 17.87262 0 0 3417.792 6255.4165 1.8302509 9.2994909e-05 -0.032548219 -0.36715609 -0.019668428 0.042014264 -0.080921203 0 0 -0.0051766871
-0.0038781874 330.78781 -1.1724094e-05 -0.12142832 13.973131 20.102831 -20.557489 -0.45465848 0.0077820048 0.039203841 19.73966 0.99934602 0.25378358 -0.0061514894 0.016684152 400.46393 12.658585 0.46392182 24.376909 22.720783 25.902103 0 0.51556081 0.042092398 350 10.000003 0.87406021 1 10.000003 9.7453576e-06 1.9490715e-05 3264.3083 3500.001 1.0722029 8.4489038e-05 -0.029571163 -0.51231867 -1.9553714 -1.3310782 -0.57915717 -0.0038593716 -0.0077187433 0.092232116
-0.075141408 330.79529 -0.00022715381 0.00080680399 14.619872 21.327032 -21.39242 -0.065388493 0.0001872283 0.040314775 20.653996 0.99940223 0.24264479 3.9062856e-05 0.018089034 400.05646 10.981809 0.056452647 25.280121 23.749151 26.843975 0 0.51660246 0.04361074 350 10 0.87495816 1 10 0 0 3415.5469 3500 1.0247262 9.3307281e-05 -0.032657549 0.072074614 -0.092794307 -0.075273886 0.0068272036 0 0 0.0054549212
0.077157967 331.43546 0.00023279939 0.0053946269 29.677223 44.465694 -44.448681 0.017015204 0.00053022627 0.097204626 41.66394 0.99463558 0.21465202 0.00012947952 0.030263618 400.01126 22.972471 0.011263266 48.917343 45.779388 52.195881 0 0.41835549 -0.053198889 345 20 0.86282808 0 20 0 0 6898.665 6900 1.0001936 0.00040854394 -0.14094765 -0.0028015033 -0.051675789 -0.031149887 -0.010476782 0 0 0.0015634206
-0.024746729 331.0462 -7.4753101e-05 0.00019208649 29.739216 44.507427 -44.572392 -0.064964831 0.00051197608 0.096762694 41.754944 0.99471152 0.21410546 4.6003292e-06 0.030334054 399.98807 22.956856 -0.011930298 49.014591 45.872555 52.297779 0 0.41917467 -0.052897733 345 20 0.86287892 0 20 0 0 6905.4614 6900 0.99920911 0.00040945451 -0.14126182 0.0037151151 0.0065580639 0.00237428 -0.0061629307 0 0 0.00013701933
-0.045137148 330.73672 -0.00013647455 0.0018996303 25.47719 37.928806 -37.923683 0.0051246551 0.00050367689 0.094990015 35.763908 0.99444097 0.21820182 5.3115848e-05 0.042409442 399.97281 24.686634 -0.027197186 42.335598 39.035381 45.996185 0 0.3596248 -0.11434536 343.57526 17.150518 0.9643442 0 20 5.2859898 10.57198 5907.3477 5899.9565 0.99874884 0.12264039 -42.136204 0.028078303 0.047009028 0.029647565 0.0017258662 0.0097847478 0.019569496 -4.0300762e-05
0.052168701 330.32867 0.00015792968 -2.9018025 28.78301 37.102898 -48.730793 -11.627897 0.089168943 0.11781283 39.885601 0.99409962 0.21451066 -0.072753131 0.018607108 416.57938 32.442055 -10.817264 45.475658 33.416965 55.351578 0 0.42843464 -0.065768659 345 20 0.82851034 0 20 0 0 6584.4722 6900 1.04792 0.00040673127 -0.14032228 -27.622601 4.5582123 6.1659203 -4.6215572 0 0 -0.28303948
-0.093011476 330.76245 -0.00028120328 0.018222285 29.446239 44.244698 -44.113274 0.1314235 0.0017417464 0.09920568 41.323875 0.99412209 0.22691593 0.00044096267 0.027427558 427.84805 21.574812 0.45139629 49.077309 46.075165 52.229473 0 0.44643494 -0.060380299 345 20 0.80660617 0 20 0 0 6829.4937 6900 1.0103239 0.00030400796 -0.10488275 0.34004444 -0.91260266 -0.64095283 -0.11239778 0 0 0.021881256
-0.07053709 331.52417 -0.00021276606 0.33410904 30.167198 49.526672 -46.655331 2.8713396 0.0055469233 0.045310397 42.406033 0.99487615 0.10221121 0.0078788092 0.027432516 399.86356 21.943567 -0.13643512 41.321686 38.206326 44.537743 0 0.44295645 -0.028212754 345 20 0.8631233 0 20 0 0 7023.7681 6900 0.98237866 0.00038132237 -0.13155621 -0.13182612 0.16902483 -0.40377161 0.20453912 0 0 0.011831678
0.014836048 331.09991 4.480837e-05 0.67365766 22.583626 39.128101 -35.317043 3.8110559 0.071227044 0.051715922 31.480145 0.99069571 0.13751343 0.021399446 0.044151302 388.17004 38.260536 7.7388201 32.040977 26.219727 44.045692 0 0.42916515 -0.024441866 345 20 0.88943857 0 20 0 0 5206.5669 6900 1.3252494 0.0007345386 -0.25341582 -11.772235 -9.340003 -7.3510432 0.55071133 0 0 0.33438697
0.093222365 330.94553 0.00028168492 9.1389008 9.1899729 9.3292227 2.7586625 12.087886 3.6936936 1.240092 0.10145751 -0.010579909 4.6510258 90.076134 -1.302966 385.01318 0.040693421 10.101359 -70.583405 -78.616219 -62.54377 1 0.47 0.017031573 335.00079 0.0015999649 0.98000002 0 20 0.0061848895 0.012369779 4.9269161 0.53599602 0.010719921 0.12630458 -42.312134 -0.0031987741 -16.167395 0.027336849 0.029390113 -0.0022868605 -0.004573721 -0.030644989
0.0022245408 330.83411 6.7240371e-06 9.1995974 9.2365675 9.3292246 2.0106018 11.339826 2.4063754 1.0540124 0.10675089 -0.011712442 6.759872 86.178177 -1.446508 384.82977 0.035466846 9.9179478 -100 -100 -100 1 0.47999999 0.027150426 335 0 0.98000002 0 15 0 0 2.0500214 0 0 0.12577072 -42.13319 -0.027081646 0 -0.010608813 -0.021860652 0 0 0
-0.1831113 331.02414 -0.00055316597 0.10290573 22.29183 38.213619 -37.184753 1.0288674 0.014936457 0.068269134 31.174021 0.99052852 0.14151627 0.0033010091 0.037600655 376.84964 17.728628 1.9378052 29.882097 26.518888 33.188999 0 0.44963679 0.0097662657 342.5 15 0.90908462 0 15 0 0 5154.689 5137.5 0.99666536 0.00025757466 -0.088219322 4.0318756 -1.9526029 -1.7840617 0.15418793 0 0 0.075604498
0.079032667 331.93585 0.0002380962 -0.0045758313 14.595319 21.278427 -21.321217 -0.042789284 0.0031272683 0.040687487 20.618708 0.99933523 0.24199662 -0.0002219262 0.018709712 399.95154 11.028175 -0.048452038 25.200087 23.627659 26.787081 0 0.50932252 0.038265906 0 0 0 0 0 0 0 3421.3723 0 0 0 0 0 0 0 0 0 0 0
0.073218249 331.41788 0.00022092424 0.0053588091 14.626908 21.349371 -21.3333 0.016071435 0.0013320307 0.039507542 20.664881 0.99939781 0.23671684 0.00025931964 0.018247509 399.97839 11.003432 -0.021606181 25.15521 23.610474 26.718596 0 0.51402473 0.041895576 350 10 0.87513 1 10 0 0 3423.8186 3500 1.0222504 9.4568393e-05 -0.03309894 -0.0078716027 0.035642669 0.014294554 -0.014474282 0 0 -0.00036196949
-0.031743292 331.11603 -9.5867581e-05 -0.026584161 14.554482 21.161062 -21.342876 -0.18181591 0.0018412556 0.039193973 20.562862 0.99940622 0.23776592 -0.001292824 0.01848289 400.0184 11.02113 0.018413216 25.049654 23.515276 26.62726 0 0.50961149 0.037028454 350 16.420126 0.87504017 1 16.420126 0 0 3403.6458 5747.0444 1.6884966 9.1937691e-05 -0.03217819 -0.14604044 -0.22226679 -0.14440344 -0.090531267 0 0 0.016472768
-0.039458219 330.79922 -0.00011928147 -0.017031834 14.657327 21.427513 -21.376804 0.050708041 0.00055774068 0.04052325 20.706656 0.9993515 0.23976032 -0.00082252943 0.019071227 399.98651 11.013535 -0.01347529 25.268431 23.729755 26.836864 0 0.51569998 0.042744007 350 16.420126 0.87511188 1 16.420126 0 0 3424.1482 5747.0444 1.6783866 9.4190422e-05 -0.032966647 -0.010305576 0.0043097879 -0.0055320268 -0.022749096 0 0 0.0004852367
-0.14843921 330.95294 -0.00044852062 -0.018069291 14.603503 21.361792 -21.362831 -0.0010397461 0.0013291751 0.041415952 20.62966 0.99939853 0.24300507 -0.00087588897 0.017128287 400.01944 11.012676 0.019426806 25.253914 23.717731 26.813343 0 0.5161947 0.043377195 350 10 0.87503862 1 10 0 0 3413.1565 3500 1.0254438 9.2720125e-05 -0.032452043 -0.037879627 -0.11666989 -0.084834449 -0.06147296 0 0 0.0061232159
0.077763863 331.68359 0.00023445193 -0.022781027 29.428902 42.392479 -42.524361 -0.13188444 0.00086012221 0.029214785 41.596333 0.99946821 0.14165412 -0.00054766913 0.0063809669 399.94653 21.533447 -0.053474046 46.589279 43.567184 49.672028 0 0.51257658 0.041880198 0 0 0 0 0 0 0 6897.623 0 0 0 0 0 0 0 0 0 0 0
0.043385375 331.22171 0.00013098591 1.6103806 32.784069 50.283291 -44.09993 6.1833596 0.038457673 0.03066848 46.242111 0.99949312 0.11439682 0.034824979 0.013767311 378.78983 35.916721 1.3883561 50.897041 42.920158 57.159012 0 0.48967782 0.046790969 345.00018 20.000385 0.91154218 0 20 0.0026145058 0.0052290116 7656.9907 6900.1367 0.90115517 0.00081945187 -0.28271106 11.987923 8.1757145 4.1583519 4.9610114 0.07479275 0.1495855 -0.13546951
-0.026099997 330.86478 -7.8884186e-05 -0.028227342 29.860003 42.964813 -43.157623 -0.19280863 0.0024211803 0.029587233 42.205135 0.99951583 0.13038036 -0.00066881301 0.0086447829 376.90311 23.902918 -0.4983609 46.724178 43.127266 50.150406 0 0.48156396 0.041722711 331.70795 20.000397 0.91578555 0 20 0.050369538 0.10073908 6981.1367 6634.291 0.95031679 0.040561207 -13.454475 -0.55761206 0.90960515 0.72338384 0.087241635 0.083969772 0.16793954 -0.015207882
-0.031403672 330.56244 -9.5000716e-05 0.0086773792 29.641319 42.76643 -42.742771 0.023659395 0.00090543652 0.02916549 41.896725 0.99948788 0.13382363 0.00020711354 0.0081439931 377.36469 22.808626 -0.036771022 46.56654 43.384418 49.806946 0 0.48771283 0.046875365 331.70776 20.000013 0.91465026 0 20 0.049637195 0.099274389 6923.8608 6634.1602 0.95815903 0.04054461 -13.448961 -0.043898746 0.03863848 0.03359928 -0.011392312 1.4023718e-05 2.8047436e-05 -0.0011859321
-0.15444006 330.7258 -0.00046697314 0.0570664 29.684191 42.867462 -42.633949 0.23351061 0.0017984193 0.029269191 41.956959 0.99954295 0.13430257 0.0013601177 0.0078278463 377.49112 23.076174 0.089656189 46.699429 43.49099 50.037609 0 0.48858157 0.047670744 345 20 0.9143461 0 20 0 0 6937.4482 6900 0.99460196 0.00045664358 -0.15754203 0.41016442 0.17160909 0.087847129 0.1514864 0 -3.5527137e-14 -0.0028693574
-0.0824624 331.05478 -0.00024908991 -0.016739944 29.570559 42.677895 -42.771328 -0.093431391 0.00051630597 0.029062955 41.79668 0.99948716 0.13235819 -0.00040050893 0.0077352966 377.39853 22.795086 -0.0029448555 46.399681 43.249584 49.634308 0 0.48638934 0.046566557 345 20 0.91456938 0 20 0 0 6917.7007 6900 0.99744123 0.0004554684 -0.1571366 -0.0178195 0.016474517 0.012768572 0.022904024 0 0 -0.00039636565
0.092450015 331.34424 0.00027901499 0.018161058 29.510641 42.5042 -42.536873 -0.032673173 6.9844224e-05 0.028509812 41.712627 0.99947804 0.13862705 0.00043538513 0.0062926537 399.96805 21.641254 -0.03196352 46.597454 43.596146 49.657413 0 0.51197642 0.040801898 345 20 0.86287993 0 20 0 0 6909.7642 6900 0.99858689 0.00036058942 -0.12440334 0.056668315 0.12207679 0.065552197 0.029547792 0 0 -0.0012756075
0.031611726 331.07004 9.548349e-05 -6.4856615 18.746637 13.767635 -36.107426 -22.33979 0.32229343 0.027356321 23.654655 0.98376673 0.29685304 -0.27418119 0.013314651 402.90414 124.09099 2.9041522 29.222456 10.066578 51.145805 0 0.51270413 0.040225282 350.02841 11.758572 0.84577048 1 11.760484 0.24750413 0.49500826 3915.8765 4115.8398 1.0510647 -0.026466373 9.2639828 -1.3398888 -16.075663 -10.279721 -7.002377 3.5864151 -6.7338409 0.10674829
9.4153766e-05 330.87164 2.8456282e-07 -7.0335088 19.418444 12.16098 -41.294693 -29.133713 0.39122105 0.03934487 23.812916 0.97734201 0.28867474 -0.29536527 0.012711416 400.00372 127.26086 0.0037117957 28.364195 7.1802101 52.569008 0 0.49557805 0.026913565 350 11.701759 0.85287601 1 11.701804 0.013556134 0.027112268 3938.6733 4095.616 1.0398465 -0.02527556 8.846446 0.10304508 0.12565695 -0.02245743 0.073445179 2.510014e-05 5.020028e-05 -0.003304021
-0.16344804 330.72949 -0.00049420464 1.2300453 26.523842 40.50288 -35.097233 5.4056478 0.05617445 0.026858028 37.374397 0.99962854 0.164442 0.032911442 0.011952247 408.7197 24.36871 8.719697 43.71471 38.023727 49.59798 0 0.5230698 0.040348537 345 20 0.84435201 0 20 1.0231815e-12 1.3997692e-12 6180.4409 6900 1.1164252 0.00029940691 -0.10329539 14.620955 -12.251172 -10.413548 0.16158095 6.2727793e-08 1.254556e-07 0.31573159
-0.15296651 330.96323 -0.00046218585 0.010262818 29.488514 42.679821 -42.551929 0.12789278 0.0025331913 0.028163789 41.681431 0.99948961 0.13851774 0.00024622038 0.0063437619 400.21204 21.503256 0.21203887 46.597401 43.587498 49.730724 0 0.51795691 0.04574601 345 20 0.86235005 0 20 0 0 6896.873 6900 1.0004534 0.00035616854 -0.12287815 0.42524138 -0.19528762 -0.1745097 0.026173865 0 0 0.005794663
0.07327687 331.47925 0.00022106021 0.021933286 29.464607 43.483425 -43.574055 -0.090628579 0.00056633767 0.056302171 41.594391 0.99892074 0.14169441 0.0005273135 0.0082576424 400.13312 22.093235 0.13311502 46.474434 43.435276 49.663891 0 0.51737744 0.045781832 345 20 0.86253864 0 20 0 0 6892.3745 6900 1.0011064 0.00037758038 -0.13026524 0.10527136 -0.20451888 -0.086174272 0.034965821 0 0 0.0032443537
-0.014328595 331.08679 -4.3277458e-05 0.013944515 29.531799 43.499641 -43.664192 -0.16455187 0.00090246293 0.056138139 41.689011 0.99891233 0.14140692 0.00033448898 0.0083797816 400.0018 22.084929 0.0017989675 46.551823 43.52108 49.701218 0 0.51792943 0.04600421 345 20 0.86282343 0 20 0 0 6899.624 6900 1.0000545 0.00037949401 -0.13092543 -0.015803291 -0.042919863 -0.031217908 -0.0050878236 0 0 0.001112278
-0.041033242 330.72476 -0.00012407068 -0.009214323 29.59182 43.600113 -43.634464 -0.034352805 0.0002921687 0.0555907 41.775265 0.99895418 0.14097069 -0.00022056889 0.0082184942 399.98553 22.048187 -0.014461912 46.640682 43.598019 49.802906 0 0.51840103 0.045863409 345 20 0.86285698 0 20 0 0 6906.3721 6900 0.99907738 0.00037770096 -0.13030683 0.00016401443 0.011404849 0.0041233799 -0.035178937 0 0 -9.885036e-05
-0.085857272 330.55096 -0.00025973987 -0.0046058651 29.616961 43.601967 -43.70079 -0.098821841 0.00023545552 0.056400441 41.808228 0.9988994 0.14319813 -0.00011016648 0.0073617897 399.9808 22.129307 -0.019193182 46.76926 43.720966 49.935131 0 0.51951981 0.04680169 345 20 0.86286879 0 20 0 0 6908.2939 6900 0.99879938 0.00037958944 -0.13095836 -0.012512605 0.032913987 0.029600006 0.007897268 0 0 -0.00076621765
-0.077865101 330.78497 -0.00023539491 -0.036789343 29.5961 43.581337 -43.757637 -0.17630202 0.00096972892 0.056918625 41.778149 0.99893665 0.1428887 -0.00088058814 0.0083632078 400.04126 22.178427 0.041272383 46.74239 43.719875 49.900211 0 0.51942337 0.04717854 345 20 0.86273801 0 20 0 0 6908.46 6900 0.99877542 0.00037917265 -0.13081457 0.036816467 -0.033367135 0.013873938 -0.028258722 0 0 -0.00029946741
0.092470944 331.34467 0.00027907779 0.029165974 29.496689 42.543091 -42.521118 0.021975532 0.00021866846 0.028270803 41.693367 0.99949646 0.13839146 0.00069953513 0.0068149222 400.0137 21.594646 0.013707949 46.577549 43.603756 49.648712 0 0.50726759 0.036033433 345 20 0.86278057 0 20 0 0 6906.5742 6900 0.99904811 0.0003595594 -0.12404799 0.10441793 0.05448937 0.029227721 0.049104728 0 0 -4.7115056e-05
0.044078629 330.94696 0.0001331894 -0.0056574647 29.901602 43.198792 -43.248775 -0.049985789 0.00052629114 0.027752059 42.266651 0.9995665 0.18369521 -0.00013385175 0.0054192585 399.73392 21.201918 -0.26606777 49.175331 46.026192 52.286499 0 0.52655315 0.054975633 345 20 0.83987093 0 20 0 0 6993.1782 6900 0.9866758 -0.026884329 9.2750931 -0.14641199 0.36620155 0.054715954 0.0011934558 0 0 -0.00133356
-0.04700223 330.72211 -0.00014212001 0.6253683 27.196573 40.556305 -37.371082 3.1852219 0.035981722 0.027173229 38.39835 0.99974024 0.14541933 0.016286332 0.019649094 406.01306 24.077433 6.013063 43.878212 39.331497 48.629951 0 0.51971078 0.040214323 345 20 0.84997946 0 20 0 0 6348.5273 6900 1.0868663 0.00029787107 -0.10276552 8.1556835 -9.3580894 -6.9456611 -0.089439869 0 0 0.22150946
-0.11080543 330.66745 -0.00033509627 0.11500339 29.618355 43.03112 -42.540955 0.49016374 0.0039250716 0.028664794 41.864441 0.99953908 0.1398574 0.0027470426 0.0063383207 400.46854 21.867125 0.4685438 46.912304 43.619064 50.227268 0 0.51478338 0.041785296 345 20 0.86180139 0 20 0 0 6920.8926 6900 0.99698126 0.00036042987 -0.12434831 1.2074692 -0.15834694 -0.19278629 0.21581987 0 0 0.0060584503
0.006194321 331.62466 1.8678711e-05 0.015871409 29.708374 44.520035 -44.508446 0.011591418 0.00053696777 0.097051471 41.708084 0.99463457 0.21455447 0.00038053555 0.030789293 400.01407 22.992655 0.01406477 48.969017 45.823742 52.267414 0 0.4192296 -0.05185562 345 20 0.86282218 0 20 0 0 6909.4653 6900 0.99863011 0.00040873804 -0.14101462 0.079543538 0.018376246 0.0036587245 0.025024829 0 0 0.00024567914
0.032956593 331.11713 9.9531528e-05 0.0063550174 29.736841 44.489838 -44.663177 -0.17333727 0.00039574516 0.09682145 41.751286 0.99471158 0.21400818 0.0001522113 0.030081186 399.98434 22.956264 -0.015645413 49.008034 45.86692 52.294445 0 0.41915616 -0.052523222 345 20 0.86288559 0 20 0 0 6906.4087 6900 0.99907207 0.00040791102 -0.14072931 -0.014163173 0.017933201 0.0098101282 0.0018623914 0 0 4.6034675e-05
0.044685554 330.68506 0.00013513025 -0.028781028 29.756268 45.015095 -44.691048 0.32404777 0.0013338376 0.09708143 41.774696 0.99458843 0.21472844 -0.00068895839 0.030007746 399.939 29.511856 -0.061012775 49.039444 44.973782 53.03281 0 0.41950187 -0.05291244 345 20 0.86271113 0 20 0 0 6901.4175 6900 0.99979466 9.223244e-05 -0.031820193 -0.12033723 -0.1628947 -0.090219386 -0.091655701 0 0 0.0031443487
-0.10921699 330.61652 -0.00033034341 0.0088472143 29.825321 45.013851 -44.631599 0.3822507 0.00071312499 0.096506074 41.875797 0.99462098 0.21480648 0.00021127274 0.028496698 400.02402 29.190323 0.024008168 49.157932 45.263287 53.211761 0 0.42210361 -0.050319239 345 20 0.86273396 0 20 0 0 6916.8618 6900 0.99756217 0.00033131629 -0.11430412 -0.06722185 0.063054428 0.056666277 0.05205217 0 0 -0.0024453243
-0.18407895 330.81921 -0.00055643363 -0.0078587551 29.762394 44.540871 -44.527634 0.013236644 0.00030122863 0.096962743 41.784992 0.99467045 0.21466509 -0.00018807601 0.030041547 400.00485 22.939381 0.0048591928 49.078625 45.946968 52.359886 0 0.42009464 -0.052293122 345 20 0.86284065 0 20 0 0 6905.9233 6900 0.99914229 0.000407118 -0.14045571 0.00089514273 -0.0023262354 -0.00054244243 -0.00060830294 0 0 -0.00021193581
-0.12527223 331.15897 -0.00037828425 -0.0056564761 29.720842 44.572094 -44.495739 0.076354027 0.00049886113 0.096940652 41.727737 0.99467993 0.214331 -0.00013555674 0.030113082 400.02103 22.883362 0.021039337 48.996536 45.861496 52.286804 0 0.41917554 -0.052651476 345 20 0.86280578 0 20 0 0 6903.9575 6900 0.99942678 0.00040715732 -0.14046927 0.023743497 -0.014769507 -0.011156132 0.0028687303 0 0 0.00011197374
-0.017252773 331.44104 -5.2053823e-05 0.0041916533 29.466997 42.504498 -42.630989 -0.12649296 0.00034367753 0.028275464 41.651169 0.99948597 0.13870037 0.00010063711 0.0070830216 400.03308 21.515181 0.033078127 46.541489 43.561134 49.599743 0 0.50749767 0.036134098 345 20 0.86273903 0 20 0 0 6901.7207 6900 0.99975067 0.00035987707 -0.12415759 0.065041646 -0.055965826 -0.043643784 -0.013969406 0 0 0.0011637846
-0.035381351 331.29727 -0.00010679638 0.088046186 7.3000159 11.0218 -10.673545 0.34825563 0.010332445 0.064720795 10.285207 0.9616217 0.64942825 0.0085604675 0.067041531 400.2998 19.371 0.29979828 3.9896162 1.3251121 6.7263904 0 0.40835902 -0.066392809 337.6062 5.212379 0.98000002 0 20 5.6053438 11.210688 1700.0564 1768.0027 1.0399671 0.16198641 -54.687614 -0.68665063 -0.55333674 -0.39063078 -0.10100341 -0.14592509 -0.29185018 -0.0028907675
0.021230441 330.5372 6.4230109e-05 0.054379545 33.475662 48.328964 -48.510021 -0.18105926 0.019341365 0.035201572 47.295811 0.99942952 0.11279974 0.0011497751 0.0065988507 394.58856 38.092522 -5.4114389 51.1558 43.151642 55.945271 0 0.51400393 0.047591817 345 20 0.87495965 0 20 0 0 7815.4189 6900 0.88287014 0.00072191545 -0.24906082 -3.933219 12.725989 9.228199 2.2488039 -8.5265128e-13 -1.861622e-12 -0.34491539
-0.08088062 330.60498 -0.0002446443 -0.020031469 29.625685 42.734703 -42.845024 -0.11031973 0.0011605911 0.029348645 41.873756 0.99952424 0.13956907 -0.00047837765 0.0059585804 399.83032 21.864159 -0.16967656 46.833035 43.703537 49.952858 0 0.51956415 0.047304206 345 20 0.86318028 0 20 0 0 6921.2886 6900 0.99692422 0.00036417192 -0.12563932 -0.28669697 0.26940149 0.23872139 0.013415651 0 0 -0.0079417387
0.077157967 331.43546 0.00023279939 0.0053946269 29.677223 44.465694 -44.448681 0.017015204 0.00053022627 0.097204626 41.66394 0.99463558 0.21465202 0.00012947952 0.030263618 400.01126 22.972471 0.011263266 48.917343 45.779388 52.195881 0 0.41835549 -0.053198889 345 20 0.86282808 0 20 0 0 6898.665 6900 1.0001936 0.00040854394 -0.14094765 -0.0028015033 -0.051675789 -0.031149887 -0.010476782 0 0 0.0015634206
-0.12145963 331.40656 -0.00036649735 1.7582948 17.537167 30.895912 -24.196199 6.6997132 0.09223295 0.12838563 24.178507 0.98653513 0.27461323 0.072721399 0.046114672 407.03778 18.947739 7.0377879 30.446444 22.476572 36.699478 0 0.39279941 -0.088578239 340.61752 5 0.83697814 0 5 0 3.9968029e-14 4000.2732 1703.0876 0.42574283 0.00018849999 -0.064206406 20.267118 -2.1132476 -3.8109765 3.1818905 -1.6711397e-09 -3.3425351e-09 0.079360515
-0.052380621 331.06134 -0.0001582203 -0.1657062 6.1084542 9.3564463 -9.9571066 -0.6006608 0.020747663 0.2407113 8.2999191 0.96520358 0.52792901 -0.019964797 0.03180448 400.55496 8.720355 0.55494738 12.13704 11.134953 13.01211 0 0.31201595 -0.16149727 337.5 5 0.84260195 0 5 0 0 1372.8878 1687.5 1.2291609 2.4835599e-05 -0.0083820149 -1.8951191 -2.9544823 -1.4302626 -0.79364628 0 0 0.23552009
-0.085541546 330.86337 -0.00025854041 0.0050048428 7.0628433 11.134395 -11.161467 -0.027071381 0.0010281674 0.21777461 9.6673222 0.97174495 0.48772249 0.0005177072 0.034685254 400.00186 6.3089242 0.0018592911 13.792924 12.940825 14.692016 0 0.327503 -0.14601173 337.5 5 0.84377098 0 5 0 0 1597.8392 1687.5 1.0561138 2.9492259e-05 -0.0099536376 0.085285202 0.061294265 0.024006687 0.022997892 0 0 -0.0033974524
0.079150267 331.68185 0.00023863309 -0.016877482 29.364853 42.330246 -42.384869 -0.054622442 0.00027229585 0.028709536 41.506802 0.9995138 0.14101078 -0.00040661969 0.0070776753 400.06516 21.546165 0.065151215 46.489033 43.500988 49.524292 0 0.5125919 0.041747112 0 0 0 0 0 0 0 6882.7603 0 0 0 0 0 0 0 0 0 0 0
9.4391069 330.83746 0.02853095 -3.1541445 24.686441 30.795681 -40.011799 -9.2161179 0.04968046 0.029550454 34.56176 0.99938387 0.17053357 -0.091261104 0.006223774 400.2851 24.525442 0.28508416 39.209385 35.263203 43.626331 0 0.51616645 0.043823138 343.17834 16.356928 0.85772312 1 16.358082 20.811966 14.812373 5686.7798 5588.2095 0.98266679 0.00045285095 -0.15540865 1.9009814 0.92267251 0.40230757 0.20423712 -2.6949368e-05 6.7630055e-05 -0.017654641
14.817429 330.96753 0.044770036 -4.6536608 24.501528 28.091187 -41.486946 -13.395761 0.06830053 0.029557796 33.915802 0.99909931 0.19700091 -0.13721217 0.00071198808 399.87299 27.142241 -0.12700617 38.520542 34.502953 43.894474 0 0.51115149 0.039855994 343.17847 16.357355 0.85869694 1 16.357222 20.813047 14.816111 5543.0698 5588.3652 1.0081716 0.00055727962 -0.19124638 -0.13760176 0.19280262 0.14171188 -0.034652818 -0.00037293558 -0.00027971916 -0.006036398
-0.033061232 330.57404 -0.00010001157 0.093649656 30.051716 43.576477 -43.183075 0.39340076 0.0020026208 0.029791798 42.475445 0.99945068 0.13870177 0.0022047951 0.0057615936 399.72418 23.498898 -0.27582479 47.45042 44.200291 50.667549 0 0.51897675 0.046714518 345 20 0.86342615 0 20 0 0 7019.8042 6900 0.9829334 0.0003835019 -0.13230816 0.60057962 1.3397821 0.82555443 0.39084724 0 0 -0.028054891
-0.15129833 330.73376 -0.00045746262 -0.022140076 29.584143 42.709156 -42.853012 -0.14385566 0.00037005587 0.029762896 41.814869 0.99953407 0.14025101 -0.00052947854 0.0060530789 399.90509 21.676975 -0.094923459 46.807495 43.742474 49.903759 0 0.51934922 0.047081694 345 20 0.86301696 0 20 0 0 6914.1445 6900 0.99795431 0.00036195779 -0.12487543 -0.15250371 0.13731393 0.1206841 -0.010828448 0 0 -0.0039272574
0.053999115 331.36536 0.00016295945 0.25148323 29.905922 49.870483 -45.459023 4.4114599 0.019065857 0.046270847 41.984921 0.99381846 0.11123069 0.0059898472 0.030246295 400.05911 22.190382 0.059106395 41.378712 38.297733 44.592182 0 0.43563995 -0.036264304 345 20 0.86268115 0 20 0 0 6950.6475 6900 0.99271333 0.00035779909 -0.12344069 0.1955415 0.05702579 -0.26127675 -0.082625784 0 0 0.01033466
0.053991623 330.73544 0.00016324717 0.29275486 30.849514 48.994335 -46.773891 2.220443 0.0052801375 0.062192447 43.332722 0.99449933 0.10948706 0.0067559769 0.02186458 399.95023 21.932787 -0.049777124 41.348415 38.334858 44.499859 0 0.43920809 -0.033411782 345 20 0.86293179 0 20 0 0 7161.7783 6900 0.96344787 0.00037608773 -0.12975027 -0.11235587 0.013182119 0.81510526 -0.05697443 0 0 -0.025221869
-0.0061112763 330.72012 -1.8478695e-05 -0.26527005 29.515703 45.644955 -45.739864 -0.094909586 0.0096509978 0.02744573 41.484451 0.99424386 0.10834467 -0.0063944459 0.026036108 399.94302 21.987425 -0.056988582 41.371151 38.318306 44.589184 0 0.43953702 -0.033108991 345 20 0.86294359 0 20 0 0 6856.5156 6900 1.0063421 0.00037177332 -0.12826179 -0.13879487 -0.0519813 -1.4756693 -0.33573914 0 0 0.04680853
-0.15286842 330.7836 -0.00046214031 -0.070589341 16.051052 27.926401 -26.125387 1.8010137 0.019690409 0.05988092 22.275528 0.98247331 0.18998547 -0.0031689189 0.032151774 396.82452 15.346073 -3.1754618 20.9499 16.624178 23.98653 0 0.39317739 -0.075985156 340 10 0.85691208 0 10 0 0 3681.2168 3400 0.92360771 0.00012865431 -0.043742467 -5.0511861 4.4348936 3.6006014 0.16652663 0 0 -0.28167108
-0.012512943 331.62109 -3.7732651e-05 0.065221287 29.9405 46.281418 -49.493584 -3.2121656 0.0088242767 0.031264339 42.09798 0.9947319 0.10258293 0.0015492735 0.029766388 400.0596 22.069387 0.059596207 41.268311 38.171295 44.477448 0 0.43215808 -0.039290965 345 20 0.86268735 0 20 0 0 6974.1392 6900 0.98936945 0.00036624947 -0.12635607 0.17499243 0.051881928 -0.9532702 0.092690483 0 0 0.029531697
-33.824196 330.86102 -0.10223083 1.2877173 17.430874 30.495169 -29.712278 0.78289187 0.082018107 0.066976734 23.945072 0.97982293 0.20132643 0.053777967 0.011627853 390.04556 46.537403 -9.9544458 22.950932 7.7650399 26.498795 0 0.29884979 -0.16206524 337.5 5 0.8224954 0 5 0 0 3918.3484 1687.5 0.43066615 -0.04944982 16.689314 -9.6727924 19.220455 12.297048 2.7494943 0 0 -1.4158325
-34.397747 331.01013 -0.1039175 0.50990951 7.7498822 16.468491 -15.638371 0.83012104 0.044241965 0.060237695 9.8151178 0.90012145 0.44180101 0.051951446 -0.0042360397 399.36026 5.261158 -0.6397422 9.4104433 8.2434473 10.383159 0 0.27476993 -0.1943233 337.5 5 0.80263525 0 5 0 0 1605.3138 1687.5 1.0511963 -0.050249998 16.959373 -1.916242 0.11623485 0.25124967 0.22688416 0 0 0.0027786866
-0.051468018 330.90967 -0.00015553494 -1.0611124 7.2255321 14.117485 -16.178257 -2.0607719 0.18136019 0.062708229 9.0538778 0.90874529 0.42319551 -0.11719977 0.043056853 397.78537 9.4704399 -2.214643 7.7457266 5.2243104 10.188786 0 0.14890637 -0.32103071 337.5 5 0.84847015 0 5 0 0 1495.4965 1687.5 1.1283878 2.6673735e-05 -0.0090023857 -7.4280167 -0.70326185 0.424245 -2.0083642 0 0 -0.084170423
-0.19275157 331.17862 -0.00058201695 -0.030152736 7.598268 16.483845 -16.121588 0.36225641 0.012669698 0.078619756 9.9701481 0.93007827 0.37167081 -0.0030243017 0.039728865 400.10709 5.4296627 0.10707761 9.23804 8.4581709 10.057349 0 0.19661234 -0.27642018 337.5 5 0.8435446 0 5 0 0 1648.5815 1687.5 1.0236073 2.4189554e-05 -0.0081639746 -0.02366543 -0.23348901 -0.38419631 -0.23612739 0 0 0.038716305
0.046095144 331.33572 0.00013911913 0.0040575857 29.714945 44.44313 -44.624432 -0.18129912 0.00038307597 0.09712062 41.717743 0.99466419 0.21427889 9.7262833e-05 0.030100262 399.9848 22.962267 -0.015195612 48.970482 45.827312 52.256237 0 0.41918528 -0.052369021 345 20 0.86288381 0 20 0 0 6905.103 6900 0.99926102 0.00040699518 -0.14041333 0.0083320169 0.020483302 0.006787166 0.0008735517 0 0 0.00056079245
0.051418792 331.14636 0.00015527513 -0.0042557851 18.262184 27.741013 -27.943336 -0.2023243 0.0051256884 0.13354659 25.475166 0.98887128 0.31342041 -0.00016705622 0.025699757 398.79047 15.179182 -1.2095324 32.181065 29.427488 34.311977 0 0.45373732 -0.017641317 349.99997 10.0096 0.72760111 1 10.012857 0.0061990456 0.012398091 4215.4233 3503.3599 0.83108139 -0.17097028 59.839592 0.10872865 3.0140119 1.7900999 0.51146895 3.5125664e-05 7.0251328e-05 -0.093229197
-0.051356923 330.65448 -0.00015531899 -0.13786992 28.231308 42.088982 -42.606491 -0.51750976 0.0069597317 0.099006616 39.617828 0.99417669 0.22495927 -0.0034799972 0.028365394 401.47916 26.153152 1.4791478 46.967663 43.521118 50.023006 0 0.41568223 -0.058422152 345 20 0.85963529 0 20 0 0 6544.7432 6900 1.0542812 0.00036418956 -0.1256454 -0.31424925 -4.7124252 -3.2196701 -1.1452001 0 0 0.1082792
-0.11311182 330.61566 -0.00034212481 0.018867429 29.770784 44.594444 -44.580421 0.014021125 0.00074320176 0.096679792 41.7995 0.99468672 0.2146482 0.00045137934 0.030115649 400.11386 22.937771 0.11384819 49.106571 45.971119 52.433537 0 0.42115033 -0.051561344 345 20 0.86260539 0 20 0 0 6903.979 6900 0.99942368 0.00040683462 -0.14035794 0.23558553 -0.10474431 -0.096047536 0.023061445 0 0 0.0028586965
0.006194321 331.62466 1.8678711e-05 0.015871409 29.708374 44.520035 -44.508446 0.011591418 0.00053696777 0.097051471 41.708084 0.99463457 0.21455447 0.00038053555 0.030789293 400.01407 22.992655 0.01406477 48.969017 45.823742 52.267414 0 0.4192296 -0.05185562 345 20 0.86282218 0 20 0 0 6909.4653 6900 0.99863011 0.00040873804 -0.14101462 0.079543538 0.018376246 0.0036587245 0.025024829 0 0 0.00024567914
0.032956593 331.11713 9.9531528e-05 0.0063550174 29.736841 44.489838 -44.663177 -0.17333727 0.00039574516 0.09682145 41.751286 0.99471158 0.21400818 0.0001522113 0.030081186 399.98434 22.956264 -0.015645413 49.008034 45.86692 52.294445 0 0.41915616 -0.052523222 345 20 0.86288559 0 20 0 0 6906.4087 6900 0.99907207 0.00040791102 -0.14072931 -0.014163173 0.017933201 0.0098101282 0.0018623914 0 0 4.6034675e-05
0.04408348 330.68573 0.00013330928 0.0074497038 29.772089 44.547501 -44.672565 -0.1250622 0.00037513537 0.097031772 41.797958 0.99465901 0.21436058 0.00017823129 0.029755341 399.99396 22.939125 -0.0060445047 49.072376 45.937283 52.353016 0 0.41971752 -0.052823972 345 20 0.86286598 0 20 0 0 6905.3218 6900 0.99922931 0.00040923205 -0.14118506 -0.0023619379 0.0072104339 0.0035870122 0.0043002102 0 0 -5.0277569e-05
-0.11060865 330.62021 -0.000334549 -0.0039056342 29.77755 44.539154 -44.700222 -0.16106817 5.7671474e-05 0.096765935 41.808578 0.99467939 0.21454465 -9.3417053e-05 0.029176578 400.00531 22.918371 0.0053006839 49.097713 45.971222 52.380287 0 0.42071769 -0.051729217 345 20 0.86284071 0 20 0 0 6905.6968 6900 0.99917501 0.00040825817 -0.14084907 0.0011862202 -0.013382465 -0.0095177842 -0.014584126 0 0 -0.00019357221
-0.18410589 330.82022 -0.00055651343 -0.011379849 29.759464 44.529648 -44.530205 -0.00055437721 0.00025693269 0.097007513 41.780811 0.99467027 0.21464932 -0.00027237023 0.030040694 400.00385 22.936876 0.0038358704 49.072567 45.940258 52.35574 0 0.42002043 -0.052361496 345 20 0.86284274 0 20 0 0 6905.2495 6900 0.9992398 0.00040698587 -0.14041013 -0.011874571 -0.01111812 -0.0047396151 -0.0061586308 0 0 -7.1160415e-05
0.08745192 331.57956 0.00026374339 -2.7397468 10.429955 9.7139339 -20.44405 -10.730115 0.24427453 0.15697874 13.553082 0.99490952 0.2296638 -0.20214936 0.00019153325 386.24899 16.49295 -13.751 14.579932 1.8714039 23.58349 0 0.43339771 -0.019841937 349.99893 6.5151358 0.87585956 1 6.5137529 0.0076427469 0.015285494 2247.3716 2280.2905 1.0146478 -0.033425983 11.699058 -26.420441 12.618896 9.7103081 -2.7791092 -0.002125279 -0.0042505581 -22.47142
0.061578032 330.7995 0.00018614912 -1.6193514 25.053968 34.615387 -40.564266 -5.9488802 0.047153383 0.11219507 34.962612 0.99256563 0.24524826 -0.046316661 0.019271087 399.65057 38.127819 -0.34943524 41.608276 37.602184 46.826263 0 0.39882666 -0.071730189 345 20 0.86370736 0 20 0 0 5780.02 6900 1.1937675 0.00052503299 -0.18113638 -12.882504 -11.458374 -6.7659197 -5.2701159 5.2011728e-11 1.0408741e-10 0.24970177
0.035574246 330.4668 0.00010764847 0.049778897 29.659883 44.50515 -44.414604 0.090543374 0.0018198179 0.096857645 41.641949 0.99464965 0.21543553 0.0011954026 0.030002253 400.35791 22.95122 0.35790515 48.973045 45.788605 52.355701 0 0.41944897 -0.053899549 345 20 0.86207455 0 20 0 0 6875.2397 6900 1.0036014 0.00040104007 -0.13835882 0.53161943 -0.54542619 -0.42084342 -0.0095540639 0 0 0.014165089
-0.18239386 330.77118 -0.00055142009 -0.005244921 29.765528 44.503876 -44.649136 -0.14526047 0.00055354595 0.096797653 41.791733 0.9947018 0.21451938 -0.00012550139 0.029190976 400.02313 22.9247 0.023124816 49.085327 45.961136 52.3741 0 0.42057082 -0.051669035 345 20 0.86280197 0 20 0 0 6906.0356 6900 0.99912602 0.0004079628 -0.14074716 0.035157017 -0.016991748 -0.015974842 -0.0050624018 0 0 -0.0001044724
-0.049447581 331.57916 -0.00014912753 0.003184034 29.708157 44.534031 -44.488216 0.045811813 0.00046594781 0.096934147 41.708145 0.99465489 0.21420909 7.6340817e-05 0.030382875 399.97647 22.960827 -0.023527628 48.949997 45.802872 52.240135 0 0.41828206 -0.052673075 345 20 0.86290354 0 20 0 0 6908.9805 6900 0.9987002 0.00040903626 -0.14111751 -0.034790896 0.03265506 0.030933954 -0.0022105926 0 0 -0.0014933371
0.062710993 331.24695 0.00018931796 -1.7946024 14.441848 18.002434 -25.368942 -7.3665085 0.12142935 0.14261346 19.802275 0.99277884 0.25320876 -0.090626068 0.019983666 389.03961 19.073671 -10.960379 22.856575 11.96724 29.856329 0 0.3856425 -0.072474718 349.99918 8.5968924 0.87230694 1 8.5979738 0.0091753677 0.018350735 3278.6243 3008.9053 0.91773409 -0.03039211 10.637214 -18.91692 12.887187 9.7630043 -1.1296881 -0.0014550549 -0.0029101097 -2.0683086
0.16686513 330.65073 0.00050465681 -3.8086374 17.756548 18.845428 -33.279678 -14.434249 0.17492424 0.15542616 23.673395 0.99017555 0.25999549 -0.16088259 0.005575526 391.17075 31.858456 -8.8292618 27.589657 21.021458 40.630531 0 0.36236158 -0.097488642 347.13821 14.859779 0.87732381 1 14.982752 8.6769676 11.408689 3912.3806 5144.5186 1.3149331 -0.011392623 3.9548149 -9.0488796 4.8728466 5.2878804 -3.8949442 -2.8618116 6.2611871 0.26329458
-0.039819784 330.48358 -0.00012048944 0.12272144 29.4375 44.389515 -43.892555 0.49695832 0.0051514748 0.096744969 41.328506 0.99454063 0.2176107 0.0029694138 0.029623736 401.00345 23.027033 1.0034521 48.750351 45.351032 52.322285 0 0.4210794 -0.053068306 345 20 0.8606782 0 20 0 0 6824.0601 6900 1.0111283 0.00039109366 -0.1349273 1.5040201 -1.4824557 -1.1529921 -0.019064937 0 0 0.038382582
-0.049903866 332.05685 -0.00015028712 -0.01869192 14.60929 21.994913 -22.112253 -0.11733984 0.0011205135 0.07696303 20.590876 0.99782664 0.2477573 -0.00090777682 0.023985982 399.9285 11.400907 -0.071511209 25.176521 23.562315 26.843086 0 0.51387715 0.043033637 350 10 0.87524474 1 10 0 0 3417.2363 3500 1.0242195 0.00010084624 -0.035296179 -0.14944403 0.026153585 0.0066322032 -0.037882831 0 0 0
-0.04626368 331.52966 -0.00013954613 -0.0073025147 14.658834 21.994967 -22.005568 -0.010600024 0.0013338615 0.07532528 20.663853 0.99795473 0.24037164 -0.00035339559 0.020494031 400.01215 11.377319 0.012156024 25.128733 23.564997 26.751122 0 0.5142374 0.042418797 350 10 0.87506127 1 10 0 0 3424.1917 3500 1.0221391 0.0001004295 -0.035150327 0.026113229 -0.011047086 -0.005739022 0.00087552035 0 0 -5.4981632e-05
11.960786 331.00839 0.036134388 -2.4973166 15.047611 18.85902 -25.417789 -6.5587687 0.051644262 0.070586659 20.894255 0.99753577 0.27268526 -0.11952168 0.021615345 399.91318 16.056665 -0.086833239 25.27972 23.330902 27.980803 0 0.51579064 0.043367974 350 10 0.87530273 1 10 0 0 3427.033 3500 1.0212916 0.00012884162 -0.045094568 0.20500743 0.42227656 0.21491402 0.11592151 0 0 -0.01740817
11.944208 330.68188 0.036119934 -2.4817126 14.909979 18.605761 -25.320845 -6.7150846 0.055602953 0.070730224 20.692873 0.99714583 0.27765152 -0.11993079 0.022631675 399.99908 15.828928 -0.00092252519 25.153532 23.275805 27.854183 0 0.51510626 0.042177025 350 10 0.87511426 1 10 0 0 3390.7078 3500 1.0322329 0.0001283075 -0.044907622 0.0014377324 -0.018109508 -0.027655937 0.0066185826 0 0 0.0023221846
-0.10199349 330.99252 -0.00030814437 0.024739176 14.685866 22.043135 -22.053377 -0.010243271 0.00033469728 0.077760167 20.697845 0.99783421 0.24653764 0.0011952537 0.019968228 400.0545 11.43315 0.054493047 25.305199 23.725555 26.967443 0 0.51644289 0.043781202 350 10 0.87496924 1 10 0 0 3424.4644 3500 1.0220577 0.00010107772 -0.035377201 0.15846935 -0.0042441539 -0.025056137 0.049772039 0 0 0.0015299985
0.025146715 331.66959 7.5818578e-05 -0.0071237991 29.633747 44.341297 -44.482121 -0.1408217 0.00022775952 0.097348839 41.60252 0 0 -0.0001712348 0.030084135 400.02795 22.971882 0.027939776 0 0 0 0 0 0 0 0 0 0 0 0 0 6892.8921 0 0 0 0 0 0 0 0 0 0 0
0.071288615 331.12317 0.00021529336 0.0060630403 29.72101 44.480724 -44.507183 -0.026459144 0.00044349051 0.096890539 41.728798 0.99471796 0.21412441 0.00014529632 0.029998338 399.99164 22.941635 -0.0083549321 48.987789 45.843884 52.270271 0 0.41854268 -0.053515472 345 20 0.86287081 0 20 0 0 6902.7944 6900 0.99959517 0.0004090282 -0.14111473 0.0021069034 0.00050018338 -0.0032278849 0.0027588992 0 0 0.00070851418
-0.037835218 330.82773 -0.00011436532 0.0033102972 29.766201 44.545757 -44.658207 -0.11244914 0.00052818161 0.096944883 41.790051 0.99465215 0.21442348 7.9212572e-05 0.030160367 399.98306 22.938478 -0.016936293 49.059597 45.911037 52.347988 0 0.41955334 -0.052782409 345 20 0.86288863 0 20 0 0 6906.6587 6900 0.99903595 0.00040825378 -0.14084755 -0.010661215 0.014118211 0.0077461405 -0.003283812 0 0 -0.00019685573
-0.037003886 330.53586 -0.00011195119 0.0055310745 29.794024 44.589146 -44.579872 0.0092722308 0.00051213265 0.096611343 41.831886 0.99469709 0.21431698 0.0001322215 0.030274358 399.99374 22.931103 -0.0062576034 49.115219 45.976562 52.398289 0 0.42002204 -0.052708391 345 20 0.86286533 0 20 0 0 6907.6548 6900 0.99889183 0.00040792738 -0.14073494 0.0002027841 0.0049905628 0.0018860511 0.0011899772 0 0 -0.00025005461
-0.12656318 330.63516 -0.00038278801 -0.011805929 29.768942 44.614258 -44.505676 0.10858203 0.0003918703 0.096846536 41.795845 0.99471748 0.21437025 -0.00028246656 0.029495247 399.99161 22.925728 -0.0083803292 49.086414 45.946999 52.370823 0 0.42036286 -0.052422438 345 20 0.86286914 0 20 0 0 6904.3413 6900 0.99937117 0.00040702691 -0.14042428 -0.023469828 0.0079771439 0.0077494751 -0.0037556917 0 0 9.7815202e-05
0.091185711 331.32358 0.0002752165 0.065451212 29.507006 43.556187 -43.410641 0.1455465 0.00075213145 0.056160923 41.654213 0.99891949 0.14140856 0.0015712987 0.0084505025 400.09503 22.610603 0.095017344 46.533051 43.29221 49.763779 0 0.51731193 0.045807503 344.95154 20.000317 0.86246336 0 20 0.15806475 0.0034264859 6898.7856 6899.1401 1.0000514 0.00033559575 -0.11576427 0.18001996 0.038306706 0.01278833 0.080063947 -0.048469063 0.00031678806 0.00036978428
0.049474388 331.0087 0.00014946553 -0.31609589 23.589169 34.439034 -35.403725 -0.96469027 0.014774632 0.060209189 33.280754 0.9987222 0.16672882 -0.0094978577 0.0058625028 399.36252 18.403795 -0.63747799 37.871284 35.000282 40.396225 0 0.51519686 0.044234373 343.60156 19.989559 0.8612203 0 20 2.1010489 4.1991973 5507.0273 6868.4824 1.2472215 0.00098242343 -0.3375622 -1.3886698 -0.5099653 -0.1800644 -0.44927537 0.44354787 -0.010340839 0.011277821
-0.020136323 330.65421 -6.089843e-05 0.13578966 29.597057 43.89978 -43.214973 0.68480539 0.0037645821 0.055534769 41.78159 0.9989084 0.14264916 0.003249988 0.0083710179 400.57193 22.334972 0.57192504 46.783562 43.407459 50.224255 0 0.51977408 0.046597794 345 20 0.86159277 0 20 0 0 6905.9834 6900 0.99913359 0.00037644789 -0.12987451 1.3305823 -0.38174137 -0.37554017 0.17648615 0 0 0.012236701
-0.10763656 330.64169 -0.00032553839 -0.00795493 29.609854 43.561043 -43.768677 -0.20763564 0.00076635781 0.056537949 41.798389 0.99893475 0.14382307 -0.00019031666 0.0081755947 399.97159 22.128065 -0.028411476 46.789661 43.732948 49.962395 0 0.51960826 0.047169317 345 20 0.86288857 0 20 0 0 6908.4771 6900 0.99877298 0.00037945466 -0.13091186 -0.0076336781 0.052925941 0.025323654 0.0083557134 0 0 -0.0011695703
-0.0019886955 331.64813 -5.9964023e-06 0.017250793 29.490555 42.587887 -42.495422 0.092463113 0.0012519126 0.028709881 41.683861 0.99946493 0.14105907 0.00041384826 0.0071700546 400.12311 21.584053 0.12310515 46.683884 43.625164 49.796059 0 0.50787085 0.037078101 345 20 0.86254567 0 20 0 0 6911.2046 6900 0.99837881 0.00036070295 -0.12444251 0.31357473 -0.06488695 -0.05015628 0.038165115 0 0 0.0021676593
0.12623334 331.0293 0.00038133585 -2.7226281 33.093525 42.538177 -52.882282 -10.344105 0.061502796 0.037682775 46.494724 0.99926084 0.13497344 -0.05855779 0.0037998934 402.0361 35.040752 -6.3634119 51.009331 43.614761 60.306389 0 0.52237016 0.047353785 345 20 0.85863668 0 20 0 0 7694.2231 6900 0.89677674 0.00058827747 -0.20295572 2.032676 4.4462857 3.6142304 -2.7283716 0 0 -0.10298027
0.047336467 330.74796 0.00014311945 -0.21237485 28.868736 41.308487 -42.071842 -0.76335502 0.0072358917 0.029043468 40.801708 0.99954247 0.14591141 -0.0052050482 0.0065970742 417.83597 22.19833 -0.22750831 45.878719 42.89341 49.117596 0 0.53055376 0.035853863 345 20 0.8259204 0 20 0 0 6746.7749 6900 1.0227109 0.00028766767 -0.09924534 -1.8978021 -1.2481047 -0.73596084 -0.60265219 0 0 0.025610153
-0.081638791 330.64966 -0.00024690421 0.013934019 29.484331 42.585449 -42.440037 0.14541396 0.0018133799 0.028566016 41.675346 0.99949425 0.14510153 0.00033434681 0.0048864479 418.19556 20.61134 0.13208035 46.892181 44.02932 49.8666 0 0.54106218 0.045874864 345 20 0.82522172 0 20 0 0 6889.2744 6900 1.0015569 0.00030160043 -0.10405216 0.20595013 -0.14689508 -0.10443784 0.0080496417 0 0 0.0031513441
-0.19092977 330.88879 -0.00057702098 0.0089953346 29.499334 42.585201 -42.544395 0.040809531 9.453325e-05 0.028669395 41.696152 0.99952149 0.14572357 0.00021573536 0.0055663483 418.07898 20.611383 0.015485408 46.942318 44.097317 49.868732 0 0.53681356 0.041877568 345 20 0.82545221 0 20 0 0 6897.6738 6900 1.0003372 0.00030205873 -0.10421026 0.037155662 0.013016899 0.014689093 0.035342831 0 0 -0.00077861547
-0.018761985 331.44327 -5.6606928e-05 0.0016571003 29.464142 42.482204 -42.593838 -0.11163153 0.00043257762 0.027953947 41.647541 0.99948376 0.13841802 3.9788669e-05 0.0067938771 400.01242 21.509363 0.012422457 46.521255 43.541294 49.568932 0 0.50738573 0.036033191 345 20 0.86278337 0 20 0 0 6901.1831 6900 0.99982858 0.00035963947 -0.12407561 -0.001285492 -0.056291033 -0.032546118 -0.027508873 0 0 0.00078047597
-0.03991184 336.7666 -0.00011851484 0.085629381 29.734932 43.219208 -42.652107 0.56710404 0.0017438628 0.026107999 42.031639 0.99633819 0.18938968 0.00203726 -0.052217685 400.02612 22.311483 0.026123155 48.134121 44.975349 51.330868 0 0.51797414 0.055787135 345 20 0.86276048 0 20 0 0 7067.2109 6900 0.97633988 0.0003673725 -0.12674351 0.48804349 0.4621042 0.32675257 0.21159776 0 0 -0.010831727
-0.009692844 330.57364 -2.9321287e-05 0.013169278 29.447323 42.445091 -42.47308 -0.027987314 0.0011695619 0.028064447 41.623863 0.999524 0.13963459 0.00031638771 0.006994979 400.20062 21.529388 0.20061137 46.586533 43.579136 49.662136 0 0.51891506 0.046026051 345 20 0.86237365 0 20 0 0 6879.1826 6900 1.0030261 0.00035498021 -0.12246817 0.2497458 -0.36691961 -0.28157172 -0.022966973 0 0 0.0097441245
-0.081014268 330.60684 -0.00024504715 0.0028043501 29.557137 42.667728 -42.653069 0.01465851 0.00029975345 0.028900262 41.7775 0.9995324 0.14023496 6.7125846e-05 0.005994821 400.03113 21.555414 0.031131141 46.777657 43.804298 49.839897 0 0.51981038 0.047305796 345 20 0.86274368 0 20 0 0 6905.4297 6900 0.99921376 0.00036036561 -0.12432614 0.06587363 -0.0024920376 -0.0064616054 0.0074442909 0 0 0.00035436469
0.072460011 331.50357 0.00021857988 0.014370793 29.397392 42.508469 -42.394188 0.11428279 0.00070141029 0.028821966 41.552135 0.99947935 0.13924389 0.00034584969 0.006975275 400.14206 21.55645 0.14204568 46.460499 43.465176 49.53812 0 0.51274002 0.041289192 345 20 0.86250287 0 20 0 0 6886.7251 6900 1.0019276 0.00035843885 -0.1236614 0.090592355 -0.25491786 -0.12730627 0.013216158 0 0 0.0046833665
0.11688425 330.85962 0.00035327446 -8.2587738 38.758408 42.631458 -72.824371 -30.192915 0.1787443 0.09671668 52.338741 0.99302578 0.29064134 -0.15779467 0.010077469 377.44833 197.64212 -22.551655 57.279396 24.160709 95.057678 0 0.523678 0.097051337 345.16257 19.999025 0.86136574 0 20 0.5182386 0.011342328 8653.8789 6902.915 0.79766721 -0.058063947 20.041502 -22.519218 10.674906 9.240612 -8.2636547 0.16256879 -0.00097478245 -0.20134775
-0.022789691 330.96973 -6.8857327e-05 -0.77021927 15.09198 20.539932 -23.676525 -3.1365926 0.051332641 0.047801018 21.24785 0.99922109 0.22917257 -0.03624928 0.018151207 395.61237 14.567835 -4.3876452 25.210749 19.898245 28.954865 0 0.50434774 0.037099443 340 10 0.85953224 0 10 0 1.9539925e-14 3515.5095 3400 0.96714288 0.00012227416 -0.041573215 -7.9171071 4.9168863 3.938874 -0.69013679 8.5128704e-10 1.702583e-09 -0.3371655
-0.088790797 330.79446 -0.00026841683 -0.037370838 14.110211 20.501162 -20.6866 -0.18543775 0.0018211482 0.042122662 19.931946 0.99937427 0.24661426 -0.0018749218 0.022519117 399.9791 10.781599 -0.020906229 24.464315 22.966589 26.02619 0 0.51546896 0.042438947 340 10 0.85011822 0 10 0 0 3295.7883 3400 1.0316197 8.6794433e-05 -0.029510109 -0.31281391 -0.22609557 -0.094888084 -0.092891224 0 0 0.0071095922
0.079613149 331.66107 0.00024004368 -0.0024122931 29.441833 43.41695 -43.472145 -0.055196952 0.00042471508 0.057259057 41.559784 0.99888116 0.1445971 -5.804393e-05 0.0077277813 400.0473 22.124498 0.047313254 46.542992 43.510681 49.693924 0 0.51775777 0.046804748 0 0 0 0 0 0 0 6890.231 0 0 0 0 0 0 0 0 0 0 0
0.062736988 331.15936 0.00018944652 0.024651432 29.528553 43.621349 -43.65004 -0.02869107 0.0004322966 0.056086224 41.68475 0.99891841 0.14125885 0.00059137773 0.0087980824 400.00656 22.085819 0.0065541714 46.543159 43.517437 49.69923 0 0.51773846 0.045844156 345 20 0.86281312 0 20 0 0 6900.4604 6900 0.9999333 0.00037939538 -0.1308914 0.034094203 -0.0039456631 -0.012195275 0.036328588 0 0 0.0010483072
-0.030104093 330.85654 -9.098836e-05 -0.0086118793 29.579531 43.547749 -43.731144 -0.18339732 0.00070369442 0.055763759 41.757469 0.99896652 0.14037222 -0.00020623568 0.0083939172 400.01254 22.056791 0.012543474 46.601421 43.581192 49.755165 0 0.51815212 0.045875702 345 20 0.86279935 0 20 0 0 6906.0835 6900 0.9991191 0.00037844726 -0.1305643 0.013271425 -0.02184709 0.0064713089 -0.0074475901 0 0 -0.00026395271
-0.032442644 330.55121 -9.8147102e-05 0.024220631 29.630968 43.694496 -43.78302 -0.088523552 0.00078424381 0.056198198 41.829002 0.99891752 0.14286813 0.00057903916 0.0084603634 399.99466 22.157642 -0.0053410833 46.78006 43.745724 49.947968 0 0.51908851 0.046448529 345 20 0.8628394 0 20 0 0 6911.5732 6900 0.99832553 0.00038013086 -0.13114515 0.060193595 0.063657902 0.041213758 0.045024406 0 0 -0.0014924544
-0.15392587 330.71741 -0.00046543017 -0.020124037 29.580496 43.585991 -43.732666 -0.14667368 0.0010911861 0.056675248 41.756363 0.99894792 0.143435 -0.00048193941 0.0080555445 400.01654 22.069487 0.016534651 46.743313 43.717625 49.903255 0 0.51970774 0.047191806 345 20 0.86279041 0 20 0 0 6903.1704 6900 0.99954075 0.00037804799 -0.13042656 0.0042400649 -0.016505186 0.0035689198 -0.008914669 0 0 4.5199968e-06
0.053999115 331.36536 0.00016295945 0.25148323 29.905922 49.870483 -45.459023 4.4114599 0.019065857 0.046270847 41.984921 0.99381846 0.11123069 0.0059898472 0.030246295 400.05911 22.190382 0.059106395 41.378712 38.297733 44.592182 0 0.43563995 -0.036264304 345 20 0.86268115 0 20 0 0 6950.6475 6900 0.99271333 0.00035779909 -0.12344069 0.1955415 0.05702579 -0.26127675 -0.082625784 0 0 0.01033466
0.053991623 330.73544 0.00016324717 0.29275486 30.849514 48.994335 -46.773891 2.220443 0.0052801375 0.062192447 43.332722 0.99449933 0.10948706 0.0067559769 0.02186458 399.95023 21.932787 -0.049777124 41.348415 38.334858 44.499859 0 0.43920809 -0.033411782 345 20 0.86293179 0 20 0 0 7161.7783 6900 0.96344787 0.00037608773 -0.12975027 -0.11235587 0.013182119 0.81510526 -0.05697443 0 0 -0.025221869
-0.0061112763 330.72012 -1.8478695e-05 -0.26527005 29.515703 45.644955 -45.739864 -0.094909586 0.0096509978 0.02744573 41.484451 0.99424386 0.10834467 -0.0063944459 0.026036108 399.94302 21.987425 -0.056988582 41.371151 38.318306 44.589184 0 0.43953702 -0.033108991 345 20 0.86294359 0 20 0 0 6856.5156 6900 1.0063421 0.00037177332 -0.12826179 -0.13879487 -0.0519813 -1.4756693 -0.33573914 0 0 0.04680853
-0.07176207 330.91177 -0.00021686163 -1.5524229 9.1601467 15.440429 -20.549765 -5.1093364 0.18794626 0.11011744 11.771644 0.94581342 0.33280846 -0.13187817 0.012235312 392.9458 11.261437 -7.0542078 9.6216202 2.7811584 14.307005 0 0.20027202 -0.26361141 337.5 5 0.85894328 0 5 0 0 1947.2607 1687.5 0.86660194 5.379118e-05 -0.018154524 -14.583573 6.2788963 5.7400951 -2.151134 0 0 -2.7026575
-0.0038718286 331.65076 -1.1674415e-05 -0.015298357 29.495975 42.468655 -42.60302 -0.13436344 0.0015112148 0.028819401 41.69112 0.9994477 0.14092121 -0.00036694523 0.0067707775 400.00986 21.607365 0.0098504191 46.666401 43.68581 49.720238 0 0.51221311 0.041562706 345 20 0.86279058 0 20 0 0 6912.5088 6900 0.9981904 0.00036151349 -0.12472215 0.03639866 0.0022945339 0.031456992 -0.020878086 0 0 -0.00059685035
0.065377541 331.12143 0.0001974428 0.013949169 29.521399 42.588181 -42.563477 0.02470414 0.00055089517 0.028916551 41.727467 0.99948442 0.13768442 0.00033429224 0.0059057837 399.99567 21.581398 -0.0043239356 46.585594 43.608208 49.642033 0 0.51720852 0.045688964 345 20 0.86282045 0 20 0 0 6907.6719 6900 0.99888933 0.00036074259 -0.12445619 0.0058765179 0.022176122 0.032787874 0.0092890011 0 0 -0.00056095287
11.258129 330.68854 0.034044508 -4.6351066 26.72084 30.538801 -45.563915 -15.025116 0.091898762 0.043025237 36.999664 0.9986217 0.17414391 -0.12527429 0.00096533378 380.88876 41.776718 -2.9626684 41.117302 35.242641 48.700924 0 0.49090758 0.046172962 345 20 0.90642625 0 20 0 0 6064.8013 6900 1.1377125 0.00071764877 -0.24758883 -18.047796 -3.494206 -0.76144719 -3.6248829 0 0 0.060393814
-0.0851418 330.7486 -0.00025742152 0.14342053 22.147738 32.381622 -31.688044 0.69357979 0.0056243157 0.032527894 31.298941 0.99947959 0.16800523 0.0045822808 0.012050609 384.01572 17.934753 0.16427881 35.947021 33.213764 38.616009 0 0.49541312 0.044846501 342.5 15 0.8921122 0 15 0 0 5175.3579 5137.5 0.99268502 0.00024848021 -0.085104473 1.1746786 0.72128266 0.37257344 0.43541998 0 0 -0.017714696
-0.19645424 330.99506 -0.00059352623 -0.017589642 21.8221 31.533131 -31.663881 -0.13075124 0.00093407521 0.033277027 30.839039 0.99950969 0.17172946 -0.0005703693 0.012542693 383.82919 16.711044 -0.022257783 35.497719 33.159828 37.881893 0 0.49058843 0.040460542 342.5 15 0.89253461 0 15 0 0 5103.0938 5137.5 1.0067422 0.00023603263 -0.080841176 -0.03943703 0.015598159 -0.0019637139 -0.025701232 0 0 -0.00020469168
0.0061430102 331.31604 1.8541239e-05 0.0033041413 29.724239 44.533329 -44.49868 0.034649625 0.00043055121 0.096756004 41.733059 0.99470985 0.21401316 7.9173231e-05 0.030167842 399.98953 22.942616 -0.010461835 48.987289 45.850567 52.26738 0 0.41853398 -0.052953396 345 20 0.86287522 0 20 0 0 6907.6904 6900 0.99888664 0.00040887692 -0.14106254 -0.0070643676 0.018231228 0.012395235 0.0024933359 0 0 -0.00033752812
-0.005683152 331.54337 -1.7141505e-05 0.013118772 42.204578 132.40515 -132.82417 -0.4190174 0.0082045421 1.8470409 19.311377 -0.25130448 1.7217505 0.00067932863 -0.68392789 520.21326 70.242874 120.21324 -100 -100 -100 1 0.40189746 -0.18810084 345 19.999983 0.66417497 0.32499999 20 0.00011367386 0.00022734771 2425.6941 6899.9937 2.8445442 0.0014858913 -0.51263249 -59.611393 0 0.035876531 -0.014497726 -3.6256614 6.8633709 0.98599112
0.022952974 330.47141 6.9455251e-05 -0.053308103 28.5979 42.760517 -42.938099 -0.17758103 0.0058638565 0.097435042 40.143837 0.9944129 0.22056493 -0.0013279276 0.028773107 401.3028 25.089304 1.3027887 47.439613 44.051136 50.63702 0 0.41810587 -0.056197081 345 20 0.86001617 0 20 0 0 6628.332 6900 1.0409859 0.00036775396 -0.12687512 0.43932337 -3.6385667 -2.6861107 -0.82084697 0 0 0.090368949
-0.1838925 330.77304 -0.00055594766 0.011269176 29.756884 44.509113 -44.601036 -0.091921315 0.00088202948 0.096752435 41.77977 0.9946962 0.2146813 0.00026972807 0.029213324 400.10175 22.942472 0.10175012 49.086838 45.951889 52.409874 0 0.42069244 -0.05164586 345 20 0.8626318 0 20 0 0 6904.0977 6900 0.99940652 0.00040724804 -0.14050058 0.20288639 -0.085804619 -0.081907064 0.014408215 0 0 0.0020979457
-0.074549191 331.64102 -0.00022478883 -0.014612735 29.494217 43.431709 -43.561844 -0.13013445 0.001181355 0.056508932 41.635487 0.99891442 0.14171247 -0.00035096827 0.008310982 399.91501 22.103672 -0.085002609 46.494743 43.397488 49.696011 0 0.51671189 0.046121571 345 20 0.86301053 0 20 0 0 6902.1978 6900 0.99968159 0.00037928121 -0.13085201 -0.21811762 0.020307858 0.029610533 -0.036546018 0 0 -0.001424802
-0.079227261 331.19058 -0.00023921956 1.2861161 24.377615 38.306484 -32.412445 5.894042 0.064730361 0.039308812 34.299839 0.99896467 0.60296524 0.037496272 0.0069097406 410.59576 22.963234 10.595776 55.620235 49.968689 62.656898 0 0.63379723 0.14966105 345 20 0.66609627 0 20 0 0 5679.4448 6900 1.2149074 -0.20725703 71.503677 8.181881 -18.774597 -13.073998 -0.96675068 0 0 0.42493156
0.097756766 330.54343 0.00029574559 -1.9571288 24.629835 32.501663 -40.110313 -7.6086521 0.060195573 0.066675097 34.557713 0.99868238 0.16209532 -0.056633633 0.0001238363 398.22992 39.420681 -1.7700716 38.750114 34.427265 44.919563 0 0.51436782 0.045597795 345 20 0.86683327 0 20 1.3017143e-11 2.5099922e-11 5710.2275 6900 1.2083582 0.00057670072 -0.19896175 -16.513523 -10.904056 -6.1381922 -5.5411782 -1.0339783e-06 -2.0679563e-06 0.23412654
-0.04277391 330.53799 -0.00012940694 0.055638459 29.378107 43.590179 -43.105324 0.48485374 0.0030237352 0.056057759 41.472134 0.99891776 0.14446373 0.0013415866 0.0075962935 400.57559 22.135382 0.57557994 46.512802 43.406189 49.817272 0 0.52005702 0.046774704 345 20 0.8615787 0 20 0 0 6852.7305 6900 1.0068979 0.00036925872 -0.12739426 0.79172695 -0.88755071 -0.67749465 -0.032110728 0 0 0.022677744
-0.023004048 331.73123 -6.9345442e-05 -0.0091534201 29.704714 44.517319 -44.4748 0.042521607 0.00055243348 0.097157262 41.702385 0.9946301 0.21453349 -0.00021949393 0.031414654 399.93451 22.988728 -0.065478764 48.950642 45.762753 52.256668 0 0.41841072 -0.052397624 345 20 0.8629961 0 20 0 0 6911.1655 6900 0.99838442 0.00041141623 -0.1419386 -0.093418539 0 0.070967555 -0.0020296215 0 0 0
0.0089714453 331.90454 2.7030199e-05 -0.039784864 42.236874 137.01265 -124.06271 12.949935 0.0081537971 1.8633701 19.252951 -0.25311878 1.7184913 -0.0020664292 -0.66877455 524.0769 32.748489 124.07693 -100 -100 -100 1 0.40053985 -0.19621974 359.21799 0 0.62763262 1 0 0 0 2446.897 0 0 -0.084322616 30.290199 34.032875 0 -0.75464731 0.11569351 0 0 0
0.066573277 331.37964 0.0002008973 -0.053677067 42.026413 131.86018 -129.14516 2.7150288 0.0063298102 1.8723189 19.040316 -0.25304633 1.7261596 -0.0028191272 -0.66322798 742.13928 22.919638 342.13928 -100 -100 -100 1 0.42667076 -0.28837267 359.21799 0 0.42603236 1 0 0 0 2423.6558 0 0 -0.11982317 43.042637 23.546137 0 0.15414552 -0.08807601 0 0 0
0.012762612 331.1467 3.8540657e-05 -0.039608352 42.247334 137.07574 -124.43614 12.639603 0.0080578458 1.8625742 19.250641 -0.2525889 1.718608 -0.0020575081 -0.67107326 515.4436 45.509693 115.44361 -100 -100 -100 1 0.40174636 -0.18596528 342.5 15 0.66488492 0 15 0 0 2431.4446 5137.5 2.1129415 0.00061517343 -0.21069691 -41.660538 0 0.31229755 -0.042888153 0 0 0.012852054
-0.14248669 330.88394 -0.00043062438 0.91655701 22.806072 36.084839 -32.598789 3.4860511 0.034332503 0.10532354 31.92737 0.99312508 0.24914189 0.028707562 0.033826198 402.69894 20.674391 2.6989369 38.937275 33.72567 43.315704 0 0.41353843 -0.062732808 342.5 15 0.85073781 0 15 0 0 5277.8486 5137.5 0.97340804 0.0002663013 -0.091208197 9.5917263 0.5474425 -1.1944506 1.7330019 0 0 0.049602654
0.10677106 331.15649 0.00032241875 -3.7532196 33.096012 42.482204 -57.175022 -14.692819 0.16366918 0.10888477 45.406761 0.98860979 0.40696895 -0.082657725 -0.03714034 380.75253 236.06442 -19.247478 49.460243 12.213109 93.62249 0 0.50379932 0.095184825 345 20 0.8652963 0 20 0 0 7510.3936 6900 0.9187268 -0.045032617 15.536253 -19.261187 2.8826952 3.5993252 -3.7823856 0 0 -0.08032129
-0.014384276 330.93771 -4.3465207e-05 -3.1246006 32.107143 47.505173 -55.326542 -7.8213706 0.37173712 0.030580854 42.33334 0.97768158 0.42559129 -0.073809452 0.009054482 398.78049 252.53897 -1.2195028 47.434082 1.3518525 88.368622 0 0.51228112 0.076721229 345 20 0.86567605 0 20 0 0 7002.1118 6900 0.98541701 0.00062240387 -0.21472932 -2.000097 1.6051586 1.0951871 -0.053087015 0 0 -0.044056855
-0.095899142 330.6976 -0.00028999045 2.4453676 30.759106 49.054565 -38.545662 10.508904 0.07801114 0.035386059 43.160858 0.99916309 0.13566492 0.056657065 0.012301665 409.16403 28.91787 9.164032 49.291836 38.382511 57.838936 0 0.52527255 0.040737957 345 20 0.84354556 0 20 0 0 7137.3428 6900 0.96674633 0.00043045369 -0.14850652 22.361692 -3.5755999 -3.7999015 4.0264091 0 0 0.10753891
-0.084161073 330.61252 -0.00025456108 0.12449761 30.008537 43.523262 -43.114033 0.40922788 0.0039308155 0.029284451 42.414707 0.99949974 0.13865156 0.0029352461 0.004606328 400.01376 23.348875 0.013755893 47.439049 44.018433 50.777859 0 0.52001494 0.047436237 345 20 0.86279827 0 20 0 0 7010.9468 6900 0.98417526 0.00038025065 -0.13118647 1.0510988 1.0486859 0.64227045 0.37944707 0 0 -0.021606293
0.072460011 331.50357 0.00021857988 0.014370793 29.397392 42.508469 -42.394188 0.11428279 0.00070141029 0.028821966 41.552135 0.99947935 0.13924389 0.00034584969 0.006975275 400.14206 21.55645 0.14204568 46.460499 43.465176 49.53812 0 0.51274002 0.041289192 345 20 0.86250287 0 20 0 0 6886.7251 6900 1.0019276 0.00035843885 -0.1236614 0.090592355 -0.25491786 -0.12730627 0.013216158 0 0 0.0046833665
-0.019429579 331.04855 -5.8691025e-05 0.18602166 33.328487 48.401207 -47.726189 0.67502081 0.0040821708 0.027808951 47.110123 0.99947762 0.12301079 0.0039486559 0.0059120571 381.96835 25.934912 0.48591554 51.905205 47.895664 55.863567 0 0.4888137 0.042076588 346.13254 20 0.90668166 0 20 0 0 7796.98 6922.6509 0.8878631 0.00055224996 -0.19115168 1.6894059 0.22166133 -0.0047321217 0.39837301 0 0 2.7621072e-05
-0.047931135 330.69348 -0.00014494128 0.19329005 32.948391 47.910793 -47.259201 0.65159315 0.0056273737 0.028102877 46.571507 0.99951273 0.12381984 0.004150393 0.0092598982 382.00095 28.498287 0.51851493 51.390125 46.498466 55.171814 0 0.4897429 0.04209337 345.80853 19.997498 0.90553159 0 20 1.2156137 1.6271722 7699.4722 6915.3145 0.89815438 0.00030484493 -0.10541797 0.54422307 -0.14607885 -0.18117142 0.20797405 -0.32402647 -0.00250282 0.0040110648
-0.084414348 330.56067 -0.00025536717 -0.0505904 29.689053 42.766651 -43.001537 -0.23488374 0.0020854094 0.029743847 41.963196 0.99951327 0.13487093 -0.0012055899 0.0079464586 381.1286 22.92482 -0.35384107 46.671379 43.245911 50.046608 0 0.49382806 0.047319569 345 20 0.90560573 0 20 0 0 6934.918 6900 0.9949649 0.00044131614 -0.15225406 -0.62453145 0.42038965 0.3320303 -0.034802787 0 0 -0.011017793
-0.018727932 331.57367 -5.6481967e-05 0.24722289 30.289982 46.751179 -49.271935 -2.5207546 0.0036050424 0.039914951 42.554371 0 0 0.0058095767 0.030728079 400.06998 22.060514 0.069977716 0 0 0 0 0 0 0 0 0 0 0 0 0 7049.5571 0 0 0 0 0 0 0 0 0 0 0
0.008391697 331.10757 2.5344321e-05 1.6865649 31.185263 53.859287 -46.417442 7.4418459 0.042287353 0.05125168 43.714584 0.99456966 0.1042326 0.038581289 0.030232435 417.01859 25.974232 5.3252778 43.451527 35.700394 49.811008 0 0.43901676 -0.054929294 345 20 0.82760751 0 20 0 0 7233.4082 6900 0.95390713 0.00037018306 -0.12771316 14.165762 -1.7215712 -2.2488766 3.3697484 0 0 0.064794645
-0.061202142 330.88901 -0.00018496276 0.17157701 19.023054 32.794125 -31.771395 1.0227312 0.038601764 0.031084897 26.513721 0.98670703 0.16354999 0.006471253 0.037294358 417.6174 22.46769 5.9240899 26.188196 23.100998 29.587723 0 0.41082147 -0.083548717 342.5 14.999989 0.8202787 0 15 7.8959478e-05 0.00015791896 4382.3159 5137.4961 1.1723244 0.00018296634 -0.062665969 1.9033308 -12.363064 -9.026885 -1.8322484 -1.0092382 -2.0184765 0.26949316
-0.039654437 330.60748 -0.00011994416 0.025615834 22.632334 37.951035 -37.585857 0.36517996 0.0080172829 0.042719729 31.689779 0.99095255 0.13497105 0.00080833107 0.019363267 412.02573 16.228622 0.33242154 30.811886 28.423346 33.296673 0 0.42379129 -0.064907558 342.5 15 0.83141536 0 15 0 0 5235.8125 5137.5 0.98122305 0.00018836927 -0.064516477 0.94709349 -0.10322941 -0.17350054 0.31056365 0 0 0.0068576839
-0.10478264 330.69592 -0.00031685494 -0.11654946 22.698992 38.648384 -38.225746 0.42263949 0.0042041498 0.042436115 31.766752 0.99025446 0.14076011 -0.0036689136 0.037714772 411.72824 15.947253 0.034939725 30.660959 28.467386 32.966389 0 0.4183934 -0.069813102 342.5 15 0.83200955 0 15 0 0 5247.9214 5137.5 0.97895902 0.00018053051 -0.061831702 0.034408476 -0.024017898 -0.02958137 -0.031078538 0 0 0.00094609353
0.046095144 331.33572 0.00013911913 0.0040575857 29.714945 44.44313 -44.624432 -0.18129912 0.00038307597 0.09712062 41.717743 0.99466419 0.21427889 9.7262833e-05 0.030100262 399.9848 22.962267 -0.015195612 48.970482 45.827312 52.256237 0 0.41918528 -0.052369021 345 20 0.86288381 0 20 0 0 6905.103 6900 0.99926102 0.00040699518 -0.14041333 0.0083320169 0.020483302 0.006787166 0.0008735517 0 0 0.00056079245
0.016858807 330.99274 5.0934068e-05 -0.8706091 30.844522 44.492916 -47.111374 -2.6184573 0.032285865 0.090965755 43.266445 0.99488127 0.20666061 -0.02012204 0.012939133 397.31726 22.937925 -2.6827295 50.057194 45.890945 54.946983 0 0.41268718 -0.054663572 345 20 0.86863148 0 20 0 0 7156.7749 6900 0.9641214 0.00035448506 -0.12229735 -2.678544 1.0313536 1.0989478 -0.87690806 0 0 -0.034910433
-0.043254212 330.6441 -0.00013081804 0.17821628 43.14465 63.55822 -63.041767 0.51645416 0.0036751977 0.066361614 60.803661 0.99751711 0.14144859 0.0029310121 0.015752768 400.86197 23.048153 0.86196601 67.832367 64.233093 71.476601 0 0.41694158 -0.05708082 345 20 0.86098814 0 20 0 0 10048.4 6900 0.68667644 0.00039825062 -0.13739647 1.8044579 -0.82831651 -0.76934081 0.17683797 0 0 0.011803552
-0.10660625 330.60861 -0.00032245455 -0.22736384 29.359993 43.544308 -44.456921 -0.9126153 0.0058712559 0.098467864 41.209038 0.99451095 0.21715242 -0.0055173291 0.029125735 399.64456 23.92635 -0.35544923 48.408894 45.00293 52.034184 0 0.41847953 -0.053540479 345 20 0.86360842 0 20 0 0 6806.5059 6900 1.013736 0.00039538374 -0.13640739 -1.9625682 -0.83630824 -0.34626043 -0.58173388 0 0 0.01184553
0.025146715 331.66959 7.5818578e-05 -0.0071237991 29.633747 44.341297 -44.482121 -0.1408217 0.00022775952 0.097348839 41.60252 0 0 -0.0001712348 0.030084135 400.02795 22.971882 0.027939776 0 0 0 0 0 0 0 0 0 0 0 0 0 6892.8921 0 0 0 0 0 0 0 0 0 0 0
0.071288615 331.12317 0.00021529336 0.0060630403 29.72101 44.480724 -44.507183 -0.026459144 0.00044349051 0.096890539 41.728798 0.99471796 0.21412441 0.00014529632 0.029998338 399.99164 22.941635 -0.0083549321 48.987789 45.843884 52.270271 0 0.41854268 -0.053515472 345 20 0.86287081 0 20 0 0 6902.7944 6900 0.99959517 0.0004090282 -0.14111473 0.0021069034 0.00050018338 -0.0032278849 0.0027588992 0 0 0.00070851418
-0.031731676 331.13773 -9.5826224e-05 0.73125303 12.508593 34.34996 -70.875473 -36.525509 0.85501307 1.9738599 3.981447 -0.16839515 2.4260576 0.18366516 -0.67305958 423.07245 9.6344585 23.072453 -38.225727 -54.353252 -20.02351 1 0.32533532 -0.17655662 350.02087 1.9239417 0.79550666 1 1.9202921 0.0035120086 0.62355065 516.38922 673.41974 1.3040934 -0.038466066 13.463925 -10.80101 -43.206615 7.9426646 -0.83163285 -0.023176782 -0.67380548 -0.14880751
-0.044179313 331.06714 -0.00013344518 -5.4842472 32.796585 104.85877 -60.953552 43.905224 0.11619969 0.47684708 36.18539 -0.39217356 0.74465364 -0.15155971 -0.10451208 351.72733 31.031363 -48.272663 -11.978351 -51.213074 19.09746 0.62 0.45495883 0.051051933 341.79163 13.583236 0.97332489 0 20 6.7962151 13.59243 5959.4907 4652.2739 0.78064954 0.0016189573 -0.55334604 -32.43803 73.456924 -10.146337 -3.2763605 -2.9781506 -5.9563012 -1.3739767
-0.13473259 330.64725 -0.00040748139 0.033673976 29.400713 44.166241 -43.841499 0.32474092 0.0029632864 0.097080559 41.275967 0.99458396 0.21728902 0.0008158253 0.029278679 400.68994 23.067343 0.68995148 48.644512 45.420753 52.039326 0 0.41987085 -0.053723603 345 20 0.86135018 0 20 0 0 6818.769 6900 1.0119128 0.00038942177 -0.13435051 0.70014995 -1.3380777 -0.97306025 -0.15231331 0 0 0.032994408
0.073427796 331.50113 0.00022150089 0.026742959 29.437689 42.626541 -42.416115 0.21042697 0.0015072554 0.028539071 41.609562 0.99948692 0.13798456 0.00064271188 0.0064482046 400.14819 21.53138 0.14820617 46.477028 43.475399 49.584778 0 0.51231676 0.040846244 345 20 0.86249065 0 20 0 0 6896.2451 6900 1.0005444 0.0003596645 -0.12408425 0.13835576 -0.18937333 -0.058286984 0.042041317 0 0 0.002354102
-0.015307188 331.11282 -4.6229521e-05 -0.0033146406 29.487558 42.626625 -42.587593 0.039028294 0.00073812611 0.028727792 41.679653 0.99948478 0.13856381 -7.9526588e-05 0.006984931 399.99234 21.516472 -0.0076446785 46.56208 43.571533 49.617252 0 0.51765656 0.04589694 345 20 0.86282814 0 20 0 0 6899.5542 6900 1.0000646 0.00036133936 -0.12466208 -0.0033207429 -0.023515631 -0.033838473 -0.017263809 0 0 0.0011752455
-0.03985817 330.74225 -0.00012051128 -0.078174874 29.371239 42.224358 -42.716507 -0.49214751 0.0034186603 0.028471854 41.515072 0.99936581 0.13975313 -0.001883048 0.0059855641 400.06595 30.327854 0.065954521 46.368984 42.299919 50.584915 0 0.51318747 0.040718917 345 20 0.86312848 0 20 0 0 6864.7095 6900 1.0051409 0.00089368143 -0.30832011 0.13347878 -0.53737754 -0.33208925 -0.18778235 0 0 0.011287786
-0.088801444 330.57602 -0.00026862638 -0.0012061623 29.547564 42.591488 -42.663773 -0.072286516 0.00054278679 0.028869338 41.764095 0.99949217 0.14003704 -2.8880364e-05 0.0060462626 400.01895 21.497915 0.018950416 46.736706 43.758911 49.783276 0 0.51935589 0.04673332 345 20 0.86276972 0 20 0 0 6902.4482 6900 0.99964529 0.00036009794 -0.12423379 0.00059571606 -0.044950411 -0.015883235 -0.011985466 0 0 0.00069753861
-0.080912434 330.81229 -0.00024458714 -0.035614368 29.572128 42.559135 -42.855705 -0.29656762 0.0011494301 0.029252535 41.798447 0.9995237 0.13945504 -0.00085205003 0.0066617504 400.02689 21.694523 0.026874298 46.763744 43.797127 49.820137 0 0.5142132 0.042112619 345 20 0.86275375 0 20 0 0 6913.1299 6900 0.9981007 0.00036140648 -0.12468524 0.025902167 0.011420179 0.053680029 -0.028880792 0 0 -0.00163835
-0.027870908 331.35046 -8.411309e-05 0.0008108053 29.711843 44.505871 -44.506912 -0.0010410716 0.00051236525 0.096884705 41.715 0.99469537 0.21417199 1.943678e-05 0.030340442 399.99661 22.943811 -0.0033974678 48.969059 45.829678 52.248451 0 0.41874844 -0.052939054 345 20 0.86285943 0 20 0 0 6905.3574 6900 0.99922419 0.00040822275 -0.14083685 0.011798143 -0.0014223066 -0.0031014406 -0.0032467805 0 0 -3.68152e-05
-0.033728287 330.90125 -0.00010192856 0.0044130636 29.753443 44.573936 -44.517765 0.056168981 0.00050306023 0.096747451 41.773415 0.994654 0.21434765 0.00010564287 0.030302836 399.99408 22.944975 -0.0059143598 49.036247 45.899048 52.316734 0 0.41965643 -0.052637223 345 20 0.86286372 0 20 0 0 6905.8091 6900 0.9991588 0.00040691055 -0.14038414 0.0051295226 0.001807218 0.0048142746 -0.0024270543 0 0 -0.00014417038
0.01614541 330.47617 4.8854989e-05 0.0029967704 29.788673 44.616737 -44.535568 0.081169456 0.00046360909 0.096695371 41.82354 0.99471909 0.2141179 7.1652721e-05 0.030019304 399.99442 22.920885 -0.0055793133 49.103943 45.96796 52.382595 0 0.4197073 -0.053372435 345 20 0.86286354 0 20 0 0 6905.4512 6900 0.9992106 0.00040756041 -0.14060834 0.007908172 0.0030181126 0.0016133601 -0.0017063195 0 0 0.00038168486
-0.080387555 330.53009 -0.00024320796 0.0028021021 29.778273 44.667278 -44.613602 0.053678356 0.00034738914 0.09685453 41.809402 0.99469608 0.2143978 6.7020861e-05 0.029455222 400.00934 22.905901 0.009332208 49.100048 45.968693 52.389023 0 0.4211365 -0.051806364 345 20 0.86283189 0 20 0 0 6904.561 6900 0.99933946 0.00040815503 -0.14081348 0.0083704451 -0.00479165 -0.0025016097 0.0065932269 0 0 0.0002428781
0.0016932067 331.90091 5.1015431e-06 -0.028595969 14.637568 21.436031 -21.474617 -0.038585339 0.00099900237 0.040669564 20.678579 0.99933749 0.24105577 -0.0013828789 0.019346789 399.98212 11.112239 -0.017884262 25.258314 23.715458 26.831186 0 0.50916409 0.038149517 350 10 0.87512195 1 10 0 0 3430.8481 3500 1.0201559 9.4634859e-05 -0.033122201 -0.016720477 0.031073017 0.037879549 -0.031277061 0 0 -0.0021272681
0.066194452 331.37161 0.00019975897 0.00040778684 14.61295 21.307701 -21.283768 0.023933772 0.00041910817 0.039647445 20.644999 0.99937403 0.23629265 1.9752331e-05 0.018062335 400.00357 10.975542 0.0035828126 25.122805 23.599554 26.676147 0 0.51411492 0.042237159 350 10 0.87507391 1 10 0 0 3419.9377 3500 1.0234104 9.3405433e-05 -0.032691903 -0.011073094 -0.026730651 -0.015971534 0.016975291 0 0 0.0016632726
0.045959234 330.97534 0.00013886001 0.0029460443 14.649028 21.444883 -21.366205 0.07867787 0.0012366648 0.039119866 20.696203 0.99940073 0.23620562 0.0001423471 0.017554957 399.97858 10.998423 -0.021430815 25.186501 23.646023 26.746651 0 0.51447344 0.041778006 350 10 0.87512958 1 10 0 0 3424.3989 3500 1.0220772 9.4482974e-05 -0.033069041 -0.02795971 0.024935082 0.0093754968 0.0042791008 0 0 -0.00054358202
-0.087318338 330.86194 -0.00026391173 0.0025361071 14.662824 21.451536 -21.398817 0.052719217 0.00096406799 0.039685391 20.715551 0.99933767 0.23954491 0.00012242528 0.01956602 400.01089 11.041412 0.010908967 25.276062 23.754925 26.850523 0 0.51512599 0.042435374 350 10 0.87505895 1 10 0 0 3426.2747 3500 1.0215176 9.4618634e-05 -0.033116523 0.030156901 0.020596253 0.022057731 0.028055541 0 0 -0.0020828652
-0.19929591 331.10818 -0.00060190575 -0.015394692 14.642497 21.376278 -21.348156 0.028121896 0.00083951076 0.040103484 20.686005 0.99937433 0.24233308 -0.00074420811 0.019912349 399.97015 10.993648 -0.029861219 25.300104 23.750448 26.876236 0 0.50624043 0.033699524 350 10 0.87514734 1 10 0 0 3423.8491 3500 1.0222414 9.3742521e-05 -0.032809883 -0.059489917 0.026646292 0.021622598 -0.012353167 0 0 -0.0017947234
0.0061430102 331.31604 1.8541239e-05 0.0033041413 29.724239 44.533329 -44.49868 0.034649625 0.00043055121 0.096756004 41.733059 0.99470985 0.21401316 7.9173231e-05 0.030167842 399.98953 22.942616 -0.010461835 48.987289 45.850567 52.26738 0 0.41853398 -0.052953396 345 20 0.86287522 0 20 0 0 6907.6904 6900 0.99888664 0.00040887692 -0.14106254 -0.0070643676 0.018231228 0.012395235 0.0024933359 0 0 -0.00033752812
-0.050076928 330.97485 -0.0001513013 -12.114013 30.434223 26.191916 -64.411263 -38.219345 0.64995784 0.085334085 32.851379 0.9861536 0.23949954 -0.368752 0.050744649 417.16318 253.79959 17.163179 26.399221 -10.294946 66.711395 0.23 0.35792395 -0.11909625 345 20 0.82846642 0 20 0 0 5426.9116 6900 1.2714415 0.0017556299 -0.60569233 32.967331 -40.389717 -12.151286 -6.0568829 0 0 0.54325098
0.080139555 330.4715 0.00024250065 -15.603277 37.448414 27.256937 -81.352982 -54.096043 0.53079176 0.053843558 42.459221 0.99872977 0.074280053 -0.36748853 0.039111223 399.87387 249.77246 -0.12613897 45.070744 2.2639675 93.831673 0 0.38675383 -0.0676843 345 20 0.86472189 0 20 0 0 7004.437 6900 0.98508984 0.0022599811 -0.77969348 0.53917319 0.5559842 -0.058597509 0.1597683 0 0 -0.0016041707
-0.14874563 330.75214 -0.00044971931 0.48276356 34.013386 51.386753 -50.123417 1.2633384 0.014371964 0.088734895 47.813843 0.99625021 0.18245772 0.010096732 0.033679068 396.13931 40.376083 -3.8606739 54.648952 47.802715 58.789734 0 0.43258059 -0.035452876 345 20 0.8716327 0 20 0 0 7899.3379 6900 0.87349093 0.00083478139 -0.28799957 2.1618767 13.119645 8.0217276 3.1830328 0 0 -0.28549394
-0.17017621 330.99683 -0.00051413249 -0.070345081 29.769611 44.492603 -44.652878 -0.16027418 0.0017878986 0.097195655 41.793709 0.99464893 0.21412 -0.00168315 0.0301065 399.70932 23.171928 -0.29069206 49.021294 45.637272 52.456661 0 0.4191066 -0.052710216 345 20 0.86348128 0 20 0 0 6911.2485 6900 0.99837244 0.0004101496 -0.14150161 -0.6262067 0.25716376 0.24224068 -0.076013401 0 0 -0.0083865449
-0.033622287 331.77542 -0.00010134051 -0.26435745 15.541018 28.284414 -26.368326 1.9160877 0.010850371 0.066306517 21.48031 0.97914451 0.20639007 -0.012306966 0.026072659 399.91043 11.525884 -0.089556903 20.442814 18.816149 22.105392 0 0.41540283 -0.055959519 350 10 0.87529075 1 10 0 0 3560.0842 3500 0.98312283 0.00010831296 -0.037909538 -0.11208598 0.16655737 0.08004117 -0.28660396 0 0 -0.0040416503
0.10163167 331.06848 0.0003069808 0.32915011 22.878716 34.556881 -39.548805 -4.9919252 0.11748384 0.068549 31.695873 0.98693222 0.16856454 0.010384636 0.010385934 413.94693 44.284592 -5.4568396 30.060345 21.921825 37.871422 0 0.42662877 -0.065573268 350 10 0.84616935 1 10 0 0 5243.2925 3500 0.66751951 0.00076916424 -0.26920748 -0.48988673 11.668952 8.4794121 1.6723036 0 0 -0.40590683
0.10602712 330.70743 0.00032060701 0.27573708 15.66828 22.706295 -29.446014 -6.7397189 0.22843947 0.052595519 21.019463 0.96624011 0.28726593 0.01311818 0.037243418 419.08151 32.759876 -0.32227111 19.430731 15.184223 25.930595 0 0.47259724 -0.024761684 350 10 0.83566612 1 10 0 0 3470.7502 3500 1.0084275 0.00060636131 -0.21222645 -1.5620252 -0.48919189 -0.2779783 0.010690309 0 0 0.021612497
-0.024664609 330.64273 -7.4595948e-05 0.31055963 15.621399 27.344635 -27.406786 -0.062150236 0.016736984 0.053115916 21.605181 0.97938031 0.20209549 0.014374313 0.014346031 420.2731 11.862131 0.86932814 21.273863 18.885735 23.416782 0 0.36086446 -0.13818605 350 10 0.83287048 1 10 0 0 3569.4028 3500 0.98055619 9.4515555e-05 -0.033080444 2.5712574 0.021859759 -0.46953014 0.67722052 0 0 0.031800617
-0.1886594 331.12909 -0.00056974578 0.12257747 15.792631 28.345343 -28.479181 -0.13383986 0.012425213 0.052490883 21.793028 0.9767732 0.21635848 0.0056246184 0.036634389 419.42587 11.162272 0.022079129 20.833817 19.237968 22.452831 0 0.33100075 -0.16615748 350 10 0.83454114 1 10 0 0 3602.8262 3500 0.97145963 8.042041e-05 -0.028147144 0.12357677 0.14853115 0.28413796 -0.046169631 0 0 -0.018821707
-0.039272323 331.26727 -0.00011855178 0.21061006 27.911497 45.591595 -43.711491 1.880103 0.0067325025 0.052526355 39.168865 0.99325925 0.1224189 0.0053769764 0.021153212 402.19925 20.880192 2.1992428 37.232788 33.942459 40.738567 0 0.4228467 -0.051867995 344.315 19.999975 0.85630161 0 20 0.0001708435 0.000341687 6484.9507 6886.2915 1.0618881 0.00025804562 -0.088848986 1.4169317 -3.7653196 -2.2867053 0.11394516 -0.37794375 -0.0024194827 0.078372724
-0.10346527 330.82709 -0.00031274729 -0.05178168 30.814657 48.159153 -51.047985 -2.8888295 0.011397538 0.048023749 43.281261 0.99414104 0.11221903 -0.0011963994 0.034904402 397.61771 23.78159 -2.3822942 41.186363 36.144123 45.651447 0 0.43200207 -0.037476782 345.00113 20.002237 0.86799371 0 20 0.015071698 0.030143395 7152.0972 6900.7944 0.96486306 0.00037258977 -0.12854388 -2.1062937 2.6720254 3.0533247 -0.010865491 0.59944099 0.0070324638 -0.10238086
0.0068851421 330.49872 2.0832584e-05 -0.14086783 29.692059 45.963539 -45.409405 0.55413216 0.0073047332 0.03321236 41.729248 0.99434721 0.10657202 -0.0033757575 0.036676165 399.94522 22.054529 -0.054787651 41.396152 38.349728 44.575397 0 0.42838961 -0.04488853 345 20 0.86294484 0 20 0 0 6889.4395 6900 1.0015329 0.0003787005 -0.13065167 -0.13473259 -0.022204958 -1.1113923 -0.055701055 0 0 0.035997547
-0.050362162 330.33569 -0.00015245752 -0.18654859 31.197821 49.361088 -48.121796 1.2392898 0.0032151353 0.056290142 43.849014 0.99485528 0.10833994 -0.0042543397 0.025091205 399.90439 22.28161 -0.095621243 41.514915 38.431702 44.660946 0 0.42206547 -0.051264063 345 20 0.86303061 0 20 0 0 7237.9053 6900 0.95331454 0.00037596957 -0.1297095 -0.074008994 0.20599312 0.95222008 -0.4261179 0 0 -0.029509073
